"county_geoid","industry_employment_share","location_quotient","industry_present","industry_comparative_advantage","industry_feasibility","industry_feasibility_percentile_score"
"01001",0,0,0,0,0.113300713026854,68.76
"01003",0,0,0,0,0.20829049005697,91.35
"01005",0,0,0,0,0.0546443124272206,21.76
"01007",0,0,0,0,0.0558425967797793,22.69
"01009",0,0,0,0,0.113570951684891,68.95
"01011",0,0,0,0,0.0534758858043752,20.62
"01013",0,0,0,0,0.0646730768206,32.96
"01015",0,0,0,0,0.138402831046419,78.21
"01017",0,0,0,0,0.08379840533727,50.33
"01019",0,0,0,0,0.0730851659018339,41.11
"01021",0,0,0,0,0.103518727059504,63.67
"01023",0,0,0,0,0.0412036780674526,8.46
"01025",0,0,0,0,0.0667322147136097,35.19
"01027",0,0,0,0,0.0370400507613058,6.01
"01029",0,0,0,0,0.0515815459929902,18.29
"01031",0,0,0,0,0.109605633242931,66.88
"01033",0,0,0,0,0.125449051385239,73.53
"01035",0,0,0,0,0.0510384866471913,17.94
"01037",0,0,0,0,0.0477858958887102,14.29
"01039",0,0,0,0,0.0882101104322683,53.8
"01041",0,0,0,0,0.0544257509526125,21.57
"01043",0,0,0,0,0.12984802144675,75.21
"01045",0,0,0,0,0.0728928883641767,40.92
"01047",0,0,0,0,0.0954837072826178,58.89
"01049",0,0,0,0,0.0939224909367938,57.94
"01051",0,0,0,0,0.108492437545008,66.31
"01053",0,0,0,0,0.0796694410200038,46.64
"01055",0,0,0,0,0.125169007293669,73.46
"01057",0,0,0,0,0.0591910262677954,26.85
"01059",0,0,0,0,0.0596975857458645,27.27
"01061",0,0,0,0,0.073638441392608,41.62
"01063",0,0,0,0,0.0432559203450649,10.21
"01065",0,0,0,0,0.0623345349182485,30.19
"01067",0,0,0,0,0.0706619179485272,38.94
"01069",0,0,0,0,0.172544181930369,86.32
"01071",0,0,0,0,0.0996060053427272,61.69
"01073",0,0,0,0,0.249920746336997,95.42
"01075",0,0,0,0,0.0574651530336918,24.53
"01077",0,0,0,0,0.14013022488484,78.65
"01079",0,0,0,0,0.0735595732643636,41.55
"01081",0,0,0,0,0.136744122203807,77.54
"01083",0,0,0,0,0.107987661186422,65.99
"01085",0,0,0,0,0.0426349765743236,9.67
"01087",0,0,0,0,0.0420840601638621,9.2
"01089",0,0,0,0,0.170481277652947,86.06
"01091",0,0,0,0,0.0707498437983473,39.04
"01093",0,0,0,0,0.0597717514212122,27.43
"01095",0,0,0,0,0.114782633278414,69.39
"01097",0,0,0,0,0.232761588435787,94.05
"01099",0,0,0,0,0.0692785289029316,37.73
"01101",0,0,0,0,0.179420505466123,87.5
"01103",0.000172045970683367,19.3745639946105,1,1,0.180911957453513,87.78
"01105",0,0,0,0,0.0446189592022831,11.52
"01107",0,0,0,0,0.053371866931834,20.46
"01109",0,0,0,0,0.0618085581634489,29.53
"01111",0,0,0,0,0.0698168508008288,38.34
"01113",0,0,0,0,0.0925249269640111,57.05
"01115",0,0,0,0,0.148640544765377,80.62
"01117",0,0,0,0,0.234529365195599,94.24
"01119",0,0,0,0,0.0525814585755054,19.41
"01121",0,0,0,0,0.0923605100509082,56.86
"01123",0,0,0,0,0.0772092164189598,44.64
"01125",0,0,0,0,0.134127938045592,76.74
"01127",0,0,0,0,0.104752311518183,64.46
"01129",0,0,0,0,0.0422274725054193,9.26
"01131",0,0,0,0,0.0663557587085504,34.74
"01133",0,0,0,0,0.0640284559230441,32.13
"02013",0,0,0,0,0.0248192226435884,0.86
"02016",0,0,0,0,0.0409491151225666,8.34
"02020",0,0,0,0,0.227990925639096,93.51
"02050",0,0,0,0,0.0491908279099524,15.88
"02060",0,0,0,0,0.0418049189680524,8.85
"02063",0,0,0,0,0.0921926490953078,56.76
"02066",0,0,0,0,0.0815041076904091,48.33
"02068",0,0,0,0,0.0448989242444232,11.93
"02070",0,0,0,0,0.0389085192211648,6.94
"02090",0.002124914623966,239.292406567782,1,1,0.152420988934069,81.51
"02100",0,0,0,0,0.0684024702606475,36.81
"02105",0,0,0,0,0.0536606330110743,20.84
"02110",0,0,0,0,0.128969551594157,74.83
"02122",0,0,0,0,0.153555674997933,81.86
"02130",0,0,0,0,0.0939660657217118,58.07
"02150",0,0,0,0,0.0861580514545793,52.27
"02158",0,0,0,0,0.0240890277752623,0.76
"02164",0,0,0,0,0.0302679386361138,2.58
"02170",0,0,0,0,0.15638893992986,82.6
"02180",0,0,0,0,0.0483680718553038,14.86
"02185",0,0,0,0,0.0463755394496599,13.2
"02188",0,0,0,0,0.0317786843092317,3.05
"02195",0,0,0,0,0.064418842392751,32.52
"02198",0,0,0,0,0.0528763511772878,19.79
"02220",0,0,0,0,0.106434868081679,65.32
"02230",0,0,0,0,0.0571580024240239,24.05
"02240",0.00169300225733634,190.653581990306,1,1,0.0970688703722164,60.13
"02275",0,0,0,0,0.0493043913676509,16.13
"02282",0,0,0,0,0.0500610842583766,17.02
"02290",0,0,0,0,0.0551524117234116,22.11
"04001",0,0,0,0,0.0491257076732144,15.75
"04003",0,0,0,0,0.125069566321092,73.43
"04005",0,0,0,0,0.152222205808108,81.48
"04007",0,0,0,0,0.0746880227651694,42.44
"04009",0,0,0,0,0.0785796043674508,45.94
"04011",0,0,0,0,0.0196559954731543,0.32
"04012",0,0,0,0,0.0534650311468888,20.59
"04013",3.93675988914084e-07,0.0443329222420139,1,0,0.354633681150999,99.59
"04015",0,0,0,0,0.176904351469205,87.02
"04017",0,0,0,0,0.11292386792688,68.47
"04019",2.2207121379684e-06,0.250080424782867,1,0,0.216771064779554,92.11
"04021",0,0,0,0,0.149846096781466,80.81
"04023",0,0,0,0,0.0989423217449565,61.34
"04025",0,0,0,0,0.191874384996203,89.37
"04027",0,0,0,0,0.120076705581444,71.43
"05001",0,0,0,0,0.0576150766842152,24.69
"05003",0,0,0,0,0.0622295188326632,30.07
"05005",0,0,0,0,0.11693223609636,70.38
"05007",0,0,0,0,0.181092433623735,87.81
"05009",0,0,0,0,0.119317566812655,71.05
"05011",0,0,0,0,0.0490590631078156,15.62
"05013",0,0,0,0,0.0231609668388643,0.67
"05015",0,0,0,0,0.0826763534179693,49.41
"05017",0,0,0,0,0.0494472227556138,16.26
"05019",0,0,0,0,0.0644978258862526,32.71
"05021",0,0,0,0,0.071389242756886,39.42
"05023",0,0,0,0,0.0899609355555433,55.01
"05025",0,0,0,0,0.0340025145275983,4.36
"05027",0,0,0,0,0.069945514997337,38.4
"05029",0,0,0,0,0.080411017145068,47.34
"05031",0,0,0,0,0.158312337989037,83.01
"05033",0,0,0,0,0.110996932759177,67.61
"05035",0,0,0,0,0.111878885147296,67.9
"05037",0,0,0,0,0.0546947640093308,21.83
"05039",0,0,0,0,0.0445874264139839,11.45
"05041",0,0,0,0,0.046057553390942,12.92
"05043",0,0,0,0,0.0688985820943005,37.26
"05045",0,0,0,0,0.163448536815373,84.31
"05047",0,0,0,0,0.0574245983319912,24.4
"05049",0,0,0,0,0.0586564895982439,25.99
"05051",0,0,0,0,0.177157848396967,87.11
"05053",0,0,0,0,0.068114265673114,36.59
"05055",0,0,0,0,0.0951029478695516,58.51
"05057",0,0,0,0,0.0643758292796817,32.39
"05059",0,0,0,0,0.0755637271053456,43.11
"05061",0,0,0,0,0.0528198348436105,19.73
"05063",0,0,0,0,0.0853505572917896,51.48
"05065",0,0,0,0,0.0676641630886844,36.3
"05067",0,0,0,0,0.0571015231678683,23.89
"05069",0,0,0,0,0.0986922869775789,61.18
"05071",0,0,0,0,0.0544921454037091,21.64
"05073",0,0,0,0,0.0456001732414477,12.54
"05075",0,0,0,0,0.0653191144487966,33.44
"05077",0,0,0,0,0.0400677410176639,7.64
"05079",0,0,0,0,0.0312749023652392,2.86
"05081",0,0,0,0,0.0425216040697853,9.55
"05083",0,0,0,0,0.0642297407559832,32.33
"05085",0,0,0,0,0.113946907228707,69.14
"05087",0,0,0,0,0.067893621888081,36.4
"05089",0,0,0,0,0.0654582700346683,33.6
"05091",0,0,0,0,0.101417335560687,62.58
"05093",0,0,0,0,0.0757579856289996,43.3
"05095",0,0,0,0,0.0509162614997535,17.82
"05097",0,0,0,0,0.0687297466879828,37.23
"05099",0,0,0,0,0.0405442419280133,7.99
"05101",0,0,0,0,0.0541999954787402,21.38
"05103",0,0,0,0,0.0738222831133478,41.68
"05105",0,0,0,0,0.0665568913536095,35
"05107",0,0,0,0,0.0666062677117778,35.03
"05109",0,0,0,0,0.0594980275192574,27.08
"05111",0,0,0,0,0.0489828811593429,15.49
"05113",0,0,0,0,0.0756213477961182,43.18
"05115",0,0,0,0,0.128367376123637,74.48
"05117",0,0,0,0,0.0390844870458598,7.1
"05119",0,0,0,0,0.232357622037104,93.89
"05121",0,0,0,0,0.0577261023245546,24.94
"05123",0,0,0,0,0.063345884929436,31.37
"05125",0,0,0,0,0.143658368292274,79.61
"05127",0,0,0,0,0.0342110132752889,4.49
"05129",0,0,0,0,0.0662703639035199,34.58
"05131",0,0,0,0,0.184515103071922,88.42
"05133",0,0,0,0,0.0508573243492409,17.72
"05135",0,0,0,0,0.0829762586338542,49.57
"05137",0,0,0,0,0.0741071117399481,41.87
"05139",0,0,0,0,0.109678978198337,66.97
"05141",0,0,0,0,0.0750803936811838,42.76
"05143",0,0,0,0,0.196479763182801,90.14
"05145",0,0,0,0,0.12295649038725,72.54
"05147",0,0,0,0,0.0309507030891786,2.77
"05149",0,0,0,0,0.0623699291931056,30.29
"06001",0,0,0,0,0.341877364072054,99.27
"06003",0,0,0,0,0.0864633122252321,52.66
"06005",0,0,0,0,0.110708207113833,67.42
"06007",0,0,0,0,0.185761457092305,88.64
"06009",0,0,0,0,0.133559922652346,76.42
"06011",0,0,0,0,0.0524055525441994,19.25
"06013",0,0,0,0,0.285355781796896,97.58
"06015",0,0,0,0,0.0718101488747178,39.83
"06017",0,0,0,0,0.187002825708979,88.8
"06019",0,0,0,0,0.192194759365661,89.41
"06021",0,0,0,0,0.0780673481912558,45.56
"06023",0,0,0,0,0.138168751136569,77.98
"06025",0,0,0,0,0.101751333594435,62.87
"06027",0,0,0,0,0.0822876384876202,49
"06029",0,0,0,0,0.148901649860183,80.69
"06031",0,0,0,0,0.0617555625725316,29.46
"06033",0,0,0,0,0.0891242117846562,54.37
"06035",0,0,0,0,0.0590464633535468,26.6
"06037",7.42331006918715e-06,0.835959106836599,1,0,0.392724156838927,99.87
"06039",0,0,0,0,0.108454401693966,66.27
"06041",0,0,0,0,0.259335535133809,96.09
"06043",0,0,0,0,0.0749033315189868,42.67
"06045",0,0,0,0,0.133305050811081,76.36
"06047",0,0,0,0,0.103291003032686,63.54
"06049",0,0,0,0,0.0590118929288949,26.5
"06051",0,0,0,0,0.076237525528986,43.72
"06053",0,0,0,0,0.107534579847571,65.83
"06055",0,0,0,0,0.138352430579758,78.17
"06057",0,0,0,0,0.21019062296758,91.44
"06059",3.77465931003542e-06,0.425074635980439,1,0,0.406949227266534,99.94
"06061",0,0,0,0,0.222783510352385,92.87
"06063",0,0,0,0,0.0861983598476632,52.34
"06065",0,0,0,0,0.24948141450869,95.39
"06067",3.34630957825345e-05,3.7683700938843,1,1,0.264528089566568,96.56
"06069",0,0,0,0,0.121541098072522,72
"06071",0,0,0,0,0.311435946360279,98.41
"06073",7.16802794869236e-06,0.807211093962128,1,0,0.328294795147759,98.89
"06075",0,0,0,0,0.256875215799445,95.93
"06077",0,0,0,0,0.204922757074488,90.9
"06079",2.84317070396907e-05,3.20177174349693,1,1,0.236046136388486,94.46
"06081",0,0,0,0,0.234653630003409,94.27
"06083",0,0,0,0,0.211357499328896,91.63
"06085",0,0,0,0,0.202358554940876,90.61
"06087",0,0,0,0,0.224503952295329,93.03
"06089",0,0,0,0,0.192342163964934,89.44
"06091",0,0,0,0,0.095375295956219,58.8
"06093",0,0,0,0,0.0913861661162248,56.25
"06095",4.15188792275116e-05,4.67555374521594,1,1,0.266534875534179,96.69
"06097",0,0,0,0,0.261430719264122,96.34
"06099",0,0,0,0,0.205915633257995,91.03
"06101",0,0,0,0,0.138217691864569,78.05
"06103",0,0,0,0,0.0884300110427828,53.99
"06105",0,0,0,0,0.0800001270147637,46.93
"06107",0,0,0,0,0.136499716327041,77.47
"06109",0,0,0,0,0.119646686789937,71.17
"06111",1.5542149012944e-05,1.75024360912957,1,1,0.334479313221257,99.14
"06113",0,0,0,0,0.160471018169945,83.58
"06115",0,0,0,0,0.0799083298503155,46.87
"08001",0,0,0,0,0.245032209986216,95.07
"08003",0,0,0,0,0.0845793178487074,50.91
"08005",0,0,0,0,0.278168906537635,97.33
"08007",0,0,0,0,0.120872227499781,71.81
"08009",0,0,0,0,0.0483251236445157,14.76
"08011",0,0,0,0,0.0375270039787365,6.27
"08013",0,0,0,0,0.282048870679695,97.42
"08014",0,0,0,0,0.19462005272762,89.88
"08015",0,0,0,0,0.127601814701699,74.2
"08017",0,0,0,0,0.0549807104219585,21.99
"08019",0,0,0,0,0.0924895582360898,56.95
"08021",0,0,0,0,0.0585357479423939,25.84
"08023",0,0,0,0,0.0478961258330575,14.41
"08025",0,0,0,0,0.0193766749205,0.29
"08027",0,0,0,0,0.0844818615317583,50.84
"08029",0,0,0,0,0.135104885493727,77.06
"08031",0,0,0,0,0.334129130584458,99.11
"08033",0,0,0,0,0.0908958358133537,55.74
"08035",0,0,0,0,0.23246311721546,93.92
"08037",0,0,0,0,0.142628739106265,79.38
"08039",0,0,0,0,0.140592774782833,78.78
"08041",0,0,0,0,0.21404177074959,91.92
"08043",0,0,0,0,0.10724279330878,65.64
"08045",0,0,0,0,0.156880849859861,82.69
"08047",0,0,0,0,0.038791966093122,6.9
"08049",0,0,0,0,0.0981284636664711,60.93
"08051",0,0,0,0,0.125883641487953,73.59
"08053",0,0,0,0,0.0531383641276509,20.2
"08055",0,0,0,0,0.0482293824955594,14.67
"08057",0,0,0,0,0.0629974638484995,30.99
"08059",0,0,0,0,0.272174020955925,97.01
"08061",0,0,0,0,0.0502357243858188,17.31
"08063",0,0,0,0,0.0572387134940144,24.12
"08065",0,0,0,0,0.0648270861541513,33.22
"08067",0,0,0,0,0.185724098185827,88.61
"08069",0,0,0,0,0.235689250323477,94.4
"08071",0,0,0,0,0.0734621009578776,41.46
"08073",0,0,0,0,0.0477228197426773,14.22
"08075",0,0,0,0,0.0747450301078873,42.54
"08077",0,0,0,0,0.216627712869949,92.08
"08079",0,0,0,0,0.0402738673396728,7.73
"08081",0,0,0,0,0.0781503339561558,45.66
"08083",0,0,0,0,0.121280325807605,71.87
"08085",0,0,0,0,0.167424950494423,85.36
"08087",0,0,0,0,0.0663773436592926,34.78
"08089",0,0,0,0,0.0727449465949276,40.73
"08091",0,0,0,0,0.108419943553374,66.24
"08093",0,0,0,0,0.128245777969478,74.39
"08095",0,0,0,0,0.0383297322449256,6.62
"08097",0,0,0,0,0.12031206707204,71.59
"08099",0,0,0,0,0.0524044686386265,19.22
"08101",0,0,0,0,0.160637345174073,83.65
"08103",0,0,0,0,0.0442969970474989,11.17
"08105",0,0,0,0,0.0597213251659512,27.33
"08107",0,0,0,0,0.167788746543287,85.46
"08109",0,0,0,0,0.0496162164795521,16.58
"08111",0,0,0,0,0.0737102305496157,41.65
"08113",0,0,0,0,0.107718445905052,65.86
"08115",0,0,0,0,0.0502301337032297,17.28
"08117",0,0,0,0,0.117437523253763,70.47
"08119",0,0,0,0,0.110716843211338,67.45
"08121",0,0,0,0,0.0573237456487263,24.28
"08123",0,0,0,0,0.196956315221728,90.2
"08125",0,0,0,0,0.0536544091859958,20.81
"09110",5.78569775514927e-05,6.51543136787051,1,1,0.28345320961101,97.49
"09120",0,0,0,0,0.247443019177439,95.26
"09130",0,0,0,0,0.201279181256241,90.52
"09140",5.25505404823089e-06,0.591785907848812,1,0,0.266224752669926,96.63
"09150",0,0,0,0,0.174252832136459,86.57
"09160",0,0,0,0,0.186523369487889,88.74
"09170",0,0,0,0,0.245223142370531,95.1
"09180",0,0,0,0,0.163622911472818,84.35
"09190",2.94530856525184e-06,0.331679196290896,1,0,0.297886026380072,98.15
"10001",0,0,0,0,0.152686503154518,81.61
"10003",0,0,0,0,0.226502833154048,93.35
"10005",0,0,0,0,0.171559111054531,86.26
"11001",0,0,0,0,0.14031999857214,78.71
"12001",0,0,0,0,0.145915499151602,80.11
"12003",0,0,0,0,0.0639690311580752,32.07
"12005",0,0,0,0,0.203088079143232,90.71
"12007",0,0,0,0,0.0782512702168036,45.72
"12009",0,0,0,0,0.235805011303714,94.43
"12011",7.12113042859032e-06,0.801929836860922,1,0,0.381841446750851,99.75
"12013",0,0,0,0,0.0490341352409428,15.59
"12015",0,0,0,0,0.188607966196626,88.99
"12017",0,0,0,0,0.153502989491981,81.83
"12019",0,0,0,0,0.193567607054167,89.69
"12021",0,0,0,0,0.234058037342713,94.18
"12023",0,0,0,0,0.126903576186771,74.01
"12027",0,0,0,0,0.0850017641803407,51.22
"12029",0,0,0,0,0.0602464778764553,28.09
"12031",2.06557403096772e-05,2.32609901235302,1,1,0.345805453867094,99.4
"12033",0,0,0,0,0.208154411497468,91.31
"12035",0,0,0,0,0.176792641482389,86.99
"12037",0,0,0,0,0.0926134062579191,57.17
"12039",0,0,0,0,0.0653458676922401,33.5
"12041",0,0,0,0,0.0579592588599364,25.1
"12043",0,0,0,0,0.0677868602132298,36.33
"12045",0,0,0,0,0.0955008074960299,58.96
"12047",0,0,0,0,0.0523174599248239,19.19
"12049",0,0,0,0,0.0697051198833473,38.24
"12051",0,0,0,0,0.0934812965946916,57.75
"12053",1.74825174825175e-05,1.96875377206773,1,1,0.200563981066471,90.45
"12055",0,0,0,0,0.144949026824886,79.89
"12057",2.28944280685688e-05,2.57820372062557,1,1,0.385888998044482,99.81
"12059",0,0,0,0,0.0668702244893824,35.41
"12061",0,0,0,0,0.206556458132674,91.12
"12063",0,0,0,0,0.0855008295131516,51.61
"12065",0,0,0,0,0.0727594816126466,40.76
"12067",0,0,0,0,0.0395441016512162,7.51
"12069",0,0,0,0,0.217775062940969,92.27
"12071",6.57446477879914e-05,7.40368333423989,1,1,0.269023708939402,96.79
"12073",0,0,0,0,0.198606053936368,90.39
"12075",0,0,0,0,0.116412599538248,70.25
"12077",0,0,0,0,0.0292751617024054,2.2
"12079",0,0,0,0,0.0591865332430304,26.82
"12081",0,0,0,0,0.253037760681593,95.67
"12083",7.45339763131023e-06,0.839347348917945,1,0,0.219583196823086,92.43
"12085",0,0,0,0,0.223474807903306,92.97
"12086",1.33441153785592e-06,0.150271707222468,1,0,0.384250743833857,99.78
"12087",0,0,0,0,0.164015499458038,84.41
"12089",0,0,0,0,0.169892273589614,85.97
"12091",8.321613727334e-06,0.937119521359701,1,0,0.161641154530189,83.81
"12093",0,0,0,0,0.0980960018334291,60.9
"12095",4.71977537722082e-05,5.31506723016748,1,1,0.311943239012009,98.44
"12097",0,0,0,0,0.198119656388515,90.33
"12099",2.60425144047658e-05,2.93271827239881,1,1,0.343448930001291,99.3
"12101",0,0,0,0,0.227732210536333,93.48
"12103",2.03541624262162e-06,0.229213750788264,1,0,0.35581303440089,99.62
"12105",0,0,0,0,0.228914236284416,93.64
"12107",0,0,0,0,0.112035571496764,67.96
"12109",0,0,0,0,0.230445722020605,93.73
"12111",0,0,0,0,0.207614023872981,91.19
"12113",0,0,0,0,0.183516792263611,88.32
"12115",4.74365299229631e-06,0.534195646096324,1,0,0.258838087644967,96.02
"12117",4.20746151224582e-06,0.473813667359245,1,0,0.292260135339222,97.87
"12119",0,0,0,0,0.126722312617025,73.94
"12121",0,0,0,0,0.0809114668308046,47.82
"12123",0,0,0,0,0.0721905332422408,40.15
"12125",0,0,0,0,0.0363984050173023,5.73
"12127",4.72371019093237e-06,0.531949833074823,1,0,0.248490906639555,95.29
"12129",0,0,0,0,0.106696059719466,65.45
"12131",0,0,0,0,0.183943524739284,88.39
"12133",0,0,0,0,0.0699274967189143,38.37
"13001",0,0,0,0,0.0647668318032556,33.09
"13003",0,0,0,0,0.0515026562642296,18.17
"13005",0,0,0,0,0.057679641031036,24.82
"13007",0,0,0,0,0.0628488394791611,30.89
"13009",0,0,0,0,0.0905937510421628,55.52
"13011",0,0,0,0,0.0671783440283911,35.86
"13013",0,0,0,0,0.149410274232786,80.75
"13015",0,0,0,0,0.160384026988979,83.55
"13017",0,0,0,0,0.0600691095722012,27.9
"13019",0,0,0,0,0.0612028328992293,28.89
"13021",0,0,0,0,0.178977753812703,87.43
"13023",0,0,0,0,0.0582862902346271,25.49
"13025",0,0,0,0,0.0492710381605909,16.04
"13027",0,0,0,0,0.0539568411028459,21.03
"13029",0,0,0,0,0.109097702526789,66.62
"13031",0,0,0,0,0.132648603187848,76.14
"13033",0,0,0,0,0.0618631764595504,29.62
"13035",0,0,0,0,0.057976831928049,25.2
"13037",0,0,0,0,0.0314103442632714,2.9
"13039",0,0,0,0,0.0854279341955939,51.51
"13043",0,0,0,0,0.0700397158095851,38.5
"13045",0,0,0,0,0.13118445738495,75.79
"13047",0,0,0,0,0.121481967442221,71.97
"13049",0,0,0,0,0.0542640455020758,21.48
"13051",0,0,0,0,0.210399390879147,91.47
"13053",0,0,0,0,0.0233998899172006,0.7
"13055",0,0,0,0,0.0505360499436109,17.47
"13057",0,0,0,0,0.215320902617043,92.01
"13059",0,0,0,0,0.13435889885777,76.84
"13061",0,0,0,0,0.0429118148162817,9.99
"13063",0,0,0,0,0.156742113229415,82.66
"13065",0,0,0,0,0.062812188756951,30.77
"13067",0,0,0,0,0.29861159018014,98.19
"13069",0,0,0,0,0.0825335029513232,49.28
"13071",0,0,0,0,0.0745013779428386,42.32
"13073",0,0,0,0,0.165073111762038,84.7
"13075",0,0,0,0,0.0653391555000347,33.47
"13077",0,0,0,0,0.168566159283454,85.65
"13079",0,0,0,0,0.0456873768529492,12.63
"13081",0,0,0,0,0.0742195382800018,42
"13083",0,0,0,0,0.0616639848534924,29.4
"13085",0,0,0,0,0.108168092709,66.08
"13087",0,0,0,0,0.0765038590540058,43.88
"13089",0,0,0,0,0.254503605645663,95.8
"13091",0,0,0,0,0.0601485367260256,28.03
"13093",0,0,0,0,0.0435787665871248,10.56
"13095",0,0,0,0,0.13984188810238,78.56
"13097",0,0,0,0,0.164423140233288,84.51
"13099",0,0,0,0,0.0487277652956866,15.21
"13101",0,0,0,0,0.0408997815042831,8.3
"13103",0,0,0,0,0.09804051547283,60.83
"13105",0,0,0,0,0.0683998675161122,36.78
"13107",0,0,0,0,0.0656242858248212,33.88
"13109",0,0,0,0,0.0473861146204208,13.9
"13111",0,0,0,0,0.103555058947701,63.73
"13113",0,0,0,0,0.205763544473663,91
"13115",0,0,0,0,0.123047714337842,72.61
"13117",0,0,0,0,0.240327241613207,94.78
"13119",0,0,0,0,0.0851856319164957,51.35
"13121",2.91769474883025e-06,0.3285695294311,1,0,0.320538955190739,98.76
"13123",0,0,0,0,0.101633529668896,62.77
"13125",0,0,0,0,0.0414376569672792,8.69
"13127",0,0,0,0,0.15402480964159,82.15
"13129",0,0,0,0,0.0833135303603925,49.86
"13131",0,0,0,0,0.0667346675037115,35.22
"13133",0,0,0,0,0.0888561300726554,54.18
"13135",0,0,0,0,0.36165362980146,99.65
"13137",0,0,0,0,0.0825752598494463,49.35
"13139",0,0,0,0,0.178357802618436,87.31
"13141",0,0,0,0,0.0671608643103544,35.79
"13143",0,0,0,0,0.0814348835802843,48.17
"13145",0,0,0,0,0.0791040242108298,46.23
"13147",0,0,0,0,0.0672127406176216,35.95
"13149",0,0,0,0,0.0573665441758136,24.34
"13151",0,0,0,0,0.145501218110082,79.99
"13153",0,0,0,0,0.096387045476494,59.59
"13155",0,0,0,0,0.0426505799110016,9.7
"13157",0,0,0,0,0.104198468944795,64.14
"13159",0,0,0,0,0.0797731980147051,46.74
"13161",0,0,0,0,0.0592746551109087,26.92
"13163",0,0,0,0,0.0599733264278607,27.78
"13165",0,0,0,0,0.0440401864152322,11.04
"13167",0,0,0,0,0.0529372053841118,19.89
"13169",0,0,0,0,0.0726686315597179,40.53
"13171",0,0,0,0,0.0601125674554883,27.94
"13173",0,0,0,0,0.0461725693494042,12.98
"13175",0,0,0,0,0.101942874463736,63.03
"13177",0,0,0,0,0.0888585481359693,54.22
"13179",0,0,0,0,0.0470086650556914,13.65
"13181",0,0,0,0,0.0654703131025283,33.66
"13183",0,0,0,0,0.070522117343917,38.85
"13185",0,0,0,0,0.145039047045223,79.92
"13187",0,0,0,0,0.105959830434937,65.07
"13189",0,0,0,0,0.0773171035731839,44.73
"13191",0,0,0,0,0.0657667104603996,33.98
"13193",0,0,0,0,0.0487516891638303,15.3
"13195",0,0,0,0,0.0827728815997512,49.48
"13197",0,0,0,0,0.0360604842015837,5.47
"13199",0,0,0,0,0.0656014833578095,33.82
"13201",0,0,0,0,0.0336124402993679,4.04
"13205",0,0,0,0,0.052802379220367,19.69
"13207",0,0,0,0,0.0743826766517529,42.19
"13209",0,0,0,0,0.0522593477608948,19.06
"13211",0,0,0,0,0.0882185540284754,53.83
"13213",0,0,0,0,0.0644503260765658,32.58
"13215",0,0,0,0,0.162144927889071,83.93
"13217",0,0,0,0,0.150291224497827,80.91
"13219",0,0,0,0,0.140790971960587,78.87
"13221",0,0,0,0,0.0587542841873632,26.19
"13223",0,0,0,0,0.174377888310597,86.64
"13225",0,0,0,0,0.0701197603372353,38.56
"13227",0,0,0,0,0.11314011711851,68.69
"13229",0,0,0,0,0.068085555178491,36.53
"13231",0,0,0,0,0.0808159361806329,47.66
"13233",0,0,0,0,0.082190358892712,48.97
"13235",0,0,0,0,0.0495367042830883,16.42
"13237",0,0,0,0,0.0837935533905243,50.3
"13239",0,0,0,0,0.0356393662590031,5.28
"13241",0,0,0,0,0.0787203192510159,46.07
"13243",0,0,0,0,0.0462618954307617,13.04
"13245",0,0,0,0,0.160084811750587,83.49
"13247",0,0,0,0,0.168195067442388,85.56
"13249",0,0,0,0,0.0564271490790283,23.26
"13251",0,0,0,0,0.0580660191627525,25.33
"13253",0,0,0,0,0.0366835913837444,5.82
"13255",0,0,0,0,0.115242375407662,69.68
"13257",0,0,0,0,0.082046472200346,48.87
"13259",0,0,0,0,0.0188010935048073,0.22
"13261",0,0,0,0,0.0845909955133021,50.94
"13263",0,0,0,0,0.0407400689699215,8.18
"13265",0,0,0,0,0.0191256718010742,0.25
"13267",0,0,0,0,0.049745927339554,16.74
"13269",0,0,0,0,0.0574603928175771,24.44
"13271",0,0,0,0,0.0501047662465167,17.09
"13273",0,0,0,0,0.0522583033268701,19.03
"13275",0,0,0,0,0.133059618544452,76.3
"13277",0,0,0,0,0.10378576771782,63.95
"13279",0,0,0,0,0.0793878505959803,46.45
"13281",0,0,0,0,0.0692507593626124,37.67
"13283",0,0,0,0,0.058393762217828,25.68
"13285",0,0,0,0,0.0916575158402708,56.41
"13287",0,0,0,0,0.0614077477472337,29.14
"13289",0,0,0,0,0.044628007104673,11.55
"13291",0,0,0,0,0.0966432076336206,59.72
"13293",0,0,0,0,0.0715123712729728,39.61
"13295",0,0,0,0,0.0802141676973374,47.15
"13297",0,0,0,0,0.149514567795838,80.78
"13299",0,0,0,0,0.082462135528086,49.19
"13301",0,0,0,0,0.0770837473514404,44.42
"13303",0,0,0,0,0.0629848563631364,30.96
"13305",0,0,0,0,0.074774256942,42.6
"13307",0,0,0,0,0.0693878065645819,37.86
"13309",0,0,0,0,0.0711256546288742,39.23
"13311",0,0,0,0,0.103297503618337,63.57
"13313",0,0,0,0,0.124324638381371,73.11
"13315",0,0,0,0,0.0447523582015619,11.71
"13317",0,0,0,0,0.0493445483913918,16.19
"13319",0,0,0,0,0.039467447037919,7.48
"13321",0,0,0,0,0.0696393045831102,38.08
"15001",0,0,0,0,0.183172174642542,88.2
"15003",0,0,0,0,0.231247012707206,93.8
"15007",0,0,0,0,0.153032709153769,81.77
"15009",0,0,0,0,0.197247305196129,90.23
"16001",0,0,0,0,0.319491609265612,98.66
"16003",0,0,0,0,0.0781196072388214,45.63
"16005",0,0,0,0,0.174704298611414,86.67
"16007",0,0,0,0,0.0768165925217658,44.23
"16009",0,0,0,0,0.066696374203835,35.16
"16011",0,0,0,0,0.117035510982491,70.41
"16013",0,0,0,0,0.170582077361723,86.1
"16015",0,0,0,0,0.0869447768055399,53.01
"16017",0,0,0,0,0.175420664986485,86.83
"16019",0,0,0,0,0.240407001083073,94.81
"16021",0,0,0,0,0.0858737804424311,52.02
"16023",0,0,0,0,0.0149760347795616,0.1
"16025",0,0,0,0,0.0696425631314633,38.12
"16027",0,0,0,0,0.211236944986309,91.57
"16029",0,0,0,0,0.0545463689952894,21.7
"16031",0,0,0,0,0.0902300707938802,55.27
"16033",0,0,0,0,0.0449886916980259,11.99
"16035",0,0,0,0,0.0693102370364104,37.77
"16037",0,0,0,0,0.0691532284607911,37.45
"16039",0,0,0,0,0.0635289788132957,31.43
"16041",0,0,0,0,0.0914117933666779,56.28
"16043",0,0,0,0,0.0815895462364023,48.39
"16045",0,0,0,0,0.119180572123166,71.01
"16047",0,0,0,0,0.0525047397486058,19.28
"16049",0,0,0,0,0.0964695313864032,59.62
"16051",0,0,0,0,0.109544264119707,66.82
"16053",0,0,0,0,0.074376132829108,42.16
"16055",0,0,0,0,0.252373689385479,95.61
"16057",0,0,0,0,0.118942212971181,70.92
"16059",0,0,0,0,0.0930906247451926,57.56
"16061",0,0,0,0,0.0482747279605573,14.7
"16063",0,0,0,0,0.0537340186487224,20.9
"16065",0,0,0,0,0.106655123350731,65.42
"16067",0,0,0,0,0.0763545115797962,43.78
"16069",0,0,0,0,0.124041162367124,73.02
"16071",0,0,0,0,0.0602562181782499,28.13
"16073",0,0,0,0,0.0621136039863908,29.94
"16075",0,0,0,0,0.100591035130749,62.11
"16077",0,0,0,0,0.0344862687445451,4.71
"16079",0,0,0,0,0.0842461547830096,50.59
"16081",0,0,0,0,0.131909168728054,76.04
"16083",0,0,0,0,0.181194260502128,87.85
"16085",0,0,0,0,0.115484150041942,69.81
"16087",0,0,0,0,0.0858346349208977,51.92
"17001",0,0,0,0,0.15393032130272,82.09
"17003",0,0,0,0,0.0334424997760121,3.95
"17005",0,0,0,0,0.068206029488665,36.68
"17007",0,0,0,0,0.10156720586132,62.68
"17009",0,0,0,0,0.0362090844878435,5.6
"17011",0,0,0,0,0.0875895779619443,53.48
"17013",0,0,0,0,0.0630590710207178,31.08
"17015",0,0,0,0,0.0646321319107507,32.87
"17017",0,0,0,0,0.04973507346717,16.67
"17019",0,0,0,0,0.134191507055627,76.77
"17021",0,0,0,0,0.0800340717694737,46.99
"17023",0,0,0,0,0.0603498142575024,28.16
"17025",0,0,0,0,0.0576903590597054,24.85
"17027",0,0,0,0,0.0870475698225125,53.1
"17029",0,0,0,0,0.0877894369292027,53.58
"17031",3.88473908503093e-06,0.437471018393185,1,0,0.420731721447542,99.97
"17033",0,0,0,0,0.074447972030249,42.25
"17035",0,0,0,0,0.0458531295723982,12.82
"17037",0,0,0,0,0.135379086516713,77.22
"17039",0,0,0,0,0.0523077882771194,19.15
"17041",0,0,0,0,0.0894809607375587,54.63
"17043",1.49657583449069e-06,0.168533469066187,1,0,0.394310276308149,99.9
"17045",0,0,0,0,0.0364867382252365,5.79
"17047",0,0,0,0,0.0530422123611844,20.01
"17049",0,0,0,0,0.122186435579028,72.22
"17051",0,0,0,0,0.0905706314634139,55.46
"17053",0,0,0,0,0.0549436358204264,21.92
"17055",0,0,0,0,0.0952998138318639,58.77
"17057",0,0,0,0,0.0755854960574911,43.14
"17059",0,0,0,0,0.0462699808810875,13.08
"17061",0,0,0,0,0.0380832018378572,6.55
"17063",0,0,0,0,0.0926891560442879,57.3
"17065",0,0,0,0,0.0573622807381078,24.31
"17067",0,0,0,0,0.0648703238632394,33.28
"17069",0,0,0,0,0.0322424454990932,3.28
"17071",0,0,0,0,0.0525296627176564,19.34
"17073",0,0,0,0,0.0852606631059811,51.42
"17075",0,0,0,0,0.0685833584773614,37
"17077",0,0,0,0,0.0950328526300995,58.48
"17079",0,0,0,0,0.0526122648369765,19.44
"17081",0,0,0,0,0.0839039510964531,50.37
"17083",0,0,0,0,0.0670233345670557,35.73
"17085",0.000470366886171214,52.9692924563847,1,1,0.151502197548241,81.29
"17087",0,0,0,0,0.040968197715493,8.37
"17089",0,0,0,0,0.316138401339803,98.54
"17091",0,0,0,0,0.144418856370497,79.73
"17093",0,0,0,0,0.158655239750915,83.17
"17095",0,0,0,0,0.0872809361761318,53.23
"17097",0,0,0,0,0.248889715626747,95.35
"17099",0,0,0,0,0.15059322480683,81.04
"17101",0,0,0,0,0.0438937415131028,10.88
"17103",0,0,0,0,0.0940472275715037,58.1
"17105",0,0,0,0,0.0786609977741221,46.04
"17107",0,0,0,0,0.0598672533570372,27.62
"17109",0,0,0,0,0.0587751542821294,26.25
"17111",0,0,0,0,0.238255549522246,94.53
"17113",3.08565786225623e-05,3.47484311781887,1,1,0.147567951661138,80.46
"17115",0,0,0,0,0.129907630771367,75.25
"17117",0,0,0,0,0.0725896830485252,40.44
"17119",0,0,0,0,0.181860410511243,87.94
"17121",0,0,0,0,0.0862833789860838,52.4
"17123",0,0,0,0,0.0450995630434325,12.09
"17125",0,0,0,0,0.0522874151686418,19.09
"17127",0,0,0,0,0.0612209851610507,28.92
"17129",0,0,0,0,0.0641466587381943,32.29
"17131",0,0,0,0,0.0582131664473609,25.42
"17133",0,0,0,0,0.11012401718536,67.13
"17135",0,0,0,0,0.0710681318551047,39.13
"17137",0,0,0,0,0.0860749949331595,52.15
"17139",0,0,0,0,0.0675500558024785,36.21
"17141",0,0,0,0,0.0987702382208172,61.25
"17143",0,0,0,0,0.160254533784716,83.52
"17145",0,0,0,0,0.0613003155520753,29.05
"17147",0,0,0,0,0.0716354759157978,39.68
"17149",0,0,0,0,0.0694061535141069,37.93
"17151",0,0,0,0,0.048953978395558,15.46
"17153",0,0,0,0,0.0288105062730238,2.04
"17155",0,0,0,0,0.0644930073085814,32.68
"17157",0,0,0,0,0.073604245018696,41.58
"17159",0,0,0,0,0.0707481771003612,39.01
"17161",0,0,0,0,0.148557302772551,80.56
"17163",0,0,0,0,0.18524834992537,88.51
"17165",0,0,0,0,0.0597141298059941,27.3
"17167",0,0,0,0,0.12603366457432,73.66
"17169",0,0,0,0,0.0473139116678527,13.84
"17171",0,0,0,0,0.0671945137994834,35.92
"17173",0,0,0,0,0.060707432560723,28.41
"17175",0,0,0,0,0.0375152916473222,6.24
"17177",0,0,0,0,0.0925010246539773,56.98
"17179",0,0,0,0,0.145813795448228,80.08
"17181",0,0,0,0,0.0567213531778388,23.54
"17183",0,0,0,0,0.111283782486648,67.67
"17185",0,0,0,0,0.0585117294828042,25.77
"17187",0,0,0,0,0.0477136124326226,14.19
"17189",0,0,0,0,0.0571232783748274,23.99
"17191",0,0,0,0,0.0658856657528702,34.01
"17193",0,0,0,0,0.046528199541783,13.36
"17195",0,0,0,0,0.116113436544635,70.06
"17197",0,0,0,0,0.265126765457304,96.6
"17199",0,0,0,0,0.109771536755867,67.04
"17201",0,0,0,0,0.211633561608278,91.66
"17203",0,0,0,0,0.0741872344076142,41.93
"18001",0,0,0,0,0.0993625028727153,61.53
"18003",0,0,0,0,0.260205938967406,96.21
"18005",0,0,0,0,0.118785879598931,70.89
"18007",0,0,0,0,0.0816800809518938,48.52
"18009",0,0,0,0,0.0632356630045897,31.21
"18011",0,0,0,0,0.130969423225342,75.66
"18013",0,0,0,0,0.09516416099664,58.61
"18015",0,0,0,0,0.0704320817964306,38.78
"18017",0,0,0,0,0.0863720777202086,52.56
"18019",0,0,0,0,0.183662419429929,88.36
"18021",0,0,0,0,0.0680520134041343,36.49
"18023",0,0,0,0,0.0704200422239595,38.75
"18025",0,0,0,0,0.050986933428108,17.91
"18027",0,0,0,0,0.0857441086363299,51.83
"18029",0,0,0,0,0.114437632194711,69.3
"18031",0,0,0,0,0.0842279119634993,50.56
"18033",0,0,0,0,0.10849881005026,66.34
"18035",0,0,0,0,0.159752511209538,83.42
"18037",0,0,0,0,0.0958744912716643,59.27
"18039",0,0,0,0,0.202393660499082,90.65
"18041",0,0,0,0,0.0714652271426557,39.58
"18043",0,0,0,0,0.142178788398077,79.19
"18045",0,0,0,0,0.0711357902085483,39.26
"18047",0,0,0,0,0.0801682395147619,47.12
"18049",0,0,0,0,0.0913242789589441,56.22
"18051",0,0,0,0,0.0633583080481601,31.4
"18053",0,0,0,0,0.0896963027326044,54.85
"18055",0,0,0,0,0.0837837405977679,50.27
"18057",0,0,0,0,0.241389592109155,94.85
"18059",0,0,0,0,0.14230578108654,79.26
"18061",0,0,0,0,0.0961659216929228,59.43
"18063",0,0,0,0,0.13185141448248,76.01
"18065",0,0,0,0,0.0935786375663644,57.78
"18067",0,0,0,0,0.124933943931574,73.4
"18069",0,0,0,0,0.109818816016114,67.07
"18071",0,0,0,0,0.0901624807941074,55.2
"18073",0,0,0,0,0.0780165663203501,45.53
"18075",0,0,0,0,0.0660603776426005,34.27
"18077",0,0,0,0,0.0846453401399399,51.07
"18079",0,0,0,0,0.0765304315908606,43.94
"18081",0,0,0,0,0.175101237772935,86.76
"18083",0,0,0,0,0.0727156629651024,40.63
"18085",0,0,0,0,0.142393568698938,79.29
"18087",0,0,0,0,0.128229987380667,74.36
"18089",0,0,0,0,0.225821492309436,93.32
"18091",0,0,0,0,0.173625227054165,86.41
"18093",0,0,0,0,0.0939376337423471,58
"18095",0,0,0,0,0.151583128021271,81.36
"18097",1.46496535356939e-06,0.164973726963089,1,0,0.292276646271057,97.93
"18099",0,0,0,0,0.12323881046166,72.64
"18101",0,0,0,0,0.0326824795407332,3.5
"18103",0,0,0,0,0.0732659249166356,41.3
"18105",0,0,0,0,0.129713594215442,75.18
"18107",0,0,0,0,0.0811592748805021,47.88
"18109",0,0,0,0,0.121657700476154,72.06
"18111",0,0,0,0,0.0533240576858361,20.33
"18113",0,0,0,0,0.130196538775523,75.34
"18115",0,0,0,0,0.0666240043827319,35.09
"18117",0,0,0,0,0.058645182877189,25.93
"18119",0,0,0,0,0.057658905061321,24.79
"18121",0,0,0,0,0.0725198531641415,40.38
"18123",0,0,0,0,0.0580486675590886,25.23
"18125",0,0,0,0,0.0520843637704578,18.87
"18127",0,0,0,0,0.19408157181292,89.79
"18129",0,0,0,0,0.084691904386868,51.13
"18131",0,0,0,0,0.049493705513352,16.39
"18133",0,0,0,0,0.0735247255260922,41.52
"18135",0,0,0,0,0.07798949778534,45.47
"18137",0,0,0,0,0.0961981043370579,59.47
"18139",0,0,0,0,0.0697029354275467,38.18
"18141",0,0,0,0,0.225095195477495,93.16
"18143",0,0,0,0,0.0508786040366157,17.75
"18145",0,0,0,0,0.09794314171503,60.74
"18147",0,0,0,0,0.0770950592801863,44.45
"18149",0,0,0,0,0.0655837243892919,33.79
"18151",0,0,0,0,0.123488173305063,72.8
"18153",0,0,0,0,0.0515459881637492,18.23
"18155",0,0,0,0,0.0564478655305755,23.29
"18157",0,0,0,0,0.138172813360287,78.01
"18159",0,0,0,0,0.0644093448958667,32.48
"18161",0,0,0,0,0.100630043438606,62.14
"18163",0,0,0,0,0.220507768832611,92.55
"18165",0,0,0,0,0.0448611147227303,11.84
"18167",0,0,0,0,0.163321332434824,84.25
"18169",0,0,0,0,0.108673322889644,66.5
"18171",0,0,0,0,0.0903603673012535,55.3
"18173",0,0,0,0,0.12866389913106,74.64
"18175",0,0,0,0,0.0804872168354631,47.41
"18177",0,0,0,0,0.123406643513448,72.7
"18179",0,0,0,0,0.0951306243916323,58.54
"18181",0,0,0,0,0.0813496860285826,48.08
"18183",0,0,0,0,0.0910548230544879,55.93
"19001",0,0,0,0,0.0492209408483686,15.91
"19003",0,0,0,0,0.0440509544418091,11.07
"19005",0,0,0,0,0.0721411084628637,40.12
"19007",0,0,0,0,0.0767413834989573,44.13
"19009",0,0,0,0,0.0490622439960844,15.65
"19011",0,0,0,0,0.103763536232677,63.92
"19013",0,0,0,0,0.154752878508295,82.28
"19015",0,0,0,0,0.0963581507964848,59.53
"19017",0,0,0,0,0.0745578098692726,42.38
"19019",0,0,0,0,0.0876980053680698,53.52
"19021",0,0,0,0,0.060232712974419,28.06
"19023",0,0,0,0,0.0667985323830041,35.32
"19025",0,0,0,0,0.0541178293218736,21.32
"19027",0,0,0,0,0.0968650918743797,59.97
"19029",0,0,0,0,0.0787370151350927,46.1
"19031",0,0,0,0,0.0837333489020818,50.17
"19033",0,0,0,0,0.13943855154805,78.46
"19035",0,0,0,0,0.0619455486766962,29.72
"19037",0,0,0,0,0.0612700958184286,28.99
"19039",0,0,0,0,0.0385449950349841,6.78
"19041",0,0,0,0,0.110968787688266,67.58
"19043",0,0,0,0,0.0773375317220703,44.77
"19045",0,0,0,0,0.115867584783119,70
"19047",0,0,0,0,0.0660418480541458,34.23
"19049",0,0,0,0,0.113354150017972,68.82
"19051",0,0,0,0,0.065463721666204,33.63
"19053",0,0,0,0,0.0620851067204376,29.91
"19055",0,0,0,0,0.0851838195248195,51.32
"19057",0,0,0,0,0.129354125950457,75.09
"19059",0,0,0,0,0.0977797077944095,60.61
"19061",0,0,0,0,0.189884965789626,89.12
"19063",0,0,0,0,0.0639007197503715,32.04
"19065",0,0,0,0,0.066997861744558,35.67
"19067",0,0,0,0,0.0700151167274933,38.47
"19069",0,0,0,0,0.0530320065056894,19.98
"19071",0,0,0,0,0.0386975818720281,6.87
"19073",0,0,0,0,0.0554699252260568,22.34
"19075",0,0,0,0,0.0512592178644352,18.01
"19077",0,0,0,0,0.0764703747944638,43.84
"19079",0,0,0,0,0.0637380902353003,31.66
"19081",0,0,0,0,0.0509119066083883,17.79
"19083",0,0,0,0,0.066070699120521,34.3
"19085",0,0,0,0,0.0587035009359492,26.06
"19087",0,0,0,0,0.0726364680642436,40.47
"19089",0,0,0,0,0.0578328748926765,25.07
"19091",0,0,0,0,0.0664787881834475,34.9
"19093",0,0,0,0,0.0444118351485583,11.29
"19095",0,0,0,0,0.0583231436946684,25.55
"19097",0,0,0,0,0.0798308292371153,46.8
"19099",0,0,0,0,0.126825400040778,73.97
"19101",0,0,0,0,0.115066886656588,69.49
"19103",0,0,0,0,0.120267058967682,71.49
"19105",0,0,0,0,0.0860960336419892,52.18
"19107",0,0,0,0,0.0520775013344574,18.84
"19109",0,0,0,0,0.0784458460242977,45.88
"19111",0,0,0,0,0.0912634613091553,56.19
"19113",0,0,0,0,0.233075977289016,94.08
"19115",0,0,0,0,0.0420481674812369,9.1
"19117",0,0,0,0,0.0554018459173459,22.21
"19119",0,0,0,0,0.068008952552041,36.46
"19121",0,0,0,0,0.0981454458525602,60.96
"19123",0,0,0,0,0.0765388590024283,43.97
"19125",0,0,0,0,0.0779448115610093,45.37
"19127",0,0,0,0,0.0917766515339277,56.47
"19129",0,0,0,0,0.0805634607696132,47.44
"19131",0,0,0,0,0.0568835877171579,23.7
"19133",0,0,0,0,0.0501988573316261,17.21
"19135",0,0,0,0,0.066010833991162,34.14
"19137",0,0,0,0,0.0607676914748284,28.51
"19139",0,0,0,0,0.090389739650978,55.36
"19141",0,0,0,0,0.0706130550553753,38.91
"19143",0,0,0,0,0.0427692018700267,9.8
"19145",0,0,0,0,0.0587019344735266,26.03
"19147",0,0,0,0,0.051478813098005,18.14
"19149",0,0,0,0,0.0692359451311723,37.58
"19151",0,0,0,0,0.0404293390134695,7.89
"19153",0,0,0,0,0.291056000098789,97.8
"19155",0,0,0,0,0.131585483772723,75.88
"19157",0,0,0,0,0.0530942475991742,20.14
"19159",0,0,0,0,0.05660844113683,23.45
"19161",0,0,0,0,0.0621494550752781,30
"19163",0,0,0,0,0.220295820904204,92.52
"19165",0,0,0,0,0.0771605868772422,44.61
"19167",0,0,0,0,0.0955003805240516,58.92
"19169",0,0,0,0,0.100119584904236,61.82
"19171",0,0,0,0,0.0596919308756853,27.24
"19173",0,0,0,0,0.0318176155485467,3.18
"19175",0,0,0,0,0.0598733777245958,27.65
"19177",0,0,0,0,0.0528992156533863,19.82
"19179",0,0,0,0,0.0975489247095895,60.45
"19181",0,0,0,0,0.104554414019419,64.33
"19183",0,0,0,0,0.087798313563572,53.64
"19185",0,0,0,0,0.0427543350535041,9.77
"19187",0,0,0,0,0.0985418305899785,61.12
"19189",0,0,0,0,0.0704199378322725,38.72
"19191",0,0,0,0,0.0863549032351806,52.53
"19193",0,0,0,0,0.153837925436034,82.06
"19195",0,0,0,0,0.0525283842008303,19.31
"19197",0,0,0,0,0.0339357283605247,4.26
"20001",0,0,0,0,0.0600246052982311,27.84
"20003",0,0,0,0,0.0739546765450172,41.71
"20005",0,0,0,0,0.0768565618108987,44.29
"20007",0,0,0,0,0.0456807096844475,12.6
"20009",0,0,0,0,0.0937926518444374,57.91
"20011",0,0,0,0,0.07595521388595,43.37
"20013",0,0,0,0,0.0454036524076028,12.31
"20015",0,0,0,0,0.10409610420376,64.05
"20017",0,0,0,0,0.0344698793708646,4.65
"20019",0,0,0,0,0.0345848908035237,4.8
"20021",0,0,0,0,0.0620202214205502,29.84
"20023",0,0,0,0,0.0322075148243592,3.25
"20025",0,0,0,0,0.0335791031425537,4.01
"20027",0,0,0,0,0.059107920602778,26.76
"20029",0,0,0,0,0.0689342445961423,37.29
"20031",0,0,0,0,0.0442983173078553,11.2
"20033",0,0,0,0,0.0326656372437889,3.47
"20035",0,0,0,0,0.0782570246743782,45.75
"20037",0,0,0,0,0.0855376251878856,51.67
"20039",0,0,0,0,0.0307673111993966,2.67
"20041",0,0,0,0,0.0692153024015763,37.51
"20043",0,0,0,0,0.0444641833796949,11.33
"20045",0,0,0,0,0.15597460363265,82.5
"20047",0,0,0,0,0.0356406242964896,5.31
"20049",0,0,0,0,0.0379333310804887,6.49
"20051",0,0,0,0,0.103841615888335,63.98
"20053",0,0,0,0,0.0407539956347706,8.21
"20055",0,0,0,0,0.100631472069149,62.17
"20057",0,0,0,0,0.0846521461665337,51.1
"20059",0,0,0,0,0.0723374739661318,40.28
"20061",0,0,0,0,0.0431982857936062,10.18
"20063",0,0,0,0,0.0250398796821734,0.95
"20065",0,0,0,0,0.0383760167855313,6.68
"20067",0,0,0,0,0.0525303541536054,19.38
"20069",0,0,0,0,0.0332617568213572,3.82
"20071",0,0,0,0,0.0296954990889466,2.45
"20073",0,0,0,0,0.0471427502486145,13.78
"20075",0,0,0,0,0.0203787574572937,0.38
"20077",0,0,0,0,0.0540216880403877,21.19
"20079",0,0,0,0,0.0925172765725832,57.02
"20081",0,0,0,0,0.0295226041495485,2.39
"20083",0,0,0,0,0.0252709467908832,1.05
"20085",0,0,0,0,0.0467162995296327,13.49
"20087",0,0,0,0,0.0731999627051176,41.27
"20089",0,0,0,0,0.0279970541395138,1.72
"20091",0,0,0,0,0.303254032113823,98.28
"20093",0,0,0,0,0.0222409643208898,0.54
"20095",0,0,0,0,0.048812147002733,15.34
"20097",0,0,0,0,0.0276290426287972,1.56
"20099",0,0,0,0,0.0609436221114307,28.73
"20101",0,0,0,0,0.0248269218138128,0.89
"20103",0,0,0,0,0.100898216021003,62.3
"20105",0,0,0,0,0.039218828157205,7.19
"20107",0,0,0,0,0.0633295325391656,31.34
"20109",0,0,0,0,0.032921008941801,3.69
"20111",0,0,0,0,0.0788323908039478,46.13
"20113",0,0,0,0,0.0844233435252014,50.81
"20115",0,0,0,0,0.0588196430178372,26.38
"20117",0,0,0,0,0.0555246946675843,22.43
"20119",0,0,0,0,0.0336305547560931,4.07
"20121",0,0,0,0,0.104827278385837,64.52
"20123",0,0,0,0,0.0467971431976694,13.55
"20125",0,0,0,0,0.0809939338567863,47.85
"20127",0,0,0,0,0.0535419692489187,20.71
"20129",0,0,0,0,0.0278900389629988,1.65
"20131",0,0,0,0,0.0563710578174031,23.16
"20133",0,0,0,0,0.0793403265103164,46.42
"20135",0,0,0,0,0.0357276127144834,5.38
"20137",0,0,0,0,0.0425086691237134,9.51
"20139",0,0,0,0,0.0606117038661359,28.32
"20141",0,0,0,0,0.0357195463444287,5.35
"20143",0,0,0,0,0.0412940587453265,8.56
"20145",0,0,0,0,0.0376938587815686,6.4
"20147",0,0,0,0,0.0452162027736552,12.22
"20149",0,0,0,0,0.0819894175806214,48.74
"20151",0,0,0,0,0.0479262060180331,14.44
"20153",0,0,0,0,0.0316029849151336,3.02
"20155",0,0,0,0,0.134970916233398,77.03
"20157",0,0,0,0,0.0428310415900779,9.86
"20159",0,0,0,0,0.0406615049882318,8.08
"20161",0,0,0,0,0.130538356058522,75.47
"20163",0,0,0,0,0.042020557345553,9.04
"20165",0,0,0,0,0.0256936036566064,1.15
"20167",0,0,0,0,0.0457586983466032,12.69
"20169",0,0,0,0,0.122233676287519,72.26
"20171",0,0,0,0,0.0378273857656783,6.46
"20173",0,0,0,0,0.235503265683996,94.37
"20175",0,0,0,0,0.0664522618728949,34.87
"20177",0,0,0,0,0.169355370264113,85.87
"20179",0,0,0,0,0.0380452137760991,6.52
"20181",0,0,0,0,0.0576273279486685,24.72
"20183",0,0,0,0,0.0344074297634015,4.61
"20185",0,0,0,0,0.0327124981985347,3.53
"20187",0,0,0,0,0.0250805192083304,0.99
"20189",0,0,0,0,0.032985876154125,3.75
"20191",0,0,0,0,0.0627229469888379,30.61
"20193",0,0,0,0,0.0593195658337032,26.95
"20195",0,0,0,0,0.0394178975253869,7.41
"20197",0,0,0,0,0.0433106119242241,10.37
"20199",0,0,0,0,0.045675450715206,12.57
"20201",0,0,0,0,0.0420539097002738,9.13
"20203",0,0,0,0,0.0414426106652023,8.72
"20205",0,0,0,0,0.0495462309369424,16.45
"20207",0,0,0,0,0.0418490152771012,8.91
"20209",0,0,0,0,0.179850196596893,87.53
"21001",0,0,0,0,0.0729027896854294,40.98
"21003",0,0,0,0,0.0661024682800184,34.33
"21005",0,0,0,0,0.103308979685696,63.6
"21007",0,0,0,0,0.0587587273104048,26.22
"21009",0,0,0,0,0.117375379927669,70.44
"21011",0,0,0,0,0.069110364321903,37.38
"21013",0,0,0,0,0.0803839430538703,47.28
"21015",0,0,0,0,0.194969904381276,89.91
"21017",0,0,0,0,0.0752336170775153,42.83
"21019",0,0,0,0,0.143135553951171,79.48
"21021",0,0,0,0,0.104145893999658,64.08
"21023",0,0,0,0,0.0582971388098027,25.52
"21025",0,0,0,0,0.0500806202851393,17.05
"21027",0,0,0,0,0.0833049623747705,49.79
"21029",0,0,0,0,0.105427601041493,64.87
"21031",0,0,0,0,0.0717392429708182,39.8
"21033",0,0,0,0,0.0615266144195619,29.18
"21035",0,0,0,0,0.0956053637392381,59.05
"21037",0,0,0,0,0.187716325399122,88.93
"21039",0,0,0,0,0.0432569577526038,10.24
"21041",0,0,0,0,0.0667616057956089,35.28
"21043",0,0,0,0,0.0747417778244879,42.51
"21045",0,0,0,0,0.0644470040131351,32.55
"21047",0,0,0,0,0.0727408523095921,40.69
"21049",0,0,0,0,0.102811165854668,63.35
"21051",0,0,0,0,0.0720132733317623,39.96
"21053",0,0,0,0,0.0561977436042298,23
"21055",0,0,0,0,0.068668442044794,37.1
"21057",0,0,0,0,0.0512791191587527,18.04
"21059",0,0,0,0,0.156162794448296,82.56
"21061",0,0,0,0,0.0583952865993747,25.71
"21063",0,0,0,0,0.0317930426061003,3.12
"21065",0,0,0,0,0.057044435598279,23.83
"21067",0,0,0,0,0.262724866050627,96.5
"21069",0,0,0,0,0.0722314813465186,40.25
"21071",0,0,0,0,0.0883612998685649,53.93
"21073",0,0,0,0,0.122628692527344,72.41
"21075",0,0,0,0,0.0486017749961734,15.08
"21077",0,0,0,0,0.0389729643440962,7
"21079",0,0,0,0,0.0927516073436083,57.37
"21081",0,0,0,0,0.0936661761342648,57.84
"21083",0,0,0,0,0.102317997449647,63.06
"21085",0,0,0,0,0.0822954580843186,49.03
"21087",0,0,0,0,0.0604386003692725,28.19
"21089",0,0,0,0,0.106609974084484,65.38
"21091",0,0,0,0,0.04374949231305,10.69
"21093",0,0,0,0,0.119062808256655,70.98
"21095",0,0,0,0,0.0571294405486737,24.02
"21097",0,0,0,0,0.0663049860785434,34.62
"21099",0,0,0,0,0.0630698505795157,31.15
"21101",0,0,0,0,0.106375585408188,65.26
"21103",0,0,0,0,0.070446783775264,38.82
"21105",0,0,0,0,0.0327388809371345,3.56
"21107",0,0,0,0,0.0905048960149635,55.42
"21109",0,0,0,0,0.0680924426160573,36.56
"21111",7.53920386007238e-06,0.849010221368169,1,0,0.308626464248634,98.31
"21113",0,0,0,0,0.157551862955258,82.79
"21115",0,0,0,0,0.0769813066391764,44.35
"21117",0,0,0,0,0.208678924036401,91.38
"21119",0,0,0,0,0.0580562935912237,25.29
"21121",0,0,0,0,0.0811820171255884,47.92
"21123",0,0,0,0,0.0673673378053066,36.08
"21125",0,0,0,0,0.123841244763551,72.96
"21127",0,0,0,0,0.045040621268406,12.03
"21129",0,0,0,0,0.0462770903672393,13.11
"21131",0,0,0,0,0.0376853669476228,6.36
"21133",0,0,0,0,0.0513053489154856,18.07
"21135",0,0,0,0,0.0598576521082517,27.55
"21137",0,0,0,0,0.0835404252570033,50.02
"21139",0,0,0,0,0.0558604409389543,22.72
"21141",0,0,0,0,0.0901396097373405,55.17
"21143",0,0,0,0,0.0636849899738146,31.59
"21145",0,0,0,0,0.158465282895641,83.11
"21147",0,0,0,0,0.0527485925935671,19.63
"21149",0,0,0,0,0.0479550716841807,14.48
"21151",0,0,0,0,0.126930973777244,74.04
"21153",0,0,0,0,0.0591580535646687,26.79
"21155",0,0,0,0,0.0532207409307925,20.27
"21157",0,0,0,0,0.113084067949766,68.66
"21159",0,0,0,0,0.0429090934005439,9.96
"21161",0,0,0,0,0.0921328398882417,56.67
"21163",0,0,0,0,0.0863854002965728,52.62
"21165",0,0,0,0,0.061800862127791,29.49
"21167",0,0,0,0,0.0627687230986825,30.67
"21169",0,0,0,0,0.0608421125733419,28.6
"21171",0,0,0,0,0.0506968694004378,17.63
"21173",0,0,0,0,0.0936391069817094,57.81
"21175",0,0,0,0,0.0482222915351295,14.64
"21177",0,0,0,0,0.0692361536105107,37.61
"21179",0,0,0,0,0.0926893041354121,57.33
"21181",0,0,0,0,0.0618354200744261,29.56
"21183",0,0,0,0,0.0597262641025887,27.39
"21185",0,0,0,0,0.177057838159449,87.08
"21187",0,0,0,0,0.058184591110691,25.39
"21189",0,0,0,0,0.0565803030171144,23.42
"21191",0,0,0,0,0.075054630162169,42.73
"21193",0,0,0,0,0.0835711106713612,50.05
"21195",0,0,0,0,0.0954220831430664,58.86
"21197",0,0,0,0,0.0815361651279533,48.36
"21199",0,0,0,0,0.135110024915301,77.09
"21201",0,0,0,0,0.0345120721899906,4.74
"21203",0,0,0,0,0.0561594830186749,22.97
"21205",0,0,0,0,0.0638618475749999,31.91
"21207",0,0,0,0,0.0616299903331064,29.37
"21209",0,0,0,0,0.0772499394534718,44.7
"21211",0,0,0,0,0.134749088119405,76.96
"21213",0,0,0,0,0.0816161880665837,48.46
"21215",0,0,0,0,0.0894932395819192,54.66
"21217",0,0,0,0,0.0861878122142055,52.31
"21219",0,0,0,0,0.0686273965981097,37.03
"21221",0,0,0,0,0.0713586373671217,39.39
"21223",0,0,0,0,0.0574628762289584,24.47
"21225",0,0,0,0,0.0494491362514163,16.29
"21227",0,0,0,0,0.193493057409329,89.66
"21229",0,0,0,0,0.0586467327815372,25.96
"21231",0,0,0,0,0.0668352044574213,35.38
"21233",0,0,0,0,0.056313478750013,23.1
"21235",0,0,0,0,0.0856267704403492,51.77
"21237",0,0,0,0,0.0611153246460185,28.83
"21239",0,0,0,0,0.105511401141458,64.94
"22001",0,0,0,0,0.131847946132592,75.98
"22003",0,0,0,0,0.05267771202741,19.54
"22005",0,0,0,0,0.177589177590579,87.15
"22007",0,0,0,0,0.0720734719950242,40.03
"22009",0,0,0,0,0.0834483997809718,49.89
"22011",0,0,0,0,0.095232836872953,58.73
"22013",0,0,0,0,0.0438056832887182,10.75
"22015",0,0,0,0,0.167930267178499,85.49
"22017",0,0,0,0,0.218378671004561,92.33
"22019",0,0,0,0,0.196341392406106,90.1
"22021",0,0,0,0,0.0577592323977726,25.01
"22023",0,0,0,0,0.0527284102517199,19.6
"22025",0,0,0,0,0.080107674749579,47.06
"22027",0,0,0,0,0.0612463122584401,28.95
"22029",0,0,0,0,0.0727162724104533,40.66
"22031",0,0,0,0,0.0733802266370072,41.39
"22033",0,0,0,0,0.225022637021596,93.13
"22035",0,0,0,0,0.0484850412792607,14.89
"22037",0,0,0,0,0.0693162026073562,37.83
"22039",0,0,0,0,0.0697546228067955,38.31
"22041",0,0,0,0,0.0648225543134581,33.18
"22043",0,0,0,0,0.0469113442932265,13.59
"22045",0,0,0,0,0.131203899803556,75.82
"22047",0,0,0,0,0.0776372083413808,45.15
"22049",0,0,0,0,0.0564670146978485,23.35
"22051",0,0,0,0,0.31704477967672,98.57
"22053",0,0,0,0,0.0975741404476182,60.48
"22055",0,0,0,0,0.23876234083229,94.62
"22057",0,0,0,0,0.117536117372834,70.57
"22059",0,0,0,0,0.0418126883918722,8.88
"22061",0,0,0,0,0.117550646636149,70.63
"22063",0,0,0,0,0.143431912751089,79.57
"22065",0,0,0,0,0.047451538187316,14.03
"22067",0,0,0,0,0.0806861203960661,47.5
"22069",0,0,0,0,0.0773651838028658,44.8
"22071",0,0,0,0,0.228981955603381,93.67
"22073",0,0,0,0,0.180087860630335,87.66
"22075",0,0,0,0,0.110130013562508,67.17
"22077",0,0,0,0,0.0693154640001295,37.8
"22079",0,0,0,0,0.147498514623142,80.4
"22081",0,0,0,0,0.0503478132080951,17.34
"22083",0,0,0,0,0.0655569235189093,33.73
"22085",0.00016246953696182,18.2961357859097,1,1,0.0926002732702226,57.14
"22087",0,0,0,0,0.129088049410717,74.9
"22089",0,0,0,0,0.14072486599038,78.84
"22091",0,0,0,0,0.0613523185855128,29.08
"22093",0,0,0,0,0.0820293242027949,48.84
"22095",0,0,0,0,0.120714911201903,71.78
"22097",0,0,0,0,0.126174888087378,73.75
"22099",0,0,0,0,0.114030537621156,69.17
"22101",0,0,0,0,0.123347208352663,72.67
"22103",0,0,0,0,0.271431277984204,96.98
"22105",0,0,0,0,0.158634268002171,83.14
"22107",0,0,0,0,0.0416388625043825,8.78
"22109",3.73685095569963e-05,4.20816934520184,1,1,0.170734766180565,86.16
"22111",0,0,0,0,0.0703565923924543,38.69
"22113",0,0,0,0,0.116779350282707,70.35
"22115",0,0,0,0,0.0533398416591548,20.39
"22117",0,0,0,0,0.0700991738636492,38.53
"22119",0,0,0,0,0.0825590526454928,49.32
"22121",0,0,0,0,0.113556953745884,68.92
"22123",0,0,0,0,0.0532412515362683,20.3
"22125",0,0,0,0,0.0419490245436607,9
"22127",0,0,0,0,0.0455842450548951,12.5
"23001",0,0,0,0,0.184953496220922,88.45
"23003",0,0,0,0,0.100465658308484,61.98
"23005",0,0,0,0,0.27448067373501,97.17
"23007",0,0,0,0,0.105027934991264,64.72
"23009",0,0,0,0,0.136592336156976,77.51
"23011",0,0,0,0,0.143017860509656,79.45
"23013",0,0,0,0,0.16456376349175,84.54
"23015",0,0,0,0,0.1486798442906,80.66
"23017",0,0,0,0,0.101675175657008,62.81
"23019",0,0,0,0,0.182797148506749,88.1
"23021",0,0,0,0,0.0842555664900169,50.65
"23023",0,0,0,0,0.104175996720328,64.11
"23025",0,0,0,0,0.116480693727203,70.28
"23027",0,0,0,0,0.136087002330105,77.35
"23029",0,0,0,0,0.101921688709215,63
"23031",0,0,0,0,0.193984472528254,89.76
"24001",0,0,0,0,0.133145592245729,76.33
"24003",8.41321210829487e-06,0.947434663799131,1,0,0.213492254248454,91.85
"24005",1.43432580710708e-05,1.61523324426244,1,1,0.296180702499944,98.09
"24009",0,0,0,0,0.175628866320727,86.89
"24011",0,0,0,0,0.0944276003650927,58.26
"24013",1.48716575949555e-05,1.67473774965459,1,1,0.195664329148606,90.04
"24015",0,0,0,0,0.121726535450201,72.1
"24017",0,0,0,0,0.157708239688448,82.82
"24019",0,0,0,0,0.111506627735685,67.74
"24021",4.86440471847258e-05,5.47793825914016,1,1,0.254517420241969,95.83
"24023",0,0,0,0,0.138124377898388,77.92
"24025",9.43031468960119e-06,1.06197334768886,1,1,0.230645284705055,93.76
"24027",0,0,0,0,0.274468570940202,97.14
"24029",0,0,0,0,0.111801795042793,67.87
"24031",1.49436623927792e-05,1.68284640548543,1,1,0.248824523274536,95.32
"24033",3.38204343064079e-05,3.80861095550417,1,1,0.239681968312193,94.75
"24035",0,0,0,0,0.166849137669914,85.14
"24037",0,0,0,0,0.0814029420546504,48.14
"24039",0,0,0,0,0.0716130340770736,39.64
"24041",0,0,0,0,0.178966411467871,87.4
"24043",0,0,0,0,0.204108258914223,90.84
"24045",0,0,0,0,0.17250052770225,86.29
"24047",0,0,0,0,0.135509291211252,77.28
"24510",7.72349874493145e-06,0.869764168853245,1,0,0.192946131841225,89.5
"25001",0,0,0,0,0.193112257462854,89.56
"25003",0,0,0,0,0.181264317719219,87.88
"25005",0,0,0,0,0.269899621851637,96.91
"25007",0,0,0,0,0.141450655185418,79
"25009",5.45958812867157e-06,0.614819046113177,1,0,0.29372502104986,98
"25011",0,0,0,0,0.155628544138367,82.37
"25013",0,0,0,0,0.2351835967495,94.34
"25015",0,0,0,0,0.158315537786134,83.07
"25017",3.81735848336347e-06,0.429883105849716,1,0,0.267254096049374,96.72
"25019",0,0,0,0,0.130125184060179,75.28
"25021",2.588916331402e-06,0.291544898960483,1,0,0.326580418145751,98.82
"25023",0,0,0,0,0.287046016390684,97.65
"25025",3.89322190067093e-06,0.438426291299715,1,0,0.213479850221443,91.82
"25027",0,0,0,0,0.261713137586163,96.4
"26001",0,0,0,0,0.0857468797133307,51.86
"26003",0,0,0,0,0.0703082707601475,38.66
"26005",0,0,0,0,0.166349805075969,84.95
"26007",0,0,0,0,0.119351894421644,71.08
"26009",0,0,0,0,0.0934461839449883,57.72
"26011",0,0,0,0,0.0668710835241396,35.44
"26013",0,0,0,0,0.0458206820937289,12.79
"26015",0,0,0,0,0.11220874706038,67.99
"26017",0,0,0,0,0.156123572290715,82.53
"26019",0,0,0,0,0.0929012587236615,57.46
"26021",0,0,0,0,0.176169417662722,86.92
"26023",0,0,0,0,0.10621403042841,65.22
"26025",0,0,0,0,0.139489771264132,78.49
"26027",0,0,0,0,0.110138557163837,67.2
"26029",0,0,0,0,0.120527246609011,71.71
"26031",0,0,0,0,0.124236489041263,73.08
"26033",0,0,0,0,0.095682537724599,59.08
"26035",0,0,0,0,0.0921616266760876,56.7
"26037",0,0,0,0,0.142186873466768,79.22
"26039",0,0,0,0,0.0635331594691346,31.47
"26041",0,0,0,0,0.133837249248793,76.65
"26043",0,0,0,0,0.111968156802246,67.93
"26045",0,0,0,0,0.137728918314926,77.82
"26047",0,0,0,0,0.1361673490053,77.38
"26049",0,0,0,0,0.196721027707125,90.17
"26051",0,0,0,0,0.0819486510530626,48.71
"26053",0,0,0,0,0.0845355813670182,50.87
"26055",0,0,0,0,0.21806238913791,92.3
"26057",0,0,0,0,0.0898558720132487,54.98
"26059",0,0,0,0,0.0854534202359833,51.57
"26061",0,0,0,0,0.106036057985193,65.16
"26063",0,0,0,0,0.094537026835913,58.32
"26065",0,0,0,0,0.15971928724949,83.39
"26067",0,0,0,0,0.084368171962446,50.75
"26069",0,0,0,0,0.079644930053453,46.61
"26071",0,0,0,0,0.0726752898768239,40.57
"26073",0,0,0,0,0.109278975176231,66.69
"26075",0,0,0,0,0.161137388111864,83.71
"26077",0,0,0,0,0.21401868963543,91.89
"26079",0,0,0,0,0.0726620033144245,40.5
"26081",1.31667591997244e-05,1.48274451126887,1,1,0.317594451449657,98.6
"26083",0,0,0,0,0.0438013866517495,10.72
"26085",0,0,0,0,0.0660143946622169,34.17
"26087",0,0,0,0,0.160704792820825,83.68
"26089",0,0,0,0,0.113036897284593,68.57
"26091",0,0,0,0,0.137026608676533,77.63
"26093",0,0,0,0,0.222039239287734,92.75
"26095",0,0,0,0,0.0769855636729969,44.38
"26097",0,0,0,0,0.0739870576820543,41.78
"26099",5.35337637447938e-06,0.602858252027719,1,0,0.239650239966792,94.72
"26101",0,0,0,0,0.0796801295461328,46.68
"26103",0,0,0,0,0.128743440683892,74.71
"26105",0,0,0,0,0.102373756695848,63.12
"26107",0,0,0,0,0.0841661103449987,50.46
"26109",0,0,0,0,0.076632636013817,44.03
"26111",0,0,0,0,0.118236750562805,70.82
"26113",0,0,0,0,0.0742963734990758,42.06
"26115",0,0,0,0,0.151421393446491,81.26
"26117",0,0,0,0,0.0977374140750535,60.58
"26119",0,0,0,0,0.0486733770738338,15.14
"26121",0,0,0,0,0.166933817457776,85.21
"26123",0,0,0,0,0.106522339277564,65.35
"26125",1.27013642535345e-06,0.143033512247638,1,0,0.347121829027362,99.43
"26127",0,0,0,0,0.08315145354313,49.67
"26129",0,0,0,0,0.100473505563132,62.01
"26131",0,0,0,0,0.0531630048501635,20.24
"26133",0,0,0,0,0.0741675636951611,41.9
"26135",0,0,0,0,0.0761372288145992,43.62
"26137",0,0,0,0,0.0942166520530367,58.13
"26139",0,0,0,0,0.221361952475449,92.68
"26141",0,0,0,0,0.0676292969306041,36.27
"26143",0,0,0,0,0.0873907019881199,53.42
"26145",0,0,0,0,0.177840487951035,87.21
"26147",0,0,0,0,0.195527735390014,90.01
"26149",0,0,0,0,0.116284235623053,70.19
"26151",0,0,0,0,0.125934217210078,73.62
"26153",0,0,0,0,0.0721951239209717,40.18
"26155",0,0,0,0,0.11986136969067,71.21
"26157",0,0,0,0,0.104438779703925,64.3
"26159",0,0,0,0,0.116315799516268,70.22
"26161",4.10431527708232e-06,0.46219808969683,1,0,0.175290899353249,86.8
"26163",6.36464948876889e-05,7.16740463805233,1,1,0.309045695442481,98.35
"26165",0,0,0,0,0.113167836821224,68.72
"27001",0,0,0,0,0.0859412041593681,52.08
"27003",0,0,0,0,0.233868384421171,94.15
"27005",0,0,0,0,0.111041797860505,67.64
"27007",0,0,0,0,0.124728303505299,73.34
"27009",0,0,0,0,0.11069533847096,67.39
"27011",0,0,0,0,0.0646055695152441,32.8
"27013",0,0,0,0,0.153939348521459,82.12
"27015",0,0,0,0,0.0817267056304823,48.55
"27017",0,0,0,0,0.0778073519978046,45.24
"27019",0,0,0,0,0.178245492455852,87.27
"27021",0,0,0,0,0.0830618908034781,49.63
"27023",0,0,0,0,0.0660348132640197,34.2
"27025",0,0,0,0,0.123663552577372,72.89
"27027",0,0,0,0,0.119937453019923,71.27
"27029",0,0,0,0,0.055860773103445,22.75
"27031",0,0,0,0,0.0798233164777993,46.77
"27033",0,0,0,0,0.0488885870456907,15.4
"27035",0,0,0,0,0.166784989013204,85.08
"27037",0,0,0,0,0.274290452730189,97.1
"27039",0,0,0,0,0.0718741489062276,39.87
"27041",0,0,0,0,0.139283444429203,78.43
"27043",0,0,0,0,0.0574992742566882,24.59
"27045",0,0,0,0,0.0937262849624042,57.87
"27047",0,0,0,0,0.093935314309938,57.97
"27049",0,0,0,0,0.116239267617855,70.16
"27051",0,0,0,0,0.0530194395378804,19.95
"27053",0,0,0,0,0.344507089004776,99.36
"27055",0,0,0,0,0.0821692217157657,48.93
"27057",0,0,0,0,0.0967910298684898,59.91
"27059",0,0,0,0,0.107293148130836,65.77
"27061",0,0,0,0,0.112637064356741,68.34
"27063",0,0,0,0,0.0426243591456026,9.64
"27065",0,0,0,0,0.0616159394474368,29.34
"27067",0,0,0,0,0.10140714548805,62.55
"27069",0,0,0,0,0.0573178525027307,24.24
"27071",0,0,0,0,0.0707442553350191,38.98
"27073",0,0,0,0,0.0670021053183198,35.7
"27075",0,0,0,0,0.0740610066535854,41.84
"27077",0,0,0,0,0.0552643311218275,22.14
"27079",0,0,0,0,0.102726959973353,63.28
"27081",0,0,0,0,0.054835488275412,21.86
"27083",0,0,0,0,0.077739079704201,45.18
"27085",0,0,0,0,0.107160001947899,65.57
"27087",0,0,0,0,0.0359174306179201,5.44
"27089",0,0,0,0,0.0488924979081006,15.43
"27091",0,0,0,0,0.0764083268498339,43.81
"27093",0,0,0,0,0.0862941161982907,52.47
"27095",0,0,0,0,0.0865434857961561,52.69
"27097",0,0,0,0,0.111371779510118,67.71
"27099",0,0,0,0,0.0780684846963095,45.59
"27101",0,0,0,0,0.0615625069748696,29.24
"27103",0,0,0,0,0.0863168643261829,52.5
"27105",0,0,0,0,0.0572816839602558,24.21
"27107",0,0,0,0,0.0485089504539239,14.95
"27109",0.000162560508633769,18.3063803529453,1,1,0.128572161595964,74.51
"27111",0.000298830824399537,33.652150689111,1,1,0.150456438944321,80.97
"27113",0,0,0,0,0.0625193150234105,30.45
"27115",0,0,0,0,0.0930014953881091,57.52
"27117",0,0,0,0,0.0574642442325958,24.5
"27119",0,0,0,0,0.0835075812072512,49.98
"27121",0,0,0,0,0.0723553408547311,40.31
"27123",0,0,0,0,0.241912160658952,94.88
"27125",0,0,0,0,0.0465244325820138,13.33
"27127",0,0,0,0,0.0799821486579638,46.9
"27129",0,0,0,0,0.0534377736191975,20.52
"27131",0,0,0,0,0.105332488978669,64.84
"27133",0,0,0,0,0.0615693000560758,29.27
"27135",0,0,0,0,0.0449054349999641,11.96
"27137",0,0,0,0,0.173686179695009,86.45
"27139",0,0,0,0,0.168776488475866,85.71
"27141",0,0,0,0,0.15020104564498,80.85
"27143",0,0,0,0,0.0668335642753423,35.35
"27145",0,0,0,0,0.185349061854364,88.55
"27147",0,0,0,0,0.107796208284119,65.92
"27149",0,0,0,0,0.0454587424967066,12.38
"27151",0,0,0,0,0.058375359765643,25.64
"27153",0,0,0,0,0.0681921033831896,36.65
"27155",0,0,0,0,0.0757107768339037,43.24
"27157",0,0,0,0,0.0776028895465266,45.08
"27159",0,0,0,0,0.0734692605952612,41.49
"27161",0,0,0,0,0.0867295412607474,52.91
"27163",0,0,0,0,0.187682872368988,88.9
"27165",0,0,0,0,0.0774408644897411,44.93
"27167",0,0,0,0,0.0594221332245247,27.01
"27169",0,0,0,0,0.124410718371823,73.18
"27171",0,0,0,0,0.165763323869793,84.82
"27173",0,0,0,0,0.0627718419183862,30.7
"28001",0,0,0,0,0.110904515965951,67.52
"28003",0,0,0,0,0.100482018250785,62.04
"28005",0,0,0,0,0.0427203606064176,9.74
"28007",0,0,0,0,0.0714265212750343,39.55
"28009",0,0,0,0,0.0563397086409397,23.13
"28011",0,0,0,0,0.0777425154502827,45.21
"28013",0,0,0,0,0.0545575683118877,21.73
"28015",0,0,0,0,0.0694778012471187,37.99
"28017",0,0,0,0,0.0630639889115931,31.12
"28019",0,0,0,0,0.0393361468092692,7.29
"28021",0,0,0,0,0.033492355345111,3.98
"28023",0,0,0,0,0.047096398807,13.71
"28025",0,0,0,0,0.0713998406532694,39.45
"28027",0,0,0,0,0.079864069809274,46.83
"28029",0,0,0,0,0.0627885464402343,30.73
"28031",0,0,0,0,0.0556550276865426,22.49
"28033",0,0,0,0,0.143403035164922,79.54
"28035",0,0,0,0,0.122938163290327,72.51
"28037",0,0,0,0,0.0412931195397491,8.53
"28039",0,0,0,0,0.0710472778803012,39.1
"28041",0,0,0,0,0.0439225924630572,10.94
"28043",0,0,0,0,0.082113193248715,48.9
"28045",0,0,0,0,0.095854678905752,59.24
"28047",0,0,0,0,0.158212473038772,82.98
"28049",0,0,0,0,0.166843135477859,85.11
"28051",0,0,0,0,0.0669565166270078,35.57
"28053",0,0,0,0,0.0438562435330561,10.85
"28055",0,0,0,0,0.034710437194447,4.87
"28057",0,0,0,0,0.0712246637726368,39.36
"28059",0,0,0,0,0.0966658205086372,59.75
"28061",0,0,0,0,0.0423798742280203,9.35
"28063",0,0,0,0,0.0437100770612832,10.66
"28065",0,0,0,0,0.0428634857961616,9.9
"28067",0,0,0,0,0.0895181102407338,54.69
"28069",0,0,0,0,0.0485150037687262,14.99
"28071",0,0,0,0,0.121131811025651,71.84
"28073",0,0,0,0,0.12626023697825,73.81
"28075",0,0,0,0,0.136744583738854,77.57
"28077",0,0,0,0,0.0515933850648797,18.39
"28079",0,0,0,0,0.0423896204969463,9.39
"28081",0,0,0,0,0.144205677524051,79.67
"28083",0,0,0,0,0.0825086259275849,49.25
"28085",0,0,0,0,0.0842498683276728,50.62
"28087",0,0,0,0,0.137072382282468,77.7
"28089",0,0,0,0,0.166330884333431,84.92
"28091",0,0,0,0,0.069945773747363,38.43
"28093",0,0,0,0,0.0779691526562736,45.43
"28095",0,0,0,0,0.0807992580133786,47.6
"28097",0,0,0,0,0.047659445490602,14.13
"28099",0,0,0,0,0.0533624907631332,20.43
"28101",0,0,0,0,0.053756491470661,20.94
"28103",0,0,0,0,0.0516298385846438,18.49
"28105",0,0,0,0,0.0721989639127601,40.22
"28107",0,0,0,0,0.0808965332707073,47.79
"28109",0,0,0,0,0.10361039192402,63.76
"28111",0,0,0,0,0.0538247385432244,20.97
"28113",0,0,0,0,0.0832758352429122,49.76
"28115",0,0,0,0,0.0685536682405637,36.94
"28117",0,0,0,0,0.0779645782440324,45.4
"28119",0,0,0,0,0.0439663088892402,10.98
"28121",0,0,0,0,0.186857676419939,88.77
"28123",0,0,0,0,0.0393671872646891,7.32
"28125",0,0,0,0,0.038590697755531,6.84
"28127",0,0,0,0,0.0597241833967947,27.36
"28129",0,0,0,0,0.0469909995467856,13.62
"28131",0.000175469380593087,19.7600834817115,1,1,0.0870460783035484,53.07
"28133",0,0,0,0,0.045784173145572,12.73
"28135",0,0,0,0,0.0361859108232907,5.54
"28137",0,0,0,0,0.0708384812334382,39.07
"28139",0,0,0,0,0.0580510832675694,25.26
"28141",0,0,0,0,0.0743838864280659,42.22
"28143",0,0,0,0,0.0363451754639783,5.7
"28145",0,0,0,0,0.0665136081771779,34.97
"28147",0,0,0,0,0.0675185962340657,36.18
"28149",0,0,0,0,0.0865875862086989,52.72
"28151",0,0,0,0,0.108597474625486,66.4
"28153",0,0,0,0,0.0669658434404689,35.6
"28155",0,0,0,0,0.0629026292248327,30.93
"28157",0,0,0,0,0.0430780803171433,10.09
"28159",0,0,0,0,0.0624110376768547,30.35
"28161",0,0,0,0,0.0493653271051843,16.23
"28163",0,0,0,0,0.0542460838417027,21.41
"29001",0,0,0,0,0.0800437831254052,47.03
"29003",0,0,0,0,0.0926382199761686,57.24
"29005",0,0,0,0,0.0407180197318597,8.11
"29007",0,0,0,0,0.0906818141891273,55.62
"29009",0,0,0,0,0.0804059816084993,47.31
"29011",0,0,0,0,0.0600571585888909,27.87
"29013",0,0,0,0,0.0808877303867711,47.76
"29015",0,0,0,0,0.0830542560980958,49.6
"29017",0,0,0,0,0.0645057821672956,32.74
"29019",0,0,0,0,0.159028330770143,83.2
"29021",0,0,0,0,0.145141281700275,79.96
"29023",0,0,0,0,0.107275557677973,65.73
"29025",0,0,0,0,0.0599540741406521,27.71
"29027",0,0,0,0,0.0951977972967554,58.7
"29029",0,0,0,0,0.137683324931808,77.79
"29031",0,0,0,0,0.168240596931214,85.59
"29033",0,0,0,0,0.043366563963482,10.47
"29035",0,0,0,0,0.0498826809798439,16.83
"29037",0,0,0,0,0.122709478967213,72.45
"29039",0,0,0,0,0.0720821245265954,40.06
"29041",0,0,0,0,0.06227603728177,30.1
"29043",0,0,0,0,0.167717633654206,85.43
"29045",0,0,0,0,0.0470331652058891,13.68
"29047",0,0,0,0,0.204011335859509,90.8
"29049",0,0,0,0,0.0719185112423628,39.9
"29051",0,0,0,0,0.113546112293271,68.88
"29053",0,0,0,0,0.0776203626486127,45.12
"29055",0,0,0,0,0.0877733690451835,53.55
"29057",0,0,0,0,0.0431654302854445,10.15
"29059",0,0,0,0,0.0759686298514431,43.4
"29061",0,0,0,0,0.0620253816021267,29.88
"29063",0,0,0,0,0.0566465374507916,23.48
"29065",0,0,0,0,0.0571885673273963,24.09
"29067",0,0,0,0,0.0687283244178062,37.19
"29069",0,0,0,0,0.0659110599739799,34.08
"29071",0,0,0,0,0.177665024774485,87.18
"29073",0,0,0,0,0.0802765005186282,47.22
"29075",0,0,0,0,0.0505650185587901,17.56
"29077",0,0,0,0,0.217012088183777,92.17
"29079",0,0,0,0,0.0527269449698199,19.57
"29081",0,0,0,0,0.0500339938393664,16.96
"29083",0,0,0,0,0.0773959228687629,44.86
"29085",0,0,0,0,0.0570945690330775,23.86
"29087",0,0,0,0,0.0377653330303273,6.43
"29089",0,0,0,0,0.0562590307787277,23.07
"29091",0,0,0,0,0.122175701506808,72.19
"29093",0,0,0,0,0.0635988962559612,31.53
"29095",2.38861870957263e-05,2.68988839805552,1,1,0.296386872835893,98.12
"29097",0,0,0,0,0.200779673333476,90.49
"29099",0,0,0,0,0.182985559616836,88.13
"29101",0,0,0,0,0.0662179974261492,34.46
"29103",0,0,0,0,0.0520529931387846,18.77
"29105",0,0,0,0,0.0896306078139741,54.76
"29107",0,0,0,0,0.092006090173924,56.6
"29109",0,0,0,0,0.101156913746925,62.52
"29111",0,0,0,0,0.0538308360430983,21
"29113",0,0,0,0,0.109595311970233,66.85
"29115",0,0,0,0,0.0541844671104896,21.35
"29117",0,0,0,0,0.0893963469619823,54.57
"29119",0,0,0,0,0.0638215607056407,31.85
"29121",0,0,0,0,0.0691997955748088,37.48
"29123",0,0,0,0,0.0632678042100863,31.28
"29125",0,0,0,0,0.0669762493066648,35.63
"29127",0,0,0,0,0.0920231871243766,56.63
"29129",0,0,0,0,0.0440371742583761,11.01
"29131",0,0,0,0,0.0867773477819097,52.94
"29133",0,0,0,0,0.0514759422051408,18.1
"29135",0,0,0,0,0.0816264555439001,48.49
"29137",0,0,0,0,0.0587420197770009,26.12
"29139",0,0,0,0,0.060826385084581,28.57
"29141",0.000501420691960555,56.4663458610767,1,1,0.130473480513045,75.44
"29143",0,0,0,0,0.0542547599380947,21.44
"29145",0,0,0,0,0.0934370064103444,57.68
"29147",0,0,0,0,0.0646798958699202,33.03
"29149",0,0,0,0,0.0489829313982031,15.53
"29151",0,0,0,0,0.0507458777588359,17.66
"29153",0,0,0,0,0.0743364262824481,42.13
"29155",0,0,0,0,0.0515682332786069,18.26
"29157",0,0,0,0,0.0775903935227966,45.05
"29159",0,0,0,0,0.110234055400733,67.26
"29161",0,0,0,0,0.10368128280896,63.86
"29163",0,0,0,0,0.0670370771918302,35.76
"29165",0,0,0,0,0.204357460845292,90.87
"29167",0,0,0,0,0.0963770876087468,59.56
"29169",0,0,0,0,0.0486058412690081,15.11
"29171",0,0,0,0,0.0370468855769017,6.05
"29173",0,0,0,0,0.0609433399786843,28.7
"29175",0,0,0,0,0.074984951518558,42.7
"29177",0,0,0,0,0.0625855580114312,30.51
"29179",0,0,0,0,0.0490244505458908,15.56
"29181",0,0,0,0,0.06072558131617,28.48
"29183",0,0,0,0,0.225437995877658,93.22
"29185",0,0,0,0,0.0646796623471734,32.99
"29186",0,0,0,0,0.0772384007641695,44.67
"29187",0,0,0,0,0.109741445532947,67.01
"29189",8.73199753175536e-06,0.983333956080444,1,0,0.319653063800538,98.73
"29195",0,0,0,0,0.0616156320854524,29.3
"29197",0,0,0,0,0.0485792633572833,15.05
"29199",0,0,0,0,0.0588001705136943,26.31
"29201",0,0,0,0,0.111630994845221,67.77
"29203",0,0,0,0,0.049949324121321,16.89
"29205",0,0,0,0,0.0425409225362712,9.58
"29207",0,0,0,0,0.0728935113689,40.95
"29209",0,0,0,0,0.121731638870883,72.13
"29211",0,0,0,0,0.0323096515527043,3.31
"29213",0,0,0,0,0.128894065576652,74.8
"29215",0,0,0,0,0.0697379080479128,38.28
"29217",0,0,0,0,0.0814481813232453,48.2
"29219",0,0,0,0,0.104205610102257,64.21
"29221",0,0,0,0,0.076332874589094,43.75
"29223",0,0,0,0,0.0506348026330651,17.59
"29225",0,0,0,0,0.0911760127122158,56.06
"29227",0,0,0,0,0.0455788836453631,12.44
"29229",0,0,0,0,0.0845996698131328,50.97
"29510",0,0,0,0,0.222315708547916,92.84
"30001",0,0,0,0,0.0792778204306207,46.39
"30003",0,0,0,0,0.0458137576153585,12.76
"30005",0,0,0,0,0.0517656559403496,18.61
"30007",0,0,0,0,0.0760262775987332,43.46
"30009",0,0,0,0,0.109341681892289,66.75
"30011",0,0,0,0,0.0352689725347397,5.12
"30013",0,0,0,0,0.161856934179095,83.84
"30015",0,0,0,0,0.0487347422776905,15.24
"30017",0,0,0,0,0.0820090986781002,48.81
"30019",0,0,0,0,0.0405489802780408,8.02
"30021",0,0,0,0,0.0781999156045372,45.69
"30023",0,0,0,0,0.0754062655450295,42.89
"30025",0,0,0,0,0.0596706077501031,27.17
"30027",0,0,0,0,0.0886742749270937,54.06
"30029",0,0,0,0,0.228259579402972,93.57
"30031",0,0,0,0,0.259259426205457,96.05
"30033",0,0,0,0,0.0375656405826611,6.3
"30035",0,0,0,0,0.0495679358655042,16.51
"30037",0,0,0,0,0.0461864614289419,13.01
"30039",0,0,0,0,0.0683824737050055,36.75
"30041",0,0,0,0,0.0808692622528529,47.69
"30043",0,0,0,0,0.103097669520274,63.44
"30045",0,0,0,0,0.0423746620143971,9.32
"30047",0,0,0,0,0.109014498040764,66.56
"30049",0,0,0,0,0.171129668007121,86.19
"30051",0,0,0,0,0.0394402050188135,7.45
"30053",0,0,0,0,0.124748936260102,73.37
"30055",0,0,0,0,0.0434153351612392,10.5
"30057",0,0,0,0,0.0908834110483444,55.71
"30059",0,0,0,0,0.0526656132896588,19.5
"30061",0,0,0,0,0.061715741034047,29.43
"30063",0,0,0,0,0.242013260507692,94.91
"30065",0,0,0,0,0.0585290155379791,25.8
"30067",0,0,0,0,0.132661213125156,76.17
"30069",0,0,0,0,0.0312051063394215,2.83
"30071",0,0,0,0,0.056041118404746,22.88
"30073",0,0,0,0,0.0631131526441131,31.18
"30075",0,0,0,0,0.044800388167185,11.77
"30077",0,0,0,0,0.05688920361494,23.77
"30079",0,0,0,0,0.0398141348616892,7.6
"30081",0,0,0,0,0.176916259140419,87.05
"30083",0,0,0,0,0.0878854086076839,53.71
"30085",0,0,0,0,0.0439211485952654,10.91
"30087",0,0,0,0,0.0381451579261068,6.59
"30089",0,0,0,0,0.0946274117191251,58.42
"30091",0,0,0,0,0.0582637315829605,25.45
"30093",0,0,0,0,0.144655726939178,79.76
"30095",0,0,0,0,0.0655179811435717,33.69
"30097",0,0,0,0,0.0686640099508159,37.07
"30099",0,0,0,0,0.0621138118274568,29.97
"30101",0,0,0,0,0.0515906131802782,18.33
"30103",0,0,0,0,0.0350625857067618,5.06
"30105",0,0,0,0,0.0672981668713976,36.02
"30107",0,0,0,0,0.0339672239626993,4.3
"30109",0,0,0,0,0.056420197070335,23.23
"30111",0,0,0,0,0.224957673611387,93.1
"31001",0,0,0,0,0.110379217389888,67.29
"31003",0,0,0,0,0.0361640170402407,5.5
"31005",0,0,0,0,0.0187128116379628,0.19
"31007",0,0,0,0,0.0352347307564273,5.09
"31009",0,0,0,0,0.0265523221301892,1.34
"31011",0,0,0,0,0.0404409480156972,7.92
"31013",0,0,0,0,0.0473402374788286,13.87
"31015",0,0,0,0,0.0280532572273475,1.78
"31017",0,0,0,0,0.0403161313869185,7.83
"31019",0,0,0,0,0.130984496782771,75.69
"31021",0,0,0,0,0.0478860191508358,14.38
"31023",0,0,0,0,0.0343483378235635,4.55
"31025",0,0,0,0,0.0904282967005932,55.39
"31027",0,0,0,0,0.0448965269235434,11.9
"31029",0,0,0,0,0.0446149538818231,11.49
"31031",0,0,0,0,0.0483568360794974,14.83
"31033",0,0,0,0,0.063728777306602,31.63
"31035",0,0,0,0,0.0370267326455118,5.98
"31037",0,0,0,0,0.0293295474465527,2.26
"31039",0,0,0,0,0.0508046938378542,17.69
"31041",0,0,0,0,0.0540380605656562,21.22
"31043",0,0,0,0,0.0535064197743181,20.65
"31045",0,0,0,0,0.0543402417619569,21.54
"31047",0,0,0,0,0.0554462731306276,22.27
"31049",0,0,0,0,0.0248376104350621,0.92
"31051",0,0,0,0,0.0430293426375384,10.05
"31053",0,0,0,0,0.102493638505574,63.16
"31055",1.31427459927767e-05,1.48004031882033,1,1,0.292265579466236,97.9
"31057",0,0,0,0,0.0262436092819988,1.24
"31059",0,0,0,0,0.0446649618783471,11.61
"31061",0,0,0,0,0.0310471441452696,2.8
"31063",0,0,0,0,0.0219510774616253,0.48
"31065",0,0,0,0,0.030454888829588,2.61
"31067",0,0,0,0,0.0861146036043333,52.24
"31069",0,0,0,0,0.0329659240451762,3.72
"31071",0,0,0,0,0.0536296687862996,20.78
"31073",0,0,0,0,0.0286507317447696,1.97
"31075",0,0,0,0,0.0282014474798212,1.81
"31077",0,0,0,0,0.03460387848892,4.84
"31079",0,0,0,0,0.130908083573998,75.6
"31081",0,0,0,0,0.0812404586723097,47.95
"31083",0,0,0,0,0.0350082335479075,5.03
"31085",0,0,0,0,0.0445162658293298,11.36
"31087",0,0,0,0,0.0337206276731289,4.14
"31089",0,0,0,0,0.0612936815721077,29.02
"31091",0,0,0,0,0.0295207308872824,2.35
"31093",0,0,0,0,0.0517301571674717,18.55
"31095",0,0,0,0,0.0402873209177147,7.76
"31097",0,0,0,0,0.0333776378213986,3.91
"31099",0,0,0,0,0.047684916282433,14.16
"31101",0,0,0,0,0.0697038955419011,38.21
"31103",0,0,0,0,0.0432639995945414,10.31
"31105",0,0,0,0,0.0285475509049899,1.94
"31107",0,0,0,0,0.0509175639162295,17.85
"31109",0,0,0,0,0.219945951576944,92.46
"31111",0,0,0,0,0.104858640820421,64.56
"31113",0,0,0,0,0.027841337422704,1.62
"31115",0,0,0,0,0.0361959488788655,5.57
"31117",0,0,0,0,0.0206260439092509,0.41
"31119",0,0,0,0,0.137051273218088,77.66
"31121",0,0,0,0,0.0623408460722375,30.23
"31123",0,0,0,0,0.0317864402879919,3.09
"31125",0,0,0,0,0.0275573921123967,1.53
"31127",0,0,0,0,0.0347659163441801,4.93
"31129",0,0,0,0,0.0393221518850845,7.25
"31131",0,0,0,0,0.0638407823719759,31.88
"31133",0,0,0,0,0.0520646552745541,18.8
"31135",0,0,0,0,0.029512500746555,2.32
"31137",0,0,0,0,0.0474990361978674,14.06
"31139",0,0,0,0,0.0586345566338133,25.9
"31141",0,0,0,0,0.105309564394071,64.81
"31143",0,0,0,0,0.0356028963776752,5.25
"31145",0,0,0,0,0.0648280289673363,33.25
"31147",0,0,0,0,0.0504087098497291,17.37
"31149",0,0,0,0,0.025511291585244,1.08
"31151",0,0,0,0,0.0498959462464429,16.86
"31153",0,0,0,0,0.161866903952119,83.87
"31155",0,0,0,0,0.0909193493664743,55.81
"31157",0,0,0,0,0.109301056171617,66.72
"31159",0,0,0,0,0.0665109804982128,34.93
"31161",0,0,0,0,0.0358251291755104,5.41
"31163",0,0,0,0,0.0297088711905125,2.48
"31165",0,0,0,0,0.0462954441342829,13.14
"31167",0,0,0,0,0.034403764923,4.58
"31169",0,0,0,0,0.0347118664013737,4.9
"31171",0,0,0,0,0.0445209561255546,11.39
"31173",0,0,0,0,0.0342785402878882,4.52
"31175",0,0,0,0,0.0494873528586161,16.35
"31177",0,0,0,0,0.0826219033044228,49.38
"31179",0,0,0,0,0.0348532588017627,5
"31181",0,0,0,0,0.0341166787735,4.45
"31183",0,0,0,0,0.0168838763357027,0.16
"31185",0,0,0,0,0.0836015059529159,50.11
"32001",0,0,0,0,0.0858123870293633,51.89
"32003",3.99099949793226e-06,0.449437292068024,1,0,0.262640777445778,96.44
"32005",0,0,0,0,0.167062145293837,85.3
"32007",0,0,0,0,0.113708880620601,69.01
"32009",0,0,0,0,0.040738722737067,8.15
"32011",0,0,0,0,0.00819640074864054,0.03
"32013",0,0,0,0,0.0567730800632785,23.61
"32015",0,0,0,0,0.0262829132671588,1.27
"32017",0,0,0,0,0.0490661399714337,15.69
"32019",0,0,0,0,0.116224182517207,70.12
"32021",0,0,0,0,0.0402229351932883,7.7
"32023",0,0,0,0,0.112669365771167,68.37
"32027",0,0,0,0,0.0297979152339673,2.51
"32029",0,0,0,0,0.0557973596835508,22.65
"32031",6.03113573824871e-05,6.79182574615094,1,1,0.319544002649188,98.7
"32033",0,0,0,0,0.0443348553471325,11.23
"32510",0,0,0,0,0.162724949969427,84.06
"33001",0,0,0,0,0.16698612023556,85.24
"33003",0,0,0,0,0.167688859907255,85.4
"33005",0,0,0,0,0.167042936118159,85.27
"33007",0,0,0,0,0.107252530002756,65.67
"33009",0,0,0,0,0.134556644899067,76.9
"33011",0,0,0,0,0.2842728690013,97.55
"33013",0,0,0,0,0.222288345707825,92.81
"33015",0,0,0,0,0.301542920053054,98.22
"33017",0,0,0,0,0.172830741896242,86.35
"33019",0,0,0,0,0.123481357353483,72.76
"34001",0,0,0,0,0.164930522094464,84.63
"34003",0,0,0,0,0.350901075597214,99.52
"34005",0,0,0,0,0.257776375001223,95.99
"34007",0,0,0,0,0.281233929155868,97.39
"34009",0,0,0,0,0.138406542309976,78.24
"34011",0,0,0,0,0.154255284920126,82.18
"34013",0,0,0,0,0.276878331240796,97.23
"34015",0,0,0,0,0.232495336901661,93.95
"34017",0,0,0,0,0.259964745407014,96.18
"34019",0,0,0,0,0.207848985924631,91.25
"34021",0,0,0,0,0.201594406451063,90.55
"34023",0.000157769060208085,17.7668023332941,1,1,0.332497003465427,99.01
"34025",3.58497699096586e-05,4.0371399489793,1,1,0.303110443130125,98.25
"34027",0,0,0,0,0.288764025537381,97.71
"34029",4.62391395820907e-06,0.520711508285008,1,0,0.243614977405776,95
"34031",0,0,0,0,0.336978241639111,99.24
"34033",0,0,0,0,0.100151282413574,61.85
"34035",0,0,0,0,0.235104155552623,94.3
"34037",0,0,0,0,0.183308784565407,88.29
"34039",0,0,0,0,0.326346553548923,98.79
"34041",0,0,0,0,0.1755464277,86.86
"35001",0,0,0,0,0.246268854067124,95.16
"35003",0,0,0,0,0.0535241485830436,20.68
"35005",0,0,0,0,0.116058792688974,70.03
"35006",0,0,0,0,0.0492346774839356,15.94
"35007",0,0,0,0,0.0606085137816827,28.29
"35009",0,0,0,0,0.0840021837525544,50.4
"35011",0,0,0,0,0.041266490190231,8.5
"35013",0,0,0,0,0.164246243736579,84.44
"35015",0,0,0,0,0.114750860802496,69.36
"35017",0,0,0,0,0.0760304410443939,43.53
"35019",0,0,0,0,0.0327740708910281,3.63
"35021",0,0,0,0,0.0368070035803895,5.89
"35023",0,0,0,0,0.0574971116870149,24.56
"35025",0,0,0,0,0.0767130561157835,44.1
"35027",0,0,0,0,0.11659253831562,70.31
"35028",0,0,0,0,0.0296713430564448,2.42
"35029",0,0,0,0,0.0669167399054387,35.48
"35031",0,0,0,0,0.0888817357785953,54.25
"35033",0,0,0,0,0.0539779986225601,21.09
"35035",0,0,0,0,0.0803800942482955,47.25
"35037",0,0,0,0,0.0518587409755369,18.68
"35039",0,0,0,0,0.0806874174535713,47.53
"35041",0,0,0,0,0.0550220071406476,22.08
"35043",0,0,0,0,0.150367801729768,80.94
"35045",0,0,0,0,0.129456821055303,75.12
"35047",0,0,0,0,0.071407715309991,39.48
"35049",0,0,0,0,0.188766642898122,89.06
"35051",0,0,0,0,0.0599921544157072,27.81
"35053",0,0,0,0,0.0451377626661565,12.15
"35055",0,0,0,0,0.130234102913155,75.37
"35057",0,0,0,0,0.0800122367022889,46.96
"35059",0,0,0,0,0.0485323277251113,15.02
"35061",0,0,0,0,0.103982482344043,64.02
"36001",0,0,0,0,0.218930514890724,92.4
"36003",0,0,0,0,0.089404984400271,54.6
"36005",2.60004316071647e-06,0.292797921427408,1,0,0.133584885848502,76.46
"36007",0,0,0,0,0.191476936108531,89.25
"36009",0,0,0,0,0.105963355004969,65.1
"36011",0,0,0,0,0.122295047298714,72.29
"36013",0,0,0,0,0.153718626765774,81.99
"36015",0,0,0,0,0.164292146499204,84.47
"36017",0,0,0,0,0.0893720813462515,54.53
"36019",0,0,0,0,0.141947189746748,79.16
"36021",0,0,0,0,0.150270260295365,80.88
"36023",0,0,0,0,0.102553963583554,63.19
"36025",0,0,0,0,0.108308153196581,66.18
"36027",0,0,0,0,0.168927865999502,85.78
"36029",0,0,0,0,0.2961290029628,98.06
"36031",0,0,0,0,0.102614247844046,63.25
"36033",0,0,0,0,0.0757239440281513,43.27
"36035",0,0,0,0,0.109621209198481,66.91
"36037",0,0,0,0,0.13266596004092,76.2
"36039",0,0,0,0,0.130550866928063,75.5
"36041",0,0,0,0,0.0739775502599095,41.74
"36043",0,0,0,0,0.112424053842619,68.12
"36045",0,0,0,0,0.0969592196572615,60.04
"36047",1.53395848533104e-05,1.72743230899713,1,1,0.232238173495098,93.83
"36049",0,0,0,0,0.0656101957534315,33.85
"36051",0,0,0,0,0.105160988850332,64.75
"36053",0,0,0,0,0.108637971651076,66.47
"36055",3.69491800976936e-05,4.16094751599064,1,1,0.279563539881933,97.36
"36057",0,0,0,0,0.091932972728706,56.57
"36059",0,0,0,0,0.288600867918623,97.68
"36061",1.9003863105292e-06,0.214007663426142,1,0,0.253393963811612,95.77
"36063",0,0,0,0,0.1944011953921,89.82
"36065",0,0,0,0,0.20241430460096,90.68
"36067",0,0,0,0,0.260377190739269,96.25
"36069",0,0,0,0,0.177915846158994,87.24
"36071",0,0,0,0,0.239129180008545,94.65
"36073",0,0,0,0,0.087263857010217,53.2
"36075",0,0,0,0,0.132568465428655,76.11
"36077",0,0,0,0,0.104937006514252,64.62
"36079",0,0,0,0,0.194456808314206,89.85
"36081",0,0,0,0,0.214899144872317,91.98
"36083",0,0,0,0,0.159068967947398,83.23
"36085",0,0,0,0,0.160601320112926,83.61
"36087",0,0,0,0,0.220003454569058,92.49
"36089",0,0,0,0,0.101040855609648,62.36
"36091",0,0,0,0,0.212421122629453,91.76
"36093",0,0,0,0,0.162082736064305,83.9
"36095",0,0,0,0,0.0684159003664941,36.88
"36097",0,0,0,0,0.0650524059890388,33.38
"36099",0,0,0,0,0.0911386601202175,56
"36101",0,0,0,0,0.0999964791589229,61.76
"36103",9.42286309656819e-06,1.06113420356065,1,1,0.373269798797163,99.68
"36105",0,0,0,0,0.106834734710013,65.51
"36107",0,0,0,0,0.0954031604504498,58.83
"36109",0,0,0,0,0.131153830019662,75.76
"36111",0,0,0,0,0.217518224748838,92.2
"36113",0,0,0,0,0.133724037568607,76.55
"36115",0,0,0,0,0.102362418247365,63.09
"36117",0,0,0,0,0.122516577701427,72.38
"36119",0,0,0,0,0.269771496880149,96.88
"36121",0,0,0,0,0.0909768214286806,55.9
"36123",0,0,0,0,0.0987583368130997,61.22
"37001",0,0,0,0,0.169012615598564,85.81
"37003",0,0,0,0,0.0995643217543982,61.63
"37005",0,0,0,0,0.0725694347192554,40.41
"37007",0,0,0,0,0.0625343586541189,30.48
"37009",0,0,0,0,0.0960682288056297,59.4
"37011",0,0,0,0,0.075971714175637,43.43
"37013",0,0,0,0,0.109822096625742,67.1
"37015",0,0,0,0,0.0593490881731381,26.98
"37017",0,0,0,0,0.0495749704424663,16.54
"37019",0,0,0,0,0.1767510939598,86.96
"37021",0,0,0,0,0.239167853159254,94.69
"37023",0,0,0,0,0.103672299234496,63.82
"37025",0,0,0,0,0.198253629729648,90.36
"37027",0,0,0,0,0.12439590977666,73.15
"37029",0,0,0,0,0.0922592506414848,56.79
"37031",0,0,0,0,0.157275127148508,82.72
"37033",0,0,0,0,0.0873291209387126,53.29
"37035",0,0,0,0,0.203958274938875,90.77
"37037",0,0,0,0,0.130803716833512,75.56
"37039",0,0,0,0,0.115147259007941,69.58
"37041",0,0,0,0,0.0765974566528274,44
"37043",0,0,0,0,0.0858595453472827,51.96
"37045",0,0,0,0,0.130145227512224,75.31
"37047",0,0,0,0,0.0872855650459355,53.26
"37049",0,0,0,0,0.120376914852619,71.62
"37051",0,0,0,0,0.0926376650069275,57.21
"37053",0,0,0,0,0.133374815282043,76.39
"37055",0,0,0,0,0.129286128577955,75.06
"37057",0,0,0,0,0.170105541256877,86
"37059",0,0,0,0,0.101777194072477,62.9
"37061",0,0,0,0,0.0632531957280588,31.24
"37063",0,0,0,0,0.169544870968752,85.91
"37065",0,0,0,0,0.0914859238487724,56.32
"37067",0,0,0,0,0.22424024575693,93
"37069",0,0,0,0,0.135124674080144,77.16
"37071",0,0,0,0,0.171489920684083,86.22
"37073",0,0,0,0,0.0646488574518534,32.9
"37075",0,0,0,0,0.0844063503358842,50.78
"37077",0,0,0,0,0.0782992823648672,45.78
"37079",0,0,0,0,0.059081713730384,26.66
"37081",0,0,0,0,0.272553128182628,97.04
"37083",0,0,0,0,0.0962550437474552,59.5
"37085",0,0,0,0,0.114633317860563,69.33
"37087",0,0,0,0,0.131835016049794,75.95
"37089",0,0,0,0,0.181890666129931,87.97
"37091",0,0,0,0,0.0711065059773444,39.17
"37093",0,0,0,0,0.0906295890444419,55.55
"37095",0,0,0,0,0.0728356469969686,40.85
"37097",0,0,0,0,0.223368302596987,92.9
"37099",0,0,0,0,0.0846039666445805,51
"37101",0,0,0,0,0.16314460772359,84.19
"37103",0,0,0,0,0.0802443598427495,47.18
"37105",0,0,0,0,0.113813970170727,69.04
"37107",0,0,0,0,0.0975267707433588,60.42
"37109",0,0,0,0,0.16462864049937,84.57
"37111",0,0,0,0,0.0824578915625186,49.16
"37113",0,0,0,0,0.126182236918163,73.78
"37115",0,0,0,0,0.111632716023592,67.8
"37117",0,0,0,0,0.0926763801032459,57.27
"37119",0,0,0,0,0.313088768113005,98.47
"37121",0,0,0,0,0.0714128938395245,39.52
"37123",0,0,0,0,0.0694274409262918,37.96
"37125",0,0,0,0,0.148568623915012,80.59
"37127",0,0,0,0,0.127254791983958,74.1
"37129",0,0,0,0,0.211785936735608,91.7
"37131",0,0,0,0,0.0534550614737779,20.55
"37133",0,0,0,0,0.0808701338313017,47.73
"37135",0,0,0,0,0.128631074815749,74.55
"37137",0,0,0,0,0.0587525852376569,26.15
"37139",0,0,0,0,0.0966735238563455,59.82
"37141",0,0,0,0,0.140240534230513,78.68
"37143",0,0,0,0,0.0890848028395772,54.31
"37145",0,0,0,0,0.0977881883232462,60.64
"37147",0,0,0,0,0.143161399365773,79.51
"37149",0,0,0,0,0.113923031879274,69.11
"37151",0,0,0,0,0.152769054661119,81.67
"37153",0,0,0,0,0.0980042442985006,60.8
"37155",0,0,0,0,0.0993281125098829,61.5
"37157",0,0,0,0,0.110228833509025,67.23
"37159",0,0,0,0,0.163909013109688,84.38
"37161",0,0,0,0,0.127604008342207,74.23
"37163",0,0,0,0,0.0761476972179868,43.65
"37165",0,0,0,0,0.073093307362741,41.14
"37167",0,0,0,0,0.129260562838371,75.02
"37169",0,0,0,0,0.0899745998463504,55.07
"37171",0,0,0,0,0.112559410658798,68.28
"37173",0,0,0,0,0.042135667593773,9.23
"37175",0,0,0,0,0.112617206480353,68.31
"37177",0,0,0,0,0.0454205152301408,12.34
"37179",0,0,0,0,0.191751857508559,89.34
"37181",0,0,0,0,0.100639998061638,62.2
"37183",0,0,0,0,0.286852288466411,97.61
"37185",0,0,0,0,0.0577631552957834,25.04
"37187",0,0,0,0,0.0823680451612744,49.06
"37189",0,0,0,0,0.117806290835713,70.73
"37191",0,0,0,0,0.119982053421666,71.33
"37193",0,0,0,0,0.101129705878195,62.46
"37195",0,0,0,0,0.129118730771586,74.93
"37197",0,0,0,0,0.0886644174101611,54.02
"37199",0,0,0,0,0.0766429327872374,44.07
"38001",0,0,0,0,0.0314510195309463,2.93
"38003",0,0,0,0,0.0647610368220703,33.06
"38005",0,0,0,0,0.0231083430111399,0.64
"38007",0,0,0,0,0.0293149026207526,2.23
"38009",0,0,0,0,0.0563874799295557,23.19
"38011",0,0,0,0,0.0465794564749878,13.39
"38013",0,0,0,0,0.0340896375947954,4.42
"38015",0,0,0,0,0.193963392725977,89.72
"38017",0,0,0,0,0.221292524616792,92.65
"38019",0,0,0,0,0.0308969594223924,2.7
"38021",0,0,0,0,0.0368549659689116,5.92
"38023",0,0,0,0,0.0367787597946854,5.85
"38025",0,0,0,0,0.0373900724676197,6.17
"38027",0,0,0,0,0.0368748895106234,5.95
"38029",0,0,0,0,0.0465212004111055,13.3
"38031",0,0,0,0,0.0396722734064388,7.57
"38033",0,0,0,0,0.02298482006234,0.6
"38035",0,0,0,0,0.147551764695152,80.43
"38037",0,0,0,0,0.027929502506356,1.69
"38039",0,0,0,0,0.0364311610004563,5.76
"38041",0,0,0,0,0.0337277911854152,4.17
"38043",0,0,0,0,0.0333660922928602,3.88
"38045",0,0,0,0,0.045112382684369,12.12
"38047",0,0,0,0,0.0283620042336837,1.85
"38049",0,0,0,0,0.0530804266600984,20.08
"38051",0,0,0,0,0.0345575498457727,4.77
"38053",0,0,0,0,0.0493343317948633,16.16
"38055",0,0,0,0,0.0432579010719806,10.28
"38057",0,0,0,0,0.0375960308657532,6.33
"38059",0,0,0,0,0.120190752986351,71.46
"38061",0,0,0,0,0.0542846459085082,21.51
"38063",0,0,0,0,0.0324282744687968,3.34
"38065",0,0,0,0,0.0353595881252355,5.19
"38067",0,0,0,0,0.0450722780172947,12.06
"38069",0,0,0,0,0.0441886458342028,11.1
"38071",0,0,0,0,0.0774609486769272,44.99
"38073",0,0,0,0,0.0390331323289205,7.03
"38075",0,0,0,0,0.0423918468421,9.42
"38077",0,0,0,0,0.0687090450855155,37.16
"38079",0,0,0,0,0.0425972936118223,9.61
"38081",0,0,0,0,0.0284524199550704,1.88
"38083",0,0,0,0,0.0236631448964142,0.73
"38085",0,0,0,0,0.02217015753921,0.51
"38087",0,0,0,0,0.0278097816081263,1.59
"38089",0,0,0,0,0.112963404866097,68.5
"38091",0,0,0,0,0.0385821290366615,6.81
"38093",0,0,0,0,0.0783443607436668,45.82
"38095",0,0,0,0,0.0265621637218628,1.37
"38097",0,0,0,0,0.0405704559083673,8.05
"38099",0,0,0,0,0.0476298983247362,14.09
"38101",0,0,0,0,0.133661727439908,76.52
"38103",0,0,0,0,0.0422773431399787,9.29
"38105",0,0,0,0,0.0924248529161416,56.92
"39001",0,0,0,0,0.0911613966236982,56.03
"39003",1.84904404422913e-05,2.08225871384701,1,1,0.209057517901457,91.41
"39005",0,0,0,0,0.117711257324208,70.7
"39007",0,0,0,0,0.142844663576801,79.41
"39009",0,0,0,0,0.0974542970999956,60.39
"39011",0,0,0,0,0.101114995700423,62.39
"39013",0,0,0,0,0.132871407830151,76.23
"39015",0,0,0,0,0.0972567740871016,60.2
"39017",0,0,0,0,0.263995404809644,96.53
"39019",0,0,0,0,0.107201410169143,65.61
"39021",0,0,0,0,0.0837192773411794,50.14
"39023",0,0,0,0,0.139934602227524,78.62
"39025",0,0,0,0,0.196014604110886,90.07
"39027",0,0,0,0,0.0924056167164847,56.89
"39029",0,0,0,0,0.162993265910069,84.12
"39031",0,0,0,0,0.11366392212312,68.98
"39033",0,0,0,0,0.108086416658327,66.02
"39035",1.30019060794312e-06,0.146417995369077,1,0,0.35280566665305,99.55
"39037",0,0,0,0,0.115237709988846,69.65
"39039",0,0,0,0,0.103166338599353,63.47
"39041",0,0,0,0,0.19508129333923,89.95
"39043",0,0,0,0,0.148447264524333,80.53
"39045",0,0,0,0,0.15326952458309,81.8
"39047",0,0,0,0,0.0901933131936622,55.23
"39049",0,0,0,0,0.282186980637165,97.45
"39051",0,0,0,0,0.0967407997445447,59.85
"39053",0,0,0,0,0.076040272586097,43.56
"39055",0,0,0,0,0.180054272883875,87.62
"39057",0,0,0,0,0.123832390598797,72.92
"39059",0,0,0,0,0.102565808483614,63.22
"39061",1.24547182031044e-05,1.40255964090542,1,1,0.333280702340593,99.05
"39063",0,0,0,0,0.120386321885284,71.65
"39065",0,0,0,0,0.071692816730047,39.77
"39067",0,0,0,0,0.0692208791495984,37.54
"39069",0,0,0,0,0.0748855151784426,42.63
"39071",0,0,0,0,0.0933061095805938,57.62
"39073",0,0,0,0,0.0983565615220647,61.06
"39075",0,0,0,0,0.155924296051356,82.47
"39077",0,0,0,0,0.107458622708777,65.8
"39079",0,0,0,0,0.0792772653490744,46.36
"39081",0,0,0,0,0.108628804570313,66.43
"39083",0,0,0,0,0.115306587686055,69.74
"39085",0,0,0,0,0.252036664999141,95.58
"39087",0,0,0,0,0.0892701317377048,54.44
"39089",0,0,0,0,0.151006883782681,81.16
"39091",0,0,0,0,0.0958774302617764,59.31
"39093",0,0,0,0,0.203273548377509,90.74
"39095",4.67160922923119e-06,0.526082602283828,1,0,0.234274255043952,94.21
"39097",0,0,0,0,0.0663902565907043,34.81
"39099",0,0,0,0,0.22553149031514,93.25
"39101",0,0,0,0,0.103738318703363,63.89
"39103",0,0,0,0,0.225595423411764,93.29
"39105",0,0,0,0,0.0643958653530553,32.45
"39107",0,0,0,0,0.0933235183651999,57.65
"39109",0,0,0,0,0.151798593217892,81.39
"39111",0,0,0,0,0.0755300780056011,42.98
"39113",0,0,0,0,0.268585386818662,96.75
"39115",0,0,0,0,0.0568254964817138,23.64
"39117",0,0,0,0,0.117545228411851,70.6
"39119",0,0,0,0,0.12347984270476,72.73
"39121",0,0,0,0,0.0686827063053686,37.13
"39123",0,0,0,0,0.103331563289661,63.63
"39125",0,0,0,0,0.064818685061775,33.15
"39127",0,0,0,0,0.076788531954873,44.16
"39129",0,0,0,0,0.0778760216696269,45.28
"39131",0,0,0,0,0.064122247301566,32.26
"39133",0,0,0,0,0.173807221503227,86.51
"39135",0,0,0,0,0.0728054363535722,40.82
"39137",0,0,0,0,0.0910736043012946,55.97
"39139",0,0,0,0,0.170303140311961,86.03
"39141",0,0,0,0,0.106723435525341,65.48
"39143",0,0,0,0,0.112809839070478,68.41
"39145",0,0,0,0,0.101139190960402,62.49
"39147",0,0,0,0,0.113544039893721,68.85
"39149",0,0,0,0,0.0906418962085214,55.58
"39151",0,0,0,0,0.257223768626745,95.96
"39153",8.04367365067374e-05,9.05819934507815,1,1,0.315456968629784,98.5
"39155",0,0,0,0,0.206047594422767,91.06
"39157",0,0,0,0,0.180533589275164,87.69
"39159",0,0,0,0,0.110895522114527,67.48
"39161",0,0,0,0,0.0812781924153796,47.98
"39163",0,0,0,0,0.0607089129103643,28.44
"39165",0,0,0,0,0.228214061233043,93.54
"39167",0,0,0,0,0.128739306754974,74.67
"39169",0,0,0,0,0.170710980833729,86.13
"39171",0,0,0,0,0.105252622526372,64.78
"39173",0,0,0,0,0.164773693438045,84.6
"39175",0,0,0,0,0.0660039725736475,34.11
"40001",0,0,0,0,0.0678421931474631,36.37
"40003",0,0,0,0,0.0348284159893403,4.96
"40005",0,0,0,0,0.0771385106671778,44.54
"40007",0,0,0,0,0.0436634953630225,10.59
"40009",0,0,0,0,0.0643524148608588,32.36
"40011",0,0,0,0,0.0498047242331687,16.8
"40013",0,0,0,0,0.0883902627411626,53.96
"40015",0,0,0,0,0.0572526288727903,24.18
"40017",0,0,0,0,0.16863381664608,85.68
"40019",0,0,0,0,0.131491898462997,75.85
"40021",0,0,0,0,0.055481955208373,22.37
"40023",0,0,0,0,0.053098115203146,20.17
"40025",0,0,0,0,0.0315127256568878,2.96
"40027",0,0,0,0,0.179876442152042,87.56
"40029",0,0,0,0,0.0462962031862736,13.17
"40031",0,0,0,0,0.0973442106440092,60.29
"40033",0,0,0,0,0.0299838523969975,2.55
"40035",0,0,0,0,0.077130876464749,44.51
"40037",0,0,0,0,0.13419916838065,76.81
"40039",0,0,0,0,0.0866184915747106,52.82
"40041",0,0,0,0,0.106416439800526,65.29
"40043",0,0,0,0,0.0372802282742846,6.11
"40045",0,0,0,0,0.0272303381651195,1.46
"40047",0,0,0,0,0.132193583033325,76.07
"40049",0,0,0,0,0.0832318204930165,49.7
"40051",0,0,0,0,0.119620583071769,71.14
"40053",0,0,0,0,0.0438183934574624,10.79
"40055",0,0,0,0,0.0325675967874929,3.4
"40057",0,0,0,0,0.0494638754044877,16.32
"40059",0,0,0,0,0.0363303977930564,5.66
"40061",0,0,0,0,0.0644901779708021,32.61
"40063",0,0,0,0,0.0557688848068068,22.59
"40065",0,0,0,0,0.0623674375449238,30.26
"40067",0,0,0,0,0.0452779276162547,12.25
"40069",0,0,0,0,0.0448163562667011,11.8
"40071",0,0,0,0,0.100765027076272,62.27
"40073",0,0,0,0,0.0824056148298801,49.09
"40075",0,0,0,0,0.045324057369531,12.28
"40077",0,0,0,0,0.0436867375020979,10.63
"40079",0,0,0,0,0.0888445907655214,54.12
"40081",0,0,0,0,0.080426301508537,47.38
"40083",0,0,0,0,0.121286718257587,71.91
"40085",0,0,0,0,0.0326640357142571,3.44
"40087",0,0,0,0,0.0970709019575486,60.17
"40089",0,0,0,0,0.0783462587042916,45.85
"40091",0,0,0,0,0.0655738400385916,33.76
"40093",0,0,0,0,0.056867886558156,23.67
"40095",0,0,0,0,0.0569673841555153,23.8
"40097",0,0,0,0,0.0969748754189567,60.07
"40099",0,0,0,0,0.0579732357743729,25.14
"40101",3.35120643431635e-05,3.77388457648371,1,1,0.13808290094757,77.89
"40103",0,0,0,0,0.0391057405534134,7.13
"40105",0,0,0,0,0.059250247655495,26.89
"40107",0,0,0,0,0.0466102405369509,13.43
"40109",5.39083557951482e-06,0.607076634837056,1,0,0.251428252505785,95.51
"40111",0,0,0,0,0.0770975652848253,44.48
"40113",0,0,0,0,0.08514402271297,51.29
"40115",0,0,0,0,0.0794285033757424,46.55
"40117",0,0,0,0,0.0666322420523109,35.13
"40119",2.31069621276891e-05,2.60213775821508,1,1,0.140684292014169,78.81
"40121",0,0,0,0,0.097359831847462,60.32
"40123",0,0,0,0,0.0925749493055841,57.11
"40125",0,0,0,0,0.114061270087972,69.2
"40127",0,0,0,0,0.0661963162223405,34.43
"40129",0,0,0,0,0.0491437834582621,15.78
"40131",2.80253349027521e-05,3.15600907354616,1,1,0.165772322637195,84.86
"40133",0,0,0,0,0.0640409747641292,32.17
"40135",0,0,0,0,0.0841906307292727,50.49
"40137",0,0,0,0,0.0925631745429743,57.08
"40139",0,0,0,0,0.0486890642628438,15.18
"40141",0,0,0,0,0.0467549212767421,13.52
"40143",1.20492670430858e-05,1.35690068466675,1,1,0.344342026031031,99.33
"40145",0,0,0,0,0.121362979998645,71.94
"40147",0,0,0,0,0.112525473691179,68.22
"40149",0,0,0,0,0.0638626428729118,31.94
"40151",0,0,0,0,0.0544412567993951,21.6
"40153",0.000104525974704714,11.7709538791966,1,1,0.113069688645841,68.6
"41001",0,0,0,0,0.0979719273935528,60.77
"41003",0,0,0,0,0.134018899121418,76.68
"41005",0,0,0,0,0.292070245212225,97.84
"41007",0,0,0,0,0.129506697881592,75.15
"41009",0,0,0,0,0.146105691926772,80.18
"41011",0,0,0,0,0.138541278189434,78.27
"41013",0,0,0,0,0.119005510093703,70.95
"41015",0,0,0,0,0.109650823426335,66.94
"41017",0,0,0,0,0.250886345288893,95.48
"41019",0,0,0,0,0.130585397995284,75.53
"41021",0,0,0,0,0.0430283984198744,10.02
"41023",0,0,0,0,0.062725139899315,30.64
"41025",0,0,0,0,0.0571067512052287,23.93
"41027",0,0,0,0,0.109189971460791,66.66
"41029",0,0,0,0,0.227464896806764,93.45
"41031",0,0,0,0,0.0765069494890026,43.91
"41033",0,0,0,0,0.153656679330796,81.93
"41035",0,0,0,0,0.128270716978653,74.45
"41037",0,0,0,0,0.0447683283057582,11.74
"41039",0,0,0,0,0.253025780595314,95.64
"41041",0,0,0,0,0.118513098025082,70.86
"41043",0,0,0,0,0.14047290809491,78.75
"41045",0,0,0,0,0.0878341697032393,53.67
"41047",0,0,0,0,0.188732967095937,89.02
"41049",0,0,0,0,0.0442465675434443,11.14
"41051",0,0,0,0,0.350519184084855,99.49
"41053",0,0,0,0,0.127765414577771,74.29
"41055",0,0,0,0,0.0481687613534461,14.54
"41057",0,0,0,0,0.088164191717059,53.77
"41059",0,0,0,0,0.110636247282232,67.36
"41061",0,0,0,0,0.0957279805495258,59.15
"41063",0,0,0,0,0.104666528882801,64.4
"41065",0,0,0,0,0.0976039756894024,60.52
"41067",0,0,0,0,0.266353056369908,96.66
"41069",0,0,0,0,0.0577109185571933,24.91
"41071",0,0,0,0,0.150951487263001,81.13
"42001",0,0,0,0,0.144697071029862,79.8
"42003",0.000102192705861155,11.5081981381199,1,1,0.319439300472275,98.63
"42005",0,0,0,0,0.138260140064605,78.11
"42007",0,0,0,0,0.193161308703235,89.63
"42009",0,0,0,0,0.098299154081763,61.02
"42011",0,0,0,0,0.255898303754403,95.9
"42013",0,0,0,0,0.185511516112556,88.58
"42015",0,0,0,0,0.101850554669409,62.93
"42017",0,0,0,0,0.332274646102675,98.98
"42019",0.000328498249720263,36.9930800241525,1,1,0.243044188621691,94.97
"42021",0,0,0,0,0.179075214240641,87.46
"42023",0,0,0,0,0.0495526540509584,16.48
"42025",0,0,0,0,0.10365959503132,63.79
"42027",0,0,0,0,0.132893888060809,76.26
"42029",0,0,0,0,0.309048900909788,98.38
"42031",0,0,0,0,0.0981746684969731,60.99
"42033",0,0,0,0,0.122787219941253,72.48
"42035",0,0,0,0,0.105010471229948,64.65
"42037",0,0,0,0,0.125514464473395,73.56
"42039",0,0,0,0,0.152864912447641,81.71
"42041",0,0,0,0,0.162217826422867,83.96
"42043",0.000283053858316903,31.8754636920564,1,1,0.215880350199091,92.05
"42045",0,0,0,0,0.262685309930078,96.47
"42047",0,0,0,0,0.0957082236893771,59.12
"42049",0,0,0,0,0.217630121181806,92.24
"42051",0,0,0,0,0.150847174475778,81.1
"42053",0,0,0,0,0.0854350360891949,51.54
"42055",0,0,0,0,0.142526127781951,79.35
"42057",0,0,0,0,0.0649397807669082,33.31
"42059",0,0,0,0,0.0671727439081799,35.83
"42061",0,0,0,0,0.0860972759044554,52.21
"42063",0,0,0,0,0.12865824227139,74.58
"42065",0,0,0,0,0.112424084134126,68.15
"42067",0,0,0,0,0.0837539734304336,50.24
"42069",0,0,0,0,0.199154793882777,90.42
"42071",0,0,0,0,0.292655787478058,97.96
"42073",0,0,0,0,0.157892719139195,82.91
"42075",0,0,0,0,0.155685344566078,82.41
"42077",0,0,0,0,0.232549783074699,94.02
"42079",0,0,0,0,0.223423745556967,92.94
"42081",0,0,0,0,0.183129658099499,88.16
"42083",0,0,0,0,0.100084662206562,61.79
"42085",0,0,0,0,0.159329726789838,83.33
"42087",0,0,0,0,0.117485384610043,70.54
"42089",0,0,0,0,0.14490736518532,79.86
"42091",0,0,0,0,0.327102807903005,98.85
"42093",0,0,0,0,0.0534182279147801,20.49
"42095",0,0,0,0,0.22948247712935,93.7
"42097",0,0,0,0,0.138731114756067,78.3
"42099",0,0,0,0,0.0974115564585916,60.36
"42101",9.03105445602124e-05,10.1701156848954,1,1,0.246231144745892,95.13
"42103",0,0,0,0,0.0997694925963019,61.72
"42105",0,0,0,0,0.071663656722935,39.74
"42107",0,0,0,0,0.153789400334951,82.02
"42109",0,0,0,0,0.102802647411858,63.32
"42111",0,0,0,0,0.145587676780378,80.02
"42113",0,0,0,0,0.0720337731392182,39.99
"42115",0,0,0,0,0.121620591624848,72.03
"42117",0,0,0,0,0.0970050236114453,60.1
"42119",0,0,0,0,0.0895357985466035,54.72
"42121",0,0,0,0,0.139517355263311,78.52
"42123",0,0,0,0,0.0966707422631376,59.78
"42125",0,0,0,0,0.220542844169664,92.59
"42127",0,0,0,0,0.131770375283448,75.91
"42129",0,0,0,0,0.261116452511664,96.31
"42131",0,0,0,0,0.0896999009550189,54.88
"42133",0,0,0,0,0.25327523323912,95.74
"44001",0,0,0,0,0.191631240781973,89.28
"44003",0,0,0,0,0.227004810428306,93.41
"44005",0,0,0,0,0.165524009587539,84.76
"44007",0,0,0,0,0.271013268186845,96.95
"44009",0,0,0,0,0.192746618385041,89.47
"45001",0,0,0,0,0.0912176035354319,56.12
"45003",0,0,0,0,0.131098489198942,75.72
"45005",0,0,0,0,0.0482078804004993,14.6
"45007",0,0,0,0,0.174099276392922,86.54
"45009",0,0,0,0,0.0663179410928671,34.65
"45011",0,0,0,0,0.0622854033590944,30.13
"45013",0,0,0,0,0.183287215376892,88.26
"45015",0.000889668244001186,100.187957084427,1,1,0.236273091585036,94.5
"45017",0,0,0,0,0.0651354691591732,33.41
"45019",3.17340433296628e-05,3.573656801471,1,1,0.295420565557608,98.03
"45021",0,0,0,0,0.115540818825627,69.87
"45023",0,0,0,0,0.107061058548225,65.54
"45025",0,0,0,0,0.07865357832466,46.01
"45027",0,0,0,0,0.0927936158545279,57.4
"45029",0,0,0,0,0.108505792796252,66.37
"45031",0,0,0,0,0.0966303601435453,59.69
"45033",0,0,0,0,0.0646233867590713,32.83
"45035",0,0,0,0,0.169310254613031,85.84
"45037",0,0,0,0,0.0774519336518309,44.96
"45039",0,0,0,0,0.0898386124779872,54.95
"45041",0,0,0,0,0.151039053968305,81.2
"45043",0,0,0,0,0.139039399773549,78.36
"45045",0,0,0,0,0.2840721653062,97.52
"45047",0.000323060024552562,36.3806667190909,1,1,0.149128963880399,80.72
"45049",0,0,0,0,0.0824387421319076,49.13
"45051",3.04569764750314e-05,3.42984283476097,1,1,0.253141780631731,95.7
"45053",0,0,0,0,0.112986335578124,68.53
"45055",0,0,0,0,0.138228042354756,78.08
"45057",0,0,0,0,0.165641737704985,84.79
"45059",0,0,0,0,0.104251139280339,64.24
"45061",0,0,0,0,0.0795604405991627,46.58
"45063",0,0,0,0,0.247176936594384,95.2
"45065",0,0,0,0,0.0850028788791054,51.26
"45067",0,0,0,0,0.0788332802406206,46.17
"45069",0,0,0,0,0.059865523968456,27.59
"45071",0,0,0,0,0.0828417320551096,49.54
"45073",0,0,0,0,0.144770595999711,79.83
"45075",0,0,0,0,0.121832186681677,72.16
"45077",0,0,0,0,0.136959202014191,77.6
"45079",0,0,0,0,0.224739964554328,93.06
"45081",0,0,0,0,0.0515931793859809,18.36
"45083",0,0,0,0,0.226778172858283,93.38
"45085",0,0,0,0,0.130267404041674,75.41
"45087",0,0,0,0,0.0630373634307491,31.02
"45089",0,0,0,0,0.0611508800271142,28.86
"45091",0,0,0,0,0.259350451615015,96.12
"46003",0,0,0,0,0.0291542378660595,2.13
"46005",0,0,0,0,0.0816144453929117,48.43
"46007",0,0,0,0,0.0327554962373903,3.6
"46009",0,0,0,0,0.0488243839120665,15.37
"46011",0,0,0,0,0.100449570325955,61.95
"46013",0,0,0,0,0.130955725509056,75.63
"46015",0,0,0,0,0.0516196141848189,18.45
"46017",0,0,0,0,0.0284846288170393,1.91
"46019",0,0,0,0,0.0915912684166778,56.35
"46021",0,0,0,0,0.0362740406168223,5.63
"46023",0,0,0,0,0.0621595797625718,30.03
"46025",0,0,0,0,0.0315971615521223,2.99
"46027",0,0,0,0,0.0530019510143435,19.92
"46029",0,0,0,0,0.127462215416394,74.16
"46031",0,0,0,0,0.0252287873247035,1.02
"46033",0,0,0,0,0.0908496189454187,55.68
"46035",0,0,0,0,0.11169695560865,67.83
"46037",0,0,0,0,0.054944902517885,21.95
"46039",0,0,0,0,0.0501178715440803,17.12
"46041",0,0,0,0,0.0325674494111284,3.37
"46043",0,0,0,0,0.0336458528491257,4.1
"46045",0,0,0,0,0.041088627505449,8.43
"46047",0,0,0,0,0.059687220374387,27.2
"46049",0,0,0,0,0.0332028448057552,3.79
"46051",0,0,0,0,0.0540013880394767,21.16
"46053",0,0,0,0,0.0545058201326725,21.67
"46055",0,0,0,0,0.0404486358660719,7.95
"46057",0,0,0,0,0.0391295081606514,7.16
"46059",0,0,0,0,0.0372817694009316,6.14
"46061",0,0,0,0,0.0471305090290271,13.74
"46063",0,0,0,0,0.0268009378230458,1.4
"46065",0,0,0,0,0.0993644392809116,61.57
"46067",0,0,0,0,0.0432743944170347,10.34
"46069",0,0,0,0,0.0256197390527662,1.11
"46071",0,0,0,0,0.0289642035791986,2.07
"46073",0,0,0,0,0.0224534210214813,0.57
"46075",0,0,0,0,0.0307440365397505,2.64
"46077",0,0,0,0,0.0464985115698599,13.24
"46079",0,0,0,0,0.0726831692988454,40.6
"46081",0,0,0,0,0.126564105165719,73.88
"46083",0,0,0,0,0.151148676714373,81.23
"46085",0,0,0,0,0.0328637245597272,3.66
"46087",0,0,0,0,0.0588925207747783,26.41
"46089",0,0,0,0,0.027384575421636,1.5
"46091",0,0,0,0,0.0344711529105149,4.68
"46093",0,0,0,0,0.117705001410693,70.66
"46095",0,0,0,0,0.0197387216377145,0.35
"46097",0,0,0,0,0.042470272127142,9.48
"46099",0,0,0,0,0.220590836789373,92.62
"46101",0,0,0,0,0.0395805634939962,7.54
"46102",0,0,0,0,0.0263787539693936,1.3
"46103",0,0,0,0,0.211255069129313,91.6
"46105",0,0,0,0,0.0446939556122853,11.68
"46107",0,0,0,0,0.0352790305481268,5.15
"46109",0,0,0,0,0.0444058347136953,11.26
"46111",0,0,0,0,0.025798012776305,1.18
"46115",0,0,0,0,0.0339771035148323,4.33
"46117",0,0,0,0,0.0512292462987365,17.98
"46119",0,0,0,0,0.0287930347187059,2
"46121",0,0,0,0,0.0219257295878255,0.45
"46123",0,0,0,0,0.0530567196542703,20.04
"46125",0,0,0,0,0.0518125409481502,18.64
"46127",0,0,0,0,0.112265960702837,68.06
"46129",0,0,0,0,0.0579755149951834,25.17
"46135",0,0,0,0,0.109035094116965,66.59
"46137",0,0,0,0,0.0261944687867379,1.21
"47001",0,0,0,0,0.115442270767112,69.77
"47003",0,0,0,0,0.0958453234750111,59.21
"47005",0,0,0,0,0.0892906062335175,54.47
"47007",0,0,0,0,0.0768615028803152,44.32
"47009",0,0,0,0,0.173711898321353,86.48
"47011",0,0,0,0,0.146428751646759,80.24
"47013",0,0,0,0,0.103539396190494,63.7
"47015",0,0,0,0,0.0903817183998928,55.33
"47017",0,0,0,0,0.0812844394150264,48.01
"47019",0,0,0,0,0.100675200803417,62.23
"47021",0,0,0,0,0.108249281037916,66.12
"47023",0,0,0,0,0.0734112616065575,41.43
"47025",0,0,0,0,0.0743045846536303,42.09
"47027",0,0,0,0,0.0613907162646063,29.11
"47029",0,0,0,0,0.0753048946738309,42.86
"47031",0,0,0,0,0.128143326424873,74.32
"47033",0,0,0,0,0.0557122563649476,22.53
"47035",0,0,0,0,0.124019318471181,72.99
"47037",0,0,0,0,0.289792508185241,97.74
"47039",0,0,0,0,0.0942337213159246,58.16
"47041",0,0,0,0,0.0656624605615038,33.92
"47043",0,0,0,0,0.123663114837119,72.86
"47045",0,0,0,0,0.0832651366190811,49.73
"47047",0,0,0,0,0.135122403926072,77.12
"47049",0,0,0,0,0.062464798893714,30.42
"47051",0,0,0,0,0.0900592942866896,55.11
"47053",0,0,0,0,0.104637075054183,64.37
"47055",0,0,0,0,0.0883210218450333,53.9
"47057",0,0,0,0,0.0702699686738649,38.63
"47059",0,0,0,0,0.112534439522591,68.25
"47061",0,0,0,0,0.0685185168113106,36.91
"47063",0,0,0,0,0.120620320240041,71.75
"47065",0,0,0,0,0.269626242806072,96.85
"47067",0,0,0,0,0.0521591657639887,18.93
"47069",0,0,0,0,0.0647965454106239,33.12
"47071",0,0,0,0,0.0896595016163658,54.82
"47073",0,0,0,0,0.0813302965624332,48.04
"47075",0,0,0,0,0.0520893785778465,18.9
"47077",0,0,0,0,0.0790344608664283,46.2
"47079",0,0,0,0,0.113339073058009,68.79
"47081",0,0,0,0,0.0909244774130842,55.84
"47083",0,0,0,0,0.0855189506912473,51.64
"47085",0,0,0,0,0.0742891663806509,42.03
"47087",0,0,0,0,0.0774167087775965,44.89
"47089",0,0,0,0,0.0909252939780857,55.87
"47091",0,0,0,0,0.0661790948152779,34.36
"47093",0,0,0,0,0.261053333588989,96.28
"47095",0,0,0,0,0.0407740293508405,8.24
"47097",0,0,0,0,0.0505227698606517,17.44
"47099",0,0,0,0,0.0992932785161928,61.47
"47101",0,0,0,0,0.0767938328295502,44.19
"47103",0,0,0,0,0.0841603874482873,50.43
"47105",0,0,0,0,0.12029442983845,71.56
"47107",0,0,0,0,0.100200762710582,61.88
"47109",0,0,0,0,0.0969076938619834,60.01
"47111",0,0,0,0,0.0745506963396872,42.35
"47113",0,0,0,0,0.155751935631343,82.44
"47115",0,0,0,0,0.0873401244485971,53.32
"47117",0,0,0,0,0.0959947655189521,59.34
"47119",0,0,0,0,0.166761494588485,85.05
"47121",0,0,0,0,0.0501570629443058,17.15
"47123",0,0,0,0,0.0860457041759251,52.12
"47125",0,0,0,0,0.162642210990557,84.03
"47127",0,0,0,0,0.0415361754831754,8.75
"47129",0,0,0,0,0.0554922840254599,22.4
"47131",0,0,0,0,0.0858941746805701,52.05
"47133",0,0,0,0,0.0858716876260061,51.99
"47135",0,0,0,0,0.0540928225391115,21.29
"47137",0,0,0,0,0.0778905546786443,45.31
"47139",0,0,0,0,0.0773793910363481,44.83
"47141",0,0,0,0,0.146666578708816,80.31
"47143",0,0,0,0,0.0628433083697142,30.86
"47145",0,0,0,0,0.082813115145329,49.51
"47147",0,0,0,0,0.120423705877464,71.68
"47149",0,0,0,0,0.210599357171508,91.5
"47151",0,0,0,0,0.069560725989361,38.02
"47153",0,0,0,0,0.081377848506881,48.11
"47155",0,0,0,0,0.126668101342688,73.91
"47157",0,0,0,0,0.276985714445084,97.3
"47159",0,0,0,0,0.0674441091108926,36.11
"47161",0,0,0,0,0.0653986564431768,33.57
"47163",0,0,0,0,0.159878228573488,83.46
"47165",0,0,0,0,0.21409982780676,91.95
"47167",0,0,0,0,0.105635359463791,64.97
"47169",0,0,0,0,0.05809868407114,25.36
"47171",0,0,0,0,0.0619036045839132,29.65
"47173",0,0,0,0,0.084640639372475,51.03
"47175",0,0,0,0,0.0786370143485208,45.98
"47177",0,0,0,0,0.103058135989946,63.41
"47179",0,0,0,0,0.162277820904733,84
"47181",0,0,0,0,0.0610855628337226,28.79
"47183",0,0,0,0,0.0855852948151818,51.73
"47185",0,0,0,0,0.0873592540527681,53.36
"47187",0,0,0,0,0.261439573150392,96.37
"47189",0,0,0,0,0.157790167912025,82.85
"48001",0,0,0,0,0.124716752495467,73.31
"48003",0,0,0,0,0.0609833166885729,28.76
"48005",0,0,0,0,0.128759064305997,74.74
"48007",0,0,0,0,0.127315429055584,74.13
"48009",0,0,0,0,0.0599673351779048,27.74
"48011",0,0,0,0,0.0477671045823588,14.25
"48013",0,0,0,0,0.0852362893403812,51.38
"48015",0,0,0,0,0.150725927747382,81.07
"48017",0,0,0,0,0.0448934680324453,11.87
"48019",0,0,0,0,0.0973063279173342,60.26
"48021",0,0,0,0,0.153698189542788,81.96
"48023",0,0,0,0,0.052759137578846,19.66
"48025",0,0,0,0,0.0705395850098998,38.88
"48027",0,0,0,0,0.125216226819021,73.5
"48029",5.5852816657544e-06,0.62897373667784,1,0,0.244615686637681,95.04
"48031",0,0,0,0,0.104417176281115,64.27
"48033",0,0,0,0,0.0509473597180511,17.88
"48035",0,0,0,0,0.0747557359548127,42.57
"48037",0,0,0,0,0.15301709423709,81.74
"48039",0,0,0,0,0.178755915803738,87.34
"48041",0,0,0,0,0.134714672495494,76.93
"48043",0,0,0,0,0.0756741240485779,43.21
"48045",0,0,0,0,0.0474062512114532,13.94
"48047",0,0,0,0,0.040838214529221,8.27
"48049",0,0,0,0,0.104201987078198,64.17
"48051",0,0,0,0,0.0866007683155992,52.75
"48053",0,0,0,0,0.156433143568282,82.63
"48055",0,0,0,0,0.105670655562324,65
"48057",0,0,0,0,0.0663510952815327,34.71
"48059",0,0,0,0,0.0923347629840633,56.82
"48061",0,0,0,0,0.154796055396531,82.31
"48063",0,0,0,0,0.0672391001853793,35.98
"48065",0,0,0,0,0.0292313217669029,2.16
"48067",0,0,0,0,0.0711381568855594,39.29
"48069",0,0,0,0,0.0318170474285698,3.15
"48071",0,0,0,0,0.1015692645811,62.71
"48073",0,0,0,0,0.0980803354172923,60.87
"48075",0,0,0,0,0.059078920401239,26.63
"48077",0,0,0,0,0.0632881492950009,31.31
"48079",0,0,0,0,0.059612273007299,27.14
"48081",0,0,0,0,0.0493010926930974,16.1
"48083",0,0,0,0,0.0681184122698805,36.62
"48085",1.78584474515184e-05,2.01108826681334,1,1,0.290130271105427,97.77
"48087",0,0,0,0,0.0490686907578736,15.72
"48089",0,0,0,0,0.0837363134280396,50.21
"48091",0,0,0,0,0.218751715345177,92.36
"48093",0,0,0,0,0.0641100281638922,32.23
"48095",0,0,0,0,0.0522966025837464,19.12
"48097",0,0,0,0,0.100947961149824,62.33
"48099",0,0,0,0,0.0989741116931385,61.37
"48101",0,0,0,0,0.0877920104864749,53.61
"48103",0,0,0,0,0.0418729650117618,8.97
"48105",0,0,0,0,0.052620490098352,19.47
"48107",0,0,0,0,0.0478047040192936,14.32
"48109",0,0,0,0,0.0409979551880733,8.4
"48111",0,0,0,0,0.0497382558248615,16.7
"48113",0,0,0,0,0.389448369905376,99.84
"48115",0,0,0,0,0.0637614195260049,31.72
"48117",0,0,0,0,0.04351903951618,10.53
"48119",0,0,0,0,0.0599290300007985,27.68
"48121",0,0,0,0,0.273031022465467,97.07
"48123",0,0,0,0,0.0644902377956644,32.64
"48125",0,0,0,0,0.0645902834439875,32.77
"48127",0,0,0,0,0.0564907465798173,23.39
"48129",0,0,0,0,0.0520318100401534,18.71
"48131",0,0,0,0,0.048341509605446,14.79
"48133",0,0,0,0,0.0814953878770285,48.3
"48135",0,0,0,0,0.151577906164208,81.32
"48137",0,0,0,0,0.0628244146407897,30.8
"48139",0,0,0,0,0.182116161198475,88.01
"48141",0,0,0,0,0.197750609772025,90.3
"48143",0,0,0,0,0.105863503841193,65.03
"48145",0,0,0,0,0.0598263260168559,27.46
"48147",0,0,0,0,0.0848417247909607,51.16
"48149",0,0,0,0,0.11553465779342,69.84
"48151",0,0,0,0,0.0416487610074408,8.81
"48153",0,0,0,0,0.037103273243004,6.08
"48155",0,0,0,0,0.0530921071476862,20.11
"48157",0,0,0,0,0.222102619922498,92.78
"48159",0,0,0,0,0.0420776866446841,9.16
"48161",0,0,0,0,0.0679585624816264,36.43
"48163",0,0,0,0,0.0446781008810661,11.64
"48165",0,0,0,0,0.0843087500400124,50.72
"48167",0,0,0,0,0.166481060945022,84.98
"48169",0,0,0,0,0.0433481262874242,10.44
"48171",0,0,0,0,0.139174575280309,78.4
"48173",0,0,0,0,0.0431202043361949,10.12
"48175",0,0,0,0,0.060130025515232,28
"48177",0,0,0,0,0.0500375407316981,16.99
"48179",0,0,0,0,0.0711195789876995,39.2
"48181",0,0,0,0,0.168318914268899,85.62
"48183",0,0,0,0,0.192992947063708,89.53
"48185",0,0,0,0,0.0965010749558781,59.66
"48187",0,0,0,0,0.158314575261312,83.04
"48189",0.00100743955362678,113.450504100245,1,1,0.0985281719461724,61.09
"48191",0,0,0,0,0.0604495783631275,28.22
"48193",0,0,0,0,0.0466885174464693,13.46
"48195",0,0,0,0,0.041435034690599,8.65
"48197",0,0,0,0,0.0401673296969605,7.67
"48199",0,0,0,0,0.10546898969559,64.91
"48201",6.83983827420693e-05,7.70252763433188,1,1,0.381755812632742,99.71
"48203",0,0,0,0,0.12245330649717,72.32
"48205",0,0,0,0,0.0338804669327449,4.2
"48207",0,0,0,0,0.0549835835165435,22.02
"48209",0,0,0,0,0.20793428114625,91.28
"48211",0,0,0,0,0.0559354914365105,22.81
"48213",0,0,0,0,0.124683747935558,73.27
"48215",0,0,0,0,0.161458786424012,83.74
"48217",0,0,0,0,0.0918985450069921,56.54
"48219",0,0,0,0,0.0517479402080956,18.58
"48221",0,0,0,0,0.14835163295883,80.5
"48223",0,0,0,0,0.108163220885699,66.05
"48225",0,0,0,0,0.1459648698832,80.15
"48227",0,0,0,0,0.0988522556988234,61.28
"48229",0,0,0,0,0.0414220579938064,8.62
"48231",0,0,0,0,0.129015193631014,74.86
"48233",0,0,0,0,0.0557937704658121,22.62
"48235",0,0,0,0,0.0333223468267512,3.85
"48237",0,0,0,0,0.0623956583547402,30.32
"48239",0,0,0,0,0.0504635112220528,17.4
"48241",0,0,0,0,0.0771509539876871,44.58
"48243",0,0,0,0,0.0491664882045427,15.84
"48245",0,0,0,0,0.191666801193953,89.31
"48247",0,0,0,0,0.0383744663794635,6.65
"48249",0,0,0,0,0.0623248876976227,30.16
"48251",0,0,0,0,0.18077408446803,87.75
"48253",0,0,0,0,0.0662441066291844,34.52
"48255",0,0,0,0,0.0568852450009992,23.74
"48257",0,0,0,0,0.173120607041581,86.38
"48259",0,0,0,0,0.161581638226005,83.77
"48261",0,0,0,0,0.0107580296236253,0.06
"48263",0,0,0,0,0.0505464716137205,17.5
"48265",0,0,0,0,0.13587595282321,77.31
"48267",0,0,0,0,0.0685562789483427,36.97
"48269",0,0,0,0,0.0280340178088882,1.75
"48271",0,0,0,0,0.0290844884847955,2.1
"48273",0,0,0,0,0.072866291046867,40.88
"48275",0,0,0,0,0.030919181017391,2.74
"48277",0,0,0,0,0.108723877816014,66.53
"48279",0,0,0,0,0.0403129645907729,7.8
"48281",0,0,0,0,0.0834519554282393,49.92
"48283",0,0,0,0,0.0418697508050715,8.94
"48285",0,0,0,0,0.0716599260950029,39.71
"48287",0,0,0,0,0.0669403050046411,35.54
"48289",0,0,0,0,0.0540454871555547,21.25
"48291",0,0,0,0,0.10598762050361,65.13
"48293",0,0,0,0,0.0529148548446093,19.85
"48295",0,0,0,0,0.0373934811400579,6.2
"48297",0,0,0,0,0.0548563829166392,21.89
"48299",0,0,0,0,0.0928420739244436,57.43
"48301",0,0,0,0,0.0155520906631142,0.13
"48303",0,0,0,0,0.201701509079617,90.58
"48305",0,0,0,0,0.0501670742656027,17.18
"48307",0,0,0,0,0.0557397689768228,22.56
"48309",0,0,0,0,0.185964210367529,88.67
"48311",0,0,0,0,0.0481543246753494,14.51
"48313",0,0,0,0,0.0451616082337058,12.19
"48315",0,0,0,0,0.0577020762319672,24.88
"48317",0,0,0,0,0.0492512752108919,15.97
"48319",0,0,0,0,0.0755443885188743,43.05
"48321",0,0,0,0,0.0866468933162949,52.85
"48323",0,0,0,0,0.0916813740103939,56.44
"48325",0,0,0,0,0.0911927006943188,56.09
"48327",0,0,0,0,0.0554294702217193,22.24
"48329",0,0,0,0,0.13405588808669,76.71
"48331",0,0,0,0,0.0818953768484027,48.65
"48333",0,0,0,0,0.0585944970997177,25.87
"48335",0,0,0,0,0.0389666319910345,6.97
"48337",0,0,0,0,0.0888177930237647,54.09
"48339",0,0,0,0,0.232292687374189,93.86
"48341",0,0,0,0,0.0413682942689413,8.59
"48343",0,0,0,0,0.047824728216181,14.35
"48345",0,0,0,0,0.0689561654647693,37.32
"48347",0,0,0,0,0.10940564720927,66.78
"48349",0,0,0,0,0.115205691216293,69.62
"48351",0,0,0,0,0.0496968726714528,16.64
"48353",0,0,0,0,0.063040130651439,31.05
"48355",0,0,0,0,0.205046411135737,90.93
"48357",0,0,0,0,0.0482028247864796,14.57
"48359",0,0,0,0,0.0269586515865743,1.43
"48361",0,0,0,0,0.122990862290032,72.57
"48363",0,0,0,0,0.103235372325965,63.51
"48365",0,0,0,0,0.0761240127844895,43.59
"48367",0,0,0,0,0.19311929857699,89.6
"48369",0,0,0,0,0.034058556328989,4.39
"48371",0,0,0,0,0.0695635072747204,38.05
"48373",0,0,0,0,0.0862893150721037,52.43
"48375",0,0,0,0,0.18263359435324,88.07
"48377",0,0,0,0,0.0573740585569879,24.37
"48379",0,0,0,0,0.0760290235437804,43.49
"48381",0,0,0,0,0.159585767481857,83.36
"48383",0,0,0,0,0.0457298113757548,12.66
"48385",0,0,0,0,0.049632076824214,16.61
"48387",0,0,0,0,0.0561309387482406,22.94
"48389",0,0,0,0,0.0601136596222677,27.97
"48391",0,0,0,0,0.0458922108482131,12.85
"48393",0,0,0,0,0.0572418362119252,24.15
"48395",0,0,0,0,0.0608094089057914,28.54
"48397",0,0,0,0,0.190253220075973,89.15
"48399",0,0,0,0,0.0492736631124229,16.07
"48401",0,0,0,0,0.0943996910677399,58.19
"48403",0,0,0,0,0.0566517462600171,23.51
"48405",0,0,0,0,0.0355002465700564,5.22
"48407",0,0,0,0,0.0958001199736161,59.18
"48409",0,0,0,0,0.101902499142125,62.97
"48411",0,0,0,0,0.0553785171068753,22.18
"48413",0,0,0,0,0.0473050848305605,13.81
"48415",0,0,0,0,0.0590231733905814,26.54
"48417",0,0,0,0,0.0497775871843423,16.77
"48419",0,0,0,0,0.0615367832647223,29.21
"48421",0,0,0,0,0.0242285391995139,0.8
"48423",0,0,0,0,0.1904629380118,89.18
"48425",0,0,0,0,0.060877129146881,28.67
"48427",0,0,0,0,0.0779380243974385,45.34
"48429",0,0,0,0,0.0587756851128713,26.28
"48431",0,0,0,0,0.0339234973492352,4.23
"48433",0,0,0,0,0.0659095588887029,34.04
"48435",0,0,0,0,0.0384798011747876,6.75
"48437",0,0,0,0,0.0491570738953277,15.81
"48439",0,0,0,0,0.329189890247488,98.95
"48441",0,0,0,0,0.166616425221999,85.01
"48443",0,0,0,0,0.0428115436232689,9.83
"48445",0,0,0,0,0.0554548771036457,22.3
"48447",0,0,0,0,0.0461361484591912,12.95
"48449",0,0,0,0,0.0796827583959983,46.71
"48451",0,0,0,0,0.155494383866235,82.34
"48453",0,0,0,0,0.328675030490182,98.92
"48455",0,0,0,0,0.0682887337844562,36.72
"48457",0,0,0,0,0.0619193048002951,29.69
"48459",0,0,0,0,0.0814657108103927,48.27
"48461",0,0,0,0,0.0242340831318052,0.83
"48463",0,0,0,0,0.0959968513050901,59.37
"48465",0,0,0,0,0.0856564454204844,51.8
"48467",0,0,0,0,0.128658591886138,74.61
"48469",0,0,0,0,0.168103071769632,85.52
"48471",0,0,0,0,0.0656915372323315,33.95
"48473",0,0,0,0,0.113074033721858,68.63
"48475",0,0,0,0,0.0590845280350202,26.69
"48477",0,0,0,0,0.110515788717032,67.32
"48479",0,0,0,0,0.141925120581912,79.13
"48481",0,0,0,0,0.08899053441211,54.28
"48483",0,0,0,0,0.0535507087853599,20.74
"48485",0,0,0,0,0.141627508479707,79.03
"48487",0,0,0,0,0.0522350495275729,18.99
"48489",0,0,0,0,0.053973196254179,21.06
"48491",0,0,0,0,0.238476558975333,94.56
"48493",0,0,0,0,0.107761113632354,65.89
"48495",0,0,0,0,0.0420303527314121,9.07
"48497",0,0,0,0,0.133777431103602,76.58
"48499",0,0,0,0,0.114174183115114,69.27
"48501",0,0,0,0,0.0502184166358434,17.24
"48503",0,0,0,0,0.07939627063113,46.52
"48505",0,0,0,0,0.0626041330628085,30.54
"48507",0,0,0,0,0.0455660337881135,12.41
"49001",0,0,0,0,0.0515157426736574,18.2
"49003",0,0,0,0,0.101550747774039,62.65
"49005",0,0,0,0,0.188110469506581,88.96
"49007",0,0,0,0,0.0780010896986419,45.5
"49009",0,0,0,0,0.0522315492661242,18.96
"49011",0,0,0,0,0.238488360623172,94.59
"49013",0,0,0,0,0.0817317736689885,48.58
"49015",0,0,0,0,0.042899139594362,9.93
"49017",0,0,0,0,0.0487375052011026,15.27
"49019",0,0,0,0,0.0888453136580503,54.15
"49021",0,0,0,0,0.153558361845372,81.9
"49023",0,0,0,0,0.073289178606195,41.33
"49025",0,0,0,0,0.069237446743289,37.64
"49027",0,0,0,0,0.0584303437009229,25.74
"49029",0,0,0,0,0.0992104875711358,61.44
"49031",0,0,0,0,0.0294457210089102,2.29
"49033",0,0,0,0,0.0661908306317626,34.39
"49035",9.10381996285641e-06,1.02520588982806,1,1,0.439807344012987,100
"49037",0,0,0,0,0.0558655443721468,22.78
"49039",0,0,0,0,0.099582492877645,61.66
"49041",0,0,0,0,0.0951688884488653,58.64
"49043",0,0,0,0,0.165860452860612,84.89
"49045",0,0,0,0,0.134366493869708,76.87
"49047",0,0,0,0,0.112471496546168,68.18
"49049",2.60642164372533e-05,2.93516219721479,1,1,0.336056769909357,99.2
"49051",0,0,0,0,0.190939761910662,89.21
"49053",0.000292053028485601,32.8888846843602,1,1,0.259848746450067,96.15
"49055",0,0,0,0,0.0505587712226379,17.53
"49057",0,0,0,0,0.206254774661133,91.09
"50001",0,0,0,0,0.135299732510765,77.19
"50003",0,0,0,0,0.143744802511087,79.64
"50005",0,0,0,0,0.141924131010748,79.1
"50007",0,0,0,0,0.247209909529669,95.23
"50009",0,0,0,0,0.0662527289687998,34.55
"50011",0,0,0,0,0.104737818610401,64.43
"50013",0,0,0,0,0.112864668463021,68.44
"50015",0,0,0,0,0.133647685586677,76.49
"50017",0,0,0,0,0.115243102264458,69.71
"50019",0,0,0,0,0.108414654023824,66.21
"50021",0,0,0,0,0.167213146193685,85.33
"50023",0,0,0,0,0.152446625063182,81.55
"50025",0,0,0,0,0.159210391285075,83.26
"50027",0,0,0,0,0.165253642639877,84.73
"51001",0,0,0,0,0.0866113906438232,52.78
"51003",0,0,0,0,0.142411933151591,79.32
"51005",0,0,0,0,0.0819238621880749,48.68
"51007",0,0,0,0,0.0824687725843891,49.22
"51009",0,0,0,0,0.0896550829946046,54.79
"51011",0,0,0,0,0.072800015193159,40.79
"51013",4.95827610656327e-06,0.558364937859284,1,0,0.140994583530357,78.94
"51015",0,0,0,0,0.115836175777584,69.93
"51017",0,0,0,0,0.0589457308766574,26.44
"51019",0,0,0,0,0.163067241680137,84.16
"51021",0,0,0,0,0.0492572161982703,16
"51023",0.000757862826828344,85.3449911044137,1,1,0.139023589897138,78.33
"51025",0,0,0,0,0.0575842145469625,24.66
"51027",0,0,0,0,0.0560831559068136,22.91
"51029",0,0,0,0,0.0624177407241443,30.38
"51031",0,0,0,0,0.120267770958944,71.52
"51033",0,0,0,0,0.0754178946275157,42.95
"51035",0,0,0,0,0.0882803804435222,53.87
"51036",0,0,0,0,0.0692760468128191,37.7
"51037",0,0,0,0,0.0730732406721053,41.08
"51041",6.16579831673706e-06,0.694347293290217,1,0,0.211976599431469,91.73
"51043",0,0,0,0,0.0929849448228054,57.49
"51045",0,0,0,0,0.0702085068765799,38.59
"51047",0,0,0,0,0.119940805319195,71.3
"51049",0,0,0,0,0.067192610947025,35.89
"51051",0,0,0,0,0.0424678500366728,9.45
"51053",0,0,0,0,0.0619926572052047,29.81
"51057",0,0,0,0,0.0834915670888998,49.95
"51059",1.79830240253201e-05,2.02511717310952,1,1,0.21263913231695,91.79
"51061",0,0,0,0,0.163324570239225,84.28
"51063",0,0,0,0,0.0872369052870741,53.17
"51065",0,0,0,0,0.0873670698982993,53.39
"51067",0,0,0,0,0.12772627194643,74.26
"51069",4.61371657939053e-05,5.19563153762596,1,1,0.163291493584933,84.22
"51071",0,0,0,0,0.0562442094104724,23.04
"51073",0,0,0,0,0.137672463720061,77.76
"51075",0,0,0,0,0.0720931490115261,40.09
"51077",0,0,0,0,0.0533357665917654,20.36
"51079",0,0,0,0,0.0901080193800293,55.14
"51081",0,0,0,0,0.0445591866747103,11.42
"51083",0,0,0,0,0.0944180686448127,58.22
"51085",0,0,0,0,0.187276399301824,88.86
"51087",0,0,0,0,0.27691229588195,97.26
"51089",0,0,0,0,0.11092423923258,67.55
"51091",0,0,0,0,0.0583620716899309,25.58
"51093",0,0,0,0,0.0951757715905895,58.67
"51095",0,0,0,0,0.14628625013337,80.21
"51097",0,0,0,0,0.0833095826752773,49.83
"51099",0,0,0,0,0.0484941026815265,14.92
"51101",0,0,0,0,0.0818659181432575,48.62
"51103",0.000183418928833456,20.6553036981427,1,1,0.126136347740894,73.72
"51105",0,0,0,0,0.0571074902640719,23.96
"51107",0,0,0,0,0.228467239719707,93.6
"51109",0,0,0,0,0.0875017702038534,53.45
"51111",0,0,0,0,0.0720098903464424,39.93
"51113",0,0,0,0,0.0869818742377421,53.04
"51115",0,0,0,0,0.0590357267067128,26.57
"51117",0,0,0,0,0.0939450227960674,58.03
"51119",0,0,0,0,0.0793917324109904,46.48
"51121",0,0,0,0,0.115013076284752,69.46
"51125",0,0,0,0,0.0731109486707514,41.17
"51127",0,0,0,0,0.0871106736856766,53.13
"51131",0,0,0,0,0.0587338712502669,26.09
"51133",0,0,0,0,0.0768464589418539,44.26
"51135",0,0,0,0,0.0459430898609625,12.89
"51137",0,0,0,0,0.0931740746701503,57.59
"51139",0,0,0,0,0.0791374825941262,46.33
"51141",0,0,0,0,0.0690967124153785,37.35
"51143",0,0,0,0,0.101692009987018,62.84
"51145",0,0,0,0,0.115114352482004,69.52
"51147",0,0,0,0,0.0751913675594583,42.79
"51149",0,0,0,0,0.0520421838979253,18.74
"51153",0,0,0,0,0.207712408767763,91.22
"51155",0,0,0,0,0.0724574506764123,40.34
"51157",0,0,0,0,0.0731541362089872,41.2
"51159",0,0,0,0,0.0729278019482897,41.01
"51161",0,0,0,0,0.166913040433278,85.17
"51163",0,0,0,0,0.097655456348056,60.55
"51165",0,0,0,0,0.113922401567319,69.07
"51167",0,0,0,0,0.0637869983036485,31.75
"51169",0,0,0,0,0.0546516828295262,21.79
"51171",0,0,0,0,0.0868890637251946,52.97
"51173",0,0,0,0,0.0559406764732083,22.84
"51175",0,0,0,0,0.0626084678376452,30.58
"51177",2.30239679506366e-05,2.59279155854474,1,1,0.216787135896831,92.14
"51179",0,0,0,0,0.154581770669241,82.25
"51181",0,0,0,0,0.0516077367754533,18.42
"51183",0,0,0,0,0.0693924455044015,37.89
"51185",0,0,0,0,0.0909188207065795,55.77
"51187",0,0,0,0,0.115134255216615,69.55
"51191",0,0,0,0,0.112263718057809,68.02
"51193",0,0,0,0,0.07447221600987,42.28
"51195",0,0,0,0,0.0619712285612529,29.75
"51197",0,0,0,0,0.0863724194294567,52.59
"51199",0.000111623753534752,12.5702540291272,1,1,0.147029558151349,80.37
"51510",1.09762254955766e-05,1.23606256187599,1,1,0.221639253363429,92.71
"51520",0,0,0,0,0.0917910265239218,56.51
"51530",0,0,0,0,0.0550142708920479,22.05
"51540",0,0,0,0,0.152493747192432,81.58
"51550",2.59717773352956e-05,2.92475237890072,1,1,0.251555148915577,95.55
"51570",0,0,0,0,0.101573919401379,62.74
"51580",0,0,0,0,0.0619821871157333,29.78
"51590",0,0,0,0,0.116114987493657,70.09
"51595",0,0,0,0,0.0595524853683892,27.11
"51600",0,0,0,0,0.129219887959526,74.99
"51610",0,0,0,0,0.101486053014626,62.62
"51620",0,0,0,0,0.0691494184573789,37.42
"51630",0,0,0,0,0.135469647135557,77.25
"51640",0,0,0,0,0.0761907939203334,43.68
"51650",1.59507441022124e-05,1.79625661177921,1,1,0.157477413478514,82.76
"51660",0,0,0,0,0.138260849787184,78.14
"51670",0,0,0,0,0.0791229041893934,46.29
"51678",0,0,0,0,0.0555903877613804,22.46
"51680",0,0,0,0,0.13813147787988,77.95
"51683",0,0,0,0,0.128877390198332,74.77
"51685",0,0,0,0,0.0855779095840807,51.7
"51690",0,0,0,0,0.0742070651716151,41.97
"51700",0,0,0,0,0.10111517037609,62.42
"51710",0,0,0,0,0.174372727202906,86.61
"51720",0,0,0,0,0.0696940076208624,38.15
"51730",0,0,0,0,0.105020494648436,64.68
"51735",0,0,0,0,0.0663476147397845,34.68
"51740",0,0,0,0,0.0905876314243362,55.49
"51750",0,0,0,0,0.0636728902451957,31.56
"51760",0,0,0,0,0.195435827083492,89.98
"51770",0,0,0,0,0.174962977433395,86.73
"51775",0,0,0,0,0.120043227507241,71.36
"51790",0.000156286629678831,17.599861805466,1,1,0.119452368915653,71.11
"51800",0,0,0,0,0.123522407539238,72.83
"51810",0,0,0,0,0.206953338446114,91.15
"51820",0,0,0,0,0.108283523735293,66.15
"51830",0,0,0,0,0.0711994534585941,39.33
"51840",0,0,0,0,0.0916409760857112,56.38
"53001",0,0,0,0,0.0465079741990623,13.27
"53003",0,0,0,0,0.102885759645639,63.38
"53005",0,0,0,0,0.136287397612121,77.41
"53007",0,0,0,0,0.129166022013318,74.96
"53009",0,0,0,0,0.134881123887593,77
"53011",0,0,0,0,0.250308007051733,95.45
"53013",0,0,0,0,0.0474342981680912,14
"53015",0,0,0,0,0.144304957144539,79.7
"53017",0,0,0,0,0.0967769077861045,59.88
"53019",0,0,0,0,0.0606994615173097,28.38
"53021",0,0,0,0,0.1224885836996,72.35
"53023",0,0,0,0,0.0394025510987454,7.38
"53025",0,0,0,0,0.100500468484393,62.07
"53027",0,0,0,0,0.107873541252238,65.96
"53029",0,0,0,0,0.146939671964236,80.34
"53031",0,0,0,0,0.152699510364297,81.64
"53033",1.68754218855471e-05,1.90038708816558,1,1,0.349990197184959,99.46
"53035",0,0,0,0,0.157918273313024,82.95
"53037",0,0,0,0,0.104820878850431,64.49
"53039",0,0,0,0,0.0947503659928013,58.45
"53041",0,0,0,0,0.139918552320518,78.59
"53043",0,0,0,0,0.0516975408069299,18.52
"53045",0,0,0,0,0.1003055448742,61.92
"53047",0,0,0,0,0.0791082675310018,46.26
"53049",0,0,0,0,0.0951532236481589,58.57
"53051",0,0,0,0,0.0649774868303402,33.34
"53053",0,0,0,0,0.233769859654597,94.11
"53055",0,0,0,0,0.169774121007527,85.94
"53057",0,0,0,0,0.18612442170328,88.71
"53059",0,0,0,0,0.0740277320351978,41.81
"53061",2.07392659484955e-05,2.33550506137613,1,1,0.275801315051726,97.2
"53063",0,0,0,0,0.269449077268925,96.82
"53065",0,0,0,0,0.10612159517345,65.19
"53067",0,0,0,0,0.159244393733925,83.3
"53069",0,0,0,0,0.0684073885131843,36.84
"53071",0,0,0,0,0.0945273754606712,58.29
"53073",0,0,0,0,0.242579506806491,94.94
"53075",0,0,0,0,0.0784850494212804,45.91
"53077",0,0,0,0,0.11558486693141,69.9
"54001",0,0,0,0,0.0483006824058462,14.73
"54003",0,0,0,0,0.152092383751421,81.42
"54005",0,0,0,0,0.0589738398474949,26.47
"54007",0,0,0,0,0.0605081535121766,28.25
"54009",0,0,0,0,0.08011178477235,47.09
"54011",0,0,0,0,0.162809549882111,84.09
"54013",0,0,0,0,0.0390461903787181,7.06
"54015",0,0,0,0,0.0383886681715566,6.71
"54017",0,0,0,0,0.0318862743744218,3.21
"54019",0,0,0,0,0.0992014714285079,61.41
"54021",0,0,0,0,0.043321720251272,10.4
"54023",0,0,0,0,0.0674935218985532,36.14
"54025",0,0,0,0,0.0994691454266375,61.6
"54027",0,0,0,0,0.0897792809002415,54.92
"54029",0,0,0,0,0.107261467351005,65.7
"54031",0,0,0,0,0.0628421349564167,30.83
"54033",0,0,0,0,0.124454663738748,73.21
"54035",0,0,0,0,0.0891964585788565,54.41
"54037",0,0,0,0,0.124114503085683,73.05
"54039",0,0,0,0,0.185093663714231,88.48
"54041",0,0,0,0,0.0745590788999666,42.41
"54043",0,0,0,0,0.0575508551882525,24.63
"54045",0,0,0,0,0.0729702287358193,41.04
"54047",0,0,0,0,0.0438368402767796,10.82
"54049",0,0,0,0,0.120060869302513,71.4
"54051",0,0,0,0,0.0663954823017309,34.84
"54053",0,0,0,0,0.0594965531694804,27.04
"54055",0,0,0,0,0.115841199765898,69.97
"54057",0,0,0,0,0.0731705216565715,41.23
"54059",0,0,0,0,0.0577492387277327,24.98
"54061",0,0,0,0,0.117445447418348,70.51
"54063",0,0,0,0,0.066237142634308,34.49
"54065",0,0,0,0,0.0842798394118466,50.68
"54067",0,0,0,0,0.0827210488359482,49.44
"54069",0,0,0,0,0.145714628792745,80.05
"54071",0,0,0,0,0.0653526572305635,33.53
"54073",0,0,0,0,0.045584223806567,12.47
"54075",0,0,0,0,0.0500304183191939,16.93
"54077",0,0,0,0,0.0893055698858949,54.5
"54079",0,0,0,0,0.141401983382812,78.97
"54081",0,0,0,0,0.126413218207228,73.85
"54083",0,0,0,0,0.09462087052689,58.38
"54085",0,0,0,0,0.0528613700397674,19.76
"54087",0,0,0,0,0.0637511582858656,31.69
"54089",0,0,0,0,0.063540112553172,31.5
"54091",0,0,0,0,0.0618592261723551,29.59
"54093",0,0,0,0,0.0537011668456498,20.87
"54095",0,0,0,0,0.0403385815201574,7.86
"54097",0,0,0,0,0.0757939048380201,43.33
"54099",0,0,0,0,0.0754158712733723,42.92
"54101",0,0,0,0,0.0393079300082648,7.22
"54103",0,0,0,0,0.0576375236950297,24.75
"54105",0,0,0,0,0.0393887495985897,7.35
"54107",0,0,0,0,0.146430005002242,80.27
"54109",0,0,0,0,0.0564523783279043,23.32
"55001",0,0,0,0,0.0669368881646759,35.51
"55003",0,0,0,0,0.0820018516487555,48.78
"55005",0,0,0,0,0.114135883723274,69.23
"55007",0,0,0,0,0.0853251716169318,51.45
"55009",0,0,0,0,0.225295921555303,93.19
"55011",0,0,0,0,0.0643947718282698,32.42
"55013",0,0,0,0,0.0639911347377446,32.1
"55015",0,0,0,0,0.0890924180181289,54.34
"55017",0,0,0,0,0.154490315397465,82.21
"55019",0,0,0,0,0.0908414234077486,55.65
"55021",0,0,0,0,0.128264370172551,74.42
"55023",0,0,0,0,0.0646493765197843,32.93
"55025",0,0,0,0,0.255283757364737,95.86
"55027",0,0,0,0,0.112279046625152,68.09
"55029",0,0,0,0,0.137862455692092,77.86
"55031",0,0,0,0,0.12611952320558,73.69
"55033",0,0,0,0,0.094572922961098,58.35
"55035",0,0,0,0,0.180011561596037,87.59
"55037",0,0,0,0,0.0588095857375254,26.34
"55039",0,0,0,0,0.157875795979726,82.88
"55041",0,0,0,0,0.0567551848000445,23.58
"55043",4.8780487804878e-05,5.4933032079158,1,1,0.117848209720825,70.76
"55045",0,0,0,0,0.0899682126939667,55.04
"55047",0,0,0,0,0.0848930237987728,51.19
"55049",0,0,0,0,0.0747391299170262,42.48
"55051",0,0,0,0,0.0666207806977513,35.06
"55053",0,0,0,0,0.0446444604710045,11.58
"55055",0,0,0,0,0.150500926793936,81.01
"55057",0,0,0,0,0.0755616151830048,43.08
"55059",0,0,0,0,0.178778903169791,87.37
"55061",0,0,0,0,0.0590865378525706,26.73
"55063",0,0,0,0,0.168813853915765,85.75
"55065",0,0,0,0,0.0638073239429403,31.82
"55067",0,0,0,0,0.0806697184984957,47.47
"55069",0,0,0,0,0.0879015056198441,53.74
"55071",0,0,0,0,0.14189241997025,79.06
"55073",0,0,0,0,0.182299989951874,88.04
"55075",0,0,0,0,0.0862004058550695,52.37
"55077",0,0,0,0,0.0598535245626582,27.52
"55078",0,0,0,0,0.0667473422945771,35.25
"55079",0.000104227184379819,11.7373062892667,1,1,0.33407437937196,99.08
"55081",0,0,0,0,0.0835747210236703,50.08
"55083",0,0,0,0,0.0814514808398467,48.23
"55085",0,0,0,0,0.127065451626724,74.07
"55087",0,0,0,0,0.232506633765037,93.99
"55089",0,0,0,0,0.197682225698521,90.26
"55091",0,0,0,0,0.0583713862489241,25.61
"55093",0,0,0,0,0.118121039304695,70.79
"55095",0,0,0,0,0.119880329091123,71.24
"55097",0,0,0,0,0.137654514431415,77.73
"55099",0,0,0,0,0.0539801709655403,21.13
"55101",0,0,0,0,0.205580344642651,90.96
"55103",0,0,0,0,0.0606780302177685,28.35
"55105",0,0,0,0,0.183261343322349,88.23
"55107",0,0,0,0,0.0640941351353592,32.2
"55109",0,0,0,0,0.189690401512674,89.09
"55111",0,0,0,0,0.133825141721592,76.61
"55113",0,0,0,0,0.0921851584632364,56.73
"55115",0,0,0,0,0.0968454395774504,59.94
"55117",0,0,0,0,0.136289262997143,77.44
"55119",0,0,0,0,0.0673623106205215,36.05
"55121",0,0,0,0,0.0732997233909105,41.36
"55123",0,0,0,0,0.0972798057858936,60.23
"55125",0,0,0,0,0.10491354589929,64.59
"55127",0,0,0,0,0.181360070435449,87.91
"55129",0,0,0,0,0.0867115989643941,52.88
"55131",0,0,0,0,0.187037838794639,88.83
"55133",0,0,0,0,0.335854717231386,99.17
"55135",0,0,0,0,0.0955591052241427,58.99
"55137",0,0,0,0,0.0755387963613505,43.02
"55139",0,0,0,0,0.174886766399818,86.7
"55141",0,0,0,0,0.114849042939439,69.42
"56001",0,0,0,0,0.0912305904893249,56.16
"56003",0,0,0,0,0.0675834251235251,36.24
"56005",0,0,0,0,0.0988972192067805,61.31
"56007",0,0,0,0,0.0638697399166039,31.98
"56009",0,0,0,0,0.0775450584671761,45.02
"56011",0,0,0,0,0.0598348403302498,27.49
"56013",0,0,0,0,0.124623286122331,73.24
"56015",0,0,0,0,0.0807712902017467,47.57
"56017",0,0,0,0,0.0637885530785264,31.78
"56019",0,0,0,0,0.0955984456713829,59.02
"56021",0,0,0,0,0.152146900869261,81.45
"56023",0,0,0,0,0.0979401089284939,60.71
"56025",0,0,0,0,0.210705693333336,91.54
"56027",0,0,0,0,0.0474075955294055,13.97
"56029",0,0,0,0,0.140876527888775,78.91
"56031",0,0,0,0,0.0638759177265565,32.01
"56033",0,0,0,0,0.180708120689659,87.72
"56035",0,0,0,0,0.0841973081947998,50.52
"56037",0,0,0,0,0.098547828827814,61.15
"56039",0,0,0,0,0.165006453706785,84.66
"56041",0,0,0,0,0.097894158422114,60.67
"56043",0,0,0,0,0.0808097096088417,47.63
"56045",0,0,0,0,0.0608722339198019,28.64
