"county_geoid","industry_employment_share","location_quotient","industry_present","industry_comparative_advantage","industry_feasibility","industry_feasibility_percentile_score"
"01001",0,0,0,0,0.156613970724175,68.95
"01003",2.00258333249892e-05,0.107016739555769,1,0,0.288577231343082,96.72
"01005",0,0,0,0,0.0983282530302668,32.74
"01007",0,0,0,0,0.0891240318623217,24.63
"01009",0,0,0,0,0.161715757117952,71.17
"01011",0.000282007896221094,1.50703169714809,1,1,0.106551089387119,38.88
"01013",0,0,0,0,0.0989935424440473,33.12
"01015",0,0,0,0,0.154484835651475,68.31
"01017",0,0,0,0,0.124357439655064,51.19
"01019",0,0,0,0,0.117547832907132,46.48
"01021",0,0,0,0,0.152443309535483,67.36
"01023",0,0,0,0,0.0761255224469427,15.11
"01025",0,0,0,0,0.11244743476209,42.98
"01027",0,0,0,0,0.0675577110861968,9.29
"01029",0,0,0,0,0.0830752914180525,20.04
"01031",0,0,0,0,0.150058571470641,65.96
"01033",0,0,0,0,0.156696707707964,69.01
"01035",0,0,0,0,0.085782468558796,22.24
"01037",0,0,0,0,0.0791018730572538,16.7
"01039",0,0,0,0,0.137110915733855,59.53
"01041",0,0,0,0,0.0845091928374616,21.22
"01043",0,0,0,0,0.171386437865599,74.61
"01045",0,0,0,0,0.0854654981544195,21.99
"01047",0,0,0,0,0.143553412505533,62.97
"01049",0,0,0,0,0.131393073575831,56.22
"01051",0,0,0,0,0.157350204658525,69.42
"01053",0,0,0,0,0.126151471367143,52.4
"01055",0,0,0,0,0.16649692578857,72.99
"01057",0,0,0,0,0.0951919218953816,29.91
"01059",0,0,0,0,0.0969962384203735,31.5
"01061",0,0,0,0,0.115869232356888,44.99
"01063",0.060882070949185,325.349793172131,1,1,0.089162526680343,24.66
"01065",0.00212765957446809,11.3700731874194,1,1,0.132848103697316,57.17
"01067",0,0,0,0,0.117430451317981,46.33
"01069",0,0,0,0,0.21123769522226,84.95
"01071",0,0,0,0,0.140091859187201,60.99
"01073",0.000260268558594164,1.39085810301191,1,1,0.278254994714244,95.74
"01075",0,0,0,0,0.0963827972890618,30.86
"01077",0,0,0,0,0.189518177252046,79.8
"01079",0,0,0,0,0.110959121114798,41.74
"01081",0,0,0,0,0.16594842451448,72.67
"01083",0,0,0,0,0.134978401564289,58.22
"01085",0,0,0,0,0.0698568519992745,10.66
"01087",0.000141823854772373,0.757897375987395,1,0,0.0657176128502257,8.21
"01089",3.9618238652346e-06,0.0211717268325897,1,0,0.156526189365164,68.92
"01091",0,0,0,0,0.11781237337396,46.8
"01093",0,0,0,0,0.0921037091027965,27.46
"01095",0,0,0,0,0.154757523931653,68.37
"01097",0.00203096852747297,10.8533625753951,1,1,0.324062419974779,98.66
"01099",0,0,0,0,0.104755035073133,37.35
"01101",6.74886787741356e-06,0.0360655071982556,1,0,0.18527191678157,78.78
"01103",0,0,0,0,0.191412085932825,80.31
"01105",0.08915770609319,476.45293244594,1,1,0.0837428176009728,20.65
"01107",0,0,0,0,0.09245268573591,28.03
"01109",0,0,0,0,0.0882992381591567,23.99
"01111",0,0,0,0,0.113700107795952,43.59
"01113",0,0,0,0,0.130174055149898,55.3
"01115",0,0,0,0,0.19713969547687,81.74
"01117",0,0,0,0,0.25458079888851,92.94
"01119",0,0,0,0,0.0857200934532718,22.08
"01121",0,0,0,0,0.125272133802846,51.77
"01123",0,0,0,0,0.12580607316347,52.08
"01125",8.8081669323797e-06,0.0470702662540374,1,0,0.167964698822389,73.62
"01127",0,0,0,0,0.146040670539232,64.24
"01129",0,0,0,0,0.0710935237682082,11.23
"01131",0.000303859009419629,1.62380261260624,1,1,0.132393682985868,56.89
"01133",0,0,0,0,0.0952434682615237,29.94
"02013",0.691897654584222,3697.45567628842,1,1,0.0662658302058148,8.46
"02016",0.523837379350687,2799.35259051595,1,1,0.0964045566984573,30.89
"02020",0.000869126875141233,4.64455700436921,1,1,0.321936888918941,98.6
"02050",0.00557541100786276,29.7946306683914,1,1,0.101439583043237,34.93
"02060",0.472470238095238,2524.84995742956,1,1,0.0867254059441,22.84
"02063",0.0745937961595273,398.624353180797,1,1,0.203316205006108,83.49
"02066",0.0747051114023591,399.219214535997,1,1,0.182249744694316,78.11
"02068",0,0,0,0,0.0758748253143262,14.92
"02070",0.0894039735099338,477.768969365405,1,1,0.0889393215753481,24.53
"02090",0.000189724519996964,1.01387538857235,1,1,0.220076191824551,86.83
"02100",0.0120096076861489,64.1785556215427,1,1,0.144292491895793,63.41
"02105",0.0362257792754844,193.588187967773,1,1,0.125164956337233,51.64
"02110",0.00867467405810492,46.3568890913009,1,1,0.222215925542264,87.18
"02122",0.01613583227933,86.2288291592763,1,1,0.29249822313964,97.14
"02130",0.0344028303037697,183.846468251869,1,1,0.200638301391763,82.69
"02150",0.146604281865873,783.443664769897,1,1,0.177118848417553,76.55
"02158",0.00302768166089965,16.1797321741392,1,1,0.0676575345720409,9.35
"02164",0.112994350282486,603.834395264082,1,1,0.0777999826982736,15.88
"02170",0,0,0,0,0.240615925200487,90.74
"02180",0.0045313617934653,24.215300158277,1,1,0.100120397068358,34.04
"02185",0,0,0,0,0.0698343395741203,10.59
"02188",0.0211442786069652,112.993637770499,1,1,0.0740766476282408,13.59
"02195",0.105099502487562,561.644846565127,1,1,0.154279009073659,68.22
"02198",0.0268706076891277,143.594764727434,1,1,0.125243587252988,51.7
"02220",0.067097237172587,358.563233743198,1,1,0.2120264620548,85.17
"02230",0,0,0,0,0.105418957251016,37.83
"02240",0,0,0,0,0.112020022999732,42.57
"02275",0.0632497273718648,338.002393772141,1,1,0.110192692133842,41.33
"02282",0.0525210084033613,280.668823428945,1,1,0.10444454835454,36.91
"02290",0,0,0,0,0.0862052415507662,22.56
"04001",0,0,0,0,0.075789328954282,14.83
"04003",0,0,0,0,0.168790497682912,74.04
"04005",4.05723404830813e-05,0.216815925918441,1,0,0.209131435822779,84.51
"04007",0,0,0,0,0.118904388804816,47.57
"04009",0,0,0,0,0.115759652188981,44.89
"04011",0,0,0,0,0.0302146836418303,0.22
"04012",0,0,0,0,0.09207922239777,27.43
"04013",8.66087175610985e-06,0.0462831304948967,1,0,0.333544421965721,99.01
"04015",1.55077228459773e-05,0.0828722535526196,1,0,0.234383012446862,89.56
"04017",0,0,0,0,0.165961780940514,72.7
"04019",2.88692577935892e-05,0.154275419770406,1,0,0.235530513258442,89.82
"04021",0,0,0,0,0.201425393434635,82.95
"04023",6.0020406938359e-05,0.320745117225084,1,0,0.134245908567107,57.91
"04025",0,0,0,0,0.25520598775483,93.1
"04027",0,0,0,0,0.159310218257158,70.31
"05001",0,0,0,0,0.0860980862066564,22.49
"05003",0,0,0,0,0.100291204975818,34.3
"05005",0,0,0,0,0.166072807976018,72.73
"05007",0,0,0,0,0.214141133420078,85.52
"05009",0,0,0,0,0.155430827579689,68.63
"05011",0,0,0,0,0.0792519935319641,16.89
"05013",0,0,0,0,0.0365275673612662,0.54
"05015",0,0,0,0,0.133411659429419,57.49
"05017",0,0,0,0,0.080747699575208,18.2
"05019",0,0,0,0,0.0955162153512302,30.23
"05021",0,0,0,0,0.0995410732250653,33.57
"05023",0,0,0,0,0.141281871675069,61.6
"05025",0,0,0,0,0.0619888285107648,6.52
"05027",0,0,0,0,0.102538352173194,35.44
"05029",0,0,0,0,0.115865781388702,44.96
"05031",0,0,0,0,0.186619944012624,79.03
"05033",0,0,0,0,0.148568886411125,65.35
"05035",0,0,0,0,0.151219279212648,66.69
"05037",0,0,0,0,0.0908535708137603,26.38
"05039",0,0,0,0,0.0759641602702674,15.05
"05041",0,0,0,0,0.0833601607180666,20.27
"05043",0,0,0,0,0.116146633826878,45.34
"05045",0,0,0,0,0.203121262844457,83.39
"05047",0,0,0,0,0.0879818684581675,23.74
"05049",0,0,0,0,0.0928697464562416,28.48
"05051",0,0,0,0,0.241234181897976,90.87
"05053",0,0,0,0,0.0958813344367084,30.48
"05055",0,0,0,0,0.127631787271924,53.55
"05057",0,0,0,0,0.098931033609412,33.06
"05059",0,0,0,0,0.115400206034447,44.67
"05061",0,0,0,0,0.083438605265813,20.3
"05063",0,0,0,0,0.115294550008388,44.61
"05065",0,0,0,0,0.105529980915449,37.86
"05067",0,0,0,0,0.0809291728796001,18.42
"05069",0,0,0,0,0.144006380179888,63.28
"05071",0,0,0,0,0.0842867030421206,21.09
"05073",0,0,0,0,0.0738948423896036,13.49
"05075",0,0,0,0,0.0945777822005139,29.59
"05077",0,0,0,0,0.0695473134471522,10.4
"05079",0,0,0,0,0.0572044411960112,4.8
"05081",0,0,0,0,0.0731189461263969,12.85
"05083",0,0,0,0,0.0988993731963946,33.03
"05085",0,0,0,0,0.162433154798493,71.33
"05087",0,0,0,0,0.102700034438311,35.7
"05089",0,0,0,0,0.106782429165308,39.07
"05091",0,0,0,0,0.133265630175401,57.4
"05093",0,0,0,0,0.102594895254194,35.57
"05095",0,0,0,0,0.0891662451766027,24.69
"05097",0,0,0,0,0.118060341992574,47.03
"05099",0,0,0,0,0.0688626221769991,10.09
"05101",0,0,0,0,0.091332924688877,26.76
"05103",0,0,0,0,0.104760008793481,37.38
"05105",0,0,0,0,0.103718240954095,36.56
"05107",0,0,0,0,0.111033887478596,41.81
"05109",0,0,0,0,0.0990836840453248,33.18
"05111",0,0,0,0,0.0804886856194963,17.88
"05113",0,0,0,0,0.110393170399928,41.43
"05115",0,0,0,0,0.16820395383865,73.72
"05117",0,0,0,0,0.0751011014488081,14.25
"05119",0,0,0,0,0.243494985500145,91.38
"05121",0,0,0,0,0.0815611361395328,18.87
"05123",0,0,0,0,0.102532496389479,35.41
"05125",0,0,0,0,0.196930440611419,81.67
"05127",0,0,0,0,0.0631102419162837,7.03
"05129",0,0,0,0,0.105829245996363,38.08
"05131",0,0,0,0,0.213506267603165,85.46
"05133",0,0,0,0,0.0852460822888364,21.86
"05135",0,0,0,0,0.123827959060457,50.62
"05137",0,0,0,0,0.12520025285858,51.67
"05139",0,0,0,0,0.150228384663798,66.08
"05141",0,0,0,0,0.116634342148407,45.72
"05143",5.83758382405522e-05,0.311956649990857,1,0,0.220726453249456,86.96
"05145",0,0,0,0,0.158431616997068,69.87
"05147",0,0,0,0,0.0488991198051971,2.32
"05149",0,0,0,0,0.0901103226061603,25.49
"06001",6.91936332782809e-05,0.369766237004431,1,0,0.333137433022985,98.95
"06003",0,0,0,0,0.122063259282026,49.79
"06005",0,0,0,0,0.160972103946164,70.86
"06007",1.12120192846732e-05,0.0599162955273811,1,0,0.229006230798402,88.61
"06009",0,0,0,0,0.199258461440986,82.31
"06011",0,0,0,0,0.081221210718611,18.61
"06013",6.88258087606078e-06,0.0367800606911978,1,0,0.305714453268403,97.84
"06015",0,0,0,0,0.12673482624087,52.85
"06017",0,0,0,0,0.24699706808153,91.92
"06019",0,0,0,0,0.225811337954598,87.94
"06021",0,0,0,0,0.123918109261679,50.72
"06023",0.00159594126936129,8.52860544666661,1,1,0.239450763515659,90.49
"06025",0,0,0,0,0.124777295670625,51.35
"06027",0,0,0,0,0.13134589613756,56.16
"06029",2.57473158423234e-06,0.0137591966788206,1,0,0.183637080914155,78.46
"06031",0,0,0,0,0.0917791369312695,27.11
"06033",0,0,0,0,0.140967934596151,61.47
"06035",0,0,0,0,0.0883925582007457,24.09
"06037",0.000145611082126363,0.778136070517762,1,0,0.374633053215815,99.81
"06039",0,0,0,0,0.147274420756105,64.94
"06041",0,0,0,0,0.288039969044578,96.66
"06043",0,0,0,0,0.11173919322492,42.25
"06045",0.00101482173854987,5.42314079656324,1,1,0.233948437998001,89.53
"06047",0,0,0,0,0.140851869344353,61.44
"06049",0,0,0,0,0.0967460970391463,31.21
"06051",0,0,0,0,0.121673327925915,49.67
"06053",6.17599830601189e-05,0.330041297900248,1,0,0.150887000808244,66.47
"06055",0,0,0,0,0.175789282367697,75.85
"06057",0,0,0,0,0.269240745320264,94.62
"06059",2.91188003917018e-05,0.155608959044248,1,0,0.368176466476572,99.65
"06061",9.45657775907477e-06,0.0505353311749053,1,0,0.247415134183435,92.01
"06063",0,0,0,0,0.136642929331557,59.21
"06065",9.34487252036403e-06,0.0499383857073125,1,0,0.279415382055443,95.8
"06067",6.19686958935824e-06,0.0331156645590315,1,0,0.235368556850004,89.76
"06069",0,0,0,0,0.157129761860212,69.2
"06071",2.18023255813953e-05,0.116510197632713,1,0,0.307547986237339,97.93
"06073",4.24567809268701e-05,0.22688625202715,1,0,0.331330722951506,98.92
"06075",3.81653168866261e-05,0.203952949724337,1,0,0.244892830323315,91.57
"06077",3.12547858890893e-06,0.0167023525417552,1,0,0.226157421239917,88.01
"06079",0,0,0,0,0.264858769259026,94.08
"06081",6.42793322662964e-06,0.0343504534783933,1,0,0.210168742297126,84.7
"06083",0.000421255584674398,2.25116220932782,1,1,0.26835356608235,94.59
"06085",4.0670146404393e-06,0.0217338594345675,1,0,0.168667944257371,73.97
"06087",4.11647991569449e-05,0.219981986205146,1,0,0.28720809531482,96.5
"06089",0,0,0,0,0.251640923082118,92.46
"06091",0,0,0,0,0.130520997059688,55.52
"06093",0,0,0,0,0.166091815033504,72.8
"06095",5.93126846107309e-06,0.0316963095534177,1,0,0.289948936764449,96.91
"06097",8.87333941790893e-05,0.474185437412659,1,0,0.310900176868481,98.19
"06099",4.50929817283238e-06,0.0240973936170304,1,0,0.24335920453796,91.28
"06101",0,0,0,0,0.182190606075303,78.05
"06103",4.51936548108646e-05,0.241511926519055,1,0,0.13117204245159,55.93
"06105",0,0,0,0,0.138263470360662,60.04
"06107",0,0,0,0,0.170179037931894,74.32
"06109",0,0,0,0,0.17647087088171,76.17
"06111",2.590358168824e-06,0.0138427041217446,1,0,0.327620823518339,98.82
"06113",8.05289139065381e-06,0.0430341233065746,1,0,0.18728471640066,79.22
"06115",0,0,0,0,0.111474363013733,42.06
"08001",0.000307608664549174,1.64384052363398,1,1,0.286465346841644,96.44
"08003",0,0,0,0,0.125494882426605,51.86
"08005",0,0,0,0,0.269392092254848,94.69
"08007",0,0,0,0,0.166988149447741,73.27
"08009",0,0,0,0,0.0810303772064613,18.45
"08011",0,0,0,0,0.0615939917406732,6.43
"08013",0,0,0,0,0.273298044548978,95.23
"08014",0,0,0,0,0.191344914181834,80.27
"08015",0,0,0,0,0.19065114377075,80.05
"08017",0,0,0,0,0.0905586375909539,26.09
"08019",0,0,0,0,0.12802641869006,53.8
"08021",0,0,0,0,0.0986361358824163,32.93
"08023",0,0,0,0,0.0738869449929347,13.46
"08025",0,0,0,0,0.0363310210341369,0.48
"08027",0,0,0,0,0.127409903944874,53.32
"08029",0,0,0,0,0.192996739252809,80.78
"08031",0,0,0,0,0.323191671494468,98.63
"08033",0,0,0,0,0.140167855657103,61.06
"08035",0,0,0,0,0.240326636218048,90.65
"08037",0,0,0,0,0.181560394507554,77.82
"08039",0,0,0,0,0.193675948982045,81.13
"08041",0,0,0,0,0.234649119917896,89.63
"08043",0,0,0,0,0.159528686490522,70.47
"08045",3.1646571094022e-05,0.169117199850854,1,0,0.220719316635837,86.92
"08047",0,0,0,0,0.0460440465822486,1.59
"08049",0,0,0,0,0.148566034930335,65.32
"08051",0,0,0,0,0.185087426959027,78.71
"08053",0,0,0,0,0.0830220925277596,19.92
"08055",0,0,0,0,0.0859972419995441,22.4
"08057",0,0,0,0,0.0975548826280535,32.07
"08059",0,0,0,0,0.293894020592087,97.17
"08061",0,0,0,0,0.085002586080269,21.67
"08063",0,0,0,0,0.0922480427931166,27.71
"08065",0,0,0,0,0.101301840962693,34.84
"08067",0,0,0,0,0.252753815057913,92.59
"08069",5.01170232492871e-06,0.0267822084471597,1,0,0.270209958646069,94.75
"08071",0,0,0,0,0.109303722496008,40.85
"08073",0,0,0,0,0.0811990977942603,18.58
"08075",0,0,0,0,0.112522908469241,43.02
"08077",0,0,0,0,0.281622189299641,96.05
"08079",0,0,0,0,0.0696784743018142,10.53
"08081",0,0,0,0,0.126183100765183,52.43
"08083",0,0,0,0,0.197534259951478,81.93
"08085",0,0,0,0,0.23222754719883,89.31
"08087",0,0,0,0,0.100204598070927,34.17
"08089",0,0,0,0,0.108589111931878,40.44
"08091",0,0,0,0,0.152475225999832,67.39
"08093",0,0,0,0,0.181562418419082,77.86
"08095",0,0,0,0,0.0586763045649447,5.09
"08097",0,0,0,0,0.145170890730816,63.89
"08099",0,0,0,0,0.0815103348136066,18.84
"08101",0,0,0,0,0.198075184592193,82.09
"08103",0,0,0,0,0.0714624495052354,11.36
"08105",0,0,0,0,0.104503937354768,36.97
"08107",0,0,0,0,0.21804300733844,86.32
"08109",0,0,0,0,0.07879438998417,16.54
"08111",0,0,0,0,0.115538296966764,44.77
"08113",0,0,0,0,0.147268579864295,64.91
"08115",0,0,0,0,0.0709750618628772,11.2
"08117",0,0,0,0,0.156677538679827,68.98
"08119",0,0,0,0,0.148994334898847,65.54
"08121",0,0,0,0,0.0924095635268023,27.9
"08123",0,0,0,0,0.243154453186011,91.22
"08125",0,0,0,0,0.0784130534058654,16.32
"09110",7.5389394991339e-05,0.402875981145193,1,0,0.245269577152472,91.7
"09120",0.000151996473681811,0.812259184096171,1,0,0.272804577213089,95.13
"09130",0,0,0,0,0.253744770047909,92.75
"09140",1.57651621446927e-05,0.084247992276444,1,0,0.274280060421191,95.39
"09150",0,0,0,0,0.218457878345432,86.45
"09160",0,0,0,0,0.2339433651131,89.5
"09170",0,0,0,0,0.250470057579241,92.33
"09180",0,0,0,0,0.200377021558314,82.66
"09190",9.71951826533107e-05,0.519404679909388,1,0,0.314840298727455,98.35
"10001",0,0,0,0,0.191429954747517,80.34
"10003",0,0,0,0,0.228432747889541,88.48
"10005",0.000561380806485376,2.99998220220309,1,1,0.272800515498086,95.1
"11001",1.23272034259764e-06,0.00658757664202926,1,0,0.148361520883509,65.22
"12001",2.57170227402774e-05,0.137430082438157,1,0,0.164408076802286,71.94
"12003",0.000118203309692671,0.631670732634412,1,0,0.106987056670276,39.26
"12005",0.000289758641783196,1.54845117296823,1,1,0.301968693355652,97.61
"12007",0,0,0,0,0.117563441660179,46.52
"12009",6.37408372546446e-05,0.340626852767969,1,0,0.294002908961012,97.2
"12011",3.76402608368346e-05,0.201147084638932,1,0,0.403362846690489,99.97
"12013",0,0,0,0,0.0909651162662859,26.47
"12015",1.60377207191314e-05,0.0857045274178808,1,0,0.265375816000329,94.15
"12017",0,0,0,0,0.226416026243069,88.1
"12019",0,0,0,0,0.24815802099115,92.11
"12021",0,0,0,0,0.28928380148308,96.79
"12023",0,0,0,0,0.176932969969355,76.42
"12027",0,0,0,0,0.135992408410484,58.83
"12029",0,0,0,0,0.113734842209912,43.62
"12031",0.000174779341081884,0.934009332882482,1,0,0.334560839757225,99.05
"12033",0,0,0,0,0.254421146623253,92.9
"12035",0,0,0,0,0.234604051697552,89.6
"12037",0.0239904988123515,128.203651830594,1,1,0.17405993902247,75.41
"12039",0,0,0,0,0.0979357635501606,32.48
"12041",0,0,0,0,0.0950609127108515,29.84
"12043",0,0,0,0,0.113317328210945,43.21
"12045",0,0,0,0,0.151775209629971,67.13
"12047",0,0,0,0,0.0766765790744105,15.4
"12049",0,0,0,0,0.112145335667052,42.73
"12051",0,0,0,0,0.145258732913249,63.92
"12053",1.74825174825175e-05,0.0934254265399847,1,0,0.230039773107848,88.9
"12055",0,0,0,0,0.205462862171489,83.81
"12057",0.000986749849755316,5.27312646441473,1,1,0.384210899982481,99.87
"12059",0,0,0,0,0.107136558231782,39.33
"12061",0,0,0,0,0.2674038549327,94.4
"12063",0,0,0,0,0.12284896362148,50.21
"12065",0,0,0,0,0.127960142042134,53.77
"12067",0,0,0,0,0.0642760982936294,7.51
"12069",0,0,0,0,0.270305376362104,94.78
"12071",5.67794685441744e-05,0.303425755058319,1,0,0.296242117626794,97.42
"12073",1.11497636250111e-05,0.0595836053662376,1,0,0.201113780925643,82.85
"12075",0.00111898545318911,5.97978485425638,1,1,0.215460924061208,85.81
"12077",0,0,0,0,0.0593904867316526,5.54
"12079",0,0,0,0,0.0976786650531769,32.29
"12081",6.20755583696475e-06,0.0331727711652024,1,0,0.306418039440032,97.87
"12083",0,0,0,0,0.267512804388439,94.46
"12085",0,0,0,0,0.290093812568464,96.95
"12086",4.87060211317411e-05,0.26028178171987,1,0,0.408881634324646,100
"12087",1.83945257891252e-05,0.0982991391010066,1,0,0.247201772726609,91.95
"12089",0,0,0,0,0.256242833196097,93.35
"12091",8.321613727334e-06,0.0444701578450942,1,0,0.193394542933387,81.07
"12093",0,0,0,0,0.157353207430013,69.46
"12095",1.83011698300399e-05,0.0978002509799846,1,0,0.284827257647261,96.34
"12097",1.47056660931457e-05,0.0785861148819447,1,0,0.244323428765424,91.5
"12099",5.20850288095316e-06,0.0278338977080614,1,0,0.333436025207715,98.98
"12101",3.60141895906987e-05,0.192457466572966,1,0,0.290429051608024,97.01
"12103",0.000158762466924486,0.84841620812293,1,0,0.37142615812808,99.75
"12105",0.000949661104692423,5.07492664389125,1,1,0.294619632870916,97.3
"12107",0,0,0,0,0.176751699650997,76.33
"12109",1.76105945336715e-05,0.0941098618992519,1,0,0.280687850229887,95.99
"12111",0.000323680051788808,1.72972496272883,1,1,0.299347060819304,97.55
"12113",0,0,0,0,0.248412077624974,92.17
"12115",4.74365299229631e-06,0.0253497703981211,1,0,0.295319213076735,97.39
"12117",0,0,0,0,0.304229823164179,97.68
"12119",0,0,0,0,0.161007659854264,70.89
"12121",0,0,0,0,0.123591156259337,50.56
"12123",0,0,0,0,0.11721581519544,46.17
"12125",0,0,0,0,0.0579853489899933,4.96
"12127",4.72371019093237e-06,0.0252431973759182,1,0,0.308722468167699,98.03
"12129",0.00209588682211161,11.2002816831797,1,1,0.180395114312328,77.63
"12131",0,0,0,0,0.24651544140794,91.82
"12133",0,0,0,0,0.117501249363217,46.42
"13001",0,0,0,0,0.0973887413049808,31.94
"13003",0,0,0,0,0.0747184437002863,13.84
"13005",0,0,0,0,0.0859075337255656,22.27
"13007",0,0,0,0,0.0899377510543176,25.36
"13009",0,0,0,0,0.127958043504904,53.74
"13011",0,0,0,0,0.0949521539883375,29.78
"13013",0,0,0,0,0.188471951173126,79.54
"13015",0,0,0,0,0.196886801715481,81.64
"13017",0,0,0,0,0.0790860719068233,16.67
"13019",0,0,0,0,0.0925794110275349,28.09
"13021",0,0,0,0,0.206774552360712,83.96
"13023",0,0,0,0,0.0837297748261259,20.62
"13025",0,0,0,0,0.0806447191688081,18.14
"13027",0,0,0,0,0.0825245405238071,19.69
"13029",7.6681236101526e-05,0.409779495290785,1,0,0.154072730565817,68.09
"13031",0,0,0,0,0.181168138133774,77.76
"13033",0,0,0,0,0.0928026777308773,28.38
"13035",0,0,0,0,0.0877579196601347,23.61
"13037",0,0,0,0,0.0535408897969101,3.31
"13039",0,0,0,0,0.124697501446545,51.32
"13043",0,0,0,0,0.0982734779342522,32.68
"13045",0.00448362337563645,23.9601891851311,1,1,0.176950814088377,76.46
"13047",0,0,0,0,0.162814399712058,71.43
"13049",0,0,0,0,0.0820655349868309,19.28
"13051",1.582437058566e-05,0.0845643983007863,1,0,0.26540193969478,94.18
"13053",0,0,0,0,0.0282575230220265,0.16
"13055",0,0,0,0,0.0806325156585768,18.07
"13057",0,0,0,0,0.255116742015753,93.06
"13059",0,0,0,0,0.153186029037297,67.58
"13061",0,0,0,0,0.06725250015208,8.97
"13063",0,0,0,0,0.161929039258928,71.21
"13065",0,0,0,0,0.0875243558917221,23.45
"13067",4.67167470194715e-06,0.0249651231364088,1,0,0.284666015038008,96.25
"13069",0,0,0,0,0.121300294186569,49.44
"13071",0,0,0,0,0.116275167976546,45.43
"13073",0,0,0,0,0.200291675091026,82.63
"13075",0,0,0,0,0.0992169657823278,33.34
"13077",0,0,0,0,0.190874492454043,80.18
"13079",0,0,0,0,0.0744285386343855,13.78
"13081",0,0,0,0,0.106701249397388,39.01
"13083",0,0,0,0,0.0842554956377574,21.06
"13085",0,0,0,0,0.140316231614055,61.15
"13087",0,0,0,0,0.11613625233599,45.28
"13089",2.81663957998271e-06,0.0150519371384832,1,0,0.25340891695205,92.71
"13091",0,0,0,0,0.089378962650849,24.88
"13093",0,0,0,0,0.0720447186139236,11.77
"13095",0,0,0,0,0.165503843352776,72.51
"13097",0,0,0,0,0.188084052362663,79.41
"13099",0,0,0,0,0.074261459119886,13.68
"13101",0,0,0,0,0.0603370684943655,5.98
"13103",0,0,0,0,0.135452215389178,58.57
"13105",0,0,0,0,0.103793452760915,36.65
"13107",0,0,0,0,0.102089132344214,35.22
"13109",0,0,0,0,0.0761177613498643,15.08
"13111",0,0,0,0,0.165589338561888,72.61
"13113",0,0,0,0,0.237755580540339,90.23
"13115",0,0,0,0,0.149731894913046,65.83
"13117",0,0,0,0,0.258032598624949,93.57
"13119",0,0,0,0,0.108105467963592,40.09
"13121",1.9451298325535e-06,0.0103946462209281,1,0,0.27475604939232,95.55
"13123",0,0,0,0,0.150708759419423,66.4
"13125",0,0,0,0,0.0692459972292449,10.31
"13127",0.00698807539428132,37.3438164759262,1,1,0.240205117782188,90.61
"13129",0,0,0,0,0.10601328724526,38.31
"13131",0,0,0,0,0.109196014294184,40.79
"13133",0,0,0,0,0.118332046668799,47.28
"13135",4.47056246381638e-06,0.0238903925291855,1,0,0.365786611881468,99.59
"13137",0,0,0,0,0.130354100535639,55.39
"13139",0,0,0,0,0.201833428370254,83.14
"13141",0,0,0,0,0.100266664359468,34.27
"13143",0,0,0,0,0.108895780815202,40.69
"13145",0,0,0,0,0.117846607606648,46.83
"13147",0,0,0,0,0.100865902536865,34.58
"13149",0,0,0,0,0.0833490105437945,20.24
"13151",0,0,0,0,0.166684345380902,73.11
"13153",0,0,0,0,0.123986112963856,50.81
"13155",0,0,0,0,0.0672267837236472,8.94
"13157",0,0,0,0,0.119370456981975,47.82
"13159",0,0,0,0,0.113652454920004,43.43
"13161",0,0,0,0,0.0879170326096246,23.7
"13163",0,0,0,0,0.0893922313543093,24.94
"13165",0,0,0,0,0.0728794427321142,12.57
"13167",0,0,0,0,0.0901281644500254,25.55
"13169",0,0,0,0,0.113668453182633,43.49
"13171",0,0,0,0,0.0902064828955236,25.71
"13173",0,0,0,0,0.0791998650368818,16.83
"13175",0,0,0,0,0.142328676154533,62.11
"13177",0,0,0,0,0.133486489411803,57.56
"13179",0,0,0,0,0.0633646108760263,7.19
"13181",0,0,0,0,0.10580034181933,38.02
"13183",0,0,0,0,0.103703281379963,36.53
"13185",0,0,0,0,0.177787352309709,76.93
"13187",0,0,0,0,0.145752258575835,64.17
"13189",0,0,0,0,0.114042818044122,43.91
"13191",0,0,0,0,0.130039305022842,55.23
"13193",0,0,0,0,0.0781412701888398,16.13
"13195",0,0,0,0,0.125897624975521,52.24
"13197",0,0,0,0,0.0613981368709485,6.4
"13199",0,0,0,0,0.100176281668927,34.14
"13201",0,0,0,0,0.059213536137869,5.38
"13205",0,0,0,0,0.0919147063031391,27.27
"13207",0,0,0,0,0.115034440329472,44.45
"13209",0,0,0,0,0.0824782212084675,19.63
"13211",0,0,0,0,0.125627561810722,51.96
"13213",0,0,0,0,0.0957513278915701,30.38
"13215",0,0,0,0,0.177277434938043,76.71
"13217",0,0,0,0,0.181636736992416,77.89
"13219",0,0,0,0,0.178421489033688,77.12
"13221",0,0,0,0,0.0923295347123196,27.81
"13223",0,0,0,0,0.211608264004961,85.01
"13225",0,0,0,0,0.0975621221659223,32.13
"13227",0,0,0,0,0.161155878410227,70.98
"13229",0,0,0,0,0.106732192056208,39.04
"13231",0,0,0,0,0.122304187753223,49.92
"13233",0,0,0,0,0.118248466591469,47.15
"13235",0,0,0,0,0.0750339176759503,14.16
"13237",0,0,0,0,0.130521461147524,55.55
"13239",0,0,0,0,0.0558419795181976,4.3
"13241",0,0,0,0,0.131364904946951,56.19
"13243",0,0,0,0,0.0811352035023304,18.52
"13245",0,0,0,0,0.170741512530217,74.42
"13247",0,0,0,0,0.201789963652302,83.11
"13249",0,0,0,0,0.0894221989233307,25.01
"13251",0,0,0,0,0.0914738583081015,26.95
"13253",0,0,0,0,0.0677627329725154,9.45
"13255",0,0,0,0,0.146614499935061,64.46
"13257",0,0,0,0,0.114875392185503,44.32
"13259",0,0,0,0,0.0373545022278818,0.67
"13261",0,0,0,0,0.126047635652243,52.34
"13263",0,0,0,0,0.0698462461687853,10.63
"13265",0,0,0,0,0.0347508548346183,0.38
"13267",0,0,0,0,0.0738641514853169,13.43
"13269",0,0,0,0,0.0843461053776081,21.13
"13271",0,0,0,0,0.0838267950119273,20.81
"13273",0,0,0,0,0.0902623528501974,25.77
"13275",0,0,0,0,0.176129458937758,75.95
"13277",0,0,0,0,0.130477616635378,55.46
"13279",0.0141499321089116,75.6163089274101,1,1,0.128815600704673,54.28
"13281",0,0,0,0,0.102136559883864,35.25
"13283",0,0,0,0,0.0837014832934073,20.55
"13285",0,0,0,0,0.107785086347874,39.83
"13287",0,0,0,0,0.0956832823988612,30.35
"13289",0,0,0,0,0.0672740706504864,9
"13291",0,0,0,0,0.14182647987117,61.82
"13293",0,0,0,0,0.105138209476623,37.58
"13295",0,0,0,0,0.105177148451266,37.67
"13297",0,0,0,0,0.185353769111653,78.84
"13299",0,0,0,0,0.127487076016171,53.48
"13301",0,0,0,0,0.102929088060775,36.02
"13303",0,0,0,0,0.100030636781255,33.95
"13305",0,0,0,0,0.116038443849945,45.21
"13307",0,0,0,0,0.0851210527092393,21.7
"13309",0,0,0,0,0.0934131248871955,28.86
"13311",0,0,0,0,0.160962905271307,70.82
"13313",0,0,0,0,0.148479124225453,65.26
"13315",0,0,0,0,0.0783016692730379,16.23
"13317",0,0,0,0,0.0877930537694195,23.64
"13319",0,0,0,0,0.0673216471167163,9.1
"13321",0,0,0,0,0.117386094354818,46.26
"15001",1.13766937052754e-05,0.0607963048281223,1,0,0.26782081971096,94.5
"15003",7.6801404368537e-05,0.410421666626424,1,0,0.29158673989933,97.04
"15007",0,0,0,0,0.218447747906632,86.41
"15009",1.17133051433123e-05,0.0625951342706373,1,0,0.269317922417391,94.65
"16001",6.21563916971492e-06,0.0332159679651372,1,0,0.335643498380738,99.08
"16003",0,0,0,0,0.116382052042131,45.56
"16005",0,0,0,0,0.221379191666213,87.05
"16007",0,0,0,0,0.1147452159594,44.19
"16009",0,0,0,0,0.106466046011008,38.78
"16011",0,0,0,0,0.155325493552881,68.6
"16013",0.000116672500291681,0.623490187619545,1,0,0.223529995374656,87.56
"16015",0,0,0,0,0.124269249421718,51.13
"16017",0,0,0,0,0.253902700009736,92.78
"16019",0,0,0,0,0.289019770204753,96.75
"16021",0,0,0,0,0.131098303428523,55.87
"16023",0,0,0,0,0.0207854787183184,0.1
"16025",0,0,0,0,0.0989792859738441,33.09
"16027",0,0,0,0,0.258104224908715,93.6
"16029",0,0,0,0,0.0911147119940589,26.63
"16031",0,0,0,0,0.120736436862567,48.93
"16033",0,0,0,0,0.0590000601494932,5.25
"16035",0,0,0,0,0.116009128138391,45.12
"16037",0.000531914893617021,2.84251829685485,1,1,0.129695206848243,55.01
"16039",0,0,0,0,0.0971824052558505,31.69
"16041",0,0,0,0,0.135330485314075,58.45
"16043",0,0,0,0,0.143627797193346,63.09
"16045",0,0,0,0,0.17521399084087,75.66
"16047",0.0232500618352708,124.246805199156,1,1,0.103684430600035,36.49
"16049",0,0,0,0,0.167006275957214,73.31
"16051",0,0,0,0,0.160344195130369,70.63
"16053",0,0,0,0,0.09745689999391,31.98
"16055",0,0,0,0,0.318029863452718,98.47
"16057",0,0,0,0,0.162797978090946,71.4
"16059",0,0,0,0,0.151632182287966,66.97
"16061",0,0,0,0,0.085755771759968,22.18
"16063",0,0,0,0,0.0796180573382801,17.05
"16065",0,0,0,0,0.132796274645162,57.05
"16067",0,0,0,0,0.107631229204637,39.71
"16069",0,0,0,0,0.159328298037572,70.35
"16071",0,0,0,0,0.0867121673790744,22.81
"16073",0,0,0,0,0.0934263226655146,28.89
"16075",0,0,0,0,0.140047944709575,60.83
"16077",0,0,0,0,0.0527071449771457,3.05
"16079",0,0,0,0,0.12232032910129,49.98
"16081",0,0,0,0,0.190688730748777,80.11
"16083",0,0,0,0,0.22693499011101,88.26
"16085",0,0,0,0,0.163171504955047,71.52
"16087",0,0,0,0,0.11629739206394,45.5
"17001",0,0,0,0,0.176566146115188,76.2
"17003",0,0,0,0,0.0565330193164783,4.52
"17005",0,0,0,0,0.092791098035614,28.32
"17007",0,0,0,0,0.131554087647859,56.32
"17009",0,0,0,0,0.0492429220919977,2.42
"17011",0,0,0,0,0.116217644417177,45.4
"17013",0,0,0,0,0.0907166415695204,26.28
"17015",0,0,0,0,0.107148678447729,39.36
"17017",0,0,0,0,0.0778269117335347,15.91
"17019",9.06256796925977e-06,0.0484297687059298,1,0,0.14709531286802,64.68
"17021",0,0,0,0,0.115452668616259,44.7
"17023",0,0,0,0,0.083177971002839,20.08
"17025",0,0,0,0,0.0799934169142691,17.4
"17027",0,0,0,0,0.11760033753352,46.58
"17029",0,0,0,0,0.106971332017453,39.23
"17031",8.68768922652373e-05,0.46426441297511,1,0,0.380910656406068,99.84
"17033",0,0,0,0,0.102720197744192,35.79
"17035",0,0,0,0,0.0691322442534258,10.28
"17037",0,0,0,0,0.161226012504517,71.01
"17039",0,0,0,0,0.0799068386806154,17.34
"17041",0,0,0,0,0.118451191743509,47.41
"17043",1.19726066759255e-05,0.0639808246502457,1,0,0.35768420628806,99.49
"17045",0,0,0,0,0.0561366127045486,4.33
"17047",0,0,0,0,0.0769570315738299,15.49
"17049",0,0,0,0,0.148688554423308,65.42
"17051",0,0,0,0,0.132262237072586,56.76
"17053",0,0,0,0,0.0779306415736527,16
"17055",0,0,0,0,0.125833479608774,52.12
"17057",0,0,0,0,0.112323834324779,42.89
"17059",0,0,0,0,0.0744285078817875,13.74
"17061",0,0,0,0,0.0638048344692479,7.38
"17063",0,0,0,0,0.123361100604048,50.46
"17065",0,0,0,0,0.0813700807790785,18.74
"17067",0,0,0,0,0.102800350857134,35.86
"17069",0,0,0,0,0.0590050446779858,5.28
"17071",0,0,0,0,0.0777040142165842,15.75
"17073",0,0,0,0,0.11676548477524,45.85
"17075",0,0,0,0,0.097202462883496,31.72
"17077",0,0,0,0,0.124046846831241,50.97
"17079",0,0,0,0,0.0812528608373409,18.68
"17081",0,0,0,0,0.102685295479066,35.63
"17083",0,0,0,0,0.102814750677441,35.92
"17085",0,0,0,0,0.172413413942517,74.99
"17087",0,0,0,0,0.0681354161038585,9.7
"17089",0,0,0,0,0.321747303152003,98.57
"17091",0,0,0,0,0.169810349555591,74.2
"17093",0,0,0,0,0.188771540556048,79.67
"17095",0,0,0,0,0.120214744498893,48.39
"17097",0,0,0,0,0.229120913932592,88.64
"17099",0,0,0,0,0.197339558037066,81.83
"17101",0,0,0,0,0.0652973376270034,8.11
"17103",0,0,0,0,0.121402068049322,49.51
"17105",0,0,0,0,0.102198707797024,35.28
"17107",0,0,0,0,0.0811938996339851,18.55
"17109",0,0,0,0,0.0839282474479977,20.97
"17111",9.27377099349909e-06,0.0495584238121424,1,0,0.258387002626917,93.64
"17113",0,0,0,0,0.125722907751517,52.05
"17115",0,0,0,0,0.158615538186976,70
"17117",0,0,0,0,0.104739769438702,37.23
"17119",0,0,0,0,0.219976225546031,86.76
"17121",0,0,0,0,0.117598845053442,46.55
"17123",0,0,0,0,0.0728574066189859,12.5
"17125",0,0,0,0,0.0889377778888618,24.47
"17127",0,0,0,0,0.082261298625313,19.5
"17129",0,0,0,0,0.107993672791887,40.03
"17131",0,0,0,0,0.08088108888063,18.36
"17133",0,0,0,0,0.146968172830833,64.56
"17135",0,0,0,0,0.0991985723380267,33.31
"17137",0,0,0,0,0.111831271700269,42.32
"17139",0,0,0,0,0.0921634018700606,27.59
"17141",0,0,0,0,0.128361006851027,53.99
"17143",0,0,0,0,0.164758073936701,72.13
"17145",0,0,0,0,0.0837162603109198,20.59
"17147",0,0,0,0,0.101681772249142,34.97
"17149",0,0,0,0,0.111167523886016,41.93
"17151",0,0,0,0,0.0687250723498707,10.02
"17153",0,0,0,0,0.0463316511859738,1.62
"17155",0,0,0,0,0.0930027474185682,28.54
"17157",0,0,0,0,0.110611894186673,41.58
"17159",0,0,0,0,0.0972460562958226,31.85
"17161",1.34275049010393e-05,0.0717557053211473,1,0,0.165208507894385,72.29
"17163",0,0,0,0,0.223927678951137,87.69
"17165",0,0,0,0,0.0802886151020534,17.72
"17167",0,0,0,0,0.129287022421102,54.69
"17169",0,0,0,0,0.0698731484308793,10.72
"17171",0,0,0,0,0.0908402024603471,26.34
"17173",0,0,0,0,0.0910024710647758,26.54
"17175",0,0,0,0,0.0608231285045153,6.17
"17177",0,0,0,0,0.115901493596008,45.02
"17179",0,0,0,0,0.17192808070894,74.74
"17181",0,0,0,0,0.0797453021051071,17.15
"17183",0,0,0,0,0.127431430352934,53.39
"17185",0,0,0,0,0.0783959423569714,16.29
"17187",0,0,0,0,0.0678122286803827,9.48
"17189",0,0,0,0,0.0800075633462487,17.44
"17191",0,0,0,0,0.1037564316848,36.59
"17193",0,0,0,0,0.0782914743341431,16.19
"17195",0,0,0,0,0.148498652468001,65.29
"17197",3.45433882227772e-06,0.0184597600550177,1,0,0.296543243937359,97.45
"17199",0,0,0,0,0.133755637279039,57.62
"17201",0,0,0,0,0.211106087624454,84.89
"17203",0,0,0,0,0.104653662767463,37.13
"18001",0,0,0,0,0.135706098015321,58.73
"18003",0,0,0,0,0.25413410484757,92.81
"18005",0,0,0,0,0.128779206763703,54.25
"18007",0,0,0,0,0.11254989077828,43.05
"18009",0,0,0,0,0.0867720593916325,22.88
"18011",4.04473476651769e-05,0.216147972499327,1,0,0.144678912044162,63.57
"18013",0,0,0,0,0.14358467812279,63.06
"18015",0,0,0,0,0.108667285891298,40.5
"18017",0,0,0,0,0.108790751112063,40.66
"18019",0,0,0,0,0.215320235926201,85.68
"18021",0,0,0,0,0.102750796242954,35.83
"18023",0,0,0,0,0.0980255291347489,32.55
"18025",0,0,0,0,0.0876269185038915,23.54
"18027",0,0,0,0,0.12571846692703,52.02
"18029",0,0,0,0,0.146275343148982,64.33
"18031",0,0,0,0,0.110055468382337,41.27
"18033",0,0,0,0,0.126451258876104,52.62
"18035",0,0,0,0,0.18749232256422,79.29
"18037",0,0,0,0,0.122871938106297,50.27
"18039",0,0,0,0,0.208037168204246,84.28
"18041",0,0,0,0,0.0992793773196886,33.41
"18043",0,0,0,0,0.169310227160176,74.13
"18045",0,0,0,0,0.104993001374253,37.48
"18047",0,0,0,0,0.120603993267336,48.87
"18049",0,0,0,0,0.125010385784531,51.57
"18051",0,0,0,0,0.0797525291748605,17.21
"18053",0,0,0,0,0.114558093308856,44.03
"18055",0,0,0,0,0.1297523993836,55.04
"18057",0,0,0,0,0.241407595801598,90.96
"18059",0,0,0,0,0.173771649035066,75.28
"18061",0,0,0,0,0.140183844709868,61.12
"18063",0,0,0,0,0.141712204060209,61.76
"18065",0,0,0,0,0.129676120634198,54.98
"18067",0,0,0,0,0.150128555213261,66.02
"18069",0,0,0,0,0.131114540356265,55.9
"18071",0,0,0,0,0.120778968419762,49.03
"18073",0,0,0,0,0.108184465149858,40.22
"18075",0,0,0,0,0.0886704491741489,24.24
"18077",0,0,0,0,0.117627982257066,46.61
"18079",0,0,0,0,0.0939963679236995,29.37
"18081",0,0,0,0,0.193878873744797,81.2
"18083",0,0,0,0,0.103647330339581,36.46
"18085",0,0,0,0,0.174722315680661,75.6
"18087",0,0,0,0,0.17542012574488,75.72
"18089",0,0,0,0,0.25424862270924,92.84
"18091",0,0,0,0,0.206644035765864,83.93
"18093",0,0,0,0,0.132279165497379,56.79
"18095",0,0,0,0,0.183090138767789,78.3
"18097",0,0,0,0,0.270309636381573,94.81
"18099",0,0,0,0,0.15334898209399,67.71
"18101",0,0,0,0,0.0477990863325082,2.04
"18103",0,0,0,0,0.116203130788464,45.37
"18105",0,0,0,0,0.150124638549157,65.99
"18107",0,0,0,0,0.112944248328019,43.14
"18109",0,0,0,0,0.161146083549692,70.95
"18111",0,0,0,0,0.0837834242268382,20.78
"18113",0,0,0,0,0.150133286054874,66.05
"18115",0,0,0,0,0.0947592102361865,29.62
"18117",0,0,0,0,0.0907194399264957,26.31
"18119",0,0,0,0,0.0960893348084636,30.64
"18121",0,0,0,0,0.111845135947706,42.35
"18123",0,0,0,0,0.0967928400715406,31.24
"18125",0,0,0,0,0.0834428590349788,20.33
"18127",0,0,0,0,0.231365695970444,89.18
"18129",0,0,0,0,0.119398648564991,47.88
"18131",0,0,0,0,0.083480754707808,20.39
"18133",0,0,0,0,0.106942094130942,39.2
"18135",0,0,0,0,0.114937020461706,44.42
"18137",0,0,0,0,0.129753039142017,55.07
"18139",0,0,0,0,0.10632571368102,38.63
"18141",0,0,0,0,0.226522506008705,88.16
"18143",0,0,0,0,0.0725130258631892,12.15
"18145",0,0,0,0,0.126723234362875,52.82
"18147",0,0,0,0,0.115954719245011,45.05
"18149",0,0,0,0,0.098178701463901,32.61
"18151",0,0,0,0,0.149881119367374,65.92
"18153",0,0,0,0,0.0847369977199796,21.48
"18155",0,0,0,0,0.0857219584056,22.11
"18157",0,0,0,0,0.147138938580492,64.72
"18159",0,0,0,0,0.0953785141084896,30.1
"18161",0,0,0,0,0.1447854271589,63.67
"18163",0,0,0,0,0.239955521614217,90.52
"18165",0,0,0,0,0.0737547879804924,13.39
"18167",0,0,0,0,0.186730297016254,79.1
"18169",0,0,0,0,0.135548689627436,58.67
"18171",0,0,0,0,0.127877554458824,53.61
"18173",0,0,0,0,0.16348888810806,71.71
"18175",0,0,0,0,0.120739891878544,48.97
"18177",0,0,0,0,0.145353341726086,64.05
"18179",0,0,0,0,0.120458375963044,48.58
"18181",0,0,0,0,0.112033779602294,42.6
"18183",0,0,0,0,0.122186104990501,49.86
"19001",0,0,0,0,0.0750593534830198,14.19
"19003",0,0,0,0,0.073588474012707,13.24
"19005",0,0,0,0,0.124468628746991,51.26
"19007",0,0,0,0,0.115611598460641,44.83
"19009",0,0,0,0,0.0730293727611963,12.63
"19011",0,0,0,0,0.143560422145867,63
"19013",0,0,0,0,0.17854472534759,77.22
"19015",0,0,0,0,0.131301941336365,56.09
"19017",0,0,0,0,0.104956438121133,37.45
"19019",0,0,0,0,0.126023615178383,52.27
"19021",0,0,0,0,0.0876231822277163,23.51
"19023",0,0,0,0,0.0932642918069995,28.67
"19025",0,0,0,0,0.0813320360240376,18.71
"19027",0,0,0,0,0.122532993134512,50.14
"19029",0,0,0,0,0.102925425897574,35.98
"19031",0,0,0,0,0.11070630359252,41.68
"19033",0,0,0,0,0.175496515260016,75.76
"19035",0,0,0,0,0.0956456030936729,30.29
"19037",0,0,0,0,0.0838908265004576,20.9
"19039",0,0,0,0,0.0620339366496194,6.55
"19041",0,0,0,0,0.152156569022844,67.29
"19043",0,0,0,0,0.113788691080299,43.65
"19045",0,0,0,0,0.14310767121755,62.65
"19047",0,0,0,0,0.0901578711666639,25.61
"19049",0,0,0,0,0.118264843825403,47.22
"19051",0,0,0,0,0.103425011808857,36.24
"19053",0,0,0,0,0.0974919836623603,32.01
"19055",0,0,0,0,0.116298457461168,45.53
"19057",0,0,0,0,0.161460864898151,71.11
"19059",0,0,0,0,0.138463039748145,60.13
"19061",0,0,0,0,0.215146913429741,85.65
"19063",0,0,0,0,0.0928349408253677,28.44
"19065",0,0,0,0,0.099747307069035,33.79
"19067",0,0,0,0,0.095492333896335,30.16
"19069",0,0,0,0,0.0816278042569352,18.93
"19071",0,0,0,0,0.0671319688639754,8.88
"19073",0,0,0,0,0.0805819503895445,17.94
"19075",0,0,0,0,0.0777203621206829,15.78
"19077",0,0,0,0,0.10832190981427,40.34
"19079",0,0,0,0,0.0914064167982111,26.89
"19081",0,0,0,0,0.072638528471726,12.25
"19083",0,0,0,0,0.0972925455672606,31.91
"19085",0,0,0,0,0.0888389555896249,24.4
"19087",0,0,0,0,0.105575068159099,37.93
"19089",0,0,0,0,0.085986785147494,22.37
"19091",0,0,0,0,0.0918289965320045,27.17
"19093",0,0,0,0,0.0675127765028029,9.23
"19095",0,0,0,0,0.0851296354829541,21.73
"19097",0,0,0,0,0.134035616294719,57.78
"19099",0,0,0,0,0.15698600234982,69.07
"19101",0,0,0,0,0.131231251663498,56
"19103",0,0,0,0,0.126261720739578,52.53
"19105",0,0,0,0,0.126032238199989,52.31
"19107",0,0,0,0,0.0819054814051944,19.12
"19109",0,0,0,0,0.109961078473832,41.23
"19111",0,0,0,0,0.124182158714682,51.03
"19113",0,0,0,0,0.240202083110305,90.58
"19115",0,0,0,0,0.0664713004190898,8.56
"19117",0,0,0,0,0.0880011710309601,23.77
"19119",0,0,0,0,0.089308120908993,24.85
"19121",0,0,0,0,0.136947773849432,59.43
"19123",0,0,0,0,0.110065956652848,41.3
"19125",0,0,0,0,0.103431991708297,36.27
"19127",0,0,0,0,0.11484021366001,44.26
"19129",0,0,0,0,0.12888832625764,54.34
"19131",0,0,0,0,0.0849681186920606,21.64
"19133",0,0,0,0,0.0841263152612431,21.03
"19135",0,0,0,0,0.0830514354887171,19.98
"19137",0,0,0,0,0.0836475153405636,20.52
"19139",0,0,0,0,0.113433098562357,43.33
"19141",0,0,0,0,0.0976316616024652,32.2
"19143",0,0,0,0,0.062956495272624,6.94
"19145",0,0,0,0,0.0851985968990319,21.76
"19147",0,0,0,0,0.0723773036315493,11.99
"19149",0,0,0,0,0.101282595161441,34.81
"19151",0,0,0,0,0.0587319196131976,5.15
"19153",0,0,0,0,0.277067885985388,95.7
"19155",0,0,0,0,0.158148534693308,69.77
"19157",0,0,0,0,0.0717400139616523,11.68
"19159",0,0,0,0,0.077698114573622,15.72
"19161",0,0,0,0,0.0938679111718362,29.21
"19163",0,0,0,0,0.238833022084259,90.36
"19165",0,0,0,0,0.0970534745557877,31.56
"19167",0,0,0,0,0.116039914198385,45.24
"19169",0,0,0,0,0.120572266619168,48.84
"19171",0,0,0,0,0.0834703238963873,20.36
"19173",0,0,0,0,0.0541569410828806,3.69
"19175",0,0,0,0,0.088673621525209,24.28
"19177",0,0,0,0,0.0903211838624957,25.84
"19179",0,0,0,0,0.130969171364836,55.74
"19181",0,0,0,0,0.147454704963329,65.07
"19183",0,0,0,0,0.124794950092473,51.38
"19185",0,0,0,0,0.0670783635372615,8.81
"19187",0,0,0,0,0.126525954384911,52.66
"19189",0,0,0,0,0.0899077600796489,25.33
"19191",0,0,0,0,0.119145918081297,47.69
"19193",0,0,0,0,0.189889531596032,79.89
"19195",0,0,0,0,0.0795869928464508,16.99
"19197",0,0,0,0,0.0556406209892336,4.26
"20001",0,0,0,0,0.0860549890673503,22.46
"20003",0,0,0,0,0.102641285757343,35.6
"20005",0,0,0,0,0.0996205635610482,33.66
"20007",0,0,0,0,0.0713001870857915,11.33
"20009",0,0,0,0,0.12815336451564,53.9
"20011",0,0,0,0,0.0979664642033503,32.52
"20013",0,0,0,0,0.0679674081372972,9.61
"20015",0,0,0,0,0.147054451851683,64.62
"20017",0,0,0,0,0.056405046530942,4.42
"20019",0,0,0,0,0.0593167022356325,5.5
"20021",0,0,0,0,0.0865012212149402,22.72
"20023",0,0,0,0,0.0494754334088315,2.48
"20025",0,0,0,0,0.0537141108746472,3.47
"20027",0,0,0,0,0.0927968940623569,28.35
"20029",0,0,0,0,0.0971076524346661,31.59
"20031",0,0,0,0,0.0685104286170251,9.9
"20033",0,0,0,0,0.0546524272930291,3.82
"20035",0,0,0,0,0.0967940778663511,31.28
"20037",0,0,0,0,0.111572077674766,42.09
"20039",0,0,0,0,0.0526593695562476,3.02
"20041",0,0,0,0,0.0968629704825534,31.31
"20043",0,0,0,0,0.068290082789189,9.83
"20045",5.09182253301198e-05,0.272103655831178,1,0,0.185957801318489,78.94
"20047",0,0,0,0,0.0555586132343558,4.17
"20049",0,0,0,0,0.0611988579233055,6.33
"20051",0,0,0,0,0.135964766882159,58.8
"20053",0,0,0,0,0.0660196824367841,8.34
"20055",0,0,0,0,0.13514590528922,58.29
"20057",0,0,0,0,0.111110816894525,41.87
"20059",0,0,0,0,0.100132466349067,34.11
"20061",0,0,0,0,0.0508927868020222,2.83
"20063",0,0,0,0,0.0467252423928733,1.69
"20065",0,0,0,0,0.0622926175236507,6.68
"20067",0,0,0,0,0.0824508988125559,19.6
"20069",0,0,0,0,0.0586908340981946,5.12
"20071",0,0,0,0,0.0485029690339812,2.23
"20073",0,0,0,0,0.0739044054555511,13.52
"20075",0,0,0,0,0.0374107367079222,0.7
"20077",0,0,0,0,0.0854474423262538,21.95
"20079",0,0,0,0,0.12147689117933,49.54
"20081",0,0,0,0,0.0447407901986308,1.43
"20083",0,0,0,0,0.0404225098427832,0.86
"20085",0,0,0,0,0.0749851842329076,14.03
"20087",0,0,0,0,0.110444373604713,41.49
"20089",0,0,0,0,0.050172740196459,2.67
"20091",4.85805964239823e-06,0.0259611520309707,1,0,0.290106120217646,96.98
"20093",0,0,0,0,0.0358296529580514,0.41
"20095",0,0,0,0,0.0708154558063767,11.1
"20097",0,0,0,0,0.0455781799759803,1.53
"20099",0,0,0,0,0.080799928484088,18.26
"20101",0,0,0,0,0.0372219122676815,0.64
"20103",0,0,0,0,0.131907458644421,56.63
"20105",0,0,0,0,0.0632376247887894,7.06
"20107",0,0,0,0,0.0976674237355442,32.26
"20109",0,0,0,0,0.0527353119533104,3.09
"20111",0,0,0,0,0.109374271170911,40.92
"20113",0,0,0,0,0.109870091791926,41.17
"20115",0,0,0,0,0.0863281022743062,22.65
"20117",0,0,0,0,0.0822331792347834,19.44
"20119",0,0,0,0,0.0589104841251525,5.22
"20121",0,0,0,0,0.139970313627389,60.77
"20123",0,0,0,0,0.0783443122544838,16.26
"20125",0,0,0,0,0.109421399100701,40.95
"20127",0,0,0,0,0.0790155734711161,16.64
"20129",0,0,0,0,0.0443200207035077,1.34
"20131",0,0,0,0,0.0871054551445362,23.16
"20133",0,0,0,0,0.116412386614955,45.63
"20135",0,0,0,0,0.0543982590602914,3.72
"20137",0,0,0,0,0.0679379467061316,9.58
"20139",0,0,0,0,0.0906304869060028,26.19
"20141",0,0,0,0,0.059498927840115,5.63
"20143",0,0,0,0,0.0629457372692484,6.9
"20145",0,0,0,0,0.0546332305379853,3.79
"20147",0,0,0,0,0.0677551242407599,9.42
"20149",0,0,0,0,0.118256422429722,47.18
"20151",0,0,0,0,0.0671498924804283,8.91
"20153",0,0,0,0,0.0551935394799274,4.07
"20155",0,0,0,0,0.167515813979601,73.43
"20157",0,0,0,0,0.0643805339569453,7.57
"20159",0,0,0,0,0.0606576300850329,6.05
"20161",0,0,0,0,0.148663494014934,65.38
"20163",0,0,0,0,0.067552890414694,9.26
"20165",0,0,0,0,0.0426946354409817,1.15
"20167",0,0,0,0,0.0757028166958526,14.73
"20169",0,0,0,0,0.142221082407732,62.01
"20171",0,0,0,0,0.0662422769972231,8.43
"20173",3.38254942750351e-06,0.0180761222388659,1,0,0.247206368749838,91.98
"20175",0,0,0,0,0.0924168157161867,27.94
"20177",0,0,0,0,0.17761130104385,76.87
"20179",0,0,0,0,0.063508829522354,7.22
"20181",0,0,0,0,0.0895464857922755,25.1
"20183",0,0,0,0,0.0536755967339005,3.37
"20185",0,0,0,0,0.054574004229753,3.75
"20187",0,0,0,0,0.0413218326244161,0.92
"20189",0,0,0,0,0.058631239941507,5.06
"20191",0,0,0,0,0.0931384072328929,28.6
"20193",0,0,0,0,0.0867941254255881,22.91
"20195",0,0,0,0,0.066616902711297,8.62
"20197",0,0,0,0,0.0706080176842329,10.98
"20199",0,0,0,0,0.0629973595604828,6.97
"20201",0,0,0,0,0.0721194542183843,11.84
"20203",0,0,0,0,0.0611227046419747,6.27
"20205",0,0,0,0,0.0757405327230443,14.76
"20207",0,0,0,0,0.0649766698818651,7.95
"20209",0.000166371438917216,0.889078055288959,1,0,0.190174499346061,79.96
"21001",0,0,0,0,0.115555126153192,44.8
"21003",0,0,0,0,0.0995634988230772,33.6
"21005",0,0,0,0,0.14001303712793,60.8
"21007",0,0,0,0,0.0975033548356523,32.04
"21009",0,0,0,0,0.165132823442934,72.26
"21011",0,0,0,0,0.106288289823542,38.53
"21013",0,0,0,0,0.108926228612333,40.73
"21015",0,0,0,0,0.19914932052401,82.28
"21017",0,0,0,0,0.0888121288066501,24.37
"21019",0,0,0,0,0.171124468967101,74.51
"21021",0,0,0,0,0.136242027477366,59.08
"21023",0,0,0,0,0.0920511742987711,27.36
"21025",0,0,0,0,0.0751979781034545,14.38
"21027",0,0,0,0,0.126763634544227,52.88
"21029",0,0,0,0,0.126589455055553,52.72
"21031",0,0,0,0,0.104039739523776,36.78
"21033",0,0,0,0,0.0911588968844602,26.73
"21035",0,0,0,0,0.124226439571,51.1
"21037",0,0,0,0,0.207143484533933,84
"21039",0,0,0,0,0.0670344937494189,8.72
"21041",0,0,0,0,0.0925643592677142,28.06
"21043",0,0,0,0,0.107719918536008,39.8
"21045",0,0,0,0,0.097818063613788,32.39
"21047",0,0,0,0,0.076964991994728,15.56
"21049",0,0,0,0,0.12399471918015,50.84
"21051",0,0,0,0,0.0991853926417069,33.28
"21053",0,0,0,0,0.0939098175100183,29.3
"21055",0,0,0,0,0.0969433089716662,31.37
"21057",0,0,0,0,0.078659205671448,16.48
"21059",0,0,0,0,0.200133896278822,82.56
"21061",0,0,0,0,0.0924281206766982,27.97
"21063",0,0,0,0,0.0531971409768105,3.21
"21065",0,0,0,0,0.0958663751971916,30.45
"21067",2.62918039683096e-05,0.140501675614013,1,0,0.25196872409764,92.52
"21069",0,0,0,0,0.113387503456851,43.27
"21071",0,0,0,0,0.121638763670607,49.63
"21073",0,0,0,0,0.124557213186503,51.29
"21075",0,0,0,0,0.0736929432291871,13.3
"21077",0,0,0,0,0.0549949677074075,3.95
"21079",0,0,0,0,0.140149941283739,61.02
"21081",0,0,0,0,0.121107179812122,49.32
"21083",0,0,0,0,0.136182734587362,59.02
"21085",0,0,0,0,0.120859820329583,49.09
"21087",0,0,0,0,0.0960341262469264,30.58
"21089",0,0,0,0,0.145337399248216,64.02
"21091",0,0,0,0,0.0637449656443315,7.35
"21093",0,0,0,0,0.142586029569198,62.36
"21095",0,0,0,0,0.0838731466050048,20.87
"21097",0,0,0,0,0.0972413505567295,31.82
"21099",0,0,0,0,0.0933971402042737,28.83
"21101",0,0,0,0,0.139931086812205,60.74
"21103",0,0,0,0,0.109559586683838,41.04
"21105",0,0,0,0,0.0505996584745696,2.7
"21107",0,0,0,0,0.119540996638776,47.95
"21109",0,0,0,0,0.104689440502232,37.19
"21111",3.01568154402895e-05,0.161156043368128,1,0,0.287838257047361,96.63
"21113",0,0,0,0,0.182219487313866,78.08
"21115",0,0,0,0,0.108574827773819,40.41
"21117",0,0,0,0,0.193165499004969,80.88
"21119",0,0,0,0,0.082239127363788,19.47
"21121",0,0,0,0,0.122859818183744,50.24
"21123",0,0,0,0,0.10811501082131,40.15
"21125",0,0,0,0,0.160504064162622,70.7
"21127",0,0,0,0,0.0699217303789544,10.75
"21129",0,0,0,0,0.0777921916357393,15.84
"21131",0,0,0,0,0.0579286316832416,4.93
"21133",0,0,0,0,0.0759328549768453,14.95
"21135",0,0,0,0,0.0953522236470958,30
"21137",0,0,0,0,0.121585007826479,49.6
"21139",0,0,0,0,0.108005833552869,40.06
"21141",0,0,0,0,0.126980556858257,53.07
"21143",0,0,0,0,0.101081170276787,34.78
"21145",0,0,0,0,0.199887711664988,82.5
"21147",0,0,0,0,0.0846170289299838,21.32
"21149",0,0,0,0,0.0755161880627139,14.54
"21151",0,0,0,0,0.153699963355246,67.9
"21153",0,0,0,0,0.0918309432183962,27.2
"21155",0,0,0,0,0.0716667843403407,11.52
"21157",0,0,0,0,0.165419430682711,72.41
"21159",0,0,0,0,0.0696327873652043,10.47
"21161",0,0,0,0,0.120288968495341,48.43
"21163",0,0,0,0,0.124952141947179,51.51
"21165",0,0,0,0,0.0927470869463532,28.25
"21167",0,0,0,0,0.0963476515396216,30.83
"21169",0,0,0,0,0.0965063313500187,30.99
"21171",0,0,0,0,0.0808670839010493,18.33
"21173",0,0,0,0,0.119971818307137,48.36
"21175",0,0,0,0,0.0801256404434299,17.59
"21177",0,0,0,0,0.10332170320125,36.11
"21179",0,0,0,0,0.119387637894672,47.85
"21181",0,0,0,0,0.0925999156461976,28.16
"21183",0,0,0,0,0.0870746538139795,23.13
"21185",0,0,0,0,0.21046720882159,84.79
"21187",0,0,0,0,0.0936033581815101,29.02
"21189",0,0,0,0,0.0728407993322387,12.44
"21191",0,0,0,0,0.107387394823982,39.58
"21193",0,0,0,0,0.113415691683821,43.3
"21195",0,0,0,0,0.122876768835125,50.3
"21197",0,0,0,0,0.115078043464374,44.48
"21199",0,0,0,0,0.178324759055139,77.09
"21201",0,0,0,0,0.05399293231299,3.56
"21203",0,0,0,0,0.0805191148719207,17.91
"21205",0,0,0,0,0.0922165424591829,27.68
"21207",0,0,0,0,0.102715426484002,35.76
"21209",0,0,0,0,0.0878139190851604,23.67
"21211",0,0,0,0,0.164153713672241,71.87
"21213",0,0,0,0,0.0984533975514704,32.77
"21215",0,0,0,0,0.125836152804567,52.15
"21217",0,0,0,0,0.120777064871845,49
"21219",0,0,0,0,0.103527863648149,36.3
"21221",0,0,0,0,0.110960681926107,41.78
"21223",0,0,0,0,0.0811122341298396,18.49
"21225",0,0,0,0,0.0798387824270643,17.31
"21227",0,0,0,0,0.212525485827273,85.24
"21229",0,0,0,0,0.0881223855022712,23.86
"21231",0,0,0,0,0.105926260966011,38.21
"21233",0,0,0,0,0.0832172890134573,20.11
"21235",0,0,0,0,0.113684730921993,43.53
"21237",0,0,0,0,0.0932868619484048,28.73
"21239",0,0,0,0,0.127200601450583,53.17
"22001",0.00237447153529855,12.6890201147606,1,1,0.231971287786419,89.25
"22003",0,0,0,0,0.0892362950608057,24.72
"22005",0,0,0,0,0.241047053687579,90.8
"22007",0.000197316495659037,1.05444640846234,1,1,0.150397766103477,66.21
"22009",0.00172711571675302,9.22959308823337,1,1,0.168055297233551,73.66
"22011",0,0,0,0,0.144150964177578,63.38
"22013",0,0,0,0,0.0736418505039302,13.27
"22015",0,0,0,0,0.209080339361524,84.47
"22017",0,0,0,0,0.249425815414512,92.24
"22019",1.02130440999244e-05,0.0545778376747669,1,0,0.259161800996555,93.67
"22021",0,0,0,0,0.0985782691403016,32.9
"22023",0.00022436616558223,1.19899807002179,1,1,0.118000762005526,46.93
"22025",0.000360750360750361,1.92782626193619,1,1,0.153328377396831,67.67
"22027",0,0,0,0,0.10619020863189,38.4
"22029",0,0,0,0,0.123285727453575,50.43
"22031",0,0,0,0,0.123767927449639,50.59
"22033",0.000134797918194102,0.720351231827998,1,0,0.260435473703741,93.8
"22035",0,0,0,0,0.0795551665676649,16.96
"22037",0,0,0,0,0.117984839881911,46.9
"22039",0,0,0,0,0.127474474661374,53.45
"22041",0.00828631875881523,44.2815438487473,1,1,0.131916523141794,56.67
"22043",0,0,0,0,0.0874659899009457,23.42
"22045",0.00467609078810115,24.988722411112,1,1,0.225544045905957,87.88
"22047",0.00234414243455936,12.5269433900574,1,1,0.151968845976712,67.26
"22049",0,0,0,0,0.0924486661040995,28
"22051",0.00042662924970136,2.2798787227092,1,1,0.394339311517892,99.94
"22053",0,0,0,0,0.166403820402143,72.92
"22055",0.000293823823235588,1.57017523596613,1,1,0.31106065950356,98.25
"22057",7.75775128649376e-05,0.414569139516986,1,0,0.193637017323102,81.1
"22059",0,0,0,0,0.0779475076808273,16.04
"22061",0,0,0,0,0.162656091887751,71.36
"22063",0,0,0,0,0.222334110934185,87.24
"22065",0,0,0,0,0.0778672749194158,15.94
"22067",0,0,0,0,0.125543296261659,51.89
"22069",0,0,0,0,0.125158846852247,51.61
"22071",0.000280706837928021,1.50007892698182,1,1,0.291966309984802,97.1
"22073",0,0,0,0,0.219864509389341,86.73
"22075",0.00616134116635621,32.9258029972412,1,1,0.204519583988122,83.65
"22077",0,0,0,0,0.120329134736138,48.49
"22079",0,0,0,0,0.183601167350951,78.43
"22081",0,0,0,0,0.0808149351182447,18.29
"22083",0,0,0,0,0.101764115295062,35.06
"22085",0,0,0,0,0.116026057176495,45.15
"22087",0.00805237808549067,43.0313802374565,1,1,0.230832281707385,89.06
"22089",0.000597686601272721,3.19399798781708,1,1,0.212021504700854,85.14
"22091",0.00043859649122807,2.343830876354,1,1,0.129144902250893,54.63
"22093",0,0,0,0,0.12741493714718,53.36
"22095",0.000794070937003706,4.24346299477538,1,1,0.199139032082082,82.25
"22097",0.00527279384840718,28.1774644205253,1,1,0.208113301241589,84.35
"22099",0.0088958305038707,47.5387346291874,1,1,0.216741410753357,86.13
"22101",0.00255637724824249,13.6611123113703,1,1,0.222944518135771,87.37
"22103",0.000212960415982679,1.13804649240078,1,1,0.357752174177257,99.52
"22105",0.000975951091960373,5.21541861117772,1,1,0.25037994586735,92.3
"22107",0,0,0,0,0.0644428256299689,7.64
"22109",0.00156947740139385,8.38718427232896,1,1,0.250876901135939,92.4
"22111",0,0,0,0,0.128437653740008,54.06
"22113",0.00525674722738637,28.0917123304791,1,1,0.223393952093304,87.53
"22115",0,0,0,0,0.0780489043003601,16.07
"22117",0,0,0,0,0.128625944294243,54.15
"22119",0,0,0,0,0.138043982637343,59.94
"22121",0,0,0,0,0.17197386661687,74.77
"22123",0,0,0,0,0.0944635707373576,29.56
"22125",0,0,0,0,0.0702731729782943,10.88
"22127",0,0,0,0,0.0817902069264606,19.03
"23001",9.11327804611319e-05,0.487007600299565,1,0,0.241991153528168,91.12
"23003",0,0,0,0,0.147192573938208,64.75
"23005",0.000895065145978666,4.78316942212427,1,1,0.347561957426581,99.3
"23007",0,0,0,0,0.17274450348488,75.15
"23009",0.00177514792899408,9.4862740794446,1,1,0.252908893995406,92.62
"23011",1.41364735153169e-05,0.0755443870861494,1,0,0.197866956983419,81.99
"23013",0.000949171847563001,5.07231208588783,1,1,0.280497835784228,95.96
"23015",0.000136295488619327,0.728354149936912,1,0,0.24743807128102,92.05
"23017",0,0,0,0,0.169171411595532,74.07
"23019",0,0,0,0,0.248393269268532,92.14
"23021",0,0,0,0,0.151866624184123,67.2
"23023",0.00229100906221362,12.2430021338927,1,1,0.201517808511586,82.98
"23025",0,0,0,0,0.187867610874752,79.35
"23027",0.00929939868549853,49.6953765169618,1,1,0.245225703614107,91.66
"23029",0.00570270878667367,30.4749016473791,1,1,0.207801745772983,84.19
"23031",0.00110608777826699,5.91086052558471,1,1,0.313003282279948,98.31
"24001",0,0,0,0,0.160701150856563,70.73
"24003",5.60880807219658e-06,0.02997310238928,1,0,0.234765981733767,89.69
"24005",0,0,0,0,0.266189688515986,94.24
"24009",3.81112085064217e-05,0.203663798090138,1,0,0.238588577980619,90.3
"24011",0,0,0,0,0.153174996549976,67.55
"24013",0,0,0,0,0.205794716219137,83.87
"24015",0,0,0,0,0.174894099307005,75.63
"24017",0,0,0,0,0.208304506991752,84.38
"24019",0.00869007764085761,46.4392048270268,1,1,0.184558104154901,78.62
"24021",0,0,0,0,0.25002777210484,92.27
"24023",0,0,0,0,0.193086303583839,80.85
"24025",0,0,0,0,0.236293317471351,89.98
"24027",0,0,0,0,0.26671215044836,94.34
"24029",0.00234741784037559,12.5444469438665,1,1,0.189948167638929,79.92
"24031",1.8679577990974e-06,0.00998224393677172,1,0,0.222755070319792,87.31
"24033",3.12188624366842e-05,0.166831552844547,1,0,0.237587787216166,90.2
"24035",0.00363202407513101,19.4092983897732,1,1,0.259989842631057,93.73
"24037",0.00010759436922801,0.574977250758051,1,0,0.109511418172032,41.01
"24039",0.0081857055589493,43.7438735090821,1,1,0.145134123057834,63.86
"24041",4.85979491665452e-05,0.25970425222759,1,0,0.24518060750126,91.6
"24043",0,0,0,0,0.241519534442622,91
"24045",0.000452916387696428,2.4203554636683,1,1,0.223376630489016,87.5
"24047",3.46560388147635e-05,0.185199597923657,1,0,0.207732809374544,84.09
"24510",3.60429941430135e-05,0.192611396210902,1,0,0.20790308833072,84.22
"25001",8.93343696120208e-06,0.0477397010701107,1,0,0.279904402899166,95.86
"25003",0,0,0,0,0.226837748709517,88.2
"25005",0.00810507010589836,43.3129629378179,1,1,0.342852498946044,99.2
"25007",8.45522955948254e-05,0.451841920866418,1,0,0.22408522682238,87.72
"25009",0.00152049529383503,8.12542710285462,1,1,0.357122416371651,99.43
"25011",0,0,0,0,0.219660545748634,86.67
"25013",0,0,0,0,0.23076655702618,89.02
"25015",0,0,0,0,0.195849174746142,81.51
"25017",8.11188677714738e-05,0.43349390781786,1,0,0.244191761810403,91.47
"25019",0,0,0,0,0.201688047112025,83.04
"25021",2.3300246982618e-05,0.124514991334338,1,0,0.339653103126546,99.17
"25023",0.00028627385047417,1.52982867682176,1,1,0.365549512028717,99.55
"25025",0.00106025409761605,5.66592834296323,1,1,0.233579163654212,89.44
"25027",2.51485651486154e-06,0.0134392282360221,1,0,0.282778228742946,96.12
"26001",0,0,0,0,0.123055485501084,50.33
"26003",0,0,0,0,0.109687630680186,41.08
"26005",4.26721286991402e-05,0.228037056394936,1,0,0.22800362497699,88.45
"26007",0,0,0,0,0.172009373637827,74.83
"26009",0,0,0,0,0.150523497483173,66.27
"26011",0,0,0,0,0.104567640757216,37.07
"26013",0,0,0,0,0.0696722736614965,10.5
"26015",0,0,0,0,0.158578285420473,69.93
"26017",0,0,0,0,0.203792023826214,83.55
"26019",0,0,0,0,0.15132499652942,66.78
"26021",0,0,0,0,0.218917140492935,86.48
"26023",0.00649273290445556,34.6967387057122,1,1,0.153241852732795,67.64
"26025",0,0,0,0,0.163134981519965,71.49
"26027",0,0,0,0,0.147377771323148,65.03
"26029",0,0,0,0,0.178740154963787,77.28
"26031",0,0,0,0,0.200028141270004,82.53
"26033",0,0,0,0,0.152374965116872,67.32
"26035",0,0,0,0,0.143993572162501,63.25
"26037",0,0,0,0,0.191294504158428,80.24
"26039",0,0,0,0,0.0980992178715666,32.58
"26041",0,0,0,0,0.183120195613238,78.33
"26043",0,0,0,0,0.141964178576988,61.92
"26045",2.01686095760558e-05,0.107779726475074,1,0,0.15736824691556,69.49
"26047",0,0,0,0,0.177892064194319,76.96
"26049",0,0,0,0,0.220322254991767,86.86
"26051",0,0,0,0,0.129957777812116,55.2
"26053",0,0,0,0,0.117811600531954,46.77
"26055",0,0,0,0,0.28770787265551,96.6
"26057",0,0,0,0,0.127464367495802,53.42
"26059",0,0,0,0,0.131843311104634,56.57
"26061",0.000775357721858039,4.14346080065964,1,1,0.169435255516232,74.16
"26063",0,0,0,0,0.132817425240679,57.14
"26065",0,0,0,0,0.166705604526388,73.15
"26067",0,0,0,0,0.110661617412597,41.62
"26069",0,0,0,0,0.123452232567238,50.49
"26071",0,0,0,0,0.111301256434729,42
"26073",0,0,0,0,0.133156531896894,57.33
"26075",0,0,0,0,0.179969100558966,77.54
"26077",0,0,0,0,0.237426607266354,90.1
"26079",0,0,0,0,0.111779575185908,42.28
"26081",0,0,0,0,0.27474631281247,95.51
"26083",0,0,0,0,0.0784825192909433,16.39
"26085",0,0,0,0,0.111865975532175,42.38
"26087",0,0,0,0,0.200649739403146,82.72
"26089",0,0,0,0,0.180152184315842,77.6
"26091",0,0,0,0,0.176207903721311,76.01
"26093",0,0,0,0,0.261944690461527,93.92
"26095",0,0,0,0,0.116695295545219,45.78
"26097",0.000567536889897843,3.03287990810847,1,1,0.15156373401373,66.88
"26099",5.35337637447938e-06,0.0286080921534873,1,0,0.255630587132884,93.25
"26101",0,0,0,0,0.137025066782328,59.47
"26103",0,0,0,0,0.178783941241001,77.31
"26105",0,0,0,0,0.165119650571452,72.22
"26107",0,0,0,0,0.132553627245839,56.95
"26109",0,0,0,0,0.114485296801053,43.97
"26111",0,0,0,0,0.142200380421727,61.98
"26113",0,0,0,0,0.109749294838061,41.11
"26115",0,0,0,0,0.194779338571631,81.36
"26117",0,0,0,0,0.14436463920813,63.44
"26119",0,0,0,0,0.0812275510372778,18.64
"26121",0,0,0,0,0.201099257063953,82.82
"26123",0,0,0,0,0.158493820334139,69.9
"26125",1.27013642535345e-06,0.0067875257337097,1,0,0.321192875048312,98.54
"26127",0,0,0,0,0.122407017551695,50.05
"26129",0,0,0,0,0.142985305836944,62.55
"26131",0,0,0,0,0.0864433198730946,22.69
"26133",0,0,0,0,0.106515679316799,38.85
"26135",0,0,0,0,0.117169837357566,46.13
"26137",0,0,0,0,0.133226673995281,57.37
"26139",0,0,0,0,0.245192469049154,91.63
"26141",0,0,0,0,0.119047136549722,47.66
"26143",0,0,0,0,0.129566278219472,54.88
"26145",0,0,0,0,0.212859100548548,85.33
"26147",0,0,0,0,0.241556715842678,91.03
"26149",0,0,0,0,0.151229542249071,66.72
"26151",0,0,0,0,0.169220366941521,74.1
"26153",0,0,0,0,0.11659862130755,45.69
"26155",0,0,0,0,0.160799924139153,70.79
"26157",0,0,0,0,0.147021112108258,64.59
"26159",0,0,0,0,0.153960246963495,68.06
"26161",0,0,0,0,0.171594394771971,74.71
"26163",5.24147604957438e-05,0.280101041580703,1,0,0.273669198563599,95.32
"26165",0,0,0,0,0.155231884729743,68.53
"27001",0,0,0,0,0.134393224578193,57.97
"27003",0,0,0,0,0.25648183726586,93.45
"27005",0,0,0,0,0.158607202067011,69.97
"27007",0,0,0,0,0.176189182251566,75.98
"27009",0,0,0,0,0.143513888806515,62.87
"27011",0,0,0,0,0.100224510716253,34.2
"27013",0,0,0,0,0.186353796330155,79
"27015",0,0,0,0,0.120467350350478,48.68
"27017",0,0,0,0,0.117450269123963,46.36
"27019",0,0,0,0,0.208356474869521,84.44
"27021",0,0,0,0,0.144485094713288,63.51
"27023",0,0,0,0,0.095764470364359,30.42
"27025",0,0,0,0,0.172204060921165,74.86
"27027",0,0,0,0,0.156985566779255,69.04
"27029",0,0,0,0,0.091603764009672,27.08
"27031",0,0,0,0,0.139228682329383,60.52
"27033",0,0,0,0,0.076363474499149,15.21
"27035",0,0,0,0,0.225681969490613,87.91
"27037",8.08534317525695e-05,0.432075435145946,1,0,0.29528222614469,97.36
"27039",0,0,0,0,0.099734620147887,33.76
"27041",0,0,0,0,0.193179919474431,80.91
"27043",0,0,0,0,0.090544975533208,26.03
"27045",0,0,0,0,0.149797986751767,65.89
"27047",0,0,0,0,0.126669099222251,52.75
"27049",0,0,0,0,0.160008076868973,70.57
"27051",0,0,0,0,0.0909175617388661,26.44
"27053",1.3992304232672e-05,0.0747739558974761,1,0,0.294475388823107,97.23
"27055",0,0,0,0,0.12791562972362,53.71
"27057",0,0,0,0,0.157541774330849,69.58
"27059",0,0,0,0,0.149234083844577,65.64
"27061",0,0,0,0,0.178178437214103,77.06
"27063",0,0,0,0,0.0673126914168295,9.07
"27065",0,0,0,0,0.101416568386124,34.87
"27067",0,0,0,0,0.137274199557246,59.59
"27069",0,0,0,0,0.0886871964496441,24.31
"27071",0,0,0,0,0.115112746274432,44.54
"27073",0,0,0,0,0.102695738204846,35.67
"27075",0,0,0,0,0.130102719079062,55.27
"27077",0,0,0,0,0.0997668010476294,33.82
"27079",0,0,0,0,0.151709587391033,67.04
"27081",0,0,0,0,0.092111187689155,27.49
"27083",0,0,0,0,0.106284843313434,38.5
"27085",0,0,0,0,0.14396089103086,63.22
"27087",0,0,0,0,0.0672940341671653,9.04
"27089",0,0,0,0,0.0728293466979871,12.41
"27091",0,0,0,0,0.107245360902798,39.48
"27093",0,0,0,0,0.116940230504086,45.88
"27095",0,0,0,0,0.129846054063633,55.14
"27097",0.0258339031988451,138.054683941161,1,1,0.203144729635398,83.42
"27099",0,0,0,0,0.113807151340395,43.68
"27101",0,0,0,0,0.100535635165896,34.43
"27103",0,0,0,0,0.12140034802248,49.48
"27105",0,0,0,0,0.0809086160828141,18.39
"27107",0,0,0,0,0.0728416557748604,12.47
"27109",9.03113936854273e-06,0.0482618163254743,1,0,0.119721716567539,48.14
"27111",0,0,0,0,0.187210278194987,79.19
"27113",0,0,0,0,0.0763804712279323,15.24
"27115",0,0,0,0,0.140073404045999,60.93
"27117",0,0,0,0,0.0859863783520218,22.34
"27119",0,0,0,0,0.113664814440868,43.46
"27121",0,0,0,0,0.107151476073187,39.39
"27123",8.37296536941523e-06,0.0447445776516103,1,0,0.236999472942519,90.04
"27125",0,0,0,0,0.0745853553132277,13.81
"27127",0,0,0,0,0.115491684189966,44.73
"27129",0,0,0,0,0.083046927118532,19.95
"27131",0,0,0,0,0.137516909612896,59.72
"27133",0,0,0,0,0.0901509497932617,25.58
"27135",0,0,0,0,0.0837521865573658,20.71
"27137",9.49793894724845e-06,0.0507563626511324,1,0,0.224891071799411,87.78
"27139",0,0,0,0,0.184407344959107,78.59
"27141",0,0,0,0,0.202194541827756,83.23
"27143",0,0,0,0,0.10009231256313,33.98
"27145",0,0,0,0,0.228719705891066,88.55
"27147",0,0,0,0,0.131644336479502,56.41
"27149",0,0,0,0,0.0616058095582124,6.46
"27151",0,0,0,0,0.0905136210851715,25.99
"27153",0,0,0,0,0.114511849276347,44
"27155",0,0,0,0,0.107369707573614,39.55
"27157",0,0,0,0,0.125873602287715,52.21
"27159",0,0,0,0,0.111919991927646,42.48
"27161",0,0,0,0,0.119843975825814,48.27
"27163",1.84009568497562e-05,0.0983335062671289,1,0,0.215902201911151,85.91
"27165",0,0,0,0,0.111702381795897,42.19
"27167",0,0,0,0,0.0838622957834919,20.84
"27169",0,0,0,0,0.1536193096796,67.87
"27171",0,0,0,0,0.21420010911936,85.56
"27173",0,0,0,0,0.0970512204392139,31.53
"28001",0,0,0,0,0.162286621981311,71.3
"28003",0,0,0,0,0.13490341241404,58.13
"28005",0,0,0,0,0.0804711279640691,17.85
"28007",0,0,0,0,0.118043752376799,46.99
"28009",0,0,0,0,0.0913815178674182,26.82
"28011",0,0,0,0,0.129197174345514,54.66
"28013",0,0,0,0,0.0877213213585367,23.58
"28015",0,0,0,0,0.110554481508031,41.52
"28017",0,0,0,0,0.0953565421260063,30.03
"28019",0,0,0,0,0.0737470069030862,13.36
"28021",0,0,0,0,0.0572333949947895,4.84
"28023",0,0,0,0,0.0796029282216387,17.02
"28025",0,0,0,0,0.104531242146552,37
"28027",0,0,0,0,0.118426179238911,47.38
"28029",0,0,0,0,0.0952996069035787,29.97
"28031",0.000143740117866897,0.768137760254006,1,0,0.094843452867967,29.69
"28033",0,0,0,0,0.168342089616272,73.75
"28035",0,0,0,0,0.158796650354818,70.03
"28037",0,0,0,0,0.076619698425736,15.34
"28039",0,0,0,0,0.120844847952592,49.06
"28041",0,0,0,0,0.0819455887195073,19.15
"28043",0,0,0,0,0.129314794860861,54.72
"28045",0,0,0,0,0.146731655109076,64.49
"28047",0.00242718446601942,12.9707145584639,1,1,0.238673088974194,90.33
"28049",0,0,0,0,0.188765228775389,79.64
"28051",0,0,0,0,0.10666070306457,38.98
"28053",0.236499802916831,1263.83943194808,1,1,0.0968964431907764,31.34
"28055",0,0,0,0,0.059257174521129,5.41
"28057",0,0,0,0,0.11234179807524,42.92
"28059",8.72052462676155e-05,0.466019115223169,1,0,0.159103189604748,70.16
"28061",0,0,0,0,0.0749111953332224,13.94
"28063",0,0,0,0,0.0739182254327791,13.55
"28065",0,0,0,0,0.0766633876887887,15.37
"28067",0,0,0,0,0.126921558610467,52.97
"28069",0.0312204351939451,166.839957556173,1,1,0.092253566690765,27.74
"28071",0,0,0,0,0.150941300302904,66.5
"28073",0,0,0,0,0.177456100778524,76.77
"28075",0,0,0,0,0.177177673586897,76.58
"28077",0,0,0,0,0.095895068492629,30.51
"28079",0,0,0,0,0.0737080681426715,13.33
"28081",0,0,0,0,0.172692299030492,75.06
"28083",0.0406344304863499,217.147730822685,1,1,0.135449281046727,58.54
"28085",0,0,0,0,0.137556031325215,59.78
"28087",0,0,0,0,0.168667191219577,73.94
"28089",0,0,0,0,0.190851182110809,80.15
"28091",0,0,0,0,0.111704669892905,42.22
"28093",0,0,0,0,0.108114611513067,40.12
"28095",0,0,0,0,0.128894565687233,54.37
"28097",0,0,0,0,0.0837667685893469,20.74
"28099",0,0,0,0,0.0827115090227263,19.76
"28101",0,0,0,0,0.096717674372713,31.18
"28103",0.0656158357771261,350.64672186862,1,1,0.112150175291068,42.76
"28105",0,0,0,0,0.0975580628610671,32.1
"28107",0,0,0,0,0.132630436048785,56.98
"28109",0,0,0,0,0.17013972342852,74.26
"28111",0,0,0,0,0.0911157942163034,26.66
"28113",0,0,0,0,0.118812183509561,47.5
"28115",0,0,0,0,0.0996397638152742,33.69
"28117",0,0,0,0,0.118313188082324,47.25
"28119",0,0,0,0,0.0731017730578387,12.76
"28121",0,0,0,0,0.227294981974404,88.32
"28123",0,0,0,0,0.0660254114418686,8.37
"28125",0,0,0,0,0.0725852566594682,12.22
"28127",0,0,0,0,0.0960586704527844,30.61
"28129",0,0,0,0,0.0759528493302308,15.02
"28131",0,0,0,0,0.105899263594233,38.12
"28133",0.00072403806371535,3.86921191421285,1,1,0.092144953142531,27.52
"28135",0,0,0,0,0.0630763706714803,7
"28137",0,0,0,0,0.107209967734696,39.42
"28139",0,0,0,0,0.0883802777610006,24.05
"28141",0,0,0,0,0.113687590253746,43.56
"28143",0.0192131747483989,102.673945434428,1,1,0.0697660864704183,10.56
"28145",0,0,0,0,0.0940327146937811,29.4
"28147",0,0,0,0,0.104274236687552,36.84
"28149",0,0,0,0,0.134190777222286,57.87
"28151",0,0,0,0,0.165276551769814,72.35
"28153",0,0,0,0,0.114611103029583,44.07
"28155",0,0,0,0,0.0965979921592856,31.05
"28157",0,0,0,0,0.0744049111359817,13.71
"28159",0,0,0,0,0.104754347742207,37.32
"28161",0,0,0,0,0.0770789853981854,15.59
"28163",0.022861054072553,122.167973234846,1,1,0.10606608240012,38.34
"29001",0,0,0,0,0.117747587735848,46.74
"29003",0,0,0,0,0.12654181694604,52.69
"29005",0,0,0,0,0.0656499141137191,8.18
"29007",0,0,0,0,0.123978490342874,50.78
"29009",0,0,0,0,0.121056470683818,49.16
"29011",0,0,0,0,0.0899669139677013,25.39
"29013",0,0,0,0,0.117406723397989,46.29
"29015",0,0,0,0,0.125360622822406,51.8
"29017",0,0,0,0,0.10054586222173,34.46
"29019",0,0,0,0,0.179492895914862,77.44
"29021",0,0,0,0,0.176232085446619,76.04
"29023",0,0,0,0,0.147200966112727,64.81
"29025",0,0,0,0,0.0905547591088728,26.06
"29027",0,0,0,0,0.130801868348464,55.68
"29029",0,0,0,0,0.200671765853283,82.76
"29031",0,0,0,0,0.20808472169183,84.31
"29033",0,0,0,0,0.0734134315654539,13.04
"29035",0,0,0,0,0.0846623675222788,21.35
"29037",0,0,0,0,0.167288901465438,73.4
"29039",0,0,0,0,0.107954864148122,39.99
"29041",0,0,0,0,0.0902988808975951,25.8
"29043",0,0,0,0,0.217700681365804,86.29
"29045",0,0,0,0,0.075336609141324,14.41
"29047",0,0,0,0,0.226860097951106,88.23
"29049",0,0,0,0,0.108629630396244,40.47
"29051",0,0,0,0,0.129943383349861,55.17
"29053",0,0,0,0,0.110909838374278,41.71
"29055",0,0,0,0,0.124185998279893,51.07
"29057",0,0,0,0,0.0690282146516,10.15
"29059",0,0,0,0,0.115956245989094,45.08
"29061",0,0,0,0,0.100702243308513,34.52
"29063",0,0,0,0,0.0818473573058486,19.09
"29065",0,0,0,0,0.096613762746287,31.08
"29067",0,0,0,0,0.105618517400423,37.96
"29069",0,0,0,0,0.097739868980357,32.33
"29071",0,0,0,0,0.211914395713319,85.08
"29073",0,0,0,0,0.121173582305269,49.35
"29075",0,0,0,0,0.0722390784086102,11.93
"29077",0,0,0,0,0.239335767829411,90.42
"29079",0,0,0,0,0.0889387756244099,24.5
"29081",0,0,0,0,0.080611994354616,18.01
"29083",0,0,0,0,0.120625402524355,48.9
"29085",0,0,0,0,0.0966366663725375,31.12
"29087",0,0,0,0,0.0665979350278363,8.59
"29089",0,0,0,0,0.0847913024397409,21.6
"29091",0,0,0,0,0.165261547081576,72.32
"29093",0,0,0,0,0.0939347561088409,29.34
"29095",0,0,0,0,0.26831346376974,94.56
"29097",0,0,0,0,0.225042486358801,87.85
"29099",0,0,0,0,0.22916760851356,88.67
"29101",0,0,0,0,0.0913360539630423,26.79
"29103",0,0,0,0,0.0814779516800034,18.8
"29105",0,0,0,0,0.131303261372871,56.12
"29107",0,0,0,0,0.138908917652988,60.32
"29109",0,0,0,0,0.143938565320388,63.19
"29111",0,0,0,0,0.0886063876405264,24.18
"29113",0,0,0,0,0.152564363238203,67.42
"29115",0,0,0,0,0.084671328956057,21.41
"29117",0,0,0,0,0.116141678631242,45.31
"29119",0,0,0,0,0.0961486184629563,30.67
"29121",0,0,0,0,0.105230245428015,37.73
"29123",0,0,0,0,0.0914745686568384,26.98
"29125",0,0,0,0,0.102549293853022,35.48
"29127",0,0,0,0,0.132288047693658,56.82
"29129",0,0,0,0,0.064278823408368,7.54
"29131",0,0,0,0,0.132534511883723,56.92
"29133",0,0,0,0,0.075145230447004,14.32
"29135",0,0,0,0,0.10685052886902,39.17
"29137",0,0,0,0,0.0891069705478234,24.59
"29139",0,0,0,0,0.0900103451233445,25.42
"29141",0,0,0,0,0.160418390427542,70.66
"29143",0,0,0,0,0.0796690466165382,17.09
"29145",0,0,0,0,0.132731013833139,57.02
"29147",0,0,0,0,0.0962877488783107,30.8
"29149",0,0,0,0,0.0819600429609897,19.19
"29151",0,0,0,0,0.0834874864433153,20.46
"29153",0,0,0,0,0.11658166619411,45.66
"29155",0,0,0,0,0.0882506644160688,23.93
"29157",0,0,0,0,0.105929688069371,38.24
"29159",0,0,0,0,0.144129172549544,63.35
"29161",0,0,0,0,0.143761600085559,63.12
"29163",0,0,0,0,0.102701269030114,35.73
"29165",0,0,0,0,0.226164281143754,88.04
"29167",0,0,0,0,0.140177049157194,61.09
"29169",0,0,0,0,0.0698627833375945,10.69
"29171",0,0,0,0,0.0648630797830854,7.89
"29173",0,0,0,0,0.0919969261842648,27.33
"29175",0,0,0,0,0.106565691409712,38.94
"29177",0,0,0,0,0.0991527588985561,33.25
"29179",0,0,0,0,0.0806395922044265,18.1
"29181",0,0,0,0,0.0913915094923162,26.85
"29183",0,0,0,0,0.246247007239956,91.79
"29185",0,0,0,0,0.0975712282535045,32.17
"29186",0,0,0,0,0.11753420863689,46.45
"29187",0,0,0,0,0.1464023708983,64.37
"29189",0,0,0,0,0.289706111174761,96.88
"29195",0,0,0,0,0.0883340238127362,24.02
"29197",0.000945179584120983,5.0509776919538,1,1,0.0871914356504092,23.23
"29199",0,0,0,0,0.0944046737939635,29.49
"29201",0,0,0,0,0.148853573248921,65.51
"29203",0,0,0,0,0.0846674518372266,21.38
"29205",0,0,0,0,0.0724045782830168,12.06
"29207",0,0,0,0,0.112234800151638,42.86
"29209",0,0,0,0,0.176795301629176,76.36
"29211",0,0,0,0,0.053094297568774,3.18
"29213",0,0,0,0,0.1726648742662,75.02
"29215",0,0,0,0,0.113512676525193,43.37
"29217",0,0,0,0,0.118121629391698,47.06
"29219",0,0,0,0,0.147883851465977,65.13
"29221",0,0,0,0,0.129330394534441,54.76
"29223",0.0143523501973448,76.6980179129835,1,1,0.102809974549795,35.89
"29225",0,0,0,0,0.140684574758077,61.31
"29227",0,0,0,0,0.0731104861389768,12.82
"29229",0,0,0,0,0.124970547931284,51.54
"29510",0,0,0,0,0.222842959761831,87.34
"30001",0,0,0,0,0.137437241253484,59.66
"30003",0,0,0,0,0.0755679934623391,14.6
"30005",0,0,0,0,0.0816309281375462,18.96
"30007",0,0,0,0,0.120380700441902,48.52
"30009",0,0,0,0,0.173851039448751,75.34
"30011",0,0,0,0,0.0597083562457843,5.7
"30013",0,0,0,0,0.207999148184486,84.25
"30015",0,0,0,0,0.07974654119216,17.18
"30017",0,0,0,0,0.122423283814062,50.08
"30019",0,0,0,0,0.0650936126998104,7.99
"30021",0,0,0,0,0.116985569879503,45.91
"30023",0,0,0,0,0.116725665237211,45.82
"30025",0,0,0,0,0.0897953027343492,25.29
"30027",0,0,0,0,0.142706318586121,62.39
"30029",0,0,0,0,0.305220349950983,97.77
"30031",0,0,0,0,0.325102708347713,98.76
"30033",0,0,0,0,0.0621256187799554,6.65
"30035",0,0,0,0,0.0814559072489987,18.77
"30037",0,0,0,0,0.0652140609997424,8.05
"30039",0,0,0,0,0.108205195739709,40.25
"30041",0,0,0,0,0.117742917782021,46.71
"30043",0,0,0,0,0.159496201522234,70.44
"30045",0,0,0,0,0.0685172790577435,9.93
"30047",0,0,0,0,0.167093583403762,73.37
"30049",0,0,0,0,0.231052448397341,89.12
"30051",0,0,0,0,0.0624671932365994,6.75
"30053",0,0,0,0,0.188973097179333,79.73
"30055",0,0,0,0,0.0678877329426843,9.55
"30057",0,0,0,0,0.156415129815394,68.88
"30059",0,0,0,0,0.0796945027086226,17.12
"30061",0,0,0,0,0.0962333380871164,30.77
"30063",0,0,0,0,0.307977875666877,97.96
"30065",0,0,0,0,0.0926391975761521,28.22
"30067",0,0,0,0,0.210030276656231,84.66
"30069",0,0,0,0,0.0489153608177378,2.35
"30071",0,0,0,0,0.100792660069239,34.55
"30073",0,0,0,0,0.0969912650179973,31.47
"30075",0,0,0,0,0.0725715064783444,12.19
"30077",0,0,0,0,0.0943537283105249,29.46
"30079",0,0,0,0,0.0594340989636011,5.57
"30081",0,0,0,0,0.251811918190273,92.49
"30083",0,0,0,0,0.133069855678687,57.27
"30085",0,0,0,0,0.0766034097865171,15.3
"30087",0,0,0,0,0.0608792977866342,6.2
"30089",0,0,0,0,0.15175752748094,67.1
"30091",0,0,0,0,0.089297316585768,24.82
"30093",0,0,0,0,0.184407137887933,78.56
"30095",0,0,0,0,0.101754161653541,35.03
"30097",0,0,0,0,0.108770758859913,40.63
"30099",0,0,0,0,0.101815072091123,35.09
"30101",0,0,0,0,0.0788690133737135,16.58
"30103",0,0,0,0,0.0506926681633968,2.74
"30105",0,0,0,0,0.104741929790433,37.26
"30107",0,0,0,0,0.0473139189161938,1.88
"30109",0,0,0,0,0.0837470576441698,20.68
"30111",0,0,0,0,0.287677303381454,96.56
"31001",0,0,0,0,0.14084562746582,61.41
"31003",0,0,0,0,0.0570230297360812,4.65
"31005",0,0,0,0,0.0313033860068096,0.25
"31007",0,0,0,0,0.0527375098157033,3.12
"31009",0,0,0,0,0.0430718512562669,1.21
"31011",0,0,0,0,0.0646143301659022,7.76
"31013",0,0,0,0,0.0731097102765177,12.79
"31015",0,0,0,0,0.0488056728518306,2.26
"31017",0,0,0,0,0.0611744656454435,6.3
"31019",0,0,0,0,0.169929369325665,74.23
"31021",0,0,0,0,0.0728045696760574,12.34
"31023",0,0,0,0,0.0590328484228671,5.31
"31025",0,0,0,0,0.139582841278621,60.67
"31027",0,0,0,0,0.0750132844525795,14.09
"31029",0,0,0,0,0.0678737697179116,9.51
"31031",0,0,0,0,0.0825151107870572,19.66
"31033",0,0,0,0,0.0894220438321105,24.98
"31035",0,0,0,0,0.0571158999894326,4.74
"31037",0,0,0,0,0.0517940737457234,2.96
"31039",0,0,0,0,0.0821408422563268,19.38
"31041",0,0,0,0,0.0768075037606593,15.46
"31043",0,0,0,0,0.0751335504517827,14.29
"31045",0,0,0,0,0.0832983407133419,20.17
"31047",0,0,0,0,0.0827880822999271,19.82
"31049",0,0,0,0,0.0427114106181631,1.18
"31051",0,0,0,0,0.0628957027379664,6.87
"31053",0,0,0,0,0.13949544930999,60.61
"31055",0,0,0,0,0.245370767538654,91.73
"31057",0,0,0,0,0.0445100982547927,1.4
"31059",0,0,0,0,0.0695811865851052,10.44
"31061",0,0,0,0,0.0548537090617558,3.91
"31063",0,0,0,0,0.0410543155359208,0.89
"31065",0,0,0,0,0.0490471638772351,2.39
"31067",0,0,0,0,0.119354748784678,47.79
"31069",0,0,0,0,0.0479453650618036,2.07
"31071",0,0,0,0,0.0726637358860776,12.31
"31073",0,0,0,0,0.0468543588662942,1.72
"31075",0,0,0,0,0.047719707773463,1.97
"31077",0,0,0,0,0.0598217083311726,5.73
"31079",0,0,0,0,0.157165440692346,69.3
"31081",0,0,0,0,0.102287921809456,35.35
"31083",0,0,0,0,0.0551097191721834,4.01
"31085",0,0,0,0,0.0726490622147062,12.28
"31087",0,0,0,0,0.0564902857315345,4.49
"31089",0,0,0,0,0.0906628743484024,26.22
"31091",0,0,0,0,0.0537238977581272,3.5
"31093",0,0,0,0,0.0852373094264892,21.79
"31095",0,0,0,0,0.07095583518334,11.17
"31097",0,0,0,0,0.0516461614544719,2.93
"31099",0,0,0,0,0.073143416847115,12.89
"31101",0,0,0,0,0.104320048097608,36.88
"31103",0,0,0,0,0.0659589804306431,8.3
"31105",0,0,0,0,0.0496617857431614,2.61
"31107",0,0,0,0,0.0784328262368317,16.35
"31109",0,0,0,0,0.227215860201005,88.29
"31111",0,0,0,0,0.141082374900211,61.5
"31113",0,0,0,0,0.0507661147714634,2.8
"31115",0,0,0,0,0.0507596709455974,2.77
"31117",0,0,0,0,0.0326379181512501,0.29
"31119",0,0,0,0,0.170158532619141,74.29
"31121",0,0,0,0,0.0956722102711823,30.32
"31123",0,0,0,0,0.0530543500140738,3.15
"31125",0,0,0,0,0.0456692064804209,1.56
"31127",0,0,0,0,0.0556259832388516,4.23
"31129",0,0,0,0,0.0613801284051074,6.36
"31131",0,0,0,0,0.100242913131821,34.23
"31133",0,0,0,0,0.0682551589390366,9.8
"31135",0,0,0,0,0.0472069815226358,1.78
"31137",0,0,0,0,0.0712779471169648,11.29
"31139",0,0,0,0,0.0869455898467899,23
"31141",0,0,0,0,0.129129945473564,54.6
"31143",0,0,0,0,0.0652470952066589,8.08
"31145",0,0,0,0,0.0935053954022121,28.92
"31147",0,0,0,0,0.0841005591369138,21
"31149",0,0,0,0,0.0455422811923608,1.5
"31151",0,0,0,0,0.0781749854083296,16.16
"31153",0,0,0,0,0.177536173676532,76.84
"31155",0,0,0,0,0.13327040339135,57.43
"31157",0,0,0,0,0.14609948876031,64.27
"31159",0,0,0,0,0.0987047131215988,32.96
"31161",0,0,0,0,0.0635955797682711,7.25
"31163",0,0,0,0,0.0562091149825765,4.36
"31165",0,0,0,0,0.0676610566136458,9.39
"31167",0,0,0,0,0.0566885567710474,4.61
"31169",0,0,0,0,0.0570506579515082,4.68
"31171",0,0,0,0,0.0732614006992619,12.98
"31173",0,0,0,0,0.0468981257633333,1.75
"31175",0,0,0,0,0.0786016609583428,16.42
"31177",0,0,0,0,0.121868527873957,49.73
"31179",0,0,0,0,0.0550366689031804,3.98
"31181",0,0,0,0,0.0535496979470646,3.34
"31183",0,0,0,0,0.0295830317410887,0.19
"31185",0,0,0,0,0.103553684370492,36.33
"32001",0,0,0,0,0.120309542041094,48.46
"32003",3.99099949793226e-06,0.0213276394997487,1,0,0.266503763177083,94.3
"32005",0,0,0,0,0.202493786143863,83.3
"32007",0,0,0,0,0.157591774642286,69.65
"32009",0,0,0,0,0.0565515658562066,4.55
"32011",0,0,0,0,0.0102857957411047,0.03
"32013",0,0,0,0,0.0897388157019788,25.23
"32015",0,0,0,0,0.0431601191556195,1.24
"32017",0,0,0,0,0.0791543523020725,16.77
"32019",0,0,0,0,0.159177874213149,70.19
"32021",0,0,0,0,0.0606840560709264,6.08
"32023",0,0,0,0,0.156414251436926,68.85
"32027",0,0,0,0,0.0475374677573387,1.91
"32029",0,0,0,0,0.067076511557219,8.78
"32031",0.000237475969693543,1.26905600316442,1,1,0.324487806874821,98.73
"32033",0,0,0,0,0.0807056123168021,18.17
"32510",0,0,0,0,0.17454831032304,75.5
"33001",0,0,0,0,0.224306698105077,87.75
"33003",0,0,0,0,0.242569993675232,91.19
"33005",0,0,0,0,0.215109155132416,85.62
"33007",0,0,0,0,0.158337399664214,69.84
"33009",9.431144783791e-05,0.503994190234407,1,0,0.176321240140901,76.07
"33011",0,0,0,0,0.280380888691799,95.9
"33013",0,0,0,0,0.254857371271153,92.97
"33015",0.00113124757181708,6.04531281178583,1,1,0.357273979080156,99.46
"33017",7.36716088037573e-05,0.393696244448816,1,0,0.222977713599194,87.4
"33019",0,0,0,0,0.182132469113635,78.01
"34001",0,0,0,0,0.197076233110862,81.71
"34003",8.15802086413836e-06,0.0435959283161814,1,0,0.339651496665675,99.14
"34005",0,0,0,0,0.256339577544245,93.38
"34007",0,0,0,0,0.286914842998024,96.47
"34009",0.00151346351922309,8.08784976062626,1,1,0.241043681935915,90.77
"34011",0.00324139101980336,17.3217809683778,1,1,0.229806125971518,88.83
"34013",9.29384370769103e-05,0.496656910799757,1,0,0.271222171213161,94.91
"34015",0,0,0,0,0.262458443410854,94.02
"34017",0,0,0,0,0.267439693017707,94.43
"34019",1.89393939393939e-05,0.10121087875165,1,0,0.246822143153639,91.89
"34021",3.46272377852419e-06,0.0185045687111296,1,0,0.189192164945057,79.76
"34023",0.000215333447040764,1.15072781469981,1,1,0.304320744034067,97.71
"34025",0,0,0,0,0.314963328156086,98.38
"34027",0,0,0,0,0.267939528376304,94.53
"34029",3.69913116656725e-05,0.197679142840549,1,0,0.311044599241728,98.22
"34031",0.000348096729938366,1.86020608897928,1,1,0.394276087071161,99.9
"34033",4.22707866593397e-05,0.225892310863048,1,0,0.149787857950567,65.86
"34035",0,0,0,0,0.219284448880494,86.51
"34037",0,0,0,0,0.233731372983354,89.47
"34039",5.04458638272113e-05,0.269579386947453,1,0,0.336949759949367,99.11
"34041",0,0,0,0,0.221388571453102,87.08
"35001",0,0,0,0,0.260398374789778,93.76
"35003",0,0,0,0,0.0847111970839885,21.44
"35005",0,0,0,0,0.16635486052556,72.89
"35006",0,0,0,0,0.0860237826816055,22.43
"35007",0,0,0,0,0.106214461605634,38.47
"35009",0,0,0,0,0.117278283253483,46.23
"35011",0,0,0,0,0.068223051009509,9.77
"35013",0,0,0,0,0.203864784682489,83.58
"35015",0,0,0,0,0.15774988372274,69.68
"35017",0,0,0,0,0.118890389596737,47.53
"35019",0,0,0,0,0.0537048068514408,3.44
"35021",0,0,0,0,0.0532673293640842,3.25
"35023",0,0,0,0,0.0816056044011698,18.9
"35025",0,0,0,0,0.112113528581579,42.7
"35027",0,0,0,0,0.171207964180838,74.55
"35028",0,0,0,0,0.0372001764967952,0.6
"35029",0,0,0,0,0.106011807049371,38.28
"35031",0,0,0,0,0.135478202707928,58.61
"35033",0,0,0,0,0.0892375944495188,24.75
"35035",0,0,0,0,0.114025003204785,43.88
"35037",0,0,0,0,0.087326622897576,23.32
"35039",0,0,0,0,0.129568495656964,54.92
"35041",0.000135851107186524,0.725979404712284,1,0,0.0822978790558431,19.54
"35043",0,0,0,0,0.188856346213596,79.7
"35045",0,0,0,0,0.182256242596607,78.14
"35047",0,0,0,0,0.111128482013621,41.9
"35049",0,0,0,0,0.241363159855305,90.9
"35051",0,0,0,0,0.0953707457959017,30.07
"35053",0.000165343915343915,0.883587036720754,1,0,0.0767084333727399,15.43
"35055",0,0,0,0,0.201863214664177,83.17
"35057",0,0,0,0,0.116410087630167,45.59
"35059",0,0,0,0,0.07727419144713,15.65
"35061",0,0,0,0,0.150984567531138,66.56
"36001",4.10372577262897e-06,0.0219300413166686,1,0,0.213622019954896,85.49
"36003",0,0,0,0,0.133801634962978,57.68
"36005",5.20008632143294e-06,0.0277889201661278,1,0,0.163393587618409,71.65
"36007",0,0,0,0,0.211925737751104,85.11
"36009",0,0,0,0,0.14469052056139,63.63
"36011",0,0,0,0,0.164131212318666,71.84
"36013",0,0,0,0,0.193227418776917,80.94
"36015",0,0,0,0,0.192020424683949,80.5
"36017",0,0,0,0,0.119155835904805,47.73
"36019",0,0,0,0,0.164899530121089,72.19
"36021",0,0,0,0,0.207783008499235,84.16
"36023",0,0,0,0,0.147326384227452,65
"36025",0,0,0,0,0.159294210858428,70.28
"36027",0,0,0,0,0.215372025543041,85.75
"36029",2.02801911205211e-06,0.0108376010928734,1,0,0.289583757106072,96.85
"36031",0,0,0,0,0.163635138686984,71.75
"36033",0,0,0,0,0.111246039768634,41.97
"36035",0,0,0,0,0.149389798142566,65.7
"36037",0,0,0,0,0.166577391860003,73.05
"36039",0,0,0,0,0.185046712546451,78.68
"36041",0,0,0,0,0.114245789387398,43.94
"36043",0,0,0,0,0.166190953759576,72.86
"36045",0,0,0,0,0.141157996455366,61.53
"36047",0.000249268253866294,1.3320731961872,1,1,0.25062913071772,92.36
"36049",0,0,0,0,0.111086026465153,41.84
"36051",0,0,0,0,0.154285188779368,68.25
"36053",0,0,0,0,0.150729936238925,66.43
"36055",0,0,0,0,0.241211130182746,90.84
"36057",0,0,0,0,0.126292465006507,52.56
"36059",1.43513203214696e-06,0.0076692514323868,1,0,0.308586217102283,98
"36061",3.80077262105841e-07,0.00203110795489818,1,0,0.231340884432796,89.15
"36063",0,0,0,0,0.241961196068923,91.09
"36065",0,0,0,0,0.216036636342414,86
"36067",0,0,0,0,0.25622126879147,93.32
"36069",0,0,0,0,0.211049206668309,84.86
"36071",0.000234776733053128,1.25463145963313,1,1,0.300612550670692,97.58
"36073",0,0,0,0,0.119031484187778,47.63
"36075",0,0,0,0,0.181867322058347,77.98
"36077",0,0,0,0,0.150299033660008,66.15
"36079",0,0,0,0,0.236203856373979,89.88
"36081",5.75236968869326e-06,0.0307402862499216,1,0,0.238333318557344,90.26
"36083",1.61165549252192e-05,0.0861258122435392,1,0,0.201017388938876,82.79
"36085",0,0,0,0,0.216991127802948,86.16
"36087",0,0,0,0,0.229322537612615,88.74
"36089",0,0,0,0,0.142572444673155,62.33
"36091",0,0,0,0,0.255375646229551,93.16
"36093",0,0,0,0,0.177228399349923,76.65
"36095",0,0,0,0,0.108761112637821,40.6
"36097",0,0,0,0,0.110206874134669,41.36
"36099",0,0,0,0,0.130618260616094,55.58
"36101",0,0,0,0,0.131725997906202,56.51
"36103",1.34612329950974e-06,0.00719359460431664,1,0,0.368794123658507,99.68
"36105",0,0,0,0,0.149538904668047,65.77
"36107",0,0,0,0,0.125361284694704,51.83
"36109",0,0,0,0,0.154138629834365,68.15
"36111",0,0,0,0,0.288568127712754,96.69
"36113",0,0,0,0,0.185023625045862,78.65
"36115",0,0,0,0,0.151280055993406,66.75
"36117",0,0,0,0,0.159554803737851,70.51
"36119",0,0,0,0,0.274487029695848,95.45
"36121",0,0,0,0,0.130685553119045,55.62
"36123",0,0,0,0,0.15710475100417,69.17
"37001",0,0,0,0,0.198158742335982,82.15
"37003",0,0,0,0,0.142546233727962,62.3
"37005",0,0,0,0,0.110427160837605,41.46
"37007",0,0,0,0,0.104499248668098,36.94
"37009",0,0,0,0,0.148834131243953,65.48
"37011",0,0,0,0,0.1273719357895,53.26
"37013",0.00419138860160035,22.3985057238424,1,1,0.204753160022683,83.71
"37015",0.000162100826714216,0.86625618383646,1,0,0.102830948150478,35.95
"37017",0,0,0,0,0.0832922389820682,20.14
"37019",0,0,0,0,0.261496262355146,93.86
"37021",0,0,0,0,0.28939430072277,96.82
"37023",0,0,0,0,0.138096848415902,59.97
"37025",1.02154437077974e-05,0.0545906610218214,1,0,0.221928566294923,87.15
"37027",0,0,0,0,0.166076229527436,72.76
"37029",0.0205479452054795,109.806871193571,1,1,0.150631533769082,66.31
"37031",0.00044497689543043,2.37792733784469,1,1,0.273345218691548,95.26
"37033",0,0,0,0,0.12158371241555,49.57
"37035",0,0,0,0,0.210817933741663,84.82
"37037",0,0,0,0,0.189884412567537,79.86
"37039",0.00347771103382864,18.584659620284,1,1,0.177025654299579,76.49
"37041",0.00323679727427598,17.297232293638,1,1,0.145969312090349,64.21
"37043",0,0,0,0,0.127378195667184,53.29
"37045",0,0,0,0,0.164693715953851,72.1
"37047",0,0,0,0,0.134968652412004,58.19
"37049",0.000832342449464923,4.44798344668369,1,1,0.194980230383823,81.39
"37051",0,0,0,0,0.106336609209036,38.66
"37053",0,0,0,0,0.20286490800535,83.36
"37055",4.29350392855609e-05,0.229442033321331,1,0,0.213241486851542,85.43
"37057",0,0,0,0,0.2195051757476,86.57
"37059",0,0,0,0,0.135702380206992,58.7
"37061",0,0,0,0,0.104269531589076,36.81
"37063",0,0,0,0,0.149630733288675,65.8
"37065",0,0,0,0,0.127264639276725,53.2
"37067",0,0,0,0,0.226214876339458,88.07
"37069",0,0,0,0,0.183438329536804,78.36
"37071",0.00284641539943958,15.2110571643101,1,1,0.227572272567138,88.42
"37073",0,0,0,0,0.105679827980302,37.99
"37075",0.000392003136025088,2.09483904276249,1,1,0.142769390731564,62.46
"37077",0,0,0,0,0.104553719015263,37.03
"37079",0,0,0,0,0.0947943880704789,29.65
"37081",3.14739568743843e-06,0.0168194760784933,1,0,0.294595130199081,97.26
"37083",0,0,0,0,0.149079819172313,65.61
"37085",0,0,0,0,0.167029580482039,73.34
"37087",0,0,0,0,0.199844402019586,82.47
"37089",0,0,0,0,0.235918473199195,89.85
"37091",0.000102207686017989,0.546191169060417,1,0,0.118669638042235,47.44
"37093",0,0,0,0,0.140064384985713,60.87
"37095",0.0532646048109966,284.642553850001,1,1,0.149383663727289,65.67
"37097",0,0,0,0,0.262457287767644,93.99
"37099",0,0,0,0,0.131878840334548,56.6
"37101",0,0,0,0,0.211214642968831,84.92
"37103",0,0,0,0,0.119419714468473,47.92
"37105",0,0,0,0,0.144684849874973,63.6
"37107",0,0,0,0,0.129086674024441,54.53
"37109",0,0,0,0,0.203446619420175,83.52
"37111",0,0,0,0,0.128937861615059,54.44
"37113",0,0,0,0,0.188577273251591,79.57
"37115",0,0,0,0,0.162020909506464,71.24
"37117",0,0,0,0,0.135166184700721,58.35
"37119",1.04357989647687e-05,0.0557682250593497,1,0,0.295224648790896,97.33
"37121",0,0,0,0,0.111416207028623,42.03
"37123",0,0,0,0,0.106454084304811,38.75
"37125",0,0,0,0,0.196121783616472,81.55
"37127",0,0,0,0,0.16532038644996,72.38
"37129",0.000400762831320306,2.14165027976737,1,1,0.302522064985386,97.65
"37131",0,0,0,0,0.0905807922529696,26.12
"37133",0,0,0,0,0.117105605921734,46.1
"37135",0,0,0,0,0.132188060676651,56.7
"37137",0.0261378999549347,139.679222662935,1,1,0.122496837211201,50.11
"37139",0.00555380907471445,29.679191354775,1,1,0.157864141972554,69.71
"37141",0,0,0,0,0.219640424204126,86.64
"37143",0,0,0,0,0.139189025496256,60.45
"37145",0,0,0,0,0.150272857411706,66.12
"37147",0,0,0,0,0.165562209289277,72.54
"37149",0,0,0,0,0.162145464533066,71.27
"37151",0,0,0,0,0.192504041531437,80.69
"37153",0,0,0,0,0.135358444068338,58.48
"37155",0,0,0,0,0.145070448543965,63.79
"37157",0,0,0,0,0.154866417845248,68.41
"37159",0,0,0,0,0.204768884151121,83.74
"37161",0,0,0,0,0.18008070657442,77.57
"37163",0,0,0,0,0.118032558362978,46.96
"37165",0,0,0,0,0.106478775386205,38.82
"37167",0,0,0,0,0.166777179880859,73.18
"37169",0,0,0,0,0.13548956081256,58.64
"37171",0,0,0,0,0.158926429015873,70.06
"37173",0,0,0,0,0.0731842180041892,12.92
"37175",0,0,0,0,0.172312064579534,74.93
"37177",0.0365190365190365,195.155335439079,1,1,0.0918092454267624,27.14
"37179",1.14778935769708e-05,0.0613371103035573,1,0,0.243797272942181,91.41
"37181",0,0,0,0,0.137193494673052,59.56
"37183",0,0,0,0,0.280465900669959,95.93
"37185",0,0,0,0,0.0998840189518602,33.88
"37187",0,0,0,0,0.141518726122699,61.69
"37189",3.42747463668769e-05,0.183161996095665,1,0,0.179783784815911,77.51
"37191",0,0,0,0,0.159412646380513,70.41
"37193",0,0,0,0,0.146552528813534,64.43
"37195",0,0,0,0,0.163749212312538,71.78
"37197",0,0,0,0,0.11977707301783,48.2
"37199",0,0,0,0,0.134905215551286,58.16
"38001",0,0,0,0,0.0477485145060266,2
"38003",0,0,0,0,0.0932876639294385,28.76
"38005",0,0,0,0,0.037602755567865,0.73
"38007",0,0,0,0,0.0512563893471294,2.9
"38009",0,0,0,0,0.0904309657516054,25.96
"38011",0,0,0,0,0.072458244170613,12.12
"38013",0,0,0,0,0.0588643800771624,5.19
"38015",0,0,0,0,0.219539851872131,86.61
"38017",0,0,0,0,0.240364442836019,90.68
"38019",0,0,0,0,0.05733080214582,4.87
"38021",0,0,0,0,0.060749801231789,6.14
"38023",0,0,0,0,0.0653086793053143,8.15
"38025",0,0,0,0,0.062429224097961,6.71
"38027",0,0,0,0,0.0607016335979524,6.11
"38029",0,0,0,0,0.0730795144657517,12.69
"38031",0,0,0,0,0.0617795540638975,6.49
"38033",0,0,0,0,0.0454702370932959,1.46
"38035",0.000125997480050399,0.673322267713623,1,0,0.181749587217848,77.95
"38037",0,0,0,0,0.0488174700343593,2.29
"38039",0,0,0,0,0.0610529527687224,6.24
"38041",0,0,0,0,0.0541560485482517,3.66
"38043",0,0,0,0,0.0602207344141021,5.95
"38045",0,0,0,0,0.0748651162338712,13.9
"38047",0,0,0,0,0.0496272059892536,2.58
"38049",0,0,0,0,0.0829499443809117,19.89
"38051",0,0,0,0,0.0594873984955835,5.6
"38053",0,0,0,0,0.0791612115186661,16.8
"38055",0,0,0,0,0.0749426744355128,14
"38057",0,0,0,0,0.0598956754316392,5.82
"38059",0,0,0,0,0.168576950686859,73.88
"38061",0,0,0,0,0.0845544352925075,21.25
"38063",0,0,0,0,0.055617155979346,4.2
"38065",0,0,0,0,0.0562819859148846,4.39
"38067",0,0,0,0,0.0690321671828263,10.18
"38069",0,0,0,0,0.0714800550202146,11.39
"38071",0,0,0,0,0.111901485361851,42.44
"38073",0,0,0,0,0.0632831567355893,7.13
"38075",0,0,0,0,0.0700718498105264,10.79
"38077",0,0,0,0,0.100959467989846,34.71
"38079",0,0,0,0,0.062537023482262,6.78
"38081",0,0,0,0,0.0419768932871602,1.02
"38083",0,0,0,0,0.0425911130453914,1.11
"38085",0,0,0,0,0.0329079879798595,0.35
"38087",0,0,0,0,0.049522181748883,2.51
"38089",0,0,0,0,0.153846414034927,68.02
"38091",0,0,0,0,0.0564261835967745,4.45
"38093",0,0,0,0,0.115178554704085,44.58
"38095",0,0,0,0,0.0416561860288667,0.95
"38097",0,0,0,0,0.064428326909121,7.6
"38099",0,0,0,0,0.0691023835832894,10.24
"38101",0,0,0,0,0.173289228059824,75.21
"38103",0,0,0,0,0.0735160993948127,13.14
"38105",0,0,0,0,0.123909172014167,50.68
"39001",0,0,0,0,0.127160981401011,53.13
"39003",0,0,0,0,0.21167436204395,85.05
"39005",0,0,0,0,0.151066810175042,66.66
"39007",0,0,0,0,0.203190232576284,83.46
"39009",0,0,0,0,0.118693716896112,47.47
"39011",0,0,0,0,0.129511588111182,54.79
"39013",0,0,0,0,0.176739679893948,76.3
"39015",0,0,0,0,0.138903999827488,60.29
"39017",2.22402615454758e-05,0.118850498695322,1,0,0.263939524843921,94.05
"39019",0,0,0,0,0.150671660185014,66.34
"39021",0,0,0,0,0.117104282966961,46.07
"39023",0,0,0,0,0.164574760367382,72.03
"39025",0,0,0,0,0.23010669146006,88.93
"39027",0,0,0,0,0.111997705032089,42.54
"39029",0,0,0,0,0.202155555260647,83.2
"39031",0,0,0,0,0.151931361561477,67.23
"39033",0,0,0,0,0.147200179326264,64.78
"39035",2.60038121588625e-06,0.0138962666277141,1,0,0.317440629484354,98.41
"39037",0,0,0,0,0.154410757662934,68.28
"39039",0,0,0,0,0.128051937384552,53.83
"39041",0,0,0,0,0.202465085620892,83.26
"39043",0,0,0,0,0.190487381077892,80.02
"39045",0,0,0,0,0.193296568494612,80.97
"39047",0,0,0,0,0.116675685938836,45.75
"39049",1.16609508572548e-06,0.00623153564004874,1,0,0.254398175975234,92.87
"39051",0,0,0,0,0.125262010369913,51.73
"39053",0,0,0,0,0.106402480405243,38.72
"39055",0,0,0,0,0.218318246848307,86.35
"39057",2.15461518572783e-05,0.115141222056518,1,0,0.135083296610267,58.26
"39059",0,0,0,0,0.135161645532644,58.32
"39061",0,0,0,0,0.284054742907827,96.21
"39063",0,0,0,0,0.135227382999304,58.38
"39065",0,0,0,0,0.0990067528452044,33.15
"39067",0,0,0,0,0.103260027775645,36.08
"39069",0,0,0,0,0.0972388317671188,31.78
"39071",0,0,0,0,0.134331814616659,57.94
"39073",0,0,0,0,0.142854498171583,62.49
"39075",0,0,0,0,0.216145661357599,86.03
"39077",0,0,0,0,0.141855357660203,61.85
"39079",0,0,0,0,0.118241996882444,47.09
"39081",0,0,0,0,0.157034727239125,69.11
"39083",0,0,0,0,0.15893661116097,70.09
"39085",0,0,0,0,0.25781648092974,93.54
"39087",0,0,0,0,0.12682161334085,52.94
"39089",0,0,0,0,0.174601912597099,75.53
"39091",0,0,0,0,0.126681202437492,52.78
"39093",0,0,0,0,0.223241465521702,87.43
"39095",4.67160922923119e-06,0.0249647732545098,1,0,0.255539437119523,93.19
"39097",0,0,0,0,0.0823291785353628,19.57
"39099",0,0,0,0,0.25305582659248,92.68
"39101",0,0,0,0,0.128189788086766,53.96
"39103",0,0,0,0,0.255341104002644,93.13
"39105",0,0,0,0,0.103639374981542,36.43
"39107",0,0,0,0,0.123494700136103,50.52
"39109",0,0,0,0,0.177483860418461,76.81
"39111",0,0,0,0,0.119675951328509,48.11
"39113",1.0889410773983e-05,0.0581922968099884,1,0,0.260448105277833,93.83
"39115",0,0,0,0,0.0904303790280226,25.93
"39117",0,0,0,0,0.168595788250813,73.91
"39119",0,0,0,0,0.163224749310118,71.59
"39121",0,0,0,0,0.104584522113113,37.1
"39123",0,0,0,0,0.167640158181689,73.53
"39125",0,0,0,0,0.0903756756469679,25.87
"39127",0,0,0,0,0.118386175532704,47.34
"39129",0,0,0,0,0.106301028694281,38.59
"39131",0,0,0,0,0.0976462744767661,32.23
"39133",0,0,0,0,0.199265367432025,82.34
"39135",0,0,0,0,0.105552761513062,37.89
"39137",7.22230247002744e-05,0.385955106029693,1,0,0.131437051976438,56.25
"39139",0,0,0,0,0.197248033051637,81.8
"39141",0,0,0,0,0.136386454635883,59.15
"39143",0,0,0,0,0.137755401100069,59.88
"39145",0,0,0,0,0.136850308664389,59.4
"39147",0,0,0,0,0.138742009056949,60.2
"39149",0,0,0,0,0.107695367534739,39.77
"39151",5.75274693666226e-06,0.0307423022383197,1,0,0.27250124864978,95
"39153",6.99449882667282e-06,0.0373781428772369,1,0,0.282443821516786,96.09
"39155",0,0,0,0,0.23207613458494,89.28
"39157",0,0,0,0,0.240082018684238,90.55
"39159",0,0,0,0,0.123977818311764,50.75
"39161",0,0,0,0,0.107490793995498,39.64
"39163",0,0,0,0,0.0937505675895068,29.11
"39165",0,0,0,0,0.236281755414139,89.95
"39167",0,0,0,0,0.171579854884188,74.67
"39169",0,0,0,0,0.212588520976755,85.27
"39171",0,0,0,0,0.118966880384213,47.6
"39173",0,0,0,0,0.173919877609467,75.37
"39175",0,0,0,0,0.100606627216591,34.49
"40001",0,0,0,0,0.0921904750580582,27.65
"40003",0,0,0,0,0.0571933454467357,4.77
"40005",0,0,0,0,0.11209906307683,42.67
"40007",0,0,0,0,0.072195764440904,11.9
"40009",0,0,0,0,0.0937905309480047,29.14
"40011",0,0,0,0,0.0801798719754457,17.66
"40013",0,0,0,0,0.113991746201853,43.81
"40015",0,0,0,0,0.0844881913282227,21.19
"40017",0,0,0,0,0.219392094187898,86.54
"40019",0,0,0,0,0.165476916160002,72.45
"40021",0,0,0,0,0.0834988352935877,20.49
"40023",0,0,0,0,0.0800187260619702,17.5
"40025",0,0,0,0,0.0472459944340556,1.85
"40027",0,0,0,0,0.210429422051736,84.76
"40029",0,0,0,0,0.075629231151906,14.67
"40031",0,0,0,0,0.114889642534999,44.35
"40033",0,0,0,0,0.0493710883691198,2.45
"40035",0,0,0,0,0.107917627385636,39.87
"40037",0,0,0,0,0.164682649671182,72.06
"40039",0,0,0,0,0.119964752394427,48.33
"40041",0,0,0,0,0.170780084447694,74.45
"40043",0,0,0,0,0.0637370453607677,7.32
"40045",0,0,0,0,0.0475695666921614,1.94
"40047",0,0,0,0,0.172729643256412,75.09
"40049",0,0,0,0,0.120449950911776,48.55
"40051",0,0,0,0,0.170587225481061,74.39
"40053",0,0,0,0,0.0661268262766728,8.4
"40055",0,0,0,0,0.0547772920706957,3.85
"40057",0,0,0,0,0.0756257392621041,14.64
"40059",0,0,0,0,0.0591865796651358,5.35
"40061",0,0,0,0,0.100497538170224,34.39
"40063",0,0,0,0,0.0862080565281976,22.59
"40065",0,0,0,0,0.0884633321043808,24.12
"40067",0,0,0,0,0.0728978527139995,12.6
"40069",0,0,0,0,0.0671081280478417,8.85
"40071",0,0,0,0,0.135379065094184,58.51
"40073",0,0,0,0,0.10515790577321,37.64
"40075",0,0,0,0,0.0734086227047738,13.01
"40077",0,0,0,0,0.0702699910241028,10.85
"40079",0,0,0,0,0.128936291898857,54.41
"40081",0,0,0,0,0.120499974850688,48.74
"40083",0,0,0,0,0.168561540695088,73.85
"40085",0,0,0,0,0.055177732893837,4.04
"40087",0,0,0,0,0.138860465162313,60.23
"40089",0,0,0,0,0.119585630142531,47.98
"40091",0,0,0,0,0.108698901226157,40.53
"40093",0,0,0,0,0.0854725394941306,22.02
"40095",0,0,0,0,0.0926246670168474,28.19
"40097",0,0,0,0,0.131810275069924,56.54
"40099",0,0,0,0,0.0870044974081267,23.07
"40101",0,0,0,0,0.151491221277985,66.85
"40103",0,0,0,0,0.0598714456908583,5.76
"40105",0,0,0,0,0.0882633541065824,23.96
"40107",0,0,0,0,0.0721429303197171,11.87
"40109",3.59389038634322e-06,0.0192055144585341,1,0,0.253015791596304,92.65
"40111",0,0,0,0,0.106796329807769,39.1
"40113",0,0,0,0,0.123129067383305,50.37
"40115",0,0,0,0,0.119754642691476,48.17
"40117",0,0,0,0,0.103819490406345,36.68
"40119",0,0,0,0,0.148140074862447,65.19
"40121",0,0,0,0,0.134838477126579,58.1
"40123",0,0,0,0,0.119930826382103,48.3
"40125",0,0,0,0,0.154137980669804,68.12
"40127",0,0,0,0,0.104997011058972,37.51
"40129",0,0,0,0,0.0673559498380284,9.13
"40131",0,0,0,0,0.186643107376378,79.06
"40133",0,0,0,0,0.0938777826747596,29.24
"40135",0,0,0,0,0.133126968127606,57.3
"40137",0,0,0,0,0.13237686763567,56.86
"40139",0,0,0,0,0.0716853689907977,11.61
"40141",0,0,0,0,0.0674694124414244,9.2
"40143",2.40985340861715e-06,0.0128780985246567,1,0,0.312260615402761,98.28
"40145",0,0,0,0,0.16322023163824,71.56
"40147",0,0,0,0,0.143288297216634,62.74
"40149",0,0,0,0,0.0978907420211408,32.42
"40151",0,0,0,0,0.0795404053607855,16.93
"40153",0,0,0,0,0.130910364534866,55.71
"41001",0,0,0,0,0.151369800199384,66.82
"41003",0,0,0,0,0.166139056561783,72.83
"41005",0.000136234970003078,0.728030742421815,1,0,0.331166649739353,98.89
"41007",0.0247895874534333,132.473929106791,1,1,0.237505972247431,90.17
"41009",0,0,0,0,0.223767081232639,87.62
"41011",0.00732908348284155,39.1661413304091,1,1,0.246801952111167,91.85
"41013",0,0,0,0,0.177110721654329,76.52
"41015",0.000378501135503407,2.02268523773169,1,1,0.199540867676055,82.37
"41017",0,0,0,0,0.309481071187109,98.09
"41019",0,0,0,0,0.202652039973197,83.33
"41021",0,0,0,0,0.0642078799860619,7.48
"41023",0,0,0,0,0.0992727946896778,33.38
"41025",0,0,0,0,0.102073849335808,35.19
"41027",0.000128899200824955,0.688828873174416,1,0,0.157585513448834,69.62
"41029",0,0,0,0,0.3055446526399,97.8
"41031",0,0,0,0,0.132811068121089,57.08
"41033",0,0,0,0,0.226047213130096,87.97
"41035",0,0,0,0,0.193043778225613,80.81
"41037",0,0,0,0,0.0827169555246137,19.79
"41039",7.39287440643749e-05,0.395070358412992,1,0,0.310279303528095,98.12
"41041",0.00645799943433582,34.5111253199743,1,1,0.21644435822691,86.1
"41043",0,0,0,0,0.195682342317113,81.48
"41045",0,0,0,0,0.124912485705535,51.48
"41047",5.86575942920828e-05,0.3134623358465,1,0,0.223846937042111,87.66
"41049",0,0,0,0,0.0708267580048778,11.14
"41051",3.58251517642992e-06,0.019144726082993,1,0,0.35617487756655,99.4
"41053",0,0,0,0,0.182787211133486,78.27
"41055",0,0,0,0,0.0704658089944108,10.91
"41057",0.00104493207941484,5.58404848284966,1,1,0.178521826049589,77.19
"41059",0,0,0,0,0.153617086905355,67.83
"41061",0,0,0,0,0.146504524736437,64.4
"41063",0,0,0,0,0.164867955269795,72.16
"41065",0,0,0,0,0.142988253962456,62.58
"41067",1.776172643981e-05,0.0949175008911139,1,0,0.275319026699243,95.58
"41069",0,0,0,0,0.0853884976543353,21.92
"41071",0,0,0,0,0.21019935006154,84.73
"42001",0,0,0,0,0.197363700616341,81.86
"42003",0,0,0,0,0.273418569049239,95.29
"42005",0,0,0,0,0.192116681550277,80.56
"42007",0,0,0,0,0.239255549872808,90.39
"42009",0,0,0,0,0.141597889576326,61.72
"42011",0,0,0,0,0.274180689962645,95.35
"42013",0,0,0,0,0.220400532505675,86.89
"42015",0,0,0,0,0.142758044665289,62.42
"42017",0.000267062701111241,1.42716555491442,1,1,0.37211739239749,99.78
"42019",0,0,0,0,0.255543991353552,93.22
"42021",0,0,0,0,0.205400083621714,83.77
"42023",0,0,0,0,0.0685844642646914,9.96
"42025",0,0,0,0,0.144935083109136,63.76
"42027",0,0,0,0,0.16455020403787,72
"42029",3.54788581484293e-06,0.0189596690464245,1,0,0.320273491135702,98.5
"42031",0,0,0,0,0.147223490880359,64.84
"42033",0,0,0,0,0.163006276002925,71.46
"42035",0,0,0,0,0.153192391967065,67.61
"42037",0,0,0,0,0.163439774569643,71.68
"42039",0,0,0,0,0.194024487467791,81.23
"42041",0,0,0,0,0.177926772555319,77
"42043",0,0,0,0,0.188442318807504,79.51
"42045",0,0,0,0,0.275901639063698,95.64
"42047",0,0,0,0,0.128132997914884,53.87
"42049",0,0,0,0,0.243322686641816,91.25
"42051",0,0,0,0,0.197869379196459,82.02
"42053",0.000849256900212314,4.53837316185743,1,1,0.122247980002005,49.89
"42055",0,0,0,0,0.185249486980829,78.75
"42057",0,0,0,0,0.0971777904294306,31.66
"42059",0,0,0,0,0.0995888442032026,33.63
"42061",0,0,0,0,0.137359304267032,59.62
"42063",0,0,0,0,0.178023466579535,77.03
"42065",0,0,0,0,0.158315102115073,69.81
"42067",0,0,0,0,0.129561180845027,54.85
"42069",0,0,0,0,0.217202897293249,86.19
"42071",3.51200050572807e-06,0.0187679003086596,1,0,0.343517923788844,99.24
"42073",0,0,0,0,0.197429759231907,81.9
"42075",0,0,0,0,0.19759989849089,81.96
"42077",9.15818008645322e-06,0.0489407135878739,1,0,0.237432517467203,90.14
"42079",6.36829100542578e-06,0.0340317293609237,1,0,0.229941163760507,88.86
"42081",0,0,0,0,0.227354008890233,88.36
"42083",0,0,0,0,0.138899788104295,60.26
"42085",0,0,0,0,0.19336571748717,81.04
"42087",0,0,0,0,0.16387816550367,71.81
"42089",1.5782081025204e-05,0.0843384056639856,1,0,0.185322134253724,78.81
"42091",1.79999856000115e-06,0.00961907422129744,1,0,0.307420780864524,97.9
"42093",0,0,0,0,0.0647094023614826,7.83
"42095",0,0,0,0,0.244709010418729,91.54
"42097",0,0,0,0,0.18080717076107,77.66
"42099",0,0,0,0,0.159330170438589,70.38
"42101",1.23713074740017e-06,0.006611145555963,1,0,0.236768273860223,90.01
"42103",0,0,0,0,0.146743886454864,64.52
"42105",0,0,0,0,0.111900292447822,42.41
"42107",0,0,0,0,0.192141522347995,80.59
"42109",0,0,0,0,0.147288766692452,64.97
"42111",0,0,0,0,0.193321940716789,81.01
"42113",0,0,0,0,0.105004622258241,37.54
"42115",0,0,0,0,0.174481970454471,75.44
"42117",0,0,0,0,0.147481111178147,65.1
"42119",0,0,0,0,0.126312791222344,52.59
"42121",0,0,0,0,0.183996510634307,78.49
"42123",0,0,0,0,0.139472686389166,60.58
"42125",0,0,0,0,0.262012309471823,93.95
"42127",5e-04,2.67196719904356,1,1,0.211343380553426,84.98
"42129",0,0,0,0,0.279521274964324,95.83
"42131",0,0,0,0,0.126222071636681,52.5
"42133",0,0,0,0,0.272158069193394,94.97
"44001",0.00151621811880652,8.10257016009311,1,1,0.264998864387051,94.11
"44003",0,0,0,0,0.257007096833558,93.48
"44005",0,0,0,0,0.237072007163413,90.07
"44007",0.000105231555848553,0.56235053106331,1,0,0.284820171275156,96.31
"44009",0.00146845056216441,7.84730347104075,1,1,0.285382796013787,96.4
"45001",0,0,0,0,0.13167048129909,56.44
"45003",0,0,0,0,0.159180856469845,70.22
"45005",0,0,0,0,0.0724409412510931,12.09
"45007",0,0,0,0,0.217311120100938,86.26
"45009",0,0,0,0,0.0984550117795605,32.8
"45011",0,0,0,0,0.101438535004317,34.9
"45013",0,0,0,0,0.242263124490598,91.15
"45015",0,0,0,0,0.246071964259904,91.76
"45017",0,0,0,0,0.0950350815598345,29.81
"45019",1.90404259977977e-05,0.101750787443863,1,0,0.330610736835408,98.85
"45021",0,0,0,0,0.14907579880421,65.57
"45023",0,0,0,0,0.135324892276394,58.42
"45025",0,0,0,0,0.109217731399934,40.82
"45027",0,0,0,0,0.140707379698159,61.34
"45029",0,0,0,0,0.177645399392753,76.9
"45031",0,0,0,0,0.132882057721433,57.21
"45033",0,0,0,0,0.0991249971942228,33.22
"45035",0,0,0,0,0.236278086906632,89.91
"45037",0,0,0,0,0.113522990697339,43.4
"45039",0,0,0,0,0.11056973140347,41.55
"45041",0,0,0,0,0.176433196165111,76.14
"45043",0,0,0,0,0.19808409486796,82.12
"45045",6.04914933837429e-06,0.0323262572285043,1,0,0.283989200460869,96.18
"45047",0,0,0,0,0.157158441364966,69.27
"45049",0,0,0,0,0.121075812527324,49.22
"45051",3.04569764750314e-05,0.16276008424665,1,0,0.271763208110766,94.94
"45053",0,0,0,0,0.168388976453552,73.78
"45055",0,0,0,0,0.192754781448147,80.75
"45057",0,0,0,0,0.191760860177056,80.4
"45059",0,0,0,0,0.126971415385639,53.04
"45061",0.000457875457875458,2.44685640938055,1,1,0.136167128585935,58.99
"45063",2.03573391600562e-05,0.10878828499095,1,0,0.270546573801388,94.85
"45065",0.000799041150619257,4.27002349028136,1,1,0.142427370525862,62.2
"45067",0,0,0,0,0.114775953758493,44.23
"45069",0,0,0,0,0.0874434956961721,23.39
"45071",0,0,0,0,0.114620370017665,44.1
"45073",0.000482708685308416,2.57956354767506,1,1,0.21557306904856,85.87
"45075",0,0,0,0,0.166667276055579,73.08
"45077",0,0,0,0,0.153607982411788,67.8
"45079",3.82829338509186e-06,0.0204581487065618,1,0,0.216010030765931,85.97
"45081",0,0,0,0,0.0880019530773453,23.8
"45083",0,0,0,0,0.234750006866673,89.66
"45085",0,0,0,0,0.157272163751706,69.39
"45087",0,0,0,0,0.0921818946960808,27.62
"45089",0,0,0,0,0.103785771022494,36.62
"45091",2.53271422541157e-05,0.135346586697014,1,0,0.27597128976228,95.67
"46003",0,0,0,0,0.049876556252866,2.64
"46005",0,0,0,0,0.113961657129921,43.78
"46007",0,0,0,0,0.0525573033508586,2.99
"46009",0,0,0,0,0.0787760048625208,16.51
"46011",0,0,0,0,0.1243899548643,51.22
"46013",0,0,0,0,0.166888221654383,73.21
"46015",0,0,0,0,0.0925840842599416,28.13
"46017",0,0,0,0,0.0435942678953284,1.3
"46019",0,0,0,0,0.136574105126501,59.18
"46021",0,0,0,0,0.0552497831829174,4.1
"46023",0,0,0,0,0.0932535258094503,28.64
"46025",0,0,0,0,0.0483511216805138,2.2
"46027",0,0,0,0,0.0818248802027657,19.06
"46029",0,0,0,0,0.161255335806711,71.05
"46031",0,0,0,0,0.0423176887583548,1.08
"46033",0,0,0,0,0.137747777139625,59.85
"46035",0,0,0,0,0.137545026540481,59.75
"46037",0,0,0,0,0.0865596571837719,22.75
"46039",0,0,0,0,0.0757961780524201,14.86
"46041",0,0,0,0,0.0595965454977224,5.66
"46043",0,0,0,0,0.0598729618516243,5.79
"46045",0,0,0,0,0.0690820393696508,10.21
"46047",0,0,0,0,0.0982954786828095,32.71
"46049",0,0,0,0,0.059295743748799,5.47
"46051",0,0,0,0,0.077897837809015,15.97
"46053",0,0,0,0,0.0872142059099023,23.26
"46055",0,0,0,0,0.0646132559224502,7.73
"46057",0,0,0,0,0.0647865750459938,7.86
"46059",0,0,0,0,0.0602072395224517,5.92
"46061",0,0,0,0,0.0705975189939643,10.94
"46063",0,0,0,0,0.0472207483477674,1.81
"46065",0,0,0,0,0.130494065234012,55.49
"46067",0,0,0,0,0.0690190710801849,10.12
"46069",0,0,0,0,0.0421102990199106,1.05
"46071",0,0,0,0,0.0540875642470664,3.63
"46073",0,0,0,0,0.0368649423909484,0.57
"46075",0,0,0,0,0.0509960635413737,2.86
"46077",0,0,0,0,0.0720295429637078,11.74
"46079",0,0,0,0,0.102209877871606,35.32
"46081",0,0,0,0,0.181403065373039,77.79
"46083",0,0,0,0,0.173792333208457,75.31
"46085",0,0,0,0,0.0606321231669944,6.01
"46087",0,0,0,0,0.0856337960835393,22.05
"46089",0,0,0,0,0.0482443257933357,2.13
"46091",0,0,0,0,0.0565579104374812,4.58
"46093",0,0,0,0,0.166534886670775,73.02
"46095",0,0,0,0,0.0328302987611088,0.32
"46097",0,0,0,0,0.0670596905095715,8.75
"46099",0,0,0,0,0.228462416691517,88.51
"46101",0,0,0,0,0.0601760203771494,5.89
"46102",0,0,0,0,0.0364620641674979,0.51
"46103",0,0,0,0,0.255093607727976,93.03
"46105",0,0,0,0,0.0715590009443335,11.45
"46107",0,0,0,0,0.0649001950318178,7.92
"46109",0,0,0,0,0.0753519186525232,14.44
"46111",0,0,0,0,0.0443553302662004,1.37
"46115",0,0,0,0,0.0570737886431368,4.71
"46117",0,0,0,0,0.0777663884128436,15.81
"46119",0,0,0,0,0.0540788204851894,3.6
"46121",0,0,0,0,0.0362512085376834,0.45
"46123",0,0,0,0,0.0820030114348258,19.22
"46125",0,0,0,0,0.0901772647136574,25.64
"46127",0,0,0,0,0.119617932834513,48.01
"46129",0,0,0,0,0.0922895467431852,27.78
"46135",0,0,0,0,0.13747239317983,59.69
"46137",0,0,0,0,0.0390575229827805,0.76
"47001",0,0,0,0,0.129031884299316,54.5
"47003",0,0,0,0,0.129661796213426,54.95
"47005",0,0,0,0,0.144463220722353,63.47
"47007",0,0,0,0,0.11979679192635,48.23
"47009",0,0,0,0,0.207306136610957,84.03
"47011",0,0,0,0,0.186923392535843,79.16
"47013",0,0,0,0,0.142024065399175,61.95
"47015",0,0,0,0,0.139054156805378,60.36
"47017",0,0,0,0,0.127897241970954,53.64
"47019",0,0,0,0,0.136291743177044,59.12
"47021",0,0,0,0,0.148767865269045,65.45
"47023",0,0,0,0,0.103949304145362,36.72
"47025",0,0,0,0,0.102568928088749,35.54
"47027",0,0,0,0,0.0932674744680305,28.7
"47029",0,0,0,0,0.121071486310276,49.19
"47031",0,0,0,0,0.150447899809705,66.24
"47033",0,0,0,0,0.0838916284628314,20.94
"47035",0,0,0,0,0.167575166701348,73.5
"47037",3.22269291442622e-06,0.0172218595198739,1,0,0.284861594065057,96.37
"47039",0,0,0,0,0.136838795338012,59.37
"47041",0,0,0,0,0.104661743838834,37.16
"47043",0,0,0,0,0.17231803882013,74.96
"47045",0,0,0,0,0.113881213124586,43.75
"47047",0,0,0,0,0.175653166864031,75.79
"47049",0,0,0,0,0.0893821866935866,24.91
"47051",0,0,0,0,0.129550682491842,54.82
"47053",0,0,0,0,0.140547048357762,61.25
"47055",0,0,0,0,0.125869789561597,52.18
"47057",0,0,0,0,0.112719887585835,43.11
"47059",0,0,0,0,0.140577355515253,61.28
"47061",0,0,0,0,0.111587095373589,42.16
"47063",0,0,0,0,0.142255007707736,62.07
"47065",0,0,0,0,0.283415250115489,96.15
"47067",0,0,0,0,0.083482968514703,20.43
"47069",0,0,0,0,0.103601784152758,36.4
"47071",0.000717507175071751,3.83431127374025,1,1,0.163367165120162,71.62
"47073",0,0,0,0,0.114673233839374,44.13
"47075",0,0,0,0,0.0730852747840927,12.73
"47077",0,0,0,0,0.120460005512417,48.62
"47079",0,0,0,0,0.157098917324961,69.14
"47081",0,0,0,0,0.137025769608963,59.5
"47083",0,0,0,0,0.128449382355604,54.09
"47085",0,0,0,0,0.127305810186236,53.23
"47087",0,0,0,0,0.121079224394808,49.25
"47089",0,0,0,0,0.131033256639355,55.81
"47091",0,0,0,0,0.104013908077695,36.75
"47093",3.39810114108236e-06,0.0181592295760091,1,0,0.273163287717202,95.16
"47095",0,0,0,0,0.0620654874042359,6.62
"47097",0,0,0,0,0.0762937573893306,15.14
"47099",0,0,0,0,0.138389704863025,60.1
"47101",0,0,0,0,0.117018666065187,45.98
"47103",0,0,0,0,0.120464686735552,48.65
"47105",0,0,0,0,0.155067779550141,68.47
"47107",0,0,0,0,0.134747931920125,58.07
"47109",0,0,0,0,0.136693206088278,59.24
"47111",0,0,0,0,0.110340620493437,41.39
"47113",0,0,0,0,0.17656774443043,76.23
"47115",0,0,0,0,0.139509820604865,60.64
"47117",0,0,0,0,0.126200169011206,52.47
"47119",0,0,0,0,0.196641450081411,81.61
"47121",0,0,0,0,0.0802612154811698,17.69
"47123",0,0,0,0,0.122656329048652,50.17
"47125",1.3531799729364e-05,0.0723130500417743,1,0,0.19980570102774,82.44
"47127",0,0,0,0,0.0581104609773968,5.03
"47129",0,0,0,0,0.087030181449138,23.1
"47131",0,0,0,0,0.136787053748922,59.31
"47133",0,0,0,0,0.12899935175864,54.47
"47135",0,0,0,0,0.0871434264401686,23.19
"47137",0,0,0,0,0.121267386080247,49.38
"47139",0,0,0,0,0.121097221994531,49.28
"47141",0,0,0,0,0.179267035112455,77.41
"47143",0,0,0,0,0.0937014769951002,29.08
"47145",0,0,0,0,0.113381544210889,43.24
"47147",0,0,0,0,0.153517155379901,67.77
"47149",1.18336193124667e-05,0.063238085297759,1,0,0.22085698696858,86.99
"47151",0,0,0,0,0.105921990243916,38.18
"47153",0,0,0,0,0.108317785389378,40.31
"47155",0,0,0,0,0.173104172088307,75.18
"47157",1.82821038313805e-06,0.00976983635339146,1,0,0.274619627097374,95.48
"47159",0,0,0,0,0.104772158215895,37.42
"47161",0,0,0,0,0.107423411529897,39.61
"47163",0,0,0,0,0.188246372423082,79.45
"47165",0,0,0,0,0.239388234158978,90.45
"47167",0,0,0,0,0.151611159433457,66.94
"47169",0,0,0,0,0.0896730238210419,25.2
"47171",0,0,0,0,0.090052271718734,25.45
"47173",0,0,0,0,0.13163571223377,56.38
"47175",0,0,0,0,0.101709758397393,35
"47177",0,0,0,0,0.140065957567706,60.9
"47179",0,0,0,0,0.185533651670842,78.87
"47181",0,0,0,0,0.0977725998730129,32.36
"47183",0,0,0,0,0.112083447870435,42.63
"47185",0,0,0,0,0.125600667028943,51.92
"47187",0,0,0,0,0.266214256942058,94.27
"47189",0,0,0,0,0.191976106548193,80.43
"48001",0,0,0,0,0.154999445921732,68.44
"48003",0,0,0,0,0.0830709973278984,20.01
"48005",0,0,0,0,0.174653474668127,75.56
"48007",0,0,0,0,0.213009968943093,85.4
"48009",0,0,0,0,0.0847668857683037,21.57
"48011",0,0,0,0,0.0735223679163525,13.17
"48013",0,0,0,0,0.131633601076353,56.35
"48015",0,0,0,0,0.183539091940665,78.4
"48017",0,0,0,0,0.0633347565675284,7.16
"48019",0,0,0,0,0.146200363075496,64.3
"48021",3.58089235837571e-05,0.191360538497713,1,0,0.19831082760661,82.18
"48023",0,0,0,0,0.0766016997497068,15.27
"48025",0,0,0,0,0.100126536715039,34.08
"48027",0,0,0,0,0.149457029491034,65.73
"48029",1.95484858301404e-05,0.104465825858206,1,0,0.25495824866171,93
"48031",0,0,0,0,0.151818832091963,67.17
"48033",0,0,0,0,0.0645462548402911,7.7
"48035",0,0,0,0,0.108287720859206,40.28
"48037",0,0,0,0,0.187794596267049,79.32
"48039",0.000470839570200774,2.51613577517647,1,1,0.272713941157843,95.07
"48041",0,0,0,0,0.156160934647447,68.79
"48043",0,0,0,0,0.114691113785109,44.16
"48045",0,0,0,0,0.0712349810104315,11.26
"48047",0,0,0,0,0.0716716814755173,11.58
"48049",0,0,0,0,0.142512110706895,62.27
"48051",0,0,0,0,0.124026943204385,50.94
"48053",0,0,0,0,0.212426257306077,85.21
"48055",0,0,0,0,0.140516870470636,61.22
"48057",0.000526835693118209,2.81537538259447,1,1,0.128469314810269,54.12
"48059",0,0,0,0,0.133440865731238,57.52
"48061",0.00492847766058576,26.3374613006082,1,1,0.227359730177531,88.39
"48063",0,0,0,0,0.0914585414656812,26.92
"48065",0,0,0,0,0.039461819530534,0.8
"48067",0,0,0,0,0.103556979989658,36.37
"48069",0,0,0,0,0.0533416825821966,3.28
"48071",0.00334246134020619,17.8618941302042,1,1,0.164262453016649,71.91
"48073",0,0,0,0,0.136130981033433,58.92
"48075",0,0,0,0,0.0845584026043893,21.29
"48077",0,0,0,0,0.0923438903979837,27.84
"48079",0,0,0,0,0.093576978530695,28.95
"48081",0,0,0,0,0.0741992515496009,13.65
"48083",0,0,0,0,0.0988250966477725,32.99
"48085",1.62349522286531e-06,0.00867585196660003,1,0,0.232681947782456,89.37
"48087",0,0,0,0,0.0786238914619083,16.45
"48089",0,0,0,0,0.130368729430151,55.42
"48091",0,0,0,0,0.265889770392318,94.21
"48093",0,0,0,0,0.0935947832189452,28.99
"48095",0,0,0,0,0.0852393239467754,21.83
"48097",0,0,0,0,0.142230314957934,62.04
"48099",0,0,0,0,0.128679328290498,54.22
"48101",0,0,0,0,0.109791034203478,41.14
"48103",0,0,0,0,0.0732279432549935,12.95
"48105",0,0,0,0,0.0772384740522665,15.62
"48107",0,0,0,0,0.0755315732954726,14.57
"48109",0,0,0,0,0.0628668905989728,6.84
"48111",0,0,0,0,0.0730319891178021,12.66
"48113",3.98833213434099e-06,0.021313385283701,1,0,0.344420427288871,99.27
"48115",0,0,0,0,0.0847624478490145,21.54
"48117",0,0,0,0,0.0664313456729842,8.53
"48119",0,0,0,0,0.091081459935621,26.6
"48121",5.51065899215558e-06,0.0294486001443083,1,0,0.287363692132156,96.53
"48123",0,0,0,0,0.0996822838699522,33.73
"48125",0,0,0,0,0.0984809494355916,32.87
"48127",0,0,0,0,0.0902196853016181,25.74
"48129",0,0,0,0,0.0857445925177828,22.14
"48131",0,0,0,0,0.072379967024705,12.03
"48133",0,0,0,0,0.118247608159728,47.12
"48135",0,0,0,0,0.18827728549575,79.48
"48137",0,0,0,0,0.101951469544388,35.13
"48139",0,0,0,0,0.235023661009887,89.72
"48141",2.48193153840044e-06,0.0132632793217554,1,0,0.212812624326578,85.3
"48143",0,0,0,0,0.143391285609491,62.81
"48145",0,0,0,0,0.0868353201270302,22.94
"48147",0,0,0,0,0.120867488042725,49.13
"48149",0,0,0,0,0.165765686671472,72.64
"48151",0,0,0,0,0.0723225436066975,11.96
"48153",0,0,0,0,0.065829983180094,8.24
"48155",0,0,0,0,0.0706345112868678,11.01
"48157",3.35028577937698e-06,0.0179037074198348,1,0,0.243391433521198,91.31
"48159",0,0,0,0,0.0734325902163651,13.11
"48161",0,0,0,0,0.105143096389011,37.61
"48163",0,0,0,0,0.0735696547751274,13.2
"48165",0,0,0,0,0.127824362226746,53.58
"48167",0.000906156988212989,4.84244349937842,1,1,0.274424789461598,95.42
"48169",0,0,0,0,0.0734171718152561,13.08
"48171",0,0,0,0,0.193720763879529,81.16
"48173",0,0,0,0,0.069398388149008,10.34
"48175",0,0,0,0,0.095518652479657,30.26
"48177",0,0,0,0,0.080601419750119,17.98
"48179",0,0,0,0,0.105214610278947,37.7
"48181",0,0,0,0,0.201243649829258,82.91
"48183",0,0,0,0,0.231897553400634,89.21
"48185",0,0,0,0,0.135996244443191,58.86
"48187",0,0,0,0,0.194266527215633,81.26
"48189",0,0,0,0,0.107946345535597,39.93
"48191",0,0,0,0,0.0972373113904908,31.75
"48193",0,0,0,0,0.0797723454856506,17.28
"48195",0,0,0,0,0.0781142583436333,16.1
"48197",0,0,0,0,0.0645398847909197,7.67
"48199",0,0,0,0,0.157510585182495,69.55
"48201",2.80142312294646e-05,0.149706213903102,1,0,0.36743760434391,99.62
"48203",0,0,0,0,0.167765974366998,73.56
"48205",0,0,0,0,0.0539576393645576,3.53
"48207",0,0,0,0,0.0921486298316347,27.55
"48209",9.11535481518618e-06,0.0487118581476425,1,0,0.25217858118279,92.55
"48211",0,0,0,0,0.0747540792828522,13.87
"48213",0,0,0,0,0.190210589497209,79.99
"48215",2.92030487982945e-06,0.0156059177002223,1,0,0.191118028558137,80.21
"48217",0,0,0,0,0.131018722191872,55.77
"48219",0,0,0,0,0.0800083581304121,17.47
"48221",0,0,0,0,0.209981063405675,84.63
"48223",0,0,0,0,0.144904986333403,63.7
"48225",0,0,0,0,0.171984248973633,74.8
"48227",0.000283105669191026,1.5128981238834,1,1,0.153804843109183,67.99
"48229",0,0,0,0,0.0598959749523686,5.85
"48231",0,0,0,0,0.168557306653786,73.81
"48233",0,0,0,0,0.0885900429434842,24.15
"48235",0,0,0,0,0.0552590401823884,4.14
"48237",0,0,0,0,0.0949464310136113,29.75
"48239",0,0,0,0,0.0847419803129821,21.51
"48241",0,0,0,0,0.136162753608886,58.96
"48243",0,0,0,0,0.0719450848893422,11.71
"48245",0.00121459845520532,6.49073446463518,1,1,0.281380081633141,96.02
"48247",0,0,0,0,0.0674409585760354,9.16
"48249",0,0,0,0,0.0901261228568441,25.52
"48251",0,0,0,0,0.230856554294432,89.09
"48253",0,0,0,0,0.0994109254414366,33.47
"48255",0,0,0,0,0.0806176736517304,18.04
"48257",0,0,0,0,0.206571750000423,83.9
"48259",0,0,0,0,0.209724438267894,84.54
"48261",0,0,0,0,0.017056351598149,0.06
"48263",0,0,0,0,0.0687195122278981,9.99
"48265",8.6516416490029e-05,0.462338054080298,1,0,0.194322126694824,81.29
"48267",0,0,0,0,0.10621387879649,38.43
"48269",0,0,0,0,0.0418178735416293,0.99
"48271",0,0,0,0,0.0480165339813961,2.1
"48273",0,0,0,0,0.117655226854171,46.64
"48275",0,0,0,0,0.0626699551769965,6.81
"48277",0,0,0,0,0.143567790009187,63.03
"48279",0,0,0,0,0.0681254147083855,9.64
"48281",0,0,0,0,0.122358693137222,50.02
"48283",0,0,0,0,0.068129864146873,9.67
"48285",0,0,0,0,0.1205148791737,48.78
"48287",0,0,0,0,0.100875790045094,34.65
"48289",0,0,0,0,0.0915128947416618,27.04
"48291",0,0,0,0,0.16111047722732,70.92
"48293",0,0,0,0,0.0826845230858416,19.73
"48295",0,0,0,0,0.0620579922442107,6.59
"48297",0,0,0,0,0.0928800037077392,28.51
"48299",0,0,0,0,0.134148414431315,57.81
"48301",0,0,0,0,0.0252380395671324,0.13
"48303",0,0,0,0,0.235421192760989,89.79
"48305",0,0,0,0,0.0706694428800826,11.04
"48307",0,0,0,0,0.0861684129010733,22.53
"48309",7.31903681475518e-06,0.0391124525952362,1,0,0.21841214007945,86.38
"48311",0,0,0,0,0.0717175156062412,11.64
"48313",0,0,0,0,0.0714815611301865,11.42
"48315",0,0,0,0,0.0888479648694303,24.44
"48317",0,0,0,0,0.0759440027010687,14.99
"48319",0,0,0,0,0.111939949895168,42.51
"48321",0.00372079178449174,19.8836672052654,1,1,0.178855227092164,77.35
"48323",0,0,0,0,0.113082015754265,43.18
"48325",0,0,0,0,0.138362791089008,60.07
"48327",0,0,0,0,0.0828547584338387,19.85
"48329",7.65784737910174e-06,0.0409230340244831,1,0,0.153125250834888,67.52
"48331",0,0,0,0,0.114843550362097,44.29
"48333",0,0,0,0,0.0919067185053122,27.24
"48335",0,0,0,0,0.0651927790472514,8.02
"48337",0,0,0,0,0.136117297212689,58.89
"48339",0,0,0,0,0.272649256719374,95.04
"48341",0,0,0,0,0.0683188477577906,9.86
"48343",0,0,0,0,0.0715739525748646,11.49
"48345",0,0,0,0,0.0951256107743022,29.88
"48347",0,0,0,0,0.14724779662961,64.87
"48349",0,0,0,0,0.153484782235081,67.74
"48351",0,0,0,0,0.0890144611101637,24.56
"48353",0,0,0,0,0.0938486427889102,29.18
"48355",0,0,0,0,0.267254768900295,94.37
"48357",0,0,0,0,0.0707669657836003,11.07
"48359",0,0,0,0,0.0495489498879629,2.55
"48361",0,0,0,0,0.184218502648674,78.52
"48363",0,0,0,0,0.153000615118275,67.48
"48365",0,0,0,0,0.114914295154174,44.38
"48367",0,0,0,0,0.2591972525805,93.7
"48369",0,0,0,0,0.0465994968646273,1.65
"48371",0,0,0,0,0.105914566919364,38.15
"48373",0,0,0,0,0.143234260964446,62.71
"48375",0,0,0,0,0.212976302340648,85.36
"48377",0,0,0,0,0.0955076940324501,30.19
"48379",0,0,0,0,0.112207584260176,42.83
"48381",0,0,0,0,0.215339070395425,85.71
"48383",0,0,0,0,0.0641631206727799,7.45
"48385",0,0,0,0,0.0753981072315768,14.48
"48387",0,0,0,0,0.0897897962227295,25.26
"48389",0,0,0,0,0.0965850794058562,31.02
"48391",0,0,0,0,0.079214286598957,16.86
"48393",0,0,0,0,0.0750857485170533,14.22
"48395",0,0,0,0,0.0901937382799806,25.68
"48397",0,0,0,0,0.221801085285678,87.11
"48399",0,0,0,0,0.0800835780661923,17.56
"48401",0,0,0,0,0.136226524839771,59.05
"48403",0,0,0,0,0.099492945874604,33.5
"48405",0,0,0,0,0.071670248074981,11.55
"48407",0,0,0,0,0.156256744907257,68.82
"48409",0,0,0,0,0.167873007324341,73.59
"48411",0,0,0,0,0.0906261960887562,26.15
"48413",0,0,0,0,0.0857705773946431,22.21
"48415",0,0,0,0,0.0887820341076972,24.34
"48417",0,0,0,0,0.0756381894203246,14.7
"48419",0,0,0,0,0.107130645177229,39.29
"48421",0,0,0,0,0.0396300830401818,0.83
"48423",0,0,0,0,0.23340124028565,89.41
"48425",0,0,0,0,0.0969900688010185,31.43
"48427",0,0,0,0,0.117238058460687,46.2
"48429",0,0,0,0,0.0906877546017693,26.25
"48431",0,0,0,0,0.0547785132140805,3.88
"48433",0,0,0,0,0.100457728942416,34.36
"48435",0,0,0,0,0.0687343715277398,10.05
"48437",0,0,0,0,0.0749272595490711,13.97
"48439",1.7696343139172e-06,0.00945680968217743,1,0,0.317476683677275,98.44
"48441",0,0,0,0,0.192040822186331,80.53
"48443",0,0,0,0,0.0640004999384222,7.41
"48445",0,0,0,0,0.0886468240154427,24.21
"48447",0,0,0,0,0.0700853117601671,10.82
"48449",0,0,0,0,0.107238186080646,39.45
"48451",0,0,0,0,0.192564445931404,80.72
"48453",3.01187885018513e-05,0.160952829903754,1,0,0.291649173529808,97.07
"48455",0,0,0,0,0.118369457206586,47.31
"48457",0,0,0,0,0.0978941989177563,32.45
"48459",0,0,0,0,0.124007739486414,50.87
"48461",0,0,0,0,0.0432462182689896,1.27
"48463",0,0,0,0,0.155744718966444,68.69
"48465",0,0,0,0,0.117091573356085,46.04
"48467",0,0,0,0,0.176358242365017,76.11
"48469",0,0,0,0,0.223603086819959,87.59
"48471",0,0,0,0,0.100296908509597,34.33
"48473",0,0,0,0,0.139188407913995,60.42
"48475",0,0,0,0,0.0895132638018189,25.07
"48477",0,0,0,0,0.150978656099391,66.53
"48479",0,0,0,0,0.168676659903442,74.01
"48481",0,0,0,0,0.134651482602752,58.03
"48483",0,0,0,0,0.0804084030024427,17.82
"48485",0,0,0,0,0.176033543159545,75.91
"48487",0,0,0,0,0.0728594526997374,12.54
"48489",0,0,0,0,0.0914784258938273,27.01
"48491",1.89254149397226e-05,0.101136175894455,1,0,0.251493624733721,92.43
"48493",0,0,0,0,0.161708927091172,71.14
"48495",0,0,0,0,0.0694847520393552,10.37
"48497",0,0,0,0,0.179084898405603,77.38
"48499",0,0,0,0,0.180980045332374,77.7
"48501",0,0,0,0,0.079142258818375,16.74
"48503",0,0,0,0,0.113812395854578,43.72
"48505",0,0,0,0,0.100872634622424,34.62
"48507",0,0,0,0,0.0769627553516658,15.53
"49001",0,0,0,0,0.0869966625539705,23.04
"49003",0,0,0,0,0.132190037264535,56.73
"49005",0,0,0,0,0.216207275854544,86.06
"49007",0,0,0,0,0.110672832872583,41.65
"49009",0.00184162062615101,9.84149981231514,1,1,0.0961559967603271,30.7
"49011",6.12899073909499e-06,0.0327529244362071,1,0,0.269892367405928,94.72
"49013",0,0,0,0,0.126949192121072,53.01
"49015",0,0,0,0,0.0720495094379423,11.8
"49017",0,0,0,0,0.0817103311568757,18.99
"49019",0,0,0,0,0.129103890780715,54.57
"49021",3.61297781631621e-05,0.193075164321379,1,0,0.190668615112952,80.08
"49023",0,0,0,0,0.101980053911791,35.16
"49025",0,0,0,0,0.107947737363692,39.96
"49027",0,0,0,0,0.0895743155599004,25.14
"49029",0,0,0,0,0.130752695444004,55.65
"49031",0,0,0,0,0.0483245454415205,2.16
"49033",0.000708215297450425,3.78465608929683,1,1,0.112669346017219,43.08
"49035",1.25177524489276e-05,0.0668940478985633,1,0,0.369502751753895,99.71
"49037",0,0,0,0,0.100941938083616,34.68
"49039",0,0,0,0,0.14130918409931,61.63
"49041",0,0,0,0,0.142408082828155,62.17
"49043",0,0,0,0,0.197899332819528,82.06
"49045",0,0,0,0,0.166475790498633,72.96
"49047",0,0,0,0,0.160741539870954,70.76
"49049",0,0,0,0,0.310782921044614,98.15
"49051",0,0,0,0,0.232275444721843,89.34
"49053",0,0,0,0,0.273233570491524,95.2
"49055",0,0,0,0,0.0862335180463683,22.62
"49057",0,0,0,0,0.230331251884366,88.99
"50001",0,0,0,0,0.192332896555859,80.62
"50003",0,0,0,0,0.194369878249171,81.32
"50005",0.000233954612805116,1.25023810296041,1,1,0.215915015288829,85.94
"50007",8.54160616362301e-06,0.045645782992698,1,0,0.275708984550448,95.61
"50009",0,0,0,0,0.0961986804573381,30.73
"50011",0,0,0,0,0.151584040796797,66.91
"50013",0,0,0,0,0.157179056175853,69.33
"50015",0,0,0,0,0.189745574112379,79.83
"50017",0,0,0,0,0.161332186675974,71.08
"50019",0,0,0,0,0.17145851732735,74.64
"50021",0,0,0,0,0.22955798000492,88.77
"50023",0,0,0,0,0.199761644247077,82.41
"50025",0,0,0,0,0.21730002630065,86.22
"50027",0,0,0,0,0.228810119811319,88.58
"51001",0.00102840982131379,5.49575461944941,1,1,0.160184694831075,70.6
"51003",0,0,0,0,0.15524082185436,68.57
"51005",0.000258131130614352,1.37943582810716,1,1,0.138704435366943,60.17
"51007",0,0,0,0,0.124834495587046,51.45
"51009",0,0,0,0,0.133354811593747,57.46
"51011",0,0,0,0,0.119327760332385,47.76
"51013",0,0,0,0,0.127627867485784,53.52
"51015",0,0,0,0,0.159207218856951,70.25
"51017",0,0,0,0,0.0852798802110624,21.89
"51019",0,0,0,0,0.229567905873119,88.8
"51021",0,0,0,0,0.0646262542199195,7.8
"51023",0,0,0,0,0.145418150202117,64.11
"51025",0,0,0,0,0.0969504345226063,31.4
"51027",0,0,0,0,0.0807823416474635,18.23
"51029",0,0,0,0,0.0933049744960213,28.79
"51031",0,0,0,0,0.157876059374073,69.74
"51033",0,0,0,0,0.121283613938649,49.41
"51035",0,0,0,0,0.131673096764174,56.47
"51036",0,0,0,0,0.096494017477792,30.96
"51037",0,0,0,0,0.0959000779375688,30.54
"51041",0.000702901008108025,3.75625687567859,1,1,0.257226112115562,93.51
"51043",0,0,0,0,0.133791558884843,57.65
"51045",0,0,0,0,0.0939038744881598,29.27
"51047",0,0,0,0,0.154546270495158,68.34
"51049",0,0,0,0,0.0995073623668117,33.53
"51051",0,0,0,0,0.0632677304106558,7.1
"51053",0,0,0,0,0.0892544527743887,24.79
"51057",0,0,0,0,0.132939773656515,57.24
"51059",2.76661908081848e-06,0.01478463087239,1,0,0.170896143606585,74.48
"51061",0,0,0,0,0.215097127353521,85.59
"51063",0,0,0,0,0.128648315427448,54.18
"51065",0,0,0,0,0.124307247999188,51.16
"51067",0,0,0,0,0.181728058517568,77.92
"51069",0,0,0,0,0.168182225897241,73.69
"51071",0,0,0,0,0.0820580200349293,19.25
"51073",0,0,0,0,0.204608845107367,83.68
"51075",0,0,0,0,0.0873187102348074,23.29
"51077",0,0,0,0,0.0843903872464509,21.16
"51079",0,0,0,0,0.127911660392664,53.67
"51081",0,0,0,0,0.0663766743865641,8.5
"51083",0,0,0,0,0.133541015274176,57.59
"51085",0,0,0,0,0.222274136666813,87.21
"51087",9.65223014777564e-06,0.0515808847049518,1,0,0.279221404487283,95.77
"51089",0,0,0,0,0.139197469682269,60.48
"51091",0,0,0,0,0.0820663924786442,19.31
"51093",0,0,0,0,0.157496075856252,69.52
"51095",0,0,0,0,0.181114858490569,77.73
"51097",0.000692520775623269,3.70078559424316,1,1,0.142948981010039,62.52
"51099",0,0,0,0,0.0751820533926232,14.35
"51101",0,0,0,0,0.123877794733099,50.65
"51103",0.00770359501100514,41.1675063682427,1,1,0.176727254420055,76.26
"51105",0,0,0,0,0.0881895972880688,23.89
"51107",0,0,0,0,0.223284537472845,87.46
"51109",0,0,0,0,0.130273423818971,55.36
"51111",0,0,0,0,0.108561391772474,40.38
"51113",0,0,0,0,0.129755380751211,55.11
"51115",0.00591133004926108,31.5897599886924,1,1,0.119663462248457,48.08
"51117",0,0,0,0,0.143070092442204,62.62
"51119",0.00311284046692607,16.6348152469638,1,1,0.152726017709301,67.45
"51121",0,0,0,0,0.130219392769539,55.33
"51125",0,0,0,0,0.117926840040293,46.87
"51127",0,0,0,0,0.136694377698961,59.27
"51131",0.0139154635588798,74.3633243776256,1,1,0.121972770796401,49.76
"51133",0.0830288940551312,443.700962976347,1,1,0.153774602174261,67.93
"51135",0,0,0,0,0.0728287113127311,12.38
"51137",0,0,0,0,0.13794569310415,59.91
"51139",0,0,0,0,0.128866453590001,54.31
"51141",0,0,0,0,0.107361736910531,39.52
"51143",0,0,0,0,0.143453436039828,62.84
"51145",0,0,0,0,0.150317769075558,66.18
"51147",0,0,0,0,0.108145283055105,40.18
"51149",0,0,0,0,0.0799459957850696,17.37
"51153",0,0,0,0,0.226517734990339,88.13
"51155",0,0,0,0,0.0928048574901639,28.41
"51157",0,0,0,0,0.10763419104314,39.74
"51159",0,0,0,0,0.124016850180693,50.91
"51161",0,0,0,0,0.185948934135671,78.91
"51163",0,0,0,0,0.144648548161839,63.54
"51165",0,0,0,0,0.150694260631425,66.37
"51167",0,0,0,0,0.0896097103844017,25.17
"51169",0,0,0,0,0.0763241358096139,15.18
"51171",0,0,0,0,0.13106225931099,55.84
"51173",0,0,0,0,0.075847944688597,14.89
"51175",0,0,0,0,0.105269100584916,37.77
"51177",0,0,0,0,0.241406487790896,90.93
"51179",0,0,0,0,0.188678530673949,79.61
"51181",0,0,0,0,0.080165657141431,17.63
"51183",0,0,0,0,0.102381914494705,35.38
"51185",0,0,0,0,0.117728449796696,46.68
"51187",0,0,0,0,0.148102404742251,65.16
"51191",0,0,0,0,0.147066269193993,64.65
"51193",0.0316961045245584,169.381903254153,1,1,0.145267239497376,63.95
"51195",0,0,0,0,0.0859204293936801,22.3
"51197",0,0,0,0,0.126092816253786,52.37
"51199",0,0,0,0,0.173688670166068,75.25
"51510",0,0,0,0,0.201583536063585,83.01
"51520",0,0,0,0,0.11748435432884,46.39
"51530",0,0,0,0,0.0821396332770956,19.34
"51540",0,0,0,0,0.177338137859512,76.74
"51550",0,0,0,0,0.256471649385209,93.41
"51570",0,0,0,0,0.13124012777616,56.03
"51580",0,0,0,0,0.0868843073020525,22.97
"51590",0,0,0,0,0.142368295949579,62.14
"51595",0,0,0,0,0.0875672294273457,23.48
"51600",0,0,0,0,0.140084997896073,60.96
"51610",0,0,0,0,0.117034281361902,46.01
"51620",0,0,0,0,0.0944629045840996,29.53
"51630",0,0,0,0,0.164412906010102,71.97
"51640",0,0,0,0,0.115099791734056,44.51
"51650",0.000510423811270796,2.72767136265273,1,1,0.197151097168487,81.77
"51660",0,0,0,0,0.155194263281457,68.5
"51670",0,0,0,0,0.120470188990996,48.71
"51678",0,0,0,0,0.0797630579399649,17.24
"51680",0,0,0,0,0.142510054583891,62.23
"51683",0,0,0,0,0.144907041816924,63.73
"51685",0,0,0,0,0.113994043979229,43.84
"51690",0,0,0,0,0.0967134878375375,31.15
"51700",0.00323954646349511,17.311923780473,1,1,0.141734369978222,61.79
"51710",0,0,0,0,0.203864826048175,83.61
"51720",0,0,0,0,0.0903809746663975,25.9
"51730",0,0,0,0,0.143792836144739,63.16
"51735",0.0004510599909788,2.41043500139248,1,1,0.124079321075407,51
"51740",0,0,0,0,0.116283595392332,45.47
"51750",0,0,0,0,0.0788869229092183,16.61
"51760",2.73127031382296e-05,0.145957293805127,1,0,0.187960679775608,79.38
"51770",0,0,0,0,0.182359242180464,78.17
"51775",0,0,0,0,0.138103338423948,60.01
"51790",0,0,0,0,0.139809137139688,60.71
"51800",0.0023811861743912,12.7249027055786,1,1,0.186916038378069,79.13
"51810",4.61180160029515e-06,0.0246451652089705,1,0,0.241708052051707,91.06
"51820",0,0,0,0,0.13453649113343,58
"51830",0,0,0,0,0.0936940590786621,29.05
"51840",0,0,0,0,0.115351498491441,44.64
"53001",0,0,0,0,0.075490306325543,14.51
"53003",0,0,0,0,0.156049658671243,68.76
"53005",0,0,0,0,0.175862676390457,75.88
"53007",0,0,0,0,0.198637174288621,82.21
"53009",0.000556463673355824,2.9737053653321,1,1,0.243895803911031,91.44
"53011",0.00059331279067542,3.17062463091544,1,1,0.324479824782173,98.7
"53013",0,0,0,0,0.0757802349475459,14.79
"53015",0.0016805255461708,8.9806182730463,1,1,0.222611885467777,87.27
"53017",0,0,0,0,0.141906340369513,61.88
"53019",0,0,0,0,0.0984603995382613,32.83
"53021",0,0,0,0,0.177197020220034,76.61
"53023",0,0,0,0,0.0536851650129074,3.4
"53025",0,0,0,0,0.140737107355952,61.37
"53027",0.0193343305908751,103.321394308566,1,1,0.209863053975487,84.6
"53029",0,0,0,0,0.229278182064836,88.71
"53031",8.88020602077968e-05,0.474552384165449,1,0,0.240470543289287,90.71
"53033",0.00139815995399885,7.47167507220236,1,1,0.355826565947534,99.36
"53035",0.000145281528361678,0.776374956818643,1,0,0.215466285444343,85.84
"53037",0,0,0,0,0.172220580244422,74.9
"53039",0,0,0,0,0.151636900077261,67.01
"53041",0,0,0,0,0.208308907001233,84.41
"53043",0,0,0,0,0.091151486732961,26.69
"53045",0.0237319683573755,126.822082039294,1,1,0.182449670299798,78.21
"53047",0,0,0,0,0.143175189490734,62.68
"53049",0.0537422991217722,287.195320909126,1,1,0.195120335498975,81.45
"53051",0,0,0,0,0.10333142228323,36.14
"53053",0.00024121866593895,1.28905672637184,1,1,0.309368906375424,98.06
"53055",0,0,0,0,0.27056596853966,94.88
"53057",0.00789029675455718,42.1652282377933,1,1,0.304593528700849,97.74
"53059",0,0,0,0,0.122124404426939,49.83
"53061",0.000174802384423034,0.934132474985898,1,0,0.298531466892933,97.52
"53063",3.58166189111748e-06,0.0191401661822605,1,0,0.296786731895878,97.49
"53065",0,0,0,0,0.176920080422075,76.39
"53067",7.04657078632683e-06,0.0376564120136078,1,0,0.207754320013261,84.12
"53069",0,0,0,0,0.109901921402191,41.2
"53071",0,0,0,0,0.143328772132094,62.77
"53073",0.00452261306532663,24.1685475290372,1,1,0.349899951360768,99.33
"53075",4.52570601013758e-05,0.241850760232038,1,0,0.10312599655475,36.05
"53077",0,0,0,0,0.157233806226571,69.36
"54001",0,0,0,0,0.0741315265847905,13.62
"54003",0,0,0,0,0.174538648158146,75.47
"54005",0,0,0,0,0.086674599276976,22.78
"54007",0,0,0,0,0.0910702471173923,26.57
"54009",0,0,0,0,0.106288557279323,38.56
"54011",0,0,0,0,0.179540067266708,77.47
"54013",0,0,0,0,0.0577210813429119,4.9
"54015",0,0,0,0,0.059268360799882,5.44
"54017",0,0,0,0,0.058110012142027,5
"54019",0,0,0,0,0.144114411506414,63.32
"54021",0,0,0,0,0.0636397110022148,7.29
"54023",0,0,0,0,0.109453645083479,40.98
"54025",0,0,0,0,0.14507161741714,63.82
"54027",0,0,0,0,0.137593994548212,59.82
"54029",0,0,0,0,0.136837340993752,59.34
"54031",0,0,0,0,0.0942510986729991,29.43
"54033",0,0,0,0,0.145644421393011,64.14
"54035",0,0,0,0,0.121707583152101,49.7
"54037",0,0,0,0,0.15902966485639,70.12
"54039",0,0,0,0,0.201148677775029,82.88
"54041",0,0,0,0,0.107925722288649,39.9
"54043",0,0,0,0,0.0919564569231562,27.3
"54045",0,0,0,0,0.100961250465674,34.74
"54047",0,0,0,0,0.0682180910629956,9.74
"54049",0,0,0,0,0.159632720985241,70.54
"54051",0,0,0,0,0.0982146728923105,32.64
"54053",0,0,0,0,0.0931319361464518,28.57
"54055",0,0,0,0,0.151735570876822,67.07
"54057",0,0,0,0,0.099951965111635,33.92
"54059",0,0,0,0,0.0924080289803839,27.87
"54061",0,0,0,0,0.141446992995706,61.66
"54063",0,0,0,0,0.102550584758904,35.51
"54065",0,0,0,0,0.134178842580464,57.84
"54067",0,0,0,0,0.116987938369497,45.94
"54069",0,0,0,0,0.166971484268006,73.24
"54071",0,0,0,0,0.106338251759175,38.69
"54073",0,0,0,0,0.0750041634774544,14.06
"54075",0,0,0,0,0.0821829244887167,19.41
"54077",0,0,0,0,0.135906623479423,58.77
"54079",0,0,0,0,0.177266212259204,76.68
"54081",0,0,0,0,0.155874492791907,68.72
"54083",0,0,0,0,0.132811842949059,57.11
"54085",0,0,0,0,0.0803010787699276,17.75
"54087",0,0,0,0,0.0993029683615046,33.44
"54089",0,0,0,0,0.0894710100582146,25.04
"54091",0,0,0,0,0.0949122932459576,29.72
"54093",0,0,0,0,0.0833197422921657,20.2
"54095",0,0,0,0,0.0658977331832404,8.27
"54097",0,0,0,0,0.112183226267079,42.79
"54099",0,0,0,0,0.104751562468869,37.29
"54101",0,0,0,0,0.0669740304116729,8.69
"54103",0,0,0,0,0.0908796060850989,26.41
"54105",0,0,0,0,0.0676391359801364,9.32
"54107",0,0,0,0,0.186139550269982,78.97
"54109",0,0,0,0,0.0803145484747399,17.79
"55001",0,0,0,0,0.103363667603119,36.18
"55003",0,0,0,0,0.128414544016289,54.02
"55005",0,0,0,0,0.153783834355954,67.96
"55007",0.00554175425186318,29.6147711722772,1,1,0.167560517727152,73.46
"55009",1.75014876264482e-05,0.0935268017446729,1,0,0.248448458020897,92.2
"55011",0,0,0,0,0.106105756558844,38.37
"55013",0,0,0,0,0.106555499627152,38.91
"55015",0,0,0,0,0.119657133131685,48.04
"55017",0,0,0,0,0.19198666610451,80.46
"55019",0,0,0,0,0.128177032221371,53.93
"55021",0,0,0,0,0.17134761625505,74.58
"55023",0,0,0,0,0.103394185192235,36.21
"55025",1.00521455048062e-05,0.0537180061377106,1,0,0.24341690931843,91.35
"55027",0,0,0,0,0.131278716082522,56.06
"55029",0.000858632321373812,4.58847479749891,1,1,0.230312998087148,88.96
"55031",0,0,0,0,0.175659210186087,75.82
"55033",0,0,0,0,0.124815558387257,51.42
"55035",0,0,0,0,0.200173424524606,82.6
"55037",0,0,0,0,0.0800789108224752,17.53
"55039",0,0,0,0,0.192364994816644,80.66
"55041",0,0,0,0,0.0873367872988887,23.35
"55043",0,0,0,0,0.141195537760277,61.57
"55045",0,0,0,0,0.11603386612662,45.18
"55047",0,0,0,0,0.131217326651665,55.97
"55049",0,0,0,0,0.108711654925279,40.57
"55051",0,0,0,0,0.0998148580989198,33.85
"55053",0,0,0,0,0.0750245394773573,14.13
"55055",0,0,0,0,0.178478819390702,77.16
"55057",0,0,0,0,0.106797721551768,39.13
"55059",0,0,0,0,0.196228112644716,81.58
"55061",0,0,0,0,0.0964352748133916,30.93
"55063",0,0,0,0,0.195020983655621,81.42
"55065",0,0,0,0,0.0972595520340959,31.88
"55067",0,0,0,0,0.123280943702179,50.4
"55069",0,0,0,0,0.126801453972518,52.91
"55071",0,0,0,0,0.187285041640204,79.26
"55073",0,0,0,0,0.207589218317678,84.06
"55075",0,0,0,0,0.127100709472637,53.1
"55077",0,0,0,0,0.0927535985923507,28.29
"55078",0,0,0,0,0.0775575810782211,15.69
"55079",0.000102297051335749,0.546668731455991,1,0,0.284701327509356,96.28
"55081",0,0,0,0,0.115864937821537,44.93
"55083",0,0,0,0,0.125669074759035,51.99
"55085",0,0,0,0,0.182742420375288,78.24
"55087",0,0,0,0,0.25597704690285,93.29
"55089",0.000315696426316454,1.68706099194568,1,1,0.247757404078472,92.08
"55091",0,0,0,0,0.0920722444407669,27.39
"55093",0,0,0,0,0.155441639671698,68.66
"55095",0,0,0,0,0.15415745161068,68.18
"55097",0,0,0,0,0.170586450274723,74.36
"55099",0,0,0,0,0.0909835581037723,26.5
"55101",0,0,0,0,0.225041215180798,87.81
"55103",0,0,0,0,0.0880394826582845,23.83
"55105",1.3087806091065e-05,0.0699403771655362,1,0,0.209812467387063,84.57
"55107",0,0,0,0,0.100094494605095,34.01
"55109",0,0,0,0,0.220063979023012,86.8
"55111",2.49140465394389e-05,0.133139030297651,1,0,0.178655073227331,77.25
"55113",0,0,0,0,0.143551731084682,62.93
"55115",0,0,0,0,0.145326157287262,63.98
"55117",0,0,0,0,0.165573813697277,72.57
"55119",0,0,0,0,0.107626405678394,39.68
"55121",0,0,0,0,0.115655471664513,44.86
"55123",0,0,0,0,0.14535865572553,64.08
"55125",0,0,0,0,0.165500146346431,72.48
"55127",0,0,0,0,0.219760374974271,86.7
"55129",0,0,0,0,0.139130883216221,60.39
"55131",0,0,0,0,0.215443378374775,85.78
"55133",3.7180249851279e-06,0.0198688816109723,1,0,0.327518701884616,98.79
"55135",0,0,0,0,0.134031003684586,57.75
"55137",0,0,0,0,0.111575776843905,42.13
"55139",9.85784980580036e-06,0.052679702668393,1,0,0.172743223974447,75.12
"55141",0,0,0,0,0.157146381426643,69.23
"56001",0,0,0,0,0.134025568008434,57.72
"56003",0,0,0,0,0.105828961870622,38.05
"56005",0,0,0,0,0.139309055467516,60.55
"56007",0,0,0,0,0.112424275384695,42.95
"56009",0,0,0,0,0.109357746716258,40.88
"56011",0,0,0,0,0.105270965034843,37.8
"56013",0,0,0,0,0.175329885756457,75.69
"56015",0,0,0,0,0.120556039512586,48.81
"56017",0,0,0,0,0.0954164379047314,30.13
"56019",0,0,0,0,0.151007098012669,66.59
"56021",0,0,0,0,0.191501229429422,80.37
"56023",0,0,0,0,0.151060902328797,66.62
"56025",0,0,0,0,0.2618146746469,93.89
"56027",0,0,0,0,0.0668192205922187,8.65
"56029",0,0,0,0,0.201760980355764,83.07
"56031",0,0,0,0,0.108984947439547,40.76
"56033",0,0,0,0,0.221058272418379,87.02
"56035",0,0,0,0,0.131499154671012,56.28
"56037",0,0,0,0,0.143551044116921,62.9
"56039",0,0,0,0,0.205585076926465,83.84
"56041",0,0,0,0,0.140488081380819,61.18
"56043",0,0,0,0,0.122317550924845,49.95
"56045",0,0,0,0,0.0971293814389603,31.63
