"county_geoid","industry_employment_share","location_quotient","industry_present","industry_comparative_advantage","industry_feasibility","industry_feasibility_percentile_score"
"01001",0,0,0,0,0.205204098040269,72.1
"01003",3.00387499874839e-05,0.394849162386754,1,0,0.335353038606428,97.55
"01005",0,0,0,0,0.124381460089348,27.68
"01007",0,0,0,0,0.12241906571123,26.34
"01009",0,0,0,0,0.212372449338802,74.61
"01011",0.00112803158488438,14.8275919145431,1,1,0.135597512852006,35.22
"01013",0,0,0,0,0.128303450112012,30.58
"01015",0,0,0,0,0.198736558191345,69.07
"01017",0,0,0,0,0.158355759968919,49.13
"01019",0,0,0,0,0.15588011207382,47.44
"01021",0.00125190020566932,16.4558028481977,1,1,0.207618140011507,72.99
"01023",0,0,0,0,0.0963625738000222,11.68
"01025",0,0,0,0,0.142601788926463,39.64
"01027",0,0,0,0,0.0883418820544666,8.21
"01029",0,0,0,0,0.111168376003052,19.25
"01031",0,0,0,0,0.191453398348597,66.08
"01033",0,0,0,0,0.214914471955114,75.37
"01035",0,0,0,0,0.109559772342807,18.71
"01037",0,0,0,0,0.103236714743226,15.08
"01039",0,0,0,0,0.181681880102332,61.44
"01041",0,0,0,0,0.11135327978224,19.34
"01043",0,0,0,0,0.230704493390161,80.18
"01045",0,0,0,0,0.109519908429777,18.68
"01047",0,0,0,0,0.183842828159901,62.58
"01049",0.000773452174873854,10.1667660446058,1,1,0.199806216958995,69.74
"01051",0,0,0,0,0.202794295328726,70.92
"01053",0,0,0,0,0.165152725849761,52.66
"01055",0,0,0,0,0.221358404809065,77.41
"01057",0,0,0,0,0.123295953792162,26.92
"01059",0,0,0,0,0.132557529539726,33.31
"01061",0,0,0,0,0.151994169142313,45.34
"01063",0,0,0,0,0.0906143618189061,8.94
"01065",0,0,0,0,0.141076858797587,38.59
"01067",0,0,0,0,0.14854610572517,43.24
"01069",0,0,0,0,0.26960253929359,88.55
"01071",0.000285567422468445,3.75368674174496,1,1,0.186587570389387,64.3
"01073",0,0,0,0,0.292113817086897,92.49
"01075",0,0,0,0,0.127647575660103,30.1
"01077",2.78148642634624e-05,0.365616940149157,1,0,0.240779269418509,82.28
"01079",0,0,0,0,0.151302583610032,44.93
"01081",3.84679497865029e-05,0.505648129774546,1,0,0.220213889315137,77
"01083",0,0,0,0,0.182414335012008,61.92
"01085",0,0,0,0,0.10062943912873,13.65
"01087",0.000425471564317118,5.59267915142923,1,1,0.0932250151555084,10.28
"01089",1.18854715957038e-05,0.156230485825496,1,0,0.186532572053743,64.24
"01091",0,0,0,0,0.144428927813819,40.73
"01093",0,0,0,0,0.131543901926047,32.77
"01095",0,0,0,0,0.202571395755121,70.79
"01097",1.9960378648383e-05,0.262372395439902,1,0,0.310042416626073,95.07
"01099",0,0,0,0,0.13773719678124,36.49
"01101",0,0,0,0,0.212123036855405,74.55
"01103",0,0,0,0,0.240282205106577,82.09
"01105",0,0,0,0,0.0868026749489675,7.57
"01107",0,0,0,0,0.120946399341335,25.68
"01109",0,0,0,0,0.118698250422874,24.24
"01111",0,0,0,0,0.153942095171807,46.33
"01113",0,0,0,0,0.170337441182644,55.71
"01115",0.000115942028985507,1.5240185776513,1,1,0.256993611138226,85.65
"01117",2.01808201485308e-05,0.265270024060431,1,0,0.311765754154796,95.26
"01119",0,0,0,0,0.109481808886097,18.61
"01121",0,0,0,0,0.163578131926593,51.83
"01123",0,0,0,0,0.151224541982796,44.86
"01125",7.04653354590376e-05,0.926242892760039,1,0,0.201135448259124,70.38
"01127",0,0,0,0,0.201086090660251,70.31
"01129",0,0,0,0,0.0793618218559881,5.22
"01131",0.000607718018839259,7.9882468746536,1,1,0.157761274350795,48.78
"01133",0,0,0,0,0.139943417875857,37.8
"02013",0,0,0,0,0.0420346701608271,0.35
"02016",0,0,0,0,0.0535097034080195,0.83
"02020",0,0,0,0,0.289851400253481,92.11
"02050",0,0,0,0,0.0726860306435396,3.66
"02060",0,0,0,0,0.0633391932794614,1.85
"02063",0,0,0,0,0.145762254868471,41.2
"02066",0,0,0,0,0.131197962194549,32.45
"02068",0,0,0,0,0.070657107588932,3.09
"02070",0,0,0,0,0.0629470037783814,1.69
"02090",0,0,0,0,0.215275236622252,75.53
"02100",0,0,0,0,0.141888826100534,39.2
"02105",0,0,0,0,0.0899428769960462,8.72
"02110",0,0,0,0,0.181051590297677,61.15
"02122",0,0,0,0,0.262430785632044,87.02
"02130",0,0,0,0,0.154323097754358,46.55
"02150",0,0,0,0,0.134737537024443,34.55
"02158",0,0,0,0,0.0394509471035529,0.19
"02164",0,0,0,0,0.0524633503728836,0.8
"02170",0.00044975404075896,5.91186405385467,1,1,0.284520284334826,91.28
"02180",0,0,0,0,0.0833965811903122,6.33
"02185",0,0,0,0,0.0626000066962973,1.65
"02188",0,0,0,0,0.0447239815791991,0.57
"02195",0,0,0,0,0.11983992343742,25.01
"02198",0,0,0,0,0.0907993534202893,9.07
"02220",0,0,0,0,0.160907474903759,50.56
"02230",0,0,0,0,0.100350069841891,13.52
"02240",0,0,0,0,0.116660954967998,23.04
"02275",0,0,0,0,0.0802673131932208,5.44
"02282",0,0,0,0,0.0806967710303624,5.5
"02290",0,0,0,0,0.0784867286670101,4.87
"04001",0.000214799699280421,2.823469065029,1,1,0.10247722524445,14.64
"04003",0.000441214035250679,5.79960858306684,1,1,0.220780049475269,77.22
"04005",5.40964539774418e-05,0.711079507302615,1,0,0.241215400589501,82.34
"04007",0.000165791655153357,2.179274976332,1,1,0.163757934678995,51.96
"04009",0,0,0,0,0.154800371074258,46.8
"04011",0,0,0,0,0.0424094904149664,0.41
"04012",0,0,0,0,0.126170481872966,29.02
"04013",5.35399344923154e-05,0.703764247758007,1,0,0.378336641003901,99.46
"04015",6.20308913839092e-05,0.815374991144625,1,0,0.296251496545854,93.16
"04017",0.000121999573001495,1.60364293558331,1,1,0.221609060382542,77.47
"04019",3.10899699315577e-05,0.408667091380961,1,0,0.270769943922422,88.67
"04021",7.61838424953473e-05,1.00141072478802,1,1,0.245851322621855,83.39
"04023",0.000240081627753436,3.15579142482264,1,1,0.180334385101032,60.58
"04025",0.000391649556723911,5.14810035324419,1,1,0.334370188555641,97.45
"04027",0,0,0,0,0.202926155445034,71.01
"05001",0,0,0,0,0.116577384238404,22.97
"05003",0,0,0,0,0.134293554823071,34.23
"05005",0,0,0,0,0.210519558351715,73.91
"05007",6.15369467828484e-06,0.080888225719013,1,0,0.253288640936384,85.05
"05009",0,0,0,0,0.215851209664352,75.82
"05011",0,0,0,0,0.105238722914824,16.64
"05013",0,0,0,0,0.0413166182867389,0.29
"05015",0,0,0,0,0.172574315779521,56.89
"05017",0,0,0,0,0.112134992662928,19.76
"05019",0,0,0,0,0.124652124616132,27.87
"05021",0,0,0,0,0.13015845351016,31.75
"05023",0.000380517503805175,5.00177329994007,1,1,0.196320894936057,67.96
"05025",0,0,0,0,0.0874813697848212,7.8
"05027",0,0,0,0,0.13602707939465,35.48
"05029",0,0,0,0,0.158486427450282,49.25
"05031",0,0,0,0,0.251887014928131,84.7
"05033",4.50734697557018e-05,0.592475445426958,1,0,0.202841655650623,70.98
"05035",0,0,0,0,0.17870510332753,59.97
"05037",0,0,0,0,0.126957919165363,29.56
"05039",0,0,0,0,0.1002019266185,13.46
"05041",0,0,0,0,0.101949162957493,14.22
"05043",0,0,0,0,0.149775393244267,43.75
"05045",0.0021260183251491,27.9457885316062,1,1,0.284665943014284,91.31
"05047",0,0,0,0,0.1195942137959,24.82
"05049",0,0,0,0,0.129211765755956,31.02
"05051",0,0,0,0,0.300809554071923,93.95
"05053",0,0,0,0,0.128219639432707,30.51
"05055",0,0,0,0,0.174730535548843,58.19
"05057",0,0,0,0,0.133914162903367,33.98
"05059",0,0,0,0,0.150408592864039,44.26
"05061",0,0,0,0,0.112851154550775,20.14
"05063",0,0,0,0,0.15776230800689,48.81
"05065",0,0,0,0,0.136078236888992,35.51
"05067",0,0,0,0,0.112610924919416,20.04
"05069",0,0,0,0,0.170921606885009,56.06
"05071",0,0,0,0,0.118458208921725,24.09
"05073",0,0,0,0,0.098592948688783,12.63
"05075",0,0,0,0,0.136823607368584,36.08
"05077",0,0,0,0,0.0922142054982958,9.83
"05079",0,0,0,0,0.0834732258326286,6.36
"05081",0,0,0,0,0.101216216802559,13.9
"05083",0,0,0,0,0.13898829493702,37.19
"05085",0,0,0,0,0.219325016304893,76.84
"05087",0,0,0,0,0.14611209831684,41.55
"05089",0,0,0,0,0.138114593091573,36.75
"05091",0,0,0,0,0.178175749223471,59.82
"05093",0,0,0,0,0.121229568599474,25.74
"05095",0,0,0,0,0.114847742344552,21.48
"05097",0,0,0,0,0.149310530219265,43.53
"05099",0,0,0,0,0.09234175646671,9.86
"05101",0,0,0,0,0.123568918380547,27.01
"05103",0,0,0,0,0.135287064308542,34.97
"05105",0,0,0,0,0.139669603642658,37.54
"05107",0,0,0,0,0.124847722935432,28.13
"05109",0,0,0,0,0.141563317174494,38.91
"05111",0,0,0,0,0.111562818583942,19.47
"05113",0.00286204922724671,37.6206646601102,1,1,0.159938903526177,50.08
"05115",0,0,0,0,0.224611986437463,78.46
"05117",0,0,0,0,0.100352964494437,13.55
"05119",0,0,0,0,0.282310123928379,90.96
"05121",0,0,0,0,0.117625378724145,23.7
"05123",0,0,0,0,0.134693395705954,34.49
"05125",0,0,0,0,0.265203557180163,87.66
"05127",0,0,0,0,0.0861076838542824,7.41
"05129",0,0,0,0,0.150135674387752,44
"05131",0.00033707713673197,4.43076443439889,1,1,0.282910192484994,91.19
"05133",0,0,0,0,0.121477598589897,25.9
"05135",0,0,0,0,0.169007878812327,54.69
"05137",0,0,0,0,0.166403178541627,53.32
"05139",0,0,0,0,0.194312562763404,66.82
"05141",0,0,0,0,0.158841248476934,49.38
"05143",4.37818786804142e-05,0.575497919583306,1,0,0.282589403136931,91.03
"05145",0,0,0,0,0.222016380126384,77.57
"05147",0,0,0,0,0.0672945321306499,2.45
"05149",0,0,0,0,0.118838199446486,24.37
"06001",4.0835586852756e-05,0.536769914563706,1,0,0.324076548850164,96.4
"06003",0.00310077519379845,40.7586363790465,1,1,0.151303182415752,44.96
"06005",0,0,0,0,0.186038599579344,63.92
"06007",0,0,0,0,0.29061761136639,92.33
"06009",0,0,0,0,0.244475778883029,83.07
"06011",0,0,0,0,0.104079485873058,15.81
"06013",2.52361298788895e-05,0.331720352834746,1,0,0.327353870765224,96.82
"06015",0,0,0,0,0.137763024449503,36.53
"06017",7.20855800005767e-05,0.947540456751715,1,0,0.288853336956299,91.89
"06019",8.41341856126336e-06,0.110591528379449,1,0,0.264946126957579,87.62
"06021",0,0,0,0,0.153957082180651,46.36
"06023",0.000369586399220509,4.85808764421152,1,1,0.266753488747905,88.1
"06025",0,0,0,0,0.155678460787593,47.31
"06027",0,0,0,0,0.15823066593623,49
"06029",7.72419475269703e-06,0.101531915591873,1,0,0.212449654072525,74.67
"06031",0,0,0,0,0.115772486217151,22.21
"06033",0,0,0,0,0.184768961507952,63
"06035",0,0,0,0,0.116221285084129,22.49
"06037",0.000230122612144802,3.02488354839954,1,1,0.37277125904074,99.27
"06039",0,0,0,0,0.186261496682214,64.11
"06041",3.00428862200792e-05,0.394903531758861,1,0,0.304192344094418,94.15
"06043",0,0,0,0,0.128097517049735,30.38
"06045",0,0,0,0,0.245532449973573,83.26
"06047",3.13932316192629e-05,0.412653363227303,1,0,0.183556612873632,62.49
"06049",0.000627155848228285,8.24375053762465,1,1,0.132804998309774,33.5
"06051",0,0,0,0,0.138032955443797,36.68
"06053",1.32342820843112e-05,0.173960141415925,1,0,0.169118142784585,54.92
"06055",0,0,0,0,0.201131879421151,70.35
"06057",2.37180399411793e-05,0.311765576401558,1,0,0.334965111816745,97.49
"06059",0.000149907898312835,1.97048838945178,1,1,0.40352400165656,99.84
"06061",4.72828887953738e-05,0.621517508014095,1,0,0.294250001361596,92.97
"06063",0,0,0,0,0.168212005230613,54.37
"06065",3.73794900814561e-05,0.491340696775219,1,0,0.353725070577922,98.41
"06067",5.45324523863525e-05,0.716810558249545,1,0,0.259627810775824,86.38
"06069",0,0,0,0,0.20279031165145,70.89
"06071",4.04900332225914e-05,0.532227729503174,1,0,0.337591994554326,97.68
"06073",0.00011909954130135,1.56552300422218,1,1,0.34586811608233,98.09
"06075",0.000115768127889433,1.52173270682939,1,1,0.226827885184327,79.1
"06077",2.18783501223625e-05,0.287583478800496,1,0,0.276400168216389,89.95
"06079",2.84317070396907e-05,0.373725128859391,1,0,0.312906413423663,95.39
"06081",1.07132220443827e-05,0.140821663765981,1,0,0.200595810409478,70.16
"06083",0.000364548102122075,4.79186094070352,1,1,0.260325260444104,86.54
"06085",9.76083513705433e-06,0.128302861459513,1,0,0.171175823342127,56.19
"06087",3.29318393255559e-05,0.432877838757235,1,0,0.30797349139793,94.75
"06089",1.25461069430156e-05,0.164914313003318,1,0,0.310145056733391,95.1
"06091",0.00112359550561798,14.769281159823,1,1,0.174339263116134,57.94
"06093",0,0,0,0,0.19547905746573,67.58
"06095",1.18625369221462e-05,0.155929017334043,1,0,0.326748524863756,96.75
"06097",0.000600006760639556,7.88688500565542,1,1,0.370314274624307,99.17
"06099",9.01859634566476e-06,0.118546384735507,1,0,0.303519882231994,94.08
"06101",2.71304159092759e-05,0.356620099086858,1,0,0.231762749862237,80.59
"06103",4.51936548108646e-05,0.594055237142066,1,0,0.169228190508611,55.04
"06105",0,0,0,0,0.169069912183161,54.76
"06107",1.02841510947479e-05,0.135181671917506,1,0,0.202213703252996,70.66
"06109",4.80907954217563e-05,0.632137166117269,1,0,0.224014469956562,78.27
"06111",8.03011032335441e-05,1.05553071827917,1,1,0.369664631806266,99.14
"06113",0,0,0,0,0.221901393973547,77.54
"06115",7.01090195253619e-05,0.921559240876538,1,0,0.13799829053648,36.65
"08001",9.65748132886943e-05,1.26944310767214,1,1,0.325813737846985,96.66
"08003",0,0,0,0,0.167477686445763,53.71
"08005",2.37284203199646e-05,0.311902022953773,1,0,0.304988611843974,94.3
"08007",0,0,0,0,0.217753411309897,76.23
"08009",0.00193673337637185,25.4577021928518,1,1,0.121562029078674,25.96
"08011",0.00137174211248285,18.0310839948457,1,1,0.0912163066296189,9.26
"08013",3.64971828736969e-05,0.479743068308766,1,0,0.296428307855316,93.22
"08014",0,0,0,0,0.207198508830389,72.86
"08015",0,0,0,0,0.242348097257887,82.63
"08017",0.00102669404517454,13.4955443862859,1,1,0.131751107967782,32.8
"08019",0,0,0,0,0.148728429718039,43.27
"08021",0,0,0,0,0.129194487459899,30.99
"08023",0,0,0,0,0.0963015718268756,11.61
"08025",0,0,0,0,0.0535922933900595,0.89
"08027",0,0,0,0,0.167645916911775,53.87
"08029",9.09008271975275e-05,1.19486048834129,1,1,0.267366818947208,88.26
"08031",6.45705974555956e-06,0.0848758564546706,1,0,0.324809272739954,96.44
"08033",0.00125470514429109,16.4926728133532,1,1,0.191046567639493,65.89
"08035",1.18967599174365e-05,0.156378866979264,1,0,0.279485544762922,90.55
"08037",0,0,0,0,0.217968180876471,76.33
"08039",0,0,0,0,0.247373891838432,83.71
"08041",7.3227885178676e-05,0.962555670199363,1,0,0.267682579744001,88.36
"08043",0,0,0,0,0.208939060879157,73.56
"08045",3.1646571094022e-05,0.415983424546425,1,0,0.277090587519063,90.07
"08047",0,0,0,0,0.0510199259682478,0.73
"08049",0,0,0,0,0.183132490682669,62.3
"08051",0,0,0,0,0.222134131129196,77.7
"08053",0,0,0,0,0.103995023591759,15.75
"08055",0,0,0,0,0.114977840610642,21.54
"08057",0,0,0,0,0.129418466667443,31.15
"08059",6.42616161796469e-05,0.844697110656236,1,0,0.342499773080218,97.87
"08061",0,0,0,0,0.117229320455599,23.39
"08063",0,0,0,0,0.130402295488387,31.88
"08065",0,0,0,0,0.125445087007891,28.54
"08067",0.000128638044701721,1.69090339054414,1,1,0.319811836480495,95.99
"08069",1.00234046498574e-05,0.131754248492655,1,0,0.333027655733616,97.2
"08071",0,0,0,0,0.143143410871293,40.03
"08073",0,0,0,0,0.116105900109325,22.43
"08075",0,0,0,0,0.158313715776463,49.09
"08077",2.65438570878734e-05,0.348909982673298,1,0,0.356778699419435,98.6
"08079",0,0,0,0,0.0856569204033227,7.19
"08081",0,0,0,0,0.169312516772948,55.11
"08083",0,0,0,0,0.259765915776189,86.45
"08085",5.09632045663031e-05,0.669894008370324,1,0,0.305867766460904,94.37
"08087",0,0,0,0,0.141647427436073,38.98
"08089",0,0,0,0,0.152910330358872,45.82
"08091",0,0,0,0,0.183271557293632,62.33
"08093",0,0,0,0,0.231998846570019,80.66
"08095",0,0,0,0,0.0849316380979729,6.97
"08097",0,0,0,0,0.157845807469071,48.87
"08099",0,0,0,0,0.120582801779981,25.45
"08101",0.000141224985524439,1.85635445102212,1,1,0.265675019873977,87.85
"08103",0.00029868578255675,3.92612312790995,1,1,0.104103398506866,15.84
"08105",0,0,0,0,0.143136945255914,39.99
"08107",0,0,0,0,0.258921305573142,86.1
"08109",0,0,0,0,0.109036137312686,18.39
"08111",0,0,0,0,0.144345855109859,40.69
"08113",0,0,0,0,0.171465605464069,56.35
"08115",0,0,0,0,0.0990344828181026,12.73
"08117",0,0,0,0,0.193783487290522,66.66
"08119",0,0,0,0,0.184865058766319,63.12
"08121",0,0,0,0,0.134058258960537,34.11
"08123",7.17735973644735e-06,0.094343955100178,1,0,0.317522466020201,95.8
"08125",0,0,0,0,0.113981529976813,21.03
"09110",5.25972523195388e-06,0.0691373010889866,1,0,0.263752623928112,87.31
"09120",0,0,0,0,0.309112137130514,95
"09130",1.19704569123403e-05,0.157347588937412,1,0,0.282491110651325,91
"09140",6.83157026270015e-05,0.897986699558851,1,0,0.308442075738095,94.85
"09150",0,0,0,0,0.263279141951163,87.18
"09160",0.000112052350858321,1.47289008025666,1,1,0.29821066581459,93.51
"09170",6.36195044676797e-06,0.0836256770371283,1,0,0.27234377619978,89.12
"09180",0,0,0,0,0.21003792653966,73.78
"09190",0.000309257399351443,4.06508343878165,1,1,0.329526578153862,96.91
"10001",0,0,0,0,0.212201646313582,74.58
"10003",0.000190966380823338,2.51018819170381,1,1,0.245152677425523,83.2
"10005",0,0,0,0,0.282706276941252,91.06
"11001",0,0,0,0,0.127380973057004,29.81
"12001",6.42925568506934e-06,0.08451038152645,1,0,0.19229813026596,66.27
"12003",0,0,0,0,0.12367970004729,27.14
"12005",0,0,0,0,0.294829487419176,93.03
"12007",0,0,0,0,0.14943398491018,43.62
"12009",1.49978440599164e-05,0.197141564383757,1,0,0.298899354614507,93.57
"12011",2.44153043265954e-05,0.320930879839897,1,0,0.393347777664376,99.71
"12013",0,0,0,0,0.116400895227438,22.84
"12015",4.81131621573942e-05,0.632431169257734,1,0,0.293922756240268,92.9
"12017",0,0,0,0,0.26439479042092,87.5
"12019",9.24228654169041e-05,1.21486716359548,1,1,0.297579377100681,93.41
"12021",1.02697345787098e-05,0.134992171712453,1,0,0.317461560486522,95.74
"12023",0.00168394267110729,22.1348542622802,1,1,0.235445776368699,81.51
"12027",0,0,0,0,0.163584037706227,51.86
"12029",0,0,0,0,0.128594386060694,30.73
"12031",0.000222446434104216,2.92398279617384,1,1,0.337135255239359,97.61
"12033",5.24389959680239e-05,0.689292784919608,1,0,0.270977210353479,88.74
"12035",0,0,0,0,0.260456277732972,86.57
"12037",0,0,0,0,0.165034067801284,52.56
"12039",4.35900788980428e-05,0.572976776611416,1,0,0.130030303098213,31.63
"12041",0.000209819555182543,2.75800676295478,1,1,0.138351369924794,36.81
"12043",0,0,0,0,0.126391392586408,29.21
"12045",0,0,0,0,0.164228513831927,52.18
"12047",0,0,0,0,0.0997021319408864,13.08
"12049",0,0,0,0,0.138915268468074,37.13
"12051",0,0,0,0,0.180842879911598,60.96
"12053",0.000314685314685315,4.13643154161477,1,1,0.283617506609972,91.22
"12055",0,0,0,0,0.258921269747193,86.06
"12057",2.06049852617119e-05,0.270845530355568,1,0,0.351267149998559,98.35
"12059",0,0,0,0,0.147242450790581,42.22
"12061",0,0,0,0,0.308102982344242,94.78
"12063",0,0,0,0,0.157154498036094,48.46
"12065",0,0,0,0,0.151869893812277,45.28
"12067",0,0,0,0,0.0929692182770825,10.05
"12069",0.000104839857118252,1.37808430061627,1,1,0.3299471814862,96.98
"12071",3.88491100565404e-05,0.510658352018219,1,0,0.324817947845162,96.47
"12073",1.67246454375167e-05,0.219839781780882,1,0,0.214937187331123,75.41
"12075",0.000186497575531518,2.45144726449879,1,1,0.22708373021768,79.22
"12077",0,0,0,0,0.066458885135545,2.23
"12079",0,0,0,0,0.131812045911412,32.83
"12081",1.24151116739295e-05,0.163192424699151,1,0,0.337177158376778,97.65
"12083",2.98135905252409e-05,0.391889517757496,1,0,0.339362001514493,97.74
"12085",0,0,0,0,0.306894813551071,94.59
"12086",5.80469018967326e-05,0.763006802966862,1,0,0.385383462690222,99.59
"12087",0,0,0,0,0.220627989318482,77.09
"12089",0,0,0,0,0.272848968995925,89.25
"12091",0,0,0,0,0.200033031847494,69.93
"12093",0,0,0,0,0.190673237347124,65.73
"12095",2.11908282242568e-05,0.27854623704767,1,0,0.289693015475489,92.01
"12097",3.67641652328642e-05,0.483252460708023,1,0,0.276023519565923,89.85
"12099",1.95318858035743e-05,0.256740002582945,1,0,0.350285474717565,98.25
"12101",0.000228089867407759,2.99816380949223,1,1,0.346833609465253,98.15
"12103",0.000922043557907592,12.1199492880233,1,1,0.392513641010675,99.68
"12105",1.37135177572913e-05,0.180259531508418,1,0,0.317688472536214,95.83
"12107",0,0,0,0,0.203708350610929,71.4
"12109",1.76105945336715e-05,0.231485281632898,1,0,0.299795298460275,93.73
"12111",0.000352240056358409,4.63007586101724,1,1,0.328818269581549,96.88
"12113",1.95951639135461e-05,0.257571771838663,1,0,0.286417881678057,91.44
"12115",3.32055709460742e-05,0.436475947903768,1,0,0.333931988317159,97.36
"12117",8.41492302449163e-05,1.10611304037417,1,1,0.364345504530761,98.92
"12119",0,0,0,0,0.207847707289818,73.11
"12121",0,0,0,0,0.166493215789334,53.42
"12123",0,0,0,0,0.132113421291115,33.03
"12125",0,0,0,0,0.079621703761399,5.25
"12127",8.03030732458502e-05,1.05555661342158,1,1,0.357536618682125,98.7
"12129",0,0,0,0,0.172076759919236,56.57
"12131",0,0,0,0,0.277752973663399,90.2
"12133",0,0,0,0,0.141784211824912,39.1
"13001",0,0,0,0,0.131839412084982,32.87
"13003",0,0,0,0,0.10484002965362,16.29
"13005",0,0,0,0,0.117630452655726,23.74
"13007",0.00366748166259169,48.2078003627475,1,1,0.118879977039617,24.44
"13009",0,0,0,0,0.158240833799582,49.03
"13011",0,0,0,0,0.12951778256808,31.28
"13013",0,0,0,0,0.24875284065698,84
"13015",0,0,0,0,0.247610767842468,83.77
"13017",0,0,0,0,0.10588770008245,16.93
"13019",0,0,0,0,0.122550469623877,26.47
"13021",0,0,0,0,0.250986331717529,84.47
"13023",0.00107845780533837,14.1759614259827,1,1,0.117865435259576,23.83
"13025",0,0,0,0,0.107210055045648,17.69
"13027",0,0,0,0,0.115180923828034,21.76
"13029",0,0,0,0,0.192912642800221,66.53
"13031",0,0,0,0,0.228497619827479,79.57
"13033",0,0,0,0,0.126825624337678,29.46
"13035",0,0,0,0,0.125750845296918,28.73
"13037",0,0,0,0,0.0727659056145708,3.69
"13039",4.95221116228396e-05,0.650951331265414,1,0,0.137867502800101,36.56
"13043",0,0,0,0,0.128602366780618,30.77
"13045",0,0,0,0,0.194857027426691,67.29
"13047",0,0,0,0,0.215328667958718,75.6
"13049",0,0,0,0,0.10709096051955,17.59
"13051",0.00014769412546616,1.94138909755086,1,1,0.269503379796101,88.51
"13053",0.000160754474332869,2.11306294591831,1,1,0.0395910099799997,0.22
"13055",0,0,0,0,0.112003303533253,19.63
"13057",0.000173246171259615,2.27726205774454,1,1,0.326047455358618,96.69
"13059",0,0,0,0,0.183316123385922,62.36
"13061",0,0,0,0,0.0866574735602562,7.51
"13063",0,0,0,0,0.188664534814966,65.03
"13065",0.00104022191400832,13.6733636257724,1,1,0.126959409407123,29.59
"13067",3.73733976155772e-05,0.491260613381265,1,0,0.322967758416232,96.31
"13069",0,0,0,0,0.160394172377511,50.33
"13071",0,0,0,0,0.161095649822403,50.62
"13073",0,0,0,0,0.246318812330853,83.49
"13075",0,0,0,0,0.130565831326991,31.94
"13077",0,0,0,0,0.241575303453737,82.47
"13079",0,0,0,0,0.102807466060094,14.79
"13081",0,0,0,0,0.143511771902804,40.22
"13083",0.00326295585412668,42.8904460553018,1,1,0.116260006736595,22.56
"13085",0,0,0,0,0.172745434477645,57.08
"13087",0,0,0,0,0.160101303791152,50.17
"13089",8.44991873994812e-06,0.111071310826677,1,0,0.268336546927108,88.39
"13091",0,0,0,0,0.12746149824996,29.84
"13093",0,0,0,0,0.0945998375573233,10.72
"13095",0,0,0,0,0.204286199655122,71.65
"13097",0,0,0,0,0.232996430671093,80.78
"13099",0,0,0,0,0.0999233403337122,13.2
"13101",0,0,0,0,0.0823078262102884,6.01
"13103",0,0,0,0,0.17286619338888,57.14
"13105",0,0,0,0,0.138107437037449,36.72
"13107",0,0,0,0,0.139638304421528,37.51
"13109",0,0,0,0,0.105639813939741,16.8
"13111",0,0,0,0,0.204699856893152,72
"13113",0,0,0,0,0.295123733066934,93.06
"13115",0,0,0,0,0.178150828521868,59.72
"13117",0,0,0,0,0.308969580171075,94.97
"13119",0,0,0,0,0.148836130126938,43.37
"13121",4.08477264836235e-05,0.536929485886804,1,0,0.271148307659912,88.8
"13123",0.000103874519580347,1.36539526667108,1,1,0.213312084166047,74.96
"13125",0.00531914893617021,69.9184054906516,1,1,0.11038245573192,18.9
"13127",0,0,0,0,0.233635703454474,80.94
"13129",0,0,0,0,0.13510099542927,34.78
"13131",0,0,0,0,0.143562502853536,40.25
"13133",0,0,0,0,0.144021996030801,40.6
"13135",6.03525932615212e-05,0.793314332557424,1,0,0.421985488366444,99.97
"13137",0,0,0,0,0.180356619908969,60.64
"13139",0,0,0,0,0.243256746337865,82.79
"13141",0.00107874865156419,14.179784500801,1,1,0.147319934037128,42.25
"13143",0,0,0,0,0.148824809811058,43.33
"13145",0,0,0,0,0.147530610703632,42.48
"13147",0,0,0,0,0.135524908978793,35.16
"13149",0,0,0,0,0.113051122590111,20.27
"13151",1.11671952472417e-05,0.146788987272105,1,0,0.202362810750624,70.76
"13153",0,0,0,0,0.148369268537189,43.14
"13155",0,0,0,0,0.0927374185237169,9.99
"13157",0,0,0,0,0.156330058116957,48.01
"13159",0,0,0,0,0.152126120978003,45.43
"13161",0,0,0,0,0.119503931497252,24.75
"13163",0,0,0,0,0.122938578832869,26.79
"13165",0,0,0,0,0.0932076754649191,10.24
"13167",0,0,0,0,0.114520746926646,21.35
"13169",0,0,0,0,0.14985382059954,43.78
"13171",0,0,0,0,0.128816956986835,30.86
"13173",0,0,0,0,0.107930241032392,17.85
"13175",0,0,0,0,0.187101749248291,64.49
"13177",0,0,0,0,0.178529785494564,59.88
"13179",0,0,0,0,0.0753682589439989,4.2
"13181",0,0,0,0,0.138462095772114,36.88
"13183",0,0,0,0,0.12721857019866,29.72
"13185",0,0,0,0,0.223572336065356,78.17
"13187",0,0,0,0,0.184261885547427,62.74
"13189",0,0,0,0,0.150318333786601,44.16
"13191",0,0,0,0,0.139129156742946,37.29
"13193",0,0,0,0,0.111395404267293,19.38
"13195",0,0,0,0,0.17351882752024,57.56
"13197",0,0,0,0,0.0829875094752174,6.27
"13199",0,0,0,0,0.136779159548866,36.02
"13201",0,0,0,0,0.0867655754372709,7.54
"13205",0,0,0,0,0.120479755480967,25.33
"13207",0,0,0,0,0.147367341986054,42.32
"13209",0,0,0,0,0.110243082192006,18.84
"13211",0,0,0,0,0.167915212338816,54.15
"13213",0,0,0,0,0.12599992021958,28.89
"13215",0,0,0,0,0.219150546024467,76.77
"13217",0.0001798830760006,2.36450191555854,1,1,0.231631564447322,80.56
"13219",0,0,0,0,0.224395106001882,78.43
"13221",0,0,0,0,0.124774910612922,28.03
"13223",0,0,0,0,0.27114810552207,88.77
"13225",0,0,0,0,0.129570698915589,31.31
"13227",0,0,0,0,0.215296157276593,75.56
"13229",0,0,0,0,0.147967960620424,42.79
"13231",0,0,0,0,0.167666316171731,53.9
"13233",0,0,0,0,0.156659614457559,48.2
"13235",0,0,0,0,0.0969658082608356,11.99
"13237",0,0,0,0,0.174543277549609,58.1
"13239",0,0,0,0,0.0671370975866408,2.35
"13241",0,0,0,0,0.170101148530429,55.58
"13243",0,0,0,0,0.104360720128153,16
"13245",0,0,0,0,0.190572053094486,65.64
"13247",0,0,0,0,0.246781271235905,83.61
"13249",0.00138888888888889,18.2564725447812,1,1,0.131326171758255,32.68
"13251",0,0,0,0,0.117597252370019,23.64
"13253",0,0,0,0,0.0914003343189486,9.35
"13255",0,0,0,0,0.184600571606897,62.9
"13257",0,0,0,0,0.154515631468295,46.68
"13259",0,0,0,0,0.0477691673984501,0.64
"13261",0,0,0,0,0.157393733630682,48.55
"13263",0,0,0,0,0.0930291025569674,10.12
"13265",0,0,0,0,0.0435507958925385,0.51
"13267",0,0,0,0,0.0976534546249923,12.28
"13269",0,0,0,0,0.116918500737273,23.16
"13271",0,0,0,0,0.109295604560297,18.55
"13273",0,0,0,0,0.121652572341421,26.09
"13275",0.000251963213370848,3.31197083078382,1,1,0.219400899205502,76.9
"13277",0,0,0,0,0.168829607188583,54.57
"13279",0.000142928607160723,1.87874797859537,1,1,0.154501662009221,46.64
"13281",0,0,0,0,0.136162031388172,35.57
"13283",0,0,0,0,0.111618097355639,19.5
"13285",0,0,0,0,0.138599438762465,36.97
"13287",0,0,0,0,0.130245535291847,31.78
"13289",0,0,0,0,0.0917006392047243,9.51
"13291",0,0,0,0,0.186796062502925,64.33
"13293",0,0,0,0,0.136470119464654,35.83
"13295",0,0,0,0,0.139803702480633,37.7
"13297",0,0,0,0,0.243128063918062,82.76
"13299",0,0,0,0,0.167481364113533,53.74
"13301",0.000983284169124877,12.9249363148894,1,1,0.148148848286183,42.92
"13303",0,0,0,0,0.129507824979983,31.24
"13305",0,0,0,0,0.157304035705981,48.49
"13307",0.00242130750605327,31.8272644848487,1,1,0.123909907256407,27.36
"13309",0.00150715900527506,19.8110930403052,1,1,0.126097484242567,28.99
"13311",0,0,0,0,0.207162387585021,72.8
"13313",0,0,0,0,0.184772197284718,63.03
"13315",0,0,0,0,0.0993742637252212,12.95
"13317",0,0,0,0,0.12501056602879,28.22
"13319",0,0,0,0,0.0841139129284837,6.65
"13321",0,0,0,0,0.153732586625854,46.23
"15001",6.82601622316522e-05,0.89725663993282,1,0,0.263151693479575,87.15
"15003",6.76583800389493e-05,0.889346417475926,1,0,0.252915018862485,84.95
"15007",0,0,0,0,0.208415181571891,73.37
"15009",2.34266102866246e-05,0.307934832610837,1,0,0.26684948741952,88.2
"16001",5.59407525274343e-05,0.735322185109084,1,0,0.397678452974625,99.81
"16003",0,0,0,0,0.141663601172752,39.01
"16005",0,0,0,0,0.289039020136245,91.92
"16007",0,0,0,0,0.157083625650335,48.39
"16009",0,0,0,0,0.147397059414465,42.35
"16011",0,0,0,0,0.211611674244782,74.29
"16013",0,0,0,0,0.25229487238874,84.76
"16015",0,0,0,0,0.155967412010917,47.57
"16017",0.00092487925187545,12.1572235217534,1,1,0.320475035201599,96.02
"16019",5.8430839797245e-05,0.768053536219378,1,0,0.356398874429786,98.57
"16021",0,0,0,0,0.18087577087044,60.99
"16023",0,0,0,0,0.02540388856482,0.1
"16025",0,0,0,0,0.124913280444382,28.16
"16027",3.89059642843248e-05,0.511405681525211,1,0,0.343732496503232,97.96
"16029",0.00024981264051961,3.28370228134961,1,1,0.132164394164519,33.12
"16031",0,0,0,0,0.172940331364677,57.24
"16033",0,0,0,0,0.072469879994975,3.56
"16035",0,0,0,0,0.147737951453208,42.63
"16037",0,0,0,0,0.14241304244207,39.55
"16039",0,0,0,0,0.128362121022316,30.61
"16041",0.00060557125555107,7.96002840063131,1,1,0.19868188374495,68.95
"16043",0,0,0,0,0.183451598011001,62.42
"16045",0.000536960801861464,7.05816729850143,1,1,0.246667365146484,83.58
"16047",0,0,0,0,0.120669914409181,25.49
"16049",0.000530222693531283,6.96959715389316,1,1,0.22225141834874,77.76
"16051",8.69716472429988e-05,1.14321275284767,1,1,0.21357423603917,75.02
"16053",0,0,0,0,0.138214745076895,36.78
"16055",4.8708019775456e-05,0.640250370533718,1,0,0.377381526188667,99.43
"16057",0,0,0,0,0.210663616177006,73.94
"16059",0.000309405940594059,4.06703596294632,1,1,0.202978219878879,71.11
"16061",0,0,0,0,0.109006750814951,18.33
"16063",0,0,0,0,0.105294889365237,16.7
"16065",3.58012315623657e-05,0.470595024783134,1,0,0.176580620083986,59.08
"16067",0,0,0,0,0.150825122125303,44.48
"16069",0,0,0,0,0.19986151749752,69.81
"16071",0,0,0,0,0.111871046698017,19.6
"16073",0.000227790432801822,2.99422784333542,1,1,0.131105091316875,32.36
"16075",0,0,0,0,0.183021622824805,62.2
"16077",0,0,0,0,0.0725104197888176,3.6
"16079",0,0,0,0,0.15663849989899,48.17
"16081",0,0,0,0,0.225243262552368,78.71
"16083",4.19375131054728e-05,0.551254360756657,1,0,0.29642711368255,93.19
"16085",0,0,0,0,0.198364073341398,68.76
"16087",0,0,0,0,0.156945951287095,48.36
"17001",0,0,0,0,0.228405176938118,79.45
"17003",0,0,0,0,0.065706323154401,2.13
"17005",0,0,0,0,0.121929525155191,26.15
"17007",0,0,0,0,0.172715075888963,56.98
"17009",0.000207986688851913,2.73391435778754,1,1,0.0746176904317038,3.91
"17011",0,0,0,0,0.159474365023498,49.79
"17013",0.000983284169124877,12.9249363148894,1,1,0.127487396429864,29.88
"17015",0,0,0,0,0.135334762262298,35
"17017",0.000173160173160173,2.27613164194675,1,1,0.115163541793598,21.73
"17019",0,0,0,0,0.172924597601801,57.21
"17021",0,0,0,0,0.152474252237698,45.59
"17023",0,0,0,0,0.118832631889422,24.34
"17025",0,0,0,0,0.115640526698729,22.11
"17027",0,0,0,0,0.167632881751196,53.83
"17029",0,0,0,0,0.138600937216192,37
"17031",4.90889757108454e-05,0.645257906867868,1,0,0.36486804425705,98.95
"17033",0,0,0,0,0.131048687544873,32.26
"17035",0,0,0,0,0.0958271790485208,11.26
"17037",0,0,0,0,0.215746259879408,75.79
"17039",0,0,0,0,0.10821604659838,17.98
"17041",0.000115928587989798,1.52384190032953,1,1,0.173659133985163,57.78
"17043",2.99315166898137e-06,0.0393439617123297,1,0,0.374038511652605,99.3
"17045",0,0,0,0,0.0791002582518534,5.06
"17047",0.000445831475702185,5.86030326894449,1,1,0.121516852362394,25.93
"17049",0,0,0,0,0.203217511646652,71.21
"17051",0,0,0,0,0.17797353294251,59.53
"17053",0,0,0,0,0.106502624345818,17.24
"17055",0,0,0,0,0.166314707337246,53.26
"17057",0,0,0,0,0.159550195868561,49.83
"17059",0.000865800865800866,11.3806582097338,1,1,0.110468403475357,18.93
"17061",0,0,0,0,0.0945196283993531,10.69
"17063",0,0,0,0,0.162562036082886,51.32
"17065",0,0,0,0,0.113678923585501,20.78
"17067",0,0,0,0,0.142596094005736,39.61
"17069",0,0,0,0,0.0577567984675699,1.21
"17071",0.000660501981505945,8.68207412961856,1,1,0.121652496940379,26.06
"17073",0,0,0,0,0.17044577126702,55.84
"17075",0,0,0,0,0.139887556745879,37.77
"17077",0,0,0,0,0.161338834258953,50.78
"17079",0,0,0,0,0.119009640199321,24.53
"17081",0,0,0,0,0.14089040674356,38.43
"17083",0,0,0,0,0.136349076109279,35.76
"17085",0,0,0,0,0.20206740627252,70.6
"17087",0,0,0,0,0.0963800209484333,11.71
"17089",8.58615996874638e-06,0.112862155488853,1,0,0.368766012312873,99.05
"17091",0.000241742302705316,3.1776204328213,1,1,0.224915403611295,78.59
"17093",0,0,0,0,0.242955501120884,82.69
"17095",0,0,0,0,0.159065186611373,49.57
"17097",0.000527281433775066,6.93093529374292,1,1,0.268527498311112,88.42
"17099",0,0,0,0,0.240760601631244,82.25
"17101",0,0,0,0,0.0912170107006318,9.29
"17103",0,0,0,0,0.158428439730899,49.19
"17105",0,0,0,0,0.146837180878154,42.13
"17107",0,0,0,0,0.118022707751137,23.89
"17109",0,0,0,0,0.119281293100063,24.63
"17111",7.41901679479927e-05,0.975204550249371,1,0,0.322456906903252,96.25
"17113",0,0,0,0,0.157692808986532,48.74
"17115",0,0,0,0,0.200814297318555,70.22
"17117",0,0,0,0,0.150005601302444,43.91
"17119",0,0,0,0,0.254578194531701,85.4
"17121",0,0,0,0,0.151697442167066,45.24
"17123",0,0,0,0,0.0944860613326608,10.63
"17125",0,0,0,0,0.113770345677904,20.84
"17127",0,0,0,0,0.106555137184864,17.31
"17129",0,0,0,0,0.132646618461674,33.34
"17131",0,0,0,0,0.115378140563691,21.92
"17133",0,0,0,0,0.189267556445004,65.19
"17135",0,0,0,0,0.140610716504316,38.18
"17137",0,0,0,0,0.153224651721939,46.01
"17139",0,0,0,0,0.125370005450579,28.48
"17141",0,0,0,0,0.172526318178066,56.82
"17143",0,0,0,0,0.196387079007217,67.99
"17145",0,0,0,0,0.114991869987333,21.57
"17147",0,0,0,0,0.132126320102793,33.06
"17149",0.000216403375892664,2.84454884921932,1,1,0.165071378205834,52.62
"17151",0.00122100122100122,16.0496461932143,1,1,0.103472808062256,15.34
"17153",0,0,0,0,0.0639510798993821,1.88
"17155",0.000401123144805455,5.27262744975632,1,1,0.116660631270562,23
"17157",0,0,0,0,0.131090887399919,32.33
"17159",0,0,0,0,0.139994701540423,37.83
"17161",0,0,0,0,0.211837340449219,74.42
"17163",9.51918591922019e-05,1.25126464595696,1,1,0.280204873477306,90.77
"17165",0,0,0,0,0.112993630937066,20.2
"17167",0,0,0,0,0.14901351957705,43.4
"17169",0,0,0,0,0.0917303002152867,9.58
"17171",0.000802568218298555,10.5494865427307,1,1,0.134934057710719,34.65
"17173",0,0,0,0,0.130911303873201,32.2
"17175",0,0,0,0,0.0859907616639823,7.38
"17177",0,0,0,0,0.169096914720016,54.85
"17179",0,0,0,0,0.208696729991578,73.53
"17181",0,0,0,0,0.108497125305298,18.07
"17183",0,0,0,0,0.170120073562826,55.62
"17185",0,0,0,0,0.105122210361529,16.45
"17187",0,0,0,0,0.0938795153792021,10.47
"17189",0,0,0,0,0.113893719422767,20.9
"17191",0,0,0,0,0.145607886235557,41.14
"17193",0,0,0,0,0.109180130701981,18.52
"17195",0.000392618767177071,5.16084029534452,1,1,0.210379979169009,73.88
"17197",1.72716941113886e-05,0.227030550729427,1,0,0.333722961059837,97.26
"17199",0,0,0,0,0.177815932381075,59.5
"17201",1.4542070209115e-05,0.191150571972232,1,0,0.253731304063382,85.17
"17203",0,0,0,0,0.144829100777989,40.85
"18001",0,0,0,0,0.192679752470019,66.5
"18003",4.11652510394226e-05,0.541103238288177,1,0,0.3217659512501,96.15
"18005",0,0,0,0,0.167446009558478,53.64
"18007",0.0100250626566416,131.776042428496,1,1,0.171271698666719,56.25
"18009",0,0,0,0,0.123901298205318,27.33
"18011",0,0,0,0,0.186214807053468,63.98
"18013",0,0,0,0,0.187319138607008,64.59
"18015",0,0,0,0,0.146768006574507,42.06
"18017",0,0,0,0,0.145640510122341,41.17
"18019",0.00010926061779075,1.43619369762432,1,1,0.273575468384508,89.31
"18021",0,0,0,0,0.146835450877687,42.09
"18023",0,0,0,0,0.14299920551971,39.87
"18025",0,0,0,0,0.11321031647551,20.49
"18027",0.00112026359143328,14.7254842799422,1,1,0.188844748823899,65.1
"18029",0,0,0,0,0.195278137368397,67.52
"18031",0,0,0,0,0.160642474046203,50.4
"18033",0.000289687137891078,3.807839001229,1,1,0.18274982179898,62.11
"18035",0,0,0,0,0.240630297893488,82.18
"18037",0,0,0,0,0.174636659068035,58.16
"18039",0.000255924655781338,3.3640426452993,1,1,0.269964569957079,88.64
"18041",0,0,0,0,0.141838302272086,39.13
"18043",0,0,0,0,0.213165245672784,74.9
"18045",0,0,0,0,0.140284685276018,37.96
"18047",0,0,0,0,0.16567082184602,52.88
"18049",0,0,0,0,0.17746597887367,59.31
"18051",0,0,0,0,0.115852169828966,22.27
"18053",0,0,0,0,0.159719607861496,49.95
"18055",0,0,0,0,0.178154240781152,59.75
"18057",0,0,0,0,0.288467510970632,91.79
"18059",0.000214152415333313,2.81496073747048,1,1,0.238509165129279,81.9
"18061",0,0,0,0,0.180776179718374,60.83
"18063",0,0,0,0,0.17776147003854,59.47
"18065",0,0,0,0,0.183556602454025,62.46
"18067",0,0,0,0,0.198726357867253,69.04
"18069",0,0,0,0,0.181802583227294,61.6
"18071",0,0,0,0,0.169383628139709,55.14
"18073",0,0,0,0,0.15901969083268,49.51
"18075",0,0,0,0,0.130337536751663,31.82
"18077",0,0,0,0,0.155489062365856,47.09
"18079",0,0,0,0,0.134176468548454,34.17
"18081",0,0,0,0,0.2480753332298,83.9
"18083",0,0,0,0,0.151122753434484,44.73
"18085",0,0,0,0,0.226795527944565,79.06
"18087",0.0040174672489083,52.8082419810616,1,1,0.251770276703615,84.66
"18089",0,0,0,0,0.31027423304093,95.13
"18091",0,0,0,0,0.257841594231515,85.91
"18093",0,0,0,0,0.185188233315873,63.32
"18095",0.00145031014324602,19.0638340643438,1,1,0.253014874006917,84.98
"18097",1.17197228285551e-05,0.154051774597413,1,0,0.299952201231065,93.83
"18099",0,0,0,0,0.214355127213271,75.28
"18101",0,0,0,0,0.06476233997397,1.97
"18103",0,0,0,0,0.167235397099773,53.58
"18105",6.45719525267005e-05,0.848776376495971,1,0,0.184035142157465,62.68
"18107",0,0,0,0,0.163092333005216,51.67
"18109",0,0,0,0,0.230540914043509,80.08
"18111",0,0,0,0,0.123937610406118,27.43
"18113",0,0,0,0,0.206433280028595,72.45
"18115",0,0,0,0,0.117356030644093,23.54
"18117",0,0,0,0,0.1224554831311,26.38
"18119",0,0,0,0,0.132963592583201,33.57
"18121",0,0,0,0,0.158189276072076,48.97
"18123",0,0,0,0,0.124647068502986,27.84
"18125",0,0,0,0,0.116135957281522,22.46
"18127",9.98331360440407e-05,1.31227265321816,1,1,0.292567724012722,92.55
"18129",0,0,0,0,0.143732401584793,40.34
"18131",0,0,0,0,0.113071038863654,20.3
"18133",0,0,0,0,0.154423669770873,46.58
"18135",0,0,0,0,0.156386058307795,48.08
"18137",0,0,0,0,0.171917387558119,56.47
"18139",0,0,0,0,0.15946540365432,49.73
"18141",0,0,0,0,0.276277764917797,89.91
"18143",0,0,0,0,0.105538975532578,16.77
"18145",0,0,0,0,0.167883177738228,54.12
"18147",0,0,0,0,0.132656878683719,33.38
"18149",0,0,0,0,0.134155262552993,34.14
"18151",0,0,0,0,0.197396621324671,68.41
"18153",0,0,0,0,0.118569354513112,24.15
"18155",0,0,0,0,0.123520571054658,26.98
"18157",0,0,0,0,0.1803191255823,60.55
"18159",0,0,0,0,0.135127138438514,34.81
"18161",0.0116931711880262,153.702762304052,1,1,0.199842927819063,69.77
"18163",0.000235324879069159,3.09326557955765,1,1,0.302719007185544,94.02
"18165",0,0,0,0,0.104398384306651,16.04
"18167",0,0,0,0,0.240730480072227,82.21
"18169",0,0,0,0,0.181800496895915,61.57
"18171",0.00806747341400807,106.044196959785,1,1,0.188528645787015,65
"18173",0,0,0,0,0.22126577838092,77.31
"18175",0,0,0,0,0.168870564801578,54.63
"18177",0,0,0,0,0.194335674811098,66.88
"18179",0,0,0,0,0.166253829282573,53.2
"18181",0,0,0,0,0.157676182440592,48.71
"18183",0.00189691261119833,24.9342717644579,1,1,0.181591949698018,61.41
"19001",0,0,0,0,0.103130723626182,15.05
"19003",0,0,0,0,0.102117198748816,14.29
"19005",0,0,0,0,0.15577256580022,47.34
"19007",0,0,0,0,0.15430828768972,46.52
"19009",0,0,0,0,0.103464280256388,15.27
"19011",0,0,0,0,0.19913846803647,69.27
"19013",0,0,0,0,0.235541639116568,81.58
"19015",0,0,0,0,0.173370143097875,57.46
"19017",0,0,0,0,0.146108881418689,41.52
"19019",0,0,0,0,0.185606236696687,63.73
"19021",0,0,0,0,0.123040007833783,26.85
"19023",0,0,0,0,0.138684433274964,37.03
"19025",0,0,0,0,0.113931302025472,20.94
"19027",0,0,0,0,0.172203651748334,56.63
"19029",0,0,0,0,0.153289952746179,46.04
"19031",0,0,0,0,0.161893058573791,51.03
"19033",0,0,0,0,0.229072115428358,79.73
"19035",0,0,0,0,0.135232135462621,34.9
"19037",0,0,0,0,0.122758338628348,26.63
"19039",0,0,0,0,0.0917155625804659,9.55
"19041",0,0,0,0,0.215154614103826,75.47
"19043",0,0,0,0,0.168215244034568,54.41
"19045",0,0,0,0,0.186877955265953,64.37
"19047",0,0,0,0,0.130661879125407,32.04
"19049",0,0,0,0,0.152801304690391,45.72
"19051",0,0,0,0,0.150864018771322,44.61
"19053",0,0,0,0,0.137059199376365,36.24
"19055",0,0,0,0,0.165271789798235,52.69
"19057",0,0,0,0,0.205412301875281,72.16
"19059",0,0,0,0,0.180335936222392,60.61
"19061",0.00098661028893587,12.9686570296966,1,1,0.290769861987039,92.36
"19063",0,0,0,0,0.133927772596935,34.08
"19065",0,0,0,0,0.144978290894946,40.92
"19067",0,0,0,0,0.135238020708869,34.93
"19069",0,0,0,0,0.126773494684364,29.4
"19071",0,0,0,0,0.0948305104652412,10.79
"19073",0,0,0,0,0.117290666373182,23.42
"19075",0,0,0,0,0.10795778526572,17.88
"19077",0,0,0,0,0.149044108353461,43.43
"19079",0,0,0,0,0.133920316127309,34.04
"19081",0,0,0,0,0.103443800108427,15.24
"19083",0,0,0,0,0.141154794230174,38.66
"19085",0.0091179385530228,119.852204297949,1,1,0.137629602376836,36.43
"19087",0,0,0,0,0.154305057553929,46.48
"19089",0,0,0,0,0.132744660128389,33.47
"19091",0,0,0,0,0.13132002247668,32.64
"19093",0,0,0,0,0.0993147284751899,12.85
"19095",0,0,0,0,0.122470570005293,26.44
"19097",0,0,0,0,0.173985353351026,57.87
"19099",0,0,0,0,0.211620964370208,74.32
"19101",0.00286020736503396,37.5964540071291,1,1,0.178727139638166,60.04
"19103",0,0,0,0,0.150368516739516,44.19
"19105",0.00497378679930098,65.3787375444243,1,1,0.185648841837782,63.76
"19107",0,0,0,0,0.116567407544725,22.94
"19109",0,0,0,0,0.151564349244153,45.18
"19111",0,0,0,0,0.156004016483099,47.63
"19113",0,0,0,0,0.302928564365244,94.05
"19115",0,0,0,0,0.0931636305694178,10.18
"19117",0,0,0,0,0.120755742805107,25.52
"19119",0,0,0,0,0.12014588771814,25.1
"19121",0,0,0,0,0.189908026950009,65.45
"19123",0,0,0,0,0.147441359714084,42.41
"19125",0,0,0,0,0.142801555113931,39.83
"19127",0,0,0,0,0.157993989699591,48.9
"19129",0,0,0,0,0.163067135728592,51.64
"19131",0,0,0,0,0.12811576375803,30.42
"19133",0,0,0,0,0.115990022351836,22.37
"19135",0,0,0,0,0.114911867906862,21.51
"19137",0,0,0,0,0.120531517484815,25.39
"19139",0,0,0,0,0.155653932442545,47.28
"19141",0,0,0,0,0.146503533596682,41.87
"19143",0,0,0,0,0.0972356093295777,12.03
"19145",0,0,0,0,0.12532156290541,28.44
"19147",0,0,0,0,0.108892071149051,18.23
"19149",0,0,0,0,0.143095500077537,39.96
"19151",0,0,0,0,0.087095381196479,7.67
"19153",0,0,0,0,0.318822904993474,95.9
"19155",0,0,0,0,0.205653059682219,72.22
"19157",0,0,0,0,0.102126662325923,14.35
"19159",0,0,0,0,0.113945825348381,20.97
"19161",0,0,0,0,0.136259334084134,35.67
"19163",0,0,0,0,0.306528871361479,94.43
"19165",0,0,0,0,0.138551908413263,36.94
"19167",0,0,0,0,0.161195785809387,50.68
"19169",3.37621121577366e-05,0.443791493036311,1,0,0.159399477756035,49.7
"19171",0,0,0,0,0.118907849298579,24.47
"19173",0,0,0,0,0.0810382561266393,5.57
"19175",0,0,0,0,0.124961862660735,28.19
"19177",0,0,0,0,0.125269162160921,28.41
"19179",0,0,0,0,0.1771714861911,59.24
"19181",0,0,0,0,0.199373452746643,69.42
"19183",0,0,0,0,0.187278143743175,64.56
"19185",0,0,0,0,0.102964475048499,14.89
"19187",0,0,0,0,0.173441027409759,57.52
"19189",0,0,0,0,0.123910989124822,27.39
"19191",0,0,0,0,0.165857050141675,53.04
"19193",0,0,0,0,0.254055718512943,85.21
"19195",0,0,0,0,0.111641700283599,19.54
"19197",0,0,0,0,0.0823837005017311,6.05
"20001",0,0,0,0,0.114646610703754,21.38
"20003",0,0,0,0,0.140956348183759,38.47
"20005",0.00218946139249745,28.7797260959915,1,1,0.142235293127235,39.39
"20007",0,0,0,0,0.0953935675758575,10.94
"20009",0,0,0,0,0.180816858458958,60.87
"20011",0,0,0,0,0.1366915057944,35.98
"20013",0,0,0,0,0.101063894945057,13.81
"20015",4.32675666320526e-05,0.568737462454245,1,0,0.198108323975606,68.63
"20017",0,0,0,0,0.074932496857091,4.01
"20019",0,0,0,0,0.0798690754191365,5.38
"20021",0,0,0,0,0.116376586468184,22.81
"20023",0,0,0,0,0.0720772790937995,3.44
"20025",0,0,0,0,0.0723433395689046,3.5
"20027",0,0,0,0,0.135547723511143,35.19
"20029",0,0,0,0,0.141551175612234,38.88
"20031",0,0,0,0,0.0920660558948273,9.8
"20033",0,0,0,0,0.0760292160243971,4.33
"20035",0,0,0,0,0.135387409889088,35.03
"20037",0,0,0,0,0.153513307987311,46.13
"20039",0,0,0,0,0.0772517846491803,4.52
"20041",0,0,0,0,0.134876800401201,34.58
"20043",0,0,0,0,0.0893625746173237,8.53
"20045",0.000203672901320479,2.67721108637275,1,1,0.234306571603883,81.23
"20047",0,0,0,0,0.0818610605537503,5.89
"20049",0,0,0,0,0.0836050186204946,6.43
"20051",0,0,0,0,0.185313849032518,63.41
"20053",0,0,0,0,0.0902029454767539,8.88
"20055",0,0,0,0,0.181713961696311,61.5
"20057",0,0,0,0,0.150215508851017,44.07
"20059",0,0,0,0,0.142133733258804,39.33
"20061",0,0,0,0,0.0643391438386074,1.94
"20063",0,0,0,0,0.066797552725144,2.29
"20065",0,0,0,0,0.0900360075175302,8.75
"20067",0,0,0,0,0.114505249417641,21.32
"20069",0,0,0,0,0.0848742968852499,6.94
"20071",0,0,0,0,0.0676222432529332,2.58
"20073",0,0,0,0,0.106372129587618,17.15
"20075",0,0,0,0,0.0589952619054079,1.27
"20077",0,0,0,0,0.113399839177028,20.62
"20079",0,0,0,0,0.160679710501262,50.43
"20081",0,0,0,0,0.068844151643728,2.77
"20083",0,0,0,0,0.0572674027106836,1.15
"20085",0,0,0,0,0.107050562790154,17.56
"20087",0,0,0,0,0.146568007950068,41.9
"20089",0,0,0,0,0.0713866161340566,3.28
"20091",5.82967157087788e-05,0.76629052064753,1,0,0.333175791136445,97.23
"20093",0,0,0,0,0.0547879875292521,0.95
"20095",0,0,0,0,0.098187585000283,12.5
"20097",0,0,0,0,0.0618817563589855,1.56
"20099",0,0,0,0,0.111439742172312,19.44
"20101",0,0,0,0,0.0547163744963997,0.92
"20103",0.000244849417608171,3.21846240252186,1,1,0.182511530497387,61.98
"20105",0,0,0,0,0.0900405933918536,8.78
"20107",0,0,0,0,0.135068891223502,34.74
"20109",0,0,0,0,0.0814167617741982,5.63
"20111",0,0,0,0,0.157378717904422,48.52
"20113",0,0,0,0,0.141467296001871,38.82
"20115",0,0,0,0,0.119576155490867,24.79
"20117",0,0,0,0,0.121596677420123,25.99
"20119",0,0,0,0,0.0843413185445735,6.71
"20121",0,0,0,0,0.185154431225634,63.28
"20123",0,0,0,0,0.11525980039409,21.83
"20125",0,0,0,0,0.147960326500604,42.76
"20127",0,0,0,0,0.116005375629866,22.4
"20129",0,0,0,0,0.063329718128997,1.81
"20131",0,0,0,0,0.120877786946659,25.61
"20133",0,0,0,0,0.156317822289606,47.95
"20135",0,0,0,0,0.0826388567889099,6.08
"20137",0,0,0,0,0.0972915213682049,12.09
"20139",0,0,0,0,0.129129925891304,30.96
"20141",0,0,0,0,0.093003456670996,10.09
"20143",0,0,0,0,0.0905910312687098,8.91
"20145",0,0,0,0,0.076870326143505,4.49
"20147",0,0,0,0,0.100056594250458,13.39
"20149",0,0,0,0,0.164788067151738,52.5
"20151",0,0,0,0,0.103791406979226,15.56
"20153",0,0,0,0,0.084109055121555,6.62
"20155",0,0,0,0,0.22620582409536,78.91
"20157",0,0,0,0,0.096058940306264,11.36
"20159",0,0,0,0,0.085946246352149,7.35
"20161",0,0,0,0,0.184801613691538,63.06
"20163",0,0,0,0,0.0963602977709754,11.64
"20165",0,0,0,0,0.0656066054143562,2.1
"20167",0,0,0,0,0.106009764320313,16.99
"20169",0,0,0,0,0.18644739769759,64.17
"20171",0,0,0,0,0.0969207360250887,11.96
"20173",0,0,0,0,0.298976610865231,93.6
"20175",0,0,0,0,0.126947743457816,29.53
"20177",0,0,0,0,0.211223074642803,74.16
"20179",0,0,0,0,0.0907782310373361,9.04
"20181",0,0,0,0,0.127786441064534,30.19
"20183",0,0,0,0,0.0810535465368322,5.6
"20185",0,0,0,0,0.0816355567059931,5.82
"20187",0,0,0,0,0.0604297811784692,1.43
"20189",0,0,0,0,0.0846808686308408,6.81
"20191",0,0,0,0,0.12948922917583,31.21
"20193",0,0,0,0,0.1287361606803,30.83
"20195",0,0,0,0,0.0992821016809324,12.82
"20197",0,0,0,0,0.0962946763793035,11.58
"20199",0,0,0,0,0.0879592345099485,8.02
"20201",0,0,0,0,0.105165026216857,16.51
"20203",0,0,0,0,0.0876976281891383,7.89
"20205",0,0,0,0,0.103110980827217,15.02
"20207",0,0,0,0,0.09553120867993,11.1
"20209",0,0,0,0,0.23380522025521,81.04
"21001",0.000657678395264716,8.64495904784117,1,1,0.170132171009819,55.65
"21003",0,0,0,0,0.12979721591933,31.4
"21005",0,0,0,0,0.184967554303176,63.16
"21007",0,0,0,0,0.124710060948485,27.97
"21009",0,0,0,0,0.213158779505829,74.86
"21011",0,0,0,0,0.14036994452578,37.99
"21013",0,0,0,0,0.137640556264986,36.46
"21015",0,0,0,0,0.223818042141901,78.24
"21017",0,0,0,0,0.115278929464567,21.86
"21019",0,0,0,0,0.201638821342145,70.47
"21021",0,0,0,0,0.175345872167801,58.51
"21023",0,0,0,0,0.118750704302685,24.28
"21025",0,0,0,0,0.101126942358112,13.87
"21027",0,0,0,0,0.172767468189815,57.11
"21029",0,0,0,0,0.172682014450621,56.92
"21031",0,0,0,0,0.144039510176674,40.63
"21033",0,0,0,0,0.125128381219203,28.35
"21035",0,0,0,0,0.15616168450521,47.82
"21037",0,0,0,0,0.235080402609652,81.39
"21039",0,0,0,0,0.093185277702036,10.21
"21041",0,0,0,0,0.112149564069157,19.79
"21043",0,0,0,0,0.146454927192927,41.84
"21045",0.00125052105043768,16.4376743212703,1,1,0.152535334644312,45.63
"21047",1.5382248884787e-05,0.202194435198316,1,0,0.096112830444403,11.39
"21049",0,0,0,0,0.173420382754995,57.49
"21051",0,0,0,0,0.129873810589584,31.53
"21053",0,0,0,0,0.122456863701108,26.41
"21055",0,0,0,0,0.126261331970641,29.08
"21057",0,0,0,0,0.102346338003776,14.54
"21059",5.63846182761343e-05,0.741156649564476,1,0,0.237703385434614,81.77
"21061",0,0,0,0,0.12549920598681,28.57
"21063",0,0,0,0,0.0719820104554858,3.4
"21065",0,0,0,0,0.127910639640182,30.32
"21067",3.50557386244128e-05,0.460795773408206,1,0,0.293008589407451,92.65
"21069",0.00024770869457518,3.25604662676307,1,1,0.174517130903749,58.07
"21071",0,0,0,0,0.157413085250308,48.62
"21073",0,0,0,0,0.14098307461832,38.5
"21075",0,0,0,0,0.0917600478743845,9.61
"21077",0,0,0,0,0.07166939673209,3.34
"21079",0,0,0,0,0.182185811424186,61.76
"21081",0,0,0,0,0.153357731071406,46.1
"21083",0,0,0,0,0.181073318630029,61.22
"21085",0,0,0,0,0.167678535096166,53.93
"21087",0,0,0,0,0.137974460850917,36.62
"21089",0,0,0,0,0.171615702350428,56.41
"21091",0,0,0,0,0.0878039530606114,7.95
"21093",0,0,0,0,0.184331762594337,62.77
"21095",0,0,0,0,0.107025642808988,17.53
"21097",0,0,0,0,0.138790173201484,37.07
"21099",0,0,0,0,0.123958152059689,27.46
"21101",0,0,0,0,0.17487827968207,58.22
"21103",0,0,0,0,0.150816484607109,44.42
"21105",0,0,0,0,0.0742293915665895,3.85
"21107",0,0,0,0,0.155829473839435,47.41
"21109",0,0,0,0,0.14582119900475,41.27
"21111",9.23552472858866e-05,1.21397834623772,1,1,0.324853803676268,96.5
"21113",0.000225265813660119,2.96104258250191,1,1,0.244138398086676,82.98
"21115",0,0,0,0,0.136322765472428,35.73
"21117",2.45137092919215e-05,0.322224379674274,1,0,0.215515943088667,75.69
"21119",0,0,0,0,0.104593521446808,16.13
"21121",0,0,0,0,0.15504790600548,46.93
"21123",0,0,0,0,0.15238610446357,45.56
"21125",0,0,0,0,0.203297923876481,71.24
"21127",0,0,0,0,0.0930433976773972,10.15
"21129",0,0,0,0,0.101100854565393,13.84
"21131",0,0,0,0,0.0749578185640584,4.04
"21133",0,0,0,0,0.0983994069496857,12.57
"21135",0,0,0,0,0.129992509715664,31.59
"21137",0.000393700787401575,5.17506308356004,1,1,0.180933708732761,61.06
"21139",0.000754906894816306,9.92299463933757,1,1,0.103674615321856,15.49
"21141",0.000282113974045514,3.70829233559597,1,1,0.184457593591491,62.87
"21143",0,0,0,0,0.118695740646918,24.21
"21145",0,0,0,0,0.226256645988948,78.97
"21147",0,0,0,0,0.112030167306053,19.66
"21149",0,0,0,0,0.102824312395008,14.83
"21151",0,0,0,0,0.1948404045543,67.23
"21153",0,0,0,0,0.117655332960431,23.77
"21155",0,0,0,0,0.100104560053575,13.43
"21157",0,0,0,0,0.19111479550668,65.92
"21159",0,0,0,0,0.0897036954561009,8.65
"21161",0,0,0,0,0.155627260911642,47.22
"21163",0,0,0,0,0.160168189416089,50.21
"21165",0,0,0,0,0.1228139141266,26.73
"21167",0,0,0,0,0.129587859407379,31.34
"21169",0,0,0,0,0.13271553175211,33.44
"21171",0,0,0,0,0.118097650821067,23.96
"21173",0,0,0,0,0.162327522531706,51.19
"21175",0,0,0,0,0.105266544412919,16.67
"21177",0,0,0,0,0.14383892258672,40.38
"21179",0,0,0,0,0.163175121493258,51.7
"21181",0,0,0,0,0.124010918726419,27.52
"21183",0,0,0,0,0.120175517900292,25.14
"21185",0,0,0,0,0.252357671324633,84.79
"21187",0,0,0,0,0.126074057237112,28.95
"21189",0,0,0,0,0.0957068225368897,11.17
"21191",0,0,0,0,0.1417660617184,39.07
"21193",0,0,0,0,0.144204733679187,40.66
"21195",0,0,0,0,0.156324832365267,47.98
"21197",0.00410798122065728,53.9980173859727,1,1,0.153310487701187,46.07
"21199",0,0,0,0,0.239500159469774,81.96
"21201",0,0,0,0,0.0729672350103156,3.75
"21203",0,0,0,0,0.113187664503422,20.43
"21205",0,0,0,0,0.122794641115604,26.69
"21207",0,0,0,0,0.129665098344698,31.37
"21209",0,0,0,0,0.122242680801327,26.28
"21211",0,0,0,0,0.216180162798829,75.91
"21213",0,0,0,0,0.130750426210226,32.1
"21215",0,0,0,0,0.158906499858527,49.41
"21217",0,0,0,0,0.170455713239725,55.87
"21219",0,0,0,0,0.152681556236304,45.66
"21221",0,0,0,0,0.152979334629868,45.88
"21223",0,0,0,0,0.103051474237699,14.99
"21225",0,0,0,0,0.112729253207718,20.11
"21227",0,0,0,0,0.265464874067145,87.78
"21229",0,0,0,0,0.125079179411748,28.29
"21231",0,0,0,0,0.131298081646605,32.58
"21233",0,0,0,0,0.12140085870028,25.84
"21235",0,0,0,0,0.153594571311231,46.2
"21237",0,0,0,0,0.12758616153114,30
"21239",0,0,0,0,0.156121347874265,47.76
"22001",0,0,0,0,0.248063337990125,83.87
"22003",0,0,0,0,0.0979811119210884,12.41
"22005",0,0,0,0,0.252859751768004,84.92
"22007",0,0,0,0,0.135391197259512,35.06
"22009",0,0,0,0,0.169097358283977,54.88
"22011",0,0,0,0,0.177472579744877,59.34
"22013",0,0,0,0,0.0920299373653783,9.7
"22015",0,0,0,0,0.25712061239412,85.68
"22017",0,0,0,0,0.279996641738651,90.71
"22019",4.08521763996977e-05,0.536987978521662,1,0,0.254558905520111,85.36
"22021",0,0,0,0,0.1229479748614,26.82
"22023",0.00314112631815122,41.2890381986527,1,1,0.108880498344729,18.2
"22025",0.00396825396825397,52.1613501279464,1,1,0.181705450767014,61.47
"22027",0,0,0,0,0.128404338828454,30.64
"22029",0,0,0,0,0.146073415665568,41.46
"22031",0,0,0,0,0.137479245652477,36.37
"22033",0,0,0,0,0.259791275271714,86.48
"22035",0,0,0,0,0.0962143711513754,11.49
"22037",0,0,0,0,0.133509169375515,33.85
"22039",0,0,0,0,0.133914695120019,34.01
"22041",0,0,0,0,0.144670602948801,40.79
"22043",0,0,0,0,0.0999717499751451,13.27
"22045",3.59699291392396e-05,0.472812497113143,1,0,0.211953283598476,74.45
"22047",0,0,0,0,0.106537092160998,17.28
"22049",0,0,0,0,0.114289283770356,21.19
"22051",8.05855249435901e-05,1.0592693450204,1,1,0.375638073764372,99.36
"22053",0,0,0,0,0.178901678449921,60.17
"22055",0,0,0,0,0.315163456047788,95.55
"22057",0,0,0,0,0.173614896111373,57.65
"22059",0,0,0,0,0.101304250347021,13.97
"22061",0,0,0,0,0.210956696583954,74.04
"22063",0,0,0,0,0.264170627688496,87.37
"22065",0,0,0,0,0.0925683361571604,9.9
"22067",0,0,0,0,0.161066120884203,50.59
"22069",0,0,0,0,0.154755364792768,46.74
"22071",9.50781225240072e-05,1.2497696160976,1,1,0.234812807009868,81.29
"22073",0,0,0,0,0.26533240368867,87.69
"22075",0,0,0,0,0.148073473150904,42.83
"22077",0,0,0,0,0.149518403777041,43.65
"22079",0,0,0,0,0.215171819826584,75.5
"22081",0,0,0,0,0.106872358562727,17.4
"22083",0,0,0,0,0.131052001780931,32.29
"22085",0,0,0,0,0.137266132882614,36.33
"22087",0,0,0,0,0.196934757163739,68.25
"22089",0,0,0,0,0.178740626540111,60.07
"22091",0.0114035087719298,149.895248262414,1,1,0.1460171739313,41.33
"22093",0,0,0,0,0.134319758267904,34.27
"22095",0,0,0,0,0.180439999265527,60.71
"22097",0,0,0,0,0.227938919666235,79.32
"22099",0,0,0,0,0.196622817833759,68.12
"22101",0,0,0,0,0.170435087300758,55.77
"22103",8.87335066594497e-06,0.116637179625389,1,0,0.352526560059535,98.38
"22105",0,0,0,0,0.259415016348254,86.26
"22107",0,0,0,0,0.0835604100365389,6.4
"22109",0,0,0,0,0.209406857697423,73.66
"22111",0,0,0,0,0.142769486389425,39.8
"22113",0,0,0,0,0.200353370725138,70.06
"22115",0,0,0,0,0.0950619046353986,10.85
"22117",0,0,0,0,0.151308092362448,44.99
"22119",0,0,0,0,0.172372785795811,56.7
"22121",0,0,0,0,0.173539685677258,57.59
"22123",0,0,0,0,0.123424645097717,26.95
"22125",0,0,0,0,0.0859221704935811,7.32
"22127",0,0,0,0,0.101457080923774,14.06
"23001",0.000473890458397886,6.22912906294186,1,1,0.30597414106342,94.4
"23003",0,0,0,0,0.1898716623598,65.42
"23005",0.000258369320488687,3.39617693225916,1,1,0.340448163446954,97.77
"23007",0,0,0,0,0.20356470052323,71.27
"23009",0.000394477317554241,5.18527030857692,1,1,0.237827641922815,81.8
"23011",0,0,0,0,0.243554524883967,82.82
"23013",0,0,0,0,0.275195397587691,89.69
"23015",0,0,0,0,0.245790563920283,83.36
"23017",4.90773458971339e-05,0.645105036918065,1,0,0.204104257090883,71.56
"23019",0.000422003773210208,5.5470962155725,1,1,0.307556573976325,94.69
"23021",0,0,0,0,0.182791381835075,62.14
"23023",0,0,0,0,0.190188348889621,65.54
"23025",0,0,0,0,0.228465066470432,79.51
"23027",0,0,0,0,0.241355268032239,82.44
"23029",7.50356419299167e-05,0.986318018476964,1,0,0.180830478309044,60.9
"23031",0.000504719665811149,6.63436851961853,1,1,0.331480694779789,97.14
"24001",0.0003057272912562,4.01868136728659,1,1,0.206930586595233,72.57
"24003",1.40220201804914e-05,0.184314691042208,1,0,0.223381669896274,78.08
"24005",1.19527150592257e-05,0.15711437830633,1,0,0.294106366905272,92.94
"24009",3.81112085064217e-05,0.500958886857064,1,0,0.261278953237082,86.8
"24011",9.05633037493208e-05,1.19042385729419,1,1,0.187975349440499,64.94
"24013",2.97433151899111e-05,0.390965772351878,1,0,0.266425034051137,88.07
"24015",4.83664240284395e-05,0.635760210502406,1,0,0.199991020486282,69.9
"24017",0,0,0,0,0.244388817296075,83.01
"24019",0.000213690433791581,2.80888814707084,1,1,0.189978091393591,65.48
"24021",3.24293647898172e-05,0.426272981709595,1,0,0.297401083461007,93.35
"24023",0,0,0,0,0.234238025092546,81.2
"24025",0,0,0,0,0.26680293626524,88.16
"24027",1.04036620890553e-05,0.136752603331695,1,0,0.283939751856341,91.25
"24029",0,0,0,0,0.190696950526956,65.77
"24031",2.05475357900714e-05,0.270090376570331,1,0,0.226661191718778,79.03
"24033",5.20314373944737e-06,0.0683935565945554,1,0,0.260866193193599,86.7
"24035",0,0,0,0,0.261104185563326,86.73
"24037",0,0,0,0,0.120977263028284,25.71
"24039",0,0,0,0,0.120100106903931,25.07
"24041",4.85979491665452e-05,0.638803529778029,1,0,0.254534183937106,85.27
"24043",0.000171086398631309,2.24887258036655,1,1,0.314198829331829,95.48
"24045",0,0,0,0,0.242116456788406,82.56
"24047",0,0,0,0,0.214292944254997,75.21
"24510",3.08939949797258e-05,0.406091067225101,1,0,0.187849724855943,64.91
"25001",3.57337478448083e-05,0.469707974244633,1,0,0.288248151093143,91.76
"25003",3.06889673162498e-05,0.403396048250499,1,0,0.265989755152966,87.97
"25005",0.000634995760121477,8.34680351571138,1,1,0.350884440575523,98.31
"25007",0,0,0,0,0.224899543362674,78.56
"25009",0.000136489703216789,1.79411077398431,1,1,0.355344209119938,98.54
"25011",0,0,0,0,0.265927626858273,87.94
"25013",1.78886076402243e-05,0.235139669458646,1,0,0.266893985898434,88.23
"25015",1.26702565726956e-05,0.166546217703421,1,0,0.226094623232096,78.87
"25017",2.86301886252261e-05,0.37633410186361,1,0,0.24557146487313,83.3
"25019",0,0,0,0,0.206325706273084,72.35
"25021",1.8122414319814e-05,0.238212978821881,1,0,0.36319998236275,98.85
"25023",0.000358978320435863,4.7186480528705,1,1,0.370943507097308,99.2
"25025",5.19096253422791e-06,0.0682334387907263,1,0,0.185427287314275,63.63
"25027",0.000186099382099754,2.44621314713154,1,1,0.336815598493126,97.58
"26001",0,0,0,0,0.160201217670789,50.27
"26003",0,0,0,0,0.132169334104463,33.15
"26005",0,0,0,0,0.281732528148775,90.87
"26007",0.000150353330326267,1.9763434419249,1,1,0.222732582483488,77.89
"26009",0,0,0,0,0.195652740617244,67.71
"26011",0,0,0,0,0.142310075252637,39.48
"26013",0,0,0,0,0.0936227237553875,10.34
"26015",0,0,0,0,0.215893839217911,75.85
"26017",0,0,0,0,0.248778917657931,84.03
"26019",0,0,0,0,0.177530952229625,59.4
"26021",0.000339408249096141,4.4614061143891,1,1,0.273776236434242,89.37
"26023",0,0,0,0,0.180487596801076,60.74
"26025",0.000369673343191289,4.85923049316667,1,1,0.206534904209008,72.51
"26027",0,0,0,0,0.196501375372363,68.09
"26029",0,0,0,0,0.200476182566508,70.09
"26031",0,0,0,0,0.225377206310978,78.78
"26033",0,0,0,0,0.16554541758923,52.78
"26035",0,0,0,0,0.197921858081236,68.53
"26037",0,0,0,0,0.244480571111227,83.11
"26039",0,0,0,0,0.127491117588234,29.91
"26041",6.62251655629139e-05,0.87050730014851,1,0,0.22735071217398,79.26
"26043",0,0,0,0,0.184015588234776,62.65
"26045",0,0,0,0,0.201670956934013,70.51
"26047",0,0,0,0,0.222819416648875,77.95
"26049",0,0,0,0,0.27725218167341,90.1
"26051",0,0,0,0,0.173618017734956,57.68
"26053",0,0,0,0,0.155996383129683,47.6
"26055",0,0,0,0,0.33131093260691,97.1
"26057",0,0,0,0,0.173225456018386,57.33
"26059",0,0,0,0,0.182297520450897,61.88
"26061",0,0,0,0,0.180417761934355,60.67
"26063",0,0,0,0,0.173942134901646,57.84
"26065",0,0,0,0,0.194984950469552,67.42
"26067",0,0,0,0,0.154931899359718,46.87
"26069",0,0,0,0,0.158407243217621,49.16
"26071",0,0,0,0,0.146131721470734,41.58
"26073",0,0,0,0,0.173679021289598,57.81
"26075",0,0,0,0,0.229797933696472,79.89
"26077",0.000159431512777297,2.09567306577,1,1,0.293205229169117,92.71
"26079",0,0,0,0,0.151419311108509,45.08
"26081",8.77783946648292e-06,0.115381717360087,1,0,0.321885281599502,96.18
"26083",0,0,0,0,0.0852687401314287,7.13
"26085",0,0,0,0,0.129305120848173,31.08
"26087",7.87959971633441e-05,1.0357466103729,1,1,0.272749455074295,89.21
"26089",0.00196777764112655,25.8657685052121,1,1,0.215077696227929,75.44
"26091",0,0,0,0,0.24361323837971,82.85
"26093",0,0,0,0,0.318357166905865,95.86
"26095",0,0,0,0,0.150248613751593,44.13
"26097",0,0,0,0,0.139735071963385,37.61
"26099",1.07067527489588e-05,0.140736627075691,1,0,0.315338369167652,95.61
"26101",0,0,0,0,0.161259189994564,50.75
"26103",0,0,0,0,0.216283668309745,75.98
"26105",0,0,0,0,0.191017435830074,65.83
"26107",0,0,0,0,0.173992283704242,57.91
"26109",0,0,0,0,0.14444499990831,40.76
"26111",0,0,0,0,0.176508718571679,59.02
"26113",0,0,0,0,0.157523619632208,48.65
"26115",4.36547780154538e-05,0.57382722452711,1,0,0.246130037791934,83.46
"26117",0,0,0,0,0.193432420514187,66.62
"26119",0,0,0,0,0.099149120792751,12.76
"26121",0,0,0,0,0.251345150250769,84.57
"26123",0,0,0,0,0.199882460926835,69.84
"26125",7.36679126704999e-05,0.968339682072234,1,0,0.363410078763787,98.89
"26127",0,0,0,0,0.162864220769723,51.51
"26129",0,0,0,0,0.194493464862432,66.97
"26131",0,0,0,0,0.120189752846397,25.2
"26133",0,0,0,0,0.146414715755347,41.78
"26135",0,0,0,0,0.158607317379387,49.32
"26137",0,0,0,0,0.177486316421665,59.37
"26139",0.000272040370791025,3.5758782435013,1,1,0.313830197091716,95.45
"26141",0,0,0,0,0.146336752877278,41.74
"26143",0,0,0,0,0.175554110514137,58.61
"26145",0,0,0,0,0.257412592420605,85.75
"26147",0,0,0,0,0.290446008069354,92.2
"26149",0,0,0,0,0.203572585507208,71.3
"26151",0,0,0,0,0.220548937492031,77.06
"26153",0.000322268772155978,4.2361135134523,1,1,0.159390706644506,49.67
"26155",0,0,0,0,0.218000564511363,76.36
"26157",0,0,0,0,0.199531406039395,69.52
"26159",0,0,0,0,0.196199901495937,67.9
"26161",4.10431527708232e-06,0.0539498298032494,1,0,0.185403681678646,63.57
"26163",7.4878229279634e-06,0.0984248882672741,1,0,0.288772182505166,91.82
"26165",0,0,0,0,0.187667292009569,64.78
"27001",0,0,0,0,0.172724569286579,57.02
"27003",3.34560053529609e-05,0.439767823092757,1,0,0.32352268597444,96.37
"27005",0,0,0,0,0.217955514031168,76.3
"27007",0,0,0,0,0.215362508380334,75.63
"27009",0,0,0,0,0.198253355917222,68.69
"27011",0.00957854406130268,125.906707205388,1,1,0.155496745930125,47.12
"27013",0,0,0,0,0.251120889416981,84.51
"27015",0,0,0,0,0.161639867656713,50.91
"27017",0,0,0,0,0.142312887413474,39.52
"27019",0.00017274513614476,2.27067612139535,1,1,0.264283304568707,87.46
"27021",0,0,0,0,0.177146436159915,59.18
"27023",0,0,0,0,0.131110143933538,32.39
"27025",0,0,0,0,0.224790394194089,78.52
"27027",0,0,0,0,0.206972924446898,72.61
"27029",0,0,0,0,0.126361526158766,29.14
"27031",0,0,0,0,0.160208594328879,50.3
"27033",0,0,0,0,0.107355312857145,17.72
"27035",0,0,0,0,0.282880637605156,91.15
"27037",2.37804211036969e-05,0.312585555587745,1,0,0.343908993676898,98
"27039",0,0,0,0,0.15005096765167,43.94
"27041",0,0,0,0,0.252684181942448,84.86
"27043",0,0,0,0,0.12727243414023,29.75
"27045",0.000131319763624425,1.72615367462147,1,1,0.219577116125666,76.93
"27047",0,0,0,0,0.176356068775228,58.92
"27049",0,0,0,0,0.216813792117624,76.14
"27051",0,0,0,0,0.130582064777673,31.98
"27053",6.99615211633601e-06,0.0919620425023212,1,0,0.305866435680482,94.34
"27055",0,0,0,0,0.173651749152752,57.75
"27057",0,0,0,0,0.201778020307852,70.54
"27059",0.000442935183818101,5.82223249619482,1,1,0.213896707603487,75.09
"27061",0,0,0,0,0.216040525786471,75.88
"27063",0,0,0,0,0.0958146574669998,11.23
"27065",0,0,0,0,0.143988050950465,40.53
"27067",0,0,0,0,0.189483073481724,65.26
"27069",0.0075107296137339,98.7259888687741,1,1,0.139755900303186,37.64
"27071",0,0,0,0,0.132693063997569,33.41
"27073",0,0,0,0,0.141614259089725,38.94
"27075",0,0,0,0,0.141970909289823,39.23
"27077",0,0,0,0,0.124441312740645,27.71
"27079",0,0,0,0,0.187333664880139,64.62
"27081",0,0,0,0,0.127869811682212,30.29
"27083",0,0,0,0,0.147154334181307,42.19
"27085",0,0,0,0,0.20260972105565,70.82
"27087",0,0,0,0,0.0925849570535396,9.93
"27089",0,0,0,0,0.103471346468863,15.3
"27091",0,0,0,0,0.150855401795796,44.51
"27093",0,0,0,0,0.166775478892646,53.48
"27095",0,0,0,0,0.173312622660838,57.4
"27097",0,0,0,0,0.218861996269217,76.65
"27099",0,0,0,0,0.15606836360324,47.73
"27101",0,0,0,0,0.136614679729136,35.95
"27103",0,0,0,0,0.15282400563593,45.75
"27105",0,0,0,0,0.113106119915841,20.33
"27107",0,0,0,0,0.101218875193963,13.94
"27109",5.41868362112564e-05,0.71226755105714,1,0,0.152253067135514,45.5
"27111",0,0,0,0,0.242016016018332,82.53
"27113",0,0,0,0,0.106386290277486,17.21
"27115",0,0,0,0,0.186509613615905,64.21
"27117",0,0,0,0,0.131852992589602,32.9
"27119",0,0,0,0,0.152092764762704,45.4
"27121",0,0,0,0,0.150861141142646,44.54
"27123",3.62828499341327e-05,0.476925734641616,1,0,0.262052252241022,86.96
"27125",0,0,0,0,0.103008160969429,14.95
"27127",0,0,0,0,0.162090544577378,51.13
"27129",0,0,0,0,0.115237688453528,21.79
"27131",0,0,0,0,0.179097186539733,60.2
"27133",0,0,0,0,0.132240911505158,33.22
"27135",0,0,0,0,0.10296567843715,14.92
"27137",9.49793894724845e-05,1.24847180368164,1,1,0.260466434037514,86.61
"27139",5.75101002113496e-05,0.755950727200408,1,0,0.231323849708594,80.43
"27141",0,0,0,0,0.266368015968744,88.04
"27143",0,0,0,0,0.141189820422473,38.69
"27145",0.000248753640613178,3.26978208739358,1,1,0.3048759561292,94.24
"27147",0,0,0,0,0.17253902374462,56.86
"27149",0,0,0,0,0.0910226479039407,9.2
"27151",0,0,0,0,0.122311542303085,26.31
"27153",0,0,0,0,0.160022235756314,50.11
"27155",0.00590318772136954,77.5953968845484,1,1,0.163254801748836,51.77
"27157",0,0,0,0,0.164211199075854,52.12
"27159",0,0,0,0,0.15591629875174,47.53
"27161",0,0,0,0,0.160725535813877,50.46
"27163",5.52028705492686e-05,0.725622977214601,1,0,0.262033836612651,86.92
"27165",0.0011762399529504,15.4612745331219,1,1,0.170713859339427,56
"27167",0,0,0,0,0.112132096811085,19.73
"27169",0.000292397660818713,3.84346790416447,1,1,0.20761445596497,72.96
"27171",1.7864799199657e-05,0.234826715596729,1,0,0.280467894637789,90.8
"27173",0,0,0,0,0.131256093857629,32.52
"28001",0,0,0,0,0.190528893563725,65.61
"28003",0,0,0,0,0.17964966278398,60.32
"28005",0,0,0,0,0.105323968033048,16.74
"28007",0,0,0,0,0.155565508909077,47.18
"28009",0,0,0,0,0.113247691302679,20.55
"28011",0,0,0,0,0.158694497759028,49.35
"28013",0,0,0,0,0.116555853603746,22.91
"28015",0,0,0,0,0.134645392559479,34.46
"28017",0,0,0,0,0.136133856755652,35.54
"28019",0,0,0,0,0.0915945731742772,9.45
"28021",0,0,0,0,0.0750706340757085,4.14
"28023",0,0,0,0,0.104690809292166,16.19
"28025",0,0,0,0,0.139068102629296,37.23
"28027",0,0,0,0,0.146134123758675,41.62
"28029",0,0,0,0,0.126002325348806,28.92
"28031",0,0,0,0,0.128117413988177,30.45
"28033",0,0,0,0,0.211332218742214,74.2
"28035",0,0,0,0,0.201815740945774,70.57
"28037",0,0,0,0,0.101529261959424,14.09
"28039",0,0,0,0,0.156804647348647,48.33
"28041",0,0,0,0,0.104021940930422,15.78
"28043",0,0,0,0,0.154228072107082,46.45
"28045",0,0,0,0,0.156684033333855,48.23
"28047",3.82233774176286e-05,0.502433309083499,1,0,0.218411370554467,76.52
"28049",0,0,0,0,0.218085575564777,76.39
"28051",0,0,0,0,0.13656565408429,35.86
"28053",0,0,0,0,0.0999259177862723,13.24
"28055",0,0,0,0,0.0786020485282189,4.93
"28057",0,0,0,0,0.143964296146748,40.5
"28059",0,0,0,0,0.164772984788669,52.43
"28061",0,0,0,0,0.104280757866508,15.94
"28063",0,0,0,0,0.093845664482349,10.44
"28065",0,0,0,0,0.102129548567607,14.38
"28067",0,0,0,0,0.163223135249179,51.73
"28069",0,0,0,0,0.0955076881493638,11.01
"28071",0,0,0,0,0.188839962313893,65.07
"28073",0,0,0,0,0.216450108099182,76.04
"28075",0.000141290833050752,1.85721999438263,1,1,0.237328530152232,81.74
"28077",0,0,0,0,0.115081462093157,21.67
"28079",0,0,0,0,0.102337607848843,14.51
"28081",0,0,0,0,0.221875789266668,77.51
"28083",0,0,0,0,0.154209425295477,46.42
"28085",0,0,0,0,0.173269130923223,57.37
"28087",0,0,0,0,0.214349594135683,75.25
"28089",0,0,0,0,0.226637398524454,79
"28091",0,0,0,0,0.151026520479742,44.7
"28093",0,0,0,0,0.14328732784664,40.09
"28095",0,0,0,0,0.162927035644654,51.54
"28097",0,0,0,0,0.113981528908536,21
"28099",0,0,0,0,0.11581928390907,22.24
"28101",0,0,0,0,0.113445676570337,20.65
"28103",0,0,0,0,0.129938332088191,31.56
"28105",0,0,0,0,0.127126610634041,29.65
"28107",0,0,0,0,0.165607102356773,52.82
"28109",0,0,0,0,0.207660718778322,73.02
"28111",0,0,0,0,0.11848414642027,24.12
"28113",0,0,0,0,0.163718295863266,51.92
"28115",0,0,0,0,0.119481415004614,24.72
"28117",0,0,0,0,0.146670226457695,42.03
"28119",0,0,0,0,0.0975897619698373,12.25
"28121",5.32821824381927e-05,0.700376184582401,1,0,0.278647601365037,90.39
"28123",0,0,0,0,0.0815792585848325,5.79
"28125",0,0,0,0,0.0944356195663979,10.59
"28127",0,0,0,0,0.131899892005335,32.93
"28129",0,0,0,0,0.0997928602180217,13.11
"28131",0,0,0,0,0.132998605487725,33.6
"28133",0,0,0,0,0.0974814851246307,12.22
"28135",0,0,0,0,0.0830374370565332,6.3
"28137",0,0,0,0,0.13976332356102,37.67
"28139",0,0,0,0,0.118926445712346,24.5
"28141",0,0,0,0,0.14367293110651,40.28
"28143",0,0,0,0,0.0675624304838809,2.51
"28145",0.000146659822541615,1.9277935370305,1,1,0.136890814627934,36.11
"28147",0,0,0,0,0.140483146070755,38.08
"28149",0,0,0,0,0.152916373257371,45.85
"28151",0,0,0,0,0.189639516245939,65.32
"28153",0,0,0,0,0.139803829978791,37.73
"28155",0,0,0,0,0.12571612148625,28.67
"28157",0,0,0,0,0.0973461472188365,12.15
"28159",0.0114458845312237,150.452263220416,1,1,0.141730134989906,39.04
"28161",0,0,0,0,0.101723111482043,14.16
"28163",0,0,0,0,0.117340646828197,23.51
"29001",0,0,0,0,0.15811853991039,48.93
"29003",0,0,0,0,0.170341921611265,55.74
"29005",0,0,0,0,0.0932988217451304,10.31
"29007",0,0,0,0,0.173154697378818,57.3
"29009",0,0,0,0,0.16503648413528,52.59
"29011",0,0,0,0,0.133260214041758,33.76
"29013",0,0,0,0,0.172045122778347,56.54
"29015",0,0,0,0,0.162237513894002,51.16
"29017",0,0,0,0,0.14400707812677,40.57
"29019",0,0,0,0,0.219065062211871,76.74
"29021",0,0,0,0,0.22130879700112,77.38
"29023",0,0,0,0,0.198848581945733,69.17
"29025",0,0,0,0,0.126995128508972,29.62
"29027",0,0,0,0,0.178057348236115,59.62
"29029",0,0,0,0,0.233946223050444,81.1
"29031",0,0,0,0,0.26332669850295,87.21
"29033",0,0,0,0,0.103567091284049,15.43
"29035",0,0,0,0,0.11499674897558,21.6
"29037",0,0,0,0,0.230651511137307,80.15
"29039",0.00419776119402985,55.178144631615,1,1,0.163925512056504,52.02
"29041",0,0,0,0,0.126420269677323,29.24
"29043",0.000117564072419469,1.54533978747267,1,1,0.30001569524639,93.86
"29045",0,0,0,0,0.108613633219999,18.1
"29047",1.61922342044755e-05,0.212841417018726,1,0,0.268925444380498,88.45
"29049",0,0,0,0,0.153538020665726,46.17
"29051",0,0,0,0,0.161682184774836,50.94
"29053",0,0,0,0,0.1594709602349,49.76
"29055",0,0,0,0,0.166476892105867,53.39
"29057",0,0,0,0,0.0999889491028349,13.33
"29059",0,0,0,0,0.163346125966588,51.8
"29061",0.00079968012794882,10.5115235763635,1,1,0.155781939632333,47.38
"29063",0,0,0,0,0.115105913262888,21.7
"29065",0,0,0,0,0.139231090298742,37.32
"29067",0,0,0,0,0.14342465647945,40.18
"29069",0,0,0,0,0.132217570436603,33.18
"29071",0,0,0,0,0.289400561879779,91.95
"29073",0.0051003060183611,67.0417896918182,1,1,0.1700631020585,55.55
"29075",0,0,0,0,0.103530137713323,15.4
"29077",0.000148207203892228,1.94813333913402,1,1,0.301746138156451,93.99
"29079",0,0,0,0,0.133114242139291,33.69
"29081",0,0,0,0,0.116678970049416,23.07
"29083",0.00479825517993457,63.0714340478375,1,1,0.167832066653999,54.09
"29085",0,0,0,0,0.13621712894756,35.63
"29087",0,0,0,0,0.0948881007177849,10.82
"29089",0,0,0,0,0.115596182043872,22.08
"29091",0,0,0,0,0.230873380997874,80.27
"29093",0,0,0,0,0.124765658968753,28
"29095",1.19430935478631e-05,0.156987906808549,1,0,0.311061545188876,95.2
"29097",0,0,0,0,0.292793505085366,92.62
"29099",0,0,0,0,0.29804473118443,93.48
"29101",0,0,0,0,0.132904008558286,33.53
"29103",0,0,0,0,0.117696092798843,23.8
"29105",0.000710364869228285,9.33750484692719,1,1,0.192380828226272,66.34
"29107",0.000190730497806599,2.50708758959422,1,1,0.196449031871423,68.02
"29109",0.00212935853074261,27.9896943992388,1,1,0.205608837919703,72.19
"29111",0,0,0,0,0.119424400539528,24.69
"29113",0.00115488258693699,15.1805392134201,1,1,0.223478517535553,78.11
"29115",0,0,0,0,0.119149649095403,24.56
"29117",0,0,0,0,0.172116927368823,56.6
"29119",0,0,0,0,0.139518971725112,37.45
"29121",0,0,0,0,0.150824441156213,44.45
"29123",0,0,0,0,0.130047543750175,31.66
"29125",0.0010851871947911,14.2644169639094,1,1,0.152273042386467,45.53
"29127",0,0,0,0,0.179498641036083,60.29
"29129",0,0,0,0,0.0909879717357935,9.13
"29131",0,0,0,0,0.174399538810402,57.97
"29133",0,0,0,0,0.0998332555118606,13.17
"29135",0,0,0,0,0.147953225801585,42.7
"29137",0,0,0,0,0.126763727979555,29.37
"29139",0,0,0,0,0.134935814065964,34.68
"29141",0,0,0,0,0.209071344774984,73.59
"29143",0,0,0,0,0.0980210213765173,12.44
"29145",8.22909809084924e-05,1.08168698422009,1,1,0.191199870679921,65.96
"29147",0,0,0,0,0.136299402192396,35.7
"29149",0,0,0,0,0.120245697613329,25.23
"29151",0,0,0,0,0.125785934160178,28.76
"29153",0,0,0,0,0.155288126232563,47.06
"29155",0,0,0,0,0.102847243109225,14.86
"29157",0,0,0,0,0.147879586306182,42.67
"29159",0,0,0,0,0.198574356450728,68.85
"29161",0,0,0,0,0.185388320952472,63.54
"29163",0,0,0,0,0.13646639481842,35.79
"29165",0.000389733311062858,5.12291195510815,1,1,0.274682285085037,89.63
"29167",0,0,0,0,0.203640609681342,71.36
"29169",0,0,0,0,0.0917839494861517,9.64
"29171",0,0,0,0,0.0979679734161739,12.38
"29173",0,0,0,0,0.126427206127881,29.27
"29175",0,0,0,0,0.156199357712448,47.85
"29177",0.000376506024096386,4.9490437621395,1,1,0.146026421808564,41.36
"29179",0,0,0,0,0.102284102535401,14.48
"29181",0,0,0,0,0.128032591638759,30.35
"29183",1.6566256743847e-05,0.217757816217965,1,0,0.295832773396458,93.13
"29185",0,0,0,0,0.133026149056725,33.66
"29186",0.0147945992530882,194.469980454033,1,1,0.156007111577697,47.66
"29187",0,0,0,0,0.206857050191013,72.54
"29189",4.36599876587768e-06,0.0573895703518522,1,0,0.309487967597607,95.04
"29195",0,0,0,0,0.125114537585402,28.32
"29197",0,0,0,0,0.109298153571582,18.58
"29199",0,0,0,0,0.138381829995636,36.84
"29201",0,0,0,0,0.195557691054219,67.67
"29203",0,0,0,0,0.122723618465284,26.6
"29205",0,0,0,0,0.0978446224551574,12.31
"29207",0,0,0,0,0.153124646615674,45.98
"29209",0,0,0,0,0.204376709694024,71.75
"29211",0,0,0,0,0.0751914712772942,4.17
"29213",0,0,0,0,0.199537013628399,69.55
"29215",0,0,0,0,0.162544278958557,51.29
"29217",0,0,0,0,0.166299457811084,53.23
"29219",0,0,0,0,0.19971101066843,69.65
"29221",0,0,0,0,0.168938445803912,54.66
"29223",0,0,0,0,0.118672530776342,24.18
"29225",0,0,0,0,0.198650882361806,68.92
"29227",0,0,0,0,0.102249925446826,14.44
"29229",0,0,0,0,0.176506541652553,58.99
"29510",4.14717494442786e-06,0.0545132055681733,1,0,0.222230222769804,77.73
"30001",0.000546946216955333,7.18942218718824,1,1,0.17642802921833,58.96
"30003",0,0,0,0,0.0957402841812954,11.2
"30005",0,0,0,0,0.110702418301423,19.12
"30007",0,0,0,0,0.166655414519891,53.45
"30009",0.000748876684972541,9.84372957981215,1,1,0.230068328272889,79.96
"30011",0,0,0,0,0.0774000054003254,4.61
"30013",0.000158478605388273,2.08314742190848,1,1,0.273912467845222,89.47
"30015",0,0,0,0,0.110035450350782,18.77
"30017",0,0,0,0,0.173633013452563,57.72
"30019",0,0,0,0,0.0815712868314982,5.76
"30021",0,0,0,0,0.171700256670895,56.44
"30023",0,0,0,0,0.144741945179079,40.82
"30025",0,0,0,0,0.123586538496057,27.04
"30027",0.000541320822807651,7.11547829244451,1,1,0.207171449153575,72.83
"30029",0.000232956719969383,3.0621369328152,1,1,0.382006919193647,99.55
"30031",0.000139007946620949,1.82721222791407,1,1,0.390197730856488,99.65
"30033",0,0,0,0,0.0792325549091291,5.19
"30035",0,0,0,0,0.104154629106964,15.88
"30037",0,0,0,0,0.087301480569465,7.76
"30039",0.00380517503805175,50.0177329994007,1,1,0.146454344290842,41.81
"30041",0.000479846449136276,6.30741853754438,1,1,0.175033533257127,58.35
"30043",0.00113154172560113,14.8737315216322,1,1,0.213842627008242,75.06
"30045",0,0,0,0,0.0901060676563096,8.81
"30047",8.1953778069169e-05,1.07725456746783,1,1,0.228455312666514,79.48
"30049",4.47017277217764e-05,0.587589022696967,1,0,0.273861943107867,89.44
"30051",0,0,0,0,0.0814813352981589,5.66
"30053",0.000522534291312867,6.86853571900327,1,1,0.259149168824355,86.19
"30055",0,0,0,0,0.0941071621636843,10.53
"30057",0.000969227041434456,12.7401601475575,1,1,0.20018369467623,70
"30059",0,0,0,0,0.0992103959632754,12.79
"30061",0,0,0,0,0.120386756412155,25.29
"30063",9.32475455913893e-05,1.22570730428935,1,1,0.385642229069665,99.62
"30065",0.00234329232571763,30.8017814463796,1,1,0.133493376377322,33.79
"30067",0.000219226131754905,2.88165301594706,1,1,0.259097628841135,86.16
"30069",0,0,0,0,0.0601598706705885,1.37
"30071",0.00333778371161549,43.8740328178989,1,1,0.14881528786802,43.3
"30073",0,0,0,0,0.139092945307537,37.26
"30075",0,0,0,0,0.0960019367876476,11.33
"30077",0,0,0,0,0.126430120809544,29.3
"30079",0,0,0,0,0.0757949296285868,4.26
"30081",0.00044873233116446,5.89843402837895,1,1,0.333834082771009,97.3
"30083",0,0,0,0,0.181876914554774,61.66
"30085",0,0,0,0,0.105083030800161,16.42
"30087",0,0,0,0,0.0815113677874753,5.7
"30089",0,0,0,0,0.202227125770977,70.7
"30091",0,0,0,0,0.126487774424739,29.34
"30093",0.000163925468553631,2.15474458754863,1,1,0.252668508615894,84.82
"30095",0.000951701165833928,12.5097884675161,1,1,0.148175777906695,42.95
"30097",0,0,0,0,0.149897329601009,43.81
"30099",0,0,0,0,0.140440992066361,38.05
"30101",0,0,0,0,0.102691565130257,14.7
"30103",0,0,0,0,0.0707490983366064,3.15
"30105",0,0,0,0,0.141442175721372,38.78
"30107",0,0,0,0,0.0672430648114917,2.42
"30109",0,0,0,0,0.106989620817975,17.47
"30111",0.000275901533808156,3.62663191946278,1,1,0.375663128677789,99.4
"31001",0,0,0,0,0.197264899752392,68.31
"31003",0,0,0,0,0.0880777077148567,8.11
"31005",0,0,0,0,0.0422823220405181,0.38
"31007",0,0,0,0,0.0709578957610598,3.21
"31009",0,0,0,0,0.0553402310225291,0.99
"31011",0,0,0,0,0.0974784318943374,12.19
"31013",0,0,0,0,0.104647369761476,16.16
"31015",0,0,0,0,0.0721559087393039,3.47
"31017",0,0,0,0,0.0889522126340507,8.4
"31019",0,0,0,0,0.230193924476157,80.02
"31021",0,0,0,0,0.103259826873272,15.11
"31023",0,0,0,0,0.0878276747646479,7.99
"31025",0,0,0,0,0.192161494880523,66.21
"31027",0,0,0,0,0.1131101833578,20.36
"31029",0,0,0,0,0.0994157001788268,12.98
"31031",0,0,0,0,0.118106539637773,23.99
"31033",0,0,0,0,0.12754360054848,29.94
"31035",0,0,0,0,0.0872969927124984,7.73
"31037",0,0,0,0,0.0791404777993606,5.09
"31039",0,0,0,0,0.120779152205243,25.58
"31041",0,0,0,0,0.113049373867099,20.24
"31043",0,0,0,0,0.108616320269895,18.14
"31045",0,0,0,0,0.116925396909198,23.19
"31047",0,0,0,0,0.122676140453507,26.54
"31049",0,0,0,0,0.0629810351101396,1.72
"31051",0,0,0,0,0.0857843887971012,7.22
"31053",0.000192252234932231,2.52709030707344,1,1,0.208342870962713,73.34
"31055",0,0,0,0,0.287389882700884,91.57
"31057",0,0,0,0,0.0673457100912924,2.48
"31059",0,0,0,0,0.101331326211148,14
"31061",0,0,0,0,0.0826867369877587,6.17
"31063",0,0,0,0,0.0593089215329748,1.34
"31065",0,0,0,0,0.0754192406209317,4.23
"31067",0,0,0,0,0.170690156145203,55.97
"31069",0,0,0,0,0.0670227207714075,2.32
"31071",0,0,0,0,0.103617225563287,15.46
"31073",0,0,0,0,0.0679179154604639,2.64
"31075",0,0,0,0,0.0650016778541262,2.07
"31077",0,0,0,0,0.0837989101597807,6.49
"31079",0,0,0,0,0.218668325706104,76.58
"31081",0,0,0,0,0.141050973248082,38.53
"31083",0,0,0,0,0.0821432197125962,5.95
"31085",0,0,0,0,0.0967197829294955,11.87
"31087",0,0,0,0,0.0797160397105869,5.31
"31089",0,0,0,0,0.138505476930558,36.91
"31091",0,0,0,0,0.0767427974224743,4.45
"31093",0,0,0,0,0.122621638962945,26.5
"31095",0,0,0,0,0.106118224456689,17.05
"31097",0,0,0,0,0.076112061552265,4.36
"31099",0,0,0,0,0.103504951149197,15.37
"31101",0,0,0,0,0.149540686340976,43.68
"31103",0,0,0,0,0.0887015518600635,8.37
"31105",0,0,0,0,0.0694609711980779,2.9
"31107",0,0,0,0,0.115527723723528,22.05
"31109",0,0,0,0,0.277783268876642,90.26
"31111",0,0,0,0,0.198580222735127,68.88
"31113",0,0,0,0,0.0666804378339377,2.26
"31115",0,0,0,0,0.0676443007976376,2.61
"31117",0,0,0,0,0.0416553617069866,0.32
"31119",0,0,0,0,0.233238172262385,80.88
"31121",0,0,0,0,0.135753039333052,35.41
"31123",0,0,0,0,0.0787556807147284,5
"31125",0,0,0,0,0.070866587168651,3.18
"31127",0,0,0,0,0.0790002588997063,5.03
"31129",0,0,0,0,0.0936432885507972,10.37
"31131",0,0,0,0,0.139541059092152,37.48
"31133",0,0,0,0,0.0985336898709321,12.6
"31135",0,0,0,0,0.0750641766686773,4.1
"31137",0,0,0,0,0.105205062350766,16.61
"31139",0,0,0,0,0.129458571700951,31.18
"31141",0,0,0,0,0.180837819534873,60.93
"31143",0,0,0,0,0.0961469142911899,11.42
"31145",0,0,0,0,0.135656643068595,35.32
"31147",0,0,0,0,0.123639238351862,27.08
"31149",0,0,0,0,0.0672074392427735,2.39
"31151",0,0,0,0,0.107783114182589,17.82
"31153",5.19658688173608e-05,0.683073689277492,1,0,0.224307917114882,78.36
"31155",0,0,0,0,0.17850973083882,59.85
"31157",0,0,0,0,0.208554047215587,73.43
"31159",0,0,0,0,0.147349436402612,42.28
"31161",0.00130832969908417,17.1975493662135,1,1,0.105987925489035,16.96
"31163",0,0,0,0,0.0826784149858085,6.14
"31165",0,0,0,0,0.0914359235859351,9.42
"31167",0,0,0,0,0.0809768726866637,5.54
"31169",0,0,0,0,0.0845441337923685,6.78
"31171",0,0,0,0,0.100275393787712,13.49
"31173",0,0,0,0,0.0649121366395519,2.04
"31175",0,0,0,0,0.107174853455673,17.66
"31177",0,0,0,0,0.161948520249536,51.07
"31179",0,0,0,0,0.0858756306992633,7.29
"31181",0,0,0,0,0.0779728666959782,4.71
"31183",0,0,0,0,0.0432521360938476,0.48
"31185",0,0,0,0,0.148303344782199,43.02
"32001",0,0,0,0,0.155881966854198,47.47
"32003",2.07531973892478e-05,0.272793728414324,1,0,0.290565806214865,92.27
"32005",0,0,0,0,0.235024267027973,81.36
"32007",8.29703381041278e-05,1.09061690373304,1,1,0.211527695750664,74.23
"32009",0,0,0,0,0.0726707285666564,3.63
"32011",0,0,0,0,0.0137441702153349,0.03
"32013",0,0,0,0,0.125574760568499,28.6
"32015",0.000253100480890914,3.32691982592825,1,1,0.0686011903122862,2.74
"32017",0.000628140703517588,8.25669612578046,1,1,0.114125682150144,21.13
"32019",0,0,0,0,0.209585185953864,73.69
"32021",0,0,0,0,0.0787285472553556,4.96
"32023",0,0,0,0,0.198912691645156,69.2
"32027",0.000457247370827618,6.01036133161522,1,1,0.0703889083741078,3.05
"32029",0,0,0,0,0.0781441764817311,4.77
"32031",7.53891967281089e-06,0.0990965376172679,1,0,0.354662819903389,98.47
"32033",0,0,0,0,0.101617703141793,14.13
"32510",0,0,0,0,0.210119456247226,73.81
"33001",0,0,0,0,0.272671228167316,89.18
"33003",0.00118654123230782,15.5966813502326,1,1,0.30859928190455,94.91
"33005",0,0,0,0,0.27284957044612,89.28
"33007",0,0,0,0,0.19936000952347,69.39
"33009",0.000345808642072337,4.54553710541403,1,1,0.212838834489222,74.8
"33011",6.73080374771153e-05,0.884741283535725,1,0,0.330407894805731,97.04
"33013",0.000208063621231737,2.73492560778117,1,1,0.312391691508505,95.29
"33015",5.71337157483374e-06,0.0751003281317418,1,0,0.362030280088762,98.79
"33017",0,0,0,0,0.264100526770554,87.34
"33019",0,0,0,0,0.228986390800737,79.67
"34001",0,0,0,0,0.213906203326972,75.15
"34003",2.03950521603459e-06,0.026808603106661,1,0,0.357995868794104,98.73
"34005",3.40091229472306e-05,0.447038365937908,1,0,0.27895105652855,90.49
"34007",0,0,0,0,0.326737220562003,96.72
"34009",0,0,0,0,0.232590074180318,80.72
"34011",0,0,0,0,0.235162268962587,81.42
"34013",1.50710979043638e-05,0.198104461279725,1,0,0.271152384864132,88.83
"34015",0,0,0,0,0.298833350617891,93.54
"34017",0.000256310427616637,3.36911348500148,1,1,0.26076395875275,86.67
"34019",0,0,0,0,0.28653651412097,91.5
"34021",3.80899615637661e-05,0.500679603014881,1,0,0.185335297705651,63.44
"34023",1.4924100289954e-05,0.196172227583356,1,0,0.297379896023216,93.32
"34025",0,0,0,0,0.333944711720354,97.39
"34027",3.06687316946008e-06,0.0403130057879334,1,0,0.272159910160986,89.02
"34029",2.77434837492544e-05,0.36467866754269,1,0,0.333966763298589,97.42
"34031",0.000153572086737515,2.0186529013211,1,1,0.417865296764884,99.94
"34033",0,0,0,0,0.184099828995909,62.71
"34035",0,0,0,0,0.239669346596007,82.02
"34037",0,0,0,0,0.293854442626905,92.87
"34039",3.88045106363164e-06,0.0510072107792819,1,0,0.345265809749393,98.03
"34041",0,0,0,0,0.277551201989718,90.14
"35001",2.58422639890636e-06,0.0339687779768156,1,0,0.293631294661706,92.84
"35003",0,0,0,0,0.112111068270833,19.69
"35005",4.02398293831234e-05,0.528938885044566,1,0,0.215394111450877,75.66
"35006",0.000486558812796497,6.39565027721323,1,1,0.122762645151106,26.66
"35007",0,0,0,0,0.134431543576187,34.36
"35009",0,0,0,0,0.155898666352394,47.5
"35011",0,0,0,0,0.094513041362426,10.66
"35013",2.14479511844631e-05,0.28192603099749,1,0,0.244446358844671,83.04
"35015",5.7373992369259e-05,0.754161635861183,1,0,0.194842695468842,67.26
"35017",0,0,0,0,0.160095797090392,50.14
"35019",0,0,0,0,0.0698758538924431,2.96
"35021",0,0,0,0,0.0625085418833816,1.62
"35023",0,0,0,0,0.106373047669218,17.18
"35025",2.68103702512132e-05,0.352413207652819,1,0,0.140846129893532,38.4
"35027",0,0,0,0,0.221101576927387,77.28
"35028",0,0,0,0,0.0354228941661293,0.16
"35029",0,0,0,0,0.13950546925879,37.42
"35031",0.000178292845999554,2.34359888250368,1,1,0.187004457284903,64.43
"35033",0,0,0,0,0.114225608398505,21.16
"35035",0,0,0,0,0.147104343016913,42.16
"35037",0,0,0,0,0.122086976812749,26.22
"35039",0,0,0,0,0.156396515199606,48.11
"35041",0,0,0,0,0.116766669961401,23.1
"35043",2.37942275204036e-05,0.312767036244379,1,0,0.235517855119528,81.55
"35045",0,0,0,0,0.235444327273409,81.48
"35047",0,0,0,0,0.143308999109334,40.12
"35049",2.71193795085968e-05,0.356475029349745,1,0,0.276186280546619,89.88
"35051",0,0,0,0,0.117096040659885,23.26
"35053",0,0,0,0,0.102724893129078,14.73
"35055",0,0,0,0,0.240343873937652,82.12
"35057",0.00101755278555075,13.3753856344365,1,1,0.164510427372755,52.34
"35059",0,0,0,0,0.108992491669199,18.29
"35061",4.82392667631452e-05,0.634088771454052,1,0,0.195415947408619,67.55
"36001",4.10372577262897e-06,0.0539420809675046,1,0,0.225276633286523,78.75
"36003",0,0,0,0,0.169610733659344,55.23
"36005",5.20008632143294e-06,0.0683533678735677,1,0,0.175282492402338,58.48
"36007",2.24092146690719e-05,0.294561512896335,1,0,0.245300584155042,83.23
"36009",0,0,0,0,0.192591463768144,66.47
"36011",0.000550943950635422,7.241971038112,1,1,0.22203324153504,77.6
"36013",3.95593092944597e-05,0.519993679697866,1,0,0.239549726253436,81.99
"36015",0,0,0,0,0.250920989863176,84.44
"36017",0.00037606102933276,4.94319445716651,1,1,0.168835335190663,54.6
"36019",0,0,0,0,0.197947854143907,68.57
"36021",8.08276753960556e-05,1.06245233044314,1,1,0.259585492774049,86.35
"36023",0,0,0,0,0.183123893981804,62.27
"36025",0,0,0,0,0.205140581326468,72.06
"36027",0,0,0,0,0.254582044408378,85.43
"36029",2.43362293446253e-05,0.31989146606903,1,0,0.31479621804092,95.51
"36031",0,0,0,0,0.193851725749753,66.72
"36033",0,0,0,0,0.135426231838108,35.09
"36035",0,0,0,0,0.192249025934365,66.24
"36037",0,0,0,0,0.216673631544821,76.11
"36039",0,0,0,0,0.218983871762621,76.71
"36041",0,0,0,0,0.140389851073425,38.02
"36043",0,0,0,0,0.205817772604644,72.29
"36045",0,0,0,0,0.164828578829802,52.53
"36047",1.82157570133061e-05,0.239439936812997,1,0,0.233811689472415,81.07
"36049",0,0,0,0,0.148402071562418,43.18
"36051",0,0,0,0,0.200739993992625,70.19
"36053",0,0,0,0,0.194942691160714,67.36
"36055",4.92655734635915e-06,0.0647579224325493,1,0,0.272562711021856,89.15
"36057",0,0,0,0,0.16570504750241,52.97
"36059",4.30539609644087e-06,0.0565929688529384,1,0,0.315175694672539,95.58
"36061",3.04061809684673e-05,0.39967891779058,1,0,0.207859972178084,73.15
"36063",0,0,0,0,0.287850558603945,91.73
"36065",0,0,0,0,0.24799483560416,83.84
"36067",4.91055239937145e-05,0.645475428423609,1,0,0.291906670398854,92.46
"36069",6.87356084819741e-05,0.903506219351995,1,0,0.259684916900355,86.41
"36071",5.15363560360525e-05,0.67742788970179,1,0,0.325283180782445,96.6
"36073",0,0,0,0,0.149998847116613,43.88
"36075",0,0,0,0,0.222252413699133,77.79
"36077",0.00297383029341792,39.0899887953286,1,1,0.200842531903622,70.25
"36079",0,0,0,0,0.282023374869579,90.9
"36081",3.79656399453755e-05,0.499045437581615,1,0,0.250300075620235,84.38
"36083",0,0,0,0,0.233682962831689,81.01
"36085",4.50981529085087e-05,0.592799897084066,1,0,0.215708568314348,75.76
"36087",3.26317506934247e-05,0.428933275648311,1,0,0.25070548769103,84.41
"36089",0,0,0,0,0.182189396210401,61.79
"36091",1.99264713208262e-05,0.261926695139784,1,0,0.300434922627486,93.92
"36093",0.00015965259595121,2.09857912897415,1,1,0.22542350536365,78.81
"36095",0,0,0,0,0.151320199317967,45.02
"36097",0,0,0,0,0.141509984595836,38.85
"36099",0,0,0,0,0.169283502669449,55.07
"36101",0,0,0,0,0.175559679664893,58.64
"36103",0.000188457261931364,2.47720667638651,1,1,0.395028980856195,99.78
"36105",0,0,0,0,0.179872063776144,60.39
"36107",0,0,0,0,0.162791594947587,51.48
"36109",0,0,0,0,0.17652669622751,59.05
"36111",2.95399158112399e-05,0.388292156627797,1,0,0.331886074328626,97.17
"36113",0,0,0,0,0.21818303844383,76.46
"36115",6.00348201957135e-05,0.789137313576424,1,0,0.197225123833861,68.28
"36117",0,0,0,0,0.208610823819337,73.46
"36119",1.87953437668375e-05,0.247058407763276,1,0,0.299817809252485,93.76
"36121",0,0,0,0,0.167827181970132,54.06
"36123",0,0,0,0,0.204468618872663,71.81
"37001",0,0,0,0,0.247827631093219,83.81
"37003",0,0,0,0,0.194715991879643,67.1
"37005",0,0,0,0,0.143933517604334,40.44
"37007",0,0,0,0,0.131350686523979,32.74
"37009",0.000222469410456062,2.92428481251224,1,1,0.202640919474974,70.86
"37011",0,0,0,0,0.165331248878752,52.72
"37013",0,0,0,0,0.206976883971991,72.64
"37015",0.000486302480142649,6.39228087157197,1,1,0.131307627633906,32.61
"37017",0,0,0,0,0.11080573480047,19.15
"37019",0,0,0,0,0.287174903005005,91.54
"37021",0.000384673060497989,5.05639668074292,1,1,0.348600883416543,98.22
"37023",0,0,0,0,0.176118803179779,58.83
"37025",1.02154437077974e-05,0.134278536660597,1,0,0.277670007763366,90.17
"37027",0,0,0,0,0.207587707554834,72.92
"37029",0,0,0,0,0.162434854217102,51.26
"37031",0,0,0,0,0.261835385590114,86.89
"37033",0,0,0,0,0.154132243265629,46.39
"37035",5.13478818998716e-05,0.674950461219127,1,0,0.2581174578055,85.94
"37037",0,0,0,0,0.24406732577641,82.95
"37039",0,0,0,0,0.207023042661415,72.67
"37041",0,0,0,0,0.1389565978359,37.16
"37043",0,0,0,0,0.172388155797591,56.73
"37045",0,0,0,0,0.212446670929867,74.64
"37047",0,0,0,0,0.163868358799184,51.99
"37049",0,0,0,0,0.194946988866245,67.39
"37051",0,0,0,0,0.127586671417863,30.03
"37053",0,0,0,0,0.22476701137754,78.49
"37055",0,0,0,0,0.218969063820774,76.68
"37057",1.86126156308746e-05,0.244656508501173,1,0,0.279494385496127,90.58
"37059",0,0,0,0,0.178847789676054,60.1
"37061",0,0,0,0,0.142704988659826,39.74
"37063",4.6944683514592e-05,0.617071914509467,1,0,0.151550784173792,45.15
"37065",0,0,0,0,0.148356460918818,43.08
"37067",0,0,0,0,0.251709080056696,84.63
"37069",0,0,0,0,0.242503430218469,82.66
"37071",9.96799167118918e-05,1.31025863715605,1,1,0.259019237018501,86.13
"37073",0,0,0,0,0.129814464448002,31.43
"37075",0.00117600940807526,15.45824409907,1,1,0.169884810679115,55.36
"37077",4.38788942518649e-05,0.576773156307262,1,0,0.134282846596581,34.2
"37079",0,0,0,0,0.124844510279591,28.09
"37081",9.44218706231529e-05,1.2411434078341,1,1,0.347013993741031,98.19
"37083",0,0,0,0,0.191801493361036,66.15
"37085",0.00391406973617377,51.4491168073073,1,1,0.229529830299894,79.83
"37087",0,0,0,0,0.257660659940259,85.84
"37089",0,0,0,0,0.289812451735036,92.08
"37091",0.000204415372035977,2.68697061166036,1,1,0.16125664473068,50.72
"37093",0,0,0,0,0.170815082699153,56.03
"37095",0.000429553264604811,5.6463317148808,1,1,0.159158587071464,49.6
"37097",0.000297914597815293,3.9159861665072,1,1,0.340472584866308,97.8
"37099",0,0,0,0,0.15854619615225,49.28
"37101",0.000588251771758313,7.73236967077768,1,1,0.281071295136403,90.84
"37103",0.000442282176028306,5.81364893066895,1,1,0.166355866183535,53.29
"37105",0,0,0,0,0.190925193777757,65.8
"37107",0,0,0,0,0.159689491978628,49.86
"37109",0,0,0,0,0.265387360996165,87.75
"37111",0,0,0,0,0.171499474339116,56.38
"37113",0,0,0,0,0.232637451175699,80.75
"37115",0,0,0,0,0.194193527066495,66.75
"37117",0,0,0,0,0.172399640875105,56.76
"37119",9.2762657464611e-06,0.121933361461221,1,0,0.304880705297209,94.27
"37121",0,0,0,0,0.142727542707513,39.77
"37123",0,0,0,0,0.140545549612813,38.12
"37125",0.00107493857493857,14.1297023380985,1,1,0.258237939584642,86.03
"37127",0,0,0,0,0.211033352827726,74.07
"37129",0,0,0,0,0.315553923388731,95.64
"37131",0,0,0,0,0.123720639221646,27.17
"37133",2.00998964855331e-05,0.264206310005578,1,0,0.120912676001244,25.64
"37135",0.000227098225389582,2.98512901209128,1,1,0.150863670696831,44.58
"37137",0,0,0,0,0.117977621861788,23.86
"37139",0,0,0,0,0.169960718435491,55.42
"37141",5.56018904642758e-05,0.730867958423269,1,0,0.249036803280199,84.12
"37143",0,0,0,0,0.167980476728423,54.22
"37145",0,0,0,0,0.195965078817476,67.8
"37147",0,0,0,0,0.204790069864953,72.03
"37149",0,0,0,0,0.207155969544717,72.76
"37151",1.9906836007485e-05,0.261668595617361,1,0,0.258229470620903,86
"37153",0,0,0,0,0.164409967559937,52.24
"37155",0,0,0,0,0.190122121992958,65.51
"37157",0,0,0,0,0.200190199058936,70.03
"37159",1.724286576429e-05,0.226651611901759,1,0,0.253031474493831,85.01
"37161",4.73552114410191e-05,0.622468164618198,1,0,0.220773090780263,77.19
"37163",0,0,0,0,0.166078309365431,53.13
"37165",0,0,0,0,0.145769623682759,41.23
"37167",0,0,0,0,0.226208399294847,78.94
"37169",0,0,0,0,0.174896997915189,58.26
"37171",3.06419488279455e-05,0.402778006197104,1,0,0.215548285188604,75.72
"37173",0,0,0,0,0.0826684781465626,6.11
"37175",0,0,0,0,0.204312939642918,71.68
"37177",0,0,0,0,0.0893885586873618,8.56
"37179",0.000390248381617006,5.12968238253805,1,1,0.329764087508337,96.95
"37181",0,0,0,0,0.173606863436069,57.62
"37183",2.77121538578782e-06,0.0364266846765437,1,0,0.312861835622961,95.35
"37185",0,0,0,0,0.134727105795798,34.52
"37187",0.000258732212160414,3.40094701998512,1,1,0.169780475274212,55.3
"37189",0,0,0,0,0.20521872683333,72.13
"37191",0,0,0,0,0.199148793985676,69.3
"37193",0,0,0,0,0.204572120080598,71.91
"37195",0,0,0,0,0.209839496281827,73.75
"37197",0,0,0,0,0.165351471377993,52.75
"37199",0,0,0,0,0.181078791932448,61.25
"38001",0,0,0,0,0.0702960833047045,3.02
"38003",0,0,0,0,0.127161156769015,29.69
"38005",0,0,0,0,0.0506172587525255,0.7
"38007",0,0,0,0,0.064190583503176,1.91
"38009",0,0,0,0,0.119864793311513,25.04
"38011",0,0,0,0,0.1060720482952,17.02
"38013",0,0,0,0,0.0821837115990304,5.98
"38015",0,0,0,0,0.267627655097239,88.32
"38017",0,0,0,0,0.299129050272226,93.64
"38019",0,0,0,0,0.0785107256053061,4.9
"38021",0,0,0,0,0.0892272529677914,8.46
"38023",0,0,0,0,0.0910888875808075,9.23
"38025",0,0,0,0,0.0858362939468335,7.25
"38027",0,0,0,0,0.0855065862472782,7.16
"38029",0,0,0,0,0.103302292675012,15.18
"38031",0,0,0,0,0.0920514132726303,9.77
"38033",0,0,0,0,0.0648224225034609,2
"38035",0,0,0,0,0.217798796508232,76.26
"38037",0,0,0,0,0.0675648108495135,2.55
"38039",0,0,0,0,0.0851996989835162,7.1
"38041",0,0,0,0,0.0737308493360011,3.82
"38043",0,0,0,0,0.0840042785815012,6.59
"38045",0,0,0,0,0.104855747862789,16.32
"38047",0,0,0,0,0.0719648131849132,3.37
"38049",0,0,0,0,0.113209178764817,20.46
"38051",0,0,0,0,0.0869088738691663,7.6
"38053",0,0,0,0,0.103809617072214,15.59
"38055",0,0,0,0,0.102017057916044,14.25
"38057",0,0,0,0,0.0901077494512143,8.85
"38059",0,0,0,0,0.223569010630773,78.14
"38061",0,0,0,0,0.115970876582334,22.34
"38063",0,0,0,0,0.0758161837007712,4.3
"38065",0,0,0,0,0.0782713223332192,4.8
"38067",0,0,0,0,0.0936847155967546,10.4
"38069",0,0,0,0,0.106169111917789,17.09
"38071",0,0,0,0,0.15446198804509,46.61
"38073",0,0,0,0,0.0883805880176041,8.24
"38075",0,0,0,0,0.0952178232741679,10.88
"38077",0,0,0,0,0.1356749338326,35.35
"38079",0,0,0,0,0.0842382616044734,6.68
"38081",0,0,0,0,0.0591141709465518,1.3
"38083",0,0,0,0,0.0566332756269883,1.05
"38085",0,0,0,0,0.040698350113851,0.25
"38087",0,0,0,0,0.0660127227388056,2.16
"38089",0,0,0,0,0.207409889883422,72.89
"38091",0,0,0,0,0.0776740786425,4.65
"38093",0,0,0,0,0.15674820999418,48.3
"38095",0,0,0,0,0.0611376360961014,1.53
"38097",0,0,0,0,0.0906282578408975,8.97
"38099",0,0,0,0,0.100807996123384,13.68
"38101",0,0,0,0,0.228487057027405,79.54
"38103",0,0,0,0,0.108101088412389,17.91
"38105",0,0,0,0,0.162645448885008,51.38
"39001",0,0,0,0,0.171159158182981,56.12
"39003",0,0,0,0,0.261797896636507,86.83
"39005",0,0,0,0,0.206356854267386,72.38
"39007",0.000269679081892548,3.54483990322064,1,1,0.253328212285164,85.08
"39009",0,0,0,0,0.152062523417741,45.37
"39011",0,0,0,0,0.181357186162919,61.37
"39013",8.90194507499889e-05,1.17013043416945,1,1,0.235863147590234,81.61
"39015",0,0,0,0,0.198055807732265,68.6
"39017",5.56006538636894e-05,0.730851703728719,1,0,0.306681541170539,94.5
"39019",0,0,0,0,0.198686015299689,69.01
"39021",0,0,0,0,0.162372871709104,51.22
"39023",0,0,0,0,0.220744133071999,77.16
"39025",0.000171725411067703,2.25727218172713,1,1,0.308900147868222,94.94
"39027",0,0,0,0,0.145049470175504,40.98
"39029",3.07332964533776e-05,0.403978739696432,1,0,0.261222269126901,86.76
"39031",0,0,0,0,0.204554650865574,71.87
"39033",0,0,0,0,0.207970707777388,73.24
"39035",6.37093397892131e-05,0.837437625149694,1,0,0.322723049512845,96.28
"39037",0,0,0,0,0.217206862162467,76.2
"39039",0,0,0,0,0.181784379386668,61.53
"39041",0,0,0,0,0.239826377969984,82.06
"39043",0,0,0,0,0.216206248950623,75.95
"39045",0.00018628912071535,2.44870719676649,1,1,0.265624576706523,87.81
"39047",0,0,0,0,0.159276190478859,49.63
"39049",1.86575213716077e-05,0.245246779205586,1,0,0.271585372109186,88.86
"39051",0,0,0,0,0.174914717670278,58.32
"39053",0.00119884910485934,15.758464153104,1,1,0.144878463646119,40.88
"39055",0.000254311739954686,3.34284141477476,1,1,0.274342800278671,89.56
"39057",0,0,0,0,0.159735468042779,49.98
"39059",0,0,0,0,0.182157366509603,61.72
"39061",7.11698183034539e-06,0.0935503080389334,1,0,0.30701376682892,94.62
"39063",0,0,0,0,0.185583010982089,63.7
"39065",0,0,0,0,0.135610912160933,35.25
"39067",0,0,0,0,0.140104028924178,37.93
"39069",0,0,0,0,0.141061643498003,38.56
"39071",0,0,0,0,0.20161272183053,70.44
"39073",0,0,0,0,0.180690352564572,60.77
"39075",0.00613447736658514,80.6356206861434,1,1,0.290033088664221,92.17
"39077",0.000248303261049495,3.26386200105343,1,1,0.198994905954538,69.23
"39079",0,0,0,0,0.16156591886276,50.87
"39081",0,0,0,0,0.197389412964482,68.37
"39083",0,0,0,0,0.224294569310558,78.33
"39085",9.22909379528024e-06,0.121313302190456,1,0,0.320870295986966,96.09
"39087",0,0,0,0,0.162080504230391,51.1
"39089",1.23052691162356e-05,0.161748581599224,1,0,0.227364349842432,79.29
"39091",0,0,0,0,0.169123147765,54.95
"39093",7.18765161452624e-05,0.944792383406767,1,0,0.275470990008705,89.72
"39095",9.34321845846239e-06,0.122813432112105,1,0,0.308193386133054,94.81
"39097",0,0,0,0,0.116359641539328,22.75
"39099",0,0,0,0,0.323492484150525,96.34
"39101",0,0,0,0,0.171392345393486,56.32
"39103",0,0,0,0,0.320669722913342,96.05
"39105",0,0,0,0,0.140094532074404,37.89
"39107",0,0,0,0,0.176911914742605,59.12
"39109",0,0,0,0,0.228112842609282,79.38
"39111",0,0,0,0,0.161786280906327,50.97
"39113",0.000130672929287796,1.71765125703993,1,1,0.316689046344485,95.7
"39115",0,0,0,0,0.116320753200596,22.69
"39117",0.000138561729250381,1.82134685218824,1,1,0.233975809697116,81.13
"39119",0.000983385953108017,12.9262742307648,1,1,0.240530093401696,82.15
"39121",0,0,0,0,0.143679161811237,40.31
"39123",0,0,0,0,0.179979133341593,60.45
"39125",0,0,0,0,0.124627162655079,27.78
"39127",0,0,0,0,0.161837592992182,51
"39129",0,0,0,0,0.147553402360129,42.51
"39131",0,0,0,0,0.12873538917717,30.8
"39133",0.00139794259318351,18.3754804115772,1,1,0.258213620398476,85.97
"39135",0,0,0,0,0.156292722021162,47.92
"39137",0,0,0,0,0.184807479763861,63.09
"39139",0,0,0,0,0.256206780429991,85.56
"39141",6.19924369226954e-05,0.814869520317556,1,0,0.185405336441016,63.6
"39143",0,0,0,0,0.186238934611859,64.05
"39145",0.00132478785491783,17.4138862326962,1,1,0.182541808471631,62.01
"39147",0,0,0,0,0.183910800016004,62.62
"39149",0,0,0,0,0.147561540370995,42.54
"39151",0.00165679111775873,21.7779563187358,1,1,0.35489297476413,98.5
"39153",3.14752447200277e-05,0.413731397571449,1,0,0.342576730542247,97.9
"39155",0,0,0,0,0.299380051138904,93.67
"39157",0.00033719501914786,4.43231395870312,1,1,0.335272943945552,97.52
"39159",7.95397300951825e-05,1.04552272706545,1,1,0.168243432896163,54.44
"39161",0,0,0,0,0.15074447322927,44.38
"39163",0,0,0,0,0.123238725935799,26.89
"39165",2.67787804943363e-05,0.351997971031853,1,0,0.27467873149113,89.6
"39167",0,0,0,0,0.208463781404822,73.4
"39169",0.000304943675109421,4.00838099928468,1,1,0.2874438681148,91.63
"39171",0,0,0,0,0.168492976833236,54.47
"39173",0,0,0,0,0.219355419700728,76.87
"39175",0,0,0,0,0.142070409691054,39.26
"40001",0,0,0,0,0.121612781379356,26.03
"40003",0,0,0,0,0.0803972817806703,5.47
"40005",0,0,0,0,0.156354849650349,48.04
"40007",0,0,0,0,0.103987246034717,15.72
"40009",0,0,0,0,0.134522153115397,34.39
"40011",0,0,0,0,0.111753924887548,19.57
"40013",0,0,0,0,0.162692477212566,51.45
"40015",0,0,0,0,0.1171662459694,23.35
"40017",6.29260618772942e-05,0.8271417031301,1,0,0.278570569647358,90.36
"40019",0,0,0,0,0.211127652582816,74.13
"40021",0,0,0,0,0.110187223343031,18.8
"40023",0,0,0,0,0.112312343183236,19.92
"40025",0,0,0,0,0.0688891193275512,2.8
"40027",0.000174403128241374,2.29246986417308,1,1,0.270820548086139,88.71
"40029",0,0,0,0,0.106264674581488,17.12
"40031",0,0,0,0,0.148368399772808,43.11
"40033",0,0,0,0,0.0714628293745637,3.31
"40035",0.000519031141868512,6.82248800981445,1,1,0.154595450531099,46.71
"40037",0.000161264312207708,2.1197645915566,1,1,0.22435013327664,78.4
"40039",0,0,0,0,0.164420426947251,52.27
"40041",0,0,0,0,0.210716093520599,73.97
"40043",0,0,0,0,0.0914136869692495,9.39
"40045",0,0,0,0,0.0699041950821116,2.99
"40047",0,0,0,0,0.21256635216257,74.74
"40049",0,0,0,0,0.168543430294889,54.5
"40051",0.000235432607416127,3.09468163207593,1,1,0.246360154016164,83.55
"40053",0,0,0,0,0.0955120150202049,11.04
"40055",0,0,0,0,0.0776913074410094,4.68
"40057",0,0,0,0,0.105127592726645,16.48
"40059",0,0,0,0,0.081755068414976,5.85
"40061",0,0,0,0,0.143170084082536,40.06
"40063",0,0,0,0,0.117399392579328,23.61
"40065",0,0,0,0,0.11926218525499,24.59
"40067",0,0,0,0,0.0965957870841106,11.8
"40069",0,0,0,0,0.0928136815814336,10.02
"40071",0.000261110240743642,3.43220539773422,1,1,0.191305558518707,66.02
"40073",0,0,0,0,0.142501515070947,39.58
"40075",0,0,0,0,0.104726932080876,16.23
"40077",0,0,0,0,0.0986283144460687,12.66
"40079",0,0,0,0,0.179135709982777,60.23
"40081",0,0,0,0,0.162966638778327,51.61
"40083",0,0,0,0,0.222110862247254,77.66
"40085",0,0,0,0,0.0723860540419736,3.53
"40087",0,0,0,0,0.196097729693098,67.87
"40089",0,0,0,0,0.156241482583806,47.88
"40091",0,0,0,0,0.147956742509427,42.73
"40093",0,0,0,0,0.117382359535106,23.58
"40095",0.00536103199865974,70.4689441165622,1,1,0.122936794274324,26.76
"40097",6.17856039542787e-05,0.812150771222891,1,0,0.167484571188612,53.77
"40099",0,0,0,0,0.126880236787188,29.49
"40101",0,0,0,0,0.197628243327585,68.47
"40103",0,0,0,0,0.0881418159285314,8.15
"40105",0,0,0,0,0.120765604849701,25.55
"40107",0,0,0,0,0.100368934749134,13.59
"40109",3.2345013477089e-05,0.425164212363639,1,0,0.295775645926327,93.1
"40111",0,0,0,0,0.141351036209433,38.75
"40113",0,0,0,0,0.153798234060503,46.26
"40115",0.00194578636607622,25.5767006666017,1,1,0.159878718011255,50.05
"40117",0,0,0,0,0.141200250553799,38.72
"40119",6.93208863830672e-05,0.911199498503304,1,0,0.185728925399231,63.82
"40121",0,0,0,0,0.179824786498738,60.36
"40123",0,0,0,0,0.150375803018913,44.23
"40125",0,0,0,0,0.207817544802933,73.08
"40127",0,0,0,0,0.140788461494505,38.34
"40129",0,0,0,0,0.0939680581711689,10.5
"40131",0.000112101339611008,1.47353402076593,1,1,0.233194709026498,80.85
"40133",0,0,0,0,0.128418044444367,30.67
"40135",0,0,0,0,0.180912947025141,61.02
"40137",0,0,0,0,0.172924592286721,57.17
"40139",0,0,0,0,0.104258796820996,15.91
"40141",0,0,0,0,0.098068823579225,12.47
"40143",0.000134951790882561,1.7738954388839,1,1,0.369324722790052,99.08
"40145",0,0,0,0,0.211699006616198,74.39
"40147",0,0,0,0,0.194885445531267,67.32
"40149",0,0,0,0,0.133185689732022,33.73
"40151",0,0,0,0,0.114381628034503,21.25
"40153",0,0,0,0,0.17992588040912,60.42
"41001",0.00151492198151795,19.913134725409,1,1,0.204002785873994,71.46
"41003",0,0,0,0,0.203048893557956,71.17
"41005",9.58690529651289e-05,1.26016612801348,1,1,0.39494457535596,99.75
"41007",0,0,0,0,0.224111765545147,78.3
"41009",0,0,0,0,0.264780933586767,87.59
"41011",0.000190861549032332,2.5088102134295,1,1,0.24884025424638,84.06
"41013",0,0,0,0,0.226849089562092,79.13
"41015",0.000630835225839011,8.29211470618376,1,1,0.226904311423786,79.16
"41017",6.51653804261816e-05,0.856576784606983,1,0,0.379060874611707,99.52
"41019",0.000162881608339538,2.14102339970443,1,1,0.25733562301346,85.71
"41021",0,0,0,0,0.0797520439036367,5.35
"41023",0,0,0,0,0.127553824935277,29.97
"41025",0.00608974358974359,80.0476103886562,1,1,0.145007193657753,40.95
"41027",0,0,0,0,0.195525449476091,67.64
"41029",0,0,0,0,0.371403332558079,99.24
"41031",0.000756143667296786,9.93925159337807,1,1,0.185709798072172,63.79
"41033",0.000529941706412295,6.96590367368442,1,1,0.289623321065528,91.98
"41035",7.3305721511564e-05,0.963578802348898,1,0,0.254200804610921,85.24
"41037",0,0,0,0,0.1147702590776,21.41
"41039",8.53023969973556e-05,1.1212710255261,1,1,0.374178791143325,99.33
"41041",9.42773640049024e-05,1.23924391743589,1,1,0.219844360763917,76.96
"41043",9.15935444869846e-05,1.2039660217482,1,1,0.260086220310038,86.51
"41045",0.000473068865310536,6.21832950095948,1,1,0.177310760504794,59.27
"41047",4.26600685760602e-05,0.560752106916477,1,0,0.273782531795503,89.41
"41049",0,0,0,0,0.0844521422907439,6.75
"41051",6.62765307639534e-05,0.871182478263935,1,0,0.356859608678359,98.63
"41053",0.000157004356870903,2.06376892604977,1,1,0.243629273912353,82.88
"41055",0,0,0,0,0.0851373639988942,7.03
"41057",0,0,0,0,0.181146220018558,61.28
"41059",0.00021381227282446,2.81048967976106,1,1,0.209369409955422,73.62
"41061",0.000414112970018221,5.44337428865434,1,1,0.204420604497962,71.78
"41063",0,0,0,0,0.198496563393489,68.79
"41065",0,0,0,0,0.187718319610244,64.81
"41067",4.73646038394932e-05,0.622591624504907,1,0,0.313365882823209,95.42
"41069",0,0,0,0,0.105667655901693,16.83
"41071",0.000109294395383405,1.43663769260323,1,1,0.264642339801135,87.56
"42001",2.60647448261482e-05,0.342612214779818,1,0,0.253513496714962,85.14
"42003",1.34464086659415e-06,0.0176748473257682,1,0,0.287398303751891,91.6
"42005",5.60192706290964e-05,0.736354278877514,1,0,0.256654574587316,85.59
"42007",0,0,0,0,0.277794710634008,90.3
"42009",0,0,0,0,0.199303292458712,69.36
"42011",0,0,0,0,0.317491035177058,95.77
"42013",0,0,0,0,0.278918127081479,90.45
"42015",0,0,0,0,0.196237578438134,67.93
"42017",6.51372441734735e-06,0.0856206943124927,1,0,0.407950962247578,99.87
"42019",0,0,0,0,0.310738067252112,95.16
"42021",0,0,0,0,0.256743229491759,85.62
"42023",0,0,0,0,0.085014017687575,7
"42025",0,0,0,0,0.185356199449269,63.47
"42027",8.6435759708588e-05,1.13616869328515,1,1,0.201268564214599,70.41
"42029",3.54788581484293e-06,0.0466357535789032,1,0,0.350537751930239,98.28
"42031",0,0,0,0,0.202981787339331,71.14
"42033",0,0,0,0,0.222711121995212,77.86
"42035",0.000558386263697913,7.33979771466043,1,1,0.208095991044754,73.27
"42037",0,0,0,0,0.207911919137869,73.18
"42039",3.08870768470472e-05,0.406000130721599,1,0,0.25269754839834,84.89
"42041",0,0,0,0,0.222693085240026,77.82
"42043",0,0,0,0,0.202252770304212,70.73
"42045",0,0,0,0,0.299889011924671,93.8
"42047",0,0,0,0,0.165658379352993,52.85
"42049",0,0,0,0,0.275035736925771,89.66
"42051",0,0,0,0,0.255282143569474,85.46
"42053",0.000424628450106157,5.58159670158917,1,1,0.134414756848276,34.3
"42055",0,0,0,0,0.245879952751235,83.42
"42057",0.000966183574879227,12.7001548137609,1,1,0.139698040976709,37.58
"42059",0,0,0,0,0.133574186183717,33.88
"42061",0,0,0,0,0.177049424944901,59.15
"42063",3.21688219777392e-05,0.422848234968877,1,0,0.241304724983581,82.41
"42065",0,0,0,0,0.216390610998609,76.01
"42067",0,0,0,0,0.186406941851552,64.14
"42069",0,0,0,0,0.259163431983325,86.22
"42071",0.000210720030343684,2.76984320299556,1,1,0.422610030597305,100
"42073",0,0,0,0,0.252169237850888,84.73
"42075",0,0,0,0,0.26536025095153,87.72
"42077",0,0,0,0,0.263347425905353,87.24
"42079",3.18414550271289e-05,0.41854510763184,1,0,0.275891285647586,89.79
"42081",0.00020152056425758,2.64891934697568,1,1,0.293463543071287,92.81
"42083",0,0,0,0,0.180736970945305,60.8
"42085",0.00114188431673795,15.0096813680467,1,1,0.260718326442537,86.64
"42087",5.27120341573981e-05,0.69288177914936,1,0,0.224999523676823,78.62
"42089",1.5782081025204e-05,0.207450092834028,1,0,0.229271024895805,79.76
"42091",5.57999553600357e-05,0.733471454181968,1,0,0.33829403781331,97.71
"42093",0,0,0,0,0.0706904738575664,3.12
"42095",0,0,0,0,0.287602473282289,91.7
"42097",0,0,0,0,0.232447237067011,80.69
"42099",0,0,0,0,0.206508206736019,72.48
"42101",1.23713074740017e-06,0.0162616633374355,1,0,0.207959291441547,73.21
"42103",0,0,0,0,0.187169495455865,64.52
"42105",0.0131507836425869,172.862582769537,1,1,0.1614929135271,50.81
"42107",0,0,0,0,0.247492468174696,83.74
"42109",5.47315417875322e-05,0.719427520783892,1,0,0.21328287439592,74.93
"42111",3.7673297166968e-05,0.495202691088099,1,0,0.257636474622873,85.81
"42113",0,0,0,0,0.132159360752932,33.09
"42115",0,0,0,0,0.233681176872796,80.97
"42117",0,0,0,0,0.202927385062538,71.05
"42119",0,0,0,0,0.170005147887836,55.49
"42121",0.000279688985847737,3.67641668966899,1,1,0.242202405290363,82.6
"42123",0,0,0,0,0.178017718739907,59.59
"42125",0,0,0,0,0.306640659376896,94.46
"42127",0,0,0,0,0.241252301586472,82.37
"42129",0,0,0,0,0.34328489171649,97.93
"42131",0,0,0,0,0.169625956437524,55.27
"42133",4.95081366622604e-06,0.0650767635156842,1,0,0.327287985993866,96.79
"44001",0,0,0,0,0.259528140202957,86.32
"44003",0,0,0,0,0.287544900863181,91.66
"44005",0,0,0,0,0.218224774142267,76.49
"44007",9.2851372807547e-06,0.122049974765248,1,0,0.292715928271617,92.59
"44009",0.00118662671690053,15.5978050161589,1,1,0.279562479311802,90.61
"45001",0,0,0,0,0.157649097810906,48.68
"45003",0,0,0,0,0.18775482043922,64.84
"45005",0,0,0,0,0.0909825985487644,9.1
"45007",1.2058071673178e-05,0.158499255199953,1,0,0.264209197631609,87.4
"45009",0,0,0,0,0.130655180371808,32.01
"45011",0,0,0,0,0.125435729056096,28.51
"45013",0,0,0,0,0.262939892093769,87.08
"45015",0,0,0,0,0.277754226499749,90.23
"45017",0,0,0,0,0.11406564475231,21.06
"45019",3.17340433296628e-06,0.0417133217363678,1,0,0.306844165613174,94.56
"45021",0,0,0,0,0.191551891135838,66.12
"45023",0,0,0,0,0.15969955365392,49.89
"45025",6.17283950617284e-05,0.811398779768055,1,0,0.136819005857058,36.05
"45027",0,0,0,0,0.176133515721868,58.89
"45029",0,0,0,0,0.198790728674828,69.11
"45031",0,0,0,0,0.164038293001141,52.08
"45033",0,0,0,0,0.134422454770289,34.33
"45035",0,0,0,0,0.276495618517631,89.98
"45037",0,0,0,0,0.148407073211633,43.21
"45039",0,0,0,0,0.136901761712726,36.14
"45041",0,0,0,0,0.211969187142996,74.48
"45043",0,0,0,0,0.204090110819294,71.52
"45045",0.000154253308128544,2.02760732504913,1,1,0.345590255443497,98.06
"45047",0,0,0,0,0.19424454842079,66.78
"45049",0,0,0,0,0.155056462765087,46.96
"45051",9.13709294250941e-05,1.20103982239707,1,1,0.31625415089547,95.67
"45053",0,0,0,0,0.20435777883871,71.71
"45055",0,0,0,0,0.228822101609728,79.64
"45057",0,0,0,0,0.231580305840111,80.5
"45059",0,0,0,0,0.170569650347735,55.9
"45061",0.000228937728937729,3.00930866122768,1,1,0.15894828488765,49.44
"45063",0,0,0,0,0.319325429046244,95.93
"45065",0.000399520575309628,5.25156221823512,1,1,0.16606684830216,53.1
"45067",0,0,0,0,0.145478138099612,41.04
"45069",0,0,0,0,0.112502816806896,19.98
"45071",0,0,0,0,0.147509508389187,42.44
"45073",3.4479191807744e-05,0.453217261395114,1,0,0.231583810957788,80.53
"45075",0,0,0,0,0.205841219488575,72.32
"45077",0,0,0,0,0.194622403177396,67.04
"45079",0,0,0,0,0.238140820527078,81.86
"45081",0,0,0,0,0.106724202689184,17.34
"45083",5.74085768413801e-06,0.0754616236996527,1,0,0.279181724092208,90.52
"45085",0,0,0,0,0.196452381549856,68.06
"45087",0,0,0,0,0.125929627009169,28.86
"45089",0,0,0,0,0.136613276389783,35.92
"45091",7.5981426762347e-05,0.998750038752068,1,0,0.312744115344767,95.32
"46003",0,0,0,0,0.070987575843552,3.25
"46005",0,0,0,0,0.158266286300361,49.06
"46007",0,0,0,0,0.0732641285571404,3.79
"46009",0,0,0,0,0.111289079299217,19.28
"46011",0,0,0,0,0.168024183030067,54.28
"46013",0,0,0,0,0.230624957502364,80.11
"46015",0,0,0,0,0.129025720615936,30.89
"46017",0,0,0,0,0.0579224227719391,1.24
"46019",0.000565131393048884,7.42846014820147,1,1,0.196854136155569,68.22
"46021",0,0,0,0,0.0791545773651346,5.12
"46023",0,0,0,0,0.129109028954514,30.93
"46025",0,0,0,0,0.0750339858721977,4.07
"46027",0,0,0,0,0.105021236978396,16.39
"46029",0,0,0,0,0.223102948305729,78.01
"46031",0,0,0,0,0.0570583638693933,1.11
"46033",0,0,0,0,0.169010554551271,54.72
"46035",0,0,0,0,0.194744952670755,67.13
"46037",0,0,0,0,0.121233309859381,25.77
"46039",0,0,0,0,0.10518317946954,16.54
"46041",0,0,0,0,0.0827226811035428,6.2
"46043",0,0,0,0,0.090743985164154,9
"46045",0,0,0,0,0.0968154169414693,11.93
"46047",0,0,0,0,0.130137945889483,31.72
"46049",0,0,0,0,0.0847119903061678,6.84
"46051",0,0,0,0,0.120514494762172,25.36
"46053",0,0,0,0,0.12625072830869,29.05
"46055",0,0,0,0,0.0965609100579864,11.77
"46057",0,0,0,0,0.0943781419271795,10.56
"46059",0,0,0,0,0.0862450958793971,7.48
"46061",0,0,0,0,0.0956820577408471,11.14
"46063",0,0,0,0,0.0661438877388009,2.2
"46065",0,0,0,0,0.162927723985026,51.57
"46067",0,0,0,0,0.104882069275494,16.35
"46069",0,0,0,0,0.0609934782423294,1.5
"46071",0,0,0,0,0.0694095546478995,2.86
"46073",0,0,0,0,0.0558760448475355,1.02
"46075",0,0,0,0,0.0682864995694277,2.7
"46077",0,0,0,0,0.10093832409854,13.74
"46079",0,0,0,0,0.140039624588814,37.86
"46081",0,0,0,0,0.226985079593956,79.19
"46083",0,0,0,0,0.229037033415341,79.7
"46085",0,0,0,0,0.0784425291256956,4.84
"46087",0,0,0,0,0.115329692128,21.89
"46089",0,0,0,0,0.0696436572369162,2.93
"46091",0,0,0,0,0.0847571604737153,6.87
"46093",0,0,0,0,0.225022823854754,78.65
"46095",0,0,0,0,0.0431696235889353,0.45
"46097",0,0,0,0,0.0926155555062266,9.96
"46099",0,0,0,0,0.290566821623036,92.3
"46101",0,0,0,0,0.0886319718075083,8.34
"46102",0,0,0,0,0.0442074460872567,0.54
"46103",0,0,0,0,0.319592301080926,95.96
"46105",0,0,0,0,0.1021221734627,14.32
"46107",0,0,0,0,0.0839544214082651,6.52
"46109",0,0,0,0,0.10395507249567,15.69
"46111",0,0,0,0,0.0632997817701242,1.78
"46115",0,0,0,0,0.0820285800422506,5.92
"46117",0,0,0,0,0.108171693089583,17.94
"46119",0,0,0,0,0.0689335439101075,2.83
"46121",0,0,0,0,0.0474285141309531,0.6
"46123",0,0,0,0,0.114371791725078,21.22
"46125",0,0,0,0,0.124640162606082,27.81
"46127",0,0,0,0,0.148097301826,42.86
"46129",0,0,0,0,0.131977222325661,32.96
"46135",0,0,0,0,0.187849275386129,64.87
"46137",0,0,0,0,0.0501818578773744,0.67
"47001",0,0,0,0,0.157774029029875,48.84
"47003",0,0,0,0,0.179473652671281,60.26
"47005",0.00394244037058939,51.8220391572738,1,1,0.192355775559589,66.31
"47007",0.00355029585798817,46.6674327771923,1,1,0.18300568409845,62.17
"47009",7.85200540217972e-05,1.03211943153385,1,1,0.261834892795187,86.86
"47011",0,0,0,0,0.235920313778747,81.64
"47013",0,0,0,0,0.182583276708541,62.04
"47015",0,0,0,0,0.186943049220196,64.4
"47017",0,0,0,0,0.162583011448464,51.35
"47019",0,0,0,0,0.185042084236033,63.25
"47021",0.000336757029802997,4.42655673757956,1,1,0.198813485651601,69.14
"47023",0,0,0,0,0.136975793106236,36.21
"47025",0,0,0,0,0.14184103609613,39.17
"47027",0,0,0,0,0.127826681397627,30.23
"47029",0,0,0,0,0.165891214040458,53.07
"47031",0,0,0,0,0.189383653124424,65.22
"47033",0,0,0,0,0.112411431833635,19.95
"47035",0.000259627866724362,3.41272009491367,1,1,0.228558669508371,79.61
"47037",6.12311653740983e-05,0.804862864466773,1,0,0.292538446468958,92.52
"47039",0.00190703218116806,25.0672900734064,1,1,0.19181522290952,66.18
"47041",0,0,0,0,0.1455607002468,41.08
"47043",0,0,0,0,0.230346958329546,80.05
"47045",0,0,0,0,0.149322061954661,43.56
"47047",0,0,0,0,0.22587701119619,78.84
"47049",0,0,0,0,0.129314486772646,31.12
"47051",0,0,0,0,0.171955496664568,56.51
"47053",0,0,0,0,0.190658001737031,65.7
"47055",0.00176429075511644,23.1910025268922,1,1,0.183407821264232,62.39
"47057",0,0,0,0,0.146325435179959,41.71
"47059",0,0,0,0,0.189855088387921,65.38
"47061",0,0,0,0,0.146108429030744,41.49
"47063",0,0,0,0,0.186242269588641,64.08
"47065",6.88066896292129e-05,0.904440556881367,1,0,0.321609641811168,96.12
"47067",0,0,0,0,0.113588774725658,20.71
"47069",0.00295896050430979,38.8945304697771,1,1,0.14616638396358,41.65
"47071",0,0,0,0,0.181052315003103,61.18
"47073",7.14796283059328e-05,0.93957542760847,1,0,0.150906145284356,44.67
"47075",0,0,0,0,0.0967231083189084,11.9
"47077",0,0,0,0,0.158455400457535,49.22
"47079",0,0,0,0,0.197842973948832,68.5
"47081",0,0,0,0,0.184363186327193,62.81
"47083",0.00197921820880752,26.0161508802425,1,1,0.186220174461921,64.02
"47085",0,0,0,0,0.156742398056686,48.27
"47087",0,0,0,0,0.152878226305263,45.78
"47089",0,0,0,0,0.165703872925,52.94
"47091",0,0,0,0,0.133794284181623,33.95
"47093",6.79620228216473e-06,0.0893337698686464,1,0,0.324875081123415,96.53
"47095",0,0,0,0,0.0791584781649548,5.15
"47097",0,0,0,0,0.102587062876819,14.67
"47099",0,0,0,0,0.191240063036971,65.99
"47101",0,0,0,0,0.152138070055096,45.47
"47103",0,0,0,0,0.169894331012454,55.39
"47105",0,0,0,0,0.195804522312605,67.74
"47107",0,0,0,0,0.180944592707328,61.09
"47109",0,0,0,0,0.194624638722972,67.07
"47111",0,0,0,0,0.150583152893986,44.32
"47113",0,0,0,0,0.228273843912838,79.41
"47115",0.000629194630872483,8.27054964277003,1,1,0.176119581887866,58.86
"47117",0,0,0,0,0.174509112148709,58.03
"47119",0,0,0,0,0.249242977450996,84.22
"47121",0,0,0,0,0.107127060613531,17.63
"47123",0.000229305205228159,3.01413901220878,1,1,0.172684050689177,56.95
"47125",0.000121786197564276,1.60083818795917,1,1,0.262542323873473,87.05
"47127",0,0,0,0,0.0773696479522874,4.58
"47129",0.00113019891500904,14.856080732643,1,1,0.127840751268903,30.26
"47131",0,0,0,0,0.163680100313626,51.89
"47133",0.000961142386379239,12.6338901037618,1,1,0.190593944175381,65.67
"47135",0,0,0,0,0.11960437099445,24.85
"47137",0,0,0,0,0.156126833608291,47.79
"47139",0,0,0,0,0.156471666066376,48.14
"47141",0,0,0,0,0.235441304003642,81.45
"47143",0,0,0,0,0.118850132574581,24.4
"47145",0,0,0,0,0.139369493647779,37.35
"47147",0,0,0,0,0.212491944484929,74.71
"47149",2.36672386249334e-05,0.311097810360156,1,0,0.273936000519524,89.5
"47151",0,0,0,0,0.14659858724511,41.93
"47153",0,0,0,0,0.14384727514925,40.41
"47155",0,0,0,0,0.194768771090636,67.17
"47157",7.3128415325522e-06,0.0961248172776302,1,0,0.290462662383647,92.24
"47159",0,0,0,0,0.142094108060621,39.29
"47161",0,0,0,0,0.125030956015715,28.25
"47163",0.000103224474522909,1.35685064525542,1,1,0.248611799860253,83.93
"47165",5.42240537902614e-05,0.712756763487827,1,0,0.303553266962034,94.11
"47167",0,0,0,0,0.199603103884891,69.58
"47169",0,0,0,0,0.114430384244034,21.29
"47171",0,0,0,0,0.124663607516637,27.94
"47173",0,0,0,0,0.175409395502162,58.54
"47175",0,0,0,0,0.137102389443561,36.27
"47177",0,0,0,0,0.18610878209449,63.95
"47179",8.36575061697411e-05,1.09964949447798,1,1,0.241936501863497,82.5
"47181",0,0,0,0,0.134625141558984,34.43
"47183",0,0,0,0,0.149158218838458,43.46
"47185",0,0,0,0,0.171011931539053,56.09
"47187",2.34071438603062e-05,0.307678953050946,1,0,0.289807444548409,92.05
"47189",0.000134368869420333,1.76623313432083,1,1,0.251200855095032,84.54
"48001",0,0,0,0,0.183670816269629,62.55
"48003",0,0,0,0,0.110253776017848,18.87
"48005",0,0,0,0,0.223231780607229,78.05
"48007",0,0,0,0,0.220636784612824,77.12
"48009",0,0,0,0,0.121474751478599,25.87
"48011",0,0,0,0,0.0982172807468873,12.54
"48013",0,0,0,0,0.174544077316412,58.13
"48015",0.000194275352933558,2.55368350581061,1,1,0.240883609444881,82.31
"48017",0,0,0,0,0.0880473712853963,8.05
"48019",0,0,0,0,0.197328391999147,68.34
"48021",0,0,0,0,0.263559291957253,87.27
"48023",0.00595560368164591,78.284386873128,1,1,0.117104404894797,23.29
"48025",0,0,0,0,0.13366311119951,33.92
"48027",2.80152851395721e-05,0.368251404469068,1,0,0.180190150500252,60.52
"48029",0.000125668837479474,1.65187417044859,1,1,0.297455386354766,93.38
"48031",0.000384911470361817,5.05953049739896,1,1,0.194403275298142,66.91
"48033",0.0166358595194085,218.672721053942,1,1,0.0875282371067773,7.86
"48035",0,0,0,0,0.14079592709069,38.37
"48037",0,0,0,0,0.237316148060249,81.71
"48039",1.40549125433067e-05,0.18474704997565,1,0,0.269767154164476,88.61
"48041",0.000112272822959792,1.47578811112118,1,1,0.202190584971846,70.63
"48043",0.000761469636398249,10.0092596476242,1,1,0.149686223760343,43.72
"48045",0,0,0,0,0.0979106500176394,12.34
"48047",0.00150037509377344,19.7219208285709,1,1,0.110619130015535,19.09
"48049",0,0,0,0,0.198157322207023,68.66
"48051",0,0,0,0,0.16804752169998,54.31
"48053",0,0,0,0,0.265912751416708,87.91
"48055",0,0,0,0,0.18890033785926,65.16
"48057",0,0,0,0,0.108992010258121,18.26
"48059",0,0,0,0,0.171212332550198,56.22
"48061",1.13168258566837e-05,0.148755830793564,1,0,0.214664245075727,75.34
"48063",0,0,0,0,0.125922598100025,28.83
"48065",0,0,0,0,0.0513550237561558,0.76
"48067",0,0,0,0,0.143936889723138,40.47
"48069",0,0,0,0,0.0728275512751196,3.72
"48071",0,0,0,0,0.152987671961062,45.91
"48073",0,0,0,0,0.178157050943272,59.78
"48075",0,0,0,0,0.109135105632227,18.45
"48077",0,0,0,0,0.125830479017578,28.79
"48079",0.0026431718061674,34.7435953275132,1,1,0.132050761863119,32.99
"48081",0.00234741784037559,30.8560099348415,1,1,0.110469454046212,18.96
"48083",0,0,0,0,0.136581879447237,35.89
"48085",1.29879617829225e-05,0.170722344745866,1,0,0.25346922540939,85.11
"48087",0,0,0,0,0.108308538182874,18.01
"48089",0,0,0,0,0.17117112938217,56.16
"48091",3.4504968715495e-05,0.453556090089339,1,0,0.330455262026323,97.07
"48093",0.00083948959032908,11.0348054333802,1,1,0.135514210217496,35.13
"48095",0.00153727901614143,20.2070103493351,1,1,0.113384765056457,20.59
"48097",5.30194581411378e-05,0.69692276296286,1,0,0.195052362718984,67.48
"48099",0,0,0,0,0.164779120572634,52.47
"48101",0.00185701021355617,24.409768305,1,1,0.142167218557981,39.36
"48103",0,0,0,0,0.0880675192400906,8.08
"48105",0,0,0,0,0.100998987428568,13.78
"48107",0.000659195781147001,8.66490456970501,1,1,0.118792836854523,24.31
"48109",0.000544959128065395,7.16330257887875,1,1,0.0961716915448775,11.45
"48111",0,0,0,0,0.100015231386083,13.36
"48113",1.84460361213271e-05,0.242466877446516,1,0,0.358151417791383,98.76
"48115",0,0,0,0,0.109907844884647,18.74
"48117",0,0,0,0,0.0962777398325399,11.55
"48119",0.000781860828772478,10.2772949431138,1,1,0.140599534197758,38.15
"48121",4.95959309294002e-05,0.651921660968732,1,0,0.356930064829904,98.66
"48123",0.00850957326992867,111.855449354585,1,1,0.142685309456634,39.68
"48125",0.00134952766531714,17.7390826346053,1,1,0.13695565990782,36.18
"48127",0.000312744331508991,4.1109179772455,1,1,0.131124275701994,32.42
"48129",0.00166666666666667,21.9077670537375,1,1,0.124659228983953,27.9
"48131",0,0,0,0,0.0894467747466583,8.59
"48133",0,0,0,0,0.160175574707483,50.24
"48135",0,0,0,0,0.230007464173043,79.92
"48137",0.00228571428571429,30.0449376736971,1,1,0.150106064951442,43.97
"48139",0,0,0,0,0.288809702523149,91.85
"48141",0.000210964180764038,2.77305247731667,1,1,0.264274228243132,87.43
"48143",0.000946372239747634,12.439741544709,1,1,0.206415264594397,72.41
"48145",0,0,0,0,0.121271815900778,25.8
"48147",0,0,0,0,0.165853922697419,53.01
"48149",0,0,0,0,0.219296596997522,76.81
"48151",0.000859845227858985,11.3023733725215,1,1,0.11354498490778,20.68
"48153",0,0,0,0,0.095468762332193,10.98
"48155",0.00380952380952381,50.0748961228286,1,1,0.109050842042759,18.42
"48157",6.70057155875396e-06,0.0880767365016483,1,0,0.286048872181393,91.38
"48159",0,0,0,0,0.0966675718761703,11.84
"48161",0,0,0,0,0.140635821612908,38.21
"48163",0,0,0,0,0.0973135627251943,12.12
"48165",0,0,0,0,0.178553992038094,59.91
"48167",2.78817534834766e-05,0.366496176219443,1,0,0.230982031229386,80.34
"48169",0.000505050505050505,6.63871728901136,1,1,0.113654667976537,20.74
"48171",6.76681553660847e-05,0.889474910829781,1,0,0.247040041272358,83.65
"48173",0.000732064421669107,9.62273809095351,1,1,0.109024803528764,18.36
"48175",0,0,0,0,0.121725873421435,26.12
"48177",0,0,0,0,0.103905174891999,15.62
"48179",0.000115273775216138,1.51523460890403,1,1,0.150653797259697,44.35
"48181",0.004106463878327,53.9780724365852,1,1,0.273742403785758,89.34
"48183",2.42653660430468e-05,0.318959992046844,1,0,0.275824721161781,89.76
"48185",0,0,0,0,0.175501477731497,58.57
"48187",7.14298469615529e-05,0.938921068750692,1,0,0.249624535018509,84.25
"48189",0,0,0,0,0.148326512974274,43.05
"48191",0.000944287063267233,12.4123326083499,1,1,0.143006928737991,39.9
"48193",0,0,0,0,0.115504229725858,22.02
"48195",0.000350631136044881,4.60892715015515,1,1,0.116273909959992,22.59
"48197",0.000628930817610063,8.26708190707075,1,1,0.103295307161953,15.14
"48199",0,0,0,0,0.192522337049433,66.4
"48201",5.02073235021573e-05,0.659958208606141,1,0,0.3668825026073,98.98
"48203",3.92634182731949e-05,0.516104292757568,1,0,0.230163596496522,79.99
"48205",0,0,0,0,0.0851466341157067,7.06
"48207",0,0,0,0,0.132258691688387,33.25
"48209",2.73460644455585e-05,0.359454725825874,1,0,0.304375835129532,94.18
"48211",0,0,0,0,0.103678406842227,15.53
"48213",4.15385893495057e-05,0.546010643525899,1,0,0.249203572064069,84.19
"48215",1.75218292789767e-05,0.230318492519508,1,0,0.243682562116766,82.91
"48217",0,0,0,0,0.185510507273545,63.67
"48219",0,0,0,0,0.116297541904445,22.62
"48221",8.95977062987187e-05,1.17773140688491,1,1,0.279879909401255,90.68
"48223",0,0,0,0,0.200149201759211,69.97
"48225",0,0,0,0,0.199418333593944,69.46
"48227",0,0,0,0,0.17580156946272,58.7
"48229",0,0,0,0,0.0848307385025527,6.9
"48231",0.00432664904917353,56.8723316955411,1,1,0.233113886363232,80.81
"48233",0,0,0,0,0.113210843736186,20.52
"48235",0,0,0,0,0.0747718468457778,3.95
"48237",0,0,0,0,0.128219667764384,30.54
"48239",0,0,0,0,0.105770112215814,16.86
"48241",0,0,0,0,0.169142368747463,54.98
"48243",0,0,0,0,0.0919241804487287,9.67
"48245",0,0,0,0,0.265807346988782,87.88
"48247",0,0,0,0,0.0871382707220228,7.7
"48249",0,0,0,0,0.116245200454157,22.53
"48251",0.00282843633907464,37.1788346656639,1,1,0.307431832032189,94.65
"48253",0,0,0,0,0.138810643431988,37.1
"48255",0,0,0,0,0.105824624267713,16.89
"48257",3.79852617184532e-05,0.499303359121876,1,0,0.256129145646725,85.49
"48259",0,0,0,0,0.266090093796816,88.01
"48261",0,0,0,0,0.0210050594229235,0.06
"48263",0,0,0,0,0.088617346086953,8.3
"48265",0.000475840290695159,6.25475894599937,1,1,0.257427830055677,85.78
"48267",0,0,0,0,0.150883979228094,44.64
"48269",0,0,0,0,0.0535452968527404,0.86
"48271",0,0,0,0,0.0602042813065217,1.4
"48273",0.0154624483397463,203.248629784568,1,1,0.159024897638227,49.54
"48275",0,0,0,0,0.0875074491651405,7.83
"48277",0,0,0,0,0.194456737504069,66.94
"48279",0,0,0,0,0.0964062300262781,11.74
"48281",0,0,0,0,0.178714186228169,60.01
"48283",0,0,0,0,0.082755667997255,6.24
"48285",0.0196374622356495,258.127768911106,1,1,0.174913047962186,58.29
"48287",0,0,0,0,0.137564196463,36.4
"48289",0,0,0,0,0.117163343714739,23.32
"48291",0,0,0,0,0.20425658742588,71.59
"48293",0,0,0,0,0.113705652672386,20.81
"48295",0,0,0,0,0.092041005481006,9.74
"48297",0,0,0,0,0.111352993240952,19.31
"48299",0.000289184499710815,3.8012319931297,1,1,0.188887688536119,65.13
"48301",0,0,0,0,0.0321540448352987,0.13
"48303",1.15871498508154e-05,0.152309147849048,1,0,0.297152837087132,93.25
"48305",0,0,0,0,0.0993378424971743,12.89
"48307",0,0,0,0,0.123835735829789,27.27
"48309",0.000139061699480348,1.82791879098739,1,1,0.290860342996036,92.4
"48311",0,0,0,0,0.0972424738226615,12.06
"48313",0,0,0,0,0.0993404939741447,12.92
"48315",0,0,0,0,0.109514850541127,18.64
"48317",0,0,0,0,0.106732909035031,17.37
"48319",0,0,0,0,0.150184585579416,44.03
"48321",0,0,0,0,0.164327289525105,52.21
"48323",0,0,0,0,0.148115874202833,42.89
"48325",0,0,0,0,0.185032260455295,63.22
"48327",0,0,0,0,0.120554675108557,25.42
"48329",0,0,0,0,0.175269831959957,58.45
"48331",0.00109364319890636,14.3755682649269,1,1,0.164707918356665,52.4
"48333",0,0,0,0,0.124265583867884,27.55
"48335",0,0,0,0,0.0893215042152644,8.5
"48337",0,0,0,0,0.187376725285599,64.72
"48339",5.2610020705801e-05,0.691540846988997,1,0,0.322397244233339,96.21
"48341",0,0,0,0,0.0909892869718616,9.16
"48343",0,0,0,0,0.100921577167905,13.71
"48345",0,0,0,0,0.123994700192291,27.49
"48347",0,0,0,0,0.191335886572447,66.05
"48349",0,0,0,0,0.210886823865716,74.01
"48351",0,0,0,0,0.119635673442188,24.88
"48353",0,0,0,0,0.128575233774228,30.7
"48355",5.44727581736374e-06,0.0716025898105574,1,0,0.271723177096035,88.9
"48357",0,0,0,0,0.102444986449429,14.6
"48359",0,0,0,0,0.0682488863992879,2.67
"48361",0,0,0,0,0.198551861798335,68.82
"48363",0.000406256347755434,5.34010165843693,1,1,0.197458618645535,68.44
"48365",0,0,0,0,0.152767012258546,45.69
"48367",0.000195648771325716,2.57173662393225,1,1,0.346689550866048,98.12
"48369",0,0,0,0,0.0604812254468914,1.46
"48371",0,0,0,0,0.140641697625801,38.24
"48373",0,0,0,0,0.181954485660145,61.69
"48375",0.000600211839472755,7.88958069723864,1,1,0.282147631509071,90.93
"48377",0,0,0,0,0.114074164806651,21.09
"48379",0,0,0,0,0.147591170206076,42.57
"48381",4.49418003685228e-05,0.590744696069502,1,0,0.286332465549526,91.41
"48383",0,0,0,0,0.0840013867017964,6.55
"48385",0,0,0,0,0.100375998451857,13.62
"48387",0,0,0,0,0.124837465008344,28.06
"48389",0,0,0,0,0.11976545699384,24.94
"48391",0,0,0,0,0.0998152012914615,13.14
"48393",0,0,0,0,0.107569576721492,17.75
"48395",0,0,0,0,0.117611772667336,23.67
"48397",4.11361813282873e-05,0.540721126812254,1,0,0.274143144785765,89.53
"48399",0,0,0,0,0.116309861131631,22.65
"48401",0,0,0,0,0.177984203329671,59.56
"48403",0,0,0,0,0.135138002137048,34.84
"48405",0,0,0,0,0.0948144363886878,10.75
"48407",0,0,0,0,0.203635676721175,71.33
"48409",0,0,0,0,0.172485467919491,56.79
"48411",0.00353892821031345,46.5180089108683,1,1,0.131286574916614,32.55
"48413",0,0,0,0,0.111411148862352,19.41
"48415",0,0,0,0,0.115451297794896,21.95
"48417",0,0,0,0,0.0996850359447142,13.04
"48419",0,0,0,0,0.140674590559607,38.28
"48421",0,0,0,0,0.0573911198808668,1.18
"48423",0,0,0,0,0.304617105187495,94.21
"48425",0,0,0,0,0.123884026925381,27.3
"48427",0,0,0,0,0.153813906054934,46.29
"48429",0,0,0,0,0.116368681797737,22.78
"48431",0,0,0,0,0.0624011220579955,1.59
"48433",0,0,0,0,0.130826988617569,32.17
"48435",0,0,0,0,0.0899072396484068,8.69
"48437",0,0,0,0,0.110529562696507,19.06
"48439",4.424085784793e-05,0.581531044793979,1,0,0.367940781793745,99.01
"48441",4.85448675938736e-05,0.638105790540668,1,0,0.242958937320204,82.72
"48443",0,0,0,0,0.0815142503146918,5.73
"48445",0,0,0,0,0.127730239869741,30.16
"48447",0,0,0,0,0.0995944782871007,13.01
"48449",0.000106269925611052,1.39688206506296,1,1,0.151257070283551,44.89
"48451",0.00038383231534328,5.04534537134237,1,1,0.262232286097916,86.99
"48453",1.50593942509257e-05,0.197950620731804,1,0,0.300357161389802,93.89
"48455",0,0,0,0,0.155516832289,47.15
"48457",0,0,0,0,0.134894728689033,34.62
"48459",0,0,0,0,0.168114296223929,54.34
"48461",0,0,0,0,0.056710895918743,1.08
"48463",0.000255188839741409,3.354370593461,1,1,0.199207353036685,69.33
"48465",0.000440121473526693,5.7852472304223,1,1,0.160897484179496,50.52
"48467",0.000310404767817234,4.08016520742566,1,1,0.248750690278597,83.96
"48469",0,0,0,0,0.280118866687428,90.74
"48471",3.2885001150975e-05,0.43226216686647,1,0,0.13232975239973,33.28
"48473",0,0,0,0,0.175058420770556,58.38
"48475",0,0,0,0,0.113138196107117,20.39
"48477",0,0,0,0,0.198325252405436,68.72
"48479",0.000171385200479879,2.25280022914277,1,1,0.212122279471156,74.51
"48481",0,0,0,0,0.188059998985646,64.97
"48483",0,0,0,0,0.112164756957689,19.82
"48485",0,0,0,0,0.213345866065555,74.99
"48487",0,0,0,0,0.0999819937425106,13.3
"48489",0,0,0,0,0.104744341403318,16.26
"48491",2.27104979276671e-05,0.298521778964231,1,0,0.2978748979954,93.45
"48493",0,0,0,0,0.214609272270411,75.31
"48495",0,0,0,0,0.0772786044233139,4.55
"48497",7.73664461722951e-05,1.0169556483109,1,1,0.244516435480146,83.14
"48499",0,0,0,0,0.238948659771474,81.93
"48501",0,0,0,0,0.10276772537194,14.76
"48503",0.000495540138751239,6.51370675532334,1,1,0.164222481547418,52.15
"48505",0,0,0,0,0.12766131301825,30.13
"48507",0,0,0,0,0.10137756983554,14.03
"49001",0,0,0,0,0.123668072445334,27.11
"49003",0.00015144057850301,1.99063494979631,1,1,0.194836886279344,67.2
"49005",0.00124840362180545,16.4098414413336,1,1,0.276814791154279,90.01
"49007",0,0,0,0,0.15163228239367,45.21
"49009",0.00920810313075507,121.037387037224,1,1,0.108766833035898,18.17
"49011",0.00017161174069466,2.25577802329501,1,1,0.328085834557615,96.85
"49013",0.000204164965291956,2.68367910009034,1,1,0.176067673396988,58.77
"49015",0.000732779677576942,9.63213988684111,1,1,0.104585967757111,16.1
"49017",0,0,0,0,0.101756272025534,14.19
"49019",0.000669254450542096,8.797122361292,1,1,0.161548331456504,50.84
"49021",0,0,0,0,0.254554314268319,85.33
"49023",0.000192678227360308,2.53268983280202,1,1,0.146604488381231,41.97
"49025",0,0,0,0,0.139489964096418,37.38
"49027",0,0,0,0,0.124592298657548,27.74
"49029",0,0,0,0,0.170145899557622,55.68
"49031",0,0,0,0,0.062999813258583,1.75
"49033",0.00212464589235127,27.9277483687872,1,1,0.13073787339257,32.07
"49035",2.50355048978551e-05,0.329083205624949,1,0,0.414288225941383,99.9
"49037",0,0,0,0,0.123764144380249,27.2
"49039",0.000374882849109653,4.92770767844142,1,1,0.204018523299913,71.49
"49041",0.000274448815295947,3.6075364282067,1,1,0.211677509290977,74.36
"49043",0,0,0,0,0.231377349404722,80.46
"49045",8.71345793578181e-05,1.14535444013789,1,1,0.220374828756988,77.03
"49047",0.000183936235438381,2.41777931923528,1,1,0.209707675792977,73.72
"49049",0.000225889875789529,2.96924566715681,1,1,0.362344471893671,98.82
"49051",0,0,0,0,0.271990010509119,88.99
"49053",0,0,0,0,0.325152033837192,96.56
"49055",0,0,0,0,0.112895155447785,20.17
"49057",0.000585840909955491,7.7006797115127,1,1,0.291751759900188,92.43
"50001",0,0,0,0,0.238046166932864,81.83
"50003",0.000828028773999896,10.884156896749,1,1,0.24974211777342,84.28
"50005",0,0,0,0,0.249193883590112,84.16
"50007",0.000264789791072313,3.48057183661204,1,1,0.306800533458739,94.53
"50009",0,0,0,0,0.124347558405015,27.65
"50011",0,0,0,0,0.199773793137232,69.71
"50013",0,0,0,0,0.187355941011041,64.65
"50015",0,0,0,0,0.221306309675568,77.35
"50017",0,0,0,0,0.203939094710929,71.43
"50019",0,0,0,0,0.218510770030757,76.55
"50021",0,0,0,0,0.289958154577147,92.14
"50023",0,0,0,0,0.228024178400182,79.35
"50025",0,0,0,0,0.250046536514162,84.31
"50027",0,0,0,0,0.276896820505265,90.04
"51001",0,0,0,0,0.135681572001651,35.38
"51003",4.01740877134248e-05,0.528074733133277,1,0,0.174415634710671,58
"51005",0.000516262261228704,6.78609201458054,1,1,0.169092623009458,54.82
"51007",0,0,0,0,0.167466532406249,53.67
"51009",0,0,0,0,0.164661816884599,52.37
"51011",0.000906412871062769,11.9144892202515,1,1,0.157126898040603,48.43
"51013",4.95827610656327e-06,0.0651748547584204,1,0,0.112722017934132,20.08
"51015",0,0,0,0,0.208341338366038,73.31
"51017",0,0,0,0,0.103924165944409,15.65
"51019",0.000226172705477903,2.97296336731409,1,1,0.282761275959669,91.09
"51021",0,0,0,0,0.0862072429318117,7.45
"51023",0,0,0,0,0.180976505668598,61.12
"51025",0,0,0,0,0.11585291736846,22.3
"51027",0,0,0,0,0.10336466101338,15.21
"51029",0,0,0,0,0.125223748667587,28.38
"51031",0,0,0,0,0.211098888493874,74.1
"51033",0,0,0,0,0.146180284127463,41.68
"51035",0.00162146226415094,21.3135705416668,1,1,0.183566235928755,62.52
"51036",0,0,0,0,0.123807835237028,27.24
"51037",0,0,0,0,0.12220239263598,26.25
"51041",0,0,0,0,0.28282205211952,91.12
"51043",0,0,0,0,0.170053691037205,55.52
"51045",0,0,0,0,0.118185870552668,24.02
"51047",0,0,0,0,0.20862226490852,73.5
"51049",0,0,0,0,0.131213185702088,32.48
"51051",0,0,0,0,0.088429577565557,8.27
"51053",0,0,0,0,0.110489923077948,18.99
"51057",0,0,0,0,0.165686339165073,52.91
"51059",2.76661908081848e-06,0.0363662678093979,1,0,0.166889405006179,53.52
"51061",0,0,0,0,0.269134675810838,88.48
"51063",0.00368923611111111,48.4937551970752,1,1,0.181851148415757,61.63
"51065",0,0,0,0,0.160473843170907,50.37
"51067",0,0,0,0,0.222062203586042,77.63
"51069",9.22743315878106e-05,1.21291473687905,1,1,0.223807723885595,78.21
"51071",0.000155738981467061,2.04713599630003,1,1,0.116455155952426,22.88
"51073",0,0,0,0,0.23410451914022,81.16
"51075",0,0,0,0,0.108470252404431,18.04
"51077",0,0,0,0,0.115046371595806,21.64
"51079",0.000202511138112596,2.66194010373481,1,1,0.167825197051876,54.02
"51081",0,0,0,0,0.0796951877255204,5.28
"51083",0,0,0,0,0.178093953974118,59.69
"51085",0,0,0,0,0.278525193530855,90.33
"51087",1.93044602955513e-05,0.253750571551837,1,0,0.293203203574921,92.68
"51089",0,0,0,0,0.18241994285213,61.95
"51091",0,0,0,0,0.109160771651381,18.49
"51093",0,0,0,0,0.182206109856406,61.82
"51095",0,0,0,0,0.207131998912408,72.73
"51097",0.000692520775623269,9.10295029933691,1,1,0.169396629917925,55.2
"51099",0,0,0,0,0.076270965135987,4.39
"51101",0,0,0,0,0.155651011798685,47.25
"51103",0,0,0,0,0.169387016205012,55.17
"51105",0,0,0,0,0.118398331153798,24.05
"51107",0,0,0,0,0.24496691425823,83.17
"51109",0,0,0,0,0.170624170797764,55.93
"51111",0,0,0,0,0.130559806547511,31.91
"51113",0,0,0,0,0.167617486675245,53.8
"51115",0,0,0,0,0.115485461104101,21.99
"51117",0,0,0,0,0.17714647449678,59.21
"51119",0,0,0,0,0.149981093500071,43.84
"51121",0,0,0,0,0.159834465400011,50.02
"51125",0,0,0,0,0.155056904879235,46.99
"51127",0,0,0,0,0.168544177568068,54.53
"51131",0,0,0,0,0.116358234973415,22.72
"51133",0,0,0,0,0.151350701555533,45.05
"51135",0,0,0,0,0.0962269936370603,11.52
"51137",0,0,0,0,0.180122398705611,60.48
"51139",0,0,0,0,0.162664485704134,51.42
"51141",0,0,0,0,0.14227089063548,39.45
"51143",0,0,0,0,0.186572459525308,64.27
"51145",0,0,0,0,0.192403633756994,66.37
"51147",0,0,0,0,0.145127886975161,41.01
"51149",0,0,0,0,0.0877963826207458,7.92
"51153",0,0,0,0,0.272206155320818,89.09
"51155",0,0,0,0,0.124284863614256,27.59
"51157",0,0,0,0,0.136202836559619,35.6
"51159",0.000314663310258024,4.13614230089443,1,1,0.159000783282445,49.48
"51161",0,0,0,0,0.231110404027116,80.37
"51163",0,0,0,0,0.184648517778709,62.93
"51165",5.09671007364746e-05,0.669945222203435,1,0,0.195511584815832,67.61
"51167",0,0,0,0,0.119772101582134,24.98
"51169",0,0,0,0,0.0916461204853268,9.48
"51171",0,0,0,0,0.178883590422581,60.13
"51173",0,0,0,0,0.104411548920122,16.07
"51175",0,0,0,0,0.126793738012728,29.43
"51177",0.00020721571155573,2.72378012318243,1,1,0.308589740867468,94.88
"51179",0,0,0,0,0.223026135842887,77.98
"51181",0.000394788787998421,5.18936448173806,1,1,0.110999734723268,19.22
"51183",0.000273373428102788,3.59340082893453,1,1,0.147633021303851,42.6
"51185",0,0,0,0,0.154920980988711,46.83
"51187",0,0,0,0,0.195034859406583,67.45
"51191",0,0,0,0,0.196089179587385,67.83
"51193",0.000241954996370675,3.18041621878599,1,1,0.155001940582513,46.9
"51195",0,0,0,0,0.117334225764568,23.48
"51197",0,0,0,0,0.167042588527335,53.55
"51199",0,0,0,0,0.190494372173052,65.57
"51510",0,0,0,0,0.1996248659607,69.62
"51520",8.98472596585804e-05,1.18101170101011,1,1,0.146660625609157,42
"51530",0.000291885580852306,3.83673678699431,1,1,0.112213702595345,19.89
"51540",0,0,0,0,0.194322492228104,66.85
"51550",6.92580728941217e-05,0.910373836533114,1,0,0.293296220469714,92.75
"51570",0,0,0,0,0.159714820386658,49.92
"51580",0,0,0,0,0.120185211153153,25.17
"51590",0,0,0,0,0.175839683173451,58.73
"51595",0,0,0,0,0.117321891778453,23.45
"51600",0,0,0,0,0.161119642995615,50.65
"51610",0,0,0,0,0.135617027498135,35.28
"51620",0,0,0,0,0.126383365066934,29.18
"51630",0,0,0,0,0.193342367322422,66.59
"51640",0,0,0,0,0.149179406157148,43.49
"51650",0,0,0,0,0.185944366459472,63.89
"51660",0,0,0,0,0.199971243654218,69.87
"51670",0,0,0,0,0.134978370519712,34.71
"51678",0,0,0,0,0.0912906953122201,9.32
"51680",0,0,0,0,0.18118434888547,61.31
"51683",0,0,0,0,0.178085289830135,59.66
"51685",0,0,0,0,0.137956720378291,36.59
"51690",0,0,0,0,0.122677120818983,26.57
"51700",0,0,0,0,0.119644890365498,24.91
"51710",5.92269695928738e-06,0.0778518391883684,1,0,0.17771178478775,59.43
"51720",0,0,0,0,0.112590800768414,20.01
"51730",0,0,0,0,0.167762716786522,53.96
"51735",0,0,0,0,0.114789095910575,21.44
"51740",0,0,0,0,0.110874436072779,19.19
"51750",0,0,0,0,0.0952841677181677,10.91
"51760",0,0,0,0,0.194534621660033,67.01
"51770",0,0,0,0,0.2166160790949,76.07
"51775",0,0,0,0,0.1699776201007,55.46
"51790",0,0,0,0,0.173332179816998,57.43
"51800",0,0,0,0,0.181295819341578,61.34
"51810",4.61180160029516e-05,0.60620565094392,1,0,0.257799317328031,85.87
"51820",0,0,0,0,0.17043569434761,55.81
"51830",0,0,0,0,0.105189157956796,16.58
"51840",0,0,0,0,0.146069111474571,41.43
"53001",0,0,0,0,0.10240484933865,14.57
"53003",0,0,0,0,0.184443997800569,62.84
"53005",4.59335066557651e-05,0.603780338265482,1,0,0.213903515478499,75.12
"53007",0.00030172587198777,3.96608407055633,1,1,0.229568099951839,79.86
"53009",0,0,0,0,0.246354695464955,83.52
"53011",4.78478056996306e-05,0.62894314878,1,0,0.341071840657053,97.84
"53013",0,0,0,0,0.0955245568082252,11.07
"53015",0.000196425063838146,2.58194072524897,1,1,0.250263221565663,84.35
"53017",0,0,0,0,0.185376138774744,63.51
"53019",0,0,0,0,0.127336642722805,29.78
"53021",0,0,0,0,0.21876284122267,76.61
"53023",0,0,0,0,0.0742348038774331,3.88
"53025",0.000167954316425932,2.20770242395742,1,1,0.178620202875708,59.94
"53027",0,0,0,0,0.199435038607904,69.49
"53029",0.000363336085879438,4.7759293989981,1,1,0.25613759896274,85.52
"53031",0,0,0,0,0.25941550969113,86.29
"53033",2.5625640641016e-05,0.3368403394597,1,0,0.294544867076418,93
"53035",0,0,0,0,0.245599976054229,83.33
"53037",0.000103140632252076,1.35574856709221,1,1,0.230855169314215,80.24
"53039",0.00058899752621039,7.74217235966692,1,1,0.189560799409851,65.29
"53041",0.000226963231956423,2.98335456927882,1,1,0.272201323061708,89.06
"53043",0,0,0,0,0.119345575440213,24.66
"53045",0,0,0,0,0.193785581685708,66.69
"53047",0,0,0,0,0.176077061167445,58.8
"53049",0,0,0,0,0.187368185744383,64.68
"53051",0,0,0,0,0.140678940518121,38.31
"53053",1.70558652684106e-05,0.224193553920163,1,0,0.311066181228396,95.23
"53055",0,0,0,0,0.276007103086699,89.82
"53057",0,0,0,0,0.307790154656111,94.72
"53059",0,0,0,0,0.151942202209054,45.31
"53061",0,0,0,0,0.3339098629858,97.33
"53063",0.000211318051575931,2.77770398890511,1,1,0.369540293271099,99.11
"53065",0,0,0,0,0.221518807201105,77.44
"53067",2.81862831453073e-05,0.370499115154848,1,0,0.247318283652526,83.68
"53069",0,0,0,0,0.133501452216457,33.82
"53071",0,0,0,0,0.182594279019057,62.07
"53073",3.72231528010423e-05,0.489285696342546,1,0,0.35380855513163,98.44
"53075",0,0,0,0,0.130097218137438,31.69
"53077",3.90438931446732e-05,0.513218709530712,1,0,0.200574424056387,70.12
"54001",0,0,0,0,0.102215377927418,14.41
"54003",0,0,0,0,0.21257795611739,74.77
"54005",0,0,0,0,0.115647432373359,22.14
"54007",0,0,0,0,0.125718832009235,28.7
"54009",0,0,0,0,0.129823679070471,31.5
"54011",0,0,0,0,0.220809137638183,77.25
"54013",0,0,0,0,0.0781437734382592,4.74
"54015",0,0,0,0,0.0766579807000724,4.42
"54017",0,0,0,0,0.074883461088623,3.98
"54019",0,0,0,0,0.185304532322782,63.38
"54021",0,0,0,0,0.0802183432649203,5.41
"54023",0,0,0,0,0.15510994052659,47.03
"54025",0,0,0,0,0.195943941621122,67.77
"54027",0,0,0,0,0.17568575475486,58.67
"54029",0,0,0,0,0.148302368132509,42.98
"54031",0,0,0,0,0.127597940572432,30.07
"54033",0,0,0,0,0.185250954675743,63.35
"54035",0,0,0,0,0.150578946633758,44.29
"54037",0,0,0,0,0.191038655927826,65.86
"54039",0,0,0,0,0.234867097150685,81.32
"54041",0,0,0,0,0.147397295071727,42.38
"54043",0,0,0,0,0.11689696473549,23.13
"54045",0,0,0,0,0.130807009374238,32.13
"54047",0,0,0,0,0.0837830880210572,6.46
"54049",0,0,0,0,0.2057807469335,72.26
"54051",0,0,0,0,0.124317299678422,27.62
"54053",0,0,0,0,0.118066086052246,23.93
"54055",0,0,0,0,0.202960266186465,71.08
"54057",0,0,0,0,0.130916605012412,32.23
"54059",0,0,0,0,0.115757296008978,22.18
"54061",0,0,0,0,0.16729551708377,53.61
"54063",0,0,0,0,0.143374716570683,40.15
"54065",0,0,0,0,0.167964173772079,54.18
"54067",0,0,0,0,0.149361593529769,43.59
"54069",0,0,0,0,0.19663374949667,68.15
"54071",0,0,0,0,0.145577748065619,41.11
"54073",0,0,0,0,0.0959008234183243,11.29
"54075",0,0,0,0,0.107002999986964,17.5
"54077",0,0,0,0,0.172740275350905,57.05
"54079",0,0,0,0,0.230734833241457,80.21
"54081",0,0,0,0,0.193240979683673,66.56
"54083",0,0,0,0,0.183044457017394,62.23
"54085",0,0,0,0,0.112171094604986,19.85
"54087",0,0,0,0,0.130345103743648,31.85
"54089",0,0,0,0,0.113828686219954,20.87
"54091",0,0,0,0,0.12203846494993,26.19
"54093",0,0,0,0,0.110513535135663,19.03
"54095",0,0,0,0,0.0869824056118331,7.64
"54097",0,0,0,0,0.151164699209542,44.8
"54099",0,0,0,0,0.133019608259027,33.63
"54101",0,0,0,0,0.0882911900908566,8.18
"54103",0,0,0,0,0.117077500427135,23.23
"54105",0,0,0,0,0.0890931555853162,8.43
"54107",0,0,0,0,0.229326434529121,79.8
"54109",0,0,0,0,0.104308506792323,15.97
"55001",0.00102792530409457,13.5117288664477,1,1,0.151162706670851,44.77
"55003",0,0,0,0,0.160784794779567,50.49
"55005",0,0,0,0,0.204541245562286,71.84
"55007",0,0,0,0,0.175075819005436,58.42
"55009",0,0,0,0,0.299754597715549,93.7
"55011",0,0,0,0,0.141128568082477,38.63
"55013",0,0,0,0,0.151549921471269,45.12
"55015",0,0,0,0,0.16622485605592,53.17
"55017",0.00122850122850123,16.1482312435412,1,1,0.263097230225013,87.11
"55019",0,0,0,0,0.18225778690846,61.85
"55021",4.05761817812944e-05,0.533360123036823,1,0,0.222737518703344,77.92
"55023",0,0,0,0,0.135207367062511,34.87
"55025",2.51303637620155e-06,0.0330330093164353,1,0,0.266755891807681,88.13
"55027",0.000200095045146445,2.63018138260524,1,1,0.185028037584149,63.19
"55029",0,0,0,0,0.234657551937653,81.26
"55031",0,0,0,0,0.207808256128412,73.05
"55033",0,0,0,0,0.169867717802741,55.33
"55035",0,0,0,0,0.254553931547677,85.3
"55037",0,0,0,0,0.106919225365057,17.44
"55039",0,0,0,0,0.264499694087177,87.53
"55041",0,0,0,0,0.120351010450323,25.26
"55043",0,0,0,0,0.204644089778524,71.97
"55045",0,0,0,0,0.163978163482849,52.05
"55047",0.000560381059120202,7.36601862271925,1,1,0.187040269364109,64.46
"55049",0,0,0,0,0.154784898133389,46.77
"55051",0,0,0,0,0.135806859331799,35.44
"55053",0,0,0,0,0.107579326112566,17.79
"55055",0,0,0,0,0.233491859657146,80.91
"55057",0,0,0,0,0.146036156728454,41.39
"55059",0,0,0,0,0.230957404101173,80.31
"55061",0,0,0,0,0.137210647073024,36.3
"55063",0,0,0,0,0.24894473450675,84.09
"55065",0,0,0,0,0.143076948353676,39.93
"55067",0,0,0,0,0.173067288185822,57.27
"55069",0,0,0,0,0.172208349492364,56.67
"55071",0,0,0,0,0.231217211805058,80.4
"55073",0,0,0,0,0.284932713013583,91.35
"55075",0,0,0,0,0.169200130950887,55.01
"55077",0,0,0,0,0.126277542994182,29.11
"55078",0.00245298446443173,32.2436473399244,1,1,0.098971919190671,12.69
"55079",5.79039913221218e-06,0.076112829202001,1,0,0.297271083660733,93.29
"55081",8.2162517459535e-05,1.07999837583128,1,1,0.169073000891456,54.79
"55083",0,0,0,0,0.171352644797369,56.28
"55085",0,0,0,0,0.231841409573933,80.62
"55087",0.000253081264393997,3.32666723160542,1,1,0.325556865675169,96.63
"55089",0,0,0,0,0.269693911004497,88.58
"55091",0,0,0,0,0.128176410530274,30.48
"55093",0,0,0,0,0.207111882525896,72.7
"55095",0,0,0,0,0.210172477865214,73.85
"55097",0,0,0,0,0.218144650465196,76.42
"55099",0,0,0,0,0.129220561495653,31.05
"55101",0,0,0,0,0.27976118141451,90.65
"55103",0,0,0,0,0.129820331403322,31.47
"55105",0,0,0,0,0.271891693403938,88.96
"55107",0.00145454545454545,19.1195057923527,1,1,0.150248067887947,44.1
"55109",0,0,0,0,0.286464884556699,91.47
"55111",0,0,0,0,0.214026257330114,75.18
"55113",0.000818426283175494,10.757935417479,1,1,0.201060486575111,70.28
"55115",0,0,0,0,0.202799455254086,70.95
"55117",7.49097337708062e-05,0.984662998504989,1,0,0.211598361331846,74.26
"55119",0,0,0,0,0.156065108697206,47.69
"55121",0,0,0,0,0.166434203650158,53.36
"55123",0,0,0,0,0.2046104955401,71.94
"55125",0,0,0,0,0.213034805000263,74.83
"55127",0,0,0,0,0.267534392766975,88.29
"55129",0,0,0,0,0.184743006394335,62.97
"55131",0,0,0,0,0.278882322707163,90.42
"55133",4.08982748364069e-05,0.537593926809442,1,0,0.378486909020295,99.49
"55135",0.000426560500497654,5.60699284753697,1,1,0.192531233926355,66.43
"55137",0,0,0,0,0.15304431813306,45.94
"55139",0,0,0,0,0.204264807782838,71.62
"55141",0,0,0,0,0.199744245074185,69.68
"56001",0.000192316938314342,2.52794081104717,1,1,0.185744180625763,63.86
"56003",0,0,0,0,0.151188622525455,44.83
"56005",0,0,0,0,0.187608491721648,64.75
"56007",0.000267809319764328,3.52026251533007,1,1,0.157408994585816,48.58
"56009",0,0,0,0,0.142267058934467,39.42
"56011",0,0,0,0,0.142699210613842,39.71
"56013",0.00131001879592185,17.2197519702442,1,1,0.237249355560171,81.67
"56015",0,0,0,0,0.167763570378493,53.99
"56017",0,0,0,0,0.125600096128068,28.64
"56019",0.000728508984944148,9.57600308322669,1,1,0.216998315700749,76.17
"56021",0.00026109206106073,3.43196643197921,1,1,0.251644935978258,84.6
"56023",0,0,0,0,0.198684231794699,68.98
"56025",4.50491035228399e-05,0.592155159574849,1,0,0.329993480386798,97.01
"56027",0,0,0,0,0.0895739374707455,8.62
"56029",0.000778629611883086,10.234821694966,1,1,0.271782455846729,88.93
"56031",0,0,0,0,0.146004480698977,41.3
"56033",0.0001657824933687,2.17915454778556,1,1,0.29343036217304,92.78
"56035",0,0,0,0,0.167990747454772,54.25
"56037",8.95014767743668e-05,1.17646650248299,1,1,0.196838387528112,68.18
"56039",0,0,0,0,0.225030055867441,78.68
"56041",0,0,0,0,0.18984039541745,65.35
"56043",0,0,0,0,0.164435256335769,52.31
"56045",0,0,0,0,0.131332117042847,32.71
