"county_geoid","industry_employment_share","location_quotient","industry_present","industry_comparative_advantage","industry_feasibility","industry_feasibility_percentile_score"
"01001",0,0,0,0,0.267809122943284,76.3
"01003",0.000941214166274494,2.35667854800625,1,1,0.395490750655505,99.14
"01005",0.000113921166552745,0.285243867972558,1,0,0.176578956531723,31.85
"01007",0.00467289719626168,11.7003302479585,1,1,0.179463721539086,33.63
"01009",8.67528411555478e-05,0.217217894774279,1,0,0.293455685141965,84.06
"01011",0,0,0,0,0.15696488153825,22.34
"01013",0,0,0,0,0.183869142038961,35.86
"01015",0.000342790313149033,0.858302612103985,1,0,0.25345141028832,71.08
"01017",9.51927653498334e-05,0.238350373447226,1,0,0.214872780537047,52.47
"01019",0.000453446191051995,1.13537061958726,1,1,0.217184376356242,54.02
"01021",0.0016095859787177,4.03019512788483,1,1,0.278254950886396,79.45
"01023",0,0,0,0,0.140448671488685,14.86
"01025",0.00328111769686706,8.21549437605382,1,1,0.209398117589306,49.7
"01027",0.000205930807248764,0.515624108950394,1,0,0.127385200479045,9.96
"01029",0.00236546422235364,5.92281649453131,1,1,0.165583111406303,26.15
"01031",5.07227998985544e-05,0.127003331121639,1,0,0.257369740593545,72.57
"01033",0.00273224043715847,6.84117670235823,1,1,0.286814654864017,82.31
"01035",0,0,0,0,0.153692615380192,20.94
"01037",0,0,0,0,0.143544795941131,16.32
"01039",7.25215751686127e-05,0.181584645229031,1,0,0.250513065220755,69.9
"01041",0.000725864989112025,1.81747205884088,1,1,0.166646611531336,26.69
"01043",0.00180455302609661,4.5183674000306,1,1,0.312654940199113,88.51
"01045",0.000213010693136795,0.533351227594068,1,0,0.141924930815368,15.27
"01047",0.000903410374162463,2.26202274160636,1,1,0.246394886182402,68.15
"01049",0.000589296895141984,1.47552321347316,1,1,0.274179126617724,78.33
"01051",0.000595167241995001,1.49022180279914,1,1,0.271513024669295,77.31
"01053",0.000206199738813664,0.516297478808807,1,0,0.224570874824672,57.75
"01055",5.24548887956358e-05,0.131340257714179,1,0,0.297649269463096,85.27
"01057",0,0,0,0,0.171485247410631,29.3
"01059",0.000163786749651953,0.410100839089855,1,0,0.186143845190724,37.1
"01061",0,0,0,0,0.211550819533343,50.84
"01063",0,0,0,0,0.119929846071348,7.83
"01065",0,0,0,0,0.203543519527332,46.55
"01067",0.000418585182084554,1.0480831616003,1,1,0.215425251924387,52.85
"01069",0.000847352904831677,2.12166208814287,1,1,0.330341918664778,92.36
"01071",0.0108515620538009,27.1709079834366,1,1,0.253458422296523,71.11
"01073",0.00025544877047205,0.639610684854996,1,0,0.323786432168047,90.93
"01075",0,0,0,0,0.175630172337874,31.28
"01077",0.000917890520694259,2.29827915584898,1,1,0.314707768546383,88.83
"01079",0.000134354426978369,0.336406109507337,1,0,0.206310748531641,48.01
"01081",0.000102581199430674,0.256850056862104,1,0,0.258017733785482,72.86
"01083",0.000277735696611624,0.6954142656086,1,0,0.229039026237591,59.69
"01085",0.000624804748516089,1.56443028620001,1,1,0.147326283636285,18.26
"01087",0.000283647709544745,0.710217181410612,1,0,0.102252411415984,4.17
"01089",0.000233747608048841,0.585273780692145,1,0,0.198350947169338,43.56
"01091",0,0,0,0,0.20847760709633,49.32
"01093",0.00164473684210526,4.1182083438538,1,1,0.191670112192936,40.06
"01095",0.000435075811960234,1.08937356612635,1,1,0.281272164497287,80.24
"01097",0.000324356153036223,0.81214585921497,1,0,0.369925793546663,97.61
"01099",0.000145348837209302,0.363934690852197,1,0,0.189955705757397,39.07
"01101",0.000816613013167041,2.04469337491066,1,1,0.24922508110356,69.46
"01103",0.00218498382767876,5.47091692724202,1,1,0.308598959106231,87.66
"01105",0,0,0,0,0.123596398245501,8.69
"01107",0.00501964207769533,12.5685345876149,1,1,0.192923710651159,40.73
"01109",0.00153148043108338,3.83462893775973,1,1,0.17466201948504,30.89
"01111",0.00369747899159664,9.25800921132579,1,1,0.231027289340878,60.58
"01113",6.07496506895085e-05,0.152109268760289,1,0,0.233420660077942,61.53
"01115",7.72946859903382e-05,0.19353589743483,1,0,0.316975330188689,89.34
"01117",0.000292621892153697,0.732687374059879,1,0,0.352139753674936,95.51
"01119",0.000548696844993141,1.37386593858058,1,1,0.15914872081546,23.23
"01121",0.00100165989353786,2.50802683181297,1,1,0.225026438652438,57.81
"01123",0,0,0,0,0.212073865758106,51.26
"01125",0.00148858021157217,3.72721233625764,1,1,0.255930558816141,71.94
"01127",9.26569376882094e-05,0.232000988933344,1,0,0.271932576374797,77.41
"01129",0.000170299727520436,0.426408493369059,1,0,0.110802373911004,5.66
"01131",0.000303859009419629,0.760823662431818,1,0,0.190770120204356,39.52
"01133",0.000441111601235112,1.10448640188051,1,1,0.200294255063468,44.61
"02013",0,0,0,0,0.0550601406662755,0.38
"02016",0,0,0,0,0.0612976758427914,0.54
"02020",2.31767166704329e-05,0.0580315011689898,1,0,0.299029850959225,85.49
"02050",0,0,0,0,0.081201658276248,1.65
"02060",0,0,0,0,0.0702640552978447,0.95
"02063",0,0,0,0,0.156967437653872,22.37
"02066",0,0,0,0,0.144612764274066,17.02
"02068",0,0,0,0,0.0681636323732179,0.83
"02070",0,0,0,0,0.0737562835278824,1.08
"02090",0.000341504135994536,0.855082190846475,1,0,0.234289695505941,62.07
"02100",0.000800640512409928,2.00470029868944,1,1,0.172009137545066,29.75
"02105",0,0,0,0,0.101119161480253,3.88
"02110",0,0,0,0,0.183162737185046,35.41
"02122",0,0,0,0,0.301586300627756,85.97
"02130",0,0,0,0,0.170089205874725,28.48
"02150",0,0,0,0,0.152231197839533,20.24
"02158",0,0,0,0,0.0487640936131091,0.22
"02164",0,0,0,0,0.0625770980778434,0.64
"02170",0,0,0,0,0.325442655185052,91.35
"02180",0,0,0,0,0.100058691806779,3.69
"02185",0,0,0,0,0.0701864617049145,0.92
"02188",0,0,0,0,0.0533239934223479,0.35
"02195",0,0,0,0,0.148207540600518,18.58
"02198",0,0,0,0,0.105084184484697,4.74
"02220",0,0,0,0,0.169886214157007,28.35
"02230",0,0,0,0,0.113047594214704,6.3
"02240",0,0,0,0,0.133736480419523,12.25
"02275",0,0,0,0,0.0954776591152784,3.02
"02282",0,0,0,0,0.0991399702820895,3.47
"02290",0,0,0,0,0.0913676030296258,2.39
"04001",5.36999248201053e-05,0.134457666902755,1,0,0.107117136916773,4.93
"04003",2.32217913289831e-05,0.0581443622846321,1,0,0.241534285204949,65.7
"04005",1.35241134943604e-05,0.0338626311577062,1,0,0.266601644415241,75.76
"04007",5.52638850511191e-05,0.138373621059028,1,0,0.193696607849884,41.14
"04009",8.20883270398949e-05,0.205538554676007,1,0,0.198823149980426,43.97
"04011",0,0,0,0,0.0574318742129406,0.48
"04012",0,0,0,0,0.146842947324755,17.88
"04013",0.000220064877802973,0.551013993702082,1,0,0.381082796037861,98.54
"04015",1.55077228459773e-05,0.0388293324400334,1,0,0.3596869928687,96.28
"04017",3.04998932503736e-05,0.0763677882411661,1,0,0.261040804235522,73.85
"04019",7.77249248288941e-05,0.194613159845103,1,0,0.288436801849371,82.72
"04021",1.08834060707639e-05,0.0272506412836228,1,0,0.284058594943905,81.16
"04023",0.000420142848568513,1.0519833570279,1,1,0.219296862375465,55.04
"04025",2.37363367711461e-05,0.0594327175272223,1,0,0.367815824823503,97.36
"04027",0.00103135558058206,2.58238099171941,1,1,0.25826034564106,72.99
"05001",0.00110915981144283,2.77719272361192,1,1,0.1669720392567,26.82
"05003",0.00511355090991126,12.803670158542,1,1,0.205804742368625,47.79
"05005",5.49964252323599e-05,0.137703936262614,1,0,0.260324616090112,73.53
"05007",0.000824595086890169,2.06467945521622,1,1,0.297575346330712,85.24
"05009",6.08272506082725e-05,0.152303568921114,1,0,0.282869446265112,80.72
"05011",0,0,0,0,0.151082872814733,19.76
"05013",0,0,0,0,0.0488143093060136,0.25
"05015",0,0,0,0,0.222313713874118,56.63
"05017",0,0,0,0,0.154345123869299,21.09
"05019",0.00173010380622837,4.33195618177009,1,1,0.178023197134049,32.87
"05021",0.00937577103380212,23.4757181288917,1,1,0.190172047089873,39.23
"05023",0.00101471334348047,2.54071098230656,1,1,0.252417213670348,70.54
"05025",0,0,0,0,0.135310780750976,12.89
"05027",0,0,0,0,0.191566864547091,39.93
"05029",0.000126598303582732,0.316985779600343,1,0,0.217256977589326,54.12
"05031",0.000792072806039151,1.98324786997224,1,1,0.324167650546186,91
"05033",0.00108176327413684,2.70859533730797,1,1,0.283795214791974,81.04
"05035",0,0,0,0,0.234634423395442,62.27
"05037",0,0,0,0,0.182299063775218,35.03
"05039",0,0,0,0,0.144578421393478,16.96
"05041",0,0,0,0,0.135762495408003,13.01
"05043",0.000268276324614353,0.671729221479037,1,0,0.21172607569425,51.03
"05045",0.00152396003838122,3.81579884702286,1,1,0.33936960575215,93.76
"05047",0.000174550532379124,0.437051958991641,1,0,0.16735629077606,27.08
"05049",0.000424808836023789,1.06366638617804,1,1,0.188524488901974,38.31
"05051",2.32142442602781e-05,0.058125465400634,1,0,0.363495452400322,96.72
"05053",0.000182915675873422,0.45799719646298,1,0,0.180000520457522,33.76
"05055",0.000222494159528312,0.557096600970767,1,0,0.239008127683764,64.46
"05057",0,0,0,0,0.190394851161093,39.39
"05059",0.000107100781835707,0.268166506700558,1,0,0.205447130162849,47.41
"05061",0,0,0,0,0.1642684831197,25.55
"05063",0.00235648032088243,5.90032196710786,1,1,0.218121892515887,54.5
"05065",0,0,0,0,0.179019858834861,33.47
"05067",0,0,0,0,0.165368888322028,26.09
"05069",3.44400055104009e-05,0.0862333197776247,1,0,0.22132035827174,56.09
"05071",0.00504670890153549,12.6363064140413,1,1,0.167270349671573,26.95
"05073",0,0,0,0,0.14255116990767,15.69
"05075",0.00038550501156515,0.965254692776836,1,0,0.200096255198298,44.42
"05077",0,0,0,0,0.13724328094536,13.65
"05079",0,0,0,0,0.130970793144781,11.23
"05081",0.0183611948479035,45.9740573020632,1,1,0.156881197398,22.24
"05083",0.000163052339801076,0.408261971802236,1,0,0.20436463948735,46.93
"05085",0.000404122044857547,1.01186933645711,1,1,0.300519479414999,85.78
"05087",0.00173611111111111,4.34699769629013,1,1,0.210220171313776,50.05
"05089",0.000253678335870117,0.635177745576639,1,0,0.193863443457413,41.27
"05091",7.03284337857796e-05,0.176093302838674,1,0,0.24416472966057,67.07
"05093",0,0,0,0,0.162515755410672,24.88
"05095",0,0,0,0,0.165778774175894,26.28
"05097",0,0,0,0,0.200782955511705,44.89
"05099",0,0,0,0,0.134636669659143,12.63
"05101",0.000724112961622013,1.81308520859023,1,1,0.173450424004588,30.32
"05103",0.00265587454154547,6.64996637591063,1,1,0.195511009896897,41.97
"05105",0,0,0,0,0.193470125834873,40.98
"05107",0,0,0,0,0.176101633857628,31.59
"05109",0.000621504039776259,1.55616573838602,1,1,0.205675398797653,47.63
"05111",0,0,0,0,0.166201090171391,26.5
"05113",0.00772753291356611,19.3487430374081,1,1,0.212594441789745,51.45
"05115",3.32303193433689e-05,0.0832044220603832,1,0,0.301172243757273,85.91
"05117",0,0,0,0,0.153784983550075,21.03
"05119",0.000447821863352326,1.12128803040436,1,1,0.323563858144598,90.87
"05121",0.00171753203857841,4.30047810144279,1,1,0.177389328811476,32.33
"05123",0,0,0,0,0.193484174566452,41.01
"05125",0.00117473417874032,2.94138245879278,1,1,0.346219488612355,94.69
"05127",0.0139314572304263,34.8825671922975,1,1,0.130468042967833,10.94
"05129",0.00053248136315229,1.33326446914969,1,1,0.22285123585257,57.14
"05131",0.00157752099990562,3.94990856780487,1,1,0.323261480154093,90.74
"05133",0,0,0,0,0.183330217692858,35.51
"05135",0.000211954217888936,0.530705950204136,1,0,0.234101904139324,61.98
"05137",0.00029585798816568,0.740790139959501,1,0,0.229156068510143,59.82
"05139",5.38531961871937e-05,0.134841438583829,1,0,0.26329126119755,74.64
"05141",0,0,0,0,0.216609370232532,53.64
"05143",0.00116021978503098,2.90504029404665,1,1,0.342956162831591,94.34
"05145",9.70308558121483e-05,0.242952714250253,1,0,0.296421521541661,84.92
"05147",0,0,0,0,0.100553968571427,3.75
"05149",0.000267737617135208,0.670380367620646,1,0,0.172491861602601,29.91
"06001",0.0005456088132271,1.36613390640411,1,1,0.311001079578213,88.2
"06003",0,0,0,0,0.14685692111126,17.91
"06005",7.05566923022649e-05,0.176664832643979,1,0,0.216217399093233,53.42
"06007",0.000145756250700751,0.364954801545246,1,0,0.329171173855207,91.98
"06009",0,0,0,0,0.291659276104154,83.52
"06011",0,0,0,0,0.129632319200763,10.66
"06013",0.000346423237428392,0.867398984664531,1,0,0.340102756661211,93.89
"06015",0.000108166576527853,0.270835118773728,1,0,0.169044998440741,27.97
"06017",7.20855800005767e-05,0.180492969714189,1,0,0.308912140580351,87.69
"06019",0.000942302878861496,2.35940454352424,1,1,0.316899573611735,89.31
"06021",8.93655049151028e-05,0.223759666940403,1,0,0.197130467721277,42.76
"06023",8.3996908913752e-05,0.210317396857097,1,0,0.293166197378397,84
"06025",0.000294491667224416,0.737369049024677,1,0,0.182626348214806,35.16
"06027",0,0,0,0,0.186103474899068,37.07
"06029",0.000481474806251448,1.20555064719175,1,1,0.258008441568771,72.83
"06031",1.58715043011777e-05,0.0397401941571138,1,0,0.138763612352747,14.32
"06033",0,0,0,0,0.225495859871635,57.97
"06035",0,0,0,0,0.145647756544643,17.44
"06037",0.000238878311200766,0.598120397846442,1,0,0.318504068685313,89.63
"06039",0.000935527859702534,2.34244077174268,1,1,0.230888691146214,60.52
"06041",7.51072155501979e-06,0.018805875435157,1,0,0.284646666956324,81.42
"06043",0,0,0,0,0.143051833975562,15.97
"06045",8.011750567499e-05,0.200603872858575,1,0,0.282564663394471,80.59
"06047",0.000230217031874594,0.576433674550433,1,0,0.228821997031383,59.5
"06049",0,0,0,0,0.159861316583949,23.54
"06051",0,0,0,0,0.144195733176061,16.67
"06053",0.00025586278696335,0.640647328605727,1,0,0.179911489096776,33.69
"06055",0.00260639014964274,6.52606385825105,1,1,0.215031659479561,52.59
"06057",7.11541198235378e-05,0.178160713893775,1,0,0.362534857358808,96.63
"06059",0.000142897816737055,0.357797652572659,1,0,0.363649301485184,96.79
"06061",2.83697332772243e-05,0.0710341431554646,1,0,0.321374481517903,90.23
"06063",0.000128600823045268,0.321999829354824,1,0,0.205568462925951,47.5
"06065",0.00042363422092317,1.06072530187546,1,1,0.400425811521536,99.27
"06067",0.000282577253274736,0.707536897349338,1,0,0.276564155797601,79
"06069",9.54244000190849e-05,0.23893035670243,1,0,0.244718023832835,67.42
"06071",0.00095203488372093,2.38377222508189,1,1,0.371318336610431,97.71
"06073",9.09788162718645e-05,0.227799189933119,1,0,0.30758318753877,87.43
"06075",1.39939495250962e-05,0.0350390398162139,1,0,0.180348317689702,33.98
"06077",0.00141584180077574,3.54508476265925,1,1,0.329784862733716,92.17
"06079",5.68634140793813e-05,0.142378634883607,1,0,0.336236924660314,93.19
"06081",1.07132220443827e-05,0.0268245224909432,1,0,0.184105434023252,35.95
"06083",6.48085514883689e-05,0.162272231435428,1,0,0.236460867491683,63.38
"06085",0.000219618790583722,0.549897048996172,1,0,0.150004316990137,19.44
"06087",4.93977589883339e-05,0.123685600045929,1,0,0.316084882550078,89.18
"06089",5.01844277720623e-05,0.125655316942921,1,0,0.366804996952633,97.2
"06091",0,0,0,0,0.177436169116493,32.39
"06093",0.000121550990640574,0.304347960746701,1,0,0.239123326050893,64.52
"06095",7.1175221532877e-05,0.178213549844941,1,0,0.354889711796358,95.8
"06097",0.000418314572558564,1.04740559034432,1,1,0.388949880536036,99.01
"06099",0.00164138453491099,4.10981460018295,1,1,0.369797273740543,97.58
"06101",8.13912477278277e-05,0.203793158229722,1,0,0.292615014998096,83.87
"06103",0.000361549238486916,0.905272535115691,1,0,0.22248646946167,56.82
"06105",0,0,0,0,0.20478577726694,47.15
"06107",0.00104384133611691,2.61364370883415,1,1,0.258102445643151,72.92
"06109",0,0,0,0,0.267058206814896,75.98
"06111",0.00028493939857064,0.713451403681268,1,0,0.359044639789161,96.15
"06113",0.00140120310197376,3.50843135403717,1,1,0.256203616423669,72.13
"06115",0.000140218039050724,0.351087835813526,1,0,0.178175227607491,32.93
"08001",0.000679600537957479,1.70163185638964,1,1,0.362718696886926,96.66
"08003",0,0,0,0,0.215763790555838,53.01
"08005",5.27298229332546e-06,0.0132028657238387,1,0,0.315544250567702,89.02
"08007",0,0,0,0,0.249487608263939,69.58
"08009",0,0,0,0,0.144379612531777,16.83
"08011",0,0,0,0,0.0994323581352615,3.56
"08013",1.36864435776364e-05,0.0342690846925766,1,0,0.263486590919277,74.8
"08014",0,0,0,0,0.206068103379321,47.95
"08015",0,0,0,0,0.274152765204212,78.3
"08017",0,0,0,0,0.145596283738156,17.37
"08019",0,0,0,0,0.152859206288887,20.62
"08021",0,0,0,0,0.170963528639293,29.05
"08023",0,0,0,0,0.12688522074411,9.7
"08025",0,0,0,0,0.0799327135999126,1.4
"08027",0,0,0,0,0.211284372070529,50.75
"08029",0.00109080992637033,2.7312469845248,1,1,0.314047671132862,88.71
"08031",0.000138826784529531,0.347604314419143,1,0,0.286208766007574,82.06
"08033",0,0,0,0,0.21550667839156,52.91
"08035",5.94837995871824e-06,0.014893974130871,1,0,0.287669288035242,82.47
"08037",0,0,0,0,0.229981003696731,60.2
"08039",0.000154822727976467,0.387656088103903,1,0,0.282298916500005,80.46
"08041",3.28262933559582e-05,0.0821927932393503,1,0,0.275855327133137,78.81
"08043",6.1050061050061e-05,0.15286145745196,1,0,0.250005404706796,69.68
"08045",0,0,0,0,0.308180116643126,87.62
"08047",0,0,0,0,0.0489620357479235,0.29
"08049",0,0,0,0,0.212786328689029,51.61
"08051",0,0,0,0,0.240230720951761,64.97
"08053",0,0,0,0,0.125649516282527,9.39
"08055",0,0,0,0,0.151084112461052,19.79
"08057",0,0,0,0,0.150737166126173,19.63
"08059",1.42803591510326e-05,0.0357561724790791,1,0,0.347111888699332,94.81
"08061",0,0,0,0,0.142296351271818,15.46
"08063",0,0,0,0,0.180463518992332,34.01
"08065",0,0,0,0,0.143244217151724,16.1
"08067",3.21595111754301e-05,0.0805232568922049,1,0,0.348371489038465,94.94
"08069",2.00468092997148e-05,0.0501946178940448,1,0,0.350528733258125,95.32
"08071",0.000178826895565093,0.447759419360356,1,0,0.183303960327427,35.48
"08073",0,0,0,0,0.145312587115636,17.34
"08075",0,0,0,0,0.211663247239494,50.94
"08077",0.000159263142527241,0.398774311873828,1,0,0.410842624418496,99.52
"08079",0,0,0,0,0.101223716075231,3.91
"08081",0,0,0,0,0.218172861304463,54.6
"08083",0,0,0,0,0.324195102029394,91.03
"08085",0.000152889613698909,0.382815819956647,1,0,0.368625499787272,97.45
"08087",0,0,0,0,0.198529013387551,43.65
"08089",0,0,0,0,0.209171928261757,49.54
"08091",0,0,0,0,0.193215073566547,40.88
"08093",0,0,0,0,0.262320459346145,74.23
"08095",0,0,0,0,0.124656574241256,9
"08097",0,0,0,0,0.156442206886871,22.05
"08099",0,0,0,0,0.173974564588351,30.58
"08101",0.000141224985524439,0.353609099558405,1,0,0.309206289264039,87.72
"08103",0,0,0,0,0.116159999214809,6.9
"08105",0,0,0,0,0.199658150004402,44.26
"08107",5.30729221950961e-05,0.132887733418061,1,0,0.274128139819008,78.24
"08109",0,0,0,0,0.147139163905642,18.07
"08111",0,0,0,0,0.152190059476041,20.2
"08113",0,0,0,0,0.177099724463088,32.2
"08115",0,0,0,0,0.132681130499396,11.84
"08117",4.07946803736793e-05,0.102144603804639,1,0,0.205575949658816,47.53
"08119",9.97008973080758e-05,0.249638152847768,1,0,0.210884545395448,50.49
"08121",0,0,0,0,0.163532424814548,25.29
"08123",0.000538301980233551,1.34783854155859,1,1,0.382375837331462,98.66
"08125",0,0,0,0,0.158872952111477,23
"09110",0.000178830657886432,0.44776883972642,1,0,0.272490461604094,77.66
"09120",0.00042559012630907,1.06562263601051,1,1,0.338638971339776,93.57
"09130",3.5911370737021e-05,0.0899174280179238,1,0,0.301621376699347,86
"09140",0.000126121297157541,0.315791417201446,1,0,0.34222251905738,94.15
"09150",0.00093695218521429,2.34600709862046,1,1,0.335564009482924,93.03
"09160",0.00042579893326162,1.06614546161533,1,1,0.335698444073946,93.06
"09170",0.000276744844434407,0.692933299900724,1,0,0.286432121807412,82.15
"09180",0.000118940173092934,0.297810811256448,1,0,0.232184048194867,61.22
"09190",2.06171599567629e-05,0.0516227021775897,1,0,0.305432645330618,87.02
"10001",7.29368002625725e-05,0.182624315164517,1,0,0.255861766215334,71.91
"10003",8.79051594266159e-05,0.220103150699241,1,0,0.246319871505727,68.09
"10005",0.000932463034501132,2.33476684580282,1,1,0.34027771562025,93.95
"11001",1.23272034259764e-06,0.00308657231391854,1,0,0.107420351711626,5
"12001",3.21462784253467e-05,0.080490123797347,1,0,0.205038425817645,47.28
"12003",0,0,0,0,0.1716470078133,29.56
"12005",0.000729762505231753,1.82723093515085,1,1,0.334682946154987,92.81
"12007",0,0,0,0,0.202399741644771,46.04
"12009",3.7494610149791e-06,0.00938816547519961,1,0,0.323236991199318,90.71
"12011",0.000229910782408773,0.575666865494322,1,0,0.38008998238511,98.44
"12013",0,0,0,0,0.169938342899132,28.44
"12015",0.000497169342293073,1.2448477357137,1,1,0.346220462047082,94.72
"12017",0,0,0,0,0.323156144825267,90.68
"12019",0.000123230487222539,0.308553202983794,1,0,0.340129582061778,93.92
"12021",5.13486728935491e-06,0.0128570436158868,1,0,0.337266275803897,93.38
"12023",0,0,0,0,0.291754218615562,83.58
"12027",0,0,0,0,0.210358335032954,50.17
"12029",0,0,0,0,0.177256197482175,32.26
"12031",7.1500639533498e-05,0.179028354433183,1,0,0.340487144336612,93.99
"12033",2.9132775537791e-05,0.0729447022940054,1,0,0.299038448186464,85.52
"12035",0,0,0,0,0.301537576608095,85.94
"12037",0,0,0,0,0.193629428703182,41.08
"12039",0,0,0,0,0.164171153023927,25.45
"12041",0,0,0,0,0.180135370838924,33.82
"12043",0,0,0,0,0.155735540496413,21.73
"12045",0,0,0,0,0.200387174188145,44.67
"12047",0,0,0,0,0.135990738670425,13.08
"12049",0,0,0,0,0.181488743047472,34.52
"12051",0,0,0,0,0.23377361793776,61.69
"12053",0,0,0,0,0.31792709761255,89.5
"12055",0,0,0,0,0.324351213887435,91.06
"12057",0.000141945454025127,0.355413059508143,1,0,0.349591302709566,95.1
"12059",0,0,0,0,0.199542797074648,44.19
"12061",1.51975683890578e-05,0.0380527457912327,1,0,0.345701097817952,94.53
"12063",6.01359071501594e-05,0.15057253431133,1,0,0.215863679952711,53.07
"12065",0,0,0,0,0.196768051069606,42.51
"12067",0,0,0,0,0.130885988659657,11.2
"12069",5.99084897818582e-05,0.150003110632296,1,0,0.375610230820852,98
"12071",2.39071446501787e-05,0.0598603983662601,1,0,0.366943100110937,97.23
"12073",5.57488181250557e-06,0.0139587830761256,1,0,0.219958911190313,55.49
"12075",0,0,0,0,0.275636613313348,78.68
"12077",0,0,0,0,0.091231058523082,2.35
"12079",0,0,0,0,0.181643065244369,34.62
"12081",0,0,0,0,0.374774362569928,97.96
"12083",0.000909314511019848,2.27680593673332,1,1,0.420582357159645,99.81
"12085",2.32790930465349e-05,0.0582878383747262,1,0,0.329790962576601,92.2
"12086",0.000108754540335258,0.272307304107911,1,0,0.366625221273876,97.17
"12087",0,0,0,0,0.225982090774803,58.16
"12089",0,0,0,0,0.320897406993297,90.17
"12091",8.321613727334e-06,0.020836244564431,1,0,0.216340196902426,53.55
"12093",0,0,0,0,0.262231696127725,74.16
"12095",0.000245620963508431,0.615003127218264,1,0,0.272983421296319,77.79
"12097",7.35283304657284e-06,0.018410543029243,1,0,0.311075179398889,88.23
"12099",2.73446401250041e-05,0.0684674424744625,1,0,0.342559044892169,94.21
"12101",6.00236493178312e-06,0.0150291455217142,1,0,0.380869963431304,98.47
"12103",0.000164868715652351,0.412809942027503,1,0,0.37439728656569,97.9
"12105",0.00161133833648173,4.0345828050989,1,1,0.376485868400828,98.06
"12107",0,0,0,0,0.266782449407749,75.82
"12109",1.76105945336715e-05,0.0440946511880655,1,0,0.304324563659104,86.7
"12111",9.52000152320024e-06,0.0238368526214572,1,0,0.369685734672716,97.55
"12113",0,0,0,0,0.337281676205873,93.41
"12115",3.79492239383705e-05,0.0950199488847904,1,0,0.352885903793574,95.58
"12117",0.000113601460830637,0.28444336619096,1,0,0.364848007332185,97.01
"12119",0,0,0,0,0.256782195823165,72.38
"12121",0,0,0,0,0.238710616551128,64.37
"12123",0,0,0,0,0.178919179841672,33.34
"12125",0,0,0,0,0.118144308961445,7.41
"12127",4.72371019093237e-05,0.118275594151249,1,0,0.378954777437278,98.25
"12129",0,0,0,0,0.213402266793284,51.92
"12131",0,0,0,0,0.305062151315755,86.92
"12133",0,0,0,0,0.195459381372972,41.9
"13001",0,0,0,0,0.1819639143717,34.9
"13003",0,0,0,0,0.147219832223909,18.17
"13005",0,0,0,0,0.162515370361262,24.85
"13007",0,0,0,0,0.113721340925768,6.49
"13009",0,0,0,0,0.207768723379891,48.9
"13011",0.00291395269112101,7.29616068599124,1,1,0.182243500162299,35
"13013",0.00457785854067654,11.4623657454315,1,1,0.31076673795127,88.1
"13015",0.00400265542018119,10.0221315209688,1,1,0.302570354512538,86.22
"13017",0.0003125,0.782459585332223,1,0,0.142285886147767,15.43
"13019",0,0,0,0,0.163530401608815,25.26
"13021",0.0007914165225158,1.9816046209049,1,1,0.290120711740848,83.11
"13023",0,0,0,0,0.149750199899033,19.28
"13025",0,0,0,0,0.156919217765996,22.3
"13027",0.000236910684671879,0.59319371548522,1,0,0.164566950597,25.74
"13029",0,0,0,0,0.235208813169498,62.74
"13031",3.09128566570837e-05,0.0774017952042756,1,0,0.279667279999678,79.86
"13033",0.000214224507283633,0.536390461238884,1,0,0.178707308870173,33.15
"13035",0.00637755102040816,15.9685629659637,1,1,0.188420507148633,38.24
"13037",0,0,0,0,0.0987278162081716,3.4
"13039",9.90442232456792e-05,0.247993925921172,1,0,0.171757999840955,29.62
"13043",0,0,0,0,0.176544563950525,31.78
"13045",0.00083592978189832,2.09306006563525,1,1,0.251060431971304,70.12
"13047",0.00037357241968193,0.935377025906809,1,0,0.273980076008322,78.14
"13049",0,0,0,0,0.141918736867214,15.24
"13051",1.582437058566e-05,0.0396221774291165,1,0,0.282988800645348,80.78
"13053",5.3584824777623e-05,0.134169471281916,1,0,0.0241640440628088,0.06
"13055",0.00209753539590981,5.25195736353039,1,1,0.168878673296813,27.87
"13057",4.6198979002564e-05,0.115676268649979,1,0,0.35612902234517,95.96
"13059",1.19136971776451e-05,0.0298303569708604,1,0,0.192028597152254,40.25
"13061",0,0,0,0,0.11147775209864,5.79
"13063",0.000632128624433146,1.58276832432188,1,1,0.216297678670015,53.48
"13065",0.000693481276005548,1.73638742930868,1,1,0.156359866109474,21.99
"13067",0.000128471054303547,0.321674905208149,1,0,0.339256378311713,93.73
"13069",0.000435076863579232,1.08937619924432,1,1,0.221402750691818,56.16
"13071",0.00267608649111539,6.7005744836842,1,1,0.228194582915411,59.31
"13073",6.56943896991197e-05,0.164490255752405,1,0,0.293515707553546,84.09
"13075",0.00177336407164391,4.44027429165297,1,1,0.178417817922242,33.06
"13077",3.55328145542408e-05,0.0889695722937538,1,0,0.285853432772879,81.9
"13079",0.000491883915395967,1.23161371031142,1,1,0.152720527183294,20.55
"13081",0,0,0,0,0.202171828309989,45.88
"13083",0,0,0,0,0.1369528917089,13.62
"13085",0.000154118825614549,0.385893607623197,1,0,0.210800475900828,50.46
"13087",0.0120284834488068,30.1177669488923,1,1,0.229461294057614,59.97
"13089",0.000554877997256593,1.38934274445878,1,1,0.277116675188678,79.19
"13091",0.000175070028011204,0.438352708869592,1,0,0.187998576640653,37.96
"13093",0,0,0,0,0.131472497956523,11.45
"13095",1.95633461147195e-05,0.0489840886036292,1,0,0.247518200452736,68.69
"13097",1.73154176478737e-05,0.0433555664403503,1,0,0.27894077202026,79.61
"13099",0,0,0,0,0.142985606854394,15.88
"13101",0.00104712041884817,2.62185410791949,1,1,0.124482832059153,8.97
"13103",0.000123716441915131,0.309769970687011,1,0,0.236595910699061,63.44
"13105",0,0,0,0,0.180939218377245,34.3
"13107",0.000123915737298637,0.31026898055305,1,0,0.193188040094782,40.85
"13109",0,0,0,0,0.157160996451102,22.43
"13111",0.00201364805906701,5.04191432096834,1,1,0.269161270975022,76.84
"13113",0.00100773798812309,2.52324559459302,1,1,0.345809130559828,94.62
"13115",6.00228086672936e-05,0.150289350336915,1,0,0.218384478831607,54.66
"13117",1.98041370842369e-05,0.0495869980505424,1,0,0.34273660509071,94.24
"13119",0.000625260525218841,1.56557149211949,1,1,0.20752035877932,48.71
"13121",0.000531993009203382,1.33204169401894,1,1,0.240536825907306,65.19
"13123",0.000103874519580347,0.260088363255751,1,0,0.256523343636635,72.29
"13125",0.00354609929078014,8.8789740179543,1,1,0.134870438171684,12.76
"13127",2.13702611445912e-05,0.053508370155642,1,0,0.263754747287647,74.96
"13129",0.000735422868149186,1.84140375185871,1,1,0.174501748303671,30.83
"13131",0,0,0,0,0.202187751219405,45.91
"13133",0,0,0,0,0.185836459973973,36.81
"13135",0.000413527027903016,1.03541819768531,1,1,0.4506570947002,99.97
"13137",5.81665891112145e-05,0.145641616627682,1,0,0.234813119220559,62.42
"13139",7.92839775890623e-05,0.198516826329046,1,0,0.276523352814073,78.97
"13141",0.00107874865156419,2.70104711225794,1,1,0.178896290587683,33.31
"13143",0,0,0,0,0.199875606223096,44.32
"13145",0.00424416427412308,10.626838457639,1,1,0.191195110418501,39.64
"13147",0.00010558547143913,0.26437236543798,1,0,0.189417889156165,38.94
"13149",0,0,0,0,0.159633556707569,23.42
"13151",4.46687809889668e-05,0.111844850719753,1,0,0.240472613092803,65.13
"13153",0.0006553509404286,1.6409140003035,1,1,0.193283567095652,40.92
"13155",0,0,0,0,0.133067330851967,11.96
"13157",0.000598455983562409,1.49845638636106,1,1,0.189296325885774,38.82
"13159",0.000620732464307883,1.5542338131987,1,1,0.212259178944786,51.32
"13161",0.0345398138572906,86.4832269703288,1,1,0.175670691807507,31.31
"13163",0.000518224218345137,1.29756642238544,1,1,0.186828789161136,37.42
"13165",0,0,0,0,0.136429927873339,13.33
"13167",0,0,0,0,0.16451151911763,25.71
"13169",0.00038109756097561,0.95421900650271,1,0,0.20423390045374,46.9
"13171",0.000182315405651778,0.456494197459091,1,0,0.17899024873074,33.41
"13173",0.0011037527593819,2.76365416452882,1,1,0.165037356371753,25.99
"13175",0.00064111370609516,1.60526580679047,1,1,0.257414949223682,72.61
"13177",0,0,0,0,0.238701417281794,64.33
"13179",0,0,0,0,0.090407758628296,2.23
"13181",0,0,0,0,0.188189210986289,38.15
"13183",0,0,0,0,0.162664268305012,24.94
"13185",3.24133348459556e-05,0.0811587985369629,1,0,0.275168036044504,78.59
"13187",9.43663300934227e-05,0.236281086445514,1,0,0.213264687257995,51.83
"13189",0.000116904372223521,0.292713429163329,1,0,0.203174017199632,46.36
"13191",0.000446229361892012,1.11730061270108,1,1,0.191670351601296,40.09
"13193",0.000272405339144647,0.682067739870093,1,0,0.160695519312362,24.09
"13195",0.000377572210685294,0.945391985298513,1,0,0.234846687503262,62.46
"13197",0,0,0,0,0.119876097075472,7.8
"13199",0.000172681747539285,0.432372763436904,1,0,0.196821895717659,42.54
"13201",0,0,0,0,0.124370986635404,8.94
"13205",0.000619271736437949,1.55057633952385,1,1,0.177864237512818,32.64
"13207",0.000108061378863194,0.270571717426314,1,0,0.201077492973302,45.15
"13209",0,0,0,0,0.158300024109723,22.81
"13211",0,0,0,0,0.222728002621569,57.05
"13213",0.000106100795755968,0.265662670882028,1,0,0.173249268692681,30.16
"13215",0.000207417650254334,0.519346971547487,1,0,0.248454815243019,69.07
"13217",0.000329785639334433,0.825740590726855,1,0,0.279462753746182,79.8
"13219",5.30447697856991e-05,0.132817243425796,1,0,0.261264947471863,74.01
"13221",0.00858221764503948,21.4887630712591,1,1,0.17535563852597,31.15
"13223",2.70797227036395e-05,0.0678041235123243,1,0,0.335506806789579,93
"13225",0,0,0,0,0.169894397077198,28.41
"13227",9.25154963456379e-05,0.23164683810372,1,0,0.27418805910082,78.36
"13229",0,0,0,0,0.204033035350721,46.74
"13231",0.0053376653515897,13.3648237364705,1,1,0.231865931515728,60.96
"13233",0.000784252215512509,1.96366612270654,1,1,0.229381849638296,59.88
"13235",0,0,0,0,0.137307269775482,13.74
"13237",0.000133725595078898,0.334831595755966,1,0,0.24190383475223,65.96
"13239",0,0,0,0,0.0918837679448138,2.51
"13241",0.000146907595122668,0.367837619077877,1,0,0.217028072560427,53.96
"13243",0,0,0,0,0.147569491233649,18.36
"13245",0.000253911829117339,0.635762382470718,1,0,0.217249284096127,54.09
"13247",4.98107192667862e-05,0.124719599176286,1,0,0.302507112625636,86.16
"13249",0.00138888888888889,3.4775981570321,1,1,0.155299157001667,21.54
"13251",0.000282007896221094,0.706111300920223,1,0,0.170572705061755,28.83
"13253",0,0,0,0,0.132075954515975,11.64
"13255",3.78229131207686e-05,0.0947036829329064,1,0,0.233994013133569,61.85
"13257",0.000909274600929481,2.27670600702849,1,1,0.214794140005224,52.43
"13259",0,0,0,0,0.0669606609413294,0.8
"13261",0.00282017252820173,7.06134728634255,1,1,0.220263548010937,55.58
"13263",0,0,0,0,0.13207016157891,11.61
"13265",0,0,0,0,0.0651943535858501,0.7
"13267",0.000140252454417952,0.351174007442232,1,0,0.145892171835346,17.56
"13269",0,0,0,0,0.16212901380086,24.69
"13271",0,0,0,0,0.159874334139494,23.58
"13273",0.0011472275334608,2.87250937636303,1,1,0.178203985882305,32.96
"13275",0.00172174862470079,4.31103588777506,1,1,0.256991073927665,72.48
"13277",8.13702754383824e-05,0.203740646329233,1,0,0.215829394197665,53.04
"13279",0,0,0,0,0.199072598527589,44.03
"13281",0.000432338953739732,1.0825208270917,1,1,0.170162395609474,28.57
"13283",0,0,0,0,0.159879247347168,23.61
"13285",0.000788591706643885,1.97453164728641,1,1,0.170613796887185,28.86
"13287",0.0107260726072607,26.8566986384657,1,1,0.184857117750317,36.21
"13289",0.000509943906170321,1.27683359156711,1,1,0.137721828363322,13.87
"13291",0,0,0,0,0.245137216831437,67.55
"13293",0.00131092837564057,3.28239511425268,1,1,0.199372297447119,44.07
"13295",0.000385059684251059,0.964139650775168,1,0,0.183549564990609,35.67
"13297",3.19172704350324e-05,0.0799167174065019,1,0,0.308066890655645,87.56
"13299",0.000122122488856323,0.305778918368824,1,0,0.226418749690805,58.35
"13301",0.0599803343166175,150.1830000559,1,1,0.170366340175996,28.64
"13303",0.000135263086703639,0.338681275945234,1,0,0.181665777759356,34.65
"13305",9.92161920825479e-05,0.248424513648488,1,0,0.22319397406925,57.27
"13307",0.00242130750605327,6.06264085487436,1,1,0.131667522474058,11.49
"13309",0.000753579502637528,1.88686561647559,1,1,0.136886041972831,13.55
"13311",9.021199819576e-05,0.225879176640786,1,0,0.25881187574178,73.08
"13313",0.000288382972587596,0.722073667672846,1,0,0.221811141580428,56.38
"13315",0.00269541778975741,6.74897755542618,1,1,0.144477429406154,16.89
"13317",0,0,0,0,0.182513450313945,35.09
"13319",0.00761662964138369,19.0710555866438,1,1,0.130108374393259,10.88
"13321",0,0,0,0,0.212350373329991,51.38
"15001",3.41300811158261e-05,0.0854573091751822,1,0,0.280007728344773,79.92
"15003",3.47434924524334e-05,0.0869932118314376,1,0,0.243670964410029,66.85
"15007",2.60159217441074e-05,0.0651405034877754,1,0,0.215062650458425,52.66
"15009",2.34266102866246e-05,0.0586572024659579,1,0,0.27458584687251,78.43
"16001",0.000139851881318586,0.35017102420631,1,0,0.418670684757108,99.75
"16003",0,0,0,0,0.176479426099249,31.75
"16005",2.3448308204563e-05,0.0587115312463506,1,0,0.342817040849642,94.3
"16007",0,0,0,0,0.201728930491384,45.63
"16009",0.000252652854977261,0.632610074043232,1,0,0.20006573568583,44.38
"16011",0.000105257618020104,0.263551462877018,1,0,0.267437526968623,76.14
"16013",5.83362501458406e-05,0.146066425916644,1,0,0.266354106412351,75.63
"16015",0,0,0,0,0.185118757376565,36.37
"16017",5.13821806597472e-05,0.128654335271972,1,0,0.355892500800935,95.9
"16019",0.00106636282629972,2.67003460761657,1,1,0.414217873502578,99.62
"16021",0,0,0,0,0.230710721332419,60.42
"16023",0,0,0,0,0.0306676213810942,0.13
"16025",0,0,0,0,0.158918030230187,23.04
"16027",0.000758666303544333,1.89960230808585,1,1,0.425120804185346,99.84
"16029",0,0,0,0,0.165602585593738,26.19
"16031",0.00159556018036767,3.9950763427299,1,1,0.229022861270771,59.62
"16033",0,0,0,0,0.0880623687532355,1.88
"16035",0.000320821302534488,0.803295050710014,1,0,0.195417555469729,41.84
"16037",0.000531914893617021,1.33184610269314,1,1,0.181634298594516,34.58
"16039",8.15128790348875e-05,0.204097707292396,1,0,0.170549664124602,28.79
"16041",0,0,0,0,0.24791112438417,68.85
"16043",0.000211059518784297,0.528465739354815,1,0,0.228341004266771,59.37
"16045",0.00196885627349204,4.92976148267303,1,1,0.295761032267166,84.86
"16047",0,0,0,0,0.148372953689709,18.68
"16049",0.000176740897843761,0.442536350841837,1,0,0.268157506723327,76.46
"16051",8.69716472429988e-05,0.217765756919735,1,0,0.249031565741661,69.33
"16053",0,0,0,0,0.185006114182108,36.33
"16055",4.8708019775456e-05,0.121958582258742,1,0,0.419414095062498,99.78
"16057",5.65323082141444e-05,0.141549588617961,1,0,0.245395537235658,67.58
"16059",0,0,0,0,0.232887323551568,61.28
"16061",0,0,0,0,0.150222198505702,19.5
"16063",0,0,0,0,0.132959899866161,11.9
"16065",0,0,0,0,0.210065776614552,49.98
"16067",0.00265835548629572,6.65617834071228,1,1,0.206673751446175,48.2
"16069",0.000412898963623601,1.03384560595529,1,1,0.260224336274639,73.43
"16071",0.000488758553274682,1.22378820775323,1,1,0.151059959098119,19.73
"16073",0,0,0,0,0.157909116024353,22.62
"16075",0,0,0,0,0.24081299204996,65.32
"16077",0,0,0,0,0.0998130658425393,3.6
"16079",0,0,0,0,0.177081922567263,32.17
"16081",0,0,0,0,0.249091137844534,69.39
"16083",0.000754875235898511,1.89010996498788,1,1,0.3685354420281,97.42
"16085",0,0,0,0,0.224269754632254,57.68
"16087",0,0,0,0,0.199899358697031,44.35
"17001",0.000116546720666647,0.291817915918897,1,0,0.267202022726215,76.07
"17003",0,0,0,0,0.0928458172652092,2.64
"17005",0.000195007800312012,0.488274312219796,1,0,0.158978285671323,23.1
"17007",0.00858175248419151,21.4875983686536,1,1,0.237583880159757,63.82
"17009",0,0,0,0,0.0767603119585767,1.27
"17011",0,0,0,0,0.209415232544996,49.73
"17013",0,0,0,0,0.14360911547703,16.39
"17015",0,0,0,0,0.185971111210015,36.97
"17017",0,0,0,0,0.132984535723574,11.93
"17019",0,0,0,0,0.183425308719417,35.57
"17021",0,0,0,0,0.208904133456961,49.44
"17023",0.000203376042302217,0.509227307924164,1,0,0.16649213472155,26.6
"17025",0.00152235965746908,3.81179170019123,1,1,0.163062193532776,25.04
"17027",0.00951187140539743,23.8164958579222,1,1,0.24320569632102,66.43
"17029",7.54147812971342e-05,0.188828859205363,1,0,0.182518136075088,35.13
"17031",0.000340797565186805,0.853313028922555,1,0,0.338995859507379,93.67
"17033",0.000123931094311563,0.310307432527341,1,0,0.17667693453239,31.88
"17035",0,0,0,0,0.134198358406517,12.41
"17037",0.000470366886171214,1.17773785186412,1,1,0.265576157201066,75.44
"17039",0,0,0,0,0.152816116038728,20.59
"17041",0.00556457222351032,13.9329691985891,1,1,0.219103397392492,54.92
"17043",0.000227479526842584,0.56957931598342,1,0,0.36907867769756,97.49
"17045",0,0,0,0,0.115128843909702,6.75
"17047",0.0365581810075791,91.5369572854103,1,1,0.14903413830749,19.03
"17049",0.00146094922214325,3.65802791215885,1,1,0.264674460225164,75.28
"17051",0.00644007155635063,16.1251063023742,1,1,0.249887386560031,69.65
"17053",0,0,0,0,0.142692517746962,15.78
"17055",0,0,0,0,0.218635961412415,54.76
"17057",0,0,0,0,0.228066714287269,59.21
"17059",0,0,0,0,0.127317698975419,9.93
"17061",0,0,0,0,0.144861129966259,17.05
"17063",4.17676050455267e-05,0.104580681357577,1,0,0.214117378329571,52.27
"17065",0.00850891410048622,21.3052204758206,1,1,0.171356189800984,29.27
"17067",0.000195733020160501,0.49009016892995,1,0,0.194634777758384,41.55
"17069",0,0,0,0,0.0809400236853695,1.59
"17071",0,0,0,0,0.147054431661605,18.04
"17073",6.04485280783413e-05,0.151355296685191,1,0,0.231005675393794,60.55
"17075",0.000116400884646723,0.291452761385533,1,0,0.192125306939083,40.28
"17077",0.000751046099924895,1.88052230372037,1,1,0.205431520349914,47.38
"17079",0,0,0,0,0.176432488610795,31.69
"17081",4.70455400828002e-05,0.117795948111738,1,0,0.18941459809463,38.91
"17083",0.00115473441108545,2.89130562709366,1,1,0.193324811750253,40.95
"17085",0.000117591721542803,0.294434462966029,1,0,0.246432418865666,68.22
"17087",0,0,0,0,0.133432525314186,12.12
"17089",0.000798512877093413,1.99937297501745,1,1,0.400848464513475,99.3
"17091",0.00138452409731227,3.46666928340936,1,1,0.282795825450721,80.69
"17093",0.000483490230653281,1.21059700924527,1,1,0.299276264184486,85.59
"17095",0.0026302729528536,6.58586330880124,1,1,0.211585289823487,50.87
"17097",0.000347037270188691,0.868936443285344,1,0,0.263120904070659,74.55
"17099",0.000188594733492067,0.472216822284941,1,0,0.30473481419521,86.8
"17101",0,0,0,0,0.127066186361431,9.8
"17103",7.45767767917071e-05,0.186730604300329,1,0,0.205793036652647,47.76
"17105",0.00275376240794108,6.89506493382733,1,1,0.204525447776241,46.99
"17107",0,0,0,0,0.16706980871513,26.89
"17109",8.50846592359398e-05,0.213040982988438,1,0,0.16332739194174,25.23
"17111",0.000881008244382413,2.20593070583594,1,1,0.388002875246281,98.95
"17113",0.000205710524150416,0.515072548560667,1,0,0.185775223178279,36.72
"17115",6.17398283632772e-05,0.15458854559876,1,0,0.253193131421714,70.89
"17117",0,0,0,0,0.215968399833308,53.17
"17119",0.000768905130929857,1.92523900770302,1,1,0.313516294108204,88.64
"17121",7.15307582260372e-05,0.179103767744143,1,0,0.207369054089281,48.55
"17123",0.0179085385353374,44.8406644360519,1,1,0.141008614754335,15.05
"17125",0,0,0,0,0.167284518774685,26.98
"17127",0.000303951367781155,0.761054915824654,1,0,0.153473051333925,20.84
"17129",0,0,0,0,0.175999124793524,31.5
"17131",0,0,0,0,0.169262537296199,28.13
"17133",0.000101739749720216,0.254743175609229,1,0,0.243075023171736,66.37
"17135",0.000914355379457483,2.28942761938108,1,1,0.206342361635014,48.11
"17137",0,0,0,0,0.204610937622117,47.06
"17139",0.0109626584446728,27.449078978424,1,1,0.167619871905804,27.3
"17141",6.0244593047774e-05,0.150844669742943,1,0,0.235177017545307,62.68
"17143",2.7232868256461e-05,0.068187580170744,1,0,0.222777340173179,57.08
"17145",0,0,0,0,0.167718107298539,27.33
"17147",0,0,0,0,0.176866930798749,32.07
"17149",0,0,0,0,0.203298385536424,46.45
"17151",0,0,0,0,0.109687651327159,5.5
"17153",0,0,0,0,0.094168897521326,2.96
"17155",0,0,0,0,0.137818877235984,13.97
"17157",0,0,0,0,0.182889305950426,35.28
"17159",0,0,0,0,0.192901643435941,40.69
"17161",0.00120847544109354,3.02586621607111,1,1,0.263232588337296,74.58
"17163",0.000247498833899725,0.61970507181884,1,0,0.328479174163001,91.85
"17165",0.000110302228105008,0.276182514125647,1,0,0.155808074853769,21.76
"17167",0.000323645087982214,0.810365444279595,1,0,0.161148049830593,24.31
"17169",0,0,0,0,0.129444910175011,10.56
"17171",0,0,0,0,0.15789427163285,22.59
"17173",0.0126890318094907,31.7716946173487,1,1,0.191411697913002,39.83
"17175",0,0,0,0,0.124815651835712,9.07
"17177",0.000103793658207484,0.259885896835654,1,0,0.225381559173224,57.91
"17179",3.91611677860234e-05,0.0980544995423278,1,0,0.27101762383949,77.25
"17181",0,0,0,0,0.14975254452709,19.34
"17183",0.00120018355748526,3.0051044118799,1,1,0.229056947018465,59.72
"17185",0.000255558395093279,0.639885170729137,1,0,0.140771673757406,14.92
"17187",0.000137722076848919,0.344838269255352,1,0,0.125130153323346,9.16
"17189",0.000427715996578272,1.0709455402323,1,1,0.164379510153074,25.64
"17191",0.00020746887966805,0.51947524337409,1,0,0.21176422223584,51.1
"17193",0,0,0,0,0.164992752272865,25.96
"17195",0.00218121537320595,5.46148120460479,1,1,0.273345689272913,77.89
"17197",0.00106048201843926,2.65530982528084,1,1,0.37886273537433,98.22
"17199",3.19621568063413e-05,0.0800291070752425,1,0,0.227370676582069,58.7
"17201",0.000349009685018759,0.873875114933466,1,0,0.294360275116965,84.38
"17203",0,0,0,0,0.198645678445964,43.81
"18001",0.00956812373025755,23.9573444044311,1,1,0.2688389796476,76.74
"18003",0.000439096011087174,1.09943962482017,1,1,0.379179814860774,98.35
"18005",7.44601638123604e-05,0.186438620481244,1,0,0.200263383266688,44.54
"18007",0,0,0,0,0.193657109945153,41.11
"18009",0.00122473974280465,3.06658992414343,1,1,0.18349188043578,35.6
"18011",0,0,0,0,0.223498227724011,57.4
"18013",0,0,0,0,0.21886163881907,54.85
"18015",0,0,0,0,0.203829852484932,46.64
"18017",0.00264700321421819,6.62775371958472,1,1,0.203344474353731,46.48
"18019",0.00293442802066587,7.3474282631599,1,1,0.315189551123206,88.93
"18021",0,0,0,0,0.200674233715477,44.8
"18023",0.00601656508829505,15.0647008771573,1,1,0.210618108964714,50.33
"18025",0.0040650406504065,10.1783360693622,1,1,0.161540148136824,24.44
"18027",0.00217462932454695,5.44499059051616,1,1,0.255845440880616,71.87
"18029",0.00116578721315499,2.91898041405075,1,1,0.249073940453243,69.36
"18031",0,0,0,0,0.216692738837599,53.8
"18033",0.00198642608839596,4.97375402694212,1,1,0.230066960372297,60.23
"18035",0.000139456121127602,0.349180091870541,1,0,0.303854600825058,86.54
"18037",0.000867852732067158,2.17299100436066,1,1,0.2349853098841,62.58
"18039",0.0012211262147281,3.05754211716625,1,1,0.304334975323506,86.73
"18041",0,0,0,0,0.197000185023272,42.67
"18043",0.00215803452855246,5.40343936750008,1,1,0.266173292007438,75.56
"18045",0.000175592625109745,0.439661224418457,1,0,0.188146185203261,37.99
"18047",0.000199560965875075,0.499674849942748,1,0,0.235318805853722,62.81
"18049",0,0,0,0,0.248989770791659,69.27
"18051",0,0,0,0,0.158633318720283,22.94
"18053",0.0011154144074361,2.79285342309131,1,1,0.21967339054407,55.17
"18055",0.00470114170584285,11.7710508471738,1,1,0.253004119563237,70.86
"18057",1.07776622172884e-05,0.0269858723500489,1,0,0.307876596000992,87.5
"18059",0.00156025331171414,3.90667250975063,1,1,0.289413454786695,82.88
"18061",0.002389486260454,5.98296457123802,1,1,0.25020630339036,69.84
"18063",1.12449257272656e-05,0.0281558397492732,1,0,0.213025044909156,51.7
"18065",0.000130352603793261,0.326386061795361,1,0,0.245775759297714,67.8
"18067",0.000511967234097018,1.28189974302476,1,1,0.268335876586412,76.55
"18069",0,0,0,0,0.241815252737971,65.86
"18071",8.13206473123526e-05,0.203616383919908,1,0,0.238339647225742,64.21
"18073",0.00462859275849197,11.5893976655403,1,1,0.231114997991031,60.64
"18075",0.000248508946322068,0.62223426268964,1,0,0.184465939932885,36.14
"18077",0.00309618824824549,7.75245495306454,1,1,0.218022481358853,54.44
"18079",0.00490469289934232,12.2807167110441,1,1,0.197300853205567,42.89
"18081",0.000655155940762984,1.64042574635951,1,1,0.305178376469004,86.99
"18083",0.00209643605870021,5.24920476533147,1,1,0.219472282843886,55.11
"18085",2.5190185903572e-05,0.0630729677329617,1,0,0.280730880747486,80.08
"18087",0.00512372634643377,12.8291481356363,1,1,0.31164417016004,88.39
"18089",0.00050865658145099,1.27361029695567,1,1,0.373576433481405,97.84
"18091",0.000515833856643043,1.29158126582156,1,1,0.32409402741949,90.96
"18093",6.6124446207763e-05,0.165567061632157,1,0,0.257751225632179,72.76
"18095",0.000290062028649203,0.726277806903933,1,0,0.309391881400606,87.81
"18097",0.000644584755570531,1.61395686577661,1,1,0.323623488709486,90.9
"18099",0.00219134651249534,5.4868482671562,1,1,0.28849517584774,82.76
"18101",0,0,0,0,0.0917618122243274,2.48
"18103",0.00058167716917111,1.45644440507791,1,1,0.248355739571473,68.98
"18105",3.87431715160203e-05,0.0970078909404174,1,0,0.199454541071669,44.13
"18107",0.00161253167472933,4.0375707697401,1,1,0.23623527903237,63.35
"18109",0.000110784911095109,0.277391089908947,1,0,0.306091944447574,87.15
"18111",0,0,0,0,0.180139853506563,33.85
"18113",0.00162092068294791,4.05857576139471,1,1,0.270307218494839,77.22
"18115",0,0,0,0,0.151537151119141,19.95
"18117",0,0,0,0,0.175824474707251,31.4
"18119",0.00312602829878249,7.82717058048686,1,1,0.188833023239115,38.53
"18121",0.0186189017204808,46.6193219825562,1,1,0.226259230306001,58.32
"18123",0.000143184421534937,0.358515273920835,1,0,0.176717688322257,31.91
"18125",0,0,0,0,0.173478257381928,30.35
"18127",0.000256713778398962,0.642778101104383,1,0,0.342045719810325,94.08
"18129",0,0,0,0,0.196264970247088,42.25
"18131",0.000795798185580137,1.99257573855094,1,1,0.169237836365921,28.09
"18133",0.000145942790426153,0.36542187289304,1,0,0.216077240182406,53.32
"18135",0.00847249508840865,21.2140319795377,1,1,0.233258414919626,61.47
"18137",0.002441906262308,6.11421747656215,1,1,0.241858311845803,65.89
"18139",0.0208148016367194,52.1175713838079,1,1,0.244126027445555,67.04
"18141",0.000169697655344062,0.424900982503569,1,0,0.310024842932101,88.04
"18143",0.000114455762847659,0.286582427957321,1,0,0.161631527358676,24.5
"18145",0.000972100709633518,2.43401445811521,1,1,0.233536597620057,61.57
"18147",0.000129651238169325,0.324629932978492,1,0,0.180332763809417,33.95
"18149",0,0,0,0,0.188171405975258,38.05
"18151",5.56544968833482e-05,0.139351662570298,1,0,0.252768502894142,70.79
"18153",0.00321051826937777,8.03872254002834,1,1,0.181016027975142,34.33
"18155",0.00506072874493927,12.6714102887809,1,1,0.177412358966301,32.36
"18157",0.00139107236434662,3.48306529719608,1,1,0.225600728176574,58.03
"18159",0,0,0,0,0.19406034136275,41.36
"18161",0,0,0,0,0.216270337608476,53.45
"18163",0.000409639604305574,1.0256845917459,1,1,0.358192074061748,96.09
"18165",0.00294798905032638,7.38138332762341,1,1,0.160620468076045,24.02
"18167",1.96475234296717e-05,0.0491948577138753,1,0,0.295367143630458,84.73
"18169",0.000142806140664049,0.357568107542037,1,0,0.239693119618566,64.72
"18171",0.000366703337000367,0.918177731229597,1,0,0.209971259554767,49.95
"18173",0.000534058358013303,1.33721306033375,1,1,0.297511885525373,85.17
"18175",0.0142836321235971,35.7643675790971,1,1,0.244539526005733,67.36
"18177",0.00344033174627553,8.61414576510731,1,1,0.263538575658229,74.86
"18179",0,0,0,0,0.229086966473045,59.78
"18181",0,0,0,0,0.216692606360515,53.77
"18183",6.5410779696494e-05,0.163780132984243,1,0,0.230865675203629,60.48
"19001",0,0,0,0,0.142486452991494,15.59
"19003",0,0,0,0,0.148573689586143,18.84
"19005",0,0,0,0,0.213942690775926,52.18
"19007",0.000192418703097941,0.481791547635773,1,0,0.217026114637246,53.93
"19009",0,0,0,0,0.143034756649924,15.94
"19011",0.00144451739986868,3.61688475426057,1,1,0.288335041282676,82.69
"19013",0.000867723247326647,2.17266679131628,1,1,0.288034934524076,82.6
"19015",0.000182681768359518,0.457411522298705,1,0,0.227969441797635,59.12
"19017",0.000625838176128744,1.56701785529207,1,1,0.215551267671369,52.94
"19019",0.000499750124937531,1.25130968169071,1,1,0.267123291661957,76.01
"19021",8.08930593755056e-05,0.202545759024681,1,0,0.170498718716976,28.73
"19023",0.00042025635637739,1.05226756590171,1,1,0.205198975673432,47.31
"19025",0,0,0,0,0.16725718556284,26.92
"19027",0.00031104199066874,0.778808918526629,1,0,0.233994716379393,61.88
"19029",0,0,0,0,0.218139682883821,54.57
"19031",0.00219745722806467,5.50214870866168,1,1,0.240254977707335,65
"19033",0,0,0,0,0.294798836441126,84.63
"19035",0,0,0,0,0.191782792603784,40.18
"19037",0.000333277787035494,0.834484476941547,1,0,0.178854852125769,33.28
"19039",0.00171167744389502,4.28581895351236,1,1,0.136925775329289,13.59
"19041",0,0,0,0,0.28549540260025,81.71
"19043",0.00254794153144696,6.37971607726956,1,1,0.243609335990716,66.82
"19045",0.00143804796585796,3.6006861281698,1,1,0.265182229293742,75.37
"19047",0,0,0,0,0.193121476659628,40.79
"19049",1.60947659821026e-05,0.0402992125324006,1,0,0.177986122798327,32.8
"19051",0.0135332845647403,33.8855943318709,1,1,0.226053927443999,58.22
"19053",0.000713266761768902,1.78592772686385,1,1,0.206325459676786,48.08
"19055",0.000253356979984799,0.634373111999775,1,0,0.237759827164668,63.89
"19057",0,0,0,0,0.272252037838317,77.57
"19059",0,0,0,0,0.233261891095534,61.5
"19061",0.000469814423302795,1.17635455628993,1,1,0.336086098386937,93.13
"19063",0.00721091939222251,18.055209592008,1,1,0.200432780781749,44.73
"19065",0.000120787534726416,0.302436365873066,1,0,0.206006108814152,47.88
"19067",0.000149164677804296,0.373489062211085,1,0,0.195075534919755,41.68
"19069",0.00208246563931695,5.21422464194734,1,1,0.198208281086715,43.46
"19071",0,0,0,0,0.138957259643807,14.44
"19073",0,0,0,0,0.169599445993263,28.25
"19075",0,0,0,0,0.151527064153914,19.92
"19077",0,0,0,0,0.211826465439575,51.16
"19079",0.00510204081632653,12.774850372771,1,1,0.202040271899497,45.82
"19081",0.000142571998859424,0.356981846744099,1,0,0.147141110730387,18.1
"19083",0.000121787845573012,0.304941014865803,1,0,0.205670646894783,47.6
"19085",0,0,0,0,0.18738504997786,37.77
"19087",0.000107238605898123,0.268511600328484,1,0,0.217369240402576,54.25
"19089",0.00370919881305638,9.28735412857237,1,1,0.198721101491615,43.91
"19091",0,0,0,0,0.175060706616536,31.08
"19093",0,0,0,0,0.14852566487174,18.77
"19095",0.00018875047187618,0.47260677105759,1,0,0.164286155143385,25.58
"19097",0.000140036409466461,0.35063305882413,1,0,0.246096406538141,67.96
"19099",0.00122629169391759,3.07047580902115,1,1,0.290328485067662,83.23
"19101",0.00023835061375283,0.596799111682305,1,0,0.207258441719649,48.43
"19103",3.05744947564741e-05,0.0765545807644575,1,0,0.169308808387472,28.16
"19105",0.000134426670251378,0.336586997319951,1,0,0.239838571451204,64.81
"19107",0.000700280112044818,1.75341083547837,1,1,0.184966890549585,36.27
"19109",0.00129065565307176,3.2316348387495,1,1,0.213306684056994,51.86
"19111",0.000323373431638857,0.809685251928312,1,0,0.212626635203879,51.48
"19113",0.000403284939140636,1.00977333200228,1,1,0.355976349813808,95.93
"19115",0.0311301601624182,77.9458950784366,1,1,0.144248209387461,16.7
"19117",0.000501756146512795,1.25633250028254,1,1,0.178364181293096,32.99
"19119",0,0,0,0,0.161020494859833,24.18
"19121",0.000368324125230203,0.922235975345529,1,0,0.246665259059452,68.34
"19123",0.000107991360691145,0.270396400978738,1,0,0.214902923668275,52.5
"19125",0.00137124051558643,3.43340891269281,1,1,0.196046897256315,42.13
"19127",0.00016651865008881,0.416941164475429,1,0,0.216304589196988,53.52
"19129",0,0,0,0,0.227525827731664,58.96
"19131",0.000208637596494888,0.522401559161926,1,0,0.189783229963991,39.04
"19133",0,0,0,0,0.168332315001293,27.65
"19135",0.0132530120481928,33.183828197222,1,1,0.161814739956635,24.56
"19137",0,0,0,0,0.169891018942306,28.38
"19139",0,0,0,0,0.211757242259997,51.07
"19141",0.000653765690376569,1.63694473918875,1,1,0.214028827848778,52.24
"19143",0.0111016225448335,27.7970271134248,1,1,0.150201787194956,19.47
"19145",0,0,0,0,0.178834973991138,33.25
"19147",0,0,0,0,0.159931336855887,23.64
"19149",0.000882547620798706,2.2097851052995,1,1,0.216647386685515,53.67
"19151",0,0,0,0,0.127900957602537,10.05
"19153",0.000320713775956868,0.803025818065736,1,0,0.345247820073944,94.46
"19155",0.000391525644929743,0.980329580091704,1,0,0.262793259589835,74.36
"19157",0,0,0,0,0.138036944671976,14.09
"19159",0,0,0,0,0.162804367254853,24.98
"19161",0.000530644733351021,1.32866578565302,1,1,0.206728945123916,48.23
"19163",0.00018152480839048,0.454514644162324,1,0,0.363901806077495,96.82
"19165",0,0,0,0,0.191599759535942,39.96
"19167",7.3370263032393e-05,0.183709649881735,1,0,0.211802224877531,51.13
"19169",1.68810560788683e-05,0.0422679812462121,1,0,0.192404101144821,40.47
"19171",0,0,0,0,0.175728759581539,31.34
"19173",0,0,0,0,0.128379252071222,10.15
"19175",0.000149075730471079,0.373266349591996,1,0,0.176767986789923,31.98
"19177",0.00128150363092695,3.2087193589019,1,1,0.187151962158987,37.61
"19179",0.0010171722611141,2.5468677940569,1,1,0.245754104881373,67.74
"19181",0.000126326427488631,0.316305037021616,1,0,0.267576930579868,76.23
"19183",0.00244546610583977,6.12313086438206,1,1,0.269734079566869,77.03
"19185",0.000391083300743058,0.979222007455265,1,0,0.155598699948863,21.7
"19187",0.000620893051171936,1.55463590193808,1,1,0.24598425396313,67.87
"19189",0,0,0,0,0.177882153060496,32.71
"19191",7.87339579560664e-05,0.197139648300379,1,0,0.21664771294693,53.71
"19193",0.00112015931154653,2.80473404933993,1,1,0.322715611589965,90.58
"19195",0.000363636363636364,0.910498426568404,1,0,0.164375665428689,25.61
"19197",0,0,0,0,0.122910672250537,8.46
"20001",0,0,0,0,0.153708293496729,20.97
"20003",0.000341180484476288,0.854271809301642,1,0,0.186432641417076,37.35
"20005",0,0,0,0,0.170975220880784,29.08
"20007",0,0,0,0,0.129243777168302,10.44
"20009",0,0,0,0,0.23689082762329,63.6
"20011",0.00172305764411028,4.31431350308494,1,1,0.18856601870664,38.34
"20013",0.000194779898714453,0.487703676093321,1,0,0.147837266303171,18.45
"20015",4.32675666320526e-05,0.108336391184801,1,0,0.260249908237922,73.46
"20017",0,0,0,0,0.101291237857026,3.95
"20019",0,0,0,0,0.107950047095064,5.15
"20021",0.000149588631264024,0.374550586845641,1,0,0.157569618305591,22.53
"20023",0,0,0,0,0.104087009999606,4.58
"20025",0.000821018062397373,2.05572304849188,1,1,0.102962696788039,4.42
"20027",0,0,0,0,0.194244630674058,41.46
"20029",0.000260010400416017,0.651032416293061,1,0,0.197352315868363,42.95
"20031",0,0,0,0,0.136040179047039,13.11
"20033",0,0,0,0,0.112775426298953,6.2
"20035",0.00424424972617744,10.6270524185318,1,1,0.18847221259269,38.28
"20037",4.88949735967143e-05,0.122426690449008,1,0,0.200880847902586,44.96
"20039",0,0,0,0,0.113312735434988,6.4
"20041",0.000403334229631621,1.00989674901712,1,1,0.196726090613335,42.44
"20043",0.000600420294205944,1.50337476617419,1,1,0.128792333604529,10.28
"20045",0,0,0,0,0.241741665511762,65.83
"20047",0,0,0,0,0.117542618303556,7.22
"20049",0,0,0,0,0.1109347618522,5.7
"20051",5.60381059120202e-05,0.140312169967112,1,0,0.23437292039258,62.11
"20053",0,0,0,0,0.128436448174947,10.18
"20055",0,0,0,0,0.233748508523849,61.63
"20057",0,0,0,0,0.192232411172951,40.31
"20059",0,0,0,0,0.194912508528268,41.62
"20061",0,0,0,0,0.0752934048832991,1.18
"20063",0,0,0,0,0.100651033727348,3.79
"20065",0,0,0,0,0.127207639480761,9.83
"20067",0,0,0,0,0.162599169209752,24.91
"20069",0,0,0,0,0.125404073731581,9.26
"20071",0,0,0,0,0.0973516218869758,3.21
"20073",0,0,0,0,0.150541000552056,19.6
"20075",0,0,0,0,0.0917549982614161,2.45
"20077",0,0,0,0,0.152505473167547,20.43
"20079",6.16865091604466e-05,0.154455041210481,1,0,0.207015344555363,48.33
"20081",0,0,0,0,0.102791655085433,4.33
"20083",0,0,0,0,0.0816504563915322,1.69
"20085",0.000200722601364914,0.502583434978545,1,0,0.156180184916713,21.89
"20087",0.000207986688851913,0.520771770603809,1,0,0.202584472820048,46.1
"20089",0,0,0,0,0.107435329545148,5.03
"20091",1.21451491059956e-05,0.030409882666481,1,0,0.335198875112962,92.87
"20093",0,0,0,0,0.0801429265385412,1.46
"20095",0,0,0,0,0.137491722309116,13.84
"20097",0,0,0,0,0.089979753396459,2.1
"20099",0.000105064089094348,0.263066891475427,1,0,0.151756548145336,20.11
"20101",0,0,0,0,0.0800726960526684,1.43
"20103",3.49784882297387e-05,0.087581610866526,1,0,0.213550404454909,51.96
"20105",0,0,0,0,0.127518091637751,10.02
"20107",0,0,0,0,0.181668395341292,34.68
"20109",0,0,0,0,0.122995751069295,8.5
"20111",0,0,0,0,0.205534238706254,47.44
"20113",0.000213949507916132,0.535701898387487,1,0,0.178003424957148,32.83
"20115",0,0,0,0,0.172502941997994,29.94
"20117",0.000197044334975369,0.493373531638052,1,0,0.176855466747096,32.04
"20119",0,0,0,0,0.124029055315484,8.88
"20121",9.20979922637687e-05,0.230601461877244,1,0,0.238268336761058,64.11
"20123",0.00026476039184538,0.662925780530345,1,0,0.168805030516682,27.84
"20125",6.07939692382516e-05,0.152220236674759,1,0,0.198408656281488,43.62
"20127",0,0,0,0,0.166709723080476,26.73
"20129",0,0,0,0,0.0901730514217608,2.16
"20131",0.000145602795573675,0.364570569752928,1,0,0.176564438329648,31.82
"20133",0.00691337942252948,17.3102079878296,1,1,0.225869142882535,58.13
"20135",0,0,0,0,0.118154127195577,7.45
"20137",0,0,0,0,0.142129670952159,15.34
"20139",0,0,0,0,0.185841695297666,36.84
"20141",0,0,0,0,0.139082599359645,14.51
"20143",0,0,0,0,0.131303071081072,11.36
"20145",0,0,0,0,0.111547030264279,5.82
"20147",0,0,0,0,0.144251542102938,16.74
"20149",0.000170896351362898,0.427902362311051,1,0,0.214331495326875,52.37
"20151",0,0,0,0,0.144959635099276,17.21
"20153",0,0,0,0,0.125045141739219,9.13
"20155",0.000929152148664344,2.32647681585423,1,1,0.286678855902192,82.28
"20157",0,0,0,0,0.138685408352012,14.25
"20159",0.000441403663650408,1.10521768839687,1,1,0.128028123084434,10.12
"20161",2.78256998163504e-05,0.0696719537276174,1,0,0.209396329920476,49.67
"20163",0,0,0,0,0.136247482931257,13.24
"20165",0,0,0,0,0.0967058181910198,3.12
"20167",0.000350385423966363,0.877319787338161,1,0,0.154778106561104,21.38
"20169",0,0,0,0,0.237397995425672,63.79
"20171",0,0,0,0,0.144888728818447,17.15
"20173",0.000368697887597883,0.923171827976658,1,0,0.33369459398647,92.65
"20175",0,0,0,0,0.167838913383372,27.39
"20177",4.61297167635391e-05,0.115502844960933,1,0,0.239840987983955,64.84
"20179",0,0,0,0,0.128872702503223,10.34
"20181",0,0,0,0,0.1887812950892,38.43
"20183",0,0,0,0,0.126225875805189,9.64
"20185",0,0,0,0,0.116605645943362,7.03
"20187",0,0,0,0,0.0895498753213016,2.04
"20189",0,0,0,0,0.121165865436913,8.15
"20191",0,0,0,0,0.179046435611875,33.53
"20193",0,0,0,0,0.177013751921543,32.13
"20195",0,0,0,0,0.142390416780386,15.53
"20197",0,0,0,0,0.129976366465817,10.82
"20199",0,0,0,0,0.118138404804978,7.38
"20201",0,0,0,0,0.148772583757783,18.93
"20203",0,0,0,0,0.123707069334623,8.75
"20205",0,0,0,0,0.139719993835065,14.6
"20207",0,0,0,0,0.138180505386222,14.13
"20209",0.00157563539209834,3.94518724971532,1,1,0.272013174415491,77.47
"21001",0.000164419598816179,0.411685411552633,1,0,0.226789498728316,58.45
"21003",0.000167757087736957,0.420042052183042,1,0,0.178129274369006,32.9
"21005",0,0,0,0,0.236099944027425,63.32
"21007",0,0,0,0,0.175803123813321,31.37
"21009",0.000678809820115398,1.69965200117419,1,1,0.298070254287933,85.33
"21011",0.00117416829745597,2.93996556524044,1,1,0.20199723129288,45.75
"21013",0,0,0,0,0.187880972761828,37.86
"21015",3.6067554529634e-05,0.0903084920358552,1,0,0.243458329238521,66.78
"21017",0.000114613180515759,0.286976581439898,1,0,0.149439367681397,19.15
"21019",0,0,0,0,0.242226466376872,66.05
"21021",6.07348921955664e-05,0.152072315400128,1,0,0.220572319134896,55.74
"21023",0,0,0,0,0.166749667978127,26.76
"21025",0.00029806259314456,0.746310185711807,1,0,0.140300424629856,14.79
"21027",0.000211505922165821,0.529583475690168,1,0,0.250554693277598,69.93
"21029",0.00428866742772516,10.738268598802,1,1,0.221537939002788,56.19
"21031",0.00881683731513083,22.0762203825246,1,1,0.208586713922471,49.35
"21033",0.000363042294427301,0.909010954098062,1,0,0.181529932804016,34.55
"21035",5.5398592875741e-05,0.138710912030531,1,0,0.207471023193892,48.65
"21037",5.53955240416574e-05,0.138703228066869,1,0,0.259945433153602,73.4
"21039",0,0,0,0,0.134375682032801,12.54
"21041",0,0,0,0,0.147212079231515,18.14
"21043",0.000288766965059197,0.723035135161164,1,0,0.204074923624868,46.77
"21045",0.00979574822842851,24.5272867098721,1,1,0.203524341571351,46.52
"21047",3.07644977695739e-05,0.0770303237367516,1,0,0.112571556662144,6.08
"21049",0.00013204806549584,0.330631278629752,1,0,0.227388154727519,58.8
"21051",0,0,0,0,0.171564065651587,29.46
"21053",0.000248200546041201,0.621462068270815,1,0,0.170154638632554,28.54
"21055",0.000419463087248322,1.05028132259359,1,1,0.185507718956407,36.56
"21057",0.0103896103896104,26.0142407590973,1,1,0.145840912251992,17.5
"21059",3.75897455174228e-05,0.0941198614089807,1,0,0.293626477503696,84.19
"21061",0.000464252553389044,1.16242835332549,1,1,0.184353095303701,36.02
"21063",0,0,0,0,0.104003260477803,4.52
"21065",0.0136884942656308,34.2742193501055,1,1,0.185162047702883,36.4
"21067",1.31459019841548e-05,0.0329156384490874,1,0,0.295464422904899,84.79
"21069",0.0116423086450334,29.1508351830484,1,1,0.24334923152786,66.69
"21071",0,0,0,0,0.208382246710489,49.28
"21073",5.36164280735617e-05,0.134248601847789,1,0,0.148794280857712,18.96
"21075",0,0,0,0,0.130051395950207,10.85
"21077",0,0,0,0,0.0940015409430928,2.86
"21079",0.000279876854184159,0.700775447260877,1,0,0.246087919762374,67.93
"21081",0.000156470035988108,0.391780734323754,1,0,0.210183189171382,50.02
"21083",0.00134285108488232,3.36232544972783,1,1,0.25263528860262,70.66
"21085",0,0,0,0,0.239744214929813,64.75
"21087",0.000420521446593776,1.05293131752023,1,1,0.209939104122743,49.89
"21089",0.00267770204479065,6.70461962115244,1,1,0.237752644739794,63.86
"21091",0.00711656441717791,17.8189569371363,1,1,0.132528926535615,11.77
"21093",3.3580711239464e-05,0.0840817580530949,1,0,0.223258131897003,57.3
"21095",0,0,0,0,0.151178140193908,19.85
"21097",0.000163800163800164,0.410134426382164,1,0,0.189322022628041,38.85
"21099",0.00079719387755102,1.99607037074547,1,1,0.179023288299391,33.5
"21101",4.78743776330908e-05,0.119871250146645,1,0,0.234464431521544,62.17
"21103",0.000280977802753582,0.703532080096407,1,0,0.220410528096041,55.71
"21105",0,0,0,0,0.111667375465218,5.92
"21107",0.00143134648808915,3.58390649451831,1,1,0.221728216089788,56.35
"21109",0.000860215053763441,2.15386724564569,1,1,0.210646961287075,50.43
"21111",0.000605021109770808,1.51489461333922,1,1,0.32790611574197,91.73
"21113",9.01063254640476e-05,0.225614585786909,1,0,0.285603564523215,81.77
"21115",0.000164149704530532,0.411009631165974,1,0,0.188676189200873,38.4
"21117",2.45137092919215e-05,0.061379157784037,1,0,0.223871208675823,57.49
"21119",0,0,0,0,0.14855705180659,18.8
"21121",0.00366625930452172,9.1798391524367,1,1,0.211249507197573,50.68
"21123",0.0216104203670811,54.1096977897002,1,1,0.224087453348176,57.59
"21125",0.0103623363614383,25.9459501198209,1,1,0.263492812401841,74.83
"21127",0,0,0,0,0.133120106937254,11.99
"21129",0,0,0,0,0.146235912147383,17.69
"21131",0,0,0,0,0.111662211777633,5.89
"21133",0,0,0,0,0.141211611325625,15.18
"21135",0.00205254515599343,5.1393076212297,1,1,0.201567641469158,45.56
"21137",0.00137795275590551,3.4502154943783,1,1,0.243288638521589,66.56
"21139",0.000251635631605435,0.630063078274563,1,0,0.119772731319207,7.76
"21141",0.0097799511002445,24.4877327438935,1,1,0.235028001449721,62.65
"21143",0,0,0,0,0.156320364344851,21.95
"21145",2.2677793904209e-05,0.0567822630865183,1,0,0.278567870544358,79.54
"21147",0.0011754334410814,2.94313332126137,1,1,0.169415174132161,28.22
"21149",0,0,0,0,0.15233166814612,20.3
"21151",4.84355323065e-05,0.121276308876446,1,0,0.241555959579547,65.73
"21153",0,0,0,0,0.169106904687573,28.03
"21155",0.0508156203657934,127.235741567419,1,1,0.149922098292989,19.41
"21157",0.0110233874571726,27.6011365718263,1,1,0.24786218948312,68.82
"21159",0,0,0,0,0.127054330054447,9.77
"21161",0.000112828613336342,0.282508256015244,1,0,0.220144243143716,55.55
"21163",0.000158353127474268,0.396495751870643,1,0,0.215433876173326,52.88
"21165",0,0,0,0,0.15984769753727,23.51
"21167",0.000132766861391397,0.332431050592553,1,0,0.181194275839694,34.39
"21169",0.00186706497386109,4.67488923275413,1,1,0.196890086564262,42.6
"21171",0.0166155419222904,41.6031681362736,1,1,0.181851705430399,34.84
"21173",0.0092069834100582,23.0530957478233,1,1,0.226575665699584,58.42
"21175",0,0,0,0,0.160717870359298,24.12
"21177",0.00278465346534653,6.97241214652476,1,1,0.215738746411515,52.97
"21179",0.00284666602335231,7.12768357187704,1,1,0.2318873218097,60.99
"21181",0,0,0,0,0.17469800893828,30.96
"21183",0.00888625592417062,22.2500356018641,1,1,0.183511470723952,35.63
"21185",4.75127096498313e-05,0.118965680289975,1,0,0.29077140457758,83.33
"21187",0.000488758553274682,1.22378820775323,1,1,0.196606260672359,42.41
"21189",0,0,0,0,0.12747879730693,9.99
"21191",0.00662008091210004,16.5758264491122,1,1,0.201557525901514,45.53
"21193",0.000161173341929245,0.40355720413621,1,0,0.195408764629959,41.78
"21195",4.51773209848656e-05,0.113118169101564,1,0,0.20739993067275,48.62
"21197",0,0,0,0,0.18015960645921,33.88
"21199",0.00285704682195556,7.1536757490627,1,1,0.321783739352404,90.33
"21201",0,0,0,0,0.105809631696021,4.84
"21203",0.00086281276962899,2.16037159021839,1,1,0.164699813392648,25.8
"21205",0.0378264785349745,94.7126102689739,1,1,0.171821144677635,29.69
"21207",0.0125191264431771,31.34627355344,1,1,0.193703605872537,41.17
"21209",0.000883644033977538,2.21253038210354,1,1,0.15773156948368,22.56
"21211",5.26038926880589e-05,0.13171334419059,1,0,0.266937029410767,75.91
"21213",0.0022894684451523,5.73253289672024,1,1,0.180522455949569,34.04
"21215",0,0,0,0,0.20146053940594,45.5
"21217",7.47272455537289e-05,0.187107358620768,1,0,0.238646549952133,64.27
"21219",0.00446898002103049,11.1897480131632,1,1,0.221718771601218,56.32
"21221",0.000253485424588086,0.63469472067506,1,0,0.203688032153578,46.61
"21223",0,0,0,0,0.144129877934487,16.64
"21225",0,0,0,0,0.161810515808984,24.53
"21227",0.000558935989126154,1.3995034312925,1,1,0.320369848399087,90.04
"21229",0.000227221086116792,0.568932213829382,1,0,0.176723076156356,31.94
"21231",0,0,0,0,0.188640633060821,38.37
"21233",0,0,0,0,0.175487103070979,31.24
"21235",6.14741501198746e-05,0.153923321636633,1,0,0.205615573657203,47.57
"21237",0.000549148819330038,1.37499762386772,1,1,0.177944533296509,32.77
"21239",0.000162588407446549,0.40710034518545,1,0,0.185214354339412,36.43
"22001",0.000810795158394626,2.03012621896586,1,1,0.324774593669391,91.19
"22003",0,0,0,0,0.133531636076856,12.15
"22005",1.75632716862497e-05,0.0439761608982404,1,0,0.292521543943664,83.81
"22007",0,0,0,0,0.175446429696651,31.21
"22009",0.00276338514680484,6.91915902746283,1,1,0.244085957693067,66.97
"22011",9.51927653498334e-05,0.238350373447226,1,0,0.242349464433206,66.18
"22013",0,0,0,0,0.132112995990172,11.68
"22015",0.000179323948713351,0.449003976161232,1,0,0.30252386410239,86.19
"22017",0.000179104963649834,0.448455665882853,1,0,0.319958689513106,89.91
"22019",1.02130440999244e-05,0.025572141604501,1,0,0.303707527090832,86.48
"22021",0,0,0,0,0.167336466876644,27.04
"22023",0,0,0,0,0.110019494575327,5.54
"22025",0.000360750360750361,0.903272248579766,1,0,0.204119626071706,46.83
"22027",0,0,0,0,0.177560326872394,32.48
"22029",0,0,0,0,0.1975384140314,43.11
"22031",0.000101791530944625,0.254872829098444,1,0,0.183067696012061,35.38
"22033",3.28775410229518e-06,0.00823211107697984,1,0,0.275843193157858,78.78
"22035",0,0,0,0,0.134804141017777,12.73
"22037",0.00521797677158728,13.0651390111019,1,1,0.187227041376964,37.7
"22039",0,0,0,0,0.180756345230127,34.23
"22041",0,0,0,0,0.208280177419191,49.19
"22043",0,0,0,0,0.138660110596795,14.22
"22045",0.000251789503974677,0.630448354787302,1,0,0.262945511310908,74.51
"22047",0,0,0,0,0.134162589687537,12.38
"22049",0,0,0,0,0.164771610619243,25.87
"22051",1.42209749900453e-05,0.0356074822199385,1,0,0.386633958075093,98.89
"22053",0,0,0,0,0.234867509735993,62.49
"22055",6.52941829412418e-06,0.0163488189788193,1,0,0.346863997159037,94.78
"22057",0,0,0,0,0.208126171198967,49.13
"22059",0,0,0,0,0.149611316933989,19.22
"22061",0,0,0,0,0.253291265435222,70.98
"22063",2.62784464182478e-05,0.0657978313203109,1,0,0.330867601455131,92.43
"22065",0,0,0,0,0.127216631487466,9.86
"22067",0.0109032171220891,27.3002455940385,1,1,0.231436731375242,60.8
"22069",0,0,0,0,0.198626009013351,43.78
"22071",1.81101185760014e-05,0.0453453947881453,1,0,0.195432784670044,41.87
"22073",0.000306752386917011,0.768068305493612,1,0,0.322005452624332,90.39
"22075",0,0,0,0,0.163066633109538,25.07
"22077",0,0,0,0,0.206617505542418,48.17
"22079",1.56934134743648e-05,0.0392942777587155,1,0,0.272819462860911,77.76
"22081",0,0,0,0,0.149750673496973,19.31
"22083",0,0,0,0,0.185693291292777,36.68
"22085",0.000487408610885459,1.22040812659453,1,1,0.187000006754946,37.51
"22087",0,0,0,0,0.238126817242218,64.02
"22089",3.51580353689836e-05,0.0880311736829136,1,0,0.198373052227589,43.59
"22091",0.00043859649122807,1.09818889169435,1,1,0.173370126527854,30.23
"22093",0,0,0,0,0.172161442011605,29.78
"22095",0,0,0,0,0.22194281276244,56.47
"22097",0.000109849871841816,0.275049872544465,1,0,0.299954179249793,85.68
"22099",0,0,0,0,0.252691425201166,70.73
"22101",0,0,0,0,0.202087604046264,45.85
"22103",7.09868053275597e-05,0.177741780034117,1,0,0.376539828357664,98.09
"22105",0.00303833830515965,7.60760617713353,1,1,0.328741602718729,91.92
"22107",0,0,0,0,0.118323426311686,7.51
"22109",0.000149474038227985,0.374263660703367,1,0,0.246201136730649,68.02
"22111",0,0,0,0,0.195946734664209,42.09
"22113",6.41066735047118e-05,0.16051481973608,1,0,0.260427067253421,73.66
"22115",0,0,0,0,0.123266059466061,8.56
"22117",7.5086349301697e-05,0.188006507963892,1,0,0.213819099325225,52.08
"22119",0,0,0,0,0.235010913173265,62.62
"22121",0.0147544296975005,36.943183817343,1,1,0.220966460433569,55.93
"22123",0,0,0,0,0.184179180845225,35.98
"22125",0,0,0,0,0.112621934166056,6.11
"22127",0,0,0,0,0.14129151642075,15.21
"23001",0.00421033445730429,10.5421329714313,1,1,0.368432117122331,97.39
"23003",0.000640701399426741,1.60423344421511,1,1,0.263904169926083,75.06
"23005",0.000336802864208467,0.843310814295239,1,0,0.328564340681844,91.89
"23007",0,0,0,0,0.259222830962085,73.18
"23009",0.000756081525312295,1.89313035767428,1,1,0.259843552310871,73.34
"23011",0.00049477657303609,1.23885655094374,1,1,0.310988873957926,88.16
"23013",4.74585923781501e-05,0.118830177640506,1,0,0.312954448418465,88.58
"23015",6.81477443096634e-05,0.17063313841237,1,0,0.281968037613205,80.34
"23017",4.90773458971339e-05,0.122883327103608,1,0,0.257550290984036,72.67
"23019",1.24118756826532e-05,0.0310777315195004,1,0,0.352420531324431,95.55
"23021",0,0,0,0,0.227707949213739,59.05
"23023",0,0,0,0,0.218939720094227,54.88
"23025",0.000536711034778875,1.34385501989218,1,1,0.300503899599743,85.75
"23027",0.00013984058173682,0.350142731514909,1,0,0.287986801732753,82.56
"23029",7.50356419299167e-05,0.187879543262783,1,0,0.222405318081346,56.7
"23031",5.36935814692712e-05,0.134441783972633,1,0,0.365054361008025,97.04
"24001",0.000135878796113866,0.340222932680632,1,0,0.241261281037696,65.48
"24003",9.81541412634401e-05,0.245765275749222,1,0,0.234239314157416,62.01
"24005",0.000198415069983147,0.496805674824566,1,0,0.306190508202591,87.18
"24009",0,0,0,0,0.302097983396009,86.1
"24011",0,0,0,0,0.236838967480766,63.54
"24013",1.48716575949555e-05,0.0372367073118455,1,0,0.324600820620483,91.12
"24015",0.000483664240284395,1.21103270685745,1,1,0.247308217434836,68.57
"24017",1.96707122764915e-05,0.0492529195873697,1,0,0.28745971698277,82.44
"24019",0,0,0,0,0.222488004286158,56.86
"24021",8.1073411974543e-06,0.0202997338608222,1,0,0.326190110942621,91.47
"24023",7.35402265038976e-05,0.184135216433528,1,0,0.291836454850731,83.61
"24025",9.43031468960119e-06,0.0236122883890487,1,0,0.299373956451868,85.62
"24027",3.64128173116937e-05,0.0911729853903547,1,0,0.281033729576094,80.18
"24029",0,0,0,0,0.227169710154147,58.57
"24031",1.8679577990974e-06,0.0046771247516795,1,0,0.213971606223036,52.21
"24033",7.80471560917106e-06,0.0195419985254013,1,0,0.289264541228138,82.85
"24035",0.000415088465729259,1.03932783606625,1,1,0.309412451792951,87.88
"24037",1.79323948713351e-05,0.0449003976161232,1,0,0.143609175802921,16.42
"24039",0,0,0,0,0.145797048124554,17.47
"24041",0,0,0,0,0.282417403468594,80.56
"24043",2.85143997718848e-05,0.0713963693488198,1,0,0.360591176536047,96.44
"24045",0,0,0,0,0.292141080459362,83.68
"24047",0,0,0,0,0.245756486252081,67.77
"24510",0.000671944390809036,1.682461854076,1,1,0.190049612358766,39.13
"25001",4.46671848060104e-05,0.11184085408406,1,0,0.319313228555544,89.85
"25003",0.000138100352923124,0.345785423623876,1,0,0.29019357368443,83.2
"25005",6.70492417519572e-05,0.167882630073844,1,0,0.377117456010453,98.15
"25007",0,0,0,0,0.246096521042028,67.99
"25009",0.000242951671725885,0.6083195658061,1,0,0.343741000145399,94.37
"25011",0.000890899122807017,2.23069618625414,1,1,0.315162396089153,88.9
"25013",0.000438270887185496,1.09737362128111,1,1,0.30094162655096,85.81
"25015",5.06810262907824e-05,0.126898735410231,1,0,0.242500166663399,66.21
"25017",6.77581130797017e-05,0.169657552202359,1,0,0.223972767187209,57.52
"25019",9.78186442335909e-05,0.244925234575282,1,0,0.225467285113559,57.94
"25021",0.000183813059529542,0.460244129082025,1,0,0.364398045823634,96.88
"25023",0.000222657439257687,0.557505432296655,1,0,0.385273493512734,98.79
"25025",1.81683688697977e-05,0.0454912459904792,1,0,0.157957213147128,22.65
"25027",0.00171513214313557,4.29446907362505,1,1,0.360885296881411,96.47
"26001",0.00546448087431694,13.6823534047165,1,1,0.216030757838967,53.29
"26003",0,0,0,0,0.168496400727445,27.78
"26005",0.00121615566792549,3.04509651079813,1,1,0.34205461203928,94.11
"26007",7.51766651631334e-05,0.188232647200655,1,0,0.270043067857747,77.16
"26009",0.00129094723253187,3.23236491600854,1,1,0.242627786948758,66.27
"26011",0,0,0,0,0.202649577641797,46.13
"26013",0,0,0,0,0.129447221937221,10.59
"26015",0.00019343606937907,0.484338901230855,1,0,0.277367518508742,79.32
"26017",0.000560298826040555,1.40291579867464,1,1,0.313649864007518,88.67
"26019",0,0,0,0,0.210906354364916,50.52
"26021",0.000103298162768391,0.258645240337073,1,0,0.309390528920552,87.78
"26023",0.00154872527996188,3.877807809128,1,1,0.24633027553241,68.12
"26025",0.000100820002688533,0.252440247989963,1,0,0.235483138795252,62.9
"26027",0.000803786728588015,2.01257801710887,1,1,0.262905115017161,74.45
"26029",0,0,0,0,0.232105515710626,61.12
"26031",0,0,0,0,0.262834221461536,74.39
"26033",7.08114997875655e-05,0.1773028376337,1,0,0.201036079924897,45.12
"26035",0.00156588773789448,3.92078038422313,1,1,0.26968490171297,76.96
"26037",0.000183125028613286,0.458521388648649,1,0,0.312555951423396,88.48
"26039",0,0,0,0,0.171512284496153,29.37
"26041",0.000132450331125828,0.331638499743459,1,0,0.286577686571079,82.21
"26043",0.005990061942686,14.9983404281229,1,1,0.233781066571624,61.72
"26045",0.00108910491710701,2.72697786183309,1,1,0.248707090931945,69.11
"26047",0,0,0,0,0.2543991419809,71.46
"26049",4.01423716113148e-05,0.100511307024772,1,0,0.329279221824826,92.01
"26051",0.000552893475856985,1.38437375952623,1,1,0.235661439861223,63.12
"26053",0,0,0,0,0.200415146908493,44.7
"26055",1.74316244530828e-05,0.0436465332519238,1,0,0.367482471971765,97.33
"26057",7.05517144066601e-05,0.17665236863716,1,0,0.231602191814857,60.93
"26059",0.000880043325209856,2.2035146730179,1,1,0.250783196039783,70.03
"26061",7.04870656234581e-05,0.176490496444852,1,0,0.220367162546399,55.68
"26063",0.000232702451132485,0.582656842940532,1,0,0.237098056606248,63.7
"26065",2.35371651838253e-05,0.0589340176308222,1,0,0.201863111172868,45.66
"26067",9.43040362127499e-05,0.236125110624586,1,0,0.203836855595096,46.68
"26069",0.000116171003717472,0.290877169268484,1,0,0.212355101170241,51.42
"26071",0,0,0,0,0.195413646448593,41.81
"26073",6.75219446320054e-05,0.16906621695227,1,0,0.210595059837339,50.3
"26075",0.000276746760434981,0.692938097318371,1,0,0.27678625742221,79.06
"26077",0.000151839535978378,0.380186561147772,1,0,0.3050286997199,86.89
"26079",0,0,0,0,0.198718708215869,43.88
"26081",0.00107528533464416,2.69237541459036,1,1,0.352006875446539,95.48
"26083",0,0,0,0,0.0998500974068258,3.63
"26085",0,0,0,0,0.174927341396633,31.02
"26087",0.00342762587660547,8.58233191066467,1,1,0.339231764254027,93.7
"26089",0,0,0,0,0.219878451858548,55.46
"26091",0.00118696374673585,2.972003715441,1,1,0.320867427998936,90.1
"26093",1.36873802354229e-05,0.0342714299625392,1,0,0.359176759156303,96.21
"26095",0,0,0,0,0.174406641080087,30.8
"26097",0,0,0,0,0.164012211732249,25.42
"26099",0.000232871872289853,0.583081051607862,1,0,0.367365710817581,97.26
"26101",0.00240124864929763,6.01241607170876,1,1,0.209497891157394,49.76
"26103",3.46836847946726e-05,0.0868434611911457,1,0,0.259789643108636,73.31
"26105",0.00236385921905095,5.91879777383156,1,1,0.248359589901892,69.01
"26107",0.000142989919210696,0.358028265255325,1,0,0.233064749973664,61.34
"26109",0.000256739409499358,0.642842278064984,1,0,0.18131357309256,34.46
"26111",2.34246896228625e-05,0.0586523933722912,1,0,0.203141695144966,46.33
"26113",0.0047946633312487,12.0052169023247,1,1,0.217363906337838,54.18
"26115",0.00098223250534771,2.45938316426944,1,1,0.312871104057222,88.55
"26117",0.000315026777276068,0.788786308851133,1,0,0.260946369200453,73.78
"26119",0.00732758620689655,18.34732820779,1,1,0.138791063165452,14.38
"26121",0.000651371498878194,1.63094999331027,1,1,0.304948077312979,86.86
"26123",7.25426187885383e-05,0.181637335731818,1,0,0.256189426520056,72.1
"26125",5.9696411991612e-05,0.14947209527289,1,0,0.364739826964742,96.91
"26127",0,0,0,0,0.209094834450079,49.48
"26129",0.00104337457147116,2.61247499052642,1,1,0.262777984849069,74.32
"26131",0,0,0,0,0.160074539762534,23.74
"26133",0.000111819300011182,0.279981065980444,1,0,0.19446125724528,41.52
"26135",0.00172711571675302,4.32447439216427,1,1,0.224477968288092,57.72
"26137",0.000257113472745972,0.643778884058051,1,0,0.231599588666183,60.9
"26139",0.00226473608683529,5.67060627005459,1,1,0.350381609150454,95.26
"26141",0.00032520325203252,0.81426688554898,1,0,0.20324701904787,46.42
"26143",0.00250731299623903,6.27798747947291,1,1,0.234393891728302,62.14
"26145",0.000174088645938512,0.435895455078708,1,0,0.289789394997894,83.01
"26147",0.000187578157565652,0.469671447635848,1,0,0.361400081353681,96.53
"26149",0.0023463549170543,5.87496926540968,1,1,0.264161313234349,75.18
"26151",0.000817527795945062,2.04698387268077,1,1,0.293595281493444,84.16
"26153",0,0,0,0,0.183873621373673,35.89
"26155",0,0,0,0,0.290159724340806,83.14
"26157",7.07213578500707e-05,0.177077133879994,1,0,0.268778097180256,76.71
"26159",4.0457984383218e-05,0.101301560588385,1,0,0.255027213703225,71.65
"26161",0.00012312945831247,0.30830023965874,1,0,0.167975145283504,27.52
"26163",0.000229626569790878,0.574955233855458,1,0,0.31234239521735,88.45
"26165",0.000139830804726281,0.35011825114495,1,0,0.234691371042795,62.3
"27001",0.0183450429352069,45.9336150015481,1,1,0.227374115291398,58.73
"27003",3.34560053529609e-05,0.0837695106411212,1,0,0.374750011331501,97.93
"27005",0.00339940078359069,8.51165992802049,1,1,0.280952713575479,80.15
"27007",4.37885886937864e-05,0.109640963045195,1,0,0.264768182992996,75.34
"27009",0.00662386629980638,16.5853045703763,1,1,0.26756274455162,76.2
"27011",0,0,0,0,0.188911293786759,38.59
"27013",2.19245357479555e-05,0.0548962020798297,1,0,0.297017018178008,85.01
"27015",0,0,0,0,0.221660535312837,56.25
"27017",0.00263086886130599,6.58735538649901,1,1,0.19374551292068,41.2
"27019",0.00012955885210857,0.32439861023037,1,0,0.27942817388774,79.76
"27021",0.00253599476439791,6.34980291761751,1,1,0.227400115632496,58.83
"27023",0,0,0,0,0.182420176027766,35.06
"27025",0.000378542072247458,0.947820393220949,1,0,0.283170050630194,80.88
"27027",0.000125981606685424,0.315441650325005,1,0,0.269003301151633,76.77
"27029",0.0033167495854063,8.30471201679308,1,1,0.181769122265549,34.74
"27031",0.000312695434646654,0.78294892841248,1,0,0.171188734368709,29.18
"27033",0.000358230342109977,0.896962447810536,1,0,0.158309318284726,22.84
"27035",0.000811382537888667,2.03159694125495,1,1,0.345997497746026,94.65
"27037",0.000290121137465102,0.726425807734581,1,0,0.381862777072873,98.63
"27039",0.000143698807299899,0.359803229352366,1,0,0.206568826006221,48.14
"27041",4.59939288013982e-05,0.115162849464774,1,0,0.316533299154053,89.28
"27043",0,0,0,0,0.189758430569157,39.01
"27045",0.0072225869993434,18.0844237713028,1,1,0.284333539036598,81.29
"27047",0.00179425837320574,4.49259092056779,1,1,0.256172751624016,72.06
"27049",0.000379586672290173,0.950435936632982,1,0,0.27270528687557,77.73
"27051",0,0,0,0,0.18709097056304,37.54
"27053",0.000374793863375144,0.938435362949045,1,0,0.28492776161279,81.58
"27055",0.00283144570286476,7.08957385777364,1,1,0.243750129827011,66.88
"27057",0.000130855796911803,0.327645992287767,1,0,0.258232374988176,72.96
"27059",0.0001476450612727,0.369684138943321,1,0,0.25836945444473,73.02
"27061",5.37345513164965e-05,0.13454436717158,1,0,0.275667369238526,78.75
"27063",0.00436071864643293,10.9186755322829,1,1,0.142933572411705,15.84
"27065",0.000203832042397065,0.510369073188568,1,0,0.210983842756186,50.65
"27067",0,0,0,0,0.251615389097782,70.28
"27069",0,0,0,0,0.160004671078619,23.7
"27071",0.000203376042302217,0.509227307924164,1,0,0.177925235356592,32.74
"27073",0.000382848392036753,0.958602861050196,1,0,0.203561561693397,46.58
"27075",0.000226603217765692,0.567385151385251,1,0,0.17081060489023,28.95
"27077",0,0,0,0,0.1604078083537,23.86
"27079",0.000201085863663784,0.503492996795317,1,0,0.249169648125349,69.42
"27081",0,0,0,0,0.179007386113148,33.44
"27083",0.00276916990835366,6.9336433222556,1,1,0.210277190435135,50.08
"27085",5.66347624171717e-05,0.141806120692253,1,0,0.263266936646424,74.61
"27087",0.000452488687782805,1.13297315523218,1,1,0.140872483679321,14.99
"27089",0,0,0,0,0.143083472363396,16
"27091",0,0,0,0,0.215974008667305,53.2
"27093",0.00568791586177291,14.2418057171437,1,1,0.234955666980403,62.55
"27095",0,0,0,0,0.230211305901773,60.36
"27097",7.59820682318973e-05,0.190249272324528,1,0,0.283831770257903,81.1
"27099",0.00123729087094518,3.09801632580836,1,1,0.219289089041614,55.01
"27101",0.000290951411114344,0.728504705575535,1,0,0.196215957748583,42.22
"27103",0.000246017590257703,0.615996229303921,1,0,0.188154829878147,38.02
"27105",9.08677873693776e-05,0.227521187920319,1,0,0.163906533470443,25.36
"27107",0,0,0,0,0.145632043353408,17.4
"27109",1.80622787370855e-05,0.0452256100184797,1,0,0.18265191254313,35.19
"27111",0.000410892383549363,1.02882138895425,1,1,0.326459320450473,91.5
"27113",0.00345224395857307,8.64397240413042,1,1,0.147705933805147,18.39
"27115",0.000111049416990561,0.278053378463422,1,0,0.244303608540143,67.23
"27117",0,0,0,0,0.185619847428528,36.59
"27119",0.000406118857452281,1.01686909695267,1,1,0.212319512317406,51.35
"27121",0.000188928773852258,0.473053216146441,1,0,0.20701261981669,48.3
"27123",0.000167459307388305,0.419296448701037,1,0,0.266882998696981,75.85
"27125",0,0,0,0,0.14682336780343,17.82
"27127",0.000142328494164532,0.356372142479805,1,0,0.217393620734811,54.28
"27129",0.000145581598485951,0.364517494986623,1,0,0.160740222908738,24.15
"27131",9.38732085862695e-05,0.235046373965496,1,0,0.226912032683673,58.48
"27133",0,0,0,0,0.195931391651913,42.06
"27135",0.0115909090909091,29.0221373468679,1,1,0.14811204062198,18.55
"27137",3.79917557889938e-05,0.0951264431382373,1,0,0.282015721190865,80.37
"27139",0.000129397725475537,0.323995169979268,1,0,0.279479069754714,79.83
"27141",0.000151372952680815,0.379018296912463,1,0,0.3458035029802,94.59
"27143",0,0,0,0,0.184668661126212,36.18
"27145",0.00108829717768265,2.72495538677695,1,1,0.349918507393962,95.2
"27147",4.76712589979501e-05,0.119362667352963,1,0,0.225512341763111,58
"27149",0,0,0,0,0.129272772664144,10.47
"27151",0,0,0,0,0.169028553011287,27.94
"27153",0.00105386416861827,2.63873958519532,1,1,0.228165529961326,59.24
"27155",0,0,0,0,0.18600642105198,37
"27157",0.000257433389110568,0.644579913261195,1,0,0.227470900400134,58.92
"27159",0.00819413803971005,20.5170619286609,1,1,0.222354423719836,56.67
"27161",0.0033882642846142,8.48377557483266,1,1,0.222427641380028,56.76
"27163",0.00101205262673659,2.53404889168224,1,1,0.306298255966251,87.21
"27165",0,0,0,0,0.202513905215896,46.07
"27167",0,0,0,0,0.156701685933788,22.18
"27169",0.000548245614035088,1.37273611461793,1,1,0.251659322938656,70.31
"27171",0.000107188795197942,0.268386880777095,1,0,0.345798277102271,94.56
"27173",0.000229305205228159,0.574150578551505,1,0,0.178795414077466,33.18
"28001",0,0,0,0,0.242643889906625,66.31
"28003",0.00858224084335721,21.4888211568465,1,1,0.254074652781517,71.36
"28005",0,0,0,0,0.155196617113259,21.48
"28007",0,0,0,0,0.222708866121847,57.02
"28009",0,0,0,0,0.158053892702727,22.69
"28011",0,0,0,0,0.212039270196141,51.22
"28013",0.000533333333333333,1.33539769230033,1,1,0.170392420909885,28.67
"28015",0.000687285223367698,1.72087331482001,1,1,0.183730856531962,35.79
"28017",0.000566679259539101,1.41889157899307,1,1,0.202678546395729,46.17
"28019",0.00304645849200305,7.6279380748305,1,1,0.142571392301848,15.72
"28021",0,0,0,0,0.103549102582906,4.49
"28023",0.0209424083769634,52.4370821583898,1,1,0.161436928988602,24.37
"28025",0,0,0,0,0.200207651329946,44.45
"28027",0,0,0,0,0.190785155256904,39.55
"28029",0,0,0,0,0.177836206270304,32.61
"28031",0.00086244070720138,2.15943999401735,1,1,0.183376336872974,35.54
"28033",0.00102964156360157,2.57808931486881,1,1,0.260380077509988,73.56
"28035",0.000500739729145328,1.25378752264455,1,1,0.26421542278224,75.21
"28037",0,0,0,0,0.153361965380512,20.78
"28039",0,0,0,0,0.220669650747192,55.84
"28041",0,0,0,0,0.155405399284298,21.57
"28043",0,0,0,0,0.205705377768792,47.69
"28045",5.88720122453785e-05,0.147407904925416,1,0,0.190614460076524,39.48
"28047",9.55584435440715e-06,0.0239265984353558,1,0,0.253362254167172,71.01
"28049",0.000696807648679306,1.74471623629418,1,1,0.249319181530498,69.52
"28051",0,0,0,0,0.19126222207507,39.68
"28053",0,0,0,0,0.144439589186119,16.86
"28055",0,0,0,0,0.110586159765404,5.63
"28057",0.00014682131845544,0.367621593461035,1,0,0.19720448739494,42.83
"28059",0,0,0,0,0.207345430892272,48.49
"28061",0.000439077936333699,1.09939436797502,1,1,0.160506645936844,23.96
"28063",0,0,0,0,0.132013007259724,11.55
"28065",0,0,0,0,0.154863145951579,21.41
"28067",0.00268970318334283,6.7346689200166,1,1,0.2222931682227,56.6
"28069",0,0,0,0,0.134459217686335,12.6
"28071",3.42770960444231e-05,0.0858254155433986,1,0,0.228289466694675,59.34
"28073",0,0,0,0,0.274053455604551,78.17
"28075",0,0,0,0,0.287111236595937,82.37
"28077",0.00127429117553361,3.19066030336172,1,1,0.174035279203928,30.67
"28079",0,0,0,0,0.150254908094975,19.54
"28081",0.000175580292867928,0.439630346079838,1,0,0.267513378939477,76.17
"28083",0,0,0,0,0.208059274876359,49.09
"28085",0,0,0,0,0.241643750222459,65.77
"28087",0.000133502436419465,0.33427283533317,1,0,0.269717797852218,77
"28089",0,0,0,0,0.263966621924187,75.12
"28091",0,0,0,0,0.219792338981097,55.27
"28093",0.00305413453462625,7.64715789283992,1,1,0.201233360882036,45.34
"28095",0.0128681727194738,32.2202402882013,1,1,0.229033225661356,59.66
"28097",0,0,0,0,0.173807668595418,30.48
"28099",7.47551767959931e-05,0.187177294839135,1,0,0.17154088825927,29.43
"28101",0.000161969549724652,0.405550805484793,1,0,0.166175170567773,26.44
"28103",0,0,0,0,0.197663767868116,43.27
"28105",0,0,0,0,0.160454621511894,23.93
"28107",0.00231558054912339,5.79791422806543,1,1,0.232610787571436,61.25
"28109",0.00099143120175625,2.48241551043719,1,1,0.294162175182703,84.25
"28111",0,0,0,0,0.163943718408013,25.39
"28113",0,0,0,0,0.233912458513244,61.82
"28115",0,0,0,0,0.158989804683562,23.16
"28117",0.000853034365098708,2.13588772988567,1,1,0.210531953666572,50.27
"28119",0,0,0,0,0.143236192182995,16.04
"28121",1.33205456095482e-05,0.0333529235009473,1,0,0.339518421863242,93.8
"28123",6.71095899604053e-05,0.16803373418315,1,0,0.121755945107158,8.21
"28125",0,0,0,0,0.136281361525814,13.27
"28127",0,0,0,0,0.190817760288413,39.58
"28129",0,0,0,0,0.136073265107311,13.14
"28131",0,0,0,0,0.186019935326797,37.03
"28133",0,0,0,0,0.14211271448939,15.3
"28135",0,0,0,0,0.125683998441175,9.42
"28137",0,0,0,0,0.201096916257853,45.21
"28139",0.000121536217792902,0.304310971446659,1,0,0.171607225815626,29.49
"28141",0,0,0,0,0.196429812631191,42.32
"28143",0,0,0,0,0.0900513560593446,2.13
"28145",7.33299112708074e-05,0.183608614289295,1,0,0.170114854864413,28.51
"28147",0.0430622009569378,107.822182093627,1,1,0.20301840826754,46.29
"28149",0,0,0,0,0.196457609639252,42.35
"28151",0,0,0,0,0.252386479717901,70.51
"28153",0,0,0,0,0.200960293496388,45.05
"28155",0.000386697602474865,0.968240786180631,1,0,0.179650629543591,33.66
"28157",0.00886917960088692,22.2072786967904,1,1,0.154512357602425,21.22
"28159",0,0,0,0,0.188809571359041,38.5
"28161",0,0,0,0,0.145893212771125,17.59
"28163",0,0,0,0,0.169603092194514,28.29
"29001",0.000184518867054156,0.462011379843733,1,0,0.210965350378082,50.62
"29003",0.000546896363139185,1.36935776486908,1,1,0.241457544694713,65.64
"29005",0.000956022944550669,2.39375781363586,1,1,0.145202049034916,17.31
"29007",0.00298730395817774,7.47982277240661,1,1,0.253855298795473,71.24
"29009",0.0012012012012012,3.00765246013587,1,1,0.235203930108325,62.71
"29011",0.00723327305605787,18.1111802753209,1,1,0.197577118308968,43.21
"29013",0.00109649122807018,2.74547222923587,1,1,0.247500800362057,68.66
"29015",0.00149063032367973,3.73234555184024,1,1,0.233896654897981,61.76
"29017",0.000431592576607682,1.08065199527972,1,1,0.220365878266062,55.65
"29019",0.000172846694079546,0.432785768241686,1,0,0.252202711184784,70.44
"29021",0,0,0,0,0.266448164109246,75.69
"29023",0.000496277915632754,1.24261571864174,1,1,0.27324893302927,77.86
"29025",0.000420344682639765,1.05248872343973,1,1,0.191378379521673,39.77
"29027",0.000237332384003797,0.594249596075261,1,0,0.229070776466801,59.75
"29029",5.01303388810908e-05,0.125519885355079,1,0,0.285438240979525,81.67
"29031",2.17997907220091e-05,0.0545838566677518,1,0,0.326570815701636,91.54
"29033",0.000836820083682008,2.0952892661616,1,1,0.167919430879602,27.46
"29035",0.0175342465753425,43.9034857742573,1,1,0.171735018590245,29.59
"29037",2.79212620410443e-05,0.069911229179481,1,0,0.303923384593833,86.57
"29039",0,0,0,0,0.218825609092307,54.79
"29041",0.000414593698175788,1.03808900209913,1,1,0.186888139704789,37.45
"29043",0.0022337173759699,5.59293942960253,1,1,0.372410096884983,97.77
"29045",0.000555555555555556,1.39103926281284,1,1,0.173766419605444,30.42
"29047",2.42883513067133e-05,0.0608148905339335,1,0,0.310819632863749,88.13
"29049",0.00129557653155654,3.24395608207325,1,1,0.233110272833455,61.41
"29051",0.000188786105342647,0.472695992649257,1,0,0.20443341131122,46.96
"29053",0.000353232073472271,0.884447429552495,1,0,0.223109740623736,57.24
"29055",0.0173722815596448,43.4979463213898,1,1,0.23576754800979,63.16
"29057",0,0,0,0,0.14606564922679,17.63
"29059",0.000556173526140156,1.39258658123644,1,1,0.241341166090095,65.61
"29061",0.033186725309876,83.0952682384,1,1,0.216216211404234,53.39
"29063",0,0,0,0,0.163615881399141,25.33
"29065",0.000456725279744234,1.14358103359813,1,1,0.211627421293793,50.91
"29067",0.000306654400490647,0.767822960154282,1,0,0.204590902915886,47.03
"29069",0,0,0,0,0.190580107976399,39.45
"29071",4.52376105494108e-05,0.11326912637412,1,0,0.360039713049974,96.37
"29073",0,0,0,0,0.223410173125333,57.37
"29075",0.000378501135503407,0.947717892908067,1,0,0.163080045023845,25.1
"29077",0.000153317797129891,0.383887935892173,1,0,0.337244886907658,93.35
"29079",0.0005720823798627,1.43242029351437,1,1,0.200319163493391,44.64
"29081",0.00032916392363397,0.824183895017483,1,0,0.168908686487605,27.9
"29083",0.000109051254089422,0.273050236975258,1,0,0.220971799207972,55.97
"29085",0.000508646998982706,1.27358630369436,1,1,0.200725194328,44.86
"29087",0,0,0,0,0.14773414380451,18.42
"29089",0,0,0,0,0.166439083061626,26.57
"29091",0.00160495242462456,4.01859330767896,1,1,0.322380033890456,90.49
"29093",0.00024740227610094,0.619463303578207,1,0,0.170426075011341,28.7
"29095",0.000503998547719825,1.26194718290207,1,1,0.335439411562328,92.97
"29097",0.000922112251798119,2.3088498245495,1,1,0.351634201429085,95.45
"29099",0.000119819927765701,0.300013603181078,1,0,0.372688271973635,97.8
"29101",0.000220429396464312,0.551926701287994,1,0,0.173776774000528,30.45
"29103",0.0523809523809524,131.155130493782,1,1,0.174594606991554,30.86
"29105",0.0333871488537294,83.5971028720458,1,1,0.256501462954578,72.19
"29107",9.53652489032996e-05,0.238782249958336,1,0,0.252030162400482,70.41
"29109",8.87232721142756e-05,0.222151599065133,1,0,0.276476730618901,78.94
"29111",0.000338868180277872,0.848482098632027,1,0,0.170799776494842,28.92
"29113",6.41601437187219e-05,0.160648702236822,1,0,0.288987649958343,82.79
"29115",0,0,0,0,0.171787825855935,29.65
"29117",0,0,0,0,0.243795198083799,66.91
"29119",0.000144237703735757,0.361152556333927,1,0,0.191884840566355,40.22
"29121",0.00034346556757685,0.859993361862652,1,0,0.209305616599223,49.6
"29123",0.0137867647058824,34.5202758234804,1,1,0.191512249325082,39.87
"29125",0.000542593597395551,1.35858419591053,1,1,0.207348538834313,48.52
"29127",0.00261060730970047,6.53662308164319,1,1,0.245065869930953,67.52
"29129",0.000465983224603914,1.16676173022512,1,1,0.128774675254817,10.24
"29131",0.000108225108225108,0.27098167457393,1,0,0.234018162040607,61.92
"29133",0,0,0,0,0.143873250016578,16.54
"29135",0.00404390525707683,10.1254157778404,1,1,0.207302604555285,48.46
"29137",0.000818330605564648,2.0489940041433,1,1,0.188188014457514,38.12
"29139",0,0,0,0,0.197394031030212,42.98
"29141",0.000167140230653518,0.418497521822349,1,0,0.283071807872658,80.81
"29143",0,0,0,0,0.140003171236855,14.67
"29145",0.000246872942725477,0.618137921263112,1,0,0.246415766607293,68.18
"29147",0,0,0,0,0.196329208765105,42.28
"29149",0,0,0,0,0.172399957337388,29.84
"29151",0.00173913043478261,4.35455769228367,1,1,0.188232521940464,38.18
"29153",0.000494071146245059,1.23709025348968,1,1,0.225294397453,57.84
"29155",0,0,0,0,0.15240898389252,20.36
"29157",0.00188803927121684,4.7274061607913,1,1,0.215986578248279,53.23
"29159",4.58211143695015e-05,0.114730144476865,1,0,0.265963088993044,75.5
"29161",4.69748214956783e-05,0.117618877915404,1,0,0.240624463651399,65.22
"29163",0.00345966346909892,8.66254989894456,1,1,0.203180937038876,46.39
"29165",3.71174581964627e-05,0.092937315036769,1,0,0.290041312686607,83.07
"29167",8.65650969529086e-05,0.216747807571253,1,0,0.280159866383916,79.96
"29169",4.31667098333765e-05,0.108083858804416,1,0,0.120079804067279,7.86
"29171",0,0,0,0,0.147919800437157,18.49
"29173",0.0043859649122807,10.9818889169435,1,1,0.181952878221016,34.87
"29175",0.0040983606557377,10.2617650535373,1,1,0.229902215199405,60.13
"29177",0.000188253012048193,0.471361195983267,1,0,0.190071892991142,39.17
"29179",0.025,62.5967668265778,1,1,0.148255040442611,18.64
"29181",0.0124927367809413,31.2801972520958,1,1,0.19239076160277,40.41
"29183",3.86545990689764e-05,0.0967861169878226,1,0,0.338669639126106,93.6
"29185",0.00182731841023298,4.57536897773068,1,1,0.195034865821636,41.65
"29186",0.00359092214880781,8.99120465765266,1,1,0.20794478688062,49.06
"29187",0.000431237258899169,1.07976232568975,1,1,0.280319722490497,79.99
"29189",0.000328905240362785,0.823536185561152,1,0,0.311446091710018,88.32
"29195",0,0,0,0,0.180117924474304,33.79
"29197",0.000945179584120983,2.36660744145852,1,1,0.167411453804004,27.11
"29199",0.00765794511805999,19.1745041970372,1,1,0.209738010270057,49.79
"29201",5.50782110597048e-05,0.137908717397175,1,0,0.257864165879678,72.8
"29203",0.0283896231032795,71.0839447076165,1,1,0.180573479178066,34.14
"29205",0,0,0,0,0.145102347201746,17.24
"29207",0.00592681669816183,14.8399825151481,1,1,0.218133546713287,54.53
"29209",0.00011101243339254,0.277960776316953,1,0,0.248061570482382,68.88
"29211",0,0,0,0,0.108904699626791,5.35
"29213",3.15089643003435e-05,0.0788943716502225,1,0,0.220589352936476,55.81
"29215",0.00649625759073577,16.2657888661069,1,1,0.235618498295542,63.03
"29217",0.000527843758247559,1.32165250623548,1,1,0.241276683044749,65.54
"29219",0.00050065084609993,1.25356497099385,1,1,0.277337975192866,79.29
"29221",0.00921899460775787,23.0831702334919,1,1,0.239040747854307,64.49
"29223",0.00968783638320775,24.2570894053477,1,1,0.185849864567588,36.88
"29225",9.38350380031904e-05,0.234950799761951,1,0,0.280477685769388,80.02
"29227",0,0,0,0,0.149070146837507,19.06
"29229",0.00017164435290079,0.429775261425182,1,0,0.251190961682672,70.19
"29510",9.53850237218407e-05,0.238831763546546,1,0,0.207787983175508,48.93
"30001",0,0,0,0,0.192678203508446,40.57
"30003",0,0,0,0,0.117085392249006,7.16
"30005",0,0,0,0,0.148653238136027,18.9
"30007",0.00579710144927536,14.5151923076122,1,1,0.221975711397495,56.54
"30009",0,0,0,0,0.266957134537039,75.95
"30011",0,0,0,0,0.0998802626849695,3.66
"30013",0,0,0,0,0.320884799893972,90.14
"30015",0,0,0,0,0.144031869636526,16.61
"30017",0,0,0,0,0.22260382476635,56.92
"30019",0,0,0,0,0.107537021785643,5.06
"30021",0,0,0,0,0.233750244760913,61.66
"30023",0,0,0,0,0.177794490938164,32.58
"30025",0,0,0,0,0.166199638929514,26.47
"30027",0.000180440274269217,0.451799110982157,1,0,0.268622106560592,76.65
"30029",1.66397657120988e-05,0.0416638213731653,1,0,0.404454275299414,99.4
"30031",0.000104255959965711,0.261043440650187,1,0,0.383829841366603,98.76
"30033",0,0,0,0,0.102400565949592,4.26
"30035",0,0,0,0,0.134235647184342,12.44
"30037",0,0,0,0,0.117082617618612,7.13
"30039",0,0,0,0,0.161099736473136,24.28
"30041",0,0,0,0,0.212982224698959,51.67
"30043",0,0,0,0,0.247150981652813,68.44
"30045",0,0,0,0,0.12081278028472,8.05
"30047",0.00311424356662842,7.79766313525637,1,1,0.286265624600376,82.09
"30049",0,0,0,0,0.292934908564757,83.93
"30051",0,0,0,0,0.104601140754844,4.65
"30053",0,0,0,0,0.303187667381727,86.41
"30055",0,0,0,0,0.134254317132339,12.47
"30057",0,0,0,0,0.222425377005654,56.73
"30059",0,0,0,0,0.122083689606252,8.3
"30061",0,0,0,0,0.156895175097028,22.27
"30063",5.32843117665081e-05,0.133417025566511,1,0,0.403615621662424,99.36
"30065",0,0,0,0,0.161021387807952,24.21
"30067",0,0,0,0,0.285990705387975,81.99
"30069",0,0,0,0,0.0775143562475215,1.34
"30071",0,0,0,0,0.186420415776809,37.32
"30073",0,0,0,0,0.188178239760991,38.08
"30075",0,0,0,0,0.125502579456622,9.29
"30077",0,0,0,0,0.16119187044478,24.34
"30079",0,0,0,0,0.094087321630617,2.9
"30081",0,0,0,0,0.369394697431543,97.52
"30083",0,0,0,0,0.236891524269728,63.63
"30085",0,0,0,0,0.140830133636172,14.95
"30087",0,0,0,0,0.109441124850686,5.47
"30089",0,0,0,0,0.255977670402499,71.97
"30091",0,0,0,0,0.176053791292099,31.56
"30093",0,0,0,0,0.294499514033925,84.44
"30095",0,0,0,0,0.180552655748782,34.11
"30097",0,0,0,0,0.184993267358332,36.3
"30099",0,0,0,0,0.194104411415402,41.39
"30101",0,0,0,0,0.136581295845787,13.43
"30103",0,0,0,0,0.0970610092384842,3.15
"30105",0,0,0,0,0.189003932102527,38.66
"30107",0,0,0,0,0.0919571559222958,2.55
"30109",0,0,0,0,0.134109476170696,12.31
"30111",0.000143060054567192,0.358203875117601,1,0,0.428540588265308,99.87
"31001",0.00144308153410668,3.61328953208863,1,1,0.266319863090703,75.6
"31003",0,0,0,0,0.138733875914421,14.29
"31005",0,0,0,0,0.0626208850202305,0.67
"31007",0,0,0,0,0.0984646786411973,3.31
"31009",0,0,0,0,0.0688797044232502,0.86
"31011",0,0,0,0,0.142887067675495,15.81
"31013",0.000183284457478006,0.458920577907462,1,0,0.14928807224609,19.12
"31015",0,0,0,0,0.110443518893162,5.6
"31017",0,0,0,0,0.129867870578533,10.72
"31019",0.000251216831527712,0.629014457042076,1,0,0.292993767605883,83.96
"31021",0,0,0,0,0.150905177844883,19.69
"31023",0.000278784499581823,0.698040332607503,1,0,0.130821751948688,11.17
"31025",0.000130497194310322,0.326748097750634,1,0,0.253869154564622,71.27
"31027",0,0,0,0,0.167295981391606,27.01
"31029",0,0,0,0,0.14102106223732,15.11
"31031",0,0,0,0,0.161451360225721,24.4
"31033",0,0,0,0,0.17498812244022,31.05
"31035",0.0105569712413542,26.4332906875975,1,1,0.136586537421952,13.46
"31037",0,0,0,0,0.122327671434641,8.37
"31039",0,0,0,0,0.175968012663646,31.43
"31041",0,0,0,0,0.162221756444238,24.72
"31043",0.00499224178641301,12.4999278018397,1,1,0.154625706340833,21.32
"31045",0,0,0,0,0.168454751452928,27.74
"31047",0,0,0,0,0.174394001147032,30.77
"31049",0,0,0,0,0.0941531206579465,2.93
"31051",0,0,0,0,0.122593975854234,8.4
"31053",0.0012496395270595,3.12893576370474,1,1,0.276420249148953,78.91
"31055",0.000275997665848312,0.69106246135146,1,0,0.294678451907048,84.51
"31057",0,0,0,0,0.102317150812846,4.23
"31059",0,0,0,0,0.152121088201092,20.17
"31061",0,0,0,0,0.123397673450763,8.59
"31063",0,0,0,0,0.0885980454608245,1.94
"31065",0,0,0,0,0.114434418461524,6.62
"31067",0.00422237860661506,10.5722899636725,1,1,0.246657477747679,68.31
"31069",0,0,0,0,0.0985401145699798,3.37
"31071",0,0,0,0,0.14250861761695,15.62
"31073",0,0,0,0,0.102815314480507,4.36
"31075",0,0,0,0,0.0897910017929995,2.07
"31077",0,0,0,0,0.12431939361603,8.91
"31079",0.00111431899913894,2.79011066238102,1,1,0.287701452355802,82.5
"31081",0,0,0,0,0.191544933778268,39.9
"31083",0,0,0,0,0.114398881278899,6.59
"31085",0,0,0,0,0.129528097831536,10.63
"31087",0,0,0,0,0.113714086859613,6.46
"31089",0.000345244260314172,0.864446978444023,1,0,0.197238649682881,42.86
"31091",0,0,0,0,0.114395376171431,6.55
"31093",0,0,0,0,0.173982182446186,30.61
"31095",0,0,0,0,0.16106262833624,24.24
"31097",0,0,0,0,0.115510889047408,6.87
"31099",0,0,0,0,0.1468717871138,17.94
"31101",0,0,0,0,0.20738247863569,48.58
"31103",0,0,0,0,0.119047630252948,7.67
"31105",0,0,0,0,0.101348882442318,3.98
"31107",0,0,0,0,0.16743702377594,27.14
"31109",4.54467414686367e-05,0.113792763149601,1,0,0.313177822923039,88.61
"31111",5.53036168565424e-05,0.138473104361415,1,0,0.264120646942686,75.15
"31113",0,0,0,0,0.0953605521335216,2.99
"31115",0,0,0,0,0.0920209748364406,2.58
"31117",0,0,0,0,0.0572724070949304,0.45
"31119",0.00150995755794972,3.7807384469203,1,1,0.306655335955815,87.31
"31121",0.00608389369196286,15.2332829933395,1,1,0.201207180366684,45.31
"31123",0,0,0,0,0.118946215488415,7.64
"31125",0,0,0,0,0.111150639965577,5.76
"31127",0,0,0,0,0.112756387557643,6.17
"31129",0,0,0,0,0.14101592422739,15.08
"31131",0.000136425648021828,0.341592179135486,1,0,0.19619853903581,42.19
"31133",0,0,0,0,0.137787212343297,13.94
"31135",0,0,0,0,0.118269096143323,7.48
"31137",0,0,0,0,0.155584157089918,21.67
"31139",0,0,0,0,0.192542996614225,40.5
"31141",0.000349971564810359,0.876283537534665,1,0,0.241860846186849,65.92
"31143",0,0,0,0,0.148629833556186,18.87
"31145",0,0,0,0,0.193876494021613,41.3
"31147",0,0,0,0,0.186402471877141,37.29
"31149",0,0,0,0,0.102520033553514,4.3
"31151",0.00196592398427261,4.92241940969157,1,1,0.157274556724558,22.46
"31153",0.000259829344086804,0.650579074660172,1,0,0.26960150577594,76.9
"31155",0.000392721560413667,0.983323997799363,1,0,0.252459915788431,70.57
"31157",0,0,0,0,0.278498898460826,79.48
"31159",0.000264480296217932,0.662224457303124,1,0,0.209108165784377,49.51
"31161",0,0,0,0,0.138783202429131,14.35
"31163",0,0,0,0,0.132144744099141,11.71
"31165",0,0,0,0,0.123862402220516,8.81
"31167",0,0,0,0,0.121104292151517,8.11
"31169",0,0,0,0,0.129924196999681,10.75
"31171",0,0,0,0,0.138965226834097,14.48
"31173",0,0,0,0,0.0875555525037015,1.85
"31175",0,0,0,0,0.15649432094719,22.08
"31177",0.000203769740193581,0.510213076528398,1,0,0.223733591750236,57.43
"31179",0,0,0,0,0.130771384420961,11.14
"31181",0,0,0,0,0.117790094277789,7.25
"31183",0,0,0,0,0.0615892123604332,0.57
"31185",0.000222890894906943,0.558089975050287,1,0,0.211400520355672,50.81
"32001",0,0,0,0,0.201165675220663,45.28
"32003",0.000102169587147066,0.255819432936504,1,0,0.289963611051387,83.04
"32005",8.50484776322504e-05,0.212950388932056,1,0,0.245852375647574,67.83
"32007",8.29703381041278e-05,0.207746996313056,1,0,0.253282663923173,70.95
"32009",0,0,0,0,0.0904497601066952,2.26
"32011",0,0,0,0,0.016547730691763,0.03
"32013",0,0,0,0,0.171506878868137,29.34
"32015",0,0,0,0,0.0765747057076213,1.24
"32017",0,0,0,0,0.129962460317783,10.79
"32019",0.00012831205491756,0.321276791308541,1,0,0.268093131320098,76.42
"32021",0,0,0,0,0.105531758684172,4.8
"32023",0,0,0,0,0.238904182986138,64.43
"32027",0,0,0,0,0.0727063521554643,1.05
"32029",0.00187836328561275,4.70317874420424,1,1,0.0924283861123798,2.61
"32031",0.00081043386482717,2.02922158659795,1,1,0.388682347773739,98.98
"32033",0.000207770621234157,0.520230765232311,1,0,0.131312798356505,11.39
"32510",8.72676498821887e-05,0.218506909247152,1,0,0.2466029250304,68.28
"33001",0.000201234236651462,0.503864503567839,1,0,0.327195341361665,91.63
"33003",4.23764725824222e-05,0.10610520692699,1,0,0.337911760414401,93.51
"33005",0.000730070479880942,1.828002063843,1,1,0.328444942212539,91.82
"33007",0,0,0,0,0.25405845662511,71.33
"33009",1.57185746396517e-05,0.0393572780625774,1,0,0.216688134504106,53.74
"33011",7.6282442474064e-05,0.191001370580433,1,0,0.35414130288942,95.7
"33013",0.000127149990752728,0.318367132926001,1,0,0.342786005377595,94.27
"33015",0.000114267431496675,0.286110870610772,1,0,0.379994651371013,98.41
"33017",0.000847223501243208,2.12133807829272,1,1,0.315313683177309,88.99
"33019",6.13459296975646e-05,0.153602274281523,1,0,0.28604523510388,82.02
"34001",7.33492745756744e-06,0.0183657097500485,1,0,0.229456530519342,59.94
"34003",0.000112172786881902,0.280866151389354,1,0,0.344134774487989,94.4
"34005",0.000110529649578499,0.276751948083547,1,0,0.302134063283382,86.13
"34007",0.000688234262668771,1.72324958649355,1,1,0.353082545227278,95.64
"34009",0,0,0,0,0.263721770562867,74.93
"34011",0.00192939941654962,4.83096661572366,1,1,0.28595749832261,81.93
"34013",0.000143175430091456,0.358492760509196,1,0,0.255467880555535,71.71
"34015",0.000586794196605396,1.46925678000388,1,1,0.337204768399357,93.32
"34017",0.000175199532801246,0.438676972115398,1,0,0.22799350253743,59.18
"34019",3.78787878787879e-05,0.0948435861008755,1,0,0.329649302555949,92.11
"34021",6.23290280134354e-05,0.15606382532337,1,0,0.173740902268136,30.38
"34023",0.000294217977144806,0.736683764460834,1,0,0.286649633828405,82.25
"34025",1.30362799671486e-05,0.0326411590955835,1,0,0.355224473631681,95.86
"34027",6.13374633892015e-06,0.0153581075740304,1,0,0.2529029145377,70.82
"34029",6.01108814567179e-05,0.150509873211449,1,0,0.372340561012991,97.74
"34031",0.000209881851874603,0.525517013716995,1,0,0.431016083840953,99.9
"34033",4.22707866593397e-05,0.105840583043628,1,0,0.232110200959786,61.15
"34035",0.000134643866971859,0.33713082981865,1,0,0.234633101882957,62.23
"34037",2.24200165908123e-05,0.0561368220313233,1,0,0.348128491773179,94.91
"34039",0.000477295480826691,1.19508615682751,1,1,0.364316956486809,96.85
"34041",0,0,0,0,0.334516089999168,92.78
"35001",0.00011370596155188,0.284705022482193,1,0,0.306078877756459,87.11
"35003",0,0,0,0,0.147354539771173,18.29
"35005",0,0,0,0,0.266443062480524,75.66
"35006",0,0,0,0,0.147281116146856,18.2
"35007",0,0,0,0,0.170537169355538,28.76
"35009",0,0,0,0,0.20595217289949,47.85
"35011",0,0,0,0,0.125520117966528,9.32
"35013",1.07239755922316e-05,0.0268514479840332,1,0,0.274282804630482,78.4
"35015",0,0,0,0,0.234921806530322,62.52
"35017",0,0,0,0,0.201094672523906,45.18
"35019",0,0,0,0,0.0937279676374843,2.83
"35021",0,0,0,0,0.0741867032017325,1.11
"35023",0,0,0,0,0.134763700106675,12.69
"35025",0.000938362958792461,2.34953949320917,1,1,0.185872947853442,36.91
"35027",0,0,0,0,0.266916853454813,75.88
"35028",0,0,0,0,0.0310701628637058,0.16
"35029",0,0,0,0,0.185800659171932,36.75
"35031",0,0,0,0,0.216822510441672,53.87
"35033",0,0,0,0,0.148253619566462,18.61
"35035",0,0,0,0,0.185314587544343,36.53
"35037",0,0,0,0,0.172661845187605,29.97
"35039",0,0,0,0,0.181482241274874,34.49
"35041",0,0,0,0,0.158986744153365,23.13
"35043",2.37942275204036e-05,0.0595776684765297,1,0,0.261235181199584,73.97
"35045",0,0,0,0,0.282315251222872,80.5
"35047",0,0,0,0,0.185664713704148,36.62
"35049",1.35596897542984e-05,0.0339517095116222,1,0,0.28565131626243,81.8
"35051",0,0,0,0,0.149447475723497,19.19
"35053",0,0,0,0,0.128991665096524,10.37
"35055",0,0,0,0,0.26781308329134,76.33
"35057",0,0,0,0,0.194718365874807,41.58
"35059",0,0,0,0,0.150320321891199,19.57
"35061",0.000482392667631452,1.20784885338307,1,1,0.258429355027105,73.05
"36001",0.00020108256285882,0.503484732006568,1,0,0.222847277012949,57.11
"36003",0.000127412881442314,0.319025377213877,1,0,0.214262126791833,52.34
"36005",4.94008200536129e-05,0.123693264557509,1,0,0.188920940075453,38.63
"36007",1.1204607334536e-05,0.0280548877081324,1,0,0.284247003249473,81.26
"36009",6.75242243154732e-05,0.169071924984848,1,0,0.247451130453331,68.63
"36011",0.000257107176963197,0.643763120232197,1,0,0.261140918424136,73.91
"36013",0.00110766066024487,2.77343904289286,1,1,0.307387562064047,87.4
"36015",0,0,0,0,0.297038332712198,85.05
"36017",0.00123562909637907,3.09385545720703,1,1,0.213926774544408,52.15
"36019",0.000344491014526038,0.862560948405504,1,0,0.235580455161897,62.97
"36021",0,0,0,0,0.285983234201567,81.96
"36023",0.00010645659232448,0.2665535394755,1,0,0.227575671081672,58.99
"36025",6.1755079355277e-05,0.154626732110363,1,0,0.244107239414367,67.01
"36027",7.83729769975313e-06,0.0196235798664768,1,0,0.283623099444978,80.97
"36029",0.000397491745962214,0.99526792549944,1,0,0.331652724244083,92.46
"36031",0,0,0,0,0.23590061507685,63.25
"36033",5.27788040323006e-05,0.132151299575823,1,0,0.165256788217009,26.06
"36035",0,0,0,0,0.229214811157,59.85
"36037",0,0,0,0,0.262240195254194,74.2
"36039",0,0,0,0,0.259130645249402,73.15
"36041",0,0,0,0,0.161872783961642,24.59
"36043",0.000765967475842564,1.91788349928237,1,1,0.276886737407977,79.1
"36045",0.000101071356377603,0.253069605120589,1,0,0.198551503324285,43.72
"36047",7.09455799465607e-05,0.177638557011648,1,0,0.216546436151054,53.58
"36049",0,0,0,0,0.200808830263492,44.93
"36051",9.13075237399562e-05,0.22862223092249,1,0,0.262139769312889,74.13
"36053",4.32806751785328e-05,0.108369213289899,1,0,0.254534665230974,71.49
"36055",0.000339932456898781,0.851146909651149,1,0,0.284375071713867,81.32
"36057",0.00365479265143024,9.15112813604276,1,1,0.213739211726895,52.05
"36059",2.87026406429391e-06,0.00718677001453247,1,0,0.318629840659014,89.66
"36061",3.80077262105841e-07,0.000951664310084937,1,0,0.158203925312175,22.78
"36063",0.000271145998562926,0.678914513920124,1,0,0.334009261751548,92.71
"36065",0.000498684028258762,1.24864031348209,1,1,0.289439448969205,82.91
"36067",0.000691254683911519,1.73081233066356,1,1,0.319372396196846,89.88
"36069",0.000773275595422209,1.93618208557308,1,1,0.302678183317963,86.29
"36071",0.000612710010650847,1.53414662676084,1,1,0.361095867318904,96.5
"36073",0.000388379679975144,0.972452490703399,1,0,0.193086439428874,40.76
"36075",0.000481804784038091,1.20637686889448,1,1,0.294716481785581,84.54
"36077",3.96510705789056e-05,0.0992811527780774,1,0,0.22962569137596,60.01
"36079",3.206567049317e-05,0.0802882919599536,1,0,0.311472599492862,88.36
"36081",7.47808059530123e-05,0.187241466933771,1,0,0.25554683877525,71.78
"36083",0,0,0,0,0.276384967034345,78.87
"36085",0,0,0,0,0.243006121697265,66.34
"36087",0,0,0,0,0.254553347040463,71.52
"36089",7.90722192936215e-05,0.197986610943314,1,0,0.229810178355165,60.07
"36091",0.000797058852833046,1.99573228631399,1,1,0.353339590746831,95.67
"36093",0.000383166230282904,0.959398686913511,1,0,0.244237879120514,67.2
"36095",0,0,0,0,0.200262832354238,44.51
"36097",0.000352795907567472,0.883355326534878,1,0,0.176844453301831,32.01
"36099",8.82145377558222e-05,0.220877794024622,1,0,0.215157220831186,52.72
"36101",0.000319242331533161,0.799341511526174,1,0,0.215948354490457,53.13
"36103",0.00015884254934215,0.397721200932389,1,0,0.397517435629184,99.24
"36105",2.94542134252305e-05,0.0737495411935764,1,0,0.205897269709127,47.82
"36107",0.000842755811503617,2.11015156097741,1,1,0.222593173675977,56.89
"36109",6.90774703830346e-05,0.172961052261466,1,0,0.18661066045086,37.38
"36111",0.000295399158112399,0.73964128884517,1,0,0.366245800112039,97.14
"36113",2.54265300414452e-05,0.0636647428885329,1,0,0.254256915505979,71.4
"36115",0.00174100978567569,4.35926334386926,1,1,0.255513004983401,71.75
"36117",0.00038243355217031,0.957564155674592,1,0,0.262931464805232,74.48
"36119",4.17674305929722e-06,0.0104580244550942,1,0,0.304225221869213,86.64
"36121",7.07463742483198e-05,0.177139771705915,1,0,0.217470412841614,54.34
"36123",0.000357867112012406,0.896052966621655,1,0,0.256287237613439,72.16
"37001",1.32955739034475e-05,0.0332903975783855,1,0,0.298730328564421,85.46
"37003",0.00341696768524846,8.55564517789797,1,1,0.261121085819733,73.88
"37005",0.000456100342075257,1.14201627049629,1,1,0.186930109902114,37.48
"37007",0.0025736713421696,6.44414019576145,1,1,0.18285703807577,35.25
"37009",0,0,0,0,0.248780034923362,69.2
"37011",0,0,0,0,0.204919750599675,47.25
"37013",5.44336182026019e-05,0.136294740246209,1,0,0.272031473657039,77.51
"37015",0,0,0,0,0.149143473352024,19.09
"37017",0.00239497702116642,5.99671272595865,1,1,0.160101811815908,23.8
"37019",6.19399595325598e-05,0.155089648164292,1,0,0.330199058335487,92.27
"37021",6.51988238132184e-05,0.163249422864126,1,0,0.354714891785744,95.77
"37023",0.00536672629695885,13.4375885853119,1,1,0.222694736898525,56.98
"37025",0.000306463311233923,0.767344497368434,1,0,0.317545118115792,89.44
"37027",0.00282702778165573,7.07851195442245,1,1,0.270024868884201,77.12
"37029",0.000570776255707763,1.42914992754744,1,1,0.22095059038058,55.9
"37031",3.42289919561869e-05,0.0857049691276095,1,0,0.30180891216664,86.03
"37033",0.00207792207792208,5.20284815181945,1,1,0.207891754091063,49
"37035",2.05391527599487e-05,0.0514273822451987,1,0,0.289221766382987,82.82
"37037",0.00153981522217334,3.85549817673598,1,1,0.302582333752313,86.26
"37039",0.000105385182843292,0.263870868696713,1,0,0.269291272963372,76.87
"37041",0,0,0,0,0.180661606825158,34.17
"37043",0,0,0,0,0.217118431783831,53.99
"37045",9.72266109234097e-05,0.243442859732443,1,0,0.261188007960564,73.94
"37047",0.00468299711815562,11.7256191461889,1,1,0.234789532482521,62.39
"37049",3.96353547364249e-05,0.0992418023409874,1,0,0.235842181469518,63.22
"37051",2.13287831929188e-05,0.0534045147288709,1,0,0.143471101614121,16.23
"37053",0,0,0,0,0.264639406936527,75.25
"37055",0,0,0,0,0.240360708551695,65.07
"37057",0.00173097325367134,4.3341331657243,1,1,0.35801878001657,96.05
"37059",0.00318187603410971,7.96700608712967,1,1,0.236485190836354,63.41
"37061",0.00133218736570692,3.33562487601876,1,1,0.206792665157792,48.27
"37063",7.82411391909866e-06,0.019590569384736,1,0,0.134895959840894,12.79
"37065",0.0013128603230778,3.28723246078267,1,1,0.198330731321088,43.53
"37067",0.000260875236418183,0.653197853795894,1,0,0.273507214560275,77.95
"37069",0.0018272914824639,4.57530155407937,1,1,0.314250787515727,88.74
"37071",0.000321190842738318,0.804220331588901,1,0,0.303514676469779,86.45
"37073",0,0,0,0,0.174032862332132,30.64
"37075",0,0,0,0,0.187203702610286,37.67
"37077",0.00552874067573497,13.8432516369439,1,1,0.188789487711131,38.47
"37079",0,0,0,0,0.173390868688939,30.26
"37081",2.51791654995074e-05,0.0630453740664192,1,0,0.353043178405142,95.61
"37083",0,0,0,0,0.262748219227642,74.26
"37085",0.000687203083450357,1.72066764708989,1,1,0.295395761845466,84.76
"37087",4.77122000095424e-05,0.119465178351215,1,0,0.317000931506889,89.37
"37089",5.91797684098396e-05,0.148178486560064,1,0,0.326897580235953,91.6
"37091",0.000613246116107931,1.53548896549251,1,1,0.212653373046137,51.51
"37093",9.07935355002724e-05,0.227335270842847,1,0,0.226119761455812,58.26
"37095",0.0193298969072165,48.3995619793127,1,1,0.172912275295019,30.1
"37097",0.000231711353856339,0.580175263536636,1,0,0.386533007643618,98.85
"37099",0,0,0,0,0.198928282253664,44
"37101",0.000420179836970223,1.05207597120218,1,1,0.357327243170255,96.02
"37103",0,0,0,0,0.197190186998574,42.79
"37105",3.2242463324198e-05,0.0807309583447723,1,0,0.235309196606632,62.77
"37107",0,0,0,0,0.198717372504448,43.84
"37109",0.00102663016426083,2.57054916037465,1,1,0.328125779286968,91.79
"37111",0.000866851595006935,2.17048428663585,1,1,0.228827908756856,59.53
"37113",6.96427327808343e-05,0.174376396201902,1,0,0.274836510119174,78.52
"37115",0,0,0,0,0.227423376689954,58.89
"37117",0,0,0,0,0.235787854125241,63.19
"37119",0.000401198493534443,1.00454914203799,1,1,0.318647060871982,89.69
"37121",0,0,0,0,0.186233685063133,37.19
"37123",0.0099772794626099,24.9818174433838,1,1,0.192364310769317,40.38
"37125",0.00155756405756406,3.89993896515183,1,1,0.299792174807388,85.65
"37127",0.00150704035269243,3.77343414222926,1,1,0.278886886964293,79.57
"37129",8.98261518476548e-05,0.224913067285457,1,0,0.351024488124858,95.35
"37131",0.000170648464163823,0.427281684823057,1,0,0.169397042159087,28.19
"37133",1.00499482427665e-05,0.0251637706708653,1,0,0.135712543203423,12.98
"37135",0.000378497042315969,0.947707644096083,1,0,0.130540051688452,11.01
"37137",0,0,0,0,0.154872965813852,21.44
"37139",0,0,0,0,0.217575941468863,54.37
"37141",0.00066722268557131,1.67063931480441,1,1,0.314842500575952,88.86
"37143",0.000930232558139535,2.32918202145406,1,1,0.223002576834935,57.17
"37145",9.16338312104829e-05,0.229439262628343,1,0,0.256992573599685,72.51
"37147",1.09466678343112e-05,0.0274090405580952,1,0,0.24191448922238,65.99
"37149",0.000151194436044754,0.378571314342775,1,0,0.247426678650487,68.6
"37151",0.00294621172910778,7.37693314514752,1,1,0.330322215622547,92.33
"37153",0,0,0,0,0.215897818077152,53.1
"37155",0.0012438654816021,3.11447830061902,1,1,0.263657614406267,74.9
"37157",0.000140780628585507,0.35249648725064,1,0,0.251053881874555,70.09
"37159",0.00136218639537891,3.41073856663481,1,1,0.321398511352829,90.26
"37161",0.00700857129327082,17.5485561212928,1,1,0.29088003410154,83.36
"37163",0.001459121791072,3.6534522610925,1,1,0.244352726416111,67.29
"37165",0.00838135149292824,20.9858202037767,1,1,0.210644887139055,50.4
"37167",7.69260356167545e-05,0.1926128445758,1,0,0.301867513777679,86.06
"37169",0.000105764145954521,0.264819743317093,1,0,0.241270835177222,65.51
"37171",0,0,0,0,0.28480573949366,81.48
"37173",0,0,0,0,0.0910591736684241,2.32
"37175",8.53898044573478e-05,0.213805027159347,1,0,0.237252647536759,63.73
"37177",0,0,0,0,0.118922718866946,7.6
"37179",0.00133143565492861,3.33374268944632,1,1,0.383472147655227,98.73
"37181",0.0104266005467608,26.1068593287781,1,1,0.236705164864513,63.47
"37183",1.38560769289391e-05,0.034693824666077,1,0,0.327630709392343,91.7
"37185",0.0157096424702058,39.3349130654552,1,1,0.192869438974541,40.66
"37187",0.00595084087968952,14.9001359587197,1,1,0.210369580671269,50.21
"37189",3.42747463668769e-05,0.0858195322546995,1,0,0.226503483479265,58.38
"37191",0.00110909264748064,2.7770245537367,1,1,0.265930222205552,75.47
"37193",4.51385754265595e-05,0.11302115523441,1,0,0.274089372087086,78.21
"37195",0.00144659036114001,3.62207518119426,1,1,0.271652937000348,77.38
"37197",8.50918992511913e-05,0.213059111050299,1,0,0.22537592173248,57.87
"37199",0.000354798651765123,0.888369938997024,1,0,0.234515631891107,62.2
"38001",0,0,0,0,0.10106922450438,3.85
"38003",0,0,0,0,0.181808048912037,34.78
"38005",0,0,0,0,0.0692271458829324,0.89
"38007",0,0,0,0,0.0794062650127889,1.37
"38009",0,0,0,0,0.168062513080543,27.55
"38011",0,0,0,0,0.143503588968854,16.26
"38013",0,0,0,0,0.115152296355754,6.78
"38015",1.53428356628872e-05,0.0384164762579301,1,0,0.306004918096609,87.08
"38017",0.000622850105459847,1.55953611277518,1,1,0.346842842037406,94.75
"38019",0,0,0,0,0.11693226014222,7.1
"38021",0,0,0,0,0.139295891149249,14.54
"38023",0,0,0,0,0.13250405581873,11.74
"38025",0,0,0,0,0.113203770338516,6.33
"38027",0,0,0,0,0.1279410017927,10.09
"38029",0,0,0,0,0.148492881228575,18.74
"38031",0,0,0,0,0.137283011536261,13.68
"38033",0,0,0,0,0.0985285847271641,3.34
"38035",4.19991600167997e-05,0.10516046505935,1,0,0.262774096306464,74.29
"38037",0,0,0,0,0.100864004362243,3.82
"38039",0,0,0,0,0.122996472659844,8.53
"38041",0,0,0,0,0.108425328270967,5.25
"38043",0,0,0,0,0.122026184603618,8.27
"38045",0,0,0,0,0.153441569201359,20.81
"38047",0,0,0,0,0.117215252580704,7.19
"38049",0,0,0,0,0.153545378037913,20.87
"38051",0,0,0,0,0.131026817692717,11.26
"38053",0,0,0,0,0.136742420426389,13.52
"38055",0,0,0,0,0.152576417128496,20.46
"38057",0,0,0,0,0.130476887487254,10.98
"38059",0,0,0,0,0.290179685325409,83.17
"38061",0,0,0,0,0.156787719889319,22.21
"38063",0,0,0,0,0.10911616606286,5.38
"38065",0,0,0,0,0.11199735110778,6.01
"38067",0.00226617222908941,5.67420218452704,1,1,0.140135563613384,14.76
"38069",0,0,0,0,0.159396779718244,23.32
"38071",0,0,0,0,0.207720822873789,48.87
"38073",0,0,0,0,0.123596405719523,8.72
"38075",0,0,0,0,0.136475798205857,13.39
"38077",0,0,0,0,0.190459405392455,39.42
"38079",0,0,0,0,0.113206862881022,6.36
"38081",0,0,0,0,0.0889572850218627,1.97
"38083",0,0,0,0,0.0861538868969381,1.81
"38085",0,0,0,0,0.0517685347155455,0.32
"38087",0,0,0,0,0.0914128846484016,2.42
"38089",9.23958237087684e-05,0.231347193297894,1,0,0.269871282717765,77.06
"38091",0,0,0,0,0.109374874081656,5.44
"38093",0,0,0,0,0.218586717305029,54.72
"38095",0,0,0,0,0.0933699904134187,2.74
"38097",0,0,0,0,0.129324512056484,10.5
"38099",0,0,0,0,0.146894808046991,17.98
"38101",2.44218135638753e-05,0.0611490627656022,1,0,0.280756058904846,80.11
"38103",0,0,0,0,0.159153358727419,23.26
"38105",0,0,0,0,0.200236707099095,44.48
"39001",0.00831733845169546,20.8255398271404,1,1,0.240639190630595,65.26
"39003",0.00279205650678599,6.99094840487648,1,1,0.319215134223549,89.82
"39005",0.000411259367574484,1.02974026949223,1,1,0.269025837616779,76.81
"39007",0.00095885895784017,2.40085882413986,1,1,0.328743540644311,91.95
"39009",7.58322590429969e-05,0.189874169489885,1,0,0.177870209522038,32.68
"39011",8.28981182127166e-05,0.20756616704494,1,0,0.23477400115156,62.36
"39013",4.45097253749944e-05,0.111446596032542,1,0,0.294272647035978,84.35
"39015",0.000103896103896104,0.260142407590973,1,0,0.26653945710505,75.72
"39017",0.000328043857795768,0.821379395013309,1,0,0.345500625283055,94.5
"39019",0.000415627597672485,1.04067775272781,1,1,0.273680154071158,77.98
"39021",0.000321905681635281,0.806010195738971,1,0,0.229815476129378,60.1
"39023",0.00306299364284338,7.66933995409429,1,1,0.28789571772525,82.53
"39025",0.00115914652470699,2.90235298899687,1,1,0.365999730655388,97.1
"39027",9.58956655159187e-05,0.240110344559178,1,0,0.189218166612784,38.72
"39029",9.21998893601328e-05,0.2308565990285,1,0,0.327918276946784,91.76
"39031",0.00183839621815635,4.60310637611182,1,1,0.275664039007816,78.71
"39033",0.000629370629370629,1.57586266136839,1,1,0.292378278553056,83.74
"39035",0.000296443458611032,0.742256082237562,1,0,0.314706512475138,88.8
"39037",0.00710732054015636,17.7958114645566,1,1,0.291592136840946,83.49
"39039",0.000354170355941208,0.886796767509514,1,0,0.249473989105131,69.55
"39041",0.000127492942354977,0.319225839385152,1,0,0.259924162223333,73.37
"39043",5.01680630110871e-05,0.125614341697843,1,0,0.254639304858404,71.62
"39045",1.8628912071535e-05,0.0466443866069879,1,0,0.327271434144919,91.66
"39047",0.00192554557124519,4.82131708548738,1,1,0.219859228458307,55.39
"39049",0.000482763365490349,1.20877703288053,1,1,0.27705081346158,79.16
"39051",0.000100315995385464,0.251178278884798,1,0,0.243342043059653,66.66
"39053",7.9923273657289e-05,0.200117541005684,1,0,0.187189013368956,37.64
"39055",0.00594164701530494,14.877115711315,1,1,0.324985528249256,91.25
"39057",0,0,0,0,0.168347271547125,27.68
"39059",0.000125881168177241,0.315190165289918,1,0,0.237312961636986,63.76
"39061",0.000368303809720374,0.922185107936261,1,0,0.311345713698845,88.29
"39063",0.00100690147049569,2.52115106263828,1,1,0.245582680865165,67.64
"39065",0.00165837479270315,4.15235600839654,1,1,0.190198826470092,39.26
"39067",0.000458085203847916,1.14698610767893,1,1,0.202000894584605,45.78
"39069",0,0,0,0,0.206091187880613,47.98
"39071",0.00046583850931677,1.1663993818617,1,1,0.285568662636883,81.74
"39073",0.00347141865308956,8.6919833593952,1,1,0.228394806858495,59.4
"39075",0.00449059781083357,11.2438761630676,1,1,0.333309090098267,92.62
"39077",0.000124151630524748,0.310859626683883,1,0,0.250036472608239,69.71
"39079",0.0141932050031048,35.5379497640467,1,1,0.238136114656921,64.05
"39081",4.29424142225276e-05,0.107522251602315,1,0,0.256123595945264,72.03
"39083",0.00343025155178046,8.58890626173234,1,1,0.298442223874354,85.4
"39085",6.46036565669617e-05,0.161759201050657,1,0,0.359159662100539,96.18
"39087",6.4737489480158e-05,0.162094301357099,1,0,0.224228601928567,57.65
"39089",0.00177195875273792,4.43675555485797,1,1,0.281298024378424,80.27
"39091",0.000185331047583746,0.464044974853007,1,0,0.217018605133179,53.9
"39093",0.000260552371026576,0.652389440610503,1,0,0.338669909396264,93.64
"39095",0.000177521150710785,0.444490003113152,1,0,0.359949506112086,96.34
"39097",7.83545543584721e-05,0.196189670759108,1,0,0.159019020081182,23.19
"39099",0.000403834504773901,1.01114937327434,1,1,0.38674549175056,98.92
"39101",3.97282587104207e-05,0.0994744218768866,1,0,0.222458982279434,56.79
"39103",0.000354906943399441,0.888641087244329,1,0,0.378996345813183,98.28
"39105",0,0,0,0,0.196740569494584,42.48
"39107",0.00233377366798767,5.84346744484126,1,1,0.249253346902302,69.49
"39109",0.00168103918786159,4.20910472275646,1,1,0.294594396427956,84.47
"39111",0.000292397660818713,0.732125927796232,1,0,0.214978198022915,52.53
"39113",4.71874466872598e-05,0.118151263896959,1,0,0.331752309854198,92.49
"39115",0.00029120559114735,0.729141139505857,1,0,0.160437164052771,23.89
"39117",0.00138561729250381,3.4694065027894,1,1,0.292193684716983,83.71
"39119",0.00522747269810051,13.088915583012,1,1,0.311953456066202,88.42
"39121",0.000564652738565782,1.41381743255963,1,1,0.205750539538558,47.73
"39123",6.22897720194344e-05,0.155965533391249,1,0,0.221320728539475,56.12
"39125",0.000166833500166834,0.417729508352204,1,0,0.16696272002064,26.79
"39127",0,0,0,0,0.22181736108932,56.41
"39129",0.000602673679596757,1.50901695176935,1,1,0.214980036269397,52.56
"39131",0.0080582271900182,20.1767587379663,1,1,0.189279227945509,38.78
"39133",0.000714166324778532,1.78818011630223,1,1,0.304596062141587,86.76
"39135",0.0173361194953951,43.4074011892375,1,1,0.232899752241021,61.31
"39137",0,0,0,0,0.257476518519037,72.64
"39139",0.00104524413916679,2.61715614625083,1,1,0.326744418357418,91.57
"39141",3.09962184613477e-05,0.077610522381226,1,0,0.240881855200296,65.35
"39143",0.000515198351365276,1.28999004279398,1,1,0.255634263255964,71.81
"39145",0.000179025385799706,0.448256413237694,1,0,0.228485588442253,59.43
"39147",0.000280925180260324,0.703400320178794,1,0,0.239505819786233,64.68
"39149",0.00266685381430276,6.67745705497917,1,1,0.197049586766506,42.7
"39151",0.000673071391589484,1.68528371827869,1,1,0.41649328666537,99.65
"39153",0.000209834964800185,0.525399614546413,1,0,0.38147262690805,98.57
"39155",0.00179880624676351,4.50397820779388,1,1,0.37660689446987,98.12
"39157",0.00553963245742913,13.8705232497053,1,1,0.410936940812459,99.55
"39159",0.0012196091947928,3.05374369543981,1,1,0.201964967958883,45.72
"39161",0.0015062628825115,3.77148745744404,1,1,0.213151907941874,51.8
"39163",0.000374953130858643,0.938834148130151,1,0,0.173351694430895,30.19
"39165",0.000241009024449027,0.603455428261468,1,0,0.293663803575464,84.22
"39167",0.000874189553434836,2.18885758554363,1,1,0.267862588386415,76.36
"39169",0.00783884623663629,19.6274572025648,1,1,0.348948549727778,95
"39171",0.00196872539093261,4.92943376967088,1,1,0.229019607566679,59.59
"39173",0.000772042414080124,1.93309435897607,1,1,0.261841017664674,74.1
"39175",0.000626454268838375,1.5685604717596,1,1,0.197668629042107,43.3
"40001",0.0139784946236559,35.0003427417424,1,1,0.173851031189151,30.51
"40003",0,0,0,0,0.112635984705507,6.14
"40005",0,0,0,0,0.211282277089421,50.72
"40007",0,0,0,0,0.144487287438213,16.93
"40009",9.08512764604343e-05,0.22747984673963,1,0,0.187997834644657,37.93
"40011",0,0,0,0,0.153127461919538,20.74
"40013",0.000122040517451794,0.305573672572994,1,0,0.208613198821029,49.38
"40015",0,0,0,0,0.162264169912517,24.75
"40017",2.09753539590981e-05,0.0525195736353039,1,0,0.337421411979213,93.45
"40019",0.000268920476373415,0.673342094177556,1,0,0.257736109746909,72.73
"40021",0,0,0,0,0.151666002706374,20.01
"40023",0.000161524794055888,0.404437194809096,1,0,0.156362368988226,22.02
"40025",0,0,0,0,0.0992524276708642,3.5
"40027",2.75373360381117e-05,0.0689499281201118,1,0,0.29424044276917,84.31
"40029",0,0,0,0,0.15290647232266,20.68
"40031",0.001155745455819,2.89383715235116,1,1,0.190360995379506,39.36
"40033",0,0,0,0,0.108062741617636,5.19
"40035",0,0,0,0,0.195800577556392,42
"40037",0.000120948234155781,0.302838736461431,1,0,0.272470160052476,77.63
"40039",0,0,0,0,0.221538254069226,56.22
"40041",0.0014648858250754,3.66788465679215,1,1,0.28377468976598,81.01
"40043",0,0,0,0,0.134160667271456,12.34
"40045",0,0,0,0,0.102225172441063,4.14
"40047",3.61768323565589e-05,0.0905821095819084,1,0,0.261572546125325,74.04
"40049",0,0,0,0,0.231136404003293,60.67
"40051",0.000117716303708064,0.294746400596011,1,0,0.31593609472452,89.12
"40053",0.00764818355640535,19.1500625090869,1,1,0.143256930667571,16.13
"40055",0,0,0,0,0.113588912426699,6.43
"40057",0,0,0,0,0.140355917634844,14.83
"40059",0,0,0,0,0.120780072099287,8.02
"40061",0.000257267815796244,0.644165339095218,1,0,0.192663863319471,40.53
"40063",0,0,0,0,0.159838674523418,23.48
"40065",0,0,0,0,0.164476175875538,25.68
"40067",0,0,0,0,0.132039144935157,11.58
"40069",0,0,0,0,0.123983605965869,8.85
"40071",0.000104444096297457,0.261514509693782,1,0,0.246728961813022,68.37
"40073",0,0,0,0,0.186230450437208,37.16
"40075",0,0,0,0,0.147390772612107,18.33
"40077",0,0,0,0,0.140028105322768,14.73
"40079",0.000142816338189089,0.357593640825923,1,0,0.239225379604405,64.59
"40081",0.00021684918139434,0.542962305771032,1,0,0.221835675651524,56.44
"40083",0.00116734761944468,2.92288746959756,1,1,0.281384352534297,80.31
"40085",0.00661266325012399,16.5572535828277,1,1,0.10699050366661,4.9
"40087",0.00013214403700033,0.330871578865294,1,0,0.257561129244968,72.7
"40089",0.00150375939849624,3.76521905723776,1,1,0.215198539772704,52.75
"40091",0,0,0,0,0.212687216044827,51.57
"40093",0,0,0,0,0.158777698266251,22.97
"40095",0.000167532249958117,0.419479087462408,1,0,0.152350248370851,20.33
"40097",0.00284213778189682,7.11634544089609,1,1,0.229918858368327,60.17
"40099",0.00384897360703812,9.6373321360567,1,1,0.168427873434737,27.71
"40101",3.35120643431635e-05,0.0839098751026512,1,0,0.25688136282634,72.41
"40103",0,0,0,0,0.123854900245124,8.78
"40105",0,0,0,0,0.171208847112814,29.21
"40107",0.00579896907216495,14.5198685937938,1,1,0.154410617775685,21.13
"40109",0.000398921832884097,0.998848678203074,1,0,0.324645747532183,91.15
"40111",8.47098686997035e-05,0.212102555956214,1,0,0.187655492693398,37.8
"40113",0.000102997219075085,0.257891716249162,1,0,0.197887341705541,43.4
"40115",0,0,0,0,0.20466607333471,47.09
"40117",0,0,0,0,0.197497325851515,43.08
"40119",4.62139242553781e-05,0.115713689630201,1,0,0.218099847591432,54.47
"40121",0,0,0,0,0.235491811604438,62.93
"40123",8.77154510767072e-05,0.219628145525469,1,0,0.176868411961387,32.1
"40125",0.000153321323163019,0.383896764623115,1,0,0.263915127074105,75.09
"40127",0,0,0,0,0.197688284966399,43.37
"40129",0,0,0,0,0.126852891165604,9.67
"40131",0.000252228014124769,0.631546327491957,1,0,0.27899944402494,79.67
"40133",0,0,0,0,0.168261275384901,27.59
"40135",0.000262536098713573,0.657356438189318,1,0,0.251861606912164,70.35
"40137",5.85582947824559e-05,0.146622396970376,1,0,0.236999587766333,63.67
"40139",0.000160565189466924,0.402034469021052,1,0,0.144884528077258,17.12
"40141",0,0,0,0,0.135827695811065,13.04
"40143",0.000192788272689372,0.482716902097413,1,0,0.380950403180272,98.5
"40145",0.000131199160325374,0.328505729869209,1,0,0.277982356202831,79.35
"40147",4.57959333211211e-05,0.114667094388309,1,0,0.24434833440245,67.26
"40149",0,0,0,0,0.184450544099345,36.11
"40151",0,0,0,0,0.157367869331931,22.49
"40153",0.000104525974704714,0.26171952263647,1,0,0.23815623500859,64.08
"41001",0,0,0,0,0.235613331188009,63
"41003",6.70465973851827e-05,0.167876008921429,1,0,0.219863734002196,55.42
"41005",9.08233133353853e-05,0.227409830690893,1,0,0.418068060151665,99.71
"41007",9.19836269144092e-05,0.230315105832968,1,0,0.256510078416224,72.26
"41009",0.00552644800114835,13.8375110762836,1,1,0.32355272636607,90.84
"41011",7.63446196129328e-05,0.191157054094981,1,0,0.279720006955889,79.89
"41013",0.00236220472440945,5.91465513321995,1,1,0.286458672623164,82.18
"41015",0,0,0,0,0.263329877481995,74.71
"41017",1.86186801217662e-05,0.0466187671280334,1,0,0.39631008433928,99.2
"41019",0.000186150409530901,0.466096551203111,1,0,0.308144986190565,87.59
"41021",0,0,0,0,0.105198353837026,4.77
"41023",0,0,0,0,0.177141119745325,32.23
"41025",0,0,0,0,0.172669755489498,30
"41027",0,0,0,0,0.216575827172449,53.61
"41029",0.000375842030703403,0.941059838382736,1,0,0.409210251090866,99.46
"41031",0.000126023944549464,0.315547658861136,1,0,0.212200624104992,51.29
"41033",2.78916687585418e-05,0.0698371314273035,1,0,0.321891669194815,90.36
"41035",3.6652860755782e-05,0.0917740231302684,1,0,0.316491115113922,89.25
"41037",0,0,0,0,0.163200366256461,25.14
"41039",0.000193352099860673,0.484128652416309,1,0,0.39532066061203,99.11
"41041",0,0,0,0,0.231094180853673,60.61
"41043",0.0029676308413783,7.43056383220473,1,1,0.325652724441003,91.41
"41045",0,0,0,0,0.221708278011888,56.28
"41047",0.00186637800020264,4.67316913955756,1,1,0.318792010004256,89.72
"41049",0,0,0,0,0.112847834714168,6.27
"41051",0.000236446001644374,0.592030209280382,1,0,0.334082291320533,92.75
"41053",0.000117753267653177,0.294838953534142,1,0,0.283104072894913,80.85
"41055",0,0,0,0,0.102898512624282,4.39
"41057",0,0,0,0,0.219346557472755,55.07
"41059",0.000374171477442805,0.936876989065736,1,0,0.252612019583394,70.6
"41061",0,0,0,0,0.251102224940887,70.16
"41063",0,0,0,0,0.229415152908143,59.91
"41065",0,0,0,0,0.231952349159726,61.02
"41067",0.000381877118455914,0.956170917615611,1,0,0.318378638939658,89.6
"41069",0,0,0,0,0.136152453880574,13.17
"41071",0.000196729911690129,0.492586256395209,1,0,0.291686154851463,83.55
"42001",0.00377938799979148,9.46309877480455,1,1,0.311229408954962,88.26
"42003",0.000186905080456586,0.467986149601748,1,0,0.282908161999163,80.75
"42005",0.000504173435661868,1.26238507969122,1,1,0.332716629023965,92.59
"42007",0.000250640027212346,0.627570213632733,1,0,0.336445088839224,93.22
"42009",0.00141724843840218,3.54860680135972,1,1,0.284775138664568,81.45
"42011",0.000378707311126213,0.948234130003513,1,0,0.364769360408635,96.95
"42013",0.000443536251168243,1.11055741174052,1,1,0.351345003602281,95.42
"42015",0.000326797385620915,0.818258389889906,1,0,0.256607839629121,72.35
"42017",0.000322429358658694,0.807321415280051,1,0,0.44602246016203,99.94
"42019",1.02655703037582e-05,0.0257036604258478,1,0,0.365125748344113,97.07
"42021",1.91806045726561e-05,0.0480257532810939,1,0,0.320694203079536,90.07
"42023",0,0,0,0,0.118648571194234,7.57
"42025",0.00342392467365718,8.5730645771474,1,1,0.244960573882058,67.45
"42027",0.000777921837377292,1.94781567454437,1,1,0.215084689840535,52.69
"42029",0.000681194076449844,1.70562187068707,1,1,0.370924289309025,97.68
"42031",0.000780972665956691,1.95545455475287,1,1,0.282597049831791,80.62
"42033",0.000748993539930718,1.87538295894625,1,1,0.301010340454944,85.87
"42035",0.00083757939554687,2.09719048487173,1,1,0.260708652887407,73.72
"42037",0.000484243462713253,1.21248300491025,1,1,0.270204767032112,77.19
"42039",0.006548060291574,16.3954961295212,1,1,0.325210201160181,91.31
"42041",0.000350015189338405,0.876392767711065,1,0,0.255383300800223,71.68
"42043",0.00011712573447596,0.293267691615333,1,0,0.209309933843833,49.63
"42045",6.84617057435344e-05,0.171419257239112,1,0,0.325049780216921,91.28
"42047",0.00309532184312346,7.75028558668849,1,1,0.22379236048141,57.46
"42049",0.00099246801406381,2.48501155436756,1,1,0.330558555518529,92.4
"42051",0,0,0,0,0.320363849599554,90.01
"42053",0,0,0,0,0.130322658034781,10.91
"42055",0.00315736669715837,7.90563787712098,1,1,0.332627753761652,92.55
"42057",0,0,0,0,0.1821333726151,34.97
"42059",0.00171848148726761,4.30285539817126,1,1,0.198019438038264,43.43
"42061",0.0054325682466386,13.6024483121723,1,1,0.251902533919508,70.38
"42063",0.000643376439554783,1.61093139874098,1,1,0.322296636553422,90.45
"42065",0.00207582880517736,5.19760686758324,1,1,0.294989184348906,84.7
"42067",0.029456384323641,73.7549768424406,1,1,0.263309821083711,74.67
"42069",0.00114279394687851,2.86140824894315,1,1,0.30395367425548,86.61
"42071",0.000463584066756106,1.16075454924994,1,1,0.474571993849928,100
"42073",0.00250288160711345,6.26689185420045,1,1,0.329736909932785,92.14
"42075",0.00065137875169108,1.63096815341575,1,1,0.336905021392848,93.29
"42077",0.000439592644149755,1.10068312978084,1,1,0.281038721171423,80.21
"42079",0.000611355936520875,1.53075620025765,1,1,0.315650096132447,89.06
"42081",0.000146560410369149,0.366968313355407,1,0,0.338432968141818,93.54
"42083",0.000131995776135164,0.33050035283304,1,0,0.242289458246869,66.12
"42085",0.000643607523979571,1.61151000425521,1,1,0.319091149274927,89.76
"42087",0.00495493121079542,12.4065069457558,1,1,0.31574149732067,89.09
"42089",1.5782081025204e-05,0.0395162898389141,1,0,0.273810443554066,78.11
"42091",6.29999496000403e-05,0.157743726207995,1,0,0.333902943550753,92.68
"42093",0,0,0,0,0.0884318566794603,1.91
"42095",0.00224231839441123,5.61447526743623,1,1,0.32931323789215,92.05
"42097",0.00339653751030503,8.50449066201156,1,1,0.305917402093608,87.05
"42099",0.00334549878345499,8.37669629066126,1,1,0.285315792189591,81.64
"42101",4.20624454116058e-05,0.105318923503438,1,0,0.194244601898673,41.43
"42103",6.84603272403642e-05,0.171415805645452,1,0,0.235652866681582,63.09
"42105",0.000180147721131328,0.451066595759883,1,0,0.204918174815482,47.22
"42107",0.000634172857401703,1.58788681930076,1,1,0.318142486450229,89.56
"42109",0.0107273821903563,26.8599776651727,1,1,0.289720644723005,82.95
"42111",0.0017706449668475,4.43346600489626,1,1,0.340060908188638,93.86
"42113",0,0,0,0,0.17130022283467,29.24
"42115",0.000758078271581541,1.89812995209939,1,1,0.309394756147276,87.85
"42117",0.00171122994652406,4.28469847796896,1,1,0.273687052661684,78.01
"42119",4.9741345005969e-05,0.12454589499916,1,0,0.225993276546454,58.19
"42121",0.000615315768865022,1.54067110833441,1,1,0.303745024623877,86.51
"42123",0.000677690431011114,1.69684919562423,1,1,0.241669748900809,65.8
"42125",0.000491426181514011,1.23046760386832,1,1,0.374017446617631,97.87
"42127",5.55555555555556e-05,0.139103926281284,1,0,0.307719484311756,87.46
"42129",0.000558994927121036,1.39965100440941,1,1,0.407563972632164,99.43
"42131",0.0106761565836299,26.7317153707806,1,1,0.235364262884898,62.84
"42133",0.0010446216835737,2.61559759794599,1,1,0.385974531312198,98.82
"44001",0.000108301294200466,0.271172434403326,1,0,0.275517829594941,78.62
"44003",0.000168057139427405,0.420793342811159,1,0,0.322689937549425,90.55
"44005",1.98902060625348e-05,0.049802503641163,1,0,0.213395959564425,51.89
"44007",0.000229033386258616,0.573469979005284,1,0,0.305130156934387,86.96
"44009",0.000815805867869115,2.04267238747028,1,1,0.292567922762343,83.84
"45001",0,0,0,0,0.202384919327204,46.01
"45003",0.000201710505083105,0.505057018126334,1,0,0.228187838202936,59.27
"45005",0,0,0,0,0.126119978445481,9.55
"45007",0.000844065017122462,2.11342964253145,1,1,0.336169900327574,93.16
"45009",0.000453001132502831,1.13425625053822,1,1,0.189377842836219,38.88
"45011",0.00371433395238899,9.3002118533494,1,1,0.18120756385325,34.43
"45013",1.10455740384828e-05,0.0276566889021043,1,0,0.284843078563162,81.51
"45015",0.000103149941333471,0.258274113033058,1,0,0.324459634587974,91.09
"45017",0.000188821752265861,0.472785247934878,1,0,0.146917496090755,18.01
"45019",9.52021299889883e-06,0.023837382129257,1,0,0.300319907071372,85.71
"45021",4.9297510475721e-05,0.123434590735179,1,0,0.239921434700525,64.87
"45023",8.6333419666753e-05,0.216167717608833,1,0,0.195130206876795,41.71
"45025",0,0,0,0,0.188875105361156,38.56
"45027",0.00495049504950495,12.3953993715996,1,1,0.235392163040293,62.87
"45029",0.00649139889646219,16.2536233240059,1,1,0.268285319036116,76.49
"45031",0.000220206112921695,0.551367628173855,1,0,0.219752538583028,55.2
"45033",0,0,0,0,0.19000289100078,39.1
"45035",4.13890153553247e-05,0.103632741735156,1,0,0.339803892925698,93.83
"45037",0,0,0,0,0.199384829591733,44.1
"45039",0.0146215596330275,36.6104943595811,1,1,0.185294933475243,36.49
"45041",0.00099038286116396,2.47979060117278,1,1,0.266002830403378,75.53
"45043",0.000237175577691943,0.593856973349657,1,0,0.243216203682577,66.47
"45045",0.0002117202268431,0.530120066886708,1,0,0.36245960672403,96.6
"45047",0.00468437035601215,11.729057556185,1,1,0.246930259314384,68.41
"45049",0,0,0,0,0.215060968935747,52.62
"45051",0.000103553720015107,0.259285122632414,1,0,0.348795378984141,94.97
"45053",0.000626664577784741,1.56908705816269,1,1,0.261012569395336,73.81
"45055",4.62470517504509e-05,0.115796636593586,1,0,0.284499318459153,81.36
"45057",0.000121821227348866,0.305024598515378,1,0,0.273152287199153,77.82
"45059",8.69792119683396e-05,0.217784698013665,1,0,0.226920801557787,58.51
"45061",0.000228937728937729,0.573230465444852,1,0,0.191703731888049,40.15
"45063",0.00053607659788148,1.34226647195088,1,1,0.383006833794393,98.7
"45065",0.000399520575309628,1.00034785180308,1,1,0.197684864944674,43.33
"45067",0,0,0,0,0.193857878008988,41.23
"45069",0,0,0,0,0.152458118664857,20.39
"45071",0.00024770869457518,0.62023053580954,1,0,0.202368226872542,45.98
"45073",0.000137916767230976,0.345325748793313,1,0,0.284862417949355,81.55
"45075",0.00153081945702771,3.83297394420608,1,1,0.27819181534448,79.38
"45077",0.000602772754671489,1.50926502294341,1,1,0.243435883710751,66.75
"45079",6.50809875465616e-05,0.162954376091821,1,0,0.243260771295088,66.53
"45081",0,0,0,0,0.152578959811324,20.49
"45083",0.000378896607153109,0.948708102773784,1,0,0.322633654059576,90.52
"45085",0.000664850837497587,1.66470051397166,1,1,0.248069212285543,68.92
"45087",0,0,0,0,0.175367235127328,31.18
"45089",0,0,0,0,0.200995743928796,45.08
"45091",0.000278598564795272,0.697574775948355,1,0,0.335240861969075,92.9
"46003",0,0,0,0,0.104006783156242,4.55
"46005",0,0,0,0,0.22621840106916,58.29
"46007",0,0,0,0,0.107933496187987,5.12
"46009",0,0,0,0,0.162007343257891,24.66
"46011",0,0,0,0,0.203877317985768,46.71
"46013",4.32862955588261e-05,0.108383285995287,1,0,0.30307862740621,86.38
"46015",0,0,0,0,0.183022564069629,35.32
"46017",0,0,0,0,0.0742318014924518,1.15
"46019",0.000282565696524442,0.707507960741201,1,0,0.262863355071332,74.42
"46021",0,0,0,0,0.114478928428625,6.65
"46023",0.000216122757726389,0.541143434852629,1,0,0.178439916759465,33.12
"46025",0,0,0,0,0.111698451346729,5.95
"46027",0,0,0,0,0.135702034576406,12.95
"46029",0,0,0,0,0.286923588198776,82.34
"46031",0,0,0,0,0.0804384410240292,1.5
"46033",0.000311138767890479,0.779051236173961,1,0,0.21062683317922,50.37
"46035",7.17566016073479e-05,0.179669250363312,1,0,0.254611278580586,71.59
"46037",0,0,0,0,0.171608017977429,29.53
"46039",0,0,0,0,0.156008860715407,21.83
"46041",0,0,0,0,0.116410851510475,6.94
"46043",0,0,0,0,0.13672141919425,13.49
"46045",0,0,0,0,0.137851152586348,14
"46047",0,0,0,0,0.17646407627036,31.72
"46049",0,0,0,0,0.12620991998139,9.61
"46051",0,0,0,0,0.169765239840415,28.32
"46053",0,0,0,0,0.183056981035925,35.35
"46055",0,0,0,0,0.142332132704002,15.49
"46057",0,0,0,0,0.144880869731401,17.09
"46059",0,0,0,0,0.127261317020457,9.9
"46061",0,0,0,0,0.128703796964699,10.21
"46063",0,0,0,0,0.095760171388639,3.05
"46065",0,0,0,0,0.211851573790616,51.19
"46067",0,0,0,0,0.157124106720594,22.4
"46069",0,0,0,0,0.0894481688885483,2
"46071",0,0,0,0,0.0936402819975071,2.8
"46073",0,0,0,0,0.0805291882133421,1.53
"46075",0,0,0,0,0.0908631766142381,2.29
"46077",0,0,0,0,0.143698205939559,16.48
"46079",0.000157430730478589,0.394186189084243,1,0,0.192359682606846,40.34
"46081",0.000128410914927769,0.321524323988843,1,0,0.274671431943933,78.49
"46083",0.00155862148588582,3.90258662891555,1,1,0.295723077537886,84.82
"46085",0,0,0,0,0.101860189529278,4.07
"46087",0.00216567406605306,5.4225677814036,1,1,0.172687742499343,30.03
"46089",0,0,0,0,0.107202794141816,4.96
"46091",0,0,0,0,0.129043391465077,10.4
"46093",9.36066647945334e-05,0.234378982782281,1,0,0.278521792805385,79.51
"46095",0,0,0,0,0.0622988677076169,0.6
"46097",0,0,0,0,0.133234245317349,12.03
"46099",0.00013197835554969,0.330456733939965,1,0,0.336075561166823,93.1
"46101",0.00026267402153927,0.657701779107726,1,0,0.125554195713255,9.35
"46102",0.000198767640628106,0.497688466122662,1,0,0.0556761731026203,0.41
"46103",0.000304721802844994,0.762983985586499,1,0,0.376246410536723,98.03
"46105",0,0,0,0,0.15176645674488,20.14
"46107",0,0,0,0,0.120385221390697,7.95
"46109",0,0,0,0,0.151701380750879,20.04
"46111",0,0,0,0,0.0990946349991982,3.44
"46115",0,0,0,0,0.121304414232445,8.18
"46117",0,0,0,0,0.153109662522127,20.71
"46119",0,0,0,0,0.0974313404856333,3.25
"46121",0,0,0,0,0.0652745675764538,0.73
"46123",0,0,0,0,0.167734454917208,27.36
"46125",0,0,0,0,0.176049601019461,31.53
"46127",0,0,0,0,0.177299032619246,32.29
"46129",0.00281917035843737,7.05883798286016,1,1,0.198566360302998,43.75
"46135",6.84790796411696e-05,0.171462759231878,1,0,0.24496679771584,67.48
"46137",0,0,0,0,0.0708368431063431,1.02
"47001",0.000804408156698709,2.01413399273065,1,1,0.191615179801596,39.99
"47003",0.000146198830409357,0.366062963898116,1,0,0.234719800762953,62.33
"47005",0.0104474669820619,26.15910618418,1,1,0.242311458156091,66.15
"47007",0,0,0,0,0.21033835485363,50.14
"47009",4.71120324130783e-05,0.117962436307506,1,0,0.293524621434534,84.12
"47011",0.00108795715122604,2.72410400450418,1,1,0.29633336606041,84.89
"47013",0,0,0,0,0.247592801817511,68.72
"47015",0.00156690692572861,3.92333229875135,1,1,0.254363798370085,71.43
"47017",0.000221459417561732,0.554505740906458,1,0,0.219284317446713,54.98
"47019",0.0021614837540092,5.41207578196601,1,1,0.259077913888362,73.11
"47021",0.000589324802155245,1.47559308902524,1,1,0.239244297414068,64.62
"47023",0.000423280423280423,1.05983943833359,1,1,0.193897416413113,41.33
"47025",9.80969197567196e-05,0.245622000496676,1,0,0.19533392002471,41.74
"47027",0.00114090131203651,2.85666933606744,1,1,0.184378014364016,36.05
"47029",0.00232252852670908,5.81531106537934,1,1,0.223395297690969,57.33
"47031",0.000575198781931991,1.44022336126114,1,1,0.241172839379558,65.42
"47033",0.00645027049521432,16.1506431262914,1,1,0.156028187649666,21.86
"47035",0.000129813933362181,0.325037300700534,1,0,0.284113059792396,81.2
"47037",0.000273928897726229,0.685882533521209,1,0,0.285169978971182,81.61
"47039",0.000238379022646007,0.596870243876785,1,0,0.222233760048932,56.57
"47041",0.00173938251920568,4.35518887907774,1,1,0.190305168783563,39.29
"47043",0.000138895319227742,0.347775916440082,1,0,0.297363240751911,85.14
"47045",0.00105808909110147,2.64931824469698,1,1,0.199471058952441,44.16
"47047",0.000904159132007233,2.26389753441511,1,1,0.29754519116019,85.21
"47049",0.00212765957446809,5.32738441077258,1,1,0.188313358346855,38.21
"47051",0.00529901589704769,13.2680505007129,1,1,0.243371175070703,66.72
"47053",0.0092977592977593,23.2803868308594,1,1,0.267246912488869,76.11
"47055",0.00211714890613973,5.30106705659092,1,1,0.23932989015113,64.65
"47057",0.00018348623853211,0.459425811571213,1,0,0.196117766168949,42.16
"47059",0.00394366197183099,9.87441955574185,1,1,0.263778004131082,74.99
"47061",0,0,0,0,0.196832415029682,42.57
"47063",0.00129554655870445,3.24388103392792,1,1,0.243118556191561,66.4
"47065",7.69015942914732e-05,0.192551646658217,1,0,0.354664460895888,95.74
"47067",0,0,0,0,0.159454467331949,23.39
"47069",0.00759037694583816,19.0053222321785,1,1,0.204195943265022,46.87
"47071",0.00010250102501025,0.256649310482074,1,0,0.246293018380081,68.06
"47073",0.000142959256611866,0.357951490073354,1,0,0.207213795859215,48.39
"47075",0.0113829787234043,28.5015065976333,1,1,0.14986594202239,19.38
"47077",0.000310398344542162,0.77719731186646,1,0,0.224189952514815,57.62
"47079",0.00292703324273469,7.3289126955642,1,1,0.273772793182971,78.08
"47081",0.0106721587717656,26.7217053668971,1,1,0.2501682604454,69.81
"47083",0.000989609104403761,2.47785321431283,1,1,0.221055662753736,56.03
"47085",0.00609844634819225,15.2697209624874,1,1,0.223019117662615,57.21
"47087",0.000986193293885602,2.46930046653167,1,1,0.213144286847135,51.77
"47089",0.000178210763930141,0.446216705428854,1,0,0.213600056815248,52.02
"47091",0,0,0,0,0.184427602889216,36.08
"47093",0.000237867079875765,0.59558840538809,1,0,0.363621304630564,96.75
"47095",0,0,0,0,0.111723055120362,5.98
"47097",0.0064152919612464,16.0630614009024,1,1,0.159989304523351,23.67
"47099",0.000698909700866648,1.74997950311931,1,1,0.274613560376978,78.46
"47101",0.00025953802232027,0.649849642632523,1,0,0.199782372790095,44.29
"47103",0.00973356429926586,24.3715861933059,1,1,0.240290571696456,65.03
"47105",4.67595623304966e-05,0.117079896804597,1,0,0.251537697239694,70.25
"47107",0.000151630022744503,0.379661967105855,1,0,0.243297565345386,66.59
"47109",0.0068259385665529,17.0912673929223,1,1,0.273708622297221,78.05
"47111",0.00178473366282262,4.46874227757008,1,1,0.227364949579378,58.67
"47113",0.000624739691795085,1.5642673925842,1,1,0.288306433507288,82.66
"47115",0.00545302013422819,13.6536571937166,1,1,0.230162908601842,60.32
"47117",0.00449576868829337,11.2568233714932,1,1,0.244207433679849,67.13
"47119",0.00101537568900493,2.5423694098407,1,1,0.30731301920354,87.37
"47121",0,0,0,0,0.148064228835923,18.52
"47123",0.000114652602614079,0.287075289275752,1,0,0.219483238992791,55.14
"47125",8.1190798376184e-05,0.203291258976707,1,0,0.297347488000232,85.11
"47127",0,0,0,0,0.0930865513219182,2.67
"47129",0.00203435804701627,5.093769452434,1,1,0.173088893367903,30.13
"47131",0,0,0,0,0.220739512476645,55.87
"47133",0.00713991487024578,17.8774234517756,1,1,0.252703976094524,70.76
"47135",0,0,0,0,0.167450934919601,27.17
"47137",0.0107991360691145,27.0396400978738,1,1,0.213900197740119,52.12
"47139",0,0,0,0,0.201363177989594,45.43
"47141",0.00221298283261803,5.54102281458441,1,1,0.298123984245838,85.36
"47143",0.00168931325743665,4.22982192291235,1,1,0.166645509455758,26.66
"47145",0.00462206452215323,11.5730518060249,1,1,0.185826883397643,36.78
"47147",3.69795133496043e-05,0.0925919189802201,1,0,0.27556408876866,78.65
"47149",0.000544346488373469,1.36297320822322,1,1,0.320363402575526,89.98
"47151",0.00176444640494045,4.41794560752203,1,1,0.209202237030371,49.57
"47153",0,0,0,0,0.189221903514552,38.75
"47155",6.76086809546346e-05,0.16928339348679,1,0,0.202194823576639,45.94
"47157",0.000914105191569025,2.28880118126442,1,1,0.306435013806503,87.24
"47159",0,0,0,0,0.199656397305861,44.23
"47161",0,0,0,0,0.170944716963283,29.02
"47163",0.000361285660830183,0.904612570750921,1,0,0.284580132175762,81.39
"47165",6.77800672378267e-05,0.16971252257504,1,0,0.359381485134837,96.25
"47167",0.0002708192281652,0.678096323104431,1,0,0.27497412774696,78.56
"47169",0,0,0,0,0.156695007082948,22.14
"47171",0.000345960906417575,0.866241367605297,1,0,0.160664861584512,24.05
"47173",0.000528960592435864,1.32444891460625,1,1,0.250381017666042,69.87
"47175",0.00153491941673062,3.84323971306694,1,1,0.192709104946397,40.6
"47177",0.00134770889487871,3.37448877771309,1,1,0.259697126935858,73.27
"47179",0.000641374213968015,1.60591808481342,1,1,0.268569416764148,76.61
"47181",0.000211461196870374,0.529471489334555,1,0,0.190838721564619,39.61
"47183",0.000786410821012897,1.96907099171368,1,1,0.207698569435564,48.84
"47185",0.00630105017502917,15.7770147427547,1,1,0.240642700653202,65.29
"47187",0.00013459107719676,0.336998651048942,1,0,0.283869107432494,81.13
"47189",0.000295611512724732,0.740172997331279,1,0,0.293203101249104,84.03
"48001",8.67077083152692e-05,0.217104887979113,1,0,0.227639725032213,59.02
"48003",0,0,0,0,0.142179079514552,15.37
"48005",0.000377453447408153,0.945094617411844,1,0,0.283335468587858,80.91
"48007",0.000129718510831496,0.324798375024402,1,0,0.258056996018669,72.89
"48009",0,0,0,0,0.165787457023185,26.31
"48011",0,0,0,0,0.133288067390925,12.06
"48013",0.00105201636469901,2.63411292315231,1,1,0.234022535563801,61.95
"48015",6.47584509778526e-05,0.16214678623644,1,0,0.282238813199803,80.4
"48017",0,0,0,0,0.119732210970959,7.73
"48019",0.00019485580670304,0.487893739879796,1,0,0.245724083522868,67.71
"48021",7.16178471675141e-05,0.179321827190655,1,0,0.322936096845149,90.65
"48023",0,0,0,0,0.143919198734478,16.58
"48025",0,0,0,0,0.167485434167257,27.2
"48027",0.00039221399195401,0.982053112018657,1,0,0.20985675302385,49.83
"48029",0.000311844893004621,0.780819282138774,1,0,0.306489093686329,87.27
"48031",0,0,0,0,0.217433843252548,54.31
"48033",0,0,0,0,0.0845283198987555,1.75
"48035",0.00019546520719312,0.489419599895057,1,0,0.181704000021994,34.71
"48037",0.00270334055654487,6.76881513883482,1,1,0.310471651345688,88.07
"48039",3.51372813582667e-05,0.0879792083241313,1,0,0.322817767214601,90.61
"48041",1.4034102869974e-05,0.0351395785988788,1,0,0.217366618967206,54.22
"48043",0,0,0,0,0.164172904738046,25.49
"48045",0,0,0,0,0.126107102588887,9.51
"48047",0,0,0,0,0.125242049388498,9.2
"48049",0.000675105485232067,1.69037682569662,1,1,0.250772116576841,70
"48051",0.000173550850399167,0.434548884599638,1,0,0.213566636633347,51.99
"48053",4.90099980396001e-05,0.122714696778235,1,0,0.316416542692191,89.21
"48055",0,0,0,0,0.240120200829422,64.94
"48057",6.58544616397761e-05,0.164891055190195,1,0,0.131098751045256,11.29
"48059",0,0,0,0,0.216751391466008,53.83
"48061",0.000231994930062016,0.58088530168161,1,0,0.247244003440488,68.53
"48063",0.000205296653664545,0.51403627038865,1,0,0.176321645381201,31.66
"48065",0,0,0,0,0.0593033698612056,0.51
"48067",0,0,0,0,0.200686637612263,44.83
"48069",0,0,0,0,0.101642057641146,4.04
"48071",0.000120811855670103,0.302497262370705,1,0,0.184885500368116,36.24
"48073",0.0158210280892639,39.6138082504156,1,1,0.244213670009847,67.17
"48075",0,0,0,0,0.143034520411747,15.91
"48077",0.000460193281178095,1.15226446068252,1,1,0.17081388253819,28.99
"48079",0,0,0,0,0.148409526979117,18.71
"48081",0,0,0,0,0.116471064153259,6.97
"48083",0,0,0,0,0.177538487526258,32.45
"48085",4.87048566859592e-05,0.121950662291715,1,0,0.252671513959317,70.7
"48087",0,0,0,0,0.143360332101712,16.16
"48089",0,0,0,0,0.218855647313162,54.82
"48091",3.4504968715495e-05,0.0863959792416882,1,0,0.379771803452987,98.38
"48093",0,0,0,0,0.164682412129542,25.77
"48095",0,0,0,0,0.118098496504999,7.32
"48097",5.30194581411378e-05,0.132753866341292,1,0,0.247809098057725,68.79
"48099",0,0,0,0,0.207477897075178,48.68
"48101",0,0,0,0,0.131133362405014,11.33
"48103",0,0,0,0,0.120664980480145,7.99
"48105",0,0,0,0,0.128847189678737,10.31
"48107",0,0,0,0,0.133697231090102,12.22
"48109",0,0,0,0,0.0973322160391374,3.18
"48111",0,0,0,0,0.135477480395705,12.92
"48113",0.00045417132179808,1.13718625319652,1,1,0.354908602632634,95.83
"48115",0,0,0,0,0.146833065025464,17.85
"48117",0,0,0,0,0.142622103143973,15.75
"48119",0,0,0,0,0.164255453438117,25.52
"48121",3.30639539529335e-05,0.0827878646382593,1,0,0.389687963197605,99.05
"48123",0.000125140783381304,0.313336337512591,1,0,0.173869649143683,30.54
"48125",0,0,0,0,0.14587537061694,17.53
"48127",0,0,0,0,0.141161981664679,15.14
"48129",0,0,0,0,0.154588584913245,21.25
"48131",0,0,0,0,0.108275470974267,5.22
"48133",0,0,0,0,0.205359914841789,47.34
"48135",2.2682937894116e-05,0.0567951429719891,1,0,0.277143656435819,79.22
"48137",0,0,0,0,0.159421837632185,23.35
"48139",0.000511591588357253,1.2809591746735,1,1,0.34936288415891,95.04
"48141",0.000310241442300056,0.776804448943911,1,0,0.290503679975534,83.3
"48143",0.00238846327174403,5.98040313980824,1,1,0.248234470270431,68.95
"48145",0,0,0,0,0.166082552937192,26.38
"48147",9.57395883197702e-05,0.239719547445008,1,0,0.231212875538378,60.71
"48149",0,0,0,0,0.280503458886039,80.05
"48151",0,0,0,0,0.122809541401023,8.43
"48153",0,0,0,0,0.139739382373255,14.64
"48155",0.0019047619047619,4.76927747250117,1,1,0.121908942788128,8.24
"48157",0.000137361716954456,0.343935974683859,1,0,0.309742117444713,88.01
"48159",0,0,0,0,0.136412518501358,13.3
"48161",0,0,0,0,0.185947400218018,36.94
"48163",0,0,0,0,0.125749261290587,9.45
"48165",0,0,0,0,0.23213394325655,61.18
"48167",2.09113151126074e-05,0.0523592286456392,1,0,0.259470182078814,73.21
"48169",0.000505050505050505,1.26458114801167,1,1,0.133372072785184,12.09
"48171",6.76681553660847e-05,0.169432309721418,1,0,0.285756395698488,81.83
"48173",0.000732064421669107,1.83299463621018,1,1,0.115449158793103,6.84
"48175",0,0,0,0,0.162434557136348,24.79
"48177",0.000111148160497944,0.278300619435713,1,0,0.148896957854427,18.99
"48179",0,0,0,0,0.191410675963537,39.8
"48181",8.44951415293621e-05,0.211564906891687,1,0,0.319120614685109,89.79
"48183",0.000121326830215234,0.303786692031631,1,0,0.321443232776679,90.3
"48185",0.000102490519626935,0.256623006360881,1,0,0.230733604329553,60.45
"48187",3.57149234807764e-05,0.0894255494942093,1,0,0.309499881473867,87.91
"48189",0,0,0,0,0.197330114120476,42.92
"48191",0.000944287063267233,2.36437268466772,1,1,0.165972404601268,26.34
"48193",0,0,0,0,0.171516931341366,29.4
"48195",0.000350631136044881,0.877935018605579,1,0,0.132659959853998,11.8
"48197",0.000628930817610063,1.57476142959944,1,1,0.125323187962857,9.23
"48199",0.0265148933269716,66.3898638008009,1,1,0.256502920226343,72.22
"48201",0.000272502067413883,0.682309934946688,1,0,0.379021843560382,98.31
"48203",3.92634182731949e-05,0.0983105215384629,1,0,0.284164466718745,81.23
"48205",0.000245821042281219,0.615504098589752,1,0,0.112843048505064,6.24
"48207",0.000533617929562433,1.33611028445203,1,1,0.175987293376062,31.47
"48209",5.46921288911171e-05,0.136942017577856,1,0,0.332075573083995,92.52
"48211",0,0,0,0,0.131467852270141,11.42
"48213",0.000249231536097034,0.624043534035834,1,0,0.322100284775966,90.42
"48215",0.000169377683030108,0.424099813210468,1,0,0.291154295735962,83.39
"48217",0.000149521531100478,0.374382576713982,1,0,0.242067435596159,66.02
"48219",0,0,0,0,0.158948819297319,23.07
"48221",0,0,0,0,0.330030835490906,92.24
"48223",0.00232515450039772,5.82188616388657,1,1,0.269991084218553,77.09
"48225",0.000115673799884326,0.289632235172136,1,0,0.238013376058956,63.95
"48227",0,0,0,0,0.227733704984535,59.08
"48229",0.000591715976331361,1.481580279919,1,1,0.101406627450439,4.01
"48231",2.59080781387637e-05,0.0648704770470779,1,0,0.27897447136558,79.64
"48233",0,0,0,0,0.149729087341607,19.25
"48235",0,0,0,0,0.090278698121921,2.2
"48237",0,0,0,0,0.164888253078254,25.93
"48239",0,0,0,0,0.136451366367266,13.36
"48241",0.000186254423542559,0.46635698883649,1,0,0.235625002193923,63.06
"48243",0,0,0,0,0.108725838402093,5.31
"48245",0.00156370459801882,3.91531408431327,1,1,0.325705441517957,91.44
"48247",0,0,0,0,0.112496598078766,6.05
"48249",0.000414741083066714,1.03845803480518,1,1,0.166560016345043,26.63
"48251",0.000689519306540583,1.72646717015778,1,1,0.364797352755976,96.98
"48253",0,0,0,0,0.190128628233432,39.2
"48255",0,0,0,0,0.134269602724315,12.5
"48257",0.00140545468358277,3.51907676454209,1,1,0.323512026627523,90.8
"48259",4.15144470275656e-05,0.103946806420754,1,0,0.299120246543942,85.56
"48261",0,0,0,0,0.0255059852873343,0.1
"48263",0,0,0,0,0.118130874340347,7.35
"48265",4.32582082450145e-05,0.108312958993949,1,0,0.297757590502393,85.3
"48267",0,0,0,0,0.192394072907031,40.44
"48269",0,0,0,0,0.0703857190273531,0.99
"48271",0,0,0,0,0.0772151925088801,1.3
"48273",0,0,0,0,0.197421050125259,43.02
"48275",0,0,0,0,0.126120816175649,9.58
"48277",4.00176077474089e-05,0.10019891444488,1,0,0.259506066947645,73.24
"48279",0,0,0,0,0.137291617502083,13.71
"48281",0,0,0,0,0.231539191020596,60.87
"48283",0,0,0,0,0.102294255106694,4.2
"48285",0.00068662455369404,1.71921908339956,1,1,0.227383554901253,58.77
"48287",0.00010436234606554,0.261309817685568,1,0,0.172462968069343,29.88
"48289",0,0,0,0,0.153769252906477,21
"48291",3.92233771327711e-05,0.0982102637012399,1,0,0.274147451397814,78.27
"48293",0,0,0,0,0.152629977279378,20.52
"48295",0,0,0,0,0.107675003667501,5.09
"48297",0,0,0,0,0.143589220721213,16.35
"48299",0,0,0,0,0.219817770769558,55.3
"48301",0,0,0,0,0.0413005934498982,0.19
"48303",0.000278091596419571,0.696305392700266,1,0,0.35038379801391,95.29
"48305",0,0,0,0,0.117965845755323,7.29
"48307",0,0,0,0,0.174797990591616,30.99
"48309",0.000439142208885311,1.09955529813208,1,1,0.329533834836321,92.08
"48311",0,0,0,0,0.105082661572334,4.71
"48313",0,0,0,0,0.137736236966279,13.9
"48315",0,0,0,0,0.143242855355074,16.07
"48317",0,0,0,0,0.129414010217305,10.53
"48319",0,0,0,0,0.186234330644665,37.23
"48321",0.000744158356898348,1.86327628595261,1,1,0.218226103206937,54.63
"48323",4.61957777059177e-05,0.11566825301719,1,0,0.191278324215997,39.74
"48325",0.000371774853148933,0.930876151781959,1,0,0.248741295120421,69.17
"48327",0,0,0,0,0.138002363548543,14.06
"48329",6.12627790328139e-05,0.153394075770608,1,0,0.196459316563604,42.38
"48331",0,0,0,0,0.207825682131733,48.97
"48333",0.00300842358604091,7.53270358923921,1,1,0.177728303014714,32.55
"48335",0,0,0,0,0.11676328365318,7.06
"48337",0,0,0,0,0.246577403089693,68.25
"48339",0.000139040769008188,0.348140103879745,1,0,0.360285097621224,96.4
"48341",0,0,0,0,0.124925281436826,9.1
"48343",0,0,0,0,0.138536042747707,14.16
"48345",0,0,0,0,0.170175639786068,28.6
"48347",0.000230423595376167,0.576950882844144,1,0,0.25074549719581,69.97
"48349",0.0012080466411051,3.02479255635546,1,1,0.285789957073026,81.86
"48351",0,0,0,0,0.174164393731029,30.73
"48353",0,0,0,0,0.164771742442509,25.9
"48355",0.000114392792164638,0.286424757510842,1,0,0.304775491492422,86.83
"48357",0,0,0,0,0.133803071404261,12.28
"48359",0,0,0,0,0.100528334996196,3.72
"48361",0,0,0,0,0.255755450986512,71.84
"48363",0,0,0,0,0.228765160789642,59.47
"48365",0.000113960113960114,0.28534138724366,1,0,0.207147617490928,48.36
"48367",0.000626076068242291,1.56761350637853,1,1,0.411765170730912,99.59
"48369",0,0,0,0,0.0835716113721422,1.72
"48371",0,0,0,0,0.187372732410389,37.73
"48373",6.46579593948015e-05,0.161895168308749,1,0,0.247610373756478,68.76
"48375",0.00056490526068024,1.41444971527633,1,1,0.325587987474413,91.38
"48377",0,0,0,0,0.143410042745472,16.19
"48379",0,0,0,0,0.197588399669451,43.24
"48381",0.000966248707923239,2.41936180265412,1,1,0.358371877610783,96.12
"48383",0,0,0,0,0.104745406563754,4.68
"48385",0,0,0,0,0.125883556268411,9.48
"48387",0.0147228637413395,36.8641467454442,1,1,0.181831713478201,34.81
"48389",0,0,0,0,0.151108911058117,19.82
"48391",0,0,0,0,0.134410237942039,12.57
"48393",0,0,0,0,0.136197122996971,13.2
"48395",0,0,0,0,0.155555518522756,21.64
"48397",4.11361813282873e-05,0.102999678029705,1,0,0.320013104543215,89.95
"48399",0.0115343347639485,28.880482548743,1,1,0.172397403147043,29.81
"48401",0.00314568451405728,7.8763872014568,1,1,0.238700968906168,64.3
"48403",0,0,0,0,0.180834647756472,34.27
"48405",0,0,0,0,0.143540474438666,16.29
"48407",0.000271370420624152,0.679476437737615,1,0,0.260458149127776,73.69
"48409",4.04236397445226e-05,0.101215566054779,1,0,0.217328648214398,54.15
"48411",0,0,0,0,0.163285676202071,25.2
"48413",0,0,0,0,0.144929864385205,17.18
"48415",0,0,0,0,0.154467096259708,21.19
"48417",0,0,0,0,0.12013380751105,7.89
"48419",0,0,0,0,0.201430354844035,45.47
"48421",0,0,0,0,0.0806410760292171,1.56
"48423",0.000162361509498148,0.406532222066672,1,0,0.361933074022387,96.56
"48425",0,0,0,0,0.15932083961996,23.29
"48427",5.17384105960265e-05,0.129546288962289,1,0,0.210439537362647,50.24
"48429",0,0,0,0,0.153548382127157,20.9
"48431",0,0,0,0,0.0760795543348423,1.21
"48433",0,0,0,0,0.160075771862238,23.77
"48435",0,0,0,0,0.120143985867798,7.92
"48437",0,0,0,0,0.144588716778762,16.99
"48439",0.000109717327462866,0.274717998561133,1,0,0.395813807003247,99.17
"48441",6.0681084492342e-05,0.15193758787004,1,0,0.291283769184348,83.42
"48443",0,0,0,0,0.111049322431559,5.73
"48445",0,0,0,0,0.168314098640267,27.62
"48447",0,0,0,0,0.118350099626386,7.54
"48449",0.00361317747077577,9.0469291056478,1,1,0.18791211328287,37.89
"48451",6.67534461466573e-05,0.167141996132513,1,0,0.303057942299908,86.35
"48453",0.000132522669408146,0.331819625447094,1,0,0.26865675736395,76.68
"48455",0.000331345261762757,0.829645683586187,1,0,0.210953211653676,50.59
"48457",0.000410088168956326,1.02680773961989,1,1,0.191277834483688,39.71
"48459",0.0012396694214876,3.10397190875592,1,1,0.236758933802201,63.51
"48461",0,0,0,0,0.0661809298364184,0.76
"48463",8.50629465804695e-05,0.212986617307172,1,0,0.236876395247174,63.57
"48465",0.000572157915584701,1.43260942519345,1,1,0.20088808501964,44.99
"48467",6.20809535634467e-05,0.155442678983307,1,0,0.30954669621117,87.94
"48469",9.49554896142433e-05,0.237756265691453,1,0,0.349384888131523,95.07
"48471",3.2885001150975e-05,0.0823397899655731,1,0,0.17526706820847,31.12
"48473",6.47773279352227e-05,0.162194051696396,1,0,0.200900557741902,45.02
"48475",0,0,0,0,0.140489631579564,14.89
"48477",5.26787125322657e-05,0.131900683404262,1,0,0.248445713145429,69.04
"48479",1.63224000457027e-05,0.040869178788439,1,0,0.238323363587698,64.14
"48481",0,0,0,0,0.245457770370256,67.61
"48483",0,0,0,0,0.143657816303774,16.45
"48485",9.33794005042488e-05,0.233809942390803,1,0,0.252632160634327,70.63
"48487",0,0,0,0,0.139333824782904,14.57
"48489",0,0,0,0,0.143842126088331,16.51
"48491",0.000359582883854729,0.900349037419314,1,0,0.323368152498033,90.77
"48493",0.000166195778627223,0.416132736091593,1,0,0.272051381917695,77.54
"48495",0,0,0,0,0.0993416113499765,3.53
"48497",3.86832230861475e-05,0.0968577878249628,1,0,0.292516254484943,83.77
"48499",0.000152543665624285,0.381949610718193,1,0,0.309551205688901,87.97
"48501",0,0,0,0,0.135040520549269,12.82
"48503",0,0,0,0,0.198549081292203,43.68
"48505",0.000279955207166853,0.700971632996392,1,0,0.166337166946795,26.54
"48507",0,0,0,0,0.129834299732876,10.69
"49001",0,0,0,0,0.158400902362213,22.91
"49003",0.000340741301631772,0.853172152257146,1,0,0.231309191787679,60.74
"49005",0.00186543069924952,4.6707972204825,1,1,0.308034672161517,87.53
"49007",0,0,0,0,0.202912225685004,46.26
"49009",0,0,0,0,0.104291454258822,4.61
"49011",0.000563867147996739,1.41185041537277,1,1,0.351030978685717,95.39
"49013",0,0,0,0,0.207663540856078,48.81
"49015",0,0,0,0,0.135095998859196,12.85
"49017",0,0,0,0,0.123467994903445,8.62
"49019",0,0,0,0,0.162449314923585,24.82
"49021",0.00140906134836332,3.52810738671368,1,1,0.304238736255942,86.67
"49023",0,0,0,0,0.171037388304063,29.14
"49025",0,0,0,0,0.159820766447493,23.45
"49027",0,0,0,0,0.167536174206395,27.24
"49029",0.000523012552301255,1.309555791351,1,1,0.215279180424936,52.78
"49031",0,0,0,0,0.081183926005372,1.62
"49033",0,0,0,0,0.130615260655628,11.07
"49035",0.000307253923746404,0.769324088852191,1,0,0.403335733813176,99.33
"49037",0,0,0,0,0.147283338592045,18.23
"49039",0,0,0,0,0.243232904004798,66.5
"49041",9.14829384319824e-05,0.229061446625479,1,0,0.253780632241925,71.17
"49043",0,0,0,0,0.221037617220866,56
"49045",0.00113274953165164,2.83625833222851,1,1,0.257047615218265,72.54
"49047",0,0,0,0,0.240470826383413,65.1
"49049",0.000362003006072962,0.906408710466778,1,0,0.350322663894842,95.23
"49051",7.1844241684029e-05,0.179888689781099,1,0,0.294920649506352,84.66
"49053",0.000177317910151972,0.443981115038362,1,0,0.359929978924266,96.31
"49055",0,0,0,0,0.146207519322307,17.66
"49057",0.000395632822307605,0.9906134210772,1,0,0.315246168549606,88.96
"50001",5.23669878508588e-05,0.131120165116418,1,0,0.271634826160715,77.35
"50003",0,0,0,0,0.277234583076967,79.26
"50005",7.79848709350386e-05,0.195264031276855,1,0,0.306871177535145,87.34
"50007",2.5624818490869e-05,0.0641612315218523,1,0,0.298614726612265,85.43
"50009",0,0,0,0,0.158057910152159,22.75
"50011",0.000148031185236356,0.370650943412086,1,0,0.253263311907738,70.92
"50013",0,0,0,0,0.215411084284886,52.82
"50015",6.87852524418765e-05,0.172229376328457,1,0,0.244203821935959,67.1
"50017",0.00170648464163823,4.27281684823057,1,1,0.249543831284451,69.62
"50019",7.78876859568502e-05,0.195020692660107,1,0,0.275940765077286,78.84
"50021",0.000449733619317789,1.12607482010034,1,1,0.349605640028023,95.13
"50023",2.59013675922089e-05,0.0648536747063591,1,0,0.242526737284601,66.24
"50025",0.000165885621863725,0.415356143667418,1,0,0.27704370062816,79.13
"50027",7.28438228438228e-05,0.182391511732453,1,0,0.302952033299326,86.32
"51001",6.42756138321121e-05,0.160937824467355,1,0,0.168779849927037,27.81
"51003",1.33913625711416e-05,0.0335302400142365,1,0,0.182062944161284,34.93
"51005",0.00671140939597315,16.8045011614974,1,1,0.209963491909037,49.92
"51007",0.0190031152647975,47.5813430083644,1,1,0.241291146622688,65.57
"51009",0.000859291084854995,2.15155374699301,1,1,0.225662007993887,58.07
"51011",0,0,0,0,0.200264250715789,44.58
"51013",4.95827610656327e-06,0.0124148821321733,1,0,0.0935207405354134,2.77
"51015",0.0032098395080246,8.03702300938212,1,1,0.260269783840667,73.5
"51017",0.00360866078588613,9.03561991081316,1,1,0.133655633405131,12.19
"51019",4.52345410955806e-05,0.113261440858692,1,0,0.334905059845065,92.84
"51021",0,0,0,0,0.110443083466916,5.57
"51023",7.57862826828344e-05,0.18975905063002,1,0,0.225018242337787,57.78
"51025",0,0,0,0,0.156268819109739,21.92
"51027",0,0,0,0,0.138878232211511,14.41
"51029",0,0,0,0,0.171938390492668,29.72
"51031",9.56846234810066e-05,0.239581922597178,1,0,0.271489531865664,77.28
"51033",0.00597888309375398,14.9703500361234,1,1,0.198273518337031,43.49
"51035",0.000442216981132075,1.10725413018711,1,1,0.233071779278361,61.37
"51036",0,0,0,0,0.155205151231854,21.51
"51037",0,0,0,0,0.160162446641823,23.83
"51041",6.16579831673706e-06,0.0154383615812998,1,0,0.324983859302549,91.22
"51043",0,0,0,0,0.208367142718288,49.25
"51045",0,0,0,0,0.15290492639053,20.65
"51047",5.30250808632483e-05,0.132767944910288,1,0,0.268292321946759,76.52
"51049",0,0,0,0,0.178416354850515,33.03
"51051",0,0,0,0,0.120848321340348,8.08
"51053",0,0,0,0,0.144356300388361,16.8
"51057",0,0,0,0,0.227981484978472,59.15
"51059",4.14992862122771e-06,0.0103908845699973,1,0,0.154412186759028,21.16
"51061",0,0,0,0,0.318093426500687,89.53
"51063",0.000217013888888889,0.543374712036266,1,0,0.216028870609516,53.26
"51065",0.000165562913907285,0.414548124679323,1,0,0.197542894938575,43.14
"51067",5.49480740700038e-05,0.137582871205182,1,0,0.286268016844029,82.12
"51069",0.00205310387782879,5.14070658844765,1,1,0.272693566556922,77.7
"51071",0.000155738981467061,0.389950268348094,1,0,0.151549833792919,19.98
"51073",8.6244070720138e-05,0.215943999401735,1,0,0.294763362899985,84.6
"51075",0,0,0,0,0.130738428424781,11.1
"51077",0.000244498777506112,0.612193318597338,1,0,0.154052873807654,21.06
"51079",0,0,0,0,0.202783601411117,46.23
"51081",0,0,0,0,0.101961538051714,4.1
"51083",0.00142599819873912,3.5705150696637,1,1,0.241495390373519,65.67
"51085",0.00371006316305881,9.28951834919472,1,1,0.335350600129748,92.94
"51087",2.41305753694391e-05,0.0604198399916777,1,0,0.29693077431707,84.95
"51089",0.00465090216294968,11.6452575290955,1,1,0.229699363368806,60.04
"51091",0,0,0,0,0.138567951357327,14.19
"51093",8.5535882302626e-05,0.214170787192123,1,0,0.24122707088167,65.45
"51095",3.03195682493481e-05,0.0759162777594783,1,0,0.227400408703875,58.86
"51097",0,0,0,0,0.191633113122128,40.03
"51099",0,0,0,0,0.0930881786245882,2.7
"51101",0,0,0,0,0.213044071454398,51.73
"51103",0,0,0,0,0.209857008617923,49.86
"51105",0.000208376745155241,0.521748421142553,1,0,0.163052405824001,25.01
"51107",4.56029623684355e-06,0.0114183920079126,1,0,0.247222781102988,68.47
"51109",0.0052869446576277,13.2378256783417,1,1,0.222651941666141,56.95
"51111",0,0,0,0,0.180235483836205,33.92
"51113",0,0,0,0,0.200627008106693,44.77
"51115",0,0,0,0,0.151727654820837,20.08
"51117",0,0,0,0,0.234285155766365,62.04
"51119",0,0,0,0,0.1928416377511,40.63
"51121",6.13999181334425e-05,0.153737454342803,1,0,0.178936369401932,33.38
"51125",0,0,0,0,0.189210187956456,38.69
"51127",0.0139425731639978,34.9104000523708,1,1,0.216138568675131,53.36
"51131",0,0,0,0,0.14002246644944,14.7
"51133",0,0,0,0,0.193625341853274,41.04
"51135",0,0,0,0,0.142516396490337,15.65
"51137",0,0,0,0,0.23145543058218,60.83
"51139",0.000155062800434176,0.388257198490171,1,0,0.206026896850335,47.92
"51141",0.0126849894291755,31.7615730198281,1,1,0.20132044966349,45.4
"51143",0.00536281779661017,13.4278022059131,1,1,0.250058028868045,69.77
"51145",0,0,0,0,0.248711795302709,69.14
"51147",0.00020671834625323,0.517596004767568,1,0,0.197068774016307,42.73
"51149",0,0,0,0,0.108506473946741,5.28
"51153",5.79975757013357e-06,0.0145218428907332,1,0,0.316048905654453,89.15
"51155",6.18161587438957e-05,0.154779667000254,1,0,0.166104345045506,26.41
"51157",0,0,0,0,0.161883642279034,24.63
"51159",0,0,0,0,0.19546457572817,41.93
"51161",2.42295018414421e-05,0.0606675390837156,1,0,0.272002595990927,77.44
"51163",0,0,0,0,0.233148168601909,61.44
"51165",0.000229351953314136,0.574267629713004,1,0,0.2535873740851,71.14
"51167",0,0,0,0,0.169062737495646,28
"51169",0,0,0,0,0.122163675129602,8.34
"51171",0.000325860271115746,0.81591197636311,1,0,0.242233045531218,66.08
"51173",0.0100865697720594,25.2554662440644,1,1,0.142182399136433,15.4
"51175",0.0300527643955036,75.2482354143766,1,1,0.177445142024868,32.42
"51177",0,0,0,0,0.363210357533752,96.69
"51179",1.90715947667544e-05,0.0477528068250203,1,0,0.252365292167037,70.47
"51181",0,0,0,0,0.114683923947158,6.68
"51183",0,0,0,0,0.167584032707255,27.27
"51185",6.61769571835087e-05,0.165698542324341,1,0,0.208735163673892,49.41
"51187",6.6715591433718e-05,0.167047212826947,1,0,0.244543866128286,67.39
"51191",0.000173107716276453,0.433439334065541,1,0,0.254024394772019,71.3
"51193",0.000241954996370675,0.605824019613625,1,0,0.183615277795362,35.7
"51195",0,0,0,0,0.167902643066855,27.43
"51197",0,0,0,0,0.220309126313124,55.62
"51199",3.72079178449174e-05,0.0931638142976303,1,0,0.232031476789557,61.06
"51510",0,0,0,0,0.186187163658202,37.13
"51520",0,0,0,0,0.156519988113073,22.11
"51530",0,0,0,0,0.115357831482517,6.81
"51540",0,0,0,0,0.197441078587698,43.05
"51550",1.73145182235304e-05,0.0433533143981147,1,0,0.337437066164953,93.48
"51570",0,0,0,0,0.18776013886658,37.83
"51580",0,0,0,0,0.146499598409253,17.75
"51590",0,0,0,0,0.227290513130695,58.61
"51595",0,0,0,0,0.145108150091636,17.28
"51600",0,0,0,0,0.17996380767473,33.73
"51610",6.57116572479958e-05,0.164533491461632,1,0,0.151287686313096,19.89
"51620",0,0,0,0,0.15471553309464,21.35
"51630",0,0,0,0,0.207610413318927,48.74
"51640",0,0,0,0,0.183264913917233,35.44
"51650",0,0,0,0,0.208322677599449,49.22
"51660",0,0,0,0,0.23832917302561,64.17
"51670",0,0,0,0,0.174092085065932,30.7
"51678",0,0,0,0,0.0959474058390672,3.09
"51680",0,0,0,0,0.201309879186535,45.37
"51683",0,0,0,0,0.212667540831364,51.54
"51685",0,0,0,0,0.170689351357271,28.89
"51690",0,0,0,0,0.152321515242614,20.27
"51700",1.71404574788101e-05,0.0429174888040779,1,0,0.132798937742976,11.87
"51710",5.92269695928738e-06,0.0148296672217997,1,0,0.174675418926507,30.93
"51720",0,0,0,0,0.14247528060802,15.56
"51730",0,0,0,0,0.211693453170693,50.97
"51735",0,0,0,0,0.137374872123843,13.81
"51740",0.00022661605574755,0.567417296031525,1,0,0.131888522808428,11.52
"51750",0,0,0,0,0.111647657371282,5.85
"51760",0.000262201950127004,0.656519773342962,1,0,0.187099148247395,37.58
"51770",0.00276203966005666,6.91579010265307,1,1,0.250048661412862,69.74
"51775",0,0,0,0,0.204090147405614,46.8
"51790",0,0,0,0,0.217702308830638,54.41
"51800",0.00144835035349568,3.62648197443842,1,1,0.219768446674387,55.23
"51810",9.22360320059031e-06,0.0230947095539291,1,0,0.264685934687214,75.31
"51820",0,0,0,0,0.204683377344331,47.12
"51830",0,0,0,0,0.11407820197088,6.52
"51840",0,0,0,0,0.178821997616301,33.22
"53001",0.000967305088024763,2.42200684180994,1,1,0.144317033510176,16.77
"53003",0,0,0,0,0.227128378555048,58.54
"53005",1.8373402662306e-05,0.0460046240905278,1,0,0.253382969919572,71.05
"53007",0,0,0,0,0.245638031501187,67.67
"53009",3.4778979584739e-05,0.0870820670212886,1,0,0.29049324934949,83.26
"53011",0.00034450420103734,0.862593965724435,1,0,0.37782658345011,98.19
"53013",0,0,0,0,0.12470484242234,9.04
"53015",0.000480150156048801,1.20223389439727,1,1,0.314667963476947,88.77
"53017",0.0100988849147907,25.2863017687838,1,1,0.232088779980079,61.09
"53019",0,0,0,0,0.15835059155566,22.88
"53021",0.000504201680672269,1.26245580154443,1,1,0.288040474637684,82.63
"53023",0,0,0,0,0.0980324855086592,3.28
"53025",0.000398891501511589,0.998772732368977,1,0,0.205698710257835,47.66
"53027",0.0031039640987285,7.77192467704706,1,1,0.251339787116409,70.22
"53029",0.000495458298926507,1.24056350440782,1,1,0.273403984291276,77.92
"53031",8.88020602077968e-05,0.222348874261887,1,0,0.282293286950717,80.43
"53033",0.000164379109477737,0.411584031485536,1,0,0.256525142479163,72.32
"53035",2.72402865678147e-05,0.0682061546629862,1,0,0.272253803062392,77.6
"53037",5.15703161260379e-05,0.12912540214858,1,0,0.276571679607492,79.03
"53039",0.000117799505242078,0.294954726476983,1,0,0.20827976741089,49.16
"53041",0.00012969327540367,0.324735188776748,1,0,0.321123877444569,90.2
"53043",0,0,0,0,0.163212334499459,25.17
"53045",5.81665891112145e-05,0.145641616627682,1,0,0.24053424933254,65.16
"53047",0,0,0,0,0.212839628001021,51.64
"53049",0,0,0,0,0.21922996283619,54.95
"53051",0,0,0,0,0.177573027527132,32.52
"53053",0.000226599352851741,0.567375474140554,1,0,0.34769804575975,94.88
"53055",0,0,0,0,0.294494561351686,84.41
"53057",0.000396996063122374,0.994026799773624,1,0,0.356683719435508,95.99
"53059",0,0,0,0,0.180544733401901,34.08
"53061",0.00036441853023785,0.912456870583315,1,0,0.37029911913553,97.65
"53063",0.000415472779369627,1.04029010771963,1,1,0.417247881524375,99.68
"53065",0.000812227719116887,2.03371316574572,1,1,0.282657112251833,80.66
"53067",0.000500306525829205,1.25270283756584,1,1,0.283532286684486,80.94
"53069",0,0,0,0,0.16473825108547,25.84
"53071",2.97159158445263e-05,0.0744048102063209,1,0,0.21438397989466,52.4
"53073",0.000362925739810162,0.908719116410398,1,0,0.393516705502156,99.08
"53075",0,0,0,0,0.155988532845813,21.79
"53077",0.000171793129836562,0.430147779631492,1,0,0.246085553428654,67.9
"54001",0.000225123818099955,0.563680925948472,1,0,0.137351681863356,13.78
"54003",0.000249224007068899,0.62402468232309,1,0,0.243299195426723,66.62
"54005",0.000959877135726627,2.40340820988972,1,1,0.173408916785965,30.29
"54007",0.000243427458617332,0.609510874650222,1,0,0.178421621487498,33.09
"54009",0,0,0,0,0.167036081781256,26.85
"54011",1.78011962403874e-05,0.0445718932117472,1,0,0.247242846630739,68.5
"54013",0.000740740740740741,1.85471901708379,1,1,0.114981270793643,6.71
"54015",0,0,0,0,0.109118093072611,5.41
"54017",0,0,0,0,0.103512818376294,4.45
"54019",0,0,0,0,0.244075389678013,66.94
"54021",0,0,0,0,0.106859582049328,4.87
"54023",0.000247096614776378,0.618697967151745,1,0,0.219839114819646,55.33
"54025",0.00622378568529292,15.583554452835,1,1,0.255998974278377,72
"54027",0.00112845589618206,2.82550762429541,1,1,0.238368451115884,64.24
"54029",0,0,0,0,0.183806729340768,35.83
"54031",0,0,0,0,0.169193101884757,28.06
"54033",4.98330592515075e-05,0.124775535608866,1,0,0.219850012104254,55.36
"54035",0,0,0,0,0.194432951850262,41.49
"54037",0.00370233246945576,9.2701616921996,1,1,0.233910523149399,61.79
"54039",0.000104493207941484,0.261637478898967,1,0,0.263414253436632,74.74
"54041",0.000160333493666827,0.401454332702118,1,0,0.196973412907128,42.63
"54043",0.000344708721130645,0.863106057588112,1,0,0.160516994375825,23.99
"54045",0,0,0,0,0.179182992219018,33.57
"54047",0,0,0,0,0.119104518671965,7.7
"54049",5.09761941173472e-05,0.127637797474798,1,0,0.260423868553094,73.62
"54051",8.77577885037297e-05,0.219734152967364,1,0,0.165693282419448,26.22
"54053",0.000140864910550782,0.352707518391761,1,0,0.165724287060789,26.25
"54055",0.000136798905608755,0.342526767860891,1,0,0.268474239432754,76.58
"54057",0.0105391163356303,26.3885843127851,1,1,0.193160495756719,40.82
"54059",0,0,0,0,0.154613372760486,21.29
"54061",1.51545001288133e-05,0.0379449084374667,1,0,0.182823387491912,35.22
"54063",0.00917080626671762,22.9625128595776,1,1,0.201125581367251,45.24
"54065",0,0,0,0,0.214124641487854,52.31
"54067",0.000125707102451288,0.314754327223521,1,0,0.197560944922805,43.18
"54069",0,0,0,0,0.228889108339967,59.56
"54071",0,0,0,0,0.201583169112111,45.59
"54073",0,0,0,0,0.130556402301054,11.04
"54075",0,0,0,0,0.146794231270034,17.79
"54077",0.000118525542254356,0.296772629259584,1,0,0.230082279268065,60.26
"54079",4.20539131166155e-05,0.105297559740238,1,0,0.291904398852572,83.65
"54081",0,0,0,0,0.240916276179476,65.38
"54083",8.65201591970929e-05,0.216635289242353,1,0,0.239797240162264,64.78
"54085",0,0,0,0,0.150805976000906,19.66
"54087",0,0,0,0,0.180672095611787,34.2
"54089",0,0,0,0,0.158055938020326,22.72
"54091",0,0,0,0,0.167970072373328,27.49
"54093",0.0144200626959248,36.1059720880574,1,1,0.137874982966522,14.03
"54095",0,0,0,0,0.123556934765331,8.65
"54097",0,0,0,0,0.210934249056469,50.56
"54099",0,0,0,0,0.181108063751697,34.36
"54101",0.000570450656018254,1.42833466803372,1,1,0.126958541058999,9.74
"54103",0,0,0,0,0.165381307236151,26.12
"54105",0.00112485939257593,2.81650244439045,1,1,0.134757431670245,12.66
"54107",0.000875386199794027,2.19185383326843,1,1,0.292616730205661,83.9
"54109",0,0,0,0,0.146391033921525,17.72
"55001",0,0,0,0,0.190359087296881,39.33
"55003",0,0,0,0,0.211694399792881,51
"55005",4.07232448281479e-05,0.101965738437169,1,0,0.267749444371839,76.26
"55007",0,0,0,0,0.202755844983764,46.2
"55009",0.00187265917602996,4.68889639150396,1,1,0.347148378738663,94.85
"55011",0,0,0,0,0.198734349588314,43.94
"55013",0,0,0,0,0.20791046215483,49.03
"55015",0.00128541588559799,3.21851513863825,1,1,0.230133070459133,60.29
"55017",0.000498041038581579,1.24703035048631,1,1,0.3416801148373,94.05
"55019",0.000802743924688024,2.00996697100593,1,1,0.256944960787167,72.45
"55021",0.00413877054169203,10.3629461818802,1,1,0.297069964561685,85.08
"55023",0,0,0,0,0.179387645848595,33.6
"55025",0.000110573600552868,0.276861995639321,1,0,0.261748554192596,74.07
"55027",0.000275130687076361,0.688891658630205,1,0,0.225722305733426,58.1
"55029",0,0,0,0,0.267201533241428,76.04
"55031",0.000164835164835165,0.412725935120293,1,0,0.2607311191096,73.75
"55033",0.00503864592505626,12.6161177636973,1,1,0.220588412712745,55.77
"55035",0,0,0,0,0.296963384860561,84.98
"55037",0,0,0,0,0.140929253545522,15.02
"55039",3.96110197857044e-05,0.0991808707715479,1,0,0.330281711404238,92.3
"55041",0,0,0,0,0.165080451638683,26.03
"55043",0.000536585365853659,1.34354036115582,1,1,0.287247439175524,82.41
"55045",0.00108994951812758,2.72909263355892,1,1,0.227351120506506,58.64
"55047",0.0011207621182404,2.80624339934224,1,1,0.237804538221297,63.92
"55049",0.001070223100354,2.67970023461105,1,1,0.206311137529865,48.04
"55051",0,0,0,0,0.183673698229046,35.76
"55053",0,0,0,0,0.155503910307675,21.6
"55055",0.00030877698582199,0.773137639316505,1,0,0.282323840311913,80.53
"55057",0.00266869996187571,6.68207956974525,1,1,0.210298335115173,50.11
"55059",9.80476266346378e-05,0.245498576893911,1,0,0.263463512238065,74.77
"55061",0.000112637981527371,0.282030938619409,1,0,0.191699870653458,40.12
"55063",1.31022103428848e-05,0.0328062402298535,1,0,0.291513310007091,83.46
"55065",0,0,0,0,0.205554493865858,47.47
"55067",0.00274254370929037,6.86697476328588,1,1,0.238840286238625,64.4
"55069",0,0,0,0,0.231412248013775,60.77
"55071",0.00103651730186573,2.59530527426411,1,1,0.289752949332623,82.98
"55073",0.000797940797940798,1.99794056280454,1,1,0.345104090219173,94.43
"55075",0.00132774997446635,3.32451422222658,1,1,0.230279369198583,60.39
"55077",0,0,0,0,0.176225647892744,31.63
"55078",0,0,0,0,0.084643063960899,1.78
"55079",0.000939974792462444,2.3535753162653,1,1,0.300991519951649,85.84
"55081",0.000451893846027442,1.13148374840581,1,1,0.218474159810015,54.69
"55083",0.00137274640798023,3.43717947249443,1,1,0.248925452088369,69.23
"55085",0,0,0,0,0.294738812431079,84.57
"55087",0.00384683521878875,9.63197788843148,1,1,0.367473329674638,97.3
"55089",2.10464284210969e-05,0.0526975348963066,1,0,0.294217152138759,84.28
"55091",0,0,0,0,0.183632851218948,35.73
"55093",0,0,0,0,0.250887715554272,70.06
"55095",5.39083557951482e-05,0.134979551108524,1,0,0.269665964329411,76.93
"55097",0.00113268182177383,2.8360887954512,1,1,0.279319366101834,79.73
"55099",0.00656377505765478,16.4348438714449,1,1,0.18962433476829,38.98
"55101",0.000154302670623145,0.386353931748611,1,0,0.336755312060558,93.25
"55103",0.000142247510668563,0.356169370279248,1,0,0.183886781315708,35.92
"55105",0.0017537660162027,4.39120329538468,1,1,0.340926815386068,94.02
"55107",0,0,0,0,0.195927961628327,42.03
"55109",0.000168071262215179,0.420828704445288,1,0,0.349820652006422,95.16
"55111",2.49140465394389e-05,0.0623815504774307,1,0,0.253808660140016,71.21
"55113",0.000116918040453642,0.292747652643881,1,0,0.238082555788544,63.98
"55115",0,0,0,0,0.278218108115467,79.41
"55117",0.00128844742085787,3.22610571086982,1,1,0.265377836283673,75.41
"55119",0,0,0,0,0.221117378650576,56.06
"55121",0,0,0,0,0.224027426194764,57.56
"55123",0.000190168298944566,0.476156826673597,1,0,0.279104970712516,79.7
"55125",0,0,0,0,0.263875765266293,75.02
"55127",0.000903732809430255,2.26283007781735,1,1,0.317267865789098,89.41
"55129",0,0,0,0,0.244390035191617,67.32
"55131",0.00213412761776086,5.34357955468545,1,1,0.342440331652068,94.18
"55133",0.000200773349196907,0.502710500986794,1,0,0.409495105824963,99.49
"55135",0.00483435233897341,12.1045930448096,1,1,0.254606095443916,71.56
"55137",0.000261780104712042,0.655463526979872,1,0,0.20761366144586,48.78
"55139",1.97156996116007e-05,0.0493655620564088,1,0,0.236007671477914,63.28
"55141",0.00132093811529547,3.30745820781958,1,1,0.267867400565611,76.39
"56001",9.6158469157171e-05,0.240768370889284,1,0,0.211359169449938,50.78
"56003",0.00179569034317638,4.49617638818196,1,1,0.204800061404627,47.18
"56005",0,0,0,0,0.240095199777605,64.91
"56007",0,0,0,0,0.185228107966724,36.46
"56009",0,0,0,0,0.171010145615374,29.11
"56011",0,0,0,0,0.185664818970386,36.65
"56013",0,0,0,0,0.266680705621364,75.79
"56015",0,0,0,0,0.217200441038695,54.06
"56017",0,0,0,0,0.161571738405061,24.47
"56019",0,0,0,0,0.260418000339132,73.59
"56021",0,0,0,0,0.28379699529723,81.07
"56023",0,0,0,0,0.24901920521749,69.3
"56025",2.25245517614199e-05,0.0563985645793115,1,0,0.381559783794392,98.6
"56027",0,0,0,0,0.116605101586147,7
"56029",0,0,0,0,0.309305153332242,87.75
"56031",0,0,0,0,0.186373512322074,37.26
"56033",0,0,0,0,0.317853680875005,89.47
"56035",0,0,0,0,0.201872881797473,45.69
"56037",0,0,0,0,0.233706989110399,61.6
"56039",0,0,0,0,0.220139630990529,55.52
"56041",0,0,0,0,0.239196221766713,64.56
"56043",0,0,0,0,0.2219562263951,56.51
"56045",0,0,0,0,0.172806863506533,30.07
