"county_geoid","industry_employment_share","location_quotient","industry_present","industry_comparative_advantage","industry_feasibility","industry_feasibility_percentile_score"
"01001",0,0,0,0,0.149417787921201,69.23
"01003",0,0,0,0,0.258904713348115,93.25
"01005",0,0,0,0,0.0807509218120926,23.61
"01007",0,0,0,0,0.0815158827341617,24.37
"01009",0,0,0,0,0.150816258137359,69.77
"01011",0,0,0,0,0.0837040472405171,26.28
"01013",0,0,0,0,0.0868001468174233,28.79
"01015",0,0,0,0,0.159128875202975,73.43
"01017",0,0,0,0,0.112207242905749,48.3
"01019",0,0,0,0,0.10892644476016,46.29
"01021",0,0,0,0,0.138524651069317,64.11
"01023",0,0,0,0,0.063305238058789,10.4
"01025",0,0,0,0,0.0945345065045865,35.44
"01027",0,0,0,0,0.0580949136863683,7.51
"01029",0,0,0,0,0.0775135582963397,21
"01031",0,0,0,0,0.142879252373422,66.31
"01033",0,0,0,0,0.158317882951163,73.08
"01035",0,0,0,0,0.0735390357279374,18.04
"01037",0,0,0,0,0.0710152415721011,16.26
"01039",0,0,0,0,0.127441259676269,57.81
"01041",0,0,0,0,0.0772201252203342,20.78
"01043",0,0,0,0,0.173325875477489,77.82
"01045",0,0,0,0,0.0869581264497163,28.92
"01047",0,0,0,0,0.132353767633106,60.77
"01049",3.6831055946374e-05,0.14134096823464,1,0,0.131770938188291,60.32
"01051",0,0,0,0,0.14573489775764,67.58
"01053",0,0,0,0,0.112442563547492,48.55
"01055",0,0,0,0,0.164840353115954,75.12
"01057",0,0,0,0,0.0838582496081757,26.41
"01059",0,0,0,0,0.0886082747244844,30.61
"01061",0,0,0,0,0.102899847251793,42.44
"01063",0,0,0,0,0.0596283229206798,8.37
"01065",0,0,0,0,0.0920540020910132,33.44
"01067",0,0,0,0,0.100342896432499,39.93
"01069",0,0,0,0,0.211907681689007,86.61
"01071",0,0,0,0,0.128861112560464,58.83
"01073",9.6395762442283e-06,0.0369923425957328,1,0,0.266995199178607,94.05
"01075",0,0,0,0,0.0875233270813405,29.56
"01077",0,0,0,0,0.181892027805753,80.11
"01079",0,0,0,0,0.104128847618988,43.21
"01081",0,0,0,0,0.174663885628999,78.17
"01083",0,0,0,0,0.137238748379894,63.41
"01085",0,0,0,0,0.0669859525746511,12.95
"01087",0,0,0,0,0.0582204947379041,7.6
"01089",9.50837727656304e-05,0.364888601773032,1,0,0.169714710036829,76.65
"01091",0,0,0,0,0.0963686566726484,37.1
"01093",0,0,0,0,0.0886948746452493,30.77
"01095",0,0,0,0,0.14863638640508,68.98
"01097",1.49702839862872e-05,0.0574491927804117,1,0,0.261192168375763,93.45
"01099",0,0,0,0,0.0954274632836837,36.24
"01101",0,0,0,0,0.198839192475532,84.19
"01103",0,0,0,0,0.189036116124729,81.67
"01105",0,0,0,0,0.0605045994851531,9.04
"01107",0,0,0,0,0.0784148696109681,21.7
"01109",0,0,0,0,0.0823490144653831,25.07
"01111",0,0,0,0,0.100740099386848,40.22
"01113",0,0,0,0,0.122742051265314,55.23
"01115",0,0,0,0,0.190315972438679,81.99
"01117",0.00195753955440749,7.51215323232677,1,1,0.283528267484884,95.93
"01119",0,0,0,0,0.0753593265928237,19.06
"01121",0,0,0,0,0.119520321866805,53.04
"01123",0,0,0,0,0.10676942391968,45.02
"01125",0,0,0,0,0.156118797235705,71.97
"01127",0,0,0,0,0.141351659049529,65.67
"01129",0,0,0,0,0.0564351522831247,6.81
"01131",0,0,0,0,0.0987260908963039,38.59
"01133",0,0,0,0,0.0936739886673706,34.74
"02013",0,0,0,0,0.0301204193157241,0.45
"02016",0,0,0,0,0.0425077025247994,1.97
"02020",0,0,0,0,0.248869852736931,92.14
"02050",0,0,0,0,0.0584766743594513,7.7
"02060",0,0,0,0,0.0479016000159928,3.25
"02063",0,0,0,0,0.113849459511257,49.16
"02066",0,0,0,0,0.100573748322476,40.12
"02068",0,0,0,0,0.0533503711192413,5.25
"02070",0,0,0,0,0.0453831992000854,2.61
"02090",7.58898079987858e-05,0.291230828605807,1,0,0.167879132555676,75.98
"02100",0,0,0,0,0.0993550363752359,39.1
"02105",0,0,0,0,0.0673336294604504,13.24
"02110",0,0,0,0,0.147550610955157,68.63
"02122",0.000153309570349929,0.588332931438231,1,0,0.194456420167485,83.17
"02130",0,0,0,0,0.116481035423749,50.87
"02150",0,0,0,0,0.0996768842814396,39.36
"02158",0,0,0,0,0.0299680253671324,0.41
"02164",0,0,0,0,0.0366004604589624,0.95
"02170",2.8109627547435e-05,0.107872062643393,1,0,0.207480157610196,85.59
"02180",0,0,0,0,0.0592301276985683,8.15
"02185",0,0,0,0,0.0479393702499767,3.28
"02188",0,0,0,0,0.0346814558562314,0.73
"02195",0,0,0,0,0.0836437606613678,26.22
"02198",0,0,0,0,0.0655404007420016,11.93
"02220",0,0,0,0,0.124391343128151,56.28
"02230",0,0,0,0,0.074646100037115,18.61
"02240",0,0,0,0,0.0870766901767311,29.02
"02275",0,0,0,0,0.0593878893266552,8.24
"02282",0,0,0,0,0.0604924698984604,9
"02290",0,0,0,0,0.0607865127673974,9.2
"04001",0,0,0,0,0.0681402765363222,14.13
"04003",0,0,0,0,0.161928172719717,74.16
"04005",0,0,0,0,0.191452872022761,82.44
"04007",0,0,0,0,0.105787566788185,44.35
"04009",0,0,0,0,0.108306480603823,45.98
"04011",0,0,0,0,0.0278174890215146,0.25
"04012",0.000142979696883043,0.548691539682402,1,0,0.0839250039146435,26.54
"04013",0.000327144746787604,1.25543387436842,1,1,0.382565535830352,99.68
"04015",0,0,0,0,0.224041168646321,88.45
"04017",0,0,0,0,0.153016721260896,70.66
"04019",1.1103560689842e-05,0.0426104540971997,1,0,0.237217153518948,90.9
"04021",1.08834060707639e-05,0.04176560004069,1,0,0.18827932878583,81.51
"04023",0,0,0,0,0.130469430286617,59.56
"04025",0,0,0,0,0.249672751004191,92.27
"04027",0,0,0,0,0.157631353058466,72.64
"05001",0,0,0,0,0.0826288980017904,25.26
"05003",0,0,0,0,0.0922312737660696,33.73
"05005",0,0,0,0,0.156968856576752,72.22
"05007",9.84591148525575e-05,0.377841641169569,1,0,0.221265127658937,88.01
"05009",0.00255474452554745,9.80395635028141,1,1,0.171117305276896,77.28
"05011",0,0,0,0,0.0720535820627343,16.83
"05013",0,0,0,0,0.0303528362116059,0.51
"05015",0,0,0,0,0.116848809058738,51.07
"05017",0,0,0,0,0.072744159236322,17.47
"05019",0,0,0,0,0.089680546068447,31.56
"05021",0,0,0,0,0.0937609927454258,34.87
"05023",0.000126839167935058,0.486751474954176,1,0,0.126851756518868,57.46
"05025",0,0,0,0,0.0538721206638706,5.47
"05027",0,0,0,0,0.0956581992699793,36.53
"05029",0,0,0,0,0.109227536962835,46.64
"05031",0,0,0,0,0.194491019631615,83.26
"05033",0,0,0,0,0.147263439093372,68.41
"05035",0,0,0,0,0.136606520675884,63.09
"05037",0,0,0,0,0.0827090425830092,25.45
"05039",0,0,0,0,0.065781971951049,12.15
"05041",0,0,0,0,0.0678772160461014,13.84
"05043",0,0,0,0,0.101287990577502,40.69
"05045",0,0,0,0,0.212408940508856,86.7
"05047",0,0,0,0,0.0793980134777633,22.53
"05049",0,0,0,0,0.0860224174439057,28.16
"05051",0,0,0,0,0.23280603162129,90.33
"05053",0,0,0,0,0.0926067768733919,34.01
"05055",0,0,0,0,0.127787444530517,58.19
"05057",0,0,0,0,0.0918432389290852,33.22
"05059",0,0,0,0,0.103368037210238,42.73
"05061",0,0,0,0,0.0736094551149251,18.07
"05063",0.00315868638756581,12.1216126145871,1,1,0.126575487032016,57.3
"05065",0,0,0,0,0.0951914491343809,36.02
"05067",0,0,0,0,0.0768735677783417,20.55
"05069",0,0,0,0,0.132732009964784,60.99
"05071",0,0,0,0,0.0823735757307795,25.1
"05073",0,0,0,0,0.0656262167150578,11.99
"05075",0,0,0,0,0.090463150112017,32.17
"05077",0,0,0,0,0.0603835489454973,8.94
"05079",0,0,0,0,0.0512487592490994,4.49
"05081",0,0,0,0,0.0634527899464317,10.53
"05083",0,0,0,0,0.0934628423297658,34.62
"05085",0,0,0,0,0.158354507775928,73.15
"05087",0,0,0,0,0.0950890996848797,35.92
"05089",0,0,0,0,0.0931519265395275,34.39
"05091",0,0,0,0,0.12827356695208,58.42
"05093",0,0,0,0,0.0918638168815886,33.25
"05095",0,0,0,0,0.0763979785088123,20.08
"05097",0,0,0,0,0.10272441343473,42.22
"05099",0,0,0,0,0.059621526159024,8.34
"05101",0,0,0,0,0.0797435495826035,22.91
"05103",0,0,0,0,0.0942156833671569,35.16
"05105",0,0,0,0,0.0939329098586111,35
"05107",0,0,0,0,0.088656031684589,30.67
"05109",0,0,0,0,0.0919721640263449,33.41
"05111",0,0,0,0,0.0714653838016212,16.58
"05113",0,0,0,0,0.103262464259869,42.6
"05115",0,0,0,0,0.169229357449151,76.42
"05117",0,0,0,0,0.0606720755012862,9.13
"05119",0.000106788290491708,0.40980525772045,1,0,0.257114511192307,92.9
"05121",0,0,0,0,0.0793563517076841,22.49
"05123",0,0,0,0,0.0904595209957423,32.13
"05125",0,0,0,0,0.189978358918776,81.9
"05127",0,0,0,0,0.0545139464862405,5.89
"05129",0,0,0,0,0.0973785025010154,37.7
"05131",0,0,0,0,0.225265300162542,88.67
"05133",0,0,0,0,0.0775749573059333,21.06
"05135",0,0,0,0,0.114534997984619,49.76
"05137",0,0,0,0,0.110281212854459,47.38
"05139",0,0,0,0,0.142619140989039,66.15
"05141",0,0,0,0,0.10747020793193,45.43
"05143",0,0,0,0,0.233882177684713,90.52
"05145",0,0,0,0,0.159048127450112,73.4
"05147",0,0,0,0,0.0436943314919773,2.26
"05149",0,0,0,0,0.0833064557111681,26.03
"06001",7.71338862774279e-05,0.296005039497805,1,0,0.341577462807378,98.98
"06003",0.00232558139534884,8.9245316942761,1,1,0.127328655486526,57.75
"06005",0,0,0,0,0.141828845388714,65.86
"06007",0,0,0,0,0.23102114343498,89.85
"06009",0,0,0,0,0.17716462635264,78.84
"06011",0.00222760290556901,8.54853447519522,1,1,0.0851525960431623,27.52
"06013",3.67070980056575e-05,0.140865273609247,1,0,0.304335238143957,97.39
"06015",0,0,0,0,0.100019600449554,39.58
"06017",0,0,0,0,0.234650428987161,90.61
"06019",4.20670928063168e-06,0.0161434514305492,1,0,0.225692911121893,88.86
"06021",0,0,0,0,0.10927799614104,46.74
"06023",0.0020327251957128,7.80068178700375,1,1,0.204604607922078,85.11
"06025",0.000455123485710461,1.74655850840394,1,1,0.134286251468032,61.69
"06027",0,0,0,0,0.114210263260134,49.51
"06029",2.31725842580911e-05,0.0889259189393355,1,0,0.176801451949528,78.68
"06031",0,0,0,0,0.084320739802777,26.95
"06033",5.02866338127326e-05,0.192977402621881,1,0,0.131493077330315,60.17
"06035",0,0,0,0,0.0832245545247455,25.9
"06037",0.000254866979042092,0.978064425882789,1,0,0.386802699660441,99.71
"06039",0,0,0,0,0.140278541873491,65.1
"06041",0.0139624313707818,53.5815093580097,1,1,0.300281116946931,97.07
"06043",0,0,0,0,0.101026132961135,40.5
"06045",2.67058352249967e-05,0.102484941341667,1,0,0.179283224098688,79.38
"06047",1.04644105397543e-05,0.0401576843153003,1,0,0.138846201879453,64.4
"06049",0,0,0,0,0.085575282540132,27.9
"06051",0,0,0,0,0.101404167102747,40.85
"06053",0,0,0,0,0.136961837480652,63.19
"06055",0.000134813283602211,0.517352531596466,1,0,0.166387482755554,75.44
"06057",9.4872159764717e-05,0.364076526591596,1,0,0.266492099207668,93.95
"06059",0.000317071382042975,1.2167768473079,1,1,0.433519628507703,99.97
"06061",0,0,0,0,0.255850727173101,92.78
"06063",0,0,0,0,0.117097393032845,51.26
"06065",0.00025023491971197,0.960288672953169,1,0,0.293400181042075,96.5
"06067",0.000697767515761738,2.67771677315033,1,1,0.262801902433312,93.54
"06069",4.77122000095424e-05,0.183097887711185,1,0,0.15820601933999,72.99
"06071",5.29485049833887e-05,0.203192462682179,1,0,0.325388036162038,98.44
"06073",0.000546424284396471,2.09692976318593,1,1,0.358561475545356,99.33
"06075",1.65383039842046e-05,0.063466545772941,1,0,0.245420415510369,91.85
"06077",0,0,0,0,0.238439315378937,91.09
"06079",7.10792675992267e-06,0.0272770145892949,1,0,0.257875433880588,93.13
"06081",0.000143557175394729,0.550907641552934,1,0,0.225520273004924,88.74
"06083",8.10106893604611e-06,0.0310882459852214,1,0,0.229811196931775,89.56
"06085",8.1340292808786e-06,0.0312147329113295,1,0,0.192421878104321,82.72
"06087",0.00144076797049307,5.52901714920821,1,1,0.281623173551916,95.77
"06089",0,0,0,0,0.244246453563625,91.7
"06091",0,0,0,0,0.127696895513129,58.03
"06093",0,0,0,0,0.13485621927954,62.04
"06095",0,0,0,0,0.28192794735326,95.83
"06097",0.000452117770341074,1.73502392951037,1,1,0.325627989826644,98.47
"06099",1.80371926913295e-05,0.0692186040753003,1,0,0.24547617563843,91.89
"06101",0,0,0,0,0.175983602696797,78.52
"06103",0,0,0,0,0.117507109213308,51.73
"06105",0,0,0,0,0.115401804446293,50.33
"06107",0.000118267737589601,0.45385819418735,1,0,0.169142021276281,76.36
"06109",0,0,0,0,0.162449634156531,74.36
"06111",0.000199457578999448,0.765428158740987,1,0,0.334394783820559,98.76
"06113",9.66346966878458e-05,0.370840347743698,1,0,0.190100369820307,81.93
"06115",0,0,0,0,0.103336347149117,42.7
"08001",0.00086559647466163,3.32176856420569,1,1,0.296307999487361,96.82
"08003",0.000634517766497462,2.43499278460579,1,1,0.132564444018116,60.87
"08005",0.000195100344853042,0.748707060818223,1,0,0.298325893442446,96.91
"08007",0,0,0,0,0.160513806070222,73.72
"08009",0.0012911555842479,4.95487234156065,1,1,0.0902773770997658,32.01
"08011",0.00205761316872428,7.89619059370108,1,1,0.0725996659325982,17.37
"08013",0.00443896986701339,17.034762725282,1,1,0.325830756437755,98.5
"08014",0.000370451078666376,1.42162402887684,1,1,0.224362021019852,88.51
"08015",0,0,0,0,0.177371883630024,78.91
"08017",0.00205338809034908,7.87997664997684,1,1,0.0988992953609594,38.82
"08019",0.00889121338912134,34.1204637474677,1,1,0.132543750288969,60.8
"08021",0,0,0,0,0.0870914024504364,29.05
"08023",0,0,0,0,0.0667663835694935,12.82
"08025",0,0,0,0,0.0320880191218138,0.57
"08027",0,0,0,0,0.116407021250608,50.84
"08029",0,0,0,0,0.188224897068713,81.45
"08031",0.000719962161629891,2.76288980596256,1,1,0.357459306535296,99.3
"08033",0.00125470514429109,4.81499200569476,1,1,0.14614973742922,67.96
"08035",4.16386597110277e-05,0.159790381468245,1,0,0.257752604152802,93.06
"08037",2.5197167838335e-05,0.0966953568810624,1,0,0.17959657073265,79.48
"08039",0,0,0,0,0.193952076300164,83.04
"08041",0.000472193604428014,1.81206591907748,1,1,0.257494792852524,93.03
"08043",0,0,0,0,0.151204688829615,69.93
"08045",0.00117092313047881,4.49347445349323,1,1,0.22331928195594,88.39
"08047",0,0,0,0,0.0435237729294185,2.16
"08049",0,0,0,0,0.132553749609474,60.83
"08051",0,0,0,0,0.168800209151017,76.26
"08053",0,0,0,0,0.072089715413149,16.86
"08055",0,0,0,0,0.0756910293431239,19.34
"08057",0.00130039011703511,4.9903103101934,1,1,0.10102917058917,40.53
"08059",5.71214366041306e-05,0.219206290700343,1,0,0.312876689239843,97.87
"08061",0.00139275766016713,5.34477524866117,1,1,0.09231033997963,33.82
"08063",0,0,0,0,0.08620484295667,28.35
"08065",0,0,0,0,0.0910702630426076,32.61
"08067",0.000225116578228011,0.863895816040233,1,0,0.242388558705396,91.44
"08069",0.000305713841820651,1.17319173440414,1,1,0.298656490215863,96.95
"08071",0.00160944206008584,6.17631217039494,1,1,0.112715563607745,48.81
"08073",0.000401606425702811,1.54118418816816,1,1,0.0889553933236718,30.86
"08075",0,0,0,0,0.108716432514415,46.23
"08077",1.32719285439367e-05,0.0509316711818483,1,0,0.276219009062706,95.16
"08079",0,0,0,0,0.0598381296700959,8.46
"08081",0,0,0,0,0.112331513197578,48.43
"08083",0,0,0,0,0.178709667363211,79.29
"08085",0,0,0,0,0.225588983561832,88.83
"08087",0.00107332125846918,4.11892252341984,1,1,0.109771560085313,47.15
"08089",0,0,0,0,0.105431921887688,44.1
"08091",0,0,0,0,0.144861324038347,67.2
"08093",0,0,0,0,0.175892524460255,78.49
"08095",0,0,0,0,0.0563888462370861,6.78
"08097",0,0,0,0,0.139801130109091,64.75
"08099",0,0,0,0,0.0765880564369542,20.36
"08101",0.000776737420384414,2.98076762233091,1,1,0.214370334891589,87.11
"08103",0,0,0,0,0.0634722060815638,10.63
"08105",0,0,0,0,0.0922997491664506,33.79
"08107",0.000424583377560768,1.62935935825867,1,1,0.227149544715658,88.99
"08109",0,0,0,0,0.0727931567599369,17.5
"08111",0.00161550888529887,6.1995939071708,1,1,0.122119465800909,54.92
"08113",0,0,0,0,0.140542265491501,65.22
"08115",0,0,0,0,0.068987303414508,14.86
"08117",0,0,0,0,0.15191720798187,70.22
"08119",0,0,0,0,0.13948021177475,64.65
"08121",0.000652315720808871,2.50329329976433,1,1,0.100863017762143,40.28
"08123",0.000294271749194341,1.12928214753844,1,1,0.261966744492366,93.48
"08125",0,0,0,0,0.0755181255017351,19.15
"09110",4.7337527087585e-05,0.181660062153376,1,0,0.263239733205288,93.6
"09120",4.55989421045432e-05,0.174988157736106,1,0,0.275298660894892,95.1
"09130",0.00289685057278636,11.1168049426779,1,1,0.262620226202991,93.51
"09140",0.000147141513350465,0.564662712759188,1,0,0.285806306398348,96.02
"09150",0,0,0,0,0.210985955672388,86.41
"09160",0,0,0,0,0.235871154856329,90.71
"09170",0.000114515108041823,0.439457295812863,1,0,0.26364144294157,93.7
"09180",0.0100959217513591,38.7435906707622,1,1,0.194483300625619,83.23
"09190",6.18514798702886e-05,0.237358061749316,1,0,0.322535866510707,98.35
"10001",0,0,0,0,0.174792645233939,78.21
"10003",1.21248495760849e-05,0.0465296998619431,1,0,0.231512205819245,89.88
"10005",0,0,0,0,0.216174590675912,87.4
"11001",3.69816102779291e-06,0.014191872780322,1,0,0.13800494226739,63.76
"12001",6.42925568506934e-05,0.246725813367626,1,0,0.170587696093885,76.96
"12003",0,0,0,0,0.0881140973548798,30.32
"12005",0,0,0,0,0.237379965160409,90.96
"12007",0,0,0,0,0.104246767052978,43.3
"12009",2.62462271048537e-05,0.100721172830547,1,0,0.263302922743715,93.64
"12011",0.000450665825695073,1.7294520213254,1,1,0.40799446427411,99.84
"12013",0,0,0,0,0.0757744700840431,19.54
"12015",1.60377207191314e-05,0.0615455331505897,1,0,0.230257586149504,89.69
"12017",0.000579199194157643,2.2227050731904,1,1,0.207686398481024,85.68
"12019",0,0,0,0,0.231619806063557,89.91
"12021",2.05394691574196e-05,0.0788212116959691,1,0,0.265760017239257,93.83
"12023",0,0,0,0,0.163003868772222,74.55
"12027",0,0,0,0,0.115865100023534,50.59
"12029",0,0,0,0,0.0846847215333336,27.36
"12031",6.03783178282872e-05,0.231704730775419,1,0,0.316544511959899,98.09
"12033",0.000792411494627916,3.04091764444768,1,1,0.244157822421116,91.66
"12035",0,0,0,0,0.213209693284939,86.83
"12037",0,0,0,0,0.122135397539702,54.95
"12039",0,0,0,0,0.0897455759614142,31.63
"12041",0,0,0,0,0.0866058847831504,28.67
"12043",0,0,0,0,0.090087113604745,31.85
"12045",0,0,0,0,0.120385034750313,53.83
"12047",0,0,0,0,0.0707060288228795,16.13
"12049",0,0,0,0,0.098919650439487,38.88
"12051",0.000129407958589453,0.496609334006952,1,0,0.129781093542324,59.43
"12053",1.74825174825175e-05,0.0670900109884392,1,0,0.215140661151393,87.24
"12055",0,0,0,0,0.190499456784283,82.18
"12057",0.0001247746329737,0.478828721644645,1,0,0.357247665913052,99.27
"12059",0,0,0,0,0.0986508287885049,38.56
"12061",0.000455927051671732,1.74964223185656,1,1,0.265833530896242,93.86
"12063",0,0,0,0,0.111475829772195,47.95
"12065",0,0,0,0,0.104611055187,43.49
"12067",0,0,0,0,0.0610891234875973,9.35
"12069",0.000284565326463826,1.09203327830093,1,1,0.271620041547521,94.69
"12071",7.17214339505361e-05,0.27523449049371,1,0,0.271156313568753,94.62
"12073",9.47729908125948e-05,0.363695960915386,1,0,0.20750876155081,85.62
"12075",0,0,0,0,0.158074146492004,72.83
"12077",0,0,0,0,0.0424396147368751,1.88
"12079",0,0,0,0,0.0883473213378638,30.48
"12081",0.000353830682706991,1.35784245115713,1,1,0.308010277226179,97.55
"12083",0.000156521350257515,0.600658293017755,1,0,0.267502240680693,94.18
"12085",2.32790930465349e-05,0.0893346515943553,1,0,0.260899862771001,93.41
"12086",0.000428346103651751,1.64379900260868,1,1,0.404396262609031,99.81
"12087",0.00130601133102789,5.0118819922421,1,1,0.194079717217756,83.11
"12089",0,0,0,0,0.209831475879418,86.13
"12091",4.160806863667e-05,0.159672986732798,1,0,0.176835081757853,78.71
"12093",0,0,0,0,0.134161580850215,61.63
"12095",0.00016374730900562,0.628388261101425,1,0,0.294038421961751,96.72
"12097",5.14698313260099e-05,0.197517980616249,1,0,0.232625336117338,90.23
"12099",0.000300791041375045,1.15430024830554,1,1,0.348465409698316,99.14
"12101",1.20047298635662e-05,0.0460687346239065,1,0,0.279251318450874,95.45
"12103",3.46020761245675e-05,0.132787149776426,1,0,0.374335336337203,99.55
"12105",0.000171418971966141,0.657828640774183,1,0,0.270791081819016,94.53
"12107",0.00126607920591512,4.85864052028097,1,1,0.155751474125335,71.78
"12109",5.28317836010144e-05,0.202744538701327,1,0,0.263221213980154,93.57
"12111",0.000142800022848004,0.548002031835655,1,0,0.254791827330559,92.65
"12113",1.95951639135461e-05,0.0751973944024204,1,0,0.228596938389957,89.37
"12115",5.69238359075557e-05,0.218447988418204,1,0,0.293659157380513,96.6
"12117",0.000218787998636782,0.839609584109316,1,0,0.327619040617146,98.54
"12119",0,0,0,0,0.157312552249572,72.35
"12121",0,0,0,0,0.115073469781897,50.05
"12123",0,0,0,0,0.0936496519454063,34.71
"12125",0,0,0,0,0.0527163829179485,5.12
"12127",0.00017950098725543,0.688843767463422,1,0,0.294027211687757,96.69
"12129",0,0,0,0,0.132885146636221,61.02
"12131",0.00015416634548678,0.59162084768962,1,0,0.220096509083575,87.88
"12133",0.000141703273345614,0.54379320228691,1,0,0.0984432428306887,38.37
"13001",0,0,0,0,0.0919174889715534,33.38
"13003",0,0,0,0,0.0732793005362696,17.82
"13005",0,0,0,0,0.083120689021558,25.84
"13007",0,0,0,0,0.0880136969213671,30.19
"13009",0,0,0,0,0.117799297721472,51.92
"13011",0,0,0,0,0.091084579356803,32.64
"13013",3.49454850433324e-05,0.134104998201661,1,0,0.190473021108087,82.09
"13015",0,0,0,0,0.196883644700248,83.84
"13017",0,0,0,0,0.0801883408713973,23.13
"13019",0,0,0,0,0.0872551280784821,29.34
"13021",0,0,0,0,0.206928722988958,85.49
"13023",0,0,0,0,0.0756065273375067,19.28
"13025",0,0,0,0,0.071354843929124,16.54
"13027",0,0,0,0,0.0776597692500414,21.13
"13029",0,0,0,0,0.141607252045067,65.8
"13031",0,0,0,0,0.171155108793025,77.31
"13033",0,0,0,0,0.0849436505699994,27.43
"13035",0,0,0,0,0.0836416069426355,26.19
"13037",0,0,0,0,0.0482904913833176,3.44
"13039",0,0,0,0,0.102431354486689,41.93
"13043",0,0,0,0,0.0908603519010896,32.45
"13045",5.69952124021582e-05,0.218721899187175,1,0,0.156369492729762,72.06
"13047",0,0,0,0,0.160280992716387,73.66
"13049",0,0,0,0,0.075747462319268,19.5
"13051",0,0,0,0,0.225230508162591,88.64
"13053",5.3584824777623e-05,0.205634370835855,1,0,0.0268583754774744,0.19
"13055",0,0,0,0,0.0747226534064007,18.71
"13057",0,0,0,0,0.263397410154411,93.67
"13059",0.0036694187307147,14.0815728175885,1,1,0.173782399938768,77.95
"13061",0,0,0,0,0.059772456480933,8.43
"13063",0,0,0,0,0.166731999934312,75.56
"13065",0,0,0,0,0.0850064652110558,27.49
"13067",5.60600964233658e-05,0.215133346145236,1,0,0.316655742448475,98.12
"13069",0.00348061490863386,13.3570289690993,1,1,0.128175391418539,58.35
"13071",0,0,0,0,0.108404309358089,46.13
"13073",2.18981298997066e-05,0.0840351383641817,1,0,0.199660975603324,84.44
"13075",0,0,0,0,0.0929095983554356,34.27
"13077",0,0,0,0,0.202091719883796,84.73
"13079",0,0,0,0,0.0676732769637189,13.62
"13081",0,0,0,0,0.0972839745425707,37.67
"13083",0,0,0,0,0.0804614633044104,23.35
"13085",0,0,0,0,0.135499051428829,62.49
"13087",0,0,0,0,0.10924619225908,46.71
"13089",8.44991873994812e-06,0.0324269740717515,1,0,0.267550333355372,94.24
"13091",0,0,0,0,0.0835868549801227,26.15
"13093",0,0,0,0,0.0634986572268175,10.66
"13095",0,0,0,0,0.166667350792746,75.5
"13097",1.73154176478737e-05,0.0664487572471728,1,0,0.19639581896711,83.74
"13099",0,0,0,0,0.067948480066012,13.9
"13101",0,0,0,0,0.054614093073423,5.92
"13103",0,0,0,0,0.125608713354525,56.76
"13105",0,0,0,0,0.0991109016063729,39.01
"13107",0,0,0,0,0.0971216714026975,37.58
"13109",0,0,0,0,0.0698859423562816,15.59
"13111",0,0,0,0,0.145030617463418,67.32
"13113",0,0,0,0,0.248975033515743,92.2
"13115",0,0,0,0,0.150751166478208,69.68
"13117",0,0,0,0,0.277081996213147,95.23
"13119",0,0,0,0,0.107768765188768,45.69
"13121",3.40397720696862e-05,0.130629280621795,1,0,0.30865123143472,97.65
"13123",0,0,0,0,0.144846396835896,67.17
"13125",0,0,0,0,0.0646491538775328,11.23
"13127",2.13702611445912e-05,0.0820094163469403,1,0,0.192434092985526,82.76
"13129",0,0,0,0,0.107639322727013,45.5
"13131",0,0,0,0,0.0970803256578862,37.54
"13133",0,0,0,0,0.112748503047073,48.84
"13135",0.00103046464790968,3.95445819634342,1,1,0.41354292352724,99.87
"13137",0,0,0,0,0.122609628666103,55.2
"13139",8.80933084322915e-06,0.0338062354957779,1,0,0.208795832998229,85.97
"13141",0,0,0,0,0.095586286047143,36.43
"13143",0,0,0,0,0.109071430052676,46.39
"13145",0,0,0,0,0.104348433942444,43.37
"13147",0,0,0,0,0.095268481158417,36.08
"13149",0,0,0,0,0.0785337360084116,21.83
"13151",1.11671952472417e-05,0.0428546548056765,1,0,0.16801831888336,76.04
"13153",0,0,0,0,0.115969057515712,50.65
"13155",0,0,0,0,0.0622813400544506,9.77
"13157",0,0,0,0,0.126340885864398,57.14
"13159",0,0,0,0,0.109152859458083,46.55
"13161",0,0,0,0,0.0837857942638785,26.31
"13163",0,0,0,0,0.0845808160210528,27.27
"13165",0,0,0,0,0.064798430400876,11.39
"13167",0,0,0,0,0.0765014099363718,20.27
"13169",0,0,0,0,0.102834331524761,42.38
"13171",0,0,0,0,0.0837882038306985,26.34
"13173",0,0,0,0,0.0686868872366241,14.73
"13175",0,0,0,0,0.1345184847822,61.85
"13177",0,0,0,0,0.122806398753597,55.36
"13179",0,0,0,0,0.0565629734591091,6.9
"13181",0,0,0,0,0.094963625362857,35.83
"13183",0,0,0,0,0.0907295071075455,32.39
"13185",0,0,0,0,0.174349540957811,78.11
"13187",0,0,0,0,0.137462976833157,63.54
"13189",0,0,0,0,0.104070125335875,43.14
"13191",0,0,0,0,0.0954046095277446,36.21
"13193",0,0,0,0,0.0725531106127294,17.31
"13195",0,0,0,0,0.117376806427915,51.57
"13197",0,0,0,0,0.0547057176017893,5.95
"13199",0,0,0,0,0.0937775223116228,34.93
"13201",0,0,0,0,0.0548554958374566,5.98
"13205",0,0,0,0,0.0801917807018883,23.16
"13207",0,0,0,0,0.104231463008421,43.27
"13209",0,0,0,0,0.0749295507212334,18.87
"13211",0,0,0,0,0.117678263746752,51.86
"13213",0,0,0,0,0.0893193483720332,31.21
"13215",0,0,0,0,0.185320055237447,80.81
"13217",0,0,0,0,0.181279839089353,79.76
"13219",0,0,0,0,0.176919874431405,78.75
"13221",0,0,0,0,0.088181292472613,30.38
"13223",0,0,0,0,0.215662688891539,87.37
"13225",0,0,0,0,0.0955130410019,36.37
"13227",0,0,0,0,0.158101329843832,72.86
"13229",0,0,0,0,0.0974018542152836,37.73
"13231",0,0,0,0,0.114248953700959,49.57
"13233",0,0,0,0,0.111734062062978,48.01
"13235",0,0,0,0,0.0674412670399175,13.36
"13237",0,0,0,0,0.117419120995692,51.67
"13239",0,0,0,0,0.0471705756251326,3.15
"13241",0,0,0,0,0.116095646479158,50.68
"13243",0,0,0,0,0.0696675289659822,15.43
"13245",0,0,0,0,0.171476478751363,77.41
"13247",0.00151922693763698,5.83010725096787,1,1,0.215420246790989,87.34
"13249",0,0,0,0,0.0852227756286162,27.65
"13251",0,0,0,0,0.0822009437433892,24.91
"13253",0,0,0,0,0.0580391848979283,7.45
"13255",0,0,0,0,0.138960536866091,64.43
"13257",0,0,0,0,0.110611835856815,47.47
"13259",0,0,0,0,0.029881348182449,0.38
"13261",0,0,0,0,0.117297284709772,51.45
"13263",0,0,0,0,0.0614898325523555,9.55
"13265",0,0,0,0,0.028572818187665,0.29
"13267",0,0,0,0,0.0686112030253331,14.57
"13269",0,0,0,0,0.0794955739301774,22.65
"13271",0,0,0,0,0.0726477745986157,17.4
"13273",0,0,0,0,0.0811252645060124,23.99
"13275",0,0,0,0,0.1689375440524,76.3
"13277",0,0,0,0,0.127619328131201,57.94
"13279",0,0,0,0,0.106018735653751,44.54
"13281",0,0,0,0,0.0952753986779391,36.14
"13283",0,0,0,0,0.0796717053084397,22.81
"13285",0,0,0,0,0.110497995159142,47.41
"13287",0,0,0,0,0.089656572360287,31.53
"13289",0,0,0,0,0.0623479411683359,9.9
"13291",0,0,0,0,0.135488244170257,62.46
"13293",0,0,0,0,0.0970338135916416,37.48
"13295",0,0,0,0,0.103930853883384,43.08
"13297",0,0,0,0,0.189012048278165,81.64
"13299",0,0,0,0,0.11785879618137,51.96
"13301",0,0,0,0,0.10267763430907,42.13
"13303",0,0,0,0,0.0893206526455143,31.24
"13305",0,0,0,0,0.108340784010012,46.04
"13307",0,0,0,0,0.0860991968557521,28.25
"13309",0,0,0,0,0.0892509379864786,31.18
"13311",0,0,0,0,0.147183272662281,68.34
"13313",0,0,0,0,0.152391063701614,70.44
"13315",0,0,0,0,0.0669958036347527,12.98
"13317",0,0,0,0,0.0801227913648209,23.07
"13319",0,0,0,0,0.0557390772018448,6.24
"13321",0,0,0,0,0.103973651197111,43.11
"15001",0,0,0,0,0.214126211962076,87.08
"15003",0,0,0,0,0.242478689129056,91.47
"15007",0,0,0,0,0.181358312927569,79.83
"15009",0,0,0,0,0.228284026246687,89.25
"16001",4.0401654603147e-05,0.155043314213002,1,0,0.363079603275441,99.52
"16003",0,0,0,0,0.104997212175562,43.81
"16005",0,0,0,0,0.22327477393708,88.32
"16007",0,0,0,0,0.108908852457104,46.26
"16009",0,0,0,0,0.0976866120616124,37.93
"16011",0,0,0,0,0.156589574270473,72.13
"16013",0,0,0,0,0.208132299109537,85.81
"16015",0,0,0,0,0.117773154891383,51.89
"16017",0,0,0,0,0.237026029885791,90.87
"16019",0.000759600917364185,2.91500545866768,1,1,0.308285723045169,97.61
"16021",0,0,0,0,0.124191168860101,56.12
"16023",0,0,0,0,0.020822909679594,0.1
"16025",0,0,0,0,0.0940569408692696,35.09
"16027",0,0,0,0,0.267369416518776,94.15
"16029",0,0,0,0,0.0839576807918137,26.63
"16031",0,0,0,0,0.126061888556189,56.92
"16033",0,0,0,0,0.0590905624050478,8.11
"16035",0,0,0,0,0.101997657413866,41.39
"16037",0,0,0,0,0.0947564887490167,35.7
"16039",0,0,0,0,0.0878901289217743,29.91
"16041",0,0,0,0,0.131339453855589,60.1
"16043",0,0,0,0,0.120910680224614,54.25
"16045",0,0,0,0,0.166933670328332,75.66
"16047",0,0,0,0,0.0814075944413706,24.34
"16049",0,0,0,0,0.144375621976079,66.94
"16051",0,0,0,0,0.148384519966437,68.95
"16053",0,0,0,0,0.102409192579914,41.87
"16055",0,0,0,0,0.307861825578425,97.49
"16057",0,0,0,0,0.159937525431789,73.53
"16059",0,0,0,0,0.133217884805992,61.18
"16061",0,0,0,0,0.0731322200086021,17.72
"16063",0,0,0,0,0.0782673343414733,21.57
"16065",0,0,0,0,0.138508689522241,64.05
"16067",0,0,0,0,0.106303399216925,44.73
"16069",0,0,0,0,0.15079779708908,69.71
"16071",0,0,0,0,0.0784388667826519,21.79
"16073",0,0,0,0,0.087159064233985,29.21
"16075",0,0,0,0,0.13550753931544,62.52
"16077",0,0,0,0,0.0504227362522225,4.2
"16079",0,0,0,0,0.115312981419755,50.24
"16081",0,0,0,0,0.172749515888897,77.7
"16083",0,0,0,0,0.231772292957169,90.01
"16085",0,0,0,0,0.150666333832391,69.62
"16087",0,0,0,0,0.11496647073747,49.98
"17001",0,0,0,0,0.182213988579779,80.27
"17003",0,0,0,0,0.0452229696009483,2.55
"17005",0.0177457098283931,68.1000244143962,1,1,0.100857404486616,40.25
"17007",0,0,0,0,0.130406116709781,59.5
"17009",0.000415973377703827,1.59631806511594,1,1,0.0617285830797948,9.64
"17011",0,0,0,0,0.117511062906547,51.77
"17013",0.000983284169124877,3.77340081468901,1,1,0.102232867258377,41.62
"17015",0,0,0,0,0.093129485187905,34.36
"17017",0.000173160173160173,0.66451058502835,1,0,0.0746760042496304,18.68
"17019",0,0,0,0,0.157514844720875,72.54
"17021",0,0,0,0,0.107766002257101,45.66
"17023",0,0,0,0,0.0818281091529128,24.59
"17025",0,0,0,0,0.077724954505523,21.22
"17027",0,0,0,0,0.118949108054749,52.62
"17029",0,0,0,0,0.107848295884239,45.75
"17031",0.000330555980326269,1.26852464895635,1,1,0.421979095497837,99.94
"17033",0,0,0,0,0.094328735186489,35.25
"17035",0,0,0,0,0.0655385258589946,11.9
"17037",0,0,0,0,0.172033412844941,77.6
"17039",0,0,0,0,0.0755575389394639,19.25
"17041",0,0,0,0,0.121469823358312,54.66
"17043",0.001927589674824,7.39721911300625,1,1,0.419924757894399,99.9
"17045",0,0,0,0,0.0539596886380438,5.6
"17047",0,0,0,0,0.0759405266400056,19.66
"17049",0,0,0,0,0.153123215310442,70.73
"17051",0,0,0,0,0.124932500748613,56.47
"17053",0,0,0,0,0.0773591622338838,20.87
"17055",0,0,0,0,0.120562212082004,53.93
"17057",0,0,0,0,0.105631107553783,44.26
"17059",0,0,0,0,0.070333843636376,15.91
"17061",0,0,0,0,0.05864263828436,7.83
"17063",0,0,0,0,0.121950567694468,54.88
"17065",0,0,0,0,0.0769554317802108,20.68
"17067",0,0,0,0,0.0977562803284791,38.02
"17069",0,0,0,0,0.040193367409297,1.43
"17071",0,0,0,0,0.0764670535553102,20.2
"17073",0,0,0,0,0.119591896197941,53.13
"17075",0,0,0,0,0.0966450200369589,37.35
"17077",3.57640999964236e-05,0.137246472892197,1,0,0.118995765157379,52.72
"17079",0,0,0,0,0.0764055457434691,20.11
"17081",0,0,0,0,0.106078876878134,44.58
"17083",0,0,0,0,0.0955000683935798,36.33
"17085",0,0,0,0,0.153478715745353,70.95
"17087",0,0,0,0,0.062426814563727,9.99
"17089",5.15169598124783e-05,0.19769883847486,1,0,0.347940681285525,99.11
"17091",0,0,0,0,0.178164079260455,79.22
"17093",0,0,0,0,0.197937214806299,84.03
"17095",0,0,0,0,0.119989450804393,53.61
"17097",0.000720976654345498,2.766782971092,1,1,0.287045848164808,96.21
"17099",0,0,0,0,0.187895672995481,81.39
"17101",0,0,0,0,0.0598808056565934,8.53
"17103",0,0,0,0,0.120024702225207,53.64
"17105",0,0,0,0,0.104854747551128,43.68
"17107",0,0,0,0,0.0802447543273518,23.23
"17109",0,0,0,0,0.0816743008466156,24.4
"17111",0,0,0,0,0.278264376199056,95.32
"17113",0,0,0,0,0.140267601828875,65.07
"17115",0,0,0,0,0.158857549585972,73.31
"17117",0,0,0,0,0.105311087898038,43.97
"17119",0,0,0,0,0.210864917543403,86.35
"17121",0,0,0,0,0.113979971809261,49.32
"17123",0,0,0,0,0.0644785294426155,11.14
"17125",0,0,0,0,0.0761297852392854,19.76
"17127",0,0,0,0,0.0783209958146707,21.6
"17129",0,0,0,0,0.0908520022405424,32.42
"17131",0,0,0,0,0.0805173426601631,23.45
"17133",0,0,0,0,0.14213029143386,66.05
"17135",0,0,0,0,0.101775365666185,41.17
"17137",0,0,0,0,0.110780836885437,47.53
"17139",0,0,0,0,0.0921713925282253,33.6
"17141",0,0,0,0,0.12881403239197,58.73
"17143",0,0,0,0,0.175693160368698,78.46
"17145",0,0,0,0,0.0814016925874672,24.28
"17147",0,0,0,0,0.0972530426542148,37.64
"17149",0,0,0,0,0.105641645344223,44.29
"17151",0,0,0,0,0.0685375410546973,14.44
"17153",0,0,0,0,0.0408044214652816,1.56
"17155",0,0,0,0,0.0838949761636198,26.47
"17157",0,0,0,0,0.0956596643915063,36.56
"17159",0,0,0,0,0.0983972739331191,38.34
"17161",0,0,0,0,0.175167796076232,78.33
"17163",1.90383718384404e-05,0.0730606777382171,1,0,0.220915080385467,87.94
"17165",0,0,0,0,0.0819229285030657,24.75
"17167",0,0,0,0,0.136141540468256,62.87
"17169",0,0,0,0,0.0651523550172484,11.61
"17171",0,0,0,0,0.0920944655431843,33.5
"17173",0,0,0,0,0.0878345777495675,29.81
"17175",0,0,0,0,0.0562712651397419,6.65
"17177",0,0,0,0,0.126303067639982,57.08
"17179",0,0,0,0,0.171365854185562,77.38
"17181",0,0,0,0,0.0761444746804574,19.79
"17183",0,0,0,0,0.134286795230392,61.72
"17185",0,0,0,0,0.0753288319233222,18.99
"17187",0,0,0,0,0.0664369264958578,12.63
"17189",0,0,0,0,0.0788739069871729,22.14
"17191",0,0,0,0,0.0954500078331428,36.3
"17193",0,0,0,0,0.0700154918332689,15.65
"17195",0,0,0,0,0.15299813674081,70.63
"17197",0.000224532023448052,0.861652558646096,1,0,0.298662004259104,96.98
"17199",0,0,0,0,0.13664678335996,63.12
"17201",0,0,0,0,0.233369188724344,90.39
"17203",0,0,0,0,0.101545288189416,40.98
"18001",0,0,0,0,0.137912994008414,63.73
"18003",0,0,0,0,0.282493961130055,95.86
"18005",0,0,0,0,0.138679366684603,64.21
"18007",0,0,0,0,0.119279950596548,52.91
"18009",0,0,0,0,0.0879356507983632,30
"18011",4.04473476651769e-05,0.155218663560528,1,0,0.153258609566504,70.82
"18013",0,0,0,0,0.133986397336886,61.57
"18015",0,0,0,0,0.0993378807027072,39.07
"18017",0,0,0,0,0.109633368290505,47.03
"18019",0,0,0,0,0.218224366446964,87.59
"18021",0,0,0,0,0.100129526242905,39.71
"18023",0,0,0,0,0.0985185404568555,38.43
"18025",0,0,0,0,0.0744625618352355,18.52
"18027",0,0,0,0,0.124233606792766,56.19
"18029",0,0,0,0,0.149520462798763,69.36
"18031",0,0,0,0,0.113805650215983,49.09
"18033",0,0,0,0,0.132012686977321,60.58
"18035",0,0,0,0,0.188401508894861,81.55
"18037",0,0,0,0,0.125597678070482,56.73
"18039",0,0,0,0,0.233706087210295,90.45
"18041",0,0,0,0,0.101468384864009,40.95
"18043",0,0,0,0,0.169696532695131,76.61
"18045",0,0,0,0,0.0981664314997856,38.21
"18047",0,0,0,0,0.11403866527575,49.38
"18049",0,0,0,0,0.123996783943136,56.06
"18051",0,0,0,0,0.08247390559702,25.14
"18053",0,0,0,0,0.115816949112352,50.56
"18055",0,0,0,0,0.119201666313264,52.85
"18057",5.92771421950865e-05,0.227478915734449,1,0,0.266436564222047,93.89
"18059",0,0,0,0,0.182150557361599,80.24
"18061",0,0,0,0,0.130497572658875,59.59
"18063",0,0,0,0,0.155252514652178,71.65
"18065",0,0,0,0,0.129650936458141,59.31
"18067",0,0,0,0,0.15372106908515,71.01
"18069",0,0,0,0,0.138739782716856,64.24
"18071",0,0,0,0,0.122953187980243,55.52
"18073",0,0,0,0,0.109779645756769,47.18
"18075",0,0,0,0,0.090898991344755,32.48
"18077",0,0,0,0,0.110889105411478,47.6
"18079",0,0,0,0,0.0937495831389271,34.84
"18081",1.36490820992288e-05,0.052379016290708,1,0,0.205915788655123,85.33
"18083",0,0,0,0,0.105534047761022,44.16
"18085",0,0,0,0,0.181819815039675,80.02
"18087",0,0,0,0,0.176982972312593,78.78
"18089",0.000367363086603493,1.40977370917099,1,1,0.272938598620646,94.88
"18091",0,0,0,0,0.209351132200607,86.1
"18093",0,0,0,0,0.130855934114742,59.88
"18095",0,0,0,0,0.192621057616122,82.82
"18097",7.32482676784694e-06,0.0281093789172348,1,0,0.295135414980348,96.75
"18099",0,0,0,0,0.157364972505023,72.45
"18101",0,0,0,0,0.0455814990830133,2.67
"18103",0,0,0,0,0.108931292262838,46.36
"18105",0,0,0,0,0.156181637752184,72
"18107",0,0,0,0,0.114176630746866,49.48
"18109",0,0,0,0,0.166728025163021,75.53
"18111",0,0,0,0,0.0826597159149931,25.36
"18113",0,0,0,0,0.163563154344129,74.77
"18115",0,0,0,0,0.0880082005038706,30.16
"18117",0,0,0,0,0.0828521622775814,25.58
"18119",0,0,0,0,0.0842226557660743,26.76
"18121",0,0,0,0,0.106301992428279,44.7
"18123",0,0,0,0,0.0811187560070369,23.96
"18125",0,0,0,0,0.0748870508970339,18.84
"18127",0,0,0,0,0.232149568524916,90.14
"18129",0,0,0,0,0.10795989080251,45.88
"18131",0,0,0,0,0.0740863498035119,18.2
"18133",0,0,0,0,0.106545394171843,44.93
"18135",0,0,0,0,0.105546641238364,44.19
"18137",0,0,0,0,0.127026486233302,57.65
"18139",0,0,0,0,0.102894885808132,42.41
"18141",0,0,0,0,0.252104566005213,92.46
"18143",0,0,0,0,0.0731279701198771,17.69
"18145",0,0,0,0,0.125518920276001,56.67
"18147",0,0,0,0,0.0949609951963196,35.79
"18149",0,0,0,0,0.0938981821783905,34.97
"18151",0,0,0,0,0.153379234009766,70.89
"18153",0,0,0,0,0.077464877004509,20.94
"18155",0,0,0,0,0.0810977151305116,23.89
"18157",0,0,0,0,0.154122415344022,71.24
"18159",0,0,0,0,0.0927192604774012,34.08
"18161",0,0,0,0,0.145859940359434,67.74
"18163",0,0,0,0,0.2573335116228,92.97
"18165",0,0,0,0,0.0674740899158252,13.43
"18167",0,0,0,0,0.195108879594122,83.46
"18169",0,0,0,0,0.137532928852753,63.6
"18171",0,0,0,0,0.128270579803856,58.38
"18173",0,0,0,0,0.165500881799341,75.21
"18175",0,0,0,0,0.113594712800718,49.06
"18177",0,0,0,0,0.152431237488277,70.47
"18179",0,0,0,0,0.127931808270134,58.32
"18181",0,0,0,0,0.112379995353763,48.46
"18183",0,0,0,0,0.122898825483776,55.46
"19001",0,0,0,0,0.0705813364080343,16.04
"19003",0,0,0,0,0.0671287478497258,13.11
"19005",0,0,0,0,0.10639484192002,44.77
"19007",0,0,0,0,0.109429016190782,46.8
"19009",0,0,0,0,0.0722116005207162,17.05
"19011",0,0,0,0,0.143084788761954,66.37
"19013",0,0,0,0,0.193960313910153,83.07
"19015",0,0,0,0,0.12915910723184,59.05
"19017",0,0,0,0,0.103786151967616,42.98
"19019",0,0,0,0,0.12633612744867,57.11
"19021",0,0,0,0,0.0851865689093064,27.59
"19023",0,0,0,0,0.0937303605424499,34.78
"19025",0,0,0,0,0.0767410739861741,20.49
"19027",0,0,0,0,0.130452347519607,59.53
"19029",0,0,0,0,0.107916153653484,45.85
"19031",0,0,0,0,0.116278606534928,50.78
"19033",0,0,0,0,0.176580175711662,78.65
"19035",0,0,0,0,0.0896497534345236,31.47
"19037",0,0,0,0,0.0890748401074386,30.99
"19039",0,0,0,0,0.060046871935895,8.62
"19041",0,0,0,0,0.154066463832148,71.21
"19043",0,0,0,0,0.109563476737369,46.99
"19045",0,0,0,0,0.145206872212128,67.39
"19047",0,0,0,0,0.0917589986075849,33.12
"19049",0,0,0,0,0.127927441693595,58.29
"19051",0,0,0,0,0.0979694123369276,38.08
"19053",0,0,0,0,0.0904675933852164,32.2
"19055",0,0,0,0,0.116120353809902,50.72
"19057",0,0,0,0,0.160205521376727,73.62
"19059",0,0,0,0,0.129768992788718,59.37
"19061",0,0,0,0,0.230850531485942,89.76
"19063",0,0,0,0,0.0906392697112319,32.26
"19065",0,0,0,0,0.10054498652577,40.09
"19067",0.0525059665871122,201.494200066472,1,1,0.107747436039576,45.59
"19069",0,0,0,0,0.082228380621041,24.94
"19071",0,0,0,0,0.0623212792887231,9.8
"19073",0,0,0,0,0.078229323934667,21.51
"19075",0,0,0,0,0.0741125510947953,18.26
"19077",0,0,0,0,0.104931561869073,43.75
"19079",0,0,0,0,0.0946808374093551,35.57
"19081",0,0,0,0,0.0734627625042139,17.91
"19083",0,0,0,0,0.095866640690035,36.65
"19085",0.0107036669970268,41.0758426047752,1,1,0.0985817386760463,38.53
"19087",0,0,0,0,0.105350916412766,44.03
"19089",0,0,0,0,0.0880694919052171,30.29
"19091",0,0,0,0,0.0957771504200582,36.62
"19093",0,0,0,0,0.0667149269361662,12.79
"19095",0,0,0,0,0.0801419248011906,23.1
"19097",0,0,0,0,0.115429006926441,50.37
"19099",0,0,0,0,0.161961397653969,74.23
"19101",0,0,0,0,0.141599126527349,65.77
"19103",0,0,0,0,0.135344289340828,62.3
"19105",0,0,0,0,0.124243920129647,56.22
"19107",0,0,0,0,0.0757746306382793,19.57
"19109",0,0,0,0,0.111182829677357,47.85
"19111",0,0,0,0,0.117120643780603,51.29
"19113",0.000923889133304003,3.54546947643261,1,1,0.281765729562252,95.8
"19115",0,0,0,0,0.0616385805998407,9.58
"19117",0,0,0,0,0.0826371440357731,25.29
"19119",0,0,0,0,0.0917699395841016,33.18
"19121",0,0,0,0,0.132638716180705,60.9
"19123",0,0,0,0,0.105133499893897,43.88
"19125",0,0,0,0,0.103281669949053,42.63
"19127",0,0,0,0,0.120350838590772,53.8
"19129",0,0,0,0,0.115204317951222,50.17
"19131",0,0,0,0,0.0835821364902634,26.12
"19133",0,0,0,0,0.0755128405980936,19.12
"19135",0.0137349397590361,52.7084992353511,1,1,0.098559376933629,38.5
"19137",0,0,0,0,0.0844350417146134,27.08
"19139",0,0,0,0,0.117189981999536,51.38
"19141",0,0,0,0,0.101834475109016,41.2
"19143",0,0,0,0,0.0662732275627725,12.57
"19145",0,0,0,0,0.0852594645477235,27.71
"19147",0,0,0,0,0.0730083893300282,17.66
"19149",0,0,0,0,0.0997158010919536,39.39
"19151",0,0,0,0,0.0581937782984567,7.57
"19153",2.88931329690872e-06,0.0110878802799708,1,0,0.311576917307783,97.84
"19155",0,0,0,0,0.164112782162262,74.93
"19157",0,0,0,0,0.0734355811010715,17.88
"19159",0,0,0,0,0.076937032083804,20.62
"19161",0,0,0,0,0.0921115752332849,33.57
"19163",0,0,0,0,0.257452019181922,93
"19165",0,0,0,0,0.100374627530693,39.96
"19167",0.000843758024872519,3.23796245116808,1,1,0.135345018891275,62.33
"19169",0,0,0,0,0.127675130664518,58
"19171",0.000315357931251971,1.21020139657481,1,1,0.092462144872276,33.92
"19173",0,0,0,0,0.0524828081821187,4.87
"19175",0,0,0,0,0.0870914207060788,29.08
"19177",0,0,0,0,0.0826718069070636,25.39
"19179",0,0,0,0,0.13102883557365,60.01
"19181",0,0,0,0,0.144901578051959,67.23
"19183",0,0,0,0,0.123616084786649,55.81
"19185",0,0,0,0,0.0644353783833907,11.1
"19187",0.0131939773374036,50.6325296361243,1,1,0.140128704118999,64.94
"19189",0,0,0,0,0.0917131922184001,32.99
"19191",0,0,0,0,0.119800359832526,53.29
"19193",0.000337825824117208,1.29642302802595,1,1,0.210972495682255,86.38
"19195",0,0,0,0,0.0765492186238766,20.33
"19197",0,0,0,0,0.0537512048465271,5.41
"20001",0,0,0,0,0.0812801102841062,24.15
"20003",0,0,0,0,0.0994384411719229,39.2
"20005",0,0,0,0,0.101420813870718,40.88
"20007",0,0,0,0,0.0633725937630347,10.47
"20009",0,0,0,0,0.128495905630789,58.54
"20011",0,0,0,0,0.0988447418231953,38.72
"20013",0,0,0,0,0.0673890683730825,13.33
"20015",0,0,0,0,0.143899090335812,66.69
"20017",0,0,0,0,0.052244857709718,4.74
"20019",0,0,0,0,0.0507276629463833,4.23
"20021",0,0,0,0,0.083960626590145,26.66
"20023",0,0,0,0,0.0471286869364506,3.12
"20025",0,0,0,0,0.0485026986123804,3.69
"20027",0,0,0,0,0.0874812748521187,29.49
"20029",0,0,0,0,0.0953675703765603,36.18
"20031",0,0,0,0,0.0635279785056633,10.72
"20033",0,0,0,0,0.0500540923028836,4.04
"20035",0,0,0,0,0.100921776593091,40.31
"20037",0,0,0,0,0.11579029090444,50.52
"20039",0,0,0,0,0.04762910362614,3.21
"20041",0,0,0,0,0.0950383529841611,35.89
"20043",0,0,0,0,0.0635273440829348,10.69
"20045",0,0,0,0,0.186648628002484,81.07
"20047",0,0,0,0,0.05245317465595,4.84
"20049",0,0,0,0,0.0561036566312194,6.59
"20051",0,0,0,0,0.137099913310392,63.32
"20053",0,0,0,0,0.0593283845001176,8.21
"20055",0,0,0,0,0.134762497794548,61.98
"20057",0,0,0,0,0.110947268322365,47.66
"20059",0,0,0,0,0.099257489651228,39.04
"20061",0,0,0,0,0.0498164517469098,3.95
"20063",0,0,0,0,0.03920638723487,1.37
"20065",0,0,0,0,0.0570790636249889,7.06
"20067",0,0,0,0,0.0756359190082674,19.31
"20069",0,0,0,0,0.0550994998269607,6.11
"20071",0,0,0,0,0.04296254211056,2.1
"20073",0,0,0,0,0.0692966209421595,15.05
"20075",0,0,0,0,0.0346690808621024,0.7
"20077",0,0,0,0,0.0769308766342837,20.59
"20079",0,0,0,0,0.121873636938472,54.82
"20081",0,0,0,0,0.0459395239175095,2.86
"20083",0,0,0,0,0.0372635549804093,1.05
"20085",0,0,0,0,0.0681744453301398,14.19
"20087",0,0,0,0,0.103498055840956,42.83
"20089",0,0,0,0,0.0436997253547417,2.29
"20091",0.000245332011941111,0.941473525961254,1,0,0.33287435250549,98.66
"20093",0,0,0,0,0.0333439490000128,0.6
"20095",0,0,0,0,0.0671067820270866,13.08
"20097",0,0,0,0,0.0410257991711049,1.59
"20099",0,0,0,0,0.0806850123048853,23.54
"20101",0,0,0,0,0.0360685138544273,0.89
"20103",0,0,0,0,0.130619780457308,59.66
"20105",0,0,0,0,0.0576837936835497,7.32
"20107",0,0,0,0,0.0910312582197933,32.58
"20109",0,0,0,0,0.050410060694463,4.17
"20111",0,0,0,0,0.109782508486375,47.22
"20113",0,0,0,0,0.109475077814403,46.87
"20115",0,0,0,0,0.0845319109125084,27.17
"20117",0,0,0,0,0.082134915733942,24.82
"20119",0,0,0,0,0.0528167323909539,5.15
"20121",0,0,0,0,0.140457332100332,65.19
"20123",0,0,0,0,0.0722576149989583,17.12
"20125",0,0,0,0,0.10647885266731,44.89
"20127",0,0,0,0,0.0760540635911721,19.73
"20129",0,0,0,0,0.0419190267745004,1.75
"20131",0,0,0,0,0.0839939663270325,26.69
"20133",0,0,0,0,0.108330126861409,46.01
"20135",0,0,0,0,0.0537378898336328,5.38
"20137",0,0,0,0,0.0629982379031843,10.31
"20139",0,0,0,0,0.0864966659407724,28.57
"20141",0,0,0,0,0.0557843343602359,6.3
"20143",0,0,0,0,0.0593172732745888,8.18
"20145",0,0,0,0,0.0526924556668559,5.09
"20147",0,0,0,0,0.0658649779095283,12.22
"20149",0,0,0,0,0.118663646082748,52.4
"20151",0,0,0,0,0.0690881219992362,14.92
"20153",0,0,0,0,0.0521040853965439,4.65
"20155",3.31840053094408e-05,0.127345234064666,1,0,0.17559503677462,78.36
"20157",0,0,0,0,0.0677204679748585,13.68
"20159",0,0,0,0,0.0586902493713704,7.86
"20161",0.000194779898714453,0.747477333178559,1,0,0.153474403427483,70.92
"20163",0,0,0,0,0.0623255656475288,9.83
"20165",0,0,0,0,0.041075100936714,1.65
"20167",0,0,0,0,0.070156110061005,15.75
"20169",0,0,0,0,0.14701452513717,68.28
"20171",0,0,0,0,0.0628857469958065,10.28
"20173",3.38254942750351e-06,0.0129806979164805,1,0,0.266460778313873,93.92
"20175",0,0,0,0,0.0902559014433701,31.98
"20177",0,0,0,0,0.186426418912465,80.97
"20179",0,0,0,0,0.0572854466101508,7.13
"20181",0,0,0,0,0.0871266754930519,29.14
"20183",0,0,0,0,0.0530137799883498,5.22
"20185",0,0,0,0,0.0507670535532138,4.26
"20187",0,0,0,0,0.0378912935862971,1.24
"20189",0,0,0,0,0.0539426776981431,5.57
"20191",0,0,0,0,0.0876579553331486,29.72
"20193",0,0,0,0,0.0863663281135891,28.41
"20195",0,0,0,0,0.0623432765584541,9.86
"20197",0,0,0,0,0.0680588869466187,13.97
"20199",0,0,0,0,0.0625490547082091,10.09
"20201",0,0,0,0,0.0662522884146878,12.54
"20203",0,0,0,0,0.0602315730287457,8.85
"20205",0,0,0,0,0.0710571017355283,16.29
"20207",0,0,0,0,0.0613046591854459,9.42
"20209",0,0,0,0,0.203962893129168,84.95
"21001",0,0,0,0,0.109088632700129,46.48
"21003",0,0,0,0,0.0924214732295808,33.88
"21005",0,0,0,0,0.133547914032803,61.37
"21007",0,0,0,0,0.0839034657821972,26.5
"21009",0,0,0,0,0.158294105098104,73.05
"21011",0,0,0,0,0.0975176906658539,37.89
"21013",0,0,0,0,0.10221360985967,41.55
"21015",0,0,0,0,0.212680423519276,86.73
"21017",0,0,0,0,0.0930416051133216,34.33
"21019",0,0,0,0,0.160998239939019,73.97
"21021",0,0,0,0,0.135197612440208,62.23
"21023",0,0,0,0,0.0821717529541972,24.88
"21025",0,0,0,0,0.0723508959441114,17.24
"21027",0,0,0,0,0.11893038110849,52.56
"21029",0,0,0,0,0.132133505191508,60.64
"21031",0,0,0,0,0.101205044497262,40.63
"21033",0,0,0,0,0.0845402085943082,27.2
"21035",0,0,0,0,0.121445184041509,54.6
"21037",0,0,0,0,0.213142852401992,86.8
"21039",0,0,0,0,0.0622079825856739,9.74
"21041",0,0,0,0,0.0822556314384503,25.01
"21043",0,0,0,0,0.101987984341729,41.33
"21045",0,0,0,0,0.0970721764062304,37.51
"21047",4.61467466543609e-05,0.177090384334966,1,0,0.0846346628148057,27.33
"21049",0.00290505744090849,11.1482991981846,1,1,0.146898209187165,68.25
"21051",0,0,0,0,0.0965792747686874,37.29
"21053",0,0,0,0,0.0844285795188655,27.04
"21055",0,0,0,0,0.0896246267358932,31.43
"21057",0,0,0,0,0.0738680222848193,18.1
"21059",0,0,0,0,0.187772957671818,81.32
"21061",0,0,0,0,0.0851892874486402,27.62
"21063",0,0,0,0,0.0470890115098694,3.09
"21065",0,0,0,0,0.0875867433943957,29.62
"21067",3.50557386244128e-05,0.134528101680527,1,0,0.279841691893122,95.48
"21069",0,0,0,0,0.109459449210089,46.83
"21071",0,0,0,0,0.112769291099739,48.87
"21073",0,0,0,0,0.13182176454447,60.42
"21075",0,0,0,0,0.0651685042557337,11.64
"21077",0,0,0,0,0.0517388491682824,4.55
"21079",0,0,0,0,0.132210326111705,60.71
"21081",0,0,0,0,0.119598121343075,53.17
"21083",0,0,0,0,0.131955889473857,60.52
"21085",0,0,0,0,0.116498375964037,50.91
"21087",0,0,0,0,0.0902828586366715,32.04
"21089",0,0,0,0,0.130682028333899,59.72
"21091",0,0,0,0,0.0601109098013926,8.81
"21093",0,0,0,0,0.145851267032448,67.71
"21095",0,0,0,0,0.0795639341972515,22.72
"21097",0,0,0,0,0.0977989358716408,38.05
"21099",0,0,0,0,0.0861949767946703,28.32
"21101",0,0,0,0,0.133505462456983,61.31
"21103",0,0,0,0,0.101698706054998,41.11
"21105",0,0,0,0,0.0488811993005367,3.79
"21107",0,0,0,0,0.115141592285801,50.11
"21109",0,0,0,0,0.0999844535453716,39.55
"21111",5.65440289505428e-06,0.0216990460751209,1,0,0.31604645737883,98.03
"21113",4.50531627320238e-05,0.17289370285361,1,0,0.192561794198817,82.79
"21115",0,0,0,0,0.100327828272965,39.9
"21117",4.9027418583843e-05,0.188145102947221,1,0,0.213772797216115,86.92
"21119",0,0,0,0,0.0772099731856932,20.74
"21121",0,0,0,0,0.112392308793493,48.52
"21123",0,0,0,0,0.103228648766425,42.57
"21125",0,0,0,0,0.160604701588603,73.75
"21127",0,0,0,0,0.0657249263646623,12.09
"21129",0,0,0,0,0.0674970638372108,13.49
"21131",0,0,0,0,0.0521186380590356,4.68
"21133",0,0,0,0,0.0694033788865524,15.21
"21135",0,0,0,0,0.0860361891815487,28.19
"21137",0,0,0,0,0.11990260619511,53.52
"21139",0,0,0,0,0.0689708167653972,14.83
"21141",0,0,0,0,0.123632280879205,55.87
"21143",0.000338409475465313,1.29866281845642,1,1,0.095733349599628,36.59
"21145",0,0,0,0,0.183960035843346,80.5
"21147",0,0,0,0,0.074261799217812,18.42
"21149",0,0,0,0,0.0692636328275069,15.02
"21151",0,0,0,0,0.157590234537173,72.61
"21153",0,0,0,0,0.0826440867731992,25.33
"21155",0,0,0,0,0.0734920853474338,17.98
"21157",0.0253239982124237,97.1820746092035,1,1,0.15860154024553,73.24
"21159",0,0,0,0,0.0601054985980356,8.78
"21161",0,0,0,0,0.116698602006177,51
"21163",0,0,0,0,0.118269418693508,52.18
"21165",0,0,0,0,0.0884250136383153,30.51
"21167",0,0,0,0,0.0894581047158336,31.31
"21169",0,0,0,0,0.0871078481362878,29.11
"21171",0,0,0,0,0.0797280137323177,22.84
"21173",0,0,0,0,0.121427824671476,54.57
"21175",0,0,0,0,0.0705855207185398,16.07
"21177",0,0,0,0,0.0980764519657613,38.15
"21179",0,0,0,0,0.121293451579499,54.5
"21181",0,0,0,0,0.0868743994986431,28.83
"21183",0,0,0,0,0.0820352425012351,24.79
"21185",0,0,0,0,0.213948731172688,86.99
"21187",0,0,0,0,0.0840441982349222,26.73
"21189",0,0,0,0,0.0702782334981198,15.88
"21191",0,0,0,0,0.103525018553443,42.86
"21193",0,0,0,0,0.108369328476989,46.1
"21195",0,0,0,0,0.119188527958136,52.82
"21197",0,0,0,0,0.105449902647961,44.13
"21199",3.36123155524184e-05,0.128988895450194,1,0,0.18245211487318,80.4
"21201",0,0,0,0,0.0488619804470931,3.75
"21203",0,0,0,0,0.0779801162419266,21.35
"21205",0,0,0,0,0.0889902110869199,30.93
"21207",0,0,0,0,0.0876317941497158,29.69
"21209",0,0,0,0,0.0951459033961093,35.95
"21211",0,0,0,0,0.169299399237081,76.46
"21213",0.000199084212621939,0.763995347111034,1,0,0.102695510984045,42.19
"21215",0,0,0,0,0.117898442331744,51.99
"21217",0,0,0,0,0.12105841021414,54.34
"21219",0,0,0,0,0.100589912282211,40.15
"21221",0.00126742712294043,4.86381321741283,1,1,0.113916429638674,49.25
"21223",0,0,0,0,0.0716360708059427,16.64
"21225",0,0,0,0,0.073423677543204,17.85
"21227",7.62185439717483e-05,0.292492368888001,1,0,0.222037814893648,88.07
"21229",0,0,0,0,0.0867748321864087,28.76
"21231",0,0,0,0,0.0925614377319075,33.95
"21233",0,0,0,0,0.0827601937504668,25.52
"21235",0,0,0,0,0.114220010777861,49.54
"21237",0,0,0,0,0.0886367281565081,30.64
"21239",8.12942037232745e-05,0.3119704600064,1,0,0.126888426297467,57.56
"22001",0,0,0,0,0.177753658508869,79.06
"22003",0,0,0,0,0.0681389657373285,14.09
"22005",0,0,0,0,0.205891743985179,85.3
"22007",0,0,0,0,0.0955419553074649,36.4
"22009",0,0,0,0,0.118163287407112,52.08
"22011",0.001713469776297,6.57552359007111,1,1,0.139754602061387,64.68
"22013",0,0,0,0,0.0612154582425397,9.39
"22015",0,0,0,0,0.202619408340723,84.82
"22017",0,0,0,0,0.245066739612295,91.79
"22019",0,0,0,0,0.210660006902317,86.32
"22021",0,0,0,0,0.0803819572864532,23.32
"22023",0,0,0,0,0.0716372846675622,16.67
"22025",0,0,0,0,0.118986312832186,52.66
"22027",0,0,0,0,0.0860663324141748,28.22
"22029",0,0,0,0,0.101250318991605,40.66
"22031",0,0,0,0,0.0988569518169141,38.78
"22033",0.000305761131513452,1.1733732108999,1,1,0.25233410329054,92.49
"22035",0,0,0,0,0.0656583390281301,12.03
"22037",0,0,0,0,0.0937417925468908,34.81
"22039",0,0,0,0,0.0961572706041973,36.94
"22041",0,0,0,0,0.0937662148117842,34.9
"22043",0,0,0,0,0.068348659743544,14.29
"22045",0,0,0,0,0.161065556993133,74.04
"22047",0,0,0,0,0.0906471954436079,32.29
"22049",0,0,0,0,0.0757404487875304,19.44
"22051",0,0,0,0,0.337788901855381,98.95
"22053",0,0,0,0,0.128588954232947,58.67
"22055",0.000189353130529601,0.726651846373384,1,0,0.270251379394961,94.46
"22057",0,0,0,0,0.134894168389067,62.11
"22059",0,0,0,0,0.0654966112708131,11.87
"22061",0.00060162902628656,2.30878064471508,1,1,0.168302100787912,76.17
"22063",0,0,0,0,0.192307667982899,82.63
"22065",0,0,0,0,0.0646516031914815,11.26
"22067",0,0,0,0,0.110959634314067,47.73
"22069",0,0,0,0,0.103306576575401,42.67
"22071",0,0,0,0,0.23251811057107,90.2
"22073",0.000984163908025409,3.77677685550022,1,1,0.229890540976145,89.6
"22075",0,0,0,0,0.119397082192027,52.94
"22077",0,0,0,0,0.0990468643413292,38.94
"22079",0,0,0,0,0.171913608643539,77.57
"22081",0,0,0,0,0.0723486926332736,17.21
"22083",0,0,0,0,0.0917488239138619,33.06
"22085",0,0,0,0,0.0948776911619678,35.76
"22087",0,0,0,0,0.152153146068744,70.35
"22089",0,0,0,0,0.153289914454272,70.86
"22091",0,0,0,0,0.0928696520163101,34.23
"22093",0,0,0,0,0.097161244974055,37.61
"22095",0,0,0,0,0.141877037319655,65.89
"22097",0,0,0,0,0.163061618558032,74.58
"22099",0,0,0,0,0.145924554695524,67.8
"22101",0,0,0,0,0.140706628072905,65.32
"22103",8.87335066594497e-06,0.0340519146786403,1,0,0.302552324905873,97.2
"22105",0.000847051891135418,3.25060282312785,1,1,0.210583781737331,86.29
"22107",0,0,0,0,0.0569704324617898,7.03
"22109",0.000224211057341978,0.860420835605924,1,0,0.169683663710199,76.55
"22111",0,0,0,0,0.0980763141412262,38.12
"22113",0,0,0,0,0.147021545583136,68.31
"22115",0,0,0,0,0.0678852821503041,13.87
"22117",0,0,0,0,0.100942638386209,40.41
"22119",0,0,0,0,0.119128548655008,52.75
"22121",0.00309910395472613,11.8929621311582,1,1,0.148181077624842,68.82
"22123",0,0,0,0,0.0787497671364469,22.05
"22125",0,0,0,0,0.0567589116697269,6.97
"22127",0,0,0,0,0.0680075721086558,13.94
"23001",0.000674382575412376,2.58797592738417,1,1,0.242540752188492,91.5
"23003",0,0,0,0,0.139246268722807,64.56
"23005",0.000401395194330639,1.54037357750558,1,1,0.317298456522078,98.15
"23007",0,0,0,0,0.145914393308596,67.77
"23009",0,0,0,0,0.177916876829635,79.13
"23011",1.41364735153169e-05,0.0542494045510782,1,0,0.186500758206914,81.01
"23013",0,0,0,0,0.211157910883658,86.45
"23015",6.81477443096634e-05,0.261520282713556,1,0,0.192392729772533,82.69
"23017",0.000441696113074205,1.6950303129588,1,1,0.158233409768018,73.02
"23019",0,0,0,0,0.231803636796524,90.04
"23021",0,0,0,0,0.124910378104638,56.44
"23023",5.09113124936361e-05,0.19537463743706,1,0,0.138609004510131,64.17
"23025",0.000536711034778875,2.05965469543727,1,1,0.172775401027457,77.73
"23027",0,0,0,0,0.180235764764533,79.61
"23029",0,0,0,0,0.135622339660656,62.55
"23031",0.000343638921403335,1.3187310715439,1,1,0.263855241972383,93.76
"24001",0,0,0,0,0.159595722947954,73.46
"24003",5.32836766858675e-05,0.204478700389351,1,0,0.211760405335123,86.57
"24005",4.30297742132125e-05,0.165128851018245,1,0,0.281497720624185,95.74
"24009",0,0,0,0,0.211439578445323,86.54
"24011",0,0,0,0,0.131209310478391,60.07
"24013",0.000282561494304155,1.08434347494476,1,1,0.222635174212138,88.16
"24015",0,0,0,0,0.155136875460075,71.59
"24017",0,0,0,0,0.189325665859418,81.77
"24019",0.00626825272455303,24.0547246464426,1,1,0.154403733123419,71.3
"24021",0.000551299201426892,2.11563749435026,1,1,0.271698237979642,94.72
"24023",0,0,0,0,0.177790626261588,79.1
"24025",0,0,0,0,0.232507952196471,90.17
"24027",5.20183104452767e-06,0.0199622795908173,1,0,0.287010147592685,96.18
"24029",0,0,0,0,0.146021098384322,67.93
"24031",0.00611756179204399,23.4764408650593,1,1,0.244913357010696,91.76
"24033",2.60157186972369e-06,0.00998365856070305,1,0,0.232646220958435,90.26
"24035",0,0,0,0,0.205942545642925,85.36
"24037",3.58647897426701e-05,0.137632874689813,1,0,0.0974942963021312,37.83
"24039",0,0,0,0,0.0916401163520611,32.93
"24041",0,0,0,0,0.210285715728734,86.22
"24043",0,0,0,0,0.247566171560907,92.05
"24045",0,0,0,0,0.198613766048295,84.16
"24047",0,0,0,0,0.166895461267661,75.63
"24510",2.31704962347944e-05,0.0889179060483967,1,0,0.188096319091008,81.42
"25001",8.93343696120208e-06,0.0342824987585982,1,0,0.23045198276741,89.72
"25003",0,0,0,0,0.222037822631299,88.1
"25005",0,0,0,0,0.297778142905456,96.88
"25007",0,0,0,0,0.179837352162846,79.57
"25009",0.000444956432486733,1.70754194724895,1,1,0.333665858273135,98.73
"25011",0,0,0,0,0.204267808942703,85.05
"25013",4.47215191005608e-06,0.0171621004290525,1,0,0.244598926055315,91.73
"25015",0,0,0,0,0.193122596516383,82.88
"25017",7.34841508047469e-05,0.281999002140089,1,0,0.268022063460555,94.34
"25019",0,0,0,0,0.160882811564889,73.85
"25021",1.294458165701e-05,0.0496754615848663,1,0,0.353309756225553,99.2
"25023",0.000327170114827622,1.2555312254556,1,1,0.336936058225668,98.89
"25025",8.82463630818745e-05,0.338649709618377,1,0,0.200315084921333,84.57
"25027",6.03565563566771e-05,0.231621220069886,1,0,0.297309055405888,96.85
"26001",0,0,0,0,0.116870667226788,51.1
"26003",0,0,0,0,0.094733577557624,35.63
"26005",2.13360643495701e-05,0.0818781844831066,1,0,0.22329973408993,88.36
"26007",0,0,0,0,0.158977501759086,73.34
"26009",0.000161368404066484,0.619259097714817,1,0,0.136093600052271,62.84
"26011",0,0,0,0,0.0961483411892917,36.91
"26013",0,0,0,0,0.0632861409983044,10.37
"26015",0,0,0,0,0.152906503282773,70.6
"26017",0,0,0,0,0.196441706551536,83.77
"26019",0,0,0,0,0.129099996054391,58.99
"26021",1.47568803954844e-05,0.0566302461232011,1,0,0.213818061975099,86.96
"26023",0,0,0,0,0.134702318626874,61.95
"26025",0,0,0,0,0.167830890278542,75.95
"26027",0,0,0,0,0.144540142995818,67.04
"26029",0,0,0,0,0.156276788176565,72.03
"26031",0,0,0,0,0.163557913345846,74.71
"26033",0,0,0,0,0.121619515625191,54.69
"26035",0,0,0,0,0.133455465637001,61.28
"26037",0,0,0,0,0.186968804986572,81.13
"26039",0,0,0,0,0.0870237489359874,28.99
"26041",0,0,0,0,0.170922427592772,77.12
"26043",0,0,0,0,0.141514815072486,65.7
"26045",0,0,0,0,0.162883547595209,74.51
"26047",0,0,0,0,0.169394021476285,76.49
"26049",0,0,0,0,0.232093475552457,90.07
"26051",0,0,0,0,0.117189455861933,51.35
"26053",0.000721761097076868,2.76979330821994,1,1,0.125381795258097,56.6
"26055",0,0,0,0,0.267114075839819,94.11
"26057",0,0,0,0,0.124779072558154,56.38
"26059",0,0,0,0,0.123554621596381,55.74
"26061",0,0,0,0,0.137246175797299,63.44
"26063",0,0,0,0,0.126868413481431,57.52
"26065",5.88429129595631e-06,0.0225812539927195,1,0,0.177658231250791,79.03
"26067",0,0,0,0,0.112045522261992,48.14
"26069",0,0,0,0,0.109546458778517,46.96
"26071",0,0,0,0,0.103630518499231,42.95
"26073",0,0,0,0,0.13598627158384,62.77
"26075",0.000227909096828808,0.87461224196689,1,0,0.187595289717031,81.26
"26077",0,0,0,0,0.257228302108963,92.94
"26079",0,0,0,0,0.102773649669726,42.35
"26081",8.77783946648292e-06,0.0336853858061346,1,0,0.310271220834524,97.74
"26083",0,0,0,0,0.060405218301813,8.97
"26085",0,0,0,0,0.0913283415240401,32.8
"26087",0.000118193995745016,0.453575206272798,1,0,0.199445100748361,84.28
"26089",0,0,0,0,0.15518159015614,71.62
"26091",6.78264998134771e-05,0.260287491337791,1,0,0.182609206313386,80.43
"26093",0.000328497125650151,1.26062369401765,1,1,0.28428565726559,95.96
"26095",0,0,0,0,0.105793647464521,44.38
"26097",0,0,0,0,0.0984791883200137,38.4
"26099",2.14135054979175e-05,0.0821753686557398,1,0,0.271215383938399,94.65
"26101",0,0,0,0,0.11348037530702,49.03
"26103",0,0,0,0,0.164114818415209,74.96
"26105",0,0,0,0,0.135836712932322,62.71
"26107",0,0,0,0,0.119561875524121,53.07
"26109",0,0,0,0,0.102629010530339,42.09
"26111",9.369875849145e-05,0.359573542144645,1,0,0.14215745166944,66.08
"26113",0,0,0,0,0.107221196217858,45.24
"26115",0,0,0,0,0.1904019156085,82.06
"26117",0.000525044628793447,2.01488429514792,1,1,0.146414065152588,68.12
"26119",0,0,0,0,0.0700485751425038,15.69
"26121",0,0,0,0,0.200778604323785,84.63
"26123",0,0,0,0,0.144277714711683,66.88
"26125",0.000152416371042414,0.584905235660664,1,0,0.36261030923894,99.49
"26127",0,0,0,0,0.112060978322103,48.17
"26129",0,0,0,0,0.137285962920365,63.47
"26131",0,0,0,0,0.0782489051801259,21.54
"26133",0,0,0,0,0.101682545342762,41.08
"26135",0,0,0,0,0.106897416679275,45.05
"26137",0,0,0,0,0.123582137824067,55.77
"26139",0.00032644844494923,1.25276178220352,1,1,0.274052739943935,94.94
"26141",0,0,0,0,0.0959159268062128,36.72
"26143",0,0,0,0,0.119868014453486,53.48
"26145",0.000150876826480044,0.578997158536766,1,0,0.212163079177284,86.67
"26147",0,0,0,0,0.233317812593785,90.36
"26149",0,0,0,0,0.151597849363476,70.16
"26151",0,0,0,0,0.160372911255653,73.69
"26153",0,0,0,0,0.103539184618938,42.89
"26155",0,0,0,0,0.159669214449819,73.5
"26157",0,0,0,0,0.142929536410048,66.34
"26159",0,0,0,0,0.151008054455758,69.87
"26161",0.00194544544133702,7.4657414852998,1,1,0.199499308131152,84.38
"26163",0.000183451661735103,0.704004672894695,1,0,0.280449134184782,95.64
"26165",0,0,0,0,0.145384101727077,67.45
"27001",0,0,0,0,0.120619286360224,53.99
"27003",7.36032117765139e-05,0.282455904409006,1,0,0.2741250475877,94.97
"27005",0,0,0,0,0.15861577360534,73.27
"27007",0,0,0,0,0.165709587511026,75.28
"27009",0,0,0,0,0.14207417292152,66.02
"27011",0,0,0,0,0.101303412106674,40.73
"27013",0,0,0,0,0.196169958441695,83.71
"27015",0,0,0,0,0.112140315436845,48.23
"27017",0,0,0,0,0.104256110322994,43.33
"27019",0.0122433115242599,46.9843033486959,1,1,0.23214638615785,90.1
"27021",0,0,0,0,0.120830759664024,54.15
"27023",0,0,0,0,0.0909230977969031,32.52
"27025",0,0,0,0,0.167672838937562,75.88
"27027",0,0,0,0,0.157066410012092,72.29
"27029",0,0,0,0,0.0830113129697301,25.74
"27031",0,0,0,0,0.113876794966189,49.22
"27033",0,0,0,0,0.0711121091635866,16.35
"27035",0,0,0,0,0.213695273495585,86.86
"27037",0,0,0,0,0.315606611947732,98
"27039",0,0,0,0,0.101992760486269,41.36
"27041",0,0,0,0,0.18950325862043,81.8
"27043",0,0,0,0,0.0846011086009687,27.3
"27045",0,0,0,0,0.14076670131492,65.38
"27047",0,0,0,0,0.124862904905908,56.41
"27049",0,0,0,0,0.15846340147809,73.18
"27051",0,0,0,0,0.083825212807599,26.38
"27053",1.79901054420069e-05,0.0690379044662406,1,0,0.335171113029971,98.82
"27055",0,0,0,0,0.119187096941738,52.78
"27057",0,0,0,0,0.138210102525555,63.82
"27059",0,0,0,0,0.149436707308797,69.3
"27061",0,0,0,0,0.154562831403789,71.33
"27063",0,0,0,0,0.0624940347753934,10.02
"27065",0,0,0,0,0.0920596490466101,33.47
"27067",0,0,0,0,0.14072459536819,65.35
"27069",0,0,0,0,0.0898263123758487,31.75
"27071",0,0,0,0,0.0922954653045269,33.76
"27073",0,0,0,0,0.0962193775003439,36.97
"27075",0,0,0,0,0.102610155039941,42.06
"27077",0,0,0,0,0.0839532978759492,26.6
"27079",0.000502714659159461,1.9291919508037,1,1,0.15019062867528,69.46
"27081",0,0,0,0,0.0849957254149923,27.46
"27083",0,0,0,0,0.105693260805647,44.32
"27085",0,0,0,0,0.14521853508502,67.42
"27087",0,0,0,0,0.0557594232461704,6.27
"27089",0,0,0,0,0.0693376469721783,15.08
"27091",0,0,0,0,0.104476098652732,43.43
"27093",0,0,0,0,0.119415600172101,52.97
"27095",0,0,0,0,0.121907648265429,54.85
"27097",0,0,0,0,0.156103938233328,71.94
"27099",0,0,0,0,0.111376269317359,47.92
"27101",0,0,0,0,0.0878761075909808,29.88
"27103",0,0,0,0,0.115113364621241,50.08
"27105",0,0,0,0,0.0805904451320468,23.48
"27107",0,0,0,0,0.0677117567058328,13.65
"27109",0,0,0,0,0.127642172916461,57.97
"27111",0,0,0,0,0.170512309387427,76.93
"27113",0,0,0,0,0.0776321047719793,21.09
"27115",0,0,0,0,0.13149373644267,60.2
"27117",0,0,0,0,0.0858184485421123,28.03
"27119",0,0,0,0,0.106956887951895,45.08
"27121",0,0,0,0,0.101859857721421,41.27
"27123",5.58197691294349e-06,0.0214211078468011,1,0,0.259883963116179,93.32
"27125",0,0,0,0,0.0680922342408972,14.03
"27127",0,0,0,0,0.112226638560949,48.33
"27129",0,0,0,0,0.0759221056566391,19.63
"27131",0,0,0,0,0.13822037819209,63.86
"27133",0,0,0,0,0.0891965266569146,31.12
"27135",0,0,0,0,0.0670899248856166,13.04
"27137",0,0,0,0,0.204048097405594,84.98
"27139",0,0,0,0,0.194480944681042,83.2
"27141",0,0,0,0,0.198265761560437,84.06
"27143",0,0,0,0,0.0983765040188568,38.31
"27145",3.10942050766472e-05,0.119325524047389,1,0,0.236724184627871,90.84
"27147",0,0,0,0,0.1344772140068,61.82
"27149",0,0,0,0,0.0628083665725277,10.18
"27151",0,0,0,0,0.0818902887135641,24.63
"27153",0,0,0,0,0.107081371707044,45.18
"27155",0,0,0,0,0.109161074014268,46.58
"27157",0,0,0,0,0.111861027350051,48.08
"27159",0,0,0,0,0.102359259842597,41.78
"27161",0.00246419220699215,9.45645742439851,1,1,0.127593728032787,57.91
"27163",0,0,0,0,0.22316276666965,88.29
"27165",0,0,0,0,0.111066560402602,47.76
"27167",0,0,0,0,0.0819080926344016,24.69
"27169",0,0,0,0,0.158589474925982,73.21
"27171",0,0,0,0,0.215119692612248,87.21
"27173",0,0,0,0,0.0886632855423126,30.7
"28001",0,0,0,0,0.138253143555044,63.95
"28003",0,0,0,0,0.133081890318112,61.12
"28005",0,0,0,0,0.0673878342535007,13.3
"28007",0,0,0,0,0.102767908017005,42.32
"28009",0,0,0,0,0.0785586877767286,21.86
"28011",0,0,0,0,0.112457869535008,48.58
"28013",0,0,0,0,0.0793086397193953,22.46
"28015",0,0,0,0,0.094838072737288,35.73
"28017",0,0,0,0,0.0933690040453181,34.49
"28019",0,0,0,0,0.0600482969641336,8.69
"28021",0,0,0,0,0.0510053414009566,4.3
"28023",0,0,0,0,0.0691047827138501,14.95
"28025",0,0,0,0,0.0962303490400438,37
"28027",0,0,0,0,0.105135701348606,43.91
"28029",0,0,0,0,0.0879984291137045,30.13
"28031",0,0,0,0,0.083262707171814,25.96
"28033",0,0,0,0,0.17563060429805,78.43
"28035",0,0,0,0,0.157049863626613,72.26
"28037",0,0,0,0,0.0645461089585697,11.17
"28039",0,0,0,0,0.104894192087094,43.72
"28041",0,0,0,0,0.0673857612861521,13.27
"28043",0,0,0,0,0.112913991601467,48.9
"28045",0,0,0,0,0.118989265356299,52.69
"28047",0,0,0,0,0.182623623594937,80.46
"28049",0,0,0,0,0.19048502594986,82.12
"28051",0,0,0,0,0.0939631486483088,35.03
"28053",0,0,0,0,0.0660779880644901,12.34
"28055",0,0,0,0,0.0510440643093494,4.36
"28057",0,0,0,0,0.0995466958208766,39.29
"28059",0,0,0,0,0.119430826586195,53.01
"28061",0,0,0,0,0.0647297591826075,11.33
"28063",0,0,0,0,0.062538300759788,10.05
"28065",0,0,0,0,0.0654524542910184,11.84
"28067",0,0,0,0,0.117438565774357,51.7
"28069",0,0,0,0,0.0699132369752414,15.62
"28071",0,0,0,0,0.144904402899861,67.26
"28073",0,0,0,0,0.163853739620192,74.9
"28075",0,0,0,0,0.170995611671648,77.22
"28077",0,0,0,0,0.0740812969805184,18.17
"28079",0,0,0,0,0.0644292859901839,11.07
"28081",0,0,0,0,0.181295405160302,79.8
"28083",0,0,0,0,0.10782316864328,45.72
"28085",0,0,0,0,0.118700407688914,52.43
"28087",0,0,0,0,0.163106133152034,74.64
"28089",0,0,0,0,0.196911918161962,83.87
"28091",0,0,0,0,0.0999022695331275,39.48
"28093",0,0,0,0,0.105805014774647,44.42
"28095",0,0,0,0,0.112596353397455,48.68
"28097",0,0,0,0,0.0735367753680503,18.01
"28099",0,0,0,0,0.077314067279165,20.81
"28101",0,0,0,0,0.0741181794037721,18.33
"28103",0,0,0,0,0.0821509731138754,24.85
"28105",0,0,0,0,0.0939757681731593,35.06
"28107",0,0,0,0,0.114586805850918,49.79
"28109",0,0,0,0,0.145475501448941,67.55
"28111",0,0,0,0,0.0762081577245882,19.85
"28113",0,0,0,0,0.11469805766542,49.86
"28115",0,0,0,0,0.0897764256105909,31.69
"28117",0,0,0,0,0.105049125531783,43.84
"28119",0,0,0,0,0.0628314432226335,10.24
"28121",0,0,0,0,0.225585346350834,88.8
"28123",0,0,0,0,0.0560680753827596,6.55
"28125",0,0,0,0,0.0585186811549896,7.73
"28127",0,0,0,0,0.0872539192377355,29.3
"28129",0,0,0,0,0.0688786439455251,14.79
"28131",0,0,0,0,0.0916408433419627,32.96
"28133",0,0,0,0,0.0676240695834008,13.59
"28135",0,0,0,0,0.0526224091719334,5
"28137",0,0,0,0,0.0962818642882585,37.03
"28139",0,0,0,0,0.0814058373304008,24.31
"28141",0,0,0,0,0.101139976948177,40.57
"28143",0,0,0,0,0.0482226579736949,3.4
"28145",0,0,0,0,0.0931812030739848,34.43
"28147",0,0,0,0,0.0980809236715168,38.18
"28149",0,0,0,0,0.112300077161429,48.39
"28151",0,0,0,0,0.140887450359604,65.42
"28153",0,0,0,0,0.0954351944634102,36.27
"28155",0,0,0,0,0.0874813340465043,29.53
"28157",0,0,0,0,0.0633642396112098,10.44
"28159",0,0,0,0,0.0911340436587455,32.68
"28161",0,0,0,0,0.0685965992097115,14.54
"28163",0,0,0,0,0.0770006128096337,20.71
"29001",0.000461297167635391,1.77025031300799,1,1,0.12396470750231,56.03
"29003",0,0,0,0,0.123928027152611,56
"29005",0,0,0,0,0.059047604056647,8.08
"29007",0.000106689427077777,0.409425864561904,1,0,0.123294212330056,55.68
"29009",0,0,0,0,0.114516061152176,49.73
"29011",0,0,0,0,0.0880662576059957,30.26
"29013",0.00043859649122807,1.68313536339418,1,1,0.126425853355848,57.21
"29015",0,0,0,0,0.111231554796103,47.88
"29017",0,0,0,0,0.0928443055187778,34.2
"29019",9.09719442523926e-06,0.034910925990127,1,0,0.186895364141093,81.1
"29021",0,0,0,0,0.181966814347021,80.18
"29023",0,0,0,0,0.145958485147267,67.87
"29025",0,0,0,0,0.0865689908181988,28.64
"29027",0,0,0,0,0.128573246930472,58.61
"29029",0,0,0,0,0.177593192598585,78.97
"29031",0,0,0,0,0.208435572595486,85.84
"29033",0,0,0,0,0.0678315667574861,13.78
"29035",0,0,0,0,0.0783894362134415,21.67
"29037",0,0,0,0,0.167613787420361,75.85
"29039",0,0,0,0,0.102422153138703,41.9
"29041",0,0,0,0,0.0852434403410766,27.68
"29043",0,0,0,0,0.220048112572637,87.81
"29045",0,0,0,0,0.0680825356135398,14
"29047",0.00117393697982448,4.50504024691631,1,1,0.252462378179839,92.52
"29049",0,0,0,0,0.103825069381607,43.05
"29051",0,0,0,0,0.1390775571077,64.49
"29053",0,0,0,0,0.108930815298997,46.33
"29055",0,0,0,0,0.114394811475735,49.67
"29057",0,0,0,0,0.065989886433816,12.28
"29059",0.000834260289210234,3.20151442870305,1,1,0.122608429505836,55.17
"29061",0,0,0,0,0.0946694201066344,35.54
"29063",0,0,0,0,0.0790169807260497,22.24
"29065",0,0,0,0,0.0867310944296914,28.73
"29067",0.00919963201471941,35.3040352211474,1,1,0.112495790380935,48.62
"29069",0.00313718034033653,12.0390821125371,1,1,0.102234371222884,41.65
"29071",0.000113094026373527,0.43400382580565,1,0,0.227617710631628,89.09
"29073",0,0,0,0,0.109076512319095,46.42
"29075",0,0,0,0,0.0702124736183552,15.81
"29077",0.00082791610450141,3.17716831137451,1,1,0.267042087487598,94.08
"29079",0,0,0,0,0.0819122334701923,24.72
"29081",0,0,0,0,0.0755457320302195,19.22
"29083",0,0,0,0,0.112246975111531,48.36
"29085",0,0,0,0,0.0854158395580211,27.78
"29087",0,0,0,0,0.058224051849844,7.64
"29089",0,0,0,0,0.0795968388361296,22.75
"29091",0,0,0,0,0.166784481912314,75.6
"29093",0,0,0,0,0.0851692343154706,27.55
"29095",0.000246027727085981,0.944143366661304,1,0,0.291917302059967,96.4
"29097",6.14741501198746e-05,0.235910040483108,1,0,0.246937584233651,91.98
"29099",0,0,0,0,0.230999713875508,89.82
"29101",0,0,0,0,0.0912931925058488,32.77
"29103",0,0,0,0,0.0777725430876234,21.25
"29105",0,0,0,0,0.123652939674615,55.9
"29107",0,0,0,0,0.132698272551053,60.96
"29109",0,0,0,0,0.141156374141043,65.51
"29111",0,0,0,0,0.0781683565969825,21.44
"29113",0,0,0,0,0.151248848272427,69.97
"29115",0,0,0,0,0.0800797766615701,23.04
"29117",0,0,0,0,0.119754908036431,53.26
"29119",0,0,0,0,0.0916191331674485,32.9
"29121",0,0,0,0,0.100466006455867,40.03
"29123",0,0,0,0,0.0881539515898821,30.35
"29125",0,0,0,0,0.0960017625521597,36.84
"29127",0,0,0,0,0.127817022583399,58.22
"29129",0,0,0,0,0.0613161422341069,9.48
"29131",0,0,0,0,0.121458050939646,54.63
"29133",0,0,0,0,0.0694978362277102,15.34
"29135",0,0,0,0,0.108226533917414,45.91
"29137",0,0,0,0,0.085394000280444,27.74
"29139",0,0,0,0,0.0878059500139274,29.78
"29141",0,0,0,0,0.144193076201458,66.82
"29143",0,0,0,0,0.0721856931466714,16.99
"29145",0,0,0,0,0.130812097418183,59.82
"29147",0,0,0,0,0.0904417621690948,32.1
"29149",0,0,0,0,0.0777108527598787,21.19
"29151",0,0,0,0,0.0776841238336792,21.16
"29153",0,0,0,0,0.103545842050814,42.92
"29155",0,0,0,0,0.0689885099997145,14.89
"29157",0,0,0,0,0.104744451008334,43.62
"29159",0,0,0,0,0.141882215105292,65.92
"29161",0,0,0,0,0.13881643540885,64.33
"29163",0.000157257430413587,0.603483036411185,1,0,0.0916181985949778,32.87
"29165",7.42349163929254e-05,0.284880101593358,1,0,0.238416201542288,91.06
"29167",0,0,0,0,0.138796842348148,64.27
"29169",0,0,0,0,0.0656146662686616,11.96
"29171",0,0,0,0,0.0595333927072914,8.3
"29173",0,0,0,0,0.0854626696308692,27.81
"29175",0,0,0,0,0.107707265291027,45.56
"29177",0,0,0,0,0.0917571640112879,33.09
"29179",0,0,0,0,0.0706074190272323,16.1
"29181",0,0,0,0,0.0873407914840599,29.4
"29183",1.10441711625647e-05,0.042382543898247,1,0,0.257861828951122,93.1
"29185",0,0,0,0,0.090249792979199,31.94
"29186",0,0,0,0,0.101382153685895,40.79
"29187",0,0,0,0,0.150269617147177,69.49
"29189",0.000144077959273964,0.552906175014457,1,0,0.322635220026157,98.38
"29195",0,0,0,0,0.0845210296823434,27.14
"29197",0,0,0,0,0.0712705804991286,16.48
"29199",0,0,0,0,0.0889137104987274,30.83
"29201",0,0,0,0,0.146208719834435,68.02
"29203",0,0,0,0,0.0788240919385623,22.11
"29205",0,0,0,0,0.063459916128485,10.59
"29207",0,0,0,0,0.102381927607958,41.81
"29209",0.00011101243339254,0.426015611516288,1,0,0.155989722636031,71.91
"29211",0,0,0,0,0.0481672423038976,3.34
"29213",0.00428521914484671,16.4447368522944,1,1,0.173233678747387,77.79
"29215",0,0,0,0,0.107019025687841,45.12
"29217",0,0,0,0,0.114318115038366,49.63
"29219",0,0,0,0,0.140410719435645,65.16
"29221",0,0,0,0,0.114090001511663,49.44
"29223",0,0,0,0,0.0754163276721926,19.09
"29225",0,0,0,0,0.135705556873913,62.62
"29227",0,0,0,0,0.0670885077075134,13.01
"29229",0,0,0,0,0.119863001308836,53.45
"29510",0.00181231545071497,6.95484867237078,1,1,0.250374310088383,92.33
"30001",0,0,0,0,0.118768829662654,52.47
"30003",0,0,0,0,0.0635906017897323,10.75
"30005",0,0,0,0,0.0744360654792676,18.49
"30007",0,0,0,0,0.111997845110525,48.11
"30009",0,0,0,0,0.157343334864216,72.38
"30011",0,0,0,0,0.0524095362911012,4.8
"30013",0,0,0,0,0.203199886750654,84.89
"30015",0,0,0,0,0.0709874640276817,16.23
"30017",0,0,0,0,0.11820745983972,52.12
"30019",0,0,0,0,0.0560384235517829,6.52
"30021",0,0,0,0,0.113873503505708,49.19
"30023",0,0,0,0,0.103073491773647,42.51
"30025",0,0,0,0,0.0816757096910626,24.44
"30027",0,0,0,0,0.130802691475539,59.78
"30029",0.00128126195983161,4.91690507675061,1,1,0.307886906841353,97.52
"30031",0,0,0,0,0.321437340964132,98.31
"30033",0,0,0,0,0.0541521453763814,5.66
"30035",0,0,0,0,0.0724084645595359,17.28
"30037",0,0,0,0,0.0641293814382774,10.91
"30039",0,0,0,0,0.0987946148530385,38.69
"30041",0,0,0,0,0.115439751118907,50.4
"30043",0,0,0,0,0.144224519776813,66.85
"30045",0,0,0,0,0.0599989987788925,8.56
"30047",0.00327815112276676,12.5800643453163,1,1,0.170852587581271,77.03
"30049",0,0,0,0,0.218626090930688,87.62
"30051",0,0,0,0,0.0557957334536568,6.33
"30053",0,0,0,0,0.177375763299717,78.94
"30055",0,0,0,0,0.0644020301110844,11.04
"30057",0,0,0,0,0.134906142660208,62.17
"30059",0,0,0,0,0.0734896494539772,17.94
"30061",0,0,0,0,0.084580804966169,27.24
"30063",0.000253100480890914,0.971285403325417,1,0,0.303563717045256,97.36
"30065",0,0,0,0,0.0869181217634484,28.89
"30067",0,0,0,0,0.180538977835161,79.64
"30069",0,0,0,0,0.0440319707539373,2.39
"30071",0,0,0,0,0.0898082016163224,31.72
"30073",0,0,0,0,0.0918825083966186,33.28
"30075",0,0,0,0,0.0647735813142751,11.36
"30077",0,0,0,0,0.0859475013569001,28.13
"30079",0,0,0,0,0.0544648240241112,5.85
"30081",0.000729190038142248,2.79830223081688,1,1,0.254977366660745,92.68
"30083",0.00166611129623459,6.39378311985792,1,1,0.136050401352366,62.81
"30085",0,0,0,0,0.067763858306146,13.74
"30087",0,0,0,0,0.0565492539265386,6.87
"30089",0.00119703136222169,4.59366606241169,1,1,0.153187730522707,70.79
"30091",0,0,0,0,0.0828467517763515,25.55
"30093",0,0,0,0,0.184996788315512,80.72
"30095",0,0,0,0,0.0927451838931964,34.14
"30097",0,0,0,0,0.100926674841658,40.34
"30099",0,0,0,0,0.0946628354063658,35.51
"30101",0,0,0,0,0.0728277094441099,17.53
"30103",0,0,0,0,0.0483056374600243,3.5
"30105",0,0,0,0,0.0952346173447857,36.05
"30107",0,0,0,0,0.0462210063324131,2.96
"30109",0,0,0,0,0.0766876429837893,20.46
"30111",0.00108316898458017,4.15671365125131,1,1,0.300153822386627,97.01
"31001",0,0,0,0,0.147365565155342,68.53
"31003",0,0,0,0,0.0574131674050606,7.19
"31005",0,0,0,0,0.0270866855527435,0.22
"31007",0,0,0,0,0.0501342416572867,4.1
"31009",0,0,0,0,0.0376982299671534,1.15
"31011",0,0,0,0,0.0626433396298359,10.12
"31013",0,0,0,0,0.0696501741682369,15.4
"31015",0,0,0,0,0.0451709400861165,2.51
"31017",0,0,0,0,0.0605728490705677,9.07
"31019",0,0,0,0,0.174962953155411,78.24
"31021",0,0,0,0,0.0711785577156816,16.39
"31023",0,0,0,0,0.0578036675781589,7.41
"31025",0,0,0,0,0.131676685294179,60.26
"31027",0,0,0,0,0.0722766642847177,17.15
"31029",0,0,0,0,0.0659487324759092,12.25
"31031",0,0,0,0,0.0741159625604653,18.29
"31033",0,0,0,0,0.089126175938644,31.05
"31035",0,0,0,0,0.0563255797003481,6.71
"31037",0,0,0,0,0.0483447714080165,3.53
"31039",0,0,0,0,0.0798545793470119,23
"31041",0,0,0,0,0.0761964336916588,19.82
"31043",0,0,0,0,0.0757473027238702,19.47
"31045",0,0,0,0,0.0779743513043521,21.32
"31047",0,0,0,0,0.0831944732067789,25.87
"31049",0,0,0,0,0.0391622065576226,1.34
"31051",0,0,0,0,0.0607492600516722,9.16
"31053",0,0,0,0,0.142863337382629,66.27
"31055",0.000134056009126323,0.514446453970095,1,0,0.280234845479836,95.58
"31057",0,0,0,0,0.042078929347243,1.78
"31059",0.0116318850496066,44.6379245194378,1,1,0.0775446733072038,21.03
"31061",0,0,0,0,0.0498935265297329,3.98
"31063",0,0,0,0,0.0368898580652663,1.02
"31065",0,0,0,0,0.0493735135681245,3.85
"31067",0,0,0,0,0.120385910608026,53.87
"31069",0,0,0,0,0.0460514810820384,2.93
"31071",0,0,0,0,0.0732253290788194,17.79
"31073",0,0,0,0,0.043547777037546,2.2
"31075",0,0,0,0,0.0415893766676693,1.72
"31077",0,0,0,0,0.0552025112268591,6.14
"31079",0,0,0,0,0.16829977390136,76.14
"31081",0,0,0,0,0.103025828881353,42.48
"31083",0,0,0,0,0.0519221870187756,4.58
"31085",0,0,0,0,0.0652475808881179,11.71
"31087",0,0,0,0,0.0521421357706078,4.71
"31089",0,0,0,0,0.090933870178643,32.55
"31091",0,0,0,0,0.0475982647033143,3.18
"31093",0,0,0,0,0.0784330473788665,21.73
"31095",0,0,0,0,0.0663771688997064,12.6
"31097",0,0,0,0,0.0501283511797043,4.07
"31099",0,0,0,0,0.0697623440446014,15.49
"31101",0,0,0,0,0.100268987081133,39.87
"31103",0,0,0,0,0.0631542877843688,10.34
"31105",0,0,0,0,0.0443109523318724,2.45
"31107",0,0,0,0,0.0763793985484764,20.04
"31109",4.54467414686367e-05,0.174404080394521,1,0,0.250339109892879,92.3
"31111",0,0,0,0,0.141931224539921,65.96
"31113",0,0,0,0,0.0439302717855349,2.35
"31115",0,0,0,0,0.049088555406561,3.82
"31117",0,0,0,0,0.0290251835462612,0.32
"31119",0,0,0,0,0.177367037322075,78.87
"31121",0,0,0,0,0.0923733193512724,33.85
"31123",0,0,0,0,0.0496965269516928,3.91
"31125",0,0,0,0,0.0424610704101689,1.91
"31127",0,0,0,0,0.0525559500277103,4.93
"31129",0,0,0,0,0.060669540665924,9.1
"31131",0,0,0,0,0.0934535936366984,34.58
"31133",0,0,0,0,0.0710610589457572,16.32
"31135",0,0,0,0,0.0457047919570128,2.74
"31137",0,0,0,0,0.0703779937935618,15.94
"31139",0,0,0,0,0.0864842973343006,28.54
"31141",0,0,0,0,0.136997186142732,63.22
"31143",0,0,0,0,0.05760251145247,7.25
"31145",0,0,0,0,0.0925725752424009,33.98
"31147",0,0,0,0,0.0780633350199291,21.41
"31149",0,0,0,0,0.0412459957215389,1.69
"31151",0,0,0,0,0.0751667683331179,18.96
"31153",0,0,0,0,0.190359856717891,82.02
"31155",0,0,0,0,0.122901139896722,55.49
"31157",0,0,0,0,0.151265609835653,70
"31159",0,0,0,0,0.0993988057063392,39.17
"31161",0,0,0,0,0.0583783210316161,7.67
"31163",0,0,0,0,0.0502206350619633,4.14
"31165",0,0,0,0,0.0642052852008623,10.98
"31167",0,0,0,0,0.0511239435714955,4.45
"31169",0,0,0,0,0.0541468017424867,5.63
"31171",0,0,0,0,0.0656914127335694,12.06
"31173",0,0,0,0,0.0463558594988015,2.99
"31175",0,0,0,0,0.0725560176678596,17.34
"31177",0.00132450331125828,5.0828458656142,1,1,0.130647322461395,59.69
"31179",0,0,0,0,0.0558786516256939,6.43
"31181",0,0,0,0,0.0499456590446474,4.01
"31183",0,0,0,0,0.0261033163112991,0.16
"31185",0,0,0,0,0.10620027935976,44.64
"32001",0,0,0,0,0.11468487992828,49.83
"32003",9.89767875487201e-05,0.379828235314759,1,0,0.272808142000603,94.85
"32005",0.000425242388161252,1.63188834348474,1,1,0.214062848416686,87.02
"32007",0,0,0,0,0.147194803862839,68.37
"32009",0,0,0,0,0.0538366647684845,5.44
"32011",0,0,0,0,0.00963915273220393,0.03
"32013",0,0,0,0,0.0812679836396244,24.12
"32015",0,0,0,0,0.0373327075807889,1.08
"32017",0.000628140703517588,2.41052049531327,1,1,0.0822336765968695,24.98
"32019",0,0,0,0,0.155444872362892,71.68
"32021",0,0,0,0,0.0526871968149507,5.06
"32023",0,0,0,0,0.144949159138004,67.29
"32027",0,0,0,0,0.0424849886389715,1.94
"32029",0,0,0,0,0.068558857779416,14.48
"32031",0.00112706849108523,4.32518014223332,1,1,0.337469908239767,98.92
"32033",0,0,0,0,0.0654072092842165,11.77
"32510",0,0,0,0,0.18408853500192,80.53
"33001",0,0,0,0,0.208977625610481,86.03
"33003",0,0,0,0,0.227852668429005,89.12
"33005",0,0,0,0,0.220090039450513,87.85
"33007",0,0,0,0,0.147390065820659,68.6
"33009",0,0,0,0,0.171878512778398,77.54
"33011",0,0,0,0,0.303484932026706,97.3
"33013",3.46772702052894e-05,0.133075710717775,1,0,0.259566694761679,93.29
"33015",0,0,0,0,0.330012846969877,98.6
"33017",0,0,0,0,0.215090950634474,87.18
"33019",0,0,0,0,0.168982317840212,76.33
"34001",0,0,0,0,0.184098737920182,80.59
"34003",0.000891263779407116,3.42026809433002,1,1,0.387231806603052,99.75
"34005",1.27534211052115e-05,0.0489418736714811,1,0,0.272261496720035,94.81
"34007",2.63019463440295e-05,0.100934998120429,1,0,0.302317043789373,97.17
"34009",0,0,0,0,0.175629560785226,78.4
"34011",0,0,0,0,0.192182006652446,82.6
"34013",0.00197933752477312,7.5958040036083,1,1,0.293933339870592,96.63
"34015",0,0,0,0,0.268855744010519,94.43
"34017",0.000178443968593862,0.68478740694838,1,0,0.263731937537756,93.73
"34019",1.89393939393939e-05,0.0726808452374758,1,0,0.245278551790928,91.82
"34021",1.03881713355726e-05,0.0398651126618518,1,0,0.204893517030401,85.14
"34023",0.00162033088862357,6.21809857941632,1,1,0.330704816586502,98.63
"34025",9.45130297618272e-05,0.362698347741539,1,0,0.302946305652296,97.23
"34027",0.000647110238756076,2.48331700925175,1,1,0.310882821967305,97.8
"34029",0.000134093504788063,0.514590345395382,1,0,0.286129157667161,96.09
"34031",3.07144173475029e-05,0.117868070168276,1,0,0.377532728966717,99.65
"34033",0.00875005283848332,33.578753269963,1,1,0.149485083914091,69.33
"34035",0.000442401277193252,1.69773641455675,1,1,0.267595378635821,94.3
"34037",4.48400331816246e-05,0.172075807839774,1,0,0.235510152671354,90.68
"34039",0.0240005898285617,92.1034305807173,1,1,0.360792394853904,99.43
"34041",0,0,0,0,0.221611563551424,88.04
"35001",0.000790773278065345,3.03463090872473,1,1,0.278280751697753,95.35
"35003",0,0,0,0,0.07733757325102,20.84
"35005",0,0,0,0,0.157489000621466,72.51
"35006",0,0,0,0,0.0763762903255328,20.01
"35007",0,0,0,0,0.0896556632340982,31.5
"35009",0,0,0,0,0.110636030890611,47.5
"35011",0,0,0,0,0.061645688487365,9.61
"35013",0.000171583609475705,0.658460445223215,1,0,0.204313469351125,85.08
"35015",0,0,0,0,0.14597559472415,67.9
"35017",0,0,0,0,0.108273634587725,45.94
"35019",0,0,0,0,0.0466305529544873,3.02
"35021",0,0,0,0,0.0459703502893396,2.9
"35023",0,0,0,0,0.0788826781560298,22.18
"35025",0,0,0,0,0.101022362601062,40.47
"35027",0,0,0,0,0.158352485052196,73.11
"35028",0,0,0,0,0.034911183448773,0.76
"35029",0.0001105216622458,0.42413225337519,1,0,0.0959446511696484,36.78
"35031",0,0,0,0,0.126023062841995,56.86
"35033",0,0,0,0,0.0766531084294061,20.39
"35035",0,0,0,0,0.103817216181096,43.02
"35037",0,0,0,0,0.0787444769205885,22.02
"35039",0,0,0,0,0.113809029296786,49.13
"35041",0,0,0,0,0.0788892197256438,22.21
"35043",0,0,0,0,0.186594946176271,81.04
"35045",0.000292534519073251,1.12261544246979,1,1,0.179484057707271,79.45
"35047",0,0,0,0,0.0999301866546064,39.52
"35049",0.000189835656560178,0.728503563480259,1,0,0.229220810090064,89.47
"35051",0,0,0,0,0.0804830800903852,23.39
"35053",0,0,0,0,0.0683664516616345,14.32
"35055",0,0,0,0,0.181947793962637,80.15
"35057",0,0,0,0,0.109478988901942,46.9
"35059",0,0,0,0,0.0719746102907782,16.8
"35061",0,0,0,0,0.13987024003444,64.78
"36001",0,0,0,0,0.229510532656581,89.5
"36003",0,0,0,0,0.123207564665282,55.62
"36005",1.56002589642988e-05,0.0598667523932938,1,0,0.151490277896456,70.03
"36007",0,0,0,0,0.217880982664692,87.53
"36009",0,0,0,0,0.142798431884376,66.24
"36011",0.00146918386836113,5.63806453910045,1,1,0.177016365276,78.81
"36013",0,0,0,0,0.190506747931202,82.21
"36015",5.6471651231082e-05,0.216712707733156,1,0,0.199730392085911,84.47
"36017",0.000859568067046309,3.29863425682924,1,1,0.136378387880158,62.97
"36019",2.87075845438365e-05,0.110166751694859,1,0,0.16626488926992,75.41
"36021",0,0,0,0,0.195494217132876,83.58
"36023",0,0,0,0,0.140907989931325,65.45
"36025",0,0,0,0,0.155459665703465,71.71
"36027",7.83729769975313e-06,0.0300760110391373,1,0,0.208004043725237,85.75
"36029",8.11207644820845e-06,0.0311304878484236,1,0,0.30942551227273,97.71
"36031",0,0,0,0,0.1433847205657,66.4
"36033",0,0,0,0,0.10207017384532,41.49
"36035",0,0,0,0,0.146632285555694,68.18
"36037",3.9848575413429e-05,0.152920845927026,1,0,0.166080953426082,75.34
"36039",0,0,0,0,0.168352145349708,76.2
"36041",0,0,0,0,0.100927583742219,40.38
"36043",0.00218006127739807,8.36609116520933,1,1,0.162101781714847,74.26
"36045",0,0,0,0,0.126852282935489,57.49
"36047",3.83489621332761e-05,0.147166007040437,1,0,0.225536266596941,88.77
"36049",0,0,0,0,0.100081350479509,39.68
"36051",0,0,0,0,0.143550979847427,66.66
"36053",0,0,0,0,0.145389499965788,67.48
"36055",1.97062293854366e-05,0.0756236135517517,1,0,0.26759052397732,94.27
"36057",0,0,0,0,0.12073978343682,54.09
"36059",1.57864523536165e-05,0.060581278579113,1,0,0.303444510608293,97.26
"36061",3.04061809684673e-06,0.0116685198074642,1,0,0.24660601155729,91.95
"36063",0,0,0,0,0.235266731936819,90.65
"36065",0,0,0,0,0.218910720307628,87.72
"36067",0,0,0,0,0.278689974490173,95.39
"36069",1.71839021204935e-05,0.0659440600154436,1,0,0.216681530959235,87.5
"36071",0.000177514115235292,0.68121904946746,1,0,0.278154920878502,95.29
"36073",0,0,0,0,0.112585314778986,48.65
"36075",2.83414578845936e-05,0.10876172283581,1,0,0.170169991877661,76.71
"36077",0,0,0,0,0.143425340469162,66.47
"36079",0,0,0,0,0.237489052502687,91.03
"36081",1.38056872528638e-05,0.0529799961832621,1,0,0.228302306091613,89.28
"36083",3.22331098504384e-05,0.123696126500088,1,0,0.193732470962468,83.01
"36085",1.93277798179323e-05,0.0741712949330045,1,0,0.174468511877645,78.14
"36087",1.30527002773699e-05,0.0500903720481478,1,0,0.242041220576779,91.41
"36089",0.00105429625724829,4.04591315607667,1,1,0.147780796536578,68.66
"36091",1.99264713208262e-05,0.0764688026888526,1,0,0.246968491954329,92.01
"36093",0.000830193498946293,3.18590792330311,1,1,0.199493846162285,84.31
"36095",0,0,0,0,0.100185126671551,39.77
"36097",0,0,0,0,0.0977426121982698,37.99
"36099",0,0,0,0,0.120211208317764,53.67
"36101",0,0,0,0,0.131696563391742,60.29
"36103",0.000223456467718617,0.857525061231686,1,0,0.375305515104089,99.62
"36105",0,0,0,0,0.137894927716321,63.7
"36107",0,0,0,0,0.121043196104582,54.31
"36109",0,0,0,0,0.150559799795664,69.55
"36111",0,0,0,0,0.266935430057191,94.02
"36113",0,0,0,0,0.170174599680986,76.77
"36115",0,0,0,0,0.14270261025488,66.21
"36117",0,0,0,0,0.161157357673762,74.07
"36119",7.518137506735e-05,0.288512182781364,1,0,0.2859481161731,96.05
"36121",0,0,0,0,0.125147466190584,56.51
"36123",0,0,0,0,0.140394984709747,65.13
"37001",0,0,0,0,0.20554680710206,85.27
"37003",0,0,0,0,0.140057490020096,64.81
"37005",0,0,0,0,0.102473196564512,41.97
"37007",0,0,0,0,0.0898772761230248,31.78
"37009",0,0,0,0,0.13713893907011,63.38
"37011",0,0,0,0,0.114282523006566,49.6
"37013",0,0,0,0,0.147806467009356,68.69
"37015",0,0,0,0,0.0842754447387811,26.89
"37017",0,0,0,0,0.0726757452558369,17.44
"37019",2.06466531775199e-05,0.0792325355853062,1,0,0.222854416210171,88.2
"37021",1.95596471439655e-05,0.0750610970720262,1,0,0.293429554746854,96.53
"37023",3.03204875534399e-05,0.116356345427329,1,0,0.134788334551045,62.01
"37025",0,0,0,0,0.236574510626327,90.8
"37027",0,0,0,0,0.162816093318613,74.45
"37029",0,0,0,0,0.119588599899559,53.1
"37031",3.42289919561869e-05,0.131355421137728,1,0,0.198446957473439,84.12
"37033",0.00051948051948052,1.99353175508505,1,1,0.128302541640166,58.48
"37035",0,0,0,0,0.231695434385732,89.95
"37037",0.000131984161900572,0.506495639490373,1,0,0.184095815373267,80.56
"37039",0,0,0,0,0.151552653736229,70.09
"37041",0,0,0,0,0.0993621595718334,39.13
"37043",0,0,0,0,0.119749629041798,53.23
"37045",0,0,0,0,0.163591269149801,74.8
"37047",0,0,0,0,0.118918314131575,52.53
"37049",0,0,0,0,0.150541171182828,69.52
"37051",0,0,0,0,0.105951970388,44.51
"37053",0,0,0,0,0.170172504177494,76.74
"37055",0,0,0,0,0.168539699504377,76.23
"37057",0,0,0,0,0.224142147476761,88.48
"37059",0,0,0,0,0.135382439052841,62.36
"37061",0,0,0,0,0.0942301334602444,35.19
"37063",1.95602847977467e-05,0.0750635440994195,1,0,0.169684823687638,76.58
"37065",0,0,0,0,0.115741274769338,50.49
"37067",0,0,0,0,0.238937190336916,91.15
"37069",0,0,0,0,0.179684207550604,79.51
"37071",4.43021852052852e-05,0.170011790075811,1,0,0.208921088696565,86
"37073",0,0,0,0,0.0927620689080907,34.17
"37075",0,0,0,0,0.116910023803915,51.16
"37077",0,0,0,0,0.096570783009155,37.26
"37079",0,0,0,0,0.0847276269778247,27.39
"37081",6.92427051236454e-05,0.265722248083557,1,0,0.316379309190096,98.06
"37083",0,0,0,0,0.132191941634931,60.67
"37085",0,0,0,0,0.157786620759542,72.7
"37087",0,0,0,0,0.181600838420007,79.89
"37089",0,0,0,0,0.226791410355945,88.93
"37091",0,0,0,0,0.102232841141789,41.58
"37093",0,0,0,0,0.120247644042992,53.71
"37095",0,0,0,0,0.105430695362715,44.07
"37097",1.1033873993159e-05,0.0423430280099164,1,0,0.272216080071852,94.78
"37099",0,0,0,0,0.111683425721743,47.98
"37101",0,0,0,0,0.209230547298548,86.06
"37103",0,0,0,0,0.115346663845555,50.27
"37105",0,0,0,0,0.148786688232216,69.01
"37107",0,0,0,0,0.120846986380667,54.22
"37109",0,0,0,0,0.20739606207324,85.56
"37111",0,0,0,0,0.118944879249085,52.59
"37113",0,0,0,0,0.170978952401975,77.16
"37115",0,0,0,0,0.148967905191165,69.07
"37117",0,0,0,0,0.124280584240944,56.25
"37119",1.62334650563069e-05,0.0622967115632619,1,0,0.317937708107058,98.19
"37121",0,0,0,0,0.0998147301244802,39.42
"37123",0,0,0,0,0.103421797318033,42.76
"37125",0,0,0,0,0.191765335369933,82.5
"37127",0,0,0,0,0.164867317837284,75.18
"37129",4.8367927917968e-05,0.185614275446858,1,0,0.257985835854955,93.16
"37131",0,0,0,0,0.0829545610632725,25.68
"37133",0,0,0,0,0.0988528048063314,38.75
"37135",4.32568048361108e-05,0.166000092073784,1,0,0.141326462539907,65.64
"37137",0,0,0,0,0.0817153783247275,24.5
"37139",0,0,0,0,0.126154784122318,56.98
"37141",0,0,0,0,0.187014012099849,81.16
"37143",0,0,0,0,0.122788587370766,55.3
"37145",0,0,0,0,0.134195223929084,61.66
"37147",3.28400035029337e-05,0.12602511040389,1,0,0.168106705360974,76.07
"37149",0,0,0,0,0.150595907152211,69.58
"37151",0,0,0,0,0.194828697814155,83.33
"37153",0,0,0,0,0.126232109122043,57.02
"37155",0,0,0,0,0.134382414715698,61.79
"37157",0,0,0,0,0.146826641286909,68.22
"37159",0,0,0,0,0.204182859332969,85.01
"37161",0,0,0,0,0.162106314079798,74.29
"37163",0,0,0,0,0.109108625833251,46.52
"37165",0,0,0,0,0.102337513927244,41.74
"37167",0,0,0,0,0.162882282058369,74.48
"37169",0,0,0,0,0.122309221941742,55.11
"37171",0,0,0,0,0.153598997567029,70.98
"37173",0,0,0,0,0.0587627945939704,7.95
"37175",0.000512338826744087,1.96612516191891,1,1,0.165560079188791,75.25
"37177",0,0,0,0,0.0627353160871782,10.15
"37179",3.44336807309123e-05,0.132140924264453,1,0,0.252017372996747,92.43
"37181",0,0,0,0,0.131550180403551,60.23
"37183",0.000411525484789492,1.57924905976265,1,1,0.318390083492186,98.22
"37185",0,0,0,0,0.0895871147911982,31.37
"37187",0,0,0,0,0.11592281016384,50.62
"37189",0,0,0,0,0.157855111832178,72.73
"37191",0,0,0,0,0.153825786341162,71.14
"37193",0,0,0,0,0.143463192710695,66.53
"37195",0,0,0,0,0.165835319099234,75.31
"37197",0,0,0,0,0.119924483455384,53.58
"37199",0,0,0,0,0.120756564337093,54.12
"38001",0,0,0,0,0.0455180378226097,2.64
"38003",0,0,0,0,0.0934310891526052,34.55
"38005",0,0,0,0,0.0342557715829544,0.67
"38007",0,0,0,0,0.0429275461675727,2.04
"38009",0,0,0,0,0.0842559619491601,26.85
"38011",0,0,0,0,0.0693725209368926,15.11
"38013",0,0,0,0,0.0528832963431853,5.19
"38015",0,0,0,0,0.227438380742586,89.02
"38017",0.00057330521070736,2.20008662508413,1,1,0.275483278569075,95.13
"38019",0,0,0,0,0.0484534089935306,3.63
"38021",0,0,0,0,0.0565264807740054,6.84
"38023",0,0,0,0,0.0571562597450428,7.1
"38025",0,0,0,0,0.0569664518468472,7
"38027",0,0,0,0,0.0556512419854546,6.17
"38029",0,0,0,0,0.0694791850467507,15.27
"38031",0,0,0,0,0.0585813142716923,7.8
"38033",0,0,0,0,0.0378453024864029,1.21
"38035",0,0,0,0,0.18243415114209,80.37
"38037",0,0,0,0,0.0436817861610109,2.23
"38039",0,0,0,0,0.0563126685868063,6.68
"38041",0,0,0,0,0.0494335487882759,3.88
"38043",0,0,0,0,0.0525013876261663,4.9
"38045",0,0,0,0,0.0691211511259798,14.99
"38047",0,0,0,0,0.0445805068938066,2.48
"38049",0,0,0,0,0.0765312483777501,20.3
"38051",0,0,0,0,0.0548891132959829,6.05
"38053",0,0,0,0,0.0704310075101934,15.97
"38055",0,0,0,0,0.067539586389173,13.52
"38057",0,0,0,0,0.0558147456527619,6.36
"38059",0,0,0,0,0.162585370465027,74.42
"38061",0,0,0,0,0.0787502182580182,22.08
"38063",0,0,0,0,0.0510770625361054,4.42
"38065",0,0,0,0,0.0534692150383061,5.31
"38067",0,0,0,0,0.0650176071125409,11.52
"38069",0,0,0,0,0.0683335234454551,14.25
"38071",0,0,0,0,0.107412972491598,45.37
"38073",0,0,0,0,0.0594204710798717,8.27
"38075",0,0,0,0,0.0633783615161511,10.5
"38077",0,0,0,0,0.0974677356120201,37.8
"38079",0,0,0,0,0.0585196072250774,7.76
"38081",0,0,0,0,0.0401083994971595,1.4
"38083",0,0,0,0,0.0357019405957893,0.83
"38085",0,0,0,0,0.0301622185291138,0.48
"38087",0,0,0,0,0.0421962732337329,1.85
"38089",0,0,0,0,0.150092599061836,69.42
"38091",0,0,0,0,0.0543390048779524,5.79
"38093",0,0,0,0,0.107861048316834,45.82
"38095",0,0,0,0,0.0379513363925959,1.27
"38097",0,0,0,0,0.0607988727598788,9.23
"38099",0,0,0,0,0.068668065176036,14.64
"38101",0,0,0,0,0.167891966945429,76.01
"38103",0,0,0,0,0.0666424561384902,12.73
"38105",0,0,0,0,0.117080784168496,51.22
"39001",0,0,0,0,0.122549425817702,55.14
"39003",0.00055471321326874,2.12873893081176,1,1,0.237415225280165,91
"39005",0,0,0,0,0.156967846701519,72.19
"39007",0,0,0,0,0.185240025927387,80.78
"39009",0,0,0,0,0.121178247838554,54.44
"39011",0,0,0,0,0.135735364360317,62.65
"39013",0,0,0,0,0.169219250779488,76.39
"39015",0,0,0,0,0.138597126289956,64.14
"39017",0,0,0,0,0.292534946121876,96.44
"39019",0,0,0,0,0.144748897652713,67.1
"39021",0,0,0,0,0.11666769194424,50.97
"39023",0,0,0,0,0.175993992345452,78.56
"39025",0,0,0,0,0.246264758476533,91.92
"39027",0,0,0,0,0.117667723868585,51.83
"39029",0,0,0,0,0.198998234388344,84.25
"39031",0,0,0,0,0.147270933433111,68.44
"39033",0,0,0,0,0.144075723393454,66.75
"39035",1.30019060794312e-06,0.00498954468435106,1,0,0.342804675644703,99.08
"39037",0,0,0,0,0.161017777349624,74.01
"39039",0,0,0,0,0.133539680218371,61.34
"39041",9.1066387396412e-06,0.0349471690059077,1,0,0.218775567940852,87.66
"39043",0.00163046204786033,6.25697739565085,1,1,0.191346928060372,82.41
"39045",0,0,0,0,0.195768975800734,83.65
"39047",0,0,0,0,0.120632810273157,54.02
"39049",0.000277530630402664,1.06503729007923,1,1,0.301615869119633,97.14
"39051",0,0,0,0,0.126428566841109,57.24
"39053",0,0,0,0,0.0987322112855559,38.63
"39055",0,0,0,0,0.224796618925097,88.61
"39057",0,0,0,0,0.146370091557358,68.09
"39059",0,0,0,0,0.135888178759312,62.74
"39061",8.89622728793173e-06,0.0341397048279712,1,0,0.308056359167375,97.58
"39063",0,0,0,0,0.146204932103636,67.99
"39065",0,0,0,0,0.100412007363068,39.99
"39067",0,0,0,0,0.0977219167467904,37.96
"39069",0,0,0,0,0.100212728874033,39.8
"39071",0,0,0,0,0.136447070911024,63.03
"39073",0,0,0,0,0.130990469652343,59.94
"39075",0,0,0,0,0.211422072772544,86.51
"39077",0,0,0,0,0.140678690396845,65.29
"39079",0,0,0,0,0.110165468308022,47.34
"39081",0,0,0,0,0.145394632987159,67.52
"39083",0,0,0,0,0.160998079090848,73.94
"39085",2.76872813858407e-05,0.106251288710199,1,0,0.288909454107813,96.28
"39087",0,0,0,0,0.11730248536049,51.48
"39089",0,0,0,0,0.184139447039817,80.62
"39091",0.000463327618959366,1.77804226870163,1,1,0.139276801795548,64.59
"39093",5.39073871089468e-05,0.206872219468045,1,0,0.237260119605104,90.93
"39095",0,0,0,0,0.268474812484273,94.4
"39097",0,0,0,0,0.0873015806474432,29.37
"39099",0.000259607895926079,0.996257924968948,1,0,0.268274581293901,94.37
"39101",0,0,0,0,0.131099247600666,60.04
"39103",0,0,0,0,0.271851964873779,94.75
"39105",0,0,0,0,0.0952695591901784,36.11
"39107",0,0,0,0,0.129046747183297,58.96
"39109",0.000130990066586617,0.502680750381669,1,0,0.187625256490908,81.29
"39111",0,0,0,0,0.10974954956316,47.12
"39113",0.000308533305262852,1.18401156246998,1,1,0.304800260411153,97.45
"39115",0,0,0,0,0.0804882489555717,23.42
"39117",0,0,0,0,0.164590414709289,75.02
"39119",0,0,0,0,0.167031340598241,75.69
"39121",0,0,0,0,0.0985543685626438,38.47
"39123",0,0,0,0,0.133574441365377,61.41
"39125",0,0,0,0,0.0879868178841595,30.07
"39127",0,0,0,0,0.109933715252724,47.25
"39129",0,0,0,0,0.104079202163018,43.18
"39131",0,0,0,0,0.0885137010881912,30.58
"39133",0,0,0,0,0.210406193175823,86.26
"39135",0,0,0,0,0.105947022688748,44.48
"39137",0,0,0,0,0.130830320642854,59.85
"39139",0,0,0,0,0.207567995137778,85.65
"39141",0,0,0,0,0.135425087210076,62.39
"39143",0,0,0,0,0.139762022179419,64.72
"39145",0,0,0,0,0.130908302736088,59.91
"39147",0,0,0,0,0.143386631462197,66.43
"39149",0,0,0,0,0.116754320430184,51.03
"39151",0,0,0,0,0.293987901141418,96.66
"39153",0,0,0,0,0.310485027068629,97.77
"39155",0,0,0,0,0.239247329983722,91.22
"39157",0,0,0,0,0.240405647060229,91.35
"39159",0.000450725137206034,1.72967963213294,1,1,0.14346149486878,66.5
"39161",0,0,0,0,0.110949964620314,47.69
"39163",0,0,0,0,0.0832786221163399,25.99
"39165",0.000205303983789912,0.787864021426511,1,0,0.255693186600274,92.75
"39167",0.000509943906170321,1.9569345377556,1,1,0.171576686809565,77.44
"39169",0,0,0,0,0.219852768042664,87.75
"39171",0,0,0,0,0.1317811017207,60.36
"39173",0,0,0,0,0.18705236222745,81.2
"39175",0,0,0,0,0.0955933801496397,36.46
"40001",0,0,0,0,0.0882367330943217,30.45
"40003",0,0,0,0,0.0510728330648181,4.39
"40005",0,0,0,0,0.107045114731964,45.15
"40007",0,0,0,0,0.066071646187193,12.31
"40009",0,0,0,0,0.0914211092798975,32.83
"40011",0,0,0,0,0.074103319886502,18.23
"40013",0,0,0,0,0.117078466523392,51.19
"40015",0,0,0,0,0.081680580855337,24.47
"40017",0,0,0,0,0.210055478360252,86.19
"40019",0,0,0,0,0.160150099707428,73.59
"40021",0,0,0,0,0.0751507357291067,18.93
"40023",0,0,0,0,0.0763221518973043,19.98
"40025",0,0,0,0,0.0455895931368484,2.7
"40027",1.83582240254078e-05,0.0704505774311103,1,0,0.207962280392549,85.71
"40029",0,0,0,0,0.0685620421226439,14.51
"40031",0,0,0,0,0.114483030474496,49.7
"40033",0,0,0,0,0.0458217390291132,2.8
"40035",0,0,0,0,0.106274282419353,44.67
"40037",0.000120948234155781,0.464144730108699,1,0,0.164767875358609,75.09
"40039",0.000135226504394861,0.518938286482586,1,0,0.114907804416861,49.92
"40041",0,0,0,0,0.149210799803233,69.2
"40043",0,0,0,0,0.05742620088243,7.22
"40045",0,0,0,0,0.042621411477186,2
"40047",0,0,0,0,0.161960489795101,74.2
"40049",0,0,0,0,0.117518786373642,51.8
"40051",0,0,0,0,0.164696874336628,75.06
"40053",0,0,0,0,0.0638772866355381,10.88
"40055",0,0,0,0,0.0482946613021949,3.47
"40057",0,0,0,0,0.0687308764466276,14.76
"40059",0,0,0,0,0.0548839082347701,6.01
"40061",0,0,0,0,0.0959166877899402,36.75
"40063",0,0,0,0,0.0796451907368873,22.78
"40065",0,0,0,0,0.0839325162297647,26.57
"40067",0,0,0,0,0.0649592504920108,11.49
"40069",0,0,0,0,0.0637450802170657,10.82
"40071",0.000156666144446185,0.601213947757907,1,0,0.13510170111723,62.2
"40073",0,0,0,0,0.102152180625021,41.52
"40075",0,0,0,0,0.0684504300503982,14.35
"40077",0,0,0,0,0.0624014076948313,9.96
"40079",0.000499857183661811,1.91822624962661,1,1,0.138816313016066,64.3
"40081",0,0,0,0,0.112700913276377,48.78
"40083",0.000166763945634954,0.639964750861123,1,0,0.161290233016237,74.1
"40085",0,0,0,0,0.0481907384839897,3.37
"40087",0.00013214403700033,0.507109167960188,1,0,0.134630010331018,61.88
"40089",0,0,0,0,0.106428071159461,44.86
"40091",0,0,0,0,0.0969292590208825,37.42
"40093",0,0,0,0,0.0802934352250486,23.29
"40095",0,0,0,0,0.0779150545449042,21.29
"40097",0,0,0,0,0.126570991885492,57.27
"40099",0,0,0,0,0.0832545588413647,25.93
"40101",0,0,0,0,0.148305568125307,68.92
"40103",0,0,0,0,0.0549225204424778,6.08
"40105",0,0,0,0,0.0819000580128647,24.66
"40107",0,0,0,0,0.0662169403392473,12.47
"40109",5.75022461814915e-05,0.220667665971679,1,0,0.270934104210417,94.56
"40111",0,0,0,0,0.101835109974366,41.23
"40113",0,0,0,0,0.11261907602083,48.71
"40115",0,0,0,0,0.109212117216352,46.61
"40117",0,0,0,0,0.0946881649107918,35.6
"40119",0,0,0,0,0.138301226420597,63.98
"40121",0,0,0,0,0.128297460604083,58.45
"40123",0,0,0,0,0.117393496221479,51.61
"40125",0,0,0,0,0.154742548799916,71.43
"40127",0,0,0,0,0.0959736197605856,36.81
"40129",0,0,0,0,0.0667907974281122,12.85
"40131",5.60506698055042e-05,0.215097171040789,1,0,0.176387204369327,78.62
"40133",0,0,0,0,0.0891073152237568,31.02
"40135",0,0,0,0,0.119809367730284,53.36
"40137",0.000117116589564912,0.44944060766396,1,0,0.123299787840411,55.71
"40139",0,0,0,0,0.0694841400658023,15.3
"40141",0,0,0,0,0.067836018707182,13.81
"40143",5.06069215809602e-05,0.194206522507581,1,0,0.332941122099971,98.7
"40145",0,0,0,0,0.158159782741605,72.96
"40147",0,0,0,0,0.147947527257551,68.76
"40149",0,0,0,0,0.0889647941915967,30.89
"40151",0,0,0,0,0.0786348441087561,21.92
"40153",0,0,0,0,0.125545509530186,56.7
"41001",0,0,0,0,0.137049871195447,63.25
"41003",0,0,0,0,0.166598250053556,75.47
"41005",0.000100914792594873,0.387265423921723,1,0,0.341672272110122,99.01
"41007",4.59918134572046e-05,0.176495820656704,1,0,0.170480759542432,76.87
"41009",0,0,0,0,0.198409358736427,84.09
"41011",0,0,0,0,0.181969479641936,80.21
"41013",0.00078740157480315,3.02169183349506,1,1,0.178974968874957,79.32
"41015",0,0,0,0,0.154001926975593,71.17
"41017",0.00134054496876716,5.14440650638691,1,1,0.325178226148854,98.41
"41019",0,0,0,0,0.178125570723149,79.16
"41021",0,0,0,0,0.0563467230961419,6.75
"41023",0,0,0,0,0.0862918986078584,28.38
"41025",0,0,0,0,0.0891517877414887,31.08
"41027",0,0,0,0,0.147996035460862,68.79
"41029",0.00017346555263234,0.665682493602947,1,0,0.295582433383471,96.79
"41031",0.000378071833648393,1.45086904670651,1,1,0.130589998394892,59.62
"41033",0.00376537528240315,14.4498107509198,1,1,0.223807290936829,88.42
"41035",0,0,0,0,0.181834195424313,80.08
"41037",0,0,0,0,0.0721101994383913,16.93
"41039",0.000312775455656971,1.20029102089698,1,1,0.321014017846713,98.28
"41041",0,0,0,0,0.155861442024044,71.81
"41043",1.83187088973969e-05,0.0702989362058056,1,0,0.188965185066074,81.61
"41045",0,0,0,0,0.118912068487012,52.5
"41047",5.33250857200753e-06,0.0204637609571785,1,0,0.223085965452471,88.26
"41049",0,0,0,0,0.0636893538009132,10.79
"41051",1.79125758821496e-06,0.00687403810101389,1,0,0.359009961078353,99.36
"41053",0,0,0,0,0.170884341026799,77.06
"41055",0,0,0,0,0.0643551170071854,11.01
"41057",0,0,0,0,0.124196599343944,56.16
"41059",0,0,0,0,0.147306998917332,68.5
"41061",0,0,0,0,0.137777146278742,63.67
"41063",0,0,0,0,0.144832380127862,67.13
"41065",0,0,0,0,0.132298561704503,60.74
"41067",2.66425896597149e-05,0.102242233409359,1,0,0.293519818539409,96.56
"41069",0,0,0,0,0.0780256265568762,21.38
"41071",0,0,0,0,0.194867898724077,83.36
"42001",0,0,0,0,0.188922654787482,81.58
"42003",0.000100848064994561,0.387009353510661,1,0,0.28290668910854,95.9
"42005",0,0,0,0,0.188253110057165,81.48
"42007",0,0,0,0,0.227552321324304,89.06
"42009",0,0,0,0,0.135333647839866,62.27
"42011",7.78165707793589e-05,0.298624874471915,1,0,0.278976151796739,95.42
"42013",0,0,0,0,0.226445019335383,88.9
"42015",0,0,0,0,0.138241493823373,63.92
"42017",1.9541173252042e-05,0.0749902026134115,1,0,0.375040422211555,99.59
"42019",0,0,0,0,0.250756887466125,92.36
"42021",0,0,0,0,0.203731243226893,84.92
"42023",0,0,0,0,0.0638471684736628,10.85
"42025",0,0,0,0,0.133943862028371,61.53
"42027",0,0,0,0,0.156646427170152,72.16
"42029",7.09577162968587e-06,0.027230368685925,1,0,0.335038148120847,98.79
"42031",0,0,0,0,0.134898940608746,62.14
"42033",0,0,0,0,0.160931352393692,73.88
"42035",0,0,0,0,0.143538220169631,66.62
"42037",0,0,0,0,0.157742470854497,72.67
"42039",0,0,0,0,0.195395618389643,83.55
"42041",0,0,0,0,0.187509770825484,81.23
"42043",1.4640716809495e-05,0.0561844627131013,1,0,0.199523275313578,84.41
"42045",8.05431832276875e-06,0.0309088382333555,1,0,0.275133701792331,95.07
"42047",0,0,0,0,0.120280583477796,53.74
"42049",7.69355049661869e-06,0.0295243741568924,1,0,0.24199956535741,91.38
"42051",0,0,0,0,0.19090588647492,82.37
"42053",0.00169851380042463,6.51812930537363,1,1,0.119828196342494,53.39
"42055",1.47540499867214e-05,0.0566193842919343,1,0,0.180793707988689,79.67
"42057",0,0,0,0,0.0912125769504544,32.71
"42059",0,0,0,0,0.0900573565595136,31.82
"42061",0,0,0,0,0.122854287524765,55.39
"42063",0,0,0,0,0.172094577560621,77.63
"42065",0,0,0,0,0.15229747912111,70.41
"42067",0,0,0,0,0.124585011830204,56.32
"42069",0,0,0,0,0.22965656299533,89.53
"42071",7.37520106202895e-05,0.283026927207865,1,0,0.35021710682179,99.17
"42073",0,0,0,0,0.197443972689922,83.96
"42075",0,0,0,0,0.20242572624491,84.79
"42077",0.000137372701296798,0.527174421460188,1,0,0.253305654388479,92.55
"42079",0.000108260947092238,0.415456649038122,1,0,0.248968477603444,92.17
"42081",3.66401025922873e-05,0.14060817545255,1,0,0.228380148333497,89.31
"42083",0,0,0,0,0.12849983884302,58.57
"42085",0,0,0,0,0.194689078228652,83.3
"42087",0,0,0,0,0.160147303094536,73.56
"42089",0.00164133642662121,6.29870835295089,1,1,0.191846618882515,82.53
"42091",1.79999856000115e-05,0.069075820053041,1,0,0.336262567655763,98.85
"42093",0,0,0,0,0.0621880814916723,9.7
"42095",0.000954650405541413,3.66351735451938,1,1,0.274155461149966,95
"42097",0,0,0,0,0.179351870174475,79.41
"42099",0,0,0,0,0.1401767222164,65
"42101",0.000243714757237833,0.935267232392695,1,0,0.218824874301167,87.69
"42103",0,0,0,0,0.137472097479904,63.57
"42105",0,0,0,0,0.104723328557455,43.59
"42107",0,0,0,0,0.194269271274852,83.14
"42109",0,0,0,0,0.144497559524854,66.97
"42111",0,0,0,0,0.195976593448117,83.68
"42113",0,0,0,0,0.0955950644478386,36.49
"42115",0,0,0,0,0.167451415995629,75.76
"42117",0,0,0,0,0.136319147968859,62.93
"42119",0,0,0,0,0.122280274009017,55.07
"42121",0,0,0,0,0.173852480851711,77.98
"42123",0,0,0,0,0.12898832699669,58.89
"42125",0.000230029276453367,0.882748534377372,1,0,0.25606682219925,92.81
"42127",0,0,0,0,0.18163824675664,79.99
"42129",0,0,0,0,0.289628637890948,96.31
"42131",0,0,0,0,0.121812114108079,54.79
"42133",0.000103967086990747,0.398978752094507,1,0,0.281213202190886,95.67
"44001",0,0,0,0,0.228081119514867,89.15
"44003",0,0,0,0,0.256446858058427,92.84
"44005",0,0,0,0,0.190562052196492,82.28
"44007",0,0,0,0,0.280115139707844,95.51
"44009",0,0,0,0,0.228125842388814,89.18
"45001",0,0,0,0,0.116296924316885,50.81
"45003",0,0,0,0,0.154971162055282,71.52
"45005",0,0,0,0,0.0648714518396069,11.45
"45007",0,0,0,0,0.21528000401694,87.27
"45009",0,0,0,0,0.089026788685028,30.96
"45011",0,0,0,0,0.0861466807597603,28.29
"45013",1.10455740384828e-05,0.0423879275028025,1,0,0.215280687347499,87.31
"45015",0,0,0,0,0.233913316620715,90.55
"45017",0,0,0,0,0.0872528642337247,29.27
"45019",1.58670216648314e-05,0.0608904672288679,1,0,0.286265024843077,96.12
"45021",0,0,0,0,0.146444623518197,68.15
"45023",0,0,0,0,0.128373512188533,58.51
"45025",0,0,0,0,0.10133868775615,40.76
"45027",0,0,0,0,0.124611395932285,56.35
"45029",0,0,0,0,0.144598845473101,67.07
"45031",0,0,0,0,0.122248932080276,55.01
"45033",0,0,0,0,0.0922211262960527,33.69
"45035",0,0,0,0,0.21638128809807,87.43
"45037",0,0,0,0,0.101937275672265,41.3
"45039",0,0,0,0,0.104981581027258,43.78
"45041",0,0,0,0,0.1781319598819,79.19
"45043",0,0,0,0,0.160997347792548,73.91
"45045",1.20982986767486e-05,0.0464278094946084,1,0,0.313773064906733,97.9
"45047",0,0,0,0,0.155933558930969,71.84
"45049",0,0,0,0,0.111075916300997,47.79
"45051",1.21827905900125e-05,0.0467520513204771,1,0,0.25881919866689,93.22
"45053",0,0,0,0,0.149431204150576,69.27
"45055",0,0,0,0,0.173958838091948,78.01
"45057",0,0,0,0,0.198979269928005,84.22
"45059",0,0,0,0,0.12770866003822,58.07
"45061",0,0,0,0,0.109322972321965,46.77
"45063",1.35715594400375e-05,0.0520815193162475,1,0,0.274250974664744,95.04
"45065",0,0,0,0,0.117341333687114,51.54
"45067",0,0,0,0,0.105549322042953,44.23
"45069",0,0,0,0,0.0813370734027664,24.24
"45071",0,0,0,0,0.108488906725502,46.17
"45073",0.00348239837258215,13.3638730987281,1,1,0.191982046680325,82.56
"45075",0,0,0,0,0.155953471047708,71.87
"45077",6.23558022073954e-05,0.239293423242422,1,0,0.154644804359565,71.4
"45079",7.65658677018372e-06,0.0293825240592063,1,0,0.23089882137019,89.79
"45081",0,0,0,0,0.0762858980769282,19.95
"45083",0,0,0,0,0.253928354454523,92.62
"45085",0,0,0,0,0.1573506487057,72.41
"45087",0,0,0,0,0.0868785674536975,28.86
"45089",0,0,0,0,0.0903194772199179,32.07
"45091",9.28661882650908e-05,0.356378513414318,1,0,0.287694419645441,96.25
"46003",0,0,0,0,0.0458646416541654,2.83
"46005",0,0,0,0,0.112165415109562,48.27
"46007",0,0,0,0,0.0481424627007883,3.31
"46009",0,0,0,0,0.0739965997140064,18.14
"46011",0,0,0,0,0.129585875641922,59.24
"46013",0,0,0,0,0.167299411346207,75.72
"46015",0,0,0,0,0.0817328292636719,24.56
"46017",0,0,0,0,0.0402210665248288,1.46
"46019",0,0,0,0,0.131015932557049,59.97
"46021",0,0,0,0,0.0533645032930986,5.28
"46023",0,0,0,0,0.089230415313443,31.15
"46025",0,0,0,0,0.0483646939344922,3.6
"46027",0,0,0,0,0.0729114968264584,17.59
"46029",0,0,0,0,0.170985980964992,77.19
"46031",0,0,0,0,0.0377176469614189,1.18
"46033",0,0,0,0,0.126733571927954,57.4
"46035",0,0,0,0,0.144191063593072,66.78
"46037",0,0,0,0,0.0794416173584798,22.59
"46039",0,0,0,0,0.0712165238537641,16.45
"46041",0,0,0,0,0.052669207397858,5.03
"46043",0,0,0,0,0.0559169009916514,6.46
"46045",0,0,0,0,0.0621723559506161,9.67
"46047",0,0,0,0,0.0879975674941631,30.1
"46049",0,0,0,0,0.0543547614515524,5.82
"46051",0,0,0,0,0.0797314617344559,22.88
"46053",0,0,0,0,0.0823239541219025,25.04
"46055",0,0,0,0,0.0623960026475442,9.93
"46057",0,0,0,0,0.0596748786890078,8.4
"46059",0,0,0,0,0.055918935879397,6.49
"46061",0,0,0,0,0.0662017294583129,12.44
"46063",0,0,0,0,0.0410546144763574,1.62
"46065",0,0,0,0,0.123629220600066,55.84
"46067",0,0,0,0,0.0682445323719138,14.22
"46069",0,0,0,0,0.0403847258823654,1.5
"46071",0,0,0,0,0.0457440296881295,2.77
"46073",0,0,0,0,0.0364175659248797,0.92
"46075",0,0,0,0,0.045232221594605,2.58
"46077",0,0,0,0,0.0674948977672567,13.46
"46079",0,0,0,0,0.099465361974116,39.26
"46081",0,0,0,0,0.166249494026599,75.37
"46083",0,0,0,0,0.185346525938188,80.85
"46085",0,0,0,0,0.0510403909361648,4.33
"46087",0,0,0,0,0.0829628890226958,25.71
"46089",0,0,0,0,0.0432923232554617,2.13
"46091",0,0,0,0,0.0534810260240605,5.35
"46093",0,0,0,0,0.163680613361206,74.83
"46095",0,0,0,0,0.0291395586046428,0.35
"46097",0,0,0,0,0.0609929311975967,9.29
"46099",0,0,0,0,0.253502692087424,92.59
"46101",0,0,0,0,0.0600605613366125,8.72
"46102",0,0,0,0,0.0339523367028585,0.64
"46103",0,0,0,0,0.251644456354684,92.4
"46105",0,0,0,0,0.0654097296421237,11.8
"46107",0,0,0,0,0.0539363267076933,5.5
"46109",0,0,0,0,0.0681107818617614,14.06
"46111",0.00551267916207277,21.1551743579863,1,1,0.0516380167056934,4.52
"46115",0,0,0,0,0.0526111034220704,4.96
"46117",0,0,0,0,0.0732045932921271,17.75
"46119",0,0,0,0,0.044128903855601,2.42
"46121",0,0,0,0,0.0311240051222814,0.54
"46123",0,0,0,0,0.0768650079546026,20.52
"46125",0,0,0,0,0.0812269515135687,24.09
"46127",0,0,0,0,0.13185657969668,60.45
"46129",0,0,0,0,0.0854816661823674,27.84
"46135",0.000821748955694035,3.15350157792677,1,1,0.153186173359106,70.76
"46137",0,0,0,0,0.0354785283903653,0.8
"47001",0,0,0,0,0.133698098035918,61.5
"47003",0,0,0,0,0.131357004574644,60.13
"47005",0,0,0,0,0.130787754734412,59.75
"47007",0.00384615384615385,14.7598024174566,1,1,0.129103937185937,59.02
"47009",0,0,0,0,0.208082576122795,85.78
"47011",0,0,0,0,0.189528315617911,81.83
"47013",0,0,0,0,0.136266933876542,62.9
"47015",0.000313381385145722,1.20261630477553,1,1,0.142664377653449,66.18
"47017",0.00110729708780866,4.24930642070504,1,1,0.12547433547813,56.63
"47019",0,0,0,0,0.133613730827853,61.47
"47021",0,0,0,0,0.142037583362107,65.99
"47023",0,0,0,0,0.101464417655705,40.92
"47025",0,0,0,0,0.101618053647033,41.01
"47027",0,0,0,0,0.0875340462714923,29.59
"47029",0,0,0,0,0.112391252276419,48.49
"47031",0,0,0,0,0.157303733674133,72.32
"47033",0,0,0,0,0.0802787151902218,23.26
"47035",0,0,0,0,0.163069548351818,74.61
"47037",6.60652047457376e-05,0.253528435866135,1,0,0.300211788624175,97.04
"47039",0,0,0,0,0.134352736652935,61.76
"47041",0,0,0,0,0.100057639187819,39.61
"47043",4.62984397425807e-05,0.177672513937623,1,0,0.17044286675145,76.84
"47045",5.29044545550735e-05,0.203023417021412,1,0,0.109229667750323,46.68
"47047",0,0,0,0,0.173078076713612,77.76
"47049",0,0,0,0,0.0880479559648589,30.23
"47051",0,0,0,0,0.123281570771191,55.65
"47053",0,0,0,0,0.141633569532866,65.83
"47055",0,0,0,0,0.122211174784154,54.98
"47057",0,0,0,0,0.100061475397301,39.64
"47059",0.000492957746478873,1.89174932392754,1,1,0.157938514578853,72.8
"47061",0,0,0,0,0.0982781255534738,38.28
"47063",0,0,0,0,0.152763402444667,70.54
"47065",0.000267131853854591,1.02513147939869,1,1,0.303509453186036,97.33
"47067",0,0,0,0,0.07591438108404,19.6
"47069",0,0,0,0,0.0935403015654207,34.65
"47071",0,0,0,0,0.127746657661611,58.13
"47073",0,0,0,0,0.107763002185552,45.63
"47075",0,0,0,0,0.0697339576220968,15.46
"47077",0,0,0,0,0.109999596905015,47.28
"47079",0,0,0,0,0.144308633007008,66.91
"47081",0,0,0,0,0.126297475643306,57.05
"47083",0,0,0,0,0.126999105094267,57.62
"47085",0,0,0,0,0.106197091787908,44.61
"47087",0,0,0,0,0.107389019682622,45.31
"47089",0.00190091481525484,7.29485304225016,1,1,0.13199012779243,60.55
"47091",0,0,0,0,0.0944214316077714,35.35
"47093",3.39810114108236e-06,0.0130403783735965,1,0,0.290643408864353,96.34
"47095",0,0,0,0,0.0541715027240428,5.7
"47097",0,0,0,0,0.071204646038514,16.42
"47099",0,0,0,0,0.133171645340588,61.15
"47101",0.00103815208928108,3.98395912643522,1,1,0.121362690196768,54.53
"47103",0,0,0,0,0.118090910035623,52.05
"47105",4.67595623304966e-05,0.179442094292468,1,0,0.150939211286451,69.81
"47107",0,0,0,0,0.132950381025797,61.06
"47109",0,0,0,0,0.138509881606124,64.08
"47111",0,0,0,0,0.103103534738596,42.54
"47113",0,0,0,0,0.185466111044973,80.88
"47115",0,0,0,0,0.11983900607359,53.42
"47117",0,0,0,0,0.128678963809289,58.7
"47119",0.00636163952090845,24.41310101872,1,1,0.213732853033328,86.89
"47121",0,0,0,0,0.0722861265453603,17.18
"47123",0,0,0,0,0.116565074717724,50.94
"47125",0,0,0,0,0.199495591711148,84.35
"47127",0,0,0,0,0.0577111460351237,7.35
"47129",0,0,0,0,0.0790584672555285,22.3
"47131",0,0,0,0,0.117251581642032,51.42
"47133",0,0,0,0,0.126083029772333,56.95
"47135",0,0,0,0,0.0795204984678852,22.69
"47137",0,0,0,0,0.108348805339017,46.07
"47139",0,0,0,0,0.109512407114821,46.93
"47141",0,0,0,0,0.185109905352138,80.75
"47143",0,0,0,0,0.0842804605626166,26.92
"47145",0,0,0,0,0.106398319396261,44.8
"47147",0,0,0,0,0.161590873644888,74.13
"47149",2.36672386249334e-05,0.090824179126412,1,0,0.240337317851432,91.31
"47151",0,0,0,0,0.10053000416331,40.06
"47153",0.00339136332805788,13.014521688465,1,1,0.120350152434317,53.77
"47155",0,0,0,0,0.158139561309069,72.92
"47157",1.27974726819664e-05,0.0491109237394417,1,0,0.284515121646021,95.99
"47159",0,0,0,0,0.0970336622555412,37.45
"47161",0,0,0,0,0.0864349033701263,28.51
"47163",0.00194836195661991,7.47693375452377,1,1,0.212144648421764,86.64
"47165",0,0,0,0,0.256806727592633,92.87
"47167",0,0,0,0,0.145200508995299,67.36
"47169",0,0,0,0,0.0792833957206184,22.4
"47171",0,0,0,0,0.0886844833085922,30.73
"47173",0,0,0,0,0.122259616040327,55.04
"47175",0,0,0,0,0.101720634986862,41.14
"47177",0,0,0,0,0.138425022671187,64.02
"47179",0,0,0,0,0.197583953249366,84
"47181",0,0,0,0,0.0876005267519061,29.65
"47183",0,0,0,0,0.113283860593601,48.97
"47185",0,0,0,0,0.122805550740993,55.33
"47187",5.85178596507654e-05,0.224565132047816,1,0,0.280189162261573,95.55
"47189",0,0,0,0,0.197290997381401,83.9
"48001",0,0,0,0,0.151597042697082,70.12
"48003",0,0,0,0,0.0810033402951477,23.77
"48005",0,0,0,0,0.168286983169273,76.11
"48007",0,0,0,0,0.160792521142277,73.81
"48009",0,0,0,0,0.0825018437574244,25.17
"48011",0,0,0,0,0.0672955314620673,13.17
"48013",0,0,0,0,0.119232849704194,52.88
"48015",0,0,0,0,0.184618068527945,80.69
"48017",0,0,0,0,0.0602953503731244,8.91
"48019",0,0,0,0,0.137107846859516,63.35
"48021",0,0,0,0,0.199950898079409,84.51
"48023",0,0,0,0,0.0750707551580416,18.9
"48025",0,0,0,0,0.0951661797443534,35.98
"48027",0,0,0,0,0.147869802796913,68.72
"48029",2.7926408328772e-05,0.107168949982091,1,0,0.2600086701913,93.35
"48031",0,0,0,0,0.138109523952095,63.79
"48033",0,0,0,0,0.0662491077524894,12.5
"48035",0,0,0,0,0.10230067995307,41.68
"48037",0.000643652513463065,2.47004782029569,1,1,0.202134561540802,84.76
"48039",0.000857349665141709,3.2901210316427,1,1,0.227029668242248,88.96
"48041",1.4034102869974e-05,0.0538565522214402,1,0,0.16356166855778,74.74
"48043",0,0,0,0,0.102386179092945,41.84
"48045",0,0,0,0,0.0674611681419125,13.39
"48047",0,0,0,0,0.0628270208390433,10.21
"48049",0,0,0,0,0.140121541087551,64.91
"48051",0,0,0,0,0.118360265870872,52.21
"48053",0,0,0,0,0.203059549270778,84.86
"48055",0,0,0,0,0.134882347736051,62.07
"48057",0,0,0,0,0.0842413754233838,26.79
"48059",0,0,0,0,0.123744585149323,55.93
"48061",5.09257163550767e-05,0.195429912955777,1,0,0.179154495962881,79.35
"48063",0,0,0,0,0.0874000391683025,29.46
"48065",0,0,0,0,0.0376368240220638,1.11
"48067",0,0,0,0,0.0963030164457503,37.07
"48069",0,0,0,0,0.0484933454685218,3.66
"48071",0,0,0,0,0.121255281746715,54.47
"48073",0,0,0,0,0.131897118957534,60.48
"48075",0,0,0,0,0.078570700308269,21.89
"48077",0,0,0,0,0.0858787880368059,28.06
"48079",0,0,0,0,0.0866244693102884,28.7
"48081",0,0,0,0,0.0693827861842636,15.14
"48083",0,0,0,0,0.0964476584289754,37.13
"48085",0.00026300622610418,1.00929918228324,1,1,0.280372835913564,95.61
"48087",0,0,0,0,0.0713275031759812,16.51
"48089",0,0,0,0,0.120612996340667,53.96
"48091",1.15016562384983e-05,0.0441381651239732,1,0,0.267549113906335,94.21
"48093",0,0,0,0,0.0905566130923181,32.23
"48095",0,0,0,0,0.0753413784786885,19.03
"48097",0,0,0,0,0.138222792488947,63.89
"48099",0,0,0,0,0.12771036923962,58.1
"48101",0.0074280408542247,28.5054679928596,1,1,0.120961669132618,54.28
"48103",0,0,0,0,0.058115064140768,7.54
"48105",0,0,0,0,0.0719393594565474,16.77
"48107",0,0,0,0,0.0764593509738633,20.17
"48109",0,0,0,0,0.058951674338865,8.02
"48111",0,0,0,0,0.0693916815779495,15.18
"48113",9.5221429707391e-05,0.365416866981095,1,0,0.390165669698211,99.78
"48115",0,0,0,0,0.0802291069550895,23.19
"48117",0,0,0,0,0.0647248010453342,11.29
"48119",0,0,0,0,0.087898051033591,29.94
"48121",1.37766474803889e-05,0.052868554644228,1,0,0.314637728932722,97.93
"48123",0,0,0,0,0.0927381974598961,34.11
"48125",0,0,0,0,0.0895793987056827,31.34
"48127",0,0,0,0,0.0809262603902271,23.7
"48129",0,0,0,0,0.0762853766754242,19.92
"48131",0,0,0,0,0.06532516784243,11.74
"48133",0,0,0,0,0.110538817393914,47.44
"48135",1.1341468947058e-05,0.043523438603397,1,0,0.181559941722123,79.86
"48137",0,0,0,0,0.0942354250706619,35.22
"48139",0,0,0,0,0.235937111604149,90.74
"48141",4.96386307680089e-06,0.0190490659426313,1,0,0.222854484601208,88.23
"48143",0,0,0,0,0.143521364409588,66.59
"48145",0,0,0,0,0.0871292596878547,29.18
"48147",0,0,0,0,0.117408260126828,51.64
"48149",0,0,0,0,0.154908384655343,71.49
"48151",0,0,0,0,0.0667049819351138,12.76
"48153",0,0,0,0,0.0598718270242869,8.5
"48155",0,0,0,0,0.0718126918307669,16.74
"48157",1.00508573381309e-05,0.0385706537935828,1,0,0.248410242435818,92.11
"48159",0,0,0,0,0.0645783199802578,11.2
"48161",0,0,0,0,0.0943790660736682,35.28
"48163",0,0,0,0,0.0641572443805943,10.94
"48165",0,0,0,0,0.120400480613527,53.9
"48167",0,0,0,0,0.189065857028136,81.71
"48169",0,0,0,0,0.0700757579192997,15.72
"48171",0,0,0,0,0.184448498163731,80.66
"48173",0,0,0,0,0.068537358556281,14.41
"48175",0,0,0,0,0.0830913549589873,25.8
"48177",0,0,0,0,0.070574571627973,16
"48179",0,0,0,0,0.101388457925139,40.82
"48181",0,0,0,0,0.206817853980459,85.46
"48183",0,0,0,0,0.230020250736103,89.63
"48185",0,0,0,0,0.127226389632191,57.72
"48187",1.78574617403882e-05,0.0685288778110095,1,0,0.190546185821797,82.25
"48189",0,0,0,0,0.104435259700075,43.4
"48191",0,0,0,0,0.089729745301698,31.59
"48193",0,0,0,0,0.0707961857464488,16.16
"48195",0,0,0,0,0.0698474589803709,15.56
"48197",0,0,0,0,0.0613082978826252,9.45
"48199",0,0,0,0,0.135758823357951,62.68
"48201",4.2203257436596e-05,0.161957052695676,1,0,0.360785790680125,99.4
"48203",0,0,0,0,0.163689619607362,74.86
"48205",0,0,0,0,0.0539409490233751,5.54
"48207",0,0,0,0,0.0858164022459004,28
"48209",4.55767740759309e-05,0.174903086848308,1,0,0.248059776245715,92.08
"48211",0,0,0,0,0.0717202626091434,16.7
"48213",0,0,0,0,0.174227009743147,78.05
"48215",9.92903659142014e-05,0.381031607541152,1,0,0.189750150401009,81.86
"48217",0,0,0,0,0.128819724504329,58.77
"48219",0,0,0,0,0.0755250099999478,19.19
"48221",0,0,0,0,0.196455299475241,83.81
"48223",0,0,0,0,0.145952424540444,67.83
"48225",0,0,0,0,0.170382155236875,76.81
"48227",0,0,0,0,0.129339206348433,59.08
"48229",0,0,0,0,0.0600417764715415,8.59
"48231",0,0,0,0,0.163128384994285,74.67
"48233",0,0,0,0,0.0787178335525617,21.95
"48235",0,0,0,0,0.0483459412750986,3.56
"48237",0,0,0,0,0.0879647316820145,30.03
"48239",0,0,0,0,0.0686758045569288,14.67
"48241",0,0,0,0,0.112960230243977,48.93
"48243",0,0,0,0,0.0651923044847629,11.68
"48245",0,0,0,0,0.217897759854461,87.56
"48247",0,0,0,0,0.0577738858796693,7.38
"48249",0,0,0,0,0.0812821288996733,24.18
"48251",0,0,0,0,0.228126823034087,89.21
"48253",0,0,0,0,0.0919099166878899,33.31
"48255",0,0,0,0,0.0721925879780337,17.02
"48257",0,0,0,0,0.206298974342988,85.43
"48259",4.15144470275656e-05,0.159313709255178,1,0,0.204969782006594,85.21
"48261",0,0,0,0,0.0156283950068661,0.06
"48263",0,0,0,0,0.066102376013038,12.41
"48265",0,0,0,0,0.181618381341471,79.96
"48267",0,0,0,0,0.0990917654999509,38.98
"48269",0,0,0,0,0.0386419040183684,1.3
"48271",0,0,0,0,0.0407732002010404,1.53
"48273",0,0,0,0,0.101145149650289,40.6
"48275",0,0,0,0,0.0523934282888994,4.77
"48277",0,0,0,0,0.142555687516219,66.12
"48279",0,0,0,0,0.0614689585544683,9.51
"48281",0,0,0,0,0.119911489284382,53.55
"48283",0,0,0,0,0.0590214586714752,8.05
"48285",0,0,0,0,0.108519705852303,46.2
"48287",0,0,0,0,0.0945149710440672,35.41
"48289",0,0,0,0,0.076239731759695,19.89
"48291",0,0,0,0,0.141234457200478,65.57
"48293",0,0,0,0,0.0760477108752617,19.69
"48295",0,0,0,0,0.0580925008044885,7.48
"48297",0,0,0,0,0.0746316014927985,18.58
"48299",0,0,0,0,0.128887070742337,58.86
"48301",0,0,0,0,0.0215343003895765,0.13
"48303",9.84907737319313e-05,0.37796313365869,1,0,0.244050314679844,91.63
"48305",0,0,0,0,0.0694486214108834,15.24
"48307",0,0,0,0,0.0790335403969215,22.27
"48309",0,0,0,0,0.228499931263371,89.34
"48311",0,0,0,0,0.0675838659353103,13.55
"48313",0,0,0,0,0.0658243034833342,12.19
"48315",0,0,0,0,0.0774888286119935,20.97
"48317",0,0,0,0,0.070192380780485,15.78
"48319",0,0,0,0,0.104204423667755,43.24
"48321",0,0,0,0,0.115364778143627,50.3
"48323",0,0,0,0,0.113987939050916,49.35
"48325",0,0,0,0,0.125340948065115,56.57
"48327",0,0,0,0,0.0797924292772022,22.94
"48329",0,0,0,0,0.149586866076509,69.39
"48331",0,0,0,0,0.109732847926672,47.09
"48333",0,0,0,0,0.0829246484539057,25.61
"48335",0,0,0,0,0.057627878538182,7.29
"48337",0,0,0,0,0.126346467241117,57.17
"48339",1.50314344873717e-05,0.057683860801983,1,0,0.27389996116555,94.91
"48341",0,0,0,0,0.0610417040589137,9.32
"48343",0,0,0,0,0.0672473673560004,13.14
"48345",0,0,0,0,0.0876781590008567,29.75
"48347",0,0,0,0,0.141546400677631,65.73
"48349",0,0,0,0,0.153746670817435,71.08
"48351",0,0,0,0,0.0757161638966643,19.38
"48353",0,0,0,0,0.0864237784743537,28.48
"48355",0,0,0,0,0.229078416010245,89.44
"48357",0,0,0,0,0.0668685350224545,12.89
"48359",0,0,0,0,0.0429374300922928,2.07
"48361",0,0,0,0,0.150999286275284,69.84
"48363",0.00639853747714808,24.5546987200832,1,1,0.148875751678757,69.04
"48365",0,0,0,0,0.102328685299293,41.71
"48367",0.000156519017060573,0.60064933926103,1,0,0.255191183229217,92.71
"48369",0,0,0,0,0.0437011561976424,2.32
"48371",0,0,0,0,0.0944165993065202,35.32
"48373",0,0,0,0,0.121758151455857,54.76
"48375",2.353771919501e-05,0.0903271420157402,1,0,0.21643652500642,87.46
"48377",0,0,0,0,0.0808959905962947,23.67
"48379",0,0,0,0,0.103463535367872,42.79
"48381",0,0,0,0,0.214483438422262,87.15
"48383",0,0,0,0,0.0608308637646272,9.26
"48385",0,0,0,0,0.0686498473581416,14.6
"48387",0,0,0,0,0.0826884055554347,25.42
"48389",0,0,0,0,0.0811809177366421,24.02
"48391",0,0,0,0,0.0660902342413488,12.38
"48393",0,0,0,0,0.0742084751131063,18.36
"48395",0,0,0,0,0.0810279800056518,23.8
"48397",0,0,0,0,0.224413509517838,88.55
"48399",0,0,0,0,0.0721767633365064,16.96
"48401",0,0,0,0,0.12581126407822,56.82
"48403",0,0,0,0,0.0863710195389157,28.44
"48405",0,0,0,0,0.0556623720582999,6.2
"48407",0,0,0,0,0.136439668931043,63
"48409",0,0,0,0,0.128587057059041,58.64
"48411",0,0,0,0,0.0811032017921918,23.93
"48413",0,0,0,0,0.0708844527179067,16.19
"48415",0,0,0,0,0.0810029849685682,23.74
"48417",0,0,0,0,0.0681638151092202,14.16
"48419",0,0,0,0,0.0917238689349301,33.03
"48421",0,0,0,0,0.0368018919499514,0.99
"48423",7.73150045229278e-06,0.0296700089572427,1,0,0.234155120482389,90.58
"48425",0,0,0,0,0.0836686001326223,26.25
"48427",0,0,0,0,0.106757702126252,44.99
"48429",0,0,0,0,0.0794296355152618,22.56
"48431",0,0,0,0,0.0469753610582133,3.05
"48433",0,0,0,0,0.0912228314183123,32.74
"48435",0,0,0,0,0.0587454338313736,7.92
"48437",0,0,0,0,0.0722313367952859,17.09
"48439",5.3089029417516e-06,0.020373173203164,1,0,0.342502183518615,99.05
"48441",0,0,0,0,0.19489983234115,83.42
"48443",0,0,0,0,0.0558715890130392,6.4
"48445",0,0,0,0,0.0827106974467281,25.49
"48447",0,0,0,0,0.0673193381805474,13.2
"48449",0,0,0,0,0.102690076541245,42.16
"48451",0,0,0,0,0.195347119401192,83.52
"48453",3.2126707735308e-05,0.123287803209096,1,0,0.32901529744064,98.57
"48455",0,0,0,0,0.10202975551737,41.46
"48457",0,0,0,0,0.0881952344027242,30.42
"48459",0,0,0,0,0.113978298216879,49.28
"48461",0,0,0,0,0.0359690136592958,0.86
"48463",0,0,0,0,0.129355380514345,59.12
"48465",0,0,0,0,0.110812827258784,47.57
"48467",0,0,0,0,0.174977518063693,78.27
"48469",0,0,0,0,0.211331165471174,86.48
"48471",0,0,0,0,0.0936097847811523,34.68
"48473",3.23886639676113e-05,0.124293072989108,1,0,0.140112906751798,64.87
"48475",0,0,0,0,0.0810406278781211,23.86
"48477",0,0,0,0,0.149208666537017,69.17
"48479",0,0,0,0,0.16752059091033,75.79
"48481",0,0,0,0,0.12942275791376,59.18
"48483",0,0,0,0,0.0744055866852061,18.45
"48485",0,0,0,0,0.170801966208366,77
"48487",0,0,0,0,0.0698226008214069,15.53
"48489",0,0,0,0,0.0747991055864336,18.77
"48491",0,0,0,0,0.27047529628619,94.5
"48493",0,0,0,0,0.149030801015116,69.11
"48495",0,0,0,0,0.0542658089053876,5.76
"48497",0,0,0,0,0.173598490534716,77.89
"48499",0.00236442681717642,9.07360288953553,1,1,0.17423459270862,78.08
"48501",0,0,0,0,0.0715117672862587,16.61
"48503",0,0,0,0,0.107861001441762,45.78
"48505",0,0,0,0,0.087180445261695,29.24
"48507",0,0,0,0,0.0666404067131826,12.69
"49001",0,0,0,0,0.0806401754687637,23.51
"49003",0.000113580433877257,0.435870438254502,1,0,0.137457794211184,63.51
"49005",0.00374521086541635,14.3724288201668,1,1,0.24316329824792,91.6
"49007",0,0,0,0,0.109084602716743,46.45
"49009",0.00184162062615101,7.06730870817444,1,1,0.0838619664483689,26.44
"49011",0.00275804583259275,10.5841350023132,1,1,0.293287974109134,96.47
"49013",0,0,0,0,0.115208179566518,50.21
"49015",0,0,0,0,0.0657405049558313,12.12
"49017",0,0,0,0,0.069608854939949,15.37
"49019",0.00334627225271048,12.8414824941063,1,1,0.126914503108741,57.59
"49021",0,0,0,0,0.197302090640493,83.93
"49023",0.000192678227360308,0.739412067155823,1,0,0.0996428569970508,39.33
"49025",0,0,0,0,0.0987620226896765,38.66
"49027",0.0100016131634135,38.3816768784321,1,1,0.0965965562208828,37.32
"49029",0,0,0,0,0.131814760978075,60.39
"49031",0,0,0,0,0.0421680358936764,1.81
"49033",0.000708215297450425,2.71781064344102,1,1,0.102724716861754,42.25
"49035",0.000367566731000328,1.41055520444677,1,1,0.435079002980332,100
"49037",0,0,0,0,0.0835801261668997,26.09
"49039",0,0,0,0,0.139425677925459,64.62
"49041",0,0,0,0,0.136804918344713,63.16
"49043",8.49762066621346e-05,0.326100325334698,1,0,0.200081028169642,84.54
"49045",0.00893129438417636,34.2742765150716,1,1,0.180860193466341,79.7
"49047",0.0020232985898222,7.7645067284965,1,1,0.1648413949964,75.15
"49049",0.000996232272712793,3.82308979185499,1,1,0.353612331406561,99.24
"49051",0.000143688483368058,0.5514115422859,1,0,0.228692720056846,89.41
"49053",0,0,0,0,0.277657634187022,95.26
"49055",0,0,0,0,0.0773751591077413,20.9
"49057",0.00166622284779549,6.39421120439746,1,1,0.258654172416242,93.19
"50001",0.000576036866359447,2.21056948648544,1,1,0.193515897686103,82.98
"50003",5.17517983749935e-05,0.198600042878369,1,0,0.190486175751316,82.15
"50005",0.000155969741870077,0.598541469007053,1,0,0.186139234281347,80.94
"50007",0.000162290517108837,0.622797751355858,1,0,0.276965414149812,95.2
"50009",0,0,0,0,0.0917667619385138,33.15
"50011",0.000148031185236356,0.568076871884741,1,0,0.152232664546082,70.38
"50013",0,0,0,0,0.146357773796195,68.06
"50015",0.00096299353418627,3.69553451640818,1,1,0.186008289954348,80.91
"50017",0,0,0,0,0.156503937755394,72.1
"50019",0.0010904276033959,4.18456895393271,1,1,0.170134933394769,76.68
"50021",0,0,0,0,0.221238259818695,87.97
"50023",0.000181309573145462,0.695784303765309,1,0,0.191504843174684,82.47
"50025",4.14714054659312e-05,0.159148535169358,1,0,0.209848802009625,86.16
"50027",0,0,0,0,0.222145325676955,88.13
"51001",0,0,0,0,0.104698421577749,43.56
"51003",4.01740877134248e-05,0.154170015207448,1,0,0.157547184222169,72.57
"51005",0,0,0,0,0.11516187684791,50.14
"51007",0,0,0,0,0.117138843963006,51.32
"51009",0,0,0,0,0.118261346776146,52.15
"51011",0,0,0,0,0.102591652177875,42.03
"51013",0,0,0,0,0.129395046747891,59.15
"51015",0,0,0,0,0.155642275240566,71.75
"51017",0,0,0,0,0.0764955656371819,20.24
"51019",0,0,0,0,0.208620216506499,85.91
"51021",0,0,0,0,0.0650693005276895,11.55
"51023",0,0,0,0,0.140174761319,64.97
"51025",0,0,0,0,0.0812099343580515,24.05
"51027",0.00015382248884787,0.590301281116555,1,0,0.0746608250683542,18.64
"51029",0,0,0,0,0.0855449600577273,27.87
"51031",0,0,0,0,0.153078638852301,70.7
"51033",0,0,0,0,0.10520256077882,43.94
"51035",0,0,0,0,0.126043634971361,56.89
"51036",0,0,0,0,0.0896086114069135,31.4
"51037",0.000618238021638331,2.37251847204867,1,1,0.10718535774992,45.21
"51041",2.46631932669482e-05,0.0946462034969627,1,0,0.242559678488974,91.54
"51043",0,0,0,0,0.121135129136156,54.37
"51045",0,0,0,0,0.090103528271861,31.88
"51047",0,0,0,0,0.151163207544956,69.9
"51049",0,0,0,0,0.0921892792389559,33.63
"51051",0,0,0,0,0.060093658611201,8.75
"51053",0,0,0,0,0.0806973624906117,23.58
"51057",0,0,0,0,0.115026922215827,50.02
"51059",1.93663335657293e-05,0.074319246814988,1,0,0.178314868746963,79.26
"51061",0,0,0,0,0.207242184738968,85.52
"51063",0,0,0,0,0.122870309760485,55.42
"51065",0,0,0,0,0.118617758215044,52.34
"51067",0,0,0,0,0.164305769245796,74.99
"51069",0,0,0,0,0.172345959387451,77.66
"51071",0,0,0,0,0.075730420275177,19.41
"51073",0,0,0,0,0.175156587195172,78.3
"51075",0,0,0,0,0.0873693911367077,29.43
"51077",0,0,0,0,0.079300571169922,22.43
"51079",0,0,0,0,0.118442495323634,52.24
"51081",0,0,0,0,0.0602474985321457,8.88
"51083",0,0,0,0,0.127590368113998,57.87
"51085",0,0,0,0,0.231766068444695,89.98
"51087",0,0,0,0,0.286495147545702,96.15
"51089",0,0,0,0,0.138829840656996,64.37
"51091",0,0,0,0,0.0784374499885108,21.76
"51093",0,0,0,0,0.1288514696972,58.8
"51095",0,0,0,0,0.173462920332175,77.86
"51097",0.000692520775623269,2.65758215272765,1,1,0.127027809106974,57.68
"51099",0,0,0,0,0.0574092291702945,7.16
"51101",0,0,0,0,0.110933320648504,47.63
"51103",0,0,0,0,0.127452207233596,57.84
"51105",0,0,0,0,0.0808455942054326,23.64
"51107",0,0,0,0,0.233705020288773,90.42
"51109",0,0,0,0,0.121178184087301,54.41
"51111",0,0,0,0,0.0933742161962774,34.52
"51113",0.00100578325370883,3.85974214587752,1,1,0.132643124761713,60.93
"51115",0,0,0,0,0.0810355203349195,23.83
"51117",0,0,0,0,0.12668844263296,57.33
"51119",0,0,0,0,0.106419511349054,44.83
"51121",0,0,0,0,0.135661840559088,62.58
"51125",0,0,0,0,0.107270972257593,45.28
"51127",0,0,0,0,0.11962169029023,53.2
"51131",0,0,0,0,0.0798279662303856,22.97
"51133",0,0,0,0,0.109723806313431,47.06
"51135",0,0,0,0,0.0651366393115931,11.58
"51137",0,0,0,0,0.127340751510359,57.78
"51139",0,0,0,0,0.111783846336537,48.04
"51141",0,0,0,0,0.0982178576150514,38.24
"51143",0.00125794491525424,4.82742478431116,1,1,0.15214722223816,70.31
"51145",0,0,0,0,0.149111373813737,69.14
"51147",0,0,0,0,0.104691413580752,43.53
"51149",0,0,0,0,0.0684804794995174,14.38
"51153",8.119660598187e-05,0.311595923927724,1,0,0.230242479038361,89.66
"51155",0,0,0,0,0.0902118503876977,31.91
"51157",0,0,0,0,0.100945038525149,40.44
"51159",0,0,0,0,0.104527670065934,43.46
"51161",0,0,0,0,0.195129418993459,83.49
"51163",0,0,0,0,0.129775416832048,59.4
"51165",0,0,0,0,0.15150725946198,70.06
"51167",0,0,0,0,0.0857897280868558,27.94
"51169",0,0,0,0,0.0686802669932674,14.7
"51171",0,0,0,0,0.12410909059816,56.09
"51173",0,0,0,0,0.076954658343031,20.65
"51175",0,0,0,0,0.0884935557520844,30.54
"51177",0,0,0,0,0.239048831387676,91.19
"51179",0,0,0,0,0.181611565134375,79.92
"51181",0,0,0,0,0.0728809124811496,17.56
"51183",0,0,0,0,0.100158734215478,39.74
"51185",0.000198530871550526,0.761871873841319,1,0,0.116208998456785,50.75
"51187",0,0,0,0,0.147282378762142,68.47
"51191",0,0,0,0,0.143946034417669,66.72
"51193",0,0,0,0,0.102724966275894,42.28
"51195",0,0,0,0,0.0813157997306297,24.21
"51197",0,0,0,0,0.118644908079449,52.37
"51199",0,0,0,0,0.148278224561159,68.88
"51510",0,0,0,0,0.201335656654615,84.66
"51520",0,0,0,0,0.112097144730464,48.2
"51530",0,0,0,0,0.0742454417785019,18.39
"51540",0,0,0,0,0.173604090399417,77.92
"51550",0,0,0,0,0.249461316426956,92.24
"51570",0,0,0,0,0.125687428852715,56.79
"51580",0,0,0,0,0.0843900624657705,26.98
"51590",0,0,0,0,0.143476565033548,66.56
"51595",0,0,0,0,0.0829271876450789,25.64
"51600",0,0,0,0,0.144509028191465,67.01
"51610",0,0,0,0,0.114782339258125,49.89
"51620",0,0,0,0,0.0926179926802176,34.04
"51630",0,0,0,0,0.157858991267007,72.76
"51640",0,0,0,0,0.104786789458992,43.65
"51650",0,0,0,0,0.154979309893011,71.56
"51660",0,0,0,0,0.162112703603211,74.32
"51670",0,0,0,0,0.10249615857237,42
"51678",0,0,0,0,0.0729527504664327,17.63
"51680",0,0,0,0,0.159032021881555,73.37
"51683",0,0,0,0,0.148264743286605,68.85
"51685",0,0,0,0,0.106629872049767,44.96
"51690",0,0,0,0,0.0940997704982269,35.13
"51700",0,0,0,0,0.105808560824485,44.45
"51710",0,0,0,0,0.169551363341816,76.52
"51720",0,0,0,0,0.0858056513417388,27.97
"51730",0.000381068516119198,1.46236896141252,1,1,0.140663429031206,65.26
"51735",0,0,0,0,0.0858796534253622,28.09
"51740",0,0,0,0,0.095013653574379,35.86
"51750",0,0,0,0,0.0747407326688944,18.74
"51760",0.00111435828803977,4.27640411996777,1,1,0.213113321144181,86.76
"51770",0,0,0,0,0.193086473168595,82.85
"51775",0,0,0,0,0.145847563425825,67.67
"51790",0,0,0,0,0.129603496397331,59.27
"51800",0,0,0,0,0.145841019443226,67.64
"51810",4.61180160029515e-06,0.0176980129063054,1,0,0.232661349069342,90.3
"51820",9.67398664989842e-05,0.371243942008196,1,0,0.133607761219986,61.44
"51830",0,0,0,0,0.08441810608422,27.01
"51840",0,0,0,0,0.112698228327932,48.74
"53001",0,0,0,0,0.0669649066182458,12.92
"53003",0,0,0,0,0.135455652188195,62.42
"53005",0,0,0,0,0.171657028434675,77.47
"53007",0,0,0,0,0.170918671773232,77.09
"53009",0,0,0,0,0.182403209429011,80.34
"53011",0.00029665639533771,1.13843334307547,1,1,0.308873667274434,97.68
"53013",0,0,0,0,0.0677609355628242,13.71
"53015",0,0,0,0,0.182251591561878,80.31
"53017",0,0,0,0,0.133987923610441,61.6
"53019",0,0,0,0,0.0870133661422437,28.95
"53021",0,0,0,0,0.162565443448837,74.39
"53023",0,0,0,0,0.0542216261619896,5.73
"53025",0.00121766879408801,4.67286321076684,1,1,0.140111630583352,64.84
"53027",0,0,0,0,0.145829588463321,67.61
"53029",0,0,0,0,0.190128423005183,81.96
"53031",0,0,0,0,0.195753915657563,83.61
"53033",5.68764219105478e-05,0.218266034899012,1,0,0.318822449013965,98.25
"53035",3.63203820904196e-05,0.139381232479092,1,0,0.19334973553573,82.95
"53037",0,0,0,0,0.152673123680932,70.51
"53039",0,0,0,0,0.133016827157709,61.09
"53041",0.000680889695869269,2.61294731856926,1,1,0.206018916063128,85.4
"53043",0,0,0,0,0.078358804395668,21.64
"53045",0.00244299674267101,9.3751187993617,1,1,0.150688229105266,69.65
"53047",0.00147407212424322,5.65682345875674,1,1,0.129753510158217,59.34
"53049",0,0,0,0,0.129426128245212,59.21
"53051",0,0,0,0,0.0929636881233589,34.3
"53053",0,0,0,0,0.266601615694921,93.99
"53055",0,0,0,0,0.21411105569615,87.05
"53057",9.92490157805935e-05,0.380872924392635,1,0,0.233798959071941,90.49
"53059",0,0,0,0,0.107683986319577,45.53
"53061",0.000385157796186345,1.47806177252591,1,1,0.301603737742689,97.1
"53063",0,0,0,0,0.315605687505321,97.96
"53065",0,0,0,0,0.153812681848291,71.11
"53067",0.000105698561794903,0.405623370854544,1,0,0.201773196554135,84.7
"53069",0,0,0,0,0.0947417882585497,35.67
"53071",0,0,0,0,0.129008202553924,58.92
"53073",0.000251256281407035,0.964208198125307,1,0,0.291869929719026,96.37
"53075",0,0,0,0,0.100738347019951,40.18
"53077",0,0,0,0,0.154564037855791,71.36
"54001",0,0,0,0,0.0665925515335792,12.66
"54003",0,0,0,0,0.17636185376749,78.59
"54005",0,0,0,0,0.0791453304837272,22.37
"54007",0,0,0,0,0.083529516537415,26.06
"54009",0,0,0,0,0.0974554319017623,37.77
"54011",0.00227855311876958,8.74405839598684,1,1,0.200465225078295,84.6
"54013",0,0,0,0,0.0562232145253073,6.62
"54015",0,0,0,0,0.0519656161887521,4.61
"54017",0,0,0,0,0.0486802010492929,3.72
"54019",0,0,0,0,0.134682857583694,61.92
"54021",0,0,0,0,0.0566206576775897,6.94
"54023",0,0,0,0,0.102010523098251,41.43
"54025",0,0,0,0,0.14023725013765,65.03
"54027",0,0,0,0,0.125275207619678,56.54
"54029",0,0,0,0,0.120835267322611,54.18
"54031",0,0,0,0,0.0878503641152663,29.84
"54033",0,0,0,0,0.147378268272232,68.57
"54035",0,0,0,0,0.113457131137911,49
"54037",0,0,0,0,0.152140349525575,70.28
"54039",0,0,0,0,0.204932090297052,85.17
"54041",0,0,0,0,0.0994553653938348,39.23
"54043",0,0,0,0,0.0830570169267017,25.77
"54045",0,0,0,0,0.0964913808984766,37.19
"54047",0,0,0,0,0.063458712350494,10.56
"54049",0,0,0,0,0.151612373875509,70.19
"54051",0,0,0,0,0.092205324412318,33.66
"54053",0,0,0,0,0.0842499390268226,26.82
"54055",0,0,0,0,0.150807401510388,69.74
"54057",0,0,0,0,0.095887994432587,36.68
"54059",0,0,0,0,0.0794539241243034,22.62
"54061",0.00231863851970843,8.89788807138413,1,1,0.152073992001041,70.25
"54063",0,0,0,0,0.0975119304528494,37.86
"54065",0,0,0,0,0.118497267664675,52.27
"54067",0,0,0,0,0.110110398815136,47.31
"54069",0,0,0,0,0.167540934992245,75.82
"54071",0,0,0,0,0.0965373085218457,37.23
"54073",0.0140066347217103,53.7511418667422,1,1,0.0782222410083078,21.48
"54075",0,0,0,0,0.0720931912113159,16.89
"54077",0,0,0,0,0.12165628592838,54.72
"54079",0,0,0,0,0.179700386098979,79.54
"54081",0,0,0,0,0.154790864580739,71.46
"54083",0,0,0,0,0.127831814765551,58.26
"54085",0,0,0,0,0.0744740563396338,18.55
"54087",0.000607533414337789,2.33143902098343,1,1,0.100231455267653,39.83
"54089",0,0,0,0,0.0817225417605364,24.53
"54091",0,0,0,0,0.0865443826601417,28.6
"54093",0,0,0,0,0.0764184042768996,20.14
"54095",0,0,0,0,0.0600474113759068,8.65
"54097",0.000706963591375044,2.71300716050811,1,1,0.116885855114679,51.13
"54099",0,0,0,0,0.0933601990134344,34.46
"54101",0,0,0,0,0.0588786041315131,7.99
"54103",0,0,0,0,0.0791050966532397,22.34
"54105",0,0,0,0,0.0586939185919621,7.89
"54107",0,0,0,0,0.181827820965109,80.05
"54109",0,0,0,0,0.0748062846870605,18.8
"55001",0,0,0,0,0.0964913240634391,37.16
"55003",0,0,0,0,0.11405648170328,49.41
"55005",0,0,0,0,0.1527676999961,70.57
"55007",0,0,0,0,0.12066993604024,54.06
"55009",0,0,0,0,0.265532462136818,93.8
"55011",0,0,0,0,0.0946291876917972,35.48
"55013",0,0,0,0,0.098916983584261,38.85
"55015",0,0,0,0,0.122983709544094,55.55
"55017",0,0,0,0,0.192378039253939,82.66
"55019",0,0,0,0,0.126765397315292,57.43
"55021",0,0,0,0,0.1705001167686,76.9
"55023",0,0,0,0,0.0919133753726308,33.34
"55025",0.00063328516680279,2.43026262333796,1,1,0.281449845430306,95.7
"55027",0,0,0,0,0.141213539128838,65.54
"55029",0.000367985280588776,1.4121614088459,1,1,0.190794991491743,82.34
"55031",0,0,0,0,0.157420433955166,72.48
"55033",0,0,0,0,0.130393680982121,59.47
"55035",0,0,0,0,0.208591890556994,85.87
"55037",0,0,0,0,0.0787365882640844,21.99
"55039",0,0,0,0,0.205200318433017,85.24
"55041",0,0,0,0,0.0825873806436183,25.2
"55043",0,0,0,0,0.137631881996936,63.63
"55045",0,0,0,0,0.122767515337341,55.27
"55047",0,0,0,0,0.123829528737978,55.97
"55049",0,0,0,0,0.107516542398738,45.47
"55051",0,0,0,0,0.0921110792258621,33.53
"55053",0,0,0,0,0.0702478516039092,15.84
"55055",0,0,0,0,0.193139918032623,82.91
"55057",0,0,0,0,0.107468238800884,45.4
"55059",0.00232863113257265,8.93623520917673,1,1,0.219882220627065,87.78
"55061",0,0,0,0,0.0906645176935356,32.33
"55063",0.000222737575829042,0.854766278646781,1,0,0.208730701866588,85.94
"55065",0,0,0,0,0.094492940828644,35.38
"55067",0,0,0,0,0.119801331767045,53.32
"55069",0,0,0,0,0.123159764130661,55.58
"55071",0,0,0,0,0.180987047459422,79.73
"55073",0.00149292149292149,5.72915882767686,1,1,0.240104666734861,91.25
"55075",0,0,0,0,0.118539885206884,52.31
"55077",0,0,0,0,0.0844855510239751,27.11
"55078",0,0,0,0,0.0766867331218963,20.43
"55079",5.21135921899097e-05,0.199988444236614,1,0,0.304394098390478,97.42
"55081",0,0,0,0,0.115661367096536,50.46
"55083",0,0,0,0,0.117314711659957,51.51
"55085",0,0,0,0,0.171312644437884,77.35
"55087",0,0,0,0,0.270947848150959,94.59
"55089",0,0,0,0,0.238682415157127,91.12
"55091",0,0,0,0,0.0879202470402439,29.97
"55093",0,0,0,0,0.160749892415121,73.78
"55095",0,0,0,0,0.158102746140201,72.89
"55097",0,0,0,0,0.177633040235085,79
"55099",0,0,0,0,0.0826105937150353,25.23
"55101",0,0,0,0,0.240191670986782,91.28
"55103",0,0,0,0,0.0897613706589794,31.66
"55105",0,0,0,0,0.22531299598347,88.71
"55107",0,0,0,0,0.0989453727227856,38.91
"55109",0,0,0,0,0.23650821284949,90.77
"55111",0,0,0,0,0.17109487036353,77.25
"55113",0,0,0,0,0.137095706683004,63.28
"55115",0,0,0,0,0.139141341259976,64.52
"55117",0,0,0,0,0.171674959565513,77.51
"55119",0,0,0,0,0.101678812802306,41.04
"55121",0,0,0,0,0.111176133348953,47.82
"55123",0,0,0,0,0.141127264183806,65.48
"55125",0,0,0,0,0.153744910439998,71.05
"55127",0,0,0,0,0.224581111974928,88.58
"55129",0,0,0,0,0.126707894209865,57.37
"55131",0.00351593686667076,13.4925787007211,1,1,0.242570004757629,91.57
"55133",0,0,0,0,0.362424232349022,99.46
"55135",0,0,0,0,0.132077509249799,60.61
"55137",0,0,0,0,0.107402753239021,45.34
"55139",0,0,0,0,0.189211397108746,81.74
"55141",0,0,0,0,0.154130595756516,71.27
"56001",0,0,0,0,0.1277830540776,58.16
"56003",0,0,0,0,0.0998887462821258,39.45
"56005",0,0,0,0,0.13335503966939,61.25
"56007",0,0,0,0,0.0960355796338183,36.88
"56009",0,0,0,0,0.105319936373432,44
"56011",0,0,0,0,0.0907192742951463,32.36
"56013",0,0,0,0,0.167732241233813,75.91
"56015",0,0,0,0,0.114943274678709,49.95
"56017",0,0,0,0,0.088827382396205,30.8
"56019",0,0,0,0,0.141326191465691,65.61
"56021",0,0,0,0,0.187817642538508,81.36
"56023",0,0,0,0,0.139046594705839,64.46
"56025",0,0,0,0,0.260098931487518,93.38
"56027",0,0,0,0,0.0648336900885384,11.42
"56029",0,0,0,0,0.19076854120628,82.31
"56031",0,0,0,0,0.0966758975949273,37.38
"56033",0,0,0,0,0.220667203432548,87.91
"56035",0,0,0,0,0.117929916761881,52.02
"56037",0,0,0,0,0.136524332111048,63.06
"56039",0,0,0,0,0.194892781359289,83.39
"56041",0,0,0,0,0.133279439581693,61.22
"56043",0,0,0,0,0.115522758499538,50.43
"56045",0,0,0,0,0.0893207977588321,31.28
