"county_geoid","industry_employment_share","location_quotient","industry_present","industry_comparative_advantage","industry_feasibility","industry_feasibility_percentile_score"
"01001",0,0,0,0,0.142506314122475,69.46
"01003",0,0,0,0,0.231355433509469,91.41
"01005",0,0,0,0,0.076787037334292,26.63
"01007",0,0,0,0,0.0791132159426781,28.54
"01009",0,0,0,0,0.15182110909661,73.62
"01011",0,0,0,0,0.0791243450627375,28.57
"01013",0,0,0,0,0.0887152326272368,36.94
"01015",0,0,0,0,0.176164861515055,81.04
"01017",0,0,0,0,0.116176419120423,54.76
"01019",0,0,0,0,0.102684575895578,46.71
"01021",8.94214432620942e-05,0.565040849470779,1,0,0.135612738405201,66.31
"01023",0,0,0,0,0.0572651386933007,11.42
"01025",0,0,0,0,0.0934569957145981,40.28
"01027",0,0,0,0,0.0541993713449882,9.13
"01029",0,0,0,0,0.0728415716656261,22.84
"01031",0,0,0,0,0.133343586678241,65.1
"01033",0.00109289617486339,6.90584898320407,1,1,0.189318829266559,84.44
"01035",0,0,0,0,0.0703624652978958,21.13
"01037",0,0,0,0,0.0646917143160489,16.86
"01039",0,0,0,0,0.125309537321787,60.77
"01041",0,0,0,0,0.0724976592768976,22.46
"01043",0,0,0,0,0.18676321000203,83.93
"01045",0,0,0,0,0.0874979679016932,35.79
"01047",0,0,0,0,0.127136849918329,61.44
"01049",0,0,0,0,0.141457769122819,69.01
"01051",3.9677816133e-05,0.25071824067102,1,0,0.137800998026679,67.13
"01053",0,0,0,0,0.115542210722838,54.41
"01055",0,0,0,0,0.176494773119847,81.26
"01057",0,0,0,0,0.0808490555162879,30.16
"01059",0,0,0,0,0.0885532667218302,36.78
"01061",0,0,0,0,0.0933833230772456,40.25
"01063",0,0,0,0,0.0501302410971977,6.84
"01065",0,0,0,0,0.0813205499925816,30.8
"01067",0,0,0,0,0.0892202502976124,37.26
"01069",0,0,0,0,0.203633623417157,86.96
"01071",0,0,0,0,0.147516284308803,72
"01073",0.000163872796151881,1.03548791615245,1,1,0.291556739569267,97.23
"01075",0,0,0,0,0.083028181849938,32.42
"01077",0,0,0,0,0.172075462202302,80.02
"01079",0,0,0,0,0.0955432953079435,41.81
"01081",0,0,0,0,0.178977195938485,82.15
"01083",0,0,0,0,0.152319321967596,73.75
"01085",0,0,0,0,0.0636914401344347,16.1
"01087",0,0,0,0,0.0552789127515602,10.05
"01089",0,0,0,0,0.165981822216907,78.33
"01091",0,0,0,0,0.093747634503751,40.44
"01093",0,0,0,0,0.0880450220312256,36.24
"01095",4.35075811960234e-05,0.274917958608267,1,0,0.168564516835134,79.03
"01097",0,0,0,0,0.257141788885872,94.53
"01099",0,0,0,0,0.0900691307390372,37.89
"01101",0,0,0,0,0.201283926796234,86.48
"01103",0,0,0,0,0.206904413693248,87.66
"01105",0,0,0,0,0.0513677725232036,7.45
"01107",0,0,0,0,0.0722371837919177,22.27
"01109",0,0,0,0,0.0852481862475883,34.14
"01111",0,0,0,0,0.104610144494105,47.98
"01113",0,0,0,0,0.120736170547592,57.84
"01115",0,0,0,0,0.198279020568929,85.87
"01117",0,0,0,0,0.263819023365677,95.32
"01119",0,0,0,0,0.0689691590926311,19.98
"01121",0,0,0,0,0.148554557165738,72.48
"01123",0,0,0,0,0.112514377153947,52.69
"01125",0.000660612519928478,4.17431262362156,1,1,0.186253805524914,83.74
"01127",0,0,0,0,0.141915757994386,69.04
"01129",0,0,0,0,0.0574508252973492,11.61
"01131",0,0,0,0,0.0950213931552723,41.55
"01133",0,0,0,0,0.100655248806618,45.28
"02013",0,0,0,0,0.0245979940797995,0.45
"02016",0,0,0,0,0.0325931943456467,1.27
"02020",0,0,0,0,0.194962735816271,85.4
"02050",0,0,0,0,0.0437951373379028,4.17
"02060",0,0,0,0,0.0341222471745932,1.46
"02063",0,0,0,0,0.0857778269809468,34.46
"02066",0,0,0,0,0.0735995989728125,23.42
"02068",0,0,0,0,0.0380994087677286,2.39
"02070",0,0,0,0,0.0333830536977275,1.34
"02090",0,0,0,0,0.136182270629406,66.5
"02100",0,0,0,0,0.0751038938920529,24.98
"02105",0,0,0,0,0.0496329695786171,6.65
"02110",0,0,0,0,0.109304376665773,51.07
"02122",0,0,0,0,0.159220502466523,75.88
"02130",0,0,0,0,0.0883456796611122,36.56
"02150",0,0,0,0,0.0812826932210643,30.7
"02158",0,0,0,0,0.0230852796066906,0.32
"02164",0,0,0,0,0.0288661998035509,0.73
"02170",0,0,0,0,0.167496523094796,78.68
"02180",0,0,0,0,0.0464775546997998,5.12
"02185",0,0,0,0,0.0400884385175119,2.8
"02188",0,0,0,0,0.0275047498423107,0.64
"02195",0,0,0,0,0.0663845651811925,18.2
"02198",0,0,0,0,0.0482798910823577,5.98
"02220",0,0,0,0,0.0916217021352824,39.01
"02230",0,0,0,0,0.0579306923501199,11.8
"02240",0,0,0,0,0.0689665115248628,19.95
"02275",0,0,0,0,0.0435812247578522,4.01
"02282",0,0,0,0,0.0452930463988554,4.65
"02290",0,0,0,0,0.0465667557932178,5.25
"04001",0,0,0,0,0.0560764035264783,10.56
"04003",0.000789540905185426,4.98899198540461,1,1,0.145229744417713,70.57
"04005",0,0,0,0,0.157972572484524,75.5
"04007",0,0,0,0,0.0893258201963466,37.29
"04009",0,0,0,0,0.0977638745993308,43.43
"04011",0,0,0,0,0.0245240636388438,0.41
"04012",0,0,0,0,0.0708115512833391,21.54
"04013",4.56664147140338e-05,0.288559307711829,1,0,0.314432293089521,98.28
"04015",0,0,0,0,0.204550734815181,87.15
"04017",0,0,0,0,0.132054315806427,64.37
"04019",0,0,0,0,0.210249874019997,88.23
"04021",0,0,0,0,0.163747402864776,77.44
"04023",0,0,0,0,0.118533122368408,56.41
"04025",0,0,0,0,0.218036909373797,89.44
"04027",0,0,0,0,0.140057542155014,68.22
"05001",0,0,0,0,0.0815466031469716,31.12
"05003",0,0,0,0,0.0934941190407402,40.31
"05005",0,0,0,0,0.143840543595565,70.09
"05007",0,0,0,0,0.213946632302702,88.74
"05009",0.000121654501216545,0.768716766378555,1,0,0.15961297727896,75.98
"05011",0,0,0,0,0.0671178767214362,18.8
"05013",0,0,0,0,0.0258876773945063,0.54
"05015",0,0,0,0,0.103061758270458,46.93
"05017",0,0,0,0,0.0634379384438499,15.94
"05019",0,0,0,0,0.0852090494296434,34.04
"05021",0,0,0,0,0.10551061867332,48.49
"05023",0,0,0,0,0.116314905920795,55.01
"05025",0,0,0,0,0.0492189157737909,6.46
"05027",0,0,0,0,0.0978995331623396,43.56
"05029",0,0,0,0,0.104335341677932,47.76
"05031",3.23295022873123e-05,0.204285334355971,1,0,0.197489151593961,85.68
"05033",0,0,0,0,0.146588086077164,71.56
"05035",0,0,0,0,0.134564319890882,65.73
"05037",0,0,0,0,0.0747744106055189,24.63
"05039",0,0,0,0,0.0616862999208251,14.41
"05041",0,0,0,0,0.0652799881213567,17.31
"05043",0,0,0,0,0.0923138201842297,39.48
"05045",0,0,0,0,0.203547069572917,86.86
"05047",0,0,0,0,0.0702658990902033,21.03
"05049",0,0,0,0,0.0785778272656326,28.19
"05051",0,0,0,0,0.208038927692902,87.81
"05053",0,0,0,0,0.0869679309176314,35.48
"05055",0,0,0,0,0.132023012295847,64.27
"05057",0,0,0,0,0.09181864472629,39.17
"05059",0,0,0,0,0.101431373010565,45.69
"05061",0,0,0,0,0.0731517402609017,23.07
"05063",0,0,0,0,0.116205905222387,54.85
"05065",0,0,0,0,0.0832065441981702,32.55
"05067",0,0,0,0,0.0733687672976825,23.26
"05069",0,0,0,0,0.133477710216863,65.16
"05071",0.000107376785139053,0.678497994162109,1,0,0.0826514998692269,32.13
"05073",0,0,0,0,0.0564192803013178,10.79
"05075",0,0,0,0,0.0870831093437899,35.54
"05077",0,0,0,0,0.0506228491689915,7.13
"05079",0,0,0,0,0.0518051662339165,7.64
"05081",0,0,0,0,0.061676233844812,14.35
"05083",0.000326104679602152,2.06060714809448,1,1,0.106276458351641,48.87
"05085",0,0,0,0,0.144853266585685,70.35
"05087",0,0,0,0,0.0994487704162071,44.29
"05089",0,0,0,0,0.0894096170185718,37.38
"05091",0,0,0,0,0.126088163668725,61.06
"05093",0.00724253665430136,45.7645159167816,1,1,0.121054460200472,58
"05095",0,0,0,0,0.0693036841684906,20.2
"05097",0,0,0,0,0.0829126165097006,32.26
"05099",0,0,0,0,0.0572245169211876,11.39
"05101",0,0,0,0,0.0659825142869406,17.91
"05103",0,0,0,0,0.0927112372252994,39.8
"05105",0,0,0,0,0.0797392136820103,29.24
"05107",0,0,0,0,0.082937862001278,32.33
"05109",0,0,0,0,0.0807595634616451,30.1
"05111",0,0,0,0,0.0704420187039348,21.25
"05113",0.0044361763022324,28.0315406995683,1,1,0.116580300358863,55.17
"05115",0,0,0,0,0.168413323806545,78.91
"05117",0,0,0,0,0.0546187288565456,9.45
"05119",7.23404548492218e-05,0.457108614756992,1,0,0.246497469418913,93.19
"05121",0,0,0,0,0.0820640654908258,31.63
"05123",0,0,0,0,0.0809313450600592,30.29
"05125",0,0,0,0,0.180907720564414,82.56
"05127",0,0,0,0,0.0505709550167473,7.1
"05129",0,0,0,0,0.0864530679616716,35.03
"05131",0,0,0,0,0.228451858215604,91.12
"05133",0,0,0,0,0.0728010361431488,22.81
"05135",0,0,0,0,0.102101580880215,46.23
"05137",0,0,0,0,0.0974815542366763,43.3
"05139",0,0,0,0,0.144689138821001,70.28
"05141",0,0,0,0,0.0928399407938751,39.83
"05143",0,0,0,0,0.226997187845024,90.87
"05145",0,0,0,0,0.158276464950569,75.6
"05147",0,0,0,0,0.04201403515949,3.53
"05149",0,0,0,0,0.0913047038624964,38.82
"06001",1.134321857021e-06,0.00716761173028517,1,0,0.302142529179941,97.74
"06003",0,0,0,0,0.0894958195936949,37.48
"06005",0,0,0,0,0.125673239154987,60.87
"06007",0,0,0,0,0.211644906443518,88.39
"06009",0,0,0,0,0.147871429042301,72.13
"06011",0,0,0,0,0.0680156913083812,19.25
"06013",0,0,0,0,0.243608002777285,92.84
"06015",0,0,0,0,0.0800735389701863,29.56
"06017",0,0,0,0,0.193559286537177,85.24
"06019",2.94469649644218e-05,0.186071008148068,1,0,0.215572523690108,89.06
"06021",0,0,0,0,0.095741342547758,42.09
"06023",0,0,0,0,0.153226109056871,74.01
"06025",0,0,0,0,0.105218843680564,48.33
"06027",0,0,0,0,0.0925591950758723,39.64
"06029",0.000221426916243982,1.39916387262372,1,1,0.174762677208905,80.69
"06031",0,0,0,0,0.0780904235482422,27.68
"06033",0,0,0,0,0.104907217365013,48.2
"06035",0,0,0,0,0.0671683953710342,18.9
"06037",0.000102403610698018,0.647073241796028,1,0,0.336855782384908,99.01
"06039",0,0,0,0,0.12974484149782,62.84
"06041",0,0,0,0,0.214447168605036,88.83
"06043",0,0,0,0,0.0786982212757024,28.29
"06045",0,0,0,0,0.155189020691189,74.48
"06047",0,0,0,0,0.126605822006905,61.31
"06049",0,0,0,0,0.0700070311150455,20.84
"06051",0,0,0,0,0.0759461692792657,25.8
"06053",0,0,0,0,0.108851290684077,50.75
"06055",0,0,0,0,0.139077313243529,67.71
"06057",0,0,0,0,0.211176214965738,88.32
"06059",0.000166085009641558,1.04946656538711,1,1,0.39775762913156,99.78
"06061",0.000122935510867972,0.77681127654544,1,0,0.216136670613855,89.18
"06063",0,0,0,0,0.0972599133424495,43.14
"06065",4.15327667571735e-06,0.0262439398797906,1,0,0.280277342671857,96.66
"06067",0,0,0,0,0.212602284915307,88.51
"06069",0,0,0,0,0.138568358617842,67.48
"06071",6.02159468438538e-05,0.380495645285133,1,0,0.350796856397854,99.36
"06073",2.75693382642014e-06,0.0174206563256791,1,0,0.272658020042344,96.09
"06075",0,0,0,0,0.166452086549197,78.52
"06077",0.000131270100734175,0.829476314887381,1,0,0.242027980443798,92.65
"06079",5.68634140793813e-05,0.359311487525971,1,0,0.215438925076122,89.02
"06081",0,0,0,0,0.18145378136887,82.82
"06083",0,0,0,0,0.183541660044694,83.17
"06085",4.0670146404393e-06,0.0256988628612087,1,0,0.161493298997061,76.65
"06087",0,0,0,0,0.221104401373171,89.91
"06089",0,0,0,0,0.21622044769104,89.21
"06091",0,0,0,0,0.12719095460342,61.5
"06093",0,0,0,0,0.109953262336193,51.57
"06095",0,0,0,0,0.251833504212477,93.76
"06097",0,0,0,0,0.260347660510539,94.85
"06099",0,0,0,0,0.235012860567275,91.89
"06101",0,0,0,0,0.155814001066864,74.71
"06103",0,0,0,0,0.110170890716549,51.61
"06105",0,0,0,0,0.0937021859945972,40.41
"06107",0,0,0,0,0.162236249669783,76.96
"06109",0,0,0,0,0.136618753704583,66.72
"06111",0,0,0,0,0.311779125822878,98.12
"06113",0,0,0,0,0.17882595065779,82.12
"06115",0,0,0,0,0.0898877813167127,37.83
"08001",0,0,0,0,0.275468027081735,96.21
"08003",0,0,0,0,0.0993107453615597,44.1
"08005",0,0,0,0,0.236846110898193,92.24
"08007",0,0,0,0,0.121774778977063,58.61
"08009",0,0,0,0,0.0665098859374359,18.33
"08011",0,0,0,0,0.0464147007439774,5.09
"08013",0,0,0,0,0.255970777935625,94.27
"08014",0,0,0,0,0.182136399273507,82.91
"08015",0,0,0,0,0.136228283855462,66.56
"08017",0,0,0,0,0.0720756022844437,22.14
"08019",0,0,0,0,0.0914215473715577,38.88
"08021",0,0,0,0,0.0735586278478836,23.35
"08023",0,0,0,0,0.0502765582573976,6.9
"08025",0,0,0,0,0.0284180940469753,0.7
"08027",0,0,0,0,0.096545138220549,42.6
"08029",0,0,0,0,0.16188618053639,76.87
"08031",0,0,0,0,0.2756334928079,96.25
"08033",0,0,0,0,0.108894886811998,50.81
"08035",0,0,0,0,0.20457270933301,87.18
"08037",0,0,0,0,0.132562692525654,64.72
"08039",0,0,0,0,0.154803963158435,74.29
"08041",0,0,0,0,0.200471239096971,86.22
"08043",0,0,0,0,0.126963028088948,61.41
"08045",0,0,0,0,0.160602038680182,76.42
"08047",0,0,0,0,0.0344977591924802,1.59
"08049",0,0,0,0,0.100748554302856,45.31
"08051",0,0,0,0,0.124494651727674,60.39
"08053",0,0,0,0,0.0551435922527909,9.9
"08055",0,0,0,0,0.0609901748122007,13.71
"08057",0,0,0,0,0.0718734547855864,22.08
"08059",0,0,0,0,0.264591815992061,95.45
"08061",0,0,0,0,0.0653902794969286,17.4
"08063",0,0,0,0,0.0736351108799456,23.54
"08065",0,0,0,0,0.0654720310148097,17.47
"08067",0,0,0,0,0.192375979778757,84.98
"08069",0,0,0,0,0.246662829994346,93.22
"08071",0,0,0,0,0.0823135314355296,31.88
"08073",0,0,0,0,0.06539924459718,17.44
"08075",0,0,0,0,0.0923943604260032,39.52
"08077",0,0,0,0,0.243675335230362,92.87
"08079",0,0,0,0,0.0437491174243786,4.1
"08081",0,0,0,0,0.0986901417549167,43.78
"08083",0,0,0,0,0.149178615480992,72.76
"08085",0,0,0,0,0.191679424766762,84.92
"08087",0,0,0,0,0.0920845560964984,39.36
"08089",0,0,0,0,0.0971884060714181,43.05
"08091",0,0,0,0,0.107553876355988,49.86
"08093",0,0,0,0,0.138103654795078,67.26
"08095",0,0,0,0,0.0483881867117147,6.05
"08097",0,0,0,0,0.100451865861871,45.08
"08099",0,0,0,0,0.0737539754471652,23.64
"08101",0,0,0,0,0.185647756384756,83.55
"08103",0,0,0,0,0.0527732048292293,7.99
"08105",0,0,0,0,0.0780111501438056,27.59
"08107",0,0,0,0,0.160947889670024,76.52
"08109",0,0,0,0,0.0590323757928494,12.38
"08111",0,0,0,0,0.0802058810015077,29.72
"08113",0,0,0,0,0.0972252567043762,43.08
"08115",0,0,0,0,0.0589830127015022,12.25
"08117",0,0,0,0,0.110784504783123,51.96
"08119",0,0,0,0,0.109838981409981,51.51
"08121",0,0,0,0,0.0731908515715539,23.13
"08123",0.000258384950512105,1.63269621470887,1,1,0.256173056796987,94.37
"08125",0,0,0,0,0.0690223568295728,20.08
"09110",1.75324174398463e-06,0.0110784747842316,1,0,0.287473719753774,96.98
"09120",0,0,0,0,0.25703777775771,94.5
"09130",0.000383054621194891,2.42046539015568,1,1,0.260374602198854,94.88
"09140",1.57651621446927e-05,0.0996177235047804,1,0,0.31708915881513,98.41
"09150",0.00341534183642628,21.5810389777666,1,1,0.249872721533545,93.48
"09160",2.24104701716642e-05,0.141608440223023,1,0,0.229862388629936,91.22
"09170",0.000295830695774711,1.86931033029895,1,1,0.295336229059323,97.42
"09180",6.9964807701726e-06,0.0442097252456235,1,0,0.173474273109738,80.5
"09190",0.000138429502566836,0.874715514185169,1,0,0.278110229443916,96.56
"10001",0,0,0,0,0.15411134824967,74.1
"10003",0,0,0,0,0.208649400674686,87.91
"10005",0,0,0,0,0.187457543110775,84.09
"11001",0,0,0,0,0.0924892020177905,39.61
"12001",0,0,0,0,0.144303129381571,70.19
"12003",0,0,0,0,0.0790840145576241,28.51
"12005",0,0,0,0,0.198544217502438,86
"12007",0,0,0,0,0.0952051996622185,41.62
"12009",3.7494610149791e-06,0.0236922885571389,1,0,0.233904447767119,91.79
"12011",0.000170907130286168,1.07993683119679,1,1,0.336548383693823,98.98
"12013",0,0,0,0,0.0669365179214318,18.64
"12015",1.60377207191314e-05,0.101339980748829,1,0,0.187864300784308,84.19
"12017",0.000151095441954168,0.954749708330152,1,0,0.166083351417791,78.4
"12019",0,0,0,0,0.203759132404674,86.99
"12021",0,0,0,0,0.214226686125425,88.8
"12023",0,0,0,0,0.152419258248678,73.78
"12027",0,0,0,0,0.101993697043554,46.13
"12029",0,0,0,0,0.0750962210852828,24.94
"12031",0.000128701151160296,0.813243503197937,1,0,0.287181801185527,96.95
"12033",0,0,0,0,0.203822442317922,87.02
"12035",0,0,0,0,0.174865392804586,80.72
"12037",0,0,0,0,0.0917940895189882,39.13
"12039",0,0,0,0,0.084177780238001,33.22
"12041",0,0,0,0,0.0770052787999217,26.85
"12043",0,0,0,0,0.0767092022425171,26.57
"12045",0,0,0,0,0.096647927133921,42.67
"12047",0,0,0,0,0.0631841703684681,15.59
"12049",0,0,0,0,0.0856301878282253,34.2
"12051",0,0,0,0,0.113585911111702,53.42
"12053",0,0,0,0,0.187274053304834,84
"12055",0,0,0,0,0.16843639933963,78.94
"12057",4.80782989439945e-05,0.303799646767058,1,0,0.30359928334296,97.87
"12059",0,0,0,0,0.088689168203674,36.91
"12061",0,0,0,0,0.20935039641401,88.13
"12063",0,0,0,0,0.106174577371672,48.84
"12065",0,0,0,0,0.0879777715137292,36.21
"12067",0,0,0,0,0.0532307978817519,8.27
"12069",0,0,0,0,0.227532921515835,91.03
"12071",2.98839308127234e-06,0.0188832130593726,1,0,0.227185865924397,90.96
"12073",0,0,0,0,0.161557566390489,76.71
"12075",0,0,0,0,0.141136983522046,68.88
"12077",0,0,0,0,0.0369066617662915,2.13
"12079",0,0,0,0,0.0810679617842711,30.51
"12081",6.20755583696475e-06,0.0392246254958703,1,0,0.26549456120489,95.58
"12083",7.45339763131023e-06,0.0470969151850434,1,0,0.251385454458423,93.7
"12085",0,0,0,0,0.218894755845625,89.53
"12086",0.000128770713403096,0.813683056702431,1,0,0.306560005936663,98.03
"12087",0,0,0,0,0.140835609777636,68.72
"12089",0,0,0,0,0.177679670394704,81.71
"12091",0,0,0,0,0.146618014433402,71.59
"12093",0,0,0,0,0.119281941836998,56.82
"12095",9.63219464738944e-07,0.00608644106747037,1,0,0.238349344523849,92.36
"12097",5.88226643725828e-05,0.371691699806281,1,0,0.184911350918132,83.49
"12099",6.51062860119145e-06,0.0411396973835849,1,0,0.263893427070058,95.35
"12101",6.00236493178312e-06,0.0379280545712914,1,0,0.235620089257546,91.98
"12103",6.71687360065133e-05,0.42442928973712,1,0,0.34016902233517,99.14
"12105",0.00020570276635937,1.29980529951318,1,1,0.283017629708498,96.79
"12107",0,0,0,0,0.131002076801254,63.54
"12109",0,0,0,0,0.20689565408076,87.62
"12111",9.52000152320024e-06,0.0601554789477706,1,0,0.221404080846996,89.98
"12113",1.95951639135461e-05,0.123818937151093,1,0,0.191575558506954,84.89
"12115",4.74365299229631e-06,0.029974440342073,1,0,0.245144521202918,93.1
"12117",0,0,0,0,0.276310988382479,96.37
"12119",0,0,0,0,0.139771919753362,68.02
"12121",0,0,0,0,0.111819616340953,52.47
"12123",0,0,0,0,0.0907038547983614,38.34
"12125",0,0,0,0,0.0470234799164151,5.54
"12127",9.44742038186473e-06,0.0596968494707718,1,0,0.258260413953619,94.65
"12129",0,0,0,0,0.110366057196092,51.7
"12131",0,0,0,0,0.171075271295421,79.8
"12133",0,0,0,0,0.0852312002972169,34.11
"13001",0,0,0,0,0.0882173828178328,36.37
"13003",0,0,0,0,0.0663488401983721,18.14
"13005",0,0,0,0,0.0768515271247748,26.69
"13007",0,0,0,0,0.0753583056105774,25.23
"13009",0.0132039881433576,83.4340445060508,1,1,0.124000286352103,60.1
"13011",0,0,0,0,0.0857376073753661,34.43
"13013",0,0,0,0,0.18116484587811,82.66
"13015",0,0,0,0,0.209258725676261,88.1
"13017",0,0,0,0,0.0813931220368091,30.96
"13019",0,0,0,0,0.0751467508180819,25.04
"13021",0,0,0,0,0.198106036431268,85.81
"13023",0,0,0,0,0.065218217749973,17.28
"13025",0,0,0,0,0.0623330791555081,14.95
"13027",0,0,0,0,0.0735645244967931,23.39
"13029",0,0,0,0,0.125246556764806,60.74
"13031",0,0,0,0,0.153132120901953,73.94
"13033",0,0,0,0,0.0797673649469155,29.3
"13035",0,0,0,0,0.0824119833535374,32.07
"13037",0,0,0,0,0.039627428229248,2.74
"13039",0,0,0,0,0.088683147594554,36.88
"13043",0,0,0,0,0.0810670235705854,30.48
"13045",0.000531955315753477,3.36134681491162,1,1,0.185442832602087,83.52
"13047",0,0,0,0,0.149793785116624,72.96
"13049",0,0,0,0,0.0640342239357205,16.48
"13051",0,0,0,0,0.207278211840509,87.69
"13053",0,0,0,0,0.018475991629108,0.13
"13055",0,0,0,0,0.0725566994095858,22.62
"13057",0,0,0,0,0.243172828726267,92.75
"13059",0,0,0,0,0.151309016636669,73.43
"13061",0,0,0,0,0.0486981176094819,6.17
"13063",6.87096330905593e-06,0.0434165990080509,1,0,0.164254064180589,77.66
"13065",0,0,0,0,0.0779226268343871,27.52
"13067",0,0,0,0,0.288029658141542,97.01
"13069",0,0,0,0,0.119481421410742,56.98
"13071",0,0,0,0,0.110548692185164,51.86
"13073",0,0,0,0,0.177415177768879,81.58
"13075",0,0,0,0,0.0893790471453887,37.35
"13077",0.000230963294602565,1.45942283436756,1,1,0.214174091885223,88.77
"13079",0,0,0,0,0.0598732004486497,12.82
"13081",0,0,0,0,0.0969870191536456,42.95
"13083",0,0,0,0,0.074736315531845,24.56
"13085",0.000847653540880018,5.35619711920698,1,1,0.133375405753041,65.13
"13087",0,0,0,0,0.106367519158811,49.03
"13089",0,0,0,0,0.24127652847264,92.62
"13091",0,0,0,0,0.0848012499503437,33.69
"13093",0,0,0,0,0.0583475850022824,11.96
"13095",0,0,0,0,0.152651668193849,73.81
"13097",0,0,0,0,0.197741187272315,85.71
"13099",0,0,0,0,0.0615595979747304,14.29
"13101",0,0,0,0,0.0500981004093614,6.81
"13103",0,0,0,0,0.123337642989017,59.75
"13105",0,0,0,0,0.0988998633155515,43.91
"13107",0,0,0,0,0.0925838430949973,39.68
"13109",0,0,0,0,0.0685057124208477,19.6
"13111",0.000111869336614834,0.706885761229637,1,0,0.131055649627595,63.6
"13113",0,0,0,0,0.233536669543234,91.7
"13115",0,0,0,0,0.168689791658362,79.13
"13117",0,0,0,0,0.260224474520892,94.81
"13119",0,0,0,0,0.115578271705707,54.47
"13121",9.72564916276749e-07,0.00614549359092531,1,0,0.251067121497174,93.6
"13123",0,0,0,0,0.125118603639488,60.64
"13125",0,0,0,0,0.0613711625289288,14.16
"13127",0,0,0,0,0.164574979891165,77.89
"13129",0,0,0,0,0.125060416486387,60.58
"13131",0,0,0,0,0.0965772234970663,42.63
"13133",0,0,0,0,0.0982864207804957,43.68
"13135",1.56469686233573e-05,0.0988708761574221,1,0,0.373430287528195,99.68
"13137",0,0,0,0,0.118187619488001,56.09
"13139",0,0,0,0,0.224890308278881,90.45
"13141",0,0,0,0,0.0846616771465405,33.6
"13143",0,0,0,0,0.116239022102746,54.92
"13145",0,0,0,0,0.0917376843703504,39.04
"13147",0,0,0,0,0.0967779036753838,42.76
"13149",0,0,0,0,0.0762283223536451,26.09
"13151",0,0,0,0,0.160981020673511,76.55
"13153",0,0,0,0,0.109493401121174,51.32
"13155",0,0,0,0,0.0544312917708676,9.32
"13157",0,0,0,0,0.131700410257345,63.98
"13159",0,0,0,0,0.106113376170321,48.78
"13161",0,0,0,0,0.0813721105484986,30.89
"13163",0,0,0,0,0.0896619510452155,37.54
"13165",0,0,0,0,0.0589868724693156,12.28
"13167",0,0,0,0,0.0677487249768923,19.03
"13169",0,0,0,0,0.0893529613303157,37.32
"13171",0,0,0,0,0.0804636945402519,29.94
"13173",0,0,0,0,0.0599213117387308,12.89
"13175",0,0,0,0,0.137017372450706,67.04
"13177",0,0,0,0,0.107602714379158,49.89
"13179",0,0,0,0,0.0549534900607965,9.74
"13181",0,0,0,0,0.0836427654651542,32.83
"13183",0,0,0,0,0.0752810831693727,25.2
"13185",0,0,0,0,0.176585594677074,81.29
"13187",0,0,0,0,0.119224142595387,56.79
"13189",0,0,0,0,0.102504943786353,46.52
"13191",0,0,0,0,0.0812337062682832,30.67
"13193",0,0,0,0,0.0680271805709864,19.28
"13195",0,0,0,0,0.107673036386571,49.92
"13197",0,0,0,0,0.0473221016810917,5.66
"13199",0,0,0,0,0.0912065451692257,38.75
"13201",0,0,0,0,0.0471970471313734,5.63
"13205",0,0,0,0,0.076185413802589,26.03
"13207",0,0,0,0,0.0912227990050877,38.78
"13209",0,0,0,0,0.0658329795070986,17.72
"13211",0.00641848523748395,40.5574571221548,1,1,0.127613519523068,61.85
"13213",0,0,0,0,0.0941191769851789,40.88
"13215",0,0,0,0,0.174688360782227,80.66
"13217",0,0,0,0,0.188688133112001,84.31
"13219",0,0,0,0,0.148754188693956,72.61
"13221",0,0,0,0,0.0773609182899392,27.2
"13223",0,0,0,0,0.204338239560734,87.11
"13225",0,0,0,0,0.0941254694678074,40.92
"13227",0.0147099639189564,92.9500822760148,1,1,0.160520998287573,76.39
"13229",0,0,0,0,0.0880780352378835,36.3
"13231",0,0,0,0,0.102327955663206,46.39
"13233",0,0,0,0,0.117718020700666,55.65
"13235",0,0,0,0,0.0608206735675317,13.49
"13237",0,0,0,0,0.107893498489495,50.14
"13239",0,0,0,0,0.0384640755629109,2.42
"13241",0,0,0,0,0.103665327041934,47.5
"13243",0,0,0,0,0.0596675589310617,12.63
"13245",0,0,0,0,0.166351840001886,78.49
"13247",7.47160789001793e-05,0.472119831114145,1,0,0.198871233678725,86.1
"13249",0,0,0,0,0.0797183307007185,29.11
"13251",0,0,0,0,0.0732096194257807,23.16
"13253",0,0,0,0,0.0527600829618793,7.95
"13255",0.0033662392677484,21.2707671223278,1,1,0.164877361389004,77.98
"13257",0,0,0,0,0.118750080441509,56.54
"13259",0,0,0,0,0.0239861963968218,0.38
"13261",0,0,0,0,0.118359651973561,56.22
"13263",0,0,0,0,0.053308932991408,8.43
"13265",0,0,0,0,0.0248931286637092,0.48
"13267",0,0,0,0,0.0634372340920107,15.91
"13269",0,0,0,0,0.0746748997085944,24.5
"13271",0,0,0,0,0.0625648211227714,15.18
"13273",0,0,0,0,0.0678970007804246,19.15
"13275",0,0,0,0,0.163883239308914,77.51
"13277",0,0,0,0,0.129302354256475,62.71
"13279",0,0,0,0,0.103536340993942,47.41
"13281",0,0,0,0,0.0784611825000563,28.16
"13283",0,0,0,0,0.0744207850556652,24.12
"13285",0,0,0,0,0.13004226023863,62.97
"13287",0,0,0,0,0.079676450148575,29.08
"13289",0,0,0,0,0.0570455002091821,11.26
"13291",0,0,0,0,0.123450685535946,59.82
"13293",0,0,0,0,0.0905717130059624,38.21
"13295",0,0,0,0,0.113127089797323,53.1
"13297",0,0,0,0,0.181760369937965,82.85
"13299",0,0,0,0,0.111082965109567,52.05
"13301",0,0,0,0,0.100792738550014,45.4
"13303",0,0,0,0,0.0841903141390534,33.25
"13305",0,0,0,0,0.102551327558951,46.55
"13307",0,0,0,0,0.079865938241623,29.43
"13309",0,0,0,0,0.0857357988178633,34.39
"13311",0,0,0,0,0.130543580135736,63.32
"13313",0.000961276575291988,6.07416423695313,1,1,0.186423015267969,83.81
"13315",0,0,0,0,0.05314374002313,8.24
"13317",0,0,0,0,0.0759836527061516,25.84
"13319",0,0,0,0,0.0553525677150253,10.12
"13321",0,0,0,0,0.092123280476524,39.42
"15001",0,0,0,0,0.170069816730556,79.41
"15003",0,0,0,0,0.185692627607472,83.58
"15007",0,0,0,0,0.14055861972805,68.5
"15009",0,0,0,0,0.172589356077076,80.18
"16001",0,0,0,0,0.305353122030157,97.93
"16003",0,0,0,0,0.084950743342782,33.85
"16005",0,0,0,0,0.193423038629456,85.21
"16007",0,0,0,0,0.0897330505359869,37.61
"16009",0,0,0,0,0.0866583725861819,35.06
"16011",0,0,0,0,0.139389866538352,67.87
"16013",0,0,0,0,0.156696003402773,75.02
"16015",0,0,0,0,0.095822566829503,42.19
"16017",0,0,0,0,0.205168763045543,87.24
"16019",0,0,0,0,0.258699337024554,94.72
"16021",0,0,0,0,0.104371249280602,47.82
"16023",0,0,0,0,0.0158272558850184,0.1
"16025",0,0,0,0,0.077130580507201,27.01
"16027",0,0,0,0,0.25144544280209,93.73
"16029",0,0,0,0,0.0749959823832887,24.88
"16031",0,0,0,0,0.117944428195261,55.77
"16033",0,0,0,0,0.0440615399063971,4.26
"16035",0,0,0,0,0.0898731896165805,37.8
"16037",0,0,0,0,0.0763039441734105,26.22
"16039",0,0,0,0,0.0790073852998865,28.38
"16041",0,0,0,0,0.114426449845688,53.87
"16043",0,0,0,0,0.0992561195295464,44.03
"16045",0,0,0,0,0.157043771933699,75.18
"16047",0,0,0,0,0.0697049917694051,20.49
"16049",0,0,0,0,0.119042663432141,56.67
"16051",0,0,0,0,0.124181401929813,60.23
"16053",0,0,0,0,0.0973099192037439,43.18
"16055",0.000133947054382504,0.846391588319195,1,0,0.280378682067844,96.69
"16057",0,0,0,0,0.133260545647948,65.03
"16059",0,0,0,0,0.109674985853915,51.38
"16061",0,0,0,0,0.0647448191481087,16.93
"16063",0,0,0,0,0.0678655687751004,19.12
"16065",0,0,0,0,0.117965747798373,55.81
"16067",0,0,0,0,0.102468726844451,46.45
"16069",0,0,0,0,0.14312852767667,69.81
"16071",0,0,0,0,0.0670850186953941,18.77
"16073",0,0,0,0,0.0755387489508572,25.45
"16075",0,0,0,0,0.127318512515899,61.6
"16077",0,0,0,0,0.0465444953094202,5.19
"16079",0,0,0,0,0.0994893074899923,44.32
"16081",0,0,0,0,0.132829970515534,64.81
"16083",0,0,0,0,0.208306615960323,87.88
"16085",0,0,0,0,0.119573454851239,57.11
"16087",0,0,0,0,0.100483228445566,45.12
"17001",0,0,0,0,0.178800779694951,82.06
"17003",0,0,0,0,0.0410437600638567,3.21
"17005",0,0,0,0,0.0858103246417213,34.49
"17007",0,0,0,0,0.142917500392718,69.68
"17009",0,0,0,0,0.0415098704792472,3.4
"17011",0,0,0,0,0.124711452302615,60.45
"17013",0,0,0,0,0.0770505278199619,26.98
"17015",0,0,0,0,0.0908048368382474,38.4
"17017",0,0,0,0,0.0653665681620332,17.37
"17019",0,0,0,0,0.142323124577172,69.3
"17021",0,0,0,0,0.102322796635044,46.36
"17023",0,0,0,0,0.0806233998513992,30
"17025",0,0,0,0,0.0729060069422958,22.91
"17027",0,0,0,0,0.11553119580362,54.37
"17029",0,0,0,0,0.105782419315541,48.62
"17031",9.11147894489074e-05,0.57574085310459,1,0,0.401795034909253,99.84
"17033",0,0,0,0,0.0897949556784384,37.73
"17035",0,0,0,0,0.0625552256176542,15.14
"17037",7.42684557112442e-05,0.469291366512234,1,0,0.178097091514189,81.86
"17039",0,0,0,0,0.0689033899063272,19.89
"17041",0,0,0,0,0.117657642255891,55.58
"17043",2.09520616828696e-05,0.132392973089837,1,0,0.42943568664795,100
"17045",0,0,0,0,0.0535088696894673,8.59
"17047",0,0,0,0,0.0702476185732049,21
"17049",0,0,0,0,0.148173474966155,72.26
"17051",0,0,0,0,0.118001775304682,55.84
"17053",0,0,0,0,0.07406433111434,23.93
"17055",0,0,0,0,0.123641579986366,59.88
"17057",0,0,0,0,0.103322235617079,47.25
"17059",0,0,0,0,0.0666353540690908,18.55
"17061",0,0,0,0,0.053496358965196,8.56
"17063",0,0,0,0,0.121622812296829,58.48
"17065",0,0,0,0,0.0752083900621048,25.1
"17067",0,0,0,0,0.0894619024371873,37.42
"17069",0,0,0,0,0.0361339542341791,1.91
"17071",0,0,0,0,0.0706513182976093,21.44
"17073",0,0,0,0,0.118611732447075,56.51
"17075",0,0,0,0,0.0940614021665764,40.73
"17077",0,0,0,0,0.114468420145397,53.9
"17079",0,0,0,0,0.0727735157062788,22.78
"17081",0,0,0,0,0.106535817394419,49.25
"17083",0,0,0,0,0.0813498372563485,30.86
"17085",0,0,0,0,0.151894908286018,73.66
"17087",0,0,0,0,0.0544279058519668,9.29
"17089",0.000171723199374928,1.08509345084324,1,1,0.422192950011376,99.94
"17091",0,0,0,0,0.190072147887602,84.63
"17093",0,0,0,0,0.182233249511906,82.95
"17095",0,0,0,0,0.114065224717682,53.67
"17097",0.00060260735288579,3.80778656830583,1,1,0.302951181296597,97.84
"17099",0,0,0,0,0.202172142277652,86.57
"17101",0,0,0,0,0.0596965616778441,12.69
"17103",0,0,0,0,0.125900956594594,60.96
"17105",0.00185718860070445,11.7352995689606,1,1,0.129177788601367,62.62
"17107",0,0,0,0,0.0754710433916849,25.36
"17109",0,0,0,0,0.0807690951650894,30.13
"17111",0,0,0,0,0.312365704311618,98.15
"17113",0,0,0,0,0.132129991772823,64.43
"17115",0,0,0,0,0.158984509634917,75.79
"17117",0,0,0,0,0.10831492701276,50.43
"17119",0,0,0,0,0.223866375922048,90.26
"17121",0,0,0,0,0.118100531522512,56
"17123",0,0,0,0,0.0602804361471698,13.24
"17125",0,0,0,0,0.0713271549313513,21.73
"17127",0,0,0,0,0.0718748353378614,22.11
"17129",0,0,0,0,0.0743190916888602,24.02
"17131",0,0,0,0,0.0769705387429112,26.82
"17133",0,0,0,0,0.127221607742059,61.57
"17135",0,0,0,0,0.0993157710274409,44.13
"17137",0,0,0,0,0.107435645417563,49.83
"17139",0,0,0,0,0.0819501927219891,31.53
"17141",0.00114464726790771,7.23285647165508,1,1,0.15750803456932,75.34
"17143",0,0,0,0,0.175950713853714,81.01
"17145",0,0,0,0,0.0814227564250437,30.99
"17147",0,0,0,0,0.0837194695461898,32.93
"17149",0,0,0,0,0.0903357826427636,38.05
"17151",0,0,0,0,0.058615720198996,12.15
"17153",0,0,0,0,0.0406189282194937,2.99
"17155",0,0,0,0,0.0795575822108485,28.92
"17157",0,0,0,0,0.103585889383456,47.47
"17159",0,0,0,0,0.0961183149987463,42.38
"17161",0,0,0,0,0.194044461589211,85.3
"17163",0.000142787788788303,0.902254879006158,1,0,0.219526151708169,89.56
"17165",0,0,0,0,0.0747149277047409,24.53
"17167",0,0,0,0,0.126122295326248,61.09
"17169",0,0,0,0,0.0564039999021429,10.75
"17171",0,0,0,0,0.0812869646433368,30.73
"17173",0,0,0,0,0.0816798801758505,31.21
"17175",0,0,0,0,0.054202910972513,9.16
"17177",0,0,0,0,0.129271080930679,62.68
"17179",0,0,0,0,0.177262906238907,81.51
"17181",0,0,0,0,0.072338419714751,22.34
"17183",0,0,0,0,0.144535475414737,70.25
"17185",0,0,0,0,0.0713361642706924,21.76
"17187",0,0,0,0,0.0634643908618866,15.97
"17189",0,0,0,0,0.078048317523939,27.62
"17191",0,0,0,0,0.0906104478781844,38.28
"17193",0.036096537250787,228.08867008954,1,1,0.0791375499724105,28.6
"17195",0,0,0,0,0.165676037157693,78.24
"17197",0.000683959086810989,4.32183612024927,1,1,0.338200772283086,99.11
"17199",0,0,0,0,0.13118640953167,63.73
"17201",2.90841404182299e-05,0.183778373604157,1,0,0.283911508018538,96.82
"17203",0,0,0,0,0.0988794536234088,43.88
"18001",0,0,0,0,0.152783310608586,73.88
"18003",4.57391678215807e-06,0.0289019023817836,1,0,0.329829416184377,98.82
"18005",0,0,0,0,0.165036704472953,78.08
"18007",0,0,0,0,0.116187809735806,54.82
"18009",0,0,0,0,0.0929591683594529,39.9
"18011",0,0,0,0,0.165578919951959,78.14
"18013",0,0,0,0,0.107400904772131,49.76
"18015",0,0,0,0,0.0946498681525695,41.3
"18017",0,0,0,0,0.128967571317021,62.46
"18019",0,0,0,0,0.227230438277986,91
"18021",0,0,0,0,0.0999539252689943,44.54
"18023",0,0,0,0,0.103552475640832,47.44
"18025",0,0,0,0,0.0655117269422698,17.5
"18027",6.58978583196046e-05,0.416398801952667,1,0,0.125797512591868,60.9
"18029",0,0,0,0,0.143195125160991,69.84
"18031",0,0,0,0,0.122073257598514,58.99
"18033",0.0230094355239199,145.39321352902,1,1,0.179966039156931,82.37
"18035",0,0,0,0,0.201108838889786,86.38
"18037",0.0107814012483728,68.12607689646,1,1,0.148987962454318,72.67
"18039",0.00213514284251859,13.4916512356222,1,1,0.318235865687452,98.44
"18041",0,0,0,0,0.102055816736996,46.2
"18043",0.000774679061531651,4.89508219758987,1,1,0.194704434334397,85.36
"18045",0,0,0,0,0.0999557649338395,44.58
"18047",0.000199560965875075,1.26099617234718,1,1,0.127344040594643,61.66
"18049",0,0,0,0,0.13432454478898,65.61
"18051",0.00139372822299652,8.80676211795362,1,1,0.111788642146033,52.43
"18053",0,0,0,0,0.126412353267916,61.25
"18055",0,0,0,0,0.11206090515555,52.53
"18057",0.00010238779106424,0.646973279874347,1,0,0.240281716801305,92.55
"18059",0,0,0,0,0.190652106022366,84.7
"18061",0.0170677590032429,107.848640034677,1,1,0.142458004826664,69.39
"18063",0,0,0,0,0.155898574344935,74.74
"18065",0,0,0,0,0.141424907044613,68.98
"18067",0,0,0,0,0.16398138760096,77.54
"18069",0,0,0,0,0.160144185245349,76.2
"18071",0,0,0,0,0.138401984450391,67.39
"18073",0,0,0,0,0.109114315374678,50.97
"18075",0,0,0,0,0.100320912755814,44.96
"18077",0,0,0,0,0.12021363174066,57.49
"18079",0,0,0,0,0.109464002982756,51.16
"18081",0,0,0,0,0.218201354707453,89.5
"18083",0,0,0,0,0.106505826915772,49.16
"18085",0.00191445412867147,12.0971519545572,1,1,0.222378931960876,90.07
"18087",0,0,0,0,0.187369166749681,84.06
"18089",4.70978316158324e-06,0.0297604219006411,1,0,0.272059145994624,96.05
"18091",0.00213061810352561,13.4630600804031,1,1,0.248625519542031,93.38
"18093",0,0,0,0,0.14213722211875,69.23
"18095",0,0,0,0,0.203181048360215,86.73
"18097",2.92993070713878e-06,0.0185137979801987,1,0,0.291632076790875,97.26
"18099",0,0,0,0,0.184744466634978,83.46
"18101",0,0,0,0,0.0406615410971849,3.05
"18103",0,0,0,0,0.110535340774697,51.83
"18105",0,0,0,0,0.139348298274659,67.83
"18107",0,0,0,0,0.126390437293492,61.18
"18109",0,0,0,0,0.169770630534877,79.32
"18111",0,0,0,0,0.0858378792084051,34.58
"18113",0.00718608169440242,45.407785390697,1,1,0.209026059994633,87.97
"18115",0,0,0,0,0.0746236272324611,24.47
"18117",0,0,0,0,0.0797606649885372,29.27
"18119",0,0,0,0,0.0803098563398282,29.75
"18121",0,0,0,0,0.099771918256702,44.42
"18123",0,0,0,0,0.0811195808063511,30.61
"18125",0,0,0,0,0.0740505491249911,23.89
"18127",0,0,0,0,0.240561469511719,92.59
"18129",0,0,0,0,0.105454812588969,48.46
"18131",0,0,0,0,0.0732877922978857,23.19
"18133",0,0,0,0,0.101835327950067,46.01
"18135",0,0,0,0,0.118108670931102,56.03
"18137",0,0,0,0,0.131371923723941,63.86
"18139",0,0,0,0,0.104656685006924,48.04
"18141",0.000275758689934101,1.74247829966935,1,1,0.293007307053126,97.33
"18143",0,0,0,0,0.0784109719790157,28.06
"18145",0,0,0,0,0.146868357415918,71.71
"18147",0,0,0,0,0.0968739661734653,42.86
"18149",0,0,0,0,0.0929146307302618,39.87
"18151",0,0,0,0,0.174626984430293,80.62
"18153",0,0,0,0,0.0742931334596651,23.99
"18155",0,0,0,0,0.07652162464553,26.31
"18157",0,0,0,0,0.159129378483258,75.85
"18159",0,0,0,0,0.0942569720955463,41.08
"18161",0,0,0,0,0.155763797506125,74.64
"18163",0.000113304571403669,0.715954797186668,1,0,0.267159160313444,95.77
"18165",0,0,0,0,0.0632735704755389,15.69
"18167",0,0,0,0,0.204147569489642,87.08
"18169",0,0,0,0,0.154646506401941,74.23
"18171",0,0,0,0,0.139698482745556,67.99
"18173",0,0,0,0,0.15322380625968,73.97
"18175",0,0,0,0,0.11231735674199,52.66
"18177",0.000552910459222854,3.49375926135374,1,1,0.193340484460217,85.11
"18179",0,0,0,0,0.142845597231072,69.65
"18181",0,0,0,0,0.118474348370996,56.32
"18183",0,0,0,0,0.140700591125567,68.6
"19001",0,0,0,0,0.061339049067707,14.13
"19003",0,0,0,0,0.0609030549284021,13.68
"19005",0,0,0,0,0.100898659406796,45.5
"19007",0,0,0,0,0.111145195970954,52.12
"19009",0,0,0,0,0.0687260176788101,19.76
"19011",0,0,0,0,0.140091928121179,68.25
"19013",0,0,0,0,0.201824284873733,86.54
"19015",0,0,0,0,0.11715470023483,55.36
"19017",0.000357621814930711,2.25975925601492,1,1,0.118602696480109,56.47
"19019",0,0,0,0,0.132389216672511,64.56
"19021",0,0,0,0,0.0810993601874313,30.58
"19023",0,0,0,0,0.0976234811400081,43.4
"19025",0,0,0,0,0.068164936393868,19.38
"19027",0,0,0,0,0.125222960879497,60.67
"19029",0,0,0,0,0.102673035200387,46.68
"19031",0,0,0,0,0.115943902348011,54.6
"19033",0.0012426219322771,7.85194385788347,1,1,0.183536102277183,83.14
"19035",0,0,0,0,0.0867719449693917,35.28
"19037",0,0,0,0,0.0907531558473044,38.37
"19039",0,0,0,0,0.0575168719897705,11.68
"19041",0,0,0,0,0.142562538280706,69.52
"19043",0,0,0,0,0.107043755831365,49.57
"19045",0,0,0,0,0.156414778641697,74.86
"19047",0,0,0,0,0.0869454669843881,35.44
"19049",0,0,0,0,0.118959483388114,56.57
"19051",0,0,0,0,0.0974177885019649,43.21
"19053",0,0,0,0,0.0841928325785097,33.28
"19055",0,0,0,0,0.115028618252797,54.15
"19057",0,0,0,0,0.161632299070331,76.74
"19059",0,0,0,0,0.12329142920742,59.66
"19061",0,0,0,0,0.235291686421012,91.95
"19063",0,0,0,0,0.0890747577560475,37.16
"19065",0,0,0,0,0.0959581670121599,42.25
"19067",0,0,0,0,0.0920770438887033,39.33
"19069",0,0,0,0,0.0837308194675592,32.99
"19071",0,0,0,0,0.0576186866009047,11.74
"19073",0,0,0,0,0.0729408679650983,22.97
"19075",0.0101431980906921,64.093365712255,1,1,0.0810872108999286,30.54
"19077",0,0,0,0,0.0955785878546283,41.9
"19079",0,0,0,0,0.0904149000743557,38.12
"19081",0,0,0,0,0.0715705657763858,21.89
"19083",0,0,0,0,0.092302184823984,39.45
"19085",0,0,0,0,0.0879717308790882,36.18
"19087",0,0,0,0,0.106287927351332,48.9
"19089",0,0,0,0,0.0889342917890167,37.07
"19091",0,0,0,0,0.091775309477178,39.1
"19093",0,0,0,0,0.064618575743865,16.83
"19095",0,0,0,0,0.0814309887206601,31.02
"19097",0,0,0,0,0.117312650407197,55.39
"19099",0,0,0,0,0.159890591752234,76.14
"19101",0,0,0,0,0.132032012116442,64.33
"19103",0,0,0,0,0.115553638416426,54.44
"19105",0,0,0,0,0.1195437701405,57.05
"19107",0,0,0,0,0.0737726144100551,23.67
"19109",0,0,0,0,0.107273215714089,49.63
"19111",0.0247057301772086,156.111848085585,1,1,0.134709554903853,65.77
"19113",0,0,0,0,0.271589235757265,95.96
"19115",0,0,0,0,0.0626654758984897,15.34
"19117",0,0,0,0,0.0756166171652383,25.52
"19119",0,0,0,0,0.0843856875882889,33.38
"19121",0,0,0,0,0.122832816448635,59.43
"19123",0.00215982721382289,13.6476281201549,1,1,0.120912709060465,57.91
"19125",0,0,0,0,0.109490983153523,51.29
"19127",0,0,0,0,0.125109397050956,60.61
"19129",0,0,0,0,0.0998549421717007,44.48
"19131",0,0,0,0,0.0817340197898576,31.24
"19133",0,0,0,0,0.0682712708164131,19.41
"19135",0,0,0,0,0.0836738882159468,32.87
"19137",0,0,0,0,0.0787990604932785,28.35
"19139",0,0,0,0,0.131977104747576,64.17
"19141",0,0,0,0,0.101534603047454,45.82
"19143",0,0,0,0,0.0657674365786455,17.59
"19145",0,0,0,0,0.0835740983601707,32.77
"19147",0,0,0,0,0.0701534035874484,20.97
"19149",0,0,0,0,0.099961707009362,44.61
"19151",0,0,0,0,0.0592311816848604,12.44
"19153",0,0,0,0,0.295701960369905,97.45
"19155",0,0,0,0,0.158957408522778,75.76
"19157",0,0,0,0,0.0747534972160866,24.59
"19159",0,0,0,0,0.0724909420071099,22.43
"19161",0,0,0,0,0.0882835287908765,36.46
"19163",0,0,0,0,0.262955507388531,95.2
"19165",0,0,0,0,0.100106115574219,44.73
"19167",0,0,0,0,0.12367849673001,59.97
"19169",0,0,0,0,0.123331966228959,59.72
"19171",0,0,0,0,0.0810481255989224,30.42
"19173",0,0,0,0,0.0528848047435663,8.05
"19175",0,0,0,0,0.0815882707239383,31.15
"19177",0,0,0,0,0.081874273881429,31.47
"19179",0,0,0,0,0.130108478253782,63
"19181",0,0,0,0,0.131725357001888,64.02
"19183",0,0,0,0,0.124174653957304,60.2
"19185",0,0,0,0,0.0621581666648883,14.79
"19187",0,0,0,0,0.123692508473635,60.01
"19189",0,0,0,0,0.0933196381197566,40.15
"19191",0,0,0,0,0.115983779809511,54.63
"19193",0.000817894100494293,5.16815162517441,1,1,0.205893633821557,87.37
"19195",0,0,0,0,0.0723870081252692,22.4
"19197",0,0,0,0,0.0555498100495122,10.28
"20001",0,0,0,0,0.0794762205456043,28.89
"20003",0,0,0,0,0.095567576775991,41.87
"20005",0,0,0,0,0.0959860203797286,42.32
"20007",0,0,0,0,0.0552722161220912,10.02
"20009",0,0,0,0,0.127510602592272,61.79
"20011",0,0,0,0,0.094852582677423,41.49
"20013",0,0,0,0,0.0652077685314859,17.24
"20015",0,0,0,0,0.130398458222972,63.25
"20017",0,0,0,0,0.0429708198612398,3.79
"20019",0,0,0,0,0.0463508541466073,5.03
"20021",0,0,0,0,0.0883216228283977,36.49
"20023",0,0,0,0,0.0436544900492211,4.07
"20025",0,0,0,0,0.0437916539111011,4.14
"20027",0,0,0,0,0.0848946675725646,33.79
"20029",0,0,0,0,0.0903137260120942,38.02
"20031",0,0,0,0,0.0608658286731476,13.62
"20033",0,0,0,0,0.0430168652220236,3.82
"20035",0,0,0,0,0.106830149425855,49.48
"20037",0,0,0,0,0.114335646970157,53.8
"20039",0,0,0,0,0.0406596488791788,3.02
"20041",0,0,0,0,0.0946972137284331,41.36
"20043",0,0,0,0,0.0608284159190161,13.52
"20045",0,0,0,0,0.168290969481259,78.87
"20047",0,0,0,0,0.0504157293152344,7.06
"20049",0,0,0,0,0.0495606949164979,6.59
"20051",0,0,0,0,0.129808465087369,62.9
"20053",0,0,0,0,0.0529836892248154,8.11
"20055",0,0,0,0,0.125642670841042,60.8
"20057",0,0,0,0,0.104598193103609,47.95
"20059",0,0,0,0,0.101516255338326,45.78
"20061",0,0,0,0,0.0467027818902033,5.35
"20063",0,0,0,0,0.0378475837889919,2.26
"20065",0,0,0,0,0.05515062509564,9.93
"20067",0,0,0,0,0.0683270182118355,19.47
"20069",0,0,0,0,0.0502812447776012,6.94
"20071",0,0,0,0,0.0372111905143376,2.2
"20073",0,0,0,0,0.0641332679786766,16.54
"20075",0,0,0,0,0.0323169629645616,1.24
"20077",0,0,0,0,0.0819776619896054,31.56
"20079",0,0,0,0,0.122392714305713,59.34
"20081",0,0,0,0,0.041994348339457,3.5
"20083",0,0,0,0,0.0355872608658417,1.78
"20085",0,0,0,0,0.061994587456321,14.67
"20087",0,0,0,0,0.0910083191175289,38.59
"20089",0,0,0,0,0.0407169364250891,3.09
"20091",0,0,0,0,0.301443913571055,97.71
"20093",0,0,0,0,0.0298943614409346,0.86
"20095",0,0,0,0,0.0649749279140072,17.12
"20097",0,0,0,0,0.0366260766368936,2.1
"20099",0,0,0,0,0.0875808883109098,35.86
"20101",0,0,0,0,0.0313966663382332,0.92
"20103",0,0,0,0,0.116178660794629,54.79
"20105",0,0,0,0,0.0516801005543008,7.51
"20107",0,0,0,0,0.0803585402025657,29.78
"20109",0,0,0,0,0.0468106608567636,5.41
"20111",0,0,0,0,0.104617435278511,48.01
"20113",0,0,0,0,0.110632089112631,51.89
"20115",0,0,0,0,0.0840672657498394,33.15
"20117",0,0,0,0,0.076101827464571,25.99
"20119",0,0,0,0,0.0467017005560784,5.31
"20121",0,0,0,0,0.132934592211661,64.94
"20123",0,0,0,0,0.0658051402729862,17.66
"20125",0,0,0,0,0.120507288318537,57.72
"20127",0,0,0,0,0.0716288411973481,21.92
"20129",0,0,0,0,0.0363031826226356,1.94
"20131",0,0,0,0,0.080441942476764,29.88
"20133",0,0,0,0,0.112744754081241,52.75
"20135",0,0,0,0,0.0510311219074436,7.32
"20137",0,0,0,0,0.0611778408611693,13.9
"20139",0,0,0,0,0.0769403528907029,26.79
"20141",0,0,0,0,0.0528912107849465,8.08
"20143",0,0,0,0,0.0575917189951719,11.71
"20145",0,0,0,0,0.0462678586486972,4.96
"20147",0,0,0,0,0.060870427610206,13.65
"20149",0,0,0,0,0.112972930822463,52.94
"20151",0,0,0,0,0.0640450173361213,16.51
"20153",0,0,0,0,0.0469191631248227,5.5
"20155",0,0,0,0,0.18136193137585,82.76
"20157",0,0,0,0,0.0629553145724072,15.4
"20159",0,0,0,0,0.0553868003711227,10.21
"20161",0,0,0,0,0.128768341640008,62.33
"20163",0,0,0,0,0.0552041451943428,9.99
"20165",0,0,0,0,0.0385926806922099,2.45
"20167",0,0,0,0,0.0666053715004822,18.45
"20169",0,0,0,0,0.142792042336338,69.62
"20171",0,0,0,0,0.0546358873751211,9.48
"20173",0,0,0,0,0.27165735469138,95.99
"20175",0,0,0,0,0.0835216938282722,32.74
"20177",0,0,0,0,0.17034917059409,79.51
"20179",0,0,0,0,0.0513605319033358,7.41
"20181",0,0,0,0,0.0781348748064899,27.78
"20183",0,0,0,0,0.0490541607767971,6.36
"20185",0,0,0,0,0.0474811385006853,5.76
"20187",0,0,0,0,0.0333246837513779,1.3
"20189",0,0,0,0,0.0556095205561482,10.37
"20191",0,0,0,0,0.0913400984113519,38.85
"20193",0,0,0,0,0.0770054925408861,26.89
"20195",0,0,0,0,0.0573288946867665,11.45
"20197",0,0,0,0,0.0570830883151463,11.33
"20199",0,0,0,0,0.0532527253516529,8.3
"20201",0,0,0,0,0.0611806356413903,13.94
"20203",0,0,0,0,0.0544469971528891,9.35
"20205",0,0,0,0,0.069729846988802,20.52
"20207",0,0,0,0,0.0567891312719214,11.07
"20209",0,0,0,0,0.220407417388613,89.79
"21001",0,0,0,0,0.104429720496414,47.85
"21003",0,0,0,0,0.0872885225975291,35.67
"21005",0,0,0,0,0.131824675302772,64.14
"21007",0,0,0,0,0.0837561513993999,33.03
"21009",0,0,0,0,0.162629087394287,77.06
"21011",0,0,0,0,0.0830151247746687,32.39
"21013",0,0,0,0,0.0953833951428501,41.74
"21015",0.00183944528101133,11.6231821610315,1,1,0.256091204329472,94.34
"21017",0,0,0,0,0.0911810644160069,38.72
"21019",0,0,0,0,0.155376782638384,74.51
"21021",0,0,0,0,0.14009450347651,68.28
"21023",0,0,0,0,0.0725012113279516,22.49
"21025",0,0,0,0,0.0642591669258459,16.58
"21027",0,0,0,0,0.11173601444417,52.37
"21029",0,0,0,0,0.134294914673949,65.57
"21031",0,0,0,0,0.097052482030337,43.02
"21033",0,0,0,0,0.0830049564004898,32.36
"21035",0.00293612542241427,18.5529414680894,1,1,0.132201377932406,64.46
"21037",0,0,0,0,0.188794652102459,84.35
"21039",0,0,0,0,0.0534440031667916,8.5
"21041",0,0,0,0,0.0882399983334134,36.4
"21043",0,0,0,0,0.0943778918807223,41.11
"21045",0,0,0,0,0.0986506290333679,43.75
"21047",0.00183048761728965,11.566580011324,1,1,0.121647638189254,58.54
"21049",0,0,0,0,0.146300913135813,71.33
"21051",0,0,0,0,0.0948934642217683,41.52
"21053",0,0,0,0,0.0818329930773118,31.37
"21055",0,0,0,0,0.0861204465855668,34.81
"21057",0,0,0,0,0.0633935070645517,15.84
"21059",0,0,0,0,0.196047269935616,85.52
"21061",0,0,0,0,0.0804252481073704,29.81
"21063",0,0,0,0,0.0392676445348345,2.61
"21065",0,0,0,0,0.07720353873014,27.04
"21067",8.32573792329804e-05,0.526091042264087,1,0,0.249826081381246,93.45
"21069",0,0,0,0,0.102705325678304,46.74
"21071",0,0,0,0,0.106365685948532,49
"21073",0,0,0,0,0.130330710780379,63.19
"21075",0,0,0,0,0.0665157663242125,18.39
"21077",0,0,0,0,0.0486210610047811,6.14
"21079",0,0,0,0,0.116517430181685,55.14
"21081",0,0,0,0,0.11768676996598,55.62
"21083",0,0,0,0,0.133922402593852,65.42
"21085",0,0,0,0,0.114023072148627,53.58
"21087",0,0,0,0,0.0799500543859944,29.53
"21089",0,0,0,0,0.124271497213165,60.32
"21091",0,0,0,0,0.0631662143358049,15.56
"21093",0,0,0,0,0.1553799930188,74.55
"21095",0,0,0,0,0.0734174536092981,23.29
"21097",0,0,0,0,0.0999963871752749,44.64
"21099",0,0,0,0,0.0818925593088396,31.5
"21101",0,0,0,0,0.15336671397034,74.04
"21103",0,0,0,0,0.0930050848537362,39.96
"21105",0,0,0,0,0.0431244034509646,3.85
"21107",0,0,0,0,0.124766136101779,60.52
"21109",0,0,0,0,0.0902023580219829,37.93
"21111",0,0,0,0,0.327623836639832,98.63
"21113",0,0,0,0,0.186743489821085,83.9
"21115",0.000164149704530532,1.03723765916476,1,1,0.107345558854496,49.73
"21117",0,0,0,0,0.221571234095491,90.01
"21119",0,0,0,0,0.0684424507127271,19.57
"21121",0,0,0,0,0.10638707838447,49.06
"21123",0,0,0,0,0.0934993615239263,40.34
"21125",0,0,0,0,0.149161380770511,72.73
"21127",0,0,0,0,0.05908453637151,12.41
"21129",0,0,0,0,0.0608397747616392,13.59
"21131",0,0,0,0,0.0465591060607347,5.22
"21133",0,0,0,0,0.0624830230488785,15.08
"21135",0,0,0,0,0.0820939607824161,31.66
"21137",0,0,0,0,0.111003212024543,52.02
"21139",0,0,0,0,0.0598316932160992,12.76
"21141",0,0,0,0,0.12949975413532,62.74
"21143",0,0,0,0,0.0751393597749059,25.01
"21145",0,0,0,0,0.179699113422636,82.31
"21147",0,0,0,0,0.0686556382538996,19.66
"21149",0,0,0,0,0.0668976704247473,18.61
"21151",0.0038264070522135,24.178499164531,1,1,0.173085543756009,80.46
"21153",0,0,0,0,0.0749215469669394,24.79
"21155",0,0,0,0,0.087055797155129,35.51
"21157",0,0,0,0,0.148053261046783,72.22
"21159",0,0,0,0,0.0550150936569644,9.77
"21161",0,0,0,0,0.121049752204448,57.97
"21163",0,0,0,0,0.108317969588979,50.46
"21165",0,0,0,0,0.0773168437458046,27.17
"21167",0,0,0,0,0.0897846406216431,37.67
"21169",0,0,0,0,0.0802052320681952,29.69
"21171",0,0,0,0,0.0747858212432803,24.66
"21173",0,0,0,0,0.134749930231984,65.83
"21175",0,0,0,0,0.065838719518992,17.75
"21177",0,0,0,0,0.104337903681752,47.79
"21179",0,0,0,0,0.131291863283597,63.82
"21181",0,0,0,0,0.0776985235142438,27.3
"21183",0,0,0,0,0.090580721218325,38.24
"21185",0,0,0,0,0.211678496103284,88.42
"21187",0,0,0,0,0.076488659883048,26.28
"21189",0,0,0,0,0.0633288202725311,15.78
"21191",0,0,0,0,0.100443083646419,45.05
"21193",0,0,0,0,0.0997972447724226,44.45
"21195",0,0,0,0,0.114061392563064,53.64
"21197",0,0,0,0,0.0930567680961051,39.99
"21199",0,0,0,0,0.180919730520918,82.6
"21201",0,0,0,0,0.0427565710937453,3.69
"21203",0,0,0,0,0.0725338417623022,22.56
"21205",0,0,0,0,0.0877776392033342,36.02
"21207",0,0,0,0,0.0843367014832077,33.34
"21209",0.00011401858502936,0.720466543484604,1,0,0.108927243534423,50.84
"21211",0.00362966859547607,22.9353380091841,1,1,0.192200858554403,84.95
"21213",0.00507664742185945,32.0785827992453,1,1,0.133876153176726,65.38
"21215",0,0,0,0,0.0946005123914444,41.27
"21217",0,0,0,0,0.122282332366876,59.24
"21219",0,0,0,0,0.0989484677472785,43.94
"21221",0,0,0,0,0.0920024639262987,39.26
"21223",0,0,0,0,0.0658021076976193,17.63
"21225",0.0268402442944391,169.599526499276,1,1,0.0884317710949785,36.59
"21227",0,0,0,0,0.236336027058063,92.14
"21229",0,0,0,0,0.0848211803817895,33.73
"21231",0,0,0,0,0.0841626803038458,33.18
"21233",0,0,0,0,0.0807192413257013,30.03
"21235",0,0,0,0,0.110247751998494,51.67
"21237",0,0,0,0,0.0738771019832066,23.77
"21239",0,0,0,0,0.115156751914624,54.22
"22001",0,0,0,0,0.168009460740948,78.81
"22003",0,0,0,0,0.0616841128373553,14.38
"22005",0.000158069445176247,0.998817401280108,1,0,0.203385744559105,86.8
"22007",0,0,0,0,0.0878492127134418,36.08
"22009",0,0,0,0,0.104280589349645,47.69
"22011",0,0,0,0,0.114278189802139,53.77
"22013",0,0,0,0,0.0624529694415594,15.05
"22015",0,0,0,0,0.189383910725039,84.47
"22017",0,0,0,0,0.235207572549455,91.92
"22019",0,0,0,0,0.209248317656643,88.07
"22021",0,0,0,0,0.0686703381403441,19.69
"22023",0,0,0,0,0.0601128999153136,13.08
"22025",0,0,0,0,0.103255112538299,47.18
"22027",0,0,0,0,0.0804850685290158,29.97
"22029",0,0,0,0,0.0942253495675706,41.04
"22031",0,0,0,0,0.087611343887028,35.89
"22033",0,0,0,0,0.211398029318832,88.36
"22035",0,0,0,0,0.0555185994355372,10.24
"22037",0,0,0,0,0.0821508343642398,31.75
"22039",0,0,0,0,0.0867017215808672,35.16
"22041",0,0,0,0,0.0873793334937,35.73
"22043",0,0,0,0,0.0585811779784015,12.12
"22045",0,0,0,0,0.160370903946058,76.3
"22047",0,0,0,0,0.0872295077117583,35.63
"22049",0,0,0,0,0.0727633536894888,22.75
"22051",0,0,0,0,0.299814399284706,97.65
"22053",0,0,0,0,0.116661430131871,55.2
"22055",0,0,0,0,0.247314022742842,93.29
"22057",0,0,0,0,0.12837673927392,62.07
"22059",0,0,0,0,0.0607377115876346,13.43
"22061",0,0,0,0,0.142008914560098,69.17
"22063",0,0,0,0,0.176806409655913,81.39
"22065",0,0,0,0,0.0585466118978968,12.09
"22067",0,0,0,0,0.100593834271974,45.18
"22069",0,0,0,0,0.0906581167961965,38.31
"22071",0,0,0,0,0.17782243872673,81.74
"22073",0.00127813494548754,8.07634532602886,1,1,0.224062849001941,90.33
"22075",0,0,0,0,0.109410505008317,51.13
"22077",0,0,0,0,0.0940892031234663,40.79
"22079",0,0,0,0,0.170106906658531,79.45
"22081",0,0,0,0,0.0631970602304017,15.62
"22083",0,0,0,0,0.0833322793846911,32.58
"22085",0,0,0,0,0.0845972573972167,33.53
"22087",0,0,0,0,0.131650154362592,63.95
"22089",0,0,0,0,0.146467167269434,71.43
"22091",0,0,0,0,0.081061745272765,30.45
"22093",0,0,0,0,0.09396905996174,40.66
"22095",0,0,0,0,0.133559228718481,65.19
"22097",0,0,0,0,0.152980537566714,73.91
"22099",0,0,0,0,0.140461317134382,68.41
"22101",0,0,0,0,0.138345491839337,67.32
"22103",0,0,0,0,0.260877168858475,94.91
"22105",0,0,0,0,0.189654928481602,84.51
"22107",0,0,0,0,0.0521753868287188,7.8
"22109",0.000355000840791465,2.24319770880594,1,1,0.176925410872174,81.45
"22111",0,0,0,0,0.0863015248163922,34.84
"22113",0,0,0,0,0.132439201284414,64.62
"22115",0,0,0,0,0.060118378408059,13.11
"22117",0,0,0,0,0.093951882009997,40.63
"22119",0,0,0,0,0.118347586704385,56.19
"22121",0,0,0,0,0.135983038710934,66.37
"22123",0,0,0,0,0.0696571901621508,20.46
"22125",0,0,0,0,0.0510126724143902,7.29
"22127",0,0,0,0,0.0625487605341104,15.11
"23001",0,0,0,0,0.226180076198556,90.68
"23003",0,0,0,0,0.136052436860363,66.43
"23005",0,0,0,0,0.24814056105294,93.35
"23007",0,0,0,0,0.120644136272232,57.81
"23009",0,0,0,0,0.140666722901184,68.57
"23011",0,0,0,0,0.172455228410013,80.05
"23013",0,0,0,0,0.176639014378867,81.32
"23015",0,0,0,0,0.156958262061261,75.12
"23017",0,0,0,0,0.122160284260909,59.15
"23019",0,0,0,0,0.205942884181355,87.4
"23021",0,0,0,0,0.106733039630672,49.41
"23023",0,0,0,0,0.113804531299993,53.48
"23025",0,0,0,0,0.149737135109112,72.92
"23027",0,0,0,0,0.14941515991416,72.8
"23029",0,0,0,0,0.112862214982784,52.85
"23031",0,0,0,0,0.22927046780631,91.19
"24001",0,0,0,0,0.145130558978517,70.51
"24003",0,0,0,0,0.172842570893694,80.37
"24005",4.78108602369028e-06,0.0302109741206111,1,0,0.239764842213816,92.49
"24009",0,0,0,0,0.178724649917594,81.96
"24011",0,0,0,0,0.125904683838567,60.99
"24013",0,0,0,0,0.19128390448306,84.79
"24015",0,0,0,0,0.148627520061138,72.54
"24017",0,0,0,0,0.157182488366766,75.25
"24019",0,0,0,0,0.127156947360069,61.47
"24021",0,0,0,0,0.222732837322893,90.14
"24023",0,0,0,0,0.154890089457502,74.36
"24025",0,0,0,0,0.213348971820217,88.67
"24027",0,0,0,0,0.243428082970122,92.78
"24029",0,0,0,0,0.121783773801819,58.64
"24031",0,0,0,0,0.168470247814908,78.97
"24033",0,0,0,0,0.198288316173858,85.91
"24035",0,0,0,0,0.184163850063496,83.33
"24037",0,0,0,0,0.0795861877925503,28.99
"24039",0,0,0,0,0.0794396179853497,28.79
"24041",0,0,0,0,0.177560081670704,81.61
"24043",0.0012118619903051,7.65757634258193,1,1,0.256305789823581,94.43
"24045",0,0,0,0,0.181283414257364,82.72
"24047",0,0,0,0,0.132875368656064,64.87
"24510",0,0,0,0,0.162974411988416,77.25
"25001",0,0,0,0,0.186348210666043,83.77
"25003",0,0,0,0,0.203196715938861,86.76
"25005",0.00132915261590645,8.39871842558872,1,1,0.329402352564287,98.76
"25007",0,0,0,0,0.135813132855573,66.34
"25009",2.72979406433579e-06,0.0172491641906481,1,0,0.302209851099086,97.77
"25011",0,0,0,0,0.196662808327696,85.59
"25013",0,0,0,0,0.26796904453844,95.8
"25015",0,0,0,0,0.172563070096985,80.15
"25017",0.000212817735447514,1.34476373488242,1,1,0.25479427480693,94.24
"25019",0,0,0,0,0.122170724202549,59.18
"25021",0.000357270453733476,2.25753905667443,1,1,0.33686844379858,99.05
"25023",0,0,0,0,0.297463626361847,97.52
"25025",2.46570720375826e-05,0.155804384511469,1,0,0.142934207200224,69.71
"25027",8.04754084755694e-05,0.508512181281458,1,0,0.313475013171548,98.25
"26001",0,0,0,0,0.104831196732833,48.14
"26003",0,0,0,0,0.0781351597166347,27.81
"26005",0,0,0,0,0.232646166957305,91.6
"26007",0,0,0,0,0.147127523253474,71.87
"26009",0,0,0,0,0.118063834574536,55.87
"26011",0,0,0,0,0.104019017624636,47.63
"26013",0,0,0,0,0.0631080644899916,15.46
"26015",0,0,0,0,0.155795031958714,74.67
"26017",0,0,0,0,0.201203385597563,86.45
"26019",0,0,0,0,0.105415829632048,48.43
"26021",0.000723087139378735,4.56908048641562,1,1,0.257780932785661,94.59
"26023",0,0,0,0,0.146743736242348,71.68
"26025",0,0,0,0,0.187731715735451,84.16
"26027",0.00232205054925426,14.6726933384322,1,1,0.159507723348312,75.95
"26029",0,0,0,0,0.145687633352497,71.01
"26031",0,0,0,0,0.140123244643844,68.31
"26033",0,0,0,0,0.113274860409036,53.13
"26035",0,0,0,0,0.131028601097702,63.57
"26037",0,0,0,0,0.172599607674596,80.21
"26039",0,0,0,0,0.0798836883965289,29.46
"26041",0,0,0,0,0.167350909938276,78.65
"26043",0,0,0,0,0.147200609466707,71.91
"26045",0,0,0,0,0.178804930715447,82.09
"26047",0,0,0,0,0.145277045961732,70.63
"26049",0,0,0,0,0.242075355679802,92.68
"26051",0,0,0,0,0.112179253128453,52.56
"26053",0,0,0,0,0.103098849245828,46.99
"26055",0,0,0,0,0.253184582696502,93.86
"26057",0,0,0,0,0.132028572968045,64.3
"26059",0.00365556458164094,23.0989709084831,1,1,0.150167092064455,73.05
"26061",0,0,0,0,0.122966759971387,59.5
"26063",0,0,0,0,0.130644474874981,63.38
"26065",5.29586216636068e-05,0.33463768286427,1,0,0.172502404000345,80.08
"26067",0,0,0,0,0.124116810292965,60.13
"26069",0,0,0,0,0.108989118734248,50.91
"26071",0,0,0,0,0.0880489635169844,36.27
"26073",0,0,0,0,0.127504909482381,61.76
"26075",0.000716285732890539,4.52610340665162,1,1,0.23867903935008,92.43
"26077",0,0,0,0,0.262340100306567,95.1
"26079",0,0,0,0,0.0953281602944374,41.71
"26081",0.000724171755984841,4.57593401803071,1,1,0.365546576277869,99.59
"26083",0,0,0,0,0.0485469652146835,6.11
"26085",0,0,0,0,0.074326870320579,24.05
"26087",0,0,0,0,0.2110600197568,88.29
"26089",0,0,0,0,0.121556687698417,58.35
"26091",0,0,0,0,0.203508172110781,86.83
"26093",0,0,0,0,0.276015484717913,96.31
"26095",0,0,0,0,0.0970200717418905,42.98
"26097",0,0,0,0,0.0809445979170107,30.32
"26099",0.000326555958843242,2.0634587147482,1,1,0.330655252704127,98.89
"26101",0,0,0,0,0.100754541670405,45.34
"26103",0,0,0,0,0.145023821337451,70.44
"26105",0,0,0,0,0.126396955389455,61.22
"26107",0,0,0,0,0.116149112747078,54.66
"26109",0,0,0,0,0.107021719516828,49.54
"26111",0.00260014054813774,16.4299028338984,1,1,0.152678327585736,73.85
"26113",0.00583698144673754,36.8830208358741,1,1,0.116152250748161,54.69
"26115",0,0,0,0,0.213861841656668,88.71
"26117",0,0,0,0,0.145545175066374,70.86
"26119",0,0,0,0,0.0621479651314413,14.73
"26121",4.34247665918796e-05,0.274394665396181,1,0,0.232225135690482,91.54
"26123",0,0,0,0,0.138064879875328,67.23
"26125",0.000669361896161267,4.22959863555076,1,1,0.396381305608225,99.75
"26127",0,0,0,0,0.110366980059446,51.73
"26129",0,0,0,0,0.128854235650662,62.39
"26131",0,0,0,0,0.0708026881264166,21.51
"26133",0,0,0,0,0.106350287271436,48.97
"26135",0,0,0,0,0.100956967667111,45.53
"26137",0.0168837847103188,106.686133739068,1,1,0.134278309879258,65.54
"26139",0,0,0,0,0.293486142423873,97.36
"26141",0,0,0,0,0.0863267350289212,34.87
"26143",0,0,0,0,0.107953693371765,50.24
"26145",0,0,0,0,0.214926426912713,88.93
"26147",0,0,0,0,0.264103546304614,95.39
"26149",4.11641213518297e-05,0.26010998310755,1,0,0.176710455322073,81.36
"26151",0.0312295618051014,197.334973438466,1,1,0.188561982832046,84.28
"26153",0,0,0,0,0.0958978845416821,42.22
"26155",0,0,0,0,0.164697071067958,77.92
"26157",0,0,0,0,0.145098025928969,70.47
"26159",0,0,0,0,0.156882443471416,75.09
"26161",0,0,0,0,0.179225901306318,82.21
"26163",6.2398524399695e-05,0.394287029445347,1,0,0.301080558871347,97.68
"26165",0.0426483954415158,269.488891139995,1,1,0.160490359028127,76.36
"27001",0,0,0,0,0.107797097793344,50.05
"27003",0.000441619270659083,2.79052673198858,1,1,0.31298083624535,98.19
"27005",0,0,0,0,0.147446304693518,71.94
"27007",0,0,0,0,0.145662697366446,70.98
"27009",0,0,0,0,0.139507535440828,67.9
"27011",0,0,0,0,0.09040679616613,38.08
"27013",0,0,0,0,0.189842291489944,84.54
"27015",0,0,0,0,0.116217237710586,54.88
"27017",0,0,0,0,0.0951795432930384,41.58
"27019",0,0,0,0,0.214912516195426,88.9
"27021",0,0,0,0,0.10281363416636,46.83
"27023",0,0,0,0,0.0899035370526478,37.86
"27025",0,0,0,0,0.16562904341625,78.21
"27027",0,0,0,0,0.142337122545445,69.33
"27029",0,0,0,0,0.0737874970502237,23.7
"27031",0,0,0,0,0.0831001990365263,32.48
"27033",0,0,0,0,0.0660262890820038,17.94
"27035",0,0,0,0,0.206124459271607,87.43
"27037",0,0,0,0,0.315294241014559,98.35
"27039",0,0,0,0,0.102270434794094,46.29
"27041",0,0,0,0,0.178775726171301,81.99
"27043",0,0,0,0,0.0834747852731038,32.68
"27045",0,0,0,0,0.132300769331389,64.52
"27047",0,0,0,0,0.135392279914781,66.18
"27049",0,0,0,0,0.162648813012271,77.09
"27051",0,0,0,0,0.0762925475115625,26.19
"27053",0.000291839488281445,1.8440904815676,1,1,0.345417882460075,99.27
"27055",0,0,0,0,0.10584578113754,48.65
"27057",0,0,0,0,0.119822211184642,57.24
"27059",0,0,0,0,0.146241932577053,71.3
"27061",0,0,0,0,0.145807982775205,71.08
"27063",0,0,0,0,0.0598742017682573,12.85
"27065",0,0,0,0,0.0941349065649045,40.95
"27067",0,0,0,0,0.141061985051622,68.85
"27069",0,0,0,0,0.0914538161520194,38.94
"27071",0,0,0,0,0.0837240092974707,32.96
"27073",0,0,0,0,0.0897990832866739,37.77
"27075",0,0,0,0,0.0856463694333185,34.23
"27077",0,0,0,0,0.072226358622462,22.21
"27079",0,0,0,0,0.131094213390793,63.63
"27081",0,0,0,0,0.0740140978066802,23.86
"27083",0,0,0,0,0.101764272342518,45.91
"27085",0,0,0,0,0.154524449210925,74.2
"27087",0,0,0,0,0.0506254352097274,7.16
"27089",0,0,0,0,0.0664311614641409,18.26
"27091",0,0,0,0,0.105606497397879,48.55
"27093",0,0,0,0,0.121603433058492,58.42
"27095",0,0,0,0,0.119715182318431,57.21
"27097",0,0,0,0,0.144090804718476,70.16
"27099",0,0,0,0,0.105051320026053,48.27
"27101",0,0,0,0,0.081012739303243,30.38
"27103",0,0,0,0,0.11615919105843,54.72
"27105",0,0,0,0,0.0801746285448021,29.65
"27107",0,0,0,0,0.0607454237293451,13.46
"27109",0,0,0,0,0.121800441621936,58.67
"27111",0,0,0,0,0.171393920180362,79.83
"27113",0,0,0,0,0.0796304682793275,29.02
"27115",0,0,0,0,0.12117905005431,58.1
"27117",0,0,0,0,0.0823794756542029,32.04
"27119",0,0,0,0,0.106740336419939,49.44
"27121",0,0,0,0,0.107322230854421,49.7
"27123",0,0,0,0,0.256241340929419,94.4
"27125",0,0,0,0,0.0584517659626833,12.03
"27127",0.00085397096498719,5.39611598602197,1,1,0.121676082799014,58.57
"27129",0,0,0,0,0.0755344390718362,25.42
"27131",0,0,0,0,0.136849981751431,66.88
"27133",0,0,0,0,0.0818411906948367,31.4
"27135",0,0,0,0,0.0580552018629628,11.93
"27137",0.000284938168417453,1.80048206398716,1,1,0.21298497085113,88.58
"27139",0,0,0,0,0.199530373731261,86.16
"27141",0,0,0,0,0.20888002550325,87.94
"27143",0,0,0,0,0.0944211932197081,41.17
"27145",0,0,0,0,0.22554855570497,90.55
"27147",0,0,0,0,0.145592467352945,70.89
"27149",0,0,0,0,0.0637447090838941,16.19
"27151",0,0,0,0,0.0762545094724702,26.12
"27153",0,0,0,0,0.101631986394268,45.88
"27155",0,0,0,0,0.106731056541258,49.38
"27157",0,0,0,0,0.107412661129613,49.79
"27159",0.00803655846202332,50.7818220613328,1,1,0.10979250699188,51.45
"27161",0,0,0,0,0.102957520929404,46.87
"27163",0,0,0,0,0.214591862056932,88.86
"27165",0,0,0,0,0.109873650523453,51.54
"27167",0,0,0,0,0.0688844329063597,19.85
"27169",0,0,0,0,0.171033578616727,79.7
"27171",0.000732456767185937,4.62828577613443,1,1,0.227137936782767,90.93
"27173",0,0,0,0,0.0851864087045825,34.01
"28001",0,0,0,0,0.123294252368001,59.69
"28003",0,0,0,0,0.137827784880155,67.17
"28005",0,0,0,0,0.0626406356364084,15.3
"28007",0,0,0,0,0.0957674315715893,42.16
"28009",0,0,0,0,0.0704141967234959,21.19
"28011",0,0,0,0,0.101861412513111,46.04
"28013",0,0,0,0,0.070900745564063,21.57
"28015",0,0,0,0,0.0801009476163583,29.59
"28017",0,0,0,0,0.093149019415472,40.03
"28019",0,0,0,0,0.0540207254549026,9.04
"28021",0,0,0,0,0.0465191198135304,5.15
"28023",0,0,0,0,0.0699487607087148,20.81
"28025",0,0,0,0,0.0932448456062052,40.12
"28027",0,0,0,0,0.0966598557664971,42.7
"28029",0,0,0,0,0.0840013179614453,33.12
"28031",0,0,0,0,0.0756818518837609,25.58
"28033",0,0,0,0,0.172032582623372,79.99
"28035",0,0,0,0,0.15195251851774,73.69
"28037",0,0,0,0,0.0566395421006311,10.98
"28039",0,0,0,0,0.097605680622043,43.37
"28041",0,0,0,0,0.0623190037259287,14.89
"28043",0,0,0,0,0.10781091282214,50.08
"28045",0,0,0,0,0.103199553429255,47.09
"28047",0,0,0,0,0.165356818972511,78.11
"28049",0,0,0,0,0.182271283872216,82.98
"28051",0,0,0,0,0.0847172694225423,33.63
"28053",0,0,0,0,0.0568684813476496,11.14
"28055",0,0,0,0,0.0447935927537054,4.52
"28057",0,0,0,0,0.100411962323459,45.02
"28059",0,0,0,0,0.115525305125251,54.34
"28061",0,0,0,0,0.0615206660196186,14.25
"28063",0,0,0,0,0.0518124758184527,7.7
"28065",0,0,0,0,0.0568570362660574,11.1
"28067",0,0,0,0,0.12121195465146,58.16
"28069",0.00141911069063387,8.96715016977066,1,1,0.0766899655872276,26.5
"28071",0,0,0,0,0.128705370322821,62.3
"28073",0,0,0,0,0.138444225443372,67.42
"28075",0,0,0,0,0.161846269801365,76.81
"28077",0,0,0,0,0.0690103254961283,20.04
"28079",0,0,0,0,0.0587374321917016,12.19
"28081",0,0,0,0,0.196395511718414,85.56
"28083",0,0,0,0,0.103031600499319,46.9
"28085",0,0,0,0,0.120179432134718,57.4
"28087",0.00343768773780121,21.7222394173309,1,1,0.177671248464478,81.67
"28089",0,0,0,0,0.175118668960706,80.81
"28091",0,0,0,0,0.0952846622766523,41.68
"28093",0,0,0,0,0.109465403758752,51.19
"28095",0,0,0,0,0.119451681275959,56.95
"28097",0,0,0,0,0.0690959621319924,20.14
"28099",0,0,0,0,0.0772343484763148,27.11
"28101",0,0,0,0,0.0690246551172743,20.11
"28103",0,0,0,0,0.0770252411261476,26.92
"28105",0,0,0,0,0.0844740866272012,33.47
"28107",0,0,0,0,0.114020258953514,53.55
"28109",0,0,0,0,0.136674467325287,66.82
"28111",0,0,0,0,0.0658882131160446,17.88
"28113",0,0,0,0,0.112999233327829,53.01
"28115",0,0,0,0,0.0940930770520296,40.82
"28117",0,0,0,0,0.103945029326725,47.57
"28119",0,0,0,0,0.0557112030968524,10.4
"28121",0,0,0,0,0.221266466905415,89.95
"28123",0,0,0,0,0.0564717044628143,10.88
"28125",0,0,0,0,0.0525212215217231,7.83
"28127",0,0,0,0,0.0791679217113346,28.64
"28129",0,0,0,0,0.066609659093393,18.52
"28131",0,0,0,0,0.0812205410153264,30.64
"28133",0,0,0,0,0.0649864049688996,17.15
"28135",0,0,0,0,0.0460554023337023,4.93
"28137",0,0,0,0,0.0957538883685238,42.13
"28139",0,0,0,0,0.0834807566897921,32.71
"28141",0,0,0,0,0.109087545748833,50.94
"28143",0,0,0,0,0.044468928458212,4.39
"28145",0,0,0,0,0.0990087491505114,43.97
"28147",0,0,0,0,0.094140440776476,40.98
"28149",0,0,0,0,0.103994123042564,47.6
"28151",0,0,0,0,0.136863187466814,66.91
"28153",0,0,0,0,0.0858287899222532,34.52
"28155",0,0,0,0,0.0797376123555292,29.21
"28157",0,0,0,0,0.0563512937109071,10.69
"28159",0,0,0,0,0.085840387953883,34.62
"28161",0,0,0,0,0.0677083299636824,18.99
"28163",0,0,0,0,0.0723458456721511,22.37
"29001",0,0,0,0,0.102411065550355,46.42
"29003",0,0,0,0,0.107985558245779,50.27
"29005",0,0,0,0,0.0540094837889938,9
"29007",0,0,0,0,0.127442281563899,61.69
"29009",0,0,0,0,0.1185402896855,56.44
"29011",0,0,0,0,0.0821754800558611,31.78
"29013",0,0,0,0,0.107739725008162,49.95
"29015",0,0,0,0,0.102045008395804,46.17
"29017",0,0,0,0,0.0821003186682042,31.69
"29019",0,0,0,0,0.170906477989869,79.61
"29021",0,0,0,0,0.178012154778163,81.83
"29023",0,0,0,0,0.140721085705134,68.66
"29025",0,0,0,0,0.0782501428188691,27.94
"29027",0,0,0,0,0.129672560883347,62.81
"29029",0,0,0,0,0.150528745699832,73.15
"29031",0,0,0,0,0.195877998343684,85.49
"29033",0,0,0,0,0.0643917444437275,16.67
"29035",0,0,0,0,0.0703227585480067,21.09
"29037",0,0,0,0,0.159700993297589,76.04
"29039",0,0,0,0,0.0935666227958655,40.38
"29041",0,0,0,0,0.0782543288429377,27.97
"29043",0,0,0,0,0.209162381992447,88.01
"29045",0,0,0,0,0.0665119235356363,18.36
"29047",0,0,0,0,0.243438918904715,92.81
"29049",0,0,0,0,0.0929784035452258,39.93
"29051",0,0,0,0,0.133304431232032,65.07
"29053",0,0,0,0,0.0990331834340752,44
"29055",0,0,0,0,0.113603497319923,53.45
"29057",0,0,0,0,0.0604063867944233,13.27
"29059",0,0,0,0,0.102667755485387,46.64
"29061",0,0,0,0,0.0884613320538764,36.72
"29063",0,0,0,0,0.0725193960054968,22.53
"29065",0,0,0,0,0.0795795028569023,28.95
"29067",0,0,0,0,0.0947438367715291,41.39
"29069",0,0,0,0,0.0827925596937764,32.2
"29071",0.00748682454592748,47.3081349052973,1,1,0.271905063952639,96.02
"29073",0,0,0,0,0.109838084290227,51.48
"29075",0,0,0,0,0.0713050968907513,21.7
"29077",0,0,0,0,0.244682069403037,93.06
"29079",0,0,0,0,0.079800191221448,29.34
"29081",0,0,0,0,0.0696001704550853,20.36
"29083",0,0,0,0,0.105315221003236,48.39
"29085",0,0,0,0,0.0770409468969574,26.95
"29087",0,0,0,0,0.0530015287332299,8.18
"29089",0,0,0,0,0.0726481906028256,22.69
"29091",0,0,0,0,0.168625711048006,79.06
"29093",0,0,0,0,0.0781939012682074,27.87
"29095",3.34406619340168e-05,0.211306587511451,1,0,0.276751722735332,96.47
"29097",0,0,0,0,0.2563441911989,94.46
"29099",0,0,0,0,0.23457123440922,91.82
"29101",0,0,0,0,0.0887808598275088,37
"29103",0,0,0,0,0.0712594292165612,21.67
"29105",0,0,0,0,0.130163942065534,63.06
"29107",0,0,0,0,0.122054751498346,58.96
"29109",0,0,0,0,0.13473996501926,65.8
"29111",0,0,0,0,0.0714189869540703,21.79
"29113",0,0,0,0,0.145865791893055,71.17
"29115",0,0,0,0,0.0768763635694941,26.73
"29117",0,0,0,0,0.122137235273057,59.08
"29119",0.00201932785230059,12.7598334739426,1,1,0.0998849175544774,44.51
"29121",0,0,0,0,0.0919976690745463,39.23
"29123",0,0,0,0,0.0845948912348332,33.5
"29125",0,0,0,0,0.0857340306098988,34.36
"29127",0,0,0,0,0.123792728393082,60.04
"29129",0,0,0,0,0.0590082361818968,12.31
"29131",0,0,0,0,0.108275127300122,50.4
"29133",0,0,0,0,0.0601540992776355,13.17
"29135",0,0,0,0,0.12129249495979,58.19
"29137",0,0,0,0,0.0781810291802989,27.84
"29139",0,0,0,0,0.0891264898506649,37.23
"29141",0,0,0,0,0.131751061351592,64.08
"29143",0,0,0,0,0.0714692342622968,21.83
"29145",0,0,0,0,0.124258228827237,60.29
"29147",0,0,0,0,0.0932304589342409,40.09
"29149",0,0,0,0,0.0670683376153042,18.74
"29151",0,0,0,0,0.0798399210038633,29.4
"29153",0,0,0,0,0.0920846825404815,39.39
"29155",0,0,0,0,0.0671292206229811,18.84
"29157",0,0,0,0,0.100596551109099,45.21
"29159",0,0,0,0,0.148639222977966,72.57
"29161",0,0,0,0,0.128781101252846,62.36
"29163",0,0,0,0,0.0884377414296952,36.65
"29165",0,0,0,0,0.219669338195831,89.6
"29167",0,0,0,0,0.132549940701578,64.68
"29169",0,0,0,0,0.0573511216386427,11.49
"29171",0,0,0,0,0.0526817704208309,7.89
"29173",0,0,0,0,0.0867140082998792,35.19
"29175",0,0,0,0,0.112180709679509,52.59
"29177",0,0,0,0,0.0847577440625897,33.66
"29179",0,0,0,0,0.0624218064404108,15.02
"29181",0,0,0,0,0.0875782417434257,35.83
"29183",0,0,0,0,0.257154509212965,94.56
"29185",0,0,0,0,0.0760587676327673,25.93
"29186",0,0,0,0,0.094798699832384,41.46
"29187",0,0,0,0,0.146992744607457,71.78
"29189",0,0,0,0,0.324563212392753,98.57
"29195",0,0,0,0,0.0857233512659307,34.33
"29197",0,0,0,0,0.0696539212613376,20.43
"29199",0,0,0,0,0.0804265896263727,29.84
"29201",0,0,0,0,0.145869479744756,71.21
"29203",0,0,0,0,0.0689088975150783,19.92
"29205",0,0,0,0,0.0584853241222703,12.06
"29207",0,0,0,0,0.0994035683241165,44.23
"29209",0,0,0,0,0.131767497654466,64.11
"29211",0,0,0,0,0.0441280650139202,4.3
"29213",0,0,0,0,0.128618393560928,62.23
"29215",0,0,0,0,0.100304355090926,44.89
"29217",0,0,0,0,0.10649394316481,49.13
"29219",0,0,0,0,0.139921799952862,68.12
"29221",0,0,0,0,0.101155703115998,45.56
"29223",0,0,0,0,0.0691293123627771,20.17
"29225",0,0,0,0,0.138129163754812,67.29
"29227",0,0,0,0,0.0617653141846362,14.51
"29229",0,0,0,0,0.112257583377411,52.62
"29510",0.000157592647888259,0.995804589869304,1,0,0.221733044163813,90.04
"30001",0,0,0,0,0.0941780810224425,41.01
"30003",0,0,0,0,0.0532891182342372,8.4
"30005",0,0,0,0,0.0617973430535167,14.57
"30007",0,0,0,0,0.0937718972265482,40.47
"30009",0,0,0,0,0.131624216535615,63.92
"30011",0,0,0,0,0.042901816514227,3.72
"30013",0,0,0,0,0.17365821360435,80.56
"30015",0,0,0,0,0.0604898914541365,13.33
"30017",0,0,0,0,0.104780276402601,48.11
"30019",0,0,0,0,0.0459367820649091,4.84
"30021",0,0,0,0,0.10594690791035,48.71
"30023",0,0,0,0,0.0941001829476845,40.85
"30025",0,0,0,0,0.0697750709768389,20.65
"30027",0,0,0,0,0.118280135062486,56.16
"30029",0,0,0,0,0.235869739722099,92.05
"30031",0,0,0,0,0.256013647136671,94.3
"30033",0,0,0,0,0.0429608207430357,3.75
"30035",0,0,0,0,0.0594012532897732,12.54
"30037",0,0,0,0,0.051631333853232,7.48
"30039",0,0,0,0,0.0767914597685869,26.66
"30041",0,0,0,0,0.099650704455054,44.35
"30043",0,0,0,0,0.113554880665851,53.39
"30045",0,0,0,0,0.0503694054529495,7.03
"30047",0,0,0,0,0.138661394077536,67.55
"30049",0,0,0,0,0.175066525367988,80.78
"30051",0,0,0,0,0.0459350326764394,4.8
"30053",0,0,0,0,0.145773714633553,71.05
"30055",0,0,0,0,0.055607545667126,10.34
"30057",0,0,0,0,0.1077840247454,50.02
"30059",0,0,0,0,0.0553643938234029,10.18
"30061",0,0,0,0,0.0661458108305042,18.01
"30063",0,0,0,0,0.24756883239883,93.32
"30065",0,0,0,0,0.0717714224814434,21.99
"30067",0,0,0,0,0.142409222253941,69.36
"30069",0,0,0,0,0.0319341580611627,1.08
"30071",0,0,0,0,0.0737167846811253,23.58
"30073",0,0,0,0,0.0792238318372852,28.67
"30075",0,0,0,0,0.0545119752807343,9.42
"30077",0,0,0,0,0.0679850492542511,19.22
"30079",0,0,0,0,0.0415683407632006,3.47
"30081",0,0,0,0,0.206299817663687,87.53
"30083",0,0,0,0,0.112920183396889,52.91
"30085",0,0,0,0,0.0594163135579659,12.57
"30087",0,0,0,0,0.0470706652294698,5.57
"30089",0,0,0,0,0.121299890828999,58.22
"30091",0,0,0,0,0.0744246977584919,24.15
"30093",0,0,0,0,0.162236050632723,76.93
"30095",0,0,0,0,0.0809278909188207,30.26
"30097",0,0,0,0,0.0817677669767584,31.31
"30099",0,0,0,0,0.0790605650712658,28.48
"30101",0,0,0,0,0.0592386006767771,12.47
"30103",0,0,0,0,0.0393690709222989,2.64
"30105",0,0,0,0,0.078239866980361,27.9
"30107",0,0,0,0,0.0395536579133127,2.7
"30109",0,0,0,0,0.060218699893638,13.2
"30111",0,0,0,0,0.254169441428483,94.05
"31001",0.00277515679635899,17.5358045724364,1,1,0.165972210013817,78.3
"31003",0,0,0,0,0.0538302768855617,8.81
"31005",0,0,0,0,0.0232949615041099,0.35
"31007",0,0,0,0,0.0415120451922702,3.44
"31009",0,0,0,0,0.0289728613509314,0.76
"31011",0,0,0,0,0.0577245673996506,11.77
"31013",0,0,0,0,0.0635091208610066,16
"31015",0,0,0,0,0.0404263055058106,2.93
"31017",0,0,0,0,0.0534953071364581,8.53
"31019",0,0,0,0,0.164130450484672,77.6
"31021",0,0,0,0,0.0622421389930672,14.86
"31023",0,0,0,0,0.0511833672108248,7.35
"31025",0,0,0,0,0.116759434121577,55.3
"31027",0,0,0,0,0.0688760185993809,19.82
"31029",0,0,0,0,0.056686152664156,11.04
"31031",0,0,0,0,0.0636820541915846,16.07
"31033",0,0,0,0,0.0826731476536596,32.17
"31035",0,0,0,0,0.0532752789003272,8.37
"31037",0,0,0,0,0.0460429139853592,4.9
"31039",0,0,0,0,0.0752433927780148,25.14
"31041",0,0,0,0,0.0704625985646365,21.32
"31043",0,0,0,0,0.0774486303608709,27.24
"31045",0,0,0,0,0.0680425185440047,19.31
"31047",0,0,0,0,0.0871719745657391,35.57
"31049",0,0,0,0,0.0334762965931222,1.37
"31051",0,0,0,0,0.0542139637074741,9.2
"31053",0,0,0,0,0.138606075850943,67.52
"31055",0,0,0,0,0.254682114889782,94.18
"31057",0,0,0,0,0.0402236472922091,2.9
"31059",0,0,0,0,0.0611915044727442,13.97
"31061",0,0,0,0,0.0435682972687083,3.98
"31063",0,0,0,0,0.0322116942192627,1.18
"31065",0,0,0,0,0.0449713343778192,4.55
"31067",0,0,0,0,0.120364724663572,57.65
"31069",0,0,0,0,0.0410650127012951,3.25
"31071",0,0,0,0,0.0612705240635691,14.09
"31073",0,0,0,0,0.0379103369186587,2.32
"31075",0,0,0,0,0.0364767117452767,2.04
"31077",0,0,0,0,0.0482735482085577,5.95
"31079",0,0,0,0,0.163187934419073,77.35
"31081",0,0,0,0,0.0933259484785194,40.18
"31083",0,0,0,0,0.0444318475751356,4.36
"31085",0,0,0,0,0.0532619008926013,8.34
"31087",0,0,0,0,0.0468168735940966,5.44
"31089",0,0,0,0,0.0821805911011729,31.82
"31091",0,0,0,0,0.0434828817290218,3.91
"31093",0,0,0,0,0.0661803110714623,18.04
"31095",0,0,0,0,0.0646067563447948,16.8
"31097",0,0,0,0,0.0452470653275924,4.61
"31099",0,0,0,0,0.0614890734899765,14.22
"31101",0,0,0,0,0.0909249704487877,38.5
"31103",0,0,0,0,0.0503638954787599,7
"31105",0,0,0,0,0.0432148285540047,3.88
"31107",0,0,0,0,0.0683266475510604,19.44
"31109",0.000504963794095963,3.19079138917142,1,1,0.247269969536206,93.25
"31111",0,0,0,0,0.124142109879823,60.17
"31113",0,0,0,0,0.0340070237152835,1.43
"31115",0,0,0,0,0.0380605925055457,2.35
"31117",0,0,0,0,0.0228706368641333,0.25
"31119",0.00767221678093372,48.4796009668121,1,1,0.184216318402569,83.36
"31121",0,0,0,0,0.0807312156913272,30.07
"31123",0,0,0,0,0.0463205102788949,5
"31125",0,0,0,0,0.0397770088509708,2.77
"31127",0,0,0,0,0.0463874535709075,5.06
"31129",0,0,0,0,0.0540317107494933,9.07
"31131",0,0,0,0,0.0834248460817942,32.64
"31133",0,0,0,0,0.0637380491316319,16.13
"31135",0,0,0,0,0.0420877977803223,3.56
"31137",0,0,0,0,0.064833591060825,16.96
"31139",0,0,0,0,0.0784461339995163,28.13
"31141",0,0,0,0,0.148496586492256,72.41
"31143",0,0,0,0,0.0539655375711893,8.97
"31145",0,0,0,0,0.0837100665958333,32.9
"31147",0,0,0,0,0.0762802465213513,26.15
"31149",0,0,0,0,0.0351409219748575,1.65
"31151",0,0,0,0,0.0693454891607418,20.3
"31153",0,0,0,0,0.180831744990197,82.5
"31155",0,0,0,0,0.117548277932225,55.55
"31157",0,0,0,0,0.142067808291719,69.2
"31159",0,0,0,0,0.0962737707583891,42.48
"31161",0,0,0,0,0.0537482099141248,8.75
"31163",0,0,0,0,0.0459615917348392,4.87
"31165",0,0,0,0,0.0519692286959197,7.73
"31167",0.0591274397244547,373.617530093035,1,1,0.0683831118940252,19.5
"31169",0,0,0,0,0.0533862528514514,8.46
"31171",0,0,0,0,0.0574045714543862,11.55
"31173",0,0,0,0,0.0446058046805978,4.45
"31175",0,0,0,0,0.0615803937960627,14.32
"31177",0,0,0,0,0.109252514894442,51.03
"31179",0,0,0,0,0.0539150692499888,8.91
"31181",0,0,0,0,0.0443910214475278,4.33
"31183",0,0,0,0,0.0229989396824183,0.29
"31185",0,0,0,0,0.104020609360913,47.66
"32001",0,0,0,0,0.0988483737329682,43.84
"32003",0,0,0,0,0.22053312727252,89.82
"32005",0,0,0,0,0.172807921905929,80.31
"32007",0,0,0,0,0.132455007820017,64.65
"32009",0,0,0,0,0.0424806592130588,3.6
"32011",0,0,0,0,0.00774337936818902,0.03
"32013",0,0,0,0,0.0736125306017491,23.45
"32015",0,0,0,0,0.0318375065598382,1.05
"32017",0,0,0,0,0.057483679511681,11.64
"32019",0,0,0,0,0.164326369495277,77.73
"32021",0,0,0,0,0.0427529439133048,3.66
"32023",0,0,0,0,0.121191506154144,58.13
"32027",0,0,0,0,0.0358464487581404,1.85
"32029",0.0061935221849934,39.135948928575,1,1,0.0874172328839272,35.76
"32031",0,0,0,0,0.296399879646209,97.49
"32033",0,0,0,0,0.0550462073869538,9.8
"32510",0.000669051982430113,4.22764033660673,1,1,0.200115229074579,86.19
"33001",0,0,0,0,0.198254876790835,85.84
"33003",0,0,0,0,0.188095529992902,84.22
"33005",0,0,0,0,0.213154057223495,88.61
"33007",0,0,0,0,0.134523182141253,65.67
"33009",0,0,0,0,0.151302837270536,73.4
"33011",0.000498079477330653,3.14729041165201,1,1,0.328341222010932,98.66
"33013",0.000959404475679675,6.06233471691133,1,1,0.266966804160604,95.74
"33015",0.000102840688347007,0.649835070693666,1,0,0.315089281308032,98.31
"33017",0.00259692421033244,16.4095792719048,1,1,0.22546955719907,90.52
"33019",0,0,0,0,0.164544419435127,77.86
"34001",0,0,0,0,0.15820081731396,75.56
"34003",9.99357555856949e-05,0.631479231028939,1,0,0.341662402692643,99.2
"34005",0,0,0,0,0.266013964402645,95.61
"34007",0,0,0,0,0.289554017135821,97.14
"34009",0,0,0,0,0.144859904689459,70.38
"34011",0,0,0,0,0.192642885822254,85.05
"34013",9.0426587426183e-05,0.571392206501024,1,0,0.261481252948866,95.04
"34015",6.6014347118107e-05,0.417134877409051,1,0,0.263804307151285,95.29
"34017",0,0,0,0,0.215373920055284,88.99
"34019",0,0,0,0,0.220356995992584,89.76
"34021",0.00019044980781883,1.20342411468453,1,1,0.190518862402644,84.66
"34023",0,0,0,0,0.306446635138518,98
"34025",0.00052471026867773,3.31556643601373,1,1,0.275270980797823,96.18
"34027",4.60030975419012e-05,0.290686756611338,1,0,0.266661255704728,95.67
"34029",0,0,0,0,0.244506458733511,93.03
"34031",0.000332739521264615,2.1025317294063,1,1,0.398886696660513,99.81
"34033",0,0,0,0,0.128418141362302,62.11
"34035",0.000105791609763604,0.668481505856517,1,0,0.235704986694803,92.01
"34037",0,0,0,0,0.213214540488616,88.64
"34039",0,0,0,0,0.328564173960898,98.7
"34041",0,0,0,0,0.218156748426987,89.47
"35001",0,0,0,0,0.225659152589059,90.58
"35003",0,0,0,0,0.0637646001532525,16.23
"35005",0,0,0,0,0.139291315416116,67.8
"35006",0,0,0,0,0.0630534355269342,15.43
"35007",0,0,0,0,0.0715198338355347,21.86
"35009",0,0,0,0,0.101449348307307,45.72
"35011",0,0,0,0,0.052170286206181,7.76
"35013",0,0,0,0,0.178472906660349,81.9
"35015",0,0,0,0,0.131464293053975,63.89
"35017",0,0,0,0,0.0960496409990687,42.35
"35019",0,0,0,0,0.0370358369590709,2.16
"35021",0,0,0,0,0.0340048462910422,1.4
"35023",0,0,0,0,0.0645700378718969,16.74
"35025",0,0,0,0,0.0959823118994139,42.28
"35027",0,0,0,0,0.132019204746329,64.24
"35028",0,0,0,0,0.0272264694847932,0.6
"35029",0,0,0,0,0.0808735168505379,30.19
"35031",0,0,0,0,0.106440276917945,49.09
"35033",0,0,0,0,0.0621489346717364,14.76
"35035",0,0,0,0,0.0851568483084406,33.92
"35037",0,0,0,0,0.0661419323008877,17.98
"35039",0,0,0,0,0.0897889025224257,37.7
"35041",0,0,0,0,0.0697887659397405,20.68
"35043",0,0,0,0,0.15593032676423,74.8
"35045",0,0,0,0,0.150992008617523,73.27
"35047",0,0,0,0,0.0833820422154442,32.61
"35049",0,0,0,0,0.176200206077266,81.07
"35051",0,0,0,0,0.0647113351555815,16.89
"35053",0,0,0,0,0.0548884349423647,9.67
"35055",0,0,0,0,0.140804119264167,68.69
"35057",0,0,0,0,0.0926532606876687,39.77
"35059",0,0,0,0,0.0621650586575808,14.83
"35061",0,0,0,0,0.123523829672314,59.85
"36001",0,0,0,0,0.205474385445797,87.27
"36003",0,0,0,0,0.115635026633183,54.5
"36005",0,0,0,0,0.128134782408832,61.98
"36007",0,0,0,0,0.215754801199834,89.12
"36009",0,0,0,0,0.143781070023519,70.03
"36011",0,0,0,0,0.166007974717624,78.36
"36013",0,0,0,0,0.197850201917297,85.75
"36015",0,0,0,0,0.211820178096967,88.45
"36017",0,0,0,0,0.123971029011369,60.07
"36019",0,0,0,0,0.158866708977158,75.72
"36021",0,0,0,0,0.168488164981549,79
"36023",0,0,0,0,0.136644814818737,66.78
"36025",0,0,0,0,0.136957744380524,66.97
"36027",0,0,0,0,0.184366657351738,83.39
"36029",3.24483057928338e-05,0.205036036103014,1,0,0.335379371668795,98.95
"36031",0,0,0,0,0.123022138400908,59.53
"36033",0,0,0,0,0.0868526366384757,35.38
"36035",0,0,0,0,0.132781218249796,64.78
"36037",0,0,0,0,0.173485178404841,80.53
"36039",0,0,0,0,0.147452584555828,71.97
"36041",0,0,0,0,0.0838160983390319,33.06
"36043",0,0,0,0,0.14337700012413,69.9
"36045",0,0,0,0,0.120474024396467,57.68
"36047",0,0,0,0,0.171763528307374,79.92
"36049",0,0,0,0,0.0909766647982242,38.56
"36051",0,0,0,0,0.146514200140619,71.46
"36053",0,0,0,0,0.134755581255892,65.86
"36055",0,0,0,0,0.265249367741558,95.55
"36057",0,0,0,0,0.1220747909875,59.02
"36059",1.43513203214696e-06,0.00906838665274358,1,0,0.261018718292757,94.94
"36061",3.80077262105841e-07,0.00240165189925814,1,0,0.170758704582418,79.57
"36063",0,0,0,0,0.249501338761026,93.41
"36065",0,0,0,0,0.226420094831935,90.8
"36067",0,0,0,0,0.275753565756956,96.28
"36069",0,0,0,0,0.203600217178431,86.92
"36071",6.87151413814034e-05,0.434200796154132,1,0,0.261502854121156,95.07
"36073",0,0,0,0,0.111327143661945,52.21
"36075",0,0,0,0,0.166739702191176,78.59
"36077",0,0,0,0,0.128461839672018,62.14
"36079",0,0,0,0,0.201199773014008,86.41
"36081",1.15047393773865e-06,0.00726967433491875,1,0,0.180862521398633,82.53
"36083",0,0,0,0,0.175760099710002,80.97
"36085",6.4425932726441e-06,0.0407097922239943,1,0,0.145289603052767,70.66
"36087",0,0,0,0,0.205821879687483,87.34
"36089",0,0,0,0,0.12996418947438,62.93
"36091",0,0,0,0,0.224735577495812,90.39
"36093",0,0,0,0,0.176424849450934,81.23
"36095",0,0,0,0,0.0905696382703694,38.18
"36097",0,0,0,0,0.082226587550772,31.85
"36099",0,0,0,0,0.121342402460047,58.26
"36101",0,0,0,0,0.121872565802322,58.73
"36103",6.73061649754871e-06,0.042529768302779,1,0,0.350687814476205,99.33
"36105",0,0,0,0,0.120927493092569,57.94
"36107",0,0,0,0,0.122756474364245,59.4
"36109",0,0,0,0,0.138710557635632,67.58
"36111",0,0,0,0,0.230484515667286,91.31
"36113",0,0,0,0,0.15072924235883,73.18
"36115",0,0,0,0,0.139119016944129,67.77
"36117",0.00124290904455351,7.85375807781367,1,1,0.189943789086167,84.57
"36119",0,0,0,0,0.231737015103659,91.47
"36121",0,0,0,0,0.129065284692367,62.49
"36123",0,0,0,0,0.127925677390361,61.92
"37001",0,0,0,0,0.222683571842094,90.1
"37003",0,0,0,0,0.140055496004295,68.18
"37005",0,0,0,0,0.0897756966617815,37.64
"37007",0,0,0,0,0.0918371569777476,39.2
"37009",0,0,0,0,0.121921400294396,58.8
"37011",0,0,0,0,0.0957282628352666,42.03
"37013",0,0,0,0,0.135238647653644,66.12
"37015",0,0,0,0,0.0736338381151231,23.51
"37017",0,0,0,0,0.0664717363659977,18.29
"37019",0,0,0,0,0.19082341327424,84.73
"37021",0,0,0,0,0.263796630140525,95.26
"37023",3.03204875534399e-05,0.191590667949174,1,0,0.146365524784479,71.4
"37025",0,0,0,0,0.226605901388858,90.84
"37027",0,0,0,0,0.172811589154451,80.34
"37029",0,0,0,0,0.0978060264454403,43.46
"37031",0,0,0,0,0.160483633908088,76.33
"37033",0,0,0,0,0.107200998967611,49.6
"37035",0.00285494223363286,18.0399569279345,1,1,0.277251706438573,96.5
"37037",0,0,0,0,0.15736537042409,75.31
"37039",0,0,0,0,0.133803369791674,65.29
"37041",0,0,0,0,0.086697872277532,35.13
"37043",0,0,0,0,0.100301905483878,44.86
"37045",0,0,0,0,0.181167054988484,82.69
"37047",0,0,0,0,0.11741730735186,55.46
"37049",0,0,0,0,0.135362705221619,66.15
"37051",0,0,0,0,0.0962724978688855,42.44
"37053",0,0,0,0,0.137172392457038,67.07
"37055",0,0,0,0,0.132430159251745,64.59
"37057",7.44504625234984e-05,0.470441440589031,1,0,0.244328624109173,93
"37059",0,0,0,0,0.131131569871821,63.67
"37061",0,0,0,0,0.0909436706986529,38.53
"37063",3.91205695954933e-06,0.0247197082373512,1,0,0.146995277508629,71.81
"37065",0,0,0,0,0.114768840722784,54.09
"37067",0.000656846577410068,4.15051619088648,1,1,0.266309151558786,95.64
"37069",0.0172708517536104,109.131953029891,1,1,0.176404513389142,81.2
"37071",0,0,0,0,0.225220258568475,90.49
"37073",0,0,0,0,0.0790185475093618,28.41
"37075",0,0,0,0,0.103165496419047,47.06
"37077",0,0,0,0,0.100332382254614,44.99
"37079",0,0,0,0,0.0780554660136791,27.65
"37081",6.29479137487686e-06,0.0397758539333427,1,0,0.330487525897448,98.85
"37083",0,0,0,0,0.124642694520045,60.42
"37085",0,0,0,0,0.150378769526102,73.11
"37087",0,0,0,0,0.162702703955602,77.16
"37089",0,0,0,0,0.223628074193368,90.23
"37091",0,0,0,0,0.100617979738647,45.24
"37093",0,0,0,0,0.108347387887224,50.49
"37095",0,0,0,0,0.084298980264934,33.31
"37097",0,0,0,0,0.286981845196464,96.91
"37099",0,0,0,0,0.0994269218033438,44.26
"37101",0,0,0,0,0.197390880723501,85.65
"37103",0,0,0,0,0.103203108251654,47.12
"37105",0,0,0,0,0.150339290144967,73.08
"37107",0,0,0,0,0.119031054937754,56.63
"37109",0,0,0,0,0.205670820927561,87.31
"37111",0,0,0,0,0.118514961612282,56.35
"37113",0,0,0,0,0.140603662914797,68.53
"37115",0,0,0,0,0.136735605974164,66.85
"37117",0,0,0,0,0.120282120645933,57.52
"37119",1.15953321830764e-06,0.00732691858642665,1,0,0.30498444043192,97.9
"37121",0,0,0,0,0.0878627180563963,36.11
"37123",0,0,0,0,0.10258911536422,46.61
"37125",0,0,0,0,0.163679445844606,77.41
"37127",0,0,0,0,0.167709562532467,78.75
"37129",0,0,0,0,0.220984681704545,89.88
"37131",0,0,0,0,0.0776053572057908,27.27
"37133",0,0,0,0,0.0814777103524463,31.05
"37135",0,0,0,0,0.11334264036238,53.23
"37137",0,0,0,0,0.0665329018215352,18.42
"37139",0,0,0,0,0.110182998656503,51.64
"37141",0,0,0,0,0.162988839804199,77.28
"37143",0,0,0,0,0.104873269722192,48.17
"37145",0,0,0,0,0.127602574985791,61.82
"37147",0,0,0,0,0.156462973969483,74.9
"37149",0,0,0,0,0.130304803584457,63.16
"37151",0,0,0,0,0.216062957995841,89.15
"37153",0,0,0,0,0.125852113762432,60.93
"37155",0,0,0,0,0.136552161852821,66.69
"37157",0.000387146728610143,2.44632281054267,1,1,0.174609014443115,80.59
"37159",1.724286576429e-05,0.10895511371035,1,0,0.216559579656234,89.25
"37161",0,0,0,0,0.167682182630847,78.71
"37163",0,0,0,0,0.110973225355861,51.99
"37165",0,0,0,0,0.104679953879035,48.08
"37167",0,0,0,0,0.172555007620398,80.11
"37169",0,0,0,0,0.114853573480894,54.12
"37171",0,0,0,0,0.156487119714091,74.93
"37173",0,0,0,0,0.0454362398237775,4.71
"37175",0,0,0,0,0.122119333178549,59.05
"37177",0,0,0,0,0.0539572070914057,8.94
"37179",0,0,0,0,0.250745288208542,93.57
"37181",0,0,0,0,0.126070036991281,61.02
"37183",1.38560769289391e-06,0.0087554496915384,1,0,0.253411511916242,93.95
"37185",0,0,0,0,0.0781079041303014,27.74
"37187",0,0,0,0,0.108641580022335,50.62
"37189",0,0,0,0,0.122145151314661,59.12
"37191",0.000535424036714791,3.38326514866982,1,1,0.164339337305342,77.76
"37193",0,0,0,0,0.136185059206077,66.53
"37195",0,0,0,0,0.163809637399058,77.47
"37197",0,0,0,0,0.112904214516084,52.88
"37199",0,0,0,0,0.102554630962642,46.58
"38001",0,0,0,0,0.0409814091215123,3.15
"38003",0,0,0,0,0.0844638324423314,33.44
"38005",0,0,0,0,0.0279592028574541,0.67
"38007",0,0,0,0,0.0343809457690362,1.53
"38009",0,0,0,0,0.0722321307071883,22.24
"38011",0,0,0,0,0.0619834801422867,14.64
"38013",0,0,0,0,0.0459251162290371,4.77
"38015",0,0,0,0,0.195836026360114,85.46
"38017",0,0,0,0,0.238648664586654,92.4
"38019",0,0,0,0,0.0435322640317875,3.95
"38021",0,0,0,0,0.0517280851108385,7.57
"38023",0,0,0,0,0.049841116157086,6.68
"38025",0,0,0,0,0.052776512609639,8.02
"38027",0,0,0,0,0.0508789701823177,7.25
"38029",0,0,0,0,0.0596876956476681,12.66
"38031",0,0,0,0,0.0537468257785421,8.72
"38033",0,0,0,0,0.0343623273886236,1.5
"38035",0,0,0,0,0.162708986425727,77.19
"38037",0,0,0,0,0.0386729714488365,2.48
"38039",0,0,0,0,0.0517076478302026,7.54
"38041",0,0,0,0,0.0446102331619347,4.49
"38043",0,0,0,0,0.0458973491001012,4.74
"38045",0,0,0,0,0.063368382542616,15.81
"38047",0,0,0,0,0.0409931241476808,3.18
"38049",0,0,0,0,0.070059517248856,20.94
"38051",0,0,0,0,0.049909364275449,6.75
"38053",0,0,0,0,0.0617567509556989,14.48
"38055",0,0,0,0,0.0611982896668577,14
"38057",0,0,0,0,0.0564350997481682,10.82
"38059",0,0,0,0,0.145230038826829,70.6
"38061",0,0,0,0,0.0699075412251405,20.74
"38063",0,0,0,0,0.0413825527098701,3.34
"38065",0,0,0,0,0.0480541089314339,5.85
"38067",0,0,0,0,0.0626358902576421,15.27
"38069",0,0,0,0,0.063741369191118,16.16
"38071",0,0,0,0,0.0924879488227903,39.58
"38073",0,0,0,0,0.0543283211104391,9.23
"38075",0,0,0,0,0.0558834457883164,10.44
"38077",0,0,0,0,0.0993798326979409,44.19
"38079",0,0,0,0,0.0481410797905728,5.92
"38081",0,0,0,0,0.0408702238684398,3.12
"38083",0,0,0,0,0.0298198809558713,0.83
"38085",0,0,0,0,0.0220463300678404,0.19
"38087",0,0,0,0,0.0358314440966513,1.81
"38089",0,0,0,0,0.140303583444207,68.37
"38091",0,0,0,0,0.0474265065579527,5.73
"38093",0,0,0,0,0.100563751121356,45.15
"38095",0,0,0,0,0.0355442264293744,1.75
"38097",0,0,0,0,0.0583650838652409,11.99
"38099",0,0,0,0,0.06005538682866,13.01
"38101",0,0,0,0,0.145812223416927,71.11
"38103",0,0,0,0,0.0599567528642544,12.95
"38105",0,0,0,0,0.109490917241566,51.26
"39001",0.000127959053103007,0.808554295538288,1,0,0.116743033610864,55.27
"39003",0,0,0,0,0.237854818787102,92.33
"39005",0,0,0,0,0.171676754721635,79.89
"39007",0.00853983759326402,53.9619683155557,1,1,0.223941405449068,90.3
"39009",0,0,0,0,0.116333150275038,55.04
"39011",0.0187349747160739,118.383529075418,1,1,0.164390224791861,77.79
"39013",0,0,0,0,0.156557989285744,74.96
"39015",0,0,0,0,0.130726668430739,63.41
"39017",0.000278003269318447,1.75666146419644,1,1,0.352002034074814,99.4
"39019",0,0,0,0,0.151609168156316,73.53
"39021",8.04764204088202e-05,0.508518575537721,1,0,0.128600786747732,62.17
"39023",0,0,0,0,0.200697024635348,86.32
"39025",0.000343450822135405,2.17021485240432,1,1,0.262374281383407,95.13
"39027",0,0,0,0,0.121080632853347,58.03
"39029",0,0,0,0,0.231077243555021,91.35
"39031",0,0,0,0,0.154437100124507,74.16
"39033",6.99300699300699e-05,0.441877749624596,1,0,0.161964831469011,76.9
"39035",0.000269139455844227,1.70065234029598,1,1,0.408422923272435,99.87
"39037",0,0,0,0,0.166252350522386,78.46
"39039",0,0,0,0,0.139099016959704,67.74
"39041",0,0,0,0,0.21709953709199,89.31
"39043",0,0,0,0,0.186129867369414,83.71
"39045",0,0,0,0,0.198523486109698,85.94
"39047",0,0,0,0,0.127216635334568,61.53
"39049",3.49828525717644e-06,0.0221051461629002,1,0,0.281803970516315,96.72
"39051",0,0,0,0,0.150996440663347,73.31
"39053",0,0,0,0,0.0992956205440043,44.07
"39055",0.00443889582466362,28.0487249588313,1,1,0.251189639941388,93.67
"39057",0.000484788416788762,3.06330616956205,1,1,0.159905226594682,76.17
"39059",0,0,0,0,0.145388937565414,70.79
"39061",8.89622728793173e-06,0.0562139419862048,1,0,0.329482395648463,98.79
"39063",0.00104885569843301,6.62756373857452,1,1,0.187257057796074,83.96
"39065",0,0,0,0,0.10792290976813,50.17
"39067",0,0,0,0,0.0933496342824279,40.22
"39069",0,0,0,0,0.113086701852444,53.07
"39071",0,0,0,0,0.139651585465707,67.96
"39073",0,0,0,0,0.118442082036361,56.28
"39075",0.0153963353514294,97.2871616510397,1,1,0.233733427337574,91.76
"39077",0,0,0,0,0.157034583914926,75.15
"39079",0,0,0,0,0.113422913367624,53.29
"39081",0,0,0,0,0.140488736392055,68.44
"39083",0,0,0,0,0.172600228674734,80.24
"39085",0.00106134578645723,6.70648675401372,1,1,0.353517133080558,99.46
"39087",0,0,0,0,0.117504864122472,55.49
"39089",0,0,0,0,0.202984791639212,86.67
"39091",4.63327618959366e-05,0.292769856814702,1,0,0.1331114288432,65
"39093",8.9845645181578e-06,0.0567721318541601,1,0,0.288802023914648,97.04
"39095",0.000210222415315404,1.32836429154311,1,1,0.31581793749332,98.38
"39097",0,0,0,0,0.103158339306819,47.03
"39099",0.000211532359643472,1.33664163564414,1,1,0.306059127974949,97.96
"39101",0,0,0,0,0.146535080497446,71.52
"39103",0.00109311338567028,6.90722150610643,1,1,0.320078030918586,98.47
"39105",0,0,0,0,0.085910583222652,34.71
"39107",0,0,0,0,0.145850316674225,71.14
"39109",0.000109158388822181,0.689755683837106,1,0,0.226206055924228,90.71
"39111",0,0,0,0,0.102271606704187,46.33
"39113",0.0023738915487283,15.0002689322902,1,1,0.337634602137457,99.08
"39115",0,0,0,0,0.0765978306915319,26.41
"39117",0,0,0,0,0.160676198128441,76.49
"39119",0,0,0,0,0.175493986707901,80.88
"39121",0,0,0,0,0.0904289249100241,38.15
"39123",0.00168182384452473,10.6271956602751,1,1,0.143978738679871,70.12
"39125",0,0,0,0,0.0969476296268551,42.92
"39127",0,0,0,0,0.108433587931291,50.59
"39129",0,0,0,0,0.108746462312447,50.68
"39131",0,0,0,0,0.0884351038937877,36.62
"39133",0.00486240901976873,30.7248420823594,1,1,0.264681606007627,95.48
"39135",0,0,0,0,0.11438548960182,53.83
"39137",0,0,0,0,0.130437322878614,63.28
"39139",0,0,0,0,0.232993607425242,91.63
"39141",0,0,0,0,0.139780855105811,68.06
"39143",0,0,0,0,0.164888352871203,78.01
"39145",0,0,0,0,0.129131730330617,62.58
"39147",0,0,0,0,0.164305597892185,77.7
"39149",0.00361428872201558,22.8381548677826,1,1,0.167161874369977,78.62
"39151",7.47857101766093e-05,0.472559820831919,1,0,0.349527343425949,99.3
"39153",0.00183255869258828,11.5796668292434,1,1,0.375829633078052,99.71
"39155",4.08819601537162e-05,0.258327048307421,1,0,0.268673530737571,95.86
"39157",0.0152701172956959,96.4896084598982,1,1,0.289529710644895,97.1
"39159",0,0,0,0,0.132641813698806,64.75
"39161",0,0,0,0,0.122037020767674,58.92
"39163",0,0,0,0,0.0757578956401606,25.68
"39165",3.5705040659115e-05,0.225614861138874,1,0,0.277769536081547,96.53
"39167",0,0,0,0,0.16409093676575,77.57
"39169",0.00387457846021382,24.482887153628,1,1,0.265181241406197,95.51
"39171",0,0,0,0,0.170930345712458,79.64
"39173",0.00394465420944063,24.9256854291419,1,1,0.233103622463764,91.66
"39175",0.0584392339359227,369.268859693889,1,1,0.122357069072263,59.27
"40001",0,0,0,0,0.0851757120573244,33.98
"40003",0,0,0,0,0.0465813913359321,5.28
"40005",0,0,0,0,0.0975814137869396,43.33
"40007",0,0,0,0,0.0611565159733618,13.87
"40009",0,0,0,0,0.0877695863346198,35.98
"40011",0,0,0,0,0.0689879878756039,20.01
"40013",0,0,0,0,0.12009601503529,57.37
"40015",0,0,0,0,0.0739704518991234,23.83
"40017",8.39014158363922e-05,0.530160614127465,1,0,0.203160102527473,86.7
"40019",0,0,0,0,0.148263413452507,72.35
"40021",0,0,0,0,0.0697493455318372,20.62
"40023",0,0,0,0,0.0700498787170968,20.9
"40025",0,0,0,0,0.0389280495161732,2.51
"40027",0,0,0,0,0.185863050866171,83.65
"40029",0,0,0,0,0.0639704188695989,16.45
"40031",0,0,0,0,0.103482398499621,47.38
"40033",0,0,0,0,0.0413050868532995,3.31
"40035",0,0,0,0,0.0964708152825711,42.57
"40037",0.000241896468311563,1.52850793895301,1,1,0.200683311958836,86.29
"40039",0,0,0,0,0.107782471312357,49.98
"40041",0,0,0,0,0.145353529670538,70.76
"40043",0,0,0,0,0.0535153899007739,8.62
"40045",0,0,0,0,0.0401981746124858,2.86
"40047",0,0,0,0,0.151552729962032,73.5
"40049",0,0,0,0,0.111537113907839,52.31
"40051",0,0,0,0,0.161794840024628,76.77
"40053",0,0,0,0,0.0573614088073172,11.52
"40055",0,0,0,0,0.0426189673326246,3.63
"40057",0,0,0,0,0.0612429431317401,14.06
"40059",0,0,0,0,0.0491894567189384,6.43
"40061",0,0,0,0,0.0849207878413573,33.82
"40063",0,0,0,0,0.0735514463377909,23.32
"40065",0,0,0,0,0.0772999398911637,27.14
"40067",0,0,0,0,0.0598543709414404,12.79
"40069",0,0,0,0,0.057953403871335,11.87
"40071",0,0,0,0,0.133855583929936,65.32
"40073",0,0,0,0,0.106681436248276,49.35
"40075",0,0,0,0,0.0667239231393145,18.58
"40077",0,0,0,0,0.0579894074239918,11.9
"40079",0,0,0,0,0.121178380117031,58.07
"40081",0,0,0,0,0.1065708145954,49.32
"40083",0,0,0,0,0.141967024443362,69.11
"40085",0,0,0,0,0.0445366934072397,4.42
"40087",0,0,0,0,0.123432975298245,59.78
"40089",0,0,0,0,0.0974306218775826,43.24
"40091",0,0,0,0,0.0886625764280074,36.84
"40093",0,0,0,0,0.0727550318196745,22.72
"40095",0,0,0,0,0.0725409232431004,22.59
"40097",0,0,0,0,0.137493746096365,67.1
"40099",0,0,0,0,0.0760219672114867,25.87
"40101",0,0,0,0,0.147881299949867,72.16
"40103",0,0,0,0,0.055593567307338,10.31
"40105",0,0,0,0,0.079378217373101,28.76
"40107",0,0,0,0,0.063394994677729,15.88
"40109",3.59389038634322e-06,0.0227092608073018,1,0,0.254621795693402,94.15
"40111",0,0,0,0,0.102742596362303,46.77
"40113",0,0,0,0,0.106344020118822,48.93
"40115",0,0,0,0,0.103221839557998,47.15
"40117",0,0,0,0,0.0883222461072832,36.53
"40119",0,0,0,0,0.135184336063658,66.08
"40121",0,0,0,0,0.120287762753964,57.56
"40123",0,0,0,0,0.110707606587938,51.92
"40125",0,0,0,0,0.148619292112002,72.51
"40127",0,0,0,0,0.0836100294298263,32.8
"40129",0,0,0,0,0.0543543332156826,9.26
"40131",0,0,0,0,0.177146878180808,81.48
"40133",0,0,0,0,0.0911509311638177,38.69
"40135",0,0,0,0,0.113294679669849,53.17
"40137",0.000936932716519295,5.92033900065044,1,1,0.13385826805896,65.35
"40139",0,0,0,0,0.0611369001936744,13.84
"40141",0.101728395061728,642.806654244017,1,1,0.0750724649931888,24.91
"40143",0.000947072389586541,5.98441009226188,1,1,0.354319456794519,99.52
"40145",0,0,0,0,0.157528209298586,75.37
"40147",0,0,0,0,0.134444690527244,65.64
"40149",0,0,0,0,0.0828477246235593,32.23
"40151",0,0,0,0,0.0739241889485006,23.8
"40153",0,0,0,0,0.119301543778732,56.86
"41001",0,0,0,0,0.113874560396421,53.52
"41003",0,0,0,0,0.144786827725265,70.31
"41005",0.00016650940778154,1.05214827434618,1,1,0.341327514116323,99.17
"41007",0,0,0,0,0.13627806166592,66.59
"41009",0,0,0,0,0.176325983699977,81.1
"41011",0,0,0,0,0.158671669703584,75.69
"41013",0,0,0,0,0.146223716447169,71.27
"41015",0,0,0,0,0.127457958774412,61.72
"41017",0,0,0,0,0.259082779233178,94.75
"41019",0,0,0,0,0.159762762249047,76.07
"41021",0,0,0,0,0.0477764346166445,5.79
"41023",0,0,0,0,0.0765268154746168,26.38
"41025",0,0,0,0,0.0698405244346873,20.71
"41027",0,0,0,0,0.120542847439945,57.78
"41029",0,0,0,0,0.261301457760187,95
"41031",0,0,0,0,0.101878213279741,46.07
"41033",0,0,0,0,0.186590587940471,83.84
"41035",0,0,0,0,0.1602097723532,76.23
"41037",0,0,0,0,0.0658736536627876,17.85
"41039",0,0,0,0,0.286454650296099,96.88
"41041",0,0,0,0,0.121988070093712,58.86
"41043",0,0,0,0,0.19279805611581,85.08
"41045",0,0,0,0,0.107878707949246,50.11
"41047",0,0,0,0,0.21003927688966,88.2
"41049",0,0,0,0,0.0496186735059132,6.62
"41051",0.000141509349468982,0.894176610386976,1,0,0.31172230463137,98.09
"41053",0,0,0,0,0.146521728751256,71.49
"41055",0,0,0,0,0.0507538913157166,7.22
"41057",0,0,0,0,0.100154989876976,44.77
"41059",0,0,0,0,0.137001997439674,67.01
"41061",0,0,0,0,0.120339420250542,57.62
"41063",0,0,0,0,0.115442460536892,54.31
"41065",0,0,0,0,0.112828038322582,52.82
"41067",7.10469057592398e-05,0.448934869735976,1,0,0.276297260128609,96.34
"41069",0,0,0,0,0.0639079644534144,16.42
"41071",0,0,0,0,0.181435197953817,82.79
"42001",0,0,0,0,0.186639576753809,83.87
"42003",1.34464086659415e-05,0.084965863866296,1,0,0.279325475479212,96.63
"42005",0,0,0,0,0.183667766771857,83.23
"42007",0.000537085772597884,3.39376541147845,1,1,0.254219062733357,94.08
"42009",0,0,0,0,0.146903855660797,71.75
"42011",0,0,0,0,0.313055170529492,98.22
"42013",0,0,0,0,0.22848049360425,91.15
"42015",0,0,0,0,0.134056762934403,65.48
"42017",0.00028334701215461,1.79042778334037,1,1,0.413574295006802,99.9
"42019",0,0,0,0,0.27274655513039,96.12
"42021",0,0,0,0,0.21189119186806,88.48
"42023",0,0,0,0,0.0649489385937988,17.05
"42025",0,0,0,0,0.135152546345974,66.02
"42027",0,0,0,0,0.142979743568666,69.77
"42029",0,0,0,0,0.321203801076496,98.54
"42031",0,0,0,0,0.129247694125151,62.65
"42033",0,0,0,0,0.169263751210022,79.22
"42035",0,0,0,0,0.139039035591316,67.67
"42037",0,0,0,0,0.160313373818643,76.26
"42039",0.0022238695329874,14.052302045141,1,1,0.240207526393401,92.52
"42041",0,0,0,0,0.187560563113227,84.12
"42043",0,0,0,0,0.196810426321465,85.62
"42045",6.84617057435344e-05,0.432599373912624,1,0,0.258355848478189,94.69
"42047",0,0,0,0,0.14250860214515,69.49
"42049",0.00420837212165042,26.5920798385782,1,1,0.29899741418463,97.61
"42051",0,0,0,0,0.191428368264433,84.86
"42053",0,0,0,0,0.0956709856606201,41.97
"42055",0,0,0,0,0.202399904807869,86.61
"42057",0,0,0,0,0.0871994190740848,35.6
"42059",0,0,0,0,0.0952273217875602,41.65
"42061",0,0,0,0,0.119151764639952,56.76
"42063",0.00215531107250852,13.6190912923929,1,1,0.192502754633856,85.01
"42065",0,0,0,0,0.161866935231158,76.84
"42067",0,0,0,0,0.11812692857167,56.06
"42069",0,0,0,0,0.232297071490938,91.57
"42071",3.51200050572807e-06,0.0221918107861674,1,0,0.370672017064962,99.65
"42073",0.000592787749053186,3.74573794676012,1,1,0.227043831567719,90.9
"42075",0,0,0,0,0.217956258798327,89.41
"42077",0,0,0,0,0.264116639406385,95.42
"42079",0,0,0,0,0.270499367719442,95.93
"42081",0,0,0,0,0.242374079371565,92.71
"42083",0.00125395987328405,7.92358662704612,1,1,0.150919044126958,73.24
"42085",0,0,0,0,0.22026094866504,89.72
"42087",0,0,0,0,0.164949021561025,78.05
"42089",0,0,0,0,0.166141089987961,78.43
"42091",7.73999380800495e-05,0.489078739576504,1,0,0.324674309314229,98.6
"42093",0,0,0,0,0.0563853108442206,10.72
"42095",0,0,0,0,0.276624230785808,96.44
"42097",0,0,0,0,0.183608200118525,83.2
"42099",0,0,0,0,0.121916176435534,58.77
"42101",3.46396609272048e-05,0.218882884481294,1,0,0.17944820939441,82.28
"42103",0,0,0,0,0.120203129567871,57.43
"42105",0,0,0,0,0.0957302427221057,42.06
"42107",1.81192244971915e-05,0.114492694684394,1,0,0.20619950083088,87.46
"42109",0,0,0,0,0.140026679195645,68.15
"42111",0,0,0,0,0.202783029565683,86.64
"42113",0,0,0,0,0.0823765935689717,32.01
"42115",0,0,0,0,0.154704339497938,74.26
"42117",0,0,0,0,0.129511562668497,62.77
"42119",0,0,0,0,0.113486397816989,53.32
"42121",0,0,0,0,0.176352584362245,81.16
"42123",0,0,0,0,0.134814510676684,65.89
"42125",0.000533249686323714,3.36952575074465,1,1,0.289275198568227,97.07
"42127",0,0,0,0,0.160673372200763,76.46
"42129",0,0,0,0,0.33432918991037,98.92
"42131",0,0,0,0,0.115167720950845,54.25
"42133",0,0,0,0,0.328612486408952,98.73
"44001",0,0,0,0,0.203928140941687,87.05
"44003",0,0,0,0,0.23650616599741,92.2
"44005",0,0,0,0,0.150064335734097,73.02
"44007",0,0,0,0,0.281940881624424,96.75
"44009",0,0,0,0,0.207948385105039,87.75
"45001",0,0,0,0,0.109734160058975,51.42
"45003",0,0,0,0,0.154839317731019,74.32
"45005",0,0,0,0,0.0605000071327192,13.36
"45007",0,0,0,0,0.236112896618721,92.08
"45009",0,0,0,0,0.0876746663136824,35.92
"45011",0,0,0,0,0.0848484394750594,33.76
"45013",0,0,0,0,0.172985566870692,80.43
"45015",0,0,0,0,0.226077446341129,90.61
"45017",0,0,0,0,0.0794729753528811,28.86
"45019",0,0,0,0,0.236444710784829,92.17
"45021",0,0,0,0,0.148960114365282,72.64
"45023",0,0,0,0,0.132213465216121,64.49
"45025",0.0045679012345679,28.8638910279474,1,1,0.126583597112763,61.28
"45027",0,0,0,0,0.114761935452353,54.06
"45029",0,0,0,0,0.12894577723028,62.42
"45031",0,0,0,0,0.130216892603342,63.09
"45033",0,0,0,0,0.093230288770714,40.06
"45035",0.000600140722652208,3.792200297366,1,1,0.226162713365542,90.65
"45037",0,0,0,0,0.101619773651433,45.85
"45039",0,0,0,0,0.104537649742927,47.92
"45041",0,0,0,0,0.178793345170798,82.02
"45043",0,0,0,0,0.150758455813343,73.21
"45045",6.04914933837429e-06,0.0382236783040104,1,0,0.320834943550273,98.5
"45047",0,0,0,0,0.155532385295801,74.58
"45049",0,0,0,0,0.101324672617487,45.66
"45051",0,0,0,0,0.216896328259295,89.28
"45053",0,0,0,0,0.131997012418583,64.21
"45055",0,0,0,0,0.162614361983584,77.03
"45057",0,0,0,0,0.186029811569564,83.68
"45059",0.00287031399495521,18.1370888099371,1,1,0.162653344597321,77.12
"45061",0,0,0,0,0.105288336580539,48.36
"45063",0,0,0,0,0.26841274515606,95.83
"45065",0,0,0,0,0.106506919739578,49.19
"45067",0,0,0,0,0.105909481118279,48.68
"45069",0,0,0,0,0.0778067956613969,27.43
"45071",0,0,0,0,0.115029604095997,54.18
"45073",0,0,0,0,0.18069770883415,82.44
"45075",0,0,0,0,0.159084039780525,75.82
"45077",0.00419862401529796,26.530482999015,1,1,0.182001873437155,82.88
"45079",0,0,0,0,0.215617105890185,89.09
"45081",0,0,0,0,0.0694277731268897,20.33
"45083",0,0,0,0,0.298904361616167,97.58
"45085",0,0,0,0,0.161194061182067,76.58
"45087",0,0,0,0,0.094038238564963,40.69
"45089",0,0,0,0,0.0867199067160907,35.22
"45091",3.37695230054875e-05,0.21338461189132,1,0,0.291863636494145,97.3
"46003",0,0,0,0,0.0391067520043297,2.58
"46005",0.00217670921143762,13.7543029615017,1,1,0.124357394380741,60.36
"46007",0,0,0,0,0.0404374544541352,2.96
"46009",0,0,0,0,0.068403070481542,19.54
"46011",0,0,0,0,0.118077168419177,55.9
"46013",0,0,0,0,0.157713278885764,75.47
"46015",0,0,0,0,0.0704231504286717,21.22
"46017",0,0,0,0,0.0321465347691853,1.15
"46019",0,0,0,0,0.117077476039729,55.33
"46021",0,0,0,0,0.0438611550170128,4.23
"46023",0,0,0,0,0.0801697479410524,29.62
"46025",0,0,0,0,0.0481349475780112,5.89
"46027",0,0,0,0,0.0666076240740845,18.49
"46029",0,0,0,0,0.177363573153839,81.55
"46031",0,0,0,0,0.0314440845420634,0.95
"46033",0,0,0,0,0.108419936835498,50.56
"46035",0,0,0,0,0.138347160481668,67.36
"46037",0,0,0,0,0.0749242279295442,24.82
"46039",0,0,0,0,0.0693398937880093,20.27
"46041",0,0,0,0,0.0452005894268267,4.58
"46043",0,0,0,0,0.0527034843313647,7.92
"46045",0,0,0,0,0.0563397336815885,10.66
"46047",0,0,0,0,0.074526194037968,24.28
"46049",0,0,0,0,0.0484884228422653,6.08
"46051",0,0,0,0,0.0749638716315085,24.85
"46053",0,0,0,0,0.0752727081881201,25.17
"46055",0,0,0,0,0.0548342412322734,9.64
"46057",0,0,0,0,0.0562701173908822,10.63
"46059",0,0,0,0,0.050716294133403,7.19
"46061",0,0,0,0,0.0538140178104544,8.78
"46063",0,0,0,0,0.034391074729835,1.56
"46065",0,0,0,0,0.105672862876355,48.58
"46067",0,0,0,0,0.0685090815375415,19.63
"46069",0,0,0,0,0.0355111382135285,1.72
"46071",0,0,0,0,0.0359120229080237,1.88
"46073",0,0,0,0,0.031944226784905,1.11
"46075",0,0,0,0,0.0363077387937369,1.97
"46077",0,0,0,0,0.0679072628489064,19.19
"46079",0,0,0,0,0.0954863169731372,41.78
"46081",0,0,0,0,0.142623349933807,69.55
"46083",0,0,0,0,0.171980141763022,79.96
"46085",0,0,0,0,0.0394399777388015,2.67
"46087",0,0,0,0,0.0745232287858995,24.24
"46089",0,0,0,0,0.0401296172025524,2.83
"46091",0,0,0,0,0.0494962128363921,6.55
"46093",0,0,0,0,0.1453125197785,70.7
"46095",0,0,0,0,0.0220846837742502,0.22
"46097",0,0,0,0,0.0569217742640645,11.17
"46099",0,0,0,0,0.237048786565456,92.27
"46101",0,0,0,0,0.0566465311707358,11.01
"46102",0,0,0,0,0.0262518138308696,0.57
"46103",0,0,0,0,0.222857957362019,90.17
"46105",0,0,0,0,0.0601206120850105,13.14
"46107",0,0,0,0,0.0493433769213131,6.49
"46109",0,0,0,0,0.0620167924253443,14.7
"46111",0,0,0,0,0.0364219728670408,2
"46115",0,0,0,0,0.0469039754829307,5.47
"46117",0,0,0,0,0.0649156568823707,17.02
"46119",0,0,0,0,0.0378500548185624,2.29
"46121",0,0,0,0,0.0255775702444529,0.51
"46123",0,0,0,0,0.0671649869738432,18.87
"46125",0,0,0,0,0.0706209816798093,21.41
"46127",0,0,0,0,0.115905158307333,54.57
"46129",0,0,0,0,0.076918038613147,26.76
"46135",0,0,0,0,0.136619065881782,66.75
"46137",0,0,0,0,0.029532753811846,0.8
"47001",0,0,0,0,0.151485024700795,73.46
"47003",0,0,0,0,0.140863054143225,68.76
"47005",0,0,0,0,0.121854371655333,58.7
"47007",0,0,0,0,0.109330077756063,51.1
"47009",0,0,0,0,0.20653085825632,87.59
"47011",0,0,0,0,0.188386972253183,84.25
"47013",0,0,0,0,0.138781215916054,67.61
"47015",0,0,0,0,0.124764927728186,60.48
"47017",0,0,0,0,0.109475049536682,51.22
"47019",0,0,0,0,0.134991138505076,65.92
"47021",0,0,0,0,0.13057074208391,63.35
"47023",0,0,0,0,0.0974573041362526,43.27
"47025",0.0259956837355307,164.262873474829,1,1,0.110436798323894,51.8
"47027",0,0,0,0,0.082331111749542,31.91
"47029",0.00757346258709482,47.8555878493769,1,1,0.126865297187116,61.34
"47031",0,0,0,0,0.161525146805994,76.68
"47033",0,0,0,0,0.0757767122985507,25.71
"47035",0.00402423193422761,25.4285252802142,1,1,0.165677809122055,78.27
"47037",2.73928897726229e-05,0.173091611384709,1,0,0.254784778782676,94.21
"47039",0,0,0,0,0.128345934582737,62.04
"47041",0,0,0,0,0.0980841950852222,43.65
"47043",0,0,0,0,0.166570205000781,78.56
"47045",0.00089937572743625,5.68302195184315,1,1,0.135487507015439,66.24
"47047",0,0,0,0,0.165627180224779,78.17
"47049",0,0,0,0,0.0818672486091196,31.43
"47051",0.0214025187530108,135.239344567164,1,1,0.141400299088313,68.95
"47053",0,0,0,0,0.159665614581603,76.01
"47055",0.0203775582215949,128.762770848176,1,1,0.142954026954256,69.74
"47057",0,0,0,0,0.0911391143601028,38.66
"47059",0.0222535211267606,140.616702465044,1,1,0.176835678669351,81.42
"47061",0,0,0,0,0.0854766838674956,34.17
"47063",0,0,0,0,0.179014256849047,82.18
"47065",0,0,0,0,0.29832235975413,97.55
"47067",0,0,0,0,0.0664221053399714,18.23
"47069",0,0,0,0,0.0886028714732113,36.81
"47071",0,0,0,0,0.119592598645568,57.14
"47073",0.012794853466762,80.8487831103702,1,1,0.132856933349947,64.84
"47075",0,0,0,0,0.073367916144729,23.23
"47077",0,0,0,0,0.119656770027687,57.17
"47079",0.00912955606662485,57.6883119640223,1,1,0.16313342513533,77.31
"47081",0,0,0,0,0.116311679606073,54.98
"47083",0,0,0,0,0.130909444166385,63.51
"47085",0.0184405401481051,116.523040669846,1,1,0.119347116653837,56.89
"47087",0,0,0,0,0.0979029625722657,43.59
"47089",0,0,0,0,0.121455631399477,58.29
"47091",0,0,0,0,0.0885299854340837,36.75
"47093",0,0,0,0,0.27647617438472,96.4
"47095",0,0,0,0,0.0474226109481136,5.7
"47097",0,0,0,0,0.0722166347317825,22.18
"47099",0,0,0,0,0.14362393285303,69.97
"47101",0,0,0,0,0.105009756094489,48.23
"47103",0,0,0,0,0.118974099467269,56.6
"47105",0,0,0,0,0.149086940689321,72.7
"47107",0,0,0,0,0.156157818383842,74.83
"47109",0,0,0,0,0.143455103688141,69.93
"47111",0,0,0,0,0.100822830975241,45.47
"47113",0,0,0,0,0.203554725553612,86.89
"47115",0,0,0,0,0.117803614322442,55.71
"47117",0,0,0,0,0.143361054534473,69.87
"47119",0.000227941481205189,1.44032844328296,1,1,0.220140734389066,89.69
"47121",0,0,0,0,0.0703036859672699,21.06
"47123",0,0,0,0,0.126156819557634,61.12
"47125",0,0,0,0,0.18569958660317,83.61
"47127",0,0,0,0,0.0535559254138462,8.69
"47129",0,0,0,0,0.0772184749466945,27.08
"47131",0,0,0,0,0.121476998006597,58.32
"47133",0,0,0,0,0.124253166707148,60.26
"47135",0.135345666991237,855.229214146845,1,1,0.0844599763116676,33.41
"47137",0,0,0,0,0.0926507276053918,39.74
"47139",0,0,0,0,0.0955530642387557,41.84
"47141",0,0,0,0,0.193418852954754,85.17
"47143",0,0,0,0,0.0867989426429221,35.32
"47145",0,0,0,0,0.108665344736086,50.65
"47147",0,0,0,0,0.184421893545595,83.42
"47149",0,0,0,0,0.252835764220972,93.83
"47151",0,0,0,0,0.102176628877204,46.26
"47153",0.00158263621976034,10.0004437570477,1,1,0.116517092674284,55.11
"47155",0,0,0,0,0.134537170340502,65.7
"47157",0,0,0,0,0.278790409593488,96.6
"47159",0,0,0,0,0.0961896906374762,42.41
"47161",0,0,0,0,0.0766622505831975,26.47
"47163",0.00249029044786519,15.7357763279044,1,1,0.219689367108451,89.63
"47165",0.000108448107580523,0.685267521920803,1,0,0.258077442063027,94.62
"47167",0,0,0,0,0.142639534312971,69.58
"47169",0,0,0,0,0.0703751595442513,21.16
"47171",0,0,0,0,0.0868959600965907,35.41
"47173",0,0,0,0,0.113005176940854,53.04
"47175",0,0,0,0,0.101883304905738,46.1
"47177",0,0,0,0,0.147068813719728,71.84
"47179",0,0,0,0,0.190000573259686,84.6
"47181",0,0,0,0,0.0823764240847952,31.98
"47183",0,0,0,0,0.11281763264105,52.78
"47185",0,0,0,0,0.129114985594607,62.55
"47187",0,0,0,0,0.23030220470618,91.28
"47189",0,0,0,0,0.198714688440305,86.03
"48001",0,0,0,0,0.133740988162981,65.26
"48003",0,0,0,0,0.0745542261236504,24.31
"48005",0,0,0,0,0.164763355081779,77.95
"48007",0,0,0,0,0.133033824810666,64.97
"48009",0,0,0,0,0.0745849811668759,24.4
"48011",0,0,0,0,0.0574387268530468,11.58
"48013",0,0,0,0,0.111627222715012,52.34
"48015",0,0,0,0,0.171551727057227,79.86
"48017",0,0,0,0,0.0544533630022615,9.39
"48019",0,0,0,0,0.119389485419074,56.92
"48021",0,0,0,0,0.170965608658285,79.67
"48023",0,0,0,0,0.0670622527392165,18.71
"48025",0,0,0,0,0.0858333705871056,34.55
"48027",0,0,0,0,0.14800267444833,72.19
"48029",3.72352111050294e-06,0.0235283781445386,1,0,0.227619879251193,91.06
"48031",0,0,0,0,0.117718829264024,55.68
"48033",0,0,0,0,0.0517473153215438,7.6
"48035",0,0,0,0,0.0864086697342983,34.93
"48037",0,0,0,0,0.180817023423623,82.47
"48039",0,0,0,0,0.206243109286939,87.5
"48041",0,0,0,0,0.148528704978107,72.45
"48043",0,0,0,0,0.0815978788130834,31.18
"48045",0,0,0,0,0.0571634647638133,11.36
"48047",0,0,0,0,0.053520671263109,8.65
"48049",0,0,0,0,0.139819827667603,68.09
"48051",0,0,0,0,0.105569995981438,48.52
"48053",0,0,0,0,0.175178789957305,80.85
"48055",0,0,0,0,0.118079656374909,55.97
"48057",0,0,0,0,0.0765217156436779,26.34
"48059",0,0,0,0,0.108848963918401,50.72
"48061",0,0,0,0,0.171068440894395,79.73
"48063",0,0,0,0,0.0839393352358073,33.09
"48065",0,0,0,0,0.031727698634271,1.02
"48067",0,0,0,0,0.0939416925362793,40.6
"48069",0,0,0,0,0.043852691291317,4.2
"48071",0,0,0,0,0.130293592493173,63.12
"48073",0.000999222826690352,6.31394097664988,1,1,0.155106515197393,74.45
"48075",0,0,0,0,0.0663279860474471,18.1
"48077",0,0,0,0,0.0767414165973045,26.6
"48079",0,0,0,0,0.0751922187939111,25.07
"48081",0,0,0,0,0.0570289709928183,11.23
"48083",0,0,0,0,0.0864138842877541,34.97
"48085",1.62349522286531e-06,0.0102586257431659,1,0,0.226284852942644,90.74
"48087",0,0,0,0,0.059650495767003,12.6
"48089",0,0,0,0,0.11110287503821,52.08
"48091",0,0,0,0,0.243997211801156,92.97
"48093",0,0,0,0,0.0799157833135683,29.49
"48095",0,0,0,0,0.0631515038463605,15.49
"48097",0,0,0,0,0.142458513756985,69.42
"48099",0,0,0,0,0.112743832162383,52.72
"48101",0,0,0,0,0.0861142410939003,34.78
"48103",0,0,0,0,0.0551139166163115,9.83
"48105",0,0,0,0,0.0590140781187887,12.34
"48107",0,0,0,0,0.0625800273788825,15.21
"48109",0,0,0,0,0.0488375561255882,6.24
"48111",0,0,0,0,0.0623323381259934,14.92
"48113",1.49562455037787e-06,0.00945062991164108,1,0,0.35740687461844,99.55
"48115",0,0,0,0,0.0731727449056259,23.1
"48117",0,0,0,0,0.062706981319521,15.37
"48119",0,0,0,0,0.0756191655813468,25.55
"48121",2.75532949607779e-06,0.0174105187999761,1,0,0.291254905177471,97.2
"48123",0,0,0,0,0.0887343397674339,36.97
"48125",0,0,0,0,0.0754667615980903,25.33
"48127",0,0,0,0,0.0718193129391356,22.02
"48129",0,0,0,0,0.0658649375146336,17.82
"48131",0,0,0,0,0.0564713956631797,10.85
"48133",0,0,0,0,0.107945399580157,50.21
"48135",0,0,0,0,0.188937561360756,84.38
"48137",0,0,0,0,0.0755045962546029,25.39
"48139",2.69258730714343e-05,0.170140602052606,1,0,0.233619155202357,91.73
"48141",2.48193153840044e-06,0.015682957617623,1,0,0.217927937788176,89.37
"48143",0,0,0,0,0.133699019938228,65.22
"48145",0,0,0,0,0.0766485672472891,26.44
"48147",0,0,0,0,0.114492557796658,53.96
"48149",0,0,0,0,0.145421433278233,70.82
"48151",0,0,0,0,0.0558926180104983,10.47
"48153",0,0,0,0,0.0558970636041894,10.5
"48155",0,0,0,0,0.0617336238778492,14.44
"48157",2.01017146762619e-05,0.127019756359815,1,0,0.23114696061893,91.38
"48159",0,0,0,0,0.0570510563762628,11.29
"48161",0,0,0,0,0.0902921867043602,37.99
"48163",0,0,0,0,0.0546513589072049,9.51
"48165",0,0,0,0,0.111916560082737,52.5
"48167",0,0,0,0,0.168197953998434,78.84
"48169",0,0,0,0,0.0610017931316033,13.74
"48171",0,0,0,0,0.152127543593394,73.72
"48173",0,0,0,0,0.0618554488422277,14.6
"48175",0,0,0,0,0.0747963669984923,24.69
"48177",0,0,0,0,0.064270189608788,16.61
"48179",0,0,0,0,0.0963967938146565,42.51
"48181",0,0,0,0,0.206416360191702,87.56
"48183",0,0,0,0,0.231413018387663,91.44
"48185",0,0,0,0,0.126226140765157,61.15
"48187",1.78574617403882e-05,0.112838654612256,1,0,0.200542628253856,86.26
"48189",0,0,0,0,0.100052828089724,44.67
"48191",0,0,0,0,0.0786715763365212,28.22
"48193",0,0,0,0,0.0658139414670862,17.69
"48195",0,0,0,0,0.0600097430555796,12.98
"48197",0,0,0,0,0.0559647547237597,10.53
"48199",0,0,0,0,0.121635996604969,58.51
"48201",7.16727734052535e-05,0.452889634649838,1,0,0.354092085416742,99.49
"48203",0,0,0,0,0.164496944371037,77.82
"48205",0,0,0,0,0.0471212362399713,5.6
"48207",0,0,0,0,0.0787844147014557,28.32
"48209",3.64614192607447e-05,0.230394305442112,1,0,0.219769157143934,89.66
"48211",0,0,0,0,0.0614591295089175,14.19
"48213",0.000207692946747528,1.31238095448029,1,1,0.183807132318817,83.26
"48215",0,0,0,0,0.176334564533595,81.13
"48217",0,0,0,0,0.129109400869538,62.52
"48219",0,0,0,0,0.0737197090162277,23.61
"48221",0,0,0,0,0.178706759690118,81.93
"48223",0,0,0,0,0.146640936164992,71.62
"48225",0,0,0,0,0.155911194761384,74.77
"48227",0,0,0,0,0.122272587162032,59.21
"48229",0,0,0,0,0.0483685312849055,6.01
"48231",0,0,0,0,0.162780593670108,77.22
"48233",0,0,0,0,0.0760263975645478,25.9
"48235",0,0,0,0,0.0414483474259348,3.37
"48237",0,0,0,0,0.082536272382397,32.1
"48239",0,0,0,0,0.0662836558849643,18.07
"48241",0,0,0,0,0.107306057865824,49.67
"48243",0,0,0,0,0.0540810697202735,9.1
"48245",0,0,0,0,0.212907463592692,88.55
"48247",0,0,0,0,0.0501695370548678,6.87
"48249",0,0,0,0,0.0763774892020451,26.25
"48251",0.000309580096814139,1.95619075807579,1,1,0.261273036461183,94.97
"48253",0,0,0,0,0.0808922733047083,30.23
"48255",0,0,0,0,0.0649546042932039,17.09
"48257",0,0,0,0,0.209518270109024,88.16
"48259",0,0,0,0,0.170258075605781,79.48
"48261",0,0,0,0,0.0125208847544764,0.06
"48263",0,0,0,0,0.0547253566967976,9.55
"48265",0,0,0,0,0.156689390744552,74.99
"48267",0,0,0,0,0.085674389022892,34.3
"48269",0,0,0,0,0.032274469879615,1.21
"48271",0,0,0,0,0.0310019986765855,0.89
"48273",0,0,0,0,0.0896883370328673,37.58
"48275",0,0,0,0,0.0479655139724724,5.82
"48277",0,0,0,0,0.142206606306053,69.27
"48279",0,0,0,0,0.0552912010525006,10.09
"48281",0.00639925081941626,40.4359176845483,1,1,0.119125320446245,56.73
"48283",0,0,0,0,0.0489584755559587,6.3
"48285",0,0,0,0,0.100157495216915,44.8
"48287",0,0,0,0,0.0914620561306041,38.98
"48289",0,0,0,0,0.0718724792597396,22.05
"48291",0,0,0,0,0.141230712005924,68.92
"48293",0,0,0,0,0.0754475620306694,25.29
"48295",0,0,0,0,0.0526335875073132,7.86
"48297",0,0,0,0,0.0651304497297837,17.21
"48299",0,0,0,0,0.105200357732482,48.3
"48301",0,0,0,0,0.0198630252281928,0.16
"48303",0,0,0,0,0.220775803834146,89.85
"48305",0,0,0,0,0.059956469582092,12.92
"48307",0,0,0,0,0.0743697392322765,24.09
"48309",0,0,0,0,0.22477787834785,90.42
"48311",0,0,0,0,0.0553593506406273,10.15
"48313",0,0,0,0,0.0597125933764325,12.73
"48315",0,0,0,0,0.0663745779347893,18.17
"48317",0,0,0,0,0.0644219099819894,16.7
"48319",0,0,0,0,0.090840725543083,38.43
"48321",0,0,0,0,0.101834180803234,45.98
"48323",0,0,0,0,0.103466074784326,47.34
"48325",0,0,0,0,0.111490511779184,52.24
"48327",0,0,0,0,0.0658638077771304,17.79
"48329",0,0,0,0,0.145353065994941,70.73
"48331",0,0,0,0,0.103073969881393,46.96
"48333",0,0,0,0,0.0731224986823883,23.04
"48335",0,0,0,0,0.0490274384810755,6.33
"48337",0,0,0,0,0.114658889361318,54.02
"48339",0,0,0,0,0.259180965064622,94.78
"48341",0,0,0,0,0.0564754713149463,10.91
"48343",0,0,0,0,0.0655444670210846,17.53
"48345",0,0,0,0,0.0781057703449295,27.71
"48347",0,0,0,0,0.136182115138291,66.47
"48349",0,0,0,0,0.16122013541557,76.61
"48351",0,0,0,0,0.069731089013798,20.55
"48353",0,0,0,0,0.0792544490667836,28.73
"48355",0,0,0,0,0.208004844230178,87.78
"48357",0,0,0,0,0.0637855052657293,16.29
"48359",0,0,0,0,0.0389853321310601,2.55
"48361",0,0,0,0,0.155593214592886,74.61
"48363",0,0,0,0,0.129791406921595,62.87
"48365",0,0,0,0,0.0956156309777078,41.93
"48367",0,0,0,0,0.253358983717771,93.92
"48369",0,0,0,0,0.0373055863359349,2.23
"48371",0,0,0,0,0.0877477418823329,35.95
"48373",0,0,0,0,0.111190024199348,52.18
"48375",0,0,0,0,0.201628896312102,86.51
"48377",0,0,0,0,0.0648552092844051,16.99
"48379",0,0,0,0,0.0890169092946388,37.1
"48381",0,0,0,0,0.193407030343827,85.14
"48383",0,0,0,0,0.0513159784711213,7.38
"48385",0,0,0,0,0.0538724898651117,8.85
"48387",0,0,0,0,0.0779018021253661,27.49
"48389",0,0,0,0,0.0730810933579422,23
"48391",0,0,0,0,0.05611520319721,10.59
"48393",0,0,0,0,0.0639020687316265,16.39
"48395",0,0,0,0,0.0745869579187228,24.44
"48397",0,0,0,0,0.208228297589316,87.85
"48399",0,0,0,0,0.0700465313067921,20.87
"48401",0,0,0,0,0.120739144835264,57.87
"48403",0,0,0,0,0.0745821734123408,24.34
"48405",0,0,0,0,0.0499720225163075,6.78
"48407",0,0,0,0,0.11821814254908,56.12
"48409",0,0,0,0,0.116712355148433,55.23
"48411",0,0,0,0,0.0693088263870754,20.24
"48413",0,0,0,0,0.0611093558359105,13.81
"48415",0,0,0,0,0.0758096690644676,25.74
"48417",0,0,0,0,0.0589182829468304,12.22
"48419",0,0,0,0,0.0852187089745424,34.08
"48421",0,0,0,0,0.0316262087699981,0.99
"48423",0.000618520036183422,3.9083364561163,1,1,0.236198354543615,92.11
"48425",0,0,0,0,0.0729116736990859,22.94
"48427",0,0,0,0,0.0946772408766096,41.33
"48429",0,0,0,0,0.0758487349463822,25.77
"48431",0,0,0,0,0.0365633527825087,2.07
"48433",0,0,0,0,0.0783103959778426,28.03
"48435",0,0,0,0,0.0529959131323592,8.15
"48437",0,0,0,0,0.0633263324272243,15.75
"48439",0.000115911047561577,0.732424733799888,1,0,0.345064240180681,99.24
"48441",0,0,0,0,0.180925077129143,82.63
"48443",0,0,0,0,0.04877245045044,6.2
"48445",0,0,0,0,0.0782670275849123,28
"48447",0,0,0,0,0.0593855533918796,12.5
"48449",0,0,0,0,0.106566366800749,49.28
"48451",0,0,0,0,0.177832864493015,81.77
"48453",9.03563655055539e-06,0.0570948484590078,1,0,0.254240765336343,94.11
"48455",0,0,0,0,0.0858932541459482,34.68
"48457",0,0,0,0,0.0784177824597583,28.09
"48459",0,0,0,0,0.108878401170136,50.78
"48461",0,0,0,0,0.0354495324573892,1.69
"48463",0,0,0,0,0.114031205304681,53.61
"48465",0,0,0,0,0.103279801670887,47.22
"48467",0,0,0,0,0.169532187517815,79.29
"48469",0,0,0,0,0.197962018119633,85.78
"48471",0,0,0,0,0.0882764115684833,36.43
"48473",0.00978137651821862,61.8070688106488,1,1,0.162392703519082,77
"48475",0,0,0,0,0.070904419806606,21.6
"48477",0,0,0,0,0.145634437270211,70.95
"48479",0,0,0,0,0.148191577390927,72.32
"48481",0,0,0,0,0.126870222704857,61.37
"48483",0,0,0,0,0.065555609802513,17.56
"48485",9.33794005042488e-05,0.590050594792392,1,0,0.169242611918025,79.19
"48487",0,0,0,0,0.0632103290017489,15.65
"48489",0,0,0,0,0.0606576171459501,13.39
"48491",0,0,0,0,0.230206649303219,91.25
"48493",0,0,0,0,0.140711673984278,68.63
"48495",0,0,0,0,0.0491004816991938,6.4
"48497",0,0,0,0,0.172861297936,80.4
"48499",0,0,0,0,0.151617997213062,73.56
"48501",0,0,0,0,0.0617681917953098,14.54
"48503",0,0,0,0,0.10602918939403,48.74
"48505",0,0,0,0,0.0815088529014039,31.08
"48507",0,0,0,0,0.0569556253523826,11.2
"49001",0,0,0,0,0.0669796220900427,18.68
"49003",0,0,0,0,0.131740886839949,64.05
"49005",0,0,0,0,0.207842934799189,87.72
"49007",0,0,0,0,0.101785413563429,45.94
"49009",0,0,0,0,0.0600947606001874,13.04
"49011",0,0,0,0,0.250371377726673,93.54
"49013",0,0,0,0,0.103388677622438,47.28
"49015",0,0,0,0,0.0551260060379588,9.86
"49017",0,0,0,0,0.0549461792394244,9.7
"49019",0,0,0,0,0.0882147013351225,36.33
"49021",0,0,0,0,0.180109553231204,82.41
"49023",0,0,0,0,0.0917506850246388,39.07
"49025",0,0,0,0,0.0779764660498494,27.55
"49027",0,0,0,0,0.0777855166634329,27.36
"49029",0,0,0,0,0.10838639856981,50.52
"49031",0,0,0,0,0.0347896609403314,1.62
"49033",0,0,0,0,0.0705899287236552,21.38
"49035",5.23469647864244e-05,0.330772713692895,1,0,0.368148497148044,99.62
"49037",0,0,0,0,0.0678646590844979,19.09
"49039",0,0,0,0,0.12315199926607,59.59
"49041",0,0,0,0,0.117410204618191,55.42
"49043",0,0,0,0,0.149601071632723,72.89
"49045",0,0,0,0,0.151191552007951,73.37
"49047",0,0,0,0,0.13080134728809,63.44
"49049",0,0,0,0,0.290718206792691,97.17
"49051",0,0,0,0,0.179291545299142,82.25
"49053",2.08609306061143e-05,0.131817129319657,1,0,0.232062871995983,91.5
"49055",0,0,0,0,0.0635700907305122,16.04
"49057",0,0,0,0,0.224274193312468,90.36
"50001",0,0,0,0,0.154253975282175,74.13
"50003",0,0,0,0,0.169435142065393,79.26
"50005",0,0,0,0,0.164187074931533,77.63
"50007",0,0,0,0,0.237553084037628,92.3
"50009",0,0,0,0,0.0716951392661634,21.95
"50011",0,0,0,0,0.136301661589631,66.62
"50013",0,0,0,0,0.113378509124353,53.26
"50015",0,0,0,0,0.136364418731341,66.66
"50017",0,0,0,0,0.140153716976578,68.34
"50019",0,0,0,0,0.140930824578357,68.79
"50021",0,0,0,0,0.199312590360895,86.13
"50023",0,0,0,0,0.158379200305402,75.66
"50025",0,0,0,0,0.182608422042695,83.04
"50027",0,0,0,0,0.187364679892472,84.03
"51001",0,0,0,0,0.0872887291848806,35.7
"51003",0,0,0,0,0.131252982395656,63.76
"51005",0,0,0,0,0.104311339279167,47.73
"51007",0,0,0,0,0.1081716122877,50.33
"51009",0,0,0,0,0.123095312793547,59.56
"51011",0,0,0,0,0.0947863919035439,41.43
"51013",0,0,0,0,0.0868323748479278,35.35
"51015",0,0,0,0,0.157595889284772,75.41
"51017",0,0,0,0,0.0604270134690757,13.3
"51019",0.00180938164382322,11.4332144924806,1,1,0.215177119678777,88.96
"51021",0,0,0,0,0.0608377592831347,13.55
"51023",0,0,0,0,0.132898041851677,64.91
"51025",0,0,0,0,0.0705877939047078,21.35
"51027",0,0,0,0,0.0681171468122375,19.34
"51029",0,0,0,0,0.0753770630098407,25.26
"51031",0,0,0,0,0.151142255921749,73.34
"51033",0,0,0,0,0.0944402020027265,41.2
"51035",0,0,0,0,0.114636450518446,53.99
"51036",0,0,0,0,0.0804630542293903,29.91
"51037",0,0,0,0,0.0846587281985463,33.57
"51041",0,0,0,0,0.227717730686005,91.09
"51043",0,0,0,0,0.103813094797593,47.53
"51045",0,0,0,0,0.0729057996214793,22.88
"51047",0,0,0,0,0.13802469394974,67.2
"51049",0,0,0,0,0.0778913645320529,27.46
"51051",0,0,0,0,0.0518096223853621,7.67
"51053",0,0,0,0,0.0777663078418923,27.33
"51057",0,0,0,0,0.10081997286851,45.43
"51059",0,0,0,0,0.135118284156482,65.99
"51061",0,0,0,0,0.172745307523597,80.27
"51063",0,0,0,0,0.102476598790015,46.48
"51065",0,0,0,0,0.0980048707522908,43.62
"51067",0,0,0,0,0.15177131807402,73.59
"51069",0,0,0,0,0.175506469723842,80.91
"51071",0,0,0,0,0.069611633686532,20.39
"51073",0,0,0,0,0.149562387573749,72.86
"51075",0,0,0,0,0.0790576047330887,28.44
"51077",0,0,0,0,0.0748292659939616,24.75
"51079",0,0,0,0,0.0968497862191324,42.83
"51081",0,0,0,0,0.0539124477118879,8.88
"51083",0,0,0,0,0.125236665327264,60.71
"51085",0,0,0,0,0.226405310483851,90.77
"51087",4.82611507388782e-06,0.0304955060163882,1,0,0.253321681424839,93.89
"51089",0,0,0,0,0.154933715662865,74.39
"51091",0,0,0,0,0.0646058629462578,16.77
"51093",0,0,0,0,0.111169401670756,52.15
"51095",0,0,0,0,0.14611297000344,71.24
"51097",0,0,0,0,0.0993286039488674,44.16
"51099",0,0,0,0,0.0494288019524712,6.52
"51101",0,0,0,0,0.100306683012561,44.93
"51103",0,0,0,0,0.108251147826026,50.37
"51105",0,0,0,0,0.0722569452299861,22.3
"51107",0,0,0,0,0.189171430537451,84.41
"51109",0,0,0,0,0.116278897470018,54.95
"51111",0,0,0,0,0.0831454140218557,32.52
"51113",0,0,0,0,0.101449519098413,45.75
"51115",0,0,0,0,0.0674168260622257,18.93
"51117",0,0,0,0,0.112976776819729,52.97
"51119",0,0,0,0,0.0924174358834272,39.55
"51121",0,0,0,0,0.128238457615311,62.01
"51125",0,0,0,0,0.0859139783109534,34.74
"51127",0,0,0,0,0.100788276990352,45.37
"51131",0,0,0,0,0.0638014820176932,16.32
"51133",0,0,0,0,0.0888623374009365,37.03
"51135",0,0,0,0,0.0643288605546865,16.64
"51137",0,0,0,0,0.114488559748142,53.93
"51139",0,0,0,0,0.0910471221380453,38.63
"51141",0,0,0,0,0.0877783254283754,36.05
"51143",0,0,0,0,0.139581025101563,67.93
"51145",0,0,0,0,0.127326574241312,61.63
"51147",0,0,0,0,0.0972337996896549,43.11
"51149",0,0,0,0,0.0625842883532771,15.24
"51153",0,0,0,0,0.193571453870374,85.27
"51155",0,0,0,0,0.0978763815101458,43.53
"51157",0,0,0,0,0.0760788452577349,25.96
"51159",0,0,0,0,0.0914332456782925,38.91
"51161",0,0,0,0,0.190874118626176,84.76
"51163",0,0,0,0,0.119863038725921,57.27
"51165",0,0,0,0,0.136041268204594,66.4
"51167",0,0,0,0,0.0796684121528913,29.05
"51169",0,0,0,0,0.0637713839964411,16.26
"51171",0,0,0,0,0.120312119349652,57.59
"51173",0,0,0,0,0.0810037560926648,30.35
"51175",0,0,0,0,0.0797344632503856,29.18
"51177",0,0,0,0,0.210425521928374,88.26
"51179",0,0,0,0,0.150057315015608,72.99
"51181",0,0,0,0,0.0650020636209421,17.18
"51183",0,0,0,0,0.0890821194876672,37.19
"51185",0,0,0,0,0.121606326764507,58.45
"51187",0,0,0,0,0.134194667799136,65.51
"51191",0,0,0,0,0.147519117408024,72.03
"51193",0,0,0,0,0.0821416359985726,31.72
"51195",0,0,0,0,0.0777990586364174,27.39
"51197",0.0182349226397221,115.223774102852,1,1,0.13516537323975,66.05
"51199",0,0,0,0,0.12492086248364,60.55
"51510",0,0,0,0,0.147657694486514,72.06
"51520",0,0,0,0,0.0996785376871807,44.38
"51530",0,0,0,0,0.0631621946331887,15.53
"51540",0,0,0,0,0.13844790481197,67.45
"51550",0,0,0,0,0.234587123142807,91.85
"51570",0,0,0,0,0.109229594437679,51
"51580",0,0,0,0,0.0741047979198375,23.96
"51590",0,0,0,0,0.131268833149179,63.79
"51595",0,0,0,0,0.0745823088694359,24.37
"51600",0,0,0,0,0.113494114228182,53.36
"51610",0,0,0,0,0.0895239735871141,37.51
"51620",0,0,0,0,0.0820611314313036,31.59
"51630",0,0,0,0,0.123659797559134,59.91
"51640",0,0,0,0,0.0938341228171586,40.5
"51650",0,0,0,0,0.135451931497942,66.21
"51660",0,0,0,0,0.14769731855162,72.1
"51670",0,0,0,0,0.0957123412116699,42
"51678",0,0,0,0,0.0551985053425619,9.96
"51680",0.00190830513638769,12.0582973834759,1,1,0.170579614291351,79.54
"51683",0,0,0,0,0.128666674125999,62.27
"51685",0,0,0,0,0.0920441414692248,39.29
"51690",0,0,0,0,0.081301249034926,30.77
"51700",0,0,0,0,0.101304275045343,45.63
"51710",0,0,0,0,0.143639271825556,70
"51720",0,0,0,0,0.0744381744057278,24.18
"51730",0,0,0,0,0.120204515540781,57.46
"51735",0,0,0,0,0.0674236756134862,18.96
"51740",0,0,0,0,0.090840975753948,38.47
"51750",0,0,0,0,0.0677631664237212,19.06
"51760",0,0,0,0,0.168630630958307,79.1
"51770",0,0,0,0,0.184093531799079,83.3
"51775",0,0,0,0,0.143827379770182,70.06
"51790",0,0,0,0,0.108012346563586,50.3
"51800",0,0,0,0,0.130897403999261,63.47
"51810",0,0,0,0,0.191344498158831,84.82
"51820",0,0,0,0,0.12324827603235,59.62
"51830",0,0,0,0,0.0652911006655592,17.34
"51840",0,0,0,0,0.102782713977671,46.8
"53001",0,0,0,0,0.0612262235758859,14.03
"53003",0,0,0,0,0.118419651348029,56.25
"53005",0,0,0,0,0.148308364226223,72.38
"53007",0,0,0,0,0.142006721856297,69.14
"53009",0,0,0,0,0.145597867668288,70.92
"53011",0,0,0,0,0.269242264548694,95.9
"53013",0,0,0,0,0.0564767443307494,10.94
"53015",0,0,0,0,0.182728559038303,83.07
"53017",0,0,0,0,0.117536413747071,55.52
"53019",0,0,0,0,0.0697427637296029,20.59
"53021",0,0,0,0,0.144361116796937,70.22
"53023",0,0,0,0,0.0436119077687308,4.04
"53025",0,0,0,0,0.119501971769113,57.02
"53027",0,0,0,0,0.13113922591635,63.7
"53029",0,0,0,0,0.155099696074092,74.42
"53031",0,0,0,0,0.158109554761238,75.53
"53033",2.87507187679692e-05,0.181671531602702,1,0,0.2518460588984,93.8
"53035",0,0,0,0,0.159800664895587,76.11
"53037",0,0,0,0,0.122014837983065,58.89
"53039",0,0,0,0,0.106138069794355,48.81
"53041",0,0,0,0,0.175549442911929,80.94
"53043",0,0,0,0,0.0624017688636054,14.99
"53045",0,0,0,0,0.115692817139988,54.53
"53047",0,0,0,0,0.0964282458473734,42.54
"53049",0,0,0,0,0.100095353301654,44.7
"53051",0,0,0,0,0.0744542935194875,24.21
"53053",0,0,0,0,0.246476503987229,93.16
"53055",0,0,0,0,0.157352539235876,75.28
"53057",0,0,0,0,0.209225151692094,88.04
"53059",0,0,0,0,0.0851573059788637,33.95
"53061",2.9627522783565e-06,0.018721192625211,1,0,0.262511802977648,95.16
"53063",0,0,0,0,0.302738630040297,97.8
"53065",0,0,0,0,0.135011856635743,65.96
"53067",0,0,0,0,0.177572197865797,81.64
"53069",0,0,0,0,0.0757502273731695,25.64
"53071",0,0,0,0,0.116474323057777,55.07
"53073",0,0,0,0,0.253504239889342,93.99
"53075",0,0,0,0,0.0867598899563977,35.25
"53077",0,0,0,0,0.146679337534574,71.65
"54001",0,0,0,0,0.061101492936111,13.78
"54003",0,0,0,0,0.163346438797871,77.38
"54005",0,0,0,0,0.0738409548045624,23.74
"54007",0,0,0,0,0.0786874555285167,28.25
"54009",0,0,0,0,0.0986958677501354,43.81
"54011",0,0,0,0,0.182885581149345,83.11
"54013",0,0,0,0,0.0467650028863425,5.38
"54015",0,0,0,0,0.0454040549409213,4.68
"54017",0,0,0,0,0.0410912985203554,3.28
"54019",0,0,0,0,0.122854432091433,59.47
"54021",0,0,0,0,0.0498607385076629,6.71
"54023",0,0,0,0,0.0938802475947648,40.53
"54025",0,0,0,0,0.120032956909691,57.33
"54027",0,0,0,0,0.106917768514343,49.51
"54029",0,0,0,0,0.113301121853541,53.2
"54031",0,0,0,0,0.0794582987687195,28.83
"54033",0,0,0,0,0.136897085206112,66.94
"54035",0,0,0,0,0.109568097124405,51.35
"54037",0,0,0,0,0.128092249427833,61.95
"54039",0,0,0,0,0.179822320769148,82.34
"54041",0,0,0,0,0.0945124321465314,41.23
"54043",0,0,0,0,0.0755739722173563,25.49
"54045",0,0,0,0,0.0926481341610031,39.71
"54047",0,0,0,0,0.0547280498896366,9.58
"54049",0,0,0,0,0.144880930883802,70.41
"54051",0,0,0,0,0.0858573078882673,34.65
"54053",0,0,0,0,0.0766942425815647,26.54
"54055",0,0,0,0,0.145189081071043,70.54
"54057",0,0,0,0,0.0879357531831392,36.14
"54059",0,0,0,0,0.0704483935429029,21.29
"54061",0,0,0,0,0.119942912780482,57.3
"54063",0,0,0,0,0.0884409325659036,36.68
"54065",0,0,0,0,0.101272987714116,45.59
"54067",0,0,0,0,0.110435995153537,51.77
"54069",0,0,0,0,0.153846188580367,74.07
"54071",0,0,0,0,0.0829244229289395,32.29
"54073",0,0,0,0,0.0632996310676894,15.72
"54075",0,0,0,0,0.057949139982009,11.84
"54077",0,0,0,0,0.111781669554685,52.4
"54079",0,0,0,0,0.171074272514008,79.76
"54081",0,0,0,0,0.146325516830148,71.36
"54083",0,0,0,0,0.114268891014743,53.74
"54085",0,0,0,0,0.0725995322359693,22.65
"54087",0,0,0,0,0.0813322362990555,30.83
"54089",0,0,0,0,0.0706841061294136,21.48
"54091",0,0,0,0,0.0817919231268911,31.34
"54093",0,0,0,0,0.063823222797911,16.35
"54095",0,0,0,0,0.0547559310815024,9.61
"54097",0,0,0,0,0.0968022451151989,42.79
"54099",0,0,0,0,0.0939059830312343,40.57
"54101",0,0,0,0,0.0489163864088733,6.27
"54103",0,0,0,0,0.0748114431775755,24.72
"54105",0,0,0,0,0.0503174402521976,6.97
"54107",0,0,0,0,0.177833157277385,81.8
"54109",0,0,0,0,0.0688124281591007,19.79
"55001",0,0,0,0,0.0849908586654423,33.88
"55003",0,0,0,0,0.106525415502802,49.22
"55005",0,0,0,0,0.157691600403511,75.44
"55007",0,0,0,0,0.098518922911369,43.72
"55009",0,0,0,0,0.286027167054574,96.85
"55011",0,0,0,0,0.0830955240978787,32.45
"55013",0,0,0,0,0.094382441070982,41.14
"55015",0,0,0,0,0.127635165486268,61.88
"55017",0,0,0,0,0.204845419783253,87.21
"55019",0,0,0,0,0.130395365666099,63.22
"55021",0.0112396023534185,71.0213817828358,1,1,0.195337593965162,85.43
"55023",0,0,0,0,0.0856584422990845,34.27
"55025",0,0,0,0,0.249929199091642,93.51
"55027",0,0,0,0,0.168729846332896,79.16
"55029",0,0,0,0,0.157051674399248,75.21
"55031",0,0,0,0,0.148186488092518,72.29
"55033",0,0,0,0,0.128605564906486,62.2
"55035",0,0,0,0,0.198534766141723,85.97
"55037",0,0,0,0,0.0699419247308003,20.78
"55039",0,0,0,0,0.217789809570364,89.34
"55041",0,0,0,0,0.0762108712595077,26.06
"55043",0,0,0,0,0.132059207782086,64.4
"55045",0,0,0,0,0.125647552890128,60.83
"55047",0,0,0,0,0.122632257441208,59.37
"55049",0,0,0,0,0.103405858423217,47.31
"55051",0,0,0,0,0.0798211056811498,29.37
"55053",0,0,0,0,0.0687064250178482,19.73
"55055",0.00321642693564573,20.3241251950175,1,1,0.223293264842398,90.2
"55057",0,0,0,0,0.1115284053045,52.27
"55059",0.000183839299939946,1.16165329494535,1,1,0.251138493705851,93.64
"55061",0,0,0,0,0.0894869683395649,37.45
"55063",0,0,0,0,0.198714881641311,86.06
"55065",0,0,0,0,0.0902762040301349,37.96
"55067",0,0,0,0,0.115179544560544,54.28
"55069",0,0,0,0,0.121570447251985,58.38
"55071",0,0,0,0,0.200908059331227,86.35
"55073",0,0,0,0,0.245499834316517,93.13
"55075",0,0,0,0,0.13015206324163,63.03
"55077",0,0,0,0,0.0797203786432217,29.14
"55078",0,0,0,0,0.0709401804335708,21.64
"55079",0.00039760740707857,2.51242228771747,1,1,0.352508373546807,99.43
"55081",0,0,0,0,0.118079509578546,55.93
"55083",0,0,0,0,0.121959074798217,58.83
"55085",0,0,0,0,0.159506454018477,75.91
"55087",0.000160284800782865,1.01281590508611,1,1,0.307318581413781,98.06
"55089",0.00244138569684725,15.4267544529461,1,1,0.263207566119096,95.23
"55091",0,0,0,0,0.081382562133965,30.93
"55093",0,0,0,0,0.149532165463117,72.83
"55095",0,0,0,0,0.167807734528194,78.78
"55097",0,0,0,0,0.175059339666033,80.75
"55099",0,0,0,0,0.0864187164471879,35
"55101",0.00447477744807122,28.2754556201918,1,1,0.29362667137472,97.39
"55103",0,0,0,0,0.0863648086720866,34.9
"55105",0,0,0,0,0.243886653351489,92.94
"55107",0,0,0,0,0.0978762531064908,43.49
"55109",0,0,0,0,0.253646838956056,94.02
"55111",0,0,0,0,0.170032631201168,79.38
"55113",0,0,0,0,0.117836010681956,55.74
"55115",0,0,0,0,0.141918712136796,69.07
"55117",0,0,0,0,0.194084759259524,85.33
"55119",0,0,0,0,0.0966807199955749,42.73
"55121",0,0,0,0,0.114105538587616,53.71
"55123",0,0,0,0,0.133970249723635,65.45
"55125",0,0,0,0,0.135509765871087,66.27
"55127",0.00465618860510806,29.4217658399355,1,1,0.266666258690067,95.7
"55129",0,0,0,0,0.120527475875601,57.75
"55131",0,0,0,0,0.275151888110759,96.15
"55133",0.00155413444378346,9.82034525805347,1,1,0.429377962289776,99.97
"55135",0,0,0,0,0.138880904372625,67.64
"55137",0,0,0,0,0.0969099951535454,42.89
"55139",0.000768912284852428,4.85864279027695,1,1,0.243874900509622,92.9
"55141",0,0,0,0,0.156704105574341,75.06
"56001",0,0,0,0,0.10894312894364,50.87
"56003",0,0,0,0,0.0866663535903856,35.09
"56005",0,0,0,0,0.122381452322525,59.31
"56007",0,0,0,0,0.0817673782263681,31.28
"56009",0,0,0,0,0.089036499114184,37.13
"56011",0,0,0,0,0.0792503988749083,28.7
"56013",0,0,0,0,0.140506870030322,68.47
"56015",0,0,0,0,0.104456514548576,47.88
"56017",0,0,0,0,0.0736327189357756,23.48
"56019",0,0,0,0,0.118515521503223,56.38
"56021",0,0,0,0,0.169940977746023,79.35
"56023",0,0,0,0,0.119568989628823,57.08
"56025",0,0,0,0,0.239061350762002,92.46
"56027",0,0,0,0,0.0531201554751303,8.21
"56029",0,0,0,0,0.15837866683336,75.63
"56031",0,0,0,0,0.0823476889848052,31.94
"56033",0,0,0,0,0.182311625218145,83.01
"56035",0,0,0,0,0.0940867776997878,40.76
"56037",0,0,0,0,0.12367171214774,59.94
"56039",0,0,0,0,0.14103287438732,68.82
"56041",0,0,0,0,0.119058643544406,56.7
"56043",0,0,0,0,0.100231205551282,44.83
"56045",0,0,0,0,0.0756824067120293,25.61
