"county_geoid","industry_employment_share","location_quotient","industry_present","industry_comparative_advantage","industry_feasibility","industry_feasibility_percentile_score"
"01001",0.0019413576114607,3.35843527153549,1,1,0.252988311470117,78.78
"01003",0.000811046249662064,1.40306263803823,1,1,0.37645859467855,98.6
"01005",0,0,0,0,0.146453002790212,29.88
"01007",0,0,0,0,0.148023832306659,30.73
"01009",0.00546542899279951,9.45487291734973,1,1,0.266053232711089,82.09
"01011",0,0,0,0,0.131498881632356,21.22
"01013",0.00210498618602815,3.64150314785783,1,1,0.161318539502444,37.64
"01015",0.00479906438408646,8.30210106717989,1,1,0.247740899397756,77.28
"01017",0,0,0,0,0.188223284027029,52.24
"01019",0,0,0,0,0.178960388758332,47.73
"01021",0.00634892247160869,10.9832650301104,1,1,0.244378757395984,76.04
"01023",0,0,0,0,0.118138257117082,14.95
"01025",0,0,0,0,0.176784865564767,46.42
"01027",0.000411861614497529,0.712496535905771,1,0,0.102705784082682,8.53
"01029",0.00827912477823773,14.3224022758776,1,1,0.137696701617661,24.69
"01031",0.00131879279736241,2.28143450766723,1,1,0.235357313956907,73.24
"01033",0.000255009107468124,0.441150860628579,1,0,0.262630978555977,81.32
"01035",0,0,0,0,0.127189483391379,19.19
"01037",0,0,0,0,0.118203342761279,15.02
"01039",7.25215751686127e-05,0.125458088996969,1,0,0.214923179678316,65.07
"01041",0.010404064843939,17.9984244700474,1,1,0.139123369448073,25.45
"01043",0.00799555802332038,13.8318483532375,1,1,0.282943411142115,85.49
"01045",0.00519746091253781,8.9913037907325,1,1,0.135265646934436,23.19
"01047",0,0,0,0,0.214860030803216,65.03
"01049",0.027475967735995,47.5318192894439,1,1,0.236716800824574,73.85
"01051",0.000714200690394001,1.23552547733309,1,1,0.244934061376663,76.2
"01053",0,0,0,0,0.198472607653132,57.56
"01055",0.00209819555182543,3.62975574733364,1,1,0.281946185379488,85.27
"01057",0.000216637781629116,0.374770708227732,1,0,0.150169414343005,32.1
"01059",0.0363606584227336,62.9018152154263,1,1,0.161105307273653,37.48
"01061",0,0,0,0,0.178752807454015,47.53
"01063",0,0,0,0,0.100926038475933,7.92
"01065",0.00699088145896657,12.0938165808881,1,1,0.176749010395105,46.39
"01067",0,0,0,0,0.174469902600069,45.02
"01069",0.00589616396278708,10.2000192558451,1,1,0.320932833942265,92.81
"01071",0.00382660346107716,6.6198004726145,1,1,0.21981981436295,67.39
"01073",0.000988056565033401,1.70928014431284,1,1,0.334688434706559,94.78
"01075",0,0,0,0,0.146819763039524,30.1
"01077",0,0,0,0,0.283838174454474,85.84
"01079",0,0,0,0,0.178662642232617,47.5
"01081",3.84679497865029e-05,0.0665473061861289,1,0,0.242891624665498,75.72
"01083",0.000403979195071454,0.69886041071725,1,0,0.210118579870867,63.16
"01085",0,0,0,0,0.115814284638778,13.68
"01087",0.000425471564317118,0.73604095412532,1,0,0.0880966004026263,4.45
"01089",0.000320907733084003,0.555151633751238,1,0,0.202924636845708,60.04
"01091",0,0,0,0,0.181763218903083,48.87
"01093",0.0040685595567867,7.03837038533786,1,1,0.16030500411303,37.03
"01095",0.000304553068372164,0.526859019089146,1,0,0.244854695717851,76.17
"01097",0.0021108100420665,3.65157807862796,1,1,0.365170377387455,97.93
"01099",0,0,0,0,0.167221486174417,41.36
"01101",0.00136327131123754,2.3583797386447,1,1,0.249658500602262,77.79
"01103",0.00113550340651022,1.9643545675767,1,1,0.294586959324174,88.32
"01105",0.000448028673835125,0.775063436012192,1,0,0.102648370807511,8.5
"01107",0,0,0,0,0.149357878121223,31.63
"01109",0,0,0,0,0.145196978321446,29.14
"01111",0.0127731092436975,22.0967329038017,1,1,0.195364792445976,55.87
"01113",0.000182248952068526,0.315280041767671,1,0,0.205689265960734,61.31
"01115",0.0124444444444444,21.5281619986746,1,1,0.299205769271766,89.15
"01117",0.00101913141750081,1.76303782397381,1,1,0.354868738021583,97.14
"01119",0,0,0,0,0.126156817612347,18.42
"01121",0.00203193864117681,3.51513516203205,1,1,0.205400136382142,61.12
"01123",0.00113613580164406,1.96544857421951,1,1,0.193404907416495,54.6
"01125",0.000493257348213263,0.853306400842377,1,0,0.239232594311855,74.71
"01127",0,0,0,0,0.242504619112994,75.56
"01129",0.000170299727520436,0.29460858126349,1,0,0.0973538742835663,6.94
"01131",0,0,0,0,0.159886835945073,36.97
"01133",0.00110277900308778,1.90774326111514,1,1,0.169919386566288,42.79
"02013",0,0,0,0,0.0472654465289665,0.32
"02016",0,0,0,0,0.0589179193405845,0.83
"02020",0.000295503137548019,0.511203167377264,1,0,0.303001391435479,90.04
"02050",0,0,0,0,0.074230373505911,2
"02060",0,0,0,0,0.064410199517299,1.15
"02063",0,0,0,0,0.145133888536066,29.05
"02066",0,0,0,0,0.132551162975211,21.73
"02068",0,0,0,0,0.0665294442535311,1.43
"02070",0,0,0,0,0.0655298871818671,1.27
"02090",0.000170752067997268,0.295391103866831,1,0,0.227656268089805,70.35
"02100",0,0,0,0,0.144630890685506,28.73
"02105",0,0,0,0,0.0901964752746803,4.84
"02110",0,0,0,0,0.182015711665781,49.03
"02122",0.000191636962937411,0.331520752209423,1,0,0.277377120027215,84.47
"02130",0,0,0,0,0.159417883334491,36.62
"02150",0,0,0,0,0.142781244300603,27.68
"02158",0,0,0,0,0.0427477510108878,0.22
"02164",0,0,0,0,0.0557869019017936,0.73
"02170",0,0,0,0,0.297155036520378,88.71
"02180",0,0,0,0,0.0886369492384457,4.58
"02185",0,0,0,0,0.0699662951740204,1.69
"02188",0,0,0,0,0.0472786851706938,0.35
"02195",0,0,0,0,0.128707862564432,20.08
"02198",0,0,0,0,0.0925039113843457,5.44
"02220",0,0,0,0,0.161198601409262,37.58
"02230",0,0,0,0,0.105646636555655,9.74
"02240",0,0,0,0,0.117909811565124,14.89
"02275",0,0,0,0,0.0840565988326262,3.63
"02282",0,0,0,0,0.0904506552727423,4.9
"02290",0,0,0,0,0.0838236732257515,3.6
"04001",0,0,0,0,0.09527412911549,6.17
"04003",0.000441214035250679,0.763274509309733,1,0,0.223818434096036,68.69
"04005",1.35241134943604e-05,0.0233959263906739,1,0,0.254234878604141,79.1
"04007",5.52638850511191e-05,0.0956032931295503,1,0,0.171308856620243,43.46
"04009",0,0,0,0,0.178915191241765,47.63
"04011",0,0,0,0,0.052827402096451,0.64
"04012",0,0,0,0,0.12673036167957,18.93
"04013",0.000658619929453263,1.13937400742348,1,1,0.403045813575217,99.55
"04015",0.000139569505613796,0.241447092342487,1,0,0.33606909886521,94.91
"04017",0.000152499466251868,0.263815168996738,1,0,0.23416818506568,72.8
"04019",9.10491976567045e-05,0.157509793687732,1,0,0.290726151715639,87.69
"04021",0.00141484278919931,2.4475953831862,1,1,0.264458529114664,81.71
"04023",0,0,0,0,0.191637103029884,53.58
"04025",0.00042725406188063,0.73912457079305,1,0,0.347511653663442,96.18
"04027",0.000877244976587043,1.51758256889647,1,1,0.234116238202575,72.76
"05001",0.00314261946575469,5.4365481127732,1,1,0.144249914873364,28.51
"05003",0,0,0,0,0.169290494021604,42.48
"05005",0,0,0,0,0.238091778370722,74.36
"05007",1.84610840348545e-05,0.0319365970532272,1,0,0.279129099497638,84.76
"05009",6.08272506082725e-05,0.105227590582677,1,0,0.250707638918796,78.21
"05011",0,0,0,0,0.123456848504911,17.28
"05013",0,0,0,0,0.0435154242031992,0.25
"05015",7.71664480283973e-05,0.133493447733561,1,0,0.190428417572297,53.04
"05017",0,0,0,0,0.130527953695833,20.84
"05019",0,0,0,0,0.145842471402303,29.46
"05021",0,0,0,0,0.155036158132218,34.58
"05023",0,0,0,0,0.211914467037489,63.82
"05025",0,0,0,0,0.106397693343752,10.02
"05027",0,0,0,0,0.166049688908865,40.73
"05029",0,0,0,0,0.187123096619059,51.67
"05031",0.000193977013723874,0.335568903385716,1,0,0.301220318381524,89.76
"05033",0.00369602451996755,6.39390653171799,1,1,0.247075144162096,77.03
"05035",0,0,0,0,0.208068037807123,62.3
"05037",0,0,0,0,0.154174989707912,34.14
"05039",0,0,0,0,0.124411709204928,17.75
"05041",0,0,0,0,0.113310524468285,12.79
"05043",0,0,0,0,0.180689130909426,48.43
"05045",0.000338657786306937,0.585858189031736,1,0,0.316336728681122,92.24
"05047",0,0,0,0,0.138682378513181,25.23
"05049",0,0,0,0,0.147285450255224,30.45
"05051",0,0,0,0,0.340648051279331,95.51
"05053",0,0,0,0,0.152601724155769,33.47
"05055",0.000667482478584937,1.15470569975251,1,1,0.217528538519305,66.37
"05057",0.00884955752212389,15.3092176033559,1,1,0.169802380701251,42.76
"05059",0.004391132055264,7.59640196597919,1,1,0.184933601711204,50.59
"05061",0,0,0,0,0.138539715628619,25.17
"05063",0.000200551516670845,0.346942409461862,1,0,0.19053363622411,53.07
"05065",0,0,0,0,0.148782433070432,31.21
"05067",0,0,0,0,0.141532130409473,26.95
"05069",0,0,0,0,0.201864409671905,59.62
"05071",0.000214753570278106,0.371511132648816,1,0,0.139861040924343,25.9
"05073",0,0,0,0,0.116341033605639,13.94
"05075",0,0,0,0,0.165332939782975,40.15
"05077",0,0,0,0,0.109113751168842,11.04
"05079",0,0,0,0,0.103198249771585,8.78
"05081",0,0,0,0,0.122773132854206,17.09
"05083",0.000163052339801076,0.282071023834863,1,0,0.169961693182596,42.89
"05085",5.05152556071934e-05,0.0873884415629022,1,0,0.257116791420701,79.8
"05087",0,0,0,0,0.166143816844678,40.76
"05089",0,0,0,0,0.158494719938304,36.21
"05091",0,0,0,0,0.219739904558469,67.32
"05093",0.0230966260378025,39.955813952514,1,1,0.154506830782996,34.39
"05095",0,0,0,0,0.13559406658733,23.42
"05097",0,0,0,0,0.167022680221038,41.3
"05099",0,0,0,0,0.108147091045054,10.72
"05101",0,0,0,0,0.139626039516812,25.77
"05103",0,0,0,0,0.164088502662595,39.39
"05105",0,0,0,0,0.160629500426903,37.26
"05107",0,0,0,0,0.149634941013459,31.72
"05109",0,0,0,0,0.162398507788642,38.37
"05111",0.00015460729746444,0.267461593874337,1,0,0.135163920983029,23.13
"05113",0.000286204922724671,0.495117798849231,1,0,0.177704381494733,46.77
"05115",0.00724420961685442,12.5320594969285,1,1,0.276154534446797,84.19
"05117",0,0,0,0,0.120625283910634,15.91
"05119",0.00157082130529739,2.71742910520273,1,1,0.327459136515955,93.83
"05121",0.000132117849121416,0.228556161868042,1,0,0.141458390482475,26.92
"05123",0,0,0,0,0.161471949126935,37.83
"05125",0.00280128919545769,4.84606668254064,1,1,0.315495422269408,92.08
"05127",0,0,0,0,0.100742692353319,7.86
"05129",0,0,0,0,0.175714292180599,45.78
"05131",0.000242695538447018,0.419849105467739,1,0,0.31377691270248,91.76
"05133",0,0,0,0,0.152554233781066,33.44
"05135",0,0,0,0,0.198440935359168,57.52
"05137",0,0,0,0,0.192042325199561,53.74
"05139",0.00220798104367494,3.8196782355726,1,1,0.243779984343778,75.95
"05141",0.000432525951557093,0.748244631997929,1,0,0.1806523548306,48.39
"05143",0.00129886240085229,2.24695608585553,1,1,0.325342513146817,93.57
"05145",0.00284623843715635,4.92382624515721,1,1,0.267643993673284,82.37
"05147",0,0,0,0,0.0802086771456476,2.9
"05149",0,0,0,0,0.142104530409958,27.33
"06001",0.000205312256120801,0.355178210631587,1,0,0.313995416567107,91.82
"06003",0,0,0,0,0.137117659219237,24.34
"06005",0,0,0,0,0.196874887639671,56.73
"06007",0.000403632694248234,0.698260984532477,1,0,0.31230315744598,91.5
"06009",0,0,0,0,0.262543929761424,81.26
"06011",0,0,0,0,0.111295265892673,11.93
"06013",4.35896788817183e-05,0.0754075983564512,1,0,0.334232835682763,94.72
"06015",0,0,0,0,0.150563701220808,32.36
"06017",1.44171160001153e-05,0.0249407685646206,1,0,0.292438400338482,88.01
"06019",0.000382810544537483,0.662239881771733,1,0,0.291932566909848,87.91
"06021",0,0,0,0,0.168275602354236,41.93
"06023",6.71975271310016e-05,0.116247796873918,1,0,0.267249176327443,82.28
"06025",0.000307877652098253,0.532610354743617,1,0,0.167918109662118,41.68
"06027",0,0,0,0,0.168540133231034,42
"06029",0.000514946316846469,0.890827049707362,1,0,0.235984779708735,73.46
"06031",1.58715043011777e-05,0.027456775373444,1,0,0.126638130257005,18.87
"06033",0,0,0,0,0.196713661823308,56.63
"06035",0,0,0,0,0.131046662532947,21
"06037",0.000116298524417265,0.201189654149601,1,0,0.338550921811547,95.23
"06039",6.34256176069514e-05,0.109722613717643,1,0,0.200006544970492,58.51
"06041",6.00857724401583e-05,0.103944876662188,1,0,0.284937500520521,86.1
"06043",0.000864677907479464,1.49584227339318,1,1,0.134473202973808,22.75
"06045",2.67058352249967e-05,0.0461995350294889,1,0,0.253388313511604,78.91
"06047",0.00246960088738201,4.27226528375603,1,1,0.210777186591599,63.41
"06049",0,0,0,0,0.1348504440909,22.91
"06051",0.000325662179765523,0.563376548799135,1,0,0.135708542192152,23.51
"06053",0.000158811385011734,0.274734419766952,1,0,0.170323372799204,43.08
"06055",0.00288725115714735,4.99477585515501,1,1,0.207476803404061,61.98
"06057",0.000925003557705991,1.60020212461433,1,1,0.346854721276962,96.09
"06059",0.000131034601762658,0.226682207210758,1,0,0.38188843237573,99.01
"06061",8.98374887112103e-05,0.155413607988941,1,0,0.312452357243113,91.57
"06063",0.000128600823045268,0.222471912188685,1,0,0.177160323623509,46.55
"06065",0.000321878942368095,0.556831769083585,1,0,0.377047776252542,98.63
"06067",0.000242917287902843,0.420232719073748,1,0,0.271597769187735,83.3
"06069",0.00019084880003817,0.330157276430977,1,0,0.218143504055708,66.53
"06071",0.000643687707641196,1.11354213589193,1,1,0.36821425378548,98.06
"06073",0.000247572657612528,0.428286236747538,1,0,0.320145907929686,92.65
"06075",5.08870891821681e-05,0.0880316919285042,1,0,0.190350007171254,53.01
"06077",0.00156899025163228,2.71426148931544,1,1,0.312289694943025,91.44
"06079",0.000170590242238144,0.295111154755922,1,0,0.318650943624803,92.4
"06081",8.57057763550619e-06,0.0148265986949514,1,0,0.193156850549483,54.34
"06083",0.000105313896168599,0.182186888900561,1,0,0.231838574712315,72.06
"06085",6.66990401032046e-05,0.115385443432866,1,0,0.157441495048367,35.67
"06087",9.05625581452788e-05,0.156667935757978,1,0,0.303118242341061,90.07
"06089",0.000213283818031265,0.368968547111216,1,0,0.337225969915187,95.1
"06091",0,0,0,0,0.16071687856152,37.38
"06093",0,0,0,0,0.205484756085584,61.18
"06095",0.000812583779167013,1.40572247427343,1,1,0.35017774461068,96.44
"06097",0.000185917587803806,0.321626567301682,1,0,0.363377485024284,97.77
"06099",0.00102811998340578,1.7785875179599,1,1,0.341460598770669,95.58
"06101",0.000298434575002035,0.516274382945043,1,0,0.264721255338853,81.9
"06103",0,0,0,0,0.193490869522164,54.69
"06105",0,0,0,0,0.176473357936062,46.1
"06107",0.000190256795252836,0.329133142731835,1,0,0.22739013453765,70.16
"06109",9.61815908435125e-05,0.166388534113611,1,0,0.241977852175881,75.47
"06111",8.80721777400161e-05,0.152359723122037,1,0,0.358104016122401,97.49
"06113",8.05289139065381e-05,0.139310317298353,1,0,0.240285020785248,74.96
"06115",0,0,0,0,0.154338669290647,34.23
"08001",0.000665293158211005,1.1509183033856,1,1,0.355268584156961,97.2
"08003",0,0,0,0,0.191549094075535,53.55
"08005",3.42743849066155e-05,0.0592926838934904,1,0,0.320010718970626,92.55
"08007",0,0,0,0,0.227728142917361,70.44
"08009",0,0,0,0,0.121390813559397,16.42
"08011",0,0,0,0,0.0832344881592489,3.4
"08013",0,0,0,0,0.271344192166525,83.14
"08014",0,0,0,0,0.214973190200887,65.13
"08015",0,0,0,0,0.248504077846402,77.51
"08017",0,0,0,0,0.127547430549575,19.5
"08019",0,0,0,0,0.146212440407891,29.72
"08021",0,0,0,0,0.141049991422555,26.66
"08023",0,0,0,0,0.103594362116327,9
"08025",0,0,0,0,0.0635434486376163,1.02
"08027",0,0,0,0,0.181931949853023,49
"08029",0.000999909099172803,1.72978433605775,1,1,0.280323643652056,85.05
"08031",0.000397109174351913,0.686975676155993,1,0,0.309693790923262,90.9
"08033",0.00125470514429109,2.17056661126626,1,1,0.1996653512214,58.22
"08035",0.000386644697316686,0.668872742123743,1,0,0.291844003621002,87.88
"08037",7.55915035150049e-05,0.130768885719194,1,0,0.223540347879251,68.53
"08039",0,0,0,0,0.257496483577917,79.92
"08041",0.000166656566268711,0.288306125098045,1,0,0.279121702472479,84.73
"08043",0.000183150183150183,0.316839118897292,1,0,0.222290331190622,68.15
"08045",0.000411405424222285,0.711707353376048,1,0,0.293330340016245,88.13
"08047",0,0,0,0,0.0474973104716145,0.38
"08049",0,0,0,0,0.192836200956316,54.12
"08051",0,0,0,0,0.223855946498576,68.72
"08053",0,0,0,0,0.112332501179322,12.38
"08055",0,0,0,0,0.124335864281324,17.69
"08057",0,0,0,0,0.128427431450952,19.89
"08059",0.000332018350261509,0.574372352488055,1,0,0.346492666595006,96.05
"08061",0,0,0,0,0.120620518155091,15.88
"08063",0,0,0,0,0.152427115128291,33.38
"08065",0,0,0,0,0.128443615888677,19.92
"08067",3.21595111754301e-05,0.0556340758700502,1,0,0.327898343918644,93.92
"08069",0.00031072554414558,0.53753704163778,1,0,0.34003143400603,95.45
"08071",0,0,0,0,0.161881192425346,38.05
"08073",0,0,0,0,0.122834763888643,17.15
"08075",0,0,0,0,0.186326285906238,51.29
"08077",0.000822859569724077,1.42349899171979,1,1,0.39994839350848,99.46
"08079",0,0,0,0,0.0906755661040017,4.93
"08081",0,0,0,0,0.196773571465828,56.7
"08083",9.04322662325918e-05,0.156442538359487,1,0,0.287627455656965,86.92
"08085",0.00387320354703904,6.70041589937927,1,1,0.342996144576708,95.74
"08087",0,0,0,0,0.171348300081691,43.53
"08089",0,0,0,0,0.184698022149503,50.49
"08091",0,0,0,0,0.183146796840609,49.6
"08093",0,0,0,0,0.23697984770965,73.94
"08095",0,0,0,0,0.100510196870065,7.64
"08097",0,0,0,0,0.15348189339518,33.85
"08099",0,0,0,0,0.145446901230998,29.3
"08101",0.0140095185640243,24.235648808284,1,1,0.30277960265747,89.95
"08103",0,0,0,0,0.103475269491037,8.91
"08105",0,0,0,0,0.164660524474908,39.68
"08107",5.30729221950961e-05,0.0918130553645691,1,0,0.264493758881124,81.74
"08109",0,0,0,0,0.12081206329553,16.07
"08111",0,0,0,0,0.140573246622617,26.34
"08113",0,0,0,0,0.172416333181059,43.94
"08115",0,0,0,0,0.11207387643763,12.22
"08117",0.000122384041121038,0.211717242587102,1,0,0.197442281108303,56.98
"08119",0,0,0,0,0.193335239512772,54.44
"08121",0,0,0,0,0.136312695101439,23.86
"08123",0.00104071716178487,1.80037990074419,1,1,0.360981240439424,97.65
"08125",0,0,0,0,0.135107370578767,23.07
"09110",0.000494414171803665,0.855307638082756,1,0,0.275769014692434,84.12
"09120",0.000258394005259078,0.447006536092271,1,0,0.323212786264342,93.38
"09130",0,0,0,0,0.291619469963508,87.81
"09140",0.000861828863909865,1.49091359443275,1,1,0.333971746258529,94.69
"09150",0.000816055129057607,1.41172770681976,1,1,0.299168566616137,89.06
"09160",0,0,0,0,0.302919140321811,90.01
"09170",3.18097522338398e-05,0.0550290133308059,1,0,0.286848764736942,86.8
"09180",0.000377809961589321,0.653589165359566,1,0,0.223795988218253,68.66
"09190",0.000212062216698132,0.366855248159634,1,0,0.311466028885456,91.28
"10001",0.000145873600525145,0.252352808311763,1,0,0.240247769899432,74.93
"10003",0.000551680655711865,0.954375310261613,1,0,0.250268790220577,78.05
"10005",0.000837313745266323,1.44850387112762,1,1,0.313829391617454,91.79
"11001",0,0,0,0,0.113604088815797,13.01
"12001",1.28585113701387e-05,0.0222444735941367,1,0,0.204783947063815,60.77
"12003",0,0,0,0,0.149067072805721,31.5
"12005",0,0,0,0,0.323694199188926,93.45
"12007",0,0,0,0,0.177051468972457,46.52
"12009",0.00183348643632478,3.17182443939422,1,1,0.3268228284553,93.73
"12011",0.000807739651471531,1.39734241630972,1,1,0.404781945867478,99.68
"12013",0,0,0,0,0.139324798219548,25.58
"12015",6.41508828765256e-05,0.110977280270666,1,0,0.322007770055546,93.19
"12017",5.03651473180559e-05,0.0871287629906428,1,0,0.297108854139324,88.67
"12019",0.00154038109028174,2.66476931126359,1,1,0.329726580400968,94.05
"12021",0.000123236814944518,0.213192491490503,1,0,0.328256426760463,93.95
"12023",0.0099539722336564,17.2197905445373,1,1,0.269557884686407,82.76
"12027",0,0,0,0,0.183148359458767,49.63
"12029",0,0,0,0,0.149850834482549,31.94
"12031",0.000405170290689822,0.700920936564154,1,0,0.345458459952915,95.96
"12033",0.000524389959680239,0.907164000198855,1,0,0.30017408258525,89.44
"12035",0,0,0,0,0.27923549908043,84.79
"12037",0,0,0,0,0.172047833105821,43.81
"12039",0.00239745433939235,4.14745596987301,1,1,0.153843421154537,34.04
"12041",0.00503566932438103,8.71141379360073,1,1,0.158081830913286,36.05
"12043",0,0,0,0,0.138705592643344,25.26
"12045",0,0,0,0,0.182479442871206,49.28
"12047",0,0,0,0,0.111879699983826,12.19
"12049",0,0,0,0,0.155002072546301,34.55
"12051",0.00038822387576836,0.671604628604029,1,0,0.203699111747718,60.32
"12053",0,0,0,0,0.301299323644741,89.79
"12055",0,0,0,0,0.295722814028974,88.48
"12057",0.000266720086998827,0.461410171168768,1,0,0.363347974069826,97.74
"12059",0,0,0,0,0.166977059788775,41.27
"12061",0.000197568389057751,0.341781772938142,1,0,0.328966015490709,93.99
"12063",0,0,0,0,0.189772140546192,52.75
"12065",0,0,0,0,0.169081912463584,42.28
"12067",0,0,0,0,0.106836106193139,10.15
"12069",0.000269588204018362,0.466371846083495,1,0,0.35213886644388,96.79
"12071",0.0002809089496396,0.485956074754192,1,0,0.354626616476392,97.1
"12073",0.000406966372312907,0.704028052861489,1,0,0.227521274384978,70.28
"12075",0,0,0,0,0.241969566305001,75.44
"12077",0,0,0,0,0.0739641281530823,1.97
"12079",0,0,0,0,0.151904933120943,33.12
"12081",0.000155188895924119,0.268467725237937,1,0,0.362740563165331,97.71
"12083",0.000141614554994894,0.244984908318775,1,0,0.384675456439104,99.08
"12085",2.32790930465349e-05,0.0402714712195733,1,0,0.325695656549193,93.64
"12086",0.000108754540335258,0.18813900233803,1,0,0.379355421352197,98.82
"12087",1.83945257891252e-05,0.0318214551758372,1,0,0.222288626993871,68.12
"12089",9.62896392348183e-05,0.166575451519375,1,0,0.300852152201519,89.69
"12091",9.1537751000674e-05,0.158354962435997,1,0,0.217442326152597,66.27
"12093",0.000209365622164841,0.362190297127339,1,0,0.228841341670789,70.98
"12095",0.000130034627739757,0.224952310560443,1,0,0.29376996327885,88.2
"12097",0.000338230320142351,0.585118697535652,1,0,0.299419602499585,89.28
"12099",0.00025912301832742,0.44826768611825,1,0,0.352080199103447,96.75
"12101",0.000432170275088385,0.747629332482418,1,0,0.365796713624759,97.96
"12103",0.000140443720740891,0.242959433448739,1,0,0.384929732774961,99.11
"12105",0.00104565572899346,1.8089233335493,1,1,0.363687216921075,97.84
"12107",0.00379823761774537,6.57072922052268,1,1,0.241939077435796,75.41
"12109",0,0,0,0,0.303778782911196,90.17
"12111",9.52000152320024e-06,0.0164690465640335,1,0,0.352797775281908,96.91
"12113",0,0,0,0,0.313749701132699,91.73
"12115",7.11547948844446e-05,0.123093638940117,1,0,0.349680955483218,96.37
"12117",1.68298460489833e-05,0.0291146506196196,1,0,0.370948914149855,98.25
"12119",0,0,0,0,0.234645200814455,73.02
"12121",0,0,0,0,0.206578434392765,61.53
"12123",0.000473186119873817,0.818584348192056,1,0,0.157035386202602,35.48
"12125",0.00025879917184265,0.447707450615738,1,0,0.0966810845135784,6.71
"12127",0.000656595716539599,1.13587223731878,1,1,0.373509049766543,98.47
"12129",0,0,0,0,0.191226493187666,53.39
"12131",0.00102777563657853,1.77799181806235,1,1,0.298095335542882,88.86
"12133",0,0,0,0,0.165076493906981,39.93
"13001",0.000354065856249262,0.612513250033947,1,0,0.156963696689252,35.41
"13003",0,0,0,0,0.116919260699501,14.22
"13005",0,0,0,0,0.134449601585634,22.72
"13007",0,0,0,0,0.104796954782736,9.45
"13009",0,0,0,0,0.193140509394887,54.28
"13011",0.00737058621871786,12.7506836363912,1,1,0.158748870105585,36.3
"13013",0,0,0,0,0.283739069735574,85.75
"13015",0.000937207122774133,1.62131357936196,1,1,0.285676454519172,86.41
"13017",0,0,0,0,0.124213964349656,17.66
"13019",0,0,0,0,0.139494126064559,25.68
"13021",0.00160544494567491,2.77732598066059,1,1,0.285135422299807,86.19
"13023",0,0,0,0,0.130128583780385,20.59
"13025",0,0,0,0,0.126489913127587,18.68
"13027",0,0,0,0,0.133296230628959,22.08
"13029",0,0,0,0,0.214393333914535,64.75
"13031",0.000463692849856255,0.802161545571368,1,0,0.261570160987746,80.97
"13033",0,0,0,0,0.149637660582953,31.75
"13035",0,0,0,0,0.157244628814661,35.6
"13037",0,0,0,0,0.0804214490876586,2.99
"13039",0,0,0,0,0.158480534525183,36.14
"13043",0,0,0,0,0.147963587527578,30.7
"13045",0.00383767763507865,6.63895814678549,1,1,0.234248822345875,72.86
"13047",0.00048030739673391,0.83090374120039,1,0,0.253033694829023,78.84
"13049",0,0,0,0,0.120812949643354,16.1
"13051",0.00013714454507572,0.23725205225555,1,0,0.283235833723703,85.68
"13053",0,0,0,0,0.0262150667524671,0.1
"13055",0.00402027617549379,6.95484295597306,1,1,0.142967717714375,27.81
"13057",0,0,0,0,0.339508183370687,95.29
"13059",0.000238273943552903,0.412200004569906,1,0,0.198974328843942,57.75
"13061",0,0,0,0,0.0960179966206207,6.43
"13063",0.000103064449635839,0.178295477790904,1,0,0.209826922540089,63.09
"13065",0,0,0,0,0.123212100929499,17.21
"13067",0.000263949620660014,0.456617426227835,1,0,0.351544382879583,96.66
"13069",0,0,0,0,0.189121537000204,52.59
"13071",0,0,0,0,0.190243073435191,52.94
"13073",0.00076643454648973,1.32588699735629,1,1,0.282145045553719,85.3
"13075",0,0,0,0,0.150384635582194,32.23
"13077",0,0,0,0,0.273643616657514,83.77
"13079",0,0,0,0,0.118503628645533,15.11
"13081",0,0,0,0,0.175360319626107,45.59
"13083",0.000191938579654511,0.332042531512325,1,0,0.117193837445594,14.38
"13085",0,0,0,0,0.19490940586619,55.62
"13087",0.00452270977675135,7.82402373858958,1,1,0.198639477677447,57.68
"13089",0.000726693011635538,1.25713646339421,1,1,0.283205481228549,85.62
"13091",0,0,0,0,0.156854497732482,35.38
"13093",0,0,0,0,0.108911685156943,10.91
"13095",0.00133030753580092,2.30135433258053,1,1,0.245648147546559,76.46
"13097",0.00337650644133536,5.84115891899755,1,1,0.275813691271889,84.16
"13099",0,0,0,0,0.118177032266001,14.99
"13101",0,0,0,0,0.0964867084307492,6.62
"13103",0.00383520969936905,6.63468876216202,1,1,0.214770402473522,65
"13105",0.00114926016376957,1.9881529540919,1,1,0.167819420818841,41.62
"13107",0.000743494423791822,1.28620192504031,1,1,0.171065168422911,43.3
"13109",0,0,0,0,0.13132937957217,21.16
"13111",0,0,0,0,0.236217634442324,73.66
"13113",0.000251934497030772,0.435831964162479,1,0,0.32974336646953,94.08
"13115",2.00076028890979e-05,0.0346119843376325,1,0,0.204045184817432,60.45
"13117",9.90206854211845e-06,0.0171300001899139,1,0,0.334567765061859,94.75
"13119",0,0,0,0,0.177707021185295,46.8
"13121",8.94759722974609e-05,0.154788205709625,1,0,0.253527887364898,79
"13123",0.000207749039160694,0.359393702956105,1,0,0.223440203187167,68.47
"13125",0,0,0,0,0.104995914433725,9.55
"13127",0.00141043723554302,2.43997403269282,1,1,0.262923708607855,81.39
"13129",0.000770443004727718,1.33282139597068,1,1,0.162356913004872,38.34
"13131",0,0,0,0,0.17172427499385,43.75
"13133",0,0,0,0,0.164708827078038,39.74
"13135",4.47056246381639e-05,0.0773381193317945,1,0,0.444975490236645,100
"13137",0.000174499767333644,0.301874404812566,1,0,0.206670590580479,61.63
"13139",0.00139187427323021,2.40786119216952,1,1,0.271677880765326,83.36
"13141",0,0,0,0,0.144821843475581,28.76
"13143",0,0,0,0,0.172636743582473,44.07
"13145",0.006241418050181,10.7972886604619,1,1,0.169745863340599,42.73
"13147",0,0,0,0,0.159557917891046,36.78
"13149",0.000387897595034911,0.671040181993488,1,0,0.131619440832521,21.29
"13151",0.0001340063429669,0.231823145912254,1,0,0.227997705571402,70.57
"13153",2.6214037617144e-05,0.0453487538942057,1,0,0.173058485954528,44.16
"13155",0,0,0,0,0.107983002086965,10.63
"13157",0.000857786909772786,1.48392124986946,1,1,0.180408006450404,48.33
"13159",0,0,0,0,0.173530199480736,44.48
"13161",0,0,0,0,0.142044781550982,27.3
"13163",0.000172741406115046,0.298832542611714,1,0,0.146491001600386,29.91
"13165",0,0,0,0,0.111827515495485,12.12
"13167",0,0,0,0,0.134321196024833,22.69
"13169",0,0,0,0,0.17413194642304,44.86
"13171",0,0,0,0,0.15118549686567,32.58
"13173",0,0,0,0,0.126639508816707,18.9
"13175",0.0043046205980675,7.44674219823446,1,1,0.235360782712965,73.27
"13177",0,0,0,0,0.20781754464683,62.2
"13179",0,0,0,0,0.0847541634871338,3.88
"13181",0,0,0,0,0.162706086565718,38.47
"13183",0,0,0,0,0.140094470206746,26.15
"13185",0,0,0,0,0.263891720282037,81.48
"13187",0,0,0,0,0.193752945691583,54.76
"13189",0,0,0,0,0.174285529807836,44.89
"13191",0,0,0,0,0.155295343528017,34.68
"13193",0,0,0,0,0.130440320464312,20.78
"13195",0,0,0,0,0.195209235001687,55.74
"13197",0,0,0,0,0.095879921294479,6.36
"13199",0,0,0,0,0.162608260880008,38.43
"13201",0,0,0,0,0.103289565399292,8.81
"13205",0,0,0,0,0.144444729991487,28.6
"13207",0,0,0,0,0.172556949243312,44
"13209",0,0,0,0,0.131683297344668,21.32
"13211",0,0,0,0,0.19652568612136,56.54
"13213",0.000530503978779841,0.917740896116293,1,0,0.148132358085019,30.8
"13215",0.000602498888834017,1.04228788522823,1,1,0.252438881929749,78.65
"13217",2.99805126667666e-05,0.0518645357271537,1,0,0.252397750774819,78.62
"13219",0,0,0,0,0.247256055967611,77.19
"13221",0,0,0,0,0.139887264309735,25.99
"13223",0,0,0,0,0.310248052156677,91.03
"13225",0,0,0,0,0.153623371723108,33.98
"13227",0,0,0,0,0.244616693296835,76.14
"13229",0,0,0,0,0.171517017364943,43.68
"13231",0,0,0,0,0.192942048886272,54.15
"13233",0.000313700886205004,0.542684209608411,1,0,0.191189452644231,53.36
"13235",0,0,0,0,0.115047593887537,13.49
"13237",0,0,0,0,0.20330551888756,60.17
"13239",0,0,0,0,0.0768913180663028,2.32
"13241",0,0,0,0,0.186758243968467,51.54
"13243",0,0,0,0,0.117786741719136,14.79
"13245",0.000849017678611102,1.46875099217774,1,1,0.225226970673926,69.27
"13247",0,0,0,0,0.289594727115274,87.27
"13249",0,0,0,0,0.12439849746995,17.72
"13251",0,0,0,0,0.141081248441857,26.69
"13253",0,0,0,0,0.107704945078068,10.53
"13255",0,0,0,0,0.215660748584188,65.45
"13257",0,0,0,0,0.183964597740508,49.98
"13259",0,0,0,0,0.0530787883505326,0.67
"13261",8.29462508294625e-05,0.143492168976378,1,0,0.189346399900007,52.66
"13263",0,0,0,0,0.109037535155992,11.01
"13265",0,0,0,0,0.051300114492985,0.57
"13267",0,0,0,0,0.118821361961355,15.27
"13269",0,0,0,0,0.137960855014325,24.85
"13271",0,0,0,0,0.12933879180472,20.33
"13273",0,0,0,0,0.14178869051412,27.08
"13275",0,0,0,0,0.229592840151027,71.17
"13277",0,0,0,0,0.200091558612778,58.54
"13279",0,0,0,0,0.175607038757294,45.72
"13281",0,0,0,0,0.145360439704485,29.21
"13283",0,0,0,0,0.134255687385594,22.65
"13285",0,0,0,0,0.156535129629653,35.22
"13287",0,0,0,0,0.149621565850951,31.69
"13289",0,0,0,0,0.107039903068755,10.28
"13291",0,0,0,0,0.21303892865883,64.37
"13293",0,0,0,0,0.16812567884418,41.81
"13295",0,0,0,0,0.162172655090549,38.12
"13297",3.19172704350324e-05,0.0552150135386426,1,0,0.281397036000841,85.14
"13299",0,0,0,0,0.205344571523573,61.06
"13301",0,0,0,0,0.14064896286435,26.38
"13303",0,0,0,0,0.151270694594151,32.64
"13305",0,0,0,0,0.194360444489267,55.3
"13307",0,0,0,0,0.10713292372193,10.31
"13309",0,0,0,0,0.113794120738789,13.11
"13311",0,0,0,0,0.228610127243871,70.82
"13313",0,0,0,0,0.207587210565211,62.04
"13315",0,0,0,0,0.110895054692931,11.74
"13317",0,0,0,0,0.149016451142505,31.47
"13319",0,0,0,0,0.100432920317057,7.6
"13321",0,0,0,0,0.178926189283603,47.69
"15001",1.13766937052754e-05,0.0196810155881092,1,0,0.268146436246756,82.47
"15003",4.75437265138563e-05,0.0822478698008823,1,0,0.252019066505207,78.52
"15007",0,0,0,0,0.208394823252497,62.49
"15009",0,0,0,0,0.269047934130225,82.66
"16001",0.000267272484297742,0.462365786229911,1,0,0.418322875369132,99.84
"16003",0,0,0,0,0.15165797543479,32.99
"16005",0.00253241728609281,4.3809339843683,1,1,0.331486396405687,94.3
"16007",0,0,0,0,0.172432445865074,43.97
"16009",0.000505305709954523,0.874149362900057,1,0,0.16660849587613,41.11
"16011",0.0116835956002316,20.2119379399918,1,1,0.241238940845765,75.25
"16013",5.83362501458406e-05,0.100918305284052,1,0,0.252110242590742,78.56
"16015",0,0,0,0,0.16520650650166,40.06
"16017",0.000102764361319494,0.177776342532033,1,0,0.325492126103418,93.6
"16019",0.00293614969981156,5.07936747776008,1,1,0.400558836230191,99.49
"16021",0,0,0,0,0.198586858060559,57.62
"16023",0,0,0,0,0.0271472290583896,0.13
"16025",0,0,0,0,0.142021871286791,27.24
"16027",0.000369606660701086,0.639397933984458,1,0,0.379833501294948,98.89
"16029",0,0,0,0,0.141128034101678,26.76
"16031",0,0,0,0,0.196461031324143,56.47
"16033",0,0,0,0,0.0775044723822715,2.45
"16035",0,0,0,0,0.164632697270001,39.64
"16037",0,0,0,0,0.149692162827427,31.82
"16039",0,0,0,0,0.14498840479665,28.95
"16041",0.00262414210738797,4.53961256748683,1,1,0.220754710802806,67.8
"16043",0,0,0,0,0.196002127562945,56.28
"16045",0,0,0,0,0.254539788761172,79.13
"16047",0,0,0,0,0.12725298924623,19.28
"16049",0,0,0,0,0.228618338202591,70.86
"16051",0,0,0,0,0.217287607992899,66.15
"16053",0,0,0,0,0.160657531526234,37.29
"16055",0.000194832079101824,0.3370481165445,1,0,0.402102073322439,99.52
"16057",5.65323082141444e-05,0.097797591111946,1,0,0.223983092814025,68.79
"16059",0,0,0,0,0.205721211524429,61.34
"16061",0,0,0,0,0.124815624631637,17.85
"16063",0.000476190476190476,0.823781709132958,1,0,0.113593978750121,12.98
"16065",0.000393813547186023,0.681274433659292,1,0,0.189847769981429,52.78
"16067",0,0,0,0,0.173301518972499,44.35
"16069",0,0,0,0,0.236049716564582,73.53
"16071",0,0,0,0,0.122570382101013,16.89
"16073",0,0,0,0,0.134169936352264,22.59
"16075",0,0,0,0,0.207434922174984,61.92
"16077",0,0,0,0,0.0849561569775106,3.91
"16079",0,0,0,0,0.161443006658902,37.73
"16081",0,0,0,0,0.229483974200772,71.14
"16083",0.000188718808974628,0.326472516305576,1,0,0.331659985198571,94.34
"16085",0,0,0,0,0.20422086048359,60.55
"16087",0,0,0,0,0.175439654722939,45.63
"17001",0.00113633052649981,1.96578543684593,1,1,0.262001673504028,81.13
"17003",0,0,0,0,0.0760767463179958,2.26
"17005",0,0,0,0,0.140566055163543,26.31
"17007",0,0,0,0,0.207366818244186,61.88
"17009",0,0,0,0,0.0652222130902409,1.21
"17011",0,0,0,0,0.186836773077433,51.61
"17013",0,0,0,0,0.122287341551635,16.77
"17015",0,0,0,0,0.153445872237287,33.82
"17017",0,0,0,0,0.111436261943594,11.99
"17019",8.15631117233379e-05,0.141099419113073,1,0,0.180019302080846,48.14
"17021",0,0,0,0,0.182382804127093,49.22
"17023",0,0,0,0,0.13833723997004,25.04
"17025",0,0,0,0,0.130473584440767,20.81
"17027",0,0,0,0,0.204792641851131,60.8
"17029",7.54147812971342e-05,0.130463166604767,1,0,0.163934907090115,39.29
"17031",0.000163865357768578,0.283477497429593,1,0,0.353891721710913,97.01
"17033",0,0,0,0,0.154231205242417,34.17
"17035",0,0,0,0,0.110089392428597,11.52
"17037",0.000693172253304946,1.19914750945729,1,1,0.246834698551314,76.87
"17039",0,0,0,0,0.129965715472605,20.52
"17041",0.00579642939948991,10.0274842869187,1,1,0.193252808052874,54.37
"17043",8.0815095062497e-05,0.139805393982085,1,0,0.385225430777088,99.14
"17045",0,0,0,0,0.0943169321398065,5.89
"17047",0,0,0,0,0.115305896227269,13.62
"17049",0,0,0,0,0.23488037412422,73.11
"17051",0,0,0,0,0.209150324329551,62.77
"17053",0,0,0,0,0.119319374521281,15.46
"17055",0.000299043062200957,0.517327030256941,1,0,0.198295788820574,57.4
"17057",0.000205867215645908,0.356138258194382,1,0,0.19460743910949,55.49
"17059",0,0,0,0,0.104207697228791,9.1
"17061",0,0,0,0,0.113470383730394,12.89
"17063",0,0,0,0,0.194507798672704,55.39
"17065",0,0,0,0,0.135792383774572,23.54
"17067",0,0,0,0,0.162965653880025,38.63
"17069",0,0,0,0,0.0663362728052058,1.4
"17071",0,0,0,0,0.122510864683049,16.83
"17073",0,0,0,0,0.197530019014882,57.05
"17075",0.000232801769293447,0.402733462735237,1,0,0.163313200898184,38.85
"17077",0,0,0,0,0.184643703194007,50.46
"17079",0,0,0,0,0.144986047024819,28.92
"17081",4.70455400828002e-05,0.0813860363746336,1,0,0.173450789688298,44.42
"17083",0,0,0,0,0.15664924475545,35.25
"17085",0,0,0,0,0.218637145009282,66.82
"17087",0,0,0,0,0.10912114926532,11.07
"17089",0.000334860238781109,0.579288653629922,1,0,0.390082886961029,99.3
"17091",0.00184603212974969,3.19352775621506,1,1,0.26207273943358,81.16
"17093",0,0,0,0,0.269779787360413,82.79
"17095",0,0,0,0,0.187400579928345,51.83
"17097",0.000204456066157679,0.353697052006145,1,0,0.270100227228953,82.91
"17099",0.000730804592281761,1.26424925775137,1,1,0.284068793795204,85.94
"17101",0,0,0,0,0.110050840418353,11.49
"17103",0.00708479379521217,12.2562794370964,1,1,0.190088044502435,52.91
"17105",0,0,0,0,0.171899678569484,43.78
"17107",0,0,0,0,0.140748864227341,26.44
"17109",0,0,0,0,0.140689500343176,26.41
"17111",0.000222570503843978,0.385033971124269,1,0,0.357395686948467,97.36
"17113",0,0,0,0,0.177258954171088,46.58
"17115",0.00086435759708588,1.49528815512187,1,1,0.243259303734023,75.85
"17117",0.00111006745794552,1.9203518622944,1,1,0.18746577366656,51.86
"17119",0.00125271060657112,2.16711617751329,1,1,0.300369172245518,89.56
"17121",0,0,0,0,0.185792591411861,51.07
"17123",0,0,0,0,0.111694683718086,12.06
"17125",0,0,0,0,0.136912520194945,24.15
"17127",0,0,0,0,0.130367705562341,20.71
"17129",0,0,0,0,0.149005754945604,31.43
"17131",0,0,0,0,0.140509647542469,26.28
"17133",0,0,0,0,0.215279680768129,65.32
"17135",0,0,0,0,0.169189167831815,42.35
"17137",0.000131873928524331,0.228134193482687,1,0,0.181613794676234,48.78
"17139",0,0,0,0,0.136021418400075,23.7
"17141",0,0,0,0,0.200206597910603,58.67
"17143",0.00118009095777998,2.04148842687791,1,1,0.227209131896625,70.09
"17145",0,0,0,0,0.137373897629814,24.53
"17147",0,0,0,0,0.150932326389634,32.45
"17149",0,0,0,0,0.171334658300872,43.49
"17151",0,0,0,0,0.093311361793778,5.6
"17153",0,0,0,0,0.0758506336949203,2.2
"17155",0,0,0,0,0.11684307019157,14.16
"17157",0.00351599348254867,6.08246335274399,1,1,0.167636008925841,41.58
"17159",0,0,0,0,0.167318540571226,41.49
"17161",0.000590810215645729,1.02206716335748,1,1,0.249802271131823,77.92
"17163",0.000628266270668532,1.08686395070802,1,1,0.315152536756802,91.98
"17165",0,0,0,0,0.133429045511918,22.14
"17167",7.03576278222203e-06,0.0121714586485651,1,0,0.159302567067433,36.53
"17169",0,0,0,0,0.107447042851724,10.47
"17171",0,0,0,0,0.13625980516302,23.8
"17173",0,0,0,0,0.15227604162776,33.28
"17175",0,0,0,0,0.100595763081272,7.76
"17177",0,0,0,0,0.197461198618857,57.02
"17179",0.00726439662430734,12.5669818406823,1,1,0.255831593892707,79.45
"17181",0,0,0,0,0.126794635977024,19.06
"17183",0.000247096614776378,0.42746271044705,1,0,0.203733982185835,60.39
"17185",0,0,0,0,0.1237426841563,17.4
"17187",0,0,0,0,0.106891895086982,10.18
"17189",0,0,0,0,0.136354278841618,23.89
"17191",0,0,0,0,0.176179257774954,45.98
"17193",0,0,0,0,0.138287303865088,25.01
"17195",0.00296645290756009,5.1317902571298,1,1,0.24595999901848,76.61
"17197",0.000542331195097602,0.938201289508607,1,0,0.368793291680253,98.12
"17199",0,0,0,0,0.210852598486392,63.44
"17201",0.000545327632841811,0.943384951781701,1,0,0.289670384700355,87.4
"17203",0.0141860465116279,24.5410318464958,1,1,0.174479456585276,45.05
"18001",0.0058981584638574,10.2034696261963,1,1,0.231860358145016,72.1
"18003",0.000800435436877661,1.3847065517075,1,1,0.372035114762753,98.38
"18005",0.000204765450483991,0.354232268819273,1,0,0.194880998635253,55.58
"18007",0,0,0,0,0.166838616429049,41.2
"18009",0,0,0,0,0.148197464394913,30.86
"18011",0.000707828584140595,1.22450210571465,1,1,0.21594706199753,65.54
"18013",0,0,0,0,0.194354837934788,55.27
"18015",0,0,0,0,0.169922889538786,42.86
"18017",0,0,0,0,0.17778283067116,46.87
"18019",0.00187303916212715,3.24024834472514,1,1,0.299671236703319,89.37
"18021",0.00330542089026003,5.7181850678026,1,1,0.176694066460275,46.36
"18023",0,0,0,0,0.172216514054663,43.84
"18025",0,0,0,0,0.126777728058706,19.03
"18027",0,0,0,0,0.214149137449402,64.65
"18029",0,0,0,0,0.225302156851331,69.33
"18031",0.000201207243460765,0.348076778506884,1,0,0.188684591109576,52.5
"18033",0.027354742592286,47.3221068716876,1,1,0.210477842117949,63.25
"18035",0.00169339575654946,2.9294757461945,1,1,0.288362408340574,87.08
"18037",0,0,0,0,0.203596957667828,60.29
"18039",0.00217901564065253,3.7695697802368,1,1,0.28668085719602,86.73
"18041",0,0,0,0,0.171349103217122,43.56
"18043",0.000913014608233732,1.5794619423117,1,1,0.248733687287173,77.6
"18045",0,0,0,0,0.160627935345922,37.23
"18047",0,0,0,0,0.195320223826001,55.81
"18049",0,0,0,0,0.212234641415158,64.14
"18051",0.000522648083623693,0.904150656365442,1,0,0.14180647610545,27.11
"18053",0.00582494190549961,10.0768092568766,1,1,0.195385947218283,55.9
"18055",0.000671591672263264,1.16181436479464,1,1,0.215040030342999,65.16
"18057",5.38883110864422e-06,0.00932236305190636,1,0,0.302743146492786,89.91
"18059",3.05932021904733e-05,0.0529244528154683,1,0,0.257721389093501,80.02
"18061",0,0,0,0,0.212120094630332,64.02
"18063",0.000247388365999843,0.427967423022216,1,0,0.204765728666089,60.71
"18065",0,0,0,0,0.217134519019986,66.08
"18067",0,0,0,0,0.245115168640075,76.23
"18069",0.00142625607779579,2.46733970579855,1,1,0.219294669251124,67.07
"18071",4.06603236561763e-05,0.0703399849223067,1,0,0.205911243137053,61.37
"18073",0,0,0,0,0.187835601876992,52.08
"18075",0,0,0,0,0.155755328991276,34.84
"18077",0.000344020916471721,0.595136090951979,1,0,0.189679443500169,52.69
"18079",0,0,0,0,0.163169058664269,38.75
"18081",1.36490820992288e-05,0.0236121147775775,1,0,0.284806431051071,86.06
"18083",0.00324947589098532,5.62140348685069,1,1,0.193398058303041,54.57
"18085",0,0,0,0,0.257088796859158,79.76
"18087",0.000873362445414847,1.5108660167504,1,1,0.271396291797721,83.23
"18089",0.00120099470620373,2.0776506906459,1,1,0.357661611639556,97.45
"18091",0,0,0,0,0.298599070980781,88.99
"18093",0.00363684454142697,6.29152862559391,1,1,0.231917520240507,72.16
"18095",0,0,0,0,0.279758229875675,84.89
"18097",0.000360381476978069,0.623438904994193,1,0,0.325734969329264,93.7
"18099",4.66243938828795e-05,0.0806574780482661,1,0,0.247033440486543,76.96
"18101",0,0,0,0,0.0760137288833951,2.23
"18103",0,0,0,0,0.202626892989359,59.94
"18105",0.000322859762633503,0.558528530852225,1,0,0.198340066754918,57.46
"18107",0.000633494586500806,1.09590863170763,1,1,0.207446567064207,61.95
"18109",0.00249266049963995,4.31215706603138,1,1,0.277170222797813,84.41
"18111",0,0,0,0,0.147394519037302,30.51
"18113",0.00334990274475902,5.79513607786423,1,1,0.239143064283642,74.67
"18115",0,0,0,0,0.132572669542911,21.76
"18117",0.000123243776189302,0.213204534037369,1,0,0.145732663461674,29.43
"18119",0,0,0,0,0.151529186348703,32.87
"18121",0.000942729201037002,1.6308664522076,1,1,0.185173779694324,50.78
"18123",0.000143184421534937,0.247700685735855,1,0,0.150169468288436,32.13
"18125",0.00231788079470199,4.00979838551473,1,1,0.149988429169298,32.01
"18127",0,0,0,0,0.3226543444874,93.25
"18129",0.00633102200783841,10.9522982733685,1,1,0.175655595910554,45.75
"18131",0.00429731020213274,7.43409564027355,1,1,0.141408714559777,26.85
"18133",0,0,0,0,0.181802176682788,48.93
"18135",0.00171905697445972,2.97386815428646,1,1,0.193760239453977,54.79
"18137",0,0,0,0,0.199834145969521,58.38
"18139",0.00231275573741327,4.00093233576406,1,1,0.202309893764614,59.85
"18141",0.00241819158865288,4.18333019981397,1,1,0.315790674702888,92.17
"18143",0,0,0,0,0.136956332353521,24.24
"18145",4.86050354816759e-05,0.0840838723232824,1,0,0.200935678557104,59.15
"18147",0.000777907429015947,1.34573441398616,1,1,0.163333162034196,38.88
"18149",0,0,0,0,0.159482445791247,36.68
"18151",0,0,0,0,0.230751546632367,71.68
"18153",0,0,0,0,0.144955647994454,28.83
"18155",0,0,0,0,0.142991169763865,27.84
"18157",0.000266781001381544,0.461515549492811,1,0,0.212197561436419,64.08
"18159",0,0,0,0,0.161322341690906,37.67
"18161",0,0,0,0,0.18779794520287,52.05
"18163",0.0009674467250621,1.67362632500015,1,1,0.354240966956497,97.07
"18165",0,0,0,0,0.128425716455692,19.85
"18167",0.00172898206181111,2.99103797567186,1,1,0.288910189937666,87.18
"18169",0,0,0,0,0.210755592621009,63.38
"18171",0,0,0,0,0.18208268199654,49.06
"18173",0.00199058115259504,3.44358912251045,1,1,0.27006141834113,82.88
"18175",0,0,0,0,0.199072571239255,57.81
"18177",6.1434495469206e-05,0.106278088722421,1,0,0.236676432639801,73.81
"18179",0.00111208197632854,1.92383686142735,1,1,0.20532988365317,61.02
"18181",0.0157392363931763,27.2279596184787,1,1,0.19207090622518,53.77
"18183",6.5410779696494e-05,0.113156828177604,1,0,0.199430173028245,57.97
"19001",0,0,0,0,0.120387394633718,15.81
"19003",0,0,0,0,0.122645742846229,16.96
"19005",0.00540814601994254,9.35577672025262,1,1,0.186478665664697,51.35
"19007",0,0,0,0,0.186609436250534,51.45
"19009",0,0,0,0,0.12090004584373,16.23
"19011",0.00407091267235719,7.04244113782739,1,1,0.241220625799337,75.21
"19013",0.000306255263762346,0.529803717687531,1,0,0.266248461756865,82.15
"19015",0.000639386189258312,1.10610076034476,1,1,0.200791891712055,58.99
"19017",0,0,0,0,0.173245377726986,44.32
"19019",0,0,0,0,0.218401459598926,66.72
"19021",0,0,0,0,0.146698894198769,30
"19023",0,0,0,0,0.165385732056824,40.25
"19025",0,0,0,0,0.136265154406883,23.83
"19027",0,0,0,0,0.199764374695987,58.29
"19029",0.00044490582826635,0.769661095586184,1,0,0.184988062454092,50.65
"19031",0.00988855752629101,17.1066269217219,1,1,0.201233992062505,59.34
"19033",0,0,0,0,0.271626964405702,83.33
"19035",0,0,0,0,0.161533152030544,37.89
"19037",0,0,0,0,0.148110395661261,30.77
"19039",0,0,0,0,0.104504057867868,9.16
"19041",0.00769230769230769,13.3072429936862,1,1,0.262796992629904,81.36
"19043",0.00120691967279067,2.08790053675914,1,1,0.202139531044808,59.75
"19045",4.63886440599341e-05,0.0802496446249113,1,0,0.226666598948105,69.93
"19047",0,0,0,0,0.158824310953156,36.37
"19049",1.60947659821026e-05,0.0278430050405461,1,0,0.172617543369921,44.03
"19051",0.0281638624725677,48.7218370032185,1,1,0.18455613667398,50.4
"19053",0,0,0,0,0.163511490841737,39.07
"19055",0,0,0,0,0.201182715946798,59.31
"19057",9.15289918081552e-05,0.158339809544571,1,0,0.248492836381328,77.47
"19059",0,0,0,0,0.205125737333324,60.96
"19061",0.00205152298175554,3.54901492729585,1,1,0.321939653457845,93.16
"19063",0,0,0,0,0.162430767106785,38.4
"19065",0,0,0,0,0.170059250428493,42.92
"19067",0.00268496420047733,4.64483123586304,1,1,0.169209402972533,42.41
"19069",0.00229071220324865,3.96279830924018,1,1,0.161586672005412,37.96
"19071",0,0,0,0,0.113910807717914,13.17
"19073",0,0,0,0,0.138055994630385,24.88
"19075",0.000795544948289578,1.37624629210757,1,1,0.132427960752683,21.7
"19077",0,0,0,0,0.178336056228756,47.22
"19079",0,0,0,0,0.160242457816398,37
"19081",0,0,0,0,0.121153579084172,16.35
"19083",0,0,0,0,0.172750312269599,44.1
"19085",0,0,0,0,0.153860559532557,34.08
"19087",0,0,0,0,0.182360050640084,49.19
"19089",0,0,0,0,0.155478689456293,34.74
"19091",0,0,0,0,0.147158728636754,30.38
"19093",0.000235682300259251,0.4077166130519,1,0,0.124006743202028,17.56
"19095",0,0,0,0,0.140016760512685,26.09
"19097",0,0,0,0,0.204376535250283,60.61
"19099",0,0,0,0,0.250027374381867,77.98
"19101",0.0023835061375283,4.12332639537412,1,1,0.193824494316965,54.85
"19103",0,0,0,0,0.162306394828124,38.28
"19105",0,0,0,0,0.205248624668721,60.99
"19107",0,0,0,0,0.142899777077135,27.74
"19109",0,0,0,0,0.176678770955081,46.26
"19111",0,0,0,0,0.186833799258421,51.57
"19113",0.000322627951312509,0.558127510807195,1,0,0.339453609165609,95.26
"19115",0,0,0,0,0.110897649541324,11.77
"19117",0.00401404917210236,6.94407060383025,1,1,0.148176865468398,30.83
"19119",0,0,0,0,0.13503987326,23
"19121",0.00460405156537753,7.96474028167225,1,1,0.216708523286405,65.89
"19123",0,0,0,0,0.184020319220692,50.05
"19125",0,0,0,0,0.168702503360851,42.06
"19127",0.00105461811722913,1.82442774169655,1,1,0.199960808882805,58.45
"19129",0,0,0,0,0.194113903024978,55.11
"19131",0,0,0,0,0.151782210823595,33.03
"19133",0,0,0,0,0.140996908074897,26.6
"19135",0,0,0,0,0.135077076769257,23.04
"19137",0,0,0,0,0.145862205386751,29.49
"19139",0.00180435623147313,3.12143088652004,1,1,0.190910678013446,53.26
"19141",0,0,0,0,0.176009834325783,45.88
"19143",0,0,0,0,0.1192844825662,15.4
"19145",0,0,0,0,0.15136680221405,32.74
"19147",0.0176790571169538,30.583736164093,1,1,0.133742856077234,22.43
"19149",0.00058836508053247,1.0178372224339,1,1,0.185311281918342,50.87
"19151",0,0,0,0,0.104732568855011,9.35
"19153",0.00136953450273474,2.36921469409669,1,1,0.350312256533475,96.47
"19155",0.00452429634141036,7.82676840277714,1,1,0.250992120435611,78.27
"19157",0,0,0,0,0.118482845223693,15.08
"19159",0,0,0,0,0.134962963026306,22.97
"19161",0,0,0,0,0.164853674205845,39.8
"19163",0.00063533682936668,1.09909560425868,1,1,0.362651904292248,97.68
"19165",0,0,0,0,0.164453828969598,39.55
"19167",0,0,0,0,0.18350024632557,49.79
"19169",0,0,0,0,0.179548317975375,48.01
"19171",0,0,0,0,0.142390190448832,27.46
"19173",0,0,0,0,0.100660962289511,7.8
"19175",0.00745378652355397,12.8946153039595,1,1,0.157179855962549,35.57
"19177",0,0,0,0,0.148390916919045,30.99
"19179",0,0,0,0,0.217524213106226,66.34
"19181",0.000568468923698838,0.983418033262564,1,0,0.231256588817455,71.78
"19183",0,0,0,0,0.220554207473279,67.74
"19185",0,0,0,0,0.125201655626254,17.94
"19187",0,0,0,0,0.215411255478871,65.35
"19189",0,0,0,0,0.148684012757661,31.15
"19191",0,0,0,0,0.189041875795518,52.56
"19193",0.00986807012552896,17.0711849150895,1,1,0.307948120844261,90.58
"19195",0,0,0,0,0.1327286617513,21.86
"19197",0,0,0,0,0.0963718464167119,6.55
"20001",0,0,0,0,0.133228323889776,22.05
"20003",0,0,0,0,0.159418414929414,36.65
"20005",0.00496277915632754,8.58531806044274,1,1,0.158609019459453,36.27
"20007",0,0,0,0,0.110044433601758,11.45
"20009",0,0,0,0,0.213577433208234,64.46
"20011",0,0,0,0,0.159767752266175,36.91
"20013",0,0,0,0,0.120578264472423,15.84
"20015",0.000129802699896158,0.224551088938112,1,0,0.227629240344708,70.31
"20017",0,0,0,0,0.0826463217865808,3.34
"20019",0,0,0,0,0.0914554004910545,5.15
"20021",0.0074794315632012,12.9389797246014,1,1,0.142815019926798,27.71
"20023",0,0,0,0,0.0845752372349723,3.82
"20025",0,0,0,0,0.08336221474969,3.53
"20027",0,0,0,0,0.160325662351503,37.07
"20029",0,0,0,0,0.170940455247102,43.24
"20031",0,0,0,0,0.11354015673438,12.95
"20033",0.00365853658536585,6.32905459455809,1,1,0.0967287690327161,6.75
"20035",6.84556407447974e-05,0.118424259938336,1,0,0.160611074297995,37.19
"20037",9.77899471934285e-05,0.169170896653551,1,0,0.179407763489016,47.95
"20039",0,0,0,0,0.090964086649889,5.03
"20041",0,0,0,0,0.158186307323004,36.08
"20043",0.0117081957370159,20.2544947397146,1,1,0.105957536958736,9.83
"20045",0,0,0,0,0.23672581413248,73.88
"20047",0,0,0,0,0.0955450739402268,6.2
"20049",0,0,0,0,0.0942459981769003,5.82
"20051",0,0,0,0,0.223355429062188,68.44
"20053",0,0,0,0,0.106416546044173,10.05
"20055",0,0,0,0,0.217281189698668,66.12
"20057",0,0,0,0,0.174589393158197,45.12
"20059",0.00751943224062183,13.0081785600667,1,1,0.175019905914964,45.37
"20061",0,0,0,0,0.071918298697206,1.72
"20063",0,0,0,0,0.0800525216536037,2.86
"20065",0,0,0,0,0.10821732133693,10.79
"20067",0,0,0,0,0.138402471428709,25.1
"20069",0,0,0,0,0.10302214305166,8.72
"20071",0,0,0,0,0.0793190110386726,2.8
"20073",0,0,0,0,0.126429831100927,18.64
"20075",0,0,0,0,0.0727550841954699,1.81
"20077",0,0,0,0,0.130205697420926,20.65
"20079",0.000986984146567146,1.70742492300706,1,1,0.193440139155592,54.63
"20081",0.0138248847926267,23.9162431683762,1,1,0.089248491693975,4.65
"20083",0,0,0,0,0.0689485405521623,1.62
"20085",0,0,0,0,0.125592687814999,18.2
"20087",0,0,0,0,0.168031122580444,41.74
"20089",0,0,0,0,0.0846450528089733,3.85
"20091",0.000162744998020341,0.281539340506276,1,0,0.344657443891761,95.9
"20093",0,0,0,0,0.0660940525916846,1.37
"20095",0,0,0,0,0.11617998989892,13.84
"20097",0,0,0,0,0.0742865596698981,2.04
"20099",0,0,0,0,0.131786867519637,21.38
"20101",0,0,0,0,0.0632205821935614,0.95
"20103",0.000944419182202945,1.63379002091149,1,1,0.1976872446431,57.14
"20105",0,0,0,0,0.105883575778324,9.8
"20107",0,0,0,0,0.152456312042447,33.41
"20109",0,0,0,0,0.0998980532700583,7.45
"20111",0,0,0,0,0.184089703426834,50.08
"20113",0,0,0,0,0.16318651839238,38.78
"20115",0.000221778664892437,0.383664135990067,1,0,0.143733549989119,28.22
"20117",0,0,0,0,0.148488157533809,31.08
"20119",0,0,0,0,0.100427983838672,7.57
"20121",0.0177749125069073,30.7495603897208,1,1,0.22058462314178,67.77
"20123",0,0,0,0,0.13939315730427,25.61
"20125",0.000607939692382516,1.05170015756533,1,1,0.185245135391877,50.81
"20127",0,0,0,0,0.138742896388164,25.33
"20129",0,0,0,0,0.0738420127960751,1.94
"20131",0,0,0,0,0.143710593584876,28.19
"20133",0.00203334688897926,3.51757134847339,1,1,0.192714950911616,54.02
"20135",0,0,0,0,0.0999150980184468,7.48
"20137",0,0,0,0,0.11508335365216,13.55
"20139",0,0,0,0,0.153185517236425,33.6
"20141",0,0,0,0,0.112321650845364,12.34
"20143",0,0,0,0,0.107316036028665,10.37
"20145",0,0,0,0,0.0918533861492775,5.28
"20147",0,0,0,0,0.119188342132025,15.34
"20149",8.54481756814492e-05,0.147820352830831,1,0,0.187589189052046,51.96
"20151",0,0,0,0,0.125251355950832,17.98
"20153",0,0,0,0,0.0990880493101969,7.29
"20155",0,0,0,0,0.25942294436079,80.34
"20157",0,0,0,0,0.112409398400372,12.44
"20159",0,0,0,0,0.103181510399927,8.75
"20161",0,0,0,0,0.202064218152699,59.72
"20163",0,0,0,0,0.113444224890254,12.85
"20165",0,0,0,0,0.0785293403595252,2.61
"20167",0,0,0,0,0.126217069201733,18.49
"20169",0.00335114572955348,5.79728636895488,1,1,0.229977404082158,71.46
"20171",0,0,0,0,0.117460093863811,14.54
"20173",0.00132934192500888,2.29968388231241,1,1,0.34255562504847,95.64
"20175",0,0,0,0,0.153576551945774,33.92
"20177",0.0040132853584279,6.94274925078842,1,1,0.237779526945111,74.23
"20179",0,0,0,0,0.105773022401423,9.77
"20181",0,0,0,0,0.15904026097885,36.46
"20183",0,0,0,0,0.0993960792331612,7.35
"20185",0,0,0,0,0.0983192271367824,7.1
"20187",0,0,0,0,0.0733143003932345,1.88
"20189",0.00070871722182849,1.22603939700865,1,1,0.106344761837262,9.99
"20191",0.000530996946767556,0.918593701940375,1,0,0.151440478259169,32.8
"20193",0,0,0,0,0.153393671035539,33.79
"20195",0,0,0,0,0.11775417913523,14.76
"20197",0,0,0,0,0.107799124378181,10.56
"20199",0,0,0,0,0.102438655485406,8.43
"20201",0,0,0,0,0.12261012839422,16.93
"20203",0,0,0,0,0.10225363662244,8.34
"20205",0.00849617672047579,14.6978894577673,1,1,0.125254836891744,18.01
"20207",0,0,0,0,0.115303259883123,13.59
"20209",0,0,0,0,0.258847202492977,80.21
"21001",0.000493258796448537,0.853308906204807,1,0,0.188048677377494,52.18
"21003",0,0,0,0,0.151199442321843,32.61
"21005",0.000668449197860963,1.15637806763316,1,1,0.219473729960377,67.2
"21007",0,0,0,0,0.147410901905185,30.54
"21009",0,0,0,0,0.256826885415439,79.64
"21011",0,0,0,0,0.163442182395679,38.98
"21013",0.0001098659635245,0.190061699536279,1,0,0.165763917843346,40.53
"21015",0.000315591102134298,0.545954172757026,1,0,0.245758559708275,76.52
"21017",0,0,0,0,0.132186374020658,21.54
"21019",0.000180186673393636,0.311712420119502,1,0,0.23758196583615,74.13
"21021",0,0,0,0,0.201805006530215,59.59
"21023",0,0,0,0,0.135469765204322,23.29
"21025",0,0,0,0,0.117697997712016,14.67
"21027",0,0,0,0,0.205026134704702,60.9
"21029",9.25611675048595e-05,0.16012541320964,1,0,0.199350656007401,57.94
"21031",0,0,0,0,0.168850323096775,42.19
"21033",0,0,0,0,0.149978387958326,31.98
"21035",0,0,0,0,0.185081191585078,50.75
"21037",0.000886328384666519,1.53329633430464,1,1,0.261088395921187,80.78
"21039",0,0,0,0,0.111871761371207,12.15
"21041",0,0,0,0,0.134045715597357,22.53
"21043",0,0,0,0,0.172238770882124,43.88
"21045",0.000208420175072947,0.360554728882704,1,0,0.163443153523632,39.01
"21047",1.5382248884787e-05,0.0266103920808985,1,0,0.106333071413528,9.96
"21049",0.00336722567014393,5.82510372693383,1,1,0.215175058863931,65.22
"21051",0.000399760143913652,0.691561698652493,1,0,0.149535455600368,31.66
"21053",0,0,0,0,0.140943954752671,26.57
"21055",0,0,0,0,0.14519078691941,29.11
"21057",0,0,0,0,0.118213493740881,15.05
"21059",0.0006578205465549,1.13799112170192,1,1,0.283260897736721,85.71
"21061",0,0,0,0,0.146316171699632,29.75
"21063",0,0,0,0,0.0841964933631261,3.69
"21065",0,0,0,0,0.149002395146843,31.4
"21067",0.000113931150529342,0.197094235603745,1,0,0.306977819105509,90.49
"21069",0,0,0,0,0.194156049617914,55.17
"21071",0,0,0,0,0.192332317192985,53.87
"21073",0.00131360248780226,2.27245557529841,1,1,0.155445589327706,34.71
"21075",0,0,0,0,0.108881860446168,10.88
"21077",0,0,0,0,0.0802342375075666,2.93
"21079",0.000279876854184159,0.484170609901823,1,0,0.208038425166476,62.27
"21081",0,0,0,0,0.179181777180741,47.79
"21083",0,0,0,0,0.218368071273032,66.69
"21085",0.000458190148911798,0.792642194354736,1,0,0.201706648161419,59.53
"21087",0,0,0,0,0.162195342063306,38.15
"21089",0,0,0,0,0.201910396375739,59.66
"21091",0,0,0,0,0.104673944377721,9.26
"21093",0.00290473152221364,5.02501586567722,1,1,0.217880152306383,66.47
"21095",0.000412881915772089,0.714261597514125,1,0,0.129964776654734,20.49
"21097",0.00147420147420147,2.55028244105044,1,1,0.169061445049578,42.25
"21099",0,0,0,0,0.139596113583524,25.74
"21101",4.78743776330908e-05,0.0828198769235548,1,0,0.209775566637596,63.06
"21103",0,0,0,0,0.178924487242786,47.66
"21105",0,0,0,0,0.0888527126234186,4.61
"21107",0.00209590021470197,3.62578494818258,1,1,0.195709237134378,56.09
"21109",0,0,0,0,0.168856947070152,42.22
"21111",0.000454237032569361,0.785803533987089,1,0,0.333707610510964,94.65
"21113",0,0,0,0,0.263553931674651,81.45
"21115",0,0,0,0,0.166457547472481,41.01
"21117",0.000110311691813647,0.190832783441148,1,0,0.22867571472018,70.92
"21119",0,0,0,0,0.124099968040351,17.63
"21121",0,0,0,0,0.182209257187908,49.13
"21123",0.0044404973357016,7.68180101766968,1,1,0.181208512106107,48.62
"21125",0,0,0,0,0.239586688543765,74.74
"21127",0,0,0,0,0.11372827285103,13.04
"21129",0,0,0,0,0.120947952509456,16.26
"21131",0,0,0,0,0.09096984297376,5.06
"21133",0,0,0,0,0.119303872777006,15.43
"21135",0,0,0,0,0.15910607231339,36.49
"21137",0,0,0,0,0.198218853044123,57.3
"21139",0,0,0,0,0.101655484014791,8.21
"21141",0,0,0,0,0.196173177347222,56.41
"21143",0,0,0,0,0.136955380292204,24.21
"21145",0,0,0,0,0.272234566041689,83.46
"21147",0,0,0,0,0.134716165557482,22.88
"21149",0.00312391530718501,5.40419101097289,1,1,0.129825241766166,20.43
"21151",2.421776615325e-05,0.0418953208655239,1,0,0.225700605294374,69.49
"21153",0,0,0,0,0.141635443016734,26.98
"21155",0.000889767671774592,1.53924610011003,1,1,0.127942494535028,19.69
"21157",0,0,0,0,0.219056152846099,67.01
"21159",0,0,0,0,0.109314516779323,11.14
"21161",0,0,0,0,0.194383352179997,55.33
"21163",0.000950118764845606,1.643649965966,1,1,0.18875723073146,52.53
"21165",0,0,0,0,0.13823410277777,24.98
"21167",0,0,0,0,0.151595702225419,32.93
"21169",0,0,0,0,0.155914462186076,34.9
"21171",0,0,0,0,0.141038887083066,26.63
"21173",0,0,0,0,0.195389007559764,55.93
"21175",0,0,0,0,0.129289747811348,20.3
"21177",0,0,0,0,0.177545680520126,46.74
"21179",0.000530734343336872,0.918139413344173,1,0,0.197053743504212,56.86
"21181",0,0,0,0,0.14438010530292,28.57
"21183",0.00023696682464455,0.409938765208344,1,0,0.14684933215692,30.13
"21185",0.000475127096498313,0.821942124378397,1,0,0.270246212280022,83.04
"21187",0,0,0,0,0.15043800724101,32.29
"21189",0,0,0,0,0.110575870634179,11.68
"21191",0.0055167340934167,9.54362774464442,1,1,0.168199518424707,41.9
"21193",0,0,0,0,0.178046164705957,47.03
"21195",0,0,0,0,0.190302435321955,52.97
"21197",0,0,0,0,0.159309448835417,36.56
"21199",3.36123155524184e-05,0.0581473425827438,1,0,0.283769100644263,85.78
"21201",0,0,0,0,0.086444669508801,4.23
"21203",0,0,0,0,0.127809770073509,19.66
"21205",0.000225157610327229,0.38950951422528,1,0,0.148983716468942,31.37
"21207",0,0,0,0,0.156486183942172,35.19
"21209",2.85046462573399e-05,0.0493113730454139,1,0,0.13924584257154,25.52
"21211",0.000894266175697002,1.54702824913449,1,1,0.251633506883047,78.43
"21213",0.00169221580728648,2.92743450289136,1,1,0.161225443534406,37.61
"21215",0,0,0,0,0.17655909722956,46.2
"21217",0,0,0,0,0.208929485056585,62.65
"21219",0.000262881177707676,0.45476908232892,1,0,0.1750318226522,45.4
"21221",0,0,0,0,0.170115487714931,42.95
"21223",0,0,0,0,0.121686348564167,16.54
"21225",0,0,0,0,0.135910223154489,23.64
"21227",0.0014227461541393,2.46126774289036,1,1,0.312297066758441,91.47
"21229",0,0,0,0,0.146891028221844,30.23
"21231",0.00349225630124507,6.041399415597,1,1,0.159688816670656,36.88
"21233",0,0,0,0,0.147194603292936,30.42
"21235",0,0,0,0,0.186743464619165,51.51
"21237",0,0,0,0,0.142681824462822,27.62
"21239",0,0,0,0,0.168129531067447,41.84
"22001",0.000115827879770661,0.200375466401716,1,0,0.285703961918246,86.45
"22003",0,0,0,0,0.117718295161952,14.7
"22005",0.000895726855998735,1.54955514073695,1,1,0.293647368661508,88.16
"22007",0,0,0,0,0.152747839721208,33.53
"22009",8.63557858376511e-05,0.149390465386806,1,0,0.200345407722761,58.8
"22011",0.001142313184198,1.97613508521186,1,1,0.220058552741307,67.58
"22013",0,0,0,0,0.110414582869002,11.64
"22015",0.00412445082040707,7.1350590067465,1,1,0.30382960159377,90.2
"22017",0.000887383683537811,1.5351219397111,1,1,0.323383552587992,93.41
"22019",0.000510652204996221,0.883398487029032,1,0,0.30289082517151,89.98
"22021",0,0,0,0,0.140753430932118,26.47
"22023",0,0,0,0,0.100544673776904,7.7
"22025",0,0,0,0,0.178510269239603,47.41
"22027",0,0,0,0,0.148932933886579,31.34
"22029",0,0,0,0,0.173995952525672,44.77
"22031",0,0,0,0,0.162812525039161,38.53
"22033",0.000808787509164615,1.39915514891253,1,1,0.292566488875135,88.07
"22035",0,0,0,0,0.11001662590774,11.39
"22037",0,0,0,0,0.158442953392339,36.11
"22039",0,0,0,0,0.159517955798392,36.75
"22041",0,0,0,0,0.178858200715704,47.6
"22043",0,0,0,0,0.118588550540663,15.21
"22045",3.59699291392396e-05,0.0622258763777998,1,0,0.245687066350164,76.49
"22047",0.00212089077412513,3.66901715626556,1,1,0.132612495633667,21.79
"22049",0,0,0,0,0.142705911818367,27.65
"22051",0.000417148599707996,0.721642711502734,1,0,0.39676633520591,99.4
"22053",0.000107898144151921,0.186657486963661,1,0,0.209206214874519,62.84
"22055",0.000411353352529823,0.711617272389639,1,0,0.35265203357506,96.85
"22057",0.00178428279589356,3.08670501547324,1,1,0.207193280358647,61.79
"22059",0,0,0,0,0.121724493249728,16.61
"22061",0,0,0,0,0.240774257599736,75.06
"22063",0.00152414989225837,2.63669028676077,1,1,0.310162380627564,90.93
"22065",0,0,0,0,0.108149558537016,10.75
"22067",0,0,0,0,0.193555529687365,54.72
"22069",0.000122033070962231,0.211110084712821,1,0,0.176542234758445,46.17
"22071",0,0,0,0,0.210390455278301,63.22
"22073",0.00199389051496057,3.44931412610025,1,1,0.320080223905791,92.59
"22075",0.00358217509671873,6.19695367953579,1,1,0.168766561396553,42.09
"22077",0,0,0,0,0.176030549845013,45.91
"22079",0.00429999529197596,7.43874068886402,1,1,0.269992235299663,82.85
"22081",0,0,0,0,0.127483716891556,19.47
"22083",0,0,0,0,0.156794379034252,35.32
"22085",0,0,0,0,0.159032117606029,36.43
"22087",0.00368753762793498,6.37922470422798,1,1,0.229804165919748,71.3
"22089",0,0,0,0,0.204401463942491,60.64
"22091",0.149561403508772,258.732492065838,1,1,0.144974055296613,28.89
"22093",0,0,0,0,0.155096605792192,34.62
"22095",0,0,0,0,0.209089781906807,62.74
"22097",7.32332478945441e-05,0.126689241243443,1,0,0.269840583800761,82.82
"22099",6.79071030829825e-05,0.117475321823931,1,0,0.229619118228834,71.21
"22101",0.011047201679905,19.1110136301182,1,1,0.20370332383452,60.36
"22103",0.000239580467980514,0.41446021551451,1,0,0.377786041100614,98.66
"22105",3.68283430928443e-05,0.0637108823768723,1,0,0.300511257807937,89.6
"22107",0,0,0,0,0.0963670330345706,6.52
"22109",0.000784738700696923,1.35755211497406,1,1,0.254771831344654,79.26
"22111",0,0,0,0,0.165702307010966,40.5
"22113",0.00288480030771203,4.99053602878803,1,1,0.238660785309299,74.51
"22115",0,0,0,0,0.110322151526515,11.61
"22117",0,0,0,0,0.182531944441299,49.32
"22119",0,0,0,0,0.212222255760273,64.11
"22121",0.0054571178333221,9.44049509691546,1,1,0.211752807379933,63.67
"22123",0,0,0,0,0.152830604223231,33.57
"22125",0,0,0,0,0.0960059428215117,6.4
"22127",0,0,0,0,0.120648251098104,15.94
"23001",0.00142167137519366,2.45940843809311,1,1,0.339793400908894,95.39
"23003",0,0,0,0,0.223122034483347,68.31
"23005",0.000761266747868453,1.31694700759684,1,1,0.331897088279658,94.4
"23007",0.000484966052376334,0.838962943345884,1,0,0.225798366888785,69.58
"23009",0.000164365548980934,0.28434279901039,1,0,0.231313153351801,71.81
"23011",0.00128641908989384,2.22542988472142,1,1,0.28172316907154,85.17
"23013",0.000806796070428551,1.39571007622071,1,1,0.290059673787761,87.5
"23015",6.81477443096634e-05,0.117891617090038,1,0,0.24922634271064,77.7
"23017",0.00294464075382803,5.09405650523914,1,1,0.227898450644845,70.51
"23019",0.00047165127594082,0.815929157839466,1,0,0.330440861558161,94.21
"23021",0,0,0,0,0.19348914482429,54.66
"23023",0,0,0,0,0.200567866494889,58.89
"23025",0.00150279089738085,2.59974047321908,1,1,0.261310741866816,80.91
"23027",0.0006992029086841,1.2095801910077,1,1,0.262298185515487,81.2
"23029",0,0,0,0,0.19494249980849,55.65
"23031",0.000322161488815627,0.557320557934047,1,0,0.33294634299181,94.59
"24001",0.000475575786398533,0.822718331697431,1,0,0.225729516442876,69.52
"24003",1.68264242165897e-05,0.0291087310494508,1,0,0.237401352607743,74.1
"24005",9.56217204738056e-05,0.165419991076506,1,0,0.310466897215583,91.12
"24009",7.62224170128435e-05,0.131860329218279,1,0,0.287764240518392,86.96
"24011",0.00543379822495925,9.40015353656518,1,1,0.211759655521899,63.73
"24013",1.48716575949555e-05,0.0257270989735465,1,0,0.297205085725778,88.74
"24015",0,0,0,0,0.218822420224237,66.97
"24017",0,0,0,0,0.271708467821041,83.39
"24019",7.12301445971935e-05,0.123223989541934,1,0,0.199813680061116,58.32
"24021",0.000956666261299607,1.65497675238678,1,1,0.321106771802869,92.9
"24023",0,0,0,0,0.259876841076747,80.43
"24025",9.43031468960119e-06,0.0163138935805888,1,0,0.290429462496683,87.56
"24027",0.0008270911360799,1.4308193543461,1,1,0.297512972189442,88.8
"24029",0.00391236306729264,6.76815958207829,1,1,0.208351570805776,62.46
"24031",1.8679577990974e-06,0.00323145788349026,1,0,0.217873630440458,66.43
"24033",4.1625149915579e-05,0.0720090779947797,1,0,0.285474460807703,86.35
"24035",0.000622632698593888,1.07711820008045,1,1,0.288192741333783,87.05
"24037",0.000340715502555366,0.589417917948624,1,0,0.132717614242718,21.83
"24039",0,0,0,0,0.126419058884257,18.61
"24041",0,0,0,0,0.273799487006024,83.81
"24043",2.85143997718848e-05,0.0493282460558657,1,0,0.342605733768182,95.7
"24045",0,0,0,0,0.27753116675948,84.51
"24047",0,0,0,0,0.231109093697433,71.75
"24510",0.000226555963184656,0.391928582989691,1,0,0.185610654416139,50.97
"25001",8.93343696120208e-06,0.0154543241334942,1,0,0.298292423940945,88.9
"25003",0.000444990026085622,0.76980675289546,1,0,0.271349221086994,83.17
"25005",0.000185371433078941,0.32068175152901,1,0,0.359097852339174,97.52
"25007",0.000169104591189651,0.292541065220125,1,0,0.228008625275339,70.6
"25009",0.000483173549387434,0.835862017876658,1,0,0.337192924391923,95.07
"25011",0.000616776315789474,1.06698699990494,1,1,0.283038432058476,85.56
"25013",0.000160997468762019,0.278516216963998,1,0,0.283031436120194,85.52
"25015",0,0,0,0,0.2303085299729,71.52
"25017",2.00411320376582e-05,0.0346699878061769,1,0,0.23304691158779,72.45
"25019",0,0,0,0,0.209370862394046,62.87
"25021",4.6600493965236e-05,0.0806161325867567,1,0,0.372989549327268,98.41
"25023",0.000140864910550782,0.243688067217807,1,0,0.376362672203351,98.57
"25025",0.000140155988424154,0.242461673347463,1,0,0.166526785617561,41.04
"25027",0.000311842207842832,0.539468804608782,1,0,0.339722212949296,95.35
"26001",0.000546448087431694,0.945323272775526,1,0,0.181009395166264,48.58
"26003",0,0,0,0,0.144099572215217,28.38
"26005",6.40081930487102e-05,0.110730435203176,1,0,0.299186834311612,89.09
"26007",0,0,0,0,0.241840491190762,75.34
"26009",0,0,0,0,0.206268582228319,61.44
"26011",0,0,0,0,0.166961097910828,41.23
"26013",0,0,0,0,0.108343449413997,10.82
"26015",0.000257914759172094,0.446177468354945,1,0,0.238436787393295,74.42
"26017",0.00210779082177161,3.64635500387294,1,1,0.29071981251348,87.66
"26019",0,0,0,0,0.185801382240429,51.1
"26021",0.00156422932192135,2.70602535900533,1,1,0.289245863966164,87.24
"26023",0.00357398141529664,6.18277908927524,1,1,0.217356063803909,66.24
"26025",0.00149549670654658,2.58712194913547,1,1,0.226769119705021,69.97
"26027",0,0,0,0,0.221217451817773,67.96
"26029",8.13735861339409e-05,0.140771550913761,1,0,0.209701040990108,63
"26031",0.000683807439824945,1.18294692914333,1,1,0.243452323136502,75.88
"26033",0,0,0,0,0.184486098155066,50.3
"26035",0,0,0,0,0.22603121560771,69.68
"26037",0,0,0,0,0.276663819285705,84.28
"26039",0,0,0,0,0.145167378299272,29.08
"26041",0,0,0,0,0.261573851473551,81.01
"26043",0.000136137771424682,0.23551039264573,1,0,0.211873684499245,63.79
"26045",6.05058287281675e-05,0.104671549504611,1,0,0.22829808838394,70.66
"26047",0.000204897039237783,0.354459909677126,1,0,0.235551903206598,73.34
"26049",0.00109053442877405,1.88656086276803,1,1,0.322637811885805,93.22
"26051",0.000368595650571323,0.6376489455139,1,0,0.194824270042012,55.52
"26053",0,0,0,0,0.177493352892318,46.71
"26055",0.000522948733592483,0.904670763250237,1,0,0.353911267728694,97.04
"26057",0.00021165514321998,0.366151034819926,1,0,0.198569026492814,57.59
"26059",0.0016246953696182,2.81062808964941,1,1,0.214337515919938,64.72
"26061",7.04870656234581e-05,0.121938506321225,1,0,0.199600343859114,58.16
"26063",0.00224945702761402,3.89142926514095,1,1,0.206404485179931,61.5
"26065",0.00294802993927411,5.09991959809576,1,1,0.207599618134297,62.07
"26067",0.0005658242172765,0.978842845631391,1,0,0.177380012804894,46.64
"26069",0,0,0,0,0.179333657346734,47.92
"26071",0.00262743037309511,4.54530107508989,1,1,0.171190838139782,43.4
"26073",0.00155300472653612,2.68660746462673,1,1,0.200782720897444,58.96
"26075",0.000488376636061731,0.844863053906628,1,0,0.258512190413468,80.15
"26077",3.79598839945945e-05,0.0656683820426674,1,0,0.30463047884565,90.23
"26079",0,0,0,0,0.175460918839465,45.66
"26081",0.000513503608789251,0.888331249038137,1,0,0.3381952737375,95.2
"26083",0,0,0,0,0.0865142365216084,4.26
"26085",0,0,0,0,0.145369442967691,29.27
"26087",0.000118193995745016,0.204468708830574,1,0,0.299220810702523,89.18
"26089",0,0,0,0,0.200832681729873,59.05
"26091",0.000271305999253909,0.469343531503161,1,0,0.277637062483144,84.54
"26093",0.000123186422118806,0.213105314845509,1,0,0.344096427372093,95.83
"26095",0,0,0,0,0.15379193024044,34.01
"26097",0,0,0,0,0.145960794293215,29.53
"26099",0.000299789076970846,0.518617592233514,1,0,0.353632324611265,96.98
"26101",0.00624324648817385,10.800451751389,1,1,0.184287471420926,50.21
"26103",0,0,0,0,0.241598336324565,75.28
"26105",8.75503414463316e-05,0.15145697681485,1,0,0.216123277059489,65.61
"26107",0,0,0,0,0.198880239381159,57.72
"26109",0.0143774069319641,24.8720741961581,1,1,0.163727458429368,39.23
"26111",0.00135863199812602,2.35035399794786,1,1,0.198586963873258,57.65
"26113",0,0,0,0,0.173897805893841,44.7
"26115",0.000502029947177719,0.868482484636178,1,0,0.276516120144367,84.25
"26117",0.000157513388638034,0.272488961857484,1,0,0.22147398874651,68.02
"26119",0,0,0,0,0.113037199344814,12.6
"26121",0.000130274299775639,0.225366929183077,1,0,0.277050865068542,84.35
"26123",0.000797968806673921,1.38043942553292,1,1,0.226345218106085,69.81
"26125",0.000146065688915646,0.25268511000729,1,0,0.379015825931998,98.79
"26127",0,0,0,0,0.17687981340885,46.45
"26129",0,0,0,0,0.225135949095231,69.11
"26131",0,0,0,0,0.136830534627031,24.09
"26133",0,0,0,0,0.1672975965114,41.46
"26135",0,0,0,0,0.182791588471869,49.48
"26137",0.000257113472745972,0.444791289641553,1,0,0.208638732554593,62.58
"26139",0.000244836333711923,0.423552556230416,1,0,0.320134366251075,92.62
"26141",0,0,0,0,0.168071495070994,41.78
"26143",0,0,0,0,0.199726641840281,58.26
"26145",0.00194979283451133,3.37302771470478,1,1,0.286001652147009,86.51
"26147",0.00145894122551063,2.52388310217892,1,1,0.338179605803056,95.16
"26149",4.11641213518297e-05,0.0712115255085503,1,0,0.227822139447951,70.47
"26151",0.00408763897972531,7.0713766725769,1,1,0.255020380003122,79.32
"26153",0,0,0,0,0.154746988082923,34.46
"26155",5.40015120423372e-05,0.0934194615606011,1,0,0.255059624985215,79.35
"26157",0.000424328147100424,0.734062909128378,1,0,0.229331696982267,71.08
"26159",4.0457984383218e-05,0.0699899497988919,1,0,0.223593128227648,68.57
"26161",0.000213424394408281,0.369211736032272,1,0,0.176232682488701,46.04
"26163",0.000440533582261847,0.76209736538487,1,0,0.310210320425262,91
"26165",0.00265678528979934,4.59608336634343,1,1,0.220447267097401,67.71
"27001",0,0,0,0,0.191752616369807,53.61
"27003",8.69856139176982e-05,0.150480031176512,1,0,0.35987807236994,97.55
"27005",5.76169624337405e-05,0.099673979556304,1,0,0.239769396191106,74.8
"27007",0,0,0,0,0.24095753432856,75.12
"27009",5.09528176908183e-05,0.0881453984092129,1,0,0.231625002747567,71.94
"27011",0,0,0,0,0.156107465467581,35.03
"27013",0.000504264322202977,0.872347822918197,1,0,0.280040635558736,85.01
"27015",0.00132039347725622,2.2842035903865,1,1,0.196533524755098,56.57
"27017",0,0,0,0,0.163471199593518,39.04
"27019",0.00144674051521237,2.50277658601644,1,1,0.270238245276289,83.01
"27021",0,0,0,0,0.193063537977578,54.18
"27023",0,0,0,0,0.155974094519528,35
"27025",0,0,0,0,0.249421438138113,77.76
"27027",0,0,0,0,0.23570382821031,73.37
"27029",0,0,0,0,0.142236010146669,27.36
"27031",0,0,0,0,0.155216775033994,34.65
"27033",0,0,0,0,0.128724325071443,20.11
"27035",0.000782404590106929,1.35351423999069,1,1,0.319881313451012,92.49
"27037",5.23169264281332e-05,0.0905052268460566,1,0,0.37039351111856,98.22
"27039",0.0205489294438856,35.548447658087,1,1,0.182920767693634,49.51
"27041",0.000551927145616779,0.954801723399436,1,0,0.286741687464013,86.76
"27043",0,0,0,0,0.153348178342388,33.73
"27045",0,0,0,0,0.230411580133912,71.59
"27047",0.00403708133971292,6.98391490846871,1,1,0.218468990926455,66.75
"27049",0,0,0,0,0.239050948276058,74.61
"27051",0,0,0,0,0.15260504178513,33.5
"27053",0.000259857078606766,0.449537567524457,1,0,0.29936856317019,89.25
"27055",0,0,0,0,0.196497537375417,56.51
"27057",0,0,0,0,0.2227680931097,68.25
"27059",7.38225306363502e-05,0.127708665966279,1,0,0.225161056512759,69.14
"27061",0,0,0,0,0.245117460789836,76.26
"27063",0,0,0,0,0.113539000553252,12.92
"27065",0,0,0,0,0.174753554763998,45.18
"27067",0.00071977876273819,1.24517521666875,1,1,0.227659741985168,70.38
"27069",0,0,0,0,0.133030837064222,21.95
"27071",0,0,0,0,0.15238840000404,33.31
"27073",0,0,0,0,0.170417870719724,43.14
"27075",0.00181282574212554,3.13608264523764,1,1,0.154983815820654,34.52
"27077",0,0,0,0,0.137107761549475,24.31
"27079",0.00341845968228434,5.91373557531603,1,1,0.218765092613998,66.91
"27081",0,0,0,0,0.146592954249043,29.97
"27083",0,0,0,0,0.176686048904429,46.33
"27085",0.000453078099337373,0.783798647189992,1,0,0.230922475329315,71.71
"27087",0,0,0,0,0.107342904824569,10.4
"27089",0,0,0,0,0.118996835403705,15.3
"27091",0,0,0,0,0.186238475802931,51.26
"27093",0,0,0,0,0.193793490594788,54.82
"27095",0,0,0,0,0.196753166508116,56.67
"27097",0.000531874477623281,0.920111779063482,1,0,0.242593396013927,75.6
"27099",0,0,0,0,0.180996379730169,48.55
"27101",0.00145475705557172,2.51664473258541,1,1,0.165455465420132,40.31
"27103",0.00485884740758964,8.40552220586492,1,1,0.173123446879875,44.23
"27105",0,0,0,0,0.137734082491357,24.72
"27107",0,0,0,0,0.117589651859988,14.57
"27109",0.000812802543168846,1.40610092321842,1,1,0.181839185630003,48.97
"27111",7.47077060998842e-05,0.129239967814367,1,0,0.274748059293271,83.96
"27113",0,0,0,0,0.125620612668371,18.23
"27115",0,0,0,0,0.206608624490885,61.57
"27117",0,0,0,0,0.154456844380233,34.33
"27119",0,0,0,0,0.180041239542985,48.17
"27121",0,0,0,0,0.173636546763335,44.58
"27123",6.14017460423784e-05,0.10622143412693,1,0,0.271394223689004,83.2
"27125",0,0,0,0,0.117882317777818,14.86
"27127",0,0,0,0,0.183281673420982,49.73
"27129",0,0,0,0,0.133677570736963,22.34
"27131",0,0,0,0,0.199986132490116,58.48
"27133",0,0,0,0,0.157358856955765,35.63
"27135",0.000795454545454545,1.37608990048346,1,1,0.122813549759,17.12
"27137",9.49793894724845e-05,0.164308795963301,1,0,0.264682763430842,81.83
"27139",0.000215662875792561,0.373084178075542,1,0,0.257044901658752,79.73
"27141",3.0274590536163e-05,0.0523732732638797,1,0,0.306713170850844,90.45
"27143",0,0,0,0,0.153325482315688,33.66
"27145",7.25531451788435e-05,0.125512703270639,1,0,0.321397653596884,93
"27147",0,0,0,0,0.199442197861386,58
"27149",0,0,0,0,0.110097430049764,11.55
"27151",0,0,0,0,0.143267341273973,27.94
"27153",0.000117096018735363,0.202569272737613,1,0,0.178968313063576,47.76
"27155",0,0,0,0,0.160695523195269,37.35
"27157",0,0,0,0,0.187218710809529,51.77
"27159",0,0,0,0,0.182171482686048,49.09
"27161",0,0,0,0,0.182613022147708,49.38
"27163",0.000478424878093661,0.827647093912218,1,0,0.286312164910101,86.64
"27165",0,0,0,0,0.173548729339197,44.51
"27167",0,0,0,0,0.130685655861789,20.9
"27169",0,0,0,0,0.217442817574591,66.31
"27171",1.7864799199657e-05,0.0309050591178221,1,0,0.309030373985448,90.77
"27173",0,0,0,0,0.148757262315726,31.18
"28001",0,0,0,0,0.223892704796913,68.76
"28003",0,0,0,0,0.224179266479446,68.85
"28005",0,0,0,0,0.126732410012282,18.99
"28007",0.017935508490746,31.0273820612185,1,1,0.196970747889387,56.76
"28009",0,0,0,0,0.132253665373423,21.57
"28011",0.00177849636216653,3.07669482311582,1,1,0.195625807191616,56.03
"28013",0.0032,5.53581308537348,1,1,0.141201751106966,26.79
"28015",0,0,0,0,0.153253264058951,33.63
"28017",0,0,0,0,0.164207565547673,39.48
"28019",0,0,0,0,0.109404228884868,11.17
"28021",0,0,0,0,0.0882936637901923,4.49
"28023",0,0,0,0,0.127325734589339,19.34
"28025",0.00825699909689072,14.2841261395265,1,1,0.177849323709927,46.93
"28027",0,0,0,0,0.169668612156819,42.63
"28029",0,0,0,0,0.15103134010754,32.52
"28031",0,0,0,0,0.151418557137272,32.77
"28033",0.000157474592080239,0.272421846078637,1,0,0.242854594774967,75.66
"28035",0,0,0,0,0.24668721752488,76.81
"28037",0,0,0,0,0.123947061408269,17.5
"28039",0,0,0,0,0.188233131085114,52.27
"28041",0,0,0,0,0.127474248461811,19.44
"28043",0.0098000784006272,16.9535632024619,1,1,0.192379925543018,53.93
"28045",5.88720122453785e-05,0.101845142421948,1,0,0.178372589372101,47.25
"28047",9.55584435440715e-06,0.0165310525684123,1,0,0.251707986383006,78.46
"28049",4.05120725976341e-05,0.0700835192504947,1,0,0.237635005804936,74.16
"28051",0,0,0,0,0.161479046233245,37.86
"28053",0,0,0,0,0.12069495117796,16
"28055",0,0,0,0,0.0939605374507334,5.79
"28057",0.00132139186609896,2.28593074476772,1,1,0.176224080233502,46.01
"28059",3.48820985070462e-05,0.0603439929251853,1,0,0.191364724161058,53.45
"28061",0,0,0,0,0.128683570141431,20.04
"28063",0,0,0,0,0.10915683128736,11.1
"28065",0,0,0,0,0.126551270014776,18.74
"28067",0.000601227770394279,1.04008892457455,1,1,0.20840879054618,62.52
"28069",0,0,0,0,0.114828680778494,13.36
"28071",0,0,0,0,0.215788553553218,65.48
"28073",0,0,0,0,0.255112980269525,79.38
"28075",0.0103990053125353,17.9896717762504,1,1,0.278665905125157,84.63
"28077",0,0,0,0,0.139878322858037,25.96
"28079",0,0,0,0,0.126605010330288,18.84
"28081",1.75580292867928e-05,0.0303743650872496,1,0,0.258962251497078,80.24
"28083",0,0,0,0,0.186645037999681,51.48
"28085",0,0,0,0,0.215626329874955,65.42
"28087",0.00113477070956545,1.96308704465968,1,1,0.261202658617012,80.85
"28089",4.39515361061869e-05,0.0760335902184045,1,0,0.256513192608326,79.54
"28091",0,0,0,0,0.186568785100021,51.38
"28093",0,0,0,0,0.169919600994411,42.83
"28095",0,0,0,0,0.195339420125917,55.84
"28097",0,0,0,0,0.141989562968332,27.17
"28099",7.47551767959931e-05,0.129322089345833,1,0,0.144198304870658,28.48
"28101",0.000323939099449304,0.560395720498611,1,0,0.139981216076762,26.03
"28103",0,0,0,0,0.156853032379766,35.35
"28105",0,0,0,0,0.146362987210758,29.81
"28107",0,0,0,0,0.19770431544182,57.17
"28109",0.00283266057644643,4.90033733922303,1,1,0.257175821082641,79.83
"28111",0,0,0,0,0.135841742180982,23.58
"28113",0.00590239746866253,10.2108028569054,1,1,0.214609572750053,64.91
"28115",0,0,0,0,0.138805226681295,25.39
"28117",0,0,0,0,0.178202721898835,47.12
"28119",0,0,0,0,0.117952535613559,14.92
"28121",0.00241101875532822,4.17092161713338,1,1,0.335005097758473,94.85
"28123",0,0,0,0,0.0996514852660499,7.41
"28125",0,0,0,0,0.113886169143476,13.14
"28127",0,0,0,0,0.16284821310211,38.56
"28129",0,0,0,0,0.116268410573394,13.9
"28131",0.00140375504474469,2.42841423292397,1,1,0.163704802742446,39.2
"28133",0,0,0,0,0.119818567190286,15.59
"28135",0,0,0,0,0.103463930471511,8.88
"28137",0.0002465483234714,0.426514198515585,1,0,0.173177915776405,44.29
"28139",0,0,0,0,0.144558456026445,28.7
"28141",0.00118185847244792,2.04454612401148,1,1,0.171427116963759,43.62
"28143",0,0,0,0,0.0782746378038931,2.55
"28145",0,0,0,0,0.151322599408323,32.68
"28147",0.00444292549555707,7.68600159238884,1,1,0.173963211012272,44.73
"28149",0,0,0,0,0.179561747420237,48.04
"28151",0,0,0,0,0.231459251976113,71.91
"28153",0,0,0,0,0.171008426698326,43.27
"28155",0,0,0,0,0.150918725833246,32.42
"28157",0,0,0,0,0.118806822869551,15.24
"28159",0,0,0,0,0.162760280286233,38.5
"28161",0,0,0,0,0.122691347920308,17.02
"28163",0,0,0,0,0.144921460083984,28.79
"29001",0,0,0,0,0.187956047860605,52.12
"29003",0,0,0,0,0.197653253307838,57.11
"29005",0,0,0,0,0.10949090439373,11.2
"29007",0,0,0,0,0.212283990344023,64.17
"29009",0,0,0,0,0.191802667529592,53.64
"29011",0,0,0,0,0.157612123796344,35.76
"29013",0,0,0,0,0.19723818455752,56.89
"29015",0,0,0,0,0.186017004952588,51.22
"29017",0,0,0,0,0.173385701512336,44.38
"29019",5.45831665514355e-05,0.094425689886424,1,0,0.242993917485713,75.76
"29021",0,0,0,0,0.251382310271381,78.33
"29023",0,0,0,0,0.241721074716646,75.31
"29025",0,0,0,0,0.148879177703095,31.31
"29027",0,0,0,0,0.202936595735455,60.07
"29029",5.01303388810908e-05,0.0867225581100467,1,0,0.261143437156162,80.81
"29031",0.00093739100104639,1.62163167803248,1,1,0.3135076644198,91.66
"29033",0,0,0,0,0.127185190336142,19.15
"29035",0,0,0,0,0.132907536563565,21.89
"29037",0.00161943319838057,2.80152484077605,1,1,0.274613634379209,83.93
"29039",0.0102611940298507,17.7512663068762,1,1,0.184217549504855,50.14
"29041",0,0,0,0,0.148198550997319,30.89
"29043",0,0,0,0,0.329611233172469,94.02
"29045",0,0,0,0,0.133419011990642,22.11
"29047",0.00100391852067748,1.73672040106725,1,1,0.309576993236397,90.84
"29049",0,0,0,0,0.18802824784231,52.15
"29051",0.00176772444093569,3.05806002858323,1,1,0.200489221720966,58.86
"29053",0,0,0,0,0.185495614407196,50.94
"29055",0,0,0,0,0.193256866807948,54.41
"29057",0,0,0,0,0.116470050925689,14
"29059",0,0,0,0,0.188602221046368,52.43
"29061",0,0,0,0,0.168828607778402,42.16
"29063",0,0,0,0,0.135376803931348,23.23
"29065",0,0,0,0,0.165768571753381,40.57
"29067",0.000306654400490647,0.530494200913588,1,0,0.166239756946267,40.79
"29069",0,0,0,0,0.162341962959996,38.31
"29071",0.00597136459252222,10.3301119527564,1,1,0.332325106105555,94.5
"29073",0,0,0,0,0.187542295033848,51.92
"29075",0,0,0,0,0.126583656788553,18.77
"29077",0.00099656568134429,1.72400041850621,1,1,0.336378355405662,94.97
"29079",0,0,0,0,0.156177181670691,35.09
"29081",0,0,0,0,0.137141715267851,24.44
"29083",0,0,0,0,0.189121983519363,52.62
"29085",0,0,0,0,0.157893674023424,35.95
"29087",0,0,0,0,0.114056670474571,13.2
"29089",0,0,0,0,0.13783138320688,24.75
"29091",0,0,0,0,0.277070565350044,84.38
"29093",0,0,0,0,0.14345149008622,28.03
"29095",0.000279468389019998,0.483463989026609,1,0,0.327338524569404,93.8
"29097",0.000122948300239749,0.212693377903635,1,0,0.327508218150151,93.86
"29099",0.000342342650759145,0.592232789298099,1,0,0.342383271666097,95.61
"29101",0,0,0,0,0.151835120791166,33.06
"29103",0,0,0,0,0.137847868646973,24.79
"29105",0,0,0,0,0.218298969807879,66.66
"29107",0.00200267022696929,3.46450251504515,1,1,0.219479356002468,67.23
"29109",0.000354893088457102,0.613944313434198,1,0,0.229105354213882,71.05
"29111",0,0,0,0,0.136735734476036,24.02
"29113",0.00115488258693699,1.99787941776118,1,1,0.25598115917171,79.48
"29115",0.0291526845637584,50.4324414630685,1,1,0.144338335710926,28.54
"29117",0.00746590093323762,12.9155725250996,1,1,0.216459149532662,65.73
"29119",0,0,0,0,0.160566611991314,37.16
"29121",0,0,0,0,0.176601170682426,46.23
"29123",0,0,0,0,0.153577279158235,33.95
"29125",0,0,0,0,0.16728040096452,41.43
"29127",0,0,0,0,0.216513081243217,65.77
"29129",0,0,0,0,0.10055201742742,7.73
"29131",0,0,0,0,0.202389770932196,59.91
"29133",0,0,0,0,0.117743278475179,14.73
"29135",0,0,0,0,0.167885649208047,41.65
"29137",0,0,0,0,0.145365250601166,29.24
"29139",0,0,0,0,0.162289038800836,38.21
"29141",0,0,0,0,0.240686760299842,75.02
"29143",0,0,0,0,0.119551570389471,15.53
"29145",8.22909809084924e-05,0.142358590287954,1,0,0.216243386656836,65.64
"29147",0,0,0,0,0.164049128305182,39.36
"29149",0,0,0,0,0.139480559896057,25.64
"29151",0,0,0,0,0.147018557149628,30.32
"29153",0,0,0,0,0.178509675662473,47.38
"29155",0,0,0,0,0.127243457100753,19.22
"29157",0,0,0,0,0.181675673838819,48.81
"29159",0.00572763929618768,9.90848142629222,1,1,0.245151180298419,76.3
"29161",0,0,0,0,0.218770330310855,66.94
"29163",0,0,0,0,0.166347007441291,40.92
"29165",0.000575320602045172,0.995271036589566,1,0,0.28477576386136,86.03
"29167",0,0,0,0,0.241006979543372,75.15
"29169",0,0,0,0,0.108097343777214,10.66
"29171",0,0,0,0,0.118516536087247,15.14
"29173",0,0,0,0,0.149298987034795,31.56
"29175",0.0104321907600596,18.0470806620782,1,1,0.195183568221807,55.71
"29177",0,0,0,0,0.155760140078846,34.87
"29179",0,0,0,0,0.116797545918027,14.09
"29181",0,0,0,0,0.152129898161526,33.22
"29183",0.00116516005765057,2.01565884178018,1,1,0.336365588628134,94.94
"29185",0,0,0,0,0.153388238054858,33.76
"29186",0,0,0,0,0.170596863580107,43.18
"29187",0.00223459306884115,3.86571548467991,1,1,0.249790484017718,77.89
"29189",0.000293977250235764,0.508563471455392,1,0,0.321693743062515,93.1
"29195",0,0,0,0,0.151967066320234,33.15
"29197",0,0,0,0,0.129280712586951,20.27
"29199",0,0,0,0,0.164889285715906,39.83
"29201",0.00369024014100022,6.38389989397484,1,1,0.236218952724347,73.69
"29203",0,0,0,0,0.139582328059038,25.71
"29205",0,0,0,0,0.117410985250305,14.44
"29207",0,0,0,0,0.178493033755914,47.31
"29209",0,0,0,0,0.215180028253409,65.26
"29211",0,0,0,0,0.087472725949762,4.36
"29213",0,0,0,0,0.209947940937697,63.12
"29215",0,0,0,0,0.188136829352706,52.21
"29217",0,0,0,0,0.195736225259186,56.16
"29219",0,0,0,0,0.234195402955889,72.83
"29221",0,0,0,0,0.19571293628848,56.12
"29223",0,0,0,0,0.141301853008642,26.82
"29225",0,0,0,0,0.233844967341194,72.67
"29227",0,0,0,0,0.122674133361795,16.99
"29229",0,0,0,0,0.208306558887719,62.42
"29510",0.000215653097110249,0.373067261526322,1,0,0.214929997891209,65.1
"30001",0,0,0,0,0.173690364057358,44.61
"30003",0,0,0,0,0.101808315749052,8.24
"30005",0,0,0,0,0.125939783498739,18.39
"30007",0,0,0,0,0.181774213658215,48.9
"30009",0,0,0,0,0.231870065505707,72.13
"30011",0,0,0,0,0.0879293201147245,4.42
"30013",0.00466379895856916,8.0680997819995,1,1,0.306071738530691,90.36
"30015",0,0,0,0,0.120193244860026,15.72
"30017",0,0,0,0,0.201331843258051,59.37
"30019",0,0,0,0,0.08978124421505,4.77
"30021",0,0,0,0,0.207497801846066,62.01
"30023",0.00317965023847377,5.50060918657937,1,1,0.167470930117697,41.55
"30025",0,0,0,0,0.141751309239113,27.04
"30027",0.0207506315409599,35.8973805044405,1,1,0.234427106675659,72.89
"30029",0.000166397657120988,0.287858227395579,1,0,0.379423591769891,98.85
"30031",0.00133215948845076,2.30455810249067,1,1,0.378845695486392,98.76
"30033",0,0,0,0,0.0883036083896672,4.52
"30035",0,0,0,0,0.116060624509477,13.81
"30037",0,0,0,0,0.100930792037462,7.95
"30039",0,0,0,0,0.140125654231111,26.19
"30041",0,0,0,0,0.188463117215214,52.34
"30043",0,0,0,0,0.215105897640824,65.19
"30045",0,0,0,0,0.102583923450295,8.46
"30047",0.000163907556138338,0.283550498144437,1,0,0.234446405785513,72.92
"30049",0.000178806910887106,0.309325511576266,1,0,0.285449851255962,86.32
"30051",0,0,0,0,0.0897009623955922,4.74
"30053",0,0,0,0,0.269247318499951,82.72
"30055",0,0,0,0,0.112333228669392,12.41
"30057",0,0,0,0,0.196030207037545,56.35
"30059",0,0,0,0,0.1054276854839,9.67
"30061",0,0,0,0,0.134196116909134,22.62
"30063",1.3321077941627e-05,0.0230446867439184,1,0,0.391209223861402,99.33
"30065",0,0,0,0,0.136201093743065,23.77
"30067",0,0,0,0,0.253400789218646,78.94
"30069",0,0,0,0,0.0645304380486293,1.18
"30071",0,0,0,0,0.156698942125758,35.28
"30073",0,0,0,0,0.161546797510862,37.93
"30075",0,0,0,0,0.108110544967301,10.69
"30077",0,0,0,0,0.135538753191512,23.39
"30079",0,0,0,0,0.0832618283389622,3.44
"30081",0.000112183082791115,0.194070180522685,1,0,0.333613448933419,94.62
"30083",0,0,0,0,0.212874227431673,64.33
"30085",0,0,0,0,0.121147291716985,16.32
"30087",0,0,0,0,0.0919647755017721,5.31
"30089",0.00861862580799617,14.9097192268259,1,1,0.225202804688022,69.17
"30091",0.00192184497117233,3.32467954358593,1,1,0.155621936660309,34.78
"30093",0.00180318015408994,3.11939634134277,1,1,0.285289332366626,86.26
"30095",0,0,0,0,0.153500382275169,33.88
"30097",0,0,0,0,0.16049030878791,37.1
"30099",0,0,0,0,0.161349166695011,37.7
"30101",0,0,0,0,0.116949537905072,14.25
"30103",0,0,0,0,0.0809432138724336,3.12
"30105",0,0,0,0,0.16334956090989,38.91
"30107",0,0,0,0,0.0771951176841617,2.35
"30109",0,0,0,0,0.116860457872585,14.19
"30111",0.000531365916963857,0.919231998828124,1,0,0.41480860986919,99.81
"31001",0,0,0,0,0.235379305330565,73.31
"31003",0,0,0,0,0.111126350776665,11.87
"31005",0,0,0,0,0.0506611210296477,0.54
"31007",0,0,0,0,0.0850794685703021,3.98
"31009",0,0,0,0,0.0601534628276408,0.89
"31011",0,0,0,0,0.114913992758715,13.39
"31013",0,0,0,0,0.125721916320196,18.33
"31015",0,0,0,0,0.0871534266290876,4.33
"31017",0,0,0,0,0.106919755272522,10.24
"31019",0,0,0,0,0.271528308223191,83.26
"31021",0,0,0,0,0.12231141076232,16.8
"31023",0,0,0,0,0.102255417884159,8.37
"31025",0.00339292705206838,5.86956561642431,1,1,0.224829412619537,69.01
"31027",0,0,0,0,0.135109432508896,23.1
"31029",0,0,0,0,0.115874682705272,13.74
"31031",0,0,0,0,0.133737305614047,22.4
"31033",0,0,0,0,0.152396217354285,33.34
"31035",0,0,0,0,0.10355996785324,8.97
"31037",0,0,0,0,0.0984277926632589,7.13
"31039",0,0,0,0,0.145522718269973,29.34
"31041",0,0,0,0,0.134683954560179,22.84
"31043",0,0,0,0,0.131900228501873,21.44
"31045",0,0,0,0,0.140816156077975,26.5
"31047",0,0,0,0,0.146951609549051,30.26
"31049",0,0,0,0,0.0744224975598405,2.07
"31051",0,0,0,0,0.102073953605182,8.3
"31053",0.00177833317312314,3.07641251560275,1,1,0.244076391181999,75.98
"31055",0.000617709061660507,1.06860059577938,1,1,0.306493679555932,90.42
"31057",0,0,0,0,0.0811658996178459,3.18
"31059",0,0,0,0,0.123080776329514,17.18
"31061",0,0,0,0,0.0958203451915183,6.33
"31063",0,0,0,0,0.0678061997324631,1.59
"31065",0,0,0,0,0.0908638219969688,5
"31067",0,0,0,0,0.206700430659893,61.66
"31069",0,0,0,0,0.0787517374116359,2.67
"31071",0,0,0,0,0.117591000185751,14.6
"31073",0,0,0,0,0.080294186886306,2.96
"31075",0,0,0,0,0.075436311176835,2.16
"31077",0,0,0,0,0.100715793455821,7.83
"31079",0,0,0,0,0.264432215153465,81.67
"31081",0,0,0,0,0.164691626174609,39.71
"31083",0,0,0,0,0.0942593312455769,5.85
"31085",0,0,0,0,0.111723476239493,12.09
"31087",0,0,0,0,0.091066622494414,5.09
"31089",0,0,0,0,0.166362671692073,40.95
"31091",0,0,0,0,0.0955832909173144,6.24
"31093",0,0,0,0,0.142042516072372,27.27
"31095",0,0,0,0,0.129430078132211,20.36
"31097",0,0,0,0,0.0924964070446703,5.41
"31099",0,0,0,0,0.120380482025239,15.78
"31101",0,0,0,0,0.176519794337831,46.13
"31103",0,0,0,0,0.0984565432273739,7.16
"31105",0,0,0,0,0.0851055085544463,4.01
"31107",0,0,0,0,0.135676823391784,23.45
"31109",0.00113616853671592,1.96550520398175,1,1,0.309083087488266,90.8
"31111",0,0,0,0,0.238766168938061,74.55
"31113",0,0,0,0,0.0752230981167802,2.13
"31115",0,0,0,0,0.0772867581200255,2.39
"31117",0,0,0,0,0.0495540870139217,0.51
"31119",0.0195478289258896,33.8166022370569,1,1,0.285065695370276,86.16
"31121",0,0,0,0,0.16096245886422,37.45
"31123",0,0,0,0,0.0956260562351686,6.3
"31125",0,0,0,0,0.0867145652297053,4.3
"31127",0,0,0,0,0.0929178875872473,5.54
"31129",0,0,0,0,0.11316268848016,12.69
"31131",0.00122783083219645,2.12407562109317,1,1,0.171227456936207,43.43
"31133",0,0,0,0,0.114504840601065,13.3
"31135",0,0,0,0,0.0927959299158659,5.5
"31137",0,0,0,0,0.127450162131752,19.41
"31139",0,0,0,0,0.157025030682389,35.44
"31141",0.0282164574128352,48.8128231777677,1,1,0.220136037277034,67.64
"31143",0,0,0,0,0.116480170460504,14.03
"31145",0,0,0,0,0.166669558152816,41.14
"31147",0,0,0,0,0.151359503930754,32.71
"31149",0,0,0,0,0.0805453032384897,3.09
"31151",0,0,0,0,0.124925459258697,17.91
"31153",0.000415726950538886,0.719183341479868,1,0,0.257655649572937,79.96
"31155",0.002356329362482,4.07631216196175,1,1,0.215600300402816,65.38
"31157",0.00630743298352455,10.9114906391598,1,1,0.260803135870127,80.75
"31159",0,0,0,0,0.175207523590613,45.53
"31161",0,0,0,0,0.111019467062017,11.84
"31163",0,0,0,0,0.101403491337827,8.15
"31165",0,0,0,0,0.106243461866246,9.9
"31167",0,0,0,0,0.0971271407082757,6.9
"31169",0,0,0,0,0.104584238855413,9.2
"31171",0,0,0,0,0.116455545765076,13.97
"31173",0,0,0,0,0.0737337678242449,1.91
"31175",0,0,0,0,0.126604437510329,18.8
"31177",0.000101884870096791,0.17625487408856,1,0,0.192343293727575,53.9
"31179",0.000399520575309628,0.691147258960932,1,0,0.105095694478385,9.58
"31181",0,0,0,0,0.0948353335548679,6.01
"31183",0,0,0,0,0.0489288115328112,0.48
"31185",0.00936141758609161,16.1947056158535,1,1,0.187196651221745,51.7
"32001",0.016013598139202,27.7025894134084,1,1,0.186003582730295,51.19
"32003",0.00022509237168338,0.389396655182064,1,0,0.301118421523266,89.72
"32005",0,0,0,0,0.236127664511856,73.56
"32007",4.14851690520639e-05,0.0717669192772957,1,0,0.239124387775155,74.64
"32009",0,0,0,0,0.081241262712512,3.21
"32011",0,0,0,0,0.0147725063716744,0.03
"32013",0,0,0,0,0.148849195656157,31.28
"32015",0,0,0,0,0.0640462490086974,1.11
"32017",0.00565326633165829,9.77982054184228,1,1,0.117834778186421,14.83
"32019",0.0118688650798743,20.5324433180313,1,1,0.244231282277956,76.01
"32021",0,0,0,0,0.0906912440133677,4.96
"32023",0,0,0,0,0.21730668937684,66.21
"32027",0,0,0,0,0.0632516020212546,0.99
"32029",0.00197989643618641,3.42510518722658,1,1,0.0902535392633666,4.87
"32031",0.000444796260695842,0.769471550089136,1,0,0.380629834581946,98.92
"32033",0,0,0,0,0.114588213526976,13.33
"32510",0.00148355004799721,2.56645492765919,1,1,0.246546605656776,76.77
"33001",0,0,0,0,0.300317036424261,89.5
"33003",0,0,0,0,0.308771431827547,90.71
"33005",0.000449274141465195,0.777218022263426,1,0,0.29206388969573,87.94
"33007",0.00190951821386604,3.30335497346207,1,1,0.229880301648254,71.33
"33009",0.000502994388468854,0.870150911736035,1,0,0.201699880670711,59.5
"33011",0.000192949707434397,0.333791723510725,1,0,0.348290719450037,96.28
"33013",0.000346772702052894,0.599896519273354,1,0,0.327130520917632,93.76
"33015",0.00101126676874557,1.74943244100784,1,1,0.385307744209976,99.17
"33017",1.84179022009393e-05,0.0318618950028403,1,0,0.286278883182212,86.61
"33019",0.00595055518066376,10.2941128857361,1,1,0.256874801825914,79.7
"34001",9.53540569483768e-05,0.16495694881196,1,0,0.22687221666084,70.03
"34003",7.75011982093144e-05,0.134072545993514,1,0,0.356705204081561,97.33
"34005",0.000136036491788922,0.235335184791693,1,0,0.297026655651078,88.64
"34007",1.75346308960196e-05,0.0303338872379311,1,0,0.347257014901009,96.15
"34009",0.000126121959935257,0.218183623800796,1,0,0.247243565789902,77.16
"34011",0.000910676524611419,1.57541719421448,1,1,0.263892567204667,81.51
"34013",0.000173317625900184,0.299829369182533,1,0,0.261504931973218,80.94
"34015",9.53540569483768e-05,0.16495694881196,1,0,0.325701118363831,93.67
"34017",2.59554863409253e-05,0.0449014752885397,1,0,0.237004665473752,74.01
"34019",0.000625,1.08121349323701,1,1,0.318859364902984,92.46
"34021",0.000238927940718169,0.413331381465306,1,0,0.180110069133734,48.2
"34023",0.000746205014497697,1.29089108863364,1,1,0.305825142200602,90.3
"34025",0.000267243739326546,0.46231605910876,1,0,0.351694025696136,96.69
"34027",0.000174811770659224,0.302414152341451,1,0,0.26584680282467,82.02
"34029",0.000356041374782098,0.615930781704094,1,0,0.357425410111315,97.39
"34031",0.000404406495075455,0.699599614765228,1,0,0.424043511262247,99.87
"34033",0,0,0,0,0.208194365591878,62.39
"34035",0.000100982900228895,0.1746945189019,1,0,0.242683625007068,75.63
"34037",2.24200165908123e-05,0.0387853191305341,1,0,0.319969946955931,92.52
"34039",0.000139696238290739,0.241666332471039,1,0,0.360527034133845,97.61
"34041",0.00203393459294546,3.51858804200664,1,1,0.31228636590594,91.41
"35001",0.000201569659114696,0.348703736419189,1,0,0.311878453958514,91.35
"35003",0,0,0,0,0.125535362782625,18.1
"35005",0,0,0,0,0.245589249899096,76.42
"35006",0,0,0,0,0.130673080712787,20.87
"35007",0,0,0,0,0.146851128116412,30.16
"35009",0,0,0,0,0.185330718482154,50.91
"35011",0,0,0,0,0.107360157688901,10.44
"35013",1.07239755922316e-05,0.0185518513783441,1,0,0.265919592667234,82.06
"35015",0.000372930950400184,0.645148760989408,1,0,0.223446257478649,68.5
"35017",0,0,0,0,0.175047097957598,45.43
"35019",0,0,0,0,0.0762357042100231,2.29
"35021",0,0,0,0,0.0639360552997252,1.08
"35023",0,0,0,0,0.119751668470527,15.56
"35025",2.68103702512132e-05,0.0463803745188668,1,0,0.16792877507063,41.71
"35027",0,0,0,0,0.237773227693221,74.2
"35028",0,0,0,0,0.0337561251971563,0.16
"35029",0,0,0,0,0.159675607695036,36.84
"35031",0.000222866057499443,0.385545261684692,1,0,0.200611356142149,58.92
"35033",0,0,0,0,0.127023231759153,19.09
"35035",0.00011762399529504,0.20348264134631,1,0,0.165517048651323,40.38
"35037",0,0,0,0,0.145633676850859,29.37
"35039",9.22934933087217e-05,0.159662352485391,1,0,0.163052407384459,38.66
"35041",0,0,0,0,0.133808864960172,22.46
"35043",0.00302186689509125,5.22765321878221,1,1,0.25683871088319,79.67
"35045",9.75115063577502e-05,0.168689210271785,1,0,0.272287033026733,83.52
"35047",0,0,0,0,0.157749530541366,35.89
"35049",4.06790692628953e-05,0.0703724137269843,1,0,0.276808836309452,84.31
"35051",0,0,0,0,0.12865347743434,20.01
"35053",0,0,0,0,0.110875159633261,11.71
"35055",7.6080340839927e-05,0.131614545737919,1,0,0.242883246532647,75.69
"35057",0,0,0,0,0.169467658684603,42.57
"35059",0.000679347826086957,1.17523205786631,1,1,0.132268158202966,21.6
"35061",0,0,0,0,0.226421209891818,69.87
"36001",0,0,0,0,0.232248198587745,72.19
"36003",6.37064407211569e-05,0.110208421302109,1,0,0.188294662682207,52.31
"36005",9.36015537857928e-05,0.161925220705838,1,0,0.183638319324838,49.83
"36007",0.000100841466010824,0.174449845965926,1,0,0.277324428470563,84.44
"36009",0.000573955906681522,0.992910193323428,1,0,0.222584034820152,68.18
"36011",3.67295967090281e-05,0.0635400569007277,1,0,0.233004725025383,72.41
"36013",0.000791186185889194,1.36870588775379,1,1,0.274211571308519,83.87
"36015",0.00838604020781568,14.5073597240294,1,1,0.291280061507614,87.72
"36017",0.000644676050284732,1.11525191093535,1,1,0.182540375814242,49.35
"36019",0.00209565367170006,3.62535844319006,1,1,0.225317995594842,69.39
"36021",0.000646621403168445,1.11861725779451,1,1,0.260257165721382,80.5
"36023",0,0,0,0,0.202167577995926,59.78
"36025",0,0,0,0,0.213419728991362,64.43
"36027",7.05356792977781e-05,0.122022605138234,1,0,0.268887875346419,82.63
"36029",0.000344763249048859,0.596420282950172,1,0,0.330687279559326,94.27
"36031",0,0,0,0,0.208720503262467,62.62
"36033",0,0,0,0,0.144145071585719,28.44
"36035",0,0,0,0,0.210960902593859,63.54
"36037",0,0,0,0,0.237867572279065,74.26
"36039",0.000248771689781703,0.430360492363757,1,0,0.233153884442311,72.48
"36041",0,0,0,0,0.142371473281204,27.43
"36043",0,0,0,0,0.234879075117593,73.08
"36045",0,0,0,0,0.179835035110329,48.08
"36047",0.000167776709333083,0.290243907170932,1,0,0.220382113248103,67.67
"36049",0.000125944584382872,0.21787677445582,1,0,0.165673454026971,40.44
"36051",0,0,0,0,0.230670163567436,71.65
"36053",0,0,0,0,0.220020160235419,67.52
"36055",0.000362101964957398,0.626415248703316,1,0,0.282463618218587,85.36
"36057",0,0,0,0,0.183218284756024,49.7
"36059",0.000160734787600459,0.278061793897922,1,0,0.321747989590425,93.13
"36061",2.66054083474089e-06,0.00460258023972784,1,0,0.178262535826336,47.15
"36063",0.00103035479453912,1.78245361068343,1,1,0.321632066009738,93.03
"36065",0.000544858475319758,0.942573336672425,1,0,0.267824244465624,82.41
"36067",0.000445727063942947,0.771081785337646,1,0,0.313702274460768,91.7
"36069",0.00116850534419356,2.02144599209861,1,1,0.283226801697341,85.65
"36071",0.000692877675595818,1.19863790722703,1,1,0.347908611180772,96.21
"36073",0,0,0,0,0.169193511263089,42.38
"36075",0.00184219476249858,3.18688933501442,1,1,0.264170346300425,81.61
"36077",3.96510705789056e-05,0.0685940360499291,1,0,0.206708834793812,61.69
"36079",0,0,0,0,0.297533294797594,88.83
"36081",0.000238148105111901,0.4119823114173,1,0,0.253027104047346,78.81
"36083",0,0,0,0,0.256089546062376,79.51
"36085",0,0,0,0,0.234022540493242,72.73
"36087",0,0,0,0,0.255565779835961,79.41
"36089",0.00237216657880865,4.10370962114204,1,1,0.212144035411653,64.05
"36091",0.00105610298000379,1.82699646756465,1,1,0.336860452607633,95.04
"36093",0.00373587074525832,6.4628381740203,1,1,0.238510746715767,74.45
"36095",0,0,0,0,0.170247318698018,42.98
"36097",0.000176397953783736,0.305158156496598,1,0,0.152007368989299,33.18
"36099",0.0063514467184192,10.9876318296492,1,1,0.194120170928482,55.14
"36101",2.66035276277634e-05,0.0460225488621462,1,0,0.19591366321457,56.25
"36103",0.00057344852559115,0.99203245367363,1,0,0.397640826026658,99.43
"36105",0.000471267414803688,0.81526510049387,1,0,0.187716057549595,51.99
"36107",0,0,0,0,0.188577495223271,52.37
"36109",0,0,0,0,0.178182312081766,47.09
"36111",0.000324939073923639,0.562125617929882,1,0,0.342603621223167,95.67
"36113",0,0,0,0,0.234601616220192,72.99
"36115",0,0,0,0,0.214506240197671,64.84
"36117",3.18694626808592e-05,0.0551323089164132,1,0,0.228874136881558,71.01
"36119",9.60650903638361e-05,0.166186995088659,1,0,0.305927321525763,90.33
"36121",0.00261761584718783,4.52832251854481,1,1,0.193965463959892,55.04
"36123",0,0,0,0,0.218732626303232,66.88
"37001",0.00123648837302062,2.13905266102491,1,1,0.291418317755626,87.75
"37003",0.000585765888899736,1.01334077273018,1,1,0.225205621088495,69.2
"37005",0,0,0,0,0.156352826816029,35.13
"37007",0,0,0,0,0.151093919748347,32.55
"37009",0,0,0,0,0.216316004779554,65.7
"37011",0,0,0,0,0.177324895378865,46.61
"37013",0.00206847749169887,3.57834523917098,1,1,0.246795541330137,76.84
"37015",0,0,0,0,0.126731480871269,18.96
"37017",0,0,0,0,0.128762984554549,20.14
"37019",2.06466531775199e-05,0.0357175040091508,1,0,0.30958082723948,90.87
"37021",0.000645468355750862,1.11662255311254,1,1,0.355711321635861,97.23
"37023",3.03204875534399e-05,0.0524526724228863,1,0,0.192811555658003,54.09
"37025",0.000827450940331593,1.43144179468507,1,1,0.316177757937697,92.2
"37027",0.00209409465307832,3.622661432038,1,1,0.241090888003413,75.18
"37029",0,0,0,0,0.18727378715315,51.8
"37031",0.000239602943693308,0.414499097184819,1,0,0.28580045782959,86.48
"37033",0,0,0,0,0.174371145269863,44.99
"37035",0.0007599486521181,1.31466677893979,1,1,0.289788042401229,87.43
"37037",0.00149582050153982,2.58768209556063,1,1,0.266183305594261,82.12
"37039",0,0,0,0,0.23824674605153,74.39
"37041",0.0143100511073254,24.7555525538422,1,1,0.165311283298762,40.12
"37043",0,0,0,0,0.190683081974496,53.17
"37045",0.00508009042074816,8.78825969564316,1,1,0.24884798923431,77.66
"37047",0.000120076849183477,0.207725935300098,1,0,0.201133456842326,59.24
"37049",0,0,0,0,0.221663514833275,68.06
"37051",0.000245281006718567,0.424321814558194,1,0,0.142574460885388,27.52
"37053",0.00180709283939462,3.12616505837671,1,1,0.248605423187353,77.54
"37055",0,0,0,0,0.228578270728394,70.79
"37057",0.00541627114858451,9.3698327182078,1,1,0.324108539030834,93.48
"37059",0,0,0,0,0.201174332056109,59.27
"37061",0.000988397077782553,1.70986921147924,1,1,0.172391118795767,43.91
"37063",0.000121273765746029,0.209796531040433,1,0,0.146727200833572,30.03
"37065",0.00331069124950054,5.72730248144268,1,1,0.178282515957451,47.18
"37067",0.00144878925939384,2.50632079378155,1,1,0.282775420878732,85.4
"37069",5.89448865310934e-05,0.101971210679588,1,0,0.273886589715194,83.84
"37071",0.0066010255955875,11.4193887090433,1,1,0.293814174824673,88.23
"37073",0,0,0,0,0.146787703446509,30.07
"37075",0,0,0,0,0.166558660602367,41.08
"37077",0.00307152259763054,5.31355468374484,1,1,0.166252716615294,40.82
"37079",0.000185082361650935,0.32018167484346,1,0,0.143782606770513,28.25
"37081",0.000251791654995074,0.435584855784243,1,0,0.353006023442799,96.95
"37083",0.0022919605077574,3.96495780312584,1,1,0.23614123923575,73.59
"37085",0.00143416295676596,2.48101814456967,1,1,0.264356814552366,81.64
"37087",0,0,0,0,0.288510381325597,87.11
"37089",0.000808790168267808,1.39915974900573,1,1,0.312426942687139,91.54
"37091",0,0,0,0,0.178163753980448,47.06
"37093",0,0,0,0,0.194096566007947,55.07
"37095",0,0,0,0,0.145699443953837,29.4
"37097",0.000606863069623745,1.04983766307908,1,1,0.374121369327439,98.5
"37099",0,0,0,0,0.177806286176357,46.9
"37101",0.00130255749460769,2.25334838221892,1,1,0.321635187880718,93.06
"37103",0,0,0,0,0.169173601466614,42.32
"37105",6.44849266483959e-05,0.111555156484231,1,0,0.216975226639428,66.02
"37107",0.00210850956696878,3.64759839108155,1,1,0.185051682414642,50.72
"37109",0.000466650074664012,0.807277371754859,1,0,0.294900414472692,88.36
"37111",0,0,0,0,0.195132115285704,55.68
"37113",0.00118392645727418,2.04812361696822,1,1,0.258591599145378,80.18
"37115",0,0,0,0,0.200101430147818,58.57
"37117",0.00219148061909327,3.79113346484966,1,1,0.210547054468701,63.28
"37119",0.000713112929259197,1.2336437141069,1,1,0.32982071571623,94.11
"37121",0.00102232066791617,1.76855504090565,1,1,0.167217059952372,41.33
"37123",0,0,0,0,0.156135523656247,35.06
"37125",0.000307125307125307,0.531308841885507,1,0,0.268201626307465,82.53
"37127",0.0015745197714697,2.72382723565039,1,1,0.254820692076206,79.29
"37129",0.000386943423343744,0.669389520701721,1,0,0.346473625833513,96.02
"37131",0,0,0,0,0.143342973943993,27.97
"37133",2.00998964855331e-05,0.0347716468685208,1,0,0.133092575782118,22.02
"37135",0.000183841420553471,0.318034919229235,1,0,0.132395239510479,21.67
"37137",0,0,0,0,0.134023696357971,22.49
"37139",0.000523944252331552,0.906392952519759,1,0,0.202797177528751,59.97
"37141",0,0,0,0,0.278064854484929,84.6
"37143",0.0102325581395349,17.7017278892757,1,1,0.193349640843136,54.5
"37145",0,0,0,0,0.226810726720712,70
"37147",0.0010727734477625,1.85583540305152,1,1,0.240954733873851,75.09
"37149",0.000151194436044754,0.261557542966316,1,0,0.216567650847277,65.83
"37151",0.00165226738862125,2.85832607202044,1,1,0.292534533368761,88.04
"37153",6.31074088097943e-05,0.109172131085398,1,0,0.193843947680008,54.88
"37155",0.000565393400728227,0.978097558167228,1,0,0.22430195884489,68.88
"37157",0.00010558547143913,0.182656698255645,1,0,0.224365662359863,68.92
"37159",0.000758686093628761,1.31248262650031,1,1,0.298796893278411,89.02
"37161",0.000189420845764076,0.327686998944777,1,0,0.254635276674228,79.16
"37163",4.5597555971e-05,0.0788811084391597,1,0,0.200352534007018,58.83
"37165",0.000149666990945147,0.258915152163318,1,0,0.177392659331708,46.68
"37167",3.84630178083772e-05,0.0665387741520525,1,0,0.264638344468318,81.8
"37169",0.000211528291909043,0.365931589461494,1,0,0.202814415662595,60.01
"37171",6.12838976558909e-05,0.106017563301928,1,0,0.254683791092495,79.19
"37173",0,0,0,0,0.0832691650871083,3.47
"37175",0,0,0,0,0.214448336664752,64.78
"37177",0,0,0,0,0.102984083630291,8.69
"37179",0.000505027317386713,0.873667760018885,1,0,0.34917042938991,96.34
"37181",0.000254307330408799,0.439936827307321,1,0,0.209031381158879,62.68
"37183",0.000356101177073735,0.616034236175525,1,0,0.332585012384911,94.53
"37185",0,0,0,0,0.154358046488829,34.27
"37187",0,0,0,0,0.175982028886898,45.82
"37189",0.000411296956402523,0.711519710383553,1,0,0.214450691349276,64.81
"37191",1.91222870255283e-05,0.0330804396056834,1,0,0.233550159266961,72.64
"37193",4.51385754265595e-05,0.0780870989067081,1,0,0.240247059134103,74.9
"37195",0,0,0,0,0.247812947379229,77.31
"37197",0.000255275697753574,0.44161204625065,1,0,0.193117025148562,54.25
"37199",0.000177399325882562,0.3068904717366,1,0,0.196189349669124,56.44
"38001",0,0,0,0,0.0811178693183361,3.15
"38003",0,0,0,0,0.154565393456624,34.43
"38005",0,0,0,0,0.0558802428800179,0.76
"38007",0,0,0,0,0.0724782835726822,1.75
"38009",0,0,0,0,0.143181090407622,27.9
"38011",0,0,0,0,0.123486539399949,17.34
"38013",0,0,0,0,0.0970851937244894,6.87
"38015",1.53428356628872e-05,0.0265422095091706,1,0,0.300675436462904,89.66
"38017",0.00110414336876973,1.91010353405119,1,1,0.340718770480686,95.55
"38019",0,0,0,0,0.0950945872171114,6.05
"38021",0,0,0,0,0.112113801028725,12.28
"38023",0,0,0,0,0.109499557336377,11.23
"38025",0,0,0,0,0.0991622879636495,7.32
"38027",0,0,0,0,0.104793737263373,9.42
"38029",0,0,0,0,0.121584341186737,16.48
"38031",0,0,0,0,0.111361010848762,11.96
"38033",0,0,0,0,0.0777063393729173,2.48
"38035",0.000755984880302394,1.30780968522578,1,1,0.253365868366867,78.87
"38037",0,0,0,0,0.0824035383825275,3.25
"38039",0,0,0,0,0.102933013841466,8.65
"38041",0.0216572504708098,37.4657782967249,1,1,0.0933384238575503,5.66
"38043",0,0,0,0,0.0979546645166899,7.06
"38045",0,0,0,0,0.127580049504231,19.57
"38047",0,0,0,0,0.0922870456349228,5.35
"38049",0.000938086303939962,1.62283451142515,1,1,0.136506576034614,23.96
"38051",0,0,0,0,0.107157880363929,10.34
"38053",0,0,0,0,0.124574959477735,17.79
"38055",0,0,0,0,0.125698806592361,18.29
"38057",0,0,0,0,0.110921821235875,11.8
"38059",0,0,0,0,0.26189256748033,81.1
"38061",0,0,0,0,0.139309608240279,25.55
"38063",0,0,0,0,0.0878798760809536,4.39
"38065",0,0,0,0,0.0964695070149613,6.59
"38067",0,0,0,0,0.112785054155391,12.54
"38069",0,0,0,0,0.130837420790209,20.97
"38071",0,0,0,0,0.184008647002636,50.02
"38073",0,0,0,0,0.102899900155319,8.62
"38075",0,0,0,0,0.115429188560485,13.65
"38077",0,0,0,0,0.16413894486157,39.42
"38079",0,0,0,0,0.0975540656630774,6.97
"38081",0.000584795321637427,1.01166174805802,1,1,0.0787710860378819,2.7
"38083",0,0,0,0,0.0669213676131967,1.5
"38085",0,0,0,0,0.0455490202776028,0.29
"38087",0,0,0,0,0.0787509314880384,2.64
"38089",0,0,0,0,0.247165430518381,77.12
"38091",0,0,0,0,0.0899398023418666,4.8
"38093",0,0,0,0,0.192430076462505,53.96
"38095",0,0,0,0,0.0726707423964961,1.78
"38097",0,0,0,0,0.10781998303124,10.59
"38099",0.00108181203515889,1.87147163129597,1,1,0.128187784460024,19.76
"38101",0,0,0,0,0.268741774540895,82.6
"38103",0,0,0,0,0.130233840761871,20.68
"38105",0,0,0,0,0.19208218642981,53.8
"39001",0.000767754318618042,1.3281701260493,1,1,0.208171071828379,62.36
"39003",0.00138678303317185,2.39905364425208,1,1,0.310962973971138,91.19
"39005",9.13909705721075e-05,0.158101040868142,1,0,0.229769728872685,71.27
"39007",5.99286848650106e-05,0.103673124332797,1,0,0.282860147395228,85.43
"39009",0,0,0,0,0.165383314399879,40.22
"39011",0.000953328359446241,1.64920237715004,1,1,0.216975292979722,66.05
"39013",0.000356077802999955,0.615993800393185,1,0,0.275420234611608,84.06
"39015",0.000207792207792208,0.359468382167109,1,0,0.225928498015829,69.65
"39017",0.000544886407864156,0.942621658342671,1,0,0.3432110523048,95.77
"39019",0,0,0,0,0.233377702361619,72.54
"39021",0.0276838886206342,47.8915102750402,1,1,0.200841686135531,59.08
"39023",0.000520130995954537,0.899796241722957,1,0,0.260521343202893,80.66
"39025",0.00190328997266704,3.29258047998448,1,1,0.344164626611451,95.86
"39027",0.00167817414652858,2.90314324996511,1,1,0.176683527439846,46.29
"39029",0.00445632798573975,7.70918711755442,1,1,0.302225775634339,89.85
"39031",0,0,0,0,0.232341294706248,72.22
"39033",0.00013986013986014,0.241949872612477,1,0,0.24793392826664,77.41
"39035",0.000170324969640549,0.294652248656873,1,0,0.330230430836313,94.18
"39037",4.73821369343757e-05,0.081968329266961,1,0,0.250315065408094,78.08
"39039",0.00360073195206895,6.22905595537052,1,1,0.229392186287591,71.11
"39041",0,0,0,0,0.256661435194391,79.61
"39043",0.000200672252044349,0.347151274605772,1,0,0.241887499397144,75.37
"39045",1.8628912071535e-05,0.0322269297537111,1,0,0.299449470921211,89.31
"39047",0.00224646983311938,3.88626159314971,1,1,0.199261982601214,57.87
"39049",0.000882733979894188,1.52707822400064,1,1,0.290572207652283,87.59
"39051",0.000652053970005517,1.12801528110196,1,1,0.216605378284555,65.86
"39053",0,0,0,0,0.16524702529924,40.09
"39055",9.24769963471586e-05,0.159979802023324,1,0,0.289890181214653,87.46
"39057",3.23192277859174e-05,0.055910376277015,1,0,0.169427837427472,42.54
"39059",0.00320996978851964,5.55306023716892,1,1,0.225221703716962,69.23
"39061",0.000197496245792084,0.341656969302487,1,0,0.318178439421203,92.36
"39063",0.00109080992637033,1.88703745751755,1,1,0.229640964267282,71.24
"39065",0.00121614151464898,2.10385378451867,1,1,0.163404549589853,38.94
"39067",0,0,0,0,0.165475545136621,40.34
"39069",0,0,0,0,0.173050235425756,44.13
"39071",0.00015527950310559,0.268624470369443,1,0,0.236984442394383,73.97
"39073",0.00138856746123582,2.40214060057285,1,1,0.203541057376817,60.23
"39075",0.000882081712842308,1.52594984010034,1,1,0.295476556258885,88.42
"39077",0.00393146829995034,6.80121051862379,1,1,0.224975913409701,69.07
"39079",0.000532245187616429,0.920753085698152,1,0,0.199517157302168,58.07
"39081",0.000987675527118135,1.70862097097616,1,1,0.237950526377061,74.32
"39083",4.08363279973865e-05,0.0706444621520423,1,0,0.256533770801695,79.57
"39085",0.000913680285732744,1.58061352550222,1,1,0.356080982493091,97.26
"39087",0.00116527481064284,2.01585735775399,1,1,0.207092337207216,61.76
"39089",0.00103364260576379,1.78814133205835,1,1,0.26185259781332,81.07
"39091",0,0,0,0,0.19116744393663,53.32
"39093",0.000251567806508419,0.435197610977502,1,0,0.316566658064153,92.3
"39095",0.000228908852232328,0.395998943607984,1,0,0.351277146773241,96.6
"39097",0.000430950048971596,0.745518412574783,1,0,0.140167923377805,26.22
"39099",0.0026441544955434,4.5742328300557,1,1,0.371709312607834,98.35
"39101",0,0,0,0,0.205454492223602,61.15
"39103",0.00059624366491106,1.03146671321428,1,1,0.364291835021099,97.87
"39105",0,0,0,0,0.164005381645905,39.33
"39107",0.000132100396301189,0.228525969508482,1,0,0.211312127343634,63.6
"39109",0.000523960266346469,0.906420655830173,1,0,0.264541837580633,81.77
"39111",0,0,0,0,0.180134717837357,48.23
"39113",0.000613436806934377,1.06120984464908,1,1,0.340484505442737,95.48
"39115",0,0,0,0,0.132027047030496,21.51
"39117",0.00138561729250381,2.39703698098824,1,1,0.249391694076323,77.73
"39119",0.000284664354847058,0.492452706406794,1,0,0.279972374998935,84.92
"39121",0,0,0,0,0.169670844625367,42.67
"39123",6.22897720194344e-05,0.107757667196911,1,0,0.197039062935129,56.82
"39125",0,0,0,0,0.13874837477005,25.36
"39127",0,0,0,0,0.185643425497767,51
"39129",0.00312294543063774,5.40251318119741,1,1,0.184272490804812,50.17
"39131",0.00233948531323109,4.04717294063242,1,1,0.164761483338309,39.77
"39133",0.00211210891796204,3.65382505805884,1,1,0.286559876113669,86.67
"39135",7.73933906044424e-05,0.133886045134217,1,0,0.185803320987429,51.13
"39137",0,0,0,0,0.219528836005835,67.26
"39139",0.00164252650440496,2.84147491129929,1,1,0.307382348190853,90.52
"39141",0.00114686008306987,1.98400095467209,1,1,0.228697536229089,70.95
"39143",0.00195039375873997,3.37406727851984,1,1,0.225613874712548,69.46
"39145",0.000680296466038884,1.17687314957231,1,1,0.20967895758995,62.97
"39147",0,0,0,0,0.211915499837896,63.86
"39149",0.00115797599831567,2.0032308387576,1,1,0.18075248006451,48.46
"39151",0.000931945003739285,1.61221042079637,1,1,0.395374648822097,99.36
"39153",0.00018535421890683,0.320651972016753,1,0,0.377820090410316,98.7
"39155",0.00132185004497016,2.28672336745228,1,1,0.351417087449249,96.63
"39157",0.00084298754786965,1.45831921821991,1,1,0.374821401063968,98.54
"39159",5.30264867301217e-05,0.0917327247224971,1,0,0.184624061808096,50.43
"39161",0,0,0,0,0.183727774491099,49.89
"39163",0,0,0,0,0.144459552618485,28.64
"39165",0.00107115121977345,1.85302904338614,1,1,0.29830680608683,88.93
"39167",0.00094703868288774,1.638321604089,1,1,0.250442793098562,78.14
"39169",0.000376695128076344,0.651660568500457,1,0,0.307970985954506,90.61
"39171",5.6249296883789e-05,0.0973079980413551,1,0,0.199500730997713,58.03
"39173",0.000337768556160054,0.584319872818292,1,0,0.246891102528078,76.9
"39175",0,0,0,0,0.164891276261326,39.87
"40001",0,0,0,0,0.138638218069404,25.2
"40003",0,0,0,0,0.0937540076704086,5.76
"40005",0,0,0,0,0.186577613558589,51.42
"40007",0,0,0,0,0.122522580450256,16.86
"40009",0,0,0,0,0.165819109639157,40.6
"40011",0,0,0,0,0.129219713681413,20.24
"40013",0.00903099829143275,15.6230995361559,1,1,0.19609530600821,56.38
"40015",0,0,0,0,0.139116231513243,25.42
"40017",2.09753539590981e-05,0.0362861371615986,1,0,0.317203688596706,92.33
"40019",0,0,0,0,0.245920259821006,76.58
"40021",0.000183074740262712,0.316708607108648,1,0,0.130383271754311,20.74
"40023",0.000161524794055888,0.279428458920887,1,0,0.131463962536173,21.19
"40025",0,0,0,0,0.0804442824639572,3.02
"40027",2.75373360381117e-05,0.0476379828675329,1,0,0.289098659744412,87.21
"40029",0,0,0,0,0.128577411928528,19.98
"40031",1.75112947851364e-05,0.0302935171291845,1,0,0.174071104805176,44.83
"40033",0,0,0,0,0.0861664215258633,4.14
"40035",0,0,0,0,0.170315389219227,43.05
"40037",0.0115303983228512,19.9469155985024,1,1,0.260451485514922,80.59
"40039",0.00128465179175118,2.22237256216396,1,1,0.20429667762762,60.58
"40041",8.61697544161999e-05,0.149068641893943,1,0,0.242120231040485,75.5
"40043",0,0,0,0,0.110038643566638,11.42
"40045",0,0,0,0,0.0824261340947509,3.28
"40047",0,0,0,0,0.248672257783774,77.57
"40049",0,0,0,0,0.205033799310632,60.93
"40051",0.000117716303708064,0.20364232950903,1,0,0.281902556242676,85.24
"40053",0,0,0,0,0.115968023703277,13.78
"40055",0,0,0,0,0.0944748844692783,5.98
"40057",0,0,0,0,0.12207454724561,16.7
"40059",0,0,0,0,0.0977062273612069,7
"40061",0,0,0,0,0.16375985791629,39.26
"40063",0,0,0,0,0.134528226600657,22.81
"40065",0,0,0,0,0.147924730841266,30.67
"40067",0,0,0,0,0.112899278860371,12.57
"40069",0,0,0,0,0.106526079844822,10.09
"40071",0.00485665047783174,8.40172164570822,1,1,0.231672183930531,71.97
"40073",0,0,0,0,0.168825554576002,42.13
"40075",0,0,0,0,0.123481955010097,17.31
"40077",0,0,0,0,0.116240653531489,13.87
"40079",0,0,0,0,0.209746729524398,63.03
"40081",0.00477068199067548,8.25300118441779,1,1,0.198264301501585,57.37
"40083",0,0,0,0,0.250371110262255,78.11
"40085",0,0,0,0,0.083752491450198,3.56
"40087",6.60720185001652e-05,0.114300732684454,1,0,0.226134680302515,69.74
"40089",0.00171858216970999,2.97304676980316,1,1,0.191234911014408,53.42
"40091",0.00128937189169276,2.23053805935798,1,1,0.184330334722832,50.24
"40093",0,0,0,0,0.137131782735359,24.4
"40095",0,0,0,0,0.136375415587946,23.93
"40097",0.000556070435588508,0.96196937303756,1,0,0.198391813145024,57.49
"40099",0,0,0,0,0.140063760632385,26.12
"40101",0.00472520107238606,8.17432185235486,1,1,0.246121126607469,76.71
"40103",0,0,0,0,0.104754093510714,9.39
"40105",0,0,0,0,0.1444755360965,28.67
"40107",0,0,0,0,0.123903830763552,17.47
"40109",0.000752920035938904,1.30250768349702,1,1,0.338067010225285,95.13
"40111",0,0,0,0,0.166290514018784,40.85
"40113",0.000102997219075085,0.178179172847792,1,0,0.174782473877164,45.28
"40115",0,0,0,0,0.177879000485033,46.96
"40117",0,0,0,0,0.168616433149601,42.03
"40119",2.31069621276891e-05,0.0399736947842783,1,0,0.211251987372392,63.57
"40121",0.00262279446828803,4.53728123056064,1,1,0.220015397940235,67.48
"40123",0,0,0,0,0.174525157684149,45.08
"40125",0.00325807811721415,5.63628483576346,1,1,0.251103608064182,78.3
"40127",0.000318369945877109,0.550761410117546,1,0,0.164998601496532,39.9
"40129",0,0,0,0,0.109950121377726,11.36
"40131",0.012779552715655,22.1078797339196,1,1,0.26801141246636,82.44
"40133",0.00437689969604863,7.57178081586038,1,1,0.161850421659783,38.02
"40135",8.75120329045244e-05,0.151390705275156,1,0,0.213847891773803,64.62
"40137",0,0,0,0,0.210938416503981,63.51
"40139",0,0,0,0,0.126269999661821,18.52
"40141",0,0,0,0,0.113175238306746,12.73
"40143",0.00106515520660878,1.84265629084331,1,1,0.40387477167443,99.59
"40145",0.000196798740488061,0.340450325868383,1,0,0.246953182421612,76.93
"40147",9.15918666422422e-05,0.158448579334971,1,0,0.228450978023948,70.76
"40149",0,0,0,0,0.157035629967236,35.51
"40151",0,0,0,0,0.137879225786472,24.82
"40153",0,0,0,0,0.216073075833759,65.57
"41001",0,0,0,0,0.20734155413886,61.85
"41003",0,0,0,0,0.203592243229307,60.26
"41005",0.00162472816077745,2.81068481643956,1,1,0.404214999411844,99.62
"41007",0,0,0,0,0.23733859726945,74.07
"41009",0,0,0,0,0.285015188848856,86.13
"41011",0,0,0,0,0.257668890380149,79.99
"41013",0.000112485939257593,0.194594104519596,1,0,0.247507745394322,77.22
"41015",0,0,0,0,0.231699662034602,72
"41017",8.37840605479478e-05,0.144941530852204,1,0,0.380718683446139,98.95
"41019",2.32688011913626e-05,0.040253666911281,1,0,0.272597675137987,83.61
"41021",0,0,0,0,0.0893769863851746,4.68
"41023",0,0,0,0,0.145259199501612,29.18
"41025",0,0,0,0,0.146382724770067,29.84
"41027",0,0,0,0,0.196005720086146,56.32
"41029",7.70958011699288e-05,0.133371232794951,1,0,0.38460300093971,99.05
"41031",0,0,0,0,0.180926293377824,48.52
"41033",0,0,0,0,0.295168836692993,88.39
"41035",0,0,0,0,0.285310213881426,86.29
"41037",0,0,0,0,0.128897035514752,20.17
"41039",5.68682646649037e-06,0.00983787761482676,1,0,0.378713629867119,98.73
"41041",0,0,0,0,0.217303212700659,66.18
"41043",0.0023631134477642,4.08804823323597,1,1,0.286255529202772,86.57
"41045",0,0,0,0,0.194484738937628,55.36
"41047",0.000469260754336663,0.811793695096602,1,0,0.290403854557394,87.53
"41049",0,0,0,0,0.0926705539963048,5.47
"41051",0.00020957713782115,0.362556206857951,1,0,0.348002893999931,96.25
"41053",0.00102052831966087,1.76545438311652,1,1,0.258373513043246,80.08
"41055",0,0,0,0,0.0917479781600757,5.22
"41057",0,0,0,0,0.191837489729966,53.67
"41059",2.67265341030575e-05,0.0462353428794957,1,0,0.223986441895904,68.82
"41061",8.28225940036442e-05,0.143278249890609,1,0,0.218289091630296,66.62
"41063",0,0,0,0,0.201768347511745,59.56
"41065",0,0,0,0,0.209454339842119,62.9
"41067",0.000236823019197466,0.409689990184683,1,0,0.318814159754435,92.43
"41069",0,0,0,0,0.114932843720121,13.43
"41071",0,0,0,0,0.264055729463633,81.55
"42001",0.0105822863994161,18.3067373509555,1,1,0.278697586072992,84.66
"42003",0.000185560439589992,0.321008721753104,1,0,0.295598032140196,88.45
"42005",0,0,0,0,0.289638377407884,87.37
"42007",0.00379540612635838,6.56583090581293,1,1,0.320519279189845,92.75
"42009",0.000209962731615138,0.363223261598701,1,0,0.236290368041542,73.75
"42011",0.000140069827402846,0.242312619813337,1,0,0.345064624743243,95.93
"42013",0.000269289866780719,0.465855740088495,1,0,0.322713012431394,93.29
"42015",0,0,0,0,0.226909036189181,70.06
"42017",0.000459217571422988,0.794419575286503,1,0,0.435904735768296,99.94
"42019",0.000297701538808989,0.515006273148318,1,0,0.35047435003488,96.5
"42021",7.67224182906245e-05,0.132725302223355,1,0,0.296608892506049,88.61
"42023",0,0,0,0,0.0996061807836597,7.38
"42025",0,0,0,0,0.211758763619089,63.7
"42027",2.46959313453109e-05,0.0427225187177678,1,0,0.199830785553179,58.35
"42029",0.00018094217655699,0.313019396462544,1,0,0.351794919112672,96.72
"42031",0,0,0,0,0.233441852864478,72.57
"42033",6.24161283275598e-05,0.107976256229392,1,0,0.260484148872663,80.62
"42035",0,0,0,0,0.220885152160249,67.83
"42037",0,0,0,0,0.23702805311054,74.04
"42039",0.00231653076352854,4.0074629104411,1,1,0.288554893201101,87.15
"42041",0.000118873083171534,0.205643490412396,1,0,0.245529847416483,76.39
"42043",0.000346496964491382,0.599419509397993,1,0,0.21205814946521,63.98
"42045",0.000406743075299822,0.703641762071814,1,0,0.321129683735902,92.94
"42047",0.0027435807245867,4.74623439873298,1,1,0.201085050122132,59.18
"42049",0.00170027465975273,2.94137584693378,1,1,0.320313016129228,92.71
"42051",0.0013626258038297,2.35726304853374,1,1,0.300586659533991,89.63
"42053",0,0,0,0,0.116481036661347,14.06
"42055",0.00123934019888459,2.1439861531921,1,1,0.294503692655954,88.26
"42057",0,0,0,0,0.150321317810197,32.2
"42059",0,0,0,0,0.168506843232694,41.97
"42061",0,0,0,0,0.205585717725833,61.28
"42063",0.00151193463295374,2.61555860166708,1,1,0.287607633122632,86.89
"42065",0,0,0,0,0.249757903145056,77.82
"42067",0,0,0,0,0.213228632404885,64.4
"42069",0.000350211048236964,0.605844657335171,1,0,0.28307471001544,85.59
"42071",0.00312919245060371,5.41332016084498,1,1,0.440419379647856,99.97
"42073",0.00194302651078544,3.36132236988551,1,1,0.299488584776895,89.34
"42075",0.00307317154643996,5.31640726886869,1,1,0.310276662036915,91.06
"42077",0.000425855374020075,0.736704922492796,1,0,0.27968134044031,84.82
"42079",0.00133097282013399,2.30250523561693,1,1,0.30549003982644,90.26
"42081",0.00186864523220665,3.23264710261573,1,1,0.324230697714098,93.51
"42083",0,0,0,0,0.213757116757205,64.59
"42085",0.000373707594568783,0.646492310036661,1,0,0.287814580974561,86.99
"42087",0,0,0,0,0.26541055510906,81.93
"42089",0,0,0,0,0.251867064141742,78.49
"42091",0.000194399844480124,0.336300375896138,1,0,0.339536152171899,95.32
"42093",0.000221300138312586,0.382836312958055,1,0,0.0804706656633516,3.05
"42095",0.000991652359244568,1.71550065826486,1,1,0.314640572217551,91.89
"42097",0.00108821104699093,1.88254154799387,1,1,0.2725190260331,83.58
"42099",0,0,0,0,0.229886410510771,71.36
"42101",2.47426149480034e-06,0.00428032786235983,1,0,0.198203614795038,57.27
"42103",0,0,0,0,0.207325071752978,61.82
"42105",0,0,0,0,0.169388496485095,42.51
"42107",0.000887842000362385,1.53591480104695,1,1,0.284520590413299,86
"42109",0.000164194625362596,0.284047111134455,1,0,0.247042995578099,77
"42111",0,0,0,0,0.294526659941386,88.29
"42113",0,0,0,0,0.146044069385614,29.62
"42115",0,0,0,0,0.257306586285382,79.86
"42117",0,0,0,0,0.232519811188554,72.26
"42119",0,0,0,0,0.19743817710179,56.95
"42121",0.000559377971695475,0.967691217306714,1,0,0.26853868184135,82.56
"42123",0.00216860937923556,3.75156755582372,1,1,0.213699194713227,64.52
"42125",3.13676286072773e-05,0.0542641652816566,1,0,0.352691804244787,96.88
"42127",0,0,0,0,0.26693559383089,82.21
"42129",0.00124376371284431,2.15163857396132,1,1,0.388360806492481,99.27
"42131",0,0,0,0,0.199183871679494,57.84
"42133",0.00129711318055122,2.24393003690809,1,1,0.371628233992073,98.31
"44001",0,0,0,0,0.262508631268717,81.23
"44003",0.000144048976652062,0.249196315589107,1,0,0.315362461236269,92.05
"44005",0.000397804121250696,0.688177893698469,1,0,0.212001979336069,63.89
"44007",0.0001980829286561,0.342671896388606,1,0,0.300357875869577,89.53
"44009",1.48328339612566e-05,0.0256599363549677,1,0,0.27022003097944,82.98
"45001",0.00043661766846165,0.75532306324227,1,0,0.174770599911372,45.21
"45003",0.00102199989242106,1.76800011803588,1,1,0.219406988576309,67.17
"45005",0,0,0,0,0.102862472906546,8.56
"45007",0.00285776298654319,4.94376304243806,1,1,0.314853702998333,91.92
"45009",0,0,0,0,0.151654052843138,32.96
"45011",0,0,0,0,0.150248123141795,32.17
"45013",0.000110455740384828,0.191081979055295,1,0,0.275429525824871,84.09
"45015",0.000257874853333677,0.446108433585418,1,0,0.308773931336397,90.74
"45017",0,0,0,0,0.127638660711232,19.6
"45019",0.000139629790650516,0.241551381934715,1,0,0.308279861428765,90.68
"45021",0,0,0,0,0.219191021227548,67.04
"45023",0.000431667098333765,0.746758866087893,1,0,0.178630767353907,47.47
"45025",0,0,0,0,0.166295439203583,40.88
"45027",0,0,0,0,0.197556384276245,57.08
"45029",0.00137942226549821,2.38631994612517,1,1,0.234882634018059,73.15
"45031",0,0,0,0,0.195663384771384,56.06
"45033",0,0,0,0,0.159332011354259,36.59
"45035",4.13890153553247e-05,0.0716005789983532,1,0,0.315500217724606,92.11
"45037",0.00184186291277463,3.1863152543756,1,1,0.173737614620178,44.64
"45039",0,0,0,0,0.157938002186775,36.02
"45041",0.00861372462143918,14.9012404603646,1,1,0.252842862241641,78.75
"45043",0.00010164667615369,0.175842812480099,1,0,0.22371370179686,68.63
"45045",0.00094366729678639,1.6324893030591,1,1,0.366925436166786,98
"45047",0,0,0,0,0.223164691745859,68.34
"45049",0,0,0,0,0.182272011389899,49.16
"45051",1.82741858850188e-05,0.0316132741708858,1,0,0.33273347499516,94.56
"45053",0.00258499138336206,4.47188410174792,1,1,0.233208558396186,72.51
"45055",0.000369976414003607,0.640037585600226,1,0,0.251610682889023,78.36
"45057",0.00152276534186082,2.63429509544573,1,1,0.264691574732036,81.86
"45059",4.34896059841698e-05,0.0752344780890324,1,0,0.201108344148713,59.21
"45061",0,0,0,0,0.165356600779806,40.18
"45063",0.00133679860484369,2.31258350287585,1,1,0.369937569179948,98.19
"45065",0,0,0,0,0.165141484831519,39.99
"45067",0.00110118683469962,1.90498890280349,1,1,0.176137578832028,45.94
"45069",0.00337682271680737,5.8417060570902,1,1,0.135700476693244,23.48
"45071",0.000371563041862769,0.642782359120341,1,0,0.174300469018235,44.93
"45073",0,0,0,0,0.254059633421373,79.06
"45075",0.000156206067043644,0.270227371860916,1,0,0.245203232479615,76.36
"45077",2.07852674024651e-05,0.0359572985217354,1,0,0.21676536126415,65.96
"45079",0.000800113317484199,1.38414930397207,1,1,0.260589310386727,80.72
"45081",0.000527704485488127,0.912897936242328,1,0,0.12557024036423,18.17
"45083",0.000775015787358631,1.34073204282217,1,1,0.320973916034472,92.84
"45085",0.000686297638707187,1.18725482775505,1,1,0.236669850276009,73.78
"45087",0,0,0,0,0.150471695418853,32.33
"45089",0,0,0,0,0.166000770292434,40.66
"45091",0.000354579991557619,0.613402674086339,1,0,0.332103014602634,94.43
"46003",0,0,0,0,0.0826624032465167,3.37
"46005",0,0,0,0,0.195210325052172,55.77
"46007",0,0,0,0,0.0864082782351092,4.2
"46009",0,0,0,0,0.131272045855963,21.09
"46011",0,0,0,0,0.183896644915075,49.95
"46013",0.00021643147779413,0.374413814643583,1,0,0.273333150207886,83.68
"46015",0,0,0,0,0.147827849503198,30.61
"46017",0,0,0,0,0.0668033227969962,1.46
"46019",0.000282565696524442,0.488822150093024,1,0,0.222599530140116,68.22
"46021",0,0,0,0,0.0933253600450471,5.63
"46023",0,0,0,0,0.150994931627644,32.48
"46025",0,0,0,0,0.0885123112347712,4.55
"46027",0.000130378096479791,0.225546491418411,1,0,0.120649566488126,15.97
"46029",5.17785947289391e-05,0.0895739444508472,1,0,0.263020842435473,81.42
"46031",0,0,0,0,0.0657193596508523,1.3
"46033",0,0,0,0,0.182693157448592,49.44
"46035",0,0,0,0,0.224697188077169,68.98
"46037",0,0,0,0,0.14171612877407,27.01
"46039",0.00152284263959391,2.63442881600895,1,1,0.134524327946605,22.78
"46041",0,0,0,0,0.0965260191766584,6.65
"46043",0,0,0,0,0.108427215330703,10.85
"46045",0,0,0,0,0.111649917842494,12.03
"46047",0,0,0,0,0.148403029137786,31.02
"46049",0,0,0,0,0.100793822946558,7.89
"46051",0,0,0,0,0.142502436658403,27.49
"46053",0,0,0,0,0.149153372179321,31.53
"46055",0,0,0,0,0.113732538274824,13.08
"46057",0,0,0,0,0.117096377579428,14.32
"46059",0,0,0,0,0.101387019824306,8.11
"46061",0,0,0,0,0.106034421152723,9.86
"46063",0,0,0,0,0.0791403084346271,2.77
"46065",8.24946378485398e-05,0.142710904898467,1,0,0.190901910688824,53.23
"46067",0,0,0,0,0.126317441661919,18.55
"46069",0,0,0,0,0.0730307847862065,1.85
"46071",0,0,0,0,0.0773930796628027,2.42
"46073",0,0,0,0,0.0638043618348338,1.05
"46075",0,0,0,0,0.0752224907483792,2.1
"46077",0,0,0,0,0.117162856533387,14.35
"46079",0,0,0,0,0.16541580123941,40.28
"46081",6.42054574638844e-05,0.111071691119051,1,0,0.247867080802183,77.38
"46083",5.77267216994747e-05,0.0998638566748953,1,0,0.265423779259859,81.96
"46085",0,0,0,0,0.0855179174519206,4.04
"46087",0,0,0,0,0.137329772805889,24.5
"46089",0,0,0,0,0.084184654670412,3.66
"46091",0,0,0,0,0.102301205223352,8.4
"46093",9.36066647945334e-05,0.161934062452421,1,0,0.246097000721171,76.68
"46095",0,0,0,0,0.0487263064857285,0.45
"46097",0,0,0,0,0.110306569354627,11.58
"46099",0.000732479873300779,1.26714739605974,1,1,0.331889191973717,94.37
"46101",0,0,0,0,0.10204677061651,8.27
"46102",0,0,0,0,0.047756893438823,0.41
"46103",8.31059462304528e-05,0.143768432692152,1,0,0.360346358953557,97.58
"46105",0,0,0,0,0.120186924563611,15.69
"46107",0,0,0,0,0.0970393986923801,6.84
"46109",0,0,0,0,0.121660438847954,16.51
"46111",0,0,0,0,0.0783341623634318,2.58
"46115",0,0,0,0,0.0966341471638142,6.68
"46117",0,0,0,0,0.132018646297289,21.48
"46119",0,0,0,0,0.0796838872108201,2.83
"46121",0,0,0,0,0.0532679906803292,0.7
"46123",0,0,0,0,0.137314281264418,24.47
"46125",0,0,0,0,0.143841751726269,28.29
"46127",0,0,0,0,0.163540982885879,39.1
"46129",0,0,0,0,0.157744590160356,35.86
"46135",0.00493049373416421,8.52946616591819,1,1,0.22611973167946,69.71
"46137",0,0,0,0,0.0579911130943617,0.8
"47001",0.000563085709689096,0.97410538746366,1,0,0.174719987155171,45.15
"47003",0.000730994152046784,1.26457718507252,1,1,0.214614102819059,64.94
"47005",0.00827912477823773,14.3224022758776,1,1,0.2055701194402,61.25
"47007",0,0,0,0,0.175988225791376,45.85
"47009",0.00182166525330569,3.1513744832562,1,1,0.283957912669786,85.91
"47011",0.000543978575613022,0.941051161575435,1,0,0.268199872804898,82.5
"47013",0.000819746789325075,1.41811406344958,1,1,0.225792673298564,69.55
"47015",0.000940144155437167,1.62639447431452,1,1,0.216300763202217,65.67
"47017",0,0,0,0,0.184808006409733,50.56
"47019",0,0,0,0,0.221882089621419,68.09
"47021",0.00951338609193467,16.4576022543569,1,1,0.21174319826831,63.63
"47023",0,0,0,0,0.16088197796433,37.42
"47025",0,0,0,0,0.165968348064325,40.63
"47027",0.00114090131203651,1.97369262884109,1,1,0.150396531653464,32.26
"47029",0,0,0,0,0.187525798937645,51.89
"47031",0.00280832346472678,4.85823555749872,1,1,0.224545452416576,68.95
"47033",0,0,0,0,0.127249354853451,19.25
"47035",0.000216356555603635,0.374284203630292,1,0,0.247818603411962,77.35
"47037",9.66807874327867e-05,0.167252115054573,1,0,0.301720457552163,89.82
"47039",0,0,0,0,0.190886749774262,53.2
"47041",0,0,0,0,0.154274234832829,34.2
"47043",4.62984397425807e-05,0.080093596424798,1,0,0.267201076917401,82.25
"47045",0.00238070045497831,4.11847272844485,1,1,0.183688649487675,49.86
"47047",0.00777576853526221,13.4516253769812,1,1,0.259617527937108,80.4
"47049",0,0,0,0,0.14734972519894,30.48
"47051",0,0,0,0,0.204851677572534,60.83
"47053",0.000346500346500347,0.599425360075957,1,0,0.228417077152616,70.73
"47055",0,0,0,0,0.200257305631974,58.73
"47057",0.00018348623853211,0.317420475078754,1,0,0.161706308533366,37.99
"47059",3.52112676056338e-05,0.0609134362387046,1,0,0.228377278050348,70.7
"47061",0.00101385603244339,1.75391171596405,1,1,0.168169833503692,41.87
"47063",0.000188933873144399,0.326844564757206,1,0,0.217571761239166,66.4
"47065",0.0013275643646107,2.29660880665232,1,1,0.363443548933855,97.8
"47067",0,0,0,0,0.131308432955598,21.13
"47069",0,0,0,0,0.161467610262768,37.8
"47071",0,0,0,0,0.212485266372912,64.24
"47073",7.14796283059328e-05,0.123655581785505,1,0,0.178585115134301,47.44
"47075",0,0,0,0,0.120893354712306,16.16
"47077",0.00124159337816865,2.14788402174346,1,1,0.196692341829641,56.6
"47079",0.00536622761168026,9.28326032244751,1,1,0.239844111545352,74.83
"47081",0.00505523310241528,8.74525798686364,1,1,0.212003130797591,63.92
"47083",0,0,0,0,0.181299600558988,48.71
"47085",0,0,0,0,0.185272040200348,50.84
"47087",0,0,0,0,0.17494560307331,45.34
"47089",0.000415825115836997,0.719353161711684,1,0,0.184744108933719,50.52
"47091",0,0,0,0,0.152162648376839,33.25
"47093",0.00178060499792716,3.08034263981456,1,1,0.371083146627381,98.28
"47095",0,0,0,0,0.0924829240219505,5.38
"47097",0,0,0,0,0.12799221960567,19.73
"47099",0,0,0,0,0.230402728463249,71.56
"47101",0.0194653516740202,33.6739214088868,1,1,0.179262119010375,47.82
"47103",0.000164975666089252,0.285398265970339,1,0,0.201375126886299,59.4
"47105",0.000327316936313476,0.566239180971406,1,0,0.223704241198327,68.6
"47107",0.000859236795552186,1.4864294675788,1,1,0.220020665688861,67.55
"47109",0.0023742395014097,4.10729565616076,1,1,0.23618083005804,73.62
"47111",0,0,0,0,0.179302792681673,47.88
"47113",0.00239483548521449,4.14292550511473,1,1,0.27997353056628,84.95
"47115",0.0400587248322148,69.2992540967344,1,1,0.200930215905323,59.12
"47117",0,0,0,0,0.204781859698211,60.74
"47119",4.14439056736707e-05,0.0716955360429032,1,0,0.282248875662607,85.33
"47121",0,0,0,0,0.122733871207281,17.05
"47123",0,0,0,0,0.19315091159323,54.31
"47125",0.000297699594046008,0.515002908821958,1,0,0.284076975594132,85.97
"47127",0,0,0,0,0.0843300239657096,3.72
"47129",0,0,0,0,0.135453487055451,23.26
"47131",0,0,0,0,0.194595594969979,55.46
"47133",0,0,0,0,0.209204962135853,62.81
"47135",0.0131450827653359,22.7402253689575,1,1,0.145080639302313,29.02
"47137",0,0,0,0,0.178394723091173,47.28
"47139",0,0,0,0,0.175081379340547,45.47
"47141",2.23533619456366e-05,0.0386700104877327,1,0,0.274502050327257,83.9
"47143",0,0,0,0,0.137575430056985,24.63
"47145",0.000793687847238433,1.37303361576388,1,1,0.165544472450298,40.41
"47147",0.00284742252791953,4.9258746530138,1,1,0.251627702965555,78.4
"47149",7.10017158748003e-05,0.122828821194903,1,0,0.306400645218889,90.39
"47151",0,0,0,0,0.174353714400515,44.96
"47153",0,0,0,0,0.164559105403803,39.61
"47155",0.000591575958353053,1.0233918535135,1,1,0.201442029170182,59.43
"47157",0.000539322063025725,0.932995666790133,1,0,0.311932136140614,91.38
"47159",0,0,0,0,0.164518286094451,39.58
"47161",0.000280583613916947,0.48539326295713,1,0,0.14359312564309,28.06
"47163",0.00100643862659837,1.74108003710892,1,1,0.278030117027605,84.57
"47165",0.000664244658930702,1.14910446087438,1,1,0.349014869261399,96.31
"47167",0.000677048070412999,1.17125361488098,1,1,0.244551616578719,76.11
"47169",0,0,0,0,0.132307972576461,21.64
"47171",0,0,0,0,0.139993628023953,26.06
"47173",0.00105792118487173,1.83014185578335,1,1,0.210557713666803,63.32
"47175",0,0,0,0,0.155931582178276,34.97
"47177",0.000122518990443519,0.211950697032494,1,0,0.221357129240692,67.99
"47179",0,0,0,0,0.258986504908794,80.27
"47181",0,0,0,0,0.155686429561822,34.81
"47183",0,0,0,0,0.173771817778708,44.67
"47185",0.000466744457409568,0.807440648391698,1,0,0.198309542457135,57.43
"47187",0,0,0,0,0.286607816028654,86.7
"47189",0.000107495095536266,0.185960236400979,1,0,0.273351143613226,83.71
"48001",0.0023844619786699,4.12497994471762,1,1,0.218216971418726,66.56
"48003",0.00175049597385926,3.0282557868699,1,1,0.13806044978469,24.91
"48005",0.000654252642174132,1.13181885552742,1,1,0.274957170841094,84
"48007",0.00207549617330393,3.59048714838077,1,1,0.248367106654597,77.44
"48009",0.000405022276225192,0.700664880185991,1,0,0.142311068308183,27.39
"48011",0,0,0,0,0.115864128793873,13.71
"48013",0,0,0,0,0.208152147516353,62.33
"48015",0.00906618313689937,15.6839672636375,1,1,0.270669716851695,83.07
"48017",0,0,0,0,0.100971062592376,7.99
"48019",0.00019485580670304,0.337089163908654,1,0,0.214670121296708,64.97
"48021",3.58089235837571e-05,0.0619473461712817,1,0,0.296415915701547,88.58
"48023",0,0,0,0,0.121939819701599,16.64
"48025",0,0,0,0,0.154389556509159,34.3
"48027",6.72366843349732e-05,0.116315536549585,1,0,0.206019937608184,61.41
"48029",0.000271817041066714,0.470227603988943,1,0,0.310821996974813,91.15
"48031",0.00288683602771363,4.99405770548271,1,1,0.202997158009218,60.13
"48033",0,0,0,0,0.0788038343425743,2.74
"48035",0.00566849100860047,9.80615834366637,1,1,0.163604753924088,39.17
"48037",8.58203351284087e-05,0.148464166935932,1,0,0.287372551053696,86.83
"48039",0.000983843878031469,1.701992441866,1,1,0.320584940333984,92.78
"48041",0.000813977966458494,1.40813433685207,1,1,0.219858807323055,67.42
"48043",0,0,0,0,0.150035529652865,32.04
"48045",0,0,0,0,0.111232737852354,11.9
"48047",0,0,0,0,0.106895074756319,10.21
"48049",0,0,0,0,0.228661363864237,70.89
"48051",0,0,0,0,0.189978822098885,52.88
"48053",0.00465594981376201,8.0545212199581,1,1,0.298323810695118,88.96
"48055",0,0,0,0,0.215854840314301,65.51
"48057",0,0,0,0,0.125553427124777,18.14
"48059",0,0,0,0,0.191457153560389,53.52
"48061",0.000288579059345435,0.499224916527884,1,0,0.2389118869298,74.58
"48063",0,0,0,0,0.148626381218767,31.12
"48065",0,0,0,0,0.0521319066404328,0.6
"48067",0.00266874235516513,4.61676839100424,1,1,0.179531390050246,47.98
"48069",0,0,0,0,0.0861310048103733,4.1
"48071",0,0,0,0,0.180892841887625,48.49
"48073",0.00238703230820473,4.12942646467781,1,1,0.212788041817178,64.3
"48075",0,0,0,0,0.125816038031385,18.36
"48077",0,0,0,0,0.141448503381847,26.89
"48079",0,0,0,0,0.133083267709138,21.99
"48081",0,0,0,0,0.104714049281497,9.29
"48083",0,0,0,0,0.157925558845067,35.98
"48085",0.00130529015918371,2.25807573231825,1,1,0.269119623583894,82.69
"48087",0,0,0,0,0.124027428607836,17.59
"48089",0,0,0,0,0.190980517258964,53.29
"48091",0.00110415899889584,1.9101305732564,1,1,0.37300854481715,98.44
"48093",0,0,0,0,0.142624925743839,27.59
"48095",0,0,0,0,0.103748536484833,9.04
"48097",0.000424155665129102,0.733764525392805,1,0,0.227427002166207,70.25
"48099",0,0,0,0,0.187786600433546,52.02
"48101",0,0,0,0,0.125310218586504,18.04
"48103",0,0,0,0,0.105572505355514,9.7
"48105",0,0,0,0,0.114973258799556,13.46
"48107",0,0,0,0,0.113065568166979,12.63
"48109",0,0,0,0,0.084384413668661,3.75
"48111",0,0,0,0,0.118583468715836,15.18
"48113",0.000499538599826208,0.86417259923971,1,0,0.368395916579555,98.09
"48115",0,0,0,0,0.12838724118481,19.82
"48117",0,0,0,0,0.120281101770444,15.75
"48119",0,0,0,0,0.138082610805216,24.94
"48121",0.000322373551041101,0.557687413197388,1,0,0.386131933665154,99.24
"48123",0,0,0,0,0.157632997031594,35.83
"48125",0,0,0,0,0.124580407823719,17.82
"48127",0,0,0,0,0.133642246556424,22.3
"48129",0,0,0,0,0.131226625626914,21.06
"48131",0,0,0,0,0.0967831040146106,6.81
"48133",0,0,0,0,0.18453358850156,50.37
"48135",0.000669146667876423,1.15758465002011,1,1,0.278986399778504,84.7
"48137",0,0,0,0,0.139717987452733,25.84
"48139",0.0094105926384663,16.2797755841066,1,1,0.330609449068891,94.24
"48141",0.000191108728456834,0.330606937412634,1,0,0.286043620256684,86.54
"48143",0,0,0,0,0.2196616410436,67.29
"48145",0,0,0,0,0.143681164206276,28.13
"48147",0,0,0,0,0.199331586388487,57.91
"48149",0,0,0,0,0.252557481145741,78.68
"48151",0,0,0,0,0.104313642207429,9.13
"48153",0,0,0,0,0.113160768721269,12.66
"48155",0,0,0,0,0.096749165243863,6.78
"48157",0.000549446867817825,0.950510987682308,1,0,0.31103880458552,91.22
"48159",0,0,0,0,0.112433696596922,12.47
"48161",0.0184017720224911,31.8339907363017,1,1,0.171365490053079,43.59
"48163",0,0,0,0,0.112307541684106,12.31
"48165",0.00436731410182738,7.55519829776003,1,1,0.211815803688146,63.76
"48167",0.000934038741696465,1.61583246516533,1,1,0.258488631103124,80.11
"48169",0,0,0,0,0.108997885950812,10.98
"48171",0,0,0,0,0.25942157134899,80.31
"48173",0,0,0,0,0.0986369487458388,7.22
"48175",0,0,0,0,0.137656241567386,24.66
"48177",0,0,0,0,0.127565036354601,19.54
"48179",0,0,0,0,0.171464297882065,43.65
"48181",0.000675961132234897,1.16937327532182,1,1,0.308177699999705,90.65
"48183",0.0011404722040232,1.97295029704261,1,1,0.327728830565183,93.89
"48185",0.000102490519626935,0.177302612399222,1,0,0.203961525725056,60.42
"48187",0.000160717155663494,0.278031291676868,1,0,0.291732386803323,87.85
"48189",0,0,0,0,0.176261037109939,46.07
"48191",0,0,0,0,0.136067045200815,23.74
"48193",0.0106981981981982,18.5072579923452,1,1,0.147124938575386,30.35
"48195",0,0,0,0,0.113222586063211,12.76
"48197",0,0,0,0,0.098807008718135,7.25
"48199",0.000613455115534047,1.06124151745709,1,1,0.23284546164202,72.35
"48201",0.000870260274037393,1.50549944146778,1,1,0.404500562410901,99.65
"48203",0.0038085515724999,6.58857175980147,1,1,0.270728551996056,83.11
"48205",0,0,0,0,0.0943466905841185,5.95
"48207",0,0,0,0,0.141857589163243,27.14
"48209",0.00119411148078939,2.06574311273394,1,1,0.332141693966398,94.46
"48211",0,0,0,0,0.119956319249578,15.62
"48213",0.00153692780593171,2.65879533104722,1,1,0.292671074437017,88.1
"48215",0.00137546359839967,2.37947168327369,1,1,0.283847367360394,85.87
"48217",0.00441088516746411,7.63057369628988,1,1,0.222784781053725,68.28
"48219",0,0,0,0,0.143086262772838,27.87
"48221",0.000940775916136547,1.62748738342279,1,1,0.316420468352707,92.27
"48223",0.00269228415835526,4.65749433542711,1,1,0.247096117119877,77.06
"48225",0.0307692307692308,53.228971974745,1,1,0.227721935373291,70.41
"48227",0,0,0,0,0.207775669049797,62.17
"48229",0,0,0,0,0.0824692120537435,3.31
"48231",0.00129540390693818,2.2409730933976,1,1,0.260400128258316,80.53
"48233",0,0,0,0,0.135904311365465,23.61
"48235",0,0,0,0,0.0832884335716255,3.5
"48237",0,0,0,0,0.146001829137612,29.59
"48239",0.000604869197036141,1.04638837996626,1,1,0.125639937570481,18.26
"48241",0.0106165021419259,18.3659285869277,1,1,0.210121865618824,63.19
"48243",0,0,0,0,0.0962058795898043,6.46
"48245",0.00533114172254789,9.2225637836441,1,1,0.323079966417202,93.35
"48247",0,0,0,0,0.0985288198979434,7.19
"48249",0,0,0,0,0.14613960996484,29.69
"48251",0.0134385905662501,23.2479767205075,1,1,0.346258036789189,95.99
"48253",0,0,0,0,0.158563092664634,36.24
"48255",0,0,0,0,0.121690613730657,16.58
"48257",0.00476715034566588,8.24689164483746,1,1,0.297414258000464,88.77
"48259",0,0,0,0,0.285155844405961,86.22
"48261",0,0,0,0,0.0222452040574437,0.06
"48263",0,0,0,0,0.104729525869928,9.32
"48265",0,0,0,0,0.272251491799181,83.49
"48267",0,0,0,0,0.165675701276915,40.47
"48269",0,0,0,0,0.0629081725655533,0.92
"48271",0,0,0,0,0.0658368611928207,1.34
"48273",0,0,0,0,0.178500305080226,47.34
"48275",0,0,0,0,0.104050524015743,9.07
"48277",0.000160070430989635,0.276912495766811,1,0,0.236019176465525,73.5
"48279",0,0,0,0,0.112487576760778,12.5
"48281",0,0,0,0,0.205517509083788,61.22
"48283",0,0,0,0,0.093565408081138,5.7
"48285",0.0167536391101346,28.9828170667212,1,1,0.199858275449985,58.42
"48287",0.00198288457524525,3.43027449325872,1,1,0.161178189285898,37.51
"48289",0,0,0,0,0.135963858166746,23.67
"48291",0.000431457148460482,0.746395665070458,1,0,0.243571748352063,75.91
"48293",0,0,0,0,0.13553673565618,23.35
"48295",0,0,0,0,0.0931592499435765,5.57
"48297",0,0,0,0,0.127275568839473,19.31
"48299",0.000144592249855408,0.250136146497862,1,0,0.19431095901983,55.23
"48301",0,0,0,0,0.0389015192987392,0.19
"48303",0.00158743952956172,2.7461776624959,1,1,0.351065955826992,96.56
"48305",0,0,0,0,0.100358128463371,7.54
"48307",0,0,0,0,0.147885911183961,30.64
"48309",0.00221766815487082,3.83643637210936,1,1,0.321140765116523,92.97
"48311",0,0,0,0,0.0951639869296106,6.11
"48313",0,0,0,0,0.120090953185053,15.65
"48315",0,0,0,0,0.12380415587191,17.44
"48317",0,0,0,0,0.114480243492699,13.27
"48319",0,0,0,0,0.162246459047819,38.18
"48321",0.00186039589224587,3.2183762263343,1,1,0.200159624572865,58.64
"48323",9.23915554118354e-05,0.15983199419589,1,0,0.173583849462307,44.54
"48325",0,0,0,0,0.21931789646751,67.1
"48327",0,0,0,0,0.120781628065262,16.04
"48329",0.000474786537504308,0.821352977211097,1,0,0.199647464294656,58.19
"48331",0,0,0,0,0.183039061556823,49.54
"48333",0,0,0,0,0.143700297512002,28.16
"48335",0,0,0,0,0.103510308848473,8.94
"48337",0,0,0,0,0.213740358742829,64.56
"48339",0.0022847780420805,3.95253255703851,1,1,0.364336716108797,97.9
"48341",6.71231037723184e-05,0.116119048810526,1,0,0.1089316711112,10.94
"48343",0.0903841325633944,156.359269923303,1,1,0.12711253018509,19.12
"48345",0,0,0,0,0.149696255853592,31.85
"48347",0,0,0,0,0.226498934164376,69.9
"48349",0.000420190136036557,0.72690439169251,1,0,0.252179609010437,78.59
"48351",0,0,0,0,0.142962549757271,27.78
"48353",0,0,0,0,0.148336468824521,30.93
"48355",0.000217891032694549,0.376938759367509,1,0,0.310330149817597,91.09
"48357",0,0,0,0,0.117451825527168,14.51
"48359",0,0,0,0,0.084499948050369,3.79
"48361",0.00994718946683064,17.2080567541157,1,1,0.247539124573808,77.25
"48363",0.000304692260816575,0.527099813887633,1,0,0.208515581123942,62.55
"48365",0,0,0,0,0.184167040233657,50.11
"48367",0.00226952574737831,3.92614697810277,1,1,0.385434125118637,99.2
"48369",0,0,0,0,0.0695626008921847,1.65
"48371",0,0,0,0,0.16925970814932,42.44
"48373",6.46579593948015e-05,0.111854493028528,1,0,0.218035908837967,66.5
"48375",2.353771919501e-05,0.0407188793498696,1,0,0.311380934530468,91.25
"48377",0,0,0,0,0.123615517878784,17.37
"48379",0,0,0,0,0.170338894289575,43.11
"48381",0.00107860320884455,1.86592054920233,1,1,0.336612521807787,95
"48383",0,0,0,0,0.0955989522056091,6.27
"48385",0,0,0,0,0.109941569889329,11.33
"48387",0.0222286374133949,38.4542443322169,1,1,0.154906922234328,34.49
"48389",0,0,0,0,0.138530423459818,25.14
"48391",0,0,0,0,0.117443809030885,14.48
"48393",0,0,0,0,0.121308426328954,16.39
"48395",0,0,0,0,0.136785629383586,24.05
"48397",0.00106954071453547,1.85024296339536,1,1,0.314887373452549,91.95
"48399",0,0,0,0,0.137124374386675,24.37
"48401",0,0,0,0,0.209533087608872,62.93
"48403",0,0,0,0,0.151875842769336,33.09
"48405",0,0,0,0,0.115082411409023,13.52
"48407",0,0,0,0,0.22632163014503,69.77
"48409",0.000404236397445226,0.699305355800474,1,0,0.200136122282026,58.61
"48411",0,0,0,0,0.137510391218756,24.56
"48413",0,0,0,0,0.12772224655962,19.63
"48415",0,0,0,0,0.139687459362934,25.8
"48417",0,0,0,0,0.106743629932458,10.12
"48419",0.00319425034937113,5.52586652562735,1,1,0.178037607806416,46.99
"48421",0,0,0,0,0.0654872227715768,1.24
"48423",0.000510279029851323,0.882752915825825,1,0,0.349823383317028,96.4
"48425",0,0,0,0,0.140867254112207,26.54
"48427",5.17384105960265e-05,0.0895044282480967,1,0,0.183180844243869,49.67
"48429",0,0,0,0,0.133682901270707,22.37
"48431",0,0,0,0,0.0671674745654197,1.53
"48433",0,0,0,0,0.145015540935592,28.99
"48435",0,0,0,0,0.105258346393342,9.64
"48437",0,0,0,0,0.120883721411993,16.13
"48439",0.00157232008791543,2.72002191158682,1,1,0.411988580073919,99.78
"48441",0.00245151581349062,4.24097916228793,1,1,0.29577740620425,88.51
"48443",0,0,0,0,0.0952685647803634,6.14
"48445",0,0,0,0,0.14633199670087,29.78
"48447",0,0,0,0,0.104661799435701,9.23
"48449",0,0,0,0,0.167241376903626,41.39
"48451",0.00619138213010247,10.7107294413652,1,1,0.295779407658252,88.55
"48453",4.41742231360486e-05,0.076418825772733,1,0,0.289607012701685,87.34
"48455",0.0404241219350563,69.9313697415056,1,1,0.183870848759428,49.92
"48457",0,0,0,0,0.157575988089052,35.73
"48459",0.000103305785123967,0.178712974088762,1,0,0.194545421782061,55.42
"48461",0,0,0,0,0.0593356382074436,0.86
"48463",0,0,0,0,0.210561782086458,63.35
"48465",0,0,0,0,0.180339024894001,48.27
"48467",0.0027936429103551,4.83283905593895,1,1,0.282899917922374,85.46
"48469",0.00254005934718101,4.39415430367183,1,1,0.343618803809906,95.8
"48471",0.000822125028774376,1.42222827878195,1,1,0.164175710106463,39.45
"48473",0.00592712550607287,10.2535809172403,1,1,0.199577838308657,58.1
"48475",0,0,0,0,0.131205064469141,21.03
"48477",0.0104830637939209,18.1350880391225,1,1,0.235790221940189,73.4
"48479",0.000546800401531041,0.94593275558844,1,0,0.23348337003655,72.61
"48481",0.000678195998643608,1.17323946366851,1,1,0.227322899374633,70.12
"48483",0,0,0,0,0.12824930616518,19.79
"48485",0.00119836897313786,2.07310832581317,1,1,0.254688143970131,79.22
"48487",0,0,0,0,0.121020268189067,16.29
"48489",0,0,0,0,0.120899460194348,16.19
"48491",0.000249815477204338,0.432166183636435,1,0,0.321000798370169,92.87
"48493",0.00265913245803557,4.60014383029207,1,1,0.249787119233552,77.86
"48495",0,0,0,0,0.0918118184582098,5.25
"48497",0.011024718579552,19.0721191797639,1,1,0.2796952735169,84.86
"48499",0,0,0,0,0.272507079276145,83.55
"48501",0,0,0,0,0.119268230959663,15.37
"48503",0,0,0,0,0.182439689621148,49.25
"48505",0.000279955207166853,0.484306155985222,1,0,0.149663028508293,31.78
"48507",0,0,0,0,0.113429429978832,12.82
"49001",0,0,0,0,0.132943840786172,21.92
"49003",0.0060576231401204,10.4793342016686,1,1,0.214207362426552,64.68
"49005",0.00152104349323423,2.63131639789632,1,1,0.292195910093226,87.97
"49007",0.00490509703561527,8.48553136087052,1,1,0.190666359489712,53.13
"49009",0,0,0,0,0.0962461902818054,6.49
"49011",0.00139128089777456,2.40683468729081,1,1,0.346981032675051,96.12
"49013",0.00102082482645978,1.76596732255942,1,1,0.192250511972258,53.83
"49015",0.000244259892525647,0.422555346648562,1,0,0.114383207899746,13.24
"49017",0,0,0,0,0.104883443436216,9.48
"49019",0,0,0,0,0.155921184651359,34.93
"49021",3.61297781631621e-05,0.062502405852273,1,0,0.274990920073189,84.03
"49023",0.0157996146435453,27.3324104648739,1,1,0.159510812329015,36.72
"49025",0,0,0,0,0.143679880105788,28.09
"49027",0,0,0,0,0.143413207705554,28
"49029",0,0,0,0,0.185777328706482,51.03
"49031",0,0,0,0,0.0677217249680784,1.56
"49033",0,0,0,0,0.117303346891797,14.41
"49035",0.00122332580750883,2.11628219152577,1,1,0.43160424332024,99.9
"49037",0.000195579894386857,0.338341793307102,1,0,0.131519506333689,21.25
"49039",0.0091846298031865,15.8888730777472,1,1,0.218286687698844,66.59
"49041",0.00457414692159912,7.91300699469039,1,1,0.233895663718406,72.7
"49043",0,0,0,0,0.218549805012138,66.78
"49045",4.35672896789091e-05,0.075368866343363,1,0,0.235791973644086,73.43
"49047",0.00141017780502759,2.43952523305468,1,1,0.232775592050006,72.29
"49049",0.00183607924680207,3.17630985007174,1,1,0.357453479735068,97.42
"49051",0.0066815144766147,11.5586297717987,1,1,0.285604869309505,86.38
"49053",0.001095198856821,1.89463005083618,1,1,0.355242533739048,97.17
"49055",0,0,0,0,0.124848096293038,17.88
"49057",0.0016738311713014,2.89563015649885,1,1,0.312552567253766,91.6
"50001",0.00157100963552576,2.7177549054973,1,1,0.246304622410353,76.74
"50003",0.00087978057237489,1.52196900150321,1,1,0.259583318014209,80.37
"50005",0,0,0,0,0.26732809295235,82.31
"50007",8.54160616362301e-05,0.147764797408409,1,0,0.299699307891411,89.41
"50009",0,0,0,0,0.133620478453459,22.27
"50011",0,0,0,0,0.216519812086626,65.8
"50013",0,0,0,0,0.193395693574873,54.53
"50015",0.00220112807814005,3.80782300548458,1,1,0.229898813450566,71.4
"50017",0,0,0,0,0.212028952778063,63.95
"50019",0,0,0,0,0.234776369688203,73.05
"50021",0,0,0,0,0.313068045142979,91.63
"50023",0,0,0,0,0.22827517536987,70.63
"50025",0,0,0,0,0.250861448501374,78.24
"50027",0,0,0,0,0.27638937587914,84.22
"51001",0,0,0,0,0.148339179397498,30.96
"51003",1.33913625711416e-05,0.0231662750475957,1,0,0.179263364491028,47.85
"51005",0.0147134744450181,25.4534513637623,1,1,0.181288886761865,48.68
"51007",0.000311526479750779,0.538922613451468,1,0,0.193914635149885,54.95
"51009",0.000966702470461869,1.67233880801428,1,1,0.195874919634701,56.22
"51011",0,0,0,0,0.17315990401706,44.26
"51013",0,0,0,0,0.10287352544734,8.59
"51015",2.99985000749963e-05,0.0518956528927317,1,0,0.224840340486529,69.04
"51017",0,0,0,0,0.109519071586205,11.26
"51019",4.52345410955806e-05,0.0782531139086811,1,0,0.302624495054552,89.88
"51021",0,0,0,0,0.0951183038263399,6.08
"51023",0.00348616900341038,6.03086874590707,1,1,0.212323779631595,64.21
"51025",0,0,0,0,0.130798186189394,20.94
"51027",0.00784494693124135,13.5712999612582,1,1,0.126372180610623,18.58
"51029",0,0,0,0,0.141127877921431,26.73
"51031",0.0192804516314228,33.3540551353565,1,1,0.247118447877481,77.09
"51033",0,0,0,0,0.16421040201128,39.52
"51035",0,0,0,0,0.19243310270235,53.99
"51036",0,0,0,0,0.134093760024161,22.56
"51037",0,0,0,0,0.136554397942389,23.99
"51041",1.23315966334741e-05,0.0213329418772292,1,0,0.320216615935626,92.68
"51043",0.000623311863702472,1.07829311604771,1,1,0.187201453530028,51.73
"51045",0.000967117988394584,1.67305762976713,1,1,0.137557073852041,24.59
"51047",0.00031815048517949,0.550381755929544,1,0,0.236769972606827,73.91
"51049",0,0,0,0,0.148809996399517,31.24
"51051",0,0,0,0,0.101246037851725,8.02
"51053",0,0,0,0,0.125424304348264,18.07
"51057",0,0,0,0,0.195469902834411,55.97
"51059",1.38330954040924e-06,0.00239304470466232,1,0,0.163154770018439,38.72
"51061",0.00074767686118133,1.29343729742455,1,1,0.299192893111302,89.12
"51063",0,0,0,0,0.183466063307062,49.76
"51065",0,0,0,0,0.17530335951132,45.56
"51067",5.49480740700038e-05,0.0950569585789995,1,0,0.252714351342347,78.71
"51069",4.61371657939053e-05,0.0798146019137333,1,0,0.248759170440873,77.63
"51071",0,0,0,0,0.129687978658364,20.39
"51073",0.000172488141440276,0.29839440951776,1,0,0.264078579405937,81.58
"51075",0.000791804820111842,1.36977608882404,1,1,0.129875495312307,20.46
"51077",0.00268948655256724,4.65265464082429,1,1,0.130041671969552,20.55
"51079",0,0,0,0,0.178818662136737,47.57
"51081",0.0102714600146735,17.769025860975,1,1,0.0943440418170681,5.92
"51083",0,0,0,0,0.204488813487382,60.67
"51085",6.13233580670877e-05,0.106085827508384,1,0,0.315590759261987,92.14
"51087",4.34350356649904e-05,0.0751400746243492,1,0,0.310201855346666,90.96
"51089",0.000112069931637342,0.193874435635909,1,0,0.204145315698262,60.52
"51091",0,0,0,0,0.117682501619917,14.64
"51093",0,0,0,0,0.206636856016674,61.6
"51095",0,0,0,0,0.220983702982692,67.93
"51097",0,0,0,0,0.166364010078898,40.98
"51099",0,0,0,0,0.0856678229998072,4.07
"51101",0,0,0,0,0.18172587152958,48.84
"51103",0,0,0,0,0.185975353900653,51.16
"51105",0,0,0,0,0.135170040229547,23.16
"51107",0.000474270808631729,0.820460796385683,1,0,0.249893311729303,77.95
"51109",0,0,0,0,0.188640900983555,52.47
"51111",0,0,0,0,0.147764210353259,30.58
"51113",0,0,0,0,0.173121099898406,44.19
"51115",0,0,0,0,0.12911963234269,20.2
"51117",0,0,0,0,0.207755693447204,62.14
"51119",0.00311284046692607,5.38503218421545,1,1,0.171100365990471,43.33
"51121",2.04666393778142e-05,0.0354060906504137,1,0,0.170292196215764,43.02
"51125",0,0,0,0,0.159010002927981,36.4
"51127",0.000138045278851463,0.238810269074988,1,0,0.188586175197382,52.4
"51131",0,0,0,0,0.122225257411654,16.74
"51133",0.00763865825307207,13.2144325975164,1,1,0.17154449725081,43.72
"51135",0.00480371045221136,8.31013849365532,1,1,0.121954546995483,16.67
"51137",0,0,0,0,0.200816297680605,59.02
"51139",0,0,0,0,0.1747760884468,45.24
"51141",0,0,0,0,0.157483491600813,35.7
"51143",6.62076271186441e-05,0.114535327673412,1,0,0.212630792780353,64.27
"51145",0.00385979553515544,6.67722082199362,1,1,0.227417048657863,70.22
"51147",0.000516795865633075,0.894026661074528,1,0,0.174016467972526,44.8
"51149",0,0,0,0,0.101594705366123,8.18
"51153",0.000661172362995227,1.14378956836134,1,1,0.307824206553029,90.55
"51155",0,0,0,0,0.1505826979656,32.39
"51157",0,0,0,0,0.138400656233177,25.07
"51159",0,0,0,0,0.165105063122407,39.96
"51161",0.00550009691800737,9.51484640297735,1,1,0.273492021494626,83.74
"51163",0.00686008289266829,11.8675427012437,1,1,0.210918332022476,63.47
"51165",0.00178384852577661,3.08595375353699,1,1,0.227964834157243,70.54
"51167",0,0,0,0,0.140468587463732,26.25
"51169",0,0,0,0,0.105155279348516,9.61
"51171",6.51720542231491e-05,0.112743847052868,1,0,0.202989223317943,60.1
"51173",0,0,0,0,0.121525411192531,16.45
"51175",0,0,0,0,0.141990756907066,27.2
"51177",0.00122027030138374,2.11099634440398,1,1,0.350961079215366,96.53
"51179",0.000152572758134035,0.263941959671848,1,0,0.239731845389877,74.77
"51181",0.000394788787998421,0.682961543300123,1,0,0.0977318213145175,7.03
"51183",0.000273373428102788,0.472920062651507,1,0,0.145974721647945,29.56
"51185",0.000992654357752631,1.71723405715626,1,1,0.193885449868095,54.92
"51187",0,0,0,0,0.219912980762636,67.45
"51191",0.00220712338252478,3.81819453187951,1,1,0.232996165666325,72.38
"51193",0.00241954996370675,4.18568010931336,1,1,0.161457876349574,37.77
"51195",0,0,0,0,0.144064332357245,28.35
"51197",0,0,0,0,0.192023782398295,53.71
"51199",0.000297663342759339,0.514940196213488,1,0,0.216753840737383,65.92
"51510",0,0,0,0,0.19486918203104,55.55
"51520",8.98472596585804e-05,0.155430511157162,1,0,0.149310427431375,31.59
"51530",0,0,0,0,0.101303501198046,8.08
"51540",5.04731861198738e-05,0.0873156638071527,1,0,0.19551665042309,56
"51550",0.000761838801835339,1.31793662754541,1,1,0.339793829623667,95.42
"51570",0.000872684960729177,1.50969400781663,1,1,0.19138887383186,53.48
"51580",0,0,0,0,0.1318070859635,21.41
"51590",0,0,0,0,0.213630993957808,64.49
"51595",0,0,0,0,0.127398929791001,19.38
"51600",0,0,0,0,0.175564596831113,45.69
"51610",0,0,0,0,0.14696490653527,30.29
"51620",0,0,0,0,0.138740118986116,25.29
"51630",0,0,0,0,0.206737019080586,61.72
"51640",0.000318725099601594,0.551375805316084,1,0,0.16229032594372,38.24
"51650",3.19014882044247e-05,0.0551877112015444,1,0,0.205351060854145,61.09
"51660",0,0,0,0,0.230620346319596,71.62
"51670",0,0,0,0,0.154485695994812,34.36
"51678",0.000295028765304617,0.51038253110465,1,0,0.0914984424550462,5.19
"51680",0.00224506486633846,3.88383108268397,1,1,0.209036200795171,62.71
"51683",0,0,0,0,0.201649908688302,59.47
"51685",0,0,0,0,0.156414755098518,35.16
"51690",0,0,0,0,0.139759134500496,25.87
"51700",0,0,0,0,0.13346689669428,22.21
"51710",0.000983167695241705,1.7008226851361,1,1,0.18985053750437,52.82
"51720",0,0,0,0,0.135528565397946,23.32
"51730",0,0,0,0,0.198234777119874,57.33
"51735",0,0,0,0,0.123986521655324,17.53
"51740",0.000887579551677903,1.53546078015264,1,1,0.136884467152649,24.12
"51750",0,0,0,0,0.107525141208584,10.5
"51760",9.83257312976265e-05,0.170097771858224,1,0,0.19579713477921,56.19
"51770",1.41643059490085e-05,0.0245034219430483,1,0,0.244480414430615,76.07
"51775",0.00850355439575272,14.7106524050603,1,1,0.202240494227628,59.82
"51790",0,0,0,0,0.200238303019178,58.7
"51800",2.4548311076198e-05,0.0424671442748236,1,0,0.202041353973861,59.69
"51810",0.000253649088016234,0.438798106416661,1,0,0.265465747841839,81.99
"51820",0,0,0,0,0.196986489283512,56.79
"51830",0,0,0,0,0.109859474464957,11.29
"51840",0.00246223953548197,4.25953057495157,1,1,0.180350612507078,48.3
"53001",0,0,0,0,0.116842727601314,14.13
"53003",0,0,0,0,0.207914776781338,62.23
"53005",1.8373402662306e-05,0.0317849134002593,1,0,0.240059114676726,74.86
"53007",0.000181035523192662,0.313180880689804,1,0,0.229939841285065,71.43
"53009",3.4778979584739e-05,0.0601656032128547,1,0,0.262587151226899,81.29
"53011",0.00128710597332006,2.22661815292737,1,1,0.36916980235751,98.15
"53013",0,0,0,0,0.103377946416762,8.85
"53015",0.0016805255461708,2.90721103399898,1,1,0.288092821841353,87.02
"53017",0,0,0,0,0.204098720484694,60.48
"53019",0,0,0,0,0.134934204747078,22.94
"53021",0.000720288115246098,1.24605636675573,1,1,0.260565762485804,80.69
"53023",0,0,0,0,0.08500737363846,3.95
"53025",2.09942895532415e-05,0.0363188946334232,1,0,0.184991788003013,50.68
"53027",0,0,0,0,0.220968507575154,67.9
"53029",0,0,0,0,0.250069056457046,78.01
"53031",0,0,0,0,0.260083789697036,80.46
"53033",0.000115627890697267,0.200029496986271,1,0,0.272775223354679,83.65
"53035",9.0800955226049e-06,0.0157080348782742,1,0,0.261690548423638,81.04
"53037",0,0,0,0,0.242297170460932,75.53
"53039",0,0,0,0,0.181261717019087,48.65
"53041",0,0,0,0,0.290627851347856,87.62
"53043",0,0,0,0,0.133455738725637,22.18
"53045",0.000697999069334574,1.20749761925026,1,1,0.215257687862271,65.29
"53047",0,0,0,0,0.182650474695953,49.41
"53049",0,0,0,0,0.190550576035612,53.1
"53051",0.00156087408949011,2.70022100288118,1,1,0.158788014978686,36.33
"53053",0.00041908697516666,0.724995987824121,1,0,0.33486831315711,94.81
"53055",0,0,0,0,0.271774269981623,83.42
"53057",0.00076090912098455,1.31632833397697,1,1,0.335961993073089,94.88
"53059",0,0,0,0,0.158490246440785,36.18
"53061",0.000343679264289354,0.594545052632668,1,0,0.356393793386287,97.3
"53063",0.00144699140401146,2.50321060898425,1,1,0.405633813897394,99.71
"53065",0,0,0,0,0.243033544158012,75.79
"53067",0.000570772233692474,0.987402625013326,1,0,0.261221163839176,80.88
"53069",0,0,0,0,0.144973293221495,28.86
"53071",2.97159158445263e-05,0.0514067986799956,1,0,0.193926647910281,54.98
"53073",0.000176809975804951,0.305870930526754,1,0,0.368202352101139,98.03
"53075",0,0,0,0,0.139212923115016,25.49
"53077",0.00184287175642858,3.18806049496954,1,1,0.225864331646693,69.62
"54001",0,0,0,0,0.116983023915722,14.29
"54003",2.26567279153545e-05,0.0391948158954893,1,0,0.231369875409128,71.84
"54005",0,0,0,0,0.144018571815169,28.32
"54007",0,0,0,0,0.149832624694391,31.91
"54009",0.00920046650252689,15.9162696425715,1,1,0.159649209403023,36.81
"54011",0.00153090287667331,2.64837255535126,1,1,0.253432526760689,78.97
"54013",0,0,0,0,0.0913777337133994,5.12
"54015",0,0,0,0,0.0896914517265591,4.71
"54017",0,0,0,0,0.086375384661556,4.17
"54019",0,0,0,0,0.219349036779955,67.13
"54021",0,0,0,0,0.093591967659575,5.73
"54023",0,0,0,0,0.180650705906078,48.36
"54025",0.000135299688810716,0.234060558676662,1,0,0.220122260393542,67.61
"54027",0,0,0,0,0.198975577789821,57.78
"54029",0,0,0,0,0.169469476618672,42.6
"54031",0.000142470437384243,0.246465534859554,1,0,0.14413822207148,28.41
"54033",0.000847162007275627,1.46554078915865,1,1,0.223352951142745,68.41
"54035",0,0,0,0,0.17770770270719,46.83
"54037",9.25583117363939e-05,0.160120472897002,1,0,0.207601594219303,62.11
"54039",0.00042747221430607,0.7395019617466,1,0,0.267489159913812,82.34
"54041",0,0,0,0,0.175146163523783,45.5
"54043",0,0,0,0,0.136954231734438,24.18
"54045",0,0,0,0,0.163097592468036,38.69
"54047",0,0,0,0,0.10053313920489,7.67
"54049",0,0,0,0,0.245186119674203,76.33
"54051",8.77577885037297e-05,0.151815848106995,1,0,0.149812000018604,31.88
"54053",0.00422594731652345,7.31064201653421,1,1,0.14688014650012,30.19
"54055",0.00196078431372549,3.39204233172394,1,1,0.253821917213327,79.03
"54057",0,0,0,0,0.160524912776281,37.13
"54059",0,0,0,0,0.133484269333743,22.24
"54061",0.000363708003091518,0.629193600865338,1,0,0.184366113923549,50.27
"54063",0,0,0,0,0.160689589494547,37.32
"54065",0,0,0,0,0.184950856498318,50.62
"54067",0,0,0,0,0.174933383864688,45.31
"54069",0.000205282605720542,0.355126917171044,1,0,0.223269632316518,68.37
"54071",0,0,0,0,0.165161786582223,40.03
"54073",0,0,0,0,0.112095512412471,12.25
"54075",0,0,0,0,0.119373286916761,15.49
"54077",0,0,0,0,0.19306547824817,54.22
"54079",0.0024391269607637,4.21954717071341,1,1,0.283810689841002,85.81
"54081",0.000822835092498014,1.42345664754844,1,1,0.2378944837602,74.29
"54083",0,0,0,0,0.214518160390391,64.87
"54085",0,0,0,0,0.128454595095646,19.95
"54087",0,0,0,0,0.154060184767869,34.11
"54089",0,0,0,0,0.131760185367748,21.35
"54091",0,0,0,0,0.146582371702316,29.94
"54093",0.00689655172413793,11.9306316495118,1,1,0.123400493469299,17.24
"54095",0,0,0,0,0.106293072783498,9.93
"54097",0,0,0,0,0.186450295825361,51.32
"54099",0,0,0,0,0.161187423681384,37.54
"54101",0,0,0,0,0.100136064364213,7.51
"54103",0,0,0,0,0.146102343443993,29.65
"54105",0,0,0,0,0.104924092445087,9.51
"54107",0.000746652935118435,1.29166596514411,1,1,0.280537254728146,85.08
"54109",0.000209951711106446,0.363204196762379,1,0,0.126175356120818,18.45
"55001",0,0,0,0,0.15777001454931,35.92
"55003",0,0,0,0,0.184522386525302,50.33
"55005",0.00842971167942662,14.5829088190298,1,1,0.240354796322029,74.99
"55007",0,0,0,0,0.176921869109103,46.48
"55009",2.91691460440804e-05,0.050460918862497,1,0,0.330081405420081,94.15
"55011",0,0,0,0,0.15983172937686,36.94
"55013",0,0,0,0,0.171189413450384,43.37
"55015",0.000535589952332494,0.926539333286494,1,0,0.197348352261259,56.92
"55017",0.00594328972707351,10.281544075406,1,1,0.303356311690025,90.1
"55019",0,0,0,0,0.203323764616391,60.2
"55021",0.00133901399878271,2.31641600498738,1,1,0.260441398474768,80.56
"55023",0,0,0,0,0.151548133358827,32.9
"55025",0.000384494565558836,0.665153139773624,1,0,0.266301406747137,82.18
"55027",0,0,0,0,0.200298316581968,58.77
"55029",0,0,0,0,0.243082912879184,75.82
"55031",0,0,0,0,0.238603915606312,74.48
"55033",0.00278837687114764,4.8237291157037,1,1,0.197763658198121,57.21
"55035",0,0,0,0,0.289602050055737,87.31
"55037",0.000798722044728434,1.38174248336998,1,1,0.12650402467506,18.71
"55039",0,0,0,0,0.299222816561747,89.21
"55041",0,0,0,0,0.1370216338743,24.28
"55043",0,0,0,0,0.236282653567687,73.72
"55045",0,0,0,0,0.189936718306376,52.85
"55047",0.00014009526478005,0.242356624990083,1,0,0.194294364055731,55.2
"55049",0,0,0,0,0.166787598092749,41.17
"55051",0,0,0,0,0.153326059632651,33.69
"55053",0.0140648486149882,24.3313665645777,1,1,0.130163672379833,20.62
"55055",2.57314154851658e-05,0.0445138457962384,1,0,0.257313621698662,79.89
"55057",0,0,0,0,0.173454438785472,44.45
"55059",1.22559533293297e-05,0.0212020833794469,1,0,0.250649933661378,78.17
"55061",0.00146429375985582,2.53314267395019,1,1,0.163566205023897,39.13
"55063",0.000917154724001939,1.58662410076314,1,1,0.287447828073258,86.86
"55065",0,0,0,0,0.169725657406,42.7
"55067",0,0,0,0,0.197912745040927,57.24
"55069",8.80902043692741e-05,0.152390908137704,1,0,0.199594875071916,58.13
"55071",0.00191357040344443,3.31036502474096,1,1,0.258273483407982,80.05
"55073",0.0067052767052767,11.5997370394127,1,1,0.32472520457886,93.54
"55075",0,0,0,0,0.193340323013831,54.47
"55077",0,0,0,0,0.142609399069178,27.55
"55078",0,0,0,0,0.0780952805671668,2.51
"55079",0.00055587831669237,0.961637018569063,1,0,0.30375820933537,90.14
"55081",0,0,0,0,0.179836442527119,48.11
"55083",0,0,0,0,0.202331597135638,59.88
"55085",0.00106917566556185,1.84961144999381,1,1,0.270123730693202,82.95
"55087",0.000210901053661664,0.364846503931029,1,0,0.352176312103155,96.82
"55089",2.10464284210969e-05,0.036409091829339,1,0,0.281234469067283,85.11
"55091",0.00379048931771192,6.55732511404939,1,1,0.157161860238619,35.54
"55093",0,0,0,0,0.21980978615339,67.36
"55095",0,0,0,0,0.231400832160248,71.87
"55097",2.63414377156705e-05,0.0455691486231123,1,0,0.24608779245502,76.65
"55099",0,0,0,0,0.151488870360871,32.83
"55101",0,0,0,0,0.315164374939594,92.01
"55103",0,0,0,0,0.150148224102549,32.07
"55105",1.3087806091065e-05,0.0226411400680463,1,0,0.311627974114017,91.31
"55107",0.00345454545454545,5.97616185352819,1,1,0.166048096496338,40.69
"55109",0.00242502821196187,4.19515715880574,1,1,0.323034106382363,93.32
"55111",0.00289002939857492,4.99958205054533,1,1,0.235172337786671,73.21
"55113",0,0,0,0,0.205002919578376,60.87
"55115",0,0,0,0,0.234536709940905,72.96
"55117",1.49819467541612e-05,0.025917892776892,1,0,0.234923434697411,73.18
"55119",0,0,0,0,0.181503304312781,48.74
"55121",0,0,0,0,0.186987573564363,51.64
"55123",0,0,0,0,0.229992725432003,71.49
"55125",0,0,0,0,0.232780989383411,72.32
"55127",0,0,0,0,0.291463815707828,87.78
"55129",0,0,0,0,0.206287774280412,61.47
"55131",0.000307068721979979,0.531210952889275,1,0,0.314622065553196,91.85
"55133",8.17965496728138e-05,0.141503253130364,1,0,0.406129556642183,99.75
"55135",0.00246457178065311,4.26356522286928,1,1,0.218663268314649,66.85
"55137",0,0,0,0,0.170905026851091,43.21
"55139",1.97156996116007e-05,0.0341070087178725,1,0,0.227397640492496,70.19
"55141",0,0,0,0,0.231724703569348,72.03
"56001",0,0,0,0,0.193937669549215,55.01
"56003",0,0,0,0,0.16738062697314,41.52
"56005",3.68554896251797e-05,0.0637578442921613,1,0,0.225502593575551,69.42
"56007",0,0,0,0,0.163311717227955,38.82
"56009",0,0,0,0,0.157612631589903,35.79
"56011",0.00124416796267496,2.15233790255578,1,1,0.16197956873882,38.08
"56013",0,0,0,0,0.245868845637164,76.55
"56015",0,0,0,0,0.189716832799989,52.72
"56017",0,0,0,0,0.13987362270434,25.93
"56019",0,0,0,0,0.225317583359359,69.36
"56021",0.00167098919078867,2.89071369621424,1,1,0.281747053331164,85.21
"56023",0,0,0,0,0.220964901596694,67.87
"56025",0.0015767186232994,2.72763112087902,1,1,0.381755647544754,98.98
"56027",0,0,0,0,0.101275355647536,8.05
"56029",5.98945855294681e-05,0.103614134474078,1,0,0.280025501420563,84.98
"56031",0,0,0,0,0.16288566136965,38.59
"56033",0,0,0,0,0.300302724512716,89.47
"56035",0,0,0,0,0.183111924095696,49.57
"56037",0,0,0,0,0.22526128395555,69.3
"56039",0,0,0,0,0.216775103105137,65.99
"56041",0.00230440030725337,3.98647792963497,1,1,0.226370469669152,69.84
"56043",0,0,0,0,0.19276438671227,54.06
"56045",0,0,0,0,0.148478398620907,31.05
