"county_geoid","industry_employment_share","location_quotient","industry_present","industry_comparative_advantage","industry_feasibility","industry_feasibility_percentile_score"
"01001",0,0,0,0,0.10772563455778,70.16
"01003",0,0,0,0,0.201082288071259,92.87
"01005",0,0,0,0,0.0573203070430153,29.46
"01007",0,0,0,0,0.0529609227212546,23.93
"01009",0,0,0,0,0.103765831229615,67.99
"01011",0,0,0,0,0.0517363557526903,22.3
"01013",0,0,0,0,0.0569430120513178,28.95
"01015",0,0,0,0,0.125625455092291,76.96
"01017",0,0,0,0,0.0734802199543683,46.42
"01019",0,0,0,0,0.0751852059855008,47.98
"01021",0,0,0,0,0.0949145525777068,63.28
"01023",0,0,0,0,0.0410629779393624,10.85
"01025",0,0,0,0,0.0605321609503096,32.93
"01027",0,0,0,0,0.0344757219088066,5.89
"01029",0,0,0,0,0.0511382862205818,21.64
"01031",0,0,0,0,0.107038720996166,69.68
"01033",0,0,0,0,0.112624414018044,72.03
"01035",0,0,0,0,0.0450427337867142,14.67
"01037",0,0,0,0,0.0460768588177152,15.78
"01039",0,0,0,0,0.0881045136100587,58.51
"01041",0,0,0,0,0.0540079055780079,25.33
"01043",0,0,0,0,0.123202803179073,76.2
"01045",0,0,0,0,0.0831966796887633,55.39
"01047",0,0,0,0,0.0887162053335795,59.08
"01049",0,0,0,0,0.0932017547411947,62.27
"01051",0,0,0,0,0.109021741556479,70.66
"01053",0,0,0,0,0.0766161589370018,49.67
"01055",0,0,0,0,0.114636520745898,72.99
"01057",0,0,0,0,0.0573438746205788,29.56
"01059",0,0,0,0,0.0554300289741894,27.24
"01061",0,0,0,0,0.0738770621235259,46.9
"01063",0,0,0,0,0.0397242604781098,9.58
"01065",0,0,0,0,0.0589586927521419,31.37
"01067",0,0,0,0,0.06487637027674,37.99
"01069",0,0,0,0,0.154026358754886,85.3
"01071",0,0,0,0,0.0876111912046091,58.07
"01073",0,0,0,0,0.207868400294393,93.48
"01075",0,0,0,0,0.055946127798687,27.84
"01077",0,0,0,0,0.133009670981801,79.57
"01079",0,0,0,0,0.071586165826409,44.77
"01081",0,0,0,0,0.128911649943846,78.36
"01083",0,0,0,0,0.102896692259441,67.71
"01085",0,0,0,0,0.0390440442458478,9.07
"01087",0,0,0,0,0.0418744449981421,11.87
"01089",0.00830002099766649,73.4539992693357,1,1,0.247761250895994,96.75
"01091",0,0,0,0,0.0652340415186723,38.37
"01093",0,0,0,0,0.0549128932382844,26.66
"01095",0,0,0,0,0.0998424439036495,66.12
"01097",0,0,0,0,0.212541814260645,94.11
"01099",0,0,0,0,0.0660724709624191,39.36
"01101",0,0,0,0,0.161732695466035,86.7
"01103",0,0,0,0,0.152975265750733,85.08
"01105",0,0,0,0,0.0424435506177847,12.41
"01107",0,0,0,0,0.0532596953441321,24.24
"01109",0,0,0,0,0.0604770951056082,32.83
"01111",0,0,0,0,0.0668657998912566,39.99
"01113",0,0,0,0,0.089755095983639,59.94
"01115",0,0,0,0,0.135417021790146,80.53
"01117",0,0,0,0,0.212120267207619,93.99
"01119",0,0,0,0,0.0509803000777851,21.51
"01121",0,0,0,0,0.0822297821471066,54.92
"01123",0,0,0,0,0.076345314585452,49.19
"01125",0,0,0,0,0.122144758898921,75.69
"01127",0,0,0,0,0.0967710211600493,64.46
"01129",0,0,0,0,0.0405239564973546,10.12
"01131",0,0,0,0,0.0615129773650876,33.95
"01133",0,0,0,0,0.0586024388050257,31.12
"02013",0,0,0,0,0.0248291239729091,1.27
"02016",0,0,0,0,0.0412624187617729,11.1
"02020",0,0,0,0,0.217108620134652,94.5
"02050",0,0,0,0,0.0532642163246242,24.28
"02060",0,0,0,0,0.0436582028953504,13.59
"02063",0,0,0,0,0.098021604436517,65.07
"02066",0,0,0,0,0.0843630579877352,56.32
"02068",0,0,0,0,0.0533814394101505,24.37
"02070",0,0,0,0,0.0387100201326958,8.72
"02090",0,0,0,0,0.133794624717315,79.89
"02100",0,0,0,0,0.0703389911665461,43.68
"02105",0,0,0,0,0.0624693683425536,35.09
"02110",0,0,0,0,0.131410328677842,79.13
"02122",0,0,0,0,0.158563239097825,86.16
"02130",0,0,0,0,0.0975448125868303,64.84
"02150",0,0,0,0,0.0987365409927733,65.54
"02158",0,0,0,0,0.0247640890820619,1.24
"02164",0,0,0,0,0.0299536274428456,3.12
"02170",0,0,0,0,0.155205477003342,85.43
"02180",0,0,0,0,0.0472225649192876,17.18
"02185",0,0,0,0,0.039556210268593,9.42
"02188",0,0,0,0,0.0313243782543847,4.07
"02195",0,0,0,0,0.0701627254627407,43.46
"02198",0,0,0,0,0.0568513072184465,28.79
"02220",0,0,0,0,0.107397648671258,70
"02230",0,0,0,0,0.0584673806421359,30.96
"02240",0,0,0,0,0.0770301726463624,49.95
"02275",0,0,0,0,0.0524285252433291,23.16
"02282",0,0,0,0,0.0514783831452098,21.99
"02290",0,0,0,0,0.0527678060649528,23.61
"04001",0,0,0,0,0.047683557597454,17.56
"04003",0,0,0,0,0.122561890554997,75.91
"04005",0,0,0,0,0.157913171897464,86.03
"04007",0,0,0,0,0.0716848882704016,44.89
"04009",0,0,0,0,0.076436255251743,49.32
"04011",0,0,0,0,0.023533346296899,1.02
"04012",0,0,0,0,0.0553805058755293,27.2
"04013",3.70055429579239e-05,0.3274937649142,1,0,0.353281646333921,99.65
"04015",0,0,0,0,0.166816863977241,87.81
"04017",0,0,0,0,0.111526222315785,71.75
"04019",0,0,0,0,0.225286084195841,95.04
"04021",0,0,0,0,0.146588924953541,83.36
"04023",0,0,0,0,0.0954189306022941,63.54
"04025",0,0,0,0,0.187768214550321,91.06
"04027",0,0,0,0,0.118601755407024,74.42
"05001",0,0,0,0,0.0535775262970682,24.63
"05003",0,0,0,0,0.0550885326182982,26.79
"05005",0,0,0,0,0.110193425321517,71.17
"05007",0,0,0,0,0.171353161644081,88.9
"05009",0,0,0,0,0.106378449899455,69.3
"05011",0,0,0,0,0.0458741629471013,15.62
"05013",0.283123720386078,2505.60445042458,1,1,0.0744158832940886,47.44
"05015",0,0,0,0,0.0792971270298267,51.89
"05017",0,0,0,0,0.0452452009153383,14.83
"05019",0,0,0,0,0.0606371202946878,33.09
"05021",0,0,0,0,0.0666232926006935,39.87
"05023",0,0,0,0,0.0868681599147027,57.56
"05025",0,0,0,0,0.0320724742199561,4.52
"05027",0,0,0,0,0.0648029483088251,37.86
"05029",0,0,0,0,0.070799583163456,44.13
"05031",0,0,0,0,0.136382163962848,80.85
"05033",0,0,0,0,0.101231698428531,66.85
"05035",0,0,0,0,0.0951309317589304,63.41
"05037",0,0,0,0,0.0502460834002793,20.65
"05039",0,0,0,0,0.0420473199156052,12.15
"05041",0,0,0,0,0.044115417752691,13.9
"05043",0,0,0,0,0.0688734849686621,42
"05045",0,0,0,0,0.155719521319723,85.62
"05047",0,0,0,0,0.0522685207867242,23.1
"05049",0,0,0,0,0.0535928645970661,24.66
"05051",0,0,0,0,0.171210764895343,88.83
"05053",0,0,0,0,0.0618265910564646,34.2
"05055",0,0,0,0,0.08693818634921,57.62
"05057",0,0,0,0,0.059343510905887,31.85
"05059",0,0,0,0,0.0677582827907137,40.82
"05061",0,0,0,0,0.0481436250538423,18.29
"05063",0,0,0,0,0.078443486937017,51.03
"05065",0,0,0,0,0.0665105245511978,39.74
"05067",0,0,0,0,0.0496344015261525,19.92
"05069",0,0,0,0,0.0949248243237656,63.32
"05071",0,0,0,0,0.0558655305206561,27.68
"05073",0,0,0,0,0.0415333111954831,11.45
"05075",0,0,0,0,0.0573252517995483,29.53
"05077",0,0,0,0,0.0405822215885655,10.24
"05079",0,0,0,0,0.0298106849509937,3.09
"05081",0,0,0,0,0.0400738935035017,9.77
"05083",0,0,0,0,0.0588393523417642,31.28
"05085",0,0,0,0,0.103895023510167,68.15
"05087",0,0,0,0,0.0648560942579493,37.93
"05089",0,0,0,0,0.061933454271716,34.43
"05091",0,0,0,0,0.0882104083470965,58.64
"05093",0,0,0,0,0.0633313989416815,36.05
"05095",0,0,0,0,0.0466768161168629,16.58
"05097",0,0,0,0,0.0677393335958815,40.76
"05099",0,0,0,0,0.0354272627484203,6.55
"05101",0,0,0,0,0.0548299666817173,26.54
"05103",0.0012647021626407,11.1924333392235,1,1,0.136056256470338,80.72
"05105",0,0,0,0,0.0626384826997359,35.35
"05107",0,0,0,0,0.058418468274177,30.83
"05109",0,0,0,0,0.0562011341925148,28.19
"05111",0,0,0,0,0.044505010313286,14.19
"05113",0,0,0,0,0.0692472794334706,42.22
"05115",0,0,0,0,0.114298360173506,72.86
"05117",0,0,0,0,0.0371079040877894,7.67
"05119",0,0,0,0,0.200147793416043,92.65
"05121",0,0,0,0,0.0501465062334932,20.55
"05123",0,0,0,0,0.0585109480256819,31.02
"05125",0,0,0,0,0.130697047258399,78.91
"05127",0,0,0,0,0.0325606857448917,4.74
"05129",0,0,0,0,0.0626262129092087,35.32
"05131",0,0,0,0,0.162163846558117,86.76
"05133",0,0,0,0,0.0509239964087061,21.41
"05135",0,0,0,0,0.0774132378912321,50.17
"05137",0,0,0,0,0.0726619229581927,45.69
"05139",0,0,0,0,0.0906366976903383,60.48
"05141",0,0,0,0,0.0759072867280387,48.71
"05143",0,0,0,0,0.179666129108305,90.04
"05145",0,0,0,0,0.108845162496462,70.6
"05147",0,0,0,0,0.0260323511401824,1.72
"05149",0,0,0,0,0.0529732419995481,23.96
"06001",2.268643714042e-06,0.02007717254697,1,0,0.340023460105675,99.55
"06003",0,0,0,0,0.0836037438877066,55.84
"06005",0,0,0,0,0.110857675762587,71.4
"06007",0,0,0,0,0.172393133209105,89.12
"06009",0,0,0,0,0.124509602940235,76.55
"06011",0,0,0,0,0.0505365761072431,21.06
"06013",0,0,0,0,0.264348420046209,97.87
"06015",0,0,0,0,0.0673347138736848,40.34
"06017",0,0,0,0,0.178622856703767,89.82
"06019",0,0,0,0,0.170244629268357,88.61
"06021",0,0,0,0,0.07433269250234,47.38
"06023",0,0,0,0,0.133974973974267,79.96
"06025",0,0,0,0,0.0934201266025568,62.39
"06027",0,0,0,0,0.085687705154296,56.98
"06029",2.57473158423234e-06,0.0227860064402379,1,0,0.146814647348152,83.39
"06031",0,0,0,0,0.0560612057784056,28
"06033",0,0,0,0,0.0878883984942206,58.29
"06035",0,0,0,0,0.0550131734770403,26.76
"06037",0.000142565621585158,1.26168537003615,1,1,0.467463296898365,99.94
"06039",0,0,0,0,0.102269730325669,67.39
"06041",0,0,0,0,0.254972522503078,97.36
"06043",0,0,0,0,0.0778192004732707,50.49
"06045",0,0,0,0,0.128823723045949,78.3
"06047",0,0,0,0,0.0939047475674076,62.81
"06049",0,0,0,0,0.0548065124339114,26.5
"06051",0,0,0,0,0.0757540725404483,48.55
"06053",0,0,0,0,0.100658900475129,66.47
"06055",0,0,0,0,0.126750295848891,77.31
"06057",0,0,0,0,0.206730480118005,93.38
"06059",0.000246970566285174,2.18565420503862,1,1,0.482820239005066,100
"06061",0,0,0,0,0.208420208805224,93.51
"06063",0,0,0,0,0.0860500535274166,57.14
"06065",2.07663833785867e-06,0.0183779524165819,1,0,0.23106121605468,95.48
"06067",0,0,0,0,0.210321959656039,93.73
"06069",0,0,0,0,0.119465216177451,74.77
"06071",2.07641196013289e-06,0.0183759490060714,1,0,0.26347798830651,97.77
"06073",5.51386765284028e-07,0.00487969404724171,1,0,0.344840037324133,99.59
"06075",0,0,0,0,0.261533668242662,97.71
"06077",3.12547858890893e-06,0.027660038697563,1,0,0.177103665005339,89.56
"06079",0,0,0,0,0.200085957107064,92.62
"06081",0,0,0,0,0.226616885738386,95.16
"06083",0.000984279875729603,8.71073618885913,1,1,0.305638428067014,99.05
"06085",8.1340292808786e-07,0.00719849963057191,1,0,0.218327032722805,94.62
"06087",0,0,0,0,0.242532701990433,96.5
"06089",0,0,0,0,0.176859298479088,89.5
"06091",0,0,0,0,0.0843355364199082,56.25
"06093",0,0,0,0,0.0893396480589929,59.56
"06095",0,0,0,0,0.21629594571277,94.4
"06097",0,0,0,0,0.256005410262249,97.45
"06099",0,0,0,0,0.182885087032393,90.52
"06101",0,0,0,0,0.127619558827449,77.66
"06103",0,0,0,0,0.0754887465326672,48.39
"06105",0,0,0,0,0.0778413440360796,50.52
"06107",0,0,0,0,0.122319325830837,75.79
"06109",0,0,0,0,0.111605600272154,71.78
"06111",0,0,0,0,0.2967677233085,98.85
"06113",0,0,0,0,0.136019870838712,80.69
"06115",0,0,0,0,0.0867781443187008,57.46
"08001",0,0,0,0,0.217666134935828,94.53
"08003",0,0,0,0,0.0804841638400314,53.1
"08005",0,0,0,0,0.27229193153099,98.19
"08007",0,0,0,0,0.116303101796222,73.62
"08009",0,0,0,0,0.0457275522196576,15.4
"08011",0,0,0,0,0.0368579585178652,7.48
"08013",0,0,0,0,0.301229888867689,98.95
"08014",0,0,0,0,0.18948373181964,91.22
"08015",0,0,0,0,0.133814654975659,79.92
"08017",0,0,0,0,0.054348072071848,25.87
"08019",0,0,0,0,0.0941679503525586,62.93
"08021",0,0,0,0,0.0528452561432866,23.67
"08023",0,0,0,0,0.0475130327175995,17.4
"08025",0,0,0,0,0.0191416589407639,0.29
"08027",0,0,0,0,0.0854891751093014,56.79
"08029",0,0,0,0,0.126589927548015,77.19
"08031",0,0,0,0,0.308995795621047,99.17
"08033",0,0,0,0,0.0897734321100637,59.97
"08035",0,0,0,0,0.236976520041932,95.99
"08037",0,0,0,0,0.146277185487347,83.33
"08039",0,0,0,0,0.142740412726052,82.31
"08041",0,0,0,0,0.210564905575128,93.83
"08043",0.00390720390720391,34.5781960100571,1,1,0.155528244777479,85.56
"08045",0,0,0,0,0.155879786840191,85.68
"08047",0,0,0,0,0.0353147016439724,6.36
"08049",0,0,0,0,0.0975976877230339,64.87
"08051",0,0,0,0,0.128659461283963,78.17
"08053",0,0,0,0,0.0529897758125699,24.05
"08055",0,0,0,0,0.0473288130645935,17.28
"08057",0,0,0,0,0.0615777924155442,33.98
"08059",0.000396279966441156,3.5070210513449,1,1,0.360746327271002,99.78
"08061",0,0,0,0,0.0484364012611171,18.71
"08063",0,0,0,0,0.055365364521652,27.14
"08065",0,0,0,0,0.0665525164164748,39.77
"08067",0,0,0,0,0.192318800854585,91.66
"08069",0,0,0,0,0.237850753759348,96.05
"08071",0,0,0,0,0.068009125500968,41.17
"08073",0,0,0,0,0.0456820507260793,15.34
"08075",0,0,0,0,0.0711935283224984,44.38
"08077",0,0,0,0,0.203543874122187,93.06
"08079",0,0,0,0,0.0415828986650215,11.52
"08081",0,0,0,0,0.075091021708389,47.92
"08083",0,0,0,0,0.122041213102257,75.63
"08085",0,0,0,0,0.164513479888705,87.21
"08087",0,0,0,0,0.0588766561025675,31.34
"08089",0,0,0,0,0.0648501229971293,37.89
"08091",0,0,0,0,0.111468052621768,71.71
"08093",0,0,0,0,0.128331304275764,77.98
"08095",0,0,0,0,0.0353710389898886,6.46
"08097",0,0,0,0,0.125931687024773,77.06
"08099",0,0,0,0,0.0489015701212908,19.28
"08101",0,0,0,0,0.151146584521416,84.7
"08103",0,0,0,0,0.0425572715165297,12.54
"08105",0,0,0,0,0.0545384492203772,26.09
"08107",0,0,0,0,0.17112478689387,88.8
"08109",0,0,0,0,0.0493969894619426,19.73
"08111",0,0,0,0,0.0790696320304773,51.57
"08113",0,0,0,0,0.11131317546947,71.59
"08115",0,0,0,0,0.0438575207915105,13.71
"08117",0,0,0,0,0.119651714291799,74.86
"08119",0,0,0,0,0.108162644648905,70.31
"08121",0,0,0,0,0.0576668926856627,29.94
"08123",0.00183022673279407,16.197244938437,1,1,0.242109113167558,96.47
"08125",0,0,0,0,0.0471364997206945,17.05
"09110",0,0,0,0,0.221351067301205,94.88
"09120",0,0,0,0,0.224196102782252,95
"09130",0,0,0,0,0.191659863156238,91.54
"09140",0,0,0,0,0.244041313538475,96.56
"09150",0,0,0,0,0.153013670985195,85.11
"09160",0,0,0,0,0.180995075757164,90.2
"09170",0,0,0,0,0.216568800319167,94.43
"09180",0,0,0,0,0.143134231910153,82.47
"09190",0,0,0,0,0.276569673383918,98.31
"10001",0,0,0,0,0.143285207951711,82.56
"10003",0,0,0,0,0.186972989342932,90.93
"10005",0,0,0,0,0.158986744751911,86.29
"11001",1.3559923768574e-05,0.120003386843131,1,0,0.150509888198892,84.38
"12001",0,0,0,0,0.137275985956404,81.1
"12003",0,0,0,0,0.0573205616282009,29.49
"12005",0,0,0,0,0.203577266791803,93.1
"12007",0,0,0,0,0.0731349344803363,46.13
"12009",0.00279334845615943,24.720734503614,1,1,0.324936273231106,99.4
"12011",0,0,0,0,0.360731296476987,99.75
"12013",0,0,0,0,0.0483501759582144,18.55
"12015",0,0,0,0,0.178115770153348,89.76
"12017",0,0,0,0,0.147223031954711,83.52
"12019",0,0,0,0,0.18680814570742,90.9
"12021",0,0,0,0,0.218566675594995,94.65
"12023",0,0,0,0,0.115367905004032,73.27
"12027",0,0,0,0,0.0796490897410869,52.37
"12029",0,0,0,0,0.0569983455524711,29.02
"12031",2.3833546511166e-05,0.210923479411565,1,0,0.305803746933441,99.08
"12033",0.000209755983872095,1.85631047083031,1,1,0.257662515905332,97.52
"12035",0,0,0,0,0.17020229390269,88.58
"12037",0,0,0,0,0.0943692532632142,63.06
"12039",0,0,0,0,0.0625790914078498,35.19
"12041",0,0,0,0,0.0568910040321616,28.89
"12043",0,0,0,0,0.0685419176341926,41.65
"12045",0,0,0,0,0.0900059101854157,60.13
"12047",0,0,0,0,0.0460846944001458,15.84
"12049",0.00135019025408126,11.948990727208,1,1,0.11833635257601,74.32
"12051",0,0,0,0,0.0882826750968989,58.7
"12053",0,0,0,0,0.165046559836079,87.37
"12055",0,0,0,0,0.142109179254161,82.21
"12057",2.74733136822826e-05,0.243134898539651,1,0,0.320164704842752,99.33
"12059",0,0,0,0,0.0622818417572781,34.81
"12061",0,0,0,0,0.197541015537439,92.46
"12063",0,0,0,0,0.0793843066662072,52.02
"12065",0,0,0,0,0.0734477645351423,46.39
"12067",0,0,0,0,0.0369498824160824,7.6
"12069",0,0,0,0,0.206245486867281,93.29
"12071",0,0,0,0,0.228168338489117,95.29
"12073",0,0,0,0,0.189148560984466,91.19
"12075",0,0,0,0,0.113667476557107,72.35
"12077",0,0,0,0,0.0261076148794326,1.81
"12079",0,0,0,0,0.0560477802971275,27.97
"12081",0,0,0,0,0.241516084998722,96.31
"12083",0,0,0,0,0.202482137545197,93
"12085",0,0,0,0,0.212201079164478,94.05
"12086",3.3360288446398e-05,0.295233783607955,1,0,0.375439329301679,99.81
"12087",0,0,0,0,0.16547827961972,87.4
"12089",0,0,0,0,0.167348879378991,87.94
"12091",0.000191397115728682,1.69383711232058,1,1,0.238698807886954,96.09
"12093",0,0,0,0,0.0926879068591487,61.85
"12095",0.000874603273982961,7.74011394262312,1,1,0.356921209343436,99.68
"12097",0,0,0,0,0.194195610227135,91.82
"12099",1.30212572023829e-06,0.0115236264739399,1,0,0.315842085530541,99.27
"12101",0,0,0,0,0.214370590398645,94.21
"12103",2.23895786688378e-05,0.198144570434691,1,0,0.360053424243982,99.71
"12105",0,0,0,0,0.209169174998123,93.6
"12107",0,0,0,0,0.101957755823336,67.23
"12109",0,0,0,0,0.232575189754761,95.67
"12111",9.52000152320024e-05,0.842506525135088,1,0,0.196827527021812,92.27
"12113",0,0,0,0,0.179782061934773,90.07
"12115",0.00027038822056089,2.39289709762185,1,1,0.304439892719897,99.01
"12117",0,0,0,0,0.286755158656216,98.54
"12119",0,0,0,0,0.120126469066523,75.02
"12121",0,0,0,0,0.0726647399404398,45.72
"12123",0,0,0,0,0.0717014236632522,44.99
"12125",0,0,0,0,0.0352670809077348,6.33
"12127",0,0,0,0,0.237545556292784,96.02
"12129",0,0,0,0,0.108157582034864,70.28
"12131",0,0,0,0,0.181958041974964,90.36
"12133",0,0,0,0,0.0709730588598326,44.26
"13001",0,0,0,0,0.0610774537522165,33.47
"13003",0,0,0,0,0.0460382937951273,15.72
"13005",0,0,0,0,0.0519999048406523,22.65
"13007",0,0,0,0,0.063882810639317,36.84
"13009",0,0,0,0,0.0879011628405087,58.35
"13011",0,0,0,0,0.062687054298815,35.41
"13013",0,0,0,0,0.139853080683229,81.83
"13015",0,0,0,0,0.142924024866203,82.41
"13017",0,0,0,0,0.0526553000012958,23.51
"13019",0,0,0,0,0.0602895453064822,32.58
"13021",0,0,0,0,0.157208856093438,85.87
"13023",0,0,0,0,0.0543275540526106,25.8
"13025",0,0,0,0,0.0469700614764662,16.86
"13027",0,0,0,0,0.0509077634053468,21.38
"13029",0,0,0,0,0.098430337946355,65.35
"13031",0,0,0,0,0.129569066658384,78.62
"13033",0,0,0,0,0.0607521014051632,33.25
"13035",0,0,0,0,0.0500820512750868,20.49
"13037",0,0,0,0,0.0288020137093082,2.8
"13039",0,0,0,0,0.0854501250653779,56.76
"13043",0,0,0,0,0.0587526775073452,31.24
"13045",0,0,0,0,0.116156038697063,73.56
"13047",0,0,0,0,0.113823631890134,72.48
"13049",0,0,0,0,0.0505637650011115,21.13
"13051",0.00284838670541879,25.2078151413641,1,1,0.261463582331609,97.68
"13053",0,0,0,0,0.0252044409285305,1.37
"13055",0,0,0,0,0.0495184880520017,19.79
"13057",0,0,0,0,0.208764367237315,93.54
"13059",0,0,0,0,0.127938454149396,77.82
"13061",0,0,0,0,0.043941170874229,13.81
"13063",0,0,0,0,0.14133725758968,82.12
"13065",0,0,0,0,0.0582908443260544,30.7
"13067",0,0,0,0,0.276450850490102,98.28
"13069",0,0,0,0,0.0752543068683922,48.08
"13071",0,0,0,0,0.0721978028764732,45.37
"13073",0,0,0,0,0.155369998192851,85.49
"13075",0,0,0,0,0.0642723848283473,37.07
"13077",0,0,0,0,0.152536041242599,85.01
"13079",0,0,0,0,0.0437606011889442,13.65
"13081",0,0,0,0,0.0614522667539777,33.92
"13083",0,0,0,0,0.0556694196553884,27.49
"13085",0,0,0,0,0.10462451660321,68.5
"13087",0,0,0,0,0.0741354619105121,47.09
"13089",0,0,0,0,0.232132281011824,95.58
"13091",0,0,0,0,0.0590715193347061,31.5
"13093",0,0,0,0,0.0412861295400827,11.17
"13095",0,0,0,0,0.125390261416721,76.84
"13097",0,0,0,0,0.148355778546522,83.84
"13099",0,0,0,0,0.04775117055515,17.72
"13101",0,0,0,0,0.0364406162161937,7.13
"13103",0,0,0,0,0.093408217148615,62.33
"13105",0,0,0,0,0.062656956666623,35.38
"13107",0,0,0,0,0.063914259060141,36.88
"13109",0,0,0,0,0.0457929280091048,15.53
"13111",0,0,0,0,0.100037308155187,66.21
"13113",0,0,0,0,0.196741748067957,92.24
"13115",0,0,0,0,0.104322496992869,68.34
"13117",0,0,0,0,0.227226676742706,95.23
"13119",0,0,0,0,0.0754064989886042,48.23
"13121",0,0,0,0,0.303654871268881,98.98
"13123",0,0,0,0,0.0985964351742707,65.45
"13125",0,0,0,0,0.0369277664023344,7.57
"13127",0,0,0,0,0.151079438645758,84.57
"13129",0,0,0,0,0.0766094852287803,49.63
"13131",0,0,0,0,0.0650184452769147,38.24
"13133",0,0,0,0,0.0830701073458594,55.27
"13135",0,0,0,0,0.328297796412563,99.43
"13137",0,0,0,0,0.0781740030397593,50.84
"13139",0,0,0,0,0.158198057684916,86.06
"13141",0,0,0,0,0.0658278055719788,39.07
"13143",0,0,0,0,0.0712559520332773,44.48
"13145",0,0,0,0,0.076329104393516,49.13
"13147",0,0,0,0,0.0648929363891591,38.08
"13149",0,0,0,0,0.05722616407189,29.4
"13151",0,0,0,0,0.128564260785107,78.11
"13153",0.000812635166131463,7.19170504701602,1,1,0.15013372690342,84.28
"13155",0,0,0,0,0.0411635553628747,10.98
"13157",0,0,0,0,0.0909589742691587,60.77
"13159",0,0,0,0,0.07244911906079,45.5
"13161",0,0,0,0,0.0529787094705546,23.99
"13163",0,0,0,0,0.053640408213316,24.75
"13165",0,0,0,0,0.0464645405239173,16.32
"13167",0,0,0,0,0.050994512881031,21.54
"13169",0,0,0,0,0.0697272791617309,42.95
"13171",0,0,0,0,0.0608756074964442,33.31
"13173",0,0,0,0,0.0402667033968482,9.93
"13175",0,0,0,0,0.0958886932649936,63.86
"13177",0,0,0,0,0.0836906305337236,55.93
"13179",0,0,0,0,0.0477619680324709,17.75
"13181",0,0,0,0,0.0581646606473175,30.48
"13183",0,0,0,0,0.0683930421430969,41.49
"13185",0,0,0,0,0.128613095546899,78.14
"13187",0,0,0,0,0.105331086984772,68.66
"13189",0,0,0,0,0.0676565285727107,40.66
"13191",0,0,0,0,0.063370232235612,36.11
"13193",0,0,0,0,0.0487233818128932,19.15
"13195",0,0,0,0,0.0757573001935573,48.58
"13197",0,0,0,0,0.034029675242247,5.57
"13199",0,0,0,0,0.0619304601979414,34.39
"13201",0,0,0,0,0.0324075085332439,4.68
"13205",0,0,0,0,0.0492152912072981,19.63
"13207",0,0,0,0,0.0716325445033728,44.83
"13209",0,0,0,0,0.0483157450543797,18.52
"13211",0,0,0,0,0.0856495479508958,56.92
"13213",0,0,0,0,0.059269208733324,31.78
"13215",7.90162477159366e-05,0.699282496227882,1,0,0.143201211437141,82.5
"13217",0,0,0,0,0.138987178220481,81.64
"13219",0,0,0,0,0.13428245827937,80.15
"13221",0,0,0,0,0.0587494807363522,31.21
"13223",0,0,0,0,0.164612562358889,87.24
"13225",0,0,0,0,0.070011319236449,43.27
"13227",0,0,0,0,0.108521093377809,70.47
"13229",0,0,0,0,0.0632695336493762,35.95
"13231",0,0,0,0,0.0776003717858921,50.3
"13233",0,0,0,0,0.0797300357279069,52.43
"13235",0,0,0,0,0.0480837681205507,18.17
"13237",0,0,0,0,0.0754540234510778,48.36
"13239",0,0,0,0,0.0378223191581406,8.05
"13241",0,0,0,0,0.0738626996387848,46.83
"13243",0,0,0,0,0.0410349746254156,10.72
"13245",0,0,0,0,0.143227207045658,82.53
"13247",0,0,0,0,0.147494089945656,83.55
"13249",0,0,0,0,0.0522667738545082,23.07
"13251",0,0,0,0,0.0532066208476627,24.21
"13253",0,0,0,0,0.034983041410396,6.17
"13255",0,0,0,0,0.102055382110589,67.26
"13257",0,0,0,0,0.0731230361096992,46.1
"13259",0,0,0,0,0.0191931201876351,0.32
"13261",0,0,0,0,0.0790262229500471,51.51
"13263",0,0,0,0,0.0405509438607445,10.18
"13265",0,0,0,0,0.0184548985515205,0.22
"13267",0,0,0,0,0.0463637684946378,16.19
"13269",0,0,0,0,0.0516440578861055,22.14
"13271",0,0,0,0,0.0446406518332687,14.29
"13273",0,0,0,0,0.0491762507378152,19.57
"13275",0,0,0,0,0.120996089153189,75.31
"13277",0,0,0,0,0.0892558267147292,59.4
"13279",0,0,0,0,0.0735951914001909,46.61
"13281",0,0,0,0,0.0680972623378679,41.23
"13283",0,0,0,0,0.0526315680561152,23.45
"13285",0,0,0,0,0.0844318713073284,56.41
"13287",0,0,0,0,0.05629786380732,28.32
"13289",0,0,0,0,0.0417155027194523,11.64
"13291",0,0,0,0,0.0922808289584825,61.5
"13293",0,0,0,0,0.0660037092188434,39.26
"13295",0,0,0,0,0.0686060980161682,41.78
"13297",0,0,0,0,0.138047280606253,81.29
"13299",0,0,0,0,0.0749902633529522,47.76
"13301",0,0,0,0,0.0692585262523029,42.25
"13303",0,0,0,0,0.0574433438968714,29.72
"13305",0,0,0,0,0.0731026510612003,46.04
"13307",0,0,0,0,0.0650835495205766,38.31
"13309",0,0,0,0,0.0647385758310869,37.83
"13311",0,0,0,0,0.100974000431279,66.66
"13313",0,0,0,0,0.110743640238135,71.33
"13315",0,0,0,0,0.0418933234468183,11.93
"13317",0,0,0,0,0.0453245229379657,14.95
"13319",0,0,0,0,0.0343757273040521,5.82
"13321",0,0,0,0,0.0655566586397511,38.69
"15001",0,0,0,0,0.185491477081258,90.71
"15003",0,0,0,0,0.225899685125307,95.13
"15007",0,0,0,0,0.145749174836653,83.14
"15009",0,0,0,0,0.196040928003168,92.11
"16001",0,0,0,0,0.306242902214575,99.11
"16003",0,0,0,0,0.0781676525148181,50.78
"16005",0,0,0,0,0.16476188635549,87.27
"16007",0,0,0,0,0.0800118630642547,52.75
"16009",0,0,0,0,0.062590861275784,35.22
"16011",0,0,0,0,0.107098972299125,69.74
"16013",0,0,0,0,0.172902944736822,89.28
"16015",0,0,0,0,0.0812940795445314,53.93
"16017",0,0,0,0,0.176524885678737,89.47
"16019",0,0,0,0,0.227473828641086,95.26
"16021",0,0,0,0,0.0867528850398004,57.43
"16023",0,0,0,0,0.0136236430830604,0.1
"16025",0,0,0,0,0.0645411039658348,37.54
"16027",0,0,0,0,0.193986343830072,91.79
"16029",0,0,0,0,0.0521725984556078,22.88
"16031",0,0,0,0,0.0833764570954298,55.58
"16033",0,0,0,0,0.0425711639395873,12.57
"16035",0,0,0,0,0.0677959974527077,40.85
"16037",0,0,0,0,0.0678314569020941,40.92
"16039",0,0,0,0,0.0648873126176109,38.05
"16041",0,0,0,0,0.0897460644945763,59.91
"16043",0,0,0,0,0.0804138788832146,52.94
"16045",0,0,0,0,0.113764525916601,72.45
"16047",0,0,0,0,0.0548399467712248,26.6
"16049",0,0,0,0,0.098698918299538,65.51
"16051",0,0,0,0,0.107136281251102,69.77
"16053",0,0,0,0,0.0711616820522347,44.35
"16055",0,0,0,0,0.249233464628376,96.98
"16057",0,0,0,0,0.11668610104239,73.69
"16059",0,0,0,0,0.0965918262424542,64.33
"16061",0,0,0,0,0.0494483774876778,19.76
"16063",0,0,0,0,0.0529505940817475,23.89
"16065",0,0,0,0,0.104800110902834,68.57
"16067",0,0,0,0,0.0700008262720871,43.24
"16069",0,0,0,0,0.108725476634529,70.57
"16071",0,0,0,0,0.0544648003242922,25.99
"16073",0,0,0,0,0.0608908770026023,33.38
"16075",0,0,0,0,0.100500694494748,66.43
"16077",0,0,0,0,0.033070865134116,5.09
"16079",0,0,0,0,0.0844029688812728,56.35
"16081",0,0,0,0,0.132320484380842,79.35
"16083",0,0,0,0,0.164894925696371,87.31
"16085",0,0,0,0,0.117363858336708,73.85
"16087",0,0,0,0,0.0789442067138469,51.38
"17001",0,0,0,0,0.133678469457174,79.83
"17003",0,0,0,0,0.0282758046546409,2.42
"17005",0,0,0,0,0.0652658750756392,38.43
"17007",0,0,0,0,0.091250601769322,60.96
"17009",0,0,0,0,0.0354107392314062,6.49
"17011",0,0,0,0,0.0692795191665591,42.28
"17013",0,0,0,0,0.0603493056704822,32.64
"17015",0,0,0,0,0.0602212073885068,32.52
"17017",0,0,0,0,0.0480289641643935,18.14
"17019",0,0,0,0,0.120444901358754,75.18
"17021",0,0,0,0,0.0697229813757054,42.92
"17023",0,0,0,0,0.0545693834515712,26.19
"17025",0,0,0,0,0.0511824256070693,21.67
"17027",0,0,0,0,0.0728348482937889,45.85
"17029",0,0,0,0,0.0696881665724484,42.89
"17031",0,0,0,0,0.380495065283765,99.87
"17033",0,0,0,0,0.0634262195769515,36.21
"17035",0,0,0,0,0.0409867818773352,10.66
"17037",0,0,0,0,0.121535538490278,75.44
"17039",0,0,0,0,0.0479605215062406,17.91
"17041",0,0,0,0,0.0799692239903619,52.72
"17043",0,0,0,0,0.337294706246787,99.49
"17045",0,0,0,0,0.0321350144652179,4.55
"17047",0,0,0,0,0.047483860855699,17.37
"17049",0,0,0,0,0.113590794655563,72.32
"17051",0,0,0,0,0.0846543550175895,56.57
"17053",0,0,0,0,0.0553499011040309,27.11
"17055",0,0,0,0,0.0838582913534858,56.06
"17057",0,0,0,0,0.0658449147697808,39.1
"17059",0,0,0,0,0.0504551122170062,20.94
"17061",0,0,0,0,0.0356660773469613,6.75
"17063",0,0,0,0,0.0832688953215797,55.49
"17065",0,0,0,0,0.0475848400892419,17.5
"17067",0,0,0,0,0.0622474759996886,34.74
"17069",0,0,0,0,0.0320343474472775,4.49
"17071",0,0,0,0,0.0482510950026014,18.45
"17073",0,0,0,0,0.07421954802325,47.22
"17075",0,0,0,0,0.0629492220530149,35.67
"17077",0,0,0,0,0.086969520938705,57.68
"17079",0,0,0,0,0.0477169673811991,17.69
"17081",0,0,0,0,0.0684092523280588,41.52
"17083",0,0,0,0,0.0656860706766912,38.82
"17085",0,0,0,0,0.113104548758734,72.19
"17087",0,0,0,0,0.0365645099966932,7.29
"17089",0,0,0,0,0.269203964337502,98.03
"17091",0,0,0,0,0.119579521245839,74.8
"17093",0,0,0,0,0.147158741557777,83.49
"17095",0,0,0,0,0.0819401021852192,54.5
"17097",0,0,0,0,0.217755793006853,94.59
"17099",0,0,0,0,0.12855400019617,78.08
"17101",0,0,0,0,0.0382257862275245,8.43
"17103",0,0,0,0,0.0792918393121933,51.86
"17105",0,0,0,0,0.06739150124236,40.41
"17107",0,0,0,0,0.0537433389543379,24.85
"17109",0,0,0,0,0.0496607161125662,19.98
"17111",0,0,0,0,0.211854025628593,93.92
"17113",0,0,0,0,0.107272797330575,69.87
"17115",0,0,0,0,0.109521279401074,70.92
"17117",0,0,0,0,0.0664392058593845,39.64
"17119",0,0,0,0,0.150205822476932,84.31
"17121",0,0,0,0,0.0740500198188207,47.03
"17123",0,0,0,0,0.0395209136027584,9.35
"17125",0,0,0,0,0.0481664803772594,18.36
"17127",0,0,0,0,0.052470145060508,23.23
"17129",0,0,0,0,0.063086564063934,35.83
"17131",0,0,0,0,0.0535036252363597,24.5
"17133",0,0,0,0,0.0984220879712205,65.32
"17135",0,0,0,0,0.0642300048388627,37.03
"17137",0,0,0,0,0.0726364188246728,45.66
"17139",0,0,0,0,0.0670371516750902,40.09
"17141",0,0,0,0,0.0881972786813019,58.61
"17143",0,0,0,0,0.145609873223922,83.07
"17145",0,0,0,0,0.0498300286881288,20.2
"17147",0,0,0,0,0.0686218881482025,41.81
"17149",0,0,0,0,0.0689290526681485,42.09
"17151",0,0,0,0,0.0497883661736351,20.17
"17153",0,0,0,0,0.0251492834636381,1.34
"17155",0,0,0,0,0.0633748668591921,36.14
"17157",0,0,0,0,0.0620377590032159,34.55
"17159",0,0,0,0,0.0621850451741451,34.68
"17161",0,0,0,0,0.122988656424273,76.11
"17163",0,0,0,0,0.160877323672897,86.61
"17165",0,0,0,0,0.0543223990310199,25.77
"17167",0,0,0,0,0.104031606908205,68.25
"17169",0,0,0,0,0.0407876187217621,10.4
"17171",0,0,0,0,0.062148120061556,34.62
"17173",0,0,0,0,0.0600467191308693,32.36
"17175",0,0,0,0,0.0340859572738766,5.66
"17177",0,0,0,0,0.0861633490723997,57.17
"17179",0,0,0,0,0.121845169036568,75.53
"17181",0,0,0,0,0.0513492875414906,21.83
"17183",0,0,0,0,0.0908783066592457,60.67
"17185",0,0,0,0,0.047678854956414,17.53
"17187",0,0,0,0,0.0451256480088223,14.7
"17189",0,0,0,0,0.0510932831233393,21.57
"17191",0,0,0,0,0.057681404956694,29.97
"17193",0,0,0,0,0.0410042915501074,10.69
"17195",0,0,0,0,0.104190129385893,68.31
"17197",0,0,0,0,0.214127713829199,94.18
"17199",0,0,0,0,0.0931725087444445,62.2
"17201",0,0,0,0,0.1833422873161,90.58
"17203",0,0,0,0,0.0712541575475585,44.45
"18001",0,0,0,0,0.0875826732260209,58
"18003",0,0,0,0,0.222508550492634,94.94
"18005",0,0,0,0,0.107382303643675,69.97
"18007",0,0,0,0,0.0739387741917226,46.93
"18009",0,0,0,0,0.0571928946211914,29.34
"18011",0,0,0,0,0.111450788176523,71.68
"18013",0,0,0,0,0.096138112909353,64.08
"18015",0,0,0,0,0.0635529675777971,36.37
"18017",0,0,0,0,0.0770831928183717,50.02
"18019",0,0,0,0,0.166292388626834,87.62
"18021",0,0,0,0,0.060396373378262,32.68
"18023",0,0,0,0,0.0596413739878652,32.04
"18025",0,0,0,0,0.0491315485963667,19.5
"18027",0,0,0,0,0.0808616208348332,53.42
"18029",0,0,0,0,0.102883626486228,67.67
"18031",0,0,0,0,0.0665646796012856,39.8
"18033",0,0,0,0,0.0934421243942327,62.46
"18035",0,0,0,0,0.140860030083396,81.96
"18037",0,0,0,0,0.0812339907967896,53.8
"18039",0,0,0,0,0.180209170747883,90.1
"18041",0,0,0,0,0.0643355236243452,37.23
"18043",0,0,0,0,0.121572993481667,75.5
"18045",0,0,0,0,0.0656719300060844,38.78
"18047",0,0,0,0,0.071911503459425,45.18
"18049",0,0,0,0,0.076276393869177,49.09
"18051",0,0,0,0,0.0514954677637291,22.02
"18053",0,0,0,0,0.0735628529704817,46.52
"18055",0,0,0,0,0.0766038485585272,49.54
"18057",0,0,0,0,0.225615128143425,95.1
"18059",0,0,0,0,0.129282951184261,78.46
"18061",0,0,0,0,0.0854968618770683,56.82
"18063",0,0,0,0,0.114832056060324,73.11
"18065",0,0,0,0,0.0870067570715194,57.72
"18067",0,0,0,0,0.109638928428561,70.95
"18069",0,0,0,0,0.096230278204295,64.11
"18071",0,0,0,0,0.0767314129252186,49.76
"18073",0,0,0,0,0.069892412439158,43.11
"18075",0,0,0,0,0.0584208553789802,30.86
"18077",0,0,0,0,0.0742335738382463,47.31
"18079",0,0,0,0,0.0646669307796096,37.61
"18081",0,0,0,0,0.155723085981598,85.65
"18083",0,0,0,0,0.0699521254042184,43.14
"18085",0,0,0,0,0.132699247792349,79.48
"18087",0,0,0,0,0.129318734301327,78.49
"18089",0,0,0,0,0.196978345344088,92.3
"18091",0,0,0,0,0.145053210009441,82.88
"18093",0,0,0,0,0.0835918438312116,55.77
"18095",0,0,0,0,0.133466475520641,79.73
"18097",0,0,0,0,0.248439431654868,96.82
"18099",0,0,0,0,0.105679430403045,68.88
"18101",0,0,0,0,0.0336287392142429,5.28
"18103",0,0,0,0,0.0649522118024792,38.15
"18105",0,0,0,0,0.12485562230134,76.61
"18107",0,0,0,0,0.0682300407761925,41.39
"18109",0,0,0,0,0.116246367283879,73.59
"18111",0,0,0,0,0.049986900302577,20.3
"18113",0,0,0,0,0.110971899928074,71.43
"18115",0,0,0,0,0.0627533441877312,35.51
"18117",0,0,0,0,0.0538576986505762,25.14
"18119",0,0,0,0,0.0541822080877347,25.58
"18121",0,0,0,0,0.0676935101953581,40.73
"18123",0,0,0,0,0.0533838958094274,24.44
"18125",0,0,0,0,0.0447143722498003,14.32
"18127",0,0,0,0,0.168671696216459,88.26
"18129",0,0,0,0,0.0733669848042522,46.26
"18131",0,0,0,0,0.0500285076905675,20.43
"18133",0,0,0,0,0.0699676257301248,43.21
"18135",0,0,0,0,0.0748123777155299,47.73
"18137",0,0,0,0,0.0835664821064728,55.71
"18139",0,0,0,0,0.0612528282798627,33.66
"18141",0,0,0,0,0.200725405900459,92.81
"18143",0,0,0,0,0.046978635637342,16.89
"18145",0,0,0,0,0.089545735105638,59.72
"18147",0,0,0,0,0.0620030840658592,34.49
"18149",0,0,0,0,0.0612999490581263,33.76
"18151",0,0,0,0,0.112075031816374,71.94
"18153",0,0,0,0,0.0456388723658697,15.27
"18155",0,0,0,0,0.0460771022869861,15.81
"18157",0,0,0,0,0.127235048117807,77.47
"18159",0,0,0,0,0.0588736163482996,31.31
"18161",0,0,0,0,0.0937621890378937,62.58
"18163",0,0,0,0,0.182631467354603,90.42
"18165",0,0,0,0,0.0396400466239445,9.55
"18167",0,0,0,0,0.138391688787266,81.42
"18169",0,0,0,0,0.0922942823381636,61.53
"18171",0,0,0,0,0.0823008407663037,54.98
"18173",0,0,0,0,0.119388530724274,74.71
"18175",0,0,0,0,0.0760214901980647,48.87
"18177",0,0,0,0,0.105001871236546,68.6
"18179",0,0,0,0,0.0804649319691954,53.04
"18181",0,0,0,0,0.0723233830737195,45.4
"18183",0,0,0,0,0.0859170298662436,57.05
"19001",0,0,0,0,0.0436278597615857,13.52
"19003",0,0,0,0,0.0412647439906,11.14
"19005",0,0,0,0,0.0657676999414777,39.01
"19007",0,0,0,0,0.0696517506276135,42.76
"19009",0,0,0,0,0.0464186659392296,16.26
"19011",0,0,0,0,0.0895319871953255,59.66
"19013",0,0,0,0,0.139836763646993,81.8
"19015",0,0,0,0,0.091899938878772,61.31
"19017",0,0,0,0,0.0671881735391438,40.15
"19019",0,0,0,0,0.0821605127718975,54.82
"19021",0,0,0,0,0.055311716519043,27.01
"19023",0,0,0,0,0.0619193811383741,34.36
"19025",0,0,0,0,0.0519525958956494,22.59
"19027",0,0,0,0,0.0840420921405173,56.16
"19029",0,0,0,0,0.0753925071088764,48.14
"19031",0,0,0,0,0.0685798215357554,41.74
"19033",0,0,0,0,0.122024247294647,75.6
"19035",0,0,0,0,0.0552667802963258,26.95
"19037",0,0,0,0,0.0509609854126149,21.48
"19039",0,0,0,0,0.0348908443632819,6.08
"19041",0,0,0,0,0.101940777520969,67.13
"19043",0,0,0,0,0.0694584464289323,42.54
"19045",0,0,0,0,0.0938940724381658,62.77
"19047",0,0,0,0,0.0564798116838018,28.44
"19049",0,0,0,0,0.097219363772831,64.68
"19051",0,0,0,0,0.0602732726979392,32.55
"19053",0,0,0,0,0.0572078533826552,29.37
"19055",0,0,0,0,0.0797972839502645,52.56
"19057",0,0,0,0,0.118772916440409,74.48
"19059",0,0,0,0,0.0908028948266927,60.61
"19061",0,0,0,0,0.159062026781091,86.32
"19063",0,0,0,0,0.0568313597819172,28.76
"19065",0,0,0,0,0.0599119140754435,32.2
"19067",0,0,0,0,0.0624216108784854,35
"19069",0,0,0,0,0.0486991449039278,19.09
"19071",0,0,0,0,0.0354836109176883,6.59
"19073",0,0,0,0,0.0478848158099594,17.85
"19075",0,0,0,0,0.0457922347071182,15.49
"19077",0,0,0,0,0.0668614045792251,39.96
"19079",0,0,0,0,0.0593963228526726,31.88
"19081",0,0,0,0,0.0529469863033145,23.86
"19083",0,0,0,0,0.0573074765973472,29.43
"19085",0,0,0,0,0.0581336376221374,30.45
"19087",0,0,0,0,0.0646276411019962,37.58
"19089",0,0,0,0,0.0517340587843626,22.27
"19091",0,0,0,0,0.0637070520781623,36.53
"19093",0,0,0,0,0.042041241643823,12.09
"19095",0,0,0,0,0.0552631907739584,26.92
"19097",0,0,0,0,0.0757380214024639,48.52
"19099",0,0,0,0,0.112627824017391,72.06
"19101",0,0,0,0,0.100738075919551,66.53
"19103",0,0,0,0,0.107163529463436,69.81
"19105",0,0,0,0,0.0801154040400748,52.85
"19107",0,0,0,0,0.0451618652819654,14.79
"19109",0,0,0,0,0.069658502987251,42.79
"19111",0,0,0,0,0.0782499566041014,50.91
"19113",0,0,0,0,0.209701462778475,93.67
"19115",0,0,0,0,0.0364804917767553,7.22
"19117",0,0,0,0,0.0516549894248743,22.18
"19119",0,0,0,0,0.0617251331796124,34.11
"19121",0,0,0,0,0.0938418739393522,62.71
"19123",0,0,0,0,0.0679373072190012,41.11
"19125",0,0,0,0,0.0725411205412322,45.56
"19127",0,0,0,0,0.0771403280633759,50.08
"19129",0,0,0,0,0.074800731189242,47.69
"19131",0,0,0,0,0.0535187604127122,24.53
"19133",0,0,0,0,0.0453088651065001,14.92
"19135",0,0,0,0,0.057086280696631,29.08
"19137",0,0,0,0,0.0534730001082052,24.47
"19139",0,0,0,0,0.0794831313624853,52.18
"19141",0,0,0,0,0.0646761979117355,37.64
"19143",0,0,0,0,0.0382066576169863,8.4
"19145",0,0,0,0,0.0502518586256362,20.68
"19147",0,0,0,0,0.0471576420720385,17.12
"19149",0,0,0,0,0.062539959496703,35.16
"19151",0,0,0,0,0.0374295670743511,7.86
"19153",0,0,0,0,0.246908678461186,96.72
"19155",0,0,0,0,0.118132171040466,74.13
"19157",0,0,0,0,0.0424733817723883,12.44
"19159",0,0,0,0,0.0456760914063618,15.3
"19161",0,0,0,0,0.0567806408655505,28.73
"19163",0,0,0,0,0.18573248324516,90.8
"19165",0,0,0,0,0.065270178071342,38.47
"19167",0,0,0,0,0.0896149045846766,59.75
"19169",0,0,0,0,0.0954483751918289,63.63
"19171",0,0,0,0,0.0580128037563569,30.32
"19173",0,0,0,0,0.0287346719290133,2.77
"19175",0,0,0,0,0.0539603781238892,25.26
"19177",0,0,0,0,0.0517882726114162,22.4
"19179",0,0,0,0,0.083862480608688,56.09
"19181",0,0,0,0,0.0974389661469115,64.78
"19183",0,0,0,0,0.0742967571153424,47.34
"19185",0,0,0,0,0.0382732013947967,8.5
"19187",0,0,0,0,0.0843598826191479,56.28
"19189",0,0,0,0,0.0636293771147586,36.43
"19191",0,0,0,0,0.0844235919438285,56.38
"19193",0,0,0,0,0.133481051948303,79.76
"19195",0,0,0,0,0.0465930845160029,16.51
"19197",0,0,0,0,0.0297357517399247,2.99
"20001",0,0,0,0,0.0505869698529373,21.22
"20003",0,0,0,0,0.0647140337228045,37.77
"20005",0,0,0,0,0.0690727743559778,42.16
"20007",0,0,0,0,0.0429058644568101,12.76
"20009",0,0,0,0,0.0848628900679223,56.7
"20011",0,0,0,0,0.0643690855254107,37.29
"20013",0,0,0,0,0.0414452526014307,11.36
"20015",0,0,0,0,0.0994263314047739,65.96
"20017",0,0,0,0,0.0359648803688832,6.84
"20019",0,0,0,0,0.0344764932133025,5.92
"20021",0,0,0,0,0.0595425128690149,31.94
"20023",0,0,0,0,0.028594456741775,2.64
"20025",0,0,0,0,0.028308585299473,2.45
"20027",0,0,0,0,0.0568896767858538,28.86
"20029",0,0,0,0,0.0627702049468709,35.54
"20031",0,0,0,0,0.0396078425484421,9.51
"20033",0,0,0,0,0.0297638534735266,3.05
"20035",0,0,0,0,0.0704430177949563,43.75
"20037",0,0,0,0,0.0778058315127784,50.46
"20039",0,0,0,0,0.0312469470932282,4.01
"20041",0,0,0,0,0.0611699903730975,33.57
"20043",0,0,0,0,0.043967336709062,13.87
"20045",0,0,0,0,0.144119447078104,82.72
"20047",0,0,0,0,0.0328615731824364,4.96
"20049",0,0,0,0,0.0380172008673525,8.24
"20051",0,0,0,0,0.0990064649936935,65.67
"20053",0,0,0,0,0.036470148413488,7.16
"20055",0,0,0,0,0.0896660269385221,59.78
"20057",0,0,0,0,0.0738649980207342,46.87
"20059",0,0,0,0,0.0693483428961167,42.41
"20061",0,0,0,0,0.0403888014033364,10.05
"20063",0,0,0,0,0.0232022458582443,0.86
"20065",0,0,0,0,0.0367698843960582,7.38
"20067",0,0,0,0,0.0484906223894538,18.77
"20069",0,0,0,0,0.033480345498326,5.19
"20071",0,0,0,0,0.0281120286536474,2.32
"20073",0,0,0,0,0.0430618931635043,12.95
"20075",0,0,0,0,0.0203519726364551,0.48
"20077",0,0,0,0,0.0553710299892983,27.17
"20079",0,0,0,0,0.0795812193884917,52.31
"20081",0,0,0,0,0.0282511238783942,2.39
"20083",0,0,0,0,0.0226996766981845,0.7
"20085",0,0,0,0,0.0409516185827734,10.63
"20087",0,0,0,0,0.0673234072776495,40.31
"20089",0,0,0,0,0.0244432601735208,1.18
"20091",0,0,0,0,0.272039113228899,98.15
"20093",0,0,0,0,0.0192233391317375,0.35
"20095",0,0,0,0,0.0461278783719637,15.91
"20097",0,0,0,0,0.026182190545069,1.88
"20099",0,0,0,0,0.0573471343847741,29.59
"20101",0,0,0,0,0.0213126647428182,0.51
"20103",0,0,0,0,0.0957975821886187,63.79
"20105",0,0,0,0,0.0340529258361909,5.6
"20107",0,0,0,0,0.0604445241895696,32.8
"20109",0,0,0,0,0.0312421753656999,3.98
"20111",0,0,0,0,0.0684572247387641,41.55
"20113",0,0,0,0,0.0715941141667595,44.8
"20115",0,0,0,0,0.0518875888538199,22.49
"20117",0,0,0,0,0.052236390456714,23
"20119",0,0,0,0,0.0309573768237481,3.82
"20121",0,0,0,0,0.0974542325670037,64.81
"20123",0,0,0,0,0.045148481034512,14.73
"20125",0,0,0,0,0.067690184027939,40.69
"20127",0,0,0,0,0.0469412170511703,16.8
"20129",0,0,0,0,0.0238671145097805,1.08
"20131",0,0,0,0,0.0517857691553165,22.37
"20133",0,0,0,0,0.0694797031386782,42.57
"20135",0,0,0,0,0.0307277672125125,3.63
"20137",0,0,0,0,0.0371559027301265,7.76
"20139",0,0,0,0,0.0555252989950733,27.39
"20141",0,0,0,0,0.0302999433967371,3.44
"20143",0,0,0,0,0.0356514305417318,6.71
"20145",0,0,0,0,0.0343259627890444,5.76
"20147",0,0,0,0,0.038023454904444,8.27
"20149",0,0,0,0,0.0759385984509231,48.81
"20151",0,0,0,0,0.0429576981419452,12.82
"20153",0,0,0,0,0.0309065344455785,3.75
"20155",0,0,0,0,0.12142806231299,75.41
"20157",0,0,0,0,0.0395864227855646,9.45
"20159",0,0,0,0,0.0361070065665343,6.9
"20161",0,0,0,0,0.121042147739685,75.34
"20163",0,0,0,0,0.0405427122600089,10.15
"20165",0,0,0,0,0.0241437587176409,1.15
"20167",0,0,0,0,0.0421649519807379,12.28
"20169",0,0,0,0,0.106465341906189,69.36
"20171",0,0,0,0,0.0379949104623502,8.21
"20173",0,0,0,0,0.215711171933074,94.24
"20175",0,0,0,0,0.0580946835227765,30.42
"20177",0,0,0,0,0.143786083033127,82.66
"20179",0,0,0,0,0.0345971494871991,5.98
"20181",0,0,0,0,0.0554386766467517,27.27
"20183",0,0,0,0,0.0306944676563884,3.6
"20185",0,0,0,0,0.0314469862470526,4.17
"20187",0,0,0,0,0.022939054369448,0.76
"20189",0,0,0,0,0.0328665025455422,5
"20191",0,0,0,0,0.0606432954240756,33.15
"20193",0,0,0,0,0.0538324276665932,25.01
"20195",0,0,0,0,0.0379150895855819,8.18
"20197",0,0,0,0,0.0386825741705109,8.69
"20199",0,0,0,0,0.0438594124068314,13.74
"20201",0,0,0,0,0.0390324359141079,9
"20203",0,0,0,0,0.0377507085771548,7.99
"20205",0,0,0,0,0.0485867909733153,18.96
"20207",0,0,0,0,0.0385372813704525,8.62
"20209",0,0,0,0,0.144859183417356,82.85
"21001",0,0,0,0,0.0685463300736001,41.71
"21003",0,0,0,0,0.0612506676513635,33.63
"21005",0,0,0,0,0.0984078429477168,65.29
"21007",0,0,0,0,0.0499003203699388,20.24
"21009",0,0,0,0,0.10827824561256,70.35
"21011",0,0,0,0,0.0707856092869185,44.1
"21013",0,0,0,0,0.0761284242187374,49
"21015",0,0,0,0,0.17009733028186,88.55
"21017",0,0,0,0,0.0718866708919525,45.08
"21019",0,0,0,0,0.122582115368047,75.95
"21021",0,0,0,0,0.0988547309355308,65.64
"21023",0,0,0,0,0.0574553141685379,29.75
"21025",0,0,0,0,0.0464646215843477,16.35
"21027",0,0,0,0,0.0747658537107925,47.66
"21029",0,0,0,0,0.091167666712816,60.93
"21031",0,0,0,0,0.0675834192646969,40.6
"21033",0,0,0,0,0.0525376910456659,23.32
"21035",0,0,0,0,0.0895367668508761,59.69
"21037",0,0,0,0,0.172113536112958,89.02
"21039",0,0,0,0,0.0418839260407663,11.9
"21041",0,0,0,0,0.0605418194981351,32.96
"21043",0,0,0,0,0.0667644902117628,39.9
"21045",0,0,0,0,0.0591130842282264,31.59
"21047",0,0,0,0,0.0792722409987422,51.83
"21049",0,0,0,0,0.0912936597210974,61.02
"21051",0,0,0,0,0.072727979008759,45.78
"21053",0,0,0,0,0.0540578148692589,25.42
"21055",0,0,0,0,0.0600470202672744,32.39
"21057",0,0,0,0,0.04888720727351,19.25
"21059",0,0,0,0,0.132049091944174,79.22
"21061",0,0,0,0,0.0571821977393595,29.3
"21063",0,0,0,0,0.0327843069517218,4.84
"21065",0,0,0,0,0.060316381591399,32.61
"21067",0,0,0,0,0.252745154068063,97.26
"21069",0,0,0,0,0.069958773262346,43.18
"21071",0,0,0,0,0.0760500323320103,48.93
"21073",0,0,0,0,0.110757667647653,71.36
"21075",0,0,0,0,0.0472312279631525,17.21
"21077",0,0,0,0,0.035500740048016,6.62
"21079",0,0,0,0,0.088532852486306,58.92
"21081",0,0,0,0,0.0897986098502382,60.04
"21083",0,0,0,0,0.09058212096269,60.42
"21085",0,0,0,0,0.0718285377596515,45.05
"21087",0,0,0,0,0.0564787780724861,28.41
"21089",0,0,0,0,0.0934095408625884,62.36
"21091",0,0,0,0,0.0425766929242283,12.6
"21093",0.00327411934584775,28.9754881469858,1,1,0.172748904778032,89.21
"21095",0,0,0,0,0.0529293954933647,23.83
"21097",0,0,0,0,0.0639925362077828,36.91
"21099",0,0,0,0,0.0614062694132712,33.88
"21101",0,0,0,0,0.0971672572102508,64.62
"21103",0,0,0,0,0.0686905675539657,41.84
"21105",0,0,0,0,0.0290720379698085,2.83
"21107",0,0,0,0,0.0863552469436235,57.24
"21109",0,0,0,0,0.0676186355579966,40.63
"21111",1.88480096501809e-06,0.0166802190917596,1,0,0.266233571406878,97.93
"21113",0,0,0,0,0.138401025055077,81.45
"21115",0,0,0,0,0.0705678452899109,43.88
"21117",0,0,0,0,0.178790689973131,89.91
"21119",0,0,0,0,0.0525588963397758,23.35
"21121",0,0,0,0,0.0825928616442677,55.17
"21123",0,0,0,0,0.0668440577140403,39.93
"21125",0,0,0,0,0.115144200973764,73.18
"21127",0,0,0,0,0.044385167523182,14.13
"21129",0,0,0,0,0.0432049987617118,13.04
"21131",0,0,0,0,0.035010750937926,6.2
"21133",0,0,0,0,0.047688750957867,17.59
"21135",0,0,0,0,0.053919188928758,25.23
"21137",0,0,0,0,0.0824562608887674,55.04
"21139",0,0,0,0,0.0504452864949545,20.9
"21141",0,0,0,0,0.0836164710718864,55.9
"21143",0,0,0,0,0.0627150325118832,35.44
"21145",0,0,0,0,0.138099886592663,81.36
"21147",0,0,0,0,0.0470042327003499,16.96
"21149",0,0,0,0,0.0458577583213203,15.56
"21151",0,0,0,0,0.127600656247778,77.63
"21153",0,0,0,0,0.0538569609308571,25.07
"21155",0,0,0,0,0.0468154809546767,16.67
"21157",0,0,0,0,0.105395897111123,68.72
"21159",0,0,0,0,0.0419526329860956,11.96
"21161",0,0,0,0,0.0794607154700293,52.05
"21163",0,0,0,0,0.0832539232335369,55.46
"21165",0,0,0,0,0.063532847409388,36.33
"21167",0,0,0,0,0.0582877416571427,30.67
"21169",0,0,0,0,0.0554587335484096,27.3
"21171",0,0,0,0,0.0505423088986536,21.09
"21173",0,0,0,0,0.0825150235471419,55.11
"21175",0,0,0,0,0.0442557044877762,14.03
"21177",0,0,0,0,0.0637613115228677,36.65
"21179",0,0,0,0,0.0819882707206909,54.6
"21181",0,0,0,0,0.0570882249189189,29.11
"21183",0,0,0,0,0.0520864970004093,22.69
"21185",0,0,0,0,0.169040618191681,88.32
"21187",0,0,0,0,0.0571451899168963,29.21
"21189",0,0,0,0,0.0469587561299746,16.83
"21191",0,0,0,0,0.0652056084918388,38.34
"21193",0,0,0,0,0.078325478353366,50.97
"21195",0,0,0,0,0.0913303150319969,61.06
"21197",0,0,0,0,0.0786554606951958,51.19
"21199",0,0,0,0,0.128775216001912,78.21
"21201",0,0,0,0,0.0299977247856577,3.18
"21203",0,0,0,0,0.0542308467171354,25.64
"21205",0,0,0,0,0.0619885477823356,34.46
"21207",0,0,0,0,0.0575620455180283,29.84
"21209",0,0,0,0,0.0660745559803153,39.39
"21211",0,0,0,0,0.114892486837152,73.15
"21213",0,0,0,0,0.0653078887786479,38.5
"21215",0,0,0,0,0.0875250249953506,57.94
"21217",0,0,0,0,0.075199206556023,48.01
"21219",0,0,0,0,0.0613241954332151,33.79
"21221",0,0,0,0,0.068787573736077,41.9
"21223",0,0,0,0,0.0508996316057483,21.35
"21225",0,0,0,0,0.0453468790237685,15.02
"21227",0,0,0,0,0.170668508213259,88.67
"21229",0,0,0,0,0.0558275496148722,27.65
"21231",0,0,0,0,0.0640318398278609,36.97
"21233",0,0,0,0,0.0511058882332446,21.6
"21235",0,0,0,0,0.0790746616503218,51.61
"21237",0,0,0,0,0.0610261162924373,33.41
"21239",0,0,0,0,0.0927719013351931,61.95
"22001",0,0,0,0,0.120174442103961,75.06
"22003",0,0,0,0,0.0483834057425328,18.61
"22005",0,0,0,0,0.164962249264046,87.34
"22007",0,0,0,0,0.0631228783711335,35.86
"22009",0,0,0,0,0.0795972598923936,52.34
"22011",0,0,0,0,0.0857060092841245,57.02
"22013",0,0,0,0,0.0355170860989972,6.65
"22015",0,0,0,0,0.158431526891179,86.1
"22017",0,0,0,0,0.18719463156897,90.96
"22019",0,0,0,0,0.1692553599016,88.42
"22021",0,0,0,0,0.0537514925834875,24.91
"22023",0,0,0,0,0.0479918655156948,18.04
"22025",0,0,0,0,0.0794795858509659,52.15
"22027",0,0,0,0,0.060499911820424,32.87
"22029",0,0,0,0,0.0656882830516475,38.85
"22031",0,0,0,0,0.0689117039483886,42.03
"22033",0,0,0,0,0.197185982517334,92.36
"22035",0,0,0,0,0.0459450413007319,15.65
"22037",0,0,0,0,0.0662780106055957,39.52
"22039",0,0,0,0,0.062852367388026,35.6
"22041",0,0,0,0,0.0658901774186097,39.2
"22043",0,0,0,0,0.0438367107603117,13.68
"22045",0,0,0,0,0.121539638294306,75.47
"22047",0,0,0,0,0.066089048166816,39.42
"22049",0,0,0,0,0.0497792249900575,20.11
"22051",0,0,0,0,0.283278095036737,98.47
"22053",0,0,0,0,0.0880870502221959,58.48
"22055",0,0,0,0,0.219093179959427,94.72
"22057",0,0,0,0,0.10564368419832,68.82
"22059",0,0,0,0,0.0413235666041194,11.26
"22061",0,0,0,0,0.112060054905598,71.91
"22063",0,0,0,0,0.135289322891693,80.5
"22065",0,0,0,0,0.0428739323397562,12.73
"22067",0,0,0,0,0.0734123777224953,46.33
"22069",0,0,0,0,0.0704405550760727,43.72
"22071",0.00138995160070811,12.3008729606262,1,1,0.286740470968353,98.5
"22073",0,0,0,0,0.166642778741948,87.72
"22075",0,0,0,0,0.101423542824042,67.01
"22077",0,0,0,0,0.0650777353958071,38.28
"22079",0,0,0,0,0.13193781801456,79.19
"22081",0,0,0,0,0.0477791081740733,17.79
"22083",0,0,0,0,0.0579811805543469,30.23
"22085",0,0,0,0,0.0665902018779352,39.83
"22087",0,0,0,0,0.125120624117102,76.77
"22089",0,0,0,0,0.118168405774724,74.16
"22091",0,0,0,0,0.0616815356998619,34.04
"22093",0,0,0,0,0.0713867600531311,44.61
"22095",0,0,0,0,0.1064005738743,69.33
"22097",0,0,0,0,0.110131865500044,71.14
"22099",0,0,0,0,0.109955140196726,71.08
"22101",0,0,0,0,0.115592410192399,73.37
"22103",0,0,0,0,0.255352260307341,97.42
"22105",0,0,0,0,0.146241815537754,83.3
"22107",0,0,0,0,0.037786659049136,8.02
"22109",0,0,0,0,0.136737419938035,80.94
"22111",0,0,0,0,0.0658634225834273,39.13
"22113",0,0,0,0,0.111812531852279,71.84
"22115",0.000636826783114993,5.63582599065393,1,1,0.0985038392979374,65.42
"22117",0,0,0,0,0.0683490596663127,41.46
"22119",0,0,0,0,0.0794652069242717,52.12
"22121",0,0,0,0,0.0970254239652417,64.49
"22123",0,0,0,0,0.0521390631317513,22.78
"22125",0,0,0,0,0.0434845949816385,13.33
"22127",0,0,0,0,0.042528462212188,12.5
"23001",0,0,0,0,0.161505272596286,86.67
"23003",0,0,0,0,0.0910354524160986,60.83
"23005",0,0,0,0,0.259111765808971,97.55
"23007",0,0,0,0,0.103663379235669,67.93
"23009",0,0,0,0,0.139487219750967,81.67
"23011",0,0,0,0,0.124985349660633,76.74
"23013",0,0,0,0,0.163365599198181,87.05
"23015",0,0,0,0,0.145960808184938,83.2
"23017",0,0,0,0,0.102665484918384,67.55
"23019",0,0,0,0,0.169373806509104,88.45
"23021",0,0,0,0,0.0808757011309627,53.45
"23023",0,0,0,0,0.104395797612619,68.37
"23025",0,0,0,0,0.107444509111076,70.03
"23027",0,0,0,0,0.130955599499422,79.03
"23029",0,0,0,0,0.107692441075317,70.12
"23031",0.0227016462452078,200.906323872799,1,1,0.24830058956202,96.79
"24001",0,0,0,0,0.119584857411947,74.83
"24003",0,0,0,0,0.204638916484823,93.19
"24005",0,0,0,0,0.235769053732462,95.93
"24009",0,0,0,0,0.16322101018818,86.99
"24011",0,0,0,0,0.0872637351208533,57.91
"24013",0,0,0,0,0.153025978840523,85.14
"24015",0,0,0,0,0.111347515941106,71.62
"24017",0,0,0,0,0.14561475908899,83.11
"24019",0,0,0,0,0.107351864333129,69.9
"24021",0,0,0,0,0.207629191709351,93.45
"24023",0,0,0,0,0.12105814669143,75.37
"24025",0,0,0,0,0.185452978516375,90.68
"24027",0,0,0,0,0.252485935707421,97.2
"24029",0,0,0,0,0.115811676578968,73.43
"24031",0,0,0,0,0.216196064308221,94.27
"24033",0,0,0,0,0.195810072748719,92.08
"24035",0,0,0,0,0.155209578245615,85.46
"24037",0,0,0,0,0.0881823491439212,58.57
"24039",0,0,0,0,0.0721314430878339,45.31
"24041",0,0,0,0,0.169169470945442,88.39
"24043",0,0,0,0,0.178813708551619,89.95
"24045",0,0,0,0,0.148511327769327,83.93
"24047",0,0,0,0,0.130267453052505,78.75
"24510",0,0,0,0,0.172046254040853,88.99
"25001",0,0,0,0,0.186040087377577,90.87
"25003",0,0,0,0,0.162399397546469,86.89
"25005",0,0,0,0,0.234192522207995,95.8
"25007",0,0,0,0,0.142681221446538,82.28
"25009",0,0,0,0,0.282861647010759,98.44
"25011",0,0,0,0,0.14028039790386,81.9
"25013",0,0,0,0,0.198387296671204,92.52
"25015",0,0,0,0,0.148499155235632,83.9
"25017",0,0,0,0,0.270809944952137,98.06
"25019",0,0,0,0,0.130834619544045,78.97
"25021",0,0,0,0,0.292468338178293,98.73
"25023",0,0,0,0,0.254992227912979,97.39
"25025",0,0,0,0,0.212189156513934,94.02
"25027",0,0,0,0,0.229661154474177,95.35
"26001",0,0,0,0,0.0792661102044911,51.77
"26003",0,0,0,0,0.067190140731809,40.18
"26005",0,0,0,0,0.156370589112271,85.78
"26007",0,0,0,0,0.113930314742714,72.61
"26009",0,0,0,0,0.0916895915950715,61.28
"26011",0,0,0,0,0.0604022217691777,32.74
"26013",0,0,0,0,0.0401156872836381,9.8
"26015",0,0,0,0,0.101203095955112,66.78
"26017",0,0,0,0,0.13796857134307,81.26
"26019",0,0,0,0,0.0922083901455261,61.44
"26021",0,0,0,0,0.152887839180199,85.05
"26023",0,0,0,0,0.0941732748793389,62.97
"26025",0,0,0,0,0.122515271222092,75.88
"26027",0,0,0,0,0.102581360696565,67.52
"26029",0,0,0,0,0.11971969335206,74.93
"26031",0,0,0,0,0.118603564535749,74.45
"26033",0,0,0,0,0.0904385894122416,60.39
"26035",0,0,0,0,0.0804783361242479,53.07
"26037",0,0,0,0,0.125341960857261,76.81
"26039",0,0,0,0,0.0563581638575729,28.35
"26041",0,0,0,0,0.11830643911175,74.23
"26043",0,0,0,0,0.0992572125576785,65.86
"26045",0,0,0,0,0.118358181314771,74.36
"26047",0,0,0,0,0.124336245844016,76.49
"26049",0,0,0,0,0.167706176125328,88.01
"26051",0,0,0,0,0.076689301836169,49.73
"26053",0,0,0,0,0.0825501605131992,55.14
"26055",0,0,0,0,0.197749479602774,92.49
"26057",0,0,0,0,0.0810132288446926,53.52
"26059",0,0,0,0,0.0783994461898055,51
"26061",0,0,0,0,0.104578500671791,68.44
"26063",0,0,0,0,0.082062626402339,54.72
"26065",0,0,0,0,0.13745798452787,81.2
"26067",0,0,0,0,0.0737343785006217,46.77
"26069",0,0,0,0,0.0705028272654517,43.81
"26071",0,0,0,0,0.0709030475251046,44.23
"26073",0,0,0,0,0.0983504224305519,65.22
"26075",0,0,0,0,0.143951243761486,82.69
"26077",0,0,0,0,0.190515459097145,91.31
"26079",0,0,0,0,0.0674175715964212,40.44
"26081",0,0,0,0,0.245074779795878,96.6
"26083",0,0,0,0,0.0436875456063923,13.62
"26085",0,0,0,0,0.060515907918073,32.9
"26087",0,0,0,0,0.147591166249966,83.61
"26089",0,0,0,0,0.113916347892734,72.57
"26091",0,0,0,0,0.128398351861048,78.05
"26093",0,0,0,0,0.203873344431363,93.13
"26095",0,0,0,0,0.0721380049318678,45.34
"26097",0,0,0,0,0.0726939855189367,45.75
"26099",0,0,0,0,0.210871950837281,93.86
"26101",0,0,0,0,0.0744198538986242,47.47
"26103",0,0,0,0,0.131370604094395,79.1
"26105",0,0,0,0,0.0921414020943474,61.37
"26107",0,0,0,0,0.075526909689978,48.43
"26109",0,0,0,0,0.0702684035165495,43.56
"26111",0,0,0,0,0.106359728333842,69.27
"26113",0,0,0,0,0.0646792728202918,37.67
"26115",0,0,0,0,0.130198909942146,78.71
"26117",0,0,0,0,0.0877998635409355,58.22
"26119",0,0,0,0,0.0454908414381627,15.11
"26121",0,0,0,0,0.142759854139743,82.34
"26123",0,0,0,0,0.0949395361710959,63.35
"26125",0.00170706335567503,15.1072666582069,1,1,0.380124677453983,99.84
"26127",0,0,0,0,0.0768254277579331,49.83
"26129",0,0,0,0,0.0883570486486392,58.83
"26131",0,0,0,0,0.0480984414997108,18.26
"26133",0,0,0,0,0.0661826991322355,39.45
"26135",0,0,0,0,0.0714279885620197,44.67
"26137",0,0,0,0,0.0812835677428685,53.9
"26139",0,0,0,0,0.201949420853761,92.97
"26141",0,0,0,0,0.0611934358640709,33.6
"26143",0,0,0,0,0.0779296370782569,50.59
"26145",0,0,0,0,0.162875387443582,86.92
"26147",0,0,0,0,0.183794385396812,90.61
"26149",0,0,0,0,0.0980633858139153,65.1
"26151",0,0,0,0,0.115339593449998,73.24
"26153",0,0,0,0,0.0657733997319117,39.04
"26155",0,0,0,0,0.113881882988526,72.54
"26157",0,0,0,0,0.0941779258300429,63
"26159",0,0,0,0,0.106661122056488,69.46
"26161",0,0,0,0,0.165934624648781,87.53
"26163",0,0,0,0,0.238910520001336,96.12
"26165",0,0,0,0,0.0994799407057454,66.02
"27001",0,0,0,0,0.0765590439999657,49.48
"27003",0,0,0,0,0.207231331652057,93.41
"27005",0,0,0,0,0.107822218904202,70.19
"27007",0,0,0,0,0.115868512614315,73.46
"27009",0,0,0,0,0.0924705632136355,61.6
"27011",0,0,0,0,0.0608872848625916,33.34
"27013",0,0,0,0,0.1326013782563,79.45
"27015",0,0,0,0,0.0780600363190543,50.72
"27017",0,0,0,0,0.0716866445394341,44.93
"27019",0,0,0,0,0.171020795811078,88.77
"27021",0,0,0,0,0.0807338411231427,53.32
"27023",0,0,0,0,0.0643204099815958,37.19
"27025",0,0,0,0,0.119038519570254,74.61
"27027",0,0,0,0,0.114762887434818,73.05
"27029",0,0,0,0,0.0464225876761173,16.29
"27031",0,0,0,0,0.081149004517547,53.74
"27033",0,0,0,0,0.0441548783225273,13.97
"27035",0,0,0,0,0.151581083814736,84.82
"27037",0,0,0,0,0.239851871022052,96.18
"27039",0,0,0,0,0.063756100962241,36.62
"27041",0,0,0,0,0.125951711992543,77.09
"27043",0,0,0,0,0.0559368134231979,27.81
"27045",0,0,0,0,0.0877852706341462,58.19
"27047",0,0,0,0,0.0818611025020586,54.41
"27049",0,0,0,0,0.101416337295387,66.97
"27051",0,0,0,0,0.0500233695468082,20.39
"27053",0,0,0,0,0.306762734932694,99.14
"27055",0,0,0,0,0.0786840849979434,51.22
"27057",0,0,0,0,0.0939824583505967,62.87
"27059",0,0,0,0,0.104580122812017,68.47
"27061",0,0,0,0,0.105378758228125,68.69
"27063",0,0,0,0,0.0391872845917767,9.13
"27065",0,0,0,0,0.0543441795367884,25.84
"27067",0,0,0,0,0.0923351339897089,61.57
"27069",0,0,0,0,0.0543113086044802,25.74
"27071",0,0,0,0,0.0637840559891064,36.68
"27073",0,0,0,0,0.0583946446695675,30.77
"27075",0,0,0,0,0.0791902205467122,51.7
"27077",0,0,0,0,0.0497674326945254,20.08
"27079",0,0,0,0,0.0922451659727014,61.47
"27081",0,0,0,0,0.0495272997321408,19.82
"27083",0,0,0,0,0.0675611117808033,40.57
"27085",0,0,0,0,0.0936914110648888,62.55
"27087",0,0,0,0,0.0309596736796431,3.85
"27089",0,0,0,0,0.0443696849945758,14.09
"27091",0,0,0,0,0.0644652388277621,37.48
"27093",0,0,0,0,0.0865306256985627,57.3
"27095",0,0,0,0,0.0793339567066702,51.96
"27097",0,0,0,0,0.108407925506234,70.44
"27099",0,0,0,0,0.0724132976168975,45.47
"27101",0,0,0,0,0.0540681789350293,25.45
"27103",0,0,0,0,0.0766073571563175,49.6
"27105",0,0,0,0,0.0484270295765166,18.68
"27107",0,0,0,0,0.0459725024901991,15.69
"27109",0,0,0,0,0.0966243328402425,64.37
"27111",0,0,0,0,0.114200633859547,72.8
"27113",0,0,0,0,0.0540901613116544,25.49
"27115",0,0,0,0,0.0839427873339563,56.12
"27117",0,0,0,0,0.0549846551249655,26.73
"27119",0,0,0,0,0.0759089084944242,48.74
"27121",0,0,0,0,0.0692323164232005,42.19
"27123",0,0,0,0,0.208893652626105,93.57
"27125",0,0,0,0,0.0433310870267975,13.17
"27127",0,0,0,0,0.0713028384880946,44.58
"27129",0,0,0,0,0.0489747597664819,19.34
"27131",0,0,0,0,0.0938085044591173,62.65
"27133",0,0,0,0,0.0539075431635151,25.2
"27135",0,0,0,0,0.043595695479953,13.46
"27137",0,0,0,0,0.170095966063949,88.51
"27139",0,0,0,0,0.156194976193184,85.75
"27141",0,0,0,0,0.136168395765342,80.75
"27143",0,0,0,0,0.0629947967419259,35.7
"27145",0,0,0,0,0.171642644530622,88.96
"27147",0,0,0,0,0.0925317593393374,61.72
"27149",0,0,0,0,0.0410603463668729,10.82
"27151",0,0,0,0,0.0542249257598845,25.61
"27153",0,0,0,0,0.0616606022352792,34.01
"27155",0,0,0,0,0.0705296556163488,43.84
"27157",0,0,0,0,0.0718875918858168,45.12
"27159",0,0,0,0,0.0689182153773352,42.06
"27161",0,0,0,0,0.0817296751895311,54.34
"27163",0,0,0,0,0.170538267398214,88.64
"27165",0,0,0,0,0.0708124709379119,44.16
"27167",0,0,0,0,0.0518942397039646,22.53
"27169",0,0,0,0,0.111948352560456,71.87
"27171",0,0,0,0,0.149921930190572,84.25
"27173",0,0,0,0,0.0593097606185063,31.82
"28001",0,0,0,0,0.0970791486998431,64.52
"28003",0,0,0,0,0.0892370208249818,59.37
"28005",0,0,0,0,0.0402071823980718,9.9
"28007",0,0,0,0,0.0640732994711023,37
"28009",0,0,0,0,0.0567424377316676,28.67
"28011",0,0,0,0,0.0714166930069121,44.64
"28013",0,0,0,0,0.0538570882406955,25.1
"28015",0,0,0,0,0.066893639413008,40.03
"28017",0,0,0,0,0.0556293641312979,27.46
"28019",0,0,0,0,0.0384273462182846,8.53
"28021",0,0,0,0,0.0335060344958817,5.25
"28023",0,0,0,0,0.0403787926720019,10.02
"28025",0,0,0,0,0.0657378373442806,38.88
"28027",0,0,0,0,0.0729368483416598,45.98
"28029",0,0,0,0,0.0574244448911718,29.69
"28031",0,0,0,0,0.0540179680694257,25.36
"28033",0,0,0,0,0.13467374579049,80.27
"28035",0,0,0,0,0.108373510558424,70.38
"28037",0,0,0,0,0.0399493022710488,9.67
"28039",0,0,0,0,0.068037244596007,41.2
"28041",0,0,0,0,0.0391993193142218,9.16
"28043",0,0,0,0,0.074223070980777,47.25
"28045",0.00924290592252443,81.7983960607481,1,1,0.148621731253972,83.96
"28047",0,0,0,0,0.154772526275141,85.4
"28049",0,0,0,0,0.146970099482786,83.42
"28051",0,0,0,0,0.0612882269031297,33.73
"28053",0,0,0,0,0.0431697606541234,13.01
"28055",0,0,0,0,0.0336805598134672,5.35
"28057",0,0,0,0,0.0654456523230031,38.63
"28059",0,0,0,0,0.0879010068928085,58.32
"28061",0,0,0,0,0.042041471417626,12.12
"28063",0,0,0,0,0.0448736259982277,14.54
"28065",0,0,0,0,0.0411652844501817,11.01
"28067",0,0,0,0,0.0794974093375156,52.21
"28069",0,0,0,0,0.0413702451050404,11.33
"28071",0,0,0,0,0.118361036151738,74.39
"28073",0,0,0,0,0.122349275102293,75.85
"28075",0,0,0,0,0.129457678516593,78.52
"28077",0,0,0,0,0.0471042645125729,17.02
"28079",0,0,0,0,0.0398966320592542,9.64
"28081",0,0,0,0,0.127797616318011,77.76
"28083",0,0,0,0,0.0709809815757085,44.29
"28085",0,0,0,0,0.0775606999064494,50.27
"28087",0,0,0,0,0.126735080879788,77.25
"28089",0,0,0,0,0.152342431762509,84.98
"28091",0,0,0,0,0.0653967363226186,38.59
"28093",0,0,0,0,0.0763404348713438,49.16
"28095",0,0,0,0,0.0698726849988498,43.05
"28097",0,0,0,0,0.0448509896151704,14.48
"28099",0,0,0,0,0.0521783645043178,22.94
"28101",0,0,0,0,0.0465154726380082,16.45
"28103",0,0,0,0,0.0480964203991259,18.23
"28105",0,0,0,0,0.0678362434153006,40.95
"28107",0,0,0,0,0.0780319578093135,50.65
"28109",0,0,0,0,0.0928384626910446,61.98
"28111",0,0,0,0,0.0485597940615113,18.87
"28113",0,0,0,0,0.0706255387733379,43.94
"28115",0,0,0,0,0.067495076575751,40.53
"28117",0,0,0,0,0.0701187786356008,43.43
"28119",0,0,0,0,0.0395308170374699,9.39
"28121",0,0,0,0,0.168522314160494,88.13
"28123",0,0,0,0,0.0378893814492476,8.11
"28125",0,0,0,0,0.0367791422881169,7.41
"28127",0,0,0,0,0.0545409365661433,26.12
"28129",0,0,0,0,0.0425217958879174,12.47
"28131",0,0,0,0,0.0601871128539939,32.48
"28133",0,0,0,0,0.0426576388605407,12.66
"28135",0,0,0,0,0.0340672400461995,5.63
"28137",0,0,0,0,0.0633810170884065,36.18
"28139",0,0,0,0,0.0505699037944565,21.16
"28141",0,0,0,0,0.0763631544151725,49.25
"28143",0,0,0,0,0.0354127510943716,6.52
"28145",0,0,0,0,0.0624095367623878,34.97
"28147",0,0,0,0,0.0634630078284217,36.27
"28149",0,0,0,0,0.0812397054990545,53.83
"28151",0,0,0,0,0.0972970918650294,64.75
"28153",0,0,0,0,0.0630797955701753,35.79
"28155",0,0,0,0,0.0582093410039765,30.54
"28157",0,0,0,0,0.0390243917484226,8.94
"28159",0,0,0,0,0.0586476902389092,31.15
"28161",0,0,0,0,0.0483815530121213,18.58
"28163",0,0,0,0,0.0515071564070655,22.05
"29001",0,0,0,0,0.0744242975490094,47.5
"29003",0,0,0,0,0.0819756109177106,54.57
"29005",0,0,0,0,0.0361755990553213,7
"29007",0,0,0,0,0.081098132746235,53.61
"29009",0,0,0,0,0.0763767918888066,49.28
"29011",0,0,0,0,0.0531374366818788,24.15
"29013",0,0,0,0,0.0728326154021894,45.82
"29015",0,0,0,0,0.0724040021088245,45.43
"29017",0,0,0,0,0.0594069130047023,31.91
"29019",0,0,0,0,0.143428678488173,82.6
"29021",0,0,0,0,0.126743044067155,77.28
"29023",0,0,0,0,0.0934276481352244,62.42
"29025",0,0,0,0,0.0520977464974097,22.75
"29027",0,0,0,0,0.0879105877815735,58.38
"29029",0,0,0,0,0.12991101596545,78.65
"29031",0,0,0,0,0.147644171146589,83.65
"29033",0,0,0,0,0.0385505648890393,8.65
"29035",0,0,0,0,0.0466173275460385,16.54
"29037",0,0,0,0,0.110054922723337,71.11
"29039",0,0,0,0,0.0633329670683188,36.08
"29041",0,0,0,0,0.0544404594062616,25.96
"29043",0,0,0,0,0.158757351000742,86.26
"29045",0,0,0,0,0.0413013852706108,11.2
"29047",0,0,0,0,0.178925163720755,89.98
"29049",0,0,0,0,0.0673403253958878,40.38
"29051",0,0,0,0,0.103527499100866,67.83
"29053",0,0,0,0,0.0696722412080561,42.86
"29055",0,0,0,0,0.0813967268087891,53.99
"29057",0,0,0,0,0.0412249848777736,11.07
"29059",0,0,0,0,0.0732837639319815,46.23
"29061",0,0,0,0,0.0571739839356075,29.24
"29063",0,0,0,0,0.0499944131770519,20.33
"29065",0,0,0,0,0.0537265344453664,24.82
"29067",0,0,0,0,0.0660385267108248,39.33
"29069",0,0,0,0,0.0618621992099573,34.27
"29071",0,0,0,0,0.163111735499809,86.96
"29073",0,0,0,0,0.0693723835890211,42.48
"29075",0,0,0,0,0.0411390959857975,10.94
"29077",0,0,0,0,0.197235137949604,92.4
"29079",0,0,0,0,0.0464751812540835,16.42
"29081",0,0,0,0,0.0462366699916722,16.07
"29083",0,0,0,0,0.0734913366392316,46.45
"29085",0,0,0,0,0.05579688982527,27.62
"29087",0,0,0,0,0.0320233652902747,4.45
"29089",0,0,0,0,0.0493650178149121,19.66
"29091",0,0,0,0,0.117631506639314,73.97
"29093",0,0,0,0,0.0553127701903385,27.04
"29095",0,0,0,0,0.241778455081348,96.37
"29097",0,0,0,0,0.172172925999447,89.06
"29099",0,0,0,0,0.169583741922004,88.48
"29101",0,0,0,0,0.0643037204887506,37.1
"29103",0,0,0,0,0.0462922886005701,16.13
"29105",0,0,0,0,0.0810530878595091,53.58
"29107",0,0,0,0,0.0847939446127821,56.63
"29109",0,0,0,0,0.0925034264116412,61.63
"29111",0,0,0,0,0.0480130847063129,18.07
"29113",0,0,0,0,0.103301770347493,67.8
"29115",0,0,0,0,0.0464694831818867,16.39
"29117",0,0,0,0,0.076581267807785,49.51
"29119",0,0,0,0,0.058283663461266,30.61
"29121",0,0,0,0,0.0650051699847002,38.21
"29123",0,0,0,0,0.0545931090044971,26.22
"29125",0,0,0,0,0.0611640266359896,33.53
"29127",0,0,0,0,0.0817179280975518,54.31
"29129",0,0,0,0,0.0429294934755005,12.79
"29131",0,0,0,0,0.0790905277196432,51.67
"29133",0,0,0,0,0.0467022470302288,16.61
"29135",0,0,0,0,0.0750738355571243,47.85
"29137",0,0,0,0,0.0496568187344701,19.95
"29139",0,0,0,0,0.0501351180814216,20.52
"29141",0,0,0,0,0.0998182339190366,66.08
"29143",0,0,0,0,0.0486339339777779,19.06
"29145",0,0,0,0,0.0872497130137737,57.87
"29147",0,0,0,0,0.0575681224712971,29.88
"29149",0,0,0,0,0.0477093565442819,17.63
"29151",0,0,0,0,0.044186065617925,14
"29153",0,0,0,0,0.069325931746243,42.38
"29155",0,0,0,0,0.0468524973102662,16.7
"29157",0,0,0,0,0.0717108664899321,45.02
"29159",0,0,0,0,0.0984811745415252,65.38
"29161",0,0,0,0,0.0961121631256085,64.02
"29163",0,0,0,0,0.0601412812841706,32.42
"29165",0,0,0,0,0.188463416236549,91.12
"29167",0,0,0,0,0.0896891359743255,59.85
"29169",0,0,0,0,0.0486201256496081,19.03
"29171",0,0,0,0,0.0351494606468278,6.27
"29173",0,0,0,0,0.0561844141586963,28.16
"29175",0,0,0,0,0.0649410140556565,38.12
"29177",0,0,0,0,0.05846152539092,30.93
"29179",0,0,0,0,0.0504824282577783,20.97
"29181",0,0,0,0,0.0516606440762178,22.21
"29183",0,0,0,0,0.212948418295829,94.15
"29185",0,0,0,0,0.059560756043141,31.98
"29186",0,0,0,0,0.0657660756590897,38.98
"29187",0,0,0,0,0.102725869518419,67.58
"29189",0,0,0,0,0.277323587509618,98.35
"29195",0,0,0,0,0.05660655575567,28.57
"29197",0,0,0,0,0.042717252647615,12.69
"29199",0,0,0,0,0.0574083926043473,29.65
"29201",0,0,0,0,0.0925474587674567,61.76
"29203",0,0,0,0,0.0472348696247969,17.24
"29205",0,0,0,0,0.0390407071184453,9.04
"29207",0,0,0,0,0.0645001447443555,37.51
"29209",0,0,0,0,0.114767302772049,73.08
"29211",0,0,0,0,0.0268969380120716,1.97
"29213",0,0,0,0,0.132747945910131,79.51
"29215",0,0,0,0,0.066294226649583,39.55
"29217",0,0,0,0,0.0777550973854944,50.43
"29219",0,0,0,0,0.094007353868754,62.9
"29221",0,0,0,0,0.0706491840136479,44
"29223",0,0,0,0,0.0497122970950595,20.04
"29225",0,0,0,0,0.0911445526817803,60.9
"29227",0,0,0,0,0.0406550023387131,10.31
"29229",0,0,0,0,0.079773011601373,52.53
"29510",0,0,0,0,0.200331560118393,92.75
"30001",0,0,0,0,0.0856084154846554,56.89
"30003",0,0,0,0,0.0420065623980577,12.06
"30005",0,0,0,0,0.0518150950363963,22.43
"30007",0,0,0,0,0.0720234715483847,45.24
"30009",0,0,0,0,0.107592411511705,70.06
"30011",0,0,0,0,0.0348455129295704,6.05
"30013",0,0,0,0,0.149356226939901,84.06
"30015",0,0,0,0,0.0455592404825958,15.18
"30017",0,0,0,0,0.0745181896887645,47.57
"30019",0,0,0,0,0.0388461012688359,8.78
"30021",0,0,0,0,0.0682229893488789,41.36
"30023",0,0,0,0,0.0719022350482084,45.15
"30025",0,0,0,0,0.0542571085581409,25.68
"30027",0,0,0,0,0.0807735002444896,53.39
"30029",0,0,0,0,0.227094385541936,95.2
"30031",0,0,0,0,0.260086881729377,97.61
"30033",0,0,0,0,0.0368397668974366,7.45
"30035",0,0,0,0,0.047991648817498,18.01
"30037",0,0,0,0,0.0447481321389622,14.38
"30039",0,0,0,0,0.0693604749112894,42.44
"30041",0,0,0,0,0.0763507284053495,49.22
"30043",0,0,0,0,0.101221248767711,66.82
"30045",0,0,0,0,0.0374380719244764,7.89
"30047",0,0,0,0,0.105835568300479,68.95
"30049",2.23508638608882e-05,0.197801949918956,1,0,0.164007088115243,87.08
"30051",0,0,0,0,0.0365353446354044,7.25
"30053",0,0,0,0,0.115401830279293,73.31
"30055",0,0,0,0,0.0407999459457518,10.44
"30057",0,0,0,0,0.0886342115567005,58.99
"30059",0,0,0,0,0.0555275143631814,27.43
"30061",0,0,0,0,0.0576144957991977,29.91
"30063",0,0,0,0,0.232585118021009,95.7
"30065",0,0,0,0,0.0560170704307191,27.9
"30067",0,0,0,0,0.137078077063097,81.01
"30069",0,0,0,0,0.0302233370075708,3.4
"30071",0,0,0,0,0.0551330899922483,26.85
"30073",0,0,0,0,0.0584895977508191,30.99
"30075",0,0,0,0,0.0415796919239151,11.49
"30077",0,0,0,0,0.0548323474293463,26.57
"30079",0,0,0,0,0.0421168182453267,12.22
"30081",0,0,0,0,0.176311384019898,89.41
"30083",0,0,0,0,0.0794612854318745,52.08
"30085",0,0,0,0,0.0411926492990005,11.04
"30087",0,0,0,0,0.0361456541850628,6.94
"30089",0,0,0,0,0.0950366824696949,63.38
"30091",0,0,0,0,0.0527512751122709,23.58
"30093",0,0,0,0,0.137218237320722,81.07
"30095",0,0,0,0,0.0624686383454848,35.06
"30097",0,0,0,0,0.0697814597703901,42.98
"30099",0,0,0,0,0.0585484202824507,31.08
"30101",0,0,0,0,0.0478561246106425,17.82
"30103",0,0,0,0,0.0328916472827176,5.03
"30105",0,0,0,0,0.0619013345363976,34.33
"30107",0,0,0,0,0.0317130912279088,4.3
"30109",0,0,0,0,0.0538864907347597,25.17
"30111",0,0,0,0,0.209307101270915,93.64
"31001",0,0,0,0,0.0971196667712487,64.56
"31003",0,0,0,0,0.0306513177149265,3.56
"31005",0,0,0,0,0.015823093981033,0.16
"31007",0,0,0,0,0.0339591805548101,5.54
"31009",0,0,0,0,0.0253241239018403,1.5
"31011",0,0,0,0,0.0361679002135429,6.97
"31013",0,0,0,0,0.0458661185914145,15.59
"31015",0,0,0,0,0.0254768615036351,1.59
"31017",0,0,0,0,0.0381318114253345,8.37
"31019",0,0,0,0,0.120191376305688,75.09
"31021",0,0,0,0,0.0460974974922017,15.88
"31023",0,0,0,0,0.0337683888229561,5.44
"31025",0,0,0,0,0.0882805818939168,58.67
"31027",0,0,0,0,0.0445765649628078,14.22
"31029",0,0,0,0,0.0405650010061817,10.21
"31031",0,0,0,0,0.0439655072849097,13.84
"31033",0,0,0,0,0.0582802820530022,30.58
"31035",0,0,0,0,0.0345340551541857,5.95
"31037",0,0,0,0,0.0271149150183749,2
"31039",0,0,0,0,0.0505842033530197,21.19
"31041",0,0,0,0,0.0470442349309263,16.99
"31043",0,0,0,0,0.0467732694477366,16.64
"31045",0,0,0,0,0.0578634867127,30.16
"31047",0,0,0,0,0.0521932033624369,22.97
"31049",0,0,0,0,0.0234180423017125,0.99
"31051",0,0,0,0,0.0374163482460447,7.83
"31053",0,0,0,0,0.096354371421835,64.21
"31055",0,0,0,0,0.235726804865531,95.9
"31057",0,0,0,0,0.0233198569495041,0.89
"31059",0,0,0,0,0.0389876076196776,8.91
"31061",0,0,0,0,0.0285979938283914,2.67
"31063",0,0,0,0,0.0203333992080732,0.41
"31065",0,0,0,0,0.0276430948808356,2.2
"31067",0,0,0,0,0.0788618263386782,51.32
"31069",0,0,0,0,0.02921888254828,2.93
"31071",0,0,0,0,0.0490345039369471,19.41
"31073",0,0,0,0,0.0261621665253313,1.85
"31075",0,0,0,0,0.0278607719561744,2.26
"31077",0,0,0,0,0.0330920415381546,5.12
"31079",0,0,0,0,0.112313003702866,71.97
"31081",0,0,0,0,0.0759836231028091,48.84
"31083",0,0,0,0,0.0320165054828017,4.42
"31085",0,0,0,0,0.0435753304465588,13.43
"31087",0,0,0,0,0.0309159070595068,3.79
"31089",0,0,0,0,0.057728767365127,30.03
"31091",0,0,0,0,0.0285170608611212,2.61
"31093",0,0,0,0,0.0493945402932704,19.69
"31095",0,0,0,0,0.0381175068457612,8.34
"31097",0,0,0,0,0.0297445010103573,3.02
"31099",0,0,0,0,0.0481507963930121,18.33
"31101",0,0,0,0,0.0648566101967084,37.96
"31103",0,0,0,0,0.0444874823684118,14.16
"31105",0,0,0,0,0.0252479504375598,1.4
"31107",0,0,0,0,0.0457620503164117,15.43
"31109",0,0,0,0,0.195589036086728,92.05
"31111",0,0,0,0,0.0965544293181082,64.3
"31113",0,0,0,0,0.0253839166507653,1.53
"31115",0,0,0,0,0.0346005776259616,6.01
"31117",0,0,0,0,0.0200310860724776,0.38
"31119",0,0,0,0,0.122682393260952,75.98
"31121",0,0,0,0,0.0590262465040357,31.43
"31123",0,0,0,0,0.028170478002604,2.35
"31125",0,0,0,0,0.0254803607885402,1.62
"31127",0,0,0,0,0.0336587033458797,5.31
"31129",0,0,0,0,0.0363969429646664,7.1
"31131",0,0,0,0,0.0583409539493991,30.73
"31133",0,0,0,0,0.0447300521223488,14.35
"31135",0,0,0,0,0.0254048849060157,1.56
"31137",0,0,0,0,0.043011342433684,12.92
"31139",0,0,0,0,0.052822081438326,23.64
"31141",0,0,0,0,0.0999411077758355,66.15
"31143",0,0,0,0,0.0344347170775422,5.85
"31145",0,0,0,0,0.0617481398660873,34.14
"31147",0,0,0,0,0.0483993169395536,18.64
"31149",0,0,0,0,0.0233700298123577,0.95
"31151",0,0,0,0,0.046337603397147,16.16
"31153",0,0,0,0,0.143093484345626,82.44
"31155",0,0,0,0,0.083406878112171,55.62
"31157",0,0,0,0,0.100900127976217,66.62
"31159",0,0,0,0,0.0607412996155214,33.22
"31161",0,0,0,0,0.0334888436884235,5.22
"31163",0,0,0,0,0.0260509144332738,1.75
"31165",0,0,0,0,0.0451515223488671,14.76
"31167",0,0,0,0,0.0304942188280692,3.5
"31169",0,0,0,0,0.0342749377320182,5.7
"31171",0,0,0,0,0.042624019277601,12.63
"31173",0,0,0,0,0.0309031497176283,3.72
"31175",0,0,0,0,0.046539388489953,16.48
"31177",0,0,0,0,0.0786280210713136,51.16
"31179",0,0,0,0,0.0325270189903697,4.71
"31181",0,0,0,0,0.0317112715276802,4.26
"31183",0,0,0,0,0.0172883056751286,0.19
"31185",0,0,0,0,0.0778663737332875,50.56
"32001",0,0,0,0,0.0835824121933834,55.74
"32003",0,0,0,0,0.249648841534225,97.04
"32005",0,0,0,0,0.164110009421318,87.11
"32007",0,0,0,0,0.105075246513621,68.63
"32009",0,0,0,0,0.0367461369604729,7.35
"32011",0,0,0,0,0.00725197569984342,0.03
"32013",0,0,0,0,0.0528836344896918,23.74
"32015",0,0,0,0,0.0259882294093374,1.69
"32017",0,0,0,0,0.0502904891261281,20.74
"32019",0,0,0,0,0.110569882056529,71.24
"32021",0,0,0,0,0.0370723110099607,7.64
"32023",0,0,0,0,0.114210958223832,72.83
"32027",0,0,0,0,0.0286517150870279,2.74
"32029",0,0,0,0,0.0482421943571733,18.42
"32031",0,0,0,0,0.264827474549551,97.9
"32033",0,0,0,0,0.0469898229592946,16.93
"32510",0,0,0,0,0.147987134937477,83.81
"33001",0,0,0,0,0.156908593563828,85.84
"33003",0,0,0,0,0.168422316846643,88.07
"33005",0,0,0,0,0.149702794362918,84.16
"33007",0,0,0,0,0.100162483039788,66.34
"33009",0,0,0,0,0.130274415300477,78.78
"33011",0,0,0,0,0.264244125201935,97.84
"33013",0,0,0,0,0.189520810916328,91.25
"33015",0,0,0,0,0.281700497608898,98.41
"33017",0,0,0,0,0.16000903222387,86.48
"33019",0,0,0,0,0.117576210184212,73.94
"34001",0,0,0,0,0.149499775260583,84.09
"34003",0,0,0,0,0.319223849540894,99.3
"34005",0,0,0,0,0.219264324149621,94.75
"34007",0,0,0,0,0.24014017379191,96.21
"34009",0,0,0,0,0.13210497983905,79.26
"34011",0,0,0,0,0.132420335882305,79.38
"34013",0,0,0,0,0.241871617775688,96.44
"34015",0,0,0,0,0.204923427708589,93.22
"34017",0,0,0,0,0.230678598165381,95.45
"34019",0,0,0,0,0.186025112270193,90.84
"34021",0,0,0,0,0.172567682180875,89.15
"34023",0,0,0,0,0.251648527912172,97.17
"34025",0,0,0,0,0.249070539683194,96.91
"34027",0,0,0,0,0.262485416600959,97.74
"34029",0,0,0,0,0.217684446786495,94.56
"34031",0,0,0,0,0.294637885552127,98.79
"34033",0,0,0,0,0.0886572458535069,59.05
"34035",0,0,0,0,0.205679692109913,93.25
"34037",0,0,0,0,0.165568352328284,87.43
"34039",0,0,0,0,0.27574480122114,98.22
"34041",0,0,0,0,0.14790241273379,83.77
"35001",0,0,0,0,0.23913868068526,96.15
"35003",0,0,0,0,0.0547366864707883,26.41
"35005",0,0,0,0,0.109655204269343,70.98
"35006",0,0,0,0,0.0487028340651194,19.12
"35007",0,0,0,0,0.0621494681186396,34.65
"35009",0,0,0,0,0.0781677694806695,50.81
"35011",0,0,0,0,0.0392758576559883,9.23
"35013",0,0,0,0,0.168265930267736,88.04
"35015",0,0,0,0,0.100112849089185,66.24
"35017",0,0,0,0,0.0794979675329954,52.24
"35019",0,0,0,0,0.0315517798874087,4.2
"35021",0,0,0,0,0.0395057754426663,9.32
"35023",0,0,0,0,0.054507976976505,26.06
"35025",0,0,0,0,0.0670459820000579,40.12
"35027",0,0,0,0,0.109185201191033,70.7
"35028",0,0,0,0,0.0300909816024255,3.34
"35029",0,0,0,0,0.0659984008441084,39.23
"35031",0,0,0,0,0.0838078835493291,56.03
"35033",0,0,0,0,0.0516809090727467,22.24
"35035",0,0,0,0,0.0775420797020475,50.24
"35037",0,0,0,0,0.049093647761028,19.47
"35039",0,0,0,0,0.078474048756986,51.07
"35041",0,0,0,0,0.046229805040948,16.04
"35043",0,0,0,0,0.143447905222338,82.63
"35045",0,0,0,0,0.113989946599212,72.67
"35047",0,0,0,0,0.0660345101442322,39.29
"35049",0,0,0,0,0.185035292988213,90.65
"35051",0,0,0,0,0.0700652949845863,43.33
"35053",0,0,0,0,0.0462145892534621,15.97
"35055",0,0,0,0,0.130973037160491,79.06
"35057",0,0,0,0,0.0772118334590205,50.11
"35059",0,0,0,0,0.047344060621516,17.31
"35061",0,0,0,0,0.0962795055148482,64.14
"36001",0,0,0,0,0.191510866794154,91.5
"36003",0,0,0,0,0.0831282532479555,55.33
"36005",0,0,0,0,0.117059030750131,73.72
"36007",0,0,0,0,0.162026099489554,86.73
"36009",0,0,0,0,0.0938464055143908,62.74
"36011",0,0,0,0,0.11110651218345,71.52
"36013",0,0,0,0,0.135108817264691,80.37
"36015",0,0,0,0,0.14251847530994,82.25
"36017",0,0,0,0,0.0846252287633825,56.54
"36019",0,0,0,0,0.119181189936264,74.64
"36021",0,0,0,0,0.144695928816648,82.82
"36023",0,0,0,0,0.0987374077951057,65.57
"36025",0,0,0,0,0.105627544791958,68.79
"36027",0,0,0,0,0.157389548578718,85.91
"36029",0,0,0,0,0.260318212877056,97.65
"36031",0,0,0,0,0.0990169327102908,65.7
"36033",0,0,0,0,0.0712820626889713,44.51
"36035",0,0,0,0,0.0966607712474301,64.4
"36037",0,0,0,0,0.109939946091441,71.05
"36039",0,0,0,0,0.125512175121946,76.93
"36041",0,0,0,0,0.0681801016975423,41.33
"36043",0,0,0,0,0.1024146652035,67.48
"36045",0,0,0,0,0.088391630786826,58.86
"36047",0,0,0,0,0.197067119385149,92.33
"36049",0,0,0,0,0.0598659785133444,32.17
"36051",0,0,0,0,0.0931661979794815,62.17
"36053",0,0,0,0,0.103144256067031,67.74
"36055",0,0,0,0,0.211890149522948,93.95
"36057",0,0,0,0,0.0811129939776473,53.67
"36059",0,0,0,0,0.249624238152999,97.01
"36061",0,0,0,0,0.254026711759639,97.3
"36063",0,0,0,0,0.166794068998054,87.78
"36065",0,0,0,0,0.162352672154517,86.86
"36067",0,0,0,0,0.221162544241242,94.85
"36069",0,0,0,0,0.168588241961089,88.23
"36071",0,0,0,0,0.21040665196685,93.76
"36073",0,0,0,0,0.0785958661522578,51.13
"36075",0,0,0,0,0.11460824734252,72.96
"36077",0,0,0,0,0.0995075162006488,66.05
"36079",0,0,0,0,0.181021886801169,90.23
"36081",0,0,0,0,0.200178414031549,92.68
"36083",0,0,0,0,0.133771134947619,79.86
"36085",0,0,0,0,0.13399915289437,79.99
"36087",0,0,0,0,0.190907987888653,91.41
"36089",0,0,0,0,0.0907282081240633,60.58
"36091",0,0,0,0,0.191721900794392,91.57
"36093",0,0,0,0,0.13566909757018,80.59
"36095",0,0,0,0,0.0616947159263801,34.08
"36097",0,0,0,0,0.0622401431933779,34.71
"36099",0,0,0,0,0.0806198538092603,53.23
"36101",0,0,0,0,0.0887733072606238,59.12
"36103",0,0,0,0,0.3108375084418,99.2
"36105",0,0,0,0,0.095913330375561,63.92
"36107",0,0,0,0,0.0868642521291034,57.52
"36109",0,0,0,0,0.127289574445194,77.54
"36111",0,0,0,0,0.200260651211314,92.71
"36113",0,0,0,0,0.13226350937046,79.32
"36115",0,0,0,0,0.0930614212578496,62.11
"36117",0,0,0,0,0.113308644321302,72.29
"36119",0,0,0,0,0.240652455110218,96.25
"36121",0,0,0,0,0.0811107886191895,53.64
"36123",0,0,0,0,0.0908211572578704,60.64
"37001",0,0,0,0,0.147110638364705,83.46
"37003",0,0,0,0,0.0931760401173511,62.23
"37005",0,0,0,0,0.0698090837185613,43.02
"37007",0,0,0,0,0.0580238812500354,30.35
"37009",0,0,0,0,0.0888299057719631,59.15
"37011",0,0,0,0,0.074442981770449,47.53
"37013",0,0,0,0,0.103753113355399,67.96
"37015",0,0,0,0,0.0560845437724845,28.06
"37017",0,0,0,0,0.0491839648160479,19.6
"37019",0,0,0,0,0.165582764797988,87.46
"37021",0,0,0,0,0.236669748650597,95.96
"37023",0,0,0,0,0.0953336542713853,63.51
"37025",0,0,0,0,0.180370075012503,90.14
"37027",0,0,0,0,0.118101983605836,74.1
"37029",0,0,0,0,0.0845604246307419,56.47
"37031",0,0,0,0,0.151092752672236,84.6
"37033",0,0,0,0,0.0812802213360011,53.87
"37035",0,0,0,0,0.178255159461797,89.79
"37037",0,0,0,0,0.127789931814495,77.73
"37039",0,0,0,0,0.106303093043916,69.2
"37041",0,0,0,0,0.0688269734502204,41.93
"37043",0,0,0,0,0.0835966012855515,55.81
"37045",0,0,0,0,0.118318781801192,74.26
"37047",0,0,0,0,0.0772132964679222,50.14
"37049",0,0,0,0,0.117546935968274,73.91
"37051",0,0,0,0,0.0866387714407815,57.33
"37053",0,0,0,0,0.134820346761798,80.31
"37055",0,0,0,0,0.12770528511291,77.7
"37057",0,0,0,0,0.153924438450232,85.24
"37059",0,0,0,0,0.0959694089495627,63.95
"37061",0,0,0,0,0.0581898511005158,30.51
"37063",0,0,0,0,0.166546383083642,87.66
"37065",0,0,0,0,0.0805465831639315,53.2
"37067",0,0,0,0,0.204435145869642,93.16
"37069",0,0,0,0,0.123647046958712,76.33
"37071",0,0,0,0,0.154020431306193,85.27
"37073",0,0,0,0,0.0618280153000674,34.23
"37075",0,0,0,0,0.0793352230067897,51.99
"37077",0,0,0,0,0.0677415557151895,40.79
"37079",0,0,0,0,0.0590938965453594,31.53
"37081",0,0,0,0,0.249076676487087,96.95
"37083",0,0,0,0,0.0882864768121412,58.77
"37085",0,0,0,0,0.10921884105851,70.73
"37087",0,0,0,0,0.123089685149091,76.14
"37089",0,0,0,0,0.167266662404396,87.88
"37091",0,0,0,0,0.0628542190810128,35.63
"37093",0,0,0,0,0.0817130249425025,54.28
"37095",0,0,0,0,0.066366038095476,39.61
"37097",0,0,0,0,0.20656234883283,93.35
"37099",0,0,0,0,0.0782378125766918,50.87
"37101",0,0,0,0,0.148367650133484,83.87
"37103",0,0,0,0,0.0758445942295578,48.62
"37105",0,0,0,0,0.102105391203305,67.29
"37107",0,0,0,0,0.0892765396881371,59.47
"37109",0,0,0,0,0.150665116514105,84.44
"37111",0,0,0,0,0.0754107641615656,48.27
"37113",0,0,0,0,0.124132957899518,76.39
"37115",0,0,0,0,0.113753358449531,72.41
"37117",0,0,0,0,0.0766503865629234,49.7
"37119",0,0,0,0,0.275788048319026,98.25
"37121",0,0,0,0,0.0682912328334544,41.43
"37123",0,0,0,0,0.0638062602444611,36.72
"37125",0,0,0,0,0.14111293888267,82.06
"37127",0,0,0,0,0.11136258797024,71.65
"37129",0,0,0,0,0.196070499849626,92.17
"37131",0,0,0,0,0.0512330176505139,21.7
"37133",0,0,0,0,0.0824765922120537,55.07
"37135",0,0,0,0,0.124392599215657,76.52
"37137",0,0,0,0,0.0560718717588654,28.03
"37139",0,0,0,0,0.0951323625402324,63.44
"37141",0,0,0,0,0.133348278018813,79.67
"37143",0,0,0,0,0.0834470505623825,55.65
"37145",0,0,0,0,0.0905831298463646,60.45
"37147",0,0,0,0,0.130527843486086,78.87
"37149",0,0,0,0,0.109501029049448,70.86
"37151",0,0,0,0,0.133580989876902,79.8
"37153",0,0,0,0,0.0932649789989341,62.3
"37155",0,0,0,0,0.0886450733353075,59.02
"37157",0,0,0,0,0.101121625819976,66.72
"37159",0,0,0,0,0.14781325237383,83.74
"37161",0,0,0,0,0.114064616789504,72.73
"37163",0,0,0,0,0.0701941589912823,43.53
"37165",0,0,0,0,0.0656121714432962,38.72
"37167",0,0,0,0,0.116128224165558,73.53
"37169",0,0,0,0,0.0831874553747613,55.36
"37171",0,0,0,0,0.0981431752551753,65.16
"37173",0,0,0,0,0.0409419770623864,10.59
"37175",0,0,0,0,0.106636310474227,69.42
"37177",0,0,0,0,0.0410545987638625,10.79
"37179",0,0,0,0,0.181945805915023,90.33
"37181",0,0,0,0,0.0902724530836463,60.29
"37183",0,0,0,0,0.266599463402354,97.96
"37185",0,0,0,0,0.0556729985834365,27.52
"37187",0,0,0,0,0.0741887034455633,47.15
"37189",0,0,0,0,0.117370080736463,73.88
"37191",0,0,0,0,0.109507203094534,70.89
"37193",0,0,0,0,0.0942300549543809,63.03
"37195",0,0,0,0,0.115475909120187,73.34
"37197",0,0,0,0,0.0805446131690784,53.17
"37199",0,0,0,0,0.0777147088858146,50.4
"38001",0,0,0,0,0.029963253422842,3.15
"38003",0,0,0,0,0.0592076875187523,31.72
"38005",0,0,0,0,0.0230762216179961,0.8
"38007",0,0,0,0,0.0284529616570952,2.51
"38009",0,0,0,0,0.0567528163082864,28.7
"38011",0,0,0,0,0.0417665067747933,11.74
"38013",0,0,0,0,0.032793019505351,4.87
"38015",0,0,0,0,0.168544812641415,88.16
"38017",0,0,0,0,0.197470381377404,92.43
"38019",0,0,0,0,0.0291351265104259,2.9
"38021",0,0,0,0,0.035533346271299,6.68
"38023",0,0,0,0,0.0366138578188524,7.32
"38025",0,0,0,0,0.0349678400034719,6.14
"38027",0,0,0,0,0.033822560840828,5.47
"38029",0,0,0,0,0.0424435241974012,12.38
"38031",0,0,0,0,0.0353699543086722,6.43
"38033",0,0,0,0,0.0223343789363671,0.64
"38035",0.00243595128097438,21.5578205962533,1,1,0.199413017739165,92.59
"38037",0,0,0,0,0.0286275301242645,2.7
"38039",0,0,0,0,0.034911258468732,6.11
"38041",0,0,0,0,0.0306511584991509,3.53
"38043",0,0,0,0,0.0310747990870427,3.88
"38045",0,0,0,0,0.0442866752589852,14.06
"38047",0,0,0,0,0.0277250490764903,2.23
"38049",0,0,0,0,0.0505181822989036,21.03
"38051",0,0,0,0,0.0328081044003625,4.9
"38053",0,0,0,0,0.0434008832323793,13.27
"38055",0,0,0,0,0.0402673739549777,9.96
"38057",0,0,0,0,0.0336999999787774,5.41
"38059",0,0,0,0,0.116444037565342,73.66
"38061",0,0,0,0,0.0524370664201832,23.19
"38063",0,0,0,0,0.0328517179572557,4.93
"38065",0,0,0,0,0.0328994188658097,5.06
"38067",0,0,0,0,0.0418161768617795,11.8
"38069",0,0,0,0,0.0415960256285932,11.55
"38071",0,0,0,0,0.072916832848581,45.94
"38073",0,0,0,0,0.0389005703225953,8.85
"38075",0,0,0,0,0.040199680746382,9.86
"38077",0,0,0,0,0.0623548569964741,34.9
"38079",0,0,0,0,0.0402908601396794,9.99
"38081",0,0,0,0,0.0252852240604911,1.46
"38083",0,0,0,0,0.0222246397353045,0.6
"38085",0,0,0,0,0.0228772670203751,0.73
"38087",0,0,0,0,0.0291028791445224,2.86
"38089",0,0,0,0,0.104174809408469,68.28
"38091",0,0,0,0,0.0363755541087397,7.06
"38093",0,0,0,0,0.0754029033209088,48.17
"38095",0,0,0,0,0.0231359976069717,0.83
"38097",0,0,0,0,0.0378471079503803,8.08
"38099",0,0,0,0,0.0419704182408156,11.99
"38101",0,0,0,0,0.122711236798203,76.01
"38103",0,0,0,0,0.039796343602148,9.61
"38105",0,0,0,0,0.0820554798768358,54.69
"39001",0,0,0,0,0.0811299230460242,53.71
"39003",0,0,0,0,0.158695706173209,86.22
"39005",0,0,0,0,0.101953874186211,67.17
"39007",0,0,0,0,0.124963249698721,76.68
"39009",0,0,0,0,0.0903096851743332,60.32
"39011",0,0,0,0,0.095287535868216,63.47
"39013",0,0,0,0,0.116016342561763,73.5
"39015",0,0,0,0,0.090226854033058,60.26
"39017",0,0,0,0,0.216287432664652,94.34
"39019",0,0,0,0,0.0909675456078824,60.8
"39021",0,0,0,0,0.0743984539436734,47.41
"39023",0,0,0,0,0.125462971945802,76.9
"39025",0,0,0,0,0.172825589877301,89.25
"39027",0,0,0,0,0.0816144887814176,54.18
"39029",0,0,0,0,0.136955332773125,80.97
"39031",0,0,0,0,0.0993147034924459,65.89
"39033",0,0,0,0,0.093956135832357,62.84
"39035",0,0,0,0,0.29029753194375,98.63
"39037",0,0,0,0,0.100333266735599,66.4
"39039",0,0,0,0,0.086959122086077,57.65
"39041",0,0,0,0,0.177283483958868,89.6
"39043",0,0,0,0,0.128151781878434,77.92
"39045",0,0,0,0,0.138964580397063,81.61
"39047",0,0,0,0,0.0820445305220034,54.63
"39049",0,0,0,0,0.243211702546691,96.53
"39051",0,0,0,0,0.0776781985825634,50.33
"39053",0,0,0,0,0.0633236971466714,35.98
"39055",0,0,0,0,0.15985496976207,86.41
"39057",0,0,0,0,0.125413829566146,76.87
"39059",0,0,0,0,0.0880610509237674,58.45
"39061",0,0,0,0,0.249041009258087,96.88
"39063",0,0,0,0,0.102737475665107,67.61
"39065",0,0,0,0,0.0644097267043177,37.38
"39067",0,0,0,0,0.060159335481442,32.45
"39069",0,0,0,0,0.063675276392718,36.46
"39071",0,0,0,0,0.0841573613362027,56.22
"39073",0,0,0,0,0.0930454557845545,62.07
"39075",0,0,0,0,0.145584971633522,83.04
"39077",0,0,0,0,0.0925305836955846,61.69
"39079",0,0,0,0,0.067286705855448,40.28
"39081",0,0,0,0,0.0977798156463654,64.91
"39083",0,0,0,0,0.100705451211342,66.5
"39085",0,0,0,0,0.216836372798861,94.46
"39087",0,0,0,0,0.0789893501059878,51.45
"39089",0,0,0,0,0.136278192989578,80.78
"39091",0,0,0,0,0.0881053043037251,58.54
"39093",0,0,0,0,0.167194581548798,87.85
"39095",8.40889661261615e-05,0.744175328969265,1,0,0.202908477015616,93.03
"39097",0,0,0,0,0.0613719702749162,33.85
"39099",0,0,0,0,0.194871269744434,91.95
"39101",0,0,0,0,0.0947468927590715,63.25
"39103",0,0,0,0,0.195549990473407,92.01
"39105",0,0,0,0,0.057716593010472,30
"39107",0,0,0,0,0.0790850666454822,51.64
"39109",0,0,0,0,0.145242970445763,82.95
"39111",0,0,0,0,0.0720173349676837,45.21
"39113",0,0,0,0,0.245129041804264,96.63
"39115",0,0,0,0,0.0480184372843241,18.1
"39117",0,0,0,0,0.109467645493808,70.82
"39119",0,0,0,0,0.109325550651583,70.79
"39121",0,0,0,0,0.059602922912516,32.01
"39123",0,0,0,0,0.0954401816723956,63.6
"39125",0,0,0,0,0.056452714372735,28.38
"39127",0,0,0,0,0.0716893179849638,44.96
"39129",0,0,0,0,0.0644118060824928,37.42
"39131",0,0,0,0,0.0565823417629653,28.54
"39133",0,0,0,0,0.157707773989319,86
"39135",0,0,0,0,0.0674883160076891,40.5
"39137",0,0,0,0,0.0820467480923961,54.66
"39139",0,0,0,0,0.140904476480071,81.99
"39141",0,0,0,0,0.0945280261869149,63.16
"39143",0,0,0,0,0.0955563930161345,63.7
"39145",0,0,0,0,0.0884517384659917,58.89
"39147",0,0,0,0,0.0986042271557089,65.48
"39149",0,0,0,0,0.0749963937438402,47.79
"39151",0,0,0,0,0.210911600308455,93.89
"39153",0,0,0,0,0.232490477946007,95.64
"39155",0,0,0,0,0.172674383989942,89.18
"39157",0,0,0,0,0.154233340772167,85.33
"39159",0,0,0,0,0.0929408651245123,62.04
"39161",0,0,0,0,0.0706771827949989,44.07
"39163",0,0,0,0,0.0555006867440495,27.36
"39165",0,0,0,0,0.200660644821373,92.78
"39167",0,0,0,0,0.108524163173847,70.51
"39169",0,0,0,0,0.149860442181725,84.22
"39171",0,0,0,0,0.0906397597608336,60.52
"39173",0,0,0,0,0.133427690080329,79.7
"39175",0,0,0,0,0.0568692573148612,28.83
"40001",0,0,0,0,0.0635077407454784,36.3
"40003",0,0,0,0,0.0323879897189029,4.65
"40005",0,0,0,0,0.070163285547237,43.49
"40007",0,0,0,0,0.0382657132948665,8.46
"40009",0,0,0,0,0.0584365215247724,30.89
"40011",0,0,0,0,0.045545484476724,15.14
"40013",0,0,0,0,0.0814040321641682,54.02
"40015",0,0,0,0,0.0512574673093039,21.73
"40017",0,0,0,0,0.157445245680707,85.94
"40019",0,0,0,0,0.115167107050345,73.21
"40021",0,0,0,0,0.0503100373520569,20.78
"40023",0,0,0,0,0.0469058705962703,16.77
"40025",0,0,0,0,0.0259581486771983,1.65
"40027",0,0,0,0,0.168477442941386,88.1
"40029",0,0,0,0,0.0408738571794569,10.56
"40031",0,0,0,0,0.0893167458779727,59.53
"40033",0,0,0,0,0.0260617222469115,1.78
"40035",0,0,0,0,0.0690038598082011,42.13
"40037",0,0,0,0,0.119345849095993,74.67
"40039",0,0,0,0,0.0752061290413225,48.04
"40041",0,0,0,0,0.103588142209267,67.9
"40043",0,0,0,0,0.0336808289867,5.38
"40045",0,0,0,0,0.0237449055557425,1.05
"40047",0,0,0,0,0.120364601406608,75.15
"40049",0,0,0,0,0.0732447173884813,46.2
"40051",0,0,0,0,0.11060330277808,71.27
"40053",0,0,0,0,0.0410843399738824,10.88
"40055",0,0,0,0,0.029550433851379,2.96
"40057",0,0,0,0,0.0439050686974441,13.78
"40059",0,0,0,0,0.0300441206186044,3.28
"40061",0,0,0,0,0.059202012093117,31.69
"40063",0,0,0,0,0.0535593324173886,24.59
"40065",0,0,0,0,0.0561322914338434,28.09
"40067",0,0,0,0,0.0413474019098512,11.29
"40069",0,0,0,0,0.0446038947791984,14.25
"40071",0,0,0,0,0.0901162038059506,60.23
"40073",0,0,0,0,0.0750855877140099,47.88
"40075",0,0,0,0,0.0408614503105657,10.5
"40077",0,0,0,0,0.0387357718866998,8.75
"40079",0,0,0,0,0.0833649484956444,55.55
"40081",0,0,0,0,0.0693159672398651,42.35
"40083",0,0,0,0,0.117921353315607,74.07
"40085",0,0,0,0,0.0313087056230725,4.04
"40087",0,0,0,0,0.088888771107512,59.27
"40089",0,0,0,0,0.0688325304355157,41.97
"40091",0,0,0,0,0.0596805217457539,32.07
"40093",0,0,0,0,0.0479770007130433,17.94
"40095",0,0,0,0,0.049994474372022,20.36
"40097",0,0,0,0,0.0903400795356879,60.36
"40099",0,0,0,0,0.0558720172771811,27.71
"40101",0,0,0,0,0.106915439372324,69.58
"40103",0,0,0,0,0.0333843894932742,5.15
"40105",0,0,0,0,0.0626042029593365,35.25
"40107",0,0,0,0,0.0413027088626522,11.23
"40109",0,0,0,0,0.221866102174431,94.91
"40111",0,0,0,0,0.0735749757209606,46.55
"40113",0,0,0,0,0.0816315202069349,54.22
"40115",0,0,0,0,0.0757102508252905,48.49
"40117",0,0,0,0,0.0634497956515504,36.24
"40119",0,0,0,0,0.112617519872874,72
"40121",0,0,0,0,0.0937701807113212,62.62
"40123",0,0,0,0,0.0821390324985009,54.79
"40125",0,0,0,0,0.102262326760082,67.36
"40127",0,0,0,0,0.0654983355965335,38.66
"40129",0,0,0,0,0.0456142058712264,15.21
"40131",0,0,0,0,0.129558822870463,78.59
"40133",0,0,0,0,0.0591914595430592,31.66
"40135",0,0,0,0,0.0755447487825453,48.46
"40137",0,0,0,0,0.0824212164176346,55.01
"40139",0,0,0,0,0.0417262391615527,11.71
"40141",0,0,0,0,0.0384959624631532,8.56
"40143",0,0,0,0,0.28968727512918,98.6
"40145",0,0,0,0,0.117768233251671,74.01
"40147",0,0,0,0,0.103781791925924,68.06
"40149",0,0,0,0,0.0552439392845241,26.89
"40151",0,0,0,0,0.0545939277817373,26.25
"40153",0,0,0,0,0.0792688102769923,51.8
"41001",0,0,0,0,0.096321166356321,64.17
"41003",0,0,0,0,0.127281594867806,77.51
"41005",0,0,0,0,0.292242199782781,98.7
"41007",0,0,0,0,0.128284534363656,77.95
"41009",0,0,0,0,0.141531719760286,82.15
"41011",0,0,0,0,0.135201791813109,80.4
"41013",0,0,0,0,0.117176406368723,73.78
"41015",0,0,0,0,0.103233273426434,67.77
"41017",0,0,0,0,0.248481631205718,96.85
"41019",0,0,0,0,0.124135921980886,76.42
"41021",0,0,0,0,0.0395922830281132,9.48
"41023",0,0,0,0,0.0590954506153898,31.56
"41025",0,0,0,0,0.0605865500580402,33.03
"41027",0,0,0,0,0.113674374737228,72.38
"41029",0,0,0,0,0.218814110826696,94.69
"41031",0,0,0,0,0.073732786089861,46.74
"41033",0,0,0,0,0.144266894957407,82.76
"41035",0,0,0,0,0.122215310615691,75.72
"41037",0,0,0,0,0.0430086559917785,12.89
"41039",0,0,0,0,0.22353702453166,94.97
"41041",0,0,0,0,0.117304678932019,73.81
"41043",0,0,0,0,0.134197549796438,80.08
"41045",0,0,0,0,0.0836145769302112,55.87
"41047",0,0,0,0,0.168583378165697,88.2
"41049",0,0,0,0,0.0448814125687728,14.57
"41051",0,0,0,0,0.338720997484995,99.52
"41053",0,0,0,0,0.123250645698357,76.23
"41055",0,0,0,0,0.0462170876100785,16
"41057",0,0,0,0,0.092115050770718,61.34
"41059",0,0,0,0,0.103908583932801,68.18
"41061",0,0,0,0,0.0896867272891368,59.82
"41063",0,0,0,0,0.0990455457469725,65.73
"41065",0,0,0,0,0.0898029116438196,60.07
"41067",0,0,0,0,0.254935451802222,97.33
"41069",0,0,0,0,0.052159712232253,22.84
"41071",0,0,0,0,0.142760149038015,82.37
"42001",0,0,0,0,0.130347762129201,78.81
"42003",0,0,0,0,0.27150274265658,98.12
"42005",0,0,0,0,0.121998066455174,75.56
"42007",0,0,0,0,0.16751686440047,87.97
"42009",0,0,0,0,0.0876859162985597,58.1
"42011",0,0,0,0,0.210288095856967,93.7
"42013",0,0,0,0,0.160224231188398,86.51
"42015",0,0,0,0,0.0870487184401802,57.78
"42017",0,0,0,0,0.297721416219316,98.89
"42019",0,0,0,0,0.180469500851152,90.17
"42021",0,0,0,0,0.163305715601474,87.02
"42023",0,0,0,0,0.0421523469111954,12.25
"42025",0,0,0,0,0.0875594020562642,57.97
"42027",0,0,0,0,0.125798080301803,77.03
"42029",0,0,0,0,0.290925086222919,98.66
"42031",0,0,0,0,0.0821720970454503,54.88
"42033",0,0,0,0,0.106132425164291,69.14
"42035",0,0,0,0,0.0961323797326278,64.05
"42037",0,0,0,0,0.108902830249449,70.63
"42039",0,0,0,0,0.138771871542809,81.55
"42041",0,0,0,0,0.151189644559872,84.73
"42043",0,0,0,0,0.171389985137821,88.93
"42045",0,0,0,0,0.225359277336515,95.07
"42047",0,0,0,0,0.0832100361141305,55.42
"42049",0,0,0,0,0.177072400052296,89.53
"42051",0,0,0,0,0.127543753382816,77.57
"42053",0,0,0,0,0.0829394341794037,55.23
"42055",0,0,0,0,0.134402060509848,80.21
"42057",0,0,0,0,0.0606087321719382,33.06
"42059",0,0,0,0,0.0537481217498704,24.88
"42061",0,0,0,0,0.075860025965087,48.65
"42063",0,0,0,0,0.108039020464517,70.22
"42065",0,0,0,0,0.104753120668362,68.53
"42067",0,0,0,0,0.0754354762892307,48.3
"42069",0,0,0,0,0.167322804837004,87.91
"42071",0,0,0,0,0.263722401577768,97.8
"42073",0,0,0,0,0.130918957687054,79
"42075",0,0,0,0,0.134108820958204,80.05
"42077",0,0,0,0,0.194292775552447,91.85
"42079",0,0,0,0,0.178776300472689,89.88
"42081",0,0,0,0,0.159911472013265,86.45
"42083",0,0,0,0,0.0866573901186418,57.37
"42085",0,0,0,0,0.135587103225294,80.56
"42087",0,0,0,0,0.0978318225253974,64.94
"42089",0,0,0,0,0.128394035738399,78.01
"42091",0,0,0,0,0.295548726798511,98.82
"42093",0,0,0,0,0.0468973384026279,16.74
"42095",0,0,0,0,0.187728149020245,91.03
"42097",0,0,0,0,0.11441225193061,72.89
"42099",0,0,0,0,0.0922014817082863,61.41
"42101",0,0,0,0,0.194378135116764,91.89
"42103",0,0,0,0,0.0979674957580655,65
"42105",0,0,0,0,0.0695941091099713,42.67
"42107",0,0,0,0,0.137412274568395,81.13
"42109",0,0,0,0,0.0954606063826084,63.67
"42111",0,0,0,0,0.129100045641242,78.43
"42113",0,0,0,0,0.0640074187498568,36.94
"42115",0,0,0,0,0.110647522657518,71.3
"42117",0,0,0,0,0.0879566754732384,58.42
"42119",0,0,0,0,0.0785104182993857,51.1
"42121",0,0,0,0,0.126990221593493,77.38
"42123",0,0,0,0,0.083308108625537,55.52
"42125",0,0,0,0,0.190849096583936,91.38
"42127",0,0,0,0,0.122830750126813,76.04
"42129",0,0,0,0,0.219805683048014,94.78
"42131",0,0,0,0,0.0780321936612069,50.68
"42133",0,0,0,0,0.216268893921851,94.3
"44001",0,0,0,0,0.182678376684216,90.45
"44003",0,0,0,0,0.196220972188168,92.2
"44005",0,0,0,0,0.177456939280197,89.63
"44007",0,0,0,0,0.229794032363235,95.39
"44009",0,0,0,0,0.183114744994496,90.55
"45001",0,0,0,0,0.0848235686568679,56.67
"45003",0,0,0,0,0.119702003710644,74.9
"45005",0,0,0,0,0.0410469263876329,10.75
"45007",0,0,0,0,0.15112919770516,84.66
"45009",0,0,0,0,0.0589636783594843,31.4
"45011",0,0,0,0,0.0612595452501277,33.69
"45013",0,0,0,0,0.185609236056119,90.74
"45015",0,0,0,0,0.20102287363208,92.84
"45017",0,0,0,0,0.0623309614682957,34.87
"45019",0,0,0,0,0.271012337478617,98.09
"45021",0,0,0,0,0.106342413440089,69.23
"45023",0,0,0,0,0.0927697566591734,61.92
"45025",0,0,0,0,0.0681212187233588,41.27
"45027",0,0,0,0,0.0863818680425248,57.27
"45029",0,0,0,0,0.0994560713092907,65.99
"45031",0,0,0,0,0.0806307574785652,53.26
"45033",0,0,0,0,0.0575024472525947,29.81
"45035",0,0,0,0,0.162275770614555,86.83
"45037",0,0,0,0,0.0716421043056232,44.86
"45039",0,0,0,0,0.0810263984324717,53.55
"45041",0,0,0,0,0.130439757037195,78.84
"45043",0,0,0,0,0.133104588136343,79.61
"45045",0,0,0,0,0.250368470717215,97.1
"45047",0,0,0,0,0.110258104509435,71.21
"45049",0,0,0,0,0.0739387848725263,46.96
"45051",0,0,0,0,0.220423117449534,94.81
"45053",0,0,0,0,0.10686034585111,69.52
"45055",0,0,0,0,0.136460142921732,80.91
"45057",0,0,0,0,0.154549597815716,85.36
"45059",0,0,0,0,0.0926576873790773,61.82
"45061",0,0,0,0,0.0720408745095155,45.28
"45063",0,0,0,0,0.216291891550022,94.37
"45065",0,0,0,0,0.0821622590540333,54.85
"45067",0,0,0,0,0.07383419647811,46.8
"45069",0,0,0,0,0.0562668930907535,28.29
"45071",0,0,0,0,0.0812083821166409,53.77
"45073",0,0,0,0,0.138334517576642,81.39
"45075",0,0,0,0,0.105656414084423,68.85
"45077",0,0,0,0,0.128905294709011,78.33
"45079",0,0,0,0,0.192662920574026,91.73
"45081",0,0,0,0,0.0496698862729072,20.01
"45083",0,0,0,0,0.190985165788753,91.44
"45085",0,0,0,0,0.118188476702049,74.2
"45087",0,0,0,0,0.0566076544183863,28.6
"45089",0,0,0,0,0.0529828846934499,24.02
"45091",0,0,0,0,0.233406540611045,95.77
"46003",0,0,0,0,0.0275295900264262,2.16
"46005",0,0,0,0,0.0754475539815705,48.33
"46007",0,0,0,0,0.030009143385983,3.21
"46009",0,0,0,0,0.0441490107534537,13.94
"46011",0,0,0,0,0.0915911200733757,61.22
"46013",0,0,0,0,0.120068521798572,74.99
"46015",0,0,0,0,0.0485465292426129,18.8
"46017",0,0,0,0,0.0273870772720151,2.13
"46019",0,0,0,0,0.0867430598052667,57.4
"46021",0,0,0,0,0.0338319362319839,5.5
"46023",0,0,0,0,0.0556894461468305,27.59
"46025",0,0,0,0,0.0272987835734948,2.07
"46027",0,0,0,0,0.0509412305128983,21.44
"46029",0,0,0,0,0.120771446940131,75.25
"46031",0,0,0,0,0.0249847560470993,1.3
"46033",0,0,0,0,0.0877385904312232,58.16
"46035",0,0,0,0,0.100125276475189,66.27
"46037",0,0,0,0,0.0500568711794613,20.46
"46039",0,0,0,0,0.0460402098420584,15.75
"46041",0,0,0,0,0.0315644477030663,4.23
"46043",0,0,0,0,0.0318408905048903,4.36
"46045",0,0,0,0,0.039975864012469,9.74
"46047",0,0,0,0,0.0607565354266085,33.28
"46049",0,0,0,0,0.0285152485644878,2.58
"46051",0,0,0,0,0.0475378211319315,17.44
"46053",0,0,0,0,0.0504926689975879,21
"46055",0,0,0,0,0.0380651682747013,8.3
"46057",0,0,0,0,0.0358708311018595,6.78
"46059",0,0,0,0,0.0327146959215148,4.8
"46061",0,0,0,0,0.0433284438354595,13.14
"46063",0,0,0,0,0.0273079707923752,2.1
"46065",0,0,0,0,0.0870567646476781,57.81
"46067",0,0,0,0,0.0390262436173942,8.97
"46069",0,0,0,0,0.023321678645774,0.92
"46071",0,0,0,0,0.0301994180467782,3.37
"46073",0,0,0,0,0.0203451474441346,0.45
"46075",0,0,0,0,0.0300322995480256,3.25
"46077",0,0,0,0,0.0407750050181241,10.37
"46079",0,0,0,0,0.0653585322600814,38.53
"46081",0,0,0,0,0.124880797976016,76.65
"46083",0,0,0,0,0.137191075822511,81.04
"46085",0,0,0,0,0.0313552656527014,4.14
"46087",0,0,0,0,0.0537831527849822,24.94
"46089",0,0,0,0,0.0238965083323628,1.11
"46091",0,0,0,0,0.0311172724401668,3.91
"46093",0,0,0,0,0.113089490851399,72.16
"46095",0,0,0,0,0.0213978836236183,0.54
"46097",0,0,0,0,0.0371452592531167,7.73
"46099",0,0,0,0,0.192211312621427,91.63
"46101",0,0,0,0,0.0375614171237363,7.92
"46102",0,0,0,0,0.0263065775872543,1.91
"46103",0,0,0,0,0.194829317812231,91.92
"46105",0,0,0,0,0.0399708861737852,9.7
"46107",0,0,0,0,0.0323190982671665,4.61
"46109",0,0,0,0,0.0435645488800593,13.39
"46111",0,0,0,0,0.0244487054558408,1.21
"46115",0,0,0,0,0.0278822565603355,2.29
"46117",0,0,0,0,0.0489723657194943,19.31
"46119",0,0,0,0,0.0271395583618104,2.04
"46121",0,0,0,0,0.0188226413417752,0.25
"46123",0,0,0,0,0.0484585863120413,18.74
"46125",0,0,0,0,0.0490685983809912,19.44
"46127",0,0,0,0,0.102757763199779,67.64
"46129",0,0,0,0,0.0529178322746513,23.8
"46135",0,0,0,0,0.100172199133116,66.37
"46137",0,0,0,0,0.026822262409425,1.94
"47001",0,0,0,0,0.105867571309491,69.01
"47003",0,0,0,0,0.0909542743737079,60.74
"47005",0,0,0,0,0.0788907762701394,51.35
"47007",0,0,0,0,0.0742288035768382,47.28
"47009",0,0,0,0,0.156806236768534,85.81
"47011",0,0,0,0,0.136409643650784,80.88
"47013",0,0,0,0,0.0992518283698416,65.83
"47015",0,0,0,0,0.0860192014491813,57.11
"47017",0,0,0,0,0.0765253026274454,49.41
"47019",0,0,0,0,0.0914264948470325,61.09
"47021",0,0,0,0,0.105880203150707,69.07
"47023",0,0,0,0,0.0685150939946249,41.62
"47025",0,0,0,0,0.0714909255044679,44.7
"47027",0,0,0,0,0.0629992612414212,35.73
"47029",0,0,0,0,0.0685079616639438,41.58
"47031",0,0,0,0,0.119913559621554,74.96
"47033",0,0,0,0,0.0559025316081608,27.78
"47035",0,0,0,0,0.115735576369745,73.4
"47037",0,0,0,0,0.269129903698638,98
"47039",0,0,0,0,0.089260518727,59.43
"47041",0,0,0,0,0.0656442804939036,38.75
"47043",0,0,0,0,0.114746422179118,73.02
"47045",0,0,0,0,0.0764953352266523,49.38
"47047",0,0,0,0,0.123490487236975,76.26
"47049",0,0,0,0,0.0637189925624324,36.56
"47051",0,0,0,0,0.0804269146494835,52.97
"47053",0,0,0,0,0.0868128827314237,57.49
"47055",0,0,0,0,0.0819706245239306,54.53
"47057",0,0,0,0,0.0685433751121414,41.68
"47059",0,0,0,0,0.1038569660457,68.09
"47061",0,0,0,0,0.06725275996685,40.25
"47063",0,0,0,0,0.10216602409443,67.32
"47065",0,0,0,0,0.232673838706078,95.74
"47067",0,0,0,0,0.0490292167887939,19.38
"47069",0,0,0,0,0.0648824224724308,38.02
"47071",0,0,0,0,0.0870446845700773,57.75
"47073",0,0,0,0,0.0771142714312017,50.05
"47075",0,0,0,0,0.0482614531942896,18.49
"47077",0,0,0,0,0.0696137097174987,42.7
"47079",0,0,0,0,0.0991818164973943,65.8
"47081",0,0,0,0,0.0830711402662874,55.3
"47083",0,0,0,0,0.0822573130823433,54.95
"47085",0,0,0,0,0.0696388116843958,42.73
"47087",0,0,0,0,0.0710399016051456,44.32
"47089",0,0,0,0,0.0868713285731063,57.59
"47091",0,0,0,0,0.0647360618040379,37.8
"47093",3.39810114108236e-06,0.0300727093105388,1,0,0.231672254015878,95.55
"47095",0,0,0,0,0.0373169635039628,7.8
"47097",0,0,0,0,0.0482121574370826,18.39
"47099",0,0,0,0,0.0875853126793173,58.03
"47101",0,0,0,0,0.0736128617268011,46.64
"47103",0,0,0,0,0.0793151312308462,51.92
"47105",0,0,0,0,0.113270722373887,72.26
"47107",0,0,0,0,0.0958539509176676,63.82
"47109",0,0,0,0,0.0938344127484775,62.68
"47111",0,0,0,0,0.0761199205735426,48.97
"47113",0,0,0,0,0.132460709436119,79.41
"47115",0,0,0,0,0.073084824901655,46.01
"47117",0,0,0,0,0.0964578534735077,64.24
"47119",0,0,0,0,0.155539018230167,85.59
"47121",0,0,0,0,0.0474302909408697,17.34
"47123",0,0,0,0,0.0789830419275857,51.42
"47125",0,0,0,0,0.161427377618561,86.64
"47127",0,0,0,0,0.0371245421001697,7.7
"47129",0,0,0,0,0.0507585261439241,21.32
"47131",0,0,0,0,0.079668192030686,52.4
"47133",0,0,0,0,0.0819206224897941,54.47
"47135",0,0,0,0,0.0526102226995737,23.42
"47137",0,0,0,0,0.0754059132032154,48.2
"47139",0,0,0,0,0.0790272405553132,51.54
"47141",0,0,0,0,0.128802197108093,78.24
"47143",0,0,0,0,0.0560457074814538,27.94
"47145",0,0,0,0,0.0827891305656313,55.2
"47147",0,0,0,0,0.108575678569896,70.54
"47149",0,0,0,0,0.189687078766489,91.28
"47151",0,0,0,0,0.067879707808602,40.98
"47153",0,0,0,0,0.0764680072733198,49.35
"47155",0,0,0,0,0.124828716620387,76.58
"47157",0,0,0,0,0.241693107456077,96.34
"47159",0,0,0,0,0.0674190604591367,40.47
"47161",0,0,0,0,0.061042577532807,33.44
"47163",0,0,0,0,0.1461924734306,83.26
"47165",0,0,0,0,0.195524110150736,91.98
"47167",0,0,0,0,0.100889003297604,66.59
"47169",0,0,0,0,0.0591422770982736,31.63
"47171",0,0,0,0,0.0585243721035034,31.05
"47173",0,0,0,0,0.0798783539149209,52.62
"47175",0,0,0,0,0.073411307070214,46.29
"47177",0,0,0,0,0.0931420403386852,62.14
"47179",0,0,0,0,0.140965521510384,82.02
"47181",0,0,0,0,0.0562072974808362,28.22
"47183",0,0,0,0,0.0790071090668513,51.48
"47185",0,0,0,0,0.0780893988161136,50.75
"47187",0,0,0,0,0.252678486786367,97.23
"47189",0,0,0,0,0.147542064332749,83.58
"48001",0,0,0,0,0.118849315150039,74.55
"48003",0,0,0,0,0.0536333474391382,24.72
"48005",0,0,0,0,0.118336123419496,74.29
"48007",0,0,0,0,0.1264625371777,77.16
"48009",0,0,0,0,0.0542970910233052,25.71
"48011",0,0,0,0,0.0452689810631295,14.86
"48013",0,0,0,0,0.0800392338299211,52.78
"48015",0,0,0,0,0.145922458946456,83.17
"48017",0,0,0,0,0.0449259541837872,14.6
"48019",0,0,0,0,0.0914975593091874,61.12
"48021",0,0,0,0,0.136012298316605,80.66
"48023",0,0,0,0,0.0456932668857633,15.37
"48025",0,0,0,0,0.0637480228949743,36.59
"48027",0,0,0,0,0.117831089059966,74.04
"48029",0,0,0,0,0.230025952507291,95.42
"48031",0,0,0,0,0.101156857893749,66.75
"48033",0,0,0,0,0.0502530740501768,20.71
"48035",0,0,0,0,0.0728972616225801,45.91
"48037",0,0,0,0,0.139751553047903,81.77
"48039",0,0,0,0,0.165653163975815,87.5
"48041",0,0,0,0,0.12632539427086,77.12
"48043",0,0,0,0,0.0740905910282506,47.06
"48045",0,0,0,0,0.0447569956463076,14.41
"48047",0,0,0,0,0.0417205402956957,11.68
"48049",0,0,0,0,0.0915660875679273,61.18
"48051",0,0,0,0,0.0797489148240916,52.5
"48053",0,0,0,0,0.150399197917045,84.35
"48055",0,0,0,0,0.101482133572372,67.04
"48057",0,0,0,0,0.058709480266124,31.18
"48059",0,0,0,0,0.0890995416114285,59.34
"48061",0,0,0,0,0.138077010100047,81.32
"48063",0,0,0,0,0.0605522564013586,32.99
"48065",0,0,0,0,0.0317626423300985,4.33
"48067",0,0,0,0,0.0627204655353045,35.48
"48069",0,0,0,0,0.0300636868991762,3.31
"48071",0,0,0,0,0.0837928722892398,56
"48073",0,0,0,0,0.0925971160667496,61.79
"48075",0,0,0,0,0.0570128405754937,29.05
"48077",0,0,0,0,0.0623676510550864,34.93
"48079",0,0,0,0,0.0556730113890545,27.55
"48081",0,0,0,0,0.0464086210421139,16.23
"48083",0,0,0,0,0.0657497943775855,38.94
"48085",0,0,0,0,0.2597736386049,97.58
"48087",0,0,0,0,0.0454341147510707,15.05
"48089",0,0,0,0,0.0766055406259361,49.57
"48091",0,0,0,0,0.192471376504101,91.7
"48093",0,0,0,0,0.0600046911658622,32.29
"48095",0,0,0,0,0.0540937964310463,25.52
"48097",0,0,0,0,0.0971258779355374,64.59
"48099",0,0,0,0,0.0961080699572806,63.98
"48101",0,0,0,0,0.0888380855983428,59.18
"48103",0,0,0,0,0.0364712757488886,7.19
"48105",0,0,0,0,0.0513106441821073,21.79
"48107",0,0,0,0,0.0521741196716048,22.91
"48109",0,0,0,0,0.0525751396325741,23.39
"48111",0,0,0,0,0.0471425266844101,17.09
"48113",1.69504115709492e-05,0.150008719194504,1,0,0.352771625776091,99.62
"48115",0,0,0,0,0.0538250207474957,24.98
"48117",0,0,0,0,0.0414621096184753,11.39
"48119",0,0,0,0,0.0590439342545377,31.47
"48121",0,0,0,0,0.2500987955538,97.07
"48123",0,0,0,0,0.0571751556836684,29.27
"48125",0,0,0,0,0.0627896559876783,35.57
"48127",0,0,0,0,0.0530412965643036,24.09
"48129",0,0,0,0,0.0456234151954901,15.24
"48131",0,0,0,0,0.0462741587753754,16.1
"48133",0,0,0,0,0.0695282218875127,42.6
"48135",0,0,0,0,0.135002772361399,80.34
"48137",0,0,0,0,0.062031787123457,34.52
"48139",0,0,0,0,0.169136437140175,88.36
"48141",0,0,0,0,0.171240345995711,88.86
"48143",0,0,0,0,0.102410591732869,67.45
"48145",0,0,0,0,0.0549188762981746,26.69
"48147",0,0,0,0,0.0812995751492018,53.96
"48149",0,0,0,0,0.102410294141039,67.42
"48151",0,0,0,0,0.0408364091454204,10.47
"48153",0,0,0,0,0.0362542529200593,7.03
"48155",0,0,0,0,0.0479836060393537,17.98
"48157",0,0,0,0,0.201188794748883,92.9
"48159",0,0,0,0,0.0390814556364027,9.1
"48161",0,0,0,0,0.0582858477390542,30.64
"48163",0,0,0,0,0.0421127235305521,12.19
"48165",0,0,0,0,0.0745903364062957,47.6
"48167",0,0,0,0,0.159114471009236,86.35
"48169",0,0,0,0,0.0415172424619263,11.42
"48171",0,0,0,0,0.13527636127448,80.46
"48173",0,0,0,0,0.0410973192508248,10.91
"48175",0,0,0,0,0.0547877046798716,26.47
"48177",0,0,0,0,0.0453260262097173,14.99
"48179",0,0,0,0,0.0617628591626917,34.17
"48181",0,0,0,0,0.151057353316499,84.54
"48183",0,0,0,0,0.166049132477573,87.59
"48185",0,0,0,0,0.0894233508244858,59.59
"48187",0,0,0,0,0.1359934118485,80.62
"48189",0,0,0,0,0.0706608116964549,44.03
"48191",0,0,0,0,0.0598047099208018,32.13
"48193",0,0,0,0,0.0434834804211136,13.3
"48195",0,0,0,0,0.0388919193561619,8.81
"48197",0,0,0,0,0.0368874141514486,7.51
"48199",0,0,0,0,0.0943909663432069,63.09
"48201",0,0,0,0,0.324260043043214,99.36
"48203",0,0,0,0,0.105685934675691,68.92
"48205",0,0,0,0,0.0308352649321297,3.69
"48207",0,0,0,0,0.0518207683991663,22.46
"48209",0,0,0,0,0.192143012914198,91.6
"48211",0,0,0,0,0.0528928569796012,23.77
"48213",0,0,0,0,0.123194929353799,76.17
"48215",0,0,0,0,0.145145240482689,82.91
"48217",0,0,0,0,0.083723847784772,55.97
"48219",0,0,0,0,0.0477157688408289,17.66
"48221",0,0,0,0,0.144344342951923,82.79
"48223",0,0,0,0,0.10185555286133,67.1
"48225",0,0,0,0,0.138887543316276,81.58
"48227",0,0,0,0,0.0911214821801336,60.87
"48229",0,0,0,0,0.0434922250349904,13.36
"48231",0,0,0,0,0.135266106658392,80.43
"48233",0,0,0,0,0.0499497639392267,20.27
"48235",0,0,0,0,0.031926784054835,4.39
"48237",0,0,0,0,0.0553390055636592,27.08
"48239",0,0,0,0,0.0452914567657923,14.89
"48241",0,0,0,0,0.0708576979636368,44.19
"48243",0,0,0,0,0.0475607760878243,17.47
"48245",0,0,0,0,0.166656026813335,87.75
"48247",0,0,0,0,0.0379087558172428,8.15
"48249",0,0,0,0,0.0552670744615291,26.98
"48251",0,0,0,0,0.160864137226521,86.57
"48253",0,0,0,0,0.0580370878433435,30.38
"48255",0,0,0,0,0.0507032870874933,21.29
"48257",0,0,0,0,0.15869529003956,86.19
"48259",0,0,0,0,0.155396306372129,85.52
"48261",0,0,0,0,0.0105649545578761,0.06
"48263",0,0,0,0,0.0495321540174368,19.85
"48265",0,0,0,0,0.122938574235062,76.07
"48267",0,0,0,0,0.0665018137984802,39.71
"48269",0,0,0,0,0.0284002657782438,2.48
"48271",0,0,0,0,0.0312198554953099,3.95
"48273",0,0,0,0,0.0696695539688896,42.83
"48275",0,0,0,0,0.0284699610988081,2.55
"48277",0,0,0,0,0.0965279072189945,64.27
"48279",0,0,0,0,0.035320043011893,6.4
"48281",0,0,0,0,0.0797474190721311,52.47
"48283",0,0,0,0,0.0389696749824852,8.88
"48285",0,0,0,0,0.0662707961770073,39.48
"48287",0,0,0,0,0.0618631531545478,34.3
"48289",0,0,0,0,0.0480929715864794,18.2
"48291",0,0,0,0,0.0987683906302949,65.61
"48293",0,0,0,0,0.0478889970638867,17.88
"48295",0,0,0,0,0.0351415439585259,6.24
"48297",0,0,0,0,0.050652496744452,21.25
"48299",0,0,0,0,0.0888407760117212,59.21
"48301",0,0,0,0,0.014842699632151,0.13
"48303",0,0,0,0,0.177650057901177,89.72
"48305",0,0,0,0,0.050187925794018,20.62
"48307",0,0,0,0,0.0501713088856038,20.59
"48309",0,0,0,0,0.177571783570756,89.66
"48311",0,0,0,0,0.0485634137990328,18.9
"48313",0,0,0,0,0.0424133196094586,12.34
"48315",0,0,0,0,0.0537018863317783,24.79
"48317",0,0,0,0,0.0461578207986934,15.94
"48319",0,0,0,0,0.0700406069132343,43.3
"48321",0,0,0,0,0.0814768234859552,54.12
"48323",0,0,0,0,0.0803297497828396,52.91
"48325",0,0,0,0,0.0807724924921549,53.36
"48327",0,0,0,0,0.0486075520702686,18.99
"48329",0,0,0,0,0.113945556347853,72.64
"48331",0,0,0,0,0.0736179410050872,46.68
"48333",0,0,0,0,0.0547322493521335,26.38
"48335",0,0,0,0,0.0360489188491055,6.87
"48337",0,0,0,0,0.0890444719952812,59.31
"48339",0,0,0,0,0.210426967940705,93.8
"48341",0,0,0,0,0.0406155508126295,10.28
"48343",0,0,0,0,0.0415980776077124,11.58
"48345",0,0,0,0,0.0630674821963721,35.76
"48347",0,0,0,0,0.101300368807377,66.94
"48349",0,0,0,0,0.09577452175828,63.76
"48351",0,0,0,0,0.0448137147694877,14.44
"48353",0,0,0,0,0.056902277082958,28.92
"48355",0,0,0,0,0.185708703924153,90.77
"48357",0,0,0,0,0.0436568996040658,13.55
"48359",0,0,0,0,0.0252769051519003,1.43
"48361",0,0,0,0,0.106909878434418,69.55
"48363",0,0,0,0,0.0983653932480606,65.26
"48365",0,0,0,0,0.0653616273491823,38.56
"48367",0,0,0,0,0.187946949653035,91.09
"48369",0,0,0,0,0.0327021431344099,4.77
"48371",0,0,0,0,0.0636937144802116,36.49
"48373",0,0,0,0,0.0779647281478505,50.62
"48375",0,0,0,0,0.158440813938624,86.13
"48377",0,0,0,0,0.055971066038199,27.87
"48379",0,0,0,0,0.0725035397506785,45.53
"48381",0,0,0,0,0.147734482043306,83.68
"48383",0,0,0,0,0.0417945409718389,11.77
"48385",0,0,0,0,0.0487966599764051,19.22
"48387",0,0,0,0,0.0536030005417448,24.69
"48389",0,0,0,0,0.0526532747176441,23.48
"48391",0,0,0,0,0.0419880066282634,12.03
"48393",0,0,0,0,0.0546996585945951,26.31
"48395",0,0,0,0,0.0515151881961121,22.08
"48397",0,0,0,0,0.176445122724011,89.44
"48399",0,0,0,0,0.0407432082053085,10.34
"48401",0,0,0,0,0.0804969847708934,53.13
"48403",0,0,0,0,0.0519605358839408,22.62
"48405",0,0,0,0,0.0313258566939458,4.1
"48407",0,0,0,0,0.0915586380391842,61.15
"48409",0,0,0,0,0.0888672862196149,59.24
"48411",0,0,0,0,0.05138104883113,21.86
"48413",0,0,0,0,0.043103087454953,12.98
"48415",0,0,0,0,0.0516399775648866,22.11
"48417",0,0,0,0,0.0457716417065474,15.46
"48419",0,0,0,0,0.0571250476185383,29.14
"48421",0,0,0,0,0.0215073585808964,0.57
"48423",0,0,0,0,0.171014671292353,88.74
"48425",0,0,0,0,0.058400102900755,30.8
"48427",0,0,0,0,0.0726235895594325,45.63
"48429",0,0,0,0,0.054558564595811,26.15
"48431",0,0,0,0,0.0323109449474055,4.58
"48433",0,0,0,0,0.0611099359150861,33.5
"48435",0,0,0,0,0.036889354307695,7.54
"48437",0,0,0,0,0.05036475843433,20.84
"48439",0,0,0,0,0.289368096295504,98.57
"48441",0,0,0,0,0.145246466332399,82.98
"48443",0,0,0,0,0.0417073576142428,11.61
"48445",0,0,0,0,0.0491588561798865,19.54
"48447",0,0,0,0,0.0454889250135181,15.08
"48449",0,0,0,0,0.0703240271643085,43.62
"48451",0,0,0,0,0.139659641098851,81.74
"48453",0,0,0,0,0.331161907433051,99.46
"48455",0,0,0,0,0.0649854716669792,38.18
"48457",0,0,0,0,0.0604001136225972,32.71
"48459",0,0,0,0,0.0735937462984814,46.58
"48461",0,0,0,0,0.0223823131469018,0.67
"48463",0,0,0,0,0.0877208667575558,58.13
"48465",0,0,0,0,0.0768233045332136,49.79
"48467",0,0,0,0,0.123492616276261,76.3
"48469",0,0,0,0,0.153110274381365,85.17
"48471",0,0,0,0,0.0643149935040795,37.13
"48473",0,0,0,0,0.107206646145911,69.84
"48475",0,0,0,0,0.0547094559020216,26.34
"48477",0,0,0,0,0.100148628565717,66.31
"48479",0,0,0,0,0.127110166376413,77.44
"48481",0,0,0,0,0.0765396580731703,49.44
"48483",0,0,0,0,0.0522731450427425,23.13
"48485",0,0,0,0,0.126924328691365,77.35
"48487",0,0,0,0,0.0471744444508538,17.15
"48489",0,0,0,0,0.0514574006764865,21.95
"48491",0,0,0,0,0.241492413531384,96.28
"48493",0,0,0,0,0.10388491314348,68.12
"48495",0,0,0,0,0.0392037048333294,9.2
"48497",0,0,0,0,0.125787849128575,77
"48499",0,0,0,0,0.106917320857077,69.62
"48501",0,0,0,0,0.0449631007734701,14.64
"48503",0,0,0,0,0.0750565588275652,47.82
"48505",0,0,0,0,0.0578548919456931,30.13
"48507",0,0,0,0,0.0423798093642248,12.31
"49001",0,0,0,0,0.0554748158547404,27.33
"49003",0.0740923030325976,655.706289700945,1,1,0.150780124767714,84.51
"49005",0.000330037739097993,2.92078680925902,1,1,0.251544402854823,97.14
"49007",0,0,0,0,0.0705701301282551,43.91
"49009",0,0,0,0,0.0512819114019047,21.76
"49011",0.00663769697043988,58.7426692720223,1,1,0.299968112330856,98.92
"49013",0,0,0,0,0.0770765637908479,49.98
"49015",0,0,0,0,0.0432939719939628,13.11
"49017",0,0,0,0,0.053315397249638,24.31
"49019",0,0,0,0,0.09666188444462,64.43
"49021",0,0,0,0,0.151102372685079,84.63
"49023",0,0,0,0,0.0731541159390031,46.17
"49025",0,0,0,0,0.0712307037645184,44.42
"49027",0,0,0,0,0.0626234168668184,35.28
"49029",0,0,0,0,0.0981676620567266,65.19
"49031",0,0,0,0,0.0304179889337869,3.47
"49033",0,0,0,0,0.0679140132052809,41.04
"49035",0.000971832781034922,8.60058118023138,1,1,0.469356495727007,99.97
"49037",0,0,0,0,0.0647057824590007,37.73
"49039",0,0,0,0,0.101281854137181,66.91
"49041",0,0,0,0,0.0927243453476283,61.88
"49043",0,0,0,0,0.175046639144774,89.34
"49045",0,0,0,0,0.138721318607146,81.51
"49047",0,0,0,0,0.111285809780761,71.56
"49049",0,0,0,0,0.312057471553553,99.24
"49051",0,0,0,0,0.190764195971955,91.35
"49053",0,0,0,0,0.232355263213499,95.61
"49055",0,0,0,0,0.0548691166267645,26.63
"49057",0.00881043861985012,77.9711222570334,1,1,0.280790682373357,98.38
"50001",0,0,0,0,0.128994601267847,78.4
"50003",0,0,0,0,0.145422501314596,83.01
"50005",0,0,0,0,0.137898283188681,81.23
"50007",0,0,0,0,0.241809432640496,96.4
"50009",0,0,0,0,0.0607381857932313,33.18
"50011",0,0,0,0,0.0958896227328259,63.89
"50013",0,0,0,0,0.113158541330663,72.22
"50015",0,0,0,0,0.132253119470896,79.29
"50017",0,0,0,0,0.114094921245904,72.76
"50019",0,0,0,0,0.109268146393827,70.76
"50021",0,0,0,0,0.150736802544307,84.47
"50023",0,0,0,0,0.151232393647043,84.76
"50025",0,0,0,0,0.149218175528503,84.03
"50027",0,0,0,0,0.159628257850613,86.38
"51001",0.000707031752153233,6.25712993023293,1,1,0.139512695852898,81.71
"51003",0,0,0,0,0.134534017576183,80.24
"51005",0,0,0,0,0.0762300133229347,49.06
"51007",0,0,0,0,0.072873482058595,45.88
"51009",0,0,0,0,0.0800992235222493,52.82
"51011",0,0,0,0,0.0679093923315239,41.01
"51013",0.000163623111516588,1.44804114557842,1,1,0.201237659845779,92.94
"51015",0,0,0,0,0.103973920624333,68.22
"51017",0,0,0,0,0.0578914807247286,30.19
"51019",0,0,0,0,0.149809297322218,84.19
"51021",0,0,0,0,0.0429788524217693,12.85
"51023",0,0,0,0,0.103780374430701,68.02
"51025",0,0,0,0,0.0547503061280331,26.44
"51027",0,0,0,0,0.0503732890483332,20.87
"51029",0,0,0,0,0.066943558463297,40.06
"51031",0,0,0,0,0.106533757658428,69.39
"51033",0,0,0,0,0.070114237764753,43.4
"51035",0,0,0,0,0.0848656098375375,56.73
"51036",0,0,0,0,0.0664813598953292,39.68
"51037",0,0,0,0,0.0715552991080233,44.73
"51041",0,0,0,0,0.188565833534996,91.15
"51043",0,0,0,0,0.0892836863918178,59.5
"51045",0,0,0,0,0.0694153837177209,42.51
"51047",0,0,0,0,0.122338822512088,75.82
"51049",0,0,0,0,0.0643766185140674,37.35
"51051",0,0,0,0,0.0394044399661885,9.29
"51053",0,0,0,0,0.0522640152451578,23.04
"51057",0,0,0,0,0.0791943851405259,51.73
"51059",0,0,0,0,0.17760411843458,89.69
"51061",0,0,0,0,0.160437397356588,86.54
"51063",0,0,0,0,0.079577065756675,52.27
"51065",0,0,0,0,0.079934019080618,52.66
"51067",0,0,0,0,0.122282044667876,75.76
"51069",0,0,0,0,0.120535249254308,75.21
"51071",0,0,0,0,0.0564948797251685,28.48
"51073",0,0,0,0,0.12669570361184,77.22
"51075",0,0,0,0,0.063219213583763,35.92
"51077",0,0,0,0,0.0487369482643594,19.19
"51079",0,0,0,0,0.085976369112614,57.08
"51081",0,0,0,0,0.0385362093457891,8.59
"51083",0,0,0,0,0.0841439509378343,56.19
"51085",0,0,0,0,0.162241543194044,86.8
"51087",0,0,0,0,0.246802371029104,96.69
"51089",0,0,0,0,0.098075752579457,65.13
"51091",0,0,0,0,0.0544952148616715,26.03
"51093",0,0,0,0,0.0900362013587347,60.17
"51095",0,0,0,0,0.132839207397149,79.54
"51097",0,0,0,0,0.0768484440611461,49.86
"51099",0,0,0,0,0.0543779664526506,25.93
"51101",0,0,0,0,0.0742119421987122,47.18
"51103",0,0,0,0,0.0945356993296669,63.19
"51105",0,0,0,0,0.054136700964128,25.55
"51107",0,0,0,0,0.212380400915268,94.08
"51109",0,0,0,0,0.0835571920769171,55.68
"51111",0,0,0,0,0.0606398164503092,33.12
"51113",0,0,0,0,0.0804615116010997,53.01
"51115",0,0,0,0,0.0551265362875741,26.82
"51117",0,0,0,0,0.0855510285524953,56.86
"51119",0,0,0,0,0.0712856047413413,44.54
"51121",0,0,0,0,0.108392940368559,70.41
"51125",0,0,0,0,0.0741699940294125,47.12
"51127",0,0,0,0,0.0807169738025573,53.29
"51131",0,0,0,0,0.0533800944056859,24.34
"51133",0,0,0,0,0.0758632958691326,48.68
"51135",0,0,0,0,0.0404444430856144,10.09
"51137",0.0313146997929607,277.13061645968,1,1,0.140545895380383,81.93
"51139",0,0,0,0,0.076944435996267,49.89
"51141",0,0,0,0,0.0636064878445395,36.4
"51143",0,0,0,0,0.0954336256688142,63.57
"51145",0,0,0,0,0.107368600302702,69.93
"51147",0,0,0,0,0.0652408877052852,38.4
"51149",0,0,0,0,0.0514006237516014,21.89
"51153",0,0,0,0,0.193476279659104,91.76
"51155",0,0,0,0,0.0631954312710153,35.89
"51157",0,0,0,0,0.0761836634299731,49.03
"51159",0,0,0,0,0.0687430116910892,41.87
"51161",0,0,0,0,0.150661031285972,84.41
"51163",0,0,0,0,0.0944989210096291,63.12
"51165",0,0,0,0,0.105581616100092,68.76
"51167",0,0,0,0,0.0579880904339734,30.29
"51169",0,0,0,0,0.0503331206490501,20.81
"51171",0,0,0,0,0.0814544471468621,54.09
"51173",0,0,0,0,0.0533818763451044,24.4
"51175",0,0,0,0,0.056992202095287,28.99
"51177",0,0,0,0,0.17874885621066,89.85
"51179",0,0,0,0,0.141662231787621,82.18
"51181",0,0,0,0,0.0514190297172098,21.92
"51183",0,0,0,0,0.0681310232668082,41.3
"51185",0,0,0,0,0.0821273341727033,54.76
"51187",0,0,0,0,0.109755282953172,71.01
"51191",0,0,0,0,0.100838325119816,66.56
"51193",0,0,0,0,0.0703318225194096,43.65
"51195",0,0,0,0,0.0531151346025336,24.12
"51197",0,0,0,0,0.0787338997626846,51.26
"51199",0,0,0,0,0.122111246588192,75.66
"51510",2.19524509911532e-05,0.194276052978377,1,0,0.187259846791262,91
"51520",0,0,0,0,0.0798777629580444,52.59
"51530",0,0,0,0,0.0485680767091353,18.93
"51540",0,0,0,0,0.152157357223068,84.92
"51550",0,0,0,0,0.19935601188816,92.55
"51570",0,0,0,0,0.0956990842976185,63.73
"51580",0,0,0,0,0.0520947675718235,22.72
"51590",0,0,0,0,0.106175799752544,69.17
"51595",0,0,0,0,0.0531531321890876,24.18
"51600",0,0,0,0,0.118816679489707,74.51
"51610",0,0,0,0,0.0980143888234304,65.03
"51620",0,0,0,0,0.0638093258793361,36.78
"51630",0,0,0,0,0.12880509672621,78.27
"51640",0,0,0,0,0.0703146906145481,43.59
"51650",0,0,0,0,0.12707727813878,77.41
"51660",0,0,0,0,0.124980042527023,76.71
"51670",0,0,0,0,0.0695764241828039,42.63
"51678",0,0,0,0,0.0535291157067741,24.56
"51680",0,0,0,0,0.119431846383343,74.74
"51683",0,0,0,0,0.123815857293511,76.36
"51685",0,0,0,0,0.0752738774071786,48.11
"51690",0,0,0,0,0.0644491414357231,37.45
"51700",0,0,0,0,0.0991428357638905,65.77
"51710",0,0,0,0,0.164409309565308,87.15
"51720",0,0,0,0,0.0624727689262817,35.13
"51730",0,0,0,0,0.0906662404631277,60.55
"51735",0,0,0,0,0.0657422795367754,38.91
"51740",0,0,0,0,0.0777109919168286,50.37
"51750",0,0,0,0,0.057132492959265,29.18
"51760",0,0,0,0,0.179569269877162,90.01
"51770",0,0,0,0,0.151483438148599,84.79
"51775",0,0,0,0,0.101031595617866,66.69
"51790",0,0,0,0,0.0929236666902871,62.01
"51800",0,0,0,0,0.106929868049436,69.65
"51810",0,0,0,0,0.191452559220647,91.47
"51820",0,0,0,0,0.101955705853144,67.2
"51830",0,0,0,0,0.0704710504130194,43.78
"51840",0,0,0,0,0.0819149392951117,54.44
"53001",0,0,0,0,0.043389788518442,13.24
"53003",0,0,0,0,0.0972185463442431,64.65
"53005",0,0,0,0,0.128069898321317,77.89
"53007",0,0,0,0,0.127820147981489,77.79
"53009",0,0,0,0,0.134391541332753,80.18
"53011",0,0,0,0,0.235496081779331,95.86
"53013",0,0,0,0,0.0448673845796312,14.51
"53015",0,0,0,0,0.136331688257087,80.81
"53017",0,0,0,0,0.0885540338692504,58.96
"53019",0,0,0,0,0.0597314596721411,32.1
"53021",0,0,0,0,0.114596712206094,72.92
"53023",0,0,0,0,0.0401909933505025,9.83
"53025",0,0,0,0,0.0972870850117767,64.72
"53027",0,0,0,0,0.107061900120862,69.71
"53029",0,0,0,0,0.148736190522976,84
"53031",0,0,0,0,0.152282651598042,84.95
"53033",0.000352508812720318,3.11965259838167,1,1,0.405114713994216,99.9
"53035",0,0,0,0,0.153598268706879,85.21
"53037",0,0,0,0,0.105997137579457,69.11
"53039",0,0,0,0,0.0993997421954192,65.92
"53041",0,0,0,0,0.130097001986367,78.68
"53043",0,0,0,0,0.0497866886669512,20.14
"53045",0,0,0,0,0.10356519842568,67.87
"53047",0,0,0,0,0.0759259424293282,48.78
"53049",0,0,0,0,0.0925144232478515,61.66
"53051",0,0,0,0,0.0678198211364789,40.88
"53053",0,0,0,0,0.206449695975908,93.32
"53055",0,0,0,0,0.175455191698598,89.37
"53057",0,0,0,0,0.181371675085179,90.3
"53059",0,0,0,0,0.076021620785433,48.9
"53061",0,0,0,0,0.234861099473076,95.83
"53063",0,0,0,0,0.24535239119426,96.66
"53065",0,0,0,0,0.0999953874046476,66.18
"53067",0,0,0,0,0.147765130608804,83.71
"53069",0,0,0,0,0.0658863649867104,39.17
"53071",0,0,0,0,0.0878257391951282,58.26
"53073",0,0,0,0,0.231178639876312,95.51
"53075",0,0,0,0,0.073424730990959,46.36
"53077",0,0,0,0,0.105876891893729,69.04
"54001",0,0,0,0,0.0432084413049112,13.08
"54003",0,0,0,0,0.138538577448382,81.48
"54005",0,0,0,0,0.0525054388736575,23.29
"54007",0,0,0,0,0.0519075510079721,22.56
"54009",0,0,0,0,0.0701057644836984,43.37
"54011",0,0,0,0,0.149631789036822,84.12
"54013",0,0,0,0,0.0343696204921239,5.79
"54015",0,0,0,0,0.0342898117401483,5.73
"54017",0,0,0,0,0.030807055835917,3.66
"54019",0,0,0,0,0.0897984420051252,60.01
"54021",0,0,0,0,0.0436075478184036,13.49
"54023",0,0,0,0,0.0621006730755731,34.58
"54025",0,0,0,0,0.0945814351462416,63.22
"54027",0,0,0,0,0.0900563227224021,60.2
"54029",0,0,0,0,0.0915955269948174,61.25
"54031",0,0,0,0,0.0578229709626234,30.07
"54033",0,0,0,0,0.111027256070636,71.46
"54035",0,0,0,0,0.0814944709604407,54.15
"54037",0,0,0,0,0.118959115861266,74.58
"54039",0,0,0,0,0.151966037373779,84.89
"54041",0,0,0,0,0.0647021301747434,37.7
"54043",0,0,0,0,0.0558867234741854,27.74
"54045",0,0,0,0,0.0663442115909344,39.58
"54047",0,0,0,0,0.0393066764609372,9.26
"54049",0,0,0,0,0.111062517708275,71.49
"54051",0,0,0,0,0.0599129425476271,32.23
"54053",0,0,0,0,0.054606662354748,26.28
"54055",0,0,0,0,0.104475179822174,68.41
"54057",0.16274827725983,1440.29898747125,1,1,0.120225792391576,75.12
"54059",0,0,0,0,0.0538525258977626,25.04
"54061",0,0,0,0,0.107661756157561,70.09
"54063",0,0,0,0,0.0638523547853293,36.81
"54065",0,0,0,0,0.0817088071603615,54.25
"54067",0,0,0,0,0.0725573803878111,45.59
"54069",0,0,0,0,0.130727966309249,78.94
"54071",0,0,0,0,0.064354944623282,37.26
"54073",0,0,0,0,0.0408726382762801,10.53
"54075",0,0,0,0,0.0485579305447014,18.84
"54077",0,0,0,0,0.0863534071508815,57.21
"54079",0,0,0,0,0.128018678023699,77.86
"54081",0,0,0,0,0.113862432608331,72.51
"54083",0,0,0,0,0.0871098904615794,57.84
"54085",0,0,0,0,0.0495717334694814,19.89
"54087",0,0,0,0,0.0600183676674387,32.33
"54089",0,0,0,0,0.0561697510076247,28.13
"54091",0,0,0,0,0.0613491875982122,33.82
"54093",0,0,0,0,0.0528672808822295,23.7
"54095",0,0,0,0,0.0376129987296676,7.95
"54097",0,0,0,0,0.0698744595977372,43.08
"54099",0,0,0,0,0.0692900265868569,42.32
"54101",0,0,0,0,0.0359500895103352,6.81
"54103",0,0,0,0,0.0540548919572143,25.39
"54105",0,0,0,0,0.03526095468742,6.3
"54107",0,0,0,0,0.131721102876251,79.16
"54109",0,0,0,0,0.0526809934386352,23.54
"55001",0,0,0,0,0.0643160962304545,37.16
"55003",0,0,0,0,0.0736858924199323,46.71
"55005",0,0,0,0,0.101278512776222,66.88
"55007",0,0,0,0,0.0847448189852407,56.6
"55009",0,0,0,0,0.182523171990722,90.39
"55011",0,0,0,0,0.0604251615687371,32.77
"55013",0,0,0,0,0.0643745150941352,37.32
"55015",0,0,0,0,0.0817847813114164,54.37
"55017",0,0,0,0,0.137426148105989,81.16
"55019",0,0,0,0,0.0799588897403767,52.69
"55021",0,0,0,0,0.10808783471376,70.25
"55023",0,0,0,0,0.059923924808693,32.26
"55025",0,0,0,0,0.229615473243247,95.32
"55027",0,0,0,0,0.0934771565154246,62.49
"55029",0,0,0,0,0.127554194281407,77.6
"55031",0,0,0,0,0.112655001559947,72.1
"55033",0,0,0,0,0.0845620242812222,56.51
"55035",0,0,0,0,0.164488957005302,87.18
"55037",0,0,0,0,0.0521394715275632,22.81
"55039",0,0,0,0,0.133310971838503,79.64
"55041",0,0,0,0,0.054371329490497,25.9
"55043",0,0,0,0,0.089437330504984,59.62
"55045",0,0,0,0,0.0787546481893649,51.29
"55047",0,0,0,0,0.0809120923432763,53.48
"55049",0,0,0,0,0.0706486620477256,43.97
"55051",0,0,0,0,0.057489565755623,29.78
"55053",0,0,0,0,0.0418648947574666,11.84
"55055",0,0,0,0,0.134027407328223,80.02
"55057",0,0,0,0,0.0679644173983244,41.14
"55059",0,0,0,0,0.151708683902888,84.86
"55061",0,0,0,0,0.0525027155561209,23.26
"55063",0,0,0,0,0.146158826041728,83.23
"55065",0,0,0,0,0.0579850936847397,30.26
"55067",0,0,0,0,0.0751742127328318,47.95
"55069",0,0,0,0,0.0814335425776908,54.06
"55071",0,0,0,0,0.129486474152845,78.56
"55073",0,0,0,0,0.155986427787267,85.71
"55075",0,0,0,0,0.0739907985805429,46.99
"55077",0,0,0,0,0.0562634975109456,28.25
"55078",0,0,0,0,0.0566196028478639,28.64
"55079",0,0,0,0,0.257266492361785,97.49
"55081",0,0,0,0,0.0782831859870054,50.94
"55083",0,0,0,0,0.0746053210966767,47.63
"55085",0,0,0,0,0.114025089466205,72.7
"55087",0,0,0,0,0.196062543028511,92.14
"55089",0,0,0,0,0.172319724773686,89.09
"55091",0,0,0,0,0.0517733737044672,22.34
"55093",0,0,0,0,0.111708238678809,71.81
"55095",0,0,0,0,0.105840193364587,68.98
"55097",0,0,0,0,0.117105722305065,73.75
"55099",0,0,0,0,0.0539833964397506,25.29
"55101",0,0,0,0,0.182733673389609,90.49
"55103",0,0,0,0,0.0592642573773525,31.75
"55105",0,0,0,0,0.157461122387143,85.97
"55107",0,0,0,0,0.0565115872124526,28.51
"55109",0,0,0,0,0.166552782585066,87.69
"55111",0,0,0,0,0.124173928374602,76.46
"55113",0,0,0,0,0.0845106175104466,56.44
"55115",0,0,0,0,0.088315042396227,58.8
"55117",0,0,0,0,0.113027659542175,72.13
"55119",0,0,0,0,0.062458936887094,35.03
"55121",0,0,0,0,0.0672494460559198,40.22
"55123",0,0,0,0,0.0897161762765899,59.88
"55125",0,0,0,0,0.101795406574422,67.07
"55127",0,0,0,0,0.170739851880672,88.71
"55129",0,0,0,0,0.0775325809680988,50.21
"55131",0,0,0,0,0.168773238573267,88.29
"55133",0,0,0,0,0.293096988862021,98.76
"55135",0,0,0,0,0.0856850547002447,56.95
"55137",0,0,0,0,0.0679255235743152,41.08
"55139",0,0,0,0,0.139933593251562,81.86
"55141",0,0,0,0,0.106713219528444,69.49
"56001",0,0,0,0,0.0898521401993317,60.1
"56003",0,0,0,0,0.0622678350138447,34.78
"56005",0,0,0,0,0.0912888604375824,60.99
"56007",0,0,0,0,0.0633303671792901,36.02
"56009",0,0,0,0,0.073561241863287,46.48
"56011",0,0,0,0,0.062291731572507,34.84
"56013",0,0,0,0,0.120869534571731,75.28
"56015",0,0,0,0,0.0769466045250151,49.92
"56017",0,0,0,0,0.057840939049615,30.1
"56019",0,0,0,0,0.0978705526125179,64.97
"56021",0,0,0,0,0.141178387919549,82.09
"56023",0,0,0,0,0.093543402355559,62.52
"56025",0,0,0,0,0.181287764191518,90.26
"56027",0,0,0,0,0.0433728610944565,13.2
"56029",0,0,0,0,0.134222831416755,80.11
"56031",0,0,0,0,0.0638079402986677,36.75
"56033",0,0,0,0,0.173545491823429,89.31
"56035",0,0,0,0,0.0803185642688189,52.88
"56037",0,0,0,0,0.0882859436573817,58.73
"56039",0,0,0,0,0.166016024045416,87.56
"56041",0,0,0,0,0.0908967782298298,60.71
"56043",0,0,0,0,0.0731104672169106,46.07
"56045",0,0,0,0,0.0573901090412784,29.62
