"county_geoid","industry_employment_share","location_quotient","industry_present","industry_comparative_advantage","industry_feasibility","industry_feasibility_percentile_score"
"01001",0.000267773463649752,0.253149330945176,1,0,0.224265021062643,73.05
"01003",0.000210271249912387,0.198787532964624,1,0,0.344962369900284,96.6
"01005",0.000227842333105491,0.215398992120019,1,0,0.134244592392055,27.04
"01007",0.000718907260963336,0.679644986638937,1,0,0.137828573062915,29.3
"01009",0.000867528411555478,0.820149367931606,1,0,0.244354477423656,79.38
"01011",0.000564015792442188,0.533212733454462,1,0,0.126207091736267,22.43
"01013",0,0,0,0,0.146415097665167,34.49
"01015",0.000241969632811082,0.228754745971753,1,0,0.231451218454735,75.72
"01017",9.51927653498334e-05,0.0899939244564266,1,0,0.177997187721169,51.61
"01019",0.000453446191051995,0.428681760768483,1,0,0.166066336083953,45.69
"01021",0.000357685773048377,0.338151185340163,1,0,0.21932285437816,71.01
"01023",0,0,0,0,0.108109951689656,12.79
"01025",0.000211685012701101,0.200124084761804,1,0,0.161787388672731,42.95
"01027",0,0,0,0,0.0971926515351963,8.24
"01029",0,0,0,0,0.120267021173601,19.19
"01031",0.000659396398681207,0.62338424009089,1,0,0.214553104690214,69.49
"01033",0.00105646630236794,0.99876863810667,1,0,0.250323114416083,80.62
"01035",0,0,0,0,0.119548716797176,18.8
"01037",0.000578034682080925,0.546465997927608,1,0,0.111006671490449,14.25
"01039",0.00290086300674451,2.74243578624922,1,1,0.208950075064963,67.13
"01041",0.000241954996370675,0.22874090888332,1,0,0.126005905565267,22.21
"01043",0.00277623542476402,2.62461459304487,1,1,0.26821344214851,84.86
"01045",8.52042772547182e-05,0.0805509458880213,1,0,0.121169188779917,19.79
"01047",0.000451705187081232,0.42703583968144,1,0,0.200117306588498,63.54
"01049",0.000626127951088358,0.591932709625831,1,0,0.219627692757688,71.24
"01051",0.000277744712931,0.262576012177254,1,0,0.220337275245854,71.46
"01053",0.000137466492542443,0.129958921769848,1,0,0.182950680354231,54.66
"01055",0.000786823331934536,0.743851901291514,1,0,0.26422684573251,83.93
"01057",0.000216637781629116,0.204806364041326,1,0,0.136220898713328,28.25
"01059",0,0,0,0,0.14497022379482,33.63
"01061",0,0,0,0,0.166463476446747,46.04
"01063",0,0,0,0,0.0938112706343794,7.03
"01065",0,0,0,0,0.15434857565211,38.69
"01067",0,0,0,0,0.162627103613409,43.65
"01069",0.0013239889137995,1.25168081683244,1,1,0.308668109182973,92.27
"01071",0,0,0,0,0.203601364914626,65.16
"01073",0.000925399319445917,0.874859724267798,1,0,0.325383258497193,94.46
"01075",0,0,0,0,0.136727177045473,28.57
"01077",0.00336559857587895,3.18179036899717,1,1,0.274318518712013,86.22
"01079",0,0,0,0,0.167261408013605,46.48
"01081",0.00017951709900368,0.169712983828159,1,0,0.23355789503661,76.49
"01083",0.000151492198151795,0.143218629967393,1,0,0.202722784008601,64.78
"01085",0,0,0,0,0.109863750670742,13.49
"01087",0.000141823854772373,0.134078311787656,1,0,0.083373428832995,4.45
"01089",0.00039618238652346,0.374545351558289,1,0,0.198506789706553,62.58
"01091",0.00024633575563493,0.232882418133948,1,0,0.166057398183748,45.63
"01093",0,0,0,0,0.144237764280919,32.74
"01095",0.00182731841023298,1.72752156494246,1,1,0.23887289653821,77.95
"01097",0.00229544354456404,2.17008059577135,1,1,0.348880535702884,96.91
"01099",0.00188953488372093,1.78634015892324,1,1,0.161057590727733,42.38
"01101",0.000458923015664122,0.433859475047436,1,0,0.242245829741274,78.91
"01103",0.00125593558598858,1.18734414146097,1,1,0.282022605926982,87.75
"01105",0,0,0,0,0.0946839458279996,7.41
"01107",0,0,0,0,0.136795942192643,28.64
"01109",0,0,0,0,0.136854738765062,28.67
"01111",0,0,0,0,0.175665727812696,50.59
"01113",0.0021262377741328,2.01011579943604,1,1,0.196445301384638,61.72
"01115",0.00197101449275362,1.86336985496243,1,1,0.281480713325441,87.66
"01117",0.000686147885050048,0.648674725502541,1,0,0.338486682572923,96.09
"01119",0,0,0,0,0.11553899888672,16.51
"01121",0.00137370499685193,1.29868171449569,1,1,0.194900696104748,60.83
"01123",0,0,0,0,0.1717578167649,48.65
"01125",0.000493257348213263,0.466318678415822,1,0,0.224441986876431,73.21
"01127",0.000185313875376419,0.175193176078714,1,0,0.226339004440455,74.1
"01129",0,0,0,0,0.0874378323123074,5.28
"01131",0.000607718018839259,0.574528214168801,1,0,0.151468787260162,36.97
"01133",0.000220555800617556,0.208510405031928,1,0,0.157562106572969,40.82
"02013",0,0,0,0,0.0433226744267629,0.29
"02016",0,0,0,0,0.0548161697305055,0.8
"02020",0.000283914779212803,0.268409107547633,1,0,0.286682843446197,88.86
"02050",0,0,0,0,0.0688584714966873,1.75
"02060",0,0,0,0,0.0598087305890257,1.11
"02063",0,0,0,0,0.133272531213742,26.47
"02066",0,0,0,0,0.12096266214575,19.6
"02068",0,0,0,0,0.061445182610924,1.21
"02070",0,0,0,0,0.0604939509892592,1.18
"02090",3.79449039993929e-05,0.0358725877064112,1,0,0.21043952830939,67.9
"02100",0,0,0,0,0.134382804577404,27.11
"02105",0,0,0,0,0.0810930985904693,3.98
"02110",0,0,0,0,0.168699445352591,47.12
"02122",0,0,0,0,0.254671983133349,81.71
"02130",0,0,0,0,0.144430986736668,32.99
"02150",0,0,0,0,0.132580236844221,26.09
"02158",0,0,0,0,0.0389248409574099,0.22
"02164",0,0,0,0,0.0502983425080775,0.67
"02170",2.8109627547435e-05,0.0265744533075126,1,0,0.274556287454962,86.26
"02180",0,0,0,0,0.0818695227366432,4.17
"02185",0,0,0,0,0.06493490733498,1.59
"02188",0,0,0,0,0.0440019834364281,0.35
"02195",0,0,0,0,0.116653564975883,17.15
"02198",0,0,0,0,0.083906657929685,4.58
"02220",0,0,0,0,0.148677139591473,35.7
"02230",0,0,0,0,0.0973246248340719,8.34
"02240",0,0,0,0,0.109959081014039,13.55
"02275",0,0,0,0,0.0778726855808016,3.18
"02282",0,0,0,0,0.080966972520506,3.95
"02290",0,0,0,0,0.0758645360585595,2.74
"04001",0,0,0,0,0.0874864000363346,5.31
"04003",0.000766319113856443,0.724467496962291,1,0,0.209457759370982,67.42
"04005",8.11446809661627e-05,0.0767130596749962,1,0,0.235113398206554,77
"04007",0,0,0,0,0.155712647555875,39.74
"04009",0,0,0,0,0.165736055678218,45.53
"04011",0.00163212012404113,1.54298380351683,1,1,0.0528455110005247,0.73
"04012",0.000142979696883043,0.135171028941201,1,0,0.117574058112916,17.69
"04013",0.00096489984882842,0.912202978707082,1,0,0.38516488041166,99.27
"04015",0.00172135723590348,1.62734733549467,1,1,0.321024113536533,93.86
"04017",0.000152499466251868,0.144170887305146,1,0,0.216590371905291,70.12
"04019",0.000492998094628986,0.46607358366106,1,0,0.274871546777353,86.41
"04021",0.000914206109944168,0.86427781873513,1,0,0.240384119186808,78.4
"04023",0.000120040813876718,0.113484926044627,1,0,0.184852346478572,55.55
"04025",0.000462858567037349,0.437580090912255,1,0,0.328630482477825,95.1
"04027",0.000355639855373126,0.336217003051898,1,0,0.214430411051618,69.46
"05001",0.00138644976430354,1.31073044146607,1,1,0.140007874128551,30.61
"05003",0,0,0,0,0.160236998304569,42
"05005",0.00115492492987956,1.09185006350492,1,1,0.229513004237431,75.06
"05007",0.000566139910402205,0.535220845210937,1,0,0.273862873339757,86.16
"05009",0,0,0,0,0.241144327481615,78.59
"05011",0,0,0,0,0.117692095811766,17.79
"05013",0,0,0,0,0.0416639905221715,0.25
"05015",0,0,0,0,0.177648528620932,51.42
"05017",0,0,0,0,0.122624670906716,20.49
"05019",0,0,0,0,0.136359715872263,28.35
"05021",0,0,0,0,0.150728978253157,36.68
"05023",0,0,0,0,0.199261179897839,62.93
"05025",0,0,0,0,0.0989682499349625,9.07
"05027",0.000214339299110492,0.202633410441488,1,0,0.155613802055824,39.55
"05029",0,0,0,0,0.172994198029996,49.13
"05031",0.00182661687923314,1.72685834723289,1,1,0.300861537324025,91.15
"05033",0.000676102046335527,0.63917752845134,1,0,0.234389580764743,76.77
"05035",0.000577246011754828,0.545720399903567,1,0,0.200554287133514,63.73
"05037",0.000170212765957447,0.160916795985491,1,0,0.144411217431965,32.93
"05039",0,0,0,0,0.116049676285994,16.64
"05041",0,0,0,0,0.10928760774623,13.3
"05043",0,0,0,0,0.166959483874176,46.33
"05045",0.000470358036537412,0.444669985708059,1,0,0.299971072624634,90.87
"05047",0,0,0,0,0.128104703469864,23.26
"05049",0,0,0,0,0.139756742194498,30.45
"05051",2.32142442602781e-05,0.0219464256195826,1,0,0.320394449684208,93.67
"05053",0.00182915675873422,1.72925951420297,1,1,0.149764504467138,36.24
"05055",0.003559906552453,3.3654864440174,1,1,0.205993112562294,65.92
"05057",0,0,0,0,0.15337991069542,38.24
"05059",0.000856806254685659,0.810012789045528,1,0,0.166065323486311,45.66
"05061",0,0,0,0,0.129611732991974,24.18
"05063",5.01378791677112e-05,0.0473996578799078,1,0,0.181015517126593,53.64
"05065",0,0,0,0,0.13928948340817,30.1
"05067",0,0,0,0,0.132512113530862,26.06
"05069",0.000206640033062405,0.195354630751087,1,0,0.190859562601787,58.83
"05071",0,0,0,0,0.131083367592053,25.26
"05073",0,0,0,0,0.109050143796908,13.14
"05075",0,0,0,0,0.156364519182818,40.31
"05077",0,0,0,0,0.102089577499014,10.34
"05079",0,0,0,0,0.0978391056474338,8.59
"05081",0,0,0,0,0.11386754361253,15.62
"05083",0,0,0,0,0.157911968888208,41.08
"05085",0,0,0,0,0.242185418070557,78.87
"05087",0,0,0,0,0.156928462235283,40.6
"05089",0,0,0,0,0.147594190410562,35.06
"05091",7.03284337857796e-05,0.0664875291099769,1,0,0.210633307196184,68.06
"05093",0,0,0,0,0.140680579195011,30.93
"05095",0,0,0,0,0.130487877254141,24.59
"05097",0,0,0,0,0.15472336327052,38.91
"05099",0,0,0,0,0.101859873853237,10.15
"05101",0,0,0,0,0.129204940601806,23.99
"05103",0,0,0,0,0.153906086478951,38.43
"05105",0,0,0,0,0.148523374395028,35.6
"05107",0,0,0,0,0.140720159876471,31.08
"05109",0,0,0,0,0.149592115198428,36.14
"05111",0,0,0,0,0.128229332332893,23.32
"05113",0,0,0,0,0.165462866827233,45.37
"05115",0.000232612235403582,0.219908391815483,1,0,0.257692258053915,82.41
"05117",0,0,0,0,0.113891745635666,15.65
"05119",0.00143302996272744,1.35476671715068,1,1,0.326474410247784,94.78
"05121",0,0,0,0,0.135803978526477,27.97
"05123",0,0,0,0,0.153481891477739,38.28
"05125",0.00213861863309136,2.0218204923476,1,1,0.297739143909487,90.45
"05127",0,0,0,0,0.0951885887424608,7.45
"05129",0,0,0,0,0.163028666697364,43.91
"05131",0.00474604608518613,4.48684636156237,1,1,0.313471838947748,92.94
"05133",0,0,0,0,0.139110608340892,30
"05135",0.00105977108944468,1.00189293812501,1,1,0.191519788558485,59.18
"05137",0,0,0,0,0.176832788655859,51.07
"05139",0.00140018310086704,1.32371374800925,1,1,0.227763258018003,74.45
"05141",0,0,0,0,0.16868474014351,47.09
"05143",0.000591055362185591,0.558775568906078,1,0,0.309692788105614,92.36
"05145",0.000517497897664791,0.489235358775994,1,0,0.249153895546599,80.43
"05147",0,0,0,0,0.0785264874674418,3.21
"05149",0,0,0,0,0.132094717336511,25.84
"06001",0.000600056262364108,0.567284895510137,1,0,0.317231028254317,93.38
"06003",0,0,0,0,0.130448866179273,24.56
"06005",0,0,0,0,0.182696519054948,54.63
"06007",0.000302724520686176,0.286191577118495,1,0,0.298647872707516,90.61
"06009",0.000161825390403754,0.152987487080631,1,0,0.243185258903884,79.16
"06011",0,0,0,0,0.108033680673233,12.76
"06013",0.000417543239814354,0.394739606975924,1,0,0.322113253777174,94.11
"06015",0,0,0,0,0.140687843609162,30.96
"06017",0.000547850408004383,0.517930202470531,1,0,0.276230768387388,86.67
"06019",0.000908649204616443,0.859024397254653,1,0,0.286521248273819,88.8
"06021",0,0,0,0,0.159440527467297,41.52
"06023",3.35987635655008e-05,0.0317638066194524,1,0,0.250859691988416,80.85
"06025",6.69299243691855e-05,0.0632746252871134,1,0,0.161722327508864,42.86
"06027",0,0,0,0,0.15747482373776,40.76
"06029",0.00057159041169958,0.540373673792006,1,0,0.224652186910987,73.24
"06031",4.7614512903533e-05,0.0450141022957224,1,0,0.119314940079114,18.61
"06033",0,0,0,0,0.18245345876732,54.47
"06035",0,0,0,0,0.122349373206906,20.24
"06037",0.00129355936487682,1.2229131419264,1,1,0.352496741648878,97.2
"06039",3.17128088034757e-05,0.0299808510580903,1,0,0.194231295756836,60.48
"06041",0.000247853811315653,0.234317566989531,1,0,0.278877902294761,87.08
"06043",0,0,0,0,0.119198820212432,18.49
"06045",2.67058352249967e-05,0.0252473274513223,1,0,0.237547001671145,77.73
"06047",0.000167430568636069,0.158286545097802,1,0,0.195112759093454,61.06
"06049",0,0,0,0,0.126000555953991,22.18
"06051",0,0,0,0,0.12650712199775,22.62
"06053",0.000189691376541794,0.179331605167699,1,0,0.160681844165603,42.25
"06055",0.000101109962701658,0.0955879610359598,1,0,0.194904398562568,60.87
"06057",0.000498078838764764,0.470876848932925,1,0,0.320443203300145,93.7
"06059",0.00157942530272768,1.49316684787845,1,1,0.394278069118202,99.52
"06061",0.000803809109521355,0.759910020617749,1,0,0.299099748277696,90.71
"06063",0,0,0,0,0.163966678756936,44.58
"06065",0.00147129826237287,1.39094503863037,1,1,0.37142417295229,98.6
"06067",0.000603575098003493,0.570611554080687,1,0,0.268493075106872,84.89
"06069",0,0,0,0,0.207515365842058,66.59
"06071",0.00368355481727575,3.4823818043185,1,1,0.374282037389743,98.73
"06073",0.000527677134376814,0.498858668449995,1,0,0.310553341044194,92.52
"06075",2.28991901319757e-05,0.0216485778018631,1,0,0.190643426198064,58.77
"06077",0.0010501608058734,0.992807508885298,1,0,0.303475140741737,91.54
"06079",0.000739224383031957,0.698852512987143,1,0,0.303257116890673,91.5
"06081",0.000803491653328705,0.7596099019216,1,0,0.194836341113978,60.71
"06083",0.000765551014456358,0.723741346407338,1,0,0.225912751074462,73.66
"06085",0.000432730357742742,0.409097298325003,1,0,0.161356724127966,42.57
"06087",0.00048574463005195,0.459216258518816,1,0,0.291966290127018,89.63
"06089",0.000388929315233483,0.367688398224194,1,0,0.32418315768909,94.24
"06091",0,0,0,0,0.156831208846736,40.57
"06093",0,0,0,0,0.192305704778946,59.69
"06095",0.000604989383029455,0.571948599593742,1,0,0.33069082984656,95.26
"06097",0.00031267957948822,0.295602952095343,1,0,0.351465605197224,97.14
"06099",0.000248011399505781,0.234466548686044,1,0,0.323791418176211,94.21
"06101",0.000569738734094794,0.538623123381264,1,0,0.250560958378445,80.72
"06103",4.51936548108646e-05,0.0427254565198518,1,0,0.18134047555408,53.83
"06105",0,0,0,0,0.163768730649108,44.26
"06107",0.000154262266421218,0.145837414217031,1,0,0.218847401645411,70.76
"06109",0.000528998749639319,0.500108105249706,1,0,0.226205388871772,73.97
"06111",0.00124337192103552,1.17546662628925,1,1,0.360599863602349,97.93
"06113",0.00138509731919246,1.30945185855369,1,1,0.248187384615781,80.37
"06115",7.01090195253619e-05,0.0662800979012698,1,0,0.144686711419507,33.31
"08001",0.00311543193979455,2.94528628944279,1,1,0.350332071064424,97.04
"08003",0.00010575296108291,0.0999773875227117,1,0,0.178848705141153,52.12
"08005",0.000756672959092203,0.715348155592622,1,0,0.311492180982857,92.62
"08007",0.00016655562958028,0.157459389809254,1,0,0.210451441487063,67.93
"08009",0,0,0,0,0.115409150900873,16.39
"08011",0,0,0,0,0.080219283451183,3.79
"08013",0.000698008622459454,0.659887702691478,1,0,0.272651960109089,85.81
"08014",0.000152538679450861,0.144207958921406,1,0,0.212712236135372,68.79
"08015",0,0,0,0,0.232128718487092,76.07
"08017",0,0,0,0,0.123083553906977,20.68
"08019",0.000523012552301255,0.494448837037009,1,0,0.140999776158708,31.24
"08021",0,0,0,0,0.132794117780656,26.22
"08023",0,0,0,0,0.0954036720735657,7.6
"08025",0,0,0,0,0.0587377614319358,0.99
"08027",0,0,0,0,0.169043957534436,47.18
"08029",0,0,0,0,0.254686294483242,81.77
"08031",0.000485893745853357,0.459357230536151,1,0,0.316867820877229,93.35
"08033",0.00125470514429109,1.18618089888929,1,1,0.190117901987234,58.51
"08035",0.000321212517770785,0.303669873991881,1,0,0.280858415851452,87.46
"08037",0.00010078867135334,0.095284216636658,1,0,0.209972208458768,67.64
"08039",0.000309645455952934,0.29273453364755,1,0,0.242284916487842,78.94
"08041",0.000330788033048502,0.312722433767483,1,0,0.266981309179627,84.6
"08043",0.000122100122100122,0.11543176757201,1,0,0.206773129266638,66.24
"08045",0,0,0,0,0.270673568961228,85.21
"08047",0,0,0,0,0.0458363010651106,0.45
"08049",0,0,0,0,0.177499580779457,51.32
"08051",0,0,0,0,0.207379530619705,66.53
"08053",0,0,0,0,0.104834136049857,11.49
"08055",0,0,0,0,0.116810598628407,17.24
"08057",0.00130039011703511,1.22937084059137,1,1,0.12645050797289,22.59
"08059",0.000342728619624784,0.324010899254983,1,0,0.33532805060502,95.74
"08061",0,0,0,0,0.114860888468247,16
"08063",0,0,0,0,0.145602798702734,34.14
"08065",0,0,0,0,0.118588842211434,18.07
"08067",0.000868306801736614,0.820885247248708,1,0,0.307301838450776,92.01
"08069",0.000255596818571364,0.24163769901296,1,0,0.325871425791207,94.72
"08071",0,0,0,0,0.149472587939119,36.08
"08073",0,0,0,0,0.117509552903853,17.53
"08075",0,0,0,0,0.17461231636199,49.95
"08077",0.00128737706876186,1.21706848464082,1,1,0.381208633588638,99.08
"08079",0,0,0,0,0.0821680871583636,4.26
"08081",0.0018698578908003,1.76773780182267,1,1,0.189819441440682,58.26
"08083",0.000904322662325918,0.854934143981517,1,0,0.266815987015185,84.57
"08085",0,0,0,0,0.316537975740794,93.25
"08087",0,0,0,0,0.162460455887118,43.53
"08089",0,0,0,0,0.176093963576218,50.72
"08091",0,0,0,0,0.172583595552236,49.03
"08093",0.000243605359317905,0.230301139199698,1,0,0.222365652542946,72.48
"08095",0,0,0,0,0.0957889449275307,7.86
"08097",0,0,0,0,0.147361231458072,35.03
"08099",0.000176304654442877,0.166675983147878,1,0,0.137569674262916,29.14
"08101",0.000169469982629327,0.160214578895015,1,0,0.283326082516325,88.13
"08103",0,0,0,0,0.0941322240695703,7.22
"08105",0,0,0,0,0.153604579084691,38.31
"08107",0,0,0,0,0.247681887508994,80.27
"08109",0,0,0,0,0.112730416363517,15.14
"08111",0,0,0,0,0.130743838078053,25.04
"08113",0,0,0,0,0.160180410748905,41.93
"08115",0,0,0,0,0.108387415948146,12.85
"08117",4.07946803736793e-05,0.038566726896535,1,0,0.183509938807311,54.92
"08119",9.97008973080758e-05,0.0942558500912026,1,0,0.179566356802949,52.66
"08121",0,0,0,0,0.129452985133149,24.12
"08123",0.000315803828403683,0.298556573831702,1,0,0.335329755216282,95.77
"08125",0.000193610842207164,0.183037013826672,1,0,0.13019530667724,24.37
"09110",0.000699543455849866,0.661338712961874,1,0,0.284709008799283,88.55
"09120",0.000873979723670411,0.8262483492248,1,0,0.320550995040349,93.76
"09130",0.00125689797579574,1.18825397148098,1,1,0.293520368226566,89.91
"09140",0.000588566053401859,0.55642221079311,1,0,0.32793822885109,95
"09150",0.000362691168470048,0.342883216979301,1,0,0.28456661435708,88.51
"09160",0.000156873291201649,0.148305840950727,1,0,0.292253389644834,89.69
"09170",0.00079842478106938,0.754819750929975,1,0,0.292530981060777,89.72
"09180",0.000342827557738458,0.324104433979971,1,0,0.217824733771148,70.44
"09190",0.00108092824344742,1.02189461905149,1,1,0.32081999546676,93.8
"10001",0.000838773203019584,0.792964591281847,1,0,0.228764164543349,74.86
"10003",0.000888145231448222,0.839640224459839,1,0,0.24915850471636,80.46
"10005",0.000161753791699176,0.152919798655074,1,0,0.290971828630259,89.53
"11001",0.000150391881796912,0.142178406095803,1,0,0.112286052197836,14.95
"12001",0.000244311716032635,0.230968919073422,1,0,0.198152795478778,62.39
"12003",0,0,0,0,0.13760107008508,29.18
"12005",0.00048293106963866,0.456556357397584,1,0,0.302417865867636,91.38
"12007",0.000284535495803101,0.268995924431573,1,0,0.165074307301762,45.08
"12009",0.000273710654093474,0.258762268717413,1,0,0.299713061286454,90.84
"12011",0.00101730434694147,0.961745466805117,1,0,0.392801072516484,99.49
"12013",0,0,0,0,0.128749066981186,23.74
"12015",0.000240565810786971,0.227427592036012,1,0,0.300302328204415,90.96
"12017",0.000201460589272224,0.190458056190332,1,0,0.272602319611423,85.78
"12019",0.000123230487222539,0.116500399133044,1,0,0.306924138806684,91.95
"12021",0.000184855222416777,0.174759571910897,1,0,0.311700603578711,92.65
"12023",3.74209482468286e-05,0.035377247180884,1,0,0.249990618554659,80.53
"12027",8.5099140498681e-05,0.0804515510522306,1,0,0.171768109539261,48.71
"12029",0.00178677784395473,1.68919507399898,1,1,0.142245666328401,32.01
"12031",0.00166834825578162,1.57723337846162,1,1,0.346748704413091,96.75
"12033",0.000466124408604657,0.440667572384348,1,0,0.282668909059682,87.97
"12035",0.000427559247495724,0.404208602180756,1,0,0.261040409655722,83.17
"12037",0,0,0,0,0.158513159993285,41.33
"12039",0.000566671025674556,0.5357229542475,1,0,0.139538945540523,30.32
"12041",0,0,0,0,0.141438049005066,31.59
"12043",0,0,0,0,0.127938313063012,23.16
"12045",0,0,0,0,0.168578898718255,46.99
"12047",0.000858614768174013,0.811722532697277,1,0,0.104555230423146,11.39
"12049",0,0,0,0,0.145118511608066,33.76
"12051",6.47039792947266e-05,0.0611702475842615,1,0,0.189347370776792,57.87
"12053",0.000174825174825175,0.165277303569014,1,0,0.284542389384874,88.48
"12055",3.02938503483793e-05,0.0286393873497353,1,0,0.274814893700696,86.35
"12057",0.000839080788713047,0.79325537854451,1,0,0.360295906313597,97.87
"12059",0.000237360550676478,0.224397383435737,1,0,0.156986085622985,40.63
"12061",0.00033434650455927,0.316086563542929,1,0,0.310347291220658,92.46
"12063",0.00324733898610861,3.0699893875998,1,1,0.182684019136747,54.53
"12065",0,0,0,0,0.156537616121269,40.38
"12067",0,0,0,0,0.103777285476787,11.1
"12069",0.000239633959127433,0.226546632358615,1,0,0.332191046760053,95.51
"12071",0.000487108072247391,0.460505237922727,1,0,0.336673232214877,95.93
"12073",0.000312193381500312,0.295143307238575,1,0,0.221687091913975,72.1
"12075",9.3248787765759e-05,0.0881561149211826,1,0,0.22428630113169,73.08
"12077",0.000488519785051295,0.461839851692605,1,0,0.0679395641067966,1.72
"12079",0,0,0,0,0.142414644162161,32.13
"12081",0.000527642246142004,0.498825685595086,1,0,0.351184151982548,97.1
"12083",0.00461365313378103,4.36168389544923,1,1,0.374656364271163,98.76
"12085",0.00161789696673418,1.52953742721386,1,1,0.315659885002081,93.16
"12086",0.00135242609361698,1.27856493352811,1,1,0.384239008102573,99.24
"12087",0,0,0,0,0.203468610599948,65.1
"12089",3.20965464116061e-05,0.0303436312881872,1,0,0.27857421707966,87.05
"12091",0.000424402300094034,0.401224067747529,1,0,0.198666900098831,62.77
"12093",0,0,0,0,0.212979331246012,68.85
"12095",0.000922764247219908,0.872368563411475,1,0,0.292935949771306,89.79
"12097",0.000507345480213526,0.479637403660377,1,0,0.279033031157209,87.18
"12099",0.000592467202708422,0.560110303419664,1,0,0.33966763206114,96.12
"12101",0.000348137166043421,0.329124064273661,1,0,0.344264947152407,96.53
"12103",0.000392835334825972,0.371381095151738,1,0,0.378396146651379,98.92
"12105",0.000980516519646328,0.926966763419952,1,0,0.345101130529995,96.66
"12107",0.000506431682366049,0.478773511807334,1,0,0.215816471951232,69.9
"12109",0.000167300648069879,0.158163719990494,1,0,0.287841016802749,89.09
"12111",0.000295120047219208,0.279002413023911,1,0,0.332382844747086,95.58
"12113",0.000666235573060569,0.629849901007229,1,0,0.294367379484521,90.04
"12115",0.000441159728283557,0.417066308710167,1,0,0.334678783483552,95.67
"12117",0.000551177458104202,0.521075549643139,1,0,0.360690033031238,98
"12119",4.47807979938202e-05,0.0423351473921796,1,0,0.219620882338234,71.21
"12121",0.000220118864186661,0.208097331370187,1,0,0.191729443455792,59.27
"12123",0,0,0,0,0.143792852993391,32.55
"12125",0,0,0,0,0.0884642208176131,5.73
"12127",0.000873886385322488,0.826160108440944,1,0,0.353273155899048,97.36
"12129",0.000261985852763951,0.247677803619272,1,0,0.173657145321363,49.44
"12131",0,0,0,0,0.269825274956098,85.05
"12133",0,0,0,0,0.149969601789563,36.43
"13001",0.000236043904166175,0.223152644025673,1,0,0.146950185133008,34.74
"13003",0.000802890405459655,0.759041490497601,1,0,0.112343635134216,14.99
"13005",0.000442869796279894,0.418682983354633,1,0,0.13012375745996,24.34
"13007",0,0,0,0,0.101015841595164,9.7
"13009",0.0109943411479386,10.3938981400491,1,1,0.18311107218092,54.76
"13011",0.000171408981830648,0.162047681936024,1,0,0.145229389184428,33.85
"13013",0.000314509365389992,0.297332806392677,1,0,0.271142902920639,85.36
"13015",0.000722430490471728,0.682975799112508,1,0,0.272468498266682,85.71
"13017",0.00125,1.18173272051845,1,1,0.125356393878871,21.64
"13019",0,0,0,0,0.129237324749298,24.02
"13021",0.000169589254824814,0.16032733717986,1,0,0.271603482843455,85.49
"13023",0,0,0,0,0.121828018988641,20.11
"13025",0,0,0,0,0.116331295794813,16.86
"13027",0,0,0,0,0.1255297664941,21.67
"13029",0,0,0,0,0.203130219073033,65.03
"13031",3.09128566570837e-05,0.029224587357098,1,0,0.244704536989128,79.57
"13033",0.000107112253641817,0.101262443917605,1,0,0.141218191394484,31.4
"13035",0.00265731292517007,2.51218690586406,1,1,0.152978324371037,37.86
"13037",0.0012853470437018,1.21514932701126,1,1,0.0824580540463119,4.36
"13039",0,0,0,0,0.14513384008394,33.79
"13043",0,0,0,0,0.140013830520994,30.64
"13045",1.89984041340527e-05,0.0179608286422745,1,0,0.217098286497117,70.22
"13047",0.00405592912797524,3.83441933010577,1,1,0.242051136849289,78.84
"13049",0,0,0,0,0.112613147154962,15.11
"13051",0.000247915139175339,0.234375545500308,1,0,0.273444304775164,86.03
"13053",0,0,0,0,0.0254135343863765,0.13
"13055",0,0,0,0,0.124912606930128,21.48
"13057",0.00103947702755769,0.982707212553747,1,0,0.325709419221035,94.59
"13059",0.000512288978638741,0.484310918734703,1,0,0.192141869204388,59.59
"13061",0.00100200400801603,0.947280737890543,1,0,0.0916886391191425,6.52
"13063",0.00478219046310293,4.52101675680002,1,1,0.215428165918772,69.74
"13065",0,0,0,0,0.119778344652143,18.96
"13067",0.000812871398138805,0.768477383003366,1,0,0.348831794609094,96.88
"13069",0.00058010248477231,0.548420870007596,1,0,0.180216072704125,53.2
"13071",0.000214086919289231,0.202394814047262,1,0,0.180044129530033,53.01
"13073",0.000197083169097359,0.186319703668656,1,0,0.258021793571728,82.53
"13075",0,0,0,0,0.140260897216609,30.73
"13077",5.32992218313613e-05,0.0503883475330328,1,0,0.264496893738629,84.06
"13079",0.000491883915395967,0.465020254016115,1,0,0.110227039389945,13.74
"13081",0,0,0,0,0.166993667074569,46.36
"13083",0,0,0,0,0.112493716934641,15.05
"13085",0.000231178238421823,0.218552710891908,1,0,0.183051915938582,54.69
"13087",0,0,0,0,0.179271072373914,52.43
"13089",0.000456295611957198,0.43137556390305,1,0,0.281450832628777,87.62
"13091",0,0,0,0,0.147084096465149,34.84
"13093",0.000318775900541919,0.301366329746497,1,0,0.105604511935122,11.77
"13095",0.00377572580014086,3.56951897738573,1,1,0.239618730812713,78.11
"13097",0.00107355589416817,1.01492490195517,1,1,0.273752534954078,86.13
"13099",0.000235737859500236,0.222863313629128,1,0,0.111576014794596,14.44
"13101",0.00104712041884817,0.989933169020693,1,0,0.0905228397149361,6.33
"13103",0.000989731535321044,0.935678511854274,1,0,0.194231091793,60.45
"13105",0,0,0,0,0.154329574890097,38.63
"13107",0,0,0,0,0.155405957750801,39.48
"13109",0,0,0,0,0.122506487565347,20.39
"13111",0,0,0,0,0.219156353001333,70.89
"13113",0.00244736368544179,2.31370379687615,1,1,0.325496721201528,94.5
"13115",0.00286108721314099,2.70483230082053,1,1,0.203307418666106,65.07
"13117",0.000207943439384487,0.196586853070235,1,0,0.326668132131087,94.85
"13119",0.0051062942892872,4.82742003379776,1,1,0.176922573033596,51.1
"13121",0.000485309893222098,0.458805264329495,1,0,0.26374128824999,83.65
"13123",0.000103874519580347,0.0982015348929845,1,0,0.2052792769308,65.7
"13125",0,0,0,0,0.100693821691872,9.58
"13127",0.000619737573193144,0.58589133470163,1,0,0.243210181815868,79.19
"13129",0.000175100682892663,0.165537765087509,1,0,0.151836341165469,37.35
"13131",0.000785134781470819,0.742255569024937,1,0,0.161377081162526,42.6
"13133",0.00228392835677365,2.15919429641549,1,1,0.161284014281516,42.54
"13135",0.00442585683917822,4.18414387454982,1,1,0.451941806975889,100
"13137",0.000232666356444858,0.219959557099758,1,0,0.191750103561418,59.34
"13139",0.00325945241199478,3.08144125298162,1,1,0.271379471413109,85.43
"13141",0,0,0,0,0.137459321889684,29.08
"13143",0.000221459417561732,0.209364671999726,1,0,0.164329495512827,44.8
"13145",0.00012482836100362,0.118011006917334,1,0,0.153266050682613,38.15
"13147",0,0,0,0,0.148553056711243,35.63
"13149",0,0,0,0,0.123141665677466,20.74
"13151",0.000245678295439317,0.232260864353473,1,0,0.222200891082287,72.29
"13153",2.6214037617144e-05,0.0247823887912645,1,0,0.162088890964892,43.14
"13155",0.000351741118536757,0.332531191141316,1,0,0.10236355932141,10.53
"13157",3.98970655708273e-05,0.0377181342701734,1,0,0.171924016930585,48.78
"13159",0.000310366232153942,0.293415945504271,1,0,0.164050078027172,44.64
"13161",0,0,0,0,0.136273234827782,28.29
"13163",0,0,0,0,0.137908448770796,29.4
"13165",0.000491642084562439,0.464791630489067,1,0,0.104826165654844,11.45
"13167",0.000588928150765607,0.556764532635313,1,0,0.126969955704423,22.75
"13169",0,0,0,0,0.161951864744341,43.08
"13171",0,0,0,0,0.140959507467416,31.18
"13173",0,0,0,0,0.119262278102185,18.52
"13175",0.000686907542244814,0.649392894913286,1,0,0.215676941787477,69.84
"13177",0.000781337202812814,0.738665390657811,1,0,0.193639248349552,60.29
"13179",0,0,0,0,0.0794191355543782,3.5
"13181",0,0,0,0,0.154050466702254,38.5
"13183",0,0,0,0,0.131658514282035,25.52
"13185",4.86200022689334e-05,0.045964678042304,1,0,0.251347463747024,80.97
"13187",0.00301972256298953,2.85480396765805,1,1,0.187571404455184,56.89
"13189",0.000233808744447042,0.221039554925126,1,0,0.16546637953281,45.4
"13191",0,0,0,0,0.143544431218526,32.42
"13193",0.000272405339144647,0.257528242008924,1,0,0.121052841548123,19.69
"13195",0,0,0,0,0.180878242897129,53.42
"13197",0,0,0,0,0.0892843794101808,5.95
"13199",0,0,0,0,0.151558065417884,37.07
"13201",0,0,0,0,0.0957159564598368,7.83
"13205",0.0012385434728759,1.17090187814561,1,1,0.14043937756104,30.83
"13207",0.00129673654635833,1.22591680537899,1,1,0.165589921970454,45.43
"13209",0.000539956803455724,0.510467697848143,1,0,0.122748981629968,20.52
"13211",0,0,0,0,0.184007085996002,55.11
"13213",0,0,0,0,0.140723670592104,31.12
"13215",0.000345696083757223,0.326816298824798,1,0,0.236045638279849,77.35
"13217",2.99805126667666e-05,0.0283431622369888,1,0,0.244610311270353,79.48
"13219",0,0,0,0,0.232193824566104,76.11
"13221",0,0,0,0,0.130214639612876,24.4
"13223",0.000406195840554593,0.384011932577487,1,0,0.291577933717596,89.6
"13225",0.000629722921914358,0.595331345349346,1,0,0.145484021076235,34.04
"13227",0,0,0,0,0.228759334801503,74.83
"13229",0.000170706725844998,0.161383778834886,1,0,0.162250517939093,43.3
"13231",0,0,0,0,0.179657360909763,52.78
"13233",0,0,0,0,0.177760067036213,51.48
"13235",0,0,0,0,0.107133411815842,12.34
"13237",0.000133725595078898,0.126422329020428,1,0,0.18838616388397,57.21
"13239",0,0,0,0,0.0716726536144295,2.16
"13241",0,0,0,0,0.173137409173431,49.16
"13243",0.000448028673835125,0.423560114881166,1,0,0.112730634838469,15.18
"13245",0.00060304059415368,0.570106241529834,1,0,0.211904974130844,68.57
"13247",0.000572823271568041,0.541539202469105,1,0,0.28042734088793,87.31
"13249",0,0,0,0,0.120773645637208,19.54
"13251",0,0,0,0,0.131151920931169,25.33
"13253",0,0,0,0,0.101448776961511,9.93
"13255",0.00162638526419305,1.53756214629278,1,1,0.211575951758251,68.44
"13257",0,0,0,0,0.171767178686278,48.68
"13259",0,0,0,0,0.049889503119399,0.6
"13261",0.00522561380225614,4.94022305193513,1,1,0.187788199255554,56.98
"13263",0,0,0,0,0.102765814280779,10.63
"13265",0,0,0,0,0.0479947159487463,0.57
"13267",0,0,0,0,0.111427477352107,14.41
"13269",0.000506329113924051,0.478676545020133,1,0,0.130371031639354,24.5
"13271",0.000833680700291788,0.788150209599635,1,0,0.121527545643734,19.98
"13273",0,0,0,0,0.131592360200847,25.42
"13275",0.00209969344475707,1.98502115738202,1,1,0.226206941429582,74.01
"13277",0.00195288661052118,1.8462320056922,1,1,0.201821220534608,64.17
"13279",0,0,0,0,0.166534352482528,46.07
"13281",0,0,0,0,0.134067704606897,26.82
"13283",0.00505780346820809,4.78157748186657,1,1,0.134764943302237,27.27
"13285",0.000328579877768285,0.310634874290189,1,0,0.155909502864505,39.96
"13287",0,0,0,0,0.1422431298341,31.98
"13289",0,0,0,0,0.10181657583533,10.09
"13291",0,0,0,0,0.199441239382006,63.12
"13293",0,0,0,0,0.155851291316459,39.87
"13295",5.50085263215798e-05,0.0520043003693691,1,0,0.154662873152815,38.82
"13297",0.000383007245220389,0.362089755098054,1,0,0.265911943060757,84.31
"13299",0.000549551199853453,0.5195381075736,1,0,0.192107348958446,59.53
"13301",0,0,0,0,0.135214385039355,27.59
"13303",0.000270526173407277,0.255751704697623,1,0,0.139639210877927,30.35
"13305",0,0,0,0,0.178623457349677,51.92
"13307",0,0,0,0,0.104004352553629,11.2
"13309",0,0,0,0,0.110030367910479,13.62
"13311",0,0,0,0,0.20924899729684,67.29
"13313",0.00503068074402807,4.75593603336007,1,1,0.212596371510935,68.72
"13315",0,0,0,0,0.1056481561044,11.8
"13317",0,0,0,0,0.139878536751308,30.54
"13319",0,0,0,0,0.095230117280399,7.48
"13321",0,0,0,0,0.166167165325778,45.78
"15001",0.000216157180400232,0.204352010283171,1,0,0.254098307984787,81.55
"15003",0.00026880491528988,0.254124451067393,1,0,0.242672191610565,79
"15007",2.60159217441074e-05,0.0245950927835673,1,0,0.195601063050748,61.25
"15009",9.37064411464983e-05,0.088588774100923,1,0,0.253343866561275,81.42
"16001",0.00059980917987749,0.567051307142854,1,0,0.410986693422447,99.75
"16003",0,0,0,0,0.143135853327936,32.33
"16005",0.00023448308204563,0.221677064369067,1,0,0.309931058068849,92.43
"16007",0,0,0,0,0.163136702751808,44
"16009",0.00555836280949975,5.25479936359898,1,1,0.162200051121833,43.24
"16011",0.00152623546129151,1.442881907059,1,1,0.231336812778408,75.56
"16013",0.000233345000583362,0.220601137887005,1,0,0.235521419953935,77.19
"16015",0,0,0,0,0.155129764631507,39.13
"16017",0.000102764361319494,0.0971520066195419,1,0,0.306955725535056,91.98
"16019",0.000525877558175205,0.497157373985588,1,0,0.383818977441615,99.2
"16021",0.000994431185361973,0.940121496036955,1,0,0.184243813076405,55.23
"16023",0,0,0,0,0.0252476939522935,0.1
"16025",0,0,0,0,0.132095619809765,25.87
"16027",0.000768392794615414,0.72642792608612,1,0,0.363659545966524,98.19
"16029",0,0,0,0,0.132386687827102,25.96
"16031",0.000346860908775581,0.327917508295096,1,0,0.190453753386436,58.64
"16033",0,0,0,0,0.0759870630843736,2.77
"16035",0,0,0,0,0.152343865099722,37.61
"16037",0.00106382978723404,1.00572997490932,1,1,0.145370169834281,33.98
"16039",0,0,0,0,0.135939739895437,28.09
"16041",0,0,0,0,0.19999411323115,63.47
"16043",0.000211059518784297,0.199532751459426,1,0,0.182565770621068,54.5
"16045",0,0,0,0,0.239003779131915,78.01
"16047",0,0,0,0,0.119135234327452,18.39
"16049",0,0,0,0,0.212980547245077,68.88
"16051",0.000869716472429988,0.822217930435521,1,0,0.206990404291726,66.34
"16053",0,0,0,0,0.154680698252489,38.85
"16055",0.000401841163147512,0.379895080754087,1,0,0.380108703904433,99.05
"16057",0,0,0,0,0.211318331523226,68.25
"16059",0,0,0,0,0.191083540020523,58.99
"16061",0,0,0,0,0.116754947203684,17.21
"16063",0.00619047619047619,5.85239061590091,1,1,0.113633542465019,15.56
"16065",0.00247028497780324,2.33537326982023,1,1,0.186151408275262,56.32
"16067",0.000183334861123843,0.173322243361401,1,0,0.167141414772801,46.42
"16069",0.000536768652710682,0.507453664205455,1,0,0.225735217893528,73.62
"16071",0,0,0,0,0.117539296114319,17.59
"16073",0,0,0,0,0.125678874596699,21.83
"16075",0.000118133490844654,0.111681769216156,1,0,0.196615423867143,61.76
"16077",0.00420609884332282,3.97638770311151,1,1,0.088921645683096,5.79
"16079",0,0,0,0,0.15091715495031,36.81
"16081",0,0,0,0,0.213972525767586,69.33
"16083",0.00113231285384777,1.07047291940443,1,1,0.325193165373972,94.43
"16085",0,0,0,0,0.19158907405857,59.21
"16087",0,0,0,0,0.166800624554012,46.2
"17001",0.00186474753066636,1.76290653799553,1,1,0.258147437928318,82.56
"17003",0,0,0,0,0.0741216998293926,2.51
"17005",0,0,0,0,0.133641343134703,26.63
"17007",0.000150557061126167,0.14233456435031,1,0,0.20087137711567,63.86
"17009",0,0,0,0,0.0638774478568483,1.53
"17011",0,0,0,0,0.181412891003737,53.93
"17013",0.00196656833824975,1.85916652195627,1,1,0.128625619522434,23.61
"17015",0,0,0,0,0.146358831677617,34.46
"17017",0.00796536796536797,7.53034876451585,1,1,0.116605622303608,17.12
"17019",0.000262814471108533,0.248461167947764,1,0,0.179740693358752,52.82
"17021",0.00113378684807256,1.07186641316866,1,1,0.181395609246287,53.9
"17023",0.00162700833841773,1.53815119205168,1,1,0.138478353285763,29.69
"17025",0,0,0,0,0.125780977355694,21.86
"17027",0.000811089809762572,0.766793093980414,1,0,0.194823711171136,60.67
"17029",0.000226244343891403,0.21388827520696,1,0,0.161692137897604,42.79
"17031",0.00107324746176446,1.01463331422435,1,1,0.381982386382196,99.14
"17033",0,0,0,0,0.145936531167139,34.33
"17035",0,0,0,0,0.105708477409011,11.87
"17037",0.00193097984849235,1.82552165570014,1,1,0.246788826573296,79.99
"17039",0.000533902829684997,0.504744354732921,1,0,0.124514291911776,21.35
"17041",0,0,0,0,0.179647778122606,52.72
"17043",0.00119127436425459,1.12621431628357,1,1,0.415406250658713,99.81
"17045",0.00024405125076266,0.230722678807751,1,0,0.0914019246835112,6.43
"17047",0.000891662951404369,0.842965828278878,1,0,0.114023648857904,15.72
"17049",0.0072257758824923,6.8311486331794,1,1,0.233806013855325,76.55
"17051",0,0,0,0,0.199049951423043,62.84
"17053",0,0,0,0,0.116735684836201,17.18
"17055",0.000199362041467305,0.188474118105016,1,0,0.189943717242294,58.38
"17057",0.000617601646937725,0.583872059545916,1,0,0.18701905095879,56.6
"17059",0,0,0,0,0.103206720566084,10.79
"17061",0,0,0,0,0.107763887197483,12.57
"17063",0.000167070420182107,0.15794606572797,1,0,0.184505033857868,55.39
"17065",0.000810372771474878,0.766115215895269,1,0,0.129430188575256,24.09
"17067",0,0,0,0,0.158227178189721,41.27
"17069",0,0,0,0,0.0640657669980903,1.56
"17071",0.00132100396301189,1.24885888562056,1,1,0.125929925788623,22.08
"17073",0.000120897056156683,0.114294405659767,1,0,0.191798391036163,59.37
"17075",0.00279362123152136,2.64105089441908,1,1,0.163869432941689,44.48
"17077",0.000715281999928472,0.676217714970682,1,0,0.175080016838213,50.14
"17079",0,0,0,0,0.137632258443746,29.21
"17081",0.00263455024463681,2.49066738234977,1,1,0.1745126743697,49.83
"17083",0,0,0,0,0.146552075877619,34.55
"17085",0.00035277516462841,0.333508764022141,1,0,0.211606783177651,68.47
"17087",0,0,0,0,0.10221530463861,10.44
"17089",0.0018417313132961,1.74114732426034,1,1,0.406846061713405,99.68
"17091",0.00178010241083006,1.68288421180133,1,1,0.260956585970739,83.14
"17093",0.000284406018031342,0.268873517935998,1,0,0.262305397325251,83.46
"17095",9.92555831265509e-05,0.0938348562198275,1,0,0.18206077415521,54.22
"17097",0.00129668189326317,1.22586513709833,1,1,0.286321080801024,88.71
"17099",0.00179164996817464,1.69380111288625,1,1,0.280643204846367,87.37
"17101",0,0,0,0,0.103781323154915,11.14
"17103",0,0,0,0,0.181907494671739,54.12
"17105",0,0,0,0,0.16923016501969,47.31
"17107",0.00010501995379122,0.0992844125619367,1,0,0.137307464514385,29.02
"17109",0.00102101591083128,0.965254327999416,1,0,0.135254314227471,27.62
"17111",0.00693678070313732,6.55793658556669,1,1,0.3625749221548,98.15
"17113",0.00117254998765737,1.10851254948658,1,1,0.187050355471037,56.7
"17115",0.000288119199028627,0.272383907921357,1,0,0.233027425223547,76.36
"17117",0,0,0,0,0.175179317724568,50.21
"17119",9.50332184295329e-05,0.089843091003485,1,0,0.289617568523276,89.25
"17121",0.00050071530758226,0.473369330107534,1,0,0.177532746289118,51.38
"17123",0,0,0,0,0.107167894359396,12.38
"17125",0.000300661455201443,0.284241183528191,1,0,0.129169977407503,23.96
"17127",0,0,0,0,0.123247697465465,20.87
"17129",0,0,0,0,0.140367621733937,30.77
"17131",0,0,0,0,0.134742048821529,27.24
"17133",0,0,0,0,0.205123753417761,65.61
"17135",0,0,0,0,0.16235451701839,43.4
"17137",0,0,0,0,0.174300736859027,49.76
"17139",0,0,0,0,0.132485947113608,25.99
"17141",0.000481956744382192,0.455635243768787,1,0,0.195290629497263,61.15
"17143",0.000254173437060303,0.240292053808638,1,0,0.217924987763081,70.47
"17145",0,0,0,0,0.13420861955822,26.98
"17147",0,0,0,0,0.142133410232165,31.94
"17149",0,0,0,0,0.161925016493029,43.02
"17151",0,0,0,0,0.0902617623813175,6.27
"17153",0,0,0,0,0.0735559140097287,2.45
"17155",0,0,0,0,0.114313266139648,15.91
"17157",0,0,0,0,0.154234196651264,38.56
"17159",0.00094132412927518,0.889914819342418,1,0,0.165461983213334,45.34
"17161",9.3992534307275e-05,0.088859242620288,1,0,0.244920165789293,79.64
"17163",0.000847207546810597,0.800938303309,1,0,0.300873148761567,91.19
"17165",0,0,0,0,0.126353264141726,22.56
"17167",0.000316609325199992,0.299318079368078,1,0,0.161921941572152,42.98
"17169",0,0,0,0,0.10320590368762,10.75
"17171",0.000802568218298555,0.758736899209279,1,0,0.133659831234965,26.66
"17173",0,0,0,0,0.144493348815302,33.06
"17175",0.000489955903968643,0.463197538664753,1,0,0.0971987533908721,8.27
"17177",0.00254294462608335,2.4040646968874,1,1,0.20036360358865,63.67
"17179",0.000724481604041433,0.684914893527563,1,0,0.244620144614739,79.51
"17181",0,0,0,0,0.121037989910305,19.66
"17183",0.00151787920505489,1.43498201792632,1,1,0.207563477066428,66.66
"17185",0.0260669562995144,24.6433401467686,1,1,0.125663445013413,21.79
"17187",0,0,0,0,0.104470007473303,11.36
"17189",0.000142571998859424,0.134785596865521,1,0,0.135530979919096,27.81
"17191",0,0,0,0,0.166798211628292,46.17
"17193",0,0,0,0,0.128990561359078,23.83
"17195",0.000130872922392357,0.123725451696736,1,0,0.232416258564194,76.26
"17197",0.00178589317111758,1.68835871652809,1,1,0.379239609439547,98.95
"17199",0.000799053920158532,0.755414530327901,1,0,0.202641035934061,64.68
"17201",0.00218131053136725,2.06218082282253,1,1,0.30091277651523,91.22
"17203",0.000155038759689922,0.146571500219343,1,0,0.160256112490284,42.03
"18001",0.00242479847958582,2.29237096319196,1,1,0.227882574166201,74.55
"18003",0.00125782711509347,1.18913236692902,1,1,0.377292558822952,98.89
"18005",0.00621742367833209,5.87786639840898,1,1,0.20182772470266,64.21
"18007",0.00930898675259578,8.80058739233219,1,1,0.172107656458147,48.84
"18009",0.00153092467850582,1.44731502819161,1,1,0.150842404100869,36.75
"18011",0.00406495844035027,3.84295551720766,1,1,0.218993228578801,70.86
"18013",0,0,0,0,0.180415985082572,53.26
"18015",0,0,0,0,0.161438571263182,42.7
"18017",0.00031511943026407,0.297909553291347,1,0,0.17434819998673,49.79
"18019",0.00284077606255951,2.68563041983372,1,1,0.298740066749593,90.65
"18021",0,0,0,0,0.164679921115706,44.96
"18023",0,0,0,0,0.168578352796258,46.96
"18025",0.000903342366757001,0.854007386101862,1,0,0.118822236862075,18.23
"18027",0.000724876441515651,0.68528816741762,1,0,0.202449779935126,64.46
"18029",0.000306786108724997,0.290031346304688,1,0,0.215625460468796,69.81
"18031",0.00241448692152917,2.28262255874792,1,1,0.192869108934106,59.94
"18033",0.00459361032941566,4.34273570526562,1,1,0.207665068870546,66.78
"18035",0.00438290666401036,4.14353937267153,1,1,0.282078420190001,87.81
"18037",0.0157214860309089,14.8628755663191,1,1,0.20624307092387,66.05
"18039",0.00487719272589007,4.6108305827671,1,1,0.296155305523212,90.26
"18041",0.000441176470588235,0.417082136653571,1,0,0.163900955568724,44.51
"18043",0,0,0,0,0.236453135670325,77.38
"18045",0,0,0,0,0.154906499123552,39.04
"18047",0.00039912193175015,0.377324356980548,1,0,0.189579473268268,58.07
"18049",0.0019583158483704,1.85136473210332,1,1,0.213025519487642,68.92
"18051",0.00256968641114983,2.42934601082191,1,1,0.145236220292433,33.88
"18053",0.000464756003098373,0.439373900734978,1,0,0.185279470258602,55.81
"18055",0,0,0,0,0.195814061605616,61.34
"18057",0.000490383630886624,0.463601905780294,1,0,0.299226432856433,90.74
"18059",0.00226389696209502,2.14025689279201,1,1,0.2548454175518,81.83
"18061",8.53387950162144e-05,0.080678117120222,1,0,0.204105339614279,65.38
"18063",0.00285621113472546,2.70022252369137,1,1,0.209499310304334,67.48
"18065",0.00306328618914163,2.89598841761675,1,1,0.216986661816619,70.19
"18067",0.000307180340458211,0.290404047535573,1,0,0.237834094337574,77.82
"18069",0.00369529983792545,3.49348538448243,1,1,0.2169350353605,70.16
"18071",0.00662763275595674,6.26567238983517,1,1,0.206849294196443,66.31
"18073",0.0204553938036581,19.3382465350985,1,1,0.187625359850959,56.92
"18075",0.00335487077534791,3.17164845467179,1,1,0.158812826346646,41.36
"18077",0,0,0,0,0.179799959081676,52.88
"18079",0.000111470293166871,0.105382474240861,1,0,0.157873281863279,41.04
"18081",0.000682454104961441,0.645182676868056,1,0,0.282746656924959,88.01
"18083",5.24109014675052e-05,0.0495485417408156,1,0,0.180295117801784,53.23
"18085",0.000151141115421432,0.14288672120733,1,0,0.250329958531481,80.66
"18087",0.00151382823871907,1.43115229035131,1,1,0.262909751951955,83.58
"18089",0.00102673272922515,0.970658929082054,1,0,0.343022753275003,96.47
"18091",0.00170449448282049,1.61140552183372,1,1,0.298371853612558,90.55
"18093",0,0,0,0,0.213517496705153,69.23
"18095",0.000847873622205364,0.801568001779663,1,0,0.277961157168025,86.92
"18097",0.000975666925477212,0.922382024131248,1,0,0.330950257581278,95.29
"18099",0.00121223424095487,1.14602949397537,1,1,0.247292017439856,80.15
"18101",0.000670465973851827,0.633849263435978,1,0,0.0700143818155174,1.85
"18103",0.00106640814348037,1.00816751726247,1,1,0.198325562258002,62.46
"18105",0.000452003667686904,0.42731801911997,1,0,0.191748290684807,59.31
"18107",0.00420410043768717,3.9744984380487,1,1,0.201586153596501,64.05
"18109",0.000775494377665762,0.73314166453258,1,0,0.257097106453493,82.28
"18111",0.000744232200446539,0.703586834344898,1,0,0.141615443392831,31.75
"18113",0.000594337583747569,0.561878535798702,1,0,0.231515997980455,75.76
"18115",0,0,0,0,0.12527562873426,21.57
"18117",0,0,0,0,0.139929296936317,30.58
"18119",0.00164527805199079,1.5554231267107,1,1,0.149224764883761,35.95
"18121",0,0,0,0,0.170699258832588,48.14
"18123",0.000143184421534937,0.135364572797074,1,0,0.139045740731437,29.97
"18125",0.000993377483443709,0.939125340809366,1,0,0.135477364873427,27.74
"18127",0.000499165680220203,0.471904333820852,1,0,0.31319671675365,92.9
"18129",0.000602954476936991,0.570024827503625,1,0,0.16231237228888,43.37
"18131",0.000318319274232055,0.300934641545364,1,0,0.129164418795241,23.93
"18133",0.00218914185639229,2.06958444924422,1,1,0.17863040828317,51.96
"18135",0.000982318271119843,0.928670114356347,1,0,0.179048066262791,52.24
"18137",0,0,0,0,0.194419120753329,60.58
"18139",0.00195694716242661,1.85007079533221,1,1,0.192877817326817,59.97
"18141",0.00125152020816246,1.18316990430051,1,1,0.32009650739747,93.64
"18143",0,0,0,0,0.130671925088912,24.85
"18145",0.000631865461261787,0.59735687243083,1,0,0.195096147476348,60.99
"18147",0.0010372099053546,0.980563906562699,1,0,0.150250349941232,36.46
"18149",0,0,0,0,0.151593923741105,37.13
"18151",0.000445235975066785,0.420919936070686,1,0,0.226071553344852,73.85
"18153",0,0,0,0,0.138171855478735,29.56
"18155",0.00101214574898785,0.956868599610083,1,0,0.138215400980968,29.59
"18157",0.000666952503453861,0.630527677090499,1,0,0.207950738940982,66.91
"18159",0.00452062535317386,4.27373671764066,1,1,0.161206632251447,42.51
"18161",0,0,0,0,0.187765225860974,56.95
"18163",0.00135965485684403,1.28539890635554,1,1,0.353008553937949,97.33
"18165",0,0,0,0,0.119939197523679,18.99
"18167",0.000903786077764898,0.854426864355051,1,0,0.277033955077506,86.76
"18169",0,0,0,0,0.20601573595945,65.96
"18171",0,0,0,0,0.179027965850058,52.21
"18173",0.000242753799096956,0.229496085938428,1,0,0.247422421115091,80.18
"18175",0,0,0,0,0.189413476865917,57.94
"18177",0.000552910459222854,0.522713904944424,1,0,0.233901514489914,76.61
"18179",0.00309794264834379,2.92875215506996,1,1,0.20211710975348,64.37
"18181",0,0,0,0,0.181325040668727,53.77
"18183",0.00627943485086342,5.93649090370337,1,1,0.198651556733658,62.74
"19001",0,0,0,0,0.115821228373131,16.54
"19003",0,0,0,0,0.117384815697485,17.5
"19005",0,0,0,0,0.170773791164857,48.17
"19007",0,0,0,0,0.178931281374654,52.18
"19009",0.00243605359317905,2.30301139199698,1,1,0.123267118264798,20.9
"19011",0.00210111621799081,1.98636622752937,1,1,0.234280396701584,76.71
"19013",0.000842201975346451,0.796206105241741,1,0,0.267212090048726,84.63
"19015",0,0,0,0,0.187315484740675,56.82
"19017",0,0,0,0,0.166225407655423,45.82
"19019",0,0,0,0,0.211339544524703,68.28
"19021",0,0,0,0,0.141224705577683,31.43
"19023",0,0,0,0,0.159390770913737,41.49
"19025",0,0,0,0,0.130535177994866,24.63
"19027",0.002099533437014,1.98486988827361,1,1,0.204951479892887,65.57
"19029",0,0,0,0,0.177068897425895,51.13
"19031",0,0,0,0,0.189666837863077,58.1
"19033",0.00198042870456664,1.87226992067229,1,1,0.272595831064155,85.75
"19035",0,0,0,0,0.157651793696377,40.88
"19037",0.000666555574070988,0.630152425538918,1,0,0.144254913903296,32.77
"19039",0,0,0,0,0.100122661562141,9.42
"19041",0.00748717948717949,7.07827598751565,1,1,0.257957405157408,82.47
"19043",0,0,0,0,0.188865280660854,57.52
"19045",0.000510275084659275,0.482407011205751,1,0,0.221727110628992,72.13
"19047",0,0,0,0,0.153735305528942,38.34
"19049",0.000209231957767334,0.197805000537435,1,0,0.169514082720657,47.44
"19051",0,0,0,0,0.172065661250773,48.81
"19053",0.00320970042796006,3.03440641502598,1,1,0.162954067703056,43.84
"19055",0.000886749429946795,0.83832065301537,1,0,0.193603190178663,60.26
"19057",0.000366115967232621,0.34612097438644,1,0,0.240467593958665,78.43
"19059",0.000355523953426362,0.336107430953608,1,0,0.198031741338851,62.33
"19061",0.00202020202020202,1.90987106346417,1,1,0.321951850840364,94.08
"19063",0.00206026268349215,1.94774386075666,1,1,0.161941821992161,43.05
"19065",0,0,0,0,0.165694220034327,45.47
"19067",0,0,0,0,0.156184924361308,40.18
"19069",0.00249895876718034,2.36248107392277,1,1,0.156147241409277,40.15
"19071",0,0,0,0,0.109792455265648,13.46
"19073",0,0,0,0,0.132719597538288,26.19
"19075",0,0,0,0,0.123006710942367,20.62
"19077",0.00315687226809131,2.98446340296064,1,1,0.180958465412401,53.52
"19079",0,0,0,0,0.153871334039634,38.37
"19081",0,0,0,0,0.118066246579827,17.91
"19083",0.00109609061015711,1.03622891094055,1,1,0.173543005562552,49.38
"19085",0,0,0,0,0.148784274859347,35.73
"19087",0,0,0,0,0.176707136440698,50.94
"19089",0,0,0,0,0.15178841743247,37.26
"19091",0,0,0,0,0.146591241860508,34.58
"19093",0,0,0,0,0.120246479834635,19.12
"19095",0,0,0,0,0.135664291000436,27.9
"19097",0.00196050973253046,1.8534387998609,1,1,0.202469836525553,64.49
"19099",0,0,0,0,0.240853552874367,78.49
"19101",0,0,0,0,0.185439126383596,55.93
"19103",0.000305744947564742,0.289047046936363,1,0,0.158454098025272,41.3
"19105",0.00188197338351929,1.77919162115965,1,1,0.206515484535748,66.12
"19107",0.00105042016806723,0.993052706318027,1,0,0.136971187097499,28.76
"19109",0.00232318017552917,2.1963024232661,1,1,0.18096531828789,53.55
"19111",0,0,0,0,0.180181125812249,53.13
"19113",0.00112186537615486,1.06059601841515,1,1,0.348520553671286,96.79
"19115",0.000225580870742161,0.213261036863244,1,0,0.106416500270275,12.19
"19117",0,0,0,0,0.136276248668577,28.32
"19119",0,0,0,0,0.132327008249646,25.93
"19121",0,0,0,0,0.202092280467939,64.33
"19123",0.000755939524838013,0.714654776987401,1,0,0.175058380194598,50.11
"19125",0.00137124051558643,1.29635182797527,1,1,0.170955812341443,48.23
"19127",0.00011101243339254,0.104949619939472,1,0,0.188567106038457,57.27
"19129",0.00344742674218173,3.25914958626118,1,1,0.188791698759236,57.4
"19131",0,0,0,0,0.146812421612296,34.68
"19133",0,0,0,0,0.13321378887964,26.41
"19135",0.00192771084337349,1.82243118345014,1,1,0.14079289233232,31.15
"19137",0,0,0,0,0.141371175064996,31.56
"19139",0.000128882587962366,0.121843817040181,1,0,0.179443948244059,52.56
"19141",0.00209205020920502,1.97779534814804,1,1,0.179655774224718,52.75
"19143",0.00341588385994876,3.22932938143386,1,1,0.124364825894147,21.25
"19145",0.000689084895259096,0.651451334354163,1,0,0.148271711563117,35.41
"19147",0,0,0,0,0.125580304332862,21.73
"19149",0.00058836508053247,0.556232213820556,1,0,0.169916754445343,47.66
"19151",0,0,0,0,0.101510555032158,9.99
"19153",0.00353363016211937,3.3406451078299,1,1,0.36051277842585,97.9
"19155",0.00160960542915561,1.52169872220586,1,1,0.248594907419313,80.4
"19157",0,0,0,0,0.116396084307272,16.93
"19159",0.00279798545047566,2.64517676668932,1,1,0.139466859969137,30.23
"19161",0.00557176970018573,5.26747405272221,1,1,0.166081024422073,45.72
"19163",0.00225897539330375,2.13560410969047,1,1,0.359238723350529,97.8
"19165",0.00110340479192938,1.04314363727984,1,1,0.167939485073112,46.64
"19167",0.000476906709710554,0.450861010799806,1,0,0.178133815048499,51.77
"19169",0.00059083696276039,0.558569097108556,1,0,0.173269817382557,49.19
"19171",0,0,0,0,0.137169049055322,28.92
"19173",0,0,0,0,0.0968803152870389,8.18
"19175",0,0,0,0,0.144709594439404,33.38
"19177",0.000854335753951303,0.807677211802445,1,0,0.140704264948111,31.02
"19179",5.98336624184766e-05,0.0565659173346953,1,0,0.209055939125184,67.2
"19181",6.31632137443153e-05,0.0597136291318066,1,0,0.218933922930941,70.82
"19183",0,0,0,0,0.213617778992249,69.27
"19185",0.00351974970668752,3.3275227171423,1,1,0.124607503894811,21.41
"19187",0.0022766078542971,2.15227359456975,1,1,0.214419470252531,69.42
"19189",0.00114111829593001,1.0787974626262,1,1,0.151540888818208,37.03
"19191",0.00125974332729706,1.19094392745738,1,1,0.190007812051555,58.45
"19193",0.00190249279897585,1.7985903928804,1,1,0.302504412291514,91.41
"19195",0,0,0,0,0.127973171346889,23.19
"19197",0,0,0,0,0.0944532729004736,7.29
"20001",0.00306303401579881,2.89575001642439,1,1,0.135816873294142,28
"20003",0,0,0,0,0.153267247370719,38.18
"20005",0,0,0,0,0.149853654162138,36.3
"20007",0,0,0,0,0.104373527210868,11.33
"20009",0.000752049334436339,0.710977044758037,1,0,0.206691908969494,66.21
"20011",0,0,0,0,0.154899610650237,39.01
"20013",0,0,0,0,0.11536721283626,16.35
"20015",0.000562478366216684,0.531759271953613,1,0,0.214241219369569,69.39
"20017",0,0,0,0,0.0789949896236305,3.31
"20019",0,0,0,0,0.0863285074590333,5.09
"20021",0,0,0,0,0.131635139906311,25.45
"20023",0.000854700854700855,0.80802237300407,1,0,0.0822534052475826,4.3
"20025",0.000821018062397373,0.776179126777308,1,0,0.0807324441884411,3.88
"20027",0,0,0,0,0.153017971347087,37.93
"20029",0.000260010400416017,0.245810238277369,1,0,0.163724996653934,44.23
"20031",0,0,0,0,0.108980453253916,13.08
"20033",0,0,0,0,0.0861795587550349,5
"20035",0.000479189485213582,0.453019115204226,1,0,0.15554069809803,39.52
"20037",0,0,0,0,0.17390385433344,49.54
"20039",0,0,0,0,0.0862340612621675,5.03
"20041",0,0,0,0,0.151938927626131,37.38
"20043",0,0,0,0,0.0992979991685751,9.2
"20045",0.000169727417767066,0.160457954515557,1,0,0.230115514527469,75.21
"20047",0,0,0,0,0.0939799821095817,7.13
"20049",0,0,0,0,0.090373702473608,6.3
"20051",0.00364247688428131,3.44354729430986,1,1,0.221117272380269,71.75
"20053",0,0,0,0,0.101463044619823,9.96
"20055",0.00116893237509741,1.10509250858077,1,1,0.218144135052478,70.57
"20057",0.000847753453348626,0.801454395803668,1,0,0.17118077472349,48.43
"20059",8.44880027036161e-05,0.0798737898288917,1,0,0.162118137789104,43.18
"20061",0,0,0,0,0.0698343214962428,1.81
"20063",0,0,0,0,0.0752631303630808,2.61
"20065",0,0,0,0,0.10409252976151,11.26
"20067",0,0,0,0,0.12899368536811,23.86
"20069",0,0,0,0,0.0970297687745449,8.21
"20071",0,0,0,0,0.0767289460610856,2.93
"20073",0,0,0,0,0.119657459805975,18.9
"20075",0,0,0,0,0.0706268802050053,1.94
"20077",0.000720980533525595,0.681605029859237,1,0,0.125641040795696,21.76
"20079",0,0,0,0,0.180157200287446,53.07
"20081",0.00307219662058372,2.90441221632799,1,1,0.0866047267334157,5.25
"20083",0.00441501103752759,4.17389040359718,1,1,0.0764944187000303,2.86
"20085",0,0,0,0,0.121214939852797,19.82
"20087",0,0,0,0,0.157657431214008,40.92
"20089",0,0,0,0,0.0815319262856853,4.01
"20091",0.00148899528039506,1.40767555483231,1,1,0.360639423398471,97.96
"20093",0,0,0,0,0.0625363802997108,1.27
"20095",0,0,0,0,0.110286259562051,13.81
"20097",0,0,0,0,0.0696693561184354,1.78
"20099",0,0,0,0,0.129006924112368,23.89
"20101",0,0,0,0,0.0627142281303755,1.34
"20103",0.000419741858756865,0.396818150931377,1,0,0.181982451507985,54.15
"20105",0.00438981562774363,4.15007101147832,1,1,0.109326611066333,13.33
"20107",0,0,0,0,0.144353375459521,32.87
"20109",0.00260416666666667,2.46194316774678,1,1,0.10303282077549,10.69
"20111",0.0011066456986429,1.04620754568586,1,1,0.183237428442062,54.79
"20113",0.000213949507916132,0.202264907234652,1,0,0.155096696860483,39.1
"20115",0,0,0,0,0.13809386239793,29.49
"20117",0.000985221674876847,0.93141495213277,1,0,0.144359546586584,32.9
"20119",0.000974658869395711,0.921429021846746,1,0,0.0967488989928738,8.11
"20121",0.00119727389942899,1.13188619390237,1,1,0.209413747984913,67.39
"20123",0,0,0,0,0.131741049300273,25.58
"20125",0.00139826129247979,1.32189689692623,1,1,0.178009335889156,51.67
"20127",0.00238549618320611,2.25521511549323,1,1,0.141579589244693,31.72
"20129",0,0,0,0,0.0701862800544931,1.88
"20131",0.000436808386721025,0.41295261054809,1,0,0.138905117838383,29.94
"20133",0.000542225837061136,0.512612810852521,1,0,0.179299392379712,52.47
"20135",0.00234741784037559,2.21921637656047,1,1,0.105779543819462,11.9
"20137",0.00074019245003701,0.699767710151563,1,0,0.112011826111907,14.7
"20139",0,0,0,0,0.144711470917354,33.41
"20141",0.000677048070412999,0.640071886536738,1,0,0.108494279198181,12.92
"20143",0.000619578686493185,0.585741125411872,1,0,0.105878916172645,11.93
"20145",0.00067842605156038,0.641374610864832,1,0,0.0896921069223041,6.11
"20147",0,0,0,0,0.114286836740667,15.84
"20149",0.00162351533794753,1.53484895769294,1,1,0.185191799606693,55.74
"20151",0,0,0,0,0.12073491254447,19.47
"20153",0.00239234449760766,2.2616894172602,1,1,0.101884149556528,10.18
"20155",0.00109507217521155,1.03526609662144,1,1,0.261715979944045,83.36
"20157",0.00253807106598985,2.39945730054508,1,1,0.118040264501363,17.88
"20159",0.000441403663650408,0.417296921833927,1,0,0.0986424966213082,8.97
"20161",8.34770994490511e-05,0.0789180958663333,1,0,0.195508471483028,61.22
"20163",0,0,0,0,0.107844246856196,12.63
"20165",0,0,0,0,0.0756614734803303,2.7
"20167",0,0,0,0,0.122385887146975,20.3
"20169",0.000392476526884642,0.371041883084017,1,0,0.21858831440758,70.66
"20171",0.000980071871937275,0.926546399622439,1,0,0.110372687877174,13.9
"20173",0.00126845603531382,1.19918080117556,1,1,0.340301264524743,96.21
"20175",0.00361099712761592,3.4137867675215,1,1,0.155350352105813,39.39
"20177",0.00206661131100655,1.95374576544798,1,1,0.237344048590388,77.63
"20179",0,0,0,0,0.101922477331543,10.24
"20181",0.00481430536451169,4.55137774064878,1,1,0.15812249525157,41.2
"20183",0.00173711638679792,1.64224581890231,1,1,0.10331269794983,10.88
"20185",0,0,0,0,0.092043114276881,6.59
"20187",0,0,0,0,0.0716466396486457,2.13
"20189",0,0,0,0,0.0963757540834368,8.02
"20191",0.000530996946767556,0.501997173192493,1,0,0.144151483101329,32.71
"20193",0,0,0,0,0.147821591830999,35.16
"20195",0,0,0,0,0.112116256329307,14.79
"20197",0.000536480686695279,0.507181425115216,1,0,0.1032029115753,10.72
"20199",0.0157068062827225,14.8489975353104,1,1,0.108489919132027,12.89
"20201",0,0,0,0,0.11623487617053,16.77
"20203",0.00171673819742489,1.62298056036869,1,1,0.107535205597955,12.47
"20205",0,0,0,0,0.114002069940606,15.69
"20207",0.00207684319833853,1.96341885029026,1,1,0.116306543672952,16.83
"20209",0.00254450435991035,2.40553924768634,1,1,0.272288812821789,85.65
"21001",0.00147977638934561,1.39896014267229,1,1,0.185240602117407,55.77
"21003",0,0,0,0,0.144474562531979,33.03
"21005",0,0,0,0,0.206176571089145,66.02
"21007",0.0024390243902439,2.30581994247503,1,1,0.146626433376509,34.62
"21009",0.00797601538635592,7.54041468913233,1,1,0.255014813248339,81.9
"21011",0,0,0,0,0.151240691660322,36.91
"21013",0,0,0,0,0.155173012812148,39.17
"21015",0.0109374859111115,10.340147985096,1,1,0.258685416852289,82.72
"21017",0.000573065902578797,0.541768582472643,1,0,0.127486470237228,22.94
"21019",0.00025226134275109,0.238484386280707,1,0,0.225395158779644,73.46
"21021",0,0,0,0,0.194883830503197,60.8
"21023",0,0,0,0,0.128212537375963,23.29
"21025",0.00357675111773472,3.38141106318246,1,1,0.117325891348293,17.47
"21027",0,0,0,0,0.194697352604265,60.64
"21029",0.00768257690290334,7.26300200324815,1,1,0.200311360177697,63.6
"21031",0,0,0,0,0.16165115887884,42.76
"21033",0,0,0,0,0.144844473606249,33.57
"21035",0.00293612542241427,2.7757723865704,1,1,0.182689022092456,54.6
"21037",0.00282517172612453,2.67087829587596,1,1,0.252350115837557,81.32
"21039",0.00181928441479685,1.71992633671576,1,1,0.112241103479735,14.86
"21041",0.000498815313630128,0.471573102089917,1,0,0.126140455025589,22.4
"21043",0.000577533930118394,0.545992593944419,1,0,0.161454304834278,42.73
"21045",0.000625260525218841,0.591112657199726,1,0,0.157956360467626,41.11
"21047",0.000169204737732657,0.159963820036339,1,0,0.108554025276361,12.95
"21049",0.00316915357190017,2.99607397780989,1,1,0.208851432064494,67.1
"21051",0.000599640215870478,0.566891570906313,1,0,0.142268226227797,32.04
"21053",0.00868701911144205,8.21258778220816,1,1,0.141336254944224,31.5
"21055",0,0,0,0,0.138448414752328,29.65
"21057",0,0,0,0,0.112732079771142,15.21
"21059",0.00013156410931098,0.124378890254921,1,0,0.268819358438978,84.92
"21061",0.00139275766016713,1.31669383901777,1,1,0.144292456384564,32.8
"21063",0,0,0,0,0.0796086580548726,3.6
"21065",0,0,0,0,0.140717714838706,31.05
"21067",0.000762462315080979,0.720821332714754,1,0,0.306387670579857,91.82
"21069",0.00371563041862769,3.51270563443682,1,1,0.188831740720159,57.46
"21071",0.000477973392814467,0.45186943826086,1,0,0.179240733503603,52.37
"21073",0.00107232856147123,1.01376459858963,1,1,0.156589820035491,40.41
"21075",0.00406353897303288,3.84161357242792,1,1,0.11070941622563,14.03
"21077",0.13939606741573,131.783115181412,1,1,0.0816782071078996,4.07
"21079",0,0,0,0,0.196765948906865,61.88
"21081",0.00093882021592865,0.887547654277667,1,0,0.169511254543289,47.41
"21083",7.06763728885434e-05,0.066816465927964,1,0,0.210619002899706,68.02
"21085",0.000687285223367698,0.649749949425953,1,0,0.189376465086429,57.91
"21087",0.00126156433978133,1.19266548748708,1,1,0.160519682322138,42.19
"21089",0,0,0,0,0.190424833150987,58.57
"21091",0.00049079754601227,0.463993215418288,1,0,0.0974162534120667,8.43
"21093",0.000621243157930085,0.587314693699355,1,0,0.203635098909744,65.19
"21095",0,0,0,0,0.120185243512977,19.09
"21097",0.000655200655200655,0.619417642204594,1,0,0.156649311431153,40.47
"21099",0,0,0,0,0.133898849021483,26.73
"21101",0.00100536193029491,0.950455271194466,1,0,0.201691940548214,64.14
"21103",0.000561955605507165,0.531265061205261,1,0,0.168535710475809,46.93
"21105",0,0,0,0,0.0852592854951883,4.8
"21107",0.000102239034863511,0.0966553702499501,1,0,0.179844269727643,52.91
"21109",0,0,0,0,0.161095287168757,42.41
"21111",0.00181883293124246,1.71949951040456,1,1,0.35294159957476,97.3
"21113",9.01063254640476e-05,0.08518527450124,1,0,0.254950289294488,81.86
"21115",0,0,0,0,0.154444345666785,38.75
"21117",0.000294164511503058,0.278099062766792,1,0,0.23383770269254,76.58
"21119",0,0,0,0,0.11622468593251,16.74
"21121",0.000666592600822131,0.630187430117606,1,0,0.171076607447504,48.33
"21123",0,0,0,0,0.166106593482177,45.75
"21125",0.00397222893855135,3.75529032806112,1,1,0.236985396759442,77.54
"21127",0,0,0,0,0.103605189333244,11.01
"21129",0,0,0,0,0.112249504865564,14.89
"21131",0,0,0,0,0.0863501523922152,5.15
"21133",0,0,0,0,0.111308536212229,14.35
"21135",0.00821018062397373,7.76179126777309,1,1,0.155327561933878,39.36
"21137",0,0,0,0,0.184302201888808,55.27
"21139",0,0,0,0,0.0958271253500239,7.89
"21141",0,0,0,0,0.188579532662043,57.3
"21143",0.000676818950930626,0.639855280145355,1,0,0.128683039560719,23.7
"21145",0.000929789550072569,0.879010187613508,1,0,0.26171255855379,83.33
"21147",0,0,0,0,0.125256621600044,21.54
"21149",0.000694203401596668,0.656290299489595,1,0,0.118183763342766,17.94
"21151",0.000605444153831251,0.572378533623197,1,0,0.214695554803267,69.58
"21153",0.000854335753951303,0.807677211802445,1,0,0.133766864353019,26.69
"21155",0.0215521502718735,20.3751049390428,1,1,0.125789851403691,21.89
"21157",0.000223447043050797,0.211243745660978,1,0,0.207412228952434,66.56
"21159",0,0,0,0,0.101062628404476,9.77
"21161",0.0021437436533905,2.02666561569226,1,1,0.191212132719351,59.05
"21163",0,0,0,0,0.173897091565393,49.51
"21165",0,0,0,0,0.131042646435037,25.2
"21167",0.00079660116834838,0.753095732672407,1,0,0.145140199753225,33.82
"21169",0.00112023898431665,1.05905845005388,1,1,0.151808711300346,37.32
"21171",0.00102249488752556,0.966652532121433,1,0,0.134690988383013,27.2
"21173",0,0,0,0,0.189129685808426,57.72
"21175",0.000784929356357928,0.742061362962921,1,0,0.120257588632111,19.15
"21177",0,0,0,0,0.168375081786757,46.9
"21179",0.00139920872334266,1.3227925849671,1,1,0.197325814598017,62.2
"21181",0.00148038490007402,1.39953542030313,1,1,0.144570949092371,33.15
"21183",0,0,0,0,0.138861797687352,29.91
"21185",9.50254192996627e-05,0.0898357178139176,1,0,0.261435766445862,83.26
"21187",0,0,0,0,0.141951523463612,31.88
"21189",0.00776914539400666,7.34484265805031,1,1,0.116987671581431,17.31
"21191",0,0,0,0,0.156590292615358,40.44
"21193",0.00112821339350471,1.06659734626534,1,1,0.172180675664941,48.87
"21195",0.000361418567878925,0.341680117972356,1,0,0.177336482259517,51.19
"21197",0.00146713615023474,1.3870102353503,1,1,0.157131437603648,40.69
"21199",0.00161339114651608,1.52527768706627,1,1,0.281246840584757,87.56
"21201",0,0,0,0,0.0837107043003314,4.55
"21203",0,0,0,0,0.122218930305605,20.17
"21205",0.0010507355148604,0.993350830817072,1,0,0.141973539936564,31.91
"21207",0.00514675198219502,4.86566817740245,1,1,0.152592811012718,37.77
"21209",0.000342055755088079,0.323374782423384,1,0,0.141118104886932,31.31
"21211",0.00199894792214624,1.88977773297007,1,1,0.244153408013094,79.29
"21213",0.00218992633884133,2.07032608810718,1,1,0.159845879884254,41.78
"21215",0.00100637370010064,0.951411784382518,1,0,0.164849673910496,45.05
"21217",0,0,0,0,0.201108018589114,63.95
"21219",0.00236593059936909,2.23671808300023,1,1,0.174043044549995,49.63
"21221",0,0,0,0,0.15971803832836,41.71
"21223",0,0,0,0,0.113559316521466,15.49
"21225",0,0,0,0,0.12823973621522,23.35
"21227",0.000774888530379441,0.732568904883074,1,0,0.300308390428054,91
"21229",0.000227221086116792,0.214811673804763,1,0,0.139856435214467,30.51
"21231",0,0,0,0,0.144821478920582,33.53
"21233",0,0,0,0,0.138684812015514,29.84
"21235",0.00129095715251737,1.22045304633368,1,1,0.184237792922429,55.2
"21237",0,0,0,0,0.136886563789785,28.7
"21239",0,0,0,0,0.162763035373825,43.78
"22001",0,0,0,0,0.266209753244681,84.38
"22003",0,0,0,0,0.10644424794558,12.22
"22005",0.00110648611623373,1.04605667868223,1,1,0.277041952826642,86.8
"22007",0,0,0,0,0.13936109819729,30.16
"22009",0.000690846286701209,0.653116529474792,1,0,0.182411057583779,54.37
"22011",0,0,0,0,0.194272863522543,60.52
"22013",0,0,0,0,0.100623755177695,9.55
"22015",0.000304850712812696,0.288201649763309,1,0,0.277151138510349,86.86
"22017",0.00136771063150782,1.293014724363,1,1,0.312925168151718,92.81
"22019",0.000285965234797884,0.270347579913121,1,0,0.280577042679772,87.34
"22021",0,0,0,0,0.130976207324333,25.17
"22023",0,0,0,0,0.0929736407911199,6.87
"22025",0,0,0,0,0.170650505225143,48.11
"22027",0.00114285714285714,1.08044134447401,1,1,0.144528506915178,33.12
"22029",0,0,0,0,0.16321090159222,44.03
"22031",0,0,0,0,0.147115368841916,34.87
"22033",0.000443846803809849,0.419606632767706,1,0,0.275123723790771,86.48
"22035",0,0,0,0,0.101908673917898,10.21
"22037",0,0,0,0,0.144078842035975,32.68
"22039",0.000110107905747633,0.104094492007791,1,0,0.147198387885837,34.97
"22041",0,0,0,0,0.162918465977448,43.81
"22043",0,0,0,0,0.107588643613277,12.54
"22045",0,0,0,0,0.227942815553275,74.58
"22047",5.58129151085561e-05,0.0527647584090396,1,0,0.115463211464642,16.42
"22049",0,0,0,0,0.128639340934591,23.64
"22051",0.000929103699349627,0.878361793820955,1,0,0.387323096588342,99.33
"22053",0,0,0,0,0.192137393525954,59.56
"22055",0.0010251186721775,0.96913302186126,1,0,0.336674273402544,95.96
"22057",0,0,0,0,0.18607750030777,56.22
"22059",0.000770712909441233,0.728621330570144,1,0,0.111403987009149,14.38
"22061",0,0,0,0,0.223723042272991,72.96
"22063",0.000709518053292689,0.670768559499621,1,0,0.280375906978942,87.27
"22065",0,0,0,0,0.101619923826278,10.05
"22067",0,0,0,0,0.181830121477372,54.06
"22069",0,0,0,0,0.162522187670433,43.59
"22071",1.81101185760014e-05,0.0171210557549839,1,0,0.205420160283178,65.73
"22073",0.000498472628740142,0.471249132532058,1,0,0.29641244854534,90.3
"22075",0.000214930505803124,0.203192329076106,1,0,0.148160115826313,35.35
"22077",0,0,0,0,0.162573661139409,43.62
"22079",0.000596349712025863,0.563780774058175,1,0,0.246907709829995,80.02
"22081",0,0,0,0,0.11625882977926,16.8
"22083",0,0,0,0,0.145930348455077,34.3
"22085",0,0,0,0,0.145897475791534,34.27
"22087",7.52558699578567e-05,0.0711458591522247,1,0,0.203783102834911,65.26
"22089",0.000632844636641704,0.59828257129929,1,0,0.192921682029655,60.04
"22091",0,0,0,0,0.130581050179844,24.69
"22093",0.000809622947027527,0.765406342228005,1,0,0.142794109541376,32.17
"22095",0,0,0,0,0.192846846548833,59.91
"22097",0,0,0,0,0.250630994602407,80.75
"22099",0,0,0,0,0.212015392150283,68.63
"22101",0,0,0,0,0.180702779907452,53.39
"22103",0.000141973610655119,0.134219888929041,1,0,0.358135267423911,97.68
"22105",0.000478768460206975,0.452621083983055,1,0,0.282068067539424,87.78
"22107",0,0,0,0,0.0930548537915692,6.9
"22109",0.000971581248481904,0.918519481578588,1,0,0.231371749076541,75.6
"22111",0,0,0,0,0.149929454813719,36.37
"22113",0,0,0,0,0.211436599741797,68.34
"22115",0,0,0,0,0.100951754910398,9.67
"22117",0,0,0,0,0.164615904245594,44.93
"22119",0.000240615976900866,0.227475018386613,1,0,0.194860352379877,60.74
"22121",0.00114532102674661,1.08277066624341,1,1,0.200671568324581,63.76
"22123",0.000403225806451613,0.381204103393049,1,0,0.13919099383576,30.03
"22125",0,0,0,0,0.0887977088758819,5.76
"22127",0,0,0,0,0.110092576641026,13.68
"23001",0.00040098423402898,0.37908495181126,1,0,0.321008442492046,93.83
"23003",0.000236047883999326,0.223156406504918,1,0,0.213099209724419,69.01
"23005",0.000871996456649319,0.82437339599892,1,0,0.317345153945983,93.41
"23007",8.08276753960556e-05,0.0764133669911705,1,0,0.208812846576466,67.07
"23009",3.28731097961867e-05,0.0310777835770796,1,0,0.214832771363013,69.62
"23011",0.000933007252010913,0.882052158545841,1,0,0.264199164447223,83.84
"23013",9.49171847563001e-05,0.0897333943728121,1,0,0.265575956940237,84.25
"23015",0.000136295488619327,0.128851870848407,1,0,0.231642038833317,75.85
"23017",0.00063800549666274,0.603161577021589,1,0,0.202603007711452,64.65
"23019",0.00125359944394797,1.18513558506964,1,1,0.321655070606628,93.95
"23021",0.000158002844051193,0.149373704600215,1,0,0.17788354453938,51.54
"23023",0,0,0,0,0.185081340354091,55.68
"23025",0.000966079862601975,0.91331854741658,1,0,0.235145269581022,77.03
"23027",0,0,0,0,0.235736726205038,77.22
"23029",0.000150071283859833,0.141875317237902,1,0,0.178042795351631,51.7
"23031",0.000128864595526251,0.121826807239797,1,0,0.314296848429767,93.06
"24001",0.000747333378626265,0.706518645326611,1,0,0.217672065651937,70.41
"24003",0.000572098423364051,0.540853940997054,1,0,0.229157707397765,74.96
"24005",0.000552215435736227,0.522056839347884,1,0,0.307395127651167,92.05
"24009",0.000381112085064217,0.360298096884318,1,0,0.268200511409176,84.82
"24011",0.000815069733743887,0.770555659095531,1,0,0.193469903350402,60.17
"24013",0.000773326194937688,0.731091894553517,1,0,0.282564066780107,87.91
"24015",0.000338564968199076,0.32007464075371,1,0,0.21056439745846,67.99
"24017",1.96707122764915e-05,0.0185964194664272,1,0,0.255664479284695,82.02
"24019",0.000142460289194387,0.134679988092423,1,0,0.189519569304207,58.03
"24021",8.91807531719972e-05,0.0843102512510631,1,0,0.306385900864447,91.79
"24023",0.000661862038535079,0.625715221924758,1,0,0.246773300582323,79.96
"24025",0.000735564545788893,0.695392553449622,1,0,0.279753101713426,87.24
"24027",0.000619017894298793,0.585210960223453,1,0,0.293249801883126,89.85
"24029",0.000223563603845294,0.211353940624807,1,0,0.192512742929628,59.78
"24031",9.15299321557727e-05,0.0865311325882485,1,0,0.213815240550663,69.3
"24033",0.00200581191155696,1.89626685367402,1,1,0.282350153459027,87.85
"24035",0.00197167021221398,1.86398976307585,1,1,0.276750000337088,86.73
"24037",1.79323948713351e-05,0.0169530382213711,1,0,0.124247701849987,21.22
"24039",0,0,0,0,0.120136069492359,19.03
"24041",0.00140934052582981,1.33237105098061,1,1,0.267461015010688,84.73
"24043",0.00076988879384089,0.727842223073812,1,0,0.334137933342507,95.64
"24045",0.000413532353983695,0.390947770956441,1,0,0.268178441973257,84.79
"24047",0.000346560388147635,0.327633400247708,1,0,0.213150900320479,69.04
"24510",0.000414494432644655,0.391857306823136,1,0,0.185645302755148,56.03
"25001",0.000276936545797265,0.261811982140787,1,0,0.283978083610545,88.32
"25003",0.000138100352923124,0.130558164611521,1,0,0.264328948162474,83.96
"25005",0.00155002070638348,1.46536814897159,1,1,0.364557228935353,98.31
"25007",0,0,0,0,0.212602525179553,68.76
"25009",0.000581446135703523,0.549691139023892,1,0,0.335824559758426,95.86
"25011",6.8530701754386e-05,0.0647879780985993,1,0,0.266659694476198,84.47
"25013",0.000326467089434094,0.308637473405354,1,0,0.286596390731861,88.83
"25015",0.00011403230915426,0.107804568739092,1,0,0.225525001415881,73.56
"25017",0.000337836225777667,0.319385697742343,1,0,0.236575280522588,77.44
"25019",0,0,0,0,0.195271251707398,61.12
"25021",0.000818097560723033,0.773418124866191,1,0,0.374066648667351,98.7
"25023",0.000831557375186873,0.786142847397414,1,0,0.36421416685639,98.25
"25025",6.87802535785198e-05,0.0650239009434346,1,0,0.166803054144859,46.23
"25027",0.00166986472586807,1.5786670283183,1,1,0.348992919056211,96.98
"26001",0,0,0,0,0.174647983759838,49.98
"26003",0.0016627868307283,1.57197568409505,1,1,0.141233812648822,31.47
"26005",0.00153619663316905,1.45229906125291,1,1,0.300695669539266,91.06
"26007",0.000300706660652533,0.28428392013675,1,0,0.231403564725483,75.66
"26009",0,0,0,0,0.193142166147577,60.1
"26011",0.000436014824504033,0.412202387798021,1,0,0.160005521570982,41.87
"26013",0.00124339446689462,1.17548794083278,1,1,0.110956695974299,14.22
"26015",6.44786897930234e-05,0.0609572620036599,1,0,0.23151808949818,75.79
"26017",0.00277481323372465,2.62327007329603,1,1,0.285647845271085,88.64
"26019",0,0,0,0,0.17527117716649,50.27
"26021",0.0067143805799454,6.34768258346811,1,1,0.285640242426685,88.61
"26023",0.0119132713843221,11.2626420826157,1,1,0.21546812591078,69.77
"26025",0.000940986691759645,0.889595810579827,1,0,0.220222952616917,71.4
"26027",0.00214343127623471,2.02637029864734,1,1,0.217218880401867,70.25
"26029",8.13735861339409e-05,0.0769294634563237,1,0,0.199310237341533,63
"26031",0,0,0,0,0.221049705231119,71.68
"26033",0.00375300948874097,3.54804329060915,1,1,0.180446311315633,53.29
"26035",0.00469766321368345,4.44110586366848,1,1,0.220023259732644,71.33
"26037",0.000274687542919929,0.259685805909837,1,0,0.26740742582776,84.7
"26039",0,0,0,0,0.137123779981523,28.83
"26041",0.00251655629139073,2.37911753005039,1,1,0.259008592405318,82.79
"26043",0.00340344428561704,3.21756917982017,1,1,0.212829290487193,68.82
"26045",0.00516316405147029,4.88118392082165,1,1,0.23593650176876,77.31
"26047",0.00102448519618892,0.968534142418566,1,0,0.225080562567684,73.37
"26049",0.0201380897583429,19.0382716769371,1,1,0.32051088450516,93.73
"26051",0,0,0,0,0.184209691823652,55.17
"26053",0.00252616383976904,2.38820037347648,1,1,0.173718873140551,49.48
"26055",0.000871581222654139,0.8239808395199,1,0,0.34461980931989,96.56
"26057",7.05517144066601e-05,0.0666986155224186,1,0,0.193466828065355,60.13
"26059",0.000135391280801516,0.127997045276843,1,0,0.200840740541591,63.82
"26061",0.00169168957496299,1.59929993895498,1,1,0.194387681301707,60.55
"26063",0.00224945702761402,2.12660557834534,1,1,0.203097182671111,64.94
"26065",0.0006060820034835,0.572981547867065,1,0,0.202894124938531,64.81
"26067",0.000235760090531875,0.222884330539127,1,0,0.171541597721612,48.62
"26069",0,0,0,0,0.171842837427963,48.74
"26071",0.000788229111928534,0.74518090626492,1,0,0.156276558741943,40.28
"26073",0.00074274139095206,0.702177443657149,1,0,0.188827517645929,57.43
"26075",0.00125350003255844,1.18504160291621,1,1,0.266210721425182,84.41
"26077",0.000903445239071349,0.854104640165783,1,0,0.306726142766748,91.89
"26079",0,0,0,0,0.163808206677096,44.38
"26081",0.00200134739835811,1.8920461646114,1,1,0.361942175638046,98.12
"26083",0,0,0,0,0.0796175523608095,3.63
"26085",0,0,0,0,0.137047428867603,28.79
"26087",0.0016941139390119,1.60159189921341,1,1,0.2956899251541,90.17
"26089",0,0,0,0,0.189784596486282,58.16
"26091",0.000440872248787601,0.416794529568688,1,0,0.273039561547372,85.91
"26093",0.0016698603887216,1.57866292803998,1,1,0.345628166814307,96.72
"26095",0.00194931773879142,1.84285804369349,1,1,0.155919076032257,39.99
"26097",0.000189178963299281,0.178847176771616,1,0,0.135262482864075,27.65
"26099",0.00214402723797899,2.02693371264206,1,1,0.360953871610613,98.03
"26101",0,0,0,0,0.165177010340815,45.15
"26103",0.000728357380688124,0.688578999192217,1,0,0.228596037592045,74.77
"26105",0,0,0,0,0.203006836205558,64.91
"26107",7.14949596053478e-05,0.0675903464942276,1,0,0.19052447033646,58.67
"26109",0.00154043645699615,1.45630733208949,1,1,0.159876762753608,41.81
"26111",2.34246896228625e-05,0.0221453777562605,1,0,0.187818952816646,57.05
"26113",0.000208463623097769,0.197078627561968,1,0,0.166944014706463,46.29
"26115",0.000654821670231807,0.619059355053976,1,0,0.271775119931605,85.59
"26117",0.00309776330988134,2.92858261096666,1,1,0.219561031352664,71.14
"26119",0,0,0,0,0.104282710704949,11.29
"26121",0.000434247665918796,0.410531740500005,1,0,0.272996476311631,85.84
"26123",0.000145085237577077,0.13716157800722,1,0,0.21065744599745,68.12
"26125",0.00780371819737158,7.37752730843142,1,1,0.395924760910884,99.55
"26127",0,0,0,0,0.169117414607428,47.25
"26129",0,0,0,0,0.215971468469999,69.93
"26131",0.00192307692307692,1.81805033925916,1,1,0.137870118460163,29.37
"26133",0.001230012300123,1.16283662535641,1,1,0.16708247628509,46.39
"26135",0.00115141047783535,1.08852754912465,1,1,0.181022500951946,53.67
"26137",0.000171408981830648,0.162047681936024,1,0,0.198433454808441,62.55
"26139",0.00113576854805253,1.07373988493553,1,1,0.329861782389025,95.16
"26141",0,0,0,0,0.155629377098467,39.61
"26143",0.000278590332915448,0.263375449621051,1,0,0.188988577107786,57.62
"26145",0.00073117231294175,0.691240197232339,1,0,0.277127590036543,86.83
"26147",0.00154230929553981,1.45807788775932,1,1,0.332972770406162,95.61
"26149",0.000617461820277446,0.583739869354194,1,0,0.225286158667866,73.43
"26151",8.17527795945062e-05,0.077287947712129,1,0,0.240908998016157,78.52
"26153",0,0,0,0,0.147658226138159,35.13
"26155",0.00237606652986284,2.24630045157412,1,1,0.255062676070228,81.93
"26157",7.07213578500707e-05,0.0668589940887385,1,0,0.221658332833293,72.06
"26159",0.00388396650078893,3.67184823950387,1,1,0.223306411212317,72.73
"26161",0.00498674306165502,4.71439795582089,1,1,0.189040049625737,57.68
"26163",0.00392985906669279,3.71523443690958,1,1,0.324192540583572,94.27
"26165",0.00118856184017339,1.12364993351401,1,1,0.217521674846737,70.35
"27001",0,0,0,0,0.179963918773242,52.94
"27003",0.00268317162930746,2.53663336729555,1,1,0.367662356595274,98.5
"27005",0.000403318737036183,0.381291958683068,1,0,0.230236859990832,75.28
"27007",0.000350308709550291,0.331177011486539,1,0,0.228996706182071,74.9
"27009",5.09528176908183e-05,0.0481700894942811,1,0,0.225982728547458,73.72
"27011",0.000957854406130268,0.905542314573527,1,0,0.14901351996058,35.83
"27013",0.00146894389511302,1.38871925236871,1,1,0.283483855872648,88.2
"27015",0.000330098369314056,0.312070435206563,1,0,0.184393451688939,55.33
"27017",6.74581759309228e-05,0.0637740270112494,1,0,0.153232527971853,38.12
"27019",0.000431862840361901,0.408277159385356,1,0,0.262326733976209,83.49
"27021",0.000654450261780105,0.618708230637933,1,0,0.179558543944497,52.62
"27023",0,0,0,0,0.149111941157622,35.86
"27025",0.00140601341120485,1.32922564280682,1,1,0.245260962106404,79.76
"27027",0.0019317179691765,1.82621946479146,1,1,0.235186208828009,77.06
"27029",0,0,0,0,0.134213184406661,27.01
"27031",0,0,0,0,0.143086492646998,32.29
"27033",0,0,0,0,0.123180559330323,20.78
"27035",0.000956272276797357,0.904046591372892,1,0,0.301347667766362,91.31
"27037",0.00187389718297132,1.77155649280365,1,1,0.379916823095,98.98
"27039",0.00387986779709728,3.66797338169257,1,1,0.179051474280208,52.27
"27041",0.000413945359212584,0.39133822039062,1,0,0.275763884111071,86.57
"27043",0.000190766882869134,0.180348373982213,1,0,0.14715915861384,34.9
"27045",0,0,0,0,0.22396887879427,73.02
"27047",0.00104665071770335,0.989489120051336,1,0,0.2100546607583,67.74
"27049",0.00312104597216364,2.95059371803848,1,1,0.241135102225792,78.56
"27051",0,0,0,0,0.146824930997383,34.71
"27053",0.000727599820098946,0.687862811883411,1,0,0.318221583128833,93.51
"27055",0,0,0,0,0.186049354079174,56.19
"27057",0,0,0,0,0.20947411611279,67.45
"27059",7.38225306363502e-05,0.0697907999715607,1,0,0.214673933158224,69.55
"27061",0.000752283718430951,0.711198628146516,1,0,0.232237605601148,76.14
"27063",0,0,0,0,0.110555332963092,13.97
"27065",0.000203832042397065,0.192699995192573,1,0,0.165402813643263,45.31
"27067",0.00424290639087775,4.01118504975767,1,1,0.222586687320601,72.54
"27069",0.000536480686695279,0.507181425115216,1,0,0.130329050499857,24.44
"27071",0,0,0,0,0.143693484246597,32.48
"27073",0.00497702909647779,4.70521450742416,1,1,0.169800150958283,47.57
"27075",0,0,0,0,0.13712480474894,28.86
"27077",0,0,0,0,0.127906525990643,23.13
"27079",0,0,0,0,0.201659337638537,64.08
"27081",0,0,0,0,0.139230883769774,30.07
"27083",0.00059339355179007,0.56098606103599,1,0,0.171354130175493,48.55
"27085",0.000283173812085858,0.267708607468642,1,0,0.226106491012179,73.88
"27087",0,0,0,0,0.102158501547867,10.4
"27089",0,0,0,0,0.112547645955012,15.08
"27091",0,0,0,0,0.180160745040249,53.1
"27093",0.00289761751448809,2.73936754273434,1,1,0.192300841909328,59.66
"27095",0.00028336639274582,0.267890670562415,1,0,0.187022778876773,56.63
"27097",0.000607856545855178,0.574659175694711,1,0,0.22973827251857,75.12
"27099",0.000268976276292431,0.254286453390382,1,0,0.174560638500358,49.86
"27101",0,0,0,0,0.153887143806057,38.4
"27103",0,0,0,0,0.164821046519194,45.02
"27105",0,0,0,0,0.133581997422141,26.6
"27107",0,0,0,0,0.114031822335902,15.75
"27109",0.000334152156636081,0.315902829702931,1,0,0.174580953799826,49.92
"27111",0.00250270815434612,2.36602569271932,1,1,0.269499142712313,85.01
"27113",0,0,0,0,0.125867539550977,22.02
"27115",0.000222098833981122,0.20996916744359,1,0,0.196331917153292,61.69
"27117",0,0,0,0,0.151611723630136,37.16
"27119",0.00135372952484094,1.27979717938915,1,1,0.179550527662061,52.59
"27121",0,0,0,0,0.169381902175535,47.34
"27123",0.00120291602473932,1.13722018117635,1,1,0.283443208461272,88.16
"27125",0,0,0,0,0.113010532653265,15.27
"27127",0.000569313976658127,0.53822156357231,1,0,0.177462054983284,51.29
"27129",0.000145581598485951,0.137630830748983,1,0,0.128433121218007,23.51
"27131",6.2582139057513e-05,0.0591642891554391,1,0,0.195989189337373,61.53
"27133",0,0,0,0,0.151615973948146,37.19
"27135",0.000113636363636364,0.107430247319859,1,0,0.109993670019578,13.59
"27137",0.000864312444199609,0.817109036849565,1,0,0.255706272791822,82.09
"27139",0.000244417925898236,0.23106932841216,1,0,0.254449862527387,81.67
"27141",0.00136235657412733,1.28795307252776,1,1,0.301297959189175,91.28
"27143",0,0,0,0,0.149577104328872,36.11
"27145",0.00307832630258807,2.91020713296073,1,1,0.326797145296866,94.88
"27147",0,0,0,0,0.19708800758783,62.14
"27149",0.000829990316779638,0.784661372041578,1,0,0.106765208485131,12.28
"27151",0.000230096640589047,0.217530183252361,1,0,0.137502092376327,29.11
"27153",0,0,0,0,0.17113397509473,48.39
"27155",0,0,0,0,0.156715271593269,40.5
"27157",0.000128716694555284,0.121686983706367,1,0,0.180475263779831,53.32
"27159",0,0,0,0,0.17238562069971,48.97
"27161",0,0,0,0,0.176612870859718,50.87
"27163",0.000874045450363419,0.826310486331791,1,0,0.281159063607004,87.53
"27165",0.0001960399921584,0.18533349861101,1,0,0.169824830260425,47.6
"27167",0,0,0,0,0.126330735182943,22.49
"27169",0.00478801169590643,4.52652006982214,1,1,0.225664088582402,73.59
"27171",0.000500214377590396,0.472895757817874,1,0,0.300445722179727,91.03
"27173",0,0,0,0,0.144971038010848,33.66
"28001",0,0,0,0,0.207604651196815,66.69
"28003",0.0010812271928639,1.02217724169727,1,1,0.220505789835706,71.56
"28005",0,0,0,0,0.116547886311317,17.02
"28007",0,0,0,0,0.178428472412931,51.89
"28009",0,0,0,0,0.123699223364053,21.03
"28011",0.000727566693613581,0.687831494562074,1,0,0.176658451458487,50.91
"28013",0.00213333333333333,2.01682384301816,1,1,0.131641125949733,25.49
"28015",0,0,0,0,0.144655765560603,33.22
"28017",0.000377786173026067,0.357153825619479,1,0,0.155653668392621,39.68
"28019",0,0,0,0,0.0998958536891766,9.29
"28021",0.000822593912805045,0.77766891396882,1,0,0.0815929059352281,4.04
"28023",0,0,0,0,0.118008389325836,17.85
"28025",0,0,0,0,0.159561704235308,41.62
"28027",0,0,0,0,0.15947632788594,41.58
"28029",0,0,0,0,0.14146108327318,31.63
"28031",0.000143740117866897,0.135889920427593,1,0,0.137943567986859,29.43
"28033",0.00559640473392851,5.29076367307814,1,1,0.240167333277101,78.33
"28035",0.000500739729145328,0.473392417915665,1,0,0.231993979802955,76.04
"28037",0.000533902829684997,0.504744354732921,1,0,0.113541845471019,15.46
"28039",0.000315059861373661,0.29785323768581,1,0,0.173542670488371,49.35
"28041",0.00128040973111396,1.21048165994208,1,1,0.123035187299663,20.65
"28043",0,0,0,0,0.174568394406766,49.89
"28045",0,0,0,0,0.160621626619099,42.22
"28047",0.000152893509670514,0.144543410506041,1,0,0.234243871177265,76.65
"28049",0.00038081348241776,0.360015802070117,1,0,0.235025049007887,76.93
"28051",0.000520156046814044,0.491748336236547,1,0,0.150578233575729,36.62
"28053",0,0,0,0,0.113082964110774,15.3
"28055",0,0,0,0,0.0890475205036963,5.89
"28057",0,0,0,0,0.16008117452897,41.9
"28059",0.000104646295521139,0.0989311611986984,1,0,0.172908629648781,49.09
"28061",0.000658616904500549,0.6226473170679,1,0,0.116439971886404,16.96
"28063",0.00080450522928399,0.760568122618473,1,0,0.100234910873554,9.48
"28065",0.000469483568075117,0.443843275312095,1,0,0.114576564318016,15.94
"28067",0.00113916840706284,1.07695406464564,1,1,0.196988494449927,62.07
"28069",0,0,0,0,0.105514748114339,11.74
"28071",3.42770960444231e-05,0.0324050927680387,1,0,0.202577323570193,64.62
"28073",0.000213821416353062,0.20214381124161,1,0,0.237411967295469,77.66
"28075",0.00234542782864248,2.21733504697709,1,1,0.26420872189736,83.87
"28077",0,0,0,0,0.125972128201161,22.11
"28079",0,0,0,0,0.11418760766025,15.78
"28081",0.000386276644309443,0.365180599802029,1,0,0.256141412331004,82.15
"28083",7.01803635342831e-05,0.0663475455410739,1,0,0.178008891979811,51.64
"28085",0,0,0,0,0.201053858896019,63.89
"28087",0.000767639009411922,0.725715307974752,1,0,0.242897661263513,79.06
"28089",0.000439515361061869,0.415511746669834,1,0,0.246762238756307,79.92
"28091",0,0,0,0,0.170861765079953,48.2
"28093",0.00114530045048484,1.08275121372997,1,1,0.167703499621368,46.55
"28095",0.000190639595844057,0.180228038588268,1,0,0.182085577476096,54.25
"28097",0,0,0,0,0.132806735454917,26.25
"28099",0,0,0,0,0.131733102054491,25.55
"28101",0,0,0,0,0.127216714098889,22.81
"28103",0,0,0,0,0.143681353840937,32.45
"28105",0,0,0,0,0.135949018478108,28.13
"28107",0.000165398610651671,0.156365560108297,1,0,0.185339994382277,55.87
"28109",0.000212449543233482,0.200846861358564,1,0,0.231291250240421,75.5
"28111",0.000381825124093165,0.36097219412553,1,0,0.126259882254665,22.46
"28113",0.000608494584398199,0.575262368513303,1,0,0.196093979219927,61.6
"28115",0,0,0,0,0.131964838796206,25.74
"28117",0,0,0,0,0.166361921403823,45.98
"28119",0,0,0,0,0.109020682013468,13.11
"28121",0.00217124893435635,2.05266872809578,1,1,0.323388793510334,94.18
"28123",0,0,0,0,0.0926278999745812,6.78
"28125",0,0,0,0,0.107269892640305,12.41
"28127",0,0,0,0,0.151191120615638,36.88
"28129",0,0,0,0,0.107818939026997,12.6
"28131",0,0,0,0,0.147958195990491,35.25
"28133",0.000103434009102193,0.0977850823763717,1,0,0.113186077353562,15.34
"28135",0,0,0,0,0.0952953154360854,7.57
"28137",0,0,0,0,0.160949843700161,42.35
"28139",0.000607681088964511,0.574493301175718,1,0,0.134201823254431,26.95
"28141",0,0,0,0,0.156256029551112,40.25
"28143",0.000152485513876182,0.144157696922044,1,0,0.0730649714983202,2.32
"28145",7.33299112708074e-05,0.0693250844331423,1,0,0.144574895190747,33.18
"28147",0,0,0,0,0.154250895587402,38.59
"28149",0.000434027777777778,0.410323861291129,1,0,0.166235519013535,45.85
"28151",0.0013004669858722,1.22944351132735,1,1,0.224705338430162,73.27
"28153",0,0,0,0,0.15754452120464,40.79
"28155",0.000386697602474865,0.365578567832468,1,0,0.138307018584985,29.62
"28157",0.000554323725055432,0.524049986926143,1,0,0.110364123717969,13.87
"28159",0.00168321831341525,1.59129132539095,1,1,0.155314523766188,39.33
"28161",0.000313381385145722,0.296266429462476,1,0,0.115474125615329,16.45
"28163",0,0,0,0,0.134250953783085,27.08
"29001",0,0,0,0,0.17654893179409,50.84
"29003",0,0,0,0,0.188602375657335,57.33
"29005",0,0,0,0,0.106928693152374,12.31
"29007",0,0,0,0,0.202686018866726,64.75
"29009",0,0,0,0,0.184006001731495,55.07
"29011",0.000226039783001808,0.213694886169702,1,0,0.148460828621559,35.51
"29013",0,0,0,0,0.189860854823747,58.29
"29015",0,0,0,0,0.176491734399323,50.75
"29017",0,0,0,0,0.160378642664193,42.09
"29019",0.00120082966413158,1.13524776469878,1,1,0.246970811412595,80.05
"29021",0.00148283566930733,1.40185234365788,1,1,0.254673483213243,81.74
"29023",0.000942928039702233,0.891431134088361,1,0,0.234368572762092,76.74
"29025",0,0,0,0,0.142271884948669,32.07
"29027",0,0,0,0,0.193546126015103,60.23
"29029",5.01303388810908e-05,0.0473925293971707,1,0,0.243631636525318,79.22
"29031",0.00475235437739798,4.49281013381623,1,1,0.304215344161228,91.63
"29033",0,0,0,0,0.121360499038288,19.92
"29035",0,0,0,0,0.126106325365675,22.34
"29037",0.000362976406533575,0.343152877101547,1,0,0.258658858376608,82.69
"29039",0,0,0,0,0.168224492782139,46.77
"29041",0,0,0,0,0.142802590946527,32.2
"29043",0.00141076886903362,1.33372138690067,1,1,0.324519656447759,94.3
"29045",0,0,0,0,0.12790072844324,23.1
"29047",0.0035380031736779,3.34477929250665,1,1,0.311796370366703,92.68
"29049",0.000555247084952804,0.524922918608974,1,0,0.177232248941076,51.16
"29051",3.43247464259358e-05,0.0324501407800217,1,0,0.189492906685166,58
"29053",0,0,0,0,0.175632981674844,50.56
"29055",0.000514734268433921,0.486622661904394,1,0,0.184570081998744,55.42
"29057",0,0,0,0,0.111884946673516,14.64
"29059",0.000278086763070078,0.262899381650379,1,0,0.177775942748735,51.51
"29061",0,0,0,0,0.162244599323621,43.27
"29063",0.000331895121141719,0.313769059546884,1,0,0.1298860256271,24.28
"29065",0,0,0,0,0.155210190027538,39.23
"29067",0,0,0,0,0.157975221457937,41.14
"29069",0.00133092499287004,1.25823809010426,1,1,0.16020149764401,41.97
"29071",0.00162855397977879,1.53961242002811,1,1,0.328432217521766,95.07
"29073",0.00102006120367222,0.96435176104872,1,0,0.180114629076622,53.04
"29075",0.00113550340651022,1.07348922378663,1,1,0.130667343472108,24.82
"29077",0.0105176008831105,9.94319448394037,1,1,0.336830704503917,95.99
"29079",0,0,0,0,0.152010145691204,37.45
"29081",0.000987491770901909,0.933561069533998,1,0,0.132621554143658,26.12
"29083",0,0,0,0,0.179430769671049,52.53
"29085",0,0,0,0,0.149338288211157,36.05
"29087",0,0,0,0,0.108697714427872,13.01
"29089",0,0,0,0,0.131215487846312,25.39
"29091",0.000171959188352631,0.16256783957608,1,0,0.263749986512981,83.68
"29093",0.00148441365660564,1.40334415103626,1,1,0.143717293115379,32.52
"29095",0.00127074515349264,1.20134490185799,1,1,0.33717401556226,96.02
"29097",0.000922112251798119,0.87175217595263,1,0,0.325734251684263,94.62
"29099",0.00155765906095411,1.47258934379321,1,1,0.335552815331463,95.83
"29101",8.8171758585725e-05,0.083356361717124,1,0,0.144745061936037,33.47
"29103",0.00238095238095238,2.2509194676542,1,1,0.140510810977119,30.89
"29105",0.00167904423635777,1.58734521064151,1,1,0.215685144504729,69.87
"29107",0.000190730497806599,0.180313976047065,1,0,0.204648505495409,65.48
"29109",0.000177446544228551,0.167755509966243,1,0,0.219802843476355,71.27
"29111",0.000338868180277872,0.320361293261526,1,0,0.13064730207037,24.75
"29113",0,0,0,0,0.235493290005154,77.16
"29115",0.000629194630872483,0.594831906301234,1,0,0.134919154479734,27.33
"29117",0.000430725053840632,0.407201511736437,1,0,0.203766685972866,65.22
"29119",0.000288475407471513,0.272720662459184,1,0,0.150510771384787,36.56
"29121",0,0,0,0,0.168122918732869,46.74
"29123",0.00298713235294118,2.82399363359189,1,1,0.152994018906723,37.89
"29125",0.0010851871947911,1.02592097277782,1,1,0.164136975127603,44.7
"29127",0,0,0,0,0.205235093030791,65.67
"29129",0.000931966449207828,0.881068197963431,1,0,0.100211560151823,9.45
"29131",0.000865800865800866,0.818516170056071,1,0,0.190452563277356,58.61
"29133",0.00204029584289722,1.92886748567154,1,1,0.12100607154999,19.63
"29135",0,0,0,0,0.163940354742329,44.54
"29137",0.000818330605564648,0.773638442237939,1,0,0.140396321551977,30.8
"29139",0.00106072659771944,1.00279626243942,1,1,0.16363545039132,44.16
"29141",0.000501420691960555,0.474036190747833,1,0,0.223925929879258,72.99
"29143",0.000841143955779861,0.79520586816911,1,0,0.117166461755516,17.44
"29145",0.00506089532587228,4.78450048136174,1,1,0.211424671758106,68.31
"29147",0,0,0,0,0.157080101777681,40.66
"29149",0.000312695434646654,0.295617941342952,1,0,0.130950603164712,25.1
"29151",0,0,0,0,0.139822457548042,30.48
"29153",0,0,0,0,0.169602366988692,47.47
"29155",0,0,0,0,0.120538248668178,19.31
"29157",0.00368167657887284,3.48060614369638,1,1,0.178335493044924,51.83
"29159",0,0,0,0,0.230339799910051,75.34
"29161",0,0,0,0,0.211173764842947,68.22
"29163",0.00534675263406196,5.05474602895139,1,1,0.164549812465513,44.89
"29165",0.00198578401351075,1.87733275571849,1,1,0.291471513384883,89.56
"29167",8.65650969529086e-05,0.0818374460192834,1,0,0.227297944262722,74.26
"29169",0,0,0,0,0.0998494401428287,9.26
"29171",0,0,0,0,0.110857152834615,14.19
"29173",0,0,0,0,0.144415062881151,32.96
"29175",0,0,0,0,0.186345294517887,56.38
"29177",0,0,0,0,0.148900913742144,35.79
"29179",0,0,0,0,0.111874967201518,14.6
"29181",0.00261475886112725,2.47195688196771,1,1,0.152181658154355,37.48
"29183",0.000220883423251294,0.208820134940944,1,0,0.325636773694787,94.56
"29185",0.000456829602558246,0.431880391235615,1,0,0.145282200115994,33.95
"29186",0,0,0,0,0.161712708318132,42.83
"29187",0.00133291516387016,1.26011957025646,1,1,0.240238671951927,78.36
"29189",0.00117881966678697,1.11443981746626,1,1,0.341533148987171,96.37
"29195",0,0,0,0,0.147011004945118,34.81
"29197",0.000945179584120983,0.893559713057431,1,0,0.125979209748453,22.14
"29199",0,0,0,0,0.155954297877967,40.03
"29201",0.00143203348755232,1.35382466329499,1,1,0.233200206581624,76.39
"29203",0.000978952520802741,0.925488180533296,1,0,0.134163686705094,26.92
"29205",0,0,0,0,0.111683289880856,14.54
"29207",0.00163202198934891,1.54289102833538,1,1,0.175628124067354,50.52
"29209",0.00011101243339254,0.104949619939472,1,0,0.200339319661639,63.63
"29211",0.000379939209726444,0.359189276753329,1,0,0.0843041399270566,4.71
"29213",0.000252071714402748,0.238305114261527,1,0,0.199883910529523,63.35
"29215",0.000282445982205903,0.267020527161351,1,0,0.179339287663343,52.5
"29217",0,0,0,0,0.186818032357011,56.51
"29219",0.000300390507659958,0.283985033467937,1,0,0.221406698496332,71.84
"29221",0.00191337623934597,1.80887944695815,1,1,0.189818972227588,58.22
"29223",0,0,0,0,0.131962244039136,25.71
"29225",0.00544243220418504,5.14520017191106,1,1,0.227662600908142,74.36
"29227",0,0,0,0,0.117627472078925,17.72
"29229",0,0,0,0,0.198724403854522,62.81
"29510",0.000265419196443383,0.250923639272688,1,0,0.222996018343177,72.67
"30001",0,0,0,0,0.160259022871316,42.06
"30003",0,0,0,0,0.0956023073946326,7.76
"30005",0,0,0,0,0.119639432811943,18.84
"30007",0,0,0,0,0.171222150538626,48.49
"30009",0.00149775336994508,1.41595533162471,1,1,0.226705205970126,74.16
"30011",0,0,0,0,0.0834628734492673,4.49
"30013",0.000611274620783337,0.577890576481743,1,0,0.289433326689202,89.18
"30015",0,0,0,0,0.11647843038531,16.99
"30017",0.00202618453865337,1.91552685370821,1,1,0.198370373112293,62.49
"30019",0,0,0,0,0.0880634001361515,5.6
"30021",0.00124409056979348,1.17614602689072,1,1,0.206431696225269,66.08
"30023",0,0,0,0,0.150434140391094,36.53
"30025",0,0,0,0,0.134450705983108,27.14
"30027",0,0,0,0,0.217935923456409,70.51
"30029",1.66397657120988e-05,0.0157310044829985,1,0,0.359222572315256,97.77
"30031",8.108796886222e-05,0.0766594448358934,1,0,0.356769296093432,97.61
"30033",0,0,0,0,0.0836795690477478,4.52
"30035",0,0,0,0,0.109930266141163,13.52
"30037",0,0,0,0,0.0954133613923184,7.64
"30039",0,0,0,0,0.131891492811434,25.64
"30041",0,0,0,0,0.178687116701368,52.02
"30043",0,0,0,0,0.199578121314622,63.19
"30045",0,0,0,0,0.0972307954925582,8.3
"30047",0.000655630224553352,0.619823751132445,1,0,0.221944329777006,72.16
"30049",0,0,0,0,0.269990221984859,85.08
"30051",0,0,0,0,0.0877299365352043,5.47
"30053",0.000522534291312867,0.493996695709869,1,0,0.252111835929435,81.2
"30055",0,0,0,0,0.105263713291996,11.64
"30057",0.000484613520717228,0.458146923389756,1,0,0.185129417256025,55.71
"30059",0,0,0,0,0.0984872048509794,8.88
"30061",0,0,0,0,0.124212857321509,21.19
"30063",0.000919154377972266,0.868955842926089,1,0,0.376141641723937,98.79
"30065",0,0,0,0,0.128877775575574,23.77
"30067",0,0,0,0,0.237181707297018,77.57
"30069",0,0,0,0,0.0594054804460381,1.05
"30071",0.00133511348464619,1.26219783232945,1,1,0.153104627646606,38.02
"30073",0.00613496932515337,5.7999151927286,1,1,0.158913651056659,41.39
"30075",0,0,0,0,0.101984152743054,10.28
"30077",0,0,0,0,0.128358341833944,23.45
"30079",0,0,0,0,0.0800265893091846,3.72
"30081",0.0022436616558223,2.12112671396626,1,1,0.321676530177049,93.99
"30083",0,0,0,0,0.202209473647008,64.4
"30085",0,0,0,0,0.116335539377605,16.89
"30087",0,0,0,0,0.0876858693558113,5.41
"30089",0.00119703136222169,1.13165690257932,1,1,0.2110055469241,68.15
"30091",0,0,0,0,0.144819349980887,33.5
"30093",0.001038194634173,0.981494855575131,1,0,0.267473214103282,84.76
"30095",0,0,0,0,0.144527809862864,33.09
"30097",0,0,0,0,0.151963098372515,37.42
"30099",0,0,0,0,0.154956381175038,39.07
"30101",0,0,0,0,0.111900612273514,14.67
"30103",0,0,0,0,0.0763918959673899,2.83
"30105",0.0005616399887672,0.530966681502253,1,0,0.155834721134019,39.83
"30107",0,0,0,0,0.0754837487374675,2.67
"30109",0,0,0,0,0.112273531054509,14.92
"30111",0.00259551813286192,2.45376696344151,1,1,0.407114996223052,99.71
"31001",0.000777043902980518,0.734606564345155,1,0,0.22932227700023,74.99
"31003",0,0,0,0,0.106498503440145,12.25
"31005",0,0,0,0,0.0473458400344004,0.54
"31007",0,0,0,0,0.0792540745902387,3.4
"31009",0,0,0,0,0.0564235268287206,0.86
"31011",0,0,0,0,0.112049098159902,14.73
"31013",0,0,0,0,0.122000659507676,20.14
"31015",0,0,0,0,0.0853409710479951,4.87
"31017",0,0,0,0,0.102386651084312,10.56
"31019",0.000125608415763856,0.118748459904508,1,0,0.263982375100948,83.74
"31021",0,0,0,0,0.11946652791961,18.74
"31023",0,0,0,0,0.0982761190686839,8.75
"31025",0,0,0,0,0.207645092279334,66.72
"31027",0,0,0,0,0.129239491582472,24.05
"31029",0,0,0,0,0.112206781947219,14.83
"31031",0,0,0,0,0.127253956729289,22.88
"31033",0.00108061378863194,1.02159733781582,1,1,0.15318323938727,38.05
"31035",0.00109210047324354,1.03245669066046,1,1,0.106158306219412,12.03
"31037",0,0,0,0,0.0945899898693771,7.38
"31039",0,0,0,0,0.138516753601747,29.75
"31041",0,0,0,0,0.130704202042402,24.98
"31043",0,0,0,0,0.126031194983312,22.27
"31045",0,0,0,0,0.133084356919221,26.38
"31047",0,0,0,0,0.141643624250107,31.78
"31049",0,0,0,0,0.0727306323248694,2.26
"31051",0,0,0,0,0.0977010408607226,8.56
"31053",0.00177833317312314,1.68121159893041,1,1,0.236738044051079,77.47
"31055",0.000891078178310263,0.842412991879371,1,0,0.305557784010285,91.76
"31057",0,0,0,0,0.0791234887186575,3.34
"31059",0,0,0,0,0.118522028763649,18.04
"31061",0,0,0,0,0.0922841961512841,6.65
"31063",0,0,0,0,0.0651572476629528,1.62
"31065",0,0,0,0,0.08959741991979,6.08
"31067",0.000301598471901076,0.285127026163093,1,0,0.199999682749731,63.51
"31069",0,0,0,0,0.0762247085556991,2.8
"31071",0,0,0,0,0.111767642664472,14.57
"31073",0,0,0,0,0.0772114738273611,3.02
"31075",0,0,0,0,0.0715100710076114,2.1
"31077",0,0,0,0,0.0952948547910003,7.54
"31079",0.00106366813554171,1.005577151634,1,1,0.264555257638963,84.09
"31081",0.0021128248468202,1.99743540336945,1,1,0.165276180249391,45.18
"31083",0,0,0,0,0.0915519798625845,6.46
"31085",0,0,0,0,0.105295645251265,11.68
"31087",0,0,0,0,0.0878244918006596,5.54
"31089",0,0,0,0,0.160735543710032,42.32
"31091",0,0,0,0,0.0890789364993662,5.92
"31093",0.000490196078431373,0.463424596281746,1,0,0.135130192681669,27.39
"31095",0,0,0,0,0.123663611761524,21
"31097",0.000625782227784731,0.591605867593718,1,0,0.0877740278342135,5.5
"31099",0,0,0,0,0.11534583262825,16.32
"31101",0,0,0,0,0.169052730065329,47.22
"31103",0,0,0,0,0.0924654193431047,6.71
"31105",0,0,0,0,0.0803846448564037,3.82
"31107",0,0,0,0,0.131126890173218,25.29
"31109",0.000913984467313694,0.864068280856176,1,0,0.298969010474517,90.68
"31111",0.000774250635991594,0.73196584834679,1,0,0.228571436373861,74.74
"31113",0,0,0,0,0.0708396410428415,1.97
"31115",0,0,0,0,0.0722772337363491,2.2
"31117",0,0,0,0,0.0444795825249496,0.38
"31119",0.0019588638589618,1.85188281374096,1,1,0.279062863129622,87.21
"31121",0,0,0,0,0.153042268449449,37.96
"31123",0,0,0,0,0.0927712194836284,6.81
"31125",0,0,0,0,0.0831376137557499,4.42
"31127",0,0,0,0,0.0895737098673067,6.05
"31129",0,0,0,0,0.109526686685421,13.43
"31131",0,0,0,0,0.155817043132226,39.8
"31133",0,0,0,0,0.110358425315283,13.84
"31135",0,0,0,0,0.0895575321746588,6.01
"31137",0,0,0,0,0.124659592783807,21.44
"31139",0,0,0,0,0.150578853390784,36.65
"31141",0.000306225119209064,0.289500994571212,1,0,0.207545014498306,66.62
"31143",0.00148001973359645,1.39919019696314,1,1,0.116885188985502,17.28
"31145",0.000836260244187991,0.79058887474056,1,0,0.161417926659472,42.63
"31147",0.00175377060680463,1.65799048827563,1,1,0.149166576268843,35.92
"31149",0,0,0,0,0.0771991013559489,2.99
"31151",0,0,0,0,0.121110463590372,19.76
"31153",0.000571624556990968,0.540405954278474,1,0,0.252281147202498,81.29
"31155",0,0,0,0,0.196087540918007,61.57
"31157",0.00168560709042466,1.59354964215419,1,1,0.250825253038683,80.81
"31159",0.00145464162919862,1.37519808788183,1,1,0.175447162616555,50.4
"31161",0.000872219799389446,0.824584541138039,1,0,0.107543693664075,12.5
"31163",0,0,0,0,0.0974511677074044,8.5
"31165",0,0,0,0,0.100410026759357,9.51
"31167",0,0,0,0,0.0952870688890411,7.51
"31169",0,0,0,0,0.101237436833562,9.86
"31171",0,0,0,0,0.110235692538298,13.78
"31173",0,0,0,0,0.0726436137331649,2.23
"31175",0,0,0,0,0.120684421038217,19.44
"31177",0,0,0,0,0.181696910647915,54.02
"31179",0,0,0,0,0.101281189576961,9.9
"31181",0,0,0,0,0.0907808038006482,6.36
"31183",0,0,0,0,0.0465558460061794,0.48
"31185",0.000111445447453472,0.10535898544687,1,0,0.177733474531215,51.45
"32001",8.9461442118447e-05,0.0845756107009091,1,0,0.166295398565682,45.94
"32003",0.000438211744872963,0.414279325945491,1,0,0.290279496053965,89.41
"32005",0.000212621194080626,0.201009137696624,1,0,0.223715757209556,72.92
"32007",0.000207425845260319,0.196097526740253,1,0,0.225497047905961,73.53
"32009",0,0,0,0,0.0778027636178931,3.15
"32011",0,0,0,0,0.0135952875004636,0.03
"32013",0,0,0,0,0.139430108937508,30.19
"32015",0,0,0,0,0.0595570983248897,1.08
"32017",0,0,0,0,0.103984000875525,11.17
"32019",0.00173221274138705,1.63760998031684,1,1,0.231976961727944,76.01
"32021",0,0,0,0,0.0844998386178948,4.74
"32023",6.48676699532953e-05,0.0613249984700805,1,0,0.199402280800598,63.06
"32027",0,0,0,0,0.0587039734702027,0.95
"32029",0,0,0,0,0.0852792044114283,4.84
"32031",0.000995137396811037,0.940789138578526,1,0,0.372253973453262,98.63
"32033",0,0,0,0,0.105897195479028,11.96
"32510",0.00337434912877796,3.19006302074388,1,1,0.240107674317358,78.3
"33001",6.70780788838208e-05,0.0634146885172231,1,0,0.283692842849274,88.29
"33003",8.47529451648445e-05,0.0801242627692823,1,0,0.290665097320319,89.44
"33005",0.000393114873782046,0.37164536741658,1,0,0.283147453167844,88.07
"33007",0,0,0,0,0.209544490327209,67.52
"33009",0.000251497194234427,0.237761970836325,1,0,0.195919412642059,61.41
"33011",0.000668593172272678,0.632078742711883,1,0,0.348534512780599,96.82
"33013",0.000716663584242648,0.677523845682856,1,0,0.319920940442132,93.6
"33015",0.000982699910871403,0.929030911301843,1,0,0.373351517294187,98.66
"33017",9.20895110046966e-05,0.0870601506966352,1,0,0.27549440137547,86.51
"33019",0.000613459296975646,0.579955939153894,1,0,0.237801844949143,77.79
"34001",0.00037408130033594,0.353651290192856,1,0,0.221413293405601,71.87
"34003",0.00162344615196353,1.53478355022006,1,1,0.376394783878592,98.82
"34005",0.00125408640867913,1.18559595479488,1,1,0.312947823165941,92.84
"34007",0.00191565842539015,1.81103699409631,1,1,0.358810112078134,97.71
"34009",0.000441426859773401,0.417318851127951,1,0,0.229651764404061,75.09
"34011",0.000941546915276213,0.890125438148093,1,0,0.251988201673652,81.13
"34013",0.000547583223858553,0.517677610272506,1,0,0.270738144804491,85.24
"34015",0.00159167925829214,1.50475156807549,1,1,0.332199791199086,95.55
"34017",0.000227110505483097,0.214707132402288,1,0,0.24506099381298,79.73
"34019",0.00130681818181818,1.23544784417838,1,1,0.307704170476893,92.11
"34021",0.000630215727691402,0.595797237118621,1,0,0.185663657688563,56.06
"34023",0.00167363124680198,1.58222784514239,1,1,0.321682467736505,94.02
"34025",0.000808249357963212,0.764107770114527,1,0,0.339854334953402,96.18
"34027",0.000760584546026099,0.719046115807771,1,0,0.274606331623032,86.29
"34029",0.000864671910185095,0.817448871023136,1,0,0.345168288936956,96.69
"34031",0.000798574851035076,0.754961625001038,1,0,0.425136151207916,99.87
"34033",8.45415733186795e-05,0.0799244347478346,1,0,0.199399875715142,63.03
"34035",0.000553001596491566,0.52280006485842,1,0,0.252010290008211,81.16
"34037",0.000269040199089747,0.254346885119322,1,0,0.306657742252191,91.85
"34039",0.000818775174426275,0.774058731494186,1,0,0.363763859801727,98.22
"34041",0.000401434459133972,0.379510588401794,1,0,0.297608995851729,90.42
"35001",0.00104919591795598,0.99189531718638,1,0,0.303760756156415,91.6
"35003",0,0,0,0,0.117006018669332,17.34
"35005",0.000281678805681864,0.266295249080654,1,0,0.232300381417085,76.17
"35006",0,0,0,0,0.118976344250725,18.33
"35007",0,0,0,0,0.133274659452359,26.5
"35009",3.74489757705127e-05,0.035403744014334,1,0,0.174004359269497,49.6
"35011",0,0,0,0,0.102043136963657,10.31
"35013",0.000257375414213557,0.24331915874652,1,0,0.254261972408515,81.58
"35015",8.60609885538885e-05,0.0813608689074353,1,0,0.207709613051318,66.82
"35017",0,0,0,0,0.162505119328289,43.56
"35019",0,0,0,0,0.0711639629434828,2.04
"35021",0,0,0,0,0.0601307700114757,1.15
"35023",0.00190961171228517,1.80532051511412,1,1,0.120837640991238,19.57
"35025",0.000482586664521837,0.456230761561053,1,0,0.158923773517383,41.43
"35027",0.000248323814253787,0.234761901270117,1,0,0.222645082903113,72.57
"35028",0,0,0,0,0.0320967786238672,0.16
"35029",0,0,0,0,0.149322910826571,36.02
"35031",0,0,0,0,0.183704716988919,54.98
"35033",0.00565610859728507,5.34720688017399,1,1,0.125873118221577,22.05
"35035",0,0,0,0,0.152858895500274,37.8
"35037",0.000335345405767941,0.31703091093721,1,0,0.132914319622089,26.28
"35039",0,0,0,0,0.149740958663923,36.21
"35041",0,0,0,0,0.1269431151971,22.72
"35043",0.000214148047683632,0.202452603986315,1,0,0.232314366462225,76.23
"35045",0.000448552929245651,0.424055738699187,1,0,0.25366954970055,81.45
"35047",0,0,0,0,0.145703371834663,34.2
"35049",0.000176275966805879,0.166648862252426,1,0,0.262586321647402,83.52
"35051",0,0,0,0,0.119329553333084,18.64
"35053",0,0,0,0,0.103284967732987,10.85
"35055",0,0,0,0,0.227578722978164,74.29
"35057",0,0,0,0,0.161743131876273,42.89
"35059",0,0,0,0,0.120181485840241,19.06
"35061",9.64785335262904e-05,0.0912094719165231,1,0,0.207089799105357,66.37
"36001",0.00124342890910658,1.17552050202385,1,1,0.244301146198828,79.32
"36003",0.000191119322163471,0.180681565219105,1,0,0.175503743826507,50.43
"36005",0.00039000647410747,0.368706729333464,1,0,0.181135540214179,53.74
"36007",0.001714304922184,1.62068017559254,1,1,0.285002305015818,88.58
"36009",6.75242243154732e-05,0.0638364682409779,1,0,0.213218380832543,69.11
"36011",3.67295967090281e-05,0.0347236529940043,1,0,0.227773183936587,74.48
"36013",0.0015230334078367,1.43985472998668,1,1,0.269251737554896,84.98
"36015",0.0012423763270838,1.17452540552997,1,1,0.289514808712162,89.21
"36017",5.37230041903943e-05,0.0507889855170711,1,0,0.170963476864157,48.27
"36019",0.000287075845438365,0.271397535860011,1,0,0.214045721670718,69.36
"36021",0,0,0,0,0.246365933923078,79.86
"36023",0.0010645659232448,1.00642590771785,1,1,0.202237223030876,64.43
"36025",6.1755079355277e-05,0.0583823983458755,1,0,0.206810992210788,66.27
"36027",0.000509424350483953,0.481602738876598,1,0,0.257866184993943,82.44
"36029",0.00125331581124821,1.18486744263611,1,1,0.348621158684483,96.85
"36031",0,0,0,0,0.196124995504508,61.63
"36033",0,0,0,0,0.136399260585156,28.38
"36035",5.72180580191108e-05,0.0540931610925652,1,0,0.201905665490678,64.24
"36037",0.00266985455269974,2.52404358716035,1,1,0.242032726912864,78.81
"36039",0.00118166552646309,1.11713025386408,1,1,0.22705399327619,74.2
"36041",0,0,0,0,0.13744743489191,29.05
"36043",0.00377091680414801,3.56497261905166,1,1,0.229821489340769,75.15
"36045",0.000235833164881073,0.222953414018709,1,0,0.175827731938222,50.68
"36047",0.000229135048746324,0.216621107616898,1,0,0.221081166231747,71.71
"36049",0,0,0,0,0.155369066350717,39.42
"36051",0.00118699780861943,1.12217131970342,1,1,0.229009774783781,74.93
"36053",0.00186106903267691,1.75942893684634,1,1,0.219175881458248,70.95
"36055",0.000564090816158123,0.53328365983841,1,0,0.290854583525364,89.47
"36057",0,0,0,0,0.178391555606244,51.86
"36059",0.000830941446613088,0.785560557038099,1,0,0.321176810815096,93.89
"36061",1.52030904842336e-05,0.0143727915825773,1,0,0.183495065335069,54.88
"36063",0.00124727159338946,1.17915332262521,1,1,0.315759900482185,93.19
"36065",0.000350925797663573,0.331760398058466,1,0,0.266708391487167,84.51
"36067",0.0013976187598211,1.32128945543282,1,1,0.327721798093655,94.97
"36069",0.000773275595422209,0.73104405847105,1,0,0.27175421275681,85.56
"36071",0.000893296837958244,0.844510482040741,1,0,0.341922989158151,96.4
"36073",0.0100978716793537,9.54638829687114,1,1,0.170584358286521,47.95
"36075",0.000283414578845936,0.267936225035359,1,0,0.247574336933536,80.21
"36077",3.96510705789056e-05,0.0374855740053434,1,0,0.198166838859502,62.42
"36079",0.00035272237542487,0.33345885783885,1,0,0.287726283881817,89.02
"36081",0.00175217180717597,1.65647900520783,1,1,0.254379991754304,81.64
"36083",0.000483496647756576,0.457091047131944,1,0,0.244926138654588,79.67
"36085",0.000206162984724611,0.194903635847055,1,0,0.224404392523357,73.18
"36087",0.00128569097732093,1.2154744771004,1,1,0.260910816842889,83.11
"36089",7.90722192936215e-05,0.0747537830586264,1,0,0.196731927528821,61.85
"36091",0.00131514710717453,1.24332189507466,1,1,0.32820297419393,95.04
"36093",0.000494923047448752,0.467893407447117,1,0,0.23103313342001,75.47
"36095",0,0,0,0,0.160712039387136,42.28
"36097",0,0,0,0,0.140690084251054,30.99
"36099",8.82145377558222e-05,0.0833968045531724,1,0,0.180966705268087,53.58
"36101",0.000399052914416452,0.377259108947336,1,0,0.19105394504507,58.96
"36103",0.00144977479357199,1.37059704875753,1,1,0.401498765974916,99.65
"36105",2.94542134252305e-05,0.027845606209383,1,0,0.181089103717986,53.71
"36107",0,0,0,0,0.179785942757344,52.85
"36109",0.00103616205574552,0.979573284027315,1,0,0.174915689313567,50.08
"36111",0.000753267853186618,0.712129015540253,1,0,0.329877962688395,95.2
"36113",0.00053395713087035,0.504795690322917,1,0,0.226277349151127,74.07
"36115",0.000240139280782854,0.227024356466293,1,0,0.203831720203551,65.29
"36117",0.000573650328255466,0.542321090428508,1,0,0.223415666942512,72.76
"36119",0.000538799854649341,0.50937393443977,1,0,0.300723307980356,91.09
"36121",7.07463742483198e-05,0.0668826442458268,1,0,0.182372103845075,54.34
"36123",0.00298222593343672,2.81935517241668,1,1,0.213099008262004,68.98
"37001",0.0008110300081103,0.76673655832503,1,0,0.276258159543454,86.7
"37003",0.000195255296299912,0.184591657993705,1,0,0.206619804634177,66.18
"37005",0.000228050171037628,0.215595479227996,1,0,0.148216586629493,35.38
"37007",0.00012868356710848,0.121655665476099,1,0,0.13953089515286,30.29
"37009",0.000111234705228031,0.105159752660151,1,0,0.201992386449903,64.27
"37011",0,0,0,0,0.164024351150617,44.61
"37013",0.000598769800228621,0.566068691990767,1,0,0.224383360341105,73.11
"37015",0.000162100826714216,0.153247880761025,1,0,0.120625896292535,19.34
"37017",0.000582561978121561,0.550746041020963,1,0,0.120505814499436,19.28
"37019",0.000144526572242639,0.136633423522801,1,0,0.288227303563185,89.12
"37021",0.000619388826225575,0.585561634139424,1,0,0.335870761090276,95.9
"37023",6.06409751068797e-05,0.0573291395903558,1,0,0.187069431289445,56.73
"37025",0.00174684087403336,1.65143921470742,1,1,0.309726300816966,92.4
"37027",0.000418818930615664,0.395945627424862,1,0,0.225007705766164,73.34
"37029",0,0,0,0,0.175225139552514,50.24
"37031",3.42289919561869e-05,0.0323596158279912,1,0,0.263793073019513,83.71
"37033",0,0,0,0,0.165390783234784,45.28
"37035",0.00331707317073171,3.13591512176604,1,1,0.29213818362644,89.66
"37037",0.000263968323801144,0.249552004332977,1,0,0.242953055208237,79.13
"37039",0,0,0,0,0.221645161882914,72.03
"37041",0,0,0,0,0.148373350610645,35.48
"37043",0,0,0,0,0.176811414788805,51.03
"37045",0.00133686590019688,1.26385454176641,1,1,0.239275588411799,78.05
"37047",0,0,0,0,0.186926217533534,56.57
"37049",0.000277447483154974,0.26229501525578,1,0,0.205544949078127,65.8
"37051",9.06473285699051e-05,0.0856967313589152,1,0,0.135664992883177,27.94
"37053",0,0,0,0,0.222257603669166,72.38
"37055",0,0,0,0,0.208530927696315,67.01
"37057",0.00048392800640274,0.457498847633104,1,0,0.305548088808871,91.73
"37059",0.000190912562046583,0.180486097062765,1,0,0.190021222322175,58.48
"37061",0.000128921357971637,0.121880469671005,1,0,0.155866056988559,39.9
"37063",0.000160394335341523,0.151634587407109,1,0,0.149133422332678,35.89
"37065",0.000913294137793253,0.86341565287038,1,0,0.162254119158747,43.33
"37067",0.000423922259179547,0.40077024370286,1,0,0.273073737780927,85.94
"37069",0.00141467727674624,1.33741634152398,1,1,0.260732553449309,83.01
"37071",0.00058700395397003,0.554945423584073,1,0,0.275854806148322,86.61
"37073",0,0,0,0,0.139684806483227,30.38
"37075",0.000392003136025088,0.370594345909354,1,0,0.157232875032454,40.73
"37077",0.000131636682755595,0.124447500186235,1,0,0.150847117769368,36.78
"37079",0.000370164723301869,0.349948612405983,1,0,0.135207564827277,27.52
"37081",0.00336141859418424,3.17783867208532,1,1,0.366175948470937,98.47
"37083",0.00417254348848143,3.94466493449977,1,1,0.220628909615115,71.59
"37085",0.000149391974663121,0.141233107713819,1,0,0.238618689528596,77.89
"37087",0.000429409800085882,0.405958089018219,1,0,0.267337176534622,84.66
"37089",0.00309707454678161,2.92793146385334,1,1,0.300197675761837,90.93
"37091",0,0,0,0,0.166656208874617,46.1
"37093",0,0,0,0,0.180923429727949,53.48
"37095",0,0,0,0,0.136707641632226,28.54
"37097",0.00183162308286439,1.73159114294219,1,1,0.361400274623924,98.09
"37099",0,0,0,0,0.16443174741936,44.83
"37101",0.000196083923919438,0.1853750310906,1,0,0.295792432546141,90.2
"37103",0.00132684652808492,1.2543823658754,1,1,0.168866651836689,47.15
"37105",0.000741576656456553,0.701076319765904,1,0,0.208644720517698,67.04
"37107",0.00151057401812689,1.42807579518846,1,1,0.177414239878854,51.22
"37109",0.00102663016426083,0.970561965582601,1,0,0.281675220312608,87.69
"37111",0.000115580212667591,0.109267935323019,1,0,0.18216175132196,54.28
"37113",6.96427327808343e-05,0.065839276858748,1,0,0.232305383234568,76.2
"37115",0,0,0,0,0.188899253013449,57.59
"37117",0,0,0,0,0.191945101704714,59.43
"37119",0.00084414018292796,0.798038459896322,1,0,0.331340580348286,95.35
"37121",0.000170386777986028,0.161081304551842,1,0,0.149616111467521,36.18
"37123",0,0,0,0,0.145664244394396,34.17
"37125",0.000197437697437697,0.186654869860759,1,0,0.253233268029923,81.39
"37127",8.99725583696972e-05,0.085058812939382,1,0,0.237553847812931,77.76
"37129",0.000269478455542965,0.254761206711919,1,0,0.331079521094455,95.32
"37131",0.00136518771331058,1.2906295923751,1,1,0.143082147228358,32.26
"37133",0.000100499482427665,0.0950108214239532,1,0,0.123788324649073,21.06
"37135",0.000118956213299305,0.112459559651808,1,0,0.132147929643465,25.9
"37137",0,0,0,0,0.120681061908354,19.41
"37139",5.23944252331552e-05,0.0495329653366217,1,0,0.186400457548168,56.41
"37141",0,0,0,0,0.259120827725894,82.82
"37143",0,0,0,0,0.177973103261047,51.57
"37145",0,0,0,0,0.209100987623883,67.26
"37147",0.000437866713372449,0.413953137934478,1,0,0.222292081744544,72.41
"37149",0,0,0,0,0.203129499066755,65
"37151",0.000298602540112275,0.282294713664479,1,0,0.276208526176674,86.64
"37153",0.000252429635239177,0.238643487672539,1,0,0.181352432369441,53.87
"37155",0.00024877309632042,0.235186646325223,1,0,0.213389252198165,69.14
"37157",0.00010558547143913,0.0998190451287891,1,0,0.211767164906106,68.53
"37159",0.00036210018105009,0.342324505642038,1,0,0.28259838830599,87.94
"37161",9.47104228820382e-05,0.0895379245550752,1,0,0.240091890565479,78.27
"37163",0.000547170671651999,0.517287589119381,1,0,0.189189347499512,57.75
"37165",0,0,0,0,0.166803334567983,46.26
"37167",7.69260356167545e-05,0.0727248106784693,1,0,0.248102007276451,80.34
"37169",0.000423056583818086,0.399951846182871,1,0,0.187115150007563,56.76
"37171",0.000153209744139727,0.144842374201741,1,0,0.239964940916378,78.24
"37173",0,0,0,0,0.0769352691480346,2.96
"37175",0.000341559217829391,0.322905362962945,1,0,0.199271362176003,62.97
"37177",0,0,0,0,0.0954561289462478,7.67
"37179",0.000470593636655801,0.444892718803145,1,0,0.33545424643512,95.8
"37181",0.000826498823828597,0.781360562870615,1,0,0.196879630959834,62.04
"37183",0.000624909069495154,0.59078039581693,1,0,0.326304750729507,94.75
"37185",0,0,0,0,0.143808258540948,32.58
"37187",0,0,0,0,0.168363239126376,46.87
"37189",3.42747463668769e-05,0.0324028714153675,1,0,0.197051059530126,62.11
"37191",0.000172100583229754,0.162701512338328,1,0,0.223662129066629,72.89
"37193",0.000135415726279679,0.128020155693973,1,0,0.22779960315651,74.51
"37195",0.00157348425246809,1.48755026108964,1,1,0.247215073936627,80.11
"37197",8.50918992511913e-05,0.0804447052769539,1,0,0.18437420951894,55.3
"37199",0,0,0,0,0.182271810138187,54.31
"38001",0,0,0,0,0.0793518355783974,3.44
"38003",0,0,0,0,0.148469020470507,35.54
"38005",0,0,0,0,0.0531159358018182,0.76
"38007",0,0,0,0,0.0675362563197066,1.69
"38009",0,0,0,0,0.13505325506436,27.36
"38011",0,0,0,0,0.117926361420341,17.82
"38013",0,0,0,0,0.092615288526414,6.75
"38015",0.00101262715375056,0.957323713018001,1,0,0.292701180582335,89.76
"38017",0.00140141273728466,1.32487622928049,1,1,0.340372516238128,96.28
"38019",0,0,0,0,0.0922579363261255,6.62
"38021",0,0,0,0,0.105087976988188,11.55
"38023",0,0,0,0,0.103641441361649,11.04
"38025",0,0,0,0,0.0928825669303246,6.84
"38027",0,0,0,0,0.0999867953099821,9.35
"38029",0,0,0,0,0.119157008313786,18.45
"38031",0,0,0,0,0.107953538729218,12.73
"38033",0,0,0,0,0.0733456333681747,2.39
"38035",0.000251994960100798,0.238232551805484,1,0,0.239410323730689,78.08
"38037",0,0,0,0,0.0787523849034211,3.25
"38039",0,0,0,0,0.0983450601809786,8.81
"38041",0,0,0,0,0.0863345001584137,5.12
"38043",0,0,0,0,0.0939884969209144,7.16
"38045",0,0,0,0,0.123318668841697,20.94
"38047",0,0,0,0,0.0863069757526089,5.06
"38049",0,0,0,0,0.127007074260868,22.78
"38051",0,0,0,0,0.102289330460947,10.47
"38053",0,0,0,0,0.114930229674229,16.04
"38055",0,0,0,0,0.120321632912119,19.22
"38057",0,0,0,0,0.103533543935799,10.98
"38059",0.000276338514680484,0.261246611789917,1,0,0.250690086046298,80.78
"38061",0,0,0,0,0.128643368573715,23.67
"38063",0,0,0,0,0.0840560571435758,4.65
"38065",0,0,0,0,0.0908343169661051,6.4
"38067",0.000206015657189946,0.194764354432378,1,0,0.109397351281552,13.36
"38069",0,0,0,0,0.126596239405529,22.65
"38071",0,0,0,0,0.176740349290853,51
"38073",0,0,0,0,0.0991890814198268,9.16
"38075",0,0,0,0,0.109264362969396,13.27
"38077",0,0,0,0,0.157720266818425,40.98
"38079",0,0,0,0,0.0943394399214405,7.25
"38081",0,0,0,0,0.0710802265099275,2
"38083",0,0,0,0,0.0636163419383609,1.5
"38085",0,0,0,0,0.0434810365251353,0.32
"38087",0,0,0,0,0.0734410683317697,2.42
"38089",0.000970156148942068,0.917172212173612,1,0,0.235426508936474,77.12
"38091",0,0,0,0,0.0875114952738689,5.35
"38093",0,0,0,0,0.18324886209122,54.82
"38095",0,0,0,0,0.0714744248500977,2.07
"38097",0,0,0,0,0.105232940207339,11.58
"38099",0,0,0,0,0.119289956111006,18.58
"38101",0.000708232593352382,0.66955330344172,1,0,0.257556506115808,82.37
"38103",0,0,0,0,0.124483054815264,21.32
"38105",0.000584212515894017,0.552306436614693,1,0,0.18089677572126,53.45
"39001",0,0,0,0,0.189915218593798,58.35
"39003",0.00129433083096039,1.22364247529739,1,1,0.308984430048776,92.3
"39005",0.000822518735148967,0.777597842051988,1,0,0.223146525421664,72.7
"39007",2.99643424325053e-05,0.0283278751210488,1,0,0.271667408506853,85.52
"39009",0.000872070978994464,0.824443848393855,1,0,0.159996248485428,41.84
"39011",0.00136781895050982,1.29311712765013,1,1,0.212454954115984,68.66
"39013",8.90194507499889e-05,0.0841577581710742,1,0,0.259565840019518,82.85
"39015",0,0,0,0,0.215426038412804,69.71
"39017",0.000767289023318914,0.725384435960485,1,0,0.349273767132556,97.01
"39019",0.000138542532557495,0.130976195125348,1,0,0.222208791040367,72.32
"39021",8.04764204088202e-05,0.0760812953818414,1,0,0.189788587780775,58.19
"39023",0.00119437487959931,1.12914550063023,1,1,0.264816694465499,84.12
"39025",0.00060103893873696,0.56821390416892,1,0,0.327313472422368,94.94
"39027",0.0030686612965094,2.90106996981898,1,1,0.175671984122268,50.62
"39029",0.000184399778720266,0.17432900173608,1,0,0.287795760916921,89.06
"39031",0,0,0,0,0.220410645171014,71.49
"39033",6.99300699300699e-05,0.0661109214276057,1,0,0.239662551075427,78.17
"39035",0.00107915820459279,1.0202212487866,1,1,0.356596395894587,97.55
"39037",0.000568585643212509,0.537533007201002,1,0,0.244573274334199,79.45
"39039",0.0016527949943923,1.562529540146,1,1,0.223428092177794,72.8
"39041",0.00122939622985156,1.16225420103809,1,1,0.261874816652067,83.39
"39043",0.00847840264887373,8.01536466232352,1,1,0.247662618655427,80.24
"39045",0.00109910581222057,1.03907944129044,1,1,0.29328800901759,89.88
"39047",0,0,0,0,0.188893217465083,57.56
"39049",0.000984184252352305,0.930434187218967,1,0,0.293076136690107,89.82
"39051",0.000752369965390982,0.711280164830287,1,0,0.204544092935226,65.45
"39053",7.9923273657289e-05,0.0755583580894151,1,0,0.15646116813286,40.34
"39055",0.00104036620890553,0.983547832308325,1,0,0.281290196816181,87.59
"39057",0.000118503835215031,0.112031887664423,1,0,0.166386682190529,46.01
"39059",0,0,0,0,0.207660361168139,66.75
"39061",0.000453707591684518,0.428928885312977,1,0,0.327202803550152,94.91
"39063",0.00511841580835309,4.8388795503598,1,1,0.22762554096685,74.32
"39065",0,0,0,0,0.153367536435001,38.21
"39067",0.0135135135135135,12.7754888704698,1,1,0.162745388249948,43.75
"39069",0,0,0,0,0.167211439793846,46.45
"39071",0.0149844720496894,14.1661127366498,1,1,0.234787628628516,76.84
"39073",0,0,0,0,0.185486013989025,56
"39075",0,0,0,0,0.278041342241634,86.96
"39077",0.00202780996523754,1.91706350953167,1,1,0.220195148754932,71.36
"39079",0.000709660250155238,0.670902990447804,1,0,0.186100303054952,56.28
"39081",0.000515308970670331,0.487165977454251,1,0,0.219837309945963,71.3
"39083",0.00159261679189807,1.50563789938646,1,1,0.252122498466465,81.23
"39085",0.0045314850534826,4.28400332819256,1,1,0.357816058082065,97.65
"39087",6.4737489480158e-05,0.0612019276503374,1,0,0.186734840589443,56.44
"39089",0.000959810991066375,0.907392042925103,1,0,0.252231059791942,81.26
"39091",0.0110271973312329,10.4249599215454,1,1,0.19593822078107,61.5
"39093",0.00819392284055992,7.74642138407452,1,1,0.321777521052421,94.05
"39095",0.00100906759351394,0.953958553976187,1,0,0.353934968754436,97.42
"39097",0.0103819784524976,9.81497891282711,1,1,0.146088722079134,34.36
"39099",0.000461525148313029,0.436319495282911,1,0,0.361107524280051,98.06
"39101",3.97282587104207e-05,0.0375585465978611,1,0,0.201315144353602,64.02
"39103",0.00116409477435017,1.10051910770731,1,1,0.358941565225229,97.74
"39105",0,0,0,0,0.154342604242263,38.66
"39107",0.000176133861734919,0.166514518082741,1,0,0.209001034130077,67.17
"39109",0.00246697958738129,2.33224839940766,1,1,0.27034207034626,85.11
"39111",0,0,0,0,0.170596244265462,47.98
"39113",0.00122687361386875,1.15986935475954,1,1,0.345066577128803,96.63
"39115",0,0,0,0,0.126107879696101,22.37
"39117",0.00193986420950533,1.83392080778809,1,1,0.237496382680356,77.7
"39119",0.00113865741938823,1.07647098396174,1,1,0.274650859378126,86.32
"39121",0,0,0,0,0.156830056135912,40.53
"39123",6.22897720194344e-05,0.0588878893992003,1,0,0.18571309845354,56.09
"39125",0.0015015015015015,1.41949876338553,1,1,0.147918757248956,35.22
"39127",0.00280298985584624,2.64990786234784,1,1,0.184583833776051,55.46
"39129",0.000493096646942801,0.466166753656194,1,0,0.173492159285811,49.32
"39131",0,0,0,0,0.14783584049636,35.19
"39133",0.00164106304417195,1.55143831658529,1,1,0.287624411242786,88.99
"39135",0.00154786781208885,1.46333283246616,1,1,0.186795422261258,56.47
"39137",0.00303336703741153,2.86770326516106,1,1,0.218212490368546,70.6
"39139",0.000298641182619083,0.282331245756238,1,0,0.294268888843533,90.01
"39141",0.00313061806459612,2.95964304190351,1,1,0.222172608897047,72.26
"39143",0.000331198940163391,0.31311089967369,1,0,0.215234954061487,69.68
"39145",0,0,0,0,0.192808835985878,59.85
"39147",0,0,0,0,0.209265947012778,67.32
"39149",0.0174398203382694,16.4873650669569,1,1,0.182025051024773,54.18
"39151",0.00171431858712535,1.62069309423919,1,1,0.398341165801874,99.62
"39153",0.00257047831880226,2.43009466936952,1,1,0.390652268780195,99.46
"39155",0.000258919080973536,0.244778519962395,1,0,0.339693397948099,96.15
"39157",0.00156554830318649,1.4800477243421,1,1,0.36571363635335,98.41
"39159",0.00108704297796749,1.02767540453921,1,1,0.189448200843336,57.97
"39161",0.00103060091961313,0.974315862802593,1,0,0.178912224844933,52.15
"39163",0.00149981252343457,1.41790202686878,1,1,0.141487934877113,31.66
"39165",0.000205303983789912,0.194091548237863,1,0,0.294618148196828,90.1
"39167",0.000400670211990967,0.378788079717432,1,0,0.23016894393842,75.25
"39169",0.000394632991318074,0.373080574749314,1,0,0.299544631803596,90.8
"39171",0.00213747328158398,2.02073769286539,1,1,0.207977706191867,66.94
"39173",0.00162852696720026,1.53958688270978,1,1,0.259678564926826,82.88
"39175",0.0275639878288885,26.0586130602959,1,1,0.167814410466091,46.58
"40001",0,0,0,0,0.13267762263706,26.15
"40003",0.000669792364367046,0.633212442340765,1,0,0.088433190173347,5.7
"40005",0.00148148148148148,1.40057211320705,1,1,0.181340368317157,53.8
"40007",0,0,0,0,0.117097264764204,17.37
"40009",0,0,0,0,0.155646753573846,39.64
"40011",0,0,0,0,0.122869167495712,20.55
"40013",4.06801724839313e-05,0.0384584727204768,1,0,0.181896266779976,54.09
"40015",0,0,0,0,0.130647316471866,24.79
"40017",0.000734137388568432,0.694043338741828,1,0,0.297128369066799,90.36
"40019",0,0,0,0,0.232591907488671,76.3
"40021",0,0,0,0,0.120626136229046,19.38
"40023",0,0,0,0,0.123809527482538,21.09
"40025",0,0,0,0,0.0777015835495467,3.05
"40027",0.000486492936673306,0.459923697254366,1,0,0.270882785528084,85.27
"40029",0.000643500643500643,0.608356612879512,1,0,0.120326753630829,19.25
"40031",0.000262669421777046,0.248324040314878,1,0,0.163244177622837,44.07
"40033",0,0,0,0,0.0817277204719211,4.14
"40035",0,0,0,0,0.162142420735914,43.21
"40037",0.000120948234155781,0.114342788632651,1,0,0.241660275190285,78.65
"40039",0.000743745774171738,0.703126973668856,1,0,0.1883477569276,57.17
"40041",8.61697544161999e-05,0.0814636946501303,1,0,0.227155642174151,74.23
"40043",0,0,0,0,0.101207157311645,9.8
"40045",0,0,0,0,0.0800796498803946,3.75
"40047",0.000434121988278706,0.41041292659638,1,0,0.235892799653853,77.28
"40049",0,0,0,0,0.191218313678239,59.08
"40051",0.00306062389640965,2.89347152287037,1,1,0.27035005824617,85.14
"40053",0.000637348629700446,0.602540584075693,1,0,0.109163089674289,13.2
"40055",0,0,0,0,0.0881852071911394,5.63
"40057",0.00216450216450216,2.04629042514018,1,1,0.123951223752227,21.16
"40059",0.000539374325782093,0.509917031507423,1,0,0.0933301765798025,6.94
"40061",0.000257267815796244,0.243217436690188,1,0,0.152316908675707,37.58
"40063",0,0,0,0,0.123835187698768,21.13
"40065",0,0,0,0,0.140159988510493,30.7
"40067",0,0,0,0,0.106375777194751,12.15
"40069",0,0,0,0,0.100920882519528,9.64
"40071",0,0,0,0,0.210654195832847,68.09
"40073",0.000721413971383913,0.682014796018825,1,0,0.157682740802996,40.95
"40075",0,0,0,0,0.119356526956552,18.68
"40077",0,0,0,0,0.10751277461965,12.44
"40079",7.14081690945444e-05,0.0675082959450701,1,0,0.194941601924665,60.93
"40081",0.000758972134880191,0.717521764599732,1,0,0.180555992595129,53.36
"40083",0.000333527891269907,0.315312657855336,1,0,0.230522177314899,75.44
"40085",0,0,0,0,0.0794590586619865,3.53
"40087",6.60720185001652e-05,0.0624635729378766,1,0,0.209931284203145,67.61
"40089",0,0,0,0,0.17119859055509,48.46
"40091",0,0,0,0,0.165943260876847,45.56
"40093",0,0,0,0,0.13059877514382,24.72
"40095",0,0,0,0,0.126102115290164,22.3
"40097",0,0,0,0,0.186001888855957,56.16
"40099",0.00403225806451613,3.81204103393049,1,1,0.138803821331198,29.88
"40101",3.35120643431635e-05,0.0316818423731489,1,0,0.226599617685957,74.13
"40103",0,0,0,0,0.0988829479757298,9.04
"40105",0,0,0,0,0.134874772818433,27.3
"40107",0,0,0,0,0.115314087984595,16.29
"40109",0.00118418688230009,1.1195139088182,1,1,0.331350511283402,95.39
"40111",8.47098686997035e-05,0.0800835388746092,1,0,0.154412822517805,38.72
"40113",0,0,0,0,0.163009054454444,43.88
"40115",0.00013419216317767,0.126863416051364,1,0,0.167316719592309,46.52
"40117",0,0,0,0,0.156220745677719,40.22
"40119",4.62139242553781e-05,0.0436900051489134,1,0,0.196618044976252,61.79
"40121",0,0,0,0,0.199159280428861,62.9
"40123",0,0,0,0,0.165374748469435,45.24
"40125",0,0,0,0,0.231923855703446,75.98
"40127",0,0,0,0,0.154596912085255,38.78
"40129",0,0,0,0,0.103333219454589,10.91
"40131",0.00014012667451376,0.13247382103228,1,0,0.244533549454068,79.41
"40133",0,0,0,0,0.145078153249206,33.73
"40135",8.75120329045244e-05,0.0827326661778911,1,0,0.199962430349433,63.44
"40137",5.85582947824559e-05,0.0553602024017545,1,0,0.196849502541865,61.98
"40139",0,0,0,0,0.119275711050737,18.55
"40141",0,0,0,0,0.11019023058167,13.71
"40143",0.000457872147637259,0.432865998941604,1,0,0.388571859030346,99.4
"40145",0.000393597480976122,0.372101617586498,1,0,0.23190398403818,75.91
"40147",0.00041216339989009,0.3896535806802,1,0,0.215234679518413,69.65
"40149",0.00155945419103314,1.47428643495479,1,1,0.154092480633166,38.53
"40151",0,0,0,0,0.128524075990661,23.54
"40153",0,0,0,0,0.200236387000737,63.57
"41001",0,0,0,0,0.194461698343511,60.61
"41003",2.23488657950609e-05,0.0211283087811993,1,0,0.196273268071844,61.66
"41005",0.000741723725572313,0.701215356874921,1,0,0.388638422509532,99.43
"41007",0,0,0,0,0.219276302224522,70.98
"41009",0.000215316155888897,0.203556917336129,1,0,0.26607926187391,84.35
"41011",0.000343550788258198,0.324788166115695,1,0,0.241688861469931,78.68
"41013",0,0,0,0,0.229862619982792,75.18
"41015",0.00151400454201363,1.43131896504884,1,1,0.221502899293753,71.94
"41017",0.00063303512414005,0.598462655547006,1,0,0.365378475430057,98.38
"41019",0.000511913626209978,0.483956065737266,1,0,0.255181999288822,81.99
"41021",0,0,0,0,0.0839916684336709,4.61
"41023",0,0,0,0,0.134506651356707,27.17
"41025",0,0,0,0,0.135548024245143,27.84
"41027",0,0,0,0,0.183780474278642,55.01
"41029",0.00136845047076624,1.29371415817067,1,1,0.38172712939325,99.11
"41031",0,0,0,0,0.170258488592352,47.79
"41033",0.000251025018826876,0.237315582733184,1,0,0.278954208799401,87.15
"41035",0.00036652860755782,0.346511078845714,1,0,0.269114691420656,84.95
"41037",0,0,0,0,0.121086755092821,19.73
"41039",0.00166055332821519,1.56986416169417,1,1,0.376549927083435,98.85
"41041",0,0,0,0,0.199769724674552,63.32
"41043",0.00163036509186833,1.5413246203615,1,1,0.273481174687269,86.06
"41045",0.00243292559302561,2.3000542238921,1,1,0.189670908444942,58.13
"41047",0.000965184051533363,0.912471660015634,1,0,0.282475400392408,87.88
"41049",0,0,0,0,0.0889911673140054,5.85
"41051",0.00180379639133246,1.70528417343254,1,1,0.355839127352656,97.49
"41053",3.92510892177258e-05,0.0371074371556605,1,0,0.235424984076597,77.09
"41055",0,0,0,0,0.0889589539639819,5.82
"41057",0,0,0,0,0.179266956604094,52.4
"41059",0.00160359204618345,1.5160137530705,1,1,0.223539818977784,72.86
"41061",0,0,0,0,0.208230571419179,66.97
"41063",0,0,0,0,0.189265084154844,57.78
"41065",0,0,0,0,0.198605217933928,62.68
"41067",0.00102721984576901,0.971119442328924,1,0,0.312375229385666,92.75
"41069",0,0,0,0,0.110835192501698,14.16
"41071",0.0004590364606103,0.433966724331337,1,0,0.250409496943262,80.69
"42001",0.000469165406870667,0.443542490107536,1,0,0.26314869909179,83.61
"42003",0.000660218665497726,0.624161599772551,1,0,0.299519802402019,90.77
"42005",0.00112038541258193,1.0591968813117,1,1,0.286449755013917,88.74
"42007",0.000680308645290653,0.643154388953237,1,0,0.302980093553498,91.47
"42009",0.00162721117001732,1.53834294624207,1,1,0.233552412918355,76.46
"42011",0.00119318741861684,1.12802289143237,1,1,0.354602239659894,97.45
"42013",0.0011563623691172,1.09320899868963,1,1,0.326545538269112,94.81
"42015",0.00106209150326797,1.00408662527712,1,1,0.222126947353382,72.22
"42017",0.00300934068081448,2.84498907976459,1,1,0.447332883151618,99.97
"42019",0.00128319628796978,1.21311603227336,1,1,0.352603122139292,97.23
"42021",0.00117001687893202,1.10611778351428,1,1,0.2966780699247,90.33
"42023",0,0,0,0,0.0973682470157687,8.4
"42025",0.00112347528354376,1.06211800260593,1,1,0.21030097909952,67.77
"42027",0.00013582762239921,0.128409556591497,1,0,0.192629405191829,59.82
"42029",0.000379623782188194,0.358891075919007,1,0,0.352864281623799,97.26
"42031",0.000922967696130635,0.872560901199283,1,0,0.223437221803462,72.83
"42033",0.00118590643822364,1.12113955321789,1,1,0.261318193158213,83.23
"42035",0.00342011586514972,3.23333026064936,1,1,0.218105713748232,70.54
"42037",0,0,0,0,0.228256883493844,74.64
"42039",0.00145169261181122,1.37241012760977,1,1,0.283676703796643,88.26
"42041",0.00109627398924859,1.03640227499868,1,1,0.251883739279963,81.07
"42043",0.00123958068987058,1.17188244875432,1,1,0.225950777738105,73.69
"42045",0.000692671375758113,0.654841943439915,1,0,0.315908944956028,93.22
"42047",0,0,0,0,0.188399888348253,57.24
"42049",0.000623177590226113,0.589143479251231,1,0,0.314060151046218,93.03
"42051",0.00090841720255313,0.858805065711098,1,0,0.284439106143778,88.45
"42053",0,0,0,0,0.11500071349239,16.07
"42055",0.000811472749269675,0.767155119696832,1,0,0.280829463074278,87.4
"42057",0,0,0,0,0.14331898007496,32.39
"42059",0.00124980471801281,1.18154810362726,1,1,0.163777137717679,44.29
"42061",0.000746978133912807,0.706182801885263,1,0,0.195469085504781,61.18
"42063",0.000579038795599305,0.547415272967436,1,0,0.270408803651448,85.17
"42065",0,0,0,0,0.238803091723666,77.92
"42067",0,0,0,0,0.20206310523315,64.3
"42069",0.001317899470997,1.24592394178489,1,1,0.293575787603292,89.98
"42071",0.00121515217498191,1.14878806846823,1,1,0.44011544439656,99.94
"42073",0.000395191832702124,0.373608895668603,1,0,0.283215825185044,88.1
"42075",0.0021545604863628,2.03689170005686,1,1,0.303680338330964,91.57
"42077",0.00103029525972599,0.974026896170605,1,0,0.286014713408142,88.67
"42079",0.00169396540744326,1.60145147952166,1,1,0.311894488065387,92.71
"42081",0.000732802051845745,0.692780929863341,1,0,0.313882599990671,93
"42083",0.000329989440337909,0.311967455258303,1,0,0.203938968458001,65.35
"42085",0.000892745920358759,0.843989652157845,1,0,0.278913035044455,87.11
"42087",0.00147593695640715,1.39533039584699,1,1,0.262606295570251,83.55
"42089",0.000962706942537443,0.910129835413419,1,0,0.240566901638537,78.46
"42091",0.00300419759664192,2.84012687908372,1,1,0.356632531166338,97.58
"42093",0.000553250345781466,0.523035228998485,1,0,0.077712575395264,3.09
"42095",0.000510626961103546,0.482739670331971,1,0,0.309037026396316,92.33
"42097",0.000857378400659522,0.810553687940109,1,0,0.259813033782385,82.91
"42099",0.000608272506082725,0.575052418743772,1,0,0.216454047700014,70.09
"42101",0.000253611803217035,0.239761092937006,1,0,0.201685285276335,64.11
"42103",0,0,0,0,0.193792228652979,60.32
"42105",0,0,0,0,0.161127913487022,42.44
"42107",0.00146765718427251,1.38750281372705,1,1,0.278526518608387,87.02
"42109",0.00218926167150129,2.06969772079199,1,1,0.243839139800073,79.26
"42111",0.00832579867389994,7.87109497391736,1,1,0.290004241383392,89.31
"42113",0,0,0,0,0.140141145806417,30.67
"42115",0.00123187719132,1.16459966771457,1,1,0.249822331023493,80.5
"42117",0.000427807486631016,0.404443284027706,1,0,0.221508968469918,71.97
"42119",0.00104456824512535,0.987520379263331,1,0,0.188838392776231,57.49
"42121",0.000279688985847737,0.264414100915915,1,0,0.256268872166634,82.18
"42123",0,0,0,0,0.196789144649506,61.92
"42125",0.000386867419489753,0.365739110490864,1,0,0.341022424241592,96.31
"42127",0.000444444444444444,0.420171633962116,1,0,0.253064195597267,81.36
"42129",0.000538032617353997,0.508648598906722,1,0,0.379967314985879,99.01
"42131",0.00240453977108781,2.27321866022593,1,1,0.195928687895056,61.44
"42133",0.000549540316951091,0.519527819028148,1,0,0.365359777536768,98.35
"44001",0.000108301294200466,0.102386546424948,1,0,0.255091887574895,81.96
"44003",0.000816277534361683,0.771697497103461,1,0,0.310458849942366,92.49
"44005",0.000457474739438301,0.432490294723914,1,0,0.200524646490745,63.7
"44007",0.00071186052485786,0.672983099735978,1,0,0.302699957142525,91.44
"44009",0.000163161173573823,0.154250318024302,1,0,0.258589667979037,82.66
"45001",0,0,0,0,0.16420510621423,44.73
"45003",5.37894680221613e-05,0.0508518195048551,1,0,0.199422641477114,63.09
"45005",0.000341413451689997,0.322767557669772,1,0,0.0991110607643272,9.1
"45007",0.000361742150195341,0.341986028221228,1,0,0.295884882765035,90.23
"45009",0,0,0,0,0.145269597589367,33.92
"45011",0.000506500084416681,0.47883817816044,1,0,0.137192861438141,28.95
"45013",3.31367221154483e-05,0.0313269990196422,1,0,0.258335699900568,82.6
"45015",0.00140541795066854,1.3286627026472,1,1,0.301519486869005,91.35
"45017",0,0,0,0,0.118913437711284,18.29
"45019",0.000279259581301032,0.26400814779337,1,0,0.298478215649368,90.58
"45021",0,0,0,0,0.209077117677166,67.23
"45023",0,0,0,0,0.170263138604221,47.82
"45025",0,0,0,0,0.155750024733044,39.77
"45027",0,0,0,0,0.186098684440086,56.25
"45029",0,0,0,0,0.211502531396837,68.41
"45031",0.00039637100325905,0.374723667212757,1,0,0.187805037917761,57.02
"45033",0,0,0,0,0.151580860374264,37.1
"45035",4.13890153553247e-05,0.0391286029723423,1,0,0.300136113639897,90.9
"45037",0,0,0,0,0.157580147232453,40.85
"45039",0.000143348623853211,0.135519807398905,1,0,0.149875360424182,36.33
"45041",0.000690661732127499,0.652942054132013,1,0,0.238875090417284,77.98
"45043",0.000135528901538253,0.128127150018942,1,0,0.209674034510259,67.55
"45045",0.00116446124763705,1.10086556648675,1,1,0.365949620682641,98.44
"45047",3.23060024552562e-05,0.0305416481364205,1,0,0.210534747709584,67.96
"45049",0,0,0,0,0.170646911141871,48.08
"45051",0.000475128833010489,0.449180230744194,1,0,0.312427736482706,92.78
"45053",0.000156666144446185,0.148110007271622,1,0,0.213027452472975,68.95
"45055",4.62470517504509e-05,0.0437213234248144,1,0,0.234555188167184,76.81
"45057",0.00444647479823359,4.20363580802665,1,1,0.253910334413693,81.51
"45059",0.00295729320692355,2.7957841174308,1,1,0.198594693741975,62.65
"45061",0,0,0,0,0.158166478419518,41.23
"45063",8.82151363602435e-05,0.0833973704655174,1,0,0.350389460991494,97.07
"45065",0.000399520575309628,0.377701229090996,1,0,0.154682365834443,38.88
"45067",0,0,0,0,0.161973544980486,43.11
"45069",0,0,0,0,0.121669774926803,20.08
"45071",0.0012385434728759,1.17090187814561,1,1,0.170287373938405,47.85
"45073",0.00017239595903872,0.162980756544972,1,0,0.237261573225669,77.6
"45075",0,0,0,0,0.231427363811309,75.69
"45077",2.07852674024651e-05,0.0196501044753749,1,0,0.207358028102979,66.47
"45079",0.000424940565745196,0.401732936653377,1,0,0.247948548423198,80.31
"45081",0,0,0,0,0.116600535631084,17.05
"45083",0.00166484872840002,1.57392497365108,1,1,0.321459640188918,93.92
"45085",4.28936024191992e-05,0.0405510187837417,1,0,0.219161713603503,70.92
"45087",0,0,0,0,0.142934197609175,32.23
"45089",0.00625415834996673,5.9125948491675,1,1,0.159787514893495,41.74
"45091",0.000574081891093288,0.54272908396964,1,0,0.325527101110202,94.53
"46003",0,0,0,0,0.0789607661532577,3.28
"46005",0.00197882655585238,1.87075527142527,1,1,0.191993450509102,59.5
"46007",0,0,0,0,0.0821181639078761,4.23
"46009",0,0,0,0,0.126654258220256,22.69
"46011",0.000531914893617021,0.502864987454661,1,0,0.177522365980355,51.35
"46013",0.000606008137823565,0.57291171629325,1,0,0.264033374598562,83.77
"46015",0,0,0,0,0.141004193677459,31.28
"46017",0,0,0,0,0.0627164233936254,1.37
"46019",0.00141282848262221,1.33566851711608,1,1,0.216130498598635,69.97
"46021",0,0,0,0,0.0896931783976204,6.14
"46023",0,0,0,0,0.144716385693816,33.44
"46025",0,0,0,0,0.0860342090978704,4.96
"46027",0,0,0,0,0.115290537270082,16.26
"46029",0.000310671568373634,0.293704606145527,1,0,0.25655162032676,82.21
"46031",0,0,0,0,0.0616473316259982,1.24
"46033",0,0,0,0,0.170602713393589,48.01
"46035",0.00107634902411022,1.01756548839132,1,1,0.22619784572195,73.94
"46037",0,0,0,0,0.137852704402722,29.34
"46039",0,0,0,0,0.122934471485871,20.59
"46041",0,0,0,0,0.0898731692041499,6.17
"46043",0,0,0,0,0.10493124200653,11.52
"46045",0,0,0,0,0.106227566958985,12.06
"46047",0,0,0,0,0.1377510271115,29.27
"46049",0,0,0,0,0.0967953182650071,8.15
"46051",0,0,0,0,0.136449098658071,28.44
"46053",0,0,0,0,0.139733619797171,30.42
"46055",0,0,0,0,0.109430936808983,13.39
"46057",0.000887311446317658,0.838851975523302,1,0,0.110076089730147,13.65
"46059",0,0,0,0,0.0983225409385606,8.78
"46061",0,0,0,0,0.101037326549543,9.74
"46063",0,0,0,0,0.073957412591489,2.48
"46065",0,0,0,0,0.182437572091435,54.44
"46067",0,0,0,0,0.122356881576598,20.27
"46069",0,0,0,0,0.0704643165134413,1.91
"46071",0,0,0,0,0.0730739224670367,2.35
"46073",0,0,0,0,0.0627682499861649,1.4
"46075",0,0,0,0,0.0729157048169013,2.29
"46077",0.0011801730920535,1.11571932700405,1,1,0.118755113431738,18.17
"46079",0.000157430730478589,0.148832836337337,1,0,0.158102153924392,41.17
"46081",0.000256821829855538,0.242795807746969,1,0,0.231327191730707,75.53
"46083",0.0023956589505282,2.26482285523366,1,1,0.264212822136488,83.9
"46085",0,0,0,0,0.0817241424536841,4.1
"46087",0,0,0,0,0.130885258752831,25.07
"46089",0,0,0,0,0.0806810732191395,3.85
"46091",0,0,0,0,0.0982396771967598,8.72
"46093",9.36066647945334e-05,0.0884944469170422,1,0,0.233227199117464,76.42
"46095",0,0,0,0,0.0468553625135601,0.51
"46097",0,0,0,0,0.105483595235279,11.71
"46099",0.00246139633100172,2.32697006600704,1,1,0.330088705075519,95.23
"46101",0,0,0,0,0.0981641677466485,8.62
"46102",0,0,0,0,0.0447484870778943,0.41
"46103",0.000914165408534981,0.864239340185524,1,0,0.343435981428036,96.5
"46105",0,0,0,0,0.11505139390829,16.13
"46107",0,0,0,0,0.092399384536533,6.68
"46109",0,0,0,0,0.117677353855189,17.75
"46111",0,0,0,0,0.0744064073781689,2.55
"46115",0,0,0,0,0.0934425855505932,6.97
"46117",0.0115712545676005,10.9393041119857,1,1,0.133512194796441,26.57
"46119",0,0,0,0,0.0746579283946059,2.58
"46121",0,0,0,0,0.050269834372931,0.64
"46123",0,0,0,0,0.131157133821423,25.36
"46125",0,0,0,0,0.136908144344427,28.73
"46127",0,0,0,0,0.164323150600683,44.77
"46129",0,0,0,0,0.150814651768971,36.72
"46135",0.000136958159282339,0.129478350532735,1,0,0.21199014326777,68.6
"46137",0,0,0,0,0.0564372182634157,0.89
"47001",6.03306117524032e-05,0.0570357263653679,1,0,0.172182255036804,48.9
"47003",9.74658869395711e-05,0.0921429021846746,1,0,0.197744253059643,62.27
"47005",0,0,0,0,0.189322547583934,57.81
"47007",0.000887573964497041,0.83910015658115,1,0,0.168064331474179,46.71
"47009",0.00083231257263105,0.786856800621602,1,0,0.266753415194265,84.54
"47011",0.000188300276173738,0.178016478109734,1,0,0.257364825154713,82.34
"47013",0.00191274250842518,1.80828032650606,1,1,0.214668805816858,69.52
"47015",0.00407395800689439,3.85146358301219,1,1,0.206169424020761,65.99
"47017",0,0,0,0,0.173967252699567,49.57
"47019",0,0,0,0,0.211120715246422,68.18
"47021",0.000252567772352248,0.238774080589686,1,0,0.195108437326456,61.02
"47023",0.00169312169312169,1.6006538436652,1,1,0.159174239485292,41.46
"47025",0,0,0,0,0.155990464222366,40.06
"47027",0,0,0,0,0.1379894563407,29.46
"47029",0.000504897505806321,0.477323122495588,1,0,0.17872625672619,52.05
"47031",0.00290982913212654,2.7509122372414,1,1,0.218716523067227,70.7
"47033",0.00145651269246775,1.37696696523165,1,1,0.127547516794296,22.97
"47035",0.00190393768931199,1.79995637223062,1,1,0.242917174718346,79.1
"47037",0.00222688080386852,2.10526232850069,1,1,0.31455286842348,93.1
"47039",0,0,0,0,0.183077335144605,54.72
"47041",0,0,0,0,0.14850501751017,35.57
"47043",0.00199083290893097,1.88210591165493,1,1,0.260430492970586,82.98
"47045",0.0123796423658872,11.7035427616683,1,1,0.178312260645542,51.8
"47047",0.00515370705244123,4.87224340466921,1,1,0.251089090336202,80.91
"47049",0.00141843971631206,1.34097329987909,1,1,0.147604045859084,35.09
"47051",0,0,0,0,0.195042305618474,60.96
"47053",0.000173250173250173,0.163788318852176,1,0,0.222242298612774,72.35
"47055",8.82145377558222e-05,0.0833968045531724,1,0,0.194227680979311,60.42
"47057",0,0,0,0,0.152451834385547,37.7
"47059",0.000950704225352113,0.898782632506992,1,0,0.221133986155278,71.78
"47061",0,0,0,0,0.152878538136771,37.83
"47063",0.00167341430499325,1.58202275135534,1,1,0.222888212995756,72.64
"47065",0.00129923219829278,1.22827616021896,1,1,0.359567518615221,97.84
"47067",0,0,0,0,0.125559040962825,21.7
"47069",0,0,0,0,0.151672601161866,37.23
"47071",0.00010250102501025,0.0969030521130342,1,0,0.197995017669092,62.3
"47073",0.00135811293781272,1.28394119741819,1,1,0.173634227615196,49.41
"47075",0,0,0,0,0.11208478227394,14.76
"47077",0.00444904293843766,4.20606369227468,1,1,0.1868458999636,56.54
"47079",0.000209073803052478,0.197655483256275,1,0,0.221540758817295,72
"47081",0.000748923422580041,0.708021850900402,1,0,0.19520799543945,61.09
"47083",0,0,0,0,0.17652435786018,50.81
"47085",0.000290402207056774,0.274542232151811,1,0,0.172405751837901,49
"47087",0,0,0,0,0.163672080631393,44.19
"47089",0,0,0,0,0.175794186674663,50.65
"47091",0,0,0,0,0.141751982007708,31.82
"47093",0.00107719806172311,1.0183681568138,1,1,0.367875070543462,98.54
"47095",0,0,0,0,0.0857094283784403,4.93
"47097",0,0,0,0,0.12145003627211,19.95
"47099",0.00111825552138664,1.05718331161841,1,1,0.227757791578773,74.42
"47101",0,0,0,0,0.162383385078264,43.43
"47103",0,0,0,0,0.190711614471853,58.8
"47105",0.00112222949593192,1.06094025221894,1,1,0.220290255579872,71.43
"47107",0.000151630022744503,0.143348927432109,1,0,0.202539132052553,64.56
"47109",0.00103872978186675,0.982000776807142,1,0,0.219383153482965,71.05
"47111",0,0,0,0,0.170019373650989,47.73
"47113",0.00120485511989052,1.13905337492705,1,1,0.2748591946738,86.38
"47115",0,0,0,0,0.181001528886636,53.61
"47117",0.00185119887165021,1.75009782305271,1,1,0.202648344079413,64.72
"47119",0.00130548302872063,1.23418560889656,1,1,0.277747607559984,86.89
"47121",0,0,0,0,0.115096603006153,16.16
"47123",0.000114652602614079,0.108390985601326,1,0,0.184089826791057,55.14
"47125",8.1190798376184e-05,0.0767566584369225,1,0,0.271351851340561,85.4
"47127",0,0,0,0,0.0819449040100528,4.2
"47129",0,0,0,0,0.128960919493192,23.8
"47131",0,0,0,0,0.185072031916616,55.65
"47133",0.00933681175339833,8.82689276344965,1,1,0.207100185808495,66.4
"47135",0,0,0,0,0.128524879111684,23.58
"47137",0,0,0,0,0.165711872997662,45.5
"47139",0,0,0,0,0.162741997555485,43.72
"47141",0.00131884835479256,1.24682100340824,1,1,0.27336523900686,86
"47143",0.000220345207491737,0.208311313201931,1,0,0.130672953020789,24.88
"47145",0.000233437602128951,0.220688682108119,1,0,0.149271822825181,35.98
"47147",0.0232970934102507,22.0247500606945,1,1,0.246193604709294,79.83
"47149",0.00133719898230874,1.26416943299057,1,1,0.31304849441876,92.87
"47151",0,0,0,0,0.163795503909291,44.35
"47153",0,0,0,0,0.155993973940371,40.09
"47155",0.000507065107159759,0.479372342851106,1,0,0.184651496452399,55.49
"47157",0.00293610587531971,2.77575390701742,1,1,0.319692894905638,93.54
"47159",0,0,0,0,0.15571245927097,39.71
"47161",0.000280583613916947,0.265259869925579,1,0,0.130974299848226,25.14
"47163",0.00352253519309428,3.33015607748584,1,1,0.27092293902888,85.3
"47165",0.00126070925062358,1.19185709801774,1,1,0.338156890100317,96.05
"47167",0,0,0,0,0.226149081715227,73.91
"47169",0,0,0,0,0.122551379067226,20.43
"47171",0,0,0,0,0.131050092787046,25.23
"47173",0,0,0,0,0.19492225865494,60.9
"47175",0,0,0,0,0.15237577800308,37.64
"47177",0.00110267091399167,1.04244983922235,1,1,0.221479709642428,71.91
"47179",0.00111543341559655,1.05451533181608,1,1,0.25854805876026,82.63
"47181",0,0,0,0,0.146157771575584,34.43
"47183",0,0,0,0,0.169505714923979,47.38
"47185",0,0,0,0,0.191839786468426,59.4
"47187",9.36285754412247e-05,0.0885151609395405,1,0,0.283519521665684,88.23
"47189",0.00373545456988525,3.53144711299486,1,1,0.274065968325954,86.19
"48001",0,0,0,0,0.200691856178277,63.79
"48003",0,0,0,0,0.122321327132675,20.2
"48005",0.000100654252642174,0.0951571390452704,1,0,0.250236588872098,80.59
"48007",0,0,0,0,0.220467663398506,71.52
"48009",0,0,0,0,0.133974278947608,26.76
"48011",0,0,0,0,0.107861338786029,12.69
"48013",5.84453535943892e-05,0.0552534293638084,1,0,0.192277219580327,59.62
"48015",0.00129516901955705,1.2244348872099,1,1,0.257153469891134,82.31
"48017",0.00464252553389044,4.38897946339258,1,1,0.101220738448776,9.83
"48019",0,0,0,0,0.199569584457477,63.16
"48021",0,0,0,0,0.273010788374656,85.87
"48023",0.000541418516513265,0.511849581166628,1,0,0.117133986344369,17.4
"48025",0,0,0,0,0.144678797017188,33.28
"48027",0.000470656790344812,0.444952423427726,1,0,0.194868495921922,60.77
"48029",0.000810796721812014,0.766516012683483,1,0,0.300804914741687,91.12
"48031",0.00115473441108545,1.09166994967063,1,1,0.191616035698521,59.24
"48033",0,0,0,0,0.0752655267006548,2.64
"48035",0.00019546520719312,0.184790104850423,1,0,0.146109063835729,34.39
"48037",0.000386191508077839,0.365100113185559,1,0,0.271123104160821,85.33
"48039",9.13569315314935e-05,0.0863675801895439,1,0,0.290244207863823,89.34
"48041",0.00047014244614413,0.444466169530482,1,0,0.202549872903435,64.59
"48043",0,0,0,0,0.141337703328433,31.53
"48045",0,0,0,0,0.105898623771269,11.99
"48047",0,0,0,0,0.098220306969858,8.69
"48049",0.000112517580872011,0.106372565560029,1,0,0.216200170330316,70
"48051",0,0,0,0,0.175558807580508,50.46
"48053",0.000392079984316801,0.37066699722202,1,0,0.271515583626169,85.46
"48055",0.000559418205066731,0.528866237904846,1,0,0.199749133397607,63.28
"48057",0.000460981231478433,0.435805283826364,1,0,0.112831156194629,15.24
"48059",0.000271076172404446,0.256271666146588,1,0,0.178652454694831,51.99
"48061",0.00131275179937531,1.24105740419302,1,1,0.235051445359113,76.96
"48063",0,0,0,0,0.14046768033242,30.86
"48065",0,0,0,0,0.0506118325982359,0.7
"48067",0,0,0,0,0.160399869655241,42.13
"48069",0,0,0,0,0.080915838049023,3.91
"48071",4.0270618556701e-05,0.0380712860991769,1,0,0.169638384558707,47.5
"48073",0,0,0,0,0.194104601311543,60.36
"48075",0,0,0,0,0.119521604222418,18.77
"48077",0.0197883110906581,18.7075957597031,1,1,0.139348467991493,30.13
"48079",0,0,0,0,0.127217780831515,22.84
"48081",0,0,0,0,0.0986272836834909,8.94
"48083",0,0,0,0,0.147177459558668,34.93
"48085",0.000339310501578849,0.320779457705003,1,0,0.25882182840193,82.76
"48087",0.00769971126082772,7.2792005883716,1,1,0.120768221104247,19.5
"48089",0,0,0,0,0.179617220483284,52.69
"48091",0.000379554655870445,0.358825724853781,1,0,0.348880703646539,96.95
"48093",0,0,0,0,0.135343076764237,27.71
"48095",0,0,0,0,0.0991313726383507,9.13
"48097",0.00100736970468162,0.952353393345023,1,0,0.211697151452987,68.5
"48099",0,0,0,0,0.177431357947962,51.26
"48101",0,0,0,0,0.122564827901843,20.46
"48103",0,0,0,0,0.0964554565342977,8.05
"48105",0,0,0,0,0.106245661317682,12.09
"48107",0,0,0,0,0.107855926473001,12.66
"48109",0,0,0,0,0.0795706496525502,3.56
"48111",0.000619674670797831,0.585831867646638,1,0,0.111057121098106,14.29
"48113",0.00110028112756132,1.04019056816652,1,1,0.383787088104962,99.17
"48115",0,0,0,0,0.121345806093441,19.89
"48117",0,0,0,0,0.113444921961529,15.43
"48119",0,0,0,0,0.130550092300538,24.66
"48121",0.00185984740985251,1.75827403151536,1,1,0.385710185035169,99.3
"48123",0.000500563133525216,0.473225466857596,1,0,0.145542283405737,34.08
"48125",0,0,0,0,0.11826725121763,17.98
"48127",0.000156372165754496,0.147832083880338,1,0,0.121667143951952,20.04
"48129",0,0,0,0,0.124518055332791,21.38
"48131",0,0,0,0,0.0884217083016116,5.66
"48133",0,0,0,0,0.171364530951702,48.58
"48135",0.00173524474889988,1.64047639830625,1,1,0.265493289063274,84.22
"48137",0,0,0,0,0.131790953748912,25.61
"48139",0.0021944586553219,2.07461087745505,1,1,0.314830377070521,93.13
"48141",0.00125833928996903,1.18961656997628,1,1,0.286453511017609,88.77
"48143",9.01306894997747e-05,0.0852083079238181,1,0,0.207195048863532,66.43
"48145",0,0,0,0,0.135151570177524,27.43
"48147",0,0,0,0,0.185326383724043,55.84
"48149",8.84720870565337e-05,0.0836402881018103,1,0,0.234892983410694,76.87
"48151",0,0,0,0,0.099404985994573,9.23
"48153",0.0131979695431472,12.4771779628344,1,1,0.115241406777031,16.19
"48155",0,0,0,0,0.0945152378149869,7.32
"48157",0.00109554344985627,1.03571163315586,1,1,0.306829471809473,91.92
"48159",0.00115473441108545,1.09166994967063,1,1,0.110698930265878,14
"48161",0,0,0,0,0.154030576944238,38.47
"48163",0,0,0,0,0.102091258507197,10.37
"48165",0,0,0,0,0.19198828181743,59.47
"48167",4.8793068596084e-05,0.046128292555595,1,0,0.231386553137044,75.63
"48169",0,0,0,0,0.101562822153396,10.02
"48171",6.76681553660847e-05,0.0639725386665829,1,0,0.244972238582498,79.7
"48173",0.000732064421669107,0.692083584491041,1,0,0.0945561415023026,7.35
"48175",0,0,0,0,0.127826197336651,23.07
"48177",0,0,0,0,0.119130015739094,18.36
"48179",0.00195965417867435,1.85262997107216,1,1,0.164790134223501,44.99
"48181",0.00138572032108154,1.31004083592751,1,1,0.29356290212483,89.95
"48183",0.000291184392516561,0.275281699472887,1,0,0.305496519385534,91.7
"48185",0,0,0,0,0.188782718590348,57.37
"48187",0.00183931855925999,1.73886633994751,1,1,0.281860596217855,87.72
"48189",0.000387476751394916,0.366315164450853,1,0,0.16790740963607,46.61
"48191",0,0,0,0,0.130736014061606,25.01
"48193",0,0,0,0,0.12965968711665,24.21
"48195",0.000350631136044881,0.331481829037434,1,0,0.109099274089076,13.17
"48197",0,0,0,0,0.0958493529590087,7.92
"48199",0.000340808397518915,0.322195547820449,1,0,0.203861152843564,65.32
"48201",0.000886996048538112,0.838553802822448,1,0,0.387852472160296,99.36
"48203",0.00117790254819585,1.11357278622808,1,1,0.25372477350359,81.48
"48205",0.00270403146509341,2.55635396768987,1,1,0.0967231590102745,8.08
"48207",0,0,0,0,0.135290414198191,27.68
"48209",0.000319037418531516,0.301613565238746,1,0,0.30813365625517,92.2
"48211",0.00298329355608592,2.82036448811086,1,1,0.119139986371559,18.42
"48213",8.30771786990114e-05,0.0785400163175843,1,0,0.264366620720411,84.03
"48215",0.000677510732120433,0.640509280519302,1,0,0.264363416882376,84
"48217",7.47607655502392e-05,0.0706777942893811,1,0,0.203538718345444,65.13
"48219",9.8570724494825e-05,0.0931874003365955,1,0,0.13044591251516,24.53
"48221",4.47988531493594e-05,0.0423522164866393,1,0,0.287261617451981,88.93
"48223",0,0,0,0,0.228363192116018,74.71
"48225",0.00254482359745518,2.40584105044821,1,1,0.217300694521399,70.28
"48227",0,0,0,0,0.192486550116081,59.75
"48229",0,0,0,0,0.0798496427523647,3.66
"48231",0.0002849888595264,0.269424528228467,1,0,0.236813036615316,77.51
"48233",0,0,0,0,0.123186869810213,20.81
"48235",0,0,0,0,0.0765694726161203,2.9
"48237",0,0,0,0,0.136036896366057,28.19
"48239",0,0,0,0,0.110756124255538,14.09
"48241",0,0,0,0,0.187261216051354,56.79
"48243",0.000839630562552477,0.793775127132462,1,0,0.0919138878605383,6.55
"48245",0.000210918294616492,0.199399240083408,1,0,0.297608610222801,90.39
"48247",0,0,0,0,0.0900979935947034,6.24
"48249",5.92487261523877e-05,0.0560129266746511,1,0,0.134045179351259,26.79
"48251",0.00118203309692671,1.11747774989925,1,1,0.325084641574552,94.4
"48253",0,0,0,0,0.151101312653843,36.84
"48255",0,0,0,0,0.112466875877453,15.02
"48257",0.000341867355466079,0.323196672025103,1,0,0.278335948262312,86.99
"48259",0.000290601129192959,0.274730290389544,1,0,0.265713983613519,84.28
"48261",0,0,0,0,0.0207213030133885,0.06
"48263",0,0,0,0,0.0988022885054111,9
"48265",0.000259549249470087,0.245374272547847,1,0,0.250860123427644,80.88
"48267",0,0,0,0,0.152376953784255,37.67
"48269",0,0,0,0,0.058949492239423,1.02
"48271",0,0,0,0,0.0586032262981982,0.92
"48273",0,0,0,0,0.160508237299669,42.16
"48275",0.00306513409961686,2.89773540663529,1,1,0.103231615026268,10.82
"48277",0.00120052823242227,1.13496279532766,1,1,0.227698202043588,74.39
"48279",0.000190331176246669,0.179936462964363,1,0,0.108267060781957,12.82
"48281",0,0,0,0,0.190577275573531,58.7
"48283",0,0,0,0,0.0864596882075461,5.19
"48285",0.0155177149134853,14.6702331687542,1,1,0.184844906131436,55.52
"48287",0.000313087038196619,0.295988157925724,1,0,0.143149604792592,32.36
"48289",0,0,0,0,0.122392335342118,20.33
"48291",7.84467542655423e-05,0.0741624770672494,1,0,0.222535111381253,72.51
"48293",0.000887223974763407,0.838769281125084,1,0,0.12437101940191,21.29
"48295",0,0,0,0,0.0875946248709468,5.38
"48297",0,0,0,0,0.115027416529175,16.1
"48299",0,0,0,0,0.178113243252415,51.73
"48301",0,0,0,0,0.0339707669100448,0.19
"48303",0.000851655514034935,0.805143350036036,1,0,0.331467732766474,95.42
"48305",0.000478240076518412,0.452121557348045,1,0,0.0958859452554878,7.95
"48307",0,0,0,0,0.136410030604973,28.41
"48309",0.00100270804362146,0.947946323419618,1,0,0.304874728809973,91.66
"48311",0,0,0,0,0.0877244952628439,5.44
"48313",0.00465376023827252,4.39960059761151,1,1,0.115271048314207,16.23
"48315",0.00257542310522443,2.43476940209836,1,1,0.119463263309165,18.71
"48317",0.00105671010919338,0.998999129709153,1,0,0.108560200372407,12.98
"48319",0.000617665225447807,0.583932165790464,1,0,0.155173895881085,39.2
"48321",0,0,0,0,0.175398150954177,50.37
"48323",0.000277174666235506,0.262037097911423,1,0,0.163851382045043,44.45
"48325",0.000148709941259573,0.140588322762252,1,0,0.201095944967933,63.92
"48327",0,0,0,0,0.114695169836521,15.97
"48329",0.00022207757399395,0.209949068545607,1,0,0.188992502695818,57.65
"48331",0.000136705399863295,0.129239395272011,1,0,0.170646793789855,48.04
"48333",0.000601684717208183,0.568824414208641,1,0,0.135208235682675,27.55
"48335",0,0,0,0,0.0955249344484379,7.7
"48337",0,0,0,0,0.19591516360985,61.37
"48339",0.000853033907158345,0.806446463840573,1,0,0.334957900775724,95.7
"48341",6.71231037723184e-05,0.0634572544244034,1,0,0.10185556370906,10.12
"48343",0,0,0,0,0.113818634079319,15.59
"48345",0,0,0,0,0.141213517657897,31.37
"48347",0.0006912707861285,0.653517845365249,1,0,0.210373713290465,67.83
"48349",0.00383423499133358,3.62483275793254,1,1,0.246637754736071,79.89
"48351",0,0,0,0,0.130360936138994,24.47
"48353",0.00185053380782918,1.74946908090988,1,1,0.146418033341991,34.52
"48355",0.000457571168658554,0.432581457575744,1,0,0.290951281197561,89.5
"48357",0.00171919770773639,1.62530574741793,1,1,0.116176182515681,16.67
"48359",0,0,0,0,0.0793528470314814,3.47
"48361",0,0,0,0,0.220705931816326,71.62
"48363",0.000914076782449726,0.864155554309654,1,0,0.195732933780426,61.31
"48365",0,0,0,0,0.168354912813767,46.83
"48367",0.000352167788386289,0.332934558918957,1,0,0.356279137783831,97.52
"48369",0,0,0,0,0.0665690603369186,1.65
"48371",0,0,0,0,0.155312356075569,39.29
"48373",6.46579593948015e-05,0.0611267410070323,1,0,0.197257625055694,62.17
"48375",0.00110627280216547,1.04585501451086,1,1,0.307916960334799,92.17
"48377",0.000364830353885443,0.344905573299804,1,0,0.116214692561117,16.7
"48379",0.000676818950930626,0.639855280145355,1,0,0.156080084793658,40.12
"48381",0.000516830704238012,0.488604603333323,1,0,0.308250507010735,92.24
"48383",0,0,0,0,0.0895219954272458,5.98
"48385",0,0,0,0,0.100719400125833,9.61
"48387",0,0,0,0,0.138663536023173,29.81
"48389",0.000118708452041785,0.112225329583899,1,0,0.127741830761505,23.04
"48391",0.000337268128161889,0.318848626109532,1,0,0.106266312106463,12.12
"48393",0,0,0,0,0.113402387268125,15.4
"48395",0,0,0,0,0.127732624022633,23
"48397",0.000349657541290442,0.330561406015158,1,0,0.294796420935281,90.14
"48399",0,0,0,0,0.130683399100954,24.91
"48401",0,0,0,0,0.192830410296465,59.88
"48403",0,0,0,0,0.139468922682205,30.26
"48405",0,0,0,0,0.104045606349777,11.23
"48407",0,0,0,0,0.207369849290082,66.5
"48409",0.00016169455897809,0.152863800859368,1,0,0.181571629413468,53.99
"48411",0,0,0,0,0.127284527239169,22.91
"48413",0.00093984962406015,0.888520842495077,1,0,0.117549148928244,17.63
"48415",0,0,0,0,0.129885420832338,24.24
"48417",0,0,0,0,0.103465053081197,10.94
"48419",0.00139748452784987,1.32116255438278,1,1,0.163822671229656,44.42
"48421",0,0,0,0,0.0626315511689827,1.3
"48423",0.000618520036183422,0.584740292043366,1,0,0.331903508643227,95.45
"48425",0,0,0,0,0.128275360223781,23.42
"48427",0.000103476821192053,0.097825556334309,1,0,0.169658286874891,47.53
"48429",0,0,0,0,0.125795532366171,21.92
"48431",0,0,0,0,0.063087014962962,1.43
"48433",0,0,0,0,0.136561645152324,28.51
"48435",0,0,0,0,0.0960110566537882,7.99
"48437",0,0,0,0,0.115962977883945,16.58
"48439",0.00224124185857613,2.11883907110001,1,1,0.411726152429538,99.78
"48441",0.00060681084492342,0.573670584489163,1,0,0.274942243378428,86.45
"48443",0,0,0,0,0.0899735030410394,6.2
"48445",0,0,0,0,0.135820758469338,28.03
"48447",0,0,0,0,0.0999677801044724,9.32
"48449",0.00191285866099894,1.80839013554365,1,1,0.164489914640742,44.86
"48451",0.00146857581522646,1.38837127473214,1,1,0.280949302133688,87.5
"48453",0.000350381906238203,0.331246210623451,1,0,0.28835883706761,89.15
"48455",0,0,0,0,0.161428957495989,42.67
"48457",0,0,0,0,0.144675254201181,33.25
"48459",0.000103305785123967,0.0976638611998721,1,0,0.179217447410978,52.34
"48461",0,0,0,0,0.0559638077156228,0.83
"48463",0,0,0,0,0.197587669725291,62.23
"48465",0.00567756700849434,5.36749336549907,1,1,0.174064622196195,49.67
"48467",0.000496647628507574,0.469523802540234,1,0,0.262158107665093,83.42
"48469",0.00102077151335312,0.965023278002012,1,0,0.316548013853346,93.29
"48471",0.0015784800552468,1.49227322397674,1,1,0.148791098002097,35.76
"48473",3.23886639676113e-05,0.0306197951875226,1,0,0.189346785151181,57.84
"48475",0,0,0,0,0.11875719974879,18.2
"48477",0,0,0,0,0.213453612566816,69.17
"48479",0.00151798320425035,1.43508033732807,1,1,0.23284598386629,76.33
"48481",0.00406917599186165,3.84694273210483,1,1,0.213167285184013,69.07
"48483",0,0,0,0,0.119673622278764,18.93
"48485",0.000249011734677997,0.235412251729638,1,0,0.235747390100417,77.25
"48487",0.000578368999421631,0.546782056920047,1,0,0.114229512711318,15.81
"48489",0,0,0,0,0.111256163157794,14.32
"48491",0.000185469066409281,0.175339891535886,1,0,0.307565601648498,92.08
"48493",8.30978893136114e-05,0.0785595958463322,1,0,0.225197183865748,73.4
"48495",0,0,0,0,0.0842878334834826,4.68
"48497",0.000232099338516885,0.219423506188874,1,0,0.254272509558799,81.61
"48499",0.00144916482343071,1.37002039141793,1,1,0.256932773932261,82.25
"48501",0,0,0,0,0.110751916267974,14.06
"48503",0,0,0,0,0.169914803995643,47.63
"48505",0,0,0,0,0.135189224903978,27.46
"48507",0,0,0,0,0.105259587107264,11.61
"49001",0,0,0,0,0.123531956794582,20.97
"49003",0.000113580433877257,0.10737737209875,1,0,0.199739114967595,63.25
"49005",0.000186543069924952,0.176355239613022,1,0,0.275627586810163,86.54
"49007",0,0,0,0,0.175123652742569,50.17
"49009",0,0,0,0,0.0916858911227384,6.49
"49011",0.000815155768299634,0.770636994975229,1,0,0.324945737443805,94.37
"49013",0.000102082482645978,0.0965073679476074,1,0,0.170290637104273,47.88
"49015",0,0,0,0,0.102772813778202,10.66
"49017",0,0,0,0,0.0983775656662321,8.85
"49019",0,0,0,0,0.145379907148603,34.01
"49021",3.61297781631621e-05,0.0341565928323854,1,0,0.259987850936904,82.95
"49023",0.000192678227360308,0.182155332642536,1,0,0.144034376362889,32.64
"49025",0,0,0,0,0.132964830205185,26.31
"49027",0,0,0,0,0.134153963679007,26.89
"49029",0.000261506276150628,0.247224418518505,1,0,0.175626377948194,50.49
"49031",0,0,0,0,0.0635327251380366,1.46
"49033",0,0,0,0,0.110377260042738,13.94
"49035",0.00123242962747169,1.16512193321573,1,1,0.431432717694509,99.9
"49037",0,0,0,0,0.11860456443533,18.1
"49039",0,0,0,0,0.198617957021094,62.71
"49041",0.0021041075839356,1.98919422354218,1,1,0.221993367228774,72.19
"49043",0.000169952413324269,0.160670662205092,1,0,0.205926070191156,65.89
"49045",0.000130701869036727,0.123563740218895,1,0,0.219584464808424,71.17
"49047",6.13120784794605e-05,0.0579635914417389,1,0,0.209351396244026,67.36
"49049",0.000196929635303692,0.18617455494251,1,0,0.340312174713175,96.25
"49051",0.000646598175156261,0.61128497648774,1,0,0.264133741205967,83.81
"49053",0.000427649077425344,0.404293526154446,1,0,0.331968797417841,95.48
"49055",0,0,0,0,0.116601390526997,17.09
"49057",0.00122494008445239,1.15804142277762,1,1,0.30103386176215,91.25
"50001",0.000366568914956012,0.346549184902772,1,0,0.226066412275176,73.81
"50003",0.000672773378874916,0.636030652248197,1,0,0.244352342431566,79.35
"50005",0.000155969741870077,0.14745163790295,1,0,0.255701302293337,82.06
"50007",0.000546662794471872,0.516807449053972,1,0,0.29440394309935,90.07
"50009",0.00132100396301189,1.24885888562056,1,1,0.133239878682785,26.44
"50011",0,0,0,0,0.209916516060045,67.58
"50013",0,0,0,0,0.183785244243425,55.04
"50015",0,0,0,0,0.211491003091919,68.37
"50017",0,0,0,0,0.203001082012268,64.87
"50019",0,0,0,0,0.222697926611793,72.61
"50021",0.000726492769667197,0.686816221708642,1,0,0.298162559503102,90.52
"50023",0.000440323249067551,0.416275512822497,1,0,0.217331685221654,70.31
"50025",0.000290299838261519,0.274445454107881,1,0,0.241956919451906,78.78
"50027",0.000837703962703963,0.791953746268194,1,0,0.265171647726257,84.16
"51001",0.00032137806916056,0.303826383987261,1,0,0.136010404513578,28.16
"51003",8.03481754268497e-05,0.0759600543486919,1,0,0.170973465304726,48.3
"51005",0.000774393391843056,0.732100807755365,1,0,0.168010725702021,46.68
"51007",0.00280373831775701,2.65061544789186,1,1,0.187882276830323,57.08
"51009",0,0,0,0,0.176719323395492,50.97
"51011",0.000226603217765692,0.214227549606789,1,0,0.15970154519904,41.68
"51013",7.4374141598449e-05,0.0703122853498878,1,0,0.102584121962245,10.59
"51015",0.000989950502474876,0.935885520374595,1,0,0.218913712364109,70.79
"51017",0,0,0,0,0.103694410801109,11.07
"51019",0.000588049034242548,0.555933428026955,1,0,0.284025864858562,88.36
"51021",0.000457247370827618,0.432275343582424,1,0,0.0934861944464348,7
"51023",0.0024251610458507,2.29271372832682,1,1,0.202477609757621,64.52
"51025",0.000518403317781234,0.490091330437927,1,0,0.122478945624692,20.36
"51027",0.00015382248884787,0.14542165457849,1,0,0.111643559079366,14.51
"51029",0,0,0,0,0.132038138200111,25.8
"51031",0.00234427327528466,2.21624354819268,1,1,0.236537804449169,77.41
"51033",0,0,0,0,0.152572696277295,37.73
"51035",0.000737028301886793,0.69677636823022,1,0,0.18498490616683,55.58
"51036",0,0,0,0,0.129597630587395,24.15
"51037",0.00185471406491499,1.75342103817266,1,1,0.137137234310272,28.89
"51041",0.0010481857138453,0.990940284184786,1,0,0.311343057979296,92.59
"51043",0,0,0,0,0.17107741564137,48.36
"51045",0.000967117988394584,0.914299977190292,1,0,0.125810407631663,21.99
"51047",0.00031815048517949,0.300775070708339,1,0,0.221269582254093,71.81
"51049",0,0,0,0,0.141792286755716,31.85
"51051",0.000539665407447383,0.510192216089996,1,0,0.0938724265998605,7.06
"51053",0.00184810349379565,1.74717149561823,1,1,0.123084840402206,20.71
"51057",0.00566502463054187,5.35563597476343,1,1,0.187976616493719,57.11
"51059",0.000387326671314587,0.366173280817554,1,0,0.162694234546713,43.68
"51061",0.000462847580731299,0.437569704610386,1,0,0.272377507200722,85.68
"51063",0,0,0,0,0.173480513880488,49.28
"51065",0,0,0,0,0.163099071587797,43.97
"51067",0.000329688444420023,0.311682897878376,1,0,0.238195760942737,77.86
"51069",0.00108422339615677,1.02500981087208,1,1,0.250129430391426,80.56
"51071",0,0,0,0,0.119643417678636,18.87
"51073",8.6244070720138e-05,0.0815339522565556,1,0,0.244836044676678,79.61
"51075",0,0,0,0,0.118319188537058,18.01
"51077",0,0,0,0,0.118883424353797,18.26
"51079",0,0,0,0,0.164061937365184,44.67
"51081",0,0,0,0,0.0827695150978214,4.39
"51083",0.00195136595616932,1.84479440008885,1,1,0.199955002684263,63.38
"51085",0.00219231005089839,2.07257961653448,1,1,0.31383219588098,92.97
"51087",0.000830091792708705,0.784757305982158,1,0,0.30779106199043,92.14
"51089",0.000168104897456013,0.158924046242535,1,0,0.198051164687435,62.36
"51091",0.00329308452250274,3.1132365853395,1,1,0.117517091895016,17.56
"51093",0.000769822940723634,0.727779966447084,1,0,0.191341231782172,59.12
"51095",0.000333515250742829,0.315300707675774,1,0,0.210339012369703,67.8
"51097",0.00138504155124654,1.30939913630853,1,1,0.166236661964059,45.88
"51099",0,0,0,0,0.077783382752824,3.12
"51101",0,0,0,0,0.168247801926756,46.8
"51103",0,0,0,0,0.17420405515223,49.73
"51105",0.00125026047093144,1.1819789661364,1,1,0.133001491243987,26.34
"51107",0.000100326517210558,0.0948473024986992,1,0,0.244677209476558,79.54
"51109",0,0,0,0,0.175390073218555,50.33
"51111",0.000353857041755131,0.334531555702322,1,0,0.140967305789786,31.21
"51113",0,0,0,0,0.163514666267248,44.13
"51115",0.00591133004926108,5.58848971279662,1,1,0.123245033857402,20.84
"51117",0.00162412993039443,1.53542998489636,1,1,0.198402009094225,62.52
"51119",0.00181582360570687,1.71665453564289,1,1,0.161149424032072,42.48
"51121",0.000143266475644699,0.135442145618161,1,0,0.163448844503021,44.1
"51125",0.00061970667217517,0.585862121306401,1,0,0.148346641086963,35.44
"51127",0,0,0,0,0.172360174794208,48.93
"51131",0,0,0,0,0.11428868705,15.88
"51133",0,0,0,0,0.153200654200839,38.08
"51135",0,0,0,0,0.109184735781592,13.24
"51137",0,0,0,0,0.185035980955724,55.62
"51139",0,0,0,0,0.162413279666526,43.46
"51141",0,0,0,0,0.148078149959305,35.32
"51143",6.62076271186441e-05,0.0625917754511892,1,0,0.202918674185383,64.84
"51145",0.00114750678072189,1.08483704783668,1,1,0.212559652355745,68.69
"51147",0.000103359173126615,0.0977143334795619,1,0,0.166033972096893,45.59
"51149",0,0,0,0,0.0956700783846306,7.8
"51153",0.000980159029352573,0.926628797038033,1,0,0.28696009531425,88.9
"51155",0.000247264634975583,0.233760567822158,1,0,0.146662626960929,34.65
"51157",0,0,0,0,0.130697652021099,24.94
"51159",0,0,0,0,0.153085097398215,37.99
"51161",0.000533049040511727,0.503937194250939,1,0,0.2580021182713,82.5
"51163",0,0,0,0,0.191470633719626,59.15
"51165",0.00117224331693892,1.10822262722864,1,1,0.218802787771471,70.73
"51167",0,0,0,0,0.13249879054226,26.03
"51169",0,0,0,0,0.0986073435091412,8.91
"51171",0.00071689259645464,0.677740350662303,1,0,0.19093231041224,58.89
"51173",0.000714796283059328,0.675758524956942,1,0,0.115995949331982,16.61
"51175",0.00183528332186281,1.73505148229367,1,1,0.138512724535149,29.72
"51177",0.000414431423111459,0.391797738481471,1,0,0.325775809538986,94.65
"51179",0.000190715947667544,0.180300220546737,1,0,0.228319635879119,74.67
"51181",0,0,0,0,0.0955676192747734,7.73
"51183",0.000273373428102788,0.258443459927491,1,0,0.141194742173429,31.34
"51185",0.000264707828734035,0.250251122073923,1,0,0.17908776532098,52.31
"51187",0,0,0,0,0.207760986586199,66.85
"51191",0.000476046219760246,0.45004751549584,1,0,0.217583373331225,70.38
"51193",0.000241954996370675,0.22874090888332,1,0,0.145551638741503,34.11
"51195",8.38433805651044e-05,0.0792643729701318,1,0,0.135201220856584,27.49
"51197",0.00102620776760341,0.970162637621716,1,0,0.182434134110513,54.41
"51199",0.000111623753534752,0.105527553551283,1,0,0.201115252652367,63.98
"51510",0.000636621078743442,0.601852767458303,1,0,0.19240486471104,59.72
"51520",0.000808625336927224,0.764463215429727,1,0,0.145888013705056,34.23
"51530",0,0,0,0,0.097359157499691,8.37
"51540",2.52365930599369e-05,0.0238583262186691,1,0,0.190215775700682,58.54
"51550",0.00124664531209419,1.17856124494611,1,1,0.329374504399921,95.13
"51570",0.000484824978182876,0.458346832354679,1,0,0.176518158964824,50.78
"51580",0.000480422772039395,0.454185047520904,1,0,0.125281676292656,21.6
"51590",0.000818026325574478,0.773350780141472,1,0,0.204731116823446,65.51
"51595",0,0,0,0,0.121654289716624,20.01
"51600",0,0,0,0,0.168625204124538,47.03
"51610",0,0,0,0,0.141522029486339,31.69
"51620",0.00251256281407035,2.37534215179588,1,1,0.138105281135276,29.53
"51630",0.000850497356062567,0.804048443498854,1,0,0.196808577643443,61.95
"51640",0,0,0,0,0.154895030969618,38.98
"51650",0.000462571578964159,0.437308776355065,1,0,0.194202754581615,60.39
"51660",0.00240321973535628,2.27197071669297,1,1,0.234246418935914,76.68
"51670",0,0,0,0,0.144881180889618,33.6
"51678",0,0,0,0,0.0879019319183722,5.57
"51680",0.00014432559855033,0.136443425772268,1,0,0.199955565620558,63.41
"51683",0.000755531570426336,0.714269102525994,1,0,0.190941695537187,58.92
"51685",0,0,0,0,0.149808650740848,36.27
"51690",0,0,0,0,0.133389640857656,26.54
"51700",5.14213724364303e-05,0.0486130546736763,1,0,0.128249521844536,23.39
"51710",0.000639651271603037,0.604717469899636,1,0,0.178789907634435,52.08
"51720",0.000299580587177951,0.283219345840252,1,0,0.128426806114645,23.48
"51730",0.00160048776770063,1.5130790111051,1,1,0.192888192374123,60.01
"51735",0,0,0,0,0.113249252288152,15.37
"51740",1.88846713122958e-05,0.0178533072047809,1,0,0.125802127030411,21.95
"51750",0,0,0,0,0.102309905047988,10.5
"51760",0.00068281757845574,0.645526299685058,1,0,0.19961800026055,63.22
"51770",0.000637393767705382,0.60258325692159,1,0,0.241351664171658,78.62
"51775",0.000539908215603347,0.510421763564165,1,0,0.191112952029694,59.02
"51790",0.000781433148394155,0.738756096284099,1,0,0.188058553802529,57.14
"51800",0.000859190887666928,0.812267188101843,1,0,0.193035831766036,60.07
"51810",0.000359720524823022,0.340074811540348,1,0,0.254828122976621,81.8
"51820",9.67398664989842e-05,0.0914565324963492,1,0,0.185957070873081,56.12
"51830",0,0,0,0,0.104621623274714,11.42
"51840",0,0,0,0,0.166779660765704,46.13
"53001",0.000290191526407429,0.274343057578283,1,0,0.11077589550611,14.13
"53003",0,0,0,0,0.196865002164394,62.01
"53005",0.000266414338603438,0.251864432914372,1,0,0.227970124476397,74.61
"53007",0.000221265639457698,0.20918147685888,1,0,0.216438274498889,70.06
"53009",0,0,0,0,0.242760818222548,79.03
"53011",0.00134930812072958,1.27561724506193,1,1,0.353702883404211,97.39
"53013",0,0,0,0,0.10000131774661,9.39
"53015",0.000261900085117528,0.24759672007196,1,0,0.266345945329706,84.44
"53017",0,0,0,0,0.19572260900216,61.28
"53019",0,0,0,0,0.126332726086639,22.53
"53021",0.000888355342136855,0.839838860200389,1,0,0.242407260383026,78.97
"53023",0,0,0,0,0.0823912289672088,4.33
"53025",0.000293920053745381,0.277867955781967,1,0,0.174846350794579,50.05
"53027",0,0,0,0,0.204184655403352,65.42
"53029",0,0,0,0,0.23191616222738,75.95
"53031",0,0,0,0,0.241818034785265,78.71
"53033",0.00128565714142854,1.21544248911546,1,1,0.280829600091188,87.43
"53035",0.00042676448956243,0.403457249017023,1,0,0.245491206043829,79.8
"53037",0,0,0,0,0.224388528841307,73.15
"53039",0,0,0,0,0.169965520338047,47.69
"53041",0.000616043058167434,0.582398591267767,1,0,0.273537143490396,86.1
"53043",0.00125234815278647,1.1839526317029,1,1,0.129990218171552,24.31
"53045",0.00063983248022336,0.604888782024336,1,0,0.19090514574624,58.86
"53047",0.000105290866017373,0.0995405292355632,1,0,0.171287519091555,48.52
"53049",0,0,0,0,0.174101354327319,49.7
"53051",0.000780437044745057,0.737814393663966,1,0,0.142299567372139,32.1
"53053",0.000769950489259678,0.727900549069882,1,0,0.32580958944837,94.69
"53055",0,0,0,0,0.251357287498168,81.01
"53057",0.000512786581533066,0.484781345632342,1,0,0.310948409106042,92.55
"53059",0,0,0,0,0.148591057603685,35.67
"53061",0.0007288370604757,0.689032481832496,1,0,0.341297843175614,96.34
"53063",0.00141833810888252,1.34087724161979,1,1,0.397727006879478,99.59
"53065",0.000516872184892564,0.488643818570725,1,0,0.224897262050283,73.31
"53067",0.000500306525829205,0.472982873489026,1,0,0.251924810267421,81.1
"53069",0,0,0,0,0.136087195183506,28.22
"53071",0.000178295495067158,0.168558096353518,1,0,0.184470796104955,55.36
"53073",0.000474595198213289,0.448675739783667,1,0,0.352413442672564,97.17
"53075",9.05141202027516e-05,0.0855707980100255,1,0,0.135521808474288,27.78
"53077",0.000499761832251818,0.472467927710581,1,0,0.213508715959267,69.2
"54001",0,0,0,0,0.108726225639689,13.04
"54003",0.00226567279153545,2.14193573739666,1,1,0.230485522640086,75.41
"54005",0,0,0,0,0.134091005066912,26.85
"54007",0.00170399221032132,1.61093068035622,1,1,0.147990219738726,35.28
"54009",0.000129584035246858,0.122506955606422,1,0,0.144336858851553,32.83
"54011",0.000213614354884648,0.201948058191704,1,0,0.239784998649558,78.21
"54013",0,0,0,0,0.0845028922690728,4.77
"54015",0,0,0,0,0.0853584353218747,4.9
"54017",0.000575373993095512,0.54395061934106,1,0,0.0791653577042026,3.37
"54019",0,0,0,0,0.204784038315737,65.54
"54021",0,0,0,0,0.0865722555447914,5.22
"54023",0,0,0,0,0.170144538072259,47.76
"54025",0,0,0,0,0.20559168019381,65.83
"54027",0,0,0,0,0.185382874210901,55.9
"54029",0,0,0,0,0.159445842788304,41.55
"54031",0,0,0,0,0.137234837094994,28.99
"54033",0.000373747944386306,0.353336140086247,1,0,0.206570086608944,66.15
"54035",0.00263398992212552,2.49013766119326,1,1,0.17330177283546,49.22
"54037",4.6279155868197e-05,0.0437516742139375,1,0,0.196716698592893,61.82
"54039",0.00115892466989646,1.09563136242615,1,1,0.265450496436799,84.19
"54041",0.000160333493666827,0.151577068528902,1,0,0.163778897648226,44.32
"54043",0.000689417442261289,0.651765719693045,1,0,0.128040071252413,23.23
"54045",0,0,0,0,0.15562113991215,39.58
"54047",0,0,0,0,0.094035723710235,7.19
"54049",0.000254880970586736,0.240960946223878,1,0,0.228697095930551,74.8
"54051",0,0,0,0,0.136553695373604,28.48
"54053",0,0,0,0,0.131956845814921,25.68
"54055",0.00145918832649339,1.37949647265264,1,1,0.239621215831907,78.14
"54057",0,0,0,0,0.151487473577987,37
"54059",0,0,0,0,0.126030794305446,22.24
"54061",1.51545001288133e-05,0.0143268549322558,1,0,0.174664303121719,50.02
"54063",0.000382116927779901,0.361248061297196,1,0,0.151807353340673,37.29
"54065",0,0,0,0,0.172683293641316,49.06
"54067",0,0,0,0,0.166280937025404,45.91
"54069",3.42137676200903e-05,0.0323452229511004,1,0,0.218232381414017,70.63
"54071",0,0,0,0,0.155898125911293,39.93
"54073",0,0,0,0,0.105691839320315,11.84
"54075",0.000294377391816309,0.27830031687217,1,0,0.113564242299103,15.53
"54077",0,0,0,0,0.180194238176576,53.17
"54079",0.00113545565414862,1.07344407936408,1,1,0.273188019052622,85.97
"54081",0.000737714220860288,0.697424826545903,1,0,0.219545310916156,71.11
"54083",0,0,0,0,0.20312474010949,64.97
"54085",0.000301477238468496,0.285012413751812,1,0,0.121257809346131,19.85
"54087",0,0,0,0,0.143909948537981,32.61
"54089",0,0,0,0,0.124966327487903,21.51
"54091",0,0,0,0,0.135847050759628,28.06
"54093",0.000313479623824451,0.296359302951336,1,0,0.111580877295021,14.48
"54095",0,0,0,0,0.0981666199918953,8.65
"54097",0.000942618121833392,0.891138142019335,1,0,0.170479588931194,47.92
"54099",0.00315425315425315,2.98198732894359,1,1,0.157817769303699,41.01
"54101",0,0,0,0,0.0938738600261505,7.1
"54103",0,0,0,0,0.136757026411482,28.6
"54105",0,0,0,0,0.0974211328265693,8.46
"54107",0.000180226570545829,0.170383708416667,1,0,0.260909591525358,83.07
"54109",0,0,0,0,0.115479356232735,16.48
"55001",0.00239849237622066,2.26750153671521,1,1,0.155391465909749,39.45
"55003",0.00165764172836778,1.56711157544717,1,1,0.17998059527893,52.97
"55005",0.00126242058967259,1.19347497429783,1,1,0.231554024474929,75.82
"55007",0,0,0,0,0.165079758219768,45.12
"55009",0.00110842754967506,1.04789208302008,1,1,0.342850935624719,96.44
"55011",0.000895455563017685,0.846551310870617,1,0,0.15219382761532,37.51
"55013",0,0,0,0,0.161775707735677,42.92
"55015",0,0,0,0,0.190593566113034,58.73
"55017",0.00046483830267614,0.439451705618124,1,0,0.290275775125622,89.37
"55019",0.000218930161278552,0.206973548072998,1,0,0.19913403667364,62.87
"55021",0.000365185636031649,0.345241452129554,1,0,0.247042227212018,80.08
"55023",0.00131665569453588,1.244748092712,1,1,0.154738734963491,38.94
"55025",0.000469937802349689,0.444272702116129,1,0,0.272235158166305,85.62
"55027",0.00220104549661089,2.0808379861559,1,1,0.210006988563028,67.71
"55029",0.0010426249616682,0.985683225946087,1,0,0.231815512034734,75.88
"55031",0.000714285714285714,0.675275840296258,1,0,0.229496494694949,75.02
"55033",0,0,0,0,0.187520390359876,56.86
"55035",0.0010521918083773,0.994727590576753,1,0,0.284174393738095,88.39
"55037",0,0,0,0,0.117556761908382,17.66
"55039",0.000851636925392644,0.805125776590576,1,0,0.298022346008912,90.49
"55041",0.00158982511923688,1.5029986906435,1,1,0.135612938101752,27.87
"55043",0.000390243902439024,0.368931190796005,1,0,0.226043585683841,73.78
"55045",0,0,0,0,0.186246660854703,56.35
"55047",0,0,0,0,0.185461851597497,55.97
"55049",0,0,0,0,0.163041639702417,43.94
"55051",0,0,0,0,0.14695127207474,34.78
"55053",0.000214730513205927,0.20300325883933,1,0,0.118676629533068,18.14
"55055",0.000102925661940663,0.0973044979970421,1,0,0.255871627934237,82.12
"55057",0,0,0,0,0.168640023835003,47.06
"55059",0.00447342296520535,4.22911223256147,1,1,0.261207452658387,83.2
"55061",0.000563189907636855,0.532431953376189,1,0,0.150317691811366,36.49
"55063",0.00128401661360271,1.2138915567869,1,1,0.284271240059767,88.42
"55065",0,0,0,0,0.162450444665751,43.49
"55067",0,0,0,0,0.189900565651,58.32
"55069",0,0,0,0,0.189977247465212,58.42
"55071",0.000212618933716047,0.201007000779198,1,0,0.251227037820215,80.94
"55073",0.00204633204633205,1.93457402895685,1,1,0.324890066754667,94.34
"55075",0,0,0,0,0.187029633932002,56.67
"55077",0,0,0,0,0.137721749719908,29.24
"55078",0,0,0,0,0.0799898760805251,3.69
"55079",0.000719939625438381,0.680620969742667,1,0,0.317973106999306,93.48
"55081",0,0,0,0,0.17529529532678,50.3
"55083",0,0,0,0,0.193521336604407,60.2
"55085",0.00021383513311237,0.202156778876245,1,0,0.251819866887847,81.04
"55087",0.00486759631851121,4.60175827188788,1,1,0.364348404533043,98.28
"55089",0.000357789283158648,0.338249042367533,1,0,0.283129493109934,88.04
"55091",0.00379048931771192,3.58347620281267,1,1,0.151318391870457,36.94
"55093",0,0,0,0,0.216396924389357,70.03
"55095",0.000377358490566038,0.356749500533872,1,0,0.226241872554163,74.04
"55097",0.000421463003450728,0.398445297332566,1,0,0.24186553466564,78.75
"55099",0.00390278516941636,3.68963914868277,1,1,0.149945794100963,36.4
"55101",0.000629080118694362,0.594723648071007,1,0,0.319697686511438,93.57
"55103",0,0,0,0,0.145027165496287,33.69
"55105",0.00637376156634863,6.0256660765897,1,1,0.317926277165198,93.45
"55107",0,0,0,0,0.155261152821541,39.26
"55109",0.00787533914379697,7.44523676112372,1,1,0.322501302950082,94.15
"55111",0.00137027255966914,1.29543673583168,1,1,0.230262409833287,75.31
"55113",0,0,0,0,0.195932924319215,61.47
"55115",0.000345685840707965,0.326806615187625,1,0,0.225408678163127,73.5
"55117",0.000164801414295774,0.155800978928826,1,0,0.234916927304091,76.9
"55119",0,0,0,0,0.173470436282333,49.25
"55121",0.000415598808616749,0.392901368600718,1,0,0.181448085683357,53.96
"55123",0,0,0,0,0.222294852501369,72.45
"55125",0,0,0,0,0.220999358453441,71.65
"55127",3.92927308447937e-05,0.0371468045742539,1,0,0.289778727151926,89.28
"55129",0.000908127743302558,0.858531414936971,1,0,0.198546634120616,62.62
"55131",0.000399189338573973,0.377388082459986,1,0,0.316563547902766,93.32
"55133",0.00127156454491374,1.20211954318058,1,1,0.424692625947273,99.84
"55135",0.00023697805583203,0.224035778097247,1,0,0.205169201544016,65.64
"55137",0,0,0,0,0.165291803618111,45.21
"55139",0.000453461091066817,0.428695847036524,1,0,0.2336844254813,76.52
"55141",0.000249233606659522,0.235622006433906,1,0,0.225995240424273,73.75
"56001",0,0,0,0,0.183633121840321,54.95
"56003",0,0,0,0,0.159669196194877,41.65
"56005",0.000589687834002875,0.55748272666628,1,0,0.207940149214369,66.88
"56007",0,0,0,0,0.152262928110098,37.54
"56009",0,0,0,0,0.147303959465787,35
"56011",0,0,0,0,0.144697219951264,33.34
"56013",0,0,0,0,0.230452687400865,75.37
"56015",0,0,0,0,0.183369944173784,54.85
"56017",0,0,0,0,0.13199707974898,25.77
"56019",0.00121418164157358,1.14787053960024,1,1,0.219518970484843,71.08
"56021",1.74061374040487e-05,0.0164555216865635,1,0,0.260744513060116,83.04
"56023",0.00424828888364409,4.01627358401362,1,1,0.210381599401567,67.87
"56025",0.00193711145148212,1.83131838840593,1,1,0.36807321673283,98.57
"56027",0,0,0,0,0.0976757335317052,8.53
"56029",0,0,0,0,0.261467783813375,83.3
"56031",0,0,0,0,0.15055894730824,36.59
"56033",0.0001657824933687,0.156728477522341,1,0,0.287619130190552,88.96
"56035",0,0,0,0,0.169190691502745,47.28
"56037",0.000223753691935917,0.211533647277983,1,0,0.209990627597809,67.67
"56039",0.000557392887666753,0.526951530832055,1,0,0.205875773429747,65.86
"56041",0.000109733347964446,0.103740390257299,1,0,0.205536461210445,65.77
"56043",0,0,0,0,0.182685700083917,54.57
"56045",0.000344589937973811,0.325770563892061,1,0,0.138528156599539,29.78
