"county_geoid","industry_employment_share","location_quotient","industry_present","industry_comparative_advantage","industry_feasibility","industry_feasibility_percentile_score"
"01001",0.000267773463649752,0.716008695273121,1,0,0.209371080420229,74.23
"01003",0.000450581249812258,1.20482473653399,1,1,0.350388128929725,97.68
"01005",0,0,0,0,0.117234341046546,27.17
"01007",0,0,0,0,0.115461923368518,26.12
"01009",0,0,0,0,0.211934970645218,75.21
"01011",0,0,0,0,0.11118720478734,23.58
"01013",0,0,0,0,0.120893331252203,29.27
"01015",0.000685580626298066,1.8331976703348,1,1,0.210713434910519,74.74
"01017",0,0,0,0,0.153674256487248,49.38
"01019",0,0,0,0,0.146400069426535,45.31
"01021",0,0,0,0,0.193104116963972,68.34
"01023",0,0,0,0,0.0927052538644092,12.82
"01025",0,0,0,0,0.13685471263268,39.55
"01027",0,0,0,0,0.0834101986874827,8.37
"01029",0.000887049083382614,2.37191112285405,1,1,0.112391500549364,24.31
"01031",0.000253613999492772,0.678147215951679,1,0,0.191432873690967,67.71
"01033",7.28597449908925e-05,0.194822183788522,1,0,0.211855644262153,75.15
"01035",0,0,0,0,0.104256648070052,19.15
"01037",0,0,0,0,0.100113876085189,17.05
"01039",0,0,0,0,0.171745320904247,58.8
"01041",0.0125816598112751,33.6425338906045,1,1,0.112919654359367,24.59
"01043",0.000138811771238201,0.371173580302258,1,0,0.228291746843785,79.57
"01045",0,0,0,0,0.109017342055656,21.79
"01047",0,0,0,0,0.173208300778889,59.69
"01049",0,0,0,0,0.183342752160376,64.24
"01051",3.9677816133e-05,0.106095880351445,1,0,0.201658135973106,71.52
"01053",0,0,0,0,0.158162027406665,51.96
"01055",2.62274443978179e-05,0.0701304677008358,1,0,0.226698500647093,79.13
"01057",0,0,0,0,0.1200478270402,28.73
"01059",0,0,0,0,0.123886907135566,31.66
"01061",0,0,0,0,0.146478252647856,45.34
"01063",0,0,0,0,0.0841419138021244,8.85
"01065",0,0,0,0,0.136384061190892,39.33
"01067",0,0,0,0,0.143369940349421,43.33
"01069",1.76531855173266e-05,0.0472034613041727,1,0,0.27481534432281,88.96
"01071",0,0,0,0,0.170799630100376,58.54
"01073",0.000310876333876363,0.831262945835639,1,0,0.303936910860969,92.81
"01075",0,0,0,0,0.120441660305502,29.05
"01077",0,0,0,0,0.24467344222286,83.39
"01079",0.000403063280935107,1.07776480149031,1,1,0.151530064983858,48.43
"01081",1.28226499288343e-05,0.0342869256734772,1,0,0.217398270671771,76.61
"01083",2.52486996919659e-05,0.0675133684920838,1,0,0.177644853611586,62.01
"01085",0,0,0,0,0.0916749894245051,12.5
"01087",0,0,0,0,0.0749780472060588,5.25
"01089",0.000158472954609384,0.423746296288559,1,0,0.194725086399655,69.2
"01091",0,0,0,0,0.141578266794765,42.38
"01093",0,0,0,0,0.121322749545862,29.49
"01095",0.000391568230764211,1.04702779057527,1,1,0.206243797862725,73.15
"01097",0.000354296721008798,0.947366215798242,1,0,0.313613199388333,94.24
"01099",0,0,0,0,0.131832024008962,36.75
"01101",0.000148475093303098,0.397012670290433,1,0,0.21931802092038,77.12
"01103",0.000378501135503407,1.01208723410199,1,1,0.248543197472398,84.38
"01105",0,0,0,0,0.0837546552835567,8.62
"01107",0,0,0,0,0.114141945053038,25.42
"01109",0,0,0,0,0.113190364358588,24.79
"01111",0,0,0,0,0.149306189611669,47.12
"01113",0,0,0,0,0.169370489341595,58.07
"01115",0,0,0,0,0.245563607668077,83.71
"01117",0.00230061349693252,6.1516897373408,1,1,0.331673761430243,96.21
"01119",0,0,0,0,0.102429654916615,18.17
"01121",0,0,0,0,0.15779915242085,51.77
"01123",0,0,0,0,0.148163408572907,46.42
"01125",3.52326677295188e-05,0.0942098448000095,1,0,0.201783588115843,71.65
"01127",0,0,0,0,0.198434922996826,70.31
"01129",0,0,0,0,0.0738033141970117,4.8
"01131",0,0,0,0,0.130906736241453,35.98
"01133",0,0,0,0,0.130463837858607,35.6
"02013",0,0,0,0,0.0408190457431552,0.45
"02016",0,0,0,0,0.05463987384044,1.3
"02020",0.000475122691743874,1.27044694411973,1,1,0.306107323738113,93.06
"02050",0,0,0,0,0.0701809846320692,3.72
"02060",0,0,0,0,0.060932333028512,2.07
"02063",0,0,0,0,0.138336071545722,40.5
"02066",0,0,0,0,0.124610442884894,32.17
"02068",0,0,0,0,0.0696544637919789,3.63
"02070",0,0,0,0,0.060543091562566,2
"02090",1.89724519996964e-05,0.0507310934297919,1,0,0.213422614483547,75.53
"02100",0,0,0,0,0.136666470582297,39.42
"02105",0,0,0,0,0.0876396165977939,10.09
"02110",0,0,0,0,0.181906136471673,63.54
"02122",0,0,0,0,0.257916896397426,85.97
"02130",0,0,0,0,0.150241476871543,47.53
"02150",0.00170140365801786,4.54944189280726,1,1,0.140034194969754,41.49
"02158",0,0,0,0,0.0377382253845661,0.22
"02164",0,0,0,0,0.0497478712529275,0.89
"02170",2.8109627547435e-05,0.0751633021081509,1,0,0.277194249580321,89.53
"02180",0,0,0,0,0.0793998370645176,6.78
"02185",0,0,0,0,0.063682463666396,2.55
"02188",0,0,0,0,0.043734612209388,0.64
"02195",0,0,0,0,0.11545897254336,26.09
"02198",0,0,0,0,0.0870253641825009,9.9
"02220",0,0,0,0,0.160833111056586,53.52
"02230",0,0,0,0,0.10168912545169,17.91
"02240",0,0,0,0,0.109199550425423,22.02
"02275",0,0,0,0,0.0786747839234567,6.55
"02282",0,0,0,0,0.0807306246760812,7.22
"02290",0,0,0,0,0.0781824957640156,6.36
"04001",5.36999248201053e-05,0.143590080147002,1,0,0.086645915279336,9.61
"04003",4.64435826579662e-05,0.124187096695422,1,0,0.206194001967594,73.11
"04005",9.46687944605231e-05,0.25313815297777,1,0,0.241007589413878,82.66
"04007",0,0,0,0,0.147223765066297,45.78
"04009",0,0,0,0,0.147880449680518,46.33
"04011",0,0,0,0,0.0401083699270044,0.38
"04012",0,0,0,0,0.107844782331939,21.19
"04013",0.000493276014109347,1.31898773858313,1,1,0.411740370482982,99.71
"04015",0.000372185348303455,0.995199232987086,1,0,0.298296300342665,92.27
"04017",0.00033549882575411,0.897101875666336,1,0,0.204762692317789,72.76
"04019",0.000257602608004335,0.688812493748043,1,0,0.280171874608186,89.88
"04021",9.79506546368752e-05,0.261913632037235,1,0,0.231199994182608,80.27
"04023",6.0020406938359e-05,0.160490635165805,1,0,0.167666330799546,57.05
"04025",0.00192264327846283,5.14102214059733,1,1,0.335751785715199,96.56
"04027",4.74186473830834e-05,0.126794355876829,1,0,0.19454979563762,69.14
"05001",9.24299842869027e-05,0.247151721277148,1,0,0.109185061401127,21.99
"05003",0,0,0,0,0.129128393846449,34.68
"05005",0.000659957102788319,1.76468204751524,1,1,0.21912701238159,77.06
"05007",0.00107074287402156,2.86309628202727,1,1,0.268813659752586,87.91
"05009",0,0,0,0,0.209517342515482,74.29
"05011",0,0,0,0,0.0994255767593292,16.7
"05013",0,0,0,0,0.0398301048403048,0.32
"05015",0,0,0,0,0.161459124506151,53.9
"05017",0,0,0,0,0.105231427709744,19.69
"05019",0,0,0,0,0.119296259234287,28.19
"05021",0,0,0,0,0.124489782574847,32.13
"05023",0,0,0,0,0.181986504370675,63.57
"05025",0,0,0,0,0.08290265529066,8.11
"05027",0,0,0,0,0.133363142383001,37.48
"05029",0,0,0,0,0.149690990193989,47.31
"05031",0.000145482760292905,0.389011367901285,1,0,0.257966992636795,86
"05033",0.000405661227801316,1.08471154117359,1,1,0.208408161099696,73.91
"05035",0,0,0,0,0.176677134276291,61.66
"05037",0,0,0,0,0.121441958268104,29.56
"05039",0,0,0,0,0.0973335178289694,15.53
"05041",0,0,0,0,0.0920045073506033,12.6
"05043",0.000268276324614353,0.717353312541239,1,0,0.144741941782689,44.35
"05045",0.000225771857537958,0.603699152790533,1,0,0.280177071355598,89.91
"05047",0,0,0,0,0.112435399103382,24.37
"05049",0,0,0,0,0.123236668800721,31.12
"05051",0.000649998839287787,1.73805430345496,1,1,0.314671824073077,94.46
"05053",0,0,0,0,0.12837953760101,34.23
"05055",0,0,0,0,0.172576034735374,59.43
"05057",0,0,0,0,0.129701930563474,35.16
"05059",0,0,0,0,0.144645466902516,44.32
"05061",0,0,0,0,0.106830085272355,20.39
"05063",0.000200551516670845,0.536261613937823,1,0,0.157511920087542,51.54
"05065",0,0,0,0,0.12948953988794,34.93
"05067",0.000159438775510204,0.42632883808952,1,0,0.108546628886077,21.48
"05069",0.000275520044083207,0.73672254373811,1,0,0.16672281259395,56.51
"05071",0.00128852142166864,3.44542184795121,1,1,0.120266462243122,28.89
"05073",0,0,0,0,0.0942370050786842,13.81
"05075",0,0,0,0,0.128188539780563,34.11
"05077",0,0,0,0,0.0876649103388805,10.12
"05079",0,0,0,0,0.0772281962573419,6.17
"05081",0,0,0,0,0.094301195483553,13.84
"05083",0,0,0,0,0.133808526999264,37.7
"05085",0.00045463730046474,1.21567035019586,1,1,0.223248901236334,78.3
"05087",0,0,0,0,0.135957084763015,39.04
"05089",0,0,0,0,0.131404909139264,36.46
"05091",0,0,0,0,0.180435354937278,63.19
"05093",0,0,0,0,0.116842922688874,26.82
"05095",0,0,0,0,0.107285378434883,20.71
"05097",0,0,0,0,0.143854863676651,43.84
"05099",0,0,0,0,0.0836518990545459,8.5
"05101",0,0,0,0,0.122142830453367,30.13
"05103",0,0,0,0,0.130422302345923,35.54
"05105",0,0,0,0,0.136913701554895,39.64
"05107",0,0,0,0,0.120522530210056,29.11
"05109",0,0,0,0,0.1306146069104,35.67
"05111",0,0,0,0,0.105104084884101,19.66
"05113",0,0,0,0,0.143592145710449,43.65
"05115",0.000498454790150533,1.332835446365,1,1,0.231057077011677,80.18
"05117",0,0,0,0,0.0933931587217584,13.27
"05119",0.00102310071858185,2.73570428025294,1,1,0.304424663433206,92.84
"05121",0.000792707094728498,2.11964682718785,1,1,0.118936741571656,28.06
"05123",0,0,0,0,0.129833138235592,35.28
"05125",0.000662670562366336,1.77193766062063,1,1,0.274476411527742,88.93
"05127",0,0,0,0,0.080078533343567,7.13
"05129",0,0,0,0,0.144104115530072,43.91
"05131",0.00229212452977739,6.12899079542883,1,1,0.284939200404891,90.52
"05133",0,0,0,0,0.117523989535263,27.3
"05135",0,0,0,0,0.165739898612512,56
"05137",0,0,0,0,0.158605072167816,52.12
"05139",0,0,0,0,0.190978043659635,67.42
"05141",0,0,0,0,0.154418285902725,49.92
"05143",0.000160533555161519,0.429256207138959,1,0,0.289787041575796,91.22
"05145",0.000646872372080988,1.72969433501356,1,1,0.222762261451026,78.11
"05147",0,0,0,0,0.0616033052900585,2.2
"05149",0,0,0,0,0.111068745466703,23.48
"06001",0.00031761011996588,0.849268648590822,1,0,0.336152160122628,96.66
"06003",0,0,0,0,0.131397250499674,36.43
"06005",7.05566923022649e-05,0.188663971812423,1,0,0.181744433949871,63.51
"06007",0.00115483798632134,3.08796110177418,1,1,0.296233502011479,92.11
"06009",0,0,0,0,0.242366585696412,82.98
"06011",0,0,0,0,0.0920763312615879,12.63
"06013",0.000270714847791724,0.723873763727196,1,0,0.343260211919194,97.33
"06015",0,0,0,0,0.133837345874361,37.77
"06017",0.000360427900002883,0.963760586667581,1,0,0.291404601914618,91.54
"06019",0.000132511342339898,0.354326646279566,1,0,0.263207927588568,86.92
"06021",0,0,0,0,0.142646928112752,42.83
"06023",5.03981453482512e-05,0.134761338196627,1,0,0.247888339478685,84.25
"06025",0,0,0,0,0.14822909641334,46.52
"06027",0,0,0,0,0.154739117736038,50.08
"06029",0.000126161847627385,0.337348513484837,1,0,0.203553360218746,72.32
"06031",0,0,0,0,0.107223659481866,20.68
"06033",0,0,0,0,0.173778074285718,60.07
"06035",0,0,0,0,0.111969814915807,23.93
"06037",0.00044615996928653,1.19300252212367,1,1,0.383366394382428,99.14
"06039",0,0,0,0,0.177733608382315,62.04
"06041",0.000300428862200792,0.803327091171889,1,0,0.313865562370209,94.27
"06043",0,0,0,0,0.122110497423306,30.07
"06045",0,0,0,0,0.23173254293341,80.46
"06047",1.04644105397543e-05,0.0279811480766149,1,0,0.175746721835987,61.12
"06049",0,0,0,0,0.113736642553899,25.17
"06051",0,0,0,0,0.138792376928539,40.85
"06053",2.64685641686224e-05,0.0707752061679908,1,0,0.164214637540085,55.27
"06055",8.9875522401474e-05,0.24032125758302,1,0,0.199696762549713,70.89
"06057",0.00196859731511788,5.26390022335966,1,1,0.341873558365265,97.2
"06059",0.000792678455107438,2.11957024671782,1,1,0.42479410933082,99.84
"06061",0.000643047287617084,1.71946630980532,1,1,0.319850009685625,95.23
"06063",0,0,0,0,0.160174376207474,53.23
"06065",0.00067386914063514,1.80188192509655,1,1,0.365289932960645,98.54
"06067",0.000215651061709667,0.576636807936157,1,0,0.272545013916563,88.58
"06069",0,0,0,0,0.198721070980453,70.51
"06071",0.000522217607973422,1.3963756641053,1,1,0.354275586200118,98
"06073",0.00119154679977878,3.18611806352253,1,1,0.359109804240587,98.12
"06075",0.000108135064512107,0.289146076684661,1,0,0.227316364247404,79.26
"06077",0.000228159936990352,0.610084720761352,1,0,0.272291742057059,88.51
"06079",0.000156374388718299,0.418134868609578,1,0,0.313008674842373,94.18
"06081",0.000265687906700692,0.710432052652671,1,0,0.219356471762311,77.16
"06083",0.000137718171912784,0.368249367366926,1,0,0.24729548850844,84.12
"06085",6.18186225346774e-05,0.165298945837783,1,0,0.180351993291902,63.09
"06087",0.00103735293875501,2.77381378308358,1,1,0.314243664437018,94.37
"06089",0.000288560459689358,0.771591760563092,1,0,0.311046743617022,93.83
"06091",0,0,0,0,0.148464297966581,46.61
"06093",0,0,0,0,0.183977496526539,64.52
"06095",0.000533814161496578,1.42738408833303,1,1,0.336526593154933,96.72
"06097",0.000215495385863503,0.576220540924564,1,0,0.361588014360523,98.31
"06099",0.000414855431900579,1.10929624046178,1,1,0.305172247444946,93
"06101",0.000135652079546379,0.362724771765033,1,0,0.234099979698259,81.07
"06103",0.000361549238486916,0.966758972295375,1,0,0.16202238493671,54.18
"06105",0,0,0,0,0.155161585600195,50.3
"06107",7.71311332106091e-05,0.206243595994642,1,0,0.199331916699233,70.7
"06109",0,0,0,0,0.218570356852176,76.87
"06111",0.000818553181348385,2.18875756917992,1,1,0.375210852357132,98.85
"06113",0.000394591678142037,1.05511229074462,1,1,0.227891850498143,79.48
"06115",0,0,0,0,0.134259643150432,37.99
"08001",0.000386299253154777,1.03293888971059,1,1,0.33170591801312,96.25
"08003",0.00010575296108291,0.282776488208277,1,0,0.163483019141129,54.85
"08005",0.000458749459519315,1.22666599404828,1,1,0.335854263928213,96.6
"08007",0.00016655562958028,0.445358839523229,1,0,0.215710701927468,76.26
"08009",0,0,0,0,0.0983103708279276,16.07
"08011",0,0,0,0,0.0707437527437648,3.79
"08013",0.00202559364949018,5.41630468664375,1,1,0.31318852859406,94.21
"08014",0.000588363477881891,1.57324538586689,1,1,0.233958511373747,81.04
"08015",0.0014915633448308,3.98834264565671,1,1,0.24769688715951,84.22
"08017",0,0,0,0,0.109262921303722,22.08
"08019",0,0,0,0,0.15145622526674,48.3
"08021",0,0,0,0,0.121586987119814,29.72
"08023",0,0,0,0,0.0940107905343181,13.71
"08025",0,0,0,0,0.049757207457119,0.92
"08027",0,0,0,0,0.168087047408359,57.4
"08029",0.000454504135987637,1.21531427711002,1,1,0.251642059344411,84.79
"08031",0.00195326057303177,5.2228907799998,1,1,0.354072818223649,97.96
"08033",0,0,0,0,0.169082436826427,57.97
"08035",0.000458025256821305,1.22472952348899,1,1,0.311758522651221,93.99
"08037",0.000705520699473379,1.8865161193824,1,1,0.238708732007382,82.15
"08039",0.000464468183929401,1.24195748838712,1,1,0.253998337115855,85.17
"08041",0.000169181665757631,0.452380688183874,1,0,0.280428886649782,89.95
"08043",0,0,0,0,0.196199766096176,69.74
"08045",0.000917750561726637,2.45400486415477,1,1,0.289301403928176,91.19
"08047",0.000197941409342835,0.529282357976538,1,0,0.0493863787892737,0.83
"08049",0,0,0,0,0.185817269605618,65.22
"08051",0.000533855325206869,1.42749415739699,1,1,0.231782764636456,80.56
"08053",0,0,0,0,0.105966681478789,19.95
"08055",0,0,0,0,0.107426349111331,20.78
"08057",0,0,0,0,0.113670369396155,25.14
"08059",0.000603345174131129,1.61330545992422,1,1,0.365642228087842,98.57
"08061",0,0,0,0,0.101185158782951,17.79
"08063",0,0,0,0,0.122917568793805,30.8
"08065",0,0,0,0,0.122677001170555,30.7
"08067",0.000289435600578871,0.773931829955852,1,0,0.314041164612297,94.3
"08069",0.000491146827843013,1.31329443402721,1,1,0.347834912011661,97.55
"08071",0.000894134477825465,2.39085700330603,1,1,0.146868378255,45.53
"08073",0,0,0,0,0.100792467168144,17.5
"08075",0,0,0,0,0.150660837198478,47.73
"08077",0.000278710499422671,0.745253612253266,1,0,0.359241064685875,98.15
"08079",0,0,0,0,0.0832424777265916,8.3
"08081",0,0,0,0,0.163129479327018,54.66
"08083",0.00524507144149032,14.024977338113,1,1,0.256585382031597,85.84
"08085",0.00107022729589237,2.86171765989435,1,1,0.306641363017291,93.19
"08087",0,0,0,0,0.132737099207883,37.07
"08089",0,0,0,0,0.147789502532013,46.26
"08091",0,0,0,0,0.187130109801819,65.73
"08093",0.000243605359317905,0.651384767965279,1,0,0.229637852755471,79.86
"08095",0,0,0,0,0.0800538100184547,7.03
"08097",0.000145921494236101,0.390184513716251,1,0,0.167710627282787,57.14
"08099",0,0,0,0,0.111802558597781,23.77
"08101",0.000127102486971995,0.339863721454578,1,0,0.258784366264727,86.26
"08103",0,0,0,0,0.0887810580848346,10.85
"08105",0,0,0,0,0.135448338290883,38.82
"08107",0.00175140643243817,4.68314603505023,1,1,0.273805125261113,88.86
"08109",0,0,0,0,0.104197421149157,19.09
"08111",0,0,0,0,0.137031707643048,39.8
"08113",0,0,0,0,0.180426853544346,63.16
"08115",0,0,0,0,0.0953795480406238,14.32
"08117",8.15893607473585e-05,0.218164604291394,1,0,0.201766762486497,71.56
"08119",0,0,0,0,0.18684359890114,65.61
"08121",0,0,0,0,0.114204633069713,25.49
"08123",0.00038040006603171,1.0171648499025,1,1,0.31850696653196,94.97
"08125",0,0,0,0,0.107102695200059,20.59
"09110",0.000254220052877771,0.679767762990001,1,0,0.275353093759011,89.06
"09120",0.000319192594731802,0.85350008241928,1,0,0.318761177167515,95.1
"09130",0.00302852559882211,8.09807899953147,1,1,0.297767285957609,92.24
"09140",0.000194436999784543,0.519911796452872,1,0,0.311810751840205,94.02
"09150",0.00108807350541014,2.90943725472734,1,1,0.266403888772555,87.4
"09160",0.00199453184527811,5.33324745758314,1,1,0.294746793126,91.82
"09170",0.000146324860275663,0.391263088074472,1,0,0.278041358564436,89.66
"09180",0.000468764211601564,1.25344478487452,1,1,0.221311363124509,77.7
"09190",0.000220898142393888,0.590667157857671,1,0,0.338077502657038,96.95
"10001",4.86245335083817e-05,0.13001881635717,1,0,0.216647254727726,76.39
"10003",6.97178850624884e-05,0.186421056218204,1,0,0.246588756182405,84.06
"10005",1.90298578469619e-05,0.0508845929037178,1,0,0.286726577200689,90.77
"11001",1.23272034259764e-05,0.0329621341902071,1,0,0.134063850042629,37.93
"12001",7.07218125357627e-05,0.18910549249688,1,0,0.201873004597577,71.71
"12003",0,0,0,0,0.124310504601819,31.98
"12005",7.51226108326805e-05,0.200872938769516,1,0,0.309559770366431,93.7
"12007",0.000284535495803101,0.760829270877072,1,0,0.147466414224454,45.94
"12009",0.000326203108303181,0.872245736327702,1,0,0.311826036231445,94.08
"12011",0.000948127651349454,2.53523121127137,1,1,0.431613785490143,99.94
"12013",0,0,0,0,0.11132882621482,23.67
"12015",0.000978300963867015,2.61591267176151,1,1,0.311402776255733,93.95
"12017",0.000402921178544447,1.07738482900931,1,1,0.273305367966883,88.74
"12019",4.62114327084521e-05,0.123566342942627,1,0,0.304542860314328,92.87
"12021",0.000446733454173877,1.1945359831334,1,1,0.340750049453258,97.17
"12023",0,0,0,0,0.225981629156315,78.97
"12027",0.00204237937196834,5.46118860862388,1,1,0.163779266878613,54.98
"12029",0,0,0,0,0.12139378546037,29.53
"12031",0.000255813399219849,0.68402826670071,1,0,0.343612182785923,97.36
"12033",0.000460297853497098,1.23080629808248,1,1,0.289042694621379,91.06
"12035",0.000580258978744197,1.55157448624029,1,1,0.276220064629864,89.37
"12037",0,0,0,0,0.163953281786752,55.04
"12039",8.71801577960856e-05,0.233114029248722,1,0,0.123104494733562,31.02
"12041",0,0,0,0,0.123344552763107,31.31
"12043",0,0,0,0,0.126208010575207,33.09
"12045",0,0,0,0,0.168385105908573,57.65
"12047",0,0,0,0,0.0946586982099199,13.9
"12049",0,0,0,0,0.132564200457161,37
"12051",0,0,0,0,0.170431365249831,58.45
"12053",0.000332167832167832,0.88819501708832,1,0,0.280960498253455,90.14
"12055",0,0,0,0,0.258198101452968,86.1
"12057",0.000304495893311965,0.814202065860775,1,0,0.37410535744035,98.76
"12059",0,0,0,0,0.141298186307947,42.13
"12061",0.000835866261398176,2.23505161075016,1,1,0.325943372944922,95.64
"12063",0,0,0,0,0.152184413763939,48.74
"12065",0,0,0,0,0.14741453452753,45.91
"12067",0,0,0,0,0.0864209112033694,9.51
"12069",0.000396893744804811,1.0612678661522,1,1,0.335922659274785,96.63
"12071",0.000412398245215583,1.10272588427941,1,1,0.350626562865314,97.77
"12073",0.00015052180893765,0.402485453781061,1,0,0.232216270790776,80.69
"12075",0.00289071242073853,7.72957559188936,1,1,0.220370004000428,77.38
"12077",0,0,0,0,0.0604710403348031,1.97
"12079",0,0,0,0,0.124829042001653,32.26
"12081",0.000844227593827207,2.25740926576816,1,1,0.360491924360437,98.22
"12083",0.000178881543151446,0.478317524726194,1,0,0.344698404184328,97.42
"12085",0.000814768256628722,2.1786369284962,1,1,0.327879648122962,95.86
"12086",0.000388980963285001,1.04010960687304,1,1,0.415603135184372,99.81
"12087",0.000404679567360753,1.08208664548128,1,1,0.233351894256609,80.94
"12089",0.000160482732058031,0.429120309490543,1,0,0.280926023899645,90.1
"12091",0.000391115845184698,1.04581814117935,1,1,0.222371342234667,77.98
"12093",0.000907251029380976,2.4259298026706,1,1,0.19478916149361,69.27
"12095",0.000215761160101523,0.576931203821509,1,0,0.317403858590554,94.81
"12097",0.000242643490536904,0.648812793873741,1,0,0.289179089164032,91.12
"12099",0.000549497053940558,1.46931911506746,1,1,0.383786724314787,99.2
"12101",0.00115845643183414,3.09763658796773,1,1,0.360620082951586,98.25
"12103",0.000938326887848565,2.50902461188954,1,1,0.412291742391557,99.75
"12105",0.000260556837388535,0.696711909538121,1,0,0.320816778188287,95.26
"12107",0.00010128633647321,0.270833026688693,1,0,0.196966289511986,70
"12109",0.00030818540433925,0.824067576583293,1,0,0.318054761943996,94.88
"12111",0.000466480074636812,1.24733715230456,1,1,0.336650672377939,96.79
"12113",0.000391903278270923,1.04792368565339,1,1,0.305875972180409,93.03
"12115",0.000849113885621039,2.27047488983837,1,1,0.362637778403768,98.35
"12117",0.000702646072545051,1.87882955534317,1,1,0.385450158827995,99.24
"12119",0,0,0,0,0.210322856145509,74.55
"12121",0,0,0,0,0.164942182155067,55.62
"12123",0,0,0,0,0.130750408753414,35.83
"12125",0.00025879917184265,0.692012027043859,1,0,0.075549412168142,5.38
"12127",0.000873886385322488,2.33671493076001,1,1,0.367747970907669,98.6
"12129",0,0,0,0,0.173963540123502,60.2
"12131",0.00151596906395334,4.05360193934455,1,1,0.295261079952335,91.95
"12133",0,0,0,0,0.13891350168774,40.95
"13001",0,0,0,0,0.12602344607963,32.96
"13003",0,0,0,0,0.0967202610097111,15.05
"13005",0,0,0,0,0.110845963620473,23.23
"13007",0,0,0,0,0.0975464689525771,15.72
"13009",0,0,0,0,0.162446750474941,54.37
"13011",0.000342817963661296,0.916672770825324,1,0,0.128439845493639,34.33
"13013",0.000244618395303327,0.654093559808579,1,0,0.255139273962919,85.27
"13015",0.000546704154951578,1.46185108618262,1,1,0.255690791845397,85.52
"13017",0,0,0,0,0.101794031133451,17.98
"13019",0,0,0,0,0.117106811048619,27.04
"13021",0.000203507105789777,0.544164665569474,1,0,0.255670078623734,85.49
"13023",0,0,0,0,0.107821500337525,21.09
"13025",0,0,0,0,0.102759668326769,18.33
"13027",0,0,0,0,0.107999025873117,21.32
"13029",0,0,0,0,0.195342692180146,69.46
"13031",0,0,0,0,0.230907855212199,80.11
"13033",0,0,0,0,0.12177758112738,29.81
"13035",0,0,0,0,0.12399837632437,31.75
"13037",0.0006426735218509,1.71846688463848,1,1,0.0731632185528136,4.61
"13039",0.000346654781359877,0.926932169934249,1,0,0.138562099176105,40.73
"13043",0.00206367924528302,5.51814307413982,1,1,0.129669881802913,35.13
"13045",0.000512956911619424,1.37161316888502,1,1,0.203258319764207,72.19
"13047",0,0,0,0,0.217177546281787,76.52
"13049",0,0,0,0,0.103024925249517,18.45
"13051",5.27479019521999e-05,0.141044433381904,1,0,0.262213253100893,86.73
"13053",0,0,0,0,0.0302887161170129,0.13
"13055",0,0,0,0,0.107017513320148,20.52
"13057",0.000150146681758333,0.401482388284714,1,0,0.324379684700029,95.58
"13059",0,0,0,0,0.189669480014211,66.78
"13061",0,0,0,0,0.0828912348697715,8.08
"13063",9.6193486326783e-05,0.257215079118899,1,0,0.194997476261893,69.33
"13065",0,0,0,0,0.108301231086809,21.38
"13067",0.000186866988077886,0.499670081193233,1,0,0.348318772362923,97.61
"13069",0,0,0,0,0.154227819127632,49.7
"13071",0,0,0,0,0.15200580110187,48.62
"13073",0.000218981298997066,0.585541644220529,1,0,0.255768972340384,85.59
"13075",0,0,0,0,0.12496963510572,32.33
"13077",7.10656291084817e-05,0.190024835482889,1,0,0.249990047558907,84.6
"13079",0,0,0,0,0.099640188040861,16.86
"13081",0,0,0,0,0.140257736328887,41.58
"13083",0,0,0,0,0.103404005415467,18.87
"13085",7.70594128072744e-05,0.206051820335784,1,0,0.179668145887091,62.9
"13087",0,0,0,0,0.151512197397368,48.36
"13089",0.000132382060259187,0.353980954467278,1,0,0.283646041103257,90.26
"13091",0,0,0,0,0.122419364164177,30.38
"13093",0,0,0,0,0.0898402428625138,11.45
"13095",0.000234760153376634,0.627733266882574,1,0,0.207996274567955,73.78
"13097",0.000623355035323452,1.66681051755626,1,1,0.251557811484408,84.76
"13099",0,0,0,0,0.0946824135916932,13.94
"13101",0,0,0,0,0.0793000067591245,6.75
"13103",0,0,0,0,0.175128478796582,60.83
"13105",0,0,0,0,0.135179246173366,38.59
"13107",0,0,0,0,0.133226961100961,37.32
"13109",0,0,0,0,0.100421059958108,17.18
"13111",0,0,0,0,0.205547695979969,72.86
"13113",5.39859636494511e-05,0.144354929233263,1,0,0.306602925940082,93.16
"13115",0,0,0,0,0.175087205206437,60.8
"13117",0.00106942340254879,2.85956810177075,1,1,0.331646736301449,96.18
"13119",0.000208420175072947,0.557301890891511,1,0,0.147228105267455,45.82
"13121",0.000223689930743652,0.598132216966023,1,0,0.290419404158689,91.35
"13123",0,0,0,0,0.19839809516014,70.28
"13125",0,0,0,0,0.0872872142223138,9.99
"13127",0.000213702611445912,0.571426779607956,1,0,0.240458578189573,82.53
"13129",3.50201365785327e-05,0.093641550428908,1,0,0.133133758044948,37.26
"13131",0,0,0,0,0.137066742160553,39.87
"13133",0,0,0,0,0.144110790829622,43.94
"13135",0.00165634339284397,4.42895369641891,1,1,0.452911911017929,100
"13137",0,0,0,0,0.171583269994121,58.73
"13139",0.000167377286021354,0.447555895005567,1,0,0.242650057140177,83.01
"13141",0,0,0,0,0.126055106104335,32.99
"13143",0,0,0,0,0.144311512825103,44.03
"13145",0.00012482836100362,0.333782857632938,1,0,0.145779312035797,44.89
"13147",0,0,0,0,0.128998613418312,34.62
"13149",0,0,0,0,0.108567909371377,21.54
"13151",0.000178675123955867,0.477765573323352,1,0,0.209960181566765,74.42
"13153",6.553509404286e-05,0.175236547119567,1,0,0.153633040175556,49.32
"13155",0,0,0,0,0.0901365755082654,11.64
"13157",5.98455983562409e-05,0.16002320847199,1,0,0.157165728688195,51.26
"13159",0,0,0,0,0.148478467916361,46.64
"13161",0,0,0,0,0.114786409572698,25.74
"13163",0,0,0,0,0.113785540969474,25.23
"13165",0,0,0,0,0.0882896220820931,10.63
"13167",0,0,0,0,0.108985760851071,21.76
"13169",0,0,0,0,0.149348917527268,47.15
"13171",0,0,0,0,0.124289629656316,31.94
"13173",0,0,0,0,0.100981698928152,17.56
"13175",0,0,0,0,0.188926343687103,66.4
"13177",0,0,0,0,0.178456931341763,62.39
"13179",0,0,0,0,0.0737842811003531,4.77
"13181",0,0,0,0,0.13978215458943,41.3
"13183",0,0,0,0,0.125090093214225,32.52
"13185",1.62066674229778e-05,0.0433355667066021,1,0,0.227450274164711,79.32
"13187",0,0,0,0,0.179319938142085,62.77
"13189",0.000467617488894085,1.2503785234966,1,1,0.151334216613213,48.17
"13191",0,0,0,0,0.134391025606934,38.12
"13193",0,0,0,0,0.103153614541807,18.61
"13195",0,0,0,0,0.167248298080621,56.89
"13197",0,0,0,0,0.0800645568469975,7.06
"13199",0,0,0,0,0.130711666330918,35.73
"13201",0,0,0,0,0.0813517581981536,7.48
"13205",0,0,0,0,0.113113300130634,24.75
"13207",0.000432245515452777,1.15579618435162,1,1,0.150914020001905,47.95
"13209",0,0,0,0,0.107650154104459,20.9
"13211",0,0,0,0,0.165272339935073,55.9
"13213",0,0,0,0,0.121644183779582,29.78
"13215",9.87703096449207e-06,0.0264105335818803,1,0,0.226740442221685,79.16
"13217",2.99805126667666e-05,0.0801659263228142,1,0,0.222349674244615,77.95
"13219",5.30447697856991e-05,0.141838238515673,1,0,0.231677269902405,80.43
"13221",0,0,0,0,0.122389284111724,30.32
"13223",5.4159445407279e-05,0.144818808085868,1,0,0.281932549045986,90.2
"13225",0.00228274559193955,6.10391213022879,1,1,0.1357674287868,39.01
"13227",0.000370061985382552,0.989521499675259,1,0,0.214411135195399,75.79
"13229",0,0,0,0,0.143017155722077,43.11
"13231",0.000928289626363425,2.48218563239496,1,1,0.172400484048385,59.21
"13233",0,0,0,0,0.15448995761009,49.98
"13235",0,0,0,0,0.0927233672574966,12.85
"13237",0,0,0,0,0.169034825716338,57.94
"13239",0,0,0,0,0.0669588141587979,3.21
"13241",0,0,0,0,0.164133363470521,55.17
"13243",0,0,0,0,0.0978188052361529,15.84
"13245",0.000119021169898753,0.318254809149253,1,0,0.198177419296544,70.19
"13247",0.000672444710101614,1.79807309118927,1,1,0.262807165409664,86.89
"13249",0,0,0,0,0.103814076877058,18.96
"13251",0,0,0,0,0.112860261556695,24.56
"13253",0,0,0,0,0.0842374400199086,8.88
"13255",0,0,0,0,0.182501671720144,63.76
"13257",0,0,0,0,0.149114072378983,46.93
"13259",0,0,0,0,0.0431794326510262,0.6
"13261",0,0,0,0,0.156334169370474,50.87
"13263",0,0,0,0,0.0895163720116855,11.17
"13265",0,0,0,0,0.041795570076689,0.51
"13267",0,0,0,0,0.0936852061884323,13.55
"13269",0.0010126582278481,2.70778174430123,1,1,0.118181774680733,27.65
"13271",0,0,0,0,0.104500845123564,19.34
"13273",0,0,0,0,0.114936065009368,25.87
"13275",4.19938688951413e-05,0.112288853672258,1,0,0.205605249540006,72.89
"13277",0,0,0,0,0.167118662590698,56.76
"13279",0,0,0,0,0.142832981646695,42.95
"13281",0,0,0,0,0.131022941715622,36.14
"13283",0,0,0,0,0.111003224464243,23.35
"13285",0,0,0,0,0.139347742721984,41.14
"13287",0,0,0,0,0.123882919366899,31.63
"13289",0,0,0,0,0.0866513792724631,9.64
"13291",0,0,0,0,0.18273071783612,63.82
"13293",0,0,0,0,0.139734749336408,41.27
"13295",0,0,0,0,0.136375244250618,39.29
"13297",6.38345408700648e-05,0.170689379368515,1,0,0.246496303302733,83.96
"13299",0.000183183733284484,0.489821299230165,1,0,0.166550861785554,56.38
"13301",0,0,0,0,0.122472234586217,30.42
"13303",0,0,0,0,0.121508266546792,29.65
"13305",0,0,0,0,0.15296592714792,49.09
"13307",0,0,0,0,0.0959571419839483,14.6
"13309",0,0,0,0,0.0987552461641631,16.32
"13311",0.0009021199819576,2.41220971808522,1,1,0.205963967525421,73.02
"13313",0.000352468077607062,0.942476543168437,1,0,0.182930510913953,63.95
"13315",0,0,0,0,0.0935287002127907,13.36
"13317",0,0,0,0,0.118469654537288,27.78
"13319",0,0,0,0,0.0800712171354193,7.1
"13321",0,0,0,0,0.149217013879771,47.06
"15001",0.000159273711873855,0.425887468742131,1,0,0.26655673699991,87.43
"15003",0.000195660720653178,0.523183945868229,1,0,0.268134276402297,87.75
"15007",0,0,0,0,0.211512521671596,74.99
"15009",0.00030454593372612,0.814335870649201,1,0,0.273153681436662,88.71
"16001",0.000407124365616327,1.08862387581516,1,1,0.426173878232328,99.87
"16003",0,0,0,0,0.141364949372549,42.19
"16005",0.00053931108870495,1.44208251148831,1,1,0.299511177133323,92.43
"16007",0,0,0,0,0.15177136645793,48.49
"16009",0,0,0,0,0.138827313377288,40.88
"16011",5.26288090100521e-05,0.140725986658464,1,0,0.203202763012543,72.16
"16013",0.000816707502041769,2.18382234365678,1,1,0.26805299135051,87.72
"16015",0,0,0,0,0.157248002186026,51.38
"16017",5.13821806597472e-05,0.137392584138191,1,0,0.304844657573647,92.9
"16019",0.000876462596958675,2.34360355186246,1,1,0.375771191937423,98.89
"16021",0,0,0,0,0.17440171739824,60.42
"16023",0,0,0,0,0.0232735721473652,0.1
"16025",0,0,0,0,0.125421635479858,32.68
"16027",0.000233435785705949,0.624191994513668,1,0,0.331361549469918,96.15
"16029",0.000999250562078441,2.67193052460402,1,1,0.121797777815008,29.84
"16031",0,0,0,0,0.167323124653751,56.95
"16033",0,0,0,0,0.0718671581779035,4.14
"16035",0.000320821302534488,0.857855140358508,1,0,0.140639635754456,41.74
"16037",0,0,0,0,0.135982020734775,39.13
"16039",0,0,0,0,0.122181411235813,30.23
"16041",0,0,0,0,0.184358877293929,64.72
"16043",0,0,0,0,0.173244504004008,59.72
"16045",0.00178986933953821,4.78599332825751,1,1,0.232470965687192,80.75
"16047",0,0,0,0,0.10882488504709,21.67
"16049",0,0,0,0,0.200035557553356,70.98
"16051",0,0,0,0,0.198974719638934,70.57
"16053",0,0,0,0,0.130911974290606,36.02
"16055",0.000596673242249336,1.59546515126733,1,1,0.391107796329362,99.46
"16057",0.00734920006783877,19.6512794066748,1,1,0.217329473846604,76.58
"16059",0,0,0,0,0.185331489378672,65.07
"16061",0,0,0,0,0.101114014884525,17.72
"16063",0,0,0,0,0.0993613836314228,16.58
"16065",0.000322211084061292,0.861571325092268,1,0,0.176192989176136,61.5
"16067",0,0,0,0,0.142713619485561,42.86
"16069",0.00111482720178372,2.98097488572739,1,1,0.210234925809161,74.48
"16071",0,0,0,0,0.108562655251423,21.51
"16073",0,0,0,0,0.115271307715194,25.99
"16075",0,0,0,0,0.179174375394355,62.68
"16077",0,0,0,0,0.0685468583310886,3.44
"16079",0,0,0,0,0.151198823944677,48.04
"16081",0.000501672240802676,1.34143869857733,1,1,0.236010636273264,81.55
"16083",6.29062696582093e-05,0.168207242975307,1,0,0.294042162524179,91.79
"16085",0.00141132193821546,3.77378238238627,1,1,0.203739731762669,72.41
"16087",0,0,0,0,0.15301068887424,49.13
"17001",0.000262230121499956,0.701186161605933,1,0,0.226575826074246,79.06
"17003",0,0,0,0,0.0636243008095225,2.51
"17005",0,0,0,0,0.120419455526319,28.99
"17007",0,0,0,0,0.17428394095529,60.36
"17009",0,0,0,0,0.0572266540553796,1.59
"17011",0,0,0,0,0.154307169024928,49.83
"17013",0,0,0,0,0.10798757845642,21.29
"17015",0,0,0,0,0.129239788723955,34.81
"17017",0,0,0,0,0.0938484998318536,13.62
"17019",4.53128398462988e-05,0.121163564511775,1,0,0.177871141925842,62.11
"17021",0,0,0,0,0.150650822006662,47.66
"17023",0,0,0,0,0.111185789691578,23.54
"17025",0,0,0,0,0.10778322560957,21.06
"17027",0,0,0,0,0.163313396602378,54.79
"17029",0,0,0,0,0.13834240695412,40.53
"17031",0.000335500193707217,0.897105533483306,1,0,0.38095582500666,99.05
"17033",0,0,0,0,0.126655765551933,33.41
"17035",0,0,0,0,0.0902522484694717,11.8
"17037",0,0,0,0,0.211124886101943,74.83
"17039",0,0,0,0,0.106543479534415,20.27
"17041",0,0,0,0,0.159589392744732,52.91
"17043",0.000234962406015038,0.628274077184556,1,0,0.403895770151679,99.62
"17045",0.00219646125686394,5.87319347223361,1,1,0.0813501391252292,7.45
"17047",0,0,0,0,0.0969959775347061,15.21
"17049",0,0,0,0,0.201100711491759,71.3
"17051",0,0,0,0,0.172425832010402,59.24
"17053",0,0,0,0,0.099615434225922,16.83
"17055",0,0,0,0,0.162824433315704,54.5
"17057",0.00216160576428204,5.77999216906298,1,1,0.160177177444375,53.26
"17059",0,0,0,0,0.086843333863602,9.8
"17061",0,0,0,0,0.088858949707089,10.91
"17063",0,0,0,0,0.159793674976016,53.01
"17065",0,0,0,0,0.106561251198907,20.3
"17067",0,0,0,0,0.134875710441109,38.53
"17069",0,0,0,0,0.0540670840536215,1.21
"17071",0,0,0,0,0.102965709995849,18.42
"17073",0.000362691168470048,0.969812418242448,1,0,0.164114006634459,55.14
"17075",0,0,0,0,0.132787002505784,37.13
"17077",0,0,0,0,0.159651959843257,52.97
"17079",0,0,0,0,0.113445015171797,25.01
"17081",0,0,0,0,0.139422336524722,41.17
"17083",0,0,0,0,0.13259308147497,37.03
"17085",0,0,0,0,0.196694123486393,69.87
"17087",0,0,0,0,0.088863229765256,10.94
"17089",0.000180309359343674,0.482135411662983,1,0,0.374588009737152,98.82
"17091",0.000263718875678527,0.705166992725087,1,0,0.215423683106171,76.11
"17093",2.84406018031342e-05,0.0760483055799741,1,0,0.249406263410145,84.51
"17095",0,0,0,0,0.157230317350607,51.29
"17097",0.000169483317999128,0.45318728651112,1,0,0.27332923589239,88.77
"17099",0.00120229142601193,3.21484849000144,1,1,0.242835249839118,83.07
"17101",0,0,0,0,0.0854884158538928,9.29
"17103",0,0,0,0,0.159629627036169,52.94
"17105",0,0,0,0,0.139933371799637,41.46
"17107",0.00010501995379122,0.280816474742435,1,0,0.11366392955557,25.1
"17109",0,0,0,0,0.112736476547228,24.44
"17111",0.00010201148092849,0.272772015445207,1,0,0.331003441906414,96.02
"17113",0,0,0,0,0.162868275694521,54.53
"17115",0.000102899713938795,0.275147092311073,1,0,0.201129002483504,71.33
"17117",0.000426949022286739,1.1416337086916,1,1,0.151493596659536,48.33
"17119",1.72787669871878e-05,0.0462022906892927,1,0,0.256306307236718,85.71
"17121",0.000429184549356223,1.1476113615869,1,1,0.157441710974409,51.48
"17123",0,0,0,0,0.0901914257182929,11.68
"17125",0,0,0,0,0.107435161720698,20.87
"17127",0,0,0,0,0.106229726422991,20.04
"17129",0,0,0,0,0.131464276978459,36.53
"17131",0,0,0,0,0.113443003944256,24.98
"17133",0,0,0,0,0.190841055240529,67.36
"17135",0.0157472315351011,42.107065248106,1,1,0.142484532680371,42.67
"17137",0,0,0,0,0.147528876227731,46.01
"17139",0,0,0,0,0.117868771810381,27.46
"17141",0.000722935116573288,1.93308112958429,1,1,0.172654697373551,59.5
"17143",6.35433592650757e-05,0.169910778837177,1,0,0.199650824933654,70.86
"17145",0,0,0,0,0.112413639242104,24.34
"17147",0,0,0,0,0.12878103802412,34.52
"17149",0,0,0,0,0.141362060803561,42.16
"17151",0,0,0,0,0.0834259144904625,8.4
"17153",0,0,0,0,0.0575889467170997,1.62
"17155",0,0,0,0,0.100878060384812,17.53
"17157",0.0084040819826773,22.4719645231757,1,1,0.13524300048138,38.66
"17159",0.0177282711013492,47.4042352356784,1,1,0.145862996316399,45.05
"17161",0.000107420039208314,0.287234145876141,1,0,0.210326848575109,74.58
"17163",0,0,0,0,0.270944648784758,88.32
"17165",0,0,0,0,0.109971078720854,22.49
"17167",0.000112572204515553,0.301010698299171,1,0,0.148221006885842,46.48
"17169",0,0,0,0,0.0899959398434361,11.58
"17171",0,0,0,0,0.116710025328065,26.79
"17173",0,0,0,0,0.125181350939048,32.58
"17175",0,0,0,0,0.0796226578763234,6.84
"17177",0,0,0,0,0.162634228708089,54.47
"17179",0,0,0,0,0.212362632390253,75.37
"17181",0,0,0,0,0.106213756720748,20.01
"17183",0,0,0,0,0.167718186548387,57.17
"17185",0,0,0,0,0.101077312688071,17.69
"17187",0,0,0,0,0.0866760956176845,9.67
"17189",0,0,0,0,0.111806277036926,23.8
"17191",0,0,0,0,0.137940752445944,40.31
"17193",0,0,0,0,0.105442174048472,19.85
"17195",0,0,0,0,0.196830121687523,69.93
"17197",0.000518150823341658,1.38550134848621,1,1,0.35058720841674,97.74
"17199",0.000671205292933167,1.79475897089676,1,1,0.184303029147713,64.68
"17201",4.36262106273449e-05,0.116653628500893,1,0,0.262165114933393,86.7
"17203",0,0,0,0,0.140894939419851,41.93
"18001",6.553509404286e-05,0.175236547119567,1,0,0.184471431831801,64.81
"18003",0.000580887431334074,1.55325492728469,1,1,0.338549071930075,96.98
"18005",0.000204765450483991,0.547529396825617,1,0,0.173308063738297,59.82
"18007",0,0,0,0,0.143574003451794,43.56
"18009",0.000306184935701164,0.818718454530762,1,0,0.120232073751215,28.86
"18011",0,0,0,0,0.188877322188511,66.37
"18013",0.0004995004995005,1.33563160464409,1,1,0.187760930103302,65.99
"18015",0,0,0,0,0.138037970833951,40.41
"18017",6.3023886052814e-05,0.168521741507372,1,0,0.142860061025533,42.98
"18019",0.000515085769584966,1.37730559558613,1,1,0.2713260716224,88.42
"18021",0,0,0,0,0.140937026435085,41.97
"18023",0.000156274417877793,0.417867553132907,1,0,0.138151770329352,40.44
"18025",0,0,0,0,0.110773315343715,23.1
"18027",6.58978583196046e-05,0.176206555024545,1,0,0.173815055203666,60.1
"18029",0,0,0,0,0.194911081182934,69.3
"18031",0,0,0,0,0.15442314878925,49.95
"18033",0,0,0,0,0.167217837502925,56.86
"18035",1.99223030182289e-05,0.0532709328119827,1,0,0.242705503770366,83.04
"18037",3.33789512333523e-05,0.0892531283586725,1,0,0.170724659050356,58.48
"18039",0.000285173187870634,0.762534417679285,1,0,0.252643428939077,84.92
"18041",0.000588235294117647,1.57290263088086,1,1,0.145793106416863,44.93
"18043",0.000110668437361664,0.295920149678781,1,0,0.211933788502926,75.18
"18045",0.000351185250219491,0.939046346794546,1,0,0.134034134983339,37.89
"18047",0,0,0,0,0.159561979183065,52.88
"18049",0,0,0,0,0.172518319842904,59.37
"18051",0,0,0,0,0.112811087334653,24.5
"18053",0,0,0,0,0.153521814060428,49.25
"18055",0,0,0,0,0.170387172576617,58.42
"18057",0.000323329866518653,0.864562876072233,1,0,0.30288185607199,92.71
"18059",0.00214152415333313,5.72629525728341,1,1,0.232329931657588,80.72
"18061",0,0,0,0,0.176397665095262,61.53
"18063",0.000236143440272577,0.631432085398991,1,0,0.187026257407439,65.7
"18065",0.000195528905689891,0.522831481293907,1,0,0.177998821897598,62.17
"18067",0,0,0,0,0.207854642490091,73.72
"18069",0,0,0,0,0.176763233023625,61.69
"18071",8.13206473123526e-05,0.217446082174308,1,0,0.163722160648888,54.92
"18073",0,0,0,0,0.150670787233402,47.76
"18075",0,0,0,0,0.123073096974749,30.99
"18077",0,0,0,0,0.155161521649437,50.27
"18079",0,0,0,0,0.129669104263242,35.09
"18081",0.000245683477786119,0.65694152057537,1,0,0.260565023622643,86.57
"18083",0,0,0,0,0.146710125233553,45.37
"18085",0.000176331301325004,0.471498345193266,1,0,0.220419852751525,77.41
"18087",0.00122270742358079,3.26943952969123,1,1,0.235333950389431,81.42
"18089",9.8905446393248e-05,0.264466682628656,1,0,0.311352715626051,93.92
"18091",2.24275589844801e-05,0.0599698231025718,1,0,0.256569086613861,85.81
"18093",0,0,0,0,0.182179404867271,63.63
"18095",0.000156187246195725,0.417634461767198,1,0,0.241840138060131,82.82
"18097",0.000572801453245631,1.53163355173014,1,1,0.322740287727256,95.32
"18099",0,0,0,0,0.20581241471454,72.99
"18101",0.000223488657950609,0.597594026706329,1,0,0.0611740131645312,2.1
"18103",0.000290838584585555,0.777683317255687,1,0,0.157471968257813,51.51
"18105",0,0,0,0,0.187449134050379,65.77
"18107",0,0,0,0,0.158629697341078,52.18
"18109",0,0,0,0,0.230055480810121,79.96
"18111",0,0,0,0,0.117140470827085,27.14
"18113",0.000432245515452777,1.15579618435162,1,1,0.206038075773995,73.08
"18115",0,0,0,0,0.11712227786524,27.08
"18117",0,0,0,0,0.11863616714739,27.84
"18119",0,0,0,0,0.12559673795434,32.71
"18121",0,0,0,0,0.148615982844456,46.77
"18123",0,0,0,0,0.119921116330887,28.7
"18125",0,0,0,0,0.112168567126551,24.09
"18127",0.000142618765777201,0.3813532342367,1,0,0.285910086302813,90.65
"18129",0,0,0,0,0.137754696455,40.18
"18131",0,0,0,0,0.105393145817617,19.79
"18133",0,0,0,0,0.14971478367637,47.34
"18135",0,0,0,0,0.14762191882647,46.17
"18137",0,0,0,0,0.16408064743947,55.07
"18139",0,0,0,0,0.151426604445302,48.27
"18141",0.000367678253245468,0.98314755614071,1,0,0.286148849399642,90.71
"18143",0,0,0,0,0.104927210242169,19.54
"18145",9.72100709633518e-05,0.259933359822832,1,0,0.165214287343328,55.84
"18147",0,0,0,0,0.129526533042866,35.03
"18149",0,0,0,0,0.131109577689091,36.24
"18151",0.000556544968833482,1.48816477765888,1,1,0.203142567224864,72.06
"18153",0,0,0,0,0.112372573147613,24.28
"18155",0,0,0,0,0.119593888478461,28.41
"18157",0.000114334714877805,0.305723535514931,1,0,0.18411353096835,64.59
"18159",0,0,0,0,0.130739061612824,35.79
"18161",0,0,0,0,0.165176262205129,55.77
"18163",0.0016821370985314,4.49792437522998,1,1,0.317228957338626,94.78
"18165",0,0,0,0,0.0994509414929732,16.74
"18167",1.96475234296717e-05,0.0525361901978008,1,0,0.243374757907788,83.23
"18169",0.000357015351660121,0.954635656014805,1,0,0.176775140597163,61.72
"18171",0,0,0,0,0.153966656959625,49.6
"18173",0.000776812157110259,2.07714480555224,1,1,0.234715164787453,81.23
"18175",0,0,0,0,0.163310276970241,54.76
"18177",9.21517432038089e-05,0.246407722853399,1,0,0.198182913491072,70.22
"18179",0.00023830328064183,0.637207357017429,1,0,0.160865704051896,53.55
"18181",0,0,0,0,0.152198466414232,48.78
"18183",0,0,0,0,0.162892416784461,54.57
"19001",0,0,0,0,0.0996572177041086,16.89
"19003",0,0,0,0,0.0974901524991823,15.69
"19005",0.000169004563123204,0.451907127344511,1,0,0.147556888329218,46.07
"19007",0,0,0,0,0.154575742562986,50.02
"19009",0,0,0,0,0.0993806841367483,16.64
"19011",0,0,0,0,0.196284026842722,69.77
"19013",0.000421100987673226,1.12599644734217,1,1,0.241707531850548,82.79
"19015",9.13408841797589e-05,0.244239538956656,1,0,0.167982214570159,57.33
"19017",0,0,0,0,0.14252380083197,42.76
"19019",0,0,0,0,0.178430136472957,62.36
"19021",0,0,0,0,0.118661695909915,27.87
"19023",0,0,0,0,0.13172630882312,36.65
"19025",0,0,0,0,0.10767151146688,20.94
"19027",0.000855365474339036,2.2871912284193,1,1,0.174838225475819,60.58
"19029",0,0,0,0,0.147596618060293,46.1
"19031",0,0,0,0,0.154921351307407,50.17
"19033",0.000465983224603914,1.24600860787394,1,1,0.238448239528146,82.06
"19035",0,0,0,0,0.129521858990696,35
"19037",0,0,0,0,0.118268423875293,27.71
"19039",0.000380372765310004,1.01709184956161,1,1,0.0902100056339786,11.71
"19041",0.000102564102564103,0.27424968948692,1,0,0.213572907171543,75.56
"19043",0,0,0,0,0.156990636035315,51.16
"19045",0.000231943220299671,0.620200972421364,1,0,0.18504592249665,65
"19047",0,0,0,0,0.12437386451842,32.01
"19049",0.000289705787677847,0.774654292553828,1,0,0.159044058516665,52.53
"19051",0,0,0,0,0.144430252006984,44.19
"19053",0.00106990014265335,2.86084287357076,1,1,0.137828546947553,40.25
"19055",0.000126678489992399,0.338729981314602,1,0,0.161000594884108,53.58
"19057",0.00018305798361631,0.48948505285753,1,0,0.206590101701744,73.21
"19059",8.88809883565905e-05,0.237661938716334,1,0,0.179740057314322,62.93
"19061",1.56604807767598e-05,0.0418750994048621,1,0,0.284705304390769,90.36
"19063",0,0,0,0,0.127780778255983,33.92
"19065",0.000483150138905665,1.2919118118118,1,1,0.145043659473724,44.58
"19067",0,0,0,0,0.133282117685981,37.42
"19069",0.00083298625572678,2.22735066430443,1,1,0.126253274468329,33.15
"19071",0,0,0,0,0.0880824321539744,10.44
"19073",0,0,0,0,0.110954504029331,23.29
"19075",0,0,0,0,0.104243187037291,19.12
"19077",0,0,0,0,0.14771698438635,46.2
"19079",0,0,0,0,0.12674387503115,33.5
"19081",0,0,0,0,0.095939264136614,14.57
"19083",0.000852514919011083,2.27956903026212,1,1,0.142106755481127,42.51
"19085",0.000991080277502478,2.65008371902623,1,1,0.128647954716567,34.46
"19087",0,0,0,0,0.147278230326573,45.85
"19089",0,0,0,0,0.122572073832867,30.48
"19091",0,0,0,0,0.126507869692095,33.25
"19093",0.000942729201037002,2.52079610888284,1,1,0.101119599639507,17.75
"19095",0,0,0,0,0.117310019545219,27.24
"19097",0.000840218456798768,2.24668909606285,1,1,0.17108527378347,58.57
"19099",0.000163505559189012,0.437203151160476,1,0,0.208663941288658,74.07
"19101",0,0,0,0,0.171910206767326,58.96
"19103",7.13404877651063e-05,0.190759789519902,1,0,0.154806100748335,50.11
"19105",0,0,0,0,0.172644712170944,59.47
"19107",0,0,0,0,0.10776621212349,21.03
"19109",0,0,0,0,0.147086823297106,45.59
"19111",6.46746863277713e-05,0.172935873269788,1,0,0.152699549503734,49
"19113",4.3994720633524e-05,0.117639000109875,1,0,0.310875288394286,93.8
"19115",0,0,0,0,0.0862548058260475,9.45
"19117",0,0,0,0,0.115503138144341,26.19
"19119",0,0,0,0,0.113223097579423,24.82
"19121",0,0,0,0,0.182827353847822,63.92
"19123",0,0,0,0,0.144395951804086,44.1
"19125",0.000137124051558643,0.366660728471177,1,0,0.140740085245643,41.87
"19127",5.550621669627e-05,0.148419986262071,1,0,0.156249716227073,50.81
"19129",0,0,0,0,0.161005711865882,53.61
"19131",0,0,0,0,0.12115136963088,29.4
"19133",0,0,0,0,0.109992144716809,22.56
"19135",0,0,0,0,0.113318260530257,24.88
"19137",0,0,0,0,0.119614053026951,28.51
"19139",0,0,0,0,0.149722494595389,47.38
"19141",0.000130753138075314,0.349625323286803,1,0,0.139818689535796,41.33
"19143",0,0,0,0,0.0936767066498443,13.52
"19145",0,0,0,0,0.120558805262475,29.14
"19147",0,0,0,0,0.101830182706403,18.01
"19149",0.000367728175332794,0.983281044530951,1,0,0.140666420593314,41.78
"19151",0.000303859009419629,0.81249908006608,1,0,0.0822299052036167,7.7
"19153",0.000332271029144503,0.888470959041698,1,0,0.334164895327711,96.4
"19155",0,0,0,0,0.207032200213201,73.4
"19157",0.00255923388095435,6.84322369746731,1,1,0.103317043396986,18.74
"19159",0,0,0,0,0.10964980059764,22.37
"19161",0,0,0,0,0.130974751298937,36.05
"19163",0.000131101250504236,0.350556153110802,1,0,0.318268462747299,94.91
"19165",0,0,0,0,0.134678589803685,38.31
"19167",0.000403536446678161,1.07903001568187,1,1,0.159196622187647,52.66
"19169",0.000151929504709815,0.40624954003304,1,0,0.157399081874486,51.45
"19171",0,0,0,0,0.113293996192716,24.85
"19173",0,0,0,0,0.0764211243752714,5.73
"19175",0,0,0,0,0.121480424206342,29.62
"19177",0.000427167876975651,1.14221891178875,1,1,0.126220958351327,33.12
"19179",5.98336624184766e-05,0.159991292556541,1,0,0.17344221627154,59.94
"19181",0.000631632137443153,1.68894294624651,1,1,0.201850031088621,71.68
"19183",0,0,0,0,0.178374735500951,62.27
"19185",0,0,0,0,0.0968002190582141,15.08
"19187",0,0,0,0,0.175174806007329,60.9
"19189",0,0,0,0,0.122607951709051,30.64
"19191",0.00110227541138493,2.94741222068849,1,1,0.167764869691685,57.21
"19193",1.77803065324846e-05,0.0475433745687826,1,0,0.25806183723774,86.03
"19195",0,0,0,0,0.107432935728982,20.84
"19197",0,0,0,0,0.0733130638324344,4.68
"20001",0,0,0,0,0.1092936746919,22.14
"20003",0,0,0,0,0.133827381015714,37.73
"20005",0,0,0,0,0.130981399380454,36.11
"20007",0,0,0,0,0.0881674262280825,10.47
"20009",0,0,0,0,0.175888781307531,61.22
"20011",0,0,0,0,0.135980952321928,39.1
"20013",0,0,0,0,0.0960475054461953,14.7
"20015",0,0,0,0,0.193490074592932,68.5
"20017",0,0,0,0,0.0717274065491406,4.07
"20019",0,0,0,0,0.0757690037953497,5.44
"20021",0,0,0,0,0.110772827342106,23.07
"20023",0,0,0,0,0.0675674432671874,3.28
"20025",0,0,0,0,0.0686471405991067,3.47
"20027",0,0,0,0,0.12993038287702,35.38
"20029",0,0,0,0,0.139091945215483,41.01
"20031",0,0,0,0,0.0896162933706553,11.23
"20033",0,0,0,0,0.0721113273207353,4.3
"20035",0,0,0,0,0.128613064820894,34.39
"20037",0.000684529630354,1.83038737604951,1,1,0.160810864491863,53.48
"20039",0,0,0,0,0.0718280695781389,4.1
"20041",0.000268889486421081,0.718992867033469,1,0,0.127648027609646,33.85
"20043",0,0,0,0,0.0819859959903145,7.57
"20045",0.000356427577310839,0.953063985920209,1,0,0.22777924316,79.41
"20047",0,0,0,0,0.0764815788630978,5.79
"20049",0,0,0,0,0.0796193947780678,6.81
"20051",0.000448304847296161,1.19873778537292,1,1,0.196375365530946,69.84
"20053",0,0,0,0,0.0850473101749423,9.16
"20055",4.32937916702745e-05,0.115764761992271,1,0,0.178494964958716,62.46
"20057",0.000448810651772802,1.20009027339935,1,1,0.148900094706101,46.87
"20059",0.000253464008110848,0.677746148824975,1,0,0.137220508482238,39.9
"20061",0,0,0,0,0.0644546920179435,2.8
"20063",0,0,0,0,0.0599967583535058,1.94
"20065",0,0,0,0,0.0856718351453463,9.35
"20067",0,0,0,0,0.107147099668479,20.62
"20069",0,0,0,0,0.0796345249605043,6.87
"20071",0,0,0,0,0.0646008899302759,2.86
"20073",0,0,0,0,0.100704645606351,17.34
"20075",0,0,0,0,0.053677618615174,1.15
"20077",0,0,0,0,0.10660900778878,20.33
"20079",0,0,0,0,0.159893261218482,53.04
"20081",0,0,0,0,0.062552754797057,2.35
"20083",0,0,0,0,0.0537718540606805,1.18
"20085",0,0,0,0,0.10078021728185,17.44
"20087",0.000415973377703827,1.11228555428347,1,1,0.149140367388917,46.96
"20089",0,0,0,0,0.0653357569763978,2.96
"20091",0.000689844469220549,1.84459890691054,1,1,0.362726279361598,98.38
"20093",0,0,0,0,0.049136054489803,0.8
"20095",0,0,0,0,0.092863554417884,13.01
"20097",0,0,0,0,0.0582841387400713,1.72
"20099",0,0,0,0,0.106948836466306,20.49
"20101",0,0,0,0,0.0485669075565512,0.76
"20103",3.49784882297387e-05,0.0935301854733453,1,0,0.169522674732343,58.1
"20105",0,0,0,0,0.0851208308217261,9.2
"20107",0.00342075256556442,9.14686820694687,1,1,0.135258100668922,38.69
"20109",0,0,0,0,0.0764252540279219,5.76
"20111",0.00209680237637603,5.60671215620647,1,1,0.15823565882969,51.99
"20113",0,0,0,0,0.132786823666767,37.1
"20115",0,0,0,0,0.113786200703308,25.26
"20117",0.000985221674876847,2.6344181995049,1,1,0.122979295285787,30.83
"20119",0,0,0,0,0.0768786787715779,6.05
"20121",0.000368391969055075,0.985055985447585,1,0,0.185121512220815,65.03
"20123",0,0,0,0,0.106527944457753,20.24
"20125",0,0,0,0,0.141523430824897,42.32
"20127",0,0,0,0,0.110678314833069,23
"20129",0,0,0,0,0.0588650145272909,1.81
"20131",0,0,0,0,0.115623509486864,26.25
"20133",0,0,0,0,0.147104049827156,45.63
"20135",0,0,0,0,0.0782127006272611,6.4
"20137",0,0,0,0,0.0902471649312036,11.77
"20139",0,0,0,0,0.126193105177308,33.06
"20141",0,0,0,0,0.083845087793101,8.65
"20143",0,0,0,0,0.0868078061515419,9.77
"20145",0,0,0,0,0.0721679867887428,4.33
"20147",0,0,0,0,0.091907230600777,12.57
"20149",0,0,0,0,0.157237813520697,51.32
"20151",0,0,0,0,0.0965530652419398,14.89
"20153",0,0,0,0,0.0759355276283475,5.54
"20155",0.000331840053094409,0.887318557324529,1,0,0.217444254842922,76.65
"20157",0,0,0,0,0.090512033102944,11.96
"20159",0.00198631648642684,5.31128012634677,1,1,0.0852950494518437,9.23
"20161",0.000389559797428905,1.04165737144428,1,1,0.200238691442996,71.17
"20163",0,0,0,0,0.0876990476060959,10.18
"20165",0,0,0,0,0.0594200898790551,1.91
"20167",0,0,0,0,0.0993067814328274,16.54
"20169",0,0,0,0,0.190340159022192,67.1
"20171",0,0,0,0,0.0879865997610687,10.37
"20173",0.000236778459925246,0.633130086338975,1,0,0.306484065764685,93.13
"20175",0,0,0,0,0.123105143603932,31.05
"20177",9.22594335270781e-05,0.246695679721143,1,0,0.210354602705901,74.64
"20179",0,0,0,0,0.0829621560385997,8.18
"20181",0,0,0,0,0.125050234029002,32.45
"20183",0,0,0,0,0.0759513032202121,5.57
"20185",0,0,0,0,0.074351387644604,4.96
"20187",0,0,0,0,0.0559367794925671,1.37
"20189",0,0,0,0,0.0762570384190693,5.66
"20191",0,0,0,0,0.123647875815534,31.47
"20193",0,0,0,0,0.120419940864803,29.02
"20195",0,0,0,0,0.0925831557957431,12.76
"20197",0,0,0,0,0.0907805725492049,12.09
"20199",0,0,0,0,0.0848393000105016,9.1
"20201",0,0,0,0,0.0982264519485775,15.94
"20203",0,0,0,0,0.0805031108108764,7.16
"20205",0,0,0,0,0.0981248301725199,15.91
"20207",0,0,0,0,0.0923932603307764,12.73
"20209",0.000665485755668862,1.779465303039,1,1,0.246004589193286,83.9
"21001",0,0,0,0,0.152248121429032,48.81
"21003",0,0,0,0,0.124734611891805,32.23
"21005",0,0,0,0,0.184461923571605,64.78
"21007",0,0,0,0,0.119622485334577,28.54
"21009",0,0,0,0,0.212107811173271,75.31
"21011",0,0,0,0,0.134758332666669,38.43
"21013",0.0005493298176225,1.46887193611155,1,1,0.143399399808258,43.43
"21015",1.8033777264817e-05,0.0482211386977353,1,0,0.230953785240822,80.15
"21017",0,0,0,0,0.111904953155288,23.89
"21019",0,0,0,0,0.206738701194216,73.34
"21021",0.00455511691466748,12.1800841443857,1,1,0.180515288046153,63.22
"21023",0,0,0,0,0.113765246164829,25.2
"21025",0,0,0,0,0.0959192860699654,14.54
"21027",0,0,0,0,0.168785349371718,57.81
"21029",0.000370244670019438,0.990009986423425,1,0,0.173553308860435,60.01
"21031",0,0,0,0,0.140322538622236,41.62
"21033",0.00018152114721365,0.485375653021868,1,0,0.122591954229031,30.51
"21035",0.000664783114508891,1.77758648661956,1,1,0.163936683966103,55.01
"21037",0,0,0,0,0.243354315486476,83.2
"21039",0,0,0,0,0.0936324068325799,13.46
"21041",0,0,0,0,0.112296029573051,24.21
"21043",0,0,0,0,0.139600130137812,41.2
"21045",0,0,0,0,0.132414639646055,36.94
"21047",0,0,0,0,0.0936144517456923,13.43
"21049",0.00382939389937937,10.239548356322,1,1,0.180415757008068,63.12
"21051",0,0,0,0,0.127833650640301,33.95
"21053",0.00273020600645321,7.3003919576749,1,1,0.122599860488819,30.61
"21055",0,0,0,0,0.121217630282118,29.43
"21057",0,0,0,0,0.100714169200502,17.37
"21059",0.00026312821862196,0.703587614460109,1,0,0.238831525888188,82.18
"21061",0,0,0,0,0.122597078419594,30.58
"21063",0,0,0,0,0.0708295716256111,3.82
"21065",0.00221975582685905,5.93548162596553,1,1,0.129771254452956,35.25
"21067",0.000372467222884386,0.995952947145958,1,0,0.308666439382655,93.57
"21069",0,0,0,0,0.157072698760932,51.22
"21071",0,0,0,0,0.156101547772923,50.72
"21073",0.000134041070183904,0.358417038295195,1,0,0.144454998189291,44.26
"21075",0,0,0,0,0.0895496117912599,11.2
"21077",0,0,0,0,0.0680673173371167,3.37
"21079",0,0,0,0,0.17998198235822,63
"21081",0.000469410107964325,1.25517186942457,1,1,0.159109921719282,52.59
"21083",0,0,0,0,0.180702779094612,63.28
"21085",0.00011454753722795,0.306292608533502,1,0,0.161457657026476,53.87
"21087",0,0,0,0,0.131740347323374,36.68
"21089",0,0,0,0,0.171857448296705,58.92
"21091",0,0,0,0,0.0825713839369475,7.99
"21093",1.6790355619732e-05,0.0448963106970931,1,0,0.186230021148423,65.35
"21095",0,0,0,0,0.103476747697275,18.9
"21097",0,0,0,0,0.131334923166657,36.4
"21099",0,0,0,0,0.116653592402763,26.73
"21101",0,0,0,0,0.169538894504356,58.13
"21103",0,0,0,0,0.145842329758801,44.99
"21105",0,0,0,0,0.0711821388576013,3.88
"21107",5.11195174317554e-05,0.136690239878206,1,0,0.151791823922589,48.52
"21109",0.00129032258064516,3.45023802902899,1,1,0.150790749689707,47.92
"21111",0.000263872135102533,0.705576798382173,1,0,0.326679512777105,95.74
"21113",0.000270318976392143,0.72281522954518,1,0,0.237635534466062,81.93
"21115",0,0,0,0,0.136808036027215,39.48
"21117",8.57979825217253e-05,0.229418183135577,1,0,0.225543328151019,78.87
"21119",0,0,0,0,0.10255896483975,18.26
"21121",0.000222197533607377,0.59414164481668,1,0,0.15180797104063,48.55
"21123",0,0,0,0,0.142815133808507,42.92
"21125",0.000863528030119858,2.30901736770532,1,1,0.214392588119203,75.76
"21127",0,0,0,0,0.0888399411434316,10.88
"21129",0,0,0,0,0.0958307156958434,14.51
"21131",0,0,0,0,0.0719847484240355,4.23
"21133",0,0,0,0,0.0953085513048008,14.25
"21135",0,0,0,0,0.127370769435632,33.79
"21137",0,0,0,0,0.161238825728748,53.74
"21139",0,0,0,0,0.0884838808554107,10.69
"21141",0,0,0,0,0.164752387285939,55.46
"21143",0,0,0,0,0.118810745767222,28
"21145",2.2677793904209e-05,0.0606389348806574,1,0,0.23702875578543,81.86
"21147",0,0,0,0,0.105613702192971,19.92
"21149",0,0,0,0,0.098884957501826,16.35
"21151",0,0,0,0,0.19855894676394,70.35
"21153",0,0,0,0,0.116681858327809,26.76
"21155",0,0,0,0,0.0954422934575639,14.35
"21157",0.00074482347683599,1.99160917063717,1,1,0.194619165290079,69.17
"21159",0,0,0,0,0.0864876387594974,9.55
"21161",0,0,0,0,0.157023595977692,51.19
"21163",0,0,0,0,0.155513261322494,50.46
"21165",0,0,0,0,0.120079674066007,28.76
"21167",0.000132766861391397,0.355009887479749,1,0,0.124216094715237,31.82
"21169",0,0,0,0,0.126614189767119,33.38
"21171",0.00204498977505112,5.46816865541405,1,1,0.119599821334365,28.48
"21173",0,0,0,0,0.159968981729888,53.1
"21175",0.000523286237571952,1.39923310962714,1,1,0.107147101418783,20.65
"21177",0.000309405940594059,0.82733121054996,1,0,0.137231070742031,39.93
"21179",4.82485766669883e-05,0.129013532398797,1,0,0.158978695997273,52.43
"21181",0,0,0,0,0.122775222745275,30.73
"21183",0.0004739336492891,1.26726752251065,1,1,0.123881997375449,31.59
"21185",4.75127096498313e-05,0.127045872214447,1,0,0.256199488348869,85.68
"21187",0,0,0,0,0.122393374579089,30.35
"21189",0,0,0,0,0.0982307252454134,15.97
"21191",0,0,0,0,0.136020216976457,39.17
"21193",0,0,0,0,0.14593556674061,45.12
"21195",0,0,0,0,0.156537557542744,51
"21197",0.0129107981220657,34.5226281660471,1,1,0.148559161432963,46.74
"21199",3.36123155524184e-05,0.0898771292560744,1,0,0.241365431699132,82.76
"21201",0.00203665987780041,5.44589505600299,1,1,0.077679798888628,6.3
"21203",0,0,0,0,0.106378776079391,20.11
"21205",0,0,0,0,0.120946398106087,29.3
"21207",0.00013910140492419,0.37194804179962,1,0,0.126073577581989,33.03
"21209",0,0,0,0,0.120581355353936,29.21
"21211",0.000420831141504471,1.12527489636927,1,1,0.223454600516073,78.4
"21213",0,0,0,0,0.131440726065692,36.49
"21215",0.000335457900033546,0.896992442971308,1,0,0.162523441622634,54.41
"21217",0,0,0,0,0.16873088529636,57.78
"21219",0,0,0,0,0.142182752180111,42.57
"21221",0,0,0,0,0.14371659912157,43.75
"21223",0,0,0,0,0.100244234655867,17.09
"21225",0,0,0,0,0.104998873264542,19.6
"21227",0.000533529807802238,1.42662374518735,1,1,0.279734931512748,89.79
"21229",0,0,0,0,0.119293634780573,28.16
"21231",0,0,0,0,0.125924111989796,32.93
"21233",0,0,0,0,0.116198329461631,26.54
"21235",6.14741501198746e-05,0.164377849173017,1,0,0.154586274384722,50.05
"21237",0,0,0,0,0.120722925339749,29.24
"21239",0.000569059426062922,1.52162761624927,1,1,0.163421081305869,54.82
"22001",0.000173741819655991,0.464574240892593,1,0,0.238600977516987,82.09
"22003",0,0,0,0,0.09286970845674,13.04
"22005",0.000281012346979995,0.75140860178723,1,0,0.25654461761368,85.78
"22007",0,0,0,0,0.128421038019049,34.3
"22009",0.000518134715025907,1.38545827590542,1,1,0.168888816845499,57.91
"22011",0,0,0,0,0.173886374765161,60.17
"22013",0,0,0,0,0.0836938349926445,8.56
"22015",0.000376580292298036,1.00695102523889,1,1,0.26831747726086,87.81
"22017",0.00343555884819226,9.18645923647499,1,1,0.293559752980966,91.7
"22019",0.000337030455297506,0.901197352701518,1,0,0.258450057452612,86.13
"22021",0,0,0,0,0.116034782319511,26.41
"22023",0,0,0,0,0.0881900542518222,10.5
"22025",0.000721500721500722,1.92924565115258,1,1,0.162017481942742,54.15
"22027",0,0,0,0,0.121566574300029,29.69
"22029",0,0,0,0,0.140483321022101,41.68
"22031",0,0,0,0,0.130608070689681,35.63
"22033",0.00158469747730628,4.23737721304903,1,1,0.280654774878958,90.04
"22035",0,0,0,0,0.0903477852217509,11.87
"22037",0,0,0,0,0.130144726273296,35.44
"22039",0.000990971151728694,2.64979192385788,1,1,0.135556370859756,38.85
"22041",0.000176304654442877,0.471427093176564,1,0,0.13849083073137,40.63
"22043",0,0,0,0,0.0971698443968084,15.34
"22045",0.000755368511924032,2.01980590347278,1,1,0.219080885703553,77.03
"22047",0,0,0,0,0.104387213437489,19.22
"22049",0,0,0,0,0.1111875794258,23.61
"22051",0.00029390014979427,0.785869742007068,1,0,0.388218844479062,99.4
"22053",0,0,0,0,0.173265922950593,59.75
"22055",0.00028076498664734,0.750747176466613,1,0,0.326722839812646,95.77
"22057",0,0,0,0,0.172254817893028,59.15
"22059",0.000192678227360308,0.515208954238433,1,0,0.0934550730926522,13.33
"22061",0.00060162902628656,1.60871659304272,1,1,0.218261053498493,76.81
"22063",2.62784464182478e-05,0.0702668437614303,1,0,0.264531545105306,87.08
"22065",0,0,0,0,0.0893279036722046,11.07
"22067",0,0,0,0,0.15569097384862,50.49
"22069",0,0,0,0,0.14573518908635,44.86
"22071",6.33854150160048e-05,0.169488446264854,1,0,0.231486172470848,80.4
"22073",2.55626989097509e-05,0.0683529818248564,1,0,0.271120408855223,88.39
"22075",0,0,0,0,0.142970246848393,43.08
"22077",0,0,0,0,0.140620559225776,41.71
"22079",0,0,0,0,0.222182979491934,77.92
"22081",0,0,0,0,0.101874384098469,18.04
"22083",0,0,0,0,0.125039143012741,32.42
"22085",0.000324939073923639,0.868865791225823,1,0,0.129721679172966,35.19
"22087",0.00135460565924142,3.6221267688858,1,1,0.206709084899889,73.31
"22089",0,0,0,0,0.18338745023899,64.27
"22091",0,0,0,0,0.12229311711261,30.29
"22093",0,0,0,0,0.125800704153684,32.8
"22095",6.61725780836421e-05,0.176941137671881,1,0,0.178380436239448,62.33
"22097",0,0,0,0,0.216682653086577,76.42
"22099",6.79071030829825e-05,0.181579143861026,1,0,0.192739292889129,68.09
"22101",0,0,0,0,0.167658001449735,56.98
"22103",0.00269749860244727,7.2129345025975,1,1,0.37417732716661,98.79
"22105",0.000552425146392664,1.4771486424138,1,1,0.267136270585014,87.5
"22107",0,0,0,0,0.0789743285941034,6.65
"22109",1.86842547784982e-05,0.0499604729451518,1,0,0.216872266800879,76.46
"22111",0.00214987714987715,5.74863062269112,1,1,0.144887139349364,44.51
"22113",0.000576960061542407,1.5427533978125,1,1,0.202117737486843,71.81
"22115",0,0,0,0,0.0929193187474662,13.08
"22117",7.5086349301697e-05,0.200775977811794,1,0,0.142787828793463,42.89
"22119",0,0,0,0,0.166330997578747,56.25
"22121",0,0,0,0,0.17338906516228,59.88
"22123",0,0,0,0,0.117127473701209,27.11
"22125",0,0,0,0,0.0823607922732453,7.76
"22127",0,0,0,0,0.0964623466453478,14.86
"23001",5.46796682766791e-05,0.146209849949739,1,0,0.291885596012321,91.66
"23003",0,0,0,0,0.183871490240353,64.49
"23005",9.22747573173883e-05,0.246736654532303,1,0,0.335674796257446,96.53
"23007",0,0,0,0,0.199736088216708,70.92
"23009",0,0,0,0,0.224173916532635,78.59
"23011",0.000197910629214436,0.529200053930146,1,0,0.240611402799521,82.56
"23013",0,0,0,0,0.267694786510443,87.59
"23015",0,0,0,0,0.238683021233265,82.12
"23017",0.000490773458971339,1.31229607013029,1,1,0.202264972927927,71.84
"23019",0.000124118756826532,0.331885422561993,1,0,0.296655307940625,92.17
"23021",0.000158002844051193,0.422489251461126,1,0,0.172943016937152,59.56
"23023",0,0,0,0,0.187525120933744,65.83
"23025",0.00112709317303564,3.01377328909655,1,1,0.222561013802342,78.08
"23027",0,0,0,0,0.233480776728951,81.01
"23029",7.50356419299167e-05,0.200640389622381,1,0,0.174465678656073,60.45
"23031",7.51710140569796e-05,0.20100236581955,1,0,0.314933996742192,94.53
"24001",0.000577484883483932,1.54415673729387,1,1,0.208426800683492,73.94
"24003",0.000291658019754222,0.779874433201162,1,0,0.244193145050727,83.3
"24005",0.000377705795871532,1.00996054804298,1,1,0.324207479006582,95.55
"24009",0.00118144746369907,3.15911310062966,1,1,0.280562653948868,90.01
"24011",0,0,0,0,0.173856426051318,60.13
"24013",0.000252818179114244,0.676019244407617,1,0,0.270755177238784,88.26
"24015",4.83664240284395e-05,0.129328648521074,1,0,0.196332231377597,69.81
"24017",0,0,0,0,0.256495305795927,85.75
"24019",0,0,0,0,0.17900235724656,62.62
"24021",0.000299971624305809,0.802104467002362,1,0,0.308539263895507,93.45
"24023",0.000808942491542874,2.16305921440448,1,1,0.243023724661782,83.14
"24025",0.000103733461585613,0.277376478885263,1,0,0.276172453113442,89.34
"24027",0.000145651269246775,0.389461949801962,1,0,0.30772850442846,93.35
"24029",0,0,0,0,0.185886756708735,65.26
"24031",0.000240966556083565,0.644328781030839,1,0,0.245505403912207,83.68
"24033",1.04062874788947e-05,0.0278257308205354,1,0,0.27543393493543,89.09
"24035",0.000103772116432315,0.277479839412387,1,0,0.267766986276969,87.62
"24037",0.000179323948713351,0.479500488208997,1,0,0.123456262027704,31.37
"24039",0,0,0,0,0.113923035544745,25.33
"24041",0,0,0,0,0.263935873573246,87.02
"24043",0,0,0,0,0.308594149211659,93.54
"24045",0.000452916387696428,1.21106874222051,1,1,0.256030038377903,85.62
"24047",0.0010396811644429,2.78003930601019,1,1,0.227659098345374,79.38
"24510",5.40644912145202e-05,0.144564906796542,1,0,0.190525787199411,67.17
"25001",0.000321603730603275,0.859947301743886,1,0,0.295135944742514,91.89
"25003",4.60334509743747e-05,0.123090431448403,1,0,0.262270253465923,86.8
"25005",0.000149874775680846,0.400755329250838,1,0,0.33866917629727,97.01
"25007",0,0,0,0,0.225929313946752,78.94
"25009",0.000319385905527287,0.854016982819233,1,0,0.348076978513008,97.58
"25011",3.4265350877193e-05,0.0916233029227477,1,0,0.251529618058525,84.73
"25013",0.000348827848984374,0.93274281036646,1,0,0.267910346431619,87.69
"25015",0,0,0,0,0.227463512686491,79.35
"25017",0.000188004905305651,0.502712797295403,1,0,0.258083179533197,86.06
"25019",0,0,0,0,0.211586890402465,75.06
"25021",0.00047894952130937,1.28067963561529,1,1,0.393828182840021,99.49
"25023",0.000227201468630293,0.607521839172593,1,0,0.373643105059727,98.73
"25025",9.60328068832163e-05,0.256785432815724,1,0,0.192962209401022,68.22
"25027",8.80199780201541e-05,0.23535965349656,1,0,0.32700516349885,95.8
"26001",0,0,0,0,0.161171114157119,53.71
"26003",0,0,0,0,0.129383966063728,34.87
"26005",0.000149352450446991,0.399358665802178,1,0,0.267596208531158,87.56
"26007",0.000150353330326267,0.402034953014204,1,0,0.209618942055357,74.32
"26009",0,0,0,0,0.186838909179979,65.57
"26011",0.000218007412252017,0.582937534880634,1,0,0.137874818309807,40.28
"26013",0,0,0,0,0.0896199204524221,11.26
"26015",0.000128957379586047,0.344823582758072,1,0,0.206612870508649,73.24
"26017",0.00141408751334045,3.78117734904925,1,1,0.254660967820884,85.24
"26019",0,0,0,0,0.172138300621281,58.99
"26021",0.000265623847118719,0.710260761528141,1,0,0.252422566707856,84.89
"26023",5.95663569216107e-05,0.159276535173783,1,0,0.17617053316019,61.41
"26025",0.000470493345879823,1.25806837662873,1,1,0.20063934991009,71.27
"26027",0,0,0,0,0.190184039426068,67.01
"26029",0.000325494344535764,0.870350548457147,1,0,0.198577964823884,70.41
"26031",0,0,0,0,0.21565916718688,76.2
"26033",0,0,0,0,0.162553695070883,54.44
"26035",0,0,0,0,0.190273901979487,67.04
"26037",4.57812571533214e-05,0.122416081696538,1,0,0.244915145361386,83.46
"26039",0,0,0,0,0.124272811809894,31.91
"26041",0.000927152317880795,2.47914454403739,1,1,0.234382412261531,81.1
"26043",0,0,0,0,0.181248257610012,63.38
"26045",0,0,0,0,0.203473908744855,72.29
"26047",5.12242598094458e-05,0.136970314132644,1,0,0.22023135397454,77.35
"26049",0.00054192201675275,1.44906396200053,1,1,0.290860449558286,91.38
"26051",0,0,0,0,0.168230971859147,57.49
"26053",0,0,0,0,0.152906032456929,49.03
"26055",0.000104589746718497,0.279666129220367,1,0,0.336309391322421,96.69
"26057",0,0,0,0,0.166760386443486,56.57
"26059",0,0,0,0,0.169203775241689,58.03
"26061",0,0,0,0,0.178380392906841,62.3
"26063",0.000155134967421657,0.41482073727854,1,0,0.166862113121141,56.63
"26065",5.88429129595631e-06,0.0157342093424744,1,0,0.197296584004893,70.09
"26067",0,0,0,0,0.150656693721195,47.69
"26069",0,0,0,0,0.153831386226897,49.44
"26071",0.000262743037309511,0.702557664870591,1,0,0.142010057909067,42.48
"26073",0.000101282916948008,0.270823883102377,1,0,0.172948952995223,59.59
"26075",6.51168848082308e-05,0.174118283030375,1,0,0.229171990296279,79.76
"26077",0,0,0,0,0.291068116524534,91.41
"26079",0,0,0,0,0.147893939889635,46.39
"26081",0.000263335183994488,0.704141026304324,1,0,0.331008727262853,96.05
"26083",0,0,0,0,0.0816966619081612,7.51
"26085",0,0,0,0,0.128304155154622,34.14
"26087",0.00019698999290836,0.526738332774697,1,0,0.260294884782927,86.54
"26089",0,0,0,0,0.199398632294098,70.79
"26091",0,0,0,0,0.236035385957558,81.58
"26093",0.000314809745414728,0.841780630542592,1,0,0.328271852360398,95.9
"26095",0,0,0,0,0.139209769860682,41.08
"26097",0,0,0,0,0.134281596559032,38.02
"26099",0.000396149851711474,1.05927874476607,1,1,0.334865905353843,96.44
"26101",0,0,0,0,0.153868157044957,49.51
"26103",0,0,0,0,0.213785060424457,75.63
"26105",0.0019261075118193,5.15028527358994,1,1,0.193407633538072,68.47
"26107",0.000142989919210696,0.382345674197107,1,0,0.16717023378508,56.82
"26109",0,0,0,0,0.135653910884026,38.91
"26111",2.34246896228625e-05,0.0626360850901258,1,0,0.175053938959412,60.77
"26113",0,0,0,0,0.147159248050065,45.69
"26115",0.000109136945038634,0.291825039561866,1,0,0.24038911939028,82.5
"26117",0,0,0,0,0.183397373042653,64.3
"26119",0,0,0,0,0.0973641130146475,15.59
"26121",0.000289498443945864,0.774099869001222,1,0,0.245921800357983,83.84
"26123",0,0,0,0,0.188641937605349,66.24
"26125",0.000246406466518569,0.658874745070294,1,0,0.387758754981542,99.33
"26127",0,0,0,0,0.152595346196962,48.9
"26129",0,0,0,0,0.189857941768852,66.91
"26131",0,0,0,0,0.116428613408132,26.63
"26133",0,0,0,0,0.136978816951813,39.74
"26135",0,0,0,0,0.155709691663422,50.52
"26137",0,0,0,0,0.179241369116351,62.74
"26139",0.000258438352251474,0.691047219100661,1,0,0.29651787093449,92.14
"26141",0,0,0,0,0.140069652679685,41.52
"26143",0,0,0,0,0.173508518376206,59.97
"26145",0.00124183234102805,3.32057830573714,1,1,0.265325426996163,87.24
"26147",8.33680700291788e-05,0.222920756356604,1,0,0.294868611540188,91.85
"26149",0,0,0,0,0.193099478901945,68.28
"26151",0,0,0,0,0.212738177074516,75.44
"26153",0,0,0,0,0.133252798219478,37.38
"26155",0,0,0,0,0.214231149136106,75.72
"26157",0,0,0,0,0.194086675708143,68.88
"26159",0.000485495812598616,1.29818398956061,1,1,0.201346829399987,71.43
"26161",0.000205215763854116,0.548733505269421,1,0,0.191371850406316,67.61
"26163",0.000122301107823402,0.327025148233625,1,0,0.29517291500408,91.92
"26165",0.000978815633083968,2.61728886352266,1,1,0.1957267326344,69.58
"27001",0,0,0,0,0.166863020897183,56.67
"27003",0.00169956507193041,4.54452563408737,1,1,0.342207305330749,97.23
"27005",0,0,0,0,0.211641998480802,75.09
"27007",0.00061304024171301,1.6392294353446,1,1,0.220827104308301,77.47
"27009",0.00504432895139101,13.4882050737414,1,1,0.202744161314976,72
"27011",0,0,0,0,0.130729505001015,35.76
"27013",0,0,0,0,0.248825381976704,84.41
"27015",0,0,0,0,0.152947079713458,49.06
"27017",0,0,0,0,0.139180705661546,41.04
"27019",6.47794260542852e-05,0.173215940435154,1,0,0.255501226624453,85.43
"27021",0.00319044502617801,8.53104093810547,1,1,0.175570308196935,61.06
"27023",0,0,0,0,0.127126150601796,33.66
"27025",0.00027038719446247,0.722997640195076,1,0,0.217470289890647,76.68
"27027",0,0,0,0,0.2044385422545,72.67
"27029",0,0,0,0,0.117003895559188,26.89
"27031",0,0,0,0,0.153610605078652,49.28
"27033",0.000179115171054988,0.478942230431214,1,0,0.100745064155692,17.4
"27035",0.00147787533686864,3.95174180930687,1,1,0.28864567157499,91
"27037",0.000428047579866544,1.14457117967427,1,1,0.363184243330417,98.41
"27039",0,0,0,0,0.144446613925633,44.23
"27041",0.000597921074418177,1.59880177271949,1,1,0.255437660192179,85.36
"27043",0,0,0,0,0.118455445068276,27.74
"27045",0,0,0,0,0.195772704455646,69.62
"27047",0.000149521531100478,0.399810776390172,1,0,0.172166898528012,59.02
"27049",0.0018135807676086,4.84939613316707,1,1,0.211538873460896,75.02
"27051",0,0,0,0,0.123340716444198,31.28
"27053",0.000988456349008046,2.6430675061716,1,1,0.332243004732707,96.31
"27055",0.00016655562958028,0.445358839523229,1,0,0.166270929379223,56.22
"27057",0,0,0,0,0.199002104522006,70.6
"27059",0,0,0,0,0.193892289996969,68.76
"27061",0.000268672756582483,0.718413345646821,1,0,0.207638512537634,73.66
"27063",0,0,0,0,0.0885384877765157,10.72
"27065",0,0,0,0,0.136634809648982,39.39
"27067",0,0,0,0,0.182477872095338,63.7
"27069",0,0,0,0,0.109892657424988,22.46
"27071",0,0,0,0,0.12805403765539,34.08
"27073",0.00114854517611026,3.0711345396219,1,1,0.146047978872,45.24
"27075",0,0,0,0,0.134581628772046,38.24
"27077",0,0,0,0,0.1201706447935,28.83
"27079",0,0,0,0,0.180116077654806,63.03
"27081",0,0,0,0,0.12214314227014,30.16
"27083",0,0,0,0,0.143452110877554,43.46
"27085",0,0,0,0,0.19570338942434,69.55
"27087",0,0,0,0,0.0855016610526285,9.32
"27089",0,0,0,0,0.0960356785978382,14.64
"27091",0,0,0,0,0.149270371708812,47.09
"27093",0.00203906417686199,5.45232399414594,1,1,0.165058127446597,55.68
"27095",0,0,0,0,0.166182679097238,56.19
"27097",0.000455892409391384,1.21902642922155,1,1,0.21656378570266,76.33
"27099",0,0,0,0,0.148692191652558,46.8
"27101",0,0,0,0,0.128803798081027,34.55
"27103",0,0,0,0,0.146769380144757,45.47
"27105",0,0,0,0,0.109710040644608,22.43
"27107",0,0,0,0,0.0971974144071958,15.4
"27109",9.03113936854273e-06,0.0241486748834754,1,0,0.159308230802452,52.75
"27111",0.000224123118299653,0.59929053210507,1,0,0.228444507539677,79.61
"27113",0,0,0,0,0.103343833380427,18.8
"27115",0,0,0,0,0.176419961741179,61.57
"27117",0,0,0,0,0.124377281124776,32.04
"27119",0,0,0,0,0.143848804834607,43.81
"27121",0,0,0,0,0.143308227532288,43.3
"27123",9.48936075200393e-05,0.253739288367478,1,0,0.268813988670792,87.94
"27125",0,0,0,0,0.0951126948818938,14.16
"27127",0,0,0,0,0.150986359433594,47.98
"27129",0,0,0,0,0.104666974693919,19.44
"27131",0,0,0,0,0.175979802507857,61.31
"27133",0,0,0,0,0.12646488217753,33.18
"27135",0,0,0,0,0.0947262757742152,13.97
"27137",1.89958778944969e-05,0.0507937327374479,1,0,0.245154866799522,83.55
"27139",0.000143775250528374,0.384445598679779,1,0,0.234612751425355,81.2
"27141",3.0274590536163e-05,0.0809522712753919,1,0,0.26534063762974,87.27
"27143",0,0,0,0,0.128997679454202,34.58
"27145",0.00011401208528104,0.304860845114294,1,0,0.291271636871258,91.47
"27147",0.00295561805787291,7.90312901248239,1,1,0.176800393614482,61.79
"27149",0,0,0,0,0.0867683348198554,9.7
"27151",0,0,0,0,0.115988747626929,26.38
"27153",0.00105386416861827,2.81796372979827,1,1,0.153935856728603,49.57
"27155",0,0,0,0,0.136855928613957,39.58
"27157",0,0,0,0,0.15440071753852,49.89
"27159",0,0,0,0,0.151769626300557,48.46
"27161",0,0,0,0,0.153801164267786,49.41
"27163",0.00019321004692244,0.516631004898766,1,0,0.27421851042519,88.9
"27165",0,0,0,0,0.144413988058939,44.16
"27167",0,0,0,0,0.111059643711247,23.45
"27169",7.30994152046784e-05,0.195463046235195,1,0,0.189577614820753,66.69
"27171",0.00017864799199657,0.47769302424208,1,0,0.278436193003729,89.69
"27173",0,0,0,0,0.120345982792783,28.95
"28001",0,0,0,0,0.188809074840238,66.31
"28003",0,0,0,0,0.183657781487714,64.4
"28005",0,0,0,0,0.101235195805346,17.85
"28007",0,0,0,0,0.151862401874322,48.58
"28009",0,0,0,0,0.112108127945341,24.02
"28011",0,0,0,0,0.154278726107225,49.76
"28013",0,0,0,0,0.109060442597962,21.86
"28015",0,0,0,0,0.133994464707611,37.83
"28017",0.000188893086513034,0.505087735643647,1,0,0.128750782153504,34.49
"28019",0,0,0,0,0.0853829456348523,9.26
"28021",0,0,0,0,0.0712710003060134,3.95
"28023",0,0,0,0,0.0991719875354991,16.48
"28025",0.00103212488711134,2.75983431556957,1,1,0.143198759706574,43.27
"28027",0,0,0,0,0.142952113258486,43.05
"28029",0,0,0,0,0.122017982711538,29.97
"28031",0,0,0,0,0.11775557639001,27.39
"28033",0.000545104357200829,1.45757333182787,1,1,0.226208745445606,79.03
"28035",0.000455217935586662,1.21722293046431,1,1,0.212231402432149,75.34
"28037",0,0,0,0,0.0956174784397518,14.44
"28039",0,0,0,0,0.148554085215339,46.71
"28041",0,0,0,0,0.100281167305072,17.12
"28043",0,0,0,0,0.15390297150212,49.54
"28045",0,0,0,0,0.155431842597406,50.4
"28047",9.55584435440715e-06,0.0255517016330696,1,0,0.226037150542557,79
"28049",0.000105331388753849,0.281649231424948,1,0,0.218896357389712,76.96
"28051",0,0,0,0,0.130686201942231,35.7
"28053",0,0,0,0,0.0960423215482653,14.67
"28055",0,0,0,0,0.0758084849901986,5.47
"28057",0,0,0,0,0.139674212101432,41.23
"28059",1.74410492535231e-05,0.0466362228355216,1,0,0.161098104428046,53.67
"28061",0,0,0,0,0.0966858820527238,14.99
"28063",0,0,0,0,0.0930262305749721,13.11
"28065",0,0,0,0,0.0974353911834127,15.62
"28067",0,0,0,0,0.160462983800134,53.36
"28069",0,0,0,0,0.0911602247665037,12.25
"28071",0,0,0,0,0.194764117798116,69.23
"28073",0.00106910708176531,2.85872228072343,1,1,0.231337982301021,80.31
"28075",0,0,0,0,0.228468015418445,79.64
"28077",0,0,0,0,0.110832995822431,23.19
"28079",0,0,0,0,0.0966555584325083,14.92
"28081",0.000228254380728307,0.610337257127982,1,0,0.224504488318841,78.75
"28083",0,0,0,0,0.150746713047047,47.88
"28085",0,0,0,0,0.171572784604953,58.7
"28087",0.000133502436419465,0.356976766904408,1,0,0.213875965507377,75.66
"28089",2.93010240707913e-05,0.0783490183423669,1,0,0.237725731294521,81.96
"28091",0,0,0,0,0.14455885658403,44.29
"28093",0,0,0,0,0.13990635316739,41.39
"28095",0,0,0,0,0.156921926139605,51.1
"28097",0,0,0,0,0.110329651826257,22.78
"28099",0,0,0,0,0.10933736187414,22.21
"28101",0,0,0,0,0.108232161877431,21.35
"28103",0,0,0,0,0.119677736842904,28.64
"28105",0,0,0,0,0.127108151762706,33.63
"28107",0,0,0,0,0.159124259364051,52.62
"28109",0.000212449543233482,0.568076157318349,1,0,0.204758409971013,72.73
"28111",0,0,0,0,0.110474721021405,22.88
"28113",0,0,0,0,0.164934218602143,55.58
"28115",0,0,0,0,0.117901498692144,27.49
"28117",0,0,0,0,0.144833115837321,44.45
"28119",0,0,0,0,0.0927389959212888,12.92
"28121",0.00157182438192668,4.20295539954579,1,1,0.299851453141442,92.46
"28123",0,0,0,0,0.074963651114099,5.19
"28125",0,0,0,0,0.0890487001219425,10.98
"28127",0,0,0,0,0.128349035980741,34.17
"28129",0,0,0,0,0.0952621518523744,14.22
"28131",0,0,0,0,0.129161934768824,34.71
"28133",0,0,0,0,0.0934249434690883,13.3
"28135",0,0,0,0,0.0791123040720623,6.71
"28137",0,0,0,0,0.138846656168935,40.92
"28139",0,0,0,0,0.112937030543992,24.63
"28141",0,0,0,0,0.134300638991965,38.05
"28143",0,0,0,0,0.0641271706931979,2.74
"28145",0,0,0,0,0.12364009995575,31.43
"28147",0,0,0,0,0.132020270760015,36.81
"28149",0,0,0,0,0.149214814614787,47.03
"28151",0,0,0,0,0.186852660748723,65.64
"28153",0.0007011393514461,1.87480068185624,1,1,0.142495656995365,42.7
"28155",0,0,0,0,0.12328692658059,31.21
"28157",0,0,0,0,0.0937147091729268,13.59
"28159",0,0,0,0,0.128632540623232,34.43
"28161",0,0,0,0,0.099948269938494,16.96
"28163",0,0,0,0,0.110853588917073,23.26
"29001",0,0,0,0,0.157986819734328,51.8
"29003",0,0,0,0,0.168110787699741,57.43
"29005",0,0,0,0,0.0868471879809747,9.83
"29007",0.00277392510402219,7.41729395977107,1,1,0.178251850633336,62.2
"29009",0,0,0,0,0.156409838888167,50.97
"29011",0,0,0,0,0.126687810103033,33.44
"29013",0,0,0,0,0.160131052008715,53.2
"29015",0,0,0,0,0.158581685209915,52.08
"29017",0,0,0,0,0.13735591269778,40.03
"29019",0.00249263127251556,6.66513268680458,1,1,0.235060332258312,81.36
"29021",6.0938452163315e-05,0.162945427940126,1,0,0.221374237980083,77.76
"29023",0,0,0,0,0.200011972666555,70.95
"29025",0,0,0,0,0.124126398486198,31.78
"29027",0.000474664768007595,1.26922248605552,1,1,0.175303764743624,60.93
"29029",0.00250651694405454,6.70226206260645,1,1,0.246726159326035,84.09
"29031",2.17997907220091e-05,0.0582912119048105,1,0,0.267467390558871,87.53
"29033",0,0,0,0,0.0971956026619424,15.37
"29035",0,0,0,0,0.109263646178569,22.11
"29037",2.79212620410443e-05,0.0746596250871833,1,0,0.231345851646145,80.34
"29039",0,0,0,0,0.147203966577971,45.75
"29041",0,0,0,0,0.12215522239786,30.19
"29043",0.00301747785876636,8.06853806655322,1,1,0.304929672322657,92.97
"29045",0,0,0,0,0.102555239907609,18.23
"29047",0.000380517503805175,1.01747887081334,1,1,0.28987129701512,91.28
"29049",0.00148065889320748,3.95918485655742,1,1,0.158631685096745,52.21
"29051",0.000154461358916711,0.413019552276198,1,0,0.168165931325911,57.46
"29053",0,0,0,0,0.153416191354249,49.22
"29055",0.00012868356710848,0.344091426135307,1,0,0.161492932720024,53.93
"29057",0,0,0,0,0.0938950642190235,13.68
"29059",0,0,0,0,0.154211239504294,49.63
"29061",0.00079968012794882,2.13829226109354,1,1,0.14504908583158,44.61
"29063",0,0,0,0,0.110274453979814,22.65
"29065",0,0,0,0,0.131572335006424,36.59
"29067",0,0,0,0,0.138719168839511,40.82
"29069",0,0,0,0,0.129922617662067,35.35
"29071",0.000927371016262921,2.47972932918044,1,1,0.289098864357741,91.09
"29073",0,0,0,0,0.153081948984374,49.16
"29075",0,0,0,0,0.0977901767536929,15.81
"29077",0.000623492374994889,1.66717775483815,1,1,0.312999270003628,94.15
"29079",0,0,0,0,0.123678158605931,31.5
"29081",0,0,0,0,0.109611956845494,22.3
"29083",0.00054525627044711,1.45797953789393,1,1,0.162411696818122,54.34
"29085",0,0,0,0,0.129489597408916,34.97
"29087",0,0,0,0,0.0879389573423857,10.31
"29089",0,0,0,0,0.112573169810537,24.4
"29091",0,0,0,0,0.225279361464232,78.78
"29093",0,0,0,0,0.120276790328964,28.92
"29095",2.38861870957263e-05,0.0638700990917867,1,0,0.318562644286414,95.04
"29097",0.00119874592733755,3.20536805887383,1,1,0.296903334755718,92.2
"29099",0.00155765906095411,4.16507825948323,1,1,0.3091868074028,93.64
"29101",0,0,0,0,0.125413252455878,32.64
"29103",0,0,0,0,0.112279520954078,24.18
"29105",0.000387471746851792,1.03607406102582,1,1,0.184451341498727,64.75
"29107",0.000381460995613199,1.02000170608334,1,1,0.186141463073034,65.32
"29109",0.000887232721142756,2.37240215819135,1,1,0.19330755214449,68.44
"29111",0,0,0,0,0.112993388570264,24.69
"29113",0,0,0,0,0.207304527340988,73.5
"29115",0,0,0,0,0.111646804657809,23.74
"29117",0.000143575017946877,0.383910189877598,1,0,0.168304828429387,57.59
"29119",0,0,0,0,0.129285105457149,34.84
"29121",0,0,0,0,0.142500053011289,42.73
"29123",0.000229779411764706,0.614415090187838,1,0,0.123366133710424,31.34
"29125",0,0,0,0,0.137012760937404,39.77
"29127",0,0,0,0,0.175862590574269,61.15
"29129",0,0,0,0,0.0840764281492424,8.78
"29131",0.000216450216450216,0.578773695345773,1,0,0.175528512410383,61.02
"29133",0,0,0,0,0.0969536929255669,15.14
"29135",0,0,0,0,0.142370439706468,42.63
"29137",0.00368248772504092,9.84673087253569,1,1,0.12511596635864,32.55
"29139",0,0,0,0,0.127255454676112,33.69
"29141",0,0,0,0,0.205410954992971,72.83
"29143",0,0,0,0,0.0960574013278565,14.73
"29145",0,0,0,0,0.175047717447584,60.74
"29147",0,0,0,0,0.130420235746745,35.51
"29149",0,0,0,0,0.113834045791373,25.29
"29151",0,0,0,0,0.117972469866683,27.55
"29153",0,0,0,0,0.148201207928084,46.45
"29155",0,0,0,0,0.0993621696100025,16.61
"29157",0,0,0,0,0.147153710021784,45.66
"29159",4.58211143695015e-05,0.122522657280859,1,0,0.196832295230248,69.97
"29161",0,0,0,0,0.185004021241692,64.97
"29163",0,0,0,0,0.130824668081014,35.95
"29165",0.00361895217415511,9.67684097279302,1,1,0.28671792478989,90.74
"29167",0,0,0,0,0.19504477355087,69.36
"29169",0,0,0,0,0.0909412845238307,12.15
"29171",0,0,0,0,0.0910832402766712,12.19
"29173",0,0,0,0,0.123195855511293,31.08
"29175",0.003725782414307,9.96249803464035,1,1,0.157302766779741,51.42
"29177",0,0,0,0,0.129456091597601,34.9
"29179",0,0,0,0,0.0955423739801929,14.38
"29181",0,0,0,0,0.119510733541899,28.38
"29183",0.000132530053950776,0.35437667990093,1,0,0.311819590990524,94.05
"29185",0,0,0,0,0.127321183534482,33.76
"29186",0,0,0,0,0.141491027831662,42.28
"29187",0.00101928806648894,2.72550949839008,1,1,0.210321701747025,74.51
"29189",0.000231397934591517,0.618742914168972,1,0,0.331313608216939,96.12
"29195",0,0,0,0,0.118947879733799,28.09
"29197",0,0,0,0,0.104099186238544,19.06
"29199",0.000638162093171666,1.70640361997286,1,1,0.139922750849069,41.43
"29201",0,0,0,0,0.191523086550808,67.8
"29203",0,0,0,0,0.112948800540015,24.66
"29205",0,0,0,0,0.0906298198067372,12.06
"29207",0,0,0,0,0.143685946990194,43.72
"29209",0.00011101243339254,0.296839972524142,1,0,0.200172022268404,71.05
"29211",0,0,0,0,0.0687845642310421,3.53
"29213",0,0,0,0,0.203959823945322,72.54
"29215",0,0,0,0,0.152689183275324,48.97
"29217",0,0,0,0,0.1575366498234,51.57
"29219",0,0,0,0,0.194528272370262,69.11
"29221",0.000521829883457993,1.39533891415766,1,1,0.169924096965008,58.22
"29223",0,0,0,0,0.111203619886839,23.64
"29225",0,0,0,0,0.191267081772926,67.52
"29227",0,0,0,0,0.0991710162945399,16.45
"29229",0,0,0,0,0.170203971158287,58.32
"29510",4.56189243887064e-05,0.121982014521218,1,0,0.219390432406255,77.19
"30001",0,0,0,0,0.15635473955598,50.91
"30003",0,0,0,0,0.0883359425523595,10.66
"30005",0,0,0,0,0.104461611538646,19.25
"30007",0.000483091787439614,1.2917557838152,1,1,0.165219002844505,55.87
"30009",0.000249625561657514,0.667482394532569,1,0,0.21412945202903,75.69
"30011",0,0,0,0,0.0769001899017725,6.08
"30013",4.52796015395065e-05,0.121074687457436,1,0,0.262295665262853,86.83
"30015",0,0,0,0,0.103268990559032,18.68
"30017",0.000155860349127182,0.416760360426663,1,0,0.166571396768204,56.44
"30019",0,0,0,0,0.0780333582073467,6.33
"30021",0,0,0,0,0.165501256189095,55.93
"30023",0,0,0,0,0.142886145599268,43.02
"30025",0,0,0,0,0.117266276017479,27.2
"30027",0,0,0,0,0.188179826627073,66.18
"30029",0.000765429222756544,2.04670758498567,1,1,0.377002476294578,98.95
"30031",0.00056761578203554,1.51776740671844,1,1,0.387858773528111,99.36
"30033",0,0,0,0,0.077322469717154,6.2
"30035",0,0,0,0,0.097012793699703,15.27
"30037",0,0,0,0,0.0862027786170263,9.42
"30039",0,0,0,0,0.130981383227522,36.08
"30041",0,0,0,0,0.158879736025692,52.4
"30043",0.00226308345120226,6.05133685430828,1,1,0.203559959435794,72.35
"30045",0,0,0,0,0.087388746469465,10.05
"30047",0,0,0,0,0.207694432503252,73.69
"30049",6.70525915826647e-05,0.179294236103181,1,0,0.272339981911816,88.55
"30051",0,0,0,0,0.0771487746415701,6.14
"30053",0,0,0,0,0.244953452801752,83.49
"30055",0,0,0,0,0.089910304342839,11.52
"30057",0,0,0,0,0.183291659644049,64.17
"30059",0,0,0,0,0.0947433952837245,14.03
"30061",0,0,0,0,0.116893214363792,26.85
"30063",0.000173174013241151,0.463055963746248,1,0,0.377768932475317,98.98
"30065",0,0,0,0,0.114793202910379,25.77
"30067",0.00043845226350981,1.17239262194343,1,1,0.248462445820765,84.35
"30069",0,0,0,0,0.0580770838999194,1.65
"30071",0.000667556742323097,1.78500298564584,1,1,0.134506736699272,38.18
"30073",0,0,0,0,0.133478652096702,37.51
"30075",0.001230012300123,3.2889722908948,1,1,0.0971642452411286,15.3
"30077",0,0,0,0,0.115548460771609,26.22
"30079",0,0,0,0,0.074398247261363,5
"30081",0.00123401391070227,3.2996723353682,1,1,0.318596596694131,95.07
"30083",0,0,0,0,0.175340975790439,60.96
"30085",0,0,0,0,0.0984091488815048,16.13
"30087",0,0,0,0,0.0766530444395977,5.92
"30089",0.000957625089777352,2.56062673928415,1,1,0.199390928985797,70.76
"30091",0,0,0,0,0.12278876611609,30.77
"30093",0.000109283645702421,0.292217307523902,1,0,0.246545552813421,84
"30095",0,0,0,0,0.129857281142335,35.32
"30097",0,0,0,0,0.144142373622408,43.97
"30099",0,0,0,0,0.135979989407686,39.07
"30101",0,0,0,0,0.097345762130757,15.56
"30103",0,0,0,0,0.0692809803705838,3.56
"30105",0,0,0,0,0.137317672575351,39.99
"30107",0,0,0,0,0.064000682612096,2.67
"30109",0,0,0,0,0.105098081516145,19.63
"30111",0.000183934355872104,0.491828414843037,1,0,0.371524724494225,98.7
"31001",0,0,0,0,0.192787134117692,68.15
"31003",0,0,0,0,0.0832926742436036,8.34
"31005",0,0,0,0,0.0405914081061018,0.41
"31007",0,0,0,0,0.0719667567716026,4.2
"31009",0,0,0,0,0.0549969583469687,1.34
"31011",0,0,0,0,0.0892000276684965,11.01
"31013",0,0,0,0,0.0995099687627588,16.77
"31015",0,0,0,0,0.0676557701888945,3.31
"31017",0,0,0,0,0.0837479014547482,8.59
"31019",0,0,0,0,0.233224935125763,80.91
"31021",0,0,0,0,0.0999758999903541,17.02
"31023",0,0,0,0,0.0805980625196529,7.19
"31025",0,0,0,0,0.184514115774725,64.84
"31027",0,0,0,0,0.106000551090811,19.98
"31029",0,0,0,0,0.0936438562817776,13.49
"31031",0,0,0,0,0.108666181394434,21.64
"31033",0,0,0,0,0.123723258203028,31.53
"31035",0,0,0,0,0.0809778329252355,7.29
"31037",0,0,0,0,0.0717115705290784,4.04
"31039",0,0,0,0,0.114810787612765,25.8
"31041",0,0,0,0,0.108925548761725,21.73
"31043",0,0,0,0,0.103140272578473,18.58
"31045",0,0,0,0,0.112264621925768,24.12
"31047",0,0,0,0,0.114758475306245,25.71
"31049",0,0,0,0,0.0583177897791712,1.75
"31051",0,0,0,0,0.0835419642356533,8.46
"31053",0,0,0,0,0.195188117845836,69.42
"31055",0.000168227148707542,0.449828372139056,1,0,0.300220369504392,92.49
"31057",0,0,0,0,0.0621557706138456,2.29
"31059",0,0,0,0,0.0960703451735745,14.76
"31061",0,0,0,0,0.0754587651312385,5.35
"31063",0,0,0,0,0.0540871783201692,1.24
"31065",0.000446229361892012,1.1931880734036,1,1,0.0752024430962367,5.28
"31067",0,0,0,0,0.165991549454627,56.09
"31069",0,0,0,0,0.0638467490575413,2.64
"31071",0,0,0,0,0.0997457500471216,16.93
"31073",0,0,0,0,0.0640789493155359,2.7
"31075",0,0,0,0,0.061493403826143,2.16
"31077",0,0,0,0,0.0786278442533635,6.49
"31079",0.000253254317986122,0.677185451171927,1,0,0.223852324226687,78.49
"31081",0,0,0,0,0.137982087360419,40.38
"31083",0,0,0,0,0.0766893388493479,5.95
"31085",0,0,0,0,0.0966915620882835,15.02
"31087",0,0,0,0,0.0721909936975197,4.36
"31089",0,0,0,0,0.133615978811196,37.61
"31091",0,0,0,0,0.0742396163853728,4.93
"31093",0,0,0,0,0.115852264311244,26.34
"31095",0,0,0,0,0.0992977013336591,16.51
"31097",0,0,0,0,0.0719644982286902,4.17
"31099",0,0,0,0,0.100991719686946,17.59
"31101",0,0,0,0,0.143583490356769,43.59
"31103",0,0,0,0,0.0878538870439447,10.24
"31105",0,0,0,0,0.063817590973307,2.58
"31107",0,0,0,0,0.11033047433859,22.81
"31109",0.000146439500287829,0.39156962795493,1,0,0.281706978847218,90.17
"31111",0,0,0,0,0.19701999986796,70.03
"31113",0,0,0,0,0.0627473502776736,2.39
"31115",0,0,0,0,0.0678408242347654,3.34
"31117",0,0,0,0,0.0400693610183636,0.35
"31119",0.000530525628468821,1.41859076650617,1,1,0.244557106175192,83.36
"31121",0,0,0,0,0.13076945017227,35.89
"31123",0,0,0,0,0.0712614329628837,3.91
"31125",0,0,0,0,0.0670519301542673,3.25
"31127",0,0,0,0,0.0745808223267504,5.09
"31129",0,0,0,0,0.0892910171865669,11.04
"31131",0,0,0,0,0.13401788439189,37.86
"31133",0,0,0,0,0.0955657456701447,14.41
"31135",0,0,0,0,0.0687188537823299,3.5
"31137",0,0,0,0,0.101753389970946,17.94
"31139",0,0,0,0,0.124381968351031,32.07
"31141",0.000349971564810359,0.935801031540302,1,0,0.177189982998219,61.85
"31143",0,0,0,0,0.08936250640733,11.1
"31145",0,0,0,0,0.132527866856161,36.97
"31147",0,0,0,0,0.117540305832115,27.33
"31149",0,0,0,0,0.0633693308441955,2.48
"31151",0,0,0,0,0.100676602928946,17.31
"31153",0.000550838209464024,1.47290527705464,1,1,0.242080401332316,82.91
"31155",0.000261814373609111,0.700074478988734,1,0,0.173116893403446,59.66
"31157",0,0,0,0,0.206628075392499,73.27
"31159",0,0,0,0,0.143153835760025,43.24
"31161",0,0,0,0,0.0873475234807291,10.02
"31163",0,0,0,0,0.0762618825676911,5.7
"31165",0,0,0,0,0.0921513920494869,12.69
"31167",0,0,0,0,0.0758939372005678,5.5
"31169",0,0,0,0,0.0812321389442586,7.41
"31171",0,0,0,0,0.097473359800376,15.65
"31173",0,0,0,0,0.059337211248222,1.88
"31175",0,0,0,0,0.103874683954531,18.99
"31177",0,0,0,0,0.158091657193586,51.89
"31179",0,0,0,0,0.0811254370522341,7.35
"31181",0,0,0,0,0.073561109288735,4.71
"31183",0,0,0,0,0.0392853211976629,0.29
"31185",0,0,0,0,0.143591518111419,43.62
"32001",0.000536768652710682,1.43528420423911,1,1,0.157657832621143,51.67
"32003",0.000224294171783793,0.599747917912954,1,0,0.310286013454346,93.76
"32005",0,0,0,0,0.239690217462435,82.34
"32007",0,0,0,0,0.203332984065927,72.22
"32009",0,0,0,0,0.0733034414941499,4.65
"32011",0,0,0,0,0.0118503114238413,0.03
"32013",0,0,0,0,0.117038962877421,26.92
"32015",0,0,0,0,0.0514470177134864,1.05
"32017",0,0,0,0,0.0975772978962026,15.75
"32019",0.000962340411881696,2.57323520160788,1,1,0.209406302634107,74.26
"32021",0,0,0,0,0.076528365569767,5.82
"32023",0.00330825116761806,8.84604684077393,1,1,0.201233719559123,71.4
"32027",0,0,0,0,0.0509960347514902,0.95
"32029",0.00213219616204691,5.70135281982403,1,1,0.0825129514164432,7.92
"32031",0.000523954917260357,1.40102111529703,1,1,0.378894466869793,99.01
"32033",0,0,0,0,0.090573974475067,12.03
"32510",2.90892166273962e-05,0.0777826591179413,1,0,0.218551377096535,76.84
"33001",0,0,0,0,0.273409838938413,88.8
"33003",0.000466141198406645,1.24643101947081,1,1,0.301271914872956,92.62
"33005",0,0,0,0,0.268315448993121,87.78
"33007",0,0,0,0,0.192003733430135,67.99
"33009",0.00157185746396517,4.20304385874891,1,1,0.207454295017813,73.59
"33011",0.000107692859963384,0.287963650697936,1,0,0.340749039899591,97.14
"33013",0.000104031810615868,0.278174244642098,1,0,0.306860454084567,93.22
"33015",0.0014397696368581,3.84984966445004,1,1,0.385931192819849,99.27
"33017",0.000828805599042269,2.21617186227804,1,1,0.273136944272239,88.67
"33019",0.000429421507882952,1.14824497316007,1,1,0.227850655547494,79.45
"34001",5.13444922029721e-05,0.137291807674405,1,0,0.219302222408828,77.09
"34003",0.000424217084935195,1.1343286872306,1,1,0.386235035439138,99.3
"34005",0.000221059299156999,0.59109808048203,1,0,0.293838437864103,91.76
"34007",0.000157811678064177,0.421978086138475,1,0,0.337908905680083,96.91
"34009",0.00016816261324701,0.449655808546439,1,0,0.234782876000157,81.29
"34011",3.08703906647939e-05,0.0825454017780564,1,0,0.226911621035849,79.19
"34013",0.000118056933584183,0.315676504428092,1,0,0.27635474129435,89.44
"34015",0.00136429650710754,3.64803946106275,1,1,0.314080217296811,94.34
"34017",0.0002692881707871,0.720058922903413,1,0,0.259449548378914,86.41
"34019",0.000151515151515152,0.405141586742041,1,0,0.29598982408607,92.05
"34021",4.50154091208144e-05,0.120368254241723,1,0,0.193553224440192,68.57
"34023",0.000238785604639263,0.638497059781077,1,0,0.308425023831005,93.41
"34025",0.000234653039408674,0.627446851151161,1,0,0.353528680807631,97.9
"34027",0.000315887936454388,0.844663642731478,1,0,0.291470016783714,91.57
"34029",0.000434647912071652,1.16222003548744,1,1,0.357808250435956,98.09
"34031",0.000286667895243361,0.766531167249515,1,0,0.414612120329955,99.78
"34033",0.000126812359978019,0.339087940883984,1,0,0.176964325435256,61.82
"34035",0.000572236434630403,1.53012272897728,1,1,0.263984290462962,87.05
"34037",0.000112100082954061,0.299748276180691,1,0,0.300911672210265,92.55
"34039",0.000174620297863424,0.466923234054785,1,0,0.364786217687798,98.5
"34041",0,0,0,0,0.275706410183843,89.21
"35001",0.000129211319945318,0.345502602638685,1,0,0.302989303303483,92.78
"35003",0,0,0,0,0.108541001012216,21.44
"35005",0.000724316928896221,1.9367760051891,1,1,0.214795147182717,75.98
"35006",0,0,0,0,0.106854014289843,20.46
"35007",0,0,0,0,0.127642207885694,33.82
"35009",0,0,0,0,0.151273569277871,48.11
"35011",0,0,0,0,0.0898769159345435,11.49
"35013",1.07239755922316e-05,0.0286752080182894,1,0,0.245496453161379,83.65
"35015",0,0,0,0,0.189081529043269,66.47
"35017",0,0,0,0,0.148499030415799,46.68
"35019",0,0,0,0,0.0630502715915812,2.45
"35021",0,0,0,0,0.0593325638984973,1.85
"35023",0,0,0,0,0.104880136048687,19.47
"35025",0.00050939703477305,1.36209429146765,1,1,0.143550780602959,43.53
"35027",0,0,0,0,0.221262725806458,77.66
"35028",0,0,0,0,0.0367598505271836,0.19
"35029",0,0,0,0,0.131214108037509,36.3
"35031",0,0,0,0,0.171814474086843,58.83
"35033",0,0,0,0,0.111898262202913,23.86
"35035",0,0,0,0,0.144926755511476,44.54
"35037",0,0,0,0,0.115799083287343,26.31
"35039",9.22934933087217e-05,0.246786753345406,1,0,0.148368472806806,46.58
"35041",0,0,0,0,0.108881217156462,21.7
"35043",2.37942275204036e-05,0.063624205213255,1,0,0.236503728908241,81.74
"35045",0,0,0,0,0.228064280490566,79.51
"35047",0,0,0,0,0.13619908680858,39.23
"35049",0.000705103867223518,1.88540153726024,1,1,0.289005775975176,91.03
"35051",0.00024919013207077,0.666318084350229,1,0,0.110822997116572,23.16
"35053",0,0,0,0,0.093211140998656,13.2
"35055",7.6080340839927e-05,0.203433846051238,1,0,0.233412390457391,80.97
"35057",0,0,0,0,0.147889513277417,46.36
"35059",0,0,0,0,0.101213056411674,17.82
"35061",0,0,0,0,0.188785927422002,66.27
"36001",0.000147734127814643,0.395031377127921,1,0,0.232881068478171,80.85
"36003",0,0,0,0,0.160300028038693,53.29
"36005",1.56002589642988e-05,0.0417140702245262,1,0,0.179926582665972,62.97
"36007",0.000201682932021647,0.539286944447046,1,0,0.2567273987716,85.91
"36009",0,0,0,0,0.189666823649937,66.75
"36011",0,0,0,0,0.201782732886609,71.62
"36013",3.95593092944597e-05,0.105779000830645,1,0,0.232491194173005,80.78
"36015",0,0,0,0,0.25002214860321,84.63
"36017",0.000161169012571183,0.430955378612464,1,0,0.148834753482732,46.83
"36019",0.000602859275420566,1.6120061986119,1,1,0.203765298693617,72.45
"36021",0,0,0,0,0.238418607367891,82.02
"36023",0.000638739553946878,1.70794771224621,1,1,0.182958831731641,63.98
"36025",0.000123510158710554,0.330258071079784,1,0,0.194192709677234,68.95
"36027",2.35118930992594e-05,0.062869261471785,1,0,0.258653243186175,86.22
"36029",0.000107485012938762,0.287407881373792,1,0,0.318987922557852,95.13
"36031",0,0,0,0,0.188111399432558,66.08
"36033",0,0,0,0,0.129735052978078,35.22
"36035",0,0,0,0,0.186910202105091,65.67
"36037",0.00131500298864316,3.51623182277013,1,1,0.216090217559466,76.3
"36039",0,0,0,0,0.213018006416907,75.47
"36041",0,0,0,0,0.133971924356342,37.8
"36043",0.00194437897713882,5.19914197457085,1,1,0.2074102465559,73.56
"36045",0,0,0,0,0.158759326493908,52.27
"36047",7.66979242665521e-05,0.205085223665334,1,0,0.23995343912422,82.44
"36049",0,0,0,0,0.139821115989925,41.36
"36051",9.13075237399562e-05,0.24415033532665,1,0,0.191395372191505,67.64
"36053",0.000129842025535598,0.347189068058533,1,0,0.189727140704877,66.88
"36055",0.000192135736508007,0.51375836924745,1,0,0.279883775391632,89.82
"36057",0.000292383412114419,0.78181408483918,1,0,0.157767862224855,51.73
"36059",0.0001650401836969,0.441306636534456,1,0,0.335099537757297,96.47
"36061",6.76537526548397e-05,0.180901701417593,1,0,0.220614289101472,77.44
"36063",0.000176244899065902,0.471267311214152,1,0,0.284027264768307,90.33
"36065",9.23488941219929e-06,0.0246934891489816,1,0,0.24469097912922,83.42
"36067",6.42149159917805e-05,0.171706477518951,1,0,0.302754323323753,92.68
"36069",0.000652988280578754,1.74604787357638,1,1,0.263719566660938,86.99
"36071",8.58939267267542e-05,0.22967473165284,1,0,0.329233177006156,95.96
"36073",0,0,0,0,0.14392705778873,43.88
"36075",0,0,0,0,0.219862949452781,77.22
"36077",0.000594766058683584,1.59036546738549,1,1,0.190970200057351,67.39
"36079",0.00144295517219265,3.85836757719445,1,1,0.300792610093379,92.52
"36081",1.38056872528638e-05,0.0369155030619514,1,0,0.258952236518233,86.32
"36083",0,0,0,0,0.229840276428977,79.92
"36085",1.93277798179323e-05,0.0516812167320101,1,0,0.223937631425569,78.52
"36087",0.000221895904715288,0.593335108924222,1,0,0.265984826817008,87.37
"36089",7.90722192936215e-05,0.211433932986094,1,0,0.172470623566212,59.31
"36091",0.000119558827924957,0.319692471479935,1,0,0.311191371533885,93.89
"36093",0.00046299252825851,1.23801168181919,1,1,0.224169126502451,78.56
"36095",0,0,0,0,0.14147005321332,42.25
"36097",0,0,0,0,0.12955504774403,35.06
"36099",0,0,0,0,0.160035426106785,53.13
"36101",0,0,0,0,0.167876611319725,57.27
"36103",0.000856134418488196,2.28924733468716,1,1,0.410412761694499,99.65
"36105",0.000117816853700922,0.315034546552086,1,0,0.174198415807431,60.29
"36107",0,0,0,0,0.158776745033014,52.31
"36109",0.00110523952612855,2.95533806928191,1,1,0.183008521039521,64.02
"36111",1.476995790562e-05,0.0394938996011738,1,0,0.327311744012379,95.83
"36113",0.000203412240331562,0.543911001550504,1,0,0.220841479226125,77.51
"36115",0,0,0,0,0.183771287449627,64.46
"36117",0.00124290904455351,3.32345734041052,1,1,0.205775098666289,72.96
"36119",0.000227632496731699,0.608674380071556,1,0,0.318369838782379,94.94
"36121",0,0,0,0,0.157245148338358,51.35
"36123",0,0,0,0,0.190745191393884,67.26
"37001",1.32955739034475e-05,0.0355514933920661,1,0,0.255265678177899,85.3
"37003",0.000781021185199648,2.08839947085617,1,1,0.194442072029273,69.01
"37005",0,0,0,0,0.138550176748636,40.66
"37007",0.00012868356710848,0.344091426135307,1,0,0.122554031357435,30.45
"37009",0,0,0,0,0.188149158777163,66.12
"37011",0.000116441546343735,0.311357064799426,1,0,0.159907042080367,53.07
"37013",0,0,0,0,0.204145089014115,72.57
"37015",0,0,0,0,0.109706899081251,22.4
"37017",0,0,0,0,0.103695543753803,18.93
"37019",0.000516166329437998,1.38019494182675,1,1,0.298475397939539,92.33
"37021",0.000293394707159483,0.784518221522041,1,0,0.345814434415999,97.49
"37023",0.000121281950213759,0.324299987568293,1,0,0.168231936532173,57.52
"37025",9.1938993370177e-05,0.245838843739233,1,0,0.291735867705833,91.63
"37027",0.000349015775513053,0.933245313589791,1,0,0.202040790545188,71.78
"37029",0,0,0,0,0.165108973958369,55.74
"37031",0.00126647270237891,3.38646501736801,1,1,0.27670316844935,89.47
"37033",0,0,0,0,0.149503415833398,47.22
"37035",0.000133504492939666,0.356982265904669,1,0,0.26362726215831,86.96
"37037",0.000263968323801144,0.705834000659253,1,0,0.235839307654727,81.51
"37039",0,0,0,0,0.208130737251327,73.81
"37041",0,0,0,0,0.136908063941744,39.61
"37043",0.00141242937853107,3.77674360522241,1,1,0.177896215996261,62.14
"37045",0.000631972971002163,1.68985431284933,1,1,0.216581347784181,76.36
"37047",6.00384245917387e-05,0.16053881319029,1,0,0.1605310403611,53.42
"37049",7.92707094728498e-05,0.211964682718785,1,0,0.196710774178868,69.9
"37051",7.4650741175216e-05,0.199611190225896,1,0,0.130215035565078,35.48
"37053",0.000112943302462164,0.302002989891289,1,0,0.227388084919491,79.29
"37055",0.000214675196427805,0.574027408118473,1,0,0.222821970947367,78.14
"37057",0.00024196400320137,0.646995889263631,1,0,0.277228467444897,89.56
"37059",0.000318187603410971,0.850812801481949,1,0,0.174738074318982,60.55
"37061",0,0,0,0,0.13368103903477,37.67
"37063",3.5208512635944e-05,0.0941452556626134,1,0,0.158802946249681,52.37
"37065",0,0,0,0,0.145456264158306,44.7
"37067",5.59018363753249e-05,0.149477847359894,1,0,0.265281034058469,87.21
"37069",0.000471559092248747,1.26091811258354,1,1,0.245974758811648,83.87
"37071",0.000897119250407026,2.39883808960444,1,1,0.261726033125493,86.67
"37073",0,0,0,0,0.125017809153183,32.39
"37075",0,0,0,0,0.151331997202365,48.14
"37077",0,0,0,0,0.131957368895192,36.78
"37079",0,0,0,0,0.119636189524885,28.57
"37081",0.000594857784925863,1.59061073734675,1,1,0.350962921871978,97.8
"37083",0,0,0,0,0.18815658403199,66.15
"37085",2.98783949326242e-05,0.0798928701932376,1,0,0.218663505444918,76.9
"37087",0,0,0,0,0.255384810304081,85.33
"37089",0.00116386877872685,3.11210884890124,1,1,0.293815370882383,91.73
"37091",0,0,0,0,0.140763453204377,41.9
"37093",0.00199745778100599,5.34107121799022,1,1,0.175927440753574,61.25
"37095",0.00171821305841924,4.59438912800252,1,1,0.141826759655212,42.41
"37097",0.000319982345801611,0.855611825029533,1,0,0.329657128591949,95.99
"37099",5.79844601646759e-05,0.155046646903483,1,0,0.156747780687904,51.03
"37101",4.20179836970223e-05,0.112353335072305,1,0,0.276272068165282,89.41
"37103",0,0,0,0,0.144818633238062,44.42
"37105",0.00016121231662099,0.431071170804041,1,0,0.186293697844924,65.38
"37107",0,0,0,0,0.152539374592621,48.87
"37109",0,0,0,0,0.266749864852398,87.46
"37111",0,0,0,0,0.161386731169709,53.8
"37113",0,0,0,0,0.235480804751576,81.48
"37115",0,0,0,0,0.190610374178729,67.23
"37117",0.000547870154773319,1.4649688933009,1,1,0.174711837306432,60.52
"37119",0.000597159607428434,1.59676565988594,1,1,0.343182457335533,97.3
"37121",0,0,0,0,0.133243122031954,37.35
"37123",0.000592709671046133,1.58486682159289,1,1,0.135029840839293,38.56
"37125",0.000372937872937873,0.997211434548459,1,0,0.252723593118212,84.98
"37127",0,0,0,0,0.209647258449626,74.36
"37129",0.000462950167214836,1.23789841116422,1,1,0.337788941842008,96.88
"37131",0,0,0,0,0.115776980646052,26.28
"37133",2.00998964855331e-05,0.0537458061062977,1,0,0.126864522225983,33.53
"37135",0.000118956213299305,0.318081119458773,1,0,0.146853481252663,45.5
"37137",0.00112663361874718,3.01254447104266,1,1,0.124233933749227,31.85
"37139",0.000157183275699466,0.420297779392875,1,0,0.174614622504014,60.48
"37141",0.00139004726160689,3.71689529121138,1,1,0.258522862834324,86.19
"37143",0.000310077519379845,0.82912696821627,1,0,0.166552358617844,56.41
"37145",0,0,0,0,0.185440514763676,65.1
"37147",2.18933356686225e-05,0.0585413449622881,1,0,0.209305313155651,74.2
"37149",0,0,0,0,0.200421999673154,71.21
"37151",0,0,0,0,0.247628623468177,84.16
"37153",0.00309226303167992,8.26850871843847,1,1,0.170792320800966,58.51
"37155",0,0,0,0,0.184671018966364,64.91
"37157",0,0,0,0,0.190081686531115,66.97
"37159",6.89714630571601e-05,0.184425172687126,1,0,0.250776598367811,84.7
"37161",0,0,0,0,0.219075383021677,77
"37163",0,0,0,0,0.159537072440336,52.85
"37165",0,0,0,0,0.14069123848596,41.81
"37167",0,0,0,0,0.22240556279394,78.01
"37169",0.000105764145954521,0.282806395822049,1,0,0.171839792926603,58.86
"37171",0,0,0,0,0.207974233971978,73.75
"37173",0,0,0,0,0.0786934745408153,6.59
"37175",0,0,0,0,0.202736728495133,71.97
"37177",0,0,0,0,0.0871579788765091,9.96
"37179",0.00152655984573711,4.08192099584688,1,1,0.323123948426205,95.39
"37181",0,0,0,0,0.175863164770549,61.18
"37183",0.000163501707761481,0.437192852695632,1,0,0.339976516751732,97.07
"37185",0,0,0,0,0.129988467734242,35.41
"37187",0,0,0,0,0.147512869208568,45.98
"37189",0.000171373731834384,0.458242129232498,1,0,0.206774947210774,73.37
"37191",0,0,0,0,0.201395170498632,71.46
"37193",0.000180554301706238,0.482790371490019,1,0,0.203333358217575,72.26
"37195",0.000837499682765272,2.23941927245175,1,1,0.221161372111967,77.63
"37197",0,0,0,0,0.161034994439957,53.64
"37199",0,0,0,0,0.16767648085255,57.08
"38001",0,0,0,0,0.0646955350377347,2.9
"38003",0.000547445255474453,1.46383274041832,1,1,0.132955884361983,37.19
"38005",0,0,0,0,0.046663878862885,0.73
"38007",0,0,0,0,0.0617528137636008,2.23
"38009",0.000304971027752364,0.815472544220027,1,0,0.117092850368819,26.98
"38011",0,0,0,0,0.0986464914906031,16.29
"38013",0,0,0,0,0.0767565706523658,5.98
"38015",0.000199456863617534,0.53333458340315,1,0,0.275462476378629,89.12
"38017",0.000467137579094886,1.24909527614083,1,1,0.316947113314989,94.72
"38019",0,0,0,0,0.0730587868652821,4.52
"38021",0,0,0,0,0.0834742743671146,8.43
"38023",0,0,0,0,0.0865581339860141,9.58
"38025",0,0,0,0,0.0790106305830736,6.68
"38027",0,0,0,0,0.0824268404822076,7.8
"38029",0,0,0,0,0.099013768282153,16.42
"38031",0,0,0,0,0.0867938282557873,9.74
"38033",0,0,0,0,0.0587584145543933,1.78
"38035",0.000272994540109198,0.729969511601577,1,0,0.221320353531036,77.73
"38037",0,0,0,0,0.0638234241451565,2.61
"38039",0,0,0,0,0.0821955124671006,7.67
"38041",0,0,0,0,0.0697995739761222,3.66
"38043",0,0,0,0,0.0786543636123449,6.52
"38045",0,0,0,0,0.103076275989024,18.52
"38047",0,0,0,0,0.0684999184877075,3.4
"38049",0,0,0,0,0.10936495617623,22.24
"38051",0,0,0,0,0.0824576103510422,7.89
"38053",0,0,0,0,0.100434097253636,17.21
"38055",0,0,0,0,0.097321932654649,15.49
"38057",0,0,0,0,0.0843112844645299,8.91
"38059",0,0,0,0,0.224289045597083,78.62
"38061",0,0,0,0,0.109990127346884,22.53
"38063",0,0,0,0,0.0724208918787149,4.45
"38065",0,0,0,0,0.0776050991153721,6.24
"38067",0,0,0,0,0.0900686831700449,11.61
"38069",0,0,0,0,0.101910586962402,18.07
"38071",0,0,0,0,0.1542845893229,49.79
"38073",0,0,0,0,0.0825382054594402,7.95
"38075",0,0,0,0,0.0896886294383356,11.39
"38077",0,0,0,0,0.132190612416822,36.84
"38079",0,0,0,0,0.0826157623513791,8.02
"38081",0,0,0,0,0.0568648118828476,1.46
"38083",0,0,0,0,0.0533943748604986,1.11
"38085",0,0,0,0,0.0390220979980673,0.25
"38087",0,0,0,0,0.0645653098932524,2.83
"38089",0,0,0,0,0.203096242715257,72.03
"38091",0,0,0,0,0.0738364853032057,4.84
"38093",0,0,0,0,0.152019329208079,48.65
"38095",0,0,0,0,0.0563125908574791,1.43
"38097",0,0,0,0,0.0845795401747169,9
"38099",0,0,0,0,0.0972658961985227,15.43
"38101",0.000268639949202628,0.718325620862875,1,0,0.231995223791519,80.59
"38103",0,0,0,0,0.102481459884511,18.2
"38105",3.43654421114128e-05,0.0918909403243228,1,0,0.159075620778222,52.56
"39001",0.0017914267434421,4.79015772424371,1,1,0.173738115771291,60.04
"39003",0,0,0,0,0.265936826779981,87.34
"39005",4.56954852860537e-05,0.12218673334388,1,0,0.199113527172211,70.63
"39007",0.000179786054595032,0.480736129055968,1,0,0.234725315367311,81.26
"39009",7.58322590429969e-05,0.202770491582427,1,0,0.145533635946034,44.77
"39011",0,0,0,0,0.177408358053752,61.95
"39013",0,0,0,0,0.231753776482125,80.5
"39015",0,0,0,0,0.189103305664455,66.5
"39017",0.00636627486739244,17.0230018293149,1,1,0.324902704275822,95.61
"39019",0,0,0,0,0.192930853079616,68.18
"39021",0,0,0,0,0.158040829306667,51.86
"39023",0,0,0,0,0.220121530419809,77.28
"39025",8.58627055338514e-05,0.229591248228864,1,0,0.304883603407205,92.94
"39027",0.000143843498273878,0.384628088679153,1,0,0.145947456416636,45.15
"39029",0,0,0,0,0.245809744544059,83.81
"39031",0,0,0,0,0.195346567364614,69.49
"39033",0.00013986013986014,0.373976849300345,1,0,0.200194978486069,71.08
"39035",0.000289942505571317,0.775287260689433,1,0,0.335146517307082,96.5
"39037",4.73821369343757e-05,0.126696729329423,1,0,0.207342736635654,73.53
"39039",0,0,0,0,0.182526266503206,63.79
"39041",0.000409798743283854,1.09577498645284,1,1,0.259801600535674,86.48
"39043",0.000175588220538805,0.469511395863199,1,0,0.214905566155562,76.01
"39045",0.000204918032786885,0.547937391905219,1,0,0.259432622237798,86.38
"39047",0.00184531450577664,4.93425006959578,1,1,0.169751412272954,58.16
"39049",0.000241381682745174,0.64543880252177,1,0,0.28692284014494,90.84
"39051",0,0,0,0,0.168370621542265,57.62
"39053",0,0,0,0,0.133491013017828,37.54
"39055",6.9357747260369e-05,0.185458071334268,1,0,0.26223771833842,86.76
"39057",1.07730759286391e-05,0.0288064991004209,1,0,0.164166697818565,55.23
"39059",0,0,0,0,0.176796169098181,61.76
"39061",0.000225964173113466,0.604213392037483,1,0,0.314792033792418,94.5
"39063",0.000482473621279184,1.2901028480091,1,1,0.191646224342569,67.9
"39065",0.000442233278054174,1.18250280707461,1,1,0.136339003432164,39.26
"39067",0,0,0,0,0.13436232115467,38.08
"39069",0,0,0,0,0.135746636566214,38.98
"39071",0,0,0,0,0.194448615866987,69.04
"39073",0,0,0,0,0.172461161337683,59.27
"39075",0.000280662363177098,0.750472768031847,1,0,0.256725975067471,85.87
"39077",0.000786293659990068,2.10249772295365,1,1,0.186478600530244,65.45
"39079",0,0,0,0,0.154942997967819,50.21
"39081",0,0,0,0,0.192407485130217,68.02
"39083",0,0,0,0,0.215145368491783,76.07
"39085",9.22909379528024e-06,0.0246779920491123,1,0,0.326496176208094,95.7
"39087",0.000258949957920632,0.692415219135747,1,0,0.162137678047879,54.25
"39089",2.46105382324711e-05,0.0658069665665215,1,0,0.223062435980479,78.21
"39091",0.00013899828568781,0.371672307718686,1,0,0.162923724208083,54.6
"39093",0.000485166483980521,1.29730338641591,1,1,0.284779513302766,90.39
"39095",0.000186864369169248,0.499663078403145,1,0,0.316170003972963,94.62
"39097",0,0,0,0,0.114300944772309,25.52
"39099",0.000384604290260858,1.02840666999893,1,1,0.332790879121029,96.37
"39101",0,0,0,0,0.171632988089662,58.77
"39103",0.000113570221887821,0.303679331355031,1,0,0.323158740755731,95.42
"39105",0,0,0,0,0.134501327207395,38.15
"39107",0,0,0,0,0.172316832163154,59.18
"39109",0.000109158388822181,0.291882378833912,1,0,0.228095934714201,79.54
"39111",0,0,0,0,0.149977741268408,47.47
"39113",0.000591657985386411,1.58205468305313,1,1,0.318511325569389,95
"39115",0,0,0,0,0.110566191811692,22.97
"39117",0,0,0,0,0.209230666153742,74.13
"39119",0.000103514310853475,0.276790484187927,1,0,0.22545558729291,78.84
"39121",0,0,0,0,0.134515245158363,38.21
"39123",0.00112121589634982,2.99805783636193,1,1,0.182797531634436,63.89
"39125",0,0,0,0,0.114990044355935,25.96
"39127",0.000133475707421249,0.356905295314665,1,0,0.156261517956177,50.84
"39129",0,0,0,0,0.143622088438916,43.68
"39131",0,0,0,0,0.125330486142953,32.61
"39133",0.000379875704669432,1.01576274197986,1,1,0.257189450548558,85.94
"39135",0,0,0,0,0.146746473595601,45.43
"39137",0,0,0,0,0.1786732800008,62.55
"39139",5.59952217410781e-05,0.149727553708608,1,0,0.255692412635053,85.56
"39141",0,0,0,0,0.185814060371837,65.19
"39143",3.67998822403768e-05,0.098400473706391,1,0,0.182398845806313,63.67
"39145",0.000143220308639765,0.382961720433595,1,0,0.168536921520315,57.72
"39147",9.36417267534413e-05,0.250391841230215,1,0,0.178594503982106,62.49
"39149",0,0,0,0,0.144331760890007,44.07
"39151",0.000120807685669907,0.323031835255404,1,0,0.344581109438027,97.39
"39153",0.000311255197786941,0.832276003106518,1,0,0.352277472366738,97.87
"39155",6.81366002561936e-05,0.182192804263816,1,0,0.298467613209265,92.3
"39157",2.40853585105614e-05,0.0644026704038505,1,0,0.308548903665402,93.48
"39159",7.95397300951825e-05,0.212684026234653,1,0,0.162042382965502,54.22
"39161",7.92769938163945e-05,0.211981486641626,1,0,0.146739314873375,45.4
"39163",0,0,0,0,0.118605477161672,27.81
"39165",0.000473091788733274,1.26501644254939,1,1,0.286738610849577,90.8
"39167",0.000327821082538064,0.876572093409967,1,0,0.202037971099486,71.75
"39169",7.17514529669226e-05,0.191858683540035,1,0,0.259955621041164,86.51
"39171",0,0,0,0,0.161713380289736,54.06
"39173",0.000168884278080027,0.451585493021033,1,0,0.220203771508026,77.31
"39175",0,0,0,0,0.133534536053915,37.58
"40001",0,0,0,0,0.116379926534841,26.6
"40003",0,0,0,0,0.0746987824591885,5.12
"40005",0,0,0,0,0.152504569115592,48.84
"40007",0,0,0,0,0.098246197816396,16
"40009",0,0,0,0,0.128379305223373,34.2
"40011",0,0,0,0,0.10036598043149,17.15
"40013",0,0,0,0,0.155010207454017,50.24
"40015",0,0,0,0,0.110981763150064,23.32
"40017",6.29260618772942e-05,0.168260166072206,1,0,0.275606454530777,89.18
"40019",0,0,0,0,0.210654130467328,74.67
"40021",0,0,0,0,0.105553379025682,19.89
"40023",0,0,0,0,0.103087098720699,18.55
"40025",0,0,0,0,0.0623437606662202,2.32
"40027",7.34328961016311e-05,0.196354752301477,1,0,0.268748652477508,87.88
"40029",0,0,0,0,0.100454435444093,17.24
"40031",3.50225895702728e-05,0.0936481095680828,1,0,0.146895794138487,45.56
"40033",0,0,0,0,0.0660848739881006,3.09
"40035",0,0,0,0,0.140991528065179,42
"40037",0,0,0,0,0.210670524151883,74.71
"40039",6.76132521974307e-05,0.180793405848375,1,0,0.158792386311615,52.34
"40041",0,0,0,0,0.204231727885692,72.61
"40043",0,0,0,0,0.0838632519689991,8.69
"40045",0,0,0,0,0.0630147592493078,2.42
"40047",0,0,0,0,0.211062207677463,74.8
"40049",0.00027073368829528,0.723924141999134,1,0,0.161419450783747,53.83
"40051",0,0,0,0,0.228469877370662,79.67
"40053",0,0,0,0,0.091595938796725,12.44
"40055",0,0,0,0,0.0729991759789742,4.49
"40057",0,0,0,0,0.101493604550328,17.88
"40059",0,0,0,0,0.0766518463431251,5.85
"40061",0.00257267815796244,6.87917281321706,1,1,0.141253635968055,42.09
"40063",0,0,0,0,0.109099772718763,21.89
"40065",0,0,0,0,0.118734272011857,27.94
"40067",0,0,0,0,0.0947344236633424,14
"40069",0,0,0,0,0.0869366174039428,9.86
"40071",0,0,0,0,0.176460320566025,61.6
"40073",0,0,0,0,0.13482297928017,38.47
"40075",0,0,0,0,0.0982485245260219,16.04
"40077",0,0,0,0,0.0903853510925207,11.93
"40079",0,0,0,0,0.171320332115416,58.64
"40081",0,0,0,0,0.156374827499992,50.94
"40083",0.00166763945634954,4.45915863002997,1,1,0.225431955649904,78.81
"40085",0,0,0,0,0.0664763371294688,3.12
"40087",6.60720185001652e-05,0.176672247935082,1,0,0.188939506464723,66.43
"40089",0,0,0,0,0.151006914209105,48.01
"40091",0.000184195984527537,0.492527992723792,1,0,0.144857625501999,44.48
"40093",0,0,0,0,0.110543581280476,22.91
"40095",0,0,0,0,0.109245246221158,22.05
"40097",0,0,0,0,0.161635139045039,54.02
"40099",0,0,0,0,0.116368689498229,26.57
"40101",0.000100536193029491,0.268827192275215,1,0,0.193652181085624,68.66
"40103",0,0,0,0,0.0807380454060763,7.25
"40105",0,0,0,0,0.114744093528328,25.68
"40107",0,0,0,0,0.0945711786076852,13.87
"40109",0.000183288409703504,0.490101197115439,1,0,0.307878706653453,93.38
"40111",0,0,0,0,0.134709563417074,38.37
"40113",0,0,0,0,0.15071904472114,47.79
"40115",0,0,0,0,0.145171376189285,44.64
"40117",0,0,0,0,0.137793516614015,40.22
"40119",0.000138641772766134,0.370719015527528,1,0,0.18141720729662,63.44
"40121",0.000178826895565093,0.478171400661207,1,0,0.172968187092492,59.62
"40123",0,0,0,0,0.150410887056633,47.63
"40125",0,0,0,0,0.204805725360864,72.8
"40127",0,0,0,0,0.13775182043744,40.15
"40129",0,0,0,0,0.0920989387647144,12.66
"40131",0.000448405358444033,1.19900654559608,1,1,0.229703595541576,79.89
"40133",0,0,0,0,0.124626633396768,32.2
"40135",0.000175024065809049,0.468002883083481,1,0,0.174984602834066,60.67
"40137",0.000117116589564912,0.313162086138955,1,0,0.168267365236294,57.56
"40139",0,0,0,0,0.0972739411922421,15.46
"40141",0,0,0,0,0.0914187054452272,12.38
"40143",0.000308461236302996,0.824805133179768,1,0,0.375923694105521,98.92
"40145",0,0,0,0,0.214423051999495,75.82
"40147",0,0,0,0,0.193851129499071,68.69
"40149",0,0,0,0,0.128382213905381,34.27
"40151",0,0,0,0,0.10645332194887,20.14
"40153",0,0,0,0,0.172241678425298,59.08
"41001",0,0,0,0,0.18316819942504,64.08
"41003",0.000581070510671583,1.55374446943646,1,1,0.204275990011781,72.64
"41005",0.000746769465202057,1.99681261601228,1,1,0.401506762913862,99.59
"41007",0,0,0,0,0.224412111422724,78.71
"41009",7.17720519629656e-05,0.191913763905653,1,0,0.254116661385775,85.21
"41011",0,0,0,0,0.233179943623561,80.88
"41013",0.000112485939257593,0.300780030652134,1,0,0.217322406356609,76.55
"41015",0,0,0,0,0.214426562086548,75.85
"41017",0.000456157662983271,1.21973569994485,1,1,0.389751552889995,99.43
"41019",0.000162881608339538,0.435534747474923,1,0,0.236254260729124,81.64
"41021",0,0,0,0,0.0745421768475372,5.03
"41023",0,0,0,0,0.121592119974122,29.75
"41025",0,0,0,0,0.125809589423703,32.87
"41027",0.00122454240783707,3.2743461573506,1,1,0.197115029221214,70.06
"41029",0.000144554627193616,0.386529600812031,1,0,0.363630579680424,98.44
"41031",0.000252047889098929,0.673959539381845,1,0,0.160083856851115,53.17
"41033",0,0,0,0,0.269991049615904,88.13
"41035",7.3305721511564e-05,0.19601469578107,1,0,0.244966535638387,83.52
"41037",0,0,0,0,0.1020052794461,18.1
"41039",0.000181978446927692,0.486598442491507,1,0,0.361154663832944,98.28
"41041",0,0,0,0,0.207544789277,73.62
"41043",0.000201505797871366,0.538813299336353,1,0,0.239543726924345,82.31
"41045",0,0,0,0,0.159403371319175,52.78
"41047",2.13300342880301e-05,0.0570351139823167,1,0,0.271050019076324,88.36
"41049",0.000129082225377565,0.34515741222376,1,0,0.0756691356061579,5.41
"41051",0.000315261335525833,0.842988152908115,1,0,0.363754281246619,98.47
"41053",3.92510892177258e-05,0.104954840542351,1,0,0.229412489189662,79.8
"41055",0,0,0,0,0.0824554580229631,7.86
"41057",0,0,0,0,0.172250519887532,59.12
"41059",0,0,0,0,0.18845669322089,66.21
"41061",8.28225940036442e-05,0.221462189208006,1,0,0.186479089759589,65.48
"41063",0,0,0,0,0.189130931660602,66.56
"41065",0.000234356690883525,0.62665443461389,1,0,0.179579421113816,62.87
"41067",0.000307869924956706,0.823224005386945,1,0,0.323666979137433,95.48
"41069",0,0,0,0,0.102042314847344,18.14
"41071",4.37177581533619e-05,0.116898420586582,1,0,0.246569779534163,84.03
"42001",2.60647448261482e-05,0.0696954197074876,1,0,0.240355857982246,82.47
"42003",0.00018152651699021,0.485390011452519,1,0,0.295907167632219,92.01
"42005",0,0,0,0,0.245416127261988,83.61
"42007",0.000161125731779365,0.430839648611225,1,0,0.27213202054946,88.45
"42009",0,0,0,0,0.191030735288487,67.45
"42011",0.00035276845419976,0.943279730494384,1,0,0.311834588702987,94.11
"42013",9.50434823931949e-05,0.25414004395737,1,0,0.28005949102363,89.85
"42015",0,0,0,0,0.186001633945998,65.29
"42017",0.000837013587629135,2.23811948591032,1,1,0.426887337671332,99.9
"42019",0.000369560530935296,0.988180643342356,1,0,0.314306985674196,94.43
"42021",3.83612091453123e-05,0.102575359540336,1,0,0.25291098754338,85.01
"42023",0,0,0,0,0.0824396932221475,7.83
"42025",0.000374491761181254,1.00136642988884,1,1,0.191568827102908,67.83
"42027",2.46959313453109e-05,0.0660353021546575,1,0,0.189467216233989,66.66
"42029",0.000223516806335105,0.597669293641978,1,0,0.354417253319015,98.03
"42031",0,0,0,0,0.192557237259052,68.06
"42033",3.12080641637799e-05,0.083448318587444,1,0,0.215431687844404,76.14
"42035",6.97982829622391e-05,0.186636034933864,1,0,0.185808802798875,65.16
"42037",0.000186247485658944,0.498013572319427,1,0,0.202301936220765,71.91
"42039",0,0,0,0,0.242070431608023,82.85
"42041",0.00012547714334773,0.335517659108002,1,0,0.223712746041307,78.43
"42043",0.000102485017666465,0.274038221652873,1,0,0.208900347171217,74.1
"42045",0.000265792504651369,0.710711740718739,1,0,0.314299649239128,94.4
"42047",0.000211044671122054,0.564319621350152,1,0,0.160529547764699,53.39
"42049",7.69355049661869e-06,0.0205720498888087,1,0,0.280721229277055,90.07
"42051",0,0,0,0,0.249525570996371,84.54
"42053",0,0,0,0,0.107834666398588,21.16
"42055",2.95080999734427e-05,0.0789027257368901,1,0,0.239361836456143,82.28
"42057",0,0,0,0,0.122659501051535,30.67
"42059",7.81127948758007e-05,0.208868494961527,1,0,0.131257463605018,36.33
"42061",0,0,0,0,0.166128675718248,56.16
"42063",0.000128675287910957,0.344069288103644,1,0,0.23650259970887,81.71
"42065",6.10537883875694e-05,0.163253829446088,1,0,0.203155412285198,72.1
"42067",0,0,0,0,0.175344532376915,60.99
"42069",0.000580613053656019,1.55252125935285,1,1,0.26977785964424,88.1
"42071",0.000962288138569492,2.57309542619639,1,1,0.411151236463152,99.68
"42073",0.000131730610900708,0.352239021570554,1,0,0.247643495161193,84.19
"42075",0.000167020192741302,0.44660105097414,1,0,0.258853952418906,86.29
"42077",8.70027108213056e-05,0.232639547665818,1,0,0.270657606733749,88.23
"42079",0.000152838984130219,0.408681428407286,1,0,0.275257592105227,88.99
"42081",0.000348080974626729,0.930745717274927,1,0,0.277760149537886,89.6
"42083",0,0,0,0,0.174137862189762,60.26
"42085",2.07615330315991e-05,0.0555149788750876,1,0,0.245592839034692,83.74
"42087",0.000105424068314796,0.281897050497862,1,0,0.214752009470183,75.95
"42089",9.46924861512239e-05,0.253201503006247,1,0,0.232002936540464,80.62
"42091",0.000257399794080165,0.688270182604703,1,0,0.353963196320871,97.93
"42093",0,0,0,0,0.0706349339306815,3.75
"42095",0.00013320703333136,0.356186878403843,1,0,0.283722408289169,90.3
"42097",0.000131904369332234,0.352703640230499,1,0,0.223264573085264,78.33
"42099",0,0,0,0,0.19445210292538,69.07
"42101",8.90734138128122e-05,0.238176471777111,1,0,0.211431751674186,74.96
"42103",0.000479222290682549,1.28140900304527,1,1,0.191303274715953,67.55
"42105",0.000180147721131328,0.481703201674918,1,0,0.143142618799355,43.21
"42107",1.81192244971915e-05,0.048449618997961,1,0,0.234450693890683,81.16
"42109",0,0,0,0,0.207231476470519,73.46
"42111",0,0,0,0,0.248987026839749,84.44
"42113",0,0,0,0,0.130436527313446,35.57
"42115",0,0,0,0,0.220969694404453,77.57
"42117",7.1301247771836e-05,0.190654864349196,1,0,0.191075294630824,67.48
"42119",0,0,0,0,0.166646278987409,56.47
"42121",0.000503440174525927,1.34616603750502,1,1,0.23442441259293,81.13
"42123",0,0,0,0,0.16850744236819,57.68
"42125",7.31911334169803e-05,0.195708294724825,1,0,0.311101761106714,93.86
"42127",0,0,0,0,0.236719050803671,81.77
"42129",0.000572969800299062,1.53208370071965,1,1,0.349501837076453,97.65
"42131",0,0,0,0,0.163723192965489,54.95
"42133",0.000415868347962988,1.11200471163881,1,1,0.338924658797664,97.04
"44001",0.000649807765202794,1.73754338387229,1,1,0.272985057683354,88.64
"44003",0.000888302022687714,2.37526140045391,1,1,0.310188752512659,93.73
"44005",0.000696157212188718,1.86147876794915,1,1,0.228667097697431,79.7
"44007",0.000541633008044024,1.44829117165141,1,1,0.307229191287085,93.29
"44009",0.000252158177341363,0.6742544429152,1,0,0.264549275993093,87.11
"45001",0,0,0,0,0.151203482099918,48.08
"45003",1.34473670055403e-05,0.0359573782004393,1,0,0.188107085345225,66.05
"45005",0,0,0,0,0.0863115249385657,9.48
"45007",9.64645733854242e-05,0.257939948150048,1,0,0.264809693356223,87.18
"45009",0,0,0,0,0.12302553608858,30.96
"45011",0,0,0,0,0.121798256042049,29.88
"45013",0.000165683610577242,0.443027117850333,1,0,0.275258653975439,89.02
"45015",0.000128937426666839,0.344770229959574,1,0,0.284975593629432,90.55
"45017",0,0,0,0,0.106638949659685,20.36
"45019",0.000184057451312044,0.492157563983299,1,0,0.322916685161317,95.35
"45021",4.9297510475721e-05,0.131818312669335,1,0,0.189362103139409,66.59
"45023",0,0,0,0,0.154335208103647,49.86
"45025",0.000123456790123457,0.330115366974996,1,0,0.13304140192328,37.23
"45027",0,0,0,0,0.16883583452717,57.87
"45029",0,0,0,0,0.195621211170115,69.52
"45031",0.000176164890337356,0.471053373116792,1,0,0.164318091646746,55.33
"45033",0,0,0,0,0.128477043593104,34.36
"45035",0.00173833864492364,4.64820362753585,1,1,0.29138479513709,91.5
"45037",0,0,0,0,0.14308826110434,43.14
"45039",0,0,0,0,0.135275784360526,38.75
"45041",0,0,0,0,0.211149198992781,74.86
"45043",0,0,0,0,0.206528422253242,73.18
"45045",0.000238941398865785,0.638913643333989,1,0,0.347250920774139,97.52
"45047",6.46120049105124e-05,0.172768267267395,1,0,0.193929228857096,68.79
"45049",0.00187617260787992,5.01676261256561,1,1,0.155950677314068,50.62
"45051",0.00035939232240537,0.960991520030644,1,0,0.323570349279154,95.45
"45053",0.000469998433338556,1.25674501292377,1,1,0.209828151190841,74.39
"45055",0.000138741155251353,0.370984757780715,1,0,0.223766063052627,78.46
"45057",9.13659205116492e-05,0.244306484467562,1,0,0.239218844997199,82.25
"45059",0,0,0,0,0.163618325597007,54.88
"45061",0,0,0,0,0.138668616163941,40.79
"45063",0.000325717426560899,0.87094705517435,1,0,0.331834317088476,96.28
"45065",0.00159808230123851,4.27316735516975,1,1,0.151346143547002,48.2
"45067",0,0,0,0,0.14037143161779,41.65
"45069",0,0,0,0,0.107055053093294,20.55
"45071",0,0,0,0,0.14014885196079,41.55
"45073",0.000103437575423232,0.276585298675737,1,0,0.228761962637225,79.73
"45075",0,0,0,0,0.203163553115525,72.13
"45077",2.07852674024651e-05,0.0555784430275294,1,0,0.193208162284503,68.41
"45079",0.00092644699919223,2.47725856808194,1,1,0.258511439261261,86.16
"45081",0,0,0,0,0.102961389197806,18.39
"45083",0.00651587347149664,17.4230186938666,1,1,0.29127026611914,91.44
"45085",0,0,0,0,0.200227321425547,71.14
"45087",0.00071933820884786,1.92346323402288,1,1,0.127886352393827,33.98
"45089",0.00518962075848303,13.8767058452962,1,1,0.137041561861178,39.83
"45091",0.000514985225833685,1.37703674818358,1,1,0.328642282858977,95.93
"46003",0,0,0,0,0.0666226115358636,3.18
"46005",0,0,0,0,0.153109648190724,49.19
"46007",0,0,0,0,0.0699662649335323,3.69
"46009",0,0,0,0,0.105432482657901,19.82
"46011",0.000132978723404255,0.355576392619344,1,0,0.161270871784092,53.77
"46013",0,0,0,0,0.229525285411696,79.83
"46015",0,0,0,0,0.121314521679689,29.46
"46017",0,0,0,0,0.0569171797429922,1.53
"46019",0,0,0,0,0.183689867910768,64.43
"46021",0.00133689839572193,3.57477870654742,1,1,0.0822943635063189,7.73
"46023",0,0,0,0,0.12106201082285,29.34
"46025",0,0,0,0,0.0695269874963144,3.6
"46027",0,0,0,0,0.104086040837436,19.03
"46029",0,0,0,0,0.22430007535629,78.65
"46031",0,0,0,0,0.0525251281096402,1.08
"46033",0.000622277535780958,1.66392935438548,1,1,0.172834360295515,59.53
"46035",0,0,0,0,0.191719312796804,67.96
"46037",0,0,0,0,0.115468758808512,26.15
"46039",0,0,0,0,0.100783423296839,17.47
"46041",0,0,0,0,0.074163628656492,4.9
"46043",0,0,0,0,0.0840303368372027,8.72
"46045",0,0,0,0,0.0886934011368389,10.79
"46047",0,0,0,0,0.12424362306968,31.88
"46049",0,0,0,0,0.0799419241856177,7
"46051",0,0,0,0,0.113934041912473,25.36
"46053",0,0,0,0,0.118871191072587,28.03
"46055",0,0,0,0,0.089673673989756,11.29
"46057",0,0,0,0,0.088713002141045,10.82
"46059",0,0,0,0,0.0812089707796403,7.38
"46061",0,0,0,0,0.0932019244983138,13.17
"46063",0,0,0,0,0.0619487388257792,2.26
"46065",8.24946378485398e-05,0.220585255939405,1,0,0.163090462210388,54.63
"46067",0,0,0,0,0.0963309881873432,14.79
"46069",0,0,0,0,0.0571559222397515,1.56
"46071",0,0,0,0,0.0658643391114617,3.05
"46073",0,0,0,0,0.0512853838393217,1.02
"46075",0,0,0,0,0.0641987979984529,2.77
"46077",0.0011801730920535,3.15570551435579,1,1,0.10276330876283,18.36
"46079",0,0,0,0,0.135619030220114,38.88
"46081",0.000192616372391653,0.515043558105452,1,0,0.223152889240302,78.27
"46083",0.000230906886797899,0.617429884545972,1,0,0.235362400774109,81.45
"46085",0,0,0,0,0.0741170363035012,4.87
"46087",0,0,0,0,0.11103477280168,23.39
"46089",0,0,0,0,0.0654452857206108,2.99
"46091",0,0,0,0,0.0786225544621818,6.46
"46093",9.36066647945334e-05,0.250298087849618,1,0,0.218098455404669,76.77
"46095",0,0,0,0,0.041021963009642,0.48
"46097",0,0,0,0,0.0882549595476095,10.59
"46099",9.89837666622674e-05,0.264676105895883,1,0,0.299037370827354,92.36
"46101",0,0,0,0,0.0829773483291982,8.21
"46102",0,0,0,0,0.042678481812312,0.54
"46103",0.0014128010859177,3.77773752641719,1,1,0.332512489291164,96.34
"46105",0,0,0,0,0.092858256146894,12.98
"46107",0,0,0,0,0.0776391016352583,6.27
"46109",0.00140812015958695,3.76522103613819,1,1,0.103351074732482,18.84
"46111",0,0,0,0,0.0612701046481872,2.13
"46115",0,0,0,0,0.0749777356884716,5.22
"46117",0,0,0,0,0.107937708808717,21.22
"46119",0,0,0,0,0.0655789694845694,3.02
"46121",0,0,0,0,0.0429336747652453,0.57
"46123",0,0,0,0,0.108652478969158,21.6
"46125",0,0,0,0,0.117104320334213,27.01
"46127",0.000184877056757256,0.494349135237099,1,0,0.150346905987993,47.57
"46129",0,0,0,0,0.125051674702125,32.48
"46135",6.84790796411696e-05,0.183108571697423,1,0,0.183481446351803,64.33
"46137",0,0,0,0,0.0494002340132779,0.86
"47001",0.000140771427422274,0.376413572527094,1,0,0.157553729985882,51.61
"47003",0.000194931773879142,0.52123478996052,1,0,0.174990990133366,60.71
"47005",0,0,0,0,0.16596542938025,56.06
"47007",0.00029585798816568,0.791104873519961,1,0,0.152123109968078,48.68
"47009",4.71120324130783e-05,0.125974487538748,1,0,0.253773215561698,85.14
"47011",8.36890116327726e-05,0.223778933174112,1,0,0.230065229897088,79.99
"47013",0,0,0,0,0.182768239357565,63.86
"47015",0,0,0,0,0.181333983355324,63.41
"47017",0,0,0,0,0.15425929545989,49.73
"47019",0,0,0,0,0.186397686183147,65.42
"47021",0,0,0,0,0.183995324907793,64.56
"47023",0,0,0,0,0.137308737202287,39.96
"47025",0.000196193839513439,0.524609470766621,1,0,0.135205811299699,38.63
"47027",0,0,0,0,0.122274478071047,30.26
"47029",0,0,0,0,0.157703641112033,51.7
"47031",3.38352224665877e-05,0.0904731677380297,1,0,0.191353778833947,67.58
"47033",0.000208073241781107,0.556374214002803,1,0,0.106847518961182,20.43
"47035",8.65426222414539e-05,0.23140930095175,1,0,0.212686045693778,75.41
"47037",0.00019175022840836,0.512727545850378,1,0,0.315228182081644,94.56
"47039",0,0,0,0,0.164816110094203,55.49
"47041",0,0,0,0,0.132269243512969,36.88
"47043",0.000231492198712903,0.618994970252667,1,0,0.227022667089925,79.22
"47045",0,0,0,0,0.142579906196507,42.79
"47047",9.04159132007233e-05,0.241766227169753,1,0,0.223384041008094,78.36
"47049",0,0,0,0,0.122981506646287,30.86
"47051",0.000137636776546693,0.368031721491634,1,0,0.168015760350056,57.37
"47053",0,0,0,0,0.187751288292183,65.96
"47055",0,0,0,0,0.166013372964132,56.12
"47057",0,0,0,0,0.138633569010082,40.76
"47059",3.52112676056338e-05,0.0941526222710377,1,0,0.186711757763904,65.51
"47061",0,0,0,0,0.138169605035573,40.47
"47063",0.000269905533063428,0.721709709176105,1,0,0.182500987428523,63.73
"47065",0.00145708283920686,3.89614403303971,1,1,0.336779043681805,96.82
"47067",0,0,0,0,0.109046288833187,21.83
"47069",0.000771902740254728,2.06401734658238,1,1,0.136950709420437,39.68
"47071",0,0,0,0,0.176174298394131,61.47
"47073",0,0,0,0,0.145913984873537,45.08
"47075",0,0,0,0,0.0933399386694523,13.24
"47077",0,0,0,0,0.15261695459881,48.93
"47079",0,0,0,0,0.193588334017216,68.63
"47081",0,0,0,0,0.175147844168318,60.87
"47083",0,0,0,0,0.155736482082759,50.56
"47085",0,0,0,0,0.147188914112208,45.72
"47087",0,0,0,0,0.148273239603477,46.55
"47089",0.000118807175953428,0.317682603361942,1,0,0.15762589621684,51.64
"47091",0,0,0,0,0.126562710765213,33.31
"47093",0.00043155884491746,1.15396007233599,1,1,0.350391423378261,97.71
"47095",0,0,0,0,0.0766519311027002,5.89
"47097",0,0,0,0,0.0985026667762124,16.16
"47099",0,0,0,0,0.185646545999855,65.13
"47101",0,0,0,0,0.144760894136255,44.38
"47103",0.000494926998267755,1.32340236203785,1,1,0.171371998165586,58.67
"47105",0.00374076498643973,10.0025604507527,1,1,0.20147730382119,71.49
"47107",5.05433409148345e-05,0.135149581627368,1,0,0.173357838581369,59.85
"47109",0.00207745956373349,5.55499074268654,1,1,0.195907882155399,69.68
"47111",0,0,0,0,0.145499801705448,44.73
"47113",0.000193371809365145,0.517063547070671,1,0,0.236270719626239,81.67
"47115",0,0,0,0,0.157993732774035,51.83
"47117",0.000176304654442877,0.471427093176564,1,0,0.167937780975999,57.3
"47119",0.000455882962410378,1.21900116861338,1,1,0.259466881206599,86.45
"47121",0,0,0,0,0.103314220816779,18.71
"47123",0,0,0,0,0.155290998700212,50.33
"47125",0.000933694181326116,2.4966370582182,1,1,0.270436039016635,88.2
"47127",0,0,0,0,0.0768249750569347,6.01
"47129",0,0,0,0,0.109488703616793,22.27
"47131",0,0,0,0,0.156936628148427,51.13
"47133",0,0,0,0,0.174928341696846,60.61
"47135",0,0,0,0,0.11498998789099,25.93
"47137",0,0,0,0,0.151512866632908,48.39
"47139",0.000865551067512983,2.31442683712995,1,1,0.159424370302248,52.82
"47141",0.000111766809728183,0.298857125413254,1,0,0.240905927308425,82.63
"47143",0.000146896804994491,0.392792430774509,1,0,0.113520681390833,25.04
"47145",0,0,0,0,0.136116859905268,39.2
"47147",0.000184897566748022,0.494403977608437,1,0,0.211667388803301,75.12
"47149",0.000254422815218034,0.680309936201356,1,0,0.284877429884955,90.45
"47151",0,0,0,0,0.141031243353676,42.03
"47153",0,0,0,0,0.143100435087329,43.18
"47155",1.69021702386586e-05,0.0451952956611701,1,0,0.195150166230648,69.39
"47157",0.000393065232374681,1.05103067478689,1,1,0.308973489679979,93.6
"47159",0,0,0,0,0.136580162169602,39.36
"47161",0,0,0,0,0.120508231589194,29.08
"47163",0.000270964245622637,0.724540637184641,1,0,0.242072358616626,82.88
"47165",0.000189784188265915,0.507470483339179,1,0,0.315348805902094,94.59
"47167",0,0,0,0,0.198006728257067,70.16
"47169",0,0,0,0,0.11183286484514,23.83
"47171",0.00242172634492302,6.47553755664497,1,1,0.123992946847698,31.69
"47173",0,0,0,0,0.174009572795231,60.23
"47175",0,0,0,0,0.137632973992926,40.09
"47177",0.000183778485665278,0.491411628123769,1,0,0.183022039546703,64.05
"47179",2.78858353899137e-05,0.0745648965434801,1,0,0.235214615595187,81.39
"47181",0,0,0,0,0.127107347108669,33.6
"47183",7.86410821012897e-05,0.210281100385142,1,0,0.144407937942965,44.13
"47185",0.000350058343057176,0.936033070885929,1,0,0.164926152870904,55.55
"47187",0.000263330368428444,0.704128149796277,1,0,0.309248483404348,93.67
"47189",0.000174679530246432,0.4670816175656,1,0,0.248330193417425,84.31
"48001",8.67077083152692e-05,0.231850730295454,1,0,0.184122283544338,64.62
"48003",0,0,0,0,0.109171221187685,21.92
"48005",0,0,0,0,0.224330386481852,78.68
"48007",0,0,0,0,0.222173499285927,77.89
"48009",0,0,0,0,0.117050478992632,26.95
"48011",0,0,0,0,0.0969254126026626,15.11
"48013",0,0,0,0,0.166976906953304,56.7
"48015",0,0,0,0,0.230765870994635,80.08
"48017",0,0,0,0,0.0797186920692526,6.94
"48019",0,0,0,0,0.193030383267469,68.25
"48021",3.58089235837571e-05,0.0957507151936357,1,0,0.262361288872809,86.86
"48023",0,0,0,0,0.0999702401419134,16.99
"48025",0,0,0,0,0.12774162902948,33.88
"48027",5.60305702791443e-06,0.0149822073383096,1,0,0.183320531716211,64.21
"48029",0.000118221795258468,0.316117333742156,1,0,0.295583755966327,91.98
"48031",0,0,0,0,0.178631701726933,62.52
"48033",0,0,0,0,0.0715057722044576,3.98
"48035",0,0,0,0,0.138440293170909,40.57
"48037",0,0,0,0,0.242927944013721,83.11
"48039",4.21647376299201e-05,0.112745745472455,1,0,0.272732502103761,88.61
"48041",0.000273665005964494,0.731762293364685,1,0,0.193156182136938,68.37
"48043",0,0,0,0,0.137661390063302,40.12
"48045",0,0,0,0,0.0948159240778341,14.06
"48047",0,0,0,0,0.0882170088901718,10.56
"48049",0.000112517580872011,0.300864638255693,1,0,0.188848399566881,66.34
"48051",0,0,0,0,0.158118189659004,51.92
"48053",0,0,0,0,0.269665871534634,88.04
"48055",0,0,0,0,0.183498353238684,64.37
"48057",0,0,0,0,0.10782901774095,21.13
"48059",0,0,0,0,0.164631667715328,55.36
"48061",5.65841292834186e-06,0.0151302253887186,1,0,0.211393281508787,74.9
"48063",0,0,0,0,0.11959671839806,28.44
"48065",0,0,0,0,0.0457912866585377,0.67
"48067",0,0,0,0,0.136968158152044,39.71
"48069",0,0,0,0,0.0665620508481275,3.15
"48071",0,0,0,0,0.15074630185506,47.85
"48073",0,0,0,0,0.170029186459569,58.26
"48075",0,0,0,0,0.104475314009878,19.31
"48077",0,0,0,0,0.123245394810737,31.15
"48079",0,0,0,0,0.112766753359374,24.47
"48081",0,0,0,0,0.0918928928842184,12.54
"48083",0,0,0,0,0.13279387592256,37.16
"48085",0.000415614777053519,1.11132667964275,1,1,0.284914342748977,90.49
"48087",0,0,0,0,0.103328154719895,18.77
"48089",0,0,0,0,0.159223237933585,52.69
"48091",0.000506072874493927,1.3532057047052,1,1,0.344856666549811,97.45
"48093",0,0,0,0,0.119033835586612,28.13
"48095",0,0,0,0,0.0911569994825542,12.22
"48097",0,0,0,0,0.187615843196435,65.86
"48099",5.76136429106412e-05,0.154055105864923,1,0,0.164645788356146,55.39
"48101",0,0,0,0,0.122994714122741,30.89
"48103",0,0,0,0,0.0819940985588578,7.6
"48105",0,0,0,0,0.0966821881541304,14.95
"48107",0,0,0,0,0.0956466175809847,14.48
"48109",0,0,0,0,0.0736546818336733,4.74
"48111",0,0,0,0,0.0941287164984334,13.74
"48113",0.000348480520238044,0.931814076058357,1,0,0.382099730349104,99.11
"48115",0,0,0,0,0.104472645357049,19.28
"48117",0,0,0,0,0.0896814869785725,11.36
"48119",0,0,0,0,0.116052176774524,26.44
"48121",0.00212986970046813,5.69513201400959,1,1,0.381941987691564,99.08
"48123",0,0,0,0,0.126511281429882,33.28
"48125",0,0,0,0,0.112091745954091,23.99
"48127",0,0,0,0,0.108478882588065,21.41
"48129",0,0,0,0,0.110275770303479,22.69
"48131",0,0,0,0,0.0821180564653082,7.64
"48133",0.000726744186046512,1.94326633175688,1,1,0.158703149165856,52.24
"48135",0.00080524429524112,2.15317047982716,1,1,0.236765356995147,81.8
"48137",0,0,0,0,0.12376416091091,31.56
"48139",0.00018848111150004,0.503986141454597,1,0,0.285055927297599,90.58
"48141",0.000171253276149631,0.457920038624626,1,0,0.256165756283876,85.65
"48143",0,0,0,0,0.18789151752694,66.02
"48145",0,0,0,0,0.11537047810212,26.03
"48147",0,0,0,0,0.160738432412961,53.45
"48149",0,0,0,0,0.211422148909255,74.93
"48151",0,0,0,0,0.0882106573146573,10.53
"48153",0,0,0,0,0.0886033581083843,10.75
"48155",0,0,0,0,0.0847915119536696,9.07
"48157",0.000814119444388606,2.17690204708118,1,1,0.306389222974901,93.1
"48159",0,0,0,0,0.0896811080488153,11.33
"48161",0,0,0,0,0.131590401298709,36.62
"48163",0,0,0,0,0.0880498670954685,10.4
"48165",0,0,0,0,0.165741698607622,56.03
"48167",0.000111527013933906,0.298215927172578,1,0,0.231485820701283,80.37
"48169",0,0,0,0,0.0902366202137912,11.74
"48171",0.00142103126268778,3.79974447979746,1,1,0.246126874978019,83.93
"48173",0,0,0,0,0.083076896546984,8.24
"48175",0,0,0,0,0.114184146507755,25.45
"48177",0,0,0,0,0.0978432688501984,15.88
"48179",0,0,0,0,0.136845572912906,39.52
"48181",0.000236586396282214,0.632616520742958,1,0,0.259026926143187,86.35
"48183",0.000376113173667225,1.00570198062922,1,1,0.288078929018998,90.93
"48185",0,0,0,0,0.166745090560895,56.54
"48187",1.78574617403882e-05,0.0477496825389287,1,0,0.249851364210544,84.57
"48189",0,0,0,0,0.141249249968196,42.06
"48191",0,0,0,0,0.11763591746839,27.36
"48193",0,0,0,0,0.107308401133672,20.74
"48195",0,0,0,0,0.0912220294790108,12.28
"48197",0,0,0,0,0.0798873269783924,6.97
"48199",6.8161679503783e-05,0.182259864528489,1,0,0.189125001738829,66.53
"48201",0.000165174817898401,0.441666639567028,1,0,0.383756835579335,99.17
"48203",0,0,0,0,0.217620460984716,76.71
"48205",0,0,0,0,0.0731373943965445,4.55
"48207",0.00213447171824973,5.70743750799887,1,1,0.120568826667123,29.18
"48209",3.64614192607447e-05,0.0974954458774885,1,0,0.317121846602674,94.75
"48211",0,0,0,0,0.0986439112291196,16.26
"48213",0,0,0,0,0.241208091734464,82.72
"48215",0.000157696463510791,0.421670009972442,1,0,0.243987698879907,83.26
"48217",0,0,0,0,0.173305890623115,59.78
"48219",0,0,0,0,0.109633511455968,22.34
"48221",0,0,0,0,0.269140611264228,87.97
"48223",0.000183564828978768,0.490840324144429,1,0,0.195983143016035,69.71
"48225",0.000115673799884326,0.309304161075474,1,0,0.200214651691257,71.11
"48227",0,0,0,0,0.16701743546017,56.73
"48229",0,0,0,0,0.0716660817590175,4.01
"48231",0,0,0,0,0.213153388285124,75.5
"48233",0,0,0,0,0.107427218084881,20.81
"48235",0,0,0,0,0.0708892699604086,3.85
"48237",0,0,0,0,0.120169959921508,28.79
"48239",0,0,0,0,0.0969654953495961,15.18
"48241",0.000745017694170237,1.99212849506237,1,1,0.167141986000797,56.79
"48243",0,0,0,0,0.0878894236872849,10.28
"48245",3.63652232097401e-05,0.097238223940589,1,0,0.268426829819593,87.85
"48247",0,0,0,0,0.0796531330376683,6.9
"48249",0,0,0,0,0.115399426365137,26.06
"48251",0.00015479004840707,0.413898446435216,1,0,0.289801109295066,91.25
"48253",0,0,0,0,0.12660603534329,33.34
"48255",0,0,0,0,0.0963344851473101,14.83
"48257",1.89926308592266e-05,0.0507850503779053,1,0,0.261455492883824,86.64
"48259",0.000705745599468615,1.88711748723252,1,1,0.273777369457951,88.83
"48261",0,0,0,0,0.0204033869346421,0.06
"48263",0,0,0,0,0.0899527150058604,11.55
"48265",0,0,0,0,0.243276856524995,83.17
"48267",0,0,0,0,0.138551216886951,40.69
"48269",0,0,0,0,0.0544652673248835,1.27
"48271",0,0,0,0,0.056866384213048,1.5
"48273",0,0,0,0,0.143384123750102,43.4
"48275",0,0,0,0,0.0769499583814738,6.11
"48277",0,0,0,0,0.190527599362166,67.2
"48279",0,0,0,0,0.0871458243398948,9.93
"48281",0.000624317153113782,1.66938315748242,1,1,0.179347339966098,62.81
"48283",0.00366197183098592,9.79187271618792,1,1,0.08487883060906,9.13
"48285",0,0,0,0,0.154906331213103,50.14
"48287",0.000208724692131079,0.558116149550714,1,0,0.1258051601537,32.83
"48289",0,0,0,0,0.110302360078908,22.75
"48291",0.000392233771327711,1.04880740243086,1,1,0.202277046934096,71.87
"48293",0,0,0,0,0.106487787819721,20.17
"48295",0,0,0,0,0.07613603390445,5.63
"48297",0,0,0,0,0.102605173219017,18.29
"48299",0,0,0,0,0.176173778387357,61.44
"48301",0,0,0,0,0.0307290275074287,0.16
"48303",0.000162220097911416,0.433765911937251,1,0,0.307022912800873,93.25
"48305",0,0,0,0,0.0876805689149211,10.15
"48307",0,0,0,0,0.116535047813843,26.69
"48309",0.000139061699480348,0.371841872044587,1,0,0.2759798982539,89.28
"48311",0,0,0,0,0.0843875475465855,8.94
"48313",0,0,0,0,0.0952227447085476,14.19
"48315",0,0,0,0,0.104509424491025,19.38
"48317",0,0,0,0,0.0938622856128454,13.65
"48319",0,0,0,0,0.143377528611189,43.37
"48321",0,0,0,0,0.158615434039321,52.15
"48323",0,0,0,0,0.145724373621908,44.83
"48325",0,0,0,0,0.179189890882656,62.71
"48327",0,0,0,0,0.10538942833794,19.76
"48329",0.00022207757399395,0.593820880671031,1,0,0.175946776752549,61.28
"48331",0,0,0,0,0.149166808048297,46.99
"48333",0,0,0,0,0.116527655749082,26.66
"48335",0,0,0,0,0.0836869133127102,8.53
"48337",0,0,0,0,0.180885009880104,63.35
"48339",0.00111232615206551,2.97428724266842,1,1,0.336572339046029,96.75
"48341",0,0,0,0,0.0818924580737564,7.54
"48343",0,0,0,0,0.0927270772737409,12.89
"48345",0,0,0,0,0.122099379953786,30.03
"48347",3.84039325626944e-05,0.102689599158857,1,0,0.187624895973825,65.89
"48349",0,0,0,0,0.203870662215806,72.48
"48351",0,0,0,0,0.112311223639495,24.24
"48353",0,0,0,0,0.119668914405535,28.6
"48355",5.44727581736374e-05,0.145656585892507,1,0,0.275839393823987,89.25
"48357",0,0,0,0,0.0927009669054381,12.79
"48359",0,0,0,0,0.0647960346821582,2.93
"48361",0,0,0,0,0.197684136155584,70.12
"48363",0,0,0,0,0.179168068676029,62.65
"48365",0,0,0,0,0.145801533966903,44.96
"48367",0.000528251682579433,1.41251038420394,1,1,0.342498809818253,97.26
"48369",0,0,0,0,0.056001239284173,1.4
"48371",0,0,0,0,0.131819093173367,36.72
"48373",0,0,0,0,0.177375053584624,61.92
"48375",0.00014122631517006,0.377629912557016,1,0,0.269221640950176,88.01
"48377",0,0,0,0,0.108643705705249,21.57
"48379",0,0,0,0,0.147366327973077,45.88
"48381",0,0,0,0,0.28695875259276,90.87
"48383",0,0,0,0,0.0782542425519845,6.43
"48385",0,0,0,0,0.0976703897060034,15.78
"48387",0,0,0,0,0.114685625584425,25.64
"48389",0,0,0,0,0.112165523472878,24.05
"48391",0,0,0,0,0.0950996378527226,14.13
"48393",0,0,0,0,0.0995931500059921,16.8
"48395",0,0,0,0,0.11104019793432,23.42
"48397",0.000246817087969724,0.659972719923685,1,0,0.289195885565524,91.15
"48399",0,0,0,0,0.106297834308612,20.08
"48401",0.00013107018808572,0.350473094239134,1,0,0.168812451641038,57.84
"48403",0,0,0,0,0.126496513870573,33.22
"48405",0,0,0,0,0.087819240777537,10.21
"48407",0,0,0,0,0.198335241935434,70.25
"48409",0,0,0,0,0.164666745099127,55.42
"48411",0,0,0,0,0.114575543632933,25.58
"48413",0,0,0,0,0.104528822702611,19.41
"48415",0,0,0,0,0.110203890221597,22.62
"48417",0,0,0,0,0.0928206316201145,12.95
"48419",0,0,0,0,0.13234775556805,36.91
"48421",0,0,0,0,0.0511577711686007,0.99
"48423",2.31945013568783e-05,0.0620205767505463,1,0,0.307537586196775,93.32
"48425",0,0,0,0,0.119840446907828,28.67
"48427",0,0,0,0,0.149570242529931,47.25
"48429",0,0,0,0,0.109184790961339,21.95
"48431",0,0,0,0,0.058103558064293,1.69
"48433",0,0,0,0,0.124383225083681,32.1
"48435",0,0,0,0,0.0832352232477249,8.27
"48437",0,0,0,0,0.100455795504411,17.28
"48439",0.000656534330463281,1.75552977860381,1,1,0.394583868543173,99.52
"48441",0.000376222723852521,1.00599491064615,1,1,0.255637561285114,85.46
"48443",0,0,0,0,0.0789730037973255,6.62
"48445",0,0,0,0,0.116154290963787,26.5
"48447",0,0,0,0,0.0903476134081517,11.84
"48449",0,0,0,0,0.138441558404071,40.6
"48451",5.0065084609993e-05,0.133870755607163,1,0,0.245202699315859,83.58
"48453",0.000276088894600304,0.738243612745472,1,0,0.321573994785337,95.29
"48455",0,0,0,0,0.15001444291031,47.5
"48457",0,0,0,0,0.125763293423336,32.74
"48459",0.00619834710743802,16.5739740030835,1,1,0.166352456623481,56.28
"48461",0,0,0,0,0.046552319151944,0.7
"48463",0,0,0,0,0.176647796637544,61.63
"48465",0,0,0,0,0.150360381305326,47.6
"48467",0,0,0,0,0.237411262244044,81.9
"48469",0,0,0,0,0.282698579702426,90.23
"48471",9.86550034529251e-05,0.263797014617133,1,0,0.128017768645137,34.04
"48473",0,0,0,0,0.167659303775423,57.02
"48475",0,0,0,0,0.107762221292806,21
"48477",0,0,0,0,0.193100338686645,68.31
"48479",7.34508002056622e-05,0.196402626702444,1,0,0.208541596609327,74.01
"48481",4.84425713316863e-05,0.129532261420214,1,0,0.174215193202909,60.32
"48483",0,0,0,0,0.104277420571174,19.19
"48485",0,0,0,0,0.212012139279231,75.28
"48487",0,0,0,0,0.0941458811042065,13.78
"48489",0,0,0,0,0.098367042911996,16.1
"48491",0.00026874089214406,0.718595535673727,1,0,0.31649942192558,94.65
"48493",0,0,0,0,0.208311429535815,73.88
"48495",0,0,0,0,0.0723142470040615,4.39
"48497",0,0,0,0,0.230244612771016,80.05
"48499",0,0,0,0,0.226588828945618,79.1
"48501",0,0,0,0,0.0970125724630638,15.24
"48503",0,0,0,0,0.149050731844669,46.9
"48505",0,0,0,0,0.123288169622936,31.24
"48507",0,0,0,0,0.093173251701327,13.14
"49001",0,0,0,0,0.113955528147787,25.39
"49003",0.00132510506190134,3.54324410469888,1,1,0.184585092757143,64.87
"49005",0.00545279742857553,14.5804230158137,1,1,0.277075452972675,89.5
"49007",0,0,0,0,0.151405382714814,48.23
"49009",0,0,0,0,0.08976942184345,11.42
"49011",0.000839671731256014,2.24522718778709,1,1,0.337769303993059,96.85
"49013",0,0,0,0,0.15383735384606,49.48
"49015",0,0,0,0,0.0909295778383619,12.12
"49017",0,0,0,0,0.093530982852895,13.39
"49019",0.000267701780216838,0.715817018470745,1,0,0.149477869392233,47.18
"49021",0,0,0,0,0.253221828583133,85.08
"49023",0.00366088631984586,9.78897013053023,1,1,0.141455942357737,42.22
"49025",0.000224014336917563,0.598999657817533,1,0,0.134826009389499,38.5
"49027",0.000161316341345378,0.431349326100576,1,0,0.1161006839094,26.47
"49029",0.0230125523012552,61.5340568984773,1,1,0.180118419682851,63.06
"49031",0,0,0,0,0.0605526777622884,2.04
"49033",0,0,0,0,0.110131795623185,22.59
"49035",0.000846655256545647,2.26390067679859,1,1,0.444648112348159,99.97
"49037",0,0,0,0,0.113378832329615,24.94
"49039",0.00253045923149016,6.76628217033099,1,1,0.191426553250091,67.67
"49041",0.00118927819961577,3.18005197534234,1,1,0.200079056940513,71.01
"49043",0.00266258780874688,7.11958532785979,1,1,0.241085992700919,82.69
"49045",8.71345793578181e-05,0.232992155491436,1,0,0.21021003286051,74.45
"49047",0,0,0,0,0.195866043910988,69.65
"49049",0.000448883727530473,1.20028567318689,1,1,0.368222425607523,98.66
"49051",7.1844241684029e-05,0.192106794489365,1,0,0.278476574779863,89.72
"49053",0.000219039771364201,0.5856979954987,1,0,0.340430922207578,97.1
"49055",0,0,0,0,0.107688099778691,20.97
"49057",0.00048693270437859,1.30202614402433,1,1,0.291703592600045,91.6
"50001",0.000104733975701718,0.280051788070535,1,0,0.220863825077435,77.54
"50003",0.000828028773999896,2.21409468301814,1,1,0.24427558735816,83.33
"50005",0,0,0,0,0.239765651621475,82.37
"50007",0.000999367921143892,2.67224433505479,1,1,0.308565125296735,93.51
"50009",0,0,0,0,0.121952794620829,29.91
"50011",0.00513174775486036,13.7219572258826,1,1,0.194038745805238,68.82
"50013",0,0,0,0,0.187664485360376,65.92
"50015",0.000825423029302518,2.20712709244529,1,1,0.225837744204753,78.91
"50017",0,0,0,0,0.199164685007698,70.66
"50019",7.78876859568502e-05,0.208266568463079,1,0,0.203957912114221,72.51
"50021",0.000518923406905141,1.38756718630949,1,1,0.287757413291376,90.9
"50023",0.000440323249067551,1.17739551472381,1,1,0.231062707542059,80.21
"50025",0.0006635424874549,1.77426913117238,1,1,0.252694386719696,84.95
"50027",3.64219114219114e-05,0.0973898045052983,1,0,0.267770484126232,87.66
"51001",0,0,0,0,0.13106674689344,36.21
"51003",6.69568128557081e-05,0.17903813006344,1,0,0.180523096556606,63.25
"51005",0,0,0,0,0.149723588804492,47.41
"51007",0,0,0,0,0.164884900879646,55.52
"51009",0,0,0,0,0.159258988162898,52.72
"51011",0,0,0,0,0.144238517440774,44
"51013",4.95827610656327e-06,0.0132581054055001,1,0,0.122999625795801,30.93
"51015",0,0,0,0,0.198558950140762,70.38
"51017",0,0,0,0,0.10107553120796,17.66
"51019",4.52345410955806e-05,0.120954198783076,1,0,0.270181275057713,88.16
"51021",0,0,0,0,0.0829455296623422,8.15
"51023",0,0,0,0,0.180877000679852,63.32
"51025",0,0,0,0,0.110740787113525,23.04
"51027",0,0,0,0,0.0993812354726073,16.67
"51029",0,0,0,0,0.118121772022081,27.59
"51031",0,0,0,0,0.207149617303421,73.43
"51033",0,0,0,0,0.139254992888367,41.11
"51035",0,0,0,0,0.167857494853732,57.24
"51036",0,0,0,0,0.119362783877835,28.29
"51037",0,0,0,0,0.118205765371954,27.68
"51041",5.54921848506335e-05,0.148382466026311,1,0,0.299214937214185,92.4
"51043",0,0,0,0,0.165555523694399,55.97
"51045",0,0,0,0,0.117516148719615,27.27
"51047",0.000159075242589745,0.425356774881617,1,0,0.203684092480226,72.38
"51049",0,0,0,0,0.129035125158689,34.65
"51051",0,0,0,0,0.0846183101178959,9.04
"51053",0.000880049282759835,2.35319411466819,1,1,0.113567339309828,25.07
"51057",0,0,0,0,0.163193660226555,54.72
"51059",0.000221329526465478,0.591820650597583,1,0,0.182073847868736,63.6
"51061",0,0,0,0,0.269772373006617,88.07
"51063",0,0,0,0,0.165207416848749,55.81
"51065",0,0,0,0,0.16186353115358,54.09
"51067",0,0,0,0,0.219866749138332,77.25
"51069",0.000599783155320769,1.60378085503551,1,1,0.221969109293943,77.86
"51071",0,0,0,0,0.103205152309996,18.64
"51073",0,0,0,0,0.23800965227128,81.99
"51075",0,0,0,0,0.110295257795121,22.72
"51077",0,0,0,0,0.106491679355752,20.2
"51079",0.000202511138112596,0.541501513263967,1,0,0.160462252939646,53.32
"51081",0,0,0,0,0.0745773981597726,5.06
"51083",0,0,0,0,0.167682397133285,57.11
"51085",0.00039860182743607,1.0658351671818,1,1,0.296138885265479,92.08
"51087",0.000246131868768279,0.658140488679724,1,0,0.319463365558912,95.2
"51089",0,0,0,0,0.173398923843767,59.91
"51091",0,0,0,0,0.105334021330956,19.73
"51093",0,0,0,0,0.179414157066525,62.84
"51095",0,0,0,0,0.218727468291743,76.93
"51097",0,0,0,0,0.147854248718961,46.29
"51099",0,0,0,0,0.0747656144998052,5.15
"51101",0,0,0,0,0.153636217355794,49.35
"51103",0.000183418928833456,0.490450196716337,1,0,0.170274719795777,58.38
"51105",0,0,0,0,0.110547428018543,22.94
"51107",0.000118567702157932,0.317042266124907,1,0,0.260929229263241,86.61
"51109",0,0,0,0,0.164954353766495,55.65
"51111",0,0,0,0,0.124852480316331,32.29
"51113",0,0,0,0,0.159015481711164,52.5
"51115",0,0,0,0,0.11458056812122,25.61
"51117",0,0,0,0,0.17183997154674,58.89
"51119",0.00103761348897536,2.77451047729958,1,1,0.152153963538481,48.71
"51121",0,0,0,0,0.16235924402444,54.31
"51125",0.000413137781450114,1.10470335571058,1,1,0.154221032805041,49.67
"51127",0,0,0,0,0.167277652545955,56.92
"51131",0,0,0,0,0.111092233195775,23.51
"51133",0,0,0,0,0.149756663138325,47.44
"51135",0,0,0,0,0.0914973170573965,12.41
"51137",0,0,0,0,0.174293036446867,60.39
"51139",0,0,0,0,0.150731345265367,47.82
"51141",0,0,0,0,0.13154062233682,36.56
"51143",0,0,0,0,0.177766829465704,62.07
"51145",0,0,0,0,0.199335664452054,70.73
"51147",0,0,0,0,0.14760344402734,46.13
"51149",0,0,0,0,0.0879437702286432,10.34
"51153",0.000260989090656011,0.697867726450874,1,0,0.288192684650943,90.96
"51155",0,0,0,0,0.123620191480548,31.4
"51157",0,0,0,0,0.133207592551221,37.29
"51159",0,0,0,0,0.137964322648426,40.34
"51161",0.000145377011048653,0.388728601351638,1,0,0.239914904605034,82.41
"51163",0,0,0,0,0.178287113476392,62.23
"51165",2.54835503682373e-05,0.0681413438112553,1,0,0.193545202009243,68.53
"51167",0,0,0,0,0.112265810366472,24.15
"51169",0,0,0,0,0.0912599500804874,12.31
"51171",0,0,0,0,0.169795151974493,58.19
"51173",0,0,0,0,0.0986080372663661,16.23
"51175",0,0,0,0,0.118731083442754,27.9
"51177",0.000437455391062096,1.1697270503408,1,1,0.323828115134131,95.51
"51179",3.81431895335088e-05,0.101992389384654,1,0,0.231753847297737,80.53
"51181",0,0,0,0,0.0903804823919379,11.9
"51183",0,0,0,0,0.125892023944484,32.9
"51185",0.000463238700284561,1.23866992968581,1,1,0.159004238005424,52.47
"51187",0,0,0,0,0.193579812838047,68.6
"51191",0.000865538581382265,2.3143934500346,1,1,0.198595134521693,70.44
"51193",0,0,0,0,0.139082343375617,40.98
"51195",0,0,0,0,0.112830491354896,24.53
"51197",0,0,0,0,0.158243752786394,52.02
"51199",0.000297663342759339,0.795932273403027,1,0,0.200456253965183,71.24
"51510",0.00041709656883191,1.11528889376006,1,1,0.223134739364339,78.24
"51520",0.000179694519317161,0.480491369721019,1,0,0.136673401683157,39.45
"51530",0,0,0,0,0.091614710352823,12.47
"51540",0.00032807570977918,0.877252949967624,1,0,0.202470267867019,71.94
"51550",0.000450177473811791,1.20374506596718,1,1,0.319362322712271,95.16
"51570",0.00126054494327548,3.37061457795667,1,1,0.178463317702078,62.42
"51580",0,0,0,0,0.111990653040304,23.96
"51590",0.000743660295976798,1.98849890124003,1,1,0.190757256682331,67.29
"51595",0,0,0,0,0.10795806352893,21.25
"51600",0,0,0,0,0.172554631050727,59.4
"51610",0,0,0,0,0.14539627096451,44.67
"51620",0,0,0,0,0.122033202553242,30
"51630",0,0,0,0,0.201774570184665,71.59
"51640",0,0,0,0,0.142310633120489,42.6
"51650",0,0,0,0,0.194255558509099,68.98
"51660",0,0,0,0,0.208474420664155,73.97
"51670",0,0,0,0,0.133659458113846,37.64
"51678",0,0,0,0,0.0894539515004462,11.14
"51680",0,0,0,0,0.189679501691807,66.85
"51683",0,0,0,0,0.18672400707625,65.54
"51685",0,0,0,0,0.143790924221596,43.78
"51690",0,0,0,0,0.122015957628326,29.94
"51700",0.000119983202351671,0.320827220888772,1,0,0.126730321115849,33.47
"51710",0.000396820696272255,1.06107253916283,1,1,0.19170595021299,67.93
"51720",0,0,0,0,0.118153103964912,27.62
"51730",0,0,0,0,0.170059590866594,58.29
"51735",0,0,0,0,0.117817294000629,27.43
"51740",0,0,0,0,0.117915891560279,27.52
"51750",0,0,0,0,0.0989976417790465,16.39
"51760",8.19381094146888e-05,0.219097135375206,1,0,0.204679750342085,72.7
"51770",0.00018413597733711,0.492367537428712,1,0,0.222545952020338,78.05
"51775",0.00296949518581841,7.94023554327513,1,1,0.183246397873949,64.11
"51790",0,0,0,0,0.174933521153277,60.64
"51800",0.000441869599371563,1.18153035410827,1,1,0.189672146691122,66.82
"51810",0.000249037286415938,0.665909385084803,1,0,0.270796101568339,88.29
"51820",0,0,0,0,0.177622857968391,61.98
"51830",0,0,0,0,0.109294743411204,22.18
"51840",0,0,0,0,0.156149402017281,50.75
"53001",0,0,0,0,0.0948394867956275,14.09
"53003",0,0,0,0,0.187486974589228,65.8
"53005",9.18670133115302e-06,0.0245646373779085,1,0,0.221003174562229,77.6
"53007",6.0345174397554e-05,0.161359042070491,1,0,0.217834021205911,76.74
"53009",0.000939032448787953,2.51091123560782,1,1,0.253063871239528,85.05
"53011",0.00114834733679113,3.07060553024648,1,1,0.35559063776293,98.06
"53013",0,0,0,0,0.0905210719974156,11.99
"53015",2.18250070931273e-05,0.0583586388288149,1,0,0.238910448110018,82.21
"53017",0.000140262290483204,0.375052173714492,1,0,0.184888562350921,64.94
"53019",0.00198708395429707,5.31333228514152,1,1,0.129237990291823,34.78
"53021",0,0,0,0,0.215698848947751,76.23
"53023",0,0,0,0,0.073144297932375,4.58
"53025",2.09942895532415e-05,0.056137354562006,1,0,0.15602642118571,50.68
"53027",0.000710545998504114,1.89995343969528,1,1,0.199538736720161,70.82
"53029",0.00023121387283237,0.61825074508612,1,0,0.245593260101978,83.77
"53031",0,0,0,0,0.255465752406557,85.4
"53033",0.000460011500287507,1.23004060836404,1,1,0.317835419976146,94.85
"53035",0.000236082483587727,0.631269091218042,1,0,0.250078994962043,84.66
"53037",0.000670414109638492,1.79264339861106,1,1,0.221591245227258,77.79
"53039",0.00270938862056779,7.24472763192859,1,1,0.175630728755447,61.09
"53041",0,0,0,0,0.251682675323385,84.82
"53043",0,0,0,0,0.11080172630395,23.13
"53045",0.000407166123778502,1.08873553440451,1,1,0.191440810801461,67.74
"53047",0.00015793629902606,0.422311314424449,1,0,0.163189422521093,54.69
"53049",0,0,0,0,0.176072683896712,61.34
"53051",0,0,0,0,0.135260433924271,38.72
"53053",0.000263147635569763,0.703639534106192,1,0,0.316869215359223,94.69
"53055",0,0,0,0,0.275549373805227,89.15
"53057",6.61660105203957e-05,0.176923576438116,1,0,0.301029540898361,92.59
"53059",0.00400582665695557,10.7113179888828,1,1,0.155500730224872,50.43
"53061",0.000521444400990744,1.39430815929994,1,1,0.351982021762175,97.84
"53063",0.00034025787965616,0.909827273951503,1,0,0.368173999577846,98.63
"53065",7.38388835560806e-05,0.197440336151331,1,0,0.214596753102971,75.88
"53067",0.000331188826957361,0.885577221307287,1,0,0.248015987216154,84.28
"53069",0,0,0,0,0.131159755143486,36.27
"53071",0,0,0,0,0.172194942852258,59.05
"53073",0.000772380420621627,2.06529463258226,1,1,0.360296808839296,98.19
"53075",0,0,0,0,0.125770957963383,32.77
"53077",0,0,0,0,0.19039068221871,67.13
"54001",0.000225123818099955,0.601966337797719,1,0,0.0953351419391697,14.29
"54003",4.53134558307089e-05,0.121165211613724,1,0,0.211982566712608,75.25
"54005",0,0,0,0,0.113351591686508,24.91
"54007",0,0,0,0,0.119362399342401,28.25
"54009",0.000129584035246858,0.3464992189319,1,0,0.131302328252005,36.37
"54011",1.78011962403874e-05,0.0475992322788641,1,0,0.222849507479181,78.17
"54013",0,0,0,0,0.0724100722946687,4.42
"54015",0,0,0,0,0.0720077329169709,4.26
"54017",0.00115074798619102,3.07702470943322,1,1,0.075268952404222,5.31
"54019",0.00336380886665517,8.99460448744189,1,1,0.189383660305752,66.62
"54021",0.000483091787439614,1.2917557838152,1,1,0.0841138461608597,8.81
"54023",0.000247096614776378,0.660720156287984,1,0,0.145634012886334,44.8
"54025",0,0,0,0,0.190827656692349,67.32
"54027",0,0,0,0,0.17248035973442,59.34
"54029",9.94134605825629e-05,0.265825079281983,1,0,0.147758872449331,46.23
"54031",0,0,0,0,0.119457877921889,28.35
"54033",0,0,0,0,0.190318906295937,67.07
"54035",0.000916170407695831,2.44977963581994,1,1,0.155310096923864,50.37
"54037",4.6279155868197e-05,0.123747430234055,1,0,0.190075018445419,66.94
"54039",0.000113992590481619,0.304808717298087,1,0,0.240791933382493,82.6
"54041",0,0,0,0,0.141572780278388,42.35
"54043",0,0,0,0,0.113009837740677,24.72
"54045",0,0,0,0,0.134129173182302,37.96
"54047",0,0,0,0,0.0810286012877815,7.32
"54049",0.000407809552938778,1.09045602181678,1,1,0.214693967573943,75.91
"54051",0,0,0,0,0.121091424831073,29.37
"54053",0,0,0,0,0.114838348053371,25.84
"54055",0,0,0,0,0.205622038191564,72.92
"54057",0,0,0,0,0.131025949409272,36.18
"54059",0,0,0,0,0.11038507261908,22.84
"54061",0.000197008501674572,0.526787824002714,1,0,0.168612966812711,57.75
"54063",0,0,0,0,0.134731882694473,38.4
"54065",0.000263296471827277,0.704037512505916,1,0,0.162298511156162,54.28
"54067",0.000125707102451288,0.336132554682271,1,0,0.14584686034939,45.02
"54069",0.00150540577528397,4.0253563976286,1,1,0.209236101234898,74.16
"54071",0.00911300121506683,24.3675680968785,1,1,0.146031632838154,45.21
"54073",0,0,0,0,0.0914064378203448,12.34
"54075",0.000294377391816309,0.787145855901522,1,0,0.101030657564419,17.63
"54077",0.000237051084508712,0.633859066610755,1,0,0.161558569067282,53.99
"54079",0.000168215652466462,0.449797631943727,1,0,0.236775033994203,81.83
"54081",0,0,0,0,0.198786660232708,70.54
"54083",0,0,0,0,0.178746356087218,62.58
"54085",0.000301477238468496,0.806130380614251,1,0,0.104970760542035,19.57
"54087",0,0,0,0,0.123995297509054,31.72
"54089",0,0,0,0,0.111556420609154,23.7
"54091",0,0,0,0,0.118774192463729,27.97
"54093",0.000313479623824451,0.83822397256974,1,0,0.104887585602826,19.5
"54095",0,0,0,0,0.0840306142671503,8.75
"54097",0,0,0,0,0.146019280908035,45.18
"54099",0,0,0,0,0.127959363491994,34.01
"54101",0,0,0,0,0.0828428731108445,8.05
"54103",0,0,0,0,0.114979242919158,25.9
"54105",0,0,0,0,0.0845580197214993,8.97
"54107",0.000257466529351184,0.688448628346413,1,0,0.232012281189671,80.66
"54109",0.000209951711106446,0.561397117887354,1,0,0.103049333393526,18.49
"55001",0,0,0,0,0.134662027771636,38.28
"55003",0,0,0,0,0.155935714436454,50.59
"55005",8.14464896562958e-05,0.217782576355878,1,0,0.19861780434104,70.47
"55007",0.000191094974202178,0.51097543904022,1,0,0.166450229138811,56.35
"55009",9.91750965498734e-05,0.265187709477971,1,0,0.302981923005223,92.75
"55011",0,0,0,0,0.13333496822016,37.45
"55013",0,0,0,0,0.141884387287969,42.44
"55015",0,0,0,0,0.164092974833396,55.11
"55017",0,0,0,0,0.251751891692593,84.86
"55019",0,0,0,0,0.166827817338289,56.6
"55021",0.000162304727125178,0.433992204909307,1,0,0.213724255215193,75.6
"55023",0,0,0,0,0.127305070029793,33.73
"55025",0.00172394295407426,4.60971049351829,1,1,0.285619604716451,90.61
"55027",0,0,0,0,0.169185273942855,58
"55029",0,0,0,0,0.23107671175389,80.24
"55031",0.000989010989010989,2.6445505771953,1,1,0.215075853917923,76.04
"55033",0.000782702279620389,2.09289460717931,1,1,0.17027351179598,58.35
"55035",9.28404536803503e-05,0.248249289538193,1,0,0.265678396592995,87.31
"55037",0.0447284345047923,119.600902923209,1,1,0.11445144980446,25.55
"55039",0.000613970806678418,1.6417177050845,1,1,0.264637058133883,87.15
"55041",0.000529941706412295,1.41702939718997,1,1,0.122595406425197,30.54
"55043",0,0,0,0,0.191572268294193,67.87
"55045",0,0,0,0,0.156805819078787,51.07
"55047",0,0,0,0,0.161496224025895,53.96
"55049",0,0,0,0,0.143509467480645,43.49
"55051",0,0,0,0,0.130750735212697,35.86
"55053",0,0,0,0,0.0986069506257682,16.19
"55055",0.00108071945037697,2.88977299346149,1,1,0.236125807154173,81.61
"55057",0.000190621425848265,0.509709201772297,1,0,0.140709913604353,41.84
"55059",0.000245119066586594,0.655432322012298,1,0,0.234823415758345,81.32
"55061",0,0,0,0,0.126865196318855,33.57
"55063",0.000262044206857697,0.700689038035053,1,0,0.253648258211605,85.11
"55065",0,0,0,0,0.135739694229026,38.94
"55067",0,0,0,0,0.164159204057364,55.2
"55069",0,0,0,0,0.16640385926363,56.32
"55071",0,0,0,0,0.221729954907759,77.82
"55073",9.00900900900901e-05,0.240894997522295,1,0,0.27924121397334,89.76
"55075",0,0,0,0,0.161974544168599,54.12
"55077",0,0,0,0,0.119301817358064,28.22
"55078",0,0,0,0,0.0760059074674537,5.6
"55079",6.75546565424755e-05,0.180636724906652,1,0,0.302082426727278,92.65
"55081",0.000369731328567907,0.988637345020016,1,0,0.149594626534694,47.28
"55083",0,0,0,0,0.16508285569582,55.71
"55085",0,0,0,0,0.230072318821934,80.02
"55087",0.000362749812298062,0.969969227995775,1,0,0.325947638786878,95.67
"55089",0.000610346424211811,1.63202634386553,1,1,0.280483107246249,89.98
"55091",0,0,0,0,0.124982531062743,32.36
"55093",0.000779119594857811,2.08331474288856,1,1,0.210899909742827,74.77
"55095",0,0,0,0,0.201133660645993,71.36
"55097",0,0,0,0,0.217139727024273,76.49
"55099",0,0,0,0,0.122140898058858,30.1
"55101",0.000534124629080119,1.42821425830725,1,1,0.290030296464778,91.31
"55103",0,0,0,0,0.121466969745702,29.59
"55105",0,0,0,0,0.272251634665679,88.48
"55107",0,0,0,0,0.130807943552373,35.92
"55109",0.000120050901582271,0.321008244195235,1,0,0.286002681861344,90.68
"55111",2.49140465394389e-05,0.066618527891212,1,0,0.208572441054257,74.04
"55113",0.00116918040453642,3.12631178825847,1,1,0.189628353559708,66.72
"55115",0,0,0,0,0.192758270680259,68.12
"55117",2.99638935083225e-05,0.0801214877821466,1,0,0.205971263700292,73.05
"55119",0,0,0,0,0.147541693994156,46.04
"55121",0,0,0,0,0.156024973025694,50.65
"55123",0,0,0,0,0.194122295545124,68.92
"55125",0,0,0,0,0.210329134690759,74.61
"55127",0.00149312377210216,3.99251512592942,1,1,0.276049559507401,89.31
"55129",0,0,0,0,0.177191421929677,61.88
"55131",0.000721611496652951,1.92954185665082,1,1,0.284868177659342,90.42
"55133",0.00028256989886972,0.755573393477869,1,0,0.396301753706587,99.55
"55135",4.7395611166406e-05,0.126732758542939,1,0,0.176160123140044,61.37
"55137",0,0,0,0,0.14626826923566,45.28
"55139",9.85784980580036e-06,0.0263592444204321,1,0,0.208213613034302,73.85
"55141",0.000149540163995713,0.399860599531062,1,0,0.19146705601579,67.77
"56001",0,0,0,0,0.171210608341373,58.61
"56003",0,0,0,0,0.137398051117371,40.06
"56005",3.68554896251797e-05,0.0985491642095408,1,0,0.181722347749557,63.47
"56007",0,0,0,0,0.134681034841982,38.34
"56009",0.000405569825604975,1.08446713768993,1,1,0.14213781263647,42.54
"56011",0,0,0,0,0.129187093343978,34.74
"56013",0.000170872016859372,0.456900576265444,1,0,0.215521509170087,76.17
"56015",0,0,0,0,0.158297081448858,52.05
"56017",0,0,0,0,0.119363486610412,28.32
"56019",0,0,0,0,0.194051394832788,68.85
"56021",0.000208873648848584,0.55851445005256,1,0,0.242206344303103,82.95
"56023",0.000354024073637007,0.946637174591976,1,0,0.193882891927908,68.72
"56025",2.25245517614199e-05,0.0602291754324144,1,0,0.331119586482554,96.09
"56027",0,0,0,0,0.0859882850391219,9.39
"56029",0.000299472927647341,0.800770984815965,1,0,0.249301399403884,84.47
"56031",0,0,0,0,0.13538510471563,38.78
"56033",5.52608311229001e-05,0.147763841318384,1,0,0.277977133946406,89.63
"56035",0,0,0,0,0.164224381656908,55.3
"56037",0,0,0,0,0.184177348276302,64.65
"56039",0.000297276206755602,0.794897097097089,1,0,0.232789651020207,80.81
"56041",0.000109733347964446,0.293419781904693,1,0,0.183268912332635,64.14
"56043",0,0,0,0,0.156180522756964,50.78
"56045",0,0,0,0,0.123277670111386,31.18
