"county_geoid","industry_employment_share","location_quotient","industry_present","industry_comparative_advantage","industry_feasibility","industry_feasibility_percentile_score"
"01001",0.00153969741598608,1.59139906414587,1,1,0.326441621397822,79.57
"01003",0.00172222166594907,1.7800523135176,1,1,0.458078939669477,99.71
"01005",0.00387331966279335,4.00338223764536,1,1,0.237001819819307,35.76
"01007",0,0,0,0,0.227007444909245,31.21
"01009",0.0021688210288887,2.24164807957602,1,1,0.369773396650684,91.79
"01011",0,0,0,0,0.201992275339575,20.33
"01013",0.00276279436916195,2.8555665079791,1,1,0.252148744299023,43.62
"01015",0.0010283709394471,1.06290270649238,1,1,0.2869327026255,62.52
"01017",0.00123750594954783,1.27906028128528,1,1,0.272764149743931,55.62
"01019",0.00211608222490931,2.18713835420689,1,1,0.278203778248633,58.67
"01021",0.00572297236877403,5.91514461038883,1,1,0.342330002637043,84.54
"01023",0,0,0,0,0.187628062265617,15.08
"01025",0.00476291278577477,4.92284709397661,1,1,0.263690398258969,50.43
"01027",0.00123558484349259,1.27707466622435,1,1,0.173881099430678,10.24
"01029",0.00591366055588409,6.11223593454117,1,1,0.221981056274287,28.95
"01031",0.00147096119705808,1.52035474508732,1,1,0.327216802614841,79.92
"01033",0.00790528233151184,8.17073457002578,1,1,0.318335944523344,76.93
"01035",0.000782064650677789,0.808325675076312,1,0,0.200557376749759,19.79
"01037",0.00635838150289017,6.57189020915608,1,1,0.193596797813221,16.93
"01039",0.00311842773225034,3.22314171809625,1,1,0.325826627639844,79.32
"01041",0.00048390999274135,0.500159253099884,1,0,0.216636633843106,26.41
"01043",0.00158245419211549,1.63559157418828,1,1,0.371216229925565,92.14
"01045",0.00178928982234908,1.84937255801552,1,1,0.170071574321918,9.55
"01047",0.00203267334186554,2.10092867622786,1,1,0.292678644959293,64.78
"01049",0.00125225590217672,1.29430552399731,1,1,0.327093139457936,79.76
"01051",0.002023568622783,2.09151822890436,1,1,0.328730977673081,80.34
"01053",0.0038490617911884,3.97830980862815,1,1,0.282712715980917,60.87
"01055",0.000917960553923626,0.948784839975396,1,0,0.343248113087452,84.86
"01057",0.00368284228769497,3.80650880438161,1,1,0.225833021490298,30.77
"01059",0.0024568012447793,2.539298410935,1,1,0.243804161681188,39.42
"01061",0.00533570475767008,5.51487290278832,1,1,0.28743821770527,62.71
"01063",0,0,0,0,0.164790827680097,8.27
"01065",0.0060790273556231,6.28315560201162,1,1,0.27433575646468,56.47
"01067",0.00586019254918376,6.05697252048253,1,1,0.275800499443933,57.37
"01069",0.00121806980069554,1.25897148411448,1,1,0.358273698914693,89.25
"01071",0.00137072362784854,1.41675128886526,1,1,0.304410082967468,70.44
"01073",0.000501257964699872,0.518089754283417,1,0,0.334253546066179,82.12
"01075",0.00101962783583992,1.05386601736519,1,1,0.239310768617783,36.91
"01077",0.00125166889185581,1.29369880240017,1,1,0.365098788938851,90.84
"01079",0.00523982265215639,5.415771162798,1,1,0.276325469809223,57.81
"01081",0.000653955146370549,0.675914369357412,1,0,0.297153070147367,67.23
"01083",0.0010351966873706,1.0699576568643,1,1,0.259535030600374,48.11
"01085",0,0,0,0,0.182062044339376,12.82
"01087",0.000141823854772373,0.14658617168216,1,0,0.126572108384629,2.64
"01089",0.000546731693402375,0.565090449711642,1,0,0.20506783845377,21.76
"01091",0.00197068604507944,2.03685990201929,1,1,0.273633635913718,56.06
"01093",0.00138504155124654,1.43154999519517,1,1,0.239822035194568,37.26
"01095",0.00117470469229263,1.21415021455044,1,1,0.327532083048538,80.11
"01097",0.00103294959505382,1.0676351092177,1,1,0.406474367497891,97.17
"01099",0.00523255813953488,5.40826271440593,1,1,0.252185329189477,43.65
"01101",0.000560156033825326,0.578965567357519,1,0,0.249060046521555,41.78
"01103",0.00108388961530521,1.1202856493264,1,1,0.323810928213465,78.75
"01105",0,0,0,0,0.167274582536554,8.81
"01107",0.00261894369271061,2.70688545577716,1,1,0.246551619933331,40.41
"01109",0.0022688598979013,2.34504616342805,1,1,0.216275255253484,26.31
"01111",0.00453781512605042,4.6901908582075,1,1,0.292423878645151,64.68
"01113",0.00188323917137476,1.94647664130115,1,1,0.29499758604899,66.15
"01115",0.00251207729468599,2.59643058065736,1,1,0.381452910020981,94.02
"01117",0.00109985469809493,1.13678682517224,1,1,0.376946072519279,93.19
"01119",0.00164609053497942,1.70136476795212,1,1,0.19893703602571,19.19
"01121",0.000829946768931372,0.857815631600836,1,0,0.242091036524132,38.66
"01123",0.00153712490810666,1.58874017377604,1,1,0.275816295776569,57.43
"01125",0.00120671886973602,1.24723939914856,1,1,0.275782730144961,57.3
"01127",0.00157516794069956,1.62806065703271,1,1,0.336562201170002,82.82
"01129",0.00119209809264305,1.23212766957023,1,1,0.143052941701259,4.45
"01131",0.00182315405651778,1.88437392257231,1,1,0.245029376361195,39.93
"01133",0.00110277900308778,1.13980932568473,1,1,0.244241827169727,39.58
"02013",0.000533049040511727,0.55094834569878,1,0,0.0739978602473427,0.41
"02016",0,0,0,0,0.073839698956732,0.35
"02020",0.00035923910839171,0.371302033090073,1,0,0.333361614201404,81.93
"02050",0,0,0,0,0.102991720515024,1.27
"02060",0,0,0,0,0.0948852732041001,0.89
"02063",0,0,0,0,0.203790295846168,21.25
"02066",0,0,0,0,0.192085979734148,16.48
"02068",0,0,0,0,0.0844913178120534,0.67
"02070",0,0,0,0,0.101403139116424,1.21
"02090",0.000645063367989679,0.666724013091959,1,0,0.275647040672966,57.21
"02100",0.00320256204963971,3.3101011898508,1,1,0.212808862570548,24.94
"02105",0,0,0,0,0.126938847612553,2.67
"02110",0.000615953187557746,0.63663633910127,1,0,0.219407929316377,27.62
"02122",0.000651565673987199,0.673444660650243,1,0,0.369142270333411,91.7
"02130",0.000243991704282054,0.252184725272883,1,0,0.215873589271862,26.09
"02150",0.000708918190840777,0.732723023203538,1,0,0.183928900956419,13.62
"02158",0,0,0,0,0.0710543921594697,0.29
"02164",0.00376647834274953,3.8929532826023,1,1,0.0888577138359283,0.73
"02170",0.00148981026001405,1.53983674254781,1,1,0.397339430509636,96.28
"02180",0,0,0,0,0.135985554799216,3.66
"02185",0,0,0,0,0.0815261155079096,0.6
"02188",0,0,0,0,0.0739408750231932,0.38
"02195",0,0,0,0,0.19015335548704,15.81
"02198",0,0,0,0,0.14086836336018,4.1
"02220",0.00035880875493362,0.370857228751672,1,0,0.207538397326913,22.69
"02230",0,0,0,0,0.131826276094448,3.34
"02240",0,0,0,0,0.181147511890213,12.22
"02275",0,0,0,0,0.129920187802455,3.05
"02282",0.0126050420168067,13.0283079394653,1,1,0.142517732737629,4.36
"02290",0,0,0,0,0.111780993566213,1.69
"04001",0.000429599398560842,0.444024958234738,1,0,0.133405515346695,3.47
"04003",0.00160230360169984,1.65610750901314,1,1,0.304910112442143,70.73
"04005",0.00112250142003192,1.16019400357125,1,1,0.316691328823509,75.98
"04007",0.00420005526388505,4.34108932502621,1,1,0.265072825660867,51.26
"04009",0.00106714825151863,1.10298212566917,1,1,0.252246724744336,43.75
"04011",0,0,0,0,0.0770769586748172,0.54
"04012",0,0,0,0,0.196530463638959,18.29
"04013",0.000734599395313681,0.759266579320468,1,0,0.391469256286865,95.55
"04015",0.00231065070405062,2.38824026709115,1,1,0.418765474417282,98.15
"04017",0.00286698996553512,2.96326089834098,1,1,0.334753202621558,82.37
"04019",0.000985996189257971,1.01910505047618,1,1,0.320113796312444,77.51
"04021",0.00629060870890154,6.50184166597593,1,1,0.350116583313008,87.02
"04023",0.00156053058039734,1.61293178739594,1,1,0.261343133824407,49.06
"04025",0.00315693279056243,3.26293974147833,1,1,0.429402201252718,98.76
"04027",0.00135143145041788,1.39681129754637,1,1,0.30470439366303,70.63
"05001",0.00194102967002496,2.00620769268409,1,1,0.203553420357656,21.09
"05003",0.00556474657843285,5.7516057409601,1,1,0.267362853337917,52.91
"05005",0.00346477478963867,3.58111879675782,1,1,0.307627961149083,71.94
"05007",0.00124304632501354,1.28478669755356,1,1,0.32381844108321,78.78
"05009",0.00139902676399027,1.44600481874763,1,1,0.347997875750209,86.26
"05011",0,0,0,0,0.203077012013879,20.87
"05013",0,0,0,0,0.0597929374369528,0.25
"05015",0.00177482830465314,1.83442543562088,1,1,0.294197359701826,65.61
"05017",0.000562113546936481,0.580988811990394,1,0,0.210658760036135,23.64
"05019",0.00295135355180134,3.05045733761413,1,1,0.232632077891541,33.82
"05021",0,0,0,0,0.244868231184519,39.87
"05023",0.00532724505327245,5.5061291291601,1,1,0.313669337673208,74.58
"05025",0.00207612456747405,2.14583895473546,1,1,0.1928046637983,16.67
"05027",0.0067516879219805,6.97840350245926,1,1,0.236417713982647,35.48
"05029",0.0035447525003165,3.66378208670281,1,1,0.283910752235972,61.57
"05031",0.000759743303751839,0.785254797487235,1,0,0.349944536221331,86.92
"05033",0.00220860001802939,2.28276281123297,1,1,0.332871198549803,81.64
"05035",0.00120696893366919,1.24749786000267,1,1,0.300630398795608,68.72
"05037",0.00204255319148936,2.1111402822759,1,1,0.256311010881293,46.04
"05039",0,0,0,0,0.185128202314684,14.29
"05041",0,0,0,0,0.188348702302803,15.4
"05043",0.0073775989268947,7.62533203342725,1,1,0.28344047471052,61.15
"05045",0.00154277435984271,1.59457932899729,1,1,0.387332037495454,94.85
"05047",0.00418921277709897,4.3298827573297,1,1,0.237892687513502,36.43
"05049",0.000849617672047579,0.878147065871632,1,0,0.24088023886698,38.08
"05051",0.00160178285395919,1.65556927503384,1,1,0.430576056768545,98.89
"05053",0.000182915675873422,0.189057819010593,1,0,0.2310169028247,32.96
"05055",0.00233618867504728,2.41463578008111,1,1,0.308757997143331,72.38
"05057",0.00537694634255629,5.55749934283452,1,1,0.248687533227913,41.55
"05059",0.00224911641854986,2.3246397158776,1,1,0.266817060238537,52.47
"05061",0.00143348623853211,1.48162141131151,1,1,0.217146444244961,26.6
"05063",0.00255703183755327,2.64289465645909,1,1,0.257886283222446,46.99
"05065",0,0,0,0,0.240652996972044,37.89
"05067",0.0038265306122449,3.95502205305196,1,1,0.228272163088491,32.01
"05069",0.000688800110208018,0.711929395599195,1,0,0.258031682027916,47.09
"05071",0.00429507140556212,4.43929602289664,1,1,0.211401020810694,23.96
"05073",0,0,0,0,0.201009004786002,19.92
"05075",0.00424055512721665,4.38294913717811,1,1,0.2739572784671,56.19
"05077",0,0,0,0,0.197256874673954,18.64
"05079",0.000603318250377074,0.623577132145346,1,0,0.186423618376324,14.64
"05081",0.00328857221156481,3.39899949530582,1,1,0.219503744229796,27.65
"05083",0.00277188977661829,2.86496733100041,1,1,0.277198926235494,58.22
"05085",0.00242473226914528,2.50615258807253,1,1,0.374196262372797,92.62
"05087",0.000217013888888889,0.224301019212437,1,0,0.272084298609927,55.23
"05089",0.0091324200913242,9.43907850713161,1,1,0.255683034962635,45.72
"05091",0.00112525494057247,1.16303998484384,1,1,0.297202343953068,67.26
"05093",0.000971559795089207,1.00418389523406,1,1,0.195945843512133,17.98
"05095",0,0,0,0,0.228264577806545,31.98
"05097",0,0,0,0,0.260808508081318,48.84
"05099",0,0,0,0,0.182091931800756,12.85
"05101",0,0,0,0,0.217159288837275,26.63
"05103",0.00467939800177058,4.83652795897859,1,1,0.251923292261596,43.43
"05105",0,0,0,0,0.259673732533138,48.23
"05107",0.000342876735813475,0.35439022682356,1,0,0.232306342308897,33.63
"05109",0,0,0,0,0.26666214719248,52.34
"05111",0.00216450216450216,2.23718419162535,1,1,0.237881714019456,36.4
"05113",0.00429307384087006,4.43723138178697,1,1,0.277025570859274,58.13
"05115",0.00242581331206593,2.50726993143776,1,1,0.354943484510593,88.29
"05117",0,0,0,0,0.221817818553481,28.79
"05119",0.00212887624270567,2.20036198356185,1,1,0.319999603504948,77.47
"05121",0.00303871052979257,3.14074768400198,1,1,0.224383053513175,30.19
"05123",0.000247770069375619,0.256089964452654,1,0,0.256889145846484,46.45
"05125",0.00108437001114491,1.12078217642437,1,1,0.400526933015313,96.66
"05127",0,0,0,0,0.170873324404488,9.77
"05129",0,0,0,0,0.28527746090309,62.01
"05131",0.00119999460676581,1.24028934150297,1,1,0.335847952460527,82.66
"05133",0.00491400491400491,5.07901275936566,1,1,0.250680601982403,42.76
"05135",0.00423908435777872,4.38142898063125,1,1,0.313455308438672,74.48
"05137",0.00384615384615385,3.97530421742658,1,1,0.304418129880983,70.47
"05139",0.00236954063223652,2.44910766586031,1,1,0.327052540383577,79.73
"05141",0.00346020761245675,3.57639825789243,1,1,0.293607015077099,65.29
"05143",0.00128426844129215,1.3273930152539,1,1,0.374648501146922,92.68
"05145",0.00226405330228346,2.34007816667196,1,1,0.368881424851032,91.66
"05147",0,0,0,0,0.142011119567412,4.26
"05149",0.000267737617135208,0.276728004425947,1,0,0.225268370070879,30.42
"06001",0.000421967730811811,0.436137025977671,1,0,0.29374603050211,65.38
"06003",0,0,0,0,0.165336899873221,8.37
"06005",0.00254004092288154,2.62533320222344,1,1,0.286059772768627,62.33
"06007",0.00209664760623388,2.16705113859491,1,1,0.380160451844843,93.8
"06009",0.00161825390403754,1.67259340809274,1,1,0.357558355860176,89.06
"06011",0.0012590799031477,1.30135866875563,1,1,0.166986383984828,8.65
"06013",0.000800673575248404,0.82755947052142,1,0,0.38716032211307,94.75
"06015",0.00108166576527853,1.117987124425,1,1,0.212133258875862,24.31
"06017",0.000807358496006459,0.834468864878911,1,0,0.358063442668033,89.18
"06019",0.000721450641628333,0.745676302365859,1,0,0.329851341378014,80.72
"06021",0.00241286863270777,2.49389058144188,1,1,0.261414272797254,49.16
"06023",0.00322548130228808,3.33379005029626,1,1,0.356244309829537,88.58
"06025",0.000937018941168596,0.968483190645389,1,0,0.224125553555436,30.03
"06027",0.000467726847521048,0.483432692484056,1,0,0.232923320007742,34.08
"06029",0.00049434846417261,0.51094823897097,1,0,0.291672508304328,64.33
"06031",0.000634860172047107,0.656178203047907,1,0,0.168402451442472,9.04
"06033",0.00346977773307855,3.5862897345184,1,1,0.290504588166678,63.95
"06035",0.00285320739866194,2.94901552532432,1,1,0.193152250723916,16.8
"06037",0.000340710898047308,0.352151662181972,1,0,0.306147673347322,71.43
"06039",0.00253702470427806,2.62221570172432,1,1,0.269354800103596,53.83
"06041",0.00106652246081281,1.10233532147683,1,1,0.319697504587654,77.31
"06043",0.00115290387663929,1.19161734720382,1,1,0.18787165524043,15.24
"06045",0.00312458272132461,3.22950338614279,1,1,0.33899177994829,83.46
"06047",0.00151733952826437,1.56829041875413,1,1,0.28135381170489,60.1
"06049",0.00156788962057071,1.62053793748967,1,1,0.227234249145414,31.34
"06051",0,0,0,0,0.1684251742111,9.07
"06053",0.00119549681494945,1.23564051790103,1,1,0.208186186865007,22.75
"06055",0.00119085067181953,1.23083836148246,1,1,0.233972166005225,34.33
"06057",0.00215834163464731,2.23081679674382,1,1,0.424193738311301,98.44
"06059",0.000399574649819463,0.412992005557056,1,0,0.348548816646632,86.38
"06061",0.00200952277380339,2.077000733006,1,1,0.364586354600246,90.74
"06063",0.000257201646090535,0.265838244992518,1,0,0.274273348339911,56.38
"06065",0.000886724570265654,0.916499980206935,1,0,0.423456555997463,98.31
"06067",0.000649431932964744,0.671239270532023,1,0,0.290438484422867,63.89
"06069",0.000238561000047712,0.246571662896825,1,0,0.296084488032956,66.59
"06071",0.00034468438538206,0.356258575631502,1,0,0.354446143015083,88.23
"06073",0.00056682559471198,0.585859086073005,1,0,0.316555153997211,75.85
"06075",0.000181921343826251,0.188030098191626,1,0,0.18577887570215,14.51
"06077",0.000534456838703426,0.552403416481854,1,0,0.344738408709034,85.21
"06079",0.00176987376322074,1.82930452516346,1,1,0.388580869362577,95.04
"06081",0.000351393683055754,0.363193165459435,1,0,0.184946457749744,14.09
"06083",0.000826309031476703,0.854055742209023,1,0,0.268401613638926,53.45
"06085",0.000348136453221604,0.359826560790262,1,0,0.143489039553775,4.61
"06087",0.00152309756880696,1.57424180909593,1,1,0.362936751517054,90.45
"06089",0.00199483100393948,2.06181562678362,1,1,0.429624293810848,98.82
"06091",0,0,0,0,0.206586710639502,22.4
"06093",0.00164093837364775,1.69603960169774,1,1,0.312232251252558,74.01
"06095",0.000717683483789843,0.741782646770663,1,0,0.387800202791326,94.91
"06097",0.00155494709799547,1.60716081669952,1,1,0.432146493751043,98.92
"06099",0.00125809419022023,1.30033985647862,1,1,0.409618312811498,97.42
"06101",0.00255025909547193,2.63589449181762,1,1,0.353693435471826,88.01
"06103",0.00185293984724545,1.91515989324207,1,1,0.284494636652453,61.82
"06105",0.00225988700564972,2.33577196956138,1,1,0.264398601144816,51
"06107",0.000966710202906301,0.999171458127109,1,0,0.284056902221606,61.63
"06109",0.00466480715591036,4.82144716569676,1,1,0.329952225258152,80.78
"06111",0.00233391271011043,2.41228339029795,1,1,0.380984410479733,93.92
"06113",0.000265745415891576,0.274668906864446,1,0,0.261642784121015,49.28
"06115",0.000630981175728257,0.652168953537224,1,0,0.215485449291847,25.84
"08001",0.000597333104415257,0.617391010389526,1,0,0.365752848272868,91.03
"08003",0.00518189509306261,5.35589844860561,1,1,0.28064377559048,59.75
"08005",0.000529934720479209,0.547729449613261,1,0,0.33704616718779,82.98
"08007",0.00283144570286476,2.92652309144329,1,1,0.311915997508597,73.91
"08009",0.00774693350548741,8.00706853348672,1,1,0.19852564784137,18.96
"08011",0,0,0,0,0.133007840729679,3.37
"08013",0.000885056684687151,0.914776088537589,1,0,0.271727152822504,55.07
"08014",0.000501198518195685,0.518028311619328,1,0,0.223894436112859,29.78
"08015",0.00438146732544048,4.52859303970848,1,1,0.349220790820153,86.61
"08017",0,0,0,0,0.190579069982127,15.97
"08019",0.00156903765690377,1.62172452384557,1,1,0.184095776549684,13.68
"08021",0,0,0,0,0.232864404545813,34.04
"08023",0,0,0,0,0.174536990918519,10.4
"08025",0,0,0,0,0.117816118408384,2.1
"08027",0.00204918032786885,2.1179899519076,1,1,0.277319971954446,58.26
"08029",0.0036360330879011,3.75812779394932,1,1,0.38948748555142,95.2
"08031",0.000700590982393212,0.72411619461968,1,0,0.275677098985265,57.24
"08033",0.0263488080301129,27.2335771984305,1,1,0.267824035980157,53.17
"08035",0.000737599114881062,0.762367026760768,1,0,0.325493072891599,79.26
"08037",0.000705520699473379,0.729211447145552,1,0,0.26552883247117,51.51
"08039",0.0100634773184704,10.4013997947839,1,1,0.341254251521091,84.12
"08041",0.000866109124699513,0.895192286604101,1,0,0.296463142693495,66.85
"08043",0.00567765567765568,5.86830622572495,1,1,0.3218002129435,78.11
"08045",0.00180385455235925,1.86442635850065,1,1,0.377939421424438,93.32
"08047",0,0,0,0,0.0593692943325096,0.22
"08049",0.00108790252393386,1.12443330780125,1,1,0.274522168794497,56.57
"08051",0.00097873476287926,1.01159979196014,1,1,0.302169111811351,69.49
"08053",0,0,0,0,0.166389978000041,8.56
"08055",0.00322878228782288,3.33720187994298,1,1,0.210902384089426,23.77
"08057",0,0,0,0,0.19441489011816,17.4
"08059",0.000642616161796469,0.664194631925756,1,0,0.388155235491434,94.97
"08061",0,0,0,0,0.181297769769991,12.31
"08063",0.00135427952329361,1.39975500613612,1,1,0.251689741200277,43.24
"08065",0.000907441016333938,0.937912065817524,1,0,0.183204753717142,13.3
"08067",0.00186525164817495,1.92788511332346,1,1,0.423507274018754,98.38
"08069",0.00145840537655425,1.50737731147477,1,1,0.387524385141192,94.88
"08071",0.00375536480686695,3.88146656422552,1,1,0.249695041099204,42.16
"08073",0.00481927710843374,4.98110407966704,1,1,0.193119139714286,16.74
"08075",0.0057264765326746,5.91876644094728,1,1,0.287510466581552,62.77
"08077",0.00157935949672847,1.63239296172613,1,1,0.481282129098771,99.97
"08079",0,0,0,0,0.143141115530894,4.52
"08081",0.00056095736724009,0.57979380882437,1,0,0.283999355576821,61.6
"08083",0.00687285223367698,7.1036364022743,1,1,0.404064283705418,97.04
"08085",0.000509632045663031,0.526745029319596,1,0,0.438850595254912,99.24
"08087",0.00194539478097538,2.01071938011648,1,1,0.261107450284082,48.9
"08089",0.00486448922863099,5.02783438201277,1,1,0.278613204412379,58.86
"08091",0,0,0,0,0.233614310173401,34.27
"08093",0,0,0,0,0.322000019476255,78.24
"08095",0.00265839610101905,2.74766264031257,1,1,0.190710962628555,16.04
"08097",0.000924169463495306,0.955202239120935,1,0,0.188447284055652,15.46
"08099",0.00440761636107193,4.55562013633159,1,1,0.240805636833664,38.05
"08101",0.00355886963521586,3.6783732622377,1,1,0.356303594505771,88.64
"08103",0.00149342891278375,1.54357690640817,1,1,0.170883913605152,9.8
"08105",0.00541448842419716,5.59630205365878,1,1,0.281632002202473,60.26
"08107",0.000530729221950961,0.548550629726627,1,0,0.319375328606597,77.22
"08109",0.00483304042179262,4.99532955265379,1,1,0.198230585099811,18.8
"08111",0,0,0,0,0.181411173140237,12.41
"08113",0,0,0,0,0.217890706133923,26.85
"08115",0.00102564102564103,1.06008112464709,1,1,0.18436156363638,13.84
"08117",0.000367152123363113,0.379480759955052,1,0,0.247421389161525,40.92
"08119",0.00279162512462612,2.88536537416406,1,1,0.275141855860438,56.95
"08121",0,0,0,0,0.21894502900315,27.36
"08123",0.00119144171625026,1.23144925265118,1,1,0.436573106441469,99.17
"08125",0.0042594385285576,4.40246662607552,1,1,0.222183949018843,29.02
"09110",0.000678504554922051,0.701288124868441,1,0,0.251695214314142,43.27
"09120",0.00086637989998632,0.895472154280402,1,0,0.345549003826401,85.56
"09130",0.00180753899376339,1.86823452011836,1,1,0.336651335723031,82.88
"09140",0.000609586269594783,0.630055625785424,1,0,0.35937481875294,89.63
"09150",0.00241794112313365,2.49913340151342,1,1,0.380695096066899,93.89
"09160",0.00510958719913944,5.28116252093245,1,1,0.38655137985991,94.69
"09170",0.000747529177495237,0.772630531906022,1,0,0.28368957305086,61.34
"09180",0.00180509203870453,1.86570539851937,1,1,0.262129197914866,49.7
"09190",0.00149327144258268,1.54341414850002,1,1,0.326101924943049,79.51
"10001",0.0021151672076146,2.18619261145811,1,1,0.302553066298667,69.65
"10003",0.000445588221921122,0.460550671838048,1,0,0.25836133083978,47.34
"10005",0.00157947820129784,1.63251565228769,1,1,0.405363174398341,97.14
"11001",5.30069747316984e-05,0.0547869010530257,1,0,0.11456806115973,1.81
"12001",0.000784369193578459,0.810707602445503,1,0,0.223929905024354,29.84
"12003",0.00236406619385343,2.4434494007823,1,1,0.233555335125191,34.23
"12005",0.000933666734634743,0.965018420044744,1,0,0.376629744507059,93.13
"12007",0.00270308721012946,2.79385443648987,1,1,0.264370143441644,50.94
"12009",0.000731144897920924,0.755696083026294,1,0,0.357055468468926,88.96
"12011",0.000286879825837496,0.296512991202064,1,0,0.391306643443371,95.51
"12013",0.00577716643741403,5.9711584668911,1,1,0.235962967600299,35.28
"12015",0.000753772873799176,0.77908388589086,1,0,0.412433681713069,97.68
"12017",0.00156131956685973,1.61374726731092,1,1,0.402698733664586,96.82
"12019",0.00157118871208737,1.62394780951883,1,1,0.403891440781036,97.01
"12021",0.0015712693905426,1.6240311970837,1,1,0.381654107708695,94.08
"12023",0.00348014818695506,3.5970084188667,1,1,0.350884945109517,87.31
"12027",0.00476555186792613,4.92557479412229,1,1,0.272216796247568,55.3
"12029",0.0101250744490768,10.465065301385,1,1,0.241541911620987,38.43
"12031",0.000435359449603966,0.449978426587862,1,0,0.343011429999336,84.82
"12033",0.000664227282261636,0.686531434291164,1,0,0.333921965636568,82.06
"12035",0.00125213779623748,1.29418345216734,1,1,0.380168966531124,93.83
"12037",0.000712589073634204,0.73651717092464,1,0,0.241477815293442,38.37
"12039",8.71801577960856e-05,0.0901075887303004,1,0,0.190479625821594,15.94
"12041",0.00314729332773815,3.25297659420136,1,1,0.243214115946548,39.13
"12043",0,0,0,0,0.196488335399887,18.26
"12045",0.000390167772142021,0.403269253426029,1,0,0.252617270162304,43.97
"12047",0,0,0,0,0.184895583877025,14.06
"12049",0.0111697557383086,11.5448260444719,1,1,0.252005815065634,43.53
"12051",0.00549983824005176,5.68451783921886,1,1,0.298360366864505,67.77
"12053",0.000681818181818182,0.704713020361985,1,0,0.378749165356026,93.57
"12055",0.00266585883065738,2.7553759616698,1,1,0.405159396174547,97.1
"12057",0.000412099705234239,0.425937641016659,1,0,0.353758914298942,88.04
"12059",0,0,0,0,0.273188967187617,55.84
"12061",0.00189969604863222,1.96348612562863,1,1,0.409428738833912,97.36
"12063",0.00120271814300319,1.24310433162657,1,1,0.273625299403858,56.03
"12065",0.0176441351888668,18.2366093075782,1,1,0.257131469363523,46.58
"12067",0.00464037122969838,4.79619070315968,1,1,0.182036348209993,12.73
"12069",0.00127305540786449,1.31580345829437,1,1,0.444931687783784,99.43
"12071",0.000669400050205004,0.691877899108634,1,0,0.419852175818501,98.19
"12073",0.0010982517170636,1.13513001748612,1,1,0.240688359155079,37.96
"12075",0.0061544199925401,6.36107985556137,1,1,0.363516272433403,90.58
"12077",0,0,0,0,0.124279385962597,2.45
"12079",0.0079351084464821,8.20156221898977,1,1,0.25553626958859,45.59
"12081",0.00122288849988206,1.26395199086614,1,1,0.423459647572038,98.35
"12083",0.00143105234521156,1.47910579005221,1,1,0.476951806319552,99.9
"12085",0.000954442814907931,0.986492142322959,1,0,0.368328574133061,91.5
"12086",0.000770622663111794,0.796499475905333,1,0,0.377434772645741,93.29
"12087",5.51835773673755e-05,0.0570365920387156,1,0,0.266678677805802,52.37
"12089",0.000866606753113365,0.895706624930498,1,0,0.391245454560776,95.48
"12091",0.000590834574640714,0.610674265856375,1,0,0.247366548513207,40.82
"12093",0.00642054574638844,6.63614187178755,1,1,0.349833831317422,86.89
"12095",0.00026392213333847,0.272784400130487,1,0,0.267512848846578,52.97
"12097",0.000566168144586109,0.585179559365893,1,0,0.363702586181414,90.61
"12099",0.000766952049220352,0.792705606115703,1,0,0.366108719172849,91.22
"12101",0.000840331090449637,0.868548649253771,1,0,0.448724979797139,99.46
"12103",0.00028902910645227,0.298734442718073,1,0,0.393536996901043,95.93
"12105",0.000665105611228628,0.687439256751325,1,0,0.393374536641124,95.86
"12107",0.0020763698977008,2.14609252292957,1,1,0.343756305917282,84.95
"12109",0.000915750915750916,0.946501004149186,1,0,0.361990878081037,90.14
"12111",0.000818720130995221,0.84621201330571,1,0,0.424275159171715,98.47
"12113",0.00119530499872631,1.23544226066243,1,1,0.411267163742276,97.45
"12115",0.000493339911198816,0.509905819699512,1,0,0.392610577194077,95.77
"12117",0.000551177458104202,0.569685499175545,1,0,0.398452635361777,96.4
"12119",0.00118669114683624,1.22653916340823,1,1,0.323768442801616,78.71
"12121",0.00586983637831095,6.06694018067891,1,1,0.317397773126337,76.3
"12123",0.00410094637223975,4.23865244634128,1,1,0.239461638364139,37
"12125",0.00077639751552795,0.802468242648223,1,0,0.158576426596325,6.9
"12127",0.000940018327995541,0.971583294172129,1,0,0.435463736761677,99.11
"12129",0.00327482315954938,3.38478876254556,1,1,0.281824275038243,60.42
"12131",0.00123333076389424,1.27474489666959,1,1,0.366270113908977,91.28
"12133",0.00340087856029474,3.51507698976079,1,1,0.263257478011165,50.24
"13001",0.00165230732916322,1.70779031646793,1,1,0.239523323515343,37.07
"13003",0.00120433560818948,1.24477610983249,1,1,0.196201328347761,18.04
"13005",0,0,0,0,0.204099841971709,21.41
"13007",0,0,0,0,0.143145887771905,4.55
"13009",0.0014012395580706,1.44829191645398,1,1,0.251962495774372,43.49
"13011",0.00119986287281454,1.24015318404463,1,1,0.22926561765519,32.33
"13013",0.00111825552138664,1.1558055314855,1,1,0.35060471326069,87.18
"13015",0.000566229303342705,0.585242771778281,1,0,0.317895467168918,76.61
"13017",0.0021875,2.26095427366137,1,1,0.180520296955186,11.96
"13019",0.00283409635927622,2.92926275450226,1,1,0.215872114816535,26.06
"13021",0.00713405465296385,7.37360976281252,1,1,0.305401499067464,71.11
"13023",0.00916689134537611,9.47470727475087,1,1,0.198305386240525,18.87
"13025",0,0,0,0,0.215735623357023,25.99
"13027",0.00284292821606254,2.93839117706016,1,1,0.225693246085935,30.61
"13029",0.00168698719423357,1.74363470007515,1,1,0.290992336125588,64.14
"13031",0.00197842282605336,2.04485647710836,1,1,0.329505756829614,80.62
"13033",0.00149957155098543,1.54992580885098,1,1,0.2396002156844,37.13
"13035",0.00255102040816327,2.6366813687013,1,1,0.240031436819469,37.42
"13037",0,0,0,0,0.137560462049917,3.82
"13039",0.00128757490219383,1.33081050412537,1,1,0.226997382264977,31.18
"13043",0.00294811320754717,3.04710818552745,1,1,0.242676649605878,38.88
"13045",0.0010069154191048,1.04072672916138,1,1,0.278639667061224,58.89
"13047",0.00410929661650123,4.24728308426087,1,1,0.333153381022601,81.83
"13049",0.000419287211740042,0.433366497497237,1,0,0.187601929993252,15.05
"13051",0.000427258005812819,0.441604943633612,1,0,0.305020633024451,70.82
"13053",0,0,0,0,0.0230314578581514,0.03
"13055",0.00349589232651634,3.61328123241011,1,1,0.221846195554793,28.86
"13057",0.00165161349934166,1.70707318846781,1,1,0.397487616063883,96.34
"13059",0.000738649225013999,0.763452398643226,1,0,0.208163189858955,22.72
"13061",0,0,0,0,0.148447628549946,5.44
"13063",0.000302322385598461,0.312474098167927,1,0,0.211063870832972,23.8
"13065",0,0,0,0,0.18517646737285,14.32
"13067",0.000539578428074896,0.55769698419722,1,0,0.348584556888335,86.41
"13069",0.00232040993908924,2.3983272084252,1,1,0.267080771265376,52.75
"13071",0.00198030400342539,2.04680082271696,1,1,0.268177365214272,53.39
"13073",4.37962597994131e-05,0.0452668986349105,1,0,0.352368511315076,87.62
"13075",0.00212803688597269,2.19949444198811,1,1,0.218826119520058,27.3
"13077",0.000532992218313613,0.55088961546259,1,0,0.318911631713386,77.09
"13079",0,0,0,0,0.190476825186258,15.91
"13081",0.0019691159705669,2.03523710582312,1,1,0.257658057487948,46.9
"13083",0.0017274472168906,1.78545333373862,1,1,0.193883093938768,17.12
"13085",0.00292825768667643,3.02658593420472,1,1,0.267913949069723,53.23
"13087",0.00182832948421863,1.88972313645952,1,1,0.27803882242325,58.54
"13089",0.000267580760098357,0.276565880271514,1,0,0.266738326403518,52.4
"13091",0.00455182072829132,4.70466675591801,1,1,0.255070809143123,45.34
"13093",0.00637551801083838,6.58960214555889,1,1,0.180705084967204,12.03
"13095",0.00123249080522733,1.27387673294951,1,1,0.278397396722461,58.73
"13097",0.000692616705914947,0.715874149141786,1,0,0.306301206372307,71.52
"13099",0.00188590287600189,1.94922979072308,1,1,0.200430413895905,19.69
"13101",0,0,0,0,0.147650795607865,5.28
"13103",0.00228875417542991,2.3656084728222,1,1,0.296875255248713,67.1
"13105",0.00186754776612556,1.93025833284037,1,1,0.231044694620081,33.03
"13107",0.00272614622057001,2.81768774766791,1,1,0.25146239044009,43.14
"13109",0.000772946859903382,0.798901717125342,1,0,0.203732802397308,21.13
"13111",0.00369168810828952,3.81565165963979,1,1,0.328867844105858,80.4
"13113",0.00120568652150441,1.24617238559602,1,1,0.376870793469182,93.16
"13115",0.00112042576178948,1.15804864660033,1,1,0.245685121551367,40.09
"13117",0.000643634455237699,0.665247118740746,1,0,0.373779094502839,92.59
"13119",0,0,0,0,0.246104419358572,40.22
"13121",0.000346233110194523,0.357859305223942,1,0,0.220835946184947,28.41
"13123",0.00186974135244624,1.93252557780787,1,1,0.329522039916032,80.66
"13125",0,0,0,0,0.162540232664439,7.73
"13127",0.000705218617771509,0.728899221813054,1,0,0.300663764595247,68.79
"13129",0.00147084573629837,1.52023540725961,1,1,0.186282360080345,14.6
"13131",0.0040565297042659,4.19274430678595,1,1,0.268548194563936,53.52
"13133",0.00180310133429499,1.86364784805429,1,1,0.244075314133008,39.48
"13135",0.000485056027324078,0.501343770488493,1,0,0.444567637936651,99.4
"13137",0.00197766402978129,2.04407220114303,1,1,0.296333071850214,66.72
"13139",0.000343563902885937,0.35510046834548,1,0,0.274990191488856,56.86
"13141",0.000539374325782093,0.557486028333825,1,0,0.207107403437257,22.59
"13143",0.000110729708780866,0.114447912360858,1,0,0.24633714138995,40.28
"13145",0.00037448508301086,0.387059953762668,1,0,0.229000969352948,32.23
"13147",0.0021117094287826,2.18261872353693,1,1,0.250198842065832,42.54
"13149",0,0,0,0,0.211780310624506,24.15
"13151",0.00052485817662036,0.542482439998133,1,0,0.2714731353002,54.88
"13153",0.000550494789960024,0.568979907651855,1,0,0.223436931324603,29.59
"13155",0.00633134013366162,6.54394081517988,1,1,0.179986666755171,11.9
"13157",0.00151608849169144,1.56699737350335,1,1,0.200931754580986,19.85
"13159",0,0,0,0,0.25920319200567,47.88
"13161",0.00496380558428128,5.13048569115654,1,1,0.212277615313893,24.4
"13163",0.00155467265503541,1.60687715819281,1,1,0.239044761433419,36.84
"13165",0.00147492625368732,1.52445294473586,1,1,0.198915501446917,19.15
"13167",0,0,0,0,0.223385350542526,29.53
"13169",0.00419207317073171,4.33283920039635,1,1,0.278517051387865,58.8
"13171",0.00200546946216955,2.07281131482954,1,1,0.245354893914604,39.99
"13173",0,0,0,0,0.200976783647685,19.89
"13175",0.00123643357604066,1.27795189844459,1,1,0.297121425726603,67.2
"13177",0.00535774081928787,5.53764891544634,1,1,0.305242180231746,70.95
"13179",0.000284634891062464,0.294192673545516,1,0,0.0995047727721771,1.15
"13181",0.000539374325782093,0.557486028333825,1,0,0.250585857725107,42.73
"13183",0,0,0,0,0.207380582717814,22.62
"13185",0.000680680031765068,0.703536652258371,1,0,0.304335167019499,70.38
"13187",0.00150986128149476,1.56056105921436,1,1,0.272850620584282,55.65
"13189",0.00339022679448211,3.50406754727571,1,1,0.25982234840363,48.3
"13191",0.000446229361892012,0.461213340709911,1,0,0.243496857358739,39.2
"13193",0.000272405339144647,0.281552464323321,1,0,0.212636418255979,24.72
"13195",0.00226543326411176,2.34150446637171,1,1,0.303264159663328,69.93
"13197",0.000656598818122127,0.678646813217932,1,0,0.162247652623087,7.67
"13199",0.00103609048523571,1.0708814676542,1,1,0.259546228636467,48.14
"13201",0,0,0,0,0.173277281611442,10.15
"13205",0.00346792172405251,3.58437140238612,1,1,0.227379251376701,31.43
"13207",0.00399827101793819,4.13252934640628,1,1,0.2627723466326,49.95
"13209",0.00323974082073434,3.34852839048891,1,1,0.210348070663133,23.61
"13211",0.00197491853461045,2.04123451472482,1,1,0.289479648623623,63.41
"13213",0.00297082228116711,3.0705798093226,1,1,0.218693683906324,27.2
"13215",0.00033581905279273,0.347095553183377,1,0,0.26862091967375,53.58
"13217",0.00104931794333683,1.08455309184776,1,1,0.331596129395778,81.29
"13219",0.00122002970507108,1.26099720030824,1,1,0.315121634562177,75.21
"13221",0.00274630964641263,2.8385282431333,1,1,0.225180837104565,30.38
"13223",0.0034932842287695,3.61058555709726,1,1,0.402835160792835,96.85
"13225",0.000708438287153652,0.732227004784178,1,0,0.210727777497468,23.7
"13227",0.00305301137940605,3.1555287432251,1,1,0.338554550602733,83.3
"13229",0.00273130761351997,2.82302245552997,1,1,0.275368637996809,57.05
"13231",0,0,0,0,0.28761159608026,62.81
"13233",0.00376441063446004,3.89081614253656,1,1,0.281172256465495,59.94
"13235",0,0,0,0,0.186543833393118,14.67
"13237",0.000133725595078898,0.138215979744706,1,0,0.309527828267411,72.8
"13239",0,0,0,0,0.125935247524618,2.58
"13241",0.00102835316585867,1.06288433608291,1,1,0.29645377366874,66.82
"13243",0.00537634408602151,5.55687686306941,1,1,0.203997098037777,21.38
"13245",0.000714127019392516,0.738106759512029,1,0,0.227241605913029,31.37
"13247",0.000622633990834828,0.643541477716497,1,0,0.341888907524483,84.28
"13249",0,0,0,0,0.182301438180446,12.95
"13251",0.00394811054709532,4.08068453227094,1,1,0.23767007148746,36.24
"13253",0.00287769784172662,2.97432833534075,1,1,0.195374004948761,17.66
"13255",0.00170203109043459,1.7591837567189,1,1,0.281584304770243,60.2
"13257",0.00171751869064457,1.77519141655137,1,1,0.253641623209776,44.83
"13259",0,0,0,0,0.0956223825841933,1.02
"13261",0.00240544127405441,2.48621381879532,1,1,0.272740913410963,55.58
"13263",0.00183150183150183,1.89300200829837,1,1,0.182251199265078,12.92
"13265",0,0,0,0,0.0971511507995975,1.08
"13267",0,0,0,0,0.198581930971967,19.03
"13269",0,0,0,0,0.214658464911724,25.61
"13271",0.00333472280116715,3.44669978001138,1,1,0.229119120225803,32.26
"13273",0,0,0,0,0.226392575174849,30.93
"13275",0.00117582832906396,1.21531158202938,1,1,0.293442156357414,65.16
"13277",0.00126123926929493,1.30359054446716,1,1,0.260448076404298,48.62
"13279",0.00200100050025012,2.06819228920643,1,1,0.250041952921475,42.38
"13281",0.000216169476869866,0.223428252600716,1,0,0.214412957308621,25.49
"13283",0.000722543352601156,0.746805705585918,1,0,0.210169086032224,23.54
"13285",0.00131431951107314,1.35845317280793,1,1,0.177787097544978,11.17
"13287",0.000825082508250825,0.852788033441346,1,0,0.235846786486339,35.22
"13289",0,0,0,0,0.175002528413054,10.56
"13291",0.00149126544524925,1.54134079158849,1,1,0.315790361149,75.53
"13293",0.00202598021689906,2.09401080217203,1,1,0.257512623280746,46.83
"13295",0,0,0,0,0.227728633947209,31.69
"13297",0.00111710446522613,1.15461582389907,1,1,0.371809418904728,92.24
"13299",0.00170971484398852,1.76712552377514,1,1,0.283908348388244,61.53
"13301",0,0,0,0,0.190222487820792,15.84
"13303",0.00284052482077641,2.93590707793171,1,1,0.248381908172015,41.33
"13305",0.00238118860998115,2.46114677217401,1,1,0.286211097148411,62.36
"13307",0,0,0,0,0.14571435412009,5.09
"13309",0,0,0,0,0.143508187924511,4.65
"13311",0.00216508795669824,2.23778965419412,1,1,0.332013103667887,81.39
"13313",0.000704936155214124,0.728607274418189,1,0,0.232759883655775,33.95
"13315",0,0,0,0,0.192033454034304,16.42
"13317",0.00352903432787937,3.64753611223613,1,1,0.248667006551162,41.52
"13319",0,0,0,0,0.160761295878968,7.29
"13321",0.00431472081218274,4.45960523883896,1,1,0.289319138075409,63.35
"15001",0.00127418969499084,1.31697583375763,1,1,0.330171447756916,80.85
"15003",0.000120687921150558,0.124740512504988,1,0,0.253515846618659,44.77
"15007",0,0,0,0,0.253361991033627,44.58
"15009",0.000269406018296183,0.278452428990559,1,0,0.31125262324179,73.53
"16001",0.00104733520009696,1.08250376988124,1,1,0.442461659493503,99.36
"16003",0,0,0,0,0.230201800853514,32.71
"16005",0.000820690787159706,0.848248842323772,1,0,0.39238779696349,95.74
"16007",0.00169419737399407,1.75108699115783,1,1,0.267821199968771,53.13
"16009",0,0,0,0,0.258321903931684,47.28
"16011",0.00378927424872375,3.91651465450374,1,1,0.329010699849135,80.46
"16013",0.00525026251312566,5.42656158486653,1,1,0.317609788062888,76.39
"16015",0,0,0,0,0.233000867787084,34.11
"16017",0.00138731887781317,1.43390379233042,1,1,0.424029315192043,98.41
"16019",0.00325751931869641,3.36690387435022,1,1,0.439744882177438,99.3
"16021",0.00178997613365155,1.85008191503146,1,1,0.294940381459348,66.12
"16023",0,0,0,0,0.0361968283559329,0.13
"16025",0.003003003003003,3.10384113072346,1,1,0.212551488860803,24.59
"16027",0.0016048710267284,1.65876114585457,1,1,0.472186923917361,99.84
"16029",0.00399700224831376,4.13121797264416,1,1,0.227121288402959,31.31
"16031",0.000208116545265349,0.215104910828493,1,0,0.270542626113785,54.47
"16033",0,0,0,0,0.118594973192619,2.13
"16035",0.00320821302534488,3.31594192021467,1,1,0.25203770724078,43.59
"16037",0,0,0,0,0.229310693286047,32.36
"16039",0.000407564395174438,0.421250039342562,1,0,0.223971978502375,29.91
"16041",0.0111021396851029,11.4749395052887,1,1,0.321569313297858,78.05
"16043",0.000211059518784297,0.218146706739323,1,0,0.295406631331994,66.37
"16045",0.00554859495256846,5.73491175809169,1,1,0.359081997074262,89.5
"16047",0.00581251545881771,6.00769447649676,1,1,0.201748602811057,20.17
"16049",0.000176740897843761,0.182675697513417,1,0,0.348374433293131,86.32
"16051",0,0,0,0,0.304266141452775,70.31
"16053",0.00206479174083304,2.1341255820147,1,1,0.232078223724594,33.53
"16055",0.001522125617983,1.57323722104142,1,1,0.47040757381517,99.78
"16057",0.00214822771213749,2.22036325785373,1,1,0.298081315444195,67.64
"16059",0.0204207920792079,21.1065038276733,1,1,0.311186635389691,73.5
"16061",0.00339750849377123,3.51159375944817,1,1,0.20266680462492,20.78
"16063",0.00333333333333333,3.44526365510304,1,1,0.181415938673293,12.44
"16065",0.0013604467993699,1.40612937377111,1,1,0.249896279552793,42.35
"16067",0.00293335777798148,3.03185728196802,1,1,0.253837729483308,44.89
"16069",0.00169288575085677,1.74973132490059,1,1,0.291796311479763,64.43
"16071",0,0,0,0,0.187204830776919,14.92
"16073",0.000227790432801822,0.235439429733693,1,0,0.211904196980565,24.21
"16075",0.00212640283520378,2.19780552127069,1,1,0.309226767094892,72.57
"16077",0,0,0,0,0.140888622118883,4.14
"16079",0.000185804533630621,0.192043682001284,1,0,0.224848494335351,30.26
"16081",0,0,0,0,0.30500673450677,70.76
"16083",0.00104843782763682,1.0836434226577,1,1,0.423179382182635,98.28
"16085",0.0105065077622707,10.8593068006227,1,1,0.268079593138387,53.32
"16087",0.00139742873113471,1.44435312539255,1,1,0.256549184608402,46.23
"17001",2.91366801666618e-05,0.0301150635625684,1,0,0.300766728091222,68.82
"17003",0,0,0,0,0.117487126934626,2.04
"17005",0.00175507020280811,1.81400387456673,1,1,0.208366327472163,22.78
"17007",0.00022583559168925,0.233418946822699,1,0,0.270372722068839,54.44
"17009",0,0,0,0,0.0975396777192123,1.11
"17011",0.00415368639667705,4.2931634331502,1,1,0.262443159031405,49.86
"17013",0,0,0,0,0.185655450810727,14.48
"17015",0.00176991150442478,1.82934353368303,1,1,0.257396505836453,46.77
"17017",0.000692640692640693,0.715898941320112,1,0,0.164335871771581,8.18
"17019",0.0014862611469586,1.53616845348247,1,1,0.200146992109373,19.6
"17021",0.000566893424036281,0.585929193044734,1,0,0.272470350764185,55.46
"17023",0,0,0,0,0.220010693079736,27.94
"17025",0.000570884871550904,0.590054669760749,1,0,0.19814976997334,18.74
"17027",0.00368677186255714,3.8105703308174,1,1,0.30786121705406,72.13
"17029",0.000565610859728507,0.584603561386262,1,0,0.208781513973422,22.88
"17031",0.000233084345101856,0.240911106825876,1,0,0.316615609521578,75.95
"17033",0.00123931094311563,1.28092588490632,1,1,0.23548799683054,34.9
"17035",0.000303398058252427,0.313585890937776,1,0,0.179325318684164,11.61
"17037",0.000569391493786206,0.588511145719933,1,0,0.294179860760645,65.57
"17039",0.00177967609894999,1.83943601447039,1,1,0.204925504322347,21.73
"17041",0,0,0,0,0.257706053242089,46.96
"17043",0.000344212441932858,0.355770784747662,1,0,0.335425488798628,82.63
"17045",0.00012202562538133,0.126123135635255,1,0,0.163942097293693,7.99
"17047",0,0,0,0,0.188369364505452,15.43
"17049",0.000434336255231778,0.44892087427308,1,0,0.313020416090836,74.2
"17051",0.00107334525939177,1.10938722346788,1,1,0.318213114113187,76.74
"17053",0.000156568028808517,0.161825441761533,1,0,0.185109762370522,14.25
"17055",0.00129585326953748,1.33936685156518,1,1,0.28378955199735,61.41
"17057",0,0,0,0,0.290264644324304,63.79
"17059",0,0,0,0,0.168507565167478,9.13
"17061",0.000732600732600733,0.757200803319349,1,0,0.212724638700882,24.82
"17063",4.17676050455267e-05,0.0431701234872154,1,0,0.26380192461631,50.59
"17065",0,0,0,0,0.23142665566991,33.15
"17067",0,0,0,0,0.255496191388899,45.56
"17069",0,0,0,0,0.115462514317609,1.97
"17071",0.000660501981505945,0.682681041301791,1,0,0.187305920973926,14.99
"17073",6.04485280783413e-05,0.0624783350378354,1,0,0.285035553759068,61.95
"17075",0.00419043184728204,4.33114276278813,1,1,0.256826559018158,46.36
"17077",0.000107292299989271,0.110895078487634,1,0,0.235308676514843,34.84
"17079",0.00157418339236521,1.6270430484548,1,1,0.249015294400742,41.74
"17081",0.0013172751223184,1.3615080308085,1,1,0.226758491192538,31.05
"17083",0.00362916529198284,3.75102938364897,1,1,0.255090837613309,45.37
"17085",0.00117591721542803,1.21540345311725,1,1,0.309161210994832,72.51
"17087",0.000326157860404436,0.337109946683272,1,0,0.181457523603329,12.5
"17089",0.000639668917671605,0.661148422005923,1,0,0.386807202475971,94.72
"17091",0.000988945783794475,1.02215368973235,1,1,0.31213812319844,73.97
"17093",0.000199084212621939,0.205769280615352,1,0,0.334330253084977,82.15
"17095",0.00104218362282878,1.07717920730269,1,1,0.247429869557584,40.95
"17097",0.000548803124949559,0.567231438058705,1,0,0.24888363292809,41.65
"17099",0.000259317758551592,0.268025414598176,1,0,0.347794056760539,86.16
"17101",0,0,0,0,0.174893045876759,10.5
"17103",0.00201357297337609,2.08118693462112,1,1,0.241624679185033,38.47
"17105",0.000832532821005444,0.860488520967137,1,0,0.238794635274987,36.78
"17107",0.00126023944549464,1.30255714748697,1,1,0.213342228596973,25.1
"17109",0.00102101591083128,1.05530070266068,1,1,0.215146454389666,25.74
"17111",0.000704806595505931,0.728473364212047,1,0,0.415783344160028,97.96
"17113",0.0010388381469596,1.07372139337635,1,1,0.206168405911484,22.27
"17115",8.23197711510362e-05,0.0850839946929194,1,0,0.289236347895195,63.25
"17117",0.000341559217829391,0.353028467775907,1,0,0.277123491362316,58.16
"17119",0.00111448047067361,1.15190371798018,1,1,0.338705158468022,83.42
"17121",0.0011444921316166,1.18292314338302,1,1,0.25033517589271,42.6
"17123",0.000319795330988168,0.330533769277554,1,0,0.182229994268134,12.89
"17125",0,0,0,0,0.231208060341816,33.09
"17127",0,0,0,0,0.212722546156753,24.79
"17129",0.000456829602558246,0.472169527880727,1,0,0.247522697432548,41.01
"17131",0.00346220427005193,3.57846196144574,1,1,0.234501087492231,34.62
"17133",0,0,0,0,0.318306087058679,76.84
"17135",0,0,0,0,0.258828153491544,47.53
"17137",0,0,0,0,0.252208614787753,43.68
"17139",0.000171291538198013,0.177043353294092,1,0,0.20693049559838,22.56
"17141",0.000843424302668835,0.871745728744669,1,0,0.296995843998356,67.17
"17143",0.0013525657900709,1.3979837273001,1,1,0.237842969662869,36.37
"17145",0,0,0,0,0.220880838023482,28.48
"17147",0.000914285714285714,0.944986602542547,1,0,0.23768392028137,36.33
"17149",0.000432806751785328,0.447340011482757,1,0,0.259667140475282,48.2
"17151",0,0,0,0,0.145503572050121,5.03
"17153",0,0,0,0,0.129813356164692,2.99
"17155",0,0,0,0,0.169154736520447,9.32
"17157",8.5755938598748e-05,0.0886355455390542,1,0,0.227649010008423,31.66
"17159",0.000156887354879197,0.162155490513165,1,0,0.247624089696387,41.11
"17161",0.000443107661734297,0.457986816681259,1,0,0.263284042934797,50.27
"17163",0.000904322662325918,0.93468900029925,1,0,0.379112025104739,93.64
"17165",0.00209574233399515,2.16611546813229,1,1,0.2191292961405,27.49
"17167",0.000182929832337773,0.189072450836226,1,0,0.166087046559142,8.5
"17169",0.000497512437810945,0.514218455985528,1,0,0.17966822604476,11.68
"17171",0,0,0,0,0.196368578736684,18.17
"17173",0.00312880236398401,3.23386472059037,1,1,0.258848004773959,47.57
"17175",0,0,0,0,0.175761465254427,10.79
"17177",0.0018682858477347,1.93102119856312,1,1,0.275548341949477,57.17
"17179",0.000881126275185526,0.910713699435903,1,0,0.311735791384619,73.78
"17181",0,0,0,0,0.196317446368805,18.14
"17183",0.000847188393519009,0.875636214364851,1,0,0.259090275112721,47.79
"17185",0,0,0,0,0.185612068481757,14.41
"17187",0,0,0,0,0.165464583239053,8.43
"17189",0.000142571998859424,0.14735943777173,1,0,0.208957261295366,23.04
"17191",0.00020746887966805,0.214435497205583,1,0,0.292369276257213,64.65
"17193",0.00671563483735572,6.94113978782564,1,1,0.235244329469615,34.81
"17195",0.00087248614928238,0.901783445911016,1,0,0.31922377980494,77.16
"17197",0.00081867830087982,0.846168778572826,1,0,0.373583259333769,92.55
"17199",0.000511394508901461,0.528566674481241,1,0,0.264106254529049,50.84
"17201",0.000450804176482564,0.46594177344121,1,0,0.292311573171885,64.62
"17203",0.000155038759689922,0.160244821167583,1,0,0.256450951061024,46.13
"18001",0.00308014942001442,3.18357805471871,1,1,0.311593472910605,73.69
"18003",0.0007089571012345,0.732763240173128,1,0,0.360792586507925,89.91
"18005",9.30752047654505e-05,0.0962005860509039,1,0,0.20440335696951,21.6
"18007",0,0,0,0,0.23744051569751,36.11
"18009",0.00214329454990814,2.21526444449369,1,1,0.235597920032175,35.03
"18011",0.00135498614678342,1.40048535740431,1,1,0.242146338897887,38.72
"18013",0,0,0,0,0.276180924744547,57.75
"18015",0.00303905181583346,3.14110043011977,1,1,0.27478032071556,56.63
"18017",6.3023886052814e-05,0.0651401712063346,1,0,0.22951658993977,32.42
"18019",0.00096773690043236,1.0002326312285,1,1,0.325193313105483,79.06
"18021",0.000110180696342001,0.113880464580312,1,0,0.250409400950309,42.63
"18023",0.00117205813408345,1.21141478730768,1,1,0.266350019411652,52.08
"18025",0,0,0,0,0.204429095906796,21.64
"18027",0.00316309719934102,3.26931114553435,1,1,0.298847968397201,68.15
"18029",0.00153393054362498,1.58543854542108,1,1,0.298382514304445,67.8
"18031",0.000536552649228706,0.554569602431072,1,0,0.25330035514884,44.45
"18033",0.000537990398940573,0.556055630479302,1,0,0.246916375213639,40.53
"18035",0.00171331805956769,1.77084973207806,1,1,0.346967010698004,85.94
"18037",0.00226976868386795,2.34598546560639,1,1,0.270126992368974,54.25
"18039",0.000789710366410986,0.816228127036161,1,0,0.283715539121919,61.37
"18041",0.00220588235294118,2.27995388940642,1,1,0.253937193501326,44.93
"18043",0.000525675077467906,0.543326771638095,1,0,0.290591236545852,63.98
"18045",0.000877963125548727,0.907444334092108,1,0,0.24724058975282,40.76
"18047",0.00259429255637597,2.68140655655595,1,1,0.313742605313277,74.64
"18049",0.00335711288292069,3.46984170048145,1,1,0.31800125211176,76.65
"18051",0.00126306620209059,1.30547882401552,1,1,0.193315441176227,16.89
"18053",0.00117738187451588,1.21691729413399,1,1,0.247420602439839,40.88
"18055",0.00537273337810611,5.55314491084439,1,1,0.334457965233987,82.25
"18057",0.00171903712365751,1.77676083717302,1,1,0.34361644053481,84.92
"18059",0.000917796065714198,0.948614828400506,1,0,0.325496110496074,79.29
"18061",0.00273084144051886,2.82254062886066,1,1,0.31321709304969,74.36
"18063",0.000607225989272341,0.627616089382195,1,0,0.237226774717895,35.92
"18065",0.00234634686827869,2.42513507626363,1,1,0.300972822055975,68.88
"18067",0.000255983617048509,0.264579315635713,1,0,0.302755071219968,69.77
"18069",0.00194489465153971,2.01020245678621,1,1,0.285823659225704,62.27
"18071",0.000935187444092055,0.966590193551718,1,0,0.289692319211728,63.57
"18073",0.00328480776409108,3.39510864108698,1,1,0.300218473324196,68.57
"18075",0.00385188866799205,3.98123160940088,1,1,0.24474207948659,39.83
"18077",0.00206412549883033,2.13343696820747,1,1,0.257905508533056,47.06
"18079",0.000557351465834355,0.576066824507252,1,0,0.238023028937345,36.53
"18081",0.00121476830683137,1.25555912906915,1,1,0.334981925573972,82.47
"18083",0.00335429769392034,3.4669319799779,1,1,0.269007982391873,53.71
"18085",0.000856466320721447,0.885225685980427,1,0,0.314065723761149,74.86
"18087",0.00192139737991266,1.98591616800699,1,1,0.342599519446035,84.6
"18089",0.00109266969348731,1.12936055460132,1,1,0.416229367758808,98
"18091",0.00132322598008433,1.36765871300179,1,1,0.362718943776443,90.33
"18093",0.00185148449381736,1.91365567036074,1,1,0.313943649986087,74.83
"18095",0.000803248694720871,0.830221060179232,1,0,0.342063995452679,84.44
"18097",0.000417515125767276,0.43153490647853,1,0,0.28782702109879,62.93
"18099",0.00153860499813502,1.59026996389034,1,1,0.332120820074507,81.45
"18101",0.000111744328975305,0.115496602584748,1,0,0.10977796694187,1.59
"18103",0.00203587009209889,2.10423277044587,1,1,0.31787023364782,76.55
"18105",0.000400346105665543,0.413789366193461,1,0,0.214951604470353,25.71
"18107",0.00109421792213776,1.13096077137107,1,1,0.279630353374654,59.37
"18109",0.000830886833213316,0.858787262392049,1,0,0.368506884832592,91.54
"18111",0.00297692880178616,3.07689138138698,1,1,0.238464666328127,36.65
"18113",0.00129673654635833,1.34027978802366,1,1,0.3048269369251,70.7
"18115",0,0,0,0,0.194286464050676,17.34
"18117",0.00160216909046093,1.65596848100836,1,1,0.239966259571117,37.32
"18119",0,0,0,0,0.236834374713016,35.67
"18121",0.00212114070233325,2.19236669073255,1,1,0.286308133015427,62.39
"18123",0.00171821305841924,1.77590910056858,1,1,0.233124756947724,34.14
"18125",0.00198675496688742,2.0534684037038,1,1,0.24266960560244,38.85
"18127",0.00141192578119429,1.45933697329549,1,1,0.384695532348498,94.46
"18129",0.00231132549492513,2.38893771683358,1,1,0.243779358939465,39.39
"18131",0,0,0,0,0.224299228855385,30.16
"18133",0.00218914185639229,2.26265126210795,1,1,0.281285629639957,60.07
"18135",0.00159626719056974,1.64986840065101,1,1,0.29744723429903,67.32
"18137",0.00441118550610477,4.55930913003001,1,1,0.294228692200313,65.64
"18139",0.00444760718733322,4.59695381840825,1,1,0.315619098221933,75.47
"18141",0.000636366207540232,0.657734809852236,1,0,0.303622598329494,70.09
"18143",0.000343367288542978,0.35489725187052,1,0,0.212216801102072,24.37
"18145",0.000340235248371731,0.351660040620024,1,0,0.262082218353221,49.6
"18147",0.00246337352521717,2.54609138261212,1,1,0.232782288863937,33.98
"18149",0.00480961923847695,4.9711219071627,1,1,0.252853313481454,44.16
"18151",0.000946126447016919,0.977896518311748,1,0,0.279226987836771,59.15
"18153",0.00382204555878306,3.95038639554698,1,1,0.241669100968713,38.5
"18155",0.00151821862348178,1.5691990331947,1,1,0.220213135394497,28
"18157",0.000524034109856605,0.54163070181697,1,0,0.217864791526084,26.79
"18159",0.00470898474288943,4.86710819613351,1,1,0.265780468590253,51.64
"18161",0,0,0,0,0.251775955112956,43.37
"18163",0.00047936549440014,0.49546215461019,1,0,0.34757170742528,86.1
"18165",0.00484312486839335,5.00575262586038,1,1,0.21978803628782,27.78
"18167",0.000687663320038509,0.710754433042849,1,0,0.320214150368985,77.57
"18169",0.000856836843984291,0.885608651079681,1,0,0.285637379599867,62.2
"18171",0.0055005500550055,5.68525355627564,1,1,0.250099104067567,42.41
"18173",0.00310724862844104,3.211587230081,1,1,0.349062142223234,86.54
"18175",0.00480979449059904,4.97130304409271,1,1,0.313888066395324,74.74
"18177",0.00129012440485333,1.33344561678078,1,1,0.289628443038526,63.54
"18179",0.00182699181825403,1.88834055288037,1,1,0.276850304951484,58.07
"18181",0.0117790414297319,12.1745709989425,1,1,0.280405956198392,59.53
"18183",0.00582155939298796,6.01704209780554,1,1,0.277986690189443,58.51
"19001",0,0,0,0,0.19428360438006,17.31
"19003",0,0,0,0,0.202920242962721,20.81
"19005",0.00287307757309447,2.96955292226221,1,1,0.287205288616862,62.65
"19007",0.00211660573407735,2.18767944233982,1,1,0.281206462299963,60.01
"19009",0,0,0,0,0.189469195177367,15.62
"19011",0.000919238345370978,0.950105538505105,1,0,0.351286901262795,87.4
"19013",0.000497664803613812,0.514375938094397,1,0,0.29684154139672,67.04
"19015",0.00109609061015711,1.1328963425622,1,1,0.299049083187367,68.31
"19017",0,0,0,0,0.27236834303402,55.36
"19019",0.000124937531234383,0.129132820656036,1,0,0.327949818348746,80.27
"19021",8.08930593755056e-05,0.0836093752249564,1,0,0.22196264247621,28.92
"19023",0,0,0,0,0.256074410427598,45.85
"19025",0.000290444379901249,0.300197239770814,1,0,0.245557201004009,40.06
"19027",0.00132192846034215,1.36631762371893,1,1,0.298011877588543,67.58
"19029",0,0,0,0,0.278466266240594,58.77
"19031",0,0,0,0,0.297676571899643,67.45
"19033",0.00155327741534638,1.60543506761558,1,1,0.350815234195681,87.27
"19035",0.000690250215703192,0.713428194326772,1,0,0.254527780514474,45.15
"19037",0.00116647225462423,1.20564133906289,1,1,0.237628818276797,36.18
"19039",0,0,0,0,0.176424242584422,10.91
"19041",0.00338461538461538,3.49826771133539,1,1,0.354352920470532,88.2
"19043",0.00187743060211881,1.94047302553745,1,1,0.305357204151652,71.05
"19045",0.000278331864359605,0.287677996900564,1,0,0.313762822332191,74.67
"19047",0,0,0,0,0.244193788095035,39.52
"19049",0.00117491791669349,1.21437059883404,1,1,0.214939537259145,25.68
"19051",0,0,0,0,0.278674924371784,59.02
"19053",0,0,0,0,0.25645421526363,46.17
"19055",0.00240689130985559,2.48771254548864,1,1,0.301759577155477,69.23
"19057",0.00169328634845087,1.75014537419998,1,1,0.330468256102157,80.97
"19059",0.000888809883565905,0.918655316443793,1,0,0.295453796276139,66.47
"19061",0.000736042596507713,0.760758241906708,1,0,0.345071492003107,85.33
"19063",0,0,0,0,0.265553444648961,51.57
"19065",0.00241575069452832,2.49686942029451,1,1,0.270234159088827,54.41
"19067",0.00074582338902148,0.770867464596443,1,0,0.259822743780736,48.33
"19069",0.000624739691795085,0.645717886212564,1,0,0.248994090064105,41.71
"19071",0.00421496311907271,4.35649777252228,1,1,0.195652409468614,17.79
"19073",0,0,0,0,0.235816942912702,35.16
"19075",0,0,0,0,0.20977960489999,23.26
"19077",0.000242836328314716,0.250990552824408,1,0,0.286824879728653,62.49
"19079",0.00014172335600907,0.146482298261184,1,0,0.256858321070023,46.39
"19081",0,0,0,0,0.191917228581456,16.35
"19083",0,0,0,0,0.267698340207133,53.04
"19085",0.00178394449950446,1.84384774405911,1,1,0.261882895662295,49.44
"19087",0,0,0,0,0.283031233009089,60.96
"19089",0.000185459940652819,0.191687517902617,1,0,0.249703778943845,42.19
"19091",0,0,0,0,0.226593244212798,30.99
"19093",0.000235682300259251,0.243596298970283,1,0,0.195366243150774,17.63
"19095",0.00169875424688562,1.75579687972408,1,1,0.209904696419884,23.35
"19097",0.00210054614199692,2.17108058366667,1,1,0.322453128567649,78.4
"19099",0.00147155003270111,1.52096335329925,1,1,0.358991398981124,89.44
"19101",0.000715051841258491,0.739062636060716,1,0,0.252721712448319,44.07
"19103",0.000601298396877325,0.621489453789951,1,0,0.182307111990795,12.98
"19105",0.00336066675628445,3.47351490970195,1,1,0.313084417988587,74.26
"19107",0.00595238095238095,6.15225652696971,1,1,0.240023714260148,37.38
"19109",0.00064532782653588,0.666997351917212,1,0,0.266641849471705,52.31
"19111",0.00323373431638857,3.3423201931539,1,1,0.278889318221868,59.12
"19113",0.000806569878281273,0.833653766083005,1,0,0.360935823172738,89.98
"19115",0,0,0,0,0.188271702666631,15.34
"19117",0.00100351229302559,1.03720932918305,1,1,0.233539351600468,34.2
"19119",0.000477554918815664,0.493590781533386,1,0,0.218808364139332,27.27
"19121",0.00165745856353591,1.71311452463687,1,1,0.313122308026519,74.29
"19123",0.00172786177105832,1.78588180826075,1,1,0.275545884129491,57.14
"19125",0.000868452326538075,0.897614171043391,1,0,0.220729067720955,28.32
"19127",0.00210923623445826,2.18006248158163,1,1,0.259869081752599,48.39
"19129",0.00123122383649347,1.27256722055025,1,1,0.305128699390899,70.89
"19131",0.00166910077195911,1.72514766790054,1,1,0.258142914055265,47.15
"19133",0,0,0,0,0.231530398367509,33.22
"19135",0,0,0,0,0.190956352259497,16.1
"19137",0,0,0,0,0.229369246384235,32.39
"19139",0.00120290415431542,1.24329658903061,1,1,0.25621071801596,45.91
"19141",0,0,0,0,0.263764797235259,50.52
"19143",0,0,0,0,0.184747681318441,13.87
"19145",0,0,0,0,0.240295392225579,37.54
"19147",0.000679963735267452,0.702796303171517,1,0,0.219515654999245,27.71
"19149",0.00220636905199676,2.28045693137658,1,1,0.271028448121006,54.66
"19151",0.00820419325432999,8.47968265157539,1,1,0.185036381291716,14.19
"19153",0.000517187080146662,0.534553755035446,1,0,0.341991075279733,84.38
"19155",0.00184887110105712,1.91095452223273,1,1,0.30187676637174,69.36
"19157",0.00148600676958639,1.53590553434792,1,1,0.182045326596277,12.79
"19159",0,0,0,0,0.215944707164284,26.12
"19161",0.00159193420005306,1.64538991222751,1,1,0.270556687139357,54.5
"19163",0.00115974183138362,1.19868491429059,1,1,0.381675007213043,94.11
"19165",0.00283732660781841,2.93260147187207,1,1,0.254993147609988,45.21
"19167",0.000660332367291537,0.682505731595304,1,0,0.258345209387445,47.31
"19169",0.000337621121577366,0.348958133809687,1,0,0.225701058528854,30.67
"19171",0,0,0,0,0.24113394453051,38.18
"19173",0.00516077808654228,5.33407235208489,1,1,0.185075646197779,14.22
"19175",0.00178890876565295,1.84897870577981,1,1,0.237407794807894,36.02
"19177",0.00512601452370782,5.29814146021825,1,1,0.241758166682156,38.53
"19179",0.00161550888529887,1.66975621410486,1,1,0.289511558458341,63.47
"19181",0.00195805962607377,2.02380949927099,1,1,0.351303763491552,87.43
"19183",9.78186442335909e-05,0.101103305930834,1,0,0.334169472419759,82.09
"19185",0.0046929996089167,4.85058629580404,1,1,0.218630081366284,27.17
"19187",0.00077611631396492,0.802177598590763,1,0,0.291722597406466,64.37
"19189",0,0,0,0,0.234253880796776,34.46
"19191",0.001181009369341,1.22066659695801,1,1,0.266194338131907,51.83
"19193",0.000889015326624231,0.918867658094406,1,0,0.350333807928969,87.11
"19195",0.00545454545454545,5.63770416289588,1,1,0.229807193535764,32.55
"19197",0.00230444245295097,2.38182354852854,1,1,0.178821558414115,11.49
"20001",0.0016121231662099,1.66625680562778,1,1,0.205665942842874,22.02
"20003",0,0,0,0,0.248500599465771,41.43
"20005",0.00233542548533061,2.41384696314327,1,1,0.221994860507077,28.99
"20007",0,0,0,0,0.181509480624507,12.54
"20009",0.00240655787019628,2.48736790922683,1,1,0.304574429892028,70.54
"20011",0.00642230576441103,6.63796098962521,1,1,0.240182015624261,37.45
"20013",0,0,0,0,0.201922163777102,20.27
"20015",0.00168743509865005,1.74409764471727,1,1,0.341906166396182,84.31
"20017",0.00658616904500549,6.80732665113663,1,1,0.149127585118156,5.54
"20019",0.00705645161290323,7.29340088277861,1,1,0.162610468444378,7.76
"20021",0.000149588631264024,0.154611682353165,1,0,0.206818189560532,22.53
"20023",0,0,0,0,0.156173373204277,6.62
"20025",0,0,0,0,0.123803292849744,2.32
"20027",0.00816901408450704,8.44332219701308,1,1,0.272613279997575,55.52
"20029",0.00130005200208008,1.34370657375313,1,1,0.265305803274699,51.35
"20031",0.009105098855359,9.41083984874659,1,1,0.193668981751674,17.02
"20033",0.00121951219512195,1.26046231284257,1,1,0.169173612517912,9.35
"20035",0.000342278203723987,0.353771596567261,1,0,0.23483687476732,34.71
"20037",0.00200469391746528,2.07200972803478,1,1,0.240423997036543,37.7
"20039",0,0,0,0,0.17027797295355,9.61
"20041",0,0,0,0,0.256871213042297,46.42
"20043",0.000600420294205944,0.620581865224204,1,0,0.165188127204712,8.3
"20045",0.00166332869411725,1.71918176889965,1,1,0.281650050645386,60.29
"20047",0,0,0,0,0.169033144277477,9.29
"20049",0.00121654501216545,1.25739549456315,1,1,0.161861776010838,7.48
"20051",0.00184925749509667,1.91135389103503,1,1,0.295531230589254,66.5
"20053",0,0,0,0,0.186666933115001,14.76
"20055",0.00251103991687592,2.59535836863767,1,1,0.282208962841725,60.55
"20057",0.00214431755847005,2.21632180475885,1,1,0.235660129841511,35.09
"20059",0,0,0,0,0.247104382094003,40.69
"20061",0,0,0,0,0.0839916599959706,0.64
"20063",0.00271186440677966,2.80292636347366,1,1,0.155624102426225,6.52
"20065",0,0,0,0,0.175704573379121,10.75
"20067",0.00215583615645211,2.22822718685444,1,1,0.233713617826466,34.3
"20069",0,0,0,0,0.17671971121006,11.01
"20071",0,0,0,0,0.141145621998161,4.17
"20073",0.00208333333333333,2.1532897844394,1,1,0.219114311624096,27.43
"20075",0,0,0,0,0.131076417824692,3.21
"20077",0.000360490266762797,0.372595204228879,1,0,0.20629638543667,22.34
"20079",0.00178890876565295,1.84897870577981,1,1,0.248033432694431,41.14
"20081",0.000384024577572965,0.39691977593353,1,0,0.145647611186945,5.06
"20083",0,0,0,0,0.115181656496977,1.88
"20085",0.00240867121637896,2.48955221966498,1,1,0.215655500421391,25.96
"20087",0.00478369384359401,4.94432596094238,1,1,0.2718026481352,55.11
"20089",0.000952380952380952,0.984361044315153,1,0,0.163963698287532,8.02
"20091",0.0010930634195396,1.12976750161873,1,1,0.345255422243932,85.43
"20093",0,0,0,0,0.114434410932306,1.78
"20095",0,0,0,0,0.192006381560681,16.39
"20097",0,0,0,0,0.125392161829209,2.51
"20099",0,0,0,0,0.190742902723669,16.07
"20101",0,0,0,0,0.117689962084734,2.07
"20103",0.0010843331351219,1.12074406213782,1,1,0.266340919070221,52.05
"20105",0.000877963125548727,0.907444334092108,1,0,0.176186241932238,10.88
"20107",0.0072215887495249,7.46408317525173,1,1,0.246871857032319,40.5
"20109",0.00130208333333333,1.34580611527462,1,1,0.182044439250082,12.76
"20111",0.00133962374046246,1.38460709535855,1,1,0.257303895993049,46.74
"20113",0.000802310654685494,0.829251521606957,1,0,0.220686939771672,28.29
"20115",0.00110889332446219,1.14612896044679,1,1,0.238200315740924,36.56
"20117",0,0,0,0,0.237997198927825,36.49
"20119",0.00194931773879142,2.01477406731172,1,1,0.180634489303392,11.99
"20121",0.00230244980659422,2.37976399090742,1,1,0.310140144275329,73.15
"20123",0.00026476039184538,0.273650806600718,1,0,0.235515788625921,34.97
"20125",0.00103349747705028,1.0682013885966,1,1,0.250180434358835,42.51
"20127",0.00620229007633588,6.41055737352187,1,1,0.221197976955937,28.67
"20129",0,0,0,0,0.128405706039729,2.9
"20131",0.0023296447291788,2.40787209442262,1,1,0.240958769194365,38.12
"20133",0.00244001626677511,2.52194980853415,1,1,0.284088406056145,61.66
"20135",0,0,0,0,0.163770374658256,7.95
"20137",0.00074019245003701,0.765047443768254,1,0,0.198440229059546,18.9
"20139",0,0,0,0,0.249199958195293,41.9
"20141",0,0,0,0,0.198976213684758,19.31
"20143",0,0,0,0,0.187088672186012,14.89
"20145",0.00033921302578019,0.350603492717405,1,0,0.154844992415444,6.33
"20147",0.00186636804777902,1.9290390006176,1,1,0.208937578818146,23
"20149",0.00316158250021362,3.26774558417873,1,1,0.271265260700445,54.79
"20151",0.0046569944474297,4.81337211352386,1,1,0.210751787043223,23.74
"20153",0.00318979266347687,3.29690301923736,1,1,0.187565696552483,15.02
"20155",0.00155964824954372,1.61201982866942,1,1,0.332041709207348,81.42
"20157",0.00423011844331641,4.37216199886172,1,1,0.198953349203187,19.28
"20159",0.0052968439638049,5.47470719857468,1,1,0.175851949829462,10.82
"20161",0.000500862596694307,0.517681110177428,1,0,0.240418647472604,37.67
"20163",0,0,0,0,0.206198829549177,22.3
"20165",0,0,0,0,0.131674076912665,3.31
"20167",0.000350385423966363,0.362151049940754,1,0,0.21819766372701,27.04
"20169",0.000875524559973432,0.904923883687964,1,0,0.269980114023182,54.18
"20171",0.000980071871937275,1.01298179993229,1,1,0.216751771281114,26.44
"20173",0.00147817409981903,1.52780985060635,1,1,0.352703364519674,87.78
"20175",0.00328272466146902,3.39295558976089,1,1,0.213713271324989,25.2
"20177",0.000830334901743703,0.85821679756234,1,0,0.258042956366807,47.12
"20179",0,0,0,0,0.183316532530223,13.33
"20181",0.00343878954607978,3.55426099219708,1,1,0.263880129127812,50.65
"20183",0,0,0,0,0.178069800102363,11.23
"20185",0,0,0,0,0.168243650527243,9
"20187",0.0021945866861741,2.2682789243546,1,1,0.124131058675426,2.42
"20189",0.00815024805102764,8.42392601708397,1,1,0.173731614058391,10.18
"20191",0.00146024160361078,1.50927519737688,1,1,0.247557229068639,41.04
"20193",0.000386473429951691,0.399450858562671,1,0,0.235967431002413,35.32
"20195",0.000759878419452888,0.785394450251452,1,0,0.203440939701285,21.03
"20197",0,0,0,0,0.179720707477552,11.71
"20199",0,0,0,0,0.161003383006887,7.32
"20201",0.000374953130858643,0.387543718234312,1,0,0.213742816483601,25.23
"20203",0,0,0,0,0.168682684767406,9.2
"20205",0,0,0,0,0.188201894647098,15.27
"20207",0.00623052959501558,6.4397451497253,1,1,0.191827874302921,16.29
"20209",0.000137011773225942,0.141612504784967,1,0,0.262326863112014,49.76
"21001",0.00460374876685301,4.75833849109923,1,1,0.295444091816548,66.43
"21003",0.0085556114745848,8.84290117817086,1,1,0.229988067950368,32.61
"21005",0.00250668449197861,2.5908566925073,1,1,0.297509057878175,67.36
"21007",0.00528455284552846,5.46200335565116,1,1,0.233345565667894,34.17
"21009",0.00384658898065392,3.97575396335004,1,1,0.358626248902786,89.28
"21011",0.000391389432485323,0.404531936019926,1,0,0.25628934617598,46.01
"21013",0.001538123489343,1.58977228646811,1,1,0.247607356088349,41.08
"21015",0.00100087463819734,1.03448310428871,1,1,0.237204851291953,35.89
"21017",0.00171919770773639,1.77692681352019,1,1,0.199365985417616,19.38
"21019",0.000648672024217089,0.670453844735176,1,0,0.27584450054583,57.46
"21021",0.00127543273610689,1.31826061507131,1,1,0.266609758985468,52.21
"21023",0,0,0,0,0.234495129166839,34.58
"21025",0.00327868852459016,3.38878392305217,1,1,0.193653974331478,16.99
"21027",0.00359560067681895,3.71633769903246,1,1,0.329553385567161,80.69
"21029",0.000894757952546975,0.92480311620735,1,0,0.246705872199383,40.47
"21031",0.0068259385665529,7.05514741659325,1,1,0.268460741769665,53.48
"21033",0.0018152114721365,1.87616463338339,1,1,0.241792720817984,38.56
"21035",0.0021605451221539,2.23309427537009,1,1,0.255140615447601,45.4
"21037",0.00108021271881232,1.11648528597124,1,1,0.301437166075586,69.07
"21039",0,0,0,0,0.18097205759147,12.12
"21041",0.00187055742611298,1.93336905449104,1,1,0.178974165551496,11.52
"21043",0.00490903840600635,5.07387948051559,1,1,0.274291761214501,56.41
"21045",0.00312630262609421,3.23128104376066,1,1,0.248444151642824,41.36
"21047",0.00116905091524381,1.20830658877633,1,1,0.109285279952332,1.56
"21049",0.000924336458470883,0.955374841636918,1,0,0.269589263425432,54.02
"21051",0.000599640215870478,0.619775592563009,1,0,0.221006948955537,28.54
"21053",0,0,0,0,0.222267612804792,29.08
"21055",0.0075503355704698,7.80386901743138,1,1,0.244354432759077,39.68
"21057",0.00556586270871985,5.75275934989375,1,1,0.175376566653839,10.66
"21059",0.00176671803931887,1.82604283490406,1,1,0.321008516244122,77.86
"21061",0,0,0,0,0.237639572301412,36.21
"21063",0,0,0,0,0.145420724445112,4.96
"21065",0.000739918608953015,0.764764407348066,1,0,0.244341083581803,39.64
"21067",0.000429432798149057,0.443852763531643,1,0,0.289305586682019,63.32
"21069",0.00594500866980431,6.14463668980477,1,1,0.305012608265083,70.79
"21071",0.000238986696407233,0.247011653755495,1,0,0.257190970032492,46.68
"21073",0.00209104069486891,2.16125595221197,1,1,0.15273576690279,6.11
"21075",0.0055411895086812,5.72725764608928,1,1,0.181342794183481,12.38
"21077",0.000702247191011236,0.725828017226763,1,0,0.130525888529478,3.12
"21079",0.0061572907920515,6.36404705392668,1,1,0.309719297088126,72.89
"21081",0.00328587075575027,3.39620732704571,1,1,0.282701701720996,60.83
"21083",0.00219096755954484,2.2645382707229,1,1,0.309238616131425,72.61
"21085",0.00252004581901489,2.60466668083391,1,1,0.314293032556595,74.99
"21087",0,0,0,0,0.281736929395616,60.36
"21089",0.00231256085686465,2.39021456111092,1,1,0.294564828092338,65.83
"21091",0.000736196319018405,0.760917126280425,1,0,0.161890108424421,7.51
"21093",0.000889888847845797,0.919770511369393,1,0,0.240702630199117,37.99
"21095",0.00137627305257363,1.42248705825889,1,1,0.205879290552305,22.18
"21097",0.00376740376740377,3.89390978218034,1,1,0.246619614806177,40.44
"21099",0.00366709183673469,3.79022946750812,1,1,0.231039787088195,32.99
"21101",0.00119685944082727,1.23704889952474,1,1,0.291541360559362,64.27
"21103",0.00983422309637539,10.1644474230351,1,1,0.293753480360742,65.42
"21105",0,0,0,0,0.157303587384227,6.71
"21107",0.000613434209181065,0.634032775706519,1,0,0.263116346408057,50.14
"21109",0.0021505376344086,2.22275074522777,1,1,0.25290159292845,44.19
"21111",0.000478739445114596,0.494815083155254,1,0,0.288601221112983,63.09
"21113",0.00198233916020905,2.04890431822671,1,1,0.338054732517781,83.2
"21115",0.00262639527248851,2.71458725287173,1,1,0.258985525962829,47.66
"21117",0.000355448784732862,0.367384433787202,1,0,0.226067603536816,30.83
"21119",0,0,0,0,0.19777510056088,18.71
"21121",0.00166648150205533,1.72244044527982,1,1,0.251819861979641,43.4
"21123",0,0,0,0,0.28891118286048,63.19
"21125",0.00103623363614383,1.07102942544048,1,1,0.297761035654004,67.48
"21127",0.00232952138924185,2.40774461284202,1,1,0.184953404539203,14.13
"21129",0,0,0,0,0.203499055140706,21.06
"21131",0.00161899622234215,1.67336065277536,1,1,0.158085383775269,6.81
"21133",0,0,0,0,0.193619723738589,16.96
"21135",0.00164203612479475,1.69717421433647,1,1,0.257172252995174,46.61
"21137",0.00275590551181102,2.8484463290222,1,1,0.306118629164212,71.36
"21139",0,0,0,0,0.159062348533089,7
"21141",0.00742900131653188,7.67846046886797,1,1,0.285512998017202,62.11
"21143",0,0,0,0,0.20315894553966,20.94
"21145",0.00106585631349782,1.10164680553685,1,1,0.315888491917429,75.63
"21147",0.00029385836027035,0.303725858516283,1,0,0.220681387923927,28.25
"21149",0,0,0,0,0.214775802490951,25.64
"21151",0.00147728373534825,1.52688958850106,1,1,0.280417447997859,59.56
"21153",0,0,0,0,0.229554911163535,32.45
"21155",0.00207612456747405,2.14583895473546,1,1,0.181330190541718,12.34
"21157",0.00230895277819157,2.38648532641578,1,1,0.291605169092476,64.3
"21159",0,0,0,0,0.176870632238947,11.07
"21161",0.00361051562676295,3.73175347952038,1,1,0.276567451841294,57.94
"21163",0,0,0,0,0.292950372111564,64.87
"21165",0,0,0,0,0.204361749382874,21.57
"21167",0,0,0,0,0.243568219476643,39.26
"21169",0.00373412994772218,3.85951865769571,1,1,0.252447867249781,43.88
"21171",0.0028118609406953,2.9062806906544,1,1,0.241145425746581,38.24
"21173",0.00156345001302875,1.6159492519375,1,1,0.266825778340932,52.5
"21175",0.0010465724751439,1.08171543331336,1,1,0.230860144343633,32.87
"21177",0.00123762376237624,1.27918205016202,1,1,0.275992553470578,57.59
"21179",0.0028949146000193,2.99212321682209,1,1,0.279342182989291,59.31
"21181",0,0,0,0,0.228194288200823,31.91
"21183",0.00177725118483412,1.83692967392934,1,1,0.229604431428874,32.48
"21185",0.00251817361144106,2.60273160622123,1,1,0.341128038090245,84.09
"21187",0,0,0,0,0.265493628920648,51.45
"21189",0,0,0,0,0.155389571689926,6.46
"21191",0,0,0,0,0.257093547405347,46.55
"21193",0.00120880006446934,1.24939047852072,1,1,0.250469911012625,42.7
"21195",0.00121978766659137,1.26074703439506,1,1,0.261098179951355,48.87
"21197",0.000880281690140845,0.909840753988478,1,0,0.231392243405657,33.12
"21199",0.00124365567543948,1.28541650941628,1,1,0.364173393558272,90.68
"21201",0,0,0,0,0.146612275096296,5.19
"21203",0.00129421915444349,1.3376778643627,1,1,0.213323087251787,25.07
"21205",0.0010507355148604,1.08601826414236,1,1,0.198816788918528,19.12
"21207",0.00472944776742245,4.88825835054263,1,1,0.25306275587223,44.26
"21209",0.000769625448948179,0.795468776191055,1,0,0.160425337282994,7.19
"21211",0.00226196738558653,2.33792220677692,1,1,0.329865027451814,80.75
"21213",0.0138363527772248,14.3009650027669,1,1,0.220258817239053,28.06
"21215",0.000335457900033546,0.346722273240829,1,0,0.264173014331255,50.87
"21217",0.00171872664773576,1.77643993575033,1,1,0.282848182240886,60.9
"21219",0.000525762355415352,0.543416980300164,1,0,0.275141614055518,56.92
"21221",0.00380228136882129,3.92995854194263,1,1,0.274440537891916,56.54
"21223",0,0,0,0,0.19952908032065,19.44
"21225",0.00642880102860816,6.64467435892582,1,1,0.216043210913549,26.22
"21227",0.00127030906619581,1.31296489695369,1,1,0.332541615568528,81.58
"21229",0.00431720063621904,4.46216833312595,1,1,0.23414306832146,34.39
"21231",0.00182204676586699,1.88322945010187,1,1,0.256468298659281,46.2
"21233",0,0,0,0,0.223565053834887,29.72
"21235",0.00147537960287699,1.52492151698173,1,1,0.253319885268225,44.51
"21237",0,0,0,0,0.22160542705912,28.73
"21239",0.00292659133403788,3.02486362695007,1,1,0.228043502700868,31.85
"22001",0.00121619273759194,1.25703139092773,1,1,0.400245115158064,96.6
"22003",0.00278956943602183,2.88324065739369,1,1,0.184137433140827,13.71
"22005",0.00110648611623373,1.14364092034086,1,1,0.333064487370877,81.74
"22007",0.000197316495659037,0.203942205313913,1,0,0.234252984287248,34.43
"22009",0.00846286701208981,8.74704244041704,1,1,0.315113979139057,75.18
"22011",0.00304616849119467,3.14845607700991,1,1,0.311851324819522,73.88
"22013",0,0,0,0,0.179340282176938,11.64
"22015",0.000627633820496727,0.648709197141252,1,0,0.350455216972397,87.15
"22017",0.000985077300074084,1.01815530582368,1,1,0.358761997710843,89.37
"22019",0.00147067835038912,1.52006240068275,1,1,0.349977450285398,86.99
"22021",0,0,0,0,0.218965008286495,27.39
"22023",0,0,0,0,0.127325592662945,2.77
"22025",0.00252525252525253,2.61004822356291,1,1,0.261500135208636,49.22
"22027",0,0,0,0,0.23605823204864,35.35
"22029",0.000163398692810458,0.168885473289365,1,0,0.254012028764213,44.96
"22031",0.00274837133550489,2.84065916188259,1,1,0.240361290536428,37.61
"22033",0.000828514033778386,0.856334786495845,1,0,0.28445524617,61.79
"22035",0.0139095876800795,14.376659067494,1,1,0.192136503515093,16.51
"22037",0.00454468944622117,4.69729601183885,1,1,0.234822460313713,34.68
"22039",0.000660647434485796,0.682831378461293,1,0,0.240238912125288,37.51
"22041",0.00440761636107193,4.55562013633159,1,1,0.283479871991673,61.18
"22043",0.000239980801535877,0.248039140036216,1,0,0.187678082672402,15.14
"22045",0.00176252652782274,1.82171057623879,1,1,0.319724640324641,77.35
"22047",0.00223251660434225,2.30748249490632,1,1,0.161858138766616,7.45
"22049",0.000881057268722467,0.91064237579816,1,0,0.219116166432657,27.46
"22051",0.000677866474525494,0.700628618308653,1,0,0.403283892493414,96.95
"22053",0.00399223133362106,4.12628685494645,1,1,0.315483128298684,75.37
"22055",0.00112958936488348,1.1675199552072,1,1,0.379279329080523,93.73
"22057",0.00118952186392904,1.22946493342355,1,1,0.263403794280497,50.33
"22059",0.00366088631984586,3.78381557496865,1,1,0.208901677704603,22.97
"22061",0.00282302850796001,2.91782325473832,1,1,0.304353645618442,70.41
"22063",0.00155042833867662,1.6024903215253,1,1,0.400085323695917,96.56
"22065",0.0046359421870739,4.79161293728538,1,1,0.170553117882022,9.7
"22067",0.00807645712747341,8.34765726098461,1,1,0.293320260100791,65.07
"22069",0.00256269449020685,2.64874745587274,1,1,0.257660635308464,46.93
"22071",0.000339564723300026,0.35096699992221,1,0,0.2029621721864,20.84
"22073",0.000792443666202278,0.819053208564993,1,0,0.365121574920491,90.87
"22075",0.000644791517409371,0.666443034014773,1,0,0.190152384744832,15.78
"22077",0.00538519072550486,5.56602056471396,1,1,0.273837371368778,56.16
"22079",0.00144379403964156,1.49227533906944,1,1,0.31657626769946,75.91
"22081",0.00100569896077774,1.03946942326273,1,1,0.206720609291851,22.46
"22083",0.0102308862159547,10.574430131797,1,1,0.253293030748247,44.42
"22085",0.00422420796100731,4.36605304789662,1,1,0.251281091914168,43.08
"22087",0.00112883804936785,1.16674341119534,1,1,0.295436337875881,66.4
"22089",0.000562528565903737,0.581417766919614,1,0,0.212513761765371,24.56
"22091",0.00043859649122807,0.453324165145136,1,0,0.200538200625989,19.73
"22093",0.00104094378903539,1.07589774101066,1,1,0.220841473123765,28.44
"22095",0.00158814187400741,1.64147024329949,1,1,0.276108925703016,57.65
"22097",0.0031490296594654,3.25477123037929,1,1,0.3702379166592,91.95
"22099",0.00393861197881298,4.07086701064735,1,1,0.323023626562814,78.62
"22101",0.000593444718342007,0.613372055824972,1,0,0.244730550309676,39.77
"22103",0.00107367543057934,1.10972848150563,1,1,0.434550785948555,99.08
"22105",0.000975951091960373,1.00872264788676,1,1,0.3783648280666,93.48
"22107",0.00506329113924051,5.23331188116917,1,1,0.159239160537797,7.03
"22109",0.000560527643354945,0.579349655199405,1,0,0.283270467835914,61.06
"22111",0.00506756756756757,5.23773190809583,1,1,0.255541012345108,45.63
"22113",0.00185909353163664,1.92152021279546,1,1,0.34788537265965,86.19
"22115",0.00109170305676856,1.12836145909488,1,1,0.161961546615491,7.54
"22117",0.00300345397206788,3.10430724292209,1,1,0.284543900729129,61.88
"22119",0.00208533846647417,2.15536224813953,1,1,0.294556887579372,65.8
"22121",0.000202115475308226,0.208902330363992,1,0,0.243472028191391,39.17
"22123",0.00766129032258064,7.91854952987392,1,1,0.254190893919346,45.02
"22125",0.00196991404011461,2.03606197382522,1,1,0.155787081915133,6.59
"22127",0.00324346239610785,3.35237493300113,1,1,0.188755876987868,15.56
"23001",0.000820195024150187,0.847736432040299,1,0,0.401049135772806,96.72
"23003",0.00306862249199123,3.17166406286673,1,1,0.319778008537937,77.38
"23005",0.00070590189347802,0.729605441300472,1,0,0.349671165056693,86.83
"23007",0.00250565793727772,2.58979566702702,1,1,0.33116496601238,81.2
"23009",0.00256410256410256,2.65020281161772,1,1,0.3141331352229,74.9
"23011",0.00500431162442217,5.1723518875294,1,1,0.352785978643137,87.81
"23013",0.00223055384177305,2.30545382454335,1,1,0.388985866405775,95.16
"23015",0.00061332969878697,0.633924755947813,1,0,0.346784674338443,85.84
"23017",0.0033372595210051,3.44932168060964,1,1,0.322308043120463,78.27
"23019",0.00129083507099593,1.33418014645039,1,1,0.403421718978132,96.98
"23021",0.00395007110127982,4.08271092009366,1,1,0.293063133866343,64.91
"23023",0.00142551674982181,1.47338431437051,1,1,0.271627434024531,55.01
"23025",0.00289823958780593,2.99555985469457,1,1,0.365994111112455,91.15
"23027",0.00216752901692071,2.24031268301344,1,1,0.359304331437313,89.56
"23029",0.002701283109477,2.79198975576745,1,1,0.286555164168872,62.42
"23031",0.00184705920254293,1.90908178180342,1,1,0.414408637605114,97.87
"24001",0.000747333378626265,0.772428158287929,1,0,0.293338018839077,65.13
"24003",0.000975932604562204,1.00870353969846,1,1,0.25499941801563,45.24
"24005",0.000602416838984975,0.622645452173098,1,0,0.324176526796076,78.81
"24009",0.00198178284233393,2.04832931969997,1,1,0.371021687357896,92.08
"24011",0,0,0,0,0.301896954541121,69.39
"24013",0.00154665238987538,1.59858757977477,1,1,0.386136068983662,94.59
"24015",0.00089477884452613,0.92482470972029,1,0,0.287353723809309,62.68
"24017",0.000826169915612644,0.853911954959936,1,0,0.33599000416604,82.69
"24019",0.000925991879763516,0.957085850480935,1,0,0.277690300763988,58.42
"24021",0.00149175078033159,1.54184242378441,1,1,0.365582572492996,90.96
"24023",0.00419179291072216,4.33254952950889,1,1,0.356457555040177,88.71
"24025",0.00186720230854104,1.92990127510228,1,1,0.339382645900582,83.52
"24027",0.000249687890137328,0.258072183902849,1,0,0.282027290121138,60.52
"24029",0.00290632684998882,3.00391867983498,1,1,0.294604530657169,65.92
"24031",0.00202673421202068,2.09479011576862,1,1,0.235121049858894,34.74
"24033",0.00058535367068783,0.605009318100579,1,0,0.307219072065344,71.78
"24035",0.000985835106106989,1.01893855829852,1,1,0.366561960288321,91.35
"24037",0.000950416928180759,0.982331069956752,1,0,0.178379570653056,11.39
"24039",0,0,0,0,0.197047887972391,18.58
"24041",0.00174952616999563,1.80827367814126,1,1,0.345324999985687,85.49
"24043",0.0083404619332763,8.62052710964618,1,1,0.395791534986428,96.18
"24045",0.000669528573116459,0.692010737703339,1,0,0.325470143353906,79.19
"24047",0.00173280194073817,1.79098786437517,1,1,0.305226990812293,70.92
"24510",9.52564845208213e-05,0.0984551112097412,1,0,0.185034306435862,14.16
"25001",0.00329643823868357,3.40712965650851,1,1,0.3782731226416,93.41
"25003",0.00262390670553936,2.71201512209277,1,1,0.337192878811521,83.07
"25005",0.00107673194107555,1.11288762686284,1,1,0.394663192036263,96.02
"25007",0.00135283672951721,1.39826376464823,1,1,0.304639124908144,70.6
"25009",0.00099091524535389,1.02418928403158,1,1,0.359635799472097,89.66
"25011",0.00311814692982456,3.2228514865787,1,1,0.360749831851728,89.85
"25013",0.000451687342915664,0.46685459580522,1,0,0.296731715966542,66.97
"25015",0.00134304719670573,1.38814550816948,1,1,0.264790342348604,51.19
"25017",0.000599325281888065,0.619450083382,1,0,0.217208761930978,26.69
"25019",0.00332583390394209,3.43751240164834,1,1,0.262066768817954,49.57
"25021",0.000579917258234048,0.599390355828231,1,0,0.366818663349154,91.41
"25023",0.00133140060617352,1.37610783564953,1,1,0.428101004615124,98.7
"25025",7.00779942120768e-05,0.0724311499444167,1,0,0.164001724630139,8.05
"25027",0.000870140354142094,0.899358881089273,1,0,0.366917324867903,91.44
"26001",0,0,0,0,0.258411013783759,47.38
"26003",0.00764881942135018,7.90565986704721,1,1,0.22360984263516,29.75
"26005",0.00100279502442979,1.03646797535584,1,1,0.384066637250922,94.4
"26007",0.002255299954894,2.33103088978555,1,1,0.325882152855788,79.35
"26009",0.00871389381959012,9.00649850131825,1,1,0.2996703597402,68.47
"26011",0.00457815565729235,4.7318859880421,1,1,0.265953503278345,51.73
"26013",0.000621697233447311,0.642573264862239,1,0,0.162468215225113,7.7
"26015",0.0019343606937907,1.9993147782531,1,1,0.344445817635068,85.11
"26017",0.00200106723585912,2.06826126573688,1,1,0.352452971759477,87.72
"26019",0.00658350658350658,6.80457478658604,1,1,0.275796112786715,57.33
"26021",0.001888880690622,1.95230759766777,1,1,0.354818025684978,88.26
"26023",0.00142959256611866,1.47759699289623,1,1,0.289905905160046,63.6
"26025",0.0012098400322624,1.2504653674927,1,1,0.276937705735069,58.1
"26027",0.00196481200321515,2.0307886151362,1,1,0.319230718711241,77.19
"26029",0.000650988689071527,0.672848301102391,1,0,0.274250652389453,56.35
"26031",0.00806892778993435,8.33987509509351,1,1,0.340916853210145,84.03
"26033",0.00169947599490157,1.75654286338634,1,1,0.250793905635479,42.79
"26035",0.00144543483497952,1.49397123083244,1,1,0.329428869208361,80.56
"26037",0.00370828182941904,3.83280258293292,1,1,0.379178957257791,93.7
"26039",0.000661521499448732,0.683734793735994,1,0,0.227560945899518,31.59
"26041",0.0023841059602649,2.46416208444456,1,1,0.342506894063516,84.57
"26043",0.00197399768565789,2.04028274449639,1,1,0.265577253927977,51.61
"26045",0.00125045379371546,1.29244290236208,1,1,0.26233416782147,49.79
"26047",0.000922036676570024,0.952997835137609,1,0,0.302500692412997,69.62
"26049",0.000662349131586694,0.684590217013409,1,0,0.357969209280049,89.15
"26051",0.00110578695171397,1.1429182785082,1,1,0.298713746117121,68.09
"26053",0.00288704438830747,2.98398873051147,1,1,0.253590080662717,44.8
"26055",0.00163857269858978,1.69359448940864,1,1,0.414923485080087,97.9
"26057",0.0038803442923663,4.01064274793284,1,1,0.29439045923595,65.73
"26059",0.00419712970484701,4.33806552835882,1,1,0.307107431927831,71.68
"26061",0.00183266370620991,1.89420289770943,1,1,0.274436846661687,56.51
"26063",0.00271486192987899,2.8060245406905,1,1,0.305964653393558,71.24
"26065",0.000288330273501859,0.298012143588562,1,0,0.20213145130604,20.43
"26067",0.00235760090531875,2.43676701369981,1,1,0.248902867609926,41.68
"26069",0.00232342007434944,2.40143842130788,1,1,0.283602949942647,61.22
"26071",0,0,0,0,0.253307361128347,44.48
"26073",0.000911546252532073,0.942155152138238,1,0,0.242114835061023,38.69
"26075",0.00107442859933581,1.11050694098848,1,1,0.311264506493897,73.56
"26077",0.00204224175890918,2.11081839207105,1,1,0.313051690707119,74.23
"26079",0.00411375424789841,4.25189039889303,1,1,0.264717757412675,51.13
"26081",0.000805366771049808,0.832410259597677,1,0,0.324547423693849,78.91
"26083",0,0,0,0,0.128754946055038,2.93
"26085",0,0,0,0,0.229246668049896,32.29
"26087",0.0039397998581672,4.07209477791707,1,1,0.391499097330913,95.58
"26089",0.000245972205140819,0.254231729561164,1,0,0.26712196001381,52.78
"26091",0.00220436124393801,2.2783817029372,1,1,0.383882791681902,94.37
"26093",0.00109499041883384,1.13175920780828,1,1,0.391721226564782,95.61
"26095",0,0,0,0,0.205708420511088,22.14
"26097",0.00113507377979569,1.17318853181715,1,1,0.212750391750199,24.85
"26099",0.000503217379201062,0.520114964153287,1,0,0.378046234276716,93.38
"26101",0.00240124864929763,2.48188040948712,1,1,0.273481050746161,56
"26103",0.000658990011098779,0.681118300294371,1,0,0.314523076946194,75.02
"26105",0.00218875853615829,2.26225507032681,1,1,0.302407303584749,69.55
"26107",0.00257381854579252,2.66024504719474,1,1,0.303845121637542,70.22
"26109",0.000256739409499358,0.265360486914226,1,0,0.217033221832643,26.54
"26111",0.000819864136800187,0.847394433792033,1,0,0.224857528511382,30.29
"26113",0.000833854492391078,0.861854572883812,1,0,0.266841843115318,52.53
"26115",0.00154974461954861,1.60178364372669,1,1,0.35615179079347,88.55
"26117",0.00157513388638034,1.62802545920022,1,1,0.325911441433814,79.38
"26119",0.000431034482758621,0.445508231263324,1,0,0.184347756804884,13.81
"26121",0.013085329666353,13.5247232143583,1,1,0.326646336340651,79.61
"26123",0.00602103735944868,6.22321835415783,1,1,0.325290465591172,79.1
"26125",0.000995786957477103,1.02922458384645,1,1,0.356695133981132,88.83
"26127",0.00408755274261603,4.22480907073553,1,1,0.271172795980296,54.76
"26129",0.00268296318378298,2.77305466352011,1,1,0.332958024710852,81.67
"26131",0,0,0,0,0.219353965420904,27.55
"26133",0,0,0,0,0.243132812700693,39.07
"26135",0,0,0,0,0.270851924526928,54.6
"26137",0.00317106616386699,3.27754770068938,1,1,0.285991727557871,62.3
"26139",0.000897733223610384,0.927878294185003,1,0,0.352588855646536,87.75
"26141",0.00747967479674797,7.73083551876779,1,1,0.270218733752109,54.37
"26143",0.0029251984956122,3.02342401826844,1,1,0.299026677057524,68.28
"26145",0.000580295486461706,0.599781284618056,1,0,0.31531565372382,75.31
"26147",0.00216756982075865,2.24035485700739,1,1,0.409459443388507,97.39
"26149",0.001934713703536,1.99967964174671,1,1,0.30159924777802,69.14
"26151",0.00465990843688685,4.81638395211428,1,1,0.355132927782665,88.36
"26153",0.000644537544311956,0.666180532730204,1,0,0.232356652508579,33.66
"26155",0.00351009828275192,3.62796421182143,1,1,0.356592864213037,88.74
"26157",0.00148514851485149,1.53501846019442,1,1,0.346350102339105,85.75
"26159",0.00267022696929239,2.7598907784537,1,1,0.309284329711681,72.67
"26161",0.000640273183224843,0.661772978250503,1,0,0.157305532114776,6.75
"26163",0.000614001480092999,0.634619095063164,1,0,0.305986303746451,71.27
"26165",0.00216737747325736,2.24015605065079,1,1,0.274836643174314,56.67
"27001",0.000195160031225605,0.201713328753105,1,0,0.280493342606894,59.59
"27003",0.000294412847106056,0.30429896451897,1,0,0.390692392970008,95.32
"27005",5.76169624337405e-05,0.059551687977121,1,0,0.333412666632393,81.96
"27007",0.000306520120856505,0.316812789583412,1,0,0.315865853670061,75.6
"27009",0,0,0,0,0.296319896220326,66.69
"27011",0.000957854406130268,0.990018291696275,1,0,0.245727025523251,40.15
"27013",0.0015785665738528,1.63157341321667,1,1,0.34192803589926,84.35
"27015",0,0,0,0,0.285607533469691,62.17
"27017",0.000134916351861846,0.139446721064613,1,0,0.240481598283387,37.73
"27019",0.000453455982379996,0.468682624584853,1,0,0.304595514453086,70.57
"27021",0.000818062827225131,0.845532637868874,1,0,0.263746398700918,50.49
"27023",0,0,0,0,0.230302841863681,32.74
"27025",0.000973393900064893,1.00607958779777,1,1,0.343946158906709,85.01
"27027",0.00172174862470079,1.77956338797159,1,1,0.324521782722439,78.87
"27029",0.00066334991708126,0.685624607980704,1,0,0.231196783304831,33.06
"27031",0.000312695434646654,0.323195464831429,1,0,0.200555590975511,19.76
"27033",0.000895575855274942,0.925648483369972,1,0,0.220527485196491,28.22
"27035",0.000173867686690429,0.179706006525413,1,0,0.386347083076218,94.62
"27037",0.000480364506294677,0.49649471242157,1,0,0.403032670616122,96.88
"27039",0,0,0,0,0.24810754407395,41.2
"27041",0.000321957501609788,0.332768543635194,1,0,0.374967225792516,92.75
"27043",0.00209843571156047,2.16889928688287,1,1,0.264775993700042,51.16
"27045",0,0,0,0,0.341998701233686,84.41
"27047",0.00373803827751196,3.86355822566878,1,1,0.315555574118204,75.41
"27049",0.0045972163644032,4.75158673647698,1,1,0.327214051296752,79.89
"27051",0,0,0,0,0.249403398333256,42.06
"27053",0.0011173854380091,1.15490623149424,1,1,0.261365954535419,49.13
"27055",0.00366422385076616,3.7872651771619,1,1,0.299555940108163,68.41
"27057",0.00287882753205967,2.97549595965455,1,1,0.33228200256452,81.51
"27059",0.00450317436881736,4.65438689564341,1,1,0.319410559047414,77.25
"27061",0.00134336378291241,1.38847272505496,1,1,0.337631638571766,83.14
"27063",0.00139542996685854,1.44228724441781,1,1,0.182371154282258,13.08
"27065",0,0,0,0,0.276338818986498,57.84
"27067",0.000151532371102777,0.156620691219595,1,0,0.30053036870734,68.66
"27069",0,0,0,0,0.212430819317296,24.47
"27071",0.000406752084604434,0.420410452117515,1,0,0.224019343000812,29.97
"27073",0,0,0,0,0.260354346916322,48.58
"27075",0.00249263539542262,2.57633583998188,1,1,0.223558927364607,29.69
"27077",0,0,0,0,0.219860849123933,27.81
"27079",0.000201085863663784,0.207838145290752,1,0,0.313926065298505,74.8
"27081",0.0028116213683224,2.90603307365767,1,1,0.249185515577186,41.87
"27083",0.0019779785059669,2.04439723715483,1,1,0.25929993861869,47.92
"27085",0.000962790961091918,0.995120611713513,1,0,0.313921852060944,74.77
"27087",0.000452488687782805,0.46768284910901,1,0,0.183477374785876,13.43
"27089",0.00064040986231188,0.661914246897798,1,0,0.192384691413372,16.58
"27091",0.00169240533107679,1.74923477305845,1,1,0.280665545351123,59.78
"27093",0.00236102167847177,2.44030265332475,1,1,0.2888204521673,63.16
"27095",0,0,0,0,0.289242152556398,63.28
"27097",0.00615454752678368,6.36121167228963,1,1,0.35935544363917,89.6
"27099",0.00107590510516972,1.11203302655432,1,1,0.275069887557756,56.89
"27101",0.0162932790224033,16.8403926115016,1,1,0.264436355786824,51.03
"27103",0.00104557475859524,1.08068421434439,1,1,0.224264823174525,30.1
"27105",0.000908677873693776,0.939190455730042,1,0,0.219585413263456,27.74
"27107",0.000421940928270042,0.436109323430764,1,0,0.203778111950841,21.16
"27109",0.000903113936854274,0.933439686918314,1,0,0.186809382842569,14.79
"27111",0.000971200179298495,1.00381220387,1,1,0.391996141124687,95.7
"27113",0.00287686996547756,2.97347265975521,1,1,0.175970494707254,10.85
"27115",0.00166574125485841,1.72167534125082,1,1,0.314820357347082,75.09
"27117",0,0,0,0,0.251655514961968,43.18
"27119",0.000406118857452281,0.419755961769694,1,0,0.257047358486364,46.52
"27121",0.00377857547704515,3.90545662773819,1,1,0.269375504482858,53.87
"27123",0.000385156406993101,0.398089611163021,1,0,0.251213507575848,43.02
"27125",0,0,0,0,0.201625501863177,20.14
"27127",0.00113862795331625,1.17686205127345,1,1,0.277126480415974,58.19
"27129",0.00145581598485951,1.50470097034635,1,1,0.212631729874278,24.69
"27131",0.000970023155391451,1.00259565656356,1,1,0.266332743458422,52.02
"27133",0,0,0,0,0.26186362958581,49.41
"27135",0.00193181818181818,1.99668689102562,1,1,0.185479880964519,14.38
"27137",0.000541382519993161,0.55956165589216,1,0,0.310257552299607,73.21
"27139",0.00100642675369862,1.04022165481236,1,1,0.322315365083471,78.3
"27141",0.00329993036844177,3.41073904882896,1,1,0.413115392731806,97.74
"27143",0.000579374275782155,0.598829140516171,1,0,0.238992428777381,36.81
"27145",0.00067370777666069,0.696330275126805,1,0,0.362652607901804,90.26
"27147",0.000190685035991801,0.197088067222369,1,0,0.270824324495257,54.57
"27149",0.000276663438926546,0.285953547248834,1,0,0.167906038782456,8.94
"27151",0,0,0,0,0.222422973682299,29.24
"27153",0.000351288056206089,0.363083991755589,1,0,0.286568731535483,62.46
"27155",0.00177095631641086,1.83042342951165,1,1,0.244680909808058,39.74
"27157",0,0,0,0,0.2913183772276,64.24
"27159",0,0,0,0,0.282924621289977,60.93
"27161",0.000770060064685045,0.795917985931704,1,0,0.280838670227622,59.85
"27163",0.000708436838715613,0.732225507708898,1,0,0.334413933754798,82.18
"27165",0,0,0,0,0.247481422344064,40.98
"27167",0,0,0,0,0.202492960662354,20.62
"27169",0.000292397660818713,0.302216110096758,1,0,0.27822883906047,58.7
"27171",0.00108975275117908,1.12634566400574,1,1,0.408037724458371,97.3
"27173",0.00963081861958266,9.95421280768133,1,1,0.237240232758094,35.95
"28001",0.0017102787754404,1.76770839153568,1,1,0.309404750316437,72.73
"28003",0.00175699418840384,1.8159924658605,1,1,0.299405304407179,68.37
"28005",0.00671671276175425,6.9422539079516,1,1,0.214652724539977,25.58
"28007",0.00438847548177829,4.53583652360446,1,1,0.295877105275873,66.53
"28009",0,0,0,0,0.204594364343837,21.67
"28011",0.0233629749393694,24.1474825301078,1,1,0.27484019788767,56.7
"28013",0.000533333333333333,0.551242184816486,1,0,0.222912712833274,29.37
"28015",0.00687285223367698,7.1036364022743,1,1,0.231481660568785,33.18
"28017",0.00207782395164337,2.14759540268984,1,1,0.259048352002831,47.73
"28019",0,0,0,0,0.178590489527361,11.42
"28021",0.00191938579654511,1.98383703748735,1,1,0.134365860210591,3.56
"28023",0.00330669605952053,3.41773192570155,1,1,0.216777685364142,26.47
"28025",0.00154818733066701,1.60017406249141,1,1,0.266892140405506,52.59
"28027",0.00272373540856031,2.81519598276902,1,1,0.252911574822277,44.23
"28029",0.00325520833333333,3.36451528818656,1,1,0.240200106069985,37.48
"28031",0.00287480235733793,2.97133562320227,1,1,0.24320072346164,39.1
"28033",0.0012476833064819,1.28957938467026,1,1,0.297533313648986,67.39
"28035",0.00100147945829066,1.03510823369432,1,1,0.301342561032756,69.04
"28037",0,0,0,0,0.206723403021575,22.49
"28039",0.0072463768115942,7.48970359805008,1,1,0.300639320511399,68.76
"28041",0.00128040973111396,1.32340473307415,1,1,0.215384584189354,25.77
"28043",0.00254802038416307,2.63358060660561,1,1,0.261559588072877,49.25
"28045",0.00117744024490757,1.2169776245507,1,1,0.244741861297254,39.8
"28047",0.00070713248222613,0.730877352106944,1,0,0.284178662186145,61.72
"28049",0.000915572840706531,0.946316949505696,1,0,0.261969162874838,49.51
"28051",0.00312093628088427,3.2257345015269,1,1,0.259348301018245,47.95
"28053",0.000788332676389436,0.814804175428389,1,0,0.199802350358095,19.5
"28055",0,0,0,0,0.153003415329774,6.14
"28057",0.00719424460431655,7.43582083835188,1,1,0.245712873846709,40.12
"28059",0.00104646295521139,1.08160223580045,1,1,0.26030667576714,48.55
"28061",0.00373216245883644,3.85748510231076,1,1,0.212968658751068,25.04
"28063",0,0,0,0,0.177335084463664,11.14
"28065",0.00563380281690141,5.82298082552626,1,1,0.22343912160639,29.62
"28067",0.000917663439022847,0.948477748224683,1,0,0.259365724980658,47.98
"28069",0.000946073793755913,0.977842097001808,1,0,0.18200689817169,12.69
"28071",0.00116542126551039,1.20455505868414,1,1,0.281193241436639,59.97
"28073",0.000983578515224085,1.01660619313252,1,1,0.336500027315556,82.79
"28075",0.00146942466372782,1.51876661635604,1,1,0.334501326751702,82.28
"28077",0.00382287352660083,3.95124216577602,1,1,0.228189598622581,31.88
"28079",0.00614588387514152,6.35225710305266,1,1,0.218143715475377,26.98
"28081",0.00365207009165291,3.77470330579818,1,1,0.298121678849093,67.67
"28083",0.00161414836128851,1.66835000492743,1,1,0.261845344805264,49.38
"28085",0.0033110298682486,3.42221125981125,1,1,0.292692202941374,64.81
"28087",0.00123489753688005,1.27636428047673,1,1,0.316804304224922,76.04
"28089",0.00145040069150417,1.49910383633269,1,1,0.29779690207707,67.52
"28091",0.00406461698801459,4.20110315421631,1,1,0.293325126866803,65.1
"28093",0.00213789417423838,2.209682729088,1,1,0.252578428508721,43.91
"28095",0.00333619292727099,3.44821927162157,1,1,0.283641755997949,61.28
"28097",0,0,0,0,0.243085586023632,38.98
"28099",0.00343873813261568,3.55420785231531,1,1,0.222795692515319,29.3
"28101",0.00113378684807256,1.17185838608947,1,1,0.227779266078663,31.78
"28103",0.0205278592375367,21.2171662044469,1,1,0.269116922443837,53.8
"28105",0.00233996322914926,2.41853708029964,1,1,0.204314245692437,21.54
"28107",0.00289447568640423,2.99166956488438,1,1,0.298317305674747,67.74
"28109",0.00382409177820268,3.95250132516601,1,1,0.373354567998391,92.49
"28111",0.00687285223367698,7.1036364022743,1,1,0.236121671459072,35.38
"28113",0.00292077400511135,3.01885095737396,1,1,0.296357629143658,66.75
"28115",0.00764109547586624,7.89767655845226,1,1,0.201515911776928,20.11
"28117",0.00158420667804046,1.63740290700729,1,1,0.258253595960405,47.25
"28119",0,0,0,0,0.199937339078519,19.57
"28121",0.00186487638533674,1.92749724949818,1,1,0.380654865494801,93.86
"28123",0.00140930138916851,1.45662445655655,1,1,0.166771929917614,8.59
"28125",0.00862688713156003,8.91657020731196,1,1,0.196654874862231,18.42
"28127",0.00394099763540142,4.07333277542866,1,1,0.261205751918958,48.97
"28129",0.00155231294628997,1.60443821255963,1,1,0.196474952100438,18.23
"28131",0.0038603263730479,3.9899526449693,1,1,0.26147974354371,49.19
"28133",0.00206868018204386,2.13814459356829,1,1,0.194179570668573,17.24
"28135",0.00294290759270159,3.04172777083847,1,1,0.185614092095513,14.44
"28137",0.0032051282051282,3.31275351452215,1,1,0.269948256694626,54.15
"28139",0.00230918813806514,2.38672858946127,1,1,0.223941363968592,29.88
"28141",0,0,0,0,0.25580718430484,45.75
"28143",0.00213479719426654,2.20648175532674,1,1,0.125133377351839,2.48
"28145",0.00139326831414534,1.44005300535949,1,1,0.218716366493175,27.24
"28147",0.00854408749145591,8.83099023010006,1,1,0.264998328063092,51.22
"28149",0.00110918209876543,1.14642743153024,1,1,0.249259264501721,41.97
"28151",0.0026009339717444,2.68827098465213,1,1,0.317701727996515,76.42
"28153",0.00666082383873795,6.88448828539433,1,1,0.280108143034742,59.43
"28155",0.00309358081979892,3.19746046877312,1,1,0.251326857279611,43.11
"28157",0.00277161862527716,2.86468707464222,1,1,0.210263390984992,23.58
"28159",0.0040397239521966,4.17537423274564,1,1,0.247396888567325,40.85
"28161",0.000940144155437167,0.971713346785564,1,0,0.197717203075104,18.68
"28163",0.00506502395619439,5.23510288455082,1,1,0.237412004816062,36.05
"29001",0.00239874527170403,2.47929297073565,1,1,0.272867566241314,55.68
"29003",0.00136724090784796,1.4131516222736,1,1,0.306075320722756,71.33
"29005",0.0105162523900574,10.8693786442065,1,1,0.200321537044005,19.66
"29007",0.00554785020804438,5.73414200571934,1,1,0.31519825103473,75.25
"29009",0.00173506840173507,1.79333043108466,1,1,0.296848080276299,67.07
"29011",0.0122061482820976,12.6160197135328,1,1,0.253202256747434,44.32
"29013",0.0120614035087719,12.4664145414913,1,1,0.312661257142063,74.1
"29015",0.00298126064735946,3.08136868642094,1,1,0.302579794728784,69.68
"29017",0,0,0,0,0.281745107644151,60.39
"29019",0.000527637276663877,0.54535485971028,1,0,0.262124455429824,49.67
"29021",0.00223440991265489,2.30943937880155,1,1,0.293311166399466,65.03
"29023",0.00114143920595533,1.17976770323628,1,1,0.318334974246717,76.9
"29025",0.000420344682639765,0.43445947731438,1,0,0.248186343635646,41.23
"29027",0.00177999288002848,1.83976343277129,1,1,0.277528647352411,58.35
"29029",0.000701824744335272,0.725391385173088,1,0,0.351158399515204,87.34
"29031",0.00392396232996163,4.05572543982307,1,1,0.370876708982988,92.05
"29033",0.0231520223152022,23.9294463074102,1,1,0.227737708705272,31.72
"29035",0.0010958904109589,1.13268942085579,1,1,0.227035428468337,31.24
"29037",0.00388105542370515,4.01137775841956,1,1,0.381278218735727,93.95
"29039",0.00256529850746269,2.65143891367538,1,1,0.297827397718577,67.55
"29041",0.0116086235489221,11.9984306396623,1,1,0.247004144479102,40.63
"29043",0.00399717846226193,4.1314001036975,1,1,0.434155075779762,99.05
"29045",0.0188888888888889,19.5231607122505,1,1,0.223974991897697,29.94
"29047",0.000566728197156644,0.585758417995756,1,0,0.322357058880622,78.33
"29049",0.00166574125485841,1.72167534125082,1,1,0.305553516834585,71.14
"29051",0.00106406713920401,1.09979755238671,1,1,0.227549147590308,31.56
"29053",0.00600494524902861,6.20658588520858,1,1,0.298582008331423,67.99
"29055",0.000514734268433921,0.532018580121432,1,0,0.292446341301928,64.72
"29057",0,0,0,0,0.203896488571479,21.29
"29059",0.0075083426028921,7.76046596394177,1,1,0.31369677476238,74.61
"29061",0.00999600159936026,10.3316583019883,1,1,0.272480052113843,55.49
"29063",0.00464653169598407,4.80255803233746,1,1,0.228864086535485,32.13
"29065",0.000456725279744234,0.472061702000873,1,0,0.263100283347439,50.11
"29067",0.00153327200245324,1.58475789103176,1,1,0.27923671395195,59.21
"29069",0.00133092499287004,1.37561625168103,1,1,0.256210857959688,45.94
"29071",0.00298568229626111,3.0859388102979,1,1,0.417342375483095,98.03
"29073",0.00306018361101666,3.1629418118933,1,1,0.286980657006895,62.58
"29075",0.00681302043906132,7.04179551005163,1,1,0.225720580676316,30.7
"29077",0.00101189746105728,1.04587606358151,1,1,0.358168869699089,89.21
"29079",0.00371853546910755,3.84340053057833,1,1,0.25340550222177,44.61
"29081",0.0032916392363397,3.40216950800168,1,1,0.237356465152721,35.98
"29083",0.00359869138495093,3.71953219035115,1,1,0.281546005014956,60.17
"29085",0.00559511698880977,5.78299596227875,1,1,0.265505539690098,51.48
"29087",0.0173267326732673,17.9085487022683,1,1,0.218260706480241,27.08
"29089",0,0,0,0,0.223079378912265,29.4
"29091",0.00429897970881577,4.44333556344253,1,1,0.3754911511922,92.84
"29093",0,0,0,0,0.202532765671878,20.68
"29095",0.000879011685122727,0.908528103349262,1,0,0.326830101702169,79.7
"29097",0.00146001106534702,1.50903691784651,1,1,0.375918934716457,93
"29099",0.00297838106160456,3.07839240677802,1,1,0.430513369381984,98.85
"29101",0.000969889344442975,1.00245735236433,1,1,0.221175035636859,28.64
"29103",0,0,0,0,0.217265610510822,26.73
"29105",0.00180820148530836,1.86891925753087,1,1,0.298127941271665,67.71
"29107",0.00352851420942209,3.64699852867096,1,1,0.326727875861496,79.67
"29109",0.00275042143554254,2.84277810242731,1,1,0.356270554351843,88.61
"29111",0.00711623178583531,7.35518841990821,1,1,0.241211540270337,38.28
"29113",0.00436288977287309,4.50939166971012,1,1,0.368839405174343,91.6
"29115",0.00356543624161074,3.68516036934259,1,1,0.236956406523337,35.73
"29117",0.00258435032304379,2.67113047201097,1,1,0.307670644742874,72
"29119",0.00129813933362181,1.34172967961607,1,1,0.251664288314795,43.21
"29121",0.00532371629744118,5.50248188089614,1,1,0.273011847673446,55.74
"29123",0.000229779411764706,0.237495196813169,1,0,0.237683318165943,36.3
"29125",0,0,0,0,0.262457363913943,49.89
"29127",0.00206100577081616,2.13021248254516,1,1,0.295379315877293,66.34
"29129",0,0,0,0,0.152301178930232,6.01
"29131",0.000324675324675325,0.335577628743802,1,0,0.298505374301775,67.93
"29133",0,0,0,0,0.195507548168437,17.72
"29135",0.00346620450606586,3.58259652177092,1,1,0.268939811547933,53.67
"29137",0.000818330605564648,0.845809407963102,1,0,0.241034361063847,38.15
"29139",0.00344736144258817,3.56312072524578,1,1,0.259145188804257,47.85
"29141",0.00568276784221962,5.87359005215627,1,1,0.363231852374449,90.55
"29143",0.00228310502283105,2.3597696267829,1,1,0.176820532105564,11.04
"29145",0.00353851217906517,3.65733222110181,1,1,0.301781987938172,69.3
"29147",0.00407290499949089,4.20966946963002,1,1,0.267764877510017,53.07
"29149",0.0034396497811132,3.55515011314572,1,1,0.240539580226768,37.8
"29151",0.00483091787439614,4.99313573203339,1,1,0.234085009408973,34.36
"29153",0.00988142292490119,10.2132321791592,1,1,0.290371256043416,63.82
"29155",0.000176991150442478,0.182934353368303,1,0,0.200313576169005,19.63
"29157",0.00981780421032757,10.1474772056277,1,1,0.255054917556505,45.31
"29159",0.00192448680351906,1.98910933166689,1,1,0.318724531687808,77.03
"29161",0.00465050732807215,4.8066671625592,1,1,0.292553404111142,64.75
"29163",0.00534675263406196,5.52629175688803,1,1,0.26123354371434,49
"29165",0.000946495184009799,0.978277637159707,1,0,0.318287932177146,76.77
"29167",0.00415512465373961,4.2946499855855,1,1,0.347092657272075,85.97
"29169",0.000474833808167142,0.490778298447726,1,0,0.146543844752199,5.15
"29171",0.00234925606891151,2.42814196522532,1,1,0.219506649209946,27.68
"29173",0,0,0,0,0.222289128443918,29.14
"29175",0.00139716840536513,1.44408405811882,1,1,0.281585925533432,60.23
"29177",0.000564759036144578,0.583723134335981,1,0,0.257210123251181,46.71
"29179",0.00377358490566038,3.90029847747514,1,1,0.183030464492374,13.27
"29181",0.00145264381173736,1.50142227851672,1,1,0.248489105097058,41.39
"29183",0.00213152503437498,2.20309971926231,1,1,0.374843779469138,92.71
"29185",0.0132480584741891,13.6929163085411,1,1,0.259075572259308,47.76
"29186",0.00316001149095088,3.2661218218443,1,1,0.262084893466544,49.63
"29187",0.00478281323506351,4.94341578237303,1,1,0.327490750312171,80.05
"29189",0.00071602379760394,0.740067229822112,1,0,0.296359364397614,66.78
"29195",0.00302734375,3.1289992180135,1,1,0.236657700011705,35.63
"29197",0.00945179584120983,9.76917860615228,1,1,0.211658889035002,24.09
"29199",0.00893426930440332,9.23427399580903,1,1,0.274984961525779,56.82
"29201",0.000881251376955276,0.910843002010056,1,0,0.294645056163499,65.96
"29203",0.00293685756240822,3.03547458599387,1,1,0.223920397892334,29.81
"29205",0.00452284034373587,4.67471323623207,1,1,0.209923387335275,23.39
"29207",0.00300635629616904,3.10730702444442,1,1,0.283887827206602,61.47
"29209",0.00066607460035524,0.688440783657357,1,0,0.319872681323101,77.44
"29211",0.00835866261398176,8.63933895276597,1,1,0.163644748226312,7.89
"29213",0.000882251000409617,0.911876191916864,1,0,0.267193514726299,52.82
"29215",0.0046603587063974,4.81684934126819,1,1,0.303143571149376,69.9
"29217",0.00224333597255212,2.31866516772572,1,1,0.311508901559155,73.66
"29219",0.00400520676879944,4.13969799351521,1,1,0.33716711856325,83.01
"29221",0.00347886588971995,3.59568306324895,1,1,0.300181803740446,68.53
"29223",0.00215285252960172,2.22514337251003,1,1,0.252265715521963,43.78
"29225",0.00600544243220419,6.207099763346,1,1,0.352438275642879,87.69
"29227",0.00865051903114187,8.94099564473107,1,1,0.21639444819764,26.34
"29229",0.0190525231719876,19.6922896867372,1,1,0.329251977781889,80.53
"29510",0.000141003948110547,0.145738733295391,1,0,0.190295397408321,15.88
"30001",0.00072926162260711,0.753749569028923,1,0,0.253218905358478,44.35
"30003",0,0,0,0,0.156642515692187,6.65
"30005",0.0138966092273485,14.363244810046,1,1,0.219952626193458,27.9
"30007",0.000483091787439614,0.499313573203339,1,0,0.276173400670707,57.72
"30009",0,0,0,0,0.339386054278505,83.55
"30011",0,0,0,0,0.139541643546604,4.04
"30013",0.00149422685080371,1.54440163846593,1,1,0.37352671365932,92.52
"30015",0,0,0,0,0.198943922982216,19.22
"30017",0.00077930174563591,0.805469994179326,1,0,0.291911196102943,64.46
"30019",0,0,0,0,0.147949743810921,5.35
"30021",0.00298581736750435,3.08607841711145,1,1,0.310744842199146,73.34
"30023",0.000264970853206147,0.273868335063834,1,0,0.225689904962804,30.58
"30025",0,0,0,0,0.232210173546699,33.57
"30027",0.00613496932515337,6.34097605233688,1,1,0.34765416050823,86.13
"30029",0.00134782102268,1.39307963490696,1,1,0.473177053295163,99.87
"30031",0.00151750341727869,1.56845981101348,1,1,0.43754216757489,99.2
"30033",0,0,0,0,0.14472522564746,4.87
"30035",0,0,0,0,0.189016575475858,15.59
"30037",0.0112107623318386,11.5872096023645,1,1,0.16536142212811,8.4
"30039",0,0,0,0,0.212608608521458,24.66
"30041",0,0,0,0,0.278174097432385,58.61
"30043",0,0,0,0,0.310921847143721,73.43
"30045",0.00408997955010225,4.22731736822459,1,1,0.172813508853492,10.09
"30047",0.00213079822979839,2.20234850924469,1,1,0.362672019784714,90.3
"30049",0.00024585950246977,0.254115242436245,1,0,0.334708004126637,82.31
"30051",0,0,0,0,0.145094148196786,4.93
"30053",0.000391900718484651,0.40506039054118,1,0,0.368089425332678,91.47
"30055",0,0,0,0,0.189760482001361,15.69
"30057",0.000484613520717228,0.500886404909576,1,0,0.282470989186212,60.74
"30059",0,0,0,0,0.167139932257146,8.72
"30061",0,0,0,0,0.205568124838623,21.86
"30063",0.00135874995004596,1.40437554577992,1,1,0.458858474632366,99.75
"30065",0,0,0,0,0.210156866530749,23.51
"30067",0.000767291461142168,0.793056415183205,1,0,0.351661617912637,87.5
"30069",0,0,0,0,0.109185626082782,1.53
"30071",0,0,0,0,0.263040773427614,50.05
"30073",0.00562372188139059,5.8125613813088,1,1,0.255645907134689,45.69
"30075",0.00615006150061501,6.3565750094152,1,1,0.184780843096218,13.9
"30077",0,0,0,0,0.220998611549678,28.51
"30079",0,0,0,0,0.128361332359972,2.86
"30081",0.00117792236930671,1.21747593825158,1,1,0.449674487683862,99.59
"30083",0.00349883372209264,3.61632139739239,1,1,0.32054280146684,77.7
"30085",0,0,0,0,0.19383930678355,17.09
"30087",0,0,0,0,0.145499491189457,5
"30089",0.0019152501795547,1.97956255021482,1,1,0.327111287078702,79.8
"30091",0,0,0,0,0.246520754390995,40.38
"30093",0.00163925468553631,1.69429937686068,1,1,0.34594148447291,85.68
"30095",0,0,0,0,0.251059476637184,42.98
"30097",0.00321248279027077,3.32035505998916,1,1,0.244293437077151,39.61
"30099",0,0,0,0,0.263243207927976,50.21
"30101",0.00194080543425522,2.00597592727979,1,1,0.196984731120948,18.55
"30103",0,0,0,0,0.137233980797304,3.75
"30105",0.0002808199943836,0.290249676082817,1,0,0.256233392025297,45.98
"30107",0,0,0,0,0.127800544993037,2.8
"30109",0,0,0,0,0.180795376805076,12.09
"30111",0.00152256772360797,1.57369417217386,1,1,0.496074206156367,100
"31001",0.00149858467003386,1.54890578932867,1,1,0.318288429446477,76.81
"31003",0.00158277936055714,1.63592766149242,1,1,0.201819971489644,20.24
"31005",0,0,0,0,0.096538004759083,1.05
"31007",0.00564971751412429,5.83942992390345,1,1,0.143103472863012,4.49
"31009",0,0,0,0,0.0949892934270968,0.95
"31011",0.000599880023995201,0.620023453227901,1,0,0.198769780129564,19.06
"31013",0.00513196480938416,5.30429155111171,1,1,0.212108067251658,24.28
"31015",0,0,0,0,0.161109954474865,7.35
"31017",0,0,0,0,0.187715233026541,15.18
"31019",0.00175851782069399,1.8175672603464,1,1,0.346449985921851,85.78
"31021",0,0,0,0,0.208812934458416,22.91
"31023",0,0,0,0,0.184206458918078,13.74
"31025",0.00195745791465484,2.02318758292623,1,1,0.332344807582181,81.55
"31027",0.000534473543559594,0.552420682272,1,0,0.240521696845112,37.77
"31029",0,0,0,0,0.205149651212297,21.79
"31031",0.00297225891677675,3.07206468585806,1,1,0.236325636874955,35.44
"31033",0.000216122757726389,0.22337996467061,1,0,0.231012204863883,32.93
"31035",0.000364033491081179,0.376257406818679,1,0,0.191502117024919,16.16
"31037",0,0,0,0,0.170193245471912,9.58
"31039",0.00143884892086331,1.48716416767038,1,1,0.240381800592803,37.64
"31041",0.00215374420145792,2.22606498590156,1,1,0.228971783077163,32.2
"31043",0,0,0,0,0.178097281793012,11.29
"31045",0,0,0,0,0.230107376360858,32.68
"31047",0.00204230488694384,2.11088363988808,1,1,0.231542254782525,33.25
"31049",0,0,0,0,0.137679528978534,3.85
"31051",0,0,0,0,0.166312970153989,8.53
"31053",0.00115351340959339,1.19224734772382,1,1,0.325414520934019,79.13
"31055",0.000741250873992608,0.766141408644029,1,0,0.293206718633317,64.97
"31057",0,0,0,0,0.147022850740553,5.22
"31059",0,0,0,0,0.217160707698868,26.66
"31061",0,0,0,0,0.184851583381337,14.03
"31063",0,0,0,0,0.135316351568845,3.6
"31065",0,0,0,0,0.163119316926299,7.86
"31067",0.00311651754297778,3.22116738639371,1,1,0.307575358587281,71.91
"31069",0,0,0,0,0.149129918904489,5.57
"31071",0,0,0,0,0.203903759185218,21.32
"31073",0,0,0,0,0.148981183599158,5.5
"31075",0.005859375,6.05612751873581,1,1,0.141308472867014,4.2
"31077",0.00642398286937901,6.63969441026281,1,1,0.187248528585987,14.95
"31079",0.00174745479410424,1.80613274731887,1,1,0.322762936127362,78.49
"31081",0.0031692372702303,3.27565739445672,1,1,0.255280003977885,45.43
"31083",0,0,0,0,0.167257438644806,8.78
"31085",0.0464601769911504,48.0202677591795,1,1,0.181164122821298,12.25
"31087",0,0,0,0,0.160054323455375,7.1
"31089",0.00397030899361298,4.10362838256706,1,1,0.271930981088421,55.17
"31091",0.0321100917431193,33.1883196133779,1,1,0.168008313599672,8.97
"31093",0,0,0,0,0.244889216712032,39.9
"31095",0,0,0,0,0.227586601223348,31.63
"31097",0,0,0,0,0.167534177804184,8.88
"31099",0.00112570356472795,1.16350367339315,1,1,0.204204313768596,21.44
"31101",0.00340798442064265,3.52242145847925,1,1,0.283317676681798,61.09
"31103",0,0,0,0,0.164054001905338,8.08
"31105",0,0,0,0,0.153244634916659,6.17
"31107",0,0,0,0,0.242607300437105,38.82
"31109",0.00100487795025097,1.03862084394423,1,1,0.347224502746866,86
"31111",0.00342882424510563,3.54396106541956,1,1,0.336621359020353,82.85
"31113",0,0,0,0,0.142050147580163,4.3
"31115",0,0,0,0,0.130981765401563,3.15
"31117",0,0,0,0,0.0742876568027351,0.45
"31119",0.00122428991185113,1.265400460983,1,1,0.348736423520657,86.48
"31121",0,0,0,0,0.266131070099154,51.8
"31123",0.000477099236641221,0.493119797963221,1,0,0.172254469075628,9.96
"31125",0,0,0,0,0.168676758469406,9.16
"31127",0,0,0,0,0.158965709323274,6.97
"31129",0.00487540628385699,5.03911802209003,1,1,0.212959824270332,25.01
"31131",0.00368349249658936,3.80718084670322,1,1,0.265812553070983,51.7
"31133",0,0,0,0,0.188720823235404,15.53
"31135",0,0,0,0,0.173834602991381,10.21
"31137",0,0,0,0,0.220229715960263,28.03
"31139",0.00162271805273834,1.67720745887369,1,1,0.273360907154782,55.93
"31141",0.00284351896408417,2.93900176186663,1,1,0.296946896732501,67.13
"31143",0,0,0,0,0.212956705699958,24.98
"31145",0.000669008195350393,0.691472886122035,1,0,0.265464286479434,51.42
"31147",0,0,0,0,0.260734272600301,48.81
"31149",0,0,0,0,0.148547484610248,5.47
"31151",0,0,0,0,0.19614844541085,18.01
"31153",0.00102892420258374,1.06347454770529,1,1,0.299561172783567,68.44
"31155",0.00104725749443644,1.08242345493485,1,1,0.335041592936995,82.5
"31157",0.00168560709042466,1.74220825362722,1,1,0.349606709094275,86.76
"31159",0,0,0,0,0.272289484428377,55.33
"31161",0.00218054949847362,2.25377038057329,1,1,0.205690636719347,22.08
"31163",0,0,0,0,0.203328919317865,21
"31165",0,0,0,0,0.163073778279439,7.83
"31167",0,0,0,0,0.169888316503311,9.51
"31169",0,0,0,0,0.181248424899451,12.28
"31171",0.033096926713948,34.2082916109521,1,1,0.203135095836263,20.9
"31173",0,0,0,0,0.11875963658837,2.16
"31175",0,0,0,0,0.224893830052439,30.32
"31177",0.000713194090677534,0.737142503893671,1,0,0.296475214356816,66.88
"31179",0,0,0,0,0.189609976816457,15.65
"31181",0,0,0,0,0.176685994632466,10.94
"31183",0,0,0,0,0.0927621350206253,0.83
"31185",0.00278613618633679,2.87969212228606,1,1,0.271521879895299,54.92
"32001",0.00232599749507962,2.40410238949756,1,1,0.267210671773927,52.88
"32003",0.000578694927200178,0.598126980022581,1,0,0.294828150976809,66.05
"32005",0.00216873617962238,2.241560381148,1,1,0.282673296474493,60.8
"32007",0.001949802945447,2.01527556676842,1,1,0.317039657230991,76.14
"32009",0.00506329113924051,5.23331188116917,1,1,0.126085478885658,2.61
"32011",0,0,0,0,0.02411136762154,0.06
"32013",0.00175070028011204,1.80948721381462,1,1,0.237450715515365,36.14
"32015",0.000506200961781827,0.52319873274154,1,0,0.108779542109201,1.46
"32017",0,0,0,0,0.174706774671887,10.44
"32019",0.00115480849425804,1.19358592016144,1,1,0.326056684326525,79.48
"32021",0,0,0,0,0.144723745182283,4.84
"32023",0.00389206019719772,4.02275206226354,1,1,0.312514462787718,74.07
"32027",0,0,0,0,0.103436473392549,1.3
"32029",0,0,0,0,0.0769118085895724,0.51
"32031",0.00106675713370274,1.10257787447038,1,1,0.394727181104541,96.05
"32033",0.000207770621234157,0.214747370980867,1,0,0.184847720815056,14
"32510",0.00299618931262181,3.09679864277522,1,1,0.271377314664799,54.85
"33001",0.00308559162865576,3.18920300780936,1,1,0.395456048564107,96.12
"33003",0.00351724722434105,3.63535320841027,1,1,0.398998236433051,96.44
"33005",0.00261140594726645,2.6990945996511,1,1,0.370424365698087,91.98
"33007",0.00235017626321974,2.42909305882705,1,1,0.321883225676776,78.17
"33009",0.00169760606108238,1.75461013887893,1,1,0.247062068797308,40.66
"33011",0.000937825322181139,0.969316649203793,1,0,0.376058882635354,93.03
"33013",0.00225402256334381,2.32971060458119,1,1,0.376614069687766,93.1
"33015",0.00169115798615079,1.74794554341677,1,1,0.41149730675336,97.49
"33017",0.00208122294870614,2.15110853500309,1,1,0.357213637617331,89.02
"33019",0.000797497086068339,0.824276317704549,1,0,0.340275110067717,83.87
"34001",0.00110023911863512,1.13718415420685,1,1,0.253356604737072,44.54
"34003",0.000560863934409512,0.579697238603756,1,0,0.339407558945425,83.58
"34005",0.000654675616734189,0.67665903246494,1,0,0.30823037853782,72.26
"34007",0.000587410135016658,0.607134836643618,1,0,0.352310943756314,87.59
"34009",0.00283774409854329,2.9330329815583,1,1,0.330233893999017,80.88
"34011",0.000833500547949434,0.861488743307596,1,0,0.306128851955154,71.4
"34013",0.000246161265771276,0.254427138676781,1,0,0.249630255883701,42.13
"34015",0.000997550134229173,1.03104696648088,1,1,0.349261433297123,86.64
"34017",7.46220232301603e-05,0.0771277633515377,1,0,0.224077493395105,30
"34019",0.00234848484848485,2.4273448479135,1,1,0.382140609661088,94.18
"34021",0.000602513937463209,0.622745811130505,1,0,0.169421124729497,9.42
"34023",0.000176957189152311,0.182899251688695,1,0,0.266458654746845,52.18
"34025",0.00138836381650132,1.43498381911565,1,1,0.393511765623368,95.9
"34027",0.000959931302041004,0.992164927895282,1,0,0.249872062017,42.25
"34029",0.000994141501014949,1.02752387444292,1,1,0.421860014393267,98.25
"34031",0.000419763703749207,0.433858989677574,1,0,0.43922216591228,99.27
"34033",0.00156401910639557,1.61653745494542,1,1,0.279728480747616,59.4
"34035",0.000971359326011272,1.0039766945856,1,1,0.232278417132797,33.6
"34037",0.00215232159271798,2.22459460724542,1,1,0.413916473691603,97.8
"34039",0.00028327292764511,0.292784976627098,1,0,0.353958301319995,88.07
"34041",0.00214098378204785,2.21287608313635,1,1,0.38365723055608,94.34
"35001",0.000364375922245796,0.376611336512428,1,0,0.321261029076174,77.95
"35003",0.00747863247863248,7.72975820055169,1,1,0.196626274398942,18.36
"35005",0.00197175163977305,2.03796127841997,1,1,0.338627642175981,83.33
"35006",0.000243279406398248,0.251448509069678,1,0,0.191712464321143,16.23
"35007",0.005330053300533,5.5090316748265,1,1,0.239803799507748,37.23
"35009",0.0017601018612141,1.81920449151604,1,1,0.261171998993246,48.93
"35011",0,0,0,0,0.179208298273095,11.58
"35013",0.00106167358363092,1.09732362337998,1,1,0.314654621899792,75.06
"35015",0.00229495969477036,2.3720223678956,1,1,0.290764789594572,64.05
"35017",0.00320248879128923,3.31002547155109,1,1,0.266209757422844,51.86
"35019",0,0,0,0,0.131049523080712,3.18
"35021",0,0,0,0,0.109962927400576,1.62
"35023",0,0,0,0,0.181715843773219,12.6
"35025",0.000884742218290035,0.914451062642968,1,0,0.226090330001911,30.86
"35027",0.00136578097839583,1.41164266970946,1,1,0.34343615354998,84.89
"35028",0.000127986348122867,0.132284014061123,1,0,0.030713904152846,0.1
"35029",0.0030946065428824,3.19852063471104,1,1,0.246947703138639,40.6
"35031",0.00142634276799643,1.47423806948915,1,1,0.271112206575792,54.72
"35033",0.00452488687782805,4.6768284910901,1,1,0.199671509701713,19.47
"35035",0.00011762399529504,0.121573702787404,1,0,0.238497768505961,36.68
"35037",0.00670690811535882,6.9321200303884,1,1,0.242397096312935,38.78
"35039",0.00166128287955699,1.71706725773479,1,1,0.243984082927194,39.45
"35041",0.00271702214373047,2.80825729257142,1,1,0.212755247224758,24.88
"35043",0.000999357555856949,1.03291507969397,1,1,0.317750327895948,76.49
"35045",0.0017162025118964,1.77383104170997,1,1,0.346152000748094,85.71
"35047",0.00480339588918677,4.96468958342596,1,1,0.242217863232294,38.75
"35049",0.00212887129142485,2.20035686602149,1,1,0.341351417562017,84.19
"35051",0.00473461250934463,4.89359651983237,1,1,0.215626270218184,25.93
"35053",0.00380291005291005,3.93060833667509,1,1,0.183636948294378,13.52
"35055",0.00121728545343883,1.25816079918553,1,1,0.331734748055306,81.36
"35057",0.00152632917832613,1.57758193314308,1,1,0.252684312523499,44
"35059",0,0,0,0,0.206356920486741,22.37
"35061",0.00390738060781476,4.03858691842758,1,1,0.325995402025888,79.41
"36001",0.000763292993708988,0.788923682826111,1,0,0.214152785585586,25.36
"36003",0.00261196406956743,2.69967146319471,1,1,0.268203543983305,53.42
"36005",0.000150802503321555,0.155866315137693,1,0,0.201803812626918,20.2
"36007",0.00151262199016235,1.5634144699848,1,1,0.307839313177589,72.1
"36009",0.00192444039299099,1.98906136271521,1,1,0.303533199828772,70.03
"36011",0.00099169911114376,1.02499947132647,1,1,0.314884163113801,75.15
"36013",0.00195818581007576,2.02393992041775,1,1,0.351717169782425,87.53
"36015",0.00127061215269934,1.31327816082818,1,1,0.334767293170192,82.41
"36017",0.00338454926399484,3.49819937044415,1,1,0.253464295321076,44.7
"36019",0.00206694608715623,2.13635226934103,1,1,0.281692507611936,60.32
"36021",0.00161655350792111,1.67083591421098,1,1,0.345205011874826,85.36
"36023",0.00234204503113855,2.4206887873189,1,1,0.273660356317868,56.09
"36025",0.00444636571357994,4.59567065708798,1,1,0.29901454833443,68.25
"36027",0.000932638426270622,0.9639555820148,1,0,0.330761712277697,81.07
"36029",0.000813235663932897,0.840543382794479,1,0,0.319561168653441,77.28
"36031",0.00189672050905531,1.96041067012104,1,1,0.300079076688522,68.5
"36033",0.00190003694516282,1.96383846915674,1,1,0.212504597593312,24.53
"36035",0.00148766950849688,1.53762410652879,1,1,0.276196765004604,57.78
"36037",0.0017931858936043,1.85339945582351,1,1,0.316046948646698,75.66
"36039",0.00236333105292618,2.44268957448689,1,1,0.315380183293116,75.34
"36041",0,0,0,0,0.195533557356576,17.75
"36043",0.0167923638934716,17.3562363016327,1,1,0.327491384044635,80.08
"36045",0.00101071356377603,1.04465241209916,1,1,0.234479847687086,34.55
"36047",0.000150519676373109,0.155573991115843,1,0,0.230012525704837,32.64
"36049",0.00894206549118388,9.24233197149807,1,1,0.26663154188545,52.27
"36051",0.00369795471146822,3.82212868969155,1,1,0.318601218045701,76.96
"36053",0.00315948928803289,3.26558208382413,1,1,0.317309490208307,76.26
"36055",0.00145333441717595,1.502136073862,1,1,0.278738546245861,59.05
"36057",0.00311875639588714,3.22348141796103,1,1,0.258740266570408,47.5
"36059",0.000861079219288174,0.889993481513414,1,0,0.344704276470915,85.17
"36061",2.73655628716205e-05,0.0282844737489094,1,0,0.162076444498364,7.6
"36063",0.00088122449532951,0.910815217723583,1,0,0.368808624325303,91.57
"36065",0.0012836496282957,1.32675342307611,1,1,0.305256376731709,70.98
"36067",0.00081968451589508,0.847208781379214,1,0,0.303834107921819,70.19
"36069",0.00331649310925525,3.42785795151503,1,1,0.33383329563026,82.02
"36071",0.00144301796900947,1.49147320868668,1,1,0.385159923066431,94.5
"36073",0.00201957433587075,2.0873898174463,1,1,0.252423588505882,43.81
"36075",0.00280580433057476,2.90002070503798,1,1,0.35279162846987,87.85
"36077",0.002101506740682,2.17207343838772,1,1,0.275854947312202,57.49
"36079",0.00153915218367216,1.59083552342345,1,1,0.364446941978562,90.71
"36081",0.0001369063985909,0.141503591764883,1,0,0.270146911216548,54.31
"36083",0.00154718927282104,1.59914249076469,1,1,0.330458979680156,80.94
"36085",0.000341457443450138,0.352923275904948,1,0,0.275733781409953,57.27
"36087",0.000345896557350302,0.357511451239278,1,0,0.269389421837305,53.9
"36089",0.00266209804955192,2.75148889693258,1,1,0.280616379791993,59.66
"36091",0.00146459564208072,1.5137754405249,1,1,0.388984830612826,95.13
"36093",0.000431062009068267,0.445536681881579,1,0,0.267775455007169,53.1
"36095",0.00694904037061549,7.18238286801758,1,1,0.265530843564243,51.54
"36097",0,0,0,0,0.237670572619882,36.27
"36099",0.00520465772759351,5.37942543183872,1,1,0.278667921134221,58.99
"36101",0.00175583282343239,1.81479210330257,1,1,0.260232687011139,48.49
"36103",0.000776713143817121,0.802794469450184,1,0,0.407901881892643,97.26
"36105",0.00247415392771936,2.55723378129058,1,1,0.251223476091383,43.05
"36107",0.00561837207669078,5.80703193500055,1,1,0.271058158394615,54.69
"36109",0.00198597727351224,2.05266459608771,1,1,0.211672688880088,24.12
"36111",0.00146222583265638,1.51132605504114,1,1,0.420982046432005,98.22
"36113",0.00101706120165781,1.05121319792612,1,1,0.310468779053893,73.24
"36115",0.00468271597526565,4.83995734702594,1,1,0.315836525053097,75.56
"36117",0.0053859391930652,5.56679416513876,1,1,0.30666568978226,71.59
"36119",0.000843702097978039,0.872032852169375,1,0,0.33171764875563,81.32
"36121",0.00870180403254333,8.99400275014518,1,1,0.280153254263881,59.47
"36123",0.00298222593343672,3.08236638593258,1,1,0.329000081508192,80.43
"37001",0.000930690173241328,0.961941908408969,1,0,0.327224726808516,79.96
"37003",0.00292882944449868,3.02717689113808,1,1,0.308294432215713,72.32
"37005",0.000228050171037628,0.235707889744792,1,0,0.225418361113202,30.48
"37007",0.00205893707373568,2.12807432048573,1,1,0.236507767540753,35.54
"37009",0.00489432703003337,5.05867410982871,1,1,0.310029434298804,73.11
"37011",0.0019795062878435,2.04597632056655,1,1,0.259418005390318,48.01
"37013",0.00201404387349627,2.08167364714189,1,1,0.342671529387881,84.63
"37015",0.00405252066785541,4.18860065055483,1,1,0.191815519653149,16.26
"37017",0.00129458217360347,1.3380530733781,1,1,0.19404290377099,17.21
"37019",0.00214725193046207,2.21935471031124,1,1,0.395063090277983,96.09
"37021",0.00104318118101149,1.07821026258791,1,1,0.388264147502587,95
"37023",0.00221339559140111,2.28771941562586,1,1,0.248802381069576,41.62
"37025",0.000776373721792606,0.802443649940743,1,0,0.350690461113217,87.24
"37027",0.00150076783470613,1.55116226269821,1,1,0.317004717734516,76.11
"37029",0.000570776255707763,0.589942406695726,1,0,0.273818205736399,56.12
"37031",0.00219065548519596,2.26421571719933,1,1,0.37133218379103,92.17
"37033",0.00051948051948052,0.536924205990084,1,0,0.2582052192206,47.22
"37035",0.000472400513478819,0.488263295922176,1,0,0.295033233107673,66.18
"37037",0.0073471183457985,7.5938279419561,1,1,0.357103733590748,88.99
"37039",0.00263462957108231,2.72309805177287,1,1,0.34213452279397,84.47
"37041",0.00494037478705281,5.10626810892614,1,1,0.238344987374299,36.59
"37043",0,0,0,0,0.275942709355564,57.56
"37045",0.00184730560754478,1.90933646086262,1,1,0.298785210733816,68.12
"37047",0.00204130643611912,2.10985166198673,1,1,0.294759370660007,66.02
"37049",0.000832342449464923,0.86029175692228,1,0,0.274633700515981,56.6
"37051",0.000543883971419431,0.562147103797339,1,0,0.164436738621851,8.21
"37053",0.00304946916647843,3.15186758598764,1,1,0.330792699178377,81.1
"37055",0.000815765746425658,0.843158423171496,1,0,0.29398436607439,65.48
"37057",0.00147039663483909,1.51977122537908,1,1,0.384071920417669,94.43
"37059",0.00127275041364388,1.31548822264339,1,1,0.293516680380814,65.22
"37061",0.00159003008165019,1.64342185524898,1,1,0.255567129963333,45.66
"37063",9.3889367029184e-05,0.0970420871478831,1,0,0.121386621712657,2.29
"37065",0.00216907357725898,2.2419091082924,1,1,0.241830944209114,38.63
"37067",0.000736040845608445,0.760756432213824,1,0,0.279307987090466,59.27
"37069",0.00353669319186561,3.65545215395548,1,1,0.372910400404712,92.4
"37071",0.000753137148489849,0.778426813500005,1,0,0.331342587527253,81.23
"37073",0.00456158134820071,4.71475512862555,1,1,0.239402648122443,36.97
"37075",0.00117600940807526,1.21549874151028,1,1,0.240675555645126,37.93
"37077",0.00157964019306713,1.63268308359424,1,1,0.226894710142808,31.08
"37079",0,0,0,0,0.237422364939678,36.08
"37081",0.000525615079802218,0.543264759304999,1,0,0.355368880002757,88.39
"37083",0.000881523272214386,0.911124027266318,1,0,0.321391851148282,78.01
"37085",0.00239027159460994,2.47053475522044,1,1,0.35415440764638,88.16
"37087",0.00181306360036261,1.87394463801587,1,1,0.388667847253501,95.1
"37089",0.00153867397865583,1.59034126071472,1,1,0.369347516656265,91.76
"37091",0.00132869991823385,1.37331646104884,1,1,0.26952807940665,53.96
"37093",0.000181587071000545,0.187684600786437,1,0,0.28149701348205,60.13
"37095",0.00343642611683849,3.55181820113715,1,1,0.215785622375803,26.03
"37097",0.00135716650115856,1.40273892610948,1,1,0.427617314011554,98.66
"37099",0.00249333178708106,2.57705561584305,1,1,0.261712505784594,49.32
"37101",0.00128855150004202,1.33181989524698,1,1,0.417429296066466,98.09
"37103",0.000442282176028306,0.457133611911062,1,0,0.249777759636717,42.22
"37105",0.000870546509753345,0.899778675039,1,0,0.269587006105934,53.99
"37107",0.00103851963746224,1.07339218861783,1,1,0.236426399449073,35.51
"37109",0.00174216027874564,1.80066044691796,1,1,0.376537994376036,93.06
"37111",0.0013291724456773,1.37380485553693,1,1,0.27012700292966,54.28
"37113",0.00257678111289087,2.66330709461966,1,1,0.3457031700018,85.59
"37115",0.00036231884057971,0.374485179902504,1,0,0.279445110202073,59.34
"37117",0.00246541569647993,2.54820212814086,1,1,0.302699487629205,69.74
"37119",0.000371050629858444,0.383510174776316,1,0,0.293744333430065,65.35
"37121",0.0011927074459022,1.23275748436128,1,1,0.250449430596858,42.67
"37123",0.00256840857453324,2.65465341398831,1,1,0.235655535619269,35.06
"37125",0.00186468936468936,1.92730394886643,1,1,0.354141147192228,88.13
"37127",0.000877232444104548,0.906689117025182,1,0,0.315694034043056,75.5
"37129",0.000456040463226555,0.471353889963241,1,0,0.383309704662125,94.3
"37131",0.00290102389078498,2.99843765205213,1,1,0.22143392261302,28.7
"37133",0.000924595238334523,0.955642311094578,1,0,0.155166549726092,6.43
"37135",0.00105979171848471,1.09537856690237,1,1,0.140578841551702,4.07
"37137",0.00315457413249211,3.26050188180098,1,1,0.213446309812646,25.14
"37139",0.00413915959341926,4.27814883296353,1,1,0.266625066768652,52.24
"37141",0.00533778148457048,5.51701936430178,1,1,0.382227153962597,94.21
"37143",0.00868217054263566,8.97370998538465,1,1,0.278663469291549,58.96
"37145",0.00522312837899753,5.39851631102923,1,1,0.324958579877883,79.03
"37147",0.00114940012260268,1.1879959402722,1,1,0.276589514031569,57.97
"37149",0.0065013607499244,6.71967057012839,1,1,0.309999591174388,73.08
"37151",0.000895807620336824,0.92588803089324,1,0,0.360542479974554,89.82
"37153",0.00164079262905465,1.69588896313288,1,1,0.277497280677652,58.32
"37155",0.00149263857792252,1.54276003281634,1,1,0.320946285912652,77.82
"37157",0.00239327068595361,2.47363455334185,1,1,0.302417995415804,69.58
"37159",0.000879386153978791,0.908915146531192,1,0,0.34946700013607,86.73
"37161",0.00241511578349197,2.49621318951918,1,1,0.340723615170164,84
"37163",0.003830194701564,3.95880917918,1,1,0.303354074268681,69.97
"37165",0.00202050437775948,2.0883510893014,1,1,0.258161235095689,47.18
"37167",0.00126927958767645,1.31190084947575,1,1,0.364786754507978,90.77
"37169",0.00264410364886304,2.73289026052594,1,1,0.311072435227086,73.46
"37171",0.00251263980389153,2.59701197841381,1,1,0.346873542462403,85.87
"37173",0.000165384933432564,0.170938410077055,1,0,0.113587530732543,1.75
"37175",0.00333020237383656,3.44202756081509,1,1,0.300531227076828,68.69
"37177",0,0,0,0,0.160458223694068,7.22
"37179",0.00140030301639043,1.44732392655033,1,1,0.432934586040586,98.98
"37181",0.00209803547587259,2.16848561164219,1,1,0.273054360059728,55.81
"37183",0.000771783484941908,0.797699277083736,1,0,0.358692440368281,89.34
"37185",0.00189599133261105,1.95965700859057,1,1,0.252695941629957,44.03
"37187",0,0,0,0,0.250830462810654,42.83
"37189",0.000685494927337538,0.708513227674055,1,0,0.273043662493231,55.77
"37191",0.00118558179558275,1.22539256114192,1,1,0.317097663805162,76.2
"37193",0.00148957298907646,1.5395915042665,1,1,0.334720587367799,82.34
"37195",0.000583711900109129,0.603312418349135,1,0,0.298506811533443,67.96
"37197",0.000765827093260722,0.79154287515131,1,0,0.282343397434697,60.58
"37199",0.000354798651765123,0.366712469941781,1,0,0.301667616940508,69.17
"38001",0.00558213716108453,5.76958028366537,1,1,0.150423794309804,5.73
"38003",0,0,0,0,0.246941601578198,40.57
"38005",0,0,0,0,0.0948958146308098,0.92
"38007",0,0,0,0,0.109015193474199,1.5
"38009",0.0112839280268375,11.6628321352985,1,1,0.225695221568636,30.64
"38011",0,0,0,0,0.202353059784323,20.55
"38013",0,0,0,0,0.169560683884543,9.45
"38015",0.00219402549979287,2.2676988938417,1,1,0.347284556210747,86.03
"38017",0.000806874000254802,0.833968100197641,1,0,0.353987900419751,88.1
"38019",0,0,0,0,0.168955791506181,9.23
"38021",0,0,0,0,0.202297286364737,20.52
"38023",0,0,0,0,0.195704326965621,17.82
"38025",0,0,0,0,0.158819765452858,6.94
"38027",0,0,0,0,0.18665552661504,14.73
"38029",0,0,0,0,0.209326143078816,23.16
"38031",0.0102739726027397,10.6189633205231,1,1,0.20200891645314,20.36
"38033",0,0,0,0,0.154524628512066,6.3
"38035",0.00115497690046199,1.19375998129358,1,1,0.304754684664127,70.66
"38037",0,0,0,0,0.148221300074034,5.38
"38039",0.00201612903225806,2.08382882365103,1,1,0.183885268792699,13.59
"38041",0,0,0,0,0.157749543320794,6.78
"38043",0,0,0,0,0.17398058555595,10.28
"38045",0,0,0,0,0.212062523188996,24.24
"38047",0,0,0,0,0.175604767927878,10.69
"38049",0,0,0,0,0.209551053824512,23.23
"38051",0,0,0,0,0.19444249945313,17.44
"38053",0.00185648559205747,1.91882470096141,1,1,0.186154247120255,14.54
"38055",0,0,0,0,0.216057298825447,26.25
"38057",0.0035218562253988,3.64011697555945,1,1,0.188512070579214,15.49
"38059",0.00214162348877375,2.21353727063615,1,1,0.355514931457695,88.45
"38061",0.00268411340379131,2.77424350687713,1,1,0.21611722313996,26.28
"38063",0.00354107648725212,3.6599826364409,1,1,0.161139988073338,7.38
"38065",0,0,0,0,0.144853530249729,4.9
"38067",0.000412031314379893,0.425866953659214,1,0,0.179823404888869,11.74
"38069",0.00265111346765642,2.74013546270125,1,1,0.225407431546577,30.45
"38071",0.00412501983182611,4.26353427095093,1,1,0.269489069737953,53.93
"38073",0.00114942528735632,1.18802195003553,1,1,0.187816104373905,15.21
"38075",0,0,0,0,0.198775668864275,19.09
"38077",0.00170204245094113,1.75919549870099,1,1,0.246502707252904,40.31
"38079",0,0,0,0,0.155766070212258,6.55
"38081",0,0,0,0,0.123907539362606,2.39
"38083",0,0,0,0,0.133883329994537,3.5
"38085",0,0,0,0,0.0749801174517141,0.48
"38087",0.1,103.357909653091,1,1,0.131339355873327,3.25
"38089",0.00531275986325418,5.49115753954794,1,1,0.329244725512203,80.5
"38091",0,0,0,0,0.15006515814403,5.66
"38093",0.00199355927005061,2.06050118921973,1,1,0.278755911092706,59.08
"38095",0,0,0,0,0.143539889664268,4.68
"38097",0,0,0,0,0.174382811666069,10.37
"38099",0.00189317106152806,1.95674203535264,1,1,0.204671587071631,21.7
"38101",0.00202701052580165,2.09507570791671,1,1,0.336366473246104,82.72
"38103",0.0111228813559322,11.4963776626849,1,1,0.221110385195166,28.57
"38105",0.00151207945290216,1.56285371481357,1,1,0.252838175392865,44.13
"39001",0.00473448496481126,4.8934646924688,1,1,0.298395188323075,67.83
"39003",0.00114640730742206,1.18490262906173,1,1,0.339503157048026,83.61
"39005",0.00301590202887955,3.11717329423506,1,1,0.322562357489022,78.43
"39007",0.00131843106703023,1.36270279109939,1,1,0.378277686037369,93.45
"39009",0.000834154849472966,0.862165015685146,1,0,0.211522194530576,23.99
"39011",0.002777086960126,2.87033903123481,1,1,0.266300147370156,51.96
"39013",0.0008011750567499,0.828077791318663,1,0,0.362571351390438,90.23
"39015",0.000415584415584416,0.429539364792067,1,0,0.334430173438606,82.21
"39017",0.00168469981206979,1.74127050968489,1,1,0.344783648660908,85.24
"39019",0.00665004156275977,6.87334395033025,1,1,0.339873395076862,83.84
"39021",0.00273619829389989,2.82807736053847,1,1,0.292233350261387,64.59
"39023",0.000943941437102678,0.975638137738676,1,0,0.311656430182379,73.75
"39025",0.0030051946936848,3.10610641639822,1,1,0.407651273670481,97.2
"39027",0.0025891829689298,2.67612539377969,1,1,0.228671813699716,32.1
"39029",0.0015059315262155,1.55649934630323,1,1,0.378654860403258,93.54
"39031",0.00341416440514751,3.52880896128036,1,1,0.339611358148981,83.71
"39033",0.00223776223776224,2.31290427195728,1,1,0.344137450539654,85.05
"39035",0.000613689966949155,0.634297121589392,1,0,0.280625953824522,59.69
"39037",0.00165837479270315,1.71406151995176,1,1,0.339361231990549,83.49
"39039",0.00253822088424532,2.62345204833417,1,1,0.306207835478096,71.46
"39041",0.00189418085784537,1.95778573971796,1,1,0.285533685369628,62.14
"39043",0.0029348316861486,3.03338068263976,1,1,0.277959630014271,58.48
"39045",0.0021795827123696,2.25277113066536,1,1,0.391115155418594,95.42
"39047",0.00393132220795892,4.06333245587409,1,1,0.262360322879333,49.83
"39049",0.000726477238406974,0.750871687722952,1,0,0.255858515897301,45.82
"39051",0.00205647790540202,2.1255325755012,1,1,0.296142238854502,66.62
"39053",0.00335677749360614,3.46949504909673,1,1,0.236880683343467,35.7
"39055",0.00538678503722199,5.56766841197814,1,1,0.362823665932862,90.36
"39057",0.00106653451693528,1.10234778243299,1,1,0.184798010986796,13.94
"39059",0.00195115810674723,2.01667623316077,1,1,0.282463486332013,60.71
"39061",0.000549786846394181,0.568248191980677,1,0,0.29514745496746,66.21
"39063",0.00106983281240167,1.10575683168124,1,1,0.259010006485985,47.69
"39065",0.00574903261470426,5.94207993583277,1,1,0.238507839532805,36.72
"39067",0.00526797984425103,5.44487384796403,1,1,0.258426616308248,47.41
"39069",0.00278246205733558,2.87589461935245,1,1,0.263734889991955,50.46
"39071",0.00349378881987578,3.611107091917,1,1,0.350315169627274,87.08
"39073",0.00451284424901643,4.66438148168312,1,1,0.28304061192988,60.99
"39075",0.00204482578886171,2.1134891914148,1,1,0.365858098351176,91.09
"39077",0.00099321304419798,1.02656424088486,1,1,0.312772424323588,74.16
"39079",0.00221768828173512,2.29215625062297,1,1,0.301778784122033,69.27
"39081",0.00141709966934341,1.46468459593422,1,1,0.317473207999515,76.36
"39083",0.00142927147990853,1.47726512490125,1,1,0.34502800693025,85.3
"39085",0.00146742591344956,1.51670074984924,1,1,0.379101038452949,93.6
"39087",0.00155369974752379,1.60587158132594,1,1,0.289387613638446,63.38
"39089",0.00225186424827111,2.32747981523831,1,1,0.309681579401041,72.86
"39091",0.0027799657137562,2.87331445081104,1,1,0.259838755471823,48.36
"39093",0.00214731091983972,2.21941568049889,1,1,0.383119058861738,94.27
"39095",0.000644682073633905,0.666329915216206,1,0,0.365812842862513,91.06
"39097",0.0014103819784525,1.45774133105241,1,1,0.18351361275664,13.49
"39099",0.0011634279780391,1.20249483842043,1,1,0.411543568599285,97.52
"39101",0.000874021691629256,0.903370550382585,1,0,0.259727780054009,48.27
"39103",0.00249854488153206,2.58244376129584,1,1,0.424494867133975,98.5
"39105",0.0007097232079489,0.733555072058844,1,0,0.26461718344072,51.1
"39107",0.00242184059885513,2.50316381810657,1,1,0.28781601924183,62.9
"39109",0.00336207837572317,3.47497393004607,1,1,0.324782450184803,78.97
"39111",0.00584795321637427,6.04432220193515,1,1,0.281994996067014,60.48
"39113",0.00042105721659401,0.435195937515057,1,0,0.320803730494557,77.79
"39115",0.00029120559114735,0.300984011802828,1,0,0.212387210827245,24.44
"39117",0.00568103089926562,5.87179478422715,1,1,0.348881907036894,86.51
"39119",0.00142332177423529,1.47111563348688,1,1,0.362888971909081,90.39
"39121",0.00197628458498024,2.04264643583184,1,1,0.26354329571207,50.37
"39123",6.22897720194344e-05,0.0643814062869634,1,0,0.276126956985071,57.68
"39125",0,0,0,0,0.211633714677573,24.05
"39127",0.00106780565936999,1.10366160868223,1,1,0.294600560400686,65.89
"39129",0.00202717510409818,2.09524581260375,1,1,0.266292631676566,51.92
"39131",0,0,0,0,0.211125318234348,23.86
"39133",0.00110923705763474,1.14648423586872,1,1,0.327348146722629,79.99
"39135",0.00239919510873771,2.47975791289051,1,1,0.302214575059765,69.52
"39137",0.0062111801242236,6.41974594118578,1,1,0.329975545664628,80.81
"39139",0.00143721069135434,1.48547092789458,1,1,0.360772825203618,89.88
"39141",0.00117785630153121,1.21740765197987,1,1,0.28949753224097,63.44
"39143",0.00147199528961507,1.5214235615381,1,1,0.299223569118487,68.34
"39145",0.000716101543198826,0.740147586043833,1,0,0.268609342984437,53.55
"39147",0.000749133814027531,0.774289050683331,1,0,0.284529238641591,61.85
"39149",0.00122815636184995,1.26939674287957,1,1,0.199340408812592,19.34
"39151",0.00150146695046885,1.55188485413662,1,1,0.432286420885281,98.95
"39153",0.000723930628560637,0.748239565018758,1,0,0.37917053937434,93.67
"39155",0.00115832220435529,1.19721761746924,1,1,0.417380742138891,98.06
"39157",0.00144512151063369,1.49364738533815,1,1,0.453462433056816,99.68
"39159",0.00148474162844341,1.53459791090837,1,1,0.224579435675866,30.23
"39161",0.00380529570318694,3.93307409493291,1,1,0.248249446132656,41.3
"39163",0,0,0,0,0.212644210706523,24.75
"39165",0.00114256130109168,1.18092747731352,1,1,0.308215829587645,72.19
"39167",0.00160268084796387,1.65649742286589,1,1,0.310612252727338,73.31
"39169",0.00297768529812729,3.07767328019178,1,1,0.375406186424213,92.81
"39171",0.00129373382832715,1.33717624143385,1,1,0.256646712567087,46.26
"39173",0.000723789763200116,0.748093969526698,1,0,0.252016333421824,43.56
"39175",0.000447467334884553,0.462492883717071,1,0,0.229811968467609,32.58
"40001",0.0039426523297491,4.07504303291757,1,1,0.225519817666497,30.54
"40003",0.000669792364367046,0.692283386825794,1,0,0.169210607242854,9.39
"40005",0.00814814814814815,8.42175560136298,1,1,0.283868060617483,61.44
"40007",0.000537056928034372,0.555090814463432,1,0,0.202168757102127,20.46
"40009",0.00263468701735259,2.72315742703702,1,1,0.262866300331697,49.98
"40011",0.00424568355505236,4.38824977298717,1,1,0.217375423977818,26.76
"40013",0.000894963794646489,0.925015870298594,1,0,0.256156319334531,45.88
"40015",0.00216424191415174,2.23691520230328,1,1,0.226940887824436,31.15
"40017",0.00169900367068694,1.75605467895131,1,1,0.408192666960001,97.33
"40019",0.00234344986553976,2.42214079479007,1,1,0.321746834146809,78.08
"40021",0.000869605016247883,0.898805567032235,1,0,0.198950156536133,19.25
"40023",0.00209982232272654,2.17033245919913,1,1,0.216826726083889,26.5
"40025",0.000897666068222621,0.927808883779992,1,0,0.144475109949646,4.74
"40027",0.00100052320938472,1.03411987481407,1,1,0.344469107954042,85.14
"40029",0.00128700128700129,1.33021762745291,1,1,0.213758697509533,25.26
"40031",0.00164606170980282,1.70133497485213,1,1,0.230618078989745,32.8
"40033",0.000464900046490005,0.480510970028318,1,0,0.150685692559792,5.82
"40035",0.00259515570934256,2.68229869341932,1,1,0.265153709964228,51.29
"40037",0.000645057248830834,0.666717688457288,1,0,0.320583548997277,77.73
"40039",0.00128465179175118,1.327789238275,1,1,0.287725095609892,62.84
"40041",0.0041361482119776,4.27503633205375,1,1,0.359037823120527,89.47
"40043",0.00707154742096506,7.30900359443656,1,1,0.202187933225897,20.49
"40045",0,0,0,0,0.151681136606138,5.95
"40047",0.00256855509731568,2.65480485687341,1,1,0.317710924336443,76.46
"40049",0.00297807057124808,3.07807149043589,1,1,0.306311835822847,71.56
"40051",0.00276633313713949,2.85922410458816,1,1,0.394138860687138,95.99
"40053",0.00573613766730402,5.92875198774901,1,1,0.190671806587742,16
"40055",0.000897666068222621,0.927808883779992,1,0,0.163053570761724,7.8
"40057",0,0,0,0,0.190091232227848,15.75
"40059",0.00161812297734628,1.67245808500147,1,1,0.182382345729948,13.11
"40061",0.00257267815796244,2.65906636617163,1,1,0.266228126370012,51.89
"40063",0.00681699003670687,7.04589840319971,1,1,0.230949408464488,32.9
"40065",0.00065730013967628,0.679371684516251,1,0,0.212183324937066,24.34
"40067",0.000757575757575758,0.783014467068872,1,0,0.183505800313721,13.46
"40069",0.000749625187406297,0.774796923936215,1,0,0.170454172773544,9.67
"40071",0.00224554807039532,2.32095154581593,1,1,0.31142958112279,73.62
"40073",0.00264518456174101,2.73400746948179,1,1,0.246509577283554,40.34
"40075",0.00160901045856798,1.66303957607548,1,1,0.203289088752105,20.97
"40077",0.00242914979757085,2.51071845311152,1,1,0.205669128839771,22.05
"40079",0.00178520422736361,1.84514977244164,1,1,0.313886365870741,74.71
"40081",0.00422855903718963,4.37055022928608,1,1,0.29627131905829,66.66
"40083",0.00316851496706412,3.2749108370028,1,1,0.345860177237747,85.62
"40085",0,0,0,0,0.137964320332516,3.91
"40087",0.00693756194251734,7.17051900467431,1,1,0.340715089451268,83.96
"40089",0.00286430361618332,2.96048434380497,1,1,0.272046950470293,55.2
"40091",0.00202615582980291,2.09419231199853,1,1,0.294004084652825,65.51
"40093",0.000693481276005548,0.716767750714918,1,0,0.220494022620044,28.19
"40095",0.000502596749874351,0.519473494654504,1,0,0.209850569004051,23.29
"40097",0.00166821130676552,1.72422833526936,1,1,0.289976841769473,63.67
"40099",0.00861436950146627,8.90363224650895,1,1,0.220355782964895,28.16
"40101",0.000904825737265416,0.935208968040704,1,0,0.302632185652493,69.71
"40103",0.00728427344041838,7.52887276143174,1,1,0.182690806797232,13.17
"40105",0.00517403574788335,5.34777519371591,1,1,0.232858705835938,34.01
"40107",0,0,0,0,0.205579791966688,21.89
"40109",0.000612758310871518,0.633334181342391,1,0,0.340586631106287,83.93
"40111",0.00211774671749259,2.18885873894729,1,1,0.249890520942277,42.32
"40113",0.00278092491502729,2.87430586119421,1,1,0.267204809464841,52.85
"40115",0.00167740203972088,1.73372768473381,1,1,0.266888755354953,52.56
"40117",0.00164396430248943,1.6991671384961,1,1,0.271587972622124,54.98
"40119",0.00221826836425815,2.29275581179304,1,1,0.260269000545788,48.52
"40121",0.00214592274678112,2.21798089384316,1,1,0.295191191341256,66.24
"40123",0.000833296785228718,0.861278138418811,1,0,0.210091688197027,23.45
"40125",0.00203150753191,2.09972371942728,1,1,0.321975801280155,78.21
"40127",0.00127347978350844,1.31624208408903,1,1,0.262889184595192,50.02
"40129",0.0193661971830986,20.0164965877465,1,1,0.181679482331519,12.57
"40131",0.00159744408945687,1.65108481873947,1,1,0.335248060614362,82.56
"40133",0.000851063829787234,0.879641784281627,1,0,0.22020794619962,27.97
"40135",0.00507569790846241,5.24613525849242,1,1,0.331430796008974,81.26
"40137",0.00275223985477543,2.84465758253515,1,1,0.309762250587681,72.92
"40139",0.00240847784200385,2.48935235195306,1,1,0.193214355516832,16.86
"40141",0,0,0,0,0.180773496860573,12.06
"40143",0.000800071331660895,0.826937004138351,1,0,0.393684986009771,95.96
"40145",0.00229598530569404,2.3730824179075,1,1,0.349975357741268,86.96
"40147",0.00146546986627587,1.51467902037869,1,1,0.310803910770005,73.4
"40149",0.00935672514619883,9.67091552309624,1,1,0.251930181745365,43.46
"40151",0.00393023827069516,4.06221212097631,1,1,0.218855026014304,27.33
"40153",0.00365840911466499,3.7812551874759,1,1,0.313436176242324,74.45
"41001",0.000605968792607181,0.626316677188857,1,0,0.30982396216451,72.99
"41003",0.00384400491675047,3.97308312891534,1,1,0.255331864221023,45.5
"41005",0.00170545999485335,1.76272780065013,1,1,0.449013435272636,99.49
"41007",0.00239157429977464,2.47188120404762,1,1,0.31653751078937,75.82
"41009",0.00143544103925931,1.48364185248103,1,1,0.382810233233003,94.24
"41011",0.000572584647096996,0.591811522233984,1,0,0.330994905930548,81.13
"41013",0,0,0,0,0.349655340664842,86.8
"41015",0.00290184203885945,2.99928327279977,1,1,0.332196236598529,81.48
"41017",0.00123814222809745,1.27971792549373,1,1,0.45238289104513,99.65
"41019",0.00251303052866716,2.5974158233744,1,1,0.37429927085202,92.65
"41021",0.00175438596491228,1.81329666058055,1,1,0.151312166150068,5.92
"41023",0,0,0,0,0.239752186173468,37.16
"41025",0.00032051282051282,0.331275351452215,1,0,0.237062404056218,35.79
"41027",0.00238463521526167,2.46470911134595,1,1,0.272406747777251,55.42
"41029",0.0016190118245685,1.67337677891038,1,1,0.449326914699737,99.55
"41031",0.00113421550094518,1.17230143273827,1,1,0.27495014006721,56.79
"41033",0.00189663347558084,1.96032071414113,1,1,0.375605362660006,92.9
"41035",0.00113623868342924,1.17439255186227,1,1,0.391160266647732,95.45
"41037",0.000335457900033546,0.346722273240829,1,0,0.228344702022273,32.07
"41039",0.00258750604225312,2.67439215742025,1,1,0.424659315173676,98.54
"41041",0.000754218912039219,0.779544901692023,1,0,0.274098346486167,56.28
"41043",0.00203337668761106,2.10165563968805,1,1,0.378407410557015,93.51
"41045",0.00141920659593161,1.4668622712137,1,1,0.289923380074321,63.63
"41047",0.00202102074879085,2.08888479960548,1,1,0.333323235103622,81.9
"41049",0,0,0,0,0.14827015561922,5.41
"41051",0.000768449505344217,0.794253345463301,1,0,0.327705974286552,80.18
"41053",0.00188405228245084,1.94731705591254,1,1,0.348330946386135,86.29
"41055",0,0,0,0,0.137219623542359,3.72
"41057",0.000870776732845698,0.900016628814795,1,0,0.27740810185666,58.29
"41059",0.000507804147958093,0.524855752461175,1,0,0.307939001184841,72.16
"41061",0.000496935564021865,0.513622211295798,1,0,0.325468402879249,79.16
"41063",0.000291800408520572,0.301598802606043,1,0,0.294931419492422,66.08
"41065",0.00398406374501992,4.11784500609925,1,1,0.29537218594239,66.31
"41067",0.00102129927028907,1.05559357707306,1,1,0.324457300307507,78.84
"41069",0,0,0,0,0.179922468099363,11.87
"41071",0.000590189735070386,0.610007773155867,1,0,0.343758826748953,84.98
"42001",0.00148569045509044,1.53557859829698,1,1,0.357827244946554,89.12
"42003",0.00068442220109642,0.707404480254936,1,0,0.275376078814311,57.08
"42005",0.00218475155453476,2.25811353788054,1,1,0.390427889813884,95.29
"42007",0.00107417154519577,1.11024125520265,1,1,0.387321930305748,94.78
"42009",0.00178468321872868,1.84461126880746,1,1,0.34107298205753,84.06
"42011",0.00070034913701423,0.723866228291371,1,0,0.37207461258426,92.27
"42013",0.001298927592707,1.34254440772917,1,1,0.381937029800675,94.15
"42015",0.00241013071895425,2.49106073101813,1,1,0.313427298453955,74.42
"42017",0.00212347416005524,2.19477850385663,1,1,0.451339908466003,99.62
"42019",0.00135505528009609,1.40055681215115,1,1,0.400370345445529,96.63
"42021",0.00130428111094062,1.34807769226834,1,1,0.375792890684912,92.94
"42023",0,0,0,0,0.15125645327828,5.89
"42025",0.00112347528354376,1.16120056853997,1,1,0.309354033491685,72.7
"42027",0.000691486077668704,0.714705555420523,1,0,0.227394281887671,31.5
"42029",0.00105726997282319,1.09277214329986,1,1,0.386398578653333,94.65
"42031",0.00397586084487043,4.1093666599738,1,1,0.34272140488424,84.66
"42033",0.00209094029897325,2.16115218511285,1,1,0.338057791924487,83.23
"42035",0.000977175961471348,1.00998864740928,1,1,0.320293528510303,77.63
"42037",0.00119198390821724,1.23200965093456,1,1,0.320630897812571,77.76
"42039",0.00268717568569311,2.77740861743851,1,1,0.363164255515446,90.52
"42041",0.00132741609541546,1.3719895286201,1,1,0.276401189889934,57.87
"42043",0.000810119663458723,0.837322749839593,1,0,0.195717029926241,17.85
"42045",0.000986653994539172,1.01978494426441,1,1,0.34731039489533,86.06
"42047",0.00204009848751319,2.10860315155796,1,1,0.253727003765987,44.86
"42049",0.00166180690726964,1.71760888182458,1,1,0.33755173494642,83.11
"42051",0.00143434295139968,1.48250689182316,1,1,0.381458216186498,94.05
"42053",0,0,0,0,0.152263096807913,5.98
"42055",0.00203605889816755,2.10442791645174,1,1,0.375816561249793,92.97
"42057",0.00289855072463768,2.99588143922003,1,1,0.241326462971547,38.34
"42059",0.00249960943602562,2.5835440625675,1,1,0.246060442374531,40.18
"42061",0.00196930598940649,2.03543350532367,1,1,0.315243362263869,75.28
"42063",0.00144759698899826,1.49620598802969,1,1,0.369922133182012,91.85
"42065",0.00244215153550278,2.52415677765654,1,1,0.344420674658984,85.08
"42067",0.00606826801517067,6.27203497262753,1,1,0.321847546546706,78.14
"42069",0.00116122610731204,1.20021903086368,1,1,0.313642573181052,74.55
"42071",0.00154879222302608,1.6007992665894,1,1,0.481046409733177,99.94
"42073",0.00214062242713651,2.21250259425356,1,1,0.375094876247,92.78
"42075",0.00162009586959063,1.67449722518495,1,1,0.362543140625074,90.2
"42077",0.00051285808484138,0.530079395978927,1,0,0.252608443536095,43.94
"42079",0.000776931502661946,0.803020160587737,1,0,0.305040402697201,70.86
"42081",0.000824402308326463,0.852084993018064,1,0,0.362920450281839,90.42
"42083",0.00164994720168955,1.70535093804599,1,1,0.293572263971577,65.26
"42085",0.00373707594568783,3.86256357961143,1,1,0.348613850711011,86.45
"42087",0.00163407305887934,1.68894375586201,1,1,0.366147548305749,91.25
"42089",0.00214636301942774,2.21843595044748,1,1,0.320282927224263,77.6
"42091",0.000712799429760456,0.736734590619561,1,0,0.3224160873428,78.36
"42093",0.000387275242047026,0.400279594783755,1,0,0.10351505887464,1.34
"42095",0.000828843762950684,0.856675587675848,1,0,0.333135458145096,81.8
"42097",0.00204451772464963,2.1131707826848,1,1,0.346888838282405,85.91
"42099",0.00304136253041363,3.14348873640788,1,1,0.364990456527007,90.8
"42101",0.000133610120719218,0.138096627860356,1,0,0.191839827180226,16.32
"42103",0.00335455603477785,3.467198995688,1,1,0.303853571665505,70.25
"42105",0.000180147721131328,0.18619691884902,1,0,0.269051959932283,53.77
"42107",0.0014857764087697,1.53566743822313,1,1,0.35909077236384,89.53
"42109",0.00175140933720103,1.81022008040004,1,1,0.341343640634958,84.16
"42111",0.00161995177817963,1.67434829531454,1,1,0.390781359611516,95.39
"42113",0.00479233226837061,4.95325445621842,1,1,0.232045480916799,33.5
"42115",0.00435895006159386,4.50531966648554,1,1,0.38580673073705,94.53
"42117",0.00320855614973262,3.31629656640934,1,1,0.336938394333066,82.95
"42119",0.00198965380023876,2.05646457726007,1,1,0.267964963422404,53.29
"42121",0.00123063153773004,1.27195503292946,1,1,0.351212447592442,87.37
"42123",0.00162645703442667,1.68107199218907,1,1,0.287140448469042,62.62
"42125",0.00155792555416144,1.6102392867326,1,1,0.412206082532427,97.65
"42127",0.0065,6.71826412745092,1,1,0.387325900562231,94.81
"42129",0.00179577120337633,1.85607157796193,1,1,0.433871369649473,99.01
"42131",0.00423198999711455,4.37409639774551,1,1,0.297634234987364,67.42
"42133",0.00136147375821216,1.40719081696347,1,1,0.391748219313432,95.64
"44001",0.000216602588400931,0.223875907625691,1,0,0.313166409057458,74.32
"44003",0.00146449792929596,1.51367444663311,1,1,0.361045326112873,90.01
"44005",0.000696157212188718,0.719533542417493,1,0,0.235125487028036,34.78
"44007",0.000331169896346918,0.342290282264482,1,0,0.305722958534026,71.17
"44009",0.00176510724138954,1.82437794783557,1,1,0.320197643822332,77.54
"45001",0.0017464706738466,1.8051155811921,1,1,0.250937118007968,42.86
"45003",0.00111613146145985,1.15361014754539,1,1,0.276434651612011,57.91
"45005",0.00170706725844998,1.76438903470623,1,1,0.164238597547079,8.15
"45007",0.00136256209906912,1.40831570332312,1,1,0.369820035552567,91.82
"45009",0.000226500566251416,0.234106250629878,1,0,0.231591394075118,33.31
"45011",0.00574033429005572,5.9330895293012,1,1,0.242914780301564,38.91
"45013",0.00145801577307973,1.50697462546756,1,1,0.326003477219263,79.45
"45015",0.000580218420000774,0.599701630334992,1,0,0.370174107465626,91.92
"45017",0.000566465256797583,0.585486648336997,1,0,0.183436911473105,13.39
"45019",0.000818738317905299,0.846230810915797,1,0,0.322820687767572,78.52
"45021",0.00167611535617451,1.73239779551644,1,1,0.283895847245271,61.5
"45023",0.00233100233100233,2.40927528328884,1,1,0.238661084962389,36.75
"45025",0.000802469135802469,0.829415324376657,1,0,0.228884333289984,32.17
"45027",0.00748611446510505,7.73749142537026,1,1,0.303090407169264,69.87
"45029",0.00154170723790977,1.59347637407395,1,1,0.339540510119562,83.65
"45031",0.00176164890337356,1.82080348195351,1,1,0.261822708082586,49.35
"45033",0.00316485153122964,3.2711243863028,1,1,0.249323755468026,42.03
"45035",0.000951947353172468,0.983912885236992,1,0,0.396992578588921,96.25
"45037",0.00249967109590843,2.58360779293347,1,1,0.257480141907123,46.8
"45039",0,0,0,0,0.219906832678713,27.84
"45041",0.00182438948109151,1.88565083158706,1,1,0.286933496079869,62.55
"45043",0.00169411126922816,1.75099799507168,1,1,0.298656364339709,68.06
"45045",0.000831758034026465,0.859687717341401,1,0,0.361365816855209,90.04
"45047",0.00229372617432319,2.37074742694627,1,1,0.277536086732954,58.38
"45049",0.00102336687702541,1.05773061217559,1,1,0.284135465443798,61.69
"45051",0.000852795341300878,0.881431438387532,1,0,0.401103041255705,96.75
"45053",0.00242832523891587,2.50986620652187,1,1,0.306028925087483,71.3
"45055",0.00157239975951533,1.62519952282528,1,1,0.357595723507652,89.09
"45057",0.00115730165981422,1.19616280396451,1,1,0.312507651313866,74.04
"45059",0.00147864660346177,1.52829822049452,1,1,0.274010810279607,56.22
"45061",0.00389194139194139,4.02262926763404,1,1,0.234376325015287,34.49
"45063",0.000990723839122734,1.02399145055211,1,1,0.417808525663148,98.12
"45065",0,0,0,0,0.235826687569993,35.19
"45067",0.00220237366939924,2.27632738744114,1,1,0.248067127694584,41.17
"45069",0,0,0,0,0.196447568323217,18.2
"45071",0.00167203368838246,1.72817906900759,1,1,0.256784368532092,46.33
"45073",0.00358583594800538,3.70624507944746,1,1,0.349821961313848,86.86
"45075",0.00234309100565466,2.42176988471425,1,1,0.318306881778883,76.87
"45077",0.000893766498306001,0.923778369828712,1,0,0.275439555642592,57.11
"45079",0.000589557181304146,0.60935397880565,1,0,0.243092375841896,39.01
"45081",0.000351802990325418,0.363616216897418,1,0,0.211258374716404,23.89
"45083",0.000734829783569665,0.75950470380594,1,0,0.322960536690998,78.56
"45085",0.000943659253222382,0.975346478378624,1,0,0.273429837353572,55.97
"45087",0.00143867641769572,1.48698587200227,1,1,0.228198020721737,31.94
"45089",0.00266134397870925,2.75070950507229,1,1,0.267864853243852,53.2
"45091",0.00106373997467286,1.09945940196619,1,1,0.365977428195865,91.12
"46003",0,0,0,0,0.153529554592248,6.2
"46005",0.00603542099534976,6.2380849795573,1,1,0.292866127840382,64.84
"46007",0,0,0,0,0.160497397001656,7.25
"46009",0.00185185185185185,1.91403536394613,1,1,0.224275292982583,30.13
"46011",0.00288120567375887,2.97795395720342,1,1,0.255357195190659,45.53
"46013",0.00489135139814735,5.05559855891234,1,1,0.369300196731297,91.73
"46015",0,0,0,0,0.258868275052039,47.6
"46017",0.00404858299595142,4.18453075518588,1,1,0.106460365799084,1.4
"46019",0.00960723368183103,9.92983590902825,1,1,0.355659134853454,88.51
"46021",0,0,0,0,0.165251704486717,8.34
"46023",0,0,0,0,0.232697188185949,33.88
"46025",0,0,0,0,0.164066924956091,8.11
"46027",0.00417209908735332,4.31219440534409,1,1,0.181068654084842,12.15
"46029",0.00403873038885725,4.17434730644701,1,1,0.341775974943093,84.22
"46031",0,0,0,0,0.119044404751383,2.2
"46033",0,0,0,0,0.278581794429988,58.83
"46035",0.00394661308840413,4.07913679026981,1,1,0.309170142553778,72.54
"46037",0,0,0,0,0.237074576942425,35.83
"46039",0,0,0,0,0.220740897843751,28.35
"46041",0,0,0,0,0.165579571418099,8.46
"46043",0.000775795190069822,0.801845691645393,1,0,0.201935993024779,20.3
"46045",0,0,0,0,0.195899455581478,17.91
"46047",0.00258983489802525,2.67679921406516,1,1,0.25327813092514,44.38
"46049",0.00490677134445535,5.07153629308592,1,1,0.183705380379213,13.55
"46051",0.00796243364638628,8.22980497441926,1,1,0.239251049995169,36.88
"46053",0.00640709709216363,6.62224162390431,1,1,0.263623306409695,50.4
"46055",0,0,0,0,0.210145765625747,23.48
"46057",0,0,0,0,0.195330244070952,17.56
"46059",0,0,0,0,0.188216466546229,15.3
"46061",0,0,0,0,0.182328399600667,13.01
"46063",0,0,0,0,0.141726723020105,4.23
"46065",0.0102293350932189,10.5728269237612,1,1,0.268125453844275,53.36
"46067",0.00202839756592292,2.09650932359211,1,1,0.223287051187777,29.49
"46069",0,0,0,0,0.133332054740735,3.44
"46071",0,0,0,0,0.135634042214403,3.63
"46073",0,0,0,0,0.119996130672928,2.26
"46075",0,0,0,0,0.133095101679009,3.4
"46077",0,0,0,0,0.198297231503637,18.84
"46079",0.00330604534005038,3.4170593556595,1,1,0.249125108528045,41.81
"46081",0.001669341894061,1.72539688666476,1,1,0.338630250279602,83.39
"46083",0.00305951625007216,3.16225204157122,1,1,0.332832859386898,81.61
"46085",0,0,0,0,0.144635477446759,4.8
"46087",0,0,0,0,0.235506563367191,34.93
"46089",0.00916380297823597,9.4715152030324,1,1,0.161397684211948,7.41
"46091",0,0,0,0,0.179836676555107,11.77
"46093",0.0016849199663016,1.7414980564969,1,1,0.339788398691838,83.77
"46095",0,0,0,0,0.101908151798751,1.24
"46097",0,0,0,0,0.192055119359405,16.45
"46099",0.000923848488847829,0.954870486434787,1,0,0.351549728194372,87.46
"46101",0.00394011032308905,4.07241566797049,1,1,0.178148776295461,11.33
"46102",0,0,0,0,0.073381869551458,0.32
"46103",0.00184218180810837,1.90404060887033,1,1,0.428754619892604,98.73
"46105",0,0,0,0,0.220759811850763,28.38
"46107",0,0,0,0,0.178070648705147,11.26
"46109",0.000469373386528984,0.485134520784281,1,0,0.214203451824929,25.39
"46111",0,0,0,0,0.143047240973404,4.42
"46115",0.00390407138873397,4.03516657875983,1,1,0.178034728308713,11.2
"46117",0.00182704019488429,1.88839055395416,1,1,0.211390940399322,23.93
"46119",0,0,0,0,0.139540897522035,4.01
"46121",0,0,0,0,0.0933425944516779,0.86
"46123",0.0145067698259188,14.993894050255,1,1,0.243596989022312,39.29
"46125",0,0,0,0,0.24076316316882,38.02
"46127",0,0,0,0,0.20883579692387,22.94
"46129",0.00845751107531212,8.74150665612128,1,1,0.272187525278486,55.27
"46135",0.00150653975210573,1.55712799586935,1,1,0.301956946611716,69.42
"46137",0,0,0,0,0.0951498893384723,0.99
"47001",0.00148815508989261,1.53812599330908,1,1,0.203789475749378,21.22
"47003",0.00224171539961014,2.31699017740848,1,1,0.289600124608584,63.51
"47005",0,0,0,0,0.293625315713682,65.32
"47007",0.000887573964497041,0.917377896329211,1,0,0.259938866431013,48.43
"47009",0.000989352680674644,1.02257424984213,1,1,0.334782582401792,82.44
"47011",0.00154824671520629,1.60023544110987,1,1,0.338179725730137,83.26
"47013",0.0010929957191001,1.12969752785964,1,1,0.301584698759364,69.11
"47015",0.000626762770291445,0.647808897857042,1,0,0.30771828782067,72.03
"47017",0.00210386446683645,2.17451033485631,1,1,0.293476977815983,65.19
"47019",0.0021614837540092,2.23406442563507,1,1,0.312721396195239,74.13
"47021",0.00168378514901499,1.74032513307107,1,1,0.283603407147648,61.25
"47023",0.00402116402116402,4.15619107599731,1,1,0.243774379315658,39.36
"47025",0.000588581518540318,0.608345554167693,1,0,0.253416152626643,44.64
"47027",0.000570450656018254,0.589605873662813,1,0,0.232413733566898,33.69
"47029",0.00131273351509644,1.35681392051922,1,1,0.274110567824106,56.32
"47031",0.00230079512772796,2.37805374941979,1,1,0.274305843433994,56.44
"47033",0.000832292967124428,0.860240613009498,1,0,0.202521713271917,20.65
"47035",0.00328861964517525,3.39904852169404,1,1,0.356925646671546,88.9
"47037",0.000472124511963442,0.487978026525272,1,0,0.265793727789419,51.67
"47039",0.000953516090584029,0.985534299433527,1,0,0.263305165016383,50.3
"47041",0.00260907377880852,2.6966841190834,1,1,0.241142495264293,38.21
"47043",0.00351868142043613,3.63683556351448,1,1,0.36084031956383,89.95
"47045",0.00190456036398265,1.96851378029377,1,1,0.230821824316407,32.83
"47047",0.00316455696202532,3.27081992573073,1,1,0.3622664580687,90.17
"47049",0.00198581560283688,2.05249749665713,1,1,0.243022958429432,38.94
"47051",0.00385382974330741,3.98323786427163,1,1,0.293244825227614,65
"47053",0.00617925617925618,6.38675001898865,1,1,0.326421184909477,79.54
"47055",0.00132321806633733,1.36765053351832,1,1,0.298883529870489,68.18
"47057",0.0036697247706422,3.79295081295747,1,1,0.263798373329809,50.56
"47059",0.00211267605633803,2.18361780957235,1,1,0.310765104714703,73.37
"47061",0.00135180804325786,1.39720053603368,1,1,0.2669636050222,52.66
"47063",0.000620782726045884,0.641628049128501,1,0,0.252240516226977,43.72
"47065",0.000821632823219425,0.849222511103275,1,0,0.353321352070898,87.97
"47067",0.00484652665589661,5.00926864231459,1,1,0.222288360596736,29.11
"47069",0.00463141644152837,4.7869352212933,1,1,0.260202258231573,48.46
"47071",0.00543255432554326,5.61497459165009,1,1,0.321177457298197,77.92
"47073",0.0039313795568263,4.06339173046462,1,1,0.261355725155786,49.09
"47075",0.00191489361702128,1.97919401463366,1,1,0.188308316699408,15.37
"47077",0.00434557682359027,4.4914973672321,1,1,0.2781508065886,58.57
"47079",0.00362394591957628,3.74563474943253,1,1,0.34186945288501,84.25
"47081",0.00262123197903014,2.70925058068391,1,1,0.307256756865812,71.81
"47083",0.00148441365660564,1.5342589260726,1,1,0.256709651464886,46.29
"47085",0.00711485407289095,7.35376444460791,1,1,0.281228736565786,60.04
"47087",0.000986193293885602,1.01930877369912,1,1,0.26308396489843,50.08
"47089",0.00421765474634668,4.35927978220831,1,1,0.283130489421165,61.02
"47091",0.00137686860739575,1.42310261127387,1,1,0.247202657303254,40.73
"47093",0.000390781631224472,0.403903725341865,1,0,0.377297126129877,93.25
"47095",0.00251509054325956,2.59954501139565,1,1,0.162090364845099,7.64
"47097",0.00052369730295889,0.541282585247924,1,0,0.202591021674815,20.74
"47099",0.00209672910259994,2.16713537153532,1,1,0.333682784016968,81.99
"47101",0.00622891253568648,6.4380737910049,1,1,0.258942967604688,47.63
"47103",0.0018972201600264,1.96092709892031,1,1,0.300315846856326,68.6
"47105",0.0027120546151688,2.80312295888866,1,1,0.309918351810575,73.02
"47107",0.00202173363659338,2.08962162553634,1,1,0.307269648838086,71.84
"47109",0.00192906959489539,1.99384600903722,1,1,0.327664856391495,80.15
"47111",0.00741350906095552,7.66244799734613,1,1,0.288154915650473,62.97
"47113",0.000922234783126078,0.953202593932833,1,0,0.29220522438587,64.56
"47115",0.00199244966442953,2.05935432404439,1,1,0.282661061880762,60.77
"47117",0.00608251057827927,6.2867557881376,1,1,0.309107877589737,72.45
"47119",0.00157486841559949,1.62775107415038,1,1,0.333078043255121,81.77
"47121",0,0,0,0,0.195493402239598,17.69
"47123",0.000114652602614079,0.118502533424778,1,0,0.271346768179483,54.82
"47125",0.000595399188092016,0.615392154903384,1,0,0.345210787844855,85.4
"47127",0,0,0,0,0.115331469428043,1.94
"47129",0,0,0,0,0.209081235755869,23.07
"47131",0.00213565063701303,2.2073638559096,1,1,0.279236253017227,59.18
"47133",0.0048057119318962,4.96708339675709,1,1,0.309953062150223,73.05
"47135",0,0,0,0,0.213651282630846,25.17
"47137",0.0129589632829374,13.3941135619557,1,1,0.269633669157062,54.06
"47139",0,0,0,0,0.267045999205519,52.72
"47141",0.000737660944206009,0.762430932258585,1,0,0.316564356930011,75.88
"47143",0.00205655526992288,2.12561253785277,1,1,0.206608984905325,22.43
"47145",0.0014473131331995,1.49591260060966,1,1,0.223248073216237,29.46
"47147",0.00366097182161083,3.78390394780564,1,1,0.338628364712722,83.36
"47149",0.00086385420981007,0.892861653709917,1,0,0.32271841598336,78.46
"47151",0.00558741361564476,5.77503391680262,1,1,0.250293653318616,42.57
"47153",0.00429572688220665,4.43997350985469,1,1,0.240566018635137,37.83
"47155",0.000845108511932932,0.873486492234223,1,0,0.2394011027577,36.94
"47157",0.000742253415554048,0.767177614645336,1,0,0.291108158131222,64.21
"47159",0.00360892388451444,3.73010828800526,1,1,0.273198346108408,55.87
"47161",0.000841750841750842,0.870016074520969,1,0,0.232459544335871,33.73
"47163",0.000670959084398911,0.693489284262234,1,0,0.309412520886441,72.76
"47165",0.00138271337165166,1.42914363743294,1,1,0.407790232647388,97.23
"47167",0.0023696682464455,2.44923956523913,1,1,0.349140430913293,86.57
"47169",0,0,0,0,0.215990814492866,26.19
"47171",0.00172980453208787,1.78788980545046,1,1,0.208749826755423,22.84
"47173",0.00343824385083311,3.55369697299705,1,1,0.308475669533529,72.35
"47175",0,0,0,0,0.227772610138766,31.75
"47177",0.00459446214163195,4.74874002939343,1,1,0.301268672813975,68.98
"47179",0.0028443552097712,2.9398660879283,1,1,0.291732995642282,64.4
"47181",0.00676675829985198,6.99397993000405,1,1,0.255834976100222,45.78
"47183",0.0045611827618748,4.71434315813092,1,1,0.254437049821295,45.08
"47185",0.00198366394399067,2.05027358705082,1,1,0.297287486764305,67.29
"47187",0.00244604653340199,2.5281825660662,1,1,0.31745809019737,76.33
"47189",0.000980892746768429,1.01383023899864,1,1,0.336814854104476,82.91
"48001",0.00290470822856152,3.00224570656252,1,1,0.29311702038506,64.94
"48003",0.00326759248453729,3.37731528799924,1,1,0.193201577878462,16.83
"48005",0.00085556114745848,0.884290117817086,1,0,0.330726657801931,81.04
"48007",0.000129718510831496,0.134074341228552,1,0,0.318978146516533,77.12
"48009",0.000810044552450385,0.837245116671455,1,0,0.21832891992652,27.11
"48011",0,0,0,0,0.18114260119678,12.19
"48013",0.00549386323787259,5.67834220186474,1,1,0.298982822330067,68.22
"48015",0.00265509649009196,2.74425223143164,1,1,0.335392002684512,82.6
"48017",0.00185701021355617,1.91936693877607,1,1,0.172587400652386,10.05
"48019",0.00584567420109119,6.04196665937789,1,1,0.316777291968429,76.01
"48021",0.00354508343479195,3.66412413365896,1,1,0.40310135974091,96.91
"48023",0,0,0,0,0.191577698996039,16.19
"48025",0.00380189066995479,3.92955472376117,1,1,0.22282150063182,29.34
"48027",0.00208433721438417,2.15432737490894,1,1,0.239548084966381,37.1
"48029",0.000401209399656691,0.414681648816872,1,0,0.318662660732892,77
"48031",0.00596612779060816,6.16646497160474,1,1,0.277908218882648,58.45
"48033",0,0,0,0,0.104736428573493,1.37
"48035",0.00371383893666927,3.83854629282395,1,1,0.2524443770637,43.84
"48037",0.00182368212147868,1.88491971947751,1,1,0.359976139559559,89.72
"48039",0.001054118440748,1.08951478562489,1,1,0.381433492970478,93.99
"48041",0.00235071223072065,2.42964702363241,1,1,0.244648141760714,39.71
"48043",0.00590138968208643,6.09955301588773,1,1,0.22308177209729,29.43
"48045",0.00186567164179104,1.92831920994573,1,1,0.171570312816155,9.9
"48047",0.00712678169542386,7.36609258592922,1,1,0.173215438092873,10.12
"48049",0.00213783403656821,2.2096205720492,1,1,0.294529829445998,65.77
"48051",0.00624783061437001,6.45762712167872,1,1,0.290105248859052,63.7
"48053",0.0030386198784552,3.1406539886746,1,1,0.399237580861148,96.47
"48055",0.00327659234396228,3.38661735457263,1,1,0.307411705733901,71.87
"48057",0.00322686862034903,3.3352239532443,1,1,0.160227220455737,7.16
"48059",0.00433721875847113,4.48285864583751,1,1,0.292115179842299,64.52
"48061",0.000565841292834186,0.584841732227441,1,0,0.274897016272862,56.76
"48063",0.00287415315130363,2.97066461741588,1,1,0.235555363189822,35
"48065",0,0,0,0,0.0796356941332878,0.57
"48067",0.00133437117758256,1.37917815616267,1,1,0.27237109435211,55.39
"48069",0.00683060109289617,7.05996650635868,1,1,0.152354576415708,6.05
"48071",0.00213434278350515,2.20601208586253,1,1,0.224248958560997,30.07
"48073",0.00388586654824026,4.01635043616986,1,1,0.298447303529987,67.9
"48075",0.00252764612954186,2.61252220292173,1,1,0.201040986307297,19.95
"48077",0,0,0,0,0.226209379428731,30.89
"48079",0.00440528634361234,4.5532118789908,1,1,0.196638233748666,18.39
"48081",0.000782472613458529,0.808747336878647,1,0,0.155146258255321,6.4
"48083",0.00686237133053755,7.09280355987663,1,1,0.248222116709869,41.27
"48085",0.000714337898060735,0.738324719295405,1,0,0.2758773628289,57.52
"48087",0,0,0,0,0.196890381044218,18.52
"48089",0.00622360524561014,6.43258828692276,1,1,0.293793617131802,65.45
"48091",0.00106965403018035,1.10557204611445,1,1,0.435942452483631,99.14
"48093",0.00671591672263264,6.94143113855548,1,1,0.231879603750247,33.41
"48095",0,0,0,0,0.155553227008007,6.49
"48097",0.00249191453263348,2.57559077127156,1,1,0.309027093098523,72.41
"48099",0.00241977300224693,2.50102679347227,1,1,0.280764216557269,59.82
"48101",0,0,0,0,0.149199272552309,5.6
"48103",0.00271923861318831,2.81054818907114,1,1,0.174011022965718,10.31
"48105",0,0,0,0,0.184209616843589,13.78
"48107",0.027686222808174,28.615901156426,1,1,0.179168312569166,11.55
"48109",0,0,0,0,0.127273026536855,2.7
"48111",0.000309837335398916,0.320241393193156,1,0,0.182833516734084,13.24
"48113",0.000402323004051647,0.415832647041303,1,0,0.320384803011579,77.66
"48115",0.00878267973856209,9.07759418930335,1,1,0.21003469554992,23.42
"48117",0.00440233515168916,4.55016158870915,1,1,0.185455025765215,14.35
"48119",0,0,0,0,0.21385162804339,25.29
"48121",0.00104426987901348,1.0793355180852,1,1,0.426185848861735,98.57
"48123",0.00375422350143912,3.88028693479256,1,1,0.235432472349705,34.87
"48125",0.0134952766531714,13.9484358506196,1,1,0.196600692904855,18.33
"48127",0,0,0,0,0.181862892615167,12.66
"48129",0.000833333333333333,0.861315913775759,1,0,0.210702374033409,23.67
"48131",0.000947867298578199,0.97969582609565,1,0,0.149452968961995,5.63
"48133",0.00450581395348837,4.65711511518288,1,1,0.271565132286051,54.95
"48135",0.000884634577870526,0.914339807755422,1,0,0.316873031451716,76.07
"48137",0,0,0,0,0.199814134216006,19.54
"48139",0.00239640270335766,2.47687174106064,1,1,0.389712458940454,95.23
"48141",0.000374771662298467,0.387356156123837,1,0,0.303693924838925,70.16
"48143",0.006399278954484,6.61416096022485,1,1,0.308219790796903,72.22
"48145",0.00651955867602808,6.73847956614937,1,1,0.227387369077437,31.47
"48147",0.00660603159406415,6.82785616664747,1,1,0.309655772984397,72.83
"48149",0.00725471113863576,7.49831778426389,1,1,0.359797011061671,89.69
"48151",0,0,0,0,0.158241514464965,6.87
"48153",0.00710659898477157,7.34523215808769,1,1,0.19950384690349,19.41
"48155",0,0,0,0,0.147215274526057,5.25
"48157",0.000760514871918575,0.786052274215922,1,0,0.34534039089974,85.52
"48159",0.00161662817551963,1.67091308907999,1,1,0.19289792336006,16.7
"48161",0.00323734878173454,3.34605602898063,1,1,0.262011975866083,49.54
"48163",0.00882740447957839,9.12382074671555,1,1,0.182796448516702,13.2
"48165",0.00264337432479025,2.73213644640972,1,1,0.296660221838265,66.94
"48167",0.00089221611147125,0.922175922404778,1,0,0.323595992465084,78.68
"48169",0,0,0,0,0.171770420213562,9.93
"48171",0.00351874407903641,3.63690032613394,1,1,0.361577783093763,90.07
"48173",0.00146412884333821,1.51329296710236,1,1,0.127310244385362,2.74
"48175",0.00335946248600224,3.47227020111168,1,1,0.226449751480731,30.96
"48177",0.00566855618539513,5.85890118073541,1,1,0.214540204304229,25.52
"48179",0.00230547550432277,2.38289128883207,1,1,0.264177070177032,50.91
"48181",0.00155471060414026,1.60691638159432,1,1,0.373279888494474,92.43
"48183",0.00078862439639902,0.815105691132334,1,0,0.355457086004731,88.42
"48185",0.00317720610843497,3.28389381904871,1,1,0.300920811828802,68.85
"48187",0.00178574617403882,1.84570991719658,1,1,0.36656210812461,91.38
"48189",0.00441723496590205,4.56556172522179,1,1,0.251737060676025,43.3
"48191",0.00188857412653447,1.95199073943515,1,1,0.211121466001965,23.83
"48193",0.0101351351351351,10.4754638161917,1,1,0.248519129311002,41.46
"48195",0.00105189340813464,1.08721503842662,1,1,0.181426382355677,12.47
"48197",0,0,0,0,0.157232190417687,6.68
"48199",0.000545293436030264,0.563603896956396,1,0,0.32782132656587,80.24
"48201",0.000400930945647662,0.414393844573794,1,0,0.377960873565932,93.35
"48203",0.00133495622128863,1.37978284510782,1,1,0.342143377609252,84.51
"48205",0.00467059980334317,4.82743432499688,1,1,0.139294683245267,3.98
"48207",0.00907150480256137,9.3761177380072,1,1,0.232525838023826,33.79
"48209",0.00114853470671346,1.18710146449929,1,1,0.379439303572754,93.76
"48211",0.00477326968973747,4.93355177341724,1,1,0.187004959226759,14.86
"48213",0.00307385561186342,3.17707290617627,1,1,0.40409131248731,97.07
"48215",0.000785562012674123,0.811940475328724,1,0,0.331018469373074,81.16
"48217",0.00284090909090909,2.93630425150827,1,1,0.309786791448338,72.96
"48219",0.00187284376540168,1.93573216698741,1,1,0.215521360817828,25.87
"48221",0.00300152316100708,3.1023115969703,1,1,0.413279821898114,97.77
"48223",0.00183564828978768,1.89728770090726,1,1,0.321022198325376,77.89
"48225",0.00578368999421631,5.97790107883696,1,1,0.298080556858089,67.61
"48227",0.00297260952650577,3.07242706874501,1,1,0.301165024538697,68.95
"48229",0,0,0,0,0.11528224621992,1.91
"48231",0.00212446240737862,2.19579993563228,1,1,0.342795503848384,84.73
"48233",0.000476758045292014,0.492767149716763,1,0,0.211892177345866,24.18
"48235",0.00307692307692308,3.18024337394126,1,1,0.123844060672502,2.35
"48237",0.00647482014388489,6.69223875451669,1,1,0.231942756844836,33.44
"48239",0.00680477846665659,7.03327677965991,1,1,0.194030642397352,17.18
"48241",0.0045632333767927,4.7164626308451,1,1,0.311799711485242,73.85
"48243",0,0,0,0,0.15049203924152,5.76
"48245",0.000676393151701165,0.699105822634986,1,0,0.352879814175053,87.88
"48247",0.000527148128624143,0.544849286521303,1,0,0.160216108964366,7.13
"48249",0.00213295414148596,2.20457681449892,1,1,0.222254343153221,29.05
"48251",0.00147754137115839,1.52715587548893,1,1,0.415104780998193,97.93
"48253",0.00284679089026915,2.94238355637682,1,1,0.264532911545048,51.07
"48255",0.00204528853177502,2.11396747281706,1,1,0.192675889602152,16.64
"48257",0.00184228519334498,1.90414746568978,1,1,0.377149768580634,93.22
"48259",0.00203420790435071,2.10251476793485,1,1,0.375511682824672,92.87
"48261",0,0,0,0,0.0376874924570676,0.16
"48263",0.0018018018018018,1.86230467843407,1,1,0.167437866268743,8.85
"48265",0.00190336116278064,1.96727431099884,1,1,0.372449998488968,92.33
"48267",0.0146430750457596,15.1347762762305,1,1,0.257635757122324,46.87
"48269",0.000925069380203515,0.956132374219159,1,0,0.0914686248615208,0.8
"48271",0,0,0,0,0.114625278134685,1.85
"48273",0.00178138805757446,1.84120545911877,1,1,0.264095606625415,50.81
"48275",0.00919540229885057,9.50417560028424,1,1,0.189838621520938,15.72
"48277",0.00268117971907639,2.77121131167998,1,1,0.326715965092047,79.64
"48279",0.00266463646745337,2.75411255261377,1,1,0.194261175939453,17.28
"48281",0.00749180583736538,7.74337390876912,1,1,0.307205143531533,71.71
"48283",0,0,0,0,0.144605151680368,4.77
"48285",0.0068662455369404,7.09680785863026,1,1,0.290701768534334,64.02
"48287",0.0039657691504905,4.09893609561413,1,1,0.231624394031346,33.34
"48289",0.00459804212399881,4.75244022433376,1,1,0.219290642981112,27.52
"48291",0.00431457148460482,4.45945089697589,1,1,0.352073012046438,87.56
"48293",0.00364747634069401,3.76995530083238,1,1,0.217040703494848,26.57
"48295",0,0,0,0,0.151241376031712,5.85
"48297",0.00760894627622781,7.86444781773578,1,1,0.205656096923768,21.99
"48299",0.00361480624638519,3.7361881742731,1,1,0.301699878609008,69.2
"48301",0,0,0,0,0.0536509506576802,0.19
"48303",0.00118188928478318,1.22157605916576,1,1,0.390708013289922,95.35
"48305",0.00286944045911047,2.96579367727665,1,1,0.159807924572348,7.06
"48307",0.00717102904266762,7.41182571911733,1,1,0.243131593762299,39.04
"48309",0.00107589841176901,1.11202610839526,1,1,0.356656988098637,88.8
"48311",0,0,0,0,0.134057589128246,3.53
"48313",0.0152643335815339,15.7768961123482,1,1,0.195927380030642,17.94
"48315",0,0,0,0,0.201144078199722,19.98
"48317",0.0095103909827404,9.82974131959655,1,1,0.1756193472809,10.72
"48319",0,0,0,0,0.250112523597888,42.44
"48321",0.00208364339931537,2.15361026215698,1,1,0.280886397998715,59.88
"48323",0.0012934817757657,1.33691572517511,1,1,0.250123055123181,42.48
"48325",0.00691501226857015,7.14721213304891,1,1,0.33320480259317,81.86
"48327",0,0,0,0,0.174037607554539,10.34
"48329",0.0017766205919516,1.83627790630755,1,1,0.227095052643236,31.28
"48331",0.0051948051948052,5.36924205990084,1,1,0.2843801390105,61.76
"48333",0.00180505415162455,1.86566623922547,1,1,0.245131164621929,39.96
"48335",0,0,0,0,0.166796295304268,8.62
"48337",0.00602704023456589,6.22942280039806,1,1,0.339547834045252,83.68
"48339",0.0010071061106539,1.04092382396042,1,1,0.412137857833471,97.58
"48341",0.00295341656598201,3.05258962594711,1,1,0.16846818625751,9.1
"48343",0.00351493848857645,3.63296694738457,1,1,0.195098213012961,17.53
"48345",0.00471698113207547,4.87537309684392,1,1,0.232729233984766,33.92
"48347",0.000998502246630055,1.03203104995598,1,1,0.313280520612301,74.39
"48349",0.00152318924313252,1.57433656176251,1,1,0.347968748045793,86.22
"48351",0.00058343057176196,0.60302164325024,1,0,0.238416147998834,36.62
"48353",0.00555160142348754,5.73801918358798,1,1,0.226669160672166,31.02
"48355",0.00100229875039493,1.03595503688725,1,1,0.342961150505202,84.79
"48357",0,0,0,0,0.186925038021417,14.83
"48359",0,0,0,0,0.137911063558819,3.88
"48361",0.00162772191275411,1.68237934398795,1,1,0.316388431470115,75.79
"48363",0.00548446069469835,5.66862392978562,1,1,0.301061797870138,68.92
"48365",0.00296296296296296,3.06245658231381,1,1,0.280379101678414,59.5
"48367",0.00291516669275317,3.01305535653283,1,1,0.471361459357857,99.81
"48369",0,0,0,0,0.113130465080968,1.72
"48371",0.00731112916328188,7.55663027520569,1,1,0.261914131671898,49.48
"48373",0.00252166041639726,2.60633549493764,1,1,0.328736825641917,80.37
"48375",0.00068259385665529,0.705514741659325,1,0,0.355518123282491,88.48
"48377",0.00328347318496899,3.39372924800372,1,1,0.196267567445591,18.07
"48379",0.01082910321489,11.192734717086,1,1,0.271673767618919,55.04
"48381",0.00289874612376972,2.99608339967839,1,1,0.426495090308974,98.6
"48383",0.000496277915632754,0.512942479667946,1,0,0.147708218229068,5.31
"48385",0.000832639467110741,0.860598748152299,1,0,0.178356794055945,11.36
"48387",0.00202078521939954,2.08864136134999,1,1,0.23442695776653,34.52
"48389",0.00225546058879392,2.3311969176267,1,1,0.203782355333202,21.19
"48391",0,0,0,0,0.195346200102784,17.59
"48393",0,0,0,0,0.170390600408787,9.64
"48395",0.00241837968561064,2.49958669052215,1,1,0.214332007370586,25.42
"48397",0.000575906538596022,0.595244959848321,1,0,0.370071052371135,91.89
"48399",0.00295064377682403,3.04972372903434,1,1,0.236125641715555,35.41
"48401",0.0039321056425716,4.06414219751325,1,1,0.291047535554568,64.17
"48403",0.00242047026279391,2.50174746739847,1,1,0.256323317647636,46.07
"48405",0.00168990283058724,1.74664824086339,1,1,0.214638875510375,25.55
"48407",0.000542740841248304,0.560965588347849,1,0,0.327149222665335,79.83
"48409",0.00173821650901447,1.79658424896229,1,1,0.28543536948529,62.07
"48411",0.00758341759352882,7.83806190493613,1,1,0.232497089171117,33.76
"48413",0.0056390977443609,5.82845355186604,1,1,0.20257282675387,20.71
"48415",0.00362066564545328,3.74224432666811,1,1,0.218496801253708,27.14
"48417",0.00365408038976857,3.77678110790832,1,1,0.16781314189865,8.91
"48419",0.00259532840886404,2.68247719203471,1,1,0.268811110195851,53.64
"48421",0.000600600600600601,0.620768226144691,1,0,0.119706911541791,2.23
"48423",0.000749955543872399,0.775138373473983,1,0,0.402248215703813,96.79
"48425",0.00354924578527063,3.66842625210616,1,1,0.222658546065311,29.27
"48427",0.00237996688741722,2.45988402527017,1,1,0.278185681147248,58.64
"48429",0.00677506775067751,7.00256840468097,1,1,0.214370772660013,25.45
"48431",0,0,0,0,0.107734148230916,1.43
"48433",0.0102803738317757,10.6255794970468,1,1,0.206129524402804,22.24
"48435",0,0,0,0,0.170746661822986,9.74
"48437",0.00197472353870458,2.0410329710326,1,1,0.194893081113028,17.47
"48439",0.000665382502032867,0.687725445298608,1,0,0.395664608245596,96.15
"48441",0.00200247578824729,2.06971711604166,1,1,0.333032816682467,81.71
"48443",0,0,0,0,0.152355996134748,6.08
"48445",0.00812595226003047,8.39881439537561,1,1,0.225726602711054,30.73
"48447",0,0,0,0,0.154405585755403,6.27
"48449",0.00148777895855473,1.5377372318207,1,1,0.223558860464097,29.65
"48451",0.00146857581522646,1.51788926428891,1,1,0.366040453879499,91.19
"48453",0.000398571967841166,0.411955654423819,1,0,0.269890095204519,54.12
"48455",0.00298210735586481,3.08224382663294,1,1,0.284884623464913,61.92
"48457",0.0131228214066024,13.5634738933726,1,1,0.250967441652007,42.89
"48459",0.00340909090909091,3.52356510180992,1,1,0.305914375968313,71.21
"48461",0,0,0,0,0.0895406676310317,0.76
"48463",0.0150561415447431,15.5617131750571,1,1,0.307791839813902,72.06
"48465",0.00255270454645482,2.63842205883512,1,1,0.243656945720124,39.33
"48467",0.00515271914576608,5.32574279935843,1,1,0.385969408754064,94.56
"48469",0.00137685459940653,1.42308813290903,1,1,0.412454387505439,97.71
"48471",0.00128251504488803,1.32558074138267,1,1,0.22491439406821,30.35
"48473",0.000777327935222672,0.803429904995688,1,0,0.226928894102429,31.12
"48475",0.00200601805416249,2.07337832804596,1,1,0.191010040227242,16.13
"48477",0.00321340146446821,3.32130458243616,1,1,0.303658325984989,70.12
"48479",0.000489672001371082,0.506114744773606,1,0,0.267935129051781,53.26
"48481",0.0158891633967931,16.4227071482894,1,1,0.313463982613646,74.51
"48483",0.00344488188976378,3.56055791127775,1,1,0.209513816289059,23.19
"48485",0.00239673794627572,2.47721824113301,1,1,0.294738982240429,65.99
"48487",0.00144592249855408,1.49447526970924,1,1,0.192136585677532,16.54
"48489",0.00364473431805103,3.76712120354639,1,1,0.198530034498589,18.99
"48491",0.0012415072200458,1.28319591083154,1,1,0.370578983084207,92.01
"48493",0.00490277546950307,5.0674062402629,1,1,0.350302277655,87.05
"48495",0.00306882946076282,3.17187798146268,1,1,0.142378368566408,4.33
"48497",0.00266914239294418,2.7587697830116,1,1,0.365727705294459,91
"48499",0.00442376630310426,4.57231237882639,1,1,0.399349173101929,96.5
"48501",0.00154998708344097,1.6020342493375,1,1,0.194982828558946,17.5
"48503",0.00520317145688801,5.37788925350573,1,1,0.258721707269606,47.47
"48505",0.00391937290033595,4.05098190129696,1,1,0.220350954958712,28.13
"48507",0,0,0,0,0.179877678784349,11.84
"49001",0,0,0,0,0.207538217966164,22.65
"49003",0.00359671373944648,3.71748813729741,1,1,0.287751794477318,62.87
"49005",0.00218111897143021,2.25435897591727,1,1,0.337184218529901,83.04
"49007",0.00394540413734272,4.077887243724,1,1,0.262148512095274,49.73
"49009",0,0,0,0,0.129545976130119,2.96
"49011",0.000459674305432125,0.475109753307009,1,0,0.368872929261764,91.63
"49013",0.00632911392405063,6.54163985146146,1,1,0.267504710005028,52.94
"49015",0.00170981924767953,1.76723343324777,1,1,0.198150901468706,18.77
"49017",0,0,0,0,0.163703073856591,7.92
"49019",0.000133850890108419,0.138345482068118,1,0,0.205194833357199,21.83
"49021",0.00187874846448443,1.94183514053065,1,1,0.360345187604582,89.79
"49023",0.000385356454720617,0.39829637631249,1,0,0.222321748167283,29.18
"49025",0.00156810035842294,1.62075575172858,1,1,0.217884439827063,26.82
"49027",0.0051621229230521,5.3354623469897,1,1,0.235957094402377,35.25
"49029",0.00418410041841004,4.32459873025486,1,1,0.260466926080048,48.68
"49031",0,0,0,0,0.116976144104794,2
"49033",0,0,0,0,0.172458385911236,9.99
"49035",0.000685062452204945,0.708066230417238,1,0,0.389886434251977,95.26
"49037",0,0,0,0,0.192667575440825,16.61
"49039",0.00356138706654171,3.68097522663305,1,1,0.29678340865449,67.01
"49041",0.00585490805964688,6.05151058256137,1,1,0.324695078116551,78.94
"49043",0.00124631769771131,1.28816791999094,1,1,0.259515749904456,48.08
"49045",0.00270117196009236,2.79187487408689,1,1,0.30721399175721,71.75
"49047",0.00410790925812385,4.24584913964261,1,1,0.30430776401162,70.35
"49049",0.00118736985991932,1.22724066706344,1,1,0.365251100464877,90.9
"49051",0.0017242618004167,1.78216095385745,1,1,0.355094435497708,88.32
"49053",0.00190877515045946,1.97287009549254,1,1,0.39820719652559,96.37
"49055",0,0,0,0,0.194387336058347,17.37
"49057",0.0011792901434169,1.21888964098065,1,1,0.35317722150806,87.94
"50001",0.00434645999162128,4.49241019124768,1,1,0.327151386761377,79.86
"50003",0.000983284169124877,1.01630196315724,1,1,0.335153158752151,82.53
"50005",0.0024175309989862,2.49870950576762,1,1,0.362994362673683,90.49
"50007",0.00228060884568734,2.35718963026593,1,1,0.322992730036977,78.59
"50009",0,0,0,0,0.205588410799846,21.92
"50011",0.00325668607519984,3.36604265128985,1,1,0.317088491754291,76.17
"50013",0,0,0,0,0.263851490009742,50.62
"50015",0.00185720181593066,1.91956497498518,1,1,0.296081462642007,66.56
"50017",0.00331816458096322,3.42958554973283,1,1,0.290181801451928,63.76
"50019",0.00451748578549731,4.66917887676555,1,1,0.342843545559812,84.76
"50021",0.00197190894623954,2.03812386709548,1,1,0.397406780406317,96.31
"50023",0.00173539162867799,1.79366451169631,1,1,0.283403541807832,61.12
"50025",0.00111972794758014,1.1573274004203,1,1,0.323153557952381,78.65
"50027",0.000874125874125874,0.903478231233314,1,0,0.352427025388127,87.66
"51001",0.000192826841496336,0.199301792620692,1,0,0.223410081232007,29.56
"51003",0.000937395379979913,0.968872269931889,1,0,0.201378764127143,20.08
"51005",0.00516262261228704,5.33597881533769,1,1,0.251023932877565,42.92
"51007",0.000311526479750779,0.321987257486265,1,0,0.298414058402665,67.87
"51009",0.00161117078410311,1.6652724433903,1,1,0.269659013177294,54.09
"51011",0.00861092227509631,8.90006926539194,1,1,0.267016260767411,52.69
"51013",1.48748283196898e-05,0.0153743116157174,1,0,0.100272797735817,1.18
"51015",0.00152992350382481,1.58129695284465,1,1,0.288556446770178,63.03
"51017",0,0,0,0,0.16704356697409,8.69
"51019",0.00361876328764645,3.74027808940484,1,1,0.400838121781863,96.69
"51021",0,0,0,0,0.144354070744736,4.71
"51023",0.0021978021978022,2.27160240995805,1,1,0.272912622878407,55.71
"51025",0,0,0,0,0.203924611452383,21.35
"51027",0.0019996923550223,2.06684021764372,1,1,0.19376117125652,17.05
"51029",0.00289169295478444,2.9887933916509,1,1,0.239509281441935,37.03
"51031",0.0028705387044302,2.96692880068198,1,1,0.330629633808417,81.01
"51033",0.00139931306449561,1.44630073296527,1,1,0.262482404391235,49.92
"51035",0.0060436320754717,6.24657178033127,1,1,0.288751391398334,63.12
"51036",0,0,0,0,0.197104475292172,18.61
"51037",0,0,0,0,0.205693948201871,22.11
"51041",0.00139347041958258,1.44026189731471,1,1,0.361611048491281,90.1
"51043",0.000207770621234157,0.214747370980867,1,0,0.260674606503113,48.74
"51045",0.000967117988394584,0.999592936683666,1,0,0.204232176010138,21.48
"51047",0.00641603478445305,6.63147943582588,1,1,0.342735012725735,84.7
"51049",0,0,0,0,0.228301748522718,32.04
"51051",0.00215866162978953,2.23114753703381,1,1,0.176920239764966,11.1
"51053",0.0015840887089677,1.63728097663966,1,1,0.179847338230814,11.8
"51057",0.00738916256157635,7.63728396451412,1,1,0.302005999591345,69.46
"51059",0.000997366178635061,1.03085683382411,1,1,0.169735588735738,9.48
"51061",0.00437925018691922,4.52630145167879,1,1,0.392990690177292,95.8
"51063",0.00238715277777778,2.46731121133681,1,1,0.285064004328408,61.98
"51065",0.00347682119205298,3.59356970648164,1,1,0.256434937381309,46.1
"51067",0.00241771525908017,2.49889995314908,1,1,0.35879599218127,89.41
"51069",0.00359869893192461,3.7195399907454,1,1,0.287496500606992,62.74
"51071",0.00513938638841302,5.31196234005919,1,1,0.217911909115663,26.92
"51073",0.00293229840448469,3.03076233566632,1,1,0.371504428477292,92.2
"51075",0.00227643885782155,2.35287961797505,1,1,0.154864113974049,6.36
"51077",0.000733496332518337,0.75812647667304,1,0,0.194017423885232,17.15
"51079",0.00627784528149048,6.48864965420378,1,1,0.267622315528913,53.01
"51081",0,0,0,0,0.129899045210157,3.02
"51083",0.00330231161813269,3.41320025873312,1,1,0.2942468115768,65.67
"51085",0.00236094928558288,2.44022782954805,1,1,0.364160934356222,90.65
"51087",0.000434350356649904,0.448935449204087,1,0,0.306247609546738,71.49
"51089",0.00140087414546677,1.44791423362506,1,1,0.254856892832585,45.18
"51091",0,0,0,0,0.180166285354236,11.93
"51093",0.0026516123513814,2.740651098491,1,1,0.314198331606932,74.93
"51095",0.00115214359347523,1.190831534418,1,1,0.263973419334576,50.72
"51097",0,0,0,0,0.237899033453213,36.46
"51099",0.00186375321336761,1.92633636242908,1,1,0.125821857228786,2.55
"51101",0,0,0,0,0.276790490950162,58.03
"51103",0.00220102714600147,2.27493564900421,1,1,0.280582401186506,59.62
"51105",0.00145863721608668,1.50761693596924,1,1,0.22547160978661,30.51
"51107",0.000834534211342369,0.862557116183382,1,0,0.269017723036234,53.74
"51109",0.00315511213439072,3.26105794931728,1,1,0.27580680461777,57.4
"51111",0.000707714083510262,0.731478483036738,1,0,0.229743230127508,32.52
"51113",0.0103092783505155,10.6554546034115,1,1,0.261320170035208,49.03
"51115",0.00640394088669951,6.61897943591224,1,1,0.213929418538304,25.33
"51117",0.002861562258314,2.95765093361514,1,1,0.307067165757451,71.62
"51119",0.00440985732814527,4.5579363530546,1,1,0.264062566471488,50.75
"51121",0.000675399099467867,0.698078391025789,1,0,0.202491019407588,20.59
"51125",0.00433794670522619,4.48361103638693,1,1,0.249154710582649,41.84
"51127",0.00207067918277195,2.1402107189348,1,1,0.270777574476316,54.53
"51131",0,0,0,0,0.184053605755666,13.65
"51133",0.000996346728661574,1.02980315164156,1,1,0.255328721294853,45.47
"51135",0.00132516150405831,1.36965923012213,1,1,0.20127629671613,20.01
"51137",0.00353692201518288,3.65568866095302,1,1,0.30825968111019,72.29
"51139",0.00790820282214297,8.17375312809373,1,1,0.281942401529909,60.45
"51141",0.00232558139534884,2.40367231751375,1,1,0.259649411377604,48.17
"51143",0.00390625,4.03741834582387,1,1,0.301870337756712,69.33
"51145",0.00250365115793866,2.58772150185081,1,1,0.315563252514412,75.44
"51147",0.00454780361757106,4.7005147542491,1,1,0.241319201553363,38.31
"51149",0.00134888173353059,1.3941759634696,1,1,0.128114730585354,2.83
"51153",0.00113675248374618,1.17492360512965,1,1,0.366284040371826,91.31
"51155",0.0014217716511096,1.46951345862712,1,1,0.198491376899364,18.93
"51157",0.00843672456575682,8.72002215435508,1,1,0.215467193189252,25.8
"51159",0.00818124606670862,8.45596491812577,1,1,0.266328363984913,51.99
"51161",0.000557278542353169,0.575991452321452,1,0,0.294571007876895,65.86
"51163",0.00328712305273689,3.39750167503372,1,1,0.288598985346394,63.06
"51165",0.000509671007364746,0.526785299320054,1,0,0.300365807045981,68.63
"51167",0,0,0,0,0.231964812921323,33.47
"51169",0.0012713403559753,1.31403081651224,1,1,0.169032906541908,9.26
"51171",0.00215067778936392,2.22289560645986,1,1,0.314228527250041,74.96
"51173",0.00142959256611866,1.47759699289623,1,1,0.171520379644425,9.86
"51175",0,0,0,0,0.222392786421765,29.21
"51177",0.00147353394884074,1.52301388755044,1,1,0.426832039945078,98.63
"51179",0.00131594003890605,1.36012811650137,1,1,0.307641817154543,71.97
"51181",0.00157915515199368,1.63218175527976,1,1,0.146463892532829,5.12
"51183",0,0,0,0,0.204254559141211,21.51
"51185",0.00191913175832175,1.98357446888998,1,1,0.26072838386559,48.78
"51187",0.00233504570018013,2.41345442515057,1,1,0.311371508991003,73.59
"51191",0.00173107716276453,1.78920516991546,1,1,0.31211224060085,73.94
"51193",0.000241954996370675,0.250079626549942,1,0,0.237112331348741,35.86
"51195",0.00234761465582292,2.42644543496818,1,1,0.219907773115663,27.87
"51197",0.00157878118092832,1.6317952266039,1,1,0.274040625688744,56.25
"51199",0.0023440988242298,2.4228115449266,1,1,0.295257020775166,66.27
"51510",0.00045002524531864,0.465136686472541,1,0,0.196736783595358,18.45
"51520",0.00530098831985624,5.47899071835793,1,1,0.196831378674384,18.49
"51530",0,0,0,0,0.131347136836423,3.28
"51540",0.00131230283911672,1.35636878282921,1,1,0.225894373632475,30.8
"51550",0.00112544368452948,1.1632350666524,1,1,0.372471154063381,92.36
"51570",0,0,0,0,0.23265763819004,33.85
"51580",0,0,0,0,0.183374282233145,13.36
"51590",0.00163605265114896,1.69098982105154,1,1,0.275278640965637,56.98
"51595",0,0,0,0,0.184834295668554,13.97
"51600",0,0,0,0,0.217901903645205,26.89
"51610",0,0,0,0,0.181819085110177,12.63
"51620",0.00571037003197807,5.90211909850909,1,1,0.202051935138149,20.39
"51630",7.39562918315276e-05,0.0764396772940067,1,0,0.239762635008273,37.19
"51640",0.00239043824701195,2.47070700365955,1,1,0.220304798763968,28.09
"51650",0.00100489687843938,1.03864040772411,1,1,0.244227073248022,39.55
"51660",0.00104236036714248,1.07736188653076,1,1,0.263127682491314,50.17
"51670",0,0,0,0,0.211562942957011,24.02
"51678",0,0,0,0,0.110094301425095,1.65
"51680",0.000176397953783736,0.182321237701695,1,0,0.209269121302461,23.13
"51683",0.000539665407447383,0.557786884258452,1,0,0.241813963273169,38.59
"51685",0,0,0,0,0.196276665994869,18.1
"51690",0.000401646751681896,0.415133686727949,1,0,0.182540019305928,13.14
"51700",0.000574205325540139,0.593486621595014,1,0,0.138687136897663,3.95
"51710",0.000177680908778621,0.183647273166199,1,0,0.178796494410004,11.45
"51720",0,0,0,0,0.175300143341988,10.63
"51730",0.00274369331605823,2.83582405876936,1,1,0.254457882306535,45.12
"51735",0,0,0,0,0.186557654256356,14.7
"51740",0.000415462768870508,0.42941363329141,1,0,0.142808296018898,4.39
"51750",0,0,0,0,0.136755305290391,3.69
"51760",0.000163876218829378,0.16937903420057,1,0,0.182353906691941,13.04
"51770",0.000212464589235127,0.219598958186454,1,0,0.257181961777382,46.64
"51775",0.00134977053900837,1.39509461423231,1,1,0.231558248322795,33.28
"51790",0,0,0,0,0.271855665186828,55.14
"51800",0.00159564021995287,1.64922037692727,1,1,0.245476498200332,40.03
"51810",0.00121290382087763,1.25363203536159,1,1,0.303040527626261,69.84
"51820",0.00319241559446648,3.29961402587986,1,1,0.251742768770428,43.33
"51830",0.00220701831825204,2.28112799940612,1,1,0.137375132876576,3.79
"51840",0.000514497813384293,0.531774185124867,1,0,0.209859900133418,23.32
"53001",9.67305088024763e-05,0.0999786318950388,1,0,0.176691010473234,10.98
"53003",0.000518537723619393,0.535949751895728,1,0,0.268734298756045,53.61
"53005",0.000826803119803772,0.854566421575721,1,0,0.294275310780955,65.7
"53007",0.000784487267168202,0.810829640839714,1,0,0.28919681728853,63.22
"53009",0.00194762285674538,2.01302227265785,1,1,0.365339881828397,90.93
"53011",0.00112442343394132,1.16218055697125,1,1,0.41421599904615,97.84
"53013",0,0,0,0,0.167225423091213,8.75
"53015",0.00281542591501342,2.90996537358929,1,1,0.352993183962499,87.91
"53017",0,0,0,0,0.26644920609047,52.15
"53019",0,0,0,0,0.206120143505583,22.21
"53021",0.00189675870348139,1.96045014708144,1,1,0.338008492249528,83.17
"53023",0,0,0,0,0.130408201633867,3.09
"53025",0.00121766879408801,1.25855701206737,1,1,0.252775009030395,44.1
"53027",0.00130890052356021,1.3528522205902,1,1,0.304439575051741,70.51
"53029",0.00336911643270025,3.48224831861777,1,1,0.318155589782399,76.68
"53031",0.00355208240831187,3.67135812638633,1,1,0.336391750787235,82.76
"53033",0.000477511937798445,0.493546357252441,1,0,0.247315216841918,40.79
"53035",0.00205210158810871,2.12100930542705,1,1,0.325471428495149,79.22
"53037",0.00551802382548605,5.70331408018191,1,1,0.356617513938943,88.77
"53039",0.000117799505242078,0.121755106199895,1,0,0.263967431462806,50.68
"53041",0.00308021529083717,3.18364613742418,1,1,0.387925409291171,94.94
"53043",0.00250469630557295,2.5888017445984,1,1,0.227903080170105,31.82
"53045",0.00215216379711494,2.22443151300859,1,1,0.30357344891762,70.06
"53047",0.000631745196104238,0.652958629027162,1,0,0.274885678688077,56.73
"53049",0.00170402411849522,1.76124370886117,1,1,0.288331130036849,63
"53051",0.000260145681581686,0.268881138535617,1,0,0.231651699904606,33.38
"53053",0.00118172780788273,1.22140916001689,1,1,0.373294565475392,92.46
"53055",0.000505433409148345,0.522405406384084,1,0,0.348530445619096,86.35
"53057",0.00286167995500711,2.95777258245687,1,1,0.412147151282365,97.61
"53059",0.000728332119446468,0.752788853991924,1,0,0.221754398689282,28.76
"53061",0.00150804090968346,1.55867956096228,1,1,0.411555645539518,97.55
"53063",0.00085243553008596,0.881059545037095,1,0,0.429507515184317,98.79
"53065",0.000443033301336484,0.45790995932847,1,0,0.345902558077448,85.65
"53067",0.00143045386962435,1.47848721819548,1,1,0.309159450266423,72.48
"53069",0.00512295081967213,5.29497487976901,1,1,0.219383655952268,27.59
"53071",0.00136693212884821,1.41283247475401,1,1,0.25422517854362,45.05
"53073",0.00152614926484273,1.57739597832747,1,1,0.449227532791331,99.52
"53075",0.000905141202027516,0.935535025824503,1,0,0.187633502324574,15.11
"53077",0.0018038278632839,1.86439877323026,1,1,0.276625949705948,58
"54001",0.00787933363349842,8.14391453817692,1,1,0.172568661236086,10.02
"54003",0.00108752293993701,1.12404097771674,1,1,0.290952750531397,64.11
"54005",0,0,0,0,0.21244883681478,24.5
"54007",0,0,0,0,0.236551941494488,35.6
"54009",0.00168459245820915,1.7411595509786,1,1,0.200838324523105,19.82
"54011",3.56023924807747e-05,0.036797888654618,1,0,0.266774171120441,52.43
"54013",0.00296296296296296,3.06245658231381,1,1,0.15428547584768,6.24
"54015",0.00267665952890792,2.7665393376095,1,1,0.150171725329155,5.7
"54017",0,0,0,0,0.143381451020652,4.58
"54019",0.0018112816974297,1.87210290039237,1,1,0.305292065112635,71.01
"54021",0.00144927536231884,1.49794071961002,1,1,0.150657712215682,5.79
"54023",0.00518902891030393,5.36327181298471,1,1,0.290146625522841,63.73
"54025",0.00209714517656609,2.16756541688934,1,1,0.324928453165147,79
"54027",0.00488997555012225,5.0541765111536,1,1,0.307074168995014,71.65
"54029",0.000298240381747689,0.30825502431581,1,0,0.217988261521998,26.95
"54031",0.00455905399629577,4.71214291052702,1,1,0.216418820856073,26.38
"54033",0.00164449095529975,1.69971147583197,1,1,0.258614576688704,47.44
"54035",0.0037792029317453,3.90610515180028,1,1,0.25502504377768,45.28
"54037",0.00208256201406886,2.15249256497089,1,1,0.282371470893069,60.61
"54039",0.000560463569867959,0.579283430182614,1,0,0.292104627398603,64.49
"54041",0.00641333974667308,6.62869390111214,1,1,0.264092172309555,50.78
"54043",0,0,0,0,0.209170633176751,23.1
"54045",0.0011469913534498,1.18550628682741,1,1,0.235771436306457,35.13
"54047",0,0,0,0,0.161996045645195,7.57
"54049",0.00285466687057144,2.95052400498196,1,1,0.318191824422947,76.71
"54051",0.00272049144361562,2.81184308841231,1,1,0.218191358553173,27.01
"54053",0.00140864910550782,1.45595026979985,1,1,0.21598269679213,26.15
"54055",0.00250797993616051,2.59219563653443,1,1,0.327744846727086,80.21
"54057",0.00415484394000811,4.29435984574051,1,1,0.241526526441532,38.4
"54059",0,0,0,0,0.20559465102392,21.95
"54061",0.00150029551275251,1.55067408060012,1,1,0.208590344024389,22.81
"54063",0.000382116927779901,0.394948068983917,1,0,0.249245569276759,41.93
"54065",0.004739336492891,4.89847913047825,1,1,0.282443635049598,60.67
"54067",0.00263984915147706,2.72849290096155,1,1,0.25344234984877,44.67
"54069",0.000684275352401806,0.70725270051383,1,0,0.251028284882698,42.95
"54071",0,0,0,0,0.273333334828832,55.9
"54073",0,0,0,0,0.174999305526398,10.53
"54075",0,0,0,0,0.193152086675485,16.77
"54077",0.00497807277468294,5.14523196092192,1,1,0.296632394444602,66.91
"54079",0.00130367130661508,1.34744741126449,1,1,0.330456843303582,80.91
"54081",0.0019010327999092,1.96486776380578,1,1,0.281137338053747,59.91
"54083",0.00233604429832151,2.41448655531533,1,1,0.290927952305921,64.08
"54085",0.00150738619234248,1.55800285880451,1,1,0.201368331701307,20.04
"54087",0.0100243013365735,10.3609083188093,1,1,0.246265720700677,40.25
"54089",0.00192529842125529,1.98994820279344,1,1,0.221154785720813,28.6
"54091",0.00148551621688537,1.5353985093304,1,1,0.221892316151256,28.89
"54093",0,0,0,0,0.174835135789608,10.47
"54095",0,0,0,0,0.164530590866714,8.24
"54097",0.00259219983504183,2.67924356353011,1,1,0.270174605241582,54.34
"54099",0.000915750915750916,0.946501004149186,1,0,0.221827895537999,28.83
"54101",0,0,0,0,0.158141249029023,6.84
"54103",0.00321361058601134,3.32152072609178,1,1,0.215565165725106,25.9
"54105",0,0,0,0,0.171194410594655,9.83
"54107",0.0032183316168898,3.32640028492183,1,1,0.328721219240122,80.31
"54109",0,0,0,0,0.195819641827091,17.88
"55001",0.00274113414425218,2.8331789522862,1,1,0.249885147587123,42.28
"55003",0.000552547242789258,0.571101279992768,1,0,0.2590936193974,47.82
"55005",0.000570125427594071,0.589269724361979,1,0,0.316114805659778,75.69
"55007",0,0,0,0,0.259462133928564,48.04
"55009",0.00103258776996045,1.06726113436459,1,1,0.339812418054801,83.81
"55011",0,0,0,0,0.26529633503489,51.32
"55013",0.000678886625933469,0.701683025479234,1,0,0.275294641531457,57.02
"55015",0.00155321086176423,1.60536627922427,1,1,0.276097871245396,57.62
"55017",0.000265621887243509,0.274541230235981,1,0,0.388619266900301,95.07
"55019",0.00072976720426184,0.754272127658842,1,0,0.305379806752156,71.08
"55021",0.00681679853925746,7.04570047543896,1,1,0.346680765357145,85.81
"55023",0.00223831468071099,2.31347526544114,1,1,0.239860933744343,37.29
"55025",0.000681032857950619,0.703901326028465,1,0,0.253121543897811,44.29
"55027",0.000100047522573222,0.103407027991387,1,0,0.24355296755448,39.23
"55029",0.00239190432382705,2.47222231000954,1,1,0.32130098780132,77.98
"55031",0.00010989010989011,0.113580120497902,1,0,0.317879002347794,76.58
"55033",0.000293513354857646,0.303369268133522,1,0,0.249289391214457,42
"55035",0.000278521361041051,0.287873856709369,1,0,0.316245095679145,75.76
"55037",0.00159744408945687,1.65108481873947,1,1,0.18615952621765,14.57
"55039",0.000693192846249827,0.716469635748587,1,0,0.359986409700878,89.76
"55041",0,0,0,0,0.212779849818331,24.91
"55043",4.8780487804878e-05,0.050418492513703,1,0,0.356981230262309,88.93
"55045",0.000745754933455714,0.770796710354626,1,0,0.282426097426504,60.64
"55047",0.00826562062202298,8.54317269477778,1,1,0.301298383087585,69.01
"55049",0.000905573392607228,0.935981728973411,1,0,0.249555358147686,42.09
"55051",0.00755667506297229,7.81042138436457,1,1,0.227267561843111,31.4
"55053",0.0011810178226326,1.2206753341035,1,1,0.212575209008112,24.63
"55055",0.000823405295525307,0.851054501427815,1,0,0.317208064600441,76.23
"55057",0.00114372855508959,1.1821339266461,1,1,0.260666058918331,48.71
"55059",0.000735357199759783,0.760049830155218,1,0,0.272672686786679,55.55
"55061",0.000675827889164226,0.698521579092754,1,0,0.253502096634774,44.73
"55063",0.000471679572343854,0.487518146235248,1,0,0.316131368997338,75.72
"55065",0.00379386658235852,3.92126119455293,1,1,0.266945473810601,52.62
"55067",0.000914181236430122,0.944878616414957,1,0,0.283682812277309,61.31
"55069",0.000616631430584919,0.637337356916524,1,0,0.285415694259625,62.04
"55071",0.000372083134003083,0.384577349477296,1,0,0.314877245465533,75.12
"55073",0.000437580437580438,0.452273993333989,1,0,0.350630898735812,87.21
"55075",0.00183842304156879,1.90015562634628,1,1,0.278646151373578,58.92
"55077",0,0,0,0,0.240588471883566,37.86
"55078",0,0,0,0,0.0885918074233654,0.7
"55079",0.000781703882848645,0.807952792989407,1,0,0.266379078990098,52.12
"55081",0.00119135650316326,1.2313611781857,1,1,0.256945746238353,46.48
"55083",0.000457582135993411,0.472947330708754,1,0,0.309241929034757,72.64
"55085",0.00299369186357318,3.09421733164391,1,1,0.358637643643196,89.31
"55087",0.000843604214646656,0.87193168200416,1,0,0.356738590098776,88.86
"55089",0.00149429641789788,1.54447354156027,1,1,0.317777712527539,76.52
"55091",0.00103376981392143,1.06848287029384,1,1,0.24853716461398,41.49
"55093",0.00171406310868718,1.77161979927386,1,1,0.318736968499518,77.06
"55095",0.00253369272237197,2.61877183487616,1,1,0.339734436099956,83.74
"55097",0.000342438690303717,0.353937472141344,1,0,0.303437150763629,70
"55099",0.000177399325882562,0.183356234970891,1,0,0.236527266753695,35.57
"55101",0.00320474777448071,3.31236030935722,1,1,0.371209727820425,92.11
"55103",0.0015647226173542,1.61726458916643,1,1,0.240353242411175,37.58
"55105",0.00106011229337626,1.09570990640915,1,1,0.372440155260696,92.3
"55107",0.000727272727272727,0.751693888386117,1,0,0.254036449913402,44.99
"55109",0.000840356311075896,0.868574716765874,1,0,0.396919670396807,96.21
"55111",0.000548109023867657,0.566514029689572,1,0,0.294111925893726,65.54
"55113",0.00198760668771191,2.05434872454408,1,1,0.298636061058277,68.02
"55115",0.00324944690265487,3.35856039387119,1,1,0.344883858758467,85.27
"55117",0.00121353768708706,1.25428718622566,1,1,0.280641938574706,59.72
"55119",0.000996898537882144,1.03037349011721,1,1,0.28578158495889,62.23
"55121",0.00166239523446699,1.71821696451769,1,1,0.279307414090982,59.24
"55123",0.0044689550251973,4.6190184973807,1,1,0.345312646458636,85.46
"55125",0.00225710475017954,2.3328962884662,1,1,0.32947105632167,80.59
"55127",0.00145383104125737,1.50264937413138,1,1,0.349430994944323,86.7
"55129",0.00423792946874527,4.38023531146746,1,1,0.311613609047174,73.72
"55131",0.00119756801572192,1.23778126772418,1,1,0.356418350915826,88.67
"55133",0.000843991671624033,0.872332149436782,1,0,0.400062614047707,96.53
"55135",0.0023697805583203,2.44935564844521,1,1,0.310179450843264,73.18
"55137",0,0,0,0,0.270994853760318,54.63
"55139",0.000492892490290018,0.509443374800828,1,0,0.230364575540309,32.77
"55141",0.00142063155795928,1.46833508217885,1,1,0.311736187381513,73.81
"56001",0.00278859560555796,2.88223412658267,1,1,0.265439372577161,51.38
"56003",0.000997605746209098,1.03110444586085,1,1,0.264386428494301,50.97
"56005",0.00394353738989422,4.07595781258274,1,1,0.304100591352744,70.28
"56007",0.00374933047670059,3.875229606704,1,1,0.257904307914897,47.03
"56009",0.0059483574422063,6.14809791095851,1,1,0.234623088224074,34.65
"56011",0.000933125972006221,0.964459499095718,1,0,0.24873139444018,41.58
"56013",0.00467050179415618,4.82733302474994,1,1,0.340317270991092,83.9
"56015",0.0066045066045066,6.82627996931837,1,1,0.290474482711975,63.92
"56017",0,0,0,0,0.227449778717992,31.53
"56019",0.00704225352112676,7.27872603190783,1,1,0.349268460323575,86.67
"56021",0.00165358305338462,1.7091088783561,1,1,0.327359113730952,80.02
"56023",0.00778852962001416,8.05006140795848,1,1,0.319814866512641,77.41
"56025",0.00186953779619786,1.93231518632457,1,1,0.440358663531682,99.33
"56027",0,0,0,0,0.175013288436136,10.59
"56029",0.00592956396741735,6.12867336826547,1,1,0.393010406168832,95.83
"56031",0.00677801984991528,7.00561963274401,1,1,0.266078019637145,51.77
"56033",0.00353669319186561,3.65545215395548,1,1,0.391847846707516,95.67
"56035",0.0049601035152038,5.12665930994414,1,1,0.270101519626007,54.22
"56037",0.00246129061129509,2.54393852632239,1,1,0.290384396954443,63.86
"56039",0.00100330719780016,1.03699734704525,1,1,0.260466490677277,48.65
"56041",0.00548666739822232,5.67090473242023,1,1,0.310519449945176,73.27
"56043",0.00661157024793388,6.83358080351016,1,1,0.303008626356374,69.81
"56045",0.00551343900758098,5.69857530823383,1,1,0.24001450476434,37.35
