"county_geoid","industry_employment_share","location_quotient","industry_present","industry_comparative_advantage","industry_feasibility","industry_feasibility_percentile_score"
"01001",0.0084348641049672,1.62951215893086,1,1,0.337175072375438,79.38
"01003",0.0128966366612931,2.4914718230629,1,1,0.466704251104678,99.75
"01005",0.00945545682387788,1.8266781386177,1,1,0.251052872162121,34.84
"01007",0.0149173256649892,2.88184412307444,1,1,0.246664635075423,32.93
"01009",0.0156155114079986,3.01672503440483,1,1,0.386497028797806,93.57
"01011",0.00705019740552735,1.362011557294,1,1,0.221852811214384,21.6
"01013",0.0102618076568873,1.98245521699161,1,1,0.270135608715526,45.34
"01015",0.00998124735345714,1.9282544118496,1,1,0.294523845802225,59.37
"01017",0.0144693003331747,2.79529113103857,1,1,0.288703336888618,56.32
"01019",0.0211608222490931,4.08801098853102,1,1,0.294133780283407,59.08
"01021",0.0224447822587857,4.3360562944587,1,1,0.358134999238153,86.1
"01023",0.0195058517555267,3.76829101339233,1,1,0.207795215602621,16.32
"01025",0.00994919559695174,1.92206240611119,1,1,0.276248666768246,49.09
"01027",0.00988467874794069,1.90959854319519,1,1,0.188660673472497,10.15
"01029",0.0425783560023655,8.22561548706906,1,1,0.240432728934938,29.81
"01031",0.00872432158255136,1.68543178885579,1,1,0.339390522626847,80.37
"01033",0.011183970856102,2.16060582225793,1,1,0.328294987048606,75.53
"01035",0.0437956204379562,8.4607760271495,1,1,0.219765351211336,20.68
"01037",0.0248554913294798,4.80177568168957,1,1,0.210903550205699,17.75
"01039",0.0200884763217057,3.8808469245328,1,1,0.342706079536797,81.64
"01041",0.0106460198403097,2.05668029242911,1,1,0.239875057138504,29.53
"01043",0.00966129927817879,1.86644437289644,1,1,0.383528873990553,93.1
"01045",0.0113747710135049,2.19746606950611,1,1,0.174700594240439,7.1
"01047",0.0114431980727245,2.21068533701424,1,1,0.308005485296358,65.73
"01049",0.0110861478398586,2.14170761685613,1,1,0.344406521407893,82.31
"01051",0.00896718644605801,1.73235029793148,1,1,0.340390065518818,80.78
"01053",0.0126469173139047,2.44322911187922,1,1,0.294740210269694,59.43
"01055",0.00723877465379773,1.39844236579669,1,1,0.357376199908578,85.75
"01057",0.011265164644714,2.17629146510012,1,1,0.238948651531312,29.11
"01059",0.00868069773155352,1.67700419657501,1,1,0.259503275940881,39.23
"01061",0.0206017489254483,3.98000488822212,1,1,0.308535730611001,66.05
"01063",0.0570469798657718,11.0207759324559,1,1,0.182763979887247,8.85
"01065",0.0100303951367781,1.93774916001737,1,1,0.293301843669054,58.73
"01067",0.0138133110087903,2.66856204958441,1,1,0.295739753161664,59.88
"01069",0.00654933182692817,1.26525047849526,1,1,0.361356087155264,87.27
"01071",0.0115940373522189,2.23982563339858,1,1,0.320838031388085,72.29
"01073",0.0047499011943435,0.917622578571824,1,0,0.339533749809539,80.46
"01075",0.0267652306907979,5.17071387333442,1,1,0.260655188176139,39.96
"01077",0.00856697819314642,1.65503497831182,1,1,0.374840774036264,90.93
"01079",0.0185409109230149,3.58187629471289,1,1,0.296428462593326,60.32
"01081",0.00964263274648339,1.86283822821122,1,1,0.303309462136218,63.76
"01083",0.014038277028733,2.71202272189412,1,1,0.26659454517751,43.08
"01085",0.00905966885348329,1.7502167632961,1,1,0.203166234953527,14.73
"01087",0.0138987377676925,2.68506545030277,1,1,0.139363096145056,2.86
"01089",0.00345074858661934,0.66664224928038,1,0,0.201484077403626,13.9
"01091",0.00960709446976229,1.85597266958409,1,1,0.290711564833156,57.52
"01093",0.016101108033241,3.11053633892866,1,1,0.254697546853573,36.68
"01095",0.00667841371358959,1.29018751378059,1,1,0.339552034130733,80.5
"01097",0.00744023114118475,1.43736128513047,1,1,0.415188176138961,97.2
"01099",0.0127906976744186,2.4710057118051,1,1,0.269401188480878,44.86
"01101",0.00520337713348586,1.00522856100608,1,1,0.255782416577785,37.38
"01103",0.00662376987130961,1.27963099451747,1,1,0.331275331403322,76.9
"01105",0.0125448028673835,2.42350185484957,1,1,0.186015541673016,9.39
"01107",0.011348756001746,2.19244028871719,1,1,0.266826146579308,43.37
"01109",0.00703346568349404,1.35877919407464,1,1,0.227840926405607,24.24
"01111",0.019327731092437,3.73388028873222,1,1,0.310336736248667,66.88
"01113",0.0164024056861673,3.1687433453239,1,1,0.309824775255219,66.53
"01115",0.0220676328502415,4.26319566039178,1,1,0.393740667377724,94.94
"01117",0.00613496932515337,1.18520073181951,1,1,0.377488953222612,91.7
"01119",0.0263374485596708,5.08807161907043,1,1,0.21055005332927,17.56
"01121",0.0114475416404327,2.21152446095335,1,1,0.253061100106658,35.73
"01123",0.0120296731938782,2.32398512808825,1,1,0.288947127837879,56.44
"01125",0.0083765667526931,1.61824982640458,1,1,0.278378790187414,50.4
"01127",0.0134815844336345,2.60447654910331,1,1,0.350202651226573,83.61
"01129",0.0103882833787466,2.00688877324274,1,1,0.156714916958708,4.39
"01131",0.0145852324521422,2.81768779269397,1,1,0.265762608563157,42.73
"01133",0.0124614027348919,2.40738997346533,1,1,0.262514094164254,40.95
"02013",0.000533049040511727,0.10297852840436,1,0,0.0818710955355782,0.35
"02016",0.000292483182217023,0.0565041589021879,1,0,0.079704403474021,0.32
"02020",0.00272326420877586,0.526101201508183,1,0,0.329535273502971,76.23
"02050",0.0238741958541816,4.61220144687047,1,1,0.115593478592107,1.37
"02060",0.00595238095238095,1.14992690051536,1,1,0.106862715221697,0.99
"02063",0.00812407680945347,1.56947187012731,1,1,0.220210269693738,20.87
"02066",0.00786369593709043,1.51916948324965,1,1,0.208883132713698,16.67
"02068",0.00807600950118765,1.56018585647119,1,1,0.0897882066128295,0.67
"02070",0,0,0,0,0.112917872923968,1.27
"02090",0.00449647112392806,0.868663001269627,1,0,0.277525521865001,49.95
"02100",0,0,0,0,0.222815785463965,22.08
"02105",0.0008424599831508,0.162752922735114,1,0,0.137312204784397,2.64
"02110",0.00133456523970845,0.257821614898424,1,0,0.220597287825689,21.03
"02122",0.00651565673987199,1.2587448652301,1,1,0.379527655035807,92.05
"02130",0.00451384652921801,0.872019716189273,1,0,0.224184062166692,22.81
"02150",0.00269388912519495,0.520426296107334,1,0,0.190199603839707,10.56
"02158",0.0190311418685121,3.6765828929972,1,1,0.0850617095840317,0.51
"02164",0.00376647834274953,0.72763736077808,1,0,0.0964132256589974,0.76
"02170",0.00697118763176388,1.34674783929928,1,1,0.403845802224592,96.09
"02180",0,0,0,0,0.1486515313119,3.6
"02185",0,0,0,0,0.0866463507542282,0.54
"02188",0,0,0,0,0.0843912844735639,0.48
"02195",0,0,0,0,0.201840621666921,14.19
"02198",0.0086812732534105,1.67711538032997,1,1,0.157132408959317,4.49
"02220",0.00304987441693577,0.589198282718311,1,0,0.214014932195642,18.84
"02230",0.000904977375565611,0.174830515191475,1,0,0.137397531616639,2.7
"02240",0.00931151241534989,1.79886984663012,1,1,0.199853725430443,13.3
"02275",0.00218102508178844,0.421347261257536,1,0,0.144869724211489,3.34
"02282",0.0210084033613445,4.05856553123068,1,1,0.152713698003962,3.98
"02290",0.00313234142521535,0.60512989596423,1,0,0.120950784702118,1.62
"04001",0.00875308774567716,1.69098905830268,1,1,0.144376047539235,3.25
"04003",0.00733808605995867,1.41762810985206,1,1,0.316849001980802,70.35
"04005",0.00896648724676097,1.73221522121396,1,1,0.316760627761694,70.28
"04007",0.00812379110251451,1.56941667505539,1,1,0.278442785311595,50.46
"04009",0.00517156460351338,0.999082770895958,1,0,0.259716593021484,39.29
"04011",0.00440672433491105,0.851325023786138,1,0,0.0828797805881457,0.38
"04012",0.0297397769516729,5.74535968138529,1,1,0.214261770531769,18.96
"04013",0.0040670666414714,0.785707328652392,1,0,0.382547615419777,92.81
"04015",0.0167173252279635,3.22958193336228,1,1,0.424860582050891,98.12
"04017",0.0126574556989051,2.4452649984424,1,1,0.348429072070699,83.33
"04019",0.00411720030379342,0.795392536535866,1,0,0.314420234648789,69.04
"04021",0.00818432136521446,1.58111037845421,1,1,0.362069175681853,87.53
"04023",0.00582197947302083,1.12473493612618,1,1,0.275032759408807,48.55
"04025",0.00776178212416478,1.49948098616674,1,1,0.430860886789578,98.6
"04027",0.00663861063363168,1.28249804754294,1,1,0.318089288435167,70.95
"05001",0.00942785839726407,1.82134646152428,1,1,0.212893493829042,18.49
"05003",0.00992630470747481,1.9176401673807,1,1,0.285232363248515,54.57
"05005",0.00478468899521531,0.924343154481245,1,0,0.307786073442023,65.57
"05007",0.00478142076502732,0.923711772545124,1,0,0.319265579765351,71.56
"05009",0.00523114355231144,1.01059269213175,1,1,0.361996038397075,87.43
"05011",0.00794833581718828,1.53552086864644,1,1,0.222312966631114,21.83
"05013",0.0064346300087745,1.24309149584813,1,1,0.0646533597440195,0.25
"05015",0.00663631453044216,1.28205446860451,1,1,0.310004571080299,66.69
"05017",0.0174255199550309,3.36639645749522,1,1,0.231388084717355,25.71
"05019",0.0143496845104824,2.77218282306206,1,1,0.248380313880847,33.5
"05021",0.0152973106340982,2.95525255261978,1,1,0.266780435776322,43.3
"05023",0.0140791476407915,2.71991842222354,1,1,0.329388998933415,76.11
"05025",0,0,0,0,0.208118238610392,16.42
"05027",0.0102882863573036,1.98757057673472,1,1,0.246597592564376,32.83
"05029",0.0135460184833523,2.6169244162127,1,1,0.30174005790035,62.87
"05031",0.0061910996880203,1.1960444286045,1,1,0.359789730306263,86.8
"05033",0.00887947354187325,1.71540524202003,1,1,0.348459545939357,83.36
"05035",0.00876364399664148,1.6930283963507,1,1,0.319716593021484,71.81
"05037",0.0102127659574468,1.97298096292678,1,1,0.275371019350907,48.68
"05039",0.0226337448559671,4.37256154763865,1,1,0.199469754685357,13.17
"05041",0.0131926121372032,2.54865065021874,1,1,0.208383361267713,16.48
"05043",0.00791415157612341,1.52891689307958,1,1,0.296227335060186,60.17
"05045",0.010761791875976,2.07904602795665,1,1,0.389008075575194,94.11
"05047",0.0462558910804678,8.93607010140404,1,1,0.255392351058967,37.1
"05049",0.00849617672047579,1.64135700328445,1,1,0.263376504647265,41.36
"05051",0.00719641572068621,1.39025914011746,1,1,0.434566509218345,98.85
"05053",0.0166453265044814,3.21567266418123,1,1,0.249401188480878,34.04
"05055",0.0081210368227834,1.56888458203586,1,1,0.323126618924273,73.4
"05057",0.00952167581494343,1.83947083447511,1,1,0.264467469145208,42.19
"05059",0.0112455820927493,2.17250835654824,1,1,0.280981258570776,52.18
"05061",0.0113245412844037,2.18776230270067,1,1,0.233189090355021,26.66
"05063",0.00892454249185259,1.72411200967718,1,1,0.266557976535121,43.05
"05065",0.0153846153846154,2.97211875825508,1,1,0.262532378485449,40.98
"05067",0.0113201530612245,2.18691455187296,1,1,0.244379094926101,31.82
"05069",0.0076801212288194,1.48370510404007,1,1,0.269754685357306,45.18
"05071",0.0150327499194674,2.90414267154743,1,1,0.224388237086698,22.91
"05073",0.0303030303030303,5.85417331171455,1,1,0.223632485143989,22.53
"05075",0.0134926754047803,2.60661918852364,1,1,0.297458479353954,60.93
"05077",0.0106053910737958,2.04883131368888,1,1,0.220222459241201,20.9
"05079",0.00754147812971342,1.45692095992896,1,1,0.206685966783483,15.81
"05081",0.0175390517950123,3.38832941472763,1,1,0.238829803443547,28.95
"05083",0.0225012228925485,4.34695993177044,1,1,0.29672101173244,60.48
"05085",0.00959789856536674,1.85419613378714,1,1,0.392006704251105,94.65
"05087",0.0243055555555556,4.69553484377105,1,1,0.294740210269694,59.47
"05089",0.00989345509893455,1.91129402642735,1,1,0.272253542587232,46.71
"05091",0.010197622898938,1.97005550999044,1,1,0.310492152978821,66.94
"05093",0.00896484720014132,1.73189838434799,1,1,0.204309005028188,15.11
"05095",0.00989653621232569,1.91188925969625,1,1,0.253947889684595,36.3
"05097",0.0224586288416076,4.33873128421398,1,1,0.282541520646046,53.13
"05099",0.0451197053406998,8.71657296965233,1,1,0.204586317232973,15.21
"05101",0.0340333091962346,6.57481738339556,1,1,0.236550358067957,28.06
"05103",0.0170734791956494,3.29838650609439,1,1,0.269133018436691,44.7
"05105",0.0217539089055065,4.20258804702282,1,1,0.279305195794606,50.97
"05107",0.0121721241213784,2.35150489788226,1,1,0.249410330641475,34.08
"05109",0.0211311373523928,4.08227623104023,1,1,0.290434252628371,57.24
"05111",0.0224180581323438,4.33089352142148,1,1,0.258598202041749,38.53
"05113",0.0157412707498569,3.04102019483741,1,1,0.292936157245162,58.64
"05115",0.00827434951649885,1.59850271167243,1,1,0.365689471278379,88.45
"05117",0.0115433946130825,2.23004207812641,1,1,0.247481334755447,33.06
"05119",0.00549098500141236,1.06079086905967,1,1,0.320176748438215,72.06
"05121",0.00303871052979257,0.587041556822744,1,0,0.239451470364163,29.4
"05123",0.0240336967294351,4.64301505718491,1,1,0.278592107268018,50.62
"05125",0.00963884454351035,1.86210639391866,1,1,0.410833460307786,96.75
"05127",0.0161604903872945,3.12200828047413,1,1,0.189050738991315,10.28
"05129",0.0175718849840256,3.39467238363,1,1,0.30791101630352,65.61
"05131",0.00616177005946041,1.19037830455549,1,1,0.337111077251257,79.35
"05133",0.0133380133380133,2.57674037658478,1,1,0.268776474173396,44.38
"05135",0.0211954217888936,4.09469519471344,1,1,0.333588298034436,77.95
"05137",0.00266272189349112,0.514405169697995,1,0,0.318342221545025,71.05
"05139",0.0103936668641284,2.00792879650547,1,1,0.339509370714612,80.4
"05141",0.0194636678200692,3.76014159511077,1,1,0.313396312661893,68.53
"05143",0.00487438249308611,0.941670836769741,1,0,0.373719335669664,90.65
"05145",0.0128727602044117,2.48685918481334,1,1,0.384165777845498,93.16
"05147",0.0220170454545455,4.25342279679261,1,1,0.162462288587536,5.22
"05149",0.0112449799196787,2.17239202410612,1,1,0.245162273350602,32.07
"06001",0.00259646273072107,0.501604713160609,1,0,0.286094773731525,54.88
"06003",0.0155038759689922,2.99515843855163,1,1,0.171211336279141,6.62
"06005",0.00268115430748607,0.517966085718623,1,0,0.293164711260094,58.7
"06007",0.00261240049332885,0.504683693169337,1,0,0.381194575651379,92.55
"06009",0.0122178169754835,2.36033219615451,1,1,0.367975011427701,89.15
"06011",0.0168523002421308,3.25565744850992,1,1,0.182002133170806,8.59
"06013",0.00338393559739655,0.653734800273711,1,0,0.388115191223526,94.02
"06015",0.00854515954570038,1.65081988357381,1,1,0.218586012494286,20.39
"06017",0.00468556270003748,0.905193171594513,1,0,0.35936004875819,86.61
"06019",0.00353363579573061,0.682655040166617,1,0,0.338567728173092,80.02
"06021",0.00804289544235925,1.55378862696981,1,1,0.278198994362334,50.27
"06023",0.00608137620535564,1.17484719923633,1,1,0.364525369495658,88.29
"06025",0.00745599357472726,1.44040639371696,1,1,0.239024836202956,29.21
"06027",0.00888681010289991,1.71682257551217,1,1,0.243891513027579,31.56
"06029",0.00646000154483895,1.24799296503522,1,1,0.308106049062929,65.83
"06031",0.00480906580325683,0.929052454430274,1,0,0.177912539996953,7.64
"06033",0.00940360052298099,1.81666013811679,1,1,0.303531921377419,63.92
"06035",0.00373868555686737,0.722268135860886,1,0,0.200612524760018,13.52
"06037",0.00219501568507349,0.424050073997619,1,0,0.297665701660826,61.01
"06039",0.00551802873180478,1.06601538565519,1,1,0.281139722687795,52.37
"06041",0.00238840945449629,0.461411375236644,1,0,0.311311900045711,67.45
"06043",0.00533218042945669,1.03011177599128,1,1,0.195822032607039,11.9
"06045",0.00630257711309921,1.21758049810744,1,1,0.349821727868353,83.52
"06047",0.0063414327870911,1.22508693714727,1,1,0.294603077860735,59.4
"06049",0.0125431169645657,2.42317615912926,1,1,0.245229315861649,32.13
"06051",0.0105297438124186,2.03421719179313,1,1,0.17458479353954,7.06
"06053",0.00343650191455947,0.663889967197711,1,0,0.210720706993753,17.69
"06055",0.00237046690333888,0.45794509470036,1,0,0.229654121590736,25.01
"06057",0.00479104406811821,0.925570876521256,1,0,0.42581136675301,98.22
"06059",0.0025015206484649,0.483263068825221,1,0,0.334188633246991,78.24
"06061",0.00339491141550784,0.655855193541936,1,0,0.361752247447814,87.37
"06063",0.00758744855967078,1.46580188244705,1,1,0.294270912692366,59.18
"06065",0.00440766487210504,0.851506724021548,1,0,0.42531464269389,98.15
"06067",0.00301663611609959,0.582777051186808,1,0,0.289562699984763,56.79
"06069",0.00415096140083019,0.801914765873013,1,0,0.307456955660521,65.45
"06071",0.00467088870431894,0.902358335828825,1,0,0.356071918330032,85.21
"06073",0.00244484891726938,0.472314786327536,1,0,0.306198384884961,64.94
"06075",0.00086253616163775,0.166631393868998,1,0,0.182322108791711,8.72
"06077",0.0046913433619523,0.906309924485802,1,0,0.353652293158617,84.7
"06079",0.00317013533492551,0.612431215184058,1,0,0.38459545939357,93.29
"06081",0.00206979449897474,0.399858878648841,1,0,0.176888618010056,7.45
"06083",0.00254373564591848,0.491418487902967,1,0,0.266740819747067,43.21
"06085",0.00179111324764947,0.346021083297381,1,0,0.137315252171263,2.67
"06087",0.00277450746317809,0.53600076895497,1,0,0.359676976992229,86.76
"06089",0.00685017439088651,1.3233695672907,1,1,0.439018741429224,99.05
"06091",0.0247191011235955,4.77542676888176,1,1,0.220429681548073,21
"06093",0.0108180381670111,2.08991212064004,1,1,0.328160902026512,75.41
"06095",0.0039442935266136,0.761989070603304,1,0,0.392878256894713,94.75
"06097",0.00338031977825102,0.653036268419634,1,0,0.428535730611001,98.44
"06099",0.00422972168611677,0.817130285757888,1,0,0.417680938595155,97.39
"06101",0.00623999565913345,1.20549052974615,1,1,0.363230230077708,87.81
"06103",0.00944547385547069,1.8247495517194,1,1,0.298838945604144,61.44
"06105",0.014406779661017,2.78321290497616,1,1,0.280182843211946,51.57
"06107",0.00591852895502741,1.14338711035333,1,1,0.297205546244096,60.8
"06109",0.00697316533615466,1.34712990749996,1,1,0.339850678043578,80.59
"06111",0.00252041849826576,0.486913901327669,1,0,0.372960536340088,90.45
"06113",0.00347884908076245,0.672070919654714,1,0,0.267554472040226,43.78
"06115",0.00595926665965576,1.15125713459945,1,1,0.230181319518513,25.2
"08001",0.00426359916444902,0.823674998532076,1,0,0.370291025445681,89.69
"08003",0.00539340101522843,1.04193884132991,1,1,0.294828584488801,59.53
"08005",0.00333252480938169,0.643802867390394,1,0,0.330711564833156,76.71
"08007",0.00749500333111259,1.44794259958296,1,1,0.320816699680024,72.22
"08009",0.0245319561007101,4.7392726487347,1,1,0.219213774188633,20.52
"08011",0.0130315500685871,2.51753543651922,1,1,0.150623190614048,3.75
"08013",0.00169711900362691,0.327862549668596,1,0,0.266170958403169,42.89
"08014",0.00296360862933101,0.572532791958486,1,0,0.218442785311595,20.24
"08015",0.0126782884310618,2.44928962645427,1,1,0.359652597897303,86.73
"08017",0,0,0,0,0.209254913911321,16.83
"08019",0.0230125523012552,4.44574249404264,1,1,0.187344202346488,9.74
"08021",0.0144857556735876,2.79847010072304,1,1,0.253594392808167,36.02
"08023",0.0310204081632653,5.99276190440004,1,1,0.192600944689928,11.1
"08025",0.00770847932725999,1.48918354040111,1,1,0.134118543349078,2.2
"08027",0.0204918032786885,3.9587647394791,1,1,0.292293158616486,58.29
"08029",0.0106353967821107,2.0546280480438,1,1,0.404129209203108,96.12
"08031",0.00184349055735725,0.356139736302195,1,0,0.269087307633704,44.64
"08033",0.0301129234629862,5.81744700486565,1,1,0.2830351973183,53.39
"08035",0.00340842171634555,0.658465217747649,1,0,0.321368276702728,72.51
"08037",0.00491344772847532,0.949217760497975,1,0,0.26353801615115,41.49
"08039",0.00836042731072922,1.61513188442101,1,1,0.35162882827975,83.9
"08041",0.0044492252994768,0.859535688198075,1,0,0.290836507694652,57.62
"08043",0.00860805860805861,1.66297120997606,1,1,0.332841688252324,77.54
"08045",0.00886103990632615,1.71184409001052,1,1,0.383245467012037,93
"08047",0.000197941409342835,0.0382398494233136,1,0,0.0618131951851288,0.22
"08049",0.00696257615317668,1.34508420739133,1,1,0.283629437757123,53.74
"08051",0.00613933623987899,1.18604436611567,1,1,0.307002895017522,65.26
"08053",0,0,0,0,0.176105439585555,7.35
"08055",0.0553505535055351,10.6930471929841,1,1,0.229846106963279,25.07
"08057",0.0364109232769831,7.03414322499902,1,1,0.214408045101326,19.03
"08059",0.00353795897966834,0.683490226211603,1,0,0.384982477525522,93.32
"08061",0.0487465181058496,9.41722865603107,1,1,0.200121895474631,13.36
"08063",0.0327735644637053,6.33145017163494,1,1,0.270254456803291,45.4
"08065",0.0127041742286751,2.4542904446571,1,1,0.197220783178425,12.47
"08067",0.00620678565685802,1.19907476514906,1,1,0.42667377723602,98.28
"08069",0.00399933845529311,0.772623074833191,1,0,0.380088374219107,92.27
"08071",0.0125178826895565,2.41830120709239,1,1,0.263108334603078,41.17
"08073",0.0236947791164659,4.57754033650933,1,1,0.210147798262989,17.31
"08075",0.0136986301369863,2.6464071135148,1,1,0.30421453603535,64.21
"08077",0.00813569219743321,1.57171582043975,1,1,0.489276245619382,99.97
"08079",0.00828729281767956,1.60100319850757,1,1,0.156343135761085,4.3
"08081",0.0093492894540015,1.80616790656863,1,1,0.302154502514094,63.12
"08083",0.0133839754024236,2.5856196829819,1,1,0.419993905226269,97.61
"08085",0.00586076852512486,1.13222850463545,1,1,0.451278378790188,99.52
"08087",0.0154289930904944,2.98069198604102,1,1,0.280283406978516,51.77
"08089",0.0104239054899236,2.0137705276572,1,1,0.296580831936614,60.36
"08091",0.00333456835865135,0.64419765601305,1,0,0.241910711564833,30.7
"08093",0.0168087697929354,3.24724790031036,1,1,0.337333536492458,79.45
"08095",0.0110766504209127,2.13987283215087,1,1,0.21216821575499,18.23
"08097",0.00291842988472202,0.563804813327244,1,0,0.189766874904769,10.37
"08099",0.0213328631875882,4.1212471850628,1,1,0.261002590278836,40.15
"08101",0.00796508918357836,1.53875741328971,1,1,0.36429376809386,88.26
"08103",0.01194743130227,2.30809700461864,1,1,0.186286759104068,9.48
"08105",0.0108289768483943,2.09202533954848,1,1,0.302763979887247,63.44
"08107",0.00366203163146163,0.707459538837387,1,0,0.319768398598202,71.91
"08109",0.0118629173989455,2.29176995638738,1,1,0.215212555233887,19.31
"08111",0.00161550888529887,0.312096477038094,1,0,0.188538777997867,10.12
"08113",0.00247668997668998,0.47846608797667,1,0,0.218646960231601,20.46
"08115",0.00102564102564103,0.198141250550339,1,0,0.199564223678196,13.2
"08117",0.00436503079998368,0.843270344864524,1,0,0.247941490172177,33.34
"08119",0.00817547357926221,1.57940109486536,1,1,0.279850678043578,51.42
"08121",0.0345727332028702,6.67902747696592,1,1,0.244312052415054,31.75
"08123",0.00826831841638735,1.5973375771971,1,1,0.448465640713089,99.43
"08125",0.0104549854791868,2.01977479989842,1,1,0.242873685814414,30.99
"09110",0.00216876003730898,0.418977805287601,1,0,0.247825689471278,33.22
"09120",0.00299433053153167,0.578467886176777,1,0,0.34231601401798,81.42
"09130",0.00305246651264679,0.589699043776894,1,0,0.334880390065519,78.43
"09140",0.00354190642850762,0.684252824849864,1,0,0.363285083041292,87.94
"09150",0.00462431239799311,0.893360365436946,1,0,0.386944994667073,93.67
"09160",0.0051992290798261,1.00442720798007,1,1,0.392265732134695,94.69
"09170",0.00203582414296575,0.39329622304811,1,0,0.28081974706689,51.99
"09180",0.00377110313512303,0.728530813868891,1,0,0.265366448270608,42.51
"09190",0.00230028598946169,0.444387004010978,1,0,0.317214688404693,70.6
"10001",0.00922650523321542,1.78244750299058,1,1,0.309971049824775,66.62
"10003",0.00580780294694469,1.12199620538612,1,1,0.261161054395856,40.25
"10005",0.00864907039144418,1.67089418287219,1,1,0.415870790796892,97.23
"11001",0.000599102086502452,0.11573916571124,1,0,0.114255675758037,1.3
"12001",0.00328534965507043,0.63468920692201,1,0,0.221030016760628,21.38
"12003",0.0153664302600473,2.96860561551483,1,1,0.248669815633095,33.69
"12005",0.00736201586160269,1.42225105365465,1,1,0.383388694194728,93.06
"12007",0.0113814198321241,2.1987505396111,1,1,0.276812433338412,49.41
"12009",0.00469807465176881,0.907610327013311,1,0,0.353353649245772,84.54
"12011",0.00270908147590515,0.523361271691638,1,0,0.386460460155417,93.51
"12013",0.00385144429160935,0.74405173865533,1,0,0.251516074965717,35.06
"12015",0.00734527608936218,1.41901713523413,1,1,0.421974706689014,97.84
"12017",0.00690002518257366,1.33300012804137,1,1,0.413024531464269,97.04
"12019",0.00552996811411143,1.0683219276927,1,1,0.410592716745391,96.69
"12021",0.00388709453804166,0.750938928455592,1,0,0.37480725278074,90.87
"12023",0.0167271638663324,3.23148263746965,1,1,0.362888922748743,87.62
"12027",0.00604203897540635,1.16724772949938,1,1,0.288928843516685,56.41
"12029",0.00506253722453842,0.97802002021199,1,0,0.255179033978364,36.88
"12031",0.00440126158906199,0.850269688374516,1,0,0.341429224440043,81.1
"12033",0.00506910294357564,0.979288436498268,1,0,0.333911321042206,78.14
"12035",0.00592474957244075,1.14458885724397,1,1,0.389611458174615,94.24
"12037",0.0187648456057007,3.62513772533013,1,1,0.255553862562852,37.26
"12039",0.00510003923107101,0.985264947322693,1,0,0.195977449337193,11.99
"12041",0.00944187998321444,1.82405525973481,1,1,0.261986896236477,40.66
"12043",0.0251742835011619,4.86336241426325,1,1,0.211826908426025,18.1
"12045",0.0134607881388997,2.60045896035389,1,1,0.267645893646198,43.81
"12047",0.0449341728677733,8.68073037435406,1,1,0.201785768703337,14.16
"12049",0.00785565238738186,1.51761556822648,1,1,0.269181776626543,44.73
"12051",0.0100291167906826,1.93750219925072,1,1,0.313902178881609,68.79
"12053",0.00615384615384615,1.18884750330203,1,1,0.390693280511961,94.46
"12055",0.00608906392002424,1.17633237129969,1,1,0.416556452841688,97.33
"12057",0.00353146552957674,0.682235771398106,1,0,0.35198841992991,84.06
"12059",0.00854497982435319,1.65078516361664,1,1,0.295608715526436,59.82
"12061",0.00740121580547112,1.42982400140676,1,1,0.413384123114429,97.14
"12063",0.0125082686872331,2.41644389991032,1,1,0.287737315252171,55.97
"12065",0.0139165009940358,2.6884970874872,1,1,0.271238762760933,46.01
"12067",0.0121809744779582,2.35321467808479,1,1,0.20153893036721,14
"12069",0.00532436702936265,1.02860232304723,1,1,0.451641017827213,99.55
"12071",0.00535221200855876,1.03398163107171,1,1,0.424723449641932,98.03
"12073",0.00394701632325395,0.762515081476334,1,0,0.232491238762761,26.28
"12075",0.00876538604998135,1.6933649396623,1,1,0.3812372390675,92.59
"12077",0,0,0,0,0.136227335060186,2.48
"12079",0.0241579968259566,4.667028309339,1,1,0.27476458936462,48.39
"12081",0.00398525084733137,0.769901521980859,1,0,0.424738686576261,98.06
"12083",0.0080869364299716,1.56229680492177,1,1,0.485378637818071,99.94
"12085",0.00332891030565449,0.643104589658984,1,0,0.363169282340393,87.72
"12086",0.00255673250653194,0.493929321762768,1,0,0.372201737010513,90.14
"12087",0.00732102126407181,1.41433140085459,1,1,0.270900502818833,45.72
"12089",0.00921170882013095,1.77958901769317,1,1,0.402980344354716,95.99
"12091",0.00454360109512437,0.877767932915085,1,0,0.241813195185129,30.54
"12093",0.0117244748412311,2.26502455441032,1,1,0.368803900655188,89.31
"12095",0.00268545586769217,0.518797094324216,1,0,0.259948194423282,39.42
"12097",0.00656607991058955,1.26848600258023,1,1,0.372704555843364,90.36
"12099",0.00259774081187539,0.501851622743875,1,0,0.357592564376048,85.84
"12101",0.0067586629131878,1.30569067362554,1,1,0.458491543501448,99.65
"12103",0.0028251577447588,0.545785781334772,1,0,0.387865305500533,93.99
"12105",0.00580767477021287,1.12197144321564,1,1,0.402952917872924,95.96
"12107",0.0132178669097539,2.55352956212891,1,1,0.358378790187414,86.16
"12109",0.00768702451394759,1.48503873394957,1,1,0.364598506780436,88.36
"12111",0.00639744102359056,1.23590704061787,1,1,0.4373030626238,98.95
"12113",0.00905296572805831,1.74892180178316,1,1,0.418433643150998,97.45
"12115",0.00317824750483853,0.613998386788019,1,0,0.387307633704099,93.73
"12117",0.00289894098193737,0.56003979664688,1,0,0.391833003199756,94.62
"12119",0.00759034525995253,1.46636148936793,1,1,0.329446899283864,76.17
"12121",0.0149680827646929,2.8916497714038,1,1,0.335569099497181,78.84
"12123",0.0198738170347003,3.83937738645254,1,1,0.253737619990858,36.21
"12125",0.0137163561076605,2.64983155336148,1,1,0.17504494895627,7.19
"12127",0.00861604738826064,1.66451454420317,1,1,0.44110010665854,99.17
"12129",0.0142782289756353,2.75837849125455,1,1,0.294392808166997,59.31
"12131",0.0083506770472006,1.61324825324748,1,1,0.370025902788359,89.6
"12133",0.00949411931415616,1.8341472569365,1,1,0.278857229925339,50.75
"13001",0.016169007435383,3.1236536695694,1,1,0.256413225658997,37.48
"13003",0.0124448012846246,2.40418277715134,1,1,0.214374523845802,18.99
"13005",0.0106288751107174,2.0533681412214,1,1,0.224784397379247,23.19
"13007",0.00611246943765281,1.18085402986907,1,1,0.157531616638732,4.58
"13009",0.00959310158986796,1.85326941703106,1,1,0.253603534968764,36.05
"13011",0.0128556736372986,2.48355826988233,1,1,0.243800091421606,31.47
"13013",0.00534665921162986,1.03290889889736,1,1,0.357138503733049,85.65
"13015",0.0101140268666042,1.95390578316246,1,1,0.329779064452232,76.39
"13017",0.0075,1.44890789464935,1,1,0.194295291787292,11.52
"13019",0.0091563113145847,1.76888689994253,1,1,0.230720706993753,25.42
"13021",0.00613913102465828,1.18600472105522,1,1,0.307929300624714,65.67
"13023",0.00835804799137234,1.614672229141,1,1,0.211500838031388,17.94
"13025",0.0288461538461538,5.57272267172828,1,1,0.236839859820204,28.22
"13027",0.00615967780146885,1.18997410600594,1,1,0.245403016912997,32.17
"13029",0.0225442834138486,4.3552786956717,1,1,0.304692975773274,64.56
"13031",0.00766638845095675,1.48105210000531,1,1,0.337946061252476,79.76
"13033",0.0096401028277635,1.86234947898374,1,1,0.254913911321042,36.78
"13035",0.0362457482993197,7.00223344778102,1,1,0.25524607648941,36.94
"13037",0.0057840616966581,1.11740968739025,1,1,0.155855553862563,4.26
"13039",0.0120833952359729,2.33436356687593,1,1,0.237836355325309,28.57
"13043",0.0232900943396226,4.49936020744099,1,1,0.261657778454975,40.53
"13045",0.00752336803708488,1.45342231243799,1,1,0.28521407892732,54.53
"13047",0.0100330878428861,1.93826935776908,1,1,0.344299862867591,82.28
"13049",0.019706498951782,3.80705358761814,1,1,0.204817918634771,15.3
"13051",0.00763789620267854,1.4755477475431,1,1,0.31021179338717,66.78
"13053",0.000321508948665738,0.0621115805229601,1,0,0.0225323784854487,0.03
"13055",0.00926411466526831,1.78971318339255,1,1,0.235431967088222,27.59
"13057",0.00497793998752628,0.961676872935669,1,0,0.395474630504343,95.16
"13059",0.00420553510370873,0.812457735065142,1,0,0.206317232972726,15.59
"13061",0.00200400801603206,0.387149738049259,1,0,0.160420539387475,4.96
"13063",0.00454170674728597,0.877401968176649,1,0,0.215566052110315,19.41
"13065",0.0079750346740638,1.54067875991378,1,1,0.204613743714765,15.24
"13067",0.00519490226856524,1.0035913211808,1,1,0.346740819747067,82.91
"13069",0.00991008411486029,1.91450654808803,1,1,0.279692213926558,51.35
"13071",0.00636908584885464,1.23042916908066,1,1,0.280237696175529,51.7
"13073",0.00777383611439583,1.50180966904778,1,1,0.362023464878867,87.5
"13075",0.00886682035821954,1.71296080232825,1,1,0.232741124485754,26.54
"13077",0.00728422698361937,1.40722319773119,1,1,0.326591497790645,74.77
"13079",0.0206591244466306,3.9910891343022,1,1,0.209465183605059,16.93
"13081",0.0219711887242201,4.24456383964712,1,1,0.273265275026665,47.6
"13083",0.0241842610364683,4.67210223226662,1,1,0.21098887703794,17.79
"13085",0.0063188718501965,1.22072844120364,1,1,0.275319213774189,48.65
"13087",0.00943033102386451,1.82182414261787,1,1,0.294069785159226,58.96
"13089",0.0041855264158543,0.808592302292627,1,0,0.262931586164864,41.14
"13091",0.0124299719887955,2.40131793931148,1,1,0.271930519579461,46.52
"13093",0.0146636914249283,2.83284510270408,1,1,0.198994362334298,13.04
"13095",0.00984036309570389,1.90103730341087,1,1,0.286524455279598,55.17
"13097",0.00791314586507827,1.5287226020565,1,1,0.314408045101326,68.98
"13099",0.00895803866100896,1.73058305820133,1,1,0.218525064756971,20.36
"13101",0.006282722513089,1.21374483321412,1,1,0.162693889989334,5.3
"13103",0.0102066064579983,1.97179102327637,1,1,0.312037178119762,67.71
"13105",0.0100560264329838,1.9427008116737,1,1,0.246640255980497,32.87
"13107",0.0110285006195787,2.13057088184704,1,1,0.26777388389456,43.84
"13109",0.0141062801932367,2.72516009814886,1,1,0.22092031083346,21.22
"13111",0.00738337621657904,1.42637761191568,1,1,0.34097821118391,81.01
"13113",0.00350908763721432,0.67791263741017,1,0,0.375806795672711,91.25
"13115",0.0046817790760489,0.90446222190552,1,0,0.249587079079689,34.23
"13117",0.00394102327976314,0.76135729907276,1,0,0.372104220630809,90.07
"13119",0.0109420591913297,2.11387145947175,1,1,0.263370409873533,41.3
"13121",0.00168059217532622,0.324669769402146,1,0,0.216940423586774,19.95
"13123",0.00592084761607978,1.14383504719384,1,1,0.343659911625781,81.93
"13125",0.0124113475177305,2.39771992022351,1,1,0.184366905378638,9.07
"13127",0.010086763260247,1.9486387892308,1,1,0.304494895627,64.4
"13129",0.00973559796883208,1.88079796748973,1,1,0.193445070851745,11.42
"13131",0.00955247317456163,1.8454205061398,1,1,0.287484382142313,55.87
"13133",0.0116600552951076,2.25257948921725,1,1,0.258765808319366,38.69
"13135",0.00465832608729667,0.899931392498023,1,0,0.440447965869267,99.14
"13137",0.00511865984178688,0.988862220638615,1,0,0.305073899131495,64.68
"13139",0.00503012791148384,0.971758938939333,1,0,0.277336583879324,49.79
"13141",0.0151024811218986,2.91761388350822,1,1,0.224888008532683,23.26
"13143",0.0180489425312811,3.48683404315276,1,1,0.266536644827061,43.02
"13145",0.0198477093995756,3.83433371196683,1,1,0.246311138198994,32.66
"13147",0.00559602998627389,1.08108427010757,1,1,0.264622885875362,42.28
"13149",0.00853374709076804,1.64861513743397,1,1,0.233570013713241,26.82
"13151",0.00754902398713539,1.45837872691437,1,1,0.280216364467469,51.67
"13153",0.00498066714725736,0.962203726704247,1,0,0.228675910406826,24.59
"13155",0.00949701020049244,1.83470574067452,1,1,0.196227335060186,12.03
"13157",0.0077599792535259,1.49913269369985,1,1,0.207740362639037,16.26
"13159",0.015828677839851,3.05790617120285,1,1,0.281112296206003,52.34
"13161",0.0111685625646329,2.15762912957091,1,1,0.227566661587689,24.15
"13163",0.0214199343582657,4.1380682659416,1,1,0.260289501752248,39.8
"13165",0.0216322517207473,4.17908537296437,1,1,0.217760170653664,20.04
"13167",0.0394581861012956,7.62283698009475,1,1,0.246289806490934,32.61
"13169",0.0131478658536585,2.5400062177542,1,1,0.296760627761694,60.52
"13171",0.00492251595259799,0.950969630034215,1,0,0.26048148712479,39.9
"13173",0.0137969094922737,2.66539347801573,1,1,0.220673472497334,21.06
"13175",0.0183175344598617,3.53872270525402,1,1,0.306375133323175,65.1
"13177",0.0139524500502288,2.69544200366364,1,1,0.3230351973183,73.31
"13179",0.00458003415618693,0.88480635288839,1,0,0.100182843211946,0.83
"13181",0.0151024811218986,2.91761388350822,1,1,0.270434252628371,45.5
"13183",0.0181140117208311,3.49940461147775,1,1,0.22429376809386,22.88
"13185",0.00750368701683873,1.4496201810234,1,1,0.313664482706079,68.6
"13187",0.00481268283476456,0.929751220497838,1,0,0.281374371476459,52.59
"13189",0.0220949263502455,4.26846842940889,1,1,0.27380770988877,47.88
"13191",0.0232039268183847,4.48271370053645,1,1,0.264141398750571,41.87
"13193",0.00490329610460365,0.947256591435152,1,0,0.230074660978211,25.14
"13195",0.022465546535775,4.3400676977729,1,1,0.322440956879476,73.08
"13197",0.00919238345370978,1.77585559422989,1,1,0.182300777083651,8.69
"13199",0.0127784493179071,2.46863947974563,1,1,0.278320889836965,50.37
"13201",0.00847835787594824,1.63791462134986,1,1,0.190882218497638,10.75
"13205",0.00805053257369334,1.55526402695414,1,1,0.244373000152369,31.78
"13207",0.00864491030905554,1.67009050604349,1,1,0.278546396465031,50.56
"13209",0.0102591792656587,1.98194744408479,1,1,0.22713393265275,23.96
"13211",0.0150093808630394,2.89962805683423,1,1,0.305070851744629,64.65
"13213",0.00859416445623342,1.66028703047353,1,1,0.234152064604602,27.17
"13215",0.00418786112894464,0.809043340189738,1,0,0.269416425415207,44.93
"13217",0.00815469944536052,1.57538778731674,1,1,0.345598049672406,82.76
"13219",0.0111394016549968,2.15199559994599,1,1,0.321663873228706,72.7
"13221",0.010641949879849,2.05589402605012,1,1,0.241468840469298,30.35
"13223",0.00831347487001733,1.60606124948495,1,1,0.411829955812891,96.88
"13225",0.0657273299748111,12.6977129726302,1,1,0.224802681700442,23.23
"13227",0.00989915810898325,1.91239577793173,1,1,0.352095078470212,84.09
"13229",0.0136565380675999,2.63827544262998,1,1,0.295051043730002,59.59
"13231",0.00974704107681597,1.88300863542269,1,1,0.309087307633704,66.37
"13233",0.0110579562387264,2.13626134573036,1,1,0.294255675758038,59.15
"13235",0.00580046403712297,1.12057841813562,1,1,0.201996038397075,14.35
"13237",0.0132388339128109,2.55758012962977,1,1,0.330540911168673,76.68
"13239",0.0335051546391753,6.47278440908645,1,1,0.141828432119458,3.02
"13241",0.0107242544439548,2.07179425707659,1,1,0.310653664482706,67.04
"13243",0.0412186379928315,7.96293466593431,1,1,0.222090507389913,21.73
"13245",0.00639540419589298,1.23551355052039,1,1,0.231363705622429,25.68
"13247",0.00490635584777844,0.947847696240693,1,0,0.347295444156636,82.98
"13249",0,0,0,0,0.199155873838184,13.08
"13251",0.0101522842639594,1.96129664250335,1,1,0.258098430595764,38.34
"13253",0.00503597122302158,0.97288779496839,1,0,0.209038549443852,16.77
"13255",0.00586255153371913,1.13257295999924,1,1,0.29116867286302,57.91
"13257",0.00495049504950495,0.956374847953368,1,0,0.261605972878257,40.5
"13259",0.0105614230127849,2.04033722426071,1,1,0.111936614353192,1.21
"13261",0.00671864631718646,1.29795995871043,1,1,0.288514398902941,56.25
"13263",0.0119047619047619,2.29985380103072,1,1,0.200871552643608,13.71
"13265",0.0592592592592593,11.4481611429085,1,1,0.114331860429682,1.34
"13267",0.0192145862552595,3.71202209568885,1,1,0.219911625780893,20.71
"13269",0.0313924050632911,6.06462713709771,1,1,0.236891665396922,28.25
"13271",0.015839933305544,3.06008058894958,1,1,0.247971964040835,33.38
"13273",0.0122370936902486,2.36405622071532,1,1,0.247920158464117,33.28
"13275",0.00705496997438374,1.3629335589865,1,1,0.302462288587536,63.32
"13277",0.0107408763578665,2.07500540671537,1,1,0.2707877495048,45.69
"13279",0.0105052526263132,2.0294857954068,1,1,0.261974706689014,40.63
"13281",0.00237786424556853,0.459374170374488,1,0,0.227140027426482,23.99
"13283",0.0260115606936416,5.02511408548908,1,1,0.232058509827823,26.12
"13285",0.00562966857242996,1.08758283184708,1,1,0.182962060033521,8.88
"13287",0.0193894389438944,3.74580148781736,1,1,0.256961755294835,37.96
"13289",0.00458949515553289,0.886634101774208,1,0,0.192095078470212,11.04
"13291",0.00830847890924585,1.60509609121786,1,1,0.330723754380619,76.74
"13293",0.00500536288880944,0.966974640690784,1,0,0.267082127076032,43.49
"13295",0.00610594642169536,1.17959386329338,1,1,0.243937223830565,31.59
"13297",0.00794740033832307,1.53534014561803,1,1,0.385189699832394,93.41
"13299",0.00970873786407767,1.87560892511243,1,1,0.296370562242877,60.26
"13301",0.0176991150442478,3.41925166878903,1,1,0.206707298491543,15.88
"13303",0.0152847287975112,2.9528218963051,1,1,0.265820508913607,42.76
"13305",0.0116082944736581,2.24257993417302,1,1,0.300737467621515,62.36
"13307",0,0,0,0,0.156836812433338,4.45
"13309",0.0195930670685757,3.78513994080715,1,1,0.159250342831022,4.71
"13311",0.0076680198466396,1.48136726561654,1,1,0.345403016912997,82.63
"13313",0.00584776583302626,1.12971654420433,1,1,0.242959012646655,31.08
"13315",0.00539083557951483,1.04144323065542,1,1,0.215602620752705,19.44
"13317",0.013795316008983,2.66508563661307,1,1,0.266076489410331,42.79
"13319",0.0168200571247223,3.2494284741951,1,1,0.181432271826908,8.34
"13321",0.0106598984771574,2.05936147462852,1,1,0.308596678348316,66.12
"15001",0.00698528993503908,1.3494722311057,1,1,0.332402864543654,77.35
"15003",0.00133671015698573,0.258235986575279,1,0,0.250501295139418,34.68
"15007",0.00291378323534003,0.562907137730813,1,0,0.253621819289959,36.08
"15009",0.00418164993616249,0.807843414022105,1,0,0.309087307633704,66.34
"16001",0.00418312516121814,0.808128409386041,1,0,0.432058509827823,98.73
"16003",0.0402124430955994,7.76855016858024,1,1,0.250208746000305,34.52
"16005",0.00846483926184726,1.63530299112377,1,1,0.400847173548682,95.67
"16007",0.0402371876323592,7.77333050920166,1,1,0.286088678957794,54.85
"16009",0.0181910055583628,3.51427887534962,1,1,0.277565137894256,49.98
"16011",0.0117362244092416,2.26729442665688,1,1,0.344494895627,82.37
"16013",0.00460856376152141,0.890317922275105,1,0,0.318031388084717,70.92
"16015",0.0180696342000881,3.49083141945782,1,1,0.245543196708822,32.23
"16017",0.00991676086733121,1.91579641467013,1,1,0.430035044948956,98.54
"16019",0.00812188673181705,1.56904877402367,1,1,0.439902483620295,99.08
"16021",0.01412092283214,2.72798887616293,1,1,0.311321042206308,67.48
"16023",0.00479432352095119,0.926204426534568,1,0,0.0381502361724821,0.13
"16025",0.045045045045045,8.70214951741353,1,1,0.222779216821576,22.05
"16027",0.00808271408006847,1.56148109877396,1,1,0.481094011884809,99.87
"16029",0.0122408193854609,2.36477597927615,1,1,0.243806186195337,31.5
"16031",0.0133194588969823,2.57315588643936,1,1,0.289200060947737,56.6
"16033",0.025,4.82969298216451,1,1,0.131857382294682,2
"16035",0.0054539621430863,1.05363850749819,1,1,0.267185738229468,43.56
"16037",0.0281914893617021,5.44624953307912,1,1,0.248877037939967,33.79
"16039",0.0071731333550701,1.38576127300449,1,1,0.24046015541673,29.88
"16041",0.0250302785627776,4.83554242865078,1,1,0.340926405607192,80.97
"16043",0.0287040945546644,5.54527856120197,1,1,0.314420234648788,69.01
"16045",0.0175407195274745,3.38865160015838,1,1,0.374731068109096,90.84
"16047",0.00976997279248083,1.88743876127131,1,1,0.220045710802986,20.81
"16049",0.00919052668787558,1.77549688987313,1,1,0.372274874295292,90.23
"16051",0.0120020873195338,2.31865587593913,1,1,0.321605972878257,72.67
"16053",0.0163047347810609,3.14987452592573,1,1,0.24601249428615,32.48
"16055",0.00407929665619444,0.788070017303577,1,0,0.46593326222764,99.71
"16057",0.00344847080106281,0.66620220908369,1,0,0.303126618924273,63.73
"16059",0.00897277227722772,1.73342941191548,1,1,0.32829193966174,75.5
"16061",0.00679501698754247,1.3127138343369,1,1,0.220423586774341,20.97
"16063",0.02,3.86375438573161,1,1,0.195727563614201,11.87
"16065",0.00343691822998711,0.66397039422568,1,0,0.250364162730459,34.62
"16067",0.0293335777798148,5.66688698979794,1,1,0.269974097211641,45.28
"16069",0.00437672901441017,0.845530296229304,1,0,0.293103763522779,58.67
"16071",0.0259042033235582,5.00437396001405,1,1,0.206326375133323,15.62
"16073",0.0200455580865604,3.87255564856926,1,1,0.232875209507847,26.6
"16075",0.0111045481393975,2.14526232875824,1,1,0.328858753618772,75.88
"16077",0.00904311251314406,1.74701828166624,1,1,0.158089288435167,4.61
"16079",0.0102192493496841,1.97423347468635,1,1,0.238936461983849,29.02
"16081",0.00819397993311037,1.5829762951576,1,1,0.314280054852963,68.88
"16083",0.00704550220171944,1.36110450157876,1,1,0.431290568337651,98.66
"16085",0.0216402697193037,4.18063435181874,1,1,0.273874752399817,47.95
"16087",0.0131358300726663,2.53768105267448,1,1,0.272229163492305,46.68
"17001",0.00425395530433262,0.82181192319107,1,0,0.31288739905531,68.18
"17003",0.0145208131655373,2.80524277763669,1,1,0.134898674386713,2.32
"17005",0.0354914196567863,6.85650641773744,1,1,0.225762608563157,23.42
"17007",0.0120445648900933,2.32686202091635,1,1,0.288203565442633,56.19
"17009",0.00790349417637271,1.52685801432821,1,1,0.10929148255371,1.15
"17011",0.018951194184839,3.66113798232616,1,1,0.280210269693738,51.64
"17013",0,0,0,0,0.204074356239525,15.05
"17015",0.0219026548672566,4.23132394012643,1,1,0.280143227182691,51.54
"17017",0.0150649350649351,2.91036044639524,1,1,0.184379094926101,9.1
"17019",0.0045947219604147,0.887643856288481,1,0,0.204546701203718,15.18
"17021",0.0154950869236584,2.99346050292887,1,1,0.294956574737163,59.56
"17023",0.0138295708765507,2.67170325635295,1,1,0.240847173548682,29.91
"17025",0.0106565176022835,2.05870833112245,1,1,0.216623495352735,19.82
"17027",0.0244801651673794,4.72926727644482,1,1,0.328154807252781,75.37
"17029",0.00350678733031674,0.677468246366967,1,0,0.21822337345726,20.08
"17031",0.00168350465621295,0.325232424942119,1,0,0.314273960079232,68.85
"17033",0.00954269426199033,1.84353134032305,1,1,0.251805576717964,35.09
"17035",0.0576456310679612,11.1364279928551,1,1,0.199856772817309,13.33
"17037",0.00792196860919939,1.53042704787111,1,1,0.308505256742343,66.02
"17039",0.0149492792311799,2.88801715964989,1,1,0.222154502514094,21.76
"17041",0.0122884303269186,2.37397382846945,1,1,0.277092792930063,49.67
"17043",0.00195602461567933,0.377879934371499,1,0,0.328240134085022,75.47
"17045",0.0115924344112264,2.23951596488409,1,1,0.183087002895018,8.91
"17047",0.0191707534551939,3.70355413701424,1,1,0.210553100716136,17.59
"17049",0.023375187554292,4.51579917150973,1,1,0.326408654578699,74.71
"17051",0.00894454382826476,1.72797602224133,1,1,0.338052719792778,79.86
"17053",0.0114294661030218,2.20803248910605,1,1,0.202261161054396,14.44
"17055",0.0159489633173844,3.08114384827082,1,1,0.300542434862106,62.27
"17057",0.0182192485846629,3.51973508118628,1,1,0.312156026207527,67.8
"17059",0.0112554112554113,2.17440723006541,1,1,0.189443851896998,10.34
"17061",0.0336996336996337,6.51035537522541,1,1,0.236050586621972,27.78
"17063",0.0160387603374822,3.09849152978226,1,1,0.279859820204175,51.45
"17065",0.00769854132901134,1.48726364118518,1,1,0.254520798415359,36.46
"17067",0.0287727539635937,5.55854271582057,1,1,0.279591650159988,51.29
"17069",0.026578073089701,5.13455732323137,1,1,0.132156026207527,2.04
"17071",0.0303830911492734,5.86964008400442,1,1,0.20847173548682,16.58
"17073",0.0166233452215439,3.21142615026353,1,1,0.306969373761999,65.22
"17075",0.0150157141194273,2.90085156419146,1,1,0.278144141398751,50.24
"17077",0.00615142519938486,1.18837980463116,1,1,0.248426024683834,33.53
"17079",0.0125934671389217,2.43290319447878,1,1,0.271692823403931,46.42
"17081",0.00893865261573203,1.7268379123283,1,1,0.237568185281122,28.44
"17083",0.0130320026393929,2.51762286764102,1,1,0.274660978211184,48.3
"17085",0.014346190028222,2.77150773200409,1,1,0.32693280511961,74.93
"17087",0.015003261578604,2.89844588623049,1,1,0.202715221697395,14.57
"17089",0.00289353590946753,0.558995603023853,1,0,0.38765198841993,93.89
"17091",0.0103070127244358,1.9911882808915,1,1,0.3248331555691,74.07
"17093",0.00648445721111459,1.25271749942665,1,1,0.345841840621667,82.82
"17095",0.0139454094292804,2.69408184216025,1,1,0.26081974706689,40.06
"17097",0.00406490942058227,0.785290580068823,1,0,0.245936309614506,32.42
"17099",0.0202267851670242,3.90756649491704,1,1,0.367792168215755,88.96
"17101",0.0126803672933975,2.4496912371276,1,1,0.192875209507847,11.26
"17103",0.00827802222387948,1.5992122336349,1,1,0.253774188633247,36.24
"17105",0.0196605827729747,3.79818314575601,1,1,0.260304738686576,39.83
"17107",0.0205839109430792,3.97655880909155,1,1,0.231595307024227,25.84
"17109",0.0105504977452565,2.03822659674432,1,1,0.232396769769922,26.25
"17111",0.00318090345077019,0.614511482925105,1,0,0.424845345116563,98.09
"17113",0.00728215255492471,1.40682244358285,1,1,0.214721925948499,19.12
"17115",0.00981663270976107,1.89645288427278,1,1,0.306338564680786,65.07
"17117",0.025787720946119,4.98187099517951,1,1,0.300039616029255,62.14
"17119",0.00921822218766469,1.78084732031189,1,1,0.350025902788359,83.55
"17121",0.00965665236051502,1.86554664547127,1,1,0.261328660673472,40.34
"17123",0.0329389190917813,6.36339465510642,1,1,0.204053024531464,15.02
"17125",0.0324714371617559,6.27308288723712,1,1,0.254603077860734,36.56
"17127",0.0106382978723404,2.05518850304873,1,1,0.233667530092945,26.95
"17129",0.027866605756053,5.38348601027017,1,1,0.272738077098888,47.15
"17131",0.0265435660703982,5.12789099087288,1,1,0.255358829803444,37.03
"17133",0.0032556719910469,0.628955846695551,1,0,0.334846868809995,78.4
"17135",0.0169663720410444,3.27769471917697,1,1,0.28020112753314,51.61
"17137",0.017539232493736,3.38836432350194,1,1,0.268075575194271,44.1
"17139",0.0114765330592669,2.21712524703681,1,1,0.226381228096907,23.67
"17141",0.0196999819266221,3.80579457839097,1,1,0.319850678043578,71.94
"17143",0.00428463793901653,0.827739431407357,1,0,0.24127990248362,30.23
"17145",0.0166227447800527,3.21131015234129,1,1,0.24513484686881,32.04
"17147",0.0185142857142857,3.57673263136297,1,1,0.258394027121743,38.43
"17149",0.0134170093053452,2.59200142734646,1,1,0.282568947127838,53.17
"17151",0.0158730158730159,3.06647173470762,1,1,0.163440499771446,5.44
"17153",0.0171062009978617,3.30470795643473,1,1,0.150802986439128,3.85
"17155",0.0072202166064982,1.39485717896448,1,1,0.185704708212708,9.26
"17157",0.0131206586056084,2.53475011155534,1,1,0.24723449641932,32.99
"17159",0.010354565422027,2.00037487808508,1,1,0.268096906902331,44.13
"17161",0.00343744125466606,0.664071436170537,1,0,0.273768093859516,47.85
"17163",0.00822457663420624,1.58888720206,1,1,0.394197775407588,95.04
"17165",0.014670196337966,2.834101772018,1,1,0.235118086241048,27.49
"17167",0.00434810139941322,0.839999792579427,1,0,0.167886637208594,6.24
"17169",0.0164179104477612,3.1717386748543,1,1,0.198064909340241,12.85
"17171",0.0272873194221509,5.27157500460973,1,1,0.216934328813043,19.92
"17173",0.0210325047801147,4.06322162935446,1,1,0.278677434100259,50.68
"17175",0.0230279274865262,4.44871279101875,1,1,0.197915587383818,12.79
"17177",0.00586434168872282,1.13291879596157,1,1,0.294081974706689,58.99
"17179",0.0119637367586301,2.31124701854478,1,1,0.329852201737011,76.46
"17181",0.0110839211170289,2.14127744135118,1,1,0.215084564985525,19.28
"17183",0.0117547389600762,2.27087121050624,1,1,0.276858144141399,49.48
"17185",0.0115001277791975,2.22168345716742,1,1,0.206079536797196,15.53
"17187",0.013634485608043,2.63401517826352,1,1,0.187353344507085,9.77
"17189",0.00784145993726832,1.51487376115796,1,1,0.231896998323937,26.06
"17191",0.00995850622406639,1.9238611049286,1,1,0.317156788054244,70.57
"17193",0.0228751311647429,4.41919441809806,1,1,0.256474173396313,37.54
"17195",0.00815774549579025,1.57597624685209,1,1,0.336669206155722,79.16
"17197",0.00419011299142288,0.809478372366056,1,0,0.376059728782569,91.31
"17199",0.00901332821938824,1.74126432188499,1,1,0.27933871705013,51.07
"17201",0.00969228979437513,1.87243136003993,1,1,0.297793691909188,61.15
"17203",0.0117054263565891,2.26134462110648,1,1,0.279323480115801,51.03
"18001",0.0106166852349433,2.05101320692221,1,1,0.327136980039616,75.02
"18003",0.00392899451587378,0.759033489611137,1,0,0.355809843059576,85.17
"18005",0.0048957557706627,0.94579989151844,1,0,0.20433643150998,15.14
"18007",0.0186179735051916,3.59676383920593,1,1,0.260088374219107,39.61
"18009",0.0211267605633803,4.0814306891531,1,1,0.255380161511504,37.07
"18011",0.0040245110926851,0.777486119239377,1,0,0.240015236934329,29.59
"18013",0.00999000999000999,1.92994724562018,1,1,0.290860886789578,57.65
"18015",0.0117003494909588,2.26036383301423,1,1,0.296836812433338,60.58
"18017",0.00434864813764417,0.840105415691311,1,0,0.239143684290721,29.24
"18019",0.00493233646026816,0.95286683151325,1,0,0.325271979277769,74.23
"18021",0.0102468047598061,1.97955684152181,1,1,0.269041596830718,44.58
"18023",0.00882950461009533,1.70575185805466,1,1,0.28423586774341,54.15
"18025",0.0185185185185185,3.57755035715889,1,1,0.22339478896846,22.4
"18027",0.00876441515650741,1.6931773749664,1,1,0.312634465945452,68.12
"18029",0.0128850165664499,2.48922696344225,1,1,0.310924881913759,67.2
"18031",0.00476190476190476,0.919941520412287,1,0,0.266329422520189,42.98
"18033",0.00571097500413839,1.10329023595216,1,1,0.256766722535426,37.67
"18035",0.00631537005677856,1.22005193771981,1,1,0.352165168368125,84.12
"18037",0.00537401114856971,1.03819295721284,1,1,0.277958250799939,50.14
"18039",0.00391930329996563,0.757161265712728,1,0,0.284452232210879,54.22
"18041",0.0123529411764706,2.38643653236364,1,1,0.268941033064148,44.45
"18043",0.00719344842850819,1.38968589570913,1,1,0.296809385951547,60.55
"18045",0.0152765583845478,2.95124347285908,1,1,0.269041596830718,44.54
"18047",0.00818199960087807,1.58066184209734,1,1,0.336925186652446,79.19
"18049",0.0139879703455029,2.70230408849602,1,1,0.337543806186195,79.48
"18051",0.0068815331010453,1.32942768498605,1,1,0.203346030778607,14.79
"18053",0.00830364058869094,1.60416138710468,1,1,0.25692213926558,37.89
"18055",0.0179986568166555,3.47711946063153,1,1,0.353560871552644,84.6
"18057",0.00279141451427771,0.539267003596768,1,0,0.337665701660826,79.51
"18059",0.00599626762933276,1.15840526754275,1,1,0.339357001371324,80.34
"18061",0.00930192865676737,1.79701838216737,1,1,0.328486972421149,75.6
"18063",0.00315982412936163,0.610439216898077,1,0,0.243275940880695,31.21
"18065",0.0131656129831193,2.54343474521862,1,1,0.316708822184976,70.22
"18067",0.00550364776654294,1.06323715977511,1,1,0.315288739905531,69.62
"18069",0.0121231766612642,2.34204884969793,1,1,0.301356087155264,62.71
"18071",0.00674961372692527,1.30394248197009,1,1,0.30633551729392,65
"18073",0.0130645763344532,2.52391570549844,1,1,0.3221362181929,73.02
"18075",0.00857355864811133,1.65630624139836,1,1,0.26433643150998,42.06
"18077",0.00674280996284574,1.302628078305,1,1,0.26659454517751,43.11
"18079",0.00802586110801471,1.55049780276823,1,1,0.25432576565595,36.4
"18081",0.00494096771992084,0.954534284880121,1,0,0.335630047234496,78.87
"18083",0.00812368972746331,1.56939709064046,1,1,0.28241657778455,52.94
"18085",0.00609602498866442,1.17767716427408,1,1,0.326140484534512,74.61
"18087",0.0119941775836972,2.3171278121127,1,1,0.357147645893646,85.68
"18089",0.00572709632448522,1.10640467706186,1,1,0.42788968459546,98.38
"18091",0.00955414012738853,1.84574254095459,1,1,0.37358525064757,90.61
"18093",0.012828142564306,2.47823960468138,1,1,0.326506170958403,74.74
"18095",0.00952742201793922,1.84058093032643,1,1,0.357586469602316,85.81
"18097",0.00301636366299937,0.582724416593763,1,0,0.285470059424044,54.66
"18099",0.00825251771726968,1.59428507617142,1,1,0.34523541063538,82.5
"18101",0.00703989272544418,1.36002081965075,1,1,0.116675300929453,1.43
"18103",0.00853126514784295,1.64813565654087,1,1,0.339091878714003,80.31
"18105",0.00375808763705397,0.72601637948155,1,0,0.210092945299406,17.28
"18107",0.00984796129923981,1.90250518302265,1,1,0.29376504647265,58.89
"18109",0.0125740874092949,2.42915926871178,1,1,0.384251104677739,93.19
"18111",0.0131481022078889,2.5400518784889,1,1,0.259536797196404,39.26
"18113",0.00826669548303436,1.59702404640408,1,1,0.319003504494896,71.3
"18115",0.0100334448160535,1.93833832060114,1,1,0.211122962060034,17.82
"18117",0.00813408922849396,1.57140614652629,1,1,0.255748895322261,37.35
"18119",0.0128331688055281,2.47921061275967,1,1,0.254539082736553,36.53
"18121",0.0164977610181475,3.18716482443097,1,1,0.30863019960384,66.15
"18123",0.00873424971363116,1.68734978185587,1,1,0.247843973792473,33.25
"18125",0.0115894039735099,2.23893052153322,1,1,0.264263294225202,41.97
"18127",0.00761584209250253,1.4712871642973,1,1,0.391418558586013,94.53
"18129",0.00602954476936991,1.1648340023309,1,1,0.262736553405455,41.08
"18131",0.0143243673404425,2.76729185672326,1,1,0.248331555690995,33.47
"18133",0.0134997081144191,2.60797782165918,1,1,0.297696175529483,61.06
"18135",0.0132612966601179,2.56191965655092,1,1,0.319094926100869,71.38
"18137",0.00771957463568334,1.4913270177302,1,1,0.310647569708975,67.01
"18139",0.0206368973492261,3.98679513204827,1,1,0.338963888465641,80.21
"18141",0.00361314591170065,0.698015418131081,1,0,0.301255523388694,62.58
"18143",0.0127045896760902,2.4543707039957,1,1,0.22849306719488,24.5
"18145",0.00573539418683776,1.1080077221647,1,1,0.277452384580222,49.92
"18147",0.0169843122001815,3.28116053760431,1,1,0.252131647112601,35.38
"18149",0.0148296593186373,2.86490806156452,1,1,0.272369343288131,46.87
"18151",0.00500890471950134,0.967658878884251,1,0,0.283251561785769,53.58
"18153",0.0140651276563217,2.71720993339939,1,1,0.262367819594698,40.92
"18155",0.0227732793522267,4.39951789873285,1,1,0.238400121895475,28.79
"18157",0.00430660759373065,0.831983698895091,1,0,0.214807252780741,19.19
"18159",0.00885289131663213,1.71026988255213,1,1,0.287316775864696,55.74
"18161",0.0140318054256314,2.7107724876508,1,1,0.273612677129362,47.73
"18163",0.00470649758138319,0.909237533575224,1,0,0.347923205850983,83.2
"18165",0.0157927984838913,3.05097472025553,1,1,0.23930214840774,29.27
"18167",0.0095094013399611,1.83709955664783,1,1,0.328840469297577,75.82
"18169",0.00556943948589789,1.07594731198524,1,1,0.301246381228097,62.55
"18171",0.011001100110011,2.12527743989637,1,1,0.269520036568642,45.02
"18173",0.0100985580424334,1.95091739630085,1,1,0.360469297577327,86.96
"18175",0.0103483457221979,1.99917330846046,1,1,0.332439433186043,77.41
"18177",0.00531408385808632,1.02661574064133,1,1,0.29614505561481,60.07
"18179",0.00746683612677735,1.44250104161876,1,1,0.28947127837879,56.7
"18181",0.00964662875710804,1.86361020839004,1,1,0.301398750571385,62.74
"18183",0.00719518576661434,1.39002152809549,1,1,0.289748590583575,56.98
"19001",0.0307813733228098,5.94658330874241,1,1,0.212652750266646,18.33
"19003",0.000653167864141084,0.126184009984703,1,0,0.223087002895017,22.24
"19005",0.0253506844684806,4.89744091481951,1,1,0.306685966783483,65.16
"19007",0.0144314027323456,2.78796977996797,1,1,0.298522017370105,61.31
"19009",0.00406008932196508,0.784359396210233,1,0,0.205643760475392,15.43
"19011",0.0284963887065003,5.50515234211266,1,1,0.378320889836965,91.82
"19013",0.0122374499145037,2.36412503886673,1,1,0.307520950784702,65.48
"19015",0.0141578370478626,2.73512024930763,1,1,0.317726649398141,70.82
"19017",0.021904336164506,4.23164874610748,1,1,0.294359286911474,59.27
"19019",0.0241129435282359,4.658324565506,1,1,0.353189090355021,84.51
"19021",0.0122148519657013,2.35975939267704,1,1,0.241484077403626,30.38
"19023",0.0300483294809834,5.8049682408029,1,1,0.281828432119458,52.75
"19025",0.0360151031077549,6.95767562925819,1,1,0.272351058966936,46.8
"19027",0.0117418351477449,2.26837835243185,1,1,0.319250342831023,71.52
"19029",0.0241732166691384,4.66996859613119,1,1,0.301980801462746,63.06
"19031",0.0246429132004395,4.76070819777007,1,1,0.324010361115344,73.75
"19033",0.0148337993165579,2.86570785832066,1,1,0.36317842450099,87.75
"19035",0.0105263157894737,2.03355493985874,1,1,0.280603382599421,51.96
"19037",0.0291618063656057,5.63370286204825,1,1,0.259823251561786,39.39
"19039",0.0205401293267402,3.96810073848434,1,1,0.195035806795673,11.74
"19041",0.0106666666666667,2.06066900572352,1,1,0.374173396312662,90.74
"19043",0.0312458093066917,6.03630663722317,1,1,0.329769922291635,76.36
"19045",0.0177204620308948,3.42337564445302,1,1,0.335319213774189,78.68
"19047",0.0139571979263592,2.69635923502471,1,1,0.269407283254609,44.89
"19049",0.0120227901886307,2.32265541600263,1,1,0.223781807100411,22.62
"19051",0.021945866861741,4.23967196678669,1,1,0.304571080298644,64.46
"19053",0.0206847360912981,3.9960369895227,1,1,0.279695261313424,51.38
"19055",0.0188750950088675,3.64643655608063,1,1,0.321965564528417,72.89
"19057",0.00947325065214407,1.83011568771782,1,1,0.345744324241963,82.79
"19059",0.0168873877877522,3.2624359314239,1,1,0.312143836660064,67.77
"19061",0.00851930154255736,1.6458244349213,1,1,0.354852963583727,84.86
"19063",0.0242080865310327,4.67670502522239,1,1,0.291485601097059,58.03
"19065",0.0222249063896606,4.29357897677627,1,1,0.295212555233887,59.69
"19067",0.0253579952267303,4.89885326353202,1,1,0.283909797348774,53.96
"19069",0.0251978342357351,4.86791212696298,1,1,0.274572603992077,48.23
"19071",0.025992272567615,5.02138785641269,1,1,0.216026207527046,19.54
"19073",0.0212380212380212,4.10292488513328,1,1,0.262340393112906,40.88
"19075",0.0308273667462212,5.95546867331343,1,1,0.233911321042206,27.11
"19077",0.0189412336085478,3.65921372130968,1,1,0.314097211641018,68.82
"19079",0.0274943310657596,5.31156711190428,1,1,0.282934633551729,53.32
"19081",0.0111206159110351,2.14836642491492,1,1,0.207204022550663,16.07
"19083",0.020703933747412,3.99974574092299,1,1,0.29542587231449,59.75
"19085",0.02398414271556,4.63344183026288,1,1,0.286780435776322,55.39
"19087",0.0180160857908847,3.48048652441238,1,1,0.307615419777541,65.51
"19089",0.0220697329376855,4.26360137149537,1,1,0.274862105744324,48.43
"19091",0.0209662716499544,4.05042620199758,1,1,0.249446899283864,34.17
"19093",0.0181475371199623,3.50588130687407,1,1,0.216288282797501,19.63
"19095",0.012646281615704,2.44310630279367,1,1,0.227834831631876,24.21
"19097",0.0319283013583532,6.16815572011487,1,1,0.346289806490934,82.85
"19099",0.0282047089601046,5.44880339714439,1,1,0.380246838336127,92.3
"19101",0.0110833035395066,2.14115813295817,1,1,0.271104677738839,45.91
"19103",0.00631872891633799,1.2207008281375,1,1,0.185104373000152,9.16
"19105",0.0211049872294663,4.077224348433,1,1,0.334438518969983,78.27
"19107",0.0350140056022409,6.76427588538446,1,1,0.264857534664026,42.44
"19109",0.0141972121837894,2.74272704201392,1,1,0.290355020569862,57.17
"19111",0.0120294916569655,2.3239500573861,1,1,0.298927319823252,61.49
"19113",0.0101187857457105,1.95482514016337,1,1,0.369858296510742,89.5
"19115",0.018272050530115,3.52993576860208,1,1,0.212582660368734,18.29
"19117",0.0190667335674862,3.68345877214754,1,1,0.253310985829651,35.89
"19119",0.0178287169691181,3.44428916906988,1,1,0.245162273350602,32.1
"19121",0.0232044198895028,4.4828089558212,1,1,0.335566052110316,78.81
"19123",0.0132829373650108,2.56610037497293,1,1,0.293813804662502,58.92
"19125",0.00804461102477375,1.55412005642372,1,1,0.235297882066128,27.52
"19127",0.0138765541740675,2.68077985244478,1,1,0.27304586317233,47.47
"19129",0.0307805959123369,5.94643312258619,1,1,0.327118695718422,74.99
"19131",0.0227414980179428,4.39337813524666,1,1,0.281703489257961,52.66
"19133",0.0276365946632783,5.33905069184641,1,1,0.256925186652446,37.93
"19135",0.00602409638554217,1.16378144148542,1,1,0.207758646960232,16.29
"19137",0.0207847707847708,4.01536246380421,1,1,0.254996190766418,36.84
"19139",0.0116423937792671,2.24916750125288,1,1,0.271281426177053,46.04
"19141",0.0189592050209205,3.66268557747831,1,1,0.290571385037331,57.4
"19143",0.013663535439795,2.63962724900537,1,1,0.20703336888618,16.04
"19145",0.0124035281146637,2.39620930757886,1,1,0.264787444766113,42.35
"19147",0.0249320036264733,4.81655691784312,1,1,0.246469602316014,32.74
"19149",0.0122085754210488,2.35854684133061,1,1,0.290900502818833,57.68
"19151",0.0194469766028563,3.75691705692529,1,1,0.206399512418102,15.72
"19153",0.00773469169582465,1.49424744810122,1,1,0.348145665092184,83.26
"19155",0.0113759951276809,2.19770255333191,1,1,0.314831631875667,69.3
"19157",0.0172541897135309,3.33329755889501,1,1,0.194575651378942,11.58
"19159",0.0190263010632345,3.6756477088661,1,1,0.237306110010666,28.41
"19161",0.0265322366675511,5.12570228937597,1,1,0.296379704403474,60.29
"19163",0.0102057281161759,1.97162133842294,1,1,0.383288130428158,93.03
"19165",0.00914249684741488,1.76621811453683,1,1,0.277434100259028,49.89
"19167",0.00891448695843575,1.72216940411017,1,1,0.276550358067957,49.32
"19169",0.00855869543198622,1.65343485057389,1,1,0.232820356544263,26.57
"19171",0.0227057710501419,4.38647612382018,1,1,0.265433490781655,42.63
"19173",0.0214370782056372,4.1413802467151,1,1,0.206704251104678,15.84
"19175",0.0134168157423971,2.59196403336199,1,1,0.252814261770532,35.67
"19177",0.02947458351132,5.69412756547375,1,1,0.262608563157093,41.01
"19179",0.0160952551905702,3.10940564160175,1,1,0.303023007770837,63.63
"19181",0.0243810005053057,4.71010988154497,1,1,0.371720249885723,89.95
"19183",0.0132055169715348,2.55114370573103,1,1,0.358064909340241,86.06
"19185",0.0230739147438404,4.45759696437553,1,1,0.237830260551577,28.54
"19187",0.0144875045273452,2.79880795779182,1,1,0.308633246990706,66.18
"19189",0.0254849752757703,4.92338424960094,1,1,0.259088831327137,38.91
"19191",0.015353121801433,2.96603458474791,1,1,0.27656254761542,49.35
"19193",0.00801891824615056,1.54915652711937,1,1,0.365786987658083,88.61
"19195",0.032,6.18200701717057,1,1,0.253152521712631,35.79
"19197",0.0151069005249008,2.91846765789482,1,1,0.200886789577937,13.74
"20001",0.0140254715460261,2.70954885989561,1,1,0.220813652293159,21.16
"20003",0.0194472876151484,3.75697714068068,1,1,0.272564376047539,46.99
"20005",0.00700627645599183,1.35352656922433,1,1,0.23632485143989,27.9
"20007",0.0254641909814324,4.91936897918082,1,1,0.202907207069938,14.67
"20009",0.00970143641422877,1.87419837466864,1,1,0.324500990400732,73.88
"20011",0.00704887218045113,1.36175554008398,1,1,0.254630504342526,36.59
"20013",0.016361511492014,3.16084308922336,1,1,0.222669510894408,22.02
"20015",0.00960539979231568,1.85564527871326,1,1,0.360545482248972,87.02
"20017",0.021953896816685,4.24122325546828,1,1,0.165070851744629,5.7
"20019",0.0393145161290323,7.59508170582322,1,1,0.180508913606582,8.15
"20021",0.00972326103216156,1.87841462283137,1,1,0.229172634465945,24.85
"20023",0.00170940170940171,0.330235417583898,1,0,0.174103306414749,7.03
"20025",0,0,0,0,0.134173396312662,2.23
"20027",0.0183098591549296,3.53723993059936,1,1,0.295675758037483,59.85
"20029",0.0179407176287051,3.46592632105409,1,1,0.282392198689624,52.91
"20031",0.0236732570239334,4.57338253253871,1,1,0.213832088983697,18.77
"20033",0.00365853658536585,0.706784338853342,1,0,0.184141398750571,8.97
"20035",0.01013143483023,1.95726878795276,1,1,0.253624866676825,36.11
"20037",0.00743203598670057,1.43577808192647,1,1,0.252671034587841,35.54
"20039",0,0,0,0,0.189782111839098,10.44
"20041",0.00968002151115891,1.87006127838583,1,1,0.281834526893189,52.78
"20043",0.0129090363254278,2.49386728589701,1,1,0.187194880390065,9.67
"20045",0.00522760446722564,1.00990898435566,1,1,0.283760475392351,53.93
"20047",0.0119142176330421,2.30168053161136,1,1,0.192838640865458,11.23
"20049",0.0158150851581509,3.05528023202621,1,1,0.180530245314643,8.18
"20051",0.0108153544410199,2.08939365773662,1,1,0.307950632332775,65.7
"20053",0.0214141414141414,4.13694914027828,1,1,0.207950632332775,16.35
"20055",0.0160619967096718,3.10298051153006,1,1,0.294782873685815,59.5
"20057",0.0070313668777739,1.35837373058434,1,1,0.251482553710194,35.03
"20059",0.0144474484623184,2.79106961794569,1,1,0.269230534816395,44.77
"20061",0.00354597838317024,0.685039476484174,1,0,0.087316775864696,0.57
"20063",0.0630508474576271,12.1806494194251,1,1,0.172680176748438,6.81
"20065",0.0276100086281277,5.33391459635079,1,1,0.197190309309767,12.44
"20067",0.012011087157376,2.32039453408581,1,1,0.253713240895932,36.18
"20069",0.00143437724121444,0.277104067826795,1,0,0.195831174767637,11.93
"20071",0.0228571428571429,4.41571929797898,1,1,0.160286454365382,4.93
"20073",0.0302083333333333,5.83587902011545,1,1,0.240076184671644,29.65
"20075",0.00710108604845447,1.37184261815867,1,1,0.150141703489258,3.69
"20077",0.0129776496034607,2.50712252859297,1,1,0.230312357153741,25.23
"20079",0.00567515884276109,1.09637099342208,1,1,0.258848087764742,38.78
"20081",0.0165130568356375,3.19011978852648,1,1,0.166847478287369,5.98
"20083",0.0209713024282561,4.05139808658391,1,1,0.136480268170044,2.51
"20085",0.00843034925732638,1.6286399458122,1,1,0.236236477220783,27.87
"20087",0.0222545757071547,4.29931072455576,1,1,0.291421605972878,57.94
"20089",0.00952380952380952,1.83988304082457,1,1,0.188127380770989,10.05
"20091",0.00364840279144107,0.704826614317293,1,0,0.338040530245315,79.83
"20093",0.0151580770896492,2.92835434171949,1,1,0.132920920310833,2.07
"20095",0.0171767645221736,3.31833996276137,1,1,0.213957031845193,18.8
"20097",0,0,0,0,0.139445375590431,2.9
"20099",0.0157596133641521,3.04456376265886,1,1,0.211513027578851,17.98
"20101",0.00918484500574053,1.77439925865975,1,1,0.138454974859058,2.8
"20103",0.00584140753436636,1.12848819898768,1,1,0.275489867438671,48.78
"20105",0.00702370500438982,1.35689355073981,1,1,0.197939966478744,12.82
"20107",0.0292664386164956,5.65391652796149,1,1,0.268048148712479,44
"20109",0.025390625,4.90515693501083,1,1,0.201880237696175,14.22
"20111",0.00879492107868833,1.69907074449727,1,1,0.268374219107116,44.29
"20113",0.00689987163029525,1.33297046362692,1,1,0.236419320432729,27.97
"20115",0.00643158128188068,1.24250251925279,1,1,0.260082279445376,39.58
"20117",0.00768472906403941,1.48459528121707,1,1,0.26289806490934,41.11
"20119",0.010233918128655,1.97706730264044,1,1,0.198128904464422,12.89
"20121",0.0124332289556088,2.40194714530193,1,1,0.328843516684443,75.85
"20123",0.0105904156738152,2.04593825032121,1,1,0.261474935243029,40.41
"20125",0.00693051249316068,1.33888990204086,1,1,0.266625019046168,43.14
"20127",0.00954198473282443,1.84339426800172,1,1,0.241127533140332,30.19
"20129",0.00473036896877956,0.913849192462537,1,0,0.144132256589974,3.21
"20131",0.00480489225393128,0.928246175954739,1,0,0.260024379094926,39.48
"20133",0.0181645655415481,3.50917098880327,1,1,0.301895474630504,62.97
"20135",0.00625978090766823,1.2093127967861,1,1,0.186067347249733,9.42
"20137",0.0140636565507032,2.71692573386012,1,1,0.221840621666921,21.54
"20139",0.034106412005457,6.58893994838268,1,1,0.271692823403931,46.39
"20141",0.02031144211239,3.92392117711402,1,1,0.223467926253238,22.43
"20143",0.0136307311028501,2.63328985396826,1,1,0.211890903550206,18.14
"20145",0.00373134328358209,0.720849698830523,1,0,0.173548682005181,6.94
"20147",0.0115714818962299,2.23546819629861,1,1,0.230016760627762,25.1
"20149",0.0156370161497052,3.02087948640897,1,1,0.286643303367362,55.33
"20151",0.00788106752641949,1.52252546097251,1,1,0.226829193966174,23.8
"20153",0.00956937799043062,1.84868630896249,1,1,0.21026969373762,17.4
"20155",0.00746640119462419,1.44241701806805,1,1,0.347408197470669,83.01
"20157",0.027072758037225,5.23012438000894,1,1,0.2196617400579,20.65
"20159",0.0105936879276098,2.04657040956872,1,1,0.195453298796282,11.84
"20161",0.00406255217318716,0.784835188820767,1,0,0.244988572299253,32.01
"20163",0.0182242990654206,3.52071077204515,1,1,0.231839097973488,25.99
"20165",0.0303514376996805,5.86352502627001,1,1,0.150400731372848,3.72
"20167",0.0266292922214436,5.14445223047656,1,1,0.244013408502209,31.66
"20169",0.00573619539292938,1.10816250534222,1,1,0.281042206308091,52.27
"20171",0.01437438745508,2.77695512858854,1,1,0.240036568642389,29.62
"20173",0.00605476347523128,1.16970594659962,1,1,0.355416730153893,85.05
"20175",0.00845301600328273,1.63301888276715,1,1,0.228618010056377,24.56
"20177",0.00399483347172248,0.771752767331758,1,0,0.263915892122505,41.74
"20179",0.023134328358209,4.46926813274924,1,1,0.206384275483773,15.69
"20181",0.00894085281980743,1.72726296473559,1,1,0.282303824470517,52.88
"20183",0.0110017371163868,2.12540050170528,1,1,0.201715678805424,14.09
"20185",0.00698856416772554,1.35010477265082,1,1,0.18875209507847,10.21
"20187",0,0,0,0,0.136175529483468,2.45
"20189",0.00531537916371368,1.02686597778126,1,1,0.191964040834984,11.01
"20191",0.0169919022965618,3.28262685101318,1,1,0.26739296053634,43.65
"20193",0.0142995169082126,2.76249105839748,1,1,0.255401493219564,37.13
"20195",0.00911854103343465,1.76159014547034,1,1,0.227368581441414,24.05
"20197",0.0370171673819742,7.1512621409732,1,1,0.20092031083346,13.78
"20199",0.00523560209424084,1.01145402767843,1,1,0.180466250190462,8.08
"20201",0.0183727034120735,3.54938066930725,1,1,0.23843973792473,28.83
"20203",0,0,0,0,0.187947584945909,9.99
"20205",0.0164259416595865,3.17329020634994,1,1,0.209757732744172,17.12
"20207",0.0186915887850467,3.6109854072258,1,1,0.209297577327442,16.89
"20209",0.00383632965032638,0.741131775578038,1,0,0.267469145207984,43.72
"21001",0.0162775402828017,3.1446208828299,1,1,0.313103763522779,68.31
"21003",0.00469719845663479,0.90744105687372,1,0,0.241682157549901,30.51
"21005",0.0123663101604278,2.38901925588351,1,1,0.312329727258876,67.96
"21007",0.0101626016260163,1.96328983014817,1,1,0.253442023464879,35.92
"21009",0.0110872270618848,2.14191610929798,1,1,0.374834679262532,90.9
"21011",0.0136986301369863,2.6464071135148,1,1,0.276142008227945,49.06
"21013",0.010547132498352,2.03757647237,1,1,0.258845040377876,38.75
"21015",0.00385021144603843,0.74381356803125,1,0,0.232664939814109,26.44
"21017",0.0201719197707736,3.89696717414764,1,1,0.211513027578851,18.01
"21019",0.00839669898014343,1.62213912550986,1,1,0.283940271217431,54.02
"21021",0.00461585180686304,0.891725883132712,1,0,0.271317994819442,46.1
"21023",0.00620796689084325,1.19930296504861,1,1,0.257958250799939,38.18
"21025",0.0199701937406855,3.85799618247418,1,1,0.210086850525674,17.21
"21027",0.00888324873096447,1.71613456219043,1,1,0.350199603839708,83.58
"21029",0.00836135879793897,1.61531183631061,1,1,0.259451470364163,39.17
"21031",0.00739476678043231,1.42857812896789,1,1,0.284184062166692,54.12
"21033",0.0107097476856054,2.06899172951683,1,1,0.260603382599421,39.93
"21035",0.00648163536646169,1.25217235369397,1,1,0.265381685204937,42.54
"21037",0.00625969421670729,1.20929604915708,1,1,0.304397379247295,64.33
"21039",0.0103092783505155,1.9916259720266,1,1,0.201493219564224,13.94
"21041",0.0153385708941264,2.96322352815181,1,1,0.186661587688557,9.55
"21043",0.0324862835691597,6.27595103082307,1,1,0.292799024836203,58.57
"21045",0.00896206752813672,1.73136138585305,1,1,0.265762608563157,42.7
"21047",0.00501461313644055,0.968761674933474,1,0,0.10673167758647,0.95
"21049",0.00904529248646507,1.74743942574023,1,1,0.283751333231754,53.9
"21051",0.0259844093543874,5.01986878018298,1,1,0.238729239676977,28.89
"21053",0.0238272524199553,4.60313255187682,1,1,0.241938138046625,30.73
"21055",0.0155201342281879,2.99829933456521,1,1,0.263489257961298,41.39
"21057",0.0111317254174397,2.15051264511963,1,1,0.185823556300472,9.32
"21059",0.00417246175243394,0.8060683697632,1,0,0.325783940271218,74.45
"21061",0.0148560817084494,2.87001254279042,1,1,0.260176748438214,39.71
"21063",0.00692383778437191,1.33760043027306,1,1,0.164028645436538,5.63
"21065",0.00924898261191269,1.78678985651665,1,1,0.265073899131495,42.48
"21067",0.00392186075860618,0.757655335314666,1,0,0.283172329727259,53.55
"21069",0.0175873173148378,3.39765372042289,1,1,0.321548072527808,72.57
"21071",0.017764677766271,3.43191758152692,1,1,0.27260703946366,47.03
"21073",0.00281486247386199,0.543796861430779,1,0,0.146591497790645,3.47
"21075",0.0166235685260436,3.21146928995054,1,1,0.196650921834527,12.31
"21077",0.0245786516853933,4.74829366224039,1,1,0.14673167758647,3.53
"21079",0.0134340890008396,2.59530101476514,1,1,0.328334603077861,75.56
"21081",0.0200281646064779,3.86919544182167,1,1,0.3005607191833,62.3
"21083",0.00678493179730016,1.31076549943542,1,1,0.324689928386409,73.97
"21085",0.00996563573883161,1.92523843962571,1,1,0.333533445070852,77.89
"21087",0.0298570227081581,5.7680101216767,1,1,0.306164863629438,64.91
"21089",0.0191090555014606,3.69163485004785,1,1,0.310166082584184,66.75
"21091",0.00785276073619632,1.51705693672897,1,1,0.179527655035807,7.89
"21093",0.00617885086806139,1.19367810701269,1,1,0.244580222459241,31.91
"21095",0.0123864574731627,2.39291146928052,1,1,0.220975163797044,21.32
"21097",0.00917280917280917,1.77207408354603,1,1,0.264007313728478,41.84
"21099",0.0133928571428571,2.58733552615956,1,1,0.250742038701813,34.71
"21101",0.00665453849099962,1.28557511398098,1,1,0.30597592564376,64.78
"21103",0.0191064905872436,3.69113934012011,1,1,0.313847325918025,68.76
"21105",0.00257234726688103,0.496945901701814,1,0,0.175648331555691,7.29
"21107",0.00828136182394438,1.59985740335477,1,1,0.278272131647113,50.3
"21109",0.0266666666666667,5.15167251430881,1,1,0.269617552948347,45.12
"21111",0.00308918878166466,0.596793335175484,1,0,0.285022093554777,54.47
"21113",0.00707334654892773,1.36648368751095,1,1,0.344467469145208,82.34
"21115",0.0300393959290873,5.80324238828696,1,1,0.273981410940119,48.08
"21117",0.00448600880042164,0.866641808852984,1,0,0.225972878256895,23.51
"21119",0.0209537572254335,4.0480085688662,1,1,0.214877342678653,19.25
"21121",0.00599933340739918,1.15899753821524,1,1,0.263781807100411,41.68
"21123",0.0124333925399645,2.40197874779052,1,1,0.315087612372391,69.52
"21125",0.00987876066457117,1.90845524216649,1,1,0.304863629437757,64.59
"21127",0.0216010165184244,4.17305111546616,1,1,0.197333536492458,12.57
"21129",0.0189840944073884,3.66749390128449,1,1,0.22297729696785,22.18
"21131",0.0107933081489477,2.08513458485246,1,1,0.174712783787902,7.13
"21133",0.0214360041623309,4.14117275473835,1,1,0.214188633246991,18.93
"21135",0.0238095238095238,4.59970760206143,1,1,0.276961755294835,49.54
"21137",0.0112204724409449,2.16765748018407,1,1,0.32385494438519,73.66
"21139",0.0138399597382989,2.67371025686007,1,1,0.17861953374981,7.8
"21141",0.00742900131653188,1.4351918209178,1,1,0.301788816090203,62.93
"21143",0.0115059221658206,2.2228028615038,1,1,0.220710041139723,21.13
"21145",0.0110214078374456,2.12920064344335,1,1,0.31838183757428,71.08
"21147",0.00999118424919189,1.93017409807339,1,1,0.240335212555234,29.75
"21149",0.01249566122874,2.41400829375803,1,1,0.236772817309157,28.19
"21151",0.0148697084180955,2.87264505574834,1,1,0.284132256589974,54.09
"21153",0.0123878684322939,2.39318404925708,1,1,0.250227030321499,34.55
"21155",0.00810677212061295,1.56612881675725,1,1,0.194947432576566,11.71
"21157",0.0145240577983018,2.8058696008404,1,1,0.30295596525979,63.6
"21159",0.0371697268248992,7.18073475180751,1,1,0.191954898674387,10.98
"21161",0.00665688818684418,1.28602904636221,1,1,0.289559652597897,56.76
"21163",0.00886777513855899,1.71314525416445,1,1,0.315758037482859,69.81
"21165",0.00784313725490196,1.51519779832612,1,1,0.22199908578394,21.67
"21167",0.00557620817843866,1.07725494025974,1,1,0.263242419625171,41.2
"21169",0.0190440627333831,3.67907904541284,1,1,0.27098887703794,45.78
"21171",0.00690184049079755,1.33335082329695,1,1,0.26015846411702,39.68
"21173",0.0134630417788587,2.60089433591765,1,1,0.27548377266494,48.74
"21175",0.0170068027210884,3.28550543004388,1,1,0.249318909035502,33.95
"21177",0.0112417491749175,2.17176788389411,1,1,0.293365838793235,58.77
"21179",0.0132201100067548,2.55396290092266,1,1,0.29182995581289,58.16
"21181",0.0222057735011103,4.28988273767388,1,1,0.249099497181167,33.92
"21183",0.0106635071090047,2.06005861798486,1,1,0.244251104677739,31.72
"21185",0.00669929206062622,1.29422095402707,1,1,0.34531464269389,82.56
"21187",0.0112414467253177,2.17170945434572,1,1,0.289696785006857,56.89
"21189",0.00443951165371809,0.857659131127992,1,0,0.168230991924425,6.33
"21191",0.00772342773078338,1.49207138838477,1,1,0.281362181928996,52.56
"21193",0.0152308808123136,2.94241912685661,1,1,0.262066128294987,40.76
"21195",0.0159024169866727,3.07215166879947,1,1,0.270537863781807,45.56
"21197",0.0296361502347418,5.72534027228422,1,1,0.24939204632028,33.98
"21199",0.00880642667473362,1.70129348435629,1,1,0.37684290720707,91.54
"21201",0,0,0,0,0.163306414749352,5.41
"21203",0.00927523727351165,1.79186193471159,1,1,0.228453451165625,24.47
"21205",0.0116331432002402,2.24738040298859,1,1,0.204958098430596,15.37
"21207",0.010989010989011,2.1229419701822,1,1,0.271001066585403,45.85
"21209",0.00381962259848355,0.737904178336519,1,0,0.163821423129666,5.57
"21211",0.00636507101525513,1.22965355253426,1,1,0.342373914368429,81.51
"21213",0.00885924746167629,1.71149781171667,1,1,0.231860429681548,26.03
"21215",0.00939282120093928,1.8145777054761,1,1,0.283748285844888,53.87
"21217",0.00552981617097594,1.06829257414489,1,1,0.292756361420082,58.54
"21219",0.0141955835962145,2.74241241889467,1,1,0.301030016760628,62.42
"21221",0.0233206590621039,4.50526493646778,1,1,0.290138656102392,57.14
"21223",0.0217233888486604,4.19669194684823,1,1,0.220027426481792,20.78
"21225",0.0102860816457731,1.98714465354245,1,1,0.232000609477373,26.09
"21227",0.00715184004268238,1.38164766654825,1,1,0.334834679262533,78.36
"21229",0.00840718018632129,1.62416396582674,1,1,0.250873076337041,34.78
"21231",0.0124506529000911,2.40531323739745,1,1,0.273947889684595,48.04
"21233",0.0178780773739742,3.45382499310709,1,1,0.245658997409721,32.29
"21235",0.00633183746234708,1.22323323824416,1,1,0.266823099192443,43.33
"21237",0.0181219110378913,3.50093066252452,1,1,0.241289044644218,30.26
"21239",0.008292008779774,1.60191426446884,1,1,0.235950022855402,27.71
"22001",0.0222389529159669,4.29629259315728,1,1,0.420383970745086,97.68
"22003",0.0134627046694967,2.60082921052886,1,1,0.196516836812433,12.15
"22005",0.00821961114916487,1.58792793132971,1,1,0.340289501752248,80.72
"22007",0.0226913970007893,4.38369923400883,1,1,0.254514703641627,36.43
"22009",0.0291018998272884,5.62212965454038,1,1,0.335032759408807,78.49
"22011",0.0101856258924322,1.96773783566531,1,1,0.326762151455127,74.86
"22013",0.0142201834862385,2.74716481554311,1,1,0.199247295444157,13.11
"22015",0.00699363399982068,1.35108420195044,1,1,0.359085783940271,86.48
"22017",0.00667573046331198,1.28966914277919,1,1,0.367950632332775,89.09
"22019",0.00984537451232714,1.90200544755871,1,1,0.357117172024989,85.59
"22021",0.0189969604863222,3.66997946972987,1,1,0.239832393722383,29.49
"22023",0.00471168947722683,0.910240544092032,1,0,0.138384884961146,2.74
"22025",0.0263347763347763,5.08755537803765,1,1,0.279222916349231,50.91
"22027",0.0151428571428571,2.92541403491107,1,1,0.256858144141399,37.77
"22029",0.0165032679738562,3.18822870064454,1,1,0.271010208746,45.88
"22031",0.0205618892508143,3.97230448858807,1,1,0.256849001980801,37.73
"22033",0.00455025167757653,0.879052743770946,1,0,0.28059728782569,51.92
"22035",0.00695479384003974,1.34358076006564,1,1,0.209681548072528,17.05
"22037",0.0183470796162262,3.54443046662805,1,1,0.252012799024836,35.25
"22039",0.017397049108126,3.36089623951549,1,1,0.260076184671644,39.55
"22041",0.017277856135402,3.33786962095996,1,1,0.303425262837117,63.86
"22043",0.0345572354211663,6.67603349586455,1,1,0.208029864391284,16.39
"22045",0.0110787381748858,2.14027616057936,1,1,0.33172939204632,77.06
"22047",0.00792543394541497,1.53109650827116,1,1,0.170038092335822,6.49
"22049",0.0121145374449339,2.34037985919866,1,1,0.238784092640561,28.92
"22051",0.00477350727165855,0.922182982809621,1,0,0.401706536644827,95.77
"22053",0.0231981009926629,4.4815882225523,1,1,0.335118086241048,78.52
"22055",0.00696035990153637,1.34465605479158,1,1,0.376227335060186,91.38
"22057",0.0125416979131649,2.42290201582559,1,1,0.272259637360963,46.74
"22059",0.0275529865125241,5.32289862388843,1,1,0.226384275483773,23.7
"22061",0.00971862273232136,1.87751856026388,1,1,0.310044187109554,66.72
"22063",0.011877857781048,2.29465625473102,1,1,0.412610086850526,96.98
"22065",0.0259067357512953,5.00486319395286,1,1,0.185339021788816,9.23
"22067",0.00874949522142953,1.6902950267368,1,1,0.310623190614049,66.97
"22069",0.01531515040576,2.95869897741971,1,1,0.272390674996191,46.93
"22071",0.0026259671935202,0.507304613037549,1,0,0.201938138046625,14.32
"22073",0.0109152724344636,2.10869658700571,1,1,0.375715374066738,91.15
"22075",0.00852557673019057,1.64703672410826,1,1,0.20353801615115,14.83
"22077",0.0230366492146597,4.45039772178509,1,1,0.291001066585403,57.78
"22079",0.0105930540951962,2.04644796093033,1,1,0.323714764589365,73.59
"22081",0.0281595709017767,5.440083278603,1,1,0.223190614048453,22.27
"22083",0.0129959905986451,2.51066578362209,1,1,0.272119457565138,46.64
"22085",0.0224207961007311,4.3314224632897,1,1,0.267962821880238,43.91
"22087",0.00903070439494281,1.7446211856103,1,1,0.307060795367972,65.35
"22089",0.00551981155293042,1.06635980480235,1,1,0.220966021636447,21.29
"22091",0.0324561403508772,6.27012773123111,1,1,0.22087764741734,21.19
"22093",0.0173490631505899,3.35162594182131,1,1,0.236538168520494,28.03
"22095",0.00622022233986236,1.20167056729345,1,1,0.287127837879019,55.65
"22097",0.0202123764188942,3.90478290172802,1,1,0.389065975925644,94.15
"22099",0.0137172348227625,2.65000131032794,1,1,0.339521560262075,80.43
"22101",0.0128275358349311,2.47812239201721,1,1,0.25843973792473,38.5
"22103",0.00615810536216581,1.18967033004327,1,1,0.434822489715069,98.89
"22105",0.0111589879571318,2.15577943298471,1,1,0.38749352430291,93.76
"22107",0.0113924050632911,2.2008727513661,1,1,0.171461222002133,6.68
"22109",0.00954765419181256,1.84448953785323,1,1,0.291016303519732,57.84
"22111",0.0171990171990172,3.3226389066488,1,1,0.271583117476764,46.23
"22113",0.0109622411693057,2.11777036976763,1,1,0.366951089440805,88.77
"22115",0.00918850072780204,1.77510549926716,1,1,0.172284016455889,6.78
"22117",0.0102868298543325,1.9872891982476,1,1,0.303413073289654,63.82
"22119",0.0275104266923324,5.31467658929235,1,1,0.309867438671339,66.56
"22121",0.0123964158189045,2.39483529938225,1,1,0.259155873838184,38.94
"22123",0.0213709677419355,4.12860851701159,1,1,0.273810757275636,47.92
"22125",0.0114613180515759,2.21418589440207,1,1,0.166999847630657,6.01
"22127",0.00932495438881006,1.8014666708256,1,1,0.202974249580984,14.7
"23001",0.00991524651417115,1.91550386023694,1,1,0.412274874295292,96.91
"23003",0.0144326420502445,2.78820920096632,1,1,0.337040987353345,79.29
"23005",0.00420311519580703,0.811990238576729,1,0,0.343726954136828,81.99
"23007",0.0121241513094083,2.34223713975,1,1,0.342529331098583,81.58
"23009",0.00992767915844839,1.91790569442956,1,1,0.319405759561176,71.65
"23011",0.00843947468864417,1.63040286707599,1,1,0.361246381228097,87.21
"23013",0.00683403730245361,1.32025207998043,1,1,0.396538168520494,95.29
"23015",0.0113125255554041,2.18544101141968,1,1,0.36199908578394,87.46
"23017",0.0172752257557911,3.33736146392208,1,1,0.335758037482858,78.91
"23019",0.0114437493794062,2.2107918426947,1,1,0.410793844278531,96.72
"23021",0.0263864749565492,5.09754291686821,1,1,0.3080908121286,65.8
"23023",0.00957132674880358,1.849062785148,1,1,0.277013560871553,49.6
"23025",0.0204486904250751,3.9504358656176,1,1,0.380685662044797,92.4
"23027",0.0130750943923927,2.5259476651231,1,1,0.37226877952156,90.2
"23029",0.0189840174082689,3.66747902600021,1,1,0.301292092031083,62.62
"23031",0.00878426992837276,1.69701307306003,1,1,0.418674386713393,97.49
"24001",0.0137916978055574,2.66438664414538,1,1,0.307685509675453,65.54
"24003",0.0021285426633986,0.411208302546159,1,0,0.248834374523846,33.73
"24005",0.00295949224866428,0.571737557765766,1,0,0.320319975620905,72.1
"24009",0.00971835816913754,1.87746744990579,1,1,0.378683528873991,91.92
"24011",0.0109581597536678,2.11698189038908,1,1,0.322547615419778,73.11
"24013",0.00492251866393028,0.950970153830315,1,0,0.389075118086241,94.18
"24015",0.00614253585161181,1.18666249180894,1,1,0.29951851287521,61.88
"24017",0.00540944587603517,1.04503851139543,1,1,0.347520950784702,83.07
"24019",0.00733670489351093,1.41736128545607,1,1,0.295797653512113,59.91
"24021",0.00577242693258746,1.115161993855,1,1,0.368526588450404,89.28
"24023",0.0126489189586704,2.44361580506632,1,1,0.368063385646808,89.21
"24025",0.004752878603559,0.91819777746755,1,0,0.337796739296054,79.64
"24027",0.00205472326258843,0.39694730086454,1,0,0.276952613134238,49.51
"24029",0.00536552649228706,1.03655382581666,1,1,0.311701965564529,67.55
"24031",0.00157655638243821,0.304571331849939,1,0,0.229483467926253,24.94
"24033",0.0027784787568649,0.536767974124942,1,0,0.310748133475545,67.13
"24035",0.00726404815026202,1.40332489493702,1,1,0.380036568642389,92.24
"24037",0.00532592127678651,1.02890258456226,1,1,0.187667225354259,9.86
"24039",0.00610873549175321,1.18013267737679,1,1,0.216559500228554,19.76
"24041",0.00408222772998979,0.788636264765162,1,0,0.347435623952461,83.04
"24043",0.0102936983176504,1.98861610101099,1,1,0.401605972878257,95.74
"24045",0.00699066598401008,1.35051081774519,1,1,0.333957031845193,78.17
"24047",0.00336163576503206,0.649426746518741,1,0,0.310297120219412,66.82
"24510",0.00142369826864903,0.275041021472559,1,0,0.187283254609173,9.7
"25001",0.00369844290193766,0.714493749136978,1,0,0.380868505256742,92.43
"25003",0.0037593984962406,0.726269621378121,1,0,0.340685662044797,80.88
"25005",0.00406239523555976,0.78480487039846,1,0,0.393015389303672,94.78
"25007",0.00304388264141371,0.588040745270727,1,0,0.30891055919549,66.24
"25009",0.00240221877661549,0.464079166681746,1,0,0.353055005332927,84.41
"25011",0.00630482456140351,1.21801467751956,1,1,0.370492152978821,89.76
"25013",0.00447662406196614,0.864828792634665,1,0,0.300115800700899,62.17
"25015",0.00266075388026608,0.514024973711522,1,0,0.261075727563614,40.18
"25017",0.00133034943145217,0.257007172516444,1,0,0.206378180710041,15.65
"25019",0.00361928983664286,0.699202348978135,1,0,0.260073137284778,39.52
"25021",0.00188473108926066,0.364106900602779,1,0,0.360557671796434,87.05
"25023",0.00377608840863547,0.729493907488779,1,0,0.424141398750571,98
"25025",0.000490545959484537,0.094767455118065,1,0,0.161752247447813,5.15
"25027",0.00450662287463189,0.870624194834867,1,0,0.370446442175834,89.72
"26001",0.0234972677595628,4.53938356793604,1,1,0.275910406826147,49
"26003",0.0113069504489524,2.1843639693195,1,1,0.23982020417492,29.46
"26005",0.00733960613625211,1.41792176992433,1,1,0.398454974859058,95.45
"26007",0.00300706660652533,0.580928339457466,1,0,0.333435928691147,77.79
"26009",0.0121026303049863,2.33807954598895,1,1,0.314974859058357,69.42
"26011",0.0647482014388489,12.5085573638793,1,1,0.285165320737468,54.5
"26013",0.00652782095119677,1.26109484147286,1,1,0.180475392351059,8.11
"26015",0.0103810690566768,2.00549505481588,1,1,0.363422215450252,87.97
"26017",0.00952508004268943,1.84012848946929,1,1,0.36379704403474,88.1
"26019",0.0258142758142758,4.98700106959467,1,1,0.290836507694652,57.59
"26021",0.00653729801519959,1.2629256938531,1,1,0.365994209964955,88.67
"26023",0.0050035739814153,0.966629045751295,1,0,0.303848849611458,64.02
"26025",0.0132074203521979,2.55151141550027,1,1,0.287847021179339,56
"26027",0.00723408055729213,1.39753552399866,1,1,0.336117629133018,79
"26029",0.0100903246806087,1.94932681190788,1,1,0.284897150693281,54.34
"26031",0.0132658643326039,2.56280207478095,1,1,0.356565595002285,85.36
"26033",0.0111882169664353,2.16142611862907,1,1,0.262730458631723,41.04
"26035",0.0130089135148157,2.51316233232362,1,1,0.345125704708213,82.47
"26037",0.00778281371606464,1.50354403143884,1,1,0.393088526588451,94.85
"26039",0.0306504961411246,5.92129944450599,1,1,0.244973335364925,31.98
"26041",0.00993377483443709,1.91908330417133,1,1,0.356748438214231,85.46
"26043",0.00558164862841195,1.07830596838197,1,1,0.272762456193814,47.18
"26045",0.00423540801097172,0.818228813887739,1,0,0.264586317232973,42.25
"26047",0.0048150804220879,0.930214404924626,1,0,0.308203565442633,65.96
"26049",0.00856370594374716,1.65440281991344,1,1,0.365692518665245,88.48
"26051",0.0101363803907114,1.95822420950275,1,1,0.315968307176596,69.97
"26053",0.00667629014796103,1.28977726698006,1,1,0.267274112448575,43.59
"26055",0.00866351735318214,1.67368515846097,1,1,0.418013103763523,97.42
"26057",0.00881896430083251,1.7037155997476,1,1,0.312128599725735,67.74
"26059",0.00412943406444625,0.797755948854684,1,0,0.32259637360963,73.15
"26061",0.00726016775921618,1.40257525104094,1,1,0.286990705470059,55.46
"26063",0.00853242320819113,1.64835937957833,1,1,0.328584488800854,75.66
"26065",0.00434260697641576,0.838938337531753,1,0,0.202791406369039,14.64
"26067",0.00839305922293474,1.62143596911596,1,1,0.26081974706689,40.03
"26069",0.00685408921933086,1.32412586406927,1,1,0.30023769617553,62.2
"26071",0.0633210719915922,12.2328534808371,1,1,0.275215602620753,48.62
"26073",0.0102633355840648,1.98275039375828,1,1,0.2519091878714,35.16
"26075",0.0105326561177313,2.03477981341436,1,1,0.31974097211641,71.84
"26077",0.0028925431603881,0.558803816093374,1,0,0.304104830108182,64.14
"26079",0.00661777857270613,1.2784735492047,1,1,0.279314337955204,51
"26081",0.00233271083821784,0.450651086590391,1,0,0.322050891360659,72.92
"26083",0.0218978102189781,4.23038801357475,1,1,0.140801462745696,2.99
"26085",0.0359678182678656,6.94854077888315,1,1,0.248014627456956,33.41
"26087",0.0111890315971949,2.16158349528756,1,1,0.40549443851897,96.34
"26089",0.00332062476940106,0.641503925807117,1,0,0.276309614505562,49.16
"26091",0.0120052904669855,2.31927468468984,1,1,0.401535882980344,95.7
"26093",0.0102792225568026,1.98581956178787,1,1,0.394011884808776,95
"26095",0.0233918128654971,4.51901097746387,1,1,0.219326527502667,20.59
"26097",0.0119182746878547,2.30246430477763,1,1,0.223943318604297,22.72
"26099",0.00489030931808692,0.944747703767123,1,0,0.377211641017827,91.57
"26101",0.026413735142274,5.10280924997571,1,1,0.286460460155417,55.07
"26103",0.00461293007769145,0.89116144093768,1,0,0.321676062776169,72.73
"26105",0.0130450008755034,2.52013396722995,1,1,0.317031845192747,70.44
"26107",0.0174447701437049,3.37011535754097,1,1,0.318451927472193,71.11
"26109",0.00885750962772786,1.71116208353967,1,1,0.235529483467926,27.62
"26111",0.0029983602717264,0.579246382494314,1,0,0.224525369495657,23
"26113",0.0200125078173859,3.86617074244563,1,1,0.287216212098126,55.71
"26115",0.00512943641681582,0.990944122590177,1,0,0.36721316471126,88.83
"26117",0.0234169904441878,4.52387497646828,1,1,0.344059119305196,82.12
"26119",0.00775862068965517,1.49887023584416,1,1,0.202111839097973,14.38
"26121",0.0166461605268872,3.21583378706763,1,1,0.331119914673168,76.84
"26123",0.0233587232499093,4.5126184700964,1,1,0.34161816242572,81.16
"26125",0.00275746617944233,0.532708602216345,1,0,0.344741733963127,82.44
"26127",0.0201740506329114,3.89737883054414,1,1,0.289818680481487,57.02
"26129",0.0348785213891787,6.73810199926364,1,1,0.347889684595459,83.17
"26131",0.0185897435897436,3.59131016622489,1,1,0.239311290568338,29.3
"26133",0.0203511126020351,3.93158502853154,1,1,0.26349535273503,41.43
"26135",0.0241796200345423,4.67120564768933,1,1,0.292469907054701,58.51
"26137",0.0112272883099074,2.1689742223639,1,1,0.295825079993905,59.97
"26139",0.0059168780647048,1.14306817861712,1,1,0.359155873838184,86.54
"26141",0.015609756097561,3.01561317910759,1,1,0.288054243486211,56.06
"26143",0.00612898732413985,1.18404508268694,1,1,0.312244400426634,67.83
"26145",0.00517623573923842,0.999985176953156,1,0,0.322175834222155,73.05
"26147",0.00408503543142976,0.789178678202787,1,0,0.416254761541978,97.3
"26149",0.00469270983410859,0.906573910125145,1,0,0.314895626999848,69.36
"26151",0.00882930019620667,1.70571236780172,1,1,0.373384123114429,90.52
"26153",0.0177247824685788,3.4242102999555,1,1,0.249964955051044,34.46
"26155",0.0084242358786046,1.6274589161198,1,1,0.373874752399817,90.68
"26157",0.00777934936350778,1.50287476106958,1,1,0.365022093554777,88.42
"26159",0.00744426912651212,1.43814137430638,1,1,0.323534968764285,73.53
"26161",0.00166635200249542,0.321918742890717,1,0,0.151577022703032,3.88
"26163",0.00404342438110024,0.781139934292507,1,0,0.307319823251562,65.42
"26165",0.0127246032300916,2.45823707684805,1,1,0.285640713088527,54.72
"27001",0.0267369242779079,5.16524542198702,1,1,0.298110620143227,61.25
"27003",0.0095751087320174,1.84979341785946,1,1,0.396489410330642,95.23
"27005",0.0187831297533994,3.62866999812314,1,1,0.351833003199756,84.03
"27007",0.0132241537855235,2.55474410932028,1,1,0.327258875514247,75.12
"27009",0.0143177417711199,2.76601187809686,1,1,0.314660978211184,69.23
"27011",0.0191570881226054,3.70091416257817,1,1,0.269605363400884,45.08
"27013",0.012343513626099,2.38461524540889,1,1,0.351086393417645,83.74
"27015",0.0113553839044035,2.19372071811526,1,1,0.309986286759104,66.66
"27017",0.0263761467889908,5.0955476417332,1,1,0.257961298186805,38.21
"27019",0.00943620306190754,1.82295854825496,1,1,0.313289654121591,68.47
"27021",0.0175065445026178,3.38204940504975,1,1,0.280274264817919,51.73
"27023",0.00903564974535896,1.74557656657827,1,1,0.252256589974097,35.41
"27025",0.0234696084793424,4.53404013467315,1,1,0.359131494743258,86.51
"27027",0.00944862050140679,1.8253574450712,1,1,0.340252933109858,80.69
"27029",0.0109452736318408,2.11449244990287,1,1,0.25384427853116,36.27
"27031",0.0196998123827392,3.80576182459492,1,1,0.210623190614049,17.63
"27033",0.0182697474476088,3.52949084134537,1,1,0.245924120067043,32.39
"27035",0.0101422817236083,1.95936427454586,1,1,0.393061100106659,94.81
"27037",0.00811863576480212,1.56842072712058,1,1,0.408971506932805,96.6
"27039",0.0262968817358816,5.08023460690389,1,1,0.271555690994972,46.17
"27041",0.00938276147548524,1.81263429005898,1,1,0.390897455431967,94.5
"27043",0.0150705837466616,2.91145170233496,1,1,0.290501295139418,57.3
"27045",0.0262639527248851,5.07387312637112,1,1,0.367243638579918,88.86
"27047",0.0359599282296651,6.94701652039811,1,1,0.337802834069785,79.67
"27049",0.0162800506115563,3.14510584751666,1,1,0.345412159073594,82.66
"27051",0.0236348818255909,4.56596891549375,1,1,0.275477677891208,48.71
"27053",0.00253660486732297,0.490040909049364,1,0,0.252671034587841,35.57
"27055",0.0306462358427715,5.92047640718367,1,1,0.31920158464117,71.46
"27057",0.0177963883800052,3.43804368267141,1,1,0.348118238610391,83.23
"27059",0.0203750184556327,3.93620334586565,1,1,0.334508608867896,78.33
"27061",0.0180548092423428,3.48796741968248,1,1,0.351677586469602,83.93
"27063",0.0129077271934415,2.49361437767433,1,1,0.201094011884809,13.81
"27065",0.0201793721973094,3.89840689143323,1,1,0.299664787444766,61.95
"27067",0.0162518468007728,3.13965721763621,1,1,0.318924272436386,71.27
"27069",0.0209227467811159,4.04201773185441,1,1,0.238665244552796,28.86
"27071",0.0124059385804352,2.39667497996368,1,1,0.241615115038854,30.45
"27073",0.0333078101071975,6.43465986904,1,1,0.285796129818681,54.79
"27075",0.0192612735100838,3.72104149996812,1,1,0.23936004875819,29.37
"27077",0.0138297872340426,2.67174505396334,1,1,0.240411397226878,29.78
"27079",0.0152825256384476,2.95239627303038,1,1,0.336099344811824,78.97
"27081",0.0346766635426429,6.69910554227129,1,1,0.270519579460613,45.53
"27083",0.0119997362695325,2.31820168195145,1,1,0.277236020112753,49.73
"27085",0.0158577334768081,3.063519363439,1,1,0.334142922444004,78.21
"27087",0.0380090497737557,7.34288163804196,1,1,0.205820508913607,15.49
"27089",0.0259365994236311,5.01063248870093,1,1,0.21532530854792,19.34
"27091",0.0169240533107679,3.26951926019175,1,1,0.301755294834679,62.9
"27093",0.0191028117621807,3.69042863629655,1,1,0.310330641474935,66.85
"27095",0.0226693114196656,4.37943257096243,1,1,0.310818223373457,67.17
"27097",0.0211989970366993,4.09538588868292,1,1,0.381980801462746,92.78
"27099",0.0158158050459949,3.05541930551695,1,1,0.296078013103764,60.01
"27101",0.0154204247890602,2.97903669542879,1,1,0.28755142465336,55.9
"27103",0.0111322959591611,2.15062286677354,1,1,0.234523845802225,27.36
"27105",0.0262607905497501,5.0732622329688,1,1,0.241094011884809,30.16
"27107",0.019831223628692,3.83114886348914,1,1,0.224232820356544,22.84
"27109",0.00846217758832454,1.63478878848643,1,1,0.187682462288587,9.9
"27111",0.0149788950730268,2.89373857659104,1,1,0.413018436690538,97.01
"27113",0.0143843498273878,2.77887973657336,1,1,0.187938442785312,9.96
"27115",0.0284286507495836,5.49206620070678,1,1,0.33242724363858,77.38
"27117",0.0169096209912536,3.26673111330077,1,1,0.278034435471583,50.17
"27119",0.0190198998240152,3.67441106806072,1,1,0.276976992229164,49.57
"27121",0.0107689401095787,2.08042697890328,1,1,0.28659454517751,55.27
"27123",0.00296682072922946,0.573153330211989,1,0,0.24601249428615,32.52
"27125",0.0267993874425727,5.17731253830805,1,1,0.223662959012647,22.56
"27127",0.0180757187588955,3.49200688149668,1,1,0.299542891970136,61.92
"27129",0.0190711894016596,3.68431958458903,1,1,0.233789425567576,27.04
"27131",0.0108580011264785,2.0976324736355,1,1,0.274673167758647,48.33
"27133",0.0287652011225444,5.55708359968414,1,1,0.28705470059424,55.52
"27135",0.01375,2.65633114019048,1,1,0.20227944537559,14.48
"27137",0.0108466462777577,2.09543885630829,1,1,0.317470668901417,70.73
"27139",0.0084539847310684,1.63320602907868,1,1,0.333512113362791,77.86
"27141",0.0132602706548394,2.56172144493119,1,1,0.426609782111839,98.25
"27143",0.0123599845500193,2.3877972256356,1,1,0.264312052415054,42.03
"27145",0.0104994765808812,2.0283699343633,1,1,0.375401493219564,91.12
"27147",0.014301377699385,2.76285054040016,1,1,0.289705927167454,56.92
"27149",0.0146631622631069,2.83274287513868,1,1,0.184266341612068,9.04
"27151",0.0174873446847676,3.37834023602856,1,1,0.245799177205546,32.36
"27153",0.0203747072599532,3.93614322668208,1,1,0.312957488953223,68.25
"27155",0.0194805194805195,3.76339712895936,1,1,0.263690385494439,41.58
"27157",0.0278028060239413,5.37116068553242,1,1,0.316830717659607,70.31
"27159",0.0113457295934447,2.19185562379984,1,1,0.302934633551729,63.57
"27161",0.0209456337594332,4.04643921499691,1,1,0.306301996038397,64.97
"27163",0.00798601527279419,1.54280007673891,1,1,0.339009599268627,80.24
"27165",0.0219564791217408,4.24172212509253,1,1,0.270769465183605,45.66
"27167",0.0111587982832618,2.15574279032235,1,1,0.222632942252019,21.95
"27169",0.0131944444444444,2.54900462947571,1,1,0.290943166234954,57.75
"27171",0.0162033728740889,3.13029265029527,1,1,0.420045710802986,97.65
"27173",0.015822059160743,3.05662752368127,1,1,0.260228554014932,39.77
"28001",0.0161621344279117,3.12232588893139,1,1,0.323312509523084,73.5
"28003",0.010677118529531,2.06268817727258,1,1,0.310681090964498,67.07
"28005",0.0316080600553141,6.10628903315939,1,1,0.234475087612372,27.33
"28007",0.0171722953634803,3.31747657618627,1,1,0.312006704251105,67.64
"28009",0.0167760758570387,3.24093183339996,1,1,0.224598506780436,23.07
"28011",0.0139046079223929,2.6861994921012,1,1,0.290553100716136,57.37
"28013",0.016,3.09100350858528,1,1,0.24439433186043,31.85
"28015",0.0116838487972509,2.25717610163015,1,1,0.249928386408655,34.43
"28017",0.0253116735927465,4.88990449270906,1,1,0.280015236934329,51.48
"28019",0.00647372429550647,1.25064403193902,1,1,0.197415815937833,12.6
"28021",0.00575815738963532,1.11240529339682,1,1,0.14441566356849,3.28
"28023",0.0192890603472031,3.72640957565738,1,1,0.235806795672711,27.68
"28025",0.0126435298671139,2.4425746987595,1,1,0.283635532530855,53.77
"28027",0.00985732814526589,1.90431474264333,1,1,0.267341154959622,43.62
"28029",0.014453125,2.79216625531386,1,1,0.256903854944385,37.86
"28031",0.0178237746154952,3.44333436704556,1,1,0.261474935243029,40.44
"28033",0.00603248821968917,1.16540264078491,1,1,0.304324241962517,64.27
"28035",0.0107659041766246,2.07984047393997,1,1,0.308182233734573,65.92
"28037",0.0234917245061399,4.53831267944983,1,1,0.228441261618162,24.44
"28039",0.0223692501575299,4.32146442008418,1,1,0.320088374219107,72.03
"28041",0.0226205719163466,4.37001669747706,1,1,0.2343836660064,27.24
"28043",0.0142101136809094,2.74521945281793,1,1,0.271202194118543,45.98
"28045",0.0100082420817144,1.93346946183437,1,1,0.255401493219564,37.16
"28047",0.0073388884641847,1.41778312449443,1,1,0.290574432424196,57.43
"28049",0.0055582563603954,1.07378686947492,1,1,0.26811214383666,44.16
"28051",0.0296488946684005,5.72780234035635,1,1,0.278278226420844,50.33
"28053",0.0173433188805676,3.35051621939674,1,1,0.221505409111687,21.51
"28055",0.0473815461346633,9.15353283402749,1,1,0.167368581441414,6.14
"28057",0.00690060196740567,1.33311155578759,1,1,0.260015236934329,39.45
"28059",0.00901702246407144,1.74197800458982,1,1,0.269818680481487,45.21
"28061",0.0309549945115258,5.98012479021028,1,1,0.232509523083955,26.31
"28063",0.0176991150442478,3.41925166878903,1,1,0.196337040987353,12.12
"28065",0.0356807511737089,6.8930829416808,1,1,0.243492305348164,31.37
"28067",0.0113600405037656,2.19462031592565,1,1,0.273119000457108,47.5
"28069",0.0127719962157048,2.46739281964885,1,1,0.200393112905683,13.46
"28071",0.00634126276821828,1.225054091589,1,1,0.284784397379247,54.31
"28073",0.0134279849469723,2.59412178652011,1,1,0.341980801462746,81.29
"28075",0.00791228665084209,1.52855661241784,1,1,0.344607648941033,82.41
"28077",0.0172029308697037,3.32339497976277,1,1,0.246311138198994,32.66
"28079",0.01487950832929,2.87453827824121,1,1,0.23306719488039,26.63
"28081",0.00800646135477754,1.54675000868562,1,1,0.30133780283407,62.68
"28083",0.0114393992560881,2.20995145229227,1,1,0.276632637513332,49.38
"28085",0.0153135131406498,2.95838267790721,1,1,0.30461679110163,64.52
"28087",0.0134503704692611,2.59844639451612,1,1,0.325741276855097,74.39
"28089",0.00524488330867164,1.01324704432653,1,1,0.297665701660826,61.01
"28091",0.013548723293382,2.61744695229343,1,1,0.313097668749048,68.28
"28093",0.0151179659463999,2.92060536143719,1,1,0.270236172482097,45.37
"28095",0.00953197979220284,1.84146143634144,1,1,0.299823251561786,62.04
"28097",0.0268502581755594,5.18714013919217,1,1,0.264211488648484,41.9
"28099",0.00889586603872318,1.71857207109988,1,1,0.236337040987353,27.94
"28101",0.0145772594752187,2.81614751146618,1,1,0.243815328355935,31.53
"28103",0.0113636363636364,2.19531499189296,1,1,0.291775102849307,58.13
"28105",0.00990305866622096,1.91314931768843,1,1,0.209626695108944,16.96
"28107",0.0169533575917962,3.27518048740894,1,1,0.315188176138961,69.55
"28109",0.0114014588201969,2.2026218260137,1,1,0.390604906292854,94.43
"28111",0.0294005345551737,5.6798222165203,1,1,0.255553862562852,37.23
"28113",0.0133260313983206,2.57442561298291,1,1,0.308898369648027,66.21
"28115",0.0105159630806476,2.03155492365219,1,1,0.211738534206918,18.04
"28117",0.008774067755301,1.69504213851252,1,1,0.272454670120372,46.96
"28119",0.0124359912216533,2.40248078117913,1,1,0.220700898979125,21.09
"28121",0.00644714407502131,1.24550905976536,1,1,0.387499619076642,93.8
"28123",0.0133548084021207,2.57998497671495,1,1,0.177598659149779,7.6
"28125",0.0265995686556434,5.13871000259056,1,1,0.215453298796282,19.38
"28127",0.0136245918252449,2.63210382092965,1,1,0.277613896084108,50.05
"28129",0.0198696057125116,3.83856381072373,1,1,0.213524302910254,18.68
"28131",0.0138620810668538,2.67798382587118,1,1,0.278957793691909,50.84
"28133",0.0106537029375259,2.05816457245736,1,1,0.211126009446899,17.85
"28135",0.0153031194820483,2.95637475070694,1,1,0.204659454517751,15.27
"28137",0.00949211045364892,1.83375916975674,1,1,0.288145665092184,56.12
"28139",0.00996596985901799,1.92530298754249,1,1,0.236995276550358,28.32
"28141",0.0122617816516472,2.36882563167176,1,1,0.275770227030322,48.9
"28143",0.00442207990240927,0.85429153084947,1,0,0.134316623495353,2.26
"28145",0.00681968174818508,1.3174787631922,1,1,0.22705470059424,23.86
"28147",0.0119617224880383,2.31085788620311,1,1,0.283723906749962,53.83
"28149",0.0107542438271605,2.07758783762092,1,1,0.257985677281731,38.28
"28151",0.0201572382810191,3.89413089062623,1,1,0.33524607648941,78.65
"28153",0.0226117440841367,4.3683112687062,1,1,0.2987627609325,61.41
"28155",0.0123743232791957,2.39056729202265,1,1,0.269364619838488,44.83
"28157",0.0171840354767184,3.31974462188691,1,1,0.229657168977602,25.04
"28159",0.0186837232789093,3.60946588803407,1,1,0.261660825841841,40.57
"28161",0.0238169852710749,4.60114906480103,1,1,0.21718116714917,20.01
"28163",0.00930869267624914,1.79832510766427,1,1,0.254962669510894,36.81
"29001",0.0100562782544515,1.94274946048872,1,1,0.283544110924882,53.67
"29003",0.0128520645337709,2.48286103540314,1,1,0.32547310681091,74.29
"29005",0.0449330783938815,8.68051893543907,1,1,0.223266798720098,22.37
"29007",0.0134428678117999,2.59699697323259,1,1,0.334475087612373,78.3
"29009",0.0131464798131465,2.53973845174884,1,1,0.313277464574128,68.41
"29011",0.0239602169981917,4.6288196754922,1,1,0.271577022703032,46.2
"29013",0.018859649122807,3.64345260058024,1,1,0.33488648483925,78.46
"29015",0.0261925042589438,5.06007016018939,1,1,0.324144446137437,73.81
"29017",0.0138109624514458,2.66810833714742,1,1,0.304522322108792,64.43
"29019",0.00600414832065791,1.15992772032625,1,1,0.26433643150998,42.09
"29021",0.0101360958764981,1.95816924485077,1,1,0.299363096145056,61.69
"29023",0.0190570719602978,3.68159226829016,1,1,0.328682005180558,75.76
"29025",0.0273224043715847,5.27835298597214,1,1,0.272073746762152,46.58
"29027",0.017621929512282,3.40434037190663,1,1,0.292335822032607,58.32
"29029",0.0129837577702025,2.50830255139484,1,1,0.362328203565443,87.56
"29031",0.0117064876177189,2.2615496437237,1,1,0.377882066128295,91.76
"29033",0.0189679218967922,3.66436957084727,1,1,0.248526588450404,33.6
"29035",0.0202739726027397,3.9166825280019,1,1,0.245509675453299,32.2
"29037",0.0131509144213318,2.5405951635901,1,1,0.399222916349231,95.51
"29039",0.015625,3.01855811385282,1,1,0.319094926100868,71.33
"29041",0.025290215588723,4.88575906985132,1,1,0.26973030626238,45.15
"29043",0.0122266635316247,2.36204124215899,1,1,0.447060795367972,99.36
"29045",0.035,6.76157017503031,1,1,0.244461374371476,31.88
"29047",0.00620162570031413,1.19807792491273,1,1,0.328221849763828,75.44
"29049",0.0236905422913196,4.57672183392232,1,1,0.328560109705927,75.63
"29051",0.00384437159970481,0.742685381437074,1,0,0.227978058814566,24.28
"29053",0.0422112327799364,8.15469178903085,1,1,0.319478896845955,71.71
"29055",0.0217475228413332,4.20135433784996,1,1,0.31448422977297,69.07
"29057",0.0311451844753234,6.01686715554754,1,1,0.226365991162578,23.64
"29059",0.0216907675194661,4.19038990666108,1,1,0.335243029102545,78.62
"29061",0.0411835265893643,7.95615157397752,1,1,0.292451622733506,58.45
"29063",0.0341851974775971,6.60416033405834,1,1,0.247624561938138,33.15
"29065",0.0134733957524549,2.60289459646226,1,1,0.282952917872924,53.36
"29067",0.0171726464274762,3.31754439743897,1,1,0.296589974097212,60.39
"29069",0.0254777070063694,4.92198010921224,1,1,0.273307938442785,47.63
"29071",0.0147248422338332,2.84465868800895,1,1,0.429641932043273,98.5
"29073",0.0146208772526352,2.82457393040563,1,1,0.307063842754838,65.38
"29075",0.0230885692657078,4.46042803803232,1,1,0.248575346640256,33.66
"29077",0.00796741485751666,1.53920670493366,1,1,0.359555081517599,86.64
"29079",0.0117276887871854,2.26564544929914,1,1,0.273198232515618,47.53
"29081",0.0490454246214615,9.47497372406203,1,1,0.25897912539997,38.88
"29083",0.0163576881134133,3.16010445943152,1,1,0.298665244552796,61.37
"29085",0.0300101729399797,5.79759686567052,1,1,0.286576260856316,55.23
"29087",0.0228960396039604,4.42323367178432,1,1,0.241365229315862,30.32
"29089",0.0222961730449251,4.30734681936801,1,1,0.246198384884961,32.58
"29091",0.00962971454774733,1.86034259086011,1,1,0.38965107420387,94.3
"29093",0.0188025729836714,3.63242619143496,1,1,0.218525064756971,20.33
"29095",0.00502804238365038,0.971356040573678,1,0,0.325951546548835,74.55
"29097",0.00783795414028401,1.51419648423428,1,1,0.383562395246077,93.13
"29099",0.014823436777871,2.86370594310571,1,1,0.441526740819747,99.24
"29101",0.00692148304897941,1.33714552431306,1,1,0.234834679262532,27.39
"29103",0.0150793650793651,2.91314814797224,1,1,0.240213317080603,29.72
"29105",0.0156280271230223,3.01914291684549,1,1,0.310699375285693,67.1
"29107",0.0221247377455655,4.27422762487952,1,1,0.350379399664788,83.65
"29109",0.0151716795315411,2.93098216644532,1,1,0.37866219716593,91.89
"29111",0.029142663503897,5.63000469625412,1,1,0.264531464269389,42.22
"29113",0.018927242397023,3.65651079106513,1,1,0.387527045558434,93.86
"29115",0.0127936241610738,2.47157107308754,1,1,0.258656102392199,38.63
"29117",0.0120603015075377,2.32990214214971,1,1,0.327688557062319,75.21
"29119",0.0194720900043271,3.76176865767897,1,1,0.272360201127533,46.83
"29121",0.0168298128112657,3.25131315302848,1,1,0.290626238000914,57.46
"29123",0.0158547794117647,3.06294867435065,1,1,0.25622428767332,37.42
"29125",0.0298426478567553,5.76523307691911,1,1,0.286195337498096,54.95
"29127",0.0181368507831822,3.50381683784399,1,1,0.309501752247448,66.43
"29129",0.0144454799627213,2.79068932799813,1,1,0.172000609477373,6.71
"29131",0.0232683982683983,4.49516879292367,1,1,0.31846106963279,71.14
"29133",0.0186176995664371,3.59671091760274,1,1,0.216431509980192,19.73
"29135",0.0198343924513769,3.83176104111646,1,1,0.289840012189548,57.05
"29137",0.0212765957446809,4.11037700609745,1,1,0.267914063690386,43.88
"29139",0.0249270750464068,4.81560477670075,1,1,0.282465335974402,53.01
"29141",0.01805114491058,3.48725951578651,1,1,0.38095687947585,92.46
"29143",0.0241528478731074,4.66603359488135,1,1,0.190022855401493,10.53
"29145",0.0154295589203423,2.98080129741884,1,1,0.31430443394789,68.92
"29147",0.0103859077487018,2.00642983069251,1,1,0.288377266493981,56.22
"29149",0.0275171982489056,5.31598477086275,1,1,0.255654426329423,37.32
"29151",0.0164251207729469,3.17313162113224,1,1,0.251412463812281,35
"29153",0.0405138339920949,7.82677518848794,1,1,0.312338869419473,67.99
"29155",0.0230088495575221,4.44502716942574,1,1,0.22028035959165,20.94
"29157",0.013121872934957,2.53498470507266,1,1,0.264811823861039,42.38
"29159",0.0136546920821114,2.63791882090363,1,1,0.333594392808167,77.98
"29161",0.0143742953776776,2.77693734036516,1,1,0.302373914368429,63.28
"29163",0.0191854065104576,3.70638492734122,1,1,0.281353039768398,52.53
"29165",0.00740493291019431,1.43054210039058,1,1,0.321825384732592,72.8
"29167",0.0138504155124654,2.67573018402466,1,1,0.363272893493829,87.91
"29169",0.00850384183717517,1.64283780969767,1,1,0.156373609629743,4.33
"29171",0.0148786217697729,2.87436700583009,1,1,0.242398293463355,30.8
"29173",0.054093567251462,10.4502128853852,1,1,0.240167606277617,29.69
"29175",0.0118293591654247,2.28528691779021,1,1,0.298963888465641,61.53
"29177",0.0186370481927711,3.60044883459553,1,1,0.280908121285997,52.15
"29179",0.0273584905660377,5.28532439557625,1,1,0.201282949870486,13.87
"29181",0.0148169668797211,2.86245603823812,1,1,0.268209660216364,44.19
"29183",0.00827208420076094,1.59806508049156,1,1,0.373420691756819,90.55
"29185",0.0383736866148926,7.41332499774908,1,1,0.277385342069176,49.86
"29186",0.0239873599540362,4.6340633612265,1,1,0.279268627152217,50.94
"29187",0.0124666771209032,2.40840892006949,1,1,0.340575956117629,80.85
"29189",0.00438928409262903,0.847955783155869,1,0,0.292436385799177,58.42
"29195",0.0158203125,3.05629009027598,1,1,0.257126314185586,38.02
"29197",0.0482041587901701,9.31245149680113,1,1,0.231439890294073,25.74
"29199",0.0236119974473516,4.56154793465442,1,1,0.297034892579613,60.64
"29201",0.00930821766909011,1.79823334211457,1,1,0.31548377266494,69.77
"29203",0.022515907978463,4.34979691002579,1,1,0.243026055157702,31.18
"29205",0.028493894165536,5.50467042743309,1,1,0.232643608106049,26.41
"29207",0.0299776670675142,5.79131713030549,1,1,0.303979887246686,64.05
"29209",0.0121003552397869,2.33764003133184,1,1,0.336970897455432,79.22
"29211",0.0140577507598784,2.7157848076001,1,1,0.180923358220326,8.21
"29213",0.00753064246778208,1.45482764311349,1,1,0.272308395550815,46.77
"29215",0.0221720096031634,4.28335996723529,1,1,0.324184062166692,73.85
"29217",0.010820797044075,2.09044510180781,1,1,0.332850830412921,77.57
"29219",0.00771002302993892,1.48948176480091,1,1,0.35514551272284,84.95
"29221",0.0220907983997217,4.26767096006187,1,1,0.317260399207679,70.63
"29223",0.0182992465016146,3.53518969630987,1,1,0.273006247143075,47.44
"29225",0.0173594820305902,3.3536387414861,1,1,0.372832546091726,90.42
"29227",0.0311418685121107,6.01622655217724,1,1,0.238189852201737,28.67
"29229",0.0322691383453484,6.234001240281,1,1,0.349681548072528,83.49
"29510",0.00379881224909592,0.733883874400764,1,0,0.193341459698309,11.39
"30001",0.0193254329990884,3.73343632531951,1,1,0.269943623342983,45.24
"30003",0.0434402968784108,8.39213187907214,1,1,0.173417644369953,6.87
"30005",0.0366870483602001,7.08748720006353,1,1,0.241069632789883,30.13
"30007",0.0227053140096618,4.38638782921221,1,1,0.298927319823252,61.49
"30009",0.00873689465801298,1.68786075262863,1,1,0.361694347097364,87.34
"30011",0.0223367697594502,4.31518960605763,1,1,0.154158159378333,4.14
"30013",0.00878424269866425,1.69700781261474,1,1,0.381968611915283,92.75
"30015",0.02423900789177,4.68267865238047,1,1,0.221362181928996,21.48
"30017",0.0129364089775561,2.49915534613251,1,1,0.306378180710041,65.13
"30019",0.0014792899408284,0.285780649832219,1,0,0.162645131799482,5.25
"30021",0.036078626524011,6.969947573166,1,1,0.332972725887552,77.63
"30023",0.00768415474297827,1.48448432944113,1,1,0.241011732439433,30.03
"30025",0,0,0,0,0.250943166234954,34.81
"30027",0.00830025261638398,1.60350687246169,1,1,0.370071613591346,89.63
"30029",0.00825332379320099,1.59444080014217,1,1,0.473551729392046,99.81
"30031",0.00748326112642773,1.4456741498405,1,1,0.433731525217126,98.82
"30033",0,0,0,0,0.159801919853725,4.8
"30035",0.0212133227597145,4.09815344243935,1,1,0.208441261618162,16.54
"30037",0.00896860986547085,1.73262528508144,1,1,0.177357915587384,7.54
"30039",0.0243531202435312,4.70472375735964,1,1,0.231156483315557,25.61
"30041",0.0134357005758157,2.59561235125924,1,1,0.297168977601707,60.77
"30043",0.0248939179632249,4.80919923542265,1,1,0.332034130732897,77.22
"30045",0.0173824130879346,3.35806874015528,1,1,0.190812128599726,10.72
"30047",0.00622848713325684,1.2032672238797,1,1,0.379500228554015,92.01
"30049",0.00654880311124025,1.26514833711736,1,1,0.33630351973183,79.03
"30051",0,0,0,0,0.15976230382447,4.77
"30053",0.0177661659046375,3.43220507158392,1,1,0.384534511656255,93.25
"30055",0.0153203342618384,2.95970043475262,1,1,0.210245314642694,17.37
"30057",0.00654228252968258,1.26388864083782,1,1,0.302809690690233,63.47
"30059",0.0162748643761302,3.14410393052301,1,1,0.181986896236477,8.56
"30061",0.101146325016858,19.5402278442259,1,1,0.224619838488496,23.1
"30063",0.00718006101053697,1.38709961096414,1,1,0.457162882827975,99.62
"30065",0,0,0,0,0.227475239981716,24.12
"30067",0.016222733749863,3.13403293372946,1,1,0.364555843364315,88.32
"30069",0,0,0,0,0.120009142160597,1.56
"30071",0.0333778371161549,6.44818822718893,1,1,0.289126923662959,56.57
"30073",0.0250511247443763,4.83956965492967,1,1,0.276321804053024,49.19
"30075",0.028290282902829,5.46533523196968,1,1,0.200746609782112,13.65
"30077",0.0202283849918434,3.90787556142511,1,1,0.242160597287826,30.77
"30079",0.00987306064880113,1.90735406911997,1,1,0.143998171567881,3.18
"30081",0.0077967242539825,1.50623137653324,1,1,0.463690385494438,99.68
"30083",0.0208263912029324,4.0234030174646,1,1,0.341962517141551,81.26
"30085",0.0390195097548774,7.53809009722524,1,1,0.21660521103154,19.79
"30087",0.0147258722247395,2.84485766960302,1,1,0.163644674691452,5.5
"30089",0.0225041896097678,4.34753306510379,1,1,0.345262837117172,82.53
"30091",0.0301089045483664,5.81667059991625,1,1,0.271656254761542,46.33
"30093",0.0117479919130102,2.26956776387163,1,1,0.352600944689928,84.19
"30095",0.0176064715679277,3.40135408689197,1,1,0.274935243029103,48.52
"30097",0.0243230839834787,4.69892112078419,1,1,0.259475849459089,39.2
"30099",0.0129345189975748,2.49879022521042,1,1,0.28645131799482,55.04
"30101",0.0203784570596798,3.93686764193904,1,1,0.218503733048911,20.3
"30103",0.00208768267223382,0.403314654042965,1,0,0.150681090964498,3.82
"30105",0.0047739399045212,0.922266562165646,1,0,0.27394484229773,48.01
"30107",0.0249221183800623,4.8146472096344,1,1,0.14533597440195,3.4
"30109",0,0,0,0,0.196888618010056,12.38
"30111",0.00777633582325952,1.50229258210204,1,1,0.503489257961299,100
"31001",0.0114891491369262,2.21956251830616,1,1,0.333131190004571,77.7
"31003",0.0259575815131371,5.01468597071845,1,1,0.221968611915283,21.64
"31005",0,0,0,0,0.107868352887399,1.05
"31007",0.00282485875706215,0.54572802058356,1,0,0.14980953832089,3.66
"31009",0,0,0,0,0.104799634313576,0.92
"31011",0.0203959208158368,3.9402414251612,1,1,0.223678195946975,22.59
"31013",0.0128299120234604,2.47858144245979,1,1,0.232713698003962,26.5
"31015",0.0202156334231806,3.90541211495782,1,1,0.18259637360963,8.75
"31017",0.0177514792899408,3.42936779798663,1,1,0.209739448422977,17.09
"31019",0.0116501805620977,2.2506718120685,1,1,0.356343135761085,85.33
"31021",0.0437445319335083,8.45090635549345,1,1,0.233941794910864,27.14
"31023",0.0197936994703095,3.82389965691307,1,1,0.206984610696328,16
"31025",0.023489494975858,4.5378819615796,1,1,0.356285235410636,85.24
"31027",0.0192410475681454,3.71713409637461,1,1,0.268218802376962,44.23
"31029",0.0198321891685736,3.83133539393676,1,1,0.229254913911321,24.88
"31031",0.0188243064729194,3.63662483465491,1,1,0.258195946975468,38.37
"31033",0.0177220661335639,3.42368553738915,1,1,0.252037178119762,35.32
"31035",0.00436840189297415,0.843921598630857,1,0,0.213783330793844,18.74
"31037",0.0162980209545984,3.14857749710375,1,1,0.191464269388999,10.85
"31039",0.018705035971223,3.61358323845402,1,1,0.263769617552948,41.65
"31041",0.0200463883366468,3.8727160426899,1,1,0.249431662349535,34.14
"31043",0.00856776630911421,1.65518723263818,1,1,0.191619686119153,10.91
"31045",0.0188087774294671,3.63362481416765,1,1,0.248468688099954,33.57
"31047",0.0142231947483589,2.74774655440431,1,1,0.250254456803291,34.58
"31049",0.0439276485788114,8.48628224256296,1,1,0.159128447356392,4.65
"31051",0.00774526678141136,1.49629042476697,1,1,0.186262380009142,9.45
"31053",0.00874747668941651,1.6899050711409,1,1,0.340905073899132,80.94
"31055",0.00482864487774618,0.932834891176612,1,0,0.290543958555539,57.33
"31057",0.00764331210191083,1.47659403276367,1,1,0.167143074813348,6.05
"31059",0.0208689702360588,4.03162876376373,1,1,0.242922444004266,31.05
"31061",0.0279661016949153,5.40270740377724,1,1,0.20927015084565,16.86
"31063",0.00178890876565295,0.345595204448265,1,0,0.153189090355021,4.01
"31065",0.0285586791610888,5.51718609296793,1,1,0.187386865762609,9.8
"31067",0.0172916457223283,3.34053359980816,1,1,0.329660216364468,76.3
"31069",0.00646830530401035,1.24959714933105,1,1,0.167453908273655,6.17
"31071",0.00927835051546392,1.79246337482394,1,1,0.225960688709432,23.48
"31073",0.0181818181818182,3.51250398702873,1,1,0.16970897455432,6.43
"31075",0.025390625,4.90515693501083,1,1,0.157501142770075,4.55
"31077",0.0235546038543897,4.55046019732844,1,1,0.207389913149474,16.13
"31079",0.00861064681152814,1.66347121910138,1,1,0.333277464574128,77.73
"31081",0.0188041411366998,3.63272913934199,1,1,0.274651836050587,48.27
"31083",0.0345744680851064,6.67936263490836,1,1,0.190732896541216,10.66
"31085",0.0132743362831858,2.56443875159177,1,1,0.193051957946061,11.33
"31087",0.0350665054413543,6.77441820956569,1,1,0.18102087460003,8.24
"31089",0.0174348351458657,3.36819603796731,1,1,0.294429376809386,59.34
"31091",0.0573394495412844,11.0772774820287,1,1,0.182684747828737,8.81
"31093",0.0303921568627451,5.87139146851371,1,1,0.270991924424806,45.82
"31095",0.00658358805549024,1.27186836116253,1,1,0.252716745390827,35.6
"31097",0.0312891113892365,6.04467206779037,1,1,0.189776017065366,10.4
"31099",0.0105065666041276,2.02973963978396,1,1,0.224680786225811,23.13
"31101",0.0357838364167478,6.91299774467558,1,1,0.304132256589974,64.17
"31103",0.023121387283237,4.4667680759903,1,1,0.180073137284778,8.05
"31105",0.0224913494809689,4.34505250990579,1,1,0.174993143379552,7.16
"31107",0.0183908045977011,3.55287759607504,1,1,0.268849611458175,44.42
"31109",0.00623125321914419,1.20380159770363,1,1,0.351531311900046,83.81
"31111",0.0148213693175534,2.86330653516223,1,1,0.355133323175377,84.92
"31113",0.0204778156996587,3.95606251098799,1,1,0.160195032759409,4.9
"31115",0.0262008733624454,5.06168696820734,1,1,0.146420844126162,3.44
"31117",0,0,0,0,0.0830412920920311,0.41
"31119",0.00881488736532811,1.70292798587583,1,1,0.358784092640561,86.32
"31121",0.0182516810758886,3.52600064019695,1,1,0.29216821575499,58.26
"31123",0.0133587786259542,2.58075197520241,1,1,0.197056224287673,12.41
"31125",0.0311111111111111,6.01028460002694,1,1,0.191641017827213,10.94
"31127",0.0169930875576037,3.28285582889062,1,1,0.178622581136675,7.83
"31129",0.0232936078006501,4.50003896496368,1,1,0.234453755904312,27.27
"31131",0.0186903137789904,3.61073909171371,1,1,0.284689928386409,54.25
"31133",0.0124858115777526,2.41210546214799,1,1,0.211424653359744,17.91
"31135",0.0166898470097357,3.2242734790528,1,1,0.197559043120524,12.66
"31137",0.00996789998310525,1.92567586381285,1,1,0.246423891513028,32.71
"31139",0.0336713995943205,6.50490089281386,1,1,0.29774188633247,61.09
"31141",0.0118115403123496,2.28184453420433,1,1,0.312823403931129,68.15
"31143",0.0266403552047361,5.14658946298734,1,1,0.238384884961146,28.76
"31145",0.00869710653955511,1.68017417676905,1,1,0.289718116714917,56.95
"31147",0.0133286566117152,2.57493277197126,1,1,0.288014627456956,56.03
"31149",0.0426929392446634,8.24775156231706,1,1,0.167856163339936,6.2
"31151",0.0121887287024902,2.35471269903695,1,1,0.218473259180253,20.27
"31153",0.00702578546410717,1.35729547000767,1,1,0.305348163949413,64.75
"31155",0.021206964262338,4.09692505883309,1,1,0.359073594392808,86.45
"31157",0.00962427274210212,1.85929130083871,1,1,0.366301996038397,88.71
"31159",0.0141496958476593,2.7335474694081,1,1,0.295797653512114,59.94
"31161",0.0161360662887048,3.11728984457194,1,1,0.228855706231906,24.69
"31163",0.0172043010752688,3.32365968665084,1,1,0.228185281121438,24.34
"31165",0,0,0,0,0.174002742648179,7
"31167",0.0137772675086108,2.66159888798962,1,1,0.192610086850526,11.14
"31169",0.0253439536567705,4.89614060465627,1,1,0.206521407892732,15.75
"31171",0.0874704491725768,16.8982165806229,1,1,0.221112296206003,21.44
"31173",0.0105368790767687,2.03559563723943,1,1,0.136577784549749,2.55
"31175",0.029229406554473,5.64676238835886,1,1,0.251893950937072,35.13
"31177",0.00825267447784004,1.59431536038849,1,1,0.319222916349231,71.49
"31179",0.0191769876148622,3.70475850010222,1,1,0.21114734115496,17.88
"31181",0.0408460977388767,7.89096446393034,1,1,0.201164101782721,13.84
"31183",0.0242990654205607,4.69428102939354,1,1,0.10799024836203,1.11
"31185",0.0152680263011256,2.94959517912198,1,1,0.2904494895627,57.27
"32001",0.00778314546430488,1.50360812112475,1,1,0.281703489257961,52.69
"32003",0.00519149214691029,1.00293252755579,1,1,0.291458174615268,58
"32005",0.00391222997108352,0.755794785438229,1,0,0.278055767179643,50.21
"32007",0.00925119269861025,1.78721681812518,1,1,0.327935395398446,75.28
"32009",0.0253164556962025,4.89082833636912,1,1,0.135282645131799,2.39
"32011",0.000833680700291788,0.16105687310261,1,0,0.0265610239219869,0.06
"32013",0.017390289449113,3.35959035640762,1,1,0.254060642998629,36.33
"32015",0.0212604403948367,4.10725599090679,1,1,0.122715221697394,1.75
"32017",0.0433417085427136,8.37308582335053,1,1,0.195060185890599,11.77
"32019",0.0106499005581574,2.05742999945931,1,1,0.34141703489258,81.07
"32021",0.0208172706245181,4.02164103372218,1,1,0.161285997257352,5.12
"32023",0.0195900363258952,3.78455443854095,1,1,0.325768703336889,74.42
"32027",0.021490626428898,4.15172510583872,1,1,0.11776321804053,1.5
"32029",0.00177683013503909,0.343261761347868,1,0,0.077458479353954,0.29
"32031",0.00425572015530175,0.822152870724675,1,0,0.385058662197166,93.35
"32033",0.0211926033658841,4.09415071000025,1,1,0.202309919244248,14.51
"32510",0.00471245309363819,0.910388065404951,1,0,0.266746914520798,43.24
"33001",0.0109672658975047,2.11874108554842,1,1,0.404427853115953,96.21
"33003",0.00788202390033054,1.52271022066717,1,1,0.407478287368581,96.44
"33005",0.00881700502625446,1.70333709196041,1,1,0.376227335060186,91.41
"33007",0.0155699177438308,3.00791689841033,1,1,0.336519884199299,79.1
"33009",0.00644461560225719,1.24502058987878,1,1,0.246149626695109,32.55
"33011",0.0041461751085903,0.800990112991349,1,0,0.374935243029103,90.96
"33013",0.00582578139448863,1.12546942066345,1,1,0.375087612372391,91
"33015",0.00465068446191466,0.898455124318831,1,0,0.401733963126619,95.8
"33017",0.00681462381434755,1.31650163248982,1,1,0.360728325460917,87.08
"33019",0.0141095638304399,2.7257944565311,1,1,0.354197775407588,84.73
"34001",0.00723957340061907,1.39859667387339,1,1,0.259774493371934,39.33
"34003",0.00204970274211476,0.395977397964601,1,0,0.333862562852354,78.11
"34005",0.00619816265713278,1.19740890749873,1,1,0.31240591193052,68.02
"34007",0.00728125547957215,1.40664913964146,1,1,0.356992229163493,85.52
"34009",0.00666344354991277,1.28729546200252,1,1,0.340353496876429,80.75
"34011",0.0105576736073595,2.0396128851779,1,1,0.320825841840622,72.26
"34013",0.00136644620999565,0.263980626836852,1,0,0.251363705622429,34.93
"34015",0.00665277920401367,1.28523524134059,1,1,0.351616638732287,83.87
"34017",0.00166115112581922,0.32091399738735,1,0,0.226347706841384,23.61
"34019",0.00403409090909091,0.779336822122,1,0,0.386180100563767,93.48
"34021",0.002576266491222,0.497703047713618,1,0,0.167155264360811,6.08
"34023",0.00281425891181989,0.543680260656417,1,0,0.264738686576261,42.32
"34025",0.00363386304084266,0.702017713060192,1,0,0.389623647722078,94.27
"34027",0.00205480502353825,0.396963096075963,1,0,0.242465335974402,30.83
"34029",0.00777742327770765,1.5025026649467,1,1,0.427368581441414,98.31
"34031",0.00274894035260151,0.531061517173934,1,0,0.44110010665854,99.2
"34033",0.00807372025193389,1.55974360162898,1,1,0.29666311138199,60.42
"34035",0.0015580218892458,0.300990695381965,1,0,0.223608106049063,22.49
"34037",0.00746586552474049,1.44231353322492,1,1,0.42141703489258,97.8
"34039",0.00291421874878736,0.562991273580421,1,0,0.353131190004571,84.44
"34041",0.00987528769469571,1.9077843070371,1,1,0.392311442937681,94.72
"35001",0.00423554706780752,0.818255677960697,1,0,0.317677891208289,70.79
"35003",0.0598290598290598,11.5582396154364,1,1,0.209833917415816,17.15
"35005",0.0096173192225665,1.85794796625861,1,1,0.351823861039159,84
"35006",0.0165429996350809,3.19590436966001,1,1,0.203873228706384,14.92
"35007",0.017630176301763,3.40593355035791,1,1,0.256870333688862,37.83
"35009",0.00924989701531663,1.78696650802477,1,1,0.272024988572299,46.55
"35011",0.014903129657228,2.87910162871208,1,1,0.200344354715831,13.43
"35013",0.00571587899065942,1.10423762592357,1,1,0.319744019503276,71.87
"35015",0.0201956453139792,3.90155065772835,1,1,0.302172786835289,63.19
"35017",0.0087839692561076,1.69695498687087,1,1,0.281182386103916,52.43
"35019",0.0538116591928251,10.3957517104886,1,1,0.147545329879628,3.56
"35021",0,0,0,0,0.122130123419168,1.69
"35023",0.0521960534691279,10.0836365254612,1,1,0.198948651531312,13.01
"35025",0.00812354218611759,1.56936858746438,1,1,0.24105744324242,30.1
"35027",0.0176309908120189,3.40609090373658,1,1,0.354798110620143,84.82
"35028",0.00123720136518771,0.239012110038858,1,0,0.0293889989334146,0.1
"35029",0.01105216622458,2.13514278610279,1,1,0.262285540149322,40.82
"35031",0.0155114776019612,2.99662698068776,1,1,0.279174158159378,50.87
"35033",0.0282805429864253,5.4634535997336,1,1,0.215724516227335,19.5
"35035",0.00827288766908449,1.59822030070451,1,1,0.252357153740667,35.48
"35037",0.0593561368209256,11.4668766980968,1,1,0.258765808319366,38.66
"35039",0.00950622981079834,1.83648685616223,1,1,0.255197318299558,36.91
"35041",0.00855861975275098,1.65342023027504,1,1,0.226938899893341,23.83
"35043",0.00635305874794775,1.22733293000968,1,1,0.323038244705165,73.34
"35045",0.0132810671659256,2.56573907547705,1,1,0.357117172024989,85.62
"35047",0.0205540661304736,3.97079315781175,1,1,0.254849916196861,36.72
"35049",0.00314584802299723,0.607739204785033,1,0,0.335538625628524,78.78
"35051",0.0251682033391478,4.86218780163085,1,1,0.232558281273808,26.34
"35053",0.0105820105820106,2.04431448980508,1,1,0.198534206917568,12.92
"35055",0.00646682897139379,1.24931193999995,1,1,0.338363553253086,79.92
"35057",0.00915797506995675,1.76920831704831,1,1,0.270388541825385,45.47
"35059",0.0516304347826087,9.9743659414267,1,1,0.229120828889227,24.75
"35061",0.0133622768933912,2.58142779751002,1,1,0.339012646655493,80.27
"36001",0.00326246198924003,0.630267590960441,1,0,0.212683224135304,18.36
"36003",0.0145250684844238,2.80606485298721,1,1,0.283117476763675,53.42
"36005",0.000871014458840017,0.168269296768938,1,0,0.207539235105897,16.19
"36007",0.00655469529070354,1.2662866338295,1,1,0.315029712021941,69.46
"36009",0.0117492150308923,2.2698040552257,1,1,0.316151150388542,70.09
"36011",0.0103210166752369,1.99389367220778,1,1,0.329986286759104,76.49
"36013",0.0119666910615741,2.3118177535926,1,1,0.363915892122505,88.13
"36015",0.00655071154280551,1.26551702265887,1,1,0.344263294225202,82.21
"36017",0.0115504459009348,2.23140430034462,1,1,0.269294529940576,44.8
"36019",0.0132341964747086,2.55668423353946,1,1,0.292802072223069,58.61
"36021",0.0107096669899774,2.0689761401125,1,1,0.358223373457261,86.13
"36023",0.00665353702027998,1.28538164213672,1,1,0.286158768855706,54.92
"36025",0.0124127709504107,2.39799490993656,1,1,0.314624409568795,69.2
"36027",0.00445158509345977,0.859991571415632,1,0,0.335505104373,78.75
"36029",0.00577782645023647,1.11620511435486,1,1,0.324763065671187,74.04
"36031",0.00966715614292707,1.86757584723933,1,1,0.312451622733506,68.06
"36033",0.0157280836016256,3.03847259974671,1,1,0.224162730458632,22.78
"36035",0.0106997768495737,2.0670654864445,1,1,0.287103458784093,55.62
"36037",0.0100019924287707,1.93226210563585,1,1,0.331013256132866,76.81
"36039",0.0164189315255924,3.17193593455172,1,1,0.324869724211489,74.1
"36041",0.0387634936211972,7.488630924259,1,1,0.208776474173396,16.61
"36043",0.0114305915625737,2.20824991407003,1,1,0.340454060642999,80.81
"36045",0.00886058890910316,1.71175696288561,1,1,0.243998171567881,31.63
"36047",0.000554142502825839,0.107053526280681,1,0,0.230355020569861,25.26
"36049",0.00944584382871537,1.82482102600674,1,1,0.284945908883133,54.41
"36051",0.010363403944485,2.00208237208061,1,1,0.335946975468536,78.94
"36053",0.00761739883142177,1.47158790713863,1,1,0.331982325156179,77.19
"36055",0.00273423932722933,0.528221459611108,1,0,0.27632485143989,49.22
"36057",0.0107694556795478,2.08052658068974,1,1,0.272930062471431,47.38
"36059",0.00184127439724455,0.355711601384447,1,0,0.343757428005485,82.02
"36061",3.1166335492679e-05,0.00602095327235104,1,0,0.159204632028036,4.68
"36063",0.00642616016594135,1.24145522622848,1,1,0.380987353344507,92.49
"36065",0.00538394052731219,1.04011119124603,1,1,0.31536187719031,69.71
"36067",0.0027461319956485,0.530518977099238,1,0,0.306015541673016,64.87
"36069",0.00524109014675052,1.0125142520261,1,1,0.342623800091422,81.61
"36071",0.0040885509121935,0.78985782591373,1,0,0.391476458936462,94.56
"36073",0.0109523069752991,2.11585120548453,1,1,0.268956269998476,44.48
"36075",0.0102879492121075,1.98750544442321,1,1,0.365790035044949,88.64
"36077",0.0107850911974623,2.08354717073552,1,1,0.287411244857535,55.84
"36079",0.00516257294940037,0.997345693745252,1,0,0.365716897760171,88.55
"36081",0.00104347986152896,0.201587494570256,1,0,0.272674081974707,47.12
"36083",0.0078971119133574,1.5256250394924,1,1,0.342349535273503,81.45
"36085",0.0012563056881656,0.24270283062347,1,0,0.278573822946823,50.59
"36087",0.00152716593245228,0.295029703462619,1,0,0.266676824622886,43.18
"36089",0.00930416447021613,1.79745031386829,1,1,0.295069328051196,59.62
"36091",0.0086082356105969,1.66300540469274,1,1,0.393524302910254,94.88
"36093",0.00625838176128744,1.20904249888785,1,1,0.279612981868048,51.32
"36095",0.0154423119347011,2.98326502317684,1,1,0.283172329727259,53.52
"36097",0.00987828541188922,1.90836342918478,1,1,0.255492914825537,37.19
"36099",0.0099682427664079,1.92574208533729,1,1,0.297327441718726,60.9
"36101",0.0096038734736226,1.85535041268604,1,1,0.274904769160445,48.46
"36103",0.00253475017297684,0.489682604878661,1,0,0.403787901874143,96.05
"36105",0.00586138847162087,1.13234827068509,1,1,0.262145360353497,40.79
"36107",0.0107451365966711,2.07582843253366,1,1,0.285927167453908,54.82
"36109",0.00302213932925776,0.583840204385583,1,0,0.208365076946518,16.45
"36111",0.0088028949117495,1.70061119112033,1,1,0.428215754990096,98.41
"36113",0.0083144753235526,1.60625452482168,1,1,0.321724820966022,72.76
"36115",0.0147685657681455,2.8531055378819,1,1,0.332451622733506,77.44
"36117",0.00863662438651284,1.66848976756528,1,1,0.321194575651379,72.45
"36119",0.00243086446051098,0.46961316102092,1,0,0.330062471430748,76.55
"36121",0.00799434029006013,1.54440836783754,1,1,0.299472802072223,61.82
"36123",0.00560658475486103,1.08312332177851,1,1,0.34659454517751,82.88
"37001",0.00618244186510311,1.19437184354114,1,1,0.332896541215908,77.6
"37003",0.00898174362979596,1.73516256705705,1,1,0.322117933871705,72.99
"37005",0.00706955530216648,1.36575126519589,1,1,0.241599878104525,30.42
"37007",0.0144125595161498,2.78432950200708,1,1,0.254645741276855,36.62
"37009",0.00978865406006674,1.89104775274962,1,1,0.32275483772665,73.18
"37011",0.00582207731718677,1.12475383841744,1,1,0.269507847021179,44.99
"37013",0.00734853845735126,1.41964738466541,1,1,0.358473259180253,86.19
"37015",0.0050251256281407,0.970792559229047,1,0,0.206564071308853,15.78
"37017",0.0102271991714674,1.97576928262539,1,1,0.205738229468231,15.46
"37019",0.00902258743857621,1.74305308932229,1,1,0.400825841840622,95.64
"37021",0.00572445673080058,1.10589473997808,1,1,0.382712174310529,92.94
"37023",0.00515448288408478,0.995782792478052,1,0,0.255300929452994,37
"37025",0.00692607083388667,1.33803182801587,1,1,0.358653055005333,86.29
"37027",0.00869049281027503,1.67889648549346,1,1,0.330455584336432,76.65
"37029",0.00570776255707763,1.10266963063117,1,1,0.292387627609325,58.38
"37031",0.00776998117405442,1.50106494191524,1,1,0.376318756666159,91.47
"37033",0.0145454545454545,2.81000318962299,1,1,0.279393570013713,51.1
"37035",0.00570988446726573,1.10307955762094,1,1,0.300600335212555,62.33
"37037",0.00681918169819622,1.31738215967532,1,1,0.367825689471278,88.99
"37039",0.00663926651912741,1.28262475656598,1,1,0.354694499466707,84.76
"37041",0.00494037478705281,0.954419737531657,1,0,0.249477373152522,34.2
"37043",0.00635593220338983,1.22788804631301,1,1,0.29152826451318,58.07
"37045",0.00573637004448117,1.10819624587718,1,1,0.311299710498248,67.42
"37047",0.0102665706051873,1.98337536011078,1,1,0.313588298034436,68.57
"37049",0.00501387237415775,0.968618568757527,1,0,0.276489410330641,49.25
"37051",0.00576943585368455,1.11458415414354,1,1,0.170041139722688,6.52
"37053",0.0202168511407274,3.90564736303342,1,1,0.341548072527808,81.13
"37055",0.00927396848568116,1.79161682048436,1,1,0.302291634923053,63.25
"37057",0.00720308224914847,1.39154703154664,1,1,0.394371476458937,95.1
"37059",0.0103729158711977,2.00391995950825,1,1,0.306759104068262,65.19
"37061",0.011259131929523,2.17512601861126,1,1,0.27376504647265,47.82
"37063",0.00274235192864408,0.529788714575905,1,0,0.117141551119915,1.46
"37065",0.00639305896455277,1.23506048062658,1,1,0.256550358067957,37.61
"37067",0.00529204051019743,1.02235723653723,1,1,0.281011732439433,52.21
"37069",0.0114942528735632,2.2205484975469,1,1,0.387783026055158,93.95
"37071",0.00736523829037867,1.42287358732045,1,1,0.338622581136675,80.08
"37073",0.00304105423213381,0.587494331332733,1,0,0.256279140636904,37.45
"37075",0.0137201097608781,2.65055671306559,1,1,0.256724059119305,37.64
"37077",0.00522158841597192,1.00874675713484,1,1,0.238945604144446,29.08
"37079",0.00647788265778271,1.25144737646313,1,1,0.25894255675758,38.85
"37081",0.00491937945946626,0.950363698079538,1,0,0.355611762913302,85.08
"37083",0.0139868359191349,2.7020849312533,1,1,0.33979887246686,80.56
"37085",0.0100092623024291,1.93366655594743,1,1,0.368023769617553,89.18
"37087",0.0117372012023474,2.26748313108921,1,1,0.399475849459089,95.55
"37089",0.00477383465172706,0.922246228618398,1,0,0.36965107420387,89.44
"37091",0.0691946034341783,13.3675476243883,1,1,0.28559500228554,54.69
"37093",0.00826221173052479,1.59615784048291,1,1,0.299384427853116,61.72
"37095",0.0115979381443299,2.24057921852993,1,1,0.231122962060034,25.58
"37097",0.00727132296149178,1.40473029912674,1,1,0.430519579460613,98.57
"37099",0.00811782442305462,1.56826398585882,1,1,0.269535273502971,45.05
"37101",0.0119191013753887,2.30262401065688,1,1,0.428764284625933,98.47
"37103",0.00398053958425475,0.768991363812129,1,0,0.266884046929758,43.43
"37105",0.00744800902788973,1.43886387732388,1,1,0.278909035502057,50.81
"37107",0.00667170191339376,1.28889087640845,1,1,0.247060795367972,32.96
"37109",0.00731085116973619,1.41236666352496,1,1,0.387173548682005,93.7
"37111",0.0332871012482663,6.43065917181404,1,1,0.282474478134999,53.04
"37113",0.00550177588968591,1.06287553615432,1,1,0.355700137132409,85.14
"37115",0.00851449275362319,1.64489543595458,1,1,0.296312661892427,60.23
"37117",0.0138337214080263,2.67250508806254,1,1,0.317391436842907,70.7
"37119",0.00277592252462849,0.536274141449223,1,0,0.289093402407436,56.47
"37121",0.00596353722951099,1.15208215624984,1,1,0.264309005028188,42
"37123",0.00889064506569199,1.71756344322752,1,1,0.249398141094012,34.01
"37125",0.00583538083538084,1.12732391475584,1,1,0.359939052262685,86.83
"37127",0.00991947456025912,1.91632066681771,1,1,0.326707298491544,74.8
"37129",0.00339266465824604,0.655421147630738,1,0,0.378976078013104,91.98
"37131",0.00938566552901024,1.81319531753616,1,1,0.239018741429224,29.18
"37133",0.00452247670924495,0.87368696098571,1,0,0.154142922444004,4.1
"37135",0.00306041894215484,0.591235355496342,1,0,0.134334907816547,2.29
"37137",0.00315457413249211,0.609424981976594,1,0,0.224440042663416,22.94
"37139",0.00670648642984386,1.29561081780794,1,1,0.273463355172939,47.66
"37141",0.0052821795941062,1.02045222864749,1,1,0.397242114886485,95.35
"37143",0.00527131782945736,1.01835386910755,1,1,0.298077098887704,61.22
"37145",0.0121872995509942,2.35443660451894,1,1,0.33989943623343,80.62
"37147",0.00633812067606621,1.22444707797235,1,1,0.280475392351059,51.83
"37149",0.0042334442092531,0.817849431512586,1,0,0.320673472497334,72.19
"37151",0.00816180276306884,1.57676006106418,1,1,0.375736705774798,91.19
"37153",0.0105389372712356,2.03599325513435,1,1,0.290406826146579,57.21
"37155",0.00949860913223421,1.83501463465101,1,1,0.337229925339022,79.41
"37157",0.0115792067011579,2.23696053374459,1,1,0.313746762151455,68.63
"37159",0.00670747478230882,1.29580175536649,1,1,0.363093097668749,87.69
"37161",0.00980252876829095,1.89372817598722,1,1,0.352853877799787,84.35
"37163",0.00948429164196799,1.83224867136057,1,1,0.321164101782721,72.4
"37165",0.0142931976352615,2.76127025246852,1,1,0.273539539844583,47.69
"37167",0.0060771568137236,1.17403206459016,1,1,0.378567728173092,91.85
"37169",0.0103648863035431,2.0023687456462,1,1,0.327109553557824,74.96
"37171",0.00974413972728666,1.88244813032427,1,1,0.359024836202956,86.35
"37173",0.00562308773670719,1.0863114952028,1,1,0.121541977754076,1.65
"37175",0.0116130134061993,2.24349157398812,1,1,0.311086393417644,67.32
"37177",0.0217560217560218,4.20299622379506,1,1,0.179591650159988,7.92
"37179",0.005888159404986,1.13752008624507,1,1,0.44421453603535,99.3
"37181",0.00921864072731897,1.78092817703313,1,1,0.281167149169587,52.4
"37183",0.00361505047076021,0.698383355552044,1,0,0.354901721773579,84.89
"37185",0.00541711809317443,1.04652068952644,1,1,0.271592259637361,46.26
"37187",0.00465717981888745,0.899709947518356,1,0,0.26801158007009,43.97
"37189",0.00431861804222649,0.834303970047611,1,0,0.274213012341917,48.14
"37191",0.00766803709723683,1.48137059822007,1,1,0.331159530702423,76.87
"37193",0.0102915951972556,1.98820980397853,1,1,0.347807405150084,83.14
"37195",0.00705530035784077,1.36299738501305,1,1,0.309017217735791,66.27
"37197",0.0126786929884275,2.44936778196907,1,1,0.302736553405455,63.41
"37199",0.0083377683164804,1.61075444500076,1,1,0.323044339478897,73.37
"38001",0.00159489633173844,0.308114384827082,1,0,0.163446594545177,5.47
"38003",0.0248175182481752,4.79443974871805,1,1,0.271491695870791,46.13
"38005",0.000811359026369168,0.15674459982684,1,0,0.107609325003809,1.02
"38007",0.00914285714285714,1.76628771919159,1,1,0.120249885722993,1.59
"38009",0.00457456541628545,0.883749859499452,1,0,0.241865000761847,30.64
"38011",0.0247887323943662,4.78887867527298,1,1,0.223211945756514,22.3
"38013",0.0140127388535032,2.70708906006673,1,1,0.191595307024227,10.88
"38015",0.00584562038756003,1.12930207048786,1,1,0.348703336888618,83.42
"38017",0.00745296773919567,1.43982183945167,1,1,0.36084107877495,87.15
"38019",0.00767754318618042,1.48320705786242,1,1,0.193042815785464,11.29
"38021",0.0331314570716067,6.40059062830494,1,1,0.22709126923663,23.89
"38023",0.00658616904500549,1.27236697664048,1,1,0.219929910102088,20.74
"38025",0.0521008403361345,10.0652425174521,1,1,0.178384884961146,7.7
"38027",0.0232558139534884,4.49273765782745,1,1,0.210483010818223,17.53
"38029",0.00883652430044183,1.7071079760228,1,1,0.234359286911473,27.2
"38031",0.0136986301369863,2.6464071135148,1,1,0.223224135303977,22.34
"38033",0.0110253583241455,2.12996382895899,1,1,0.176574737162883,7.41
"38035",0.00758084838303234,1.46452680937538,1,1,0.313158616486363,68.34
"38037",0,0,0,0,0.168218802376962,6.3
"38039",0.0141129032258065,2.72643958670577,1,1,0.204260246838336,15.08
"38041",0.0169491525423729,3.27436812350136,1,1,0.178433643150998,7.73
"38043",0.0459940652818991,8.88548857252817,1,1,0.195889075118086,11.96
"38045",0.000484027105517909,0.0935080925878898,1,0,0.233460307786074,26.76
"38047",0.0187192118226601,3.61632183886209,1,1,0.196525978973031,12.19
"38049",0.0272045028142589,5.25557585301203,1,1,0.233789425567576,27.01
"38051",0.00758620689655172,1.46556200838095,1,1,0.216769769922292,19.85
"38053",0.0117039309064493,2.26105571850465,1,1,0.197312204784397,12.5
"38055",0.0108184383819379,2.08998943724899,1,1,0.242605515770227,30.93
"38057",0.0153304329811477,2.9616513833037,1,1,0.206710345878409,15.91
"38059",0.0170639032815199,3.29653655708361,1,1,0.372213926557977,90.17
"38061",0.0298607616171783,5.76873243298294,1,1,0.236714916958708,28.13
"38063",0.018413597733711,3.55728095003618,1,1,0.179966478744477,7.99
"38065",0.0158572844400396,3.06343261504984,1,1,0.160856315709279,5.03
"38067",0.0206015657189946,3.97996949498517,1,1,0.201615115038854,14.03
"38069",0.02067868504772,3.99486800221454,1,1,0.248922748742953,33.82
"38071",0.0157068062827225,3.03436208303529,1,1,0.287176596068871,55.68
"38073",0.0264367816091954,5.10726154435787,1,1,0.21008989791254,17.24
"38075",0.0117233294255569,2.26480327416858,1,1,0.224007313728478,22.75
"38077",0.0101121345614738,1.95354021305012,1,1,0.266771293615724,43.27
"38079",0.0423018292682927,8.17219391799177,1,1,0.173493829041597,6.9
"38081",0.0125730994152047,2.42896840038683,1,1,0.140713088526588,2.96
"38083",0.00759493670886076,1.46724850091074,1,1,0.153755904312052,4.07
"38085",0.0108108108108108,2.08851588417925,1,1,0.08883132713698,0.64
"38087",0.0741935483870968,14.3332823986818,1,1,0.138875514246534,2.83
"38089",0.00919338445902245,1.77604897616324,1,1,0.344077403626391,82.18
"38091",0.0402144772117962,7.76894313484907,1,1,0.170373304891056,6.55
"38093",0.00797423708020242,1.54052467457479,1,1,0.295340545482249,59.72
"38095",0.0191972076788831,3.70866476815425,1,1,0.166682919396617,5.95
"38097",0.0144870013891645,2.79871075767421,1,1,0.196251714155112,12.06
"38099",0.0140635564570656,2.71690639699856,1,1,0.222386103915892,21.86
"38101",0.0099640999340611,1.92494174100483,1,1,0.345582812738077,82.72
"38103",0.00794491525423729,1.53486005789126,1,1,0.242809690690233,30.96
"38105",0.0138492731708993,2.67550949766287,1,1,0.263367362486668,41.27
"39001",0.00870121561100448,1.68096799891074,1,1,0.315767179643456,69.84
"39003",0.0053252468473799,1.02877229308338,1,1,0.345470059424044,82.69
"39005",0.00877353317492232,1.69493886414839,1,1,0.337674843821423,79.54
"39007",0.0100080903724568,1.93344015346891,1,1,0.39428310223983,95.07
"39009",0.0097823614165466,1.88983209129968,1,1,0.221846716440652,21.57
"39011",0.00418635496974219,0.808752368728534,1,0,0.268621057443242,44.32
"39013",0.0117950772243735,2.27866406778581,1,1,0.377964345573671,91.79
"39015",0.0127792207792208,2.46878851659734,1,1,0.357245162273351,85.71
"39017",0.00412556851668576,0.797009172499041,1,0,0.33879932957489,80.15
"39019",0.0106677750069271,2.06088312345063,1,1,0.357946061252476,85.97
"39021",0.00732335425720264,1.41478210647665,1,1,0.309946670729849,66.59
"39023",0.00805239838181468,1.55562447816973,1,1,0.326073442023465,74.58
"39025",0.00665435967887348,1.28554056967415,1,1,0.414255675758038,97.17
"39027",0.00575373993095512,1.11155189462935,1,1,0.241895474630504,30.67
"39029",0.00845165652467884,1.63275624819625,1,1,0.396672253542587,95.32
"39031",0.0085791823513963,1.65739267180993,1,1,0.356629590126467,85.4
"39033",0.00951048951048951,1.83730977783041,1,1,0.362742648179186,87.59
"39035",0.00291372715240054,0.562896303195643,1,0,0.278671339326527,50.65
"39037",0.0102819237147595,1.986341392333,1,1,0.358543349078166,86.22
"39039",0.00554866890974559,1.07193469175011,1,1,0.320012189547463,71.97
"39041",0.00488115836444768,0.942979851904262,1,0,0.281087917111077,52.31
"39043",0.0124918476897607,2.41327156486021,1,1,0.284260246838336,54.18
"39045",0.0077682563338301,1.50073172396617,1,1,0.402096602163645,95.86
"39047",0.0190949935815148,3.68891825980473,1,1,0.275879932957489,48.93
"39049",0.00366503685443518,0.708040111009596,1,0,0.252811214383666,35.63
"39051",0.00757385765160255,1.46317628591431,1,1,0.314615267408198,69.17
"39053",0.0163842710997442,3.16523996593262,1,1,0.249632789882675,34.27
"39055",0.00508623479909373,0.982598100592955,1,0,0.363196708822185,87.78
"39057",0.00372748427130914,0.720104185050814,1,0,0.180048758189852,8.02
"39059",0.0106369587109768,2.05492979351914,1,1,0.29610239219869,60.04
"39061",0.00299980784149058,0.579526035195565,1,0,0.292457717507238,58.48
"39063",0.00455203373119926,0.879397014645967,1,0,0.258284321194576,38.4
"39065",0.010171365395246,1.96498288273802,1,1,0.256516836812433,37.58
"39067",0.0121392579019698,2.34515554791314,1,1,0.27948194423282,51.19
"39069",0.016610455311973,3.20893597803173,1,1,0.283272893493829,53.61
"39071",0.0144409937888199,2.78982265429378,1,1,0.36788968459546,89.06
"39073",0.0129599629715344,2.50370568850926,1,1,0.297915587383818,61.18
"39075",0.00533258490036486,1.03018991480354,1,1,0.375249123876276,91.09
"39077",0.015063731170336,2.91012786874339,1,1,0.331845192747219,77.09
"39079",0.0168544309411869,3.25606907340107,1,1,0.31879932957489,71.24
"39081",0.0106926611414094,2.06569081901312,1,1,0.331942709126924,77.12
"39083",0.00751388435151911,1.4515901808531,1,1,0.359606887094317,86.7
"39085",0.00660803115742065,1.27659046827676,1,1,0.381182386103916,92.52
"39087",0.0103579983168253,2.00103807120171,1,1,0.304613743714765,64.49
"39089",0.00696478231978933,1.3455104116876,1,1,0.318211183909797,70.98
"39091",0.00611592457026363,1.18152151905799,1,1,0.273899131494743,47.98
"39093",0.00746617311458914,1.44237295580626,1,1,0.393996647874448,94.97
"39095",0.00431656692780962,0.833907719931422,1,0,0.373182995581289,90.49
"39097",0.00564152791380999,1.08987391096053,1,1,0.186326375133323,9.51
"39099",0.0066824995432824,1.29097684590034,1,1,0.418848087764742,97.52
"39101",0.00611815184140479,1.18195180048998,1,1,0.270918787140027,45.75
"39103",0.00658707286949362,1.27254158443198,1,1,0.4313484686881,98.7
"39105",0.0319375443577005,6.16994135407815,1,1,0.285719945147036,54.76
"39107",0.0071334214002642,1.37808941102712,1,1,0.299463659911626,61.79
"39109",0.00692064185132627,1.33698301525698,1,1,0.337068413835137,79.32
"39111",0.0192982456140351,3.72818405640769,1,1,0.301965564528417,63
"39113",0.00446465841733304,0.862517177038203,1,0,0.320067042511047,72
"39115",0.0110658124635993,2.13777907189576,1,1,0.231583117476764,25.8
"39117",0.0228626853263129,4.41679003495715,1,1,0.369303672101173,89.41
"39119",0.0103773096630609,2.00476878613733,1,1,0.377534664025598,91.73
"39121",0.00875211744776962,1.6908016086629,1,1,0.282480572908731,53.1
"39123",0.0130808521240812,2.52705998817627,1,1,0.294103306414749,59.02
"39125",0.0166833500166833,3.22301833978279,1,1,0.236510742038702,28
"39127",0.0162840363053924,3.14587583461863,1,1,0.313813804662502,68.72
"39129",0.0139710716633794,2.69903947063763,1,1,0.286524455279598,55.14
"39131",0.0137769690668053,2.66154123269788,1,1,0.224936766722535,23.29
"39133",0.0072936135296531,1.40903656315143,1,1,0.337778454974859,79.61
"39135",0.00735237210742203,1.42038799877913,1,1,0.32467469145208,73.94
"39137",0.00938899321103568,1.81383818483717,1,1,0.35055005332927,83.71
"39139",0.00796998656114678,1.53970352649264,1,1,0.372085936309615,90.04
"39141",0.00830698654764119,1.6048077852831,1,1,0.299344811823861,61.66
"39143",0.00769117538823876,1.48584063188692,1,1,0.313298796282188,68.5
"39145",0.00827097282394644,1.5978503761395,1,1,0.282474478134999,53.07
"39147",0.0099728438992415,1.92663096769555,1,1,0.303096145055615,63.7
"39149",0.00835146326057969,1.61340014001706,1,1,0.203784854487277,14.89
"39151",0.0055629062877524,1.07468517833586,1,1,0.438476306567119,99.01
"39153",0.00485767943512427,0.938444011096982,1,0,0.379893341459699,92.14
"39155",0.010220490038429,1.97447316051532,1,1,0.427548377266494,98.35
"39157",0.00912835087550278,1.76348528648604,1,1,0.467079079689167,99.78
"39159",0.00249224487631572,0.481471103559099,1,0,0.22597592564376,23.54
"39161",0.00959251625178373,1.85315633690155,1,1,0.264248057290873,41.93
"39163",0.031496062992126,6.08465257595528,1,1,0.228682005180558,24.63
"39165",0.00415071097662212,0.801866386991402,1,0,0.303370409873533,63.79
"39167",0.0103081518175858,1.99140833969921,1,1,0.320838031388085,72.32
"39169",0.00609887350218842,1.17822746210514,1,1,0.386850525674235,93.64
"39171",0.0149623129710879,2.89053511813648,1,1,0.271311900045711,46.07
"39173",0.00538017057312086,1.03938288239399,1,1,0.257976535121134,38.24
"39175",0.0124395919097906,2.40317638990824,1,1,0.249410330641475,34.11
"40001",0.0204301075268817,3.94684587789788,1,1,0.243364315099802,31.28
"40003",0.014065639651708,2.71730884462035,1,1,0.192680176748438,11.2
"40005",0.0281481481481481,5.43787654288152,1,1,0.302087460003047,63.09
"40007",0.0252416756176155,4.87638174353881,1,1,0.225930214840774,23.45
"40009",0.0258017625147633,4.98458365380111,1,1,0.281779673929605,52.72
"40011",0.0325502405887348,6.28830674156715,1,1,0.238064909340241,28.64
"40013",0.0104141241558864,2.01188089404298,1,1,0.272671034587841,47.09
"40015",0.0201995911987495,3.9023129542077,1,1,0.247475239981716,33.03
"40017",0.011116937598322,2.14765582007105,1,1,0.419902483620296,97.58
"40019",0.00937379946215905,1.81090293914428,1,1,0.333438976078013,77.82
"40021",0.0102521854547119,1.98059632569884,1,1,0.21340545482249,18.61
"40023",0.0119528347601357,2.30914088631997,1,1,0.235974401950327,27.74
"40025",0.0385996409335727,7.45697659723784,1,1,0.164028645436538,5.6
"40027",0.00581037790404156,1.12249365547493,1,1,0.343199756209051,81.83
"40029",0.0186615186615187,3.60517622864275,1,1,0.23360658235563,26.92
"40031",0.00691696144012888,1.33627200501172,1,1,0.239893341459698,29.56
"40033",0.0441655044165504,8.53223306937477,1,1,0.168992838640866,6.4
"40035",0.0228373702422145,4.41189947159664,1,1,0.282715221697394,53.29
"40037",0.0115303983228512,2.22753135445742,1,1,0.339606887094317,80.53
"40039",0.0133198106828938,2.57322384715729,1,1,0.301706536644827,62.84
"40041",0.0152520465316674,2.94650808390562,1,1,0.376788054243486,91.5
"40043",0.0199667221297837,3.8573255098818,1,1,0.222614657930824,21.92
"40045",0.011390602752729,2.20052456709916,1,1,0.172262684747829,6.75
"40047",0.0112871716952464,2.18054295700069,1,1,0.325150083803139,74.16
"40049",0.0201245374966158,3.88781350066848,1,1,0.325390827365534,74.26
"40051",0.0127133608004709,2.45606517751038,1,1,0.413356696632638,97.1
"40053",0.0152963671128107,2.95507027589415,1,1,0.208410787749505,16.51
"40055",0.0269299820466786,5.2025418120264,1,1,0.183099192442481,8.94
"40057",0.0281385281385281,5.43601807516351,1,1,0.20903245467012,16.74
"40059",0.0221143473570658,4.27222032942276,1,1,0.201654731068109,14.06
"40061",0.00926164136866478,1.78923537286259,1,1,0.285439585555386,54.63
"40063",0.0125852123754588,2.43130847555214,1,1,0.250467773883895,34.65
"40065",0.00706597650152001,1.36505988486122,1,1,0.22829193966174,24.4
"40067",0.0318181818181818,6.14688197730028,1,1,0.20493371933567,15.34
"40069",0.00924537731134433,1.78609335672251,1,1,0.190272741124486,10.59
"40071",0.015771058540916,3.0467748302547,1,1,0.328139570318452,75.34
"40073",0.0163520500180354,3.15901524864433,1,1,0.264412616181624,42.13
"40075",0.0378117457763475,7.30476492877657,1,1,0.223943318604297,22.69
"40077",0.00917678812415654,1.77284276808198,1,1,0.225403016912997,23.32
"40079",0.0118537560696944,2.29000010008371,1,1,0.332329727258876,77.31
"40081",0.0184321804185189,3.56087089653243,1,1,0.317364010361116,70.66
"40083",0.0502793296089385,9.71334901440906,1,1,0.359033978363553,86.38
"40085",0.00760456273764259,1.46910813145688,1,1,0.15334755447204,4.04
"40087",0.0139411959035349,2.69326784073131,1,1,0.360889836964803,87.18
"40089",0.0572144647332617,11.0531319520213,1,1,0.288194423282036,56.16
"40091",0.0289187695708234,5.58675113796152,1,1,0.312284016455889,67.87
"40093",0.0419556171983356,8.10530999780729,1,1,0.244738686576261,31.94
"40095",0.00619869324845033,1.19751141122524,1,1,0.229136065823556,24.82
"40097",0.0147049737411183,2.8408203392157,1,1,0.306338564680786,65.03
"40099",0.0131964809384164,2.5493980551015,1,1,0.237885113515161,28.6
"40101",0.012298927613941,2.37600177540801,1,1,0.317065366448271,70.47
"40103",0.018304071722077,3.53612186964603,1,1,0.201922901112296,14.25
"40105",0.032925682031985,6.36083741771431,1,1,0.25254913911321,35.51
"40107",0.0202963917525773,3.92101363242737,1,1,0.227106506170958,23.93
"40109",0.00632524707996406,1.22196005730236,1,1,0.343912844735639,82.06
"40111",0.0183820415078357,3.55118467473002,1,1,0.264830108182234,42.41
"40113",0.0119476774127099,2.30814455013321,1,1,0.283577632180405,53.71
"40115",0.00731347289318304,1.41287314829826,1,1,0.282434862105744,52.97
"40117",0.013621418506341,2.63149077468804,1,1,0.291692823403931,58.1
"40119",0.0105367747302262,2.03557547876887,1,1,0.265439585555386,42.67
"40121",0.00941821649976156,1.81948376533618,1,1,0.309763827517903,66.5
"40123",0.00530678479014078,1.02520565035201,1,1,0.220207222306872,20.84
"40125",0.00781938748131396,1.51060963373308,1,1,0.332594849916197,77.47
"40127",0.0159184972938555,3.07525818666954,1,1,0.28313576108487,53.45
"40129",0.0299295774647887,5.78202680963356,1,1,0.200624714307481,13.55
"40131",0.00888403116417241,1.71628571867737,1,1,0.347216212098126,82.95
"40133",0.0150759878419453,2.91249570717762,1,1,0.23710193509066,28.35
"40135",0.0194276713048044,3.7531875104245,1,1,0.35047082127076,83.68
"40137",0.0190900040990806,3.68795435307286,1,1,0.327231449032455,75.09
"40139",0.0292228644829801,5.64549854048773,1,1,0.209023312509523,16.7
"40141",0.0153086419753086,2.95744162858469,1,1,0.202477525521865,14.54
"40143",0.00671385159640739,1.29703367753851,1,1,0.389974097211641,94.34
"40145",0.0184990816058777,3.57379538433585,1,1,0.365710802986439,88.51
"40147",0.0103956768638945,2.00831710377604,1,1,0.321511503885418,72.54
"40149",0.0276803118908382,5.34749632333224,1,1,0.272811214383666,47.31
"40151",0.018668631785802,3.60655039690005,1,1,0.237245162273351,28.38
"40153",0.019023727396258,3.67515050801271,1,1,0.33008989791254,76.58
"41001",0.0222693531283139,4.30216554084643,1,1,0.329520036568643,76.2
"41003",0.00160911833724438,0.310861901634457,1,0,0.250071613591345,34.49
"41005",0.00306780969488412,0.592663158159924,1,0,0.441828432119458,99.27
"41007",0.00731269833969553,1.41272351407654,1,1,0.318710955355783,71.17
"41009",0.0162204837436302,3.13359826015698,1,1,0.391662349535274,94.59
"41011",0.00316830171393671,0.612076982127196,1,0,0.338592107268018,80.05
"41013",0.0106861642294713,2.0644356954134,1,1,0.367749504799635,88.93
"41015",0.00630835225839011,1.21869618525473,1,1,0.342383056529027,81.55
"41017",0.00511082769342481,0.987349145759433,1,0,0.44645131799482,99.33
"41019",0.00930752047654505,1.79809865307688,1,1,0.387767789120829,93.92
"41021",0.0157894736842105,3.05033240978811,1,1,0.165631570927929,5.82
"41023",0.0152957171991842,2.95494472056292,1,1,0.259311290568338,39.01
"41025",0.0211538461538462,4.08666329260074,1,1,0.258095383208898,38.31
"41027",0.00573601443671049,1.108127546823,1,1,0.276547310681091,49.28
"41029",0.00396079678510509,0.765177297472072,1,0,0.448590583574585,99.46
"41031",0.012476370510397,2.41028156387794,1,1,0.290918787140027,57.72
"41033",0.00633140880818899,1.223150427525,1,1,0.375191223525827,91.06
"41035",0.00945643807499175,1.82686770428244,1,1,0.405006856620448,96.28
"41037",0.00972827910097283,1.87938405210024,1,1,0.252018893798568,35.28
"41039",0.00407176775000711,0.786615525088524,1,0,0.421051348468688,97.77
"41041",0.00344112378617894,0.664782856034711,1,0,0.275495962212403,48.81
"41043",0.00575207459378263,1.11123017193915,1,1,0.390565290263599,94.4
"41045",0.0134486720281138,2.59811827654453,1,1,0.305317690080756,64.72
"41047",0.00308218995462035,0.595441247741114,1,0,0.328596678348317,75.69
"41049",0.0194914160320124,3.76550220889036,1,1,0.166548834374524,5.92
"41051",0.00168915590568671,0.326324176939073,1,0,0.322870638427549,73.24
"41053",0.00423911763551439,0.818945467792545,1,0,0.353600487581899,84.63
"41055",0.0642791551882461,12.4179433884854,1,1,0.150671948803901,3.79
"41057",0.00566004876349704,1.09345191167082,1,1,0.291138198994362,57.87
"41059",0.0090602950609365,1.75033773888579,1,1,0.326734724973336,74.83
"41061",0.008613549776379,1.66403203626009,1,1,0.342986439128448,81.71
"41063",0.00700320980449373,1.35293412981556,1,1,0.312320585098278,67.9
"41065",0.00453089602374814,0.875313469152539,1,0,0.299850678043578,62.07
"41067",0.00188274300261985,0.363722826678898,1,0,0.311698918177663,67.52
"41069",0.0105633802816901,2.04071534457655,1,1,0.196748438214231,12.34
"41071",0.00474337675963977,0.916362137911776,1,0,0.352817309157398,84.31
"42001",0.00763697023406141,1.47536886177782,1,1,0.369897912539997,89.53
"42003",0.00411594569264468,0.79515016106945,1,0,0.271631875666616,46.29
"42005",0.0117080275614811,2.26184714194697,1,1,0.408560109705927,96.5
"42007",0.00861127522065274,1.66359262002695,1,1,0.399177205546244,95.48
"42009",0.02094378247861,4.04608157027692,1,1,0.357754075879933,85.91
"42011",0.00832118530200611,1.60755081025557,1,1,0.381733963126619,92.71
"42013",0.0125457396759017,2.42368283475061,1,1,0.390297120219412,94.37
"42015",0.0176470588235294,3.40919504623377,1,1,0.329267103458784,76.07
"42017",0.00452378160784773,0.873939051370683,1,0,0.447438671339327,99.4
"42019",0.00872573475819449,1.68570479703523,1,1,0.404305957641323,96.15
"42021",0.0115659045573116,2.2343907229133,1,1,0.389139113210422,94.21
"42023",0.0138580931263858,2.67721340474751,1,1,0.167307633704099,6.11
"42025",0.00770383051572865,1.48828544710398,1,1,0.325671186957184,74.32
"42027",0.00634685435574489,1.22613431763045,1,1,0.227755599573366,24.18
"42029",0.00560920747326668,1.08362999876563,1,1,0.388249276245619,94.05
"42031",0.0124245651402201,2.40027340256667,1,1,0.357769312814262,85.94
"42033",0.0141996691945199,2.7432017063132,1,1,0.352692366295901,84.25
"42035",0.0117959098206184,2.27882491515544,1,1,0.33546244095688,78.71
"42037",0.00987111673992401,1.9069785297975,1,1,0.332731982325156,77.51
"42039",0.00969854212997282,1.87363923449426,1,1,0.373889989334146,90.71
"42041",0.00637291807002945,1.23116950714923,1,1,0.277083650769465,49.63
"42043",0.00487047845862533,0.940916625256247,1,0,0.194746305043425,11.61
"42045",0.00471983053714249,0.911813296889712,1,0,0.343547158311748,81.9
"42047",0.0106929300035174,2.06574275987057,1,1,0.261965564528417,40.6
"42049",0.0104478415744082,2.01839468522743,1,1,0.341767484382142,81.23
"42051",0.0141282780712868,2.72940981803851,1,1,0.39360658235563,94.91
"42053",0.00679405520169851,1.31252802912326,1,1,0.165610239219869,5.79
"42055",0.00913275694178052,1.76433648438126,1,1,0.388660673472497,94.08
"42057",0.0107890499194847,2.08431194721431,1,1,0.259417949108639,39.13
"42059",0.0130448367442587,2.52010225908912,1,1,0.259384427853116,39.07
"42061",0.0146000271628412,2.82054594911142,1,1,0.335179033978364,78.56
"42063",0.00971498423727723,1.87681564770467,1,1,0.38127990248362,92.62
"42065",0.0109286281213749,2.11127674169961,1,1,0.35956117629133,86.67
"42067",0.0137800252844501,2.66213165641432,1,1,0.340036568642389,80.66
"42069",0.0046817687501152,0.904460227061939,1,0,0.315867743410026,69.87
"42071",0.00649368893509121,1.25450095512677,1,1,0.484650312357154,99.9
"42073",0.0112629672320105,2.1758669519516,1,1,0.38649398141094,93.54
"42075",0.00749920665408448,1.44875462996133,1,1,0.370964497943014,89.85
"42077",0.00543080079126676,1.04916401876458,1,1,0.251180862410483,34.9
"42079",0.00626003005833355,1.2093609296349,1,1,0.312323632485144,67.93
"42081",0.00780434185215719,1.50770300295105,1,1,0.372546091726345,90.33
"42083",0.0159714889123548,3.08549551658873,1,1,0.309617552948347,66.47
"42085",0.00957106672756716,1.84901255223837,1,1,0.3569648026817,85.49
"42087",0.0123873280269886,2.39307964958865,1,1,0.37994209964955,92.2
"42089",0.00744914224389628,1.43908280073964,1,1,0.326247143074813,74.64
"42091",0.0042173966260827,0.814749235519835,1,0,0.31532530854792,69.68
"42093",0.00309820193637621,0.598534565977787,1,0,0.104732591802529,0.89
"42095",0.00658634775916168,1.27240150202072,1,1,0.341712631418559,81.2
"42097",0.00662819455894477,1.28048578983026,1,1,0.363687338107573,88.04
"42099",0.0124695863746959,2.40897095217451,1,1,0.385086088678958,93.38
"42101",0.00192497544295466,0.371881615507086,1,0,0.193591345421301,11.49
"42103",0.00958444581365099,1.85159722736505,1,1,0.31540454060643,69.74
"42105",0.0185552152765268,3.58463972014372,1,1,0.290653664482706,57.49
"42107",0.00817177024823337,1.57868565679014,1,1,0.373490781654731,90.58
"42109",0.00815499972634229,1.57544579791475,1,1,0.351698918177663,83.96
"42111",0.0133740204942737,2.58369651698071,1,1,0.405445680329118,96.31
"42113",0.0207667731629393,4.01188554429001,1,1,0.247923205850983,33.31
"42115",0.0262484601535109,5.07088015184144,1,1,0.406103915892123,96.37
"42117",0.0198930481283422,3.84309259757261,1,1,0.356327898826756,85.27
"42119",0.00815758058097891,1.57594438733581,1,1,0.274737162882828,48.36
"42121",0.0144878894669128,2.79888232338895,1,1,0.364714307481335,88.39
"42123",0.0145025752236378,2.80171943123666,1,1,0.302160597287826,63.16
"42125",0.00557298201589293,1.07663168527548,1,1,0.420390065518818,97.71
"42127",0.00577777777777778,1.11619571143357,1,1,0.403007770836508,96.02
"42129",0.00969856198554998,1.87364307034793,1,1,0.438363553253086,98.98
"42131",0.0154852361258055,2.99155744975853,1,1,0.311723297272589,67.61
"42133",0.00995113546911435,1.92243716559,1,1,0.396081060490629,95.2
"44001",0.00270753235501164,0.523062000559323,1,0,0.319509370714612,71.75
"44003",0.0045135346017646,0.871959455635966,1,0,0.359049215297882,86.41
"44005",0.00282440926087994,0.545641183441292,1,0,0.231519122352583,25.77
"44007",0.0032714633685859,0.632006546906704,1,0,0.304881913758952,64.62
"44009",0.00321872496959269,0.621818135886379,1,0,0.319104068261466,71.43
"45001",0.00946004948333576,1.82756538402383,1,1,0.268310223982935,44.26
"45003",0.00828357807541283,1.60028555592133,1,1,0.283912844735639,53.99
"45005",0.0095595766473199,1.84679280984099,1,1,0.179204632028036,7.86
"45007",0.00963439926686924,1.86124762106277,1,1,0.37748285844888,91.66
"45009",0.0113250283125708,2.1878563905615,1,1,0.251939661740058,35.19
"45011",0.0113118352186392,2.18530764683452,1,1,0.260472344964193,39.87
"45013",0.0102834294298275,1.98663227799287,1,1,0.323291177815024,73.46
"45015",0.00827778279201104,1.59916597833831,1,1,0.379664787444766,92.08
"45017",0.0220921450151057,4.26793110961667,1,1,0.202203260703947,14.41
"45019",0.00419524052818142,0.810468949497996,1,0,0.319341764436995,71.59
"45021",0.0148878481636677,2.87614943182387,1,1,0.295108944080451,59.66
"45023",0.0135543468876802,2.6185333616501,1,1,0.252280969069023,35.44
"45025",0.00888888888888889,1.71722417143627,1,1,0.242922444004266,31.02
"45027",0.0135233035498672,2.61253617001896,1,1,0.321590735943928,72.64
"45029",0.0195553391755923,3.7778513752082,1,1,0.355169891817766,84.98
"45031",0.00933673918787986,1.80374334928015,1,1,0.275587383818376,48.87
"45033",0.0161965931304105,3.1289828870767,1,1,0.267981106201432,43.94
"45035",0.00902280534746078,1.74309518664271,1,1,0.411595307024227,96.82
"45037",0.00513090382844363,0.991227608495807,1,0,0.271750723754381,46.45
"45039",0.0199254587155963,3.84935392500497,1,1,0.235794606125248,27.65
"45041",0.0104772081628398,2.02406794946976,1,1,0.289590126466555,56.82
"45043",0.00847055634614081,1.63640746159941,1,1,0.308325460917263,65.99
"45045",0.00353270321361059,0.682474876753802,1,0,0.360277312204785,86.89
"45047",0.00652581249596175,1.26070683258672,1,1,0.286570166082584,55.2
"45049",0.0131332082551595,2.53717454972995,1,1,0.302465335974402,63.35
"45051",0.0070903841233873,1.36977513766297,1,1,0.404379094926101,96.18
"45053",0.0168416105279649,3.2535923270104,1,1,0.316644827060795,70.19
"45055",0.014151597835638,2.73391491012781,1,1,0.368965412159074,89.34
"45057",0.00639561443581544,1.23555416629151,1,1,0.319420996495505,71.68
"45059",0.00674088892754632,1.30225695787683,1,1,0.287103458784093,55.58
"45061",0.0176282051282051,3.40555274383395,1,1,0.25200975163797,35.22
"45063",0.00679935127945877,1.31355116630693,1,1,0.424107877495048,97.93
"45065",0.00918897323212145,1.77519678129898,1,1,0.254216059728783,36.37
"45067",0.0133365961091399,2.57646658537101,1,1,0.261404845345117,40.38
"45069",0.0165771297006907,3.20249787919427,1,1,0.213536492457718,18.71
"45071",0.0112707456031707,2.17736963773579,1,1,0.272844735639189,47.34
"45073",0.00537875392200807,1.03910920279649,1,1,0.361319518512875,87.24
"45075",0.0151207472898247,2.92114268282998,1,1,0.328968459545939,75.95
"45077",0.00663050030138638,1.28093123095382,1,1,0.284921529788207,54.37
"45079",0.00311623081546477,0.6020175240102,1,0,0.240932500380923,29.97
"45081",0.00703605980650836,1.35928034678333,1,1,0.233451165625476,26.73
"45083",0.0174464665020954,3.37044307314953,1,1,0.330452536949566,76.61
"45085",0.00793531644755185,1.53300568631983,1,1,0.281346944994667,52.5
"45087",0.0172641170123486,3.33521539111228,1,1,0.243026055157702,31.15
"45089",0.0135728542914172,2.62210876476796,1,1,0.288919701356087,56.38
"45091",0.00443224989447024,0.856256248420892,1,0,0.365719945147037,88.58
"46003",0.0766456266907124,14.8069938136694,1,1,0.1760658235563,7.32
"46005",0.0157316711190264,3.03916566405128,1,1,0.312021941185434,67.67
"46007",0.0297324083250743,5.74393615321844,1,1,0.181688252323633,8.43
"46009",0.0263888888888889,5.09800925895142,1,1,0.245619381380466,32.26
"46011",0.00899822695035461,1.73834694216205,1,1,0.263309462136218,41.23
"46013",0.0123365942342654,2.38327850388171,1,1,0.38441566356849,93.22
"46015",0.0301724137931034,5.82893980606061,1,1,0.28267560566814,53.23
"46017",0.15587044534413,30.112255840216,1,1,0.116251714155112,1.4
"46019",0.0186493359706132,3.60282268237194,1,1,0.379676976992229,92.11
"46021",0.00668449197860963,1.29136175993703,1,1,0.184184062166692,9
"46023",0.0257186081694402,4.96851925547937,1,1,0.256468078622581,37.51
"46025",0.0339399901623217,6.5567892920679,1,1,0.187700746609782,9.93
"46027",0.0216427640156454,4.1811162192402,1,1,0.187389913149474,9.83
"46029",0.014446227929374,2.79083382596986,1,1,0.352314490324547,84.16
"46031",0.0145833333333333,2.81732090626263,1,1,0.136730153893037,2.58
"46033",0.0112009956440573,2.16389480221434,1,1,0.299116257808929,61.57
"46035",0.0132749712973594,2.56456142853167,1,1,0.319357001371324,71.62
"46037",0.0218446601941748,4.22012008150297,1,1,0.263873228706384,41.71
"46039",0.0187817258883249,3.6283987886312,1,1,0.246643303367362,32.9
"46041",0.0364640883977901,7.04441407343331,1,1,0.185265884504038,9.2
"46043",0.0193948797517455,3.7468525850772,1,1,0.228837421910712,24.66
"46045",0.0220739219712526,4.26441064133622,1,1,0.219305195794606,20.55
"46047",0.0304305600517967,5.87881049301992,1,1,0.272762456193814,47.22
"46049",0,0,0,0,0.200594240438824,13.49
"46051",0.0144957125357289,2.80039364421135,1,1,0.258796282188024,38.72
"46053",0.0103499260719566,1.99947861262602,1,1,0.286615876885571,55.3
"46055",0.0223735408560311,4.32229333034178,1,1,0.23694347097364,28.29
"46057",0.0159716060337178,3.08551814299773,1,1,0.216166387322871,19.57
"46059",0.0101382488479263,1.95858517249068,1,1,0.212817309157397,18.42
"46061",0.0141150922909881,2.72686248721557,1,1,0.203949413378028,14.95
"46063",0.0396039603960396,7.65099878362694,1,1,0.159436233429834,4.74
"46065",0.0108892921960073,2.1036775239918,1,1,0.278777997866829,50.72
"46067",0.0185453491741524,3.58273371032777,1,1,0.247581898522017,33.12
"46069",0.0228050171037628,4.4056492425674,1,1,0.149782111839098,3.63
"46071",0.0877626699629172,16.9546700486368,1,1,0.156766722535426,4.42
"46073",0.00792303338992643,1.53063275043131,1,1,0.135057138503733,2.35
"46075",0.0500963391136802,9.67799749797897,1,1,0.152192594849916,3.91
"46077",0.0216365066876475,4.17990738031547,1,1,0.220950784702118,21.25
"46079",0.014955919395466,2.88929995784401,1,1,0.268682005180558,44.35
"46081",0.00943820224719101,1.82334476630031,1,1,0.345366448270608,82.6
"46083",0.0111701206488484,2.15793013230695,1,1,0.343074813347555,81.77
"46085",0.0770975056689342,14.8942912828656,1,1,0.162739600792321,5.35
"46087",0.0292365998917163,5.64815205277495,1,1,0.262023464878866,40.69
"46089",0,0,0,0,0.178010056376657,7.67
"46091",0.0218238503507405,4.21609987531118,1,1,0.200649093402407,13.59
"46093",0.0139473930543855,2.69446505417022,1,1,0.35740362639037,85.78
"46095",0.0422535211267606,8.16286137830621,1,1,0.122489715069328,1.72
"46097",0.0150801131008483,2.91329265653655,1,1,0.216300472344964,19.66
"46099",0.00788570674409397,1.52342170085432,1,1,0.36046015541673,86.92
"46101",0.00971893879695298,1.87757962006921,1,1,0.194941337802834,11.68
"46102",0.0214669051878354,4.14714245337918,1,1,0.0832363248514399,0.45
"46103",0.00962643877169411,1.8597097511555,1,1,0.43090964497943,98.63
"46105",0.021577380952381,4.16848501436818,1,1,0.246009446899284,32.45
"46107",0.0493723849372385,9.53813844176421,1,1,0.201721773579156,14.13
"46109",0.030039896737855,5.80333913839058,1,1,0.239649550510437,29.43
"46111",0.0363836824696803,7.02888063556466,1,1,0.162867591040683,5.38
"46115",0.0186837702175125,3.60947495599578,1,1,0.198537254304434,12.95
"46117",0.0310596833130329,6.00034938100828,1,1,0.22677434100259,23.74
"46119",0.0155159038013964,2.99748206806176,1,1,0.155435014475088,4.2
"46121",0.037359900373599,7.21747394594945,1,1,0.107929300624714,1.08
"46123",0.0128949065119278,2.491137579453,1,1,0.264461374371477,42.16
"46125",0.0153031194820483,2.95637475070694,1,1,0.268063385646808,44.03
"46127",0.0106304307635422,2.05366867424263,1,1,0.22287673320128,22.14
"46129",0.0201369311316955,3.8902077987632,1,1,0.297062319061405,60.71
"46135",0.014928439361775,2.88399115280932,1,1,0.311037635227792,67.29
"46137",0.0783132530120482,15.1291587393105,1,1,0.110760323023008,1.18
"47001",0.00625427341833246,1.20824881748233,1,1,0.206244095687948,15.56
"47003",0.00550682261208577,1.06385050094462,1,1,0.30167606277617,62.77
"47005",0.0177409816676523,3.42733978627877,1,1,0.313243943318604,68.37
"47007",0.00414201183431953,0.800185819530214,1,0,0.279399664787445,51.13
"47009",0.00709821288357046,1.3712875579876,1,1,0.337976535121134,79.8
"47011",0.00617206460791698,1.1923670848929,1,1,0.348663720859363,83.39
"47013",0.0205847527097186,3.97672142806878,1,1,0.313768093859516,68.69
"47015",0.0128486367909746,2.48219883759003,1,1,0.329038549443852,75.98
"47017",0.0166094563171299,3.20874298449641,1,1,0.310934024074356,67.23
"47019",0.0138056059127039,2.6670735196446,1,1,0.32495505104373,74.13
"47021",0.0126283886176124,2.43964959530115,1,1,0.298174615267408,61.28
"47023",0.00804232804232804,1.55367901225186,1,1,0.257808928843517,38.15
"47025",0.0141259564449676,2.72896130834487,1,1,0.272771598354411,47.25
"47027",0.0102681118083286,1.9836731016306,1,1,0.253307938442785,35.86
"47029",0.0104008886196102,2.00932395097625,1,1,0.289126923662959,56.54
"47031",0.0132295719844358,2.55579083881079,1,1,0.28331555690995,53.64
"47033",0.011652101539742,2.2510429213584,1,1,0.222053938747524,21.7
"47035",0.0221116399826915,4.27169729794212,1,1,0.372122504952004,90.1
"47037",0.00299227037104475,0.578069888470944,1,0,0.260996495505104,40.12
"47039",0.00858164481525626,1.65786838958686,1,1,0.280871552643608,52.08
"47041",0.00623278736048703,1.20409797497071,1,1,0.257284778302606,38.05
"47043",0.00930598638825872,1.79780228605966,1,1,0.37278683528874,90.39
"47045",0.00941699291080309,1.81924738297594,1,1,0.242974249580984,31.12
"47047",0.00678119349005425,1.31004330438459,1,1,0.379923815328356,92.17
"47049",0.00822695035460993,1.58934577569101,1,1,0.261301234191681,40.31
"47051",0.0082582065928016,1.59538409706074,1,1,0.307917111077251,65.64
"47053",0.00848925848925849,1.64002048597409,1,1,0.344266341612068,82.25
"47055",0.0140261115031757,2.70967249175779,1,1,0.315276550358068,69.58
"47057",0.00825688073394495,1.59512795741213,1,1,0.282584184062167,53.2
"47059",0.00894366197183099,1.72780565840815,1,1,0.323586774341003,73.56
"47061",0.0202771206488679,3.9172906918536,1,1,0.287076032302301,55.55
"47063",0.00585695006747638,1.13149082551114,1,1,0.261593783330794,40.47
"47065",0.003917933856534,0.75689670605948,1,0,0.351497790644522,83.77
"47067",0.0137318255250404,2.6528200548238,1,1,0.24163949413378,30.48
"47069",0.00861958059951113,1.66519711722641,1,1,0.277906445223221,50.11
"47071",0.00779007790077901,1.50494738271629,1,1,0.336986134389761,79.26
"47073",0.00764832022873481,1.47756154136269,1,1,0.275093707146122,48.58
"47075",0.0048936170212766,0.945386711402414,1,0,0.197321346944995,12.54
"47077",0.0147956544231764,2.85833873336585,1,1,0.293496876428463,58.8
"47079",0.0103839988849397,2.0060610616559,1,1,0.358589059881152,86.26
"47081",0.0164763152967609,3.18302177442783,1,1,0.327219259484992,75.06
"47083",0.0153389411182583,2.96329505090747,1,1,0.274176443699528,48.11
"47085",0.0166981269057645,3.22587305328252,1,1,0.299140636903855,61.6
"47087",0.0108481262327416,2.09572476543627,1,1,0.280481487124791,51.86
"47089",0.00980159201615778,1.89354720697907,1,1,0.297760170653665,61.12
"47091",0.00708103855232101,1.36796968810324,1,1,0.263946365991163,41.78
"47093",0.00636804153838835,1.23022742112345,1,1,0.37578546396465,91.22
"47095",0.011569416498994,2.23506918691718,1,1,0.177199451470364,7.48
"47097",0.0113904163393559,2.20048855432476,1,1,0.221103154045406,21.41
"47099",0.0142577578976796,2.75442373039295,1,1,0.351558738381838,83.84
"47101",0.0114196729820919,2.20614057840891,1,1,0.27294529940576,47.41
"47103",0.0104759547966675,2.0238258145175,1,1,0.314874295291787,69.33
"47105",0.0667726550079491,12.8996569316953,1,1,0.323199756209051,73.43
"47107",0.0112711650240081,2.1774506646908,1,1,0.322895017522475,73.27
"47109",0.00756788841074343,1.46202310188687,1,1,0.344001218954747,82.09
"47111",0.00658978583196046,1.27306569546346,1,1,0.305982020417492,64.81
"47113",0.00489379425239484,0.945420950277933,1,0,0.293570013713241,58.86
"47115",0.0212877516778523,4.11253219538337,1,1,0.296175529483468,60.13
"47117",0.00925599435825106,1.78814443979998,1,1,0.327801310376352,75.25
"47119",0.00704546396452402,1.36109711462218,1,1,0.337747981106201,79.57
"47121",0.0110204081632653,2.12900751866844,1,1,0.214758494590888,19.15
"47123",0.00848429259344187,1.63906113588706,1,1,0.287399055310072,55.81
"47125",0.00820027063599459,1.58419158170051,1,1,0.353630961450556,84.66
"47127",0.0167516387472688,3.23621088389756,1,1,0.12667377723602,1.85
"47129",0.00904159132007233,1.74672440584611,1,1,0.230790796891665,25.45
"47131",0.0125929744458355,2.43280801222514,1,1,0.294273960079232,59.21
"47133",0.00576685431827544,1.1140854332056,1,1,0.329763827517903,76.33
"47135",0.0111976630963973,2.1632509949325,1,1,0.233442023464879,26.69
"47137",0.0266378689704824,5.14610915306225,1,1,0.28665244552796,55.36
"47139",0.016733987305251,3.23280084207203,1,1,0.288106049062929,56.09
"47141",0.0075107296137339,1.45098072425543,1,1,0.323949413378028,73.72
"47143",0.00998898273962541,1.92974879346125,1,1,0.221023921986896,21.35
"47145",0.0105513796162286,2.03839696338611,1,1,0.230921834526893,25.52
"47147",0.0115376081650765,2.22892420743336,1,1,0.353134237391437,84.47
"47149",0.0065262410508254,1.26078962412341,1,1,0.324702117933872,74.01
"47151",0.016909278047346,3.26666486074941,1,1,0.263949413378028,41.81
"47153",0.00746099932172733,1.44137344256323,1,1,0.253698003961603,36.14
"47155",0.0163443986207829,3.15753709265978,1,1,0.246570166082584,32.8
"47157",0.0036326540312953,0.701784147263142,1,0,0.289861343897608,57.1
"47159",0.0141076115485564,2.72541729964664,1,1,0.290717659606887,57.56
"47161",0.0322671156004489,6.23361047080716,1,1,0.25116867286302,34.87
"47163",0.00556121856492174,1.07435913101142,1,1,0.316617400579004,70.16
"47165",0.00627643422622275,1.21253001341621,1,1,0.413164711260095,97.07
"47167",0.0117806364251862,2.27587428272613,1,1,0.367682462288588,88.9
"47169",0.0107913669064748,2.08475956064655,1,1,0.236608258418406,28.09
"47171",0.00778412039439543,1.50379646564541,1,1,0.222169739448423,21.79
"47173",0.019307061623909,3.72988720124844,1,1,0.327466097821118,75.18
"47175",0,0,0,0,0.244190156940424,31.69
"47177",0.00790247488360696,1.52666109948351,1,1,0.316020112753314,70.03
"47179",0.00441990490930132,0.853871348891482,1,0,0.292366295901265,58.35
"47181",0.0224148868682597,4.3302808721458,1,1,0.274344049977145,48.2
"47183",0.0147845234350425,2.85618836315485,1,1,0.273262227639799,47.57
"47185",0.00863477246207701,1.66813199850723,1,1,0.314920006094774,69.39
"47187",0.0019954590140911,0.385498175862108,1,0,0.307057747981106,65.32
"47189",0.00704092875762543,1.36022096834495,1,1,0.341255523388694,81.04
"48001",0.013526402497182,2.61313484858289,1,1,0.304452232210879,64.37
"48003",0.0182051581281363,3.5170129780262,1,1,0.207280207222307,16.1
"48005",0.00752390538500252,1.45352612145666,1,1,0.341996038397075,81.32
"48007",0.0102477623556882,1.97974183728627,1,1,0.331296663111382,76.93
"48009",0.0222762251923856,4.30349313923123,1,1,0.23900045710803,29.14
"48011",0.00827586206896552,1.59879491823377,1,1,0.199631266189243,13.24
"48013",0.00298071303331385,0.575837152753688,1,0,0.312530854792016,68.09
"48015",0.00375599015671545,0.725611172038703,1,0,0.342026512265732,81.36
"48017",0.0129990714948932,2.51126097494162,1,1,0.18795367971964,10.02
"48019",0.00681995323460639,1.31753121103474,1,1,0.333423739143684,77.76
"48021",0.0161856334598582,3.12686561331857,1,1,0.416087155264361,97.26
"48023",0.0308608554412561,5.96193827792911,1,1,0.213143379552034,18.58
"48025",0.00637073571722154,1.23074790338758,1,1,0.23234801158007,26.22
"48027",0.00569830899738898,1.10084331899578,1,1,0.24343745238458,31.34
"48029",0.00371607406828193,0.71789987395139,1,0,0.317845497485906,70.89
"48031",0.0113548883756736,2.19362498805008,1,1,0.291442937680939,57.97
"48033",0.00739371534195933,1.42837500396732,1,1,0.117955203413073,1.53
"48035",0.00938232994526974,1.81255092372085,1,1,0.272378485448728,46.9
"48037",0.00723036323456843,1.39681738289982,1,1,0.369724211488649,89.47
"48039",0.0100914272060942,1.94953980629189,1,1,0.38673167758647,93.6
"48041",0.0039435829064627,0.761851787517073,1,0,0.24043882370867,29.84
"48043",0.00533028745478774,1.02974607653231,1,1,0.236730153893037,28.16
"48045",0.00559701492537313,1.08127454824579,1,1,0.186890141703489,9.58
"48047",0.000750187546886722,0.14492702122024,1,0,0.185914977906445,9.35
"48049",0.00888888888888889,1.71722417143627,1,1,0.304354715831175,64.3
"48051",0.0182228392919125,3.52042876173046,1,1,0.311031540454061,67.26
"48053",0.00744951970201921,1.43915572101354,1,1,0.408880085326832,96.56
"48055",0.0418764484935667,8.0900155762941,1,1,0.321164101782721,72.4
"48057",0.00454395785314455,0.877836854183341,1,0,0.162227639798872,5.19
"48059",0.0379506641366224,7.3316022499651,1,1,0.311171720249886,67.36
"48061",0.00822733239780906,1.58941958174532,1,1,0.284062166692062,54.06
"48063",0.00554300964894272,1.07084139206275,1,1,0.253243943318604,35.83
"48065",0.0071803369235018,1.38715291396053,1,1,0.0885052567423434,0.6
"48067",0.0210163460469254,4.06009996054305,1,1,0.289526131342374,56.73
"48069",0.0087431693989071,1.68907295551108,1,1,0.16569556605211,5.85
"48071",0.00559761597938144,1.08139066449882,1,1,0.233691909187871,26.98
"48073",0.00477406461640946,0.922290654970906,1,0,0.309038549443852,66.31
"48075",0.0101105845181675,1.95324076371898,1,1,0.218643912844736,20.43
"48077",0.00736309249884952,1.42245904674887,1,1,0.246481791863477,32.77
"48079",0.0343612334801762,6.63816832790893,1,1,0.214121590735944,18.9
"48081",0.02660406885759,5.13957938634095,1,1,0.173950937071461,6.97
"48083",0.0274494853221502,5.30290346497666,1,1,0.266103915892123,42.86
"48085",0.00300021917185509,0.579605499170557,1,0,0.270674996190766,45.63
"48087",0.00192492781520693,0.371872414411127,1,0,0.213499923815328,18.64
"48089",0.011335852411647,2.18994747357537,1,1,0.314331860429682,68.95
"48091",0.00886777695988222,1.71314560602173,1,1,0.440030473868658,99.11
"48093",0.0125923438549362,2.43268618980751,1,1,0.252101173243943,35.35
"48095",0.0130668716372022,2.52435912980159,1,1,0.173335364924577,6.84
"48097",0.00498382906526695,0.962814570433092,1,0,0.314609172634466,69.14
"48099",0.0100247738664516,1.93666319962349,1,1,0.29732439433186,60.87
"48101",0.00185701021355617,0.358751567848803,1,0,0.155206460460155,4.17
"48103",0.00611828687967369,1.18197788822517,1,1,0.190778607344202,10.69
"48105",0.0136476426799007,2.63655696296822,1,1,0.200795367971964,13.68
"48107",0.042188529993408,8.15030588947998,1,1,0.197696175529483,12.73
"48109",0.00272479564032698,0.526397055276785,1,0,0.138406216669206,2.77
"48111",0.0100697134004648,1.9453449657053,1,1,0.197543806186195,12.63
"48113",0.00247476008935858,0.478093257444638,1,0,0.316711869571842,70.25
"48115",0.0208333333333333,4.02474415180376,1,1,0.226152674081975,23.58
"48117",0.00765623504641592,1.47909058693908,1,1,0.195416730153893,11.8
"48119",0.00390930414386239,0.755229551550353,1,0,0.232198689623648,26.15
"48121",0.00465099618937931,0.898515346236764,1,0,0.423507542282493,97.9
"48123",0.0259041421599299,5.00436214395221,1,1,0.248547920158464,33.63
"48125",0.0377867746288799,7.29994080974932,1,1,0.210473868657626,17.5
"48127",0.0131352619233776,2.53757129320919,1,1,0.196626542739601,12.25
"48129",0.0216666666666667,4.18573391787591,1,1,0.229641932043273,24.98
"48131",0.0151658767772512,2.92986114557847,1,1,0.165262837117172,5.76
"48133",0.0129360465116279,2.49908532216652,1,1,0.288733810757276,56.35
"48135",0.00685024724402305,1.32338364162199,1,1,0.325716897760171,74.36
"48137",0.0422857142857143,8.16908070126111,1,1,0.215666615876886,19.47
"48139",0.0065833759659657,1.271827388071,1,1,0.400082279445376,95.58
"48141",0.00424906679374156,0.820867522979274,1,0,0.30801158007009,65.77
"48143",0.00540784136998648,1.0447285405313,1,1,0.318729239676977,71.21
"48145",0.0147943831494483,2.85809313889374,1,1,0.248051196099345,33.44
"48147",0.0132120631881283,2.55240835438469,1,1,0.327950632332775,75.31
"48149",0.022383438025303,4.32420534190081,1,1,0.376169434709736,91.35
"48151",0.000859845227858985,0.166111538509527,1,0,0.171354563461831,6.65
"48153",0.016243654822335,3.13807462800536,1,1,0.218933414596983,20.49
"48155",0.0019047619047619,0.367976608164915,1,0,0.160804510132561,5
"48157",0.00606066697489296,1.17084643023507,1,1,0.349145207984154,83.46
"48159",0.00785219399538106,1.51694744936345,1,1,0.206792625323785,15.94
"48161",0.0206168001363094,3.98291259732087,1,1,0.28051805576718,51.89
"48163",0.00671936758893281,1.2980992995541,1,1,0.197693128142618,12.69
"48165",0.0196529134582232,3.79670152833068,1,1,0.316401036111534,70.12
"48167",0.005806375162934,1.12172037504946,1,1,0.336556452841688,79.13
"48169",0.0353535353535354,6.82986886366698,1,1,0.188666768246229,10.18
"48171",0.00744349709026932,1.43799222638543,1,1,0.375157702270303,91.03
"48173",0.00512445095168375,0.989980991951729,1,0,0.129443851896998,1.94
"48175",0.00111982082866741,0.216335631899866,1,0,0.240914216059729,29.94
"48177",0.0120040013337779,2.31902563998562,1,1,0.233871705012951,27.08
"48179",0.0102593659942363,1.98198351775281,1,1,0.280831936614353,52.02
"48181",0.00424165610477398,0.819435868879284,1,0,0.380569861343898,92.36
"48183",0.0072674771298925,1.40398733169132,1,1,0.36323632485144,87.85
"48185",0.00809675105052783,1.56419286908269,1,1,0.317836355325309,70.86
"48187",0.00628582653261665,1.21434449166728,1,1,0.376254761541978,91.44
"48189",0.00945443273403596,1.82648029703679,1,1,0.267079079689166,43.46
"48191",0.0226628895184136,4.37819193850607,1,1,0.229129971049825,24.79
"48193",0.0202702702702703,3.91596728283609,1,1,0.267182690842602,43.53
"48195",0.00631136044880785,1.21927733070072,1,1,0.200249885722993,13.39
"48197",0.0238993710691824,4.61706498923903,1,1,0.176385799177206,7.38
"48199",0.00974712016904096,1.88302391506925,1,1,0.343080908121286,81.8
"48201",0.00353088459846693,0.682123542641939,1,0,0.374657930824318,90.8
"48203",0.00848089834701009,1.63840540916021,1,1,0.352683224135304,84.22
"48205",0,0,0,0,0.146728630199604,3.5
"48207",0.00747065101387407,1.44323803095631,1,1,0.253454213012342,35.95
"48209",0.00487671482612461,0.942121414870065,1,0,0.377415815937833,91.63
"48211",0.0101431980906921,1.95954130541281,1,1,0.201529788206613,13.97
"48213",0.00996926144388137,1.92593888131508,1,1,0.419515465488344,97.55
"48215",0.0067020996992086,1.29476335532138,1,1,0.343693432881304,81.96
"48217",0.0313995215311005,6.06600195128317,1,1,0.328700289501752,75.79
"48219",0.00689995071463775,1.33298574175068,1,1,0.228261465793082,24.37
"48221",0.0088253740704238,1.7049538885161,1,1,0.42565290263599,98.19
"48223",0.00966774765954843,1.86769012098634,1,1,0.332994057595612,77.66
"48225",0.00578368999421631,1.11733787904326,1,1,0.31170806033826,67.58
"48227",0.00644065397409583,1.24425525196962,1,1,0.315876885570623,69.9
"48229",0.0142011834319527,2.74349423838931,1,1,0.127380770988877,1.88
"48231",0.0115550028498886,2.23228464691991,1,1,0.355233886941947,85.01
"48233",0.0156138259833135,3.01639943105388,1,1,0.230943166234953,25.55
"48235",0.0133333333333333,2.5758362571544,1,1,0.13298796282188,2.1
"48237",0.0143884892086331,2.7796794141954,1,1,0.249858296510742,34.3
"48239",0.0189021624073794,3.65166564506616,1,1,0.210187414292244,17.34
"48241",0.0163903892717452,3.16642192162769,1,1,0.329142160597288,76.01
"48243",0.00335852225020991,0.648825253691286,1,0,0.162693889989334,5.3
"48245",0.00454565290121751,0.878164316654637,1,0,0.360530245314643,86.99
"48247",0.0168687401159726,3.25883343024279,1,1,0.177269541368277,7.51
"48249",0.00930205000592487,1.79704182533435,1,1,0.236059728782569,27.81
"48251",0.00592423730721603,1.14448989389354,1,1,0.424117019655646,97.96
"48253",0.020703933747412,3.99974574092299,1,1,0.286381228096907,55.01
"48255",0.0173849525200877,3.35855932726122,1,1,0.207481334755447,16.16
"48257",0.0104459469725746,2.01802867142025,1,1,0.387505713850373,93.83
"48259",0.00693291265360345,1.33935358356272,1,1,0.382824927624562,92.97
"48261",0,0,0,0,0.0434648788663721,0.16
"48263",0.0342342342342342,6.61363363323428,1,1,0.177415815937833,7.57
"48265",0.0083488341912878,1.61289223611671,1,1,0.382584184062167,92.87
"48267",0.0256253813300793,4.95050897500694,1,1,0.2716867286302,46.36
"48269",0.0148011100832562,2.85939269989388,1,1,0.0961389608410788,0.73
"48271",0.0188841201716738,3.64818010669937,1,1,0.129187871400274,1.91
"48273",0.00669801909647998,1.29397503298693,1,1,0.277245162273351,49.76
"48275",0.0153256704980843,2.96073133006253,1,1,0.210339783635533,17.44
"48277",0.00672295810156469,1.29879294250052,1,1,0.343053481639494,81.74
"48279",0.0127521888085268,2.46356627183115,1,1,0.212859972573518,18.45
"48281",0.0137349773685032,2.65342895227393,1,1,0.324098735334451,73.78
"48283",0.0335211267605634,6.47587002678959,1,1,0.160091421605973,4.87
"48285",0.0116726174127987,2.2550063360834,1,1,0.309136065823556,66.4
"48287",0.0128365685660614,2.4798674047432,1,1,0.243425262837117,31.31
"48289",0.030109759715218,5.81683580764992,1,1,0.235020569861344,27.46
"48291",0.0127083741910178,2.45510182580318,1,1,0.36993143379552,89.56
"48293",0.00542192429022082,1.04744918777227,1,1,0.2325857077556,26.38
"48295",0.00542822677925211,1.04866675125405,1,1,0.168678957793692,6.36
"48297",0.0539543463223426,10.4233171116117,1,1,0.223074813347554,22.21
"48299",0.0212550607287449,4.10621670548399,1,1,0.317546853573061,70.76
"48301",0.108021390374332,20.8684060405825,1,1,0.0594758494590888,0.19
"48303",0.00534167608122592,1.03194621929971,1,1,0.396495505104373,95.26
"48305",0.0200860832137733,3.88038460546933,1,1,0.175407587993296,7.22
"48307",0.0190032269630692,3.67119007608059,1,1,0.26125857077556,40.28
"48309",0.00659445217009442,1.27396717468498,1,1,0.362998628675911,87.66
"48311",0.0337078651685393,6.51194559392967,1,1,0.144461374371477,3.31
"48313",0.0588235294117647,11.3639834874459,1,1,0.210431205241505,17.47
"48315",0.0172921265636497,3.34062649244638,1,1,0.219655645284169,20.62
"48317",0.0186685452624163,3.60653368164451,1,1,0.18931281426177,10.31
"48319",0.0259419394688079,5.01166411984952,1,1,0.272652750266646,47.06
"48321",0.00692067271915464,1.33698897854234,1,1,0.297147645893646,60.74
"48323",0.0131196008684806,2.53454576973201,1,1,0.263641627304586,41.55
"48325",0.00892259647557439,1.7237360632307,1,1,0.352914825537102,84.38
"48327",0.0336906584992343,6.50862147673012,1,1,0.189879628218802,10.5
"48329",0.00506183711758625,0.977884768146644,1,0,0.225503580679567,23.35
"48331",0.0125768967874231,2.42970200606499,1,1,0.303830565290264,63.98
"48333",0.0174488567990373,3.37090484916416,1,1,0.266082584184062,42.83
"48335",0.0346170488965816,6.68758872476262,1,1,0.185707755599573,9.29
"48337",0.0167779768691969,3.24129908560315,1,1,0.35802224592412,86.03
"48339",0.00403594015985931,0.779694074660335,1,0,0.409702879780588,96.63
"48341",0.00704792589609344,1.36157272956712,1,1,0.181404845345117,8.3
"48343",0.00677880994225458,1.30958283222136,1,1,0.209657168977602,17.02
"48345",0.0927672955974843,17.921502260862,1,1,0.245722992533902,32.33
"48347",0.0061830331425938,1.19448607109103,1,1,0.321584641170197,72.61
"48349",0.00735332738063974,1.42057254583335,1,1,0.363726954136828,88.07
"48351",0.0315052508751459,6.08642756212097,1,1,0.260923358220326,40.09
"48353",0.016085409252669,3.10750352731439,1,1,0.243800091421606,31.43
"48355",0.00734837507762368,1.41961582170847,1,1,0.348230991924425,83.3
"48357",0.0116523400191022,2.2510889926421,1,1,0.203565442632942,14.86
"48359",0.0108892921960073,2.1036775239918,1,1,0.155739753161664,4.23
"48361",0.00585979888591478,1.13204118224792,1,1,0.326877952156026,74.9
"48363",0.0183830997359334,3.5513891114027,1,1,0.316989181776627,70.41
"48365",0.00695156695156695,1.34295736484118,1,1,0.297007466097821,60.61
"48367",0.00401079981217718,0.774837268229554,1,0,0.475681852811215,99.84
"48369",0.00690722877218054,1.3343917730882,1,1,0.126274569556605,1.81
"48371",0.0250203086921202,4.83361637207691,1,1,0.279472802072223,51.16
"48373",0.00808224492435019,1.56139046365075,1,1,0.344062166692062,82.15
"48375",0.00686124514534542,1.3255083010954,1,1,0.371948803900655,90.01
"48377",0.0178766873403867,3.45355645568859,1,1,0.210839555081518,17.72
"48379",0.0148900169204738,2.87656840900492,1,1,0.289654121590736,56.86
"48381",0.0135499528111096,2.61768448001905,1,1,0.43534664025598,98.92
"48383",0.0253101736972705,4.88961473132288,1,1,0.163650769465184,5.54
"48385",0.0291423813488759,5.62995018736912,1,1,0.19632485143989,12.09
"48387",0.00952655889145496,1.84041418488948,1,1,0.253573061100107,35.98
"48389",0.0108024691358025,2.08690437500935,1,1,0.21838183757428,20.17
"48391",0.0225969645868465,4.36545605133251,1,1,0.216772817309157,19.89
"48393",0.0028735632183908,0.555137124386725,1,0,0.181834526893189,8.5
"48395",0.0162568856643826,3.14063066420478,1,1,0.230662806643303,25.39
"48397",0.00308521359962155,0.596025378822827,1,0,0.371942709126924,89.98
"48399",0.0308476394849785,5.95938511747766,1,1,0.258646960231601,38.56
"48401",0.0075365358149289,1.45596616540774,1,1,0.304229772969679,64.24
"48403",0.0183264177040111,3.5404388389311,1,1,0.275529483467926,48.84
"48405",0.0164765525982256,3.18306761815658,1,1,0.233566966326375,26.79
"48407",0.0290366350067843,5.60952129271753,1,1,0.347670272741125,83.11
"48409",0.0112781954887218,2.17880886413436,1,1,0.299792777693128,62.01
"48411",0.012639029322548,2.44170524881926,1,1,0.251366753009295,34.97
"48413",0.0253759398496241,4.90231994430232,1,1,0.218314795063233,20.14
"48415",0.00988720233950703,1.9100860700943,1,1,0.235352735029712,27.55
"48417",0.0109622411693057,2.11777036976763,1,1,0.181904616791102,8.53
"48419",0.00968257137153124,1.87055388009566,1,1,0.287380770988877,55.77
"48421",0.0186186186186186,3.59688846719759,1,1,0.137296967850069,2.61
"48423",0.00464663177182796,0.897672194364005,1,0,0.406689014170349,96.4
"48425",0.00732031943212067,1.41419581554063,1,1,0.237656559500229,28.48
"48427",0.00543253311258278,1.04949868196869,1,1,0.294130732896541,59.05
"48429",0.0130081300813008,2.51301098258966,1,1,0.230394636599116,25.29
"48431",0.0158730158730159,3.06647173470762,1,1,0.125241505409112,1.78
"48433",0.0280373831775701,5.4164781108387,1,1,0.216989181776626,19.98
"48435",0.0281312793034159,5.4346176892407,1,1,0.18821270760323,10.09
"48437",0.0165876777251185,3.20453562797645,1,1,0.212914825537102,18.52
"48439",0.00848805098670385,1.63978721130952,1,1,0.397848544872772,95.39
"48441",0.0138595596980509,2.67749672838266,1,1,0.337866829193966,79.73
"48443",0.0132978723404255,2.56898562881091,1,1,0.16811214383666,6.27
"48445",0.0132046724225495,2.55098054923874,1,1,0.242605515770227,30.89
"48447",0.0176848874598071,3.41650307419997,1,1,0.170665854030169,6.59
"48449",0.00568544102019129,1.09835738382912,1,1,0.231741581593783,25.93
"48451",0.00717599546076566,1.38631419667617,1,1,0.378756666158769,91.95
"48453",0.00243159019171613,0.469753363377257,1,0,0.260679567271065,39.99
"48455",0.0112657388999337,2.17640240415631,1,1,0.302867591040683,63.51
"48457",0.015173262251384,2.93128792848205,1,1,0.268971506932805,44.51
"48459",0.0141528925619835,2.73416503535759,1,1,0.321322565899741,72.48
"48461",0.0113690194220748,2.19635493267547,1,1,0.101767484382142,0.86
"48463",0.0127594419870704,2.46496749685157,1,1,0.325951546548835,74.51
"48465",0.00695391928172176,1.3434118061388,1,1,0.254691452079842,36.65
"48467",0.00993295257015148,1.91892445280934,1,1,0.402200213317081,95.9
"48469",0.0108961424332344,2.10500090569829,1,1,0.422468383361268,97.87
"48471",0.00631392022098721,1.21977184724994,1,1,0.232677129361572,26.47
"48473",0.013246963562753,2.55915067816069,1,1,0.240938595154655,30
"48475",0.0127525433443187,2.46363476379218,1,1,0.204025598049672,14.99
"48477",0.00500447769056524,0.966803631260872,1,0,0.302486667682462,63.38
"48479",0.00875696762451951,1.69173860324735,1,1,0.278902940728326,50.78
"48481",0.0161313762534515,3.116383787358,1,1,0.329821727868353,76.42
"48483",0.0649606299212598,12.5495959379078,1,1,0.226813957031845,23.77
"48485",0.00392193482117845,0.757669643294086,1,0,0.299399664787445,61.76
"48487",0.00534991324465009,1.03353753811502,1,1,0.205372543044339,15.4
"48489",0.0111260310761558,2.14941256831415,1,1,0.214868200518056,19.22
"48491",0.00502280512500237,0.970344266520154,1,0,0.366487886637209,88.74
"48493",0.0161209905268406,3.1143773925209,1,1,0.367965869267104,89.12
"48495",0.0124945199473915,2.41378781221725,1,1,0.157321346944995,4.52
"48497",0.00793006073266025,1.5319903467467,1,1,0.381401797958251,92.65
"48499",0.00900007627183281,1.73870420836065,1,1,0.416845954593936,97.36
"48501",0.0154998708344097,2.9943846957362,1,1,0.212040225506628,18.17
"48503",0.00681367690782953,1.31631870177923,1,1,0.274240438823709,48.17
"48505",0.0215565509518477,4.16446091407242,1,1,0.235014475087613,27.43
"48507",0.0131622244159263,2.54278011565094,1,1,0.197781502361725,12.76
"49001",0.0707226683137739,13.6627509933993,1,1,0.227249733353649,24.02
"49003",0.0115094839662288,2.2234909576012,1,1,0.300993448118239,62.39
"49005",0.00515145862331214,0.99519854243686,1,0,0.337818071004114,79.7
"49007",0.0141821283855833,2.7398130374403,1,1,0.275901264665549,48.97
"49009",0.0257826887661142,4.98089883980133,1,1,0.142252018893799,3.05
"49011",0.00519125515601346,1.00288674382494,1,1,0.371098582965108,89.91
"49013",0.0148019599836668,2.85955689021582,1,1,0.284711260094469,54.28
"49015",0.0613092330239375,11.844190899104,1,1,0.216306567118696,19.69
"49017",0.0222772277227723,4.30368681579015,1,1,0.178570775559957,7.76
"49019",0.0104403694284567,2.01695115839289,1,1,0.212939204632028,18.55
"49021",0.0112724907869066,2.17770678580147,1,1,0.370940118848088,89.82
"49023",0.0283236994219653,5.47179089308811,1,1,0.237772360201127,28.51
"49025",0.0224014336917563,4.32768188365995,1,1,0.229388998933415,24.91
"49027",0.041780932408453,8.0715630416558,1,1,0.254529940575956,36.49
"49029",0.0141213389121339,2.72806925770798,1,1,0.272792930062471,47.28
"49031",0.0242718446601942,4.68902231278107,1,1,0.131397226877952,1.97
"49033",0.0361189801699717,6.97774340199405,1,1,0.188901417034893,10.24
"49035",0.00346969338334365,0.670302151351898,1,0,0.382547615419778,92.84
"49037",0.0240563270095834,4.64738694939358,1,1,0.210659759256438,17.66
"49039",0.0103092783505155,1.9916259720266,1,1,0.311205241505409,67.39
"49041",0.020583661147196,3.9765105515946,1,1,0.338875514246534,80.18
"49043",0.00640154090188081,1.23669908675411,1,1,0.258854182538473,38.82
"49045",0.0106304186816538,2.05366634017016,1,1,0.31600182843212,70
"49047",0.0149601471489884,2.8901167079047,1,1,0.315316166387323,69.65
"49049",0.00480450389660036,0.928171150087711,1,0,0.353393265275027,84.57
"49051",0.00704073568503484,1.36018366909152,1,1,0.361761389608411,87.4
"49053",0.00677980244698716,1.30977457194703,1,1,0.395108944080451,95.13
"49055",0.0278388278388278,5.37811965779491,1,1,0.212777693128143,18.39
"49057",0.00546277627724731,1.05534128997424,1,1,0.357062319061405,85.56
"50001",0.00905948889819858,1.75018199814508,1,1,0.336330946213622,79.06
"50003",0.00859079853024893,1.6596367749093,1,1,0.342937680938595,81.67
"50005",0.0153630195742026,2.96794671289529,1,1,0.374408045101326,90.77
"50007",0.00541537830773699,1.04618458434573,1,1,0.319637360962974,71.78
"50009",0.011889035667107,2.29681568504521,1,1,0.224491848240134,22.97
"50011",0.0180104608704234,3.47939985885729,1,1,0.335200365686424,78.59
"50013",0.0368392952482648,7.11689942913723,1,1,0.279533749809538,51.26
"50015",0.0128628422066309,2.48494314944219,1,1,0.302888922748743,63.54
"50017",0.0175388699279484,3.38829428024434,1,1,0.301081822337346,62.52
"50019",0.012462029753096,2.40751110568213,1,1,0.357988724668597,86
"50021",0.01110496090777,2.14534207053872,1,1,0.404836202955966,96.25
"50023",0.0108008702859511,2.08659549685309,1,1,0.287021179338717,55.49
"50025",0.0119437647741882,2.30738867642081,1,1,0.328892274874296,75.91
"50027",0.0112907925407925,2.18124245989364,1,1,0.363528873990553,88.01
"51001",0.0139478082015683,2.69454525550764,1,1,0.241349992381533,30.29
"51003",0.00443254101104787,0.856312488568571,1,0,0.19886332469907,12.98
"51005",0.0170366546205472,3.2912724504167,1,1,0.263504494895627,41.46
"51007",0.014018691588785,2.70823905541935,1,1,0.321871095535578,72.86
"51009",0.0103114930182599,1.99205381863713,1,1,0.280838031388085,52.05
"51011",0.00974393836392477,1.88240922939564,1,1,0.281188480877647,52.47
"51013",0.00117015316114893,0.226059220418344,1,0,0.0977601706536645,0.8
"51015",0.0071696415179241,1.38508669295013,1,1,0.300484534511656,62.23
"51017",0.00240577385725742,0.464765964602839,1,0,0.18153893036721,8.37
"51019",0.00764463744515312,1.47685007280192,1,1,0.411698918177663,96.85
"51021",0.0297210791037952,5.74174748679822,1,1,0.159975620905074,4.84
"51023",0.0145509662751042,2.81106798810333,1,1,0.286222763979887,54.98
"51025",0.0178849144634526,3.45514583482997,1,1,0.224543653816852,23.04
"51027",0.0101522842639594,1.96129664250335,1,1,0.209864391284474,17.18
"51029",0.0147213459516299,2.8439832492241,1,1,0.258646960231601,38.59
"51031",0.0111472586355373,2.15351347209708,1,1,0.342154502514094,81.39
"51033",0.0263325276682356,5.08712096327721,1,1,0.281020874600031,52.24
"51035",0.0299233490566038,5.78082355766153,1,1,0.306015541673015,64.84
"51036",0.00929614873837981,1.79590177291642,1,1,0.214472040225507,19.06
"51037",0.0123647604327666,2.38871986753113,1,1,0.222486667682462,21.89
"51041",0.00773191108918827,1.4937102690469,1,1,0.363260703946366,87.88
"51043",0.0226469977145232,4.37512183715713,1,1,0.277379247295444,49.83
"51045",0.0106382978723404,2.05518850304873,1,1,0.223931129056834,22.65
"51047",0.00535553316718808,1.0346232381327,1,1,0.355633094621362,85.11
"51049",0.00552486187845304,1.06733546567171,1,1,0.249922291634923,34.39
"51051",0.0232056125202375,4.48303935743279,1,1,0.192661892427244,11.17
"51053",0.0102085716800141,1.97217068003549,1,1,0.189815633094621,10.47
"51057",0.0214285714285714,4.13973684185529,1,1,0.315072375438062,69.49
"51059",0.00180936887885528,0.349547847054169,1,0,0.166106963278988,5.89
"51061",0.0113931712180012,2.20102076304716,1,1,0.402328203565443,95.93
"51063",0.0160590277777778,3.10240695034873,1,1,0.302267255828127,63.22
"51065",0.0054635761589404,1.05549581729423,1,1,0.270339783635533,45.43
"51067",0.0156602011099511,3.02535853600062,1,1,0.371080298643913,89.88
"51069",0.0147638930540497,2.85220282690284,1,1,0.293557824165778,58.83
"51071",0.0123033795358978,2.37686183205729,1,1,0.231604449184824,25.87
"51073",0.0134540750323415,2.59916207060858,1,1,0.381404845345117,92.68
"51075",0.00673034097095066,1.30021922219899,1,1,0.15638275179034,4.36
"51077",0.0158924205378973,3.07022047765959,1,1,0.211738534206918,18.07
"51079",0.0204536249493722,3.95138915511231,1,1,0.280889836964803,52.12
"51081",0.0212765957446809,4.11037700609745,1,1,0.144997714459851,3.37
"51083",0.0080306214350045,1.55141743948244,1,1,0.308547920158464,66.08
"51085",0.0085239467713252,1.64672183607252,1,1,0.367847021179339,89.02
"51087",0.00517359535920774,0.99947508795698,1,0,0.301322565899741,62.65
"51089",0.0150173708394038,2.90117162214522,1,1,0.262312966631114,40.85
"51091",0.0109769484083425,2.12061162773414,1,1,0.19664177967393,12.28
"51093",0.00812590881874947,1.56982579182492,1,1,0.332198689623648,77.25
"51095",0.00360802862167243,0.6970268205416,1,0,0.263736096297425,41.62
"51097",0.0242382271468144,4.68252782204315,1,1,0.259390522626848,39.1
"51099",0.0117609254498715,2.27206636436017,1,1,0.133307938442785,2.13
"51101",0.0112497443239926,2.17331244850929,1,1,0.29728173091574,60.83
"51103",0.00843727072633896,1.62997708862485,1,1,0.291872619229011,58.19
"51105",0.0183371535736612,3.54251287710337,1,1,0.241837574280055,30.58
"51107",0.0036755987668959,0.710080542789185,1,0,0.270656711869572,45.59
"51109",0.0158608339728831,3.06411834120439,1,1,0.289108639341765,56.51
"51111",0.0120311394196745,2.32426838490578,1,1,0.248944080451013,33.88
"51113",0.014583857178778,2.81742210676934,1,1,0.277592564376048,50.02
"51115",0.0152709359605911,2.95015728959802,1,1,0.228563157092793,24.53
"51117",0.0223511214230472,4.31796217121591,1,1,0.321849763827518,72.83
"51119",0.0121919584954604,2.35533665537465,1,1,0.282690842602468,53.26
"51121",0.00483012689316414,0.933121198355156,1,0,0.202736553405455,14.6
"51125",0.0128072712249535,2.47420751823342,1,1,0.266238000914216,42.95
"51127",0.0155991165102154,3.01355774149414,1,1,0.283147950632333,53.48
"51131",0.0182640459210297,3.52838937642911,1,1,0.200706993752857,13.62
"51133",0.0159415476585852,3.0797112340604,1,1,0.271762913301844,46.48
"51135",0.0155706476726851,3.00805791170094,1,1,0.218256894712784,20.11
"51137",0.0140614216701173,2.71649398237686,1,1,0.323873228706384,73.69
"51139",0.0116297100325632,2.24671715715514,1,1,0.299478896845955,61.85
"51141",0.0243128964059197,4.69695300591051,1,1,0.277815023617248,50.08
"51143",0.0139036016949153,2.68600510130971,1,1,0.319094926100869,71.38
"51145",0.0139787189651575,2.70051683542685,1,1,0.329187871400274,76.04
"51147",0.00785529715762274,1.51754694219949,1,1,0.249916196861192,34.36
"51149",0.0130101818814725,2.51340736518525,1,1,0.13334755447204,2.16
"51153",0.00673351853892507,1.30083308930884,1,1,0.369102544568033,89.37
"51155",0.00921060765284045,1.77937628569577,1,1,0.209172634465945,16.8
"51157",0.0168734491315136,3.25974315421525,1,1,0.22803291177815,24.31
"51159",0.00755191944619257,1.45893809404592,1,1,0.283644674691452,53.8
"51161",0.00511242488854429,0.987657704241821,1,0,0.297037939966479,60.67
"51163",0.0302986994426183,5.853336642669,1,1,0.299210726801767,61.63
"51165",0.00797635126525827,1.54093310916387,1,1,0.315913454213012,69.93
"51167",0.0157582767095562,3.04430553740599,1,1,0.253106810909645,35.76
"51169",0.0232473665092626,4.49110571534368,1,1,0.182130123419168,8.65
"51171",0.0243091762252346,4.69623431268864,1,1,0.331964040834984,77.16
"51173",0.00730680644905091,1.41158527316062,1,1,0.182120981258571,8.62
"51175",0.0316586373021335,6.11605993612023,1,1,0.242541520646046,30.86
"51177",0.0156332742384823,3.02015659511404,1,1,0.4322474478135,98.76
"51179",0.0113666704809856,2.19590114610371,1,1,0.31456346183148,69.11
"51181",0.00671140939597315,1.29656187440658,1,1,0.160981258570776,5.06
"51183",0.0295243302351011,5.70373802158301,1,1,0.222666463507542,21.99
"51185",0.0197207332406856,3.8098034774271,1,1,0.275928691147341,49.03
"51187",0.00920675161785309,1.77863134709107,1,1,0.322852354106354,73.21
"51191",0.0145410481672221,2.80915193146194,1,1,0.324632028035959,73.91
"51193",0.00895233486571498,1.72948115499721,1,1,0.255261313423739,36.97
"51195",0.0181940135826277,3.5148599886969,1,1,0.234462898064909,27.3
"51197",0.024471108304389,4.72751760173981,1,1,0.286524455279598,55.11
"51199",0.00714392022622414,1.38011765526951,1,1,0.303062623800091,63.67
"51510",0.00178912475577898,0.345636931088102,1,0,0.193536492457717,11.45
"51520",0.00646900269541779,1.2497318767865,1,1,0.208864848392503,16.64
"51530",0.00291885580852306,0.563887096574957,1,0,0.14061861953375,2.93
"51540",0.002801261829653,0.541169383995215,1,0,0.222846259332622,22.11
"51550",0.00545407324041209,1.05365997013718,1,1,0.377376199908578,91.6
"51570",0.0112479394938427,2.17296377748893,1,1,0.238939509370715,29.05
"51580",0.0180158539514773,3.48044173588602,1,1,0.199387475239982,13.14
"51590",0.00617238045660742,1.19242810298105,1,1,0.282288587536188,52.85
"51595",0.00934080597811583,1.80452900321065,1,1,0.1943836660064,11.55
"51600",0.00370485921534982,0.7157333020913,1,0,0.218430595764132,20.2
"51610",0.000459981600735971,0.0888627963599725,1,0,0.184781349992382,9.13
"51620",0.0121059844677935,2.33872752905179,1,1,0.212204784397379,18.26
"51630",0.00628628480567984,1.21443302439517,1,1,0.241846716440652,30.61
"51640",0.0111553784860558,2.1550821274997,1,1,0.231762913301844,25.96
"51650",0.00661955880241813,1.27881746772257,1,1,0.250851744628981,34.74
"51660",0.00243217418999913,0.469866184673618,1,0,0.260188937985677,39.74
"51670",0.0103853853853854,2.00632891651478,1,1,0.224760018284321,23.16
"51678",0.000147514382652309,0.0284979671465674,1,0,0.112637513332318,1.24
"51680",0.00333552494427428,0.644382456607846,1,0,0.206829193966174,15.97
"51683",0.00273430473106674,0.528234094829289,1,0,0.247636751485601,33.18
"51685",0.00505716798592788,0.976982749250516,1,0,0.203333841231144,14.76
"51690",0.00431770258058038,0.834127114100106,1,0,0.190391589212251,10.63
"51700",0.00483360900902445,0.933793900376501,1,0,0.142291634923053,3.09
"51710",0.00546072659646297,1.05494531681825,1,1,0.181252476001828,8.27
"51720",0.00718993409227082,1.38900696910663,1,1,0.187085174462898,9.64
"51730",0.0129563295480527,2.50300375571364,1,1,0.265399969526131,42.6
"51735",0.0063148398737032,1.21994951286068,1,1,0.199728782568947,13.27
"51740",0.00547655468056578,1.05800310828675,1,1,0.152436385799177,3.95
"51750",0.00214838155256374,0.41504093229715,1,0,0.143870181319519,3.15
"51760",0.00264933220440827,0.511818446202122,1,0,0.181557214688405,8.4
"51770",0.00194050991501416,0.374882684734582,1,0,0.261087917111077,40.22
"51775",0.00197966345721227,0.382446668253826,1,0,0.231726344659455,25.9
"51790",0.0065640384465109,1.26809161679087,1,1,0.280030473868658,51.51
"51800",0.00621072270227808,1.19983535397449,1,1,0.254910863934177,36.75
"51810",0.00524823022113589,1.01389362671215,1,1,0.308121285997257,65.86
"51820",0.00822288865241366,1.5885611047073,1,1,0.257635227792168,38.12
"51830",0.00500257485470463,0.966436026740783,1,0,0.135815937833308,2.42
"51840",0.00382198375656903,0.738360325081928,1,0,0.209657168977602,16.99
"53001",0.0143161153027665,2.76569766438517,1,1,0.190885265884504,10.79
"53003",0.00116670987814363,0.225394020427693,1,0,0.273661435319214,47.77
"53005",0.00420750920966808,0.812839108093059,1,0,0.297498095383209,60.96
"53007",0.00370117069638331,0.715020725524616,1,0,0.296260856315709,60.2
"53009",0.00278231836677912,0.537509739607221,1,0,0.372412006704251,90.26
"53011",0.00322015732358514,0.622094849087392,1,0,0.412576565595002,96.95
"53013",0.0129032258064516,2.49274476498813,1,1,0.1817979582508,8.46
"53015",0.00949387808551038,1.83410065452459,1,1,0.361682157549901,87.31
"53017",0.0079949505575426,1.54452626402063,1,1,0.279494133780284,51.22
"53019",0.0158966716343766,3.07104173729288,1,1,0.223492305348164,22.46
"53021",0.00645858343337335,1.24771900331549,1,1,0.35470668901417,84.79
"53023",0,0,0,0,0.143297272588755,3.12
"53025",0.0063192811555257,1.22080751396667,1,1,0.266189242724364,42.92
"53027",0.00598354525056096,1.15594746020392,1,1,0.317147645893646,70.54
"53029",0.00330305532617671,0.638109725141471,1,0,0.317138503733049,70.51
"53031",0.00506171743184442,0.97786164633115,1,0,0.338701813195185,80.11
"53033",0.00132065801645041,0.255134910155594,1,0,0.238214231296663,28.7
"53035",0.00229726416721904,0.443803225063831,1,0,0.321036111534359,72.35
"53037",0.00685885204476303,1.32504598345187,1,1,0.370778607344202,89.79
"53039",0.00895276239839793,1.72956374906115,1,1,0.278448880085327,50.49
"53041",0.013001750859218,2.51177859522465,1,1,0.401883285083041,95.83
"53043",0.00313087038196619,0.604845708473952,1,0,0.243294225201889,31.24
"53045",0.00634015821312238,1.22484070510919,1,1,0.313749809538321,68.66
"53047",0.0085812055804159,1.65778353480982,1,1,0.291921377418863,58.22
"53049",0.00983090837593394,1.89921076766202,1,1,0.303522779216822,63.89
"53051",0.00884495317377731,1.70873633083864,1,1,0.247542282492762,33.09
"53053",0.00376690967213754,0.727720688318811,1,0,0.372469907054701,90.3
"53055",0.00252716704574172,0.488217637823048,1,0,0.356675300929453,85.43
"53057",0.00530982234426175,1.02579246850485,1,1,0.420454060642999,97.74
"53059",0.0174799708667152,3.37691570493658,1,1,0.238930367210117,28.99
"53061",0.00285313044405731,0.55118976331454,1,0,0.407999390522627,96.47
"53063",0.00318409742120344,0.615128518788574,1,0,0.43242724363858,98.79
"53065",0.00797459942405671,1.54059467495759,1,1,0.364028645436538,88.2
"53067",0.00264951061565889,0.511852913064724,1,0,0.308127380770989,65.89
"53069",0.0184426229508197,3.56288826553119,1,1,0.233570013713241,26.85
"53071",0.00264471651016284,0.510926750757923,1,0,0.257519427091269,38.08
"53073",0.00710962218499907,1.37349169490924,1,1,0.455416730153893,99.59
"53075",0.0014934829833454,0.288522571345816,1,0,0.194892579612982,11.64
"53077",0.00384972786406478,0.743720145932673,1,0,0.281407892731982,52.62
"54001",0.0157586672669968,3.04438098830721,1,1,0.186996800243791,9.61
"54003",0.0132088723746517,2.55179192840647,1,1,0.301036111534359,62.46
"54005",0.0326358226147053,6.30484013797632,1,1,0.230547005942404,25.36
"54007",0.0253164556962025,4.89082833636912,1,1,0.258415358829803,38.47
"54009",0.0102371387845017,1.97768949379809,1,1,0.21214688404693,18.2
"54011",0.00904300769011678,1.74699803114467,1,1,0.269062928538778,44.61
"54013",0.0251851851851852,4.8654684857361,1,1,0.169797348773427,6.46
"54015",0.0305139186295503,5.89491434653912,1,1,0.165089136065824,5.73
"54017",0.0115074798619102,2.22310378925869,1,1,0.161115343592869,5.09
"54019",0.0180265654648956,3.48251106873342,1,1,0.320329117781502,72.13
"54021",0.014975845410628,2.89314941926763,1,1,0.16487581898522,5.66
"54023",0.0234741784037559,4.53492298794789,1,1,0.310415968307177,66.91
"54025",0.0153565146800162,2.96669004722323,1,1,0.338128904464422,79.89
"54027",0.0244498777506112,4.72341611947629,1,1,0.325159225963736,74.2
"54029",0.0182920767471916,3.53380458780503,1,1,0.233597440195033,26.89
"54031",0.0151018663627297,2.91749511958648,1,1,0.227426481791864,24.09
"54033",0.00807295559874421,1.55959588002322,1,1,0.265390827365534,42.57
"54035",0.0241639945029776,4.6681869868837,1,1,0.269422520188938,44.96
"54037",0.00990373935579415,1.91328081855462,1,1,0.294185585860125,59.12
"54039",0.00695354801937874,1.3433400828135,1,1,0.301063538016151,62.49
"54041",0.0245310245310245,4.73909268091178,1,1,0.280399207679415,51.8
"54043",0.0175801447776629,3.39626807432458,1,1,0.229087307633704,24.72
"54045",0.0151755779071819,2.93173528474429,1,1,0.248922748742953,33.85
"54047",0.0300751879699248,5.81015697102497,1,1,0.182657321346945,8.78
"54049",0.0143752867410919,2.77712885960216,1,1,0.328614962669511,75.72
"54051",0.00763492759982448,1.47497424992826,1,1,0.230129513941795,25.17
"54053",0.0201436822087618,3.89151202394436,1,1,0.231324089593174,25.64
"54055",0.00934792521659827,1.80590435265613,1,1,0.340694804205394,80.91
"54057",0.007701661937576,1.48786650443657,1,1,0.255651378942557,37.29
"54059",0.0192412416046469,3.7171715818438,1,1,0.225622428767332,23.39
"54061",0.0076681770651795,1.48139763830769,1,1,0.20765198841993,16.23
"54063",0.0103171570500573,1.99314804002204,1,1,0.272095078470212,46.61
"54065",0.0281727224855187,5.44262400307111,1,1,0.299939052262685,62.11
"54067",0.0271527341294783,5.2455747788688,1,1,0.267460003047387,43.68
"54069",0.00831394553168195,1.60615217553849,1,1,0.256797196404084,37.7
"54071",0.0279465370595383,5.39892775649009,1,1,0.296148103001676,60.1
"54073",0.00810910431256911,1.5665793676022,1,1,0.193119000457108,11.36
"54075",0.0267883426552841,5.17517882104174,1,1,0.214100259027884,18.87
"54077",0.0207419698945123,4.00709385743173,1,1,0.314807252780741,69.27
"54079",0.0132049287186173,2.55103006249153,1,1,0.338528112143837,79.96
"54081",0.013136987856089,2.53790472221333,1,1,0.284952003656864,54.44
"54083",0.0140162657899291,2.70777042087091,1,1,0.301691299710498,62.81
"54085",0.0198974977389207,3.84395220769198,1,1,0.216230382447052,19.6
"54087",0.0157958687727825,3.05156786236397,1,1,0.262063080908121,40.73
"54089",0.0219484020023104,4.24016172481135,1,1,0.241026969373762,30.07
"54091",0.0103986135181976,2.00888442932319,1,1,0.236135913454213,27.84
"54093",0.0150470219435737,2.90689985133412,1,1,0.192156026207527,11.07
"54095",0.0291936978683967,5.63986390873705,1,1,0.17987810452537,7.95
"54097",0.0159066808059385,3.07297538631888,1,1,0.285302453146427,54.6
"54099",0.0147537647537648,2.85024616367055,1,1,0.23936004875819,29.34
"54101",0.0370792926411865,7.1632639781105,1,1,0.17542587231449,7.25
"54103",0.0168241965973535,3.25022816947177,1,1,0.230802986439128,25.49
"54105",0.0224971878515186,4.34618041139663,1,1,0.191098582965107,10.82
"54107",0.0100154479917611,1.93486155516168,1,1,0.333856468078623,78.08
"54109",0.0413604870879698,7.99033816910693,1,1,0.214517751028493,19.09
"55001",0.02586945348638,4.99766071822402,1,1,0.267536187719031,43.75
"55003",0.0207757763288761,4.0136248453837,1,1,0.27710193509066,49.7
"55005",0.0217869359830591,4.20896847280992,1,1,0.331598354411093,77
"55007",0.013949933116759,2.69495576302701,1,1,0.278512875209508,50.52
"55009",0.00749063670411985,1.44709902087326,1,1,0.343461831479506,81.86
"55011",0.0286545780165659,5.53571257413975,1,1,0.291001066585403,57.81
"55013",0.0110319076714189,2.13122908242154,1,1,0.296705774798111,60.45
"55015",0.0133361898130791,2.57638809396168,1,1,0.289267103458784,56.63
"55017",0.0181286938043695,3.5022410097109,1,1,0.409751637970441,96.66
"55019",0.0234985039772313,4.53962239000794,1,1,0.330056376657017,76.52
"55021",0.0190302292554271,3.67640658735671,1,1,0.364098735334451,88.23
"55023",0.0225148123765635,4.34958525319358,1,1,0.259271674539083,38.98
"55025",0.00610165232141735,1.17876429585429,1,1,0.252942252018894,35.7
"55027",0.015882544208499,3.06831249210821,1,1,0.259363096145056,39.04
"55029",0.0117755289788408,2.2748875868153,1,1,0.330732896541216,76.77
"55031",0.0203846153846154,3.93805735468798,1,1,0.333649245771751,78.01
"55033",0.0267586341845221,5.16943950933174,1,1,0.266874904769161,43.4
"55035",0.0114503226205765,2.21206171216472,1,1,0.320521103154046,72.16
"55037",0.0199680511182109,3.857582254125,1,1,0.201925948499162,14.29
"55039",0.0149135489493177,2.88111450798746,1,1,0.37582203260704,91.28
"55041",0.0121886592474828,2.35469928118248,1,1,0.232229163492305,26.19
"55043",0.0201951219512195,3.90144955047045,1,1,0.380557671796435,92.33
"55045",0.00998164295548417,1.92833083730295,1,1,0.304104830108182,64.11
"55047",0.0208741944522275,4.03263801817042,1,1,0.322093554776779,72.96
"55049",0.0184407672676381,3.56252977032963,1,1,0.268072527807405,44.07
"55051",0.0267002518891688,5.15816076684572,1,1,0.243711717202499,31.4
"55053",0.0258750268413141,4.99873742195253,1,1,0.230507389913149,25.33
"55055",0.0122996166019093,2.37613487942221,1,1,0.331531311900046,76.96
"55057",0.0304041174227983,5.87370210183179,1,1,0.282026512265732,52.82
"55059",0.0111284056230314,2.14987130160939,1,1,0.278394027121743,50.43
"55061",0.0112637981527371,2.17602747563168,1,1,0.273661435319214,47.77
"55063",0.0115692517327673,2.23503735610563,1,1,0.323845802224593,73.62
"55065",0.0218147328485615,4.21433848585964,1,1,0.289861343897608,57.1
"55067",0.0203405325105702,3.9295410847916,1,1,0.30367514856011,63.95
"55069",0.0236081747709655,4.5608094405218,1,1,0.301968611915283,63.03
"55071",0.0124913623558178,2.41317780430268,1,1,0.332216973944843,77.28
"55073",0.0121492921492921,2.34709404126811,1,1,0.359347859210727,86.57
"55075",0.0195587784700235,3.77851580465531,1,1,0.295556909949718,59.78
"55077",0.0299424945468967,5.78452223126584,1,1,0.263370409873534,41.33
"55078",0,0,0,0,0.0936705774798111,0.7
"55079",0.00312488539835051,0.603689483139272,1,0,0.263589821727868,41.52
"55081",0.0189384602744228,3.65867794721525,1,1,0.274916958707908,48.49
"55083",0.0248009517708429,4.79123930874561,1,1,0.333768093859516,78.05
"55085",0.0128301079867422,2.47861930015927,1,1,0.368166996800244,89.25
"55087",0.00906030926530509,1.75034048299536,1,1,0.36013713240896,86.86
"55089",0.00747148208948941,1.44339858455899,1,1,0.318247752552186,71.01
"55091",0.0251550654720882,4.85964972705733,1,1,0.269123876276093,44.67
"55093",0.018854694195559,3.64249536948597,1,1,0.338543349078166,79.99
"55095",0.0215094339622642,4.15535849031512,1,1,0.356330946213622,85.3
"55097",0.0117219397834734,2.26453481238385,1,1,0.316093250038093,70.06
"55099",0.0274968955117971,5.31206253138548,1,1,0.256976992229164,37.99
"55101",0.0091513353115727,1.76792559726948,1,1,0.382690842602469,92.9
"55103",0.0190611664295875,3.68238326947393,1,1,0.256867286301996,37.8
"55105",0.0119753425733244,2.31348911941603,1,1,0.385924120067043,93.45
"55107",0.0170909090909091,3.30175374780701,1,1,0.276839859820204,49.44
"55109",0.019664337679176,3.79890854752117,1,1,0.410991924424806,96.79
"55111",0.0149235138771239,2.8830396096632,1,1,0.307051653207375,65.29
"55113",0.0147316730971589,2.8459783269156,1,1,0.313277464574128,68.44
"55115",0.0156941371681416,3.03191456568402,1,1,0.3639341764437,88.16
"55117",0.00868952911741352,1.67871031186745,1,1,0.289337193356697,56.67
"55119",0.0156180770934869,3.01722069333272,1,1,0.304065214078927,64.08
"55121",0.0232042668144351,4.482779383598,1,1,0.299731829955813,61.98
"55123",0.0224398592754588,4.3351052345377,1,1,0.367210117324394,88.8
"55125",0.0217502821380938,4.20188740009798,1,1,0.342364772207832,81.48
"55127",0.0125540275049116,2.42528394153487,1,1,0.35774188633247,85.87
"55129",0.0208869380959588,4.03509993363827,1,1,0.329407283254609,76.14
"55131",0.0115611373825462,2.23346976329293,1,1,0.36081974706689,87.11
"55133",0.00659205829863177,1.27350470811685,1,1,0.398086241048301,95.42
"55135",0.0172520024645718,3.33287500925708,1,1,0.327447813499924,75.15
"55137",0.0257853403141361,4.98141108631627,1,1,0.294277007466098,59.24
"55139",0.00940438871473354,1.81681240708383,1,1,0.238308700289502,28.73
"55141",0.0132343045136206,2.55670510533046,1,1,0.329617552948347,76.26
"56001",0.00548103274195875,1.05886821475408,1,1,0.271180862410483,45.94
"56003",0.0129688747007183,2.5054273251452,1,1,0.28852963583727,56.28
"56005",0.00740795341466111,1.43112562475961,1,1,0.316852049367667,70.38
"56007",0.017139796464917,3.3111981880935,1,1,0.276273045863172,49.13
"56009",0.0209544409895904,4.0481406637042,1,1,0.249879628218802,34.33
"56011",0.015552099533437,3.00447463898259,1,1,0.270035044948956,45.31
"56013",0.0175998177365153,3.4000686483769,1,1,0.3528081669968,84.28
"56015",0.0118492618492618,2.28913187188838,1,1,0.312899588602773,68.22
"56017",0.00847079803834151,1.63645415356443,1,1,0.248861801005638,33.76
"56019",0.0114133074307916,2.20491083207122,1,1,0.370196556452842,89.66
"56021",0.00602252354180084,1.16347758739024,1,1,0.331723297272589,77.03
"56023",0.0184092518291244,3.55644137464085,1,1,0.33358525064757,77.92
"56025",0.00617172718262907,1.1923018984711,1,1,0.449818680481487,99.49
"56027",0.0281280310378274,5.43399016422001,1,1,0.196541215907359,12.22
"56029",0.00646861523718256,1.24965702461372,1,1,0.408776474173397,96.53
"56031",0.0266279351246672,5.14419005604547,1,1,0.287667225354259,55.93
"56033",0.00933908045977012,1.80419565425686,1,1,0.400234648788664,95.61
"56035",0.027604054345482,5.33276430206648,1,1,0.286810909644979,55.42
"56037",0.0119931978877651,2.31693854688998,1,1,0.298598202041749,61.34
"56039",0.00349299542937832,0.674803820480047,1,0,0.259814109401189,39.36
"56041",0.0207396027652804,4.00663655713417,1,1,0.326259332622277,74.67
"56043",0.00755608028335301,1.45974191668727,1,1,0.325844888008533,74.48
"56045",0.0327360441075121,6.32420169959515,1,1,0.260149321956422,39.64
