"county_geoid","industry_employment_share","location_quotient","industry_present","industry_comparative_advantage","industry_feasibility","industry_feasibility_percentile_score"
"01001",0.000200830097737314,0.794048608748625,1,0,0.139506342755691,70.76
"01003",2.00258333249892e-05,0.0791787947618225,1,0,0.237914060615006,92.4
"01005",0,0,0,0,0.0712069020860467,22.94
"01007",0,0,0,0,0.0719031798763625,23.7
"01009",0.000173505682311096,0.686012441368784,1,0,0.133573737430232,68.34
"01011",0,0,0,0,0.0703989591521216,22.11
"01013",0,0,0,0,0.0781994192119288,29.62
"01015",8.06565442703607e-05,0.318902482675296,1,0,0.143086491450614,72.03
"01017",9.51927653498334e-05,0.376376268998476,1,0,0.100031446997006,48.08
"01019",0,0,0,0,0.0958119782672727,44.96
"01021",0,0,0,0,0.122783877397378,62.81
"01023",0,0,0,0,0.0572785691186501,11.04
"01025",0,0,0,0,0.0832656493438889,34.23
"01027",0,0,0,0,0.04957649425423,6.62
"01029",0,0,0,0,0.0667451129454324,18.9
"01031",0.000101445599797109,0.401098930340247,1,0,0.130363611120694,66.78
"01033",3.64298724954463e-05,0.144037621341675,1,0,0.138981911523992,70.44
"01035",0,0,0,0,0.0629326498884004,15.84
"01037",0,0,0,0,0.0641466862114788,16.7
"01039",0,0,0,0,0.113037716332517,57.59
"01041",0,0,0,0,0.0695840938732897,21.03
"01043",0.000111049416990561,0.43907081686052,1,0,0.153683458992661,76.14
"01045",4.26021386273591e-05,0.168441729043113,1,0,0.0807741980890508,31.94
"01047",0,0,0,0,0.115048247657658,58.57
"01049",0,0,0,0,0.111743909095918,56.44
"01051",0.000198389080665,0.784397235612623,1,0,0.133869052597788,68.47
"01053",0,0,0,0,0.0990461173300772,47.15
"01055",2.62274443978179e-05,0.103698927450404,1,0,0.143627455645954,72.22
"01057",0,0,0,0,0.0761871879946629,27.43
"01059",0,0,0,0,0.0768596753337548,28.09
"01061",0,0,0,0,0.0935182695419756,43.08
"01063",0,0,0,0,0.0579744629828783,11.68
"01065",0,0,0,0,0.0812057116801715,32.29
"01067",0.000209292591042277,0.827507891550646,1,0,0.0903393586461655,40.31
"01069",0.000158878669655939,0.628179680344253,1,0,0.188232357640215,84.63
"01071",0,0,0,0,0.116343855463224,59.21
"01073",7.71166099538264e-05,0.304906174598096,1,0,0.250430814210692,93.92
"01075",0,0,0,0,0.0747691399156749,26.03
"01077",0.000194704049844237,0.7698272402315,1,0,0.165241736936222,78.97
"01079",0,0,0,0,0.095316367066652,44.61
"01081",3.84679497865029e-05,0.152095837992062,1,0,0.157722337602638,77.19
"01083",0,0,0,0,0.123533986009207,63.32
"01085",0,0,0,0,0.0556730060938406,9.77
"01087",0,0,0,0,0.0532433678516163,8.56
"01089",6.73510057089882e-05,0.266294609142672,1,0,0.168128019611441,79.8
"01091",0,0,0,0,0.0858547067045812,36.59
"01093",0,0,0,0,0.0775680453902306,28.7
"01095",6.52613717940351e-05,0.258032546226521,1,0,0.132841153475216,67.99
"01097",0.00026946511175317,1.06541997192955,1,1,0.255716442056797,94.43
"01099",0,0,0,0,0.0855358038462027,36.14
"01101",0.000344192261748092,1.36087862159286,1,1,0.207264787925693,87.91
"01103",3.44091941366733e-05,0.136048197158798,1,0,0.164872453610135,78.71
"01105",0,0,0,0,0.0568855705075057,10.66
"01107",0,0,0,0,0.073401024270796,25.23
"01109",0,0,0,0,0.0716578818427123,23.48
"01111",0.000168067226890756,0.664509698458653,1,0,0.09038813760923,40.38
"01113",0,0,0,0,0.112740617606182,57.21
"01115",3.86473429951691e-05,0.15280512872769,1,0,0.16856053181782,79.89
"01117",0.000161446561188247,0.63833269386971,1,0,0.259516850981678,94.75
"01119",0,0,0,0,0.0676450578346159,19.44
"01121",5.72377082021636e-05,0.22630832269641,1,0,0.102283858058347,49.95
"01123",0.000267326070975072,1.056962562542,1,1,0.112960313756503,57.46
"01125",0.000229012340241872,0.90547648088675,1,0,0.142536994724996,71.78
"01127",0,0,0,0,0.124854732811259,64.08
"01129",0,0,0,0,0.047148472244005,5.35
"01131",0,0,0,0,0.0857195845932361,36.49
"01133",0,0,0,0,0.080657743805177,31.78
"02013",0,0,0,0,0.0285742371330286,0.45
"02016",0,0,0,0,0.0403326908655057,2.61
"02020",1.73825375028247e-05,0.0687276452889671,1,0,0.235925224918469,92.14
"02050",0,0,0,0,0.0544858289595042,9.29
"02060",0,0,0,0,0.0460345516055642,4.8
"02063",0,0,0,0,0.107598253522057,53.2
"02066",0,0,0,0,0.0939910146132626,43.65
"02068",0,0,0,0,0.052403505574979,8.05
"02070",0,0,0,0,0.0441351581515573,3.91
"02090",1.89724519996964e-05,0.0750139012261703,1,0,0.147404997409426,73.81
"02100",0,0,0,0,0.0915094816058056,41.36
"02105",0,0,0,0,0.0647127853893074,17.31
"02110",0.000102658864592958,0.405895976370905,1,0,0.147082802786825,73.72
"02122",0,0,0,0,0.180283715734259,83.11
"02130",0,0,0,0,0.110266816946951,55.39
"02150",0,0,0,0,0.0927900871364929,42.44
"02158",0,0,0,0,0.0290516524388534,0.48
"02164",0,0,0,0,0.0342158538436598,1.3
"02170",2.8109627547435e-05,0.11114076474572,1,0,0.187640073894483,84.57
"02180",0,0,0,0,0.0567403644074361,10.5
"02185",0,0,0,0,0.0439214011656413,3.69
"02188",0,0,0,0,0.0333536499282864,1.08
"02195",0,0,0,0,0.0795740310141777,30.86
"02198",0,0,0,0,0.0616876122399059,14.67
"02220",0,0,0,0,0.122474257728882,62.74
"02230",0,0,0,0,0.0712772316843343,23.04
"02240",0,0,0,0,0.0850293855611765,35.6
"02275",0,0,0,0,0.0564613207744816,10.15
"02282",0,0,0,0,0.0565939175292733,10.34
"02290",0,0,0,0,0.0595557511741135,13.01
"04001",0,0,0,0,0.0613413171483929,14.48
"04003",2.32217913289831e-05,0.0918150780444694,1,0,0.148015895155792,74.1
"04005",2.70482269887209e-05,0.106944164502691,1,0,0.181030818380554,83.26
"04007",0,0,0,0,0.0923405365429745,42.06
"04009",0,0,0,0,0.0954949748949047,44.73
"04011",0,0,0,0,0.0226618181396181,0.16
"04012",0,0,0,0,0.0713311285331524,23.1
"04013",2.28332073570169e-05,0.0902786820271484,1,0,0.367018026128934,99.49
"04015",1.55077228459773e-05,0.0613149417813564,1,0,0.201738695379065,87.15
"04017",0,0,0,0,0.136801164317327,69.71
"04019",2.2207121379684e-05,0.0878032428133089,1,0,0.233196610848066,91.92
"04021",2.17668121415278e-05,0.0860623337468081,1,0,0.170525621173167,80.53
"04023",0,0,0,0,0.118370695725648,60.36
"04025",7.12090103134383e-05,0.281548513926986,1,0,0.2315322805733,91.7
"04027",1.18546618457708e-05,0.0468713497223518,1,0,0.139186759371741,70.6
"05001",0,0,0,0,0.0719125237332663,23.74
"05003",0,0,0,0,0.0771084969725579,28.32
"05005",0,0,0,0,0.14241571654093,71.71
"05007",3.07684733914242e-05,0.121653396403442,1,0,0.210658387447849,88.36
"05009",0,0,0,0,0.137070619341497,69.84
"05011",0,0,0,0,0.0626557324961444,15.56
"05013",0,0,0,0,0.0319883826608749,0.86
"05015",0,0,0,0,0.105247050553699,51.99
"05017",0,0,0,0,0.0642161201715491,16.83
"05019",0,0,0,0,0.0813415518819586,32.52
"05021",0,0,0,0,0.0808758104354489,32.07
"05023",0,0,0,0,0.113817304797679,57.87
"05025",0,0,0,0,0.0479830605833615,5.89
"05027",0,0,0,0,0.0856743970396636,36.46
"05029",0,0,0,0,0.0951094238389618,44.54
"05031",0,0,0,0,0.173302875294479,81.29
"05033",0,0,0,0,0.131372733393299,67.23
"05035",0,0,0,0,0.119860847719355,61.18
"05037",0,0,0,0,0.0712183591907554,22.97
"05039",0,0,0,0,0.0575832820115652,11.26
"05041",0,0,0,0,0.0584018995076633,12.06
"05043",0,0,0,0,0.0893235118234638,39.36
"05045",3.7628642922993e-05,0.14877735906489,1,0,0.192986889224657,85.52
"05047",0,0,0,0,0.0693445387258641,20.87
"05049",0,0,0,0,0.078042156362738,29.34
"05051",0,0,0,0,0.215652473154226,89.31
"05053",0,0,0,0,0.0829983040178877,34.01
"05055",0,0,0,0,0.116077525198797,58.99
"05057",0,0,0,0,0.0790829840125439,30.58
"05059",0,0,0,0,0.0910606051397776,40.88
"05061",0,0,0,0,0.0624722607330149,15.34
"05063",0,0,0,0,0.104466849496857,51.57
"05065",0,0,0,0,0.0868027305816519,37.51
"05067",0,0,0,0,0.0669862655961872,18.99
"05069",0,0,0,0,0.116675871744489,59.4
"05071",0,0,0,0,0.0703989902466078,22.14
"05073",0,0,0,0,0.0593574700648881,12.76
"05075",0,0,0,0,0.0786669412612288,30.26
"05077",0,0,0,0,0.0526432836001183,8.18
"05079",0,0,0,0,0.0435444505188088,3.47
"05081",0,0,0,0,0.054659273592086,9.39
"05083",0,0,0,0,0.0819948814126264,33.12
"05085",0,0,0,0,0.139589680663169,70.82
"05087",0,0,0,0,0.0861899915349926,36.97
"05089",0,0,0,0,0.0853134355161758,35.92
"05091",0,0,0,0,0.113166119528814,57.62
"05093",0,0,0,0,0.0781432752421573,29.53
"05095",0,0,0,0,0.06805594917836,19.73
"05097",0,0,0,0,0.0911977457841024,40.98
"05099",0,0,0,0,0.0538611759497985,8.81
"05101",0,0,0,0,0.0730471621340907,24.88
"05103",0,0,0,0,0.0851310814552468,35.73
"05105",0,0,0,0,0.090488703493148,40.44
"05107",0,0,0,0,0.0762989165753254,27.62
"05109",0,0,0,0,0.0803185278185748,31.56
"05111",0,0,0,0,0.0625148201415694,15.43
"05113",0,0,0,0,0.090870734151533,40.73
"05115",6.64606386867378e-05,0.262774246889907,1,0,0.149337247380936,74.39
"05117",0,0,0,0,0.0531198239019525,8.43
"05119",5.51165370279785e-05,0.217921566733256,1,0,0.2375033885489,92.36
"05121",0,0,0,0,0.0700555062245745,21.67
"05123",0,0,0,0,0.0796217744623058,30.96
"05125",0,0,0,0,0.168616285603533,79.92
"05127",0,0,0,0,0.0478872757227538,5.82
"05129",0,0,0,0,0.0896413762752563,39.64
"05131",0,0,0,0,0.197573105529816,86.38
"05133",0,0,0,0,0.067049950819349,19.09
"05135",0,0,0,0,0.10510467662814,51.86
"05137",0,0,0,0,0.100437826661079,48.36
"05139",0,0,0,0,0.123154752221196,63
"05141",0,0,0,0,0.0995035849700935,47.5
"05143",5.83758382405522e-05,0.230808298465678,1,0,0.215559510061154,89.28
"05145",0,0,0,0,0.138442214801432,70.31
"05147",0,0,0,0,0.0388136638694913,2.2
"05149",0,0,0,0,0.07287917129443,24.63
"06001",0.000150864806983793,0.596494208011097,1,0,0.347619055847558,98.95
"06003",0,0,0,0,0.10553217653866,52.08
"06005",7.05566923022649e-05,0.278969357639807,1,0,0.13619711921867,69.33
"06007",3.36360578540195e-05,0.132991345638378,1,0,0.213819411848269,88.9
"06009",8.09126952018772e-05,0.319915260605954,1,0,0.170308699955709,80.46
"06011",0,0,0,0,0.0629554235960706,15.91
"06013",0.00012159226214374,0.480755462839652,1,0,0.305454867869659,97.8
"06015",0,0,0,0,0.0877402739257314,38.08
"06017",7.20855800005767e-05,0.285014323824932,1,0,0.226003580062703,90.74
"06019",2.73436103241059e-05,0.108112060794893,1,0,0.19790508775049,86.45
"06021",0,0,0,0,0.095453606062405,44.7
"06023",1.67993817827504e-05,0.0664219451303462,1,0,0.17264797389991,81.1
"06025",1.33859848738371e-05,0.0529259447939092,1,0,0.106806230200149,52.85
"06027",0,0,0,0,0.103611758850431,50.97
"06029",2.57473158423234e-05,0.101800579464687,1,0,0.15075802003178,74.96
"06031",1.58715043011777e-05,0.0627532727967017,1,0,0.0717974598724483,23.61
"06033",5.02866338127326e-05,0.198824937434828,1,0,0.11391771696047,57.91
"06035",0,0,0,0,0.0724469561296836,24.28
"06037",0.000337855778789928,1.33582522803294,1,1,0.422883408801384,99.9
"06039",6.34256176069514e-05,0.250774281281767,1,0,0.122907669195399,62.84
"06041",0.000292918140645772,1.15814932461587,1,1,0.324678607233759,98.47
"06043",0,0,0,0,0.0936225068827674,43.14
"06045",2.67058352249967e-05,0.105590404749072,1,0,0.164675689589711,78.65
"06047",4.18576421590172e-05,0.165498114557208,1,0,0.115840945456033,58.86
"06049",0,0,0,0,0.0749490699533282,26.15
"06051",0,0,0,0,0.0992770392320071,47.34
"06053",5.29371283372448e-05,0.209304549372465,1,0,0.129468831289719,66.4
"06055",1.12344403001842e-05,0.0444190974905517,1,0,0.159095695734651,77.41
"06057",0.000166026279588255,0.656440134263149,1,0,0.262890394465253,94.81
"06059",0.000265304625791061,1.04897010646042,1,1,0.446705978732475,99.97
"06061",8.51091998316729e-05,0.336507537861403,1,0,0.248961969534143,93.7
"06063",0,0,0,0,0.107927310296359,53.39
"06065",8.72188101900643e-05,0.344848584292967,1,0,0.270884715189971,95.42
"06067",0.000190863583352234,0.754642678209779,1,0,0.24365623248379,93
"06069",4.77122000095424e-05,0.188646056864783,1,0,0.14308015428988,72
"06071",7.78654485049834e-05,0.307866956953046,1,0,0.309102293394834,97.9
"06073",0.000216143611991339,0.854595682247366,1,0,0.352740006991086,99.08
"06075",0.00117930829179675,4.66278769436129,1,1,0.304820680968321,97.77
"06077",3.75057430669071e-05,0.148291433594356,1,0,0.20694592333007,87.88
"06079",0.000199021949277835,0.78689949223254,1,0,0.245401071037079,93.29
"06081",0.000561372835125655,2.21957427568376,1,1,0.264501884025865,95.04
"06083",0.000190375119997084,0.752711375820587,1,0,0.230773125753422,91.47
"06085",0.000426223134318039,1.6852149684476,1,1,0.227864222327843,91.06
"06087",0.000115261437639446,0.455724441859709,1,0,0.259071349777457,94.69
"06089",6.27305347150779e-05,0.248026039810616,1,0,0.219559670279527,89.95
"06091",0,0,0,0,0.114162071762038,58
"06093",6.07754953202869e-05,0.240296141110307,1,0,0.123259970211253,63.09
"06095",8.30377584550232e-05,0.328317405198198,1,0,0.248226227889157,93.57
"06097",0.000143663590575668,0.568021803054903,1,0,0.300690836959138,97.52
"06099",2.25464908641619e-05,0.0891450529803978,1,0,0.215558425020441,89.25
"06101",5.42608318185518e-05,0.214538251489676,1,0,0.157532715395317,77.12
"06103",4.51936548108646e-05,0.178688150487142,1,0,0.100456135053717,48.39
"06105",0,0,0,0,0.102055268661927,49.6
"06107",2.57103777368697e-05,0.101654532375253,1,0,0.147754544371789,73.97
"06109",4.80907954217563e-05,0.190142959787871,1,0,0.147927921190736,74.04
"06111",8.03011032335441e-05,0.317497128278936,1,0,0.327640030277161,98.63
"06113",8.05289139065381e-05,0.318397853568557,1,0,0.168778449913071,80.02
"06115",3.5054509762681e-05,0.13859966718649,1,0,0.091532706151866,41.43
"08001",8.22674335422211e-05,0.325271669363846,1,0,0.248872872772177,93.67
"08003",0,0,0,0,0.105928617166355,52.24
"08005",0.000152916486506438,0.604606205609613,1,0,0.304299085878845,97.74
"08007",0,0,0,0,0.15307917726568,75.98
"08009",0,0,0,0,0.0616296354135062,14.64
"08011",0,0,0,0,0.0483886539311176,6.11
"08013",0.000383220420173818,1.51518943082477,1,1,0.340955222963916,98.82
"08014",0.000392242318587928,1.55086050784314,1,1,0.231089366204059,91.54
"08015",0.00018644541810385,0.737173991950962,1,0,0.170327246401274,80.5
"08017",0,0,0,0,0.0717127779012682,23.51
"08019",0,0,0,0,0.12134491232424,62.11
"08021",0,0,0,0,0.0779506659721795,29.21
"08023",0,0,0,0,0.0652205206073873,17.82
"08025",0,0,0,0,0.027732875742822,0.35
"08027",0,0,0,0,0.115779060079918,58.8
"08029",0,0,0,0,0.168772835458723,79.96
"08031",0.000421323148397761,1.66584124385791,1,1,0.38397655934386,99.71
"08033",0,0,0,0,0.115536145535649,58.7
"08035",0.000226038438431293,0.893718170644159,1,0,0.271144609777031,95.45
"08037",2.5197167838335e-05,0.0996253862934711,1,0,0.177215770316376,82.47
"08039",0.000154822727976467,0.612143165479019,1,0,0.181891099289542,83.49
"08041",0.00017675696422439,0.698867466133439,1,0,0.240006733568787,92.78
"08043",0,0,0,0,0.133080807961727,68.09
"08045",9.49397132820659e-05,0.375375743456659,1,0,0.201674968093414,87.08
"08047",0,0,0,0,0.0433859287850287,3.4
"08049",0,0,0,0,0.132297228497333,67.71
"08051",0,0,0,0,0.165166849983871,78.91
"08053",0,0,0,0,0.0699374408766767,21.6
"08055",0,0,0,0,0.0704839804571628,22.3
"08057",0,0,0,0,0.0779484189261369,29.18
"08059",0.000257046464718588,1.01631871912207,1,1,0.335516260104572,98.79
"08061",0,0,0,0,0.0653774666672588,17.98
"08063",0,0,0,0,0.0785694439265351,30.16
"08065",0,0,0,0,0.0863051885200872,37.07
"08067",0.000128638044701721,0.508613308355554,1,0,0.234636425151655,92.05
"08069",0.00015536277207279,0.614278409489651,1,0,0.273938946046521,95.74
"08071",0,0,0,0,0.0921185183168291,41.84
"08073",0,0,0,0,0.0621476795398543,14.99
"08075",0,0,0,0,0.0940907642146424,43.72
"08077",6.63596427196836e-05,0.262374925732211,1,0,0.247360734960675,93.41
"08079",0,0,0,0,0.0572596390169243,11.01
"08081",0,0,0,0,0.0997658434592535,47.85
"08083",0,0,0,0,0.161359106752065,77.95
"08085",0,0,0,0,0.199406352730805,86.64
"08087",0,0,0,0,0.0821506674020918,33.22
"08089",0,0,0,0,0.088526078627222,38.72
"08091",0.000370507595405706,1.46492504847313,1,1,0.159286674802833,77.6
"08093",0,0,0,0,0.173522488360072,81.32
"08095",0,0,0,0,0.051539957617062,7.45
"08097",0.000340483486550902,1.34621474491964,1,1,0.164615612734826,78.62
"08099",0,0,0,0,0.066618460968568,18.84
"08101",2.82449971048878e-05,0.11167599332935,1,0,0.180577497665413,83.17
"08103",0,0,0,0,0.0590084046378166,12.57
"08105",0,0,0,0,0.0817926813076352,32.99
"08107",0.000106145844390192,0.419682911137776,1,0,0.211657160877114,88.55
"08109",0,0,0,0,0.0645065316051867,17.15
"08111",0,0,0,0,0.0998372114352144,47.88
"08113",0.000145687645687646,0.576024578355039,1,0,0.144663862857953,72.51
"08115",0,0,0,0,0.0619912993523708,14.86
"08117",4.07946803736793e-05,0.161295341485293,1,0,0.15212439051758,75.69
"08119",0,0,0,0,0.134074620835409,68.53
"08121",0,0,0,0,0.0737912228429576,25.49
"08123",6.45962376280262e-05,0.255402717007191,1,0,0.220676150124557,90.1
"08125",0,0,0,0,0.0662882496094693,18.64
"09110",9.11685706872006e-05,0.360465276526736,1,0,0.263720138801539,94.94
"09120",0.000471189068413613,1.86300274932283,1,1,0.296454174940941,97.1
"09130",0.000179556853685105,0.709937760655919,1,0,0.238275580965708,92.49
"09140",0.000394129053617316,1.55832034250957,1,1,0.298989506719738,97.36
"09150",0.000423139696548389,1.67302357134757,1,1,0.216112264309118,89.34
"09160",0.00042579893326162,1.68353774843689,1,1,0.247896961214649,93.51
"09170",0.000302192646221479,1.19481916809149,1,1,0.277169652731253,96.02
"09180",6.29683269315534e-05,0.248966230453308,1,0,0.177242965480613,82.5
"09190",0.000650913192920656,2.57360187082526,1,1,0.364854202478405,99.4
"10001",0.000303903334427385,1.20158294306948,1,1,0.175649673917749,81.99
"10003",4.24369735162973e-05,0.167788693825135,1,0,0.229397277262017,91.38
"10005",2.85447867704428e-05,0.112861311513891,1,0,0.201530043449086,87.02
"11001",0.000330369051816167,1.30622396206447,1,1,0.179701723806152,83.01
"12001",0.000128585113701387,0.508404028035282,1,0,0.161378496555536,77.98
"12003",0,0,0,0,0.0761339770120714,27.36
"12005",1.07318015475258e-05,0.0424317479510736,1,0,0.221914764150174,90.26
"12007",0,0,0,0,0.0953602133898273,44.64
"12009",0.000161226823644101,0.637463888380969,1,0,0.252655258167371,94.08
"12011",0.000192270521571939,0.760205476557929,1,0,0.399307780000047,99.78
"12013",0,0,0,0,0.0647932034801874,17.44
"12015",4.81131621573942e-05,0.190231394118759,1,0,0.213593548827827,88.83
"12017",5.03651473180559e-05,0.199135366700024,1,0,0.181277060572363,83.36
"12019",0.00023105716354226,0.913561370129466,1,0,0.220162528775338,90.04
"12021",0.000143776284101937,0.5684673744048,1,0,0.265744640917097,95.13
"12023",0,0,0,0,0.143047042691266,71.97
"12027",0,0,0,0,0.101702359493865,49.41
"12029",0,0,0,0,0.0734634470046323,25.26
"12031",0.000135056763563274,0.533991848919886,1,0,0.312486070744665,98.15
"12033",4.07858857529075e-05,0.16126056902605,1,0,0.214827990916565,89.12
"12035",0.000213779623747862,0.845248868214113,1,0,0.20415641057765,87.62
"12037",0.00356294536817102,14.0872899257565,1,1,0.13253792997839,67.87
"12039",0,0,0,0,0.077462351052612,28.64
"12041",0,0,0,0,0.076692739010525,27.84
"12043",0,0,0,0,0.0828564615976833,33.88
"12045",0.000195083886071011,0.771329049127777,1,0,0.116661583855812,59.37
"12047",0,0,0,0,0.0656912629455254,18.33
"12049",0,0,0,0,0.0866883245108312,37.38
"12051",0,0,0,0,0.109949723261508,55.04
"12053",0.000454545454545455,1.79719668446772,1,1,0.214058306343208,88.99
"12055",3.02938503483793e-05,0.119776816292911,1,0,0.167259972409446,79.54
"12057",0.000211773459634262,0.837316830928498,1,0,0.354867197472593,99.14
"12059",0,0,0,0,0.0897274690994497,39.71
"12061",7.59878419452888e-05,0.300443214728646,1,0,0.238862904343129,92.55
"12063",6.01359071501594e-05,0.237767316484995,1,0,0.0981817386345142,46.52
"12065",0,0,0,0,0.0967332763245817,45.69
"12067",0,0,0,0,0.0522628503358852,7.89
"12069",0.00016474834690011,0.651387402204915,1,0,0.244334854879398,93.13
"12071",5.97678616254468e-05,0.236312126052153,1,0,0.263421812709614,94.85
"12073",0.000200695745250201,0.793517401490966,1,0,0.213091691532078,88.67
"12075",9.3248787765759e-05,0.368690106847164,1,0,0.144334107260347,72.41
"12077",0,0,0,0,0.0366843455702269,1.78
"12079",0,0,0,0,0.0806149625887721,31.75
"12081",0.000372453350217885,1.47261823748705,1,1,0.292469120956087,96.95
"12083",7.45339763131023e-05,0.294694873242227,1,0,0.244047021167212,93.06
"12085",0.000128035011755942,0.506229016971842,1,0,0.25399673228964,94.3
"12086",0.000165467030694134,0.654228957694876,1,0,0.407433955221801,99.84
"12087",3.67890515782503e-05,0.145457755346516,1,0,0.183712304507417,83.84
"12089",6.41930928232122e-05,0.253808749892732,1,0,0.199529310901666,86.7
"12091",1.6643227454668e-05,0.0658045370408173,1,0,0.175499887470541,81.93
"12093",0,0,0,0,0.116451210984841,59.31
"12095",0.000186864576159355,0.738831272779729,1,0,0.299818990557713,97.45
"12097",8.08811635123013e-05,0.319790589580439,1,0,0.226472813485642,90.77
"12099",0.000320322927178619,1.2665032659057,1,1,0.366370153989855,99.46
"12101",0.00019207567781706,0.759435096947363,1,0,0.261297781232086,94.78
"12103",0.000211683289232648,0.836960312245501,1,0,0.38184808661067,99.68
"12105",0.00010970814205833,0.433767640165959,1,0,0.239276921289675,92.59
"12107",5.06431682366049e-05,0.200234614900688,1,0,0.12377733064058,63.47
"12109",0.000264158918005072,1.04444016954485,1,1,0.288332179211788,96.75
"12111",9.52000152320024e-05,0.376404933819709,1,0,0.2326768370081,91.82
"12113",0.000137166147394823,0.54233199970221,1,0,0.219989820240859,90.01
"12115",0.000185002466699556,0.731468803495742,1,0,0.292687569478724,96.98
"12117",0.000471235689371531,1.86318708079103,1,1,0.344491512701936,98.89
"12119",4.47807979938202e-05,0.177055783701088,1,0,0.148053504183461,74.13
"12121",0,0,0,0,0.0985724135182396,46.83
"12123",0,0,0,0,0.0872664209805915,37.77
"12125",0,0,0,0,0.0461196502327705,4.84
"12127",8.50267834367826e-05,0.336181677223789,1,0,0.27549878022562,95.8
"12129",0.000785957558291852,3.10754469936782,1,1,0.141406019749043,71.43
"12131",0.000205555127315707,0.812730585231683,1,0,0.216539312301163,89.37
"12133",0,0,0,0,0.0897768946466805,39.8
"13001",0,0,0,0,0.0810317423702041,32.2
"13003",0,0,0,0,0.0659201204362972,18.45
"13005",0,0,0,0,0.0734895081434389,25.29
"13007",0,0,0,0,0.0769639416038324,28.22
"13009",0,0,0,0,0.10994917992902,55.01
"13011",0,0,0,0,0.0840168505282663,34.97
"13013",3.49454850433324e-05,0.138168601685385,1,0,0.176129998193999,82.09
"13015",0.000839581380818494,3.31956432268522,1,1,0.19447132478163,85.81
"13017",0,0,0,0,0.0698686163329248,21.54
"13019",0.000218007412252017,0.861964836675166,1,0,0.0809277303351782,32.13
"13021",1.13059503216543e-05,0.0447018361522345,1,0,0.188721777832468,84.66
"13023",0,0,0,0,0.0673214833470406,19.19
"13025",0,0,0,0,0.0640521802130546,16.61
"13027",0,0,0,0,0.0699731467802414,21.64
"13029",0,0,0,0,0.131905942082175,67.42
"13031",0,0,0,0,0.15581356054748,76.58
"13033",0,0,0,0,0.0802583123452743,31.5
"13035",0,0,0,0,0.0730627733264894,24.94
"13037",0,0,0,0,0.0412654389127236,2.93
"13039",4.95221116228396e-05,0.195802144596097,1,0,0.0998639925120335,47.92
"13043",0,0,0,0,0.0857925615903034,36.56
"13045",0.000113990424804316,0.450699069742646,1,0,0.146254282726925,73.24
"13047",0,0,0,0,0.149906435360605,74.71
"13049",0,0,0,0,0.0702290380986502,21.92
"13051",2.63739509760999e-05,0.104278189951234,1,0,0.215496321771625,89.21
"13053",0,0,0,0,0.026690995247295,0.29
"13055",0,0,0,0,0.0687954929157961,20.39
"13057",0.000161696426508974,0.639320619546855,1,0,0.253864190189563,94.24
"13059",8.3395880243516e-05,0.329733358838211,1,0,0.156480546657002,76.77
"13061",0,0,0,0,0.0576179438407595,11.33
"13063",0.000178645046035454,0.706332625749304,1,0,0.156789862551998,76.93
"13065",0,0,0,0,0.0749780952534636,26.19
"13067",0.000245262921852226,0.969728561946508,1,0,0.319069061474925,98.28
"13069",0,0,0,0,0.102456521095673,50.17
"13071",0,0,0,0,0.094676908590174,44.29
"13073",0.000197083169097359,0.779233879745563,1,0,0.195933650334659,86.16
"13075",0,0,0,0,0.0822132771589843,33.31
"13077",3.55328145542408e-05,0.140490804314714,1,0,0.194129984931067,85.71
"13079",0,0,0,0,0.0619255720157891,14.79
"13081",0,0,0,0,0.0868535969515706,37.54
"13083",0,0,0,0,0.0768495147934973,28.06
"13085",0,0,0,0,0.13099657160618,66.97
"13087",0,0,0,0,0.0981607553703453,46.48
"13089",0.00013519869983917,0.534553041209666,1,0,0.281410125230092,96.21
"13091",0,0,0,0,0.077775969661102,28.99
"13093",0,0,0,0,0.0576144285318569,11.29
"13095",0,0,0,0,0.150513415982251,74.86
"13097",0.000103892505887242,0.410773587667508,1,0,0.185949471638445,84.22
"13099",0,0,0,0,0.0621940697105709,15.05
"13101",0,0,0,0,0.0534564810276359,8.72
"13103",0,0,0,0,0.11814708735341,60.17
"13105",0,0,0,0,0.0890937249284222,39.17
"13107",0,0,0,0,0.0836284417212964,34.71
"13109",0,0,0,0,0.0623825992234433,15.21
"13111",0.000111869336614834,0.442312641887122,1,0,0.133693130443985,68.41
"13113",0.000575850278927479,2.27681566648421,1,1,0.256244958567777,94.53
"13115",2.00076028890979e-05,0.0791067146681536,1,0,0.13655974938718,69.49
"13117",0.000564417906900752,2.23161398005973,1,1,0.291655897275936,96.88
"13119",0,0,0,0,0.0989670029057294,47.12
"13121",0.00086752790531886,3.43006020526902,1,1,0.364455612940671,99.36
"13123",0.000103874519580347,0.410702472819049,1,0,0.1355263401496,69.01
"13125",0,0,0,0,0.055278490672502,9.67
"13127",2.13702611445912e-05,0.084494437445591,1,0,0.185945129642224,84.19
"13129",0,0,0,0,0.0989147536606384,47.09
"13131",0,0,0,0,0.0834377371821791,34.55
"13133",0,0,0,0,0.111130559803389,56.03
"13135",0.000129646311450675,0.51259982640377,1,0,0.398394265533282,99.75
"13137",0,0,0,0,0.109568145533881,54.66
"13139",0.000237851932767187,0.940426750919541,1,0,0.196206629351765,86.19
"13141",0,0,0,0,0.0870666495681407,37.64
"13143",0,0,0,0,0.100638902056712,48.43
"13145",0,0,0,0,0.101253285144465,49.09
"13147",0,0,0,0,0.0863059821392994,37.1
"13149",0.000387897595034911,1.53368219776144,1,1,0.0861041854212021,36.78
"13151",4.46687809889668e-05,0.176612887203689,1,0,0.162302903330214,78.27
"13153",0.00013107018808572,0.518229596412476,1,0,0.109768984063979,54.82
"13155",0,0,0,0,0.0558885028357924,9.9
"13157",3.98970655708273e-05,0.15774632272054,1,0,0.116873344050799,59.56
"13159",0,0,0,0,0.103715899233119,51.1
"13161",0,0,0,0,0.0752354569235236,26.5
"13163",0,0,0,0,0.0759704102758912,27.17
"13165",0,0,0,0,0.0597081975874767,13.11
"13167",0,0,0,0,0.0683338093571288,19.92
"13169",0,0,0,0,0.0966496383898488,45.53
"13171",0,0,0,0,0.0808152275438145,32.04
"13173",0,0,0,0,0.0623773317329931,15.18
"13175",0,0,0,0,0.122069794560445,62.39
"13177",0,0,0,0,0.112908805324552,57.4
"13179",0,0,0,0,0.0568298643211372,10.63
"13181",0,0,0,0,0.0876621378825032,38.02
"13183",0,0,0,0,0.0896100108282163,39.58
"13185",0.000226893343921689,0.89709832393248,1,0,0.159130084437266,77.47
"13187",0,0,0,0,0.132248224052171,67.58
"13189",0.000350713116670563,1.38666099105529,1,1,0.108687474194654,53.83
"13191",0,0,0,0,0.0875613721403026,37.96
"13193",0,0,0,0,0.0670233604544383,19.06
"13195",0.000188786105342647,0.746428677709833,1,0,0.109563872262408,54.63
"13197",0,0,0,0,0.0510188188715772,7.19
"13199",0,0,0,0,0.0864737036834701,37.19
"13201",0,0,0,0,0.0482595952544426,6.01
"13205",0,0,0,0,0.0703856389309141,22.08
"13207",0.000648368273179166,2.56353968391765,1,1,0.108008813736675,53.48
"13209",0,0,0,0,0.0686770633492458,20.27
"13211",0,0,0,0,0.106808310431945,52.88
"13213",0,0,0,0,0.0838217352510692,34.84
"13215",0.000266679836041286,1.05440745772515,1,1,0.196314335603211,86.22
"13217",2.99805126667666e-05,0.118537931519382,1,0,0.174290387809153,81.51
"13219",0,0,0,0,0.172362240897872,81.04
"13221",0,0,0,0,0.0815399578428048,32.68
"13223",0.000433275563258232,1.71309909264687,1,1,0.224920239352247,90.65
"13225",0,0,0,0,0.0841094885118329,35.06
"13227",0,0,0,0,0.146993482400021,73.62
"13229",0,0,0,0,0.0877918758000615,38.12
"13231",0,0,0,0,0.110325213260067,55.42
"13233",0,0,0,0,0.102043584958834,49.57
"13235",0,0,0,0,0.0621787399274379,15.02
"13237",0,0,0,0,0.108109810835077,53.55
"13239",0,0,0,0,0.0483533803547556,6.08
"13241",0,0,0,0,0.109997020120853,55.07
"13243",0,0,0,0,0.0643079647237853,16.93
"13245",1.58694893198337e-05,0.0627453058975622,1,0,0.1648567843718,78.68
"13247",0.000423391113767683,1.67401763297203,1,1,0.20321821830787,87.5
"13249",0,0,0,0,0.0718494871687881,23.64
"13251",0.000282007896221094,1.11501204338099,1,1,0.0866539646197515,37.32
"13253",0,0,0,0,0.0510572306084945,7.25
"13255",0.000151291652483074,0.598181883706492,1,0,0.132217664532986,67.52
"13257",0,0,0,0,0.100171846394767,48.17
"13259",0,0,0,0,0.0262322062247888,0.25
"13261",0.000165892501658925,0.655911198710847,1,0,0.10618592797624,52.43
"13263",0,0,0,0,0.0543833560499501,9.2
"13265",0,0,0,0,0.0276035279172786,0.32
"13267",0,0,0,0,0.065478798875711,18.07
"13269",0,0,0,0,0.0709192127866003,22.84
"13271",0,0,0,0,0.0663045077940868,18.68
"13273",0,0,0,0,0.0726520214519101,24.44
"13275",0.00062990803342712,2.49055098422856,1,1,0.174358364598854,81.58
"13277",0,0,0,0,0.114278211303435,58.07
"13279",0,0,0,0,0.093046615219626,42.73
"13281",0,0,0,0,0.0902753847396866,40.22
"13283",0,0,0,0,0.0736282365809881,25.36
"13285",0,0,0,0,0.105752701781178,52.18
"13287",0,0,0,0,0.0810079560339394,32.17
"13289",0,0,0,0,0.060464208836227,13.78
"13291",0.000106518960374947,0.421158149321366,1,0,0.123386067069623,63.16
"13293",0,0,0,0,0.0912372001664164,41.01
"13295",0,0,0,0,0.0993568654341661,47.38
"13297",0.000351089974785356,1.38815102499502,1,1,0.190175484621466,84.98
"13299",0,0,0,0,0.101342714837537,49.16
"13301",0,0,0,0,0.09206407390282,41.78
"13303",0,0,0,0,0.0790186511744738,30.51
"13305",0,0,0,0,0.0977932843259568,46.29
"13307",0,0,0,0,0.076760119169362,27.97
"13309",0,0,0,0,0.0792467963731757,30.67
"13311",0.00027063599458728,1.07004944677374,1,1,0.148402683439528,74.29
"13313",0.00027236169633273,1.07687258277541,1,1,0.154744182245004,76.39
"13315",0,0,0,0,0.0612285571481359,14.38
"13317",0,0,0,0,0.0707257686680227,22.56
"13319",0,0,0,0,0.0512345111408252,7.35
"13321",0,0,0,0,0.0941387396923054,43.78
"15001",5.68834685263769e-05,0.224907718280583,1,0,0.210577178920302,88.32
"15003",6.76583800389493e-05,0.267509915821405,1,0,0.24016112976167,92.81
"15007",5.20318434882148e-05,0.205725204528279,1,0,0.172712714812004,81.13
"15009",0.00015227296686306,0.602061836596779,1,0,0.221303037651814,90.2
"16001",0.000180253535921733,0.712692325668667,1,0,0.352520048154468,99.05
"16003",0,0,0,0,0.102450073664514,50.14
"16005",9.37932328182522e-05,0.370842751502238,1,0,0.19826893610077,86.54
"16007",0,0,0,0,0.0996762056906576,47.73
"16009",0,0,0,0,0.0878834717037606,38.21
"16011",0.000105257618020104,0.416171012665542,1,0,0.136242808388732,69.36
"16013",0.000291681250729203,1.15325886881023,1,1,0.229207000779256,91.25
"16015",0,0,0,0,0.114808976638332,58.42
"16017",0,0,0,0,0.222748192552769,90.33
"16019",0.000335977328834159,1.32839815116156,1,1,0.286482282920221,96.6
"16021",0,0,0,0,0.112906297601389,57.37
"16023",0,0,0,0,0.0181035268004653,0.1
"16025",0,0,0,0,0.0883949148267288,38.56
"16027",4.8632455355406e-05,0.192284592548972,1,0,0.236871216409883,92.24
"16029",0,0,0,0,0.0698464812819734,21.41
"16031",0.000208116545265349,0.822858003294274,1,0,0.106318081517705,52.47
"16033",0,0,0,0,0.0554777905810381,9.7
"16035",0,0,0,0,0.0938446190792872,43.43
"16037",0,0,0,0,0.0899344662175189,40.03
"16039",0,0,0,0,0.0758472379796937,27.11
"16041",0,0,0,0,0.119433322907455,60.96
"16043",0,0,0,0,0.108775845517461,53.93
"16045",0,0,0,0,0.149795222099543,74.64
"16047",0,0,0,0,0.0694772793820148,20.97
"16049",0,0,0,0,0.133089134961745,68.12
"16051",0,0,0,0,0.134349112584952,68.63
"16053",7.11997152011392e-05,0.281511762607973,1,0,0.0867087970495518,37.42
"16055",0.000194832079101824,0.770333446497452,1,0,0.287835717826236,96.66
"16057",0.000282661541070722,1.11759644576544,1,1,0.166611725480227,79.38
"16059",0,0,0,0,0.123714670520613,63.41
"16061",0,0,0,0,0.0651154689076903,17.72
"16063",0,0,0,0,0.0682990124740571,19.85
"16065",3.58012315623657e-05,0.141552080260239,1,0,0.126584414736329,65.1
"16067",0,0,0,0,0.0914388877671103,41.27
"16069",0.00012386968908708,0.489760027973366,1,0,0.133526564391396,68.28
"16071",0,0,0,0,0.0728369148063108,24.59
"16073",0,0,0,0,0.0757693923158737,26.98
"16075",0,0,0,0,0.123111017340644,62.93
"16077",0,0,0,0,0.0435694714952118,3.5
"16079",0,0,0,0,0.103172382799639,50.68
"16081",0,0,0,0,0.171456654999757,80.81
"16083",0.000272593835185573,1.07779042096408,1,1,0.223895505645365,90.42
"16085",0,0,0,0,0.145593293041264,72.99
"16087",0,0,0,0,0.102241350301522,49.92
"17001",2.91366801666618e-05,0.115201558982226,1,0,0.167417225710663,79.61
"17003",0,0,0,0,0.0405684905424475,2.67
"17005",0,0,0,0,0.082954065585228,33.95
"17007",0.000150557061126167,0.595277432374132,1,0,0.121128968298538,61.98
"17009",0,0,0,0,0.0395252827043884,2.39
"17011",0,0,0,0,0.103524712522445,50.91
"17013",0,0,0,0,0.0780854858396714,29.4
"17015",0,0,0,0,0.0855945313519367,36.37
"17017",0,0,0,0,0.0620988294063088,14.92
"17019",5.43754078155586e-05,0.214991265813945,1,0,0.15077355246175,74.99
"17021",0,0,0,0,0.0957142441957186,44.93
"17023",0.000203376042302217,0.804114847636564,1,0,0.0737556701497802,25.42
"17025",0,0,0,0,0.0722680518651271,24.05
"17027",0,0,0,0,0.103980887858845,51.22
"17029",0,0,0,0,0.0917423465777869,41.55
"17031",0.00052302714408462,2.0679618283181,1,1,0.4544604059914,100
"17033",0,0,0,0,0.0857808804925748,36.53
"17035",0,0,0,0,0.0597301822654386,13.14
"17037",4.95123038074962e-05,0.195763366135019,1,0,0.15734119291513,77.09
"17039",0,0,0,0,0.0652668488782829,17.91
"17041",0,0,0,0,0.106446488578733,52.5
"17043",0.000202037737656243,0.798823414956948,1,0,0.411217413198523,99.87
"17045",0,0,0,0,0.047057431901002,5.31
"17047",0,0,0,0,0.065514150368274,18.14
"17049",3.94851141119798e-05,0.156117535569335,1,0,0.139416285349819,70.73
"17051",0,0,0,0,0.111551656969119,56.38
"17053",0,0,0,0,0.0680285189905443,19.63
"17055",9.96810207336523e-05,0.394122079927132,1,0,0.107656254978604,53.23
"17057",0,0,0,0,0.0942322028086215,43.88
"17059",0,0,0,0,0.0589864688646588,12.54
"17061",0,0,0,0,0.0516201080559408,7.51
"17063",0,0,0,0,0.105688803317891,52.12
"17065",0,0,0,0,0.0729961682599206,24.75
"17067",0,0,0,0,0.0893900329377104,39.39
"17069",0,0,0,0,0.0395639491239348,2.45
"17071",0,0,0,0,0.0635802479036803,16.23
"17073",6.04485280783413e-05,0.239003367335368,1,0,0.102094956340302,49.67
"17075",0,0,0,0,0.0850446831619418,35.63
"17077",3.57640999964236e-05,0.141405268260398,1,0,0.106774738045994,52.82
"17079",0,0,0,0,0.0695603268800105,21
"17081",0,0,0,0,0.0905733368547857,40.5
"17083",0,0,0,0,0.0889661979744322,39.04
"17085",0,0,0,0,0.144329166945132,72.38
"17087",0,0,0,0,0.0544030861920028,9.23
"17089",7.29823597343442e-05,0.288560040866227,1,0,0.326646210048898,98.57
"17091",2.19765729732106e-05,0.0868916929835173,1,0,0.158588369208625,77.31
"17093",5.68812036062683e-05,0.224898763165381,1,0,0.185140378641792,84.09
"17095",0,0,0,0,0.10708402371215,52.94
"17097",0.000169483317999128,0.670108685797368,1,0,0.265535091664518,95.07
"17099",4.71486833730168e-05,0.186418006357009,1,0,0.165587440558648,79.13
"17101",0,0,0,0,0.0541108398822436,9
"17103",0,0,0,0,0.10991436133643,54.92
"17105",0,0,0,0,0.0910378757653024,40.82
"17107",0,0,0,0,0.071387148736965,23.23
"17109",0,0,0,0,0.0713494506334047,23.13
"17111",0.000287486900798472,1.13667511087441,1,1,0.284116550952185,96.4
"17113",2.05710524150416e-05,0.0813344998319136,1,0,0.13246283317478,67.8
"17115",4.11598855755181e-05,0.162739301756662,1,0,0.141145970614864,71.3
"17117",0,0,0,0,0.091981577800475,41.65
"17119",1.72787669871878e-05,0.0683173540303413,1,0,0.186629849195067,84.41
"17121",0,0,0,0,0.0988613843461528,47.03
"17123",0,0,0,0,0.0578232032329158,11.55
"17125",0,0,0,0,0.0650553182326871,17.66
"17127",0,0,0,0,0.070833838366832,22.72
"17129",0,0,0,0,0.0855778440328835,36.3
"17131",0,0,0,0,0.0741099294318133,25.64
"17133",0,0,0,0,0.134144438513172,68.6
"17135",0,0,0,0,0.08944531680103,39.42
"17137",0,0,0,0,0.0992462725691599,47.31
"17139",0,0,0,0,0.0822295760444514,33.34
"17141",0,0,0,0,0.111826255531199,56.57
"17143",2.7232868256461e-05,0.107674205185927,1,0,0.167300793934624,79.57
"17145",0,0,0,0,0.0732477242021831,25.14
"17147",0,0,0,0,0.0913904768003364,41.23
"17149",0,0,0,0,0.0898221292344534,39.87
"17151",0,0,0,0,0.060283418859825,13.62
"17153",0,0,0,0,0.0362887771266032,1.59
"17155",0,0,0,0,0.0717692663925812,23.58
"17157",0,0,0,0,0.0828977574295339,33.92
"17159",0,0,0,0,0.0863223935558022,37.13
"17161",1.34275049010393e-05,0.0530901080354081,1,0,0.158382540028948,77.28
"17163",0.000199902904303624,0.79038264102587,1,0,0.202242624913198,87.24
"17165",0,0,0,0,0.0730695516804744,24.98
"17167",1.40715255644441e-05,0.0556364579976076,1,0,0.134627839955177,68.76
"17169",0,0,0,0,0.0617898214759127,14.7
"17171",0,0,0,0,0.0799530685616368,31.18
"17173",0,0,0,0,0.0812354974785485,32.39
"17175",0,0,0,0,0.0491933886660939,6.4
"17177",0,0,0,0,0.111532156212862,56.35
"17179",1.95805838930117e-05,0.0774183529954179,1,0,0.15429024681346,76.26
"17181",0.000143947027493882,0.569142465212176,1,0,0.068425745485728,20.04
"17183",3.52995163966254e-05,0.139568382428924,1,0,0.117097233463334,59.66
"17185",0,0,0,0,0.0688987315543085,20.55
"17187",0,0,0,0,0.0598266603569604,13.2
"17189",0,0,0,0,0.0714046259098898,23.26
"17191",0,0,0,0,0.0833834097018583,34.39
"17193",0,0,0,0,0.0612785548191613,14.44
"17195",0,0,0,0,0.13504710123897,68.88
"17197",4.14520658673327e-05,0.163894533750437,1,0,0.265945395824538,95.2
"17199",3.19621568063413e-05,0.126373020929747,1,0,0.120108984100674,61.34
"17201",2.90841404182299e-05,0.11499382560652,1,0,0.21711883754586,89.53
"17203",7.75193798449612e-05,0.306498659366588,1,0,0.0928425337001993,42.57
"18001",6.553509404286e-05,0.259114798206238,1,0,0.122544315379689,62.77
"18003",5.94609181680548e-05,0.235098522971476,1,0,0.272250353558494,95.58
"18005",3.72300819061802e-05,0.147201515481347,1,0,0.128976362295839,66.18
"18007",0,0,0,0,0.0998934942126991,47.98
"18009",0,0,0,0,0.0802166347976859,31.43
"18011",6.06710214977653e-05,0.239883069093918,1,0,0.1461946386737,73.18
"18013",0,0,0,0,0.127564008397721,65.48
"18015",0,0,0,0,0.0888294917962075,38.85
"18017",0,0,0,0,0.0972285393985599,45.98
"18019",4.68259790531787e-05,0.185142087462921,1,0,0.201725833672125,87.11
"18021",0.000110180696342001,0.435636040748015,1,0,0.0861191752320947,36.84
"18023",0,0,0,0,0.0866716734357131,37.35
"18025",0,0,0,0,0.0675149007302396,19.34
"18027",0,0,0,0,0.110116503749381,55.17
"18029",0,0,0,0,0.133532609352155,68.31
"18031",0,0,0,0,0.0966633296649092,45.59
"18033",4.13838768415825e-05,0.163624925750248,1,0,0.11874638788322,60.45
"18035",1.99223030182289e-05,0.078769453248909,1,0,0.177292599276301,82.56
"18037",3.33789512333523e-05,0.131974789072699,1,0,0.114385416313345,58.19
"18039",2.92485320892958e-05,0.115643802772146,1,0,0.213811275487173,88.86
"18041",0,0,0,0,0.0887375983825451,38.82
"18043",5.53342186808322e-05,0.218782243571768,1,0,0.159094408211389,77.38
"18045",0,0,0,0,0.0867615987215387,37.45
"18047",0,0,0,0,0.102915483812177,50.49
"18049",0,0,0,0,0.112877086738119,57.3
"18051",0.000130662020905923,0.51661577166755,1,0,0.0704936609705767,22.34
"18053",3.09837335398916e-05,0.122504499018714,1,0,0.104346703993482,51.48
"18055",0,0,0,0,0.103624780462989,51
"18057",0.00014010960882475,0.553969953772201,1,0,0.26919179949929,95.39
"18059",0.000122372808761893,0.483841613586929,1,0,0.163250873896068,78.46
"18061",8.53387950162144e-05,0.337415318811144,1,0,0.114455888258959,58.22
"18063",3.37347771817967e-05,0.133381665345241,1,0,0.141841470422868,71.59
"18065",0,0,0,0,0.114609597443225,58.35
"18067",0.000102393446819404,0.404846558897119,1,0,0.140352315923247,70.98
"18069",6.48298217179903e-05,0.256326269421652,1,0,0.123177282801436,63.03
"18071",4.06603236561763e-05,0.160764117501382,1,0,0.106053644387964,52.31
"18073",0,0,0,0,0.0965142525847419,45.4
"18075",0,0,0,0,0.0800911913517998,31.34
"18077",6.88041832943443e-05,0.272040230207031,1,0,0.0988730901840854,47.06
"18079",0.000222940586333742,0.88146978170304,1,0,0.0836473297234649,34.78
"18081",5.45963283969153e-05,0.215864748833904,1,0,0.186438204664698,84.38
"18083",0,0,0,0,0.0883630914781648,38.5
"18085",2.5190185903572e-05,0.0995977808914551,1,0,0.161932094197247,78.17
"18087",0,0,0,0,0.160167845217718,77.79
"18089",0.000150713061170664,0.595894230452175,1,0,0.229242851692448,91.28
"18091",2.24275589844801e-05,0.0886748162247463,1,0,0.184626878510293,83.96
"18093",6.6124446207763e-05,0.261444998071083,1,0,0.114570154057041,58.32
"18095",4.46249274844928e-05,0.176439497783435,1,0,0.176516638442553,82.21
"18097",0.000133311847174814,0.527092741434256,1,0,0.282139872999287,96.25
"18099",0,0,0,0,0.143153778160671,72.1
"18101",0,0,0,0,0.0420315302234781,3.09
"18103",0,0,0,0,0.0945445806066482,44.26
"18105",0.000103315124042721,0.408490716446888,1,0,0.152140845753292,75.72
"18107",0,0,0,0,0.101596296843206,49.32
"18109",5.53924555475544e-05,0.219012502400099,1,0,0.152168486654946,75.76
"18111",0,0,0,0,0.0697062501335421,21.13
"18113",0,0,0,0,0.145522892302717,72.92
"18115",0,0,0,0,0.0821628391799379,33.25
"18117",0,0,0,0,0.074319267599557,25.8
"18119",0,0,0,0,0.0737648832245889,25.45
"18121",0,0,0,0,0.0945367373182947,44.23
"18123",0,0,0,0,0.0719796456083318,23.8
"18125",0,0,0,0,0.0655045250341783,18.1
"18127",7.13093828886005e-05,0.28194537029743,1,0,0.213530204718717,88.77
"18129",0,0,0,0,0.0931247210466505,42.76
"18131",0,0,0,0,0.0655354768686483,18.17
"18133",7.29713952130765e-05,0.288516688983434,1,0,0.0955749623104651,44.8
"18135",0,0,0,0,0.094220383699552,43.84
"18137",0,0,0,0,0.116178013898892,59.05
"18139",0,0,0,0,0.09062922037173,40.57
"18141",3.53536781966796e-05,0.139782529125385,1,0,0.233816441632343,91.95
"18143",0,0,0,0,0.065027975635352,17.59
"18145",4.86050354816759e-05,0.192176178955428,1,0,0.112340596295126,56.95
"18147",0,0,0,0,0.0814962827955968,32.58
"18149",0,0,0,0,0.0844852410912142,35.35
"18151",0,0,0,0,0.137444388111619,70.12
"18153",0,0,0,0,0.0675094522512709,19.31
"18155",0,0,0,0,0.0715618826023948,23.35
"18157",0.000895621933209471,3.54113929158139,1,1,0.165540939054204,79.1
"18159",0,0,0,0,0.082687588818443,33.66
"18161",0,0,0,0,0.126517502925828,65.03
"18163",2.61472087854622e-05,0.103381689262099,1,0,0.231296865317545,91.63
"18165",0,0,0,0,0.0578077823075594,11.49
"18167",1.96475234296717e-05,0.0776830207247772,1,0,0.179029334083019,82.85
"18169",0,0,0,0,0.129398504704337,66.34
"18171",0,0,0,0,0.108784220136825,53.96
"18173",9.71015196387824e-05,0.383923164133513,1,0,0.151223923252834,75.21
"18175",0,0,0,0,0.102226931828263,49.89
"18177",3.0717247734603e-05,0.121450858726125,1,0,0.138595465761526,70.35
"18179",7.943442688061e-05,0.314070434969337,1,0,0.112725464377387,57.17
"18181",0,0,0,0,0.0986183191734452,46.9
"18183",0,0,0,0,0.111301064880872,56.19
"19001",0,0,0,0,0.0622107012057821,15.08
"19003",0,0,0,0,0.0599627380891069,13.3
"19005",0,0,0,0,0.0915494133851721,41.46
"19007",0,0,0,0,0.0955968999454644,44.86
"19009",0,0,0,0,0.063811220726306,16.39
"19011",0,0,0,0,0.128715060065788,66.02
"19013",0.000127606359900977,0.504534199248269,1,0,0.169048708192358,80.15
"19015",9.13408841797589e-05,0.361146575249268,1,0,0.119002519437053,60.67
"19017",0,0,0,0,0.0955920228988494,44.83
"19019",0,0,0,0,0.109119884823962,54.28
"19021",0,0,0,0,0.0756348671363233,26.79
"19023",0,0,0,0,0.083877552242087,34.87
"19025",0,0,0,0,0.0680359198163538,19.66
"19027",0,0,0,0,0.11703709848135,59.59
"19029",0.00133471748479905,5.27724964444029,1,1,0.108979080383303,54.15
"19031",0,0,0,0,0.104102184486185,51.35
"19033",0,0,0,0,0.155943858294973,76.68
"19035",0,0,0,0,0.0782458002910579,29.75
"19037",0,0,0,0,0.0758649956838677,27.14
"19039",0,0,0,0,0.0504723906107868,7
"19041",0,0,0,0,0.135212760909293,68.95
"19043",0,0,0,0,0.0963337378615918,45.28
"19045",0.000231943220299671,0.917064690316135,1,0,0.130689126364916,66.88
"19047",0,0,0,0,0.0816872784673443,32.9
"19049",1.60947659821026e-05,0.0636360121327011,1,0,0.126831635103205,65.19
"19051",0,0,0,0,0.0854159551485213,35.95
"19053",0,0,0,0,0.0814679018524125,32.55
"19055",0,0,0,0,0.105000195721779,51.8
"19057",0,0,0,0,0.143153020702203,72.06
"19059",0,0,0,0,0.119888816612734,61.22
"19061",6.26419231070394e-05,0.247675684336637,1,0,0.208115483334337,88.04
"19063",0,0,0,0,0.0803044626982341,31.53
"19065",0,0,0,0,0.0871659344566837,37.73
"19067",0,0,0,0,0.0869408856456976,37.61
"19069",0,0,0,0,0.0686738840748962,20.24
"19071",0,0,0,0,0.0511003330754799,7.29
"19073",0,0,0,0,0.0697641617137418,21.25
"19075",0,0,0,0,0.0658997400710076,18.42
"19077",0,0,0,0,0.0962767435876506,45.21
"19079",0,0,0,0,0.0826950306228769,33.69
"19081",0,0,0,0,0.0644641577815748,17.05
"19083",0,0,0,0,0.0842405936555165,35.13
"19085",0,0,0,0,0.0763735088588445,27.71
"19087",0.000107238605898123,0.424003507327505,1,0,0.0927321527897913,42.35
"19089",0,0,0,0,0.0757562308094128,26.95
"19091",0,0,0,0,0.087422369558414,37.93
"19093",0,0,0,0,0.0560526538000877,10.05
"19095",0,0,0,0,0.0727076931703715,24.5
"19097",0.000140036409466461,0.553680535755354,1,0,0.102992116339221,50.56
"19099",0,0,0,0,0.148112476576532,74.16
"19101",0.000119175306876415,0.471199226055177,1,0,0.142173037159889,71.65
"19103",0.000203829965043161,0.805909582215629,1,0,0.129027575532941,66.21
"19105",0,0,0,0,0.109809512836662,54.85
"19107",0,0,0,0,0.0655833697052408,18.23
"19109",0,0,0,0,0.0970566885234099,45.82
"19111",0,0,0,0,0.10099151158262,48.65
"19113",0.00235371755389353,9.30620544486805,1,1,0.272988813706969,95.64
"19115",0,0,0,0,0.0533673986876176,8.62
"19117",0,0,0,0,0.0714644776414928,23.29
"19119",0,0,0,0,0.0825475463408459,33.6
"19121",0,0,0,0,0.123826532016365,63.54
"19123",0,0,0,0,0.0940028835820582,43.68
"19125",0,0,0,0,0.0958404432235343,44.99
"19127",0.00011101243339254,0.438924589901086,1,0,0.104406604083764,51.51
"19129",0,0,0,0,0.10374868296717,51.13
"19131",0,0,0,0,0.0751889097675228,26.47
"19133",0,0,0,0,0.0641637875308471,16.77
"19135",0,0,0,0,0.0776568387495181,28.86
"19137",0,0,0,0,0.0754962031401094,26.66
"19139",0,0,0,0,0.103992876309676,51.26
"19141",0,0,0,0,0.0876174512062904,37.99
"19143",0.000284656988329063,1.12548611039823,1,1,0.0673764997075429,19.25
"19145",0,0,0,0,0.0749887968603762,26.25
"19147",0,0,0,0,0.0639745875497946,16.42
"19149",0,0,0,0,0.0855924113416709,36.33
"19151",0,0,0,0,0.052073341340738,7.76
"19153",0.000170469484517615,0.674007823231553,1,0,0.300167753197494,97.49
"19155",0,0,0,0,0.145285850949119,72.83
"19157",8.25559316436886e-05,0.326412342592998,1,0,0.0642849674120258,16.89
"19159",0,0,0,0,0.0686204936665024,20.17
"19161",0,0,0,0,0.0787655083484165,30.32
"19163",6.05082694634933e-05,0.239239574777873,1,0,0.227929058519681,91.09
"19165",0,0,0,0,0.0913270576196426,41.08
"19167",0,0,0,0,0.113032883266534,57.52
"19169",0.000135048448630946,0.533958973068501,1,0,0.118560949511546,60.42
"19171",0.000157678965625985,0.623436251313306,1,0,0.0748119779623752,26.06
"19173",0,0,0,0,0.0449513804010193,4.42
"19175",0,0,0,0,0.0761998026457516,27.46
"19177",0,0,0,0,0.0708151075351845,22.65
"19179",0,0,0,0,0.113462240635933,57.65
"19181",0.000568468923698838,2.24763102276787,1,1,0.144579522309233,72.45
"19183",0,0,0,0,0.10962939822084,54.79
"19185",0,0,0,0,0.0558264852149791,9.8
"19187",0,0,0,0,0.111133083073468,56.06
"19189",0,0,0,0,0.0840705063557309,35
"19191",0,0,0,0,0.110155018268935,55.23
"19193",1.77803065324846e-05,0.0703003574878025,1,0,0.173777701443645,81.45
"19195",0,0,0,0,0.0679205150876915,19.6
"19197",0,0,0,0,0.0449954981278833,4.45
"20001",0,0,0,0,0.0738349479867458,25.55
"20003",0,0,0,0,0.0908013327902142,40.69
"20005",0,0,0,0,0.0913347527904455,41.11
"20007",0,0,0,0,0.0566152800090889,10.37
"20009",0,0,0,0,0.11432247186825,58.1
"20011",0,0,0,0,0.0900676756612762,40.15
"20013",0,0,0,0,0.0602044289825356,13.49
"20015",0.00017307026652821,0.684290880205778,1,0,0.126886104610447,65.22
"20017",0,0,0,0,0.0480360765844706,5.92
"20019",0,0,0,0,0.0472284647741838,5.38
"20021",0,0,0,0,0.0716044665632679,23.42
"20023",0,0,0,0,0.0441643104107555,3.98
"20025",0,0,0,0,0.0424962202992828,3.18
"20027",0,0,0,0,0.0785388643544825,30.13
"20029",0.000260010400416017,1.02803762502054,1,1,0.0972212715778777,45.94
"20031",0,0,0,0,0.0566740702453638,10.44
"20033",0,0,0,0,0.0460118328526811,4.74
"20035",0,0,0,0,0.0928838021299316,42.63
"20037",0.000733424603950714,2.89983818636,1,1,0.117309887420824,59.78
"20039",0,0,0,0,0.0433582925779379,3.37
"20041",0,0,0,0,0.0872880065526584,37.8
"20043",0,0,0,0,0.0540891664588381,8.97
"20045",0.00010183645066024,0.402644289265995,1,0,0.181778126733655,83.42
"20047",0,0,0,0,0.0456184311021283,4.55
"20049",0,0,0,0,0.0522779087401207,7.92
"20051",0,0,0,0,0.120807642063959,61.66
"20053",0,0,0,0,0.0523960397662953,8.02
"20055",0,0,0,0,0.112709173209939,57.14
"20057",0,0,0,0,0.0947322101807436,44.35
"20059",0,0,0,0,0.0904470818374801,40.41
"20061",0,0,0,0,0.0465959791858266,5.03
"20063",0,0,0,0,0.033291616131046,1.05
"20065",0,0,0,0,0.0519188948556739,7.7
"20067",0,0,0,0,0.06438238425528,17.02
"20069",0,0,0,0,0.0474486947751636,5.5
"20071",0,0,0,0,0.0389195653955388,2.26
"20073",0,0,0,0,0.0634980144026086,16.19
"20075",0,0,0,0,0.0281137851147915,0.41
"20077",0,0,0,0,0.0683889963092124,20.01
"20079",0,0,0,0,0.111629141803456,56.41
"20081",0,0,0,0,0.0365852012975101,1.69
"20083",0,0,0,0,0.034050538835464,1.27
"20085",0,0,0,0,0.059546857724623,12.98
"20087",0,0,0,0,0.0990559203311413,47.18
"20089",0,0,0,0,0.0387113931574599,2.16
"20091",0.000143312759450748,0.566634675478969,1,0,0.333501027523192,98.7
"20093",0,0,0,0,0.0300189543891515,0.57
"20095",0,0,0,0,0.0614279861727923,14.51
"20097",0,0,0,0,0.0363096111587003,1.62
"20099",0.000735448623660433,2.90784082168553,1,1,0.0863674148220897,37.16
"20101",0,0,0,0,0.0322819259082438,0.92
"20103",3.49784882297387e-05,0.138299090763195,1,0,0.122413374541698,62.65
"20105",0,0,0,0,0.0515364029354021,7.41
"20107",0,0,0,0,0.0817762361293334,32.96
"20109",0,0,0,0,0.0447009485175182,4.2
"20111",0,0,0,0,0.0962033086012659,45.12
"20113",0,0,0,0,0.0937823471701331,43.4
"20115",0,0,0,0,0.0729315123728458,24.69
"20117",0,0,0,0,0.0705727854365509,22.43
"20119",0,0,0,0,0.0443142348869187,4.01
"20121",0,0,0,0,0.134712066791783,68.82
"20123",0,0,0,0,0.0629375630233847,15.88
"20125",0,0,0,0,0.0903631096052051,40.34
"20127",0,0,0,0,0.0683525966095183,19.95
"20129",0,0,0,0,0.0376106480069116,1.94
"20131",0.000436808386721025,1.72706728559798,1,1,0.0870705078812111,37.67
"20133",0,0,0,0,0.094460339673077,44.1
"20135",0,0,0,0,0.0449422604906118,4.39
"20137",0,0,0,0,0.0551636615165066,9.61
"20139",0,0,0,0,0.0781245057448753,29.49
"20141",0,0,0,0,0.0464973913254444,5
"20143",0,0,0,0,0.0533219201666255,8.59
"20145",0,0,0,0,0.047718953400245,5.73
"20147",0,0,0,0,0.0571043293581395,10.79
"20149",0,0,0,0,0.106071062395671,52.34
"20151",0,0,0,0,0.0589385040715138,12.5
"20153",0,0,0,0,0.046218366679417,4.87
"20155",0,0,0,0,0.157197320008847,77.03
"20157",0,0,0,0,0.0594944155821664,12.89
"20159",0,0,0,0,0.0511794686974796,7.32
"20161",0.000166954198898102,0.660108971978794,1,0,0.149731184087205,74.55
"20163",0,0,0,0,0.0575494751933697,11.23
"20165",0,0,0,0,0.0338327567597952,1.24
"20167",0,0,0,0,0.0629089007965289,15.81
"20169",0,0,0,0,0.133718747352479,68.44
"20171",0,0,0,0,0.0533736647623746,8.65
"20173",3.38254942750351e-05,0.133740345555465,1,0,0.243746837436996,93.03
"20175",0,0,0,0,0.0787992427302549,30.38
"20177",9.22594335270781e-06,0.0364778365700617,1,0,0.184850825602442,84.06
"20179",0,0,0,0,0.0519170606654986,7.67
"20181",0,0,0,0,0.0751400876974747,26.38
"20183",0,0,0,0,0.0470110533357762,5.28
"20185",0,0,0,0,0.044073855666826,3.82
"20187",0,0,0,0,0.0314448184803304,0.8
"20189",0,0,0,0,0.0439703797594566,3.72
"20191",0,0,0,0,0.0785841257162404,30.19
"20193",0.00193236714975845,7.64025643638451,1,1,0.0855312933969499,36.11
"20195",0,0,0,0,0.0542562033168002,9.16
"20197",0,0,0,0,0.0582318589385845,11.9
"20199",0,0,0,0,0.0575095952327586,11.2
"20201",0,0,0,0,0.0576503366838851,11.39
"20203",0,0,0,0,0.0542005129057788,9.07
"20205",0,0,0,0,0.0653324773340947,17.94
"20207",0,0,0,0,0.0521941962771591,7.86
"20209",1.95731104608489e-05,0.0773888042949078,1,0,0.183169301118377,83.77
"21001",0,0,0,0,0.0948482727645003,44.38
"21003",0,0,0,0,0.0807782703149102,31.98
"21005",0,0,0,0,0.125585171304508,64.46
"21007",0,0,0,0,0.0720630881171722,23.93
"21009",0.000169702455028849,0.670975116952537,1,0,0.141333610814049,71.36
"21011",0.00156555772994129,6.18995335550526,1,1,0.102114511437763,49.7
"21013",0,0,0,0,0.092342514968961,42.09
"21015",2.70506658972255e-05,0.106953807538903,1,0,0.19577799996277,86.13
"21017",0,0,0,0,0.0856226242360789,36.43
"21019",0,0,0,0,0.147391408039013,73.78
"21021",0,0,0,0,0.124272579102899,63.76
"21023",0,0,0,0,0.0768304575900852,28.03
"21025",0,0,0,0,0.0641236564167698,16.67
"21027",0,0,0,0,0.106749097332068,52.78
"21029",3.08537225016198e-05,0.121990457123476,1,0,0.118894572961248,60.58
"21031",0,0,0,0,0.0919306544031631,41.62
"21033",0,0,0,0,0.0758413055644497,27.08
"21035",0,0,0,0,0.110213876505621,55.33
"21037",5.53955240416574e-05,0.219024634712441,1,0,0.210359709065675,88.29
"21039",0,0,0,0,0.0571704233556836,10.91
"21041",0,0,0,0,0.0705382602100792,22.37
"21043",0,0,0,0,0.092225850874897,41.9
"21045",0,0,0,0,0.0843318370942888,35.25
"21047",0,0,0,0,0.0791593529291575,30.64
"21049",0.000198072098243761,0.783143940148353,1,0,0.120971440494987,61.82
"21051",0,0,0,0,0.088372202415537,38.53
"21053",0,0,0,0,0.0708601451017606,22.75
"21055",0,0,0,0,0.0834852381242393,34.62
"21057",0,0,0,0,0.0659466248046656,18.49
"21059",1.87948727587114e-05,0.0743117826152875,1,0,0.168776133659393,79.99
"21061",0,0,0,0,0.0791150037627696,30.61
"21063",0,0,0,0,0.0432071360344178,3.31
"21065",0,0,0,0,0.0786486350034846,30.23
"21067",8.32573792329804e-05,0.329185749012965,1,0,0.276103963198136,95.93
"21069",0,0,0,0,0.0943289275937109,44.07
"21071",0,0,0,0,0.098226500578441,46.55
"21073",0.000160849284220685,0.635971160660928,1,0,0.132344297646794,67.77
"21075",0,0,0,0,0.0612230395795322,14.35
"21077",0,0,0,0,0.0474684709238266,5.57
"21079",0.00111950741673664,4.42634503871143,1,1,0.132946702939161,68.06
"21081",0,0,0,0,0.112616525655763,57.02
"21083",0,0,0,0,0.118909052372217,60.61
"21085",0,0,0,0,0.100939378220213,48.62
"21087",0,0,0,0,0.0815430213224205,32.71
"21089",0.000121713729308666,0.48123572368902,1,0,0.120591371691254,61.53
"21091",0,0,0,0,0.0518850776538815,7.64
"21093",0,0,0,0,0.13215169990176,67.48
"21095",0,0,0,0,0.0707408071480143,22.62
"21097",0,0,0,0,0.0844521738881224,35.28
"21099",0,0,0,0,0.0774311565464497,28.6
"21101",0,0,0,0,0.116716321111679,59.47
"21103",0,0,0,0,0.0938679426543357,43.46
"21105",0,0,0,0,0.0432991320784989,3.34
"21107",0,0,0,0,0.103632939882667,51.03
"21109",0,0,0,0,0.0932894023521705,42.89
"21111",4.71200241254524e-05,0.186304692486664,1,0,0.297262989400052,97.2
"21113",4.50531627320238e-05,0.178132668310911,1,0,0.175561716276946,81.96
"21115",0,0,0,0,0.0914807907413345,41.3
"21117",3.67705639378823e-05,0.145384658309375,1,0,0.217132740564881,89.56
"21119",0,0,0,0,0.0719578619777172,23.77
"21121",0,0,0,0,0.0991403519994263,47.22
"21123",0,0,0,0,0.0907289693000042,40.66
"21125",6.90822424095886e-05,0.273139629431038,1,0,0.142459166120918,71.75
"21127",0,0,0,0,0.0583489475972309,11.96
"21129",0,0,0,0,0.0588956986294364,12.44
"21131",0,0,0,0,0.0473735471002472,5.41
"21133",0,0,0,0,0.0632968341233265,16.07
"21135",0,0,0,0,0.0792787285059487,30.73
"21137",0,0,0,0,0.107317696644178,53.04
"21139",0,0,0,0,0.0625063481233459,15.4
"21141",0,0,0,0,0.110851734947077,55.87
"21143",0,0,0,0,0.0770323709941535,28.29
"21145",0.000181422351233672,0.717313625876086,1,0,0.169769467667191,80.24
"21147",0,0,0,0,0.0652587623295468,17.88
"21149",0,0,0,0,0.0614565993184603,14.6
"21151",7.26532984597501e-05,0.287258987636515,1,0,0.14993430152099,74.74
"21153",0,0,0,0,0.0739430199735029,25.58
"21155",0,0,0,0,0.0633326559946471,16.1
"21157",0,0,0,0,0.131160711394501,67.13
"21159",0,0,0,0,0.0539144326990883,8.85
"21161",0,0,0,0,0.107899063904718,53.32
"21163",0,0,0,0,0.11021050185607,55.3
"21165",0,0,0,0,0.0815338716226457,32.64
"21167",0,0,0,0,0.0790633818927603,30.54
"21169",0,0,0,0,0.0795820832880442,30.89
"21171",0,0,0,0,0.0692409903524224,20.74
"21173",0,0,0,0,0.109235390493435,54.37
"21175",0,0,0,0,0.0618413019195939,14.73
"21177",0,0,0,0,0.0883991739235414,38.59
"21179",0,0,0,0,0.10823827633997,53.64
"21181",0,0,0,0,0.0798011707432042,31.08
"21183",0,0,0,0,0.0709063714557836,22.81
"21185",0.000190050838599325,0.751429221424238,1,0,0.210844305906659,88.42
"21187",0,0,0,0,0.0782922289663423,29.97
"21189",0,0,0,0,0.065669199182592,18.26
"21191",0,0,0,0,0.0939601314654209,43.56
"21193",0,0,0,0,0.0997219264798269,47.79
"21195",0,0,0,0,0.106920914787576,52.91
"21197",0,0,0,0,0.0972146746891057,45.91
"21199",0,0,0,0,0.160959156833436,77.92
"21201",0,0,0,0,0.0457989984880409,4.61
"21203",0,0,0,0,0.0698865516250835,21.57
"21205",0,0,0,0,0.0807692865876816,31.91
"21207",0,0,0,0,0.0782430499312277,29.72
"21209",0,0,0,0,0.0880780262696008,38.31
"21211",0.000105207785376118,0.415973982727931,1,0,0.152987066016289,75.95
"21213",0,0,0,0,0.0931932043748157,42.79
"21215",0,0,0,0,0.110335195945414,55.46
"21217",0,0,0,0,0.106731896586402,52.75
"21219",0,0,0,0,0.0910549693819575,40.85
"21221",0,0,0,0,0.0920532508158814,41.74
"21223",0,0,0,0,0.0685107326418614,20.14
"21225",0,0,0,0,0.0622683929190942,15.11
"21227",5.08123626478322e-05,0.200903581297442,1,0,0.202545701894977,87.34
"21229",0,0,0,0,0.0760653711890254,27.24
"21231",0,0,0,0,0.0833686604702017,34.3
"21233",0,0,0,0,0.0705478413353287,22.4
"21235",0,0,0,0,0.101039382205821,48.74
"21237",0,0,0,0,0.0806873121765797,31.85
"21239",0,0,0,0,0.120920270385482,61.72
"22001",0,0,0,0,0.156570142943928,76.84
"22003",0,0,0,0,0.0599779284240344,13.33
"22005",3.51265433724994e-05,0.138884476028909,1,0,0.181963581571149,83.55
"22007",0,0,0,0,0.0862074980690618,37
"22009",0,0,0,0,0.103177206562654,50.72
"22011",0,0,0,0,0.111164534659247,56.12
"22013",0,0,0,0,0.052881400298347,8.37
"22015",1.79323948713351e-05,0.0709016893361245,1,0,0.179129546412402,82.91
"22017",1.62822694227121e-05,0.0643773693686385,1,0,0.226648610918757,90.87
"22019",0,0,0,0,0.185842323950002,84.16
"22021",0,0,0,0,0.0722362752303972,24.02
"22023",0,0,0,0,0.0565455814639604,10.28
"22025",0,0,0,0,0.101532436492453,49.28
"22027",0,0,0,0,0.0807796423933879,32.01
"22029",0,0,0,0,0.0891186443709206,39.2
"22031",0,0,0,0,0.0835439721501719,34.68
"22033",0.000180826475626235,0.714957633410796,1,0,0.22771841936059,91.03
"22035",0,0,0,0,0.0603520140804011,13.68
"22037",0,0,0,0,0.0855480496100509,36.21
"22039",0,0,0,0,0.0818371326818142,33.03
"22041",0,0,0,0,0.0823291119681396,33.44
"22043",0,0,0,0,0.0607765611313455,14.03
"22045",0,0,0,0,0.137780982495037,70.19
"22047",0,0,0,0,0.0762263076055487,27.49
"22049",0,0,0,0,0.0688442305374988,20.49
"22051",9.48064999336354e-06,0.0374849040162781,1,0,0.320455672695093,98.31
"22053",0,0,0,0,0.113778382448465,57.84
"22055",1.95882548823725e-05,0.0774486828040388,1,0,0.249236234154931,93.73
"22057",0,0,0,0,0.120363243454261,61.37
"22059",0,0,0,0,0.0573409750844111,11.07
"22061",0,0,0,0,0.143766965257837,72.29
"22063",0,0,0,0,0.172484140706756,81.07
"22065",0,0,0,0,0.059203778355177,12.69
"22067",0,0,0,0,0.0973814945828224,46.04
"22069",0,0,0,0,0.0928624731404789,42.6
"22071",8.14955335920062e-05,0.322219706095059,1,0,0.245248792844321,93.25
"22073",1.27813494548754e-05,0.050535317499316,1,0,0.200778668969357,86.92
"22075",0,0,0,0,0.107139308236444,52.97
"22077",0,0,0,0,0.085537834924079,36.18
"22079",0,0,0,0,0.154588309565797,76.33
"22081",0,0,0,0,0.0641822734723255,16.8
"22083",0,0,0,0,0.0777097618555544,28.95
"22085",0,0,0,0,0.0831179955684774,34.11
"22087",0,0,0,0,0.141047490071262,71.27
"22089",0,0,0,0,0.13393259674271,68.5
"22091",0,0,0,0,0.0823985617375538,33.53
"22093",0,0,0,0,0.0816493724932688,32.8
"22095",0,0,0,0,0.127055850635371,65.32
"22097",0,0,0,0,0.135714393560993,69.2
"22099",0,0,0,0,0.130355140089484,66.75
"22101",0,0,0,0,0.120808647407123,61.69
"22103",3.54934026637799e-05,0.140334976293211,1,0,0.286535829287909,96.63
"22105",0,0,0,0,0.177005731377052,82.34
"22107",0,0,0,0,0.050617868935789,7.06
"22109",0,0,0,0,0.150935387505576,75.02
"22111",0,0,0,0,0.0884952754684589,38.66
"22113",0,0,0,0,0.132248631119398,67.61
"22115",0,0,0,0,0.0611941350159493,14.32
"22117",0,0,0,0,0.0888459353018494,38.88
"22119",0,0,0,0,0.10109353983639,48.84
"22121",0,0,0,0,0.117233412311736,59.72
"22123",0,0,0,0,0.0690233709933738,20.62
"22125",0,0,0,0,0.0558874556882847,9.86
"22127",0,0,0,0,0.0605237794048138,13.84
"23001",0.000164039004830037,0.648582782328641,1,0,0.209723198233511,88.23
"23003",0.000134884505142472,0.533310767941863,1,0,0.121257404232305,62.01
"23005",0.000115343446646735,0.456048691754903,1,0,0.301192878719441,97.58
"23007",0,0,0,0,0.135001502594686,68.85
"23009",9.86193293885602e-05,0.389924329963411,1,0,0.172083765104071,80.94
"23011",2.82729470306337e-05,0.11178650265989,1,0,0.170751290365848,80.56
"23013",4.74585923781501e-05,0.187643334717336,1,0,0.202777320161589,87.37
"23015",6.81477443096634e-05,0.269444780280018,1,0,0.187079057763411,84.51
"23017",0,0,0,0,0.13331108511183,68.22
"23019",2.48237513653063e-05,0.0981489600295151,1,0,0.206467879772023,87.78
"23021",0.000158002844051193,0.624716812423603,1,0,0.114139714699431,57.97
"23023",5.09113124936361e-05,0.201294812434018,1,0,0.128400908149004,65.83
"23025",0,0,0,0,0.142245923120998,71.68
"23027",6.992029086841e-05,0.276453132836595,1,0,0.169771561022294,80.27
"23029",7.50356419299167e-05,0.296678375165377,1,0,0.124446811105048,63.92
"23031",0.000493980949517295,1.95311803425794,1,1,0.248055128849648,93.54
"24001",6.79393980569332e-05,0.268621014051837,1,0,0.149657174090421,74.51
"24003",0.000154242221985406,0.609847941905632,1,0,0.216989836281387,89.5
"24005",0.000184071811912076,0.727789150159167,1,0,0.284680893813402,96.53
"24009",3.81112085064217e-05,0.150685342651358,1,0,0.20399841774556,87.59
"24011",9.05633037493208e-05,0.358072152311989,1,0,0.115866275569735,58.89
"24013",1.48716575949555e-05,0.0588000461888252,1,0,0.195726775816693,86.1
"24015",4.83664240284395e-05,0.191232749187637,1,0,0.141976884091489,71.62
"24017",1.96707122764915e-05,0.077774705545744,1,0,0.179367833647402,82.95
"24019",0,0,0,0,0.131044405042245,67.07
"24021",3.24293647898172e-05,0.128220283135238,1,0,0.252956549230101,94.11
"24023",0,0,0,0,0.165219098293767,78.94
"24025",2.82909440688036e-05,0.111857659938014,1,0,0.216766378745443,89.44
"24027",4.68164794007491e-05,0.185104527426451,1,0,0.29725287427824,97.17
"24029",0,0,0,0,0.139208028016753,70.63
"24031",0.00067620072327326,2.67358453538303,1,1,0.271608943061786,95.51
"24033",3.64220061761316e-05,0.144006519231095,1,0,0.227164369749966,90.96
"24035",0,0,0,0,0.195725357191095,86.06
"24037",0.000537971846140052,2.12705068008374,1,1,0.10862437026054,53.8
"24039",0,0,0,0,0.0858562607426443,36.62
"24041",0,0,0,0,0.208436528249439,88.1
"24043",7.1285999429712e-05,0.281852916012902,1,0,0.223902475118829,90.45
"24045",0,0,0,0,0.181070146794874,83.3
"24047",0,0,0,0,0.157692693447707,77.16
"24510",2.05959966531505e-05,0.081433125176371,1,0,0.192866823093107,85.49
"25001",0.000107201243534425,0.423855782791948,1,0,0.231827497359955,91.73
"25003",0.000506367960718122,2.00209420427124,1,1,0.23409257196691,91.98
"25005",0.000205091798300105,0.810898659816235,1,0,0.283939919013892,96.37
"25007",0.000253656886784476,1.00291689502722,1,1,0.1908872494082,85.05
"25009",0.00203369657793016,8.04089604355276,1,1,0.334459895331664,98.73
"25011",6.8530701754386e-05,0.270958929949903,1,0,0.191628634565847,85.17
"25013",0.00035330000089443,1.39688909850581,1,1,0.250601207102046,93.95
"25015",0.000101362052581565,0.400768598626948,1,0,0.192157753842281,85.33
"25017",0.000193730943030696,0.765979738685859,1,0,0.290207169504729,96.85
"25019",0.000293455932700773,1.16027566443187,1,1,0.176387038682163,82.15
"25021",0.000238180302488984,0.941725069865187,1,0,0.357102802803812,99.2
"25023",8.63365580795114e-05,0.341360307043476,1,0,0.310854235217952,98.06
"25025",0.000138858247790597,0.549022281588566,1,0,0.237156588096151,92.33
"25027",0.000186099382099754,0.735805823480574,1,0,0.281357671180241,96.18
"26001",0,0,0,0,0.110470793484753,55.62
"26003",0,0,0,0,0.0873793338222186,37.89
"26005",4.26721286991402e-05,0.168718458078004,1,0,0.198215134649529,86.51
"26007",0,0,0,0,0.140653839777213,71.08
"26009",0,0,0,0,0.124663257145168,64.05
"26011",0,0,0,0,0.0861555809146363,36.88
"26013",0,0,0,0,0.0564742894006552,10.18
"26015",6.44786897930234e-05,0.254937952532658,1,0,0.141686672829552,71.52
"26017",2.66808964781217e-05,0.105491801116035,1,0,0.176280893503228,82.12
"26019",0.000173250173250173,0.685002201287073,1,0,0.120973302699969,61.85
"26021",4.42706411864532e-05,0.175038709031018,1,0,0.195120167946175,85.97
"26023",0,0,0,0,0.120660295936107,61.57
"26025",0,0,0,0,0.158023721311193,77.22
"26027",0,0,0,0,0.133202047868523,68.15
"26029",0.00105785661974123,4.18258810121058,1,1,0.163575041918826,78.52
"26031",0,0,0,0,0.151208926495369,75.18
"26033",0,0,0,0,0.107691464578131,53.29
"26035",0,0,0,0,0.118257953319494,60.26
"26037",4.57812571533214e-05,0.18101143184677,1,0,0.170049638907521,80.34
"26039",0,0,0,0,0.0800996951563009,31.37
"26041",0.000132450331125828,0.523686451103177,1,0,0.157196746899184,77
"26043",0,0,0,0,0.12968686227671,66.53
"26045",2.01686095760558e-05,0.0797433081729052,1,0,0.151641474530811,75.41
"26047",5.12242598094458e-05,0.202532153766468,1,0,0.165089637857072,78.87
"26049",2.00711858056574e-05,0.0793581108831787,1,0,0.214044348840054,88.96
"26051",0,0,0,0,0.108725906684198,53.87
"26053",0,0,0,0,0.104094804790142,51.32
"26055",1.74316244530828e-05,0.068921726878327,1,0,0.250093423243745,93.86
"26057",0,0,0,0,0.107555952915432,53.17
"26059",0,0,0,0,0.10748519137941,53.13
"26061",0,0,0,0,0.131207583815105,67.17
"26063",0,0,0,0,0.112586251750396,56.98
"26065",0.000123570117215083,0.488575570908115,1,0,0.175833036554431,82.02
"26067",0,0,0,0,0.100211789110709,48.23
"26069",0,0,0,0,0.0991951190080738,47.28
"26071",0,0,0,0,0.0942645451669045,43.94
"26073",0,0,0,0,0.12245498194071,62.71
"26075",0,0,0,0,0.177072799971662,82.41
"26077",0.000106287675184865,0.420243686372446,1,0,0.239904933072216,92.75
"26079",0,0,0,0,0.0919945312870524,41.68
"26081",9.43617742646914e-05,0.373090669267789,1,0,0.298164660228544,97.26
"26083",0,0,0,0,0.0576254403107993,11.36
"26085",0,0,0,0,0.084286955022562,35.19
"26087",0,0,0,0,0.183101736197572,83.74
"26089",0.00012298610257041,0.486266474705324,1,0,0.147441070886349,73.85
"26091",3.39132499067386e-05,0.134087316642215,1,0,0.165674669931413,79.16
"26093",2.73747604708459e-05,0.108235223263865,1,0,0.255092603302928,94.37
"26095",0,0,0,0,0.09344976801036,43.02
"26097",0,0,0,0,0.0915604307563942,41.49
"26099",8.83307101789098e-05,0.349244850834475,1,0,0.253964248660453,94.27
"26101",0,0,0,0,0.102572604605576,50.24
"26103",3.46836847946726e-05,0.13713348729984,1,0,0.153448030411437,76.04
"26105",0,0,0,0,0.120959711084596,61.79
"26107",0,0,0,0,0.110660263212912,55.71
"26109",0,0,0,0,0.0906459132495286,40.6
"26111",0,0,0,0,0.136807330376733,69.74
"26113",0,0,0,0,0.0934168802169618,42.92
"26115",2.18273890077269e-05,0.0863018445416027,1,0,0.16543416207231,79.03
"26117",0,0,0,0,0.119392709987982,60.9
"26119",0,0,0,0,0.0646319273697754,17.28
"26121",1.44749221972932e-05,0.0572314207979878,1,0,0.180167751458128,83.07
"26123",0,0,0,0,0.127574929990345,65.51
"26125",0.000217193328735439,0.858746086642047,1,0,0.374333998295835,99.55
"26127",0,0,0,0,0.100225904334327,48.27
"26129",0,0,0,0,0.119403019248555,60.93
"26131",0,0,0,0,0.0701511575741131,21.83
"26133",0.00391367550039137,15.474018193449,1,1,0.101790859254785,49.48
"26135",0,0,0,0,0.0983191333953941,46.61
"26137",0,0,0,0,0.111017263745599,55.97
"26139",4.76070648884294e-05,0.188230370184395,1,0,0.240724420052566,92.84
"26141",0,0,0,0,0.0883034147934602,38.4
"26143",0,0,0,0,0.10990475345904,54.88
"26145",1.16059097292341e-05,0.0458878254683447,1,0,0.197208053020409,86.35
"26147",2.08420175072947e-05,0.0824058504758021,1,0,0.218081153000723,89.72
"26149",0,0,0,0,0.13589673504795,69.23
"26151",0,0,0,0,0.146238314180522,73.21
"26153",0,0,0,0,0.0873298593528809,37.86
"26155",0,0,0,0,0.147726251603349,73.94
"26157",0,0,0,0,0.124327432972169,63.82
"26159",0,0,0,0,0.137235100210508,69.97
"26161",0.000266780493010351,1.05480543854151,1,1,0.21414022057578,89.02
"26163",4.61749080557743e-05,0.182567861659567,1,0,0.264247746515847,94.97
"26165",0,0,0,0,0.133273737852015,68.18
"27001",0,0,0,0,0.110264030330667,55.36
"27003",8.69856139176982e-05,0.343926565244408,1,0,0.256590689669047,94.56
"27005",0,0,0,0,0.142879299989537,71.84
"27007",0,0,0,0,0.149951063966913,74.77
"27009",0,0,0,0,0.1265508735268,65.07
"27011",0,0,0,0,0.0850636278279876,35.67
"27013",2.19245357479555e-05,0.0866859465003834,1,0,0.175082284201928,81.86
"27015",0,0,0,0,0.0986497214201685,46.93
"27017",0,0,0,0,0.0932443264208589,42.86
"27019",4.31862840361901e-05,0.170751342265509,1,0,0.210194303435604,88.26
"27021",0,0,0,0,0.104251685477001,51.42
"27023",0,0,0,0,0.0812194540844917,32.36
"27025",5.40774388924941e-05,0.213813146540611,1,0,0.148210422409851,74.2
"27027",4.19938688951413e-05,0.166036732281904,1,0,0.141733878440928,71.56
"27029",0,0,0,0,0.0737142081486153,25.39
"27031",0,0,0,0,0.107466727798316,53.07
"27033",0,0,0,0,0.0603584410247986,13.71
"27035",0,0,0,0,0.191854646095735,85.21
"27037",5.70730106488726e-05,0.225657136123638,1,0,0.299604363003488,97.42
"27039",0.000143698807299899,0.568161044090959,1,0,0.0886806618798146,38.75
"27041",0,0,0,0,0.168923737066973,80.11
"27043",0,0,0,0,0.076734157758382,27.94
"27045",0,0,0,0,0.127766494263964,65.57
"27047",0,0,0,0,0.112181262197606,56.86
"27049",0,0,0,0,0.139126904118858,70.54
"27051",0,0,0,0,0.0742317654974154,25.77
"27053",0.000137924141722053,0.545328982464045,1,0,0.359382287728117,99.24
"27055",0,0,0,0,0.105702346057344,52.15
"27057",0,0,0,0,0.125879310993017,64.62
"27059",0,0,0,0,0.131684787227668,67.32
"27061",0.000107469102632993,0.42491485285642,1,0,0.137094572371491,69.87
"27063",0,0,0,0,0.0571043816527828,10.82
"27065",0,0,0,0,0.0811490602175684,32.26
"27067",7.57661855513884e-05,0.299566822428987,1,0,0.121019761296295,61.92
"27069",0,0,0,0,0.0717580717048764,23.54
"27071",0.000406752084604434,1.60822969527313,1,1,0.096704224534351,45.63
"27073",0,0,0,0,0.0834306658188417,34.49
"27075",0,0,0,0,0.0920142472078087,41.71
"27077",0,0,0,0,0.0724667519949934,24.34
"27079",0.000301628795495677,1.19258979665061,1,1,0.134628475359599,68.79
"27081",0,0,0,0,0.0756024283181746,26.76
"27083",0,0,0,0,0.0942821282707366,44.03
"27085",5.66347624171717e-05,0.223924375931868,1,0,0.131025143575485,67.01
"27087",0,0,0,0,0.0486551043685762,6.24
"27089",0,0,0,0,0.062068673306769,14.89
"27091",0,0,0,0,0.0936702201315737,43.27
"27093",0,0,0,0,0.106511202460504,52.62
"27095",0,0,0,0,0.111156139217353,56.09
"27097",7.59820682318973e-05,0.300420386431805,1,0,0.144671037274519,72.54
"27099",5.37952552584862e-05,0.212697439659421,1,0,0.0974948231870333,46.17
"27101",0,0,0,0,0.0783357540009645,30.03
"27103",6.15043975644259e-05,0.243178098642536,1,0,0.102866777766813,50.46
"27105",0,0,0,0,0.0698553633762582,21.51
"27107",0,0,0,0,0.0634522409957356,16.16
"27109",3.61245574741709e-05,0.142830456824976,1,0,0.119216438799,60.83
"27111",0,0,0,0,0.14942766998124,74.42
"27113",0,0,0,0,0.0697525254905403,21.22
"27115",0,0,0,0,0.116698088648689,59.43
"27117",0,0,0,0,0.0779224565903173,29.14
"27119",0,0,0,0,0.0936665615356741,43.24
"27121",0,0,0,0,0.0927721168893034,42.41
"27123",0.000209324134235381,0.827632608059186,1,0,0.256111556088778,94.46
"27125",0,0,0,0,0.0587370913458116,12.31
"27127",0,0,0,0,0.101118503504682,48.87
"27129",0,0,0,0,0.0645446720587905,17.18
"27131",0,0,0,0,0.126142986655098,64.75
"27133",0,0,0,0,0.0782330336938915,29.69
"27135",0,0,0,0,0.0583824389075626,12.03
"27137",4.74896947362422e-05,0.187766308237989,1,0,0.189348955853146,84.82
"27139",4.31325751585122e-05,0.170538986348352,1,0,0.183177322892385,83.81
"27141",6.0549181072326e-05,0.239401332434924,1,0,0.177637493205459,82.66
"27143",0,0,0,0,0.0850189190692004,35.57
"27145",8.29178802043926e-05,0.327843426650137,1,0,0.213352422518124,88.74
"27147",0,0,0,0,0.121012927842634,61.88
"27149",0,0,0,0,0.0546278138401066,9.35
"27151",0.000230096640589047,0.909763623062353,1,0,0.0726981356909957,24.47
"27153",0.00140515222482436,5.5557368231789,1,1,0.104765198107356,51.64
"27155",0,0,0,0,0.0905276393189188,40.47
"27157",0,0,0,0,0.0973884932066035,46.1
"27159",0,0,0,0,0.0922558864803394,42
"27161",0,0,0,0,0.102373458703685,50.05
"27163",9.20047842487809e-05,0.36377152505557,1,0,0.21353092266185,88.8
"27165",0,0,0,0,0.0939550142347841,43.53
"27167",0,0,0,0,0.0772647523940221,28.38
"27169",0,0,0,0,0.140063436876801,70.92
"27171",7.1459196798628e-05,0.282537709434685,1,0,0.193055452833463,85.59
"27173",0,0,0,0,0.0764532551890227,27.74
"28001",0,0,0,0,0.127982753441781,65.67
"28003",0.000135153399107988,0.534373929697119,1,0,0.117088716708614,59.62
"28005",0,0,0,0,0.0606870599554375,13.94
"28007",0,0,0,0,0.0942682271138986,44
"28009",0,0,0,0,0.0713551283611159,23.16
"28011",0,0,0,0,0.0979484258196374,46.42
"28013",0,0,0,0,0.0713641000934935,23.19
"28015",0,0,0,0,0.0883452480450372,38.47
"28017",0,0,0,0,0.079995699306835,31.24
"28019",0,0,0,0,0.0539725614127648,8.91
"28021",0,0,0,0,0.044816992663915,4.26
"28023",0,0,0,0,0.0627022266129431,15.62
"28025",0,0,0,0,0.0861129423832852,36.81
"28027",0,0,0,0,0.0962792147269424,45.24
"28029",0,0,0,0,0.0804246029002036,31.63
"28031",0.000143740117866897,0.568324379161849,1,0,0.0728967785784074,24.66
"28033",1.21134301600184e-05,0.047894476346456,1,0,0.157192368432344,76.96
"28035",2.27608967793331e-05,0.0899927781001249,1,0,0.136665247316431,69.52
"28037",0,0,0,0,0.0564884734440663,10.21
"28039",0,0,0,0,0.0913777969362351,41.14
"28041",0,0,0,0,0.0592497245752875,12.73
"28043",0,0,0,0,0.096360134499785,45.31
"28045",5.88720122453785e-05,0.232770087473742,1,0,0.109508747250769,54.57
"28047",3.82233774176286e-05,0.151128839761065,1,0,0.166182011092736,79.35
"28049",1.62048290390536e-05,0.0640711830469776,1,0,0.181276571029278,83.33
"28051",0,0,0,0,0.0856082817062289,36.4
"28053",0,0,0,0,0.0595968739478672,13.08
"28055",0,0,0,0,0.0459822055166372,4.68
"28057",0,0,0,0,0.0861609348744032,36.91
"28059",1.74410492535231e-05,0.0689589909625538,1,0,0.105193411969464,51.89
"28061",0,0,0,0,0.0567860433091706,10.53
"28063",0,0,0,0,0.0593592997353809,12.79
"28065",0.000938967136150235,3.71251897260938,1,1,0.0692760451068542,20.78
"28067",0,0,0,0,0.101294566492595,49.13
"28069",0.000473036896877956,1.87030875393992,1,1,0.0761281559310138,27.33
"28071",6.85541920888462e-05,0.271051806802563,1,0,0.139259900358566,70.7
"28073",0,0,0,0,0.149902863839842,74.67
"28075",0,0,0,0,0.1520781464296,75.63
"28077",0,0,0,0,0.0684600044384393,20.08
"28079",0,0,0,0,0.0563107861513194,10.12
"28081",0,0,0,0,0.165295206153465,79
"28083",0,0,0,0,0.0966315650241145,45.47
"28085",0,0,0,0,0.103667958275152,51.07
"28087",0,0,0,0,0.143713792029101,72.26
"28089",8.79030722123738e-05,0.347554041856131,1,0,0.189206326165129,84.79
"28091",0,0,0,0,0.0866401562037915,37.29
"28093",0,0,0,0,0.0909041801087602,40.76
"28095",0,0,0,0,0.0997150410207469,47.76
"28097",0,0,0,0,0.0645032928530053,17.12
"28099",0,0,0,0,0.0669933152931221,19.03
"28101",0,0,0,0,0.0654632729729723,18.04
"28103",0,0,0,0,0.06980580301398,21.38
"28105",0,0,0,0,0.0865656014483093,37.26
"28107",0,0,0,0,0.100295613230449,48.3
"28109",7.08165144111607e-05,0.279996650791657,1,0,0.125950169413856,64.68
"28111",0,0,0,0,0.0680376858224872,19.69
"28113",0,0,0,0,0.100431685955651,48.33
"28115",0,0,0,0,0.0825167671060526,33.57
"28117",0.000121862052156958,0.48182216741762,1,0,0.0923987899957905,42.13
"28119",0,0,0,0,0.0602333707549733,13.52
"28121",2.66410912190963e-05,0.105334417781036,1,0,0.204785264447462,87.66
"28123",0,0,0,0,0.0488790801542138,6.33
"28125",0,0,0,0,0.052350435499965,7.95
"28127",0,0,0,0,0.0771326575960621,28.35
"28129",0,0,0,0,0.0598766693909916,13.24
"28131",0,0,0,0,0.081561348504366,32.74
"28133",0,0,0,0,0.0581517784235902,11.87
"28135",0,0,0,0,0.0480653033721931,5.95
"28137",0,0,0,0,0.0888617297427577,38.91
"28139",0,0,0,0,0.0702568090302867,21.99
"28141",0,0,0,0,0.0891220350028419,39.23
"28143",0.000152485513876182,0.602902211928787,1,0,0.0447720591514418,4.23
"28145",0,0,0,0,0.0798814204809611,31.15
"28147",0,0,0,0,0.0844825418619917,35.32
"28149",0,0,0,0,0.0970420797297827,45.78
"28151",0,0,0,0,0.124911519265702,64.21
"28153",0,0,0,0,0.0852018768811006,35.83
"28155",0,0,0,0,0.0773393294258496,28.44
"28157",0,0,0,0,0.0571032409295572,10.72
"28159",0,0,0,0,0.0787601787295715,30.29
"28161",0,0,0,0,0.0643109831233714,16.96
"28163",0,0,0,0,0.0697814561893764,21.32
"29001",0,0,0,0,0.101407588360678,49.19
"29003",0,0,0,0,0.114824301843176,58.45
"29005",0,0,0,0,0.0527868567587986,8.24
"29007",0,0,0,0,0.109228035831458,54.34
"29009",0,0,0,0,0.104965637014805,51.77
"29011",0,0,0,0,0.0774747790556295,28.67
"29013",0,0,0,0,0.102175997270177,49.79
"29015",0,0,0,0,0.103116518885327,50.62
"29017",0,0,0,0,0.0816716295704893,32.87
"29019",0.00121902405298206,4.81981716987268,1,1,0.189774398243026,84.92
"29021",0.000182815356489945,0.72282133561773,1,0,0.162935294084143,78.4
"29023",0,0,0,0,0.128469741192799,65.86
"29025",0,0,0,0,0.0766752697600329,27.81
"29027",0,0,0,0,0.115276232450166,58.61
"29029",0.000100260677762182,0.396413946844695,1,0,0.166642139535602,79.45
"29031",0,0,0,0,0.188790877713729,84.7
"29033",0,0,0,0,0.0567948428492015,10.59
"29035",0,0,0,0,0.0686787770122857,20.3
"29037",0.000223370096328354,0.883167992367217,1,0,0.146347003476681,73.31
"29039",0,0,0,0,0.0898773624150511,39.96
"29041",0,0,0,0,0.0768183719523649,28
"29043",0.00054863233795752,2.16920048129187,1,1,0.219368245942241,89.88
"29045",0,0,0,0,0.0587557116828114,12.34
"29047",0.000137633990738042,0.544181774013834,1,0,0.217663937302358,89.66
"29049",0,0,0,0,0.0927932037437095,42.48
"29051",1.71623732129679e-05,0.0678571525190757,1,0,0.130221185875867,66.69
"29053",0,0,0,0,0.0987325516175626,46.96
"29055",0,0,0,0,0.105059245805801,51.83
"29057",0,0,0,0,0.0581084072773363,11.8
"29059",0,0,0,0,0.0966566756305724,45.56
"29061",0,0,0,0,0.0827477147534199,33.76
"29063",0,0,0,0,0.0689867876781701,20.59
"29065",0,0,0,0,0.0784576037946957,30.1
"29067",0,0,0,0,0.0915111195362333,41.39
"29069",0,0,0,0,0.0832238735333856,34.2
"29071",2.26188052747054e-05,0.0894309720619074,1,0,0.200471364428981,86.8
"29073",0,0,0,0,0.0994806263801971,47.47
"29075",0,0,0,0,0.0602529371485909,13.55
"29077",4.59953391389673e-05,0.181857876203345,1,0,0.23135657173416,91.66
"29079",0,0,0,0,0.0723960987393038,24.24
"29081",0,0,0,0,0.0663962220470644,18.74
"29083",0,0,0,0,0.0985480220513764,46.8
"29085",0,0,0,0,0.0746365359536471,25.93
"29087",0,0,0,0,0.0514934511612519,7.38
"29089",0,0,0,0,0.0710784738202421,22.91
"29091",0.00126103404791929,4.98591766182722,1,1,0.165085840312801,78.84
"29093",0,0,0,0,0.0780650899857612,29.37
"29095",0.000167203309670084,0.66109391429643,1,0,0.284602528551258,96.5
"29097",7.68426876498432e-05,0.303823131633751,1,0,0.219422880780914,89.91
"29099",5.13513976138717e-05,0.203034835375755,1,0,0.206309487345857,87.75
"29101",8.8171758585725e-05,0.348616382826697,1,0,0.0797507486573289,31.05
"29103",0,0,0,0,0.0694323201577052,20.94
"29105",0,0,0,0,0.110705714248662,55.77
"29107",0,0,0,0,0.11646034122617,59.34
"29109",0,0,0,0,0.121874801276573,62.27
"29111",0,0,0,0,0.0700884338818325,21.76
"29113",0.000705761580905941,2.79046322110348,1,1,0.146865925319093,73.56
"29115",0,0,0,0,0.0704492247867387,22.24
"29117",0,0,0,0,0.104925992295451,51.7
"29119",0,0,0,0,0.080683006636343,31.82
"29121",0,0,0,0,0.0882815484472348,38.37
"29123",0,0,0,0,0.0787689119386888,30.35
"29125",0,0,0,0,0.0839294944905334,34.93
"29127",0,0,0,0,0.110879137379886,55.9
"29129",0,0,0,0,0.0559847833810725,9.93
"29131",0,0,0,0,0.1064616062635,52.53
"29133",0,0,0,0,0.0651562611225922,17.75
"29135",0,0,0,0,0.0955252156775292,44.77
"29137",0,0,0,0,0.0761621207968419,27.39
"29139",0,0,0,0,0.0749790689286094,26.22
"29141",0,0,0,0,0.132297765682196,67.74
"29143",0,0,0,0,0.0627773731962539,15.72
"29145",0,0,0,0,0.113650798979804,57.75
"29147",0,0,0,0,0.0789961396826771,30.45
"29149",0,0,0,0,0.0701547059942562,21.86
"29151",0,0,0,0,0.0690625341762296,20.65
"29153",0,0,0,0,0.0958968493840919,45.02
"29155",0,0,0,0,0.0646266192343315,17.24
"29157",0.000283205890682526,1.119748713064,1,1,0.107477372451147,53.1
"29159",0.00668988269794721,26.4506770093031,1,1,0.139870368233883,70.86
"29161",0,0,0,0,0.122033339241209,62.33
"29163",0,0,0,0,0.0805189010924251,31.69
"29165",9.27936454911568e-05,0.366890550436036,1,0,0.227010189179696,90.93
"29167",0,0,0,0,0.118040357070926,60.07
"29169",0,0,0,0,0.0571042376454211,10.75
"29171",0,0,0,0,0.0526492478367207,8.21
"29173",0,0,0,0,0.0756423587436965,26.82
"29175",0,0,0,0,0.0927260571670654,42.32
"29177",0,0,0,0,0.0845364041322336,35.41
"29179",0.000471698113207547,1.86501542727782,1,1,0.0779590731646443,29.24
"29181",0,0,0,0,0.0780957844609373,29.46
"29183",0.000138052139532058,0.545835064391519,1,0,0.241899486648274,92.9
"29185",0,0,0,0,0.0823163734475427,33.41
"29186",0,0,0,0,0.0926559413394523,42.28
"29187",0,0,0,0,0.132876112809529,68.02
"29189",0.000128069297132412,0.506364575614661,1,0,0.323050780342223,98.44
"29195",0,0,0,0,0.0782754778483456,29.84
"29197",0,0,0,0,0.0633913921886873,16.13
"29199",0,0,0,0,0.0783397089681444,30.07
"29201",0,0,0,0,0.127883302108106,65.64
"29203",0,0,0,0,0.0697758424125165,21.29
"29205",0,0,0,0,0.058063973415242,11.77
"29207",0,0,0,0,0.0898458590843655,39.9
"29209",0,0,0,0,0.1439136547812,72.32
"29211",0,0,0,0,0.0417090547503466,2.96
"29213",0.000346598607303778,1.37039290935245,1,1,0.174664373492594,81.74
"29215",0,0,0,0,0.0942656328892344,43.97
"29217",0,0,0,0,0.100691676059358,48.46
"29219",0.00160208270751978,6.33436700643474,1,1,0.137233834816669,69.93
"29221",0,0,0,0,0.103155926532651,50.65
"29223",0,0,0,0,0.0693164457924872,20.81
"29225",9.38350380031904e-05,0.37100804220972,1,0,0.122062900829402,62.36
"29227",0,0,0,0,0.0591844765160005,12.66
"29229",0,0,0,0,0.108217148816521,53.61
"29510",0.000240536146776816,0.951039684060255,1,0,0.228864809435472,91.22
"30001",0,0,0,0,0.106635049470176,52.69
"30003",0,0,0,0,0.0585939634259863,12.19
"30005",0,0,0,0,0.0708276726257311,22.69
"30007",0,0,0,0,0.100995059640758,48.68
"30009",0,0,0,0,0.148236711087919,74.23
"30011",0,0,0,0,0.0482811060783833,6.05
"30013",0,0,0,0,0.181407264523501,83.39
"30015",0,0,0,0,0.0647132905063648,17.34
"30017",0,0,0,0,0.100894231840208,48.52
"30019",0,0,0,0,0.05423628769901,9.13
"30021",0,0,0,0,0.0998670307242426,47.95
"30023",0,0,0,0,0.0948746770950545,44.42
"30025",0,0,0,0,0.0757290098252532,26.92
"30027",0,0,0,0,0.111441184195141,56.28
"30029",9.98385942725926e-05,0.394745099338967,1,0,0.275708382989054,95.83
"30031",0.000115839955517457,0.458011804766697,1,0,0.311417890397722,98.09
"30033",0,0,0,0,0.0500008516677134,6.75
"30035",0,0,0,0,0.0636086690337314,16.26
"30037",0,0,0,0,0.0609097841384438,14.13
"30039",0,0,0,0,0.0936571859408094,43.21
"30041",0,0,0,0,0.099538652116954,47.53
"30043",0,0,0,0,0.134543345906198,68.72
"30045",0,0,0,0,0.0569541771716408,10.69
"30047",0,0,0,0,0.146467756504973,73.34
"30049",0.000357613821774212,1.41394522458738,1,1,0.221139420780837,90.17
"30051",0,0,0,0,0.0518634870215985,7.57
"30053",0,0,0,0,0.162666067324096,78.36
"30055",0,0,0,0,0.0571508918603067,10.85
"30057",0,0,0,0,0.124626415611809,64.02
"30059",0.000904159132007233,3.57489394740415,1,1,0.0823639858654048,33.47
"30061",0,0,0,0,0.0782839357525644,29.91
"30063",0.000106568623533016,0.421354509140016,1,0,0.284233968284088,96.44
"30065",0,0,0,0,0.0753729856619317,26.6
"30067",0.000109613065877453,0.433391724852459,1,0,0.172764034479134,81.16
"30069",0,0,0,0,0.0427821227662167,3.28
"30071",0,0,0,0,0.0762822023754861,27.59
"30073",0,0,0,0,0.085225551765354,35.89
"30075",0,0,0,0,0.0603650846427528,13.74
"30077",0,0,0,0,0.0793650581309067,30.77
"30079",0.00423131170662906,16.729898614227,1,1,0.0652213340821195,17.85
"30081",0.00022436616558223,0.887106283560464,1,0,0.223945396516941,90.49
"30083",0,0,0,0,0.10961176729236,54.76
"30085",0,0,0,0,0.0595243482453384,12.92
"30087",0,0,0,0,0.0489274488383154,6.36
"30089",0,0,0,0,0.128583080369374,65.96
"30091",0,0,0,0,0.0762679033513804,27.55
"30093",5.46418228512103e-05,0.216044626295229,1,0,0.166049402813392,79.29
"30095",0,0,0,0,0.0822080626160841,33.28
"30097",0,0,0,0,0.0925595450955337,42.19
"30099",0,0,0,0,0.0842217696307834,35.09
"30101",0,0,0,0,0.0640948100164182,16.64
"30103",0,0,0,0,0.0448709632029904,4.33
"30105",0,0,0,0,0.0861738710554392,36.94
"30107",0,0,0,0,0.0436455513815135,3.56
"30109",0,0,0,0,0.0741492969845725,25.68
"30111",1.0218575326228e-05,0.0404025373318174,1,0,0.253798014244331,94.21
"31001",0,0,0,0,0.123936391606429,63.67
"31003",0,0,0,0,0.0474033847135881,5.44
"31005",0,0,0,0,0.0243066187048342,0.22
"31007",0,0,0,0,0.0466942250486179,5.06
"31009",0,0,0,0,0.0354253489148714,1.46
"31011",0,0,0,0,0.0545397642623328,9.32
"31013",0,0,0,0,0.060580181557068,13.87
"31015",0,0,0,0,0.0395375734311267,2.42
"31017",0,0,0,0,0.0552396912639582,9.64
"31019",3.1402103940964e-05,0.124158665593625,1,0,0.156099542670964,76.74
"31021",0.000437445319335083,1.72958561059886,1,1,0.0769760201775627,28.25
"31023",0,0,0,0,0.0503143367341908,6.94
"31025",0,0,0,0,0.117398334132458,59.82
"31027",0,0,0,0,0.0624782769955033,15.37
"31029",0,0,0,0,0.0591804129158184,12.63
"31031",0,0,0,0,0.0655527833141177,18.2
"31033",0,0,0,0,0.0796294601174798,30.99
"31035",0,0,0,0,0.0488539208139698,6.3
"31037",0,0,0,0,0.0401148467514745,2.58
"31039",0,0,0,0,0.0697240061577929,21.16
"31041",0,0,0,0,0.0688803622297252,20.52
"31043",0,0,0,0,0.0650173089072733,17.56
"31045",0,0,0,0,0.0698541190283171,21.48
"31047",0,0,0,0,0.0731887608137428,25.1
"31049",0,0,0,0,0.0349498997041045,1.37
"31051",0,0,0,0,0.0542213951574458,9.1
"31053",9.61261174661155e-05,0.380066587121887,1,0,0.122313652255223,62.55
"31055",0.000367996887797749,1.45499813061802,1,1,0.29217395082916,96.91
"31057",0,0,0,0,0.036001608048354,1.56
"31059",0,0,0,0,0.05813924228957,11.84
"31061",0,0,0,0,0.0444225113777142,4.07
"31063",0,0,0,0,0.0317076244567198,0.83
"31065",0,0,0,0,0.0421072517027706,3.12
"31067",0,0,0,0,0.104872418557763,51.67
"31069",0,0,0,0,0.0441169788882597,3.88
"31071",0,0,0,0,0.0715705993980381,23.39
"31073",0,0,0,0,0.0391427153287588,2.32
"31075",0,0,0,0,0.038481674938836,2.04
"31077",0,0,0,0,0.0463035880501698,4.9
"31079",2.53254317986122e-05,0.100132520534594,1,0,0.143026079122677,71.94
"31081",0,0,0,0,0.095413827359746,44.67
"31083",0,0,0,0,0.0440211926329962,3.75
"31085",0,0,0,0,0.0602843934178122,13.65
"31087",0,0,0,0,0.0448303708163508,4.3
"31089",0.000172622130157086,0.682519023964955,1,0,0.0805295350195127,31.72
"31091",0,0,0,0,0.0417930389091005,2.99
"31093",0,0,0,0,0.069678341565475,21.09
"31095",0,0,0,0,0.0551146572626544,9.55
"31097",0,0,0,0,0.0435856883647988,3.53
"31099",0,0,0,0,0.063988996817349,16.48
"31101",0,0,0,0,0.0912828724382131,41.04
"31103",0,0,0,0,0.0585123290320894,12.12
"31105",0,0,0,0,0.0367102000706448,1.81
"31107",0,0,0,0,0.0643484240946273,16.99
"31109",5.5546017350556e-05,0.219619660079172,1,0,0.244461458193774,93.16
"31111",5.53036168565424e-05,0.218661249078033,1,0,0.124856139259142,64.11
"31113",0,0,0,0,0.0399098907070586,2.55
"31115",0,0,0,0,0.0449231617144163,4.36
"31117",0,0,0,0,0.0280436634261482,0.38
"31119",4.08096637283709e-05,0.161354583163116,1,0,0.159844056926712,77.7
"31121",0,0,0,0,0.0836315398667395,34.74
"31123",0,0,0,0,0.0419573395819915,3.05
"31125",0,0,0,0,0.0366157646349685,1.72
"31127",0,0,0,0,0.0460225352632092,4.77
"31129",0,0,0,0,0.0547395061604888,9.45
"31131",0,0,0,0,0.081305900404554,32.45
"31133",0,0,0,0,0.0648407356638637,17.47
"31135",0,0,0,0,0.0386926438700317,2.13
"31137",0,0,0,0,0.0611553028481422,14.29
"31139",0,0,0,0,0.0757826418299952,27.01
"31141",4.37464456012949e-05,0.172966127382168,1,0,0.121781298003274,62.23
"31143",0,0,0,0,0.0503118532693653,6.9
"31145",0,0,0,0,0.080154476295293,31.4
"31147",0,0,0,0,0.0667597823905906,18.93
"31149",0,0,0,0,0.0367728049044207,1.85
"31151",0,0,0,0,0.068139503490784,19.76
"31153",0.00014550443268861,0.575300184807319,1,0,0.177628108440075,82.63
"31155",0,0,0,0,0.114054491825154,57.94
"31157",5.43744222717634e-05,0.214987369138654,1,0,0.133680661149559,68.37
"31159",0,0,0,0,0.0906861464734744,40.63
"31161",0,0,0,0,0.0510211678718972,7.22
"31163",0,0,0,0,0.0437267493653364,3.6
"31165",0,0,0,0,0.0595852609073177,13.04
"31167",0,0,0,0,0.0440647900665177,3.79
"31169",0,0,0,0,0.0469310128260812,5.22
"31171",0,0,0,0,0.0593697566201695,12.82
"31173",0,0,0,0,0.0395995740651297,2.48
"31175",0,0,0,0,0.0648481417502647,17.5
"31177",0,0,0,0,0.106504616260282,52.59
"31179",0,0,0,0,0.0469922420908516,5.25
"31181",0,0,0,0,0.043832016956779,3.63
"31183",0,0,0,0,0.0241773383389965,0.19
"31185",0,0,0,0,0.0984102936302584,46.77
"32001",0,0,0,0,0.101122298163806,48.9
"32003",9.73803877495472e-05,0.385025761990468,1,0,0.273796453733537,95.7
"32005",4.25242388161252e-05,0.168133726221678,1,0,0.196842477279124,86.29
"32007",0,0,0,0,0.123859727367312,63.63
"32009",0,0,0,0,0.0492602078396719,6.43
"32011",0,0,0,0,0.00689976048967654,0.03
"32013",0,0,0,0,0.0663830635084871,18.71
"32015",0,0,0,0,0.0302375916571927,0.64
"32017",0,0,0,0,0.0627240869036442,15.69
"32019",6.41560274587798e-05,0.253662199642586,1,0,0.134408581106186,68.66
"32021",0,0,0,0,0.0450112584942407,4.49
"32023",0,0,0,0,0.135712012354808,69.17
"32027",0,0,0,0,0.0336526701871803,1.15
"32029",0,0,0,0,0.0586597877075632,12.28
"32031",3.3925138527649e-05,0.134134322260398,1,0,0.309418109847895,97.96
"32033",0,0,0,0,0.0544347179142012,9.26
"32510",2.90892166273962e-05,0.115013896088344,1,0,0.172350146063357,81.01
"33001",3.35390394419104e-05,0.132607751067514,1,0,0.199506918740413,86.67
"33003",4.23764725824222e-05,0.167549483254046,1,0,0.21426504421206,89.06
"33005",0.000112318535366299,0.444088698602082,1,0,0.203908094804518,87.56
"33007",0,0,0,0,0.132478417953595,67.83
"33009",0.00028293434351373,1.11867506098684,1,1,0.182871811485439,83.68
"33011",0.000269232149908461,1.06449887976873,1,1,0.324864798382833,98.54
"33013",4.62363602737193e-05,0.182810833448723,1,0,0.253628050931133,94.18
"33015",0.000171401147245012,0.677691461793939,1,0,0.322965726944983,98.41
"33017",7.36716088037573e-05,0.291285216379334,1,0,0.207792682682845,88.01
"33019",0.000122691859395129,0.485103086415433,1,0,0.159157214369772,77.54
"34001",2.20047823727023e-05,0.0870032282298396,1,0,0.176656289004078,82.28
"34003",9.78962503696603e-05,0.387065396489586,1,0,0.379753998621378,99.65
"34005",5.52648247892497e-05,0.218507871733644,1,0,0.26653174620734,95.23
"34007",3.50692617920393e-05,0.138657994242644,1,0,0.295070321157155,97.07
"34009",2.10203266558762e-05,0.0831108550192123,1,0,0.16608498418324,79.32
"34011",1.54351953323969e-05,0.0610281801260899,1,0,0.167487526814486,79.64
"34013",8.03791888232738e-05,0.317805865637464,1,0,0.283004399008056,96.31
"34015",4.40095647454047e-05,0.174006456459679,1,0,0.245177551710773,93.22
"34017",0.000178443968593862,0.70553759918433,1,0,0.274603177069834,95.77
"34019",9.46969696969697e-05,0.374415975930775,1,0,0.241262648432598,92.87
"34021",6.92544755704837e-05,0.273820610535613,1,0,0.216977052481075,89.47
"34023",0.0014988060719768,5.92602846707696,1,1,0.322529881481854,98.38
"34025",0.000254207459359397,1.00509376688088,1,1,0.322406023523424,98.35
"34027",4.29362243724411e-05,0.169762648188569,1,0,0.310523176623547,98.03
"34029",8.32304512477632e-05,0.329079280264311,1,0,0.282825876114096,96.28
"34031",4.60716260212544e-05,0.182159501773557,1,0,0.363681770727027,99.33
"34033",4.22707866593397e-05,0.167131618794817,1,0,0.118860648348315,60.52
"34035",2.40435476735463e-05,0.0950641651558259,1,0,0.251850829033865,94.02
"34037",0.000112100082954061,0.44322497430991,1,0,0.220294915551443,90.07
"34039",0.000104772178718054,0.414251666876402,1,0,0.335320702752312,98.76
"34041",5.35245945511963e-05,0.211627292502756,1,0,0.201552297083823,87.05
"35001",1.03369055956254e-05,0.0408703954210504,1,0,0.258021886212822,94.62
"35003",0,0,0,0,0.0712500274293545,23
"35005",0,0,0,0,0.138387155033661,70.28
"35006",0,0,0,0,0.0641535191945038,16.74
"35007",0,0,0,0,0.0803542318701596,31.59
"35009",0,0,0,0,0.0976006925101658,46.23
"35011",0,0,0,0,0.0560289120009008,9.99
"35013",1.07239755922316e-05,0.0424008054330769,1,0,0.179673222975396,82.98
"35015",0,0,0,0,0.127410791747009,65.42
"35017",0,0,0,0,0.0979267157002488,46.39
"35019",0,0,0,0,0.0423567185024907,3.15
"35021",0,0,0,0,0.0468703634691159,5.15
"35023",0,0,0,0,0.0723711590475676,24.18
"35025",0,0,0,0,0.0845288655027163,35.38
"35027",0,0,0,0,0.152094690283866,75.66
"35028",0,0,0,0,0.0320513725349333,0.89
"35029",0,0,0,0,0.0843022668212062,35.22
"35031",0,0,0,0,0.11188819611739,56.63
"35033",0,0,0,0,0.0729797042939893,24.72
"35035",0,0,0,0,0.0934369620109212,42.98
"35037",0,0,0,0,0.0690672343722038,20.68
"35039",0,0,0,0,0.103402668124223,50.84
"35041",0,0,0,0,0.0702982355858668,22.02
"35043",2.37942275204036e-05,0.0940783949801077,1,0,0.174924987183899,81.83
"35045",0,0,0,0,0.145106704648527,72.73
"35047",0.000111706881143878,0.441670320132818,1,0,0.0914971708028179,41.33
"35049",2.71193795085968e-05,0.107225489662879,1,0,0.229705201275603,91.41
"35051",0,0,0,0,0.0751713067308952,26.41
"35053",0,0,0,0,0.059410486103551,12.85
"35055",0,0,0,0,0.174346267437008,81.55
"35057",0,0,0,0,0.098574226698104,46.87
"35059",0,0,0,0,0.0628000047376519,15.75
"35061",4.82392667631452e-05,0.190729990633333,1,0,0.125780863879285,64.59
"36001",4.92447092715476e-05,0.194705342106885,1,0,0.232235686648543,91.79
"36003",0,0,0,0,0.112688230656048,57.11
"36005",2.08003452857317e-05,0.0822410854832619,1,0,0.14660695908675,73.43
"36007",0.000235296754025255,0.930324001640452,1,0,0.206609286426825,87.81
"36009",3.37621121577366e-05,0.133489743267125,1,0,0.125670858410179,64.52
"36011",0,0,0,0,0.14477081146036,72.61
"36013",1.97796546472299e-05,0.0782054454542197,1,0,0.170068872476334,80.37
"36015",0,0,0,0,0.181894442131264,83.52
"36017",0.000322338025142366,1.27447062614021,1,1,0.125313998091319,64.37
"36019",2.87075845438365e-05,0.113504986674771,1,0,0.15381568167663,76.2
"36021",0.000202069188490139,0.798947766292634,1,0,0.18726162352633,84.54
"36023",0,0,0,0,0.124292285739173,63.79
"36025",0,0,0,0,0.144694365616601,72.57
"36027",0.000681844899878522,2.69590066544239,1,1,0.215038239627272,89.15
"36029",0.000113569070274918,0.449033104423562,1,0,0.302153359909942,97.68
"36031",0,0,0,0,0.137781918362283,70.22
"36033",0.000527788040323006,2.08678561557449,1,1,0.108512570352588,53.74
"36035",0,0,0,0,0.123830080848493,63.57
"36037",3.9848575413429e-05,0.157554600750308,1,0,0.147688347575948,73.91
"36039",0,0,0,0,0.159272941716536,77.57
"36041",0,0,0,0,0.0921234453028291,41.87
"36043",0,0,0,0,0.135986502270302,69.27
"36045",6.73809042517351e-05,0.266412822978841,1,0,0.110494923848421,55.65
"36047",0.000891613369598668,3.5252901016736,1,1,0.255350614355921,94.4
"36049",0,0,0,0,0.0918657391059269,41.58
"36051",0,0,0,0,0.128330800146368,65.77
"36053",0,0,0,0,0.130785364308669,66.94
"36055",0.000137943605698056,0.545405939768952,1,0,0.259137575206715,94.72
"36057",0,0,0,0,0.108948384849243,54.09
"36059",0.000218140068886338,0.862489338814589,1,0,0.312394158373332,98.12
"36061",0.00257236290993233,10.1706926045519,1,1,0.307006094769557,97.87
"36063",0.000325375198275511,1.28647910060731,1,1,0.229808163046973,91.44
"36065",2.77046682365979e-05,0.109539623378002,1,0,0.208968800816963,88.2
"36067",0.000117097787985011,0.462985063915367,1,0,0.265875372924908,95.16
"36069",5.15517063614806e-05,0.203826822653314,1,0,0.202400959460447,87.31
"36071",5.72626178178362e-05,0.226406811149546,1,0,0.263716693273015,94.91
"36073",0,0,0,0,0.102056445430801,49.63
"36075",2.83414578845936e-05,0.112057383114981,1,0,0.152385445795444,75.85
"36077",0,0,0,0,0.132584651918889,67.9
"36079",0.00012826268197268,0.507129186920924,1,0,0.236909223603644,92.27
"36081",0.000465941944784154,1.84225650030515,1,1,0.243483459536172,92.97
"36083",0.000145048994326973,0.573499457717588,1,0,0.183902410663324,83.87
"36085",4.50981529085087e-05,0.178310551942138,1,0,0.171410451356032,80.78
"36087",0.000613476913036384,2.42558508303426,1,1,0.258610073043046,94.65
"36089",0,0,0,0,0.118135249441445,60.1
"36091",0.000229154420189501,0.906038241230526,1,0,0.236732094916622,92.2
"36093",0.00015965259595121,0.631239655442395,1,0,0.173601061005338,81.39
"36095",0,0,0,0,0.0896358260490087,39.61
"36097",0,0,0,0,0.0846767154667743,35.44
"36099",0,0,0,0,0.107939892315923,53.45
"36101",2.66035276277634e-05,0.105185897625076,1,0,0.118911816503594,60.64
"36103",0.000123843343554896,0.489655862146564,1,0,0.361735006691828,99.3
"36105",0,0,0,0,0.129718463466937,66.56
"36107",0,0,0,0,0.111910932067463,56.67
"36109",0.000103616205574552,0.409681142454563,1,0,0.153748347325497,76.17
"36111",0.000428328779262979,1.69354033629777,1,1,0.275987874335744,95.9
"36113",2.54265300414452e-05,0.100532246073609,1,0,0.160893066579993,77.89
"36115",0.000240139280782854,0.949470542313498,1,0,0.130712759696288,66.91
"36117",0,0,0,0,0.14706601882779,73.66
"36119",0.000133655777897511,0.528452585974194,1,0,0.30190159602988,97.65
"36121",0,0,0,0,0.113754967612258,57.78
"36123",0,0,0,0,0.127150549232694,65.38
"37001",1.32955739034475e-05,0.0525684749422172,1,0,0.193041723968433,85.56
"37003",0,0,0,0,0.128289270014234,65.73
"37005",0.000228050171037628,0.901672224818469,1,0,0.0939685523736945,43.59
"37007",0,0,0,0,0.0831431224789913,34.17
"37009",0,0,0,0,0.125894757142507,64.65
"37011",0,0,0,0,0.108991007791412,54.18
"37013",0,0,0,0,0.129666388206334,66.47
"37015",0,0,0,0,0.0707354938204881,22.59
"37017",0,0,0,0,0.0650524023076355,17.63
"37019",2.06466531775199e-05,0.0816334125991862,1,0,0.208463743437458,88.13
"37021",7.17187061945402e-05,0.283563766171713,1,0,0.283597619945481,96.34
"37023",3.03204875534399e-05,0.119882135345471,1,0,0.126149308038491,64.78
"37025",2.04308874155949e-05,0.0807803108728889,1,0,0.224168884987686,90.58
"37027",3.49015775513053e-05,0.137994998807378,1,0,0.151004425730806,75.06
"37029",0,0,0,0,0.112154729162817,56.82
"37031",3.42289919561869e-05,0.135335707883929,1,0,0.187991828442978,84.6
"37033",0,0,0,0,0.104697786930266,51.61
"37035",1.02695763799743e-05,0.0406041869661513,1,0,0.22163343955764,90.23
"37037",0.000131984161900572,0.521843295973909,1,0,0.173139329879618,81.2
"37039",0,0,0,0,0.140803709215836,71.14
"37041",0,0,0,0,0.0897358640048585,39.74
"37043",0,0,0,0,0.11152157060548,56.32
"37045",2.43066527308524e-05,0.0961044385364718,1,0,0.151091457798921,75.09
"37047",0,0,0,0,0.105895491907967,52.21
"37049",1.98176773682124e-05,0.0783557809320053,1,0,0.140528268805889,71.01
"37051",2.66609789911486e-05,0.105413050704623,1,0,0.0988163863636714,46.99
"37053",0,0,0,0,0.16157523936596,78.08
"37055",0,0,0,0,0.161419381465402,78.05
"37057",1.86126156308746e-05,0.0735911684223758,1,0,0.200939874121737,86.99
"37059",6.36375206821942e-05,0.251612110591128,1,0,0.122169365011809,62.46
"37061",0,0,0,0,0.0804638077492574,31.66
"37063",0.00011736170878648,0.464028562611961,1,0,0.18528441540245,84.12
"37065",0,0,0,0,0.104190352640135,51.38
"37067",2.32924318230521e-05,0.0920943787402751,1,0,0.231157163473387,91.57
"37069",0.000884173297966401,3.49587330312024,1,1,0.178159114662606,82.72
"37071",2.21510926026426e-05,0.0875817144021749,1,0,0.192086320280159,85.24
"37073",0,0,0,0,0.0850665463684354,35.7
"37075",0,0,0,0,0.104025398256659,51.29
"37077",0,0,0,0,0.0867630296334182,37.48
"37079",0,0,0,0,0.0779840342519516,29.27
"37081",1.57369784371921e-05,0.0622213800358958,1,0,0.297410894692865,97.23
"37083",0,0,0,0,0.119270096581074,60.87
"37085",2.98783949326242e-05,0.118134175082285,1,0,0.144602198962169,72.48
"37087",4.77122000095424e-05,0.188646056864783,1,0,0.17011639006303,80.4
"37089",1.97265894699465e-05,0.0779956346207363,1,0,0.213132811087896,88.71
"37091",0,0,0,0,0.0878093483266572,38.18
"37093",0,0,0,0,0.11133667426951,56.22
"37095",0,0,0,0,0.0929942820383221,42.7
"37097",2.2067747986318e-05,0.0872521837322958,1,0,0.249694864747284,93.83
"37099",0,0,0,0,0.106608316863813,52.66
"37101",1.40059945656741e-05,0.0553773593914253,1,0,0.189600682955596,84.86
"37103",0,0,0,0,0.0996531558634871,47.69
"37105",3.2242463324198e-05,0.127481306007706,1,0,0.131030492530078,67.04
"37107",0,0,0,0,0.105503885528894,52.05
"37109",0,0,0,0,0.192813969875708,85.46
"37111",0,0,0,0,0.106084609045978,52.4
"37113",0,0,0,0,0.160730037869825,77.86
"37115",0,0,0,0,0.142892765882599,71.91
"37117",0,0,0,0,0.112128508872466,56.76
"37119",0.000258575907682603,1.02236588073489,1,1,0.34885262047303,99.01
"37121",0,0,0,0,0.0885251142993213,38.69
"37123",0,0,0,0,0.0935257569052872,43.11
"37125",0,0,0,0,0.184701251207377,84.03
"37127",2.24931395924243e-05,0.0889341109773041,1,0,0.148552249655712,74.32
"37129",2.76388159531246e-05,0.109279254465852,1,0,0.244710332769165,93.19
"37131",0,0,0,0,0.0724568322142464,24.31
"37133",2.00998964855331e-05,0.0794716281082779,1,0,0.0900480334922079,40.12
"37135",0.000194655621762499,0.769635763698043,1,0,0.155249446973738,76.46
"37137",0,0,0,0,0.0776975106256861,28.89
"37139",0,0,0,0,0.115324435287722,58.64
"37141",5.56018904642758e-05,0.219840573023574,1,0,0.17369439372423,81.42
"37143",0,0,0,0,0.109557123491517,54.6
"37145",0,0,0,0,0.121995637850114,62.3
"37147",1.09466678343112e-05,0.0432812933031459,1,0,0.158650303813604,77.35
"37149",0,0,0,0,0.145847454622734,73.11
"37151",1.9906836007485e-05,0.0787082992759682,1,0,0.180355091711741,83.14
"37153",0,0,0,0,0.116836117607018,59.53
"37155",0,0,0,0,0.121045753649397,61.95
"37157",0,0,0,0,0.138697280549731,70.38
"37159",1.724286576429e-05,0.0681754066010688,1,0,0.182277439453712,83.61
"37161",0,0,0,0,0.152201388645495,75.79
"37163",0,0,0,0,0.0941952868196601,43.81
"37165",0,0,0,0,0.0902917864142588,40.25
"37167",3.84630178083772e-05,0.152076337775645,1,0,0.149745778227475,74.58
"37169",0,0,0,0,0.113584227855992,57.68
"37171",0,0,0,0,0.136705791660112,69.58
"37173",0,0,0,0,0.0529442181505364,8.4
"37175",8.53898044573478e-05,0.337617001607803,1,0,0.147482992425453,73.88
"37177",0,0,0,0,0.0583677946468612,11.99
"37179",4.5911574307883e-05,0.181526684074606,1,0,0.226849039821749,90.9
"37181",0,0,0,0,0.115818810014882,58.83
"37183",4.43394461726052e-05,0.17531075243559,1,0,0.318695851874241,98.25
"37185",0,0,0,0,0.0818541160539303,33.09
"37187",0,0,0,0,0.10112409074775,48.93
"37189",6.85494927337538e-05,0.271033226338702,1,0,0.146882028568968,73.59
"37191",1.91222870255283e-05,0.0756063238517829,1,0,0.137334073763386,70.03
"37193",0,0,0,0,0.126894428378599,65.26
"37195",0,0,0,0,0.146321714990118,73.27
"37197",0,0,0,0,0.109336944572169,54.47
"37199",0,0,0,0,0.108551215540361,53.77
"38001",0,0,0,0,0.0412012597266848,2.9
"38003",0,0,0,0,0.0830019868631856,34.04
"38005",0,0,0,0,0.0303465452855468,0.67
"38007",0,0,0,0,0.0392447892966936,2.35
"38009",0,0,0,0,0.0762382749220638,27.52
"38011",0,0,0,0,0.0597697177881785,13.17
"38013",0,0,0,0,0.0446220342453871,4.14
"38015",0,0,0,0,0.212305080443629,88.61
"38017",7.07784210749827e-06,0.0279846036113202,1,0,0.242042899617563,92.94
"38019",0,0,0,0,0.0426389927115691,3.21
"38021",0,0,0,0,0.0493808196905941,6.49
"38023",0,0,0,0,0.0487539969409496,6.27
"38025",0,0,0,0,0.0496833339132799,6.65
"38027",0,0,0,0,0.0484925037146095,6.14
"38029",0,0,0,0,0.0637024604661788,16.32
"38031",0,0,0,0,0.0507031929769766,7.1
"38033",0,0,0,0,0.0330925996049338,1.02
"38035",0,0,0,0,0.165069827779214,78.81
"38037",0,0,0,0,0.0391291847092566,2.29
"38039",0,0,0,0,0.0477553385220254,5.76
"38041",0,0,0,0,0.0453743769732778,4.52
"38043",0,0,0,0,0.0476682682238122,5.7
"38045",0,0,0,0,0.060917719319621,14.16
"38047",0,0,0,0,0.0385148248646908,2.07
"38049",0,0,0,0,0.0676878911057213,19.5
"38051",0,0,0,0,0.0477812059748828,5.79
"38053",0,0,0,0,0.0579019352635558,11.64
"38055",0,0,0,0,0.0558320229895328,9.83
"38057",0,0,0,0,0.0469242663349307,5.19
"38059",6.90846286701209e-05,0.273149064305975,1,0,0.147080795762022,73.69
"38061",0,0,0,0,0.0693299166264538,20.84
"38063",0,0,0,0,0.0458414660024793,4.65
"38065",0,0,0,0,0.046006003052391,4.71
"38067",0,0,0,0,0.054709379488703,9.42
"38069",0,0,0,0,0.0586563394457045,12.25
"38071",0,0,0,0,0.0956974877361691,44.89
"38073",0,0,0,0,0.0528040679431669,8.3
"38075",0,0,0,0,0.0578229179644957,11.52
"38077",0,0,0,0,0.0832865827209164,34.27
"38079",0,0,0,0,0.0541177168838237,9.04
"38081",0,0,0,0,0.0353606769530122,1.43
"38083",0,0,0,0,0.0330319889195101,0.95
"38085",0,0,0,0,0.0308827561477337,0.73
"38087",0,0,0,0,0.0376155126928972,1.97
"38089",0,0,0,0,0.130582339160443,66.85
"38091",0,0,0,0,0.0485149568879869,6.17
"38093",0,0,0,0,0.0948910489152232,44.45
"38095",0,0,0,0,0.0349884014053973,1.4
"38097",0,0,0,0,0.0498144102342856,6.68
"38099",0.000135226504394861,0.53466297577133,1,0,0.0627149149627649,15.65
"38101",0,0,0,0,0.149281170470627,74.36
"38103",0,0,0,0,0.0572199295330033,10.94
"38105",0,0,0,0,0.102114598029023,49.73
"39001",0,0,0,0,0.11143045153206,56.25
"39003",1.84904404422913e-05,0.0731081081659145,1,0,0.197987491379462,86.48
"39005",4.56954852860537e-05,0.180672304232726,1,0,0.143457228369645,72.19
"39007",2.99643424325053e-05,0.118473997118299,1,0,0.163306656859795,78.49
"39009",3.79161295214984e-05,0.149914032980549,1,0,0.112626051144399,57.05
"39011",0,0,0,0,0.122237913352808,62.52
"39013",0,0,0,0,0.149754169489726,74.61
"39015",0,0,0,0,0.124026685285585,63.7
"39017",8.34009807955342e-05,0.329753525567598,1,0,0.26428996039142,95
"39019",0,0,0,0,0.125274346787641,64.33
"39021",0,0,0,0,0.102305201120205,49.98
"39023",1.92641109612791e-05,0.0761670719674241,1,0,0.156785079770174,76.9
"39025",0.000214656763834628,0.848716933376763,1,0,0.226509031881768,90.84
"39027",0,0,0,0,0.106077047034212,52.37
"39029",3.07332964533776e-05,0.121514312675302,1,0,0.175960360103326,82.06
"39031",0,0,0,0,0.135546869098161,69.07
"39033",0,0,0,0,0.124986439900408,64.24
"39035",0.000120917726538711,0.478088461903239,1,0,0.343677436605826,98.85
"39037",0.000236910684671879,0.936705213416012,1,0,0.136678653308195,69.55
"39039",5.9028392656868e-05,0.23338838945924,1,0,0.120719622602596,61.6
"39041",5.46398324378472e-05,0.216036756533776,1,0,0.222990700403695,90.36
"39043",0.000451512567099784,1.78520515489193,1,1,0.176532770830855,82.25
"39045",3.725782414307e-05,0.147311203644895,1,0,0.177026925940724,82.37
"39047",0,0,0,0,0.106496797215093,52.56
"39049",0.000162087216915842,0.640865739438652,1,0,0.280418695935482,96.12
"39051",0,0,0,0,0.110081434785396,55.11
"39053",0,0,0,0,0.0877958771832718,38.15
"39055",0.000184953992694317,0.731277145388447,1,0,0.207579401052443,87.97
"39057",8.61846074291132e-05,0.340759519592259,1,0,0.141436612700584,71.46
"39059",0,0,0,0,0.118891087526642,60.55
"39061",4.44811364396587e-05,0.175870972047564,1,0,0.306647968830147,97.84
"39063",2.09771139686602e-05,0.0829399992831907,1,0,0.130186050218395,66.66
"39065",0,0,0,0,0.0890741814374279,39.13
"39067",0,0,0,0,0.0862950352165283,37.03
"39069",0,0,0,0,0.0873098070856767,37.83
"39071",0,0,0,0,0.119948778523408,61.25
"39073",0.000115713955102985,0.457513620207011,1,0,0.122449324890054,62.68
"39075",0,0,0,0,0.194106867506214,85.68
"39077",4.13838768415825e-05,0.163624925750248,1,0,0.126179277880465,64.81
"39079",8.87075312694048e-05,0.35073473838632,1,0,0.096205510396544,45.15
"39081",0,0,0,0,0.128557660933114,65.92
"39083",4.08363279973865e-05,0.161460009222027,1,0,0.13903534193393,70.51
"39085",0.000119978219338643,0.474373807608251,1,0,0.263713554456616,94.88
"39087",0,0,0,0,0.101657796716471,49.38
"39089",0.000184579036743534,0.729794632286993,1,0,0.168262072423462,79.86
"39091",4.63327618959366e-05,0.183191989335541,1,0,0.114954487581174,58.51
"39093",7.18765161452624e-05,0.284187720316184,1,0,0.218798136796775,89.79
"39095",3.27012646046184e-05,0.129295329515708,1,0,0.250410355959058,93.89
"39097",3.9177277179236e-05,0.154900399836591,1,0,0.0800210122731028,31.31
"39099",2.88453217695643e-05,0.114049576622664,1,0,0.247475634554722,93.45
"39101",0,0,0,0,0.117138513142854,59.69
"39103",7.09813886798881e-05,0.280648536067701,1,0,0.249498881928199,93.8
"39105",0,0,0,0,0.0818517923613006,33.06
"39107",0,0,0,0,0.111979459545486,56.73
"39109",2.18316777644362e-05,0.0863188015681473,1,0,0.170213949868906,80.43
"39111",0,0,0,0,0.0997468789800593,47.82
"39113",0.00111797950612892,4.42030393577907,1,1,0.292980724718536,97.01
"39115",0,0,0,0,0.07485248797975,26.09
"39117",0.000138561729250381,0.547849896886377,1,0,0.145210126768703,72.8
"39119",0,0,0,0,0.145101086050417,72.7
"39121",0,0,0,0,0.0851408041902667,35.76
"39123",0,0,0,0,0.120493163175004,61.47
"39125",0,0,0,0,0.0768599151945489,28.13
"39127",0,0,0,0,0.0979513218575014,46.45
"39129",5.47885163269779e-05,0.21662462775745,1,0,0.0892716248643793,39.29
"39131",0,0,0,0,0.0765113942423353,27.78
"39133",7.59751409338864e-05,0.300392997054367,1,0,0.194314721965384,85.78
"39135",0,0,0,0,0.092240979932245,41.93
"39137",0,0,0,0,0.114359241101537,58.13
"39139",1.86650739136927e-05,0.0737985796966736,1,0,0.186052279973057,84.31
"39141",3.09962184613477e-05,0.122553862309497,1,0,0.12146237772305,62.2
"39143",3.67998822403768e-05,0.145500577972657,1,0,0.12440373008359,63.86
"39145",3.58050771599413e-05,0.141567285109706,1,0,0.114364977206671,58.16
"39147",4.68208633767207e-05,0.185121860934029,1,0,0.129292726687241,66.27
"39149",0,0,0,0,0.101522074325726,49.22
"39151",7.47857101766093e-05,0.295690186824926,1,0,0.267406131934575,95.29
"39153",8.74312353334103e-05,0.345688477772268,1,0,0.294127082820468,97.04
"39155",2.72546401024774e-05,0.107760287422774,1,0,0.217521763924683,89.63
"39157",2.40853585105614e-05,0.0952294782106743,1,0,0.210706756455349,88.39
"39159",5.30264867301217e-05,0.209657857508762,1,0,0.119496842705054,60.99
"39161",7.92769938163945e-05,0.313447970971063,1,0,0.0970956585052393,45.85
"39163",0,0,0,0,0.0760721401269965,27.3
"39165",4.46313008238938e-05,0.176464696901204,1,0,0.245965377288124,93.32
"39167",3.64245647264515e-05,0.144016635311029,1,0,0.140534286448436,71.05
"39169",3.58757264834613e-05,0.141846620715684,1,0,0.192334113158502,85.4
"39171",0,0,0,0,0.117474793261954,59.85
"39173",3.61894881600058e-05,0.143087181894242,1,0,0.163941089489621,78.56
"39175",0,0,0,0,0.0827381549990463,33.73
"40001",0,0,0,0,0.08340985877608,34.43
"40003",0,0,0,0,0.0464331870451221,4.96
"40005",0,0,0,0,0.0949492843202004,44.48
"40007",0,0,0,0,0.0589159081346366,12.47
"40009",0,0,0,0,0.0769101898197904,28.19
"40011",0,0,0,0,0.0608999145741328,14.09
"40013",0,0,0,0,0.0983280816309235,46.64
"40015",0,0,0,0,0.0692168307258235,20.71
"40017",0.000209753539590981,0.829330404998214,1,0,0.193624008661363,85.65
"40019",0,0,0,0,0.145032375575137,72.67
"40021",0,0,0,0,0.0694183575309365,20.9
"40023",0,0,0,0,0.0665760135641197,18.8
"40025",0,0,0,0,0.0409295577231523,2.77
"40027",2.75373360381117e-05,0.108878019858889,1,0,0.200652299623179,86.89
"40029",0,0,0,0,0.0611032911430039,14.25
"40031",0,0,0,0,0.103519460844757,50.87
"40033",0,0,0,0,0.0383450498086325,2
"40035",0,0,0,0,0.093203584477509,42.83
"40037",0,0,0,0,0.147241318553076,73.75
"40039",0,0,0,0,0.101522382565499,49.25
"40041",0,0,0,0,0.133524388390434,68.25
"40043",0,0,0,0,0.050014833921602,6.78
"40045",0,0,0,0,0.0369706885813237,1.88
"40047",0,0,0,0,0.145582177289754,72.96
"40049",0,0,0,0,0.0993934559178219,47.41
"40051",0,0,0,0,0.1456121950251,73.02
"40053",0,0,0,0,0.0556031494267319,9.74
"40055",0,0,0,0,0.0434199875699744,3.44
"40057",0,0,0,0,0.0621328425217989,14.95
"40059",0,0,0,0,0.0474616464473289,5.54
"40061",0,0,0,0,0.0854932008057801,36.08
"40063",0,0,0,0,0.0715189801968553,23.32
"40065",0,0,0,0,0.0738091370569835,25.52
"40067",0,0,0,0,0.05880187459113,12.41
"40069",0,0,0,0,0.0565176195583758,10.24
"40071",0.00031333228889237,1.23886345161491,1,1,0.128894147442646,66.08
"40073",0,0,0,0,0.089940620443057,40.06
"40075",0,0,0,0,0.0623902659748648,15.24
"40077",0,0,0,0,0.0548449856872902,9.48
"40079",0,0,0,0,0.111100738657575,56
"40081",0,0,0,0,0.0983451245109758,46.68
"40083",0,0,0,0,0.152047137614631,75.6
"40085",0,0,0,0,0.040671976696287,2.74
"40087",0,0,0,0,0.119037962073622,60.74
"40089",0,0,0,0,0.0944610436012635,44.13
"40091",0,0,0,0,0.0855622372529498,36.27
"40093",0,0,0,0,0.0704785353720873,22.27
"40095",0,0,0,0,0.06979626385006,21.35
"40097",0,0,0,0,0.112987940803782,57.49
"40099",0,0,0,0,0.0755560880869212,26.73
"40101",0,0,0,0,0.128600981504207,65.99
"40103",0,0,0,0,0.0476052579931139,5.63
"40105",0,0,0,0,0.0756894081640617,26.85
"40107",0,0,0,0,0.0578255066966002,11.58
"40109",0.000260557053009883,1.03019899792489,1,1,0.272169911120409,95.55
"40111",0.000254129606099111,1.0047859481141,1,1,0.101764565420727,49.44
"40113",0.000102997219075085,0.407233773388504,1,0,0.103360334061292,50.78
"40115",0,0,0,0,0.0939092968391674,43.49
"40117",0,0,0,0,0.0864872580309271,37.23
"40119",2.31069621276891e-05,0.0913610625928088,1,0,0.128511325826821,65.89
"40121",0,0,0,0,0.11263821993348,57.08
"40123",0,0,0,0,0.109462476710084,54.53
"40125",0,0,0,0,0.139033119986164,70.47
"40127",0,0,0,0,0.0889308086341505,38.98
"40129",0,0,0,0,0.061903180623482,14.76
"40131",0.000196177344319265,0.775652400112183,1,0,0.152524698969978,75.91
"40133",0,0,0,0,0.0783326478115464,30
"40135",0,0,0,0,0.107918661447383,53.36
"40137",0.00117116589564912,4.63059402216898,1,1,0.123651969286614,63.38
"40139",0,0,0,0,0.0560345410730576,10.02
"40141",0,0,0,0,0.0574040547729026,11.1
"40143",9.63941363446862e-05,0.381126288929759,1,0,0.317075508882337,98.22
"40145",6.5599580162687e-05,0.259369765535882,1,0,0.150749092393732,74.93
"40147",0,0,0,0,0.137622069641374,70.16
"40149",0,0,0,0,0.079603677888782,30.93
"40151",0,0,0,0,0.0682796490484809,19.79
"40153",0,0,0,0,0.10928848262388,54.41
"41001",0,0,0,0,0.123087252601803,62.9
"41003",0.000156442060565426,0.618545735630862,1,0,0.161919774973347,78.14
"41005",8.0731834075898e-05,0.319200165970845,1,0,0.330431144744852,98.66
"41007",4.59918134572046e-05,0.181843936247481,1,0,0.155984179235999,76.71
"41009",7.17720519629656e-05,0.283774686415631,1,0,0.174632658932879,81.71
"41011",3.81723098064664e-05,0.150926926969843,1,0,0.160368946136239,77.82
"41013",0.000449943757030371,1.77900234233025,1,1,0.164197163827147,78.59
"41015",0.000126167045167802,0.498843389582259,1,0,0.145666465450996,73.05
"41017",8.37840605479478e-05,0.331268158821632,1,0,0.299497549584788,97.39
"41019",0.000116344005956813,0.46000473587921,1,0,0.155572912496874,76.52
"41021",0,0,0,0,0.0523683399495086,7.99
"41023",0,0,0,0,0.0810502758247118,32.23
"41025",0,0,0,0,0.0798645590431175,31.12
"41027",6.44496004124774e-05,0.254822937988463,1,0,0.136924438734142,69.81
"41029",4.81848757312055e-05,0.190514937592346,1,0,0.267534566932189,95.32
"41031",0,0,0,0,0.102219824862209,49.86
"41033",5.57833375170836e-05,0.220557984315342,1,0,0.186003109004669,84.28
"41035",3.6652860755782e-05,0.144919279618407,1,0,0.159522707258335,77.66
"41037",0,0,0,0,0.062438254135065,15.27
"41039",0.00014785748812875,0.584603772365172,1,0,0.285085752138058,96.56
"41041",4.71386820024512e-05,0.186378462610964,1,0,0.146472431320472,73.37
"41043",5.49561266921907e-05,0.217287331101265,1,0,0.161830814011855,78.11
"41045",6.75812664729337e-05,0.267205021682029,1,0,0.0979176785740075,46.36
"41047",6.39901028640903e-05,0.253006161553401,1,0,0.204828422846037,87.69
"41049",0,0,0,0,0.0528003845723354,8.27
"41051",0.000143300607057197,0.566586626947892,1,0,0.367396445625649,99.52
"41053",7.85021784354516e-05,0.310384480576911,1,0,0.154224212218457,76.23
"41055",0,0,0,0,0.0602717613446809,13.59
"41057",8.70776732845698e-05,0.344290552580023,1,0,0.112267906895558,56.89
"41059",2.67265341030575e-05,0.105672244650123,1,0,0.130159956066811,66.62
"41061",0,0,0,0,0.120088981570501,61.28
"41063",0,0,0,0,0.135573359971714,69.14
"41065",0,0,0,0,0.116197814234088,59.08
"41067",7.10469057592398e-05,0.280907579638832,1,0,0.288234171479221,96.72
"41069",0,0,0,0,0.0749924013526972,26.28
"41071",4.37177581533619e-05,0.172852702012284,1,0,0.181828888010756,83.46
"42001",0.000130323724130741,0.515278202813557,1,0,0.174610849478929,81.67
"42003",0.00013311944579282,0.526332018557482,1,0,0.284557837271087,96.47
"42005",5.60192706290964e-05,0.221490824370007,1,0,0.165488144665903,79.06
"42007",3.58057181731923e-05,0.141569819568863,1,0,0.20229990930356,87.27
"42009",5.24906829037846e-05,0.207539378816282,1,0,0.12128772148443,62.04
"42011",1.55633141558718e-05,0.0615347405205771,1,0,0.253306573195405,94.15
"42013",1.58405803988658e-05,0.0626310048603492,1,0,0.201858112096467,87.18
"42015",0,0,0,0,0.120437220878001,61.41
"42017",0.000465731295840336,1.84142362962163,1,1,0.375691469121674,99.59
"42019",0.000164249124860132,0.649413561775777,1,0,0.231034940894828,91.5
"42021",7.67224182906245e-05,0.303347606707763,1,0,0.189652835024466,84.89
"42023",0,0,0,0,0.0595261843773587,12.95
"42025",0,0,0,0,0.12532852644387,64.4
"42027",4.93918626906217e-05,0.195287162107995,1,0,0.147825603422691,74.01
"42029",0.000305118180076492,1.20638623952945,1,1,0.354491165385222,99.11
"42031",0,0,0,0,0.119742831724601,61.12
"42033",3.12080641637799e-05,0.123391464776363,1,0,0.14160419829051,71.49
"42035",0,0,0,0,0.127097843649253,65.35
"42037",0,0,0,0,0.144869858344749,72.64
"42039",3.08870768470472e-05,0.122122334625308,1,0,0.177166567075058,82.44
"42041",0.000151893384052515,0.600561029665879,1,0,0.175408424727008,81.9
"42043",2.928143361899e-05,0.115773889916323,1,0,0.197897551222812,86.41
"42045",0.000189276480585066,0.748367539381438,1,0,0.276882013332317,95.99
"42047",0,0,0,0,0.108043098237373,53.52
"42049",4.61613029797121e-05,0.182514069464867,1,0,0.228751800902149,91.19
"42051",0,0,0,0,0.171505681106435,80.85
"42053",0,0,0,0,0.0894865848780853,39.45
"42055",0,0,0,0,0.164934250291558,78.75
"42057",0,0,0,0,0.0823941806342373,33.5
"42059",0,0,0,0,0.0778777608714371,29.05
"42061",0,0,0,0,0.110352189111519,55.49
"42063",0,0,0,0,0.151422726209012,75.28
"42065",0,0,0,0,0.132650365020499,67.93
"42067",0,0,0,0,0.11084064489432,55.84
"42069",9.21608021676221e-06,0.0364388393805779,1,0,0.211352865313793,88.48
"42071",0.000161552023263491,0.638749673272037,1,0,0.327527797667895,98.6
"42073",0,0,0,0,0.174454871075665,81.64
"42075",1.67020192741302e-05,0.0660369900594422,1,0,0.176750155528526,82.31
"42077",0.000160268151512931,0.633673459154583,1,0,0.239379894171543,92.65
"42079",6.36829100542578e-06,0.025179157257489,1,0,0.228450885492361,91.15
"42081",1.83200512961436e-05,0.0724344179871574,1,0,0.206726907800603,87.85
"42083",0,0,0,0,0.112310894769567,56.92
"42085",0,0,0,0,0.177937925154003,82.69
"42087",0,0,0,0,0.138033073162989,70.25
"42089",1.5782081025204e-05,0.0623997081234946,1,0,0.166897943425442,79.51
"42091",0.000262799789760168,1.03906640383873,1,1,0.36557036006062,99.43
"42093",0,0,0,0,0.0577443530808001,11.42
"42095",3.70019537031555e-05,0.146299534731106,1,0,0.236065620797989,92.17
"42097",3.29760923330585e-05,0.130381952376883,1,0,0.155556270419298,76.49
"42099",0,0,0,0,0.124908948248878,64.17
"42101",6.43307988648088e-05,0.254353216543787,1,0,0.232087919393794,91.76
"42103",6.84603272403642e-05,0.270680680894707,1,0,0.126803512467513,65.16
"42105",0,0,0,0,0.0950476483637419,44.51
"42107",1.81192244971915e-05,0.0716403824212536,1,0,0.169414103472134,80.21
"42109",0,0,0,0,0.126358814457757,64.97
"42111",0,0,0,0,0.17122685016668,80.66
"42113",0,0,0,0,0.0887102448534517,38.78
"42115",0,0,0,0,0.151775472374203,75.5
"42117",0,0,0,0,0.121405389567549,62.14
"42119",0,0,0,0,0.109428469569011,54.5
"42121",0,0,0,0,0.15520727243111,76.42
"42123",6.77690431011114e-05,0.267947459055908,1,0,0.115994388671929,58.96
"42125",9.41028858218319e-05,0.37206706767525,1,0,0.235028975037863,92.08
"42127",0,0,0,0,0.165867860184869,79.22
"42129",4.89120561230907e-05,0.193390087208819,1,0,0.266814156166032,95.26
"42131",0,0,0,0,0.11018038989229,55.27
"42133",6.43605776609386e-05,0.254470956921865,1,0,0.2548433637081,94.34
"44001",0.000216602588400931,0.856410398186817,1,0,0.237125825825113,92.3
"44003",7.20244883260308e-05,0.284772777564059,1,0,0.246771553970693,93.35
"44005",5.96706181876044e-05,0.235927641767184,1,0,0.194313504120792,85.75
"44007",0.000117611738889559,0.465017139810959,1,0,0.28994501902383,96.82
"44009",8.89970037675398e-05,0.351879264216884,1,0,0.223118193051195,90.39
"45001",0,0,0,0,0.110395702835206,55.58
"45003",5.37894680221613e-05,0.212674557895164,1,0,0.14545193167482,72.89
"45005",0,0,0,0,0.0580272226641261,11.74
"45007",4.82322866927121e-05,0.190702392602565,1,0,0.194572491464766,85.84
"45009",0,0,0,0,0.0829654332550917,33.98
"45011",0.000168833361472227,0.667538866423938,1,0,0.078279204449636,29.88
"45013",6.62734442308967e-05,0.262034111328053,1,0,0.218947732374628,89.82
"45015",7.73624560001032e-05,0.305878208736464,1,0,0.224402452572922,90.61
"45017",0,0,0,0,0.0781954078755932,29.59
"45019",0.000126936173318651,0.501884393620059,1,0,0.287887644722349,96.69
"45021",0,0,0,0,0.136412016584009,69.42
"45023",0,0,0,0,0.116436160897429,59.27
"45025",0,0,0,0,0.0936345851189129,43.18
"45027",0,0,0,0,0.110507565700295,55.68
"45029",0,0,0,0,0.13203698177325,67.45
"45031",0,0,0,0,0.111015593380301,55.93
"45033",0,0,0,0,0.0822751385281817,33.38
"45035",4.13890153553247e-05,0.163645242573941,1,0,0.20059061006678,86.83
"45037",0,0,0,0,0.0971642901866142,45.88
"45039",0,0,0,0,0.102592209642939,50.27
"45041",0,0,0,0,0.159137444197749,77.51
"45043",3.38822253845633e-05,0.133964650871755,1,0,0.15355560808897,76.07
"45045",8.16635160680529e-05,0.322883880702859,1,0,0.298630570921536,97.33
"45047",3.23060024552562e-05,0.127732529102183,1,0,0.14138543503099,71.4
"45049",0,0,0,0,0.102328284109993,50.02
"45051",3.04569764750314e-05,0.120421789707643,1,0,0.249358217689226,93.76
"45053",0,0,0,0,0.136173636144369,69.3
"45055",4.62470517504509e-05,0.182853105759098,1,0,0.16495183347001,78.78
"45057",6.09106136744328e-05,0.240830376478087,1,0,0.191295934515726,85.11
"45059",4.34896059841698e-05,0.171950626503826,1,0,0.117495884212747,59.88
"45061",0,0,0,0,0.0983761431628524,46.74
"45063",5.42862377601498e-05,0.214638702332489,1,0,0.257150046173922,94.59
"45065",0,0,0,0,0.108817085476776,53.99
"45067",0,0,0,0,0.0964033875421938,45.34
"45069",0.000306983883346124,1.2137629181363,1,1,0.0895973919281925,39.52
"45071",0,0,0,0,0.097564324695782,46.2
"45073",3.4479191807744e-05,0.136324956240009,1,0,0.169301869101708,80.18
"45075",3.12412134087288e-05,0.123522531345215,1,0,0.140747764442673,71.11
"45077",4.15705348049303e-05,0.164362940110535,1,0,0.150323907967178,74.83
"45079",5.74244007763779e-05,0.227046473902274,1,0,0.226487213692668,90.8
"45081",0,0,0,0,0.0672285833835559,19.12
"45083",2.2963430736552e-05,0.0907935634842181,1,0,0.233078938885603,91.89
"45085",2.14468012095996e-05,0.0847970640579275,1,0,0.143214040694945,72.13
"45087",0,0,0,0,0.0776126983960356,28.79
"45089",0,0,0,0,0.0792470012798745,30.7
"45091",9.28661882650908e-05,0.367177372428188,1,0,0.281209009739735,96.15
"46003",0,0,0,0,0.0409965125904345,2.83
"46005",9.8941327792619e-05,0.391197457784603,1,0,0.0983473781681473,46.71
"46007",0,0,0,0,0.0445397576468505,4.1
"46009",0,0,0,0,0.0665517902714756,18.77
"46011",0,0,0,0,0.119772379763981,61.15
"46013",0,0,0,0,0.150063123332354,74.8
"46015",0,0,0,0,0.0723507944110393,24.12
"46017",0,0,0,0,0.0385208448011221,2.1
"46019",0,0,0,0,0.118536888193471,60.39
"46021",0,0,0,0,0.0467887545673792,5.09
"46023",0,0,0,0,0.0779164207954697,29.11
"46025",0,0,0,0,0.0418712682543437,3.02
"46027",0,0,0,0,0.0666868608748876,18.87
"46029",0,0,0,0,0.151733967494727,75.47
"46031",0,0,0,0,0.0346762896335722,1.34
"46033",0,0,0,0,0.119526733687376,61.06
"46035",0.000358783008036739,1.41856799147136,1,1,0.146615453292262,73.46
"46037",0,0,0,0,0.0727801732094146,24.56
"46039",0,0,0,0,0.064788284460627,17.4
"46041",0,0,0,0,0.0463226190240606,4.93
"46043",0,0,0,0,0.0486237048021827,6.2
"46045",0,0,0,0,0.054884547058855,9.51
"46047",0,0,0,0,0.0815064753005107,32.61
"46049",0,0,0,0,0.047892083602132,5.85
"46051",0,0,0,0,0.0661105712443215,18.58
"46053",0,0,0,0,0.0730875307712298,25.01
"46055",0,0,0,0,0.0551575941337857,9.58
"46057",0,0,0,0,0.0503523541324788,6.97
"46059",0,0,0,0,0.049822703328775,6.71
"46061",0,0,0,0,0.0631907516480694,16
"46063",0,0,0,0,0.0356082246516847,1.5
"46065",0,0,0,0,0.114942343862172,58.48
"46067",0,0,0,0,0.0571621282509989,10.88
"46069",0,0,0,0,0.0336684304843225,1.18
"46071",0,0,0,0,0.0406711062468635,2.7
"46073",0,0,0,0,0.0308421034214805,0.7
"46075",0,0,0,0,0.0409420658716807,2.8
"46077",0,0,0,0,0.0586315686367538,12.22
"46079",0,0,0,0,0.092311807766325,42.03
"46081",0,0,0,0,0.156782688221815,76.87
"46083",0.000346360330196848,1.36945080153403,1,1,0.190642730972757,85.01
"46085",0,0,0,0,0.0426874621003841,3.25
"46087",0,0,0,0,0.0748526994403884,26.12
"46089",0,0,0,0,0.0388630492574712,2.23
"46091",0,0,0,0,0.0474451063460243,5.47
"46093",0,0,0,0,0.145752208138215,73.08
"46095",0,0,0,0,0.029336504079328,0.51
"46097",0,0,0,0,0.056220185302965,10.09
"46099",5.27913422198759e-05,0.208728135453556,1,0,0.239529235663825,92.68
"46101",0,0,0,0,0.0532425958233371,8.53
"46102",0,0,0,0,0.0338305886383194,1.21
"46103",0.000152360901422497,0.602409515133854,1,0,0.232985258131286,91.85
"46105",0,0,0,0,0.0607740097120592,14
"46107",0,0,0,0,0.0475719673795165,5.6
"46109",0,0,0,0,0.0599429306828656,13.27
"46111",0,0,0,0,0.0364425497584226,1.65
"46115",0,0,0,0,0.0457453280346103,4.58
"46117",0,0,0,0,0.0659801456120976,18.52
"46119",0,0,0,0,0.0366288238729158,1.75
"46121",0,0,0,0,0.0298268242834091,0.54
"46123",0,0,0,0,0.0702434465971771,21.95
"46125",0,0,0,0,0.070863672143231,22.78
"46127",0,0,0,0,0.128954787801933,66.15
"46129",0,0,0,0,0.0776989241611823,28.92
"46135",0.000205437238923509,0.812264474250973,1,0,0.128227991347609,65.7
"46137",0,0,0,0,0.033381365093925,1.11
"47001",2.01102039174677e-05,0.0795123819697741,1,0,0.124416788884644,63.89
"47003",0,0,0,0,0.118232062595721,60.23
"47005",0,0,0,0,0.112788575911803,57.24
"47007",0,0,0,0,0.100130238977175,48.14
"47009",3.14080216087189e-05,0.124182063061936,1,0,0.189833786266837,84.95
"47011",2.09222529081932e-05,0.0827230878280397,1,0,0.171379433473448,80.72
"47013",0,0,0,0,0.12743894012496,65.45
"47015",0,0,0,0,0.117960129175376,60.01
"47017",0,0,0,0,0.102991486354309,50.52
"47019",6.97252823873937e-05,0.275682101926439,1,0,0.122218755830568,62.49
"47021",8.41892574507493e-05,0.332870239588229,1,0,0.132294234145712,67.67
"47023",0,0,0,0,0.0942424646122419,43.91
"47025",0,0,0,0,0.0934272133281347,42.95
"47027",0,0,0,0,0.0816704949021456,32.83
"47029",0,0,0,0,0.0977259812020152,46.26
"47031",0.000981221451531044,3.87958546672443,1,1,0.159116325276218,77.44
"47033",0,0,0,0,0.0746957958586882,25.96
"47035",4.3271311120727e-05,0.171087525133232,1,0,0.149554168815509,74.45
"47037",2.9004236229836e-05,0.114677897813116,1,0,0.31263691144554,98.19
"47039",0,0,0,0,0.117659864004942,59.91
"47041",0,0,0,0,0.0881646325027907,38.34
"47043",4.62984397425807e-05,0.183056285283068,1,0,0.151205599707673,75.15
"47045",0,0,0,0,0.0961972932777932,45.08
"47047",0,0,0,0,0.160159175871977,77.76
"47049",0,0,0,0,0.0859620657867872,36.68
"47051",0,0,0,0,0.11181912128324,56.51
"47053",5.77500577500577e-05,0.228334067095691,1,0,0.123140039201765,62.97
"47055",0,0,0,0,0.111240844338744,56.16
"47057",0,0,0,0,0.0937450749266765,43.37
"47059",3.52112676056338e-05,0.139219461472852,1,0,0.131782870808941,67.36
"47061",0,0,0,0,0.0899157694435067,39.99
"47063",2.69905533063428e-05,0.106716132411039,1,0,0.136780791594555,69.68
"47065",5.66643326358224e-05,0.224041291629487,1,0,0.276141003302182,95.96
"47067",0,0,0,0,0.0688325619808035,20.46
"47069",0,0,0,0,0.0834529432329871,34.58
"47071",0,0,0,0,0.114699724143028,58.38
"47073",7.14796283059328e-05,0.282618492196496,1,0,0.0982707689711484,46.58
"47075",0,0,0,0,0.0609237457163793,14.19
"47077",0,0,0,0,0.096219137517366,45.18
"47079",0,0,0,0,0.132237424887412,67.55
"47081",0,0,0,0,0.117868206622666,59.94
"47083",0,0,0,0,0.110367210761752,55.52
"47085",0.000145201103528387,0.574100872052996,1,0,0.0911181883613752,40.92
"47087",0,0,0,0,0.102136404697241,49.76
"47089",5.94035879767138e-05,0.23487184898592,1,0,0.108831405537282,54.02
"47091",0,0,0,0,0.0890514602833647,39.1
"47093",4.07772136929884e-05,0.161226281151915,1,0,0.280268148876984,96.05
"47095",0,0,0,0,0.0540437875184465,8.94
"47097",0,0,0,0,0.0647803816526391,17.37
"47099",0,0,0,0,0.119015179336709,60.71
"47101",0,0,0,0,0.0999490586864533,48.04
"47103",0,0,0,0,0.104949372140164,51.73
"47105",0,0,0,0,0.137337345997285,70.06
"47107",0,0,0,0,0.122110125105759,62.42
"47109",0,0,0,0,0.120103661879566,61.31
"47111",0,0,0,0,0.0936736117902001,43.3
"47113",0,0,0,0,0.170012630050434,80.31
"47115",0,0,0,0,0.105474334305718,52.02
"47117",0,0,0,0,0.120778195577303,61.63
"47119",2.07219528368353e-05,0.0819311348549253,1,0,0.186417645598953,84.35
"47121",0,0,0,0,0.0677650528776404,19.54
"47123",0,0,0,0,0.100918943678743,48.58
"47125",0.00625169147496617,24.7181422204735,1,1,0.202951284835101,87.4
"47127",0,0,0,0,0.0494866471785044,6.55
"47129",0,0,0,0,0.0687439356691702,20.33
"47131",0,0,0,0,0.1016512285303,49.35
"47133",0,0,0,0,0.118262736802137,60.29
"47135",0,0,0,0,0.0730064839157461,24.82
"47137",0,0,0,0,0.0991744830639897,47.25
"47139",0,0,0,0,0.100894286475813,48.55
"47141",2.23533619456366e-05,0.0883814535458911,1,0,0.165958755237314,79.26
"47143",0,0,0,0,0.072997906787262,24.79
"47145",0,0,0,0,0.0946979156303653,44.32
"47147",0,0,0,0,0.146694837154317,73.53
"47149",3.55008579374002e-05,0.140364453197881,1,0,0.228050277663998,91.12
"47151",0,0,0,0,0.0895994269153102,39.55
"47153",0,0,0,0,0.0995676466449524,47.57
"47155",1.69021702386586e-05,0.0668283534890979,1,0,0.151982297182882,75.53
"47157",4.38770491953132e-05,0.173482512143697,1,0,0.271196077867629,95.48
"47159",0,0,0,0,0.0903374432336609,40.28
"47161",0,0,0,0,0.0790184074125852,30.48
"47163",0.000425800957407001,1.6835457515691,1,1,0.194982575824158,85.94
"47165",2.71120268951307e-05,0.107196418659283,1,0,0.247622399789718,93.48
"47167",0,0,0,0,0.13057770530216,66.82
"47169",0,0,0,0,0.0754454685960171,26.63
"47171",0,0,0,0,0.0782064257491532,29.65
"47173",0,0,0,0,0.112884672898626,57.33
"47175",0,0,0,0,0.0959226589792522,45.05
"47177",0,0,0,0,0.123777592464812,63.51
"47179",0.000195200847729396,0.771791495958029,1,0,0.182033569032011,83.58
"47181",0,0,0,0,0.0794353510425227,30.83
"47183",0,0,0,0,0.10117266240044,49
"47185",0,0,0,0,0.108293894182434,53.71
"47187",0.00015214643509199,0.601561551141997,1,0,0.302315359097926,97.71
"47189",2.68737738840665e-05,0.106254406111875,1,0,0.185977412134107,84.25
"48001",0.00242781583282754,9.59917764356296,1,1,0.16317968428279,78.43
"48003",0,0,0,0,0.0720063599432446,23.83
"48005",0,0,0,0,0.151585390471502,75.37
"48007",0,0,0,0,0.153594693323337,76.11
"48009",0,0,0,0,0.0740587632458548,25.61
"48011",0,0,0,0,0.0640468922784408,16.58
"48013",0,0,0,0,0.103064937409026,50.59
"48015",0.000518067607822821,2.04835265164045,1,1,0.192158714740961,85.36
"48017",0,0,0,0,0.0560127636501671,9.96
"48019",0,0,0,0,0.12986085296495,66.59
"48021",3.58089235837571e-05,0.14158249322599,1,0,0.178925948229709,82.82
"48023",0,0,0,0,0.0696533406589943,21.06
"48025",0,0,0,0,0.0892320143111013,39.26
"48027",0.00010085502650246,0.398763902332675,1,0,0.131871573749496,67.39
"48029",3.63043308274036e-05,0.143541250588624,1,0,0.251673400990708,93.99
"48031",0,0,0,0,0.132276361781633,67.64
"48033",0,0,0,0,0.0636678635738074,16.29
"48035",0.00293197810789679,11.5925509357769,1,1,0.10914199791111,54.31
"48037",0,0,0,0,0.166790990411547,79.48
"48039",7.02745627165335e-05,0.27785386445646,1,0,0.196993763002684,86.32
"48041",0.000617500526278858,2.44149377666796,1,1,0.171332536245814,80.69
"48043",0,0,0,0,0.0944862885772555,44.16
"48045",0,0,0,0,0.0640260063814795,16.54
"48047",0,0,0,0,0.0525161027028291,8.11
"48049",0,0,0,0,0.122329282807126,62.58
"48051",0,0,0,0,0.107939690821814,53.42
"48053",0,0,0,0,0.19317386181193,85.62
"48055",0,0,0,0,0.124866040381603,64.14
"48057",0,0,0,0,0.0720865220243258,23.96
"48059",0,0,0,0,0.116100496489819,59.02
"48061",5.65841292834186e-06,0.0223724180991636,1,0,0.162543835622172,78.33
"48063",0,0,0,0,0.079422810636625,30.8
"48065",0,0,0,0,0.0330890019985102,0.99
"48067",0,0,0,0,0.0877027758664002,38.05
"48069",0.00109289617486339,4.32112864025026,1,1,0.0567938169116757,10.56
"48071",0,0,0,0,0.102760976021001,50.4
"48073",0,0,0,0,0.118034769296005,60.04
"48075",0,0,0,0,0.075705674271787,26.89
"48077",0,0,0,0,0.0826651836644045,33.63
"48079",0,0,0,0,0.0760511736617432,27.2
"48081",0,0,0,0,0.062456851425792,15.3
"48083",0,0,0,0,0.0893163923092685,39.33
"48085",0.000621798670357412,2.45848791930011,1,1,0.29701086267764,97.14
"48087",0,0,0,0,0.0657410062761006,18.36
"48089",0,0,0,0,0.10766670225809,53.26
"48091",8.05115936694884e-05,0.318329372248837,1,0,0.248490072924046,93.64
"48093",0,0,0,0,0.0812161710681083,32.33
"48095",0,0,0,0,0.0658617515957205,18.39
"48097",0,0,0,0,0.120498872276743,61.5
"48099",0,0,0,0,0.121461334800711,62.17
"48101",0,0,0,0,0.109051023084361,54.25
"48103",0,0,0,0,0.0515493062693702,7.48
"48105",0,0,0,0,0.0660811418359757,18.55
"48107",0,0,0,0,0.0674636580328775,19.28
"48109",0,0,0,0,0.050735301123481,7.13
"48111",0,0,0,0,0.0601620592098729,13.39
"48113",0.000191439942448367,0.756921505654373,1,0,0.400160560998269,99.81
"48115",0,0,0,0,0.076905027497554,28.16
"48117",0,0,0,0,0.0531718304430331,8.5
"48119",0,0,0,0,0.0782468434059654,29.78
"48121",0.000170830428756823,0.675434936369515,1,0,0.300780371471219,97.55
"48123",0,0,0,0,0.0835130545315134,34.65
"48125",0,0,0,0,0.0816085540628962,32.77
"48127",0,0,0,0,0.0673239290597919,19.22
"48129",0,0,0,0,0.0687643762359773,20.36
"48131",0,0,0,0,0.0572214730612062,10.98
"48133",0,0,0,0,0.101182975526198,49.03
"48135",1.1341468947058e-05,0.0448422708550218,1,0,0.15986449733811,77.73
"48137",0.04,158.153308233159,1,1,0.0964221305906796,45.37
"48139",0.000134629365357172,0.532301987914185,1,0,0.208774361839775,88.16
"48141",4.21928361528076e-05,0.166823415532654,1,0,0.203635717002959,87.53
"48143",0,0,0,0,0.128945719109124,66.12
"48145",0,0,0,0,0.0752367571248021,26.54
"48147",0,0,0,0,0.109575755121275,54.69
"48149",0,0,0,0,0.139950856615369,70.89
"48151",0,0,0,0,0.0574507076137865,11.14
"48153",0,0,0,0,0.050266484276371,6.84
"48155",0,0,0,0,0.0683134764738752,19.89
"48157",6.03051440287857e-05,0.23843645079074,1,0,0.247053440003672,93.38
"48159",0,0,0,0,0.0577569477225521,11.45
"48161",0,0,0,0,0.0821390906367324,33.18
"48163",0,0,0,0,0.0534295452978475,8.69
"48165",0,0,0,0,0.101076770727862,48.81
"48167",6.97043837086914e-05,0.275599472047077,1,0,0.173232658498396,81.26
"48169",0,0,0,0,0.0614374529253363,14.54
"48171",0,0,0,0,0.173155627755901,81.23
"48173",0.00219619326500732,8.68338075950729,1,1,0.0706238060652669,22.49
"48175",0,0,0,0,0.0763580285389074,27.68
"48177",0,0,0,0,0.061023635888051,14.22
"48179",0,0,0,0,0.0851797561374551,35.79
"48181",1.68990283058724e-05,0.0668159308124881,1,0,0.182979851446074,83.71
"48183",1.21326830215234e-05,0.0479705989399552,1,0,0.203186379992195,87.46
"48185",0,0,0,0,0.112144876137572,56.79
"48187",1.78574617403882e-05,0.0706054162722368,1,0,0.173572645621475,81.36
"48189",0,0,0,0,0.0913819152101073,41.17
"48191",0,0,0,0,0.0809051859870228,32.1
"48193",0,0,0,0,0.0625950568951993,15.53
"48195",0,0,0,0,0.057878393453618,11.61
"48197",0,0,0,0,0.0518730206491295,7.6
"48199",0,0,0,0,0.125774550043891,64.56
"48201",0.000206650432965401,0.817061240532323,1,0,0.34795979770437,98.98
"48203",0,0,0,0,0.140220274550566,70.95
"48205",0,0,0,0,0.0446242699154297,4.17
"48207",0,0,0,0,0.0725432452068055,24.4
"48209",7.29228385214894e-05,0.288324703948151,1,0,0.238777220657025,92.52
"48211",0,0,0,0,0.0683783271625747,19.98
"48213",0,0,0,0,0.158194352340001,77.25
"48215",2.62827439184651e-05,0.103917572503755,1,0,0.168841663284099,80.08
"48217",0,0,0,0,0.111946637055815,56.7
"48219",0,0,0,0,0.0625857294958712,15.49
"48221",0,0,0,0,0.180956037963068,83.23
"48223",0,0,0,0,0.126208221234486,64.91
"48225",0,0,0,0,0.172033277788225,80.91
"48227",0,0,0,0,0.115614647993271,58.77
"48229",0,0,0,0,0.0502909831069271,6.87
"48231",0,0,0,0,0.144225818262819,72.35
"48233",0,0,0,0,0.0642677093112805,16.86
"48235",0,0,0,0,0.0438907178828121,3.66
"48237",0,0,0,0,0.0773462305763701,28.48
"48239",0,0,0,0,0.0632138705728389,16.04
"48241",0,0,0,0,0.0973840673103108,46.07
"48243",0,0,0,0,0.0637496245833671,16.35
"48245",7.27304464194801e-06,0.0287564017762883,1,0,0.192352165494451,85.43
"48247",0,0,0,0,0.0528439726593233,8.34
"48249",0,0,0,0,0.0724801690583772,24.37
"48251",0.00015479004840707,0.612013955928724,1,0,0.203042870330742,87.43
"48253",0,0,0,0,0.0833784334309074,34.36
"48255",0,0,0,0,0.0645682033715328,17.21
"48257",1.89926308592266e-05,0.0750936850609471,1,0,0.19489712641634,85.91
"48259",4.15144470275656e-05,0.164141178421994,1,0,0.198300125818828,86.57
"48261",0,0,0,0,0.0166120527543684,0.06
"48263",0,0,0,0,0.0644860528664591,17.09
"48265",0.000173032832980058,0.684142874218798,1,0,0.165790396331555,79.19
"48267",0,0,0,0,0.092738905646451,42.38
"48269",0,0,0,0,0.0373001198137555,1.91
"48271",0,0,0,0,0.0411462185875534,2.86
"48273",0,0,0,0,0.09007651852888,40.18
"48275",0,0,0,0,0.0440845965392859,3.85
"48277",0,0,0,0,0.129055764043234,66.24
"48279",0,0,0,0,0.0520530595910921,7.73
"48281",0,0,0,0,0.108261565337379,53.67
"48283",0,0,0,0,0.0518207447700015,7.54
"48285",0,0,0,0,0.0924178564131854,42.16
"48287",0,0,0,0,0.0834288117650131,34.46
"48289",0,0,0,0,0.0669846931068386,18.96
"48291",0,0,0,0,0.12235184301449,62.62
"48293",0,0,0,0,0.068808086099299,20.43
"48295",0,0,0,0,0.0500954994545625,6.81
"48297",0,0,0,0,0.0639947422579108,16.51
"48299",0,0,0,0,0.123570682810348,63.35
"48301",0,0,0,0,0.018339581473642,0.13
"48303",4.63485994032618e-05,0.183254608189982,1,0,0.218955325049586,89.85
"48305",0,0,0,0,0.0686419517792619,20.2
"48307",0,0,0,0,0.0709916841809893,22.88
"48309",3.65951840737759e-05,0.144691235666727,1,0,0.208266833198936,88.07
"48311",0,0,0,0,0.0604762382088963,13.81
"48313",0,0,0,0,0.0587787544737765,12.38
"48315",0,0,0,0,0.0702268251187554,21.89
"48317",0,0,0,0,0.0601621738918407,13.43
"48319",0,0,0,0,0.0974380404107834,46.13
"48321",0,0,0,0,0.100746493177847,48.49
"48323",0,0,0,0,0.0999374424908482,48.01
"48325",7.43549706297866e-05,0.293987114717004,1,0,0.108953811297939,54.12
"48327",0,0,0,0,0.0745072145455634,25.87
"48329",7.65784737910174e-06,0.0302778474237392,1,0,0.136921603503314,69.77
"48331",0,0,0,0,0.102745457089253,50.33
"48333",0,0,0,0,0.0767107212406279,27.87
"48335",0,0,0,0,0.0505768333351074,7.03
"48337",0,0,0,0,0.11538060186041,58.67
"48339",9.01886069242303e-05,0.356590663750176,1,0,0.25614060028941,94.5
"48341",0,0,0,0,0.0494682642790262,6.52
"48343",0,0,0,0,0.0574856648424126,11.17
"48345",0,0,0,0,0.0855549136022365,36.24
"48347",0,0,0,0,0.129544479893988,66.43
"48349",0,0,0,0,0.13265415158094,67.96
"48351",0,0,0,0,0.0654276520662902,18.01
"48353",0,0,0,0,0.0776006612463112,28.76
"48355",0.000479360271928009,1.89531032102404,1,1,0.225260049379699,90.71
"48357",0,0,0,0,0.0614542961855101,14.57
"48359",0,0,0,0,0.0357306173052915,1.53
"48361",0,0,0,0,0.131101920819211,67.1
"48363",0,0,0,0,0.123457553970486,63.19
"48365",0,0,0,0,0.0926143059144461,42.22
"48367",1.95648771325716e-05,0.0773562510922872,1,0,0.235235067193699,92.11
"48369",0,0,0,0,0.0396843002693676,2.51
"48371",0,0,0,0,0.0831345570395248,34.14
"48373",6.46579593948015e-05,0.255646754547329,1,0,0.105930027823677,52.27
"48375",0,0,0,0,0.195540954048698,86
"48377",0,0,0,0,0.077395938080715,28.54
"48379",0.000338409475465313,1.33801445205719,1,1,0.108888563109649,54.06
"48381",4.49418003685228e-05,0.177692360155902,1,0,0.194808432171306,85.87
"48383",0,0,0,0,0.0565762324578988,10.31
"48385",0,0,0,0,0.0656848686455392,18.29
"48387",0,0,0,0,0.0700669940943423,21.73
"48389",0,0,0,0,0.070433499530266,22.21
"48391",0,0,0,0,0.0567233978044059,10.47
"48393",0,0,0,0,0.0701442048126959,21.79
"48395",0,0,0,0,0.0720276976500528,23.86
"48397",0.000205680906641436,0.81322789564347,1,0,0.217868970627083,89.69
"48399",0,0,0,0,0.0625735274052132,15.46
"48401",0,0,0,0,0.107310460257199,53.01
"48403",0,0,0,0,0.0755499527282674,26.69
"48405",0,0,0,0,0.0476555703278527,5.66
"48407",0,0,0,0,0.125589361355716,64.49
"48409",0,0,0,0,0.110115577934511,55.14
"48411",0,0,0,0,0.0716201037496545,23.45
"48413",0,0,0,0,0.0630937214396959,15.94
"48415",0,0,0,0,0.0703295426494408,22.05
"48417",0,0,0,0,0.0649908953393816,17.53
"48419",0,0,0,0,0.0767333253738751,27.9
"48421",0,0,0,0,0.0314143290205646,0.76
"48423",7.73150045229278e-06,0.0305690593534068,1,0,0.211434688345582,88.51
"48425",0,0,0,0,0.0788661952902373,30.42
"48427",0,0,0,0,0.093723593535958,43.33
"48429",0,0,0,0,0.0742010036331874,25.71
"48431",0,0,0,0,0.0441534149210423,3.95
"48433",0,0,0,0,0.0834350466180416,34.52
"48435",0,0,0,0,0.0494969492403717,6.59
"48437",0,0,0,0,0.0628251325956526,15.78
"48439",0.000112371778933742,0.444299214760415,1,0,0.324706145622519,98.5
"48441",6.0681084492342e-05,0.239922856490994,1,0,0.178474737733224,82.76
"48443",0,0,0,0,0.052581868458133,8.15
"48445",0,0,0,0,0.0721000132570044,23.99
"48447",0,0,0,0,0.060588862186998,13.9
"48449",0,0,0,0,0.0895967761098573,39.48
"48451",1.66883615366643e-05,0.0659829896503619,1,0,0.174430110458237,81.61
"48453",0.00291349080774575,11.5194552437973,1,1,0.377483572364281,99.62
"48455",0,0,0,0,0.0928852357009247,42.67
"48457",0,0,0,0,0.0830764813896956,34.08
"48459",0,0,0,0,0.101071679115766,48.78
"48461",0,0,0,0,0.0300574957360206,0.6
"48463",0,0,0,0,0.114225527925845,58.03
"48465",0,0,0,0,0.0965830440436011,45.43
"48467",0,0,0,0,0.156563939404788,76.81
"48469",0,0,0,0,0.186650907707796,84.44
"48471",0,0,0,0,0.079965080646579,31.21
"48473",0,0,0,0,0.125097210313841,64.3
"48475",0,0,0,0,0.0706210389453738,22.46
"48477",0,0,0,0,0.135545260974891,69.04
"48479",8.16120002285136e-06,0.032268019569162,1,0,0.152285083052589,75.82
"48481",0,0,0,0,0.109023084463783,54.22
"48483",0,0,0,0,0.0661709216531763,18.61
"48485",0,0,0,0,0.153079604544274,76.01
"48487",0,0,0,0,0.062656243333658,15.59
"48489",0,0,0,0,0.068464797729616,20.11
"48491",0.000227104979276671,0.897935094720714,1,0,0.272756903390359,95.61
"48493",0,0,0,0,0.135408800698979,68.98
"48495",0,0,0,0,0.0481235900053008,5.98
"48497",0.000348149007775328,1.376522933444,1,1,0.167524716315955,79.7
"48499",0,0,0,0,0.143323136625555,72.16
"48501",0,0,0,0,0.0600493474283073,13.36
"48503",0,0,0,0,0.0973040635033611,46.01
"48505",0,0,0,0,0.0780925762317488,29.43
"48507",0,0,0,0,0.0591054115405314,12.6
"49001",0,0,0,0,0.0697259802599178,21.19
"49003",3.78601446257525e-05,0.149692678068716,1,0,0.121334174434618,62.07
"49005",0.000430484007519121,1.70206174826543,1,1,0.234188083710564,92.01
"49007",0,0,0,0,0.0922450704761624,41.97
"49009",0,0,0,0,0.065212614345693,17.79
"49011",0.000386126416562985,1.52667925439128,1,1,0.2758207417589,95.86
"49013",0,0,0,0,0.0968378422492,45.75
"49015",0,0,0,0,0.0566432418531078,10.4
"49017",0,0,0,0,0.0631547781924362,15.97
"49019",0,0,0,0,0.113757349368378,57.81
"49021",3.61297781631621e-05,0.142851098555856,1,0,0.184128208976186,83.9
"49023",0,0,0,0,0.0913840089499315,41.2
"49025",0.000224014336917563,0.885715211879253,1,0,0.0898459865282952,39.93
"49027",0,0,0,0,0.075114917963917,26.34
"49029",0.000523012552301255,2.0679041348478,1,1,0.13921730049514,70.66
"49031",0,0,0,0,0.0404457996984398,2.64
"49033",0,0,0,0,0.08407883256101,35.03
"49035",0.000415361785805324,1.64227101346862,1,1,0.441171602471014,99.94
"49037",0,0,0,0,0.0723896833353545,24.21
"49039",0,0,0,0,0.123721915081656,63.44
"49041",0,0,0,0,0.116343178643201,59.18
"49043",0.000339904826648538,1.34392682047212,1,1,0.220868283672324,90.14
"49045",0.000130701869036727,0.516773324510389,1,0,0.155862575709477,76.65
"49047",0,0,0,0,0.131557002091441,67.26
"49049",0.000990440224615625,3.91603495325387,1,1,0.361200671278793,99.27
"49051",0.000359221208420145,1.42030056247898,1,1,0.239890223646436,92.71
"49053",8.34437224244574e-05,0.329922518817935,1,0,0.265641518018563,95.1
"49055",0,0,0,0,0.0682818025091106,19.82
"49057",0.000174991440636056,0.691886881226969,1,0,0.222042386158578,90.3
"50001",0.000209467951403435,0.828201237081899,1,0,0.178915390114975,82.79
"50003",0.000155255395124981,0.61385385900155,1,0,0.188935839901791,84.76
"50005",7.79848709350386e-05,0.308339133262808,1,0,0.179045905979458,82.88
"50007",0.000555204400635495,2.1951853176528,1,1,0.298435610892198,97.3
"50009",0,0,0,0,0.0860457044699773,36.72
"50011",4.93437284121188e-05,0.195096847223378,1,0,0.131348637295299,67.2
"50013",0,0,0,0,0.145393054771432,72.86
"50015",0,0,0,0,0.174862931247232,81.8
"50017",0.000189609404626469,0.749683865344897,1,0,0.151578966953234,75.34
"50019",0,0,0,0,0.146693815119633,73.5
"50021",0.000103784681381028,0.41034726760835,1,0,0.19956240315077,86.73
"50023",0.000155408205553253,0.614458045870646,1,0,0.191486396195934,85.14
"50025",0.000290299838261519,1.14779699501526,1,1,0.218265602146066,89.76
"50027",0.000145687645687646,0.576024578355039,1,0,0.215250262217915,89.18
"51001",0,0,0,0,0.102426511879742,50.11
"51003",6.69568128557081e-05,0.264736036546969,1,0,0.167495672311212,79.67
"51005",0,0,0,0,0.103560902325712,50.94
"51007",0,0,0,0,0.11082936560609,55.81
"51009",0,0,0,0,0.10993153189654,54.98
"51011",0,0,0,0,0.0927977408067902,42.51
"51013",0.000267746909754417,1.05862648867165,1,1,0.174745368481151,81.77
"51015",2.99985000749963e-05,0.118609050722333,1,0,0.139544134315188,70.79
"51017",0,0,0,0,0.0779891353023502,29.3
"51019",0,0,0,0,0.195655864943953,86.03
"51021",0,0,0,0,0.058494466687008,12.09
"51023",0,0,0,0,0.135547961235548,69.11
"51025",0,0,0,0,0.0749970711499428,26.31
"51027",0,0,0,0,0.0676473706338283,19.47
"51029",0,0,0,0,0.0763278761197822,27.65
"51031",9.56846234810066e-05,0.378320993764136,1,0,0.137443905397627,70.09
"51033",0,0,0,0,0.0968143010273695,45.72
"51035",0,0,0,0,0.119112158159172,60.77
"51036",0,0,0,0,0.0848975623450336,35.51
"51037",0.00185471406491499,7.33322912982192,1,1,0.101028746614427,48.71
"51041",0.000265129327619694,1.04827700681719,1,1,0.24835683646781,93.6
"51043",0,0,0,0,0.123518575014601,63.28
"51045",0,0,0,0,0.0920801122261299,41.81
"51047",5.30250808632483e-05,0.209652298946338,1,0,0.142891658929556,71.87
"51049",0,0,0,0,0.0870863495939724,37.7
"51051",0,0,0,0,0.0535296273563265,8.75
"51053",0,0,0,0,0.0730165271413063,24.85
"51057",0.00147783251231527,5.84310252092954,1,1,0.116329398460849,59.15
"51059",0.000778803271250401,3.07925784527644,1,1,0.219843455357227,89.98
"51061",0.000213621960337523,0.8446254934658,1,0,0.202145539005941,87.21
"51063",0,0,0,0,0.115898469895599,58.92
"51065",0.00033112582781457,1.30921612775794,1,1,0.127811311130363,65.61
"51067",0,0,0,0,0.151642153026662,75.44
"51069",0.000138411497381716,0.547255905210591,1,0,0.151108208064509,75.12
"51071",0,0,0,0,0.0704239464616682,22.18
"51073",0.00043122035360069,1.70497313748555,1,1,0.176397732227252,82.18
"51075",4.94878012569901e-05,0.195666487149452,1,0,0.081330373086962,32.48
"51077",0,0,0,0,0.073619536957937,25.33
"51079",0,0,0,0,0.115536619757811,58.73
"51081",0,0,0,0,0.0537758509411732,8.78
"51083",7.5052536775743e-05,0.296745174559365,1,0,0.111873347319782,56.6
"51085",0.000153308395167719,0.606155746892283,1,0,0.211143651886492,88.45
"51087",0.000294393019507157,1.16398074889515,1,1,0.309369197152998,97.93
"51089",0,0,0,0,0.124253854213861,63.73
"51091",0,0,0,0,0.0745321130960727,25.9
"51093",8.5535882302626e-05,0.338194568970061,1,0,0.119521681420033,61.02
"51095",0.000242556545994785,0.959028004567094,1,0,0.168818930307807,80.05
"51097",0,0,0,0,0.101207676270826,49.06
"51099",0,0,0,0,0.0582534648895303,11.93
"51101",0,0,0,0,0.0996244023489729,47.6
"51103",0,0,0,0,0.126059907281518,64.72
"51105",0,0,0,0,0.0742167146081401,25.74
"51107",0.000186972145710585,0.739256584789535,1,0,0.244094644321836,93.1
"51109",0.000255819902788437,1.01146909844691,1,1,0.126466150765592,65
"51111",0,0,0,0,0.0852104181343786,35.86
"51113",0,0,0,0,0.1145387932244,58.26
"51115",0,0,0,0,0.0782493732032294,29.81
"51117",0.000309358081979892,1.22315010234462,1,1,0.127708626186655,65.54
"51119",0,0,0,0,0.0994752204214795,47.44
"51121",2.04666393778142e-05,0.080921668150409,1,0,0.13637048226499,69.39
"51125",0,0,0,0,0.0996426961936461,47.66
"51127",0,0,0,0,0.109317851212184,54.44
"51131",0,0,0,0,0.0753492180227232,26.57
"51133",0,0,0,0,0.103360881395067,50.81
"51135",0,0,0,0,0.0607057744830729,13.97
"51137",8.62663906142167e-05,0.341082876624309,1,0,0.118143334630921,60.13
"51139",0,0,0,0,0.102457481183934,50.21
"51141",0,0,0,0,0.0888761848410822,38.94
"51143",0,0,0,0,0.124480802362734,63.95
"51145",0,0,0,0,0.140814381350974,71.17
"51147",0,0,0,0,0.0945073703810475,44.19
"51149",0,0,0,0,0.0607812654135436,14.06
"51153",8.69963635520035e-05,0.3439690675001,1,0,0.227265176879063,91
"51155",0,0,0,0,0.0817069678367399,32.93
"51157",0,0,0,0,0.101853758200929,49.51
"51159",0,0,0,0,0.0897419696511483,39.77
"51161",0,0,0,0,0.184688479901807,84
"51163",0,0,0,0,0.118850751789023,60.48
"51165",5.09671007364746e-05,0.201515389813154,1,0,0.137327522478058,70
"51167",0,0,0,0,0.0776486836228989,28.83
"51169",0.000181620050853614,0.718095297099344,1,0,0.0678785795383294,19.57
"51171",0,0,0,0,0.112912984337293,57.43
"51173",0,0,0,0,0.0676045897173138,19.41
"51175",0,0,0,0,0.079682018640881,31.02
"51177",0.00013814380770382,0.546197505007113,1,0,0.229354934570999,91.35
"51179",3.81431895335088e-05,0.150811790282221,1,0,0.177342982917357,82.6
"51181",0,0,0,0,0.06235450917265,15.14
"51183",0,0,0,0,0.0833750237766219,34.33
"51185",0,0,0,0,0.10117256516178,48.97
"51187",0,0,0,0,0.140927089462454,71.24
"51191",0,0,0,0,0.129679003859989,66.5
"51193",0,0,0,0,0.0935030584205242,43.05
"51195",0,0,0,0,0.0731887045942432,25.07
"51197",0,0,0,0,0.105204689981407,51.96
"51199",0,0,0,0,0.145928987577022,73.15
"51510",0.000120738480451342,0.477379752860611,1,0,0.223954992987035,90.52
"51520",0,0,0,0,0.102382691813481,50.08
"51530",0,0,0,0,0.0639752166591523,16.45
"51540",0.000933753943217666,3.69190687989079,1,1,0.204873621257111,87.72
"51550",9.52298502294174e-05,0.376522896408266,1,0,0.237981703239604,92.43
"51570",0,0,0,0,0.117301439973816,59.75
"51580",0,0,0,0,0.0731809734488202,25.04
"51590",0,0,0,0,0.130264103998678,66.72
"51595",0,0,0,0,0.0751828817695356,26.44
"51600",0,0,0,0,0.152033725148034,75.56
"51610",0,0,0,0,0.123310398480602,63.12
"51620",0,0,0,0,0.0854800010319036,36.02
"51630",0,0,0,0,0.157207852975524,77.06
"51640",0,0,0,0,0.0939753470081018,43.62
"51650",1.59507441022124e-05,0.0630665737136361,1,0,0.147943048976327,74.07
"51660",0,0,0,0,0.155825092719933,76.61
"51670",0,0,0,0,0.0952451596496036,44.58
"51678",0,0,0,0,0.072048734984193,23.89
"51680",0,0,0,0,0.150629272564906,74.9
"51683",0,0,0,0,0.140913252601639,71.21
"51685",0,0,0,0,0.102766608732458,50.43
"51690",0,0,0,0,0.0905995935193746,40.53
"51700",4.28511436970253e-05,0.169426253431476,1,0,0.102000722268772,49.54
"51710",2.96134847964369e-05,0.117086764721722,1,0,0.168260190265046,79.83
"51720",0,0,0,0,0.0778961647918622,29.08
"51730",0,0,0,0,0.119577878720959,61.09
"51735",0.0004510599909788,1.78341574462291,1,1,0.0966466559313092,45.5
"51740",0,0,0,0,0.0889770624190662,39.07
"51750",0,0,0,0,0.0718973623296198,23.67
"51760",0.000322289897031109,1.27428033563986,1,1,0.224064533206978,90.55
"51770",9.91501416430595e-05,0.392023072815905,1,0,0.18285411020146,83.65
"51775",0,0,0,0,0.128362511442377,65.8
"51790",0,0,0,0,0.123837344207897,63.6
"51800",2.4548311076198e-05,0.0970599152059354,1,0,0.134431253309784,68.69
"51810",0.000207531072013282,0.820543140001865,1,0,0.229316738969748,91.31
"51820",0,0,0,0,0.126204152057281,64.87
"51830",0,0,0,0,0.0839154344124036,34.9
"51840",0.000183749219065819,0.72651367201297,1,0,0.104434887866274,51.54
"53001",0,0,0,0,0.0580124035596458,11.71
"53003",0,0,0,0,0.125392152830165,64.43
"53005",0.000137800519967295,0.544840202726933,1,0,0.15239185843942,75.88
"53007",4.0230116265036e-05,0.159063149448002,1,0,0.154510239123649,76.3
"53009",6.9557959169478e-05,0.275020533914999,1,0,0.170972834854164,80.62
"53011",0.00023445424792819,0.926992873479015,1,0,0.28035870638707,96.09
"53013",0,0,0,0,0.0619347819365544,14.83
"53015",2.18250070931273e-05,0.0862924268497564,1,0,0.162309818567423,78.3
"53017",0,0,0,0,0.117931907309678,59.97
"53019",0,0,0,0,0.0827478830974642,33.79
"53021",4.80192076830732e-05,0.189859913845329,1,0,0.13915636801678,70.57
"53023",0,0,0,0,0.0493157494873062,6.46
"53025",4.1988579106483e-05,0.1660158173425,1,0,0.110387037083745,55.55
"53027",3.7397157816006e-05,0.147862105677973,1,0,0.127027382579935,65.29
"53029",0.000396366639141206,1.56716738133601,1,1,0.196658587683033,86.26
"53031",8.88020602077968e-05,0.351108489994582,1,0,0.190972872447884,85.08
"53033",0.000663141578539464,2.62195086182439,1,1,0.355933860048738,99.17
"53035",0.000154361623884283,0.610320037038552,1,0,0.184236929881548,83.93
"53037",0,0,0,0,0.137125083916635,69.9
"53039",0,0,0,0,0.124582399614339,63.98
"53041",9.72699565527527e-05,0.384589135512838,1,0,0.162154506928315,78.24
"53043",0,0,0,0,0.0698487583855131,21.44
"53045",5.81665891112145e-05,0.229980962414436,1,0,0.126789311795552,65.13
"53047",0,0,0,0,0.105199564707964,51.92
"53049",0,0,0,0,0.123482065205752,63.25
"53051",0,0,0,0,0.0860669159506144,36.75
"53053",9.5025535066859e-05,0.375715068436246,1,0,0.239288141616551,92.62
"53055",0.000126358352287086,0.499599785927342,1,0,0.212795200256124,88.64
"53057",3.30830052601978e-05,0.130804668204883,1,0,0.212150686871979,88.58
"53059",0,0,0,0,0.103339871146302,50.75
"53061",0.00018665339353646,0.737996292018423,1,0,0.273688003845814,95.67
"53063",0.000336676217765043,1.33116144107423,1,1,0.309797204242187,98
"53065",0,0,0,0,0.135130054768139,68.92
"53067",0.000246629977521439,0.975133671362134,1,0,0.192153286146403,85.3
"53069",0,0,0,0,0.0897795287892141,39.83
"53071",2.97159158445263e-05,0.11749175994975,1,0,0.116800436135188,59.5
"53073",0.000316396798808859,1.25098001115006,1,1,0.289798777771018,96.79
"53075",9.05141202027516e-05,0.357877688796976,1,0,0.0926338743113616,42.25
"53077",1.56175572578693e-05,0.0617492086713205,1,0,0.129348144879919,66.31
"54001",0,0,0,0,0.0585692753414448,12.15
"54003",9.06269116614179e-05,0.358323647355188,1,0,0.168075170686217,79.76
"54005",0,0,0,0,0.0747192607039159,25.99
"54007",0,0,0,0,0.0732854445956434,25.17
"54009",0,0,0,0,0.0909099802261145,40.79
"54011",3.56023924807747e-05,0.140765903796247,1,0,0.171788765728712,80.88
"54013",0,0,0,0,0.0521377435268162,7.83
"54015",0,0,0,0,0.0468507318715818,5.12
"54017",0,0,0,0,0.0444211323991777,4.04
"54019",0,0,0,0,0.119182553065024,60.8
"54021",0,0,0,0,0.0531564520441786,8.46
"54023",0,0,0,0,0.0879879543892786,38.24
"54025",0,0,0,0,0.126236311502255,64.94
"54027",0,0,0,0,0.118296223222643,60.32
"54029",0,0,0,0,0.11627505628463,59.12
"54031",0,0,0,0,0.0782920373070936,29.94
"54033",2.49165296257537e-05,0.0985157897500619,1,0,0.136726760291463,69.62
"54035",0,0,0,0,0.10221457476974,49.83
"54037",0,0,0,0,0.1513319582985,75.25
"54039",9.49938254013489e-06,0.0375589693723662,1,0,0.186736671902125,84.47
"54041",0,0,0,0,0.0900121047107384,40.09
"54043",0,0,0,0,0.0760691996960084,27.27
"54045",0,0,0,0,0.0854879905541569,36.05
"54047",0,0,0,0,0.0539401862812906,8.88
"54049",0,0,0,0,0.138843285779982,70.41
"54051",0,0,0,0,0.0781565300245893,29.56
"54053",0,0,0,0,0.0730524997810173,24.91
"54055",0,0,0,0,0.131618329462449,67.29
"54057",0,0,0,0,0.0880759517465707,38.28
"54059",0,0,0,0,0.0713269465700461,23.07
"54061",0.000151545001288133,0.599183582497914,1,0,0.128762273421997,66.05
"54063",0,0,0,0,0.089667850980448,39.68
"54065",0,0,0,0,0.110672419932034,55.74
"54067",0,0,0,0,0.100051488660632,48.11
"54069",0,0,0,0,0.155639522929663,76.55
"54071",0,0,0,0,0.0868575005548824,37.58
"54073",0,0,0,0,0.0612462524792412,14.41
"54075",0,0,0,0,0.0673096725635198,19.15
"54077",0,0,0,0,0.113035270065713,57.56
"54079",4.20539131166155e-05,0.166274137088565,1,0,0.161395557824986,78.01
"54081",2.83736238792419e-05,0.112184562076637,1,0,0.142551148759974,71.81
"54083",0,0,0,0,0.114968722540929,58.54
"54085",0,0,0,0,0.0651142044588481,17.69
"54087",0,0,0,0,0.0827973050193504,33.82
"54089",0,0,0,0,0.0800015944348625,31.28
"54091",0,0,0,0,0.0778336011596656,29.02
"54093",0,0,0,0,0.0700605753618264,21.7
"54095",0,0,0,0,0.0524073054503934,8.08
"54097",0,0,0,0,0.0911321508951417,40.95
"54099",0,0,0,0,0.0859321969003185,36.65
"54101",0,0,0,0,0.0507525881368116,7.16
"54103",0,0,0,0,0.0706502641231406,22.53
"54105",0,0,0,0,0.0520849126953325,7.8
"54107",0,0,0,0,0.166626980110369,79.41
"54109",0,0,0,0,0.0675227008243248,19.38
"55001",0,0,0,0,0.088470242448418,38.63
"55003",0,0,0,0,0.103880852553238,51.16
"55005",0,0,0,0,0.136420923791096,69.46
"55007",0.000382189948404357,1.51111511784024,1,1,0.129416055650733,66.37
"55009",0.000105008925758689,0.415187725068674,1,0,0.237998454636799,92.46
"55011",0,0,0,0,0.0837392301618773,34.81
"55013",0,0,0,0,0.088938882390728,39.01
"55015",5.35589952332494e-05,0.21176330704456,1,0,0.108140280955302,53.58
"55017",3.32027359054386e-05,0.131278063145926,1,0,0.174255584227554,81.48
"55019",0,0,0,0,0.110127704231705,55.2
"55021",0,0,0,0,0.149614527001605,74.48
"55023",0.000131665569453588,0.520583634737194,1,0,0.081302672943587,32.42
"55025",0.000193503800967519,0.765081656967599,1,0,0.268705684036878,95.35
"55027",0,0,0,0,0.12322758133221,63.06
"55029",0.000306654400490647,1.2124601980463,1,1,0.180726209691915,83.2
"55031",0.00010989010989011,0.434487110530658,1,0,0.141299629038824,71.33
"55033",0,0,0,0,0.112823196410992,57.27
"55035",3.09468178934501e-05,0.122358540728457,1,0,0.199317375585163,86.61
"55037",0,0,0,0,0.0727259284423928,24.53
"55039",9.9027549464261e-05,0.391538363849893,1,0,0.179784408401615,83.04
"55041",0,0,0,0,0.074368451348452,25.84
"55043",4.8780487804878e-05,0.192869888089219,1,0,0.12093148673454,61.76
"55045",0,0,0,0,0.109585770522315,54.72
"55047",0,0,0,0,0.106715785134905,52.72
"55049",8.23248538733844e-05,0.325498699747179,1,0,0.097898149540543,46.33
"55051",0,0,0,0,0.0846884732205748,35.48
"55053",0.00064419153961778,2.54702557815911,1,1,0.072341246889062,24.09
"55055",0,0,0,0,0.167938078399866,79.73
"55057",0,0,0,0,0.0927978240175504,42.54
"55059",2.45119066586594e-05,0.096915978229235,1,0,0.192133329486204,85.27
"55061",0,0,0,0,0.0757948942784091,27.04
"55063",1.31022103428848e-05,0.0518039477723489,1,0,0.188839826753281,84.73
"55065",0,0,0,0,0.0821173775554113,33.15
"55067",0,0,0,0,0.104321957097989,51.45
"55069",0,0,0,0,0.109924277324207,54.95
"55071",2.65773667145059e-05,0.105082461750624,1,0,0.159381307633525,77.63
"55073",1.28700128700129e-05,0.0508858778098969,1,0,0.199747727707853,86.76
"55075",0,0,0,0,0.103960151752595,51.19
"55077",0,0,0,0,0.0773118416748069,28.41
"55078",0,0,0,0,0.0723612947066223,24.15
"55079",8.29957208950413e-05,0.328151195718668,1,0,0.301379870570609,97.61
"55081",0,0,0,0,0.0996406069129018,47.63
"55083",0,0,0,0,0.10263503577937,50.3
"55085",0.000694964182615204,2.7477721146037,1,1,0.171389079669565,80.75
"55087",2.53081264393997e-05,0.100064098039354,1,0,0.252051555910418,94.05
"55089",4.20928568421939e-05,0.166428114064444,1,0,0.225124941338341,90.68
"55091",0,0,0,0,0.0773839404082936,28.51
"55093",7.79119594857811e-05,0.308050853590104,1,0,0.148394874909932,74.26
"55095",0,0,0,0,0.145137443276053,72.76
"55097",2.63414377156705e-05,0.104149637958775,1,0,0.162098844851093,78.21
"55099",0.000177399325882562,0.701407256666487,1,0,0.0733137545425317,25.2
"55101",4.74777448071217e-05,0.1877190602174,1,0,0.216580342618027,89.41
"55103",0,0,0,0,0.0775970126438968,28.73
"55105",2.61756121821299e-05,0.103493991540801,1,0,0.200798989519046,86.96
"55107",0,0,0,0,0.084282911569799,35.16
"55109",7.20305409493625e-05,0.284796708624144,1,0,0.213913737868462,88.93
"55111",2.49140465394389e-05,0.0985059720421791,1,0,0.154684301670067,76.36
"55113",0,0,0,0,0.120463525593788,61.44
"55115",0,0,0,0,0.12294196753014,62.87
"55117",1.49819467541612e-05,0.0592361110735911,1,0,0.1515763820107,75.31
"55119",0,0,0,0,0.0883340853346509,38.43
"55121",0,0,0,0,0.0967332055892193,45.66
"55123",0,0,0,0,0.123468959193839,63.22
"55125",0,0,0,0,0.136750527820872,69.65
"55127",3.92927308447937e-05,0.155356884315481,1,0,0.207419186360671,87.94
"55129",0,0,0,0,0.111819499387609,56.54
"55131",4.60603082969969e-05,0.182114753385232,1,0,0.200595825201239,86.86
"55133",8.17965496728138e-05,0.323409873320336,1,0,0.346716719388104,98.92
"55135",4.7395611166406e-05,0.18739431754249,1,0,0.118193901270634,60.2
"55137",0,0,0,0,0.0941340891642603,43.75
"55139",2.95735494174011e-05,0.11692886691397,1,0,0.17726006211114,82.53
"55141",2.49233606659522e-05,0.0985427985402135,1,0,0.134099212291367,68.57
"56001",0,0,0,0,0.116422733150222,59.24
"56003",0.00019952114924182,0.788873245376893,1,0,0.0849384824223334,35.54
"56005",0,0,0,0,0.111778809337956,56.47
"56007",0,0,0,0,0.0802364444573812,31.47
"56009",0,0,0,0,0.0916505846698409,41.52
"56011",0,0,0,0,0.0806905630509181,31.88
"56013",5.69573389531241e-05,0.225199789589849,1,0,0.14650389546407,73.4
"56015",0,0,0,0,0.102750662534778,50.37
"56017",0,0,0,0,0.0828192117501812,33.85
"56019",0,0,0,0,0.125036793857738,64.27
"56021",8.70306870202433e-05,0.344104776751404,1,0,0.170867293369538,80.59
"56023",0,0,0,0,0.126183290845924,64.84
"56025",2.25245517614199e-05,0.0890583094384401,1,0,0.231207571378994,91.6
"56027",0,0,0,0,0.0601691738526204,13.46
"56029",0,0,0,0,0.172304531359388,80.97
"56031",0,0,0,0,0.0854464301183498,35.98
"56033",5.52608311229001e-05,0.218492081445015,1,0,0.214656962092264,89.09
"56035",0,0,0,0,0.108765006989306,53.9
"56037",0,0,0,0,0.114544280203594,58.29
"56039",0.000260116680911152,1.02845784031819,1,1,0.217501050227482,89.6
"56041",0,0,0,0,0.113610525367719,57.72
"56043",0,0,0,0,0.100201132970504,48.2
"56045",0,0,0,0,0.0774018161504115,28.57
