"county_geoid","industry_employment_share","location_quotient","industry_present","industry_comparative_advantage","industry_feasibility","industry_feasibility_percentile_score"
"01001",0,0,0,0,0.10775712443534,70.12
"01003",0,0,0,0,0.186162683367811,90.2
"01005",0,0,0,0,0.0534152387206882,25.93
"01007",0,0,0,0,0.0494596250637616,21.73
"01009",0,0,0,0,0.104207436253673,68.12
"01011",0,0,0,0,0.0521719840444631,24.37
"01013",0,0,0,0,0.0562779611754157,29.84
"01015",0,0,0,0,0.124233559748632,76.46
"01017",0,0,0,0,0.0755019505838259,49.51
"01019",0,0,0,0,0.0753204223591366,49.28
"01021",0,0,0,0,0.0952193789919796,63.32
"01023",0,0,0,0,0.0403373472013021,11.77
"01025",0,0,0,0,0.0588490327420339,32.55
"01027",0,0,0,0,0.0357786235864903,7.6
"01029",0,0,0,0,0.0460933431331848,17.79
"01031",0,0,0,0,0.100630084682046,66.12
"01033",0,0,0,0,0.110900914179064,71.71
"01035",0,0,0,0,0.0458347613540623,17.5
"01037",0,0,0,0,0.0460280164681073,17.69
"01039",0,0,0,0,0.0841048881877822,55.93
"01041",0,0,0,0,0.0486641687757312,20.65
"01043",0,0,0,0,0.120015307563271,75.25
"01045",0,0,0,0,0.0661336510074978,40.44
"01047",0,0,0,0,0.0883747270290405,58.67
"01049",0,0,0,0,0.0867613202247596,57.75
"01051",0,0,0,0,0.101065246374869,66.34
"01053",0,0,0,0,0.0678842984418757,42.19
"01055",0,0,0,0,0.112455977438053,72.38
"01057",0,0,0,0,0.0546770854766554,27.68
"01059",0,0,0,0,0.0531462784913259,25.64
"01061",0,0,0,0,0.0653943364655461,39.55
"01063",0,0,0,0,0.0406773112206885,12.19
"01065",0,0,0,0,0.0575722202832256,31.28
"01067",0,0,0,0,0.0631716766087968,37.03
"01069",0,0,0,0,0.155137822293693,84.86
"01071",0,0,0,0,0.0922100927540972,61.5
"01073",0,0,0,0,0.223134568876804,94.46
"01075",0,0,0,0,0.0528254582063715,25.23
"01077",0,0,0,0,0.12711383144597,77.35
"01079",0,0,0,0,0.072004312045265,45.72
"01081",0,0,0,0,0.129207403118987,77.86
"01083",0,0,0,0,0.10562393396975,68.88
"01085",0,0,0,0,0.0376311281518241,8.91
"01087",0,0,0,0,0.0377839254662299,9.04
"01089",0,0,0,0,0.155442586787368,84.95
"01091",0,0,0,0,0.0612525433335526,35.25
"01093",0,0,0,0,0.0568767846092944,30.48
"01095",0,0,0,0,0.10681907877409,69.58
"01097",0,0,0,0,0.206161880428403,92.52
"01099",0,0,0,0,0.0611151443671119,35.09
"01101",0,0,0,0,0.163009057654343,86.41
"01103",0,0,0,0,0.146310961980331,82.63
"01105",0,0,0,0,0.0392930410331456,10.69
"01107",0,0,0,0,0.0500341527623214,22.34
"01109",0,0,0,0,0.055621488228182,29.02
"01111",0,0,0,0,0.0654229827807937,39.61
"01113",0,0,0,0,0.0834013127644737,55.39
"01115",0,0,0,0,0.136128852538552,80.53
"01117",0,0,0,0,0.211305134808605,93.25
"01119",0,0,0,0,0.0510465220460911,23.39
"01121",0,0,0,0,0.0887485570563067,58.92
"01123",0,0,0,0,0.0754022083302723,49.38
"01125",0,0,0,0,0.11306364459798,72.7
"01127",0,0,0,0,0.0928336672218973,62.07
"01129",0,0,0,0,0.0344193931553656,6.75
"01131",0,0,0,0,0.06396892515513,38.12
"01133",0,0,0,0,0.0595591242333443,33.57
"02013",0,0,0,0,0.0231791981703175,1.02
"02016",0,0,0,0,0.0391495442135673,10.53
"02020",0,0,0,0,0.203767249510137,92.2
"02050",0,0,0,0,0.0502146321884611,22.56
"02060",0,0,0,0,0.0391276714519797,10.44
"02063",0,0,0,0,0.0923952391994773,61.72
"02066",0,0,0,0,0.0797369214658137,52.66
"02068",0,0,0,0,0.0448007594916228,16.35
"02070",0,0,0,0,0.0354061347235729,7.38
"02090",0,0,0,0,0.119130070944953,74.9
"02100",0,0,0,0,0.0698823214817955,44
"02105",0,0,0,0,0.0572695083515582,30.93
"02110",0,0,0,0,0.121377753250669,75.53
"02122",0,0,0,0,0.148496380632169,83.14
"02130",0,0,0,0,0.0935926770755863,62.46
"02150",0,0,0,0,0.0853546854770364,56.86
"02158",0,0,0,0,0.0224350474048239,0.86
"02164",0,0,0,0,0.026642042008093,2.35
"02170",0,0,0,0,0.150545745145469,83.81
"02180",0,0,0,0,0.0441833528175956,15.46
"02185",0,0,0,0,0.0340387507482125,6.46
"02188",0,0,0,0,0.0296190167801454,3.69
"02195",0,0,0,0,0.0627146094052994,36.65
"02198",0,0,0,0,0.0507746553864813,23.13
"02220",0,0,0,0,0.102641034127009,67.26
"02230",0,0,0,0,0.0588919641906167,32.61
"02240",0,0,0,0,0.0660118955376733,40.25
"02275",0,0,0,0,0.0428227223275621,14.44
"02282",0,0,0,0,0.0446663592763867,16.07
"02290",0,0,0,0,0.0447252679338358,16.19
"04001",0,0,0,0,0.0454696970994279,16.93
"04003",0,0,0,0,0.11088841866151,71.68
"04005",0,0,0,0,0.14802377888942,83.01
"04007",0,0,0,0,0.068211314152841,42.51
"04009",0,0,0,0,0.0678952340623162,42.22
"04011",0,0,0,0,0.0187633536494853,0.38
"04012",0,0,0,0,0.0498218992881834,22.14
"04013",0,0,0,0,0.332155628275955,99.2
"04015",0,0,0,0,0.16313765419009,86.51
"04017",0,0,0,0,0.103655515240492,67.77
"04019",2.2207121379684e-06,0.143965971574518,1,0,0.214319866660963,93.6
"04021",0,0,0,0,0.138261780577061,81.04
"04023",0,0,0,0,0.0922126671233196,61.53
"04025",0,0,0,0,0.18922829895459,90.65
"04027",0,0,0,0,0.110297379674125,71.52
"05001",0,0,0,0,0.0540799841834735,27.04
"05003",0,0,0,0,0.0542150217276396,27.3
"05005",0,0,0,0,0.109650422606521,71.14
"05007",0,0,0,0,0.177388427667004,88.9
"05009",0,0,0,0,0.106429908438071,69.36
"05011",0,0,0,0,0.0437788508294396,15.24
"05013",0,0,0,0,0.024027912032158,1.34
"05015",0,0,0,0,0.0744561429576385,48.3
"05017",0,0,0,0,0.0438511132305377,15.3
"05019",0,0,0,0,0.0598198300929506,33.98
"05021",0,0,0,0,0.0640124716828422,38.18
"05023",0,0,0,0,0.0858732102418601,57.33
"05025",0,0,0,0,0.0312601079477926,4.77
"05027",0,0,0,0,0.0658899598584676,40.15
"05029",0,0,0,0,0.0725918305253234,46.58
"05031",0,0,0,0,0.133549472443981,79.61
"05033",0,0,0,0,0.104213970946535,68.15
"05035",0,0,0,0,0.0975974973623873,64.91
"05037",0,0,0,0,0.0508846851820846,23.23
"05039",0,0,0,0,0.0417249734606863,13.43
"05041",0,0,0,0,0.0407871744383423,12.41
"05043",0,0,0,0,0.0598184367110092,33.95
"05045",0,0,0,0,0.150610721224547,83.87
"05047",0,0,0,0,0.0509246162999393,23.29
"05049",0,0,0,0,0.0548666090928692,27.97
"05051",0,0,0,0,0.166461461640772,87.21
"05053",0,0,0,0,0.0634292743237752,37.45
"05055",0,0,0,0,0.086653031510769,57.68
"05057",0,0,0,0,0.0585701037653134,32.23
"05059",0,0,0,0,0.0665740024095944,40.63
"05061",0,0,0,0,0.0433255398961628,14.89
"05063",0,0,0,0,0.0744935668158196,48.33
"05065",0,0,0,0,0.0689961778390642,43.27
"05067",0,0,0,0,0.0468868901081,18.8
"05069",0,0,0,0,0.0966235784579864,64.27
"05071",0,0,0,0,0.0512260095814145,23.58
"05073",0,0,0,0,0.0404727826598568,11.96
"05075",0,0,0,0,0.0596668143239079,33.73
"05077",0,0,0,0,0.0346807725067625,6.9
"05079",0,0,0,0,0.0288170215512625,3.21
"05081",0,0,0,0,0.0386366735695329,9.9
"05083",0,0,0,0,0.0583303477539898,31.94
"05085",0,0,0,0,0.105330597454012,68.63
"05087",0,0,0,0,0.0629814425584442,36.91
"05089",0,0,0,0,0.0634769940066959,37.61
"05091",0,0,0,0,0.0860300230816078,57.46
"05093",0,0,0,0,0.0643864538851329,38.5
"05095",0,0,0,0,0.0475028255283237,19.44
"05097",0,0,0,0,0.0655644034769367,39.71
"05099",0,0,0,0,0.0359401702358685,7.8
"05101",0,0,0,0,0.0521842130331124,24.4
"05103",0,0,0,0,0.070514206663841,44.35
"05105",0,0,0,0,0.0622034869836755,36.24
"05107",0,0,0,0,0.0565067487787255,30.13
"05109",0,0,0,0,0.0535139000200744,26.12
"05111",0,0,0,0,0.0433505724835893,14.95
"05113",0,0,0,0,0.0659518012374292,40.22
"05115",0,0,0,0,0.115526667227472,73.59
"05117",0,0,0,0,0.0345611608556078,6.81
"05119",0,0,0,0,0.195182005480941,91.35
"05121",0,0,0,0,0.0486119313343936,20.62
"05123",0,0,0,0,0.0563438036474763,29.94
"05125",0,0,0,0,0.133423789555286,79.48
"05127",0,0,0,0,0.03344224946685,6.05
"05129",0,0,0,0,0.0588917982333728,32.58
"05131",0,0,0,0,0.163863605634907,86.7
"05133",0,0,0,0,0.0445974120158784,15.97
"05135",0,0,0,0,0.0718925884909021,45.59
"05137",0,0,0,0,0.0727158531594071,46.77
"05139",0,0,0,0,0.0940155675086053,62.62
"05141",0,0,0,0,0.070589484980012,44.51
"05143",0,0,0,0,0.1793074859219,89.12
"05145",0,0,0,0,0.113299456653107,72.76
"05147",0,0,0,0,0.027504590728115,2.51
"05149",0,0,0,0,0.0533286162121053,25.74
"06001",1.5880505998294e-05,1.0295132070701,1,1,0.410726616440377,99.9
"06003",0,0,0,0,0.084940845968481,56.57
"06005",0,0,0,0,0.109544680417683,70.98
"06007",0,0,0,0,0.180420219391465,89.44
"06009",0,0,0,0,0.133699452826547,79.67
"06011",0,0,0,0,0.0479435914041255,20.01
"06013",0,0,0,0,0.272808492310309,97.55
"06015",0,0,0,0,0.0690793367079059,43.33
"06017",0,0,0,0,0.185709296543787,90.14
"06019",0,0,0,0,0.17428143394735,88.42
"06021",0,0,0,0,0.0766530938604507,50.46
"06023",0,0,0,0,0.138256877474933,81.01
"06025",0,0,0,0,0.0897684332684014,59.69
"06027",0,0,0,0,0.0810192847587066,53.74
"06029",0,0,0,0,0.12787031993027,77.54
"06031",0,0,0,0,0.0566672006502371,30.26
"06033",0,0,0,0,0.0852995452216517,56.79
"06035",0,0,0,0,0.0536253229633047,26.28
"06037",3.42614310885561e-06,0.222112543533436,1,0,0.379713468122773,99.75
"06039",0,0,0,0,0.0997163747190095,65.73
"06041",0,0,0,0,0.265856854341242,97.3
"06043",0,0,0,0,0.0740263313108056,48.01
"06045",8.011750567499e-05,5.19391700861276,1,1,0.171088545056235,87.91
"06047",0,0,0,0,0.0964422384349421,64.17
"06049",0,0,0,0,0.051358412211571,23.7
"06051",0,0,0,0,0.0752319452939847,49.25
"06053",0,0,0,0,0.105184419351589,68.53
"06055",0,0,0,0,0.134858395781634,80.18
"06057",0,0,0,0,0.208307302033354,92.78
"06059",1.07847408858155e-06,0.0699161171436774,1,0,0.422511024493092,99.97
"06061",0,0,0,0,0.217313335719665,93.99
"06063",0,0,0,0,0.0827256692896555,54.88
"06065",2.07663833785867e-06,0.134625848531733,1,0,0.232910841856486,95.07
"06067",0,0,0,0,0.211542229562948,93.29
"06069",0,0,0,0,0.119712296598673,75.09
"06071",0,0,0,0,0.28420418320461,97.93
"06073",2.75693382642014e-06,0.17872854842426,1,0,0.340080985391728,99.36
"06075",2.54435445910841e-06,0.164947295722266,1,0,0.251576855729944,96.28
"06077",0,0,0,0,0.190736231321588,90.84
"06079",0,0,0,0,0.210782298396519,93.13
"06081",2.14264440887655e-06,0.138904939000703,1,0,0.23610805442731,95.23
"06083",0,0,0,0,0.221690051736342,94.34
"06085",8.1340292808786e-07,0.052731887587581,1,0,0.226382315527208,94.78
"06087",0,0,0,0,0.232370232994575,95.04
"06089",0,0,0,0,0.179788456257114,89.25
"06091",0,0,0,0,0.095436000885652,63.47
"06093",0,0,0,0,0.0971353312453589,64.65
"06095",0,0,0,0,0.221066252182047,94.3
"06097",0,0,0,0,0.267972270371245,97.42
"06099",0,0,0,0,0.18852901385467,90.55
"06101",0,0,0,0,0.119556310712796,74.99
"06103",0,0,0,0,0.0801702347851831,52.97
"06105",0,0,0,0,0.075991661342546,49.92
"06107",0,0,0,0,0.129873846906586,78.11
"06109",0,0,0,0,0.112478849731543,72.41
"06111",0,0,0,0,0.318038837525046,98.89
"06113",0,0,0,0,0.145044542695547,82.41
"06115",0,0,0,0,0.0737214242539775,47.79
"08001",0,0,0,0,0.223157474549056,94.5
"08003",0,0,0,0,0.0799990575820777,52.75
"08005",0,0,0,0,0.256696144018771,96.63
"08007",0,0,0,0,0.115579546651201,73.66
"08009",0,0,0,0,0.0456887830432194,17.28
"08011",0,0,0,0,0.0355119617803928,7.41
"08013",0.000757316544629211,49.0958779721645,1,1,0.356563609839044,99.59
"08014",0,0,0,0,0.195199260830036,91.41
"08015",0,0,0,0,0.130484118829325,78.43
"08017",0,0,0,0,0.0505324054567404,22.94
"08019",0,0,0,0,0.0967226867956997,64.37
"08021",0,0,0,0,0.0581242294819785,31.75
"08023",0,0,0,0,0.0481889724505503,20.17
"08025",0,0,0,0,0.0184950664122799,0.32
"08027",0,0,0,0,0.0847944436928126,56.47
"08029",0,0,0,0,0.128749714605087,77.82
"08031",0,0,0,0,0.307778193159641,98.7
"08033",0,0,0,0,0.0855475010590953,56.95
"08035",0,0,0,0,0.216454311276589,93.86
"08037",0,0,0,0,0.140764569581869,81.45
"08039",0,0,0,0,0.136656800554394,80.62
"08041",0.000297961739692544,19.316484389604,1,1,0.25732384390048,96.66
"08043",0,0,0,0,0.102998415184623,67.45
"08045",0,0,0,0,0.152735073144743,84.31
"08047",0,0,0,0,0.0358892194984953,7.76
"08049",0,0,0,0,0.0970363334391621,64.56
"08051",0,0,0,0,0.128069060227557,77.63
"08053",0,0,0,0,0.050222630224551,22.59
"08055",0,0,0,0,0.0448403596717185,16.39
"08057",0,0,0,0,0.0588199075754651,32.48
"08059",3.57008978775816e-06,0.231444425468431,1,0,0.277032326103223,97.71
"08061",0,0,0,0,0.0485477069574922,20.49
"08063",0,0,0,0,0.0525525942556038,24.94
"08065",0,0,0,0,0.0643217577695811,38.4
"08067",0,0,0,0,0.180026621057741,89.34
"08069",0,0,0,0,0.238094033085629,95.45
"08071",0,0,0,0,0.0661256020681449,40.41
"08073",0,0,0,0,0.0449673150416199,16.54
"08075",0,0,0,0,0.0676652407338785,41.81
"08077",0,0,0,0,0.20693094413829,92.65
"08079",0,0,0,0,0.0393215591677031,10.75
"08081",0,0,0,0,0.071411900766583,45.21
"08083",0,0,0,0,0.117056680831492,74.2
"08085",0,0,0,0,0.1565867033571,85.4
"08087",0,0,0,0,0.0604727471923195,34.62
"08089",0,0,0,0,0.0623833716373015,36.3
"08091",0,0,0,0,0.105951970896077,69.01
"08093",0,0,0,0,0.128097947477785,77.66
"08095",0,0,0,0,0.0345890635530612,6.84
"08097",0,0,0,0,0.118920136845127,74.8
"08099",0,0,0,0,0.0446367819543313,16
"08101",0,0,0,0,0.1411731800991,81.55
"08103",0,0,0,0,0.038213511357562,9.55
"08105",0,0,0,0,0.0559045406668421,29.4
"08107",0,0,0,0,0.167963787071349,87.5
"08109",0,0,0,0,0.0475195859282248,19.5
"08111",0,0,0,0,0.0723306449328249,46.07
"08113",0,0,0,0,0.108833970753007,70.73
"08115",0,0,0,0,0.0443271705577403,15.62
"08117",0,0,0,0,0.120035973392418,75.28
"08119",0,0,0,0,0.101942678871517,66.91
"08121",0,0,0,0,0.0537978500039631,26.66
"08123",0,0,0,0,0.179845422843299,89.28
"08125",0,0,0,0,0.0455362079796919,17.05
"09110",1.75324174398463e-05,1.13660454573217,1,1,0.312903949366198,98.82
"09120",0,0,0,0,0.25264526185719,96.31
"09130",0,0,0,0,0.204681947946919,92.36
"09140",2.10202161929235e-05,1.36271414704345,1,1,0.328504133105781,99.11
"09150",0,0,0,0,0.179984877188843,89.31
"09160",0,0,0,0,0.201997148884072,91.98
"09170",3.18097522338399e-06,0.206218618234733,1,0,0.257970080485658,96.75
"09180",2.79859230806904e-05,1.81429215333025,1,1,0.21254744673123,93.45
"09190",5.89061713050368e-06,0.381881291080928,1,0,0.310323828743577,98.76
"10001",0,0,0,0,0.135411697024871,80.34
"10003",0,0,0,0,0.208707682018275,92.87
"10005",3.80597156939238e-05,2.46736344348455,1,1,0.204751470428159,92.4
"11001",0,0,0,0,0.125176626917813,76.77
"12001",0,0,0,0,0.130984582528081,78.71
"12003",0,0,0,0,0.0567018997258465,30.29
"12005",0,0,0,0,0.181077347002991,89.6
"12007",0,0,0,0,0.0725813019418148,46.55
"12009",0,0,0,0,0.225691271250846,94.62
"12011",1.01730434694147e-06,0.0659505598183449,1,0,0.346959083783854,99.43
"12013",0,0,0,0,0.0454763253162102,16.96
"12015",0,0,0,0,0.167005452645828,87.27
"12017",0,0,0,0,0.142458626966865,81.93
"12019",0,0,0,0,0.180471373693235,89.47
"12021",5.13486728935491e-06,0.332886980522601,1,0,0.214390030668939,93.67
"12023",0,0,0,0,0.109731848102333,71.21
"12027",0,0,0,0,0.0776260713892435,51.22
"12029",0,0,0,0,0.0534104262667077,25.9
"12031",0,0,0,0,0.284833435168266,98
"12033",0,0,0,0,0.184923641549309,90.07
"12035",0.000122159784998778,7.91946503736072,1,1,0.21019173917245,93.1
"12037",0,0,0,0,0.0874841542991566,58.22
"12039",0,0,0,0,0.0592333903579583,33.06
"12041",0,0,0,0,0.0509611195566996,23.35
"12043",0,0,0,0,0.0625716555722081,36.46
"12045",0,0,0,0,0.0879121509436401,58.42
"12047",0,0,0,0,0.0462838450145131,18.2
"12049",0,0,0,0,0.06356146211202,37.77
"12051",0,0,0,0,0.0841428278104419,56
"12053",0,0,0,0,0.158653902444285,85.75
"12055",0,0,0,0,0.130506995936093,78.49
"12057",1.14472140342844e-06,0.0742108471463067,1,0,0.31334819834063,98.85
"12059",0,0,0,0,0.0618642499944395,35.86
"12061",0,0,0,0,0.191847005884804,91
"12063",0,0,0,0,0.072646159050105,46.71
"12065",0,0,0,0,0.0694930595804294,43.65
"12067",0,0,0,0,0.0367230198862536,8.34
"12069",0,0,0,0,0.199968473191511,91.7
"12071",0,0,0,0,0.217053590465584,93.92
"12073",0,0,0,0,0.161091055419439,86.1
"12075",0,0,0,0,0.109860927955585,71.33
"12077",0,0,0,0,0.0248517721424961,1.62
"12079",0,0,0,0,0.0541086456792676,27.14
"12081",0,0,0,0,0.236840481239251,95.29
"12083",0,0,0,0,0.204458866532958,92.33
"12085",1.16395465232675e-05,0.754577144537967,1,0,0.211110749562014,93.16
"12086",3.3360288446398e-06,0.216270549256582,1,0,0.355880887978696,99.55
"12087",0,0,0,0,0.156186840622905,85.27
"12089",0,0,0,0,0.157717355756238,85.52
"12091",0,0,0,0,0.152143607459018,84.12
"12093",0,0,0,0,0.0855831769793554,57.02
"12095",9.63219464738944e-07,0.0624443050090638,1,0,0.257419192374014,96.69
"12097",0,0,0,0,0.181302698348322,89.63
"12099",7.81275432142973e-06,0.506491024805507,1,0,0.289442484510683,98.19
"12101",0,0,0,0,0.211285351204684,93.22
"12103",4.07083248524323e-06,0.263906944009098,1,0,0.356830123270242,99.62
"12105",6.85675887864565e-06,0.444515044043259,1,0,0.208308642071434,92.81
"12107",0,0,0,0,0.0962511094865867,64.02
"12109",0,0,0,0,0.226278383932674,94.75
"12111",0,0,0,0,0.186881125792392,90.3
"12113",0,0,0,0,0.17520085324258,88.58
"12115",0,0,0,0,0.236929336126431,95.32
"12117",8.83566917571622e-05,5.72805306750255,1,1,0.331110354116171,99.17
"12119",0,0,0,0,0.113562228424844,72.89
"12121",0,0,0,0,0.0682427377978055,42.54
"12123",0,0,0,0,0.06692765971414,40.98
"12125",0,0,0,0,0.0298334915327126,3.88
"12127",0,0,0,0,0.236833018832076,95.26
"12129",0,0,0,0,0.0990602326027158,65.38
"12131",0,0,0,0,0.167566995198573,87.34
"12133",0,0,0,0,0.0631586427924032,37
"13001",0,0,0,0,0.0579003867825717,31.59
"13003",0,0,0,0,0.0478121991754922,19.82
"13005",0,0,0,0,0.0529969573616655,25.33
"13007",0,0,0,0,0.0633314794278844,37.23
"13009",0,0,0,0,0.0795530985687813,52.56
"13011",0,0,0,0,0.0582002752218867,31.82
"13013",0,0,0,0,0.138320112669544,81.07
"13015",0,0,0,0,0.142768535034129,82.02
"13017",0,0,0,0,0.0488903446439699,21
"13019",0,0,0,0,0.0571436550428692,30.8
"13021",0,0,0,0,0.158478351939586,85.68
"13023",0,0,0,0,0.049809281904344,22.11
"13025",0,0,0,0,0.0449326603603445,16.48
"13027",0,0,0,0,0.0501954298676034,22.53
"13029",0,0,0,0,0.103682332476972,67.83
"13031",0,0,0,0,0.114909785889625,73.31
"13033",0,0,0,0,0.0551853271452712,28.51
"13035",0,0,0,0,0.0532433630963406,25.71
"13037",0,0,0,0,0.0281915790513017,2.9
"13039",0,0,0,0,0.0764071924555887,50.3
"13043",0,0,0,0,0.0604592166532575,34.58
"13045",0,0,0,0,0.125085888909315,76.71
"13047",0,0,0,0,0.109631838863132,71.11
"13049",0,0,0,0,0.0477480198994729,19.76
"13051",0,0,0,0,0.187058770361394,90.33
"13053",0,0,0,0,0.0221146492565816,0.83
"13055",0,0,0,0,0.0466151557225232,18.55
"13057",0,0,0,0,0.216107810340596,93.83
"13059",0,0,0,0,0.126514538184568,77.16
"13061",0,0,0,0,0.0399583307276127,11.33
"13063",0,0,0,0,0.141988602988379,81.86
"13065",0,0,0,0,0.0588216112658183,32.52
"13067",0,0,0,0,0.278674990538269,97.77
"13069",0,0,0,0,0.0781462719185902,51.51
"13071",0,0,0,0,0.0657501764132233,39.9
"13073",0,0,0,0,0.153427493321641,84.51
"13075",0,0,0,0,0.0585348418598503,32.1
"13077",0,0,0,0,0.149378279957013,83.42
"13079",0,0,0,0,0.042733496507694,14.35
"13081",0,0,0,0,0.0599940029693346,34.14
"13083",0,0,0,0,0.0585363342100486,32.13
"13085",0,0,0,0,0.102372182194801,67.17
"13087",0,0,0,0,0.0647663155916892,38.88
"13089",0,0,0,0,0.243844123673453,95.8
"13091",0,0,0,0,0.0538326239208297,26.73
"13093",0,0,0,0,0.0391375738796753,10.47
"13095",0,0,0,0,0.119194436307062,74.93
"13097",0,0,0,0,0.152886530469144,84.41
"13099",0,0,0,0,0.0433729014458627,15.02
"13101",0,0,0,0,0.0411027275988493,12.66
"13103",0,0,0,0,0.0857266140405373,57.14
"13105",0,0,0,0,0.0632931812307599,37.19
"13107",0,0,0,0,0.0628742755704872,36.72
"13109",0,0,0,0,0.042681922106602,14.25
"13111",0,0,0,0,0.0956116066531242,63.6
"13113",0,0,0,0,0.193218684603535,91.12
"13115",0,0,0,0,0.1050705567533,68.47
"13117",0,0,0,0,0.228224100503872,94.94
"13119",0,0,0,0,0.0755025127601287,49.54
"13121",0,0,0,0,0.298255608089734,98.35
"13123",0,0,0,0,0.0921105681974867,61.41
"13125",0,0,0,0,0.0378689804958152,9.26
"13127",0,0,0,0,0.143859244504463,82.21
"13129",0,0,0,0,0.0814922806510132,54.12
"13131",0,0,0,0,0.0600427907857716,34.2
"13133",0,0,0,0,0.0830919223659857,55.2
"13135",0,0,0,0,0.351233971724407,99.49
"13137",0,0,0,0,0.0778792355993981,51.48
"13139",0,0,0,0,0.165519942225844,86.99
"13141",0,0,0,0,0.0616759129059891,35.6
"13143",0,0,0,0,0.0769586983460707,50.75
"13145",0,0,0,0,0.0772443306440418,51
"13147",0,0,0,0,0.064645994301814,38.78
"13149",0,0,0,0,0.0560866934481671,29.69
"13151",0,0,0,0,0.12935308752255,77.92
"13153",0,0,0,0,0.0813985984078008,54.02
"13155",0,0,0,0,0.0394972555550374,10.91
"13157",0,0,0,0,0.0955701319901139,63.54
"13159",0,0,0,0,0.0732548869874598,47.31
"13161",0,0,0,0,0.0529209730829958,25.26
"13163",0,0,0,0,0.0551139944444953,28.32
"13165",0,0,0,0,0.0399567561729655,11.29
"13167",0,0,0,0,0.0467091284796969,18.68
"13169",0,0,0,0,0.068173661063995,42.44
"13171",0,0,0,0,0.0551613975802605,28.44
"13173",0,0,0,0,0.0416160702302317,13.27
"13175",0,0,0,0,0.0878855388965179,58.38
"13177",0,0,0,0,0.08451440157022,56.28
"13179",0,0,0,0,0.0429619748716942,14.57
"13181",0,0,0,0,0.0617825886379717,35.73
"13183",0,0,0,0,0.0653394297301666,39.45
"13185",0,0,0,0,0.125594146099651,76.81
"13187",0,0,0,0,0.106259761711943,69.17
"13189",0,0,0,0,0.0696947010094424,43.84
"13191",0,0,0,0,0.0626563824357671,36.59
"13193",0,0,0,0,0.0432801387898738,14.83
"13195",0,0,0,0,0.0787875975461055,51.99
"13197",0,0,0,0,0.0340326408500737,6.43
"13199",0,0,0,0,0.0572822853653273,31.02
"13201",0,0,0,0,0.031287367235774,4.84
"13205",0,0,0,0,0.0475948498249596,19.6
"13207",0,0,0,0,0.0669571433379549,41.11
"13209",0,0,0,0,0.0494183719225428,21.67
"13211",0,0,0,0,0.0790619121628518,52.08
"13213",0,0,0,0,0.0608231111936757,34.93
"13215",0,0,0,0,0.141744371656003,81.8
"13217",0,0,0,0,0.141832100900751,81.83
"13219",0,0,0,0,0.130623003022976,78.59
"13221",0,0,0,0,0.0589299389720009,32.71
"13223",0,0,0,0,0.16319353129036,86.54
"13225",0,0,0,0,0.0633453263505811,37.29
"13227",0,0,0,0,0.108809501335029,70.7
"13229",0,0,0,0,0.0631178557710411,36.97
"13231",0,0,0,0,0.0760651212566865,50.02
"13233",0,0,0,0,0.0760343190621536,49.98
"13235",0,0,0,0,0.0425225217526395,14.06
"13237",0,0,0,0,0.0734733327361329,47.44
"13239",0,0,0,0,0.0336919260021406,6.17
"13241",0,0,0,0,0.0789412966172139,52.02
"13243",0,0,0,0,0.0430859346116703,14.67
"13245",0,0,0,0,0.14168452339878,81.77
"13247",0,0,0,0,0.152617290410166,84.25
"13249",0,0,0,0,0.0546548971339275,27.65
"13251",0,0,0,0,0.0518898582283086,24.05
"13253",0,0,0,0,0.0358299472229372,7.67
"13255",0,0,0,0,0.101251405291977,66.4
"13257",0,0,0,0,0.076351181560453,50.24
"13259",0,0,0,0,0.0181914870468293,0.25
"13261",0,0,0,0,0.0755057346993072,49.57
"13263",0,0,0,0,0.0375217746311484,8.81
"13265",0,0,0,0,0.018503617811927,0.35
"13267",0,0,0,0,0.0432391512615831,14.76
"13269",0,0,0,0,0.0494635201614473,21.76
"13271",0,0,0,0,0.044395282248251,15.72
"13273",0,0,0,0,0.0460434834282831,17.75
"13275",0,0,0,0,0.128521248532096,77.73
"13277",0,0,0,0,0.0904812911572506,60.36
"13279",0,0,0,0,0.0712282790785946,45.02
"13281",0,0,0,0,0.0648244024588124,38.94
"13283",0,0,0,0,0.0550953732958158,28.25
"13285",0,0,0,0,0.0893839004647143,59.4
"13287",0,0,0,0,0.0550548428188326,28.19
"13289",0,0,0,0,0.0401929954452511,11.64
"13291",0,0,0,0,0.0896901099514281,59.66
"13293",0,0,0,0,0.0637132700137438,37.89
"13295",0,0,0,0,0.0759209148080633,49.83
"13297",0,0,0,0,0.132456339233583,79.16
"13299",0,0,0,0,0.0737227752968526,47.82
"13301",0,0,0,0,0.0746344969493813,48.55
"13303",0,0,0,0,0.0523438163259699,24.53
"13305",0,0,0,0,0.0656368327315317,39.8
"13307",0,0,0,0,0.0691701866299281,43.43
"13309",0,0,0,0,0.0683735107317735,42.63
"13311",0,0,0,0,0.0972192044666281,64.75
"13313",0,0,0,0,0.117408459658995,74.39
"13315",0,0,0,0,0.0408946264598784,12.47
"13317",0,0,0,0,0.0470615263758517,19.06
"13319",0,0,0,0,0.0369376273294063,8.53
"13321",0,0,0,0,0.0644337559116952,38.59
"15001",0,0,0,0,0.183647342571885,89.88
"15003",9.14302432958774e-06,0.592730754352856,1,0,0.214679390961534,93.73
"15007",0,0,0,0,0.149445504414686,83.46
"15009",2.34266102866246e-05,1.51871764599662,1,1,0.236967033405397,95.35
"16001",0,0,0,0,0.298310881731911,98.38
"16003",0,0,0,0,0.0772145481406138,50.91
"16005",0,0,0,0,0.155984878918563,85.14
"16007",0,0,0,0,0.0730813835603732,47.06
"16009",0,0,0,0,0.0598953320826446,34.04
"16011",0,0,0,0,0.107717235548729,70.06
"16013",0,0,0,0,0.163933625266672,86.73
"16015",0,0,0,0,0.0884252519845123,58.73
"16017",0,0,0,0,0.171958422509908,88.16
"16019",0,0,0,0,0.223723037039204,94.53
"16021",0,0,0,0,0.0853525510183818,56.82
"16023",0,0,0,0,0.0137128280376967,0.13
"16025",0,0,0,0,0.0657778326643551,39.93
"16027",0,0,0,0,0.199013534577919,91.63
"16029",0,0,0,0,0.0492205359028703,21.41
"16031",0,0,0,0,0.0812605532983543,53.96
"16033",0,0,0,0,0.0401415052385245,11.52
"16035",0,0,0,0,0.0677105204056066,41.97
"16037",0,0,0,0,0.0654590012168863,39.64
"16039",0,0,0,0,0.0560743271287329,29.65
"16041",0,0,0,0,0.0871463907816017,58.1
"16043",0,0,0,0,0.080896508570167,53.67
"16045",0,0,0,0,0.116244923849039,73.97
"16047",0,0,0,0,0.0530985325525649,25.52
"16049",0,0,0,0,0.099447393016096,65.61
"16051",0,0,0,0,0.108207136314703,70.25
"16053",0,0,0,0,0.0675389399730978,41.52
"16055",0,0,0,0,0.250246333367225,96.21
"16057",0,0,0,0,0.112548675298619,72.54
"16059",0,0,0,0,0.0906432807484398,60.48
"16061",0,0,0,0,0.0486787140902765,20.68
"16063",0,0,0,0,0.0535035293797036,26.09
"16065",0,0,0,0,0.0992075585525736,65.51
"16067",0,0,0,0,0.0649906230172018,39.1
"16069",0,0,0,0,0.108452220195075,70.44
"16071",0,0,0,0,0.0559593972700651,29.46
"16073",0,0,0,0,0.0578914256661348,31.53
"16075",0,0,0,0,0.0943942712815255,62.87
"16077",0,0,0,0,0.0300191445430711,4.01
"16079",0,0,0,0,0.0832400060703314,55.3
"16081",0,0,0,0,0.127536275691149,77.47
"16083",0,0,0,0,0.167593104672714,87.37
"16085",0,0,0,0,0.109133072577923,70.79
"16087",0,0,0,0,0.0767438386460113,50.52
"17001",0,0,0,0,0.140043052989078,81.32
"17003",0,0,0,0,0.0297396323358966,3.79
"17005",0,0,0,0,0.0617068186084888,35.63
"17007",0,0,0,0,0.0967173162967497,64.33
"17009",0,0,0,0,0.0341212356732747,6.55
"17011",0,0,0,0,0.0810888707406904,53.83
"17013",0,0,0,0,0.0649922454834209,39.13
"17015",0,0,0,0,0.0597361631762161,33.82
"17017",0,0,0,0,0.0481969548424527,20.2
"17019",0,0,0,0,0.123323457827178,76.23
"17021",0,0,0,0,0.068201017127686,42.48
"17023",0,0,0,0,0.0575085397730811,31.18
"17025",0,0,0,0,0.049083103059177,21.25
"17027",0,0,0,0,0.0726079557682178,46.64
"17029",0,0,0,0,0.0695254808656287,43.68
"17031",3.17842288775258e-06,0.206053153529661,1,0,0.411775497088544,99.94
"17033",0,0,0,0,0.0600830167324011,34.23
"17035",0,0,0,0,0.0407414676911208,12.31
"17037",0,0,0,0,0.125629097636802,76.84
"17039",0,0,0,0,0.0519476210562061,24.12
"17041",0,0,0,0,0.0814557541087587,54.09
"17043",0,0,0,0,0.394559496517274,99.81
"17045",0,0,0,0,0.0350423811584364,7.13
"17047",0,0,0,0,0.0480622926676211,20.08
"17049",0,0,0,0,0.105408158366694,68.72
"17051",0,0,0,0,0.085711142327147,57.11
"17053",0,0,0,0,0.0497731781736874,22.05
"17055",0,0,0,0,0.0851841750687958,56.7
"17057",0,0,0,0,0.0677241067068343,42.03
"17059",0,0,0,0,0.0467021937829854,18.64
"17061",0,0,0,0,0.0332188081611253,5.89
"17063",0,0,0,0,0.081755159460791,54.28
"17065",0,0,0,0,0.0515864684100224,23.8
"17067",0,0,0,0,0.061723906613789,35.7
"17069",0,0,0,0,0.0331295801624491,5.82
"17071",0,0,0,0,0.0488010804046154,20.84
"17073",0,0,0,0,0.0764002575623059,50.27
"17075",0,0,0,0,0.0659377940592182,40.18
"17077",0,0,0,0,0.08386172409977,55.77
"17079",0,0,0,0,0.0483261624947073,20.3
"17081",0,0,0,0,0.0718875183604629,45.56
"17083",0,0,0,0,0.0621885333920502,36.21
"17085",0,0,0,0,0.126870118788547,77.28
"17087",0,0,0,0,0.0382409612839802,9.58
"17089",0,0,0,0,0.308523649899512,98.73
"17091",0,0,0,0,0.134205631561669,79.89
"17093",0,0,0,0,0.153796203808113,84.57
"17095",0,0,0,0,0.0777519771025962,51.32
"17097",0,0,0,0,0.248788350551811,96.09
"17099",0,0,0,0,0.134621689739118,80.05
"17101",0,0,0,0,0.0367710866937153,8.4
"17103",0,0,0,0,0.0846723010657416,56.35
"17105",0,0,0,0,0.0696884811842727,43.81
"17107",0,0,0,0,0.053724726806316,26.5
"17109",0,0,0,0,0.0526365221168712,25.04
"17111",0,0,0,0,0.244056419879394,95.83
"17113",0,0,0,0,0.111439886183199,71.87
"17115",0,0,0,0,0.115160524067844,73.5
"17117",0,0,0,0,0.0679327829701196,42.28
"17119",0,0,0,0,0.156582356616927,85.36
"17121",0,0,0,0,0.0757572865991446,49.76
"17123",0,0,0,0,0.040510637946362,12.12
"17125",0,0,0,0,0.0449339771661069,16.51
"17127",0,0,0,0,0.0508971232821683,23.26
"17129",0,0,0,0,0.0613536916403527,35.32
"17131",0,0,0,0,0.0530597246693743,25.45
"17133",0,0,0,0,0.100683623465612,66.18
"17135",0,0,0,0,0.0637590235764548,37.93
"17137",0,0,0,0,0.0765752639700415,50.37
"17139",0,0,0,0,0.0607285905048833,34.84
"17141",0,0,0,0,0.0927944197831388,61.98
"17143",0,0,0,0,0.145720254698098,82.47
"17145",0,0,0,0,0.0547206194707384,27.71
"17147",0,0,0,0,0.0673329954906792,41.39
"17149",0,0,0,0,0.0713768776485415,45.15
"17151",0,0,0,0,0.0523179961329315,24.5
"17153",0,0,0,0,0.0257500429932031,1.94
"17155",0,0,0,0,0.060855562155348,34.97
"17157",0,0,0,0,0.0666061361235831,40.66
"17159",0,0,0,0,0.0617171811353754,35.67
"17161",0,0,0,0,0.136776665483429,80.69
"17163",0,0,0,0,0.165747081711756,87.05
"17165",0,0,0,0,0.051134498753271,23.45
"17167",0,0,0,0,0.106925103889644,69.65
"17169",0,0,0,0,0.0444956301634921,15.81
"17171",0,0,0,0,0.0626078150432453,36.49
"17173",0,0,0,0,0.0556332703046077,29.05
"17175",0,0,0,0,0.0342565941156252,6.65
"17177",0,0,0,0,0.0855632138617209,56.98
"17179",0,0,0,0,0.130399038381791,78.36
"17181",0,0,0,0,0.051077422755449,23.42
"17183",0,0,0,0,0.0985899164575529,65.29
"17185",0,0,0,0,0.0474190035856279,19.38
"17187",0,0,0,0,0.0418865638500606,13.55
"17189",0,0,0,0,0.048790546518095,20.81
"17191",0,0,0,0,0.054834792733216,27.94
"17193",0,0,0,0,0.0413727702216659,12.98
"17195",0,0,0,0,0.109355868798954,70.89
"17197",0,0,0,0,0.237022904445772,95.39
"17199",0,0,0,0,0.0953637046148471,63.41
"17201",0,0,0,0,0.201439509953903,91.95
"17203",0,0,0,0,0.0678458376204418,42.09
"18001",0,0,0,0,0.0918073083543093,61.22
"18003",0,0,0,0,0.249349849409047,96.12
"18005",0,0,0,0,0.112717450933324,72.61
"18007",0,0,0,0,0.0792606389057718,52.24
"18009",0,0,0,0,0.0560148318923545,29.56
"18011",0,0,0,0,0.126155112646728,76.96
"18013",0,0,0,0,0.0945358403991507,63
"18015",0,0,0,0,0.065266755563211,39.42
"18017",0,0,0,0,0.0827425062606336,54.92
"18019",0,0,0,0,0.163450055783364,86.57
"18021",0,0,0,0,0.061260240788675,35.28
"18023",0,0,0,0,0.0633511666762202,37.32
"18025",0,0,0,0,0.0469413469815415,18.87
"18027",0,0,0,0,0.0782574609573925,51.7
"18029",0,0,0,0,0.105315256574545,68.6
"18031",0,0,0,0,0.0793801996350249,52.4
"18033",0,0,0,0,0.101915689439333,66.85
"18035",0,0,0,0,0.141236958758504,81.61
"18037",0,0,0,0,0.0862826683471953,57.52
"18039",7.31213302232394e-06,0.474036376368904,1,0,0.206208259491567,92.55
"18041",0,0,0,0,0.0658146790407475,40.09
"18043",0,0,0,0,0.135002594782597,80.24
"18045",0,0,0,0,0.0685845291723748,42.79
"18047",0,0,0,0,0.077761951787366,51.35
"18049",0,0,0,0,0.0827102498973844,54.85
"18051",0,0,0,0,0.0542891027755928,27.43
"18053",0,0,0,0,0.0806313665747624,53.48
"18055",0,0,0,0,0.0754274075463272,49.48
"18057",1.61664933259327e-05,1.04805340540448,1,1,0.278995694440618,97.8
"18059",0,0,0,0,0.13202752809478,78.97
"18061",0,0,0,0,0.0886660620538076,58.86
"18063",0,0,0,0,0.124430569185494,76.55
"18065",0,0,0,0,0.0891834703807888,59.24
"18067",0,0,0,0,0.1098386571645,71.3
"18069",0,0,0,0,0.100801926778204,66.21
"18071",0,0,0,0,0.0817343301527507,54.25
"18073",0,0,0,0,0.0747119478000089,48.71
"18075",0,0,0,0,0.0559380705233254,29.43
"18077",0,0,0,0,0.0746284173894257,48.49
"18079",0,0,0,0,0.0690432698315382,43.3
"18081",0,0,0,0,0.162028353561938,86.29
"18083",0,0,0,0,0.0650411605326514,39.26
"18085",0,0,0,0,0.138190260189647,80.97
"18087",0,0,0,0,0.130953955563704,78.68
"18089",0,0,0,0,0.197673503640297,91.5
"18091",0,0,0,0,0.158684240519584,85.78
"18093",0,0,0,0,0.0879640508929865,58.45
"18095",0,0,0,0,0.142741239805687,81.96
"18097",1.46496535356939e-06,0.0949718591814285,1,0,0.260195430412899,96.85
"18099",0,0,0,0,0.115771457239102,73.81
"18101",0,0,0,0,0.0290696474392769,3.34
"18103",0,0,0,0,0.0663095162285753,40.5
"18105",0,0,0,0,0.124553312147464,76.58
"18107",0,0,0,0,0.0748438017898184,48.84
"18109",0,0,0,0,0.114486749555182,73.24
"18111",0,0,0,0,0.049959349226483,22.21
"18113",0,0,0,0,0.121092477371953,75.44
"18115",0,0,0,0,0.0605924279895518,34.71
"18117",0,0,0,0,0.0529340699488869,25.29
"18119",0,0,0,0,0.0550554447122245,28.22
"18121",0,0,0,0,0.0676917693091316,41.93
"18123",0,0,0,0,0.052394061112713,24.66
"18125",0,0,0,0,0.0455477556725307,17.15
"18127",0,0,0,0,0.183936984155401,89.95
"18129",0,0,0,0,0.0736091211531401,47.69
"18131",0,0,0,0,0.0446844230449324,16.1
"18133",0,0,0,0,0.0668217604259371,40.88
"18135",0,0,0,0,0.0738514245668215,47.95
"18137",0,0,0,0,0.0912700871538852,60.87
"18139",0,0,0,0,0.0620711877665329,36.08
"18141",0,0,0,0,0.209785727861392,92.94
"18143",0,0,0,0,0.0494845456375241,21.83
"18145",0,0,0,0,0.0898144469669072,59.72
"18147",0,0,0,0,0.0640788926602406,38.24
"18149",0,0,0,0,0.0620907580317058,36.11
"18151",0,0,0,0,0.112424671461154,72.32
"18153",0,0,0,0,0.0457360105679005,17.31
"18155",0,0,0,0,0.053012486263683,25.36
"18157",0,0,0,0,0.134370449627608,79.92
"18159",0,0,0,0,0.0593376480092423,33.22
"18161",0,0,0,0,0.102934741944403,67.42
"18163",0,0,0,0,0.195248323593153,91.44
"18165",0,0,0,0,0.0390227227389591,10.28
"18167",0,0,0,0,0.147278420005585,82.76
"18169",0,0,0,0,0.104047499790903,68.06
"18171",0,0,0,0,0.0896220994771159,59.59
"18173",0,0,0,0,0.113841658407274,73.02
"18175",0,0,0,0,0.0746629001235098,48.65
"18177",0,0,0,0,0.115921193667712,73.88
"18179",0,0,0,0,0.0887242666279632,58.89
"18181",0,0,0,0,0.0756396773592589,49.67
"18183",0,0,0,0,0.0896694448716468,59.62
"19001",0,0,0,0,0.0448516153041933,16.42
"19003",0,0,0,0,0.0398673924552554,11.17
"19005",0,0,0,0,0.0638580741228942,38.05
"19007",0,0,0,0,0.0730937632133819,47.09
"19009",0,0,0,0,0.0464637503471975,18.45
"19011",0,0,0,0,0.0935784813742016,62.42
"19013",0,0,0,0,0.140548058516768,81.36
"19015",0,0,0,0,0.0913087581784741,60.93
"19017",0,0,0,0,0.0722665900558844,46.01
"19019",0,0,0,0,0.0796784600121487,52.59
"19021",0,0,0,0,0.0533789982803587,25.84
"19023",0,0,0,0,0.0580501070162727,31.66
"19025",0,0,0,0,0.0488276856708404,20.94
"19027",0,0,0,0,0.0871131291036497,58.07
"19029",0,0,0,0,0.0666342595285657,40.73
"19031",0,0,0,0,0.0726895835123281,46.74
"19033",0,0,0,0,0.124200828625146,76.42
"19035",0,0,0,0,0.0537236194043899,26.47
"19037",0,0,0,0,0.0556583821456588,29.11
"19039",0,0,0,0,0.033629898523046,6.14
"19041",0,0,0,0,0.0998328023059234,65.86
"19043",0,0,0,0,0.0657376796862244,39.87
"19045",0,0,0,0,0.107820643714669,70.19
"19047",0,0,0,0,0.0591312557094622,32.93
"19049",0,0,0,0,0.107739177748072,70.09
"19051",0,0,0,0,0.0604329759892668,34.55
"19053",0,0,0,0,0.0592263259115188,33.03
"19055",0,0,0,0,0.073544899673751,47.5
"19057",0,0,0,0,0.115830396212648,73.85
"19059",0,0,0,0,0.0921032444855798,61.37
"19061",0,0,0,0,0.17500408346913,88.51
"19063",0,0,0,0,0.0589039308428388,32.64
"19065",0,0,0,0,0.0631844119539695,37.1
"19067",0,0,0,0,0.0617893265649107,35.76
"19069",0,0,0,0,0.0504465794585573,22.81
"19071",0,0,0,0,0.0367224817625722,8.3
"19073",0,0,0,0,0.0485578018478238,20.52
"19075",0,0,0,0,0.0464932726019403,18.49
"19077",0,0,0,0,0.067188388250436,41.2
"19079",0,0,0,0,0.0569103248852484,30.54
"19081",0,0,0,0,0.0470268599565013,19.03
"19083",0,0,0,0,0.0591155246497036,32.9
"19085",0,0,0,0,0.0545248621246022,27.55
"19087",0,0,0,0,0.0660580330975434,40.31
"19089",0,0,0,0,0.0540127493867081,27.01
"19091",0,0,0,0,0.0636092951648267,37.8
"19093",0,0,0,0,0.0394077669170386,10.79
"19095",0,0,0,0,0.0539896219420228,26.98
"19097",0,0,0,0,0.0725417536976728,46.45
"19099",0,0,0,0,0.11564368566577,73.72
"19101",0,0,0,0,0.109742225735705,71.24
"19103",0,0,0,0,0.101738639662738,66.69
"19105",0,0,0,0,0.0814095699805816,54.06
"19107",0,0,0,0,0.0407673109211743,12.34
"19109",0,0,0,0,0.0724388023131436,46.39
"19111",0,0,0,0,0.0825242345013259,54.69
"19113",0,0,0,0,0.214110394204678,93.57
"19115",0,0,0,0,0.0356119194092053,7.57
"19117",0,0,0,0,0.0541569042393554,27.2
"19119",0,0,0,0,0.0607364075077405,34.87
"19121",0,0,0,0,0.0918528259345248,61.25
"19123",0,0,0,0,0.0683758130719092,42.67
"19125",0,0,0,0,0.0711036302615834,44.86
"19127",0,0,0,0,0.0800456754174508,52.78
"19129",0,0,0,0,0.0733351434895304,47.38
"19131",0,0,0,0,0.0501831959022471,22.49
"19133",0,0,0,0,0.0442101724578795,15.53
"19135",0,0,0,0,0.0616004049922219,35.57
"19137",0,0,0,0,0.0540916516122368,27.11
"19139",0,0,0,0,0.0787660187939785,51.96
"19141",0,0,0,0,0.0633936181157639,37.42
"19143",0,0,0,0,0.0388483266603205,10.15
"19145",0,0,0,0,0.0525111338989315,24.88
"19147",0,0,0,0,0.0463747977560557,18.36
"19149",0,0,0,0,0.0596981118744164,33.76
"19151",0,0,0,0,0.0376103918574915,8.88
"19153",0,0,0,0,0.263452033609722,97.17
"19155",0,0,0,0,0.116122747650612,73.94
"19157",0,0,0,0,0.0493049774243492,21.48
"19159",0,0,0,0,0.0462429893080696,17.98
"19161",0,0,0,0,0.0537287064181317,26.54
"19163",0,0,0,0,0.195781456819697,91.47
"19165",0,0,0,0,0.0705734139718372,44.45
"19167",0,0,0,0,0.0906328713113746,60.45
"19169",0,0,0,0,0.0965367344490655,64.21
"19171",0,0,0,0,0.0539854979224117,26.95
"19173",0,0,0,0,0.0267973130126106,2.39
"19175",0,0,0,0,0.0533432562096259,25.77
"19177",0,0,0,0,0.0511720739465647,23.48
"19179",0,0,0,0,0.0824787034831497,54.66
"19181",0,0,0,0,0.0957753853849204,63.76
"19183",0,0,0,0,0.0762040045707521,50.08
"19185",0,0,0,0,0.0366322367817081,8.24
"19187",0,0,0,0,0.0820916463152324,54.5
"19189",0,0,0,0,0.0601825802697624,34.36
"19191",0,0,0,0,0.0853846747721313,56.92
"19193",0,0,0,0,0.134525129567229,79.96
"19195",0,0,0,0,0.0462844714122483,18.23
"19197",0,0,0,0,0.0320080533079957,5.31
"20001",0,0,0,0,0.0543050179433441,27.46
"20003",0,0,0,0,0.0676072015078877,41.65
"20005",0,0,0,0,0.0704211146768726,44.29
"20007",0,0,0,0,0.0412407690263397,12.79
"20009",0,0,0,0,0.0858343775655556,57.3
"20011",0,0,0,0,0.0644659959481479,38.63
"20013",0,0,0,0,0.0401593243316029,11.58
"20015",0,0,0,0,0.0968824486539704,64.43
"20017",0,0,0,0,0.0339941800947986,6.36
"20019",0,0,0,0,0.0305191528596309,4.26
"20021",0,0,0,0,0.055360724792276,28.64
"20023",0,0,0,0,0.0295694217923395,3.66
"20025",0,0,0,0,0.0322302418625464,5.5
"20027",0,0,0,0,0.0541964443107943,27.27
"20029",0,0,0,0,0.0632418500806599,37.16
"20031",0,0,0,0,0.0422566079004628,13.87
"20033",0,0,0,0,0.0297129382016703,3.75
"20035",0,0,0,0,0.0723348744985587,46.1
"20037",0,0,0,0,0.0797834287324238,52.69
"20039",0,0,0,0,0.0276395585421789,2.64
"20041",0,0,0,0,0.061947818950934,35.98
"20043",0,0,0,0,0.0397188169892017,11.07
"20045",1.69727417767066e-05,1.10032147723675,1,1,0.188900437501389,90.61
"20047",0,0,0,0,0.0318950185956507,5.22
"20049",0,0,0,0,0.0350326275293885,7.1
"20051",0,0,0,0,0.0902626459758026,60.2
"20053",0,0,0,0,0.0352204322946686,7.22
"20055",0,0,0,0,0.0898166764963314,59.75
"20057",0,0,0,0,0.0722094948929418,45.88
"20059",0,0,0,0,0.0634331435372687,37.48
"20061",0,0,0,0,0.0380792846585811,9.45
"20063",0,0,0,0,0.019517222695832,0.57
"20065",0,0,0,0,0.0339554644529434,6.33
"20067",0,0,0,0,0.0425012527186114,14
"20069",0,0,0,0,0.0313929971358618,4.9
"20071",0,0,0,0,0.0263182058479403,2.16
"20073",0,0,0,0,0.0409138887745856,12.5
"20075",0,0,0,0,0.0174177305409279,0.22
"20077",0,0,0,0,0.0519533054303355,24.15
"20079",0,0,0,0,0.0868890277115688,57.91
"20081",0,0,0,0,0.0258040400552299,2
"20083",0,0,0,0,0.023189940317987,1.05
"20085",0,0,0,0,0.0415095336629834,13.17
"20087",0,0,0,0,0.0669518392727897,41.04
"20089",0,0,0,0,0.0264697821627455,2.23
"20091",4.85805964239823e-06,0.314941889327741,1,0,0.29329107340675,98.25
"20093",0,0,0,0,0.0189698903563502,0.41
"20095",0,0,0,0,0.0437043001982498,15.21
"20097",0,0,0,0,0.0249614629438635,1.65
"20099",0,0,0,0,0.055368795071572,28.7
"20101",0,0,0,0,0.0215414433174712,0.76
"20103",0,0,0,0,0.0948145697685025,63.06
"20105",0,0,0,0,0.0360075739284248,7.86
"20107",0,0,0,0,0.0587820100771146,32.42
"20109",0,0,0,0,0.0291286018101049,3.4
"20111",0,0,0,0,0.0695384002570489,43.75
"20113",0,0,0,0,0.0757564582517073,49.73
"20115",0,0,0,0,0.0537542385695611,26.57
"20117",0,0,0,0,0.0489484189881798,21.03
"20119",0,0,0,0,0.0283774227273287,3.05
"20121",0,0,0,0,0.0997359313254781,65.77
"20123",0,0,0,0,0.0411574534190307,12.69
"20125",0,0,0,0,0.072730093026473,46.8
"20127",0,0,0,0,0.0457413210990883,17.34
"20129",0,0,0,0,0.0248118297761244,1.59
"20131",0,0,0,0,0.0506643767469428,23.04
"20133",0,0,0,0,0.0671893402898639,41.23
"20135",0,0,0,0,0.0297782354929073,3.82
"20137",0,0,0,0,0.0385678907327641,9.77
"20139",0,0,0,0,0.0551001346193203,28.29
"20141",0,0,0,0,0.0303418707141951,4.17
"20143",0,0,0,0,0.036639495771236,8.27
"20145",0,0,0,0,0.0319869149404698,5.25
"20147",0,0,0,0,0.0412164905029326,12.76
"20149",0,0,0,0,0.0738225021289409,47.88
"20151",0,0,0,0,0.0375536216084754,8.85
"20153",0,0,0,0,0.0292053845022526,3.5
"20155",0,0,0,0,0.123018739749196,76.11
"20157",0,0,0,0,0.040493567608105,12.03
"20159",0,0,0,0,0.0353619956146251,7.32
"20161",0,0,0,0,0.119712868610277,75.12
"20163",0,0,0,0,0.0386403301043584,9.93
"20165",0,0,0,0,0.0237896133106467,1.27
"20167",0,0,0,0,0.0418270276813329,13.49
"20169",0,0,0,0,0.106050121429432,69.07
"20171",0,0,0,0,0.0346088392630143,6.87
"20173",0,0,0,0,0.207738329769922,92.71
"20175",0,0,0,0,0.0548213452391055,27.9
"20177",0,0,0,0,0.148100042273571,83.04
"20179",0,0,0,0,0.0350849459483307,7.16
"20181",0,0,0,0,0.0490706517027308,21.22
"20183",0,0,0,0,0.0312868376785928,4.8
"20185",0,0,0,0,0.0285006648796256,3.09
"20187",0,0,0,0,0.0231739125422663,0.95
"20189",0,0,0,0,0.0286671929779659,3.18
"20191",0,0,0,0,0.0580074325251243,31.63
"20193",0,0,0,0,0.0503542288566281,22.72
"20195",0,0,0,0,0.0359621741392267,7.83
"20197",0,0,0,0,0.0404740215607475,11.99
"20199",0,0,0,0,0.0423253759085057,13.97
"20201",0,0,0,0,0.0387719312077365,10.12
"20203",0,0,0,0,0.0398904420059324,11.23
"20205",0,0,0,0,0.0443889455260144,15.69
"20207",0,0,0,0,0.0369273913252001,8.5
"20209",0,0,0,0,0.165515527505867,86.96
"21001",0,0,0,0,0.0648224960869108,38.91
"21003",0,0,0,0,0.059112484011056,32.87
"21005",0,0,0,0,0.0990692161119666,65.42
"21007",0,0,0,0,0.0523869093624552,24.59
"21009",0,0,0,0,0.112521280126847,72.48
"21011",0,0,0,0,0.0607025800137041,34.81
"21013",0,0,0,0,0.0658553560133148,40.12
"21015",0,0,0,0,0.178694144398523,89.09
"21017",0,0,0,0,0.0723566507844119,46.23
"21019",0,0,0,0,0.113614574111907,72.92
"21021",0,0,0,0,0.0959263117890409,63.79
"21023",0,0,0,0,0.0562099295061686,29.75
"21025",0,0,0,0,0.0438203661744234,15.27
"21027",0,0,0,0,0.074116927498298,48.08
"21029",0,0,0,0,0.0921807054813529,61.47
"21031",0,0,0,0,0.0650253293317639,39.17
"21033",0,0,0,0,0.0516208599675803,23.89
"21035",0,0,0,0,0.0892749282570543,59.34
"21037",0,0,0,0,0.179571412925921,89.18
"21039",0,0,0,0,0.0380258099540803,9.32
"21041",0,0,0,0,0.0577859080104861,31.4
"21043",0,0,0,0,0.0661226718841389,40.38
"21045",0,0,0,0,0.0622369862358539,36.27
"21047",0,0,0,0,0.0678796263108134,42.16
"21049",0,0,0,0,0.0943706930047568,62.84
"21051",0,0,0,0,0.0730089276848222,46.96
"21053",0,0,0,0,0.0501800045716,22.46
"21055",0,0,0,0,0.0626355290832268,36.56
"21057",0,0,0,0,0.0472464586732638,19.22
"21059",0,0,0,0,0.132821556014154,79.26
"21061",0,0,0,0,0.0534921146619853,26.06
"21063",0,0,0,0,0.0304263331347778,4.2
"21065",0,0,0,0,0.0539649234120112,26.85
"21067",0,0,0,0,0.23292193360009,95.1
"21069",0,0,0,0,0.0685495465640537,42.73
"21071",0,0,0,0,0.0739625736773447,47.98
"21073",0,0,0,0,0.10723047336591,69.9
"21075",0,0,0,0,0.0478842836527903,19.92
"21077",0,0,0,0,0.0308450923372257,4.58
"21079",0,0,0,0,0.0900710536865337,60.04
"21081",0,0,0,0,0.0808197185295302,53.64
"21083",0,0,0,0,0.0924152920591919,61.76
"21085",0,0,0,0,0.0751295831979826,49.09
"21087",0,0,0,0,0.0551659905012167,28.48
"21089",0,0,0,0,0.0954863198271692,63.51
"21091",0,0,0,0,0.0396115683822934,11.01
"21093",0,0,0,0,0.107131108186123,69.84
"21095",0,0,0,0,0.0487544247861963,20.74
"21097",0,0,0,0,0.0614861381379473,35.38
"21099",0,0,0,0,0.0582019872403299,31.85
"21101",0,0,0,0,0.0921405231691005,61.44
"21103",0,0,0,0,0.0668185915707437,40.85
"21105",0,0,0,0,0.0283509633827438,2.99
"21107",0,0,0,0,0.0841099060743717,55.97
"21109",0,0,0,0,0.0645969463970266,38.66
"21111",0,0,0,0,0.281520113144571,97.9
"21113",0,0,0,0,0.142764754554136,81.99
"21115",0,0,0,0,0.0642335624837729,38.37
"21117",0,0,0,0,0.194390569044412,91.22
"21119",0,0,0,0,0.0495188701250801,21.86
"21121",0,0,0,0,0.070927515665553,44.77
"21123",0,0,0,0,0.0648508491630018,38.98
"21125",0,0,0,0,0.112067773105947,72.06
"21127",0,0,0,0,0.0401791306634197,11.61
"21129",0,0,0,0,0.0415230856420972,13.2
"21131",0,0,0,0,0.0306747272209995,4.36
"21133",0,0,0,0,0.0431523256517086,14.73
"21135",0,0,0,0,0.053691441300094,26.38
"21137",0,0,0,0,0.0750560151131502,49
"21139",0,0,0,0,0.0460375246456942,17.72
"21141",0,0,0,0,0.0818024656307123,54.37
"21143",0,0,0,0,0.057488786425606,31.15
"21145",0,0,0,0,0.136487447962611,80.59
"21147",0,0,0,0,0.0470793631097551,19.12
"21149",0,0,0,0,0.0413597793852098,12.95
"21151",0,0,0,0,0.11598069127311,73.91
"21153",0,0,0,0,0.0524214915874487,24.75
"21155",0,0,0,0,0.0495206919289716,21.89
"21157",0,0,0,0,0.103598140501121,67.71
"21159",0,0,0,0,0.0355434038870834,7.51
"21161",0,0,0,0,0.0846902811140746,56.38
"21163",0,0,0,0,0.0783693280570406,51.77
"21165",0,0,0,0,0.0576790904263434,31.37
"21167",0,0,0,0,0.0585321917126679,32.07
"21169",0,0,0,0,0.0556680977561765,29.14
"21171",0,0,0,0,0.0478675624362858,19.89
"21173",0,0,0,0,0.082748809937092,54.95
"21175",0,0,0,0,0.0419269247435525,13.62
"21177",0,0,0,0,0.0618291742968198,35.83
"21179",0,0,0,0,0.0831701180919292,55.27
"21181",0,0,0,0,0.0584589299743591,32.04
"21183",0,0,0,0,0.0538947941097532,26.82
"21185",0,0,0,0,0.169095196756686,87.66
"21187",0,0,0,0,0.0536824152710954,26.31
"21189",0,0,0,0,0.0519538823187599,24.18
"21191",0,0,0,0,0.0683141255461839,42.57
"21193",0,0,0,0,0.072229835264128,45.91
"21195",0,0,0,0,0.0799394777854641,52.72
"21197",0,0,0,0,0.0712113938561455,44.96
"21199",0,0,0,0,0.12806757279679,77.6
"21201",0,0,0,0,0.0295617176116388,3.63
"21203",0,0,0,0,0.0530571930120516,25.42
"21205",0,0,0,0,0.0615166456177626,35.44
"21207",0,0,0,0,0.0554377700593683,28.86
"21209",0,0,0,0,0.0703144495048323,44.23
"21211",0,0,0,0,0.121749742453954,75.63
"21213",0,0,0,0,0.0735850707734829,47.63
"21215",0,0,0,0,0.0835984229780246,55.58
"21217",0,0,0,0,0.0802507142388686,53.01
"21219",0,0,0,0,0.0635118558564049,37.64
"21221",0,0,0,0,0.0633365344990424,37.26
"21223",0,0,0,0,0.0520921319937221,24.28
"21225",0,0,0,0,0.044081244448284,15.37
"21227",0,0,0,0,0.169834425798876,87.72
"21229",0,0,0,0,0.0572411810969764,30.89
"21231",0,0,0,0,0.0568629298247436,30.45
"21233",0,0,0,0,0.0494821344882876,21.79
"21235",0,0,0,0,0.0748582038566164,48.87
"21237",0,0,0,0,0.0572788818019702,30.96
"21239",0.000406471018616373,26.3510043068998,1,1,0.136717284886518,80.66
"22001",0,0,0,0,0.119569949614929,75.02
"22003",0,0,0,0,0.0462760337464148,18.17
"22005",0,0,0,0,0.159465452330181,85.91
"22007",0,0,0,0,0.062410648027839,36.33
"22009",0,0,0,0,0.0743019609226361,48.2
"22011",0,0,0,0,0.0811334588018854,53.87
"22013",0,0,0,0,0.0380616121693649,9.42
"22015",0,0,0,0,0.138606496763105,81.13
"22017",0,0,0,0,0.177720739251068,88.93
"22019",0,0,0,0,0.155960246090007,85.11
"22021",0,0,0,0,0.0505676287462226,23
"22023",0,0,0,0,0.0450149661467486,16.7
"22025",0,0,0,0,0.0775281240011563,51.1
"22027",0,0,0,0,0.0538593303651544,26.76
"22029",0,0,0,0,0.063379270287547,37.38
"22031",0,0,0,0,0.0638037154204922,37.96
"22033",6.57550820459036e-06,0.426281916996274,1,0,0.184727687247672,90.04
"22035",0,0,0,0,0.0455390737770169,17.12
"22037",0,0,0,0,0.0583496754971579,31.98
"22039",0,0,0,0,0.0601649209784801,34.33
"22041",0,0,0,0,0.0566382148200291,30.19
"22043",0,0,0,0,0.0420325356229696,13.81
"22045",0,0,0,0,0.113364603530214,72.83
"22047",0,0,0,0,0.0629349425779278,36.81
"22049",0,0,0,0,0.0447600752689775,16.32
"22051",0,0,0,0,0.273200018558968,97.58
"22053",0,0,0,0,0.0793551679765477,52.37
"22055",0,0,0,0,0.209510425367422,92.9
"22057",0,0,0,0,0.0982135788111003,65.1
"22059",0,0,0,0,0.0377407900164787,9
"22061",0,0,0,0,0.104805232496193,68.31
"22063",0,0,0,0,0.126757213448369,77.19
"22065",0,0,0,0,0.041386394001421,13.04
"22067",0,0,0,0,0.0689947714264869,43.24
"22069",0,0,0,0,0.0669392956988143,41.01
"22071",0,0,0,0,0.212180825493301,93.35
"22073",0,0,0,0,0.154020340153388,84.66
"22075",0,0,0,0,0.0957050888512554,63.7
"22077",0,0,0,0,0.0590987204990402,32.83
"22079",0,0,0,0,0.11885993633386,74.77
"22081",0,0,0,0,0.0417091084236781,13.39
"22083",0,0,0,0,0.0561259414458334,29.72
"22085",0,0,0,0,0.0625570398993548,36.43
"22087",0,0,0,0,0.118927695916254,74.83
"22089",0,0,0,0,0.120501124673524,75.37
"22091",0,0,0,0,0.0604055465505635,34.49
"22093",0,0,0,0,0.0649546084112792,39.04
"22095",0,0,0,0,0.101931027962908,66.88
"22097",0,0,0,0,0.101433967066038,66.47
"22099",0,0,0,0,0.100296884013101,66.02
"22101",0,0,0,0,0.111336613211773,71.81
"22103",0,0,0,0,0.242529568484046,95.64
"22105",0,0,0,0,0.137200674514018,80.78
"22107",0,0,0,0,0.0390794894167567,10.34
"22109",0,0,0,0,0.126461411294773,77.09
"22111",0,0,0,0,0.0629365347528476,36.84
"22113",0,0,0,0,0.103658688661252,67.8
"22115",0,0,0,0,0.0434101782625213,15.05
"22117",0,0,0,0,0.0614959217572982,35.41
"22119",0,0,0,0,0.0704755101538938,44.32
"22121",0,0,0,0,0.0898999364679286,59.82
"22123",0,0,0,0,0.0488149976065513,20.87
"22125",0,0,0,0,0.0407413634864257,12.28
"22127",0,0,0,0,0.0391112063607814,10.4
"23001",0,0,0,0,0.168985622179328,87.62
"23003",0,0,0,0,0.0962635421287664,64.08
"23005",0,0,0,0,0.278556943633841,97.74
"23007",0,0,0,0,0.101830878965612,66.82
"23009",0.000328731097961867,21.3112231413001,1,1,0.180985821521836,89.56
"23011",0,0,0,0,0.133957916262212,79.76
"23013",0,0,0,0,0.170088022011251,87.75
"23015",0,0,0,0,0.152831893743437,84.38
"23017",0,0,0,0,0.101739574723456,66.72
"23019",0,0,0,0,0.165956806114003,87.15
"23021",0,0,0,0,0.0899463715917164,59.85
"23023",0,0,0,0,0.107394464255141,69.93
"23025",0,0,0,0,0.115625064807843,73.69
"23027",0,0,0,0,0.136199261553593,80.56
"23029",0,0,0,0,0.104384660353125,68.18
"23031",0,0,0,0,0.20580877907697,92.46
"24001",0,0,0,0,0.119722590381938,75.15
"24003",0,0,0,0,0.191715557266744,90.96
"24005",0,0,0,0,0.243397166202294,95.7
"24009",0,0,0,0,0.160782997932394,86.06
"24011",0,0,0,0,0.0910104713629981,60.74
"24013",0,0,0,0,0.154855206483034,84.79
"24015",0,0,0,0,0.115042656773409,73.37
"24017",0,0,0,0,0.143003940549475,82.06
"24019",0,0,0,0,0.101958005224946,66.94
"24021",0,0,0,0,0.213103339787329,93.48
"24023",0,0,0,0,0.12646490316755,77.12
"24025",0,0,0,0,0.184392049898546,89.98
"24027",0,0,0,0,0.253937782886773,96.44
"24029",0,0,0,0,0.106475598961854,69.42
"24031",0,0,0,0,0.210062718637774,93.03
"24033",0,0,0,0,0.188581558784367,90.58
"24035",0,0,0,0,0.158293175073947,85.65
"24037",0,0,0,0,0.0743839468470635,48.23
"24039",0,0,0,0,0.0688555089408226,43.08
"24041",0,0,0,0,0.165711191276281,87.02
"24043",0,0,0,0,0.179409118739542,89.15
"24045",0,0,0,0,0.148875869912914,83.3
"24047",0,0,0,0,0.127075377619597,77.31
"24510",2.57449958164382e-06,0.166901566057372,1,0,0.167988341019402,87.53
"25001",0,0,0,0,0.194779051559903,91.25
"25003",0,0,0,0,0.184532231724438,90.01
"25005",4.73288765307934e-05,3.06827146877288,1,1,0.320504121525757,98.95
"25007",0,0,0,0,0.147610413243433,82.79
"25009",0.000166517437924483,10.7951158211928,1,1,0.36538962285363,99.68
"25011",0,0,0,0,0.158996591866721,85.81
"25013",0,0,0,0,0.230863061446857,95
"25015",0,0,0,0,0.16713843209551,87.31
"25017",1.90867924168174e-06,0.123737271821376,1,0,0.290241233168075,98.22
"25019",0,0,0,0,0.130024729014326,78.21
"25021",0,0,0,0,0.337171979171204,99.3
"25023",6.36164112164821e-05,4.12417183311456,1,1,0.32299470760779,99.08
"25025",0,0,0,0,0.20119904041121,91.85
"25027",0,0,0,0,0.279288041348254,97.84
"26001",0,0,0,0,0.0803518661984328,53.17
"26003",0,0,0,0,0.0677621692215199,42.06
"26005",0,0,0,0,0.169446227314556,87.69
"26007",0,0,0,0,0.108601301516469,70.57
"26009",0,0,0,0,0.0922687542787862,61.66
"26011",0,0,0,0,0.0646057787761016,38.72
"26013",0,0,0,0,0.0402747326156645,11.74
"26015",0,0,0,0,0.101821091074227,66.78
"26017",0,0,0,0,0.149043874035293,83.39
"26019",0,0,0,0,0.0911589794434641,60.8
"26021",0,0,0,0,0.166326643585843,87.18
"26023",0,0,0,0,0.10242190271736,67.2
"26025",0,0,0,0,0.137408266855285,80.81
"26027",0,0,0,0,0.0998198896689781,65.83
"26029",0,0,0,0,0.122984021204681,76.07
"26031",0,0,0,0,0.117931863195062,74.45
"26033",0,0,0,0,0.0900302542019011,59.97
"26035",0,0,0,0,0.0850920145061653,56.63
"26037",0,0,0,0,0.133529523075117,79.57
"26039",0,0,0,0,0.0595433974122638,33.53
"26041",0,0,0,0,0.126832868927637,77.25
"26043",0,0,0,0,0.105383478679708,68.66
"26045",0,0,0,0,0.12756173748714,77.51
"26047",0,0,0,0,0.13231725444444,79.13
"26049",0,0,0,0,0.175461409132921,88.64
"26051",0,0,0,0,0.07724090078178,50.97
"26053",0,0,0,0,0.0797158761263191,52.62
"26055",0,0,0,0,0.203527494865923,92.17
"26057",0,0,0,0,0.0867929515003167,57.81
"26059",0,0,0,0,0.0782394738985657,51.64
"26061",0,0,0,0,0.104528513450309,68.25
"26063",0,0,0,0,0.08593337890631,57.4
"26065",0,0,0,0,0.148856005981915,83.26
"26067",0,0,0,0,0.0804467978458098,53.23
"26069",0,0,0,0,0.0750400417241146,48.97
"26071",0,0,0,0,0.0674046290311724,41.46
"26073",0,0,0,0,0.0985946907070459,65.35
"26075",0,0,0,0,0.153022773308809,84.44
"26077",0,0,0,0,0.207486053362216,92.68
"26079",0,0,0,0,0.0660165569141327,40.28
"26081",2.19445986662073e-06,0.142264069880018,1,0,0.274454676757059,97.65
"26083",0,0,0,0,0.0458874691170765,17.56
"26085",0,0,0,0,0.0574287055254892,31.08
"26087",0,0,0,0,0.155668960575747,85.01
"26089",0,0,0,0,0.112420751934196,72.29
"26091",0,0,0,0,0.129344742814737,77.89
"26093",0,0,0,0,0.2133619142565,93.51
"26095",0,0,0,0,0.0750891466928712,49.06
"26097",0,0,0,0,0.0697265581174177,43.88
"26099",0,0,0,0,0.226622919243411,94.81
"26101",0,0,0,0,0.0723045836117209,46.04
"26103",0,0,0,0,0.123807392450477,76.33
"26105",0,0,0,0,0.0913314668347116,60.99
"26107",0,0,0,0,0.077177453471096,50.87
"26109",0,0,0,0,0.0723443110975998,46.17
"26111",0,0,0,0,0.106727522034214,69.52
"26113",0,0,0,0,0.0678525755981628,42.13
"26115",0,0,0,0,0.13912741283456,81.2
"26117",0,0,0,0,0.0960004367059644,63.86
"26119",0,0,0,0,0.0447000780119664,16.13
"26121",0,0,0,0,0.157302928595457,85.49
"26123",0,0,0,0,0.0999097423505443,65.92
"26125",1.27013642535345e-06,0.0823413450945869,1,0,0.336859071846153,99.27
"26127",0,0,0,0,0.0793213608042019,52.34
"26129",0,0,0,0,0.0870869165404708,58
"26131",0,0,0,0,0.0503930873267908,22.75
"26133",0,0,0,0,0.067636559348345,41.78
"26135",0,0,0,0,0.0675432213969714,41.55
"26137",0,0,0,0,0.085792519841775,57.21
"26139",0,0,0,0,0.226163071631911,94.72
"26141",0,0,0,0,0.0634362162437873,37.51
"26143",0,0,0,0,0.080498758586593,53.26
"26145",0,0,0,0,0.171909833347626,88.13
"26147",0,0,0,0,0.195002470825558,91.31
"26149",0,0,0,0,0.106591916776028,69.49
"26151",0,0,0,0,0.117885751238334,74.42
"26153",0,0,0,0,0.0722572307098642,45.94
"26155",0,0,0,0,0.109393549047713,70.92
"26157",0,0,0,0,0.0935351745088734,62.36
"26159",0,0,0,0,0.108614513760605,70.63
"26161",0,0,0,0,0.172191499070412,88.2
"26163",0,0,0,0,0.247033941775124,95.99
"26165",0,0,0,0,0.0997693655314416,65.8
"27001",0,0,0,0,0.0785631772886801,51.83
"27003",0,0,0,0,0.233684058556101,95.2
"27005",0,0,0,0,0.109104120423531,70.76
"27007",0,0,0,0,0.112292804227084,72.19
"27009",0,0,0,0,0.100563714450028,66.08
"27011",0,0,0,0,0.0598157336203179,33.92
"27013",0,0,0,0,0.141597232765569,81.74
"27015",0,0,0,0,0.0756185274345244,49.63
"27017",0,0,0,0,0.0719598534880384,45.69
"27019",0,0,0,0,0.180288382328786,89.41
"27021",0,0,0,0,0.0746813490592652,48.68
"27023",0,0,0,0,0.0629409284426786,36.88
"27025",0,0,0,0,0.121858016027955,75.69
"27027",0,0,0,0,0.111718384841194,71.97
"27029",0,0,0,0,0.05251367166196,24.91
"27031",0,0,0,0,0.0827031213441847,54.79
"27033",0,0,0,0,0.042869082667029,14.48
"27035",0,0,0,0,0.1551669422734,84.89
"27037",0,0,0,0,0.261305677909427,96.98
"27039",0,0,0,0,0.0643915720672075,38.53
"27041",0,0,0,0,0.130529197380992,78.52
"27043",0,0,0,0,0.0534845508367018,25.99
"27045",0,0,0,0,0.092222131171567,61.57
"27047",0,0,0,0,0.0860009514502828,57.43
"27049",0,0,0,0,0.109301521425019,70.82
"27051",0,0,0,0,0.0490152487348847,21.16
"27053",3.09829593723452e-05,2.00858624223765,1,1,0.399796360725212,99.87
"27055",0,0,0,0,0.0806461697450649,53.52
"27057",0,0,0,0,0.0940121331271441,62.58
"27059",0,0,0,0,0.104020546330171,67.99
"27061",0,0,0,0,0.106940484332261,69.68
"27063",0,0,0,0,0.0363436650975919,8.08
"27065",0,0,0,0,0.0567607640065304,30.35
"27067",0,0,0,0,0.0944621855829651,62.93
"27069",0,0,0,0,0.0555669106357188,28.92
"27071",0,0,0,0,0.0641012411700024,38.28
"27073",0,0,0,0,0.060582343610141,34.68
"27075",0,0,0,0,0.0708044592066445,44.7
"27077",0,0,0,0,0.0500335840778516,22.3
"27079",0,0,0,0,0.0955957029172039,63.57
"27081",0,0,0,0,0.0523493514063711,24.56
"27083",0,0,0,0,0.0714683399040213,45.24
"27085",0,0,0,0,0.102540258187532,67.23
"27087",0,0,0,0,0.0315446471596511,5.03
"27089",0,0,0,0,0.0461289905768627,17.82
"27091",0,0,0,0,0.0676248128528659,41.74
"27093",0,0,0,0,0.0834768569318755,55.49
"27095",0,0,0,0,0.0855975588208672,57.08
"27097",0,0,0,0,0.105391498978267,68.69
"27099",0,0,0,0,0.074788735756794,48.81
"27101",0,0,0,0,0.0568853603268681,30.51
"27103",0,0,0,0,0.0803304211560798,53.13
"27105",0,0,0,0,0.0526056843796789,24.98
"27107",0,0,0,0,0.0462394431948622,17.94
"27109",0,0,0,0,0.102228683257548,67.04
"27111",0,0,0,0,0.117214032239614,74.23
"27113",0,0,0,0,0.0544397820713922,27.49
"27115",0,0,0,0,0.0888173799011204,59.05
"27117",0,0,0,0,0.0535545463742913,26.19
"27119",0,0,0,0,0.0749811630115944,48.93
"27121",0,0,0,0,0.069756598168041,43.94
"27123",8.37296536941523e-06,0.542808801626322,1,0,0.232945789846228,95.13
"27125",0,0,0,0,0.041646634397617,13.36
"27127",0,0,0,0,0.0752220974903966,49.22
"27129",0,0,0,0,0.0452632915611625,16.77
"27131",0,0,0,0,0.103314647258384,67.61
"27133",0,0,0,0,0.0564344246937862,30
"27135",0,0,0,0,0.0407085377657505,12.25
"27137",0,0,0,0,0.162392632637068,86.32
"27139",0,0,0,0,0.159958002132776,85.97
"27141",0,0,0,0,0.140654219048254,81.42
"27143",0,0,0,0,0.0646854376123976,38.82
"27145",0,0,0,0,0.176342556814059,88.77
"27147",0,0,0,0,0.0985910691772318,65.32
"27149",0,0,0,0,0.037176894292638,8.59
"27151",0,0,0,0,0.0522118408845763,24.44
"27153",0,0,0,0,0.0676730810469269,41.9
"27155",0,0,0,0,0.0679296824970482,42.25
"27157",0,0,0,0,0.0752202882311621,49.19
"27159",0,0,0,0,0.0668892649163376,40.95
"27161",0,0,0,0,0.0767620256652279,50.56
"27163",0,0,0,0,0.187444013119284,90.36
"27165",0,0,0,0,0.0717955155408835,45.4
"27167",0,0,0,0,0.054183025429982,27.24
"27169",0,0,0,0,0.119642898473066,75.06
"27171",0,0,0,0,0.159308570741628,85.87
"27173",0,0,0,0,0.056990777022977,30.64
"28001",0,0,0,0,0.0931151250306464,62.14
"28003",0,0,0,0,0.0892295035905312,59.31
"28005",0,0,0,0,0.0386404058574174,9.96
"28007",0,0,0,0,0.0640261844038321,38.21
"28009",0,0,0,0,0.0542234638241978,27.33
"28011",0,0,0,0,0.0713529508036995,45.12
"28013",0,0,0,0,0.0476645848350457,19.69
"28015",0,0,0,0,0.0649376034031277,39.01
"28017",0,0,0,0,0.0549005774712375,28.03
"28019",0,0,0,0,0.0360838032167135,7.95
"28021",0,0,0,0,0.0335618883284868,6.08
"28023",0,0,0,0,0.0430733142309129,14.64
"28025",0,0,0,0,0.0597150608722695,33.79
"28027",0,0,0,0,0.0708574989102547,44.73
"28029",0,0,0,0,0.0555674890977294,28.95
"28031",0,0,0,0,0.0485652827033874,20.59
"28033",0,0,0,0,0.130491900484415,78.46
"28035",0,0,0,0,0.106818883416688,69.55
"28037",0,0,0,0,0.0378553818081054,9.2
"28039",0,0,0,0,0.0650380291955582,39.23
"28041",0,0,0,0,0.0406911856758959,12.22
"28043",0,0,0,0,0.0724159582967453,46.36
"28045",0,0,0,0,0.0847560682018373,56.41
"28047",0,0,0,0,0.144754629555575,82.34
"28049",0,0,0,0,0.147625770025295,82.82
"28051",0,0,0,0,0.0615210367177251,35.48
"28053",0,0,0,0,0.0412441476857974,12.85
"28055",0,0,0,0,0.032102767875899,5.41
"28057",0,0,0,0,0.0658053420749695,40.06
"28059",0,0,0,0,0.0842706626043857,56.12
"28061",0,0,0,0,0.0355139043919673,7.45
"28063",0,0,0,0,0.0427784527377698,14.38
"28065",0,0,0,0,0.0366256528191317,8.21
"28067",0,0,0,0,0.0718625787900047,45.53
"28069",0,0,0,0,0.044313265676104,15.59
"28071",0,0,0,0,0.108455578752846,70.47
"28073",0,0,0,0,0.10846408069954,70.51
"28075",0,0,0,0,0.122247253470259,75.76
"28077",0,0,0,0,0.0458348242537173,17.53
"28079",0,0,0,0,0.0352386825013163,7.25
"28081",0,0,0,0,0.130665728085165,78.62
"28083",0,0,0,0,0.0766510762642284,50.43
"28085",0,0,0,0,0.0762543464859905,50.11
"28087",0,0,0,0,0.118065887465559,74.51
"28089",0,0,0,0,0.149701750397225,83.61
"28091",0,0,0,0,0.06121092977848,35.19
"28093",0,0,0,0,0.0716943588153857,45.31
"28095",0,0,0,0,0.073208071367271,47.25
"28097",0,0,0,0,0.0430664958023343,14.6
"28099",0,0,0,0,0.0473094552230743,19.25
"28101",0,0,0,0,0.0470007720780033,18.93
"28103",0,0,0,0,0.0456191278682417,17.21
"28105",0,0,0,0,0.0686081283866449,42.86
"28107",0,0,0,0,0.0720347074410327,45.75
"28109",0,0,0,0,0.093289750270815,62.27
"28111",0,0,0,0,0.0491564873782255,21.38
"28113",0,0,0,0,0.0718590885948776,45.5
"28115",0,0,0,0,0.0704173971560333,44.26
"28117",0,0,0,0,0.0657807674605372,39.96
"28119",0,0,0,0,0.0403548055039517,11.8
"28121",0,0,0,0,0.163673007104918,86.67
"28123",0,0,0,0,0.0342462413468976,6.62
"28125",0,0,0,0,0.0355385979955976,7.48
"28127",0,0,0,0,0.0527985209253351,25.17
"28129",0,0,0,0,0.0454824209070864,16.99
"28131",0,0,0,0,0.0594287373033009,33.38
"28133",0,0,0,0,0.042595076742674,14.09
"28135",0,0,0,0,0.0297092003907821,3.72
"28137",0,0,0,0,0.0650585961122013,39.29
"28139",0,0,0,0,0.0489846964886891,21.09
"28141",0,0,0,0,0.0740465909750164,48.04
"28143",0,0,0,0,0.0347238145337487,6.94
"28145",0,0,0,0,0.0629068955038719,36.75
"28147",0,0,0,0,0.0634750169646139,37.58
"28149",0,0,0,0,0.075538191125273,49.6
"28151",0,0,0,0,0.0930994040659176,62.11
"28153",0,0,0,0,0.0592575893215163,33.12
"28155",0,0,0,0,0.0552880797932149,28.54
"28157",0,0,0,0,0.0380458576415816,9.39
"28159",0,0,0,0,0.0556542559516722,29.08
"28161",0,0,0,0,0.0455374585991957,17.09
"28163",0,0,0,0,0.0470008806384337,18.96
"29001",0,0,0,0,0.074552901574012,48.43
"29003",0,0,0,0,0.0830796257238849,55.17
"29005",0,0,0,0,0.0352627105277342,7.29
"29007",0,0,0,0,0.0805641150888661,53.39
"29009",0,0,0,0,0.0759705866295513,49.86
"29011",0,0,0,0,0.0557994171097639,29.27
"29013",0,0,0,0,0.0696882663795668,43.78
"29015",0,0,0,0,0.0718381584835405,45.47
"29017",0,0,0,0,0.0564511087565608,30.07
"29019",0,0,0,0,0.147981288414604,82.98
"29021",0,0,0,0,0.13163935077552,78.81
"29023",0,0,0,0,0.096050818835327,63.92
"29025",0,0,0,0,0.0547777721829589,27.81
"29027",0,0,0,0,0.0904252709597477,60.26
"29029",0,0,0,0,0.129870710802568,78.08
"29031",0,0,0,0,0.146189252239565,82.56
"29033",0,0,0,0,0.0384268982241327,9.61
"29035",0,0,0,0,0.0491034936573965,21.29
"29037",0,0,0,0,0.11644267565103,74.01
"29039",0,0,0,0,0.0638070465565767,37.99
"29041",0,0,0,0,0.0533923082646157,25.87
"29043",0,0,0,0,0.15675948321061,85.43
"29045",0,0,0,0,0.0422409352860478,13.84
"29047",1.61922342044755e-05,1.0497221541474,1,1,0.233554865690928,95.16
"29049",0,0,0,0,0.0612468092717164,35.22
"29051",0,0,0,0,0.101732237129781,66.66
"29053",0,0,0,0,0.0690864384997359,43.37
"29055",0,0,0,0,0.0805146902753465,53.29
"29057",0,0,0,0,0.0385359175383138,9.74
"29059",0,0,0,0,0.0712220995875829,44.99
"29061",0,0,0,0,0.0557694189634546,29.24
"29063",0,0,0,0,0.048302870532428,20.24
"29065",0,0,0,0,0.0524276867653962,24.79
"29067",0,0,0,0,0.0653526017105738,39.52
"29069",0,0,0,0,0.0584404718922136,32.01
"29071",0,0,0,0,0.173339906529656,88.29
"29073",0,0,0,0,0.0792763833402796,52.27
"29075",0,0,0,0,0.0413306534762359,12.92
"29077",0,0,0,0,0.193036795308169,91.09
"29079",0,0,0,0,0.0493828373175411,21.57
"29081",0,0,0,0,0.0439394840449121,15.34
"29083",0,0,0,0,0.0711448557715677,44.89
"29085",0,0,0,0,0.0508837581842165,23.19
"29087",0,0,0,0,0.0334073945965317,6.01
"29089",0,0,0,0,0.0491298898000106,21.35
"29091",0,0,0,0,0.110522691524272,71.59
"29093",0,0,0,0,0.0553541684428366,28.6
"29095",9.31561296733325e-05,6.03919458413566,1,1,0.30168275892469,98.44
"29097",0,0,0,0,0.190451344074498,90.77
"29099",0,0,0,0,0.170536713646216,87.85
"29101",0,0,0,0,0.060426457205863,34.52
"29103",0,0,0,0,0.0449937554463019,16.61
"29105",0,0,0,0,0.0802582904669306,53.04
"29107",0,0,0,0,0.0880890005616106,58.54
"29109",0,0,0,0,0.0888235686356393,59.08
"29111",0,0,0,0,0.05118571995338,23.51
"29113",0,0,0,0,0.097364970053928,64.81
"29115",0,0,0,0,0.0516034850521646,23.83
"29117",0,0,0,0,0.0784320690585226,51.8
"29119",0,0,0,0,0.0542858743824061,27.39
"29121",0,0,0,0,0.0596656952941188,33.69
"29123",0,0,0,0,0.0578972086517889,31.56
"29125",0,0,0,0,0.0587238725985023,32.36
"29127",0,0,0,0,0.0801350130638334,52.91
"29129",0,0,0,0,0.043293116736147,14.86
"29131",0,0,0,0,0.0805440934107897,53.32
"29133",0,0,0,0,0.0468681626024347,18.77
"29135",0,0,0,0,0.0777686731286204,51.38
"29137",0,0,0,0,0.0519184541413385,24.09
"29139",0,0,0,0,0.0508480004666181,23.16
"29141",0,0,0,0,0.0984775041905778,65.22
"29143",0,0,0,0,0.046645441584004,18.58
"29145",0,0,0,0,0.0836567437492551,55.65
"29147",0,0,0,0,0.0581985371940397,31.78
"29149",0,0,0,0,0.0472430429356128,19.19
"29151",0,0,0,0,0.0489971268455208,21.13
"29153",0,0,0,0,0.0689267060132221,43.14
"29155",0,0,0,0,0.0443427115412418,15.65
"29157",0,0,0,0,0.0685896432177951,42.83
"29159",0,0,0,0,0.0972645545509296,64.78
"29161",0,0,0,0,0.103212729907481,67.55
"29163",0,0,0,0,0.0564413130642332,30.03
"29165",0,0,0,0,0.193440356975968,91.15
"29167",0,0,0,0,0.0918807359962925,61.28
"29169",0,0,0,0,0.0409878554636528,12.54
"29171",0,0,0,0,0.0337453391304595,6.2
"29173",0,0,0,0,0.0603313131165142,34.43
"29175",0,0,0,0,0.0673243495626357,41.36
"29177",0,0,0,0,0.0580808232606639,31.69
"29179",0,0,0,0,0.050954475518538,23.32
"29181",0,0,0,0,0.0607599185715344,34.9
"29183",1.6566256743847e-05,1.07396956440411,1,1,0.263798781423705,97.23
"29185",0,0,0,0,0.0620481134392753,36.05
"29186",0,0,0,0,0.0692403456117893,43.49
"29187",0,0,0,0,0.101452595525618,66.5
"29189",1.45533292195923e-06,0.0943474007693398,1,0,0.302226637499893,98.5
"29195",0,0,0,0,0.0572819563908996,30.99
"29197",0,0,0,0,0.0453238603187382,16.8
"29199",0,0,0,0,0.0521671154202085,24.34
"29201",0,0,0,0,0.104413329888766,68.22
"29203",0,0,0,0,0.0487610226653919,20.78
"29205",0,0,0,0,0.0391869566291425,10.56
"29207",0,0,0,0,0.0643686102998658,38.43
"29209",0,0,0,0,0.117380566175068,74.32
"29211",0,0,0,0,0.0274112285422438,2.45
"29213",3.15089643003435e-05,2.04268647937218,1,1,0.165071355591586,86.83
"29215",0,0,0,0,0.0662717708639047,40.47
"29217",0,0,0,0,0.0752058258037705,49.16
"29219",0,0,0,0,0.0947638989540691,63.03
"29221",0,0,0,0,0.0728105389012496,46.83
"29223",0,0,0,0,0.0484377155109501,20.36
"29225",0,0,0,0,0.0874779410904668,58.19
"29227",0,0,0,0,0.0419992595416845,13.78
"29229",0,0,0,0,0.07710793573084,50.81
"29510",0,0,0,0,0.206441465403289,92.59
"30001",0,0,0,0,0.0774419307064622,51.07
"30003",0,0,0,0,0.0412411563900624,12.82
"30005",0,0,0,0,0.0453293451187321,16.83
"30007",0,0,0,0,0.0707652867822975,44.64
"30009",0,0,0,0,0.10580481893401,68.95
"30011",0,0,0,0,0.0341123147010461,6.52
"30013",0,0,0,0,0.139650188725665,81.29
"30015",0,0,0,0,0.0429387091874136,14.51
"30017",0,0,0,0,0.0744997916849598,48.36
"30019",0,0,0,0,0.0386520152646386,9.99
"30021",0,0,0,0,0.0665025801034648,40.6
"30023",0,0,0,0,0.0689275632474005,43.18
"30025",0,0,0,0,0.0534861834401798,26.03
"30027",0,0,0,0,0.0801520136484443,52.94
"30029",0,0,0,0,0.227051514683632,94.85
"30031",0,0,0,0,0.259844659489469,96.82
"30033",0,0,0,0,0.0364330188172256,8.11
"30035",0,0,0,0,0.044140836226006,15.43
"30037",0,0,0,0,0.0419608828866883,13.65
"30039",0,0,0,0,0.0673583595973275,41.43
"30041",0,0,0,0,0.0722024574056751,45.78
"30043",0,0,0,0,0.0970708232031834,64.59
"30045",0,0,0,0,0.0385686564345709,9.8
"30047",0,0,0,0,0.107415192221961,70
"30049",0,0,0,0,0.162656455114605,86.38
"30051",0,0,0,0,0.0378532564432515,9.16
"30053",0,0,0,0,0.121834170514577,75.66
"30055",0,0,0,0,0.0397922802330103,11.14
"30057",0,0,0,0,0.0904461381738936,60.29
"30059",0,0,0,0,0.0506666143567763,23.07
"30061",0,0,0,0,0.0558241164811927,29.3
"30063",0,0,0,0,0.2259808595532,94.69
"30065",0,0,0,0,0.0522568442751498,24.47
"30067",0,0,0,0,0.133127185886162,79.35
"30069",0,0,0,0,0.0290845639691504,3.37
"30071",0,0,0,0,0.0497765277491917,22.08
"30073",0,0,0,0,0.0594881555046443,33.44
"30075",0,0,0,0,0.0410169414643397,12.57
"30077",0,0,0,0,0.0545399442354563,27.59
"30079",0,0,0,0,0.0376801722092717,8.94
"30081",0,0,0,0,0.17119678858615,87.97
"30083",0,0,0,0,0.0732242120383829,47.28
"30085",0,0,0,0,0.0400944927235791,11.49
"30087",0,0,0,0,0.0337559257200295,6.24
"30089",0,0,0,0,0.0925376704925141,61.88
"30091",0,0,0,0,0.0478388333620992,19.85
"30093",0,0,0,0,0.130268012606597,78.3
"30095",0,0,0,0,0.060016877176751,34.17
"30097",0,0,0,0,0.0687501069669942,42.98
"30099",0,0,0,0,0.0576105433421582,31.31
"30101",0,0,0,0,0.044091689583104,15.4
"30103",0,0,0,0,0.030495095813675,4.23
"30105",0,0,0,0,0.0615291115391521,35.51
"30107",0,0,0,0,0.0306914814589993,4.42
"30109",0,0,0,0,0.0535977670900213,26.25
"30111",0,0,0,0,0.201284773898607,91.92
"31001",0,0,0,0,0.0949556201720834,63.19
"31003",0,0,0,0,0.0309226293353545,4.61
"31005",0,0,0,0,0.0168010482812086,0.19
"31007",0,0,0,0,0.0317165735297905,5.12
"31009",0,0,0,0,0.0258796886157382,2.04
"31011",0,0,0,0,0.0362431354127024,8.02
"31013",0,0,0,0,0.0418326881430545,13.52
"31015",0,0,0,0,0.0247110045940481,1.56
"31017",0,0,0,0,0.0372154407142419,8.62
"31019",0,0,0,0,0.122466090374431,75.85
"31021",0,0,0,0,0.044564705256879,15.94
"31023",0,0,0,0,0.0342604205442803,6.68
"31025",0,0,0,0,0.0830317071524426,55.14
"31027",0,0,0,0,0.04199792460249,13.74
"31029",0,0,0,0,0.0404362270723561,11.93
"31031",0,0,0,0,0.0444734531905999,15.78
"31033",0,0,0,0,0.0567092359338704,30.32
"31035",0,0,0,0,0.0332020734147159,5.85
"31037",0,0,0,0,0.0254187042489864,1.88
"31039",0,0,0,0,0.0492378871566981,21.44
"31041",0,0,0,0,0.0485042857197273,20.39
"31043",0,0,0,0,0.0470791120238281,19.09
"31045",0,0,0,0,0.0500139784209604,22.27
"31047",0,0,0,0,0.0494149111155021,21.64
"31049",0,0,0,0,0.0250339282504181,1.69
"31051",0,0,0,0,0.0390227794151123,10.31
"31053",0,0,0,0,0.0883024381061584,58.61
"31055",0,0,0,0,0.244720300039667,95.9
"31057",0,0,0,0,0.0244624182329951,1.46
"31059",0,0,0,0,0.0386809299890825,10.05
"31061",0,0,0,0,0.0305651298700245,4.3
"31063",0,0,0,0,0.0212826466006675,0.73
"31065",0,0,0,0,0.0253155391213521,1.81
"31067",0,0,0,0,0.075421321907609,49.44
"31069",0,0,0,0,0.0306833342360477,4.39
"31071",0,0,0,0,0.0495353987777881,21.95
"31073",0,0,0,0,0.0257702417720302,1.97
"31075",0,0,0,0,0.0269217841800959,2.42
"31077",0,0,0,0,0.0307469510012784,4.52
"31079",0,0,0,0,0.111823661792255,72
"31081",0,0,0,0,0.076623567124451,50.4
"31083",0,0,0,0,0.0306412519062288,4.33
"31085",0,0,0,0,0.0426892388149281,14.29
"31087",0,0,0,0,0.0286350510625621,3.15
"31089",0,0,0,0,0.0534400047249269,25.96
"31091",0,0,0,0,0.0282942809552216,2.96
"31093",0,0,0,0,0.0463315143894874,18.29
"31095",0,0,0,0,0.0364345972576291,8.15
"31097",0,0,0,0,0.0278587889680382,2.83
"31099",0,0,0,0,0.043248023937667,14.79
"31101",0,0,0,0,0.0635406547779296,37.7
"31103",0,0,0,0,0.0403804844289077,11.84
"31105",0,0,0,0,0.0246694605627144,1.53
"31107",0,0,0,0,0.0448989758263323,16.45
"31109",0,0,0,0,0.20438955169819,92.27
"31111",0,0,0,0,0.0881455258134016,58.57
"31113",0,0,0,0,0.0265743497135762,2.29
"31115",0,0,0,0,0.0307477760382291,4.55
"31117",0,0,0,0,0.0190887740488106,0.48
"31119",0,0,0,0,0.122509397131253,75.91
"31121",0,0,0,0,0.056357225055768,29.97
"31123",0,0,0,0,0.0277302969449023,2.7
"31125",0,0,0,0,0.0237721130313746,1.24
"31127",0,0,0,0,0.0314306631311756,4.96
"31129",0,0,0,0,0.0363047563642973,8.05
"31131",0,0,0,0,0.0596498979781294,33.66
"31133",0,0,0,0,0.0447461240988078,16.26
"31135",0,0,0,0,0.0234416573381699,1.15
"31137",0,0,0,0,0.0419950276554061,13.71
"31139",0,0,0,0,0.0517150399729416,23.93
"31141",0,0,0,0,0.100277570532763,65.99
"31143",0,0,0,0,0.0328084764928045,5.79
"31145",0,0,0,0,0.0563356102298144,29.88
"31147",0,0,0,0,0.0459844049892682,17.63
"31149",0,0,0,0,0.0236080177159262,1.21
"31151",0,0,0,0,0.0470237326797997,18.99
"31153",0,0,0,0,0.148831807356095,83.23
"31155",0,0,0,0,0.0857963566247546,57.24
"31157",0,0,0,0,0.0976728549867962,64.97
"31159",0,0,0,0,0.0627363816851436,36.68
"31161",0,0,0,0,0.0327055752514607,5.66
"31163",0,0,0,0,0.0277628461064613,2.74
"31165",0,0,0,0,0.0423109637239074,13.94
"31167",0,0,0,0,0.0307053304839145,4.49
"31169",0,0,0,0,0.0322517025950172,5.54
"31171",0,0,0,0,0.0426055001456969,14.13
"31173",0,0,0,0,0.0289279010739072,3.25
"31175",0,0,0,0,0.0467869908763742,18.71
"31177",0,0,0,0,0.0791588151456339,52.15
"31179",0,0,0,0,0.0309538113444447,4.65
"31181",0,0,0,0,0.0314934848121086,5
"31183",0,0,0,0,0.0156043860704423,0.16
"31185",0,0,0,0,0.0676720554859487,41.87
"32001",0,0,0,0,0.0763299545984217,50.21
"32003",3.99099949793226e-06,0.258731471967758,1,0,0.238564425256572,95.48
"32005",0,0,0,0,0.167835684064264,87.4
"32007",0,0,0,0,0.0968650022720571,64.4
"32009",0,0,0,0,0.037343855388302,8.75
"32011",0,0,0,0,0.00555065133705189,0.03
"32013",0,0,0,0,0.047615749577051,19.63
"32015",0,0,0,0,0.021805572716879,0.8
"32017",0,0,0,0,0.0422962891957951,13.9
"32019",0,0,0,0,0.10828865497548,70.31
"32021",0,0,0,0,0.033295709832802,5.92
"32023",0,0,0,0,0.0996351093743683,65.7
"32027",0,0,0,0,0.0251307585084534,1.75
"32029",0,0,0,0,0.052001971809808,24.21
"32031",0,0,0,0,0.267860642468039,97.39
"32033",0,0,0,0,0.0404156086903373,11.9
"32510",0,0,0,0,0.152198376590052,84.16
"33001",0,0,0,0,0.163664895795039,86.64
"33003",0,0,0,0,0.168979515018778,87.59
"33005",0,0,0,0,0.16788978767642,87.43
"33007",0,0,0,0,0.100347032865613,66.05
"33009",0,0,0,0,0.143878824020194,82.25
"33011",7.6282442474064e-05,4.94529469042428,1,1,0.355141420050877,99.52
"33013",0,0,0,0,0.217490480902839,94.02
"33015",0,0,0,0,0.305700024425737,98.6
"33017",0,0,0,0,0.175881246815446,88.67
"33019",0,0,0,0,0.126219277475207,77
"34001",0,0,0,0,0.145357984332051,82.44
"34003",0,0,0,0,0.34141819283284,99.4
"34005",0,0,0,0,0.244769176551071,95.93
"34007",0,0,0,0,0.260867468205458,96.95
"34009",0,0,0,0,0.133675291317468,79.64
"34011",0,0,0,0,0.147672978558733,82.85
"34013",0,0,0,0,0.263521939047431,97.2
"34015",0,0,0,0,0.222612215384452,94.4
"34017",2.59554863409253e-05,1.68266149622568,1,1,0.28846343489628,98.15
"34019",0,0,0,0,0.194010303349249,91.19
"34021",0,0,0,0,0.191924313143688,91.03
"34023",0,0,0,0,0.285258601296277,98.03
"34025",0,0,0,0,0.263084104247323,97.1
"34027",0,0,0,0,0.284435626914451,97.96
"34029",0,0,0,0,0.227915773806769,94.88
"34031",0,0,0,0,0.336255361719576,99.24
"34033",0,0,0,0,0.0902431281076876,60.17
"34035",0,0,0,0,0.228054044868095,94.91
"34037",0,0,0,0,0.177739648409802,88.96
"34039",0,0,0,0,0.30353025594171,98.54
"34041",0,0,0,0,0.165283233776786,86.86
"35001",0,0,0,0,0.223734342004892,94.56
"35003",0,0,0,0,0.0524100930528911,24.72
"35005",0,0,0,0,0.101127652205383,66.37
"35006",0,0,0,0,0.0462876657930861,18.26
"35007",0,0,0,0,0.0562186502087784,29.78
"35009",0,0,0,0,0.070237127975779,44.16
"35011",0,0,0,0,0.0400494515547066,11.42
"35013",0,0,0,0,0.15035370123852,83.77
"35015",0,0,0,0,0.0944859088973614,62.97
"35017",0,0,0,0,0.072604691183507,46.61
"35019",0,0,0,0,0.0316152781705165,5.09
"35021",0,0,0,0,0.0333496139428632,5.95
"35023",0,0,0,0,0.0501184503667022,22.37
"35025",0,0,0,0,0.062633232373282,36.53
"35027",0,0,0,0,0.11055600715918,71.62
"35028",0,0,0,0,0.025883234820353,2.07
"35029",0,0,0,0,0.0625084874820233,36.4
"35031",0,0,0,0,0.0833946018412468,55.33
"35033",0,0,0,0,0.0530669476833651,25.49
"35035",0,0,0,0,0.0702417491309085,44.19
"35037",0,0,0,0,0.0462615064706483,18.07
"35039",0,0,0,0,0.0746567076020791,48.62
"35041",0,0,0,0,0.0513728658301461,23.74
"35043",0,0,0,0,0.141579103935217,81.71
"35045",0,0,0,0,0.106955325841612,69.71
"35047",0,0,0,0,0.0651986077184151,39.36
"35049",1.35596897542984e-05,0.87905761235335,1,0,0.187556163314509,90.42
"35051",0,0,0,0,0.057856767920745,31.5
"35053",0,0,0,0,0.0401542678032253,11.55
"35055",0,0,0,0,0.133437624039331,79.54
"35057",0,0,0,0,0.0746424763399392,48.58
"35059",0,0,0,0,0.0435034818650626,15.11
"35061",0,0,0,0,0.0980983924183156,65.07
"36001",0,0,0,0,0.200173391792345,91.73
"36003",0,0,0,0,0.0884063942185621,58.7
"36005",0,0,0,0,0.122533961494729,75.95
"36007",0,0,0,0,0.17960039623344,89.21
"36009",0,0,0,0,0.0985265930633063,65.26
"36011",0,0,0,0,0.122651984361231,75.98
"36013",0,0,0,0,0.148894136616723,83.33
"36015",0,0,0,0,0.153977839872363,84.63
"36017",0,0,0,0,0.0937998738311784,62.52
"36019",0,0,0,0,0.128552713908198,77.76
"36021",0,0,0,0,0.156962469716466,85.46
"36023",0,0,0,0,0.106113301427828,69.11
"36025",0,0,0,0,0.115132602339762,73.46
"36027",0,0,0,0,0.173701674071969,88.36
"36029",4.05603822410422e-06,0.262947850688451,1,0,0.293671179062162,98.28
"36031",0,0,0,0,0.105591366571182,68.85
"36033",0,0,0,0,0.0668486858882181,40.92
"36035",0,0,0,0,0.101531525038372,66.56
"36037",0,0,0,0,0.124853751994787,76.68
"36039",0,0,0,0,0.123799921474693,76.3
"36041",0,0,0,0,0.0717296398684949,45.37
"36043",0,0,0,0,0.10866363246778,70.66
"36045",0,0,0,0,0.0868416552526058,57.87
"36047",3.83489621332761e-06,0.248611492592744,1,0,0.211147058869233,93.19
"36049",0,0,0,0,0.0666196713327164,40.69
"36051",0,0,0,0,0.0994212614216163,65.57
"36053",0,0,0,0,0.106962836930567,69.74
"36055",0,0,0,0,0.253522668982347,96.37
"36057",0,0,0,0,0.0916228473595586,61.15
"36059",2.00918484500574e-05,1.30252923527797,1,1,0.322376818307783,99.05
"36061",3.42069535895257e-06,0.221759372767051,1,0,0.244075525238613,95.86
"36063",1.35572999281463e-05,0.878902682933188,1,0,0.186604637050972,90.26
"36065",0,0,0,0,0.19161789074139,90.93
"36067",0,0,0,0,0.248156509284249,96.05
"36069",0,0,0,0,0.17625096341154,88.74
"36071",0,0,0,0,0.225820255814714,94.65
"36073",0,0,0,0,0.0844632611759005,56.19
"36075",0,0,0,0,0.126809809585098,77.22
"36077",0,0,0,0,0.103322320381564,67.64
"36079",0,0,0,0,0.189312766281563,90.68
"36081",1.15047393773865e-06,0.0745837767020225,1,0,0.198032222262112,91.57
"36083",0,0,0,0,0.148718436565217,83.2
"36085",6.4425932726441e-06,0.417665209325234,1,0,0.148973248869687,83.36
"36087",0,0,0,0,0.210031600550431,93
"36089",0,0,0,0,0.0948523933482338,63.12
"36091",0,0,0,0,0.202952604343116,92.11
"36093",0,0,0,0,0.149465004393396,83.49
"36095",0,0,0,0,0.0686287295251202,42.89
"36097",0,0,0,0,0.0611294226197073,35.13
"36099",0,0,0,0,0.0842309707818663,56.09
"36101",0,0,0,0,0.0952119271710605,63.28
"36103",1.34612329950974e-06,0.0872674784631511,1,0,0.349274001779457,99.46
"36105",0,0,0,0,0.0983668003636833,65.13
"36107",0,0,0,0,0.0913634271884551,61.02
"36109",0,0,0,0,0.142353253333185,81.9
"36111",1.476995790562e-05,0.957517772628829,1,0,0.217655286714691,94.08
"36113",0,0,0,0,0.134062448174839,79.8
"36115",0,0,0,0,0.105449379568334,68.82
"36117",0,0,0,0,0.123114516784685,76.14
"36119",2.08837152964861e-06,0.135386496580991,1,0,0.260834362517907,96.91
"36121",0,0,0,0,0.0813545930335573,53.99
"36123",0,0,0,0,0.0959755205278536,63.82
"37001",0,0,0,0,0.164296078491545,86.8
"37003",0,0,0,0,0.0957388830879954,63.73
"37005",0,0,0,0,0.0710854404604592,44.83
"37007",0,0,0,0,0.0634468825228334,37.54
"37009",0,0,0,0,0.0919932807152481,61.34
"37011",0,0,0,0,0.0775606558156384,51.16
"37013",0,0,0,0,0.100168636567909,65.96
"37015",0,0,0,0,0.0586656312133307,32.33
"37017",0,0,0,0,0.0488660139144234,20.97
"37019",0,0,0,0,0.171412846923687,88.07
"37021",0,0,0,0,0.241646860221115,95.55
"37023",0,0,0,0,0.106345334714373,69.27
"37025",0,0,0,0,0.187827524300713,90.49
"37027",0,0,0,0,0.12026647969661,75.31
"37029",0,0,0,0,0.0817862109450223,54.31
"37031",0,0,0,0,0.153525051877057,84.54
"37033",0,0,0,0,0.0840206865956839,55.84
"37035",0,0,0,0,0.21010321371297,93.06
"37037",0,0,0,0,0.124188350798242,76.39
"37039",0,0,0,0,0.107414084384352,69.97
"37041",0,0,0,0,0.0672290102847423,41.3
"37043",0,0,0,0,0.0806575251022588,53.55
"37045",0,0,0,0,0.129522170056488,77.98
"37047",0,0,0,0,0.0800738243651241,52.82
"37049",0,0,0,0,0.114064469134584,73.15
"37051",0,0,0,0,0.078588129663655,51.89
"37053",0,0,0,0,0.124748410468325,76.65
"37055",0,0,0,0,0.131926403988109,78.91
"37057",0,0,0,0,0.160563648580939,86
"37059",0,0,0,0,0.0966636038044611,64.3
"37061",0,0,0,0,0.0587889475598705,32.45
"37063",0,0,0,0,0.174150432883932,88.39
"37065",0,0,0,0,0.0844974212715033,56.22
"37067",0,0,0,0,0.218793345662577,94.21
"37069",0,0,0,0,0.126320219324895,77.03
"37071",0.000664532778079279,43.0808232204376,1,1,0.214380009873659,93.64
"37073",0,0,0,0,0.0609869777525322,35.03
"37075",0,0,0,0,0.081788621008466,54.34
"37077",0,0,0,0,0.0687266655728058,42.92
"37079",0,0,0,0,0.0594964125096009,33.5
"37081",0,0,0,0,0.262453892776761,97.04
"37083",0,0,0,0,0.0894904165139486,59.5
"37085",0,0,0,0,0.112567969151203,72.57
"37087",0,0,0,0,0.13011167130348,78.24
"37089",0,0,0,0,0.17641185134735,88.8
"37091",0,0,0,0,0.0638159324749331,38.02
"37093",0,0,0,0,0.0823204543819395,54.6
"37095",0,0,0,0,0.0713986216273091,45.18
"37097",0,0,0,0,0.21360658295308,93.54
"37099",0,0,0,0,0.0839112922642802,55.81
"37101",0,0,0,0,0.150321317283241,83.71
"37103",0,0,0,0,0.0735181814818131,47.47
"37105",0,0,0,0,0.107691850864179,70.03
"37107",0,0,0,0,0.0899472915943572,59.88
"37109",0,0,0,0,0.159253748744345,85.84
"37111",0,0,0,0,0.08113898378808,53.9
"37113",0,0,0,0,0.122676252290201,76.01
"37115",0,0,0,0,0.118992321625585,74.86
"37117",0,0,0,0,0.0875744019563076,58.29
"37119",0,0,0,0,0.297947594574305,98.31
"37121",0,0,0,0,0.0669556543340775,41.08
"37123",0,0,0,0,0.0731074123409242,47.15
"37125",0,0,0,0,0.148442838032197,83.11
"37127",0,0,0,0,0.119934074262246,75.21
"37129",0,0,0,0,0.200359661618238,91.76
"37131",0,0,0,0,0.0513410562532773,23.67
"37133",0,0,0,0,0.0753961627464662,49.35
"37135",0,0,0,0,0.124316914371662,76.52
"37137",0,0,0,0,0.0566424349413409,30.23
"37139",0,0,0,0,0.0891924204211618,59.27
"37141",0,0,0,0,0.130181559564252,78.27
"37143",0,0,0,0,0.0805463914173037,53.36
"37145",0,0,0,0,0.0901781728386431,60.13
"37147",0,0,0,0,0.125727569731907,76.9
"37149",0,0,0,0,0.112171816372276,72.13
"37151",0,0,0,0,0.147024617278067,82.72
"37153",0,0,0,0,0.0928131992645469,62.01
"37155",0,0,0,0,0.0971585016876296,64.68
"37157",0,0,0,0,0.108280022021844,70.28
"37159",0,0,0,0,0.152614909095913,84.22
"37161",0.017426717810295,1129.75217184578,1,1,0.16141213317173,86.19
"37163",0,0,0,0,0.0672227466513101,41.27
"37165",0,0,0,0,0.0680417603570908,42.38
"37167",0,0,0,0,0.1117126293965,71.94
"37169",0,0,0,0,0.0863999628411849,57.59
"37171",0,0,0,0,0.107167908903449,69.87
"37173",0,0,0,0,0.0433301826805001,14.92
"37175",0,0,0,0,0.11231901053355,72.22
"37177",0,0,0,0,0.0447278841225575,16.23
"37179",0,0,0,0,0.188272539309038,90.52
"37181",0,0,0,0,0.0901181059279168,60.07
"37183",0,0,0,0,0.276770162227737,97.68
"37185",0,0,0,0,0.0570625229291165,30.73
"37187",0,0,0,0,0.0747634074672665,48.74
"37189",0,0,0,0,0.123132599843494,76.17
"37191",0,0,0,0,0.111206736113861,71.78
"37193",0,0,0,0,0.0942041631104587,62.65
"37195",0,0,0,0,0.113333050895536,72.8
"37197",0,0,0,0,0.0841837336714922,56.03
"37199",0,0,0,0,0.0802655626725777,53.07
"38001",0,0,0,0,0.0285265672111412,3.12
"38003",0,0,0,0,0.0586153149032722,32.29
"38005",0,0,0,0,0.0200256299393702,0.67
"38007",0,0,0,0,0.0277818845884738,2.77
"38009",0,0,0,0,0.0524022398703466,24.69
"38011",0,0,0,0,0.0389988116906767,10.21
"38013",0,0,0,0,0.0283584325927192,3.02
"38015",0,0,0,0,0.165327763092328,86.89
"38017",0,0,0,0,0.202409177970206,92.05
"38019",0,0,0,0,0.0300157053642871,3.98
"38021",0,0,0,0,0.0299229965613394,3.95
"38023",0,0,0,0,0.0315801273874781,5.06
"38025",0,0,0,0,0.0341409712860032,6.59
"38027",0,0,0,0,0.0356084861045463,7.54
"38029",0,0,0,0,0.0445534722201537,15.91
"38031",0,0,0,0,0.0343989789645253,6.71
"38033",0,0,0,0,0.0211076970499968,0.7
"38035",0,0,0,0,0.135449404352506,80.37
"38037",0,0,0,0,0.0246477922360791,1.5
"38039",0,0,0,0,0.033945190923496,6.3
"38041",0,0,0,0,0.0324337125087128,5.6
"38043",0,0,0,0,0.0306969830787804,4.45
"38045",0,0,0,0,0.0414352655087392,13.11
"38047",0,0,0,0,0.0253146568998276,1.78
"38049",0,0,0,0,0.0468276973986594,18.74
"38051",0,0,0,0,0.0314292184149197,4.93
"38053",0,0,0,0,0.0390822221544579,10.37
"38055",0,0,0,0,0.0379667574855771,9.29
"38057",0,0,0,0,0.0312433969529542,4.74
"38059",0,0,0,0,0.107803494431392,70.16
"38061",0,0,0,0,0.0476687249549153,19.73
"38063",0,0,0,0,0.0318766630097176,5.19
"38065",0,0,0,0,0.0321157675528341,5.44
"38067",0,0,0,0,0.0404033931382895,11.87
"38069",0,0,0,0,0.0400235293411,11.39
"38071",0,0,0,0,0.0698449154369739,43.97
"38073",0,0,0,0,0.0349261060443114,7
"38075",0,0,0,0,0.0394601526051455,10.85
"38077",0,0,0,0,0.0626898363162256,36.62
"38079",0,0,0,0,0.0378144760631661,9.07
"38081",0,0,0,0,0.0253698663050785,1.85
"38083",0,0,0,0,0.0199374027740916,0.6
"38085",0,0,0,0,0.0231423151042277,0.92
"38087",0,0,0,0,0.0264950089854505,2.26
"38089",0,0,0,0,0.0968873103371226,64.46
"38091",0,0,0,0,0.0374506176055137,8.78
"38093",0,0,0,0,0.0672620800551418,41.33
"38095",0,0,0,0,0.0250906199139323,1.72
"38097",0,0,0,0,0.0370303069795872,8.56
"38099",0,0,0,0,0.04265154783039,14.22
"38101",0,0,0,0,0.115551451890451,73.62
"38103",0,0,0,0,0.0385193925964979,9.7
"38105",0,0,0,0,0.0742615661142612,48.11
"39001",0,0,0,0,0.0848523267854979,56.54
"39003",0,0,0,0,0.161360431365264,86.16
"39005",0,0,0,0,0.115656974484197,73.75
"39007",0,0,0,0,0.132279928659933,79.1
"39009",0,0,0,0,0.0924800578960191,61.85
"39011",0,0,0,0,0.097906482156026,65
"39013",0,0,0,0,0.116591995969164,74.07
"39015",0,0,0,0,0.0923648842742155,61.69
"39017",0,0,0,0,0.256573723249209,96.6
"39019",0,0,0,0,0.0944446413810561,62.9
"39021",0,0,0,0,0.0772808291084047,51.03
"39023",0,0,0,0,0.133428716346157,79.51
"39025",0,0,0,0,0.18750232410707,90.39
"39027",0,0,0,0,0.0864568192417591,57.62
"39029",0,0,0,0,0.144979668505492,82.37
"39031",0,0,0,0,0.109582076693634,71.01
"39033",0,0,0,0,0.100826992205617,66.24
"39035",0.00168374683728635,109.155187280243,1,1,0.39559090403672,99.84
"39037",0,0,0,0,0.104040260192121,68.02
"39039",0,0,0,0,0.0949241942365449,63.16
"39041",0,0,0,0,0.191023112869749,90.87
"39043",0,0,0,0,0.137434417831477,80.85
"39045",0,0,0,0,0.143273810155084,82.12
"39047",0,0,0,0,0.0826699195905727,54.72
"39049",1.16609508572548e-06,0.075596476055794,1,0,0.255191531073237,96.5
"39051",0,0,0,0,0.0887874142454753,58.99
"39053",0,0,0,0,0.0684131891300485,42.7
"39055",0,0,0,0,0.176502528116107,88.83
"39057",0,0,0,0,0.122147318463341,75.72
"39059",0,0,0,0,0.0878101968037594,58.35
"39061",0,0,0,0,0.279819991342659,97.87
"39063",0,0,0,0,0.105980681113776,69.04
"39065",0,0,0,0,0.0677193016872011,42
"39067",0,0,0,0,0.0592630209832944,33.15
"39069",0,0,0,0,0.066105953810402,40.34
"39071",0,0,0,0,0.0890644008258991,59.18
"39073",0,0,0,0,0.0924718578805629,61.82
"39075",0,0,0,0,0.153843363451391,84.6
"39077",0,0,0,0,0.10223251350079,67.07
"39079",0,0,0,0,0.0705568118553195,44.38
"39081",0,0,0,0,0.0956430029565308,63.63
"39083",0,0,0,0,0.102671626439937,67.32
"39085",9.22909379528024e-06,0.598310529434671,1,0,0.258096543077692,96.79
"39087",0,0,0,0,0.0766912470911959,50.49
"39089",0,0,0,0,0.141241658850568,81.64
"39091",0,0,0,0,0.0866290821000915,57.65
"39093",0,0,0,0,0.20270173332385,92.08
"39095",0,0,0,0,0.2176093442168,94.05
"39097",0,0,0,0,0.0670810200626332,41.17
"39099",0,0,0,0,0.209981543927803,92.97
"39101",0,0,0,0,0.0948428350013585,63.09
"39103",0,0,0,0,0.222275584799285,94.37
"39105",0,0,0,0,0.0589368665090935,32.74
"39107",0,0,0,0,0.0892817583652816,59.37
"39109",0,0,0,0,0.150174854739878,83.65
"39111",0,0,0,0,0.0685593102578584,42.76
"39113",0,0,0,0,0.260437798799403,96.88
"39115",0,0,0,0,0.053143249086222,25.58
"39117",0,0,0,0,0.110409624286334,71.56
"39119",0,0,0,0,0.109995301428775,71.36
"39121",0,0,0,0,0.0594962356800892,33.47
"39123",0,0,0,0,0.101790641605241,66.75
"39125",0,0,0,0,0.0593755743381851,33.31
"39127",0,0,0,0,0.0705948530005703,44.54
"39129",0,0,0,0,0.0711999297831283,44.93
"39131",0,0,0,0,0.055569198121198,28.99
"39133",0,0,0,0,0.172863052753885,88.26
"39135",0,0,0,0,0.0722606119073657,45.98
"39137",0,0,0,0,0.0816960933060721,54.22
"39139",0,0,0,0,0.156063334447172,85.21
"39141",0,0,0,0,0.0964192792125007,64.14
"39143",0,0,0,0,0.100978055160236,66.31
"39145",0,0,0,0,0.0842051339179082,56.06
"39147",0,0,0,0,0.109621402205673,71.08
"39149",0,0,0,0,0.0833998211854628,55.36
"39151",0,0,0,0,0.241990621512357,95.58
"39153",0,0,0,0,0.262935568995009,97.07
"39155",0,0,0,0,0.183674298214832,89.91
"39157",0,0,0,0,0.165801139056826,87.08
"39159",0,0,0,0,0.0999052387754721,65.89
"39161",0,0,0,0,0.0737370418877281,47.85
"39163",0,0,0,0,0.0530247828155604,25.39
"39165",0,0,0,0,0.216482245896291,93.89
"39167",0,0,0,0,0.109595146123592,71.05
"39169",0,0,0,0,0.155897238553994,85.08
"39171",0,0,0,0,0.103072477906621,67.52
"39173",0,0,0,0,0.154471995364643,84.7
"39175",0,0,0,0,0.0618264319440247,35.79
"40001",0,0,0,0,0.0609850540424043,35
"40003",0,0,0,0,0.0311410602902788,4.71
"40005",0,0,0,0,0.0675076245456894,41.49
"40007",0,0,0,0,0.0405266287819833,12.15
"40009",0,0,0,0,0.0539792585843421,26.92
"40011",0,0,0,0,0.0447192878612856,16.16
"40013",0,0,0,0,0.0781606145165465,51.57
"40015",0,0,0,0,0.0475284698579145,19.54
"40017",0,0,0,0,0.152576105483611,84.19
"40019",0,0,0,0,0.114172824759494,73.18
"40021",0,0,0,0,0.049336869318133,21.54
"40023",0,0,0,0,0.0449968254041865,16.64
"40025",0,0,0,0,0.0292996053560664,3.56
"40027",0,0,0,0,0.163023900814368,86.45
"40029",0,0,0,0,0.0418986505039874,13.59
"40031",0,0,0,0,0.0785738840772002,51.86
"40033",0,0,0,0,0.0259104547069293,2.1
"40035",0,0,0,0,0.0653435190945421,39.48
"40037",0,0,0,0,0.120762140418674,75.41
"40039",0,0,0,0,0.0760008388456851,49.95
"40041",0,0,0,0,0.0966123774500534,64.24
"40043",0,0,0,0,0.0320489013779921,5.35
"40045",0,0,0,0,0.0233076621117482,1.08
"40047",0,0,0,0,0.112543271085134,72.51
"40049",0,0,0,0,0.0722038614275668,45.82
"40051",0,0,0,0,0.106298043429493,69.23
"40053",0,0,0,0,0.0360113358454891,7.89
"40055",0,0,0,0,0.0289402346421962,3.31
"40057",0,0,0,0,0.0447513740566818,16.29
"40059",0,0,0,0,0.0320046465673894,5.28
"40061",0,0,0,0,0.0577871940007074,31.43
"40063",0,0,0,0,0.0480973247548532,20.11
"40065",0,0,0,0,0.0525049618773657,24.85
"40067",0,0,0,0,0.0398940815487372,11.26
"40069",0,0,0,0,0.0378212580486104,9.1
"40071",0,0,0,0,0.0846165265040105,56.32
"40073",0,0,0,0,0.0706264020946641,44.58
"40075",0,0,0,0,0.0425144632532672,14.03
"40077",0,0,0,0,0.0367841975810054,8.43
"40079",0,0,0,0,0.0765529186158379,50.33
"40081",0,0,0,0,0.0718044409198246,45.43
"40083",0,0,0,0,0.107827243126957,70.22
"40085",0,0,0,0,0.0292601195498125,3.53
"40087",0,0,0,0,0.0875304779270683,58.26
"40089",0,0,0,0,0.0689800734799454,43.21
"40091",0,0,0,0,0.0582448316212369,31.88
"40093",0,0,0,0,0.0462614373245812,18.04
"40095",0,0,0,0,0.0485358955371687,20.46
"40097",0,0,0,0,0.0857847030810782,57.17
"40099",0,0,0,0,0.051537713383011,23.77
"40101",0,0,0,0,0.0996004258891673,65.67
"40103",0,0,0,0,0.0320930115636,5.38
"40105",0,0,0,0,0.0565011903031399,30.1
"40107",0,0,0,0,0.0402074729166745,11.68
"40109",1.79694519317161e-06,0.116493694152444,1,0,0.217885572892188,94.11
"40111",0,0,0,0,0.0694901460106017,43.62
"40113",0,0,0,0,0.0767890931086452,50.62
"40115",0,0,0,0,0.0712467802892793,45.05
"40117",0,0,0,0,0.0596070297664676,33.63
"40119",0,0,0,0,0.105020149193646,68.41
"40121",0,0,0,0,0.0826905958385458,54.76
"40123",0,0,0,0,0.0834470225605387,55.46
"40125",0,0,0,0,0.103225140620416,67.58
"40127",0,0,0,0,0.0597415037351525,33.85
"40129",0,0,0,0,0.0431476377739982,14.7
"40131",0,0,0,0,0.123739579762936,76.26
"40133",0,0,0,0,0.0548791401078035,28
"40135",0,0,0,0,0.0719194093816002,45.63
"40137",0,0,0,0,0.0794018144413955,52.43
"40139",0,0,0,0,0.0412879807947023,12.89
"40141",0,0,0,0,0.0395541370421155,10.98
"40143",0,0,0,0,0.285346772327583,98.06
"40145",0,0,0,0,0.111977674395181,72.03
"40147",0,0,0,0,0.100865070410894,66.27
"40149",0,0,0,0,0.0549596530403095,28.16
"40151",0,0,0,0,0.0460104502642035,17.66
"40153",0,0,0,0,0.0775438687329882,51.13
"41001",0,0,0,0,0.0912590765628055,60.83
"41003",0,0,0,0,0.138443083965981,81.1
"41005",2.01829585189745e-05,1.30843578631969,1,1,0.360237122869766,99.65
"41007",0,0,0,0,0.129852275594692,78.05
"41009",0,0,0,0,0.135885809834581,80.46
"41011",0,0,0,0,0.13609754205772,80.5
"41013",0,0,0,0,0.115007197233691,73.34
"41015",0,0,0,0,0.110250151242831,71.49
"41017",0,0,0,0,0.251385128725119,96.25
"41019",0,0,0,0,0.125719057815514,76.87
"41021",0,0,0,0,0.0392294604408501,10.63
"41023",0,0,0,0,0.0582548002815404,31.91
"41025",0,0,0,0,0.0554156448855345,28.83
"41027",0,0,0,0,0.111605304173575,71.91
"41029",0,0,0,0,0.224906164819816,94.59
"41031",0,0,0,0,0.0794240541195643,52.47
"41033",0,0,0,0,0.151068522248381,84
"41035",0,0,0,0,0.12284625939294,76.04
"41037",0,0,0,0,0.0400925630781172,11.45
"41039",5.68682646649037e-06,0.368669798946998,1,0,0.249530983033766,96.15
"41041",0,0,0,0,0.118352377496799,74.64
"41043",0,0,0,0,0.143476992349891,82.15
"41045",0,0,0,0,0.0763052867235707,50.14
"41047",0,0,0,0,0.180650244231635,89.5
"41049",0,0,0,0,0.0392199116173173,10.59
"41051",6.09027579993086e-05,3.94824911208864,1,1,0.393343032279175,99.78
"41053",0,0,0,0,0.123845820620191,76.36
"41055",0,0,0,0,0.0458137534176462,17.47
"41057",0,0,0,0,0.0883531707279063,58.64
"41059",0,0,0,0,0.102921875518223,67.39
"41061",0,0,0,0,0.0895562964449596,59.56
"41063",0,0,0,0,0.105445244858137,68.79
"41065",0,0,0,0,0.0900335688961298,60.01
"41067",2.96028773996833e-06,0.191911726575494,1,0,0.287993182645513,98.12
"41069",0,0,0,0,0.0559915464952832,29.49
"41071",0,0,0,0,0.151888608296187,84.09
"42001",0,0,0,0,0.137695969568721,80.91
"42003",2.68928173318829e-06,0.174342748407837,1,0,0.273784910332268,97.61
"42005",0,0,0,0,0.131821534829384,78.87
"42007",0,0,0,0,0.180076408152789,89.37
"42009",0,0,0,0,0.0942925836443362,62.74
"42011",0,0,0,0,0.237790679618488,95.42
"42013",0,0,0,0,0.170303623243698,87.81
"42015",0,0,0,0,0.0919042894275241,61.31
"42017",0,0,0,0,0.3307302882077,99.14
"42019",0,0,0,0,0.202033226136082,92.01
"42021",0,0,0,0,0.155433238071034,84.92
"42023",0,0,0,0,0.0490190944503463,21.19
"42025",0,0,0,0,0.0971721848705535,64.72
"42027",0,0,0,0,0.129934491177087,78.17
"42029",0,0,0,0,0.306533881366129,98.63
"42031",0,0,0,0,0.0898508093774997,59.78
"42033",0,0,0,0,0.113889476929276,73.08
"42035",0,0,0,0,0.0961362204080992,63.98
"42037",0,0,0,0,0.112479174600166,72.45
"42039",0,0,0,0,0.148695231792347,83.17
"42041",0,0,0,0,0.150701722038119,83.9
"42043",0,0,0,0,0.185645189864006,90.1
"42045",0,0,0,0,0.242928643277337,95.67
"42047",0,0,0,0,0.0909226025074712,60.71
"42049",0,0,0,0,0.208435415175269,92.84
"42051",0,0,0,0,0.137018516807037,80.72
"42053",0,0,0,0,0.0807637108667,53.58
"42055",0,0,0,0,0.132182831009516,79.06
"42057",0,0,0,0,0.0592861544703434,33.18
"42059",0,0,0,0,0.0549151023770677,28.09
"42061",0,0,0,0,0.0794790251738859,52.5
"42063",0,0,0,0,0.118104119945653,74.58
"42065",0,0,0,0,0.104869553036872,68.37
"42067",0,0,0,0,0.0754124327061009,49.41
"42069",0,0,0,0,0.190072808319863,90.71
"42071",0,0,0,0,0.28783603077216,98.09
"42073",0,0,0,0,0.146841759662403,82.66
"42075",0,0,0,0,0.14769814098482,82.88
"42077",0,0,0,0,0.219568401487741,94.27
"42079",0,0,0,0,0.201274852204513,91.89
"42081",0,0,0,0,0.177335352750429,88.86
"42083",0,0,0,0,0.0889000822486555,59.15
"42085",0,0,0,0,0.144270719841138,82.28
"42087",0,0,0,0,0.106422106159037,69.33
"42089",0,0,0,0,0.135125704253023,80.31
"42091",0,0,0,0,0.322270936639583,99.01
"42093",0,0,0,0,0.046366437104572,18.33
"42095",0,0,0,0,0.214656121726631,93.7
"42097",0,0,0,0,0.130892071883879,78.65
"42099",0,0,0,0,0.0908827626140798,60.67
"42101",0,0,0,0,0.21238971112892,93.38
"42103",0,0,0,0,0.0994954141177046,65.64
"42105",0,0,0,0,0.0724676544519362,46.42
"42107",0,0,0,0,0.149530712657297,83.55
"42109",0,0,0,0,0.0936188513014383,62.49
"42111",0,0,0,0,0.13555561334822,80.4
"42113",0,0,0,0,0.0666886728376123,40.76
"42115",0,0,0,0,0.113070503543985,72.73
"42117",0,0,0,0,0.0912916789332799,60.9
"42119",0,0,0,0,0.0830056692719681,55.11
"42121",0,0,0,0,0.13206889808242,79.03
"42123",0,0,0,0,0.0907552673120265,60.64
"42125",0,0,0,0,0.206772268014062,92.62
"42127",0,0,0,0,0.130433298481931,78.4
"42129",0,0,0,0,0.247783062784698,96.02
"42131",0,0,0,0,0.0806152426896121,53.42
"42133",0,0,0,0,0.243454890325571,95.74
"44001",0,0,0,0,0.198257310012204,91.6
"44003",0,0,0,0,0.218783236164217,94.18
"44005",0,0,0,0,0.168328071198858,87.56
"44007",0,0,0,0,0.263267822137448,97.14
"44009",0,0,0,0,0.214710646702035,93.76
"45001",0,0,0,0,0.0821099480753201,54.53
"45003",0,0,0,0,0.11954949562894,74.96
"45005",0,0,0,0,0.0408384674148422,12.44
"45007",0,0,0,0,0.157845999322501,85.56
"45009",0,0,0,0,0.0560351825408212,29.59
"45011",0,0,0,0,0.0551315405118528,28.35
"45013",0,0,0,0,0.17364911488605,88.32
"45015",0,0,0,0,0.190209577308359,90.74
"45017",0,0,0,0,0.0578506366717144,31.47
"45019",0,0,0,0,0.246160958639016,95.96
"45021",0,0,0,0,0.112088618510842,72.1
"45023",0,0,0,0,0.0960076187723275,63.89
"45025",0,0,0,0,0.0688175910567447,43.05
"45027",0,0,0,0,0.0834367828713429,55.42
"45029",0,0,0,0,0.0962692206785068,64.11
"45031",0,0,0,0,0.0904633240088241,60.32
"45033",0,0,0,0,0.0599858556195643,34.11
"45035",0,0,0,0,0.161092641104614,86.13
"45037",0,0,0,0,0.0699881126073217,44.03
"45039",0,0,0,0,0.077788323232368,51.42
"45041",0,0,0,0,0.127421086154197,77.44
"45043",0,0,0,0,0.12728248573153,77.41
"45045",0,0,0,0,0.272342526403066,97.52
"45047",0,0,0,0,0.109441205017586,70.95
"45049",0,0,0,0,0.0724011412445892,46.33
"45051",0,0,0,0,0.206081580677551,92.49
"45053",0,0,0,0,0.103483710348562,67.67
"45055",0,0,0,0,0.131562440901682,78.78
"45057",0,0,0,0,0.153272096099824,84.47
"45059",0,0,0,0,0.0983678771650919,65.16
"45061",0,0,0,0,0.0712806700588202,45.08
"45063",0,0,0,0,0.219306130090958,94.24
"45065",0,0,0,0,0.0776182751466806,51.19
"45067",0,0,0,0,0.0726152260160991,46.68
"45069",0,0,0,0,0.0545868670134239,27.62
"45071",0,0,0,0,0.0836700828023395,55.68
"45073",0,0,0,0,0.137961584201684,80.94
"45075",0,0,0,0,0.109705428791474,71.17
"45077",0,0,0,0,0.131951929687413,78.94
"45079",0,0,0,0,0.191272110211592,90.9
"45081",0,0,0,0,0.0462616885011561,18.1
"45083",0,0,0,0,0.215419113992399,93.8
"45085",0,0,0,0,0.112432959430296,72.35
"45087",0,0,0,0,0.059934371348912,34.08
"45089",0,0,0,0,0.0535923079612839,26.22
"45091",0,0,0,0,0.253769233663768,96.4
"46003",0,0,0,0,0.0264159206007269,2.2
"46005",0,0,0,0,0.0719466714902738,45.66
"46007",0,0,0,0,0.0276093210949515,2.58
"46009",0,0,0,0,0.0462436032501885,18.01
"46011",0,0,0,0,0.0928172348799835,62.04
"46013",0,0,0,0,0.117332388494007,74.29
"46015",0,0,0,0,0.0483391334391243,20.33
"46017",0,0,0,0,0.0277156168931194,2.67
"46019",0,0,0,0,0.0811412719864021,53.93
"46021",0,0,0,0,0.0322614945726696,5.57
"46023",0,0,0,0,0.0539779862070252,26.89
"46025",0,0,0,0,0.031005386138328,4.68
"46027",0,0,0,0,0.0462678272218316,18.14
"46029",0,0,0,0,0.11531768484309,73.53
"46031",0,0,0,0,0.0231779495521392,0.99
"46033",0,0,0,0,0.0913882147080881,61.06
"46035",0,0,0,0,0.102241846404366,67.1
"46037",0,0,0,0,0.0489787666287196,21.06
"46039",0,0,0,0,0.0481730393666493,20.14
"46041",0,0,0,0,0.0302595757715373,4.1
"46043",0,0,0,0,0.0327264576501742,5.73
"46045",0,0,0,0,0.0372638236154881,8.69
"46047",0,0,0,0,0.0572142790727154,30.86
"46049",0,0,0,0,0.0317921733031091,5.15
"46051",0,0,0,0,0.0473725927406375,19.28
"46053",0,0,0,0,0.0518208511198822,23.99
"46055",0,0,0,0,0.035863824200527,7.7
"46057",0,0,0,0,0.0312915735864562,4.87
"46059",0,0,0,0,0.0335827333593007,6.11
"46061",0,0,0,0,0.0416403083254187,13.3
"46063",0,0,0,0,0.0235053591487746,1.18
"46065",0,0,0,0,0.0844477672131548,56.16
"46067",0,0,0,0,0.0381931685281348,9.51
"46069",0,0,0,0,0.024239451836788,1.37
"46071",0,0,0,0,0.0300577627177737,4.04
"46073",0,0,0,0,0.0199406627993578,0.64
"46075",0,0,0,0,0.0289346124393436,3.28
"46077",0,0,0,0,0.0419782448537613,13.68
"46079",0,0,0,0,0.0644032103946937,38.56
"46081",0,0,0,0,0.117986516550568,74.48
"46083",0,0,0,0,0.131131938630063,78.75
"46085",0,0,0,0,0.0298394811603423,3.91
"46087",0,0,0,0,0.0545088422501788,27.52
"46089",0,0,0,0,0.0257313891791391,1.91
"46091",0,0,0,0,0.0301558512857213,4.07
"46093",0,0,0,0,0.108443228235099,70.38
"46095",0,0,0,0,0.0182686141310927,0.29
"46097",0,0,0,0,0.0386306857921526,9.86
"46099",0,0,0,0,0.199571299293615,91.66
"46101",0,0,0,0,0.0364444142896406,8.18
"46102",0,0,0,0,0.0238530602958098,1.3
"46103",0,0,0,0,0.186024539265203,90.17
"46105",0,0,0,0,0.0407674733566506,12.38
"46107",0,0,0,0,0.0302943093665629,4.14
"46109",0,0,0,0,0.0387395906150892,10.09
"46111",0,0,0,0,0.0228795734575093,0.89
"46115",0,0,0,0,0.0295386522039009,3.6
"46117",0,0,0,0,0.0465393907881997,18.52
"46119",0,0,0,0,0.0242729818914732,1.4
"46121",0,0,0,0,0.0190093903882639,0.45
"46123",0,0,0,0,0.0485223546144429,20.43
"46125",0,0,0,0,0.0464541844545882,18.42
"46127",0,0,0,0,0.108452159200062,70.41
"46129",0,0,0,0,0.0526332078754246,25.01
"46135",0,0,0,0,0.102107304560871,67.01
"46137",0,0,0,0,0.0243756081202094,1.43
"47001",0,0,0,0,0.113430163391862,72.86
"47003",0,0,0,0,0.0913265983343512,60.96
"47005",0,0,0,0,0.0851523885207379,56.67
"47007",0,0,0,0,0.0723460342000171,46.2
"47009",0,0,0,0,0.165821010490646,87.11
"47011",0,0,0,0,0.139600537923679,81.26
"47013",0,0,0,0,0.0961054968681555,63.95
"47015",0,0,0,0,0.089177356455879,59.21
"47017",0,0,0,0,0.0742665557203988,48.14
"47019",0,0,0,0,0.090726799720206,60.58
"47021",0,0,0,0,0.110249812282738,71.46
"47023",0,0,0,0,0.0736023329731575,47.66
"47025",0,0,0,0,0.0730726282932311,47.03
"47027",0,0,0,0,0.0590978055561166,32.8
"47029",0,0,0,0,0.0749578949083381,48.9
"47031",0,0,0,0,0.117397208018672,74.36
"47033",0,0,0,0,0.0547907097657543,27.84
"47035",0,0,0,0,0.115701759087579,73.78
"47037",0,0,0,0,0.268966161949405,97.49
"47039",0,0,0,0,0.0907276357170784,60.61
"47041",0,0,0,0,0.064153443397251,38.34
"47043",0,0,0,0,0.121744854741121,75.6
"47045",0,0,0,0,0.0716327497605643,45.28
"47047",0,0,0,0,0.122247307260503,75.79
"47049",0,0,0,0,0.0646088881849105,38.75
"47051",0,0,0,0,0.0824760559531342,54.63
"47053",0,0,0,0,0.0943705866288464,62.81
"47055",0,0,0,0,0.0880478018933357,58.51
"47057",0,0,0,0,0.0668163511565711,40.82
"47059",0,0,0,0,0.106387031685336,69.3
"47061",0,0,0,0,0.0641116407046889,38.31
"47063",0,0,0,0,0.116897846650402,74.13
"47065",0,0,0,0,0.243581333706279,95.77
"47067",0,0,0,0,0.0477573044480843,19.79
"47069",0,0,0,0,0.0587661339876112,32.39
"47071",0,0,0,0,0.088807728668127,59.02
"47073",0,0,0,0,0.0759819367153763,49.89
"47075",0,0,0,0,0.0462342093249291,17.91
"47077",0,0,0,0,0.0706537154745427,44.61
"47079",0,0,0,0,0.106463689711668,69.39
"47081",0,0,0,0,0.0829585928669145,55.07
"47083",0,0,0,0,0.0867654729893227,57.78
"47085",0,0,0,0,0.0705605593501006,44.42
"47087",0,0,0,0,0.0735566755438712,47.53
"47089",0,0,0,0,0.0801254763737987,52.85
"47091",0,0,0,0,0.0643766466867431,38.47
"47093",0,0,0,0,0.242253177082405,95.61
"47095",0,0,0,0,0.0380380278881177,9.35
"47097",0,0,0,0,0.0426293581434655,14.19
"47099",0,0,0,0,0.0911039466014606,60.77
"47101",0,0,0,0,0.0729230471957088,46.87
"47103",0,0,0,0,0.0801311520612533,52.88
"47105",0,0,0,0,0.111427795146779,71.84
"47107",0,0,0,0,0.0915866418109162,61.12
"47109",0,0,0,0,0.0922657373780914,61.63
"47111",0,0,0,0,0.0736374304876184,47.73
"47113",0,0,0,0,0.146131770884242,82.5
"47115",0,0,0,0,0.0809667569359389,53.71
"47117",0,0,0,0,0.0932409910211155,62.17
"47119",0,0,0,0,0.15807010450106,85.62
"47121",0,0,0,0,0.0496348024819184,21.99
"47123",0,0,0,0,0.0802720178657909,53.1
"47125",0,0,0,0,0.155089465181567,84.82
"47127",0,0,0,0,0.0405085287314157,12.09
"47129",0,0,0,0,0.0518274129264319,24.02
"47131",0,0,0,0,0.0791295474428532,52.12
"47133",0,0,0,0,0.0858309294202124,57.27
"47135",0,0,0,0,0.0541323473492524,27.17
"47137",0,0,0,0,0.0722079328224319,45.85
"47139",0,0,0,0,0.0786751736745791,51.92
"47141",0,0,0,0,0.134810181073879,80.15
"47143",0,0,0,0,0.0593668382263251,33.28
"47145",0,0,0,0,0.0767748746191222,50.59
"47147",0,0,0,0,0.114485332085928,73.21
"47149",0,0,0,0,0.207922131052284,92.75
"47151",0,0,0,0,0.064749856468176,38.85
"47153",0,0,0,0,0.0781543122138837,51.54
"47155",0,0,0,0,0.124636990527673,76.61
"47157",0,0,0,0,0.255211977949681,96.53
"47159",0,0,0,0,0.0654071429474277,39.58
"47161",0,0,0,0,0.0591981585443996,32.99
"47163",0,0,0,0,0.146963656802264,82.69
"47165",0,0,0,0,0.203412330483021,92.14
"47167",0,0,0,0,0.103873260283893,67.96
"47169",0,0,0,0,0.055407746676402,28.76
"47171",0,0,0,0,0.0585742200830967,32.26
"47173",0,0,0,0,0.0827091145222044,54.82
"47175",0,0,0,0,0.0778756865128242,51.45
"47177",0,0,0,0,0.0975898211380793,64.87
"47179",0,0,0,0,0.151776423232615,84.06
"47181",0,0,0,0,0.0569858103139467,30.61
"47183",0,0,0,0,0.0777090845584048,51.29
"47185",0,0,0,0,0.0840215932703224,55.87
"47187",0,0,0,0,0.254908838199329,96.47
"47189",0,0,0,0,0.150578093268948,83.84
"48001",0,0,0,0,0.11288595898189,72.67
"48003",0,0,0,0,0.0494439803864902,21.7
"48005",0,0,0,0,0.113949042820334,73.11
"48007",0,0,0,0,0.11862485727986,74.74
"48009",0,0,0,0,0.050552017682978,22.97
"48011",0,0,0,0,0.0435524466679846,15.14
"48013",0,0,0,0,0.0717268807778399,45.34
"48015",0,0,0,0,0.134916503391925,80.21
"48017",0,0,0,0,0.0378383862571905,9.13
"48019",0,0,0,0,0.0927599151179527,61.95
"48021",0,0,0,0,0.132053227166288,79
"48023",0,0,0,0,0.0473768323982455,19.31
"48025",0,0,0,0,0.0619808738133956,36.02
"48027",0,0,0,0,0.110945794983735,71.75
"48029",1.58249647196375e-05,1.02591253591261,1,1,0.268928870159284,97.45
"48031",0,0,0,0,0.0992932581091487,65.54
"48033",0,0,0,0,0.0461413049293469,17.85
"48035",0,0,0,0,0.067600311902614,41.62
"48037",0,0,0,0,0.134119774092037,79.86
"48039",0,0,0,0,0.162588011806842,86.35
"48041",0,0,0,0,0.117312593313158,74.26
"48043",0,0,0,0,0.0700325209484257,44.1
"48045",0,0,0,0,0.0449829519923162,16.58
"48047",0,0,0,0,0.0372521734452177,8.65
"48049",0,0,0,0,0.0932664328641852,62.23
"48051",0,0,0,0,0.0750597967874485,49.03
"48053",0,0,0,0,0.144351392726093,82.31
"48055",0,0,0,0,0.0943338198968777,62.77
"48057",0,0,0,0,0.0555661030970145,28.89
"48059",0,0,0,0,0.0816226988421298,54.18
"48061",0,0,0,0,0.133397110421809,79.45
"48063",0,0,0,0,0.0570637582404932,30.77
"48065",0,0,0,0,0.0261321612042729,2.13
"48067",0,0,0,0,0.060353739654548,34.46
"48069",0,0,0,0,0.0281958931813169,2.93
"48071",0,0,0,0,0.0852231306422398,56.73
"48073",0,0,0,0,0.0953040148195148,63.38
"48075",0,0,0,0,0.0556781655118693,29.18
"48077",0,0,0,0,0.0585408585859519,32.17
"48079",0,0,0,0,0.0542402044103778,27.36
"48081",0,0,0,0,0.047425459693627,19.41
"48083",0,0,0,0,0.0645997072787065,38.69
"48085",0,0,0,0,0.267179992564587,97.36
"48087",0,0,0,0,0.0454476653422667,16.89
"48089",0,0,0,0,0.0730000022108402,46.9
"48091",0,0,0,0,0.203961853174404,92.24
"48093",0,0,0,0,0.0585529480004946,32.2
"48095",0,0,0,0,0.0531677935631017,25.68
"48097",0,0,0,0,0.0970275220528873,64.52
"48099",0,0,0,0,0.0905195727714821,60.39
"48101",0,0,0,0,0.0849869788863251,56.6
"48103",0,0,0,0,0.0378609689544444,9.23
"48105",0,0,0,0,0.04361703574891,15.18
"48107",0,0,0,0,0.0455359174071494,17.02
"48109",0,0,0,0,0.0384436477705235,9.64
"48111",0,0,0,0,0.0412024496671554,12.73
"48113",0,0,0,0,0.366587436099327,99.71
"48115",0,0,0,0,0.0554097609238794,28.79
"48117",0,0,0,0,0.0368911627241326,8.46
"48119",0,0,0,0,0.0536830593236025,26.34
"48121",5.51065899215558e-06,0.357249083416691,1,0,0.261794995771355,97.01
"48123",0,0,0,0,0.055700359188581,29.21
"48125",0,0,0,0,0.0606937221834128,34.78
"48127",0,0,0,0,0.0469325806545625,18.84
"48129",0,0,0,0,0.0480564514570172,20.04
"48131",0,0,0,0,0.0418229868242551,13.46
"48133",0,0,0,0,0.0733192760193466,47.34
"48135",0,0,0,0,0.132962243595592,79.32
"48137",0,0,0,0,0.0598906207512047,34.01
"48139",0,0,0,0,0.167948045427663,87.46
"48141",0,0,0,0,0.176065566017115,88.71
"48143",0,0,0,0,0.0954059800397118,63.44
"48145",0,0,0,0,0.0537854525388748,26.63
"48147",0,0,0,0,0.0792175819573229,52.18
"48149",0,0,0,0,0.108581226928774,70.54
"48151",0,0,0,0,0.0415589148706082,13.24
"48153",0,0,0,0,0.0322037403977239,5.47
"48155",0,0,0,0,0.0558634320380271,29.34
"48157",0,0,0,0,0.21210366271028,93.32
"48159",0,0,0,0,0.0384857731992662,9.67
"48161",0,0,0,0,0.0594349317613267,33.41
"48163",0,0,0,0,0.0360572185517789,7.92
"48165",0,0,0,0,0.0725498042297349,46.48
"48167",0,0,0,0,0.147945163667313,82.95
"48169",0,0,0,0,0.0394263353436625,10.82
"48171",0,0,0,0,0.133746783301946,79.7
"48173",0,0,0,0,0.0410919230989022,12.63
"48175",0,0,0,0,0.0553656780360073,28.67
"48177",0,0,0,0,0.0396897949968501,11.04
"48179",0,0,0,0,0.0567886166414717,30.38
"48181",0,0,0,0,0.151512380122457,84.03
"48183",0,0,0,0,0.159921880111013,85.94
"48185",0,0,0,0,0.0820581253087131,54.44
"48187",0,0,0,0,0.137437426769995,80.88
"48189",0,0,0,0,0.0697519935200977,43.91
"48191",0,0,0,0,0.0606055072442612,34.74
"48193",0,0,0,0,0.041490317901347,13.14
"48195",0,0,0,0,0.0395316361825073,10.94
"48197",0,0,0,0,0.0353959923047804,7.35
"48199",0,0,0,0,0.0894848921075829,59.47
"48201",2.91056947838593e-06,0.18868855428255,1,0,0.311914282448945,98.79
"48203",0,0,0,0,0.103862480623401,67.93
"48205",0,0,0,0,0.029819191710808,3.85
"48207",0,0,0,0,0.0493214361987314,21.51
"48209",0,0,0,0,0.195197714717246,91.38
"48211",0.000596658711217184,38.6806329330757,1,1,0.0803871585422338,53.2
"48213",0,0,0,0,0.11379451530138,72.99
"48215",0,0,0,0,0.139217329696364,81.23
"48217",0,0,0,0,0.0742774055688261,48.17
"48219",0,0,0,0,0.0414275119648355,13.08
"48221",0,0,0,0,0.135842892585082,80.43
"48223",0,0,0,0,0.0974752656398025,64.84
"48225",0,0,0,0,0.133260833954615,79.38
"48227",0,0,0,0,0.0863414054423727,57.56
"48229",0,0,0,0,0.0380986688305165,9.48
"48231",0,0,0,0,0.119905543227489,75.18
"48233",0,0,0,0,0.0457558873559562,17.37
"48235",0,0,0,0,0.028162706468334,2.86
"48237",0,0,0,0,0.052468644400819,24.82
"48239",0,0,0,0,0.044287693415416,15.56
"48241",0,0,0,0,0.0676197774779975,41.68
"48243",0,0,0,0,0.0476451980762362,19.66
"48245",0,0,0,0,0.160686093725643,86.03
"48247",0,0,0,0,0.0349302733023297,7.03
"48249",0,0,0,0,0.0488272670789134,20.9
"48251",0,0,0,0,0.157930246986128,85.59
"48253",0,0,0,0,0.0589174651864015,32.68
"48255",0,0,0,0,0.0471933939376654,19.15
"48257",0,0,0,0,0.170203333976672,87.78
"48259",0,0,0,0,0.156132163784619,85.24
"48261",0,0,0,0,0.0120158076404504,0.06
"48263",0,0,0,0,0.0459399631418451,17.59
"48265",0,0,0,0,0.124250847763244,76.49
"48267",0,0,0,0,0.0655848318943199,39.74
"48269",0,0,0,0,0.0266269098155645,2.32
"48271",0,0,0,0,0.0276009803117144,2.55
"48273",0,0,0,0,0.061909666514461,35.89
"48275",0,0,0,0,0.0277847396830501,2.8
"48277",0,0,0,0,0.09914941440168,65.45
"48279",0,0,0,0,0.0348449502317234,6.97
"48281",0,0,0,0,0.0738270013830524,47.92
"48283",0,0,0,0,0.0340880139505678,6.49
"48285",0,0,0,0,0.0630739006915203,36.94
"48287",0,0,0,0,0.0604812623092052,34.65
"48289",0,0,0,0,0.0434428787254469,15.08
"48291",0,0,0,0,0.0873947600407152,58.13
"48293",0,0,0,0,0.0446484625605532,16.04
"48295",0,0,0,0,0.032769898491795,5.76
"48297",0,0,0,0,0.0445436606602046,15.88
"48299",0,0,0,0,0.089442393839534,59.43
"48301",0,0,0,0,0.012102681832308,0.1
"48303",0,0,0,0,0.180970858736239,89.53
"48305",0,0,0,0,0.0450094597453446,16.67
"48307",0,0,0,0,0.0475142289385215,19.47
"48309",0,0,0,0,0.171263335405896,88.01
"48311",0,0,0,0,0.0474158225377505,19.34
"48313",0,0,0,0,0.0393068655750714,10.72
"48315",0,0,0,0,0.0538097202407019,26.69
"48317",0,0,0,0,0.0402210995071556,11.71
"48319",0,0,0,0,0.0680394771359473,42.35
"48321",0,0,0,0,0.0763165150575106,50.17
"48323",0,0,0,0,0.0776923566600596,51.26
"48325",0,0,0,0,0.076991053794969,50.78
"48327",0,0,0,0,0.056519696504695,30.16
"48329",0,0,0,0,0.109320298970353,70.86
"48331",0,0,0,0,0.0731682966870683,47.22
"48333",0,0,0,0,0.0517553139060906,23.96
"48335",0,0,0,0,0.032546064102485,5.63
"48337",0,0,0,0,0.0819368513238671,54.41
"48339",0,0,0,0,0.204445538210427,92.3
"48341",0,0,0,0,0.0344553265435785,6.78
"48343",0,0,0,0,0.0389292664067905,10.18
"48345",0,0,0,0,0.0629319036749687,36.78
"48347",0,0,0,0,0.0976566237890762,64.94
"48349",0,0,0,0,0.100636547800528,66.15
"48351",0,0,0,0,0.0429421429845685,14.54
"48353",0,0,0,0,0.0575318239369959,31.21
"48355",0,0,0,0,0.175437030846685,88.61
"48357",0,0,0,0,0.0398766695191315,11.2
"48359",0,0,0,0,0.0234142714706958,1.11
"48361",0,0,0,0,0.105041112461231,68.44
"48363",0,0,0,0,0.0915700820340379,61.09
"48365",0,0,0,0,0.0639044527211689,38.08
"48367",0,0,0,0,0.182670885075314,89.79
"48369",0,0,0,0,0.0292034909457538,3.47
"48371",0,0,0,0,0.05623048907129,29.81
"48373",0,0,0,0,0.0756836445040121,49.7
"48375",0,0,0,0,0.158482219012197,85.71
"48377",0,0,0,0,0.0553990623620787,28.73
"48379",0,0,0,0,0.069473791879752,43.59
"48381",0,0,0,0,0.146147847631516,82.53
"48383",0,0,0,0,0.0385761134921483,9.83
"48385",0,0,0,0,0.0433668740430608,14.99
"48387",0,0,0,0,0.045797135819608,17.44
"48389",0,0,0,0,0.0498273530881468,22.18
"48391",0,0,0,0,0.0394867331013578,10.88
"48393",0,0,0,0,0.0569285460500095,30.58
"48395",0,0,0,0,0.0512767367204443,23.61
"48397",0,0,0,0,0.174940203850862,88.48
"48399",0,0,0,0,0.0399962991133448,11.36
"48401",0,0,0,0,0.0792213695023391,52.21
"48403",0,0,0,0,0.0512833828299927,23.64
"48405",0,0,0,0,0.029136791870932,3.44
"48407",0,0,0,0,0.0885281323604057,58.77
"48409",0,0,0,0,0.0905646213430643,60.42
"48411",0,0,0,0,0.0500072570480341,22.24
"48413",0,0,0,0,0.0444180058724915,15.75
"48415",0,0,0,0,0.0502564976933716,22.62
"48417",0,0,0,0,0.0445102979951964,15.84
"48419",0,0,0,0,0.0504283221324062,22.78
"48421",0,0,0,0,0.0191802996687525,0.51
"48423",0,0,0,0,0.163975996218394,86.76
"48425",0,0,0,0,0.0560093716987436,29.53
"48427",0,0,0,0,0.0676230406685272,41.71
"48429",0,0,0,0,0.0540829736698974,27.08
"48431",0,0,0,0,0.0327256740476193,5.7
"48433",0,0,0,0,0.0615951990117428,35.54
"48435",0,0,0,0,0.034985688753568,7.06
"48437",0,0,0,0,0.0454455224609239,16.86
"48439",0,0,0,0,0.307046757358785,98.66
"48441",0,0,0,0,0.134565564111366,79.99
"48443",0,0,0,0,0.0392771367081968,10.66
"48445",0,0,0,0,0.0497517536104565,22.02
"48447",0,0,0,0,0.0461758740467235,17.88
"48449",0,0,0,0,0.072552564689924,46.52
"48451",0,0,0,0,0.134617384674731,80.02
"48453",1.20475154007405e-05,0.781025253148436,1,0,0.319513919970119,98.92
"48455",0,0,0,0,0.0639730679483275,38.15
"48457",0,0,0,0,0.0547473569968106,27.78
"48459",0,0,0,0,0.0707915161913379,44.67
"48461",0,0,0,0,0.0194814891682314,0.54
"48463",0,0,0,0,0.0906750511734243,60.55
"48465",0,0,0,0,0.0723590547750179,46.26
"48467",0,0,0,0,0.118098628318876,74.55
"48469",0,0,0,0,0.140638265326483,81.39
"48471",0,0,0,0,0.0549106008089731,28.06
"48473",0,0,0,0,0.103611109690076,67.74
"48475",0,0,0,0,0.0504514521132401,22.84
"48477",0,0,0,0,0.103048157390222,67.48
"48479",0,0,0,0,0.121270241327873,75.5
"48481",0,0,0,0,0.073007245508609,46.93
"48483",0,0,0,0,0.0450955405857655,16.74
"48485",0,0,0,0,0.121266437578724,75.47
"48487",0,0,0,0,0.0405073179540812,12.06
"48489",0,0,0,0,0.0501447684861773,22.4
"48491",1.13552489638335e-05,0.736146491748537,1,0,0.229873497443435,94.97
"48493",0,0,0,0,0.102098531564122,66.97
"48495",0,0,0,0,0.035184420752872,7.19
"48497",0,0,0,0,0.116456676319202,74.04
"48499",0,0,0,0,0.101482058087426,66.53
"48501",0,0,0,0,0.0426064752882146,14.16
"48503",0,0,0,0,0.0709927852954148,44.8
"48505",0,0,0,0,0.0536949787734408,26.44
"48507",0,0,0,0,0.0372997751486257,8.72
"49001",0,0,0,0,0.0479264990679727,19.98
"49003",0,0,0,0,0.0935676327363198,62.39
"49005",0,0,0,0,0.187688468416727,90.45
"49007",0,0,0,0,0.0723386766888268,46.13
"49009",0,0,0,0,0.0507670685260841,23.1
"49011",0,0,0,0,0.222620176199847,94.43
"49013",0,0,0,0,0.0700053972854725,44.07
"49015",0,0,0,0,0.0390123019970489,10.24
"49017",0,0,0,0,0.0503215037205,22.65
"49019",0,0,0,0,0.0888733305476735,59.12
"49021",0,0,0,0,0.147836499956541,82.91
"49023",0,0,0,0,0.0680238745659422,42.32
"49025",0,0,0,0,0.0705839287005321,44.48
"49027",0,0,0,0,0.0537618323308981,26.6
"49029",0,0,0,0,0.0934422096611705,62.33
"49031",0,0,0,0,0.0276327570798315,2.61
"49033",0,0,0,0,0.0652233562827794,39.39
"49035",9.21761771239212e-05,5.97566549431765,1,1,0.437991457989412,100
"49037",0,0,0,0,0.0552910981262437,28.57
"49039",0,0,0,0,0.0932524095949795,62.2
"49041",0,0,0,0,0.0855889589634055,57.05
"49043",0,0,0,0,0.161755821093674,86.26
"49045",0,0,0,0,0.120343077260584,75.34
"49047",0,0,0,0,0.102866497690593,67.36
"49049",0,0,0,0,0.301994128672986,98.47
"49051",0,0,0,0,0.181669526142471,89.72
"49053",0.000104304653030572,6.76193931511843,1,1,0.266481025194013,97.33
"49055",0,0,0,0,0.0504945889410535,22.91
"49057",0,0,0,0,0.200631005101137,91.79
"50001",0,0,0,0,0.137038593403383,80.75
"50003",0,0,0,0,0.148190738831392,83.07
"50005",0,0,0,0,0.141327453768363,81.67
"50007",0,0,0,0,0.257505446377514,96.72
"50009",0,0,0,0,0.0619477041769542,35.95
"50011",0,0,0,0,0.0980327695369361,65.03
"50013",0,0,0,0,0.109829911916488,71.27
"50015",0,0,0,0,0.134784834275376,80.08
"50017",0,0,0,0,0.118291075489409,74.61
"50019",0,0,0,0,0.110774778631614,71.65
"50021",0,0,0,0,0.163110679129735,86.48
"50023",0,0,0,0,0.150738415270463,83.93
"50025",0,0,0,0,0.17112479396094,87.94
"50027",0,0,0,0,0.166988885461702,87.24
"51001",0,0,0,0,0.0848015625258118,56.51
"51003",0,0,0,0,0.132858492147858,79.29
"51005",0,0,0,0,0.0751366721930483,49.13
"51007",0,0,0,0,0.0782399281725833,51.67
"51009",0,0,0,0,0.0852529945793998,56.76
"51011",0,0,0,0,0.0693715130543439,43.53
"51013",0,0,0,0,0.122501527341721,75.88
"51015",0,0,0,0,0.113645846790206,72.96
"51017",0,0,0,0,0.052817085156788,25.2
"51019",0,0,0,0,0.154560882104221,84.73
"51021",0,0,0,0,0.0479043386944338,19.95
"51023",0,0,0,0,0.10652383182814,69.46
"51025",0,0,0,0,0.0538902214023132,26.79
"51027",0,0,0,0,0.0456525524180621,17.24
"51029",0,0,0,0,0.0592564950820795,33.09
"51031",0,0,0,0,0.110019334381377,71.4
"51033",0,0,0,0,0.0701163281958212,44.13
"51035",0,0,0,0,0.0874172100301686,58.16
"51036",0,0,0,0,0.0609973880531529,35.06
"51037",0,0,0,0,0.0676659049539739,41.84
"51041",0,0,0,0,0.192041285606994,91.06
"51043",0.0014543943486391,94.2865542428515,1,1,0.127167733542136,77.38
"51045",0,0,0,0,0.0663826811505298,40.53
"51047",0,0,0,0,0.113867971359442,73.05
"51049",0,0,0,0,0.0620972021514954,36.14
"51051",0,0,0,0,0.0358713898883497,7.73
"51053",0,0,0,0,0.0567966311940074,30.42
"51057",0,0,0,0,0.0731156520201491,47.18
"51059",0,0,0,0,0.170854351252128,87.88
"51061",0,0,0,0,0.154814716865904,84.76
"51063",0,0,0,0,0.0835783245527548,55.55
"51065",0,0,0,0,0.0829510988894663,55.04
"51067",0,0,0,0,0.11456118628305,73.27
"51069",0,0,0,0,0.126056726128936,76.93
"51071",0,0,0,0,0.0483135506262875,20.27
"51073",0,0,0,0,0.126428234038671,77.06
"51075",0,0,0,0,0.063540765836958,37.73
"51077",0,0,0,0,0.0526445263624097,25.07
"51079",0,0,0,0,0.082937525476564,55.01
"51081",0,0,0,0,0.0391473374974768,10.5
"51083",0,0,0,0,0.0836166111353756,55.62
"51085",0,0,0,0,0.171304665334905,88.04
"51087",0,0,0,0,0.240722475870929,95.51
"51089",0,0,0,0,0.10143109097968,66.43
"51091",0,0,0,0,0.057466146259829,31.12
"51093",0,0,0,0,0.089998761437387,59.94
"51095",0,0,0,0,0.143069798948694,82.09
"51097",0,0,0,0,0.0782371911293615,51.61
"51099",0,0,0,0,0.0416415094466935,13.33
"51101",0,0,0,0,0.0771112415901155,50.84
"51103",0,0,0,0,0.10236376496723,67.13
"51105",0,0,0,0,0.0516095713622136,23.86
"51107",4.56029623684355e-06,0.295638262690551,1,0,0.205007763832886,92.43
"51109",0,0,0,0,0.0879744673434164,58.48
"51111",0,0,0,0,0.067550698062619,41.58
"51113",0,0,0,0,0.0866726245178907,57.72
"51115",0,0,0,0,0.0596040474399573,33.6
"51117",0,0,0,0,0.0847762908453719,56.44
"51119",0,0,0,0,0.0735820837957701,47.6
"51121",0,0,0,0,0.106141297154738,69.14
"51125",0,0,0,0,0.0731059480165756,47.12
"51127",0,0,0,0,0.0772313638269695,50.94
"51131",0,0,0,0,0.0576660992974909,31.34
"51133",0,0,0,0,0.0753801175179475,49.32
"51135",0,0,0,0,0.0410864451757075,12.6
"51137",0,0,0,0,0.0861773053484349,57.49
"51139",0,0,0,0,0.0743946138536465,48.27
"51141",0,0,0,0,0.0656294890031998,39.77
"51143",0,0,0,0,0.0991496589272823,65.48
"51145",0,0,0,0,0.108608296207338,70.6
"51147",0,0,0,0,0.0691057517815326,43.4
"51149",0,0,0,0,0.0469621130756461,18.9
"51153",0,0,0,0,0.186448398636214,90.23
"51155",0,0,0,0,0.0687270423238044,42.95
"51157",0,0,0,0,0.0723829514867734,46.29
"51159",0,0,0,0,0.0656510235777081,39.83
"51161",0,0,0,0,0.156003578492745,85.17
"51163",0,0,0,0,0.0901399286786173,60.1
"51165",0,0,0,0,0.106891027757368,69.62
"51167",0,0,0,0,0.0547206952541823,27.74
"51169",0,0,0,0,0.0485642225018209,20.55
"51171",0,0,0,0,0.0820613540857936,54.47
"51173",0,0,0,0,0.049120387263192,21.32
"51175",0,0,0,0,0.0601438435580083,34.27
"51177",0,0,0,0,0.174551866438846,88.45
"51179",0,0,0,0,0.141028881017124,81.48
"51181",0,0,0,0,0.0501787608587726,22.43
"51183",0,0,0,0,0.0657990550142336,40.03
"51185",0,0,0,0,0.0853677672839429,56.89
"51187",0,0,0,0,0.10541785929261,68.76
"51191",0,0,0,0,0.104183074928974,68.09
"51193",0,0,0,0,0.0683237283498428,42.6
"51195",0,0,0,0,0.0504914657573708,22.88
"51197",0,0,0,0,0.0782650671326292,51.73
"51199",0,0,0,0,0.118409568542727,74.71
"51510",0,0,0,0,0.178636176308762,89.06
"51520",0,0,0,0,0.0841045692186883,55.9
"51530",0,0,0,0,0.0487314256034034,20.71
"51540",0,0,0,0,0.143687276693507,82.18
"51550",0,0,0,0,0.194894214002021,91.28
"51570",0,0,0,0,0.0924594181190998,61.79
"51580",0,0,0,0,0.0549458843391811,28.13
"51590",0,0,0,0,0.104528519559964,68.28
"51595",0,0,0,0,0.057302572575563,31.05
"51600",0,0,0,0,0.112877539184757,72.64
"51610",0,0,0,0,0.0933199936743199,62.3
"51620",0,0,0,0,0.0692152973488615,43.46
"51630",0,0,0,0,0.128039140197659,77.57
"51640",0,0,0,0,0.0735810046959379,47.57
"51650",0,0,0,0,0.121546995987936,75.56
"51660",0,0,0,0,0.128183278021155,77.7
"51670",0,0,0,0,0.0747733514151818,48.78
"51678",0,0,0,0,0.0536949720452627,26.41
"51680",0,0,0,0,0.125095165597223,76.74
"51683",0.000143910775319302,9.32955435090266,1,1,0.156298019767666,85.33
"51685",0,0,0,0,0.0769178421092973,50.72
"51690",0,0,0,0,0.0694685505757988,43.56
"51700",0,0,0,0,0.0962628059085497,64.05
"51710",0,0,0,0,0.149676792717998,83.58
"51720",0,0,0,0,0.0560678871793347,29.62
"51730",0,0,0,0,0.0938415841823297,62.55
"51735",0,0,0,0,0.0632168175995296,37.13
"51740",0,0,0,0,0.0793085055090214,52.31
"51750",0,0,0,0,0.0531447401025522,25.61
"51760",0,0,0,0,0.177755930910371,88.99
"51770",0,0,0,0,0.155629338378798,84.98
"51775",0,0,0,0,0.104848406966743,68.34
"51790",0,0,0,0,0.0917480887932117,61.18
"51800",0,0,0,0,0.106982968753836,69.77
"51810",0,0,0,0,0.190478705235616,90.8
"51820",0,0,0,0,0.0956456841063897,63.67
"51830",0,0,0,0,0.0657960399212785,39.99
"51840",0,0,0,0,0.0830991871421319,55.23
"53001",0,0,0,0,0.042780438757183,14.41
"53003",0,0,0,0,0.094969362856411,63.22
"53005",0,0,0,0,0.133391009720924,79.41
"53007",0,0,0,0,0.130545300254315,78.56
"53009",0,0,0,0,0.134080630109105,79.83
"53011",0,0,0,0,0.249973360331693,96.18
"53013",0,0,0,0,0.0466804423850277,18.61
"53015",0,0,0,0,0.132762948668763,79.19
"53017",0,0,0,0,0.0922379181690227,61.6
"53019",0,0,0,0,0.0621645299818102,36.18
"53021",0,0,0,0,0.115117827488328,73.43
"53023",0,0,0,0,0.0340161941088409,6.4
"53025",0,0,0,0,0.092548430315338,61.92
"53027",0,0,0,0,0.105918019361377,68.98
"53029",0,0,0,0,0.149500775240233,83.52
"53031",0,0,0,0,0.156216828383342,85.3
"53033",1.43753593839846e-05,0.93193644735131,1,0,0.321991476052434,98.98
"53035",0,0,0,0,0.152776764457458,84.35
"53037",0,0,0,0,0.102661336404732,67.29
"53039",0,0,0,0,0.0970807215840752,64.62
"53041",0,0,0,0,0.130321331119861,78.33
"53043",0,0,0,0,0.0475678323311751,19.57
"53045",0,0,0,0,0.103820336065441,67.9
"53047",0,0,0,0,0.0768621988223601,50.68
"53049",0,0,0,0,0.0969292444632456,64.49
"53051",0,0,0,0,0.0636127603744015,37.83
"53053",0,0,0,0,0.217184169505201,93.95
"53055",0,0,0,0,0.172477139686039,88.23
"53057",0,0,0,0,0.181668046332296,89.69
"53059",0,0,0,0,0.074634043141126,48.52
"53061",0,0,0,0,0.256199390311576,96.56
"53063",0,0,0,0,0.265138854456352,97.26
"53065",0,0,0,0,0.101640437761754,66.62
"53067",0,0,0,0,0.150956310354897,83.96
"53069",0,0,0,0,0.0655418312232639,39.68
"53071",0,0,0,0,0.0942319901941451,62.68
"53073",7.44463056020845e-05,4.82626024908505,1,1,0.298817088395024,98.41
"53075",0,0,0,0,0.0736822903296771,47.76
"53077",0,0,0,0,0.105689447532321,68.92
"54001",0,0,0,0,0.0427023947236038,14.32
"54003",0,0,0,0,0.133947709572693,79.73
"54005",0,0,0,0,0.0520141647572384,24.24
"54007",0,0,0,0,0.0495209240475303,21.92
"54009",0,0,0,0,0.0669969028069258,41.14
"54011",0,0,0,0,0.146237450595946,82.6
"54013",0,0,0,0,0.0339089650672577,6.27
"54015",0,0,0,0,0.0333571232710445,5.98
"54017",0,0,0,0,0.0274219915115095,2.48
"54019",0,0,0,0,0.0870297304249799,57.97
"54021",0,0,0,0,0.0386777240203475,10.02
"54023",0,0,0,0,0.0602998671985487,34.39
"54025",0,0,0,0,0.0942681292224018,62.71
"54027",0,0,0,0,0.0837883725086514,55.71
"54029",0,0,0,0,0.0903723029162021,60.23
"54031",0,0,0,0,0.0575665627378846,31.24
"54033",0,0,0,0,0.105199968157176,68.57
"54035",0,0,0,0,0.0768031117489737,50.65
"54037",0,0,0,0,0.112395482675535,72.26
"54039",0,0,0,0,0.150208725593387,83.68
"54041",0,0,0,0,0.063668292426799,37.86
"54043",0,0,0,0,0.0526947408430201,25.1
"54045",0,0,0,0,0.0650331560973638,39.2
"54047",0,0,0,0,0.037723348319984,8.97
"54049",0,0,0,0,0.105177657087358,68.5
"54051",0,0,0,0,0.057158621276657,30.83
"54053",0,0,0,0,0.0512145955912055,23.54
"54055",0,0,0,0,0.0984181900087849,65.19
"54057",0,0,0,0,0.0681393452124804,42.41
"54059",0,0,0,0,0.0521074156873789,24.31
"54061",0,0,0,0,0.101588204210718,66.59
"54063",0,0,0,0,0.0649556104970806,39.07
"54065",0,0,0,0,0.0806253212635701,53.45
"54067",0,0,0,0,0.0758377317464068,49.79
"54069",0,0,0,0,0.128651755702603,77.79
"54071",0,0,0,0,0.0631744335896124,37.07
"54073",0,0,0,0,0.0397191065467933,11.1
"54075",0,0,0,0,0.0457705810549852,17.4
"54077",0,0,0,0,0.0807925845653153,53.61
"54079",0,0,0,0,0.12329105611458,76.2
"54081",0,0,0,0,0.108415949209733,70.35
"54083",0,0,0,0,0.0814940781768983,54.15
"54085",0,0,0,0,0.0463969604216195,18.39
"54087",0,0,0,0,0.0580926628282058,31.72
"54089",0,0,0,0,0.0551530988185329,28.41
"54091",0,0,0,0,0.0570000571531489,30.67
"54093",0,0,0,0,0.0493916288706864,21.6
"54095",0,0,0,0,0.0367398070525523,8.37
"54097",0,0,0,0,0.0611653230437144,35.16
"54099",0,0,0,0,0.0650598823021462,39.33
"54101",0,0,0,0,0.0357910519748655,7.64
"54103",0,0,0,0,0.0503303818358262,22.69
"54105",0,0,0,0,0.0362322891973655,7.99
"54107",0,0,0,0,0.132793460705446,79.22
"54109",0,0,0,0,0.0456053280720768,17.18
"55001",0,0,0,0,0.0635291866397221,37.67
"55003",0,0,0,0,0.0795526728824147,52.53
"55005",0,0,0,0,0.106261267738441,69.2
"55007",0,0,0,0,0.088608745736684,58.83
"55009",0,0,0,0,0.212453414270774,93.41
"55011",0,0,0,0,0.0598141839801668,33.88
"55013",0,0,0,0,0.0624265261215728,36.37
"55015",0,0,0,0,0.0828705631091334,54.98
"55017",0,0,0,0,0.152715048389886,84.28
"55019",0,0,0,0,0.0867973005097415,57.84
"55021",0,0,0,0,0.116899597356215,74.16
"55023",0,0,0,0,0.0594054588498784,33.34
"55025",0,0,0,0,0.252678268674291,96.34
"55027",0,0,0,0,0.107037254719094,69.81
"55029",0,0,0,0,0.134807119314193,80.11
"55031",0,0,0,0,0.112174315554139,72.16
"55033",0,0,0,0,0.0887777131899845,58.96
"55035",0,0,0,0,0.175020619371766,88.55
"55037",0,0,0,0,0.0533763417350053,25.8
"55039",0,0,0,0,0.141056606577896,81.51
"55041",0,0,0,0,0.0527604876115773,25.14
"55043",0,0,0,0,0.0870103677273532,57.94
"55045",0,0,0,0,0.0845107818826872,56.25
"55047",0,0,0,0,0.0810704374768443,53.8
"55049",0,0,0,0,0.073364548350072,47.41
"55051",0,0,0,0,0.0591776909520146,32.96
"55053",0,0,0,0,0.0413848803150902,13.01
"55055",0,0,0,0,0.141198560341723,81.58
"55057",0,0,0,0,0.068785582625024,43.02
"55059",0,0,0,0,0.182378957796124,89.76
"55061",0,0,0,0,0.0558913195900989,29.37
"55063",0,0,0,0,0.150347681092455,83.74
"55065",0,0,0,0,0.0570241154404469,30.7
"55067",0,0,0,0,0.0745244255122017,48.39
"55069",0,0,0,0,0.0837945267053513,55.74
"55071",0,0,0,0,0.138745587653724,81.16
"55073",0,0,0,0,0.165332107691264,86.92
"55075",0,0,0,0,0.0822344252427941,54.57
"55077",0,0,0,0,0.0551484625304344,28.38
"55078",0,0,0,0,0.0667954783016723,40.79
"55079",0,0,0,0,0.303695297162955,98.57
"55081",0,0,0,0,0.0790221500165441,52.05
"55083",0.000457582135993411,29.6644736871213,1,1,0.116891956158273,74.1
"55085",0,0,0,0,0.1224501952193,75.82
"55087",0,0,0,0,0.218765993046108,94.15
"55089",0,0,0,0,0.198025364189922,91.54
"55091",0,0,0,0,0.0531374028296975,25.55
"55093",0,0,0,0,0.115415611084987,73.56
"55095",0,0,0,0,0.118367878461988,74.67
"55097",0,0,0,0,0.131779112122794,78.84
"55099",0,0,0,0,0.0523877323634492,24.63
"55101",0,0,0,0,0.201088745204389,91.82
"55103",0,0,0,0,0.0590535359626229,32.77
"55105",0,0,0,0,0.171588760861394,88.1
"55107",0,0,0,0,0.0633717350494597,37.35
"55109",0,0,0,0,0.183351898122662,89.82
"55111",0,0,0,0,0.129360810199717,77.95
"55113",0,0,0,0,0.0877954621901208,58.32
"55115",0,0,0,0,0.0899720831339647,59.91
"55117",0,0,0,0,0.12966674942194,78.01
"55119",0,0,0,0,0.0613713902555134,35.35
"55121",0,0,0,0,0.0688960609506608,43.11
"55123",0,0,0,0,0.095170914430497,63.25
"55125",0,0,0,0,0.103818035648103,67.87
"55127",0,0,0,0,0.181395659992795,89.66
"55129",0,0,0,0,0.0870896841348137,58.03
"55131",0,0,0,0,0.183545062129598,89.85
"55133",0,0,0,0,0.339228631248029,99.33
"55135",0,0,0,0,0.0906518063083154,60.52
"55137",0,0,0,0,0.0730249497761151,46.99
"55139",0,0,0,0,0.155854034617509,85.05
"55141",0,0,0,0,0.110126349721026,71.43
"56001",0,0,0,0,0.0885521616995074,58.8
"56003",0,0,0,0,0.061938991928517,35.92
"56005",0,0,0,0,0.0859267395391264,57.37
"56007",0,0,0,0,0.0593455707829102,33.25
"56009",0,0,0,0,0.0664750274372293,40.57
"56011",0,0,0,0,0.0547910776747194,27.87
"56013",0,0,0,0,0.115067331593009,73.4
"56015",0,0,0,0,0.0745875414465114,48.46
"56017",0,0,0,0,0.0563371335030371,29.91
"56019",0,0,0,0,0.0894954045268722,59.53
"56021",0,0,0,0,0.129920654466997,78.14
"56023",0,0,0,0,0.0952751392127575,63.35
"56025",0,0,0,0,0.178545827194487,89.02
"56027",0,0,0,0,0.0441861918085356,15.49
"56029",0,0,0,0,0.135088768759253,80.27
"56031",0,0,0,0,0.0601451231913562,34.3
"56033",0,0,0,0,0.163596524901658,86.61
"56035",0,0,0,0,0.0761102375481908,50.05
"56037",0,0,0,0,0.0810346780620301,53.77
"56039",0,0,0,0,0.161739495781336,86.22
"56041",0,0,0,0,0.0835773950005394,55.52
"56043",0,0,0,0,0.0695306168595512,43.72
"56045",0,0,0,0,0.0535376610883212,26.15
