"county_geoid","industry_employment_share","location_quotient","industry_present","industry_comparative_advantage","industry_feasibility","industry_feasibility_percentile_score"
"01001",0,0,0,0,0.135924946466073,71.01
"01003",0.000190245416587398,3.59818097862245,1,1,0.255950100466866,94.94
"01005",0,0,0,0,0.0714377310541165,25.23
"01007",0,0,0,0,0.0709132962757303,24.5
"01009",0,0,0,0,0.134917564548825,70.57
"01011",0,0,0,0,0.070916485455443,24.53
"01013",0,0,0,0,0.0788566728219646,32.83
"01015",0,0,0,0,0.15264415448633,77.06
"01017",0,0,0,0,0.0997486433230831,50.02
"01019",0,0,0,0,0.0953562534782464,46.77
"01021",0,0,0,0,0.123358898899073,65.29
"01023",0,0,0,0,0.0548993226418477,10.5
"01025",0,0,0,0,0.0851484513946815,38.66
"01027",0,0,0,0,0.0481648010229871,6.43
"01029",0.000887049083382614,16.777082970961,1,1,0.0814398503265975,35.25
"01031",0,0,0,0,0.131695234051548,68.92
"01033",0,0,0,0,0.138721839239619,72.22
"01035",0,0,0,0,0.0631881093850907,17.82
"01037",0,0,0,0,0.0591577668288968,14.41
"01039",0,0,0,0,0.111546320580022,58.19
"01041",0,0,0,0,0.0706060971786711,24.05
"01043",0,0,0,0,0.149792132563043,76.14
"01045",0,0,0,0,0.077496294118592,31.37
"01047",0,0,0,0,0.112687537241808,58.99
"01049",0,0,0,0,0.114514660382251,60.04
"01051",0,0,0,0,0.129675794097453,68.15
"01053",0,0,0,0,0.10059868494401,50.78
"01055",0,0,0,0,0.143498831521601,74.2
"01057",0,0,0,0,0.0720196373891833,26.06
"01059",0,0,0,0,0.075255827544588,29.34
"01061",0,0,0,0,0.0925610067398431,44.38
"01063",0,0,0,0,0.0539759427484214,9.9
"01065",0,0,0,0,0.0800275466383434,34.14
"01067",0,0,0,0,0.0869391771680613,40.06
"01069",1.76531855173266e-05,0.333881138793993,1,0,0.186846004508184,85.62
"01071",0.000114226968987378,2.1604163423683,1,1,0.135584409873624,70.86
"01073",0,0,0,0,0.253093622622403,94.5
"01075",0,0,0,0,0.0755611229933956,29.62
"01077",0,0,0,0,0.160316068970304,79.54
"01079",0,0,0,0,0.0913698489566334,43.81
"01081",0,0,0,0,0.155595631909283,77.98
"01083",0,0,0,0,0.120502177836083,63.67
"01085",0,0,0,0,0.0546860462077116,10.31
"01087",0,0,0,0,0.0497452578111611,7.51
"01089",3.9618238652346e-06,0.0749314203109371,1,0,0.166405443631146,81.1
"01091",0,0,0,0,0.0850418229978532,38.56
"01093",0,0,0,0,0.0756207289453349,29.65
"01095",0,0,0,0,0.131815282698285,68.95
"01097",0,0,0,0,0.245886229343325,93.86
"01099",0,0,0,0,0.0843628159777365,37.77
"01101",0,0,0,0,0.18260755510904,84.54
"01103",0,0,0,0,0.166699130309239,81.2
"01105",0,0,0,0,0.0516966685831935,8.56
"01107",0,0,0,0,0.0687644408763549,22.62
"01109",0,0,0,0,0.0728287115121047,26.73
"01111",0,0,0,0,0.0898499006468773,42.54
"01113",0,0,0,0,0.109932851139978,56.95
"01115",0,0,0,0,0.169693992669407,81.96
"01117",0,0,0,0,0.252703802124924,94.4
"01119",0,0,0,0,0.0649274679206231,19.15
"01121",5.72377082021636e-05,1.08255765950795,1,1,0.122185524411934,64.62
"01123",0,0,0,0,0.0980581630672268,48.68
"01125",2.64245007971391e-05,0.499776225064431,1,0,0.150424210767715,76.23
"01127",0,0,0,0,0.126388397142809,66.53
"01129",0,0,0,0,0.0489929225504261,6.9
"01131",0,0,0,0,0.0860298940994942,39.36
"01133",0,0,0,0,0.0809096957109426,34.9
"02013",0,0,0,0,0.0288024263348296,0.64
"02016",0,0,0,0,0.0428309885500227,3.95
"02020",0.000127471941687381,2.41092334372689,1,1,0.260878604314621,95.45
"02050",0,0,0,0,0.0578627994920133,13.2
"02060",0,0,0,0,0.0459080930499392,5.54
"02063",0,0,0,0,0.106156425766224,54.69
"02066",0,0,0,0,0.0939428702095418,45.37
"02068",0,0,0,0,0.0532876348053798,9.55
"02070",0,0,0,0,0.043295063823044,4.2
"02090",3.79449039993929e-05,0.717665814269686,1,0,0.150511750488833,76.3
"02100",0,0,0,0,0.0846456663417337,38.05
"02105",0,0,0,0,0.0645387069828713,19.03
"02110",0,0,0,0,0.144440090378973,74.39
"02122",3.83273925874823e-05,0.72489996049455,1,0,0.181041479489673,84.31
"02130",0,0,0,0,0.109776971894798,56.79
"02150",0,0,0,0,0.0973395603216907,48.27
"02158",0,0,0,0,0.0289340810640514,0.67
"02164",0,0,0,0,0.0342715579097963,1.5
"02170",8.4328882642305e-05,1.5949429264312,1,1,0.201979775849552,88.45
"02180",0,0,0,0,0.0542717999697867,10.09
"02185",0,0,0,0,0.0497099654529884,7.48
"02188",0,0,0,0,0.0339730078817104,1.3
"02195",0,0,0,0,0.0774879467047548,31.34
"02198",0,0,0,0,0.0605286907373786,15.49
"02220",0,0,0,0,0.116899519229202,61.5
"02230",0,0,0,0,0.0701133086356438,23.67
"02240",0,0,0,0,0.0827283661243804,36.11
"02275",0,0,0,0,0.0572209761641198,12.73
"02282",0,0,0,0,0.0568005308058401,12.15
"02290",0,0,0,0,0.0619087430775782,16.86
"04001",0,0,0,0,0.061935047686953,16.96
"04003",0,0,0,0,0.144641029190973,74.42
"04005",0,0,0,0,0.173680399477598,83.07
"04007",0,0,0,0,0.094511139265934,46.1
"04009",0,0,0,0,0.0964186943262405,47.47
"04011",0,0,0,0,0.0228654650454949,0.22
"04012",0,0,0,0,0.0688228207646062,22.69
"04013",0.000622008062484253,11.7642654373882,1,1,0.378680938133284,99.68
"04015",0,0,0,0,0.203044579070356,88.8
"04017",0,0,0,0,0.138648503029873,72.13
"04019",1.77656971037472e-05,0.336009111479986,1,0,0.224848327746127,91.92
"04021",2.17668121415278e-05,0.411683660073426,1,0,0.16792885670593,81.55
"04023",0,0,0,0,0.113967331400929,59.59
"04025",0,0,0,0,0.226085516560901,92.08
"04027",3.55639855373126e-05,0.672634634672396,1,0,0.136116141810598,71.24
"05001",0,0,0,0,0.0700314765446365,23.58
"05003",0,0,0,0,0.0780046270491324,31.91
"05005",0,0,0,0,0.138112686732537,71.75
"05007",1.23073893565697e-05,0.23277414548889,1,0,0.20225375965048,88.51
"05009",0,0,0,0,0.136034908182742,71.14
"05011",0,0,0,0,0.0618641109782273,16.83
"05013",0,0,0,0,0.0286650262622186,0.6
"05015",0,0,0,0,0.100772876867723,50.84
"05017",0,0,0,0,0.0618536591648899,16.74
"05019",0,0,0,0,0.0772824842234706,30.96
"05021",0,0,0,0,0.0836248946238475,37.03
"05023",0,0,0,0,0.112432090692781,58.73
"05025",0,0,0,0,0.0452100391209558,5.25
"05027",0,0,0,0,0.084884597976156,38.4
"05029",0,0,0,0,0.0940740695957849,45.69
"05031",0,0,0,0,0.174441490216762,83.26
"05033",0,0,0,0,0.127378894335601,66.97
"05035",0,0,0,0,0.122070077958076,64.56
"05037",0,0,0,0,0.0696803983467319,23.32
"05039",0,0,0,0,0.0570953321610903,12.54
"05041",0,0,0,0,0.0626675263072131,17.47
"05043",0,0,0,0,0.0909873693211066,43.4
"05045",0,0,0,0,0.191838254945097,86.7
"05047",0,0,0,0,0.0672289075567177,21.22
"05049",0,0,0,0,0.0741841188794554,28.19
"05051",0,0,0,0,0.203419716973982,88.86
"05053",0,0,0,0,0.0800952314758126,34.23
"05055",0,0,0,0,0.111346311051108,58.07
"05057",0,0,0,0,0.0791588269592372,33.25
"05059",0,0,0,0,0.0904724122445975,42.95
"05061",0,0,0,0,0.0637843340248082,18.2
"05063",0,0,0,0,0.102651002246182,51.99
"05065",0,0,0,0,0.0809066522605584,34.87
"05067",0,0,0,0,0.0636340089901446,18.04
"05069",0,0,0,0,0.118090137936693,62.52
"05071",0,0,0,0,0.0695603758357123,23.19
"05073",0,0,0,0,0.0570683227828195,12.5
"05075",0,0,0,0,0.0784371569860458,32.39
"05077",0,0,0,0,0.0505665263518487,7.83
"05079",0,0,0,0,0.0422576803312026,3.69
"05081",0,0,0,0,0.0529398343417932,9.26
"05083",0,0,0,0,0.0792340393151456,33.34
"05085",0,0,0,0,0.136081802461578,71.21
"05087",0,0,0,0,0.0847065691318076,38.21
"05089",0,0,0,0,0.0788785279464921,32.87
"05091",0,0,0,0,0.115279048970415,60.39
"05093",0,0,0,0,0.0830213405545515,36.33
"05095",0,0,0,0,0.0652342414509736,19.38
"05097",0,0,0,0,0.0866894107067169,39.87
"05099",0,0,0,0,0.0518345488589429,8.65
"05101",0,0,0,0,0.0690508587426792,22.84
"05103",0,0,0,0,0.0836518057466832,37.1
"05105",0,0,0,0,0.0809960970757037,34.93
"05107",0,0,0,0,0.076818371600987,30.54
"05109",0,0,0,0,0.0786993136394529,32.61
"05111",0,0,0,0,0.0617823827738415,16.61
"05113",0,0,0,0,0.0917176897188357,43.88
"05115",0,0,0,0,0.149655935249203,76.04
"05117",0,0,0,0,0.0526878238732774,9.07
"05119",6.88956712849732e-06,0.130304896892552,1,0,0.23267462296381,92.75
"05121",0,0,0,0,0.0698213246679086,23.45
"05123",0,0,0,0,0.0777092112380822,31.69
"05125",3.01213891984698e-05,0.569696824279747,1,0,0.167381814420535,81.39
"05127",0,0,0,0,0.0452864537495793,5.31
"05129",0,0,0,0,0.0841572463518451,37.48
"05131",0,0,0,0,0.196082635326341,87.56
"05133",0,0,0,0,0.066124081309717,20.36
"05135",0,0,0,0,0.0991693434153877,49.48
"05137",0,0,0,0,0.0934668901729971,45.12
"05139",0,0,0,0,0.125595141843383,66.21
"05141",0,0,0,0,0.0925755906295888,44.45
"05143",0,0,0,0,0.210930891905725,89.76
"05145",0,0,0,0,0.140309497587188,72.89
"05147",0,0,0,0,0.0371367388339925,2.2
"05149",0,0,0,0,0.07486894460256,28.99
"06001",2.268643714042e-06,0.042907686322037,1,0,0.331837860634699,98.95
"06003",0,0,0,0,0.0948013009351701,46.36
"06005",0,0,0,0,0.128314368284086,67.26
"06007",0,0,0,0,0.203412350487305,88.83
"06009",0,0,0,0,0.15749352144322,78.59
"06011",0,0,0,0,0.0660296473738566,20.14
"06013",1.83535490028287e-05,0.347127368936404,1,0,0.297052918282445,98.09
"06015",0,0,0,0,0.0862060778366788,39.48
"06017",0,0,0,0,0.213897465419411,90.36
"06019",3.36536742450534e-05,0.636504220188025,1,0,0.202528140041301,88.55
"06021",0,0,0,0,0.0981521394160878,48.74
"06023",6.71975271310016e-05,1.27093134894085,1,1,0.185125805408128,85.08
"06025",0,0,0,0,0.11075231805002,57.62
"06027",0,0,0,0,0.103204325103406,52.4
"06029",0,0,0,0,0.162090787313811,79.96
"06031",0,0,0,0,0.0748820676605969,29.02
"06033",0,0,0,0,0.110180808856464,57.14
"06035",0,0,0,0,0.0722185104578334,26.19
"06037",5.95768218373225e-05,1.12679816916038,1,1,0.41119692772792,99.84
"06039",0,0,0,0,0.125281569771581,65.99
"06041",3.00428862200792e-05,0.56821206880612,1,0,0.28319416833942,97.26
"06043",0,0,0,0,0.088823576170372,41.3
"06045",0,0,0,0,0.156311181047874,78.14
"06047",0,0,0,0,0.118092128309981,62.55
"06049",0,0,0,0,0.0736433032293086,27.68
"06051",0,0,0,0,0.0907025960128994,43.14
"06053",0,0,0,0,0.124226133721421,65.7
"06055",0.000235923246303869,4.46210243848616,1,1,0.170842006746184,82.34
"06057",0,0,0,0,0.239407273654271,93.29
"06059",3.28934597017372e-05,0.622126005151365,1,0,0.412117396865469,99.9
"06061",0,0,0,0,0.241418008329697,93.51
"06063",0,0,0,0,0.103791894948075,52.85
"06065",0.000107985193568651,2.04236336644192,1,1,0.293879286176857,98
"06067",2.4787478357433e-06,0.0468814622363097,1,0,0.240152674767697,93.32
"06069",0,0,0,0,0.140335500691392,72.92
"06071",4.56810631229236e-05,0.863982614459703,1,0,0.309061399663448,98.41
"06073",0.000142257785443279,2.69057340158211,1,1,0.354012425806009,99.59
"06075",0.000431268080818875,8.15673056899433,1,1,0.277119784903861,96.79
"06077",3.12547858890893e-06,0.0591133169431048,1,0,0.214858982365319,90.42
"06079",4.2647560559536e-05,0.806608873646508,1,0,0.23478895304713,93.1
"06081",0.000209979152069902,3.97141231803658,1,1,0.252918114213392,94.46
"06083",1.62021378720922e-05,0.30643694523699,1,0,0.226085973870759,92.11
"06085",2.68422966268994e-05,0.507678150033544,1,0,0.200717894742974,88.2
"06087",0.000107028477808057,2.02426865218563,1,1,0.277349369165985,96.85
"06089",0,0,0,0,0.216176867759331,90.61
"06091",0,0,0,0,0.106004411944321,54.63
"06093",0,0,0,0,0.11729249196671,61.95
"06095",0,0,0,0,0.253897195018629,94.69
"06097",0,0,0,0,0.288502675166539,97.58
"06099",4.50929817283238e-06,0.0852860016470812,1,0,0.222652840788379,91.6
"06101",0,0,0,0,0.156861809969463,78.3
"06103",0.000451936548108646,8.54764083213419,1,1,0.119213004307662,62.9
"06105",0,0,0,0,0.0990587296471569,49.28
"06107",0.000179972644158088,3.40388828544801,1,1,0.171697574598249,82.53
"06109",0,0,0,0,0.142840749556317,74.07
"06111",5.69878797141281e-05,1.07783256215899,1,1,0.345411032928509,99.27
"06113",0,0,0,0,0.166809549631401,81.29
"06115",0,0,0,0,0.0893361868326386,41.84
"08001",0,0,0,0,0.253504229313732,94.59
"08003",0,0,0,0,0.101795500412017,51.57
"08005",1.58189468799764e-05,0.299189514188488,1,0,0.289846268222961,97.65
"08007",0,0,0,0,0.141685451968947,73.69
"08009",0,0,0,0,0.0606449527114031,15.53
"08011",0,0,0,0,0.0462351667983544,5.7
"08013",4.56214785921212e-06,0.0862855670488073,1,0,0.29564373126924,98.06
"08014",0,0,0,0,0.201804694416583,88.39
"08015",0,0,0,0,0.153993854901352,77.51
"08017",0,0,0,0,0.0687464290435043,22.56
"08019",0,0,0,0,0.109824932658288,56.86
"08021",0,0,0,0,0.0734079840540438,27.24
"08023",0,0,0,0,0.0579813816740938,13.39
"08025",0,0,0,0,0.027448178414473,0.48
"08027",0,0,0,0,0.10311849248519,52.24
"08029",0,0,0,0,0.162692189711872,80.21
"08031",2.74425039186281e-05,0.519030089539202,1,0,0.334205862658716,98.98
"08033",0,0,0,0,0.108685570243668,56.25
"08035",0.00201650080600548,38.1388155031453,1,1,0.269475213171039,96.25
"08037",0,0,0,0,0.162138829207605,79.99
"08039",0,0,0,0,0.170699539562213,82.31
"08041",5.05019897783973e-06,0.0955162559302634,1,0,0.229880410597346,92.49
"08043",0,0,0,0,0.126953511831585,66.78
"08045",0,0,0,0,0.191466107773452,86.57
"08047",0,0,0,0,0.0409177861158512,3.37
"08049",0,0,0,0,0.115847438461781,60.83
"08051",0,0,0,0,0.14803177729031,75.69
"08053",0,0,0,0,0.0646854681833253,19.09
"08055",0,0,0,0,0.0640205097262165,18.52
"08057",0,0,0,0,0.0741770764680569,28.16
"08059",1.07102693632745e-05,0.202567232315703,1,0,0.298773173337458,98.15
"08061",0,0,0,0,0.0623183781988697,17.21
"08063",0,0,0,0,0.0762219639731958,30.1
"08065",0,0,0,0,0.0770218393806233,30.86
"08067",0,0,0,0,0.21901838968064,91.19
"08069",1.00234046498574e-05,0.189576309375024,1,0,0.25766633749683,95
"08071",0,0,0,0,0.0885357222837552,41.01
"08073",0,0,0,0,0.0594826423262734,14.54
"08075",0,0,0,0,0.0912166037644982,43.65
"08077",0,0,0,0,0.244914655423392,93.83
"08079",0,0,0,0,0.0521144479366928,8.75
"08081",0,0,0,0,0.0971682785525268,48.11
"08083",0,0,0,0,0.153094285851215,77.28
"08085",0,0,0,0,0.197194448947801,87.72
"08087",0,0,0,0,0.0824514738978338,35.89
"08089",0,0,0,0,0.0897780999451323,42.44
"08091",0,0,0,0,0.126759596992065,66.69
"08093",0,0,0,0,0.156667487648217,78.21
"08095",0,0,0,0,0.0484901374305194,6.65
"08097",0,0,0,0,0.132114258188733,69.2
"08099",0,0,0,0,0.0659788376563357,20.04
"08101",0,0,0,0,0.173621819761796,83.04
"08103",0,0,0,0,0.0571001575461849,12.57
"08105",0,0,0,0,0.0762190713823033,30.07
"08107",0,0,0,0,0.193593813501942,87.02
"08109",0,0,0,0,0.0621759400571345,17.09
"08111",0,0,0,0,0.0890721650376722,41.52
"08113",0,0,0,0,0.129409251535212,68.06
"08115",0,0,0,0,0.0599331387440935,14.86
"08117",0,0,0,0,0.137847007588683,71.65
"08119",0,0,0,0,0.127509851760547,67.01
"08121",0,0,0,0,0.0702004486271696,23.77
"08123",1.43547194728947e-05,0.271496046986777,1,0,0.224401409840467,91.76
"08125",0,0,0,0,0.0659849892320525,20.08
"09110",1.75324174398463e-06,0.0331597008080048,1,0,0.248164922073335,94.02
"09120",5.31987657886337e-05,1.00616766795491,1,1,0.277767446975858,96.95
"09130",1.19704569123403e-05,0.226401619234888,1,0,0.224467948007031,91.79
"09140",7.88258107234633e-05,1.49086131932835,1,1,0.299234395903359,98.22
"09150",0,0,0,0,0.188999017586877,86.1
"09160",0,0,0,0,0.213409723974852,90.23
"09170",1.27239008935359e-05,0.240651780159791,1,0,0.250588791251807,94.18
"09180",6.9964807701726e-06,0.132326993607059,1,0,0.16714585934439,81.36
"09190",2.94530856525184e-06,0.0557056955471745,1,0,0.310363988813597,98.5
"10001",3.64684001312862e-05,0.689740157881307,1,0,0.160055408570238,79.38
"10003",9.09363718206371e-06,0.17199127801307,1,0,0.226483127503864,92.14
"10005",1.90298578469619e-05,0.359918644869804,1,0,0.191461370002807,86.54
"11001",2.46544068519528e-05,0.466297792426248,1,0,0.14073529026271,73.15
"12001",0,0,0,0,0.15133077591658,76.58
"12003",0,0,0,0,0.0730070011429114,26.89
"12005",0,0,0,0,0.223443713652358,91.66
"12007",0,0,0,0,0.089963898464702,42.57
"12009",0.000892371721565025,16.877751968972,1,1,0.272433671330336,96.5
"12011",0.000156664869428987,2.96305983770593,1,1,0.411947116229859,99.87
"12013",0,0,0,0,0.0639297427959516,18.45
"12015",0,0,0,0,0.212537513732865,90.07
"12017",0,0,0,0,0.17563009461956,83.52
"12019",0,0,0,0,0.21216249334289,89.88
"12021",2.56743364467745e-05,0.485588092994072,1,0,0.254220281824122,94.78
"12023",0,0,0,0,0.144922866610304,74.58
"12027",0,0,0,0,0.104093603601807,52.97
"12029",0,0,0,0,0.0734689392919272,27.33
"12031",3.1778062014888e-06,0.0601030081725654,1,0,0.310328193106751,98.47
"12033",0,0,0,0,0.213755828697222,90.26
"12035",0,0,0,0,0.196506324812134,87.62
"12037",0,0,0,0,0.107316534353049,55.68
"12039",0,0,0,0,0.0778785766663558,31.85
"12041",0,0,0,0,0.0746411268325367,28.64
"12043",0,0,0,0,0.0789095361023128,32.93
"12045",0,0,0,0,0.10851796017701,56.16
"12047",0,0,0,0,0.0633845578746767,17.91
"12049",0,0,0,0,0.0862823208948742,39.58
"12051",0,0,0,0,0.111352791881954,58.1
"12053",0,0,0,0,0.198541480536159,88.01
"12055",0.000454407755225689,8.59437967400635,1,1,0.185902173801699,85.4
"12057",2.74733136822826e-05,0.519612805840734,1,0,0.345506395662097,99.3
"12059",0,0,0,0,0.0842260547698606,37.58
"12061",1.51975683890578e-05,0.287437156067832,1,0,0.230883223992333,92.59
"12063",0,0,0,0,0.0990804866968547,49.35
"12065",0,0,0,0,0.0937370181695437,45.31
"12067",0,0,0,0,0.0505952295089682,7.86
"12069",0,0,0,0,0.241880154479702,93.6
"12071",2.98839308127234e-06,0.0565205687188858,1,0,0.259404795918674,95.26
"12073",0.000596512353938096,11.2820557990544,1,1,0.223676542871408,91.73
"12075",0,0,0,0,0.138269007147523,71.84
"12077",0,0,0,0,0.037290780378317,2.29
"12079",0,0,0,0,0.0787618791978354,32.68
"12081",0,0,0,0,0.270073661342623,96.31
"12083",0,0,0,0,0.246830441719661,93.89
"12085",0.000162953651325744,3.08200186430252,1,1,0.266743220378633,95.86
"12086",0.000110088951873113,2.08215251485096,1,1,0.413903280690627,99.94
"12087",3.67890515782503e-05,0.695804755693596,1,0,0.17879889672837,84
"12089",0,0,0,0,0.191652345400681,86.64
"12091",5.8251296091338e-05,1.10172801708297,1,1,0.186719178043844,85.59
"12093",0,0,0,0,0.117369009314714,62.14
"12095",5.77931678843366e-06,0.109306327114705,1,0,0.288655032503995,97.61
"12097",2.20584991397185e-05,0.417200442697828,1,0,0.218889424497481,91.15
"12099",1.17191314821446e-05,0.221648209672671,1,0,0.334489627295786,99.05
"12101",6.00236493178312e-06,0.113524918033285,1,0,0.252549225943207,94.34
"12103",6.10624872786485e-06,0.115489710172583,1,0,0.365476741422425,99.62
"12105",6.85675887864565e-06,0.129684382492386,1,0,0.243806023520149,93.76
"12107",0,0,0,0,0.12779258200856,67.13
"12109",2.64158918005072e-05,0.499613399969974,1,0,0.252904315983521,94.43
"12111",1.90400030464005e-05,0.360110524728458,1,0,0.229522337664937,92.46
"12113",3.91903278270923e-05,0.74122096953984,1,0,0.210837748215797,89.72
"12115",4.74365299229631e-06,0.0897184398564728,1,0,0.273937342044803,96.56
"12117",1.68298460489833e-05,0.31830901901795,1,0,0.313294082699,98.63
"12119",0,0,0,0,0.138376417127189,71.94
"12121",0,0,0,0,0.0975615395409767,48.33
"12123",0,0,0,0,0.0832607159086762,36.56
"12125",0,0,0,0,0.0450770610618513,5.15
"12127",4.72371019093237e-06,0.0893412543777613,1,0,0.267378283432198,95.93
"12129",0,0,0,0,0.119412772697289,62.93
"12131",0,0,0,0,0.205640556714592,89.21
"12133",0,0,0,0,0.085214124821787,38.75
"13001",0,0,0,0,0.0799218658773259,34.01
"13003",0,0,0,0,0.0632799643743807,17.85
"13005",0,0,0,0,0.0725727543816886,26.5
"13007",0,0,0,0,0.0701132406834256,23.64
"13009",0,0,0,0,0.106522357010633,54.92
"13011",0,0,0,0,0.0802341704466659,34.46
"13013",0,0,0,0,0.172766435664867,82.85
"13015",5.85754451733833e-05,1.10785876694373,1,1,0.192085169745818,86.76
"13017",0,0,0,0,0.0713838662854413,25.1
"13019",0,0,0,0,0.0780562277486144,32.04
"13021",0,0,0,0,0.185579678052871,85.24
"13023",0,0,0,0,0.0673642022832883,21.29
"13025",0,0,0,0,0.0613945380556292,16.26
"13027",0,0,0,0,0.0692769384130282,22.94
"13029",0,0,0,0,0.125660614286753,66.24
"13031",0,0,0,0,0.155441156360756,77.89
"13033",0,0,0,0,0.0780840021286332,32.1
"13035",0,0,0,0,0.0716800847052954,25.64
"13037",0,0,0,0,0.040618760423855,3.15
"13039",4.95221116228396e-05,0.936629766219151,1,0,0.0937888149095734,45.34
"13043",0,0,0,0,0.0840708428752322,37.45
"13045",0,0,0,0,0.144809847101776,74.51
"13047",0,0,0,0,0.141145728571019,73.34
"13049",0,0,0,0,0.0672855950310031,21.25
"13051",0,0,0,0,0.21638468556,90.71
"13053",0,0,0,0,0.0242483762617382,0.29
"13055",0,0,0,0,0.0619335019459689,16.93
"13057",1.1549744750641e-05,0.218444536615732,1,0,0.24104114113631,93.45
"13059",0,0,0,0,0.148546063657131,75.88
"13061",0,0,0,0,0.0547800162620728,10.37
"13063",0,0,0,0,0.157053651825892,78.36
"13065",0,0,0,0,0.0744047543474494,28.48
"13067",7.00751205292073e-06,0.13253563228265,1,0,0.310532446723265,98.54
"13069",0,0,0,0,0.103246843910602,52.5
"13071",0,0,0,0,0.0963647574373573,47.41
"13073",4.37962597994131e-05,0.82833464149535,1,0,0.184490935903854,84.92
"13075",0,0,0,0,0.0794182843021719,33.53
"13077",0,0,0,0,0.187484060036256,85.75
"13079",0,0,0,0,0.0583407804547689,13.71
"13081",0,0,0,0,0.0855143350091094,39.1
"13083",0,0,0,0,0.0720554967195793,26.12
"13085",0,0,0,0,0.123330150583366,65.19
"13087",0,0,0,0,0.0967996483430513,47.85
"13089",2.81663957998271e-06,0.0532721320814215,1,0,0.25960780354744,95.29
"13091",0,0,0,0,0.0751893638695451,29.3
"13093",0,0,0,0,0.0567290268903238,12.06
"13095",0,0,0,0,0.148572197457988,75.91
"13097",0,0,0,0,0.179615682280909,84.12
"13099",0,0,0,0,0.0589679621563294,14.29
"13101",0,0,0,0,0.0492580905495709,7.13
"13103",0,0,0,0,0.114972370017985,60.23
"13105",0,0,0,0,0.0847379514920049,38.24
"13107",0,0,0,0,0.0811059615917145,34.97
"13109",0,0,0,0,0.0602978836576639,15.24
"13111",0,0,0,0,0.129844305972517,68.28
"13113",1.79953212164837e-05,0.340352076106952,1,0,0.226551635079531,92.17
"13115",0,0,0,0,0.12895852065537,67.8
"13117",2.97062056263553e-05,0.561844305892621,1,0,0.261467883889386,95.48
"13119",0,0,0,0,0.0961897903580912,47.34
"13121",1.5561038660428e-05,0.294311601929387,1,0,0.31922964655885,98.82
"13123",0,0,0,0,0.127693459793695,67.04
"13125",0,0,0,0,0.0503180473820529,7.73
"13127",0,0,0,0,0.176024224468074,83.58
"13129",0,0,0,0,0.0939700079595187,45.47
"13131",0,0,0,0,0.0849729307468377,38.47
"13133",0,0,0,0,0.100822312085472,50.91
"13135",5.58820307977048e-05,1.0569172381124,1,1,0.397839560168232,99.78
"13137",0,0,0,0,0.107258488747658,55.55
"13139",1.76186616864583e-05,0.333228176984096,1,0,0.190932787382082,86.41
"13141",0,0,0,0,0.0808607530509617,34.84
"13143",0,0,0,0,0.0940166478275579,45.59
"13145",0,0,0,0,0.0947680816989778,46.33
"13147",0,0,0,0,0.0821386649851336,35.57
"13149",0,0,0,0,0.0710911097809512,24.79
"13151",4.46687809889668e-05,0.844836953109542,1,0,0.157327233097732,78.52
"13153",1.3107018808572e-05,0.247897829074819,1,0,0.104496219663196,53.32
"13155",0,0,0,0,0.0552630619656038,10.79
"13157",0,0,0,0,0.112650852908054,58.96
"13159",0,0,0,0,0.0967419301484127,47.79
"13161",0,0,0,0,0.0735696387425085,27.49
"13163",0,0,0,0,0.0725572049866373,26.47
"13165",0,0,0,0,0.0574884516001348,12.95
"13167",0,0,0,0,0.0660996962324599,20.33
"13169",0,0,0,0,0.0894976613278601,42.06
"13171",0,0,0,0,0.0746918187650873,28.67
"13173",0,0,0,0,0.059977155488164,14.89
"13175",0,0,0,0,0.12036163831652,63.57
"13177",0,0,0,0,0.109036662114479,56.41
"13179",0,0,0,0,0.0540256788911198,9.96
"13181",0,0,0,0,0.0826860753342652,36.05
"13183",0,0,0,0,0.0834617438410801,36.81
"13185",0,0,0,0,0.15688015736437,78.33
"13187",0,0,0,0,0.124573979867721,65.77
"13189",0,0,0,0,0.0896953509024404,42.35
"13191",0,0,0,0,0.0822128279918519,35.7
"13193",0,0,0,0,0.0641052149052463,18.64
"13195",0,0,0,0,0.099649201829619,49.89
"13197",0,0,0,0,0.0479106192858355,6.33
"13199",0,0,0,0,0.0812503952951707,35.09
"13201",0,0,0,0,0.0469877120924782,5.98
"13205",0,0,0,0,0.0693638704735078,23
"13207",0,0,0,0,0.0911143905542642,43.53
"13209",0,0,0,0,0.0642795126818501,18.87
"13211",0,0,0,0,0.104680238309775,53.48
"13213",0,0,0,0,0.0788384284221672,32.77
"13215",0,0,0,0,0.171848158805946,82.6
"13217",0,0,0,0,0.166048001460713,80.97
"13219",0,0,0,0,0.159699487621355,79.19
"13221",0,0,0,0,0.0770101025169645,30.83
"13223",0,0,0,0,0.199227891473264,88.13
"13225",0,0,0,0,0.0818647221257341,35.44
"13227",0,0,0,0,0.137313675030942,71.46
"13229",0,0,0,0,0.0846360453518727,37.96
"13231",0,0,0,0,0.100411666533945,50.49
"13233",0,0,0,0,0.101786568297089,51.51
"13235",0,0,0,0,0.0598105775468298,14.73
"13237",0,0,0,0,0.104989214481416,53.9
"13239",0,0,0,0,0.0435553967285584,4.45
"13241",0,0,0,0,0.100585764995741,50.75
"13243",0,0,0,0,0.0583120489576102,13.65
"13245",0,0,0,0,0.161451585802449,79.67
"13247",0,0,0,0,0.185559385653094,85.21
"13249",0,0,0,0,0.0686759163401937,22.49
"13251",0,0,0,0,0.0708594465362633,24.37
"13253",0,0,0,0,0.0497944973511451,7.64
"13255",0,0,0,0,0.129794665568706,68.25
"13257",0,0,0,0,0.0976316265557176,48.36
"13259",0,0,0,0,0.0239680148456397,0.25
"13261",0,0,0,0,0.100502032886392,50.62
"13263",0,0,0,0,0.051823756938341,8.62
"13265",0,0,0,0,0.024953890340417,0.38
"13267",0,0,0,0,0.0625412195222542,17.4
"13269",0,0,0,0,0.0677652640085587,21.51
"13271",0,0,0,0,0.0630283288147445,17.69
"13273",0,0,0,0,0.0680989246537492,21.79
"13275",8.39877377902826e-05,1.58849072937163,1,1,0.170578457890103,82.28
"13277",0,0,0,0,0.115591152571334,60.58
"13279",0,0,0,0,0.0948735744209298,46.48
"13281",0,0,0,0,0.0833602195113185,36.72
"13283",0,0,0,0,0.070224932039979,23.83
"13285",0,0,0,0,0.0986557486732224,49
"13287",0,0,0,0,0.0783698754116966,32.36
"13289",0,0,0,0,0.056897757996993,12.31
"13291",0,0,0,0,0.117078621018853,61.63
"13293",0,0,0,0,0.0864431612100351,39.77
"13295",0,0,0,0,0.093610653599565,45.21
"13297",0,0,0,0,0.17218153560235,82.69
"13299",0,0,0,0,0.100172350356598,50.33
"13301",0,0,0,0,0.0894285649937249,41.97
"13303",0,0,0,0,0.0773678941723543,31.08
"13305",0,0,0,0,0.0946342589964563,46.23
"13307",0,0,0,0,0.0772924566425566,31.02
"13309",0,0,0,0,0.0785736807507592,32.52
"13311",0,0,0,0,0.130727349715317,68.57
"13313",0,0,0,0,0.133377550387047,69.81
"13315",0,0,0,0,0.0581784797540986,13.62
"13317",0,0,0,0,0.0667378704710857,20.87
"13319",0,0,0,0,0.0494843384268057,7.29
"13321",0,0,0,0,0.089821552470744,42.48
"15001",1.13766937052754e-05,0.215171559053724,1,0,0.207223267598238,89.34
"15003",6.58297751730317e-05,1.24506255710912,1,1,0.253726997325318,94.65
"15007",0,0,0,0,0.166758953182359,81.23
"15009",0,0,0,0,0.212460549620716,89.98
"16001",3.10781958485746e-05,0.587793257562516,1,0,0.34058761135298,99.11
"16003",0,0,0,0,0.0942402213917093,45.88
"16005",0,0,0,0,0.197245600238705,87.81
"16007",0,0,0,0,0.0967957716267883,47.82
"16009",0,0,0,0,0.0888455096800765,41.33
"16011",0,0,0,0,0.135140156234724,70.66
"16013",0,0,0,0,0.191793726048931,86.67
"16015",0,0,0,0,0.101808088807388,51.61
"16017",5.13821806597472e-05,0.971809930596204,1,0,0.209106047144967,89.56
"16019",0.00011686167959449,2.21024758540553,1,1,0.284053982073662,97.36
"16021",0,0,0,0,0.106737435685009,55.11
"16023",0,0,0,0,0.0186776946111116,0.1
"16025",0,0,0,0,0.0817349552607759,35.38
"16027",0.000184803330350543,3.49525281597482,1,1,0.259094907165315,95.23
"16029",0,0,0,0,0.0707036969778078,24.15
"16031",0,0,0,0,0.110373789869127,57.37
"16033",0,0,0,0,0.0524675107681178,8.91
"16035",0,0,0,0,0.0879333084191236,40.63
"16037",0,0,0,0,0.0860040540199039,39.33
"16039",0,0,0,0,0.0777207099693066,31.72
"16041",0,0,0,0,0.114395659645389,59.91
"16043",0,0,0,0,0.104828855652975,53.64
"16045",0,0,0,0,0.148269146528921,75.76
"16047",0,0,0,0,0.0664796018876795,20.78
"16049",0,0,0,0,0.126099152707923,66.37
"16051",0,0,0,0,0.130855429308366,68.63
"16053",0,0,0,0,0.0852570574939955,38.78
"16055",0.00012177004943864,2.30308137518123,1,1,0.299710014919648,98.25
"16057",0,0,0,0,0.141251872649111,73.4
"16059",0,0,0,0,0.11782014608189,62.23
"16061",0,0,0,0,0.0607752122081214,15.69
"16063",0,0,0,0,0.0657080559025277,19.79
"16065",0,0,0,0,0.123269884844218,65.13
"16067",9.16674305619214e-05,1.73373956084548,1,1,0.110200468659725,57.17
"16069",0.000289029274536521,5.4665161272077,1,1,0.154183076041996,77.6
"16071",0,0,0,0,0.0712057123281236,24.88
"16073",0.00136674259681093,25.8497014158496,1,1,0.092760450292544,44.61
"16075",0,0,0,0,0.123435629192416,65.35
"16077",0,0,0,0,0.0423807242651069,3.75
"16079",0,0,0,0,0.102211862103704,51.7
"16081",0,0,0,0,0.15726150786746,78.46
"16083",4.19375131054728e-05,0.79317948707332,1,0,0.208350773513655,89.47
"16085",0,0,0,0,0.134033459038028,70.12
"16087",0,0,0,0,0.10046047282247,50.56
"17001",0,0,0,0,0.165180732331328,80.69
"17003",0,0,0,0,0.0403333827274809,3.02
"17005",0,0,0,0,0.0798783394349073,33.98
"17007",0,0,0,0,0.117297269164572,61.98
"17009",0,0,0,0,0.0387762317839623,2.61
"17011",0,0,0,0,0.100263470033517,50.4
"17013",0,0,0,0,0.0728584889583101,26.76
"17015",0,0,0,0,0.0774148436858804,31.21
"17017",0,0,0,0,0.0574497442034888,12.92
"17019",0,0,0,0,0.139976665366815,72.7
"17021",0,0,0,0,0.0979452950281779,48.58
"17023",0,0,0,0,0.0731946030708139,27.08
"17025",0,0,0,0,0.0703085482264279,23.96
"17027",0,0,0,0,0.100580405263425,50.72
"17029",0,0,0,0,0.093011967646765,44.83
"17031",5.65052957822681e-06,0.106870527617568,1,0,0.416316404661795,99.97
"17033",0,0,0,0,0.0853364245652137,38.94
"17035",0,0,0,0,0.0570027620432184,12.41
"17037",0,0,0,0,0.150216122255308,76.2
"17039",0,0,0,0,0.0629421360891972,17.66
"17041",0,0,0,0,0.105836960109468,54.53
"17043",0.000185575403476845,3.50985531671833,1,1,0.41693414298754,100
"17045",0,0,0,0,0.0442143330891086,4.71
"17047",0,0,0,0,0.0628699685284983,17.63
"17049",0,0,0,0,0.13424360090281,70.28
"17051",0,0,0,0,0.108260410409773,56.06
"17053",0,0,0,0,0.0649705080554841,19.25
"17055",0,0,0,0,0.108922053831811,56.35
"17057",0,0,0,0,0.0907928396979702,43.27
"17059",0,0,0,0,0.0579526145109515,13.27
"17061",0,0,0,0,0.0513564207265784,8.37
"17063",0,0,0,0,0.104399022037601,53.26
"17065",0,0,0,0,0.0695691398332111,23.26
"17067",0,0,0,0,0.083599398333387,36.97
"17069",0,0,0,0,0.0396974676655991,2.77
"17071",0,0,0,0,0.0610847084895517,16
"17073",0,0,0,0,0.100569475226421,50.68
"17075",0,0,0,0,0.0811866443271935,35.03
"17077",0,0,0,0,0.108198872580875,56
"17079",0,0,0,0,0.0660233258139664,20.11
"17081",0,0,0,0,0.0905843923697367,43.05
"17083",0,0,0,0,0.0831485917591394,36.53
"17085",0,0,0,0,0.141288643232122,73.46
"17087",0,0,0,0,0.052652125411119,9.04
"17089",5.58100397968515e-05,1.05555564604596,1,1,0.344408189063638,99.2
"17091",0,0,0,0,0.155592347806252,77.95
"17093",0,0,0,0,0.176052800191588,83.61
"17095",0.000198511166253102,3.7545141179679,1,1,0.120280723788635,63.47
"17097",2.69021139681156e-06,0.0508809497233476,1,0,0.249842356151088,94.11
"17099",0,0,0,0,0.161742771220572,79.86
"17101",0,0,0,0,0.0513316405306488,8.34
"17103",0,0,0,0,0.10336666862186,52.59
"17105",0,0,0,0,0.0893649675024017,41.9
"17107",0,0,0,0,0.0696995553386655,23.35
"17109",0,0,0,0,0.0694358262139796,23.1
"17111",0,0,0,0,0.261539492159032,95.51
"17113",0,0,0,0,0.127073973598516,66.88
"17115",0,0,0,0,0.136077466979236,71.17
"17117",0,0,0,0,0.088803900990925,41.23
"17119",0,0,0,0,0.186564980631802,85.49
"17121",0,0,0,0,0.102532285835944,51.89
"17123",0,0,0,0,0.0533988178709983,9.58
"17125",0,0,0,0,0.0655921506650222,19.69
"17127",0,0,0,0,0.0668199067757674,20.9
"17129",0,0,0,0,0.0790781546099914,33.18
"17131",0,0,0,0,0.0712372880016037,24.91
"17133",0.00152609624580324,28.8636151224895,1,1,0.141002714608066,73.31
"17135",0,0,0,0,0.0894681520856006,42.03
"17137",0,0,0,0,0.0941184485742362,45.78
"17139",0,0,0,0,0.0793198640362532,33.47
"17141",0,0,0,0,0.113699674555369,59.5
"17143",0,0,0,0,0.164476978499728,80.56
"17145",0,0,0,0,0.0714026223890119,25.17
"17147",0,0,0,0,0.08333578991753,36.68
"17149",0,0,0,0,0.0885725386994727,41.08
"17151",0,0,0,0,0.0559635217486502,11.2
"17153",0,0,0,0,0.0359261270679917,1.94
"17155",0,0,0,0,0.0720008242044771,26.03
"17157",0,0,0,0,0.08539141634424,39.01
"17159",0,0,0,0,0.0842436011789598,37.61
"17161",0,0,0,0,0.153470704196698,77.44
"17163",0,0,0,0,0.199624186430724,88.16
"17165",0,0,0,0,0.0720397906272664,26.09
"17167",0,0,0,0,0.131149113036503,68.79
"17169",0,0,0,0,0.0588572725171734,14.16
"17171",0,0,0,0,0.0767810559107249,30.48
"17173",0,0,0,0,0.0769866111231292,30.8
"17175",0,0,0,0,0.0481960934895461,6.49
"17177",0,0,0,0,0.107294127075009,55.62
"17179",0,0,0,0,0.152624245120275,77.03
"17181",0,0,0,0,0.0657183831024688,19.82
"17183",0,0,0,0,0.115612416090322,60.74
"17185",0,0,0,0,0.0689288991197695,22.78
"17187",0,0,0,0,0.0585897043882045,13.94
"17189",0,0,0,0,0.0683135326737806,22.08
"17191",0,0,0,0,0.0839274768303027,37.35
"17193",0,0,0,0,0.0607627696804299,15.65
"17195",0,0,0,0,0.135012021612869,70.6
"17197",0,0,0,0,0.272436888728882,96.53
"17199",0.000223735097644389,4.23158353580859,1,1,0.138352235260248,71.91
"17201",0,0,0,0,0.215695035568468,90.58
"17203",0,0,0,0,0.0907487312883839,43.21
"18001",0,0,0,0,0.118228400899514,62.62
"18003",0,0,0,0,0.265454008896194,95.74
"18005",1.86150409530901e-05,0.352073061602072,1,0,0.125187746793935,65.92
"18007",0,0,0,0,0.0943602902265594,46.04
"18009",0,0,0,0,0.074303830859217,28.29
"18011",0,0,0,0,0.138503971167218,72.06
"18013",0,0,0,0,0.115782432065905,60.8
"18015",0,0,0,0,0.0830620557995123,36.37
"18017",0,0,0,0,0.0982222553329567,48.81
"18019",0,0,0,0,0.195756208493302,87.46
"18021",0.000991626267078008,18.7549894031919,1,1,0.0993311306568927,49.63
"18023",0,0,0,0,0.0835700189287547,36.94
"18025",0,0,0,0,0.063818022439131,18.26
"18027",0,0,0,0,0.106314077909798,54.79
"18029",0,0,0,0,0.12860824713414,67.39
"18031",0,0,0,0,0.0965532733149846,47.57
"18033",0,0,0,0,0.117717295249827,62.2
"18035",0,0,0,0,0.173144844141547,82.95
"18037",0,0,0,0,0.109268354166509,56.54
"18039",0,0,0,0,0.211619845007153,89.85
"18041",0,0,0,0,0.0848623025612304,38.34
"18043",0,0,0,0,0.153539229393181,77.47
"18045",0,0,0,0,0.0834324522394089,36.78
"18047",0,0,0,0,0.0996042055598775,49.79
"18049",0,0,0,0,0.107740072208222,55.87
"18051",0,0,0,0,0.0717954174259028,25.9
"18053",0,0,0,0,0.0983098512571583,48.84
"18055",0,0,0,0,0.101788881260312,51.54
"18057",5.38883110864422e-06,0.101920928976625,1,0,0.24754976723412,93.99
"18059",3.05932021904733e-05,0.578620395547567,1,0,0.160169652476261,79.45
"18061",0,0,0,0,0.114152220976415,59.69
"18063",1.12449257272656e-05,0.21267938320754,1,0,0.139079040004028,72.38
"18065",0,0,0,0,0.109874622538492,56.92
"18067",0,0,0,0,0.136178289132307,71.3
"18069",0,0,0,0,0.121134416885918,64.11
"18071",0,0,0,0,0.107089055694655,55.46
"18073",0,0,0,0,0.0922466997217389,44.13
"18075",0,0,0,0,0.0788923616590748,32.9
"18077",0,0,0,0,0.0960891987544223,47.18
"18079",0,0,0,0,0.0853911472715523,38.98
"18081",1.36490820992288e-05,0.258150069873245,1,0,0.190332640108321,86.26
"18083",0,0,0,0,0.087063124750925,40.25
"18085",0,0,0,0,0.15599295540835,78.08
"18087",0,0,0,0,0.154368817179543,77.73
"18089",0.000447429400350408,8.46239550206296,1,1,0.252014303188272,94.27
"18091",0,0,0,0,0.183562266324988,84.7
"18093",0,0,0,0,0.11426561674688,59.85
"18095",0,0,0,0,0.168397771546689,81.67
"18097",5.85986141427755e-06,0.110829697011549,1,0,0.277396159242507,96.91
"18099",0,0,0,0,0.139369558411696,72.51
"18101",0,0,0,0,0.0381372018031531,2.51
"18103",0,0,0,0,0.0936310113388757,45.24
"18105",0.000180801467074761,3.41956411568306,1,1,0.159200161472651,79.06
"18107",0,0,0,0,0.0999252166308563,50.14
"18109",0,0,0,0,0.144682928001244,74.48
"18111",0,0,0,0,0.0688820199985449,22.72
"18113",0,0,0,0,0.140830205279476,73.21
"18115",0,0,0,0,0.0799262710006577,34.04
"18117",0,0,0,0,0.0717479144479373,25.77
"18119",0,0,0,0,0.072637094101797,26.6
"18121",0,0,0,0,0.0879467570662438,40.69
"18123",0,0,0,0,0.0745779776460404,28.57
"18125",0,0,0,0,0.0646252236375402,19.06
"18127",1.42618765777201e-05,0.269740075434821,1,0,0.214236882319985,90.39
"18129",0,0,0,0,0.0913604343173197,43.78
"18131",0,0,0,0,0.0637491891135803,18.14
"18133",0,0,0,0,0.0911524922748022,43.56
"18135",0,0,0,0,0.0924897782925425,44.32
"18137",0,0,0,0,0.106672331742031,55.07
"18139",0,0,0,0,0.0891318782311894,41.62
"18141",0,0,0,0,0.231903588039389,92.71
"18143",0,0,0,0,0.0605142789343751,15.43
"18145",0,0,0,0,0.115398695394204,60.45
"18147",0,0,0,0,0.0855290701773291,39.13
"18149",0,0,0,0,0.0837149145646402,37.16
"18151",0,0,0,0,0.134826572856454,70.51
"18153",0,0,0,0,0.0664698437792076,20.71
"18155",0,0,0,0,0.069399244227731,23.04
"18157",0,0,0,0,0.14197900554896,73.75
"18159",0,0,0,0,0.0813590876003915,35.19
"18161",0,0,0,0,0.118371348963853,62.68
"18163",0,0,0,0,0.222758025606016,91.63
"18165",0,0,0,0,0.0565464433229739,11.9
"18167",0,0,0,0,0.175351286624802,83.46
"18169",0,0,0,0,0.122570881346517,64.81
"18171",0,0,0,0,0.104749402762415,53.58
"18173",0,0,0,0,0.14791498907789,75.63
"18175",0,0,0,0,0.0979530117737573,48.62
"18177",0,0,0,0,0.131842131500706,68.98
"18179",0,0,0,0,0.110051634622204,56.98
"18181",0,0,0,0,0.0952438968034154,46.64
"18183",0,0,0,0,0.105839447869769,54.57
"19001",0,0,0,0,0.0607339470129694,15.62
"19003",0,0,0,0,0.0580903208602014,13.43
"19005",0,0,0,0,0.0913291571740536,43.72
"19007",0,0,0,0,0.0942432414834309,45.94
"19009",0,0,0,0,0.0615905018242023,16.48
"19011",0,0,0,0,0.121750296374088,64.33
"19013",0,0,0,0,0.166146598776639,81.01
"19015",0,0,0,0,0.111968121355602,58.48
"19017",0,0,0,0,0.0919010456557462,43.97
"19019",0,0,0,0,0.107658770776135,55.84
"19021",0,0,0,0,0.0749430846337634,29.05
"19023",0,0,0,0,0.081821408918895,35.41
"19025",0,0,0,0,0.0649644724623486,19.22
"19027",0,0,0,0,0.111044998096338,57.72
"19029",0,0,0,0,0.0941364898560684,45.82
"19031",0,0,0,0,0.098611284979181,48.93
"19033",0,0,0,0,0.151903009857067,76.84
"19035",0,0,0,0,0.0773803893641001,31.12
"19037",0,0,0,0,0.0729308738592868,26.85
"19039",0,0,0,0,0.0474833196754615,6.17
"19041",0,0,0,0,0.13058448445257,68.5
"19043",0,0,0,0,0.0931738606498089,44.89
"19045",0,0,0,0,0.128799061290157,67.64
"19047",0,0,0,0,0.0775928233987278,31.5
"19049",0,0,0,0,0.120453198602114,63.63
"19051",0,0,0,0,0.0827538249058361,36.18
"19053",0,0,0,0,0.0762131369089297,30.03
"19055",0,0,0,0,0.101400988866078,51.38
"19057",0,0,0,0,0.140572890099604,73.08
"19059",0,0,0,0,0.114306642969354,59.88
"19061",0,0,0,0,0.198393567567335,87.94
"19063",0,0,0,0,0.0763822386484481,30.19
"19065",0,0,0,0,0.0820706781715257,35.54
"19067",0,0,0,0,0.0822863796439891,35.79
"19069",0,0,0,0,0.0681291720316369,21.89
"19071",0,0,0,0,0.0513229436975673,8.3
"19073",0,0,0,0,0.0676486111919107,21.48
"19075",0,0,0,0,0.0626775383590369,17.5
"19077",0,0,0,0,0.0906065120644078,43.08
"19079",0,0,0,0,0.0781002503388269,32.17
"19081",0,0,0,0,0.0637231933021554,18.1
"19083",0,0,0,0,0.0806042640744349,34.62
"19085",0,0,0,0,0.0748267367521729,28.89
"19087",0,0,0,0,0.0869991808651733,40.15
"19089",0,0,0,0,0.0707721249676957,24.28
"19091",0,0,0,0,0.082466914222771,35.95
"19093",0,0,0,0,0.0550240849414588,10.59
"19095",0,0,0,0,0.0710695893546072,24.69
"19097",0,0,0,0,0.0990091608891381,49.25
"19099",0,0,0,0,0.140420738236392,72.99
"19101",0,0,0,0,0.123852788791988,65.54
"19103",7.13404877651063e-05,1.34928867505267,1,1,0.138416140037292,72.03
"19105",0,0,0,0,0.104687990968781,53.52
"19107",0,0,0,0,0.0640985313135319,18.61
"19109",0,0,0,0,0.0953298399963251,46.71
"19111",0,0,0,0,0.0993026118378385,49.54
"19113",0,0,0,0,0.243236311855632,93.7
"19115",0,0,0,0,0.050783011692785,7.99
"19117",0,0,0,0,0.0702158780879435,23.8
"19119",0,0,0,0,0.0792472211593406,33.38
"19121",0,0,0,0,0.117269428237489,61.85
"19123",0,0,0,0,0.0926823890552848,44.48
"19125",0,0,0,0,0.0903610264891608,42.92
"19127",0,0,0,0,0.103188918591768,52.34
"19129",0,0,0,0,0.0966003160813397,47.63
"19131",0.000208637596494888,3.94603898795396,1,1,0.0868019578577883,39.99
"19133",0,0,0,0,0.06389225691859,18.33
"19135",0,0,0,0,0.0747222880663992,28.73
"19137",0,0,0,0,0.0715162267593432,25.39
"19139",0,0,0,0,0.102584768292692,51.92
"19141",0,0,0,0,0.0863681080675861,39.71
"19143",0,0,0,0,0.0524030297666872,8.88
"19145",0,0,0,0,0.0721491981236471,26.15
"19147",0,0,0,0,0.0618578589845136,16.77
"19149",0,0,0,0,0.0835148102659828,36.88
"19151",0,0,0,0,0.0513189551019886,8.27
"19153",1.15572531876349e-05,0.218586546424195,1,0,0.286508653363637,97.49
"19155",0,0,0,0,0.140810188234237,73.18
"19157",0,0,0,0,0.0600452753885628,14.95
"19159",0,0,0,0,0.0662645820116794,20.46
"19161",0,0,0,0,0.0767097068946885,30.45
"19163",0,0,0,0,0.226558574891831,92.2
"19165",0,0,0,0,0.0885888768854274,41.11
"19167",0,0,0,0,0.11107382932365,57.78
"19169",0,0,0,0,0.112558577312047,58.89
"19171",0,0,0,0,0.0712580497800692,24.98
"19173",0,0,0,0,0.042375470423847,3.72
"19175",0,0,0,0,0.074961730043659,29.14
"19177",0,0,0,0,0.0710901604239508,24.75
"19179",0,0,0,0,0.108403458111052,56.12
"19181",0,0,0,0,0.122393149338403,64.72
"19183",0,0,0,0,0.106979899959291,55.42
"19185",0,0,0,0,0.0554914728766214,10.88
"19187",0,0,0,0,0.107965070901891,55.9
"19189",0,0,0,0,0.08046865804785,34.58
"19191",0,0,0,0,0.103037967204604,52.21
"19193",0,0,0,0,0.169552013771343,81.9
"19195",0,0,0,0,0.0688168362851354,22.65
"19197",0,0,0,0,0.044595691088403,4.9
"20001",0,0,0,0,0.070348929460075,23.99
"20003",0,0,0,0,0.0890890221751057,41.58
"20005",0,0,0,0,0.0861949152577603,39.42
"20007",0,0,0,0,0.0563070234270804,11.61
"20009",0,0,0,0,0.111291533031626,57.97
"20011",0,0,0,0,0.0870125708849303,40.18
"20013",0,0,0,0,0.0563596195487075,11.64
"20015",0,0,0,0,0.124215412699869,65.64
"20017",0,0,0,0,0.043439823202306,4.33
"20019",0,0,0,0,0.0460384155040419,5.63
"20021",0,0,0,0,0.0714691234647929,25.29
"20023",0,0,0,0,0.0408084484108374,3.31
"20025",0,0,0,0,0.0398584440983423,2.86
"20027",0,0,0,0,0.0752849626007233,29.4
"20029",0,0,0,0,0.0821416502221019,35.6
"20031",0,0,0,0,0.052831654876963,9.16
"20033",0,0,0,0,0.0407888995990823,3.28
"20035",0,0,0,0,0.089555287287065,42.19
"20037",0,0,0,0,0.0991975936287471,49.51
"20039",0,0,0,0,0.040759087356728,3.25
"20041",0,0,0,0,0.0813325251712705,35.16
"20043",0,0,0,0,0.0543575781190364,10.12
"20045",0,0,0,0,0.169805726413688,82.02
"20047",0,0,0,0,0.045205068058853,5.22
"20049",0,0,0,0,0.0485861455553291,6.71
"20051",0,0,0,0,0.121902858844887,64.46
"20053",0,0,0,0,0.0508708578569999,8.02
"20055",0,0,0,0,0.116985213405769,61.57
"20057",0,0,0,0,0.0940072110388556,45.53
"20059",0,0,0,0,0.084699966079506,38.18
"20061",0,0,0,0,0.0459570963939668,5.6
"20063",0,0,0,0,0.0340144870105347,1.37
"20065",0,0,0,0,0.0507263632138685,7.95
"20067",0,0,0,0,0.066323276220965,20.52
"20069",0,0,0,0,0.0464839859134459,5.85
"20071",0,0,0,0,0.0379396302478882,2.42
"20073",0,0,0,0,0.0586192455778978,13.97
"20075",0,0,0,0,0.0283085276383908,0.54
"20077",0,0,0,0,0.0692418487842307,22.91
"20079",0,0,0,0,0.106765291610717,55.17
"20081",0,0,0,0,0.0369402258131743,2.16
"20083",0,0,0,0,0.0324125426625972,1.02
"20085",0,0,0,0,0.0571059571153042,12.6
"20087",0,0,0,0,0.0922807400605407,44.19
"20089",0,0,0,0,0.0372868630985,2.26
"20091",1.45741789271947e-05,0.275646763719962,1,0,0.314542406815975,98.66
"20093",0,0,0,0,0.0290803005642346,0.7
"20095",0,0,0,0,0.0603076736161111,15.27
"20097",0,0,0,0,0.0346804208953914,1.56
"20099",0,0,0,0,0.0680999596043182,21.83
"20101",0,0,0,0,0.0312194463400111,0.89
"20103",3.49784882297387e-05,0.66156091046428,1,0,0.109821050696075,56.82
"20105",0,0,0,0,0.0496201393884963,7.38
"20107",0,0,0,0,0.0789554256757026,33.09
"20109",0,0,0,0,0.0451132110223742,5.19
"20111",0,0,0,0,0.0919556550000059,44
"20113",0,0,0,0,0.0927214371480553,44.54
"20115",0,0,0,0,0.0713559042693164,25.07
"20117",0,0,0,0,0.0694015090951474,23.07
"20119",0,0,0,0,0.0443491291635016,4.77
"20121",0,0,0,0,0.123782745724993,65.48
"20123",0,0,0,0,0.0611772819871945,16.1
"20125",0,0,0,0,0.0907728131091108,43.24
"20127",0,0,0,0,0.0643300187703988,18.93
"20129",0,0,0,0,0.0343413691573607,1.53
"20131",0,0,0,0,0.0713869387596213,25.14
"20133",0,0,0,0,0.0949863920187024,46.55
"20135",0,0,0,0,0.0449993094896706,5.12
"20137",0,0,0,0,0.0532875525014181,9.51
"20139",0,0,0,0,0.0733261916970057,27.17
"20141",0,0,0,0,0.046289386660986,5.73
"20143",0,0,0,0,0.0509405674009307,8.08
"20145",0,0,0,0,0.0441849684354314,4.65
"20147",0,0,0,0,0.05503503236813,10.63
"20149",0,0,0,0,0.100095848963657,50.21
"20151",0,0,0,0,0.0591884690132861,14.44
"20153",0,0,0,0,0.0432686458118199,4.17
"20155",0,0,0,0,0.153126926092514,77.31
"20157",0,0,0,0,0.0539180670964055,9.86
"20159",0,0,0,0,0.0497785564765331,7.6
"20161",0,0,0,0,0.139700604348455,72.57
"20163",0,0,0,0,0.0567674542221626,12.12
"20165",0,0,0,0,0.0348428698645554,1.62
"20167",0,0,0,0,0.0597045231220644,14.7
"20169",0,0,0,0,0.128631236304561,67.48
"20171",0,0,0,0,0.0530425644062219,9.35
"20173",0,0,0,0,0.241417937663434,93.48
"20175",0,0,0,0,0.0797322004289531,33.92
"20177",0,0,0,0,0.169358790892103,81.86
"20179",0,0,0,0,0.0492294719641149,7.1
"20181",0,0,0,0,0.0739248076065918,27.94
"20183",0,0,0,0,0.0428850650439668,3.98
"20185",0,0,0,0,0.0427125777924621,3.88
"20187",0,0,0,0,0.0332989051175831,1.15
"20189",0,0,0,0,0.0441394743314237,4.61
"20191",0,0,0,0,0.0801050121011919,34.27
"20193",0,0,0,0,0.0708347928164274,24.34
"20195",0,0,0,0,0.0525145181625299,8.94
"20197",0,0,0,0,0.0563803458824944,11.71
"20199",0,0,0,0,0.0564128136488448,11.74
"20201",0,0,0,0,0.0557213046008076,11.07
"20203",0,0,0,0,0.0530558511630358,9.39
"20205",0,0,0,0,0.0613190616229326,16.19
"20207",0,0,0,0,0.0534014185767648,9.61
"20209",0,0,0,0,0.182408479192319,84.47
"21001",0.000164419598816179,3.10972786406829,1,1,0.110681810489317,57.52
"21003",0,0,0,0,0.0795762568106636,33.69
"21005",0,0,0,0,0.120009247712131,63.25
"21007",0,0,0,0,0.0714550411306636,25.26
"21009",0,0,0,0,0.140435975142358,73.02
"21011",0,0,0,0,0.0862216120131896,39.55
"21013",0.0001098659635245,2.07793505485205,1,1,0.110754434231547,57.65
"21015",0,0,0,0,0.195171528837564,87.31
"21017",0,0,0,0,0.0830819665463852,36.4
"21019",0,0,0,0,0.150740880815653,76.46
"21021",0,0,0,0,0.119799360982571,63.12
"21023",0,0,0,0,0.0710568760035494,24.66
"21025",0,0,0,0,0.0595761719889256,14.64
"21027",0,0,0,0,0.102364914859977,51.73
"21029",0,0,0,0,0.112333543393204,58.67
"21031",0,0,0,0,0.0903194063923769,42.89
"21033",0,0,0,0,0.0728841193966918,26.79
"21035",0,0,0,0,0.104314707384198,53.13
"21037",0,0,0,0,0.195241919587043,87.34
"21039",0,0,0,0,0.0546268846843893,10.21
"21041",0,0,0,0,0.0739445294029964,27.97
"21043",0,0,0,0,0.0883155795693771,40.85
"21045",0,0,0,0,0.0814059890872187,35.22
"21047",0,0,0,0,0.0794336380805131,33.63
"21049",0,0,0,0,0.115271668151789,60.36
"21051",0,0,0,0,0.0892359837471873,41.78
"21053",0.000496401092082403,9.38861497605526,1,1,0.0876270519004136,40.5
"21055",0,0,0,0,0.080387159551468,34.52
"21057",0,0,0,0,0.0614811949154172,16.39
"21059",0,0,0,0,0.163984428670369,80.5
"21061",0,0,0,0,0.0735018957978141,27.39
"21063",0,0,0,0,0.0404017306299755,3.05
"21065",0,0,0,0,0.0754862370671634,29.53
"21067",4.3819673280516e-06,0.0828777469206308,1,0,0.258229204345821,95.1
"21069",0,0,0,0,0.0919596578105126,44.03
"21071",0,0,0,0,0.10038004356834,50.46
"21073",2.68082140367809e-05,0.507033533570943,1,0,0.126841083268002,66.75
"21075",0,0,0,0,0.0588150356969422,14.13
"21077",0,0,0,0,0.0457051490909486,5.44
"21079",0,0,0,0,0.110750305353083,57.59
"21081",0,0,0,0,0.107149109016367,55.52
"21083",0,0,0,0,0.120673541288333,63.82
"21085",0,0,0,0,0.097333962912333,48.23
"21087",0,0,0,0,0.0769070413647786,30.77
"21089",0,0,0,0,0.11731114002869,62.01
"21091",0,0,0,0,0.0541535593732314,10.02
"21093",0,0,0,0,0.132939428666848,69.62
"21095",0,0,0,0,0.0716945361023027,25.68
"21097",0,0,0,0,0.0806799019238999,34.68
"21099",0,0,0,0,0.0776187132987921,31.59
"21101",0,0,0,0,0.119670420873317,63.03
"21103",0,0,0,0,0.089841604996441,42.51
"21105",0,0,0,0,0.0409718646742831,3.4
"21107",0,0,0,0,0.10511851721009,54.06
"21109",0,0,0,0,0.086218869493533,39.52
"21111",7.53920386007238e-06,0.142591713429307,1,0,0.299193466481325,98.19
"21113",0,0,0,0,0.176066115633964,83.65
"21115",0.000328299409061064,6.20924650993543,1,1,0.109323218426947,56.57
"21117",0,0,0,0,0.203840797433512,88.99
"21119",0,0,0,0,0.0714914584567816,25.33
"21121",0,0,0,0,0.0965895583532997,47.6
"21123",0,0,0,0,0.0895093284568572,42.09
"21125",0,0,0,0,0.139713827437822,72.64
"21127",0,0,0,0,0.0576793788329536,13.08
"21129",0,0,0,0,0.0589528390572564,14.25
"21131",0,0,0,0,0.0469256339135077,5.92
"21133",0,0,0,0,0.0642584067650052,18.84
"21135",0,0,0,0,0.0751415542108776,29.27
"21137",0,0,0,0,0.100631181295012,50.81
"21139",0,0,0,0,0.0622302455205824,17.12
"21141",0,0,0,0,0.107497808896325,55.81
"21143",0,0,0,0,0.0760021146122276,29.91
"21145",0,0,0,0,0.168797272880407,81.71
"21147",0,0,0,0,0.0654014779939018,19.47
"21149",0,0,0,0,0.0604943231366138,15.4
"21151",0,0,0,0,0.142322522066352,73.88
"21153",0,0,0,0,0.0710078361264884,24.59
"21155",0,0,0,0,0.0640510488953969,18.58
"21157",0,0,0,0,0.131156248720857,68.82
"21159",0,0,0,0,0.0546631122452727,10.28
"21161",0,0,0,0,0.106357277568557,54.82
"21163",0,0,0,0,0.103176309745693,52.31
"21165",0,0,0,0,0.0755127847262248,29.59
"21167",0,0,0,0,0.075067586293337,29.24
"21169",0,0,0,0,0.0758157540697563,29.81
"21171",0,0,0,0,0.065960512676506,19.98
"21173",0,0,0,0,0.106757743305688,55.14
"21175",0,0,0,0,0.0619183322453519,16.89
"21177",0,0,0,0,0.086347870576785,39.64
"21179",0,0,0,0,0.105702934747518,54.41
"21181",0,0,0,0,0.0743514410167596,28.38
"21183",0,0,0,0,0.0734172739162625,27.27
"21185",0,0,0,0,0.199141107443544,88.1
"21187",0,0,0,0,0.0716246935834101,25.55
"21189",0,0,0,0,0.0618500845922404,16.7
"21191",0,0,0,0,0.0880599797433689,40.73
"21193",0,0,0,0,0.0991177541764662,49.38
"21195",0,0,0,0,0.110085442689337,57.05
"21197",0,0,0,0,0.0932358327426006,44.96
"21199",3.36123155524184e-05,0.635721988143703,1,0,0.157110290793749,78.4
"21201",0,0,0,0,0.0426415090429291,3.82
"21203",0,0,0,0,0.0655726867566581,19.66
"21205",0,0,0,0,0.0792562553738683,33.41
"21207",0,0,0,0,0.0752919813264275,29.43
"21209",0,0,0,0,0.0794267221956225,33.57
"21211",0,0,0,0,0.148435119009794,75.85
"21213",0,0,0,0,0.092049584682673,44.07
"21215",0,0,0,0,0.102465270684182,51.8
"21217",0,0,0,0,0.103775533203864,52.82
"21219",0,0,0,0,0.0853255263167765,38.91
"21221",0,0,0,0,0.0880942087774578,40.76
"21223",0,0,0,0,0.0663976782837299,20.62
"21225",0,0,0,0,0.0638033353195081,18.23
"21227",0,0,0,0,0.19721303476583,87.78
"21229",0,0,0,0,0.0740513676540257,28.06
"21231",0,0,0,0,0.0796393724104032,33.73
"21233",0,0,0,0,0.0680613681748435,21.67
"21235",0,0,0,0,0.100868651747075,51
"21237",0,0,0,0,0.07613986095473,29.94
"21239",0,0,0,0,0.116439875263833,61.18
"22001",0,0,0,0,0.158920590864279,78.94
"22003",0,0,0,0,0.0602733230215824,15.18
"22005",0,0,0,0,0.192735688982485,86.86
"22007",0,0,0,0,0.0834108730308761,36.75
"22009",0,0,0,0,0.10361239722544,52.66
"22011",0,0,0,0,0.113504392951617,59.37
"22013",0,0,0,0,0.0534066850072162,9.64
"22015",1.79323948713351e-05,0.339161927181266,1,0,0.186694919678576,85.56
"22017",9.76936165362728e-05,1.84771501494842,1,1,0.248324811530473,94.05
"22019",2.04260881998488e-05,0.386326058975495,1,0,0.202840144223779,88.61
"22021",0,0,0,0,0.0706684499072065,24.09
"22023",0,0,0,0,0.0601677170377614,15.08
"22025",0,0,0,0,0.10050763204661,50.65
"22027",0,0,0,0,0.0761902055013011,30
"22029",0,0,0,0,0.0899807480324918,42.63
"22031",0,0,0,0,0.0896843333400946,42.32
"22033",3.28775410229518e-05,0.62182492937126,1,0,0.229518932472714,92.43
"22035",0,0,0,0,0.0606665574425876,15.59
"22037",0,0,0,0,0.0822192508351085,35.73
"22039",0,0,0,0,0.0832820138506028,36.62
"22041",0,0,0,0,0.0843027961491249,37.67
"22043",0,0,0,0,0.0583390713021765,13.68
"22045",0,0,0,0,0.150554385700074,76.36
"22047",0,0,0,0,0.0859443347566142,39.29
"22049",0,0,0,0,0.0681981656306506,21.95
"22051",0.000109027474923681,2.06207641400603,1,1,0.345555666391098,99.33
"22053",0,0,0,0,0.115350733282304,60.42
"22055",5.87647646471176e-05,1.11143943522732,1,1,0.271360913779632,96.4
"22057",0,0,0,0,0.131910166628983,69.04
"22059",0,0,0,0,0.0549974257177196,10.56
"22061",0,0,0,0,0.140080529982163,72.76
"22063",0,0,0,0,0.17002559930461,82.06
"22065",0,0,0,0,0.0578426462704593,13.17
"22067",0,0,0,0,0.0957586681334488,47.03
"22069",0,0,0,0,0.0922745752933149,44.16
"22071",0,0,0,0,0.234210085938082,93
"22073",0,0,0,0,0.197929574166188,87.91
"22075",0,0,0,0,0.115409240676818,60.48
"22077",0,0,0,0,0.087512456865244,40.44
"22079",1.56934134743648e-05,0.296815255084875,1,0,0.15954007256224,79.16
"22081",0,0,0,0,0.0641099674508461,18.68
"22083",0,0,0,0,0.0797013377117421,33.85
"22085",0,0,0,0,0.0841671764684857,37.51
"22087",0,0,0,0,0.146757942509227,75.25
"22089",7.03160707379672e-05,1.3299135020401,1,1,0.158858929948921,78.87
"22091",0,0,0,0,0.07907429856645,33.15
"22093",0,0,0,0,0.087395908771907,40.41
"22095",0,0,0,0,0.134289058497352,70.31
"22097",0,0,0,0,0.142894556584202,74.1
"22099",0,0,0,0,0.135454197277914,70.79
"22101",0,0,0,0,0.135111607335575,70.63
"22103",0.00152621631454253,28.8658860263653,1,1,0.312956694081548,98.6
"22105",0,0,0,0,0.178653452204405,83.96
"22107",0,0,0,0,0.0499972080400801,7.7
"22109",0,0,0,0,0.162031095473897,79.92
"22111",0,0,0,0,0.0878519504443497,40.57
"22113",0,0,0,0,0.135478743413035,70.82
"22115",0,0,0,0,0.0624079258284431,17.34
"22117",0,0,0,0,0.0863483347798378,39.68
"22119",0,0,0,0,0.103312401880399,52.53
"22121",0,0,0,0,0.121687903754325,64.3
"22123",0,0,0,0,0.0686303429086793,22.43
"22125",0,0,0,0,0.0536578312674295,9.74
"22127",0,0,0,0,0.0616272058941542,16.51
"23001",0,0,0,0,0.202976991464515,88.74
"23003",0,0,0,0,0.119459829077375,62.97
"23005",0,0,0,0,0.279137562149365,97.01
"23007",0,0,0,0,0.128755365614388,67.58
"23009",0,0,0,0,0.161477714505734,79.7
"23011",0,0,0,0,0.159075282268608,79.03
"23013",0,0,0,0,0.185600783747096,85.27
"23015",0,0,0,0,0.173237408044333,82.98
"23017",0,0,0,0,0.122751336304414,64.87
"23019",0,0,0,0,0.202985157909658,88.77
"23021",0,0,0,0,0.103013820243666,52.18
"23023",0,0,0,0,0.120219504608701,63.41
"23025",0,0,0,0,0.13876242135163,72.26
"23027",0,0,0,0,0.155533216125766,77.92
"23029",0,0,0,0,0.122902189787383,64.94
"23031",1.07387162938542e-05,0.203105259493168,1,0,0.217062797095867,90.87
"24001",0,0,0,0,0.146528032880983,75.09
"24003",0,0,0,0,0.212886853790422,90.14
"24005",1.6733801082916e-05,0.316492485530864,1,0,0.271639684792147,96.44
"24009",0,0,0,0,0.195660858168146,87.43
"24011",0,0,0,0,0.111234479201919,57.87
"24013",0,0,0,0,0.187427101100869,85.71
"24015",0,0,0,0,0.139711853028813,72.61
"24017",0,0,0,0,0.17400410790032,83.2
"24019",0,0,0,0,0.125859082686622,66.31
"24021",0,0,0,0,0.242442320784152,93.67
"24023",0,0,0,0,0.156784938753211,78.27
"24025",0,0,0,0,0.211604488013483,89.82
"24027",1.04036620890553e-05,0.196768257066826,1,0,0.275527886291748,96.69
"24029",0,0,0,0,0.125375008095424,66.12
"24031",5.41707761738247e-05,1.02455165502674,1,1,0.246970939922566,93.92
"24033",2.60157186972369e-06,0.0492044780056957,1,0,0.217337192371952,90.93
"24035",0,0,0,0,0.190227883203895,86.22
"24037",0,0,0,0,0.0856301794307864,39.17
"24039",0,0,0,0,0.083778994071286,37.26
"24041",0,0,0,0,0.194879989810888,87.24
"24043",1.42571998859424e-05,0.269651623456848,1,0,0.216553537328338,90.77
"24045",0,0,0,0,0.174756673415047,83.36
"24047",0,0,0,0,0.155114922338137,77.82
"24510",0,0,0,0,0.181938882357855,84.38
"25001",2.68003108836062e-05,0.506884058351334,1,0,0.213856021080645,90.33
"25003",0,0,0,0,0.194134181280743,87.15
"25005",1.57762921769311e-05,0.298382770226403,1,0,0.277371094583723,96.88
"25007",0,0,0,0,0.163633100511633,80.43
"25009",2.72979406433579e-06,0.051629591156732,1,0,0.297587755375898,98.12
"25011",0,0,0,0,0.179489278737987,84.09
"25013",0,0,0,0,0.233064077505424,92.84
"25015",0,0,0,0,0.176906962717745,83.71
"25017",2.95845282460669e-05,0.559542977202891,1,0,0.263898069759343,95.58
"25019",0,0,0,0,0.149773044036566,76.11
"25021",0.000137212565564306,2.59515131716544,1,1,0.352393992487863,99.49
"25023",0,0,0,0,0.292540465747208,97.93
"25025",1.29774063355698e-06,0.0245446421081321,1,0,0.206323567076988,89.28
"25027",1.25742825743077e-05,0.237821994297102,1,0,0.270262587295265,96.34
"26001",0,0,0,0,0.106641927596663,55.04
"26003",0,0,0,0,0.0838445784414485,37.29
"26005",0,0,0,0,0.190985249936569,86.45
"26007",0,0,0,0,0.140643917226915,73.11
"26009",0,0,0,0,0.115063022833588,60.29
"26011",0,0,0,0,0.0831072405067511,36.43
"26013",0,0,0,0,0.0553436210757291,10.82
"26015",0,0,0,0,0.135977560923295,71.08
"26017",0,0,0,0,0.172499468929283,82.76
"26019",0,0,0,0,0.11270118017906,59.02
"26021",0,0,0,0,0.196513439901885,87.66
"26023",0,0,0,0,0.120303709468052,63.54
"26025",0,0,0,0,0.151353897550163,76.65
"26027",0,0,0,0,0.128689767933919,67.55
"26029",0,0,0,0,0.146128461327114,74.93
"26031",0,0,0,0,0.146802230121783,75.28
"26033",0,0,0,0,0.111063914870788,57.75
"26035",0,0,0,0,0.112909664156145,59.12
"26037",0,0,0,0,0.161677041211022,79.83
"26039",0,0,0,0,0.0763034116535519,30.16
"26041",0,0,0,0,0.156051918460855,78.11
"26043",0,0,0,0,0.132437692177363,69.36
"26045",0,0,0,0,0.150493474188687,76.26
"26047",0,0,0,0,0.152769634160442,77.12
"26049",0,0,0,0,0.20451109008105,89.12
"26051",0,0,0,0,0.101074723029125,51.13
"26053",0,0,0,0,0.0978257346481358,48.49
"26055",0.000296337615702407,5.60474145026716,1,1,0.265914455631713,95.83
"26057",0,0,0,0,0.106898455806207,55.3
"26059",0.000541565123206066,10.2428187756639,1,1,0.123545648451823,65.42
"26061",0,0,0,0,0.122050287028442,64.52
"26063",0,0,0,0,0.112929696590795,59.15
"26065",0,0,0,0,0.166007282456556,80.91
"26067",0,0,0,0,0.0993283364283821,49.6
"26069",0,0,0,0,0.0987582769000421,49.13
"26071",0,0,0,0,0.0906241951068488,43.11
"26073",0,0,0,0,0.119963982423527,63.19
"26075",0,0,0,0,0.178862466412408,84.03
"26077",0,0,0,0,0.231149276253024,92.62
"26079",0,0,0,0,0.0903127354663365,42.83
"26081",4.38891973324146e-06,0.0830092402967055,1,0,0.291059335815233,97.77
"26083",0,0,0,0,0.053850340081079,9.8
"26085",0,0,0,0,0.0803261194661911,34.49
"26087",3.9397998581672e-05,0.745148722293882,1,0,0.183088232736714,84.66
"26089",0,0,0,0,0.13783369632242,71.62
"26091",0.000135652999626954,2.56565467755463,1,1,0.180053002638923,84.19
"26093",1.36873802354229e-05,0.258874416496897,1,0,0.247264532151282,93.95
"26095",0,0,0,0,0.0907421923802308,43.18
"26097",0.000378357926598562,7.15602151693656,1,1,0.10544667450091,54.22
"26099",2.67668818723969e-06,0.0506251803265113,1,0,0.253546134181048,94.62
"26101",0,0,0,0,0.0986624744849945,49.03
"26103",0,0,0,0,0.147604546585565,75.5
"26105",0.000787953073016985,14.9028439698275,1,1,0.138591308822828,72.1
"26107",0,0,0,0,0.105772685686465,54.47
"26109",0,0,0,0,0.0910729578100009,43.46
"26111",0,0,0,0,0.12836990825237,67.29
"26113",0,0,0,0,0.091280547278667,43.68
"26115",2.18273890077269e-05,0.412829372446486,1,0,0.167937042072798,81.58
"26117",0,0,0,0,0.11628277696841,61.06
"26119",0,0,0,0,0.0624507209777286,17.37
"26121",0,0,0,0,0.182893346635063,84.6
"26123",0,0,0,0,0.125384002957467,66.15
"26125",6.47769576930258e-05,1.22515023596903,1,1,0.381613375123549,99.71
"26127",0,0,0,0,0.0971838250338523,48.14
"26129",0,0,0,0,0.11713908651471,61.79
"26131",0,0,0,0,0.0670404149742025,21.09
"26133",0,0,0,0,0.0869976984914849,40.12
"26135",0,0,0,0,0.0935962782509044,45.18
"26137",0,0,0,0,0.111802182809758,58.38
"26139",0,0,0,0,0.237375820749562,93.13
"26141",0,0,0,0,0.0829300886068395,36.27
"26143",0,0,0,0,0.104942324495111,53.83
"26145",1.16059097292341e-05,0.219506805348738,1,0,0.193040206114595,86.99
"26147",0,0,0,0,0.217789639454565,90.96
"26149",0,0,0,0,0.133526741448298,69.9
"26151",0,0,0,0,0.147597600972915,75.47
"26153",0,0,0,0,0.0861633616944206,39.39
"26155",0,0,0,0,0.14307562018296,74.13
"26157",7.07213578500707e-05,1.33757884506813,1,1,0.142399904126458,73.94
"26159",0,0,0,0,0.134016605498593,70.09
"26161",8.20863055416465e-06,0.155252824747899,1,0,0.179939984651543,84.16
"26163",3.7439114639817e-06,0.0708099635565037,1,0,0.268869389528344,96.18
"26165",0,0,0,0,0.130876682117617,68.66
"27001",0,0,0,0,0.106358367521868,54.85
"27003",4.0147206423553e-05,0.75931876357029,1,0,0.241720498914941,93.57
"27005",0,0,0,0,0.130058392227528,68.34
"27007",0,0,0,0,0.142740729702777,74.01
"27009",0,0,0,0,0.121302398464831,64.17
"27011",0,0,0,0,0.0780234713192182,31.94
"27013",0,0,0,0,0.166507744054099,81.16
"27015",0,0,0,0,0.0945924664366126,46.2
"27017",0,0,0,0,0.0902564350446856,42.7
"27019",0,0,0,0,0.191928998446642,86.73
"27021",0,0,0,0,0.0994790804233777,49.73
"27023",0,0,0,0,0.0785712005320093,32.48
"27025",0,0,0,0,0.141593425227722,73.59
"27027",0,0,0,0,0.132878702705623,69.55
"27029",0,0,0,0,0.068581101346059,22.37
"27031",0,0,0,0,0.0976631008447384,48.39
"27033",0,0,0,0,0.0610310732945471,15.97
"27035",0,0,0,0,0.185663538304929,85.3
"27037",4.75608422073938e-06,0.0899535562157898,1,0,0.283242003963744,97.3
"27039",0,0,0,0,0.083862735269741,37.32
"27041",0,0,0,0,0.162930269084196,80.27
"27043",0,0,0,0,0.0737598816959922,27.78
"27045",0,0,0,0,0.118273978496664,62.65
"27047",0,0,0,0,0.111478445372722,58.16
"27049",0,0,0,0,0.132400164116118,69.33
"27051",0,0,0,0,0.0682857602967029,22.05
"27053",0.000218879616211084,4.13975004384455,1,1,0.352759775728225,99.55
"27055",0,0,0,0,0.101095896842527,51.16
"27057",0,0,0,0,0.118199524791646,62.58
"27059",0,0,0,0,0.127168635767455,66.91
"27061",0,0,0,0,0.132854930806933,69.52
"27063",0,0,0,0,0.053791287031492,9.77
"27065",0,0,0,0,0.0776044738646721,31.53
"27067",0,0,0,0,0.117825267527344,62.27
"27069",0,0,0,0,0.069893223389653,23.48
"27071",0,0,0,0,0.0804531562231906,34.55
"27073",0,0,0,0,0.082236474907821,35.76
"27075",0,0,0,0,0.0892023305685295,41.68
"27077",0,0,0,0,0.0687528793094232,22.59
"27079",0,0,0,0,0.115599817820641,60.64
"27081",0,0,0,0,0.071304985574595,25.01
"27083",0,0,0,0,0.0915317768679031,43.84
"27085",0,0,0,0,0.124744981779095,65.83
"27087",0,0,0,0,0.0463504786316949,5.76
"27089",0,0,0,0,0.0606652935386714,15.56
"27091",0,0,0,0,0.089208090443837,41.71
"27093",0,0,0,0,0.103215993397974,52.47
"27095",0,0,0,0,0.102381732299003,51.77
"27097",0,0,0,0,0.133861974762169,70.06
"27099",0,0,0,0,0.0932164660038548,44.93
"27101",0,0,0,0,0.074792696805282,28.83
"27103",0,0,0,0,0.0966797597945593,47.69
"27105",0,0,0,0,0.0694523437268908,23.16
"27107",0,0,0,0,0.0605155473844994,15.46
"27109",0,0,0,0,0.111245458708837,57.94
"27111",0,0,0,0,0.145714577164341,74.8
"27113",0,0,0,0,0.067466847947995,21.38
"27115",0,0,0,0,0.110352888582381,57.33
"27117",0,0,0,0,0.0736041965409555,27.62
"27119",0,0,0,0,0.0925179531127575,44.35
"27121",0,0,0,0,0.0852013247091278,38.69
"27123",2.79098845647174e-06,0.0527869830231521,1,0,0.232876302175098,92.81
"27125",0,0,0,0,0.0602665606395401,15.14
"27127",0,0,0,0,0.094077197380048,45.72
"27129",0,0,0,0,0.0660738636482472,20.24
"27131",0,0,0,0,0.115428803763286,60.55
"27133",0,0,0,0,0.0735305815127865,27.46
"27135",0,0,0,0,0.0561091309277342,11.33
"27137",0,0,0,0,0.188885863071657,86.03
"27139",2.87550501056748e-05,0.543854754482576,1,0,0.173960104302388,83.17
"27141",0,0,0,0,0.170093025034354,82.15
"27143",0,0,0,0,0.0799485003959327,34.08
"27145",0,0,0,0,0.201718460800997,88.32
"27147",0,0,0,0,0.116190989177079,60.96
"27149",0,0,0,0,0.0541352370528268,9.99
"27151",0,0,0,0,0.0695673276750541,23.23
"27153",0,0,0,0,0.0888903355887951,41.36
"27155",0,0,0,0,0.0885438909933059,41.04
"27157",0,0,0,0,0.0948705297423998,46.45
"27159",0,0,0,0,0.0889988064781945,41.46
"27161",0,0,0,0,0.0981762377130998,48.78
"27163",0,0,0,0,0.201996175661807,88.48
"27165",0,0,0,0,0.0934105936974117,45.05
"27167",0,0,0,0,0.0714086755935109,25.2
"27169",0,0,0,0,0.133174299272607,69.71
"27171",1.7864799199657e-05,0.337883465579236,1,0,0.184008222268475,84.76
"27173",0,0,0,0,0.0765722344382319,30.42
"28001",0,0,0,0,0.126239412487202,66.47
"28003",0,0,0,0,0.117097832653185,61.72
"28005",0,0,0,0,0.0573966991090973,12.89
"28007",0,0,0,0,0.0877858985289113,40.53
"28009",0,0,0,0,0.0680972511058566,21.73
"28011",0,0,0,0,0.0958880652586666,47.12
"28013",0,0,0,0,0.0683798176688248,22.14
"28015",0,0,0,0,0.08297417953528,36.3
"28017",0,0,0,0,0.0796826638936492,33.76
"28019",0,0,0,0,0.0523411420816931,8.81
"28021",0,0,0,0,0.0446043598122835,4.93
"28023",0,0,0,0,0.0607982011225888,15.72
"28025",0,0,0,0,0.0822004160606648,35.67
"28027",0,0,0,0,0.0942402634880416,45.91
"28029",0,0,0,0,0.0768361227058939,30.61
"28031",0,0,0,0,0.0716296185569332,25.58
"28033",0,0,0,0,0.157803343265035,78.68
"28035",0,0,0,0,0.135786270832678,70.92
"28037",0,0,0,0,0.0562713057101367,11.55
"28039",0,0,0,0,0.0892362725017768,41.81
"28041",0,0,0,0,0.0564313986731616,11.84
"28043",0,0,0,0,0.097162952515315,48.08
"28045",0,0,0,0,0.108240136473537,56.03
"28047",9.55584435440715e-06,0.180733170908792,1,0,0.170376288801371,82.21
"28049",0,0,0,0,0.178007378205251,83.84
"28051",0,0,0,0,0.0825453304530005,35.98
"28053",0,0,0,0,0.0565938850344055,11.96
"28055",0,0,0,0,0.0438181697231933,4.52
"28057",0,0,0,0,0.085114562481986,38.63
"28059",0,0,0,0,0.110159694303222,57.11
"28061",0,0,0,0,0.0556808953809262,11.01
"28063",0,0,0,0,0.0554062598774773,10.85
"28065",0,0,0,0,0.0558240128368431,11.1
"28067",0,0,0,0,0.105803069629062,54.5
"28069",0,0,0,0,0.057594093368231,12.98
"28071",0,0,0,0,0.134446523911227,70.41
"28073",0,0,0,0,0.147305144171368,75.41
"28075",0,0,0,0,0.152497347627111,76.96
"28077",0,0,0,0,0.0660490649240777,20.17
"28079",0,0,0,0,0.0547750442156442,10.34
"28081",0,0,0,0,0.160598068254069,79.61
"28083",0,0,0,0,0.0957228518580888,46.99
"28085",0,0,0,0,0.101570361806762,51.42
"28087",0,0,0,0,0.144091105174802,74.29
"28089",0,0,0,0,0.182241714825942,84.44
"28091",0,0,0,0,0.0875949709136507,40.47
"28093",0,0,0,0,0.0894358854816919,42
"28095",0,0,0,0,0.0978610965545911,48.52
"28097",0,0,0,0,0.0627105902892957,17.53
"28099",0,0,0,0,0.0668982997531727,20.97
"28101",0,0,0,0,0.065617258197733,19.73
"28103",0,0,0,0,0.0675821336970189,21.41
"28105",0,0,0,0,0.0839524446761019,37.38
"28107",0,0,0,0,0.100441525129593,50.52
"28109",0,0,0,0,0.124036742700213,65.61
"28111",0,0,0,0,0.0668387109676625,20.94
"28113",0,0,0,0,0.0989696899810936,49.22
"28115",0,0,0,0,0.0808593917375152,34.81
"28117",0,0,0,0,0.0905338344757649,43.02
"28119",0,0,0,0,0.0555143469852872,10.91
"28121",0,0,0,0,0.201958983160995,88.42
"28123",0,0,0,0,0.0482061367748958,6.55
"28125",0,0,0,0,0.0508718961070458,8.05
"28127",0,0,0,0,0.0748281358229023,28.92
"28129",0,0,0,0,0.0588103766343664,14.06
"28131",0,0,0,0,0.0792143044646204,33.31
"28133",0,0,0,0,0.0580915213944628,13.46
"28135",0,0,0,0,0.0447904589400426,5
"28137",0,0,0,0,0.0857160644059818,39.23
"28139",0,0,0,0,0.0725495733905133,26.44
"28141",0,0,0,0,0.0867594479311219,39.9
"28143",0,0,0,0,0.0435422446065364,4.42
"28145",0,0,0,0,0.0788427541379974,32.8
"28147",0,0,0,0,0.0836253892915433,37.07
"28149",0,0,0,0,0.103708163805444,52.75
"28151",0,0,0,0,0.125291690928514,66.05
"28153",0,0,0,0,0.0834836743076106,36.84
"28155",0,0,0,0,0.0778248319706813,31.78
"28157",0,0,0,0,0.0530320336432554,9.32
"28159",0,0,0,0,0.0776049471802472,31.56
"28161",0,0,0,0,0.0614424828346506,16.35
"28163",0,0,0,0,0.0671573717162894,21.16
"29001",0,0,0,0,0.0985230716589095,48.9
"29003",0,0,0,0,0.106479181182033,54.88
"29005",0,0,0,0,0.0499288152843283,7.67
"29007",0,0,0,0,0.106213111425199,54.72
"29009",0,0,0,0,0.100379244829472,50.43
"29011",0,0,0,0,0.0750583472877221,29.21
"29013",0,0,0,0,0.0958444901786707,47.09
"29015",0,0,0,0,0.0965353008361908,47.53
"29017",0,0,0,0,0.0773873542807649,31.15
"29019",0,0,0,0,0.168853712539415,81.74
"29021",0,0,0,0,0.162443540569734,80.11
"29023",0,0,0,0,0.124261014554174,65.73
"29025",0,0,0,0,0.0743175813475817,28.32
"29027",0,0,0,0,0.112440783545326,58.77
"29029",0,0,0,0,0.160663605658131,79.64
"29031",0,0,0,0,0.184050181297733,84.79
"29033",0,0,0,0,0.0548830063007708,10.44
"29035",0,0,0,0,0.0643170038981112,18.9
"29037",0,0,0,0,0.144226368654522,74.32
"29039",0,0,0,0,0.0864451496261584,39.8
"29041",0,0,0,0,0.0723366879040182,26.25
"29043",0,0,0,0,0.194309785173499,87.21
"29045",0,0,0,0,0.0581687220767491,13.59
"29047",0,0,0,0,0.216788173556806,90.84
"29049",0,0,0,0,0.08878575392295,41.2
"29051",0,0,0,0,0.12328608237086,65.16
"29053",0,0,0,0,0.0940457519080863,45.66
"29055",0,0,0,0,0.102606027406036,51.96
"29057",0,0,0,0,0.0549269039793458,10.53
"29059",0,0,0,0,0.0952837308945965,46.68
"29061",0,0,0,0,0.0782375214409724,32.26
"29063",0,0,0,0,0.0675856150334416,21.44
"29065",0,0,0,0,0.0759081177369383,29.84
"29067",0,0,0,0,0.086417177475282,39.74
"29069",0,0,0,0,0.0794087164626722,33.5
"29071",0,0,0,0,0.201730027811243,88.36
"29073",0,0,0,0,0.096878247634623,47.95
"29075",0,0,0,0,0.0573405453976231,12.79
"29077",1.02211864753261e-05,0.193317029204621,1,0,0.224565282304798,91.85
"29079",0,0,0,0,0.0684522744026531,22.27
"29081",0,0,0,0,0.06390056318581,18.36
"29083",0,0,0,0,0.0968462619406367,47.88
"29085",0,0,0,0,0.0724397942799114,26.31
"29087",0,0,0,0,0.0478031626544669,6.27
"29089",0,0,0,0,0.0700776284238677,23.61
"29091",0,0,0,0,0.145348857995227,74.67
"29093",0,0,0,0,0.0743440338568787,28.35
"29095",0,0,0,0,0.264452861763552,95.67
"29097",0,0,0,0,0.21250385540709,90.04
"29099",0,0,0,0,0.203454258191336,88.9
"29101",0,0,0,0,0.0774766249605161,31.31
"29103",0,0,0,0,0.0660739679538864,20.27
"29105",0,0,0,0,0.109352177845625,56.6
"29107",0,0,0,0,0.110402341508959,57.4
"29109",0,0,0,0,0.116143981077134,60.9
"29111",0,0,0,0,0.0673705196415388,21.32
"29113",0,0,0,0,0.129073011750374,67.87
"29115",0,0,0,0,0.0667367432055533,20.84
"29117",0,0,0,0,0.102760115388914,52.05
"29119",0,0,0,0,0.0764741794167757,30.32
"29121",0,0,0,0,0.0843721377289394,37.8
"29123",0,0,0,0,0.0750529034576687,29.18
"29125",0,0,0,0,0.0797774308135477,33.95
"29127",0,0,0,0,0.110505953994348,57.46
"29129",0,0,0,0,0.0527978397064048,9.13
"29131",0,0,0,0,0.105560292363157,54.31
"29133",0,0,0,0,0.0620496322109281,16.99
"29135",0,0,0,0,0.0969116267160105,48.01
"29137",0,0,0,0,0.0717433443601706,25.74
"29139",0,0,0,0,0.0737263070956588,27.74
"29141",0,0,0,0,0.125520780174932,66.18
"29143",0,0,0,0,0.06214108703013,17.05
"29145",0,0,0,0,0.112119372358058,58.51
"29147",0,0,0,0,0.0775912445525173,31.47
"29149",0,0,0,0,0.0650247073017252,19.28
"29151",0,0,0,0,0.0635047460960014,17.98
"29153",0,0,0,0,0.0893659084844861,41.93
"29155",0,0,0,0,0.0638893351656618,18.29
"29157",0,0,0,0,0.0896746304473822,42.28
"29159",0,0,0,0,0.12705690212501,66.85
"29161",0,0,0,0,0.121064224043643,64.08
"29163",0,0,0,0,0.078367308365725,32.33
"29165",0,0,0,0,0.217899209543362,91
"29167",0,0,0,0,0.114879951050975,60.17
"29169",0,0,0,0,0.0563719535093492,11.68
"29171",0,0,0,0,0.0494532821931465,7.22
"29173",0,0,0,0,0.0725861333726727,26.57
"29175",0,0,0,0,0.0902865677622044,42.79
"29177",0,0,0,0,0.0780294581912027,31.98
"29179",0,0,0,0,0.0612089593490063,16.16
"29181",0,0,0,0,0.0743676308468992,28.41
"29183",0,0,0,0,0.234339108600059,93.06
"29185",0,0,0,0,0.0772840927047346,30.99
"29186",0,0,0,0,0.08896342855233,41.43
"29187",0,0,0,0,0.131935228204585,69.07
"29189",0,0,0,0,0.307642001332685,98.38
"29195",0,0,0,0,0.0736041572727354,27.59
"29197",0,0,0,0,0.0587380222559321,14.03
"29199",0,0,0,0,0.0764193273479784,30.23
"29201",0,0,0,0,0.125160252079118,65.89
"29203",0,0,0,0,0.065930532884884,19.95
"29205",0,0,0,0,0.0546500312119144,10.24
"29207",0,0,0,0,0.0891393036180998,41.65
"29209",0,0,0,0,0.137706831787264,71.59
"29211",0,0,0,0,0.0402527683760082,2.99
"29213",0,0,0,0,0.145801828444973,74.86
"29215",0,0,0,0,0.0911978715891122,43.59
"29217",0.000791765637371338,14.9749523905489,1,1,0.117247627087395,61.82
"29219",0,0,0,0,0.119999966910406,63.22
"29221",0,0,0,0,0.0976814807596391,48.43
"29223",0,0,0,0,0.0649566581430435,19.19
"29225",0,0,0,0,0.117917572162808,62.33
"29227",0,0,0,0,0.0568809858175599,12.25
"29229",0,0,0,0,0.10414250672411,53.04
"29510",0,0,0,0,0.215117983063891,90.49
"30001",0,0,0,0,0.100104209394243,50.24
"30003",0,0,0,0,0.0557095903610166,11.04
"30005",0,0,0,0,0.0654310146426722,19.54
"30007",0,0,0,0,0.0934035294065428,45.02
"30009",0.000249625561657514,4.72125932832334,1,1,0.152940375281814,77.22
"30011",0,0,0,0,0.0448093125084075,5.06
"30013",0,0,0,0,0.175972724252004,83.55
"30015",0,0,0,0,0.061407396264674,16.29
"30017",0,0,0,0,0.101334077339403,51.29
"30019",0,0,0,0,0.0512775331633992,8.24
"30021",0,0,0,0,0.0959722605185245,47.15
"30023",0,0,0,0,0.091212126754089,43.62
"30025",0,0,0,0,0.0732332357325146,27.11
"30027",0,0,0,0,0.109228146564818,56.51
"30029",0,0,0,0,0.267883492550764,95.99
"30031",2.31679911034914e-05,0.43818466902818,1,0,0.292296174610477,97.9
"30033",0,0,0,0,0.0442059150268817,4.68
"30035",0,0,0,0,0.0626460005861202,17.44
"30037",0,0,0,0,0.0561738337722234,11.39
"30039",0,0,0,0,0.0846363751565318,37.99
"30041",0,0,0,0,0.0969105402238085,47.98
"30043",0,0,0,0,0.125356560517322,66.08
"30045",0,0,0,0,0.0535206326842956,9.67
"30047",0,0,0,0,0.135182361856977,70.7
"30049",0.000290561230191547,5.49549056347474,1,1,0.20943609565639,89.6
"30051",0,0,0,0,0.0487247340485122,6.78
"30053",0,0,0,0,0.151388338501781,76.68
"30055",0,0,0,0,0.0548579274329093,10.4
"30057",0,0,0,0,0.114159947035771,59.78
"30059",0,0,0,0,0.0623811057992768,17.31
"30061",0,0,0,0,0.0731561103302625,27.01
"30063",0.000199816169124406,3.77919611342831,1,1,0.288462841610904,97.55
"30065",0,0,0,0,0.0730757384472122,26.98
"30067",0,0,0,0,0.160579061226306,79.57
"30069",0,0,0,0,0.0384887647002694,2.58
"30071",0,0,0,0,0.0738409869203459,27.84
"30073",0,0,0,0,0.0815138529313903,35.28
"30075",0,0,0,0,0.0560235739275061,11.23
"30077",0,0,0,0,0.073827383362273,27.81
"30079",0,0,0,0,0.0490240934271835,6.97
"30081",0,0,0,0,0.209042655884594,89.53
"30083",0,0,0,0,0.109001136266312,56.38
"30085",0,0,0,0,0.0573802636259837,12.82
"30087",0,0,0,0,0.0494556089001469,7.25
"30089",0,0,0,0,0.120270793279123,63.44
"30091",0,0,0,0,0.0723119251420638,26.22
"30093",0,0,0,0,0.160161880689171,79.41
"30095",0,0,0,0,0.079712868895105,33.88
"30097",0,0,0,0,0.0873637575087441,40.34
"30099",0,0,0,0,0.0774258102415745,31.28
"30101",0,0,0,0,0.0628406937629973,17.59
"30103",0,0,0,0,0.0431708618393555,4.1
"30105",0,0,0,0,0.0819685453418485,35.51
"30107",0,0,0,0,0.041460945524817,3.5
"30109",0,0,0,0,0.0678518723970475,21.57
"30111",0,0,0,0,0.249299104259481,94.08
"31001",0,0,0,0,0.126526422682872,66.56
"31003",0,0,0,0,0.0469215272170669,5.89
"31005",0,0,0,0,0.0220898556531457,0.16
"31007",0,0,0,0,0.0426803345950091,3.85
"31009",0,0,0,0,0.0333428029197026,1.18
"31011",0,0,0,0,0.05142634957755,8.43
"31013",0,0,0,0,0.0599086061939625,14.83
"31015",0,0,0,0,0.0360362268536104,1.97
"31017",0,0,0,0,0.0526351645407368,9
"31019",0,0,0,0,0.150845268889111,76.49
"31021",0,0,0,0,0.0581649228451209,13.55
"31023",0,0,0,0,0.0474680951750777,6.14
"31025",0,0,0,0,0.109406107963716,56.63
"31027",0,0,0,0,0.0593752945716247,14.51
"31029",0,0,0,0,0.0568851279983528,12.28
"31031",0,0,0,0,0.0642453193996526,18.8
"31033",0,0,0,0,0.0747481108420268,28.76
"31035",0,0,0,0,0.0481957433705516,6.46
"31037",0,0,0,0,0.0399240670648872,2.9
"31039",0,0,0,0,0.0662956847982817,20.49
"31041",0,0,0,0,0.0665557455598416,20.81
"31043",0,0,0,0,0.0633058742514231,17.88
"31045",0,0,0,0,0.0672101859372604,21.19
"31047",0,0,0,0,0.0708787195395745,24.4
"31049",0,0,0,0,0.0336311130837749,1.24
"31051",0,0,0,0,0.0520095340532078,8.72
"31053",0,0,0,0,0.119811382912635,63.16
"31055",7.88564759566605e-06,0.149144130207261,1,0,0.258231972445632,95.13
"31057",0,0,0,0,0.0337765986428897,1.27
"31059",0,0,0,0,0.056183785129655,11.45
"31061",0,0,0,0,0.0417064623976823,3.56
"31063",0,0,0,0,0.0292698030037089,0.73
"31065",0,0,0,0,0.0405313030258004,3.09
"31067",0,0,0,0,0.09934207211575,49.67
"31069",0,0,0,0,0.0405527286279182,3.12
"31071",0,0,0,0,0.0636122392529501,18.01
"31073",0,0,0,0,0.0366663142973282,2.07
"31075",0,0,0,0,0.0350227661120407,1.69
"31077",0,0,0,0,0.0459139220497666,5.57
"31079",0,0,0,0,0.145593725607497,74.77
"31081",0,0,0,0,0.0913560727752815,43.75
"31083",0,0,0,0,0.0439599058001521,4.55
"31085",0,0,0,0,0.0564769773686518,11.87
"31087",0,0,0,0,0.0448256111687454,5.09
"31089",0,0,0,0,0.0784693271311895,32.42
"31091",0,0,0,0,0.0394049132306057,2.7
"31093",0,0,0,0,0.0663409562198249,20.55
"31095",0,0,0,0,0.0530313055795376,9.29
"31097",0,0,0,0,0.0419993372864146,3.63
"31099",0,0,0,0,0.0608392788839886,15.84
"31101",0,0,0,0,0.0871075744412617,40.28
"31103",0,0,0,0,0.0535670858292038,9.7
"31105",0,0,0,0,0.0377540114965512,2.35
"31107",0,0,0,0,0.0627997002655736,17.56
"31109",1.00992758819193e-05,0.19101128967009,1,0,0.22461904016921,91.89
"31111",0,0,0,0,0.121176045950068,64.14
"31113",0,0,0,0,0.0353592096522846,1.75
"31115",0,0,0,0,0.0422534182652477,3.66
"31117",0,0,0,0,0.0248563075677295,0.35
"31119",0,0,0,0,0.154198492852909,77.66
"31121",0,0,0,0,0.077579801976064,31.43
"31123",0,0,0,0,0.0406204232124805,3.18
"31125",0,0,0,0,0.0363653754351714,2.04
"31127",0,0,0,0,0.0429680667755775,4.04
"31129",0,0,0,0,0.050559861660802,7.8
"31131",0,0,0,0,0.0789204616591154,32.96
"31133",0,0,0,0,0.0616374237322935,16.54
"31135",0,0,0,0,0.036684254099134,2.1
"31137",0,0,0,0,0.0589176122848533,14.19
"31139",0,0,0,0,0.0717906754871752,25.87
"31141",0,0,0,0,0.122892317047926,64.91
"31143",0,0,0,0,0.0486877112601319,6.75
"31145",0,0,0,0,0.078669694282158,32.58
"31147",0,0,0,0,0.0657619210483728,19.89
"31149",0,0,0,0,0.0339767547598647,1.34
"31151",0,0,0,0,0.0637725400280821,18.17
"31153",0,0,0,0,0.167921326556102,81.51
"31155",0,0,0,0,0.107121226490562,55.49
"31157",0,0,0,0,0.128930786752944,67.74
"31159",0,0,0,0,0.0824345979642086,35.86
"31161",0,0,0,0,0.0494137397009872,7.16
"31163",0,0,0,0,0.0406730286127441,3.21
"31165",0,0,0,0,0.0560541049186805,11.26
"31167",0,0,0,0,0.0443466439427054,4.74
"31169",0,0,0,0,0.0461812215607872,5.66
"31171",0,0,0,0,0.0568194188377425,12.22
"31173",0,0,0,0,0.0396379433225256,2.74
"31175",0,0,0,0,0.0611120791597582,16.04
"31177",0,0,0,0,0.100828180391737,50.94
"31179",0,0,0,0,0.0445496492105491,4.87
"31181",0,0,0,0,0.0431027020817596,4.07
"31183",0,0,0,0,0.0227592572209583,0.19
"31185",0,0,0,0,0.0944966724818875,46.07
"32001",0,0,0,0,0.0993091443271021,49.57
"32003",0.000134097583130524,2.53623651783397,1,1,0.28545904525359,97.45
"32005",0,0,0,0,0.188209280723396,85.94
"32007",0,0,0,0,0.130069568235052,68.37
"32009",0,0,0,0,0.0479926603391708,6.36
"32011",0,0,0,0,0.00844732561877533,0.03
"32013",0,0,0,0,0.0690507951082802,22.81
"32015",0,0,0,0,0.0328507561492291,1.08
"32017",0,0,0,0,0.0600072214547607,14.92
"32019",0,0,0,0,0.138706414173337,72.19
"32021",0,0,0,0,0.045742704580731,5.5
"32023",0,0,0,0,0.134178393332469,70.25
"32027",0,0,0,0,0.0359089979524436,1.91
"32029",0,0,0,0,0.0585836490650808,13.9
"32031",7.53891967281089e-06,0.14258633849194,1,0,0.302405803193095,98.28
"32033",0,0,0,0,0.0569214431822587,12.34
"32510",0,0,0,0,0.172994386787524,82.91
"33001",0,0,0,0,0.187599621272185,85.78
"33003",0,0,0,0,0.197909492351805,87.88
"33005",0,0,0,0,0.184881268937402,85.01
"33007",0,0,0,0,0.126386038576993,66.5
"33009",0,0,0,0,0.151536850665849,76.74
"33011",4.48720249847435e-06,0.0848680980959154,1,0,0.29156404078485,97.87
"33013",0,0,0,0,0.240597075942197,93.35
"33015",3.42802294490024e-05,0.648354487371049,1,0,0.307138544579386,98.35
"33017",0,0,0,0,0.191502751604794,86.61
"33019",0,0,0,0,0.147577689570594,75.44
"34001",0,0,0,0,0.172221076635418,82.72
"34003",0,0,0,0,0.352660077525629,99.52
"34005",0.000191301316578172,3.61815160041342,1,1,0.274185190112102,96.63
"34007",4.8220234964054e-05,0.912006897956762,1,0,0.278943087237946,96.98
"34009",0,0,0,0,0.156761235501974,78.24
"34011",0,0,0,0,0.159906027052835,79.32
"34013",0,0,0,0,0.268227784034651,96.09
"34015",0,0,0,0,0.24396398469641,93.8
"34017",0,0,0,0,0.26087448397844,95.42
"34019",0,0,0,0,0.223561201887636,91.7
"34021",3.46272377852419e-06,0.0654917582647021,1,0,0.196689076562674,87.69
"34023",2.13201432713628e-06,0.0403235648756254,1,0,0.281877617468424,97.17
"34025",3.25906999178714e-06,0.0616399798891372,1,0,0.28471973218744,97.42
"34027",0,0,0,0,0.28072148503827,97.07
"34029",0,0,0,0,0.258499357793636,95.16
"34031",5.11906955791715e-06,0.0968188303400256,1,0,0.347600443505168,99.4
"34033",0,0,0,0,0.112443196389952,58.8
"34035",9.61741906941853e-06,0.181897755960524,1,0,0.230589152893916,92.52
"34037",4.48400331816246e-05,0.848075908313939,1,0,0.204406183787134,89.09
"34039",0,0,0,0,0.328770516654173,98.89
"34041",0,0,0,0,0.187911104276832,85.87
"35001",2.06738111912508e-05,0.391011334298387,1,0,0.254146799935804,94.75
"35003",0,0,0,0,0.0671547138724795,21.13
"35005",0,0,0,0,0.140838060469792,73.24
"35006",0,0,0,0,0.0661839406449366,20.43
"35007",0,0,0,0,0.0789443127798403,33.03
"35009",0,0,0,0,0.0962789128065053,47.38
"35011",0,0,0,0,0.0525377184651767,8.97
"35013",4.28959023689262e-05,0.811305852899798,1,0,0.185253573140014,85.14
"35015",0,0,0,0,0.130802875648315,68.6
"35017",0,0,0,0,0.0941875947665312,45.85
"35019",0,0,0,0,0.0400654121444618,2.93
"35021",0,0,0,0,0.0433492075691685,4.26
"35023",0,0,0,0,0.0698141534938797,23.42
"35025",0,0,0,0,0.0918325342685685,43.94
"35027",0,0,0,0,0.140085916895233,72.83
"35028",0,0,0,0,0.0312469066751572,0.92
"35029",0,0,0,0,0.0836183741337345,37
"35031",0,0,0,0,0.109566803122154,56.73
"35033",0,0,0,0,0.0685381775267578,22.34
"35035",0,0,0,0,0.0945678807494399,46.13
"35037",0,0,0,0,0.0684364556917674,22.18
"35039",0,0,0,0,0.099743784422594,49.98
"35041",0,0,0,0,0.0684458409699112,22.24
"35043",0,0,0,0,0.171997295864317,82.66
"35045",0,0,0,0,0.150978045895079,76.52
"35047",0,0,0,0,0.0867747135629201,39.96
"35049",0,0,0,0,0.213198163475063,90.2
"35051",0,0,0,0,0.0734433068248823,27.3
"35053",0,0,0,0,0.0568135980189456,12.19
"35055",0,0,0,0,0.159326176277057,79.13
"35057",0,0,0,0,0.0980435254379488,48.65
"35059",0,0,0,0,0.05903860184135,14.35
"35061",0,0,0,0,0.123789862113377,65.51
"36001",0,0,0,0,0.218220918634425,91.06
"36003",0,0,0,0,0.106555153165498,54.95
"36005",2.60004316071647e-06,0.0491755649744632,1,0,0.137533360568287,71.52
"36007",0,0,0,0,0.195293374895596,87.4
"36009",0,0,0,0,0.121467632798403,64.24
"36011",0,0,0,0,0.135864149677536,70.98
"36013",0,0,0,0,0.162417497619974,80.08
"36015",0,0,0,0,0.17368754471191,83.11
"36017",0,0,0,0,0.101572603841485,51.45
"36019",0,0,0,0,0.145426531155917,74.71
"36021",0,0,0,0,0.171163008055609,82.37
"36023",0,0,0,0,0.118064151079772,62.49
"36025",0,0,0,0,0.132905641456876,69.58
"36027",0,0,0,0,0.184948497175499,85.05
"36029",8.11207644820845e-06,0.153426661712324,1,0,0.284440687126973,97.39
"36031",0,0,0,0,0.120704450544913,63.86
"36033",0,0,0,0,0.0867653715032051,39.93
"36035",0,0,0,0,0.120065071637898,63.35
"36037",0,0,0,0,0.144667071092343,74.45
"36039",0,0,0,0,0.150709623853755,76.39
"36041",0,0,0,0,0.0846249989826175,37.93
"36043",0,0,0,0,0.129385091395357,67.99
"36045",0,0,0,0,0.10683978744533,55.2
"36047",3.83489621332761e-06,0.0725307913184213,1,0,0.218616852145027,91.12
"36049",0,0,0,0,0.0848925503844743,38.43
"36051",0,0,0,0,0.123333564919777,65.22
"36053",0,0,0,0,0.120291921540002,63.51
"36055",0,0,0,0,0.25214832231502,94.3
"36057",0,0,0,0,0.103817404448312,52.88
"36059",2.87026406429391e-06,0.0542863515191255,1,0,0.295417295418203,98.03
"36061",6.6893598130628e-05,1.26518302886244,1,1,0.27935826492566,97.04
"36063",0,0,0,0,0.208414081101965,89.5
"36065",0.00012928845177079,2.44527966172311,1,1,0.225184337273349,91.98
"36067",0,0,0,0,0.256419656356165,94.97
"36069",0,0,0,0,0.190422408022768,86.29
"36071",0,0,0,0,0.250681858414051,94.21
"36073",0,0,0,0,0.0998863788076405,50.11
"36075",0,0,0,0,0.146511237785963,75.06
"36077",0,0,0,0,0.120767571799631,63.89
"36079",0,0,0,0,0.215626567559008,90.55
"36081",2.3009478754773e-06,0.0435186667140585,1,0,0.216755648088349,90.8
"36083",0,0,0,0,0.167609962907714,81.45
"36085",1.93277798179323e-05,0.365553351809338,1,0,0.165604812222033,80.78
"36087",0,0,0,0,0.221646267148648,91.57
"36089",0,0,0,0,0.110144922282321,57.08
"36091",0,0,0,0,0.224937056848191,91.95
"36093",0,0,0,0,0.161867535618959,79.89
"36095",0,0,0,0,0.0811803644762986,35
"36097",0,0,0,0,0.0788310506145185,32.71
"36099",0,0,0,0,0.107446543484434,55.77
"36101",0,0,0,0,0.111651450122701,58.29
"36103",1.21151096955877e-05,0.229137490103799,1,0,0.348240789841765,99.43
"36105",0,0,0,0,0.123212800981427,65.1
"36107",0,0,0,0,0.104922486860876,53.74
"36109",0,0,0,0,0.139992670250162,72.73
"36111",0,0,0,0,0.237938589762876,93.16
"36113",0,0,0,0,0.150554142492969,76.33
"36115",0,0,0,0,0.120657499867013,63.79
"36117",0,0,0,0,0.138863793134486,72.29
"36119",1.46186007075403e-05,0.27648692905978,1,0,0.275224141301432,96.66
"36121",0,0,0,0,0.104158006656797,53.07
"36123",0,0,0,0,0.120575807738108,63.73
"37001",0,0,0,0,0.182914034421067,84.63
"37003",0,0,0,0,0.120837692728754,63.92
"37005",0,0,0,0,0.0883856327649097,40.95
"37007",0,0,0,0,0.0781054673910145,32.2
"37009",0,0,0,0,0.117367375140738,62.07
"37011",0,0,0,0,0.0987694928633815,49.16
"37013",0,0,0,0,0.129361751855986,67.96
"37015",0,0,0,0,0.0730285365567041,26.92
"37017",0,0,0,0,0.0640304553258344,18.55
"37019",8.25866127100797e-05,1.56199073950228,1,1,0.220759539013334,91.41
"37021",0,0,0,0,0.265010654453709,95.7
"37023",0,0,0,0,0.118819806371414,62.77
"37025",0,0,0,0,0.209809626139153,89.66
"37027",0,0,0,0,0.141287949621429,73.43
"37029",0,0,0,0,0.106628985358142,55.01
"37031",0,0,0,0,0.185953775000525,85.43
"37033",0,0,0,0,0.100154994672372,50.27
"37035",1.02695763799743e-05,0.194232245127223,1,0,0.212194717919377,89.95
"37037",0,0,0,0,0.16152506234498,79.76
"37039",0,0,0,0,0.134069431082626,70.19
"37041",0,0,0,0,0.0902776780716216,42.76
"37043",0,0,0,0,0.105576540679387,54.34
"37045",0,0,0,0,0.146030305788559,74.9
"37047",0,0,0,0,0.104101269556288,53.01
"37049",0,0,0,0,0.14008502459841,72.8
"37051",2.13287831929188e-05,0.403399058745085,1,0,0.0996825422010435,49.92
"37053",0,0,0,0,0.151352864440073,76.61
"37055",0,0,0,0,0.152326574397956,76.9
"37057",0,0,0,0,0.195803070579754,87.5
"37059",0,0,0,0,0.119202640351276,62.87
"37061",0,0,0,0,0.0802166826776975,34.36
"37063",0,0,0,0,0.165696486793657,80.85
"37065",0,0,0,0,0.0998324131037924,50.05
"37067",4.65848636461041e-06,0.0881076523523647,1,0,0.225371865071504,92.01
"37069",0,0,0,0,0.157667649975483,78.65
"37071",0,0,0,0,0.1883387357288,85.97
"37073",0,0,0,0,0.0837378030124889,37.19
"37075",0,0,0,0,0.0967006282727399,47.73
"37077",0,0,0,0,0.086314035365533,39.61
"37079",0,0,0,0,0.0744192908111822,28.51
"37081",0,0,0,0,0.286783332209456,97.52
"37083",0,0,0,0,0.113966786455244,59.56
"37085",0,0,0,0,0.139209587166782,72.48
"37087",0,0,0,0,0.16005282361035,79.35
"37089",0,0,0,0,0.204667010570962,89.18
"37091",0.000408830744071954,7.73236503240528,1,1,0.104554914293745,53.39
"37093",9.07935355002724e-05,1.71721126468706,1,1,0.122460109199649,64.75
"37095",0,0,0,0,0.0872213948691092,40.31
"37097",0,0,0,0,0.242379234287361,93.64
"37099",0,0,0,0,0.10016537620289,50.3
"37101",1.40059945656741e-05,0.264900485577514,1,0,0.184312090528649,84.82
"37103",0,0,0,0,0.0963752047720444,47.44
"37105",0,0,0,0,0.128936473615397,67.77
"37107",0,0,0,0,0.108293789798511,56.09
"37109",3.11100049776008e-05,0.588394875225962,1,0,0.18741167507032,85.68
"37111",0.000115580212667591,2.1860107338492,1,1,0.116172937425831,60.93
"37113",0,0,0,0,0.149731118023187,76.07
"37115",0,0,0,0,0.133743652933117,69.97
"37117",0,0,0,0,0.106624816684837,54.98
"37119",2.31906643661528e-06,0.043861349671767,1,0,0.311319474340441,98.57
"37121",0,0,0,0,0.0846633839139509,38.08
"37123",0,0,0,0,0.0865493590108261,39.83
"37125",0,0,0,0,0.1727490421348,82.82
"37127",0,0,0,0,0.146668949865209,75.18
"37129",0,0,0,0,0.233521334302898,92.94
"37131",0,0,0,0,0.0707688454098493,24.24
"37133",0,0,0,0,0.0895568264953329,42.22
"37135",1.08142012090277e-05,0.204532933235969,1,0,0.133614864699845,69.93
"37137",0,0,0,0,0.0715851676051602,25.49
"37139",0,0,0,0,0.111336796896198,58.03
"37141",0,0,0,0,0.164772106536903,80.62
"37143",0,0,0,0,0.105209701864072,54.15
"37145",0,0,0,0,0.117088368350937,61.69
"37147",0,0,0,0,0.152880325417342,77.19
"37149",0,0,0,0,0.133428533228933,69.84
"37151",0,0,0,0,0.170050954053797,82.09
"37153",0,0,0,0,0.112513705276336,58.83
"37155",0,0,0,0,0.1163419374902,61.12
"37157",0,0,0,0,0.12774580486269,67.1
"37159",0,0,0,0,0.180237692878065,84.22
"37161",0,0,0,0,0.145589221052999,74.74
"37163",0,0,0,0,0.0952321609076066,46.61
"37165",0,0,0,0,0.0844682068048581,37.86
"37167",0,0,0,0,0.149068782285759,75.98
"37169",0,0,0,0,0.10728651498054,55.58
"37171",0,0,0,0,0.133821360726727,70
"37173",0,0,0,0,0.050357227335987,7.76
"37175",8.53898044573478e-05,1.61500852781687,1,1,0.150711788647665,76.42
"37177",0,0,0,0,0.0559392443509286,11.17
"37179",0,0,0,0,0.220976302809358,91.44
"37181",0,0,0,0,0.111803835293591,58.42
"37183",0.000145488807753861,2.75168290544287,1,1,0.316481511692466,98.76
"37185",0,0,0,0,0.0759857913581336,29.88
"37187",0,0,0,0,0.0961152433925473,47.22
"37189",0,0,0,0,0.138937511372594,72.35
"37191",0,0,0,0,0.140998813082939,73.27
"37193",0,0,0,0,0.122914924059278,64.97
"37195",0,0,0,0,0.143677068713743,74.26
"37197",0,0,0,0,0.103192476553091,52.37
"37199",0,0,0,0,0.100233080823438,50.37
"38001",0,0,0,0,0.0411931020699063,3.47
"38003",0,0,0,0,0.0781336152951346,32.23
"38005",0,0,0,0,0.0276021977914839,0.51
"38007",0,0,0,0,0.0368068608805448,2.13
"38009",0,0,0,0,0.0733979801336321,27.2
"38011",0,0,0,0,0.0590280394348986,14.32
"38013",0,0,0,0,0.0447978397823061,5.03
"38015",1.53428356628872e-05,0.290184649021331,1,0,0.212166880658561,89.91
"38017",1.41556842149965e-05,0.267731620532301,1,0,0.228279733408925,92.3
"38019",0,0,0,0,0.041734713319969,3.6
"38021",0,0,0,0,0.0476389543267977,6.24
"38023",0,0,0,0,0.0475889291083406,6.2
"38025",0,0,0,0,0.049143956729695,7.06
"38027",0,0,0,0,0.0470730095135926,6.01
"38029",0,0,0,0,0.060913402771221,15.88
"38031",0,0,0,0,0.0494475268851997,7.19
"38033",0,0,0,0,0.0317795227665411,0.99
"38035",2.09995800083998e-05,0.397172718800154,1,0,0.160230014148509,79.48
"38037",0,0,0,0,0.0350373150128849,1.72
"38039",0,0,0,0,0.0464019375248464,5.79
"38041",0,0,0,0,0.0424949675413403,3.79
"38043",0,0,0,0,0.0440339079838317,4.58
"38045",0,0,0,0,0.0600653111030873,15.02
"38047",0,0,0,0,0.0376648106442665,2.32
"38049",0,0,0,0,0.068338554946559,22.11
"38051",0,0,0,0,0.0464249169559872,5.82
"38053",0,0,0,0,0.060828546513176,15.78
"38055",0,0,0,0,0.0569252302041014,12.38
"38057",0,0,0,0,0.0490140067249015,6.94
"38059",0,0,0,0,0.142096605921625,73.81
"38061",0,0,0,0,0.06796419736059,21.6
"38063",0,0,0,0,0.0432321406496951,4.14
"38065",0,0,0,0,0.0452723787762288,5.28
"38067",0,0,0,0,0.0552392545009186,10.72
"38069",0,0,0,0,0.0565607987043197,11.93
"38071",0,0,0,0,0.0927204452173799,44.51
"38073",0,0,0,0,0.0506883418469245,7.92
"38075",0,0,0,0,0.056109859285532,11.36
"38077",0,0,0,0,0.0824345070145247,35.83
"38079",0,0,0,0,0.0506869985093137,7.89
"38081",0,0,0,0,0.0342085548279134,1.43
"38083",0,0,0,0,0.0298557280978426,0.76
"38085",0,0,0,0,0.0272623883145538,0.45
"38087",0,0,0,0,0.0371808578027468,2.23
"38089",0,0,0,0,0.13185146911338,69.01
"38091",0,0,0,0,0.0484590481889691,6.62
"38093",0,0,0,0,0.0956449918728267,46.93
"38095",0,0,0,0,0.0329896525377876,1.11
"38097",0,0,0,0,0.0496330726200016,7.41
"38099",0,0,0,0,0.059123096738636,14.38
"38101",2.44218135638753e-05,0.461898670702697,1,0,0.146890310392148,75.31
"38103",0,0,0,0,0.0558308440108539,11.14
"38105",0,0,0,0,0.108542711181155,56.19
"39001",0,0,0,0,0.109423566096026,56.7
"39003",0,0,0,0,0.191293992847667,86.51
"39005",0,0,0,0,0.131625976668877,68.88
"39007",0,0,0,0,0.159754475464972,79.26
"39009",0,0,0,0,0.105016742096869,53.93
"39011",0,0,0,0,0.119758050440182,63.09
"39013",0,0,0,0,0.15336572743172,77.41
"39015",0,0,0,0,0.116485308090617,61.25
"39017",5.56006538636894e-06,0.105159545349357,1,0,0.263997887418015,95.61
"39019",0,0,0,0,0.126218448685911,66.43
"39021",0,0,0,0,0.0980605383125057,48.71
"39023",0,0,0,0,0.154017605394896,77.54
"39025",0,0,0,0,0.216282809273681,90.65
"39027",0,0,0,0,0.103533882619084,52.62
"39029",6.14665929067552e-05,1.16254009891593,1,1,0.196075345757735,87.53
"39031",0,0,0,0,0.133215924385615,69.77
"39033",0,0,0,0,0.124218035583192,65.67
"39035",1.30019060794312e-06,0.0245909793676176,1,0,0.335088393458992,99.08
"39037",0,0,0,0,0.132987968763655,69.68
"39039",0,0,0,0,0.115611302682965,60.71
"39041",0,0,0,0,0.203625006297343,88.93
"39043",0,0,0,0,0.157986810549582,78.78
"39045",1.8628912071535e-05,0.352335411126366,1,0,0.170331716262231,82.18
"39047",0,0,0,0,0.104350308076987,53.2
"39049",1.16609508572548e-06,0.0220547818285809,1,0,0.267114948413563,95.9
"39051",0,0,0,0,0.10737913729878,55.71
"39053",0,0,0,0,0.0852133732039255,38.72
"39055",0,0,0,0,0.198710163970335,88.04
"39057",1.07730759286391e-05,0.20375511580263,1,0,0.132154973639977,69.23
"39059",0,0,0,0,0.116251177769892,60.99
"39061",1.77924545758635e-06,0.0336515185313099,1,0,0.290273241937105,97.71
"39063",0,0,0,0,0.128838466364674,67.67
"39065",0,0,0,0,0.0850832875192467,38.59
"39067",0,0,0,0,0.088105386450048,40.79
"39069",0,0,0,0,0.0832728682267868,36.59
"39071",0,0,0,0,0.11478069900672,60.13
"39073",0,0,0,0,0.112177871781035,58.54
"39075",0,0,0,0,0.18451248637425,84.95
"39077",0,0,0,0,0.122314233405097,64.68
"39079",0,0,0,0,0.0957675044818634,47.06
"39081",0,0,0,0,0.128755694821502,67.61
"39083",0,0,0,0,0.13741386431786,71.49
"39085",0,0,0,0,0.259866800806316,95.32
"39087",0,0,0,0,0.103649481729261,52.69
"39089",0,0,0,0,0.16315954401541,80.4
"39091",0,0,0,0,0.105059327534153,54.02
"39093",0,0,0,0,0.217916011306521,91.03
"39095",2.80296553753872e-05,0.530135099274405,1,0,0.239199593980739,93.25
"39097",0,0,0,0,0.0746212795474579,28.6
"39099",0,0,0,0,0.238750292566179,93.22
"39101",0,0,0,0,0.114768019668901,60.1
"39103",0,0,0,0,0.240804508478807,93.38
"39105",0,0,0,0,0.080216716002349,34.39
"39107",0,0,0,0,0.110077405889843,57.02
"39109",0,0,0,0,0.166022305496041,80.94
"39111",0,0,0,0,0.0956133696457517,46.87
"39113",7.25960718265535e-06,0.137303599453085,1,0,0.265906103560041,95.8
"39115",0,0,0,0,0.0701535723514159,23.74
"39117",0,0,0,0,0.13805217010777,71.71
"39119",0,0,0,0,0.138651270760549,72.16
"39121",0,0,0,0,0.0848824919080319,38.37
"39123",0,0,0,0,0.11794373816988,62.39
"39125",0,0,0,0,0.0740895210339457,28.13
"39127",0,0,0,0,0.0961841067106994,47.31
"39129",0,0,0,0,0.0887584661537923,41.17
"39131",0,0,0,0,0.0764577637683396,30.29
"39133",0,0,0,0,0.188841154839263,86
"39135",0,0,0,0,0.0893559430006927,41.87
"39137",0,0,0,0,0.109869116506109,56.89
"39139",0,0,0,0,0.184630541188558,84.98
"39141",0,0,0,0,0.117079014201797,61.66
"39143",0,0,0,0,0.125708381094896,66.27
"39145",0,0,0,0,0.111752656020379,58.35
"39147",0,0,0,0,0.129272645826737,67.93
"39149",0,0,0,0,0.10137361691104,51.35
"39151",0,0,0,0,0.267944562314546,96.02
"39153",6.99449882667282e-06,0.132289508386497,1,0,0.283507269175665,97.33
"39155",0,0,0,0,0.217215206623285,90.9
"39157",9.63414340422457e-05,1.82214069406906,1,1,0.229470874066156,92.4
"39159",0,0,0,0,0.116710161527984,61.44
"39161",0,0,0,0,0.0953963202890426,46.8
"39163",0,0,0,0,0.0748530945893414,28.95
"39165",0,0,0,0,0.233958849286955,92.97
"39167",0,0,0,0,0.141362297432834,73.53
"39169",0,0,0,0,0.187941659054651,85.91
"39171",0,0,0,0,0.116254147357671,61.02
"39173",1.20631627200019e-05,0.228154998000691,1,0,0.168248091361316,81.61
"39175",0,0,0,0,0.0815318016108196,35.32
"40001",0,0,0,0,0.0765238751113932,30.35
"40003",0,0,0,0,0.045561060946362,5.38
"40005",0,0,0,0,0.0933281526207953,44.99
"40007",0,0,0,0,0.0602915987436232,15.21
"40009",0,0,0,0,0.0796996515541655,33.79
"40011",0,0,0,0,0.0623654756354845,17.24
"40013",0,0,0,0,0.102138706217925,51.67
"40015",0,0,0,0,0.0718346938816406,25.96
"40017",0,0,0,0,0.193598469829838,87.05
"40019",0.000230503265462927,4.35959236325701,1,1,0.16159337543997,79.8
"40021",0,0,0,0,0.0664643571392085,20.68
"40023",0,0,0,0,0.0660587233453474,20.2
"40025",0,0,0,0,0.0397684771522353,2.83
"40027",9.17911201270389e-06,0.173607894672107,1,0,0.195276763933935,87.37
"40029",0,0,0,0,0.0603818885463355,15.34
"40031",0,0,0,0,0.101365557870024,51.32
"40033",0,0,0,0,0.0383481111827437,2.55
"40035",0,0,0,0,0.0886293367150884,41.14
"40037",0,0,0,0,0.148858051257866,75.95
"40039",0,0,0,0,0.103340358820489,52.56
"40041",0,0,0,0,0.129270834732555,67.9
"40043",0,0,0,0,0.0514079318415883,8.4
"40045",0,0,0,0,0.0358952478808353,1.88
"40047",0,0,0,0,0.148411337031059,75.82
"40049",0,0,0,0,0.0991589271919606,49.44
"40051",0,0,0,0,0.143617917110537,74.23
"40053",0,0,0,0,0.0570403824906772,12.47
"40055",0,0,0,0,0.0415877479561691,3.53
"40057",0,0,0,0,0.0611535987130844,16.07
"40059",0,0,0,0,0.0472859946837282,6.08
"40061",0,0,0,0,0.0841915436246757,37.54
"40063",0.00209753539590981,39.6714522690368,1,1,0.0868340298568793,40.03
"40065",0,0,0,0,0.0739539749996385,28
"40067",0,0,0,0,0.0584551794740699,13.81
"40069",0,0,0,0,0.0562279636669357,11.52
"40071",0,0,0,0,0.115979707289835,60.87
"40073",0.000120235661897319,2.27406094376137,1,1,0.114561014037094,60.07
"40075",0,0,0,0,0.0599065926751046,14.79
"40077",0,0,0,0,0.0538723956048742,9.83
"40079",0,0,0,0,0.109742072762676,56.76
"40081",0,0,0,0,0.101002366363432,51.07
"40083",0.00100058367380972,18.9244041049912,1,1,0.162469127201702,80.15
"40085",0,0,0,0,0.0410905458341111,3.44
"40087",0,0,0,0,0.115728382741613,60.77
"40089",0,0,0,0,0.0961676312125829,47.28
"40091",0,0,0,0,0.0831215203634498,36.46
"40093",0,0,0,0,0.0681478730206588,21.92
"40095",0,0,0,0,0.068442827118603,22.21
"40097",0,0,0,0,0.114155129562018,59.75
"40099",0,0,0,0,0.0717856773413166,25.84
"40101",0,0,0,0,0.130926659395465,68.72
"40103",0,0,0,0,0.0482019863758313,6.52
"40105",0,0,0,0,0.0738599934539497,27.87
"40107",0,0,0,0,0.0571250938312073,12.63
"40109",1.07816711590296e-05,0.203917680531141,1,0,0.254596485655348,94.81
"40111",0,0,0,0,0.0889407811125621,41.39
"40113",0,0,0,0,0.100834027375487,50.97
"40115",0,0,0,0,0.0940971769271309,45.75
"40117",0,0,0,0,0.0835553241181976,36.91
"40119",0,0,0,0,0.128984298737024,67.83
"40121",0,0,0,0,0.114454554003026,59.97
"40123",0,0,0,0,0.10803619895915,55.93
"40125",0,0,0,0,0.134544246671036,70.47
"40127",0,0,0,0,0.0853070429633483,38.88
"40129",0,0,0,0,0.0598359803357006,14.76
"40131",0,0,0,0,0.159727326084016,79.22
"40133",0,0,0,0,0.0778247337254426,31.75
"40135",0,0,0,0,0.105187153594175,54.12
"40137",0,0,0,0,0.110730927218588,57.56
"40139",0,0,0,0,0.0566869367450191,12.03
"40141",0,0,0,0,0.0551442693290837,10.66
"40143",0.000433773613551088,8.20411862375054,1,1,0.343005367317263,99.17
"40145",0,0,0,0,0.142837782432997,74.04
"40147",0,0,0,0,0.132778079909538,69.46
"40149",0,0,0,0,0.0787053089643508,32.64
"40151",0,0,0,0,0.0670124871506818,21.06
"40153",0,0,0,0,0.1085460848181,56.22
"41001",0,0,0,0,0.119587979349074,63
"41003",0,0,0,0,0.149912423478024,76.17
"41005",2.01829585189745e-05,0.381727658610571,1,0,0.318362768513367,98.79
"41007",4.59918134572046e-05,0.869859948915206,1,0,0.152527440465469,77
"41009",0,0,0,0,0.171333707288256,82.41
"41011",0,0,0,0,0.162792372501555,80.24
"41013",0,0,0,0,0.14115755557969,73.37
"41015",0,0,0,0,0.134507565192945,70.44
"41017",1.86186801217662e-05,0.352141890527064,1,0,0.281011226653386,97.1
"41019",0,0,0,0,0.158896031024619,78.91
"41021",0,0,0,0,0.051202466636123,8.11
"41023",0,0,0,0,0.0768958719051315,30.73
"41025",0,0,0,0,0.0778852199839185,31.88
"41027",0,0,0,0,0.12772636286079,67.07
"41029",9.6369751462411e-06,0.18226762717688,1,0,0.260073649632524,95.35
"41031",0,0,0,0,0.0956797210346203,46.96
"41033",0,0,0,0,0.178293290504604,83.9
"41035",0,0,0,0,0.154185602283205,77.63
"41037",0,0,0,0,0.0588127186443619,14.09
"41039",0,0,0,0,0.273946676514903,96.6
"41041",0,0,0,0,0.137697351789402,71.56
"41043",0,0,0,0,0.166783952817824,81.26
"41045",0,0,0,0,0.101654513261906,51.48
"41047",0,0,0,0,0.209493745954626,89.63
"41049",0,0,0,0,0.0548967642852686,10.47
"41051",3.58251517642992e-06,0.0677574166814923,1,0,0.345586313292997,99.36
"41053",0,0,0,0,0.152755504287708,77.09
"41055",0,0,0,0,0.0581248249588955,13.52
"41057",0,0,0,0,0.106842267293214,55.23
"41059",0,0,0,0,0.130888144842358,68.69
"41061",0,0,0,0,0.113742648218937,59.53
"41063",0,0,0,0,0.123627879972048,65.45
"41065",0,0,0,0,0.113436881693975,59.31
"41067",0,0,0,0,0.28297462145357,97.23
"41069",0,0,0,0,0.0696289006051301,23.29
"41071",8.74355163067238e-05,1.65369982244149,1,1,0.193682746055797,87.08
"42001",0,0,0,0,0.159763639474792,79.29
"42003",8.06784519956487e-06,0.152590099968105,1,0,0.276901784794356,96.72
"42005",0,0,0,0,0.162945876409433,80.31
"42007",0,0,0,0,0.202969430660558,88.71
"42009",0,0,0,0,0.118527291777134,62.74
"42011",0,0,0,0,0.253237445783799,94.53
"42013",0,0,0,0,0.197203007526867,87.75
"42015",0,0,0,0,0.118389464091809,62.71
"42017",3.25686220867368e-05,0.6159822328156,1,0,0.34511676372797,99.24
"42019",0,0,0,0,0.224505977565363,91.82
"42021",0,0,0,0,0.185891894679494,85.36
"42023",0,0,0,0,0.0580968219548851,13.49
"42025",0,0,0,0,0.118043981472007,62.46
"42027",0,0,0,0,0.147250962555127,75.37
"42029",3.54788581484293e-06,0.067102458930608,1,0,0.315578879693273,98.73
"42031",0,0,0,0,0.117865603278254,62.3
"42033",0,0,0,0,0.141330403632963,73.5
"42035",0,0,0,0,0.120061354591082,63.32
"42037",0,0,0,0,0.138119204567035,71.78
"42039",0,0,0,0,0.171690944049486,82.5
"42041",0,0,0,0,0.165385168196838,80.72
"42043",0,0,0,0,0.187113973947473,85.65
"42045",6.443454658215e-05,1.21867408969375,1,1,0.282090170794471,97.2
"42047",0,0,0,0,0.10876580627253,56.32
"42049",0,0,0,0,0.220069861773487,91.31
"42051",0,0,0,0,0.167467860957111,81.42
"42053",0,0,0,0,0.0846802208325872,38.15
"42055",0,0,0,0,0.157608322952282,78.62
"42057",0,0,0,0,0.0780994927431802,32.13
"42059",0,0,0,0,0.0778694984237469,31.82
"42061",0,0,0,0,0.103211698404461,52.43
"42063",0,0,0,0,0.151467873432635,76.71
"42065",0,0,0,0,0.134319554661803,70.35
"42067",0,0,0,0,0.105019295485235,53.96
"42069",0,0,0,0,0.200973979139116,88.23
"42071",3.51200050572807e-06,0.0664237469858723,1,0,0.310167354569069,98.44
"42073",0,0,0,0,0.171461168305258,82.44
"42075",0,0,0,0,0.17157693620527,82.47
"42077",0,0,0,0,0.228704138958207,92.33
"42079",0,0,0,0,0.220081124706918,91.35
"42081",0,0,0,0,0.202916935195662,88.64
"42083",0,0,0,0,0.113249060818692,59.24
"42085",0,0,0,0,0.175515448877541,83.49
"42087",0,0,0,0,0.132156045566298,69.27
"42089",1.5782081025204e-05,0.29849225682596,1,0,0.15832103499078,78.81
"42091",3.5999971200023e-06,0.0680880590589007,1,0,0.325845663118932,98.85
"42093",0,0,0,0,0.0532561025121665,9.48
"42095",0,0,0,0,0.227254875830756,92.24
"42097",0,0,0,0,0.152231668380465,76.87
"42099",0,0,0,0,0.119691326770976,63.06
"42101",3.71139224220051e-06,0.0701949156496915,1,0,0.212501286041012,90.01
"42103",0,0,0,0,0.120027033806704,63.28
"42105",0,0,0,0,0.0895479226003964,42.16
"42107",0,0,0,0,0.1657821405435,80.88
"42109",0,0,0,0,0.121782590177288,64.37
"42111",0,0,0,0,0.163010096982894,80.34
"42113",0,0,0,0,0.0827202897979711,36.08
"42115",0,0,0,0,0.145785273967895,74.83
"42117",0,0,0,0,0.116899849135037,61.53
"42119",0,0,0,0,0.104940218230192,53.8
"42121",0,0,0,0,0.154091306225339,77.57
"42123",0,0,0,0,0.110857994839658,57.68
"42125",0,0,0,0,0.233164887126239,92.87
"42127",0,0,0,0,0.155644817234843,78.01
"42129",0,0,0,0,0.268755469167159,96.15
"42131",0,0,0,0,0.105164385846128,54.09
"42133",1.98032546649042e-05,0.374546181076274,1,0,0.254116954000274,94.72
"44001",0.000108301294200466,2.04834189302684,1,1,0.227407892489194,92.27
"44003",0,0,0,0,0.231677872042047,92.68
"44005",0,0,0,0,0.18079300948316,84.28
"44007",0,0,0,0,0.268280884552973,96.12
"44009",1.48328339612566e-05,0.280538800754447,1,0,0.213831590476079,90.3
"45001",0,0,0,0,0.102791431272265,52.08
"45003",0,0,0,0,0.139615091248659,72.54
"45005",0,0,0,0,0.0579723108203399,13.33
"45007",1.2058071673178e-05,0.228058709174544,1,0,0.187704025591897,85.81
"45009",0,0,0,0,0.0800739122817878,34.2
"45011",0,0,0,0,0.0764247148497103,30.26
"45013",0,0,0,0,0.204106199797385,89.06
"45015",0,0,0,0,0.219251274094075,91.22
"45017",0,0,0,0,0.0753876342451301,29.49
"45019",3.17340433296628e-06,0.0600197540270924,1,0,0.277342447241621,96.82
"45021",0,0,0,0,0.131950934157837,69.11
"45023",0,0,0,0,0.114013714429085,59.66
"45025",0,0,0,0,0.0937024253528286,45.28
"45027",0,0,0,0,0.111367408787322,58.13
"45029",0,0,0,0,0.125992015586513,66.34
"45031",0,0,0,0,0.108090435670395,55.97
"45033",0,0,0,0,0.0757761646330672,29.75
"45035",0,0,0,0,0.195011846494031,87.27
"45037",0,0,0,0,0.0921576786214015,44.1
"45039",0,0,0,0,0.0972724540525685,48.17
"45041",1.30313534363679e-05,0.246466742282354,1,0,0.155101384046695,77.79
"45043",0,0,0,0,0.153056702326775,77.25
"45045",3.32703213610586e-05,0.629253727219347,1,0,0.290578785318877,97.74
"45047",0,0,0,0,0.135864054529316,70.95
"45049",0,0,0,0,0.0956198693303106,46.9
"45051",7.91881388350816e-05,1.49771416310578,1,1,0.264073972676514,95.64
"45053",0,0,0,0,0.130504684305805,68.47
"45055",0,0,0,0,0.156355702328345,78.17
"45057",0,0,0,0,0.181311226073696,84.35
"45059",0,0,0,0,0.113577161559752,59.43
"45061",0,0,0,0,0.0929941910254422,44.8
"45063",0,0,0,0,0.257706381519918,95.04
"45065",0,0,0,0,0.0969355792317767,48.04
"45067",0,0,0,0,0.0949420580197665,46.52
"45069",0,0,0,0,0.0707109029693464,24.21
"45071",0,0,0,0,0.0978656737778177,48.55
"45073",0,0,0,0,0.162602202220697,80.18
"45075",0,0,0,0,0.136146350571883,71.27
"45077",2.07852674024651e-05,0.393119346288028,1,0,0.14816388187023,75.72
"45079",3.82829338509186e-06,0.0724059096188295,1,0,0.221137480438704,91.5
"45081",0,0,0,0,0.0639859365489767,18.49
"45083",0,0,0,0,0.228891531418039,92.36
"45085",0,0,0,0,0.138413970608911,72
"45087",0,0,0,0,0.0744717081008308,28.54
"45089",0,0,0,0,0.0739008413925174,27.9
"45091",1.68847615027438e-05,0.319347655031884,1,0,0.269484510259844,96.28
"46003",0,0,0,0,0.0388883669812944,2.64
"46005",0,0,0,0,0.0973099644466346,48.2
"46007",0,0,0,0,0.0408246772425261,3.34
"46009",0,0,0,0,0.0622550455909258,17.18
"46011",0.000132978723404255,2.51507511559353,1,1,0.130945555803799,68.76
"46013",0,0,0,0,0.147979267604881,75.66
"46015",0,0,0,0,0.0684896044969898,22.3
"46017",0,0,0,0,0.0341667227133581,1.4
"46019",0.000282565696524442,5.3442681179043,1,1,0.129927262527167,68.31
"46021",0,0,0,0,0.0457261880774541,5.47
"46023",0,0,0,0,0.0746981404712302,28.7
"46025",0,0,0,0,0.0401569826039519,2.96
"46027",0,0,0,0,0.0639140516420123,18.42
"46029",0,0,0,0,0.147878259096751,75.56
"46031",0,0,0,0,0.0305138949063352,0.8
"46033",0,0,0,0,0.110413427295505,57.43
"46035",0,0,0,0,0.127911418448429,67.17
"46037",0,0,0,0,0.0682175289740804,22.02
"46039",0,0,0,0,0.0603710314588256,15.3
"46041",0,0,0,0,0.0434604642577651,4.36
"46043",0,0,0,0,0.0456710123606074,5.41
"46045",0,0,0,0,0.0531197149682496,9.45
"46047",0,0,0,0,0.0773359449188134,31.05
"46049",0,0,0,0,0.0453991370178522,5.35
"46051",0,0,0,0,0.065194577528189,19.34
"46053",0,0,0,0,0.068205534035763,21.99
"46055",0,0,0,0,0.0518627367455643,8.69
"46057",0,0,0,0,0.0497468224734129,7.54
"46059",0,0,0,0,0.0471690115878612,6.05
"46061",0,0,0,0,0.0572095198836185,12.66
"46063",0,0,0,0,0.0358521080788358,1.85
"46065",0,0,0,0,0.110344766777694,57.3
"46067",0,0,0,0,0.0552101585428267,10.69
"46069",0,0,0,0,0.0349075807005964,1.65
"46071",0,0,0,0,0.0397489634260199,2.8
"46073",0,0,0,0,0.0286583960283994,0.57
"46075",0,0,0,0,0.0378870844847677,2.39
"46077",0,0,0,0,0.0572854239401631,12.76
"46079",0,0,0,0,0.0870388724867979,40.22
"46081",0,0,0,0,0.147711580336361,75.53
"46083",0,0,0,0,0.165621389126295,80.81
"46085",0,0,0,0,0.0433367303415544,4.23
"46087",0,0,0,0,0.0727192601441256,26.63
"46089",0,0,0,0,0.0362116163650824,2
"46091",0,0,0,0,0.0444096728752812,4.8
"46093",0,0,0,0,0.141604102393549,73.62
"46095",0,0,0,0,0.0245682359247605,0.32
"46097",0,0,0,0,0.0529027555764244,9.2
"46099",2.6395671109938e-05,0.49923095867133,1,0,0.225431467393058,92.05
"46101",0,0,0,0,0.0514325212932229,8.46
"46102",0,0,0,0,0.0306027383152985,0.83
"46103",6.9254955192044e-05,1.30984423655161,1,1,0.251367669333457,94.24
"46105",0,0,0,0,0.0555552631590216,10.98
"46107",0,0,0,0,0.0469689914458562,5.95
"46109",0,0,0,0,0.0560999973860709,11.29
"46111",0,0,0,0,0.0333975429299126,1.21
"46115",0,0,0,0,0.0444146619820865,4.84
"46117",0,0,0,0,0.0644455286979473,18.96
"46119",0,0,0,0,0.0380506118636649,2.48
"46121",0,0,0,0,0.0257139767910064,0.41
"46123",0,0,0,0,0.0669175230579208,21
"46125",0,0,0,0,0.065184323412277,19.31
"46127",0,0,0,0,0.117932115836298,62.36
"46129",0,0,0,0,0.0735731349697303,27.52
"46135",0,0,0,0,0.125158604524725,65.86
"46137",0,0,0,0,0.030723499417441,0.86
"47001",2.01102039174677e-05,0.380351624286356,1,0,0.122672545867741,64.84
"47003",0,0,0,0,0.113136584478516,59.18
"47005",0,0,0,0,0.106965258593187,55.39
"47007",0,0,0,0,0.0964608692770634,47.5
"47009",3.14080216087189e-05,0.594031372507407,1,0,0.189582939613523,86.16
"47011",0,0,0,0,0.169796853102035,81.99
"47013",0,0,0,0,0.122311631869202,64.65
"47015",0,0,0,0,0.110678949664098,57.49
"47017",0,0,0,0,0.0998426453237229,50.08
"47019",0,0,0,0,0.117060766539242,61.6
"47021",0,0,0,0,0.12696220761522,66.82
"47023",0,0,0,0,0.0909156128261187,43.3
"47025",0,0,0,0,0.0899657343176205,42.6
"47027",0,0,0,0,0.0776385829021038,31.63
"47029",0,0,0,0,0.096159878169005,47.25
"47031",0,0,0,0,0.140462597152146,73.05
"47033",0,0,0,0,0.0710316140700806,24.63
"47035",0,0,0,0,0.141644924828623,73.66
"47037",1.28907716577049e-05,0.243807867808531,1,0,0.293060662584091,97.96
"47039",0,0,0,0,0.115414669574495,60.52
"47041",0,0,0,0,0.0840262349886284,37.42
"47043",0,0,0,0,0.146134695739172,74.96
"47045",0,0,0,0,0.0948673507835126,46.42
"47047",0,0,0,0,0.1550910806334,77.76
"47049",0,0,0,0,0.0800659480072706,34.17
"47051",0,0,0,0,0.106958098950514,55.36
"47053",0,0,0,0,0.123137538432318,65.03
"47055",0.000176429075511644,3.33686747869854,1,1,0.12672109222031,66.66
"47057",0,0,0,0,0.0883839403060283,40.92
"47059",0,0,0,0,0.129756775284163,68.22
"47061",0,0,0,0,0.0843608623150839,37.7
"47063",0,0,0,0,0.12969558850971,68.18
"47065",2.02372616556509e-05,0.382754713648076,1,0,0.26893689886518,96.21
"47067",0,0,0,0,0.0652417744303462,19.41
"47069",0.00102920365367297,19.4657042266958,1,1,0.0968681675777434,47.92
"47071",0,0,0,0,0.113974844812434,59.62
"47073",0,0,0,0,0.093968876475264,45.43
"47075",0,0,0,0,0.0618493288501373,16.67
"47077",0,0,0,0,0.0967411694989746,47.76
"47079",0,0,0,0,0.13438965339148,70.38
"47081",0,0,0,0,0.111820128706169,58.45
"47083",0,0,0,0,0.104830754573804,53.67
"47085",0,0,0,0,0.0909871246789953,43.37
"47087",0,0,0,0,0.0925715739858669,44.42
"47089",0,0,0,0,0.105539649755354,54.28
"47091",0,0,0,0,0.0829019334484235,36.24
"47093",0,0,0,0,0.271769085062852,96.47
"47095",0,0,0,0,0.0495079649122738,7.32
"47097",0,0,0,0,0.062053574095233,17.02
"47099",0,0,0,0,0.116389750350739,61.15
"47101",0,0,0,0,0.0924138034121655,44.23
"47103",0,0,0,0,0.103979902589066,52.94
"47105",0,0,0,0,0.132801070411754,69.49
"47107",0,0,0,0,0.116569433101796,61.37
"47109",0,0,0,0,0.118901605722619,62.81
"47111",0,0,0,0,0.0929363867324461,44.77
"47113",0,0,0,0,0.16628996565897,81.07
"47115",0,0,0,0,0.103747975788195,52.78
"47117",0.000176304654442877,3.33451425762752,1,1,0.135435852600383,70.76
"47119",0,0,0,0,0.18260290567424,84.51
"47121",0,0,0,0,0.0622381080165015,17.15
"47123",0,0,0,0,0.0977204604256321,48.46
"47125",0,0,0,0,0.184427277333188,84.89
"47127",0,0,0,0,0.0489742054367793,6.87
"47129",0,0,0,0,0.0656650297200888,19.76
"47131",0,0,0,0,0.107297405069958,55.65
"47133",0,0,0,0,0.111611595193878,58.26
"47135",0,0,0,0,0.0700279259314438,23.54
"47137",0.000719942404607631,13.6165333831989,1,1,0.112428238132228,58.7
"47139",0,0,0,0,0.0940221388353403,45.63
"47141",4.47067238912732e-05,0.845554581065062,1,0,0.166414661767663,81.13
"47143",0,0,0,0,0.0729210491767413,26.82
"47145",0,0,0,0,0.0931236971960311,44.86
"47147",0,0,0,0,0.141733880781968,73.72
"47149",0,0,0,0,0.221075579678763,91.47
"47151",0,0,0,0,0.0888171320505217,41.27
"47153",0,0,0,0,0.0943409459090585,46.01
"47155",0,0,0,0,0.145035057466382,74.61
"47157",0,0,0,0,0.26784470026131,95.96
"47159",0,0,0,0,0.0849732133543952,38.5
"47161",0,0,0,0,0.0802296145533947,34.43
"47163",0,0,0,0,0.174952354552047,83.39
"47165",0,0,0,0,0.230663709658396,92.55
"47167",0,0,0,0,0.125286066668417,66.02
"47169",0,0,0,0,0.0723654110549424,26.28
"47171",0,0,0,0,0.0737075505840045,27.71
"47173",0,0,0,0,0.105342046718115,54.18
"47175",0,0,0,0,0.0890293372258118,41.49
"47177",0,0,0,0,0.121865192963148,64.4
"47179",0,0,0,0,0.174442816576789,83.3
"47181",0,0,0,0,0.0775375293521518,31.4
"47183",0,0,0,0,0.104388670172255,53.23
"47185",0,0,0,0,0.106027913537211,54.66
"47187",6.4369645615842e-05,1.21744659403759,1,1,0.303262387038346,98.31
"47189",0,0,0,0,0.177938865276196,83.81
"48001",0,0,0,0,0.146536467544783,75.12
"48003",0,0,0,0,0.0735805786359712,27.55
"48005",0.000125817815802718,2.37963825733056,1,1,0.169047355581357,81.83
"48007",0,0,0,0,0.147186336523683,75.34
"48009",0,0,0,0,0.0725841879143513,26.54
"48011",0,0,0,0,0.0609965351702714,15.91
"48013",0,0,0,0,0.110202509568056,57.21
"48015",0,0,0,0,0.170463175693729,82.25
"48017",0.00804704425874342,152.196684184725,1,1,0.0707727625531204,24.31
"48019",0,0,0,0,0.120931635321266,64.02
"48021",0,0,0,0,0.178275380218292,83.87
"48023",0,0,0,0,0.064765938003753,19.12
"48025",0,0,0,0,0.0883189916769877,40.88
"48027",0,0,0,0,0.138866792150827,72.32
"48029",2.14102463853919e-05,0.404939801827743,1,0,0.250354230558397,94.15
"48031",0,0,0,0,0.125276593278099,65.96
"48033",0,0,0,0,0.0576769867550866,13.04
"48035",0,0,0,0,0.0903169912826039,42.86
"48037",0,0,0,0,0.168927316952305,81.77
"48039",7.02745627165335e-06,0.132912844568573,1,0,0.198717459344498,88.07
"48041",9.82387200898183e-05,1.85802475734816,1,1,0.164519154843364,80.59
"48043",0,0,0,0,0.092827284916291,44.67
"48045",0,0,0,0,0.0601762225608999,15.11
"48047",0,0,0,0,0.0530923554422234,9.42
"48049",0,0,0,0,0.123338308821922,65.26
"48051",0,0,0,0,0.104719897499307,53.55
"48053",0,0,0,0,0.182878507247931,84.57
"48055",0,0,0,0,0.121040128774191,64.05
"48057",0,0,0,0,0.074221228946372,28.22
"48059",0,0,0,0,0.111573282005868,58.22
"48061",0,0,0,0,0.168338056797781,81.64
"48063",0,0,0,0,0.0768398981481076,30.64
"48065",0,0,0,0,0.0342582317349386,1.46
"48067",0,0,0,0,0.0852903162816254,38.82
"48069",0,0,0,0,0.0435082418955269,4.39
"48071",0,0,0,0,0.109408899238905,56.67
"48073",0,0,0,0,0.114983250423236,60.26
"48075",0,0,0,0,0.0735153526402089,27.43
"48077",0,0,0,0,0.076847971362243,30.67
"48079",0,0,0,0,0.0761884555316322,29.97
"48081",0,0,0,0,0.0586676712598149,14
"48083",0,0,0,0,0.0848291157175742,38.28
"48085",9.90332085947837e-05,1.87305120832701,1,1,0.291063658936588,97.8
"48087",0,0,0,0,0.0635022520766218,17.94
"48089",0,0,0,0,0.102509641781725,51.86
"48091",6.90099374309901e-05,1.30521012623735,1,1,0.261952034524781,95.55
"48093",0,0,0,0,0.0807263599823553,34.71
"48095",0,0,0,0,0.0661558206982169,20.39
"48097",0,0,0,0,0.123147451064331,65.07
"48099",0,0,0,0,0.117273662137814,61.88
"48101",0,0,0,0,0.0995147430044724,49.76
"48103",0,0,0,0,0.0522266789598325,8.78
"48105",0,0,0,0,0.0654631743387041,19.6
"48107",0,0,0,0,0.0636540999082851,18.07
"48109",0,0,0,0,0.0496791006519227,7.45
"48111",0,0,0,0,0.060479875620797,15.37
"48113",2.29329097724607e-05,0.433738490040443,1,0,0.390790422855903,99.75
"48115",0,0,0,0,0.0743864336866967,28.44
"48117",0,0,0,0,0.057395895197837,12.85
"48119",0,0,0,0,0.0739681239375879,28.03
"48121",5.2351260425478e-05,0.99013848979289,1,0,0.290270511835657,97.68
"48123",0,0,0,0,0.0789739849521704,33.12
"48125",0,0,0,0,0.0836795601168175,37.13
"48127",0,0,0,0,0.0706770685348276,24.12
"48129",0,0,0,0,0.0663583684378673,20.59
"48131",0,0,0,0,0.0566255241531323,11.99
"48133",0,0,0,0,0.0987314927402512,49.06
"48135",0.000260853785782335,4.93362282802994,1,1,0.189001548491994,86.13
"48137",0,0,0,0,0.0792998024563685,33.44
"48139",0,0,0,0,0.20104938419189,88.26
"48141",4.96386307680089e-06,0.0938833535325993,1,0,0.204587729671866,89.15
"48143",0,0,0,0,0.12680176364009,66.72
"48145",0,0,0,0,0.0724560965872686,26.34
"48147",0,0,0,0,0.105481295824144,54.25
"48149",0,0,0,0,0.13491358511994,70.54
"48151",0,0,0,0,0.0540190828439785,9.93
"48153",0,0,0,0,0.0512098129602026,8.15
"48155",0,0,0,0,0.0612057344595738,16.13
"48157",6.70057155875396e-06,0.126730354723322,1,0,0.240842857123426,93.41
"48159",0,0,0,0,0.0544968993794534,10.18
"48161",0,0,0,0,0.0818743808438038,35.48
"48163",0,0,0,0,0.0576116209368684,13.01
"48165",0,0,0,0,0.103974019263836,52.91
"48167",0,0,0,0,0.18372867278084,84.73
"48169",0,0,0,0,0.0561799790842614,11.42
"48171",0,0,0,0,0.161509276307165,79.73
"48173",0,0,0,0,0.0555203445102262,10.94
"48175",0,0,0,0,0.0724737826874056,26.38
"48177",0,0,0,0,0.0641610551937241,18.74
"48179",0,0,0,0,0.0869523386202976,40.09
"48181",0,0,0,0,0.185869994617893,85.33
"48183",2.42653660430468e-05,0.458939721658376,1,0,0.208072230129913,89.44
"48185",0,0,0,0,0.112602789902065,58.92
"48187",0,0,0,0,0.174355049481716,83.23
"48189",0,0,0,0,0.0951958745054988,46.58
"48191",0,0,0,0,0.0749535250208044,29.11
"48193",0,0,0,0,0.0600603898574348,14.99
"48195",0,0,0,0,0.0579805137090656,13.36
"48197",0,0,0,0,0.0487458635437781,6.81
"48199",0,0,0,0,0.126580067161277,66.59
"48201",0.000215018320215761,4.06671994381678,1,1,0.377017691587263,99.65
"48203",0,0,0,0,0.142041240124462,73.78
"48205",0,0,0,0,0.0433783808608074,4.3
"48207",0,0,0,0,0.0710773934021137,24.72
"48209",0,0,0,0,0.23278105151842,92.78
"48211",0,0,0,0,0.0658877522805679,19.92
"48213",0,0,0,0,0.154250015302801,77.7
"48215",2.92030487982945e-06,0.0552327917217046,1,0,0.175314300518264,83.42
"48217",0.00097188995215311,18.3817092778426,1,1,0.12857451265718,67.36
"48219",0,0,0,0,0.0654774295293255,19.63
"48221",0,0,0,0,0.177187452882454,83.74
"48223",0,0,0,0,0.128624458354612,67.45
"48225",0,0,0,0,0.164801891097822,80.66
"48227",0,0,0,0,0.115601338085725,60.67
"48229",0,0,0,0,0.0485284054856073,6.68
"48231",0,0,0,0,0.151104604533712,76.55
"48233",0,0,0,0,0.0694519085419067,23.13
"48235",0,0,0,0,0.0447788664933928,4.96
"48237",0,0,0,0,0.0774018840755968,31.18
"48239",0,0,0,0,0.064215800371971,18.77
"48241",0,0,0,0,0.0988801530581958,49.19
"48243",0,0,0,0,0.0584426996234869,13.78
"48245",0,0,0,0,0.20403835106769,89.02
"48247",0,0,0,0,0.0523586501892243,8.85
"48249",0,0,0,0,0.0776911203612415,31.66
"48251",1.40718225824609e-05,0.266145514877622,1,0,0.202927950639323,88.67
"48253",0,0,0,0,0.0807395165561877,34.74
"48255",0,0,0,0,0.06541514704204,19.5
"48257",0,0,0,0,0.192267311495316,86.8
"48259",0,0,0,0,0.187759169374745,85.84
"48261",0,0,0,0,0.0147103810700588,0.06
"48263",0,0,0,0,0.0608323138289008,15.81
"48265",0,0,0,0,0.15793410164324,78.71
"48267",0,0,0,0,0.0846455939827301,38.02
"48269",0,0,0,0,0.0356735263020168,1.81
"48271",0,0,0,0,0.0356020600290114,1.78
"48273",0,0,0,0,0.0878915236234207,40.6
"48275",0,0,0,0,0.0437784925317127,4.49
"48277",0,0,0,0,0.126103919889043,66.4
"48279",0,0,0,0,0.0516013865661693,8.53
"48281",0,0,0,0,0.101176335016215,51.19
"48283",0,0,0,0,0.0542071919322886,10.05
"48285",0,0,0,0,0.0928263287625418,44.64
"48287",0,0,0,0,0.0846797422082649,38.12
"48289",0,0,0,0,0.0680298657873686,21.64
"48291",0,0,0,0,0.128678377083996,67.52
"48293",0,0,0,0,0.0697154071542735,23.39
"48295",0,0,0,0,0.0490364259115819,7
"48297",0,0,0,0,0.0659767811819624,20.01
"48299",0,0,0,0,0.113328642472244,59.27
"48301",0,0,0,0,0.0202410592420199,0.13
"48303",5.79357492540772e-06,0.109575996461651,1,0,0.218258925868539,91.09
"48305",0,0,0,0,0.0618388724171935,16.64
"48307",0,0,0,0,0.0702526929114082,23.86
"48309",0,0,0,0,0.203776174298036,88.96
"48311",0,0,0,0,0.058366816285025,13.74
"48313",0,0,0,0,0.0572103537973996,12.69
"48315",0,0,0,0,0.0681265618117149,21.86
"48317",0,0,0,0,0.0596239376480063,14.67
"48319",0,0,0,0,0.0928947576234524,44.73
"48321",0,0,0,0,0.104444737526382,53.29
"48323",0,0,0,0,0.1045362018174,53.36
"48325",0,0,0,0,0.110275240590185,57.27
"48327",0,0,0,0,0.0660791085440185,20.3
"48329",0,0,0,0,0.146275556017748,74.99
"48331",0,0,0,0,0.0986285037360375,48.97
"48333",0,0,0,0,0.0732921475047276,27.14
"48335",0,0,0,0,0.051244960301348,8.18
"48337",0,0,0,0,0.113244737973813,59.21
"48339",3.75785862184293e-06,0.0710737512420223,1,0,0.252621172786376,94.37
"48341",0,0,0,0,0.0552500486079831,10.75
"48343",0,0,0,0,0.0601431685540752,15.05
"48345",0,0,0,0,0.079965909015167,34.11
"48347",0,0,0,0,0.12943233226295,68.09
"48349",0,0,0,0,0.132737109735982,69.39
"48351",0,0,0,0,0.0653753187772633,19.44
"48353",0,0,0,0,0.0768593060413234,30.7
"48355",0,0,0,0,0.220403272428868,91.38
"48357",0,0,0,0,0.058564650516829,13.84
"48359",0,0,0,0,0.0348216649353804,1.59
"48361",0,0,0,0,0.136273298619823,71.33
"48363",0,0,0,0,0.12250995487785,64.78
"48365",0,0,0,0,0.0939785782708349,45.5
"48367",0,0,0,0,0.231219596330233,92.65
"48369",0,0,0,0,0.0389459640672482,2.67
"48371",0,0,0,0,0.0883920288240137,40.98
"48373",0,0,0,0,0.107404800515989,55.74
"48375",0,0,0,0,0.196250465014181,87.59
"48377",0,0,0,0,0.0707057353844485,24.18
"48379",0,0,0,0,0.0924761580759142,44.29
"48381",0,0,0,0,0.19070605863212,86.35
"48383",0,0,0,0,0.0561955438324125,11.49
"48385",0,0,0,0,0.0608074088685908,15.75
"48387",0,0,0,0,0.0709512435827693,24.56
"48389",0,0,0,0,0.074278414938792,28.25
"48391",0,0,0,0,0.0589406545178642,14.22
"48393",0,0,0,0,0.0639046866316835,18.39
"48395",0,0,0,0,0.0717834554939969,25.8
"48397",0,0,0,0,0.212573725647317,90.1
"48399",0,0,0,0,0.0630890488186246,17.79
"48401",0,0,0,0,0.111186606785292,57.81
"48403",0,0,0,0,0.0734723743387549,27.36
"48405",0,0,0,0,0.0479986731739476,6.4
"48407",0,0,0,0,0.117368755592585,62.11
"48409",0,0,0,0,0.117100732874424,61.76
"48411",0,0,0,0,0.0711054196903022,24.82
"48413",0,0,0,0,0.0615443692243067,16.45
"48415",0,0,0,0,0.0725472793337728,26.41
"48417",0,0,0,0,0.0614228140604109,16.32
"48419",0,0,0,0,0.079174679552001,33.28
"48421",0,0,0,0,0.0325050393879651,1.05
"48423",0,0,0,0,0.212890843239581,90.17
"48425",0,0,0,0,0.0768187431666141,30.58
"48427",0,0,0,0,0.0945765838550281,46.17
"48429",0,0,0,0,0.071663390102098,25.61
"48431",0,0,0,0,0.0427911057259408,3.91
"48433",0,0,0,0,0.0811884697135334,35.06
"48435",0,0,0,0,0.0512752930392533,8.21
"48437",0,0,0,0,0.0613870854376759,16.23
"48439",1.23874401974204e-05,0.234288176249991,1,0,0.331377738149501,98.92
"48441",0,0,0,0,0.176881416054731,83.68
"48443",0,0,0,0,0.0497688656094004,7.57
"48445",0,0,0,0,0.0719593232576714,25.99
"48447",0,0,0,0,0.0562843928048118,11.58
"48449",0,0,0,0,0.0927532834336217,44.58
"48451",0,0,0,0,0.172516080654865,82.79
"48453",2.00791923345675e-06,0.0379765090903791,1,0,0.334319439952911,99.01
"48455",0,0,0,0,0.0882826490485112,40.82
"48457",0,0,0,0,0.0780318364272435,32.01
"48459",0,0,0,0,0.101267057888938,51.22
"48461",0,0,0,0,0.031395705426167,0.95
"48463",0,0,0,0,0.116542119054879,61.34
"48465",0,0,0,0,0.0997079190076929,49.95
"48467",0,0,0,0,0.155319407145368,77.86
"48469",0,0,0,0,0.192975083744065,86.92
"48471",0,0,0,0,0.0812846430572701,35.13
"48473",0,0,0,0,0.121515223606828,64.27
"48475",0,0,0,0,0.0728034521797635,26.69
"48477",0,0,0,0,0.132289781949199,69.3
"48479",0,0,0,0,0.153264541104419,77.35
"48481",0,0,0,0,0.11123847167953,57.91
"48483",0,0,0,0,0.0680972723647551,21.76
"48485",0,0,0,0,0.157323184063352,78.49
"48487",0,0,0,0,0.0623788746297785,17.28
"48489",0,0,0,0,0.065746773418861,19.85
"48491",4.16359128673896e-05,0.787475211725795,1,0,0.25873120693226,95.2
"48493",0,0,0,0,0.131953166166028,69.14
"48495",0,0,0,0,0.0527678648763905,9.1
"48497",0,0,0,0,0.15797790353136,78.75
"48499",0,0,0,0,0.140292842630819,72.86
"48501",0,0,0,0,0.0618603716860065,16.8
"48503",0,0,0,0,0.0990694559257668,49.32
"48505",0,0,0,0,0.078938775323903,32.99
"48507",0,0,0,0,0.0593516733859892,14.48
"49001",0,0,0,0,0.0669607653274217,21.03
"49003",0,0,0,0,0.115200913203946,60.32
"49005",0,0,0,0,0.202721694382827,88.58
"49007",0,0,0,0,0.09425372721063,45.98
"49009",0,0,0,0,0.0576876500888749,13.11
"49011",0,0,0,0,0.254788565437333,94.85
"49013",0,0,0,0,0.10480621549701,53.61
"49015",0,0,0,0,0.0564241251880985,11.8
"49017",0,0,0,0,0.0615023383004826,16.42
"49019",0,0,0,0,0.106218569675404,54.76
"49021",0,0,0,0,0.17289685321145,82.88
"49023",0,0,0,0,0.0890863655611982,41.55
"49025",0,0,0,0,0.0856710189616004,39.2
"49027",0,0,0,0,0.0747569020856215,28.79
"49029",0,0,0,0,0.11493847092519,60.2
"49031",0,0,0,0,0.0379555978141464,2.45
"49033",0,0,0,0,0.077159641124455,30.89
"49035",2.61734823932122e-05,0.495028622402061,1,0,0.403308640616306,99.81
"49037",0,0,0,0,0.0716011564887089,25.52
"49039",0,0,0,0,0.120837716166959,63.95
"49041",0,0,0,0,0.117332789864612,62.04
"49043",0,0,0,0,0.191069152561091,86.48
"49045",0,0,0,0,0.146465393837195,75.02
"49047",0,0,0,0,0.136643295242418,71.4
"49049",0.000101360841700429,1.91707458253586,1,1,0.348803167513621,99.46
"49051",0,0,0,0,0.211461395064386,89.79
"49053",0,0,0,0,0.258018726760234,95.07
"49055",0,0,0,0,0.0645339673759208,18.99
"49057",4.56499410354928e-05,0.863393991064632,1,0,0.214947799608325,90.45
"50001",0,0,0,0,0.152832043745705,77.16
"50003",0,0,0,0,0.164012957591879,80.53
"50005",7.79848709350386e-05,1.47495631827679,1,1,0.185485943173242,85.17
"50007",1.7083212327246e-05,0.323101027884301,1,0,0.25587190542923,94.91
"50009",0,0,0,0,0.0788377608294344,32.74
"50011",4.93437284121188e-05,0.933255939468238,1,0,0.124680205663399,65.8
"50013",0,0,0,0,0.134139883807135,70.22
"50015",0,0,0,0,0.15333855092337,77.38
"50017",0,0,0,0,0.138337418840355,71.87
"50019",0,0,0,0,0.132068696859955,69.17
"50021",0,0,0,0,0.193867328306561,87.11
"50023",0,0,0,0,0.171938130068177,82.63
"50025",0,0,0,0,0.184376147731088,84.86
"50027",0,0,0,0,0.192967283888584,86.89
"51001",0,0,0,0,0.0996295876497483,49.83
"51003",0,0,0,0,0.151678519845645,76.77
"51005",0,0,0,0,0.0966787526475002,47.66
"51007",0,0,0,0,0.100896977134569,51.03
"51009",0,0,0,0,0.106903532070888,55.33
"51011",0,0,0,0,0.0895229901329253,42.13
"51013",3.96662088525062e-05,0.750221481007852,1,0,0.138265325269345,71.81
"51015",0,0,0,0,0.135759046158151,70.89
"51017",0,0,0,0,0.0712514205610833,24.94
"51019",0,0,0,0,0.185958235984095,85.46
"51021",0,0,0,0,0.056757153423391,12.09
"51023",0,0,0,0,0.128615386440208,67.42
"51025",0,0,0,0,0.070287595406251,23.89
"51027",0,0,0,0,0.0677717246520654,21.54
"51029",0,0,0,0,0.0752745492664235,29.37
"51031",0,0,0,0,0.136437658372683,71.36
"51033",0,0,0,0,0.0902666834666219,42.73
"51035",0,0,0,0,0.11368644973432,59.47
"51036",0.000442673749446658,8.37245014132949,1,1,0.0974216505175585,48.3
"51037",0,0,0,0,0.0843627824354426,37.73
"51041",0,0,0,0,0.220061140795917,91.28
"51043",0,0,0,0,0.110219705079665,57.24
"51045",0,0,0,0,0.0826428024674514,36.02
"51047",0,0,0,0,0.137933451605723,71.68
"51049",0,0,0,0,0.0797003488771485,33.82
"51051",0.00404749055585537,76.55166568779,1,1,0.0711125134757701,24.85
"51053",0,0,0,0,0.0680821347527108,21.7
"51057",0,0,0,0,0.102695377237576,52.02
"51059",0.000753903699523035,14.2588557453666,1,1,0.207608337909683,89.41
"51061",0,0,0,0,0.190644519338167,86.32
"51063",0,0,0,0,0.1036522336693,52.72
"51065",0,0,0,0,0.104603149545346,53.42
"51067",0,0,0,0,0.146609136323472,75.15
"51069",0,0,0,0,0.149412906602493,76.01
"51071",0,0,0,0,0.0685906693608646,22.4
"51073",0,0,0,0,0.158992676111894,79
"51075",0,0,0,0,0.0789510039086542,33.06
"51077",0,0,0,0,0.0687098213430467,22.53
"51079",0,0,0,0,0.10599444882602,54.6
"51081",0,0,0,0,0.0490477972731711,7.03
"51083",0,0,0,0,0.108728057083539,56.28
"51085",0,0,0,0,0.206554711277613,89.31
"51087",0,0,0,0,0.277048035338297,96.75
"51089",0,0,0,0,0.121902015154951,64.43
"51091",0,0,0,0,0.0699264339812329,23.51
"51093",0,0,0,0,0.111333743744638,58
"51095",3.03195682493481e-05,0.573445056978452,1,0,0.157247780267288,78.43
"51097",0,0,0,0,0.0948601264263571,46.39
"51099",0,0,0,0,0.0544028948802824,10.15
"51101",0,0,0,0,0.0955106132739211,46.83
"51103",0,0,0,0,0.116334127508196,61.09
"51105",0,0,0,0,0.0686644002298905,22.46
"51107",0.000570037029605443,10.7813183299188,1,1,0.253249245013504,94.56
"51109",0,0,0,0,0.104919755824438,53.71
"51111",0,0,0,0,0.0833063058003386,36.65
"51113",0,0,0,0,0.104938751156685,53.77
"51115",0,0,0,0,0.0718184325876877,25.93
"51117",0,0,0,0,0.112907318150207,59.08
"51119",0,0,0,0,0.0917259547153562,43.91
"51121",0,0,0,0,0.126631201108428,66.62
"51125",0,0,0,0,0.0910743498837117,43.49
"51127",0,0,0,0,0.104247618762622,53.1
"51131",0,0,0,0,0.0691475458322247,22.88
"51133",0,0,0,0,0.0935643463543082,45.15
"51135",0,0,0,0,0.0564213315342987,11.77
"51137",0,0,0,0,0.112266107456791,58.61
"51139",0,0,0,0,0.0940099472085453,45.56
"51141",0.000211416490486258,3.99859722394573,1,1,0.100494177205426,50.59
"51143",0,0,0,0,0.123121778718941,65
"51145",0,0,0,0,0.131237136070042,68.85
"51147",0,0,0,0,0.0928508605228436,44.7
"51149",0,0,0,0,0.0595249170141114,14.57
"51153",0.000753968484117364,14.2600810400371,1,1,0.238239643954939,93.19
"51155",0,0,0,0,0.0786119677946399,32.55
"51157",0,0,0,0,0.0909800578226131,43.33
"51159",0,0,0,0,0.0862051514163777,39.45
"51161",4.84590036828843e-05,0.916522817855365,1,0,0.177737324977199,83.77
"51163",0,0,0,0,0.116487551671662,61.28
"51165",0,0,0,0,0.128394734404131,67.32
"51167",0,0,0,0,0.0767852095987218,30.51
"51169",0,0,0,0,0.0617569462204582,16.58
"51171",0.00351929092805005,66.561633403299,1,1,0.123988215077331,65.57
"51173",0,0,0,0,0.0664723329034533,20.74
"51175",0,0,0,0,0.0757840191678984,29.78
"51177",0,0,0,0,0.216518875702393,90.74
"51179",0,0,0,0,0.166172324293533,81.04
"51181",0.00236873272799053,44.8007063622503,1,1,0.0755044103158491,29.56
"51183",0,0,0,0,0.0801343670597146,34.3
"51185",0,0,0,0,0.105766222196803,54.44
"51187",0,0,0,0,0.130643939759523,68.53
"51191",0,0,0,0,0.128047460383393,67.2
"51193",0,0,0,0,0.0879420517009098,40.66
"51195",0,0,0,0,0.074088076735073,28.09
"51197",0,0,0,0,0.102835754966372,52.15
"51199",0,0,0,0,0.138404629549508,71.97
"51510",0,0,0,0,0.197723475431642,87.85
"51520",0,0,0,0,0.0993521443938435,49.7
"51530",0,0,0,0,0.0630339902910137,17.72
"51540",0,0,0,0,0.166964251112538,81.32
"51550",0.000372262141805904,7.04072971498851,1,1,0.260714005157719,95.39
"51570",0,0,0,0,0.114479002251947,60.01
"51580",0,0,0,0,0.0701501244789443,23.7
"51590",0,0,0,0,0.128904348254875,67.71
"51595",0,0,0,0,0.0709121957268022,24.47
"51600",0,0,0,0,0.137291199717419,71.43
"51610",0,0,0,0,0.111205098092627,57.84
"51620",0,0,0,0,0.0794347101360984,33.66
"51630",0,0,0,0,0.146722032725435,75.21
"51640",0,0,0,0,0.089662313159377,42.25
"51650",0,0,0,0,0.142388904027645,73.91
"51660",0,0,0,0,0.152379585571149,76.93
"51670",0,0,0,0,0.0909897287966836,43.43
"51678",0,0,0,0,0.0630649218843336,17.75
"51680",0,0,0,0,0.141581693980105,73.56
"51683",0,0,0,0,0.135946790336809,71.05
"51685",0,0,0,0,0.094683384009331,46.29
"51690",0,0,0,0,0.0821710286720038,35.63
"51700",0,0,0,0,0.0991289466648674,49.41
"51710",0,0,0,0,0.167766515596337,81.48
"51720",0,0,0,0,0.0794282031133836,33.6
"51730",0,0,0,0,0.113527731670828,59.4
"51735",0,0,0,0,0.0756327930743743,29.69
"51740",0,0,0,0,0.0924438899779154,44.26
"51750",0,0,0,0,0.0689001048737511,22.75
"51760",0,0,0,0,0.193002087408065,86.96
"51770",0,0,0,0,0.173399714950185,83.01
"51775",0,0,0,0,0.129638738465806,68.12
"51790",0,0,0,0,0.113470034945505,59.34
"51800",0,0,0,0,0.128139811574094,67.23
"51810",1.38354048008855e-05,0.261674059113104,1,0,0.219371546996385,91.25
"51820",0,0,0,0,0.122006183838993,64.49
"51830",0,0,0,0,0.0774219336473849,31.24
"51840",0,0,0,0,0.101288187509654,51.26
"53001",0,0,0,0,0.0579488004249015,13.24
"53003",0,0,0,0,0.120163866542254,63.38
"53005",0,0,0,0,0.151763274597721,76.81
"53007",0,0,0,0,0.147905170785814,75.6
"53009",0,0,0,0,0.162142856347535,80.02
"53011",4.78478056996306e-06,0.0904963007390731,1,0,0.267967127389574,96.05
"53013",0,0,0,0,0.0579617261351838,13.3
"53015",0,0,0,0,0.163106120137154,80.37
"53017",0,0,0,0,0.116513122638494,61.31
"53019",0,0,0,0,0.0762496329025065,30.13
"53021",0,0,0,0,0.139718881180134,72.67
"53023",0,0,0,0,0.0478319703611071,6.3
"53025",0,0,0,0,0.114230085276572,59.82
"53027",0,0,0,0,0.130385361009674,68.44
"53029",6.60611065235343e-05,1.24943781134687,1,1,0.190779841962858,86.38
"53031",0,0,0,0,0.180577983924984,84.25
"53033",3.56258906472662e-05,0.673805468604221,1,0,0.315266710038959,98.7
"53035",0,0,0,0,0.178561110605162,83.93
"53037",0,0,0,0,0.130286552027231,68.41
"53039",0,0,0,0,0.117441084048469,62.17
"53041",0,0,0,0,0.165463955976856,80.75
"53043",0,0,0,0,0.0654599162537401,19.57
"53045",0,0,0,0,0.121329476871931,64.21
"53047",0.00184259015530403,34.8495799117776,1,1,0.11660888307083,61.41
"53049",0,0,0,0,0.116851259017082,61.47
"53051",0,0,0,0,0.0816345046744124,35.35
"53053",2.43655218120151e-06,0.0460834004260636,1,0,0.243289922287148,93.73
"53055",0,0,0,0,0.19845153353345,87.97
"53057",0,0,0,0,0.216283434573581,90.68
"53059",0,0,0,0,0.0946449828262819,46.26
"53061",0,0,0,0,0.27098000129736,96.37
"53063",3.58166189111748e-06,0.0677412781850405,1,0,0.281827876867687,97.14
"53065",0,0,0,0,0.132765620214517,69.42
"53067",0,0,0,0,0.185197896123362,85.11
"53069",0,0,0,0,0.0842942979779257,37.64
"53071",0,0,0,0,0.112209272794579,58.57
"53073",0,0,0,0,0.265770059177834,95.77
"53075",0,0,0,0,0.0873935421462351,40.38
"53077",0,0,0,0,0.133860204561448,70.03
"54001",0,0,0,0,0.0595359497512389,14.6
"54003",2.26567279153545e-05,0.428514961806723,1,0,0.158979822264,78.97
"54005",0,0,0,0,0.071505341839679,25.36
"54007",0,0,0,0,0.071713698107398,25.71
"54009",0,0,0,0,0.0897041738726614,42.38
"54011",0,0,0,0,0.17008726006756,82.12
"54013",0,0,0,0,0.0483417415392217,6.59
"54015",0,0,0,0,0.04738474625752,6.11
"54017",0,0,0,0,0.0429564101836176,4.01
"54019",0,0,0,0,0.120597583973586,63.76
"54021",0,0,0,0,0.0517000700810901,8.59
"54023",0,0,0,0,0.0850279547872707,38.53
"54025",0,0,0,0,0.123513950327928,65.38
"54027",0,0,0,0,0.111727025134595,58.32
"54029",0,0,0,0,0.11441665821502,59.94
"54031",0,0,0,0,0.0753603022499362,29.46
"54033",0,0,0,0,0.135411486410836,70.73
"54035",0,0,0,0,0.102791517138514,52.12
"54037",4.6279155868197e-05,0.875294560776718,1,0,0.139183626573061,72.45
"54039",0,0,0,0,0.189699870967138,86.19
"54041",0,0,0,0,0.090149418954669,42.67
"54043",0,0,0,0,0.0736359532989134,27.65
"54045",0,0,0,0,0.0857780533909107,39.26
"54047",0,0,0,0,0.0529260709156766,9.23
"54049",0,0,0,0,0.13912718608997,72.41
"54051",0,0,0,0,0.0780619513237594,32.07
"54053",0,0,0,0,0.0715338168134321,25.42
"54055",0,0,0,0,0.133215189151657,69.74
"54057",0,0,0,0,0.0854484528333613,39.07
"54059",0,0,0,0,0.0704098578040154,24.02
"54061",1.51545001288133e-05,0.286622590347543,1,0,0.123411522539339,65.32
"54063",0,0,0,0,0.0854197971272096,39.04
"54065",0,0,0,0,0.105022895511726,53.99
"54067",0.000754242614707731,14.2652657719145,1,1,0.118032065238544,62.42
"54069",0,0,0,0,0.155712507367903,78.05
"54071",0,0,0,0,0.083128558488972,36.49
"54073",0,0,0,0,0.0570337375524014,12.44
"54075",0,0,0,0,0.0610077271180823,15.94
"54077",0,0,0,0,0.109164367775629,56.44
"54079",0,0,0,0,0.160270332537191,79.51
"54081",0,0,0,0,0.142312952708677,73.85
"54083",0,0,0,0,0.112848296665167,59.05
"54085",0,0,0,0,0.0641428038306902,18.71
"54087",0,0,0,0,0.0824668363571291,35.92
"54089",0,0,0,0,0.0748031446974325,28.86
"54091",0,0,0,0,0.0757442066336182,29.72
"54093",0,0,0,0,0.0674361744316178,21.35
"54095",0,0,0,0,0.0488818354980189,6.84
"54097",0,0,0,0,0.0897084721954418,42.41
"54099",0,0,0,0,0.0837765649137858,37.23
"54101",0,0,0,0,0.0515298310824375,8.5
"54103",0,0,0,0,0.0713267772273535,25.04
"54105",0,0,0,0,0.0495878271552941,7.35
"54107",0,0,0,0,0.16234226354331,80.05
"54109",0,0,0,0,0.0692968029295653,22.97
"55001",0,0,0,0,0.082888564980923,36.21
"55003",0,0,0,0,0.0983616478336156,48.87
"55005",0,0,0,0,0.134061794109656,70.16
"55007",0,0,0,0,0.104340763496156,53.17
"55009",0,0,0,0,0.234233497861056,93.03
"55011",0,0,0,0,0.0783136266576303,32.29
"55013",0,0,0,0,0.0844554068936001,37.83
"55015",0,0,0,0,0.102482858384338,51.83
"55017",0,0,0,0,0.173784081880904,83.14
"55019",7.2976720426184e-05,1.38023534038264,1,1,0.127188345786926,66.94
"55021",0,0,0,0,0.142646395750966,73.97
"55023",0,0,0,0,0.0772430687978671,30.93
"55025",0,0,0,0,0.255833993959286,94.88
"55027",0,0,0,0,0.120427521691853,63.6
"55029",0,0,0,0,0.159273456861899,79.1
"55031",0,0,0,0,0.140374349627111,72.96
"55033",0,0,0,0,0.104978369083075,53.87
"55035",0,0,0,0,0.188958838613361,86.06
"55037",0,0,0,0,0.0703002023168409,23.93
"55039",0,0,0,0,0.174657453149859,83.33
"55041",0,0,0,0,0.0715426191256032,25.45
"55043",0,0,0,0,0.118985042442692,62.84
"55045",0,0,0,0,0.105688745871949,54.37
"55047",0,0,0,0,0.101029496287842,51.1
"55049",0,0,0,0,0.0934240741644902,45.08
"55051",0,0,0,0,0.0806771336291199,34.65
"55053",0,0,0,0,0.0585767850665924,13.87
"55055",0,0,0,0,0.163761264167429,80.46
"55057",0,0,0,0,0.0892127769086762,41.74
"55059",0,0,0,0,0.186646127714789,85.52
"55061",0,0,0,0,0.0731827575347712,27.04
"55063",2.62044206857697e-05,0.495613769617633,1,0,0.179209960864076,84.06
"55065",0,0,0,0,0.0808031168593776,34.78
"55067",0,0,0,0,0.10079388021214,50.87
"55069",0,0,0,0,0.106870987593138,55.27
"55071",0,0,0,0,0.158722786905453,78.84
"55073",0,0,0,0,0.19263691989969,86.83
"55075",0,0,0,0,0.10312804478972,52.27
"55077",0,0,0,0,0.0709051478557566,24.44
"55078",0,0,0,0,0.0664371638151131,20.65
"55079",0,0,0,0,0.291195649754574,97.84
"55081",0,0,0,0,0.0996385797151076,49.86
"55083",0,0,0,0,0.0999299508863571,50.17
"55085",0,0,0,0,0.148336365886537,75.79
"55087",0,0,0,0,0.241695048217372,93.54
"55089",0,0,0,0,0.210414058110029,89.69
"55091",0,0,0,0,0.073053177688934,26.95
"55093",0,0,0,0,0.143177414946423,74.16
"55095",0,0,0,0,0.133508581752057,69.87
"55097",0,0,0,0,0.15744852970129,78.56
"55099",0,0,0,0,0.0727893847545222,26.66
"55101",0,0,0,0,0.215144116781928,90.52
"55103",0,0,0,0,0.0749525272267752,29.08
"55105",0,0,0,0,0.194164929552307,87.18
"55107",0,0,0,0,0.0801944060697336,34.33
"55109",0,0,0,0,0.207475268979755,89.37
"55111",0,0,0,0,0.144866953413934,74.55
"55113",0,0,0,0,0.112317637529972,58.64
"55115",0,0,0,0,0.117290648035271,61.92
"55117",0,0,0,0,0.144257172840403,74.36
"55119",0,0,0,0,0.0853011864118848,38.85
"55121",0,0,0,0,0.0939474447079682,45.4
"55123",0,0,0,0,0.122073784990794,64.59
"55125",0,0,0,0,0.129391473362135,68.02
"55127",0.000432220039292731,8.17473530695075,1,1,0.221236645387892,91.54
"55129",0,0,0,0,0.109212456013447,56.47
"55131",0,0,0,0,0.201704929217138,88.29
"55133",7.4360499702558e-06,0.140640726273523,1,0,0.342176347103026,99.14
"55135",0,0,0,0,0.11415412753263,59.72
"55137",0,0,0,0,0.0904778252885111,42.98
"55139",0,0,0,0,0.171712357836313,82.56
"55141",0,0,0,0,0.132982219006558,69.65
"56001",0,0,0,0,0.112541037158759,58.86
"56003",0,0,0,0,0.0848295855408179,38.31
"56005",0,0,0,0,0.115591636020633,60.61
"56007",0,0,0,0,0.0827407840988371,36.14
"56009",0,0,0,0,0.095341721817705,46.74
"56011",0,0,0,0,0.0790858544129437,33.22
"56013",0,0,0,0,0.14523683898798,74.64
"56015",0,0,0,0,0.101825727178525,51.64
"56017",0,0,0,0,0.0784845638290205,32.45
"56019",0,0,0,0,0.120514480829697,63.7
"56021",3.48122748080973e-05,0.658417255374609,1,0,0.169653974098702,81.93
"56023",0,0,0,0,0.120917014872988,63.98
"56025",0,0,0,0,0.233225927242496,92.9
"56027",0,0,0,0,0.0578059372162518,13.14
"56029",0,0,0,0,0.169044106472119,81.8
"56031",0,0,0,0,0.0845218914196595,37.89
"56033",0,0,0,0,0.205828263318916,89.25
"56035",0,0,0,0,0.104605422218567,53.45
"56037",8.95014767743668e-05,1.6927740865715,1,1,0.136015595913796,71.11
"56039",0,0,0,0,0.181965473356407,84.41
"56041",0,0,0,0,0.116457474261535,61.22
"56043",0,0,0,0,0.0987373549673611,49.09
"56045",0,0,0,0,0.0765353214133745,30.38
