"county_geoid","industry_employment_share","location_quotient","industry_present","industry_comparative_advantage","industry_feasibility","industry_feasibility_percentile_score"
"01001",0,0,0,0,0.184240342889066,68.28
"01003",1.00129166624946e-05,0.0607255959687022,1,0,0.30141252521551,94.65
"01005",0,0,0,0,0.110672689586778,26.22
"01007",0,0,0,0,0.107695615908183,24.37
"01009",0,0,0,0,0.185603602076547,68.98
"01011",0.000564015792442188,3.42060123800917,1,1,0.115070567244919,29.37
"01013",0,0,0,0,0.114637647563058,29.11
"01015",0,0,0,0,0.182420623215717,67.58
"01017",0,0,0,0,0.139164476859046,45.34
"01019",0,0,0,0,0.131753846920081,40.63
"01021",0,0,0,0,0.176608089112305,65.13
"01023",0.00104031209362809,6.30920779712901,1,1,0.0984341572548524,18.58
"01025",0,0,0,0,0.127358030904448,38.02
"01027",0,0,0,0,0.079513788623053,7.99
"01029",0,0,0,0,0.099245975939013,19.22
"01031",0,0,0,0,0.174245319543397,63.89
"01033",0,0,0,0,0.190651277168946,70.76
"01035",0,0,0,0,0.0995677939021077,19.57
"01037",0,0,0,0,0.0945468922854999,16.35
"01039",0,0,0,0,0.160350405338008,57.3
"01041",0,0,0,0,0.0960142319249009,17.15
"01043",0,0,0,0,0.201500017827681,74.29
"01045",0,0,0,0,0.0989800298093216,19.03
"01047",0,0,0,0,0.168134350601481,61.44
"01049",0,0,0,0,0.164693954380415,59.37
"01051",0,0,0,0,0.181626504866593,67.29
"01053",0,0,0,0,0.14594854573162,49.13
"01055",0,0,0,0,0.205680089178018,75.85
"01057",0,0,0,0,0.112707674733202,27.81
"01059",0,0,0,0,0.116004967883768,30.13
"01061",0,0,0,0,0.129059516203654,39.23
"01063",0.000479386385426654,2.90734707334145,1,1,0.0893217556987533,13.43
"01065",0,0,0,0,0.125074585997442,36.18
"01067",0,0,0,0,0.129065788473824,39.26
"01069",0,0,0,0,0.241210350308404,84.86
"01071",0,0,0,0,0.161979852167235,58.07
"01073",8.67561861980547e-05,0.526152497661558,1,0,0.280638806494924,91.82
"01075",0,0,0,0,0.115261372804724,29.62
"01077",0,0,0,0,0.217969064267552,79.67
"01079",0,0,0,0,0.131658365594348,40.57
"01081",0,0,0,0,0.194511864891746,72.32
"01083",0.000277735696611624,1.68439089897725,1,1,0.16974398356541,62.17
"01085",0,0,0,0,0.0873235458078241,12.15
"01087",0,0,0,0,0.0751532265165901,6.33
"01089",0,0,0,0,0.17403417364315,63.73
"01091",0,0,0,0,0.126539814254598,37.35
"01093",0,0,0,0,0.113840046451598,28.73
"01095",0,0,0,0,0.177730828831716,65.73
"01097",0,0,0,0,0.288810688948214,93.19
"01099",0,0,0,0,0.117537539966939,31.24
"01101",0,0,0,0,0.206150487919838,76.04
"01103",0,0,0,0,0.214089098400706,78.43
"01105",0,0,0,0,0.0781330393718873,7.67
"01107",0,0,0,0,0.110951756689337,26.47
"01109",0,0,0,0,0.109035709975853,25.14
"01111",0,0,0,0,0.132902024306955,41.36
"01113",0,0,0,0,0.149623760522262,51.13
"01115",0,0,0,0,0.217677070371975,79.61
"01117",3.02712302227963e-05,0.183586716832527,1,0,0.281425082688892,92.05
"01119",0,0,0,0,0.100890181174739,20.27
"01121",0,0,0,0,0.150738590816184,51.67
"01123",0,0,0,0,0.136050636300207,43.24
"01125",0,0,0,0,0.188234699263278,69.87
"01127",0,0,0,0,0.180489658469169,66.69
"01129",0,0,0,0,0.0709765549907228,4.84
"01131",0,0,0,0,0.129555385746411,39.48
"01133",0,0,0,0,0.123068619945302,34.9
"02013",0,0,0,0,0.040392143956239,0.48
"02016",0,0,0,0,0.0541459984584005,1.37
"02020",2.89708958380411e-05,0.175700545087123,1,0,0.289956788299087,93.29
"02050",0,0,0,0,0.0711620636124603,4.93
"02060",0,0,0,0,0.0611030438996929,2.64
"02063",0,0,0,0,0.148483535756429,50.46
"02066",0,0,0,0,0.133614782562959,41.84
"02068",0.000950118764845606,5.76220997148718,1,1,0.0808049168709023,8.43
"02070",0,0,0,0,0.0606931316749848,2.48
"02090",0,0,0,0,0.210635858374119,77.57
"02100",0,0,0,0,0.135346726813145,42.86
"02105",0,0,0,0,0.0886478310636034,12.92
"02110",0,0,0,0,0.184660021633627,68.57
"02122",0.000114982177762447,0.697335402436502,1,0,0.251190066219352,86.92
"02130",0,0,0,0,0.154209992306509,53.52
"02150",0,0,0,0,0.133990580479508,42.09
"02158",0,0,0,0,0.0380286507890208,0.32
"02164",0,0,0,0,0.051648700741598,1.24
"02170",2.8109627547435e-05,0.170477188896423,1,0,0.257674540917383,88.36
"02180",0,0,0,0,0.0835469112242176,10.02
"02185",0,0,0,0,0.0588542769560267,1.97
"02188",0,0,0,0,0.0463733493640133,0.83
"02195",0,0,0,0,0.116904530331432,30.8
"02198",0,0,0,0,0.0893391330697804,13.46
"02220",0,0,0,0,0.16616226952116,60.42
"02230",0,0,0,0,0.0977996871688655,18.2
"02240",0,0,0,0,0.1092268424901,25.26
"02275",0,0,0,0,0.0754336238327851,6.55
"02282",0,0,0,0,0.0777189592018001,7.48
"02290",0,0,0,0,0.0758387231174437,6.65
"04001",0,0,0,0,0.0907591045519879,14.35
"04003",0,0,0,0,0.198260273253778,73.46
"04005",0,0,0,0,0.233985700574778,83.17
"04007",0.000165791655153357,1.00548096076103,1,1,0.149764419414809,51.19
"04009",0,0,0,0,0.13726923618694,44.03
"04011",0,0,0,0,0.0346674796193983,0.19
"04012",0,0,0,0,0.105793069820361,23.39
"04013",5.11778785588309e-05,0.310379810464197,1,0,0.354435719212572,98.82
"04015",0,0,0,0,0.259223453964505,88.67
"04017",0,0,0,0,0.195871395538273,72.67
"04019",2.66485456556208e-05,0.161616127566328,1,0,0.255805442539769,87.91
"04021",0.000185017903202986,1.12208288709374,1,1,0.229973267456633,82.41
"04023",0,0,0,0,0.158697194591169,56.38
"04025",0.000296704209639326,1.79942973302266,1,1,0.314482044859705,96.47
"04027",0,0,0,0,0.182607131568534,67.64
"05001",0.000369719937147611,2.24225011368528,1,1,0.112330478467972,27.65
"05003",0,0,0,0,0.12066738652592,33.15
"05005",0,0,0,0,0.190282602949667,70.66
"05007",0,0,0,0,0.241380034799968,84.92
"05009",0,0,0,0,0.191855543806475,71.08
"05011",0,0,0,0,0.097035492028658,17.66
"05013",0,0,0,0,0.0415410821791012,0.51
"05015",0,0,0,0,0.160163065234974,57.21
"05017",0,0,0,0,0.101559489375467,20.78
"05019",0,0,0,0,0.119468468662262,32.29
"05021",0,0,0,0,0.120490141518496,32.93
"05023",0,0,0,0,0.164769299040881,59.47
"05025",0,0,0,0,0.0771562246896256,7.22
"05027",0,0,0,0,0.127162814578686,37.86
"05029",0,0,0,0,0.141323925583635,46.55
"05031",0,0,0,0,0.227824258960938,81.86
"05033",0,0,0,0,0.181294253370368,67.01
"05035",0,0,0,0,0.167515734786815,61.12
"05037",0,0,0,0,0.111917805878866,27.33
"05039",0,0,0,0,0.0922573498860352,15.14
"05041",0,0,0,0,0.0905390163189823,14.13
"05043",0,0,0,0,0.13732330310507,44.1
"05045",0,0,0,0,0.246236813290074,85.84
"05047",0,0,0,0,0.109262503999204,25.36
"05049",0,0,0,0,0.115533639914188,29.78
"05051",0,0,0,0,0.280299972917565,91.79
"05053",0,0,0,0,0.116022532370633,30.16
"05055",0,0,0,0,0.158679795783485,56.32
"05057",0,0,0,0,0.122872999096478,34.62
"05059",0.000214201563671415,1.29907379136559,1,1,0.148854996125389,50.68
"05061",0,0,0,0,0.0999538010136985,19.73
"05063",0,0,0,0,0.142563612122061,47.18
"05065",0,0,0,0,0.123215598977661,35
"05067",0,0,0,0,0.103101816299405,21.73
"05069",0,0,0,0,0.158503600191388,56.16
"05071",0,0,0,0,0.108830974989949,24.98
"05073",0,0,0,0,0.0890628856832517,13.24
"05075",0,0,0,0,0.124098053890416,35.48
"05077",0,0,0,0,0.081283016296078,8.72
"05079",0,0,0,0,0.0709202660576883,4.77
"05081",0,0,0,0,0.0901693051168417,14.03
"05083",0,0,0,0,0.126499423775667,37.23
"05085",0,0,0,0,0.191293857367922,70.98
"05087",0,0,0,0,0.132161605681014,40.95
"05089",0,0,0,0,0.125602987174611,36.53
"05091",0,0,0,0,0.162401301187844,58.29
"05093",0,0,0,0,0.110054386112591,25.93
"05095",0.00134952766531714,8.18451551280737,1,1,0.111406090663697,26.92
"05097",0,0,0,0,0.132917607969698,41.39
"05099",0,0,0,0,0.0838982918182806,10.21
"05101",0,0,0,0,0.107553715674933,24.31
"05103",0,0,0,0,0.12036653086509,32.83
"05105",0,0,0,0,0.123386550515148,35.09
"05107",0.000171438367906738,1.03972672638269,1,1,0.125908277485533,36.75
"05109",0.000310752019888129,1.88462585301127,1,1,0.131916055770488,40.79
"05111",0,0,0,0,0.0992875293809765,19.28
"05113",0,0,0,0,0.134439333505781,42.41
"05115",0,0,0,0,0.210227965394778,77.38
"05117",0,0,0,0,0.0878972370920988,12.47
"05119",0,0,0,0,0.269201007652787,90.1
"05121",0,0,0,0,0.103885113807179,22.27
"05123",0,0,0,0,0.124034288939381,35.41
"05125",0,0,0,0,0.234261667840005,83.26
"05127",0,0,0,0,0.0752457542962645,6.43
"05129",0,0,0,0,0.133557453863287,41.78
"05131",0,0,0,0,0.250710472030059,86.8
"05133",0,0,0,0,0.10516297535082,22.97
"05135",0,0,0,0,0.15301475665673,53.07
"05137",0,0,0,0,0.154975451788181,53.87
"05139",0,0,0,0,0.175077069171654,64.43
"05141",0,0,0,0,0.142712034508761,47.34
"05143",0.000729697978006903,4.42541829571029,1,1,0.27627436375525,91.31
"05145",3.23436186040494e-05,0.196155184520029,1,0,0.19602790461755,72.8
"05147",0,0,0,0,0.062734787830527,2.96
"05149",0,0,0,0,0.104338052956974,22.4
"06001",7.14622769923229e-05,0.433399128936535,1,0,0.341228643120173,98.28
"06003",0,0,0,0,0.127659925726239,38.18
"06005",0,0,0,0,0.181477630584579,67.2
"06007",0,0,0,0,0.276877486913728,91.38
"06009",0,0,0,0,0.231411671400513,82.69
"06011",0,0,0,0,0.0927140460413093,15.4
"06013",6.88258087606078e-06,0.0417409671516686,1,0,0.313496222999906,96.34
"06015",0,0,0,0,0.135383600917835,42.89
"06017",1.44171160001153e-05,0.0874358581786895,1,0,0.276723765137697,91.35
"06019",4.20670928063168e-06,0.0255125391276137,1,0,0.250782107611807,86.83
"06021",0,0,0,0,0.143775241354261,47.88
"06023",1.67993817827504e-05,0.101883647397612,1,0,0.248762452902284,86.22
"06025",0,0,0,0,0.140588025227462,46.23
"06027",0,0,0,0,0.150867817450469,51.83
"06029",2.57473158423234e-06,0.0156150415690163,1,0,0.194276096404185,72.19
"06031",0,0,0,0,0.10199508261748,21.09
"06033",0,0,0,0,0.169875012465964,62.27
"06035",0,0,0,0,0.106460565525778,23.67
"06037",0.000216037357141729,1.31020737574644,1,1,0.387072645957069,99.65
"06039",0,0,0,0,0.17416543154498,63.82
"06041",0.000180257317320475,1.09321123814069,1,1,0.320672869921792,96.85
"06043",0,0,0,0,0.12651277166322,37.32
"06045",0.00016023501134998,0.971781438641783,1,0,0.240328967589928,84.57
"06047",0,0,0,0,0.168979480903826,61.85
"06049",0,0,0,0,0.111860153108254,27.3
"06051",0,0,0,0,0.133224421729386,41.55
"06053",5.73485556986819e-05,0.347803276520943,1,0,0.165800991352671,60.23
"06055",0,0,0,0,0.203218174050817,74.86
"06057",0,0,0,0,0.321399182519584,96.88
"06059",1.50986372401417e-05,0.0915690977592152,1,0,0.38973481608584,99.78
"06061",2.36414443976869e-05,0.143378882397769,1,0,0.280844498583517,91.85
"06063",0,0,0,0,0.15854994261725,56.19
"06065",8.6180491021135e-05,0.522661064156902,1,0,0.324054955162878,97.17
"06067",1.36331130965881e-05,0.0826810953895202,1,0,0.258212833660965,88.51
"06069",0,0,0,0,0.185667388861127,69.01
"06071",0.000197259136212625,1.19632261113803,1,1,0.339251084564404,98.03
"06073",9.26329765677166e-05,0.561793620983555,1,0,0.339571203173149,98.06
"06075",0.000347304383668298,2.10630592380719,1,1,0.252385653298851,87.15
"06077",3.12547858890893e-06,0.0189551712449414,1,0,0.257029717547216,88.2
"06079",6.3971340839304e-05,0.387968653722509,1,0,0.305131789361354,95.29
"06081",0.000387818638006655,2.35201377526068,1,1,0.223453656669005,80.91
"06083",2.43032068081383e-05,0.147392290090941,1,0,0.248954826592975,86.26
"06085",2.19618790583722e-05,0.133192778824142,1,0,0.181809748438755,67.39
"06087",8.23295983138898e-06,0.0499306455051354,1,0,0.302592429952303,94.91
"06089",5.01844277720623e-05,0.304354803652937,1,0,0.299069032826938,94.4
"06091",0,0,0,0,0.148105609224907,50.24
"06093",6.07754953202869e-05,0.368586726327353,1,0,0.194630465758237,72.41
"06095",5.93126846107309e-06,0.0359715180191358,1,0,0.31047684586436,95.93
"06097",6.76063955650205e-05,0.410014264610774,1,0,0.356233077646842,98.95
"06099",4.50929817283238e-06,0.0273476578479386,1,0,0.283674035290765,92.3
"06101",0,0,0,0,0.209768886666467,77.25
"06103",0,0,0,0,0.157381728091697,55.49
"06105",0,0,0,0,0.157336644040458,55.39
"06107",5.14207554737394e-06,0.0311852792403625,1,0,0.189682723212601,70.38
"06109",0,0,0,0,0.212337748613979,77.98
"06111",0.000564698080803633,3.4247391299709,1,1,0.362793102265739,99.27
"06113",8.05289139065381e-06,0.0488385797517314,1,0,0.214745000948683,78.78
"06115",0,0,0,0,0.136285434779093,43.43
"08001",7.15368987323662e-06,0.0433851689343167,1,0,0.288802399435261,93.16
"08003",0,0,0,0,0.162660315631721,58.45
"08005",2.63649114666273e-06,0.0159895963927271,1,0,0.285540007652995,92.68
"08007",0,0,0,0,0.19867570659915,73.62
"08009",0,0,0,0,0.0944282113448408,16.23
"08011",0,0,0,0,0.0721766011528459,5.38
"08013",1.36864435776364e-05,0.0830045301442587,1,0,0.302922196374937,95
"08014",0,0,0,0,0.201723919202533,74.39
"08015",0,0,0,0,0.225839026401672,81.42
"08017",0,0,0,0,0.099434418376306,19.44
"08019",0,0,0,0,0.14667847083168,49.51
"08021",0,0,0,0,0.121282163776786,33.66
"08023",0,0,0,0,0.0879202435315311,12.54
"08025",0,0,0,0,0.0453589074956391,0.64
"08027",0,0,0,0,0.153076521262129,53.13
"08029",0,0,0,0,0.229421810093039,82.25
"08031",3.22852987277978e-06,0.0195801490450501,1,0,0.336184753514513,97.93
"08033",0,0,0,0,0.159459679869759,56.7
"08035",6.54321795459007e-05,0.396828240200894,1,0,0.260387698594279,88.8
"08037",0,0,0,0,0.20471184094713,75.5
"08039",0,0,0,0,0.22249232400099,80.59
"08041",7.57529846675959e-06,0.0459421095311667,1,0,0.256971399672425,88.16
"08043",0.000305250305250305,1.85125946123024,1,1,0.200406980819434,74.07
"08045",0,0,0,0,0.25402399568634,87.43
"08047",0,0,0,0,0.0502364828140555,1.05
"08049",0,0,0,0,0.173720166217068,63.47
"08051",0,0,0,0,0.208510948730417,76.93
"08053",0,0,0,0,0.0949879779865522,16.7
"08055",0.00138376383763838,8.39214851705294,1,1,0.117077518302969,31.02
"08057",0,0,0,0,0.112593804904126,27.71
"08059",2.49906285143071e-05,0.151561314381863,1,0,0.330468899659154,97.45
"08061",0,0,0,0,0.0984556069498352,18.61
"08063",0,0,0,0,0.11593073431683,30.07
"08065",0,0,0,0,0.118060858062347,31.56
"08067",0.000321595111754301,1.95038623411811,1,1,0.304622834332452,95.2
"08069",5.01170232492871e-06,0.0303946013691483,1,0,0.313597957725599,96.4
"08071",0,0,0,0,0.133973355316555,42.06
"08073",0,0,0,0,0.0994509621304573,19.47
"08075",0,0,0,0,0.142720662836134,47.38
"08077",0,0,0,0,0.328230847056482,97.33
"08079",0,0,0,0,0.0800738331914564,8.18
"08081",0,0,0,0,0.1517005371625,52.15
"08083",9.04322662325918e-05,0.548446915806679,1,0,0.236055041212395,83.77
"08085",0,0,0,0,0.271464315854581,90.49
"08087",0,0,0,0,0.125509666078926,36.46
"08089",0,0,0,0,0.14111775563124,46.45
"08091",0,0,0,0,0.178116008643725,65.83
"08093",0,0,0,0,0.212891058322281,78.08
"08095",0,0,0,0,0.0725004897615398,5.47
"08097",0,0,0,0,0.159069542936988,56.54
"08099",0,0,0,0,0.104776903356708,22.69
"08101",0,0,0,0,0.243026339440512,85.08
"08103",0,0,0,0,0.0879446695051352,12.6
"08105",0,0,0,0,0.134346365373061,42.28
"08107",0,0,0,0,0.243544376154927,85.24
"08109",0,0,0,0,0.0966846352945346,17.47
"08111",0,0,0,0,0.128004632055476,38.34
"08113",0,0,0,0,0.166070280740736,60.36
"08115",0,0,0,0,0.0900391293636237,14
"08117",0,0,0,0,0.183445881151442,68.09
"08119",0,0,0,0,0.177266338536512,65.51
"08121",0,0,0,0,0.110723130446396,26.28
"08123",0,0,0,0,0.281376685845695,91.95
"08125",0,0,0,0,0.102680173873425,21.48
"09110",0.000285778404269494,1.73316771718004,1,1,0.308901839609065,95.8
"09120",0.000197595415786354,1.19836205461041,1,1,0.334046122765932,97.77
"09130",0.000825961526951484,5.00923034336451,1,1,0.30553979436362,95.32
"09140",0.00017867183763985,1.08359573830708,1,1,0.335452049147628,97.9
"09150",0.000181345584235024,1.09981127878685,1,1,0.283875433859345,92.33
"09160",0.00224104701716642,13.5913361010046,1,1,0.310556881694626,95.96
"09170",0.00228075923516632,13.8321798218273,1,1,0.304455482597887,95.16
"09180",0.000650672711626052,3.94615170842932,1,1,0.23811991046284,84.16
"09190",0.000824686398270515,5.00149703730608,1,1,0.353944997465212,98.79
"10001",0.00013371746714805,0.810959798997032,1,0,0.207248043454494,76.52
"10003",0.000124279708154871,0.753722376696647,1,0,0.245022189643108,85.56
"10005",0.000932463034501132,5.65513280470651,1,1,0.28190091296032,92.14
"11001",0.000310645526334605,1.88397999878891,1,1,0.160533228594178,57.43
"12001",0,0,0,0,0.187615033205627,69.55
"12003",0,0,0,0,0.112280879712867,27.55
"12005",7.51226108326805e-05,0.455598050728494,1,0,0.269622152584296,90.23
"12007",0,0,0,0,0.13389363490395,42
"12009",3.7494610149791e-06,0.0227394536847463,1,0,0.281443118033635,92.08
"12011",3.05191304082442e-06,0.0185090163531376,1,0,0.378039019341872,99.59
"12013",0,0,0,0,0.101494015163513,20.65
"12015",0,0,0,0,0.271693894416014,90.58
"12017",0,0,0,0,0.241195096639881,84.82
"12019",0.000184845730833808,1.12103870885077,1,1,0.279787457398991,91.66
"12021",0,0,0,0,0.301882910579323,94.69
"12023",0,0,0,0,0.206314526219795,76.23
"12027",0.000255297421496043,1.54830890860104,1,1,0.154859525431951,53.77
"12029",0,0,0,0,0.110930065437836,26.44
"12031",0,0,0,0,0.31555392281529,96.6
"12033",0,0,0,0,0.252814185804489,87.24
"12035",0,0,0,0,0.244050194814992,85.36
"12037",0,0,0,0,0.15277583548347,52.97
"12039",0,0,0,0,0.111676140675146,27.17
"12041",0,0,0,0,0.11297535291441,28.03
"12043",0,0,0,0,0.115856323069073,29.94
"12045",0,0,0,0,0.15434127744864,53.61
"12047",0,0,0,0,0.0926960633907763,15.37
"12049",0,0,0,0,0.126431654483594,37.13
"12051",0.00038822387576836,2.35447143124824,1,1,0.169790291184028,62.2
"12053",0,0,0,0,0.250010232569003,86.61
"12055",0,0,0,0,0.233848567004346,83.07
"12057",1.14472140342844e-06,0.00694242165239419,1,0,0.340643365068679,98.19
"12059",0,0,0,0,0.129992714782224,39.68
"12061",0,0,0,0,0.289138604568984,93.25
"12063",0,0,0,0,0.145005462541527,48.62
"12065",0,0,0,0,0.136576232063944,43.56
"12067",0.00232018561484919,14.0712900115783,1,1,0.092273174568604,15.18
"12069",0,0,0,0,0.288392790010118,93.1
"12071",2.98839308127234e-06,0.0181237852032414,1,0,0.302693313193197,94.94
"12073",0,0,0,0,0.214036850908498,78.4
"12075",0,0,0,0,0.199351046547311,73.72
"12077",0,0,0,0,0.0582354665749555,1.88
"12079",0,0,0,0,0.119940476751559,32.55
"12081",0,0,0,0,0.312772182440135,96.21
"12083",0,0,0,0,0.304837469912557,95.26
"12085",0,0,0,0,0.293076893096158,93.8
"12086",5.33764615142368e-06,0.0323713613665989,1,0,0.382640719251841,99.62
"12087",0,0,0,0,0.215858601711692,79.1
"12089",0,0,0,0,0.252259894571452,87.08
"12091",0,0,0,0,0.18998887896444,70.54
"12093",0,0,0,0,0.170159255589998,62.42
"12095",0.000107880580050762,0.654266158188482,1,0,0.284261476459739,92.43
"12097",0,0,0,0,0.25753695546058,88.29
"12099",4.55744002083401e-05,0.27639624964961,1,0,0.340261029164951,98.12
"12101",9.00354739767468e-05,0.546040479498045,1,0,0.311599583784926,96.02
"12103",0.000284958273967026,1.72819385161538,1,1,0.389668880211359,99.75
"12105",0,0,0,0,0.296232838384204,94.11
"12107",0,0,0,0,0.180564064263613,66.72
"12109",0,0,0,0,0.286439960975986,92.84
"12111",0,0,0,0,0.295877849302778,94.05
"12113",0,0,0,0,0.261725601480942,89.09
"12115",6.64111418921483e-05,0.402765378590298,1,0,0.321483763671266,96.91
"12117",0,0,0,0,0.33218509346452,97.58
"12119",0,0,0,0,0.192882981066574,71.62
"12121",0,0,0,0,0.152149387533884,52.47
"12123",0,0,0,0,0.122864711239452,34.58
"12125",0,0,0,0,0.0714043794557368,5.06
"12127",0,0,0,0,0.331059060207971,97.49
"12129",0,0,0,0,0.162675551972776,58.48
"12131",0,0,0,0,0.256280000205244,88.04
"12133",0,0,0,0,0.125967392014559,36.81
"13001",0,0,0,0,0.113608780104926,28.51
"13003",0,0,0,0,0.092497507050349,15.24
"13005",0,0,0,0,0.102982734342773,21.57
"13007",0,0,0,0,0.0986525386499671,18.84
"13009",0,0,0,0,0.14684329127788,49.67
"13011",0,0,0,0,0.116155123916399,30.29
"13013",0,0,0,0,0.222940489549604,80.75
"13015",0,0,0,0,0.229057965412026,82.12
"13017",0,0,0,0,0.0934698992773415,15.78
"13019",0,0,0,0,0.106853271502575,23.89
"13021",0,0,0,0,0.234846105859605,83.36
"13023",0,0,0,0,0.0948449496361967,16.54
"13025",0,0,0,0,0.0944681096671638,16.29
"13027",0,0,0,0,0.105925401815224,23.42
"13029",0,0,0,0,0.17669806369322,65.16
"13031",0,0,0,0,0.209252173538375,77.06
"13033",0,0,0,0,0.111344859182408,26.82
"13035",0,0,0,0,0.113738870144965,28.57
"13037",0,0,0,0,0.0649125382504218,3.44
"13039",0,0,0,0,0.126068188859177,36.88
"13043",0,0,0,0,0.118855510440851,32.07
"13045",0,0,0,0,0.182551888540953,67.61
"13047",0,0,0,0,0.191356527681673,71.01
"13049",0,0,0,0,0.0961245552868335,17.24
"13051",0,0,0,0,0.251968423083513,87.02
"13053",0,0,0,0,0.0298830638693466,0.16
"13055",0,0,0,0,0.0985308984202212,18.68
"13057",0,0,0,0,0.292643058741854,93.67
"13059",0,0,0,0,0.174129591519659,63.79
"13061",0,0,0,0,0.0777045814206358,7.45
"13063",0,0,0,0,0.174983191202194,64.33
"13065",0,0,0,0,0.104809295750534,22.72
"13067",0,0,0,0,0.306377240332636,95.48
"13069",0,0,0,0,0.14384544843995,47.95
"13071",0.000107043459644616,0.649189252300392,1,0,0.137589027237756,44.38
"13073",0,0,0,0,0.223146616089051,80.85
"13075",0,0,0,0,0.117119875757413,31.05
"13077",0,0,0,0,0.221228235495822,80.34
"13079",0,0,0,0,0.0895427792993149,13.65
"13081",0,0,0,0,0.132335769984206,41.04
"13083",0,0,0,0,0.103801579219941,22.14
"13085",0,0,0,0,0.160495940807472,57.33
"13087",0,0,0,0,0.136177968365305,43.37
"13089",1.12665583199308e-05,0.0683285891169582,1,0,0.270729288902133,90.42
"13091",0,0,0,0,0.111616464949675,27.11
"13093",0,0,0,0,0.0867662521501577,11.68
"13095",0,0,0,0,0.193693322742955,71.94
"13097",0,0,0,0,0.217255057523775,79.48
"13099",0,0,0,0,0.0906116263847886,14.16
"13101",0,0,0,0,0.071627215805785,5.12
"13103",0,0,0,0,0.1573100228741,55.36
"13105",0,0,0,0,0.124909486710225,36.02
"13107",0,0,0,0,0.120925841346376,33.34
"13109",0,0,0,0,0.0919764156022505,14.99
"13111",0,0,0,0,0.186746221268061,69.27
"13113",8.99766060824186e-05,0.545683461849042,1,0,0.278682132651381,91.57
"13115",0,0,0,0,0.169975412416208,62.33
"13117",9.90206854211845e-06,0.060053332491561,1,0,0.284779858489945,92.52
"13119",0,0,0,0,0.13826621886086,44.77
"13121",0.000133241393529915,0.8080725429496,1,0,0.28607352514677,92.75
"13123",0,0,0,0,0.182310736376458,67.55
"13125",0,0,0,0,0.0875719060104647,12.34
"13127",0,0,0,0,0.224479086664246,81.07
"13129",0,0,0,0,0.119415775170118,32.23
"13131",0,0,0,0,0.124954043244201,36.08
"13133",0,0,0,0,0.136553993004409,43.53
"13135",2.90586560148065e-05,0.176232786512477,1,0,0.399872185735235,99.87
"13137",5.81665891112145e-05,0.3527644250227,1,0,0.161266771962304,57.62
"13139",0,0,0,0,0.225817690616333,81.39
"13141",0,0,0,0,0.118390203434527,31.78
"13143",0,0,0,0,0.12879919774399,38.98
"13145",0,0,0,0,0.131906401276141,40.76
"13147",0,0,0,0,0.122059183914219,34.11
"13149",0,0,0,0,0.0986352829520704,18.8
"13151",0,0,0,0,0.189097836836191,70.22
"13153",0,0,0,0,0.136012742813193,43.18
"13155",0,0,0,0,0.0832811026910772,9.83
"13157",0,0,0,0,0.143013288791752,47.57
"13159",0,0,0,0,0.135875795171078,43.08
"13161",0,0,0,0,0.107008450151424,23.93
"13163",0,0,0,0,0.10873944146877,24.91
"13165",0,0,0,0,0.086866072411411,11.8
"13167",0,0,0,0,0.0974840250086903,17.88
"13169",0,0,0,0,0.13606095200739,43.27
"13171",0,0,0,0,0.113787098746578,28.64
"13173",0,0,0,0,0.0976441205194185,18.04
"13175",0,0,0,0,0.172886817093298,63.22
"13177",0.00200915280723295,12.1849612579333,1,1,0.165636432628089,60.07
"13179",0,0,0,0,0.0691731120940643,4.17
"13181",0,0,0,0,0.126887141986205,37.54
"13183",0,0,0,0,0.113466233417669,28.38
"13185",0.000340340015882534,2.0640689414582,1,1,0.216309826383258,79.26
"13187",0,0,0,0,0.174576693541945,64.17
"13189",0,0,0,0,0.131109399082562,40.25
"13191",0,0,0,0,0.127903739758296,38.28
"13193",0,0,0,0,0.0958589223566501,17.02
"13195",0,0,0,0,0.156269282300479,54.69
"13197",0,0,0,0,0.0740993212935537,5.92
"13199",0,0,0,0,0.124900323345248,35.98
"13201",0,0,0,0,0.076569503555677,6.94
"13205",0,0,0,0,0.107850227120301,24.59
"13207",0,0,0,0,0.131238651548732,40.28
"13209",0,0,0,0,0.0996298401512404,19.6
"13211",0,0,0,0,0.150756500890329,51.73
"13213",0,0,0,0,0.112743691236216,27.87
"13215",0,0,0,0,0.207940926035462,76.74
"13217",0,0,0,0,0.20623273332772,76.14
"13219",0,0,0,0,0.205335811150851,75.72
"13221",0,0,0,0,0.109789880495679,25.64
"13223",0,0,0,0,0.245989731705408,85.71
"13225",0,0,0,0,0.115915635702323,29.97
"13227",0,0,0,0,0.197139842967643,73.05
"13229",0,0,0,0,0.131854633426505,40.73
"13231",0,0,0,0,0.149771608615765,51.22
"13233",0,0,0,0,0.138530877951397,44.89
"13235",0,0,0,0,0.0887695633915704,13.04
"13237",0,0,0,0,0.154737416459768,53.74
"13239",0,0,0,0,0.0608906459313268,2.55
"13241",0,0,0,0,0.15828882369295,56.03
"13243",0,0,0,0,0.0985955203687133,18.77
"13245",0,0,0,0,0.181350504866154,67.07
"13247",0,0,0,0,0.228396858534409,81.93
"13249",0,0,0,0,0.109007474789426,25.1
"13251",0,0,0,0,0.105394332035533,23.13
"13253",0,0,0,0,0.0826256203000285,9.48
"13255",0,0,0,0,0.168390240831474,61.6
"13257",0,0,0,0,0.14425422347184,48.27
"13259",0,0,0,0,0.0446357541082201,0.6
"13261",0,0,0,0,0.146813673233208,49.63
"13263",0,0,0,0,0.0836839552346855,10.12
"13265",0,0,0,0,0.0392378886780169,0.41
"13267",0,0,0,0,0.0922567301236255,15.11
"13269",0,0,0,0,0.107817825867881,24.47
"13271",0,0,0,0,0.099227519407303,19.19
"13273",0,0,0,0,0.108888513030793,25.04
"13275",0,0,0,0,0.202133706533603,74.51
"13277",0,0,0,0,0.149260274479894,51
"13279",0,0,0,0,0.134693694469701,42.51
"13281",0,0,0,0,0.125852010904321,36.72
"13283",0,0,0,0,0.100614972544094,20.11
"13285",0,0,0,0,0.132540931065936,41.2
"13287",0,0,0,0,0.117059518241766,30.99
"13289",0,0,0,0,0.08140909503015,8.85
"13291",0,0,0,0,0.170016315729484,62.36
"13293",0,0,0,0,0.124259291392259,35.54
"13295",0,0,0,0,0.131322820459213,40.38
"13297",0,0,0,0,0.216200650618112,79.16
"13299",0,0,0,0,0.152156717593019,52.5
"13301",0,0,0,0,0.123165107482913,34.97
"13303",0,0,0,0,0.115463593422765,29.72
"13305",0,0,0,0,0.143993971948269,48.08
"13307",0,0,0,0,0.10022135121452,19.85
"13309",0,0,0,0,0.105533808369802,23.23
"13311",0,0,0,0,0.193607996926151,71.87
"13313",0,0,0,0,0.174870519703783,64.24
"13315",0,0,0,0,0.0884935799159522,12.82
"13317",0,0,0,0,0.112133668995661,27.46
"13319",0,0,0,0,0.0768160296403525,7.1
"13321",0.000253807106598985,1.53927055710413,1,1,0.145666367888874,48.97
"15001",0,0,0,0,0.261566602914444,89.02
"15003",3.29148875865159e-05,0.199619774368125,1,0,0.261635349645266,89.06
"15007",0,0,0,0,0.208130056356385,76.81
"15009",0.000117133051433123,0.710379861898991,1,0,0.26743375452428,90.01
"16001",0.000192684814261162,1.16858060188954,1,1,0.38809773709152,99.68
"16003",0,0,0,0,0.131464252260429,40.44
"16005",0,0,0,0,0.26680625841605,89.95
"16007",0,0,0,0,0.14046929969412,46.17
"16009",0,0,0,0,0.126601009729613,37.42
"16011",0,0,0,0,0.188132772463371,69.77
"16013",0.000116672500291681,0.707586745419468,1,0,0.240141963259928,84.51
"16015",0,0,0,0,0.148840009123928,50.65
"16017",0.000102764361319494,0.623237693452909,1,0,0.287357367642167,93
"16019",0.000335977328834159,2.03761043990791,1,1,0.34047559012981,98.15
"16021",0,0,0,0,0.162982609651455,58.61
"16023",0,0,0,0,0.022182141287343,0.1
"16025",0,0,0,0,0.117030899670378,30.93
"16027",9.7264910710812e-05,0.589885032388268,1,0,0.305963229006733,95.45
"16029",0,0,0,0,0.107422027296854,24.21
"16031",0,0,0,0,0.151352105750495,52.02
"16033",0,0,0,0,0.0684257630170723,4.1
"16035",0,0,0,0,0.138979433234541,45.18
"16037",0.00106382978723404,6.45183616488325,1,1,0.139410960115601,45.56
"16039",0,0,0,0,0.114445067813174,28.92
"16041",0,0,0,0,0.167245837427878,60.9
"16043",0,0,0,0,0.161944337223209,58.03
"16045",0,0,0,0,0.207442791467284,76.58
"16047",0.000123670541676973,0.750027948922862,1,0,0.107401028031591,24.12
"16049",0,0,0,0,0.193125554432442,71.65
"16051",0,0,0,0,0.181331909018956,67.04
"16053",0,0,0,0,0.120036298461317,32.61
"16055",0,0,0,0,0.353243528719194,98.73
"16057",5.65323082141444e-05,0.342852959183123,1,0,0.200185770373638,73.97
"16059",0,0,0,0,0.178072916825538,65.8
"16061",0,0,0,0,0.102966423734381,21.54
"16063",0,0,0,0,0.0949841865886904,16.67
"16065",0,0,0,0,0.158990816246764,56.51
"16067",0,0,0,0,0.130801916675485,40.06
"16069",0,0,0,0,0.185358531030341,68.92
"16071",0,0,0,0,0.0982399466548892,18.49
"16073",0.000455580865603645,2.76297311844659,1,1,0.116030838458395,30.19
"16075",0,0,0,0,0.162853764338551,58.51
"16077",0,0,0,0,0.0676818110432963,3.75
"16079",0,0,0,0,0.146438477904235,49.41
"16081",0.000501672240802676,3.042504679761,1,1,0.222594607725337,80.66
"16083",0,0,0,0,0.273655480017486,90.96
"16085",0.00203857613297789,12.3634056664377,1,1,0.190697629973836,70.86
"16087",0,0,0,0,0.144962539171276,48.55
"17001",0,0,0,0,0.223382134215653,80.88
"17003",0,0,0,0,0.0649604142378003,3.53
"17005",0,0,0,0,0.11084695909543,26.38
"17007",0,0,0,0,0.161842114150737,57.94
"17009",0,0,0,0,0.0604983823337822,2.39
"17011",0.000605745932848737,3.67368310530736,1,1,0.15729243265954,55.33
"17013",0,0,0,0,0.106845029482902,23.83
"17015",0,0,0,0,0.128019667532824,38.4
"17017",0,0,0,0,0.0936883206725495,16
"17019",0,0,0,0,0.175808387633435,64.84
"17021",0.000283446712018141,1.71902664257094,1,1,0.153687899137711,53.45
"17023",0.000813504169208867,4.93367988203397,1,1,0.120804511679513,33.25
"17025",0,0,0,0,0.10324245022557,21.89
"17027",7.37354372511429e-05,0.447185223048979,1,0,0.157630844369807,55.71
"17029",0,0,0,0,0.136079606379869,43.3
"17031",5.50926633877114e-05,0.334121907780702,1,0,0.394082842932421,99.84
"17033",0,0,0,0,0.123881543294093,35.35
"17035",0.000606796116504854,3.68005218142613,1,1,0.0981178767508159,18.42
"17037",9.90246076149923e-05,0.600557111946354,1,0,0.207122630280303,76.49
"17039",0,0,0,0,0.101452347737816,20.55
"17041",0,0,0,0,0.148140215809296,50.3
"17043",2.54417891863416e-05,0.154297480237468,1,0,0.388864524673721,99.71
"17045",0,0,0,0,0.0774215506774453,7.32
"17047",0,0,0,0,0.0975286640818986,17.94
"17049",0,0,0,0,0.190512200620655,70.7
"17051",0,0,0,0,0.163033095061612,58.67
"17053",0,0,0,0,0.100846002085104,20.24
"17055",9.96810207336523e-05,0.604538077650544,1,0,0.157052921633735,55.23
"17057",0.000205867215645908,1.24852825424401,1,1,0.162430016707977,58.32
"17059",0,0,0,0,0.0885506054433519,12.85
"17061",0,0,0,0,0.0836198803669845,10.09
"17063",0,0,0,0,0.151490205124901,52.08
"17065",0,0,0,0,0.104854003586323,22.78
"17067",0.000195733020160501,1.18706713544534,1,1,0.14258741213239,47.22
"17069",0.00332225913621262,20.1485913454826,1,1,0.0674820447834472,3.72
"17071",0,0,0,0,0.0968567134365077,17.56
"17073",0,0,0,0,0.154966216721924,53.83
"17075",0.00139681061576068,8.47127365148214,1,1,0.13888250985167,45.12
"17077",0,0,0,0,0.155953907632349,54.47
"17079",0.00157418339236521,9.54699094055924,1,1,0.116468976179423,30.45
"17081",0,0,0,0,0.135954564238435,43.14
"17083",0,0,0,0,0.130230453864773,39.77
"17085",0.00164628410159925,9.98426198610814,1,1,0.211169326582165,77.79
"17087",0.000326157860404436,1.97805805446519,1,1,0.097104874896495,17.72
"17089",0.00078134055715592,4.73861638792368,1,1,0.377818357182041,99.55
"17091",0.000857086345955212,5.19799384226579,1,1,0.222198291204884,80.56
"17093",5.68812036062683e-05,0.344968914137269,1,0,0.234937328697742,83.46
"17095",0,0,0,0,0.156963367734822,55.11
"17097",4.3043382348985e-05,0.261046319844194,1,0,0.263701452581983,89.31
"17099",0.000165020391805559,1.00080345988665,1,1,0.251142933198008,86.89
"17101",0,0,0,0,0.0829810404988313,9.61
"17103",0,0,0,0,0.159233511885178,56.6
"17105",0.000128081972462376,0.776782067882198,1,0,0.138313818696607,44.8
"17107",0,0,0,0,0.115044272835112,29.3
"17109",0,0,0,0,0.113225593862164,28.19
"17111",0,0,0,0,0.316155168251246,96.63
"17113",0.000195424997942895,1.18519906509519,1,1,0.169058808341095,61.92
"17115",0.000288119199028627,1.74736399600468,1,1,0.206511829055385,76.33
"17117",0.000170779608914696,1.03573153359922,1,1,0.152390250479142,52.75
"17119",0.000190066436859066,1.15270086039435,1,1,0.262929812766405,89.18
"17121",0,0,0,0,0.147095920429205,49.76
"17123",0.000319795330988168,1.93947105692045,1,1,0.099089912390976,19.12
"17125",0.000601322910402886,3.64685868610358,1,1,0.116183981811814,30.35
"17127",0,0,0,0,0.101704150678072,20.87
"17129",0.000456829602558246,2.77054636591606,1,1,0.130884439972248,40.18
"17131",0,0,0,0,0.107735698914356,24.4
"17133",0,0,0,0,0.180607641405994,66.85
"17135",0.0014223305902672,8.6260453042633,1,1,0.141260523129145,46.52
"17137",0,0,0,0,0.148836904986525,50.62
"17139",0.00119904076738609,7.27185371101949,1,1,0.125450154711458,36.4
"17141",0.000180733779143322,1.09610084854333,1,1,0.169302096344575,61.98
"17143",0,0,0,0,0.200182894268344,73.94
"17145",0,0,0,0,0.110748762033834,26.31
"17147",0.000228571428571429,1.3862230845692,1,1,0.135210670201297,42.79
"17149",0.000432806751785328,2.62485435835977,1,1,0.148562650948544,50.52
"17151",0,0,0,0,0.0832837801636055,9.86
"17153",0,0,0,0,0.0596773222128401,2.1
"17155",0,0,0,0,0.0992528473196994,19.25
"17157",0,0,0,0,0.125208471578579,36.27
"17159",0,0,0,0,0.129605479576389,39.52
"17161",0,0,0,0,0.215595115168363,79.03
"17163",0.000152306974707523,0.923700068727039,1,0,0.266161887845625,89.76
"17165",0.000772115596735054,4.6826695306565,1,1,0.116175360130408,30.32
"17167",0.000161822543991107,0.98140938911832,1,0,0.152261444936692,52.56
"17169",0,0,0,0,0.0855681077712977,11.04
"17171",0,0,0,0,0.109537388501224,25.49
"17173",0.00139057882843734,8.43347956890702,1,1,0.129542084377858,39.42
"17175",0.00146986771190593,8.91434492159274,1,1,0.0861903765756635,11.42
"17177",0.000467071461933676,2.83266043670727,1,1,0.169474298616955,62.04
"17179",3.91611677860234e-05,0.237501752266071,1,0,0.204415177894871,75.44
"17181",0.000287894054987765,1.74599855908745,1,1,0.114790568858946,29.18
"17183",0.000352995163966254,2.14081894701199,1,1,0.174460210772699,64.02
"17185",0,0,0,0,0.0976911602494052,18.1
"17187",0,0,0,0,0.0897177353414681,13.74
"17189",0,0,0,0,0.106281412122942,23.54
"17191",0,0,0,0,0.131961210008447,40.85
"17193",0,0,0,0,0.101164545341643,20.36
"17195",0,0,0,0,0.194241039240847,72.16
"17197",8.6358470556943e-05,0.523740461274293,1,0,0.324900590496195,97.2
"17199",0.000159810784031706,0.969208616196864,1,0,0.171768137764936,62.9
"17201",0,0,0,0,0.258221080903689,88.55
"17203",0.000232558139534884,1.41040139418378,1,1,0.145006386397004,48.65
"18001",0,0,0,0,0.178245338982059,65.89
"18003",0,0,0,0,0.31296656608487,96.25
"18005",0,0,0,0,0.163541644078797,58.96
"18007",0,0,0,0,0.136608611094457,43.62
"18009",0,0,0,0,0.113387895867564,28.35
"18011",0.000343802455154003,2.08506768691396,1,1,0.189745567490377,70.41
"18013",0,0,0,0,0.172763057989005,63.16
"18015",0,0,0,0,0.133316987344678,41.62
"18017",0,0,0,0,0.138605586404242,44.96
"18019",0,0,0,0,0.249893171896101,86.54
"18021",0,0,0,0,0.136527628807592,43.49
"18023",0,0,0,0,0.133560579275874,41.81
"18025",0,0,0,0,0.105327010564785,23.1
"18027",0,0,0,0,0.158244996534841,56
"18029",0,0,0,0,0.187209979887765,69.42
"18031",0,0,0,0,0.147370989610214,49.86
"18033",0,0,0,0,0.163404593284442,58.86
"18035",0,0,0,0,0.233122298639235,82.98
"18037",0,0,0,0,0.160868888172644,57.49
"18039",0,0,0,0,0.246162921795015,85.81
"18041",0,0,0,0,0.134065871583847,42.16
"18043",0,0,0,0,0.204068434437679,75.25
"18045",0.00403863037752414,24.493186634728,1,1,0.140009754441311,45.85
"18047",0,0,0,0,0.155715974571831,54.31
"18049",0,0,0,0,0.162233164186294,58.26
"18051",0,0,0,0,0.109861090690974,25.74
"18053",0,0,0,0,0.157615499273052,55.68
"18055",0,0,0,0,0.162214159169396,58.22
"18057",0,0,0,0,0.277348777590701,91.44
"18059",0,0,0,0,0.209454701895795,77.16
"18061",0,0,0,0,0.169735184985896,62.14
"18063",0,0,0,0,0.169573342690721,62.11
"18065",0,0,0,0,0.173504484799803,63.38
"18067",0,0,0,0,0.192515806098314,71.56
"18069",0,0,0,0,0.17729798381601,65.54
"18071",0,0,0,0,0.156490063237292,54.85
"18073",0,0,0,0,0.144821940242218,48.46
"18075",0,0,0,0,0.118286145049335,31.69
"18077",0,0,0,0,0.150352395131447,51.57
"18079",0,0,0,0,0.125791003044875,36.68
"18081",0,0,0,0,0.239467209365008,84.41
"18083",0,0,0,0,0.138752837646476,45.02
"18085",0,0,0,0,0.213918001148391,78.33
"18087",0,0,0,0,0.216840153093286,79.38
"18089",1.8839132646333e-05,0.114254177483285,1,0,0.292949102464939,93.76
"18091",0,0,0,0,0.245042767398839,85.59
"18093",0,0,0,0,0.173938951935336,63.63
"18095",2.23124637422464e-05,0.135318978869879,1,0,0.236679267899527,83.93
"18097",6.73884062641919e-05,0.408692219231409,1,0,0.302097655264635,94.75
"18099",0,0,0,0,0.199538375046376,73.75
"18101",0,0,0,0,0.057218001736,1.81
"18103",0,0,0,0,0.152264273502009,52.59
"18105",0.000413260496170883,2.50631167383013,1,1,0.194963694959854,72.45
"18107",0.000518313752591569,3.14343088890304,1,1,0.163011451478547,58.64
"18109",0,0,0,0,0.211605125077652,77.89
"18111",0,0,0,0,0.107409634428919,24.18
"18113",0,0,0,0,0.196412539448271,72.86
"18115",0,0,0,0,0.108513515854636,24.79
"18117",0,0,0,0,0.117836278406076,31.47
"18119",0,0,0,0,0.120531336751364,32.99
"18121",0,0,0,0,0.147944701226501,50.17
"18123",0,0,0,0,0.111001492962451,26.57
"18125",0,0,0,0,0.107778775928862,24.44
"18127",0,0,0,0,0.273700011714131,91
"18129",0.000602954476936991,3.65675369007553,1,1,0.147783550678998,50.11
"18131",0,0,0,0,0.101692605574506,20.84
"18133",0,0,0,0,0.14495620643893,48.52
"18135",0,0,0,0,0.144043633057677,48.14
"18137",0,0,0,0,0.169416331093449,62.01
"18139",0,0,0,0,0.143745916652325,47.85
"18141",0,0,0,0,0.269543213906747,90.2
"18143",0,0,0,0,0.10041609991257,20.04
"18145",0,0,0,0,0.153766027585525,53.48
"18147",0,0,0,0,0.126238257671707,37
"18149",0,0,0,0,0.123343701034699,35.06
"18151",0,0,0,0,0.189047186782746,70.19
"18153",0,0,0,0,0.111427558953237,26.95
"18155",0,0,0,0,0.113827436688354,28.7
"18157",0.000123862607784289,0.751192777236657,1,0,0.174434806108208,63.98
"18159",0,0,0,0,0.120589762280004,33.06
"18161",0,0,0,0,0.168453729978759,61.63
"18163",0.000183030461498235,1.11002959772341,1,1,0.298643488622351,94.34
"18165",0.00168456517161508,10.2164261865492,1,1,0.103837854467087,22.21
"18167",0,0,0,0,0.235764655824703,83.65
"18169",0,0,0,0,0.173005839944793,63.25
"18171",0,0,0,0,0.152402864257463,52.78
"18173",0,0,0,0,0.204986982877074,75.56
"18175",0,0,0,0,0.157371079793473,55.46
"18177",0,0,0,0,0.187341552600094,69.49
"18179",0,0,0,0,0.15649231362708,54.88
"18181",0,0,0,0,0.149638143968127,51.16
"18183",0,0,0,0,0.159546320183823,56.79
"19001",0,0,0,0,0.0918026518566827,14.83
"19003",0,0,0,0,0.0927518476017912,15.46
"19005",0,0,0,0,0.144042728565155,48.11
"19007",0,0,0,0,0.14786020497967,50.14
"19009",0,0,0,0,0.0937091175853604,16.04
"19011",0,0,0,0,0.1829884263258,67.74
"19013",0,0,0,0,0.226231800768672,81.55
"19015",0,0,0,0,0.16551161944779,59.97
"19017",0,0,0,0,0.137791616771868,44.45
"19019",0,0,0,0,0.169882601013902,62.3
"19021",0,0,0,0,0.115144683880888,29.46
"19023",0,0,0,0,0.125080142346276,36.21
"19025",0,0,0,0,0.103065004678194,21.6
"19027",0,0,0,0,0.162482394616987,58.38
"19029",0,0,0,0,0.141941241215755,46.9
"19031",0.000156961230576048,0.951926855280216,1,0,0.150400141427563,51.61
"19033",0,0,0,0,0.214122296465524,78.49
"19035",0,0,0,0,0.1270139402961,37.73
"19037",0,0,0,0,0.110954340955156,26.5
"19039",0,0,0,0,0.0832010254644396,9.77
"19041",0,0,0,0,0.193465695001599,71.75
"19043",0,0,0,0,0.152124248997671,52.43
"19045",0,0,0,0,0.17926793918925,66.37
"19047",0,0,0,0,0.11603170956205,30.23
"19049",1.60947659821026e-05,0.0976103456349427,1,0,0.142614707803099,47.25
"19051",0,0,0,0,0.136114496135722,43.33
"19053",0,0,0,0,0.127332382911814,37.99
"19055",0,0,0,0,0.146008086919078,49.19
"19057",0,0,0,0,0.195889062173293,72.7
"19059",0,0,0,0,0.165524283483487,60.01
"19061",0.000125283846214079,0.759812198886885,1,0,0.271967766297161,90.68
"19063",0,0,0,0,0.122317204086412,34.23
"19065",0.000120787534726416,0.732543301726085,1,0,0.135885241337021,43.11
"19067",0,0,0,0,0.125292395974056,36.3
"19069",0,0,0,0,0.113563422488672,28.48
"19071",0,0,0,0,0.0854798009673491,10.88
"19073",0,0,0,0,0.105162834609161,22.94
"19075",0,0,0,0,0.0970323791851013,17.63
"19077",0,0,0,0,0.139312181536712,45.47
"19079",0.00014172335600907,0.859513321285468,1,0,0.123516288553603,35.22
"19081",0,0,0,0,0.0932151133293291,15.65
"19083",0,0,0,0,0.126957746705238,37.61
"19085",0,0,0,0,0.11648591942817,30.48
"19087",0,0,0,0,0.143074020876403,47.63
"19089",0,0,0,0,0.121050517535391,33.41
"19091",0,0,0,0,0.114413553836355,28.89
"19093",0,0,0,0,0.0880107454102006,12.66
"19095",0,0,0,0,0.111036806959728,26.6
"19097",0,0,0,0,0.165599398162713,60.04
"19099",0,0,0,0,0.201265836222221,74.26
"19101",0,0,0,0,0.167480663026462,61.09
"19103",2.03829965043161e-05,0.123617288755521,1,0,0.151159290679321,51.86
"19105",0,0,0,0,0.16470188995437,59.4
"19107",0,0,0,0,0.105116044301912,22.91
"19109",0,0,0,0,0.139986472081877,45.82
"19111",0,0,0,0,0.147078951470911,49.73
"19113",2.1997360316762e-05,0.133407962934234,1,0,0.295495019278301,93.95
"19115",0,0,0,0,0.086031993524645,11.26
"19117",0,0,0,0,0.11071960911526,26.25
"19119",0,0,0,0,0.114474028012336,28.95
"19121",0,0,0,0,0.176268359673959,64.94
"19123",0,0,0,0,0.142490373409759,47.15
"19125",0,0,0,0,0.141837111295657,46.83
"19127",0,0,0,0,0.151313064378789,51.99
"19129",0,0,0,0,0.151238897499163,51.92
"19131",0.00166910077195911,10.1226388399587,1,1,0.12812915418762,38.47
"19133",0,0,0,0,0.103198636436051,21.86
"19135",0,0,0,0,0.109106362760616,25.23
"19137",0,0,0,0,0.112550832983752,27.68
"19139",0,0,0,0,0.149796596036454,51.29
"19141",0,0,0,0,0.134308307915183,42.25
"19143",0,0,0,0,0.088263300594936,12.69
"19145",0,0,0,0,0.118381025368564,31.75
"19147",0,0,0,0,0.100241316746479,19.92
"19149",0,0,0,0,0.131928456085589,40.82
"19151",0,0,0,0,0.0804874485245387,8.37
"19153",6.06755792350832e-05,0.3679807626481,1,0,0.315039955849851,96.53
"19155",0,0,0,0,0.193648578639476,71.91
"19157",0,0,0,0,0.0979694964331815,18.36
"19159",0,0,0,0,0.107213797792374,24.05
"19161",0,0,0,0,0.123113722265656,34.93
"19163",0,0,0,0,0.295057076905589,93.92
"19165",0,0,0,0,0.130498309788962,39.9
"19167",0,0,0,0,0.144597885418191,48.39
"19169",0,0,0,0,0.153009459087991,53.04
"19171",0,0,0,0,0.109482624810493,25.45
"19173",0,0,0,0,0.0730406510166293,5.63
"19175",0,0,0,0,0.112995124838266,28.06
"19177",0.000854335753951303,5.18131225543807,1,1,0.122802787902525,34.55
"19179",0,0,0,0,0.166117888782285,60.39
"19181",0,0,0,0,0.186690938409631,69.23
"19183",0,0,0,0,0.168735481988202,61.72
"19185",0.000782166601486116,4.74362612044604,1,1,0.0987947645131325,18.87
"19187",0,0,0,0,0.156989421247845,55.14
"19189",0,0,0,0,0.121064827166582,33.44
"19191",0.000157467915912133,0.954999763009253,1,0,0.158400845040064,56.12
"19193",3.55606130649692e-05,0.215665374452909,1,0,0.238467012308044,84.19
"19195",0,0,0,0,0.102628442695274,21.44
"19197",0,0,0,0,0.0746545933839022,6.17
"20001",0,0,0,0,0.108762786762418,24.94
"20003",0,0,0,0,0.125393121295079,36.33
"20005",0,0,0,0,0.127668023253677,38.21
"20007",0,0,0,0,0.0824725504994143,9.39
"20009",0,0,0,0,0.161525811056375,57.68
"20011",0,0,0,0,0.126482648780976,37.19
"20013",0,0,0,0,0.090785383120728,14.38
"20015",0,0,0,0,0.177223355841529,65.48
"20017",0,0,0,0,0.0694404351051648,4.26
"20019",0,0,0,0,0.0725251214614947,5.5
"20021",0,0,0,0,0.105179959080425,23
"20023",0,0,0,0,0.0646246592844692,3.34
"20025",0,0,0,0,0.0659506697045662,3.6
"20027",0,0,0,0,0.122679982083732,34.49
"20029",0,0,0,0,0.126970555259814,37.7
"20031",0,0,0,0,0.0868154637979097,11.74
"20033",0,0,0,0,0.0708328271049521,4.71
"20035",0,0,0,0,0.126436296117074,37.16
"20037",0,0,0,0,0.143023135523398,47.6
"20039",0,0,0,0,0.0677340439689832,3.82
"20041",0,0,0,0,0.1288569183948,39.04
"20043",0,0,0,0,0.0853358168332785,10.75
"20045",0,0,0,0,0.21759779997451,79.57
"20047",0,0,0,0,0.0710838366836947,4.9
"20049",0,0,0,0,0.0742471014763936,6.01
"20051",0,0,0,0,0.170204928035712,62.46
"20053",0,0,0,0,0.0823332673069367,9.32
"20055",0.00103905100008659,6.30155961034575,1,1,0.173842663500405,63.54
"20057",0,0,0,0,0.138779307217909,45.05
"20059",0,0,0,0,0.134224417255052,42.22
"20061",6.81918919840431e-05,0.413565139963194,1,0,0.0601484256340743,2.32
"20063",0,0,0,0,0.0561150499720057,1.65
"20065",0,0,0,0,0.0776184662114791,7.41
"20067",0,0,0,0,0.100232127230275,19.89
"20069",0,0,0,0,0.0734718867198843,5.7
"20071",0,0,0,0,0.0597830908675782,2.2
"20073",0,0,0,0,0.0946046500025455,16.42
"20075",0,0,0,0,0.0487298783267894,0.89
"20077",0,0,0,0,0.102306604210128,21.16
"20079",0,0,0,0,0.155170903925312,54.02
"20081",0,0,0,0,0.0585284461327427,1.94
"20083",0,0,0,0,0.0496818787118198,0.99
"20085",0,0,0,0,0.0983489408926189,18.52
"20087",0,0,0,0,0.133792838593363,41.9
"20089",0.000952380952380952,5.77592951903834,1,1,0.0740540934376217,5.89
"20091",2.42902982119912e-06,0.0147314002992328,1,0,0.323430867419699,97.14
"20093",0,0,0,0,0.0458671911324778,0.73
"20095",0,0,0,0,0.0864333959071728,11.52
"20097",0,0,0,0,0.0567351075611062,1.72
"20099",0,0,0,0,0.101510537598091,20.68
"20101",0,0,0,0,0.0496405327199316,0.95
"20103",0,0,0,0,0.16521974966436,59.78
"20105",0,0,0,0,0.081026532554003,8.65
"20107",0,0,0,0,0.118882666553592,32.1
"20109",0,0,0,0,0.0712350854220428,5
"20111",0,0,0,0,0.143988740560352,48.04
"20113",0,0,0,0,0.129548688302889,39.45
"20115",0,0,0,0,0.110127513963228,25.96
"20117",0,0,0,0,0.10768736911524,24.34
"20119",0,0,0,0,0.0752750267932096,6.46
"20121",0,0,0,0,0.170537785742923,62.55
"20123",0,0,0,0,0.101897001850544,21.03
"20125",0,0,0,0,0.133315475179997,41.58
"20127",0,0,0,0,0.1023544006774,21.19
"20129",0,0,0,0,0.0571186091344841,1.75
"20131",0,0,0,0,0.111532475576012,27.08
"20133",0,0,0,0,0.145460207292516,48.9
"20135",0,0,0,0,0.0744417072942411,6.11
"20137",0,0,0,0,0.0888988049041659,13.11
"20139",0,0,0,0,0.116820913641561,30.77
"20141",0,0,0,0,0.0763884807213588,6.87
"20143",0,0,0,0,0.0804081561074306,8.27
"20145",0,0,0,0,0.07194228102236,5.19
"20147",0,0,0,0,0.0899541871209843,13.9
"20149",0,0,0,0,0.147478627927604,49.92
"20151",0,0,0,0,0.089526563165307,13.62
"20153",0,0,0,0,0.0736837443723406,5.79
"20155",0,0,0,0,0.209350942032087,77.09
"20157",0,0,0,0,0.0886546868825689,12.95
"20159",0,0,0,0,0.0767868613315033,7.03
"20161",0,0,0,0,0.180664145012376,66.88
"20163",0,0,0,0,0.0822567492400505,9.29
"20165",0,0,0,0,0.0563842693156314,1.69
"20167",0,0,0,0,0.0943065582568052,16.19
"20169",0,0,0,0,0.175647163884348,64.75
"20171",0,0,0,0,0.0825858701736516,9.45
"20173",6.76509885500702e-06,0.0410284708846399,1,0,0.282510637818963,92.2
"20175",0,0,0,0,0.113064132944137,28.13
"20177",0.000147615093643325,0.895245095671595,1,0,0.213066119410762,78.11
"20179",0,0,0,0,0.0824315996630503,9.35
"20181",0,0,0,0,0.113076398980561,28.16
"20183",0,0,0,0,0.0762201943593043,6.78
"20185",0,0,0,0,0.0692135183014607,4.2
"20187",0,0,0,0,0.0518723618166308,1.27
"20189",0,0,0,0,0.0736624346070206,5.76
"20191",0,0,0,0,0.113354076616451,28.32
"20193",0,0,0,0,0.110202443140417,25.99
"20195",0,0,0,0,0.0852254356699794,10.63
"20197",0,0,0,0,0.0855668791373345,11.01
"20199",0,0,0,0,0.0802862576852009,8.24
"20201",0,0,0,0,0.0947409046889724,16.51
"20203",0,0,0,0,0.0768888847548715,7.13
"20205",0,0,0,0,0.0913093487637678,14.57
"20207",0,0,0,0,0.0809683141565765,8.62
"20209",0,0,0,0,0.228569861503216,81.99
"21001",0,0,0,0,0.145330476972935,48.87
"21003",0,0,0,0,0.11771836792213,31.31
"21005",0,0,0,0,0.169039245948009,61.88
"21007",0,0,0,0,0.113305070873231,28.25
"21009",0,0,0,0,0.196994201198533,72.99
"21011",0,0,0,0,0.124382668889192,35.73
"21013",0,0,0,0,0.128305544177877,38.78
"21015",0,0,0,0,0.216233130381745,79.19
"21017",0,0,0,0,0.109841948424665,25.68
"21019",0,0,0,0,0.193562167455902,71.81
"21021",0,0,0,0,0.165138080748562,59.72
"21023",0,0,0,0,0.10905486328393,25.17
"21025",0,0,0,0,0.0994793343520385,19.5
"21027",0,0,0,0,0.159155017982561,56.57
"21029",3.08537225016198e-05,0.18711937289779,1,0,0.157277691344888,55.3
"21031",0,0,0,0,0.132519814260291,41.17
"21033",0,0,0,0,0.115246709921805,29.59
"21035",0,0,0,0,0.144221596987988,48.23
"21037",5.53955240416574e-05,0.335958674661548,1,0,0.229959527164642,82.37
"21039",0,0,0,0,0.0792573401414465,7.89
"21041",0,0,0,0,0.099364969482337,19.34
"21043",0,0,0,0,0.136922124172037,43.78
"21045",0,0,0,0,0.129034848505899,39.1
"21047",0,0,0,0,0.0910057677767917,14.51
"21049",0,0,0,0,0.156160877865269,54.6
"21051",0,0,0,0,0.121592979068948,33.82
"21053",0,0,0,0,0.111310160146996,26.79
"21055",0,0,0,0,0.121406287664535,33.73
"21057",0,0,0,0,0.0917849508944857,14.79
"21059",0,0,0,0,0.226479475906056,81.61
"21061",0.000464252553389044,2.81556452877914,1,1,0.120664692417595,33.12
"21063",0,0,0,0,0.0636747179280831,3.12
"21065",0,0,0,0,0.116602203671408,30.61
"21067",8.7639346561032e-06,0.0531508623272651,1,0,0.286172907604807,92.81
"21069",0,0,0,0,0.147616263245941,50.02
"21071",0,0,0,0,0.14634789463407,49.28
"21073",0.000160849284220685,0.975506835288766,1,0,0.139352718461343,45.53
"21075",0,0,0,0,0.087890255028266,12.44
"21077",0,0,0,0,0.0679679126508818,4.01
"21079",0,0,0,0,0.163381716318694,58.8
"21081",0.000156470035988108,0.948947894694142,1,0,0.138056758595121,44.61
"21083",0,0,0,0,0.164148314559731,59.18
"21085",0,0,0,0,0.153534096262042,53.39
"21087",0,0,0,0,0.121446394531601,33.76
"21089",0,0,0,0,0.159795022288529,56.95
"21091",0,0,0,0,0.0751638065829414,6.36
"21093",0.000184693911817052,1.12011796811332,1,1,0.17676674907682,65.26
"21095",0,0,0,0,0.103344092059586,21.99
"21097",0,0,0,0,0.124139963538322,35.51
"21099",0,0,0,0,0.115183493249838,29.56
"21101",0,0,0,0,0.159516957918802,56.73
"21103",0,0,0,0,0.136988524073439,43.81
"21105",0,0,0,0,0.0647031478561148,3.4
"21107",0,0,0,0,0.144091069307226,48.17
"21109",0,0,0,0,0.132717322748449,41.23
"21111",7.53920386007238e-06,0.0457232056317118,1,0,0.30744345733588,95.67
"21113",0,0,0,0,0.216891944239139,79.41
"21115",0,0,0,0,0.126508330231098,37.26
"21117",1.22568546459608e-05,0.0743344649881753,1,0,0.218887716579725,79.8
"21119",0,0,0,0,0.10148284599028,20.59
"21121",0,0,0,0,0.142230246312471,47.09
"21123",0,0,0,0,0.129894777784786,39.61
"21125",0,0,0,0,0.188288525834498,69.9
"21127",0,0,0,0,0.0838346617817588,10.15
"21129",0,0,0,0,0.0922155189846342,15.02
"21131",0,0,0,0,0.0721747306818284,5.35
"21133",0,0,0,0,0.0928202776453503,15.49
"21135",0,0,0,0,0.115454119208237,29.69
"21137",0,0,0,0,0.149121145744036,50.91
"21139",0,0,0,0,0.0936237528079418,15.91
"21141",0,0,0,0,0.152300480566821,52.69
"21143",0,0,0,0,0.106170808152232,23.51
"21145",0,0,0,0,0.214393828192102,78.59
"21147",0,0,0,0,0.101756136777791,20.94
"21149",0,0,0,0,0.090731786171335,14.29
"21151",0,0,0,0,0.184471659049061,68.41
"21153",0,0,0,0,0.107833635089595,24.56
"21155",0,0,0,0,0.0896573418430517,13.71
"21157",7.4482347683599e-05,0.451715030164625,1,0,0.174970746896264,64.3
"21159",0,0,0,0,0.0808527053178179,8.46
"21161",0,0,0,0,0.144552649662208,48.36
"21163",0,0,0,0,0.146512653555604,49.44
"21165",0,0,0,0,0.109876674637623,25.77
"21167",0,0,0,0,0.117330564114863,31.08
"21169",0,0,0,0,0.122638546147533,34.43
"21171",0,0,0,0,0.103113100140526,21.79
"21173",0,0,0,0,0.150018058565731,51.42
"21175",0,0,0,0,0.0944504809307413,16.26
"21177",0,0,0,0,0.132288895962629,41.01
"21179",0,0,0,0,0.148360022758601,50.37
"21181",0,0,0,0,0.111375026605714,26.85
"21183",0,0,0,0,0.109921522433692,25.84
"21185",0,0,0,0,0.239762221880111,84.44
"21187",0,0,0,0,0.115614146866971,29.84
"21189",0,0,0,0,0.0896486367011211,13.68
"21191",0,0,0,0,0.130434420395166,39.87
"21193",0,0,0,0,0.137951671186683,44.54
"21195",0,0,0,0,0.148961538152816,50.81
"21197",0,0,0,0,0.133757261522937,41.87
"21199",0,0,0,0,0.221130168363459,80.31
"21201",0,0,0,0,0.0678902974142637,3.98
"21203",0,0,0,0,0.102738809351464,21.51
"21205",0,0,0,0,0.117033038131091,30.96
"21207",0,0,0,0,0.116755728787424,30.73
"21209",2.85046462573399e-05,0.172872869134891,1,0,0.117755866692342,31.37
"21211",0,0,0,0,0.197922075835459,73.24
"21213",0,0,0,0,0.122049636776438,34.08
"21215",0,0,0,0,0.141752736033939,46.74
"21217",0,0,0,0,0.156842731318007,55.01
"21219",0,0,0,0,0.134885252877683,42.6
"21221",0,0,0,0,0.137076054126975,43.84
"21223",0,0,0,0,0.0909856724899714,14.44
"21225",0,0,0,0,0.0969567483708736,17.59
"21227",0,0,0,0,0.252400663546584,87.18
"21229",0,0,0,0,0.111136201579807,26.66
"21231",0,0,0,0,0.118444710671757,31.85
"21233",0,0,0,0,0.110350209614779,26.09
"21235",0,0,0,0,0.142984542485775,47.53
"21237",0,0,0,0,0.116524916844974,30.54
"21239",0,0,0,0,0.147557242255414,49.95
"22001",0,0,0,0,0.217489786614727,79.54
"22003",0,0,0,0,0.087543777195611,12.28
"22005",0,0,0,0,0.228783480640357,82.06
"22007",0,0,0,0,0.119765334086138,32.42
"22009",0,0,0,0,0.150293851290326,51.54
"22011",0,0,0,0,0.161748485627337,57.87
"22013",0,0,0,0,0.0832625450975197,9.8
"22015",0,0,0,0,0.229367632781547,82.21
"22017",8.14113471135607e-06,0.0493737513126787,1,0,0.266178317519854,89.79
"22019",1.02130440999244e-05,0.0619393140407935,1,0,0.230671464899507,82.53
"22021",0.000379939209726444,2.30422720174402,1,1,0.121086297496666,33.5
"22023",0,0,0,0,0.0854474133127246,10.85
"22025",0,0,0,0,0.147987663111051,50.21
"22027",0,0,0,0,0.114586691630423,29.05
"22029",0.000326797385620915,1.98193659967002,1,1,0.141605706916222,46.64
"22031",0,0,0,0,0.117448243399715,31.18
"22033",9.86326230688554e-06,0.0598179833079763,1,0,0.252454162864843,87.21
"22035",0,0,0,0,0.0893711026031747,13.49
"22037",0,0,0,0,0.121088757590047,33.53
"22039",0,0,0,0,0.125949720823831,36.78
"22041",0,0,0,0,0.124674719061722,35.92
"22043",0,0,0,0,0.0892124646349184,13.3
"22045",0,0,0,0,0.188437293057611,70
"22047",0,0,0,0,0.0988054878396249,18.9
"22049",0,0,0,0,0.103080068051309,21.64
"22051",4.74032499668177e-06,0.0287487722320781,1,0,0.350445999915037,98.66
"22053",0,0,0,0,0.164541766856289,59.34
"22055",1.30588365882484e-05,0.0791982657210797,1,0,0.294096181556101,93.83
"22057",0,0,0,0,0.155829817033414,54.41
"22059",0,0,0,0,0.0889867763045464,13.2
"22061",0,0,0,0,0.190784175454612,70.89
"22063",0,0,0,0,0.232015690308587,82.79
"22065",0,0,0,0,0.0862264549930591,11.45
"22067",0,0,0,0,0.145993587112574,49.16
"22069",0,0,0,0,0.140547982428877,46.2
"22071",6.79129446600052e-05,0.411873400875868,1,0,0.250340300245394,86.7
"22073",0,0,0,0,0.2433707659517,85.21
"22075",0,0,0,0,0.131282111875795,40.31
"22077",0,0,0,0,0.130650209731069,39.99
"22079",1.56934134743648e-05,0.0951762526481107,1,0,0.208495710700419,76.9
"22081",0,0,0,0,0.0919697438392151,14.95
"22083",0,0,0,0,0.118764062604307,32.04
"22085",0,0,0,0,0.124049281363335,35.44
"22087",0,0,0,0,0.180593171502137,66.82
"22089",0,0,0,0,0.165057584295164,59.62
"22091",0,0,0,0,0.119664098569015,32.36
"22093",0,0,0,0,0.123725816188118,35.28
"22095",0,0,0,0,0.166506427976309,60.61
"22097",7.32332478945441e-05,0.444139582203607,1,0,0.203931049016385,75.21
"22099",0,0,0,0,0.179062704892769,66.24
"22101",0,0,0,0,0.152991903644746,53.01
"22103",8.87335066594497e-06,0.0538144404464206,1,0,0.329016075115031,97.36
"22105",0,0,0,0,0.244273528017658,85.43
"22107",0,0,0,0,0.0741631004634742,5.95
"22109",0,0,0,0,0.192478078480196,71.52
"22111",0,0,0,0,0.129045336528943,39.17
"22113",0,0,0,0,0.178676222543209,66.15
"22115",0,0,0,0,0.0845790273739441,10.4
"22117",0,0,0,0,0.138624132016779,44.99
"22119",0,0,0,0,0.153514882321178,53.32
"22121",0,0,0,0,0.160205092499949,57.24
"22123",0,0,0,0,0.10453756963146,22.59
"22125",0,0,0,0,0.0809133987632298,8.53
"22127",0,0,0,0,0.0899834883710476,13.94
"23001",0.000710835687596829,4.31102367273526,1,1,0.302911100977412,94.97
"23003",6.74422525712359e-05,0.409018782329473,1,0,0.18797836858786,69.71
"23005",0.00039678145646477,2.40637081335198,1,1,0.355329249941515,98.89
"23007",0.000889104429356612,5.39217474498002,1,1,0.207928003963803,76.68
"23009",0.00190664036817883,11.5632514039919,1,1,0.244129406173924,85.4
"23011",7.06823675765843e-05,0.428669192029168,1,0,0.241266836550997,84.89
"23013",0.0011390062170756,6.90776061315392,1,1,0.285260331285051,92.59
"23015",0.00143110263050293,8.67924532471006,1,1,0.257701425936718,88.39
"23017",0.00063800549666274,3.86932852055719,1,1,0.206298551537304,76.2
"23019",0.000496475027306126,3.01098500396696,1,1,0.29911309860185,94.43
"23021",0.00110601990835835,6.70770768919763,1,1,0.183384621470109,67.96
"23023",0.00117096018735363,7.10155268734222,1,1,0.193290138999693,71.68
"23025",0.000483039931300988,2.92950482797941,1,1,0.226485927383568,81.64
"23027",0,0,0,0,0.240762954876626,84.66
"23029",0,0,0,0,0.184797490963399,68.72
"23031",0.00122421365749938,7.42452039205861,1,1,0.33304009893286,97.65
"24001",3.39696990284666e-05,0.206016916739937,1,0,0.194036886384047,72.06
"24003",1.40220201804914e-05,0.0850397102909045,1,0,0.224915776876348,81.23
"24005",4.06392312013674e-05,0.246465801883352,1,0,0.298128610683737,94.27
"24009",0.000152444834025687,0.924536147717559,1,0,0.255731473982948,87.81
"24011",0,0,0,0,0.168138032748559,61.47
"24013",1.48716575949555e-05,0.0901925284047211,1,0,0.255740366446504,87.85
"24015",2.41832120142197e-05,0.146664554544999,1,0,0.195950216203191,72.73
"24017",1.96707122764915e-05,0.119297480083212,1,0,0.229993914415435,82.44
"24019",0,0,0,0,0.170711103524754,62.62
"24021",1.62146823949086e-05,0.098337605820913,1,0,0.288459920040196,93.13
"24023",0,0,0,0,0.231183015858906,82.63
"24025",3.77212587584048e-05,0.228769098555851,1,0,0.258181294579949,88.48
"24027",1.5605493133583e-05,0.0946430398718829,1,0,0.290329451980452,93.35
"24029",0,0,0,0,0.188688605225236,70.12
"24031",4.10950715801429e-05,0.249230348878078,1,0,0.240267953853335,84.54
"24033",7.28440123522632e-05,0.441778975292162,1,0,0.255779913143315,87.88
"24035",0.000155658174648472,0.944024178123322,1,0,0.249983807912954,86.57
"24037",7.17295794853403e-05,0.435020245314463,1,0,0.119655816775688,32.33
"24039",0,0,0,0,0.119866045558683,32.45
"24041",0,0,0,0,0.249824250290455,86.48
"24043",1.42571998859424e-05,0.086466010764047,1,0,0.29247541501239,93.6
"24045",1.96920168563664e-05,0.119426686522592,1,0,0.235924393827059,83.74
"24047",0,0,0,0,0.206295864859065,76.17
"24510",0.000239428461092875,1.45206801193047,1,1,0.21981801722051,80.05
"25001",0.00106307899838305,6.44728283622188,1,1,0.306863817554075,95.58
"25003",0.000491023477059997,2.97792284547627,1,1,0.296143795863744,94.08
"25005",0.000185371433078941,1.12422694892245,1,1,0.35952891443521,99.11
"25007",0,0,0,0,0.225951996887905,81.51
"25009",9.82725863160883e-05,0.595996308826105,1,0,0.36274942565796,99.24
"25011",0.000376918859649123,2.28590960611612,1,1,0.281117131585458,91.92
"25013",0.000120748101571514,0.732304150446486,1,0,0.284323580900326,92.46
"25015",0.00102629078238834,6.22417238636948,1,1,0.25629914219501,88.07
"25017",9.16166036007234e-05,0.555629597430025,1,0,0.271695601705969,90.61
"25019",0.00293455932700773,17.7972982343449,1,1,0.212334099806878,77.95
"25021",1.294458165701e-05,0.0785053408695427,1,0,0.376989351567006,99.52
"25023",8.17925287069056e-05,0.496049275044757,1,0,0.36811248107221,99.36
"25025",0.000195958835667104,1.18843664461831,1,1,0.224821261161888,81.16
"25027",0.00017855481255517,1.08288601323395,1,1,0.354948759212109,98.85
"26001",0,0,0,0,0.153059584348647,53.1
"26003",0,0,0,0,0.128197853315416,38.59
"26005",0.000618745866137532,3.75252413865705,1,1,0.286740089998827,92.94
"26007",0,0,0,0,0.204588419630474,75.47
"26009",0.000161368404066484,0.978655154912096,1,0,0.184769160217538,68.66
"26011",0,0,0,0,0.133841003534818,41.97
"26013",0,0,0,0,0.0886991494134015,13.01
"26015",0,0,0,0,0.203588165897569,75.09
"26017",2.66808964781217e-05,0.161812326440508,1,0,0.245333895494831,85.68
"26019",0.000173250173250173,1.05071482934689,1,1,0.184599537654888,68.53
"26021",0.00060503209621486,3.66935388171771,1,1,0.274198067609554,91.12
"26023",0,0,0,0,0.168808480735132,61.79
"26025",0.000772953353945423,4.68775029858771,1,1,0.210687049558239,77.6
"26027",0,0,0,0,0.183335413501812,67.9
"26029",0,0,0,0,0.198470432006853,73.53
"26031",0,0,0,0,0.210780312743148,77.66
"26033",0,0,0,0,0.157412782470036,55.58
"26035",0,0,0,0,0.183376401733977,67.93
"26037",4.57812571533214e-05,0.277650780341082,1,0,0.229555817585587,82.31
"26039",0,0,0,0,0.122510644414749,34.36
"26041",0,0,0,0,0.22025069834074,80.18
"26043",0,0,0,0,0.172629402429701,63.09
"26045",0,0,0,0,0.1950203741504,72.51
"26047",0,0,0,0,0.214515281742188,78.62
"26049",3.34519763427623e-05,0.20287707050975,1,0,0.268125887699767,90.07
"26051",0,0,0,0,0.161743823136324,57.84
"26053",0,0,0,0,0.148545839967521,50.49
"26055",6.97264978123311e-05,0.422872103822076,1,0,0.32211564613228,96.98
"26057",0,0,0,0,0.158700994945386,56.41
"26059",0.000473869482805307,2.87388857060194,1,1,0.178915253263679,66.21
"26061",0,0,0,0,0.179241818323409,66.31
"26063",0,0,0,0,0.162067498101686,58.13
"26065",0,0,0,0,0.20075970360524,74.2
"26067",0,0,0,0,0.149065235589397,50.87
"26069",0,0,0,0,0.15259337743579,52.91
"26071",0,0,0,0,0.138042047301937,44.58
"26073",0,0,0,0,0.164066034866162,59.15
"26075",0,0,0,0,0.225326232083585,81.26
"26077",1.51839535978378e-05,0.0920865180915328,1,0,0.291033672243904,93.41
"26079",0,0,0,0,0.137804354128794,44.48
"26081",6.58337959986219e-06,0.0399263933941728,1,0,0.33031923764133,97.42
"26083",0,0,0,0,0.0833280288665517,9.93
"26085",0,0,0,0,0.121257239829296,33.63
"26087",0,0,0,0,0.250195325191014,86.64
"26089",0.000245972205140819,1.4917540265626,1,1,0.210234656736772,77.41
"26091",0.000610438498321294,3.70214222911197,1,1,0.24005969221358,84.47
"26093",0.000479058308239803,2.90535737509799,1,1,0.31516537573028,96.56
"26095",0,0,0,0,0.140241875075286,45.98
"26097",0,0,0,0,0.137578775534212,44.35
"26099",2.14135054979175e-05,0.129867043437087,1,0,0.307196614616059,95.61
"26101",0,0,0,0,0.156771903317241,54.92
"26103",0.000104051054384018,0.631041134328898,1,0,0.209694858906836,77.19
"26105",0,0,0,0,0.182765575143522,67.71
"26107",0,0,0,0,0.164959015300971,59.59
"26109",0,0,0,0,0.138329381019048,44.83
"26111",0,0,0,0,0.173713650642046,63.44
"26113",0,0,0,0,0.14236237494288,47.12
"26115",0,0,0,0,0.237167869421338,84
"26117",0.000682558017431482,4.13952735140572,1,1,0.188047690936087,69.74
"26119",0,0,0,0,0.0933327104076137,15.69
"26121",0,0,0,0,0.244289168975249,85.46
"26123",0.000870511425462459,5.2794132709382,1,1,0.199718016838406,73.78
"26125",0.000104151186878983,0.631648410474055,1,0,0.372644145650467,99.46
"26127",0,0,0,0,0.154377433046944,53.64
"26129",0,0,0,0,0.179276413427199,66.43
"26131",0,0,0,0,0.113808131978067,28.67
"26133",0,0,0,0,0.137183724753114,43.94
"26135",0,0,0,0,0.14639146114664,49.38
"26137",0,0,0,0,0.16798877751975,61.41
"26139",0,0,0,0,0.292306761035309,93.54
"26141",0,0,0,0,0.137187242369132,43.97
"26143",0,0,0,0,0.164791053406827,59.5
"26145",0.000162482736209278,0.985413274025552,1,0,0.250632042516671,86.76
"26147",0,0,0,0,0.284896445396494,92.55
"26149",0,0,0,0,0.191913807965341,71.11
"26151",0.00253433616742969,15.3700544346548,1,1,0.217264467109045,79.51
"26153",0,0,0,0,0.134555657753695,42.48
"26155",0,0,0,0,0.203530348698798,74.99
"26157",0.0012022630834512,7.29139617502365,1,1,0.195019657589535,72.48
"26159",0.000242747906299308,1.47219953756287,1,1,0.203713396784163,75.12
"26161",0.00143651034697881,8.71204164339489,1,1,0.208391371972191,76.87
"26163",7.61261997676279e-05,0.461684542630554,1,0,0.303211860748097,95.04
"26165",0,0,0,0,0.184222302573164,68.25
"27001",0,0,0,0,0.161045249689882,57.52
"27003",6.69120107059217e-06,0.040580301070527,1,0,0.312058862924611,96.15
"27005",0,0,0,0,0.206425038193264,76.26
"27007",0,0,0,0,0.210582044610045,77.54
"27009",0,0,0,0,0.184953973093623,68.76
"27011",0,0,0,0,0.128443093781286,38.82
"27013",0.000416566179211155,2.52635973569566,1,1,0.251737591316891,86.96
"27015",0,0,0,0,0.153356150980149,53.2
"27017",0,0,0,0,0.140279176191882,46.04
"27019",0,0,0,0,0.249871288578975,86.51
"27021",0,0,0,0,0.162460530194599,58.35
"27023",0,0,0,0,0.124319010651762,35.6
"27025",0,0,0,0,0.214646244591613,78.75
"27027",0.000377944820056272,2.29213177486719,1,1,0.209891701884711,77.31
"27029",0,0,0,0,0.115788135882364,29.91
"27031",0,0,0,0,0.150270588009352,51.51
"27033",0,0,0,0,0.0989343194805475,18.99
"27035",0,0,0,0,0.273701965808367,91.03
"27037",4.75608422073938e-06,0.0288443476078811,1,0,0.335197969787132,97.84
"27039",0,0,0,0,0.137271673582106,44.07
"27041",0,0,0,0,0.238614828600507,84.28
"27043",0,0,0,0,0.115052681235667,29.34
"27045",0.000393959290873276,2.38925515232709,1,1,0.209367876074941,77.12
"27047",0,0,0,0,0.17046013953459,62.52
"27049",0,0,0,0,0.203235827745299,74.9
"27051",0,0,0,0,0.120818179546069,33.28
"27053",2.49862575583429e-05,0.151534805731604,1,0,0.326514783154748,97.26
"27055",0,0,0,0,0.164289811818269,59.24
"27057",0,0,0,0,0.189865034592045,70.44
"27059",0,0,0,0,0.184671440914067,68.6
"27061",0,0,0,0,0.207931491439132,76.71
"27063",0,0,0,0,0.0893090856514526,13.39
"27065",0,0,0,0,0.13415247811883,42.19
"27067",0,0,0,0,0.181450334549888,67.17
"27069",0,0,0,0,0.111782097761125,27.2
"27071",0.000203376042302217,1.23341997050849,1,1,0.142120641481327,47.03
"27073",0,0,0,0,0.130333567018704,39.83
"27075",0,0,0,0,0.137891023296657,44.51
"27077",0,0,0,0,0.121755925216835,33.95
"27079",0,0,0,0,0.177585544851898,65.7
"27081",0,0,0,0,0.120017894025395,32.58
"27083",0,0,0,0,0.141251012526862,46.48
"27085",0,0,0,0,0.189882687221005,70.51
"27087",0,0,0,0,0.0847098041023125,10.44
"27089",0,0,0,0,0.0958374770696128,16.99
"27091",0,0,0,0,0.139302963495663,45.43
"27093",0,0,0,0,0.154257915811927,53.55
"27095",0,0,0,0,0.169519857777051,62.07
"27097",0,0,0,0,0.208000220434112,76.77
"27099",0,0,0,0,0.151716729582833,52.18
"27101",0,0,0,0,0.128193309189416,38.53
"27103",0,0,0,0,0.144942956385137,48.49
"27105",0,0,0,0,0.108935528783767,25.07
"27107",0,0,0,0,0.0972802913804467,17.79
"27109",5.41868362112564e-05,0.328628314156686,1,0,0.152686605351728,52.94
"27111",0,0,0,0,0.228539715262507,81.96
"27113",0,0,0,0,0.103252976775033,21.92
"27115",0,0,0,0,0.179247897177186,66.34
"27117",0,0,0,0,0.122952110944112,34.78
"27119",0,0,0,0,0.141980635464125,46.96
"27121",0,0,0,0,0.145813776999385,49.03
"27123",2.79098845647174e-05,0.169265802436819,1,0,0.284542890928686,92.49
"27125",0,0,0,0,0.0954187437520521,16.93
"27127",0,0,0,0,0.152462425052788,52.88
"27129",0,0,0,0,0.103921544877224,22.3
"27131",0,0,0,0,0.183150251537377,67.8
"27133",0,0,0,0,0.123030122546858,34.84
"27135",0.000227272727272727,1.37834681704324,1,1,0.101236732386504,20.46
"27137",9.49793894724845e-06,0.0576023972322081,1,0,0.250216981477436,86.67
"27139",8.62651503170244e-05,0.5231744995894,1,0,0.224230631919755,81.01
"27141",0,0,0,0,0.254003248965738,87.4
"27143",0,0,0,0,0.128201047737482,38.63
"27145",0,0,0,0,0.283059664434324,92.27
"27147",0,0,0,0,0.167843652657202,61.34
"27149",0,0,0,0,0.0879065087657972,12.5
"27151",0,0,0,0,0.114172174094663,28.79
"27153",0,0,0,0,0.149922452081837,51.35
"27155",0,0,0,0,0.132345026887378,41.08
"27157",0,0,0,0,0.156352642349991,54.76
"27159",0,0,0,0,0.145063073619293,48.68
"27161",0,0,0,0,0.151870375448624,52.27
"27163",1.84009568497562e-05,0.11159676133941,1,0,0.259900638451268,88.74
"27165",0,0,0,0,0.141060042799163,46.42
"27167",0,0,0,0,0.104456125083751,22.56
"27169",0,0,0,0,0.198169810335694,73.4
"27171",0,0,0,0,0.261177600783362,88.86
"27173",0,0,0,0,0.122597368843042,34.39
"28001",0,0,0,0,0.180591959048289,66.78
"28003",0,0,0,0,0.165717275573001,60.17
"28005",0,0,0,0,0.0925938972618853,15.3
"28007",0,0,0,0,0.136736260153751,43.68
"28009",0,0,0,0,0.0976416560901819,18.01
"28011",0,0,0,0,0.140390758894444,46.1
"28013",0,0,0,0,0.0999430620323383,19.69
"28015",0,0,0,0,0.119690111127755,32.39
"28017",0,0,0,0,0.118758694943292,32.01
"28019",0,0,0,0,0.0809231683498263,8.56
"28021",0.00109679188374006,6.65174224841268,1,1,0.0780301982750815,7.57
"28023",0,0,0,0,0.0948647917275679,16.58
"28025",0,0,0,0,0.122892882779328,34.65
"28027",0,0,0,0,0.133542983694022,41.74
"28029",0,0,0,0,0.112720084569725,27.84
"28031",0,0,0,0,0.107512040620413,24.24
"28033",0,0,0,0,0.188774031150579,70.16
"28035",0,0,0,0,0.190848017754112,70.92
"28037",0,0,0,0,0.0890952965603521,13.27
"28039",0,0,0,0,0.137247364274112,44
"28041",0,0,0,0,0.09351389270331,15.81
"28043",0,0,0,0,0.139497510953895,45.63
"28045",0,0,0,0,0.142940135716831,47.5
"28047",0,0,0,0,0.205351216163125,75.76
"28049",0,0,0,0,0.215544479544591,78.97
"28051",0,0,0,0,0.126780030232085,37.51
"28053",0,0,0,0,0.0872699802346102,12.09
"28055",0,0,0,0,0.072717573790483,5.54
"28057",0,0,0,0,0.124932549071791,36.05
"28059",0,0,0,0,0.149562748623402,51.1
"28061",0,0,0,0,0.0860909328530901,11.33
"28063",0,0,0,0,0.083052255404977,9.67
"28065",0,0,0,0,0.0855309114972772,10.91
"28067",0,0,0,0,0.14360781990426,47.79
"28069",0,0,0,0,0.0852799191675927,10.72
"28071",0,0,0,0,0.176509947358295,65.07
"28073",0,0,0,0,0.19999633228539,73.91
"28075",0,0,0,0,0.206751691582329,76.39
"28077",0,0,0,0,0.103084116948082,21.67
"28079",0,0,0,0,0.0875546597791744,12.31
"28081",0,0,0,0,0.201621344901097,74.32
"28083",0,0,0,0,0.139340783902769,45.5
"28085",0,0,0,0,0.155439798372391,54.15
"28087",0,0,0,0,0.193291323717695,71.71
"28089",0,0,0,0,0.218653359859901,79.76
"28091",0,0,0,0,0.13170528013842,40.6
"28093",0,0,0,0,0.126172751763338,36.91
"28095",0,0,0,0,0.143379394681986,47.73
"28097",0,0,0,0,0.099079823907245,19.06
"28099",0,0,0,0,0.0959919406787366,17.12
"28101",0,0,0,0,0.101226989196351,20.43
"28103",0,0,0,0,0.112317908816882,27.59
"28105",0,0,0,0,0.114498629417574,29.02
"28107",0,0,0,0,0.145741791110221,49
"28109",0,0,0,0,0.185189235892295,68.79
"28111",0,0,0,0,0.101517154490625,20.71
"28113",0,0,0,0,0.149860848806121,51.32
"28115",0,0,0,0,0.107547895703101,24.28
"28117",0,0,0,0,0.128620032318275,38.88
"28119",0,0,0,0,0.0870205575995801,11.9
"28121",0,0,0,0,0.25303191438455,87.34
"28123",0,0,0,0,0.0715644638635326,5.09
"28125",0,0,0,0,0.0858303402729619,11.14
"28127",0,0,0,0,0.114488205794625,28.99
"28129",0,0,0,0,0.0886026322224912,12.89
"28131",0,0,0,0,0.122155255213455,34.17
"28133",0,0,0,0,0.082900765459856,9.58
"28135",0,0,0,0,0.0724472976590427,5.41
"28137",0,0,0,0,0.125005457977108,36.14
"28139",0,0,0,0,0.106664606416043,23.8
"28141",0,0,0,0,0.124998199633686,36.11
"28143",0,0,0,0,0.0591592177551592,2.07
"28145",0,0,0,0,0.11280857988297,27.9
"28147",0,0,0,0,0.122453203465004,34.33
"28149",0,0,0,0,0.139142793409036,45.31
"28151",0,0,0,0,0.172511268928089,63.03
"28153",0,0,0,0,0.119917214815699,32.52
"28155",0,0,0,0,0.110432817789386,26.12
"28157",0,0,0,0,0.0868988198654529,11.84
"28159",0,0,0,0,0.118211165914283,31.66
"28161",0,0,0,0,0.0894407653300247,13.59
"28163",0,0,0,0,0.103094917250872,21.7
"29001",0,0,0,0,0.146869073525381,49.7
"29003",0,0,0,0,0.155995289411375,54.5
"29005",0,0,0,0,0.0847923003903422,10.47
"29007",0,0,0,0,0.166010200522513,60.32
"29009",0,0,0,0,0.146197383542979,49.25
"29011",0,0,0,0,0.118103059461514,31.59
"29013",0,0,0,0,0.156224099824966,54.66
"29015",0,0,0,0,0.148592328949152,50.56
"29017",0,0,0,0,0.128713398239099,38.94
"29019",2.72915832757178e-05,0.165515974536687,1,0,0.212843011938321,78.05
"29021",6.0938452163315e-05,0.369575014929327,1,0,0.209732336941902,77.22
"29023",0,0,0,0,0.184544735650697,68.5
"29025",0,0,0,0,0.11780377039523,31.43
"29027",0,0,0,0,0.162975696669184,58.57
"29029",0,0,0,0,0.219451315776114,80.02
"29031",0,0,0,0,0.246075662642928,85.78
"29033",0,0,0,0,0.0945576198161701,16.39
"29035",0,0,0,0,0.107821844614511,24.53
"29037",0,0,0,0,0.20987024421846,77.28
"29039",0,0,0,0,0.137390124381578,44.23
"29041",0,0,0,0,0.117871040877248,31.5
"29043",0,0,0,0,0.263063252674349,89.21
"29045",0,0,0,0,0.0985796088077033,18.71
"29047",0,0,0,0,0.258083399085435,88.45
"29049",0,0,0,0,0.13738275113373,44.19
"29051",0,0,0,0,0.161538007784638,57.72
"29053",0,0,0,0,0.14667561023528,49.48
"29055",0,0,0,0,0.152168999749238,52.53
"29057",0,0,0,0,0.0849984332375662,10.5
"29059",0,0,0,0,0.143127180980225,47.66
"29061",0,0,0,0,0.12763118761413,38.15
"29063",0,0,0,0,0.106003983749594,23.45
"29065",0,0,0,0,0.125686728469873,36.59
"29067",0,0,0,0,0.133486466929786,41.71
"29069",0,0,0,0,0.124335870717233,35.63
"29071",0,0,0,0,0.267403542561024,89.98
"29073",0,0,0,0,0.148695870737692,50.59
"29075",0,0,0,0,0.100652461427202,20.14
"29077",5.11059323766303e-06,0.0309943476582764,1,0,0.275980049335704,91.28
"29079",0,0,0,0,0.120492936434317,32.96
"29081",0,0,0,0,0.105070361594521,22.88
"29083",0,0,0,0,0.141787098265749,46.77
"29085",0,0,0,0,0.116567381394742,30.58
"29087",0.000618811881188119,3.75292450185041,1,1,0.0959591393914757,17.09
"29089",0,0,0,0,0.108082915488274,24.66
"29091",0.000458557835607016,2.78102762581234,1,1,0.221746737039689,80.46
"29093",0,0,0,0,0.122769776330882,34.52
"29095",0.000205421209023246,1.24582334628561,1,1,0.322023248665611,96.95
"29097",3.07370750599373e-05,0.186411938125968,1,0,0.270787333168761,90.45
"29099",0,0,0,0,0.272061946196302,90.71
"29101",0,0,0,0,0.117421595102724,31.15
"29103",0,0,0,0,0.103684609670547,22.11
"29105",0,0,0,0,0.166597047934758,60.64
"29107",0,0,0,0,0.170783888276954,62.65
"29109",0,0,0,0,0.178603758000644,66.02
"29111",0.000338868180277872,2.05514266180626,1,1,0.121518168656695,33.79
"29113",0.000128320287437444,0.778227382906488,1,0,0.185196735893645,68.82
"29115",0.000629194630872483,3.81589303376065,1,1,0.120168997141767,32.68
"29117",0,0,0,0,0.15637287673989,54.82
"29119",0,0,0,0,0.122902194223069,34.71
"29121",0,0,0,0,0.132431645884735,41.11
"29123",0,0,0,0,0.120739600222933,33.22
"29125",0,0,0,0,0.124664452868441,35.86
"29127",0,0,0,0,0.163517240409546,58.92
"29129",0,0,0,0,0.0852508934263436,10.69
"29131",0,0,0,0,0.15172331702017,52.21
"29133",0,0,0,0,0.0927485615557721,15.43
"29135",0,0,0,0,0.134990403380859,42.7
"29137",0,0,0,0,0.116941010212187,30.83
"29139",0,0,0,0,0.121796713722666,33.98
"29141",0,0,0,0,0.189245344858585,70.28
"29143",0,0,0,0,0.0914504203139987,14.64
"29145",0,0,0,0,0.16338593105438,58.83
"29147",0,0,0,0,0.127054239013258,37.8
"29149",0,0,0,0,0.106342121985897,23.61
"29151",0,0,0,0,0.114621166162583,29.08
"29153",0,0,0,0,0.136739579078275,43.72
"29155",0,0,0,0,0.0950310017724635,16.74
"29157",0,0,0,0,0.134715634741976,42.54
"29159",0,0,0,0,0.175833901799685,64.87
"29161",0,0,0,0,0.176946478821196,65.32
"29163",0,0,0,0,0.124367018350406,35.67
"29165",0.000111352374589388,0.675321640776155,1,0,0.257481773807706,88.23
"29167",0,0,0,0,0.183255859855311,67.87
"29169",0,0,0,0,0.0793443769564506,7.92
"29171",0,0,0,0,0.0820775163568691,9.2
"29173",0,0,0,0,0.115922353925147,30
"29175",0,0,0,0,0.146684598440946,49.54
"29177",0,0,0,0,0.124313985378638,35.57
"29179",0,0,0,0,0.098833356738308,18.93
"29181",0,0,0,0,0.117342804159152,31.12
"29183",7.17871125566704e-05,0.435369167627731,1,0,0.281377785648654,91.98
"29185",0,0,0,0,0.120551995856026,33.03
"29186",0,0,0,0,0.138217890290748,44.73
"29187",0,0,0,0,0.189150892149015,70.25
"29189",1.891932798547e-05,0.114740540241226,1,0,0.316539674396042,96.66
"29195",0,0,0,0,0.120328990985688,32.8
"29197",0,0,0,0,0.0949774968623188,16.64
"29199",0,0,0,0,0.118394274809719,31.82
"29201",0,0,0,0,0.183392327110315,67.99
"29203",0,0,0,0,0.111380771931286,26.89
"29205",0,0,0,0,0.0852414250076473,10.66
"29207",0,0,0,0,0.135329771674788,42.83
"29209",0,0,0,0,0.185220117945711,68.88
"29211",0,0,0,0,0.0691496626198336,4.14
"29213",0.000315089643003434,1.91093234867513,1,1,0.202817882550264,74.8
"29215",0,0,0,0,0.148371283222809,50.4
"29217",0,0,0,0,0.145093239200657,48.71
"29219",0,0,0,0,0.179604694346244,66.5
"29221",0,0,0,0,0.154869380716882,53.8
"29223",0,0,0,0,0.11148035064056,27.01
"29225",9.38350380031904e-05,0.569083794218848,1,0,0.175374902361662,64.52
"29227",0,0,0,0,0.0919399025276029,14.92
"29229",0,0,0,0,0.159645157150344,56.89
"29510",2.48830496665671e-05,0.150908878147463,1,0,0.237901517279903,84.09
"30001",0,0,0,0,0.156363125584852,54.79
"30003",0,0,0,0,0.0906785463710802,14.22
"30005",0.000555864369093941,3.37116508893288,1,1,0.112223991223038,27.49
"30007",0.000483091787439614,2.92981932125133,1,1,0.159246173054063,56.63
"30009",0,0,0,0,0.20621253829392,76.07
"30011",0,0,0,0,0.0721700374061331,5.31
"30013",4.52796015395065e-05,0.274608376499446,1,0,0.240859438848864,84.73
"30015",0,0,0,0,0.100216650319325,19.82
"30017",0,0,0,0,0.1574854302887,55.62
"30019",0,0,0,0,0.0753630397164182,6.49
"30021",0,0,0,0,0.157001806343532,55.17
"30023",0.000264970853206147,1.60697562135407,1,1,0.15054770952807,51.64
"30025",0,0,0,0,0.112330265346239,27.62
"30027",0.000180440274269217,1.09432082190369,1,1,0.190262744376415,70.63
"30029",0.000116478359984691,0.706409337652991,1,0,0.346904144139674,98.57
"30031",0.000208511919931423,1.26456766107343,1,1,0.369358889040961,99.4
"30033",0,0,0,0,0.0757148543478937,6.62
"30035",0,0,0,0,0.097732943494439,18.14
"30037",0,0,0,0,0.0815061780184793,8.94
"30039",0,0,0,0,0.129695809508453,39.55
"30041",0,0,0,0,0.150840277619934,51.8
"30043",0,0,0,0,0.181749908104616,67.32
"30045",0,0,0,0,0.0824849472761585,9.42
"30047",0,0,0,0,0.202113747525548,74.48
"30049",4.47017277217764e-05,0.271103730135234,1,0,0.265861700333954,89.69
"30051",0,0,0,0,0.0747885672213735,6.2
"30053",0.000130633572828217,0.79225682494974,1,0,0.232984441859418,82.91
"30055",0,0,0,0,0.0843806831258188,10.34
"30057",0.000242306760358614,1.46952410830876,1,1,0.18860793099334,70.03
"30059",0,0,0,0,0.0924145625488253,15.21
"30061",0,0,0,0,0.112640093416065,27.78
"30063",9.32475455913893e-05,0.565520813717138,1,0,0.355649008627972,98.92
"30065",0,0,0,0,0.112257170946813,27.52
"30067",0.000109613065877453,0.664773210017566,1,0,0.233269734534862,83.01
"30069",0,0,0,0,0.0578778811237367,1.85
"30071",0,0,0,0,0.122675287100831,34.46
"30073",0,0,0,0,0.122434177872904,34.27
"30075",0,0,0,0,0.0872200978642343,12.03
"30077",0,0,0,0,0.118487718062173,31.88
"30079",0,0,0,0,0.0683635659971877,4.07
"30081",0.000280457706977788,1.70089914600355,1,1,0.309191007345749,95.83
"30083",0,0,0,0,0.162564508947833,58.42
"30085",0,0,0,0,0.0975253376306569,17.91
"30087",0,0,0,0,0.0754169171203828,6.52
"30089",0,0,0,0,0.192039483121477,71.21
"30091",0,0,0,0,0.116108261539175,30.26
"30093",0,0,0,0,0.235678734913949,83.61
"30095",0,0,0,0,0.12568546337314,36.56
"30097",0,0,0,0,0.138159829638051,44.67
"30099",0,0,0,0,0.128854137464102,39.01
"30101",0,0,0,0,0.0931042050808563,15.56
"30103",0,0,0,0,0.0605630697790869,2.42
"30105",0,0,0,0,0.128145642777433,38.5
"30107",0,0,0,0,0.0613489463702775,2.67
"30109",0,0,0,0,0.0978461995684489,18.23
"30111",3.0655725978684e-05,0.185918578238223,1,0,0.336646190290469,97.96
"31001",0,0,0,0,0.179179687273661,66.27
"31003",0,0,0,0,0.0802496287594096,8.21
"31005",0,0,0,0,0.0398462670048025,0.45
"31007",0,0,0,0,0.0646565142614194,3.37
"31009",0,0,0,0,0.0503910771453443,1.08
"31011",0,0,0,0,0.087415068370914,12.19
"31013",0,0,0,0,0.0925770033211284,15.27
"31015",0,0,0,0,0.0649572692045465,3.5
"31017",0,0,0,0,0.0811977321545779,8.69
"31019",0,0,0,0,0.218160060806934,79.7
"31021",0,0,0,0,0.0949354712703262,16.61
"31023",0,0,0,0,0.0774896545053526,7.38
"31025",0,0,0,0,0.174304169343689,63.95
"31027",0,0,0,0,0.0994220008737994,19.41
"31029",0,0,0,0,0.0879313757242564,12.57
"31031",0,0,0,0,0.107860829791443,24.63
"31033",0,0,0,0,0.114410465395305,28.86
"31035",0,0,0,0,0.0779377213908004,7.54
"31037",0,0,0,0,0.070012673155426,4.42
"31039",0,0,0,0,0.109096001770965,25.2
"31041",0.000165672630881378,1.00475911116472,1,1,0.115270981267345,29.65
"31043",0,0,0,0,0.0963369779277654,17.31
"31045",0,0,0,0,0.106290943175528,23.58
"31047",0,0,0,0,0.109649640427906,25.55
"31049",0,0,0,0,0.054436510785452,1.4
"31051",0,0,0,0,0.0763839820521023,6.84
"31053",0,0,0,0,0.177503734943458,65.64
"31055",0,0,0,0,0.287254996185784,92.97
"31057",0,0,0,0,0.0609746171567899,2.58
"31059",0,0,0,0,0.0922523274604296,15.08
"31061",0,0,0,0,0.0736579454550862,5.73
"31063",0.000894454382826476,5.4246207468607,1,1,0.0615309799879466,2.77
"31065",0,0,0,0,0.0677336737510848,3.79
"31067",0,0,0,0,0.158678994963274,56.28
"31069",0,0,0,0,0.0620845259564112,2.9
"31071",0,0,0,0,0.0918057220223563,14.86
"31073",0,0,0,0,0.0614532909783447,2.74
"31075",0,0,0,0,0.0598274022687134,2.23
"31077",0,0,0,0,0.0732759946103131,5.66
"31079",0,0,0,0,0.202465581084416,74.64
"31081",0,0,0,0,0.12994699540883,39.64
"31083",0,0,0,0,0.0698659488259808,4.36
"31085",0,0,0,0,0.0914465227544394,14.6
"31087",0,0,0,0,0.0707252997599376,4.65
"31089",0,0,0,0,0.124398277113008,35.76
"31091",0,0,0,0,0.0699473261722968,4.39
"31093",0,0,0,0,0.107138637792441,23.99
"31095",0,0,0,0,0.0964379944936094,17.44
"31097",0,0,0,0,0.0677890342917134,3.88
"31099",0,0,0,0,0.093435096844558,15.75
"31101",0,0,0,0,0.13448017288277,42.44
"31103",0,0,0,0,0.0816492029000992,9.04
"31105",0,0,0,0,0.061397913013877,2.7
"31107",0,0,0,0,0.106035827775376,23.48
"31109",4.54467414686367e-05,0.275622034372443,1,0,0.272187012373356,90.74
"31111",0,0,0,0,0.184332699863255,68.34
"31113",0,0,0,0,0.0638780149158685,3.21
"31115",0,0,0,0,0.0597786056661757,2.16
"31117",0,0,0,0,0.0359993535538108,0.22
"31119",0,0,0,0,0.220953132140033,80.27
"31121",0,0,0,0,0.121113430823851,33.57
"31123",0,0,0,0,0.0703929051681314,4.58
"31125",0,0,0,0,0.0605916268913459,2.45
"31127",0,0,0,0,0.0738788845607706,5.85
"31129",0,0,0,0,0.0872413123124418,12.06
"31131",0,0,0,0,0.128006564279885,38.37
"31133",0,0,0,0,0.0884520810881993,12.79
"31135",0,0,0,0,0.064609432175028,3.31
"31137",0,0,0,0,0.097269143079485,17.75
"31139",0,0,0,0,0.115927720137344,30.03
"31141",0,0,0,0,0.165705696532912,60.13
"31143",0,0,0,0,0.0853587028504199,10.82
"31145",0,0,0,0,0.12350653422038,35.19
"31147",0,0,0,0,0.111435891458309,26.98
"31149",0,0,0,0,0.0600162482590541,2.29
"31151",0,0,0,0,0.0982334817291452,18.45
"31153",0,0,0,0,0.207637953977109,76.65
"31155",0,0,0,0,0.159967883083207,57.11
"31157",0,0,0,0,0.190666774949009,70.79
"31159",0,0,0,0,0.135398734846443,42.92
"31161",0,0,0,0,0.0873029673058082,12.12
"31163",0,0,0,0,0.0765783135938025,6.97
"31165",0,0,0,0,0.0833750094853194,9.96
"31167",0,0,0,0,0.0719950736706116,5.22
"31169",0,0,0,0,0.0751917403462659,6.4
"31171",0,0,0,0,0.0917671010112809,14.76
"31173",0,0,0,0,0.0616182811537948,2.8
"31175",0,0,0,0,0.0979499243693532,18.29
"31177",0,0,0,0,0.146380436790866,49.35
"31179",0,0,0,0,0.0780898695527988,7.64
"31181",0,0,0,0,0.0693312860638505,4.23
"31183",0,0,0,0,0.0377704701934565,0.25
"31185",0,0,0,0,0.135809817292674,43.05
"32001",0,0,0,0,0.137474258036652,44.29
"32003",7.98199899586453e-07,0.00484086368022057,1,0,0.279083595962104,91.6
"32005",0,0,0,0,0.223825481505518,80.94
"32007",0,0,0,0,0.182756431281208,67.67
"32009",0,0,0,0,0.0649132862831331,3.47
"32011",0,0,0,0,0.0119356901199697,0.03
"32013",0,0,0,0,0.10992655529722,25.87
"32015",0,0,0,0,0.0455355759550455,0.67
"32017",0,0,0,0,0.0900079065983064,13.97
"32019",0,0,0,0,0.184526305520147,68.47
"32021",0,0,0,0,0.0702591834600815,4.52
"32023",0,0,0,0,0.17674282930115,65.19
"32027",0,0,0,0,0.0507359438862306,1.15
"32029",0,0,0,0,0.0724653701122312,5.44
"32031",0,0,0,0,0.331858370231266,97.55
"32033",0,0,0,0,0.0922341715379711,15.05
"32510",0,0,0,0,0.200656714341616,74.16
"33001",0.000134156157767642,0.81362033740143,1,0,0.266307982871712,89.85
"33003",0.000720400033901178,4.36902881239234,1,1,0.300801045201019,94.56
"33005",0.00095470755061354,5.79003969981941,1,1,0.290402063116308,93.38
"33007",0,0,0,0,0.195985129213592,72.76
"33009",9.431144783791e-05,0.571973089327741,1,0,0.215693774169292,79.06
"33011",1.79488099938974e-05,0.108854614549131,1,0,0.340661176104039,98.25
"33013",0.000138709080821158,0.84123256819728,1,0,0.309852579074737,95.9
"33015",0.00013712091779601,0.831600794614383,1,0,0.360934685556225,99.2
"33017",7.36716088037573e-05,0.4467981210049,1,0,0.261498053161941,88.96
"33019",0.00122691859395129,7.4409250904733,1,1,0.232037416694161,82.82
"34001",0,0,0,0,0.221619809968179,80.43
"34003",6.11851564810377e-05,0.371071209018096,1,0,0.371637028178952,99.43
"34005",0.000225310439525403,1.36644607953239,1,1,0.301334708295481,94.62
"34007",2.19182886200246e-05,0.132928414759562,1,0,0.329556853071,97.39
"34009",0,0,0,0,0.226907843896151,81.77
"34011",0,0,0,0,0.235830431685687,83.68
"34013",0.000115545083933456,0.700749274124562,1,0,0.286730692935767,92.9
"34015",0.000506109994572154,3.06941844040612,1,1,0.30776556489795,95.77
"34017",8.11108948153916e-05,0.491915352263826,1,0,0.264914842958013,89.44
"34019",0.000340909090909091,2.06752022556486,1,1,0.305839395940733,95.39
"34021",4.84781328993386e-05,0.294006592783211,1,0,0.213735766274715,78.27
"34023",4.26402865427256e-06,0.0258601654229501,1,0,0.313240689168681,96.28
"34025",6.51813998357429e-05,0.395307329973684,1,0,0.342153165061912,98.31
"34027",0.000187079263337065,1.13458447148392,1,1,0.307630451987054,95.7
"34029",0,0,0,0,0.335397331914881,97.87
"34031",0,0,0,0,0.409533546937686,99.94
"34033",0.000253624719956038,1.53816443208951,1,1,0.186586497682932,69.17
"34035",0.00116370770739964,7.05756838363713,1,1,0.263881364695085,89.37
"34037",0,0,0,0,0.292371183524703,93.57
"34039",0,0,0,0,0.357151269063863,98.98
"34041",0,0,0,0,0.277955385601468,91.5
"35001",1.03369055956254e-05,0.0626905000735498,1,0,0.285461051193477,92.65
"35003",0,0,0,0,0.0991825938456948,19.15
"35005",0.00012071948814937,0.732130617881404,1,0,0.197485151414607,73.08
"35006",0,0,0,0,0.103406971772535,22.02
"35007",0,0,0,0,0.12045140483447,32.87
"35009",0,0,0,0,0.137144192955346,43.91
"35011",0,0,0,0,0.0841633028880513,10.24
"35013",1.07239755922316e-05,0.0650379735438477,1,0,0.232945837741753,82.88
"35015",0,0,0,0,0.17559258690022,64.65
"35017",0,0,0,0,0.145916753392272,49.09
"35019",0,0,0,0,0.0633147182726837,3.02
"35021",0,0,0,0,0.0611006577519644,2.61
"35023",0,0,0,0,0.0993551296347754,19.31
"35025",0.000134051851256066,0.81298774698923,1,0,0.123068349787487,34.87
"35027",0.000620809535634467,3.76503972870019,1,1,0.222879875769541,80.72
"35028",0,0,0,0,0.0379543442013415,0.29
"35029",0,0,0,0,0.128215694918328,38.66
"35031",0,0,0,0,0.168964375421234,61.82
"35033",0,0,0,0,0.105455943625061,23.19
"35035",0.00011762399529504,0.713357301900442,1,0,0.13579891562217,43.02
"35037",0,0,0,0,0.110213446968768,26.06
"35039",0.00147669589293955,8.95575596860583,1,1,0.164195421992149,59.21
"35041",0,0,0,0,0.103105299852911,21.76
"35043",0,0,0,0,0.213742988213663,78.3
"35045",0,0,0,0,0.206026292865212,75.98
"35047",0,0,0,0,0.139440962032423,45.59
"35049",4.06790692628953e-05,0.24670740881069,1,0,0.275357845627515,91.22
"35051",0,0,0,0,0.111980985593637,27.39
"35053",0,0,0,0,0.0957988488086274,16.96
"35055",0,0,0,0,0.234113403995933,83.2
"35057",0,0,0,0,0.141572326142212,46.61
"35059",0,0,0,0,0.0966880807862651,17.5
"35061",0,0,0,0,0.172618643935551,63.06
"36001",0.00047603218962496,2.88700479487063,1,1,0.255567129642413,87.75
"36003",0.00382238644326941,23.1817264253944,1,1,0.181360417841209,67.1
"36005",0.00157042606907275,9.52420380431585,1,1,0.195484471485482,72.57
"36007",0.000750708691413909,4.55284251548306,1,1,0.269843166253413,90.26
"36009",0.000877814916101151,5.32370694046885,1,1,0.205102553262815,75.66
"36011",0.00132226548152501,8.01917783808306,1,1,0.219871342473497,80.08
"36013",0.00164171133572008,9.95652941401174,1,1,0.258236866056732,88.58
"36015",2.8235825615541e-05,0.171242545600583,1,0,0.252261927398702,87.11
"36017",0.00145052111314065,8.79701310114629,1,1,0.1675469625503,61.15
"36019",0.000287075845438365,1.74103634236386,1,1,0.214029118636944,78.36
"36021",0.0024652440995797,14.9510299747173,1,1,0.272687574401196,90.8
"36023",0.00186299036567839,11.2985260991462,1,1,0.197545047506637,73.15
"36025",0.00172914222194776,10.4867737824818,1,1,0.224466974004169,81.04
"36027",0.00155962224225087,9.45868155494386,1,1,0.280222032160098,91.76
"36029",2.83922675687296e-05,0.172191323180793,1,0,0.344773274261844,98.44
"36031",0.00159079784630445,9.64775305125714,1,1,0.215382948468156,78.91
"36033",0.000897239668549111,5.44151274158624,1,1,0.152288558739077,52.66
"36035",0.000114436116038222,0.694023687702725,1,0,0.18622485962798,69.11
"36037",3.9848575413429e-05,0.241670691173152,1,0,0.219279262411188,79.92
"36039",0.000932893836681386,5.6577455018878,1,1,0.232251657294847,82.85
"36041",0.00294406280667321,17.854934234515,1,1,0.145857786380205,49.06
"36043",0.001885458402074,11.434788583531,1,1,0.216491524525807,79.29
"36045",0.0011960110504683,7.25347930807069,1,1,0.184737339663373,68.63
"36047",0.00107952328405172,6.54701292298573,1,1,0.265635060436959,89.63
"36049",0.0017632241813602,10.6934715276906,1,1,0.156330065782349,54.72
"36051",0.00114134404674945,6.92193890954878,1,1,0.207403045409396,76.55
"36053",0.00164466565678425,9.97444656176714,1,1,0.208186524696271,76.84
"36055",0.000179819343142109,1.09055504475602,1,1,0.304310227555327,95.13
"36057",0.00190049217874373,11.5259643197027,1,1,0.174256367692728,63.92
"36059",0.000219575200918484,1.33166342886554,1,1,0.340165337787118,98.09
"36061",0.001249694037804,7.57905191685429,1,1,0.242070034116926,84.98
"36063",0.000393161697916243,2.38441796958715,1,1,0.30326131832036,95.07
"36065",0.00104354250357852,6.32879934832986,1,1,0.274841437829034,91.15
"36067",0.000747914903904267,4.53589895974885,1,1,0.322411360326944,97.04
"36069",0.00187304533113379,11.3595067095223,1,1,0.272729242434154,90.84
"36071",0.000996369550030349,6.0427083106858,1,1,0.348778363317164,98.6
"36073",0.00302936150380612,18.3722474603558,1,1,0.15771439543601,55.74
"36075",0.00110531685749915,6.70344387837604,1,1,0.238529643031578,84.22
"36077",0.000872323552735924,5.29040332631981,1,1,0.207526010569443,76.61
"36079",0.00391201180016674,23.7252796571799,1,1,0.297171887036588,94.18
"36081",0.00193969905902737,11.7637433057414,1,1,0.269934702187916,90.36
"36083",0.00099922640536359,6.06003435548923,1,1,0.256783505398849,88.13
"36085",0.000979274177441904,5.93902956015462,1,1,0.234645021867921,83.3
"36087",0.00176864088758362,10.726322366731,1,1,0.271569629803065,90.55
"36089",0.000896151818661044,5.43491523009143,1,1,0.197589445192999,73.18
"36091",0.00147455887774114,8.94279555698033,1,1,0.31462609538321,96.5
"36093",0.00046299252825851,2.80792282161564,1,1,0.236548686276393,83.87
"36095",0.00242664901831017,14.7169613820633,1,1,0.156819681352629,54.98
"36097",0.00158758158405362,9.62824730197783,1,1,0.148912058401994,50.78
"36099",0.00255822159491884,15.5149130076497,1,1,0.180591576703914,66.75
"36101",0.00234111043124318,14.1981932895034,1,1,0.193861620164786,72
"36103",0.00100151573483525,6.0739185114471,1,1,0.407519048056556,99.9
"36105",0.000795263762481223,4.82305681319363,1,1,0.200254859700557,74.01
"36107",0.000912985462462252,5.53700666724302,1,1,0.174500270760717,64.14
"36109",0.000587158498255794,3.56095540755136,1,1,0.20440362316596,75.41
"36111",0.00261428254929473,15.8549073349572,1,1,0.358177123881066,99.08
"36113",0.00231381423377152,14.0326493311326,1,1,0.235156172742489,83.49
"36115",0.00156090532508855,9.46646310078326,1,1,0.206965788596964,76.42
"36117",0.00165721205940468,10.0505370558829,1,1,0.21905930871411,79.83
"36119",0.000764343979851391,4.63553680371904,1,1,0.331819203572442,97.52
"36121",0.00162716660771135,9.86831962396717,1,1,0.175956739720103,64.91
"36123",0.00107360133603722,6.51109793092119,1,1,0.2064385390219,76.3
"37001",0,0,0,0,0.233882186030562,83.11
"37003",0,0,0,0,0.174169076183337,63.86
"37005",0,0,0,0,0.135151789858826,42.76
"37007",0,0,0,0,0.120068510333538,32.64
"37009",0,0,0,0,0.175580326196918,64.62
"37011",0.000349324639031206,2.11855821902315,1,1,0.165091263846817,59.69
"37013",0,0,0,0,0.187006124953106,69.33
"37015",0,0,0,0,0.10477338375569,22.65
"37017",0,0,0,0,0.0984867755811244,18.64
"37019",0,0,0,0,0.264728612933418,89.41
"37021",1.30397647626437e-05,0.0790826003245631,1,0,0.332879892907038,97.61
"37023",0,0,0,0,0.167315814147576,60.96
"37025",0,0,0,0,0.257518764670866,88.26
"37027",0,0,0,0,0.19825132707946,73.43
"37029",0,0,0,0,0.14554126881216,48.93
"37031",0,0,0,0,0.246291231517416,85.87
"37033",0,0,0,0,0.138874594509049,45.08
"37035",0,0,0,0,0.243161105470595,85.11
"37037",0,0,0,0,0.224515719479642,81.1
"37039",0,0,0,0,0.190615832220487,70.73
"37041",0,0,0,0,0.130046984689573,39.71
"37043",0,0,0,0,0.151933873491312,52.31
"37045",0,0,0,0,0.192261148473069,71.43
"37047",0,0,0,0,0.155337972891219,54.09
"37049",0,0,0,0,0.182042229883917,67.45
"37051",0,0,0,0,0.11795052642101,31.53
"37053",0,0,0,0,0.207049427100684,76.46
"37055",0,0,0,0,0.202139963735618,74.55
"37057",0,0,0,0,0.257565252941329,88.32
"37059",0,0,0,0,0.163612448057628,59.02
"37061",0,0,0,0,0.123829277523178,35.32
"37063",3.91205695954933e-05,0.237255535364614,1,0,0.158123913326454,55.9
"37065",0,0,0,0,0.139006560407709,45.21
"37067",0,0,0,0,0.248997166127463,86.29
"37069",0,0,0,0,0.216286662909212,79.22
"37071",0,0,0,0,0.230708964594324,82.56
"37073",0,0,0,0,0.117736780213469,31.34
"37075",0,0,0,0,0.140683937547121,46.29
"37077",0,0,0,0,0.118551788314879,31.91
"37079",0,0,0,0,0.110866553586303,26.41
"37081",3.14739568743843e-06,0.0190880924421281,1,0,0.318718485614959,96.75
"37083",0,0,0,0,0.177081075021437,65.42
"37085",0,0,0,0,0.197514470744581,73.11
"37087",0,0,0,0,0.238864547062395,84.31
"37089",0,0,0,0,0.273767296921665,91.06
"37091",0,0,0,0,0.135669771692133,42.98
"37093",0,0,0,0,0.155153482537127,53.96
"37095",0,0,0,0,0.137361808554192,44.16
"37097",0.00011033873993159,0.669174224317583,1,0,0.307728005256999,95.74
"37099",0,0,0,0,0.153385169210981,53.23
"37101",1.40059945656741e-05,0.084942519328136,1,0,0.248363218390433,86.1
"37103",0,0,0,0,0.137341546444965,44.13
"37105",0,0,0,0,0.171709336436384,62.87
"37107",0,0,0,0,0.143902020201166,47.98
"37109",0,0,0,0,0.241518048449358,84.95
"37111",0,0,0,0,0.159638855939174,56.86
"37113",0,0,0,0,0.213298513315542,78.24
"37115",0,0,0,0,0.190686991703137,70.82
"37117",0,0,0,0,0.159559508776826,56.82
"37119",1.15953321830764e-06,0.00703225125112505,1,0,0.298282303888986,94.3
"37121",0,0,0,0,0.128233419028722,38.72
"37123",0,0,0,0,0.127671958117882,38.24
"37125",2.19375219375219e-05,0.133045059560158,1,0,0.231337762573649,82.66
"37127",0,0,0,0,0.19194931630315,71.14
"37129",0,0,0,0,0.297785450123429,94.21
"37131",0,0,0,0,0.111974218591535,27.36
"37133",0,0,0,0,0.109958661551311,25.9
"37135",0,0,0,0,0.149170099151218,50.97
"37137",0,0,0,0,0.112903265785695,28
"37139",0,0,0,0,0.157385388289409,55.52
"37141",0,0,0,0,0.230652155773115,82.5
"37143",0,0,0,0,0.153395646130094,53.26
"37145",0,0,0,0,0.166464511408339,60.55
"37147",0,0,0,0,0.189871914345568,70.47
"37149",0.000302388872089507,1.83390565315702,1,1,0.206092423382962,76.01
"37151",0,0,0,0,0.234701465041236,83.33
"37153",0,0,0,0,0.156113739741814,54.57
"37155",0,0,0,0,0.174033833499333,63.7
"37157",0,0,0,0,0.186294094988739,69.14
"37159",0,0,0,0,0.237988387576981,84.12
"37161",0,0,0,0,0.2006019757326,74.13
"37163",0,0,0,0,0.142878190180969,47.44
"37165",0,0,0,0,0.131411887729721,40.41
"37167",0,0,0,0,0.203797235204393,75.18
"37169",0,0,0,0,0.155389332652506,54.12
"37171",0,0,0,0,0.196875873175636,72.96
"37173",0,0,0,0,0.0790502017720574,7.83
"37175",0,0,0,0,0.191841042598113,71.05
"37177",0,0,0,0,0.0788424390240336,7.8
"37179",4.5911574307883e-05,0.278441118175945,1,0,0.28401791571246,92.36
"37181",0,0,0,0,0.161138978036125,57.59
"37183",1.38560769289391e-06,0.00840333099395218,1,0,0.304761782343782,95.23
"37185",0,0,0,0,0.121241398428642,33.6
"37187",0,0,0,0,0.145204663754124,48.78
"37189",0,0,0,0,0.19564835952255,72.61
"37191",0,0,0,0,0.18588449469765,69.07
"37193",0,0,0,0,0.184480876309527,68.44
"37195",0,0,0,0,0.196839535321681,72.92
"37197",0.00170183798502383,10.3211810670358,1,1,0.161349889500083,57.65
"37199",0,0,0,0,0.158635013960293,56.25
"38001",0,0,0,0,0.0651615572262797,3.56
"38003",0,0,0,0,0.118349902983629,31.72
"38005",0,0,0,0,0.0459575686612334,0.76
"38007",0,0,0,0,0.0599722866920357,2.26
"38009",0,0,0,0,0.106849852575211,23.86
"38011",0,0,0,0,0.0936846647464951,15.97
"38013",0,0,0,0,0.0703203464086969,4.55
"38015",0.000184114027954647,1.11660113137891,1,1,0.269511779819431,90.17
"38017",0,0,0,0,0.285379176510806,92.62
"38019",0,0,0,0,0.0738398014519126,5.82
"38021",0,0,0,0,0.078389733261957,7.7
"38023",0,0,0,0,0.080931574352526,8.59
"38025",0,0,0,0,0.0758746089843695,6.68
"38027",0,0,0,0,0.0794927374954922,7.95
"38029",0,0,0,0,0.0906677186976817,14.19
"38031",0,0,0,0,0.0828917157980142,9.55
"38033",0,0,0,0,0.059107849904209,2
"38035",0,0,0,0,0.208936373430611,77.03
"38037",0,0,0,0,0.0617929757100192,2.86
"38039",0,0,0,0,0.0800450302875223,8.15
"38041",0,0,0,0,0.0709656160656631,4.8
"38043",0,0,0,0,0.0791208270434826,7.86
"38045",0,0,0,0,0.0967721118603878,17.53
"38047",0,0,0,0,0.0635211656629041,3.09
"38049",0,0,0,0,0.100795763947185,20.17
"38051",0,0,0,0,0.0788043533002955,7.76
"38053",0,0,0,0,0.0897335785766756,13.81
"38055",0,0,0,0,0.0947137446289398,16.48
"38057",0,0,0,0,0.0820807955450043,9.23
"38059",0,0,0,0,0.202550265981064,74.67
"38061",0,0,0,0,0.100404324217623,20.01
"38063",0,0,0,0,0.0677480708761423,3.85
"38065",0,0,0,0,0.071338587767747,5.03
"38067",0,0,0,0,0.085357891222433,10.79
"38069",0,0,0,0,0.0952478848682472,16.86
"38071",0,0,0,0,0.142700358729337,47.31
"38073",0,0,0,0,0.0804536885330432,8.3
"38075",0,0,0,0,0.0855397388041609,10.94
"38077",0,0,0,0,0.123504688567635,35.16
"38079",0,0,0,0,0.0799556560712671,8.08
"38081",0,0,0,0,0.0546018046997846,1.43
"38083",0,0,0,0,0.050671114475605,1.11
"38085",0,0,0,0,0.0388134689199924,0.35
"38087",0,0,0,0,0.0591535293230627,2.04
"38089",0,0,0,0,0.187113390197788,69.39
"38091",0,0,0,0,0.0710373999602724,4.87
"38093",0.000690078208863671,4.18513525187182,1,1,0.155847633914887,54.44
"38095",0,0,0,0,0.0551865917007995,1.5
"38097",0,0,0,0,0.0820694344584195,9.16
"38099",0,0,0,0,0.0952260351114327,16.83
"38101",0,0,0,0,0.205643831163167,75.79
"38103",0,0,0,0,0.0964257922395748,17.4
"38105",0,0,0,0,0.142032798137023,46.99
"39001",0,0,0,0,0.154672276424813,53.71
"39003",0,0,0,0,0.258538536120069,88.61
"39005",0,0,0,0,0.198768874384025,73.66
"39007",0,0,0,0,0.241147907788484,84.79
"39009",0,0,0,0,0.150790463543141,51.77
"39011",0,0,0,0,0.170269740126745,62.49
"39013",0,0,0,0,0.214369661509616,78.56
"39015",0,0,0,0,0.18375277367941,68.12
"39017",0,0,0,0,0.305920359822556,95.42
"39019",0,0,0,0,0.180682318025742,66.91
"39021",0,0,0,0,0.161680581380164,57.78
"39023",0,0,0,0,0.220370400890065,80.21
"39025",0,0,0,0,0.281081885015308,91.89
"39027",0,0,0,0,0.139182197014415,45.4
"39029",6.14665929067552e-05,0.372778043825082,1,0,0.247028952773644,85.91
"39031",0,0,0,0,0.1945839668643,72.35
"39033",0,0,0,0,0.194110656145612,72.13
"39035",2.47036215509194e-05,0.149820695790262,1,0,0.346519538296783,98.5
"39037",0,0,0,0,0.203487189046356,74.93
"39039",0,0,0,0,0.172809796541203,63.19
"39041",0,0,0,0,0.234885279949435,83.42
"39043",0,0,0,0,0.214104906531915,78.46
"39045",0,0,0,0,0.24497516721146,85.52
"39047",0,0,0,0,0.143844765833076,47.92
"39049",2.44879968002351e-05,0.148512990759624,1,0,0.279811754544481,91.73
"39051",0,0,0,0,0.166847327744197,60.8
"39053",0,0,0,0,0.129100364317763,39.29
"39055",0,0,0,0,0.261196812222216,88.9
"39057",7.5411531500474e-05,0.457350275412952,1,0,0.157362676671238,55.42
"39059",0,0,0,0,0.176562474413503,65.1
"39061",8.89622728793173e-06,0.0539531808904613,1,0,0.32319373249721,97.07
"39063",0,0,0,0,0.180045001587045,66.62
"39065",0,0,0,0,0.13064138393672,39.96
"39067",0,0,0,0,0.130845228323255,40.12
"39069",0,0,0,0,0.137426371844725,44.26
"39071",0,0,0,0,0.184779861776463,68.69
"39073",0,0,0,0,0.175080858832247,64.46
"39075",0,0,0,0,0.255453512273452,87.72
"39077",0,0,0,0,0.178655542325947,66.12
"39079",0,0,0,0,0.149521750404203,51.07
"39081",0,0,0,0,0.18962038988054,70.31
"39083",0,0,0,0,0.211537381262086,77.86
"39085",5.53745627716815e-05,0.335831550302636,1,0,0.313922855224302,96.44
"39087",0,0,0,0,0.151450526188292,52.05
"39089",0,0,0,0,0.222822366624565,80.69
"39091",0,0,0,0,0.163335878753234,58.77
"39093",0,0,0,0,0.272805952523527,90.9
"39095",0,0,0,0,0.30740204373894,95.64
"39097",0,0,0,0,0.112829805618673,27.97
"39099",0,0,0,0,0.319179132023304,96.79
"39101",0,0,0,0,0.166859377108335,60.83
"39103",0,0,0,0,0.302515966641174,94.81
"39105",0,0,0,0,0.133360338526942,41.65
"39107",0,0,0,0,0.165917841111475,60.29
"39109",0,0,0,0,0.221281810309257,80.37
"39111",0,0,0,0,0.149776373990814,51.26
"39113",0,0,0,0,0.311947070277664,96.09
"39115",0,0,0,0,0.10884959310673,25.01
"39117",0,0,0,0,0.205674323872715,75.82
"39119",0,0,0,0,0.214561910022343,78.65
"39121",0,0,0,0,0.130283240702026,39.8
"39123",0,0,0,0,0.176270887164772,64.97
"39125",0,0,0,0,0.116665382492862,30.64
"39127",0,0,0,0,0.150220874844784,51.48
"39129",0,0,0,0,0.140017931232461,45.88
"39131",0,0,0,0,0.123271753607654,35.03
"39133",0,0,0,0,0.243888148867098,85.33
"39135",0,0,0,0,0.147601402016367,49.98
"39137",0,0,0,0,0.165837181164117,60.26
"39139",0.000111990443482156,0.67919135377672,1,0,0.248291306419631,86.06
"39141",0,0,0,0,0.178607476077043,66.05
"39143",0,0,0,0,0.179698983665868,66.53
"39145",0,0,0,0,0.16677844511721,60.74
"39147",0,0,0,0,0.18323751259861,67.83
"39149",0,0,0,0,0.140722935658521,46.33
"39151",7.47857101766093e-05,0.45355484056189,1,0,0.340643696757124,98.22
"39153",6.99449882667282e-06,0.0424197188560515,1,0,0.345673294735102,98.47
"39155",0,0,0,0,0.292665965598358,93.7
"39157",0,0,0,0,0.306512154871018,95.51
"39159",0,0,0,0,0.151986834855899,52.34
"39161",0,0,0,0,0.145227450650365,48.81
"39163",0,0,0,0,0.114890155365673,29.24
"39165",0,0,0,0,0.271817166108724,90.65
"39167",0,0,0,0,0.199973824085833,73.85
"39169",0.000143502905933845,0.870305803973633,1,0,0.259393998834931,88.71
"39171",0,0,0,0,0.163275333506341,58.73
"39173",0,0,0,0,0.214356202115451,78.52
"39175",0,0,0,0,0.134891975446293,42.63
"40001",0,0,0,0,0.109727455834262,25.58
"40003",0,0,0,0,0.069796851138826,4.33
"40005",0,0,0,0,0.139168033001184,45.37
"40007",0,0,0,0,0.0884227745268992,12.76
"40009",0,0,0,0,0.115158705227147,29.53
"40011",0,0,0,0,0.0946566345074058,16.45
"40013",0,0,0,0,0.139927043414423,45.78
"40015",0,0,0,0,0.103421893904152,22.05
"40017",0,0,0,0,0.24328168811629,85.14
"40019",0,0,0,0,0.192336802736506,71.49
"40021",0,0,0,0,0.0994083166828915,19.38
"40023",0,0,0,0,0.102464633998404,21.25
"40025",0,0,0,0,0.0583308970193576,1.91
"40027",7.34328961016311e-05,0.445350393874981,1,0,0.243566109903073,85.27
"40029",0,0,0,0,0.0926511515677844,15.34
"40031",0,0,0,0,0.131799063445081,40.66
"40033",0,0,0,0,0.0622198095000073,2.93
"40035",0,0,0,0,0.131013830988313,40.22
"40037",0,0,0,0,0.193486562112805,71.78
"40039",0,0,0,0,0.146749779166963,49.57
"40041",0,0,0,0,0.190121131583006,70.57
"40043",0,0,0,0,0.0798376704025508,8.05
"40045",0,0,0,0,0.0604920058129937,2.35
"40047",0,0,0,0,0.195388909614524,72.54
"40049",0,0,0,0,0.148109322022456,50.27
"40051",0,0,0,0,0.204233592296857,75.31
"40053",0,0,0,0,0.0831019699790007,9.74
"40055",0,0,0,0,0.0668774753843525,3.63
"40057",0,0,0,0,0.0935615062950891,15.84
"40059",0,0,0,0,0.0727402194793527,5.57
"40061",0,0,0,0,0.125193372252319,36.24
"40063",0,0,0,0,0.104205735055288,22.37
"40065",0,0,0,0,0.103841604203576,22.24
"40067",0,0,0,0,0.0835268346322624,9.99
"40069",0,0,0,0,0.0858566101760846,11.17
"40071",0,0,0,0,0.166227282768976,60.45
"40073",0,0,0,0,0.122127958246334,34.14
"40075",0,0,0,0,0.0936447536484605,15.94
"40077",0,0,0,0,0.0866881544539746,11.61
"40079",0,0,0,0,0.156161817641035,54.63
"40081",0,0,0,0,0.139581978759928,45.66
"40083",0,0,0,0,0.193586519816557,71.84
"40085",0,0,0,0,0.066956499460876,3.66
"40087",0,0,0,0,0.167812601803638,61.31
"40089",0,0,0,0,0.143428963503486,47.76
"40091",0,0,0,0,0.133993314952892,42.13
"40093",0,0,0,0,0.105452294194107,23.16
"40095",0,0,0,0,0.100001007171512,19.76
"40097",0,0,0,0,0.152280795135462,52.62
"40099",0,0,0,0,0.110512708125747,26.15
"40101",0,0,0,0,0.176775858809337,65.29
"40103",0,0,0,0,0.0763407589782307,6.81
"40105",0,0,0,0,0.105226065914392,23.04
"40107",0,0,0,0,0.088956101325097,13.14
"40109",2.69541778975741e-05,0.16346970336901,1,0,0.277817811698316,91.47
"40111",0,0,0,0,0.126960339858684,37.64
"40113",0,0,0,0,0.140412199510127,46.13
"40115",0,0,0,0,0.133065012606333,41.49
"40117",0,0,0,0,0.12471952831729,35.95
"40119",0,0,0,0,0.169821330574257,62.23
"40121",0,0,0,0,0.158692012314657,56.35
"40123",0,0,0,0,0.139723396733441,45.75
"40125",0,0,0,0,0.190172273328065,70.6
"40127",0,0,0,0,0.124673198727763,35.89
"40129",0,0,0,0,0.0804811294531607,8.34
"40131",0,0,0,0,0.205701891507524,75.88
"40133",0,0,0,0,0.114822929749626,29.21
"40135",0,0,0,0,0.158235798198055,55.97
"40137",0,0,0,0,0.156796081535133,54.95
"40139",0,0,0,0,0.0887729686260122,13.08
"40141",0,0,0,0,0.0850960318220809,10.56
"40143",4.81970681723431e-06,0.0292302012227127,1,0,0.343510030446403,98.38
"40145",0,0,0,0,0.192129250061314,71.33
"40147",0,0,0,0,0.181231719342374,66.97
"40149",0,0,0,0,0.118113567179728,31.63
"40151",0,0,0,0,0.101572856515359,20.81
"40153",0,0,0,0,0.157750631989781,55.77
"41001",0,0,0,0,0.178855253402077,66.18
"41003",0,0,0,0,0.198513343276398,73.59
"41005",0,0,0,0,0.363097977946811,99.3
"41007",4.59918134572046e-05,0.278927746630652,1,0,0.219092858325362,79.86
"41009",0,0,0,0,0.247068557498528,85.94
"41011",0,0,0,0,0.229222077622896,82.15
"41013",0,0,0,0,0.203548827489208,75.02
"41015",0.000252334090335604,1.53033711708056,1,1,0.217130970864978,79.45
"41017",0,0,0,0,0.357524846722593,99.01
"41019",0.000395569620253165,2.39902135877779,1,1,0.242226712927246,85.01
"41021",0,0,0,0,0.077153677323386,7.19
"41023",0,0,0,0,0.116972865116528,30.86
"41025",0,0,0,0,0.116498300646882,30.51
"41027",0,0,0,0,0.184207793402144,68.22
"41029",5.78218508774466e-05,0.350673682094901,1,0,0.352485781940754,98.7
"41031",0,0,0,0,0.158133866422266,55.93
"41033",0.000334700025102502,2.02986394276304,1,1,0.271499180011443,90.52
"41035",0,0,0,0,0.23664572005786,83.9
"41037",0,0,0,0,0.104194187075744,22.34
"41039",0,0,0,0,0.353628376857376,98.76
"41041",0.000282832092014707,1.71529914065907,1,1,0.210853988834609,77.7
"41043",0,0,0,0,0.229042675800985,82.09
"41045",0,0,0,0,0.147631169459869,50.05
"41047",5.33250857200753e-06,0.0323402033551624,1,0,0.26150564505274,88.99
"41049",0.00116174002839809,7.04563494964661,1,1,0.0869945028264035,11.87
"41051",6.44852731757385e-05,0.391085512522949,1,0,0.366555945370681,99.33
"41053",0,0,0,0,0.216142399118051,79.13
"41055",0,0,0,0,0.0774760865711782,7.35
"41057",0.00026123301985371,1.5843066862566,1,1,0.177141051730394,65.45
"41059",0,0,0,0,0.185529255027455,68.95
"41061",0,0,0,0,0.180424339985825,66.66
"41063",0,0,0,0,0.188615123005031,70.06
"41065",0,0,0,0,0.171385343488161,62.77
"41067",0.000298989061736801,1.81328673493292,1,1,0.306785486501736,95.55
"41069",0,0,0,0,0.102504407549575,21.32
"41071",0,0,0,0,0.243316978930608,85.17
"42001",0.0014596257102643,8.852229987996,1,1,0.263523067368786,89.28
"42003",0.00142666395945639,8.65232600103089,1,1,0.325075493568745,97.23
"42005",0.000896308330065543,5.4358644288748,1,1,0.259974169075498,88.77
"42007",0.000895142954329807,5.42879674435636,1,1,0.28651709723219,92.87
"42009",0.0006823788777492,4.13844091831785,1,1,0.204231277597039,75.28
"42011",0.000726287993940683,4.40473767670139,1,1,0.333482833549756,97.71
"42013",0.000966275404330815,5.86019556296481,1,1,0.289033614009429,93.22
"42015",0.00167483660130719,10.1574250733088,1,1,0.205829746334097,75.95
"42017",0.000615546957439325,3.73312363391943,1,1,0.423909604942061,100
"42019",0.000297701538808989,1.80547826116347,1,1,0.323253602039938,97.1
"42021",0.00153444836581249,9.30600889211333,1,1,0.273312552343401,90.93
"42023",0.00277161862527716,16.8091075249176,1,1,0.0960641225631623,17.18
"42025",0.00112347528354376,6.8135697568369,1,1,0.197103399240696,73.02
"42027",0.000395134901524974,2.39638490880642,1,1,0.203583819569571,75.06
"42029",3.54788581484293e-06,0.0215169553285351,1,0,0.360144573962737,99.14
"42031",0.00134895278665247,8.18102903122577,1,1,0.210398225440593,77.44
"42033",0.000748993539930718,4.5424405916976,1,1,0.231474184972641,82.72
"42035",0,0,0,0,0.187095480186569,69.36
"42037",0.00119198390821724,7.22905579377517,1,1,0.214911997082623,78.81
"42039",0.00101927353595256,6.18161470949711,1,1,0.269502240144506,90.14
"42041",0.00106325368836761,6.44834228311231,1,1,0.236362243147508,83.84
"42043",0.000575868194506803,3.49248280891351,1,1,0.230387939560818,82.47
"42045",0.000877920697181794,5.3243484737384,1,1,0.317937379326508,96.69
"42047",0.00196975026380584,11.9459956285422,1,1,0.183404588009712,68.02
"42049",0.000153871009932374,0.933185513812271,1,0,0.295760131514335,94.02
"42051",0.000693265759843178,4.2044668751576,1,1,0.263522224677754,89.25
"42053",0.00169851380042463,10.3010207982849,1,1,0.126621948079537,37.45
"42055",0.00122458614889787,7.42677945032594,1,1,0.251801198967728,86.99
"42057",0.00112721417069243,6.83624508291978,1,1,0.131634019344191,40.5
"42059",0.00187470707701922,11.3695847429906,1,1,0.144802277371107,48.43
"42061",0.000882792340078772,5.35389365305401,1,1,0.188670168064992,70.09
"42063",0.000643376439554783,3.90190181753217,1,1,0.249576998410447,86.45
"42065",0.00158739849807681,9.6271369356949,1,1,0.219442100691535,79.99
"42067",0,0,0,0,0.17274673733761,63.12
"42069",0.00104141706449413,6.31590914266399,1,1,0.281663705671552,92.11
"42071",0.000695376100134158,4.21726551077858,1,1,0.419581282525083,99.97
"42073",0.00032932652725177,1.99727515066368,1,1,0.266673528397418,89.91
"42075",0.00108563125281847,6.58405607994199,1,1,0.265549785158105,89.56
"42077",0.000247270862334237,1.4996300266021,1,1,0.287867501487718,93.06
"42079",0.000681407137580559,4.13254758045672,1,1,0.292747487952442,93.73
"42081",0.000732802051845745,4.44424365301109,1,1,0.294289639668495,93.86
"42083",0.000395987328405491,2.40155464426753,1,1,0.192058813174148,71.27
"42085",0.000311422995473986,1.88869513608882,1,1,0.266186561024041,89.82
"42087",0.000474408307416583,2.87715639422868,1,1,0.228747944567213,82.02
"42089",0.00126256648201632,7.65711976388777,1,1,0.238560341848013,84.25
"42091",0.000498599601120319,3.02386996200617,1,1,0.360813805643311,99.17
"42093",0.000221300138312586,1.34212470151928,1,1,0.086587731055873,11.58
"42095",0.00145787697590433,8.84162439326476,1,1,0.305700578415512,95.35
"42097",0.00115416323165705,6.99968375349247,1,1,0.245215907637598,85.65
"42099",0.00121654501216545,7.37801215935555,1,1,0.206568772934015,76.36
"42101",0.000231343449763832,1.40303463355343,1,1,0.252844026896627,87.31
"42103",0.00123228589032656,7.47347627232318,1,1,0.191075508266121,70.95
"42105",0.00126103404791929,7.64782597098393,1,1,0.15891692238155,56.44
"42107",0.00115963036782026,7.03284043629963,1,1,0.255574584824849,87.78
"42109",0,0,0,0,0.196720260880671,72.89
"42111",0.00135623869801085,8.22521608723815,1,1,0.267723601189635,90.04
"42113",0,0,0,0,0.126942915575892,37.58
"42115",0.00265327395053539,16.0913794996425,1,1,0.234206433222931,83.23
"42117",0.00206773618538324,12.5402533942758,1,1,0.205261147922012,75.69
"42119",0.00139275766016713,8.44669358633741,1,1,0.175264219615845,64.49
"42121",0.000950942551882307,5.767206014143,1,1,0.240808607028719,84.7
"42123",0.000271076172404446,1.6440027094037,1,1,0.192227582428336,71.4
"42125",0.000669176076955249,4.0583695491361,1,1,0.313511237712915,96.37
"42127",0,0,0,0,0.236094368810731,83.81
"42129",0.00103414061517392,6.27177947132047,1,1,0.358087953731221,99.05
"42131",0.00144272386265269,8.74972491342252,1,1,0.174462737091916,64.05
"42133",0.000787179372929941,4.77402720572834,1,1,0.338578052631,98
"44001",0.000324903882601397,1.97045302268596,1,1,0.281392833247335,92.01
"44003",0.000456155092731529,2.76645564863609,1,1,0.30258347809096,94.85
"44005",0.00113374174556448,6.87583303593056,1,1,0.239045385489234,84.35
"44007",0.000906848407753709,5.49978711201944,1,1,0.333187107130111,97.68
"44009",0.0011272953810555,6.83673760151977,1,1,0.285629418023333,92.71
"45001",0.00014553922282055,0.88265550793047,1,0,0.141918144899848,46.87
"45003",0,0,0,0,0.177331313604113,65.57
"45005",0.00477978832365995,28.9881064970514,1,1,0.092898727959162,15.53
"45007",1.2058071673178e-05,0.0731289007257784,1,0,0.249295987617236,86.38
"45009",0,0,0,0,0.126337935251088,37.03
"45011",0,0,0,0,0.113482251132119,28.41
"45013",1.10455740384828e-05,0.066988380000776,1,0,0.255332777727493,87.62
"45015",1.28937426666839e-05,0.0781970163233526,1,0,0.251971877692938,87.05
"45017",0,0,0,0,0.101881078273244,21
"45019",0.000114242555986786,0.692849799027191,1,0,0.301084761242208,94.59
"45021",0,0,0,0,0.178645884304492,66.08
"45023",0.000172666839333506,1.04717706897872,1,1,0.159784323093352,56.92
"45025",0,0,0,0,0.128295037697692,38.75
"45027",0,0,0,0,0.161798749223097,57.91
"45029",0,0,0,0,0.179756184478783,66.56
"45031",0,0,0,0,0.157008105985213,55.2
"45033",0,0,0,0,0.120472013423219,32.9
"45035",4.13890153553247e-05,0.251013037332489,1,0,0.255120653276258,87.56
"45037",0,0,0,0,0.136419137269167,43.46
"45039",0,0,0,0,0.126414702828775,37.1
"45041",0,0,0,0,0.19848162819332,73.56
"45043",0,0,0,0,0.195717614536959,72.64
"45045",6.04914933837429e-06,0.0366864332400167,1,0,0.322194765806257,97.01
"45047",0,0,0,0,0.183089916682574,67.77
"45049",0,0,0,0,0.139600197978644,45.69
"45051",6.09139529500627e-06,0.0369426433913859,1,0,0.287481220554393,93.03
"45053",0,0,0,0,0.183429984150076,68.06
"45055",0,0,0,0,0.211031751710806,77.76
"45057",3.04553068372164e-05,0.184703091061071,1,0,0.215113653692492,78.84
"45059",0,0,0,0,0.155038608859156,53.9
"45061",0,0,0,0,0.138951106889168,45.15
"45063",5.42862377601498e-05,0.329231157314202,1,0,0.299184669662443,94.46
"45065",0,0,0,0,0.14099779327787,46.39
"45067",0,0,0,0,0.13086286894615,40.15
"45069",0,0,0,0,0.100799231783972,20.2
"45071",0,0,0,0,0.130775329690534,40.03
"45073",6.8958383615488e-05,0.418213701685361,1,0,0.217906833807029,79.64
"45075",0,0,0,0,0.192552654013183,71.59
"45077",2.07852674024651e-05,0.126056951528554,1,0,0.181797937789906,67.36
"45079",1.14848801552756e-05,0.0696526512270476,1,0,0.232995772016804,82.95
"45081",0,0,0,0,0.0961184431000654,17.21
"45083",5.74085768413801e-06,0.0348167288305314,1,0,0.266044021566566,89.72
"45085",0,0,0,0,0.181388217548267,67.13
"45087",0,0,0,0,0.115538516827322,29.81
"45089",0,0,0,0,0.124377423599508,35.7
"45091",8.44238075137189e-06,0.0512007260024505,1,0,0.299051429606702,94.37
"46003",0,0,0,0,0.0642646107364659,3.28
"46005",0,0,0,0,0.144178458416027,48.2
"46007",0,0,0,0,0.067863817917269,3.95
"46009",0,0,0,0,0.10444701405841,22.53
"46011",0.000354609929078014,2.15061205496108,1,1,0.166990273243935,60.87
"46013",0,0,0,0,0.210225386648853,77.35
"46015",0,0,0,0,0.119867699773601,32.48
"46017",0,0,0,0,0.0547173837182748,1.46
"46019",0,0,0,0,0.170975850702308,62.71
"46021",0,0,0,0,0.0712256676025964,4.96
"46023",0,0,0,0,0.121644539414171,33.85
"46025",0,0,0,0,0.068125983150005,4.04
"46027",0,0,0,0,0.102211711676445,21.13
"46029",0,0,0,0,0.201894454971247,74.42
"46031",0,0,0,0,0.0521875152236824,1.3
"46033",0,0,0,0,0.165206739116617,59.75
"46035",0,0,0,0,0.181540294417948,67.23
"46037",0,0,0,0,0.111997345441976,27.43
"46039",0,0,0,0,0.0952064153702751,16.8
"46041",0,0,0,0,0.0766561802474384,7
"46043",0,0,0,0,0.0813976969518269,8.81
"46045",0,0,0,0,0.0838377922742747,10.18
"46047",0,0,0,0,0.120291277766213,32.77
"46049",0,0,0,0,0.0759988823930151,6.71
"46051",0,0,0,0,0.10851735464792,24.82
"46053",0,0,0,0,0.113317042888484,28.29
"46055",0,0,0,0,0.0855638209373101,10.98
"46057",0,0,0,0,0.0821930527099475,9.26
"46059",0,0,0,0,0.0805097948718284,8.4
"46061",0,0,0,0,0.0874412716668007,12.22
"46063",0,0,0,0,0.0561086329437788,1.62
"46065",0,0,0,0,0.156031558882218,54.53
"46067",0,0,0,0,0.0934013741323663,15.72
"46069",0,0,0,0,0.0558493442757176,1.56
"46071",0,0,0,0,0.0640746962257326,3.25
"46073",0,0,0,0,0.0514316238161941,1.21
"46075",0,0,0,0,0.0637992615769071,3.18
"46077",0,0,0,0,0.0915776007511017,14.7
"46079",0,0,0,0,0.130804131037319,40.09
"46081",0,0,0,0,0.213220561669117,78.21
"46083",0,0,0,0,0.215425401472304,78.94
"46085",0,0,0,0,0.0701410307279218,4.49
"46087",0,0,0,0,0.104648563746536,22.62
"46089",0,0,0,0,0.063676688196845,3.15
"46091",0,0,0,0,0.0770732669087255,7.16
"46093",0,0,0,0,0.199981136868908,73.88
"46095",0,0,0,0,0.0390124796202036,0.38
"46097",0,0,0,0,0.0850599508224265,10.53
"46099",0,0,0,0,0.27809952008193,91.54
"46101",0,0,0,0,0.0786645164280783,7.73
"46102",0,0,0,0,0.0455872177968523,0.7
"46103",0.000166211892460906,1.00802958488418,1,1,0.311609914785978,96.05
"46105",0,0,0,0,0.0958603022424827,17.05
"46107",0,0,0,0,0.0756673779261553,6.59
"46109",0,0,0,0,0.0944683882513843,16.32
"46111",0,0,0,0,0.055951989397928,1.59
"46115",0,0,0,0,0.0751044703710255,6.3
"46117",0,0,0,0,0.0973110391705135,17.82
"46119",0,0,0,0,0.0608887992769023,2.51
"46121",0,0,0,0,0.0431327865129362,0.54
"46123",0,0,0,0,0.105746337701942,23.32
"46125",0,0,0,0,0.110987739125271,26.54
"46127",0,0,0,0,0.140243814391179,46.01
"46129",0,0,0,0,0.121745276102988,33.92
"46135",0,0,0,0,0.175716767636043,64.81
"46137",0,0,0,0,0.0468375476703518,0.86
"47001",2.01102039174677e-05,0.121962876462821,1,0,0.153615357350234,53.42
"47003",0,0,0,0,0.158109048715814,55.87
"47005",0,0,0,0,0.160524698563222,57.4
"47007",0,0,0,0,0.143369216270287,47.69
"47009",1.57040108043594e-05,0.0952405225508065,1,0,0.239120300628691,84.38
"47011",2.09222529081932e-05,0.12688773108608,1,0,0.21917576693926,79.89
"47013",0,0,0,0,0.165220954561614,59.85
"47015",0,0,0,0,0.16846712847591,61.66
"47017",0,0,0,0,0.147308627815022,49.83
"47019",0,0,0,0,0.174058855420709,63.76
"47021",0,0,0,0,0.1706781170312,62.58
"47023",0,0,0,0,0.129354757972209,39.36
"47025",0,0,0,0,0.129388069820917,39.39
"47027",0,0,0,0,0.113980316039759,28.76
"47029",0,0,0,0,0.150124744737827,51.45
"47031",3.38352224665877e-05,0.205201353239393,1,0,0.173900816895257,63.6
"47033",0,0,0,0,0.101492489148467,20.62
"47035",0,0,0,0,0.201633131927414,74.36
"47037",2.09475039437705e-05,0.127040871697946,1,0,0.300016173323371,94.5
"47039",0,0,0,0,0.159865874302132,57.02
"47041",0,0,0,0,0.126963137273049,37.67
"47043",0,0,0,0,0.208894779736559,77
"47045",0,0,0,0,0.126767295182356,37.48
"47047",0,0,0,0,0.205077388243954,75.6
"47049",0,0,0,0,0.119066743937452,32.17
"47051",0,0,0,0,0.16191871338867,58
"47053",0,0,0,0,0.17560389830098,64.72
"47055",0,0,0,0,0.155748669989323,54.34
"47057",0,0,0,0,0.127514877391453,38.08
"47059",0,0,0,0,0.180044643896465,66.59
"47061",0,0,0,0,0.13901485944365,45.28
"47063",0,0,0,0,0.167548691277877,61.18
"47065",5.26168803046922e-05,0.319106961759158,1,0,0.302588481145761,94.88
"47067",0,0,0,0,0.100043124477139,19.79
"47069",0,0,0,0,0.125773433411501,36.62
"47071",0,0,0,0,0.163920930200165,59.12
"47073",0,0,0,0,0.134871299510003,42.57
"47075",0,0,0,0,0.083561929637077,10.05
"47077",0,0,0,0,0.141962547779246,46.93
"47079",0,0,0,0,0.176438643768285,65.03
"47081",0,0,0,0,0.163132695764999,58.7
"47083",0,0,0,0,0.155557113335397,54.25
"47085",0,0,0,0,0.145264396120113,48.84
"47087",0,0,0,0,0.136284013330688,43.4
"47089",0,0,0,0,0.152409368623736,52.82
"47091",0,0,0,0,0.126541073843249,37.38
"47093",3.05829102697413e-05,0.185476970915354,1,0,0.309370242232902,95.86
"47095",0,0,0,0,0.0717925407639764,5.15
"47097",0,0,0,0,0.0919161424882692,14.89
"47099",0,0,0,0,0.173433593585694,63.32
"47101",0,0,0,0,0.138211360762968,44.7
"47103",0,0,0,0,0.152011187220124,52.37
"47105",0,0,0,0,0.17839200937168,65.96
"47107",0.000151630022744503,0.919594540559554,1,0,0.167703962760194,61.25
"47109",0,0,0,0,0.173854598065204,63.57
"47111",0,0,0,0,0.136017946010483,43.21
"47113",0,0,0,0,0.213075626835501,78.14
"47115",0,0,0,0,0.151863840898027,52.24
"47117",0,0,0,0,0.159543151120483,56.76
"47119",2.07219528368353e-05,0.125672966036517,1,0,0.229586291638171,82.34
"47121",0,0,0,0,0.093200926181561,15.59
"47123",0,0,0,0,0.149262607648468,51.03
"47125",1.3531799729364e-05,0.082066657577676,1,0,0.23078664295162,82.6
"47127",0,0,0,0,0.0697803884822669,4.3
"47129",0,0,0,0,0.11078823967811,26.34
"47131",0,0,0,0,0.144377636773631,48.33
"47133",0,0,0,0,0.163450725079239,58.89
"47135",0,0,0,0,0.104346500372455,22.43
"47137",0,0,0,0,0.142897320688057,47.47
"47139",0,0,0,0,0.139677026465257,45.72
"47141",0,0,0,0,0.216825622685009,79.35
"47143",0,0,0,0,0.109881090862103,25.8
"47145",0,0,0,0,0.132790608186209,41.27
"47147",0,0,0,0,0.194057734554098,72.1
"47149",1.18336193124667e-05,0.0717676586591356,1,0,0.256084470647897,87.97
"47151",0,0,0,0,0.133000260468309,41.46
"47153",0,0,0,0,0.128089968033344,38.43
"47155",5.07065107159759e-05,0.307521093654431,1,0,0.185707792233555,69.04
"47157",7.86130464749362e-05,0.476766586501923,1,0,0.284065082674828,92.4
"47159",0,0,0,0,0.129050995174196,39.2
"47161",0,0,0,0,0.111166838475898,26.69
"47163",3.8709177946091e-05,0.234760557734362,1,0,0.225911472214414,81.45
"47165",1.35560134475653e-05,0.082213507143887,1,0,0.279795129712726,91.7
"47167",0,0,0,0,0.175523588542659,64.59
"47169",0,0,0,0,0.102385970004413,21.22
"47171",0,0,0,0,0.111516467494181,27.04
"47173",0,0,0,0,0.158360634733161,56.09
"47175",0,0,0,0,0.125494610154277,36.43
"47177",6.12594952217594e-05,0.371522053111386,1,0,0.170050551724483,62.39
"47179",0.000515887954713403,3.12871908945273,1,1,0.229366986237475,82.18
"47181",0,0,0,0,0.125441469516969,36.37
"47183",0,0,0,0,0.136749638287424,43.75
"47185",0,0,0,0,0.153517294485906,53.36
"47187",1.17035719301531e-05,0.0709789569190377,1,0,0.282906400323351,92.24
"47189",0,0,0,0,0.227466172823726,81.8
"48001",0,0,0,0,0.174856831027566,64.21
"48003",0,0,0,0,0.0963449240518671,17.34
"48005",0.000276799194765979,1.6787112718896,1,1,0.210931817189182,77.73
"48007",0,0,0,0,0.202396945809327,74.61
"48009",0,0,0,0,0.101732164605666,20.9
"48011",0,0,0,0,0.0868123333089809,11.71
"48013",0,0,0,0,0.150016016286383,51.38
"48015",0.000647584509778526,3.92742261040685,1,1,0.223911084964825,80.97
"48017",0,0,0,0,0.0764897586283651,6.9
"48019",0.00019485580670304,1.18174707618672,1,1,0.187847191262871,69.68
"48021",0,0,0,0,0.235624072748953,83.58
"48023",0,0,0,0,0.0985933657314528,18.74
"48025",0.00030826140567201,1.86952096023128,1,1,0.131969089626124,40.88
"48027",0,0,0,0,0.164855608929795,59.53
"48029",2.42028872182691e-05,0.146783879266454,1,0,0.265809050543426,89.66
"48031",0,0,0,0,0.174475836594617,64.11
"48033",0,0,0,0,0.0720866777755338,5.28
"48035",0,0,0,0,0.127203753043826,37.89
"48037",0,0,0,0,0.214634553932451,78.71
"48039",0,0,0,0,0.241068662942288,84.76
"48041",0,0,0,0,0.180916422088987,66.94
"48043",0.000190367409099562,1.15452617456506,1,1,0.143667614968924,47.82
"48045",0,0,0,0,0.087023110123167,11.93
"48047",0,0,0,0,0.0863023016822244,11.49
"48049",0.000281293952180028,1.70597074401976,1,1,0.18443561045582,68.37
"48051",0,0,0,0,0.148876659103952,50.72
"48053",0,0,0,0,0.244319744527534,85.49
"48055",0,0,0,0,0.171189737662235,62.74
"48057",0,0,0,0,0.100327458371769,19.98
"48059",0,0,0,0,0.155608622076097,54.28
"48061",0,0,0,0,0.202634482138608,74.71
"48063",0,0,0,0,0.113754435475186,28.6
"48065",0,0,0,0,0.0434658272089519,0.57
"48067",0,0,0,0,0.126367168649489,37.07
"48069",0,0,0,0,0.0633690060222983,3.05
"48071",0,0,0,0,0.137745580730954,44.42
"48073",0,0,0,0,0.16007125034186,57.14
"48075",0,0,0,0,0.0975330145154032,17.98
"48077",0,0,0,0,0.109843290211677,25.71
"48079",0,0,0,0,0.111217951888817,26.73
"48081",0,0,0,0,0.0845036190388483,10.37
"48083",0,0,0,0,0.115147698226941,29.49
"48085",0,0,0,0,0.246034183613582,85.75
"48087",0,0,0,0,0.0963110144632696,17.28
"48089",0,0,0,0,0.154258071056893,53.58
"48091",0,0,0,0,0.300528738421016,94.53
"48093",0,0,0,0,0.11065687280888,26.19
"48095",0,0,0,0,0.0910907671318913,14.54
"48097",0,0,0,0,0.1734593483383,63.35
"48099",0,0,0,0,0.147450608526411,49.89
"48101",0,0,0,0,0.11945828885813,32.26
"48103",0,0,0,0,0.0741794301417572,5.98
"48105",0,0,0,0,0.0878609481144,12.41
"48107",0,0,0,0,0.0898240481494602,13.84
"48109",0,0,0,0,0.0707444483875416,4.68
"48111",0,0,0,0,0.0914750470635211,14.67
"48113",6.33147726326631e-05,0.38398674745221,1,0,0.343498903769682,98.35
"48115",0,0,0,0,0.0978484798802219,18.26
"48117",0,0,0,0,0.0817206114103411,9.07
"48119",0,0,0,0,0.108255584825785,24.72
"48121",0,0,0,0,0.333846567280412,97.74
"48123",0,0,0,0,0.113678904074053,28.54
"48125",0,0,0,0,0.108318686522115,24.75
"48127",0,0,0,0,0.101143501585877,20.33
"48129",0,0,0,0,0.101923817323166,21.06
"48131",0,0,0,0,0.0842142895017838,10.28
"48133",0,0,0,0,0.146155966146717,49.22
"48135",0,0,0,0,0.203501280767923,74.96
"48137",0,0,0,0,0.122310505761773,34.2
"48139",0.000336573413392929,2.0412255294267,1,1,0.270527688461628,90.39
"48141",0,0,0,0,0.232009019042725,82.76
"48143",0,0,0,0,0.174934547804358,64.27
"48145",0,0,0,0,0.105742101678283,23.29
"48147",0.000287218764959311,1.74190311009773,1,1,0.157563900093398,55.65
"48149",0,0,0,0,0.197981870278181,73.27
"48151",0,0,0,0,0.0858620624914808,11.2
"48153",0,0,0,0,0.0818370240314452,9.1
"48155",0,0,0,0,0.0892789545854514,13.36
"48157",0,0,0,0,0.262905175617367,89.15
"48159",0,0,0,0,0.0867353127514807,11.64
"48161",0,0,0,0,0.12651261462458,37.29
"48163",0,0,0,0,0.081554281138807,8.97
"48165",0,0,0,0,0.148897646265763,50.75
"48167",0.00032761060343085,1.98686854286152,1,1,0.225356569376337,81.29
"48169",0,0,0,0,0.0879779747708992,12.63
"48171",0,0,0,0,0.225920300616755,81.48
"48173",0,0,0,0,0.0814835583426718,8.91
"48175",0,0,0,0,0.106527891138137,23.77
"48177",0,0,0,0,0.0907324457528645,14.32
"48179",0,0,0,0,0.126030247919544,36.84
"48181",0,0,0,0,0.233727168363993,83.04
"48183",0,0,0,0,0.249077715090794,86.32
"48185",0,0,0,0,0.157976911362922,55.81
"48187",0,0,0,0,0.223076646674758,80.78
"48189",0,0,0,0,0.138072394322834,44.64
"48191",0,0,0,0,0.116730461035939,30.67
"48193",0,0,0,0,0.0990826929425216,19.09
"48195",0.0017531556802244,10.6324088271218,1,1,0.0976725459591343,18.07
"48197",0,0,0,0,0.0772499163580954,7.25
"48199",0,0,0,0,0.165375908960273,59.94
"48201",2.47398405662804e-05,0.150040354194235,1,0,0.346664463768994,98.54
"48203",0,0,0,0,0.203127470625495,74.83
"48205",0,0,0,0,0.0700611771129327,4.45
"48207",0,0,0,0,0.112821465697574,27.94
"48209",0.000200537805934096,1.21620684462682,1,1,0.297969111088201,94.24
"48211",0,0,0,0,0.0871406676806049,11.96
"48213",4.15385893495057e-05,0.251920162623173,1,0,0.2201327930857,80.15
"48215",0,0,0,0,0.22253573602737,80.62
"48217",0,0,0,0,0.157411038110053,55.55
"48219",0,0,0,0,0.0951572294819114,16.77
"48221",0,0,0,0,0.24375378827095,85.3
"48223",0,0,0,0,0.176954795234386,65.38
"48225",0,0,0,0,0.187733009797967,69.62
"48227",0,0,0,0,0.16011140097216,57.17
"48229",0,0,0,0,0.067845408658195,3.91
"48231",0.000129540390693818,0.785626974841994,1,0,0.196355995067498,72.83
"48233",0,0,0,0,0.0977820745923404,18.17
"48235",0,0,0,0,0.0616609169387994,2.83
"48237",0,0,0,0,0.111097111081463,26.63
"48239",0,0,0,0,0.0901803071232834,14.06
"48241",0,0,0,0,0.151193586818794,51.89
"48243",0,0,0,0,0.0833229583508007,9.9
"48245",0,0,0,0,0.242552543542226,85.05
"48247",0,0,0,0,0.0780452877763844,7.6
"48249",0,0,0,0,0.10184811680582,20.97
"48251",0,0,0,0,0.258782771999994,88.64
"48253",0,0,0,0,0.121713866949632,33.88
"48255",0,0,0,0,0.0907004716556304,14.25
"48257",0,0,0,0,0.240475653901716,84.6
"48259",0.000498173364330787,3.02128495266868,1,1,0.251073419530949,86.86
"48261",0,0,0,0,0.020806263098286,0.06
"48263",0,0,0,0,0.0819496022791003,9.13
"48265",0,0,0,0,0.226700270339583,81.74
"48267",0,0,0,0,0.128196210129302,38.56
"48269",0,0,0,0,0.0499011949415793,1.02
"48271",0,0,0,0,0.0531451764629918,1.34
"48273",0,0,0,0,0.134348022800999,42.32
"48275",0,0,0,0,0.0743765397527457,6.08
"48277",0,0,0,0,0.173806372715756,63.51
"48279",0,0,0,0,0.0886749967542632,12.98
"48281",0,0,0,0,0.152318324611301,52.72
"48283",0.00225352112676056,13.6669881577245,1,1,0.0809109179346907,8.5
"48285",0,0,0,0,0.143977699964544,48.01
"48287",0,0,0,0,0.115102740985389,29.43
"48289",0.000148323939483833,0.899544051466962,1,0,0.100560881165091,20.08
"48291",0,0,0,0,0.175075139642252,64.4
"48293",0,0,0,0,0.101177229825186,20.39
"48295",0,0,0,0,0.0772592485544913,7.29
"48297",0,0,0,0,0.0942178141104181,16.16
"48299",0,0,0,0,0.155826289907609,54.37
"48301",0,0,0,0,0.0237320645143661,0.13
"48303",0,0,0,0,0.274996941682701,91.19
"48305",0,0,0,0,0.0829820424045318,9.64
"48307",0,0,0,0,0.105770581259531,23.35
"48309",2.92761472590207e-05,0.177551811314946,1,0,0.256189594191203,88.01
"48311",0,0,0,0,0.0816112635153743,9
"48313",0,0,0,0,0.086083777989642,11.29
"48315",0,0,0,0,0.0988449875579396,18.96
"48317",0,0,0,0,0.0856427594763624,11.07
"48319",0,0,0,0,0.134893361984592,42.67
"48321",0.000595326685518678,3.61049322517652,1,1,0.157062766913334,55.27
"48323",4.61957777059177e-05,0.28016473391187,1,0,0.131843466769697,40.69
"48325",0,0,0,0,0.160666046282938,57.46
"48327",0,0,0,0,0.10248665343088,21.29
"48329",0.000122525558065628,0.743083937051301,1,0,0.160516374111353,57.37
"48331",0,0,0,0,0.137479580500166,44.32
"48333",0.00902527075812274,54.7357941786124,1,1,0.12067404666757,33.18
"48335",0,0,0,0,0.0768056430926743,7.06
"48337",0,0,0,0,0.166778511230932,60.77
"48339",0,0,0,0,0.292223872631802,93.51
"48341",0,0,0,0,0.074634469915767,6.14
"48343",0,0,0,0,0.087453929406261,12.25
"48345",0,0,0,0,0.116427046343593,30.42
"48347",0,0,0,0,0.168633264015987,61.69
"48349",0,0,0,0,0.19212200331049,71.3
"48351",0,0,0,0,0.104421594271775,22.49
"48353",0,0,0,0,0.110205839909369,26.03
"48355",1.08945516347275e-05,0.0660724705028953,1,0,0.254240987504304,87.46
"48357",0,0,0,0,0.0865750818079375,11.55
"48359",0,0,0,0,0.0597243996903355,2.13
"48361",0,0,0,0,0.178453425590595,65.99
"48363",0,0,0,0,0.16796738292815,61.37
"48365",0,0,0,0,0.13063690596094,39.93
"48367",1.95648771325716e-05,0.118655618934697,1,0,0.296336020571237,94.15
"48369",0,0,0,0,0.0513062471050291,1.18
"48371",0,0,0,0,0.122893462084229,34.68
"48373",0,0,0,0,0.156958354023702,55.07
"48375",0,0,0,0,0.24807832384536,86
"48377",0,0,0,0,0.10922687808235,25.29
"48379",0,0,0,0,0.128700277081241,38.91
"48381",0,0,0,0,0.255277055504754,87.59
"48383",0,0,0,0,0.0720489901467147,5.25
"48385",0,0,0,0,0.0861876777499049,11.39
"48387",0,0,0,0,0.106506451824728,23.7
"48389",0,0,0,0,0.10481427820078,22.75
"48391",0,0,0,0,0.0851745276955401,10.59
"48393",0,0,0,0,0.0893737572693945,13.52
"48395",0,0,0,0,0.107167704098533,24.02
"48397",6.17042719924309e-05,0.374219502354445,1,0,0.255429017814927,87.66
"48399",0,0,0,0,0.0997462831843143,19.63
"48401",0,0,0,0,0.155041067410769,53.93
"48403",0,0,0,0,0.117509747613912,31.21
"48405",0,0,0,0,0.0812940124442405,8.75
"48407",0,0,0,0,0.181621406037306,67.26
"48409",0.000323389117956181,1.96126639016582,1,1,0.162125033426176,58.16
"48411",0,0,0,0,0.104989647317998,22.81
"48413",0,0,0,0,0.0963706735180248,17.37
"48415",0,0,0,0,0.101534923596083,20.74
"48417",0,0,0,0,0.0932107101940905,15.62
"48419",0,0,0,0,0.121841296805679,34.01
"48421",0,0,0,0,0.0487496177136466,0.92
"48423",0.000108241006332099,0.656452044826185,1,0,0.26984684707647,90.3
"48425",0,0,0,0,0.111790441030832,27.24
"48427",0,0,0,0,0.134386063144596,42.35
"48429",0.000542005420054201,3.28711436042832,1,1,0.113030600194875,28.09
"48431",0,0,0,0,0.0554605390584886,1.53
"48433",0,0,0,0,0.12101945829771,33.38
"48435",0,0,0,0,0.0749470707734288,6.27
"48437",0,0,0,0,0.0940214347296319,16.1
"48439",0.000140685927956417,0.853221604406612,1,0,0.343936050618185,98.41
"48441",0,0,0,0,0.226358083986416,81.58
"48443",0,0,0,0,0.0742713666122216,6.05
"48445",0,0,0,0,0.106521768038787,23.74
"48447",0,0,0,0,0.0843704341648744,10.31
"48449",0,0,0,0,0.127252865590288,37.93
"48451",0,0,0,0,0.227801156743796,81.83
"48453",3.01187885018513e-06,0.0182662199564791,1,0,0.302058071229465,94.72
"48455",0,0,0,0,0.135099548916581,42.73
"48457",0,0,0,0,0.118698288778186,31.98
"48459",0,0,0,0,0.146361455042395,49.32
"48461",0,0,0,0,0.0463079965600107,0.8
"48463",0.000425314732902348,2.57941731668521,1,1,0.176325739676382,65
"48465",0,0,0,0,0.129043110227594,39.13
"48467",0,0,0,0,0.212082919664186,77.92
"48469",0,0,0,0,0.248750759375741,86.19
"48471",3.2885001150975e-05,0.199438521325603,1,0,0.116280442264408,30.38
"48473",0,0,0,0,0.155167167256433,53.99
"48475",0,0,0,0,0.0970744022267929,17.69
"48477",0,0,0,0,0.175596389550058,64.68
"48479",4.08060001142568e-05,0.247477209644509,1,0,0.188153675107957,69.81
"48481",0,0,0,0,0.166253217457662,60.48
"48483",0,0,0,0,0.0936078628321335,15.88
"48485",3.11264668347496e-05,0.188773492544908,1,0,0.194447574440552,72.26
"48487",0,0,0,0,0.0889625072912753,13.17
"48489",0,0,0,0,0.0941459902751589,16.13
"48491",2.64955809156116e-05,0.160688438331277,1,0,0.279104886032887,91.63
"48493",0,0,0,0,0.182167668273002,67.52
"48495",0,0,0,0,0.0669959267046257,3.69
"48497",0,0,0,0,0.20101665003742,74.23
"48499",0.000686446495309282,4.16310990427216,1,1,0.22135554422704,80.4
"48501",0,0,0,0,0.0872172215435288,11.99
"48503",0,0,0,0,0.13560032055207,42.95
"48505",0,0,0,0,0.111279110899945,26.76
"48507",0,0,0,0,0.0892692834690293,13.33
"49001",0,0,0,0,0.107059426728582,23.96
"49003",0,0,0,0,0.164936333063786,59.56
"49005",0,0,0,0,0.248574073314574,86.16
"49007",0,0,0,0,0.136606575329,43.59
"49009",0,0,0,0,0.0884050130249877,12.73
"49011",0,0,0,0,0.290111788939787,93.32
"49013",0,0,0,0,0.141720863943887,46.71
"49015",0,0,0,0,0.0868183014747754,11.77
"49017",0,0,0,0,0.0979797910781835,18.39
"49019",0,0,0,0,0.140349154534067,46.07
"49021",0,0,0,0,0.2355112016319,83.55
"49023",0,0,0,0,0.121380872055794,33.69
"49025",0,0,0,0,0.123713423027104,35.25
"49027",0,0,0,0,0.109775678558321,25.61
"49029",0,0,0,0,0.153193861394206,53.17
"49031",0,0,0,0,0.0571343057911207,1.78
"49033",0,0,0,0,0.103300267796617,21.95
"49035",1.02417974582135e-05,0.0621136952802524,1,0,0.392968052594204,99.81
"49037",0,0,0,0,0.111792713838806,27.27
"49039",0,0,0,0,0.167676398170457,61.22
"49041",0,0,0,0,0.175651935813033,64.78
"49043",0,0,0,0,0.220641615550557,80.24
"49045",0,0,0,0,0.185206947188838,68.85
"49047",0,0,0,0,0.175442886940291,64.56
"49049",0,0,0,0,0.327626284549285,97.3
"49051",0,0,0,0,0.252824175223042,87.27
"49053",0,0,0,0,0.303797540798002,95.1
"49055",0,0,0,0,0.0998909600205272,19.66
"49057",0,0,0,0,0.257995732634449,88.42
"50001",0.000628403854210306,3.81109718998131,1,1,0.255862301928863,87.94
"50003",0.00181131294312477,10.9851166912311,1,1,0.254354348360572,87.5
"50005",0.000311939483740154,1.89182749590276,1,1,0.253565123236722,87.37
"50007",9.39576677998531e-05,0.569827510334428,1,0,0.312045012815817,96.12
"50009",0,0,0,0,0.121081294487798,33.47
"50011",0.000740155926181782,4.48884288586075,1,1,0.201958093740194,74.45
"50013",0,0,0,0,0.1820525103245,67.48
"50015",0.0011693492915119,7.09178304545566,1,1,0.229490848457256,82.28
"50017",0.000474023511566174,2.87482271283194,1,1,0.215142681630035,78.87
"50019",0.0017135290910507,10.3920844216672,1,1,0.222109444736354,80.53
"50021",0.00134920085795337,8.18253351569294,1,1,0.294303808315183,93.89
"50023",0.000880646498135102,5.34087970963709,1,1,0.250504254811691,86.73
"50025",4.14714054659312e-05,0.251512710778014,1,0,0.26089261396201,88.83
"50027",0.00174825174825175,10.6026678234095,1,1,0.292566019400533,93.64
"51001",0,0,0,0,0.132451845625534,41.14
"51003",0.000267827251422832,1.62429889387084,1,1,0.187842597897157,69.65
"51005",0,0,0,0,0.153507587601822,53.29
"51007",0,0,0,0,0.158350424357351,56.06
"51009",0,0,0,0,0.159808938438286,56.98
"51011",0,0,0,0,0.138533827032552,44.93
"51013",0,0,0,0,0.125785647592829,36.65
"51015",0,0,0,0,0.198848880490973,73.69
"51017",0,0,0,0,0.0979502048170515,18.33
"51019",0,0,0,0,0.255103504185254,87.53
"51021",0,0,0,0,0.0795235210087337,8.02
"51023",0,0,0,0,0.165088948912632,59.66
"51025",0,0,0,0,0.107408817170551,24.15
"51027",0,0,0,0,0.100266832315459,19.95
"51029",0,0,0,0,0.115037446032811,29.27
"51031",0,0,0,0,0.188408189563045,69.97
"51033",0,0,0,0,0.134395351180003,42.38
"51035",0,0,0,0,0.162052640185558,58.1
"51036",0,0,0,0,0.112636982077829,27.74
"51037",0,0,0,0,0.117771195332187,31.4
"51041",2.46631932669482e-05,0.14957550932553,1,0,0.266388248568323,89.88
"51043",0,0,0,0,0.164349923040201,59.27
"51045",0,0,0,0,0.107820262358369,24.5
"51047",0,0,0,0,0.191967571065055,71.17
"51049",0,0,0,0,0.120621691373975,33.09
"51051",0,0,0,0,0.0799557606186661,8.11
"51053",0,0,0,0,0.104384331692454,22.46
"51057",0,0,0,0,0.151640342437365,52.12
"51059",3.73493575910494e-05,0.226513619878624,1,0,0.173189078442827,63.28
"51061",0.00302631110478157,18.3537476260965,1,1,0.262147719812656,89.12
"51063",0,0,0,0,0.163569793787788,58.99
"51065",0,0,0,0,0.147270756579689,49.79
"51067",0,0,0,0,0.208676900520991,76.96
"51069",0,0,0,0,0.205809403893984,75.91
"51071",0,0,0,0,0.10089266892817,20.3
"51073",0,0,0,0,0.223119890264998,80.81
"51075",0,0,0,0,0.103824589489768,22.18
"51077",0,0,0,0,0.109569907853365,25.52
"51079",0,0,0,0,0.149148994256248,50.94
"51081",0,0,0,0,0.0748697825161196,6.24
"51083",0,0,0,0,0.168239822038026,61.5
"51085",0,0,0,0,0.261427444418762,88.93
"51087",1.93044602955513e-05,0.117076262173687,1,0,0.291820018183434,93.48
"51089",0,0,0,0,0.170863797343691,62.68
"51091",0,0,0,0,0.101381459058464,20.49
"51093",0,0,0,0,0.1677108244361,61.28
"51095",0,0,0,0,0.202718073495726,74.77
"51097",0,0,0,0,0.14214691531204,47.06
"51099",0,0,0,0,0.0730065167890315,5.6
"51101",0,0,0,0,0.144254800125809,48.3
"51103",0.0033015407190022,20.0229398220515,1,1,0.174465410298144,64.08
"51105",0,0,0,0,0.108619537256293,24.85
"51107",9.57662209737145e-05,0.580795889781267,1,0,0.247214780413406,85.97
"51109",0,0,0,0,0.155440712747952,54.18
"51111",0.00283085633404105,17.1683679971416,1,1,0.132893572687587,41.33
"51113",0.000754337440281619,4.57484988307035,1,1,0.168253905318279,61.53
"51115",0,0,0,0,0.109250718603421,25.33
"51117",0,0,0,0,0.159920734034942,57.08
"51119",0.00207522697795071,12.5856829986828,1,1,0.149007254571494,50.84
"51121",0,0,0,0,0.158022959494179,55.84
"51125",0,0,0,0,0.145188515257524,48.74
"51127",0.00207067918277195,12.5581018670422,1,1,0.165236343852723,59.88
"51131",0,0,0,0,0.113502017663096,28.44
"51133",0.0039853869146463,24.1702796213494,1,1,0.151297776367615,51.96
"51135",0,0,0,0,0.0909961130874973,14.48
"51137",0,0,0,0,0.165792397456024,60.2
"51139",0.000465188401302528,2.8212401899474,1,1,0.159385183917048,56.67
"51141",0,0,0,0,0.131652339423344,40.53
"51143",0,0,0,0,0.174014098573018,63.67
"51145",0,0,0,0,0.174999565630242,64.37
"51147",0.000930232558139535,5.64160557673512,1,1,0.150751354850541,51.7
"51149",0,0,0,0,0.0859905984977709,11.23
"51153",5.79975757013357e-06,0.0351739405002306,1,0,0.256327589312669,88.1
"51155",0,0,0,0,0.119176699819615,32.2
"51157",0,0,0,0,0.131495171097732,40.47
"51159",0,0,0,0,0.133939573390349,42.03
"51161",0,0,0,0,0.219965786863871,80.11
"51163",0,0,0,0,0.178371413125156,65.92
"51165",0.000586121658469458,3.55466725834652,1,1,0.197903281912255,73.21
"51167",0,0,0,0,0.113237910353785,28.22
"51169",0,0,0,0,0.0899507952185727,13.87
"51171",0,0,0,0,0.166650075655987,60.71
"51173",0,0,0,0,0.097465184266271,17.85
"51175",0,0,0,0,0.117612270912728,31.28
"51177",0,0,0,0,0.282120452358381,92.17
"51179",5.72147843002632e-05,0.346991989643567,1,0,0.210724360456116,77.63
"51181",0,0,0,0,0.0897194949184102,13.78
"51183",0,0,0,0,0.127299829218946,37.96
"51185",0,0,0,0,0.147766737137948,50.08
"51187",0.00113416505437321,6.87840028786673,1,1,0.193754591753746,71.97
"51191",0,0,0,0,0.192225322261968,71.36
"51193",0,0,0,0,0.133796181761238,41.93
"51195",0,0,0,0,0.115502860413674,29.75
"51197",0,0,0,0,0.15465155763898,53.67
"51199",0,0,0,0,0.177517002774708,65.67
"51510",5.48811274778829e-05,0.332839000449491,1,0,0.213216997338361,78.17
"51520",0,0,0,0,0.125536727761269,36.49
"51530",0,0,0,0,0.0908488725625319,14.41
"51540",0,0,0,0,0.206226694837535,76.11
"51550",0,0,0,0,0.273767881519537,91.09
"51570",0,0,0,0,0.146783697611203,49.6
"51580",0,0,0,0,0.102568052798428,21.41
"51590",0,0,0,0,0.171674583817963,62.84
"51595",0,0,0,0,0.106443639045183,23.64
"51600",0,0,0,0,0.163771214070654,59.05
"51610",0,0,0,0,0.136642934499866,43.65
"51620",0,0,0,0,0.114721779629883,29.14
"51630",0,0,0,0,0.188222181750106,69.84
"51640",0,0,0,0,0.137101555096264,43.88
"51650",3.19014882044247e-05,0.19347378479225,1,0,0.184271604559902,68.31
"51660",0.000926542548571098,5.61922667978366,1,1,0.202212613570447,74.58
"51670",0,0,0,0,0.131993414602847,40.92
"51678",0,0,0,0,0.0902137953023238,14.09
"51680",0.000176397953783736,1.06980525577531,1,1,0.193896018695863,72.03
"51683",0,0,0,0,0.162877355020252,58.54
"51685",0,0,0,0,0.124648134104151,35.83
"51690",0,0,0,0,0.123985618247595,35.38
"51700",0.000582775554279544,3.53437405328401,1,1,0.128904786807161,39.07
"51710",0,0,0,0,0.179274616276722,66.4
"51720",0,0,0,0,0.103443246275308,22.08
"51730",0,0,0,0,0.161740849171694,57.81
"51735",0,0,0,0,0.105017321235054,22.84
"51740",0,0,0,0,0.107347747569514,24.09
"51750",0,0,0,0,0.0916903006636587,14.73
"51760",0,0,0,0,0.211490851575441,77.82
"51770",0,0,0,0,0.218373911425534,79.73
"51775",0,0,0,0,0.163912097279704,59.08
"51790",0,0,0,0,0.16880571868218,61.76
"51800",0,0,0,0,0.173552467400874,63.41
"51810",0,0,0,0,0.248405739594019,86.13
"51820",0,0,0,0,0.161084688517386,57.56
"51830",0,0,0,0,0.103159200551224,21.83
"51840",0,0,0,0,0.140185441791255,45.94
"53001",0,0,0,0,0.0876966171321627,12.38
"53003",0,0,0,0,0.171406239705335,62.81
"53005",0,0,0,0,0.200542641743254,74.1
"53007",0,0,0,0,0.210559923178097,77.47
"53009",0,0,0,0,0.237813657949367,84.06
"53011",1.91391222798522e-05,0.116073532411917,1,0,0.320326479993278,96.82
"53013",0,0,0,0,0.0893876343352041,13.55
"53015",6.54750212793819e-05,0.397088063575608,1,0,0.225532228284497,81.32
"53017",0,0,0,0,0.167347297129586,60.99
"53019",0,0,0,0,0.11896707890029,32.13
"53021",0,0,0,0,0.200387987496746,74.04
"53023",0,0,0,0,0.0630267003063535,2.99
"53025",0,0,0,0,0.148471398725245,50.43
"53027",0,0,0,0,0.186670442427153,69.2
"53029",0,0,0,0,0.235861877354251,83.71
"53031",0,0,0,0,0.249266225684589,86.35
"53033",4.87512187804695e-05,0.295662783825371,1,0,0.311030358211024,95.99
"53035",9.0800955226049e-06,0.0550682913529366,1,0,0.23519009659612,83.52
"53037",0,0,0,0,0.198112016952327,73.34
"53039",0,0,0,0,0.17227504235372,62.93
"53041",0,0,0,0,0.237767684482244,84.03
"53043",0,0,0,0,0.105625511629896,23.26
"53045",0,0,0,0,0.179516098721172,66.47
"53047",0,0,0,0,0.166492987272146,60.58
"53049",0.000262157556691572,1.58991374885051,1,1,0.192304137579611,71.46
"53051",0,0,0,0,0.126179732359286,36.94
"53053",4.14213870804257e-05,0.251209362975211,1,0,0.295540235666399,93.99
"53055",0,0,0,0,0.265258433863181,89.47
"53057",0.000132332021040791,0.802557447975685,1,0,0.286148025470289,92.78
"53059",0,0,0,0,0.138373313986798,44.86
"53061",2.9627522783565e-06,0.0179682807592653,1,0,0.313488441802823,96.31
"53063",3.58166189111748e-06,0.0217217979763261,1,0,0.349825664297683,98.63
"53065",0,0,0,0,0.202687596097419,74.74
"53067",7.04657078632683e-06,0.0427355210233753,1,0,0.234874788842677,83.39
"53069",0,0,0,0,0.123027990767196,34.81
"53071",0.000445738737667895,2.70328330930863,1,1,0.183823988208012,68.15
"53073",0,0,0,0,0.33413594985516,97.8
"53075",0,0,0,0,0.126207827506252,36.97
"53077",0,0,0,0,0.187291773247025,69.46
"54001",0,0,0,0,0.0953185908856247,16.89
"54003",0,0,0,0,0.203720195049066,75.15
"54005",0,0,0,0,0.109289259454436,25.39
"54007",0,0,0,0,0.115710711445897,29.88
"54009",0,0,0,0,0.13128266461096,40.34
"54011",0,0,0,0,0.221932477125159,80.5
"54013",0,0,0,0,0.0708580103779113,4.74
"54015",0.00321199143468951,19.4798479496475,1,1,0.0828639235312419,9.51
"54017",0,0,0,0,0.0704032561357107,4.61
"54019",0,0,0,0,0.176757135871475,65.22
"54021",0,0,0,0,0.0761185917347756,6.75
"54023",0,0,0,0,0.141802101963485,46.8
"54025",0,0,0,0,0.187619040653013,69.58
"54027",0,0,0,0,0.162185322549363,58.19
"54029",0.000596480763495377,3.61749239188205,1,1,0.15987906817149,57.05
"54031",0,0,0,0,0.118657531484514,31.94
"54033",0,0,0,0,0.1723680568596,62.97
"54035",0,0,0,0,0.139010603423163,45.24
"54037",0.00143465383191411,8.70078238822186,1,1,0.199859542264475,73.81
"54039",2.84981476204047e-05,0.172833456682538,1,0,0.228391584354766,81.9
"54041",0,0,0,0,0.133096210930265,41.52
"54043",0,0,0,0,0.109297770527792,25.42
"54045",0,0,0,0,0.127021607927373,37.77
"54047",0,0,0,0,0.0861327438570912,11.36
"54049",0,0,0,0,0.198123997022348,73.37
"54051",0,0,0,0,0.117020134342638,30.89
"54053",0,0,0,0,0.108654301276274,24.88
"54055",0,0,0,0,0.192056599084099,71.24
"54057",0,0,0,0,0.127562631813155,38.12
"54059",0,0,0,0,0.111645718166016,27.14
"54061",0,0,0,0,0.165682907977073,60.1
"54063",0,0,0,0,0.127919394301215,38.31
"54065",0.000789889415481833,4.79046287124033,1,1,0.169168542999987,61.95
"54067",0,0,0,0,0.142689621550636,47.28
"54069",0,0,0,0,0.198433380349512,73.5
"54071",0.00121506682867558,7.36904738151915,1,1,0.142851561754807,47.41
"54073",0,0,0,0,0.0938314051363544,16.07
"54075",0,0,0,0,0.102556828407679,21.38
"54077",0,0,0,0,0.161624614248259,57.75
"54079",0,0,0,0,0.212468928127051,78.01
"54081",0,0,0,0,0.184033689089789,68.18
"54083",0,0,0,0,0.177920585353288,65.77
"54085",0,0,0,0,0.102511896874695,21.35
"54087",0,0,0,0,0.1208482444713,33.31
"54089",0,0,0,0,0.108124234292452,24.69
"54091",0,0,0,0,0.114353840481006,28.83
"54093",0,0,0,0,0.105235460099667,23.07
"54095",0,0,0,0,0.0813143555159277,8.78
"54097",0,0,0,0,0.14140758921607,46.58
"54099",0,0,0,0,0.121973775513471,34.04
"54101",0,0,0,0,0.0830708275009528,9.7
"54103",0.000189035916824197,1.14645103875052,1,1,0.122446191894265,34.3
"54105",0,0,0,0,0.0857552879954487,11.1
"54107",0,0,0,0,0.226686442478348,81.71
"54109",0,0,0,0,0.101436541234503,20.52
"55001",0,0,0,0,0.132813723846927,41.3
"55003",0,0,0,0,0.160342947443753,57.27
"55005",0,0,0,0,0.194300325504375,72.22
"55007",0,0,0,0,0.167426196103564,61.06
"55009",1.16676584176322e-05,0.0707611513060807,1,0,0.291639844013958,93.45
"55011",0,0,0,0,0.13020051321783,39.74
"55013",0,0,0,0,0.140756866449408,46.36
"55015",0,0,0,0,0.15690597418923,55.04
"55017",0,0,0,0,0.249561080000045,86.41
"55019",0,0,0,0,0.16829212551271,61.57
"55021",0,0,0,0,0.21668775231064,79.32
"55023",0,0,0,0,0.129888189072386,39.58
"55025",6.53389457812402e-05,0.396262802964746,1,0,0.27254198221,90.77
"55027",0,0,0,0,0.172433744835015,63
"55029",0,0,0,0,0.236878097288419,83.96
"55031",0,0,0,0,0.204298151163457,75.34
"55033",0,0,0,0,0.164765853065277,59.43
"55035",0,0,0,0,0.248151903741439,86.03
"55037",0,0,0,0,0.0983498368051732,18.55
"55039",0,0,0,0,0.255448687809391,87.69
"55041",0,0,0,0,0.116753864457963,30.7
"55043",0,0,0,0,0.186786047037781,69.3
"55045",0,0,0,0,0.158936390092943,56.47
"55047",0,0,0,0,0.165220760099819,59.82
"55049",0,0,0,0,0.144996987139984,48.58
"55051",0,0,0,0,0.128221359822478,38.69
"55053",0,0,0,0,0.0995387621644501,19.54
"55055",0,0,0,0,0.224598228717091,81.13
"55057",0,0,0,0,0.140140126356986,45.91
"55059",0,0,0,0,0.233954431529303,83.14
"55061",0,0,0,0,0.123388926862713,35.13
"55063",0,0,0,0,0.245059921842857,85.62
"55065",0,0,0,0,0.127460493510592,38.05
"55067",0,0,0,0,0.158572260672173,56.22
"55069",0,0,0,0,0.165256811019419,59.91
"55071",0,0,0,0,0.224910504972002,81.2
"55073",0,0,0,0,0.265308200763449,89.5
"55075",0,0,0,0,0.167347310629224,61.02
"55077",0,0,0,0,0.120246217176502,32.74
"55078",0,0,0,0,0.0814501284545916,8.88
"55079",3.86026608814146e-06,0.0234114560923308,1,0,0.318158958105036,96.72
"55081",0,0,0,0,0.148166450521533,50.33
"55083",0,0,0,0,0.161913132536799,57.97
"55085",0,0,0,0,0.226599307808478,81.67
"55087",0,0,0,0,0.312277023867199,96.18
"55089",0,0,0,0,0.272746764867758,90.87
"55091",0,0,0,0,0.120206818945409,32.71
"55093",0,0,0,0,0.194587539528862,72.38
"55095",5.39083557951482e-05,0.326939406738019,1,0,0.205099804133761,75.63
"55097",0,0,0,0,0.215575268267419,79
"55099",0.000177399325882562,1.07587830317372,1,1,0.128517177158165,38.85
"55101",0,0,0,0,0.275961845637633,91.25
"55103",0,0,0,0,0.12294872204353,34.74
"55105",0,0,0,0,0.265331182719708,89.53
"55107",0,0,0,0,0.133469029330588,41.68
"55109",0,0,0,0,0.27720494125441,91.41
"55111",0,0,0,0,0.214580995003581,78.68
"55113",0,0,0,0,0.187473152282227,69.52
"55115",0,0,0,0,0.1883793880811,69.93
"55117",1.49819467541612e-05,0.0908614019355216,1,0,0.210578717233683,77.51
"55119",0,0,0,0,0.141707663999465,46.68
"55121",0,0,0,0,0.155441831265728,54.22
"55123",0,0,0,0,0.194464808785751,72.29
"55125",0,0,0,0,0.198095814500164,73.31
"55127",0,0,0,0,0.265627727678144,89.6
"55129",0,0,0,0,0.177395090338266,65.61
"55131",0,0,0,0,0.269910366999853,90.33
"55133",3.7180249851279e-06,0.0225488027773284,1,0,0.373237702865986,99.49
"55135",0,0,0,0,0.17695342960574,65.35
"55137",0,0,0,0,0.140647214264667,46.26
"55139",0,0,0,0,0.204933829481312,75.53
"55141",0,0,0,0,0.189640006622753,70.35
"56001",0,0,0,0,0.167264449956815,60.93
"56003",0,0,0,0,0.132978964976643,41.43
"56005",0,0,0,0,0.166620737464262,60.67
"56007",0,0,0,0,0.132188464338271,40.98
"56009",0,0,0,0,0.127156662500259,37.83
"56011",0,0,0,0,0.124463236649526,35.79
"56013",0,0,0,0,0.204360288471743,75.37
"56015",0,0,0,0,0.152456733308533,52.85
"56017",0,0,0,0,0.115078020136064,29.4
"56019",0,0,0,0,0.181956561968342,67.42
"56021",0,0,0,0,0.219286705002058,79.96
"56023",0,0,0,0,0.178198245657508,65.86
"56025",0,0,0,0,0.302441718417223,94.78
"56027",0,0,0,0,0.0777718202520889,7.51
"56029",0,0,0,0,0.240735062790208,84.63
"56031",0,0,0,0,0.129271253035522,39.33
"56033",0,0,0,0,0.263841850237423,89.34
"56035",0,0,0,0,0.152075497000851,52.4
"56037",0,0,0,0,0.164425395155768,59.31
"56039",0,0,0,0,0.225798486680058,81.36
"56041",0,0,0,0,0.166278686088245,60.52
"56043",0.000944510035419126,5.72819456433555,1,1,0.15517679657247,54.06
"56045",0,0,0,0,0.11599086385651,30.1
