"county_geoid","industry_employment_share","location_quotient","industry_present","industry_comparative_advantage","industry_feasibility","industry_feasibility_percentile_score"
"01001",0.000267773463649752,0.079170348569958,1,0,0.11484756052813,69.14
"01003",0.00125161458281183,0.370054453663361,1,0,0.209743166268994,90.96
"01005",0.000113921166552745,0.0336821219793243,1,0,0.0525317363358505,17.24
"01007",0,0,0,0,0.0545233477994195,19.47
"01009",0.000694022729244383,0.205195916880027,1,0,0.10675213755583,65.26
"01011",0,0,0,0,0.0557172303757024,20.71
"01013",0.00013156163662676,0.0388977327633875,1,0,0.0629075574678734,28.99
"01015",0.000322626177081443,0.095388193248082,1,0,0.125892205354418,73.53
"01017",0,0,0,0,0.0794656123967162,45.56
"01019",0.000453446191051995,0.134066656620847,1,0,0.0741049914247656,40.66
"01021",0.000268264329786283,0.0793154788700282,1,0,0.0981368443040043,60.07
"01023",0.000780234070221066,0.23068530564461,1,0,0.0434601694482079,8.88
"01025",0.00010584250635055,0.0312935718389615,1,0,0.062887025643433,28.95
"01027",0,0,0,0,0.0385020192542009,5.79
"01029",0.000295683027794205,0.0874221368227405,1,0,0.0516837010415307,16.58
"01031",0.000405782399188435,0.11997430047558,1,0,0.111914016708867,67.74
"01033",0.000145719489981785,0.0430836672837171,1,0,0.114346131351003,68.82
"01035",0.000521376433785193,0.154151025409024,1,0,0.048871393328368,13.78
"01037",0,0,0,0,0.0509949480431374,15.65
"01039",0.000145043150337225,0.0428836995771279,1,0,0.0891528171237456,53.61
"01041",0,0,0,0,0.0575217013032502,22.53
"01043",0.000166574125485841,0.049249583575987,1,0,0.122749695236066,72.13
"01045",8.52042772547182e-05,0.0251916386260391,1,0,0.0675372747113736,34.39
"01047",0.000225852593540616,0.0667759542425299,1,0,0.0937617180328934,57.33
"01049",0.000220986335678244,0.0653371883321811,1,0,0.0921959768328715,55.97
"01051",0.000198389080665,0.0586560462513408,1,0,0.105322536882711,64.4
"01053",0.00206199738813664,0.609653584578682,1,0,0.076241803507901,42.57
"01055",0.000708140998741083,0.209370147970828,1,0,0.119360544679823,71.08
"01057",0.000433275563258232,0.128102975188262,1,0,0.0588300440590758,24.09
"01059",0,0,0,0,0.0601190221867575,25.42
"01061",0.000296428042092782,0.0876424089919989,1,0,0.0747084051425626,41.2
"01063",0,0,0,0,0.046071410221857,10.94
"01065",0,0,0,0,0.0608412448980006,26.44
"01067",0,0,0,0,0.0711761614669574,38.05
"01069",0.000970925203452963,0.287065363927445,1,0,0.169427699520584,85.05
"01071",0.000228453937974756,0.0675450720736783,1,0,0.0935055375867854,57.14
"01073",0.00245086226009505,0.724626020756405,1,0,0.256248033780468,95.23
"01075",0.00025490695895998,0.0753662163483325,1,0,0.0587311798299342,23.99
"01077",0.000278148642634624,0.082237891281294,1,0,0.135356725440582,76.49
"01079",0.000134354426978369,0.0397234538135844,1,0,0.0752684429052565,41.81
"01081",0.000923230794876069,0.272963955593684,1,0,0.143403086728547,78.81
"01083",0.000201989597535727,0.0597205810704456,1,0,0.106080079455611,64.78
"01085",0.000312402374258044,0.092365406664951,1,0,0.0424876948672269,8.4
"01087",0.000141823854772373,0.0419318772847126,1,0,0.0422780129762859,8.27
"01089",0.00069728100028129,0.206159262725471,1,0,0.159528064379958,82.95
"01091",0.000123167877817465,0.036416020043664,1,0,0.0651444952455577,31.59
"01093",0.000346260387811634,0.102375923384525,1,0,0.0557128047491641,20.68
"01095",0.000456829602558246,0.135067001706034,1,0,0.111427714857381,67.64
"01097",0.000813385429921606,0.240486891908187,1,0,0.219344003784262,91.95
"01099",0.000145348837209302,0.042974079467225,1,0,0.0698701298624161,36.81
"01101",0.000722128862883251,0.213505823197157,1,0,0.185791989730232,87.97
"01103",0.000395705732571743,0.116995016428561,1,0,0.143772492631081,78.94
"01105",0.000448028673835125,0.132464904450945,1,0,0.0463722560076357,11.14
"01107",0,0,0,0,0.0559429702170283,21.09
"01109",0.000113442994895065,0.0335407449500293,1,0,0.0589197590385413,24.12
"01111",0.000168067226890756,0.0496910364259678,1,0,0.0682284823828251,35
"01113",6.07496506895085e-05,0.0179613429763993,1,0,0.0895961499183823,54.18
"01115",0.000734299516908213,0.217104219051426,1,0,0.141251405626442,78.05
"01117",0.00235106554730384,0.695119958317933,1,0,0.247762751016947,94.85
"01119",0.000274348422496571,0.0811143118613192,1,0,0.0533869238197662,18.2
"01121",0.000143094270505409,0.0423074905177878,1,0,0.0851192788151043,50.59
"01123",0.000467820624206376,0.138316625485635,1,0,0.079410311636411,45.37
"01125",0.000537298182875162,0.158858476282293,1,0,0.125429377616158,73.34
"01127",9.26569376882094e-05,0.0273951046314115,1,0,0.101209465584911,62.2
"01129",0,0,0,0,0.0391056936785052,6.14
"01131",0.000303859009419629,0.0898394611773043,1,0,0.065319097300216,31.82
"01133",0.000220555800617556,0.0652098956185506,1,0,0.0614101667984884,27.08
"02013",0,0,0,0,0.0213513994611481,0.35
"02016",0.000292483182217023,0.0864760651460978,1,0,0.0360839403847797,4.2
"02020",0.00170928285444443,0.505369417665757,1,0,0.221997679169131,92.17
"02050",0.000142959256611866,0.0422675720849905,1,0,0.0506274956707479,15.24
"02060",0.00148809523809524,0.439972718354923,1,0,0.0412578159371764,7.48
"02063",0.000246184145741014,0.0727872148533994,1,0,0.0954366131844609,58.48
"02066",0,0,0,0,0.083438903195171,49.54
"02068",0,0,0,0,0.0449551932030061,9.93
"02070",0.000413907284768212,0.122376517688124,1,0,0.0379163072116207,5.38
"02090",0.000645063367989679,0.190720510529204,1,0,0.123010019644869,72.29
"02100",0.00160128102481986,0.47343741670858,1,0,0.0739932596183267,40.53
"02105",0.0008424599831508,0.249083122775491,1,0,0.0527661155355386,17.59
"02110",0.00087260034904014,0.257994473590321,1,0,0.136193316646504,76.77
"02122",0.000728220459162163,0.215306874706054,1,0,0.149551568609489,80.62
"02130",0.000609979260705136,0.180347484893564,1,0,0.0922660593196049,56
"02150",0.000567134552672622,0.167679947105917,1,0,0.0793856047741277,45.31
"02158",0,0,0,0,0.0227114771328143,0.41
"02164",0.000941619585687382,0.278400816134189,1,0,0.0267656264626143,0.99
"02170",0.00078706957132818,0.232706301294905,1,0,0.154734176868058,81.83
"02180",0.000715478177915574,0.211539470594688,1,0,0.0485524272304473,13.36
"02185",0,0,0,0,0.042192686167876,8.11
"02188",0,0,0,0,0.0292728246299243,1.59
"02195",0,0,0,0,0.0643187679416405,30.7
"02198",0.00124018189334436,0.366674245640151,1,0,0.0505697326028648,15.11
"02220",0.00053821313240043,0.159128991783912,1,0,0.108258320486056,65.89
"02230",0,0,0,0,0.0616400348604334,27.36
"02240",0.000564334085778781,0.166851956396449,1,0,0.0746937544414744,41.17
"02275",0.00109051254089422,0.322422755435669,1,0,0.0485242058989716,13.24
"02282",0,0,0,0,0.0466934408431683,11.58
"02290",0,0,0,0,0.0523196908616642,17.09
"04001",5.36999248201053e-05,0.0158770092758301,1,0,0.0522424573041205,17.02
"04003",0.000766319113856443,0.226571186453307,1,0,0.130107554689747,75.12
"04005",0.00101430851207703,0.299892145263695,1,0,0.158562958830597,82.63
"04007",0.000939486045869025,0.277770010195449,1,0,0.0727883977049529,39.58
"04009",0.000985059924478739,0.291244459104753,1,0,0.0783082740836371,44.42
"04011",0,0,0,0,0.0173037370680568,0.16
"04012",0.000285959393766085,0.0845472309792703,1,0,0.0548100233916838,19.92
"04013",0.00290375409423028,0.858528775287279,1,0,0.36934888877682,99.24
"04015",0.000821909310836797,0.243007076746618,1,0,0.168597551313159,84.79
"04017",0.000884496904260835,0.261511828935271,1,0,0.110315342877254,67.1
"04019",0.0027692280360466,0.818754576705467,1,0,0.218660272548898,91.79
"04021",0.000870672485661113,0.257424478290442,1,0,0.144785565217248,79.22
"04023",0.000720244883260309,0.212948802641744,1,0,0.102271502616667,62.71
"04025",0.00214813847778872,0.635122202719543,1,0,0.200558656327409,89.82
"04027",0.00055716910675123,0.164733546755046,1,0,0.117669909816258,70.22
"05001",0.000277289952860708,0.0819840096315302,1,0,0.0593725052096044,24.69
"05003",0.000902391337043164,0.266802526756963,1,0,0.0592602434324476,24.44
"05005",0.000934939228950118,0.276425690726868,1,0,0.12345907406405,72.51
"05007",0.00125535371437011,0.371159971532022,1,0,0.197792111828816,89.34
"05009",0.00048661800486618,0.143874290381756,1,0,0.112281841922113,68.02
"05011",0.000248385494287134,0.0734380692336086,1,0,0.0521372848878127,16.93
"05013",0,0,0,0,0.0275238276896534,1.15
"05015",0.000308665792113589,0.091260642560231,1,0,0.0794274335998797,45.43
"05017",0.000281056773468241,0.0830977140906431,1,0,0.0524163158654616,17.12
"05019",0.000203541624262162,0.0601794558791997,1,0,0.0677536524044993,34.62
"05021",0.000246730816679003,0.0729488444940805,1,0,0.0654646380928363,31.91
"05023",0.000634195839675292,0.187507398994488,1,0,0.0906823315571754,55.01
"05025",0,0,0,0,0.0354971332864764,3.82
"05027",0.0025720715893259,0.760462973060572,1,0,0.0690177139136298,35.98
"05029",0.000253196607165464,0.0748605308860636,1,0,0.076189140620621,42.51
"05031",0.00109920307776862,0.324992214052771,1,0,0.152794604743091,81.42
"05033",0.000585955106824123,0.173244463515217,1,0,0.110149619489786,67.04
"05035",0.000209907640638119,0.0620616428913745,1,0,0.10579799147476,64.65
"05037",0.000170212765957447,0.0503253900824695,1,0,0.0564842123881191,21.67
"05039",0.000342935528120713,0.101392889826649,1,0,0.0436949849436944,8.94
"05041",0.000188465887674331,0.0557221384723913,1,0,0.0473052152842105,12.06
"05043",0.000268276324614353,0.0793190252808876,1,0,0.0681998523280695,34.93
"05045",0.00120411657353578,0.356011113074232,1,0,0.168614202149874,84.82
"05047",0.000523651597137371,0.154823703997822,1,0,0.0533067955613678,18.14
"05049",0,0,0,0,0.0614390711345732,27.11
"05051",0.00104464099171251,0.308860296748912,1,0,0.18082078474025,86.92
"05053",0.000182915675873422,0.0540811536006051,1,0,0.0691215803425715,36.11
"05055",0.000389364779174547,0.11512023957846,1,0,0.0994591131175842,60.9
"05057",0,0,0,0,0.0626368791743504,28.64
"05059",0.000963907036521367,0.284990360995028,1,0,0.0707502292876015,37.64
"05061",0.000143348623853211,0.0423826930525385,1,0,0.0495391848728677,14.51
"05063",0.000350965154173978,0.103766942448812,1,0,0.0851185361120733,50.56
"05065",0.00027972027972028,0.0827025641215408,1,0,0.074456499936256,40.98
"05067",0.000159438775510204,0.047139934109456,1,0,0.0542720791989329,19.12
"05069",0.000103320016531203,0.0305477682946523,1,0,0.0990887169230707,60.52
"05071",0.000107376785139053,0.0317471992628056,1,0,0.0565802160533354,21.79
"05073",0,0,0,0,0.0510841614454598,15.84
"05075",0.000192752505782575,0.0569895271269291,1,0,0.0604024886774435,25.93
"05077",0,0,0,0,0.0422298058140265,8.21
"05079",0,0,0,0,0.0301294882029099,1.88
"05081",0.000274047684297068,0.0810253951040034,1,0,0.0408521945094008,7.16
"05083",0.000978314038806457,0.289249959303286,1,0,0.0630140845115359,29.14
"05085",0.00207112547989493,0.612352411402043,1,0,0.116618709697441,69.87
"05087",0.000217013888888889,0.0641626880934263,1,0,0.0687385623521063,35.7
"05089",0.000253678335870117,0.0750029595977951,1,0,0.0659997449380051,32.58
"05091",0.000281313735143118,0.0831736878077244,1,0,0.0991488014925475,60.61
"05093",4.41618088676912e-05,0.0130569540158324,1,0,0.0678989781521877,34.74
"05095",0.000449842555105713,0.133001199610665,1,0,0.0543963810404238,19.28
"05097",0.00118203309692671,0.349481875572705,1,0,0.0720820033977944,38.88
"05099",0,0,0,0,0.0421141480887262,8.08
"05101",0.000724112961622013,0.214092445137225,1,0,0.0579193990916115,22.91
"05103",0.000379410648792209,0.112177184798726,1,0,0.0715180718534506,38.4
"05105",0,0,0,0,0.0722186597920326,39.01
"05107",0.000171438367906738,0.0506877535975499,1,0,0.0638421783317974,30.16
"05109",0.000621504039776259,0.183754920282479,1,0,0.0597055608590415,24.94
"05111",0.00015460729746444,0.0457114512576544,1,0,0.0499318238660831,14.76
"05113",0.000429307384087006,0.126929736720596,1,0,0.0726349312336517,39.52
"05115",0.00109660053833117,0.324222742904954,1,0,0.126002628258854,73.56
"05117",0,0,0,0,0.0398898858053612,6.81
"05119",0.00201175360152122,0.594798422884913,1,0,0.234069914901525,93.48
"05121",0.000396353547364249,0.117186550429849,1,0,0.0543662633134133,19.22
"05123",0.00012388503468781,0.0366280558392602,1,0,0.0645961031047646,30.99
"05125",0.00195789029790054,0.578873108760596,1,0,0.142692706491978,78.52
"05127",0,0,0,0,0.0364725725165508,4.42
"05129",0.00053248136315229,0.157434327334669,1,0,0.0671912683441777,33.79
"05131",0.000984265239257352,0.291009501147668,1,0,0.18280900071448,87.46
"05133",0,0,0,0,0.0499658865563379,14.79
"05135",0.000211954217888936,0.062666737332452,1,0,0.0855003624914558,50.91
"05137",0,0,0,0,0.0779049822334489,44.03
"05139",0.000861651138995099,0.254757211898979,1,0,0.102382870876816,62.84
"05141",0.000216262975778547,0.0639406718716497,1,0,0.0786518951783066,44.67
"05143",0.00121129864349146,0.358134575847934,1,0,0.198412959088667,89.44
"05145",0.000291092567436445,0.0860649136622865,1,0,0.118056469372047,70.44
"05147",0,0,0,0,0.0331140298612567,2.67
"05149",0.000267737617135208,0.0791597501297211,1,0,0.0603937650226178,25.87
"06001",0.00157557305940217,0.465836556804833,1,0,0.360537402720595,99.08
"06003",0,0,0,0,0.0957278958607477,58.7
"06005",0.00155224723064983,0.458940003397953,1,0,0.118380644156532,70.51
"06007",0.00110998990918264,0.328181466607426,1,0,0.187741344812469,88.26
"06009",0.000728214256816895,0.215305040910314,1,0,0.14488039727562,79.29
"06011",0.000290556900726392,0.0859065375499782,1,0,0.0512347761395717,15.97
"06013",0.00454479757182547,1.34372242505686,1,1,0.31709387830512,98
"06015",0.000216333153055706,0.0639614206023815,1,0,0.0697991871258292,36.78
"06017",0.00185980796401488,0.549873922446751,1,0,0.202689811184566,90.2
"06019",0.000946509588142128,0.279846602410295,1,0,0.183794919653131,87.66
"06021",8.93655049151028e-05,0.0264219541317702,1,0,0.0800329347302693,46.29
"06023",0.00083996908913752,0.248346660899866,1,0,0.142361685823124,78.4
"06025",0.000120473863864534,0.0356195033881343,1,0,0.0947288428272527,57.97
"06027",0.000350795135640786,0.103716674485913,1,0,0.0867109090628635,51.83
"06029",0.000409382321892943,0.12103865962251,1,0,0.134776538618744,76.36
"06031",0.000111100530108244,0.0328481679068907,1,0,0.0580289006126481,23
"06033",0.000251433169063663,0.074339149837702,1,0,0.0910440881276392,55.3
"06035",0,0,0,0,0.059327947921947,24.53
"06037",0.00370537377222734,1.09553698537107,1,1,0.440429641633329,99.84
"06039",0.000301271683633019,0.08907448812285,1,0,0.102486511230082,62.93
"06041",0.00909548380312897,2.68918590098983,1,1,0.320979157250068,98.15
"06043",0,0,0,0,0.0816843949781693,48.04
"06045",0.000427293363599947,0.126334268066555,1,0,0.131860640592619,75.53
"06047",0.000387183189970909,0.114475227278383,1,0,0.0977911842324022,59.85
"06049",0.000940733772342427,0.278138915084204,1,0,0.0633150947516903,29.56
"06051",0.000434216239687364,0.128381097149157,1,0,0.0849410934463096,50.4
"06053",0.00084258262603448,0.249119383574893,1,0,0.111409796516302,67.61
"06055",0.00159529052262616,0.471666254845416,1,0,0.146509978340645,79.83
"06057",0.002514112233765,0.743326613392578,1,0,0.232589602932543,93.19
"06059",0.00511843802440803,1.51332591737376,1,1,0.457571686372111,99.97
"06061",0.00346110745982137,1.02331680031803,1,1,0.250906528965808,94.97
"06063",0.000385802469135802,0.11406700105498,1,0,0.0890998950395628,53.52
"06065",0.000893992804448159,0.2643194026118,1,0,0.244353738449486,94.59
"06067",0.00147237621443152,0.435325205619068,1,0,0.244628136418179,94.69
"06069",0.00181306360036261,0.536053405978879,1,0,0.125763465846277,73.46
"06071",0.000906353820598007,0.267974081249196,1,0,0.29544130688888,97.2
"06073",0.00278615732498019,0.823759918488203,1,0,0.355671958586629,98.92
"06075",0.0131504960219018,3.88809757222101,1,1,0.327987343678941,98.35
"06077",0.000793871561582867,0.234717389070717,1,0,0.190060851184222,88.55
"06079",0.00176987376322074,0.523283826743522,1,0,0.218576072782471,91.76
"06081",0.00970832181661964,2.87037860949675,1,1,0.280913733207544,96.66
"06083",0.00280296985187195,0.82873073821104,1,0,0.221811542298683,92.14
"06085",0.00244671600768828,0.72340013285912,1,0,0.224836775342849,92.49
"06087",0.00101265405926084,0.299402986986527,1,0,0.238779057556686,94.05
"06089",0.000915865806840138,0.2707864109555,1,0,0.189802922366816,88.51
"06091",0,0,0,0,0.100559033371151,61.76
"06093",0.00097240792512459,0.287503747888181,1,0,0.0993029379531883,60.71
"06095",0.000622783188412674,0.184133115500323,1,0,0.233717171741538,93.38
"06097",0.00177466788358179,0.524701264359994,1,0,0.274757214402306,96.37
"06099",0.000753052794863007,0.222648844468277,1,0,0.194039520727763,88.93
"06101",0.000813912477278277,0.240642719608108,1,0,0.131324305962692,75.41
"06103",0.000135580964432594,0.0400860939216127,1,0,0.0815419700076422,47.95
"06105",0,0,0,0,0.0809082556236462,46.96
"06107",0.000550202083569012,0.162673665068813,1,0,0.12828530899938,74.29
"06109",0.000577089545061075,0.170623256747817,1,0,0.121840054736158,71.87
"06111",0.00218626229448746,0.646393953906973,1,0,0.315463396520237,97.84
"06113",0.000700601550986882,0.207141022281563,1,0,0.160329948409248,83.07
"06115",0.000105163529288043,0.031092824348986,1,0,0.0742088884256682,40.82
"08001",0.00106589979111226,0.315145708812214,1,0,0.234682939522207,93.57
"08003",0.000211505922165821,0.0625341934717657,1,0,0.0885706327664992,53.04
"08005",0.010248041087078,3.02995290856921,1,1,0.330683997231862,98.44
"08007",0.00149900066622252,0.443197035411488,1,0,0.133018949396101,75.79
"08009",0.0012911555842479,0.381745212052303,1,0,0.0493961241079919,14.35
"08011",0,0,0,0,0.040732519141752,7.1
"08013",0.00522822144665709,1.54578466697574,1,1,0.34337715546377,98.79
"08014",0.00919590324689475,2.71887608110618,1,1,0.234775352800744,93.6
"08015",0.000839004381467325,0.248061433822185,1,0,0.146161189391057,79.67
"08017",0.00102669404517454,0.303554072622699,1,0,0.0581531935054982,23.23
"08019",0.00156903765690377,0.463904288809375,1,0,0.110601328954202,67.29
"08021",0.000482858522452921,0.142762755545393,1,0,0.0618601896558298,27.62
"08023",0.0073469387755102,2.17220816376373,1,1,0.0639926929671705,30.32
"08025",0.000700770847932726,0.207191076898744,1,0,0.0211545539858929,0.32
"08027",0.00614754098360656,1.81759221353181,1,1,0.106792706547307,65.32
"08029",0.0139078265612217,4.11201118174528,1,1,0.157624822049873,82.34
"08031",0.00942892149345335,2.78777064426325,1,1,0.409927758899643,99.71
"08033",0,0,0,0,0.100420587200544,61.63
"08035",0.00664434041388828,1.96447676112166,1,1,0.285070041861211,96.75
"08037",0.00279688563005518,0.82693186704791,1,0,0.166055106201948,84.38
"08039",0.002322340919647,0.686627187028584,1,0,0.164972700976648,84.09
"08041",0.00443912490152112,1.31247906722639,1,1,0.239830880791317,94.18
"08043",0.00103785103785104,0.306852767673177,1,0,0.108036302085385,65.7
"08045",0.00132915598594892,0.392980474155807,1,0,0.176444580159003,86.41
"08047",0.000395882818685669,0.11704737400416,1,0,0.0444468241223918,9.58
"08049",0.00130548302872063,0.385981288165154,1,0,0.113442871081451,68.47
"08051",0.00142361420055165,0.420908147322016,1,0,0.145716096073174,79.57
"08053",0.00202839756592292,0.59971940514099,1,0,0.0582392059920502,23.32
"08055",0.000922509225092251,0.272750615068735,1,0,0.0538460510098725,18.61
"08057",0,0,0,0,0.0643162141944071,30.67
"08059",0.00296674461362703,0.877152657240593,1,0,0.317603432413781,98.06
"08061",0,0,0,0,0.0525137412697178,17.18
"08063",0.000270855904658722,0.0800817082162807,1,0,0.0641340673653149,30.45
"08065",0.00181488203266788,0.536591046705097,1,0,0.0725436156047558,39.36
"08067",0.00334458916224473,0.988866806251451,1,0,0.209841129228095,91
"08069",0.00195957560904713,0.579371390663162,1,0,0.25791290304025,95.29
"08071",0,0,0,0,0.0784530208373961,44.54
"08073",0.00321285140562249,0.949917001556653,1,0,0.0489564417293972,13.87
"08075",0.000785986975072985,0.232386219081693,1,0,0.0765824897636709,42.86
"08077",0.00128737706876186,0.380628049865918,1,0,0.218168855172444,91.73
"08079",0.00138121546961326,0.408372467865343,1,0,0.0474392836338776,12.22
"08081",0.00018698578908003,0.0552845300550689,1,0,0.0811892137340775,47.41
"08083",0.000180864532465184,0.0534747091218138,1,0,0.127499144083645,74.01
"08085",0.00193660177351952,0.572578908159786,1,0,0.166017831723938,84.35
"08087",0.000536660629234588,0.158669976110288,1,0,0.0647149388223509,31.15
"08089",0.000277970813064628,0.0821853138942344,1,0,0.0717060592613561,38.59
"08091",0.00185253797702853,0.547724465977229,1,0,0.130179133510902,75.15
"08093",0.00048721071863581,0.144049533122781,1,0,0.15157245019066,81.01
"08095",0.000443066016836509,0.130997637011302,1,0,0.0418517351410767,7.83
"08097",0.00447492582324043,1.32306402741256,1,1,0.162838749136272,83.65
"08099",0.00123413258110014,0.364885695899428,1,0,0.0512736666101124,16.04
"08101",0.000607267437755088,0.179545702800263,1,0,0.154935093022653,81.9
"08103",0.000896057347670251,0.264929808901889,1,0,0.0464467210623459,11.26
"08105",0.000373412994772218,0.110403908414678,1,0,0.0632771256983968,29.49
"08107",0.00472349007536355,1.3965549484859,1,1,0.205107589423044,90.52
"08109",0.000439367311072056,0.129904071500223,1,0,0.0517756957557946,16.7
"08111",0,0,0,0,0.08642705743514,51.54
"08113",0.00335081585081585,0.990707799372624,1,0,0.133785693409104,76.11
"08115",0,0,0,0,0.0528944565986759,17.72
"08117",0.00175417125606821,0.518641197306893,1,0,0.138391283510854,77.41
"08119",0.00119641076769691,0.353732801676381,1,0,0.117340271662877,70.09
"08121",0.00391389432485323,1.15718851950884,1,1,0.0693111876187976,36.3
"08123",0.0010766039604671,0.318310521364676,1,0,0.191976577606305,88.67
"08125",0.00193610842207164,0.572433043048419,1,0,0.0558035450492316,20.84
"09110",0.0043795978764736,1.2948792077851,1,1,0.2820533726669,96.69
"09120",0.00286513352890213,0.847110154572127,1,0,0.269265695829129,95.93
"09130",0.00203497767509786,0.601664891186948,1,0,0.214666290962002,91.35
"09140",0.00203370591666535,0.601288880969109,1,0,0.271239854194162,96.15
"09150",0.00181345584235024,0.536169376898703,1,0,0.173795468357798,85.71
"09160",0.00154632244184483,0.457188270464817,1,0,0.202800811630524,90.23
"09170",0.00214397730056081,0.63389190212476,1,0,0.259394526976836,95.39
"09180",0.00123138061555038,0.36407204517819,1,0,0.15793101786952,82.44
"09190",0.0366661463288201,10.8407739363103,1,1,0.374073274434107,99.33
"10001",0.00126423787121792,0.373786676153178,1,0,0.146264923978177,79.7
"10003",0.0077508100915123,2.29161743019917,1,1,0.251804265310085,95.07
"10005",0.00121791090220556,0.360089567280225,1,0,0.173057385960513,85.68
"11001",0.00313604055156839,0.927206976423717,1,0,0.175076219393661,86.1
"12001",0.00107368569940658,0.317447703435556,1,0,0.154591185396137,81.74
"12003",0.000118203309692671,0.0349481875572705,1,0,0.058690622986596,23.96
"12005",0.000450735664996083,0.133265257969429,1,0,0.197811836788253,89.37
"12007",0.000284535495803101,0.0841262389342747,1,0,0.0768504824757557,43.18
"12009",0.00101610393505934,0.300422983015136,1,0,0.230219402452117,93
"12011",0.00236624991098587,0.699609392592464,1,0,0.416947633296355,99.78
"12013",0.000275103163686382,0.0813374598994521,1,0,0.0486228936291947,13.52
"12015",0.00144339486472183,0.426756531459685,1,0,0.187383184848946,88.2
"12017",0.00128431125661043,0.379721606735329,1,0,0.151224815109204,80.94
"12019",0.0023105716354226,0.683147460838526,1,0,0.195926448477993,89.21
"12021",0.00516567649309104,1.52729252175857,1,1,0.262416257783996,95.61
"12023",0.000710998016689743,0.210214858659419,1,0,0.117449816367281,70.19
"12027",8.5099140498681e-05,0.0251605537175141,1,0,0.0811031926829493,47.25
"12029",0.000297796307325789,0.0880469525713247,1,0,0.0564086822853901,21.54
"12031",0.0013346786046253,0.394613300798403,1,0,0.320874432266786,98.12
"12033",0.00132845456452327,0.392773090728016,1,0,0.20049517012176,89.76
"12035",0.00262643537747374,0.776536261274362,1,0,0.182338571186222,87.31
"12037",0.00118764845605701,0.35114212201248,1,0,0.101780515351128,62.42
"12039",0.000174360315592171,0.0515516615203362,1,0,0.0642589453549051,30.58
"12041",0.00104909777591272,0.310177996993819,1,0,0.0583625613343442,23.51
"12043",0.000387296669248644,0.114508778750778,1,0,0.0666482709276872,33.25
"12045",0.00156067108856808,0.461430615270399,1,0,0.0975550456646691,59.66
"12047",0.000286204922724671,0.0846198244803973,1,0,0.0548209127723791,19.95
"12049",0.000122744568552842,0.0362908637209413,1,0,0.0664876672703246,33.15
"12051",0.000129407958589453,0.038260972725268,1,0,0.0892633119957202,53.67
"12053",0.000891608391608392,0.263614423137411,1,0,0.175483659231235,86.22
"12055",0.00130263556498031,0.385139402289726,1,0,0.138224796033662,77.28
"12057",0.00438657241793778,1.29694131233911,1,1,0.384429319325227,99.49
"12059",0,0,0,0,0.0722696530737236,39.1
"12061",0.00328267477203647,0.970561094447626,1,0,0.219417477154212,91.98
"12063",0.000721630885801912,0.213358590463293,1,0,0.0811060335567154,47.28
"12065",0.00099403578528827,0.293898277072076,1,0,0.0798406285414429,45.94
"12067",0,0,0,0,0.0408675674631028,7.19
"12069",0.00101095576506886,0.298900866495118,1,0,0.216019570903331,91.54
"12071",0.00196337425439593,0.580494504478322,1,0,0.242954530608868,94.53
"12073",0.00128222281687628,0.379104135162658,1,0,0.216096942442719,91.57
"12075",0.000279746363297277,0.0827102760353902,1,0,0.113381736560477,68.44
"12077",0,0,0,0,0.0284342237665923,1.3
"12079",0.000529007229765473,0.156407159267065,1,0,0.0645981183415019,31.02
"12081",0.00205470098203533,0.607496316989598,1,0,0.260009269686032,95.45
"12083",0.00115527663285309,0.341571014808774,1,0,0.20914665609746,90.84
"12085",0.00221151383942082,0.65385986776959,1,0,0.232307399077668,93.16
"12086",0.00353285454647355,1.04452966354096,1,1,0.439191641609724,99.81
"12087",0.00141637848576264,0.41876882382748,1,0,0.163839421175879,83.93
"12089",0.00115547567081782,0.341629862705171,1,0,0.174878427956117,86
"12091",0.000532583278549376,0.157464459810838,1,0,0.157427139254954,82.25
"12093",0.000697885407216135,0.206337962687214,1,0,0.0942417414589651,57.49
"12095",0.00155463621608865,0.459646334814601,1,0,0.312173624243671,97.74
"12097",0.000720577638564139,0.213047185629489,1,0,0.202970660480196,90.33
"12099",0.00659005827012598,1.94842761202298,1,1,0.366361739131838,99.17
"12101",0.00135653447458299,0.401075243738026,1,0,0.234412123669384,93.51
"12103",0.00333808263789945,0.986943076418876,1,0,0.38524526419456,99.52
"12105",0.0006308218168354,0.186509829778045,1,0,0.217094450109349,91.6
"12107",0.000860933860022283,0.254545140002362,1,0,0.101039715884347,62.11
"12109",0.00374225133840518,1.10644026805232,1,1,0.27110667893876,96.09
"12111",0.000714000114240018,0.211102463824833,1,0,0.201494814036566,90.04
"12113",0.000705425900887661,0.208567397614138,1,0,0.19333334505936,88.8
"12115",0.00400364312549808,1.18372379949492,1,1,0.29527362553863,97.17
"12117",0.00191860244958409,0.567257198044943,1,0,0.327848004305804,98.31
"12119",0.00703058528502978,2.07867456349101,1,1,0.141812180199447,78.24
"12121",0.000146745909457774,0.0433871401767567,1,0,0.0769559217496296,43.21
"12123",0.000157728706624606,0.0466343322925092,1,0,0.0690490283392517,36.02
"12125",0.00025879917184265,0.0765169944965084,1,0,0.0343825857710719,3.34
"12127",0.00100142656047766,0.296083445983031,1,0,0.248294834472472,94.88
"12129",0.000392978779145926,0.116188760833577,1,0,0.109078671215125,66.34
"12131",0.00138749710938102,0.410229707948905,1,0,0.199708371298963,89.56
"12133",0.000283406546691229,0.0837924519581999,1,0,0.0708041037361043,37.67
"13001",0.000826153664581612,0.244261969449021,1,0,0.0671223497636541,33.66
"13003",0,0,0,0,0.0549772728400438,20.08
"13005",0,0,0,0,0.061010232871192,26.6
"13007",0,0,0,0,0.0698722897046789,36.84
"13009",0.000754513608191862,0.223080750971874,1,0,0.0910948811482075,55.36
"13011",0.000342817963661296,0.101358130522629,1,0,0.0689780101155518,35.95
"13013",0.000559127760693318,0.16531264564412,1,0,0.14918029063177,80.5
"13015",0.000449078412995939,0.132775272080867,1,0,0.152579071886479,81.32
"13017",0.000625,0.184788541709068,1,0,0.0566495152836772,21.83
"13019",0.000436014824504033,0.128912869733817,1,0,0.0664457576262616,33.09
"13021",0.0010627593302355,0.314217194915079,1,0,0.175604929795038,86.26
"13023",0,0,0,0,0.0572891374503752,22.37
"13025",0,0,0,0,0.0514427474125387,16.29
"13027",0,0,0,0,0.0568478640035383,22.02
"13029",0.000920174833218311,0.272060424876474,1,0,0.112827339601825,68.28
"13031",0.000463692849856255,0.137096200841375,1,0,0.131530143534868,75.44
"13033",0.00032133676092545,0.0950069623182867,1,0,0.0639903483110227,30.29
"13035",0.000212585034013605,0.0628532454792747,1,0,0.0551905293314044,20.36
"13037",0,0,0,0,0.0340162140733781,3.15
"13039",0.000643787451096915,0.190343270814075,1,0,0.0838150485181783,49.83
"13043",0.000294811320754717,0.0871644064665414,1,0,0.0741413088065383,40.69
"13045",0.00163386275552854,0.483070585515003,1,0,0.127447843158563,73.94
"13047",0.00042693990820792,0.126229764856232,1,0,0.124192977854403,72.86
"13049",0,0,0,0,0.0581218963110494,23.13
"13051",0.00101275971748224,0.299434226072368,1,0,0.204339697651924,90.49
"13053",0,0,0,0,0.026311734867384,0.92
"13055",0.000174794616325817,0.05168006759911,1,0,0.0496043070350259,14.57
"13057",0.00199810584186089,0.59076330351655,1,0,0.224445813096866,92.4
"13059",0.00177514087946913,0.524841111112403,1,0,0.144625286140808,79.16
"13061",0.00100200400801603,0.296254175084678,1,0,0.0504834510728373,15.05
"13063",0.000206128899271678,0.0609444139208139,1,0,0.15142476980431,80.97
"13065",0,0,0,0,0.0637718062393403,30.07
"13067",0.0027843181223605,0.823216136776203,1,0,0.322875211601542,98.25
"13069",0.00058010248477231,0.171514067524611,1,0,0.0819059831058296,48.33
"13071",0.00112395632626846,0.332310800761329,1,0,0.0717555177747961,38.66
"13073",0.00148907283318005,0.440261755747089,1,0,0.175405490431573,86.16
"13075",0.000886682035821954,0.262157888574666,1,0,0.0647756143245792,31.18
"13077",0.000746189105639058,0.220619514672376,1,0,0.170954605159088,85.33
"13079",0,0,0,0,0.0456319642323559,10.63
"13081",0.000829101461291326,0.24513351993741,1,0,0.0708524454021093,37.77
"13083",0.000575815738963532,0.17024664111392,1,0,0.0677073013067664,34.55
"13085",0.00115589119210912,0.341752716422719,1,0,0.116323559162631,69.65
"13087",0.000481139337952271,0.142254458590506,1,0,0.0755663561009643,41.97
"13089",0.00163083431680999,0.482175192275874,1,0,0.285017055678712,96.72
"13091",0.000175070028011204,0.0517614962770498,1,0,0.0608402571984996,26.41
"13093",0.000318775900541919,0.0942498140690176,1,0,0.0443176025715319,9.48
"13095",0.000841223882932937,0.248717655324827,1,0,0.137487387727439,77.09
"13097",0.000363623770605347,0.107509610081463,1,0,0.1682318176917,84.76
"13099",0,0,0,0,0.0516268146497774,16.48
"13101",0.00418848167539267,1.23837347323354,1,1,0.0544342370605392,19.38
"13103",0.000494865767660522,0.146312837676362,1,0,0.0937611706170695,57.3
"13105",0.00043097256141359,0.127422065824382,1,0,0.0697752294286363,36.68
"13107",0,0,0,0,0.0666209182008365,33.22
"13109",0,0,0,0,0.0490207078373947,13.97
"13111",0.0010068240295335,0.29767927068023,1,0,0.105784339437328,64.62
"13113",0.0022134245096275,0.654424779707477,1,0,0.223573541814716,92.3
"13115",0.000500190072227446,0.147887030438821,1,0,0.116459982669507,69.81
"13117",0.00205963025676064,0.608953714570673,1,0,0.26080390677028,95.48
"13119",0.000416840350145894,0.123243712686331,1,0,0.0813994596611826,47.76
"13121",0.00695772941104386,2.05713387435694,1,1,0.395298586753957,99.59
"13123",0.000623247117482082,0.18427028154223,1,0,0.109172748350785,66.5
"13125",0,0,0,0,0.0420759527660317,7.95
"13127",0.00188058298072402,0.556016298513415,1,0,0.164164071712185,84
"13129",0.000350201365785327,0.103541119500791,1,0,0.0839785493581197,49.92
"13131",0.000261711593823606,0.0773780860336321,1,0,0.064435197400513,30.86
"13133",0.00240413511239332,0.710810594385162,1,0,0.0973799698083819,59.59
"13135",0.00119587545907088,0.353574531435793,1,0,0.393001580590686,99.55
"13137",0.000523499302000931,0.154778676163947,1,0,0.0832246102899022,49.32
"13139",0.00107473836287396,0.317758935670831,1,0,0.179947995492798,86.83
"13141",0,0,0,0,0.0708283455357765,37.7
"13143",0.000664378252685195,0.196431181531065,1,0,0.0771764764197124,43.49
"13145",0.00087379852702534,0.25834872889047,1,0,0.0856261806370655,51
"13147",0.00369549150036955,1.09261517640247,1,1,0.0775479685992691,43.78
"13149",0,0,0,0,0.0608184827423238,26.38
"13151",0.00104971635324072,0.310360886597621,1,0,0.146769396486752,79.86
"13153",0.00078642112851432,0.232514581611777,1,0,0.092505149757518,56.25
"13155",0.000351741118536757,0.103996365365638,1,0,0.0460226963353552,10.88
"13157",0.000179536795068723,0.0530821480701904,1,0,0.10090997259803,61.98
"13159",0.000620732464307883,0.183526794993487,1,0,0.0861432868810403,51.38
"13161",0.000206825232678387,0.0611502930164443,1,0,0.0603088513150445,25.71
"13163",0.000345482812230092,0.102146024092074,1,0,0.0599204623849719,25.17
"13165",0,0,0,0,0.0473257777041534,12.09
"13167",0,0,0,0,0.0546793950460111,19.73
"13169",0.00038109756097561,0.112675940066505,1,0,0.078963260015852,44.86
"13171",0,0,0,0,0.0613008832051432,27.01
"13173",0,0,0,0,0.0466738454480105,11.55
"13175",0.000183175344598617,0.054157927688695,1,0,0.0986356899249585,60.36
"13177",0.000446478401607322,0.13200654838018,1,0,0.091178288118693,55.52
"13179",0.000310510790249961,0.0918061377843528,1,0,0.0466578208563265,11.52
"13181",0.000539374325782093,0.159472312154535,1,0,0.0706581501479246,37.48
"13183",0.00106553010122536,0.315036405684079,1,0,0.0763679227096043,42.7
"13185",0.00105343338249356,0.311459869661816,1,0,0.138266749709297,77.35
"13187",0.000943663300934227,0.279005064390401,1,0,0.112165190914216,67.96
"13189",0.000116904372223521,0.0345641415401576,1,0,0.075803781360775,42.32
"13191",0.000446229361892012,0.131932916882869,1,0,0.0672421207599128,33.85
"13193",0,0,0,0,0.0525245228420253,17.21
"13195",0.000377572210685294,0.111633629123847,1,0,0.0859378919540767,51.22
"13197",0,0,0,0,0.0406498930060934,7.06
"13199",0,0,0,0,0.0676734356682784,34.49
"13201",0,0,0,0,0.0362556056258001,4.3
"13205",0.00024770869457518,0.0732379655027268,1,0,0.0535687820621341,18.36
"13207",0.00108061378863194,0.319496073843212,1,0,0.0766598745667452,42.92
"13209",0,0,0,0,0.0545817994898255,19.6
"13211",0.00187617260787992,0.554712320327408,1,0,0.0868316837906009,51.92
"13213",0.000212201591511936,0.0627398762301344,1,0,0.0658397980478901,32.45
"13215",0.00217294681218826,0.642457076217016,1,0,0.168154616965856,84.73
"13217",0.000779493329335932,0.230466296959893,1,0,0.153585539334142,81.61
"13219",0.00429662635264163,1.27034770875744,1,1,0.168758229135899,84.86
"13221",0.000343288705801579,0.101497310928427,1,0,0.0656203543768908,32.04
"13223",0.000758232235701906,0.224180206579458,1,0,0.181070238440194,87.05
"13225",0.000157430730478589,0.0465462321685309,1,0,0.0684405950911699,35.28
"13227",0.00148024794153021,0.437652573573146,1,0,0.120852894747385,71.46
"13229",0.000170706725844998,0.050471435086123,1,0,0.0689054358512526,35.89
"13231",0.000464144813181713,0.137229829071482,1,0,0.0877916278117642,52.66
"13233",0.000548976550858756,0.162311322025061,1,0,0.079366533735737,45.24
"13235",0.00174013921113689,0.514492459514806,1,0,0.0507189470896127,15.37
"13237",0.00106980476063118,0.316300258608728,1,0,0.0853694540164231,50.78
"13239",0,0,0,0,0.0403568784961657,7
"13241",0.000881445570736007,0.260609666579558,1,0,0.0859984533021007,51.29
"13243",0,0,0,0,0.0525344994651092,17.28
"13245",0.000690322785412765,0.204101985319947,1,0,0.155498410408992,81.96
"13247",0.000597728631201434,0.176725443355952,1,0,0.164966921348427,84.06
"13249",0,0,0,0,0.057777847442967,22.72
"13251",0.000282007896221094,0.083378924629021,1,0,0.0584956757261845,23.74
"13253",0,0,0,0,0.0385062426081492,5.82
"13255",0.000605166609932297,0.178924568544655,1,0,0.114160113972655,68.76
"13257",0.00030309153364316,0.089612548010055,1,0,0.0821746160399722,48.65
"13259",0,0,0,0,0.0197386930283261,0.22
"13261",0.00149303251493033,0.441432481853115,1,0,0.0880294289473092,52.78
"13263",0,0,0,0,0.0423515938412046,8.37
"13265",0,0,0,0,0.0216942529785146,0.38
"13267",0.000140252454417952,0.0414672744368174,1,0,0.0554207611862866,20.52
"13269",0.0010126582278481,0.299404219477983,1,0,0.0581195307987014,23.1
"13271",0.000833680700291788,0.246487425372662,1,0,0.0525966498487834,17.47
"13273",0.000382409177820268,0.113063734888913,1,0,0.053974385252309,18.77
"13275",0.00117582832906396,0.347647363564701,1,0,0.135420144755526,76.58
"13277",0.000244110826315147,0.0721742137762745,1,0,0.101244843838294,62.23
"13279",0.000500250125062531,0.147904785760134,1,0,0.0779372777244853,44.1
"13281",0.00172935581495893,0.511304222627771,1,0,0.0738431029598465,40.44
"13283",0,0,0,0,0.0644340151055507,30.83
"13285",0.000503822479244704,0.148960993951802,1,0,0.0947406745086631,58
"13287",0,0,0,0,0.0643777861095056,30.77
"13289",0.00101988781234064,0.301541730478846,1,0,0.04854529758587,13.3
"13291",0.00138474648487431,0.409416453722689,1,0,0.0993803899305079,60.77
"13293",0.000476701227505661,0.14094227945871,1,0,0.0737326156917131,40.31
"13295",0.000275042631607899,0.0813195628842368,1,0,0.0831001466754796,49.19
"13297",0.0021703743895822,0.641696509461765,1,0,0.153014447512959,81.51
"13299",0.00085485742199426,0.252748570207188,1,0,0.079929037147746,46.1
"13301",0,0,0,0,0.0791326427658607,45.02
"13303",0.000405789260110916,0.119976328987356,1,0,0.0595794432539008,24.82
"13305",0.000198432384165096,0.0586688494363545,1,0,0.0782132712910867,44.32
"13307",0,0,0,0,0.0687124591847298,35.67
"13309",0,0,0,0,0.0738818173183305,40.47
"13311",0.00054127198917456,0.160033378476053,1,0,0.106434876210826,65.1
"13313",0.000801063812743323,0.236843862036391,1,0,0.125263716477306,73.27
"13315",0,0,0,0,0.0496390025529456,14.64
"13317",0,0,0,0,0.0531584034313775,17.98
"13319",0.000634719136781974,0.187662117889247,1,0,0.0383377322119362,5.7
"13321",0.000761421319796954,0.225123096498357,1,0,0.0737338669074534,40.34
"15001",0.000648471541200696,0.191728176701293,1,0,0.192254759874973,88.71
"15003",0.00131842410832655,0.389807469330786,1,0,0.238093738577438,93.99
"15007",0.000546334356626255,0.161530126474444,1,0,0.161775367831131,83.39
"15009",0.000550525341735678,0.162769240117155,1,0,0.205135629310274,90.58
"16001",0.00242720709577368,0.71763209544627,1,0,0.344925788517078,98.85
"16003",0,0,0,0,0.0893961045395023,54.02
"16005",0.00105517386920534,0.31197446486395,1,0,0.175858972767442,86.29
"16007",0,0,0,0,0.0817174247211255,48.17
"16009",0.000252652854977261,0.0746997642078091,1,0,0.0685351260578189,35.41
"16011",0.000421030472080417,0.124482571121313,1,0,0.118783987917473,70.73
"16013",0.00367518375918796,1.08661095579711,1,1,0.212351299633033,91.12
"16015",0.000881445570736007,0.260609666579558,1,0,0.0988062093998638,60.42
"16017",0.00205528722638989,0.607669646972579,1,0,0.189739013322458,88.48
"16019",0.002205764202346,0.652159920488931,1,0,0.245951570672727,94.72
"16021",0.000397772474144789,0.117606072686758,1,0,0.0898899515520239,54.44
"16023",0,0,0,0,0.0160358863907624,0.13
"16025",0,0,0,0,0.07598333603713,42.41
"16027",0.000671127883904603,0.198426788747238,1,0,0.199345037431883,89.53
"16029",0.000499625281039221,0.147720043334753,1,0,0.0545842822566189,19.63
"16031",0.00055497745404093,0.164085559061815,1,0,0.0930208659054464,56.63
"16033",0,0,0,0,0.0525862889807683,17.4
"16035",0.000641642605068977,0.189709122062566,1,0,0.0735432314816403,40.22
"16037",0,0,0,0,0.071199785509893,38.12
"16039",0.00032605151613955,0.0964009347031328,1,0,0.0600579747748174,25.29
"16041",0.00080742834073476,0.238725608990318,1,0,0.0982048642854296,60.13
"16043",0.000211059518784297,0.0624022091039486,1,0,0.0849492542724171,50.43
"16045",0.000357973867907643,0.105839150432972,1,0,0.121293263563437,71.56
"16047",0.000123670541676973,0.0365646384781732,1,0,0.0527308016865572,17.56
"16049",0.000706963591375044,0.209022033746559,1,0,0.1026771870608,62.97
"16051",0.000434858236214994,0.128570910912554,1,0,0.112319765552164,68.09
"16053",0.000142399430402278,0.0421020529347822,1,0,0.0692222151353347,36.27
"16055",0.00150994861303914,0.44643392361461,1,0,0.253727585902269,95.16
"16057",0.00130024308892532,0.384432038831686,1,0,0.129386617728092,74.74
"16059",0,0,0,0,0.101631326147092,62.39
"16061",0.000566251415628539,0.167418837335509,1,0,0.0507012206318539,15.34
"16063",0,0,0,0,0.0576648462335364,22.62
"16065",0.000465416010310755,0.137605673333403,1,0,0.111696508872641,67.71
"16067",0.000550004583371528,0.162615271831245,1,0,0.0747612678492312,41.27
"16069",0.00107353730542136,0.317403829022553,1,0,0.114808955816095,69.11
"16071",0,0,0,0,0.0619577382234031,27.78
"16073",0.000455580865603645,0.134697798056724,1,0,0.064338477679222,30.73
"16075",0.000590667454223272,0.174637724001482,1,0,0.10628503342887,65
"16077",0.000420609884332282,0.124358219446691,1,0,0.0340821607985687,3.18
"16079",0.000185804533630621,0.0549352781000573,1,0,0.0879926564702221,52.75
"16081",0.00133779264214047,0.395534002320412,1,0,0.153252699150087,81.58
"16083",0.00081778150555672,0.241786642957556,1,0,0.178056982082113,86.67
"16085",0.000940881292143641,0.278182531034507,1,0,0.123858844093631,72.67
"16087",0.000279485746226942,0.0826332215579956,1,0,0.0909372035538983,55.2
"17001",0.000844963724833192,0.24982338321438,1,0,0.155941381268048,82.06
"17003",0,0,0,0,0.0344527255339531,3.44
"17005",0.0015600624024961,0.461250650131838,1,0,0.0697928117825516,36.72
"17007",0.000828063836193917,0.244826733971665,1,0,0.10327597387391,63.35
"17009",0,0,0,0,0.0356717567551505,4.01
"17011",0.00017307026652821,0.0511702434639163,1,0,0.0870150398238014,52.02
"17013",0.000983284169124877,0.290719436317117,1,0,0.0716352567377884,38.47
"17015",0.000221238938053097,0.0654118731713514,1,0,0.0690960297568176,36.08
"17017",0.000173160173160173,0.0511968254085729,1,0,0.0513962533318968,16.16
"17019",0.001395635467266,0.412635908405661,1,0,0.142070373083801,78.33
"17021",0.000661375661375661,0.195543430379966,1,0,0.0814114556406092,47.82
"17023",0.00142363229611552,0.420913497486589,1,0,0.0583069441431132,23.39
"17025",0.000570884871550904,0.168788772636256,1,0,0.0583636854413932,23.54
"17027",0.000294941749004572,0.0872029691002826,1,0,0.0857849218375684,51.13
"17029",0.00131975867269985,0.39020204885776,1,0,0.0828007235751496,48.9
"17031",0.00587231286417222,1.73621780900765,1,1,0.495359064426578,100
"17033",0.000371793282934688,0.109925021713165,1,0,0.073927286768155,40.5
"17035",0.000303398058252427,0.0897031755869261,1,0,0.0480143194642304,12.63
"17037",0.000297073822844977,0.087833341605538,1,0,0.136377642826919,76.84
"17039",0.000533902829684997,0.157854600498937,1,0,0.0541675750309809,18.96
"17041",0.00220264317180617,0.651237151397596,1,0,0.0898561267593654,54.41
"17043",0.00350498060437719,1.03628840736228,1,1,0.445542336053083,99.87
"17045",0.00012202562538133,0.0360782997845648,1,0,0.03679816244891,4.61
"17047",0,0,0,0,0.055880030444205,21
"17049",0.000513306483455737,0.151765050444153,1,0,0.120823475256872,71.43
"17051",0.00035778175313059,0.105782349457785,1,0,0.0917522979532807,55.71
"17053",0.000782840144042586,0.231455821774314,1,0,0.0555977618675186,20.62
"17055",9.96810207336523e-05,0.0294718567319087,1,0,0.0920239613268571,55.77
"17057",0.000205867215645908,0.0608670441038617,1,0,0.0763122552015038,42.67
"17059",0,0,0,0,0.0523104469306447,17.05
"17061",0.00146520146520147,0.433203907303309,1,0,0.0392639290589964,6.24
"17063",0.00050121126054632,0.148188956679229,1,0,0.0875021647764305,52.34
"17065",0,0,0,0,0.0650915958292301,31.56
"17067",0.000391466040321002,0.115741501951266,1,0,0.0704980421490004,37.26
"17069",0,0,0,0,0.0343292840359987,3.28
"17071",0.000660501981505945,0.195285116733493,1,0,0.0549136402202556,20.01
"17073",0.000725382336940096,0.214467750759481,1,0,0.0849573637382677,50.46
"17075",0.00034920265394017,0.103245838692064,1,0,0.0685798824886538,35.51
"17077",0.000214584599978542,0.0634444404852133,1,0,0.0926886163603767,56.47
"17079",0.000787091696182605,0.23271284276624,1,0,0.0548838562865003,19.98
"17081",0.000235227700414001,0.069547813966529,1,0,0.0826731957087575,48.84
"17083",0.000659848234905972,0.195091828924123,1,0,0.0737205816670811,40.25
"17085",0.00164628410159925,0.486743101397356,1,0,0.126923248733524,73.69
"17087",0.00130463144161774,0.385729506502946,1,0,0.0438505556895276,9.04
"17089",0.00119347623565575,0.352865173042005,1,0,0.317027761033681,97.96
"17091",0.00140650067028548,0.415848332439807,1,0,0.141564403262713,78.17
"17093",0.000796336850487756,0.235446280497319,1,0,0.161217774656666,83.17
"17095",0.000496277915632754,0.146730355699508,1,0,0.0907687293841408,55.07
"17097",0.00270097224239881,0.798573954991274,1,0,0.271182039305105,96.12
"17099",0.000636507225535727,0.188190787190451,1,0,0.140333793901868,77.76
"17101",0.00109313511149978,0.323198149032038,1,0,0.0441248030867933,9.29
"17103",0.000894921321500485,0.264593929511082,1,0,0.0921573424036319,55.9
"17105",0.0010886967659302,0.32188590038339,1,0,0.0749245159819406,41.39
"17107",0.000210039907582441,0.0621007491565865,1,0,0.0590362837983838,24.18
"17109",0.00110610057006722,0.327031538122063,1,0,0.0580698573970337,23.04
"17111",0.00136324433604437,0.403059092561255,1,0,0.250034972946645,94.91
"17113",0.000637702624866288,0.188544220948938,1,0,0.124859676553034,73.08
"17115",0.000720297997571567,0.212964506507538,1,0,0.127545921917759,74.04
"17117",0.00111006745794552,0.328204394803912,1,0,0.0769689919616835,43.24
"17119",0.000829380815385014,0.245216114234359,1,0,0.167493647695647,84.6
"17121",0.000429184549356223,0.12689341919936,1,0,0.0807029971954291,46.77
"17123",0.000639590661976335,0.189102441147751,1,0,0.0468966062428134,11.68
"17125",0.000601322910402886,0.177788133935363,1,0,0.0510394717675373,15.72
"17127",0.000303951367781155,0.0898667680044098,1,0,0.0597172055533871,25.01
"17129",0,0,0,0,0.072111477200308,38.91
"17131",0.000288517022504328,0.0853034237549072,1,0,0.0631952503420745,29.4
"17133",0.00162783599552345,0.481288703606891,1,0,0.118332759973996,70.47
"17135",0.000914355379457483,0.270339835478063,1,0,0.0756035871951647,42.06
"17137",0.000197810892786496,0.0584850982594966,1,0,0.0864696744900281,51.67
"17139",0.000342583076396026,0.101288683362284,1,0,0.0726300605742283,39.48
"17141",0.000180733779143322,0.0534360503767411,1,0,0.0985001933216026,60.29
"17143",0.00534671980101851,1.58082008793153,1,1,0.178048904844678,86.64
"17145",0.00020271639975674,0.0599354686264967,1,0,0.0628388938666828,28.86
"17147",0.00114285714285714,0.337899047696581,1,0,0.077396288077004,43.59
"17149",0.000432806751785328,0.127964365606799,1,0,0.0720316820100363,38.82
"17151",0.00122100122100122,0.361003256086091,1,0,0.051065086496765,15.81
"17153",0,0,0,0,0.0293385111765433,1.65
"17155",0.000401123144805455,0.118596737558968,1,0,0.062722109041572,28.76
"17157",0.00102907126318498,0.304256924861856,1,0,0.071627117746724,38.43
"17159",0.00125509883903357,0.371084614665213,1,0,0.0722078990146007,38.94
"17161",0.000684802749953004,0.20246992243548,1,0,0.149795765130453,80.66
"17163",0.00145643544564069,0.430612131349343,1,0,0.184325589313625,87.72
"17165",0.00110302228105008,0.326121406060565,1,0,0.0628752913900384,28.92
"17167",0.000689504752657759,0.203860124392158,1,0,0.129858491461317,75.02
"17169",0.000497512437810945,0.147095356584333,1,0,0.0536731471573557,18.52
"17171",0.00160513643659711,0.474577314180591,1,0,0.0705382159322718,37.32
"17173",0.00139057882843734,0.411140854141503,1,0,0.0642453078725786,30.54
"17175",0,0,0,0,0.0398855943524238,6.78
"17177",0.000570865120141159,0.16878293290153,1,0,0.094049639702545,57.4
"17179",0.0023496700671614,0.694707368333124,1,0,0.13858752422942,77.47
"17181",0.000143947027493882,0.0425596180703193,1,0,0.0571766896942787,22.3
"17183",0.00045889371315613,0.135677280085729,1,0,0.109032012916694,66.27
"17185",0.00127779197546639,0.377794105206374,1,0,0.063904386886618,30.26
"17187",0.000275444153697838,0.0814382775745788,1,0,0.0506023729133334,15.18
"17189",0.000998003992015968,0.295071523687134,1,0,0.0626360851340862,28.6
"17191",0.00145228215767635,0.429384163307377,1,0,0.0662774965066749,32.93
"17193",0.00272822665267576,0.806632039359624,1,0,0.0481241601083144,12.92
"17195",0.000130872922392357,0.0386941063649402,1,0,0.114145937463341,68.72
"17197",0.00121938160426404,0.360524397502103,1,0,0.258377369119756,95.35
"17199",0.000191772940838048,0.0566999073227555,1,0,0.104967160076451,64.11
"17201",0.00268301195358171,0.793263786064578,1,0,0.206718888593975,90.61
"17203",0.00116279069767442,0.3437926357378,1,0,0.0758892318824086,42.38
"18001",0.00111409659872862,0.32939565728335,1,0,0.099806311325435,61.25
"18003",0.00286784582241311,0.847912075792256,1,0,0.256165560109704,95.2
"18005",0.00137751303052867,0.407277798554609,1,0,0.118647315495938,70.63
"18007",0,0,0,0,0.085159619631912,50.62
"18009",0.00091855480710349,0.271581445255213,1,0,0.0671750120628241,33.76
"18011",0.00250773555524097,0.741441273991931,1,0,0.133739197135391,76.07
"18013",0.000749250749250749,0.221524725325556,1,0,0.10963318770064,66.72
"18015",0.000759762953958365,0.224632781290464,1,0,0.0722579255656038,39.07
"18017",0.000882334404739396,0.26087246072245,1,0,0.0831404307724605,49.25
"18019",0.000936519581063574,0.27689294026676,1,0,0.18455897276379,87.78
"18021",0.000220361392684002,0.0651524166448895,1,0,0.0662494369187611,32.87
"18023",0.00023441162681669,0.0693065322865702,1,0,0.0713237917420586,38.24
"18025",0.001806684733514,0.534167419574541,1,0,0.0526378456627291,17.5
"18027",0.000263591433278418,0.0779338825000351,1,0,0.0857102486380861,51.1
"18029",0.000429500552214996,0.126986849131277,1,0,0.116438219259803,69.77
"18031",0.00120724346076459,0.356935613763994,1,0,0.0859966144353373,51.26
"18033",0.000703525906306903,0.208005642049604,1,0,0.107287633221981,65.48
"18035",0.00171331805956769,0.506562473138116,1,0,0.154993369713732,81.93
"18037",0.000467305317266931,0.138164268977039,1,0,0.0956177508629929,58.64
"18039",0.000402167316227817,0.11890545902206,1,0,0.194606674480391,89.06
"18041",0.000294117647058824,0.0869593137454436,1,0,0.0711984715756736,38.08
"18043",0.00163235945108455,0.482626116017485,1,0,0.139767464185955,77.66
"18045",0.00105355575065847,0.31149604923741,1,0,0.0728364422593302,39.71
"18047",0.000199560965875075,0.059002527785773,1,0,0.0850655461815172,50.52
"18049",0.000279759406910057,0.0827141325316851,1,0,0.0925716988682632,56.35
"18051",0.000435540069686411,0.128772502933148,1,0,0.0596428073565863,24.88
"18053",0.000123934934159566,0.0366428092002489,1,0,0.0873013229737806,52.24
"18055",0.000402955003357958,0.119138347911823,1,0,0.081401122207416,47.79
"18057",0.00858440795607025,2.5380803642207,1,1,0.289354913328665,96.95
"18059",0.000856609661333252,0.253266640210672,1,0,0.14369311290829,78.91
"18061",0.000170677590032429,0.050462820743217,1,0,0.0950218899742963,58.26
"18063",0.000607225989272341,0.179533448072771,1,0,0.132342578028764,75.66
"18065",0.000716939320862934,0.211971474553842,1,0,0.0954529118718391,58.51
"18067",0.00319979521310636,0.946056785916128,1,0,0.121302299481995,71.59
"18069",0.000648298217179903,0.19167693143242,1,0,0.108538741331548,66.05
"18071",0.000284622265593234,0.0841518934350475,1,0,0.0883621884587785,52.91
"18073",0.000298618887644644,0.0882901580394202,1,0,0.0787094260986083,44.7
"18075",0.00124254473161034,0.367372846340095,1,0,0.0662656273780967,32.9
"18077",0.000619237649649099,0.183084835600012,1,0,0.0809223014174085,47.06
"18079",0.000111470293166871,0.0329574926691014,1,0,0.0702104514852702,37.07
"18081",0.00124206647102982,0.367231443019726,1,0,0.174061997211548,85.75
"18083",0.000366876310272537,0.108471261380585,1,0,0.069546142408751,36.56
"18085",0.0012595092951786,0.37238861748011,1,0,0.143622796624062,78.87
"18087",0.000465793304221252,0.137717224679829,1,0,0.129392420133014,74.77
"18089",0.00113034795877998,0.334200561482838,1,0,0.209525799727964,90.9
"18091",0.00150264645196017,0.444274954499239,1,0,0.166450726298804,84.44
"18093",0.000528995569662104,0.156403711821468,1,0,0.0933157603121674,56.86
"18095",0.00093712347717435,0.277071489197406,1,0,0.156524002240465,82.18
"18097",0.00186783082580097,0.552245975134408,1,0,0.297706307360493,97.26
"18099",0.000372995151063036,0.110280368047187,1,0,0.117283350586384,70.06
"18101",0,0,0,0,0.0345333411147128,3.47
"18103",0.000484730974309258,0.143316367782117,1,0,0.0732737049422314,40.06
"18105",0.00134309661255537,0.397102183053593,1,0,0.143179905697738,78.68
"18107",0.000115180833909237,0.0340545573294757,1,0,0.0835488104434217,49.63
"18109",0.00110784911095109,0.327548514634142,1,0,0.124041738877922,72.8
"18111",0.000248077400148846,0.0733469776071715,1,0,0.0531648039788895,18.01
"18113",0.000918521720337152,0.27157166276673,1,0,0.12703245566153,73.75
"18115",0,0,0,0,0.0733413349589,40.12
"18117",0.00110919398570372,0.327946142545055,1,0,0.0585600388400241,23.8
"18119",0.000164527805199079,0.0486445651093301,1,0,0.0579690573253793,22.94
"18121",0,0,0,0,0.0764819084452956,42.79
"18123",0.000429553264604811,0.127002434164308,1,0,0.056577398274265,21.76
"18125",0,0,0,0,0.0525772204008465,17.37
"18127",0.00201092459745853,0.59455331816201,1,0,0.195046015710794,89.12
"18129",0.0025123103205708,0.742793856734269,1,0,0.0803479102694674,46.45
"18131",0.00111411745981219,0.329401825106089,1,0,0.0527703888976451,17.63
"18133",0.000802685347343841,0.237323287659048,1,0,0.0771331164824052,43.37
"18135",0,0,0,0,0.0754657365101719,41.9
"18137",0.00220559275305238,0.65210922950502,1,0,0.0990955604483059,60.55
"18139",0.000533712862479986,0.157798434478478,1,0,0.0686079626032521,35.57
"18141",0.00144950080606386,0.428561824253855,1,0,0.225993542272653,92.52
"18143",0.000114455762847659,0.0338401816109086,1,0,0.0494366836718826,14.41
"18145",0.000583260425780111,0.172447749626427,1,0,0.0923969185449275,56.19
"18147",0.0010372099053546,0.306663209370682,1,0,0.0692085284385953,36.24
"18149",0.000601202404809619,0.177752505050807,1,0,0.0673477058748395,34.04
"18151",0.000445235975066785,0.13163921047841,1,0,0.117441493962183,70.16
"18153",0.000917290934107935,0.271207766458806,1,0,0.0550530544487347,20.2
"18155",0,0,0,0,0.0566811869947135,21.89
"18157",0.000686008289266829,0.202826354198319,1,0,0.135447441440224,76.61
"18159",0.0016952345074402,0.501215859975622,1,0,0.0681480642569045,34.9
"18161",0,0,0,0,0.10505782348977,64.14
"18163",0.00156011679086591,0.461266730687907,1,0,0.217716170277206,91.7
"18165",0,0,0,0,0.0442538172674942,9.39
"18167",0.000943081124624241,0.278832937172258,1,0,0.159666076632527,82.98
"18169",0.00049982149232417,0.147778055490293,1,0,0.112772096559318,68.22
"18171",0,0,0,0,0.0881299824422216,52.82
"18173",0.00402971306500947,1.19143168126252,1,1,0.144264315403852,79.06
"18175",0.000145751348199971,0.0430930865376051,1,0,0.082152545566663,48.58
"18177",0.000491475963753648,0.145310602603352,1,0,0.122268501704881,71.97
"18179",0.00063547541504488,0.187885720380973,1,0,0.0943215410695879,57.65
"18181",0.00101543460601137,0.300225088073221,1,0,0.082470437743992,48.78
"18183",0.000784929356357928,0.23207352176963,1,0,0.0874035013204163,52.27
"19001",0.000263088660878716,0.077785231974351,1,0,0.054174730866821,18.99
"19003",0,0,0,0,0.0483277512963216,13.14
"19005",0.000676018252492817,0.199872683274976,1,0,0.0756471569661801,42.19
"19007",0.000769674812391764,0.227563337875319,1,0,0.0799341198830823,46.13
"19009",0,0,0,0,0.0545334591097822,19.54
"19011",0.000919238345370978,0.271783541318655,1,0,0.107332064523276,65.54
"19013",0.00237347829415818,0.701746548408985,1,0,0.154857285850075,81.86
"19015",0.00109609061015711,0.324071976691094,1,0,0.103533387554943,63.51
"19017",0.00151989271345552,0.449374012917894,1,0,0.0828500047683384,48.97
"19019",0.00187406296851574,0.554088580836785,1,0,0.0894166034772719,54.06
"19021",0.000647144475004045,0.191335814097724,1,0,0.0626898506443769,28.73
"19023",0.00126076906913217,0.372761084346932,1,0,0.0674286494125813,34.2
"19025",0.000290444379901249,0.085873269455274,1,0,0.0563972612470062,21.44
"19027",0.00248833592534992,0.735705547084313,1,0,0.101356173863494,62.27
"19029",0.0023728310840872,0.701555193200672,1,0,0.0811843607463943,47.38
"19031",0.00109872861403233,0.324851933313696,1,0,0.0890679250422721,53.45
"19033",0.001825100963032,0.539612392688797,1,0,0.135847142211496,76.68
"19035",0.00086281276962899,0.255100661548325,1,0,0.0634633875301616,29.72
"19037",0.000833194467588735,0.246343665001257,1,0,0.0644082705062758,30.8
"19039",0.000570559147965006,0.168692468657955,1,0,0.0377357830903923,5.28
"19041",0.00143589743589744,0.424539829157243,1,0,0.115273512602232,69.33
"19043",0.000804613115193778,0.237893254714637,1,0,0.0774557019598767,43.72
"19045",0.0019019344064573,0.562329096632873,1,0,0.114370678972047,68.88
"19047",0.000265851389073508,0.0786020647971576,1,0,0.0655652873279172,32.01
"19049",0.00730702375587459,2.16040682253053,1,1,0.139972208468697,77.73
"19051",0.000365764447695684,0.108142526237933,1,0,0.0660731367576306,32.68
"19053",0.00249643366619116,0.738099738638216,1,0,0.0657171250219243,32.29
"19055",0.000760070939954396,0.224723840943381,1,0,0.0858472996790067,51.19
"19057",0.00146446386893048,0.432985828360453,1,0,0.125202739126513,73.24
"19059",0.0018665007554884,0.55185272432892,1,0,0.102231098959156,62.65
"19061",0.00900477644663691,2.66236721278431,1,1,0.205126246276695,90.55
"19063",0.00154519701261911,0.456855524184149,1,0,0.0659985511759189,32.55
"19065",0.00120787534726416,0.357122438379645,1,0,0.0709047448509271,37.8
"19067",0.00149164677804296,0.441022772575341,1,0,0.0707306981775813,37.58
"19069",0.00166597251145356,0.492564209470235,1,0,0.054803190422424,19.85
"19071",0,0,0,0,0.0400838627665131,6.9
"19073",0.000777000777000777,0.229729344782058,1,0,0.0573379951284238,22.46
"19075",0.00198886237072395,0.588030363433787,1,0,0.056287663890849,21.25
"19077",0.00194269062651773,0.574379148585737,1,0,0.0820220521218281,48.46
"19079",0.00184240362811791,0.544728127487048,1,0,0.0660059659619213,32.61
"19081",0.000427715996578272,0.126459224437343,1,0,0.0525551235436039,17.34
"19083",0.0020703933747412,0.612135955972067,1,0,0.0669529512536037,33.47
"19085",0.000594648166501487,0.175814668028449,1,0,0.0628360357425025,28.83
"19087",0.00107238605898123,0.317063449581242,1,0,0.0716379071315744,38.5
"19089",0.00241097922848665,0.712834137156641,1,0,0.0592458100471111,24.4
"19091",0.00227894257064722,0.673795958829782,1,0,0.07736861923333,43.53
"19093",0,0,0,0,0.044839481484285,9.86
"19095",0.000755001887504719,0.223225116447345,1,0,0.0603215499889553,25.74
"19097",0.000980254866265229,0.28982378758459,1,0,0.0798853667207605,46.01
"19099",0.00065402223675605,0.193369304600725,1,0,0.130748768516229,75.31
"19101",0.00595876534382076,1.76177849323387,1,1,0.147097175588321,79.96
"19103",0.00160006522558881,0.473077951481516,1,0,0.119665066512951,71.21
"19105",0.000537706681005512,0.15897925352037,1,0,0.0901579118794359,54.63
"19107",0.000700280112044818,0.207045985108199,1,0,0.0507912523671784,15.46
"19109",0.00064532782653588,0.190798700783756,1,0,0.0875343213789662,52.37
"19111",0.0018108912171776,0.535411115545611,1,0,0.086743638758882,51.86
"19113",0.00480275700249303,1.41999114027792,1,1,0.257935858099796,95.32
"19115",0,0,0,0,0.0420759275712634,7.92
"19117",0.000250878073256397,0.0741750292861285,1,0,0.0573038867232764,22.43
"19119",0.00159184972938555,0.470648944181007,1,0,0.074006728295501,40.57
"19121",0.00441988950276243,1.3067918971691,1,1,0.119262238500674,70.98
"19123",0.000431965442764579,0.127715622779485,1,0,0.0777542276054995,43.97
"19125",0.00164548861870372,0.486507907598606,1,0,0.0827010857177698,48.87
"19127",0.00066607460035524,0.196932726510552,1,0,0.0876576903140745,52.5
"19129",0.00098497906919478,0.291220553296733,1,0,0.080977328629034,47.09
"19131",0.00166910077195911,0.493489116185284,1,0,0.0601435188648562,25.49
"19133",0.00158831003811944,0.469602393161544,1,0,0.0515695811614231,16.42
"19135",0.000240963855421687,0.071243775116749,1,0,0.0694692244127393,36.43
"19137",0.000582750582750583,0.172297008586543,1,0,0.0625469224313834,28.48
"19139",0.000644412939811831,0.19052820385005,1,0,0.091088847045627,55.33
"19141",0.000392259414225941,0.115976072202344,1,0,0.0749211449857881,41.36
"19143",0.00113862795331625,0.336648638467986,1,0,0.0447282210839783,9.8
"19145",0.000826901874310915,0.244483186384654,1,0,0.0609139179900543,26.5
"19147",0.000453309156844968,0.134026140858798,1,0,0.0516852967483394,16.61
"19149",0.00132382143119806,0.39140325080688,1,0,0.068777862940798,35.73
"19151",0,0,0,0,0.0452253582087674,10.12
"19153",0.00282863771767364,0.836319742195484,1,0,0.316271825292003,97.93
"19155",0.000957062687606038,0.282966749387009,1,0,0.130233873168536,75.18
"19157",0.000825559316436886,0.244086243485931,1,0,0.0564095834074034,21.57
"19159",0.00111919418019026,0.330902816714615,1,0,0.0592004423782429,24.37
"19161",0.000530644733351021,0.156891306306452,1,0,0.0636053244111555,29.78
"19163",0.00205728116175877,0.608259177227105,1,0,0.213356159665596,91.22
"19165",0.00094577553593947,0.279629571312587,1,0,0.0830658362122964,49.13
"19167",0.00128397960306688,0.379623549495865,1,0,0.0983003725011476,60.26
"19169",0.00131672237415173,0.389304331768318,1,0,0.106654469212054,65.19
"19171",0.000473036896877956,0.139858877357856,1,0,0.0611763578009282,26.73
"19173",0.00119094878920206,0.352117904010927,1,0,0.0342866598939702,3.25
"19175",0.000745378652355397,0.220379894703718,1,0,0.0631050360527968,29.24
"19177",0.00170867150790261,0.50518866592825,1,0,0.0543520625092816,19.15
"19179",0.000418835636929336,0.123833642502337,1,0,0.0943072394081505,57.59
"19181",0.00138959070237494,0.41084870314295,1,0,0.111982233894585,67.8
"19183",0.00195637288467182,0.578424467836268,1,0,0.0886415759125215,53.1
"19185",0,0,0,0,0.0443962200501732,9.55
"19187",0.0016039737155275,0.474233542131203,1,0,0.0946556502429693,57.87
"19189",0.00304298212248003,0.899693166175758,1,0,0.0738245998164154,40.41
"19191",0.00157467915912133,0.465572264757906,1,0,0.0930305876280812,56.67
"19193",0.00129796237687138,0.383757719704475,1,0,0.152673910170707,81.39
"19195",0,0,0,0,0.0584145708229446,23.67
"19197",0.00294456535654846,0.870595101125809,1,0,0.0359503364130266,4.14
"20001",0.00032242463324198,0.0953286044605863,1,0,0.0603711227851191,25.77
"20003",0.000341180484476288,0.100873990697546,1,0,0.0846367497930797,50.27
"20005",0.0011677127426653,0.345247895763548,1,0,0.0776547887822659,43.84
"20007",0.00212201591511936,0.627398762301344,1,0,0.0493317747877016,14.25
"20009",0.00127848386854178,0.377998671466244,1,0,0.0994730603873058,60.93
"20011",0.00109649122807018,0.324190424050996,1,0,0.0789884623534444,44.93
"20013",0.000584339696143358,0.172766848500881,1,0,0.0483261277750227,13.11
"20015",0.00112495673243337,0.332606582515456,1,0,0.104115198562678,63.76
"20017",0,0,0,0,0.0387114968609872,5.89
"20019",0,0,0,0,0.0390783395218539,6.11
"20021",0.000448765893792072,0.132682872132165,1,0,0.0590763281659686,24.24
"20023",0.000854700854700855,0.252702279260264,1,0,0.0392083290989998,6.2
"20025",0,0,0,0,0.0351819168329473,3.72
"20027",0.00028169014084507,0.0832849765449319,1,0,0.0620893661258943,27.9
"20029",0.000520020800832033,0.153750216710613,1,0,0.0691441706536827,36.18
"20031",0.000520291363163372,0.153830211620452,1,0,0.0471994168240842,11.9
"20033",0.00121951219512195,0.360563008212815,1,0,0.0354763802621814,3.79
"20035",0.000479189485213582,0.141677961879899,1,0,0.0777210849273186,43.91
"20037",0.000537844709563857,0.159020063273987,1,0,0.0908571480724712,55.17
"20039",0.000885739592559787,0.261879244228971,1,0,0.0344109488313805,3.4
"20041",0.00201667114815811,0.596252352919821,1,0,0.0713012430527261,38.21
"20043",0.000300210147102972,0.0887606324630767,1,0,0.0477487802493041,12.5
"20045",0.00273261142604976,0.807928448763635,1,0,0.171853906593757,85.56
"20047",0,0,0,0,0.0389436740352824,5.98
"20049",0.0024330900243309,0.719371451908779,1,0,0.043943565528563,9.13
"20051",0.000840571588680303,0.248524796918892,1,0,0.105297760352559,64.3
"20053",0.00121212121212121,0.35837777786001,1,0,0.0414939780568675,7.6
"20055",0.000476231708373019,0.140803460649389,1,0,0.0992135429704141,60.64
"20057",0.00024933925098489,0.0737200585285265,1,0,0.0820600978551317,48.49
"20059",0.000337952010814464,0.0999194547936831,1,0,0.0722169703936597,38.98
"20061",6.81918919840431e-05,0.0201617284417817,1,0,0.0415735030836576,7.64
"20063",0.000677966101694915,0.200448587616616,1,0,0.023167714182279,0.45
"20065",0.00172562553925798,0.510201323096649,1,0,0.0411192894792348,7.32
"20067",0.000615953187557746,0.182113746063756,1,0,0.0529084911337303,17.75
"20069",0.0011953143676787,0.353408638219589,1,0,0.0360446457071238,4.17
"20071",0,0,0,0,0.0324367063765597,2.51
"20073",0.000520833333333333,0.153990451424223,1,0,0.048902552816894,13.81
"20075",0,0,0,0,0.020514697514956,0.29
"20077",0.00108147080028839,0.319749459337969,1,0,0.0542099617696397,19.03
"20079",0.000678551600764913,0.200621697247523,1,0,0.0959260178380408,58.89
"20081",0.000384024577572965,0.113541346672238,1,0,0.0290252800175711,1.53
"20083",0,0,0,0,0.0286405770741634,1.37
"20085",0.000401445202729827,0.118691957741673,1,0,0.0486381688815527,13.55
"20087",0.000415973377703827,0.122987382169097,1,0,0.0805786938772702,46.55
"20089",0.000952380952380952,0.281582539747151,1,0,0.0294485900831316,1.69
"20091",0.00858662041793887,2.53873450438437,1,1,0.360651808490577,99.11
"20093",0.00086617583369424,0.256094990675191,1,0,0.0235833787527387,0.54
"20095",0.00124921923797626,0.369346242016875,1,0,0.051328171540419,16.07
"20097",0.00200267022696929,0.592112817225317,1,0,0.0298050931666737,1.78
"20099",0.00042025635637739,0.124253694782311,1,0,0.0597564582383799,25.07
"20101",0.00229621125143513,0.678901645773842,1,0,0.0303019962483809,1.94
"20103",0.0015390534821085,0.455039117713749,1,0,0.105856285055762,64.68
"20105",0.000877963125548727,0.259580041031175,1,0,0.0422089863143249,8.15
"20107",0,0,0,0,0.0652877657893724,31.75
"20109",0,0,0,0,0.0383507438121484,5.73
"20111",0.000640689615003786,0.18942735943151,1,0,0.0806142240304587,46.64
"20113",0.00117672229353872,0.347911674591313,1,0,0.0822672678853168,48.74
"20115",0.000221778664892437,0.065571449708252,1,0,0.0581334307048895,23.16
"20117",0.00137931034482759,0.407809195495874,1,0,0.0582670424013738,23.35
"20119",0.000974658869395711,0.288169265823108,1,0,0.0347809773963934,3.6
"20121",0.0017498618530116,0.517367072016546,1,0,0.117780968775076,70.25
"20123",0.00079428117553614,0.23483849621486,1,0,0.0481221081518598,12.89
"20125",0.000486351753906013,0.143795570179103,1,0,0.0766751217535818,42.95
"20127",0.000954198473282443,0.28211991100621,1,0,0.0544364753985164,19.41
"20129",0,0,0,0,0.0311411996149073,2.16
"20131",0.00101921956901573,0.301344156543617,1,0,0.0620887373447909,27.87
"20133",0.000406669377795852,0.120236546049007,1,0,0.0753792463161738,41.87
"20135",0,0,0,0,0.0370635523150809,4.8
"20137",0,0,0,0,0.0441700051061787,9.35
"20139",0.000818553888130969,0.242015006876814,1,0,0.0612061510671162,26.79
"20141",0,0,0,0,0.0356971961309676,4.04
"20143",0.00123915737298637,0.366371334243505,1,0,0.0422528941275053,8.24
"20145",0.00033921302578019,0.100292288580227,1,0,0.0380029461352342,5.5
"20147",0.000373273609555804,0.110362697549275,1,0,0.0474554769186862,12.28
"20149",0.000939929932495941,0.277901250455404,1,0,0.0870836757399298,52.08
"20151",0.00125380619738492,0.370702430080881,1,0,0.0486550133558758,13.59
"20153",0,0,0,0,0.035017231255183,3.66
"20155",0.000895968143354903,0.264903434605333,1,0,0.137668450201888,77.12
"20157",0.00126903553299492,0.375205160830594,1,0,0.0487781720190683,13.65
"20159",0.00198631648642684,0.587277643039191,1,0,0.0431490111915112,8.78
"20161",0.00289387278090044,0.855607249718651,1,0,0.140510065802622,77.86
"20163",0,0,0,0,0.0486074674760756,13.46
"20165",0,0,0,0,0.0273813635113881,1.08
"20167",0.00420462508759636,1.24314646139247,1,1,0.0607802101040365,26.34
"20169",0.00323038372128128,0.955100635226048,1,0,0.120183616018946,71.27
"20171",0.000980071871937275,0.289769683176584,1,0,0.0409455521635058,7.29
"20173",0.00230013361070239,0.68006133705233,1,0,0.23375270770985,93.41
"20175",8.20681165367255e-05,0.0242643961210101,1,0,0.0650857096987163,31.53
"20177",0.00393025186825353,1.16202481805425,1,1,0.188076437840094,88.32
"20179",0.00223880597014925,0.661929104629496,1,0,0.0433139883366289,8.81
"20181",0.00206327372764787,0.610030949245891,1,0,0.057915879304895,22.88
"20183",0.00173711638679792,0.513598726232499,1,0,0.0400947523848049,6.94
"20185",0.00190597204574333,0.563522871793853,1,0,0.0347606721299441,3.56
"20187",0,0,0,0,0.0249568227355092,0.83
"20189",0.00070871722182849,0.209540515049262,1,0,0.0333464196080738,2.77
"20191",0.00132749236691889,0.392488605780577,1,0,0.0652824575089792,31.69
"20193",0.00193236714975845,0.571326892240596,1,0,0.0611667500726936,26.69
"20195",0,0,0,0,0.0421135866114013,8.05
"20197",0.00160944206008584,0.475850321997599,1,0,0.0480053402818296,12.6
"20199",0,0,0,0,0.052431971480983,17.15
"20201",0.00149981252343457,0.443437070467954,1,0,0.045654687025369,10.72
"20203",0,0,0,0,0.0470254569547555,11.8
"20205",0.000566411781365052,0.167466251336453,1,0,0.0554249705239036,20.55
"20207",0,0,0,0,0.042296128791251,8.3
"20209",0.000215304215069338,0.0636572030823654,1,0,0.176131685085751,86.38
"21001",0.000164419598816179,0.0486125726298106,1,0,0.0728148964240595,39.61
"21003",0.000167757087736957,0.0495993401668358,1,0,0.0653500465438116,31.85
"21005",0.000501336898395722,0.148226102975188,1,0,0.108832342788753,66.15
"21007",0,0,0,0,0.0590799962189645,24.28
"21009",0.000113134970019233,0.033449673801845,1,0,0.118913067854517,70.86
"21011",0,0,0,0,0.0749867023136948,41.46
"21013",0.0001098659635245,0.0324831538930464,1,0,0.0774335111187143,43.65
"21015",0.00163205684246594,0.482536646248938,1,0,0.189731630432451,88.45
"21017",0.000229226361031519,0.067773447962065,1,0,0.0756390716916908,42.13
"21019",0.000468485350823453,0.138513159665163,1,0,0.133560127640466,75.91
"21021",0.00121469784391133,0.359139589109637,1,0,0.104161901325788,63.82
"21023",0,0,0,0,0.0631911164375479,29.34
"21025",0.00119225037257824,0.352502732321321,1,0,0.0530557888270073,17.85
"21027",0.000211505922165821,0.0625341934717657,1,0,0.0828501620927359,49
"21029",0.000401098392521058,0.118589419257308,1,0,0.104432727412102,63.98
"21031",0,0,0,0,0.0742443092888514,40.92
"21033",0.00018152114721365,0.0536688449327479,1,0,0.0615555836763549,27.24
"21035",0.000498587335881669,0.147413162739492,1,0,0.094372207685208,57.68
"21037",0.00343452249058276,1.01545664400285,1,1,0.214709052956453,91.38
"21039",0.000606428138265616,0.179297554114317,1,0,0.0471909808130147,11.87
"21041",0,0,0,0,0.0590298600698543,24.15
"21043",0.000144383482529599,0.0426886610936339,1,0,0.0757803112341655,42.28
"21045",0,0,0,0,0.0646061420565825,31.05
"21047",0.000123057991078296,0.0363835307472091,1,0,0.0704802238388159,37.23
"21049",0.000264096130991681,0.0780831022671354,1,0,0.103244262872744,63.28
"21051",0,0,0,0,0.0750394860869237,41.58
"21053",0,0,0,0,0.0551989427398637,20.39
"21055",0.000419463087248322,0.124019155509441,1,0,0.070116097049302,37
"21057",0,0,0,0,0.0512532148767602,16
"21059",0.00105251287448784,0.311187710730603,1,0,0.149546888863517,80.59
"21061",0,0,0,0,0.0602854979880586,25.64
"21063",0,0,0,0,0.0343600170775562,3.31
"21065",0.000369959304476508,0.109382784585464,1,0,0.0626370879645625,28.67
"21067",0.00278254925331277,0.822693150005315,1,0,0.276798969449379,96.53
"21069",0,0,0,0,0.0714778848850661,38.37
"21071",0.000238986696407233,0.0706592049871365,1,0,0.0832326533138758,49.38
"21073",0.000455739638625275,0.134744741152931,1,0,0.12923444612417,74.61
"21075",0.00443295160694496,1.31065386066276,1,1,0.0601019386305727,25.33
"21077",0.00140449438202247,0.415255149908017,1,0,0.0376795006592019,5.22
"21079",0.000279876854184159,0.0827488571884994,1,0,0.0979795073911834,59.94
"21081",0.000469410107964325,0.138786574902758,1,0,0.0940070726727731,57.37
"21083",0.000282705491554173,0.0835851768279054,1,0,0.104358827863948,63.95
"21085",0.000916380297823597,0.27093852621719,1,0,0.0801000644439611,46.33
"21087",0.00210260723296888,0.621660358987612,1,0,0.0647847591469744,31.21
"21089",0.000365141187925998,0.107958252215619,1,0,0.1020289690583,62.58
"21091",0,0,0,0,0.0397794376180014,6.65
"21093",0.000386178179253837,0.114178084134687,1,0,0.117431066841874,70.12
"21095",0.000412881915772089,0.122073355381713,1,0,0.0583857776993906,23.58
"21097",0.000163800163800164,0.0484294294405419,1,0,0.0670486621147213,33.57
"21099",0.000318877551020408,0.0942798682189121,1,0,0.0621209630817826,27.94
"21101",0.00062236690923018,0.1840100377034,1,0,0.102726727123743,63
"21103",0.000561955605507165,0.166148730955048,1,0,0.0745136659974696,41.01
"21105",0,0,0,0,0.0356251863556067,3.98
"21107",0.000204478069727022,0.0604563269061463,1,0,0.0854350022095671,50.87
"21109",0,0,0,0,0.074750703037175,41.23
"21111",0.00214867310012063,0.635280270049268,1,0,0.31562736510393,97.87
"21113",0.00135159488196071,0.399614795550336,1,0,0.160948848989558,83.14
"21115",0.000164149704530532,0.0485327752354741,1,0,0.0779190531454633,44.07
"21117",0.0022797749641487,0.674042065679809,1,0,0.226271822560309,92.62
"21119",0,0,0,0,0.0596277519521665,24.85
"21121",0.000111098766803688,0.032847646565327,1,0,0.0776336041799186,43.81
"21123",0,0,0,0,0.070747214682712,37.61
"21125",0.000207246727228766,0.0612749127977289,1,0,0.124570353433271,73.02
"21127",0,0,0,0,0.046524718968312,11.39
"21129",0,0,0,0,0.0461972974658725,11.04
"21131",0,0,0,0,0.0396013423316646,6.43
"21133",0.000208116545265349,0.0615320846481807,1,0,0.0506451219455882,15.27
"21135",0,0,0,0,0.0612363719721012,26.85
"21137",0.000590551181102362,0.174603346496757,1,0,0.0835869253898209,49.67
"21139",0,0,0,0,0.0527940551687212,17.66
"21141",9.40379913485048e-05,0.0278034292584642,1,0,0.0864437563751518,51.57
"21143",0.000338409475465313,0.100054709554825,1,0,0.0622916229166143,28.13
"21145",0.000929789550072569,0.274903128086784,1,0,0.156428929017365,82.12
"21147",0.00029385836027035,0.0868826525814012,1,0,0.0511948934047736,15.91
"21149",0.000694203401596668,0.205249334768836,1,0,0.0472656552384279,11.96
"21151",0.00041170202460525,0.12172450679276,1,0,0.134370167124683,76.23
"21153",0.000427167876975651,0.126297166482063,1,0,0.0608524808455386,26.47
"21155",0.000593178447849728,0.175380128562239,1,0,0.0530894482648673,17.91
"21157",0.000521376433785193,0.154151025409024,1,0,0.109848541375042,66.75
"21159",0,0,0,0,0.0428987301777651,8.59
"21161",0.000451314453345368,0.133436383497465,1,0,0.0911224975354273,55.42
"21163",0.000950118764845606,0.280913697609984,1,0,0.0908168133990809,55.11
"21165",0,0,0,0,0.0656507611826567,32.17
"21167",0.000531067445565587,0.157016286104359,1,0,0.0636763281360217,30
"21169",0.000373412994772218,0.110403908414678,1,0,0.0601089171099264,25.36
"21171",0,0,0,0,0.0509266524165769,15.62
"21173",0.00121601667680014,0.359529517439687,1,0,0.089390468609208,53.99
"21175",0,0,0,0,0.0460332665200034,10.91
"21177",0.000412541254125413,0.121972634791464,1,0,0.0695133252883877,36.49
"21179",0.000771977226671813,0.228244073518872,1,0,0.0925184996044483,56.28
"21181",0.00074019245003701,0.218846533482242,1,0,0.0674727912088646,34.3
"21183",0.00023696682464455,0.0700620063351916,1,0,0.0561416830743288,21.19
"21185",0.00213807193424241,0.632145911676385,1,0,0.196742035136681,89.28
"21187",0,0,0,0,0.0606433425367965,26.15
"21189",0,0,0,0,0.0618203355012488,27.55
"21191",0.00735564545788893,2.17478239598756,1,1,0.0926081074388325,56.38
"21193",0.00032234668385849,0.0953055578159427,1,0,0.087659104182175,52.53
"21195",0.00103907838265191,0.307215646482661,1,0,0.0946155002141782,57.81
"21197",0,0,0,0,0.0809084596044626,47.03
"21199",0.000705858626600787,0.20869533801972,1,0,0.135996953506659,76.74
"21201",0,0,0,0,0.0365119672731812,4.49
"21203",0.000215703192407248,0.0637751653870812,1,0,0.0563543213019059,21.35
"21205",0,0,0,0,0.062956373234908,29.08
"21207",0.000278202809848379,0.0822539064499954,1,0,0.0584919110922476,23.7
"21209",0.000598597571404139,0.176982355664577,1,0,0.0753678457778195,41.84
"21211",0.00168332456601789,0.497694546843991,1,0,0.137312772103717,77.06
"21213",0,0,0,0,0.0816230903403132,47.98
"21215",0.00100637370010064,0.297546125529529,1,0,0.0957864970237318,58.73
"21217",0.000373636227768644,0.110469909854472,1,0,0.087627294213111,52.47
"21219",0.000788643533123028,0.233171661462546,1,0,0.0709997692583302,37.86
"21221",0.000253485424588086,0.0749459231266181,1,0,0.0711274165686362,38.02
"21223",0,0,0,0,0.0597652443256076,25.1
"21225",0.000321440051430408,0.0950375013611406,1,0,0.048037049822397,12.69
"21227",0.000787591621041399,0.232860651383233,1,0,0.184357048749844,87.75
"21229",0.000454442172233583,0.134361130077032,1,0,0.0615998829178618,27.33
"21231",0.000151837230488916,0.0448924486387046,1,0,0.0652521796702641,31.63
"21233",0.00146541617819461,0.433267389704731,1,0,0.0551378953798124,20.3
"21235",6.14741501198746e-05,0.0181755496855295,1,0,0.0853804261613994,50.81
"21237",0,0,0,0,0.0661223073139062,32.77
"21239",0.000731647833509471,0.216320217918102,1,0,0.112900582643048,68.31
"22001",0.000173741819655991,0.0513687959809767,1,0,0.129717401118061,74.99
"22003",0,0,0,0,0.0485216110873259,13.2
"22005",0.00063227778070499,0.186940302482433,1,0,0.16251508935923,83.52
"22007",0.000394632991318074,0.116677847961527,1,0,0.0691594373658347,36.21
"22009",0.000172711571675302,0.0510641911458564,1,0,0.0794180502715055,45.4
"22011",0.000856734888148501,0.253303664979588,1,0,0.0911071153079872,55.39
"22013",0.000458715596330275,0.135624617768123,1,0,0.041977244384978,7.89
"22015",0.000376580292298036,0.111340356880206,1,0,0.161590826009472,83.26
"22017",0.00132700495795104,0.39234449763276,1,0,0.214325400702931,91.31
"22019",0.000704700042894785,0.208352789230152,1,0,0.170437827001238,85.21
"22021",0.000379939209726444,0.112333460005512,1,0,0.0593357129392991,24.56
"22023",0.00022436616558223,0.0663364744748729,1,0,0.0442965650089916,9.42
"22025",0,0,0,0,0.0817295152014878,48.23
"22027",0,0,0,0,0.0645489000206175,30.93
"22029",0.000163398692810458,0.0483107298585798,1,0,0.073257734825444,39.99
"22031",0.000814332247557003,0.240766829588362,1,0,0.0662897750346979,32.96
"22033",0.00131510164091807,0.388825143079124,1,0,0.226921149016445,92.75
"22035",0,0,0,0,0.052963232869195,17.82
"22037",0.000168321831341525,0.0497663132022401,1,0,0.0673387701689138,34.01
"22039",0.000110107905747633,0.0325546869339912,1,0,0.0645769063139859,30.96
"22041",0.000176304654442877,0.0521265279856326,1,0,0.0597066460598147,24.98
"22043",0.000239980801535877,0.0709531237663807,1,0,0.0456426235367378,10.69
"22045",0.000611488795367073,0.180793796427706,1,0,0.119481153021222,71.14
"22047",5.58129151085561e-05,0.0165017395063073,1,0,0.0670054899516925,33.53
"22049",0.000220264317180617,0.0651237151397595,1,0,0.0531939791018102,18.04
"22051",0.00142209749900453,0.420459716814656,1,0,0.321513711230555,98.22
"22053",0.000215796288303841,0.0638026902750342,1,0,0.0958676073211311,58.8
"22055",0.00141035435153082,0.41698771825987,1,0,0.233562785876077,93.35
"22057",0.000749915957694396,0.22172140196273,1,0,0.105353515367191,64.43
"22059",0.000192678227360308,0.0569675658447993,1,0,0.0417821844628453,7.76
"22061",0.000694187338022954,0.205244585385858,1,0,0.123897453340099,72.73
"22063",0.00023650601776423,0.0699257634049134,1,0,0.139181141674077,77.57
"22065",0.000272702481592582,0.0806276702302995,1,0,0.0489607624994815,13.9
"22067",0,0,0,0,0.0789691681394093,44.89
"22069",0.000610165354811154,0.180402505787118,1,0,0.0787248802530822,44.73
"22071",0.00164349326077212,0.485917956746818,1,0,0.252407038373663,95.1
"22073",0.00106085200475466,0.313653271884408,1,0,0.18196616364279,87.21
"22075",0.000429861011606247,0.127093423155685,1,0,0.093432899557994,57.05
"22077",0.00074794315632012,0.221138120220275,1,0,0.0665534717509779,33.18
"22079",0.000612043125500228,0.180957690598795,1,0,0.135877813399004,76.71
"22081",0.000670465973851827,0.198231087317806,1,0,0.0521633444219196,16.96
"22083",0.000138255219134522,0.0408767685240576,1,0,0.0642328553783414,30.51
"22085",0.000487408610885459,0.144108042275146,1,0,0.0681374755840095,34.87
"22087",0,0,0,0,0.122727856192808,72.1
"22089",0.000527370530534754,0.155923250044567,1,0,0.123710858618217,72.54
"22091",0,0,0,0,0.0650672322603564,31.5
"22093",0.000115660421003932,0.0341963528492376,1,0,0.0709089544550555,37.83
"22095",0.00145579671784013,0.430423284023239,1,0,0.114370281702094,68.85
"22097",0.000219699743683632,0.064956792398647,1,0,0.112301238675918,68.06
"22099",0.00054325682466386,0.160620218245013,1,0,0.105209166372107,64.24
"22101",9.12991874372318e-05,0.0269936699291982,1,0,0.107795502710705,65.64
"22103",0.00179241683452088,0.529948948777436,1,0,0.275796045513737,96.5
"22105",0.000386697602474865,0.114331657669957,1,0,0.15235163650347,81.26
"22107",0.000632911392405063,0.187127637173739,1,0,0.042586028667513,8.43
"22109",0.000373685095569963,0.110484358190059,1,0,0.134604535874572,76.3
"22111",0.000307125307125307,0.0908051802010161,1,0,0.0710598605992314,37.96
"22113",0.00102570677607539,0.303262174995329,1,0,0.108041902247909,65.73
"22115",0.000318413391557496,0.094142634058477,1,0,0.0504141783864639,15.02
"22117",0,0,0,0,0.0669852313737268,33.5
"22119",0.00128328521013795,0.379418244125131,1,0,0.0793783608266891,45.28
"22121",0.000269487300410968,0.07967706440329,1,0,0.102382712857593,62.81
"22123",0,0,0,0,0.053206131519855,18.07
"22125",0.00286532951289398,0.847168099525812,1,0,0.0464673630552192,11.33
"22127",0,0,0,0,0.0465975505097104,11.45
"23001",0.00118472614599471,0.350278106948748,1,0,0.181961162415796,87.18
"23003",0.000438374641713033,0.129610577223018,1,0,0.100776781298151,61.82
"23005",0.00343262097220684,1.0148944379105,1,1,0.317221765015747,98.03
"23007",0.00105075978014872,0.310669387936357,1,0,0.109524867705509,66.69
"23009",0.000953320184089415,0.281860234559525,1,0,0.147165154586675,80.02
"23011",0.00156914856020017,0.463937078662837,1,0,0.143862184969025,78.97
"23013",0.00137629917896635,0.406918909178527,1,0,0.174645589416,85.97
"23015",0.00109036390895461,0.322378810668675,1,0,0.158713672630563,82.66
"23017",0.000785237534354142,0.232164638189641,1,0,0.103068252690462,63.16
"23019",0.00126601131963062,0.374311016866744,1,0,0.179361507440016,86.73
"23021",0.000632011376204772,0.186861536883873,1,0,0.08866094675813,53.17
"23023",0.00142551674982181,0.421470658210276,1,0,0.103810070811119,63.6
"23025",0.000751395448690425,0.222158830736535,1,0,0.109917952434907,66.85
"23027",0.00041952174521046,0.124036498420294,1,0,0.141512537802268,78.11
"23029",0.000150071283859833,0.0443703259149859,1,0,0.100656875662715,61.79
"23031",0.00112756521085469,0.333377809593146,1,0,0.194691128905463,89.09
"24001",0.000611454582512399,0.180783680998069,1,0,0.133698555305001,76.01
"24003",0.00194906080508831,0.576262566199313,1,0,0.215990508711212,91.5
"24005",0.0103486606982776,3.05970227052266,1,1,0.302291569872448,97.49
"24009",0.000495445710583483,0.146484304567575,1,0,0.182578093107062,87.37
"24011",0.00108675964499185,0.321313167978093,1,0,0.0929982263805634,56.57
"24013",0.00117486095000149,0.347361346658728,1,0,0.17546723405636,86.19
"24015",0.000338564968199076,0.100100682795655,1,0,0.123174608079954,72.35
"24017",0.000472097094635797,0.139581013860539,1,0,0.158555474145131,82.6
"24019",0.000284920578388774,0.0842400930933851,1,0,0.112525475630252,68.15
"24021",0.0013296039563825,0.393112921840848,1,0,0.239925814083862,94.21
"24023",0.00029416090601559,0.0869721037607026,1,0,0.142911482836017,78.65
"24025",0.00180119010571383,0.532542868761056,1,0,0.200559427321025,89.85
"24027",0.00316791510611735,0.936631060348084,1,0,0.303561940755445,97.52
"24029",0.0016767270288397,0.495743908005547,1,0,0.119284511898242,71.05
"24031",0.00406841208643414,1.20287349843794,1,1,0.275664595120519,96.47
"24033",0.000468282936550264,0.138453313523781,1,0,0.215375882986939,91.47
"24035",0.0010896072225393,0.322155087501929,1,0,0.174306313511175,85.81
"24037",0.000806957769210078,0.238586479029012,1,0,0.0828135117598453,48.93
"24039",0,0,0,0,0.0700338918998419,36.97
"24041",0.00345045439082471,1.02016709618264,1,1,0.207053485738855,90.65
"24043",0.000570287995437696,0.168612299249791,1,0,0.1965990917425,89.25
"24045",0.00110275294395652,0.326041773406571,1,0,0.165633702230626,84.25
"24047",0.00183677005718246,0.543062496514605,1,0,0.136683344964086,76.87
"24510",0.00700521336165283,2.07117305833712,1,1,0.218695760017479,91.82
"25001",0.00117921367887867,0.3486482817334,1,0,0.209090980599317,90.8
"25003",0.00174927113702624,0.517192419943746,1,0,0.200883749738257,89.91
"25005",0.000769094243625392,0.227391685946199,1,0,0.261733719418742,95.55
"25007",0.000845522955948254,0.249988726417949,1,0,0.156855980578216,82.21
"25009",0.001853530169684,0.548017819311467,1,0,0.305726449640284,97.55
"25011",0.00181606359649123,0.536940389834462,1,0,0.163422339869362,83.84
"25013",0.00100623417976262,0.297504874713847,1,0,0.227681202150651,92.81
"25015",0.000760215394361736,0.224766550574222,1,0,0.17792616871435,86.61
"25017",0.00253663471219503,0.749985646904192,1,0,0.300236257187802,97.42
"25019",0.00166291695197105,0.491660797660828,1,0,0.145609783944569,79.51
"25021",0.00510016517286194,1.50792333562965,1,1,0.380973989805382,99.46
"25023",0.00213569380512476,0.63144279005775,1,0,0.291882478319071,97.01
"25025",0.0304917139260547,9.01523096096916,1,1,0.273198394912989,96.28
"25027",0.00122473512273757,0.362107227696883,1,0,0.265952107739217,95.83
"26001",0.000546448087431694,0.161563752313939,1,0,0.096324388646855,59.05
"26003",0,0,0,0,0.0740587920716068,40.6
"26005",0.000576073737438392,0.170322921373013,1,0,0.171262096057034,85.49
"26007",0.000300706660652533,0.0889074324866962,1,0,0.119208179404032,70.95
"26009",0.00161368404066484,0.477104513045842,1,0,0.100368100751658,61.53
"26011",0.000218007412252017,0.0644564348669083,1,0,0.0670954298804622,33.6
"26013",0.000310848616723656,0.0919060201226324,1,0,0.0476903577055866,12.41
"26015",0.000644786897930234,0.190638768930626,1,0,0.121137323061184,71.52
"26017",0.00114727854855923,0.33920628787577,1,0,0.151024757086158,80.88
"26019",0.00138600138600139,0.409787479881508,1,0,0.102037502082031,62.62
"26021",0.00131336235519811,0.388310902964233,1,0,0.174537452547667,85.91
"26023",0.000178699070764832,0.0528344651062381,1,0,0.106246340951013,64.97
"26025",0.000386476676972711,0.114266338467766,1,0,0.14547085973251,79.38
"26027",0.00125033491113691,0.369676103803083,1,0,0.110494657136859,67.26
"26029",0.000813735861339409,0.24059050104525,1,0,0.128885790970754,74.45
"26031",0.00150437636761488,0.444786424245021,1,0,0.129275348709393,74.67
"26033",0.000141622999575131,0.0418724921023238,1,0,0.0876873390012811,52.59
"26035",0.00024090580582992,0.0712266120776941,1,0,0.0925469399190233,56.32
"26037",0.00439500068671886,1.29943322833461,1,1,0.158728633043655,82.69
"26039",0.000441014332965821,0.130391032738482,1,0,0.0657839303945017,32.42
"26041",0.000596026490066225,0.176222185470899,1,0,0.135171006246741,76.46
"26043",0.000680688857123409,0.201253602024715,1,0,0.11658863085451,69.84
"26045",0.000685732725585898,0.202744880581124,1,0,0.143186870372201,78.71
"26047",0.00102448519618892,0.302901000650044,1,0,0.144543758721819,79.13
"26049",0.00169267000294377,0.500457634301861,1,0,0.193692248675899,88.86
"26051",0.000737191301142647,0.217959208798016,1,0,0.0868078154844475,51.89
"26053",0.00144352219415374,0.426794177891748,1,0,0.0876065507383184,52.43
"26055",0.00217895305663535,0.644232892461059,1,0,0.224653023538878,92.43
"26057",0.00042331028643996,0.125156624834701,1,0,0.089771037470788,54.25
"26059",0.000473869482805307,0.140105041100837,1,0,0.0845370490780661,50.24
"26061",0.00204412490308028,0.604369375858232,1,0,0.113658136568449,68.57
"26063",0.000930809804529941,0.275204778220144,1,0,0.0949417467113908,58.19
"26065",0.00146518853269312,0.433200083656337,1,0,0.171915401541373,85.62
"26067",0.000518672199170124,0.153351486895492,1,0,0.082110889893131,48.55
"26069",0.000464684014869888,0.137389250341314,1,0,0.0794519720845689,45.5
"26071",0.000262743037309511,0.0776830443338172,1,0,0.0793017280233138,45.18
"26073",0.00037137069547603,0.109800078800796,1,0,0.108331549686265,65.96
"26075",0.00113954548414404,0.336919917161809,1,0,0.163291973075492,83.74
"26077",0.00193595408372432,0.57238741111541,1,0,0.226732034923216,92.71
"26079",0.000178858880343409,0.0528817146726003,1,0,0.0727718704026998,39.55
"26081",0.00183237398862831,0.541762747558805,1,0,0.297847427302998,97.3
"26083",0,0,0,0,0.0476933916859003,12.44
"26085",0,0,0,0,0.0667524225740873,33.31
"26087",0.000472775982980065,0.139781735119931,1,0,0.158753372165212,82.72
"26089",0.00295166646168983,0.872694625707564,1,0,0.127296615890719,73.91
"26091",0.000746091497948248,0.220590655819825,1,0,0.140369626458221,77.79
"26093",0.0031617848343827,0.93481857398948,1,0,0.234617138995869,93.54
"26095",0.000974658869395711,0.288169265823108,1,0,0.0798575814246967,45.98
"26097",0.000378357926598562,0.111865935200344,1,0,0.0734314282141696,40.15
"26099",0.000902043919099776,0.266699808588768,1,0,0.23355331894427,93.32
"26101",0.000240124864929763,0.0709957177895326,1,0,0.0806587788544798,46.71
"26103",0.00204633740288568,0.605023527238346,1,0,0.130610580100753,75.25
"26105",0.000700402731570653,0.207082239001582,1,0,0.0982853034327895,60.2
"26107",0.000786444555658826,0.232521508120368,1,0,0.0853679011100133,50.75
"26109",0.00128369704749679,0.379540008645068,1,0,0.0751248342623687,41.65
"26111",0.00065589130944015,0.193921917745754,1,0,0.123863809892127,72.7
"26113",0.000416927246195539,0.123269404517202,1,0,0.0741533789648211,40.79
"26115",0.00277207840398132,0.819597321239852,1,0,0.142862581289515,78.62
"26117",0.000262522314396724,0.077617785029536,1,0,0.0926149517365127,56.44
"26119",0,0,0,0,0.05306275277165,17.88
"26121",0.0006368965766809,0.188305903398978,1,0,0.16334004269235,83.77
"26123",0.000725426187885383,0.214480715803053,1,0,0.106002851612768,64.75
"26125",0.00420796197719597,1.2441330517332,1,1,0.402353514158638,99.65
"26127",0.000131856540084388,0.0389849244111957,1,0,0.0807007262462627,46.74
"26129",0.000596214040840662,0.176277637045466,1,0,0.10097872278507,62.04
"26131",0,0,0,0,0.0544250639067982,19.31
"26133",0.000111819300011182,0.0330606806143921,1,0,0.0724196594895136,39.23
"26135",0,0,0,0,0.0791540822418955,45.05
"26137",0.000171408981830648,0.0506790652613144,1,0,0.0927118217896305,56.51
"26139",0.00210151186436067,0.62133650047922,1,0,0.219724988202108,92.01
"26141",0.0016260162601626,0.480750677617087,1,0,0.0681210861596499,34.84
"26143",0.00069647583228862,0.205921205414757,1,0,0.0890898545472609,53.48
"26145",0.00133467961886192,0.394613600669295,1,0,0.183339936023979,87.59
"26147",0.000646102542726136,0.191027754663813,1,0,0.19525745870981,89.15
"26149",0.000617461820277446,0.182559790928153,1,0,0.112163370071451,67.93
"26151",0.000408763897972531,0.120855815375453,1,0,0.122761777337709,72.16
"26153",0.000644537544311956,0.19056504462424,1,0,0.0729516901476058,39.83
"26155",0.00037801058429636,0.111763239396347,1,0,0.127124529121069,73.81
"26157",0.000212164073550212,0.0627287836070385,1,0,0.1008359220061,61.85
"26159",0.000890075656430797,0.263161252100141,1,0,0.114585353196116,68.98
"26161",0.00145292760808714,0.429574998251627,1,0,0.194389300513644,88.99
"26163",0.00118432399310621,0.350159205755451,1,0,0.269424231878109,95.99
"26165",0.00118856184017339,0.351412174682699,1,0,0.114856663972503,69.17
"27001",0.00039032006245121,0.115402680224242,1,0,0.0893801435100763,53.93
"27003",0.000856473737035798,0.253226452606337,1,0,0.238387229844549,94.02
"27005",0.00103710532380733,0.306632288616107,1,0,0.118794137176056,70.76
"27007",0.000525463064325437,0.155359285405881,1,0,0.126949983186138,73.72
"27009",0.000407622541526546,0.120518360026295,1,0,0.107490348509936,65.57
"27011",0.000957854406130268,0.283200830205468,1,0,0.0674863875171687,34.33
"27013",0.00155664203810484,0.46023937949508,1,0,0.158009581802821,82.47
"27015",0.000396118043176867,0.117116920869284,1,0,0.083045698278597,49.03
"27017",0.000876956287101997,0.259282357497882,1,0,0.0763733607387021,42.73
"27019",0.00282870160437045,0.836338631042746,1,0,0.198271440004237,89.41
"27021",0.000654450261780105,0.193495855192741,1,0,0.081687462123676,48.08
"27023",0.000657138163298834,0.194290564635787,1,0,0.0694760228986613,36.46
"27025",0.000973393900064893,0.28779526288239,1,0,0.125826683816749,73.5
"27027",0.000755889640112544,0.223487590863022,1,0,0.121910753834431,71.91
"27029",0.00165837479270315,0.490317855281108,1,0,0.0553082831906571,20.46
"27031",0,0,0,0,0.0893734704503898,53.9
"27033",0.000716460684219953,0.211829960046218,1,0,0.0505151687546287,15.08
"27035",0.00188356660581298,0.556898442080125,1,0,0.166505133561148,84.47
"27037",0.00203560404647645,0.601850085192738,1,0,0.285113542087489,96.79
"27039",0.000718494036499497,0.212431144370246,1,0,0.0710143314854172,37.89
"27041",0.00137981786404195,0.407959249472691,1,0,0.142042945075303,78.3
"27043",0.000572300648607402,0.169207363640505,1,0,0.0597237043475504,25.04
"27045",0.000919238345370978,0.271783541318655,1,0,0.10305527086813,63.12
"27047",0.00396232057416268,1.17150630509337,1,1,0.109126724109237,66.47
"27049",0.000590468156895825,0.174578799421473,1,0,0.115067166478905,69.23
"27051",0.000407497962510187,0.120481526786678,1,0,0.0576346128983341,22.56
"27053",0.00581380240867523,1.71891851021402,1,1,0.410614841454298,99.75
"27055",0.00149900066622252,0.443197035411488,1,0,0.0869105405509853,51.96
"27057",0.00130855796911803,0.386890430168161,1,0,0.100875513977473,61.88
"27059",0.00376494906245386,1.11315111497563,1,1,0.123743884087323,72.64
"27061",0.00102095647501343,0.30185769306586,1,0,0.113762359819827,68.63
"27063",0.00122100122100122,0.361003256086091,1,0,0.0426180965225905,8.5
"27065",0.00163065633917652,0.482122571112121,1,0,0.0629117002622058,29.02
"27067",0.00253816721597151,0.750438749525024,1,0,0.102010158972303,62.55
"27069",0,0,0,0,0.06018481083261,25.52
"27071",0.00061012812690665,0.180391498922824,1,0,0.06997155776847,36.94
"27073",0.000765696784073507,0.226387187392426,1,0,0.0685146345666639,35.38
"27075",0.000679809653297077,0.200993655156022,1,0,0.0730510859971376,39.96
"27077",0,0,0,0,0.0563577529449269,21.38
"27079",0.000804343454655138,0.23781352643033,1,0,0.101047200611333,62.14
"27081",0.00234301780693533,0.692740549987133,1,0,0.0601859532276965,25.55
"27083",0.00158238280477352,0.467849937471365,1,0,0.0821623152163708,48.62
"27085",0.00101942572350909,0.30140510852473,1,0,0.108274680513922,65.92
"27087",0.000452488687782805,0.133783559608375,1,0,0.0361214256884322,4.23
"27089",0.00032020493115594,0.0946723236421737,1,0,0.0484732780180125,13.17
"27091",0.000528876665961498,0.156368556555166,1,0,0.0780105406772223,44.16
"27093",0.00321957501609787,0.951904915436279,1,0,0.087824482406274,52.69
"27095",0.000377821856994427,0.111707439967699,1,0,0.0904881738544431,54.82
"27097",0.000151964136463795,0.0449299698707558,1,0,0.114125318455972,68.69
"27099",0.0015600624024961,0.461250650131838,1,0,0.0812055145668913,47.53
"27101",0.000872854233343032,0.258069537446472,1,0,0.061925295990897,27.65
"27103",0.0016606187342395,0.4909813027758,1,0,0.092114273127418,55.81
"27105",0.000454338936846888,0.134330607330535,1,0,0.0594352163987914,24.72
"27107",0,0,0,0,0.0518064107355989,16.74
"27109",0.00121920381475327,0.360471831959022,1,0,0.10884987386801,66.18
"27111",0.00138209256284786,0.408631790712966,1,0,0.123715320691115,72.57
"27113",0.000191791331031837,0.0567053445981029,1,0,0.0605005343539741,26.12
"27115",0.000333148250971682,0.0984991671519739,1,0,0.0969603463587701,59.34
"27117",0.000583090379008746,0.172397473314582,1,0,0.0633213519794509,29.59
"27119",0.000744551238662515,0.220135260192202,1,0,0.0795927728075759,45.72
"27121",0.00113357264311355,0.335153977027593,1,0,0.0770525613098716,43.33
"27123",0.00230535646504566,0.681605534872574,1,0,0.259911754546902,95.42
"27125",0,0,0,0,0.0464148273536991,11.2
"27127",0.000711642470822659,0.210405399042491,1,0,0.0834414738927429,49.57
"27129",0.000582326393943806,0.172171592216921,1,0,0.0538602758314894,18.68
"27131",0.00344201764816321,1.01767267478553,1,1,0.11894126237886,70.89
"27133",0.00116931711880262,0.345722248286375,1,0,0.0649496014950365,31.4
"27135",0.000568181818181818,0.16798958337188,1,0,0.0435888832971764,8.91
"27137",0.00112075679577532,0.331364822242957,1,0,0.169381653814286,85.01
"27139",0.00156715023075928,0.463346249249657,1,0,0.16725780099106,84.57
"27141",0.000968786897157216,0.286433148724055,1,0,0.150169914102225,80.75
"27143",0.000579374275782155,0.171298764040851,1,0,0.0714438369606665,38.31
"27145",0.00609446419502285,1.80189944175424,1,1,0.203227013291022,90.39
"27147",0.000810411402965152,0.239607586141328,1,0,0.108137521295056,65.83
"27149",0.00193664407248582,0.572591414342664,1,0,0.0453315025256021,10.28
"27151",0.000460193281178095,0.136061512533138,1,0,0.0612185200568715,26.82
"27153",0.000819672131147541,0.242345628470908,1,0,0.0712205599284115,38.15
"27155",0,0,0,0,0.0771398792645999,43.4
"27157",0.00128716694555284,0.380565924487718,1,0,0.0773911392681946,43.56
"27159",0.000315159155373464,0.0931804811643581,1,0,0.0732731254536359,40.03
"27161",0.00277221623286616,0.81963807195767,1,0,0.0865011558654314,51.7
"27163",0.00532707700800442,1.57501246700966,1,1,0.213166425453949,91.19
"27165",0.000392079984316801,0.115923021656345,1,0,0.0799111824613552,46.07
"27167",0,0,0,0,0.0676765780338708,34.52
"27169",0.000767543859649123,0.226933296835697,1,0,0.127795236623547,74.16
"27171",0.00209018150635987,0.617986547948004,1,0,0.163134917984609,83.71
"27173",0.000229305205228159,0.0677967591686559,1,0,0.0655350993135477,31.94
"28001",0.000855139387720198,0.252831936663681,1,0,0.11121225150159,67.52
"28003",0.00128395729152588,0.379616952828467,1,0,0.0993902818329946,60.8
"28005",0.000395100750691426,0.116816146477483,1,0,0.0429853764084289,8.69
"28007",0.00114481969089868,0.338479297921589,1,0,0.0742431458592966,40.88
"28009",0,0,0,0,0.0580911297391829,23.07
"28011",0.000485044462409054,0.143409054196205,1,0,0.081039135586762,47.15
"28013",0.000266666666666667,0.0788431111292022,1,0,0.0579721436112386,22.97
"28015",0,0,0,0,0.0748225612823231,41.3
"28017",0.000188893086513034,0.0558484447930692,1,0,0.063265356426779,29.46
"28019",0,0,0,0,0.0390040694474843,6.01
"28021",0,0,0,0,0.0356244591267218,3.95
"28023",0,0,0,0,0.047551316402113,12.38
"28025",0.000258031221777835,0.0762899411003763,1,0,0.0683839359981977,35.19
"28027",0.00116731517509728,0.345130350273745,1,0,0.0790603076524598,44.96
"28029",0.000520833333333333,0.153990451424223,1,0,0.0649036681566273,31.31
"28031",0.000143740117866897,0.0424984428251413,1,0,0.0539385775067825,18.74
"28033",0.000266495463520405,0.0787924929216283,1,0,0.143220760555562,78.75
"28035",0.000204848071013998,0.0605657221033476,1,0,0.117983815582179,70.41
"28037",0,0,0,0,0.0423118437300227,8.34
"28039",0.00015752993068683,0.0465755618674399,1,0,0.0717498404091523,38.63
"28041",0,0,0,0,0.0437053436394803,8.97
"28043",0.000784006272050176,0.231800601124664,1,0,0.0786125762034982,44.64
"28045",0.000529848110208407,0.156655775380347,1,0,0.0896835508645547,54.22
"28047",0.000449124684657136,0.132788952837339,1,0,0.151687701829454,81.07
"28049",0.000931777669745584,0.275490938862976,1,0,0.171853280947843,85.52
"28051",0.000260078023407022,0.0768951018815366,1,0,0.0686841713979093,35.63
"28053",0,0,0,0,0.0458500944428253,10.79
"28055",0,0,0,0,0.0380045791753386,5.54
"28057",0.00014682131845544,0.0434094357266933,1,0,0.0688462561494577,35.86
"28059",0.000540672526859216,0.159856140448754,1,0,0.0860955149082403,51.35
"28061",0.0017563117453348,0.519274057931079,1,0,0.0411880385745029,7.41
"28063",0,0,0,0,0.0472842051342599,12.03
"28065",0,0,0,0,0.0426013989244054,8.46
"28067",0.000253148534902854,0.0748463177607767,1,0,0.083212404120895,49.28
"28069",0.000473036896877956,0.139858877357856,1,0,0.0506218082179418,15.21
"28071",0.00274216768355385,0.810753867785037,1,0,0.128900269336235,74.48
"28073",0.00175333561409511,0.518394130008332,1,0,0.130873916054878,75.34
"28075",0.000169548999660902,0.0501291398329109,1,0,0.132511137599922,75.69
"28077",0,0,0,0,0.0513896561731245,16.13
"28079",0.000161733786187935,0.0478184807916074,1,0,0.0417902461046218,7.8
"28081",0.000561856937177371,0.166119558512207,1,0,0.146468534901368,79.8
"28083",7.01803635342831e-05,0.0207496432545799,1,0,0.0817176790819266,48.2
"28085",0.000413878733531075,0.122368076181765,1,0,0.0810888271353553,47.18
"28087",0.000534009745677859,0.157886211459587,1,0,0.123314939526508,72.45
"28089",0.0030180054792915,0.892308530221204,1,0,0.188664284079912,88.36
"28091",0,0,0,0,0.0679694685634702,34.78
"28093",0.000152706726731313,0.045149525346951,1,0,0.0724088739037416,39.2
"28095",9.53197979220284e-05,0.0281824103264234,1,0,0.0781387277916183,44.29
"28097",0.000344234079173838,0.101776821595356,1,0,0.0480533208588989,12.76
"28099",0.000149510353591986,0.0442044803370723,1,0,0.0509110268804663,15.56
"28101",0.000161969549724652,0.0478881870318284,1,0,0.0485514551072345,13.33
"28103",0.000366568914956012,0.108380376368955,1,0,0.0489544177791838,13.84
"28105",0.000752131037940832,0.222376316280342,1,0,0.0757360777971617,42.22
"28107",0,0,0,0,0.0793982741755954,45.34
"28109",7.08165144111607e-05,0.0209377286831321,1,0,0.100456679643937,61.66
"28111",0,0,0,0,0.0544777703814513,19.44
"28113",0.000486795667518559,0.143926818417675,1,0,0.0796079567378417,45.75
"28115",0.000151308821304282,0.0447362182984579,1,0,0.0728157618715621,39.64
"28117",0.000121862052156958,0.0360299374524139,1,0,0.0752622267998033,41.78
"28119",0,0,0,0,0.0470650441810902,11.84
"28121",0.00079923273657289,0.236302483003923,1,0,0.186072712596163,88.01
"28123",0.000134219179920811,0.0396834664431257,1,0,0.0371898972705537,4.93
"28125",0,0,0,0,0.0412007870791522,7.45
"28127",0.000112599932440041,0.0332914836994154,1,0,0.0583276270368312,23.42
"28129",0,0,0,0,0.0480749185653499,12.82
"28131",0.000175469380593087,0.0518795695270238,1,0,0.0653655863604723,31.88
"28133",0.000103434009102193,0.0305814715281866,1,0,0.0443487904168294,9.51
"28135",0.000588581518540318,0.174020992780758,1,0,0.0369484836047704,4.71
"28137",0.000493096646942801,0.145789776496306,1,0,0.0695615229849593,36.59
"28139",0.000243072435585805,0.0718672014425154,1,0,0.0547048880026671,19.76
"28141",0.000295464618111981,0.0873575614520633,1,0,0.0683670811309448,35.13
"28143",0.000304971027752364,0.0901682423709998,1,0,0.0355448982020917,3.88
"28145",0.000219989733812422,0.0650425313634615,1,0,0.0658562803476543,32.48
"28147",0.000341763499658237,0.101046365937973,1,0,0.0685407774579655,35.44
"28149",0.000241126543209877,0.0712918756593625,1,0,0.0801251024547019,46.36
"28151",0.000118224271442927,0.0349543851432888,1,0,0.103884957830117,63.63
"28153",0.00035056967572305,0.103650014630853,1,0,0.0695768418906666,36.65
"28155",0.000386697602474865,0.114331657669957,1,0,0.0622985487486662,28.16
"28157",0,0,0,0,0.0445070139847528,9.61
"28159",0.000168321831341525,0.0497663132022401,1,0,0.0636807770630795,30.03
"28161",0,0,0,0,0.0506635051095607,15.3
"28163",0.00027378507871321,0.0809477526993863,1,0,0.0538039590685785,18.58
"29001",0.000645816034689547,0.190943045220183,1,0,0.0842078438540914,50.08
"29003",0.00109379272627837,0.323392580513545,1,0,0.098061051971054,59.97
"29005",0.000478011472275335,0.141329668611142,1,0,0.0430092142877983,8.72
"29007",0.000106689427077777,0.0315439738327652,1,0,0.0905017883271213,54.85
"29009",0.000533867200533867,0.157844066324729,1,0,0.0818607628994679,48.3
"29011",0,0,0,0,0.0612417488168748,26.89
"29013",0.00087719298245614,0.259352339240797,1,0,0.0802355808259478,46.42
"29015",0.000425894378194208,0.125920641709757,1,0,0.0842292241254255,50.11
"29017",0.00215796288303841,0.638026902750342,1,0,0.0625850646299675,28.57
"29019",0.00134638477493541,0.398074366623369,1,0,0.165593572951373,84.19
"29021",0.000710948608572009,0.21020025057298,1,0,0.150103944262313,80.69
"29023",0.000248138957816377,0.0733651778497539,1,0,0.105431267784345,64.52
"29025",0.000420344682639765,0.124279809472261,1,0,0.0623926468287846,28.29
"29027",0.000296665480004747,0.0877126102807964,1,0,0.0965309068340962,59.18
"29029",0.00150391016643273,0.444648586426471,1,0,0.140794156023063,77.92
"29031",0.000893791419602372,0.26425986083264,1,0,0.167747010811162,84.63
"29033",0.000557880055788006,0.164943747132222,1,0,0.0429131028374462,8.62
"29035",0.000547945205479452,0.162006392731237,1,0,0.0525551120252045,17.31
"29037",0.000642189026944018,0.18987067806488,1,0,0.121823603672858,71.84
"29039",0.000466417910447761,0.137901896797812,1,0,0.0703767827155464,37.16
"29041",0.000829187396351575,0.245158927640554,1,0,0.0647025893004384,31.12
"29043",0.00125401677247433,0.37076468906279,1,0,0.176868367117955,86.51
"29045",0,0,0,0,0.0458795102462493,10.85
"29047",0.00221023996891091,0.653483233091428,1,0,0.203443713683855,90.42
"29049",0,0,0,0,0.074563196977866,41.11
"29051",0.000875281033861362,0.258787049332554,1,0,0.121447095427851,71.71
"29053",0,0,0,0,0.0797831694980142,45.91
"29055",0.000643417835542401,0.190233989663176,1,0,0.0865210229971524,51.73
"29057",0.000479156684235745,0.141668263888121,1,0,0.048031829535005,12.66
"29059",0.000278086763070078,0.0822195958661035,1,0,0.0750184791923894,41.49
"29061",0.00279888044782087,0.827521658193346,1,0,0.0622092420223336,28.03
"29063",0,0,0,0,0.0578370919676484,22.78
"29065",0.000456725279744234,0.135036157448965,1,0,0.0569117003759095,22.11
"29067",0.000306654400490647,0.0906659511605361,1,0,0.0737615267831044,40.38
"29069",9.50660709192889e-05,0.0281073929778979,1,0,0.0681122798423291,34.81
"29071",0.00117617787428468,0.34775071068726,1,0,0.176633746324293,86.45
"29073",0.00170010200612037,0.502654992748229,1,0,0.0817084975245992,48.14
"29075",0.000378501135503407,0.111908276583841,1,0,0.046706535671602,11.61
"29077",0.00153828856453657,0.454812960909517,1,0,0.219334960087035,91.92
"29079",0,0,0,0,0.0533870573163527,18.23
"29081",0,0,0,0,0.0512151593745717,15.94
"29083",0.000436205016357688,0.128969102174268,1,0,0.0785345448083307,44.58
"29085",0.00203458799593082,0.60154967799493,1,0,0.0558061805940317,20.87
"29087",0,0,0,0,0.0371102671842817,4.87
"29089",0,0,0,0,0.0578195164804398,22.75
"29091",0.000343918376705262,0.101683480477304,1,0,0.124399523471336,72.96
"29093",0.00049480455220188,0.14629473861183,1,0,0.0625513002642039,28.51
"29095",0.00298577338696579,0.882778736081842,1,0,0.29247653397963,97.07
"29097",0.000553267351078871,0.163579947169765,1,0,0.200938397617644,89.95
"29099",0.00049639684360076,0.14676551814075,1,0,0.179021701597011,86.7
"29101",0.00052903055151435,0.156414054614209,1,0,0.063665036817382,29.94
"29103",0,0,0,0,0.0562343415847336,21.22
"29105",0.000322893122376493,0.0954671187389436,1,0,0.0871599635755338,52.15
"29107",0.000953652489032996,0.281958484393008,1,0,0.0945713697561877,57.78
"29109",0.000443616360571378,0.13116035255723,1,0,0.0948340929055582,58.13
"29111",0.000677736360555744,0.200380661968491,1,0,0.0567508257174168,21.92
"29113",0.000384960862312332,0.113818170178818,1,0,0.106451817572519,65.13
"29115",0.000629194630872483,0.186028733264162,1,0,0.0564030544392336,21.51
"29117",0.00114860014357502,0.339597032860885,1,0,0.0860409562185412,51.32
"29119",0.000288475407471513,0.085291119784944,1,0,0.063191745886586,29.37
"29121",0.00120212948651898,0.355423607614899,1,0,0.0712846308328311,38.18
"29123",0.000459558823529412,0.135873927727256,1,0,0.0642782388987463,30.61
"29125",0,0,0,0,0.0661439869264411,32.83
"29127",0.00116790327012916,0.345304227431069,1,0,0.0904280041039989,54.79
"29129",0,0,0,0,0.0472828139353805,11.99
"29131",0.000865800865800866,0.255984127042864,1,0,0.0863776139038111,51.51
"29133",0,0,0,0,0.0564011169886233,21.48
"29135",0.000385133834007318,0.113869311278455,1,0,0.0805977725150917,46.58
"29137",0,0,0,0,0.0623811609488285,28.25
"29139",0.000265181649429859,0.0784040484578383,1,0,0.0587949214731701,24.05
"29141",0.000334280461307037,0.0988339183468188,1,0,0.105316436754939,64.33
"29143",0.000120163422254266,0.0355277177042187,1,0,0.0515219116355728,16.35
"29145",0.000205727452271231,0.0608257214315562,1,0,0.0893068517417663,53.74
"29147",0.000407290499949089,0.120420188060079,1,0,0.0633337811992417,29.62
"29149",0.00312695434646654,0.924520533879013,1,0,0.0529418630834488,17.79
"29151",0.000193236714975845,0.0571326892240596,1,0,0.0514626991151707,16.32
"29153",0.000494071146245059,0.146077898584243,1,0,0.0795046355757661,45.66
"29155",0.000707964601769912,0.209317994148324,1,0,0.0490336149076209,14.03
"29157",0.000283205890682526,0.0837331256682267,1,0,0.07918077634477,45.12
"29159",0.000549853372434018,0.162570564553432,1,0,0.105319410933953,64.37
"29161",0.000704622322435175,0.208329810269524,1,0,0.101613137074576,62.36
"29163",0.000157257430413587,0.0464949939824671,1,0,0.0634568827741678,29.69
"29165",0.00235695859547538,0.696862306762477,1,0,0.22201235119592,92.2
"29167",0.000952216066481994,0.281533789307444,1,0,0.0932891113172497,56.82
"29169",0.000259000259000259,0.0765764482606859,1,0,0.0453083541618901,10.24
"29171",0,0,0,0,0.039991645577373,6.87
"29173",0.000243664717348928,0.0720423164557769,1,0,0.0591055996588009,24.31
"29175",0.000652011922503726,0.192774931738223,1,0,0.0730457376223727,39.93
"29177",0.000376506024096386,0.11131839861992,1,0,0.066027186464488,32.64
"29179",0,0,0,0,0.0527197096378084,17.53
"29181",0.000290528762347472,0.0858982181099676,1,0,0.0630390215619086,29.21
"29183",0.00133634471067033,0.395105904488633,1,0,0.226366111840956,92.65
"29185",0.00182731841023298,0.540268006824136,1,0,0.0682533205660395,35.03
"29186",0.000287273771904625,0.0849358422104304,1,0,0.0768127708316942,43.11
"29187",0.000627254194762427,0.185455020689671,1,0,0.110096456979954,67.01
"29189",0.00502235391368129,1.48491752904959,1,1,0.361214126187092,99.14
"29195",9.765625e-05,0.0288732096420418,1,0,0.0622585875931987,28.09
"29197",0,0,0,0,0.0498735593134646,14.73
"29199",0,0,0,0,0.0604781412303685,26.09
"29201",0.000771094954835867,0.227983219557343,1,0,0.107306364987923,65.51
"29203",0.000489476260401371,0.144719366977243,1,0,0.0497970611431763,14.7
"29205",0,0,0,0,0.045177694679928,10.05
"29207",0.000687167153410067,0.203168985902428,1,0,0.0684408523652895,35.32
"29209",0.00044404973357016,0.131288484340368,1,0,0.121329196399577,71.65
"29211",0.000379939209726444,0.112333460005512,1,0,0.0339865596320536,3.09
"29213",0.000661688250307212,0.195635850944471,1,0,0.141087971612917,78.01
"29215",0.000141222991102952,0.0417542249307313,1,0,0.071037131263441,37.93
"29217",0.00013196093956189,0.03901579133472,1,0,0.0816769711313831,48.01
"29219",0.0014018223690798,0.414465138107852,1,0,0.0997818836730301,61.22
"29221",0.000521829883457993,0.154285093095064,1,0,0.0783673516303024,44.51
"29223",0,0,0,0,0.0508009450830056,15.49
"29225",0.000469175190015952,0.138717118670596,1,0,0.0923595220660105,56.16
"29227",0.00173010380622837,0.511525374973198,1,0,0.0490003234874613,13.94
"29229",0.000858221764503948,0.253743277321068,1,0,0.0856358626681588,51.07
"29510",0.00232656514382403,0.687876128189423,1,0,0.241206722546641,94.37
"30001",0.000364630811303555,0.107807353412765,1,0,0.0866798974403505,51.8
"30003",0,0,0,0,0.0465299918908332,11.42
"30005",0,0,0,0,0.0581737697264406,23.29
"30007",0.000483091787439614,0.142831723060149,1,0,0.0808382706610483,46.83
"30009",0.000249625561657514,0.0738047096191983,1,0,0.121746551492189,71.78
"30011",0,0,0,0,0.0384077076421335,5.76
"30013",0.00108671043694815,0.321298619045877,1,0,0.160010332199699,83.04
"30015",0.00169109357384442,0.499991544646857,1,0,0.0514088282808459,16.19
"30017",0.00077930174563591,0.230409653003825,1,0,0.0841086652693022,49.95
"30019",0,0,0,0,0.0473524530565241,12.15
"30021",0.000746454341876089,0.220697934860295,1,0,0.0809082729281128,46.99
"30023",0.000529941706412295,0.156683448189989,1,0,0.0774429160688851,43.68
"30025",0.002031144211239,0.60053148287307,1,0,0.0649194089552589,31.37
"30027",0.000180440274269217,0.0533492722364685,1,0,0.0889785920564885,53.36
"30029",0.00186365375975506,0.551010976825215,1,0,0.246076515721797,94.75
"30031",0.00208511919931423,0.616489817809368,1,0,0.285406932094629,96.82
"30033",0,0,0,0,0.0416903962599529,7.73
"30035",0,0,0,0,0.0517548958464803,16.67
"30037",0,0,0,0,0.0541161063132151,18.93
"30039",0.00076103500761035,0.225008878793385,1,0,0.0811738611608325,47.34
"30041",0.0031190019193858,0.922169306033735,1,0,0.0848004402108799,50.33
"30043",0.0016973125884017,0.501830268856308,1,0,0.112935164021336,68.37
"30045",0,0,0,0,0.0482733019913902,13.08
"30047",0.000655630224553352,0.193844724952964,1,0,0.115328256499121,69.36
"30049",0.00100578887373997,0.297373214792984,1,0,0.184865065793063,87.88
"30051",0,0,0,0,0.04583107710217,10.75
"30053",0.000522534291312867,0.154493359495498,1,0,0.133712258784899,76.04
"30055",0,0,0,0,0.0477057113113364,12.47
"30057",0.000969227041434456,0.286563282514668,1,0,0.101797989277351,62.46
"30059",0.00180831826401447,0.53465039192497,1,0,0.0603939614741911,25.9
"30061",0,0,0,0,0.0640953206712058,30.38
"30063",0.00126550240445457,0.374160550157566,1,0,0.264433346919613,95.74
"30065",0.00292911540714704,0.866027143334822,1,0,0.0606462975566166,26.22
"30067",0.00109613065877453,0.324083817532071,1,0,0.146433039005373,79.73
"30069",0,0,0,0,0.0386889748573851,5.85
"30071",0,0,0,0,0.0602798919714749,25.58
"30073",0,0,0,0,0.0693774492442384,36.37
"30075",0,0,0,0,0.0509005074916621,15.53
"30077",0.00032626427406199,0.0964638390650924,1,0,0.0672812169901885,33.95
"30079",0,0,0,0,0.0480465247777142,12.73
"30081",0.00106573928651559,0.315098253755646,1,0,0.191156766595555,88.61
"30083",0.000166611129623459,0.0492605242809911,1,0,0.0886596949817077,53.13
"30085",0,0,0,0,0.0474647421885155,12.31
"30087",0.000226551880380607,0.0669827065551673,1,0,0.0391776696875615,6.17
"30089",0,0,0,0,0.0995086617066486,61.06
"30091",0.00320307495195388,0.947026478970238,1,0,0.063641755007099,29.88
"30093",0.000273209114256052,0.0807774620880029,1,0,0.14553213393099,79.45
"30095",0.000713775874375446,0.211036164692725,1,0,0.0668937118932206,33.41
"30097",0.000458926112895824,0.135686859446768,1,0,0.078944712749285,44.83
"30099",0.000404203718674212,0.119507545163504,1,0,0.0673521898767402,34.11
"30101",0,0,0,0,0.0552084354028123,20.43
"30103",0,0,0,0,0.0379464682843295,5.41
"30105",0.0002808199943836,0.0830277075918305,1,0,0.0741463834612764,40.76
"30107",0.00311526479750779,0.921064382350493,1,0,0.0373156414418179,5.03
"30109",0,0,0,0,0.0657644748537399,32.39
"30111",0.00150213057295552,0.444122428852891,1,0,0.228811731714928,92.84
"31001",0.0013875783981795,0.410253741930549,1,0,0.106355180624549,65.07
"31003",0.00126622348844571,0.374373747052242,1,0,0.0365008764371605,4.45
"31005",0,0,0,0,0.0190779509621994,0.19
"31007",0,0,0,0,0.0390281073522048,6.05
"31009",0,0,0,0,0.0298247512644478,1.81
"31011",0.0002999400119976,0.088680763867579,1,0,0.0433610879690591,8.85
"31013",0.000549853372434018,0.162570564553432,1,0,0.0510438741571616,15.75
"31015",0,0,0,0,0.0306741103679716,2.07
"31017",0.00107584722969338,0.318086785082849,1,0,0.0450614553702876,9.96
"31019",0.00141309467734338,0.417797927557007,1,0,0.13626339835976,76.81
"31021",0.000437445319335083,0.12933581221982,1,0,0.0533237197264464,18.17
"31023",0.000557568999163646,0.164851779612215,1,0,0.0378384005598734,5.35
"31025",0.0011744747487929,0.347247161765702,1,0,0.0961765522715635,58.99
"31027",0.000534473543559594,0.158023338714328,1,0,0.0490214925522901,14
"31029",0,0,0,0,0.0493186807701474,14.22
"31031",0.000330250990752972,0.0976425583667465,1,0,0.0507315851585014,15.4
"31033",0.00280959585044305,0.830689791992351,1,0,0.0652982985157244,31.78
"31035",0.000364033491081179,0.107630748720243,1,0,0.037347878104735,5.06
"31037",0.000166306336271412,0.0491704085705153,1,0,0.0304699432765093,2.04
"31039",0.000205549845837616,0.0607732100173707,1,0,0.0546381529238694,19.66
"31041",0.00165672630881378,0.489830461786793,1,0,0.0581418610032335,23.19
"31043",0,0,0,0,0.0519755131406675,16.8
"31045",0.00026123301985371,0.0772365900560367,1,0,0.0555412602206704,20.59
"31047",0.00102115244347192,0.301915633426923,1,0,0.0550717343136061,20.24
"31049",0,0,0,0,0.0278102274731133,1.18
"31051",0.000430292598967298,0.127221026994195,1,0,0.0456339403882964,10.66
"31053",0.00259540517158512,0.767361818882219,1,0,0.0995224867780867,61.09
"31055",0.00507309995321182,1.49992118767736,1,1,0.307908151059082,97.58
"31057",0,0,0,0,0.0287084789748278,1.4
"31059",0.0013684570646596,0.404600296591869,1,0,0.0463630586699135,11.1
"31061",0,0,0,0,0.0361275481588798,4.26
"31063",0,0,0,0,0.0238073964563836,0.6
"31065",0.000446229361892012,0.131932916882869,1,0,0.0342674451763792,3.21
"31067",0.000904795415703227,0.267513320660558,1,0,0.0888601126599296,53.29
"31069",0.00905562742561449,2.6774018979839,1,1,0.0464616651628187,11.29
"31071",0,0,0,0,0.0632951816300436,29.53
"31073",0.0013986013986014,0.413512820607704,1,0,0.0318347688429621,2.29
"31075",0,0,0,0,0.0307701493288895,2.1
"31077",0,0,0,0,0.0375807870773578,5.19
"31079",0.00157017677151395,0.464241081333625,1,0,0.127548734229099,74.07
"31081",0.00126769490809212,0.374808789437365,1,0,0.082088972525345,48.52
"31083",0.000886524822695035,0.262111406679529,1,0,0.0376857294532554,5.25
"31085",0,0,0,0,0.0516760200016579,16.54
"31087",0,0,0,0,0.0332155067699545,2.74
"31089",0.00155359917141378,0.459339720457548,1,0,0.0656498568832359,32.13
"31091",0,0,0,0,0.0321619345363129,2.45
"31093",0.000490196078431373,0.144932189575739,1,0,0.0558112031963792,20.9
"31095",0.000235128144838937,0.0695183791992731,1,0,0.0411519692763968,7.35
"31097",0.000625782227784731,0.185019816479667,1,0,0.0357128827666773,4.07
"31099",0.000375234521575985,0.110942464065482,1,0,0.0521155558059439,16.89
"31101",0.000973709834469328,0.287888672574984,1,0,0.0740613857577718,40.63
"31103",0,0,0,0,0.0479424593560831,12.57
"31105",0,0,0,0,0.0289382516848776,1.46
"31107",0.00028735632183908,0.0849602490616403,1,0,0.0503213980093542,14.99
"31109",0.00213599684902592,0.631532388522663,1,0,0.233108791424657,93.25
"31111",0.000940161486561221,0.277969712116284,1,0,0.104643161066589,64.05
"31113",0,0,0,0,0.032908182629213,2.61
"31115",0,0,0,0,0.0395493871060082,6.4
"31117",0,0,0,0,0.0232935584591278,0.48
"31119",0.00359125040809664,1.06179508131884,1,1,0.151108509439529,80.91
"31121",0.000960614793467819,0.284016970926521,1,0,0.0661003282641076,32.74
"31123",0.000477099236641221,0.141059955503105,1,0,0.0311752527209118,2.2
"31125",0.000888888888888889,0.262810370430674,1,0,0.0284529368478665,1.34
"31127",0.000288018433179724,0.0851560100041787,1,0,0.0365611883496727,4.55
"31129",0.000541711809317443,0.160163416432561,1,0,0.0440360673325133,9.2
"31131",0.00190995907230559,0.564701682712567,1,0,0.065715197194666,32.26
"31133",0,0,0,0,0.0587686205908831,24.02
"31135",0,0,0,0,0.0304312755144812,2
"31137",0.000168947457340767,0.0499512868279284,1,0,0.0491468770331612,14.13
"31139",0.000405679513184584,0.119943881028198,1,0,0.0612986712760702,26.98
"31141",0.00126864692243755,0.375090263585491,1,0,0.106163245177432,64.87
"31143",0.000493339911198816,0.145861700411696,1,0,0.036967955742441,4.74
"31145",0.00183977253721358,0.543950214764943,1,0,0.0672767414552563,33.92
"31147",0.000350754121360926,0.103704548135569,1,0,0.0514139373418079,16.23
"31149",0,0,0,0,0.0282465592048232,1.27
"31151",0.000131061598951507,0.0387498907908923,1,0,0.0570051484182252,22.18
"31153",0.000769094858496939,0.227391867740146,1,0,0.170726768795175,85.3
"31155",0.000916350307631889,0.270929659267124,1,0,0.0948144691558011,58.1
"31157",0.00125061171225056,0.369757943281697,1,0,0.112913359110813,68.34
"31159",0.00145464162919862,0.430081768590266,1,0,0.0728559199003706,39.74
"31161",0.000872219799389446,0.257881959646322,1,0,0.0396603326273592,6.49
"31163",0,0,0,0,0.0316323717492352,2.26
"31165",0,0,0,0,0.0518545497676388,16.77
"31167",0.00172215843857635,0.509176234330382,1,0,0.0336512031993554,2.9
"31169",0.00181028240405503,0.535231112843064,1,0,0.0368150988442371,4.65
"31171",0,0,0,0,0.0486181702468806,13.49
"31173",0,0,0,0,0.036273159412367,4.33
"31175",0.000442869796279894,0.130939622114486,1,0,0.0547957268686219,19.82
"31177",0.000713194090677534,0.210864153554922,1,0,0.0911829080371417,55.55
"31179",0.000399520575309628,0.118122919190774,1,0,0.0371447778513777,4.9
"31181",0.000729394602479942,0.215654023876374,1,0,0.0365802806979937,4.58
"31183",0,0,0,0,0.0198439863928418,0.25
"31185",0.00122589992198819,0.362451614184731,1,0,0.0833436846407126,49.44
"32001",0.000178922884236894,0.0529006381704255,1,0,0.0864515995477976,51.61
"32003",0.000953050680106224,0.281780552562663,1,0,0.275123861194176,96.4
"32005",0.00212621194080626,0.628639366249592,1,0,0.180888177786623,86.96
"32007",0.000456336859572703,0.134921316493657,1,0,0.105125256607627,64.21
"32009",0,0,0,0,0.0440518712474208,9.23
"32011",0,0,0,0,0.00504990707923719,0.03
"32013",0,0,0,0,0.0510615262499156,15.78
"32015",0.000253100480890914,0.0748321100315131,1,0,0.0238044455879569,0.57
"32017",0,0,0,0,0.0509950253698396,15.69
"32019",0.00012831205491756,0.0379369560190554,1,0,0.110702426070544,67.32
"32021",0,0,0,0,0.0355755935143045,3.91
"32023",0.000713544369486248,0.210967717571328,1,0,0.110009395354807,66.94
"32027",0,0,0,0,0.027331163069674,1.05
"32029",0,0,0,0,0.0540783452147829,18.9
"32031",0.00163594556899996,0.483686393617462,1,0,0.300255103585114,97.45
"32033",0.000207770621234157,0.0614298081725552,1,0,0.0415975597895571,7.67
"32510",0.000814498065567094,0.2408158556176,1,0,0.161648776904134,83.36
"33001",0.00177756909042125,0.525559040009691,1,0,0.171106114785407,85.4
"33003",0.00326298838884651,0.964740585581708,1,0,0.182073222858677,87.27
"33005",0.00140398169207874,0.415103567144734,1,0,0.176033715694568,86.35
"33007",0.000220329024676851,0.0651428466659463,1,0,0.108730122504848,66.08
"33009",0.00257784624090287,0.762170316170631,1,0,0.148475235572744,80.31
"33011",0.00629105790286104,1.8600246650832,1,1,0.315888279196313,97.9
"33013",0.00165294987978546,0.488713916485975,1,0,0.232139353722597,93.13
"33015",0.00434787576844848,1.28550019645406,1,1,0.330509822710432,98.41
"33017",0.000847223501243208,0.250491512474213,1,0,0.184658368259948,87.81
"33019",0.000797497086068339,0.235789317682879,1,0,0.128108259718049,74.23
"34001",0.00167236346032538,0.494453768065691,1,0,0.166146230760519,84.41
"34003",0.00405453636947677,1.19877098083518,1,1,0.406854241032986,99.68
"34005",0.00181523693730843,0.536695978402655,1,0,0.269879270944563,96.02
"34007",0.00135016657899351,0.399192501114451,1,0,0.286795870193871,96.85
"34009",0.00100897567948206,0.298315431090249,1,0,0.142460502267007,78.46
"34011",0.000385879883309923,0.11408988945873,1,0,0.147122145648799,79.99
"34013",0.00795502784385338,2.35199679123311,1,1,0.309764962950755,97.65
"34015",0.00132028694236214,0.390358237946598,1,0,0.234809959011352,93.64
"34017",0.012062812276945,3.56651118330706,1,1,0.309443975368862,97.61
"34019",0.00382575757575758,1.13112986137066,1,1,0.236213601036455,93.76
"34021",0.00275632812770525,0.814940568304542,1,0,0.23176917945912,93.1
"34023",0.00220450281425891,0.651786976384704,1,0,0.321232077607296,98.19
"34025",0.00392066120011993,1.15918922512878,1,1,0.310333883749863,97.68
"34027",0.00507874196862589,1.50158931535843,1,1,0.344225443951899,98.82
"34029",0.00143341332704481,0.423805373393526,1,0,0.264844645541423,95.77
"34031",0.00110571902451011,0.326918729726712,1,0,0.350574339169223,98.89
"34033",8.45415733186795e-05,0.0249957024757584,1,0,0.0997538433184449,61.18
"34035",0.00452018696262671,1.33644601132181,1,1,0.273642978511986,96.31
"34037",0.00141246104522117,0.417610586827658,1,0,0.193860428144529,88.9
"34039",0.0024291623658334,0.718210193851046,1,0,0.341902772993964,98.7
"34041",0.000909918107370337,0.269027904217023,1,0,0.179614736680303,86.8
"35001",0.000912231918813943,0.269712009564949,1,0,0.247701484786757,94.81
"35003",0,0,0,0,0.0576796146979547,22.65
"35005",0.000281678805681864,0.0832816251716856,1,0,0.118890093757666,70.82
"35006",0,0,0,0,0.0485703050201233,13.43
"35007",0,0,0,0,0.0617884439093702,27.52
"35009",0.000262142830393589,0.07750558615667,1,0,0.0802275965113255,46.39
"35011",0,0,0,0,0.0452769409700123,10.18
"35013",0.000375339145728104,0.110973397416678,1,0,0.15945039933765,82.88
"35015",0.000545052927507961,0.161151257005527,1,0,0.107558571402817,65.61
"35017",9.14996797511209e-05,0.0270529478208901,1,0,0.0799672790430057,46.23
"35019",0,0,0,0,0.0336275879729112,2.83
"35021",0,0,0,0,0.0439752963765923,9.16
"35023",0,0,0,0,0.0631525102802307,29.27
"35025",0.000294914072763345,0.0871947862966726,1,0,0.0705627666337976,37.38
"35027",0.00248323814253787,0.734198328121451,1,0,0.127481230415158,73.97
"35028",0.000255972696245734,0.0756813140105397,1,0,0.032658985568041,2.55
"35029",0,0,0,0,0.0663268628987225,32.99
"35031",4.45732114998886e-05,0.0131785900037668,1,0,0.0901063227220282,54.57
"35033",0.00226244343891403,0.668917798041874,1,0,0.0607260577007089,26.31
"35035",0.000470495981180161,0.139107625987614,1,0,0.0768495843768513,43.14
"35037",0.000335345405767941,0.0991487816011094,1,0,0.0528493414634217,17.69
"35039",0.000276880479926165,0.0818629441812206,1,0,0.084479498426333,50.17
"35041",0,0,0,0,0.0596826276751506,24.91
"35043",0.000380707640326457,0.112560655477482,1,0,0.154357612087455,81.71
"35045",0.000448552929245651,0.132619906679415,1,0,0.120198183841782,71.3
"35047",0.000223413762287757,0.0660548853294255,1,0,0.0745372612956252,41.08
"35049",0.00435266041112979,1.28691483188394,1,1,0.22623556158968,92.59
"35051",0.00049838026414154,0.147351939563672,1,0,0.0619348876183361,27.68
"35053",0,0,0,0,0.0461589105044087,11.01
"35055",0.00076080340839927,0.224940403784623,1,0,0.149159329750973,80.46
"35057",0.000254388196387688,0.0752128381415691,1,0,0.081289476154028,47.57
"35059",0.00407608695652174,1.20514266332001,1,1,0.05936222823991,24.63
"35061",0.000144717800289436,0.0427875060397262,1,0,0.104698787844888,64.08
"36001",0.00151837853587272,0.44892632865003,1,0,0.239685014012497,94.15
"36003",0.00216601898451934,0.640408783141574,1,0,0.0947019387679076,57.91
"36005",0.000127402114875107,0.0376679216294754,1,0,0.142678022330392,78.49
"36007",0.00194960167620926,0.57642248105642,1,0,0.192772924614334,88.74
"36009",0.00020257267294642,0.0598929741182028,1,0,0.10674301486575,65.22
"36011",0.000257107176963197,0.076016736470343,1,0,0.122875433771893,72.22
"36013",0.000830745495183654,0.245619597738184,1,0,0.145575797557912,79.48
"36015",0.00313417664332505,0.926655890205851,1,0,0.162679513480741,83.58
"36017",0.000483507037713549,0.142954496648253,1,0,0.0943100436784697,57.62
"36019",0.000717689613595912,0.212193307353813,1,0,0.137929992320559,77.25
"36021",0.000525379890074361,0.155334693968178,1,0,0.16361504046348,83.9
"36023",0.000532282961622398,0.157375667607659,1,0,0.106306577123875,65.03
"36025",0.000247020317421108,0.0730344387660121,1,0,0.122425104594119,72.03
"36027",0.00141071358595556,0.417093930108637,1,0,0.181088327586484,87.08
"36029",0.00144192158866905,0.426320940206362,1,0,0.298826740097492,97.36
"36031",0.00091776798825257,0.271348813082331,1,0,0.113697339490907,68.6
"36033",0.000422230432258405,0.124837353347552,1,0,0.0795014963159983,45.63
"36035",0.000400526406133776,0.118420304808695,1,0,0.108419580954702,66.02
"36037",0.000796971508268579,0.235633924474603,1,0,0.130100240488839,75.09
"36039",0.000808507991790534,0.23904482042096,1,0,0.133666851484831,75.98
"36041",0.000490677134445535,0.145074419398679,1,0,0.0788923815013616,44.8
"36043",0.00129625265142588,0.383252219429601,1,0,0.106645010255845,65.16
"36045",0.00040428542551041,0.119531702742878,1,0,0.0903705199914998,54.76
"36047",0.000753557105918875,0.222797949915607,1,0,0.242758126412129,94.5
"36049",0,0,0,0,0.0697991253944109,36.75
"36051",0.000593498904309715,0.175474875253315,1,0,0.10233380132141,62.74
"36053",0.000259684051071197,0.0767786193640792,1,0,0.110341601607311,67.13
"36055",0.00324660129125068,0.959895548993583,1,0,0.263046398675019,95.64
"36057",0.000487305686857366,0.144077611585453,1,0,0.0911571219032162,55.46
"36059",0.00400258323765786,1.18341043128953,1,1,0.335869779152442,98.57
"36061",0.0314426516622299,9.29638679700745,1,1,0.338894584470716,98.66
"36063",0.000569406596982145,0.168351703513365,1,0,0.187986986063888,88.29
"36065",0.00197626633421065,0.584306198284017,1,0,0.199837069542269,89.63
"36067",0.00143539223981627,0.424390462041857,1,0,0.267955913534612,95.9
"36069",0.00127160875691652,0.375965964504135,1,0,0.181321030996439,87.15
"36071",0.000818855434795057,0.242104162666117,1,0,0.241422148574663,94.43
"36073",0.000155351871990057,0.0459315934029064,1,0,0.0876746065114539,52.56
"36075",0.00116199977326834,0.343558789709637,1,0,0.128821011708452,74.39
"36077",7.93021411578113e-05,0.0234466032303337,1,0,0.112049681017753,67.87
"36079",0.0016032835246585,0.474029479148509,1,0,0.215204323639028,91.44
"36081",0.000497004741103097,0.146945250129495,1,0,0.22653470327687,92.68
"36083",0.0012570912841671,0.371673704314267,1,0,0.16562573426161,84.22
"36085",0.000947061211078683,0.280009696167126,1,0,0.159445776451594,82.85
"36087",0.00130527002773699,0.385918311939316,1,0,0.240408797239084,94.3
"36089",0.00018450184501845,0.0545501230137469,1,0,0.0974619714862617,59.62
"36091",0.0122647430979685,3.62621438641592,1,1,0.235423501436804,93.67
"36093",0.000973880835302382,0.287939230966297,1,0,0.159669190945099,83.01
"36095",0.0043017868960953,1.2718734836362,1,1,0.0799510493044493,46.17
"36097",0.000176397953783736,0.0521541130242562,1,0,0.0659627726209188,32.52
"36099",0.000441072688779111,0.130408286315503,1,0,0.0921349759750348,55.87
"36101",0.00146319401952699,0.432610382569314,1,0,0.103348063731056,63.41
"36103",0.00278109073678713,0.822261922578384,1,0,0.35593488576295,98.95
"36105",0.0013548938175606,0.400590164348249,1,0,0.110802662348203,67.42
"36107",0.000210688952875904,0.0622926469698381,1,0,0.0972115668933195,59.5
"36109",0.000604427865851553,0.178706150238452,1,0,0.143456052470122,78.84
"36111",0.00187578465401374,0.554597617240714,1,0,0.229223326165299,92.9
"36113",0.000406824480663124,0.12028240402126,1,0,0.142769555160583,78.56
"36115",0.000420243741369995,0.124249965008198,1,0,0.101360272533242,62.3
"36117",0.000828606029702339,0.244987039808057,1,0,0.121782296704841,71.81
"36119",0.00480116614666216,1.41952078519143,1,1,0.325514364192061,98.28
"36121",0.000212239122744959,0.0627509727770446,1,0,0.0950833124030226,58.32
"36123",0.000715734224024812,0.211615173614106,1,0,0.10190990994739,62.49
"37001",0.00105035033837236,0.310548331698326,1,0,0.169785831791016,85.17
"37003",0.000878648833349605,0.259782778542475,1,0,0.0994926839365322,60.99
"37005",0.000228050171037628,0.0674256936680749,1,0,0.0770265507008801,43.3
"37007",0,0,0,0,0.0635500690797265,29.75
"37009",0.000333704115684093,0.0986635150393242,1,0,0.0995078103715056,61.02
"37011",0.000465766185374942,0.137709206676529,1,0,0.0884295191042713,52.94
"37013",0.000762070654836427,0.225315079978396,1,0,0.10325362292522,63.32
"37015",0.000324201653428432,0.0958540012107338,1,0,0.0599232679383967,25.2
"37017",0.000258916434720694,0.0765516646344769,1,0,0.049195334393793,14.16
"37019",0.00264277160672255,0.781366258042224,1,0,0.18202665523729,87.24
"37021",0.00214504130345489,0.634206486993834,1,0,0.263708979959819,95.67
"37023",0.000303204875534399,0.0896460588625294,1,0,0.103048274226257,63.09
"37025",0.00113391425156552,0.335254977551873,1,0,0.20410290506896,90.45
"37027",0.000628228395923496,0.185743054628687,1,0,0.126746141590592,73.66
"37029",0,0,0,0,0.0933425924860597,56.95
"37031",0.00123224371042273,0.364327229246699,1,0,0.162562276412463,83.55
"37033",0.00025974025974026,0.0767952381128593,1,0,0.0886750502051255,53.2
"37035",0.00125288831835687,0.370431048437587,1,0,0.213381528128473,91.25
"37037",0.00255169379674439,0.754438040941552,1,0,0.146981745619643,79.89
"37039",0.000737696279903046,0.218108511659981,1,0,0.118949506052867,70.92
"37041",0.000340715502555366,0.100736513367805,1,0,0.0749851118697523,41.43
"37043",0.00247175141242938,0.730802142352245,1,0,0.0914417800540028,55.65
"37045",0.000461826401886196,0.136544363723674,1,0,0.129873082492291,75.06
"37047",0.000240153698366955,0.0710042427316302,1,0,0.0900816932839157,54.53
"37049",0.000832342449464923,0.246091755902682,1,0,0.120749853155889,71.4
"37051",0.000618534712594646,0.182877004058883,1,0,0.0890601427610238,53.42
"37053",0.000451773209848656,0.133572020209852,1,0,0.137777954413595,77.19
"37055",0.000729895667854536,0.215802169700169,1,0,0.139871867270668,77.7
"37057",0.00072589200960411,0.214618441428813,1,0,0.16776487560099,84.66
"37059",0.00101820033091511,0.301042806907989,1,0,0.105279677876034,64.27
"37061",8.59475719810915e-05,0.0254114023837137,1,0,0.0616779064547829,27.43
"37063",0.00183475471402864,0.542466636798703,1,0,0.192892354684218,88.77
"37065",0.000228323534448313,0.0675065167497022,1,0,0.0893305843730813,53.77
"37067",0.00272521452329709,0.805741468167106,1,0,0.237134364789878,93.8
"37069",0.00117889773062187,0.348554867945191,1,0,0.1367374659672,76.9
"37071",0.0010411013523242,0.307813761067725,1,0,0.170673062048081,85.24
"37073",0.0020273694880892,0.599415441935141,1,0,0.0729307991483716,39.77
"37075",0.00235201881615053,0.695401803373991,1,0,0.089347505186714,53.83
"37077",0.000438788942518649,0.129733070089736,1,0,0.0722538629750683,39.04
"37079",0.000370164723301869,0.109443519057749,1,0,0.0619396431903391,27.71
"37081",0.00210246031920887,0.621616922220461,1,0,0.292849708932418,97.1
"37083",0.000235072872590503,0.0695020373141769,1,0,0.0932646837121041,56.79
"37085",0.000627446293585109,0.185511816947763,1,0,0.114498599110736,68.92
"37087",0.000524834200104967,0.155173354362307,1,0,0.141555076061663,78.14
"37089",0.00122304854713669,0.361608571943651,1,0,0.18249657777566,87.34
"37091",0.000102207686017989,0.0302188948011558,1,0,0.0684222872396638,35.22
"37093",0.000544761213001634,0.161065008208376,1,0,0.0893852063077534,53.96
"37095",0.000429553264604811,0.127002434164308,1,0,0.0742247896762193,40.85
"37097",0.00195299569678914,0.577425962838,1,0,0.219296909919772,91.89
"37099",0.000521860141482083,0.154294039232899,1,0,0.0895274873285418,54.12
"37101",0.000896383652203143,0.265026284643947,1,0,0.16159587209537,83.3
"37103",0.000884564352056612,0.261531770662988,1,0,0.0863139848221643,51.48
"37105",0.00116072867967113,0.343182976058111,1,0,0.112811220792105,68.25
"37107",0.000534994964753273,0.158177502973522,1,0,0.0955581996236801,58.54
"37109",0.00161772025883524,0.478297868037408,1,0,0.167844434068127,84.7
"37111",0.00092464170134073,0.273381106550632,1,0,0.079997819339053,46.26
"37113",0.00167142558674002,0.494176474798259,1,0,0.136806049249958,76.93
"37115",0.000543478260869565,0.160685688442668,1,0,0.124024934088721,72.76
"37117",0.000273935077386659,0.0809921015571862,1,0,0.0921319668152865,55.84
"37119",0.0102212853193818,3.02204225369739,1,1,0.371439236359679,99.27
"37121",0.000851933889930141,0.251884193844359,1,0,0.0682263358248208,34.97
"37123",0.000296354835523066,0.0876207646155809,1,0,0.0750378734729933,41.55
"37125",0.00210600210600211,0.622664092806967,1,0,0.163373723246417,83.81
"37127",0.00141706779432273,0.418972625945252,1,0,0.126135050254324,73.59
"37129",0.00248749343578121,0.735456455214222,1,0,0.219848837704211,92.05
"37131",0,0,0,0,0.0576599662619691,22.59
"37133",0.000271348602554697,0.0802273800974013,1,0,0.0799666077044925,46.2
"37135",0.00456359291020969,1.34927948613038,1,1,0.168963528278579,84.92
"37137",0.000901306894997747,0.266481898814338,1,0,0.0636745794832317,29.97
"37139",0.000890705228963638,0.263347392564531,1,0,0.0955988482783119,58.57
"37141",0.00111203780928552,0.328786952165147,1,0,0.145751489706613,79.61
"37143",0.000930232558139535,0.27503410859024,1,0,0.0950777825546569,58.29
"37145",0.000274901493631449,0.08127783379488,1,0,0.0975642206954582,59.69
"37147",0.00120413346177424,0.356016106278964,1,0,0.142852626304107,78.59
"37149",0.00332627759298458,0.983452777163469,1,0,0.124922797101226,73.11
"37151",0.00125413066847155,0.370798363743162,1,0,0.149397331607189,80.56
"37153",0.000567966679288148,0.167925975047998,1,0,0.099332137233454,60.74
"37155",0.000294004568378678,0.0869258807143996,1,0,0.100021716168605,61.34
"37157",0.00052792735719565,0.15608788234321,1,0,0.111945980488145,67.77
"37159",0.000931114751271661,0.275294939282067,1,0,0.158067894583394,82.53
"37161",0.00108916986314344,0.322025777093985,1,0,0.12517934993828,73.21
"37163",0.000273585335826,0.0808886963844353,1,0,0.0711242259085615,37.99
"37165",0.000149666990945147,0.0442507919979807,1,0,0.069971140059286,36.91
"37167",0.00119235355205969,0.352533238538781,1,0,0.123246704191356,72.38
"37169",0.000634584875727129,0.187622422041994,1,0,0.094283250737352,57.52
"37171",0.000367703385935345,0.108715795949566,1,0,0.111503943093439,67.67
"37173",0.000248077400148846,0.0733469776071715,1,0,0.0429604340553064,8.65
"37175",0.00222013491589104,0.656408789607823,1,0,0.124133334719412,72.83
"37177",0,0,0,0,0.0487302139531443,13.62
"37179",0.0025136586933566,0.743192518879497,1,0,0.202243335383999,90.07
"37181",0.000254307330408799,0.0751889291714688,1,0,0.0971966894004863,59.47
"37183",0.00377023853236433,1.1147150084655,1,1,0.335243008415386,98.5
"37185",0.000270855904658722,0.0800817082162807,1,0,0.0612679643353887,26.95
"37187",0,0,0,0,0.0805996208896457,46.61
"37189",0.000959692898272553,0.283744401856534,1,0,0.127270645527654,73.88
"37191",0.000669280045893489,0.197880453881017,1,0,0.119402036738316,71.11
"37193",0.000541662905118714,0.160148957335655,1,0,0.10245737994859,62.9
"37195",0.000558333121843514,0.165077701397335,1,0,0.127897677296416,74.2
"37197",0.000255275697753574,0.0754752382746362,1,0,0.0879076491160967,52.72
"37199",0.000709597303530247,0.209800721472066,1,0,0.08337090410982,49.51
"38001",0,0,0,0,0.0345899157414966,3.5
"38003",0.000364963503649635,0.107905717786317,1,0,0.0685969735529511,35.54
"38005",0.000405679513184584,0.119943881028198,1,0,0.0235698323052288,0.51
"38007",0,0,0,0,0.0322986414231112,2.48
"38009",0.000304971027752364,0.0901682423709998,1,0,0.0622307912137198,28.06
"38011",0,0,0,0,0.0488202630436849,13.71
"38013",0,0,0,0,0.0354539591365656,3.75
"38015",0.00213265415714132,0.630544082668682,1,0,0.202951991751522,90.3
"38017",0.00144387978992965,0.426899905254871,1,0,0.237212255824542,93.83
"38019",0,0,0,0,0.034004431412469,3.12
"38021",0,0,0,0,0.0363352847642438,4.36
"38023",0,0,0,0,0.0369829208619602,4.77
"38025",0.000420168067226891,0.124227591064919,1,0,0.0398352636260346,6.68
"38027",0,0,0,0,0.0381817721752355,5.66
"38029",0,0,0,0,0.0542124003862548,19.06
"38031",0,0,0,0,0.0406025168804441,7.03
"38033",0,0,0,0,0.0246968807922753,0.7
"38035",0.000629987400251995,0.186263124780245,1,0,0.148031150523493,80.21
"38037",0,0,0,0,0.0303179495669181,1.97
"38039",0,0,0,0,0.0390679509239461,6.08
"38041",0,0,0,0,0.039695605245266,6.59
"38043",0,0,0,0,0.0377927177661731,5.31
"38045",0.000484027105517909,0.143108260762105,1,0,0.0488408281550284,13.74
"38047",0,0,0,0,0.0292763633291885,1.62
"38049",0,0,0,0,0.0586484721405215,23.93
"38051",0.000689655172413793,0.203904597747937,1,0,0.0374216042105469,5.12
"38053",8.07167648720639e-05,0.0238648532354918,1,0,0.0473266916672921,12.12
"38055",0.000235183443085607,0.0695347287710509,1,0,0.0453678194541071,10.4
"38057",0.000207168013258753,0.0612516400941596,1,0,0.0358731584792696,4.1
"38059",0.00103626943005181,0.306385146875138,1,0,0.125645707905014,73.37
"38061",0.000167757087736957,0.0495993401668358,1,0,0.056361687756824,21.41
"38063",0,0,0,0,0.037397088041213,5.09
"38065",0,0,0,0,0.037191942079262,4.96
"38067",0,0,0,0,0.0439082654498892,9.1
"38069",0,0,0,0,0.0464173582242473,11.23
"38071",0.000158654608916389,0.0469080861073312,1,0,0.0783339849213027,44.45
"38073",0,0,0,0,0.0430297909191692,8.75
"38075",0,0,0,0,0.0481824218175788,12.98
"38077",0.000300360432519023,0.0888050660996721,1,0,0.0673145160593388,33.98
"38079",0,0,0,0,0.0454660195268196,10.47
"38081",0,0,0,0,0.0294650516555279,1.72
"38083",0,0,0,0,0.0258992440471072,0.89
"38085",0,0,0,0,0.0258666012945879,0.86
"38087",0,0,0,0,0.0295376306047668,1.75
"38089",0.00147833317934029,0.437086451792676,1,0,0.108821682429144,66.12
"38091",0,0,0,0,0.0416606545194879,7.7
"38093",0.000996779635025303,0.294709528258596,1,0,0.0779932367549639,44.13
"38095",0,0,0,0,0.030787535832402,2.13
"38097",0.000198452073824171,0.0586746709137742,1,0,0.0394502390878093,6.27
"38099",0.000135226504394861,0.039981293676066,1,0,0.0540103076405828,18.8
"38101",0.00097687254255501,0.288823764118991,1,0,0.129181871792675,74.58
"38103",0.000529661016949153,0.156600459075481,1,0,0.0446009610679552,9.74
"38105",0.00037801986322554,0.111765982820014,1,0,0.089271137722728,53.71
"39001",0.00102367242482406,0.302660695313636,1,0,0.0931569783404221,56.76
"39003",0.000887541141229984,0.262411893111505,1,0,0.176832882078306,86.48
"39005",0.00210199232315847,0.621478553728175,1,0,0.120499668652593,71.36
"39007",0.000389536451622569,0.115170996540575,1,0,0.135073834744712,76.42
"39009",0.000872070978994464,0.257837959160298,1,0,0.0964606086070011,59.15
"39011",0.000331592472850866,0.0980391831997043,1,0,0.105702513546708,64.59
"39013",0.000756665331374905,0.223716933034524,1,0,0.129256687964409,74.64
"39015",0.000415584415584416,0.122872380980575,1,0,0.100891004077773,61.95
"39017",0.00111201307727379,0.328779639857338,1,0,0.256479028406186,95.26
"39019",0.000415627597672485,0.122885148268707,1,0,0.106161310969751,64.84
"39021",0.000563334942861742,0.166556548136292,1,0,0.0813903912252091,47.73
"39023",0.000809092660373724,0.239217684508753,1,0,0.13961644806701,77.6
"39025",0.00148828689592009,0.440029384226862,1,0,0.203086196145723,90.36
"39027",0.000191791331031837,0.0567053445981029,1,0,0.0970280952688738,59.37
"39029",0.00144446493330875,0.427072909721614,1,0,0.154697969875696,81.8
"39031",0.000875426770550643,0.258830138085011,1,0,0.111200779462983,67.48
"39033",0.000839160839160839,0.248107692364622,1,0,0.106087989498208,64.81
"39035",0.00449085835983555,1.32777466773758,1,1,0.380657994959643,99.43
"39037",0.000852878464818763,0.252163468430284,1,0,0.11515379966029,69.27
"39039",0.00112153946048049,0.331596226194183,1,0,0.103238018203381,63.25
"39041",0.00867862671887806,2.56593724067013,1,1,0.233871125551175,93.45
"39043",0.00142978979581598,0.422734034110946,1,0,0.147288794660065,80.05
"39045",0.00102459016393443,0.302932035588636,1,0,0.15211035582651,81.16
"39047",0.000401155327342747,0.118606252701584,1,0,0.0916452068631974,55.68
"39049",0.00250827052939551,0.741599445342123,1,0,0.298747632976984,97.33
"39051",0.00120379194462557,0.355915132749571,1,0,0.0923051558400355,56.12
"39053",0.000559462915601023,0.165411738102746,1,0,0.0750354729821301,41.52
"39055",0.00161834743607528,0.478483300305534,1,0,0.186836701497655,88.13
"39057",0.00140049987072309,0.414074126039452,1,0,0.129547207404985,74.83
"39059",0.000944108761329305,0.279136769953275,1,0,0.0964305638687551,59.12
"39061",0.0045868947896576,1.356168958646,1,1,0.337416308598671,98.6
"39063",0.00102787858446435,0.303904295483437,1,0,0.113467736776526,68.53
"39065",0.000442233278054174,0.130751428074962,1,0,0.0745319802316908,41.04
"39067",0,0,0,0,0.0716980042914515,38.56
"39069",0.0015177065767285,0.448727656089473,1,0,0.0724201171680636,39.26
"39071",0.00062111801242236,0.18364078679162,1,0,0.0945329740999753,57.72
"39073",0.000231427910205971,0.0684243616603815,1,0,0.0999981201606754,61.31
"39075",0.000280662363177098,0.0829811020865867,1,0,0.159165395217987,82.82
"39077",0.000703525906306903,0.208005642049604,1,0,0.104222105307555,63.86
"39079",8.87075312694048e-05,0.0262274165470157,1,0,0.0755687413450569,42.03
"39081",0.000815905870228024,0.241232089490087,1,0,0.106913695691628,65.38
"39083",0.00102090819993466,0.301843419975609,1,0,0.114328987905247,68.79
"39085",0.00156894594519764,0.463877173173483,1,0,0.250624994075372,94.94
"39087",0.00032368744740079,0.095701970199556,1,0,0.083963208098608,49.89
"39089",0.000664484532276721,0.196462604332236,1,0,0.149267055374678,80.53
"39091",0.000972987999814669,0.28767525373788,1,0,0.0949733498539721,58.22
"39093",0.00166214443585919,0.491432394259618,1,0,0.200255873285537,89.69
"39095",0.00222835760234328,0.658839922789327,1,0,0.237716412595088,93.95
"39097",0.00039177277179236,0.115832190689327,1,0,0.0695724399544422,36.62
"39099",0.00171148909166082,0.506021717438367,1,0,0.227610848361341,92.78
"39101",0.00143021731357515,0.422860434724179,1,0,0.099886904321485,61.28
"39103",0.00194489004982893,0.575029433747784,1,0,0.232625951368923,93.22
"39105",0.000473148805299267,0.139891964388223,1,0,0.0648313583199713,31.28
"39107",0.000792602377807133,0.234342140080192,1,0,0.0972936133400032,59.56
"39109",0.00161554415456828,0.477654477422849,1,0,0.152831169516746,81.45
"39111",0.00116959064327485,0.345803118987729,1,0,0.0821807777307716,48.68
"39113",0.00161526259814081,0.477571231980226,1,0,0.266824750888591,95.86
"39115",0,0,0,0,0.0601183989322998,25.39
"39117",0.000692808646251905,0.204836959078917,1,0,0.115004295423114,69.2
"39119",0.000853993064541173,0.252493012841954,1,0,0.118818888385339,70.79
"39121",0.000282326369282891,0.0834730849052819,1,0,0.0684478083731696,35.35
"39123",0.000934346580291516,0.276250467236678,1,0,0.0968527447221816,59.31
"39125",0.001001001001001,0.295957624358867,1,0,0.0638138052985056,30.13
"39127",0.000266951414842499,0.0789273002494683,1,0,0.0808778749040091,46.9
"39129",0.000712250712250712,0.210585232716886,1,0,0.0751537540897642,41.68
"39131",0.000693180833549952,0.204947000595795,1,0,0.0601248429335882,25.45
"39133",0.00110923705763474,0.32795887726397,1,0,0.175302245619957,86.13
"39135",0.000619147124835539,0.183058070882754,1,0,0.0732988053616567,40.09
"39137",0.00209446771630796,0.61925381592523,1,0,0.0901172594222936,54.6
"39139",0.00182917724354188,0.540817592578427,1,0,0.165952781344863,84.31
"39141",0.000743909243072345,0.219945446705976,1,0,0.105402757333486,64.49
"39143",0.000441598586884522,0.130563774225881,1,0,0.109974936418353,66.91
"39145",0.000823516774678649,0.243482342185316,1,0,0.0934266763344023,57.02
"39147",0.000280925180260324,0.0830588070234596,1,0,0.114643728899204,69.04
"39149",0.000947434907712822,0.280120183936828,1,0,0.0872300854526346,52.21
"39151",0.00146119772191221,0.432020153889232,1,0,0.247549258649168,94.78
"39153",0.0024970360811222,0.738277849640794,1,0,0.289813016976796,96.98
"39155",0.000885775803330517,0.261889950365799,1,0,0.196940776195168,89.31
"39157",0.00033719501914786,0.0996956413758308,1,0,0.174912452156983,86.03
"39159",0.0013521754116181,0.399786435916428,1,0,0.107980176671906,65.67
"39161",0.0015062628825115,0.445344194383674,1,0,0.0836516723635774,49.73
"39163",0,0,0,0,0.0625462755479717,28.44
"39165",0.00163350561015451,0.482964991318453,1,0,0.237256965521948,93.86
"39167",0.000983463247614191,0.290772382961744,1,0,0.123717040414372,72.61
"39169",0.00109420965774557,0.323515851166051,1,0,0.162347724004357,83.46
"39171",0.000956238047024412,0.282722934778189,1,0,0.101580375677927,62.33
"39173",0.000880610878560141,0.260362880099631,1,0,0.157841200644976,82.37
"39175",8.94934669769107e-05,0.0264597876082431,1,0,0.0641040714997763,30.42
"40001",0.00340501792114695,1.00673327382718,1,1,0.0794598219591533,45.53
"40003",0,0,0,0,0.0374239079628654,5.15
"40005",0.000740740740740741,0.219008642025562,1,0,0.0752150495279795,41.74
"40007",0.000537056928034372,0.158787146473957,1,0,0.0493789369810089,14.32
"40009",0.000181702552920869,0.0537224796464992,1,0,0.0637721124288116,30.1
"40011",0,0,0,0,0.0482580068488109,13.04
"40013",0.000162720689935725,0.0481102703985857,1,0,0.0830514103820597,49.06
"40015",0.000360706985691956,0.106647228592464,1,0,0.0584967092359997,23.77
"40017",0.00125852123754588,0.372096486713592,1,0,0.16567009223693,84.28
"40019",0.00111409911640415,0.329396401663494,1,0,0.128901468648081,74.51
"40021",0.00022884342532839,0.0676602285538259,1,0,0.0545237567790557,19.5
"40023",0.000323049588111775,0.0955133796590239,1,0,0.0536285475859303,18.42
"40025",0,0,0,0,0.0370865881406558,4.84
"40027",0.00469970535050439,1.38952271709122,1,1,0.193538741466771,88.83
"40029",0,0,0,0,0.0495523283203312,14.54
"40031",0.000577872727909502,0.17085481389414,1,0,0.0902302909296442,54.72
"40033",0,0,0,0,0.0319632222927802,2.32
"40035",0,0,0,0,0.0767628178062003,43.02
"40037",0.000645057248830834,0.190718701328501,1,0,0.1243087132709,72.92
"40039",0.00101419878296146,0.299859702570495,1,0,0.0874896593696627,52.31
"40041",0.0013787160706592,0.407633491404751,1,0,0.103675277748612,63.54
"40043",0,0,0,0,0.0381083730755022,5.6
"40045",0.00094921689606075,0.280647049581878,1,0,0.0289056396389843,1.43
"40047",0.00112148180305332,0.331579179103168,1,0,0.127661808596306,74.13
"40049",0.00478296182654995,1.41413846556529,1,1,0.0926131313846861,56.41
"40051",0.000882872277810477,0.261031489171137,1,0,0.117014911445831,69.93
"40053",0.000637348629700446,0.188439558148189,1,0,0.0474336355605896,12.19
"40055",0.00269299820466786,0.796216337705139,1,0,0.033100625516955,2.64
"40057",0,0,0,0,0.051733139342098,16.64
"40059",0.000539374325782093,0.159472312154535,1,0,0.0395464030132974,6.36
"40061",0.000514535631592488,0.152128462430928,1,0,0.0667187695543625,33.28
"40063",0.000262191924488726,0.077520101398665,1,0,0.0584009683521563,23.64
"40065",0.000246487552378605,0.0728769205655677,1,0,0.0615426945229714,27.2
"40067",0,0,0,0,0.0503121265615452,14.92
"40069",0.000249875062468766,0.0738784774449046,1,0,0.0467863754051708,11.64
"40071",0.000574442529636012,0.169840635755371,1,0,0.0959188916521899,58.86
"40073",0.000601178309486594,0.17774538098744,1,0,0.0790915095192292,44.99
"40075",0.00080450522928399,0.237861356986732,1,0,0.0487814743562917,13.68
"40077",0.000269905533063428,0.079800719766399,1,0,0.0419400430523787,7.86
"40079",0.000214224507283633,0.0633379748788578,1,0,0.0855671437608141,50.97
"40081",0.00021684918139434,0.0641139904010644,1,0,0.0830886104518332,49.16
"40083",0.000500291836904861,0.14791711835296,1,0,0.127596953817815,74.1
"40085",0,0,0,0,0.0337886381378755,2.99
"40087",0.00198216055500496,0.586048893428163,1,0,0.0980615464693176,60.01
"40089",0.00050125313283208,0.148201336709027,1,0,0.0751769837304833,41.71
"40091",0.000184195984527537,0.0544596917912154,1,0,0.0641391177589103,30.48
"40093",0,0,0,0,0.0583924727799837,23.61
"40095",0.000502596749874351,0.148598592763197,1,0,0.054227827006675,19.09
"40097",0.000123571207908557,0.0365352692906405,1,0,0.096022973429978,58.92
"40099",0.000183284457478006,0.0541901881844773,1,0,0.0619400167033386,27.74
"40101",0.000301608579088472,0.0891740951947244,1,0,0.109296745696485,66.62
"40103",0.000933881210310049,0.276112875172309,1,0,0.0394551988933906,6.3
"40105",0.00141110065851364,0.417208372626305,1,0,0.0611903357784885,26.76
"40107",0,0,0,0,0.04514927718961,9.99
"40109",0.00219946091644205,0.650296280472665,1,0,0.252710345803257,95.13
"40111",0.00110122829309615,0.325590992592004,1,0,0.0737311397546261,40.28
"40113",0.00381089710577814,1.12673619004808,1,1,0.0981257978558101,60.04
"40115",6.70960815888352e-05,0.0198377393139096,1,0,0.0767850095924393,43.08
"40117",0,0,0,0,0.0705787680620077,37.42
"40119",0.00073942278808605,0.218618973946999,1,0,0.110469848470872,67.23
"40121",0.000834525512637101,0.246737203998755,1,0,0.0914251070996728,55.62
"40123",0.000657865883075304,0.194505723477813,1,0,0.0961858141224518,59.02
"40125",0.000268312315535283,0.0793296664165571,1,0,0.114533102096603,68.95
"40127",0.00286532951289398,0.847168099525812,1,0,0.0720130732469794,38.78
"40129",0,0,0,0,0.0533056889827951,18.1
"40131",0.000644582702763298,0.190578396247231,1,0,0.137155524743015,77
"40133",0.000121580547112462,0.0359467072017639,1,0,0.0627819225894087,28.79
"40135",0.00140019252647239,0.413983256126029,1,0,0.0813005856007944,47.63
"40137",0.000995491011301751,0.294328531620697,1,0,0.0930134930140392,56.6
"40139",8.02825947334618e-05,0.0237364857686664,1,0,0.0469957760675227,11.77
"40141",0.00197530864197531,0.584023045401498,1,0,0.0505915281785031,15.14
"40143",0.00253034607904801,0.748126339146463,1,0,0.319873738750341,98.09
"40145",0.00065599580162687,0.19395281207984,1,0,0.12466594311152,73.05
"40147",0.00421322586554314,1.24568938173543,1,1,0.131180454601366,75.37
"40149",0,0,0,0,0.0652753660424372,31.66
"40151",0.00098255956767379,0.290505199444371,1,0,0.0535601440499306,18.33
"40153",0.000940733772342427,0.278138915084204,1,0,0.0910411838055882,55.27
"41001",0.000757460990758976,0.223952179014171,1,0,0.104159550044008,63.79
"41003",0.00189965359258018,0.561654747400452,1,0,0.14565006654958,79.54
"41005",0.00363797827304515,1.07561071975246,1,1,0.331183517619174,98.47
"41007",0.000367934507657637,0.108784129783198,1,0,0.132911658657044,75.76
"41009",0.00064594846766669,0.190982200574935,1,0,0.145530616098976,79.41
"41011",0.00137420315303279,0.406299194657491,1,0,0.138784114892652,77.51
"41013",0.000562429696287964,0.166288901425483,1,0,0.125704052659213,73.4
"41015",0.000252334090335604,0.0746055177225608,1,0,0.118737933293683,70.7
"41017",0.00281142069838669,0.831229329576905,1,0,0.273991490053546,96.34
"41019",0.00116344005956813,0.343984627157609,1,0,0.126144842340461,73.62
"41021",0,0,0,0,0.0455187735965822,10.56
"41023",0,0,0,0,0.067445046058046,34.27
"41025",0,0,0,0,0.0642810831383389,30.64
"41027",0.00103119360659964,0.304884420453218,1,0,0.1158870265032,69.49
"41029",0.00154191602339858,0.455885461442668,1,0,0.233237480905843,93.29
"41031",0.000126023944549464,0.0372604494939519,1,0,0.0788266179586813,44.77
"41033",0.0015340417817198,0.453557350023651,1,0,0.157564794890835,82.28
"41035",0.000403181468313602,0.119205304918066,1,0,0.129693587577963,74.93
"41037",0,0,0,0,0.0458737494830864,10.82
"41039",0.0016548665017487,0.489280588130126,1,0,0.264040255498618,95.7
"41041",0.00150843782407844,0.445987241232406,1,0,0.123281540913106,72.41
"41043",0.000586198684716701,0.173316480160916,1,0,0.138234126333641,77.31
"41045",0.000270325065891735,0.0799247595416661,1,0,0.0793112025654674,45.21
"41047",0.00112515930869359,0.332666476550194,1,0,0.182769667217049,87.43
"41049",0.000258164450755131,0.0763293318018609,1,0,0.0455062786207382,10.53
"41051",0.00279794435279176,0.827244890776818,1,0,0.378870358122415,99.36
"41053",0.0012167837657495,0.359756316236989,1,0,0.129700525383745,74.96
"41055",0.00275482093663912,0.814494949681841,1,0,0.0534232458973512,18.26
"41057",0.000435388366422849,0.128727650093394,1,0,0.0886124790917903,53.07
"41059",0.000187085738721403,0.0553140813326266,1,0,0.108079255479666,65.77
"41061",0.000414112970018221,0.122437330931965,1,0,0.0977515423707676,59.82
"41063",0.000583600817041144,0.172548390274005,1,0,0.115967022040918,69.55
"41065",0.00109366455745645,0.323354685906032,1,0,0.0975660875794997,59.72
"41067",0.00225869954559583,0.66781087230334,1,0,0.28690316918398,96.88
"41069",0,0,0,0,0.0678030334364829,34.68
"41071",0.000961790679373962,0.284364635313421,1,0,0.157848136620506,82.41
"42001",0.0014596257102643,0.431555370305282,1,0,0.146438581676938,79.76
"42003",0.00615307660553481,1.81922888473753,1,1,0.315090496438799,97.77
"42005",0.000448154165032771,0.132502007387601,1,0,0.141431773907325,78.08
"42007",0.00175448019048642,0.518732537371893,1,0,0.180988312667199,87.02
"42009",0.000524906829037846,0.155194827953655,1,0,0.0964159829048209,59.08
"42011",0.00160302135805479,0.473951966533495,1,0,0.241774811583308,94.46
"42013",0.000918753663134217,0.271640239360698,1,0,0.180977517801478,86.99
"42015",0.000245098039215686,0.0724660947878697,1,0,0.099116616395081,60.58
"42017",0.0035011268743242,1.03514900711167,1,1,0.359925861518987,99.01
"42019",0.00159116339708252,0.470446022028362,1,0,0.212244845477127,91.09
"42021",0.00149608715666718,0.442335622320309,1,0,0.170673507369363,85.27
"42023",0,0,0,0,0.055039556315041,20.14
"42025",0.000802482345388401,0.237263267762552,1,0,0.109285940640331,66.59
"42027",0.00344508242267086,1.01857881112463,1,1,0.144820974785702,79.26
"42029",0.052451943886638,15.5080291529883,1,1,0.360301216933197,99.05
"42031",0.000212992545260916,0.0629737309338676,1,0,0.0918673561126459,55.74
"42033",0.000936241924913398,0.27681084798662,1,0,0.119275077554866,71.01
"42035",0.000279193131848957,0.0825467067032898,1,0,0.104271539135163,63.89
"42037",0.000707740445503986,0.209251719733132,1,0,0.123454727133656,72.48
"42039",0.000803063998023227,0.237435240150025,1,0,0.150110737477206,80.72
"42041",0.00224538045990675,0.663872929229127,1,0,0.169763354886642,85.14
"42043",0.00179592792863139,0.530987044714209,1,0,0.201460453691235,90.01
"42045",0.00593603260388057,1.75505729345371,1,1,0.287862680894646,96.91
"42047",0.000281392894829406,0.0831970922925103,1,0,0.090603888063764,54.92
"42049",0.00170027465975273,0.502706039808941,1,0,0.213506590073111,91.28
"42051",0.000693265759843178,0.2049721100452,1,0,0.14778030409608,80.15
"42053",0,0,0,0,0.0819293428768777,48.36
"42055",0.000619670099442297,0.183212694426648,1,0,0.137915509358848,77.22
"42057",0.000644122383252818,0.190442297413532,1,0,0.0657280422036566,32.36
"42059",0.000312451179503203,0.0923798365050799,1,0,0.0629676022170822,29.11
"42061",0.00129023495857667,0.381473018331907,1,0,0.0886857167275545,53.23
"42063",0.000965064659332175,0.285332625684721,1,0,0.128118580337297,74.26
"42065",0.000305268941937847,0.0902563241756238,1,0,0.105114369659491,64.17
"42067",0.000379266750948167,0.112134639722317,1,0,0.0856264247260186,51.03
"42069",0.00177870348183511,0.525894436065841,1,0,0.201310868342906,89.98
"42071",0.00252864036412421,0.747622024629119,1,0,0.292251634399809,97.04
"42073",0.00187716120533509,0.555004610698731,1,0,0.153152529186382,81.55
"42075",0.000400848462579126,0.11851552455411,1,0,0.154597101825763,81.77
"42077",0.00176294966664224,0.521236636808492,1,0,0.237528238130414,93.92
"42079",0.000885192449754184,0.261717475075125,1,0,0.217439180539759,91.66
"42081",0.00155720436017221,0.460405636574759,1,0,0.186111603633078,88.04
"42083",0.000593980992608237,0.175617410283169,1,0,0.0924671370321115,56.22
"42085",0.00238757629863389,0.705914787909904,1,0,0.15403026999949,81.64
"42087",0.000896104580675768,0.264943773891025,1,0,0.110797766364766,67.39
"42089",0.000931142780487035,0.275303226446601,1,0,0.144234076581663,79.03
"42091",0.0123101901518479,3.63965133811407,1,1,0.379654326957768,99.4
"42093",0.00016597510373444,0.0490724758065574,1,0,0.0546559072616761,19.69
"42095",0.00199070510922977,0.588575190571774,1,0,0.221601803581268,92.11
"42097",0.000494641384995878,0.146246496323747,1,0,0.132246715364619,75.56
"42099",0.00121654501216545,0.35968572595439,1,0,0.0972491859233207,59.53
"42101",0.00394273569196434,1.16571580617981,1,1,0.262405772735811,95.58
"42103",0.00150612719928801,0.445304078055671,1,0,0.106164238239597,64.91
"42105",0.000900738605656638,0.266313877440559,1,0,0.0762129232764268,42.54
"42107",0.000289907591955064,0.0857145618364221,1,0,0.147443530044898,80.08
"42109",0.000875704668600515,0.258912301885618,1,0,0.100400733396394,61.57
"42111",0.000376732971669681,0.111385498317702,1,0,0.144638826892745,79.19
"42113",0,0,0,0,0.0778400239219552,44
"42115",0.0025585141665877,0.756454562857171,1,0,0.121090544032589,71.49
"42117",0.000427807486631016,0.126486274538827,1,0,0.0994804302201466,60.96
"42119",0.00119379228014326,0.352958615281944,1,0,0.0894689119760688,54.09
"42121",0.000839066957543212,0.248079935169079,1,0,0.134171674435024,76.17
"42123",0.000813228517213337,0.240440498835328,1,0,0.0941725496884491,57.46
"42125",0.00386867419489753,1.14381866051619,1,1,0.229465219713803,92.94
"42127",0.00133333333333333,0.394215555646011,1,0,0.139620955698481,77.63
"42129",0.00294869824056347,0.871817036502107,1,0,0.251600028714198,95.04
"42131",0.00192363181687025,0.568744189159389,1,0,0.0933390290913314,56.89
"42133",0.00128226073955255,0.379115347444329,1,0,0.239302889646113,94.08
"44001",0.00276168300211188,0.816523799396758,1,0,0.224038515810596,92.36
"44003",0.00241282035892203,0.713378488849843,1,0,0.240253401730934,94.27
"44005",0.00324210358819317,0.958565750611124,1,0,0.179552110651569,86.76
"44007",0.00359953821917257,1.06424546935513,1,1,0.298863471528373,97.39
"44009",0.00166127740366074,0.491176046074712,1,0,0.202828307201452,90.26
"45001",0.00014553922282055,0.0430303691943688,1,0,0.0922865515350201,56.09
"45003",0.000497552579204992,0.147107224855801,1,0,0.12847835801447,74.36
"45005",0,0,0,0,0.0507780979740722,15.43
"45007",0.000446148651907587,0.131909054034351,1,0,0.161359133724068,83.23
"45009",0.000226500566251416,0.0669675349342035,1,0,0.0676621846890835,34.46
"45011",0.000168833361472227,0.0499175530532683,1,0,0.0617250445260989,27.49
"45013",0.00243002628846621,0.718465622656591,1,0,0.200558254387263,89.79
"45015",0.00139252420800186,0.41171602830598,1,0,0.202352487218333,90.14
"45017",0.000944108761329305,0.279136769953275,1,0,0.0631676831794887,29.3
"45019",0.00204049898609732,0.603297331199607,1,0,0.28067804689555,96.63
"45021",4.9297510475721e-05,0.0145753841131136,1,0,0.115755550330932,69.46
"45023",8.6333419666753e-05,0.025525482753562,1,0,0.101936981797621,62.52
"45025",0.000308641975308642,0.091253600843984,1,0,0.0771671648892542,43.46
"45027",0.000241487563390485,0.0713986154876862,1,0,0.0906259258548276,54.95
"45029",0.000243427458617332,0.071972168143746,1,0,0.105628216637051,64.56
"45031",0.000176164890337356,0.0520852050972445,1,0,0.0935612155774379,57.24
"45033",9.30838685655776e-05,0.0275213317261946,1,0,0.0634388106297837,29.65
"45035",0.000827780307106494,0.244742905289109,1,0,0.169593558957825,85.08
"45037",0.000526246546507039,0.15559093105355,1,0,0.0783540517901924,44.48
"45039",0.000430045871559633,0.127148079157615,1,0,0.0884584158945023,52.97
"45041",0.000508222784018348,0.150261995395317,1,0,0.147952682337113,80.18
"45043",0.00138917124076709,0.410724684424844,1,0,0.137303043015583,77.03
"45045",0.00182381852551985,0.539233225076472,1,0,0.297638613847243,97.23
"45047",0.00106609808102345,0.315204335537855,1,0,0.117824308148031,70.28
"45049",0.000170561146170902,0.0504283927570371,1,0,0.0853580136692715,50.72
"45051",0.000810155574235834,0.23953194739282,1,0,0.230069311305302,92.97
"45053",0.00117499608334639,0.347401300408713,1,0,0.109096816302865,66.4
"45055",0.000369976414003607,0.109387843216763,1,0,0.138343690506984,77.38
"45057",0.00076138267093041,0.225111669510057,1,0,0.177909072821208,86.57
"45059",0.000173958423936679,0.0514328375636267,1,0,0.100545617293189,61.72
"45061",0,0,0,0,0.0791718643707056,45.08
"45063",0.000814293566402247,0.240755393053676,1,0,0.239664858096047,94.11
"45065",0.00159808230123851,0.472491676763098,1,0,0.0893324264224787,53.8
"45067",0.000122354092744402,0.0361754149925986,1,0,0.07768012709576,43.88
"45069",0,0,0,0,0.059928374797757,25.23
"45071",0.00024770869457518,0.0732379655027268,1,0,0.0816901976604356,48.11
"45073",0.0020342723166569,0.601456343734648,1,0,0.143342107769705,78.78
"45075",0.000437376987722203,0.129315609181265,1,0,0.116392938618703,69.71
"45077",0.000644343289476419,0.190507610915794,1,0,0.134918288046761,76.39
"45079",0.00127482169723559,0.376915907793989,1,0,0.22375584464191,92.33
"45081",0.000703605980650836,0.208029316963594,1,0,0.0497012128668414,14.67
"45083",0.000757793214306217,0.224050404781877,1,0,0.214838622979951,91.41
"45085",0.00053617003023999,0.158524924793847,1,0,0.122618225523771,72.06
"45087",0.00035966910442393,0.106340366886887,1,0,0.0638789123170679,30.23
"45089",0.000133067198935462,0.0393428698249512,1,0,0.0610552727542772,26.63
"45091",0.002043056141832,0.604053384126222,1,0,0.270910035974383,96.05
"46003",0,0,0,0,0.0327819424532195,2.58
"46005",0.00356188780053428,1.05311368382728,1,1,0.0942847333534362,57.56
"46007",0,0,0,0,0.0355252179218367,3.85
"46009",0,0,0,0,0.0539002775714464,18.71
"46011",0.000265957446808511,0.0786334220038586,1,0,0.109102397517151,66.43
"46013",0.00147173404900009,0.435135341917292,1,0,0.128837623406421,74.42
"46015",0.00195924764890282,0.579274425420275,1,0,0.0558957667922206,21.06
"46017",0,0,0,0,0.0314214894222296,2.23
"46019",0.000282565696524442,0.0835438447964138,1,0,0.0976792566282954,59.78
"46021",0,0,0,0,0.0380385177328778,5.57
"46023",0,0,0,0,0.0673583018731773,34.14
"46025",0,0,0,0,0.0321379334908643,2.42
"46027",0.000130378096479791,0.0385478053108877,1,0,0.0572215890776134,22.34
"46029",0.00134624346295242,0.398032586086948,1,0,0.133486547198637,75.88
"46031",0,0,0,0,0.0273842616828616,1.11
"46033",0.000311138767890479,0.0919918067002204,1,0,0.100518430582611,61.69
"46035",0.000574052812858783,0.169725411443461,1,0,0.117223740652037,70
"46037",0.000809061488673139,0.239208468231803,1,0,0.0585876270416621,23.89
"46039",0,0,0,0,0.055656056101315,20.65
"46041",0,0,0,0,0.0349994232781023,3.63
"46043",0,0,0,0,0.0373104213342895,5
"46045",0,0,0,0,0.0441521182267312,9.32
"46047",0,0,0,0,0.0650578308328464,31.47
"46049",0.00098135426889107,0.290148838797359,1,0,0.0387682803695827,5.92
"46051",0.000408329930583912,0.120727507854025,1,0,0.0551300503616621,20.27
"46053",0.00098570724494825,0.29143584695368,1,0,0.0579050759466083,22.84
"46055",0,0,0,0,0.0452367385080916,10.15
"46057",0,0,0,0,0.0379669520141681,5.47
"46059",0,0,0,0,0.0411806406363811,7.38
"46061",0,0,0,0,0.0536355164540566,18.45
"46063",0,0,0,0,0.0271847755998691,1.02
"46065",0.00140240884342518,0.414638536090302,1,0,0.106206200174586,64.94
"46067",0,0,0,0,0.0452121956425355,10.09
"46069",0,0,0,0,0.0290807019340166,1.56
"46071",0,0,0,0,0.0337047832051478,2.96
"46073",0,0,0,0,0.0248942441252132,0.76
"46075",0,0,0,0,0.033140132532509,2.7
"46077",0,0,0,0,0.0474822545972093,12.34
"46079",0.00125944584382872,0.372369857348247,1,0,0.0756219352306854,42.09
"46081",0.00109149277688604,0.322712573642802,1,0,0.13322598061449,75.82
"46083",0.00225134214627951,0.665635571358646,1,0,0.164260215480488,84.03
"46085",0.000566893424036281,0.167608654611399,1,0,0.0336565773570299,2.93
"46087",0.000541418516513265,0.160076700993237,1,0,0.0640388860508819,30.35
"46089",0,0,0,0,0.0299399582786358,1.85
"46091",0,0,0,0,0.0365347809544866,4.52
"46093",9.36066647945334e-05,0.0276759025306102,1,0,0.122352929918453,72
"46095",0,0,0,0,0.0248997214392039,0.8
"46097",0,0,0,0,0.0469784035627892,11.71
"46099",0.00211825260657252,0.626286096223949,1,0,0.22914492067005,92.87
"46101",0,0,0,0,0.0414084172230286,7.57
"46102",0.00119260584376863,0.352607831525949,1,0,0.029023149852313,1.5
"46103",0.00124658919345679,0.368568638670662,1,0,0.208605487572264,90.74
"46105",0,0,0,0,0.0493625304146699,14.29
"46107",0,0,0,0,0.0363771151651738,4.39
"46109",0,0,0,0,0.0453607868064877,10.37
"46111",0,0,0,0,0.0280981598847301,1.21
"46115",0,0,0,0,0.0379656411541642,5.44
"46117",0,0,0,0,0.0558374038901146,20.94
"46119",0,0,0,0,0.0281389591379269,1.24
"46121",0,0,0,0,0.0242769054945642,0.64
"46123",0,0,0,0,0.059893594129979,25.14
"46125",0.00294290759270159,0.870104963903791,1,0,0.0545558809419024,19.57
"46127",0.00406729524865964,1.20254329232006,1,1,0.140706882194528,77.89
"46129",0,0,0,0,0.0628612703671508,28.89
"46135",0.000616311716770527,0.18221974940838,1,0,0.109858585021227,66.78
"46137",0,0,0,0,0.032017280516871,2.39
"47001",0.000502755097936693,0.148645410215234,1,0,0.114667901666479,69.07
"47003",0.000194931773879142,0.0576338531646215,1,0,0.0967822554943275,59.27
"47005",0.00019712201852947,0.0582814245484937,1,0,0.0907257471023417,55.04
"47007",0,0,0,0,0.0785949239423887,44.61
"47009",0.00105216872389208,0.311085958591854,1,0,0.171216853888467,85.46
"47011",0.000564900828521215,0.167019520500287,1,0,0.148233276521507,80.24
"47013",9.1082976591675e-05,0.0269297446702348,1,0,0.10317089998024,63.19
"47015",0,0,0,0,0.0931157170591835,56.73
"47017",0.000221459417561732,0.0654770605103551,1,0,0.0834479900625465,49.6
"47019",0.000139450564774787,0.0412301864083821,1,0,0.102922380877907,63.06
"47021",0.000589324802155245,0.174240753253204,1,0,0.111406412435042,67.58
"47023",0.000634920634920635,0.187721693164767,1,0,0.0811726774147209,47.31
"47025",0.000392387679026879,0.116013995187172,1,0,0.076416688668318,42.76
"47027",0,0,0,0,0.0649058126118869,31.34
"47029",0.000504897505806321,0.149278838096793,1,0,0.0782582327858648,44.38
"47031",0.0013872441211301,0.410154909020972,1,0,0.129615284687431,74.86
"47033",0.000416146483562214,0.123038562935709,1,0,0.0603725900926536,25.8
"47035",0.00043271311120727,0.127936679677416,1,0,0.127156535540001,73.85
"47037",0.00430229504075901,1.27202372253442,1,1,0.342817484593527,98.73
"47039",0.000238379022646007,0.0704795391500616,1,0,0.101158514496712,62.17
"47041",0.00014494854326714,0.0428557278931017,1,0,0.0668384301090279,33.38
"47043",0.000324089078198065,0.0958207170304902,1,0,0.127084347424945,73.78
"47045",0.000370331181885515,0.109492734480032,1,0,0.0805031924729564,46.52
"47047",0.00081374321880651,0.240592676366236,1,0,0.140804081045643,77.95
"47049",0.000283687943262411,0.0838756501374492,1,0,0.0718225998741929,38.69
"47051",0.000963457435826853,0.284857431304323,1,0,0.0906477012640262,54.98
"47053",0.000173250173250173,0.0512234349851886,1,0,0.103995317397741,63.7
"47055",0.000617501764290755,0.182571600841704,1,0,0.0930627172211523,56.7
"47057",0,0,0,0,0.0702031453459894,37.03
"47059",0.000809859154929577,0.239444307566679,1,0,0.109077565209573,66.31
"47061",0.000675904021628929,0.199838909587366,1,0,0.0706578872724868,37.45
"47063",0.000161943319838057,0.0478804318598394,1,0,0.118699329646012,70.66
"47065",0.00188206533397553,0.556454573546444,1,0,0.269289029406294,95.96
"47067",0,0,0,0,0.0540413967502172,18.87
"47069",0.000514601826836485,0.152148033827098,1,0,0.0655578374617049,31.98
"47071",0.0010250102501025,0.303056238965261,1,0,0.0890573563855713,53.39
"47073",0.000571837026447462,0.169070288339962,1,0,0.0794464377576031,45.47
"47075",0.000106382978723404,0.0314533688015434,1,0,0.0494888512613707,14.48
"47077",0.000620796689084325,0.183545783797936,1,0,0.0760927316618955,42.44
"47079",0.000278765070736637,0.0824201454413571,1,0,0.108989599193639,66.24
"47081",0.00112338513387006,0.332141921064791,1,0,0.0952441424956031,58.42
"47083",0,0,0,0,0.0892059285480427,53.64
"47085",0.000145201103528387,0.0429304002808927,1,0,0.0714101304599323,38.28
"47087",0,0,0,0,0.0832958316296549,49.41
"47089",0.00100986099560413,0.298577185130488,1,0,0.086229546823327,51.42
"47091",0.000983477576711251,0.290776619526464,1,0,0.0688378745578593,35.83
"47093",0.00247041952956688,0.730408355645223,1,0,0.272322813655362,96.21
"47095",0.00201207243460765,0.594892689606657,1,0,0.0472475097900643,11.93
"47097",0.000392772977219167,0.116127913092894,1,0,0.0516419708934147,16.51
"47099",0.000209672910259994,0.0619922421165449,1,0,0.0945448861775011,57.75
"47101",0.00025953802232027,0.076735444260189,1,0,0.0814126040825639,47.85
"47103",0.000742390497401633,0.219496411829628,1,0,0.0848885466207662,50.37
"47105",0.000701393434957449,0.207375152016161,1,0,0.116076108512156,69.62
"47107",0.00217336365933788,0.642580321940048,1,0,0.0957226047248362,58.67
"47109",0.000296779937676213,0.0877464510267127,1,0,0.097093795746896,59.4
"47111",0.00013728720483251,0.0405905638021016,1,0,0.0741458005038662,40.73
"47113",0.000624739691795085,0.184711578551338,1,0,0.152644094448498,81.36
"47115",0.000209731543624161,0.0620095777547207,1,0,0.0819564123478467,48.39
"47117",0.000793370944992948,0.234569375935347,1,0,0.0976647577620452,59.75
"47119",0.00113970740602594,0.336967791255294,1,0,0.167154389864576,84.54
"47121",0.000816326530612245,0.241356462640415,1,0,0.054370074480523,19.25
"47123",0.000573263013070397,0.16949189792164,1,0,0.0781288574771394,44.23
"47125",0.000933694181326116,0.276057577871192,1,0,0.16904983549174,84.95
"47127",0.0010924981791697,0.323009832557729,1,0,0.0443007410733858,9.45
"47129",0,0,0,0,0.0549600228854839,20.04
"47131",0.00220929376242728,0.653203476105402,1,0,0.0830587154145945,49.09
"47133",0.000274612110394068,0.081192274264591,1,0,0.0949051913270833,58.16
"47135",0,0,0,0,0.055857141346382,20.97
"47137",0,0,0,0,0.0811990641033063,47.47
"47139",0,0,0,0,0.0797303373006178,45.85
"47141",0.000961194563662375,0.284188386748566,1,0,0.145411582796675,79.35
"47143",0.000661035622475211,0.195442893911904,1,0,0.0594424088413609,24.75
"47145",0.000373500163406321,0.110429680838324,1,0,0.0782480197814605,44.35
"47147",0.000443754160195252,0.1312010946237,1,0,0.124486059765031,72.99
"47149",0.000940772735341104,0.278150434949333,1,0,0.209576453929985,90.93
"47151",0.00161740920452875,0.478205901202704,1,0,0.0686695555234957,35.6
"47153",0.000678272665611576,0.200539226815176,1,0,0.0854173800645573,50.84
"47155",0.000354945575011832,0.104943800308037,1,0,0.135373615000506,76.52
"47157",0.00233462465926729,0.690259017958451,1,0,0.278498568367205,96.6
"47159",0.000984251968503937,0.291005577494595,1,0,0.0678001605226647,34.65
"47161",0.000841750841750842,0.248873456847229,1,0,0.0622037347916904,28
"47163",0.000670959084398911,0.198376881204042,1,0,0.162788252201782,83.61
"47165",0.00235874633987637,0.697390874251768,1,0,0.22477913935912,92.46
"47167",0.0004739336492891,0.140124012670383,1,0,0.102786734886617,63.03
"47169",0,0,0,0,0.0606459760152948,26.19
"47171",0.000518941359626362,0.153431067324602,1,0,0.0604115705230078,25.99
"47173",0,0,0,0,0.0901654897158565,54.66
"47175",0.00383729854182655,1.13454208263434,1,1,0.093449565406524,57.11
"47177",0.000428816466552316,0.12678459122406,1,0,0.103515100369514,63.47
"47179",0.00136640593410577,0.403993855913635,1,0,0.160680186190266,83.11
"47181",0.000211461196870374,0.0625209699163689,1,0,0.0623140083328641,28.19
"47183",0.000314564328405159,0.0930046136314905,1,0,0.0865582697862306,51.77
"47185",0.000816802800466744,0.241497277379412,1,0,0.0855256474366506,50.94
"47187",0.00756635925284397,2.23708238780792,1,1,0.330005927973763,98.38
"47189",0.00107495095536266,0.317821791120377,1,0,0.158044891580264,82.5
"48001",0.00104049249978323,0.307633746710665,1,0,0.14044803261598,77.82
"48003",0.000350099194771852,0.103510911448655,1,0,0.0614536814416096,27.14
"48005",0.00035228988424761,0.104158614350355,1,0,0.12903592949007,74.55
"48007",0.00181605915164094,0.536939075662617,1,0,0.12953541028367,74.8
"48009",0.000405022276225192,0.119749561253345,1,0,0.061834412412777,27.59
"48011",0.00137931034482759,0.407809195495874,1,0,0.0543539613398101,19.19
"48013",0.000292226767971946,0.0864002532830241,1,0,0.0837207161670538,49.79
"48015",0.00284937184302551,0.842450028255302,1,0,0.16384634173601,83.96
"48017",0.000309501702259362,0.0915077891471706,1,0,0.0461025267564199,10.98
"48019",0.000974279033515199,0.28805696291359,1,0,0.109227615523336,66.53
"48021",0.000644560624507627,0.190571868553361,1,0,0.152496898977634,81.29
"48023",0,0,0,0,0.0590713847496852,24.21
"48025",0.00010275380189067,0.030380360330303,1,0,0.076269348701904,42.6
"48027",0.000689176014433475,0.203762929100847,1,0,0.118485684628258,70.54
"48029",0.00422526558014321,1.24924906382109,1,1,0.261445595638976,95.51
"48031",0.00307929176289453,0.91042853497924,1,0,0.116405186288828,69.74
"48033",0.00184842883548983,0.546509550341051,1,0,0.0629312952776115,29.05
"48035",0.000781860828772478,0.231166275789295,1,0,0.0817307171662304,48.27
"48037",0.00175931687013238,0.520162558137477,1,0,0.145817353909048,79.64
"48039",0.000773020189881868,0.228552437759899,1,0,0.172237611130151,85.65
"48041",0.00106659181811803,0.315350314670165,1,0,0.141687296344702,78.21
"48043",0.000571102227298686,0.16885303639892,1,0,0.0813384228867154,47.69
"48045",0,0,0,0,0.0551684656214054,20.33
"48047",0,0,0,0,0.0408414702910388,7.13
"48049",0.000112517580872011,0.0332671354975537,1,0,0.103746137822782,63.57
"48051",0.000173550850399167,0.051312333692209,1,0,0.0895625989415709,54.15
"48053",0.0015683199372672,0.463692086625381,1,0,0.169231649749151,84.98
"48055",0.000559418205066731,0.165398518911657,1,0,0.102418803674924,62.87
"48057",0.00322686862034903,0.954061354625677,1,0,0.0602835310254652,25.61
"48059",0.000271076172404446,0.0801468329451093,1,0,0.100048948621311,61.37
"48061",0.000430039382553981,0.127146160607389,1,0,0.141007675657521,77.98
"48063",0.000205296653664545,0.0606983507974766,1,0,0.0671579945354448,33.69
"48065",0.000138083402375035,0.0408259688945745,1,0,0.0302893097648383,1.91
"48067",0.000555987990659402,0.164384336002729,1,0,0.065717904652858,32.33
"48069",0,0,0,0,0.0351231915388455,3.69
"48071",0.00100676546391753,0.297661955072596,1,0,0.0908548431293309,55.14
"48073",0.000388586654824026,0.114890178036059,1,0,0.100146977902578,61.44
"48075",0,0,0,0,0.0675240301991151,34.36
"48077",0.00276115968706857,0.816369075198827,1,0,0.0706981048208734,37.51
"48079",0,0,0,0,0.0646546897385607,31.08
"48081",0,0,0,0,0.0557572992817318,20.78
"48083",0.000762485703393061,0.225437793926426,1,0,0.0761507519358359,42.48
"48085",0.00574230260327459,1.69777875857807,1,1,0.315446348183188,97.8
"48087",0,0,0,0,0.0538539184176638,18.64
"48089",0.000889086463658591,0.262868785716389,1,0,0.0862677281436425,51.45
"48091",0.00187476996687523,0.55429761315013,1,0,0.226077429564865,92.55
"48093",0,0,0,0,0.0722867150589919,39.13
"48095",0.0407378939277479,12.0446336179315,1,1,0.0672710806193587,33.88
"48097",0.00466571231642013,1.3794722799765,1,1,0.111252654472763,67.55
"48099",0.000691363714927695,0.204409748275284,1,0,0.108353220017674,65.99
"48101",0.000928505106778087,0.274523367441512,1,0,0.103342931636325,63.38
"48103",0,0,0,0,0.0420828271442675,7.99
"48105",0.000620347394540943,0.183412944624385,1,0,0.0569529120057452,22.14
"48107",0,0,0,0,0.0566579098633118,21.86
"48109",0,0,0,0,0.0398578793952334,6.75
"48111",0.000154918667699458,0.0458035115003111,1,0,0.0492427741780937,14.19
"48113",0.00491063394040734,1.45188621554388,1,1,0.447203021044342,99.9
"48115",0.00306372549019608,0.905826184848371,1,0,0.0673495700222573,34.08
"48117",0.000478514690400995,0.141478450920905,1,0,0.0413887339117599,7.54
"48119",0,0,0,0,0.0656441860422299,32.1
"48121",0.00223732755081516,0.661491992705047,1,0,0.294770382622649,97.14
"48123",0.000875985483669128,0.258995328136849,1,0,0.0675469606893718,34.43
"48125",0,0,0,0,0.068372180297436,35.16
"48127",0,0,0,0,0.0540144896411039,18.84
"48129",0,0,0,0,0.056535192790784,21.7
"48131",0.00023696682464455,0.0700620063351916,1,0,0.0496384697290208,14.6
"48133",0.00392441860465116,1.16030014561508,1,1,0.0961208708942506,58.96
"48135",0.000260853785782335,0.0771244650784114,1,0,0.142035819551804,78.27
"48137",0,0,0,0,0.0691301869462308,36.14
"48139",0.000969331430571636,0.286594146380955,1,0,0.180634213371962,86.89
"48141",0.000645302199984116,0.190791123994749,1,0,0.188992503441449,88.42
"48143",0.000495718792248761,0.146565044347886,1,0,0.11037311524073,67.17
"48145",0,0,0,0,0.0604129125073905,26.03
"48147",0.00114887505983724,0.339678315061187,1,0,0.0900462643287875,54.5
"48149",0.00115013713173494,0.340051461341998,1,0,0.115997727059355,69.58
"48151",0.000859845227858985,0.254223273202501,1,0,0.0453451976029668,10.31
"48153",0.00101522842639594,0.300164128664476,1,0,0.0396437489471018,6.46
"48155",0,0,0,0,0.060303831532394,25.68
"48157",0.0015143291722784,0.447729087060519,1,0,0.236140628414271,93.73
"48159",0.00092378752886836,0.273128560493772,1,0,0.0438056784357576,9
"48161",0.00136309422388823,0.403014710150974,1,0,0.0672384799785389,33.82
"48163",0.000131752305665349,0.0389541062891315,1,0,0.0426996997966856,8.56
"48165",0.000459717273876566,0.13592077542099,1,0,0.0809071652395167,46.93
"48167",0.000871304796358643,0.257611428325168,1,0,0.158861545266786,82.76
"48169",0.000505050505050505,0.149324074108338,1,0,0.046611222732556,11.49
"48171",0.00284206252537556,0.840288943216223,1,0,0.150436691968531,80.78
"48173",0,0,0,0,0.048254172319719,13.01
"48175",0.00111982082866741,0.331088092647826,1,0,0.0644795937692199,30.89
"48177",0.000444592641991775,0.131449001549187,1,0,0.0500728464369455,14.89
"48179",0.00126801152737752,0.374902401623008,1,0,0.0688092628112741,35.76
"48181",0.000828052386987748,0.244823348880286,1,0,0.162393091697628,83.49
"48183",0.000703695615248356,0.208055818478094,1,0,0.182931826232463,87.5
"48185",0.000409962078507738,0.121210071429541,1,0,0.0913151742398566,55.58
"48187",0.000535723852211647,0.158393007054327,1,0,0.150756710835682,80.81
"48189",0.000387476751394916,0.114562022138294,1,0,0.0774298271899668,43.62
"48191",0.000944287063267233,0.279189487001424,1,0,0.063623506859191,29.81
"48193",0.00168918918918919,0.499428491105588,1,0,0.04784018685812,12.54
"48195",0,0,0,0,0.0453473396467886,10.34
"48197",0,0,0,0,0.040336174491425,6.97
"48199",0.000545293436030264,0.161222366156095,1,0,0.103998964542966,63.73
"48201",0.00324382968366112,0.959076090874119,1,0,0.357092884855482,98.98
"48203",0.00121716596646904,0.359869318338755,1,0,0.117837975043301,70.35
"48205",0,0,0,0,0.034405217547311,3.37
"48207",0,0,0,0,0.055796885214215,20.81
"48209",0.00113030399708309,0.334187563694262,1,0,0.217244869663666,91.63
"48211",0.00536992840095465,1.58768198127123,1,1,0.0699119418876943,36.88
"48213",0.00103846473373764,0.307034214021879,1,0,0.125329649001818,73.31
"48215",0.000502292439330666,0.148508619800647,1,0,0.151663508363852,81.04
"48217",0.000224282296650718,0.0663116776467946,1,0,0.0871888748077386,52.18
"48219",0.0003942828979793,0.116574338781472,1,0,0.0464751402069902,11.36
"48221",0.0014335633007795,0.42384971487789,1,0,0.152859796710982,81.48
"48223",0.000122376552652512,0.0361820555264649,1,0,0.109246436942665,66.56
"48225",0.00185078079814922,0.547204935541022,1,0,0.165559324464954,84.16
"48227",0.000920093424870833,0.272036355548773,1,0,0.0982207406963579,60.17
"48229",0,0,0,0,0.0426490953284743,8.53
"48231",0.000362713093942691,0.107240357901526,1,0,0.122818610964836,72.19
"48233",0,0,0,0,0.0494441821171114,14.44
"48235",0,0,0,0,0.0368643811523842,4.68
"48237",0.000359712230215827,0.106353117530399,1,0,0.0632278992494266,29.43
"48239",0.000151217299259035,0.0447091587380173,1,0,0.0500340362229987,14.86
"48241",0.00214192587073943,0.633285372964583,1,0,0.0765312244414758,42.83
"48243",0,0,0,0,0.0573947829562822,22.49
"48245",0.000640027928491425,0.189231724094409,1,0,0.171099866139358,85.36
"48247",0.000527148128624143,0.155857494324991,1,0,0.0412711623114786,7.51
"48249",0.00077023343998104,0.227728502639448,1,0,0.0609767276954726,26.54
"48251",0.000788022064617809,0.23298791704847,1,0,0.171878772573626,85.59
"48253",0.00077639751552795,0.229550983489525,1,0,0.0695311259844476,36.53
"48255",0.00029218407596786,0.0863876308939396,1,0,0.0559533010751361,21.13
"48257",0.00017093367773304,0.0505385360596098,1,0,0.174361940889124,85.84
"48259",0.00473264696114248,1.39926228859739,1,1,0.195312382236168,89.18
"48261",0,0,0,0,0.0138784492326736,0.06
"48263",0.0018018018018018,0.532723723845961,1,0,0.0593584999965557,24.59
"48265",0.00177358653804559,0.524381551936447,1,0,0.142409869176839,78.43
"48267",0.00061012812690665,0.180391498922824,1,0,0.0726075506814885,39.45
"48269",0,0,0,0,0.0336355655138787,2.86
"48271",0.00343347639484979,1.01514735359488,1,1,0.0438929733404141,9.07
"48273",0.000285022089211914,0.0842701059525462,1,0,0.0707181565709991,37.54
"48275",0.000766283524904215,0.226560664164374,1,0,0.0319754576137799,2.35
"48277",0.000560246508463724,0.165643416474573,1,0,0.108154504006555,65.86
"48279",0,0,0,0,0.0396954876981942,6.55
"48281",0.00124863430622756,0.369173300121128,1,0,0.0869698728053187,51.99
"48283",0.00028169014084507,0.0832849765449319,1,0,0.0445695521670995,9.67
"48285",0.000823949464432848,0.243610271959221,1,0,0.0725183621401015,39.33
"48287",0.000626174076393237,0.185135671092366,1,0,0.0667740168822533,33.34
"48289",0.000148323939483833,0.0438537031644183,1,0,0.0537829867703502,18.55
"48291",0.000470680525593254,0.139162188696376,1,0,0.099454261698689,60.87
"48293",9.85804416403785e-05,0.0291464576828183,1,0,0.0559638723035591,21.16
"48295",0,0,0,0,0.0387823841310297,5.95
"48297",0.00161401890707863,0.477203520207876,1,0,0.051180273163173,15.88
"48299",0.00231347599768652,0.684006169426277,1,0,0.10398193843612,63.67
"48301",0,0,0,0,0.0147945230449842,0.1
"48303",0.00139625155702326,0.41281806253015,1,0,0.198974696739842,89.5
"48305",0,0,0,0,0.0595260417401109,24.79
"48307",0.000358551452133381,0.106009919947834,1,0,0.056822144315947,21.99
"48309",0.00187367342457733,0.553973407626686,1,0,0.18622714341052,88.07
"48311",0.00249687890137328,0.738231377614253,1,0,0.0494247690219895,14.38
"48313",0.000558451228592703,0.165112621035652,1,0,0.0448866547094598,9.9
"48315",0.000367917586460633,0.108779126833888,1,0,0.0592902632048692,24.47
"48317",0.000352236703064459,0.104142890713106,1,0,0.0485549617131814,13.39
"48319",0.000617665225447807,0.182619930039845,1,0,0.0841638516914401,49.98
"48321",0.000372079178449174,0.110009550057489,1,0,0.0796152761570467,45.78
"48323",0.00115489444264794,0.341458015815712,1,0,0.0857919854709321,51.16
"48325",0.00163580935385531,0.483646120020759,1,0,0.0852849820941992,50.68
"48327",0,0,0,0,0.0623431301132774,28.22
"48329",0.00169238427078148,0.500373154254519,1,0,0.131728221458157,75.5
"48331",0.000273410799726589,0.0808370927503782,1,0,0.0889383808715944,53.32
"48333",0.000601684717208183,0.177895106338453,1,0,0.0620707231071961,27.81
"48335",0.00043271311120727,0.127936679677416,1,0,0.0381738851468131,5.63
"48337",0.000162892979312592,0.0481612097629106,1,0,0.0927162079227106,56.54
"48339",0.00255158600423135,0.754406170827485,1,0,0.240185189811945,94.24
"48341",0.000201369311316955,0.0595371862131511,1,0,0.0399375824396065,6.84
"48343",0.000251067034898318,0.0742308980001276,1,0,0.0463534805715697,11.07
"48345",0,0,0,0,0.074840382838447,41.33
"48347",0.00172817696532125,0.510955681979065,1,0,0.109885662763847,66.82
"48349",0.00162823677714166,0.481407199368126,1,0,0.109417857171689,66.66
"48351",0,0,0,0,0.0481242979729602,12.95
"48353",0.000142348754448399,0.0420870699977948,1,0,0.0630181868151634,29.18
"48355",0.000866116854960834,0.256077552924571,1,0,0.194388632072157,88.96
"48357",0.000191021967526266,0.0564778733017208,1,0,0.0485302444177721,13.27
"48359",0,0,0,0,0.0264223403953265,0.95
"48361",0.000904289951530059,0.267363874280645,1,0,0.110260536084452,67.07
"48363",0.00101564086938858,0.300286072247114,1,0,0.102359885164852,62.77
"48365",0.000227920227920228,0.0673872744694036,1,0,0.0762865507341498,42.63
"48367",0.00215213648458288,0.636304260071919,1,0,0.19869831079061,89.47
"48369",0.000357270453733476,0.105631177825834,1,0,0.0339744266685108,3.05
"48371",0.00016246953696182,0.0480360140917154,1,0,0.0684277374783476,35.25
"48373",0.00265097633518686,0.783792081735086,1,0,0.084175619348171,50.02
"48375",0.00114157938095799,0.337521262483786,1,0,0.186228689629299,88.1
"48377",0.000364830353885443,0.107866350505111,1,0,0.0656689316386183,32.23
"48379",0.000676818950930626,0.20010941910965,1,0,0.0795308515841122,45.69
"48381",0.00249426992045301,0.737460001966887,1,0,0.165216417534253,84.12
"48383",0,0,0,0,0.0515357876884526,16.39
"48385",0,0,0,0,0.0565609065999209,21.73
"48387",0,0,0,0,0.0567778784779698,21.95
"48389",0.000118708452041785,0.0350975387861477,1,0,0.0569006816256886,22.08
"48391",0.00134907251264755,0.398869027635087,1,0,0.0453066479418004,10.21
"48393",0.0028735632183908,0.849602490616403,1,0,0.0606703320520723,26.28
"48395",0.000671772134891845,0.198617269067922,1,0,0.0614657441849234,27.17
"48397",0.00170715152512392,0.504739265286497,1,0,0.202450097903525,90.17
"48399",0.00107296137339056,0.3172335479984,1,0,0.047442617475705,12.25
"48401",0.0006553509404286,0.193762151343147,1,0,0.0901917781999235,54.69
"48403",0,0,0,0,0.0562965484077555,21.29
"48405",0.00042247570764681,0.124909871877697,1,0,0.0334169690943133,2.8
"48407",0.000271370420624152,0.0802338308641814,1,0,0.0994155331265001,60.83
"48409",0.00016169455897809,0.0478068828093635,1,0,0.0905564443123937,54.88
"48411",0.00101112234580384,0.29895011803287,1,0,0.0570441663544878,22.27
"48413",0,0,0,0,0.0513457822682457,16.1
"48415",0.000557025483915889,0.164691082988168,1,0,0.0569002547020467,22.05
"48417",0.00304506699147381,0.900309582017382,1,0,0.0570386502323898,22.24
"48419",0.000698742263924935,0.20659130236989,1,0,0.058581667659905,23.86
"48421",0,0,0,0,0.0247619008291252,0.73
"48423",0.00258232115106579,0.763493375567885,1,0,0.187429182907155,88.23
"48425",0.000443655723158829,0.131171990565443,1,0,0.0661372136624376,32.8
"48427",0.000155215231788079,0.0458911941330466,1,0,0.0757538614388242,42.25
"48429",0.0002710027100271,0.0801251129361811,1,0,0.061676578269476,27.39
"48431",0.00113378684807256,0.335217309222799,1,0,0.0397030594556743,6.62
"48433",0,0,0,0,0.0716779536830646,38.53
"48435",0.000669792364367046,0.198031926814808,1,0,0.0395277864954871,6.33
"48437",0.000394944707740916,0.116770010558653,1,0,0.0516107816009097,16.45
"48439",0.00339061934546536,1.00247616694256,1,1,0.343185946336986,98.76
"48441",0.00160198063059783,0.473644263318953,1,0,0.161931826473206,83.42
"48443",0,0,0,0,0.0453782006571919,10.44
"48445",0.000253936008125952,0.0750791434064267,1,0,0.056350365969158,21.32
"48447",0.00160771704180064,0.475340300216251,1,0,0.0490805543724013,14.06
"48449",0.000850159404888417,0.251359546639327,1,0,0.0745711790161003,41.14
"48451",0.00105136677680985,0.310848853580889,1,0,0.155655574895351,81.99
"48453",0.00601773394266989,1.7792132474546,1,1,0.400295218453179,99.62
"48455",0.00132538104705103,0.391864369429435,1,0,0.0723418733654536,39.17
"48457",0.000205044084478163,0.060623675770865,1,0,0.0656212745141671,32.07
"48459",0.000619834710743802,0.183261363678414,1,0,0.0812995384181132,47.6
"48461",0.000473709142586452,0.140057634644485,1,0,0.0245182608355223,0.67
"48463",0.000765566519224226,0.226348673069971,1,0,0.0935310542878935,57.21
"48465",0.000792218652348048,0.23422868717139,1,0,0.0810989345613643,47.22
"48467",0.000310404767817234,0.0917747910151814,1,0,0.130705144478168,75.28
"48469",0.00102077151335312,0.301803006993089,1,0,0.158547273010464,82.56
"48471",0.000624815021868526,0.184733850766407,1,0,0.0613683407216211,27.04
"48473",0.00158704453441296,0.469228232226426,1,0,0.110381928964949,67.2
"48475",0.000286574007737498,0.0847289487704566,1,0,0.0612429807941233,26.92
"48477",0.00163304008850024,0.482827354410249,1,0,0.114609833047672,69.01
"48479",0.000505994401416784,0.149603148081216,1,0,0.138584095296364,77.44
"48481",0.000193770285326745,0.0572904455233267,1,0,0.0842073299473972,50.05
"48483",0.000984251968503937,0.291005577494595,1,0,0.05589048327616,21.03
"48485",0.000855977837955614,0.253079834257758,1,0,0.136928409005056,76.96
"48487",0.000722961249277039,0.213751927945712,1,0,0.0536192679681662,18.39
"48489",0.000191828122002686,0.0567162222778646,1,0,0.0550403247182714,20.17
"48491",0.00102197240674502,0.302158065134909,1,0,0.265174608374225,95.8
"48493",0.000664783114508891,0.196550883652656,1,0,0.113452584720257,68.5
"48495",0.000438404208680403,0.129619319041871,1,0,0.0398567568003765,6.71
"48497",0.00030946578468918,0.0914971696985055,1,0,0.134355199873822,76.2
"48499",0.00030508733124857,0.0902026288565352,1,0,0.113052959310473,68.41
"48501",0,0,0,0,0.0500287152500056,14.83
"48503",0.000743310208126858,0.219768335035561,1,0,0.0813260135395583,47.66
"48505",0.000279955207166853,0.0827720231619564,1,0,0.0625458858969946,28.41
"48507",0.000329055610398157,0.0972891302186602,1,0,0.0469784606928704,11.74
"49001",0.000308832612723904,0.0913099650199223,1,0,0.0520405264589761,16.83
"49003",0.000567902169386287,0.167906901942893,1,0,0.0995486790344012,61.15
"49005",0.00130580148947467,0.386075444802483,1,0,0.194538586353163,89.02
"49007",0.000639795265515035,0.189162934571023,1,0,0.0767664663381443,43.05
"49009",0,0,0,0,0.0548080424158155,19.89
"49011",0.00231675849937791,0.68497667934741,1,0,0.237463023888213,93.89
"49013",0.000306247447937934,0.0905456308905191,1,0,0.0795009690230447,45.59
"49015",0.000488519785051295,0.14443657388105,1,0,0.0454720647962353,10.5
"49017",0.000353606789250354,0.104547972678398,1,0,0.0514417626261083,16.26
"49019",0,0,0,0,0.102246376177419,62.68
"49021",0.0010477635667317,0.309783522483588,1,0,0.157581448050298,82.31
"49023",0.000578034682080925,0.170902697534398,1,0,0.0771637601230571,43.43
"49025",0.000224014336917563,0.0662324522254723,1,0,0.0758272767896485,42.35
"49027",0.000645265365381513,0.19078023341475,1,0,0.0604386179904026,26.06
"49029",0.0028765690376569,0.850491196150521,1,0,0.112114003179927,67.9
"49031",0,0,0,0,0.0339068025026145,3.02
"49033",0.00141643059490085,0.418784230502136,1,0,0.0685575480213864,35.48
"49035",0.00349131495575544,1.03224799891377,1,1,0.451772492094345,99.94
"49037",0.000391159788773714,0.115650955108355,1,0,0.0564674790811421,21.64
"49039",9.37207122774133e-05,0.0277096219994853,1,0,0.100882545265057,61.92
"49041",0.000548897630591895,0.162287988327422,1,0,0.0940985274506397,57.43
"49043",0.00405053251756175,1.19758719530463,1,1,0.208659366958437,90.77
"49045",0.000435672896789091,0.128811774815714,1,0,0.133416838456069,75.85
"49047",0.000245248313917842,0.072510525256777,1,0,0.112235497860096,67.99
"49049",0.00227048285408962,0.671294744932261,1,0,0.337672588062677,98.63
"49051",0.00265823694230907,0.785938764938344,1,0,0.209337038112236,90.87
"49053",0.00239900701970315,0.709294413953219,1,0,0.244606019366958,94.65
"49055",0,0,0,0,0.0535195827945055,18.29
"49057",0.00219880549320957,0.650102496947334,1,0,0.200774306487709,89.88
"50001",0.00408462505236699,1.20766705096835,1,1,0.159115137960925,82.79
"50003",0.00315685970087461,0.933362400807587,1,0,0.163567450781214,83.87
"50005",0.000779848709350386,0.23057136920729,1,0,0.152193545182699,81.2
"50007",0.00266498112305038,0.787932760657077,1,0,0.271654487702705,96.18
"50009",0,0,0,0,0.0750483515242066,41.62
"50011",0.000542781012533307,0.160479538837442,1,0,0.107207087267199,65.42
"50013",0.00213561131873999,0.631418401995747,1,0,0.131545952384067,75.47
"50015",0.00130691979639565,0.386406085290663,1,0,0.154106434328362,81.67
"50017",0.000568828213879408,0.168180697801199,1,0,0.128348148957449,74.32
"50019",0.000545213801697952,0.161198821336674,1,0,0.115520708999121,69.39
"50021",0.000864872344841901,0.255709598988539,1,0,0.16966987649531,85.11
"50023",0.00196850393700787,0.58201115498919,1,0,0.174476275245699,85.87
"50025",0.00141002778584166,0.416891165303914,1,0,0.182600345504564,87.4
"50027",0.00149329836829837,0.441511084503017,1,0,0.187154250394451,88.16
"51001",0.000192826841496336,0.0570115053479576,1,0,0.0871150511607398,52.12
"51003",0.00298627385336458,0.882926704811454,1,0,0.156097034044607,82.09
"51005",0,0,0,0,0.0846528359438252,50.3
"51007",0.000311526479750779,0.0921064382350493,1,0,0.0882847329950787,52.88
"51009",0.000214822771213749,0.0635148585895829,1,0,0.0899442949585358,54.47
"51011",0.000226603217765692,0.0669978850520073,1,0,0.078038720991997,44.19
"51013",0.00450211470475945,1.33110273743912,1,1,0.184748365833812,87.85
"51015",0.000659967001649918,0.195126943697591,1,0,0.116333829093104,69.68
"51017",0,0,0,0,0.0704997775065165,37.29
"51019",0.00298547971230832,0.882691907743138,1,0,0.168946477238918,84.89
"51021",0,0,0,0,0.0521049963089477,16.86
"51023",0.00068207654414551,0.201663887882575,1,0,0.115605545229881,69.42
"51025",0,0,0,0,0.0616893941902036,27.46
"51027",0.00015382248884787,0.0454794134340114,1,0,0.0577194135121812,22.69
"51029",0,0,0,0,0.0606536238229746,26.25
"51031",0.00043058080566453,0.127306238666662,1,0,0.116901533272261,69.9
"51033",0.00025442055718102,0.0752224059876627,1,0,0.0803853524117032,46.48
"51035",0.000294811320754717,0.0871644064665414,1,0,0.0967778982898297,59.24
"51036",0,0,0,0,0.0720385424086808,38.85
"51037",0.000309119010819165,0.091394641958117,1,0,0.0766039928456498,42.89
"51041",0.00158461016740142,0.468508483218353,1,0,0.211677778531832,91.06
"51043",0.00083108248493663,0.245719232690221,1,0,0.104277354251808,63.92
"51045",0,0,0,0,0.0844987393692966,50.21
"51047",0.000424200646905987,0.125419870294081,1,0,0.117267838369159,70.03
"51049",0,0,0,0,0.0756396596996741,42.16
"51051",0,0,0,0,0.0445469597074144,9.64
"51053",0.0195370940772683,5.77636979803404,1,1,0.0689428307481534,35.92
"51057",0.000492610837438424,0.145646141248526,1,0,0.0832258561392402,49.35
"51059",0.00273341965184865,0.808167410150433,1,0,0.219237343950566,91.85
"51061",0.00135293908213764,0.400012224015072,1,0,0.177720216724769,86.54
"51063",0.000434027777777778,0.128325376186853,1,0,0.0946431555909896,57.84
"51065",0.000496688741721854,0.146851821225749,1,0,0.0967652920944097,59.21
"51067",0.00071432496291005,0.211198509124051,1,0,0.125022341009445,73.18
"51069",0.0004383030750421,0.129589417701808,1,0,0.132332376809898,75.63
"51071",0,0,0,0,0.0554158037517121,20.49
"51073",0.000603708495040966,0.178493459865594,1,0,0.139134346981929,77.54
"51075",0.00133617063393873,0.395054436672031,1,0,0.075567908246406,42
"51077",0.000244498777506112,0.0722889160720069,1,0,0.0578436693999334,22.81
"51079",0.000405022276225192,0.119749561253345,1,0,0.0959107353652753,58.83
"51081",0,0,0,0,0.0446535874620349,9.77
"51083",0.000300210147102972,0.0887606324630767,1,0,0.089358626778822,53.87
"51085",0.000659226099221193,0.194907887250626,1,0,0.188898080993134,88.39
"51087",0.00371128249181973,1.09728396725402,1,1,0.311459089638279,97.71
"51089",0.000168104897456013,0.0497021741680783,1,0,0.108909701748898,66.21
"51091",0.00109769484083425,0.324546286206925,1,0,0.0663883119072118,33.03
"51093",0.000256607646907878,0.0758690445816034,1,0,0.0982979373936164,60.23
"51095",0.00233460675519981,0.690253724412017,1,0,0.159472691893311,82.91
"51097",0,0,0,0,0.0870529359009945,52.05
"51099",0.00012853470437018,0.0380027849273147,1,0,0.0503183725274698,14.95
"51101",0.00040908161178155,0.120949751169772,1,0,0.0806184167250433,46.68
"51103",0.000733675715333822,0.216919784838231,1,0,0.11204129992767,67.83
"51105",0.000208376745155241,0.0616090157813103,1,0,0.0604099921068509,25.96
"51107",0.00153681983181627,0.454378712945447,1,0,0.2413469367485,94.4
"51109",0.000341093203717916,0.100848185123052,1,0,0.0897995836918268,54.34
"51111",0,0,0,0,0.0730282348211535,39.87
"51113",0.00100578325370883,0.297371553165208,1,0,0.0981618160768914,60.1
"51115",0.000985221674876847,0.291292282497053,1,0,0.0625143825770434,28.38
"51117",0.000154679040989946,0.0457326630679827,1,0,0.0921801926828196,55.93
"51119",0.000518806744487678,0.153391266788331,1,0,0.083121294929433,49.22
"51121",0.000654932460090053,0.193638422748757,1,0,0.122243329640464,71.94
"51125",0.000206568890725057,0.0610745025272688,1,0,0.0808632237254926,46.87
"51127",0.000690226394257316,0.204073486150268,1,0,0.0891013115614961,53.55
"51131",0.000347886588971995,0.102856728730043,1,0,0.0620832687235178,27.84
"51133",0.00066423115244105,0.196387689627704,1,0,0.0844007475059067,50.14
"51135",0,0,0,0,0.0455256997807838,10.59
"51137",0.00025879917184265,0.0765169944965084,1,0,0.0947824954594764,58.03
"51139",0.000155062800434176,0.0458461260248889,1,0,0.0815189466007315,47.92
"51141",0,0,0,0,0.0705599703326043,37.35
"51143",0.000397245762711864,0.117450344306611,1,0,0.100144848150808,61.41
"51145",0.000730231587732109,0.215901488331062,1,0,0.123054499325651,72.32
"51147",0,0,0,0,0.0775254835981629,43.75
"51149",8.70246279697154e-05,0.0257298465524766,1,0,0.0480638447281762,12.79
"51153",0.00058577551458349,0.173191364974019,1,0,0.211288191872625,91.03
"51155",0.000185448476231687,0.0548300055760354,1,0,0.0693640487933375,36.33
"51157",0.000992555831265509,0.293460711399016,1,0,0.0897849429132676,54.28
"51159",0.000314663310258024,0.0930338787710851,1,0,0.0694450896570328,36.4
"51161",0.00232603217677845,0.687718550264412,1,0,0.171214786737431,85.43
"51163",0.000285836787194512,0.0845109809159664,1,0,0.0953987410317989,58.45
"51165",0.00066257230957417,0.195897233380832,1,0,0.115950126657119,69.52
"51167",0.000433714037877693,0.128232615325072,1,0,0.0663987955686254,33.06
"51169",0.000363240101707228,0.107396173895572,1,0,0.0581702162092522,23.26
"51171",0.000325860271115746,0.0963443908806401,1,0,0.0887041948789085,53.26
"51173",0.000238265427686443,0.0704459534749841,1,0,0.0525892016091346,17.44
"51175",0.000458820830465703,0.135655731468001,1,0,0.06645749871482,33.12
"51177",0.000759790942371008,0.224641056391195,1,0,0.199751923038228,89.6
"51179",0.000400503490101842,0.118413529416498,1,0,0.161332147271924,83.2
"51181",0,0,0,0,0.0531572397321671,17.94
"51183",0.000273373428102788,0.0808260433937967,1,0,0.0703133016693796,37.1
"51185",0.000661769571835087,0.195659894602944,1,0,0.0877407500102719,52.62
"51187",0.000533724731469744,0.157801943683773,1,0,0.121321746381782,71.62
"51191",0.00121175401393517,0.358269211432303,1,0,0.109960809707678,66.88
"51193",0.000725864989112025,0.214610452505087,1,0,0.0729394713920314,39.8
"51195",8.38433805651044e-05,0.0247892736425344,1,0,0.0615981855396519,27.27
"51197",0.000236817177139249,0.0700177613043515,1,0,0.0838836318756412,49.86
"51199",0.000334871260604257,0.0990085950517404,1,0,0.125005355534719,73.15
"51510",0.00420389436480583,1.2429304146743,1,1,0.244135448226974,94.56
"51520",0.000269541778975741,0.0796931716265521,1,0,0.0935647487657278,57.27
"51530",0,0,0,0,0.055015263439858,20.11
"51540",0.00736908517350158,2.17875600470603,1,1,0.200295795620275,89.72
"51550",0.000389576660029435,0.115182884625166,1,0,0.22257883721565,92.24
"51570",0.00019392999127315,0.0573376644496283,1,0,0.105880068313752,64.72
"51580",0,0,0,0,0.0609894510135005,26.57
"51590",0.000334647133189559,0.09894232916675,1,0,0.11783506262403,70.31
"51595",0,0,0,0,0.0625839774998509,28.54
"51600",0.00128695109585836,0.380502106007284,1,0,0.150996068009175,80.85
"51610",0.00164279143119989,0.485710452645729,1,0,0.117910712021608,70.38
"51620",0.000456829602558246,0.135067001706034,1,0,0.0742494834072597,40.95
"51630",0.00110934437747291,0.327990607626197,1,0,0.147557021146412,80.11
"51640",0.000318725099601594,0.0942347941783293,1,0,0.0769774112952808,43.27
"51650",0.00027116264973761,0.0801724009775675,1,0,0.132266708919476,75.6
"51660",0.00165040391464227,0.48796117218829,1,0,0.148639635355921,80.34
"51670",0.000125125125125125,0.0369947030448584,1,0,0.0791817177456128,45.15
"51678",0.000147514382652309,0.0436143482422936,1,0,0.0649642397415603,31.43
"51680",0.00118667714363604,0.350854942163178,1,0,0.147047392900085,79.92
"51683",0.000431732325957906,0.127646699075881,1,0,0.129676171105715,74.9
"51685",0.000219876868953386,0.0650091615511232,1,0,0.0891160308065884,53.58
"51690",0.000903705191284266,0.267190983091734,1,0,0.0814548653176138,47.88
"51700",0.000977006076292176,0.288863244926287,1,0,0.0986243980229932,60.32
"51710",0.00384383032657751,1.13647328100056,1,1,0.183422648960487,87.62
"51720",0,0,0,0,0.0718703589748874,38.72
"51730",0.000152427406447679,0.0450669410463392,1,0,0.100985907178147,62.07
"51735",0.0009021199819576,0.266722297460089,1,0,0.0724896821445753,39.29
"51740",5.66540139368874e-05,0.0167504201877802,1,0,0.0812013176026287,47.5
"51750",0.00272128329991406,0.804579156109375,1,0,0.0656635291477624,32.2
"51760",0.00493813672739191,1.46001773538358,1,1,0.235748124998615,93.7
"51770",0.00145892351274788,0.431347757417201,1,0,0.181311606370147,87.11
"51775",0.000224961756501395,0.066512567878725,1,0,0.121378672141103,71.68
"51790",0.000625146518715324,0.184831861676648,1,0,0.107210096723953,65.45
"51800",0.000343676355066771,0.101611923956282,1,0,0.118564431725789,70.6
"51810",0.00180321442571541,0.533141382586726,1,0,0.220131668999452,92.08
"51820",0.000193479732997968,0.057204540337527,1,0,0.114093614301722,68.66
"51830",0.000294269109100272,0.0870040952650654,1,0,0.0808041861133766,46.8
"51840",0.00128624453346073,0.38029320259115,1,0,0.0947122813125242,57.94
"53001",0,0,0,0,0.0463927406922923,11.17
"53003",0.00116670987814363,0.344951387167562,1,0,0.106757926392327,65.29
"53005",0.00110240415973836,0.325938651283299,1,0,0.135624088633728,76.65
"53007",0.000683911976505612,0.202206554873341,1,0,0.133560998303358,75.95
"53009",0.000834695510033736,0.246787465712385,1,0,0.142115414604973,78.36
"53011",0.0112203104365634,3.31741568495293,1,1,0.275243550388403,96.44
"53013",0,0,0,0,0.0509118819589502,15.59
"53015",0.000436500141862546,0.12905635947293,1,0,0.134425199411438,76.26
"53017",0.00168314748579844,0.497642191011165,1,0,0.0978004197249747,59.88
"53019",0,0,0,0,0.067857080073337,34.71
"53021",9.60384153661465e-05,0.0283948779576959,1,0,0.117221798467606,69.97
"53023",0,0,0,0,0.0440651821473993,9.26
"53025",0.000377897211958347,0.111729719541929,1,0,0.0934432926019315,57.08
"53027",0.000336574420344054,0.099512154099124,1,0,0.10322709727962,63.22
"53029",0.00320396366639141,0.947289237762091,1,0,0.156495977313719,82.15
"53031",0.000444010301038984,0.131276825652477,1,0,0.166566086045808,84.51
"53033",0.0035769644241106,1.05757126348258,1,1,0.373084831841164,99.3
"53035",0.00147097547466199,0.43491106056415,1,0,0.161631237092696,83.33
"53037",0.000825125058016606,0.243957849917598,1,0,0.109088713176396,66.37
"53039",0.00141359406290494,0.417945576724479,1,0,0.10538491286672,64.46
"53041",0.00081058297127294,0.239658312313167,1,0,0.134709965455015,76.33
"53043",0.000313087038196619,0.092567835546183,1,0,0.0547237187383448,19.79
"53045",0.000756165658445789,0.223569198903479,1,0,0.100275113144929,61.47
"53047",0.000421163464069492,0.124521891754465,1,0,0.0833490955030417,49.48
"53049",0.000262157556691572,0.0775099401584764,1,0,0.0986492903329735,60.39
"53051",0.000260145681581686,0.0769151058102259,1,0,0.070410460925671,37.19
"53053",0.00141320026509688,0.417829145808192,1,0,0.222784243801322,92.27
"53055",0.00126358352287086,0.373593210430261,1,0,0.191798546830019,88.64
"53057",0.000628577099943759,0.185846153040515,1,0,0.183035434557436,87.53
"53059",0.0010924981791697,0.323009832557729,1,0,0.0884692478902873,53.01
"53061",0.00112880861805383,0.333745437438072,1,0,0.251296935703441,95
"53063",0.00137893982808023,0.407699647896797,1,0,0.272742762786696,96.25
"53065",0.000369194417780403,0.10915663691003,1,0,0.106793372322691,65.35
"53067",0.00133180187861577,0.393762763191688,1,0,0.175909149705777,86.32
"53069",0.00819672131147541,2.42345628470909,1,1,0.0864667514080977,51.64
"53071",0.000475454653512421,0.140573715314161,1,0,0.0988993888017201,60.45
"53073",0.00250325702587009,0.740117144533619,1,0,0.244510931840765,94.62
"53075",0.000135771180304127,0.0401423334632298,1,0,0.0822483261061114,48.71
"53077",0.000390438931446732,0.115437825229581,1,0,0.110707738569632,67.36
"54001",0,0,0,0,0.0480923472541765,12.85
"54003",0.000498448014137798,0.147371970640487,1,0,0.152047692927905,81.13
"54005",0,0,0,0,0.0603794198730071,25.84
"54007",0,0,0,0,0.0585776435519032,23.83
"54009",0.000129584035246858,0.0383130318432692,1,0,0.0798910083542519,46.04
"54011",0.000373825121048134,0.110525758356321,1,0,0.163098172617966,83.68
"54013",0,0,0,0,0.0422120985722227,8.18
"54015",0,0,0,0,0.0409012975773521,7.22
"54017",0,0,0,0,0.0345933069295333,3.53
"54019",8.62515094014145e-05,0.0255012650279893,1,0,0.100415015477638,61.6
"54021",0,0,0,0,0.0451728050300711,10.02
"54023",0,0,0,0,0.0671183368117892,33.63
"54025",0.000338249222026789,0.100007328756091,1,0,0.104571335097629,64.02
"54027",0.000376151965394019,0.111213717033857,1,0,0.095222927155563,58.38
"54029",0.000198826921165126,0.0587854989033718,1,0,0.108118156988354,65.8
"54031",0.000284940874768486,0.0842460939548392,1,0,0.0660775696922812,32.71
"54033",0.000548163651766582,0.162070978924582,1,0,0.122972137547567,72.26
"54035",0.00125973431058177,0.372455145909252,1,0,0.0852646288754308,50.65
"54037",0.00120325805257312,0.355757281335488,1,0,0.130366773011745,75.21
"54039",0.000712453690510117,0.210645245607373,1,0,0.183104346756029,87.56
"54041",0,0,0,0,0.0728356170685568,39.68
"54043",0,0,0,0,0.060011132794788,25.26
"54045",0.000176460208223046,0.0521725192755441,1,0,0.0725632868622612,39.39
"54047",0,0,0,0,0.044758079666037,9.83
"54049",0.000509761941173472,0.150717065165167,1,0,0.120462723417949,71.33
"54051",0.000526546731022378,0.155679684107683,1,0,0.0624512824790806,28.32
"54053",0.000704324552753909,0.208241771189258,1,0,0.0592980865080189,24.5
"54055",0.000227998176014592,0.067410320732902,1,0,0.110075699590534,66.97
"54057",0.000101337657073368,0.0299616605932822,1,0,0.073512114563083,40.18
"54059",0,0,0,0,0.0593639563291408,24.66
"54061",0.00065164350553897,0.19266600496437,1,0,0.118507012621809,70.57
"54063",0.000382116927779901,0.112977327754875,1,0,0.0708483531254933,37.73
"54065",0.000263296471827277,0.0778466737057684,1,0,0.0933822907895977,56.98
"54067",0.000628535512256443,0.185833857155568,1,0,0.0820080960008391,48.43
"54069",0.00260024633912686,0.768793166546552,1,0,0.152196538621935,81.23
"54071",0,0,0,0,0.0673614789002587,34.17
"54073",0,0,0,0,0.0491077428931136,14.09
"54075",0.000294377391816309,0.0870361103133672,1,0,0.0536362794763033,18.49
"54077",0.000118525542254356,0.0350434593735342,1,0,0.0909656371337273,55.23
"54079",0.00105134782791539,0.310843251119169,1,0,0.144375308772771,79.1
"54081",0.00215639541482238,0.637563462485037,1,0,0.121603671836792,71.75
"54083",8.65201591970929e-05,0.0255806944743475,1,0,0.0951043585695803,58.35
"54085",0,0,0,0,0.0521832190073085,16.99
"54087",0,0,0,0,0.0677472778902616,34.58
"54089",0,0,0,0,0.0683203973419075,35.09
"54091",0.000247586036147561,0.0732017001075782,1,0,0.0624529391932667,28.35
"54093",0,0,0,0,0.0583571168848268,23.48
"54095",0,0,0,0,0.0421128156607149,8.02
"54097",0.000235654530458348,0.0696740112488531,1,0,0.0719351276521289,38.75
"54099",0,0,0,0,0.0730396369493933,39.9
"54101",0,0,0,0,0.0396744728504472,6.52
"54103",0,0,0,0,0.0557319573795203,20.74
"54105",0.00112485939257593,0.332577802850966,1,0,0.0409196143513044,7.25
"54107",0.00123583934088568,0.365390319342338,1,0,0.145169479405146,79.32
"54109",0,0,0,0,0.0570212783636522,22.21
"55001",0.000342641768031523,0.101306036229059,1,0,0.0688333660395567,35.79
"55003",0.000221018897115703,0.0653468155010517,1,0,0.0850578428365285,50.49
"55005",0.000936634631047402,0.276926956136736,1,0,0.110935342390737,67.45
"55007",0.000573284922606535,0.169498375731612,1,0,0.0956057280339309,58.61
"55009",0.00184349002998588,0.545049334874075,1,0,0.23095696715423,93.03
"55011",0.00134318334452653,0.397127826372745,1,0,0.0636568182901975,29.91
"55013",0.0010183299389002,0.301081127020884,1,0,0.0668963759883283,33.44
"55015",0.00230303679502973,0.680919697369389,1,0,0.0897960170664231,54.31
"55017",0.000896473869446842,0.265052958424587,1,0,0.148807365373023,80.37
"55019",0.000291906881704736,0.0863056751760952,1,0,0.0882466866110643,52.85
"55021",0.000770947453844593,0.227939609168418,1,0,0.124298808112014,72.89
"55023",0.0010533245556287,0.311427693729568,1,0,0.0671711375211695,33.73
"55025",0.00299553936043224,0.88566616007422,1,0,0.277019161901068,96.56
"55027",0.0004502138515795,0.133110977744958,1,0,0.112345928343363,68.12
"55029",0.00141061024225698,0.417063375338466,1,0,0.144089084387413,79
"55031",0.000604395604395604,0.178696611762615,1,0,0.119657249591109,71.17
"55033",0.00117405341943058,0.347122590824195,1,0,0.0992300050627876,60.67
"55035",0.00369814473826729,1.09339963714156,1,1,0.199931263905671,89.66
"55037",0.000798722044728434,0.236151491002003,1,0,0.0638699731772652,30.19
"55039",0.000732803866035531,0.216662012421556,1,0,0.155916277352813,82.02
"55041",0,0,0,0,0.0572998605750412,22.4
"55043",0.0015609756097561,0.461520650512403,1,0,0.100275434902802,61.5
"55045",0.000975217989903626,0.288334576324383,1,0,0.093339053262713,56.92
"55047",0.0014009526478005,0.41420799486482,1,0,0.0836999387282813,49.76
"55049",0.00131719766197415,0.389444856158075,1,0,0.0810223122769746,47.12
"55051",0.00100755667506297,0.297895885878598,1,0,0.0703318611409579,37.13
"55053",0.000429461026411853,0.126975162866441,1,0,0.0445804760868423,9.7
"55055",0.00118364511231763,0.349958486729984,1,0,0.149049806168747,80.4
"55057",0.000476553564620663,0.140898621204017,1,0,0.0755149425102643,41.93
"55059",0.000845660779723751,0.250029475625128,1,0,0.185371267798232,87.94
"55061",0.000563189907636855,0.166513666779966,1,0,0.0591371241916944,24.34
"55063",0.00191292271006119,0.565577916790983,1,0,0.174165862196968,85.78
"55065",0.000790388871324692,0.233687691064265,1,0,0.0652864886351405,31.72
"55067",0.000799908581876357,0.236502304552801,1,0,0.0796289194449473,45.82
"55069",0.00123326286116984,0.364628553055243,1,0,0.0911656755930983,55.49
"55071",0.00127571360229628,0.377179609930803,1,0,0.137766807667782,77.16
"55073",0.00213642213642214,0.631658129703068,1,0,0.174589793975063,85.94
"55075",0.000306403840261465,0.0905918701055587,1,0,0.0835896179195591,49.7
"55077",0.00118976799524093,0.351768788500307,1,0,0.0583320393882771,23.45
"55078",0,0,0,0,0.0714553569311979,38.34
"55079",0.00396063300643313,1.17100735600573,1,1,0.335513335535826,98.54
"55081",0.000616218880946512,0.182192301413919,1,0,0.081198641790417,47.44
"55083",0.00128122998078155,0.378810591588095,1,0,0.0797423591228581,45.88
"55085",0.00149684593178659,0.442559963036792,1,0,0.132864474683211,75.72
"55087",0.0028513822455057,0.8430444272034,1,0,0.241143000954949,94.34
"55089",0.00637706781159237,1.88545449805438,1,1,0.231579481693304,93.06
"55091",0.00103376981392143,0.305646106203834,1,0,0.0610928659778013,26.66
"55093",0.000857031554343592,0.253391377801293,1,0,0.12936628807817,74.71
"55095",0.00118598382749326,0.350649955156829,1,0,0.119756232555763,71.24
"55097",0.00258146089613571,0.763239031161442,1,0,0.148275318428966,80.27
"55099",0.000709597303530247,0.209800721472066,1,0,0.0544256476713938,19.34
"55101",0.00110385756676558,0.32636836802741,1,0,0.202259995592362,90.1
"55103",0.000711237553342817,0.210285680465511,1,0,0.0626476138256361,28.7
"55105",0.000968497650738807,0.286347629645891,1,0,0.180323534450237,86.86
"55107",0.000181818181818182,0.0537566666790015,1,0,0.0648083590763033,31.24
"55109",0.00228096713006315,0.674394543441098,1,0,0.190771926591466,88.58
"55111",0.000597937116946534,0.176787084598839,1,0,0.135375068561006,76.55
"55113",0.00116918040453642,0.345681827118565,1,0,0.0971168775087952,59.43
"55115",0.000622234513274336,0.183970893294426,1,0,0.0979475960368007,59.91
"55117",0.00151317662217028,0.44738832217456,1,0,0.13382907694009,76.14
"55119",0.000664599025254763,0.196496455516953,1,0,0.0674296183851258,34.23
"55121",0.00048486527671954,0.143356075856588,1,0,0.0767261510526657,42.98
"55123",0.000475420747361415,0.140563690565042,1,0,0.0995449840080317,61.12
"55125",0.00112855237508977,0.33366967621623,1,0,0.115185090207719,69.3
"55127",0.00216110019646365,0.638954486066717,1,0,0.184166138095401,87.69
"55129",0.00211896473437264,0.626496645116258,1,0,0.0922786784194639,56.06
"55131",0.00191917951237487,0.567427813391475,1,0,0.185071120259922,87.91
"55133",0.00513459250446163,1.51810217787164,1,1,0.367564813643939,99.2
"55135",0.00023697805583203,0.0700653269668014,1,0,0.0958254653743498,58.77
"55137",0.000654450261780105,0.193495855192741,1,0,0.0777500249026122,43.94
"55139",0.00213915340785868,0.6324656619683,1,0,0.175030939575987,86.06
"55141",0.00149540163995713,0.442132941307243,1,0,0.112622225414887,68.18
"56001",0.000865426222414539,0.255873359354832,1,0,0.0989275935583009,60.48
"56003",0,0,0,0,0.0690529887632753,36.05
"56005",0.000110566468875539,0.032690266472691,1,0,0.0922757672159452,56.03
"56007",0.000803427959292983,0.237542849545668,1,0,0.0636410133573107,29.84
"56009",0.000405569825604975,0.119911450615591,1,0,0.0781307955721498,44.26
"56011",0.00031104199066874,0.0919631933855391,1,0,0.0615997634617156,27.3
"56013",0.000512616050578117,0.151560915908787,1,0,0.125759609273336,73.43
"56015",0,0,0,0,0.0875728692726672,52.4
"56017",0,0,0,0,0.0725947718305004,39.42
"56019",0.00169985429820301,0.50258175501252,1,0,0.103365788928187,63.44
"56021",0.00179283215261701,0.530071742417962,1,0,0.15175725154827,81.1
"56023",0.00129808827000236,0.383794941477412,1,0,0.100918344069929,62.01
"56025",0.00105865393278674,0.313003386262769,1,0,0.208089884503752,90.68
"56027",0,0,0,0,0.056448982629576,21.6
"56029",0.00113799712505989,0.336462126734287,1,0,0.149129734206801,80.43
"56031",0.00121036068748487,0.357857258211702,1,0,0.0682552586493442,35.06
"56033",0.00475243147656941,1.40511181140405,1,1,0.212551826490639,91.15
"56035",0.00107828337287039,0.318807059234967,1,0,0.089842025944959,54.37
"56037",0.000447507383871834,0.132310778991546,1,0,0.0935274759769544,57.17
"56039",0.00683735275537884,2.02154311170709,1,1,0.208590243231847,90.71
"56041",0.000548666739822232,0.16221972277763,1,0,0.0948035863281053,58.07
"56043",0.00165289256198347,0.488696969809105,1,0,0.0825660160290454,48.81
"56045",0,0,0,0,0.0621845120661769,27.97
