"county_geoid","industry_employment_share","location_quotient","industry_present","industry_comparative_advantage","industry_feasibility","industry_feasibility_percentile_score"
"01001",0.000133886731824876,0.361861973671187,1,0,0.262171548758462,78.17
"01003",0.00139179541608675,3.76167099866491,1,1,0.401238821329286,99.11
"01005",0.000227842333105491,0.615800200808863,1,0,0.159072355618254,30.7
"01007",0.000359453630481668,0.971512250665025,1,0,0.155056567368048,28.86
"01009",0.000520517046933287,1.40682592939191,1,1,0.277075771814863,81.71
"01011",0,0,0,0,0.14025149604777,20.84
"01013",0.00013156163662676,0.355577829410617,1,0,0.170629501347061,37.35
"01015",0.000564595809892525,1.52595967732952,1,1,0.250825037939939,74.29
"01017",0.000571156592099,1.54369181228944,1,1,0.20489460952324,55.11
"01019",0,0,0,0,0.191009913172008,47.92
"01021",0,0,0,0,0.256389891357684,76.17
"01023",0.000260078023407022,0.702925118686632,1,0,0.129057307510679,15.56
"01025",0.00275190516511431,7.43770365316496,1,1,0.196714870402985,50.72
"01027",0,0,0,0,0.106985311497116,7.7
"01029",0,0,0,0,0.139230719812172,20.24
"01031",0.000862287598275425,2.33054528952329,1,1,0.25238305215493,74.77
"01033",0.000692167577413479,1.87075389965945,1,1,0.268883881623219,79.86
"01035",0,0,0,0,0.137141880549988,19.34
"01037",0,0,0,0,0.128266498110328,15.24
"01039",0.00130538835303503,3.52813456119383,1,1,0.232480266995761,67.55
"01041",0,0,0,0,0.141211216976991,21.22
"01043",0.000444197667962243,1.20055395062747,1,1,0.290911575503759,85.17
"01045",0.000511225663528309,1.38171367001241,1,1,0.139845915720091,20.62
"01047",0.000526989384928104,1.42431902201692,1,1,0.228990942282061,66.37
"01049",0.000220986335678244,0.597270173772627,1,0,0.237591533603934,69.2
"01051",0.000555489425862001,1.50134742446936,1,1,0.262051097087737,78.08
"01053",0.000549865970169771,1.48614864601009,1,1,0.218791913310057,61.66
"01055",0.00049832144355854,1.34683682715201,1,1,0.290814242754806,85.11
"01057",0.000433275563258232,1.17103426401651,1,1,0.166552308251235,35.28
"01059",0.000655146998607813,1.77069663834254,1,1,0.170768318598324,37.48
"01061",0,0,0,0,0.192344350644597,48.39
"01063",0,0,0,0,0.110733957747346,9.07
"01065",0,0,0,0,0.186654025709017,45.69
"01067",0.000418585182084554,1.13132987917543,1,1,0.191972050515291,48.23
"01069",7.06127420693064e-05,0.190848382533945,1,0,0.322231712342419,91.28
"01071",0,0,0,0,0.222448949567713,63.44
"01073",0.000228939935800422,0.61876674328907,1,0,0.327153987752344,92.14
"01075",0,0,0,0,0.156052980481614,29.24
"01077",0.00102914997774811,2.78153209863022,1,1,0.309179487361528,88.99
"01079",0,0,0,0,0.189277451229058,46.96
"01081",0.000153871799146012,0.415876556043971,1,0,0.250890546429989,74.32
"01083",0.00042922789476342,1.16009443980588,1,1,0.219254657766795,61.79
"01085",0,0,0,0,0.119538912136638,11.71
"01087",0,0,0,0,0.094599164925287,4.33
"01089",0.000126778363687507,0.342649852434751,1,0,0.203857353654211,54.47
"01091",0.000615839389087326,1.6644581114362,1,1,0.202397957315824,53.58
"01093",0.000432825484764543,1.16981781568131,1,1,0.171707468461037,38.31
"01095",0.000674367508538363,1.8226448154594,1,1,0.255553356450691,75.95
"01097",0.000319366058374127,0.863165682152958,1,0,0.364019713865731,96.95
"01099",0.00116279069767442,3.14272916436058,1,1,0.18638688767369,45.59
"01101",0.000485918487173777,1.31331477298298,1,1,0.24934567129235,73.81
"01103",0.00061936549446012,1.67398828244105,1,1,0.291046399213115,85.24
"01105",0,0,0,0,0.11280653174235,9.51
"01107",0,0,0,0,0.165279355691249,34.2
"01109",5.67214974475326e-05,0.153303861676126,1,0,0.152757859095253,27.36
"01111",0,0,0,0,0.203079914241553,53.99
"01113",0.00121499301379017,3.28381882188214,1,1,0.22502511115311,64.43
"01115",0.000309178743961353,0.835631947857035,1,0,0.302701256549384,87.69
"01117",0.00011099451081692,0.299990090156311,1,0,0.352620071030694,95.55
"01119",0,0,0,0,0.137495460532947,19.47
"01121",0.000629614790223799,1.70168953665223,1,1,0.204682164321551,55.04
"01123",0.000601483659693912,1.6256582057175,1,1,0.203707507382843,54.41
"01125",0.000704653354590376,1.9044997974827,1,1,0.250109604203899,74.1
"01127",0.000741255501505675,2.00342614322917,1,1,0.262924334811881,78.56
"01129",0,0,0,0,0.100443927916723,5.6
"01131",0,0,0,0,0.170204441458415,37.13
"01133",0,0,0,0,0.164029872310349,33.57
"02013",0,0,0,0,0.0540321964577158,0.51
"02016",0,0,0,0,0.0634513574428202,0.86
"02020",0.000173825375028247,0.46980602502218,1,0,0.3305751025806,92.71
"02050",0,0,0,0,0.0831226570229393,2.39
"02060",0,0,0,0,0.0716807140988511,1.24
"02063",0,0,0,0,0.159491513614016,30.93
"02066",0,0,0,0,0.146856875453868,24.21
"02068",0,0,0,0,0.0756846011015902,1.75
"02070",0,0,0,0,0.0741578593721439,1.5
"02090",9.48622599984822e-05,0.256388696341172,1,0,0.241087069842094,70.89
"02100",0,0,0,0,0.159487729784928,30.89
"02105",0,0,0,0,0.102660392340878,6.36
"02110",5.13294322964788e-05,0.138730473326666,1,0,0.20075697648345,52.78
"02122",0.000114982177762447,0.310767745354731,1,0,0.306179510933246,88.45
"02130",0,0,0,0,0.175451576944031,39.99
"02150",0,0,0,0,0.157343309670033,29.81
"02158",0,0,0,0,0.0475321409704597,0.25
"02164",0,0,0,0,0.0621046383370778,0.8
"02170",0.000534082923401265,1.4434910624217,1,1,0.330726760260043,92.78
"02180",0,0,0,0,0.0994607632041515,5.22
"02185",0,0,0,0,0.0742813819643681,1.56
"02188",0,0,0,0,0.0534461539401743,0.38
"02195",0,0,0,0,0.145066923128452,23.42
"02198",0,0,0,0,0.103038069233235,6.59
"02220",0,0,0,0,0.182138130251349,43.72
"02230",0,0,0,0,0.116761115384856,10.66
"02240",0,0,0,0,0.127844786313002,15.02
"02275",0,0,0,0,0.0948179786298558,4.39
"02282",0,0,0,0,0.102230003959103,6.2
"02290",0,0,0,0,0.0933611191029725,4.07
"04001",0,0,0,0,0.105682803131536,7.19
"04003",0.000185774330631865,0.502101029905041,1,0,0.241552854932345,71.11
"04005",0.000459819858808255,1.24277678134083,1,1,0.283505307859993,83.33
"04007",0.00060790273556231,1.64300734428577,1,1,0.1928427684702,48.68
"04009",0.000656706616319159,1.77491189055991,1,1,0.19999466867807,52.31
"04011",0,0,0,0,0.0553485383822605,0.57
"04012",0.000142979696883043,0.386437958442965,1,0,0.139162868130785,20.14
"04013",0.000486977198286722,1.31617620135349,1,1,0.417226766900553,99.62
"04015",0.000496247131071274,1.34123048513124,1,1,0.361953346494164,96.75
"04017",0.00128099551651569,3.46220689348535,1,1,0.260445644785788,77.51
"04019",0.00027758901724605,0.750252906176605,1,0,0.308060653900962,88.8
"04021",0.000337385588193681,0.911867913780058,1,0,0.275765355855458,81.42
"04023",0.000180061220815077,0.486659939022285,1,0,0.20255324021693,53.64
"04025",0.000249231536097034,0.673609806766661,1,0,0.369964929500384,97.42
"04027",0.000201529251378104,0.544682595968842,1,0,0.240232690578937,70.41
"05001",0.00110915981144283,2.99777844312794,1,1,0.149659316723335,25.99
"05003",0.000150398556173861,0.406489258738171,1,0,0.178940294312249,42
"05005",0.00010999285046472,0.297282855562899,1,0,0.25848851415834,76.87
"05007",0.00017845714567026,0.482324529606366,1,0,0.28576703536687,83.96
"05009",6.08272506082725e-05,0.16440067404806,1,0,0.2603120077964,77.44
"05011",0,0,0,0,0.134327921461092,18.45
"05013",0,0,0,0,0.047239052223375,0.22
"05015",0,0,0,0,0.204262748441692,54.79
"05017",0,0,0,0,0.142834705208931,22.02
"05019",0.000407083248524323,1.10024306181563,1,1,0.165590003105039,34.62
"05021",0.000986923266716013,2.66740397863321,1,1,0.166107276315039,34.97
"05023",0,0,0,0,0.225309044512368,64.56
"05025",0,0,0,0,0.118635543349916,11.42
"05027",0.00203622334154967,5.50339669335032,1,1,0.183974606392486,44.51
"05029",0.000126598303582732,0.342163195512103,1,0,0.19756501550854,51.1
"05031",0.000339459774016779,0.917473913459613,1,0,0.309509136093013,89.02
"05033",0.000180293879022807,0.48728875531418,1,0,0.251979924914802,74.64
"05035",0.000314861460957179,0.850990894631643,1,0,0.221032343637892,62.87
"05037",0.00170212765957447,4.60042056400017,1,1,0.173855533290082,39.17
"05039",0.000685871056241427,1.85373599543902,1,1,0.138613402925951,19.92
"05041",0,0,0,0,0.122754520075918,13.04
"05043",0.00174379610999329,4.71303984675403,1,1,0.202864059260246,53.8
"05045",1.88143214614965e-05,0.0508503524176422,1,0,0.33254113990369,93.03
"05047",0,0,0,0,0.153520410418811,27.87
"05049",0,0,0,0,0.158815911360992,30.58
"05051",0.000232142442602781,0.627422309202149,1,0,0.366000875833706,97.1
"05053",0.0016462410828608,4.44937328190066,1,1,0.166308323107624,35.19
"05055",0.000500611858938703,1.35302724063583,1,1,0.228889964925676,66.34
"05057",0,0,0,0,0.175400107575849,39.93
"05059",0.000214201563671415,0.578932651033544,1,0,0.189709664578444,47.28
"05061",0.000143348623853211,0.387435074734819,1,0,0.146442338613954,24.05
"05063",0.000501378791677112,1.35510006585615,1,1,0.206718711962251,56
"05065",0,0,0,0,0.163010722477286,33.12
"05067",0,0,0,0,0.153483395051105,27.84
"05069",0.000998760159801626,2.6993961068726,1,1,0.218112496991612,61.34
"05071",0,0,0,0,0.148371602773721,25.17
"05073",0,0,0,0,0.130165939837313,16.04
"05075",0.00134926754047803,3.64672890698741,1,1,0.179592938288362,42.44
"05077",0,0,0,0,0.125043427997725,14
"05079",0,0,0,0,0.111600576035709,9.29
"05081",0,0,0,0,0.132696286089088,17.56
"05083",0,0,0,0,0.184200724207222,44.67
"05085",0.000202061022428773,0.546119838623984,1,0,0.277148139342758,81.77
"05087",0,0,0,0,0.17830068144364,41.46
"05089",0,0,0,0,0.171875654153995,38.4
"05091",0.000140656867571559,0.380159938300879,1,0,0.231729437979293,67.39
"05093",0.000794912559618442,2.14844760043728,1,1,0.158440427390564,30.38
"05095",0,0,0,0,0.14770204538582,24.88
"05097",0,0,0,0,0.186185520925183,45.47
"05099",0,0,0,0,0.116910169190911,10.69
"05101",0,0,0,0,0.152114302249259,27.11
"05103",0.00025294043252814,0.683634015770861,1,0,0.178706786841299,41.9
"05105",0,0,0,0,0.178377587007787,41.58
"05107",0,0,0,0,0.163088548120903,33.22
"05109",0,0,0,0,0.173852870334693,39.13
"05111",0.00123685837971552,3.34291537581954,1,1,0.150456061181365,26.34
"05113",0.000143102461362335,0.386769759781067,1,0,0.189358221246681,47.09
"05115",0.00029907287409032,0.808318337558598,1,0,0.280486307058305,82.6
"05117",0,0,0,0,0.134051289014099,18.23
"05119",0.000323809655039374,0.87517560007065,1,0,0.320760675822799,91.09
"05121",0.000924824943849914,2.49956791775012,1,1,0.15653566271115,29.46
"05123",0.00136273538156591,3.68312907517977,1,1,0.185265569210079,45.12
"05125",0.000753034729961746,2.03526241855937,1,1,0.333863152018468,93.32
"05127",0,0,0,0,0.110122484209293,8.72
"05129",0,0,0,0,0.194305165441601,49.32
"05131",0.000283144794854855,0.765268767893431,1,0,0.310086825367881,89.09
"05133",0,0,0,0,0.167149313624126,35.41
"05135",0,0,0,0,0.21633669711022,60.52
"05137",0,0,0,0,0.211242818234958,57.97
"05139",0.000646238354246324,1.74661882579574,1,1,0.256450829143198,76.2
"05141",0,0,0,0,0.19987943007038,52.24
"05143",0.000518085564384901,1.40025424703091,1,1,0.33457674700926,93.45
"05145",0.00168186816741057,4.54566428068456,1,1,0.282066433472175,82.91
"05147",0,0,0,0,0.0863943661299092,2.7
"05149",0,0,0,0,0.149805541330736,26.09
"06001",0.000455997386522441,1.2324456055268,1,1,0.331499751844828,92.9
"06003",0,0,0,0,0.147840534610084,24.94
"06005",7.05566923022649e-05,0.190696894189663,1,0,0.216759136730944,60.71
"06007",0.000347572597824868,0.939400824328434,1,0,0.32508422559108,91.82
"06009",0,0,0,0,0.285863024780563,84.03
"06011",9.68523002421307e-05,0.261767271801462,1,0,0.11388882805268,9.83
"06013",0.000355600011929807,0.961096894371346,1,0,0.36754537119079,97.23
"06015",0,0,0,0,0.167254996426785,35.44
"06017",0.000288342320002307,0.779316363815951,1,0,0.318462880919869,90.71
"06019",0.000334433387810219,0.903888862810094,1,0,0.294358514368428,85.78
"06021",0,0,0,0,0.180277318615046,42.83
"06023",0.000285589490306757,0.771876161390849,1,0,0.288375420412882,84.6
"06025",0.000307877652098253,0.832115425621475,1,0,0.17783405015033,41.23
"06027",0,0,0,0,0.186550412851931,45.66
"06029",0.000321841448029043,0.869856034317985,1,0,0.243107064260793,71.71
"06031",0.000253944068818843,0.686346590826295,1,0,0.132614315229025,17.5
"06033",0.00110630594388012,2.99006516090225,1,1,0.223081603721083,63.67
"06035",0,0,0,0,0.142498322946364,21.79
"06037",0.000640308078788348,1.7305907911101,1,1,0.359870269598658,96.5
"06039",0.000364697301239971,0.985684566502589,1,0,0.209935357297515,57.49
"06041",0.000225321646650594,0.60898742284989,1,0,0.314645508848295,90.01
"06043",0,0,0,0,0.141606635069337,21.41
"06045",0.000347175857924957,0.938328536721893,1,0,0.272826746887824,80.81
"06047",0.000251145852954103,0.678783721064883,1,0,0.214546853470229,59.69
"06049",0,0,0,0,0.147139584031897,24.5
"06051",0,0,0,0,0.152049762059513,27.04
"06053",0.00048084558239664,1.29960399440261,1,1,0.189396713596457,47.15
"06055",0.00202219925403316,5.46549313174648,1,1,0.220734275739998,62.68
"06057",4.74360798823585e-05,0.128207726452735,1,0,0.369138656339014,97.33
"06059",0.00062713268251017,1.69498102727362,1,1,0.399953842900046,99.01
"06061",0.000581579532183098,1.57186238318082,1,1,0.340447185881581,94.15
"06063",0,0,0,0,0.194928837540337,49.57
"06065",0.00031357238901666,0.847506859206755,1,0,0.389258029363916,98.6
"06067",0.000241677913984971,0.653194276649661,1,0,0.2880357300165,84.51
"06069",4.77122000095424e-05,0.128954009320583,1,0,0.231611576753043,67.29
"06071",0.000316652823920266,0.855832495651765,1,0,0.357118319164018,96.05
"06073",0.000356195850373482,0.962707294985944,1,0,0.346771057401068,94.72
"06075",2.03548356728673e-05,0.0550139727062028,1,0,0.212791971629424,58.86
"06077",0.000293794987357439,0.794053544595608,1,0,0.303026072483282,87.85
"06079",0.000845843284430797,2.28610046827492,1,1,0.35038367058036,95.1
"06081",0.00059565514566768,1.60990520644449,1,1,0.216481649573341,60.55
"06083",0.000364548102122075,0.985281319022156,1,0,0.252761972141755,74.96
"06085",0.000244834281354446,0.661725139345178,1,0,0.165294365908528,34.3
"06087",0.000510443509546117,1.37959970561987,1,1,0.335712804594183,93.54
"06089",0.00031365267357539,0.847723848063539,1,0,0.359035577028665,96.4
"06091",0,0,0,0,0.164726055986212,33.95
"06093",0,0,0,0,0.228729452901184,66.12
"06095",0.0003084259599758,0.833597363137197,1,0,0.355444171590198,95.83
"06097",0.000278876381705709,0.753732326712582,1,0,0.389919084079779,98.63
"06099",0.000423874028246244,1.14562429270264,1,1,0.350939575407238,95.23
"06101",8.13912477278277e-05,0.219979957243829,1,0,0.283459970915873,83.3
"06103",0.000361549238486916,0.977176149084864,1,0,0.203300679292202,54.18
"06105",0,0,0,0,0.192559798174282,48.49
"06107",0.000179972644158088,0.486420538721132,1,0,0.236986722497614,69.01
"06109",0.000192363181687025,0.519909027863826,1,0,0.262842387261054,78.52
"06111",0.000595782378829521,1.61024908550131,1,1,0.37611225779188,97.93
"06113",7.24760225158843e-05,0.19588435832267,1,0,0.235125559010846,68.47
"06115",0.000385599607389491,1.04217821344169,1,1,0.169223044579565,36.78
"08001",0.000572295189858929,1.54676915406192,1,1,0.352448424303567,95.48
"08003",0.00137478849407783,3.71570558984256,1,1,0.215196006383946,59.91
"08005",0.000458749459519315,1.23988376278676,1,1,0.34738543081224,94.81
"08007",0,0,0,0,0.252830060774126,74.99
"08009",0,0,0,0,0.127061042907482,14.7
"08011",0,0,0,0,0.0898456889248031,3.63
"08013",0.000260042427975091,0.70282891323687,1,0,0.282515245875655,83.04
"08014",0.000261494879058618,0.706754521163678,1,0,0.221649610193395,63.12
"08015",0.00018644541810385,0.50391480961128,1,0,0.273117304288919,80.91
"08017",0.00102669404517454,2.77489433403501,1,1,0.138088069040725,19.73
"08019",0,0,0,0,0.158184990318639,30.26
"08021",0,0,0,0,0.154434423900622,28.51
"08023",0,0,0,0,0.11736231591466,10.94
"08025",0,0,0,0,0.070898216295826,1.21
"08027",0,0,0,0,0.198059746332799,51.42
"08029",9.09008271975275e-05,0.245681945400427,1,0,0.29154441179146,85.36
"08031",0.000451994182189169,1.221625956699,1,1,0.326864210040816,92.08
"08033",0,0,0,0,0.207001834652485,56.09
"08035",0.000630528275624134,1.70415845665184,1,1,0.318100380002941,90.58
"08037",0.000680323531635044,1.83874243950041,1,1,0.256366645123971,76.14
"08039",0,0,0,0,0.27158585123382,80.53
"08041",9.84788800678747e-05,0.266163505678075,1,0,0.294456755316608,85.84
"08043",6.1050061050061e-05,0.165002874319298,1,0,0.239730355235789,70.16
"08045",0.0012975094148549,3.50683978402336,1,1,0.323982735105531,91.5
"08047",0,0,0,0,0.0505007397321197,0.32
"08049",0.000108790252393386,0.294032537135563,1,0,0.216210739176787,60.48
"08051",0.000177951775068956,0.480958640688691,1,0,0.249139185249153,73.72
"08053",0.00202839756592292,5.48224560111582,1,1,0.13297742622389,17.79
"08055",0,0,0,0,0.139227156811096,20.17
"08057",0,0,0,0,0.135504944008234,18.87
"08059",0.000117812962996019,0.318418641882698,1,0,0.373293104329804,97.71
"08061",0.00139275766016713,3.76427170104471,1,1,0.132613290283246,17.47
"08063",0,0,0,0,0.164615891296182,33.88
"08065",0,0,0,0,0.145680736875229,23.74
"08067",0.000192957067052581,0.521514149802238,1,0,0.359521922168733,96.47
"08069",0.000200468092997148,0.541814553251863,1,0,0.357010208994966,96.02
"08071",0.000715307582260372,1.93329548022182,1,1,0.183648203714778,44.35
"08073",0.000401606425702811,1.08544059491972,1,1,0.135170375862236,18.61
"08075",0.00044913541432742,1.2138994302044,1,1,0.20605444642179,55.77
"08077",0.000318526285054481,0.860895987264289,1,0,0.410015296109654,99.43
"08079",0,0,0,0,0.101527431168948,6.08
"08081",0,0,0,0,0.210503601457779,57.72
"08083",0.00135648399348888,3.66623315430019,1,1,0.317106671340406,90.3
"08085",0.000560595250229334,1.51514717637606,1,1,0.361552771516039,96.69
"08087",0.000737908365197558,1.99437968034152,1,1,0.180225446706981,42.7
"08089",0.00111188325225851,3.00513921484375,1,1,0.200392886622583,52.56
"08091",0,0,0,0,0.199795688548141,52.21
"08093",0,0,0,0,0.255993488268984,76.07
"08095",0,0,0,0,0.107917472602678,7.95
"08097",0.000145921494236101,0.394388892652867,1,0,0.174425859329706,39.45
"08099",0,0,0,0,0.156042310596071,29.21
"08101",0.000395429959468429,1.06874716883168,1,1,0.312470350551041,89.66
"08103",0,0,0,0,0.112941722885176,9.55
"08105",0,0,0,0,0.18126506008619,43.18
"08107",0.000849166755121537,2.29508296898427,1,1,0.296100229359224,86.26
"08109",0,0,0,0,0.131585448572619,16.83
"08111",0,0,0,0,0.152805963589742,27.39
"08113",0.0016025641025641,4.33132545088157,1,1,0.200224555481444,52.4
"08115",0,0,0,0,0.122207765761506,12.76
"08117",0.00110145637008934,2.97695798949344,1,1,0.228846084203297,66.31
"08119",0,0,0,0,0.214601832484437,59.75
"08121",0,0,0,0,0.143870486776715,22.43
"08123",0.0001363698349925,0.368573173510173,1,0,0.358132347429394,96.15
"08125",0,0,0,0,0.142831817947439,21.99
"09110",0.000219155217998078,0.592321125806951,1,0,0.27002571644479,80.15
"09120",0.000661184660515876,1.78701491144274,1,1,0.346730711673979,94.69
"09130",0.000203497767509786,0.550002997198335,1,0,0.300470903131802,87.43
"09140",0.000168161729543388,0.454498623718177,1,0,0.33204820445199,92.97
"09150",3.02242640391706e-05,0.0816885414178232,1,0,0.303331508497827,87.91
"09160",0.000403388463089956,1.09025699126668,1,1,0.325046905700077,91.79
"09170",0.000219487290413495,0.593218633558515,1,0,0.290868157645488,85.14
"09180",0.000118940173092934,0.321465205682204,1,0,0.234141343730268,68.12
"09190",0.000524264924614827,1.41695549485695,1,1,0.339524501570811,94.02
"10001",0.000206654267410622,0.558534218092602,1,0,0.257199006189122,76.49
"10003",0.000233403354339635,0.630830234718772,1,0,0.261870209293724,77.95
"10005",0.000161753791699176,0.43717958841226,1,0,0.332281517921611,93
"11001",1.72580847963669e-05,0.0466442383130732,1,0,0.128636017503318,15.4
"12001",0.000270028738772912,0.729819385599137,1,0,0.217647865610955,61.22
"12003",0,0,0,0,0.162920824766083,33.09
"12005",0.000182440626307938,0.493090870273464,1,0,0.345880380318738,94.59
"12007",0.000142267747901551,0.384513740411168,1,0,0.192701878317106,48.62
"12009",0.000172475206689038,0.466156861484054,1,0,0.339824370089554,94.05
"12011",0.000440492782225658,1.19054058151618,1,1,0.428451728590122,99.84
"12013",0,0,0,0,0.15404126915159,28.29
"12015",0.00022452809006784,0.606842640111965,1,0,0.351981578634089,95.39
"12017",0.000478468899521531,1.29318042169861,1,1,0.332897614579278,93.1
"12019",0.000338883839861982,0.915917309103686,1,0,0.348083801207373,94.88
"12021",0.000518621596224846,1.40170300552183,1,1,0.365324431836952,97.07
"12023",0.0007858399131834,2.12392653176485,1,1,0.282454886397397,83.01
"12027",0,0,0,0,0.196570475528189,50.68
"12029",0.000595592614651578,1.60973620092323,1,1,0.167485771354877,35.6
"12031",0.000541815957353841,1.464391497367,1,1,0.358851169696591,96.31
"12033",0.000285501200270352,0.771637535752644,1,0,0.317386777784995,90.45
"12035",0.000427559247495724,1.15558450827331,1,1,0.316243188124589,90.23
"12037",0,0,0,0,0.193637876328273,49
"12039",0,0,0,0,0.153525790010479,27.9
"12041",0,0,0,0,0.161859815127304,32.36
"12043",0,0,0,0,0.15027236730457,26.28
"12045",0.000195083886071011,0.527262403696859,1,0,0.201601897961182,53.1
"12047",0,0,0,0,0.123429839222344,13.27
"12049",0.000122744568552842,0.33174752440777,1,0,0.167566102286172,35.7
"12051",0,0,0,0,0.215438546271773,60.01
"12053",0.00013986013986014,0.37800658480421,1,0,0.320580130150057,90.96
"12055",0.000121175401393517,0.327506462447755,1,0,0.320099994860437,90.9
"12057",0.000275877858226254,0.745628076130125,1,0,0.37052086810051,97.45
"12059",0,0,0,0,0.179373969359392,42.28
"12061",0.000425531914893617,1.15010514100004,1,1,0.364589544717509,97.01
"12063",0.000120271814300319,0.325064295068867,1,0,0.204327108825633,54.85
"12065",0,0,0,0,0.182443153776305,43.84
"12067",0,0,0,0,0.111582348265768,9.26
"12069",0.000464290795809401,1.25486059327157,1,1,0.380352708913497,98.19
"12071",0.000442282176028306,1.19537686039367,1,1,0.388276733379519,98.57
"12073",0.000423691017750424,1.14512966161921,1,1,0.249252148162831,73.75
"12075",0.000186497575531518,0.50405577794668,1,0,0.260212888303201,77.41
"12077",0,0,0,0,0.080979803730776,2.1
"12079",0,0,0,0,0.166024749475501,34.9
"12081",0.000546264913652898,1.47641590101933,1,1,0.385884140943632,98.47
"12083",0.000730432967868403,1.97417557202822,1,1,0.407037417622124,99.33
"12085",0.000453942314407431,1.22689126536599,1,1,0.355470571486946,95.86
"12086",0.000517751676688097,1.39935183303287,1,1,0.413308207117034,99.59
"12087",0.000312706938415128,0.845167765119411,1,0,0.247868185109607,73.27
"12089",0.000192579278469637,0.520493082812318,1,0,0.32916301036819,92.36
"12091",0.000324542935366026,0.877157471333321,1,0,0.237869610067317,69.27
"12093",0.000767673947937749,2.07482852221726,1,1,0.253364606563419,75.15
"12095",0.000569262703660716,1.53857311084046,1,1,0.312009192091724,89.41
"12097",0.000389700151468361,1.0532609469828,1,1,0.33505254121352,93.48
"12099",0.000468765259285784,1.26695393637297,1,1,0.386336839267594,98.5
"12101",0.000354139530975204,0.957149583733926,1,0,0.396010807074102,98.92
"12103",0.000396906167311215,1.07273698527024,1,1,0.409021919459879,99.4
"12105",0.00044911770655129,1.21385157056415,1,1,0.36016721824036,96.56
"12107",0.000253215841183024,0.684378375709029,1,0,0.255514743262252,75.82
"12109",0.0001232741617357,0.333178880837044,1,0,0.331296607761861,92.87
"12111",0.000628320100531216,1.69819031786434,1,1,0.38311968292913,98.28
"12113",0.0005094742617522,1.37698007397375,1,1,0.349896054218271,95
"12115",0.000237182649614815,0.641044713993325,1,0,0.376223374793474,98
"12117",0.00041233122820009,1.11442702356729,1,1,0.393212591834098,98.82
"12119",6.71711969907304e-05,0.181546756617489,1,0,0.254397954993285,75.53
"12121",0,0,0,0,0.21804423779675,61.28
"12123",0.000157728706624606,0.426300801474779,1,0,0.171079689078587,37.8
"12125",0,0,0,0,0.104454467005255,7
"12127",0.000392067945847386,1.05966049632995,1,1,0.397714584960079,98.98
"12129",0.00117893633743778,3.18636674510753,1,1,0.21752892868329,61.18
"12131",0.00115624759115085,3.12504480230105,1,1,0.324542312815941,91.63
"12133",0.000425109820036843,1.14896432535784,1,1,0.188297009579629,46.61
"13001",0,0,0,0,0.165466491830191,34.49
"13003",0.00120433560818948,3.25501455000012,1,1,0.128421879222306,15.3
"13005",0,0,0,0,0.143928172460803,22.49
"13007",0,0,0,0,0.108928446550207,8.24
"13009",0.0007006197790353,1.89359806292381,1,1,0.214113267139707,59.53
"13011",0,0,0,0,0.161237808993136,32.04
"13013",0.000768800670953313,2.07787376955906,1,1,0.301597337412598,87.46
"13015",0.000624804748516089,1.68868921046554,1,1,0.281498912214933,82.82
"13017",0,0,0,0,0.131994106469578,16.96
"13019",0,0,0,0,0.150726886384136,26.47
"13021",0.000418320161901209,1.13061359664839,1,1,0.29436546313852,85.81
"13023",0,0,0,0,0.142122379540434,21.6
"13025",0,0,0,0,0.141145963474809,21.16
"13027",0,0,0,0,0.14330411095171,22.24
"13029",0.000460087416609156,1.2434999224063,1,1,0.233176764483489,67.74
"13031",0.000401867136542088,1.08614523037965,1,1,0.284974016821547,83.71
"13033",0.000214224507283633,0.578994661814503,1,0,0.161691769523296,32.26
"13035",0.000212585034013605,0.574563580218983,1,0,0.167754718660663,35.95
"13037",0,0,0,0,0.0879221994134717,3.28
"13039",0.000148566334868519,0.401537227952771,1,0,0.172047865754949,38.5
"13043",0,0,0,0,0.161587759080623,32.23
"13045",0.000341971274412949,0.924261863825172,1,0,0.233455644558423,67.9
"13047",0.00224143451809158,6.05803060180938,1,1,0.272730254726347,80.78
"13049",0,0,0,0,0.132346684539658,17.28
"13051",9.49462235139597e-05,0.256615628487569,1,0,0.291617659829502,85.4
"13053",0,0,0,0,0.0284150682575718,0.13
"13055",0.00227233001223562,6.14153330843406,1,1,0.153629599956858,28.06
"13057",0.000219445150262179,0.593104739387539,1,0,0.352854164476147,95.64
"13059",0,0,0,0,0.204752833747912,55.07
"13061",0,0,0,0,0.106111336885163,7.38
"13063",0.000364161055379964,0.98423522956957,1,0,0.20991563950137,57.46
"13065",0,0,0,0,0.128764467811169,15.46
"13067",0.000387749000261614,1.0479874787535,1,1,0.363444658759788,96.91
"13069",0.000676786232234361,1.82918201386935,1,1,0.204132099966015,54.66
"13071",0.000802825947334618,2.16983548599077,1,1,0.206289566378534,55.87
"13073",0.000306573818595892,0.828591493428401,1,0,0.301675509435395,87.5
"13075",0,0,0,0,0.157861469490939,30.1
"13077",0.000337561738265288,0.912344002871973,1,0,0.285566574456785,83.9
"13079",0,0,0,0,0.128510884110168,15.34
"13081",0.000103637682661416,0.280106444331029,1,0,0.189292897646738,46.99
"13083",0.000191938579654511,0.518761435959712,1,0,0.127121768589778,14.76
"13085",0,0,0,0,0.213403874913025,59.18
"13087",0.000288683602771363,0.780238764823931,1,0,0.201710693579228,53.2
"13089",0.000326730191277994,0.883069070865557,1,0,0.283193753120881,83.11
"13091",0.000175070028011204,0.473170007239163,1,0,0.17161166074018,38.21
"13093",0,0,0,0,0.117112694413178,10.75
"13095",0.000489083652867987,1.321869415325,1,1,0.252581956297075,74.83
"13097",0.000917717135337304,2.48035730903787,1,1,0.281145719453522,82.76
"13099",0,0,0,0,0.130980366961331,16.48
"13101",0,0,0,0,0.103987499097918,6.94
"13103",0.000494865767660522,1.33749700920455,1,1,0.226034229699292,64.81
"13105",0,0,0,0,0.167725957174368,35.89
"13107",0,0,0,0,0.175487747558825,40.03
"13109",0.000193236714975845,0.522269967410647,1,0,0.142145756521301,21.67
"13111",0,0,0,0,0.257809657558693,76.65
"13113",0.000467878351628577,1.26455684929103,1,1,0.350230306106968,95.07
"13115",4.00152057781957e-05,0.108150980626642,1,0,0.208762321543209,56.95
"13117",0.000415886878768975,1.12403704776465,1,1,0.35081668793881,95.2
"13119",0,0,0,0,0.185260230432425,45.05
"13121",0.000283016390636534,0.764921723767132,1,0,0.263188274222484,78.59
"13123",0.000415498078321388,1.12298621848971,1,1,0.249463537155398,73.85
"13125",0,0,0,0,0.106339687296578,7.41
"13127",0.00269265290421849,7.27755977796539,1,1,0.287015113078054,84.31
"13129",0.000315181229206794,0.851855147334999,1,0,0.154755328013329,28.64
"13131",0.000130855796911803,0.353670123181117,1,0,0.182022778907226,43.59
"13133",0,0,0,0,0.181279844461133,43.21
"13135",0.000257057341669442,0.6947609799367,1,0,0.451491595120256,100
"13137",5.81665891112145e-05,0.157209578952425,1,0,0.218735827297256,61.6
"13139",0.00010571197011875,0.28571271870222,1,0,0.259888172534952,77.28
"13141",0,0,0,0,0.154810342685821,28.73
"13143",0,0,0,0,0.179289340783725,42.25
"13145",0.00012482836100362,0.33737948837225,1,0,0.176613900694833,40.63
"13147",0.00190053848590434,5.13667484577149,1,1,0.174784089921116,39.68
"13149",0,0,0,0,0.141204820623594,21.19
"13151",0.000312681466922768,0.845098922117778,1,0,0.240168599052657,70.38
"13153",0.000104856150468576,0.28339965464055,1,0,0.185840542045804,45.37
"13155",0,0,0,0,0.117283446154675,10.88
"13157",1.99485327854136e-05,0.0539158387629934,1,0,0.170372396437621,37.19
"13159",0.000310366232153942,0.838841428103693,1,0,0.182486300822383,43.88
"13161",0.00124095139607032,3.35397776382639,1,1,0.155268325211823,28.89
"13163",0,0,0,0,0.154661889461799,28.57
"13165",0,0,0,0,0.121713414622476,12.57
"13167",0,0,0,0,0.144881545521945,23.32
"13169",0,0,0,0,0.19311746270815,48.84
"13171",0,0,0,0,0.162703130590071,32.93
"13173",0,0,0,0,0.139271495498256,20.3
"13175",0.000549526033795851,1.48522988396763,1,1,0.24928415453817,73.78
"13177",0,0,0,0,0.227492224811899,65.57
"13179",0.000336386689437458,0.909168143082111,1,0,0.0915716136399705,3.88
"13181",0,0,0,0,0.177150571418734,40.92
"13183",0.00053276505061268,1.43992918558876,1,1,0.159870220744027,31.21
"13185",0.000243100011344667,0.657037846137975,1,0,0.271349937772077,80.5
"13187",0,0,0,0,0.208163055852954,56.57
"13189",0.000818330605564648,2.21174065576931,1,1,0.194182008879462,49.28
"13191",0,0,0,0,0.171060271360769,37.77
"13193",0,0,0,0,0.139228669361944,20.2
"13195",0,0,0,0,0.211016807595558,57.87
"13197",0,0,0,0,0.103090051678094,6.65
"13199",0,0,0,0,0.176685054986021,40.66
"13201",0,0,0,0,0.112551540323244,9.45
"13205",0.00990834778300718,26.7797580515244,1,1,0.15986397945946,31.15
"13207",0,0,0,0,0.189376338752853,47.12
"13209",0,0,0,0,0.142569089571094,21.86
"13211",0,0,0,0,0.209565561589941,57.3
"13213",0.00127320954907162,3.44116339270039,1,1,0.160406221756444,31.56
"13215",0.000246925774112302,0.667377915292137,1,0,0.260880573169773,77.7
"13217",0.000329785639334433,0.891327174182314,1,0,0.261849667366002,77.92
"13219",0.000106089539571398,0.286733193438372,1,0,0.264494280147256,79
"13221",0,0,0,0,0.151805805558203,26.85
"13223",0.000676993067590988,1.82974103752579,1,1,0.337253618798687,93.76
"13225",0.000551007556675063,1.48923406560538,1,1,0.16711858180656,35.38
"13227",0.00166527893422148,4.50082777910091,1,1,0.264333421544271,78.91
"13229",0,0,0,0,0.184932950823879,44.99
"13231",0,0,0,0,0.203372109925581,54.22
"13233",0.000941102658615011,2.54356246382254,1,1,0.210818644727325,57.75
"13235",0,0,0,0,0.127874534660509,15.05
"13237",0,0,0,0,0.2192965935382,61.82
"13239",0,0,0,0,0.0862310513557725,2.67
"13241",0,0,0,0,0.208609307081408,56.86
"13243",0,0,0,0,0.132010140228497,16.99
"13245",0.000245977084457422,0.664813847096304,1,0,0.224825951757137,64.37
"13247",0.000423391113767683,1.14431909700517,1,1,0.306618877562881,88.48
"13249",0,0,0,0,0.126320392648291,14.48
"13251",0,0,0,0,0.154820902374245,28.76
"13253",0,0,0,0,0.118512359666899,11.36
"13255",0.000416052044328454,1.12448344849847,1,1,0.230366017482955,66.85
"13257",0.000101030511214387,0.273059919311992,1,0,0.193652056822326,49.03
"13259",0,0,0,0,0.058468073259684,0.67
"13261",0.000414731254147313,1.12091368669131,1,1,0.205392337693659,55.46
"13263",0,0,0,0,0.117642092883656,11.14
"13265",0,0,0,0,0.0566412631864775,0.6
"13267",0,0,0,0,0.128848696905931,15.49
"13269",0,0,0,0,0.14586097274069,23.8
"13271",0,0,0,0,0.143371850392612,22.27
"13273",0,0,0,0,0.151483261436081,26.69
"13275",0.000209969344475707,0.567494032954709,1,0,0.239493183009147,69.9
"13277",0.000773017616664632,2.08927110727254,1,1,0.214588469010537,59.72
"13279",0.000285857214321446,0.772599751690159,1,0,0.187554277703958,46.17
"13281",0,0,0,0,0.161397267889128,32.07
"13283",0,0,0,0,0.144541008678167,22.88
"13285",0.000240958577030076,0.651250090794311,1,0,0.15920333108147,30.77
"13287",0,0,0,0,0.162640498941731,32.87
"13289",0,0,0,0,0.114748972794018,9.96
"13291",0,0,0,0,0.230613812487757,66.88
"13293",0.000953402455011322,2.57680570263387,1,1,0.192647328955371,48.58
"13295",0.00011001705264316,0.29734826793004,1,0,0.165769255836458,34.68
"13297",3.19172704350324e-05,0.0862643095129456,1,0,0.295068813240776,86
"13299",0.000915918666422422,2.47549650242727,1,1,0.222171029972099,63.35
"13301",0,0,0,0,0.143170868871928,22.11
"13303",0,0,0,0,0.164867113508183,34.04
"13305",0,0,0,0,0.208871978478689,57.02
"13307",0,0,0,0,0.110141877942766,8.75
"13309",0,0,0,0,0.114854410026744,9.99
"13311",9.021199819576e-05,0.243820214826351,1,0,0.246792313314532,72.86
"13313",0.000112148933784065,0.303110203461408,1,0,0.205187112075172,55.39
"13315",0,0,0,0,0.121549533710224,12.47
"13317",0,0,0,0,0.161540571367817,32.13
"13319",0,0,0,0,0.106599078265585,7.48
"13321",0,0,0,0,0.19887473609309,51.77
"15001",0.000500574523032116,1.35292633112327,1,1,0.302135436068954,87.56
"15003",0.000488237499199985,1.31958247596843,1,1,0.280346173131895,82.53
"15007",0.000442270669649826,1.19534576156282,1,1,0.238179473596624,69.33
"15009",0.000784791444601923,2.12109278636638,1,1,0.304294627855595,88.01
"16001",0.000323213236825176,0.873563632482962,1,0,0.434562900916558,99.9
"16003",0,0,0,0,0.164099319748907,33.63
"16005",0.000211034773841067,0.570373619062323,1,0,0.340805096708101,94.18
"16007",0,0,0,0,0.186382064058176,45.56
"16009",0.000505305709954523,1.36571353276913,1,1,0.186662899684452,45.75
"16011",0.000157886427030156,0.42672707984055,1,0,0.2466652972196,72.83
"16013",0.000408353751020884,1.10367690873006,1,1,0.283428020202157,83.26
"16015",0.000440722785368004,1.19116222183786,1,1,0.185678480363937,45.28
"16017",0.000462439625937725,1.24985734930382,1,1,0.355696350268688,95.9
"16019",0.000175292519391735,0.473771345168517,1,0,0.407364312396162,99.36
"16021",0,0,0,0,0.208328783404465,56.67
"16023",0,0,0,0,0.0276533552643633,0.1
"16025",0,0,0,0,0.157768925371834,29.97
"16027",0.000379333151772167,1.02524156881156,1,1,0.393074339240433,98.79
"16029",0,0,0,0,0.147265750871662,24.59
"16031",0.000485605272285813,1.3124682323587,1,1,0.207205252792644,56.16
"16033",0,0,0,0,0.0856136356576556,2.51
"16035",0,0,0,0,0.180107483443541,42.57
"16037",0.00106382978723404,2.8752628525001,1,1,0.172166652082738,38.53
"16039",0,0,0,0,0.153278378747599,27.65
"16041",0,0,0,0,0.226634247493521,65.1
"16043",0.000844238075137189,2.28176199354166,1,1,0.216782103515803,60.77
"16045",0.000715947735815286,1.93502565337397,1,1,0.274187027870595,81.07
"16047",0,0,0,0,0.131517770486453,16.74
"16049",0.000176740897843761,0.477685945802421,1,0,0.248200563562877,73.4
"16051",0,0,0,0,0.226866520666806,65.19
"16053",0,0,0,0,0.161796712137202,32.33
"16055",0.000255717103821144,0.691138656003897,1,0,0.419582103111203,99.71
"16057",5.65323082141444e-05,0.152792531027763,1,0,0.243216979594911,71.81
"16059",0,0,0,0,0.224291468052465,64.14
"16061",0.000566251415628539,1.5304343609004,1,1,0.138774410647259,19.98
"16063",0,0,0,0,0.120450906078731,11.99
"16065",0.000143204926249463,0.387046696455692,1,0,0.198203426742401,51.45
"16067",0,0,0,0,0.178940380244902,42.03
"16069",0,0,0,0,0.249029758991587,73.66
"16071",0,0,0,0,0.1301530679643,15.97
"16073",0.000227790432801822,0.615659927414601,1,0,0.141263618493521,21.25
"16075",0,0,0,0,0.219998611129518,62.2
"16077",0,0,0,0,0.0888406205043572,3.4
"16079",0,0,0,0,0.171610093680976,38.18
"16081",0,0,0,0,0.253323450770757,75.12
"16083",0.000335500104843783,0.906771929159186,1,0,0.34511948734724,94.53
"16085",0.000156813548690607,0.423827361039689,1,0,0.220829854145642,62.77
"16087",0.000279485746226942,0.755379284893823,1,0,0.18556476745487,45.21
"17001",0.000116546720666647,0.314996309122706,1,0,0.259083953574257,77
"17003",0,0,0,0,0.0823023840915527,2.26
"17005",0,0,0,0,0.148968821271452,25.45
"17007",7.52785305630834e-05,0.203458828767698,1,0,0.213234579792213,59.08
"17009",0,0,0,0,0.0668777791834183,0.92
"17011",0,0,0,0,0.188443558638386,46.68
"17013",0,0,0,0,0.128257726719562,15.21
"17015",0,0,0,0,0.163051440823098,33.18
"17017",0,0,0,0,0.115620878139669,10.24
"17019",0.000679692597694483,1.83703718463403,1,1,0.192342635790656,48.36
"17021",0.000566893424036281,1.53216954725062,1,1,0.199587279385286,52.12
"17023",0,0,0,0,0.145907998134141,23.86
"17025",0,0,0,0,0.136884248262665,19.31
"17027",0.000516148060758,1.3950176647582,1,1,0.217378020652691,61.15
"17029",0.000226244343891403,0.611481240124457,1,0,0.16745006992408,35.57
"17031",0.000383529695122145,1.03658376410247,1,1,0.364560558141029,96.98
"17033",0,0,0,0,0.165334877512481,34.33
"17035",0,0,0,0,0.117391566143753,10.98
"17037",0.00012378075951874,0.334548086516574,1,0,0.242742957747736,71.52
"17039",0,0,0,0,0.137639495863122,19.54
"17041",0,0,0,0,0.190129316202059,47.47
"17043",0.000472917963699057,1.27817764610566,1,1,0.381057783290549,98.25
"17045",0.00012202562538133,0.32980440284931,1,0,0.101342827608433,5.98
"17047",0,0,0,0,0.122369853279168,12.89
"17049",0,0,0,0,0.243179359107044,71.78
"17051",0.000178890876565295,0.483496794517012,1,0,0.223173059382772,63.73
"17053",0,0,0,0,0.125582291147482,14.22
"17055",0,0,0,0,0.205879814122551,55.71
"17057",0.000514668039114771,1.39101754058163,1,1,0.213007250734069,58.99
"17059",0,0,0,0,0.10706802386713,7.73
"17061",0,0,0,0,0.125330083225754,14.16
"17063",0.000208838025227633,0.564436363158904,1,0,0.201490421375284,53.04
"17065",0.000810372771474878,2.19023264290932,1,1,0.150511958130067,26.38
"17067",0,0,0,0,0.170770904800066,37.51
"17069",0,0,0,0,0.0724043842146726,1.3
"17071",0,0,0,0,0.128921444285506,15.53
"17073",6.04485280783413e-05,0.163377082835646,1,0,0.202270728533841,53.45
"17075",0.000116400884646723,0.314602151245501,1,0,0.171358638031701,37.99
"17077",0,0,0,0,0.19620533810227,50.49
"17079",0,0,0,0,0.154884081938291,28.83
"17081",4.70455400828002e-05,0.127152196149327,1,0,0.178347332204971,41.52
"17083",0,0,0,0,0.170814830750435,37.58
"17085",0,0,0,0,0.227398457801665,65.54
"17087",0,0,0,0,0.116214324780318,10.37
"17089",0.000407842598515453,1.10229539278788,1,1,0.383158517014077,98.31
"17091",6.59297189196317e-05,0.178191355384267,1,0,0.257643158555312,76.61
"17093",0,0,0,0,0.2832652889496,83.14
"17095",0.000248138957816377,0.670656844007469,1,0,0.196198657675632,50.46
"17097",0.000139890992634201,0.378089972049255,1,0,0.263765344805969,78.78
"17099",4.71486833730168e-05,0.127430966375921,1,0,0.278188436227416,81.93
"17101",0,0,0,0,0.118952342075587,11.49
"17103",7.45767767917071e-05,0.201562165810284,1,0,0.189870442397449,47.34
"17105",0,0,0,0,0.171880654495732,38.43
"17107",0.00010501995379122,0.283842373592743,1,0,0.149705781028115,26.03
"17109",0.000255253977707819,0.689886943252812,1,0,0.147353891493775,24.69
"17111",9.27377099349909e-05,0.250646574857889,1,0,0.36605396776185,97.14
"17113",0.00039084999588579,1.05636868562602,1,1,0.187067096818094,45.91
"17115",0.000246959313453109,0.667468563647613,1,0,0.239850458320294,70.22
"17117",0,0,0,0,0.190253086556411,47.5
"17119",1.72787669871878e-05,0.0467001370439502,1,0,0.298112735371574,86.83
"17121",0,0,0,0,0.190532071653628,47.66
"17123",0,0,0,0,0.120316377402102,11.93
"17125",0,0,0,0,0.147378472593255,24.72
"17127",0,0,0,0,0.139711300902867,20.49
"17129",0,0,0,0,0.163621637430906,33.41
"17131",0,0,0,0,0.150674231734627,26.44
"17133",0.00234001424356496,6.32446666711286,1,1,0.240125193596432,70.35
"17135",0.000304785126485827,0.823757111048491,1,0,0.178682446236775,41.87
"17137",0.000461558749835158,1.24747656398857,1,1,0.196511379373292,50.62
"17139",0,0,0,0,0.138943806554607,20.01
"17141",6.0244593047774e-05,0.162825898026996,1,0,0.205245680582661,55.42
"17143",0.000590045478889988,1.59474369593374,1,1,0.224321591610403,64.17
"17145",0,0,0,0,0.146881403939826,24.24
"17147",0,0,0,0,0.16370600128871,33.44
"17149",0,0,0,0,0.182665564175365,43.94
"17151",0,0,0,0,0.101176024428432,5.89
"17153",0,0,0,0,0.080556999533618,2
"17155",0,0,0,0,0.121821471079895,12.6
"17157",0,0,0,0,0.166179489918758,35.03
"17159",0,0,0,0,0.175132080168307,39.8
"17161",0.00018798506861455,0.508076095535373,1,0,0.237966268177608,69.3
"17163",0.000152306974707523,0.411647231360021,1,0,0.321319560301613,91.19
"17165",0,0,0,0,0.144570799079129,22.91
"17167",0.000443253055279988,1.1980009014575,1,1,0.168786604581194,36.53
"17169",0,0,0,0,0.117818936509898,11.23
"17171",0,0,0,0,0.145149722240739,23.48
"17173",0.000347644707109334,0.939595717486563,1,0,0.163855224805037,33.53
"17175",0,0,0,0,0.106776322120126,7.6
"17177",0.000363277803726192,0.98184802374024,1,0,0.199227727752209,51.96
"17179",0.00113567386579468,3.06943922614215,1,1,0.259164286329113,77.09
"17181",0,0,0,0,0.134552845677365,18.52
"17183",0.000705990327932507,1.90811329828098,1,1,0.211443736657689,58.1
"17185",0,0,0,0,0.132589320763932,17.4
"17187",0,0,0,0,0.110329646095475,8.81
"17189",0,0,0,0,0.141838527086171,21.51
"17191",0,0,0,0,0.190890061583085,47.88
"17193",0,0,0,0,0.148290604970737,25.14
"17195",0.000348994459712952,0.943243757396536,1,0,0.243130532661127,71.75
"17197",0.000307436155182717,0.830922171121585,1,0,0.364982408309849,97.04
"17199",3.19621568063413e-05,0.0863856260219931,1,0,0.220335719328544,62.49
"17201",0.000218131053136725,0.589553067217106,1,0,0.279762089674704,82.37
"17203",0,0,0,0,0.17565610579504,40.12
"18001",0.00039321056425716,1.06274870490206,1,1,0.231702249512336,67.36
"18003",0.000439096011087174,1.18676546239833,1,1,0.362330936738867,96.82
"18005",3.72300819061802e-05,0.100623495210354,1,0,0.193270230048085,48.87
"18007",0,0,0,0,0.168940809702456,36.68
"18009",0,0,0,0,0.153879626448369,28.19
"18011",2.02236738325884e-05,0.0546594754252047,1,0,0.208544231914257,56.73
"18013",0.00024975024975025,0.675011758578946,1,0,0.213687262832391,59.37
"18015",0.000151952590791673,0.41068942126578,1,0,0.178306989002913,41.49
"18017",6.3023886052814e-05,0.170337624084584,1,0,0.179281204717107,42.22
"18019",0.00037460783242543,1.01247022573872,1,1,0.296735277221238,86.48
"18021",0,0,0,0,0.177768240493435,41.17
"18023",0.000156274417877793,0.422370226808892,1,0,0.177851637361644,41.27
"18025",0,0,0,0,0.13965540123775,20.43
"18027",0.000593080724876441,1.6029471981648,1,1,0.225855393743764,64.68
"18029",0,0,0,0,0.233910082378297,68.06
"18031",0.000201207243460765,0.54381229001008,1,0,0.191221193915612,48.08
"18033",0.000372454891574243,1.00665137113685,1,1,0.204915764908659,55.14
"18035",0.000498057575455723,1.34612365840726,1,1,0.299025445392258,87.11
"18037",0.000534063219733636,1.44343780839152,1,1,0.213649025909263,59.31
"18039",0.000285173187870634,0.770751001196659,1,0,0.259759306659667,77.25
"18041",0.000441176470588235,1.19238841824269,1,1,0.189355182179178,47.06
"18043",0.000193669765382913,0.523440393134426,1,0,0.248401769461427,73.5
"18045",0,0,0,0,0.167611969044196,35.76
"18047",0,0,0,0,0.208980158626999,57.11
"18049",0.000559518813820115,1.51223784101278,1,1,0.226093247554324,64.84
"18051",4.35540069686411e-05,0.117715465215597,1,0,0.141672029900238,21.44
"18053",0.000526723470178156,1.42360032170261,1,1,0.201161777713743,52.88
"18055",0,0,0,0,0.227072342865849,65.35
"18057",0.000274830386540855,0.742797025089616,1,0,0.318256481797383,90.61
"18059",0.000367118426285679,0.992228255153461,1,0,0.262021220658933,78.05
"18061",0.00264550264550265,7.15012455383624,1,1,0.227369236192191,65.48
"18063",0.000416062251908826,1.12451103700653,1,1,0.212565286045681,58.8
"18065",0.000716939320862934,1.93770565696742,1,1,0.227614128965134,65.64
"18067",0.000972737744784334,2.62906410063494,1,1,0.262121230579686,78.14
"18069",0.000713128038897893,1.9274047257602,1,1,0.220777888624128,62.74
"18071",0.000406603236561763,1.09894571088481,1,1,0.216518243766346,60.58
"18073",0.000298618887644644,0.807091327017573,1,0,0.196140968781601,50.43
"18075",0.000621272365805169,1.67914207340339,1,1,0.165037188823867,34.11
"18077",0,0,0,0,0.198016105781398,51.35
"18079",0,0,0,0,0.168548577991255,36.43
"18081",0.000163788985190746,0.442680201681583,1,0,0.292459837285091,85.52
"18083",0,0,0,0,0.195116370929899,49.73
"18085",0.000352662602650008,0.953157820013637,1,0,0.253737854114109,75.34
"18087",0.000174672489082969,0.472095560061152,1,0,0.264085125516469,78.87
"18089",0.000277877206533411,0.751031808931896,1,0,0.358462551128833,96.25
"18091",8.97102359379205e-05,0.242464078348443,1,0,0.302240676132584,87.59
"18093",0,0,0,0,0.239039701663162,69.68
"18095",0.000803248694720871,2.17097806525511,1,1,0.289479191269409,84.86
"18097",0.000442419536777955,1.19574811175888,1,1,0.325218849575357,91.85
"18099",9.3248787765759e-05,0.25202788897334,1,0,0.246059543548258,72.67
"18101",0,0,0,0,0.0820858101785542,2.23
"18103",0.000387784779447407,1.04808418084347,1,1,0.220225294235961,62.42
"18105",0.000361602934149523,0.977321274880255,1,0,0.208555439264912,56.76
"18107",0.000518313752591569,1.40087098204048,1,1,0.211810709765711,58.45
"18109",0.000387747188832881,1.04798258291977,1,1,0.289429202467841,84.79
"18111",0.000248077400148846,0.670490469201215,1,0,0.153073643537972,27.46
"18113",0.000540306894315971,1.46031288164583,1,1,0.235999153484952,68.76
"18115",0,0,0,0,0.147188549687899,24.56
"18117",0.000123243776189302,0.333096756390202,1,0,0.159411552342805,30.86
"18119",0,0,0,0,0.16253418999136,32.77
"18121",0,0,0,0,0.191118044675809,47.98
"18123",0,0,0,0,0.162477239219244,32.74
"18125",0,0,0,0,0.153474893405422,27.81
"18127",9.98331360440407e-05,0.269823717065058,1,0,0.335517683676917,93.51
"18129",0,0,0,0,0.175775007227126,40.22
"18131",0,0,0,0,0.144279826394905,22.69
"18133",0.00116754232340922,3.15557160694699,1,1,0.197745049503469,51.16
"18135",0,0,0,0,0.196122487573598,50.4
"18137",0.000472627018511225,1.27739129484841,1,1,0.216654970834295,60.67
"18139",0.000889521437466643,2.40415146891131,1,1,0.212163980790773,58.57
"18141",0.000197980597901406,0.535091483141972,1,0,0.304904913596234,88.2
"18143",0,0,0,0,0.146335154735892,23.99
"18145",0.0012151258870419,3.28417794467544,1,1,0.208916467002543,57.05
"18147",0,0,0,0,0.159953451042269,31.31
"18149",0,0,0,0,0.170286237019215,37.16
"18151",0.000222617987533393,0.60168011606191,1,0,0.234019058226668,68.09
"18153",0,0,0,0,0.157493194657215,29.91
"18155",0.000506072874493927,1.36778698448892,1,1,0.155757082748487,29.14
"18157",0.000504978324043638,1.36482869145401,1,1,0.219766263841132,62.04
"18159",0,0,0,0,0.172459492633349,38.59
"18161",0,0,0,0,0.186347310608582,45.53
"18163",0.000357345186734649,0.96581366048158,1,0,0.346244869762268,94.65
"18165",0,0,0,0,0.13967869718724,20.46
"18167",0.000550130656030807,1.48686402494848,1,1,0.29483143991643,85.94
"18169",0,0,0,0,0.215822216196846,60.29
"18171",0,0,0,0,0.178036523232427,41.36
"18173",0.00150507355440113,4.06783315637486,1,1,0.284788690985345,83.65
"18175",0,0,0,0,0.213961711204381,59.5
"18177",6.1434495469206e-05,0.166041903323612,1,0,0.239893609410601,70.25
"18179",0.00071490984192549,1.93222048869258,1,1,0.206881948894431,56.06
"18181",0,0,0,0,0.190107888856248,47.44
"18183",0.000130821559392988,0.353577587827067,1,0,0.205596865983881,55.58
"19001",0.000526177321757432,1.42212422065251,1,1,0.132781030212699,17.66
"19003",0.00130633572828217,3.53069507687799,1,1,0.137519189899995,19.5
"19005",0,0,0,0,0.189447893031436,47.18
"19007",0.000384837406195882,1.04011817639026,1,1,0.205159985538907,55.36
"19009",0.000406008932196508,1.09733945649618,1,1,0.131780737585759,16.89
"19011",0,0,0,0,0.244868571691883,72.19
"19013",0.000255212719801955,0.689775433568154,1,0,0.262245351825704,78.21
"19015",0,0,0,0,0.205045871396916,55.17
"19017",0.000357621814930711,0.966561316531104,1,0,0.180909316357194,42.98
"19019",0,0,0,0,0.22374634548297,63.95
"19021",0,0,0,0,0.152609226093531,27.33
"19023",0,0,0,0,0.168326479331041,36.3
"19025",0,0,0,0,0.145785228801605,23.77
"19027",0,0,0,0,0.209082546782067,57.21
"19029",0.00044490582826635,1.20246792882253,1,1,0.195335912151459,49.86
"19031",0.000313922461152095,0.848453015649066,1,0,0.200389947404991,52.53
"19033",0.000232991612301957,0.629717400128168,1,0,0.278513250756081,81.99
"19035",0,0,0,0,0.168836227603571,36.59
"19037",0,0,0,0,0.149352686395752,25.77
"19039",0,0,0,0,0.10909575656763,8.37
"19041",0.000512820512820513,1.3860241442821,1,1,0.271279705968309,80.43
"19043",0.00013410218586563,0.362444291450999,1,0,0.201493917343386,53.07
"19045",0.000371109152479473,1.0030141787262,1,1,0.238866898978559,69.65
"19047",0.00119633125083079,3.23338079651082,1,1,0.169662379900927,36.91
"19049",3.21895319642052e-05,0.0870001635662814,1,0,0.175685667901327,40.15
"19051",0,0,0,0,0.18408723611302,44.61
"19053",0,0,0,0,0.171199034426163,37.86
"19055",0,0,0,0,0.207257434001948,56.19
"19057",0.000366115967232621,0.989518861873635,1,0,0.255724819283801,76.01
"19059",8.88809883565905e-05,0.240222831868287,1,0,0.218407152454184,61.47
"19061",0.000422832980972516,1.14281060522203,1,1,0.313252436890351,89.72
"19063",0,0,0,0,0.170854759809479,37.64
"19065",0,0,0,0,0.177146296724771,40.88
"19067",0,0,0,0,0.173254808006651,38.94
"19069",0,0,0,0,0.158656164982983,30.45
"19071",0,0,0,0,0.121102342652494,12.19
"19073",0,0,0,0,0.147348291145661,24.63
"19075",0,0,0,0,0.130784969403421,16.32
"19077",0,0,0,0,0.18753328151611,46.13
"19079",0,0,0,0,0.168287304578747,36.24
"19081",0,0,0,0,0.124409469140816,13.55
"19083",0,0,0,0,0.177297694412984,41.08
"19085",0,0,0,0,0.159855208639925,31.05
"19087",0,0,0,0,0.188909234851862,46.83
"19089",0,0,0,0,0.157038223480349,29.75
"19091",0,0,0,0,0.150214581331142,26.22
"19093",0,0,0,0,0.128634087210477,15.37
"19095",0,0,0,0,0.142649072935842,21.89
"19097",0,0,0,0,0.211965992423403,58.48
"19099",8.17527795945062e-05,0.22095708644131,1,0,0.25761812927832,76.58
"19101",0,0,0,0,0.195050748644742,49.67
"19103",0.000203829965043161,0.550900843112096,1,0,0.16794397705227,36.08
"19105",0,0,0,0,0.211276496664928,58.03
"19107",0,0,0,0,0.147961294104863,24.98
"19109",0,0,0,0,0.183140126353166,44.13
"19111",0.000258698745311085,0.699197278838468,1,0,0.188211184448274,46.55
"19113",0.000454612113213081,1.22870156213306,1,1,0.340232574873866,94.11
"19115",0,0,0,0,0.116657440699992,10.59
"19117",0,0,0,0,0.149269007544335,25.68
"19119",0,0,0,0,0.137220497552284,19.41
"19121",0,0,0,0,0.22002085306587,62.23
"19123",0.000431965442764579,1.16749333967607,1,1,0.19831356262509,51.54
"19125",0,0,0,0,0.168823906318006,36.56
"19127",0,0,0,0,0.198691925516742,51.67
"19129",0,0,0,0,0.208675406338354,56.89
"19131",0,0,0,0,0.158814458827304,30.54
"19133",0,0,0,0,0.15005894679343,26.19
"19135",0,0,0,0,0.13546987210445,18.8
"19137",0,0,0,0,0.151298894702957,26.63
"19139",0.000300726038578855,0.812786423054977,1,0,0.188265448589999,46.58
"19141",0,0,0,0,0.179671350184645,42.48
"19143",0,0,0,0,0.11965199299783,11.77
"19145",0,0,0,0,0.157009051292328,29.69
"19147",0,0,0,0,0.133953854232276,18.2
"19149",0.000220636905199676,0.596325751566544,1,0,0.1858369070074,45.34
"19151",0,0,0,0,0.110725018550073,9.04
"19153",0.00022536643715888,0.609108480265435,1,0,0.337534626624904,93.83
"19155",0.000326271370774786,0.881828995089648,1,0,0.251349376917872,74.51
"19157",0,0,0,0,0.120576872985081,12.03
"19159",0,0,0,0,0.140426837944183,20.9
"19161",0,0,0,0,0.168773277670159,36.49
"19163",0.000423557886244453,1.14476984083001,1,1,0.360346859767777,96.63
"19165",0,0,0,0,0.169667405241892,36.94
"19167",0.000366851315161965,0.991506321343446,1,0,0.184797170971774,44.86
"19169",0.00048955062628718,1.32313152637079,1,1,0.188687802846068,46.71
"19171",0,0,0,0,0.149118730876386,25.55
"19173",0,0,0,0,0.103714949842298,6.84
"19175",0,0,0,0,0.159891502803382,31.28
"19177",0,0,0,0,0.153206266325626,27.62
"19179",0.000478669299347813,1.2937220517442,1,1,0.233037216009731,67.58
"19181",0,0,0,0,0.245734326461185,72.51
"19183",9.78186442335909e-05,0.264379055203961,1,0,0.227843372423127,65.8
"19185",0,0,0,0,0.131186333101428,16.54
"19187",0.000206964350390645,0.559372293961835,1,0,0.225141454817664,64.52
"19189",0,0,0,0,0.155858327445288,29.18
"19191",0,0,0,0,0.195056075813552,49.7
"19193",0.000515628889442054,1.3936144759993,1,1,0.31136617286592,89.34
"19195",0,0,0,0,0.141416899425631,21.38
"19197",0,0,0,0,0.0986645127683572,5.12
"20001",0.000644849266483959,1.74286447290027,1,1,0.144831250869902,23.23
"20003",0,0,0,0,0.167733738527741,35.92
"20005",0,0,0,0,0.157790800660486,30
"20007",0,0,0,0,0.117341002936547,10.91
"20009",0.000150409866887268,0.40651982873582,1,0,0.220724368368842,62.65
"20011",0.00031328320802005,0.846725276112186,1,0,0.170546572677699,37.32
"20013",0,0,0,0,0.127994742492383,15.08
"20015",0.000259605399792316,0.701647736591407,1,0,0.242475335580914,71.46
"20017",0,0,0,0,0.0890064239747777,3.5
"20019",0.00201612903225806,5.44908685756068,1,1,0.105304362968195,7.1
"20021",0,0,0,0,0.137978160497247,19.63
"20023",0,0,0,0,0.0912060662594358,3.79
"20025",0,0,0,0,0.0879073098670369,3.25
"20027",0.00028169014084507,0.761337206014112,1,0,0.171573247845727,38.15
"20029",0.000260010400416017,0.702742350845059,1,0,0.18213760523761,43.68
"20031",0,0,0,0,0.118305426883564,11.26
"20033",0,0,0,0,0.0997332190246431,5.35
"20035",0,0,0,0,0.165837605179805,34.74
"20037",0,0,0,0,0.184810943378859,44.89
"20039",0,0,0,0,0.100101461352144,5.47
"20041",0,0,0,0,0.167581780699145,35.73
"20043",0,0,0,0,0.103653031360663,6.81
"20045",0.000373400319087545,1.00920662258906,1,1,0.256287740214396,76.11
"20047",0,0,0,0,0.100458419634762,5.63
"20049",0,0,0,0,0.100569083221045,5.7
"20051",0.000784533482768282,2.1203955807734,1,1,0.240581448268954,70.7
"20053",0,0,0,0,0.115052256608049,10.15
"20055",8.6587583340549e-05,0.234024338154827,1,0,0.224246773061883,64.11
"20057",4.9867850196978e-05,0.134780186573086,1,0,0.180275369622202,42.79
"20059",0.000253464008110848,0.685049108148893,1,0,0.172726797954527,38.75
"20061",3.40959459920216e-05,0.0921527185158068,1,0,0.0752985198583497,1.72
"20063",0,0,0,0,0.0870861602660046,2.96
"20065",0,0,0,0,0.114337256375537,9.9
"20067",0,0,0,0,0.150268316972901,26.25
"20069",0,0,0,0,0.109532745901036,8.5
"20071",0,0,0,0,0.0869927164194685,2.93
"20073",0,0,0,0,0.133354951758495,17.98
"20075",0,0,0,0,0.0779670171013565,1.81
"20077",0,0,0,0,0.134532514679947,18.49
"20079",0.000493492073283573,1.33378426073659,1,1,0.198963103921856,51.8
"20081",0,0,0,0,0.0858258811249537,2.55
"20083",0,0,0,0,0.070027989735768,1.11
"20085",0,0,0,0,0.133151023806403,17.85
"20087",0,0,0,0,0.179465003720184,42.32
"20089",0,0,0,0,0.0914144559623481,3.85
"20091",0.000213754624265522,0.577724686858727,1,0,0.347511247695549,94.85
"20093",0,0,0,0,0.0696647205641007,1.05
"20095",0,0,0,0,0.124747530573687,13.74
"20097",0,0,0,0,0.080782931861847,2.04
"20099",0,0,0,0,0.132548040004337,17.34
"20101",0,0,0,0,0.0685761943705878,1.02
"20103",0.000524677323446081,1.41807010459448,1,1,0.210152055132477,57.56
"20105",0,0,0,0,0.113663457898477,9.8
"20107",0,0,0,0,0.163296022287682,33.28
"20109",0,0,0,0,0.109113264719937,8.4
"20111",5.82445104548896e-05,0.157420180636618,1,0,0.193682372343178,49.06
"20113",0,0,0,0,0.164224695716293,33.69
"20115",0,0,0,0,0.149324471819983,25.71
"20117",0,0,0,0,0.153857638140875,28.16
"20119",0,0,0,0,0.10599809949863,7.32
"20121",0.00285503776017683,7.71644497346224,1,1,0.228121651036938,65.89
"20123",0,0,0,0,0.147572121683841,24.79
"20125",0,0,0,0,0.183927009072653,44.48
"20127",0,0,0,0,0.145229654429449,23.51
"20129",0,0,0,0,0.0812910602197477,2.16
"20131",0,0,0,0,0.151342919813863,26.66
"20133",0.00067778229632642,1.831874123187,1,1,0.201947405490813,53.29
"20135",0,0,0,0,0.103426305152992,6.78
"20137",0,0,0,0,0.124533183661567,13.62
"20139",0,0,0,0,0.163095224029737,33.25
"20141",0,0,0,0,0.119143036978704,11.58
"20143",0,0,0,0,0.113331143891391,9.64
"20145",0,0,0,0,0.0962520139707371,4.74
"20147",0,0,0,0,0.125695791951867,14.32
"20149",0,0,0,0,0.194934948812098,49.6
"20151",0,0,0,0,0.133279921940806,17.91
"20153",0,0,0,0,0.105380422119964,7.13
"20155",9.95520159283225e-05,0.269063920492792,1,0,0.261470298877489,77.79
"20157",0,0,0,0,0.120872698006194,12.15
"20159",0,0,0,0,0.107774083445829,7.86
"20161",0.000166954198898102,0.45123497379099,1,0,0.215799560159005,60.2
"20163",0,0,0,0,0.122044180485152,12.69
"20165",0,0,0,0,0.0813142447802665,2.2
"20167",0,0,0,0,0.134283879568699,18.42
"20169",0.000271714518612445,0.734375622140231,1,0,0.22910999303816,66.4
"20171",0,0,0,0,0.124377689457113,13.49
"20173",0.000307811997902819,0.831937978936388,1,0,0.333731115572274,93.25
"20175",0.000492408699220353,1.33085617464921,1,1,0.165473449101147,34.52
"20177",0.000341359904050189,0.922609484361598,1,0,0.238444196288727,69.42
"20179",0,0,0,0,0.112974622473589,9.58
"20181",0,0,0,0,0.17354023815723,39.04
"20183",0,0,0,0,0.106430952473271,7.45
"20185",0,0,0,0,0.103928681674069,6.9
"20187",0,0,0,0,0.0792123634690091,1.91
"20189",0,0,0,0,0.102905703571359,6.46
"20191",0.000132749236691889,0.358787612020456,1,0,0.161562656057836,32.2
"20193",0,0,0,0,0.162060156642946,32.48
"20195",0,0,0,0,0.127426062701062,14.89
"20197",0,0,0,0,0.113579255693955,9.77
"20199",0,0,0,0,0.108771318502241,8.21
"20201",0,0,0,0,0.129719301513106,15.78
"20203",0,0,0,0,0.108984706865694,8.27
"20205",0,0,0,0,0.123135799697979,13.11
"20207",0,0,0,0,0.124562842894877,13.65
"20209",0.00144841017410282,3.91468637065418,1,1,0.256542365591669,76.26
"21001",0.000164419598816179,0.444384590817182,1,0,0.199659052813724,52.15
"21003",0,0,0,0,0.160076804720672,31.37
"21005",0.000668449197860963,1.80664911854953,1,1,0.22711276120958,65.38
"21007",0.00121951219512195,3.2960330260367,1,1,0.160213933473168,31.43
"21009",0.000226269940038466,0.611550420036225,1,0,0.271265024662023,80.4
"21011",0,0,0,0,0.176028941313956,40.38
"21013",0.000439463854098,1.18775964902224,1,1,0.187193729502338,46.07
"21015",0.000252472881707438,0.682370344154827,1,0,0.235715562224477,68.53
"21017",0.000802292263610315,2.16839307386254,1,1,0.142287727922326,21.7
"21019",0.000144149338714909,0.389599204490266,1,0,0.247353043389996,72.99
"21021",6.07348921955664e-05,0.16415105261768,1,0,0.213834069734383,59.43
"21023",0,0,0,0,0.148735262012668,25.33
"21025",0,0,0,0,0.1271820629219,14.79
"21027",0,0,0,0,0.222689162520943,63.54
"21029",0.000246829780012959,0.667118467520311,1,0,0.199743773072639,52.18
"21031",0,0,0,0,0.180255122960588,42.73
"21033",0.000907605736068252,2.45302875417508,1,1,0.167489574293578,35.67
"21035",0.000775580300260373,2.09619739288136,1,1,0.200214759445067,52.37
"21037",0.000747839574562375,2.02122122746656,1,1,0.273485277859018,80.94
"21039",0,0,0,0,0.122340864157411,12.85
"21041",0.000872926798852725,2.35930035783149,1,1,0.143503866935682,22.34
"21043",0,0,0,0,0.184858842630398,44.93
"21045",0.000208420175072947,0.563307019872884,1,0,0.167422596740858,35.54
"21047",0.000123057991078296,0.33259462622367,1,0,0.102909573269363,6.49
"21049",0.000462168229235442,1.24912383265883,1,1,0.214607760422721,59.78
"21051",0,0,0,0,0.160486244505105,31.63
"21053",0,0,0,0,0.148815843000332,25.42
"21055",0,0,0,0,0.153996233315973,28.25
"21057",0.000371057513914657,1.00287461274586,1,1,0.133157271613031,17.88
"21059",0.000319512836898094,0.863562387380214,1,0,0.281622260004722,82.85
"21061",0,0,0,0,0.15689080287677,29.62
"21063",0,0,0,0,0.0945984918465184,4.3
"21065",0.000369959304476508,0.999906430392193,1,0,0.16468627051786,33.92
"21067",0.000258536072355045,0.698757614981314,1,0,0.312433563770301,89.6
"21069",0,0,0,0,0.20783622561444,56.47
"21071",0,0,0,0,0.205090082085127,55.23
"21073",0.000509356066698837,1.37666062263825,1,1,0.155628178575703,29.02
"21075",0,0,0,0,0.116722600037173,10.63
"21077",0,0,0,0,0.0841684277347357,2.45
"21079",0,0,0,0,0.224925479994145,64.4
"21081",0.000156470035988108,0.422898933085605,1,0,0.194574949482059,49.51
"21083",0.00106014559332815,2.86530540817383,1,1,0.229323887810802,66.5
"21085",0.000687285223367698,1.8575581315121,1,1,0.219918671073844,62.14
"21087",0,0,0,0,0.17740677998012,41.11
"21089",0,0,0,0,0.217066345436793,61.02
"21091",0,0,0,0,0.109709223518439,8.56
"21093",0.000352597468014373,0.95298177756728,1,0,0.215872680215288,60.36
"21095",0,0,0,0,0.143388929915296,22.3
"21097",0.000982800982800983,2.65626248781336,1,1,0.175837244098683,40.31
"21099",0.000318877551020408,0.861845370328475,1,0,0.149410066559129,25.87
"21101",0.000143623132899272,0.388177003257866,1,0,0.212909296830687,58.96
"21103",0.00252880022478224,6.83470742684768,1,1,0.197542422148126,51.07
"21105",0,0,0,0,0.0954662225466785,4.52
"21107",0.000255597587158777,0.690815632693512,1,0,0.197468414762266,51.03
"21109",0,0,0,0,0.182321544051393,43.78
"21111",0.000273296139927624,0.738650344533633,1,0,0.323174010987014,91.38
"21113",0.00148675437015679,4.01832103462575,1,1,0.279831697671192,82.41
"21115",0,0,0,0,0.183840968580034,44.42
"21117",8.57979825217253e-05,0.23189024684632,1,0,0.226485337614489,65
"21119",0.000722543352601156,1.95285193739169,1,1,0.144005737759741,22.53
"21121",0,0,0,0,0.195895311390175,50.24
"21123",0,0,0,0,0.187160178756943,46.04
"21125",0.000207246727228766,0.560135487136907,1,0,0.251620693495863,74.58
"21127",0.00296484540448962,8.01322726363858,1,1,0.131571856891768,16.8
"21129",0,0,0,0,0.133886230337931,18.14
"21131",0,0,0,0,0.101550367296813,6.11
"21133",0.000208116545265349,0.562486385296587,1,0,0.129922159809657,15.84
"21135",0,0,0,0,0.17081832294808,37.61
"21137",0,0,0,0,0.210448573005894,57.65
"21139",0.000251635631605435,0.680107468885279,1,0,0.107786535773278,7.92
"21141",0.00018807598269701,0.508321813306394,1,0,0.200241665664092,52.43
"21143",0.000338409475465313,0.914635222115093,1,0,0.149639187247521,25.93
"21145",0.000340166908563135,0.919385119290899,1,0,0.281060978169547,82.72
"21147",0.00029385836027035,0.794224825551013,1,0,0.150858850229966,26.54
"21149",0,0,0,0,0.133770379584903,18.07
"21151",4.84355323065e-05,0.130908993575031,1,0,0.237410836650027,69.14
"21153",0,0,0,0,0.156710686691664,29.56
"21155",0,0,0,0,0.123760868411347,13.36
"21157",0,0,0,0,0.224326661771335,64.21
"21159",0,0,0,0,0.119944602808446,11.9
"21161",0.00157960058670879,4.26926087542608,1,1,0.214642637176171,59.82
"21163",0.00459224069675376,12.4116651400084,1,1,0.202983980460376,53.93
"21165",0,0,0,0,0.146923595048185,24.37
"21167",0,0,0,0,0.161907813978289,32.42
"21169",0.000373412994772218,1.00924088175881,1,1,0.174592089542118,39.55
"21171",0.000255623721881391,0.690886268238778,1,0,0.149914309423423,26.15
"21173",0.000781725006514375,2.11280497977511,1,1,0.211525166157793,58.16
"21175",0,0,0,0,0.144452720036972,22.81
"21177",0.000618811881188119,1.67249200578595,1,1,0.195704813529139,50.08
"21179",4.82485766669883e-05,0.130403699765999,1,0,0.204669113873742,55.01
"21181",0,0,0,0,0.156496189471219,29.43
"21183",0.000355450236966825,0.960692090527286,1,0,0.154193327521994,28.35
"21185",4.75127096498313e-05,0.128414837333116,1,0,0.279616061983009,82.31
"21187",0,0,0,0,0.166099778137204,34.93
"21189",0,0,0,0,0.119098513643804,11.55
"21191",0,0,0,0,0.171202820185648,37.89
"21193",8.05866709646224e-05,0.217805389745354,1,0,0.194444252123936,49.35
"21195",0.000451773209848656,1.22102872435062,1,1,0.21037178622322,57.62
"21197",0.000293427230046948,0.793059589598034,1,0,0.171638286169368,38.24
"21199",3.36123155524184e-05,0.0908455877567174,1,0,0.293291626221266,85.68
"21201",0,0,0,0,0.0941634496043354,4.2
"21203",0,0,0,0,0.1383577722575,19.76
"21205",7.5052536775743e-05,0.20284802471856,1,0,0.157845626103418,30.03
"21207",0,0,0,0,0.167779118480826,36.02
"21209",5.70092925146799e-05,0.154081698953885,1,0,0.137672124492877,19.6
"21211",0.000368227248816412,0.995225122012135,1,0,0.253538130392515,75.25
"21213",0.000597252637865817,1.61422282382048,1,1,0.164296163711328,33.79
"21215",0,0,0,0,0.192589604330865,48.52
"21217",7.47272455537289e-05,0.201968844817673,1,0,0.220613782885984,62.62
"21219",0,0,0,0,0.181876012766731,43.43
"21221",0.000253485424588086,0.68510699147024,1,0,0.185427840615884,45.15
"21223",0,0,0,0,0.132777381158468,17.63
"21225",0,0,0,0,0.141139017863674,21.13
"21227",0.000279467994563077,0.755331306636122,1,0,0.30840332085491,88.86
"21229",0,0,0,0,0.158159449882025,30.23
"21231",0.000303674460977832,0.820755263088399,1,0,0.165948243280787,34.84
"21233",0,0,0,0,0.152872930903229,27.43
"21235",0.000245896600479498,0.664596319259875,1,0,0.195469244148139,49.95
"21237",0,0,0,0,0.155676923224338,29.08
"21239",0,0,0,0,0.17821728630671,41.43
"22001",0.000405397579197313,1.09568712396193,1,1,0.307712216613907,88.71
"22003",0,0,0,0,0.127415086429117,14.86
"22005",0.000526898150587491,1.42407243866911,1,1,0.297678887973191,86.7
"22007",0,0,0,0,0.165710614156449,34.65
"22009",0.00129533678756477,3.50096772195609,1,1,0.225355315961423,64.59
"22011",0.00180866254164683,4.88835740558323,1,1,0.235928904864192,68.6
"22013",0.00091743119266055,2.47958447830284,1,1,0.12468824993899,13.68
"22015",0.000878687348695418,2.3748696671058,1,1,0.315680157714313,90.07
"22017",0.000472185813258652,1.27619882863974,1,1,0.333629437582209,93.22
"22019",0.000265539146598035,0.717685153452035,1,0,0.31423865207764,89.91
"22021",0,0,0,0,0.154218366864768,28.38
"22023",0,0,0,0,0.102660234340989,6.33
"22025",0,0,0,0,0.187706400509355,46.29
"22027",0.00142857142857143,3.86106725907157,1,1,0.170510011770369,37.29
"22029",0,0,0,0,0.190643415670455,47.73
"22031",0.000407166123778502,1.10046705266698,1,1,0.179492638246582,42.35
"22033",0.000447134557912145,1.20849162136782,1,1,0.302694444573386,87.66
"22035",0,0,0,0,0.123525192366832,13.3
"22037",0,0,0,0,0.171466994352418,38.08
"22039",0.000110107905747633,0.297593820892986,1,0,0.174279245930288,39.39
"22041",0.000705218617771509,1.9060275608957,1,1,0.200358503010149,52.5
"22043",0,0,0,0,0.130302099952683,16.1
"22045",0.000827308370202511,2.23600528294134,1,1,0.263625781324221,78.75
"22047",0.000502316235977005,1.35763374070162,1,1,0.136018436475195,18.96
"22049",0,0,0,0,0.155645829315174,29.05
"22051",0.000777413299455811,2.10115152610694,1,1,0.420197661768955,99.78
"22053",0.000863185153215365,2.33297115351756,1,1,0.230622862528869,66.91
"22055",0.000470118117176941,1.27061036908978,1,1,0.372669285105647,97.65
"22057",0.000672338444829459,1.81716076944228,1,1,0.218193012337346,61.37
"22059",0,0,0,0,0.132594895127814,17.44
"22061",0.0015272121436505,4.12766816385381,1,1,0.262548379810724,78.33
"22063",0.000604404267619698,1.63355187026468,1,1,0.330380866726807,92.59
"22065",0,0,0,0,0.119920525579366,11.87
"22067",0.00121146856912101,3.2742931393392,1,1,0.21675974740863,60.74
"22069",0.00109829763866008,2.96842073734223,1,1,0.19837539622904,51.57
"22071",0.000348619782588026,0.942231099890694,1,0,0.226094859563939,64.87
"22073",0.00058794207492427,1.58905872700449,1,1,0.332996839096157,93.16
"22075",7.16435019343745e-05,0.193634265750831,1,0,0.163711475813044,33.47
"22077",0.000149588631264024,0.404300236551997,1,0,0.191030594695407,47.95
"22079",0.000439415577282215,1.18762916899927,1,1,0.278733137828788,82.06
"22081",0.000335232986925914,0.906049976986289,1,0,0.142312458089747,21.73
"22083",0.000553020876538089,1.49467555998899,1,1,0.178432011623627,41.71
"22085",0,0,0,0,0.173953847799548,39.26
"22087",0.00112883804936785,3.0509637432459,1,1,0.247724158217988,73.21
"22089",0.000597686601272721,1.61539571715191,1,1,0.206522298725703,55.97
"22091",0,0,0,0,0.147161402460771,24.53
"22093",0,0,0,0,0.162164861736115,32.58
"22095",0.000727898358920064,1.96732516509073,1,1,0.228835983241101,66.27
"22097",0.00113511534236543,3.06792967857389,1,1,0.286306447979866,84.19
"22099",0.000407442618497895,1.10121434796283,1,1,0.246615075424213,72.76
"22101",0.000867342280653702,2.34420681756833,1,1,0.206811869816499,56.03
"22103",0.000275073870644294,0.74345510103954,1,0,0.400538397522509,99.05
"22105",0.000570839317939086,1.54283430047975,1,1,0.324215190443346,91.54
"22107",0,0,0,0,0.105824319343417,7.25
"22109",0.000747370191139926,2.0199526027915,1,1,0.264065669710556,78.84
"22111",0.000307125307125307,0.830082027441676,1,0,0.183222894271478,44.19
"22113",0.000256426694018847,0.693056498839694,1,0,0.253624765415967,75.28
"22115",0.00013646288209607,0.368824656297775,1,0,0.119252364985534,11.61
"22117",0.00112629523952545,3.04409117136593,1,1,0.203687946770545,54.37
"22119",0.00136349053577158,3.68517006600511,1,1,0.228308985227954,65.96
"22121",0.000875833726335646,2.36715704760165,1,1,0.211992820618296,58.51
"22123",0.00161290322580645,4.35926948604855,1,1,0.172739673699556,38.78
"22125",0,0,0,0,0.104943837960531,7.06
"22127",0.00020271639975674,0.54789115778433,1,0,0.130865225509279,16.39
"23001",0.000364531121844527,0.985235425626574,1,0,0.344967805946129,94.5
"23003",3.37211262856179e-05,0.091139675648292,1,0,0.232461126145024,67.52
"23005",0.000207618203964124,0.561139494799184,1,0,0.347216773101078,94.78
"23007",0.000565793727772389,1.52919734638302,1,1,0.257200968079544,76.52
"23009",0.00184089414858646,4.97547128716652,1,1,0.262004361582394,78.01
"23011",0.000339275364367605,0.916975500818535,1,0,0.288515783797819,84.63
"23013",0.0002847515542689,0.769611432210175,1,0,0.308926701278184,88.93
"23015",0.000272590977238653,0.736744468134142,1,0,0.275955431108714,81.45
"23017",0.000785237534354142,2.12229845414221,1,1,0.24770519233305,73.18
"23019",0.000397180021844901,1.07347714481187,1,1,0.350797339587622,95.16
"23021",0,0,0,0,0.215391245324566,59.97
"23023",0.000305467874961817,0.825602407499266,1,0,0.220850358951258,62.81
"23025",0.000751395448690425,2.03083185588779,1,1,0.277651652436638,81.86
"23027",0.00027968116347364,0.75590744828698,1,0,0.279254254056653,82.21
"23029",0.000375178209649584,1.01401181111657,1,1,0.218749917771855,61.63
"23031",0.000569151963574274,1.53827380839505,1,1,0.360327842616927,96.6
"24001",0,0,0,0,0.23968501434651,70.09
"24003",0.000207525898671273,0.56089001693834,1,0,0.255537465065693,75.91
"24005",0.000317942220575404,0.859317408698142,1,0,0.330490007740413,92.68
"24009",0.000609779336102748,1.6480793209193,1,1,0.318312741134301,90.65
"24011",0,0,0,0,0.216848905975285,60.87
"24013",0.000669224591772999,1.80874481218218,1,1,0.320213617552218,90.93
"24015",0,0,0,0,0.229626934047416,66.66
"24017",0.000137694985935441,0.372154721353555,1,0,0.297641323266093,86.67
"24019",0,0,0,0,0.212454216839796,58.7
"24021",0.000186468847541449,0.503978133455367,1,0,0.330917857929119,92.81
"24023",0.000147080453007795,0.397521265090469,1,0,0.279070078763133,82.18
"24025",0.000603540140134476,1.63121635222608,1,1,0.307981059273509,88.77
"24027",0.000697045359966708,1.88393731221865,1,1,0.305112870058398,88.23
"24029",0.000223563603845294,0.604235877788978,1,0,0.220061953588189,62.27
"24031",0.000102737678950357,0.277673961927761,1,0,0.239491948655565,69.87
"24033",0.00197979619285973,5.35088838191966,1,1,0.30276377514431,87.72
"24035",0.000518860582161573,1.4023489240648,1,1,0.305708941169942,88.32
"24037",0.000215188738456021,0.58160073480142,1,0,0.145298182849115,23.58
"24039",0,0,0,0,0.135699660761161,18.9
"24041",0.000291587694999271,0.788087791616882,1,0,0.300308225262109,87.4
"24043",0.000213857998289136,0.578004080699337,1,0,0.351560098344758,95.35
"24045",9.84600842818321e-05,0.266112705422206,1,0,0.295016369966194,85.97
"24047",0.000381216426962398,1.03033158533533,1,1,0.26331797900267,78.65
"24510",0.000496878419257257,1.3429366974334,1,1,0.201180594952956,52.91
"25001",0.000419871537176498,1.13480657164576,1,1,0.338028915036595,93.89
"25003",0.000659812797299371,1.78330711213832,1,1,0.296136648296118,86.29
"25005",0.000185371433078941,0.501012099719792,1,0,0.366965613393175,97.2
"25007",0.00143738902511203,3.88489899238621,1,1,0.262067880994241,78.11
"25009",0.000316656111462951,0.855841381048163,1,0,0.352516442930594,95.51
"25011",0.000137061403508772,0.370442308299081,1,0,0.291235533335143,85.27
"25013",0.000755793672799478,2.04271914326166,1,1,0.289855241939947,84.95
"25015",1.26702565726956e-05,0.0342444989718099,1,0,0.242812128450633,71.65
"25017",0.000524886791462478,1.41863624366443,1,1,0.248848404042987,73.62
"25019",0.00156509830773745,4.23006488326338,1,1,0.238834126121773,69.62
"25021",0.000266658382134406,0.720710164031306,1,0,0.383801291303575,98.35
"25023",0.000749764846479968,2.02642475052264,1,1,0.40055673059894,99.08
"25025",7.13757348456338e-05,0.192910559033255,1,0,0.184649334479891,44.73
"25027",0.000150891390891693,0.407821266333379,1,0,0.343531045521964,94.34
"26001",0.00109289617486339,2.95382194683071,1,1,0.203762991236303,54.44
"26003",0.00033255736614566,0.898818450731659,1,0,0.160738410910529,31.75
"26005",4.26721286991402e-05,0.115331971296597,1,0,0.296405377223889,86.45
"26007",7.51766651631334e-05,0.203183512355292,1,0,0.256612676208857,76.3
"26009",0,0,0,0,0.223021601843235,63.63
"26011",0,0,0,0,0.176333704004099,40.47
"26013",0,0,0,0,0.115035488911589,10.12
"26015",6.44786897930234e-05,0.174269590647372,1,0,0.252487772587854,74.8
"26017",0.0018409818569904,4.97570834079927,1,1,0.297497774861211,86.61
"26019",0,0,0,0,0.205150377938298,55.33
"26021",5.90275215819376e-05,0.159536461674912,1,0,0.287460347988544,84.38
"26023",0.000119132713843221,0.321985594633083,1,0,0.216941706685997,60.96
"26025",0.000319263341847022,0.862888065359119,1,0,0.223667142823087,63.92
"26027",0,0,0,0,0.230148606724215,66.78
"26029",8.13735861339409e-05,0.2199322224225,1,0,0.227045906651957,65.32
"26031",0.000136761487964989,0.369631712438471,1,0,0.258335644620105,76.81
"26033",0.000141622999575131,0.382771148753732,1,0,0.19701242708399,50.94
"26035",0.000361358708744881,0.976661195380667,1,0,0.241175976633791,70.92
"26037",0.000137343771459964,0.371205477455033,1,0,0.293578813639034,85.71
"26039",0,0,0,0,0.160517861561965,31.66
"26041",0,0,0,0,0.272299205790664,80.69
"26043",0,0,0,0,0.219099120663724,61.72
"26045",0.000443709410673228,1.19923431466464,1,1,0.233536872689988,67.93
"26047",0.000153672779428337,0.415338656082896,1,0,0.256697509146145,76.39
"26049",0.000555302807289855,1.50084304166817,1,1,0.330411220413408,92.65
"26051",0,0,0,0,0.209938275327604,57.52
"26053",0,0,0,0,0.191223356307109,48.11
"26055",0.000923876096013387,2.49700342202931,1,1,0.378473382310098,98.09
"26057",0.00014110342881332,0.381366880393692,1,0,0.207983890432745,56.51
"26059",0.000270782561603033,0.7318567780531,1,0,0.214436369000859,59.62
"26061",0,0,0,0,0.210847900727635,57.78
"26063",0,0,0,0,0.20963662938666,57.37
"26065",0.000105917243327214,0.286267520267275,1,0,0.204003172886504,54.53
"26067",0.00028291210863825,0.764639875900631,1,0,0.182780240308133,44.03
"26069",0,0,0,0,0.196778778518526,50.81
"26071",0,0,0,0,0.176410931857679,40.5
"26073",6.75219446320054e-05,0.182494738781236,1,0,0.202009644767144,53.32
"26075",0.000227909096828808,0.615980646267197,1,0,0.26257294431322,78.36
"26077",0.000432742677538377,1.16959400869248,1,1,0.312177314028582,89.53
"26079",0.000178858880343409,0.483410316821695,1,0,0.18597742056073,45.4
"26081",0.000344530199059454,0.931177989944909,1,0,0.324675745021864,91.7
"26083",0,0,0,0,0.0968004461711394,4.8
"26085",0.0118315191670611,31.977603896712,1,1,0.168118340374022,36.21
"26087",3.9397998581672e-05,0.106482825677649,1,0,0.311230936521165,89.25
"26089",0.00012298610257041,0.332400329768798,1,0,0.217303013157646,61.12
"26091",0.000644351748228033,1.74151980688615,1,1,0.291351099977733,85.3
"26093",0.000328497125650151,0.887844647582841,1,0,0.352177120273246,95.45
"26095",0,0,0,0,0.164059845411706,33.6
"26097",0,0,0,0,0.160816906648451,31.82
"26099",0.00043094679814559,1.16474020090516,1,1,0.35926790055667,96.44
"26101",0,0,0,0,0.193438546255047,48.9
"26103",6.93673695893452e-05,0.187482455698536,1,0,0.259408757901277,77.16
"26105",0.000700402731570653,1.89301143852222,1,1,0.235158865125443,68.5
"26107",0.00128690927289626,3.47819028128275,1,1,0.220474862581016,62.55
"26109",0,0,0,0,0.157472847326929,29.88
"26111",0.000140548137737175,0.379866069058341,1,0,0.199363978917532,52.05
"26113",0,0,0,0,0.181388694972303,43.33
"26115",0.000109136945038634,0.294969559670635,1,0,0.278947735893798,82.12
"26117",5.25044628793447e-05,0.141906283805004,1,0,0.227930914212528,65.83
"26119",0,0,0,0,0.127579379016567,14.92
"26121",0.000246073677353984,0.665074913265567,1,0,0.28131880022067,82.79
"26123",0,0,0,0,0.233140194921669,67.64
"26125",0.000359448608375026,0.971498677180955,1,0,0.379772906215372,98.15
"26127",0,0,0,0,0.188193924279749,46.48
"26129",0.000149053510210165,0.402853939685512,1,0,0.24065462854006,70.73
"26131",0,0,0,0,0.147353522657318,24.66
"26133",0.000111819300011182,0.302219286743833,1,0,0.172496771057481,38.63
"26135",0,0,0,0,0.195218116721685,49.76
"26137",0.000257113472745972,0.694912688039964,1,0,0.224024901916897,64.05
"26139",9.52141297768589e-05,0.257339711357695,1,0,0.31446038327562,89.98
"26141",0,0,0,0,0.185076729466463,45.02
"26143",0.000139295166457724,0.376479604589789,1,0,0.22076599401156,62.71
"26145",0.000522265937815536,1.41155273911951,1,1,0.292340958922699,85.49
"26147",0.000562734472696957,1.52092895365679,1,1,0.346980603261411,94.75
"26149",0.000123492364055489,0.333768626519997,1,0,0.227305328939643,65.45
"26151",0.000163505559189012,0.441914172882619,1,0,0.258902153153213,76.96
"26153",0,0,0,0,0.166511359964897,35.22
"26155",0.000594016632465709,1.60547671967011,1,1,0.268501514538285,79.8
"26157",7.07213578500707e-05,0.191141943518395,1,0,0.240098764123301,70.28
"26159",0.000323663875065744,0.874781593672403,1,0,0.230282861116812,66.82
"26161",0.000102607881927058,0.277323153401872,1,0,0.178393194998909,41.62
"26163",0.00042555793640592,1.15017547056647,1,1,0.312437412994002,89.63
"26165",0.000209746207089422,0.566890949035188,1,0,0.226499262041339,65.03
"27001",0.00039032006245121,1.0549364095824,1,1,0.211717279939121,58.38
"27003",6.02208096353295e-05,0.162761617478427,1,0,0.358457015106054,96.21
"27005",5.76169624337405e-05,0.15572407705405,1,0,0.252954750132172,75.02
"27007",0.000306520120856505,0.828446362019998,1,0,0.259243821910405,77.12
"27009",0,0,0,0,0.233174053056461,67.67
"27011",0,0,0,0,0.168350460091677,36.33
"27013",2.19245357479555e-05,0.0592564750027427,1,0,0.28586929824673,84.06
"27015",0.000132039347725622,0.356868961688796,1,0,0.196834587675642,50.84
"27017",0.000134916351861846,0.364644776221006,1,0,0.175646441925676,40.09
"27019",6.47794260542852e-05,0.175082404699754,1,0,0.26810324777551,79.73
"27021",0,0,0,0,0.204305398333526,54.82
"27023",0,0,0,0,0.164343230854973,33.82
"27025",0.000216309755569976,0.584630560534306,1,0,0.260463969118097,77.54
"27027",0.000167975475580565,0.453995226363767,1,0,0.248023439983807,73.37
"27029",0,0,0,0,0.153080191727563,27.49
"27031",0,0,0,0,0.171464192165239,38.05
"27033",0,0,0,0,0.138406970444517,19.82
"27035",0.000724448694543452,1.9580015947652,1,1,0.33100892993464,92.84
"27037",0.000779997812201258,2.10813681038641,1,1,0.377760775534929,98.03
"27039",0,0,0,0,0.177816648378778,41.2
"27041",0,0,0,0,0.298508136511404,86.89
"27043",0,0,0,0,0.162554188115513,32.8
"27045",0,0,0,0,0.242159678246512,71.4
"27047",7.47607655502392e-05,0.202059440890408,1,0,0.220099195793437,62.33
"27049",0,0,0,0,0.240913361343901,70.79
"27051",0,0,0,0,0.162595806602991,32.83
"27053",0.000241866973164759,0.653705255796036,1,0,0.295498445223038,86.06
"27055",0,0,0,0,0.208850858143776,56.98
"27057",0,0,0,0,0.243574911360583,71.91
"27059",0,0,0,0,0.234812760216858,68.31
"27061",0.000214938205265986,0.580923606953272,1,0,0.261574452953209,77.86
"27063",0,0,0,0,0.116181112387791,10.34
"27065",0,0,0,0,0.185263481640706,45.08
"27067",0.000189415463878471,0.511942092160113,1,0,0.226010889928306,64.78
"27069",0,0,0,0,0.135408983108197,18.74
"27071",0,0,0,0,0.165971769530133,34.87
"27073",0,0,0,0,0.177285333319958,41.04
"27075",0,0,0,0,0.159861362516466,31.12
"27077",0,0,0,0,0.149240488959153,25.64
"27079",0,0,0,0,0.221231326883845,63
"27081",0,0,0,0,0.162777391949606,32.96
"27083",0,0,0,0,0.182760500715823,43.97
"27085",0,0,0,0,0.236354776225775,68.82
"27087",0,0,0,0,0.113891372579278,9.86
"27089",0,0,0,0,0.12365894543142,13.33
"27091",0,0,0,0,0.194082605951055,49.25
"27093",0,0,0,0,0.196094689329586,50.37
"27095",0.00028336639274582,0.765867690946472,1,0,0.20904706367708,57.17
"27097",0.000455892409391384,1.23216187889223,1,1,0.258726676089102,76.9
"27099",0,0,0,0,0.189304203627016,47.03
"27101",0,0,0,0,0.168519284034009,36.37
"27103",0.000123008795128852,0.332461662014896,1,0,0.170759330126499,37.45
"27105",0,0,0,0,0.143881297947273,22.46
"27107",0.000421940928270042,1.14039961238401,1,1,0.134129741024075,18.29
"27109",0.000126435951159598,0.341724397974328,1,0,0.181779677486633,43.37
"27111",0.000149415412199768,0.403832069231646,1,0,0.284776967440009,83.61
"27113",0,0,0,0,0.127349697680865,14.83
"27115",0,0,0,0,0.221938645047735,63.28
"27117",0,0,0,0,0.16097704272092,31.94
"27119",0.000135372952484094,0.36587885222013,1,0,0.184107002967335,44.64
"27121",0,0,0,0,0.179532818707691,42.38
"27123",6.14017460423784e-05,0.165953389905838,1,0,0.270695562195515,80.24
"27125",0.000765696784073507,2.06948474835383,1,1,0.135725073124843,18.93
"27127",0.000142328494164532,0.384677922196143,1,0,0.18771824879912,46.33
"27129",0,0,0,0,0.136463828492679,19.19
"27131",0.000312910695287565,0.845718468411696,1,0,0.207156198192321,56.12
"27133",0,0,0,0,0.166750068027743,35.35
"27135",0,0,0,0,0.12526929972393,14.09
"27137",6.64855726307391e-05,0.17969368737962,1,0,0.273485969954197,80.97
"27139",1.43775250528374e-05,0.0388588138735942,1,0,0.259450228022474,77.19
"27141",9.0823771608489e-05,0.245473683632052,1,0,0.313880898539444,89.85
"27143",0,0,0,0,0.158324901795992,30.29
"27145",0.000238388905587629,0.644304918803208,1,0,0.321396152842102,91.22
"27147",0,0,0,0,0.204474984661189,54.95
"27149",0,0,0,0,0.113429320565232,9.74
"27151",0,0,0,0,0.149734577425755,26.06
"27153",0,0,0,0,0.187638210259873,46.26
"27155",0,0,0,0,0.169673376985213,36.97
"27157",0,0,0,0,0.196024699094739,50.3
"27159",0,0,0,0,0.197030361779656,50.97
"27161",0,0,0,0,0.194050701368803,49.22
"27163",0.000119606219523415,0.32326536072823,1,0,0.298050419811753,86.76
"27165",0.000588119976475201,1.58953954990204,1,1,0.183438236418454,44.23
"27167",0,0,0,0,0.142138387048739,21.64
"27169",0,0,0,0,0.221071635663528,62.9
"27171",3.5729598399314e-05,0.096568067791557,1,0,0.318413914195051,90.68
"27173",0,0,0,0,0.155523585357299,28.95
"28001",0.00017102787754404,0.462245096861655,1,0,0.243834916532885,72
"28003",0.000135153399107988,0.365285454973658,1,0,0.235988426248347,68.69
"28005",0.000395100750691426,1.06785740077049,1,1,0.143246325529173,22.18
"28007",0.000190803281816447,0.515693013041423,1,0,0.209690259772848,57.4
"28009",0,0,0,0,0.144664038112648,22.97
"28011",0.00194017784963622,5.24381002040439,1,1,0.213643369857688,59.27
"28013",0,0,0,0,0.148095132920079,25.07
"28015",0,0,0,0,0.164758299297191,33.98
"28017",0,0,0,0,0.17074163070989,37.42
"28019",0.000761614623000762,2.05845169942886,1,1,0.125659420618639,14.25
"28021",0,0,0,0,0.0961846994890749,4.71
"28023",0.000275558004960044,0.744763593648415,1,0,0.139787350579242,20.52
"28025",0,0,0,0,0.185631172857144,45.24
"28027",0.000389105058365759,1.05165256083661,1,1,0.192365865019161,48.46
"28029",0,0,0,0,0.163447706495927,33.34
"28031",0.000143740117866897,0.388493184037674,1,0,0.162077213063472,32.55
"28033",0.000254382033360387,0.687530298212688,1,0,0.251067872683364,74.42
"28035",2.27608967793331e-05,0.0615169473392534,1,0,0.255345661717806,75.72
"28037",0.000533902829684997,1.44300431465569,1,1,0.139467217386016,20.36
"28039",0,0,0,0,0.203622019402111,54.25
"28041",0,0,0,0,0.137989777773166,19.69
"28043",0.0017640141121129,4.76768399297352,1,1,0.205444952005915,55.49
"28045",0.00041210408571765,1.11381311488583,1,1,0.197819247483291,51.26
"28047",0.000248451953214586,0.671502791406454,1,0,0.264540706930014,79.03
"28049",0.000291686922702966,0.788355979003432,1,0,0.247779402571372,73.24
"28051",0,0,0,0,0.178396324964827,41.65
"28053",0,0,0,0,0.132219087074912,17.18
"28055",0,0,0,0,0.104618439007133,7.03
"28057",0.000440463955366319,1.19046266980624,1,1,0.1866725767245,45.78
"28059",0.000348820985070462,0.942774899312857,1,0,0.20604539663375,55.74
"28061",0,0,0,0,0.136508582124527,19.22
"28063",0,0,0,0,0.121646399987598,12.5
"28065",0,0,0,0,0.140112267665369,20.78
"28067",0.000854376305297133,2.30916306551651,1,1,0.211595290718932,58.22
"28069",0,0,0,0,0.126532047180251,14.54
"28071",0.000479879344621924,1.2969924980771,1,1,0.242770128258164,71.59
"28073",0.000513171399247349,1.38697250154812,1,1,0.283329961229397,83.2
"28075",0.000791228665084209,2.13849096523688,1,1,0.28781712977808,84.47
"28077",0,0,0,0,0.153590798542968,28.03
"28079",0,0,0,0,0.141368531380053,21.32
"28081",0.000228254380728307,0.616913861318806,1,0,0.262327402264922,78.27
"28083",0.00175450908835708,4.74199431775931,1,1,0.204245347516566,54.76
"28085",6.89797889218459e-05,0.186434923180665,1,0,0.228740028787436,66.15
"28087",0.000667512182097323,1.80411660192918,1,1,0.269189873407173,79.96
"28089",0.000600670993451221,1.62346177440195,1,1,0.278775696530183,82.09
"28091",0,0,0,0,0.200444179539098,52.62
"28093",0,0,0,0,0.178162384425428,41.39
"28095",0.000190639595844057,0.515250611257287,1,0,0.207728356981541,56.44
"28097",0,0,0,0,0.157848836835537,30.07
"28099",0.000672796591163938,1.81839902311063,1,1,0.160103728707624,31.4
"28101",0,0,0,0,0.151640715019852,26.76
"28103",0,0,0,0,0.170661907199297,37.38
"28105",4.17850576633796e-05,0.112934442643745,1,0,0.160586663942018,31.69
"28107",0.00165398610651671,4.47030612198164,1,1,0.219989456438588,62.17
"28109",0.000424899086466964,1.14839476581691,1,1,0.274830804103802,81.29
"28111",0,0,0,0,0.150876556864108,26.57
"28113",0.00206888158695388,5.59166367079855,1,1,0.228780803628628,66.18
"28115",0.000453926463912846,1.22684842548802,1,1,0.152533344108018,27.3
"28117",0.00073117231294175,1.97617383476732,1,1,0.195330968092274,49.83
"28119",0,0,0,0,0.133659160193651,18.01
"28121",0.000785912190963342,2.12412188032363,1,1,0.344870774246826,94.46
"28123",0.000671095899604053,1.81380248396087,1,1,0.112993771036681,9.61
"28125",0,0,0,0,0.126851418197453,14.6
"28127",0.00101339939196036,2.73896224886284,1,1,0.187564190217181,46.2
"28129",0,0,0,0,0.124977083363883,13.94
"28131",0,0,0,0,0.173672493673889,39.07
"28133",0,0,0,0,0.128174139468188,15.11
"28135",0,0,0,0,0.114879148427145,10.02
"28137",0.000862919132149901,2.33225216585931,1,1,0.192933562936292,48.74
"28139",0.00133689839572193,3.61329823709906,1,1,0.160981374872635,31.98
"28141",0,0,0,0,0.173212488334168,38.91
"28143",0,0,0,0,0.0865817970899872,2.77
"28145",0,0,0,0,0.160045470378702,31.34
"28147",0.00205058099794942,5.54220180727976,1,1,0.183585706551691,44.29
"28149",0.000241126543209877,0.651704060896532,1,0,0.193477846645576,48.93
"28151",0.000354672814328782,0.95859091376134,1,0,0.242129844644589,71.36
"28153",0.000525854513584575,1.42125175180549,1,1,0.192132174189201,48.27
"28155",0.000386697602474865,1.04514581645402,1,1,0.170792263209233,37.54
"28157",0,0,0,0,0.13256111069196,17.37
"28159",0,0,0,0,0.177211424091729,40.98
"28161",0,0,0,0,0.132079056883708,17.02
"28163",0.00328542094455852,8.87966186891203,1,1,0.165163705915023,34.14
"29001",0,0,0,0,0.207717898698563,56.38
"29003",0.000546896363139185,1.47812254927542,1,1,0.219701679875475,61.95
"29005",0,0,0,0,0.120448418549579,11.96
"29007",0,0,0,0,0.221668146779259,63.16
"29009",0,0,0,0,0.199883558767281,52.27
"29011",0,0,0,0,0.165815539293321,34.71
"29013",0,0,0,0,0.208954657513527,57.08
"29015",0,0,0,0,0.20437575014106,54.92
"29017",0,0,0,0,0.188045509106077,46.45
"29019",0,0,0,0,0.250176547059493,74.13
"29021",0.000223440991265489,0.603904486996772,1,0,0.254150730696372,75.44
"29023",0.000645161290322581,1.74370779441942,1,1,0.261499256842922,77.82
"29025",0,0,0,0,0.161546954700291,32.17
"29027",0,0,0,0,0.207585234546794,56.32
"29029",0,0,0,0,0.2861894644989,84.09
"29031",0.000305197070108127,0.824870490471342,1,0,0.317374096686231,90.39
"29033",0,0,0,0,0.138391988387902,19.79
"29035",0,0,0,0,0.146912007196226,24.34
"29037",5.58425240820885e-05,0.150928218978087,1,0,0.279917747100946,82.44
"29039",0,0,0,0,0.192362097964423,48.43
"29041",0,0,0,0,0.158682732113221,30.48
"29043",0.000666196410376989,1.80056040375232,1,1,0.351522220516393,95.32
"29045",0,0,0,0,0.144757780196834,23.13
"29047",0.0003643252696007,0.984679059075378,1,0,0.30296253232925,87.81
"29049",0.000370164723301869,1.00046162552289,1,1,0.20910864794284,57.24
"29051",0,0,0,0,0.197616233614805,51.13
"29053",0,0,0,0,0.202169406310162,53.39
"29055",0,0,0,0,0.202608682591386,53.71
"29057",0,0,0,0,0.122749193313992,13.01
"29059",0,0,0,0,0.202872086835443,53.87
"29061",0,0,0,0,0.178924448730357,41.97
"29063",0,0,0,0,0.148089513565581,25.04
"29065",0,0,0,0,0.181301037972884,43.24
"29067",0,0,0,0,0.180190517044794,42.67
"29069",9.50660709192889e-05,0.25693954571253,1,0,0.179026264017449,42.09
"29071",0,0,0,0,0.329941196080719,92.52
"29073",0,0,0,0,0.196259509375834,50.52
"29075",0,0,0,0,0.133333835236288,17.94
"29077",0.000352630933398749,0.95307222603723,1,0,0.331673012953149,92.94
"29079",0,0,0,0,0.167488466954002,35.63
"29081",0,0,0,0,0.146540009417474,24.12
"29083",0,0,0,0,0.202014704313947,53.36
"29085",0,0,0,0,0.172324968579307,38.56
"29087",0,0,0,0,0.124735516182569,13.71
"29089",0,0,0,0,0.148507813962774,25.2
"29091",0,0,0,0,0.284923326727393,83.68
"29093",0,0,0,0,0.151847595794274,26.89
"29095",0.000291411482567861,0.78761153398219,1,0,0.329115467039822,92.33
"29097",0.000292002213069404,0.789208129121102,1,0,0.324612823542096,91.66
"29099",0.000445045445986888,1.20284528020922,1,1,0.361239393961362,96.66
"29101",0,0,0,0,0.160751937562574,31.78
"29103",0,0,0,0,0.144717787485237,23.1
"29105",0,0,0,0,0.224718487802729,64.3
"29107",0,0,0,0,0.221944609395748,63.32
"29109",0.000532339632685653,1.43877938852813,1,1,0.24377047614522,71.97
"29111",0,0,0,0,0.146615164546797,24.15
"29113",0,0,0,0,0.262663194232567,78.4
"29115",0,0,0,0,0.147632547300653,24.85
"29117",0,0,0,0,0.219726679386708,61.98
"29119",0,0,0,0,0.169682040475316,37
"29121",0,0,0,0,0.190265866168802,47.53
"29123",0,0,0,0,0.162819776168942,32.99
"29125",0,0,0,0,0.178590230547249,41.81
"29127",0.000618301731244847,1.67111319951572,1,1,0.233175751600865,67.71
"29129",0,0,0,0,0.103350455809543,6.75
"29131",0.000324675324675325,0.877515286152629,1,0,0.215973193256303,60.45
"29133",0,0,0,0,0.1295016149267,15.75
"29135",0,0,0,0,0.173472312421992,38.98
"29137",0,0,0,0,0.151751855442869,26.82
"29139",0,0,0,0,0.165475603465517,34.55
"29141",0,0,0,0,0.261022319464156,77.76
"29143",0,0,0,0,0.126187438198445,14.44
"29145",0.00032916392363397,0.889646833887458,1,0,0.226551349911571,65.07
"29147",0.000305467874961817,0.825602407499266,1,0,0.175424827919828,39.96
"29149",0,0,0,0,0.152341790727065,27.27
"29151",0,0,0,0,0.153205503141688,27.59
"29153",0,0,0,0,0.194038531499825,49.19
"29155",0.00212389380530973,5.74034778339844,1,1,0.147011126826989,24.44
"29157",0,0,0,0,0.189128739095729,46.9
"29159",0,0,0,0,0.244872057735216,72.22
"29161",9.39496429913566e-05,0.253922123388773,1,0,0.229665753982938,66.72
"29163",0,0,0,0,0.174190902311149,39.33
"29165",0.000315498394669933,0.852712365364803,1,0,0.294501043827158,85.87
"29167",8.65650969529086e-05,0.233963563136262,1,0,0.250348518648802,74.16
"29169",0,0,0,0,0.117138631092372,10.79
"29171",0,0,0,0,0.126958811488511,14.64
"29173",0,0,0,0,0.153326601131019,27.78
"29175",0.000465722801788376,1.25873094325172,1,1,0.203181958471661,54.09
"29177",0,0,0,0,0.169707699901397,37.03
"29179",0,0,0,0,0.125075806366101,14.03
"29181",0,0,0,0,0.160355564956477,31.53
"29183",9.38754548817998e-05,0.253721611692197,1,0,0.342718324574014,94.24
"29185",0,0,0,0,0.171698965933653,38.28
"29186",0,0,0,0,0.179588947296291,42.41
"29187",0.000431237258899169,1.16552524285915,1,1,0.260670873469281,77.63
"29189",0.000228487268747599,0.617543298733228,1,0,0.31950493029817,90.84
"29195",0,0,0,0,0.159124632923579,30.73
"29197",0,0,0,0,0.132964033042287,17.75
"29199",0.00127632418634333,3.44958146949598,1,1,0.181339742062887,43.27
"29201",0.000550782110597048,1.48862474187602,1,1,0.238797538002495,69.55
"29203",0,0,0,0,0.147025839768672,24.47
"29205",0,0,0,0,0.125734709994881,14.35
"29207",0,0,0,0,0.189758429914712,47.31
"29209",0.00188721136767318,5.10065501586941,1,1,0.241531875407014,71.08
"29211",0,0,0,0,0.0951170953214917,4.45
"29213",6.30179286006869e-05,0.170321522598235,1,0,0.231444195863807,67.1
"29215",0,0,0,0,0.19876458043876,51.73
"29217",0,0,0,0,0.210214982845127,57.59
"29219",0,0,0,0,0.245946221861959,72.61
"29221",0,0,0,0,0.213078998741013,59.02
"29223",0,0,0,0,0.154793419276825,28.67
"29225",0,0,0,0,0.245783847479793,72.57
"29227",0,0,0,0,0.132327013926547,17.21
"29229",0,0,0,0,0.221732289989935,63.19
"29510",0.000311038120832089,0.840657373267548,1,0,0.212286700093472,58.64
"30001",0.000182315405651778,0.492752430510501,1,0,0.186206222630032,45.5
"30003",0,0,0,0,0.111317399379143,9.23
"30005",0,0,0,0,0.136227736196707,19.06
"30007",0.000483091787439614,1.30567491852662,1,1,0.200412880490351,52.59
"30009",0.000249625561657514,0.674674758200224,1,0,0.252169971901616,74.71
"30011",0,0,0,0,0.0960511673004826,4.68
"30013",4.52796015395065e-05,0.122379310905596,1,0,0.315862522822087,90.17
"30015",0,0,0,0,0.13033039586736,16.13
"30017",0,0,0,0,0.215855707031011,60.32
"30019",0,0,0,0,0.0989101613893406,5.19
"30021",0,0,0,0,0.219090484904579,61.69
"30023",0,0,0,0,0.17423168613539,39.36
"30025",0.000677048070412999,1.82988969624245,1,1,0.162886964006724,33.06
"30027",0,0,0,0,0.244224232221743,72.1
"30029",0.00118142336555901,3.19308855310343,1,1,0.412772406256461,99.55
"30031",0.000590783773139031,1.59673911856051,1,1,0.402936515726323,99.14
"30033",0,0,0,0,0.0958802356652014,4.65
"30035",0,0,0,0,0.129448014292601,15.72
"30037",0,0,0,0,0.110496369666215,8.94
"30039",0,0,0,0,0.154245083479771,28.44
"30041",0,0,0,0,0.204005714570992,54.57
"30043",0,0,0,0,0.233246365805269,67.8
"30045",0,0,0,0,0.11200014550784,9.39
"30047",0.000245861334207507,0.664501003446181,1,0,0.257585578104723,76.55
"30049",0.000357613821774212,0.966539713050705,1,0,0.305997521373372,88.36
"30051",0,0,0,0,0.0995294500135647,5.25
"30053",0.00104506858262573,2.82455606150239,1,1,0.298430060296412,86.86
"30055",0,0,0,0,0.121702709425269,12.54
"30057",0,0,0,0,0.211385181328162,58.07
"30059",0,0,0,0,0.116653503639222,10.56
"30061",0,0,0,0,0.14774299256663,24.91
"30063",0.000173174013241151,0.468045558853205,1,0,0.417501024079475,99.65
"30065",0,0,0,0,0.144939820807881,23.35
"30067",0.000219226131754905,0.592512787756242,1,0,0.279390547681497,82.25
"30069",0,0,0,0,0.0743502671603279,1.65
"30071",0,0,0,0,0.170889386755983,37.67
"30073",0,0,0,0,0.175496401906599,40.06
"30075",0,0,0,0,0.117279605537827,10.85
"30077",0,0,0,0,0.148234718478842,25.1
"30079",0,0,0,0,0.0934232810702284,4.1
"30081",0,0,0,0,0.352166595137549,95.42
"30083",0,0,0,0,0.22513770567951,64.49
"30085",0,0,0,0,0.131859757286404,16.93
"30087",0,0,0,0,0.101106849093779,5.85
"30089",0,0,0,0,0.237125474511747,69.04
"30091",0,0,0,0,0.162292611099844,32.61
"30093",0.000491776405660893,1.32914724507682,1,1,0.299182343144282,87.18
"30095",0,0,0,0,0.163043344557022,33.15
"30097",0,0,0,0,0.173762154192436,39.1
"30099",0,0,0,0,0.174784851565298,39.71
"30101",0,0,0,0,0.127830168315795,14.99
"30103",0,0,0,0,0.088926462418069,3.47
"30105",0,0,0,0,0.181370831621302,43.3
"30107",0,0,0,0,0.0838466825989571,2.42
"30109",0,0,0,0,0.129336916236883,15.69
"30111",0.000235027232503244,0.635219166685935,1,0,0.427440555243052,99.81
"31001",5.55031359271799e-05,0.150010938632963,1,0,0.241785036758642,71.21
"31003",0.000633111744222855,1.71114091886679,1,1,0.122713598067641,12.98
"31005",0,0,0,0,0.0573652934656864,0.64
"31007",0,0,0,0,0.0954498285260503,4.49
"31009",0,0,0,0,0.0678332619528021,0.99
"31011",0,0,0,0,0.121192456582524,12.28
"31013",0,0,0,0,0.134091106713948,18.26
"31015",0,0,0,0,0.0958226805194137,4.58
"31017",0.000537923614846692,1.45387148001619,1,1,0.118953394036131,11.52
"31019",0.000282618935468676,0.763847502972237,1,0,0.280469532630948,82.56
"31021",0,0,0,0,0.131422609256181,16.64
"31023",0.000278784499581823,0.75348399257042,1,0,0.107781049797818,7.89
"31025",0,0,0,0,0.230949726987085,67.01
"31027",0,0,0,0,0.141267114596255,21.29
"31029",0,0,0,0,0.123778257359462,13.39
"31031",0,0,0,0,0.146057232974895,23.89
"31033",0,0,0,0,0.16084382350442,31.85
"31035",0,0,0,0,0.110545763875592,8.97
"31037",0,0,0,0,0.10075100800351,5.79
"31039",0,0,0,0,0.153995762454609,28.22
"31041",0,0,0,0,0.144180927509841,22.59
"31043",0.000269850907373676,0.729338752303879,1,0,0.13286661852575,17.69
"31045",0.00026123301985371,0.706046781961886,1,0,0.154858774596677,28.79
"31047",0.00430342815463166,11.6310778847305,1,1,0.155416422904536,28.92
"31049",0,0,0,0,0.082952829536953,2.35
"31051",0,0,0,0,0.106949697753458,7.67
"31053",0.000240315293665289,0.649511458557651,1,0,0.245113320042357,72.32
"31055",0.000162970050310432,0.440466827823998,1,0,0.303265399930335,87.88
"31057",0,0,0,0,0.0876662296789281,3.18
"31059",0,0,0,0,0.130027304073863,15.91
"31061",0,0,0,0,0.105861773812282,7.29
"31063",0,0,0,0,0.0740534823267905,1.4
"31065",0,0,0,0,0.0948990245918773,4.42
"31067",0.000603196943802151,1.63028877934056,1,1,0.221074204608165,62.93
"31069",0,0,0,0,0.0875484213334058,3.09
"31071",0,0,0,0,0.128239876326323,15.18
"31073",0,0,0,0,0.0875628384030317,3.12
"31075",0,0,0,0,0.0825644451544818,2.29
"31077",0,0,0,0,0.108015818400415,7.99
"31079",0.000151952590791673,0.41068942126578,1,0,0.264878938182806,79.13
"31081",0,0,0,0,0.171386539652882,38.02
"31083",0,0,0,0,0.101526976108146,6.05
"31085",0,0,0,0,0.127009390929946,14.67
"31087",0,0,0,0,0.0982815958979128,5.06
"31089",0,0,0,0,0.177683720693589,41.14
"31091",0,0,0,0,0.104036935139249,6.97
"31093",0,0,0,0,0.154253943799238,28.48
"31095",0,0,0,0,0.13873533154784,19.95
"31097",0,0,0,0,0.0980135767807466,5
"31099",0,0,0,0,0.129087844289533,15.59
"31101",0.000486854917234664,1.31584570659693,1,1,0.196062809714937,50.33
"31103",0,0,0,0,0.108493084645876,8.05
"31105",0,0,0,0,0.0898528562320826,3.66
"31107",0,0,0,0,0.145566863601599,23.7
"31109",0.000196935879697426,0.532267874065331,1,0,0.30694937972547,88.51
"31111",0,0,0,0,0.25438737264071,75.5
"31113",0,0,0,0,0.0859068623513707,2.61
"31115",0,0,0,0,0.0877329841959088,3.21
"31117",0,0,0,0,0.0539843658590877,0.48
"31119",8.16193274567418e-05,0.220596399065467,1,0,0.287593663931517,84.41
"31121",0,0,0,0,0.172559143537077,38.69
"31123",0,0,0,0,0.0998857715871725,5.38
"31125",0,0,0,0,0.0924010056531558,4.01
"31127",0,0,0,0,0.100019543547263,5.41
"31129",0,0,0,0,0.124825696882744,13.87
"31131",0.000136425648021828,0.368724022012292,1,0,0.177124392104046,40.85
"31133",0,0,0,0,0.122410303584684,12.92
"31135",0,0,0,0,0.098817233362831,5.15
"31137",0,0,0,0,0.136618230979737,19.25
"31139",0,0,0,0,0.168952318702145,36.72
"31141",0.000306225119209064,0.827649047178384,1,0,0.219199324468936,61.76
"31143",0,0,0,0,0.125041071822668,13.97
"31145",0.000334504097675196,0.904079973691286,1,0,0.180176167285152,42.63
"31147",0,0,0,0,0.16207542353563,32.52
"31149",0,0,0,0,0.0882065151439914,3.34
"31151",0,0,0,0,0.131505355622362,16.7
"31153",0.000114324911398194,0.308991320607077,1,0,0.260417862915192,77.47
"31155",0.000130907186804556,0.353809017063765,1,0,0.223205154838078,63.76
"31157",5.43744222717634e-05,0.146960311095106,1,0,0.266903104084573,79.57
"31159",0.000264480296217932,0.714823348677625,1,0,0.184029457995302,44.54
"31161",0,0,0,0,0.119384519478165,11.68
"31163",0,0,0,0,0.111163549269359,9.2
"31165",0,0,0,0,0.120603258682354,12.06
"31167",0,0,0,0,0.100465517017742,5.66
"31169",0,0,0,0,0.109855136413162,8.59
"31171",0,0,0,0,0.129775083469821,15.81
"31173",0,0,0,0,0.0765928807216566,1.78
"31175",0,0,0,0,0.139133611421975,20.04
"31177",0,0,0,0,0.202631447440603,53.74
"31179",0,0,0,0,0.112668159171748,9.48
"31181",0,0,0,0,0.102863297767872,6.4
"31183",0,0,0,0,0.0522999861774411,0.35
"31185",0.000222890894906943,0.602417715669252,1,0,0.187854679671338,46.36
"32001",0.000357845768473788,0.967166606316013,1,0,0.192707271796277,48.65
"32003",0.000503664136639052,1.36127677528191,1,1,0.324396304252839,91.57
"32005",0.000212621194080626,0.574661311734585,1,0,0.250967108438825,74.36
"32007",0.000331881352416511,0.896991356598249,1,0,0.251827262959776,74.61
"32009",0,0,0,0,0.0892170554024676,3.56
"32011",0,0,0,0,0.0140346878016951,0.03
"32013",0.00011671335200747,0.315446671492775,1,0,0.15988294229811,31.24
"32015",0,0,0,0,0.0696705737289456,1.08
"32017",0,0,0,0,0.122265509121111,12.79
"32019",0.00012831205491756,0.346795031930468,1,0,0.243077989434093,71.68
"32021",0,0,0,0,0.101099198306667,5.82
"32023",0.000454073689673067,1.22724633948175,1,1,0.24176349303457,71.17
"32027",0,0,0,0,0.0651540758202377,0.89
"32029",0,0,0,0,0.0798509205388066,1.94
"32031",0.000312865166421652,0.845595415402232,1,0,0.390280336861932,98.7
"32033",0,0,0,0,0.125983008312048,14.41
"32510",5.81784332547924e-05,0.157241590676912,1,0,0.248754945734256,73.56
"33001",0.000368929433861014,0.997122950592,1,0,0.326375695138784,91.95
"33003",0.000211882362912111,0.572664437950271,1,0,0.336284198101552,93.6
"33005",0.000786229747564092,2.12498015549947,1,1,0.310946548091601,89.21
"33007",0.000881316098707403,2.38197451352829,1,1,0.247257278825175,72.96
"33009",0.000157185746396517,0.424833317303022,1,0,0.215557327233235,60.17
"33011",0.000237821732419141,0.642771993177456,1,0,0.356592138895582,95.99
"33013",0.000381449972258184,1.03096279920188,1,1,0.34193290817102,94.21
"33015",0.000262815092442352,0.710322724033323,1,0,0.390984937034491,98.73
"33017",0.00025785063081315,0.696905039854524,1,0,0.302265665709569,87.62
"33019",0.0010428808048586,2.81864305152762,1,1,0.272612982818515,80.75
"34001",0.0003154018806754,0.85245151244777,1,0,0.241895561763442,71.3
"34003",0.00183555469443113,4.96104009303221,1,1,0.376101811727141,97.9
"34005",5.10136844208459e-05,0.137877086677356,1,0,0.304645735889898,88.1
"34007",0.000771523759424864,2.08523358897781,1,1,0.362128963745119,96.79
"34009",0.00128223992600845,3.4655702176099,1,1,0.277510396844531,81.83
"34011",0.000339574297312732,0.917783440963498,1,0,0.259913892501313,77.35
"34013",0.000115545083933456,0.312289138365501,1,0,0.271846729937236,80.56
"34015",0.000278727243387563,0.753329243558494,1,0,0.328658285940068,92.27
"34017",0.000301732528713257,0.81550671132814,1,0,0.24739602954525,73.02
"34019",0.000340909090909091,0.921391050460261,1,0,0.330384857277489,92.62
"34021",0.000252778835832266,0.683197260772732,1,0,0.187080996418558,45.94
"34023",0.000119392802319632,0.322688548003594,1,0,0.29259853951518,85.56
"34025",0.000658332138341003,1.77930526546012,1,1,0.385238199914342,98.38
"34027",0.000165611151150844,0.447605055411974,1,0,0.276152274503696,81.51
"34029",0.00039765660040598,1.07476521612686,1,1,0.393588340982359,98.85
"34031",0.000854884616172165,2.31053690125042,1,1,0.440689467397072,99.97
"34033",4.22707866593397e-05,0.114247245269903,1,0,0.216937081276133,60.93
"34035",6.73219334859297e-05,0.181954159239942,1,0,0.24506416526026,72.26
"34037",6.72600497724368e-05,0.181786903213916,1,0,0.34409715218355,94.4
"34039",0.000225066161690635,0.608296911620033,1,0,0.369249773763418,97.39
"34041",8.02868918267944e-05,0.21699516255554,1,0,0.321931038828435,91.25
"35001",0.000403139318229391,1.08958361572196,1,1,0.332942580149997,93.13
"35003",0,0,0,0,0.138442332116876,19.85
"35005",0.000201199146915617,0.543790407096314,1,0,0.265122167317093,79.19
"35006",0.000729838219194745,1.97256811678635,1,1,0.148706589741559,25.29
"35007",0,0,0,0,0.165427555816227,34.46
"35009",0.000337040781934614,0.910935989669733,1,0,0.196762863050281,50.78
"35011",0,0,0,0,0.117565645536046,11.1
"35013",0.000375339145728104,1.01444678063307,1,1,0.282647001276108,83.07
"35015",0.000372930950400184,1.00793803773921,1,1,0.239532057182546,69.97
"35017",0.000365998719004483,0.989201969567242,1,0,0.189962864283199,47.38
"35019",0,0,0,0,0.0872573304264727,2.99
"35021",0,0,0,0,0.0742900257642873,1.59
"35023",0,0,0,0,0.132327400044498,17.24
"35025",0.000563017775275477,1.52169464887402,1,1,0.180031728447316,42.54
"35027",0.00037248572138068,1.00673469630622,1,1,0.270234036150452,80.18
"35028",0,0,0,0,0.0347285978495433,0.16
"35029",0.0015473032714412,4.18196940085117,1,1,0.182030013783917,43.62
"35031",0.00062402496099844,1.68658164202814,1,1,0.226157963518915,64.91
"35033",0,0,0,0,0.139525720721455,20.39
"35035",0.000548911978043521,1.48357024657524,1,1,0.188006845021247,46.42
"35037",0,0,0,0,0.166107394218969,35
"35039",0,0,0,0,0.181848650954937,43.4
"35041",0.000271702214373047,0.734342366893112,1,0,0.143267829020063,22.21
"35043",0.000142765365122421,0.385858673902505,1,0,0.271110206241827,80.31
"35045",0.000565566736874951,1.52858384739747,1,1,0.290689101167927,85.08
"35047",0.000781948168007149,2.11340812884838,1,1,0.182642477979031,43.91
"35049",0.000311872864348864,0.842913473871186,1,0,0.307023263869401,88.55
"35051",0,0,0,0,0.146157205637768,23.96
"35053",0.000330687830687831,0.89376556922953,1,0,0.123259301172062,13.17
"35055",0.000152160681679854,0.411251838306467,1,0,0.272463565912355,80.72
"35057",0,0,0,0,0.182354572492758,43.81
"35059",0,0,0,0,0.135430200407189,18.77
"35061",0.000964785335262904,2.60757074901119,1,1,0.247871344479944,73.31
"36001",0.000106696870088353,0.288374654220487,1,0,0.234591726462631,68.25
"36003",0.000254825762884628,0.68872958688924,1,0,0.198967121459318,51.83
"36005",0.000283404704518095,0.765971237977168,1,0,0.201438368878251,53.01
"36007",0.000179273717352575,0.484531516337456,1,0,0.283829330936536,83.42
"36009",0.00114791181336304,3.10251530321427,1,1,0.24080479763252,70.76
"36011",0.000514214353926394,1.38979134426289,1,1,0.245111791300642,72.29
"36013",0.000217576201119528,0.588053442547048,1,0,0.27696299359386,81.64
"36015",0.000677659814772984,1.83154308652593,1,1,0.295757103185081,86.1
"36017",0.000107446008380789,0.290399385553895,1,0,0.183198172676167,44.16
"36019",0.000258368260894528,0.698304063046187,1,0,0.228517701200472,66.02
"36021",0.00113158745554478,3.05839469276603,1,1,0.275411365865615,81.36
"36023",0.000212913184648959,0.57545048839093,1,0,0.21119457244571,57.91
"36025",0.000185265238065831,0.500725081458056,1,0,0.224517410915235,64.24
"36027",0.000603471922880991,1.63103197824333,1,1,0.296796073238219,86.54
"36029",0.000452248261987621,1.2223126701327,1,1,0.333873337154246,93.35
"36031",0,0,0,0,0.226895497785295,65.22
"36033",0.000105557608064601,0.285295517110899,1,0,0.159624640293776,30.96
"36035",0.000972706986324884,2.62898096829843,1,1,0.227372784504024,65.51
"36037",0.0015142458657103,4.09262359399497,1,1,0.24851923548149,73.53
"36039",0.00205236644069905,5.54702740746024,1,1,0.25834767763026,76.84
"36041",0,0,0,0,0.151992092781768,26.98
"36043",0.000412444025453688,1.11473188601524,1,1,0.255535238464777,75.88
"36045",0.000185297486692271,0.500812241339045,1,0,0.186735359314975,45.85
"36047",0.000296245732479558,0.800677288821546,1,0,0.241389670359515,70.98
"36049",0.000251889168765743,0.680792715705314,1,0,0.177089370074435,40.79
"36051",0.000502191380569759,1.35729628811409,1,1,0.242552031262172,71.49
"36053",0.000432806751785328,1.16976718517641,1,1,0.239698966036764,70.12
"36055",0.000332542620879243,0.898778598005885,1,0,0.28620080451874,84.12
"36057",0.000633497392914575,1.71218322974277,1,1,0.19524107058399,49.79
"36059",0.00037743972445465,1.02012411365539,1,1,0.354378320259515,95.77
"36061",0.000126945805543351,0.343102405421929,1,0,0.19601823446873,50.27
"36063",0.00036604709805995,0.989332725918204,1,0,0.318952639052069,90.74
"36065",0.000350925797663573,0.948463675405677,1,0,0.268726798360312,79.83
"36067",0.000358848059954067,0.969875546689001,1,0,0.312110545375032,89.5
"36069",0.000137471216963948,0.371549930418957,1,0,0.285737736252234,83.93
"36071",0.000257681780180263,0.696448679299303,1,0,0.351409548147462,95.29
"36073",0.000466055615970172,1.25963045581021,1,1,0.180137585033802,42.6
"36075",0.000368438952499717,0.995797303524297,1,0,0.271180543205895,80.37
"36077",0.000991276764472641,2.6791703819886,1,1,0.22579612309395,64.65
"36079",0.00102610145578144,2.77329271478237,1,1,0.324702366997557,91.73
"36081",0.000386559243080187,1.04477186600388,1,1,0.280773751075475,82.66
"36083",0.000547962867457452,1.48100504070886,1,1,0.276947135327278,81.61
"36085",0.000418768562721867,1.1318255106577,1,1,0.266273481558655,79.45
"36087",0.000561266111926905,1.51696034587116,1,1,0.277655549266526,81.9
"36089",0.000237216657880865,0.641136629735131,1,0,0.213584463961117,59.21
"36091",0.000567904432643545,1.53490204781313,1,1,0.35128800023317,95.26
"36093",0.000686506162590204,1.85545252726953,1,1,0.243541625531096,71.87
"36095",0.000330906684315023,0.894357075231667,1,0,0.185801312017413,45.31
"36097",0.000176397953783736,0.476759054745122,1,0,0.167283327465378,35.48
"36099",0.000264643613267466,0.715264753356589,1,0,0.195467652830044,49.92
"36101",0.000133017638138817,0.359513033247772,1,0,0.2046135571002,54.98
"36103",0.000646139183764676,1.74635079306591,1,1,0.41889363851475,99.68
"36105",8.83626402756914e-05,0.238821868105514,1,0,0.200600598627187,52.72
"36107",7.02296509586347e-05,0.189812984152686,1,0,0.197113066032196,51
"36109",0.000172693675957586,0.466747328661986,1,0,0.19059472857626,47.69
"36111",0.000590798316224799,1.59677842484313,1,1,0.370943665561659,97.49
"36113",7.62795901243357e-05,0.20616443957513,1,0,0.253649993176594,75.31
"36115",6.00348201957135e-05,0.162258935063343,1,0,0.224799230315723,64.33
"36117",0.000732997641659762,1.98110723663243,1,1,0.23669430089507,68.92
"36119",0.00107133459470974,2.89554644900113,1,1,0.336677762341295,93.67
"36121",0.000707463742483198,1.91209556515748,1,1,0.197765779131131,51.19
"36123",0.000357867112012406,0.967224292502719,1,0,0.23239514223427,67.45
"37001",5.31822956137902e-05,0.14373829424967,1,0,0.291813507032606,85.43
"37003",0,0,0,0,0.229552176863809,66.62
"37005",0,0,0,0,0.170095370924179,37.1
"37007",0.00012868356710848,0.347799135420165,1,0,0.159016687372111,30.64
"37009",0.00189098998887653,5.1108676732983,1,1,0.24045642443319,70.51
"37011",0,0,0,0,0.195421588974943,49.89
"37013",0.000326601709215612,0.882721816346448,1,0,0.256648994734372,76.33
"37015",0.000648403306856865,1.75247014514514,1,1,0.140088618042375,20.74
"37017",0.000712020195481908,1.92441050520105,1,1,0.142562794302724,21.83
"37019",0.000495519676260478,1.33926435876455,1,1,0.343581312422281,94.37
"37021",0.000436832119548563,1.18064673614986,1,1,0.373229646814988,97.68
"37023",0.000272884387980959,0.737537483161544,1,0,0.201616608919703,53.17
"37025",0.000204308874155949,0.552195213318916,1,0,0.320084051131094,90.87
"37027",0.000314114197961748,0.848971231751741,1,0,0.244001412601192,72.06
"37029",0,0,0,0,0.204140103096613,54.69
"37031",0.000308060927605682,0.832610772964261,1,0,0.315818017889819,90.14
"37033",0.00025974025974026,0.702012228922103,1,0,0.186150351548695,45.43
"37035",0.000359435173299101,0.971462365568713,1,0,0.278998445449136,82.15
"37037",4.3994720633524e-05,0.11890660278707,1,0,0.280125854803338,82.5
"37039",0.000210770365686584,0.569658990694509,1,0,0.259890973516548,77.31
"37041",0,0,0,0,0.175207604499267,39.83
"37043",0,0,0,0,0.208565976510832,56.82
"37045",0.000145839916385115,0.394168408354211,1,0,0.245394669812328,72.41
"37047",0.00288184438040346,7.78889648804063,1,1,0.218083172665143,61.31
"37049",0.000277447483154974,0.749870375325037,1,0,0.238292656709102,69.39
"37051",0.000335928335288472,0.907929327743714,1,0,0.147580612971278,24.82
"37053",0.00056471651231082,1.52628590543828,1,1,0.273001008530497,80.88
"37055",0.000558155510712292,1.50855317751712,1,1,0.258120905812513,76.71
"37057",0.00048392800640274,1.30793500688858,1,1,0.32501895053051,91.76
"37059",6.36375206821942e-05,0.171996123288157,1,0,0.212019096662086,58.54
"37061",0.000128921357971637,0.348441823981534,1,0,0.174643683496269,39.58
"37063",0.000575072373053752,1.5542751778361,1,1,0.153141570149367,27.55
"37065",0.000513727952508705,1.38847672425086,1,1,0.187582710194725,46.23
"37067",0.000158388536396754,0.428084154465641,1,0,0.276605939250692,81.58
"37069",0.000707338638373121,1.91175744038911,1,1,0.296029454941641,86.16
"37071",0.00058700395397003,1.58652322333346,1,1,0.297600430945791,86.64
"37073",0,0,0,0,0.158481106653774,30.42
"37075",0,0,0,0,0.177210316609423,40.95
"37077",0.000482667836770513,1.30452908709307,1,1,0.171818680918853,38.37
"37079",0,0,0,0,0.158104645105111,30.19
"37081",0.000497288518615272,1.34404509227634,1,1,0.358382149381214,96.18
"37083",0.000822755054066761,2.22369882104498,1,1,0.255400691149672,75.76
"37085",0.000448175923989363,1.21130617049364,1,1,0.279593187416904,82.28
"37087",0.000667970800133594,1.80535613048816,1,1,0.319121873423474,90.77
"37089",0.000256445663109305,0.693107767493565,1,0,0.317162439612015,90.36
"37091",0.00173753066230581,4.69610592630332,1,1,0.195865378309282,50.17
"37093",0,0,0,0,0.213323259219753,59.12
"37095",0,0,0,0,0.159252702825518,30.83
"37097",0.000275846849828975,0.745544268274881,1,0,0.366453836567102,97.17
"37099",0.00226139394642236,6.11197588847581,1,1,0.205059360391321,55.2
"37101",0.000504215804364268,1.36276779361612,1,1,0.336283972213704,93.57
"37103",0,0,0,0,0.179084899947439,42.16
"37105",0.000386909559890376,1.04571868374016,1,1,0.229638877319527,66.69
"37107",9.44108761329305e-05,0.255168719915984,1,0,0.185525455580229,45.18
"37109",0.00040443006470881,1.09307217700197,1,1,0.311293010996578,89.31
"37111",5.77901063337957e-05,0.156192041224578,1,0,0.202231750784113,53.42
"37113",6.96427327808343e-05,0.188226692760645,1,0,0.276303703966835,81.55
"37115",0,0,0,0,0.217041895351972,60.99
"37117",0.00164361046431996,4.44226338531724,1,1,0.228832630110719,66.24
"37119",0.000315393035379678,0.852427605850572,1,0,0.323874580259615,91.47
"37121",0,0,0,0,0.176483287944007,40.57
"37123",0,0,0,0,0.16439438874509,33.85
"37125",0.000263250263250263,0.711498880664294,1,0,0.294205206365425,85.75
"37127",0.00112465697962122,3.03966336919126,1,1,0.262320659621312,78.24
"37129",0.000642602470910146,1.73679195272076,1,1,0.373684986897035,97.74
"37131",0,0,0,0,0.152128174078705,27.14
"37133",0.000170849120127031,0.461761960774566,1,0,0.144349762290527,22.72
"37135",3.24426036270831e-05,0.0876841522644969,1,0,0.140635775938516,20.94
"37137",0,0,0,0,0.14940436956532,25.84
"37139",0.000838310803730483,2.26574207804682,1,1,0.22646564916588,64.94
"37141",0.00100083402835696,2.70500124905765,1,1,0.304281763019924,87.97
"37143",0,0,0,0,0.200288818102812,52.47
"37145",0.000824704480894346,2.22896762871354,1,1,0.25007164185387,74.07
"37147",0.000372186706366582,1.00592653434959,1,1,0.250634518612794,74.26
"37149",0,0,0,0,0.233709901428418,67.99
"37151",0.00031850937611976,0.860850286690321,1,0,0.288837382142001,84.73
"37153",0.00145147040262527,3.9229573943615,1,1,0.213787270729135,59.4
"37155",0.000339236040436936,0.916869218179693,1,0,0.237598054922884,69.23
"37157",0.00063351282863478,1.7122249485905,1,1,0.239832668471784,70.19
"37159",0.00027588585222864,0.745649681896742,1,0,0.292766629698217,85.59
"37161",0,0,0,0,0.270326728363177,80.21
"37163",0.000683963339564999,1.84857991975977,1,1,0.21579975998804,60.23
"37165",0.000598667963780588,1.61804809180579,1,1,0.191699739908878,48.14
"37167",0.000538482249317281,1.45538132770112,1,1,0.283579013334179,83.39
"37169",0,0,0,0,0.221899913077461,63.25
"37171",0.000398345334763291,1.07662669090091,1,1,0.269987129112189,80.11
"37173",0,0,0,0,0.0919588879294699,3.95
"37175",0,0,0,0,0.236942855248475,68.98
"37177",0,0,0,0,0.11033247424284,8.85
"37179",0.000206602084385474,0.558393180573685,1,0,0.355333283037246,95.8
"37181",0.000317884163010999,0.859160493785396,1,0,0.223135292382987,63.7
"37183",0.000349173138609266,0.943726681262046,1,0,0.349688562008115,94.97
"37185",0,0,0,0,0.1674198682305,35.51
"37187",0,0,0,0,0.184752285982788,44.83
"37189",0.000616945434603784,1.66744747272764,1,1,0.240564789586231,70.6
"37191",0.000210345157280811,0.568509759916839,1,0,0.245768147401316,72.54
"37193",4.51385754265595e-05,0.121998152990435,1,0,0.251305573717032,74.48
"37195",0.0001776514478593,0.480146932199342,1,0,0.252611440222186,74.86
"37197",0,0,0,0,0.201882293949136,53.26
"37199",0,0,0,0,0.211686662970704,58.32
"38001",0,0,0,0,0.0886611455185797,3.37
"38003",0,0,0,0,0.164248967237661,33.73
"38005",0,0,0,0,0.0597946599152418,0.73
"38007",0,0,0,0,0.078970681037717,1.88
"38009",0,0,0,0,0.152284890602082,27.24
"38011",0,0,0,0,0.132192950784408,17.12
"38013",0,0,0,0,0.102276410851546,6.24
"38015",0.000138085520965985,0.373210238767524,1,0,0.312014130788446,89.44
"38017",0.000106167631612474,0.286944256474467,1,0,0.330590443841539,92.75
"38019",0,0,0,0,0.103854010813095,6.87
"38021",0,0,0,0,0.120749984100171,12.09
"38023",0,0,0,0,0.121414224383051,12.34
"38025",0,0,0,0,0.102374275920215,6.27
"38027",0,0,0,0,0.116252741023605,10.47
"38029",0,0,0,0,0.131743764739889,16.86
"38031",0,0,0,0,0.121504190455632,12.41
"38033",0,0,0,0,0.0875737241474665,3.15
"38035",0.000251994960100798,0.681078642927366,1,0,0.258011316011874,76.68
"38037",0,0,0,0,0.086780027714634,2.9
"38039",0,0,0,0,0.109664213244695,8.53
"38041",0,0,0,0,0.0957250246093402,4.55
"38043",0,0,0,0,0.106757225621555,7.57
"38045",0,0,0,0,0.135280536903113,18.68
"38047",0,0,0,0,0.100163471748736,5.5
"38049",0,0,0,0,0.136722189662945,19.28
"38051",0,0,0,0,0.11572255655275,10.31
"38053",0,0,0,0,0.132673582167405,17.53
"38055",0,0,0,0,0.132870174514534,17.72
"38057",0,0,0,0,0.11766263446411,11.17
"38059",0.000276338514680484,0.746873114017298,1,0,0.271960753003103,80.59
"38061",0,0,0,0,0.147011047908739,24.4
"38063",0,0,0,0,0.0948165600154371,4.36
"38065",0,0,0,0,0.101438465699953,6.01
"38067",0,0,0,0,0.117236030478681,10.82
"38069",0,0,0,0,0.139947808397162,20.71
"38071",0,0,0,0,0.197945691471103,51.32
"38073",0,0,0,0,0.108299592357889,8.02
"38075",0,0,0,0,0.123374379443414,13.24
"38077",0,0,0,0,0.167668934622829,35.83
"38079",0,0,0,0,0.105729388738087,7.22
"38081",0,0,0,0,0.0746453961082061,1.69
"38083",0,0,0,0,0.0743162505345653,1.62
"38085",0,0,0,0,0.0500108319668806,0.29
"38087",0,0,0,0,0.0889098203239368,3.44
"38089",0.000369583294835073,0.998890171431248,1,0,0.260618650067676,77.6
"38091",0,0,0,0,0.0977765212001917,4.93
"38093",0.000153350713080816,0.414468192202131,1,0,0.202587411430856,53.67
"38095",0,0,0,0,0.0808248610636625,2.07
"38097",0.000198452073824171,0.536365763316154,1,0,0.111689889446875,9.35
"38099",0,0,0,0,0.131387342387788,16.58
"38101",4.88436271277505e-05,0.13201197066208,1,0,0.280665888935962,82.63
"38103",0,0,0,0,0.14247408776657,21.76
"38105",0.000137461768445651,0.371524393463706,1,0,0.19830546280007,51.51
"39001",0.000255918106206014,0.691681914612949,1,0,0.212485308060127,58.77
"39003",0.000184904404422913,0.499749839382807,1,0,0.30286900822992,87.78
"39005",0,0,0,0,0.234307245830869,68.18
"39007",2.99643424325053e-05,0.0809860390540287,1,0,0.287795160480735,84.44
"39009",0.000872070978994464,2.35698729320741,1,1,0.17908046348627,42.13
"39011",0.000497388709276299,1.34431588229301,1,1,0.217128982152091,61.06
"39013",0.0008011750567499,2.16537354628129,1,1,0.298934041628588,87.02
"39015",0.000935064935064935,2.52724402411957,1,1,0.246409785174858,72.73
"39017",0.000144561700045593,0.390713712873234,1,0,0.33280117929115,93.06
"39019",0,0,0,0,0.242371651103753,71.43
"39021",0.000965717044905843,2.61008892452931,1,1,0.20851638757672,56.7
"39023",0.000616451550760932,1.66611262961285,1,1,0.262730989583114,78.43
"39025",0.000658280742426194,1.77916635530137,1,1,0.352830307169496,95.61
"39027",0.000575373993095512,1.55509038052365,1,1,0.178016156731021,41.3
"39029",0.00104493207941484,2.82418712784754,1,1,0.298107950570087,86.8
"39031",0.00175085354110129,4.73211429808299,1,1,0.248309270469698,73.46
"39033",0,0,0,0,0.255444779634141,75.79
"39035",0.000504473955881932,1.36346551187703,1,1,0.323637656167335,91.41
"39037",0.000379057095475006,1.02449545846012,1,1,0.258769499395512,76.93
"39039",0.000649312319225547,1.75492697567151,1,1,0.240104699770254,70.31
"39041",0.000118386303615336,0.319968236568175,1,0,0.26511919420088,79.16
"39043",0.000426428535594241,1.15252847998173,1,1,0.252725693691248,74.93
"39045",0.000540238450074516,1.460127894172,1,1,0.320676595039737,91
"39047",0.00136392811296534,3.68635272648842,1,1,0.202837150622932,53.77
"39049",0.000331171004346036,0.895071465424031,1,0,0.277092930693144,81.74
"39051",0.000351105983849125,0.948950673092777,1,0,0.21170046454148,58.35
"39053",0.00191815856777494,5.18429747062039,1,1,0.180800947046294,42.95
"39055",2.31192490867897e-05,0.0624854829923267,1,0,0.297256947288929,86.57
"39057",0.000215461518572783,0.582337990465849,1,0,0.176478933159551,40.53
"39059",0.000503524672708963,1.36089983955191,1,1,0.227037451260813,65.29
"39061",0.000314926445992783,0.851166532746955,1,0,0.317380911327412,90.42
"39063",0.000461496507310524,1.24730833818678,1,1,0.226005178422747,64.75
"39065",0.000442233278054174,1.1952447015368,1,1,0.167773717486097,35.98
"39067",0,0,0,0,0.169862310839287,37.07
"39069",0.000252951096121417,0.683662836766467,1,0,0.176980787520568,40.69
"39071",0.00217391304347826,5.87553713336978,1,1,0.253912608723363,75.37
"39073",0.000231427910205971,0.62549110885214,1,0,0.211007208173599,57.84
"39075",0.000360851609799126,0.975290635185072,1,0,0.28944351022784,84.82
"39077",0.000413838768415825,1.11850152348539,1,1,0.227806725625797,65.77
"39079",0.00124190543777167,3.35655629725019,1,1,0.218196326571555,61.41
"39081",0.000128827242667583,0.34818745411819,1,0,0.245967624416926,72.64
"39083",0.000490035935968638,1.3244431956959,1,1,0.266062884541358,79.38
"39085",0.00038762193940177,1.0476440653854,1,1,0.3529766422313,95.67
"39087",0.00110053732116269,2.9744740326893,1,1,0.219642964714523,61.88
"39089",0.000492210764649423,1.33032120756533,1,1,0.261816509153974,77.89
"39091",0.00041699485706343,1.12703163286619,1,1,0.202413696232874,53.61
"39093",0.000269536935544734,0.72849016585958,1,0,0.31781603195239,90.55
"39095",0.000443802876776963,1.19948692990371,1,1,0.357824170864546,96.09
"39097",0.000861900097943193,2.32949797413133,1,1,0.146076454726769,23.93
"39099",0.000778823687778237,2.10496344902895,1,1,0.373886980129244,97.77
"39101",0.000158913034841683,0.429501741106845,1,0,0.211555798019291,58.19
"39103",0.000184551610567709,0.498796326820336,1,0,0.358891487246408,96.34
"39105",0.000236574402649633,0.639400776283439,1,0,0.180336129710398,42.86
"39107",0.000968736239542052,2.61824904402035,1,1,0.216810299384083,60.83
"39109",0.000567623621875341,1.53414308732895,1,1,0.268271735847565,79.76
"39111",0,0,0,0,0.192978415294644,48.78
"39113",0.000551730145881806,1.49118704147492,1,1,0.333507787254093,93.19
"39115",0,0,0,0,0.144473287469079,22.84
"39117",0,0,0,0,0.254119656342834,75.41
"39119",0.000828114486827804,2.23818401229758,1,1,0.296052089346719,86.19
"39121",0,0,0,0,0.180026616750642,42.51
"39123",0.000124579544038869,0.336706999046979,1,0,0.208194674914165,56.63
"39125",0,0,0,0,0.141975101190172,21.54
"39127",0,0,0,0,0.200042418668431,52.34
"39129",0.000657462195923734,1.7769540311309,1,1,0.189104318879845,46.87
"39131",0.000519885625162464,1.40511935604372,1,1,0.170452868163334,37.23
"39133",6.07801127471091e-05,0.164273272331379,1,0,0.274915106157692,81.32
"39135",0.000154786781208885,0.41834952114389,1,0,0.19777350696142,51.22
"39137",0,0,0,0,0.22807967200957,65.86
"39139",0.000429296700014932,1.16028040299859,1,1,0.308332514501602,88.83
"39141",0.00068191680614965,1.84304865754455,1,1,0.240565105354768,70.63
"39143",0.000735997644807537,1.98921548638412,1,1,0.231474762606211,67.13
"39145",0.000895126928998532,2.41930169478866,1,1,0.221644777346758,63.09
"39147",0.000468208633767207,1.26544951837723,1,1,0.222994723412438,63.6
"39149",0.000140360727068566,0.379359545420745,1,0,0.164915564826056,34.08
"39151",0.00063855490996951,1.72585241920187,1,1,0.389935065321029,98.66
"39153",0.000538576409653807,1.45563581927584,1,1,0.375508314019293,97.8
"39155",0.000517838161947071,1.39958558081415,1,1,0.358726429574729,96.28
"39157",0.00103567041595414,2.7991551939607,1,1,0.372373036339097,97.61
"39159",7.95397300951825e-05,0.214975773366129,1,0,0.18403979784096,44.58
"39161",7.92769938163945e-05,0.21426566365547,1,0,0.182010997177713,43.56
"39163",0,0,0,0,0.15665931062907,29.49
"39165",0.000473091788733274,1.27864745120955,1,1,0.295387321056622,86.03
"39167",0.000764915859255482,2.06737410608116,1,1,0.255750254399923,76.04
"39169",0.000304943675109421,0.82418562787816,1,0,0.297796797316654,86.73
"39171",0.000168747890651367,0.456082868941967,1,0,0.194490394462157,49.38
"39173",0.00043427385792007,1.17373240200012,1,1,0.24337296172454,71.84
"39175",0,0,0,0,0.166543019710379,35.25
"40001",0,0,0,0,0.147964559214023,25.01
"40003",0,0,0,0,0.0995837830578064,5.28
"40005",0,0,0,0,0.199098855356748,51.89
"40007",0,0,0,0,0.130872941056331,16.42
"40009",0.000272553829381303,0.736644066871109,1,0,0.177111279702933,40.82
"40011",0,0,0,0,0.136047537824337,19.03
"40013",0.000528842242291107,1.42932682684693,1,1,0.196752327597555,50.75
"40015",0,0,0,0,0.148747505392404,25.36
"40017",0.000167802831672784,0.4535286135459,1,0,0.33375896832938,93.29
"40019",0.000461006530925855,1.24598405594319,1,1,0.264383834252479,78.97
"40021",0.000137306055197034,0.37110353993548,1,0,0.140848331548348,21.03
"40023",0,0,0,0,0.139160641350566,20.11
"40025",0,0,0,0,0.0867663931330699,2.86
"40027",0.000504851160698714,1.36448500109466,1,1,0.313152369279195,89.69
"40029",0,0,0,0,0.137488459794982,19.44
"40031",0.000297692011347319,0.804586214810207,1,0,0.18489249056448,44.96
"40033",0,0,0,0,0.0942950032462916,4.23
"40035",0.000173010380622837,0.467603301271643,1,0,0.181048096847498,43.08
"40037",0.000403160780519271,1.08964162286329,1,1,0.260855017180778,77.66
"40039",0.000338066260987153,0.91370760018597,1,0,0.211671118858108,58.29
"40041",0,0,0,0,0.257069810556331,76.42
"40043",0,0,0,0,0.12116743286951,12.22
"40045",0,0,0,0,0.0874357644977008,3.05
"40047",0.000434121988278706,1.17332193677018,1,1,0.264785610931174,79.1
"40049",0,0,0,0,0.215477021195905,60.04
"40051",0.000706297822248381,1.90894437764574,1,1,0.298886676742565,86.99
"40053",0,0,0,0,0.123339744833208,13.2
"40055",0.000897666068222621,2.42616434591571,1,1,0.10898889729319,8.3
"40057",0,0,0,0,0.132154644802986,17.05
"40059",0,0,0,0,0.106755162472066,7.54
"40061",0,0,0,0,0.174707042759813,39.64
"40063",0,0,0,0,0.146405518810537,24.02
"40065",0.000903787692054885,2.44270954686148,1,1,0.162871073543206,33.03
"40067",0,0,0,0,0.121173269659425,12.25
"40069",0,0,0,0,0.110600764712572,9
"40071",0.000887774818528383,2.3994307996737,1,1,0.239151747977477,69.71
"40073",0,0,0,0,0.171504245306422,38.12
"40075",0,0,0,0,0.133138863701326,17.82
"40077",0,0,0,0,0.126627254142622,14.57
"40079",0,0,0,0,0.219741430842976,62.01
"40081",0,0,0,0,0.200576793438912,52.69
"40083",0.000166763945634954,0.450720767339298,1,0,0.263953364789446,78.81
"40085",0,0,0,0,0.0899778080388767,3.69
"40087",6.60720185001652e-05,0.178575955160231,1,0,0.238260385354596,69.36
"40089",0.000429645542427497,1.161223235811,1,1,0.206104761422067,55.81
"40091",0,0,0,0,0.200509484514401,52.66
"40093",0,0,0,0,0.143211773248748,22.14
"40095",0,0,0,0,0.14469486158466,23.07
"40097",0.000123571207908557,0.33398172151376,1,0,0.203265393086646,54.15
"40099",0,0,0,0,0.149173972833797,25.61
"40101",0.000703753351206434,1.90206731596354,1,1,0.253522403208452,75.21
"40103",0,0,0,0,0.10992583062291,8.65
"40105",0,0,0,0,0.154220411592155,28.41
"40107",0,0,0,0,0.131083062862509,16.51
"40109",0.000336028751123091,0.908200726347652,1,0,0.33862743910835,93.95
"40111",0.000169419737399407,0.457898700779347,1,0,0.175395939994537,39.9
"40113",0,0,0,0,0.188207285651718,46.52
"40115",0.000201288244766506,0.544031216052757,1,0,0.188842153327206,46.77
"40117",0,0,0,0,0.182055775659827,43.65
"40119",0.000300390507659958,0.811879567843226,1,0,0.219695375181766,61.92
"40121",0.000178826895565093,0.483323870055454,1,0,0.227014140355143,65.26
"40123",8.77154510767072e-05,0.237072679386878,1,0,0.178421574526835,41.68
"40125",0.0011882402545134,3.21151287982878,1,1,0.264365601701683,78.94
"40127",0,0,0,0,0.179235495353242,42.19
"40129",0,0,0,0,0.119316496930335,11.64
"40131",8.40760047082563e-05,0.227236176336817,1,0,0.266209543264679,79.41
"40133",0,0,0,0,0.161898410697915,32.39
"40135",8.75120329045244e-05,0.236522891515717,1,0,0.229700179554599,66.75
"40137",0.000117116589564912,0.316536520624243,1,0,0.22349217778855,63.89
"40139",0.000481695568400771,1.30190129159446,1,1,0.135255347199863,18.64
"40141",0,0,0,0,0.119798173873474,11.8
"40143",0.000402445519239065,1.08770845252581,1,1,0.404833561981364,99.2
"40145",6.5599580162687e-05,0.177299073822494,1,0,0.259527768001699,77.22
"40147",4.57959333211211e-05,0.123774825121364,1,0,0.240252069707819,70.44
"40149",0,0,0,0,0.168663582352767,36.46
"40151",0,0,0,0,0.144872920903208,23.29
"40153",0.00250862339291314,6.78017455340257,1,1,0.236386430741122,68.85
"41001",0.00151492198151795,4.09445096402075,1,1,0.233386052632927,67.87
"41003",0.000223488657950609,0.604033317990859,1,0,0.220593605657955,62.58
"41005",0.000257332721116925,0.695505260934648,1,0,0.411334961037795,99.49
"41007",0,0,0,0,0.265455720707677,79.29
"41009",0.000574176415703725,1.5518536317233,1,1,0.311257646269835,89.28
"41011",0.000534412337290529,1.44438138484946,1,1,0.282093060779145,82.95
"41013",0,0,0,0,0.263226431872516,78.62
"41015",0,0,0,0,0.259134283524148,77.06
"41017",0.000465467003044154,1.25803958394237,1,1,0.411218925331947,99.46
"41019",0.000465376023827252,1.25779369012942,1,1,0.29607063370646,86.22
"41021",0,0,0,0,0.0978108317576665,4.96
"41023",0,0,0,0,0.161783554516726,32.29
"41025",0,0,0,0,0.161194671191731,32.01
"41027",6.44496004124774e-05,0.174190969409004,1,0,0.215303704878047,59.94
"41029",0.000183102527778581,0.494879822541385,1,0,0.405348929197041,99.24
"41031",0,0,0,0,0.193484372972529,48.97
"41033",0.000474158368895211,1.28153014762925,1,1,0.320738706121187,91.06
"41035",0.00054979291133673,1.48595118646232,1,1,0.310200428061169,89.15
"41037",0,0,0,0,0.142683267107113,21.92
"41039",0.000375330546788365,1.01442353987379,1,1,0.393032189446779,98.76
"41041",4.71386820024512e-05,0.127403935200815,1,0,0.241837097408003,71.24
"41043",0.000403011595742732,1.08923841414391,1,1,0.296388766707539,86.41
"41045",0.000946137730621072,2.55717098999131,1,1,0.215534179285153,60.13
"41047",0.00053858336577276,1.45565461990604,1,1,0.304692014569546,88.13
"41049",0,0,0,0,0.0975317079524139,4.87
"41051",0.000166586955703991,0.45024240831996,1,0,0.35571405376238,95.93
"41053",7.85021784354516e-05,0.212171533646041,1,0,0.271015824735796,80.27
"41055",0,0,0,0,0.100698099364707,5.73
"41057",0,0,0,0,0.212878235015447,58.92
"41059",0.000614710284370323,1.66140642695778,1,1,0.239564181642939,70
"41061",0.00157362928606924,4.25312196005068,1,1,0.241853957078383,71.27
"41063",0.000875401225561716,2.36598810739723,1,1,0.228506073942751,65.99
"41065",0.000624951175689399,1.68908496608084,1,1,0.231640295512817,67.32
"41067",0.000230902443717529,0.624070905834158,1,0,0.324539473410693,91.6
"41069",0,0,0,0,0.126465504174918,14.51
"41071",0.000196729911690129,0.531711194634757,1,0,0.278456195164675,81.96
"42001",2.60647448261482e-05,0.070446413005007,1,0,0.281029644102176,82.69
"42003",0.000287753145451147,0.777723974017398,1,0,0.299500352622025,87.21
"42005",0.000112038541258193,0.302811840384303,1,0,0.299083461259051,87.15
"42007",0.000680308645290653,1.83870220547655,1,1,0.329810961190447,92.49
"42009",0.000157472048711354,0.425607120048832,1,0,0.245350344658731,72.38
"42011",0.000326829597273307,0.88333774012926,1,0,0.33739509098136,93.8
"42013",0.000285130447179585,0.770635483918671,1,0,0.327545582455283,92.17
"42015",0.000490196078431373,1.32487602026966,1,1,0.241179566180342,70.95
"42017",0.000338713669702062,0.91545738220063,1,0,0.433179042855729,99.87
"42019",0.000102655703037582,0.277452401768768,1,0,0.353621470113388,95.74
"42021",0.000306889673162498,0.829445168436427,1,0,0.305357304601905,88.26
"42023",0,0,0,0,0.1067896157684,7.64
"42025",5.34988230258934e-05,0.144593787788899,1,0,0.22646717550401,64.97
"42027",0.000580354386614805,1.56855112457189,1,1,0.212648661288318,58.83
"42029",0.000198681605631204,0.536986129737689,1,0,0.360070937160744,96.53
"42031",7.0997515086972e-05,0.191888326684423,1,0,0.250426356610359,74.23
"42033",0.000312080641637799,0.843475043332428,1,0,0.269886359088173,80.08
"42035",0.000488587980735674,1.32052973891608,1,1,0.239566731497162,70.03
"42037",0.000484243462713253,1.30878760551111,1,1,0.253261934203963,75.09
"42039",0.000154435384235236,0.417399783998965,1,0,0.286314777235752,84.22
"42041",0.000204725865462086,0.553322235354526,1,0,0.246199948153992,72.7
"42043",0.000463622698967341,1.25305489648164,1,1,0.214529210517466,59.66
"42045",0.000136923411487069,0.370069350765174,1,0,0.338211741174187,93.92
"42047",0,0,0,0,0.198046703971132,51.38
"42049",0.00035390332284446,0.956511172897964,1,0,0.310129622384115,89.12
"42051",0.000573737180559872,1.55066649022023,1,1,0.312089301204966,89.47
"42053",0,0,0,0,0.118474249768149,11.29
"42055",0.000383605299654755,1.03678810403232,1,1,0.296332978429548,86.38
"42057",0,0,0,0,0.15924811102279,30.8
"42059",0,0,0,0,0.178870896906566,41.93
"42061",0.00101860654624474,2.75303586990707,1,1,0.223474245252916,63.86
"42063",0.00038602586373287,1.04333027652967,1,1,0.296775111395577,86.51
"42065",6.10537883875694e-05,0.16501294836987,1,0,0.254542236638499,75.56
"42067",0,0,0,0,0.221805378654701,63.22
"42069",0.000340994968020202,0.92162315457167,1,0,0.284382996598749,83.55
"42071",0.000403880058158728,1.09158564840401,1,1,0.438135947751786,99.94
"42073",0.000625720401778363,1.69116398964768,1,1,0.305504898171106,88.29
"42075",0.000517762597498038,1.39938134922007,1,1,0.307614542136439,88.67
"42077",0.000265587222507143,0.717815090475061,1,0,0.27464173478893,81.2
"42079",0.000439412079374379,1.18761971503908,1,1,0.299506248347554,87.24
"42081",0.000311440872034442,0.841745907904217,1,0,0.317781255886751,90.52
"42083",0.000197993664202746,0.535126798049782,1,0,0.223400356947876,63.82
"42085",0.000124569198189594,0.336679036833048,1,0,0.290412259021567,85.05
"42087",0.000790680512360972,2.13700944706402,1,1,0.279632163803285,82.34
"42089",0.000220949134352856,0.597169627999012,1,0,0.269695554122995,80.05
"42091",0.000253799796960162,0.685956660481327,1,0,0.345966708155185,94.62
"42093",0,0,0,0,0.0858713039295599,2.58
"42095",0.000407021490734711,1.10007614613001,1,1,0.308982258352359,88.96
"42097",0.000857378400659522,2.31727696999514,1,1,0.274813167707422,81.26
"42099",0,0,0,0,0.25230464179105,74.74
"42101",0.000164538389404223,0.444705651732309,1,0,0.211445604265121,58.13
"42103",0,0,0,0,0.22856290670778,66.08
"42105",0,0,0,0,0.181892580388013,43.46
"42107",0.000398622938938213,1.07737698477445,1,1,0.283324393941581,83.17
"42109",0.000109463083575064,0.295851029648087,1,0,0.258330430562084,76.77
"42111",0.000226039783001808,0.610928363777147,1,0,0.299020841440471,87.05
"42113",0,0,0,0,0.160737325325371,31.72
"42115",0,0,0,0,0.276003078148841,81.48
"42117",0.000570409982174688,1.5416739144956,1,1,0.250002653396914,73.97
"42119",9.94826900119379e-05,0.268876550074622,1,0,0.205721928552375,55.65
"42121",0.000839066957543212,2.26778577055722,1,1,0.283565826555901,83.36
"42123",0.000135538086202223,0.366325166894836,1,0,0.21419232511198,59.56
"42125",0.001056043496445,2.85421847779548,1,1,0.358994973194364,96.37
"42127",0.000888888888888889,2.40244185008898,1,1,0.296239382209527,86.32
"42129",0.000461170814874855,1.24642807390686,1,1,0.385466256376044,98.41
"42131",0.00038472636337405,1.03981805572765,1,1,0.216794939959748,60.8
"42133",0.000361409397634501,0.976798194629145,1,0,0.355828187415817,95.96
"44001",0.000270753235501164,0.731777517016867,1,0,0.278713098020729,82.02
"44003",0.000204069383590421,0.551547930891923,1,0,0.334567348101561,93.41
"44005",0.00135253401225237,3.65555735404182,1,1,0.235767176992512,68.57
"44007",0.000436401452195471,1.17948275121825,1,1,0.315269966734861,90.04
"44009",0.000118662671690053,0.320715189575496,1,0,0.28549138227394,83.87
"45001",0,0,0,0,0.18447133838852,44.7
"45003",0.00044376311118283,1.19937945356023,1,1,0.229356984957747,66.53
"45005",0,0,0,0,0.112137965364529,9.42
"45007",0.000409974436888053,1.10805721272733,1,1,0.317654823442916,90.49
"45009",0,0,0,0,0.160867146628063,31.91
"45011",0.000844166807361135,2.28156937476794,1,1,0.167617663328334,35.79
"45013",0.000220911480769656,0.597067859886915,1,0,0.306010423540604,88.42
"45015",0.000606005905334141,1.63788069192277,1,1,0.326604100032222,92.01
"45017",0,0,0,0,0.13394680265616,18.17
"45019",0.000685455335920716,1.85261240855557,1,1,0.333951092628904,93.38
"45021",0.000147892531427163,0.399716107668242,1,0,0.228525963793722,66.05
"45023",0,0,0,0,0.182155812616165,43.75
"45025",0,0,0,0,0.171251709203152,37.96
"45027",0,0,0,0,0.212321444422746,58.67
"45029",0.000405712431028887,1.09653808883078,1,1,0.257081805564981,76.46
"45031",8.80824451686779e-05,0.238064571597824,1,0,0.203659463038926,54.31
"45033",0.000279251605696733,0.754746462259173,1,0,0.171812571425992,38.34
"45035",0.000682918753362857,1.84575666745071,1,1,0.337047473929872,93.73
"45037",0,0,0,0,0.177019700371953,40.73
"45039",0,0,0,0,0.166294141339269,35.16
"45041",0.000351846542781933,0.950952216586993,1,0,0.255010659623879,75.66
"45043",0.000508233380768449,1.37362628651662,1,1,0.247158577250979,72.92
"45045",0.000496030245746692,1.34064429895324,1,1,0.363256244039663,96.88
"45047",6.46120049105124e-05,0.174629907692066,1,0,0.229122212937962,66.43
"45049",0.000341122292341805,0.921967280010267,1,0,0.199267088752104,52.02
"45051",0.000596956738910615,1.61342308378294,1,1,0.368069033908139,97.26
"45053",0,0,0,0,0.241055750709309,70.86
"45055",0.000971188086759469,2.62487576693114,1,1,0.280063848555175,82.47
"45057",0.00118775696665144,3.21020667497042,1,1,0.277031249010126,81.67
"45059",0.000217448029920849,0.587707028213903,1,0,0.203048164130594,53.96
"45061",0,0,0,0,0.171236450109805,37.93
"45063",0.000176430272720487,0.476846404657098,1,0,0.371501595235709,97.55
"45065",0,0,0,0,0.175872934276335,40.34
"45067",0,0,0,0,0.181920782944072,43.49
"45069",0.000613967766692249,1.65939958947051,1,1,0.1442234984547,22.65
"45071",0.000557344562794154,1.50636139039825,1,1,0.18714183462988,45.98
"45073",6.8958383615488e-05,0.186377070051381,1,0,0.269011593519726,79.92
"45075",0.00168702552407135,4.55960331134697,1,1,0.260967735520715,77.73
"45077",4.15705348049303e-05,0.112354641614188,1,0,0.227686820901498,65.7
"45079",0.000631668408540157,1.70723994756297,1,1,0.262765701094331,78.46
"45081",0,0,0,0,0.134258679286971,18.39
"45083",0.000625753487571043,1.69125341217728,1,1,0.307485704496081,88.58
"45085",0.000214468012095996,0.57965279373541,1,0,0.237427085490931,69.17
"45087",0,0,0,0,0.159703483610295,30.99
"45089",0.000133067198935462,0.359646983546254,1,0,0.180545809910149,42.89
"45091",0.000346137610806247,0.935522417352081,1,0,0.339063666346325,93.99
"46003",0,0,0,0,0.0891816027926186,3.53
"46005",9.8941327792619e-05,0.267413384916404,1,0,0.203153533573336,54.02
"46007",0,0,0,0,0.0958684318107825,4.61
"46009",0,0,0,0,0.142750627844631,21.95
"46011",0.000709219858156028,1.91684190166674,1,1,0.196885352751852,50.87
"46013",0,0,0,0,0.286633433651293,84.28
"46015",0,0,0,0,0.166189612114469,35.06
"46017",0,0,0,0,0.0729632080537951,1.34
"46019",0,0,0,0,0.239451445553409,69.81
"46021",0,0,0,0,0.101288643856355,5.92
"46023",0,0,0,0,0.159736743358674,31.02
"46025",0,0,0,0,0.0932139504298989,4.04
"46027",0,0,0,0,0.130164687561661,16
"46029",5.17785947289391e-05,0.13994444578005,1,0,0.269326489027802,79.99
"46031",0,0,0,0,0.0719876136221834,1.27
"46033",0,0,0,0,0.201430052385885,52.97
"46035",0,0,0,0,0.238601625366414,69.46
"46037",0,0,0,0,0.148971912199588,25.49
"46039",0,0,0,0,0.13533952609975,18.71
"46041",0,0,0,0,0.107300678370376,7.76
"46043",0,0,0,0,0.115148749170352,10.21
"46045",0,0,0,0,0.117553843106152,11.07
"46047",0,0,0,0,0.165364172216948,34.39
"46049",0,0,0,0,0.108620076671459,8.11
"46051",0,0,0,0,0.149378441420731,25.8
"46053",0,0,0,0,0.162410804684203,32.68
"46055",0,0,0,0,0.122327834679338,12.82
"46057",0.000295770482105886,0.799392807261194,1,0,0.121465006431041,12.38
"46059",0,0,0,0,0.110212712825995,8.78
"46061",0,0,0,0,0.113332851165349,9.67
"46063",0,0,0,0,0.0866609186129479,2.83
"46065",0.000577462464939779,1.56073499170522,1,1,0.209041616123481,57.14
"46067",0,0,0,0,0.131554800931532,16.77
"46069",0,0,0,0,0.0788765859109762,1.85
"46071",0,0,0,0,0.0860476706929336,2.64
"46073",0,0,0,0,0.0674188994010885,0.95
"46075",0,0,0,0,0.0842336231775138,2.48
"46077",0,0,0,0,0.121921846114633,12.66
"46079",0,0,0,0,0.172822712618981,38.85
"46081",0.000192616372391653,0.520593338301785,1,0,0.268999104136274,79.89
"46083",8.6590082549212e-05,0.234031092883747,1,0,0.27285357074866,80.85
"46085",0,0,0,0,0.0941112379937734,4.17
"46087",0,0,0,0,0.145872096509004,23.83
"46089",0,0,0,0,0.0920611374139869,3.98
"46091",0,0,0,0,0.107372266147227,7.8
"46093",0,0,0,0,0.256526456399748,76.23
"46095",0,0,0,0,0.0539491478197015,0.45
"46097",0,0,0,0,0.117546134097501,11.04
"46099",0.000270555628876864,0.731243436289785,1,0,0.325233370305316,91.89
"46101",0,0,0,0,0.107403447336768,7.83
"46102",0,0,0,0,0.0548049936012282,0.54
"46103",0.000180062883499314,0.486664432837255,1,0,0.378427840724805,98.06
"46105",0,0,0,0,0.13142292349138,16.67
"46107",0,0,0,0,0.106705636488948,7.51
"46109",0,0,0,0,0.130819721190983,16.35
"46111",0,0,0,0,0.0827478603547714,2.32
"46115",0,0,0,0,0.103132848408294,6.71
"46117",0,0,0,0,0.141990555105696,21.57
"46119",0,0,0,0,0.0873304925341238,3.02
"46121",0,0,0,0,0.0590193973143209,0.7
"46123",0,0,0,0,0.151701916519725,26.79
"46125",0,0,0,0,0.15383488161654,28.13
"46127",0,0,0,0,0.166580291648296,35.32
"46129",0.00241643173580346,6.53100382122456,1,1,0.176292134631826,40.44
"46135",0.000890228035335205,2.40606122423826,1,1,0.23420554174388,68.15
"46137",0,0,0,0,0.0621327405980533,0.83
"47001",0.000422314282266822,1.14140869380912,1,1,0.181030332960593,43.05
"47003",0.000682261208576998,1.84397949019987,1,1,0.222342592271995,63.41
"47005",0.00019712201852947,0.532770960250364,1,0,0.212874159303862,58.89
"47007",0.00029585798816568,0.799629314008905,1,0,0.18474473469856,44.8
"47009",0.000219856151261032,0.59421557113762,1,0,0.288561224634516,84.66
"47011",0.000439367311072056,1.18749871764064,1,1,0.281692620854793,82.88
"47013",0.00018216595318335,0.492348498287658,1,0,0.233093006911462,67.61
"47015",0.000313381385145722,0.846990624052052,1,0,0.220133773290838,62.39
"47017",0.000110729708780866,0.299274397226232,1,0,0.202340086405077,53.52
"47019",0.000488076976711756,1.31914862428188,1,1,0.242790137242684,71.62
"47021",0,0,0,0,0.2133330794508,59.15
"47023",0.000211640211640212,0.572009964306899,1,0,0.172784220884573,38.82
"47025",9.80969197567196e-05,0.265131163561909,1,0,0.176270143704202,40.41
"47027",0,0,0,0,0.15666029557406,29.53
"47029",0,0,0,0,0.198729307947031,51.7
"47031",0.00115039756386398,3.10923365812564,1,1,0.231514339935687,67.2
"47033",0,0,0,0,0.134227245735237,18.36
"47035",0.000692340977931631,1.87122255740379,1,1,0.271117428249874,80.34
"47037",0.000662263393914589,1.78993045498767,1,1,0.313350027219615,89.76
"47039",0.000238379022646007,0.644278207711585,1,0,0.196512352666269,50.65
"47041",0.00014494854326714,0.391759252261212,1,0,0.163785766446602,33.5
"47043",0.000416685957683226,1.12619675596791,1,1,0.288928612736317,84.76
"47045",5.29044545550735e-05,0.142987360139144,1,0,0.180265156973818,42.76
"47047",0,0,0,0,0.267306576096026,79.64
"47049",0.000141843971631206,0.383368380333347,1,0,0.156344988692401,29.37
"47051",0,0,0,0,0.214784783145287,59.85
"47053",0.000288750288750289,0.780419000158841,1,0,0.234426399061117,68.22
"47055",0.00132321806633733,3.57632376678295,1,1,0.21389988056426,59.47
"47057",0,0,0,0,0.174987178239238,39.74
"47059",7.04225352112676e-05,0.190334301503528,1,0,0.231515075402918,67.23
"47061",0,0,0,0,0.178590083067039,41.78
"47063",0.000161943319838057,0.437691835036453,1,0,0.215492432329351,60.07
"47065",0.0007244939672723,1.95812395550096,1,1,0.361729554683994,96.72
"47067",0,0,0,0,0.14401063211317,22.56
"47069",0.000128650456709121,0.347709646384935,1,0,0.174093274671239,39.29
"47071",0.0002050020500205,0.554068692363694,1,0,0.231344037022951,67.07
"47073",7.14796283059328e-05,0.19319135677985,1,0,0.187423062562995,46.1
"47075",0.000851063829787234,2.30021028200008,1,1,0.135483985934202,18.84
"47077",0.000620796689084325,1.67785643953446,1,1,0.205692857731029,55.62
"47079",0.0015332078890515,4.14387314723689,1,1,0.253096048139728,75.06
"47081",0.00018723085564501,0.506037648633233,1,0,0.219813820434734,62.11
"47083",0,0,0,0,0.182839591819246,44.07
"47085",0,0,0,0,0.19397102448999,49.16
"47087",0,0,0,0,0.18790189279793,46.39
"47089",5.94035879767138e-05,0.160552874025787,1,0,0.195557699328195,50.02
"47091",0,0,0,0,0.165350302600249,34.36
"47093",0.000458743654046119,1.23986807206103,1,1,0.378935678502045,98.12
"47095",0,0,0,0,0.105401084286241,7.16
"47097",0.000785545954438335,2.12313203562459,1,1,0.144848584786043,23.26
"47099",0,0,0,0,0.241999941014071,71.33
"47101",0,0,0,0,0.18353474325901,44.26
"47103",8.24878330446259e-05,0.222943750008257,1,0,0.211648257992043,58.26
"47105",4.67595623304966e-05,0.126379270613958,1,0,0.234895676686036,68.34
"47107",0.00045489006823351,1.22945280425327,1,1,0.222694385313259,63.57
"47109",0.000148389968838107,0.401060555178824,1,0,0.239522821871997,69.93
"47111",0,0,0,0,0.195537273586924,49.98
"47113",0.000282620336764443,0.763851290320281,1,0,0.274736367464121,81.23
"47115",0.000734060402684564,1.98397961089038,1,1,0.21440325659742,59.59
"47117",0.000969675599435825,2.62078789623158,1,1,0.218409879006445,61.5
"47119",0.000290107339715695,0.784086765694836,1,0,0.287075554825635,84.35
"47121",0,0,0,0,0.130491941272608,16.26
"47123",0.000859894519605595,2.32407740313297,1,1,0.204096727179189,54.6
"47125",0.000703653585926928,1.90179767564554,1,1,0.308668582206915,88.9
"47127",0,0,0,0,0.0864911264251642,2.74
"47129",0,0,0,0,0.140731155021702,21
"47131",0.000515501877899698,1.3932711959239,1,1,0.208711957878088,56.92
"47133",0.000137306055197034,0.37110353993548,1,0,0.220063792649794,62.3
"47135",0,0,0,0,0.146750121767221,24.18
"47137",0,0,0,0,0.19634939097056,50.56
"47139",0,0,0,0,0.189970852788061,47.41
"47141",0.000737660944206009,1.99371096397875,1,1,0.288781148112483,84.7
"47143",0.000367242012486228,0.99256227739629,1,0,0.145063865827452,23.39
"47145",0,0,0,0,0.168018491408382,36.18
"47147",0.000184897566748022,0.49973135887695,1,0,0.247900001030655,73.34
"47149",0.000485178391811135,1.31131448240168,1,1,0.313536544914429,89.79
"47151",0,0,0,0,0.183885533248479,44.45
"47153",0,0,0,0,0.175298681709382,39.87
"47155",0.000304239064295856,0.822281243058309,1,0,0.211746689950301,58.42
"47157",0.000469850068466479,1.26988590121992,1,1,0.316412398408641,90.26
"47159",0,0,0,0,0.178027725504872,41.33
"47161",0,0,0,0,0.15687441886631,29.59
"47163",0.000129030593153637,0.348737059050864,1,0,0.274241407423904,81.1
"47165",0.000149116147923219,0.403023233581649,1,0,0.35277317762813,95.58
"47167",0,0,0,0,0.25428978371448,75.47
"47169",0,0,0,0,0.145329924248496,23.61
"47171",0,0,0,0,0.14851515262787,25.23
"47173",0,0,0,0,0.220946678005924,62.84
"47175",0,0,0,0,0.165291723146907,34.23
"47177",0.0019603038470963,5.29820550129889,1,1,0.233178097850529,67.77
"47179",0.000237029600814266,0.640631061794337,1,0,0.264582123674163,79.06
"47181",0,0,0,0,0.168980853585695,36.75
"47183",0.000157282164202579,0.425093910246948,1,0,0.178432699148161,41.74
"47185",0,0,0,0,0.205516377930716,55.55
"47187",0.000356958943869669,0.964769743705562,1,0,0.311600218410958,89.37
"47189",0.000443417269087098,1.19844472984539,1,1,0.28821003658032,84.57
"48001",4.33538541576346e-05,0.117174502789825,1,0,0.226696047136607,65.13
"48003",0.000116699731590617,0.315409858950881,1,0,0.139145888667101,20.08
"48005",0.000402617010568697,1.08817195021645,1,1,0.285315436280865,83.84
"48007",0.000129718510831496,0.350596326546906,1,0,0.267643069483114,79.7
"48009",0,0,0,0,0.151888698270935,26.95
"48011",0,0,0,0,0.124770647284913,13.78
"48013",0.000526008182349503,1.42166707961139,1,1,0.222271234630864,63.38
"48015",0.000194275352933558,0.525077143119434,1,0,0.272004797529104,80.62
"48017",0,0,0,0,0.108691584191489,8.15
"48019",0,0,0,0,0.232421209038571,67.48
"48021",0.000501324930172599,1.35495449183203,1,1,0.323712899289538,91.44
"48023",0,0,0,0,0.130388122137545,16.19
"48025",0.00092478421701603,2.49945784341871,1,1,0.173936558879788,39.23
"48027",0.000246534509228235,0.666320425268691,1,0,0.212203546015579,58.61
"48029",0.000373282991327919,1.00888951532917,1,1,0.329329123949366,92.4
"48031",0,0,0,0,0.208194062338033,56.6
"48033",0,0,0,0,0.080537296208444,1.97
"48035",0,0,0,0,0.168289376704961,36.27
"48037",0.000665107597245167,1.79761761723815,1,1,0.307569078627183,88.61
"48039",0.000569223958003921,1.53846839112965,1,1,0.338011985713294,93.86
"48041",0.000617500526278858,1.66894774513233,1,1,0.229378396267963,66.56
"48043",0,0,0,0,0.165935950009829,34.81
"48045",0,0,0,0,0.122155602133957,12.73
"48047",0.000375093773443361,1.01378360140664,1,1,0.121532218382332,12.44
"48049",0,0,0,0,0.237302502453858,69.07
"48051",0,0,0,0,0.199072674510826,51.86
"48053",0.0013232699470692,3.57646398727959,1,1,0.322491992569674,91.35
"48055",0.000719251977942939,1.94395618414056,1,1,0.235994948494146,68.72
"48057",0,0,0,0,0.130885145758579,16.45
"48059",0,0,0,0,0.204098672132802,54.63
"48061",0.000435697795482323,1.17758094509052,1,1,0.256659445986892,76.36
"48063",0,0,0,0,0.160303677173577,31.5
"48065",0,0,0,0,0.0539358738539679,0.41
"48067",0.000555987990659402,1.5026949190204,1,1,0.192259396048344,48.33
"48069",0,0,0,0,0.0911289954131682,3.75
"48071",8.05412371134021e-05,0.217682593536574,1,0,0.181983333874723,43.53
"48073",0.00194293327412013,5.25125723588617,1,1,0.221310500494548,63.03
"48075",0,0,0,0,0.137647013490428,19.57
"48077",0,0,0,0,0.15356165405839,27.97
"48079",0,0,0,0,0.141770122523993,21.48
"48081",0,0,0,0,0.111032668809556,9.16
"48083",0,0,0,0,0.168930898240508,36.65
"48085",0.000428602738836441,1.15840480144885,1,1,0.284076231078739,83.46
"48087",0,0,0,0,0.134993485027916,18.58
"48089",0.000222271615914648,0.600743961180284,1,0,0.202866787621272,53.83
"48091",0.000149521531100478,0.404118881780816,1,0,0.380991501830312,98.22
"48093",0,0,0,0,0.152180658058726,27.17
"48095",0,0,0,0,0.109882155258865,8.62
"48097",0.000795291872117067,2.14947278618586,1,1,0.239483710081922,69.84
"48099",0.000288068214553206,0.778575526113412,1,0,0.202345310900328,53.55
"48101",0,0,0,0,0.130088898422851,15.94
"48103",0.000679809653297077,1.8373535563223,1,1,0.118600463855566,11.39
"48105",0,0,0,0,0.124391691438208,13.52
"48107",0,0,0,0,0.117033291032897,10.72
"48109",0,0,0,0,0.0903789418195455,3.72
"48111",0,0,0,0,0.125521719628269,14.19
"48113",0.000529451090833766,1.43097239046859,1,1,0.371468196476326,97.52
"48115",0,0,0,0,0.139798426224353,20.55
"48117",0.00133984113312279,3.62125171202042,1,1,0.13142222396902,16.61
"48119",0,0,0,0,0.146473669189824,24.09
"48121",0.00067230039704298,1.81705793589843,1,1,0.405433993698005,99.27
"48123",0,0,0,0,0.166287879497874,35.13
"48125",0,0,0,0,0.134791564958197,18.55
"48127",0,0,0,0,0.14309582755747,22.08
"48129",0,0,0,0,0.14550950686324,23.67
"48131",0,0,0,0,0.103042322921552,6.62
"48133",0,0,0,0,0.194545272995354,49.48
"48135",0.000499024633670553,1.34873737217489,1,1,0.28432526566107,83.52
"48137",0,0,0,0,0.149906570293958,26.12
"48139",0.000215406984571475,0.582190598852979,1,0,0.326545575126145,91.98
"48141",0.000290385989992852,0.78483988691814,1,0,0.293160307471465,85.62
"48143",0.000180261378999549,0.487200915971176,1,0,0.230706866936435,66.94
"48145",0,0,0,0,0.149145253697715,25.58
"48147",0.0019147917663954,5.17519785801838,1,1,0.21589781321209,60.39
"48149",0.000353888348226135,0.956470700291993,1,0,0.266987527340712,79.61
"48151",0,0,0,0,0.110360452934145,8.88
"48153",0.00050761421319797,1.37195283317264,1,1,0.125323730098786,14.13
"48155",0,0,0,0,0.101879438354659,6.17
"48157",0.000117260002278194,0.316924128916496,1,0,0.328388072010912,92.24
"48159",0,0,0,0,0.121255767941866,12.31
"48161",0,0,0,0,0.174644375460116,39.61
"48163",0,0,0,0,0.121876967970774,12.63
"48165",0.000344787955407424,0.931874640162084,1,0,0.211204964954016,57.94
"48167",0.000313669726689111,0.847769938316879,1,0,0.271301335367284,80.46
"48169",0,0,0,0,0.116479587564598,10.5
"48171",6.76681553660847e-05,0.18288990941603,1,0,0.277334238448555,81.8
"48173",0,0,0,0,0.0976974915752958,4.9
"48175",0,0,0,0,0.149652997629999,25.96
"48177",0.00088918528398355,2.403242931066,1,1,0.139853195397389,20.65
"48179",0.000230547550432277,0.62311171904325,1,0,0.181124706981173,43.14
"48181",0.00042247570764681,1.14184498578373,1,1,0.31417008160975,89.88
"48183",0.000327582441581131,0.885372487884942,1,0,0.325846249707484,91.92
"48185",0,0,0,0,0.211251226354728,58
"48187",0.000250004464365435,0.675698836388174,1,0,0.298744201606146,86.92
"48189",0.000852448853068816,2.30395364963198,1,1,0.190440259875946,47.6
"48191",0,0,0,0,0.144688006460116,23.04
"48193",0,0,0,0,0.153548418139542,27.94
"48195",0,0,0,0,0.117699834499292,11.2
"48197",0,0,0,0,0.102464198630317,6.3
"48199",0.000749778474541613,2.02646158372647,1,1,0.251580180690741,74.55
"48201",0.000542821207718976,1.4671084348574,1,1,0.40433266531499,99.17
"48203",0.000314107346185559,0.848952713133644,1,0,0.272219638100876,80.66
"48205",0,0,0,0,0.0967790254428998,4.77
"48207",0,0,0,0,0.150668156484543,26.41
"48209",0.000838612642997129,2.26655787324378,1,1,0.350765931651757,95.13
"48211",0,0,0,0,0.129165618934382,15.65
"48213",0.00141231203788319,3.81712223834441,1,1,0.310576164628827,89.18
"48215",0.000350436585579534,0.947141458873381,1,0,0.291829313113799,85.46
"48217",0.000373803827751196,1.01029720445204,1,1,0.227804272972612,65.73
"48219",0,0,0,0,0.149098770973214,25.52
"48221",0.000268793118896156,0.726479817583576,1,0,0.327864350593507,92.2
"48223",0.000795447592241327,2.14989365829721,1,1,0.24994629285173,73.94
"48225",0,0,0,0,0.235055975239536,68.41
"48227",0.000353882086488782,0.956453776399638,1,0,0.223905770603441,63.98
"48229",0,0,0,0,0.0866352969836448,2.8
"48231",0.000336805015803928,0.910298773448139,1,0,0.26584108504891,79.35
"48233",0.00226460071513707,6.12064297326006,1,1,0.150758749487901,26.5
"48235",0,0,0,0,0.0879354360910194,3.31
"48237",0.000359712230215827,0.972211180341762,1,0,0.155554379447496,28.99
"48239",0,0,0,0,0.127117495282088,14.73
"48241",0.00158316260011175,4.27888809675467,1,1,0.227588113277497,65.61
"48243",0,0,0,0,0.106007812121099,7.35
"48245",0.000589116615997789,1.59223321446287,1,1,0.330018367709738,92.55
"48247",0,0,0,0,0.108547938603804,8.08
"48249",0.000651735987676265,1.76147753850285,1,1,0.163311190628619,33.31
"48251",0.000562872903298435,1.5213030965609,1,1,0.348547963562648,94.91
"48253",0.00129399585921325,3.49734353176773,1,1,0.174290395542973,39.42
"48255",0,0,0,0,0.130427815894108,16.23
"48257",0.000284889462888399,0.769984164329018,1,0,0.304597017918506,88.04
"48259",0.000539687811358353,1.45863965698901,1,1,0.314269763116945,89.95
"48261",0,0,0,0,0.025514731541705,0.06
"48263",0,0,0,0,0.11649545646384,10.53
"48265",0.000432582082450145,1.16915996078648,1,1,0.303586698420046,87.94
"48267",0,0,0,0,0.180952980313942,43.02
"48269",0,0,0,0,0.0702777453204846,1.15
"48271",0,0,0,0,0.0740612410424964,1.43
"48273",0.00121134387915063,3.27395613388568,1,1,0.20161335287335,53.13
"48275",0,0,0,0,0.110385410227588,8.91
"48277",0.00128056344791708,3.46103912134152,1,1,0.25003951132815,74.04
"48279",0,0,0,0,0.118482150480173,11.33
"48281",0,0,0,0,0.218625343088172,61.57
"48283",0,0,0,0,0.100023847768394,5.44
"48285",0,0,0,0,0.203242859928652,54.12
"48287",0.00010436234606554,0.282065026231486,1,0,0.161960606284663,32.45
"48289",0.000148323939483833,0.400882094534277,1,0,0.145261028305726,23.54
"48291",0.000980584428319278,2.65027170165728,1,1,0.26233229731606,78.3
"48293",0.0013801261829653,3.73013201290432,1,1,0.149332534616789,25.74
"48295",0,0,0,0,0.0981714024448331,5.03
"48297",0,0,0,0,0.136379695615796,19.15
"48299",0,0,0,0,0.213683965960181,59.34
"48301",0,0,0,0,0.0406469124638442,0.19
"48303",0.000301265896121202,0.8142455214519,1,0,0.35344826956897,95.7
"48305",0,0,0,0,0.109950454066814,8.69
"48307",0.00430261742560057,11.628886689208,1,1,0.167967433520458,36.11
"48309",0.000285442435775452,0.771478710185566,1,0,0.315706048678036,90.1
"48311",0,0,0,0,0.103035562579716,6.55
"48313",0,0,0,0,0.128335312183796,15.27
"48315",0,0,0,0,0.134159449760549,18.33
"48317",0,0,0,0,0.119803100917014,11.84
"48319",0,0,0,0,0.172525387340984,38.66
"48321",0.000520910849828844,1.40789027901851,1,1,0.215513199245426,60.1
"48323",0.00175543955282487,4.74450912788394,1,1,0.192918626420455,48.71
"48325",0.00118967953007659,3.21540287765645,1,1,0.241468827906326,71.05
"48327",0,0,0,0,0.130278690713526,16.07
"48329",0.000237393268752154,0.641613964252043,1,0,0.203631180392831,54.28
"48331",0,0,0,0,0.195010771657603,49.63
"48333",0,0,0,0,0.156165310996058,29.3
"48335",0,0,0,0,0.11166711069683,9.32
"48337",0.00260628766900147,7.04413639055246,1,1,0.239427814530688,69.77
"48339",0.000214197941445047,0.5789228610718,1,0,0.371820693915935,97.58
"48341",0.000738354141495503,1.99558450092973,1,1,0.118809447425724,11.45
"48343",0,0,0,0,0.124817642404409,13.84
"48345",0,0,0,0,0.166268233838142,35.09
"48347",0.000844886516379277,2.28351456621614,1,1,0.245566731070594,72.48
"48349",0.00115552287410053,3.12308607540849,1,1,0.266292495060941,79.48
"48351",0,0,0,0,0.15703572606841,29.72
"48353",0,0,0,0,0.159025673611685,30.67
"48355",0.000419440237937008,1.13364087888504,1,1,0.328782279564426,92.3
"48357",0.000191021967526266,0.516284065205367,1,0,0.124811696077983,13.81
"48359",0,0,0,0,0.0897931279133831,3.6
"48361",7.23431961224047e-05,0.195525362175367,1,0,0.251028966629881,74.39
"48363",0.00152346130408288,4.11753059315981,1,1,0.229314522960734,66.47
"48365",0.000455840455840456,1.23202146158409,1,1,0.205122552577341,55.3
"48367",0.000293473156988574,0.793183718505468,1,0,0.395202286180672,98.89
"48369",0,0,0,0,0.0730423517758111,1.37
"48371",0.0016246953696182,4.3911406683186,1,1,0.189701314499365,47.25
"48373",0.00109918530971163,2.970819887686,1,1,0.242753468408692,71.56
"48375",0.000435447805107685,1.1769052843351,1,1,0.321257099866881,91.15
"48377",0,0,0,0,0.140405336195442,20.87
"48379",0,0,0,0,0.18647148319816,45.63
"48381",0.000112354500921307,0.303665799441609,1,0,0.35022621653517,95.04
"48383",0,0,0,0,0.100169775432039,5.54
"48385",0,0,0,0,0.122691063544495,12.95
"48387",0.000288683602771363,0.780238764823931,1,0,0.156898026057459,29.65
"48389",0.000830959164292498,2.24587245601266,1,1,0.154132187722851,28.32
"48391",0,0,0,0,0.12874487563145,15.43
"48393",0,0,0,0,0.130719624800938,16.29
"48395",0.00147789869676206,3.99438638920477,1,1,0.148526333643518,25.26
"48397",0.000123408543984862,0.333542082068751,1,0,0.329599667442099,92.46
"48399",0,0,0,0,0.144764792031398,23.16
"48401",0.00137623697490006,3.71962046715722,1,1,0.22674178070454,65.16
"48403",0,0,0,0,0.164803181257599,34.01
"48405",0.00506970849176172,13.7021398294048,1,1,0.133769980025317,18.04
"48407",0.000271370420624152,0.733445612306675,1,0,0.24399605538922,72.03
"48409",0.000363812757700703,0.983293869033507,1,0,0.215810470926941,60.26
"48411",0,0,0,0,0.151996450298596,27.01
"48413",0,0,0,0,0.139245692750933,20.27
"48415",0,0,0,0,0.1503195784517,26.31
"48417",0,0,0,0,0.115629466838908,10.28
"48419",0,0,0,0,0.183136748385949,44.1
"48421",0,0,0,0,0.0705628765739769,1.18
"48423",0.000425232524876103,1.14929596550402,1,1,0.3684999799276,97.3
"48425",0,0,0,0,0.153286974346082,27.68
"48427",0.000517384105960265,1.39835838232104,1,1,0.205840991906275,55.68
"48429",0,0,0,0,0.143720443244045,22.37
"48431",0,0,0,0,0.0741744359638798,1.53
"48433",0,0,0,0,0.157442655754802,29.84
"48435",0,0,0,0,0.114965260022881,10.05
"48437",0,0,0,0,0.130341752239589,16.16
"48439",0.00034153942258602,0.923094677560363,1,0,0.405545575697554,99.3
"48441",0.000400495157649458,1.08243711843192,1,1,0.307576243625626,88.64
"48443",0,0,0,0,0.102918590027086,6.52
"48445",0.00101574403250381,2.74529921924845,1,1,0.159869226063293,31.18
"48447",0,0,0,0,0.109271294236832,8.43
"48449",0.00026567481402763,0.718051828201408,1,0,0.172827623472239,38.88
"48451",0.000550715930709923,1.48844587437925,1,1,0.307877343039645,88.74
"48453",0.000445758069827399,1.20477132221426,1,1,0.313857006487458,89.82
"48455",0,0,0,0,0.195796195601009,50.14
"48457",0,0,0,0,0.169592175147025,36.88
"48459",0.000103305785123967,0.279209409230382,1,0,0.208560474369481,56.79
"48461",0,0,0,0,0.0618089025372504,0.76
"48463",0.000255188839741409,0.68971089180421,1,0,0.225103336839922,64.46
"48465",0.000396109326174024,1.0705833252124,1,1,0.19862794563673,51.64
"48467",0.000248323814253787,0.671156464204147,1,0,0.289827584695218,84.92
"48469",0.00102077151335312,2.75888722844046,1,1,0.358094201126328,96.12
"48471",0.000230195008056825,0.622158886166947,1,0,0.167697622718589,35.86
"48473",0.000161943319838057,0.437691835036453,1,0,0.188399988406461,46.64
"48475",0,0,0,0,0.13993186502187,20.68
"48477",0.000842859400516251,2.27803578473379,1,1,0.246619994668755,72.8
"48479",0.000310125600868352,0.838191062598883,1,0,0.245441013009765,72.45
"48481",4.84425713316863e-05,0.130928018279809,1,0,0.231783786138923,67.42
"48483",0,0,0,0,0.138589421991908,19.89
"48485",0.000529149936190743,1.43015844563612,1,1,0.263478555769379,78.71
"48487",0.00115673799884326,3.12637025026038,1,1,0.136359034575354,19.12
"48489",0.000767312488010742,2.07385158745452,1,1,0.140646036386251,20.97
"48491",0.000264955809156116,0.716108539883445,1,0,0.340201888144812,94.08
"48493",8.30978893136114e-05,0.224592577808717,1,0,0.259126575945268,77.03
"48495",0,0,0,0,0.0975172163496663,4.84
"48497",0.000851030907895246,2.3001213024526,1,1,0.285253355099758,83.81
"48499",0.000381359164060712,1.0307173676112,1,1,0.29590152010551,86.13
"48501",0,0,0,0,0.12566013712045,14.29
"48503",0,0,0,0,0.189150832502859,46.93
"48505",0,0,0,0,0.159861003727495,31.08
"48507",0,0,0,0,0.124964569988371,13.9
"49001",0.000308832612723904,0.834696442665256,1,0,0.141107634770747,21.09
"49003",0,0,0,0,0.210470432914086,57.68
"49005",0.000186543069924952,0.504178737785752,1,0,0.294559651096596,85.91
"49007",0,0,0,0,0.196451566887465,50.59
"49009",0,0,0,0,0.101305749651962,5.95
"49011",0.00014709577773828,0.397562683961059,1,0,0.349164271038046,94.94
"49013",0,0,0,0,0.194835813866928,49.54
"49015",0,0,0,0,0.122823611821374,13.08
"49017",0,0,0,0,0.117508015937136,11.01
"49019",0,0,0,0,0.170905698217577,37.7
"49021",0.00018064889081581,0.488248262401564,1,0,0.288112619357056,84.54
"49023",0,0,0,0,0.159005098771432,30.61
"49025",0,0,0,0,0.157690741646674,29.94
"49027",0,0,0,0,0.151493999535407,26.73
"49029",0,0,0,0,0.197824631770128,51.29
"49031",0,0,0,0,0.0740987040807511,1.46
"49033",0,0,0,0,0.12588238116218,14.38
"49035",0.000212801791631769,0.575149421238835,1,0,0.420142079528189,99.75
"49037",0,0,0,0,0.140912893652462,21.06
"49039",9.37207122774133e-05,0.253303381569831,1,0,0.221321826297851,63.06
"49041",9.14829384319824e-05,0.247255244840371,1,0,0.24048239544795,70.54
"49043",2.83254022207115e-05,0.0765563981800957,1,0,0.237389361705531,69.11
"49045",0.000130701869036727,0.353254095066017,1,0,0.24752202217859,73.08
"49047",0,0,0,0,0.239616674884008,70.06
"49049",6.08165050202577e-05,0.164371631441415,1,0,0.362778521944485,96.85
"49051",0,0,0,0,0.302062471720926,87.53
"49053",0.000292053028485601,0.789345470338914,1,0,0.36916572659785,97.36
"49055",0,0,0,0,0.136034067743732,18.99
"49057",0.000106516529082817,0.287887238094125,1,0,0.309936783898758,89.06
"50001",0,0,0,0,0.254700572358764,75.6
"50003",0.000517517983749935,1.39872022012633,1,1,0.275558642700916,81.39
"50005",0.000857833580285425,2.31850720540054,1,1,0.290059083316672,85.01
"50007",0.000392913883526658,1.06194685192361,1,1,0.317117350150647,90.33
"50009",0,0,0,0,0.146882900025873,24.28
"50011",0.000345406098884832,0.933545325641502,1,0,0.224676897519838,64.27
"50013",0,0,0,0,0.209852951684114,57.43
"50015",0.000550282019535012,1.48727312221769,1,1,0.249058693428099,73.69
"50017",0.00123246113007205,3.33103072217968,1,1,0.231488725889666,67.17
"50019",7.78876859568502e-05,0.21051071589299,1,0,0.252142343558304,74.67
"50021",0.000588113194492493,1.58952121991807,1,1,0.336591046396221,93.64
"50023",0.00023311230832988,0.630043610965367,1,0,0.240571914288709,70.66
"50025",8.29428109318625e-05,0.224173440165064,1,0,0.267362331852699,79.67
"50027",0,0,0,0,0.293228108821644,85.65
"51001",0.000192826841496336,0.521162183060181,1,0,0.165252489547162,34.17
"51003",0.000254435888851691,0.687675855984625,1,0,0.190280855451625,47.57
"51005",0.000258131130614352,0.697663159873541,1,0,0.191220170237123,48.04
"51007",0,0,0,0,0.207636681471188,56.35
"51009",0,0,0,0,0.20228270474599,53.48
"51011",0,0,0,0,0.188895974495777,46.8
"51013",0,0,0,0,0.115010115438972,10.09
"51015",8.99955002249887e-05,0.24323507556773,1,0,0.225995202186033,64.72
"51017",0,0,0,0,0.119632739887127,11.74
"51019",4.52345410955806e-05,0.122257523922292,1,0,0.320716789958763,91.03
"51021",0,0,0,0,0.100407468765015,5.57
"51023",0,0,0,0,0.215138613010478,59.88
"51025",0,0,0,0,0.14421238492848,22.62
"51027",0,0,0,0,0.132214350155832,17.15
"51029",0,0,0,0,0.153579672441117,28
"51031",0,0,0,0,0.248784902326517,73.59
"51033",0,0,0,0,0.178363659142211,41.55
"51035",0,0,0,0,0.206195288686432,55.84
"51036",0,0,0,0,0.142874630736984,22.05
"51037",0,0,0,0,0.145381957370053,23.64
"51041",0.000388445293954435,1.04986938449953,1,1,0.336769873369965,93.7
"51043",0,0,0,0,0.194515304054154,49.41
"51045",0,0,0,0,0.144402048832778,22.78
"51047",0.00031815048517949,0.859880295248984,1,0,0.255518652631465,75.85
"51049",0,0,0,0,0.160417014458067,31.59
"51051",0,0,0,0,0.113368736665023,9.7
"51053",0,0,0,0,0.129949777491234,15.88
"51057",0.00394088669950739,10.651220025025,1,1,0.224142628296727,64.08
"51059",0.000100981596449874,0.272927715074971,1,0,0.177242705586077,41.01
"51061",0,0,0,0,0.316085835891446,90.2
"51063",0,0,0,0,0.197011284649436,50.91
"51065",0,0,0,0,0.190866463033826,47.85
"51067",0.000109896148140008,0.297021493637024,1,0,0.269644693541766,80.02
"51069",0,0,0,0,0.244800016520804,72.16
"51071",0,0,0,0,0.141410069502399,21.35
"51073",0.000689952565761104,1.86476728338084,1,1,0.298865714808343,86.96
"51075",0,0,0,0,0.128237797061977,15.14
"51077",0,0,0,0,0.133872600661278,18.1
"51079",0.00101255569056298,2.73668193737353,1,1,0.204203172932649,54.72
"51081",0,0,0,0,0.0934343040850332,4.14
"51083",0,0,0,0,0.216609851749583,60.64
"51085",0.000107315876617404,0.290047672310215,1,0,0.319381086531953,90.8
"51087",0.000482611507388782,1.304376843021,1,1,0.329568638350916,92.43
"51089",0.000224139863274683,0.605793361279861,1,0,0.203969323034885,54.5
"51091",0,0,0,0,0.129157314821969,15.62
"51093",0,0,0,0,0.228832393303858,66.21
"51095",0.000181917409496089,0.491676747562325,1,0,0.236584843476436,68.88
"51097",0,0,0,0,0.172592955290887,38.72
"51099",0,0,0,0,0.0912607734569291,3.82
"51101",0,0,0,0,0.19566715199736,50.05
"51103",0,0,0,0,0.205513489681685,55.52
"51105",0.00125026047093144,3.37913783873736,1,1,0.154672248175081,28.6
"51107",6.84044435526532e-05,0.184879910163311,1,0,0.265548922764634,79.32
"51109",0,0,0,0,0.200622551086231,52.75
"51111",0,0,0,0,0.160244846981321,31.47
"51113",0,0,0,0,0.186658598623429,45.72
"51115",0,0,0,0,0.144594046323128,22.94
"51117",0.000696055684454756,1.88126246961724,1,1,0.230982616599053,67.04
"51119",0,0,0,0,0.178961276030467,42.06
"51121",0.000429799426934097,1.16163914671208,1,1,0.183615075034232,44.32
"51125",0,0,0,0,0.174537133857851,39.48
"51127",0,0,0,0,0.201421586675287,52.94
"51131",0.00243520612280397,6.58174624089431,1,1,0.140214830210721,20.81
"51133",0.000332115576220525,0.897624404300929,1,0,0.180714765331903,42.92
"51135",0,0,0,0,0.127697713552431,14.95
"51137",0.000948930296756384,2.564718589963,1,1,0.22114584217827,62.97
"51139",0,0,0,0,0.190478064195217,47.63
"51141",0,0,0,0,0.171056145891841,37.73
"51143",0,0,0,0,0.220425498984978,62.52
"51145",0,0,0,0,0.23866772877323,69.52
"51147",0.000930232558139535,2.51418333148846,1,1,0.195885524938272,50.21
"51149",0,0,0,0,0.103114883861588,6.68
"51153",0.000545177211592555,1.47347611745036,1,1,0.32683248024663,92.05
"51155",0.000247264634975583,0.668293770501353,1,0,0.153094855369068,27.52
"51157",0,0,0,0,0.15330706420012,27.74
"51159",0.00314663310258024,8.50455343407835,1,1,0.187152660804645,46.01
"51161",9.69180073657686e-05,0.261944861538098,1,0,0.274294869428708,81.13
"51163",0,0,0,0,0.217152205077144,61.09
"51165",2.54835503682373e-05,0.0688755913801916,1,0,0.228254228972395,65.92
"51167",0.000144571345959231,0.390739783338167,1,0,0.151858966214106,26.92
"51169",0,0,0,0,0.115131343797696,10.18
"51171",6.51720542231491e-05,0.176143579337207,1,0,0.218616194194665,61.53
"51173",0,0,0,0,0.123931911554124,13.43
"51175",0,0,0,0,0.156081257862097,29.27
"51177",0.000644671102617825,1.74238294103108,1,1,0.375876260306342,97.87
"51179",1.90715947667544e-05,0.0515456970925373,1,0,0.258180394253609,76.74
"51181",0,0,0,0,0.100700353805641,5.76
"51183",0,0,0,0,0.151078023909606,26.6
"51185",0.000264707828734035,0.715438311521434,1,0,0.194520561961248,49.44
"51187",0.000266862365734872,0.721261480112108,1,0,0.235963443964549,68.63
"51191",8.65538581382265e-05,0.233933187462682,1,0,0.236209504301184,68.79
"51193",0,0,0,0,0.171169319885141,37.83
"51195",0.000251530141695313,0.679822356338584,1,0,0.156421527497919,29.4
"51197",0.000315756236185665,0.853409245768897,1,0,0.201045369756802,52.85
"51199",0.000930197946122935,2.51408978396162,1,1,0.243740506669232,71.94
"51510",3.29286764867297e-05,0.0889978842672304,1,0,0.213190117122161,59.05
"51520",0,0,0,0,0.153289804361196,27.71
"51530",0,0,0,0,0.108731158133094,8.18
"51540",0.00257413249211356,6.95722908006839,1,1,0.220119267445042,62.36
"51550",0.000354947623582374,0.959333653669414,1,0,0.344671308369115,94.43
"51570",0.00290894986909726,7.86215576849636,1,1,0.207402139293702,56.22
"51580",0.000480422772039395,1.2984612449436,1,1,0.145081599507207,23.45
"51590",0.000371830147988399,1.00496284723362,1,1,0.236751265650529,68.95
"51595",0.00106752068321324,2.88523841083544,1,1,0.144670759774756,23
"51600",0,0,0,0,0.192637555403827,48.55
"51610",0,0,0,0,0.163504197145195,33.38
"51620",0.000456829602558246,1.23469487498862,1,1,0.158364939396606,30.32
"51630",0.000443737750989165,1.19931091137082,1,1,0.230761708762587,66.97
"51640",0.000159362549800797,0.430716666350613,1,0,0.173501227972182,39.01
"51650",0.000223310417430973,0.603551578946635,1,0,0.219767908661876,62.07
"51660",0.000405362364999855,1.09559194889253,1,1,0.24512285780587,72.35
"51670",0.0005005005005005,1.35272626694199,1,1,0.175829553954309,40.28
"51678",0.000147514382652309,0.398694067170689,1,0,0.101810533640643,6.14
"51680",0.000208470309017143,0.563442519244235,1,0,0.20511366581608,55.27
"51683",0.00230257240510883,6.22327084750517,1,1,0.220256782862457,62.46
"51685",0,0,0,0,0.165873379182358,34.78
"51690",0,0,0,0,0.15219351851379,27.2
"51700",0.000119983202351671,0.324284249967016,1,0,0.137216436725887,19.38
"51710",0.000118453939185748,0.320151038408701,1,0,0.190797838547723,47.79
"51720",0.00359496704613541,9.71628669149226,1,1,0.15444394726412,28.54
"51730",0.00129563295480527,3.50176818710096,1,1,0.215958165230456,60.42
"51735",0,0,0,0,0.139832519647498,20.59
"51740",0.000660963495930353,1.78641715950472,1,1,0.137984736857275,19.66
"51750",0,0,0,0,0.114475334085109,9.93
"51760",0.000163876218829378,0.44291597214379,1,0,0.202918498338827,53.9
"51770",0.000198300283286119,0.535955511882456,1,0,0.24821653309341,73.43
"51775",0.000719877620804463,1.94564713855852,1,1,0.207576217855922,56.28
"51790",0.0010158630929124,2.74562100942028,1,1,0.22714123591931,65.42
"51800",0.000490966221523959,1.32695752226537,1,1,0.21788137146426,61.25
"51810",0.000179860262411511,0.486116799283574,1,0,0.286260476861613,84.16
"51820",0.000290219599496953,0.784390175490983,1,0,0.209598484200344,57.33
"51830",0,0,0,0,0.124507081801767,13.59
"51840",0.000183749219065819,0.496627665530502,1,0,0.190850756498638,47.82
"53001",0,0,0,0,0.123184391663916,13.14
"53003",0.000388903292714545,1.05110723931168,1,1,0.227624180986688,65.67
"53005",0.000146987221298448,0.397269283360142,1,0,0.255634692421945,75.98
"53007",0.000221265639457698,0.598025061247357,1,0,0.24768589861824,73.11
"53009",0.000104336938754217,0.281996356694964,1,0,0.289691241349306,84.89
"53011",0.000267947711917931,0.724194896340626,1,0,0.375861609831189,97.84
"53013",0,0,0,0,0.110865378498758,9.1
"53015",0.00032737510639691,0.884812113320925,1,0,0.289898533691694,84.98
"53017",7.01311452416018e-05,0.189546748113479,1,0,0.216927325857107,60.9
"53019",0,0,0,0,0.149586893320315,25.9
"53021",0.00014405762304922,0.389351320242511,1,0,0.262816606815779,78.49
"53023",0,0,0,0,0.091822266087221,3.91
"53025",0.000251931474638898,0.680907057780509,1,0,0.189598894733236,47.22
"53027",0.000299177262528048,0.808600473103994,1,0,0.234972828819073,68.37
"53029",0,0,0,0,0.273963950481423,81.04
"53031",0,0,0,0,0.285179970793086,83.74
"53033",0.000183754593864847,0.496642192252887,1,0,0.285785247234589,84
"53035",0.000299643152245962,0.809859655179316,1,0,0.282374234736956,82.98
"53037",0.000257851580630189,0.696907606969754,1,0,0.266657350607145,79.54
"53039",0,0,0,0,0.198209006923867,51.48
"53041",0.000291809869658258,0.78868827352801,1,0,0.300184296278529,87.34
"53043",0,0,0,0,0.144369997907201,22.75
"53045",0.000465332712889716,1.2576766316194,1,1,0.235089310069847,68.44
"53047",0.000315872598052119,0.853723742463837,1,0,0.199203180234171,51.92
"53049",0,0,0,0,0.212467453673952,58.73
"53051",0,0,0,0,0.167941258972877,36.05
"53053",0.000248528322482554,0.67170919822256,1,0,0.345207632410439,94.56
"53055",0.000126358352287086,0.34151466784813,1,0,0.300193475980314,87.37
"53057",6.61660105203957e-05,0.178829991818579,1,0,0.343388633782571,94.27
"53059",0,0,0,0,0.170471884635785,37.26
"53061",0.000512556144155675,1.38530962264481,1,1,0.376206507519715,97.96
"53063",0.000462034383954155,1.24876208271548,1,1,0.411705036734246,99.52
"53065",0.000295355534224323,0.798271308085387,1,0,0.261900972723975,77.98
"53067",4.2279424717961e-05,0.11427059175763,1,0,0.273860325307951,81.01
"53069",0,0,0,0,0.158686590817659,30.51
"53071",0.000386306905978842,1.0440898626397,1,1,0.209337815669504,57.27
"53073",0.000251256281407035,0.679082181243743,1,0,0.385747531533128,98.44
"53075",0,0,0,0,0.148751026546303,25.39
"53077",0.000281116030641647,0.759785531337437,1,0,0.223998476803292,64.02
"54001",0,0,0,0,0.124351503170044,13.46
"54003",0.000362507646645671,0.979766483938681,1,0,0.240536003739945,70.57
"54005",0,0,0,0,0.15568923376129,29.11
"54007",0,0,0,0,0.161499578986302,32.1
"54009",0,0,0,0,0.164218393983686,33.66
"54011",0.000623041868413557,1.68392459141365,1,1,0.260532802249408,77.57
"54013",0,0,0,0,0.0983989474615824,5.09
"54015",0,0,0,0,0.0997112005605069,5.31
"54017",0,0,0,0,0.0945668876965633,4.26
"54019",0.000603760565809902,1.631812107077,1,1,0.239378792730613,69.74
"54021",0,0,0,0,0.102863743567751,6.43
"54023",0,0,0,0,0.195723920076162,50.11
"54025",0.000270599377621431,0.731361678081477,1,0,0.241561133957255,71.14
"54027",0,0,0,0,0.218400455311658,61.44
"54029",0.00109354806640819,2.95558384480078,1,1,0.186727938201377,45.82
"54031",0,0,0,0,0.154795928568798,28.7
"54033",0.000124582648128769,0.336715388616896,1,0,0.225433515634847,64.62
"54035",0.000343563902885937,0.928566335782214,1,0,0.188731178589412,46.74
"54037",0.000323954091077379,0.875565974150809,1,0,0.223319019917087,63.79
"54039",0.000294480858744182,0.795907281484307,1,0,0.274304989207934,81.16
"54041",0,0,0,0,0.186872879207677,45.88
"54043",0,0,0,0,0.147390851763103,24.75
"54045",0.000264690312334569,0.715390969123901,1,0,0.17504349899587,39.77
"54047",0,0,0,0,0.109015001296713,8.34
"54049",0.000713666717642861,1.92886063816595,1,1,0.26346069900475,78.68
"54051",0.000526546731022378,1.42312264046517,1,1,0.16428642654873,33.76
"54053",0.000563459642203127,1.52288890342307,1,1,0.156338568349844,29.34
"54055",0.00054719562243502,1.4789313714638,1,1,0.265161832690811,79.22
"54057",0.0016214025131739,4.38224091017446,1,1,0.178652656990322,41.84
"54059",0,0,0,0,0.14476825161624,23.19
"54061",0.000303090002576265,0.819175619849394,1,0,0.192258980271974,48.3
"54063",0,0,0,0,0.168013963867675,36.14
"54065",0,0,0,0,0.201817029788017,53.23
"54067",0.00150848522941546,4.07705405106237,1,1,0.191866814458636,48.2
"54069",0,0,0,0,0.233345791863431,67.83
"54071",0,0,0,0,0.182761856753527,44
"54073",0,0,0,0,0.120845473537843,12.12
"54075",0,0,0,0,0.132173221737874,17.09
"54077",0.000474102169017423,1.28137825357359,1,1,0.213607103706422,59.24
"54079",8.4107826233231e-05,0.227322181870566,1,0,0.284218483587562,83.49
"54081",0.000624219725343321,1.68710804079282,1,1,0.250371162386842,74.2
"54083",0.00129780238795639,3.50763161621833,1,1,0.233760280221886,68.02
"54085",0,0,0,0,0.136271909403208,19.09
"54087",0,0,0,0,0.169270971245883,36.84
"54089",0,0,0,0,0.143801071855392,22.4
"54091",0,0,0,0,0.158022736138471,30.16
"54093",0,0,0,0,0.125249423771552,14.06
"54095",0,0,0,0,0.116219468972683,10.4
"54097",0.000824790856604218,2.2292010804113,1,1,0.204374614986132,54.88
"54099",0,0,0,0,0.169238861579433,36.81
"54101",0,0,0,0,0.110998187048956,9.13
"54103",0.00207939508506616,5.62007899713631,1,1,0.162677798242091,32.9
"54105",0,0,0,0,0.11622496144894,10.44
"54107",0.000617919670442842,1.67008058579821,1,1,0.291007468617522,85.21
"54109",0.000209951711106446,0.567446374417405,1,0,0.139279176046327,20.33
"55001",0.000342641768031523,0.926074038495836,1,0,0.168920608035463,36.62
"55003",0.000110509448557852,0.298679089551342,1,0,0.198429369095984,51.61
"55005",4.07232448281479e-05,0.110064631102382,1,0,0.240367146923587,70.47
"55007",0,0,0,0,0.193872376286397,49.13
"55009",0.000309192948067252,0.835670337962799,1,0,0.320911705646836,91.12
"55011",0,0,0,0,0.171963775041277,38.47
"55013",0,0,0,0,0.1847270354038,44.77
"55015",5.35589952332494e-05,0.144756418046709,1,0,0.203680171191664,54.34
"55017",3.32027359054386e-05,0.0897385975612623,1,0,0.299643701821453,87.27
"55019",0,0,0,0,0.20645010735484,55.93
"55021",0.000162304727125178,0.438668627526898,1,0,0.254943752098704,75.63
"55023",0,0,0,0,0.160857225462521,31.88
"55025",0.000125651818810077,0.339605086555268,1,0,0.266466054423059,79.51
"55027",0.000150071283859833,0.405604724446627,1,0,0.19298647919538,48.81
"55029",0,0,0,0,0.259954441939733,77.38
"55031",0.00021978021978022,0.594010347549472,1,0,0.251248480400505,74.45
"55033",0,0,0,0,0.191819537838524,48.17
"55035",0.000232101134200876,0.627310663039465,1,0,0.300011952149977,87.31
"55037",0,0,0,0,0.132347251286638,17.31
"55039",1.98055098928522e-05,0.0535292840575568,1,0,0.296313366917284,86.35
"55041",0,0,0,0,0.146909375896896,24.31
"55043",0.000146341463414634,0.395523963124405,1,0,0.250006566240379,74.01
"55045",5.7365764111978e-05,0.155045151523067,1,0,0.19378954445054,49.09
"55047",0,0,0,0,0.203179201059267,54.06
"55049",0,0,0,0,0.173863799388021,39.2
"55051",0,0,0,0,0.16529237387886,34.27
"55053",0,0,0,0,0.132733905057908,17.59
"55055",0,0,0,0,0.255282207289385,75.69
"55057",0,0,0,0,0.175812559683482,40.25
"55059",0.000245119066586594,0.662494841800179,1,0,0.24992437624011,73.91
"55061",0,0,0,0,0.162456556249957,32.71
"55063",3.93066310286545e-05,0.106235882290401,1,0,0.283356842690672,83.23
"55065",0,0,0,0,0.176562419453879,40.6
"55067",0,0,0,0,0.207719114742119,56.41
"55069",0,0,0,0,0.207566670086227,56.25
"55071",0,0,0,0,0.253397230262596,75.18
"55073",0.00036036036036036,0.973962912198234,1,0,0.3060015623229,88.39
"55075",0,0,0,0,0.199243511561156,51.99
"55077",0,0,0,0,0.152067338732347,27.08
"55078",0,0,0,0,0.0810370593693896,2.13
"55079",0.00042462926969556,1.1476655193255,1,1,0.302768154404088,87.75
"55081",0,0,0,0,0.183665980076313,44.38
"55083",9.15164271986822e-05,0.247345756506827,1,0,0.210958819501402,57.81
"55085",5.34587832780926e-05,0.144485570477392,1,0,0.285236346171257,83.77
"55087",0.000151848758636398,0.410408789211161,1,0,0.343488178556755,94.3
"55089",0.000357789283158648,0.96701394079538,1,0,0.284757909996491,83.58
"55091",0.000344589937973811,0.93133944912133,1,0,0.162389268791303,32.64
"55093",0,0,0,0,0.229448618049666,66.59
"55095",5.39083557951482e-05,0.14570065128572,1,0,0.240939020933568,70.82
"55097",0,0,0,0,0.252699737267661,74.9
"55099",0.000177399325882562,0.479465510262568,1,0,0.157862643276853,30.13
"55101",7.12166172106825e-05,0.192480504309799,1,0,0.312309496816833,89.56
"55103",0,0,0,0,0.157325043825214,29.78
"55105",6.54390304553248e-05,0.176865148569509,1,0,0.30483073822056,88.16
"55107",0,0,0,0,0.165390708262577,34.43
"55109",0.000120050901582271,0.324467223864931,1,0,0.322454909846822,91.31
"55111",0,0,0,0,0.235987211227296,68.66
"55113",0,0,0,0,0.222571433612067,63.47
"55115",0,0,0,0,0.246873668801197,72.89
"55117",0.000149819467541612,0.404924128627519,1,0,0.231572697884083,67.26
"55119",0,0,0,0,0.190646126326599,47.76
"55121",0.000138532936205583,0.374419489000499,1,0,0.191174500302716,48.01
"55123",0.000380336597889132,1.02795362987548,1,1,0.247686391618899,73.15
"55125",0.000102595670462706,0.277290148902236,1,0,0.249508775813662,73.88
"55127",1.96463654223969e-05,0.0530991568045206,1,0,0.291523943352854,85.33
"55129",0,0,0,0,0.222671883470301,63.51
"55131",0.000168887797088989,0.456461000657911,1,0,0.304629083397423,88.07
"55133",0.000245389649018441,0.663226157678118,1,0,0.397079573878987,98.95
"55135",0,0,0,0,0.21941813692868,61.85
"55137",0,0,0,0,0.181109285264876,43.11
"55139",2.95735494174011e-05,0.0799298243730437,1,0,0.216608224063439,60.61
"55141",0,0,0,0,0.23364117144624,67.96
"56001",4.80792345785855e-05,0.129946010930819,1,0,0.208026988580468,56.54
"56003",0,0,0,0,0.174579625040047,39.52
"56005",0.000110566468875539,0.29883320104855,1,0,0.234622658974901,68.28
"56007",0,0,0,0,0.175703586912806,40.18
"56009",0,0,0,0,0.168534585440024,36.4
"56011",0,0,0,0,0.16552680233656,34.58
"56013",0.000569573389531241,1.53941281617024,1,1,0.265203092595093,79.26
"56015",0,0,0,0,0.200837703495374,52.82
"56017",0,0,0,0,0.153633305237033,28.09
"56019",0,0,0,0,0.24441008316512,72.13
"56021",0.000208873648848584,0.564532644796456,1,0,0.286447341086918,84.25
"56023",0.000236016049091338,0.637891687833396,1,0,0.238652228817845,69.49
"56025",0.000247770069375619,0.669659831850867,1,0,0.387787341017484,98.54
"56027",0,0,0,0,0.109391516977392,8.46
"56029",0.000179683756588404,0.485639748685331,1,0,0.299025246247266,87.08
"56031",0,0,0,0,0.177029929178791,40.76
"56033",0.000552608311229001,1.49356050030399,1,1,0.326998103433261,92.11
"56035",0,0,0,0,0.199530929889048,52.08
"56037",0.000537008860646201,1.45139913077066,1,1,0.241404543870386,71.01
"56039",0.000928988146111256,2.51082000051104,1,1,0.247469251507815,73.05
"56041",0.000438933391857786,1.18632594375073,1,1,0.238797854419604,69.58
"56043",0,0,0,0,0.206425254863059,55.9
"56045",0,0,0,0,0.158392811514856,30.35
