"county_geoid","industry_employment_share","location_quotient","industry_present","industry_comparative_advantage","industry_feasibility","industry_feasibility_percentile_score"
"01001",0.000133886731824876,0.359426750027995,1,0,0.285331173328701,75.79
"01003",0.00102131749957445,2.74178646842255,1,1,0.433021762304951,99.52
"01005",0,0,0,0,0.184917773782538,27.14
"01007",0,0,0,0,0.181822205360444,26.03
"01009",0.000954281252711026,2.56182374907175,1,1,0.317187308149215,85.62
"01011",0,0,0,0,0.164383084406127,17.56
"01013",0.00013156163662676,0.353184896192488,1,0,0.201817774820958,36.27
"01015",2.01641360675902e-05,0.0541318007775109,1,0,0.253496765214628,62.87
"01017",0,0,0,0,0.219560034778079,45.47
"01019",0.00030229746070133,0.811535186202871,1,0,0.227314657226804,49.86
"01021",0,0,0,0,0.287031610953421,76.58
"01023",0,0,0,0,0.151248561397808,12.5
"01025",0,0,0,0,0.214327579019257,42.76
"01027",0,0,0,0,0.132770465328361,7.03
"01029",0,0,0,0,0.173595073697875,21.83
"01031",0.000202891199594218,0.54467327333687,1,0,0.277791213907746,73.31
"01033",0.000145719489981785,0.391192480285479,1,0,0.282388333658385,74.71
"01035",0,0,0,0,0.16080616868213,16.19
"01037",0,0,0,0,0.152402364446063,12.79
"01039",0.000145043150337225,0.389376807014156,1,0,0.264679337274572,67.8
"01041",0,0,0,0,0.171298017657738,20.9
"01043",0.000610771793448084,1.63965254611605,1,1,0.32337960577327,87.02
"01045",4.26021386273591e-05,0.11436792893789,1,0,0.140451496132846,9.04
"01047",0.000150568395693744,0.404209650825732,1,0,0.242012503883055,57.4
"01049",3.6831055946374e-05,0.0988751204728776,1,0,0.274575721799266,72.32
"01051",0.00039677816133,1.06517414433167,1,1,0.289446202438278,77.25
"01053",0,0,0,0,0.233518128544433,53.32
"01055",0.000681913554343265,1.83063675763052,1,1,0.313123042040386,84.16
"01057",0,0,0,0,0.184227614771019,26.69
"01059",8.18933748259766e-05,0.219847546962501,1,0,0.19223173732118,30.99
"01061",0,0,0,0,0.233498216207463,53.29
"01063",0,0,0,0,0.134774238751681,7.51
"01065",0,0,0,0,0.222000872042467,46.77
"01067",0.000209292591042277,0.561858182494579,1,0,0.224791486333725,48.36
"01069",3.53063710346532e-05,0.0947820147919254,1,0,0.336636444890233,89.82
"01071",5.7113484493689e-05,0.153324484320012,1,0,0.253823218756374,63
"01073",0.000407272096318646,1.09334572561208,1,1,0.332858207475726,89.02
"01075",0,0,0,0,0.189474687533128,29.49
"01077",0.000778816199376947,2.09077756694634,1,1,0.334165653786116,89.31
"01079",0.000134354426978369,0.360682304979054,1,0,0.224243565001376,48.14
"01081",0.000128226499288343,0.344231525248964,1,0,0.270513652601306,70.35
"01083",2.52486996919659e-05,0.0677816087451169,1,0,0.228009405933168,50.33
"01085",0,0,0,0,0.147428986803186,11.17
"01087",0.000283647709544745,0.761468840152914,1,0,0.105326256253455,2.55
"01089",0.000404106034253929,1.08484624711412,1,1,0.213303529651225,42.06
"01091",0.000123167877817465,0.330651360507341,1,0,0.219666898035437,45.53
"01093",0.000346260387811634,0.929556231287776,1,0,0.191351647006493,30.48
"01095",0.000478583393156257,1.28478506626423,1,1,0.284026431794576,75.21
"01097",0.000249504733104787,0.66981002608799,1,0,0.372861497153962,95.64
"01099",0.000581395348837209,1.5607897650925,1,1,0.209299215192998,40.28
"01101",0.000114730753916031,0.308001408699997,1,0,0.241663957106818,57.17
"01103",1.72045970683367e-05,0.0461867455088965,1,0,0.295175070480901,79
"01105",0,0,0,0,0.135127922670112,7.6
"01107",0,0,0,0,0.193239728546262,31.53
"01109",0,0,0,0,0.172660292545319,21.32
"01111",0,0,0,0,0.236679955391866,54.85
"01113",0.00042524755482656,1.14160189367072,1,1,0.253443121065568,62.81
"01115",0.000463768115942029,1.24501258943031,1,1,0.33894321146531,90.2
"01117",0.00024216984178237,0.650119082004948,1,0,0.366034855438392,94.56
"01119",0,0,0,0,0.160660641906884,16.16
"01121",2.86188541010818e-05,0.0768289850597876,1,0,0.207345441370744,39.39
"01123",6.6831517743768e-05,0.179413112073722,1,0,0.224214657201051,48.11
"01125",0.000378751178092327,1.01677965512716,1,1,0.253757873395881,62.97
"01127",4.63284688441047e-05,0.124371480007371,1,0,0.287656906017552,76.9
"01129",0,0,0,0,0.113833846493895,3.66
"01131",0,0,0,0,0.198606757399208,34.55
"01133",0,0,0,0,0.194433761536916,32.33
"02013",0,0,0,0,0.0639658080254892,0.41
"02016",0,0,0,0,0.0690760098460873,0.54
"02020",0.000202796270866288,0.544418431623288,1,0,0.339617645615695,90.39
"02050",0,0,0,0,0.0908858826843825,1.4
"02060",0,0,0,0,0.084793502756005,1.18
"02063",0,0,0,0,0.179704300771086,24.88
"02066",0,0,0,0,0.168403279837627,19.6
"02068",0,0,0,0,0.0826472231559786,1.11
"02070",0,0,0,0,0.0870080961553534,1.27
"02090",0,0,0,0,0.26172533378195,66.4
"02100",0,0,0,0,0.188345336594205,28.86
"02105",0,0,0,0,0.11210593840833,3.21
"02110",0.000513294322964788,1.37796858431326,1,1,0.220387862618901,45.82
"02122",0.000268291748112376,0.720244864961622,1,0,0.342778095737694,90.96
"02130",0,0,0,0,0.195580175896569,32.93
"02150",0,0,0,0,0.17349639666613,21.73
"02158",0,0,0,0,0.056089976916784,0.29
"02164",0,0,0,0,0.0722066052703471,0.6
"02170",0.00016865776528461,0.452771619838499,1,0,0.371422951864848,95.51
"02180",0.000238492725971858,0.640247649882923,1,0,0.119968434310506,4.55
"02185",0,0,0,0,0.0793775532428994,0.92
"02188",0,0,0,0,0.0605478144069833,0.32
"02195",0,0,0,0,0.170899532101171,20.74
"02198",0,0,0,0,0.117371766906326,4.01
"02220",0.00017940437746681,0.481621527800341,1,0,0.198559673880597,34.49
"02230",0,0,0,0,0.128637427327529,6.08
"02240",0,0,0,0,0.154544131409527,13.81
"02275",0,0,0,0,0.112816929105692,3.37
"02282",0,0,0,0,0.117549869241236,4.1
"02290",0,0,0,0,0.0993469718358422,2
"04001",5.36999248201053e-05,0.144160584038186,1,0,0.117019302812675,3.88
"04003",4.64435826579662e-05,0.124680509762864,1,0,0.274408113248112,72.29
"04005",0.000108192907954884,0.290450179433513,1,0,0.300850328578007,80.62
"04007",5.52638850511191e-05,0.1483591266073,1,0,0.222555064019725,47.03
"04009",0,0,0,0,0.220076689925216,45.66
"04011",0,0,0,0,0.0676288237810352,0.48
"04012",0,0,0,0,0.167100178772179,18.77
"04013",0.000352733686067019,0.946934178468818,1,0,0.410331018912105,98.6
"04015",0.00057378574530116,1.54036134002988,1,1,0.398832764750352,97.87
"04017",6.09997865007473e-05,0.163757489002293,1,0,0.291066568147085,77.66
"04019",0.000155449849657788,0.417314199049395,1,0,0.316219387071436,85.27
"04021",0.000141484278919931,0.379822808870719,1,0,0.312399474689147,83.93
"04023",0,0,0,0,0.227239182979769,49.83
"04025",0.000106813515470157,0.286747119757318,1,0,0.407777563522815,98.41
"04027",0.000248947898761188,0.668315171775722,1,0,0.271803065100731,70.98
"05001",0.000369719937147611,0.992534761423088,1,0,0.168171452218697,19.44
"05003",0.000150398556173861,0.403753706716664,1,0,0.214278751169409,42.73
"05005",0.000824946378485398,2.21461672657903,1,1,0.289083103557638,77.22
"05007",0.000855363560281593,2.29627342735142,1,1,0.316106197573147,85.17
"05009",0.00267639902676399,7.18494947823603,1,1,0.304836725939318,81.96
"05011",0.000248385494287134,0.666805364122975,1,0,0.165192199709407,17.91
"05013",0,0,0,0,0.0538380979738663,0.22
"05015",0.00154332896056795,4.1431567188195,1,1,0.252177286763369,62.23
"05017",0.000562113546936481,1.50902664191068,1,1,0.179254024191514,24.47
"05019",0.000407083248524323,1.09283875268028,1,1,0.192301090579639,31.05
"05021",0.00394769306686405,10.5978125673194,1,1,0.203378647348741,37.03
"05023",0.000887874175545408,2.38355007251569,1,1,0.273904326165828,72
"05025",0.00069204152249135,1.85782587955647,1,1,0.154968266041288,13.97
"05027",0.000214339299110492,0.57540636501106,1,0,0.201408868644432,36.11
"05029",0.00101278642866186,2.71888431037762,1,1,0.242187958815204,57.52
"05031",0.000468777783166028,1.25846133363745,1,1,0.335244590621098,89.56
"05033",0.000631028576579825,1.69403306334749,1,1,0.292406303898941,78.11
"05035",0,0,0,0,0.252063756109323,62.14
"05037",0.000170212765957447,0.456946109950485,1,0,0.2083363162891,39.8
"05039",0,0,0,0,0.153455645358213,13.27
"05041",0.000565397663022993,1.51784304332403,1,1,0.156143357998469,14.51
"05043",0.000536552649228706,1.44040691936102,1,1,0.239381789212701,55.97
"05045",0.000263400500460951,0.707114025012274,1,0,0.361946514782435,94.05
"05047",0.00104730319427474,2.81154658330504,1,1,0.198937661797616,34.78
"05049",0.000424808836023789,1.14042412742528,1,1,0.204054312361063,37.64
"05051",0.00162499709821947,4.36239960343424,1,1,0.405942188119209,98.22
"05053",0.000365831351746845,0.982095626837058,1,0,0.19196210686802,30.8
"05055",0.000723106018467015,1.94122033304418,1,1,0.268372879405,69.39
"05057",0.00156827601657892,4.21012854748822,1,1,0.207152321119853,39.1
"05059",0.000214201563671415,0.575036606181664,1,0,0.21844349420046,44.83
"05061",0,0,0,0,0.176100913979572,23.04
"05063",0.000651792429180246,1.7497748381784,1,1,0.228330496211947,50.68
"05065",0.00195804195804196,5.25647797810173,1,1,0.206954804715626,38.98
"05067",0.00079719387755102,2.14011351718678,1,1,0.191329469708465,30.42
"05069",0.000344400055104009,0.924562059498243,1,0,0.227810176058029,50.24
"05071",0.00075163749597337,2.01781475053298,1,1,0.177970192174621,23.86
"05073",0.00221729490022173,5.95245764070753,1,1,0.167903704560504,19.31
"05075",0.00115651503469545,3.1047321464446,1,1,0.22664751335775,49.38
"05077",0.000883782589482987,2.37256597079903,1,1,0.163285883993565,17.02
"05079",0.00120663650075415,3.23928614897025,1,1,0.150387054863112,12.25
"05081",0.00137023842148534,3.67848505886421,1,1,0.170335453439823,20.59
"05083",0.00179357573781184,4.8149588057313,1,1,0.230080158627456,51.54
"05085",0.00111133562335825,2.98344537841484,1,1,0.329844568953307,88.29
"05087",0.00173611111111111,4.66069165965121,1,1,0.23052122313881,51.77
"05089",0.00279046169457128,7.49115737076359,1,1,0.21645225203247,43.78
"05091",0.000914269639215135,2.45441023612549,1,1,0.267305050604796,69.01
"05093",0.000264970853206147,0.711329728659009,1,0,0.17096898406203,20.78
"05095",0.000449842555105713,1.20762860816874,1,1,0.189253790473793,29.4
"05097",0.00118203309692671,3.17323687465614,1,1,0.232493240994323,52.78
"05099",0,0,0,0,0.148547306904785,11.36
"05101",0.00362056480811007,9.71961765372592,1,1,0.191605118145156,30.61
"05103",0.0012647021626407,3.39516680910471,1,1,0.208812649675534,39.93
"05105",0.00135961930659415,3.64997742482542,1,1,0.225851010620983,48.93
"05107",0.000514315103720213,1.38070892986067,1,1,0.200703364774404,35.7
"05109",0.00248601615910503,6.67385555241541,1,1,0.227120059939975,49.7
"05111",0.000309214594928881,0.830104636969418,1,0,0.186902201062158,28.09
"05113",0.00143102461362335,3.8416691413267,1,1,0.228142930381687,50.4
"05115",0.000498454790150533,1.33813099190464,1,1,0.316754928353141,85.4
"05117",0,0,0,0,0.175177822710183,22.49
"05119",0.000547720586715537,1.47038789970684,1,1,0.325328167196137,87.34
"05121",0.000924824943849914,2.48274656780469,1,1,0.188832777071895,29.11
"05123",0.000371655104063429,0.997729830014531,1,0,0.214116375886513,42.63
"05125",0.00198801168709901,5.33693346586646,1,1,0.3698232616796,95.26
"05127",0.000557258289217052,1.49599241903544,1,1,0.140104379071809,8.85
"05129",0.00372736954206603,10.0063411989956,1,1,0.243700043628644,58.26
"05131",0.000566289589709709,1.52023747259943,1,1,0.324572056361738,87.24
"05133",0.000526500526500527,1.41342140889387,1,1,0.208180428082311,39.71
"05135",0.00254345061466723,6.82804170231225,1,1,0.2714086882086,70.66
"05137",0.000591715976331361,1.58849609228349,1,1,0.259202992546806,65.51
"05139",0.000376972373310356,1.01200434981494,1,1,0.28606140299516,76.07
"05141",0.00194636678200692,5.22513528625257,1,1,0.249772637868185,61.02
"05143",0.00131345636041243,3.52605030007106,1,1,0.362664395982526,94.21
"05145",0.000452810660456692,1.2155966603088,1,1,0.326419724169824,87.59
"05147",0,0,0,0,0.112891722227817,3.4
"05149",0.000401606425702811,1.07813590199161,1,1,0.188960039022518,29.24
"06001",0.000116835151273163,0.313650786293521,1,0,0.313194770376787,84.22
"06003",0,0,0,0,0.157373362947973,14.92
"06005",0,0,0,0,0.250657705380859,61.66
"06007",6.7272115708039e-05,0.180595923037948,1,0,0.350541451391871,92.24
"06009",0,0,0,0,0.319987337799429,86.38
"06011",0,0,0,0,0.13572805958269,7.86
"06013",0.000410660658938293,1.10244251984289,1,1,0.391721366298289,97.39
"06015",0.000324499729583559,0.871138473539999,1,0,0.186485000081854,27.94
"06017",0.000158588276001269,0.425739487839885,1,0,0.345543762579737,91.44
"06019",0.000103064377375476,0.276682339607631,1,0,0.311986244672973,83.71
"06021",0,0,0,0,0.214262559926506,42.7
"06023",1.67993817827504e-05,0.0450989214118049,1,0,0.315355230930857,84.76
"06025",0,0,0,0,0.197362178150219,33.95
"06027",0.0015201122544434,4.08083011546636,1,1,0.214467792890145,42.92
"06029",6.95177527742733e-05,0.186624466878384,1,0,0.264724524016622,67.83
"06031",0,0,0,0,0.150609376436108,12.38
"06033",0,0,0,0,0.247684001836419,60.17
"06035",9.83864620228257e-05,0.264124202672088,1,0,0.164766348548084,17.79
"06037",8.86990382625952e-05,0.238117747881347,1,0,0.328115987553291,87.85
"06039",9.51384264104272e-05,0.255404661398449,1,0,0.233766749657739,53.45
"06041",0.000210300203540554,0.564563177086702,1,0,0.320772184094389,86.51
"06043",0,0,0,0,0.163591746304178,17.24
"06045",0,0,0,0,0.299188936464547,80.21
"06047",1.04644105397543e-05,0.0280923211732603,1,0,0.241643924442554,57.14
"06049",0.000627155848228285,1.68363649793609,1,1,0.189064612622876,29.3
"06051",0.000108554059921841,0.291419712978626,1,0,0.164692999036313,17.66
"06053",7.05828377829931e-05,0.189483749780953,1,0,0.192673960298266,31.34
"06055",0.000213454365703501,0.573030709603456,1,0,0.225924469960418,48.97
"06057",4.74360798823585e-05,0.127344926519572,1,0,0.403619448570769,98.09
"06059",0.000275010892588295,0.738282800678112,1,0,0.379636596371004,96.34
"06061",0.000780167665123668,2.09440565566355,1,1,0.362198754921117,94.11
"06063",0.00192901234567901,5.17854628850135,1,1,0.238750822637784,55.52
"06065",5.91841926289722e-05,0.158883421230168,1,0,0.409221792595939,98.54
"06067",0.000166076104994801,0.445841002031977,1,0,0.29639249022453,79.48
"06069",0,0,0,0,0.26569838036897,68.22
"06071",0.000152616279069767,0.409707313336781,1,0,0.352114190310912,92.49
"06073",4.90734221102785e-05,0.131740467344593,1,0,0.33915608338431,90.26
"06075",8.01471654619148e-05,0.215159745953106,1,0,0.204376925761547,37.83
"06077",0.000265665680057259,0.713195031915898,1,0,0.317241211363165,85.65
"06079",0.000142158535198453,0.381632889224255,1,0,0.371259245315294,95.45
"06081",8.14204875373088e-05,0.218578053421365,1,0,0.202375175525912,36.53
"06083",2.02526723401153e-05,0.0543694815712651,1,0,0.261564656530829,66.34
"06085",5.61248020380624e-05,0.150670308532823,1,0,0.160430617007858,16.1
"06087",4.93977589883339e-05,0.132611168633696,1,0,0.344383565253016,91.15
"06089",1.25461069430156e-05,0.0336807567304732,1,0,0.388311163063426,97.2
"06091",0,0,0,0,0.186111837081345,27.68
"06093",0.000486203962562295,1.30524292984519,1,1,0.270446099475509,70.28
"06095",0.000172006785371119,0.461762259829973,1,0,0.370626306972605,95.32
"06097",0.000126761991684413,0.340299969064889,1,0,0.416798303429951,98.92
"06099",0.000121751050666474,0.326847805283525,1,0,0.374172580886144,95.74
"06101",0.000298434575002035,0.801165043966198,1,0,0.315882009558568,84.98
"06103",0.000542323857730375,1.455900065599,1,1,0.24236247183537,57.62
"06105",0.00169491525423729,4.55009897620186,1,1,0.23012348684181,51.57
"06107",1.02841510947479e-05,0.0276084041667174,1,0,0.257081926987486,64.75
"06109",0.000432817158795806,1.16192293756044,1,1,0.300713700064188,80.56
"06111",7.77107450647201e-05,0.208619033119731,1,0,0.37897931428676,96.18
"06113",8.8581805297192e-05,0.237803029139791,1,0,0.247112817153472,59.88
"06115",0,0,0,0,0.186149483965472,27.74
"08001",8.22674335422211e-05,0.220851729429777,1,0,0.356998348332423,93.22
"08003",0.00158629441624365,4.25849999358994,1,1,0.247835033853813,60.26
"08005",0.00066703226010567,1.79068705424225,1,1,0.364568295746261,94.37
"08007",0.00033311125916056,0.894256627567987,1,0,0.287486628896135,76.84
"08009",0,0,0,0,0.163245532264072,16.96
"08011",0,0,0,0,0.109221918715869,2.96
"08013",0.000355847533018545,0.955293482446268,1,0,0.28531528965804,75.76
"08014",0.00141643059490085,3.80249064583442,1,1,0.236130654916251,54.63
"08015",0.00055933625431155,1.50157083767639,1,1,0.321494932080683,86.64
"08017",0.00102669404517454,2.75622011905452,1,1,0.168474935774662,19.69
"08019",0,0,0,0,0.173816224936319,21.95
"08021",0,0,0,0,0.194435752562338,32.36
"08023",0,0,0,0,0.146119203675282,10.66
"08025",0,0,0,0,0.0911343573155728,1.46
"08027",0,0,0,0,0.241743500032015,57.24
"08029",0,0,0,0,0.337324254270625,89.91
"08031",0.000464908301680288,1.2480734846269,1,1,0.313759373932643,84.38
"08033",0,0,0,0,0.235808698115979,54.47
"08035",0.000588889615913106,1.58090856269266,1,1,0.340041907275074,90.58
"08037",0.000503943356766699,1.35286536949585,1,1,0.276280283668489,72.7
"08039",0.000309645455952934,0.831261308549032,1,0,0.31417738110547,84.47
"08041",0.000219683655536028,0.589753601924231,1,0,0.306541591041405,82.31
"08043",6.1050061050061e-05,0.163892453965757,1,0,0.280889346212861,74.23
"08045",0.000221525997658154,0.594699476936412,1,0,0.35671923289572,93.13
"08047",0.000197941409342835,0.531385272359283,1,0,0.0550382695692906,0.25
"08049",0.000870322019147084,2.33643028368938,1,1,0.255812299672167,63.89
"08051",0.000889758875344782,2.38860965918596,1,1,0.290552504336977,77.54
"08053",0.00202839756592292,5.44535171594138,1,1,0.156615934440705,14.64
"08055",0,0,0,0,0.175051590617607,22.46
"08057",0,0,0,0,0.164739729754949,17.72
"08059",0.000449831313257528,1.2075984287708,1,1,0.398565633781276,97.84
"08061",0.00835654596100279,22.4336356208281,1,1,0.155756506011368,14.29
"08063",0.00135427952329361,3.63564246473334,1,1,0.21791105403593,44.42
"08065",0.000302480338777979,0.812026133078977,1,0,0.169366419278158,20.08
"08067",0.00225116578228011,6.0433860015159,1,1,0.407441639633684,98.35
"08069",0.00019545639067222,0.524714094622969,1,0,0.387550702425795,97.14
"08071",0.000178826895565093,0.480071243912571,1,0,0.208268394591272,39.74
"08073",0.00120481927710843,3.23440770597482,1,1,0.160951262935854,16.26
"08075",0.000561419267909275,1.50716280931905,1,1,0.247027116700201,59.75
"08077",2.65438570878734e-05,0.0712585344063891,1,0,0.453014952096054,99.81
"08079",0,0,0,0,0.126367582656308,5.57
"08081",0.00112191473448018,3.01184561999899,1,1,0.256751644696024,64.46
"08083",0.000542593597395551,1.45662419748188,1,1,0.366635012125995,94.69
"08085",0.000560595250229334,1.50495068573795,1,1,0.408623820407069,98.47
"08087",0.000335412893271617,0.900435498745253,1,0,0.215759697093156,43.37
"08089",0.000972897845726199,2.61180108015479,1,1,0.239103221693321,55.87
"08091",0.00111152278621712,2.98394782803901,1,1,0.2303719954375,51.7
"08093",0.000243605359317905,0.653972812657515,1,0,0.29753557131318,79.8
"08095",0.00310146211785556,8.32605616823823,1,1,0.156098876647617,14.41
"08097",0.000437764482708303,1.17520431750727,1,1,0.196733813008441,33.63
"08099",0.000176304654442877,0.473300140331294,1,0,0.19527651332683,32.74
"08101",4.23674956573317e-05,0.11373801618265,1,0,0.329674098359592,88.2
"08103",0,0,0,0,0.139391119262327,8.5
"08105",0.000186706497386109,0.501224495137994,1,0,0.23283617662527,52.91
"08107",0.00026536461097548,0.712386794384645,1,0,0.318058792328375,85.84
"08109",0,0,0,0,0.160001699949687,16.04
"08111",0,0,0,0,0.169064074784954,19.92
"08113",0.00116550116550117,3.12885593934627,1,1,0.223457664820353,47.57
"08115",0,0,0,0,0.155578232679677,14.19
"08117",0.000530330844857831,1.42370412219917,1,1,0.252249181684737,62.3
"08119",9.97008973080758e-05,0.267652880953051,1,0,0.247693179382743,60.2
"08121",0,0,0,0,0.181679137120175,25.93
"08123",0.000129192475256052,0.346824744143373,1,0,0.404191792902193,98.12
"08125",0,0,0,0,0.185560868261536,27.49
"09110",4.55842853436003e-05,0.122373675942958,1,0,0.258824175954358,65.26
"09120",6.83984131568148e-05,0.183619534310406,1,0,0.339904931553558,90.45
"09130",1.19704569123403e-05,0.0321353906074899,1,0,0.318351761300121,85.94
"09140",3.67853783376162e-05,0.0987524962647795,1,0,0.342328880274187,90.87
"09150",0,0,0,0,0.335210252482488,89.53
"09160",4.48209403433284e-05,0.120324431713464,1,0,0.352413829398748,92.55
"09170",6.04385292442957e-05,0.162250761122194,1,0,0.285142691724103,75.66
"09180",1.39929615403452e-05,0.0375649223874665,1,0,0.24336375212064,58.1
"09190",6.47967884355405e-05,0.173950762425816,1,0,0.334882689947963,89.47
"10001",0.00013371746714805,0.358972349118681,1,0,0.276326534544182,72.73
"10003",0.000151560619701062,0.406873334115249,1,0,0.261588586819811,66.37
"10005",5.70895735408857e-05,0.153260293970909,1,0,0.367598562288527,94.97
"11001",0.000129435635972752,0.347477523286957,1,0,0.126625012314374,5.63
"12001",0.000270028738772912,0.724907917823068,1,0,0.223019552530722,47.34
"12003",0.000709219858156028,1.90394212479369,1,1,0.196575052000782,33.5
"12005",0.000794153314516908,2.13195094816511,1,1,0.373314873398872,95.67
"12007",0.000853606487409304,2.2915564626198,1,1,0.227799104082672,50.21
"12009",0.000761140586040757,2.04332635076094,1,1,0.356395205299934,93.06
"12011",0.000582915390797465,1.56487040649911,1,1,0.421562847045699,99.17
"12013",0.000275103163686382,0.738530507829188,1,0,0.190121076302142,29.81
"12015",0.000946225522428752,2.54019767070689,1,1,0.394766994751616,97.68
"12017",0.0012591286829514,3.3802044774101,1,1,0.37089776914687,95.42
"12019",0.00075478673423805,2.02626906455731,1,1,0.380504717054778,96.47
"12021",0.000616184074722589,1.65418213125281,1,1,0.386889726312539,97.04
"12023",0.000374209482468286,1.00458720800775,1,1,0.3157422126577,84.89
"12027",0,0,0,0,0.226671228480739,49.41
"12029",0.000297796307325789,0.799451577117063,1,0,0.194199041432079,32.23
"12031",0.0003972257751861,1.06637578986721,1,1,0.361504745275707,94.02
"12033",0.000343766751345934,0.922861918577311,1,0,0.329999094671987,88.32
"12035",0.00146591741998534,3.93534091760435,1,1,0.352126931368522,92.52
"12037",0,0,0,0,0.225283976054866,48.71
"12039",0,0,0,0,0.17004669414227,20.46
"12041",0,0,0,0,0.196363054913784,33.44
"12043",0,0,0,0,0.174022608509534,22.11
"12045",0.000390167772142021,1.04742816853652,1,1,0.234071049946105,53.71
"12047",0,0,0,0,0.146989735180585,11.04
"12049",0,0,0,0,0.203903576928464,37.54
"12051",0,0,0,0,0.257407857498725,64.84
"12053",0.000664335664335664,1.78344788542737,1,1,0.359432597653231,93.51
"12055",0.000454407755225689,1.21988415448005,1,1,0.36796786472847,95.04
"12057",0.000580373751538219,1.55804722748621,1,1,0.381712644652857,96.56
"12059",0.000474721101352955,1.27441651837603,1,1,0.23258321980296,52.82
"12061",0.000562310030395137,1.50955411322928,1,1,0.396287579418461,97.77
"12063",0.000180407721450478,0.484315063315731,1,0,0.227333125188919,49.89
"12065",0.000497017892644135,1.33427355663971,1,1,0.223226389995295,47.41
"12067",0,0,0,0,0.141928421611511,9.39
"12069",0.00075634468349596,2.03045147031811,1,1,0.418926633397662,99.01
"12071",0.000851692028162616,2.28641698497538,1,1,0.41970426528689,99.08
"12073",0.000713584872000714,1.91566025935891,1,1,0.249339413656586,60.83
"12075",0.00111898545318911,3.00398179331492,1,1,0.313824951323065,84.44
"12077",0,0,0,0,0.0987365429880967,1.94
"12079",0,0,0,0,0.200605025385277,35.6
"12081",0.000453151576098427,1.21651186825713,1,1,0.412650806644094,98.79
"12083",0.000819873739444126,2.20099893085111,1,1,0.445828742482073,99.71
"12085",0.000244430476988617,0.656187889228078,1,0,0.367143691308288,94.85
"12086",0.000342276559460044,0.918861411438454,1,0,0.39759022458146,97.8
"12087",0.000257523361047752,0.691336501056349,1,0,0.264742129962864,67.87
"12089",0.00073822056746694,1.98179622246307,1,1,0.366850248230441,94.75
"12091",0.00066572909818672,1.78718863997144,1,1,0.25678248573318,64.56
"12093",0.000837462488659362,2.24821695523129,1,1,0.30245154751886,81.32
"12095",0.000670400747458305,1.79972995524645,1,1,0.300355452415516,80.46
"12097",0.000683813473331275,1.83573720110143,1,1,0.353419259255227,92.71
"12099",0.000522152413815554,1.40174864647885,1,1,0.389584889521061,97.23
"12101",0.000516203384133349,1.38577812889768,1,1,0.436464270629063,99.59
"12103",0.00122939141054346,3.30037303309443,1,1,0.415288114298381,98.85
"12105",0.000301697390660409,0.809924263136352,1,0,0.371785949149108,95.55
"12107",5.06431682366049e-05,0.135954542487547,1,0,0.289714650054407,77.35
"12109",0.000739644970414201,1.98562011535436,1,1,0.362127208689493,94.08
"12111",0.00039032006245121,1.04783700076468,1,1,0.406349816611805,98.25
"12113",0.000744616228714753,1.99896574856359,1,1,0.385472834716004,96.98
"12115",0.000450647034268149,1.20978827945863,1,1,0.407220397601634,98.31
"12117",0.000610081919275643,1.63780053861427,1,1,0.411629996184457,98.63
"12119",0.0010971295508486,2.94530834718543,1,1,0.297408571627116,79.76
"12121",0.000586983637831095,1.57579185323008,1,1,0.264193804397255,67.48
"12123",0.000157728706624606,0.423431923652855,1,0,0.194452716925857,32.39
"12125",0,0,0,0,0.128723202988829,6.11
"12127",0.000387344235656454,1.03984821995789,1,1,0.425203066327587,99.3
"12129",0,0,0,0,0.241215816743403,56.86
"12131",0.000873609291091755,2.34525515718825,1,1,0.354086737573479,92.81
"12133",0.000708516366728071,1.90205356097428,1,1,0.219308911598411,45.34
"13001",0,0,0,0,0.191215184296656,30.35
"13003",0,0,0,0,0.153123349098355,13.04
"13005",0,0,0,0,0.168457996126226,19.66
"13007",0,0,0,0,0.120573260780693,4.68
"13009",0,0,0,0,0.221735995870192,46.58
"13011",0,0,0,0,0.193284313836533,31.59
"13013",0.000803746155996645,2.15770349130064,1,1,0.326473506588124,87.62
"13015",7.81005935645111e-05,0.209665604182997,1,0,0.291628398878809,77.79
"13017",0,0,0,0,0.144155849967494,9.9
"13019",0,0,0,0,0.173514629101331,21.76
"13021",9.04476025732343e-05,0.242811870882348,1,0,0.284186975730166,75.31
"13023",0,0,0,0,0.165465043418566,18.04
"13025",0,0,0,0,0.174922298338076,22.4
"13027",0,0,0,0,0.175495064996556,22.75
"13029",0.000153362472203052,0.411710512377747,1,0,0.259057784066752,65.38
"13031",9.2738569971251e-05,0.248962106645562,1,0,0.298880140754318,80.08
"13033",0,0,0,0,0.190350390820968,30.1
"13035",0,0,0,0,0.198081281193073,34.23
"13037",0,0,0,0,0.109642307036162,3.05
"13039",0,0,0,0,0.196245441951824,33.38
"13043",0,0,0,0,0.19436785730611,32.29
"13045",5.69952124021582e-05,0.153006975983686,1,0,0.243970426762035,58.42
"13047",0.000853879816415839,2.29229023029916,1,1,0.298522867286771,79.92
"13049",0,0,0,0,0.153325343072529,13.2
"13051",5.27479019521999e-05,0.141604823055005,1,0,0.295172260581011,78.97
"13053",0,0,0,0,0.0252527842360127,0.06
"13055",0,0,0,0,0.174845524033787,22.34
"13057",0.00056593749278141,1.51929224783437,1,1,0.384943165509454,96.91
"13059",8.3395880243516e-05,0.22388111049613,1,0,0.203316129265925,37
"13061",0,0,0,0,0.123710324761224,5.38
"13063",2.06128899271678e-05,0.055336506718959,1,0,0.202754466569295,36.75
"13065",0,0,0,0,0.149599910392135,11.9
"13067",0.000147157753111335,0.395053581645511,1,0,0.35950051210389,93.54
"13069",0,0,0,0,0.219415778377794,45.4
"13071",0,0,0,0,0.223976214162976,47.92
"13073",0.000109490649498533,0.293934042390301,1,0,0.326070066825646,87.5
"13075",0,0,0,0,0.180990629187093,25.61
"13077",0.000142131258216963,0.38155966257458,1,0,0.298380562075633,79.89
"13079",0,0,0,0,0.158284266258625,15.37
"13081",0,0,0,0,0.213722460964463,42.32
"13083",0,0,0,0,0.152671897733685,12.95
"13085",0.000770594128072744,2.06870493639447,1,1,0.246193958059698,59.37
"13087",0,0,0,0,0.228714687003503,51
"13089",8.16825478194985e-05,0.219281569552165,1,0,0.275158912536983,72.41
"13091",0,0,0,0,0.204303710579733,37.73
"13093",0,0,0,0,0.141911062349182,9.35
"13095",1.95633461147195e-05,0.0525189450653239,1,0,0.256315893933734,64.14
"13097",0.000311677517661726,0.836716496870477,1,0,0.288342911437703,77.09
"13099",0,0,0,0,0.156114714320336,14.44
"13101",0,0,0,0,0.124735225351598,5.44
"13103",0.000185574662872696,0.498186019292175,1,0,0.2535577056333,62.9
"13105",0,0,0,0,0.188927666979879,29.21
"13107",0,0,0,0,0.20342788917717,37.13
"13109",0,0,0,0,0.167898334726504,19.28
"13111",0.00145430137599284,3.90415696917645,1,1,0.294214458267528,78.78
"13113",0.00014396256973187,0.386475925277538,1,0,0.359740829505379,93.64
"13115",2.00076028890979e-05,0.0537115783189432,1,0,0.213675850413369,42.25
"13117",6.93144797948291e-05,0.186078768694746,1,0,0.367646324532722,95
"13119",0,0,0,0,0.205723751061388,38.24
"13121",0.00011670778995321,0.31330887739272,1,0,0.249486838993058,60.9
"13123",0,0,0,0,0.281336673100099,74.36
"13125",0,0,0,0,0.126826015168114,5.66
"13127",0.000235072872590503,0.631066853775058,1,0,0.288135564748752,77.03
"13129",0,0,0,0,0.158629251508257,15.56
"13131",0.000130855796911803,0.3512900282595,1,0,0.215388988345172,43.24
"13133",0,0,0,0,0.208327695265896,39.77
"13135",0.000489526589787894,1.31416271666032,1,1,0.461094362084089,99.94
"13137",0.000116333178222429,0.312303210325628,1,0,0.247451146385312,60.04
"13139",3.52373233729166e-05,0.094596652311889,1,0,0.26401421336541,67.29
"13141",0,0,0,0,0.173978867821702,22.08
"13143",0,0,0,0,0.206353025880703,38.63
"13145",0,0,0,0,0.199189800918782,34.9
"13147",0,0,0,0,0.199860485723323,35.25
"13149",0,0,0,0,0.174979473521926,22.43
"13151",0.000100504757225175,0.269810889842675,1,0,0.254125215285651,63.12
"13153",5.2428075234288e-05,0.140746229554183,1,0,0.202793549449505,36.84
"13155",0,0,0,0,0.146666778943994,10.94
"13157",0.000119691196712482,0.321318007056885,1,0,0.178700583347164,24.24
"13159",0,0,0,0,0.215079531519864,43.11
"13161",0,0,0,0,0.169454029199428,20.17
"13163",0,0,0,0,0.18737373509194,28.35
"13165",0,0,0,0,0.149212727199234,11.77
"13167",0,0,0,0,0.177490567639677,23.7
"13169",0,0,0,0,0.227483354928554,49.95
"13171",0,0,0,0,0.196974650009941,33.79
"13173",0,0,0,0,0.163261686813655,16.99
"13175",0,0,0,0,0.259023120275529,65.35
"13177",0.000558098002009153,1.49824667706167,1,1,0.267831766298353,69.2
"13179",2.58758991874968e-05,0.0694653624167857,1,0,0.0894241246356527,1.3
"13181",0,0,0,0,0.212081245607531,41.52
"13183",0,0,0,0,0.180912057336214,25.52
"13185",4.86200022689334e-05,0.130523235302616,1,0,0.281151305626341,74.29
"13187",0,0,0,0,0.234120824242027,53.74
"13189",0,0,0,0,0.217289401167678,44.03
"13191",0,0,0,0,0.204315212281587,37.77
"13193",0,0,0,0,0.171808067304026,21.09
"13195",0.000188786105342647,0.506807324138021,1,0,0.256205946021495,64.08
"13197",0,0,0,0,0.130367504593192,6.43
"13199",0,0,0,0,0.206608652309212,38.82
"13201",0,0,0,0,0.140320141142342,9
"13205",0,0,0,0,0.178444177285173,24.12
"13207",0.000108061378863194,0.290097081906105,1,0,0.218386435428652,44.73
"13209",0,0,0,0,0.173686805945244,21.86
"13211",0,0,0,0,0.243688261823069,58.22
"13213",0,0,0,0,0.179400160406141,24.53
"13215",9.87703096449207e-06,0.0265154664028752,1,0,0.261743412502276,66.43
"13217",2.99805126667666e-05,0.0804844369947264,1,0,0.289063020807762,77.19
"13219",5.30447697856991e-05,0.142401782089916,1,0,0.290410805669158,77.47
"13221",0,0,0,0,0.184129815044374,26.66
"13223",8.12391681109185e-05,0.218091290832899,1,0,0.367149958524906,94.88
"13225",0,0,0,0,0.181025547500454,25.64
"13227",0,0,0,0,0.293226207590682,78.46
"13229",0,0,0,0,0.226375279290768,49.19
"13231",0,0,0,0,0.246192299151185,59.34
"13233",0,0,0,0,0.233770040957251,53.48
"13235",0,0,0,0,0.153973894774285,13.46
"13237",0.000133725595078898,0.358994169023683,1,0,0.260186722871351,65.89
"13239",0,0,0,0,0.101848820059268,2.16
"13241",0,0,0,0,0.248872383096343,60.67
"13243",0,0,0,0,0.159717751315684,15.88
"13245",1.58694893198337e-05,0.0426025707931428,1,0,0.221930552436388,46.71
"13247",4.98107192667862e-05,0.133719784616413,1,0,0.318718461030661,86
"13249",0,0,0,0,0.147550019264168,11.23
"13251",0,0,0,0,0.187793575931456,28.51
"13253",0,0,0,0,0.149603932610286,11.93
"13255",0,0,0,0,0.239661567686492,56.09
"13257",0,0,0,0,0.214870258605372,43.02
"13259",0,0,0,0,0.070389121672283,0.57
"13261",0,0,0,0,0.224196490515119,48.04
"13263",0,0,0,0,0.145626605227562,10.5
"13265",0,0,0,0,0.0733271826339995,0.7
"13267",0,0,0,0,0.159292676159168,15.81
"13269",0,0,0,0,0.173851193364529,21.99
"13271",0,0,0,0,0.176697954440728,23.26
"13273",0,0,0,0,0.181923947332704,26.09
"13275",0,0,0,0,0.253166392597258,62.71
"13277",0,0,0,0,0.226542984607896,49.32
"13279",0,0,0,0,0.207944084416844,39.64
"13281",0,0,0,0,0.186648123262682,28
"13283",0,0,0,0,0.17149675497277,20.94
"13285",0,0,0,0,0.158419263112257,15.46
"13287",0,0,0,0,0.194041471699198,32.17
"13289",0,0,0,0,0.140280893349679,8.94
"13291",0,0,0,0,0.269747033876007,69.97
"13293",0,0,0,0,0.214418070090907,42.86
"13295",0.00011001705264316,0.295347202371868,1,0,0.188529343237044,28.95
"13297",9.57518113050972e-05,0.25705132896739,1,0,0.329682362847311,88.23
"13299",0,0,0,0,0.239318691223487,55.93
"13301",0,0,0,0,0.159262369040982,15.75
"13303",0,0,0,0,0.197625366326727,34.01
"13305",0,0,0,0,0.24022158129423,56.41
"13307",0,0,0,0,0.122592155403405,5.22
"13309",0,0,0,0,0.121886811284662,5.03
"13311",9.021199819576e-05,0.242179377172675,1,0,0.284905038168437,75.5
"13313",1.60212762548665e-05,0.0430100516839819,1,0,0.2113883611477,41.11
"13315",0,0,0,0,0.152691917297686,12.98
"13317",0,0,0,0,0.19639671939648,33.47
"13319",0,0,0,0,0.128799994937389,6.14
"13321",0,0,0,0,0.236112346721789,54.6
"15001",9.1013549642203e-05,0.244331188838016,1,0,0.310056873373599,83.17
"15003",0.000407778885099613,1.09470622968901,1,1,0.270194409273408,70.25
"15007",2.60159217441074e-05,0.0698412611467584,1,0,0.244325585340928,58.57
"15009",5.85665257165614e-05,0.157225258334549,1,0,0.308979117133974,82.82
"16001",0.000602916999462347,1.61856589297311,1,1,0.459149069541308,99.9
"16003",0.000758725341426404,2.03684248555319,1,1,0.204709633629543,37.93
"16005",2.3448308204563e-05,0.0629483526615963,1,0,0.370765940764493,95.39
"16007",0,0,0,0,0.228187890302416,50.52
"16009",0,0,0,0,0.223656102813864,47.73
"16011",5.26288090100521e-05,0.141285111097263,1,0,0.288456147166809,77.12
"16013",0.000641698751604247,1.72267777129565,1,1,0.312244890251895,83.81
"16015",0,0,0,0,0.211585700851354,41.27
"16017",0.000822114890555955,2.20701543188498,1,1,0.399645740567995,97.96
"16019",0.00035058503878347,0.94116600936381,1,0,0.429697653849206,99.43
"16021",0.000596658711217184,1.60176515272023,1,1,0.258143725353382,65
"16023",0,0,0,0,0.0343342155290022,0.16
"16025",0,0,0,0,0.185439357821663,27.46
"16027",0.000330700696416761,0.887785331115136,1,0,0.430173057869481,99.46
"16029",0.00024981264051961,0.670636621523632,1,0,0.185289986366316,27.39
"16031",0.00117932708983698,3.16597244060386,1,1,0.246046716205612,59.31
"16033",0,0,0,0,0.101931073430865,2.2
"16035",0,0,0,0,0.211583466371921,41.23
"16037",0,0,0,0,0.203103442056073,36.94
"16039",0,0,0,0,0.189642084081398,29.62
"16041",0.00161485668146952,4.33517706250965,1,1,0.282695268001416,74.86
"16043",0,0,0,0,0.256180065499307,64.05
"16045",0,0,0,0,0.311454004945945,83.58
"16047",0.000123670541676973,0.332000790991726,1,0,0.165968082271415,18.26
"16049",0.00141392718275009,3.79577008972654,1,1,0.307828160212849,82.5
"16051",0.000173943294485998,0.466960931633171,1,0,0.27256138158822,71.33
"16053",7.11997152011392e-05,0.191139793233115,1,0,0.19762881448116,34.04
"16055",0.000219186088989552,0.58841785547434,1,0,0.452291526104723,99.78
"16057",5.65323082141444e-05,0.151764282659229,1,0,0.273372280539594,71.68
"16059",0.00185643564356436,4.98370989348842,1,1,0.276081485036125,72.64
"16061",0,0,0,0,0.163727616558887,17.34
"16063",0,0,0,0,0.149962413407903,12.06
"16065",0,0,0,0,0.227965638948879,50.27
"16067",0.000183334861123843,0.492173140702007,1,0,0.216415658000793,43.75
"16069",0.000247739378174161,0.66507082768713,1,0,0.269877877529731,70.09
"16071",0,0,0,0,0.161919601900286,16.7
"16073",0,0,0,0,0.175188691054284,22.53
"16075",0.000826934435912581,2.21995378283682,1,1,0.271592036152547,70.76
"16077",0,0,0,0,0.113602003436726,3.6
"16079",0,0,0,0,0.199117703805276,34.84
"16081",0.000334448160535117,0.897845617377625,1,0,0.28742755012208,76.74
"16083",0.000650031453134829,1.7450473951506,1,1,0.395061869400347,97.71
"16085",0.000156813548690607,0.42097512873751,1,0,0.252176483314595,62.2
"16087",0.000558971492453885,1.50059161316886,1,1,0.223017154377094,47.31
"17001",0.000203956761166633,0.547533835602508,1,0,0.282827501306207,74.9
"17003",0.00677637947725073,18.1915864198584,1,1,0.103750800489037,2.35
"17005",0,0,0,0,0.176721881564295,23.29
"17007",7.52785305630834e-05,0.202089611258589,1,0,0.240944247434574,56.73
"17009",0,0,0,0,0.0823377701285631,1.08
"17011",0,0,0,0,0.224985726394568,48.55
"17013",0,0,0,0,0.155540150963786,14.16
"17015",0,0,0,0,0.210207645404249,40.57
"17017",0,0,0,0,0.142433748037766,9.61
"17019",9.06256796925977e-06,0.0243289929308263,1,0,0.195921940680643,33.12
"17021",0,0,0,0,0.233456429931101,53.26
"17023",0,0,0,0,0.184723781024686,26.95
"17025",0.000761179828734539,2.04343170006401,1,1,0.170578424928096,20.65
"17027",0.000516148060758,1.3856296100659,1,1,0.264607648599713,67.74
"17029",3.77073906485671e-05,0.10122769215532,1,0,0.193261651541318,31.56
"17031",0.000193177479955629,0.518596225725105,1,0,0.337469395944325,90.01
"17033",0.001982897508985,5.32320415607207,1,1,0.20358903354076,37.26
"17035",0.000303398058252427,0.814489804599241,1,0,0.145649672741802,10.53
"17037",2.47561519037481e-05,0.0664593354448457,1,0,0.268953374265255,69.65
"17039",0.000355935219789998,0.955528882704787,1,0,0.171173561492659,20.87
"17041",0.000115928587989798,0.311217064219696,1,0,0.224746261208508,48.3
"17043",0.000140678128442124,0.377658650837117,1,0,0.364660157916973,94.43
"17045",0,0,0,0,0.131252111815264,6.78
"17047",0,0,0,0,0.153771446634564,13.39
"17049",0,0,0,0,0.283750963985332,75.12
"17051",0.00143112701252236,3.84194403715077,1,1,0.277196109468557,73.05
"17053",0.000626272115234069,1.68126406510668,1,1,0.164119335854881,17.47
"17055",0.000697767145135566,1.87319664789809,1,1,0.247826298089525,60.23
"17057",0.000102933607822954,0.276331281107473,1,0,0.254328461983578,63.28
"17059",0,0,0,0,0.135856611572951,7.92
"17061",0.00366300366300366,9.83354723794541,1,1,0.175556116341754,22.84
"17063",0,0,0,0,0.234056013493166,53.67
"17065",0.000405186385737439,1.08774651375976,1,1,0.191341853674919,30.45
"17067",0,0,0,0,0.214964227770073,43.08
"17069",0,0,0,0,0.0929051376070189,1.56
"17071",0.000660501981505945,1.7731561399994,1,1,0.167139860440338,18.8
"17073",0,0,0,0,0.248802870416331,60.61
"17075",0.000931207077173787,2.49987977740342,1,1,0.218444485006258,44.86
"17077",0.000464933299953507,1.24814059395116,1,1,0.220600151295924,45.94
"17079",0,0,0,0,0.20305394710731,36.91
"17081",4.70455400828002e-05,0.126296499621711,1,0,0.199365501219164,35
"17083",0.000989772352358957,2.65710167861343,1,1,0.2209145302665,46.13
"17085",0.00141110065851364,3.78818212035621,1,1,0.276467657549503,72.83
"17087",0.000326157860404436,0.875589822556783,1,0,0.149358671791748,11.84
"17089",6.8689279749971e-05,0.184400382665168,1,0,0.38201541992137,96.6
"17091",0.000593367470276685,1.59292962422029,1,1,0.286973422181329,76.52
"17093",0.00227524814425073,6.10803650853866,1,1,0.317051535076367,85.52
"17095",0,0,0,0,0.221552953602277,46.48
"17097",7.53259191107237e-05,0.202216828582029,1,0,0.259505971427753,65.64
"17099",2.35743416865084e-05,0.0632866969037247,1,0,0.312176654864647,83.74
"17101",0.000655881066899869,1.76075102489665,1,1,0.149433155180944,11.87
"17103",7.45767767917071e-05,0.200205712279745,1,0,0.21570188359373,43.3
"17105",0,0,0,0,0.204950559493139,38.02
"17107",0,0,0,0,0.181734839136643,25.99
"17109",0,0,0,0,0.181271154191073,25.74
"17111",0.00010201148092849,0.273855777610799,1,0,0.395294262856608,97.74
"17113",0.000308565786225623,0.828362872117717,1,0,0.197172260769911,33.88
"17115",0.00020579942787759,0.552480581992364,1,0,0.262821868118425,66.85
"17117",0.000939287849030826,2.52157308133806,1,1,0.238663306912419,55.46
"17119",9.50332184295329e-05,0.255122224430017,1,0,0.313407235233171,84.31
"17121",0.000643776824034335,1.72825647808526,1,1,0.221910087508455,46.68
"17123",0,0,0,0,0.152321066593667,12.76
"17125",0,0,0,0,0.188706223458011,29.05
"17127",0.000303951367781155,0.815975196340151,1,0,0.174352616846149,22.18
"17129",0,0,0,0,0.207804065388665,39.58
"17131",0,0,0,0,0.195319233039847,32.77
"17133",0.00183131549496388,4.91627338765528,1,1,0.286984051461605,76.55
"17135",0.000304785126485827,0.818213470270984,1,0,0.217874078367679,44.38
"17137",0.0019121719636028,5.13333729940748,1,1,0.227460511628804,49.92
"17139",0,0,0,0,0.177435049174316,23.67
"17141",6.0244593047774e-05,0.161730128077541,1,0,0.251622247704265,61.92
"17143",9.98538502736903e-05,0.268063492121078,1,0,0.23061178949201,51.83
"17145",0.0010135819987837,2.72102006482779,1,1,0.188456262150682,28.92
"17147",0.000914285714285714,2.45445339059118,1,1,0.211080488368487,40.92
"17149",0,0,0,0,0.224486916644607,48.23
"17151",0,0,0,0,0.119166650071073,4.39
"17153",0,0,0,0,0.102374865622632,2.23
"17155",0,0,0,0,0.14965013698813,11.96
"17157",8.5755938598748e-05,0.230216824968622,1,0,0.196074523461385,33.22
"17159",0.000313774709758393,0.842346531521524,1,0,0.21384837405502,42.41
"17161",0.000322260117624943,0.865126104452807,1,0,0.251334517553134,61.85
"17163",0.000418844180445688,1.12441166121408,1,1,0.355735505241911,92.94
"17165",0.000661813368630046,1.77667663531376,1,1,0.185166911711056,27.27
"17167",0.000154786781208885,0.415534153077796,1,0,0.168713503938913,19.73
"17169",0,0,0,0,0.144515235771379,10.15
"17171",0,0,0,0,0.173309547085806,21.64
"17173",0.000173822353554667,0.466636258640552,1,0,0.212614071478168,41.71
"17175",0,0,0,0,0.144376423966724,10.05
"17177",0,0,0,0,0.242109847626081,57.46
"17179",0.000313289342288187,0.841043534204256,1,0,0.284184437265549,75.28
"17181",0.000719735137469411,1.93217100616028,1,1,0.169382101207259,20.11
"17183",0.000282396131173003,0.758108904926852,1,0,0.233035565506715,53.01
"17185",0,0,0,0,0.157585489727216,15.05
"17187",0,0,0,0,0.136160159716745,8.02
"17189",0,0,0,0,0.176155573468266,23.07
"17191",0,0,0,0,0.241537702964185,57.02
"17193",0,0,0,0,0.188831342701248,29.08
"17195",4.3624307464119e-05,0.117112000870702,1,0,0.283301811921479,75.02
"17197",5.87237599787213e-05,0.157647362893163,1,0,0.366359902667398,94.59
"17199",0.000543356665707802,1.45867269892622,1,1,0.246863641937494,59.69
"17201",0.000167233807404822,0.448948921756822,1,0,0.281334378851001,74.32
"17203",0,0,0,0,0.220703144891025,46.04
"18001",0.000983026410642899,2.63899180414093,1,1,0.272189196683808,71.11
"18003",0.000493983012473071,1.32612624359575,1,1,0.369935428608054,95.29
"18005",0.000204765450483991,0.549704809299145,1,0,0.195653404281028,32.99
"18007",0,0,0,0,0.204500114095037,37.86
"18009",0.000306184935701164,0.821971339852755,1,0,0.192024422360602,30.86
"18011",0.000424697150484357,1.14012430107269,1,1,0.229722602240908,51.42
"18013",0.0004995004995005,1.34093825971983,1,1,0.252603178188405,62.49
"18015",0,0,0,0,0.226251379618061,49.13
"18017",0.000441167202369698,1.18433911714336,1,1,0.205929036175194,38.4
"18019",0.00059312906800693,1.5922896194054,1,1,0.310785503502549,83.36
"18021",0.000110180696342001,0.295786513437538,1,0,0.21287317765338,41.84
"18023",0.00023441162681669,0.629291700881176,1,0,0.220605622152396,45.98
"18025",0,0,0,0,0.169821110295253,20.39
"18027",0.000329489291598023,0.884533244138088,1,0,0.260361426436249,65.96
"18029",0.00104307276966499,2.80018976140046,1,1,0.267974147176756,69.27
"18031",0.000335345405767941,0.900254324600636,1,0,0.220339801995017,45.75
"18033",0.000703525906306903,1.88865637855093,1,1,0.226582894733991,49.35
"18035",0.000617591393565096,1.65796016086726,1,1,0.320475125179401,86.48
"18037",0.000267031609866818,0.716861950254441,1,0,0.234915639068624,54.12
"18039",8.77455962678873e-05,0.235558177169394,1,0,0.267346076842329,69.04
"18041",0.000441176470588235,1.18436399821725,1,1,0.216197217208085,43.46
"18043",0.000608676405489154,1.63402735477811,1,1,0.273419801021314,71.78
"18045",0.000175592625109745,0.471388656006865,1,0,0.20584500551861,38.34
"18047",0.00039912193175015,1.07146613289128,1,1,0.266974424892642,68.85
"18049",0.000559518813820115,1.50206092933786,1,1,0.273339255733039,71.65
"18051",0.000217770034843206,0.584616375426633,1,0,0.161534055489846,16.51
"18053",0.000123934934159566,0.332710568050702,1,0,0.215704554363227,43.33
"18055",0.000671591672263264,1.80292706243056,1,1,0.281514869459045,74.48
"18057",0.000856824146274432,2.30019445574151,1,1,0.346622990524706,91.66
"18059",9.17796065714198e-05,0.246387713399128,1,0,0.294910734683921,78.91
"18061",0,0,0,0,0.259304476987614,65.57
"18063",0.000539756434908747,1.44900766910723,1,1,0.227075726368346,49.63
"18065",6.51763018966304e-05,0.174969588474164,1,0,0.256592122961572,64.33
"18067",0.000691155766030974,1.85544801461399,1,1,0.286466246179426,76.26
"18069",0.000324149108589951,0.870197211007811,1,0,0.248715057555174,60.55
"18071",0,0,0,0,0.248857277195135,60.64
"18073",0.000373273609555804,1.00207480252299,1,1,0.25015014079854,61.28
"18075",0.000621272365805169,1.66784194579964,1,1,0.204037797705383,37.61
"18077",0.000412825099766066,1.10825308763964,1,1,0.228429943519798,50.78
"18079",0.000668821759001226,1.79549106852687,1,1,0.202752440130575,36.72
"18081",0.000313928888282263,0.842760432772255,1,0,0.313265487980628,84.25
"18083",0.000314465408805031,0.844200753446257,1,0,0.224903571584167,48.49
"18085",5.03803718071439e-05,0.135249050126409,1,0,0.280386248368746,74.07
"18087",0.000349344978165939,0.937836994221519,1,0,0.303030582303588,81.51
"18089",8.00663137469151e-05,0.214942694802776,1,0,0.381223848140323,96.5
"18091",4.48551179689603e-05,0.120416183545308,1,0,0.32895589009582,88.04
"18093",0.000528995569662104,1.42011949796157,1,1,0.273069037870793,71.56
"18095",0.00031237449239145,0.838587566232928,1,0,0.311111652116032,83.52
"18097",0.000351591684856653,0.943868409531334,1,0,0.309583910848478,83.04
"18099",0.000466243938828795,1.25165908054788,1,1,0.287101200354157,76.61
"18101",0,0,0,0,0.0967983948302279,1.88
"18103",0.00058167716917111,1.56154632823602,1,1,0.268748664682609,69.55
"18105",0.000697377087288365,1.87214951482948,1,1,0.223249673328814,47.44
"18107",0.000345542501727712,0.927629024173842,1,0,0.236875016843321,54.88
"18109",0.000609317011023099,1.63574709774276,1,1,0.331019855995718,88.51
"18111",0.00173654180104193,4.66184787192103,1,1,0.200983199283304,35.83
"18113",0.000540306894315971,1.45048540953053,1,1,0.268045059383738,69.3
"18115",0,0,0,0,0.172266655212364,21.22
"18117",0.000616218880946512,1.65427557059348,1,1,0.197992384409744,34.17
"18119",0.000987166831194472,2.65010700489546,1,1,0.201158304017579,36.02
"18121",0.000471364600518501,1.26540579587985,1,1,0.241183223091317,56.82
"18123",0,0,0,0,0.191532948559572,30.54
"18125",0,0,0,0,0.190279403544436,30
"18127",5.70475063108804e-05,0.153147362035404,1,0,0.357604681525724,93.29
"18129",0.000100492412822832,0.269777750573721,1,0,0.208900292322083,40.03
"18131",0.000159159637116027,0.427273340117635,1,0,0.181359884238046,25.77
"18133",0.000656742556917688,1.76306374515703,1,1,0.240633184182941,56.67
"18135",0.000491159135559921,1.3185453811194,1,1,0.250249588756578,61.31
"18137",7.87711697518708e-05,0.211465805116904,1,0,0.249242732644945,60.71
"18139",0.000533712862479986,1.43278334600201,1,1,0.264112680388414,67.36
"18141",0.000572729586786209,1.5375260208211,1,1,0.309435573025512,82.95
"18143",0,0,0,0,0.175583127535729,22.88
"18145",0.000291630212890055,0.782898336529337,1,0,0.228970049335612,51.16
"18147",0,0,0,0,0.194727506911959,32.48
"18149",0,0,0,0,0.203675410183863,37.35
"18151",0.000222617987533393,0.597630987524287,1,0,0.256760875948136,64.49
"18153",0.000917290934107935,2.46252107869662,1,1,0.198512952520117,34.46
"18155",0,0,0,0,0.185091210380856,27.24
"18157",0.000171502072316707,0.460407328162201,1,0,0.217684889251159,44.26
"18159",0.000753437558862309,2.02264712447474,1,1,0.223445479894009,47.53
"18161",0,0,0,0,0.217916518113367,44.45
"18163",0.00105460408768031,2.83114625799495,1,1,0.35695761641658,93.19
"18165",0,0,0,0,0.177111483662793,23.45
"18167",0.000589425702890151,1.58234771948785,1,1,0.308964633456759,82.79
"18169",0.000714030703320243,1.91685711957094,1,1,0.25668772098761,64.4
"18171",0,0,0,0,0.213735957705129,42.38
"18173",0.000291304558916347,0.782024099420041,1,0,0.316029873971442,85.11
"18175",0.0010202594373998,2.73894603872813,1,1,0.262319533570122,66.69
"18177",0.00061434495469206,1.64924490613368,1,1,0.26527249694046,67.96
"18179",0.00063547541504488,1.70597086088433,1,1,0.24307959448364,57.91
"18181",0.000609260763606824,1.63559609826915,1,1,0.239914612919383,56.22
"18183",0.00032705389848247,0.877995289102269,1,0,0.239898623028988,56.19
"19001",0.00131544330439358,3.53138436721797,1,1,0.168198967324181,19.47
"19003",0.00130633572828217,3.50693454730124,1,1,0.177362239914056,23.61
"19005",0.000845022815616022,2.26851309443899,1,1,0.247580600772361,60.1
"19007",0.00115451221858765,3.09935546964683,1,1,0.246287203839094,59.47
"19009",0.00121802679658952,3.26986406328757,1,1,0.165084981175792,17.88
"19011",0.000787918581746553,2.11521344395989,1,1,0.310142071745726,83.2
"19013",0.000165888267871271,0.445336742304932,1,0,0.280155924201341,73.97
"19015",0.000365363536719035,0.980839750076397,1,0,0.256371161006615,64.21
"19017",0.000447027268663388,1.20007080731296,1,1,0.234492925038998,53.96
"19019",0.00112443778110945,3.01861888601098,1,1,0.285901297937202,75.98
"19021",0.000566251415628539,1.52013499204932,1,1,0.196586821600277,33.53
"19023",0.00042025635637739,1.1282027299681,1,1,0.22122211740366,46.36
"19025",0.001161777519605,3.11885959449213,1,1,0.20485837398956,37.99
"19027",0.00046656298600311,1.2525155813184,1,1,0.26456773566902,67.71
"19029",0.00014830194275545,0.398125225561189,1,0,0.239042413546484,55.84
"19031",0.000313922461152095,0.842743178766002,1,0,0.256774202519854,64.52
"19033",0.000465983224603914,1.25095917798653,1,1,0.325391418541696,87.37
"19035",0.00120793787748059,3.24277977078752,1,1,0.22084478660389,46.07
"19037",0.000166638893517747,0.447351840686402,1,0,0.19338516020479,31.78
"19039",0.000190186382655002,0.510566450353575,1,0,0.140882477273341,9.13
"19041",0.000717948717948718,1.9273752586373,1,1,0.317355071312443,85.71
"19043",0.000536408743462518,1.44002059592817,1,1,0.263781186855283,67.2
"19045",0.000649441016839078,1.74346233443556,1,1,0.279014915839835,73.69
"19047",0.000265851389073508,0.713693578614674,1,0,0.208975604881046,40.12
"19049",0.000273611021695745,0.734524765520258,1,0,0.20049172610037,35.57
"19051",0.000365764447695684,0.981916019004791,1,0,0.23098500110755,52.02
"19053",0,0,0,0,0.220026985893905,45.63
"19055",0.000506713959969597,1.36030321558606,1,1,0.265532741375812,68.06
"19057",0.000640702942657087,1.72000446402578,1,1,0.301960460607698,81.04
"19059",0.000799928895209315,2.14745583180445,1,1,0.271656041461711,70.82
"19061",0.000187925769321118,0.50449770184808,1,0,0.330765965611449,88.48
"19063",0.000772598506309554,2.07408580681877,1,1,0.228751078459759,51.03
"19065",0.00108708781253775,2.91835071429302,1,1,0.230646119373611,51.89
"19067",0.00134248210023866,3.60397159362051,1,1,0.226923855767429,49.51
"19069",0.000208246563931695,0.559050061632465,1,0,0.207202028767509,39.2
"19071",0,0,0,0,0.158416977058498,15.43
"19073",0,0,0,0,0.193788358394106,32.07
"19075",0,0,0,0,0.174685569827161,22.3
"19077",0.000971345313258863,2.6076332160846,1,1,0.249914049620285,61.09
"19079",0.000283446712018141,0.7609292505553,1,0,0.217653510750014,44.19
"19081",0.000570287995437696,1.53097142626695,1,1,0.169213589564649,20.01
"19083",0.000608939227865059,1.63473291679399,1,1,0.234014168606835,53.61
"19085",0.000594648166501487,1.59636772802325,1,1,0.219031280551518,45.15
"19087",0.000428954423592493,1.15155319933902,1,1,0.240322565378365,56.51
"19089",0.000556379821958457,1.4936341223808,1,1,0.212453551901143,41.58
"19091",0.000911577028258888,2.44718176477584,1,1,0.199631260260431,35.16
"19093",0.0014140938015555,3.79621738763954,1,1,0.171793681343076,21.06
"19095",0.00028312570781427,0.76006749602466,1,0,0.175989394956305,23
"19097",0.000280072818932923,0.75187183754631,1,0,0.269852981392817,70.06
"19099",0.000572269457161543,1.53629077597398,1,1,0.318859989380395,86.06
"19101",0.000834227148134906,2.23953149466258,1,1,0.232602054747947,52.85
"19103",0.000295553449312583,0.793430493806768,1,0,0.183627288660033,26.54
"19105",0.00107541336201102,2.88700997011329,1,1,0.269743627007951,69.93
"19107",0.00210084033613445,5.63982856293928,1,1,0.199280987059989,34.93
"19109",0.000903458957150232,2.42538832882211,1,1,0.239300404884211,55.9
"19111",0.00103479498124434,2.77796755499583,1,1,0.23722665717885,55.01
"19113",0.000241970963484382,0.64958518160031,1,0,0.356927284333819,93.16
"19115",0,0,0,0,0.153244443689555,13.14
"19117",0.000250878073256397,0.673496837922503,1,0,0.191389125033269,30.51
"19119",0.000477554918815664,1.28202406683816,1,1,0.186962399843093,28.13
"19121",0.000736648250460405,1.97757524564206,1,1,0.275816235402017,72.57
"19123",0.000863930885529158,2.31927291227568,1,1,0.237863280610612,55.27
"19125",0.000228540085931072,0.613529206499474,1,0,0.197024246957855,33.82
"19127",0.00033303730017762,0.89405808035938,1,0,0.229642674665616,51.35
"19129",0,0,0,0,0.257528330292321,64.91
"19131",0.000208637596494888,0.560099811383079,1,0,0.209367930134661,40.34
"19133",0.000317662007623888,0.852782209643932,1,0,0.19336031456858,31.69
"19135",0,0,0,0,0.166558111262955,18.55
"19137",0,0,0,0,0.192542862213129,31.24
"19139",0.000515530351849465,1.38397133442923,1,1,0.226533493461934,49.28
"19141",0.000392259414225941,1.05304330385425,1,1,0.235683928922942,54.31
"19143",0.000569313976658127,1.52835661597444,1,1,0.161318113667696,16.42
"19145",0.00110253583241455,2.95982182575424,1,1,0.205805438867354,38.31
"19147",0.000679963735267452,1.82540235445995,1,1,0.188226534887234,28.76
"19149",0.000735456350665588,1.97437552104074,1,1,0.234135444791949,53.77
"19151",0.00121543603767852,3.26290901970112,1,1,0.154044728998114,13.49
"19153",0.000418950428051765,1.12469688911702,1,1,0.358337667020244,93.32
"19155",0.0004567799190847,1.22625236688435,1,1,0.283758006613457,75.15
"19157",0.000495335589862132,1.32975731658174,1,1,0.15373578677239,13.36
"19159",0,0,0,0,0.179922690271429,24.91
"19161",0.00106128946670204,2.84909354837792,1,1,0.227197263806209,49.73
"19163",6.05082694634933e-05,0.162437982813177,1,0,0.372563785740411,95.61
"19165",0.00110340479192938,2.96215459831552,1,1,0.221584445421865,46.55
"19167",0.000330166183645768,0.886350400368021,1,0,0.227547416413543,50.08
"19169",0.000371383233735102,0.99699997824201,1,0,0.209410171829662,40.41
"19171",0.00141911069063387,3.80968551933647,1,1,0.204998706861211,38.05
"19173",0.00119094878920206,3.19717157120972,1,1,0.147648409917639,11.26
"19175",0.00119260584376863,3.20162003095897,1,1,0.20727238714854,39.29
"19177",0,0,0,0,0.195554704445008,32.9
"19179",0.000478669299347813,1.28501568645203,1,1,0.262975082167612,66.97
"19181",0.000884284992420414,2.37391470082285,1,1,0.308318449098185,82.63
"19183",0.00117382373080309,3.15119835190347,1,1,0.292606094223203,78.24
"19185",0.00586624951114587,15.7482893779376,1,1,0.18173094380605,25.96
"19187",0.000672634138769597,1.80572562464264,1,1,0.2661826911892,68.47
"19189",0.00133130467858501,3.57396515247503,1,1,0.202714546363686,36.65
"19191",0.000157467915912133,0.422731815756098,1,0,0.238242819990641,55.33
"19193",0.000373386437182177,1.00237769487467,1,1,0.3374019593151,89.95
"19195",0.00109090909090909,2.92860915922811,1,1,0.192899051682539,31.43
"19197",0.000768147484316989,2.06213677835803,1,1,0.1419532053469,9.42
"20001",0,0,0,0,0.170136696880675,20.49
"20003",0,0,0,0,0.21265938605101,41.78
"20005",0.00102174864983214,2.74294391646675,1,1,0.193696523286212,31.98
"20007",0.00106100795755968,2.84833782064626,1,1,0.156118687665202,14.48
"20009",0,0,0,0,0.26659953712326,68.72
"20011",0,0,0,0,0.205899506822117,38.37
"20013",0.000584339696143358,1.56869403737384,1,1,0.169008331466356,19.89
"20015",0.000778816199376947,2.09077756694634,1,1,0.296578686725752,79.54
"20017",0,0,0,0,0.117541995324822,4.07
"20019",0.00403225806451613,10.8248322417706,1,1,0.133515402396562,7.16
"20021",0,0,0,0,0.169087082762374,19.95
"20023",0,0,0,0,0.127495236971196,5.82
"20025",0,0,0,0,0.106981230120133,2.74
"20027",0.00028169014084507,0.756213632664535,1,0,0.22263468848735,47.15
"20029",0.00078003120124805,2.09403931042051,1,1,0.228414171509834,50.75
"20031",0,0,0,0,0.156244787680818,14.57
"20033",0,0,0,0,0.131453463855052,6.84
"20035",0.000479189485213582,1.28641215578544,1,1,0.201263430052627,36.05
"20037",0.000586739683160571,1.57513694267109,1,1,0.21846460110561,44.89
"20039",0.000885739592559787,2.37781965983977,1,1,0.145693392955613,10.56
"20041",0,0,0,0,0.21385202933354,42.44
"20043",0.000300210147102972,0.8059316709574,1,0,0.129756705068553,6.3
"20045",0.000186700159543773,0.501207480830138,1,0,0.268693739338311,69.52
"20047",0.00476568705321684,12.7937651912268,1,1,0.142139919459171,9.48
"20049",0,0,0,0,0.128994929364573,6.24
"20051",0.000616419165032222,1.65481324491735,1,1,0.273048135866825,71.52
"20053",0,0,0,0,0.150725134315154,12.41
"20055",4.32937916702745e-05,0.116224711921339,1,0,0.254466026343595,63.38
"20057",0.000398942801575824,1.07098524747782,1,1,0.211803258127693,41.36
"20059",0.00042244001351808,1.13406488507904,1,1,0.214017012862103,42.54
"20061",3.40959459920216e-05,0.0915325580810494,1,0,0.0787690064280988,0.83
"20063",0,0,0,0,0.120004664578296,4.58
"20065",0.00172562553925798,4.63254252969646,1,1,0.154715898857247,13.87
"20067",0,0,0,0,0.193173450028727,31.5
"20069",0,0,0,0,0.143427264815585,9.83
"20071",0.00457142857142857,12.2722669529559,1,1,0.122287609973928,5.12
"20073",0.00364583333333333,9.78745248526755,1,1,0.182417426648824,26.22
"20075",0.000417710944026733,1.12136942187097,1,1,0.113252391734446,3.5
"20077",0,0,0,0,0.169662716552673,20.36
"20079",0,0,0,0,0.217396490231006,44.1
"20081",0.000384024577572965,1.03093640397815,1,1,0.123021159808766,5.25
"20083",0,0,0,0,0.0921146305503591,1.5
"20085",0,0,0,0,0.176253948493796,23.16
"20087",0.000415973377703827,1.11670482361027,1,1,0.232296075640005,52.72
"20089",0,0,0,0,0.126843974660483,5.7
"20091",0.000398360890676655,1.06942307368776,1,1,0.367241253337588,94.94
"20093",0,0,0,0,0.0931925547071807,1.59
"20095",0.000312304809494066,0.838400498425702,1,0,0.16161132953098,16.61
"20097",0,0,0,0,0.105084197878943,2.45
"20099",0,0,0,0,0.157316913072962,14.86
"20101",0,0,0,0,0.0943455243512475,1.75
"20103",0.000909440693973206,2.44144665063264,1,1,0.238571648602506,55.39
"20105",0,0,0,0,0.147025776375043,11.07
"20107",0,0,0,0,0.210484214138232,40.63
"20109",0,0,0,0,0.146566670574825,10.91
"20111",0.000524200594094007,1.40724710604181,1,1,0.230248551620677,51.64
"20113",0.000160462130937099,0.430769960840677,1,0,0.19229103574631,31.02
"20115",0,0,0,0,0.190535741618861,30.23
"20117",0.000197044334975369,0.528977023834305,1,0,0.200665812218101,35.63
"20119",0.000487329434697856,1.30826432551613,1,1,0.14904642117148,11.68
"20121",9.20979922637687e-05,0.247242438382676,1,0,0.271008193667696,70.44
"20123",0,0,0,0,0.195610453316065,32.96
"20125",0.000182381907714755,0.489614881626682,1,0,0.214215015534508,42.67
"20127",0,0,0,0,0.18800182168865,28.64
"20129",0,0,0,0,0.105837663767745,2.58
"20131",0.000436808386721025,1.17263762199728,1,1,0.202109048460929,36.37
"20133",0,0,0,0,0.239005896989222,55.77
"20135",0,0,0,0,0.134288649191933,7.29
"20137",0.000370096225018505,0.993544928186195,1,0,0.160165160118527,16.07
"20139",0,0,0,0,0.211507386712211,41.2
"20141",0.000677048070412999,1.81757508189512,1,1,0.166154690521704,18.36
"20143",0,0,0,0,0.151508544219101,12.54
"20145",0.00169606512890095,4.5531858818845,1,1,0.131860050651062,6.9
"20147",0,0,0,0,0.165309884970618,17.98
"20149",0,0,0,0,0.231296512459049,52.12
"20151",0.000895575855274942,2.4042256814966,1,1,0.175616514158334,22.91
"20153",0,0,0,0,0.144535780768699,10.18
"20155",0.000298656047784968,0.801759600585097,1,0,0.295862977908856,79.19
"20157",0,0,0,0,0.161059471733842,16.29
"20159",0,0,0,0,0.139592052444973,8.62
"20161",5.56513996327008e-05,0.149399432130842,1,0,0.23901150677514,55.81
"20163",0.000467289719626168,1.2544665401678,1,1,0.168382579193609,19.57
"20165",0,0,0,0,0.109618634148097,3.02
"20167",0.00105115627189909,2.82189039519176,1,1,0.186656522016071,28.03
"20169",0.000362286024816593,0.97257798966003,1,0,0.254412150940625,63.35
"20171",0,0,0,0,0.169135658356505,19.98
"20173",0.00158641568149915,4.25882553724971,1,1,0.350804282408066,92.33
"20175",0.000410340582683627,1.10158325644608,1,1,0.187110591293711,28.22
"20177",0.00037826367746102,1.01547093121435,1,1,0.254685196097728,63.44
"20179",0,0,0,0,0.150570619682171,12.31
"20181",0.00103163686382393,2.76948940435945,1,1,0.226934461182678,49.54
"20183",0.00231615518239722,6.21785384124863,1,1,0.15011078297741,12.15
"20185",0,0,0,0,0.139825953442469,8.69
"20187",0,0,0,0,0.100019647018102,2.07
"20189",0,0,0,0,0.134844742784282,7.57
"20191",0.000663746183459445,1.78186538959186,1,1,0.209902151295078,40.47
"20193",0.000193236714975845,0.518755245595961,1,0,0.203297041870133,36.97
"20195",0.000759878419452888,2.03993799085038,1,1,0.172309365195075,21.25
"20197",0,0,0,0,0.146444254910476,10.82
"20199",0,0,0,0,0.136526686563779,8.11
"20201",0.000749906261717285,2.01316715107544,1,1,0.178180714467105,23.96
"20203",0,0,0,0,0.139158397049898,8.46
"20205",0,0,0,0,0.153489805341817,13.33
"20207",0,0,0,0,0.158688685368764,15.59
"20209",9.78655523042444e-06,0.0262725790113534,1,0,0.256505885066871,64.27
"21001",0,0,0,0,0.241580874107577,57.05
"21003",0,0,0,0,0.190357914339216,30.13
"21005",0.000501336898395722,1.34586817979233,1,1,0.262697234579118,66.75
"21007",0,0,0,0,0.188980722573139,29.27
"21009",0.000565674850096165,1.51858716820856,1,1,0.315238667719576,84.66
"21011",0,0,0,0,0.216733307432776,43.81
"21013",0,0,0,0,0.202269252998075,36.46
"21015",9.91857749564935e-05,0.266270004919164,1,0,0.2334411144271,53.23
"21017",0.000114613180515759,0.307685776041157,1,0,0.163485652512183,17.12
"21019",0.000396410681465999,1.06418762317741,1,1,0.26813876965087,69.33
"21021",0,0,0,0,0.233865263550615,53.55
"21023",0,0,0,0,0.193827470582105,32.1
"21025",0,0,0,0,0.150137942862612,12.19
"21027",0,0,0,0,0.272478692798387,71.3
"21029",0.000370244670019438,0.993943437459788,1,0,0.22097362736937,46.17
"21031",0,0,0,0,0.222591159860268,47.09
"21033",0,0,0,0,0.195096871329529,32.61
"21035",0.000886377486011855,2.37953212206224,1,1,0.226398053221324,49.22
"21037",8.30932860624862e-05,0.223068778746878,1,0,0.279555946258918,73.91
"21039",0,0,0,0,0.149727932558901,11.99
"21041",0,0,0,0,0.154455150839084,13.71
"21043",0.000288766965059197,0.775211780525295,1,0,0.223499963988137,47.6
"21045",0,0,0,0,0.201026033816961,35.89
"21047",0,0,0,0,0.100565094759761,2.1
"21049",6.60240327479202e-05,0.177245371448508,1,0,0.236619823439734,54.82
"21051",0.000199880071956826,0.536589725356606,1,0,0.182828977180527,26.34
"21053",0,0,0,0,0.181122733527745,25.68
"21055",0,0,0,0,0.196082424112674,33.25
"21057",0,0,0,0,0.14819559961062,11.33
"21059",0.000112769236552269,0.30273560079229,1,0,0.293691646232904,78.56
"21061",0,0,0,0,0.19517417134615,32.68
"21063",0,0,0,0,0.121454771336642,4.96
"21065",0,0,0,0,0.200110280491394,35.41
"21067",0.000552127883334502,1.48221954484876,1,1,0.315855177304893,84.95
"21069",0,0,0,0,0.249344412444232,60.87
"21071",0,0,0,0,0.221873672053189,46.64
"21073",0.000268082140367809,0.719682160731086,1,0,0.150075407187024,12.09
"21075",0,0,0,0,0.144264907940598,10.02
"21077",0,0,0,0,0.104739731636388,2.42
"21079",0,0,0,0,0.26852525002397,69.42
"21081",0,0,0,0,0.230849797328379,51.99
"21083",0,0,0,0,0.262836439857161,66.88
"21085",0,0,0,0,0.258521737047681,65.07
"21087",0,0,0,0,0.228913731092491,51.1
"21089",0,0,0,0,0.249734284951738,60.96
"21091",0,0,0,0,0.131153928691534,6.71
"21093",0.000554081735451157,1.48746477495299,1,1,0.233082205540639,53.04
"21095",0,0,0,0,0.165514578281593,18.07
"21097",0.000327600327600328,0.87946220997841,1,0,0.202079838606894,36.3
"21099",0,0,0,0,0.181392231201979,25.84
"21101",0,0,0,0,0.248042884685714,60.36
"21103",0,0,0,0,0.243330078089474,58.03
"21105",0,0,0,0,0.128908682518329,6.17
"21107",0,0,0,0,0.221770175944443,46.61
"21109",0,0,0,0,0.216250726305602,43.56
"21111",0.000327955367913148,0.880415336431097,1,0,0.304377675831989,81.86
"21113",0.000270318976392143,0.725687077660596,1,0,0.301911963420088,80.97
"21115",0.000328299409061064,0.881338934983289,1,0,0.210697868078722,40.69
"21117",0.00082120926127937,2.2045842172069,1,1,0.237066374561805,54.95
"21119",0.00108381502890173,2.9095647355048,1,1,0.16952703487693,20.2
"21121",0,0,0,0,0.21210512640305,41.55
"21123",0,0,0,0,0.237154115908902,54.98
"21125",0.000414493454457532,1.11273188323406,1,1,0.273383739962238,71.71
"21127",0,0,0,0,0.146010706893258,10.59
"21129",0,0,0,0,0.159868150603797,15.91
"21131",0,0,0,0,0.12189148251849,5.06
"21133",0,0,0,0,0.155582290944785,14.22
"21135",0,0,0,0,0.210205036933796,40.53
"21137",0,0,0,0,0.251715469232166,61.98
"21139",0,0,0,0,0.131552368294228,6.87
"21141",0.00018807598269701,0.504900958427515,1,0,0.232948414105058,52.97
"21143",0.000338409475465313,0.90847999863252,1,0,0.174676950869281,22.27
"21145",0.000136066763425254,0.365279172164246,1,0,0.296209228675424,79.41
"21147",0,0,0,0,0.176452492454577,23.23
"21149",0,0,0,0,0.171128968212412,20.84
"21151",2.421776615325e-05,0.0650140074580814,1,0,0.25749036374268,64.87
"21153",0,0,0,0,0.18779288887131,28.48
"21155",0,0,0,0,0.143251512765019,9.8
"21157",0,0,0,0,0.256905333138393,64.62
"21159",0,0,0,0,0.144471507214675,10.09
"21161",0,0,0,0,0.23642674825928,54.72
"21163",0,0,0,0,0.243355523439659,58.07
"21165",0,0,0,0,0.175759953615481,22.94
"21167",0,0,0,0,0.198703443285672,34.62
"21169",0,0,0,0,0.207943724753752,39.61
"21171",0,0,0,0,0.187056997683543,28.16
"21173",0,0,0,0,0.229182819146452,51.22
"21175",0,0,0,0,0.179990209277332,24.98
"21177",0,0,0,0,0.225253619276654,48.68
"21179",0.000192994306667953,0.518104486337759,1,0,0.235698095248765,54.34
"21181",0,0,0,0,0.193538037457,31.85
"21183",0,0,0,0,0.184730143550968,26.98
"21185",0.000665177935097639,1.7857090104731,1,1,0.317941190431988,85.81
"21187",0,0,0,0,0.215121344481098,43.14
"21189",0,0,0,0,0.138824997284401,8.37
"21191",0.00147112909157779,3.94933195433483,1,1,0.218155451998867,44.58
"21193",0,0,0,0,0.212638240411476,41.74
"21195",0.000587305172803253,1.57665503263918,1,1,0.230662623495651,51.92
"21197",0,0,0,0,0.200733839145394,35.73
"21199",0.000168061577762092,0.451171119619357,1,0,0.323844916271281,87.08
"21201",0,0,0,0,0.120976251753506,4.8
"21203",0,0,0,0,0.172695473973853,21.35
"21205",0,0,0,0,0.167513540232854,18.99
"21207",0,0,0,0,0.209007008017197,40.15
"21209",0.000342055755088079,0.918268649207832,1,0,0.144938276902473,10.31
"21211",0.000683850604944766,1.83583688308618,1,1,0.288099503760623,77
"21213",0,0,0,0,0.184493084571381,26.85
"21215",0,0,0,0,0.231570166066946,52.24
"21217",0.000971454192198476,2.60792550795608,1,1,0.250705448893003,61.69
"21219",0,0,0,0,0.226102796417988,49
"21221",0,0,0,0,0.224351537852691,48.17
"21223",0,0,0,0,0.16709254396585,18.74
"21225",0,0,0,0,0.177344313168762,23.58
"21227",0.000330280357210909,0.886656905970917,1,0,0.318993898183568,86.13
"21229",0,0,0,0,0.191837031956087,30.73
"21231",0,0,0,0,0.205746650728791,38.28
"21233",0,0,0,0,0.185272124948074,27.36
"21235",0,0,0,0,0.215687431576672,43.27
"21237",0,0,0,0,0.18437055094612,26.76
"21239",0.000243882611169824,0.654717111444378,1,0,0.201811129760715,36.24
"22001",0.000173741819655991,0.466420060686703,1,0,0.346942896948751,91.73
"22003",0.000121285627653123,0.325598350025361,1,0,0.14461324779934,10.21
"22005",0.000403955248783743,1.08444145471414,1,1,0.312720902061115,84.06
"22007",0,0,0,0,0.196899674222231,33.76
"22009",0.000431778929188256,1.15913574955056,1,1,0.262553514270908,66.72
"22011",0.000666349357448834,1.78885376218122,1,1,0.269093633330282,69.71
"22013",0,0,0,0,0.140276707760596,8.91
"22015",0.000896619743566753,2.40702806057482,1,1,0.33357095961424,89.15
"22017",0.000569879429794925,1.52987460794035,1,1,0.339773280080898,90.42
"22019",0.000377882631697204,1.01444799160985,1,1,0.329230382814751,88.1
"22021",0,0,0,0,0.179414590740813,24.56
"22023",0,0,0,0,0.113512950603985,3.56
"22025",0,0,0,0,0.218072255321615,44.51
"22027",0.000571428571428571,1.53403336911948,1,1,0.198199362322904,34.33
"22029",0,0,0,0,0.216758345292283,43.84
"22031",0.000101791530944625,0.273265309034925,1,0,0.199468484806849,35.06
"22033",0.00120989350964463,3.2480297795329,1,1,0.298225126223878,79.86
"22035",0,0,0,0,0.15265579812329,12.92
"22037",0.000504965494024575,1.35560935665331,1,1,0.199076694121786,34.81
"22039",0.000110107905747633,0.29559110283628,1,0,0.198160123253889,34.3
"22041",0.000176304654442877,0.473300140331294,1,0,0.228166206349843,50.46
"22043",0,0,0,0,0.157768701190776,15.08
"22045",0.000215819574835438,0.579380251636797,1,0,0.281639605894072,74.55
"22047",5.58129151085561e-05,0.149833029857627,1,0,0.137915698299361,8.27
"22049",0,0,0,0,0.180150043549569,25.1
"22051",0.00144579912398794,3.88133217717214,1,1,0.418205991648768,98.98
"22053",0.00118687958567113,3.18624755670588,1,1,0.276349934045643,72.76
"22055",0.000541941718412307,1.45487419028426,1,1,0.377513109227753,96.05
"22057",0.000103436683819917,0.277681817998924,1,0,0.231165307588825,52.05
"22059",0,0,0,0,0.158812528024984,15.62
"22061",0.000277674935209182,0.745434578663208,1,0,0.275885063165834,72.61
"22063",0.000919745624638671,2.46911083877039,1,1,0.362403627917808,94.15
"22065",0,0,0,0,0.135131292367268,7.64
"22067",0,0,0,0,0.245748515330744,59.12
"22069",0.000122033070962231,0.327604905236329,1,0,0.216953123766855,43.94
"22071",0.000552358616568042,1.48283896168809,1,1,0.218112562204628,44.54
"22073",0.000626286123288897,1.68130167054788,1,1,0.345849433995847,91.5
"22075",7.16435019343745e-05,0.192331164633837,1,0,0.173577492256295,21.79
"22077",0.000149588631264024,0.401579415999865,1,0,0.226911922804311,49.48
"22079",0.000313868269487296,0.842597698077274,1,0,0.281492992820618,74.45
"22081",0,0,0,0,0.164799837111304,17.82
"22083",0,0,0,0,0.206186641709917,38.53
"22085",0.000324939073923639,0.87231791907688,1,0,0.200322674894993,35.51
"22087",0.00127934978928356,3.4344892181897,1,1,0.268946872360966,69.62
"22089",0.000386738389058819,1.03822178938755,1,1,0.213288495779475,42.03
"22091",0,0,0,0,0.167289768613763,18.93
"22093",0,0,0,0,0.186352202494767,27.87
"22095",0.000132345156167284,0.355288300153401,1,0,0.242898645063736,57.81
"22097",0.000512632735261809,1.37619251349057,1,1,0.321742516361625,86.7
"22099",0.000679071030829825,1.82300583726681,1,1,0.276489401679012,72.86
"22101",4.56495937186159e-05,0.122549000089432,1,0,0.213730910891825,42.35
"22103",0.000913955118592332,2.45356588714684,1,1,0.427929530745855,99.4
"22105",0.00108643612123891,2.91660121094514,1,1,0.343306537031156,91
"22107",0,0,0,0,0.133353589707296,7.13
"22109",0.000224211057341978,0.601907676454274,1,0,0.26529388366264,67.99
"22111",0.000307125307125307,0.82449582185476,1,0,0.210858064886664,40.79
"22113",0.000641066735047118,1.72098108594083,1,1,0.299020819022584,80.15
"22115",0.000181950509461427,0.488456767823708,1,0,0.135182251671834,7.67
"22117",7.5086349301697e-05,0.201573689439788,1,0,0.228366688633457,50.72
"22119",0.000160410651267244,0.430631760660747,1,0,0.246804622189225,59.66
"22121",0.000134743650205484,0.361727197461308,1,0,0.221930708014727,46.74
"22123",0,0,0,0,0.203410616468075,37.1
"22125",0.000179083094555874,0.480759025064308,1,0,0.127276746109041,5.79
"22127",0.000405432799513481,1.08840802593112,1,1,0.15516302088961,14.03
"23001",1.82265560922264e-05,0.0489302541868058,1,0,0.369518356818406,95.2
"23003",0.000101163378856854,0.271578998073758,1,0,0.266248271972166,68.5
"23005",0.000775107961466061,2.08082258572846,1,1,0.36147374562062,93.99
"23007",8.08276753960556e-05,0.216986614610338,1,0,0.287438066962675,76.77
"23009",0.00029585798816568,0.794248046141745,1,0,0.285058568222815,75.6
"23011",0.000113091788122535,0.303601509318379,1,0,0.316175737124927,85.24
"23013",9.49171847563001e-05,0.254810725258326,1,0,0.348575591611223,92.01
"23015",0.00020444323292899,0.548839797456542,1,0,0.313144389360146,84.19
"23017",4.90773458971339e-05,0.13175100097954,1,0,0.27730863646699,73.08
"23019",0.000186178135239797,0.499806076102007,1,0,0.3668404132158,94.72
"23021",0.000158002844051193,0.424167861583046,1,0,0.248750371539432,60.58
"23023",0.000101822624987272,0.273348782808176,1,0,0.241927139858662,57.3
"23025",0,0,0,0,0.309947269918633,83.11
"23027",0,0,0,0,0.31726163475082,85.68
"23029",0.00067532077736925,1.81293806285225,1,1,0.248349255822528,60.45
"23031",6.44322977631254e-05,0.172972265930935,1,0,0.382413677882196,96.66
"24001",6.79393980569332e-05,0.182387281470147,1,0,0.260803070706828,66.24
"24003",0.000454313453847923,1.21963099692462,1,1,0.265624900586904,68.12
"24005",0.000717162903553542,1.92526569400507,1,1,0.341650054077506,90.74
"24009",0.000838446587141278,2.25085882507337,1,1,0.347277696413983,91.76
"24011",0.000181126607498642,0.486244954892066,1,0,0.254995748670545,63.54
"24013",0.000609737961393177,1.63687716359304,1,1,0.359022686282075,93.41
"24015",0.000386931392227516,1.03873991766452,1,1,0.258771714803456,65.19
"24017",0.00051143851918878,1.37298657070513,1,1,0.322142160553809,86.76
"24019",7.12301445971935e-05,0.191221482723776,1,0,0.240194937352934,56.38
"24021",0.000543191860229438,1.45823026899558,1,1,0.358530836811351,93.38
"24023",0.000588321812031181,1.57938426001418,1,1,0.319699227714552,86.35
"24025",0.000132024405654417,0.354427226671074,1,0,0.323013999047374,86.92
"24027",0.000348522679983354,0.935629486731479,1,0,0.301028541757379,80.72
"24029",0.000111781801922647,0.300084774866879,1,0,0.253050359991035,62.65
"24031",0.000896619743566753,2.40702806057482,1,1,0.250093051239565,61.22
"24033",0.000265360330711816,0.712375303766889,1,0,0.302575197684457,81.39
"24035",0.000259430291080787,0.696455766087038,1,0,0.334740793976757,89.44
"24037",0.000448309871783377,1.20351403028741,1,1,0.165630110589378,18.17
"24039",0,0,0,0,0.157859815254554,15.18
"24041",0.00102055693249745,2.73974468169029,1,1,0.327745784673602,87.78
"24043",0.000270886797832906,0.727211427476802,1,0,0.374320175980915,95.77
"24045",0.000433224370840061,1.16301612207278,1,1,0.314842936990891,84.57
"24047",0.000485184543406689,1.30250623959201,1,1,0.288807581934888,77.16
"24510",0.000635901396666023,1.70711443342189,1,1,0.190702844833822,30.29
"25001",5.36006217672125e-05,0.143893999193798,1,0,0.356454277543329,93.1
"25003",1.53444836581249e-05,0.0411931624360764,1,0,0.312264939413306,83.87
"25005",0.000110434045238518,0.29646664334479,1,0,0.376589252689656,95.93
"25007",0,0,0,0,0.285629279816893,75.85
"25009",9.28129981874167e-05,0.249161913538166,1,0,0.355972519951476,93
"25011",6.8530701754386e-05,0.183974670775706,1,0,0.315172453262439,84.63
"25013",5.8137974830729e-05,0.156074788455892,1,0,0.285911548958594,76.01
"25015",2.53405131453912e-05,0.0680280873223718,1,0,0.250951207590624,61.79
"25017",0.000181324527959765,0.486776283927707,1,0,0.234709721012969,54.02
"25019",9.78186442335909e-05,0.262599862658623,1,0,0.256371488830008,64.24
"25021",0.000157923896215522,0.423955921507953,1,0,0.383522363585503,96.79
"25023",0.000109056704942541,0.292769092889132,1,0,0.411748100729878,98.66
"25025",1.94661095033547e-05,0.0522579077038899,1,0,0.180636575839739,25.33
"25027",0.000120713112713354,0.324061400236992,1,0,0.354368672755432,92.87
"26001",0,0,0,0,0.234706010030519,53.99
"26003",0,0,0,0,0.188332398920791,28.83
"26005",4.26721286991402e-05,0.114555821372724,1,0,0.337429304759079,89.98
"26007",0,0,0,0,0.284283595763073,75.34
"26009",0.00161368404066484,4.33202903979199,1,1,0.26983320688591,70.03
"26011",0,0,0,0,0.21770999647803,44.32
"26013",0,0,0,0,0.136733372421188,8.15
"26015",6.44786897930234e-05,0.173096808044303,1,0,0.299917977355171,80.37
"26017",0.00016008537886873,0.429758547912342,1,0,0.316018567970656,85.05
"26019",0,0,0,0,0.240040961355566,56.28
"26021",2.95137607909688e-05,0.0792314143277237,1,0,0.315855046623269,84.92
"26023",0.000714796283059328,1.91891236308728,1,1,0.251450715174458,61.88
"26025",3.36066675628445e-05,0.0902190615660404,1,0,0.245052559793992,58.77
"26027",8.93096365097794e-05,0.239756934532384,1,0,0.274172791825152,72.1
"26029",0.000244120758401823,0.655356431595516,1,0,0.254038088305935,63.09
"26031",0,0,0,0,0.29943147392554,80.31
"26033",7.08114997875655e-05,0.190097606285165,1,0,0.22022222945433,45.69
"26035",0.00012045290291496,0.323362851838003,1,0,0.285934003148189,76.04
"26037",0.000366250057226571,0.983219666148093,1,0,0.342068945633883,90.8
"26039",0.000220507166482911,0.591964365150849,1,0,0.195884831711867,33.06
"26041",0,0,0,0,0.305637076016406,82.25
"26043",0.000952964399972772,2.55828858099703,1,1,0.24416211340922,58.51
"26045",0.000201686095760558,0.541438101722217,1,0,0.242199471560033,57.56
"26047",0.000665915377522795,1.78768871772709,1,1,0.292806999235664,78.36
"26049",0.000903203361254583,2.42470216671447,1,1,0.346559206477365,91.63
"26051",0,0,0,0,0.252747530388972,62.55
"26053",0.000902201371346084,2.42201226629294,1,1,0.225358410292132,48.74
"26055",0.000505517109139401,1.35709019964115,1,1,0.403023855473487,98.06
"26057",0,0,0,0,0.246273724307044,59.43
"26059",0.000609260763606824,1.63559609826915,1,1,0.261880628523854,66.53
"26061",0.00176217664058645,4.73066609564936,1,1,0.245213733960768,58.89
"26063",0.000542972385975799,1.45764107754528,1,1,0.265369531016862,68.02
"26065",8.23800781433884e-05,0.2211541304396,1,0,0.204813752498141,37.96
"26067",0,0,0,0,0.214339966769067,42.79
"26069",0.000697026022304833,1.87120706038041,1,1,0.245089733687777,58.8
"26071",0.000262743037309511,0.705349026789043,1,0,0.216250145964342,43.53
"26073",0.00388251181634031,10.4228296939668,1,1,0.233797095701669,53.52
"26075",3.25584424041154e-05,0.0874050399153187,1,0,0.286194090562411,76.11
"26077",0.000470702561532972,1.26362851356279,1,1,0.314536091124202,84.51
"26079",0,0,0,0,0.224720875382694,48.27
"26081",0.000291863162260557,0.783523702717751,1,0,0.323932625446428,87.11
"26083",0,0,0,0,0.11174961502053,3.18
"26085",0,0,0,0,0.198066177756179,34.2
"26087",0.000354581987235048,0.951896050887711,1,0,0.350614396654906,92.27
"26089",0.0012298610257041,3.3016337424168,1,1,0.253731117459205,62.93
"26091",0.000339132499067386,0.910420997713941,1,0,0.330676204810078,88.45
"26093",0.000205310703531344,0.551168572945339,1,0,0.375889091793124,95.8
"26095",0,0,0,0,0.181588411203761,25.9
"26097",0.000189178963299281,0.507861974263923,1,0,0.185018466523003,27.17
"26099",0.000203428302230217,0.546115156727833,1,0,0.369503998300012,95.16
"26101",0.000240124864929763,0.644629222225741,1,0,0.229012878798791,51.19
"26103",0.000277469478357381,0.744883017746698,1,0,0.28642806353529,76.2
"26105",8.75503414463316e-05,0.235034004198835,1,0,0.265951802747232,68.28
"26107",0.000142989919210696,0.383864788154586,1,0,0.254210011427465,63.22
"26109",0.000128369704749679,0.344615968672542,1,0,0.182688612914101,26.28
"26111",2.34246896228625e-05,0.0628849471997915,1,0,0.214608111407371,42.95
"26113",0,0,0,0,0.224100654562254,48.01
"26115",0.000174619112061815,0.468775203380469,1,0,0.317731771592813,85.75
"26117",0.000105008925758689,0.281902593296135,1,0,0.274390615494975,72.22
"26119",0,0,0,0,0.153466519986222,13.3
"26121",4.34247665918796e-05,0.116576321746794,1,0,0.3018870560665,80.94
"26123",0.00043525571273123,1.16846937800178,1,1,0.281464667289171,74.42
"26125",0.00175532853983846,4.71228196928997,1,1,0.383062656806601,96.72
"26127",0,0,0,0,0.229496608282358,51.32
"26129",0,0,0,0,0.28626571875031,76.14
"26131",0,0,0,0,0.181990328287603,26.15
"26133",0.000111819300011182,0.300185440675288,1,0,0.206635919023561,38.85
"26135",0,0,0,0,0.232216117005142,52.62
"26137",8.5704490915324e-05,0.230078710658133,1,0,0.253152868569366,62.68
"26139",3.40050463488782e-05,0.0912885326808592,1,0,0.332673940420028,88.96
"26141",0,0,0,0,0.224847517176555,48.46
"26143",0.000139295166457724,0.373946008630603,1,0,0.259083382165289,65.42
"26145",8.12413681046389e-05,0.218097196844512,1,0,0.301140996795827,80.81
"26147",4.16840350145894e-05,0.111903226175869,1,0,0.379616571195014,96.31
"26149",8.23282427036595e-05,0.221014975174667,1,0,0.255042399896701,63.6
"26151",0.00065402223675605,1.7557608868274,1,1,0.313322007148513,84.28
"26153",0.000322268772155978,0.865149338046761,1,0,0.199970191490453,35.38
"26155",0.000108003024084674,0.289940425095485,1,0,0.31225523088376,83.84
"26157",0.000353606789250354,0.949278074950176,1,0,0.292050313427266,77.95
"26159",4.0457984383218e-05,0.10861182165955,1,0,0.266319378995429,68.57
"26161",0.000303719330504092,0.815352278719836,1,0,0.171787589997201,21.03
"26163",0.000303256828582518,0.814110665303127,1,0,0.30195248664079,81.01
"26165",0.000838984828357687,2.25230376504993,1,1,0.251874355523976,62.07
"27001",0.00117096018735363,3.14351100229403,1,1,0.250600845492215,61.53
"27003",0.000702576112412178,1.88610660137642,1,1,0.383733239957863,96.82
"27005",0.00109472228624107,2.938845904772,1,1,0.304051759017516,81.8
"27007",0,0,0,0,0.290186326922479,77.44
"27009",0.000254764088454092,0.683929072648298,1,0,0.269086702000831,69.68
"27011",0,0,0,0,0.210899346628715,40.82
"27013",0.000438490714959111,1.17715393039359,1,1,0.322766820765085,86.86
"27015",0.000132039347725622,0.354467339533782,1,0,0.244676373913007,58.64
"27017",0.000674581759309228,1.81095412571445,1,1,0.213322965482699,42.09
"27019",0.000345490272289521,0.927488811197028,1,0,0.29182927415119,77.86
"27021",0.00220876963350785,5.92957106437301,1,1,0.242774374783935,57.78
"27023",0,0,0,0,0.20012106169647,35.44
"27025",0.00054077438892494,1.4517404261081,1,1,0.30704210571916,82.41
"27027",0.000293957082265989,0.7891449532488,1,0,0.285773963390343,75.91
"27029",0.00033167495854063,0.890400794679635,1,0,0.192671399134984,31.31
"27031",0.000312695434646654,0.839449154458755,1,0,0.189259345703276,29.43
"27033",0,0,0,0,0.181503678834171,25.87
"27035",0.000695470746761714,1.8670318323631,1,1,0.368327939983476,95.1
"27037",0.000337681979672496,0.906526993693889,1,0,0.39239015667825,97.52
"27039",0.000574795229199598,1.54307135850501,1,1,0.222581999136949,47.06
"27041",0.000827890718425168,2.22252097908489,1,1,0.350677531178195,92.3
"27043",0,0,0,0,0.21365414125139,42.19
"27045",0.000525279054497702,1.41014229597326,1,1,0.302141790944672,81.13
"27047",7.47607655502392e-05,0.200699640846224,1,0,0.265995905469397,68.34
"27049",0.00151834668916069,4.07609035236303,1,1,0.291249112739132,77.73
"27051",0.000814995925020375,2.1879041531859,1,1,0.221152091352169,46.33
"27053",0.000370796062165809,0.995423681875794,1,0,0.286875089608237,76.46
"27055",0,0,0,0,0.259164759689361,65.45
"27057",0.00104684637529443,2.810320226076,1,1,0.298882265058605,80.11
"27059",0,0,0,0,0.277471943020797,73.18
"27061",5.37345513164965e-05,0.144253540889796,1,0,0.296731039396469,79.57
"27063",0.000174428745857317,0.468264154187877,1,0,0.143876396545283,9.86
"27065",0,0,0,0,0.234017236589793,53.64
"27067",0.000492480206084025,1.32209187208654,1,1,0.269639448417921,69.87
"27069",0.00268240343347639,7.20106865868857,1,1,0.181977378944896,26.12
"27071",0,0,0,0,0.194028937127446,32.13
"27073",0.000765696784073507,2.05555773044341,1,1,0.230614091990099,51.86
"27075",0,0,0,0,0.190403115051631,30.16
"27077",0,0,0,0,0.187301041077025,28.32
"27079",0.00120651518198271,3.23896046164379,1,1,0.278946413565893,73.62
"27081",0,0,0,0,0.209247169498341,40.22
"27083",0.000329663084327817,0.884999800870013,1,0,0.220866623857444,46.1
"27085",5.66347624171717e-05,0.152039326950167,1,0,0.278709633129657,73.56
"27087",0,0,0,0,0.148558068315988,11.39
"27089",0,0,0,0,0.159989962571959,16
"27091",0.0001057753331923,0.283960058806759,1,0,0.241608027505636,57.08
"27093",0.000214638334406525,0.576209142725713,1,0,0.241266837058169,56.89
"27095",0.000661188249740248,1.77499846714968,1,1,0.255469842165736,63.79
"27097",0.000531874477623281,1.42784809449994,1,1,0.309394579196534,82.91
"27099",5.37952552584862e-05,0.144416504166932,1,0,0.231939521821597,52.5
"27101",0,0,0,0,0.219171137359542,45.31
"27103",0,0,0,0,0.198099708755526,34.27
"27105",0.000181735574738755,0.487879763009377,1,0,0.180252659394715,25.2
"27107",0,0,0,0,0.168872116400065,19.82
"27109",0.000234809623582111,0.630360146439352,1,0,0.192473514844308,31.18
"27111",0.000784430914048784,2.10585059635953,1,1,0.347496288963802,91.79
"27113",0.000383582662063675,1.02975005598738,1,1,0.157095279069863,14.76
"27115",0.000555247084952804,1.49059322374186,1,1,0.274112284621802,72.06
"27117",0.00097181729834791,2.60890028761817,1,1,0.217472257511006,44.13
"27119",0,0,0,0,0.224362381004965,48.2
"27121",0.00113357264311355,3.04314195650002,1,1,0.234769377193292,54.06
"27123",0.000627972402706142,1.68582858611538,1,1,0.269549869162337,69.81
"27125",0,0,0,0,0.167748833996418,19.15
"27127",0,0,0,0,0.231767983862322,52.34
"27129",0.000291163196971903,0.781644605025214,1,0,0.177105936338146,23.42
"27131",0.000187746417172539,0.504016220531779,1,0,0.237246890461437,55.04
"27133",0,0,0,0,0.218897516252267,45.08
"27135",0.000795454545454545,2.13544417860383,1,1,0.157312407978974,14.83
"27137",0.000569876336834907,1.52986630470856,1,1,0.300961679337765,80.69
"27139",0.000301928026109585,0.810543417467846,1,0,0.293919111069162,78.65
"27141",0.000514668039114771,1.38165640553736,1,1,0.373832643332781,95.7
"27143",0,0,0,0,0.201141657154569,35.98
"27145",0.000248753640613178,0.667793674433498,1,0,0.348449840877544,91.95
"27147",4.76712589979501e-05,0.127976278588888,1,0,0.238625489293283,55.42
"27149",0,0,0,0,0.144970546089086,10.34
"27151",0.000460193281178095,1.23541573675062,1,1,0.194756284492538,32.52
"27153",0.000234192037470726,0.628702200458805,1,0,0.238997301521763,55.71
"27155",0,0,0,0,0.205167374127225,38.08
"27157",0,0,0,0,0.246943285161389,59.72
"27159",0.000157579577686732,0.423031578310605,1,0,0.241695998367078,57.21
"27161",0.000154012012937009,0.413454242408609,1,0,0.24399337427503,58.48
"27163",0.000956849756187322,2.56871904664409,1,1,0.328054431201875,87.81
"27165",0,0,0,0,0.213508487743712,42.13
"27167",0,0,0,0,0.178293549876752,23.99
"27169",0,0,0,0,0.252151541246602,62.17
"27171",0.000393025582392454,1.05510012703838,1,1,0.376362062457257,95.86
"27173",0,0,0,0,0.19702456947875,33.85
"28001",0.000427569693860099,1.14783581150979,1,1,0.273615864000864,71.91
"28003",0,0,0,0,0.258052104158539,64.97
"28005",0,0,0,0,0.167686449574662,19.06
"28007",0,0,0,0,0.245112729057276,58.86
"28009",0,0,0,0,0.173006164317567,21.48
"28011",8.08407437348424e-05,0.217021697328949,1,0,0.233387178410034,53.2
"28013",0.000533333333333333,1.43176447784485,1,1,0.184043749032141,26.63
"28015",0,0,0,0,0.196069846345395,33.18
"28017",0,0,0,0,0.207045314971094,39.07
"28019",0,0,0,0,0.146015121981261,10.63
"28021",0,0,0,0,0.105179529067686,2.51
"28023",0,0,0,0,0.167865203885709,19.19
"28025",0,0,0,0,0.218990066374002,45.12
"28027",0,0,0,0,0.211752895674903,41.33
"28029",0,0,0,0,0.188162283883879,28.7
"28031",0,0,0,0,0.192039812425693,30.89
"28033",0.000472423776240718,1.26824921495772,1,1,0.273707894456217,71.94
"28035",0.000113804483896666,0.305514782742585,1,0,0.268656624065284,69.49
"28037",0,0,0,0,0.168414089569512,19.63
"28039",0,0,0,0,0.242672250187092,57.75
"28041",0,0,0,0,0.170664169852749,20.68
"28043",0,0,0,0,0.218567490615531,44.93
"28045",0.00100082420817144,2.68677103092574,1,1,0.217699456652995,44.29
"28047",0.000172005198379329,0.461757999457837,1,0,0.271331858404526,70.6
"28049",0.000226867606546751,0.609039337926225,1,0,0.248361464027602,60.52
"28051",0,0,0,0,0.207544003699456,39.45
"28053",0,0,0,0,0.163809959530569,17.37
"28055",0,0,0,0,0.130926742049494,6.65
"28057",0,0,0,0,0.202080195628278,36.33
"28059",0.00109878610297195,2.94975545809654,1,1,0.229344614173592,51.26
"28061",0,0,0,0,0.167081512329578,18.71
"28063",0,0,0,0,0.146406397427483,10.75
"28065",0,0,0,0,0.172826885904195,21.38
"28067",3.16435668628568e-05,0.0849490030997753,1,0,0.222136090463607,46.87
"28069",0,0,0,0,0.146772997361359,10.98
"28071",0.00054843353671077,1.47230185560244,1,1,0.261772575488014,66.47
"28073",0.000641464249059186,1.72204823551944,1,1,0.309969244563605,83.14
"28075",0,0,0,0,0.296907609371207,79.7
"28077",0,0,0,0,0.180014797064834,25.01
"28079",0,0,0,0,0.169625971088224,20.3
"28081",0.00012290620500755,0.329948884568488,1,0,0.274654178879397,72.35
"28083",0,0,0,0,0.222669111135982,47.18
"28085",6.89797889218459e-05,0.185180271501628,1,0,0.248358031020158,60.48
"28087",0.000166878045524331,0.447993858213587,1,0,0.278675140266905,73.53
"28089",0.000205107168495539,0.550622171256096,1,0,0.28634920969859,76.17
"28091",0,0,0,0,0.237033047101279,54.92
"28093",0,0,0,0,0.20659555301259,38.78
"28095",9.53197979220284e-05,0.255891563812706,1,0,0.233919299523231,53.58
"28097",0,0,0,0,0.193596453595289,31.91
"28099",0,0,0,0,0.180813504746152,25.42
"28101",0,0,0,0,0.177278034183251,23.51
"28103",0,0,0,0,0.212558870764015,41.68
"28105",4.17850576633796e-05,0.112174427375861,1,0,0.173855598648962,22.02
"28107",0,0,0,0,0.243853307395606,58.38
"28109",0,0,0,0,0.315624028862805,84.86
"28111",0,0,0,0,0.183688894374946,26.57
"28113",0.00018254837531946,0.490061773632548,1,0,0.249598973037535,60.93
"28115",0,0,0,0,0.163206090598285,16.89
"28117",0.000121862052156958,0.327145795266768,1,0,0.213893661179029,42.48
"28119",0,0,0,0,0.161560080223533,16.58
"28121",0.000626065643648764,1.68070978007883,1,1,0.359023797661438,93.45
"28123",0,0,0,0,0.127606963421772,5.95
"28125",0,0,0,0,0.153874008340554,13.43
"28127",0.000225199864880081,0.604562188032676,1,0,0.214409311925714,42.83
"28129",0,0,0,0,0.1504846679887,12.28
"28131",0,0,0,0,0.207764698263375,39.55
"28133",0,0,0,0,0.152521257078742,12.89
"28135",0,0,0,0,0.142192602598685,9.51
"28137",0,0,0,0,0.221546715034903,46.45
"28139",0,0,0,0,0.179587338190443,24.66
"28141",0,0,0,0,0.206548090090334,38.75
"28143",0,0,0,0,0.101594891997491,2.13
"28145",7.33299112708074e-05,0.196858428976982,1,0,0.179056273477497,24.34
"28147",0,0,0,0,0.213238118698788,42
"28149",9.64506172839506e-05,0.258927314425067,1,0,0.211297062374267,41.01
"28151",0,0,0,0,0.271600798924235,70.79
"28153",0,0,0,0,0.223303482540137,47.47
"28155",0,0,0,0,0.202765053696385,36.78
"28157",0,0,0,0,0.162635413797808,16.77
"28159",0,0,0,0,0.201377078189987,36.08
"28161",0,0,0,0,0.163472299146492,17.09
"28163",0,0,0,0,0.184762945056915,27.01
"29001",0.00138389150290617,3.71513755322322,1,1,0.239488367416116,56
"29003",0.00136724090784796,3.67043805846199,1,1,0.26755889058261,69.11
"29005",0,0,0,0,0.161249807926054,16.39
"29007",0.00160034140616665,4.29620995832567,1,1,0.267870513514997,69.23
"29009",0.000734067400734067,1.97064680384051,1,1,0.249876790148653,61.06
"29011",0,0,0,0,0.206545551825772,38.72
"29013",0,0,0,0,0.260032354392735,65.77
"29015",0,0,0,0,0.254793770564316,63.47
"29017",0.000431592576607682,1.15863547516577,1,1,0.240153455846151,56.35
"29019",0.000327498999308613,0.879190188262141,1,0,0.262137112913508,66.66
"29021",2.03128173877717e-05,0.0545309444639264,1,0,0.272744719942134,71.4
"29023",0.000347394540942928,0.932600931598694,1,0,0.284654270532133,75.44
"29025",0.00168137873055906,4.51375938790937,1,1,0.210554049557165,40.66
"29027",0,0,0,0,0.238726291242538,55.49
"29029",0.00190495287748145,5.11395724114927,1,1,0.332834424818658,88.99
"29031",0.000675793512382281,1.81420714760054,1,1,0.348607545061151,92.05
"29033",0.00195258019525802,5.24181555696337,1,1,0.186889918663251,28.06
"29035",0,0,0,0,0.180162598663951,25.14
"29037",0.000781795337149239,2.09877523626566,1,1,0.338624289541593,90.14
"29039",0,0,0,0,0.242323459822688,57.59
"29041",0.000414593698175788,1.11300099334954,1,1,0.208389186090625,39.83
"29043",0.00101888862763539,2.73526601986584,1,1,0.398968375332789,97.9
"29045",0.000555555555555556,1.49142133108839,1,1,0.190504624605398,30.19
"29047",0.000315748566987273,0.847645466517737,1,0,0.311536127886377,83.61
"29049",0.000185082361650935,0.496864407913955,1,0,0.255756787803714,63.86
"29051",0.00065217018209278,1.75078893793135,1,1,0.217043515371522,43.97
"29053",0.000706464146944543,1.89654425712405,1,1,0.2544028704981,63.32
"29055",0.00115815210397632,3.10912695452733,1,1,0.250870175926635,61.76
"29057",0,0,0,0,0.165444669371282,18.01
"29059",0,0,0,0,0.257077037535586,64.72
"29061",0.00199920031987205,5.36697000391663,1,1,0.230759504294128,51.96
"29063",0,0,0,0,0.184012166206476,26.6
"29065",0.000913450559488468,2.4522113687683,1,1,0.223550145320111,47.69
"29067",0.000306654400490647,0.82323164549497,1,0,0.225522537553312,48.81
"29069",0.000475330354596445,1.2760520942861,1,1,0.218167918272479,44.61
"29071",0.000610707742417046,1.63948059738291,1,1,0.381619934918371,96.53
"29073",0.000170010200612037,0.456402311451734,1,0,0.239560150510032,56.03
"29075",0.00302800908402725,8.12886720956578,1,1,0.18057059639043,25.29
"29077",0.00152806737806125,4.10218610936552,1,1,0.3530270505136,92.65
"29079",0.00028604118993135,0.767894278020337,1,0,0.209007177072904,40.18
"29081",0.00032916392363397,0.883659774838413,1,0,0.188030347878177,28.67
"29083",0.000763358778625954,2.04928121828939,1,1,0.245618321490876,58.99
"29085",0.00152594099694812,4.09647771509527,1,1,0.223730505247526,47.79
"29087",0,0,0,0,0.168981238025153,19.85
"29089",0.000665557404326123,1.78672771777644,1,1,0.188898988888889,29.18
"29091",0.000974435400664909,2.61592873617475,1,1,0.330076971485205,88.36
"29093",0.00049480455220188,1.32833171497234,1,1,0.178363019821151,24.09
"29095",0.0002269187774094,0.609176709095178,1,0,0.335488077219485,89.63
"29097",0.000461056125899059,1.2377320937907,1,1,0.348250993177908,91.92
"29099",0.000239639855531401,0.643327186173249,1,0,0.392231769326947,97.42
"29101",0.000837631706564387,2.24867123057897,1,1,0.192040262877029,30.93
"29103",0,0,0,0,0.181388505440394,25.8
"29105",0.000193735873425896,0.520095265603958,1,0,0.258594603026895,65.13
"29107",0,0,0,0,0.273003007396659,71.46
"29109",0.000621062904799929,1.6672796354994,1,1,0.300359908582569,80.5
"29111",0,0,0,0,0.191277534275457,30.38
"29113",0.000834081868343385,2.23914148257849,1,1,0.3216343740576,86.67
"29115",0.000209731543624161,0.563036576333703,1,0,0.18712096644144,28.25
"29117",0.000861450107681263,2.31261311927561,1,1,0.265768552586026,68.25
"29119",0.000865426222414539,2.32328723146612,1,1,0.213666105148316,42.22
"29121",0.000171732783788425,0.461026686580645,1,0,0.231373904467248,52.15
"29123",0.00114889705882353,3.08428124535742,1,1,0.198572516188384,34.52
"29125",0.00271296798697775,7.28312098740938,1,1,0.225086782568728,48.58
"29127",0.000412201154163232,1.10657806923293,1,1,0.260335612149495,65.92
"29129",0.000465983224603914,1.25095917798653,1,1,0.132015709121726,6.94
"29131",0.000649350649350649,1.74321973763578,1,1,0.267271040197656,68.98
"29133",0,0,0,0,0.167952785340249,19.41
"29135",0.000577700751010976,1.55087140147839,1,1,0.22396304757763,47.88
"29137",0,0,0,0,0.200413150018323,35.54
"29139",0,0,0,0,0.211415654630258,41.14
"29141",0.000668560922614073,1.79479083801377,1,1,0.318615234309648,85.97
"29143",0,0,0,0,0.146536501331504,10.88
"29145",0.000822909809084924,2.20914943709603,1,1,0.264157159656234,67.42
"29147",0.000509113124936361,1.36674391404088,1,1,0.225205566817794,48.65
"29149",0.000938086303939962,2.51834746337626,1,1,0.198750993153376,34.68
"29151",0,0,0,0,0.191562625633768,30.58
"29153",0,0,0,0,0.243167509545362,58
"29155",0,0,0,0,0.167248119014038,18.9
"29157",0,0,0,0,0.216412503230894,43.72
"29159",0.000458211143695015,1.23009457292847,1,1,0.282881358737045,74.93
"29161",0.000234874107478392,0.630533257224516,1,0,0.25530346493726,63.73
"29163",0.0012580594433087,3.37733404114999,1,1,0.21871844955401,44.99
"29165",0.000352615852866396,0.946617848360761,1,0,0.310692746443557,83.33
"29167",0.000432825484764543,1.16194528910972,1,1,0.300405337423281,80.53
"29169",0.000388500388500389,1.04295197978209,1,1,0.138232546540251,8.34
"29171",0.00548159749412686,14.7156685761266,1,1,0.179598746276835,24.69
"29173",0,0,0,0,0.190229621514445,29.94
"29175",0,0,0,0,0.231670683840292,52.31
"29177",0,0,0,0,0.21489585813032,43.05
"29179",0.00141509433962264,3.79890339050816,1,1,0.151586298362485,12.57
"29181",0.000290528762347472,0.779941428227512,1,0,0.197830737477459,34.11
"29183",0.000220883423251294,0.592974448417447,1,0,0.360429920951739,93.76
"29185",0.000913659205116492,2.45277149014079,1,1,0.220555506253484,45.88
"29186",0.000861821315713875,2.3136096489162,1,1,0.227529097158937,50.05
"29187",0.000352830484553865,0.947194039659396,1,0,0.28692563866813,76.49
"29189",0.000662176479491448,1.77765142762541,1,1,0.321097891188671,86.57
"29195",0,0,0,0,0.193294137780287,31.63
"29197",0,0,0,0,0.173199061767218,21.51
"29199",0.00255264837268666,6.85273362082731,1,1,0.230208992896524,51.61
"29201",0.000660938532716457,1.77432808721685,1,1,0.269151410570323,69.74
"29203",0,0,0,0,0.179681681707629,24.82
"29205",0.000452284034373587,1.21418290183587,1,1,0.170378414723716,20.62
"29207",0.000257687682528775,0.691777631667866,1,0,0.22973777415798,51.45
"29209",0.00044404973357016,1.19207744047917,1,1,0.288006617236978,76.96
"29211",0.00227963525835866,6.11981397255114,1,1,0.130619007093319,6.55
"29213",0.000535652393105839,1.43799012922786,1,1,0.260716997776269,66.15
"29215",0.00112978392882361,3.03297093174309,1,1,0.250299031635987,61.37
"29217",0,0,0,0,0.256545417281522,64.3
"29219",0.000100130169219986,0.268805286468319,1,0,0.289858589871422,77.38
"29221",0.00121760306140198,3.2687265214322,1,1,0.256098397673404,64.02
"29223",0.0017940437746681,4.81621527800341,1,1,0.199932899665218,35.35
"29225",9.38350380031904e-05,0.251905639106606,1,0,0.295991341663366,79.29
"29227",0.00346020761245675,9.28912939778235,1,1,0.178460883176091,24.15
"29229",0,0,0,0,0.271701652325908,70.92
"29510",9.53850237218407e-05,0.256066666281225,1,0,0.203732655698351,37.42
"30001",0.00127620783956244,3.42605447068618,1,1,0.228787652213596,51.07
"30003",0,0,0,0,0.134469171056059,7.38
"30005",0.00166759310728182,4.47675107719694,1,1,0.184567356214212,26.89
"30007",0,0,0,0,0.241484364653862,56.98
"30009",0.000998502246630055,2.68053758957474,1,1,0.312845591887746,84.09
"30011",0,0,0,0,0.119392316527575,4.42
"30013",0.000249037808467285,0.668556539632105,1,0,0.351616044086083,92.46
"30015",0,0,0,0,0.170316618278739,20.52
"30017",0.00140274314214464,3.76574587961844,1,1,0.26496246578027,67.93
"30019",0,0,0,0,0.130579735282461,6.49
"30021",0.000746454341876089,2.00390027068358,1,1,0.275219598635829,72.45
"30023",0.00105988341282459,2.84531891463603,1,1,0.20560251004545,38.21
"30025",0.001354096140826,3.63515016379025,1,1,0.203962590713029,37.58
"30027",0.0010826416456153,2.90641471955153,1,1,0.307254731271226,82.44
"30029",0.000748789457044445,2.01016902371432,1,1,0.453125173114339,99.84
"30031",0.000127423951069203,0.34207703768911,1,0,0.431036948147971,99.49
"30033",0,0,0,0,0.123685438000274,5.35
"30035",0.000594766058683584,1.59668421647052,1,1,0.167043888704809,18.68
"30037",0,0,0,0,0.136828109740511,8.18
"30039",0,0,0,0,0.188182815976879,28.73
"30041",0.000239923224568138,0.644087906899976,1,0,0.245110282533602,58.83
"30043",0,0,0,0,0.27949335336137,73.88
"30045",0,0,0,0,0.143076466767925,9.74
"30047",0.00147516800524504,3.96017465393081,1,1,0.319693100451503,86.32
"30049",0.000916385418296417,2.46009016862214,1,1,0.333224401386892,89.12
"30051",0,0,0,0,0.126855130144848,5.73
"30053",0.000653167864141084,1.75346727365062,1,1,0.342004897765884,90.77
"30055",0,0,0,0,0.156367219541357,14.6
"30057",0.0016961473225103,4.55340653542856,1,1,0.259642440103793,65.7
"30059",0.000904159132007233,2.42726798911311,1,1,0.147967648591553,11.29
"30061",0.000674308833445718,1.81022144029609,1,1,0.18823348722133,28.79
"30063",0.000399632338248811,1.07283634894261,1,1,0.453725199878947,99.87
"30065",0.00175746924428822,4.71802881539385,1,1,0.187801324794377,28.54
"30067",0.000767291461142168,2.05983873415693,1,1,0.332471865494106,88.86
"30069",0,0,0,0,0.0932948827446277,1.62
"30071",0,0,0,0,0.223948619446277,47.85
"30073",0.000511247443762781,1.372473617566,1,1,0.226113446977606,49.03
"30075",0,0,0,0,0.151766193450379,12.63
"30077",0.00065252854812398,1.75175099246923,1,1,0.192871445418395,31.37
"30079",0.00705218617771509,18.9320056132518,1,1,0.117792014996809,4.14
"30081",0.000617006955351133,1.65639120235304,1,1,0.412509872838845,98.73
"30083",0.00133288903698767,3.57821845512709,1,1,0.284577961165626,75.37
"30085",0.000750375187593797,2.01442600997431,1,1,0.172338309433798,21.29
"30087",0.000226551880380607,0.60819175259608,1,0,0.126329291060601,5.54
"30089",0.000478812544888676,1.28540023747144,1,1,0.292131634208925,78.05
"30091",0,0,0,0,0.208959487457487,40.09
"30093",0.00109283645702421,2.93378328611453,1,1,0.328228402160175,87.91
"30095",0.00142755174875089,3.8323460327753,1,1,0.217096582418347,44
"30097",0,0,0,0,0.218434044656924,44.8
"30099",0.00121261115602264,3.25532545993423,1,1,0.235963410624865,54.57
"30101",0.00242600679281902,6.5127569043161,1,1,0.171011001897278,20.81
"30103",0,0,0,0,0.113701235785474,3.63
"30105",0.0011232799775344,3.01551069470272,1,1,0.232780768648032,52.88
"30107",0,0,0,0,0.107548255009132,2.8
"30109",0,0,0,0,0.156214728797761,14.54
"30111",0.000674425971531049,1.81053590432655,1,1,0.477355587293993,100
"31001",5.55031359271799e-05,0.14900140955537,1,0,0.28167796353477,74.58
"31003",0.000633111744222855,1.69962544853378,1,1,0.169411633481826,20.14
"31005",0,0,0,0,0.0727683936037071,0.67
"31007",0,0,0,0,0.11882227666889,4.3
"31009",0,0,0,0,0.0806617866443787,1.02
"31011",0,0,0,0,0.16367537254114,17.28
"31013",0,0,0,0,0.175859519603048,22.97
"31015",0,0,0,0,0.13061304842898,6.52
"31017",0,0,0,0,0.152992179274792,13.01
"31019",0.000345423143350604,0.927308599640448,1,0,0.319305248700094,86.26
"31021",0.00131233595800525,3.52304251438202,1,1,0.180015891218355,25.04
"31023",0.000557568999163646,1.49682653803128,1,1,0.154246307799065,13.62
"31025",0.000782983165861934,2.10196403180929,1,1,0.293853067288825,78.62
"31027",0.000267236771779797,0.717412719390459,1,0,0.194318168441682,32.26
"31029",0.0011441647597254,3.07157711208135,1,1,0.176192186477891,23.1
"31031",0.000330250990752972,0.886578069999702,1,0,0.192367248086311,31.12
"31033",0,0,0,0,0.19880836825024,34.71
"31035",0,0,0,0,0.154508193721373,13.78
"31037",0,0,0,0,0.138142597823647,8.3
"31039",0,0,0,0,0.199891536909233,35.28
"31041",0.00115970841616965,3.11330496549266,1,1,0.194658255372436,32.42
"31043",6.7462726843419e-05,0.181107629761796,1,0,0.156724907860212,14.67
"31045",0.00156739811912226,4.20777178050015,1,1,0.200814736658785,35.76
"31047",7.29394602479942e-05,0.195810240405478,1,0,0.190692220169328,30.26
"31049",0,0,0,0,0.112314058858091,3.25
"31051",0,0,0,0,0.14250702341183,9.64
"31053",0.000144189176199173,0.387084263571916,1,0,0.290886572616069,77.63
"31055",0.000573023725285066,1.53831565279778,1,1,0.31910785419722,86.19
"31057",0,0,0,0,0.117165637315,3.91
"31059",0,0,0,0,0.176355085415274,23.19
"31061",0,0,0,0,0.147534759138958,11.2
"31063",0,0,0,0,0.105088778165639,2.48
"31065",0,0,0,0,0.131248509694104,6.75
"31067",0.000301598471901076,0.809658709950467,1,0,0.265532752174833,68.09
"31069",0,0,0,0,0.117962326998489,4.17
"31071",0,0,0,0,0.169631027314905,20.33
"31073",0,0,0,0,0.121199213436583,4.84
"31075",0,0,0,0,0.106740698274618,2.67
"31077",0,0,0,0,0.148852837476205,11.58
"31079",0.000379881476979182,1.01981400849381,1,1,0.300922476467223,80.66
"31081",0.00021128248468202,0.567200168172216,1,0,0.221316438070033,46.42
"31083",0.00177304964539007,4.75985531198422,1,1,0.142862194192949,9.67
"31085",0,0,0,0,0.154172730297749,13.55
"31087",0,0,0,0,0.130225926556456,6.36
"31089",0.000517866390471258,1.39024256652465,1,1,0.235387386541036,54.25
"31091",0,0,0,0,0.137031277414131,8.24
"31093",0,0,0,0,0.206024908092573,38.47
"31095",0.000940512579355749,2.52486094141462,1,1,0.189805399861062,29.69
"31097",0,0,0,0,0.134723738385826,7.48
"31099",0,0,0,0,0.171748989054035,21
"31101",0.00316455696202532,8.49543796189588,1,1,0.246581116885145,59.53
"31103",0,0,0,0,0.140148631793495,8.88
"31105",0,0,0,0,0.119926643894603,4.52
"31107",0.00172413793103448,4.62854895855017,1,1,0.204361451340061,37.8
"31109",0.000434268862922528,1.16582012206228,1,1,0.338960830116345,90.23
"31111",0.00154850127198319,4.15704209085581,1,1,0.305051171391053,82.02
"31113",0,0,0,0,0.111216032352626,3.12
"31115",0,0,0,0,0.110435281293713,3.09
"31117",0,0,0,0,0.0656104489473582,0.45
"31119",0.000489715964740451,1.31467110477919,1,1,0.331474395587532,88.61
"31121",0,0,0,0,0.225166289032121,48.62
"31123",0,0,0,0,0.136939315491976,8.21
"31125",0,0,0,0,0.133013119802379,7.06
"31127",0.000288018433179724,0.773202302983611,1,0,0.133153939162508,7.1
"31129",0.00162513542795233,4.36277095768001,1,1,0.175323103497236,22.65
"31131",0.000272851296043656,0.732485237642319,1,0,0.224909989138996,48.52
"31133",0.00794551645856981,21.3302029190848,1,1,0.160631674299815,16.13
"31135",0,0,0,0,0.139905832883655,8.75
"31137",0,0,0,0,0.180692155907147,25.36
"31139",0.000811359026369168,2.17814068637655,1,1,0.232162444992168,52.59
"31141",0.000568703792816834,1.52671854182021,1,1,0.265653043408181,68.18
"31143",0,0,0,0,0.17293183749822,21.44
"31145",0.00117076434186319,3.14298524363835,1,1,0.233751426537632,53.42
"31147",0.00105226236408278,2.82485976425019,1,1,0.22123176169308,46.39
"31149",0,0,0,0,0.123874665733572,5.41
"31151",0,0,0,0,0.170027985971321,20.43
"31153",9.35385638712494e-05,0.251109736986519,1,0,0.286454389201936,76.23
"31155",0.00104725749443644,2.81142389942045,1,1,0.291919974302928,77.92
"31157",0.00201185362405524,5.40093853789825,1,1,0.319193075160574,86.22
"31159",0.000396720444326898,1.0650191996664,1,1,0.23783766928631,55.23
"31161",0.000872219799389446,2.3415249855727,1,1,0.164595014196074,17.63
"31163",0,0,0,0,0.159075896474736,15.69
"31165",0,0,0,0,0.145305058847363,10.44
"31167",0,0,0,0,0.136329907760603,8.08
"31169",0.000724112961622013,1.94392353074518,1,1,0.152149405815785,12.73
"31171",0,0,0,0,0.166192065867542,18.39
"31173",0,0,0,0,0.0987259637473106,1.91
"31175",0.000885739592559787,2.37781965983977,1,1,0.192512037099155,31.21
"31177",0.000407539480387163,1.09406353375817,1,1,0.262793369165162,66.82
"31179",0.000199760287654814,0.536268157402936,1,0,0.152466136104079,12.85
"31181",0,0,0,0,0.141482807884456,9.26
"31183",0,0,0,0,0.0742260291657946,0.73
"31185",0.000668672684720829,1.79509086991581,1,1,0.235729131461934,54.41
"32001",0.000626230094829129,1.6811512588758,1,1,0.234295836911682,53.93
"32003",0.000399099949793226,1.07140712104426,1,1,0.322996440382959,86.89
"32005",0.000127572716448376,0.342476407036796,1,0,0.271524508061535,70.73
"32007",0.000290396183364447,0.779585512205505,1,0,0.285891218125479,75.95
"32009",0,0,0,0,0.107545266645401,2.77
"32011",0,0,0,0,0.0178309295897871,0.03
"32013",0.000466853408029879,1.25329523620873,1,1,0.20256716868322,36.56
"32015",0,0,0,0,0.0869503449259775,1.24
"32017",0,0,0,0,0.14884628279633,11.55
"32019",0.000192468082376339,0.516691806497549,1,0,0.282081437327358,74.67
"32021",0,0,0,0,0.121638269831112,5
"32023",0.000583809029579658,1.5672694319948,1,1,0.280871587857219,74.2
"32027",0,0,0,0,0.0804581559073974,0.99
"32029",0,0,0,0,0.0794545436927906,0.95
"32031",0.000539032756605978,1.44706491244356,1,1,0.406824169648012,98.28
"32033",0.000207770621234157,0.557772365667795,1,0,0.151166837526421,12.47
"32510",0.000581784332547924,1.56183401457899,1,1,0.266280539032123,68.53
"33001",0.000402468473302925,1.08045011911421,1,1,0.369030273051062,95.13
"33003",0.000550894143571489,1.47890749840954,1,1,0.377125353202939,96.02
"33005",0.000112318535366299,0.301525667139426,1,0,0.336185680549674,89.76
"33007",0,0,0,0,0.276856764368457,72.96
"33009",6.28742985586067e-05,0.168789726085547,1,0,0.228306139651363,50.59
"33011",0.000852568474710127,2.28876985691311,1,1,0.379068661121439,96.21
"33013",0.000508599963010912,1.36536630088543,1,1,0.360372224553222,93.73
"33015",0.000479923212286034,1.28838188895813,1,1,0.413982892421275,98.82
"33017",0.00025785063081315,0.692215075852793,1,0,0.330397224815493,88.39
"33019",6.13459296975646e-05,0.164686730627514,1,0,0.302416759143376,81.26
"34001",0.000161368404066484,0.433202903979199,1,0,0.246774619300108,59.59
"34003",0.000528231850952959,1.41806925048878,1,1,0.365475639341,94.46
"34005",0.00146239228673092,3.9258774915293,1,1,0.315883591958268,85.01
"34007",0.000539189900052604,1.44748677320256,1,1,0.360727273571111,93.8
"34009",0.000525508166396906,1.41075736024588,1,1,0.308248096320835,82.56
"34011",0.000231527929985954,0.621550248342823,1,0,0.275790756252336,72.54
"34013",0.00045715663643237,1.22726368660294,1,1,0.263502157110836,67.13
"34015",0.000308066953217833,0.827023725778471,1,0,0.335763496691923,89.69
"34017",9.08442021932386e-05,0.243876565722065,1,0,0.234150974831341,53.83
"34019",0.000511363636363636,1.37278554338818,1,1,0.367138111381787,94.81
"34021",0.000519408566778628,1.39438262887865,1,1,0.185021917491941,27.2
"34023",0.000189749275115129,0.509393009637472,1,0,0.27428548771923,72.16
"34025",0.000922316807675762,2.47601332978016,1,1,0.400351050388866,98
"34027",0.000279085458420867,0.749221210593832,1,0,0.273270090658947,71.62
"34029",0.00136405461767167,3.66188427641727,1,1,0.416481453082368,98.89
"34031",0.000209881851874603,0.56344008760941,1,0,0.433557917280314,99.55
"34033",4.22707866593397e-05,0.113478395230126,1,0,0.245776213036544,59.15
"34035",0.000269287733943719,0.72291864708741,1,0,0.241629319059025,57.11
"34037",0.000695020514315181,1.86582315706863,1,1,0.388017878471253,97.17
"34039",0.000197903004245213,0.531282171632017,1,0,0.360790514423182,93.83
"34041",0.000454959053685168,1.22136414738812,1,1,0.356235902056042,93.03
"35001",4.13476223825017e-05,0.111000106819891,1,0,0.328894148426516,88.01
"35003",0,0,0,0,0.165224721745813,17.94
"35005",0.00012071948814937,0.324078515467277,1,0,0.298793476000085,80.05
"35006",0,0,0,0,0.160813312912498,16.23
"35007",0.0002050020500205,0.550339974571361,1,0,0.198670432886337,34.58
"35009",0.000411938733475639,1.10587358557279,1,1,0.231891530120957,52.47
"35011",0,0,0,0,0.149204292049699,11.74
"35013",0.0002037555362524,0.546993635569527,1,0,0.289694377945962,77.31
"35015",0,0,0,0,0.259189910745208,65.48
"35017",9.14996797511209e-05,0.24563623350344,1,0,0.222520214309064,46.96
"35019",0,0,0,0,0.10830762491168,2.86
"35021",0,0,0,0,0.0895811873026889,1.34
"35023",0,0,0,0,0.157341087362779,14.89
"35025",0.000214482962009705,0.575792036453331,1,0,0.196814068857948,33.66
"35027",0.00260740004966476,6.99971769495171,1,1,0.309793455404783,83.07
"35028",0,0,0,0,0.0325241725924534,0.13
"35029",0,0,0,0,0.203864649541575,37.51
"35031",0.000579451749498551,1.55557205916952,1,1,0.241937703217987,57.33
"35033",0,0,0,0,0.164187117668768,17.53
"35035",0.000548911978043521,1.47358625929925,1,1,0.217329992363101,44.07
"35037",0,0,0,0,0.200684453985282,35.67
"35039",9.22934933087217e-05,0.247767272354324,1,0,0.202665190497453,36.62
"35041",0,0,0,0,0.175412039752042,22.72
"35043",0.000142765365122421,0.383261959591562,1,0,0.292672181720827,78.3
"35045",0,0,0,0,0.310178920809049,83.23
"35047",0.0025692582663092,6.89732385020769,1,1,0.208886344685784,39.99
"35049",0.000569506969680534,1.5288747170131,1,1,0.332902650947547,89.06
"35051",0.00149514079242462,4.01379276744445,1,1,0.182059103934766,26.19
"35053",0,0,0,0,0.144159724901916,9.93
"35055",0,0,0,0,0.30110076180572,80.78
"35057",0,0,0,0,0.216214614766868,43.49
"35059",0,0,0,0,0.173231153897894,21.54
"35061",0.000192957067052581,0.518004514415648,1,0,0.278836865071687,73.59
"36001",0.000221601191721964,0.594901339791741,1,0,0.227224954509356,49.79
"36003",0.000127412881442314,0.342047320629305,1,0,0.225593614392905,48.87
"36005",2.08003452857317e-05,0.0558397415756594,1,0,0.195390439123588,32.8
"36007",5.60230366726798e-05,0.150397113466767,1,0,0.291823025083862,77.82
"36009",0.000641480130996995,1.72209087150893,1,1,0.270779891303018,70.41
"36011",7.34591934180563e-05,0.197205494450826,1,0,0.272164029308366,71.08
"36013",0.000553830330122436,1.48678986266698,1,1,0.311110164186749,83.49
"36015",5.6471651231082e-05,0.151601445446075,1,0,0.309154815225392,82.85
"36017",0.000107446008380789,0.288445083910938,1,0,0.212033861671531,41.46
"36019",0.00048802893724522,1.31014218095265,1,1,0.254196430361902,63.16
"36021",0.000161655350792111,0.433973229220675,1,0,0.30455909381858,81.93
"36023",5.32282961622398e-05,0.142894469364938,1,0,0.236517641185066,54.79
"36025",0.000185265238065831,0.497355350328987,1,0,0.256689653115246,64.43
"36027",0.000399702182687409,1.07302385041666,1,1,0.314956396805634,84.6
"36029",0.000369099478393484,0.990869103665352,1,0,0.325935803482807,87.46
"36031",0.000122369065100343,0.32850690112079,1,0,0.260370794783973,65.99
"36033",0.000105557608064601,0.283375562987185,1,0,0.181184333950591,25.71
"36035",0,0,0,0,0.24585597097588,59.18
"36037",7.96971508268579e-05,0.21395165538626,1,0,0.271046942011163,70.47
"36039",6.21929224454257e-05,0.166960532120101,1,0,0.27955882105688,73.94
"36041",0,0,0,0,0.173244610919947,21.57
"36043",0.000412444025453688,1.10723007139487,1,1,0.286507400446252,76.3
"36045",0.00026952361700694,0.723551888945246,1,0,0.207457483666289,39.42
"36047",0.000255020598186286,0.684617688003505,1,0,0.231883214131479,52.43
"36049",0.000881612090680101,2.36673914001432,1,1,0.222551664276585,46.99
"36051",4.56537618699781e-05,0.122560189735167,1,0,0.271697039093917,70.89
"36053",0.000432806751785328,1.16189499933309,1,1,0.274254868046898,72.13
"36055",0.0010247239280427,2.75093122456723,1,1,0.290685854940466,77.57
"36057",0.00121826421714341,3.27050143262889,1,1,0.220350099710053,45.78
"36059",0.000894087256027555,2.4002294498888,1,1,0.35924510882699,93.48
"36061",0.000239068597864574,0.641793611607511,1,0,0.185218409139717,27.3
"36063",9.49010994970242e-05,0.254767543440486,1,0,0.337762469265032,90.04
"36065",0.000350925797663573,0.942080796476389,1,0,0.278460329924227,73.43
"36067",0.000313519883959869,0.84166243678459,1,0,0.308255414431396,82.6
"36069",0.000412413650891845,1.10714852910985,1,1,0.31663165982519,85.36
"36071",0.00041229084828842,1.10681885834978,1,1,0.366622983803403,94.65
"36073",0.000466055615970172,1.25115351683662,1,1,0.21302191228278,41.9
"36075",0.00079356082076862,2.13036036409859,1,1,0.308591027500261,82.66
"36077",0.000277557494052339,0.745119301019575,1,0,0.241436795488007,56.95
"36079",0.00035272237542487,0.946903814389472,1,0,0.343513345265055,91.03
"36081",0.000223191943921298,0.599171806964354,1,0,0.272402309088768,71.27
"36083",0.000128932439401753,0.346126662707465,1,0,0.291556430146971,77.76
"36085",0.000921290837988107,2.47325905424117,1,1,0.274314171149284,72.19
"36087",0.000737477565671398,1.97980159075463,1,1,0.28027795614529,74.01
"36089",0.000158144438587243,0.424547980383621,1,0,0.238754297734807,55.55
"36091",0.000418455897737349,1.1233692936094,1,1,0.376616330123454,95.96
"36093",0.000271409413117057,0.728614418725728,1,0,0.251729687417219,62.04
"36095",0.000330906684315023,0.888338317656882,1,0,0.218305976507761,44.67
"36097",0.000352795907567472,0.947101215720268,1,0,0.199590917190481,35.13
"36099",0.000264643613267466,0.71045123393413,1,0,0.231880178168148,52.4
"36101",0.000452259969671979,1.21411829873912,1,1,0.230545911429718,51.8
"36103",0.000751136801126436,2.01647060597783,1,1,0.421197957209172,99.14
"36105",0.000323996347677535,0.86978711541781,1,0,0.217665122434562,44.23
"36107",0,0,0,0,0.228001593038857,50.3
"36109",0.000120885573170311,0.324524380404685,1,0,0.201434817662904,36.14
"36111",0.0002215493685843,0.594762217552418,1,0,0.386730582398078,97.01
"36113",0.000406824480663124,1.09214407524589,1,1,0.285104734981125,75.63
"36115",0.000300174100978568,0.805834903031488,1,0,0.261951177318761,66.59
"36117",3.18694626808592e-05,0.0855554336146057,1,0,0.26091014529525,66.27
"36119",0.000467795222641289,1.25582359253123,1,1,0.342193824686241,90.84
"36121",7.07463742483198e-05,0.189922772971991,1,0,0.234269625890881,53.87
"36123",0.000596445186687343,1.6011919336509,1,1,0.282665929713888,74.8
"37001",0.000146251312937923,0.392620190067543,1,0,0.304479921506998,81.9
"37003",0,0,0,0,0.259511541805145,65.67
"37005",0,0,0,0,0.196603314207892,33.57
"37007",0,0,0,0,0.182778754419196,26.31
"37009",0,0,0,0,0.267636638341437,69.14
"37011",0,0,0,0,0.226901275415108,49.44
"37013",0,0,0,0,0.289649511539329,77.28
"37015",0,0,0,0,0.151851590460965,12.66
"37017",0,0,0,0,0.159340274969918,15.84
"37019",0.000206466531775199,0.554271461361667,1,0,0.365734672683028,94.53
"37021",2.60795295252874e-05,0.0700120199497734,1,0,0.377764468514722,96.15
"37023",0,0,0,0,0.211836812405647,41.39
"37025",2.04308874155949e-05,0.0548479103484304,1,0,0.33412371204109,89.25
"37027",0,0,0,0,0.267728575345423,69.17
"37029",0,0,0,0,0.236211408189717,54.66
"37031",3.42289919561869e-05,0.0918897277411979,1,0,0.344698583662241,91.28
"37033",0,0,0,0,0.21778159104131,44.35
"37035",5.13478818998716e-05,0.137846387469017,1,0,0.280702965985697,74.16
"37037",4.3994720633524e-05,0.118106396654602,1,0,0.313532813016457,84.35
"37039",0.000105385182843292,0.282912677411645,1,0,0.29706742757724,79.73
"37041",0,0,0,0,0.194825281788342,32.55
"37043",0,0,0,0,0.243506736819107,58.13
"37045",0,0,0,0,0.257210300554393,64.78
"37047",0,0,0,0,0.239003358072012,55.74
"37049",0,0,0,0,0.253443298783521,62.84
"37051",1.06643915964594e-05,0.0286291819980708,1,0,0.150382488647419,12.22
"37053",0,0,0,0,0.299429068170467,80.27
"37055",4.29350392855609e-05,0.115261620194886,1,0,0.278970669854282,73.66
"37057",0,0,0,0,0.340100776098011,90.61
"37059",0,0,0,0,0.248317196231687,60.42
"37061",0,0,0,0,0.206216425488309,38.59
"37063",1.1736170878648e-05,0.0315064360686851,1,0,0.135803003737483,7.89
"37065",0,0,0,0,0.195790906281374,33.03
"37067",2.79509181876625e-05,0.0750358720954551,1,0,0.275008150028461,72.38
"37069",5.89448865310934e-05,0.158240990035903,1,0,0.32428890991048,87.21
"37071",2.21510926026426e-05,0.0594659016260917,1,0,0.307036161036545,82.37
"37073",0,0,0,0,0.191632336493902,30.64
"37075",0,0,0,0,0.203734380018823,37.45
"37077",4.38788942518649e-05,0.117795453969245,1,0,0.186175440580921,27.81
"37079",0,0,0,0,0.192577817143774,31.28
"37081",1.88843741246306e-05,0.0506962051087098,1,0,0.349342452343551,92.14
"37083",0,0,0,0,0.273462123143608,71.84
"37085",2.98783949326242e-05,0.0802102959741581,1,0,0.305297996064993,82.12
"37087",0,0,0,0,0.346854458580339,91.7
"37089",1.97265894699465e-05,0.0529571813851833,1,0,0.340034474753018,90.52
"37091",0,0,0,0,0.214448120774848,42.89
"37093",0,0,0,0,0.241087345727404,56.79
"37095",0,0,0,0,0.18089301374053,25.49
"37097",5.5169369965795e-05,0.148105395341449,1,0,0.392827812842246,97.58
"37099",0,0,0,0,0.22628705808475,49.16
"37101",2.80119891313482e-05,0.0751998206100759,1,0,0.366923637037177,94.78
"37103",0,0,0,0,0.209395934138689,40.38
"37105",3.2242463324198e-05,0.086556775623379,1,0,0.240274527699965,56.44
"37107",0,0,0,0,0.198315003042418,34.36
"37109",0,0,0,0,0.333970203457695,89.21
"37111",0,0,0,0,0.223500782772425,47.63
"37113",0,0,0,0,0.311119195741624,83.55
"37115",0,0,0,0,0.242580642015567,57.72
"37117",0,0,0,0,0.252894027657627,62.58
"37119",0.000156536984471531,0.420232675941168,1,0,0.318228654581336,85.87
"37121",0,0,0,0,0.200944119706498,35.79
"37123",9.87849451743554e-05,0.265193953962175,1,0,0.187898296245463,28.6
"37125",0,0,0,0,0.322332723484299,86.8
"37127",2.24931395924243e-05,0.0603841467443227,1,0,0.277627873973385,73.24
"37129",0.000110555263812498,0.296792061685315,1,0,0.382469417119976,96.69
"37131",0,0,0,0,0.177092432272324,23.35
"37133",2.00998964855331e-05,0.0539593458681467,1,0,0.148836953393947,11.52
"37135",3.24426036270831e-05,0.087094063953859,1,0,0.143118660940692,9.77
"37137",0,0,0,0,0.174033095555613,22.14
"37139",0,0,0,0,0.235524727548304,54.28
"37141",0,0,0,0,0.336808939464413,89.85
"37143",0,0,0,0,0.2350425335727,54.18
"37145",0,0,0,0,0.273854263685018,71.97
"37147",1.09466678343112e-05,0.0293869690423756,1,0,0.253220303848477,62.74
"37149",0,0,0,0,0.271854305578759,71.01
"37151",0,0,0,0,0.316984094854023,85.49
"37153",0,0,0,0,0.227029198536802,49.6
"37155",0,0,0,0,0.264641229412716,67.77
"37157",0,0,0,0,0.25566724580502,63.82
"37159",3.448573152858e-05,0.092578960115841,1,0,0.312559046288949,84
"37161",0.000378841691528153,1.01702264373125,1,1,0.300118622441025,80.4
"37163",0,0,0,0,0.247549835803623,60.07
"37165",0,0,0,0,0.208780858637732,39.9
"37167",3.84630178083772e-05,0.103256217391403,1,0,0.309258074987345,82.88
"37169",0,0,0,0,0.260729372289601,66.18
"37171",0,0,0,0,0.295114682159184,78.94
"37173",0,0,0,0,0.102405597174804,2.26
"37175",0,0,0,0,0.266927333668933,68.82
"37177",0,0,0,0,0.13113596836747,6.68
"37179",0.000103301042192737,0.277317680129837,1,0,0.392325181391759,97.49
"37181",0,0,0,0,0.238460127575108,55.36
"37183",0.000126090300053346,0.338496773657212,1,0,0.36647545096701,94.62
"37185",0,0,0,0,0.201738614940906,36.21
"37187",0,0,0,0,0.21069961258998,40.73
"37189",0,0,0,0,0.258573157699628,65.1
"37191",0,0,0,0,0.27558303708819,72.51
"37193",0,0,0,0,0.285593217247298,75.82
"37195",0,0,0,0,0.267214844103538,68.95
"37197",0,0,0,0,0.235704115221616,54.37
"37199",0,0,0,0,0.249946153461197,61.15
"38001",0,0,0,0,0.12126895744337,4.9
"38003",0.000364963503649635,0.979765837941277,1,0,0.20967275854011,40.44
"38005",0,0,0,0,0.0814956182592349,1.05
"38007",0,0,0,0,0.0963146407502468,1.85
"38009",0.000914913083257091,2.45613759923065,1,1,0.200247814996034,35.48
"38011",0.000563380281690141,1.51242726532907,1,1,0.180919519219156,25.55
"38013",0,0,0,0,0.141846916064282,9.32
"38015",0.00082851312579591,2.22419186801773,1,1,0.345508903072636,91.41
"38017",0.000403437000127401,1.08305018593257,1,1,0.362665343624135,94.24
"38019",0,0,0,0,0.142209947941825,9.55
"38021",0.000356252226576416,0.956379905934841,1,0,0.166598847122396,18.58
"38023",0.00109769484083425,2.94682590116257,1,1,0.16962477475301,20.27
"38025",0,0,0,0,0.134451624126866,7.35
"38027",0.00332225913621262,8.91879865767142,1,1,0.15918019385932,15.72
"38029",0,0,0,0,0.177631994308131,23.74
"38031",0.000978473581213307,2.62676946767035,1,1,0.169545754152824,20.24
"38033",0,0,0,0,0.120635893296641,4.71
"38035",0.000356992860142797,0.958368179993798,1,0,0.284165503179843,75.25
"38037",0,0,0,0,0.118605023645657,4.23
"38039",0,0,0,0,0.146431930857148,10.79
"38041",0.000941619585687382,2.52783276455659,1,1,0.134233155997754,7.25
"38043",0.00148367952522255,3.98302432634881,1,1,0.151648992538684,12.6
"38045",0,0,0,0,0.176770150702128,23.32
"38047",0.00295566502463054,7.93465535751458,1,1,0.146786083923715,11.01
"38049",0,0,0,0,0.180535184814617,25.26
"38051",0.00206896551724138,5.5542587502602,1,1,0.163926434285304,17.44
"38053",0.00040358382436032,1.08344434415978,1,1,0.166892882319314,18.64
"38055",0.000470366886171214,1.26272737345207,1,1,0.18337994957356,26.44
"38057",0.00103584006629376,2.78077314683975,1,1,0.157538834626869,15.02
"38059",0.000552677029360967,1.48369375942472,1,1,0.329470246502424,88.13
"38061",0.00100654252642174,2.70212219019537,1,1,0.186068844704283,27.65
"38063",0,0,0,0,0.127100630068585,5.76
"38065",0.00198216055500496,5.3212257600775,1,1,0.133680950949157,7.19
"38067",0.000206015657189946,0.553061062208302,1,0,0.150606616493736,12.34
"38069",0.000530222693531283,1.42341378364745,1,1,0.191026259700465,30.32
"38071",0.000793273044581945,2.1295878121205,1,1,0.243843448985979,58.32
"38073",0.000766283524904215,2.05713287046674,1,1,0.153139572290691,13.08
"38075",0,0,0,0,0.161783352287874,16.67
"38077",0,0,0,0,0.209301077660224,40.31
"38079",0.000571646341463415,1.53461798549491,1,1,0.141662422983039,9.29
"38081",0.00116959064327485,3.13983438123871,1,1,0.10620509458489,2.61
"38083",0,0,0,0,0.103937413002047,2.39
"38085",0,0,0,0,0.0613789220710953,0.35
"38087",0,0,0,0,0.109267273032572,2.99
"38089",0.000461979118543842,1.24020992144465,1,1,0.305507123411829,82.18
"38091",0,0,0,0,0.128289603398099,6.05
"38093",7.66753565404079e-05,0.205839472163709,1,0,0.243749618349717,58.29
"38095",0.00087260034904014,2.34254659333255,1,1,0.117235162783093,3.95
"38097",0.000793808295296686,2.1310247239207,1,1,0.149253451490639,11.8
"38099",0.000405679513184584,1.08907034318828,1,1,0.175226287941611,22.56
"38101",0.000879185288299509,2.36022424730817,1,1,0.321923703362418,86.73
"38103",0.00264830508474576,7.10952965031541,1,1,0.193711407795729,32.01
"38105",0.000756039726451081,2.02963279532287,1,1,0.231981990414068,52.53
"39001",0.000255918106206014,0.687027100693307,1,0,0.249944842976988,61.12
"39003",0.000166413963980622,0.446748004209014,1,0,0.316020387013733,85.08
"39005",0.000228477426430269,0.613360993410505,1,0,0.271121179915833,70.51
"39007",0.000779072903245138,2.09146670347097,1,1,0.334468225161252,89.34
"39009",0.000151664518085994,0.407152255396845,1,0,0.190242465843014,29.97
"39011",0,0,0,0,0.239864321639008,56.16
"39013",0.000445097253749944,1.19488956957275,1,1,0.331557597817725,88.64
"39015",0,0,0,0,0.28570472410569,75.88
"39017",0.000650527650205166,1.74637946516182,1,1,0.338113495908574,90.07
"39019",0.000554170130229981,1.48770207589864,1,1,0.295882121160674,79.22
"39021",8.04764204088202e-05,0.216043650085232,1,0,0.242481744175139,57.68
"39023",0.000404546330186862,1.08602824725758,1,1,0.284620068525615,75.41
"39025",0.000343450822135405,0.922013788162658,1,0,0.376994571601452,95.99
"39027",4.79478327579593e-05,0.128718756998422,1,0,0.196221501027847,33.31
"39029",0.000153666482266888,0.412526645147074,1,0,0.326738927690518,87.66
"39031",0,0,0,0,0.283126325355447,74.96
"39033",0.00034965034965035,0.93865678180388,1,0,0.296107445268958,79.35
"39035",0.000937437428326993,2.51660551890153,1,1,0.302170951407017,81.16
"39037",4.73821369343757e-05,0.127200113525662,1,0,0.29249530320291,78.14
"39039",0.000531255533911812,1.42618650396269,1,1,0.276796214820892,72.92
"39041",0.00142974228212367,3.83822664753281,1,1,0.28731894130285,76.71
"39043",5.01680630110871e-05,0.134679094765419,1,0,0.264352338678191,67.58
"39045",0.00117362146050671,3.15065534548106,1,1,0.355944212017519,92.97
"39047",0.000722079589216945,1.93846482378305,1,1,0.2282919687475,50.56
"39049",0.000511915742633486,1.37426770491036,1,1,0.278186653281591,73.37
"39051",0.000401263981541857,1.07721659064417,1,1,0.257815601650802,64.94
"39053",0,0,0,0,0.196647049245099,33.6
"39055",0.00113284320525269,3.04118373796633,1,1,0.335841465538028,89.72
"39057",0.000387830733431009,1.04115425164319,1,1,0.185753005466718,27.62
"39059",0.000125881168177241,0.337935346923351,1,0,0.242114530837019,57.49
"39061",0.000218847191283121,0.587508064791168,1,0,0.31100397431409,83.46
"39063",6.29313419059806e-05,0.168942862282673,1,0,0.235805419872668,54.44
"39065",0,0,0,0,0.193659353497996,31.94
"39067",0.000687127805771874,1.84463472008184,1,1,0.216318927639678,43.59
"39069",0,0,0,0,0.219077012007029,45.18
"39071",7.7639751552795e-05,0.208428446891234,1,0,0.296897994217112,79.67
"39073",0,0,0,0,0.243088717949497,57.94
"39075",4.0094623311014e-05,0.1076363576424,1,0,0.325672159480854,87.43
"39077",0.000455222645257408,1.22207177435648,1,1,0.266386975450773,68.63
"39079",0.000443537656347024,1.19070273927042,1,1,0.255067348451901,63.67
"39081",0.000515308970670331,1.38337702372608,1,1,0.280344567687422,74.04
"39083",0.00081672655994773,2.19255014371047,1,1,0.304897385508412,81.99
"39085",0.000258414626267847,0.69372915458598,1,0,0.361363500153208,93.95
"39087",0.000971062342202369,2.60687356375908,1,1,0.247406686616565,60.01
"39089",0.00011074742204612,0.297307921684738,1,0,0.276859726944397,72.99
"39091",4.63327618959366e-05,0.12438300495571,1,0,0.227014760405415,49.57
"39093",0.000646888645307362,1.73661034401049,1,1,0.349078870307986,92.11
"39095",0.000434459658318501,1.16633232344445,1,1,0.363197083766199,94.3
"39097",0.000509304603330069,1.36725794897035,1,1,0.16635221381272,18.45
"39099",0.00073074815149563,1.96173608542918,1,1,0.391010080790518,97.33
"39101",3.97282587104207e-05,0.106652830477895,1,0,0.228656364627492,50.87
"39103",0.000369103221135418,0.990879151274635,1,0,0.39273160884499,97.55
"39105",0,0,0,0,0.219731770494157,45.59
"39107",0,0,0,0,0.252357444826017,62.33
"39109",0.000240148455408798,0.644692552244298,1,0,0.287456645659453,76.81
"39111",0,0,0,0,0.230514122843393,51.73
"39113",0.000635215628482343,1.70527344868671,1,1,0.328628708680422,87.97
"39115",0,0,0,0,0.177378138073419,23.64
"39117",0.000138561729250381,0.371977053617722,1,0,0.292535812130518,78.21
"39119",0.000336421510273795,0.903143189986757,1,0,0.32407924134426,87.15
"39121",0,0,0,0,0.218311043307816,44.7
"39123",0.00056060794817491,1.50498477411436,1,1,0.249755518368172,60.99
"39125",0,0,0,0,0.179646067758344,24.75
"39127",0,0,0,0,0.24798229845517,60.29
"39129",0.000219154065307911,0.588331886030922,1,0,0.217977203796192,44.48
"39131",0,0,0,0,0.183022495423651,26.38
"39133",0.000425460789229764,1.14217433387815,1,1,0.302188931672229,81.2
"39135",0.00139308103087996,3.73980737770016,1,1,0.25265562622084,62.52
"39137",0.000361115123501372,0.969434636703415,1,0,0.280991162141917,74.26
"39139",0.000466626847842317,1.25268702215502,1,1,0.33201788816055,88.77
"39141",0.000464943276920216,1.2481673777009,1,1,0.263911849031748,67.23
"39143",0.000220799293442261,0.592748597032258,1,0,0.256864334659452,64.59
"39145",3.58050771599413e-05,0.0961208205076837,1,0,0.233297207940609,53.13
"39147",0.000515029497143927,1.38262676072432,1,1,0.254287943861401,63.25
"39149",3.50901817671416e-05,0.0942016420787107,1,0,0.179179789419591,24.4
"39151",0.000604038428349537,1.62157643430769,1,1,0.409723561709997,98.57
"39153",0.000832345360374066,2.2344797255298,1,1,0.380114625805566,96.4
"39155",0.000436074241639639,1.17066676665519,1,1,0.383928511334423,96.85
"39157",0.000216768226595053,0.581926962682913,1,0,0.405817458084941,98.19
"39159",0.00127263568152292,3.41646480382949,1,1,0.211194597426569,40.98
"39161",0,0,0,0,0.210946624214563,40.88
"39163",0,0,0,0,0.179559293417254,24.63
"39165",0.000312419105767257,0.838707333445522,1,0,0.295961024605849,79.26
"39167",0.000145698258905806,0.391135484222204,1,0,0.273410541521552,71.75
"39169",8.96893162086532e-05,0.24077620685577,1,0,0.332565612112314,88.93
"39171",5.6249296883789e-05,0.151004522216172,1,0,0.220976163557974,46.2
"39173",0.000217136928960035,0.582916765712436,1,0,0.244802538532266,58.67
"39175",0,0,0,0,0.193360793716904,31.72
"40001",0.0010752688172043,2.88662193113882,1,1,0.187175904421096,28.29
"40003",0.00267916945746818,7.1923868612434,1,1,0.138958114688358,8.43
"40005",0.000740740740740741,1.98856177478452,1,1,0.242053546856988,57.43
"40007",0,0,0,0,0.172235207101781,21.19
"40009",0.00118106659398565,3.17064224107098,1,1,0.223933666615726,47.82
"40011",0.000566091140673648,1.51970472457351,1,1,0.178901943661444,24.28
"40013",0.000854283622162558,2.29337427040684,1,1,0.222750073412383,47.22
"40015",0.00120235661897319,3.22779655640146,1,1,0.189628739081851,29.59
"40017",0.00186680650235973,5.01155106954084,1,1,0.379231184542763,96.25
"40019",0.00149827122550903,4.02219659786419,1,1,0.290430508141173,77.51
"40021",0.00118998581170763,3.19458640189192,1,1,0.170862997527721,20.71
"40023",0.000323049588111775,0.867245484076594,1,0,0.174907936266924,22.37
"40025",0,0,0,0,0.117364978558605,3.98
"40027",0.000422239152584379,1.13352566217305,1,1,0.336265066676686,89.79
"40029",0,0,0,0,0.17377655763597,21.92
"40031",0.000735474380975729,1.97442392446121,1,1,0.205303505882852,38.15
"40033",0.00139470013947001,3.74415396925955,1,1,0.127520188495452,5.85
"40035",0,0,0,0,0.219609802544252,45.5
"40037",0.000685373326882761,1.83992471904954,1,1,0.293362899625707,78.49
"40039",0.000878972278566599,2.35965241024126,1,1,0.255021881462165,63.57
"40041",0.0020680741059888,5.55186570469783,1,1,0.307953850057593,82.53
"40043",0.00332778702163062,8.93363858888219,1,1,0.163575063058407,17.21
"40045",0,0,0,0,0.123064153496349,5.28
"40047",0.00148325012661891,3.9818715807222,1,1,0.294254015323035,78.81
"40049",9.02445627650934e-05,0.242266798660689,1,0,0.258807988604136,65.22
"40051",0.0012948793407887,3.47617920606828,1,1,0.34601880671449,91.54
"40053",0.00254939451880178,6.84399846006144,1,1,0.164761339547191,17.75
"40055",0,0,0,0,0.130910887926162,6.62
"40057",0,0,0,0,0.162790838537969,16.8
"40059",0,0,0,0,0.141042039715241,9.16
"40061",0.000257267815796244,0.690650474905865,1,0,0.216318990096028,43.62
"40063",0.000262191924488726,0.703869532238883,1,0,0.180098463538404,25.07
"40065",0.000410812587297675,1.10285038039565,1,1,0.190178844235595,29.88
"40067",0.00151515151515152,4.06751272115015,1,1,0.158950507557141,15.65
"40069",0,0,0,0,0.140462141739452,9.07
"40071",0.0010966630111233,2.94405589404883,1,1,0.274065491965051,72.03
"40073",0.000120235661897319,0.322779655640146,1,0,0.206010256246658,38.43
"40075",0,0,0,0,0.164544866381251,17.59
"40077",0.000539811066126856,1.44915432980248,1,1,0.16641939418229,18.49
"40079",0.000571265352756355,1.53359519906261,1,1,0.268176357283519,69.36
"40081",0.00010842459069717,0.291072145284517,1,0,0.247369436844479,59.97
"40083",0.000500291836904861,1.34306265119275,1,1,0.317080571388978,85.59
"40085",0.000330633162506199,0.887604032388526,1,0,0.115311696898253,3.72
"40087",0.00231252064750578,6.20809672009042,1,1,0.296526566198185,79.51
"40089",0.00050125313283208,1.34564330624516,1,1,0.237428319098663,55.07
"40091",0.0014735678762203,3.95587901412282,1,1,0.245438720111397,58.92
"40093",0.00104022191400832,2.79253647291168,1,1,0.189145500637202,29.37
"40095",0,0,0,0,0.173330279625819,21.67
"40097",0.000556070435588508,1.49280355660376,1,1,0.247060800528957,59.78
"40099",0.000183284457478006,0.492037829171389,1,0,0.180927288856057,25.58
"40101",0.000603217158176944,1.6193716865705,1,1,0.27618691196779,72.67
"40103",0.000373552484124019,1.00282345758651,1,1,0.147305288667202,11.1
"40105",0,0,0,0,0.192896409649096,31.4
"40107",0.000322164948453608,0.864870617254864,1,0,0.167152630636475,18.84
"40109",0.000724168912848158,1.9440737350791,1,1,0.348456615422824,91.98
"40111",0.000677678949597628,1.81926871390705,1,1,0.210121214165003,40.5
"40113",0.00041198887630034,1.10600819691383,1,1,0.232341634279041,52.75
"40115",0.000738056897477187,1.98135684081791,1,1,0.228684392584994,50.94
"40117",0.000469704086425552,1.26094804883001,1,1,0.233299231111961,53.17
"40119",0.000323497469787647,0.868447848589952,1,0,0.23888709671255,55.65
"40121",0.000894134477825465,2.40035621956286,1,1,0.259873535237427,65.73
"40123",0.010174992324898,27.3153610746244,1,1,0.197826228848636,34.08
"40125",0.000229981984744528,0.617400068065261,1,0,0.288238617964449,77.06
"40127",0.00445717924227953,11.9655579571561,1,1,0.222445510832573,46.93
"40129",0.000880281690140845,2.36316760207667,1,1,0.155024726154351,14
"40131",0.0012891654055266,3.46083981318644,1,1,0.305591511899982,82.21
"40133",0.000121580547112462,0.326390078536061,1,0,0.186533226045372,27.97
"40135",0.00131268049356787,3.52396744021935,1,1,0.282691488046751,74.83
"40137",0.00111260760086666,2.98686007631451,1,1,0.27272167746173,71.36
"40139",0.000321130378933847,0.862093254964386,1,0,0.163880625865688,17.4
"40141",0.000987654320987654,2.65141569971269,1,1,0.155846693221685,14.32
"40143",0.00108925374069495,2.92416527491249,1,1,0.408071269421332,98.44
"40145",0.000721595381789557,1.93716494066847,1,1,0.310903293310091,83.39
"40147",0.000274775599926727,0.737651143787992,1,0,0.273553054171256,71.87
"40149",0.000779727095516569,2.09322292082581,1,1,0.216936900836681,43.91
"40151",0.000245639891918448,0.659434634232154,1,0,0.176220186553073,23.13
"40153",0.00209051949409428,5.61212165978697,1,1,0.275224399758403,72.48
"41001",0.00121193758521436,3.25351721976561,1,1,0.273455935780397,71.81
"41003",0.000111744328975305,0.299984176551469,1,0,0.2388498432751,55.62
"41005",0.000131189230373334,0.352185149858147,1,0,0.437829917790788,99.62
"41007",0,0,0,0,0.293748793221236,78.59
"41009",0,0,0,0,0.338288164441037,90.1
"41011",3.81723098064664e-05,0.102475794784101,1,0,0.302013487300706,81.07
"41013",0.000899887514060742,2.41580058129053,1,1,0.309541624406892,83.01
"41015",0.000883169316174615,2.37091960279002,1,1,0.299079287695248,80.18
"41017",0.000940243346149191,2.52413816914949,1,1,0.444707298621754,99.68
"41019",0.000279225614296351,0.749597467226107,1,0,0.327265705835455,87.72
"41021",0,0,0,0,0.11904908567696,4.33
"41023",0.00203942895989123,5.47496613723813,1,1,0.206468951700162,38.66
"41025",0.000641025641025641,1.72087076664045,1,1,0.202777153407087,36.81
"41027",0.000580046403712297,1.55716844313173,1,1,0.250867372030674,61.72
"41029",0.000289109254387233,0.776130676214721,1,0,0.4275686907851,99.36
"41031",0.000252047889098929,0.676637276864297,1,0,0.230261124316686,51.67
"41033",8.36750062756255e-05,0.224630440629161,1,0,0.344673032224289,91.22
"41035",0.000513140050580948,1.37755443108996,1,1,0.349947099875564,92.17
"41037",0.000335457900033546,0.900556322025863,1,0,0.185316508137482,27.43
"41039",0.000517501208450624,1.3892622140651,1,1,0.411950438302647,98.7
"41041",4.71386820024512e-05,0.126546544544126,1,0,0.260615753848321,66.08
"41043",0.000183187088973969,0.491776437736375,1,0,0.330625814095407,88.42
"41045",0.000810975197675204,2.17711027583356,1,1,0.250569350340786,61.47
"41047",0.000197302817164279,0.529670934364747,1,0,0.317843564349577,85.78
"41049",0,0,0,0,0.122457306996351,5.19
"41051",5.91115004110936e-05,0.158688274726341,1,0,0.346372200161999,91.6
"41053",0,0,0,0,0.308775570132872,82.76
"41055",0,0,0,0,0.119578752681083,4.45
"41057",0,0,0,0,0.249298756233118,60.77
"41059",0.00032071840923669,0.860987298255003,1,0,0.266994333994385,68.88
"41061",0.00115951631605102,3.11278926150633,1,1,0.28727161168833,76.68
"41063",0,0,0,0,0.264456505540693,67.64
"41065",0.000781188969611749,2.09714740720186,1,1,0.263140758607857,67.04
"41067",2.96028773996832e-05,0.0794706530678675,1,0,0.329140450264201,88.07
"41069",0,0,0,0,0.153446527677529,13.24
"41071",2.18588790766809e-05,0.0586814373515585,1,0,0.315325276304035,84.73
"42001",0.000625553875827556,1.67933590947762,1,1,0.323722613941447,87.05
"42003",0.00151809953838479,4.07542686167252,1,1,0.301407506456478,80.88
"42005",5.60192706290964e-05,0.150387003302846,1,0,0.342684641350511,90.93
"42007",0.000572891490771076,1.53796066152302,1,1,0.353314196325632,92.68
"42009",0.000209962731615138,0.563657213995926,1,0,0.291899106583528,77.89
"42011",0.000290515197576273,0.7799050128071,1,0,0.353003777877329,92.62
"42013",0.000205927545185256,0.552824520386324,1,0,0.350477551191779,92.2
"42015",4.08496732026144e-05,0.109663333168264,1,0,0.269977670167278,70.16
"42017",0.00127017626138273,3.40986234684295,1,1,0.452186859608916,99.75
"42019",0.000195045835771406,0.523611936016988,1,0,0.376467802361214,95.9
"42021",0.000326070277735154,0.875354701766623,1,0,0.335386729423691,89.6
"42023",0,0,0,0,0.128100826736399,5.98
"42025",0.000213995292103574,0.574482858112369,1,0,0.263405739175844,67.07
"42027",0.000642094214978082,1.72373941581618,1,1,0.222256430240768,46.9
"42029",0.00044703361267021,1.20008783816974,1,1,0.380123179829672,96.44
"42031",0.00191693290734824,5.14611833091201,1,1,0.296066145728419,79.32
"42033",9.36241924913398e-05,0.251339612017517,1,0,0.295561499990618,79.13
"42035",6.97982829622391e-05,0.187377566549808,1,0,0.272086795695759,71.05
"42037",0.000372494971317887,0.999984502703978,1,0,0.279166307685848,73.81
"42039",0.000463306152705708,1.24377242214562,1,1,0.323154698976299,86.96
"42041",0.000541532934448099,1.45377678586101,1,1,0.266374922514692,68.6
"42043",0.000649071778554278,1.74247109269799,1,1,0.21137751268101,41.08
"42045",0.000499367736011663,1.3405818483812,1,1,0.347527791296193,91.82
"42047",7.03482237073514e-05,0.188853914594379,1,0,0.219126927595498,45.24
"42049",0.000184645211918848,0.495690853930391,1,0,0.31835138015648,85.91
"42051",0.000143434295139968,0.385057741286476,1,0,0.33931409764503,90.3
"42053",0,0,0,0,0.131359037496941,6.81
"42055",0.000383605299654755,1.02981082792258,1,1,0.334135393076266,89.28
"42057",0,0,0,0,0.198812728092341,34.74
"42059",0.000156225589751601,0.419396718631323,1,0,0.204270130681709,37.7
"42061",0,0,0,0,0.261785075768592,66.5
"42063",0.000160844109888696,0.431795405642266,1,0,0.327031745002263,87.69
"42065",0.000366322730325417,0.983414761325758,1,0,0.2932040878107,78.43
"42067",0,0,0,0,0.271269541215163,70.57
"42069",0.000184321604335244,0.494822110474831,1,0,0.292515703469881,78.17
"42071",0.000502216072319114,1.34822837352988,1,1,0.461852756348205,99.97
"42073",0.000263461221801416,0.707277034996634,1,0,0.331727198681823,88.67
"42075",0.000217126250563693,0.582888098933881,1,0,0.326129199493352,87.53
"42077",0.000393801743717488,1.05718377744012,1,1,0.266540318798303,68.66
"42079",0.000305677968260438,0.820610356153276,1,0,0.294196232115029,78.75
"42081",0.000384721077219016,1.03280619795074,1,1,0.342662975448228,90.9
"42083",0.000263991552270327,0.708700738109582,1,0,0.252404571966051,62.39
"42085",0.000602084457916373,1.61633088657588,1,1,0.316129489416302,85.21
"42087",0,0,0,0,0.312647614197005,84.03
"42089",0.000583936997932547,1.56761297051097,1,1,0.299316665078522,80.24
"42091",0.000590399527680378,1.58496200900464,1,1,0.348924248318536,92.08
"42093",0.000110650069156293,0.297046572166982,1,0,0.0946873841657508,1.78
"42095",0.000281214848143982,0.75493768165329,1,0,0.315556593553837,84.82
"42097",9.89282769991756e-05,0.265578736615904,1,0,0.298584067758381,79.96
"42099",0.000202757502027575,0.54431435441182,1,0,0.307369333114176,82.47
"42101",0.000226394926774231,0.607770401474307,1,0,0.202722768739606,36.68
"42103",0.00109536523584583,2.94057194053163,1,1,0.269690742792868,69.9
"42105",0.00306251125923257,8.22149031369207,1,1,0.227505535259782,50.02
"42107",0.000380503714441022,1.02148444129627,1,1,0.31482383083612,84.54
"42109",0,0,0,0,0.294650645530204,78.84
"42111",3.7673297166968e-05,0.101136166213046,1,0,0.338764548175051,90.17
"42113",0,0,0,0,0.197428664555876,33.98
"42115",0,0,0,0,0.333129264326382,89.09
"42117",7.1301247771836e-05,0.191412363348242,1,0,0.287504959448175,76.87
"42119",4.9741345005969e-05,0.133533545362072,1,0,0.236478704204789,54.76
"42121",5.59377971695475e-05,0.150168283042966,1,0,0.306449369301863,82.28
"42123",0,0,0,0,0.240879764223115,56.7
"42125",0.00179841070681723,4.82793856236893,1,1,0.385378987815057,96.95
"42127",0.000333333333333333,0.894852798653033,1,0,0.339411992828281,90.36
"42129",0.000440208505107816,1.18176543835979,1,1,0.408833737164444,98.5
"42131",0.000480907954217563,1.29102548617827,1,1,0.255904244238191,63.92
"42133",0.0004752781119577,1.27591184587163,1,1,0.376147792503678,95.83
"44001",0.000162451941300699,0.436111722958645,1,0,0.298676043514328,79.99
"44003",0.000648220394934278,1.74018550365274,1,1,0.361201557541,93.92
"44005",0.00105418092131434,2.83001024317432,1,1,0.240282625697528,56.47
"44007",0.000656149701173332,1.76147218929092,1,1,0.312390993319363,83.9
"44009",0.00022249250941885,0.597294134198381,1,0,0.302539048136547,81.36
"45001",0,0,0,0,0.207327784553147,39.36
"45003",5.37894680221613e-05,0.144400967993066,1,0,0.237577660722023,55.14
"45005",0,0,0,0,0.12753124710013,5.89
"45007",0.000108522645058602,0.29133537794376,1,0,0.327375425662032,87.75
"45009",0,0,0,0,0.186337618545739,27.84
"45011",0,0,0,0,0.188435198125623,28.89
"45013",0.000276139350962069,0.74131221307992,1,0,0.319668863094605,86.29
"45015",6.44687133334193e-05,0.173070025655911,1,0,0.344106500068734,91.06
"45017",0,0,0,0,0.152047791082285,12.69
"45019",4.76010649944941e-05,0.127787838687564,1,0,0.331936099223933,88.71
"45021",4.9297510475721e-05,0.132342045647478,1,0,0.246253464808957,59.4
"45023",0,0,0,0,0.195973789114257,33.15
"45025",0,0,0,0,0.188573531297883,28.99
"45027",0,0,0,0,0.246479062593985,59.5
"45029",8.11424862057773e-05,0.217831742612715,1,0,0.286608089871718,76.33
"45031",4.40412225843389e-05,0.118231233857091,1,0,0.215238703015098,43.21
"45033",0,0,0,0,0.198718371342925,34.65
"45035",6.2083523032987e-05,0.166666843008925,1,0,0.361181537133356,93.89
"45037",0,0,0,0,0.21160016404415,41.3
"45039",0,0,0,0,0.186171292914258,27.78
"45041",1.30313534363679e-05,0.0349834292783119,1,0,0.255969735523645,63.95
"45043",0.000508233380768449,1.36438218944862,1,1,0.269808875383228,70
"45045",0.000111909262759924,0.300426950927748,1,0,0.359541176562435,93.57
"45047",0,0,0,0,0.240569521566991,56.63
"45049",0,0,0,0,0.229956281636632,51.51
"45051",0.000219290230620226,0.588697429763334,1,0,0.390411981682802,97.26
"45053",0,0,0,0,0.271486863989938,70.7
"45055",0.000138741155251353,0.372458733195084,1,0,0.308734149506441,82.72
"45057",6.09106136744328e-05,0.16351809934272,1,0,0.28386777215679,75.18
"45059",4.34896059841698e-05,0.116750386881756,1,0,0.222601905343604,47.12
"45061",0,0,0,0,0.189937038997639,29.75
"45063",0.000203573391600562,0.546504657615158,1,0,0.387319857866006,97.1
"45065",0,0,0,0,0.196196133697236,33.28
"45067",0,0,0,0,0.20412534293926,37.67
"45069",0,0,0,0,0.155333024652108,14.09
"45071",6.19271736437949e-05,0.166247113943467,1,0,0.208664972577055,39.87
"45073",0.000103437575423232,0.27768421156009,1,0,0.303798120237584,81.71
"45075",9.37236402261864e-05,0.251606585269058,1,0,0.270731566049381,70.38
"45077",8.31410696098605e-05,0.223197056470171,1,0,0.247062900807985,59.82
"45079",0.000363687871583727,0.976341329168588,1,0,0.246641623170972,59.56
"45081",0,0,0,0,0.164850122073038,17.85
"45083",6.31494345255181e-05,0.169528344655549,1,0,0.296873468625974,79.64
"45085",0.000171574409676797,0.460601522029571,1,0,0.247232728016305,59.94
"45087",0,0,0,0,0.184277347079047,26.73
"45089",0,0,0,0,0.21091215366521,40.85
"45091",7.5981426762347e-05,0.20397657715181,1,0,0.345820259882169,91.47
"46003",0,0,0,0,0.125136161052256,5.5
"46005",0.000791530622340952,2.12491017786413,1,1,0.260079953185941,65.83
"46007",0.000991080277502478,2.66061288003875,1,1,0.134808442207533,7.54
"46009",0.00138888888888889,3.72855332772097,1,1,0.19522029281491,32.71
"46011",0.000443262411347518,1.18996382799605,1,1,0.235060339442269,54.22
"46013",0.000952298502294174,2.5565009397931,1,1,0.33935686981492,90.33
"46015",0.000391849529780564,1.05194294512504,1,1,0.223544631081555,47.66
"46017",0,0,0,0,0.0864189833045243,1.21
"46019",0,0,0,0,0.303179804739238,81.58
"46021",0.00401069518716578,10.7669454383386,1,1,0.14212527174822,9.45
"46023",0.000648368273179166,1.74058249143663,1,1,0.207286369520096,39.33
"46025",0.000491883915395967,1.32049109491348,1,1,0.134423638813845,7.32
"46027",0.000651890482398957,1.75003806776995,1,1,0.163193977809889,16.86
"46029",0.000724900326205147,1.94603725694752,1,1,0.316941995294705,85.43
"46031",0,0,0,0,0.0937454620544218,1.69
"46033",0.000622277535780958,1.67054038329751,1,1,0.245619824293378,59.02
"46035",0.00100459242250287,2.69688702234697,1,1,0.290065484045703,77.41
"46037",0,0,0,0,0.194953287271726,32.58
"46039",0.00203045685279188,5.45087999179512,1,1,0.187725012362539,28.41
"46041",0,0,0,0,0.134670125200719,7.41
"46043",0.000775795190069822,2.08266749104662,1,1,0.167916858989688,19.38
"46045",0,0,0,0,0.161201027108217,16.35
"46047",0,0,0,0,0.208944425715113,40.06
"46049",0,0,0,0,0.150103303354545,12.12
"46051",0.000816659861167824,2.19237108694087,1,1,0.203796213229744,37.48
"46053",0.00344997535731888,9.26166031134238,1,1,0.223145021956562,47.38
"46055",0.00194552529182879,5.22287625672976,1,1,0.175519527693564,22.78
"46057",0,0,0,0,0.167723717776694,19.12
"46059",0.000460829493087558,1.23712368477378,1,1,0.158186135947988,15.34
"46061",0,0,0,0,0.155613603994251,14.25
"46063",0,0,0,0,0.115832006000377,3.75
"46065",0.000659957102788319,1.77169338126322,1,1,0.250126447330112,61.25
"46067",0.000289771080846132,0.777907387991625,1,0,0.180696950956423,25.39
"46069",0,0,0,0,0.106953765438452,2.7
"46071",0,0,0,0,0.113189651175947,3.47
"46073",0.00113186191284663,3.03854940119875,1,1,0.102948997972534,2.32
"46075",0,0,0,0,0.108363353126136,2.9
"46077",0,0,0,0,0.16594814671034,18.23
"46079",0.00157430730478589,4.22631989288271,1,1,0.220559423321325,45.91
"46081",0.000256821829855538,0.689453199604263,1,0,0.313809896452842,84.41
"46083",0.00126998787738844,3.40935661900942,1,1,0.318892856342956,86.1
"46085",0,0,0,0,0.123426346040444,5.31
"46087",0.00162425554953979,4.36040887270021,1,1,0.201141461409412,35.95
"46089",0,0,0,0,0.129719735018063,6.27
"46091",0.00155884645362432,4.18481433508823,1,1,0.154770420717361,13.9
"46093",0,0,0,0,0.302431626945057,81.29
"46095",0,0,0,0,0.0761401139133318,0.76
"46097",0.00282752120640905,7.59064579441781,1,1,0.161763326337614,16.64
"46099",0.000217764286656988,0.584600944085062,1,0,0.353835675005831,92.78
"46101",0.00131337010769635,3.52581874961794,1,1,0.145166268925496,10.37
"46102",0,0,0,0,0.0624771367362021,0.38
"46103",0.000221615856614541,0.594940708552233,1,0,0.412579114608116,98.76
"46105",0.000744047619047619,1.99743928270766,1,1,0.184577223499746,26.92
"46107",0,0,0,0,0.14633157173359,10.69
"46109",0.00140812015958695,3.78018079693842,1,1,0.180256599942946,25.23
"46111",0.00330760749724366,8.87946547726273,1,1,0.122118966693026,5.09
"46115",0.00139431121026213,3.74310986608909,1,1,0.148594605384383,11.42
"46117",0.00121802679658952,3.26986406328757,1,1,0.18645646594246,27.9
"46119",0,0,0,0,0.118755611505383,4.26
"46121",0,0,0,0,0.072413449689149,0.64
"46123",0.00128949065119278,3.46171295417034,1,1,0.206713546020694,38.91
"46125",0.000294290759270159,0.790040728651883,1,0,0.203604747020324,37.29
"46127",9.24385283786282e-05,0.24815662746895,1,0,0.19589470996105,33.09
"46129",0,0,0,0,0.224795588107079,48.39
"46135",0.000273916318564679,0.735344352793015,1,0,0.270098147848344,70.22
"46137",0,0,0,0,0.0837985812518647,1.15
"47001",0.000160881631339742,0.4318961341687,1,0,0.184910210109147,27.11
"47003",0.00043859649122807,1.17743789296452,1,1,0.250632333685288,61.63
"47005",0,0,0,0,0.245989861388347,59.24
"47007",0,0,0,0,0.220677213125181,46.01
"47009",0.0010835767455008,2.90892504980021,1,1,0.317057426872912,85.56
"47011",0.000523056322704829,1.40417524267674,1,1,0.303361988799661,81.64
"47013",9.1082976591675e-05,0.244517569538127,1,0,0.260793778553219,66.21
"47015",0.000940144155437167,2.52387188589072,1,1,0.262892465476822,66.91
"47017",0,0,0,0,0.238809637797153,55.58
"47019",6.97252823873937e-05,0.187181592243697,1,0,0.268634711554155,69.46
"47021",8.41892574507493e-05,0.226010977938971,1,0,0.243024420401385,57.87
"47023",0,0,0,0,0.202303207318724,36.49
"47025",9.80969197567196e-05,0.263346909550628,1,0,0.207607920724882,39.48
"47027",0,0,0,0,0.195419083294423,32.83
"47029",0.000100979501161264,0.271085367662233,1,0,0.227579181066644,50.11
"47031",0.000406022669599053,1.08999156662186,1,1,0.248183063180881,60.39
"47033",0,0,0,0,0.166122698187736,18.33
"47035",0.00155776720034617,4.18191701663901,1,1,0.310190664105827,83.26
"47037",0.000377055070987868,1.01222635655944,1,1,0.302859712447314,81.48
"47039",0,0,0,0,0.224086671716277,47.95
"47041",0.00014494854326714,0.389122828809842,1,0,0.192414491506496,31.15
"47043",0.000787073475623871,2.11294470722277,1,1,0.321403353921722,86.61
"47045",0.000370331181885515,0.994175683616214,1,0,0.195509051869161,32.87
"47047",0.000904159132007233,2.42726798911311,1,1,0.315270108805132,84.7
"47049",0.000141843971631206,0.380788424958737,1,0,0.193562153650587,31.88
"47051",0.000481728717913426,1.2932288742491,1,1,0.25006581821756,61.18
"47053",5.77500577500577e-05,0.15503340240004,1,0,0.271163770510478,70.54
"47055",0.000264643613267466,0.71045123393413,1,0,0.246017613111161,59.27
"47057",0,0,0,0,0.213902939268783,42.51
"47059",0.000387323943661972,1.03979374491374,1,1,0.267107114210018,68.92
"47061",0,0,0,0,0.213682792039584,42.28
"47063",0.000404858299595142,1.08686574735186,1,1,0.233281973917072,53.1
"47065",0.000400697780781887,1.07569659164019,1,1,0.359689335298977,93.6
"47067",0,0,0,0,0.177786820117339,23.8
"47069",0.000128650456709121,0.345369663702444,1,0,0.206726888467468,38.94
"47071",0.0002050020500205,0.550339974571361,1,0,0.270039008743323,70.19
"47073",0.000214438884917798,0.575673708926183,1,0,0.213547257482711,42.16
"47075",0.000106382978723404,0.285591318719053,1,0,0.153157406017797,13.11
"47077",0.000103466114847387,0.277760827310822,1,0,0.228570499764073,50.84
"47079",0,0,0,0,0.283171204237501,74.99
"47081",0.000374461711290021,1.00526433100884,1,1,0.264215788540482,67.52
"47083",0,0,0,0,0.21512203304486,43.18
"47085",0,0,0,0,0.228159119659171,50.43
"47087",0,0,0,0,0.224832461745569,48.43
"47089",0.000712843055720566,1.91366881023578,1,1,0.235829194151668,54.53
"47091",0.00177025963808025,4.75236537443585,1,1,0.203395937247457,37.07
"47093",0.00092088540923332,2.47217065707354,1,1,0.387165135113335,97.07
"47095",0.00201207243460765,5.40152594760382,1,1,0.132646146986427,7
"47097",0,0,0,0,0.162274566114558,16.74
"47099",0.000978473581213307,2.62676946767035,1,1,0.286648370913631,76.36
"47101",0.00025953802232027,0.6967449768905,1,0,0.212050814073771,41.49
"47103",0.000494926998267755,1.32866042858654,1,1,0.255101857928976,63.7
"47105",0.00116898905826241,3.13821939114268,1,1,0.271660998191664,70.86
"47107",0.000252716704574172,0.678432751063709,1,0,0.253361086040695,62.77
"47109",0,0,0,0,0.27635710110139,72.8
"47111",0.00013728720483251,0.36855551839087,1,0,0.234808473942671,54.09
"47113",2.97495091330993e-05,0.0798642945189236,1,0,0.278127045912386,73.34
"47115",0.000104865771812081,0.281518288166852,1,0,0.232280241928773,52.69
"47117",0.000176304654442877,0.473300140331294,1,0,0.253869782415617,63.03
"47119",0.000227941481205189,0.611922217156742,1,0,0.304045169821884,81.77
"47121",0,0,0,0,0.158369369830106,15.4
"47123",0.000802568218298555,2.15454124876332,1,1,0.231848119049821,52.37
"47125",0.000297699594046008,0.799191944669826,1,0,0.326204744826772,87.56
"47127",0.000364166059723234,0.97762505315335,1,0,0.0992334803473304,1.97
"47129",0,0,0,0,0.166886676830617,18.61
"47131",0,0,0,0,0.233580861467229,53.36
"47133",0,0,0,0,0.26270110804764,66.78
"47135",0,0,0,0,0.17808805621929,23.93
"47137",0,0,0,0,0.228486115376021,50.81
"47139",0.000577034045008655,1.54908159028223,1,1,0.228935972593467,51.13
"47141",0.000491773962804006,1.32019592075957,1,1,0.301291387230832,80.85
"47143",0.000146896804994491,0.394353051187528,1,0,0.163022149780708,16.83
"47145",0.000700312806386853,1.8800306241835,1,1,0.191637144774873,30.67
"47147",0.00133126248058576,3.57385186948183,1,1,0.29220378839586,78.08
"47149",0.000733684397372936,1.96961860895171,1,1,0.319037617332261,86.16
"47151",0,0,0,0,0.209280244539034,40.25
"47153",0,0,0,0,0.19929432387623,34.97
"47155",0.0014704888107633,3.94761308309853,1,1,0.23122818353316,52.08
"47157",0.000413175546589199,1.10919388260102,1,1,0.298718306237904,80.02
"47159",0,0,0,0,0.22098109725203,46.23
"47161",0,0,0,0,0.192108889493562,30.96
"47163",0.000477413194668456,1.28164360008886,1,1,0.295379536078293,79.06
"47165",0.000976032968224704,2.62021749958051,1,1,0.384883236098202,96.88
"47167",6.77048070412999e-05,0.181757508189512,1,0,0.292646382733085,78.27
"47169",0,0,0,0,0.175526105330036,22.81
"47171",0,0,0,0,0.171973183798222,21.13
"47173",0,0,0,0,0.26367239988535,67.17
"47175",0.000767459708365311,2.06029040365242,1,1,0.199370807124832,35.03
"47177",0.000367556971330556,0.986728153378742,1,0,0.252586700603624,62.46
"47179",0.000362515860068878,0.97319499581624,1,0,0.273012223655727,71.49
"47181",0,0,0,0,0.201716843831656,36.18
"47183",0,0,0,0,0.207031539577614,39.01
"47185",0.000116686114352392,0.313250687976558,1,0,0.243972398989339,58.45
"47187",0.00159168578250082,4.2729734311413,1,1,0.332268632347326,88.83
"47189",0.000456854156029131,1.22645166029681,1,1,0.312479368274893,83.96
"48001",0.000476892395733981,1.28024548493671,1,1,0.254199680940201,63.19
"48003",0,0,0,0,0.163548063120229,17.18
"48005",0.000981378963261198,2.63456913544048,1,1,0.30305178294041,81.55
"48007",0.00116746659748346,3.13413225627603,1,1,0.303528181154095,81.67
"48009",0,0,0,0,0.192317900206933,31.08
"48011",0,0,0,0,0.156075399151657,14.38
"48013",0.000993571011104617,2.66729939984247,1,1,0.258699537695013,65.16
"48015",0.00168371972542417,4.5200439253294,1,1,0.312185558588822,83.77
"48017",0,0,0,0,0.135641309828244,7.8
"48019",0.00116913484021824,3.13861075131617,1,1,0.282430151091009,74.74
"48021",0.000465516006588842,1.24970490394143,1,1,0.368163852378695,95.07
"48023",0,0,0,0,0.161095356430425,16.32
"48025",0.00113029182079737,3.03433439740548,1,1,0.196226015704819,33.34
"48027",0.000666763786321817,1.78996632069171,1,1,0.227202181899957,49.76
"48029",0.000181521654137018,0.487305480661916,1,0,0.32816249101024,87.88
"48031",0.00173210161662818,4.6499279375735,1,1,0.250355122494686,61.44
"48033",0,0,0,0,0.0907711986499898,1.37
"48035",0,0,0,0,0.208016346637199,39.68
"48037",0.000772383016155678,2.07350731091694,1,1,0.329509885459851,88.16
"48039",0.00012649421288976,0.339581101253444,1,0,0.3537702142938,92.75
"48041",0.00132622272121255,3.56032234114286,1,1,0.244878462608317,58.7
"48043",0.000951837045497811,2.55526213207605,1,1,0.199636236985686,35.19
"48045",0.00186567164179104,5.00850447007294,1,1,0.148922591750478,11.64
"48047",0,0,0,0,0.140317963325407,8.97
"48049",0.000787623066104079,2.11442011496075,1,1,0.262102406247569,66.62
"48051",0.00295036445678584,7.92042567360373,1,1,0.250583954717159,61.5
"48053",0.000539109978435601,1.44727221895462,1,1,0.367183094779185,94.91
"48055",0.000559418205066731,1.50179083926426,1,1,0.274407244939081,72.26
"48057",0.000592690154757985,1.59111133115785,1,1,0.149179407292696,11.71
"48059",0,0,0,0,0.245537403424443,58.96
"48061",0.000480965098909058,1.29117889443961,1,1,0.26562605314812,68.15
"48063",0.00123177992198727,3.30678513154477,1,1,0.196835475673641,33.69
"48065",0,0,0,0,0.0684560247737634,0.51
"48067",0.000667185588791282,1.79109867405255,1,1,0.224092480945011,47.98
"48069",0.00109289617486339,2.93394360214109,1,1,0.121381398915604,4.93
"48071",0.000161082474226804,0.432435308627432,1,0,0.198493440150204,34.43
"48073",0.00127678472299323,3.42760314794378,1,1,0.254647866825434,63.41
"48075",0,0,0,0,0.166247805617274,18.42
"48077",0,0,0,0,0.193148322835493,31.47
"48079",0,0,0,0,0.166027746099971,18.29
"48081",0,0,0,0,0.135370643631121,7.7
"48083",0.00114372855508959,3.07040609526393,1,1,0.214040370774914,42.57
"48085",0.00089941635346738,2.41453572316377,1,1,0.295278553272533,79.03
"48087",0,0,0,0,0.168752858819806,19.76
"48089",0.000222271615914648,0.596701132687063,1,0,0.247194842271303,59.91
"48091",0.00154122193595878,4.13750028821447,1,1,0.419539224275295,99.05
"48093",0.00117528542646071,3.15512235925347,1,1,0.194668085597077,32.45
"48095",0,0,0,0,0.130336296666524,6.4
"48097",0.000848311330258205,2.27734130403189,1,1,0.272334550290356,71.21
"48099",0.000115227285821282,0.309334377595103,1,0,0.239625651602747,56.06
"48101",0,0,0,0,0.14465355840723,10.24
"48103",0.000679809653297077,1.82498871241271,1,1,0.139852308917728,8.72
"48105",0.00124069478908189,3.33071761285248,1,1,0.157953341256505,15.24
"48107",0.000659195781147001,1.769649568859,1,1,0.151052582264,12.44
"48109",0,0,0,0,0.106679609653173,2.64
"48111",0,0,0,0,0.154285730556969,13.65
"48113",0.000281177415471039,0.754837191456859,1,0,0.351433685052374,92.43
"48115",0.00326797385620915,8.77306665346111,1,1,0.177334058201865,23.54
"48117",0.000478514690400995,1.28460062970576,1,1,0.158148561979941,15.3
"48119",0,0,0,0,0.178665901479104,24.21
"48121",0.000614438477625347,1.64949597390945,1,1,0.427550448795877,99.33
"48123",0.000375422350143912,1.00784322210954,1,1,0.203050129114602,36.88
"48125",0,0,0,0,0.161413733010283,16.45
"48127",0,0,0,0,0.158075675519322,15.27
"48129",0.005,13.4227919797955,1,1,0.184456203071059,26.82
"48131",0,0,0,0,0.122361433633095,5.15
"48133",0,0,0,0,0.22978558339205,51.48
"48135",0.000385609944199973,1.03519241326736,1,1,0.302599467057567,81.42
"48137",0.00114285714285714,3.06806673823897,1,1,0.18089119653325,25.45
"48139",0.000848165001750182,2.27694847660711,1,1,0.359799579154008,93.67
"48141",4.71566992296085e-05,0.126594912842563,1,0,0.298163636645449,79.83
"48143",0.000585849481748535,1.57274714499632,1,1,0.278627450425708,73.46
"48145",0.00250752256770311,6.7315907621843,1,1,0.189657438650664,29.65
"48147",0.00229775011967449,6.16844437558816,1,1,0.261057488467825,66.31
"48149",0.000619304609395736,1.66255938880949,1,1,0.322710932935373,86.83
"48151",0,0,0,0,0.134711700489919,7.45
"48153",0,0,0,0,0.156960609699933,14.73
"48155",0,0,0,0,0.120880675343983,4.77
"48157",0.000730362299904182,1.96070024429977,1,1,0.348027738481949,91.89
"48159",0.00207852193995381,5.5799135250882,1,1,0.157928932181395,15.21
"48161",0.000681547111944113,1.82965302161124,1,1,0.217567727192138,44.16
"48163",0.000263504611330698,0.707393516721765,1,0,0.147414809364931,11.14
"48165",0.000114929318469141,0.308534466838191,1,0,0.253029771354176,62.62
"48167",9.06156988212989e-05,0.243263135076419,1,0,0.296330664144874,79.45
"48169",0,0,0,0,0.139452716083064,8.59
"48171",0.00115035864122344,3.08820494866049,1,1,0.333790619714034,89.18
"48173",0,0,0,0,0.111721085741693,3.15
"48175",0.00167973124300112,4.50933661135347,1,1,0.193380493113074,31.75
"48177",0.000666888962987663,1.79030236476099,1,1,0.173767607188692,21.89
"48179",0.000461095100864553,1.23783672436154,1,1,0.222067515662016,46.83
"48181",0.000388677651035065,1.04342785140785,1,1,0.344345516773549,91.12
"48183",0.000497440003882459,1.33540673890858,1,1,0.344851732414336,91.31
"48185",0.00184482935328482,4.95255212947256,1,1,0.259386830843686,65.61
"48187",0.000464294005250094,1.24642436998762,1,1,0.335064765282121,89.5
"48189",0.000387476751394916,1.04020396619618,1,1,0.218402153175642,44.77
"48191",0,0,0,0,0.170329050184455,20.55
"48193",0.00168918918918919,4.53472702020118,1,1,0.205240047493891,38.12
"48195",0,0,0,0,0.145599671026584,10.47
"48197",0.00188679245283019,5.06520452067754,1,1,0.133706986777924,7.22
"48199",0.000817940154045396,2.19580810793465,1,1,0.291223191061222,77.7
"48201",0.000363093542428645,0.974745817845349,1,0,0.393508367726787,97.65
"48203",0.000588951274097923,1.58107408769039,1,1,0.302039213213938,81.1
"48205",0,0,0,0,0.119893333553554,4.49
"48207",0.000533617929562433,1.43252849304114,1,1,0.191981773720376,30.83
"48209",0.00117588077115902,3.1567205968618,1,1,0.370683852397976,95.35
"48211",0.000596658711217184,1.60176515272023,1,1,0.163226991628158,16.93
"48213",0.00178615934202874,4.79504905816404,1,1,0.357262304050028,93.25
"48215",0.000356277195339193,0.956446936036591,1,0,0.310949226073034,83.42
"48217",0.000897129186602871,2.40839569015469,1,1,0.266007289192597,68.37
"48219",0.00019714144898965,0.529237732076707,1,0,0.177102687649512,23.39
"48221",0.0012095690350327,3.24715870848919,1,1,0.377759316731474,96.12
"48223",0.000305941381631279,0.821317504729578,1,0,0.277405313104483,73.15
"48225",0.00115673799884326,3.1053307067196,1,1,0.266578913823559,68.69
"48227",0.000424658503786538,1.14002055175558,1,1,0.263039610021222,67.01
"48229",0,0,0,0,0.0999669350819146,2.04
"48231",2.59080781387637e-05,0.0695517486905824,1,0,0.296743414199624,79.61
"48233",0,0,0,0,0.173284813175096,21.6
"48235",0.00102564102564103,2.75339322662472,1,1,0.108837209133377,2.93
"48237",0.00107913669064748,2.89700546326521,1,1,0.197263673978442,33.92
"48239",0.00136095569333132,3.65356503306092,1,1,0.159954170084289,15.97
"48241",0.000651890482398957,1.75003806776995,1,1,0.260032764386984,65.8
"48243",0,0,0,0,0.13044699675901,6.46
"48245",0.000210918294616492,0.566222478674079,1,0,0.332525130907926,88.9
"48247",0,0,0,0,0.135683718787299,7.83
"48249",0.000118497452304775,0.318113330484548,1,0,0.183208715511406,26.41
"48251",0.000844309354947653,2.26659776761153,1,1,0.379811900104429,96.37
"48253",0.0067287784679089,18.0637987305736,1,1,0.218725518499313,45.02
"48255",0,0,0,0,0.155248709184046,14.06
"48257",0.000740712603509838,1.98848623874506,1,1,0.345445495836278,91.38
"48259",0.00157754898704749,4.23502237821512,1,1,0.352942452822094,92.59
"48261",0,0,0,0,0.0305356371427441,0.1
"48263",0,0,0,0,0.139396860846144,8.53
"48265",0.00168707012155557,4.52903825939373,1,1,0.341573812139449,90.71
"48267",0.0012202562538133,3.27584917139609,1,1,0.223728399341652,47.76
"48269",0,0,0,0,0.0791331931655148,0.86
"48271",0,0,0,0,0.092313447243871,1.53
"48273",0.000712555223029785,1.91289610656912,1,1,0.227639140019692,50.17
"48275",0,0,0,0,0.146460392380358,10.85
"48277",0.000760334547200768,2.04116249242558,1,1,0.285283356504147,75.72
"48279",0.000190331176246669,0.510955157205767,1,0,0.153250117222296,13.17
"48281",0.00156079288278445,4.19003963783221,1,1,0.269192782560547,69.77
"48283",0,0,0,0,0.120560682315727,4.65
"48285",0.000274649821477616,0.737313484196402,1,0,0.241785874452854,57.27
"48287",0,0,0,0,0.195115369891809,32.64
"48289",0.00192821121328983,5.17639560181968,1,1,0.181848310281033,26.06
"48291",0.000431457148460482,1.15827191039616,1,1,0.303245756013555,81.61
"48293",0.000887223974763407,2.38180457054731,1,1,0.178294123427329,24.02
"48295",0,0,0,0,0.124931002534054,5.47
"48297",0.00230574129582661,6.18989715462093,1,1,0.175382584756936,22.69
"48299",0.0018796992481203,5.04616239841936,1,1,0.269907109596074,70.12
"48301",0,0,0,0,0.0476389006851929,0.19
"48303",0.000417137394629356,1.11982969502074,1,1,0.383268516341193,96.75
"48305",0.00813008130081301,21.8256780159276,1,1,0.138828531005452,8.4
"48307",0.000717102904266762,1.92510462241599,1,1,0.203512772109953,37.19
"48309",0.000387908951182024,1.04136423176339,1,1,0.340374191963128,90.65
"48311",0,0,0,0,0.120287583119678,4.61
"48313",0.000186150409530901,0.499731644817405,1,0,0.154227040290461,13.59
"48315",0.000367917586460633,0.987696245753899,1,0,0.165682776477189,18.2
"48317",0,0,0,0,0.144705371752757,10.28
"48319",0.00123533045089561,3.31631673373576,1,1,0.222874165674389,47.28
"48321",0.000595326685518678,1.59818925194767,1,1,0.240012664272221,56.25
"48323",4.61957777059177e-05,0.124015262898281,1,0,0.213159017340642,41.97
"48325",0.000371774853148933,0.998051303427429,1,0,0.283420409583472,75.09
"48327",0,0,0,0,0.154847153937253,13.94
"48329",0.000413523758471494,1.11012867773321,1,1,0.222005052690738,46.8
"48331",0.00273410799726589,7.33987257951907,1,1,0.24351060449856,58.16
"48333",0.00481347773766546,12.922062074412,1,1,0.202643539591839,36.59
"48335",0.00043271311120727,1.16164361573306,1,1,0.14066811410526,9.1
"48337",0.00130314383450073,3.49836572205128,1,1,0.292080047802178,77.98
"48339",0.000747813865746743,2.00754999190505,1,1,0.402277924770234,98.03
"48341",0,0,0,0,0.139995667392011,8.81
"48343",0.000251067034898318,0.674004116484835,1,0,0.1544358772305,13.68
"48345",0.00157232704402516,4.22100376723129,1,1,0.199147495135071,34.87
"48347",0.000422443258189639,1.13407359558931,1,1,0.277522293557326,73.21
"48349",0.000787856505068543,2.11504679549275,1,1,0.300809400158027,80.59
"48351",0,0,0,0,0.196362721862463,33.41
"48353",0,0,0,0,0.187410892922806,28.38
"48355",0.000517491202649555,1.38923535290783,1,1,0.340039191782347,90.55
"48357",0.000191021967526266,0.512809626735262,1,0,0.15782786125954,15.14
"48359",0,0,0,0,0.112576813727129,3.31
"48361",0.000253201186428416,0.67973337089321,1,0,0.27307011413253,71.59
"48363",0.0012187690432663,3.27185666783559,1,1,0.264479813179234,67.67
"48365",0.00056980056980057,1.5296629036804,1,1,0.241415263639488,56.92
"48367",0.000939114102363437,2.52110664826336,1,1,0.441108262927624,99.65
"48369",0.000357270453733476,0.95911339619832,1,0,0.0939995767510869,1.72
"48371",0.000974817221770918,2.61695375723064,1,1,0.226247834637693,49.09
"48373",0.000387947756368809,1.04146840655338,1,1,0.281909259281337,74.64
"48375",0.000764975873837825,2.05362240481748,1,1,0.344948406157105,91.35
"48377",0,0,0,0,0.16790680962813,19.34
"48379",0.00575296108291032,15.4441599767529,1,1,0.23495975345047,54.15
"48381",0.000314592602579659,0.844542212561848,1,0,0.392247905409718,97.45
"48383",0.000496277915632754,1.33228704514099,1,1,0.130009464378576,6.33
"48385",0.000832639467110741,2.23526927223905,1,1,0.15752709155206,14.99
"48387",0,0,0,0,0.189529199126787,29.53
"48389",0,0,0,0,0.172917649691415,21.41
"48391",0.00134907251264755,3.62166394058563,1,1,0.163529638615077,17.15
"48393",0,0,0,0,0.146367569487479,10.72
"48395",0,0,0,0,0.177253609365902,23.48
"48397",0.00100783644254304,2.70559578358246,1,1,0.36025135008147,93.7
"48399",0,0,0,0,0.189095820631824,29.34
"48401",0.00026214037617144,0.703731147770915,1,0,0.24760853726813,60.13
"48403",0,0,0,0,0.20883705422329,39.96
"48405",0.00211237853823405,5.67080354026003,1,1,0.168284464637667,19.54
"48407",0.00407055630936228,10.9276461165228,1,1,0.293189452394638,78.4
"48409",0.00101059099361306,2.7129905367846,1,1,0.251127023314804,61.82
"48411",0,0,0,0,0.190190841388444,29.91
"48413",0.00093984962406015,2.52308119920968,1,1,0.174521922259391,22.24
"48415",0.000139256370978972,0.373841859902395,1,0,0.179175133525143,24.37
"48417",0,0,0,0,0.13994697097252,8.78
"48419",0.000998203234178479,2.67973487318736,1,1,0.224209397422815,48.08
"48421",0,0,0,0,0.0947830282398094,1.81
"48423",0.000819539047943034,2.2001004319718,1,1,0.390549039006694,97.3
"48425",0.00354924578527063,9.52815757217071,1,1,0.193310881371468,31.66
"48427",0.000362168874172185,0.972263491913995,1,0,0.232272657114427,52.66
"48429",0,0,0,0,0.173875587971039,22.05
"48431",0,0,0,0,0.0909638647225302,1.43
"48433",0,0,0,0,0.179478295898651,24.59
"48435",0,0,0,0,0.141466549011529,9.23
"48437",0,0,0,0,0.164120945775099,17.5
"48439",0.000571591883395256,1.53447178963081,1,1,0.407599550116613,98.38
"48441",0.000643219495618826,1.7267602974081,1,1,0.324196664983255,87.18
"48443",0,0,0,0,0.126438101770965,5.6
"48445",0,0,0,0,0.182438791677176,26.25
"48447",0.00321543408360129,8.63202056578488,1,1,0.136160023425001,7.99
"48449",0,0,0,0,0.188848264766095,29.14
"48451",0.000534027569173259,1.4336281944977,1,1,0.341149328795252,90.68
"48453",0.000528082758399126,1.41766900282161,1,1,0.308640612792573,82.69
"48455",0.00165672630881378,4.44757852213237,1,1,0.243644094620907,58.19
"48457",0.00184539676030347,4.95407536674839,1,1,0.207268331511702,39.26
"48459",0.000516528925619835,1.38665206402846,1,1,0.260098305360668,65.86
"48461",0.000710563713879678,1.90754978395957,1,1,0.0793194192309661,0.89
"48463",0,0,0,0,0.264152042062192,67.39
"48465",4.40121473526693e-05,0.118153179699797,1,0,0.214079527114936,42.6
"48467",0.00136578097839583,3.66651879259375,1,1,0.344689058073428,91.25
"48469",0.000237388724035608,0.63728389221581,1,0,0.382133492460273,96.63
"48471",0.0014469400506429,3.88439506140288,1,1,0.193744946106586,32.04
"48473",0,0,0,0,0.206470211086095,38.69
"48475",0.00257916606963748,6.92392192681814,1,1,0.167615230028496,19.03
"48477",0.00115893167570985,3.11121976036981,1,1,0.281570781185273,74.51
"48479",0.000563122801576744,1.51173604492886,1,1,0.260533797376492,66.05
"48481",0.000435983141985177,1.17042220431293,1,1,0.271735404638217,70.95
"48483",0.00196850393700787,5.28456377157303,1,1,0.179604833412455,24.72
"48485",0.000451333769103869,1.21163185922766,1,1,0.279081356256911,73.72
"48487",0,0,0,0,0.159281846368397,15.78
"48489",0.000191828122002686,0.514973795503376,1,0,0.158421175564277,15.49
"48491",0.000662389522890289,1.77822335507047,1,1,0.371268458879921,95.48
"48493",0.00182815356489945,4.90778500175338,1,1,0.309472195281874,82.98
"48495",0,0,0,0,0.112982185805983,3.44
"48497",7.73664461722951e-05,0.207694742637352,1,0,0.320990663106247,86.54
"48499",0.00213561131873999,5.73317329622872,1,1,0.350881200218445,92.36
"48501",0.000258331180573495,0.693505139746602,1,0,0.155884524485042,14.35
"48503",0.00012388503468781,0.332576610004844,1,0,0.221573183945833,46.52
"48505",0,0,0,0,0.18483631442134,27.04
"48507",0,0,0,0,0.149789541504812,12.03
"49001",0,0,0,0,0.171534522892259,20.97
"49003",0.000643622458637792,1.72784207516392,1,1,0.253877273977148,63.06
"49005",0.000774871213534417,2.08018702208083,1,1,0.324778457914202,87.31
"49007",0.00202601834079761,5.43896454715535,1,1,0.231440475854952,52.18
"49009",0,0,0,0,0.116009247583594,3.85
"49011",0.000539351185040359,1.44791975217059,1,1,0.371947494414663,95.58
"49013",0,0,0,0,0.228318191674658,50.62
"49015",0,0,0,0,0.157430467211076,14.95
"49017",0,0,0,0,0.142331256839484,9.58
"49019",0,0,0,0,0.190281850262233,30.03
"49021",0.000578076450610593,1.5518799889929,1,1,0.331177865995676,88.55
"49023",0,0,0,0,0.189562054840839,29.56
"49025",0,0,0,0,0.186138592558067,27.71
"49027",0,0,0,0,0.193535386910943,31.82
"49029",0.000261506276150628,0.702028869236166,1,0,0.232852722092298,52.94
"49031",0,0,0,0,0.0932974786824861,1.65
"49033",0,0,0,0,0.148755754416325,11.49
"49035",0.000528021557845672,1.417504706362,1,1,0.424187254349483,99.27
"49037",0,0,0,0,0.163371832948847,17.05
"49039",0,0,0,0,0.259002237554857,65.32
"49041",0,0,0,0,0.282546676972523,74.77
"49043",0.0017278495354634,4.63851297738231,1,1,0.260630646209403,66.12
"49045",0.000392105607110182,1.05263039967028,1,1,0.279148066113435,73.78
"49047",0.000367872470876763,0.987575130334432,1,0,0.271332455613966,70.63
"49049",0.000402547342753134,1.08066184875895,1,1,0.379366106524925,96.28
"49051",0.000143688483368058,0.38574012442835,1,0,0.334481354586775,89.37
"49053",0.000271192097879486,0.728031023280137,1,0,0.391207951274722,97.36
"49055",0,0,0,0,0.164703385145819,17.69
"49057",0.000296724616730703,0.796574561132155,1,0,0.329715539228012,88.26
"50001",5.23669878508588e-05,0.140582236906111,1,0,0.286802895184316,76.42
"50003",0,0,0,0,0.301077415757287,80.75
"50005",0,0,0,0,0.323206121470094,86.99
"50007",1.7083212327246e-05,0.0458608810830603,1,0,0.320397698086247,86.45
"50009",0,0,0,0,0.177945956061803,23.83
"50011",4.93437284121188e-05,0.132466120396679,1,0,0.266151298197292,68.44
"50013",0,0,0,0,0.240376183185728,56.54
"50015",0,0,0,0,0.270486542041168,70.31
"50017",0,0,0,0,0.256613733156344,64.37
"50019",0,0,0,0,0.296152103215687,79.38
"50021",0,0,0,0,0.360836254977674,93.86
"50023",0,0,0,0,0.259283564710636,65.54
"50025",4.14714054659312e-05,0.11133240973579,1,0,0.294883730330223,78.87
"50027",7.28438228438228e-05,0.195553496209142,1,0,0.325600786764741,87.4
"51001",0.000128551227664224,0.345103277536843,1,0,0.191909206330142,30.77
"51003",0.000656176765985939,1.76154484636084,1,1,0.206158958124657,38.5
"51005",0,0,0,0,0.211156302467323,40.95
"51007",0.000311526479750779,0.836311026778535,1,0,0.251718454895451,62.01
"51009",0,0,0,0,0.225617691004237,48.9
"51011",0,0,0,0,0.220241811664103,45.72
"51013",0.00030245484250036,0.811957686832827,1,0,0.115929191467888,3.79
"51015",0.000119994000299985,0.322130900970043,1,0,0.252026679635523,62.11
"51017",0,0,0,0,0.139592422818281,8.65
"51019",0.000904690821911612,2.42869534170995,1,1,0.362767728036666,94.27
"51021",0,0,0,0,0.118484747005529,4.2
"51023",0.00128836680560818,3.45869592507046,1,1,0.243847777098233,58.35
"51025",0.000259201658890617,0.695841989621332,1,0,0.166437788033233,18.52
"51027",0,0,0,0,0.155349851372054,14.13
"51029",0,0,0,0,0.187084074248235,28.19
"51031",0.000526265429145536,1.41279027631567,1,1,0.287806271801612,76.93
"51033",0.00012721027859051,0.34150342144245,1,0,0.21461967676668,42.98
"51035",0,0,0,0,0.241951163217674,57.37
"51036",0,0,0,0,0.167710365680361,19.09
"51037",0,0,0,0,0.165614929147535,18.14
"51041",0.000382279495637698,1.02625162961719,1,1,0.354140937725753,92.84
"51043",0.000207770621234157,0.557772365667795,1,0,0.229482191294123,51.29
"51045",0,0,0,0,0.174354511142284,22.21
"51047",0.000265125404316242,0.711744630139217,1,0,0.293505206519302,78.52
"51049",0,0,0,0,0.190164881625884,29.84
"51051",0,0,0,0,0.136233128418763,8.05
"51053",0,0,0,0,0.148672443664928,11.45
"51057",0,0,0,0,0.254914438037923,63.51
"51059",0.000789869747573675,2.120451462563,1,1,0.183382291402912,26.47
"51061",0.00074767686118133,2.00718219514868,1,1,0.358376007815213,93.35
"51063",0,0,0,0,0.23621662765887,54.69
"51065",0.000165562913907285,0.444463310589255,1,0,0.223403107264688,47.5
"51067",0.00071432496291005,1.91764707662335,1,1,0.315448944658693,84.79
"51069",0.000369097326351242,0.990863326382283,1,0,0.263433669549983,67.1
"51071",0.000622955925868245,1.67236156110207,1,1,0.180243486041191,25.17
"51073",0,0,0,0,0.324687323502464,87.27
"51075",9.89756025139803e-05,0.265705784724016,1,0,0.139411781814901,8.56
"51077",0.000488997555012225,1.31274249191154,1,1,0.161520249430237,16.48
"51079",0,0,0,0,0.22818729465857,50.49
"51081",0,0,0,0,0.10776776896803,2.83
"51083",0,0,0,0,0.244486216479752,58.61
"51085",0.000429263506469614,1.15238295037185,1,1,0.344409478859696,91.19
"51087",0.000323349709950484,0.868051178678511,1,0,0.316951890970935,85.46
"51089",0,0,0,0,0.21907729164158,45.21
"51091",0,0,0,0,0.154497909933433,13.74
"51093",8.5535882302626e-05,0.229626070991284,1,0,0.264170691034201,67.45
"51095",0.000515432660238918,1.38370907559592,1,1,0.258170717390962,65.03
"51097",0,0,0,0,0.19992273729312,35.32
"51099",0.00019280205655527,0.517588379683631,1,0,0.102794935253003,2.29
"51101",0.00102270402945388,2.7455086888516,1,1,0.237747597648376,55.2
"51103",0.000366837857666911,0.984797650755355,1,0,0.240515853566722,56.6
"51105",0,0,0,0,0.178948951549567,24.31
"51107",0.000465150216158042,1.24872291816926,1,1,0.279288346187167,73.85
"51109",0.000255819902788437,0.686763467884139,1,0,0.231575446413714,52.27
"51111",0,0,0,0,0.190336087964507,30.07
"51113",0.000754337440281619,2.02506290869432,1,1,0.228087375838173,50.37
"51115",0.00147783251231527,3.96732767875729,1,1,0.179693313342974,24.85
"51117",7.73395204949729e-05,0.20762245908423,1,0,0.255312049436037,63.76
"51119",0.000778210116731518,2.08915050269191,1,1,0.22109797185699,46.26
"51121",8.18665575112566e-05,0.219775554315112,1,0,0.187740386064169,28.44
"51125",0.000206568890725057,0.554546249939909,1,0,0.207184850826678,39.17
"51127",0.000138045278851463,0.370590612363211,1,0,0.234144763118197,53.8
"51131",0.00069577317794399,1.86784372653268,1,1,0.161537398931296,16.54
"51133",0,0,0,0,0.215930823302734,43.43
"51135",0,0,0,0,0.154687790182556,13.84
"51137",0.00129399585921325,3.47380744818724,1,1,0.256910017365815,64.65
"51139",0,0,0,0,0.231493819925982,52.21
"51141",0.000211416490486258,0.56755991457909,1,0,0.207166963495248,39.13
"51143",6.62076271186441e-05,0.177738241257885,1,0,0.251700519882895,61.95
"51145",0.00208637596494888,5.60099811383079,1,1,0.284992708820266,75.53
"51147",0.000103359173126615,0.277473736016444,1,0,0.207241269064071,39.23
"51149",4.35123139848577e-05,0.116811347835658,1,0,0.11254612876077,3.28
"51153",0.00048717963589122,1.30786218187207,1,1,0.355556526351532,92.9
"51155",6.18161587438957e-05,0.165949087961865,1,0,0.165594623424937,18.1
"51157",0.000496277915632754,1.33228704514099,1,1,0.189876057483169,29.72
"51159",0.00188797986154814,5.06839218872076,1,1,0.216920363726187,43.88
"51161",0.00147799961232797,3.96777626849935,1,1,0.28720675717964,76.65
"51163",0.000142918393597256,0.3836727734685,1,0,0.242378572807772,57.65
"51165",0.000331286154787085,0.889357028298674,1,0,0.264078093871916,67.32
"51167",0,0,0,0,0.184412051903363,26.79
"51169",0.000363240101707228,0.975139264787177,1,0,0.130863135655228,6.59
"51171",6.51720542231491e-05,0.174958185346657,1,0,0.260446854565812,66.02
"51173",0,0,0,0,0.136084027845852,7.95
"51175",0,0,0,0,0.179964694542863,24.94
"51177",0.000437455391062096,1.17437454293332,1,1,0.405436688311971,98.15
"51179",0.000247930731967807,0.665584528120461,1,0,0.281851376948827,74.61
"51181",0.000394788787998421,1.05983355545168,1,1,0.121230279476423,4.87
"51183",0,0,0,0,0.16880602233432,19.79
"51185",0.000132353914367017,0.355311812052028,1,0,0.219161312462036,45.28
"51187",0.00126759623724064,3.40293612137053,1,1,0.277384087640111,73.11
"51191",8.65538581382265e-05,0.232358886567629,1,0,0.266661028882581,68.76
"51193",0.000241954996370675,0.649542316951149,1,0,0.203722195445691,37.38
"51195",8.38433805651044e-05,0.225082451241645,1,0,0.17920028102151,24.44
"51197",7.89390590464162e-05,0.211916513732168,1,0,0.226519279775082,49.25
"51199",0.000595326685518678,1.59818925194767,1,1,0.27232854794609,71.17
"51510",0.000351239215858451,0.942922185922893,1,0,0.212786488266091,41.81
"51520",8.98472596585804e-05,0.241200215270359,1,0,0.169271045706665,20.04
"51530",0,0,0,0,0.113283757156452,3.53
"51540",0.000201892744479495,0.541992862275654,1,0,0.221117312257619,46.29
"51550",0.000406891178252965,1.09232312882069,1,1,0.365476310400027,94.5
"51570",0.000387859982546301,1.04123277260122,1,1,0.21933422458064,45.37
"51580",0,0,0,0,0.156879351224123,14.7
"51590",0.000223098088793039,0.598919847391782,1,0,0.243021958039214,57.84
"51595",0,0,0,0,0.154144288940862,13.52
"51600",0.00245690663754777,6.59570934191651,1,1,0.216354259902307,43.68
"51610",0.000131423314495992,0.352813562354987,1,0,0.177763251608066,23.77
"51620",0,0,0,0,0.167865804953417,19.22
"51630",0.000628628480567984,1.68758986544779,1,1,0.240385087402886,56.57
"51640",0,0,0,0,0.185230578254383,27.33
"51650",7.97537205110618e-05,0.214103520006946,1,0,0.226179791161803,49.06
"51660",0.000318499001071315,0.855029167430584,1,0,0.250609151676689,61.57
"51670",0.00275275275275275,7.38992551440192,1,1,0.19009239048127,29.78
"51678",0.000590057530609234,1.58404389789591,1,1,0.112800748979409,3.34
"51680",0.000176397953783736,0.473550607860134,1,0,0.207676882046871,39.52
"51683",0.000503687713617557,1.35217908053345,1,1,0.235810802586431,54.5
"51685",0,0,0,0,0.185575455545695,27.52
"51690",0.000602470127522844,1.617366239156,1,1,0.167239288290583,18.87
"51700",0.000454222123188468,1.21938581443597,1,1,0.144187853481398,9.96
"51710",6.51496665521612e-05,0.17489808433654,1,0,0.185674655601744,27.59
"51720",0,0,0,0,0.157824501792824,15.11
"51730",0,0,0,0,0.218788838610854,45.05
"51735",0,0,0,0,0.163690358072209,17.31
"51740",9.4423356561479e-05,0.253485014631758,1,0,0.132402528529261,6.97
"51750",0.000429676310512747,1.15349114693172,1,1,0.128181717097052,6.01
"51760",0.000114713353180564,0.307954695409505,1,0,0.191779354938402,30.7
"51770",0.000198300283286119,0.532348690416818,1,0,0.252550652694355,62.42
"51775",0.000224961756501395,0.603922972185525,1,0,0.211470904781665,41.17
"51790",0.000703289833554739,1.88802262746205,1,1,0.250628297411792,61.6
"51800",0.000196386488609584,0.527210996849784,1,0,0.219518580635096,45.43
"51810",0.000770170867249291,2.06756866799718,1,1,0.305106060135515,82.06
"51820",9.67398664989842e-05,0.25970382083381,1,0,0.225576235146379,48.84
"51830",0.000514970940925476,1.38246956313644,1,1,0.135500197580157,7.73
"51840",0.00117599500202124,3.15702725628206,1,1,0.206187710470339,38.56
"53001",0,0,0,0,0.152407796519625,12.82
"53003",0,0,0,0,0.252233831259615,62.27
"53005",3.67468053246121e-05,0.0986489447588619,1,0,0.280437744422078,74.1
"53007",0.000341955988252806,0.918000819312561,1,0,0.27285705858069,71.43
"53009",0.000556463673355824,1.49385922635362,1,1,0.331960771700361,88.74
"53011",0.000229669467358227,0.616561096891982,1,0,0.399297460976854,97.93
"53013",0,0,0,0,0.142939609612957,9.7
"53015",0,0,0,0,0.318748800465726,86.03
"53017",0,0,0,0,0.249291056645191,60.74
"53019",0,0,0,0,0.178352815331464,24.05
"53021",0,0,0,0,0.30023247975191,80.43
"53023",0,0,0,0,0.114356368126343,3.69
"53025",0,0,0,0,0.218591517705358,44.96
"53027",0.000598354525056096,1.60631766399946,1,1,0.266697839893183,68.79
"53029",0.000297274979355904,0.79805204173846,1,0,0.299529800348777,80.34
"53031",8.88020602077968e-05,0.238394316309306,1,0,0.312909852564915,84.12
"53033",0.000161879046976174,0.434573754689746,1,0,0.276744720382558,72.89
"53035",0.000917089647783095,2.46198071380328,1,1,0.310409504298275,83.3
"53037",5.15703161260379e-05,0.13844352513842,1,0,0.316507567799917,85.3
"53039",0.000117799505242078,0.316239650837448,1,0,0.229693038116172,51.38
"53041",0,0,0,0,0.334520199417799,89.41
"53043",0,0,0,0,0.189454836877442,29.46
"53045",0.000116333178222429,0.312303210325628,1,0,0.264445815273924,67.61
"53047",0,0,0,0,0.234282941204965,53.9
"53049",0,0,0,0,0.247995363886318,60.32
"53051",0,0,0,0,0.203561703942501,37.23
"53053",6.57869088924408e-05,0.176608798611398,1,0,0.362511167770316,94.18
"53055",0,0,0,0,0.332227167232448,88.8
"53057",0.000181956528931088,0.488472927441527,1,0,0.377732208123725,96.09
"53059",0,0,0,0,0.202251181715512,36.43
"53061",0.000142212109361112,0.381776712192427,1,0,0.39293626913298,97.61
"53063",3.93982808022923e-05,0.105766985514148,1,0,0.419989954478954,99.11
"53065",0,0,0,0,0.305339536304412,82.15
"53067",0.000260723119094093,0.699926438384691,1,0,0.292125171768166,78.01
"53069",0,0,0,0,0.187883115440165,28.57
"53071",0.000445738737667895,1.19661167061056,1,1,0.237652340217959,55.17
"53073",1.86115764005211e-05,0.0499638636880532,1,0,0.422889328702613,99.24
"53075",4.52570601013758e-05,0.121495220671574,1,0,0.172100789813811,21.16
"53077",7.80877862893465e-06,0.0209631222304925,1,0,0.24503525263479,58.73
"54001",0,0,0,0,0.14132910649879,9.2
"54003",0.00061173165371457,1.64222934705339,1,1,0.265984661440945,68.31
"54005",0,0,0,0,0.178480349436506,24.18
"54007",0,0,0,0,0.194139386342353,32.2
"54009",0.000259168070493715,0.695751819608422,1,0,0.175263446057636,22.62
"54011",1.78011962403874e-05,0.0477883508252474,1,0,0.258962315290309,65.29
"54013",0,0,0,0,0.119068166454796,4.36
"54015",0,0,0,0,0.117489184796752,4.04
"54017",0,0,0,0,0.115988521572128,3.82
"54019",0,0,0,0,0.262940989046278,66.94
"54021",0,0,0,0,0.120810403060799,4.74
"54023",0,0,0,0,0.240150439773287,56.32
"54025",0,0,0,0,0.278186988293402,73.4
"54027",0,0,0,0,0.256357465870761,64.17
"54029",0.00139178844815588,3.73633736389575,1,1,0.203647832021768,37.32
"54031",0,0,0,0,0.183553870211635,26.5
"54033",9.96661185030149e-05,0.267559515219923,1,0,0.238163696347897,55.3
"54035",0.000114521300961979,0.307439120013639,1,0,0.212533750020854,41.65
"54037",9.25583117363939e-05,0.248478192887736,1,0,0.249303413647704,60.8
"54039",0.000237484563503372,0.63754117886366,1,0,0.277672027816491,73.27
"54041",0.000160333493666827,0.430424626576735,1,0,0.219723190297674,45.56
"54043",0,0,0,0,0.173472574911696,21.7
"54045",0.000970531145226751,2.60544753445827,1,1,0.203431075825865,37.16
"54047",0,0,0,0,0.128922000824431,6.2
"54049",5.09761941173472e-05,0.136848569911765,1,0,0.279116079667884,73.75
"54051",0.000526546731022378,1.41354544763094,1,1,0.184881647529308,27.08
"54053",0,0,0,0,0.175244865689588,22.59
"54055",4.55996352029184e-05,0.122414883536667,1,0,0.285272260973425,75.69
"54057",0,0,0,0,0.202190641852462,36.4
"54059",0,0,0,0,0.168275446507011,19.5
"54061",0.000394017003349145,1.05776165449159,1,1,0.205324707335313,38.18
"54063",0,0,0,0,0.207033702248024,39.04
"54065",0,0,0,0,0.239684683583117,56.12
"54067",0,0,0,0,0.212530099656357,41.62
"54069",0.000102641302860271,0.275546571365721,1,0,0.243130493205354,57.97
"54071",0,0,0,0,0.22761881323579,50.14
"54073",0,0,0,0,0.144216527993372,9.99
"54075",0,0,0,0,0.15992617939619,15.94
"54077",0.000237051084508712,0.636377479189072,1,0,0.245911593512622,59.21
"54079",4.20539131166155e-05,0.112896185540145,1,0,0.30511863508171,82.09
"54081",2.83736238792419e-05,0.0761706502088043,1,0,0.256267143648817,64.11
"54083",0,0,0,0,0.252384901604386,62.36
"54085",0.000904431715405487,2.42799975516349,1,1,0.1678860486714,19.25
"54087",0.000911300121506683,2.44643839242931,1,1,0.206660655806819,38.88
"54089",0,0,0,0,0.1780110843866,23.89
"54091",0,0,0,0,0.179348117337396,24.5
"54093",0,0,0,0,0.144493630505981,10.12
"54095",0,0,0,0,0.135537253408145,7.76
"54097",0.00153175444797926,4.11208426387042,1,1,0.232129902007225,52.56
"54099",0.000305250305250305,0.819462269828785,1,0,0.188616374072378,29.02
"54101",0,0,0,0,0.127560650715776,5.92
"54103",0,0,0,0,0.179651701222347,24.79
"54105",0,0,0,0,0.145270409821007,10.4
"54107",0.000901132852729145,2.4191437656686,1,1,0.306961212060831,82.34
"54109",0,0,0,0,0.158580813022908,15.53
"55001",0,0,0,0,0.210260226068955,40.6
"55003",0.000331528345673555,0.890007203876372,1,0,0.225499831104518,48.78
"55005",0.00077374165173481,2.07715464746795,1,1,0.284656349962819,75.47
"55007",0,0,0,0,0.2286760951186,50.91
"55009",0.00070005950505793,1.87935062197424,1,1,0.339909427498916,90.49
"55011",0,0,0,0,0.22476397292522,48.33
"55013",0.00135777325186694,3.64502158310808,1,1,0.237548268492477,55.11
"55015",0.00096406191419849,2.58808050598596,1,1,0.246781779481164,59.62
"55017",0.000199216415432632,0.534808100662547,1,0,0.346181823801528,91.57
"55019",0.000948697365540393,2.54683347788574,1,1,0.261937687945397,66.56
"55021",0.000243457090687766,0.653574776861619,1,0,0.302787892711711,81.45
"55023",0,0,0,0,0.19787178294133,34.14
"55025",0.000196016837343721,0.526218646440434,1,0,0.267375082632412,69.07
"55027",0.000125059403216528,0.335729270898564,1,0,0.22047583936472,45.85
"55029",0.000245323520392518,0.658585316395976,1,0,0.294187225469639,78.71
"55031",0.00032967032967033,0.885019251415087,1,0,0.285043570752041,75.56
"55033",0.000489188924762743,1.31325623518203,1,1,0.228324393125196,50.65
"55035",0.000665356584709177,1.78618860578769,1,1,0.316542342130067,85.33
"55037",0,0,0,0,0.157156092303686,14.79
"55039",0.00099027549464261,2.65845239345537,1,1,0.337157820468929,89.88
"55041",0.000529941706412295,1.42265945731802,1,1,0.185643999673371,27.55
"55043",0.000585365853658537,1.57144881714679,1,1,0.311949578229364,83.68
"55045",0.000516291877007802,1.38601569318678,1,1,0.24568884162333,59.05
"55047",0.000700476323900252,1.88046959649699,1,1,0.256095320530918,63.98
"55049",0.000329299415493537,0.8840235106476,1,0,0.215891645359154,43.4
"55051",0,0,0,0,0.201130256077887,35.92
"55053",0.00032209576980889,0.864684903143364,1,0,0.167494661691535,18.96
"55055",0.000128657077425829,0.34538743740307,1,0,0.290704971501084,77.6
"55057",0.000285932138772398,0.767601523815983,1,0,0.216353591808364,43.65
"55059",9.80476266346378e-05,0.26321457928588,1,0,0.263955214925558,67.26
"55061",0,0,0,0,0.212960737756378,41.87
"55063",0.000327555258572121,0.879341219540341,1,0,0.303977271082602,81.74
"55065",0,0,0,0,0.228710970114091,50.97
"55067",0.000914181236430122,2.45417291368675,1,1,0.250343013278746,61.41
"55069",0.00176180408738548,4.72966595482575,1,1,0.25027663871165,61.34
"55071",0.00013288683357253,0.356742464779554,1,0,0.283396686792385,75.06
"55073",0.00045045045045045,1.20926053872031,1,1,0.3356112622686,89.66
"55075",0.000204269226840976,0.548372667952017,1,0,0.233698551741398,53.39
"55077",0.000594883997620464,1.59700083043373,1,1,0.204561452316705,37.89
"55078",0,0,0,0,0.0781808853632142,0.8
"55079",0.000260567960949548,0.699509907285052,1,0,0.280674501344807,74.13
"55081",0.00049297510475721,1.32342045647478,1,1,0.218211831713572,44.64
"55083",0.00082364784478814,2.21113073703962,1,1,0.269614033394649,69.84
"55085",0.000694964182615204,1.8656719313305,1,1,0.328400409311876,87.94
"55087",0.000472418360202128,1.26823467528585,1,1,0.364651596899947,94.4
"55089",0.000841857136843878,2.26001464491232,1,1,0.311711323520007,83.65
"55091",0.00172294968986906,4.6253590557531,1,1,0.213083674855129,41.93
"55093",0.000779119594857811,2.09159204983179,1,1,0.28143390662936,74.39
"55095",0.000700808625336927,1.8813616791088,1,1,0.295446944997985,79.1
"55097",0.000579511629744751,1.55573281118721,1,1,0.286790963727254,76.39
"55099",0.000177399325882562,0.476238849735515,1,0,0.196843149399271,33.73
"55101",0.00086646884272997,2.32608620658771,1,1,0.344203245989316,91.09
"55103",0.000142247510668563,0.381871749069573,1,0,0.198345972540389,34.39
"55105",0.000667478110644313,1.79188396604911,1,1,0.347961415360308,91.85
"55107",0.00127272727272727,3.41671068576612,1,1,0.211373461624372,41.04
"55109",0.00086436649139235,2.32044232165304,1,1,0.369636307994882,95.23
"55111",0.000722507349643729,1.93961317162823,1,1,0.276973430340478,73.02
"55113",0.00128609844499006,3.45260637852801,1,1,0.266078968617359,68.41
"55115",0.00131360619469027,3.52645253893963,1,1,0.295780958556599,79.16
"55117",0.000149819467541612,0.402199109466957,1,0,0.255055838077908,63.63
"55119",0.0012184315463004,3.27095063752216,1,1,0.245744492323927,59.08
"55121",0.000415598808616749,1.11569927102269,1,1,0.238962069015162,55.68
"55123",9.5084149472283e-05,0.255258951788447,1,0,0.294027781546973,78.68
"55125",0.00143633938647789,3.85593695941596,1,1,0.302230715245064,81.23
"55127",0.000216110019646365,0.580159967692536,1,0,0.320123235294967,86.41
"55129",0.00121083699107008,3.25056261051503,1,1,0.272253964797217,71.14
"55131",0.000307068721979979,0.824343915727783,1,0,0.331359954533564,88.58
"55133",0.000676680547293278,1.81658844461837,1,1,0.416804645567775,98.95
"55135",0.000189582444665624,0.508945143553552,1,0,0.264279792502021,67.55
"55137",0.000916230366492147,2.45967392299917,1,1,0.233101175010089,53.07
"55139",0.000246446245145009,0.661599336556628,1,0,0.22709024214966,49.67
"55141",0.000348927049323331,0.936715039838182,1,0,0.268844612906582,69.58
"56001",9.6158469157171e-05,0.258143025718457,1,0,0.240955943349699,56.76
"56003",0.00139664804469274,3.74938323457975,1,1,0.227498926485743,49.98
"56005",0.000294843917001437,0.791525712883676,1,0,0.272336872908592,71.24
"56007",0,0,0,0,0.211935605873536,41.43
"56009",0,0,0,0,0.199732295848163,35.22
"56011",0,0,0,0,0.210823552942418,40.76
"56013",0,0,0,0,0.30412621324402,81.83
"56015",0.000194250194250194,0.521475989891045,1,0,0.247067697180102,59.85
"56017",0.000445831475702185,1.19686063127913,1,1,0.199539814494448,35.09
"56019",0,0,0,0,0.301741914097225,80.91
"56021",0.000174061374040487,0.467277923092565,1,0,0.316053065710689,85.14
"56023",0.00141609629454803,3.80159319701548,1,1,0.292744311564252,78.33
"56025",0.000315343724659879,0.846558643648693,1,0,0.421770708044278,99.2
"56027",0.000969932104752667,2.60383937532405,1,1,0.148918243925495,11.61
"56029",0,0,0,0,0.351078187237368,92.4
"56031",0,0,0,0,0.222847884715709,47.25
"56033",0.0001657824933687,0.445052784475978,1,0,0.364072431281497,94.34
"56035",0.000431313349148156,1.15788587274492,1,1,0.244310111098289,58.54
"56037",0.0002685044303231,0.720815822776094,1,0,0.264746988221115,67.9
"56039",0.000260116680911152,0.698298419669046,1,0,0.257390400638651,64.81
"56041",0.000438933391857786,1.17834232237862,1,1,0.278635911157815,73.5
"56043",0,0,0,0,0.256990437361622,64.68
"56045",0,0,0,0,0.201010883704462,35.86
