"county_geoid","industry_employment_share","location_quotient","industry_present","industry_comparative_advantage","industry_feasibility","industry_feasibility_percentile_score"
"01001",0,0,0,0,0.106349854646833,68.41
"01003",0,0,0,0,0.187893786880658,90.39
"01005",0,0,0,0,0.0550049354545085,23.89
"01007",0,0,0,0,0.054562183661368,23.13
"01009",0,0,0,0,0.103275295535363,66.72
"01011",0,0,0,0,0.0551612645447271,24.09
"01013",0,0,0,0,0.0600753001613474,30.45
"01015",0,0,0,0,0.126830796170453,77.06
"01017",0,0,0,0,0.0768495719791076,47.66
"01019",0,0,0,0,0.0740947457808253,44.7
"01021",0,0,0,0,0.0952361096063963,62.04
"01023",0,0,0,0,0.0418966096406966,9.9
"01025",0,0,0,0,0.0656588892137286,36.72
"01027",0,0,0,0,0.0360139808153238,6.05
"01029",0,0,0,0,0.0508658606065862,19.22
"01031",0,0,0,0,0.100386660191663,65.29
"01033",0,0,0,0,0.120484783769397,74.8
"01035",0,0,0,0,0.0484358281115309,16.8
"01037",0,0,0,0,0.0488506426624893,17.09
"01039",0,0,0,0,0.0886867697681173,57.62
"01041",0.00048390999274135,4.30658361175616,1,1,0.0811166107009348,51.64
"01043",0,0,0,0,0.120099230652404,74.61
"01045",0,0,0,0,0.064990470534315,35.76
"01047",0,0,0,0,0.0944032902569181,61.66
"01049",0,0,0,0,0.0925892668065953,60.48
"01051",0,0,0,0,0.0963353706741537,62.65
"01053",0,0,0,0,0.0747649935653417,45.78
"01055",5.24548887956358e-05,0.466825169623064,1,0,0.115950478295895,72.96
"01057",0,0,0,0,0.0565560652781763,25.8
"01059",0,0,0,0,0.0536107343512838,22.34
"01061",0,0,0,0,0.0695083116998892,40.69
"01063",0,0,0,0,0.0445841752244786,12.85
"01065",0,0,0,0,0.0578738311962309,27.33
"01067",0,0,0,0,0.0647259136579781,35.57
"01069",3.53063710346532e-05,0.314210992062919,1,0,0.156187304016616,84.89
"01071",0,0,0,0,0.0985320619030884,64.11
"01073",2.16890465495137e-05,0.19302286339575,1,0,0.231154657686723,95.13
"01075",0,0,0,0,0.0552514482052804,24.34
"01077",0,0,0,0,0.132381574572992,78.87
"01079",0,0,0,0,0.074428900543343,45.34
"01081",0,0,0,0,0.136021216041703,79.89
"01083",0,0,0,0,0.104953319695749,67.71
"01085",0,0,0,0,0.0398093557878038,8.34
"01087",0,0,0,0,0.041500250536968,9.67
"01089",3.9618238652346e-06,0.035258469522458,1,0,0.156886382165614,85.08
"01091",0,0,0,0,0.0628212068044165,33.34
"01093",0,0,0,0,0.0586532362671287,28.48
"01095",6.52613717940351e-05,0.580797169855387,1,0,0.105348079707162,67.9
"01097",3.49306626346702e-05,0.310867354480649,1,0,0.203413930502105,92.36
"01099",0,0,0,0,0.0663214125675124,37.38
"01101",6.74886787741356e-06,0.0600619210901723,1,0,0.167613711956684,87.11
"01103",0,0,0,0,0.149341042155535,83.3
"01105",0,0,0,0,0.0440083647595233,12.09
"01107",0,0,0,0,0.0522322374689582,20.78
"01109",0,0,0,0,0.0593908554888734,29.4
"01111",0,0,0,0,0.0669851410785274,37.86
"01113",0,0,0,0,0.0883540618671875,57.43
"01115",0,0,0,0,0.139302242658237,80.88
"01117",4.03616402970617e-05,0.359200639073866,1,0,0.218076626031242,94.15
"01119",0,0,0,0,0.0524643128493735,21.13
"01121",0,0,0,0,0.0852357483041404,55.01
"01123",0,0,0,0,0.0808768291833645,51.51
"01125",2.64245007971391e-05,0.235166299082033,1,0,0.123955838165175,76.11
"01127",0,0,0,0,0.0959396908725209,62.49
"01129",0,0,0,0,0.0381466632839529,7.03
"01131",0,0,0,0,0.0664550402133418,37.58
"01133",0,0,0,0,0.0617899172441832,32.07
"02013",0,0,0,0,0.018761534614843,0.35
"02016",0,0,0,0,0.0384402089865205,7.32
"02020",5.79417916760822e-06,0.0515656163772132,1,0,0.196211182762734,91.6
"02050",0,0,0,0,0.0475076905728507,15.72
"02060",0,0,0,0,0.0385892039937632,7.41
"02063",0,0,0,0,0.0889320377805582,57.87
"02066",0,0,0,0,0.0770293880632384,47.98
"02068",0,0,0,0,0.0432081536781831,11.26
"02070",0,0,0,0,0.0343761745532516,5.03
"02090",0,0,0,0,0.114911650861826,72.48
"02100",0,0,0,0,0.0671750762816329,38.08
"02105",0,0,0,0,0.0509389652712944,19.31
"02110",0,0,0,0,0.121057777619392,74.93
"02122",0,0,0,0,0.139285952162769,80.85
"02130",0,0,0,0,0.0841400066888037,54.15
"02150",0,0,0,0,0.0771611737458508,48.11
"02158",0,0,0,0,0.0229973976859019,0.7
"02164",0,0,0,0,0.0260012664626884,1.24
"02170",2.8109627547435e-05,0.250163177335041,1,0,0.13778772943261,80.4
"02180",0,0,0,0,0.0456193951790567,13.81
"02185",0,0,0,0,0.040569138590157,8.88
"02188",0,0,0,0,0.0301541529132502,2.7
"02195",0,0,0,0,0.059152305464275,29.05
"02198",0,0,0,0,0.0486107004977363,16.93
"02220",0,0,0,0,0.0976523419317528,63.67
"02230",0,0,0,0,0.0546680235355412,23.39
"02240",0,0,0,0,0.0668597908817024,37.77
"02275",0,0,0,0,0.0439064198907211,11.96
"02282",0,0,0,0,0.0435263539691643,11.52
"02290",0,0,0,0,0.049066326187626,17.31
"04001",0,0,0,0,0.0504298187722409,18.77
"04003",0,0,0,0,0.113460229583908,72.1
"04005",0,0,0,0,0.145649816753864,82.44
"04007",0,0,0,0,0.071093180240722,42.32
"04009",0,0,0,0,0.0713592195378613,42.51
"04011",0,0,0,0,0.0178232994398154,0.22
"04012",0.000142979696883043,1.27245568111154,1,1,0.083576959331248,53.77
"04013",6.65312421264802e-05,0.592098450764638,1,0,0.32439963352699,99.05
"04015",0,0,0,0,0.155941084624804,84.79
"04017",0,0,0,0,0.100685612236904,65.48
"04019",4.44142427593681e-06,0.0395266997716846,1,0,0.196398637039827,91.7
"04021",3.26502182122917e-05,0.290572413842411,1,0,0.142684686260389,81.64
"04023",0,0,0,0,0.0957357716379292,62.23
"04025",1.18681683855731e-05,0.105621417696556,1,0,0.179773183478904,89.56
"04027",0,0,0,0,0.111957549922881,71.21
"05001",0,0,0,0,0.0555783888317496,24.53
"05003",0,0,0,0,0.0563295863354115,25.42
"05005",0,0,0,0,0.107616531005704,69.04
"05007",1.23073893565697e-05,0.109530288899893,1,0,0.176055715897177,88.8
"05009",0,0,0,0,0.10911815795323,70
"05011",0,0,0,0,0.0476727936389073,15.81
"05013",0,0,0,0,0.0265030616336357,1.4
"05015",0,0,0,0,0.0762426177144837,47.28
"05017",0,0,0,0,0.0469481151976189,15.11
"05019",0,0,0,0,0.0627745636024508,33.25
"05021",0,0,0,0,0.0681807260250132,39.26
"05023",0,0,0,0,0.0834222149767247,53.64
"05025",0,0,0,0,0.0325069859077572,3.66
"05027",0,0,0,0,0.0673031977154043,38.24
"05029",0,0,0,0,0.0721961610535574,43.37
"05031",0,0,0,0,0.142888294684345,81.74
"05033",0,0,0,0,0.104115113823469,67.45
"05035",0,0,0,0,0.101355809910641,65.8
"05037",0,0,0,0,0.0546201351287358,23.35
"05039",0,0,0,0,0.0417883070009783,9.83
"05041",0,0,0,0,0.0475607307320613,15.75
"05043",0,0,0,0,0.0690527927813592,40.06
"05045",3.7628642922993e-05,0.3348781785364,1,0,0.152871806964192,84.19
"05047",0,0,0,0,0.0523732658808281,20.97
"05049",0,0,0,0,0.0545900269754785,23.16
"05051",0,0,0,0,0.163892641140901,86.38
"05053",0,0,0,0,0.0631461128855858,33.79
"05055",0,0,0,0,0.0911071408347915,59.56
"05057",0,0,0,0,0.0606974987211466,31.12
"05059",0,0,0,0,0.0702664545502009,41.39
"05061",0,0,0,0,0.0481684119314076,16.48
"05063",0,0,0,0,0.0800343072661169,51
"05065",0,0,0,0,0.0653691337525948,36.24
"05067",0,0,0,0,0.0522762111679546,20.87
"05069",0,0,0,0,0.0981723781820835,63.92
"05071",0,0,0,0,0.0556127524972479,24.63
"05073",0,0,0,0,0.0454364345169494,13.52
"05075",0,0,0,0,0.0602157051357937,30.73
"05077",0,0,0,0,0.0367312539437229,6.4
"05079",0,0,0,0,0.0324600680976922,3.63
"05081",0,0,0,0,0.0425941538026695,10.56
"05083",0,0,0,0,0.0606090785526075,30.96
"05085",0,0,0,0,0.105351239391105,67.93
"05087",0,0,0,0,0.0693176302023297,40.41
"05089",0,0,0,0,0.0593400831137639,29.3
"05091",0,0,0,0,0.089160990907238,58.16
"05093",0,0,0,0,0.0652004337243255,35.98
"05095",0,0,0,0,0.0506430603366667,18.9
"05097",0,0,0,0,0.063895799976081,34.84
"05099",0,0,0,0,0.0409531375726481,9.16
"05101",0,0,0,0,0.0492006403598942,17.44
"05103",0,0,0,0,0.0736097595265663,44.48
"05105",0,0,0,0,0.0613203377882608,31.66
"05107",0,0,0,0,0.0589681050452776,28.86
"05109",0,0,0,0,0.0555849206181483,24.56
"05111",0,0,0,0,0.0485636179220369,16.86
"05113",0,0,0,0,0.0689122533900467,39.96
"05115",0,0,0,0,0.121264427686314,75.12
"05117",0,0,0,0,0.0370754009913765,6.59
"05119",2.41134849497406e-05,0.214599286364371,1,0,0.206349135667891,92.87
"05121",0,0,0,0,0.0549068194066577,23.77
"05123",0,0,0,0,0.06103670528078,31.4
"05125",0,0,0,0,0.130367704614555,78.27
"05127",0,0,0,0,0.0347773036419062,5.31
"05129",0,0,0,0,0.061026571888869,31.37
"05131",0,0,0,0,0.168636192196811,87.37
"05133",0,0,0,0,0.0459589646460346,14.06
"05135",0,0,0,0,0.0768764423041819,47.79
"05137",0,0,0,0,0.0713713317738819,42.54
"05139",0,0,0,0,0.103324872653929,66.88
"05141",0,0,0,0,0.0717067804022794,42.79
"05143",1.45939595601381e-05,0.129879746264955,1,0,0.179779799508689,89.6
"05145",0,0,0,0,0.112371057997124,71.46
"05147",0,0,0,0,0.0301112054554634,2.67
"05149",0,0,0,0,0.059303182167014,29.24
"06001",0.000115700829416142,1.02968589883301,1,1,0.389613331593082,99.87
"06003",0,0,0,0,0.0869215705630556,56.19
"06005",0,0,0,0,0.107702846743665,69.17
"06007",2.24240385693463e-05,0.199563965325577,1,0,0.176860296889461,89.06
"06009",0,0,0,0,0.126771264227692,76.96
"06011",0,0,0,0,0.0540111259105799,22.88
"06013",2.52361298788895e-05,0.224590326694629,1,0,0.27955343268466,97.71
"06015",0,0,0,0,0.0676463016980734,38.75
"06017",2.88342320002307e-05,0.256611834540356,1,0,0.179152222206332,89.47
"06019",6.31006392094752e-06,0.0561567611306,1,0,0.177540749453396,89.18
"06021",0,0,0,0,0.0758085532976937,46.96
"06023",0,0,0,0,0.131991617347513,78.75
"06025",0,0,0,0,0.0953066057593167,62.07
"06027",0,0,0,0,0.0777661966852886,48.71
"06029",2.57473158423234e-06,0.0229139654308661,1,0,0.135605109056448,79.7
"06031",0,0,0,0,0.0560776382464873,25.23
"06033",0,0,0,0,0.085580543714714,55.27
"06035",0,0,0,0,0.0537451645455804,22.49
"06037",0.000374591646568213,3.3336989737959,1,1,0.448363153292573,99.94
"06039",0,0,0,0,0.10029433074314,65.19
"06041",0.000270385975980712,2.40631487357944,1,1,0.30853700969481,98.66
"06043",0,0,0,0,0.0743401436449015,45.18
"06045",0,0,0,0,0.124633900576619,76.23
"06047",0,0,0,0,0.0924450941898539,60.36
"06049",0,0,0,0,0.0565891049256619,25.9
"06051",0,0,0,0,0.0730197690671376,43.94
"06053",1.32342820843112e-05,0.117779221740759,1,0,0.102959516991842,66.53
"06055",1.12344403001842e-05,0.0999815197242405,1,0,0.131506611645574,78.71
"06057",0,0,0,0,0.207695145842394,92.94
"06059",0.000232411166089324,2.06835596305695,1,1,0.454998488035309,99.97
"06061",9.45657775907477e-06,0.0841593341972935,1,0,0.208486629820834,93.06
"06063",0,0,0,0,0.0798182408540929,50.84
"06065",3.73794900814561e-05,0.332660829111342,1,0,0.2279814803539,94.85
"06067",1.36331130965881e-05,0.121328640283662,1,0,0.224013509521072,94.65
"06069",0,0,0,0,0.125571718913263,76.65
"06071",1.45348837209302e-05,0.129353997582763,1,0,0.28799521532722,98
"06073",0.000137295304555723,1.22186711876145,1,1,0.365926962126928,99.68
"06075",0.000125945545725866,1.12085931543598,1,1,0.311868203524757,98.79
"06077",6.25095717781785e-06,0.0556307374172551,1,0,0.191492245900595,90.96
"06079",2.84317070396907e-05,0.253029541501595,1,0,0.201427039669189,92.27
"06081",6.6421976675173e-05,0.591126036867448,1,0,0.239684084225878,95.61
"06083",0.000153920309784876,1.36982226773375,1,1,0.251103738518594,96.34
"06085",3.57897288358659e-05,0.318512661415777,1,0,0.212651681532077,93.48
"06087",8.23295983138898e-06,0.0732696791096391,1,0,0.23376179449957,95.35
"06089",1.25461069430156e-05,0.111654769197979,1,0,0.176362041499399,88.86
"06091",0,0,0,0,0.0957205227278037,62.2
"06093",0,0,0,0,0.0903332380039599,58.89
"06095",5.93126846107309e-06,0.052785650088934,1,0,0.218436386703875,94.21
"06097",3.38031977825102e-05,0.300833418980296,1,0,0.256572964695894,96.56
"06099",4.50929817283238e-06,0.040130747252458,1,0,0.188237654730801,90.49
"06101",0,0,0,0,0.122864790052376,75.72
"06103",0,0,0,0,0.0759433121048398,47.06
"06105",0,0,0,0,0.0746609342734476,45.56
"06107",5.14207554737394e-06,0.0457621843212671,1,0,0.132024378128478,78.78
"06109",0,0,0,0,0.112135661790955,71.36
"06111",5.95782378829521e-05,0.530219806849851,1,0,0.306387386874094,98.57
"06113",0,0,0,0,0.15069011627596,83.65
"06115",0,0,0,0,0.0732043121178558,44.1
"08001",3.57684493661831e-06,0.0318323283604247,1,0,0.217099723527636,93.95
"08003",0,0,0,0,0.0798390224201178,50.87
"08005",3.69108760532782e-05,0.328490372778011,1,0,0.261773953686636,96.95
"08007",0,0,0,0,0.111113634321971,70.82
"08009",0,0,0,0,0.0471928912017198,15.43
"08011",0,0,0,0,0.0387155355955685,7.51
"08013",6.38700700289696e-05,0.568415203228711,1,0,0.291229965898505,98.09
"08014",0,0,0,0,0.193482130992471,91.22
"08015",0,0,0,0,0.122893338701084,75.79
"08017",0,0,0,0,0.0558115866000682,24.75
"08019",0,0,0,0,0.0933704039827683,60.93
"08021",0,0,0,0,0.05650672415444,25.61
"08023",0,0,0,0,0.0493210707585709,17.66
"08025",0,0,0,0,0.0186530583141913,0.32
"08027",0,0,0,0,0.0816081641040914,52.15
"08029",0,0,0,0,0.131252544743585,78.56
"08031",9.03988364378339e-05,0.804509419860414,1,0,0.336467798172363,99.33
"08033",0,0,0,0,0.092191102140043,60.2
"08035",2.3793519834873e-05,0.211751739215744,1,0,0.226103821718197,94.81
"08037",0,0,0,0,0.134621079206456,79.41
"08039",0,0,0,0,0.134702205866939,79.48
"08041",2.27258954002788e-05,0.202250356804757,1,0,0.19334559114895,91.19
"08043",0,0,0,0,0.100982315887119,65.67
"08045",0,0,0,0,0.149814909137207,83.52
"08047",0,0,0,0,0.0395340693083913,8.02
"08049",0,0,0,0,0.0939573569696899,61.41
"08051",0,0,0,0,0.118665660955777,74.07
"08053",0,0,0,0,0.0499224134507947,18.29
"08055",0,0,0,0,0.0472954995806797,15.49
"08057",0,0,0,0,0.0597401744027312,30.03
"08059",0.000139233501722568,1.23911621111394,1,1,0.308686360174358,98.7
"08061",0,0,0,0,0.0517373013090023,20.04
"08063",0,0,0,0,0.0577306994585316,27.14
"08065",0,0,0,0,0.0630302609452726,33.57
"08067",0,0,0,0,0.182304928862707,89.85
"08069",5.01170232492871e-06,0.0446019206531957,1,0,0.222964444268604,94.59
"08071",0,0,0,0,0.0686543725712346,39.68
"08073",0,0,0,0,0.0473004102685355,15.53
"08075",0,0,0,0,0.0705093261641145,41.78
"08077",0,0,0,0,0.192752828074651,91.12
"08079",0,0,0,0,0.0383011294524849,7.25
"08081",0,0,0,0,0.0751667098508798,46.2
"08083",0,0,0,0,0.113408399381146,72.03
"08085",0,0,0,0,0.147595225993955,82.98
"08087",0,0,0,0,0.0624652194940839,32.9
"08089",0,0,0,0,0.0694344352756564,40.6
"08091",0,0,0,0,0.106989354377777,68.82
"08093",0,0,0,0,0.126278332932866,76.81
"08095",0,0,0,0,0.036354071149942,6.24
"08097",0,0,0,0,0.127547485109982,77.38
"08099",0,0,0,0,0.0498274050887619,18.26
"08101",0,0,0,0,0.144451615099365,82.25
"08103",0,0,0,0,0.0428858261983519,10.82
"08105",0,0,0,0,0.0569967921214865,26.47
"08107",0,0,0,0,0.15771700039362,85.3
"08109",0,0,0,0,0.0477112989948814,15.88
"08111",0,0,0,0,0.0750435560533103,46.04
"08113",0,0,0,0,0.108130783827078,69.39
"08115",0,0,0,0,0.0469464888467109,15.08
"08117",0,0,0,0,0.112695782850675,71.56
"08119",0,0,0,0,0.104624842716948,67.61
"08121",0,0,0,0,0.0568405443619282,26.22
"08123",7.17735973644735e-06,0.0638753079711334,1,0,0.182914613804751,89.91
"08125",0,0,0,0,0.0525008175901323,21.19
"09110",2.45453844157848e-05,0.218442999431454,1,0,0.255022297475957,96.5
"09120",9.11978842090863e-05,0.811620589475226,1,0,0.250165311791419,96.31
"09130",4.78818276493614e-05,0.426126960279347,1,0,0.198405588722001,91.82
"09140",4.20404323858471e-05,0.374141141658142,1,0,0.263482343340143,97.17
"09150",0,0,0,0,0.16931613886002,87.56
"09160",0.000112052350858321,0.997216063118428,1,0,0.194842298332102,91.41
"09170",9.54292567015196e-06,0.0849277921839695,1,0,0.241331042940775,95.7
"09180",0,0,0,0,0.158094600206962,85.4
"09190",0.000350491719264969,3.11922034445265,1,1,0.350966110159146,99.59
"10001",2.43122667541908e-05,0.216368355972773,1,0,0.135536100813152,79.67
"10003",6.06242478804247e-06,0.0539528830388153,1,0,0.21288858142718,93.54
"10005",9.51492892348094e-06,0.0846786335962064,1,0,0.157119548805245,85.11
"11001",5.67051357594913e-05,0.504650476384688,1,0,0.146417871725102,82.63
"12001",0,0,0,0,0.129227142445957,77.95
"12003",0,0,0,0,0.0549598687290323,23.86
"12005",0,0,0,0,0.176177245487369,88.83
"12007",0,0,0,0,0.0686929880219915,39.83
"12009",1.12483830449373e-05,0.100105603948491,1,0,0.219337305421732,94.3
"12011",6.81593912450788e-05,0.606588253448666,1,0,0.364621741536554,99.65
"12013",0,0,0,0,0.0438569527048227,11.84
"12015",0,0,0,0,0.163281948170109,86.29
"12017",0,0,0,0,0.135730584093689,79.73
"12019",0,0,0,0,0.171110272302853,87.94
"12021",6.16184074722589e-05,0.548376408387956,1,0,0.214290347282039,93.67
"12023",0,0,0,0,0.108221516452797,69.55
"12027",0,0,0,0,0.0750050800736542,46.01
"12029",0,0,0,0,0.0521448566578299,20.62
"12031",8.89785736416865e-05,0.791869712943792,1,0,0.286033085997456,97.93
"12033",5.82655510755821e-06,0.0518537478365657,1,0,0.180249625899455,89.66
"12035",6.10798924993892e-05,0.543583864750434,1,0,0.158313220553324,85.49
"12037",0,0,0,0,0.0848905620536253,54.6
"12039",0,0,0,0,0.0579515058444202,27.55
"12041",0,0,0,0,0.0534614840447148,22.21
"12043",0,0,0,0,0.062801941689048,33.28
"12045",0,0,0,0,0.0895048247000338,58.45
"12047",0,0,0,0,0.052697139094976,21.41
"12049",0,0,0,0,0.0624790269328065,32.93
"12051",0,0,0,0,0.0859163913167094,55.52
"12053",0,0,0,0,0.156241939252983,84.92
"12055",0,0,0,0,0.123937106918258,76.07
"12057",2.74733136822826e-05,0.244500267073415,1,0,0.322196008212235,98.98
"12059",0,0,0,0,0.0625354476477404,33.03
"12061",4.55927051671732e-05,0.405754788770248,1,0,0.188143348401859,90.45
"12063",0,0,0,0,0.0763106099220866,47.31
"12065",0,0,0,0,0.0702379405270027,41.36
"12067",0,0,0,0,0.0359812629212324,6.01
"12069",7.48856122273228e-06,0.0666448627248935,1,0,0.198480285937641,91.85
"12071",1.49419654063617e-05,0.132976843445469,1,0,0.215351787155492,93.76
"12073",5.57488181250557e-06,0.0496139674967337,1,0,0.179810711649369,89.63
"12075",0,0,0,0,0.102802349522279,66.4
"12077",0,0,0,0,0.0249112385719891,1.05
"12079",0,0,0,0,0.0600752916945471,30.42
"12081",3.72453350217885e-05,0.331466908774781,1,0,0.228910285598342,94.88
"12083",1.49067952626205e-05,0.132663844815701,1,0,0.19179358881236,91.03
"12085",1.16395465232675e-05,0.103586784851062,1,0,0.207834533779406,92.97
"12086",0.000240194076814066,2.13762040537413,1,1,0.420531543214201,99.9
"12087",1.83945257891252e-05,0.163703094579025,1,0,0.145224775366781,82.41
"12089",0,0,0,0,0.154002713323211,84.38
"12091",0,0,0,0,0.142056391738726,81.48
"12093",0,0,0,0,0.0870239961496109,56.25
"12095",6.45357041375092e-05,0.574339050609963,1,0,0.26295594523524,97.07
"12097",5.14698313260099e-05,0.458058596460778,1,0,0.173798376262068,88.45
"12099",5.98977831309613e-05,0.533063617370264,1,0,0.307354337600768,98.6
"12101",6.00236493178312e-06,0.0534183770427194,1,0,0.199658892130064,92.01
"12103",2.03541624262162e-05,0.181142988676859,1,0,0.348096655543742,99.55
"12105",3.42837943932283e-06,0.0305110514966388,1,0,0.203422294574203,92.4
"12107",0,0,0,0,0.0949196917826352,61.95
"12109",2.64158918005072e-05,0.235089682842722,1,0,0.217168226246548,94.02
"12111",3.8080006092801e-05,0.338895109906289,1,0,0.178861079966052,89.44
"12113",0,0,0,0,0.166430028906291,86.76
"12115",8.06421008690372e-05,0.717678814716707,1,0,0.239017864208186,95.55
"12117",4.20746151224582e-05,0.374445352803814,1,0,0.276915183029243,97.65
"12119",0,0,0,0,0.117431791573957,73.69
"12121",0,0,0,0,0.0748006769475604,45.88
"12123",0,0,0,0,0.0652285550299338,36.11
"12125",0,0,0,0,0.0315627605976173,3.15
"12127",4.72371019093237e-06,0.0420389188074242,1,0,0.224354234932582,94.69
"12129",0,0,0,0,0.0984368399523515,64.02
"12131",0,0,0,0,0.16796337541138,87.21
"12133",0,0,0,0,0.0625844498624485,33.09
"13001",0,0,0,0,0.0634995755059208,34.3
"13003",0,0,0,0,0.0501711287719881,18.52
"13005",0,0,0,0,0.0577439229734276,27.17
"13007",0,0,0,0,0.0639268193479876,34.87
"13009",0,0,0,0,0.0836977732842342,53.87
"13011",0,0,0,0,0.062503458590012,32.99
"13013",0,0,0,0,0.142671068529837,81.61
"13015",0,0,0,0,0.146064727864684,82.53
"13017",0,0,0,0,0.0534839374077818,22.24
"13019",0,0,0,0,0.0638632998228572,34.81
"13021",0,0,0,0,0.164768464938733,86.45
"13023",0,0,0,0,0.0516938210871214,19.98
"13025",0,0,0,0,0.0465075636263426,14.54
"13027",0,0,0,0,0.0532625378589518,21.99
"13029",0,0,0,0,0.0988055211695033,64.33
"13031",0,0,0,0,0.118690039059888,74.1
"13033",0,0,0,0,0.0597240195315003,29.97
"13035",0,0,0,0,0.0508569595715194,19.15
"13037",0,0,0,0,0.0295501804966113,2.45
"13039",9.90442232456792e-05,0.881449515544406,1,0,0.07156804185206,42.67
"13043",0,0,0,0,0.0682984373471349,39.39
"13045",0,0,0,0,0.121160086504304,75.02
"13047",0,0,0,0,0.118511565328155,73.94
"13049",0,0,0,0,0.0529144211302952,21.67
"13051",5.27479019521999e-06,0.0469432856335503,1,0,0.190346749335778,90.74
"13053",0,0,0,0,0.0222119778529166,0.6
"13055",0,0,0,0,0.0489241411116272,17.15
"13057",3.4649234251923e-05,0.308362767100348,1,0,0.20585658883738,92.75
"13059",1.19136971776451e-05,0.106026603687219,1,0,0.130411540716491,78.33
"13061",0,0,0,0,0.0441382033279003,12.47
"13063",0,0,0,0,0.143273808328252,81.96
"13065",0,0,0,0,0.064473696047746,35.22
"13067",2.33583735097358e-05,0.207879130547476,1,0,0.282924487296867,97.8
"13069",0,0,0,0,0.0826388940073846,53.1
"13071",0,0,0,0,0.0733087564295473,44.16
"13073",0,0,0,0,0.154687963748884,84.57
"13075",0,0,0,0,0.0626003578262583,33.12
"13077",0,0,0,0,0.14764110915334,83.01
"13079",0,0,0,0,0.0430427774424462,10.98
"13081",0,0,0,0,0.0651591302752193,35.95
"13083",0,0,0,0,0.0630260905606509,33.53
"13085",0,0,0,0,0.101049857386922,65.7
"13087",0,0,0,0,0.0734907368772861,44.32
"13089",7.04159894995676e-05,0.626670973803428,1,0,0.25936825468466,96.85
"13091",0,0,0,0,0.0594549931927914,29.69
"13093",0,0,0,0,0.0453176253106673,13.39
"13095",0,0,0,0,0.13017249341202,78.14
"13097",0,0,0,0,0.154393710115035,84.47
"13099",0,0,0,0,0.0492941096297951,17.63
"13101",0,0,0,0,0.041651367216463,9.7
"13103",0,0,0,0,0.0851295762633496,54.88
"13105",0,0,0,0,0.066270913256432,37.32
"13107",0,0,0,0,0.0645505035758354,35.32
"13109",0,0,0,0,0.0459167849936428,13.94
"13111",0,0,0,0,0.0968858715147529,63.16
"13113",0,0,0,0,0.204401424465251,92.55
"13115",0,0,0,0,0.115795255657391,72.89
"13117",1.98041370842369e-05,0.176248007875988,1,0,0.223851376124254,94.62
"13119",0,0,0,0,0.0809269743096108,51.54
"13121",9.92016214602284e-05,0.882850289616992,1,0,0.331436560627107,99.24
"13123",0,0,0,0,0.0985563224917615,64.17
"13125",0,0,0,0,0.0401796456776804,8.62
"13127",4.27405222891824e-05,0.380371630281408,1,0,0.146526832637395,82.69
"13129",0,0,0,0,0.0854548803876155,55.2
"13131",0,0,0,0,0.0648793857484399,35.6
"13133",0,0,0,0,0.0837898772824549,54.02
"13135",6.70584369572458e-06,0.0596790250174515,1,0,0.346837440863508,99.49
"13137",0,0,0,0,0.0806466868929329,51.42
"13139",0,0,0,0,0.171330926627437,88.07
"13141",0,0,0,0,0.066457277345122,37.61
"13143",0,0,0,0,0.0792260175156422,50.4
"13145",0,0,0,0,0.0778700940565713,48.87
"13147",0,0,0,0,0.0675577589752089,38.69
"13149",0,0,0,0,0.0544262037656708,23.04
"13151",0,0,0,0,0.133581574485698,79.22
"13153",0,0,0,0,0.0868288350182577,56.09
"13155",0,0,0,0,0.0417438035790224,9.8
"13157",0,0,0,0,0.0994250168892938,64.72
"13159",0,0,0,0,0.0774637784468219,48.39
"13161",0,0,0,0,0.057865784686998,27.3
"13163",0,0,0,0,0.0579376718457874,27.49
"13165",0,0,0,0,0.0452531447830861,13.33
"13167",0,0,0,0,0.0561709102989589,25.29
"13169",0,0,0,0,0.0700588047430901,41.17
"13171",0,0,0,0,0.0580553225135903,27.71
"13173",0,0,0,0,0.0456226351912357,13.84
"13175",0,0,0,0,0.0924290420817629,60.32
"13177",0,0,0,0,0.085355547430867,55.14
"13179",0,0,0,0,0.0497721050152212,18.2
"13181",0,0,0,0,0.0627503535974938,33.15
"13183",0,0,0,0,0.0707399418769827,41.97
"13185",0,0,0,0,0.127792175260324,77.47
"13187",0,0,0,0,0.105722418810634,67.99
"13189",0,0,0,0,0.0719205890544896,43.02
"13191",0,0,0,0,0.0621267384032502,32.52
"13193",0,0,0,0,0.047991905418389,16.23
"13195",0,0,0,0,0.0776149102346987,48.65
"13197",0,0,0,0,0.0354073916707032,5.79
"13199",0,0,0,0,0.064699563958183,35.54
"13201",0,0,0,0,0.0331898755670129,4.07
"13205",0,0,0,0,0.0519334584293666,20.33
"13207",0,0,0,0,0.0703660927873143,41.55
"13209",0,0,0,0,0.0506174563880912,18.87
"13211",0,0,0,0,0.0824699330329235,52.94
"13213",0,0,0,0,0.0652797992764621,36.18
"13215",0,0,0,0,0.151749944237306,83.93
"13217",0,0,0,0,0.144882531929016,82.31
"13219",0,0,0,0,0.137425701200728,80.31
"13221",0,0,0,0,0.0558172615416424,24.79
"13223",0,0,0,0,0.167375499059855,87.08
"13225",0,0,0,0,0.065481678650931,36.4
"13227",0,0,0,0,0.114167380508642,72.32
"13229",0,0,0,0,0.0640301309720903,34.93
"13231",0,0,0,0,0.07831905474337,49.51
"13233",0,0,0,0,0.0781561510248908,49.28
"13235",0,0,0,0,0.04552435919013,13.71
"13237",0,0,0,0,0.0760170670037398,47.12
"13239",0,0,0,0,0.0348425615102901,5.38
"13241",0,0,0,0,0.077887459886515,48.93
"13243",0,0,0,0,0.0473650783294761,15.59
"13245",0,0,0,0,0.139347216242765,80.94
"13247",0,0,0,0,0.153889208488541,84.35
"13249",0,0,0,0,0.056245992278939,25.39
"13251",0,0,0,0,0.054616087062351,23.32
"13253",0,0,0,0,0.0381672432773263,7.13
"13255",0,0,0,0,0.110104620274207,70.35
"13257",0,0,0,0,0.0811346443938981,51.67
"13259",0,0,0,0,0.0185290657940546,0.25
"13261",0,0,0,0,0.0832150258029753,53.55
"13263",0,0,0,0,0.0381652064340466,7.1
"13265",0,0,0,0,0.0186294832459559,0.29
"13267",0,0,0,0,0.0491985499149704,17.4
"13269",0,0,0,0,0.0522634284361687,20.84
"13271",0,0,0,0,0.0489783583027904,17.18
"13273",0,0,0,0,0.0511926220497543,19.5
"13275",0,0,0,0,0.130754197305568,78.4
"13277",0,0,0,0,0.0992195176894906,64.59
"13279",0,0,0,0,0.0768665824912707,47.69
"13281",0,0,0,0,0.0656223484075678,36.59
"13283",0,0,0,0,0.0586779480627544,28.51
"13285",0,0,0,0,0.0925409310739272,60.42
"13287",0,0,0,0,0.0591771038996198,29.11
"13289",0,0,0,0,0.0461615675856035,14.25
"13291",0,0,0,0,0.0908048646976417,59.37
"13293",0,0,0,0,0.0656297173423,36.62
"13295",0,0,0,0,0.0801124432269501,51.07
"13297",0,0,0,0,0.135927227541251,79.86
"13299",0,0,0,0,0.0771638532024782,48.17
"13301",0,0,0,0,0.0787433879315069,49.86
"13303",0,0,0,0,0.0580341060172672,27.65
"13305",0,0,0,0,0.0730563663825682,43.97
"13307",0,0,0,0,0.0699422237107712,41.01
"13309",0,0,0,0,0.0718390425812677,42.95
"13311",0,0,0,0,0.0959213026114972,62.42
"13313",0,0,0,0,0.121250780216261,75.09
"13315",0,0,0,0,0.0420421021353893,9.99
"13317",0,0,0,0,0.0479766946851842,16.13
"13319",0,0,0,0,0.0392325040416733,7.83
"13321",0,0,0,0,0.0675414709261299,38.59
"15001",3.41300811158261e-05,0.303742535194738,1,0,0.178023745328108,89.28
"15003",9.14302432958774e-06,0.0813688481955702,1,0,0.215432143353721,93.83
"15007",0,0,0,0,0.142558076404374,81.55
"15009",2.34266102866246e-05,0.20848640749872,1,0,0.186385950282457,90.26
"16001",3.10781958485746e-06,0.0276582114302313,1,0,0.297567601877425,98.38
"16003",0,0,0,0,0.0746846263245208,45.59
"16005",0,0,0,0,0.157643178116331,85.27
"16007",0,0,0,0,0.0730720229605669,44
"16009",0,0,0,0,0.0633667119695931,34.14
"16011",0,0,0,0,0.102446809867855,66.27
"16013",0,0,0,0,0.171230548878849,88.04
"16015",0,0,0,0,0.0830039815821871,53.48
"16017",0,0,0,0,0.171876417910994,88.16
"16019",0,0,0,0,0.212787042958255,93.51
"16021",0,0,0,0,0.0825439213804179,52.97
"16023",0,0,0,0,0.0127826522610091,0.1
"16025",0,0,0,0,0.0616890826875498,31.98
"16027",0,0,0,0,0.18924894373507,90.65
"16029",0,0,0,0,0.0523906412513754,21
"16031",0,0,0,0,0.0821974691555413,52.62
"16033",0,0,0,0,0.0453863141835876,13.49
"16035",0,0,0,0,0.0673927862955111,38.4
"16037",0,0,0,0,0.0663959995903043,37.51
"16039",0,0,0,0,0.0555686081632028,24.5
"16041",0,0,0,0,0.0872689791285064,56.47
"16043",0,0,0,0,0.0743231363528646,45.12
"16045",0,0,0,0,0.111856636121157,71.08
"16047",0,0,0,0,0.0493682231387511,17.79
"16049",0,0,0,0,0.0941458157693081,61.53
"16051",0,0,0,0,0.102595429744811,66.31
"16053",0,0,0,0,0.0659324827440881,37
"16055",0,0,0,0,0.225554573243073,94.78
"16057",0,0,0,0,0.1155782121561,72.73
"16059",0,0,0,0,0.0907159221378513,59.27
"16061",0,0,0,0,0.0481387511914925,16.45
"16063",0,0,0,0,0.0547211505325404,23.42
"16065",0,0,0,0,0.098811374437637,64.37
"16067",0,0,0,0,0.0692468707818222,40.28
"16069",0,0,0,0,0.108035584286533,69.36
"16071",0,0,0,0,0.0539730826600985,22.81
"16073",0,0,0,0,0.0609699730403203,31.34
"16075",0,0,0,0,0.0971114677269698,63.35
"16077",0,0,0,0,0.032622971576491,3.75
"16079",0,0,0,0,0.0787233809500173,49.79
"16081",0,0,0,0,0.130289365116318,78.24
"16083",0,0,0,0,0.162319475625479,86.03
"16085",0,0,0,0,0.108217121176088,69.49
"16087",0,0,0,0,0.081414897557445,51.99
"17001",0.000174820080999971,1.5558209318541,1,1,0.179490813445605,89.53
"17003",0,0,0,0,0.0342787452807368,4.96
"17005",0,0,0,0,0.0649639005344675,35.7
"17007",0,0,0,0,0.101600870034141,66.02
"17009",0,0,0,0,0.0351918116601431,5.7
"17011",0,0,0,0,0.0813409833625538,51.89
"17013",0,0,0,0,0.0673502860857443,38.31
"17015",0,0,0,0,0.0640709181616241,35
"17017",0,0,0,0,0.0494680001314083,17.94
"17019",0,0,0,0,0.125365052022825,76.55
"17021",0,0,0,0,0.0773332648079874,48.3
"17023",0,0,0,0,0.0569696672179151,26.38
"17025",0.000380589914367269,3.38708088818044,1,1,0.081964336262652,52.4
"17027",0,0,0,0,0.0806755574634265,51.45
"17029",0,0,0,0,0.0768710182193185,47.73
"17031",0.000379291797938475,3.37552822958224,1,1,0.485997549082538,100
"17033",0,0,0,0,0.0676335314309447,38.72
"17035",0,0,0,0,0.0434188087219076,11.42
"17037",0,0,0,0,0.132264465255493,78.84
"17039",0,0,0,0,0.0512688955327208,19.57
"17041",0,0,0,0,0.0841778780381962,54.18
"17043",4.78904267037019e-05,0.426203488036689,1,0,0.38192061663375,99.75
"17045",0,0,0,0,0.0329492781782835,3.98
"17047",0,0,0,0,0.0557423672946846,24.69
"17049",0,0,0,0,0.110978303479901,70.73
"17051",0,0,0,0,0.0871314979314265,56.38
"17053",0,0,0,0,0.0521216831721965,20.49
"17055",0,0,0,0,0.0875874731713943,56.89
"17057",0,0,0,0,0.0726952212443275,43.78
"17059",0,0,0,0,0.0520862736720736,20.43
"17061",0,0,0,0,0.03661550803858,6.36
"17063",0,0,0,0,0.0875153582886187,56.73
"17065",0,0,0,0,0.0608744561033117,31.31
"17067",0,0,0,0,0.0664608641815018,37.64
"17069",0,0,0,0,0.0342257980280309,4.9
"17071",0,0,0,0,0.0526640357843929,21.38
"17073",0,0,0,0,0.0804490128981142,51.32
"17075",0,0,0,0,0.0675412177051235,38.56
"17077",0,0,0,0,0.0877437365793994,57.11
"17079",0,0,0,0,0.0499494241011434,18.33
"17081",0,0,0,0,0.0766629843349779,47.5
"17083",0,0,0,0,0.0652211354344513,36.08
"17085",0,0,0,0,0.121825482609257,75.34
"17087",0,0,0,0,0.0406817113670842,9
"17089",3.00515598906123e-05,0.267445511094859,1,0,0.301104590195313,98.47
"17091",0,0,0,0,0.136893525355486,80.21
"17093",0,0,0,0,0.152506639127213,84.12
"17095",0,0,0,0,0.088124688914733,57.3
"17097",2.69021139681156e-05,0.239416843781956,1,0,0.249876752893263,96.28
"17099",0,0,0,0,0.141956961318314,81.45
"17101",0,0,0,0,0.0424475539203301,10.44
"17103",0,0,0,0,0.0869368816835016,56.22
"17105",0,0,0,0,0.075838601645155,46.99
"17107",0,0,0,0,0.058056834380333,27.74
"17109",0,0,0,0,0.0564129645402644,25.52
"17111",9.27377099349909e-06,0.0825324353265211,1,0,0.228956865362542,94.91
"17113",2.05710524150416e-05,0.183073213068668,1,0,0.116532272204697,73.31
"17115",0,0,0,0,0.121141207988094,74.99
"17117",0,0,0,0,0.0743946377323676,45.21
"17119",0,0,0,0,0.160841379633937,85.91
"17121",0,0,0,0,0.0781623047936112,49.32
"17123",0,0,0,0,0.0420916578640312,10.05
"17125",0,0,0,0,0.0493886947138227,17.82
"17127",0,0,0,0,0.0524569686622445,21.09
"17129",0,0,0,0,0.0633117606296992,34.01
"17131",0,0,0,0,0.0578857713742341,27.39
"17133",0,0,0,0,0.106054029254153,68.31
"17135",0,0,0,0,0.0709002745272225,42.19
"17137",0,0,0,0,0.080829019099237,51.48
"17139",0,0,0,0,0.0636114052227536,34.43
"17141",0,0,0,0,0.0957773413582331,62.3
"17143",9.07762275215367e-06,0.0807868032579052,1,0,0.149401220773233,83.33
"17145",0,0,0,0,0.058564291242342,28.29
"17147",0,0,0,0,0.0709329052277607,42.22
"17149",0,0,0,0,0.0735459556124036,44.38
"17151",0,0,0,0,0.0513915851454505,19.79
"17153",0,0,0,0,0.03079830132694,2.86
"17155",0,0,0,0,0.062192541657429,32.55
"17157",0,0,0,0,0.0696872789364624,40.82
"17159",0,0,0,0,0.0660527769608591,37.16
"17161",0,0,0,0,0.143000390347928,81.8
"17163",0,0,0,0,0.175875445046813,88.67
"17165",0,0,0,0,0.057779608766245,27.2
"17167",0,0,0,0,0.119380230718228,74.48
"17169",0,0,0,0,0.0473465726844434,15.56
"17171",0,0,0,0,0.0652536513490623,36.14
"17173",0,0,0,0,0.0576597335529767,27.08
"17175",0,0,0,0,0.0365455378809215,6.33
"17177",0,0,0,0,0.0903665975689407,58.92
"17179",0,0,0,0,0.125242675261561,76.46
"17181",0,0,0,0,0.0560680396286801,25.17
"17183",0,0,0,0,0.103678663663419,67.13
"17185",0,0,0,0,0.0586439712653777,28.38
"17187",0,0,0,0,0.0475627564825166,15.78
"17189",0,0,0,0,0.0565767572360098,25.87
"17191",0,0,0,0,0.0631726516374129,33.88
"17193",0,0,0,0,0.0445457771654662,12.79
"17195",0,0,0,0,0.113983460392457,72.26
"17197",3.45433882227772e-06,0.0307420784538866,1,0,0.245269788492969,95.9
"17199",0,0,0,0,0.0964176565463143,62.68
"17201",5.81682808364599e-05,0.517671816519448,1,0,0.199706206390147,92.05
"17203",0,0,0,0,0.070046538754832,41.14
"18001",0,0,0,0,0.0968162567555557,63.06
"18003",9.14783356431613e-06,0.0814116482447055,1,0,0.240524196764461,95.67
"18005",0,0,0,0,0.113367997561204,71.97
"18007",0,0,0,0,0.0826855866918409,53.17
"18009",0,0,0,0,0.0628300732191779,33.38
"18011",2.02236738325884e-05,0.1799816982566,1,0,0.127190794145857,77.19
"18013",0,0,0,0,0.0926336630141497,60.52
"18015",0,0,0,0,0.0659254012088953,36.97
"18017",0,0,0,0,0.0802782669748122,51.13
"18019",0,0,0,0,0.169738161422427,87.62
"18021",0,0,0,0,0.062418824753773,32.87
"18023",0,0,0,0,0.0677956414820315,38.94
"18025",0,0,0,0,0.04794946749684,16.1
"18027",0,0,0,0,0.0790715959030424,50.27
"18029",0,0,0,0,0.106718638635975,68.69
"18031",0,0,0,0,0.0826065972509227,53.01
"18033",0,0,0,0,0.105153847538599,67.83
"18035",0,0,0,0,0.145950427467997,82.5
"18037",0,0,0,0,0.0898370752415374,58.64
"18039",0,0,0,0,0.196988918210588,91.73
"18041",0,0,0,0,0.0671626732668175,38.05
"18043",2.76671093404161e-05,0.246224962198265,1,0,0.136104309667893,79.96
"18045",0,0,0,0,0.0687572713858541,39.87
"18047",0,0,0,0,0.0797339816390956,50.81
"18049",0,0,0,0,0.0875373299963243,56.82
"18051",0,0,0,0,0.0599228237158565,30.29
"18053",0,0,0,0,0.0824374492068119,52.91
"18055",0,0,0,0,0.0781978506131663,49.35
"18057",3.23329866518653e-05,0.287749194111972,1,0,0.232271799621725,95.26
"18059",0,0,0,0,0.133995443914735,79.29
"18061",0,0,0,0,0.0913130937955265,59.62
"18063",0,0,0,0,0.12113621833583,74.96
"18065",0,0,0,0,0.0890196246064682,57.97
"18067",0,0,0,0,0.110620451929528,70.54
"18069",0,0,0,0,0.108139998846319,69.42
"18071",0,0,0,0,0.0891990856911879,58.19
"18073",0,0,0,0,0.0734552063115923,44.29
"18075",0,0,0,0,0.0661789885807737,37.26
"18077",0,0,0,0,0.0798441297201104,50.91
"18079",0,0,0,0,0.0694904908188135,40.66
"18081",1.36490820992288e-05,0.121470757301496,1,0,0.16462845980568,86.41
"18083",0,0,0,0,0.0708174307972395,42.13
"18085",0,0,0,0,0.136543649067492,80.15
"18087",0,0,0,0,0.120872916542285,74.9
"18089",3.76782652926659e-05,0.335319795546207,1,0,0.205609621867849,92.71
"18091",0,0,0,0,0.154947206935208,84.63
"18093",0,0,0,0,0.086884123871803,56.12
"18095",0,0,0,0,0.143351013019123,81.99
"18097",7.32482676784694e-06,0.0651876989327295,1,0,0.268868697259467,97.45
"18099",0,0,0,0,0.116786654481271,73.43
"18101",0,0,0,0,0.031357123017763,3.12
"18103",0,0,0,0,0.0716295207746953,42.7
"18105",0,0,0,0,0.129166436700655,77.92
"18107",0,0,0,0,0.0804866829108238,51.38
"18109",0,0,0,0,0.116212058723499,73.05
"18111",0,0,0,0,0.0517611298345954,20.11
"18113",0,0,0,0,0.122315345232327,75.56
"18115",0,0,0,0,0.0630542990914341,33.63
"18117",0,0,0,0,0.056721748184359,26.06
"18119",0,0,0,0,0.0531510419590228,21.86
"18121",0,0,0,0,0.0680956890554724,39.17
"18123",0,0,0,0,0.0522381303044065,20.81
"18125",0,0,0,0,0.0482661797494051,16.64
"18127",0,0,0,0,0.186057369075051,90.2
"18129",0,0,0,0,0.0768722367772963,47.76
"18131",0,0,0,0,0.0503635228716522,18.68
"18133",0,0,0,0,0.0711456527093592,42.35
"18135",0,0,0,0,0.0778017551128024,48.81
"18137",0,0,0,0,0.094785914471638,61.88
"18139",0,0,0,0,0.0663879995211512,37.48
"18141",0,0,0,0,0.206177375888137,92.81
"18143",0,0,0,0,0.0490388464818716,17.28
"18145",0,0,0,0,0.0902976592228044,58.86
"18147",0,0,0,0,0.0631646385735609,33.85
"18149",0,0,0,0,0.0629631312480628,33.44
"18151",0,0,0,0,0.113662437664307,72.19
"18153",0,0,0,0,0.0521285481546805,20.55
"18155",0,0,0,0,0.0521273795788876,20.52
"18157",0,0,0,0,0.127071333511062,77.16
"18159",0,0,0,0,0.0624089770823333,32.83
"18161",0,0,0,0,0.104304582410607,67.52
"18163",5.22944175709243e-05,0.46539704712742,1,0,0.195674819799825,91.54
"18165",0,0,0,0,0.0450353626156405,13.14
"18167",1.96475234296717e-05,0.174854216038157,1,0,0.149569540811128,83.39
"18169",0,0,0,0,0.105125230920049,67.77
"18171",0,0,0,0,0.0916439568609899,59.78
"18173",0,0,0,0,0.116185111613437,73.02
"18175",0,0,0,0,0.0771438980715271,48.08
"18177",0,0,0,0,0.117001333862578,73.5
"18179",0,0,0,0,0.0940623170954949,61.44
"18181",0,0,0,0,0.0791846900203881,50.33
"18183",0,0,0,0,0.090607600591139,59.12
"19001",0,0,0,0,0.0502698869256823,18.61
"19003",0,0,0,0,0.0469986007143549,15.21
"19005",0,0,0,0,0.0692134793278658,40.25
"19007",0,0,0,0,0.072025720059831,43.08
"19009",0,0,0,0,0.0503774049254311,18.71
"19011",0,0,0,0,0.100024682474003,65.03
"19013",0,0,0,0,0.142229888865131,81.51
"19015",0,0,0,0,0.0951187115170617,62.01
"19017",0,0,0,0,0.0757014050513452,46.8
"19019",0,0,0,0,0.0803504647707876,51.22
"19021",0,0,0,0,0.0573670392149281,26.79
"19023",0,0,0,0,0.0635642605634731,34.33
"19025",0,0,0,0,0.0545982756510584,23.26
"19027",0,0,0,0,0.0929500975422112,60.67
"19029",0,0,0,0,0.0766467930747608,47.47
"19031",0,0,0,0,0.0827686623460709,53.29
"19033",0,0,0,0,0.126414425386335,76.9
"19035",0,0,0,0,0.0606084319554116,30.93
"19037",0,0,0,0,0.0588532335692772,28.73
"19039",0,0,0,0,0.0369441899219556,6.49
"19041",0,0,0,0,0.104318737427542,67.55
"19043",0,0,0,0,0.0713941941981399,42.57
"19045",0,0,0,0,0.109076608229389,69.97
"19047",0,0,0,0,0.0635655272157413,34.36
"19049",0,0,0,0,0.117326066956529,73.66
"19051",0,0,0,0,0.0596941144398324,29.91
"19053",0,0,0,0,0.0629609125990693,33.41
"19055",0,0,0,0,0.0790182687825976,50.24
"19057",0,0,0,0,0.121320218648798,75.18
"19059",0,0,0,0,0.093689923424482,61.12
"19061",0,0,0,0,0.173807096255975,88.48
"19063",0,0,0,0,0.0615738786018074,31.91
"19065",0,0,0,0,0.0660201906891906,37.1
"19067",0,0,0,0,0.0656514565722389,36.68
"19069",0,0,0,0,0.0507866671444954,19.09
"19071",0,0,0,0,0.0394905247188853,7.95
"19073",0,0,0,0,0.0538130511090409,22.59
"19075",0,0,0,0,0.0510135815223965,19.34
"19077",0,0,0,0,0.0721910013532514,43.33
"19079",0,0,0,0,0.0593162596083804,29.27
"19081",0,0,0,0,0.0494779153858316,18.01
"19083",0,0,0,0,0.064103399459206,35.03
"19085",0,0,0,0,0.0624073798339464,32.8
"19087",0,0,0,0,0.0671391722928261,37.96
"19089",0,0,0,0,0.0589570474438862,28.83
"19091",0,0,0,0,0.0680428169797804,39.1
"19093",0,0,0,0,0.0423875177707897,10.34
"19095",0,0,0,0,0.0570638047220436,26.63
"19097",0,0,0,0,0.07750085588172,48.46
"19099",0,0,0,0,0.119459592663181,74.51
"19101",0,0,0,0,0.119067040356334,74.36
"19103",2.03829965043161e-05,0.181399599141756,1,0,0.110777188412785,70.6
"19105",0,0,0,0,0.0803060605244589,51.19
"19107",0.000350140056022409,3.11609069807216,1,1,0.0759229337230676,47.03
"19109",0,0,0,0,0.0781551924392129,49.25
"19111",0,0,0,0,0.0823009317239498,52.78
"19113",7.33245343892066e-06,0.065255572911674,1,0,0.225536644191321,94.75
"19115",0,0,0,0,0.0387824549368972,7.64
"19117",0,0,0,0,0.0545980086630209,23.23
"19119",0,0,0,0,0.0686700489624703,39.74
"19121",0,0,0,0,0.0978284302604066,63.79
"19123",0,0,0,0,0.074009282188939,44.61
"19125",0,0,0,0,0.0751745733925862,46.23
"19127",0,0,0,0,0.081022621805667,51.61
"19129",0,0,0,0,0.0729004898225694,43.84
"19131",0,0,0,0,0.059352364769081,29.37
"19133",0,0,0,0,0.0477551659252521,15.97
"19135",0,0,0,0,0.0612459035030811,31.59
"19137",0,0,0,0,0.0553915181333689,24.4
"19139",0,0,0,0,0.0891036296585541,58.1
"19141",0,0,0,0,0.0674178673780962,38.43
"19143",0,0,0,0,0.040003771272429,8.46
"19145",0,0,0,0,0.0574265400637425,26.89
"19147",0,0,0,0,0.0493548439256485,17.72
"19149",0,0,0,0,0.0634476740539128,34.27
"19151",0,0,0,0,0.0424257545290371,10.4
"19153",5.77862659381745e-06,0.0514272053908466,1,0,0.280262208235962,97.74
"19155",0,0,0,0,0.118451166303233,73.91
"19157",0,0,0,0,0.0512985837937653,19.63
"19159",0,0,0,0,0.0536062958205091,22.3
"19161",0,0,0,0,0.0586100041797579,28.35
"19163",0,0,0,0,0.193723935354589,91.28
"19165",0,0,0,0,0.0742658950951678,44.96
"19167",0,0,0,0,0.0907091719420249,59.24
"19169",0,0,0,0,0.099716785939801,64.94
"19171",0,0,0,0,0.0586099357035815,28.32
"19173",0,0,0,0,0.0324418562010212,3.56
"19175",0,0,0,0,0.05815516808615,27.87
"19177",0,0,0,0,0.0513092342644373,19.69
"19179",0,0,0,0,0.0879554832347467,57.24
"19181",0,0,0,0,0.0994527949810518,64.75
"19183",0,0,0,0,0.0823431608550793,52.88
"19185",0,0,0,0,0.0409493622734833,9.13
"19187",0,0,0,0,0.0862588097835598,55.74
"19189",0,0,0,0,0.0652099569600329,36.05
"19191",0,0,0,0,0.0859366749574406,55.55
"19193",0,0,0,0,0.140427025382047,81.13
"19195",0,0,0,0,0.0520270790304214,20.36
"19197",0,0,0,0,0.0363407582771662,6.2
"20001",0,0,0,0,0.0581089056071336,27.81
"20003",0,0,0,0,0.0739801599086262,44.54
"20005",0,0,0,0,0.0697651685435746,40.92
"20007",0,0,0,0,0.0454787346358392,13.62
"20009",0,0,0,0,0.0908006584755029,59.31
"20011",0,0,0,0,0.0702378705496765,41.33
"20013",0,0,0,0,0.0433512386544561,11.39
"20015",0,0,0,0,0.099077960258942,64.52
"20017",0,0,0,0,0.033587158858661,4.39
"20019",0,0,0,0,0.0348918708377875,5.5
"20021",0,0,0,0,0.0596995773941204,29.94
"20023",0,0,0,0,0.0333040867383947,4.17
"20025",0,0,0,0,0.0310082386870638,2.9
"20027",0,0,0,0,0.0602585942826028,30.77
"20029",0,0,0,0,0.063797411716378,34.68
"20031",0,0,0,0,0.0449536578455502,13.08
"20033",0,0,0,0,0.0338518063063688,4.61
"20035",0,0,0,0,0.0735293077399667,44.35
"20037",0,0,0,0,0.08332240016792,53.58
"20039",0,0,0,0,0.0300754388205272,2.64
"20041",0,0,0,0,0.0680309573134813,39.07
"20043",0,0,0,0,0.0451780603050661,13.24
"20045",3.39454835534132e-05,0.302099699028959,1,0,0.15585670225365,84.76
"20047",0,0,0,0,0.0324556372413109,3.6
"20049",0,0,0,0,0.0400127334850511,8.5
"20051",0,0,0,0,0.0984573204552698,64.05
"20053",0,0,0,0,0.0396486981136213,8.15
"20055",0,0,0,0,0.0914076068796246,59.66
"20057",0,0,0,0,0.0792361189650446,50.43
"20059",0,0,0,0,0.0668743846446208,37.8
"20061",0,0,0,0,0.0387276305713799,7.54
"20063",0,0,0,0,0.0248008443726211,1.02
"20065",0,0,0,0,0.038212138235409,7.16
"20067",0,0,0,0,0.0512988315720298,19.66
"20069",0,0,0,0,0.0342156452119803,4.87
"20071",0,0,0,0,0.0286737062389481,2.29
"20073",0,0,0,0,0.0435261716258391,11.49
"20075",0,0,0,0,0.0196348462966392,0.38
"20077",0,0,0,0,0.0550274227745495,23.96
"20079",0,0,0,0,0.0866742495753055,55.9
"20081",0,0,0,0,0.0295061658146935,2.42
"20083",0,0,0,0,0.0267669225425809,1.56
"20085",0,0,0,0,0.045526040963871,13.74
"20087",0,0,0,0,0.0679425827976634,39.04
"20089",0,0,0,0,0.0272376859753703,1.69
"20091",6.07257455299779e-05,0.540432114306141,1,0,0.296300536166165,98.31
"20093",0,0,0,0,0.0234077104803355,0.76
"20095",0,0,0,0,0.0476986425468431,15.84
"20097",0,0,0,0,0.0282137065012935,2.04
"20099",0,0,0,0,0.0601359960412882,30.64
"20101",0,0,0,0,0.0268995604155952,1.59
"20103",0,0,0,0,0.0989647947832373,64.49
"20105",0,0,0,0,0.0379629887567531,6.97
"20107",0,0,0,0,0.0591115894728153,29.02
"20109",0,0,0,0,0.0369699454436527,6.52
"20111",0,0,0,0,0.0744652601309074,45.43
"20113",0,0,0,0,0.0786978939840556,49.76
"20115",0,0,0,0,0.0576480310481704,27.04
"20117",0,0,0,0,0.0527531669205816,21.51
"20119",0,0,0,0,0.0326839931777605,3.85
"20121",0,0,0,0,0.103925826187971,67.32
"20123",0,0,0,0,0.0459645025934179,14.09
"20125",0,0,0,0,0.0757416107503337,46.83
"20127",0,0,0,0,0.0521490976706007,20.65
"20129",0,0,0,0,0.0276027423287017,1.78
"20131",0,0,0,0,0.0584692552509342,28.19
"20133",0,0,0,0,0.0747990518964707,45.85
"20135",0,0,0,0,0.0352064708682508,5.73
"20137",0,0,0,0,0.0425668772851603,10.53
"20139",0,0,0,0,0.0525425074776951,21.29
"20141",0,0,0,0,0.034430871452991,5.06
"20143",0,0,0,0,0.0394891022280712,7.92
"20145",0,0,0,0,0.036039609302512,6.08
"20147",0,0,0,0,0.0440242498229236,12.12
"20149",0,0,0,0,0.0822368229168316,52.72
"20151",0,0,0,0,0.0439942842849323,12.06
"20153",0,0,0,0,0.0345135675196829,5.15
"20155",0.000630496100879376,5.61113474830555,1,1,0.161301761927035,85.94
"20157",0,0,0,0,0.044200842929466,12.54
"20159",0,0,0,0,0.0431204599408499,11.07
"20161",0,0,0,0,0.118992032078775,74.26
"20163",0,0,0,0,0.0455049848817348,13.68
"20165",0,0,0,0,0.0266802518343837,1.5
"20167",0,0,0,0,0.0477397682554424,15.94
"20169",0,0,0,0,0.112401907614241,71.49
"20171",0,0,0,0,0.0396459849682095,8.11
"20173",1.3530197710014e-05,0.120412739137032,1,0,0.213426794497187,93.57
"20175",0,0,0,0,0.0623123908034405,32.68
"20177",4.61297167635391e-05,0.410533953025837,1,0,0.158440072072053,85.56
"20179",0,0,0,0,0.0397720451973606,8.27
"20181",0,0,0,0,0.0527417716327619,21.44
"20183",0,0,0,0,0.0339561193973848,4.71
"20185",0,0,0,0,0.0323348543696503,3.5
"20187",0,0,0,0,0.0241734413163172,0.83
"20189",0,0,0,0,0.0318762293801751,3.25
"20191",0,0,0,0,0.0591561893592291,29.08
"20193",0,0,0,0,0.0566199409879414,25.96
"20195",0,0,0,0,0.0383480215233222,7.29
"20197",0,0,0,0,0.0439372341055343,11.99
"20199",0,0,0,0,0.0488636143514199,17.12
"20201",0,0,0,0,0.0422552567210265,10.15
"20203",0,0,0,0,0.0438736226593908,11.9
"20205",0,0,0,0,0.0527918310959787,21.54
"20207",0,0,0,0,0.038242319917303,7.19
"20209",0,0,0,0,0.162745928720738,86.06
"21001",0,0,0,0,0.070026910605881,41.04
"21003",0,0,0,0,0.0606896350353269,31.05
"21005",0,0,0,0,0.100484340224072,65.38
"21007",0,0,0,0,0.0551728229410115,24.15
"21009",0,0,0,0,0.113358461310788,71.94
"21011",0,0,0,0,0.0671853164779485,38.12
"21013",0,0,0,0,0.0771368028392474,48.04
"21015",1.8033777264817e-05,0.16049259323362,1,0,0.18057227996048,89.69
"21017",0,0,0,0,0.0729461985934766,43.88
"21019",0,0,0,0,0.124529145973437,76.2
"21021",0,0,0,0,0.103911079322912,67.26
"21023",0,0,0,0,0.0562315826986668,25.36
"21025",0,0,0,0,0.0521720084253613,20.68
"21027",0,0,0,0,0.0775590595328075,48.52
"21029",0,0,0,0,0.0953529384315676,62.11
"21031",0,0,0,0,0.0686172643423221,39.61
"21033",0,0,0,0,0.0576784940049652,27.11
"21035",0,0,0,0,0.0893453377548236,58.35
"21037",0.000110791048083315,0.98599102965811,1,0,0.185377402995203,90.14
"21039",0,0,0,0,0.0408984670617481,9.1
"21041",0,0,0,0,0.0586492546932503,28.44
"21043",0,0,0,0,0.0716432771519592,42.76
"21045",0,0,0,0,0.0657533663769803,36.94
"21047",0,0,0,0,0.0750818145130485,46.13
"21049",0,0,0,0,0.0959373816242268,62.46
"21051",0,0,0,0,0.0708137014201268,42.09
"21053",0,0,0,0,0.055437628774959,24.44
"21055",0,0,0,0,0.0629692991805578,33.47
"21057",0,0,0,0,0.0469064685997316,15.05
"21059",0,0,0,0,0.1407106679513,81.2
"21061",0,0,0,0,0.0551933319947367,24.21
"21063",0,0,0,0,0.0300495925095797,2.58
"21065",0,0,0,0,0.0594094908561423,29.46
"21067",4.3819673280516e-06,0.0389975593918447,1,0,0.244653824716242,95.86
"21069",0,0,0,0,0.0701429829979078,41.23
"21071",0,0,0,0,0.0799096499558153,50.94
"21073",0.000428931424588494,3.81729881880611,1,1,0.145094172360461,82.37
"21075",0,0,0,0,0.0478286728805964,16.04
"21077",0,0,0,0,0.0356243721284866,5.85
"21079",0,0,0,0,0.0864004739443278,55.84
"21081",0,0,0,0,0.0878094848985968,57.17
"21083",0,0,0,0,0.0969456656482641,63.25
"21085",0,0,0,0,0.0744165215765535,45.28
"21087",0,0,0,0,0.0592515491792864,29.18
"21089",0,0,0,0,0.0965297158263077,62.81
"21091",0,0,0,0,0.0440342499423968,12.15
"21093",0,0,0,0,0.110343036218388,70.38
"21095",0,0,0,0,0.0559945992938672,25.07
"21097",0,0,0,0,0.0649581958495456,35.63
"21099",0,0,0,0,0.0606957264239847,31.08
"21101",0,0,0,0,0.106505259470015,68.57
"21103",0,0,0,0,0.0697246503118179,40.88
"21105",0,0,0,0,0.0325650567389226,3.69
"21107",0,0,0,0,0.0866839318937273,55.93
"21109",0,0,0,0,0.0663302505382945,37.42
"21111",0.000233715319662244,2.07996234955155,1,1,0.332503610659179,99.27
"21113",0,0,0,0,0.149172692228394,83.23
"21115",0,0,0,0,0.0707170695999467,41.9
"21117",0,0,0,0,0.208327547552363,93.03
"21119",0,0,0,0,0.0530990099638515,21.83
"21121",0,0,0,0,0.0742815051770807,44.99
"21123",0,0,0,0,0.0669816211045413,37.83
"21125",0,0,0,0,0.108939799547149,69.9
"21127",0,0,0,0,0.0429547476647124,10.91
"21129",0,0,0,0,0.044040232126972,12.19
"21131",0,0,0,0,0.0371842728344742,6.65
"21133",0,0,0,0,0.0481791121109509,16.51
"21135",0,0,0,0,0.0553019257170212,24.37
"21137",0,0,0,0,0.0820929608494095,52.59
"21139",0,0,0,0,0.0506810039784564,18.96
"21141",0,0,0,0,0.085148250997383,54.92
"21143",0,0,0,0,0.0586923284500149,28.57
"21145",4.5355587808418e-05,0.403644549786561,1,0,0.141869014885187,81.36
"21147",0,0,0,0,0.0489842943417687,17.21
"21149",0,0,0,0,0.0440798028567418,12.25
"21151",0.0001453065969195,1.2931640560439,1,1,0.15022318193051,83.58
"21153",0,0,0,0,0.0569151775510415,26.28
"21155",0,0,0,0,0.0539017549895441,22.72
"21157",0,0,0,0,0.106508461397418,68.6
"21159",0,0,0,0,0.0411123887734268,9.35
"21161",0,0,0,0,0.0874688244503988,56.63
"21163",0,0,0,0,0.0851188367233498,54.85
"21165",0,0,0,0,0.0584192050622765,28.13
"21167",0,0,0,0,0.0600102993901016,30.35
"21169",0,0,0,0,0.0587502207174534,28.7
"21171",0,0,0,0,0.0491220917425534,17.34
"21173",0,0,0,0,0.0911062502103596,59.53
"21175",0,0,0,0,0.0440908173398548,12.28
"21177",0,0,0,0,0.0671554505637167,38.02
"21179",0,0,0,0,0.0891229151969555,58.13
"21181",0,0,0,0,0.0579023441042949,27.43
"21183",0,0,0,0,0.0557916797671889,24.72
"21185",4.75127096498313e-05,0.422841974328603,1,0,0.174596325730616,88.58
"21187",0,0,0,0,0.0541262613628217,22.91
"21189",0,0,0,0,0.0512919811179946,19.6
"21191",0,0,0,0,0.0747192146895963,45.63
"21193",0,0,0,0,0.0823231511138662,52.85
"21195",0,0,0,0,0.0875193665333415,56.76
"21197",0,0,0,0,0.0724539685574067,43.59
"21199",0,0,0,0,0.125048619030084,76.39
"21201",0,0,0,0,0.0324248512603358,3.53
"21203",0,0,0,0,0.0538887383498221,22.69
"21205",0,0,0,0,0.0595415969358323,29.78
"21207",0,0,0,0,0.0569946795994947,26.44
"21209",0,0,0,0,0.0711955222140336,42.41
"21211",0,0,0,0,0.129583330832943,78.01
"21213",0,0,0,0,0.0788050335122167,49.95
"21215",0,0,0,0,0.0813272466361512,51.86
"21217",7.47272455537289e-05,0.665039234321783,1,0,0.0819089937579758,52.34
"21219",0,0,0,0,0.0663009347825529,37.35
"21221",0,0,0,0,0.0667693422979105,37.73
"21223",0,0,0,0,0.0545577824115095,23.1
"21225",0,0,0,0,0.0471828766828908,15.4
"21227",1.27030906619581e-05,0.113051854444101,1,0,0.176385075730013,88.9
"21229",0,0,0,0,0.0594296903359503,29.49
"21231",0,0,0,0,0.0594352681009559,29.56
"21233",0,0,0,0,0.0527506046858488,21.48
"21235",0,0,0,0,0.0778885164607309,48.97
"21237",0,0,0,0,0.0621998606924162,32.58
"21239",0,0,0,0,0.103171919810027,66.66
"22001",0,0,0,0,0.125143984679975,76.42
"22003",0,0,0,0,0.0494699563162347,17.98
"22005",3.51265433724994e-05,0.312610605887001,1,0,0.165981628836047,86.64
"22007",0,0,0,0,0.0681598952453079,39.23
"22009",0,0,0,0,0.0762263801305256,47.25
"22011",0,0,0,0,0.0865537169979208,55.87
"22013",0,0,0,0,0.041370313824862,9.61
"22015",0,0,0,0,0.146730405467494,82.72
"22017",0,0,0,0,0.193634011815821,91.25
"22019",0,0,0,0,0.166327419025275,86.7
"22021",0,0,0,0,0.0559490519664559,24.98
"22023",0,0,0,0,0.0445795566036238,12.82
"22025",0,0,0,0,0.0780524634724148,49.13
"22027",0,0,0,0,0.0645223206821646,35.28
"22029",0,0,0,0,0.0707895474188231,42.03
"22031",0,0,0,0,0.0677765612890671,38.88
"22033",6.57550820459036e-06,0.058519097141259,1,0,0.206122644304126,92.78
"22035",0,0,0,0,0.0491903665814467,17.37
"22037",0,0,0,0,0.0635761565532991,34.39
"22039",0,0,0,0,0.0653912137131581,36.27
"22041",0,0,0,0,0.0608410103433435,31.28
"22043",0,0,0,0,0.0444803807810976,12.69
"22045",0,0,0,0,0.117879007790807,73.81
"22047",0,0,0,0,0.069254594151921,40.31
"22049",0,0,0,0,0.0506772278982726,18.93
"22051",9.48064999336354e-06,0.0843735663711305,1,0,0.283277672353118,97.84
"22053",0,0,0,0,0.0905778886636446,59.05
"22055",1.30588365882484e-05,0.116217834893134,1,0,0.206184780263483,92.84
"22057",0,0,0,0,0.106486890990554,68.53
"22059",0,0,0,0,0.0413023599810063,9.51
"22061",0,0,0,0,0.117081477356902,73.53
"22063",0,0,0,0,0.130805322730896,78.43
"22065",0,0,0,0,0.0458655877875363,13.9
"22067",0,0,0,0,0.0776012853272035,48.58
"22069",0,0,0,0,0.0753390384156641,46.55
"22071",3.62202371520027e-05,0.3223439938677,1,0,0.233564958362162,95.32
"22073",0,0,0,0,0.165353317798641,86.57
"22075",7.16435019343745e-05,0.637595288271536,1,0,0.0959687738755499,62.55
"22077",0,0,0,0,0.0650181290843733,35.79
"22079",0,0,0,0,0.127707600170685,77.44
"22081",0,0,0,0,0.0481028982611761,16.42
"22083",0,0,0,0,0.0636659053244123,34.52
"22085",0,0,0,0,0.0641999101220321,35.06
"22087",0,0,0,0,0.114316513461883,72.41
"22089",0,0,0,0,0.121216021882034,75.06
"22091",0,0,0,0,0.0638061459985351,34.71
"22093",0.000231320842007865,2.05865256388945,1,1,0.0996920888710015,64.91
"22095",0,0,0,0,0.113389329410628,72
"22097",0,0,0,0,0.109428412689188,70.09
"22099",0,0,0,0,0.105415592470878,67.96
"22101",0,0,0,0,0.113267406889288,71.84
"22103",6.21134546616148e-05,0.552782108093904,1,0,0.243420375413238,95.8
"22105",0,0,0,0,0.149015993279139,83.2
"22107",0,0,0,0,0.0395090826253543,7.99
"22109",0,0,0,0,0.127586507846546,77.41
"22111",0,0,0,0,0.0675524611354084,38.63
"22113",0,0,0,0,0.103877708033209,67.23
"22115",0,0,0,0,0.0473867521322913,15.62
"22117",0,0,0,0,0.0690238172722554,40.03
"22119",0,0,0,0,0.0796145212699314,50.72
"22121",0,0,0,0,0.0973455738672929,63.47
"22123",0,0,0,0,0.0526043621840219,21.32
"22125",0.000179083094555874,1.59375985560424,1,1,0.0693420721356723,40.44
"22127",0,0,0,0,0.0452926221057211,13.36
"23001",0,0,0,0,0.168755021950164,87.4
"23003",0,0,0,0,0.0975064196778011,63.6
"23005",0.000129184660244344,1.14968599335361,1,1,0.303654584790955,98.54
"23007",0,0,0,0,0.0982059642395451,63.95
"23009",0,0,0,0,0.131365800255671,78.65
"23011",0,0,0,0,0.133337893376759,79.1
"23013",0,0,0,0,0.160471224723527,85.87
"23015",0,0,0,0,0.140004012902428,81.07
"23017",0,0,0,0,0.0975648608080814,63.63
"23019",0,0,0,0,0.168225067858448,87.31
"23021",0,0,0,0,0.0852742147584869,55.07
"23023",0,0,0,0,0.0969386769140816,63.22
"23025",0,0,0,0,0.108227472894738,69.58
"23027",0,0,0,0,0.127490704408173,77.31
"23029",0,0,0,0,0.0965230216616696,62.77
"23031",0,0,0,0,0.18839192180252,90.52
"24001",0,0,0,0,0.125020926296632,76.36
"24003",2.52396363248846e-05,0.224621532503735,1,0,0.192771249180465,91.15
"24005",8.60595484264251e-05,0.765891687395832,1,0,0.247664881493727,96.18
"24009",0,0,0,0,0.166627331013877,86.92
"24011",0,0,0,0,0.0885622718552106,57.56
"24013",0,0,0,0,0.161796641902242,86
"24015",0,0,0,0,0.113328435191967,71.91
"24017",0,0,0,0,0.13701882382368,80.27
"24019",0,0,0,0,0.102824211780532,66.47
"24021",3.24293647898172e-05,0.28860691665472,1,0,0.20471522170368,92.62
"24023",0,0,0,0,0.128869847932443,77.7
"24025",0,0,0,0,0.178825150820305,89.41
"24027",5.72201414898044e-05,0.509233798224277,1,0,0.259043224833736,96.79
"24029",0,0,0,0,0.106818755635453,68.72
"24031",2.98873247855584e-05,0.265983891738967,1,0,0.219593687335277,94.34
"24033",4.1625149915579e-05,0.370445312459462,1,0,0.191392719190898,90.93
"24035",0,0,0,0,0.150829849718659,83.71
"24037",0,0,0,0,0.0721538020011867,43.3
"24039",0,0,0,0,0.0704358868201063,41.58
"24041",0,0,0,0,0.176766794662613,88.99
"24043",0,0,0,0,0.177923796641237,89.25
"24045",0,0,0,0,0.15085985331821,83.74
"24047",0,0,0,0,0.125395092518315,76.58
"24510",5.14899916328764e-06,0.0458238014221232,1,0,0.19135084612795,90.87
"25001",4.46671848060104e-05,0.397518069381275,1,0,0.185735410660502,90.17
"25003",0,0,0,0,0.181621464553732,89.82
"25005",2.76085113096295e-05,0.245703465798413,1,0,0.258178999390963,96.69
"25007",0,0,0,0,0.13950919683554,81.01
"25009",2.18383525146863e-05,0.194351620049663,1,0,0.292158095811075,98.15
"25011",0,0,0,0,0.156005453601106,84.82
"25013",4.47215191005608e-06,0.0398001620425843,1,0,0.221621150882157,94.46
"25015",1.26702565726956e-05,0.112759645659729,1,0,0.165011900391376,86.54
"25017",3.91279244544756e-05,0.348221117036831,1,0,0.275150956878154,97.61
"25019",0,0,0,0,0.125427703101561,76.61
"25021",0.000108734485918884,0.967688541495545,1,0,0.324489865557735,99.08
"25023",8.63365580795114e-05,0.768356950048339,1,0,0.266366217388101,97.36
"25025",0.000147942432225495,1.31662181740936,1,1,0.258220182030808,96.72
"25027",5.02971302972309e-06,0.0447622079117089,1,0,0.262995958480661,97.1
"26001",0,0,0,0,0.0844628352493244,54.25
"26003",0,0,0,0,0.0655562930521034,36.49
"26005",0,0,0,0,0.154206073340136,84.44
"26007",0,0,0,0,0.113293099625689,71.87
"26009",0,0,0,0,0.0893986925736466,58.38
"26011",0,0,0,0,0.0646747225621211,35.48
"26013",0,0,0,0,0.0440969320285515,12.31
"26015",0,0,0,0,0.109601576988161,70.19
"26017",0,0,0,0,0.144331807435418,82.18
"26019",0,0,0,0,0.0918803278361624,60.01
"26021",0,0,0,0,0.172336852934992,88.23
"26023",0,0,0,0,0.10372202358102,67.17
"26025",0,0,0,0,0.134595661946889,79.38
"26027",0,0,0,0,0.102408666587479,66.21
"26029",0,0,0,0,0.115789704070761,72.86
"26031",0,0,0,0,0.115805399045519,72.92
"26033",0,0,0,0,0.0851915943329228,54.95
"26035",0,0,0,0,0.0849256184828627,54.66
"26037",0,0,0,0,0.132218333793908,78.81
"26039",0,0,0,0,0.0589365548813224,28.79
"26041",0,0,0,0,0.122088844587511,75.44
"26043",0,0,0,0,0.107427863505629,68.98
"26045",0,0,0,0,0.12687843129453,77.09
"26047",0,0,0,0,0.131326882445899,78.59
"26049",0,0,0,0,0.17804823555887,89.31
"26051",0,0,0,0,0.0780847440529335,49.19
"26053",0,0,0,0,0.0815474597109526,52.08
"26055",0,0,0,0,0.20361535891419,92.46
"26057",0,0,0,0,0.0817810489140701,52.24
"26059",0,0,0,0,0.0836478712872774,53.83
"26061",0,0,0,0,0.103936978741431,67.36
"26063",0,0,0,0,0.089638665361464,58.51
"26065",5.88429129595631e-06,0.0523675742226504,1,0,0.156808017625487,85.01
"26067",0,0,0,0,0.0766171879829962,47.44
"26069",0,0,0,0,0.0726145992536579,43.72
"26071",0,0,0,0,0.068269841817277,39.36
"26073",0,0,0,0,0.096545456032889,62.87
"26075",1.62792212020577e-05,0.144877824993392,1,0,0.148725883797791,83.04
"26077",0,0,0,0,0.209353208200563,93.16
"26079",0,0,0,0,0.0675319115430489,38.53
"26081",4.38891973324146e-05,0.390594327044484,1,0,0.274221759216842,97.58
"26083",0,0,0,0,0.0421138985611457,10.09
"26085",0,0,0,0,0.059801953540099,30.13
"26087",0,0,0,0,0.15094007773806,83.77
"26089",0,0,0,0,0.114035790753011,72.29
"26091",0,0,0,0,0.12990126545784,78.11
"26093",2.73747604708459e-05,0.243623187344487,1,0,0.205396025659845,92.65
"26095",0,0,0,0,0.0731835594733164,44.07
"26097",0,0,0,0,0.0694307112539943,40.57
"26099",1.07067527489588e-05,0.0952853353215141,1,0,0.215208716442361,93.73
"26101",0,0,0,0,0.0769080880108722,47.82
"26103",0,0,0,0,0.119854607917855,74.58
"26105",0,0,0,0,0.0930166354247279,60.71
"26107",7.14949596053478e-05,0.63627332763953,1,0,0.082206297591905,52.66
"26109",0,0,0,0,0.0705862854930955,41.87
"26111",0,0,0,0,0.115600659794091,72.76
"26113",0,0,0,0,0.0704691483633761,41.65
"26115",6.54821670231807e-05,0.582762149148345,1,0,0.139215653629064,80.81
"26117",0,0,0,0,0.0887891683548623,57.75
"26119",0,0,0,0,0.0463979382925756,14.48
"26121",0,0,0,0,0.157840569783774,85.36
"26123",0,0,0,0,0.0993843606703897,64.68
"26125",4.19145020366638e-05,0.373020417585173,1,0,0.344153248524162,99.46
"26127",0,0,0,0,0.0747738848427547,45.82
"26129",0,0,0,0,0.088693649246081,57.65
"26131",0,0,0,0,0.0514802028754426,19.82
"26133",0,0,0,0,0.0724045079596531,43.46
"26135",0,0,0,0,0.0720499496652439,43.18
"26137",0,0,0,0,0.0854219376220216,55.17
"26139",1.36020185395513e-05,0.121051912562064,1,0,0.213545078713981,93.6
"26141",0,0,0,0,0.0608187530043097,31.24
"26143",0,0,0,0,0.0817298104537285,52.21
"26145",0,0,0,0,0.170965182775461,87.88
"26147",0,0,0,0,0.186785120564685,90.33
"26149",0,0,0,0,0.104346164537824,67.58
"26151",0,0,0,0,0.121591257996598,75.21
"26153",0,0,0,0,0.0718079667854194,42.89
"26155",0,0,0,0,0.115246062074521,72.61
"26157",0,0,0,0,0.0959660423734371,62.52
"26159",0,0,0,0,0.113496887156924,72.13
"26161",4.10431527708232e-06,0.0365265796840256,1,0,0.167185753775661,87.02
"26163",1.62236163439207e-05,0.144382966498261,1,0,0.260157268563999,96.91
"26165",0,0,0,0,0.107994368004113,69.27
"27001",0,0,0,0,0.0820537280932183,52.5
"27003",0,0,0,0,0.21805594795705,94.11
"27005",0,0,0,0,0.108516716477695,69.74
"27007",0,0,0,0,0.119164276809552,74.42
"27009",0,0,0,0,0.0984988030545752,64.08
"27011",0,0,0,0,0.0646799008224608,35.51
"27013",0,0,0,0,0.141481779609829,81.32
"27015",0.000198059021588433,1.76263716254587,1,1,0.106892889016297,68.76
"27017",0,0,0,0,0.0750036959617788,45.98
"27019",0,0,0,0,0.180881371661644,89.72
"27021",0,0,0,0,0.0743366637627135,45.15
"27023",0,0,0,0,0.0655588875003371,36.53
"27025",0,0,0,0,0.116073954578425,72.99
"27027",0,0,0,0,0.115074821313637,72.57
"27029",0,0,0,0,0.0524414571146724,21.06
"27031",0,0,0,0,0.0775484035223124,48.49
"27033",0,0,0,0,0.0445123194218256,12.76
"27035",0,0,0,0,0.150254256803354,83.61
"27037",4.75608422073938e-06,0.0423270332673542,1,0,0.255356877662334,96.53
"27039",0,0,0,0,0.0693560065299861,40.47
"27041",0,0,0,0,0.127368268568447,77.22
"27043",0,0,0,0,0.0597922904756264,30.1
"27045",0,0,0,0,0.0945457406501962,61.69
"27047",0,0,0,0,0.0923369619651996,60.26
"27049",0,0,0,0,0.105761482615107,68.02
"27051",0,0,0,0,0.053654065325345,22.37
"27053",0.000231872470141422,2.06356180882218,1,1,0.387750641836575,99.84
"27055",0,0,0,0,0.0792543357514083,50.46
"27057",0,0,0,0,0.0892216473967158,58.29
"27059",0,0,0,0,0.10701865241045,68.85
"27061",5.37345513164965e-05,0.47821359665202,1,0,0.100581922413844,65.42
"27063",0,0,0,0,0.0419368353789655,9.96
"27065",0,0,0,0,0.05968251714787,29.84
"27067",0,0,0,0,0.0947335736781315,61.79
"27069",0,0,0,0,0.0606882617018521,31.02
"27071",0,0,0,0,0.0664335448591317,37.54
"27073",0,0,0,0,0.0620190174802694,32.39
"27075",0,0,0,0,0.0673511865372274,38.34
"27077",0,0,0,0,0.0516173815286499,19.95
"27079",0,0,0,0,0.0955549266916689,62.17
"27081",0,0,0,0,0.0548621755111862,23.7
"27083",0,0,0,0,0.0751308860910865,46.17
"27085",0,0,0,0,0.104122597958859,67.48
"27087",0,0,0,0,0.0350176964063788,5.6
"27089",0,0,0,0,0.0468222247371189,14.95
"27091",0,0,0,0,0.0724800786430394,43.62
"27093",0,0,0,0,0.0850617115655042,54.82
"27095",0,0,0,0,0.0827842803138111,53.32
"27097",0,0,0,0,0.108034394542,69.33
"27099",0,0,0,0,0.0741347584553304,44.8
"27101",0,0,0,0,0.0576261560444619,27.01
"27103",0,0,0,0,0.0813080027322993,51.83
"27105",0,0,0,0,0.0552359880670843,24.31
"27107",0,0,0,0,0.045850451304768,13.87
"27109",9.03113936854273e-06,0.0803731218273074,1,0,0.0977250504894618,63.73
"27111",0,0,0,0,0.112702574187418,71.59
"27113",0,0,0,0,0.0590787401592147,28.99
"27115",0,0,0,0,0.0882759582898958,57.4
"27117",0,0,0,0,0.059764057449135,30.07
"27119",0,0,0,0,0.0756842376218044,46.77
"27121",0,0,0,0,0.0733402931037224,44.23
"27123",2.79098845647174e-06,0.0248385553667752,1,0,0.236035614551245,95.45
"27125",0,0,0,0,0.0447958887927305,12.98
"27127",0,0,0,0,0.0784952138654556,49.63
"27129",0,0,0,0,0.0500749629241379,18.42
"27131",0,0,0,0,0.100648066475224,65.45
"27133",0,0,0,0,0.0604535633795024,30.83
"27135",0,0,0,0,0.0444830398560228,12.73
"27137",0,0,0,0,0.158350471354192,85.52
"27139",0,0,0,0,0.157244335529019,85.14
"27141",0,0,0,0,0.136866052513437,80.18
"27143",0,0,0,0,0.0686897099622054,39.8
"27145",0,0,0,0,0.173890972295249,88.51
"27147",0,0,0,0,0.100887307744027,65.64
"27149",0,0,0,0,0.0405693991514067,8.91
"27151",0,0,0,0,0.0581981812308346,27.9
"27153",0,0,0,0,0.0660446214809744,37.13
"27155",0,0,0,0,0.0745484574348984,45.47
"27157",0,0,0,0,0.0789723829378194,50.14
"27159",0,0,0,0,0.0672317079918459,38.15
"27161",0,0,0,0,0.0793097394316925,50.52
"27163",9.20047842487809e-06,0.0818801640785178,1,0,0.178787388810109,89.37
"27165",0,0,0,0,0.0757703743004967,46.9
"27167",0,0,0,0,0.0594448254978962,29.65
"27169",0,0,0,0,0.120430117772601,74.77
"27171",0,0,0,0,0.151708077258627,83.9
"27173",0,0,0,0,0.0615171155370649,31.85
"28001",0,0,0,0,0.10361594639592,67.01
"28003",0,0,0,0,0.0923236297036554,60.23
"28005",0,0,0,0,0.0420549084534515,10.02
"28007",0,0,0,0,0.0693868272737216,40.53
"28009",0,0,0,0,0.0532871013278223,22.02
"28011",0,0,0,0,0.0739891307990687,44.58
"28013",0,0,0,0,0.0554937923849964,24.47
"28015",0,0,0,0,0.0646684506577003,35.44
"28017",0,0,0,0,0.0627738350999529,33.22
"28019",0,0,0,0,0.0376148508940182,6.84
"28021",0,0,0,0,0.0387699015606861,7.6
"28023",0,0,0,0,0.0469865040066117,15.18
"28025",0,0,0,0,0.0650975006514405,35.89
"28027",0,0,0,0,0.0750817727165208,46.1
"28029",0,0,0,0,0.0600112700274265,30.38
"28031",0,0,0,0,0.0556202050733313,24.66
"28033",0,0,0,0,0.132994417336166,79.06
"28035",0,0,0,0,0.108248733391006,69.62
"28037",0,0,0,0,0.0409964382753256,9.23
"28039",0,0,0,0,0.0716376915994668,42.73
"28041",0,0,0,0,0.0423813886586588,10.31
"28043",0,0,0,0,0.0744217511104112,45.31
"28045",0,0,0,0,0.082720459512926,53.2
"28047",0.0001337818209617,1.19059867815646,1,1,0.172382687479377,88.29
"28049",0,0,0,0,0.160286093123693,85.78
"28051",0,0,0,0,0.0664852593055649,37.67
"28053",0,0,0,0,0.0447127856794936,12.95
"28055",0,0,0,0,0.0339339296284466,4.65
"28057",0,0,0,0,0.0674419650439833,38.47
"28059",0,0,0,0,0.0848496658039728,54.5
"28061",0,0,0,0,0.0403068787765931,8.72
"28063",0,0,0,0,0.0422859058018862,10.18
"28065",0,0,0,0,0.0405495258255225,8.85
"28067",0.000253148534902854,2.25290931806698,1,1,0.107910488635963,69.2
"28069",0,0,0,0,0.0480331225070975,16.32
"28071",0,0,0,0,0.114881361985937,72.45
"28073",0,0,0,0,0.116462213967796,73.18
"28075",0,0,0,0,0.124286926452688,76.17
"28077",0,0,0,0,0.0483880544587911,16.77
"28079",0,0,0,0,0.0396721474385044,8.18
"28081",0,0,0,0,0.138925294995948,80.78
"28083",0,0,0,0,0.0791950449415577,50.37
"28085",0,0,0,0,0.0770283335590522,47.95
"28087",0,0,0,0,0.121996896986184,75.37
"28089",0,0,0,0,0.166470442569781,86.83
"28091",0,0,0,0,0.0672419082984664,38.21
"28093",0,0,0,0,0.073148238575773,44.03
"28095",0,0,0,0,0.0783603684417005,49.57
"28097",0,0,0,0,0.0459193468279895,13.97
"28099",0,0,0,0,0.0505311293547705,18.8
"28101",0,0,0,0,0.0470887180017086,15.27
"28103",0,0,0,0,0.0471583173860991,15.37
"28105",0,0,0,0,0.075241121762859,46.36
"28107",0,0,0,0,0.0765582287718036,47.38
"28109",0,0,0,0,0.0954962926831143,62.14
"28111",0,0,0,0,0.0514969644900707,19.85
"28113",0,0,0,0,0.0754673587825797,46.61
"28115",0,0,0,0,0.0684033504735258,39.48
"28117",0,0,0,0,0.0747312128851377,45.72
"28119",0,0,0,0,0.0437834379990369,11.74
"28121",2.66410912190963e-05,0.237093857462012,1,0,0.17098448078732,87.91
"28123",0,0,0,0,0.0397339723397798,8.24
"28125",0,0,0,0,0.03775627805575,6.9
"28127",0,0,0,0,0.0565665020129711,25.84
"28129",0,0,0,0,0.0470717480182728,15.24
"28131",0,0,0,0,0.0614934178788563,31.82
"28133",0,0,0,0,0.0435682442411337,11.58
"28135",0,0,0,0,0.0344822290125377,5.12
"28137",0,0,0,0,0.0661854488504127,37.29
"28139",0,0,0,0,0.0595179248704656,29.75
"28141",0,0,0,0,0.0748393326157647,45.91
"28143",0,0,0,0,0.0338437443653132,4.58
"28145",0,0,0,0,0.0678688182587291,39.01
"28147",0,0,0,0,0.0676479424555022,38.78
"28149",0,0,0,0,0.0799959044361662,50.97
"28151",0,0,0,0,0.103182262950864,66.69
"28153",0,0,0,0,0.0633628870672297,34.11
"28155",0,0,0,0,0.0583059368590506,28.03
"28157",0,0,0,0,0.0410667777143785,9.29
"28159",0,0,0,0,0.060805908176111,31.21
"28161",0,0,0,0,0.0461159857895156,14.22
"28163",0,0,0,0,0.053203248000996,21.89
"29001",0,0,0,0,0.0768261581375776,47.63
"29003",0,0,0,0,0.0837522202154809,53.9
"29005",0,0,0,0,0.0374116585797309,6.71
"29007",0,0,0,0,0.0855836387959261,55.3
"29009",0,0,0,0,0.0777714849632618,48.74
"29011",0,0,0,0,0.0570093547934068,26.57
"29013",0,0,0,0,0.0749584665557601,45.94
"29015",0,0,0,0,0.0746545928210855,45.53
"29017",0,0,0,0,0.0589119975182832,28.76
"29019",0,0,0,0,0.147061223558741,82.79
"29021",0,0,0,0,0.138533119835345,80.66
"29023",0,0,0,0,0.0972449198794701,63.41
"29025",0,0,0,0,0.0568669283260413,26.25
"29027",0,0,0,0,0.0919721251314948,60.07
"29029",0.000100260677762182,0.892275419460006,1,0,0.122331210204419,75.6
"29031",8.71991628880363e-05,0.776033749014135,1,0,0.154110978731538,84.41
"29033",0,0,0,0,0.0392569179986861,7.86
"29035",0,0,0,0,0.0492415330883988,17.53
"29037",0,0,0,0,0.115688467520973,72.83
"29039",0,0,0,0,0.0656693614485472,36.78
"29041",0,0,0,0,0.0559674119036318,25.01
"29043",0,0,0,0,0.156106219449444,84.86
"29045",0,0,0,0,0.0448115007870001,13.04
"29047",0,0,0,0,0.184729604682139,90.04
"29049",0,0,0,0,0.0673056846158407,38.28
"29051",0,0,0,0,0.107072331849311,68.88
"29053",0,0,0,0,0.0735882502843752,44.45
"29055",0,0,0,0,0.082867611656573,53.42
"29057",0,0,0,0,0.0426060400221477,10.59
"29059",0,0,0,0,0.0724332380290282,43.53
"29061",0,0,0,0,0.0569188309727345,26.31
"29063",0,0,0,0,0.0496953472879532,18.17
"29065",0,0,0,0,0.0533567845624721,22.05
"29067",0,0,0,0,0.0651239572110577,35.92
"29069",0,0,0,0,0.0634430122354845,34.23
"29071",0,0,0,0,0.171746626814327,88.13
"29073",0,0,0,0,0.077870709188965,48.9
"29075",0,0,0,0,0.0444241199774632,12.63
"29077",0,0,0,0,0.194709523498882,91.38
"29079",0,0,0,0,0.0522201495661712,20.74
"29081",0,0,0,0,0.0483742439978734,16.74
"29083",0,0,0,0,0.072440875163447,43.56
"29085",0,0,0,0,0.0513530474908758,19.73
"29087",0,0,0,0,0.0357197149001675,5.89
"29089",0,0,0,0,0.0552069377208138,24.24
"29091",0,0,0,0,0.116861620162644,73.46
"29093",0,0,0,0,0.0583007098679676,28
"29095",2.38861870957263e-06,0.021257643660353,1,0,0.257030144660455,96.6
"29097",0,0,0,0,0.186280475550779,90.23
"29099",3.42342650759145e-05,0.304669726081173,1,0,0.170264890922898,87.75
"29101",0,0,0,0,0.0600818267130365,30.54
"29103",0,0,0,0,0.0479796142488091,16.16
"29105",0,0,0,0,0.0815329437629057,52.05
"29107",0,0,0,0,0.0855642167274918,55.23
"29109",0,0,0,0,0.0928718926161805,60.64
"29111",0,0,0,0,0.0560718392494584,25.2
"29113",0,0,0,0,0.100142813012989,65.1
"29115",0,0,0,0,0.0539036406900914,22.78
"29117",0,0,0,0,0.0801087032814301,51.03
"29119",0,0,0,0,0.0600756134818816,30.48
"29121",0,0,0,0,0.0627544028695312,33.18
"29123",0,0,0,0,0.06200619282401,32.36
"29125",0,0,0,0,0.0618613760424988,32.2
"29127",0,0,0,0,0.0848534198762777,54.53
"29129",0,0,0,0,0.0432448954878389,11.33
"29131",0,0,0,0,0.0767091902381573,47.57
"29133",0,0,0,0,0.0523676279597027,20.94
"29135",0,0,0,0,0.0781384270884575,49.22
"29137",0,0,0,0,0.0551093419789177,24.02
"29139",0,0,0,0,0.0547452458143098,23.48
"29141",0,0,0,0,0.0941709462299996,61.6
"29143",0,0,0,0,0.053733885643227,22.43
"29145",0,0,0,0,0.0872906450988581,56.51
"29147",0,0,0,0,0.0630128700052898,33.5
"29149",0,0,0,0,0.0493495224985418,17.69
"29151",0,0,0,0,0.0486365919986936,16.96
"29153",0,0,0,0,0.0695327695946869,40.73
"29155",0,0,0,0,0.0496843058929257,18.14
"29157",0,0,0,0,0.0724112237147508,43.49
"29159",0,0,0,0,0.0988290865966644,64.4
"29161",0,0,0,0,0.096662612465303,63
"29163",0,0,0,0,0.0616899463644121,32.01
"29165",0,0,0,0,0.19623348543908,91.63
"29167",0,0,0,0,0.0861737332870051,55.68
"29169",0,0,0,0,0.0423229093476701,10.21
"29171",0,0,0,0,0.0363080574470032,6.17
"29173",0,0,0,0,0.0547678457079035,23.54
"29175",0,0,0,0,0.0712257226407485,42.44
"29177",0,0,0,0,0.0634331421660321,34.2
"29179",0,0,0,0,0.0510387652086855,19.41
"29181",0,0,0,0,0.0613577530351219,31.72
"29183",1.6566256743847e-05,0.147432313594172,1,0,0.204060971241887,92.49
"29185",0,0,0,0,0.0638211345944423,34.74
"29186",0,0,0,0,0.0696848185966119,40.79
"29187",0,0,0,0,0.101127494329988,65.77
"29189",2.03746609074292e-05,0.181325416038522,1,0,0.310354391584437,98.76
"29195",0,0,0,0,0.0572881019448745,26.76
"29197",0,0,0,0,0.0450841899732721,13.2
"29199",0,0,0,0,0.0548207585998548,23.64
"29201",0,0,0,0,0.106110295562506,68.37
"29203",0,0,0,0,0.0480263452154933,16.26
"29205",0,0,0,0,0.0438997322891419,11.93
"29207",0,0,0,0,0.0675557289365349,38.66
"29209",0,0,0,0,0.111931473785831,71.17
"29211",0,0,0,0,0.0333563499631006,4.2
"29213",0,0,0,0,0.122879455480735,75.76
"29215",0,0,0,0,0.0676754911774627,38.82
"29217",0,0,0,0,0.0761552377816806,47.22
"29219",0,0,0,0,0.0937845710481516,61.22
"29221",0,0,0,0,0.0759674704199572,47.09
"29223",0,0,0,0,0.0508165491970654,19.12
"29225",0,0,0,0,0.0889256802302828,57.84
"29227",0,0,0,0,0.0431382076055809,11.17
"29229",0,0,0,0,0.0788058405768785,49.98
"29510",2.48830496665671e-05,0.221448069913758,1,0,0.230593874884776,95.07
"30001",0,0,0,0,0.0773446160293335,48.33
"30003",0,0,0,0,0.0416745959072886,9.77
"30005",0,0,0,0,0.0534553402174131,22.18
"30007",0,0,0,0,0.0718509455755466,42.98
"30009",0,0,0,0,0.109211312797076,70.03
"30011",0,0,0,0,0.0332203091588571,4.1
"30013",0,0,0,0,0.143524708259138,82.02
"30015",0,0,0,0,0.046821733543671,14.92
"30017",0,0,0,0,0.0780171045837658,49.06
"30019",0,0,0,0,0.0406555305428909,8.97
"30021",0,0,0,0,0.074208035550028,44.93
"30023",0,0,0,0,0.0723579590329643,43.43
"30025",0,0,0,0,0.0598919418636291,30.23
"30027",0,0,0,0,0.0820681273067906,52.53
"30029",1.66397657120988e-05,0.148086510702599,1,0,0.217152368008444,93.99
"30031",3.47519866552371e-05,0.309277217768486,1,0,0.248574099554696,96.25
"30033",0,0,0,0,0.0358637527511138,5.92
"30035",0,0,0,0,0.0485464687392589,16.83
"30037",0,0,0,0,0.0467453015340207,14.86
"30039",0,0,0,0,0.0700299781749522,41.11
"30041",0,0,0,0,0.0756454008777627,46.74
"30043",0,0,0,0,0.0990952293113043,64.56
"30045",0,0,0,0,0.0413294929387577,9.55
"30047",0,0,0,0,0.103876973142817,67.2
"30049",0,0,0,0,0.163063998860769,86.22
"30051",0,0,0,0,0.0399700367559721,8.4
"30053",0,0,0,0,0.117216318811232,73.59
"30055",0,0,0,0,0.0414651462895571,9.64
"30057",0,0,0,0,0.089992471965933,58.73
"30059",0,0,0,0,0.0521369451717852,20.59
"30061",0,0,0,0,0.0568153042557603,26.15
"30063",2.66421558832541e-05,0.237103332499277,1,0,0.231759007963151,95.23
"30065",0,0,0,0,0.0549344801653553,23.8
"30067",0,0,0,0,0.125647166217878,76.71
"30069",0,0,0,0,0.0310292501636143,2.93
"30071",0,0,0,0,0.0560223279984726,25.1
"30073",0,0,0,0,0.0608000069934161,31.18
"30075",0,0,0,0,0.045178114692752,13.27
"30077",0,0,0,0,0.0590422559221896,28.92
"30079",0,0,0,0,0.041814614523825,9.86
"30081",0,0,0,0,0.168940688547782,87.43
"30083",0,0,0,0,0.0783204612182973,49.54
"30085",0,0,0,0,0.0442636705714042,12.57
"30087",0,0,0,0,0.0388869303954655,7.7
"30089",0,0,0,0,0.0908026634262142,59.34
"30091",0,0,0,0,0.0550451298983652,23.99
"30093",0,0,0,0,0.135887043339162,79.83
"30095",0,0,0,0,0.0606139722781217,30.99
"30097",0,0,0,0,0.0672336360635181,38.18
"30099",0,0,0,0,0.0552281786815921,24.28
"30101",0,0,0,0,0.0480266015479729,16.29
"30103",0,0,0,0,0.0319460004042766,3.31
"30105",0,0,0,0,0.0654439374553874,36.33
"30107",0,0,0,0,0.0317168988020088,3.21
"30109",0,0,0,0,0.0558342270866382,24.85
"30111",0,0,0,0,0.203563736698463,92.43
"31001",0,0,0,0,0.100744092627402,65.54
"31003",0,0,0,0,0.0347914615332466,5.35
"31005",0,0,0,0,0.0169097755765254,0.16
"31007",0,0,0,0,0.0323346345976699,3.47
"31009",0,0,0,0,0.0243130755571416,0.86
"31011",0,0,0,0,0.040468772979998,8.81
"31013",0,0,0,0,0.0454722376320189,13.59
"31015",0,0,0,0,0.0282892163666266,2.1
"31017",0,0,0,0,0.0410548096087381,9.26
"31019",0,0,0,0,0.123125822073993,75.91
"31021",0,0,0,0,0.0465114478422831,14.57
"31023",0,0,0,0,0.0342019857088843,4.84
"31025",0,0,0,0,0.0867405624209979,56
"31027",0,0,0,0,0.0465124939977676,14.6
"31029",0,0,0,0,0.0441170589924545,12.41
"31031",0,0,0,0,0.0472640680021159,15.46
"31033",0,0,0,0,0.0570086909937139,26.54
"31035",0,0,0,0,0.0350863041718422,5.66
"31037",0,0,0,0,0.028350717382519,2.13
"31039",0,0,0,0,0.053813262027554,22.62
"31041",0,0,0,0,0.0532374399595356,21.95
"31043",0,0,0,0,0.0499775975398994,18.36
"31045",0,0,0,0,0.0513757797129223,19.76
"31047",7.29394602479942e-05,0.649128740604967,1,0,0.0541811837391614,22.94
"31049",0,0,0,0,0.0253445946560171,1.18
"31051",0,0,0,0,0.0413534847647641,9.58
"31053",0,0,0,0,0.0947360797974755,61.82
"31055",7.88564759566605e-06,0.0701787547539476,1,0,0.259265173527599,96.82
"31057",0,0,0,0,0.0266639107523873,1.46
"31059",0,0,0,0,0.0427154302357181,10.72
"31061",0,0,0,0,0.0338193070654773,4.52
"31063",0,0,0,0,0.0218879365624843,0.51
"31065",0,0,0,0,0.0297565474267045,2.51
"31067",0,0,0,0,0.0804687242419462,51.35
"31069",0,0,0,0,0.0339745193471761,4.74
"31071",0,0,0,0,0.0551613882824367,24.12
"31073",0,0,0,0,0.0284898401373783,2.23
"31075",0,0,0,0,0.0277947957885926,1.97
"31077",0,0,0,0,0.0337900758235967,4.49
"31079",0,0,0,0,0.113517106965078,72.16
"31081",0,0,0,0,0.0690776419379907,40.09
"31083",0,0,0,0,0.0326397600300245,3.79
"31085",0,0,0,0,0.0441162798489972,12.38
"31087",0,0,0,0,0.0319699857417014,3.34
"31089",0,0,0,0,0.0587066757026109,28.6
"31091",0,0,0,0,0.0284478983071931,2.16
"31093",0,0,0,0,0.0515093789460737,19.89
"31095",0,0,0,0,0.0398452698391048,8.37
"31097",0,0,0,0,0.0312590584185957,3.09
"31099",0,0,0,0,0.0471241413838058,15.3
"31101",0,0,0,0,0.068666638796396,39.71
"31103",0,0,0,0,0.0407074679331992,9.04
"31105",0,0,0,0,0.0287358898844091,2.32
"31107",0,0,0,0,0.0462069361213982,14.32
"31109",5.04963794095963e-06,0.0449395307558,1,0,0.208272381539194,93
"31111",0,0,0,0,0.0914178971278775,59.69
"31113",0,0,0,0,0.0285411080074125,2.26
"31115",0,0,0,0,0.0326506345847442,3.82
"31117",0,0,0,0,0.0203647221597384,0.45
"31119",0,0,0,0,0.127395439863389,77.28
"31121",0,0,0,0,0.0584400562643036,28.16
"31123",0,0,0,0,0.0306446612606569,2.8
"31125",0,0,0,0,0.0256267413934738,1.21
"31127",0,0,0,0,0.034641454702632,5.22
"31129",0,0,0,0,0.0402572140864737,8.69
"31131",0,0,0,0,0.0594338910343274,29.53
"31133",0,0,0,0,0.0502499473190608,18.55
"31135",0,0,0,0,0.027693756506639,1.88
"31137",0,0,0,0,0.0474614118485448,15.69
"31139",0,0,0,0,0.0561322938055763,25.26
"31141",0,0,0,0,0.100412475614714,65.32
"31143",0,0,0,0,0.0363644068850567,6.27
"31145",0,0,0,0,0.0587270255033984,28.67
"31147",0,0,0,0,0.0480418997882456,16.39
"31149",0,0,0,0,0.0252420289886325,1.15
"31151",0,0,0,0,0.0524369163353938,21.03
"31153",0,0,0,0,0.144359183771301,82.21
"31155",0,0,0,0,0.0849897607512576,54.72
"31157",0,0,0,0,0.102885361169616,66.5
"31159",0,0,0,0,0.0661205089126651,37.19
"31161",0,0,0,0,0.0377019726954245,6.87
"31163",0,0,0,0,0.030755787972625,2.83
"31165",0,0,0,0,0.0438207466035633,11.77
"31167",0,0,0,0,0.0332608450410542,4.14
"31169",0,0,0,0,0.0348736079326776,5.47
"31171",0,0,0,0,0.0441051872951778,12.34
"31173",0,0,0,0,0.0349412924591954,5.57
"31175",0,0,0,0,0.0482907779457213,16.67
"31177",0,0,0,0,0.0779615937561179,49.03
"31179",0,0,0,0,0.0348524730006588,5.41
"31181",0,0,0,0,0.033753180546826,4.42
"31183",0,0,0,0,0.017175140589565,0.19
"31185",0,0,0,0,0.075233986434331,46.33
"32001",0,0,0,0,0.0751777492948308,46.26
"32003",3.27261958830446e-05,0.291248581304608,1,0,0.240380282991261,95.64
"32005",0,0,0,0,0.157500405232102,85.21
"32007",0,0,0,0,0.0996366116812156,64.87
"32009",0,0,0,0,0.0375761811441169,6.78
"32011",0,0,0,0,0.00583709084685572,0.03
"32013",0,0,0,0,0.051713443318065,20.01
"32015",0,0,0,0,0.0245166679917036,0.99
"32017",0,0,0,0,0.046397540206186,14.44
"32019",0,0,0,0,0.107668984138056,69.11
"32021",0,0,0,0,0.0344660011714151,5.09
"32023",0,0,0,0,0.102802835550031,66.43
"32027",0,0,0,0,0.0290358335525898,2.35
"32029",0,0,0,0,0.0505473990267096,18.84
"32031",5.27724377096762e-05,0.469651213659457,1,0,0.26421578056827,97.2
"32033",0,0,0,0,0.0431002196831324,11.04
"32510",0,0,0,0,0.156828690603393,85.05
"33001",0,0,0,0,0.158162965305681,85.46
"33003",0,0,0,0,0.160439514165547,85.84
"33005",0,0,0,0,0.155531101941139,84.66
"33007",0,0,0,0,0.101108943248494,65.73
"33009",0,0,0,0,0.135491059724918,79.64
"33011",1.34616074954231e-05,0.119802316747506,1,0,0.289477858727428,98.03
"33013",0,0,0,0,0.211128144424285,93.29
"33015",5.71337157483374e-06,0.0508464647581764,1,0,0.285009634987951,97.87
"33017",0,0,0,0,0.166055837636788,86.67
"33019",0,0,0,0,0.120424275956304,74.74
"34001",0,0,0,0,0.148948395241277,83.17
"34003",2.85530730244843e-05,0.254109644762484,1,0,0.34351779632246,99.43
"34005",4.25114036840382e-06,0.0378332576645684,1,0,0.245725470052081,95.99
"34007",0.00154304751884973,13.7324363136083,1,1,0.300474943224677,98.44
"34009",0,0,0,0,0.125286484746338,76.49
"34011",0,0,0,0,0.143167968118869,81.83
"34013",6.530809091891e-05,0.581212949278337,1,0,0.269526701493959,97.49
"34015",0,0,0,0,0.222150652572636,94.53
"34017",8.75997664006229e-05,0.779598942021091,1,0,0.272631387458904,97.52
"34019",0,0,0,0,0.197259513979184,91.76
"34021",2.07763426711451e-05,0.184900205000743,1,0,0.204157807410176,92.52
"34023",1.91881289442265e-05,0.170765809532762,1,0,0.296608215312235,98.35
"34025",9.77720997536143e-06,0.087012818251712,1,0,0.262813229666665,97.04
"34027",1.53343658473004e-05,0.136469032764849,1,0,0.292246687144374,98.19
"34029",0.000120221762913436,1.06992019529585,1,1,0.265315128196755,97.26
"34031",5.11906955791715e-06,0.0455574412519918,1,0,0.326094178669654,99.17
"34033",0,0,0,0,0.094756562797212,61.85
"34035",6.73219334859297e-05,0.599135252032725,1,0,0.23009302557785,95.04
"34037",0,0,0,0,0.175392586690609,88.61
"34039",4.2684961699948e-05,0.379877165759812,1,0,0.310155158318744,98.73
"34041",0,0,0,0,0.166441264723501,86.8
"35001",2.32580375901572e-05,0.20698618550933,1,0,0.21780421869302,94.08
"35003",0,0,0,0,0.0517803751869284,20.14
"35005",0,0,0,0,0.110036308540448,70.28
"35006",0,0,0,0,0.045594192175703,13.78
"35007",0,0,0,0,0.0571959394714273,26.73
"35009",0,0,0,0,0.074123065557053,44.77
"35011",0,0,0,0,0.0401860562169094,8.65
"35013",0,0,0,0,0.146173224281086,82.6
"35015",0,0,0,0,0.102292402861265,66.15
"35017",0.000365998719004483,3.25722574204194,1,1,0.101781420259362,66.08
"35019",0,0,0,0,0.0320447890308973,3.37
"35021",0,0,0,0,0.0386703224911152,7.48
"35023",0,0,0,0,0.0537901481039679,22.53
"35025",0,0,0,0,0.0685000387333454,39.55
"35027",0,0,0,0,0.110817066506484,70.66
"35028",0,0,0,0,0.027778032390935,1.94
"35029",0,0,0,0,0.0645058991582168,35.25
"35031",0,0,0,0,0.0871174639054254,56.35
"35033",0,0,0,0,0.0544279400382734,23.07
"35035",0,0,0,0,0.0701276614719776,41.2
"35037",0,0,0,0,0.0493657846640006,17.75
"35039",0,0,0,0,0.0766125031916556,47.41
"35041",0,0,0,0,0.0590571838899075,28.95
"35043",0,0,0,0,0.135362747975624,79.61
"35045",0,0,0,0,0.112100267403286,71.3
"35047",0,0,0,0,0.0684128910723882,39.52
"35049",5.42387590171937e-05,0.482700820832787,1,0,0.188027959406656,90.42
"35051",0,0,0,0,0.0571323514163941,26.69
"35053",0,0,0,0,0.0431356205427523,11.14
"35055",0,0,0,0,0.134993134474249,79.54
"35057",0,0,0,0,0.074193210474635,44.89
"35059",0,0,0,0,0.0468610560775851,15.02
"35061",0,0,0,0,0.0941615566884449,61.57
"36001",8.20745154525794e-06,0.0730426667134007,1,0,0.216553389765576,93.89
"36003",0,0,0,0,0.0871938125712661,56.44
"36005",5.20008632143294e-06,0.0462784543975523,1,0,0.133556176254772,79.19
"36007",0,0,0,0,0.181174786484486,89.79
"36009",0,0,0,0,0.103283506804968,66.75
"36011",0,0,0,0,0.122353584360174,75.63
"36013",0,0,0,0,0.145677260684128,82.47
"36015",0,0,0,0,0.156272735834813,84.95
"36017",0,0,0,0,0.0896506225014067,58.54
"36019",0,0,0,0,0.132437779921183,78.94
"36021",8.08276753960556e-05,0.719330345432759,1,0,0.156534183070862,84.98
"36023",0,0,0,0,0.10514517152747,67.8
"36025",0,0,0,0,0.117299543419215,73.62
"36027",7.83729769975313e-06,0.0697484621943971,1,0,0.169253640703707,87.53
"36029",5.07004778013028e-05,0.45121169242728,1,0,0.294311795497804,98.28
"36031",0,0,0,0,0.105983731411393,68.28
"36033",0,0,0,0,0.0718273010501617,42.92
"36035",0,0,0,0,0.10244297875083,66.24
"36037",0,0,0,0,0.126372031217428,76.87
"36039",0,0,0,0,0.128650186987756,77.63
"36041",0,0,0,0,0.0686207134446427,39.64
"36043",0,0,0,0,0.105927712970193,68.15
"36045",0,0,0,0,0.0906235834885913,59.18
"36047",4.21838583466037e-05,0.375417568889156,1,0,0.22188769860722,94.5
"36049",0,0,0,0,0.0655194468614461,36.43
"36051",0,0,0,0,0.099818711444137,64.97
"36053",0.000346245401428262,3.08143000517433,1,1,0.139650701712502,81.04
"36055",4.92655734635915e-05,0.438441682305732,1,0,0.244073031504643,95.83
"36057",0,0,0,0,0.0899892659281502,58.7
"36059",3.73134328358209e-05,0.332072949018437,1,0,0.293154187523515,98.25
"36061",0.00307216450960151,27.3408971257605,1,1,0.316340965895338,98.92
"36063",0,0,0,0,0.184764889401002,90.07
"36065",0,0,0,0,0.194376937874861,91.35
"36067",3.7773479995165e-06,0.0336167164031114,1,0,0.253778266140261,96.47
"36069",0,0,0,0,0.169071405572346,87.46
"36071",0.000526816083924093,4.68842873151767,1,1,0.258853430517472,96.75
"36073",0,0,0,0,0.0860585308504171,55.58
"36075",0,0,0,0,0.126785866048266,77.03
"36077",0,0,0,0,0.103322511215995,66.85
"36079",0,0,0,0,0.19020190305137,90.68
"36081",1.95580569415571e-05,0.17405800410351,1,0,0.206497236511246,92.9
"36083",1.61165549252192e-05,0.143430167510542,1,0,0.14921682222626,83.26
"36085",3.22129663632205e-05,0.286681066948018,1,0,0.147263549015219,82.85
"36087",0.00227116984826236,20.2124010554775,1,1,0.248079398638351,96.21
"36089",0,0,0,0,0.0932132168769065,60.8
"36091",9.96323566041308e-06,0.0886683640735097,1,0,0.201405078710898,92.24
"36093",1.5965259595121e-05,0.142083706393992,1,0,0.147254654620269,82.82
"36095",0,0,0,0,0.0685917002857392,39.58
"36097",0,0,0,0,0.0634322401976211,34.17
"36099",0,0,0,0,0.0937037662660966,61.15
"36101",0,0,0,0,0.0994669098745622,64.78
"36103",1.34612329950974e-05,0.119798983861248,1,0,0.333464820724512,99.3
"36105",0,0,0,0,0.104687882869467,67.67
"36107",0,0,0,0,0.0911134951050032,59.59
"36109",0,0,0,0,0.133424178608806,79.16
"36111",1.476995790562e-05,0.13144605322641,1,0,0.216779572285902,93.92
"36113",0,0,0,0,0.129717171196111,78.05
"36115",0,0,0,0,0.0973482883086842,63.51
"36117",0,0,0,0,0.123027469237253,75.85
"36119",0.000121125548719619,1.07796348681665,1,1,0.313306706254604,98.82
"36121",0,0,0,0,0.08849655354974,57.49
"36123",0,0,0,0,0.0963218146106748,62.58
"37001",2.65911478068951e-05,0.236649383316557,1,0,0.163077785079875,86.26
"37003",0,0,0,0,0.096600663637436,62.93
"37005",0,0,0,0,0.069805685041836,40.98
"37007",0,0,0,0,0.0693819394360026,40.5
"37009",0,0,0,0,0.0903801897642797,58.96
"37011",0,0,0,0,0.0788937956413996,50.05
"37013",0,0,0,0,0.10021789373338,65.16
"37015",0,0,0,0,0.0618528673422165,32.17
"37017",0,0,0,0,0.0466221429107398,14.73
"37019",0,0,0,0,0.170322473609135,87.81
"37021",1.30397647626437e-05,0.116048104131573,1,0,0.23667114183154,95.48
"37023",0,0,0,0,0.107545883112376,69.01
"37025",0,0,0,0,0.190299869624578,90.71
"37027",0,0,0,0,0.126342158525329,76.84
"37029",0,0,0,0,0.0826419993402122,53.13
"37031",0,0,0,0,0.14884153882254,83.14
"37033",0,0,0,0,0.0879674373947553,57.27
"37035",2.05391527599487e-05,0.182789320332613,1,0,0.204420213373209,92.59
"37037",0,0,0,0,0.132492652993002,78.97
"37039",0,0,0,0,0.106591638416345,68.66
"37041",0,0,0,0,0.0703112700801785,41.46
"37043",0,0,0,0,0.0813770539916103,51.92
"37045",0,0,0,0,0.129076601517574,77.86
"37047",0,0,0,0,0.0876368211431003,56.95
"37049",1.98176773682124e-05,0.176368510378401,1,0,0.113143045404471,71.78
"37051",1.59965873946891e-05,0.142362509870333,1,0,0.0802859188320865,51.16
"37053",0,0,0,0,0.125633959647832,76.68
"37055",8.58700785711219e-05,0.764205489991336,1,0,0.121266217384265,75.15
"37057",0,0,0,0,0.166330696548283,86.73
"37059",0,0,0,0,0.100762738953684,65.57
"37061",0,0,0,0,0.0615357682946414,31.88
"37063",3.91205695954933e-06,0.0348155662064553,1,0,0.173047016894752,88.39
"37065",0,0,0,0,0.0895277718060667,58.48
"37067",4.65848636461041e-06,0.0414584557755639,1,0,0.222186599414702,94.56
"37069",0,0,0,0,0.122812484290605,75.69
"37071",0,0,0,0,0.169234977671099,87.5
"37073",0,0,0,0,0.0646544242469122,35.41
"37075",0,0,0,0,0.0803606073514035,51.26
"37077",0,0,0,0,0.0691240309112394,40.15
"37079",0,0,0,0,0.0612931542071151,31.63
"37081",0.000166811971434237,1.484552320058,1,1,0.314606009696884,98.85
"37083",0,0,0,0,0.0889354396526909,57.91
"37085",0,0,0,0,0.106540169011777,68.63
"37087",0,0,0,0,0.126782855666913,77
"37089",1.97265894699465e-05,0.17555786861488,1,0,0.169774410578245,87.66
"37091",0,0,0,0,0.071770389601129,42.86
"37093",0,0,0,0,0.0845854830618857,54.37
"37095",0,0,0,0,0.067777247673859,38.91
"37097",3.3101621979477e-05,0.294589706510894,1,0,0.210155177287921,93.25
"37099",0,0,0,0,0.0814562593102267,52.02
"37101",0,0,0,0,0.149806072891346,83.49
"37103",0,0,0,0,0.075513964296642,46.64
"37105",0,0,0,0,0.109579994324268,70.16
"37107",0,0,0,0,0.0916424895050195,59.75
"37109",0,0,0,0,0.154533866622043,84.51
"37111",0,0,0,0,0.0818289727652393,52.31
"37113",0,0,0,0,0.120705683261538,74.83
"37115",0,0,0,0,0.113087235379346,71.75
"37117",0,0,0,0,0.0917529475469957,59.91
"37119",6.60933934435354e-05,0.58820179231434,1,0,0.314983804877274,98.89
"37121",0,0,0,0,0.0674674326919215,38.5
"37123",0,0,0,0,0.0760758634754064,47.15
"37125",8.77500877500877e-05,0.780936735143392,1,0,0.1518629290594,84
"37127",0,0,0,0,0.126701850138042,76.93
"37129",1.38194079765623e-05,0.122986581820487,1,0,0.196393181163372,91.66
"37131",0,0,0,0,0.0549577838087196,23.83
"37133",0,0,0,0,0.070029213681827,41.08
"37135",2.16284024180554e-05,0.192483157610366,1,0,0.136308035740664,80.02
"37137",0,0,0,0,0.0559104311027712,24.91
"37139",0,0,0,0,0.0882413871748037,57.37
"37141",0,0,0,0,0.128450466102421,77.57
"37143",0,0,0,0,0.085806426741387,55.39
"37145",0,0,0,0,0.0941160258275809,61.47
"37147",1.09466678343112e-05,0.0974204728270218,1,0,0.13371265389887,79.26
"37149",0.000151194436044754,1.34556320436863,1,1,0.146073829468542,82.56
"37151",0,0,0,0,0.148777982915454,83.11
"37153",0,0,0,0,0.0917261429262674,59.85
"37155",0,0,0,0,0.103922562267375,67.29
"37157",0,0,0,0,0.113442329874003,72.06
"37159",0,0,0,0,0.159039812037609,85.65
"37161",0,0,0,0,0.124780536605474,76.33
"37163",0,0,0,0,0.0697979730478266,40.95
"37165",0,0,0,0,0.0711836970645846,42.38
"37167",0,0,0,0,0.121782835596775,75.31
"37169",0,0,0,0,0.0867773843140323,56.03
"37171",0,0,0,0,0.110998328312939,70.79
"37173",0,0,0,0,0.0387315806509902,7.57
"37175",0,0,0,0,0.111489127579432,70.98
"37177",0,0,0,0,0.0411444351667988,9.39
"37179",0.000137734722923649,1.22577774670962,1,1,0.219598590269806,94.37
"37181",0,0,0,0,0.0933165361102942,60.87
"37183",8.59076769594225e-05,0.764540098917195,1,0,0.278817075838207,97.68
"37185",0,0,0,0,0.0589693734397652,28.89
"37187",0,0,0,0,0.0784089863128631,49.6
"37189",0,0,0,0,0.114270940924309,72.38
"37191",0,0,0,0,0.115016698580458,72.51
"37193",0,0,0,0,0.0958581687404978,62.39
"37195",0,0,0,0,0.119670709323342,74.55
"37197",0,0,0,0,0.0863387532993925,55.81
"37199",0,0,0,0,0.0775867866336824,48.55
"38001",0,0,0,0,0.0316550614895109,3.18
"38003",0,0,0,0,0.0620358602591502,32.42
"38005",0,0,0,0,0.0211237977044294,0.48
"38007",0,0,0,0,0.0282045655744224,2
"38009",0,0,0,0,0.0575119147763373,26.92
"38011",0,0,0,0,0.0438717179897868,11.87
"38013",0,0,0,0,0.0319418013897846,3.28
"38015",0,0,0,0,0.17413123232524,88.55
"38017",2.12335263224948e-05,0.188968936066435,1,0,0.211769959179044,93.32
"38019",0,0,0,0,0.0303128127730715,2.77
"38021",0,0,0,0,0.0346949398582927,5.28
"38023",0,0,0,0,0.0343434285593083,5
"38025",0,0,0,0,0.0354265409042222,5.82
"38027",0,0,0,0,0.0335746500213621,4.36
"38029",0,0,0,0,0.048038700206768,16.35
"38031",0,0,0,0,0.0370374123505306,6.55
"38033",0,0,0,0,0.0227722138307594,0.67
"38035",0,0,0,0,0.13476260903452,79.51
"38037",0,0,0,0,0.0276509119175945,1.81
"38039",0,0,0,0,0.0361304803383385,6.11
"38041",0,0,0,0,0.0348981965358026,5.54
"38043",0,0,0,0,0.0334137661915749,4.23
"38045",0,0,0,0,0.043308003170262,11.36
"38047",0,0,0,0,0.0261639095321685,1.3
"38049",0,0,0,0,0.0510248426566572,19.38
"38051",0,0,0,0,0.0359386234979993,5.98
"38053",0,0,0,0,0.0430343256599476,10.94
"38055",0,0,0,0,0.042422846672274,10.37
"38057",0,0,0,0,0.0350592383602069,5.63
"38059",0,0,0,0,0.108149558001353,69.46
"38061",0,0,0,0,0.0528912857527545,21.64
"38063",0,0,0,0,0.0325739231594724,3.72
"38065",0,0,0,0,0.0341476777579549,4.8
"38067",0,0,0,0,0.0429063899874804,10.88
"38069",0,0,0,0,0.0428767216937186,10.79
"38071",0,0,0,0,0.0721359399939184,43.27
"38073",0,0,0,0,0.0365115004548919,6.3
"38075",0,0,0,0,0.0429006658129779,10.85
"38077",0,0,0,0,0.0645628477331228,35.35
"38079",0,0,0,0,0.0407909167691166,9.07
"38081",0,0,0,0,0.0267633330554148,1.53
"38083",0,0,0,0,0.0222692046301389,0.64
"38085",0,0,0,0,0.0243481382809858,0.89
"38087",0,0,0,0,0.0263679601698488,1.34
"38089",0,0,0,0,0.103441566540528,66.91
"38091",0,0,0,0,0.0375881803132139,6.81
"38093",0,0,0,0,0.072026326605882,43.11
"38095",0,0,0,0,0.0284805164458352,2.2
"38097",0,0,0,0,0.0401088709956104,8.56
"38099",0,0,0,0,0.0501080671504862,18.45
"38101",0,0,0,0,0.116638855272916,73.37
"38103",0,0,0,0,0.0412672708403215,9.48
"38105",0,0,0,0,0.0826255421904778,53.07
"39001",0,0,0,0,0.084559625434722,54.34
"39003",0,0,0,0,0.172441763499657,88.32
"39005",0,0,0,0,0.113145959728244,71.81
"39007",0,0,0,0,0.131347672276852,78.62
"39009",0,0,0,0,0.0969800695741116,63.28
"39011",0,0,0,0,0.100837114086901,65.61
"39013",0,0,0,0,0.11935391491727,74.45
"39015",0,0,0,0,0.0938723293055182,61.34
"39017",3.89204577045826e-05,0.346374755278496,1,0,0.247642893744587,96.15
"39019",0,0,0,0,0.10021400438826,65.13
"39021",0,0,0,0,0.0777939386333513,48.78
"39023",0,0,0,0,0.131106284793999,78.49
"39025",0,0,0,0,0.187267974394834,90.36
"39027",0,0,0,0,0.0888768680576804,57.81
"39029",3.07332964533776e-05,0.27351266315367,1,0,0.147460237363741,82.88
"39031",0,0,0,0,0.108992992586348,69.93
"39033",0,0,0,0,0.0993419616333128,64.65
"39035",5.59081961415544e-05,0.497558068396327,1,0,0.33980599029201,99.4
"39037",0,0,0,0,0.111179903006258,70.89
"39039",0,0,0,0,0.0950634053006393,61.98
"39041",5.46398324378472e-05,0.486270195812445,1,0,0.195543413960215,91.5
"39043",0,0,0,0,0.139322348201465,80.91
"39045",1.8628912071535e-05,0.165789028198474,1,0,0.141926649956225,81.39
"39047",0,0,0,0,0.0848484702729961,54.47
"39049",7.81283707436072e-05,0.695307735125588,1,0,0.257622707139141,96.66
"39051",0,0,0,0,0.0905835359156585,59.08
"39053",0,0,0,0,0.0692906087001803,40.38
"39055",4.62384981735793e-05,0.411502059171133,1,0,0.177485663855697,89.15
"39057",2.15461518572783e-05,0.191751164218178,1,0,0.116375521888462,73.11
"39059",0,0,0,0,0.0958312756000013,62.36
"39061",0.000106754727455181,0.950069572094396,1,0,0.301865360003637,98.5
"39063",0,0,0,0,0.111789101276477,71.05
"39065",0,0,0,0,0.0721078824503597,43.24
"39067",0,0,0,0,0.0682140303993963,39.33
"39069",0,0,0,0,0.0680667434356886,39.13
"39071",0,0,0,0,0.0875038097983079,56.67
"39073",0,0,0,0,0.0941397968145404,61.5
"39075",0,0,0,0,0.152470612196296,84.09
"39077",0,0,0,0,0.103638045173696,67.04
"39079",0,0,0,0,0.0747318540113485,45.75
"39081",0,0,0,0,0.100686932816209,65.51
"39083",0,0,0,0,0.108256101143312,69.65
"39085",1.84581875905605e-05,0.164269656284442,1,0,0.238679633731225,95.51
"39087",0,0,0,0,0.0779566047999113,49
"39089",0,0,0,0,0.149904797165289,83.55
"39091",0,0,0,0,0.0890530104962014,58.03
"39093",8.9845645181578e-06,0.0799586263831207,1,0,0.195414823597261,91.47
"39095",2.3358046146156e-05,0.207876217157281,1,0,0.229098523817808,94.94
"39097",0,0,0,0,0.0663491294560678,37.45
"39099",0,0,0,0,0.20912796348222,93.1
"39101",0,0,0,0,0.097036065446218,63.32
"39103",4.25888332079329e-05,0.379021664954817,1,0,0.217486103713943,94.05
"39105",0,0,0,0,0.0623940972311381,32.77
"39107",0,0,0,0,0.0890224546806078,58
"39109",0,0,0,0,0.14877053682172,83.07
"39111",0,0,0,0,0.0793966339802601,50.62
"39113",1.81490179566384e-05,0.161518184112606,1,0,0.257496317045024,96.63
"39115",0,0,0,0,0.0587156006696051,28.64
"39117",0,0,0,0,0.117768125730545,73.78
"39119",0,0,0,0,0.114194346170909,72.35
"39121",0,0,0,0,0.064032421369254,34.97
"39123",0,0,0,0,0.09462404105632,61.72
"39125",0,0,0,0,0.0619804926263484,32.26
"39127",0,0,0,0,0.0735744417970419,44.42
"39129",0,0,0,0,0.0701901887198815,41.27
"39131",0,0,0,0,0.0605371796310315,30.89
"39133",3.03900563735546e-05,0.270457979173515,1,0,0.176503749732527,88.96
"39135",0,0,0,0,0.074312008812159,45.08
"39137",0,0,0,0,0.0849044031823448,54.63
"39139",0,0,0,0,0.15571902331601,84.73
"39141",0,0,0,0,0.0995626396464599,64.81
"39143",0,0,0,0,0.105876869216241,68.09
"39145",0,0,0,0,0.0964895775298833,62.74
"39147",0,0,0,0,0.107669886643606,69.14
"39149",0,0,0,0,0.0886377726500967,57.59
"39151",0.000166829661163205,1.48470975077449,1,1,0.27349874723606,97.55
"39153",1.74862470666821e-05,0.155619818102709,1,0,0.266146793949108,97.33
"39155",5.45092802049549e-05,0.485108339031048,1,0,0.188503272858294,90.58
"39157",4.81707170211229e-05,0.428697947141988,1,0,0.171162738108224,88.01
"39159",0,0,0,0,0.0987737230714073,64.3
"39161",0,0,0,0,0.0790105352299274,50.21
"39163",0,0,0,0,0.0580377971650973,27.68
"39165",8.92626016477876e-06,0.07943974358152,1,0,0.214263496499929,93.64
"39167",0,0,0,0,0.116473884547512,73.21
"39169",1.79378632417306e-05,0.15963900110666,1,0,0.161477027263236,85.97
"39171",0,0,0,0,0.10589163361604,68.12
"39173",0,0,0,0,0.150719149705183,83.68
"39175",0,0,0,0,0.0656342631137412,36.65
"40001",0,0,0,0,0.0659907814001788,37.07
"40003",0,0,0,0,0.0346030940196652,5.19
"40005",0,0,0,0,0.0712885289635611,42.48
"40007",0,0,0,0,0.0435409485935519,11.55
"40009",0,0,0,0,0.0579067106502671,27.46
"40011",0,0,0,0,0.0496812181486263,18.1
"40013",0,0,0,0,0.0789944033460515,50.17
"40015",0,0,0,0,0.0530246263663351,21.79
"40017",4.19507079181961e-05,0.373342633820413,1,0,0.158138325134548,85.43
"40019",0,0,0,0,0.118434486714181,73.88
"40021",0,0,0,0,0.0522778340457919,20.9
"40023",0,0,0,0,0.0493904279693576,17.85
"40025",0,0,0,0,0.0329815993960959,4.01
"40027",0.000275373360381117,2.45070037552503,1,1,0.190720010922469,90.8
"40029",0,0,0,0,0.0459845312673593,14.13
"40031",0,0,0,0,0.0856625969029614,55.33
"40033",0,0,0,0,0.0311453618357133,2.96
"40035",0,0,0,0,0.0692845012362744,40.34
"40037",0,0,0,0,0.123250484521458,75.95
"40039",0,0,0,0,0.0828869039362043,53.45
"40041",0,0,0,0,0.0966789405953337,63.03
"40043",0,0,0,0,0.0369080024265544,6.46
"40045",0,0,0,0,0.0276984167193712,1.91
"40047",0,0,0,0,0.118997864809951,74.29
"40049",0,0,0,0,0.0763383369957991,47.34
"40051",0,0,0,0,0.110650811050771,70.57
"40053",0,0,0,0,0.0430677821611205,11.01
"40055",0,0,0,0,0.0311755108729098,2.99
"40057",0,0,0,0,0.0477267641593605,15.91
"40059",0,0,0,0,0.0380793545309124,7
"40061",0,0,0,0,0.0657046395492098,36.84
"40063",0,0,0,0,0.0579403916873385,27.52
"40065",0,0,0,0,0.0563910578534534,25.49
"40067",0,0,0,0,0.0434612441710404,11.45
"40069",0.000249875062468766,2.22377686998853,1,1,0.0710505907258987,42.25
"40071",0,0,0,0,0.0966592983538792,62.97
"40073",0,0,0,0,0.0742869268122643,45.02
"40075",0,0,0,0,0.0482614088739231,16.61
"40077",0,0,0,0,0.0437304395055982,11.68
"40079",0,0,0,0,0.0796815593695327,50.75
"40081",0,0,0,0,0.0752678041014285,46.39
"40083",0,0,0,0,0.112200420523836,71.4
"40085",0,0,0,0,0.033788014416605,4.45
"40087",0,0,0,0,0.0908354948482711,59.4
"40089",0,0,0,0,0.0687620790366091,39.9
"40091",0,0,0,0,0.0611579060632634,31.5
"40093",0,0,0,0,0.0533659022328681,22.08
"40095",0,0,0,0,0.0536563603527143,22.4
"40097",0,0,0,0,0.0900848981624172,58.8
"40099",0,0,0,0,0.0578572623617686,27.27
"40101",6.70241286863271e-05,0.596484921829363,1,0,0.105834014753518,68.06
"40103",0,0,0,0,0.0389912798955217,7.73
"40105",0,0,0,0,0.0586812829050187,28.54
"40107",0,0,0,0,0.0425143993866453,10.47
"40109",0.00010062893081761,0.895552707793117,1,0,0.220423489181567,94.43
"40111",0,0,0,0,0.0707637569689237,42
"40113",0,0,0,0,0.08404764569126,54.12
"40115",0,0,0,0,0.0746333889454503,45.5
"40117",0,0,0,0,0.0652051970956208,36.02
"40119",0,0,0,0,0.108638482469364,69.81
"40121",0,0,0,0,0.08587173078556,55.46
"40123",8.77154510767072e-05,0.780628484162458,1,0,0.0870598500989017,56.32
"40125",7.66606615815095e-05,0.682245776664042,1,0,0.107911886205578,69.23
"40127",0,0,0,0,0.0659627181765137,37.03
"40129",0,0,0,0,0.0466429610694701,14.76
"40131",2.80253349027521e-05,0.24941301030475,1,0,0.127952890330347,77.51
"40133",0,0,0,0,0.0613622114072115,31.75
"40135",0,0,0,0,0.0780278734429188,49.09
"40137",0,0,0,0,0.087658119597206,56.98
"40139",0,0,0,0,0.0426893689333581,10.69
"40141",0,0,0,0,0.0443458038278108,12.6
"40143",0.000180739005646287,1.60849672748428,1,1,0.324531648931225,99.11
"40145",0,0,0,0,0.112759026800794,71.62
"40147",0,0,0,0,0.109262352218635,70.06
"40149",0,0,0,0,0.059443563412239,29.59
"40151",0.000245639891918448,2.18608573659889,1,1,0.078818337137265,50.02
"40153",0,0,0,0,0.0838554470252325,54.06
"41001",0,0,0,0,0.0934903050282406,60.99
"41003",2.23488657950609e-05,0.198894961083788,1,0,0.131071788700222,78.46
"41005",4.0365917037949e-05,0.359238700164757,1,0,0.290894147687138,98.06
"41007",0,0,0,0,0.11869444840932,74.13
"41009",0,0,0,0,0.13467532226579,79.45
"41011",0,0,0,0,0.127491960191467,77.35
"41013",0,0,0,0,0.112081348380113,71.27
"41015",0,0,0,0,0.105946140130323,68.22
"41017",1.86186801217662e-05,0.165697968398404,1,0,0.234984071892459,95.39
"41019",0,0,0,0,0.118929577376979,74.23
"41021",0,0,0,0,0.0423603088068523,10.28
"41023",0,0,0,0,0.0599713406045217,30.32
"41025",0,0,0,0,0.0562219864053405,25.33
"41027",0,0,0,0,0.103980769279264,67.39
"41029",9.6369751462411e-06,0.0857647906723149,1,0,0.212275178734698,93.41
"41031",0,0,0,0,0.0740884941190452,44.67
"41033",0,0,0,0,0.143173067317679,81.86
"41035",0,0,0,0,0.123078997068206,75.88
"41037",0,0,0,0,0.0452399756187249,13.3
"41039",5.68682646649037e-06,0.0506102251055992,1,0,0.23950220329419,95.58
"41041",0,0,0,0,0.110992500749886,70.76
"41043",0,0,0,0,0.136384086740007,80.08
"41045",0,0,0,0,0.0772135164488408,48.2
"41047",0,0,0,0,0.169949986466226,87.72
"41049",0,0,0,0,0.0441880093463181,12.5
"41051",0.000100310424940038,0.892718147207106,1,0,0.351346492796055,99.62
"41053",0,0,0,0,0.115610021826582,72.8
"41055",0,0,0,0,0.0453290278794632,13.43
"41057",0,0,0,0,0.082722591469135,53.23
"41059",0,0,0,0,0.104630719392525,67.64
"41061",0,0,0,0,0.0867209346054582,55.97
"41063",0,0,0,0,0.10365615653724,67.1
"41065",0,0,0,0,0.0921776250467674,60.17
"41067",3.25631651396516e-05,0.289797680231598,1,0,0.263200686361201,97.14
"41069",0,0,0,0,0.05638895426768,25.45
"41071",0,0,0,0,0.144625744528923,82.28
"42001",0,0,0,0,0.13751881565047,80.34
"42003",9.68141423947785e-05,0.861602788282228,1,0,0.28066598051961,97.77
"42005",0,0,0,0,0.132793135059582,79.03
"42007",0.000608697208944268,5.41713430985551,1,1,0.214468806049207,93.7
"42009",0,0,0,0,0.0925483991316381,60.45
"42011",5.18777138529059e-06,0.0461688569456171,1,0,0.24738973519185,96.09
"42013",0,0,0,0,0.169776257800996,87.69
"42015",0,0,0,0,0.0965315946661119,62.84
"42017",7.16509685908209e-05,0.637661738191498,1,0,0.325821293329473,99.14
"42019",3.07967109112747e-05,0.274077023611656,1,0,0.195122203136758,91.44
"42021",0,0,0,0,0.163665825484332,86.35
"42023",0,0,0,0,0.0539018361827664,22.75
"42025",0,0,0,0,0.104987196022363,67.74
"42027",1.23479656726554e-05,0.109891400057963,1,0,0.128175761589746,77.54
"42029",0.000152559090038246,1.35770801768567,1,1,0.3479237643,99.52
"42031",0,0,0,0,0.0918756753573613,59.97
"42033",0,0,0,0,0.116697563415458,73.4
"42035",0,0,0,0,0.0986288816993653,64.24
"42037",0,0,0,0,0.119057881339604,74.32
"42039",0,0,0,0,0.147499637001554,82.91
"42041",0.000363223309690798,3.23252583411377,1,1,0.188778431363166,90.61
"42043",0,0,0,0,0.188394007697229,90.55
"42045",4.83259099366125e-05,0.430079095034228,1,0,0.246565898832736,96.05
"42047",0,0,0,0,0.09169358588426,59.82
"42049",0,0,0,0,0.200996741030616,92.17
"42051",0,0,0,0,0.140743576980331,81.23
"42053",0,0,0,0,0.0836038224691315,53.8
"42055",0,0,0,0,0.136179233251908,79.99
"42057",0,0,0,0,0.0619314709759733,32.23
"42059",0,0,0,0,0.060124559055136,30.61
"42061",0,0,0,0,0.0835460752384798,53.71
"42063",0,0,0,0,0.122052892742652,75.41
"42065",0,0,0,0,0.102988627925072,66.59
"42067",0,0,0,0,0.0794437380245549,50.65
"42069",0,0,0,0,0.19136493682393,90.9
"42071",7.02400101145615e-06,0.062510483558177,1,0,0.28580952510211,97.9
"42073",0,0,0,0,0.149636644754171,83.42
"42075",0,0,0,0,0.149649641447065,83.46
"42077",1.37372701296798e-05,0.122255591531808,1,0,0.219036798883825,94.24
"42079",0,0,0,0,0.200505857259375,92.14
"42081",0.00152056425757992,13.5323452926007,1,1,0.209168741358652,93.13
"42083",0,0,0,0,0.0942291062267429,61.63
"42085",0,0,0,0,0.154943657311876,84.6
"42087",0,0,0,0,0.111213932469129,70.92
"42089",0,0,0,0,0.135803277356854,79.8
"42091",0.000509399592480326,4.53342970742001,1,1,0.372422481604762,99.71
"42093",0,0,0,0,0.0533941416430778,22.11
"42095",7.4003907406311e-06,0.0658601846670867,1,0,0.219066261751688,94.27
"42097",0,0,0,0,0.130392814829373,78.3
"42099",0,0,0,0,0.0892168514889131,58.26
"42101",0.000154641343425021,1.37623914629537,1,1,0.262548330868304,97.01
"42103",6.84603272403642e-05,0.609266449900329,1,0,0.0986773380028347,64.27
"42105",0,0,0,0,0.0710824121753659,42.28
"42107",0,0,0,0,0.149495466518572,83.36
"42109",0,0,0,0,0.0971871009504473,63.38
"42111",0,0,0,0,0.138486070298903,80.62
"42113",0,0,0,0,0.0691427680634171,40.18
"42115",0,0,0,0,0.115056226382293,72.54
"42117",0,0,0,0,0.0948017320722424,61.92
"42119",0,0,0,0,0.0815989352913067,52.12
"42121",0,0,0,0,0.128512324594654,77.6
"42123",0,0,0,0,0.0906153506022586,59.15
"42125",0,0,0,0,0.198513268458945,91.89
"42127",0,0,0,0,0.128903605630947,77.73
"42129",6.98743658901295e-06,0.0621850764683686,1,0,0.245462608354416,95.93
"42131",0,0,0,0,0.0876817767398562,57.02
"42133",4.95081366622604e-05,0.440600386841435,1,0,0.23561562928088,95.42
"44001",5.41506471002328e-05,0.48191666397867,1,0,0.19619454078915,91.57
"44003",0.000576195906608247,5.12788718104936,1,1,0.243086027359313,95.77
"44005",7.95608242501392e-05,0.708055933940178,1,0,0.166506244770364,86.86
"44007",2.78554118422641e-05,0.247900770676444,1,0,0.268402950415816,97.39
"44009",1.48328339612566e-05,0.13200562214385,1,0,0.190370090805628,90.77
"45001",0,0,0,0,0.0858981762789891,55.49
"45003",0,0,0,0,0.122903278989633,75.82
"45005",0,0,0,0,0.049226243678773,17.5
"45007",0,0,0,0,0.158776901263453,85.62
"45009",0,0,0,0,0.0656917556532094,36.81
"45011",0,0,0,0,0.0610755155441978,31.47
"45013",3.31367221154483e-05,0.294902082102661,1,0,0.171576358112958,88.1
"45015",1.28937426666839e-05,0.114748572452443,1,0,0.191990328525663,91.06
"45017",0,0,0,0,0.0631275316472513,33.73
"45019",4.76010649944941e-05,0.42362829758095,1,0,0.247462548032158,96.12
"45021",0,0,0,0,0.111257013906148,70.95
"45023",0,0,0,0,0.103981135178908,67.42
"45025",0,0,0,0,0.0769897069844998,47.88
"45027",0,0,0,0,0.0861003632537851,55.62
"45029",0,0,0,0,0.0972451397722957,63.44
"45031",4.40412225843389e-05,0.391947284140496,1,0,0.090984614023087,59.47
"45033",0,0,0,0,0.0610652217100963,31.43
"45035",0,0,0,0,0.159353927471135,85.71
"45037",0,0,0,0,0.0752745492119842,46.42
"45039",0,0,0,0,0.0822740203832474,52.75
"45041",0,0,0,0,0.141408723920429,81.29
"45043",0,0,0,0,0.129750773339462,78.08
"45045",3.62948960302457e-05,0.323008424663377,1,0,0.266032843767563,97.3
"45047",0,0,0,0,0.112768401634698,71.65
"45049",0,0,0,0,0.0787807879151995,49.92
"45051",1.82741858850188e-05,0.162632122979681,1,0,0.19946866210596,91.92
"45053",0,0,0,0,0.0973798506218277,63.54
"45055",0.000184988207001804,1.64631272879695,1,1,0.159294069892413,85.68
"45057",0,0,0,0,0.162966549963589,86.13
"45059",0,0,0,0,0.102975962051984,66.56
"45061",0,0,0,0,0.078295292810284,49.44
"45063",2.03573391600562e-05,0.181171260194496,1,0,0.220033370716533,94.4
"45065",0,0,0,0,0.0849998314327016,54.76
"45067",0,0,0,0,0.0771630608462286,48.14
"45069",0,0,0,0,0.05834735443299,28.06
"45071",0,0,0,0,0.0827243556095027,53.26
"45073",0,0,0,0,0.136526699300553,80.11
"45075",0,0,0,0,0.110382738692385,70.41
"45077",0.000228637941427116,2.03477594252115,1,1,0.163028768844082,86.19
"45079",1.53131735403674e-05,0.136280430663008,1,0,0.20259234724088,92.3
"45081",0,0,0,0,0.0463743180109156,14.41
"45083",1.7222573052414e-05,0.153273236701776,1,0,0.211822247781392,93.35
"45085",0,0,0,0,0.112327673759084,71.43
"45087",0,0,0,0,0.0636648809600905,34.49
"45089",0,0,0,0,0.0597265365660575,30
"45091",3.37695230054875e-05,0.300533728448935,1,0,0.259708966782337,96.88
"46003",0,0,0,0,0.0297063415346032,2.48
"46005",0,0,0,0,0.0780833547566078,49.16
"46007",0,0,0,0,0.031251838615921,3.05
"46009",0,0,0,0,0.0496603116569003,18.07
"46011",0,0,0,0,0.0986090241022465,64.21
"46013",0,0,0,0,0.117128136085672,73.56
"46015",0,0,0,0,0.0508649234006464,19.19
"46017",0,0,0,0,0.0271401826099801,1.62
"46019",0,0,0,0,0.0877531157887067,57.14
"46021",0,0,0,0,0.0348666419987307,5.44
"46023",0,0,0,0,0.05968426985137,29.88
"46025",0,0,0,0,0.031231399908253,3.02
"46027",0.000391134289439374,3.48092113443055,1,1,0.0793108467040453,50.56
"46029",0,0,0,0,0.122378906829174,75.66
"46031",0,0,0,0,0.0243511986885573,0.92
"46033",0,0,0,0,0.0894452974361682,58.42
"46035",0,0,0,0,0.105931991170015,68.18
"46037",0,0,0,0,0.0535580262811093,22.27
"46039",0,0,0,0,0.0517811474346716,20.17
"46041",0,0,0,0,0.0334427578547574,4.3
"46043",0,0,0,0,0.0346829517503391,5.25
"46045",0,0,0,0,0.0399996118714932,8.43
"46047",0,0,0,0,0.0585258766701101,28.22
"46049",0,0,0,0,0.0339483200911464,4.68
"46051",0,0,0,0,0.0496013740287641,18.04
"46053",0,0,0,0,0.0544059026718281,23
"46055",0,0,0,0,0.0394636223704843,7.89
"46057",0,0,0,0,0.0352241109150576,5.76
"46059",0,0,0,0,0.0361672970517819,6.14
"46061",0,0,0,0,0.0435843940036136,11.61
"46063",0,0,0,0,0.0245062049701102,0.95
"46065",0,0,0,0,0.0926970254914669,60.55
"46067",0,0,0,0,0.043845718885325,11.8
"46069",0,0,0,0,0.027232463438173,1.65
"46071",0,0,0,0,0.0282763945517434,2.07
"46073",0,0,0,0,0.0218948600299691,0.54
"46075",0,0,0,0,0.0297687614069527,2.55
"46077",0,0,0,0,0.0422542121072683,10.12
"46079",0,0,0,0,0.0689013131110072,39.93
"46081",0,0,0,0,0.116378864756299,73.15
"46083",0,0,0,0,0.138892719262976,80.75
"46085",0,0,0,0,0.030223296696851,2.74
"46087",0,0,0,0,0.0578831816537709,27.36
"46089",0,0,0,0,0.026132173272855,1.27
"46091",0,0,0,0,0.0326993215166965,3.88
"46093",0,0,0,0,0.109498831010567,70.12
"46095",0,0,0,0,0.019951770939695,0.41
"46097",0,0,0,0,0.0403119047669348,8.75
"46099",9.89837666622674e-05,0.880911478853184,1,0,0.199615411623126,91.95
"46101",0,0,0,0,0.0388612763163396,7.67
"46102",0,0,0,0,0.027582275594519,1.75
"46103",5.54039641536352e-05,0.493070628070091,1,0,0.186635980378344,90.3
"46105",0,0,0,0,0.0465969388218386,14.7
"46107",0,0,0,0,0.0338393415614737,4.55
"46109",0,0,0,0,0.0423257755955448,10.24
"46111",0,0,0,0,0.0240250215288375,0.8
"46115",0,0,0,0,0.0327108884828732,3.91
"46117",0,0,0,0,0.0494430160309106,17.91
"46119",0,0,0,0,0.0250246777182043,1.08
"46121",0,0,0,0,0.0221030349954313,0.57
"46123",0,0,0,0,0.0551840224039691,24.18
"46125",0,0,0,0,0.0474490744586215,15.65
"46127",0,0,0,0,0.110965650042191,70.7
"46129",0,0,0,0,0.0570224084310052,26.6
"46135",0,0,0,0,0.103521096322615,66.97
"46137",0,0,0,0,0.0265598341196333,1.43
"47001",0,0,0,0,0.10638874471637,68.47
"47003",0,0,0,0,0.0938444321786969,61.28
"47005",0,0,0,0,0.0905320736305617,59.02
"47007",0,0,0,0,0.0789543553344101,50.11
"47009",0,0,0,0,0.164785324833665,86.48
"47011",0,0,0,0,0.146495924358283,82.66
"47013",0,0,0,0,0.0985338107878265,64.14
"47015",0,0,0,0,0.0852504636186596,55.04
"47017",0,0,0,0,0.0822357478808294,52.69
"47019",0,0,0,0,0.099240359845982,64.62
"47021",8.41892574507493e-05,0.749246929928784,1,0,0.107648057990898,69.07
"47023",0,0,0,0,0.0776685144514349,48.68
"47025",0,0,0,0,0.0753921947191521,46.58
"47027",0,0,0,0,0.0613402211444087,31.69
"47029",0,0,0,0,0.0720798218424672,43.21
"47031",0,0,0,0,0.12029173965774,74.71
"47033",0,0,0,0,0.0592650184979227,29.21
"47035",0,0,0,0,0.12212443234905,75.47
"47037",3.54496220586885e-05,0.315485862434954,1,0,0.286737276951018,97.96
"47039",0,0,0,0,0.100320897427741,65.22
"47041",0,0,0,0,0.0632921735807103,33.98
"47043",0,0,0,0,0.122299401689301,75.53
"47045",0,0,0,0,0.0789194627532586,50.08
"47047",0,0,0,0,0.128937455702674,77.76
"47049",0,0,0,0,0.0654575226320036,36.37
"47051",0,0,0,0,0.0871476181836662,56.41
"47053",0,0,0,0,0.0980130910465709,63.89
"47055",0,0,0,0,0.0917389387404478,59.88
"47057",0,0,0,0,0.0642265534784606,35.09
"47059",0,0,0,0,0.108545004912743,69.77
"47061",0,0,0,0,0.0636545320061284,34.46
"47063",0.000107962213225371,0.960815658158607,1,0,0.117738174659283,73.75
"47065",2.02372616556509e-05,0.180102623835732,1,0,0.245489866705594,95.96
"47067",0,0,0,0,0.0507613937427658,19.06
"47069",0,0,0,0,0.0649825566817444,35.73
"47071",0,0,0,0,0.0875633254280855,56.86
"47073",0,0,0,0,0.0757764505069227,46.93
"47075",0,0,0,0,0.0461796799308191,14.29
"47077",0,0,0,0,0.0744107865638596,45.24
"47079",0,0,0,0,0.106357900866102,68.44
"47081",0,0,0,0,0.0873099790839353,56.54
"47083",0,0,0,0,0.0899844501284408,58.67
"47085",0,0,0,0,0.0725158042090275,43.65
"47087",0,0,0,0,0.0720142633520167,43.05
"47089",5.94035879767138e-05,0.528665500397653,1,0,0.0826169712966701,53.04
"47091",0,0,0,0,0.0657533369862159,36.91
"47093",5.43696182573178e-05,0.483865409841939,1,0,0.243028729073455,95.74
"47095",0,0,0,0,0.0412515647500892,9.45
"47097",0,0,0,0,0.0492518111431018,17.56
"47099",0,0,0,0,0.0928684708297252,60.61
"47101",0,0,0,0,0.07932006008362,50.59
"47103",0,0,0,0,0.0786601380732955,49.73
"47105",4.67595623304966e-05,0.416139298311704,1,0,0.115366342437708,72.67
"47107",5.05433409148345e-05,0.449813244058332,1,0,0.0978804453050827,63.86
"47109",0,0,0,0,0.0921722822132757,60.13
"47111",0,0,0,0,0.0725286690517288,43.68
"47113",0,0,0,0,0.14420497105335,82.12
"47115",0,0,0,0,0.0802046559416835,51.1
"47117",0,0,0,0,0.0974484019264477,63.57
"47119",0,0,0,0,0.163544941764642,86.32
"47121",0,0,0,0,0.0511391475153218,19.47
"47123",0,0,0,0,0.0812365906452783,51.77
"47125",0,0,0,0,0.154576511241778,84.54
"47127",0,0,0,0,0.0385863777760785,7.38
"47129",0,0,0,0,0.0564643556029783,25.58
"47131",0,0,0,0,0.0835506670721399,53.74
"47133",0,0,0,0,0.087530482744815,56.79
"47135",0,0,0,0,0.0502749197414935,18.64
"47137",0,0,0,0,0.0767766066152308,47.6
"47139",0,0,0,0,0.0744305697461118,45.37
"47141",0,0,0,0,0.138647170561809,80.69
"47143",0,0,0,0,0.0639416335596654,34.9
"47145",0,0,0,0,0.0786250654482778,49.7
"47147",0,0,0,0,0.121689056934847,75.28
"47149",9.46689544997337e-05,0.842511570552663,1,0,0.200412417397313,92.11
"47151",0,0,0,0,0.0694714874862077,40.63
"47153",0,0,0,0,0.0782084950629649,49.38
"47155",0,0,0,0,0.123789181318411,76.01
"47157",2.01103142145185e-05,0.178972848096989,1,0,0.268819217728056,97.42
"47159",0,0,0,0,0.0656624271497288,36.75
"47161",0,0,0,0,0.0594030637537156,29.43
"47163",0,0,0,0,0.152034964309911,84.06
"47165",2.71120268951307e-05,0.24128497542821,1,0,0.202728746871383,92.33
"47167",0,0,0,0,0.0977012885730384,63.7
"47169",0,0,0,0,0.0564371975862445,25.55
"47171",0,0,0,0,0.0612039313662119,31.56
"47173",0,0,0,0,0.0839407186261,54.09
"47175",0,0,0,0,0.0772929000536696,48.27
"47177",0,0,0,0,0.0977519531313873,63.76
"47179",0,0,0,0,0.153000677833103,84.25
"47181",0,0,0,0,0.0600779123802583,30.51
"47183",0,0,0,0,0.0887866761422888,57.72
"47185",0,0,0,0,0.0842490055396415,54.22
"47187",6.4369645615842e-05,0.572861203657572,1,0,0.264946541134125,97.23
"47189",1.34368869420333e-05,0.119582314822151,1,0,0.152023209078697,84.03
"48001",0,0,0,0,0.124653674637706,76.26
"48003",0,0,0,0,0.056770521486747,26.12
"48005",0,0,0,0,0.119139938572551,74.39
"48007",0,0,0,0,0.11652732688497,73.27
"48009",0,0,0,0,0.0559849704609546,25.04
"48011",0,0,0,0,0.047767505638662,16
"48013",0,0,0,0,0.0791399278010718,50.3
"48015",0,0,0,0,0.143589823286311,82.06
"48017",0,0,0,0,0.044703100068289,12.92
"48019",0,0,0,0,0.0957399547151771,62.27
"48021",0,0,0,0,0.136337835105876,80.05
"48023",0,0,0,0,0.0528894356584621,21.6
"48025",0,0,0,0,0.0730132454492284,43.91
"48027",0,0,0,0,0.113027166759292,71.71
"48029",5.5852816657544e-06,0.049706521563064,1,0,0.224381462620149,94.72
"48031",0,0,0,0,0.102267312007433,66.12
"48033",0,0,0,0,0.0525275441124797,21.25
"48035",0,0,0,0,0.0715636426542365,42.63
"48037",0,0,0,0,0.136060692295953,79.92
"48039",0,0,0,0,0.162778126110674,86.1
"48041",0,0,0,0,0.129112818533787,77.89
"48043",0,0,0,0,0.0708415226423205,42.16
"48045",0,0,0,0,0.0466685077480301,14.83
"48047",0,0,0,0,0.0416731673965232,9.74
"48049",0,0,0,0,0.0984260277838635,63.98
"48051",0,0,0,0,0.0847682812020108,54.44
"48053",0,0,0,0,0.144144422592714,82.09
"48055",0,0,0,0,0.0995809209833994,64.84
"48057",0,0,0,0,0.0575574064018686,26.98
"48059",0,0,0,0,0.0893118252338029,58.32
"48061",0,0,0,0,0.139429965724157,80.97
"48063",0,0,0,0,0.0616312292685225,31.94
"48065",0,0,0,0,0.0290683807471795,2.39
"48067",0,0,0,0,0.0655255403039434,36.46
"48069",0,0,0,0,0.0340710974180815,4.77
"48071",0,0,0,0,0.09151397921657,59.72
"48073",0,0,0,0,0.093860059204804,61.31
"48075",0,0,0,0,0.0594438916679695,29.62
"48077",0,0,0,0,0.0633289822838717,34.08
"48079",0,0,0,0,0.058134297926238,27.84
"48081",0,0,0,0,0.0478458391207807,16.07
"48083",0,0,0,0,0.0704949700384256,41.74
"48085",0.000120138646492033,1.06918049612937,1,1,0.291587722712222,98.12
"48087",0,0,0,0,0.0490091257456695,17.24
"48089",0,0,0,0,0.0816252785446352,52.18
"48091",0,0,0,0,0.201231679631481,92.2
"48093",0,0,0,0,0.0657254041408116,36.88
"48095",0,0,0,0,0.0547640531375931,23.51
"48097",0,0,0,0,0.0978748881872725,63.82
"48099",0,0,0,0,0.0933675807883717,60.9
"48101",0,0,0,0,0.0869167484100134,56.16
"48103",0,0,0,0,0.0391359385023416,7.8
"48105",0,0,0,0,0.0517835946697555,20.2
"48107",0,0,0,0,0.0509218319582063,19.28
"48109",0,0,0,0,0.0395810961716061,8.05
"48111",0,0,0,0,0.048316519762229,16.7
"48113",3.24051985915205e-05,0.288391848243023,1,0,0.385366303897189,99.81
"48115",0,0,0,0,0.0630434760909038,33.6
"48117",0,0,0,0,0.0419290079289332,9.93
"48119",0,0,0,0,0.0617943440730374,32.1
"48121",8.26598848823336e-05,0.735636194589147,1,0,0.262348218502082,96.98
"48123",0,0,0,0,0.0632677304803641,33.95
"48125",0,0,0,0,0.0637344602236538,34.58
"48127",0,0,0,0,0.0532253083055925,21.92
"48129",0,0,0,0,0.0515107643326349,19.92
"48131",0,0,0,0,0.0471548367312099,15.34
"48133",0,0,0,0,0.0787556302402456,49.89
"48135",0,0,0,0,0.138456141896809,80.59
"48137",0,0,0,0,0.0622759337344974,32.61
"48139",0,0,0,0,0.170319098462226,87.78
"48141",7.44579461520133e-06,0.0662642589475674,1,0,0.179250010438252,89.5
"48143",0,0,0,0,0.101531150609305,65.96
"48145",0,0,0,0,0.0525140508789155,21.22
"48147",0.00019147917663954,1.70407947031002,1,1,0.109874405574758,70.25
"48149",0,0,0,0,0.105967311490617,68.25
"48151",0,0,0,0,0.0425477817715724,10.5
"48153",0,0,0,0,0.0381571848549364,7.06
"48155",0,0,0,0,0.0586478578557937,28.41
"48157",6.70057155875396e-06,0.0596321053443363,1,0,0.21559018087683,93.86
"48159",0,0,0,0,0.0390674898289268,7.76
"48161",0,0,0,0,0.0632156447559996,33.92
"48163",0,0,0,0,0.0428119391549093,10.75
"48165",0,0,0,0,0.0769922923210758,47.92
"48167",2.78817534834766e-05,0.248135199562092,1,0,0.147502543337739,82.95
"48169",0,0,0,0,0.0453454892770038,13.46
"48171",0,0,0,0,0.134020562683462,79.32
"48173",0,0,0,0,0.0463458269833674,14.38
"48175",0,0,0,0,0.0579577205739518,27.59
"48177",0,0,0,0,0.048705821387702,17.02
"48179",0,0,0,0,0.0653256245192908,36.21
"48181",3.37980566117448e-05,0.300787664848132,1,0,0.153141745104566,84.28
"48183",0,0,0,0,0.168479687914799,87.34
"48185",0,0,0,0,0.0852236780285611,54.98
"48187",0.000125002232182718,1.1124642446447,1,1,0.175993762576188,88.74
"48189",0,0,0,0,0.076699127589541,47.53
"48191",0,0,0,0,0.0601551292489223,30.67
"48193",0,0,0,0,0.0448089028872684,13.01
"48195",0,0,0,0,0.0450591843061362,13.17
"48197",0,0,0,0,0.0410753329860607,9.32
"48199",0,0,0,0,0.0988437755264465,64.43
"48201",3.23800854470435e-05,0.288168352431681,1,0,0.329212039025816,99.2
"48203",0,0,0,0,0.110511748060673,70.47
"48205",0,0,0,0,0.033456299142037,4.33
"48207",0,0,0,0,0.0537352782218268,22.46
"48209",8.20381933366756e-05,0.730103416464581,1,0,0.19105722699438,90.84
"48211",0,0,0,0,0.053795244098944,22.56
"48213",0,0,0,0,0.118531157312173,73.97
"48215",2.92030487982945e-06,0.0259894139932077,1,0,0.144263747540388,82.15
"48217",0,0,0,0,0.0885155760055143,57.52
"48219",0,0,0,0,0.0441186907267695,12.44
"48221",0,0,0,0,0.14322229615715,81.9
"48223",0,0,0,0,0.103026926264227,66.62
"48225",0,0,0,0,0.14493868317542,82.34
"48227",0,0,0,0,0.0938119017325937,61.25
"48229",0,0,0,0,0.0406476186358421,8.94
"48231",0,0,0,0,0.120855522200026,74.86
"48233",0,0,0,0,0.0497901431119131,18.23
"48235",0,0,0,0,0.0320663821417485,3.4
"48237",0,0,0,0,0.0611830806900518,31.53
"48239",0,0,0,0,0.0469500838274982,15.14
"48241",0,0,0,0,0.0753265562832921,46.52
"48243",0,0,0,0,0.0501271270726999,18.49
"48245",0,0,0,0,0.167123641392037,86.99
"48247",0,0,0,0,0.0400895118010631,8.53
"48249",0,0,0,0,0.0591796954943666,29.14
"48251",0,0,0,0,0.168112308834167,87.24
"48253",0,0,0,0,0.0644733062498588,35.19
"48255",0,0,0,0,0.0550062075664613,23.93
"48257",0,0,0,0,0.163017127402562,86.16
"48259",0,0,0,0,0.157768845373611,85.33
"48261",0,0,0,0,0.0112786703724901,0.06
"48263",0,0,0,0,0.0507509637431457,19.03
"48265",0,0,0,0,0.125825215428545,76.77
"48267",0,0,0,0,0.0681270156697363,39.2
"48269",0,0,0,0,0.0276867444371382,1.85
"48271",0,0,0,0,0.0300544211726212,2.61
"48273",0,0,0,0,0.0683714252895977,39.45
"48275",0,0,0,0,0.0322246372720289,3.44
"48277",0,0,0,0,0.10047922598104,65.35
"48279",0,0,0,0,0.0401234436075062,8.59
"48281",0,0,0,0,0.078294168849584,49.41
"48283",0,0,0,0,0.0404241969381682,8.78
"48285",0,0,0,0,0.0686813499027161,39.77
"48287",0,0,0,0,0.0623017758628118,32.64
"48289",0,0,0,0,0.051079801121342,19.44
"48291",0,0,0,0,0.098909169043534,64.46
"48293",0,0,0,0,0.0518109826827194,20.27
"48295",0,0,0,0,0.0377973343370593,6.94
"48297",0,0,0,0,0.0502664315978291,18.58
"48299",0,0,0,0,0.0890992618284293,58.07
"48301",0,0,0,0,0.013883998833039,0.13
"48303",0,0,0,0,0.178675083947529,89.34
"48305",0,0,0,0,0.0527947314251087,21.57
"48307",0,0,0,0,0.0518054034550143,20.24
"48309",1.46380736295104e-05,0.130272341853094,1,0,0.176846976135442,89.02
"48311",0,0,0,0,0.0460601629176261,14.16
"48313",0,0,0,0,0.044440575546671,12.66
"48315",0,0,0,0,0.0547872131797426,23.58
"48317",0,0,0,0,0.0454721835541363,13.55
"48319",0,0,0,0,0.0732464932614285,44.13
"48321",0,0,0,0,0.0833824655927462,53.61
"48323",0,0,0,0,0.085035161049335,54.79
"48325",0,0,0,0,0.0812013896042856,51.73
"48327",0,0,0,0,0.0580626888425992,27.78
"48329",0,0,0,0,0.123883308751195,76.04
"48331",0,0,0,0,0.0792959071771981,50.49
"48333",0,0,0,0,0.0580265290728252,27.62
"48335",0,0,0,0,0.0358936859249334,5.95
"48337",0,0,0,0,0.0862191390007702,55.71
"48339",3.75785862184293e-06,0.033443269613933,1,0,0.215422093790471,93.8
"48341",0,0,0,0,0.0409713556375609,9.2
"48343",0,0,0,0,0.0431786315550087,11.2
"48345",0,0,0,0,0.0665154850063877,37.7
"48347",0,0,0,0,0.101411776059099,65.83
"48349",0,0,0,0,0.106056190493126,68.34
"48351",0,0,0,0,0.0468198929733293,14.89
"48353",0,0,0,0,0.060697626121672,31.15
"48355",5.44727581736374e-06,0.0484783309203396,1,0,0.180936921432096,89.76
"48357",0,0,0,0,0.0481880503914584,16.54
"48359",0,0,0,0,0.0250815465526721,1.11
"48361",0,0,0,0,0.112483075539753,71.52
"48363",0,0,0,0,0.101440421566545,65.86
"48365",0,0,0,0,0.0707984940782693,42.06
"48367",0,0,0,0,0.183950721884095,89.98
"48369",0,0,0,0,0.0327233131308975,3.95
"48371",0,0,0,0,0.0669948907761034,37.89
"48373",0,0,0,0,0.081258434840898,51.8
"48375",0,0,0,0,0.170479622433114,87.85
"48377",0,0,0,0,0.0577948624950851,27.24
"48379",0,0,0,0,0.0695607940037009,40.76
"48381",0,0,0,0,0.151825720493161,83.96
"48383",0,0,0,0,0.0455009899583615,13.65
"48385",0,0,0,0,0.0459564564902405,14.03
"48387",0,0,0,0,0.0509081268457219,19.25
"48389",0,0,0,0,0.0548730031403146,23.74
"48391",0,0,0,0,0.0426280176151309,10.63
"48393",0,0,0,0,0.0567055953234899,25.99
"48395",0,0,0,0,0.0558305993155817,24.82
"48397",4.11361813282873e-05,0.366093709607112,1,0,0.177751802486186,89.21
"48399",0,0,0,0,0.0482353386142182,16.58
"48401",0,0,0,0,0.0877047231191949,57.08
"48403",0,0,0,0,0.0521091412367224,20.46
"48405",0,0,0,0,0.0330083475448452,4.04
"48407",0,0,0,0,0.0879336893621073,57.21
"48409",0,0,0,0,0.0875051590008988,56.7
"48411",0,0,0,0,0.0512581265447314,19.54
"48413",0,0,0,0,0.0460929489889725,14.19
"48415",0,0,0,0,0.0559354431131395,24.94
"48417",0,0,0,0,0.0479874477591226,16.19
"48419",0,0,0,0,0.0570006378570537,26.5
"48421",0,0,0,0,0.0232645591331733,0.73
"48423",0,0,0,0,0.165649909030585,86.61
"48425",0,0,0,0,0.0599115264594058,30.26
"48427",0,0,0,0,0.070486769498525,41.71
"48429",0,0,0,0,0.0598813835795446,30.19
"48431",0,0,0,0,0.034262017978866,4.93
"48433",0,0,0,0,0.0661599743693021,37.23
"48435",0,0,0,0,0.0369012944452396,6.43
"48437",0,0,0,0,0.049274764342931,17.59
"48439",1.68115259822134e-05,0.149615100679086,1,0,0.308202465497521,98.63
"48441",0,0,0,0,0.141945924475068,81.42
"48443",0,0,0,0,0.0397083479262715,8.21
"48445",0,0,0,0,0.0560521606008322,25.14
"48447",0,0,0,0,0.0462648092820664,14.35
"48449",0,0,0,0,0.0753012844508984,46.48
"48451",0,0,0,0,0.143246334251008,81.93
"48453",8.73444866553688e-05,0.777327065879214,1,0,0.336623558849281,99.36
"48455",0,0,0,0,0.0637431434943164,34.65
"48457",0.000205044084478163,1.82480111414683,1,1,0.0848654906214447,54.57
"48459",0,0,0,0,0.0733745699130438,44.26
"48461",0,0,0,0,0.0264932829635465,1.37
"48463",0,0,0,0,0.0919718671577242,60.04
"48465",0,0,0,0,0.0757651093515121,46.87
"48467",0,0,0,0,0.118561047224624,74.01
"48469",2.37388724035608e-05,0.211265401393332,1,0,0.151503721993693,83.87
"48471",0,0,0,0,0.0617641049119493,32.04
"48473",0,0,0,0,0.108807388484703,69.87
"48475",0,0,0,0,0.0565485163242343,25.74
"48477",0,0,0,0,0.102728754804456,66.37
"48479",0,0,0,0,0.125708579472106,76.74
"48481",0,0,0,0,0.0830777673705229,53.52
"48483",0,0,0,0,0.0507199903528463,18.99
"48485",0,0,0,0,0.1314449606847,78.68
"48487",0,0,0,0,0.0518914577163472,20.3
"48489",0,0,0,0,0.0534080924470985,22.14
"48491",2.27104979276671e-05,0.202113326149869,1,0,0.231498838853782,95.16
"48493",0,0,0,0,0.106963462015467,68.79
"48495",0,0,0,0,0.0386256430607987,7.45
"48497",0,0,0,0,0.124263391359586,76.14
"48499",0,0,0,0,0.110055638286585,70.31
"48501",0,0,0,0,0.0468605545168683,14.99
"48503",0,0,0,0,0.0755477914189772,46.71
"48505",0,0,0,0,0.0582861771950442,27.97
"48507",0,0,0,0,0.0431337378921529,11.1
"49001",0,0,0,0,0.0500188164147681,18.39
"49003",0,0,0,0,0.0906970496141194,59.21
"49005",0,0,0,0,0.177294614006103,89.09
"49007",0,0,0,0,0.0705842412497398,41.84
"49009",0,0,0,0,0.0486896258190802,16.99
"49011",1.8386972217285e-05,0.163635871150732,1,0,0.210005858167442,93.22
"49013",0,0,0,0,0.075538457520498,46.68
"49015",0,0,0,0,0.0397811216275113,8.3
"49017",0,0,0,0,0.0465357196750531,14.64
"49019",0,0,0,0,0.086783677970788,56.06
"49021",0,0,0,0,0.140686367608919,81.16
"49023",0,0,0,0,0.0690144693000928,39.99
"49025",0,0,0,0,0.063669648678031,34.55
"49027",0,0,0,0,0.0551190106227719,24.05
"49029",0,0,0,0,0.0934026171942147,60.96
"49031",0,0,0,0,0.0273740614118236,1.72
"49033",0,0,0,0,0.0619862769204099,32.29
"49035",4.66570773096391e-05,0.415227227228454,1,0,0.384010450052753,99.78
"49037",0,0,0,0,0.0520537327303193,20.39
"49039",0,0,0,0,0.0936518255751866,61.06
"49041",0,0,0,0,0.0876364689837866,56.92
"49043",2.83254022207115e-05,0.252083475914743,1,0,0.168120859497823,87.27
"49045",0,0,0,0,0.125321253673022,76.52
"49047",0,0,0,0,0.100329983768728,65.26
"49049",8.6880721457511e-06,0.0773199761978167,1,0,0.2926494628289,98.22
"49051",0,0,0,0,0.176442279597765,88.93
"49053",0,0,0,0,0.209639426942672,93.19
"49055",0,0,0,0,0.049406757654555,17.88
"49057",0,0,0,0,0.182826169404106,89.88
"50001",5.23669878508588e-05,0.466042890327508,1,0,0.13815311611875,80.5
"50003",0.000103503596749987,0.921135955461792,1,0,0.14297177064404,81.77
"50005",7.79848709350386e-05,0.694030650681907,1,0,0.146904576572776,82.76
"50007",8.54160616362301e-06,0.0760164941293037,1,0,0.251120588723548,96.37
"50009",0,0,0,0,0.0638596095544905,34.78
"50011",0,0,0,0,0.101485457081956,65.92
"50013",0,0,0,0,0.115275833991909,72.64
"50015",0,0,0,0,0.138364088237491,80.56
"50017",0,0,0,0,0.117540990377091,73.72
"50019",0,0,0,0,0.11193101281605,71.14
"50021",0,0,0,0,0.155681749501838,84.7
"50023",0,0,0,0,0.158562685313839,85.59
"50025",0,0,0,0,0.167763928868942,87.15
"50027",0,0,0,0,0.167863265831852,87.18
"51001",0,0,0,0,0.081790493738877,52.27
"51003",4.01740877134248e-05,0.357531504534078,1,0,0.134355030215323,79.35
"51005",0,0,0,0,0.0819769720516278,52.43
"51007",0,0,0,0,0.0803669804366584,51.29
"51009",0,0,0,0,0.0862762930193743,55.77
"51011",0,0,0,0,0.0703452290915889,41.52
"51013",1.98331044262531e-05,0.176505804330441,1,0,0.142813883090003,81.67
"51015",0,0,0,0,0.108220028064498,69.52
"51017",0,0,0,0,0.0593418302256318,29.34
"51019",0,0,0,0,0.16030590758697,85.81
"51021",0,0,0,0,0.0465392896470977,14.67
"51023",0,0,0,0,0.107346704106995,68.95
"51025",0,0,0,0,0.0569379638129382,26.34
"51027",0,0,0,0,0.05299979129972,21.76
"51029",0,0,0,0,0.0573724256316399,26.85
"51031",4.78423117405033e-05,0.425775286273758,1,0,0.112120593732275,71.33
"51033",0,0,0,0,0.0714679193871127,42.6
"51035",0,0,0,0,0.0918321655540005,59.94
"51036",0,0,0,0,0.0654290074663147,36.3
"51037",0,0,0,0,0.07033391454143,41.49
"51041",1.84973949502112e-05,0.16461858433938,1,0,0.184685764312428,90.01
"51043",0,0,0,0,0.0888381909893073,57.78
"51045",0,0,0,0,0.0733397238810759,44.19
"51047",0,0,0,0,0.108303103057099,69.71
"51049",0,0,0,0,0.0649629197235799,35.67
"51051",0,0,0,0,0.041147288322155,9.42
"51053",0,0,0,0,0.0539990690289887,22.84
"51057",0,0,0,0,0.0761173079108623,47.18
"51059",0.000106514834611511,0.94793463252997,1,0,0.177351048542908,89.12
"51061",7.12073201125076e-05,0.633713464143134,1,0,0.152868066850884,84.16
"51063",0,0,0,0,0.0847144401895574,54.41
"51065",0,0,0,0,0.0823210227507167,52.82
"51067",5.49480740700038e-05,0.489013409181499,1,0,0.118832762927821,74.2
"51069",0,0,0,0,0.12362523139423,75.98
"51071",0,0,0,0,0.0548352639643188,23.67
"51073",0,0,0,0,0.127369531575171,77.25
"51075",0,0,0,0,0.0643512009044492,35.16
"51077",0,0,0,0,0.0546070204823228,23.29
"51079",0,0,0,0,0.0827864410610373,53.39
"51081",0,0,0,0,0.0431963669432836,11.23
"51083",0,0,0,0,0.0870477994631819,56.28
"51085",0,0,0,0,0.171130339265019,87.97
"51087",8.2043956256093e-05,0.730154703883091,1,0,0.251789810491847,96.4
"51089",0,0,0,0,0.103640431254938,67.07
"51091",0,0,0,0,0.0565215789179282,25.64
"51093",0,0,0,0,0.0881770422863143,57.33
"51095",3.03195682493481e-05,0.269830666232918,1,0,0.135773719149127,79.76
"51097",0,0,0,0,0.0782977744507001,49.48
"51099",0,0,0,0,0.0437434685286653,11.71
"51101",0,0,0,0,0.0747217874702781,45.69
"51103",0,0,0,0,0.0999745974953603,65
"51105",0,0,0,0,0.0565292693950778,25.68
"51107",1.36808887105306e-05,0.121753821989212,1,0,0.205541063757934,92.68
"51109",0,0,0,0,0.0834895800551163,53.67
"51111",0,0,0,0,0.0676937353752293,38.85
"51113",0,0,0,0,0.0845459362849059,54.31
"51115",0,0,0,0,0.0565371431957982,25.71
"51117",0,0,0,0,0.0897688250180138,58.57
"51119",0,0,0,0,0.0741491781665878,44.83
"51121",0,0,0,0,0.111755233531682,71.01
"51125",0,0,0,0,0.0683344129345893,39.42
"51127",0,0,0,0,0.0819456034196552,52.37
"51131",0,0,0,0,0.056990334660144,26.41
"51133",0,0,0,0,0.0736306773667227,44.51
"51135",0,0,0,0,0.044074788874186,12.22
"51137",0,0,0,0,0.089200488204314,58.22
"51139",0,0,0,0,0.0720490952419826,43.14
"51141",0,0,0,0,0.0705505990246958,41.81
"51143",0,0,0,0,0.101771637745126,66.05
"51145",0,0,0,0,0.105230942774731,67.87
"51147",0,0,0,0,0.0726451625674961,43.75
"51149",0,0,0,0,0.0459435259380594,14
"51153",1.73992727104007e-05,0.154845785032463,1,0,0.18366218586472,89.95
"51155",0,0,0,0,0.0681992714492358,39.29
"51157",0,0,0,0,0.0741207016311118,44.73
"51159",0,0,0,0,0.0702027837327662,41.3
"51161",7.26885055243264e-05,0.64689535523072,1,0,0.153279515922817,84.31
"51163",0,0,0,0,0.0927546913838018,60.58
"51165",0,0,0,0,0.103299358098792,66.82
"51167",0,0,0,0,0.0604762950025402,30.86
"51169",0,0,0,0,0.0492195190269645,17.47
"51171",0,0,0,0,0.0837857898500826,53.99
"51173",0,0,0,0,0.0547352401531164,23.45
"51175",0,0,0,0,0.0624845018507441,32.96
"51177",0.000299311583358276,2.6637399083191,1,1,0.200126725476285,92.08
"51179",0,0,0,0,0.135181121495725,79.57
"51181",0,0,0,0,0.0529740247145391,21.73
"51183",0,0,0,0,0.0671425022639082,37.99
"51185",0,0,0,0,0.0827848266152738,53.36
"51187",0,0,0,0,0.110550828365915,70.51
"51191",0,0,0,0,0.103445059864771,66.94
"51193",0,0,0,0,0.0655829024594155,36.56
"51195",0,0,0,0,0.0594644531484816,29.72
"51197",0,0,0,0,0.0774950010324238,48.43
"51199",0,0,0,0,0.111149037829794,70.86
"51510",2.19524509911532e-05,0.19536704572024,1,0,0.193771456088613,91.31
"51520",0,0,0,0,0.0858588137066924,55.42
"51530",0,0,0,0,0.0521791787793268,20.71
"51540",0,0,0,0,0.160214400011989,85.75
"51550",2.59717773352956e-05,0.231137261718313,1,0,0.192423740690947,91.09
"51570",0,0,0,0,0.0908639168083442,59.43
"51580",0,0,0,0,0.056712072889479,26.03
"51590",0,0,0,0,0.112043156227126,71.24
"51595",0,0,0,0,0.0582860857572812,27.94
"51600",7.79970361126277e-05,0.694138915349356,1,0,0.12024066033684,74.64
"51610",0,0,0,0,0.0969265002471516,63.19
"51620",0,0,0,0,0.0702858462379928,41.43
"51630",0,0,0,0,0.126922483990109,77.12
"51640",0,0,0,0,0.074156928940317,44.86
"51650",0,0,0,0,0.116524532048819,73.24
"51660",2.89544546428468e-05,0.257681762564615,1,0,0.131142799376568,78.52
"51670",0,0,0,0,0.0747212461389612,45.66
"51678",0,0,0,0,0.0545908992697632,23.19
"51680",0,0,0,0,0.13266842054917,79
"51683",0,0,0,0,0.112850063464181,71.68
"51685",0,0,0,0,0.0750756389688325,46.07
"51690",0,0,0,0,0.077603168189747,48.62
"51700",0,0,0,0,0.0873776907095066,56.57
"51710",5.92269695928738e-05,0.527093675370707,1,0,0.152926464819738,84.22
"51720",0,0,0,0,0.0637405632745548,34.62
"51730",0,0,0,0,0.0968348650548287,63.09
"51735",0,0,0,0,0.0601028570618457,30.58
"51740",0,0,0,0,0.0740097941793965,44.64
"51750",0,0,0,0,0.0583924983471114,28.09
"51760",0.000223964165733483,1.99318141852052,1,1,0.229427987441907,94.97
"51770",8.4985835694051e-05,0.756336121843691,1,0,0.166769814299004,86.96
"51775",0,0,0,0,0.110498834236824,70.44
"51790",0,0,0,0,0.0931854243366775,60.74
"51800",0,0,0,0,0.108673812369093,69.84
"51810",1.38354048008855e-05,0.123128946438916,1,0,0.191600407250701,91
"51820",0,0,0,0,0.102372348193392,66.18
"51830",0,0,0,0,0.0697227668531047,40.85
"51840",0,0,0,0,0.0811355710997315,51.7
"53001",0,0,0,0,0.0439546453950175,12.03
"53003",0,0,0,0,0.0963308758006601,62.62
"53005",0,0,0,0,0.12026675628347,74.67
"53007",0,0,0,0,0.124768017759434,76.3
"53009",0,0,0,0,0.128954688379004,77.79
"53011",7.6556489119409e-05,0.681318688104584,1,0,0.231686273423282,95.2
"53013",0,0,0,0,0.0449752863358199,13.11
"53015",0,0,0,0,0.130244136854027,78.21
"53017",0,0,0,0,0.0900096865457844,58.77
"53019",0,0,0,0,0.0596369310424842,29.81
"53021",0,0,0,0,0.109863038606722,70.22
"53023",0,0,0,0,0.0382822599024785,7.22
"53025",0,0,0,0,0.095787310783473,62.33
"53027",0,0,0,0,0.096469836541272,62.71
"53029",0,0,0,0,0.138800777090439,80.72
"53031",0,0,0,0,0.142876381592612,81.71
"53033",3.62509062726568e-05,0.322616935394796,1,0,0.323467524753804,99.01
"53035",9.0800955226049e-06,0.0808088098146217,1,0,0.140119235274944,81.1
"53037",0,0,0,0,0.0968543633926834,63.12
"53039",0,0,0,0,0.094702944227285,61.76
"53041",0,0,0,0,0.128723220797774,77.66
"53043",0,0,0,0,0.0488034533815414,17.05
"53045",0,0,0,0,0.0935537418726183,61.02
"53047",0,0,0,0,0.0770719039249893,48.01
"53049",0,0,0,0,0.0902447057452236,58.83
"53051",0,0,0,0,0.0623596549196154,32.74
"53053",1.21827609060076e-05,0.108421151145351,1,0,0.199635035355606,91.98
"53055",0,0,0,0,0.169513948637339,87.59
"53057",0,0,0,0,0.17358273399639,88.42
"53059",0,0,0,0,0.0728225643885369,43.81
"53061",1.48137613917825e-05,0.131835884762181,1,0,0.230984779124834,95.1
"53063",0.000111031518624642,0.988131110474631,1,0,0.246335961735966,96.02
"53065",0,0,0,0,0.101578505377634,65.99
"53067",1.40931415726537e-05,0.125422689023474,1,0,0.151418559402126,83.81
"53069",0,0,0,0,0.0671194570063332,37.93
"53071",0,0,0,0,0.0936665070301676,61.09
"53073",9.30578820026056e-06,0.08281737422012,1,0,0.232386375599048,95.29
"53075",0,0,0,0,0.0742883877998565,45.05
"53077",0,0,0,0,0.102692273527265,66.34
"54001",0,0,0,0,0.0464412773857014,14.51
"54003",0,0,0,0,0.138138562215192,80.46
"54005",0,0,0,0,0.0565545111124407,25.77
"54007",0,0,0,0,0.0568158992404265,26.19
"54009",0,0,0,0,0.0769239690065316,47.85
"54011",3.56023924807747e-05,0.316845451213832,1,0,0.157579809810752,85.24
"54013",0,0,0,0,0.0385369754074177,7.35
"54015",0,0,0,0,0.0375019062976953,6.75
"54017",0,0,0,0,0.0334210681705518,4.26
"54019",0,0,0,0,0.0932036413397082,60.77
"54021",0,0,0,0,0.0432185934793912,11.29
"54023",0,0,0,0,0.062124252040663,32.48
"54025",0,0,0,0,0.0937829402824969,61.18
"54027",0,0,0,0,0.0837762250199035,53.96
"54029",0,0,0,0,0.0965765214346534,62.9
"54031",0,0,0,0,0.0601832420828578,30.7
"54033",0,0,0,0,0.11078764508144,70.63
"54035",0,0,0,0,0.0820906558002852,52.56
"54037",0,0,0,0,0.118794907346281,74.16
"54039",0,0,0,0,0.164897057023803,86.51
"54041",0,0,0,0,0.0677960884682188,38.98
"54043",0,0,0,0,0.0567648077167538,26.09
"54045",0,0,0,0,0.0673543712048763,38.37
"54047",0,0,0,0,0.042681719999987,10.66
"54049",0,0,0,0,0.113670473683562,72.22
"54051",0,0,0,0,0.062001197591998,32.33
"54053",0,0,0,0,0.0538641016045797,22.65
"54055",0,0,0,0,0.106411790439366,68.5
"54057",0,0,0,0,0.0707361941345166,41.93
"54059",0,0,0,0,0.0543341491727536,22.97
"54061",1.51545001288133e-05,0.134868307904498,1,0,0.107202784229402,68.92
"54063",0,0,0,0,0.0650267877488121,35.83
"54065",0,0,0,0,0.0861035904649589,55.65
"54067",0,0,0,0,0.0797323121146371,50.78
"54069",0,0,0,0,0.137519801403188,80.37
"54071",0,0,0,0,0.0630677830813492,33.66
"54073",0,0,0,0,0.044701972177094,12.89
"54075",0,0,0,0,0.0504230279521781,18.74
"54077",0,0,0,0,0.083766335592498,53.93
"54079",0,0,0,0,0.130623741825489,78.36
"54081",0,0,0,0,0.115417694510808,72.7
"54083",0,0,0,0,0.0849613016727713,54.69
"54085",0,0,0,0,0.0486097579194692,16.89
"54087",0,0,0,0,0.063077778713344,33.69
"54089",0,0,0,0,0.0614757896040532,31.78
"54091",0,0,0,0,0.0598384785355103,30.16
"54093",0,0,0,0,0.0524919900373639,21.16
"54095",0,0,0,0,0.0396008783881367,8.08
"54097",0,0,0,0,0.0704853468045583,41.68
"54099",0,0,0,0,0.0692082824728625,40.22
"54101",0,0,0,0,0.0372707096132159,6.68
"54103",0,0,0,0,0.0558387054847926,24.88
"54105",0,0,0,0,0.0370927609485861,6.62
"54107",7.72399588053553e-05,0.687401264188525,1,0,0.13793458602757,80.43
"54109",0,0,0,0,0.0529613647469004,21.7
"55001",0,0,0,0,0.0631521243175439,33.82
"55003",0,0,0,0,0.0785481905907236,49.67
"55005",0,0,0,0,0.103298197833679,66.78
"55007",0,0,0,0,0.0809716219545045,51.57
"55009",0,0,0,0,0.211837113853137,93.38
"55011",0,0,0,0,0.060320292872038,30.8
"55013",0,0,0,0,0.0650549804581545,35.86
"55015",0,0,0,0,0.0795765384217371,50.68
"55017",0,0,0,0,0.14255815681247,81.58
"55019",0,0,0,0,0.0889744990955404,57.94
"55021",0,0,0,0,0.118032454447497,73.85
"55023",0,0,0,0,0.0628148124651503,33.31
"55025",1.25651818810077e-05,0.111824527658404,1,0,0.253595484786583,96.44
"55027",0,0,0,0,0.108295056337418,69.68
"55029",0,0,0,0,0.129048791663282,77.82
"55031",0,0,0,0,0.108014358547134,69.3
"55033",0,0,0,0,0.0898284361014513,58.61
"55035",0,0,0,0,0.172524517733696,88.36
"55037",0,0,0,0,0.055602834243458,24.59
"55039",5.94165296785566e-05,0.528780675785433,1,0,0.141177283730324,81.26
"55041",0,0,0,0,0.0517395875430221,20.08
"55043",0,0,0,0,0.0923385461350182,60.29
"55045",0,0,0,0,0.0887206744296041,57.68
"55047",0,0,0,0,0.0845400722515351,54.28
"55049",0,0,0,0,0.075203411921689,46.29
"55051",0,0,0,0,0.0642868748481762,35.13
"55053",0,0,0,0,0.0436796030929961,11.64
"55055",0,0,0,0,0.136899137741965,80.24
"55057",0,0,0,0,0.0717653245665045,42.83
"55059",0,0,0,0,0.172134979883821,88.2
"55061",0,0,0,0,0.0571145504037044,26.66
"55063",0,0,0,0,0.151443788921352,83.84
"55065",0,0,0,0,0.0625826214582223,33.06
"55067",0,0,0,0,0.0774020571017059,48.36
"55069",0,0,0,0,0.0857288666545625,55.36
"55071",0,0,0,0,0.138206521152567,80.53
"55073",0,0,0,0,0.166525184680327,86.89
"55075",0,0,0,0,0.0819771291827367,52.47
"55077",0,0,0,0,0.054797915616301,23.61
"55078",0,0,0,0,0.0691173129532595,40.12
"55079",4.05327939254853e-05,0.360723830209238,1,0,0.300108049900084,98.41
"55081",0,0,0,0,0.0787386518706694,49.83
"55083",0,0,0,0,0.075293437224816,46.45
"55085",0,0,0,0,0.121604180270892,75.25
"55087",0,0,0,0,0.218131278850868,94.18
"55089",0,0,0,0,0.198403908331171,91.79
"55091",0,0,0,0,0.0566128744963883,25.93
"55093",0,0,0,0,0.116582228645541,73.34
"55095",0,0,0,0,0.116281829852367,73.08
"55097",2.63414377156705e-05,0.234427074617235,1,0,0.130233102522843,78.17
"55099",0,0,0,0,0.0526061347944601,21.35
"55101",0.000427299703264095,3.80277722507997,1,1,0.2300634787362,95
"55103",0,0,0,0,0.0585507035115358,28.25
"55105",0,0,0,0,0.176024123821775,88.77
"55107",0,0,0,0,0.0620613215188594,32.45
"55109",0,0,0,0,0.175878396999395,88.71
"55111",0,0,0,0,0.122238566890832,75.5
"55113",0,0,0,0,0.0919883040038353,60.1
"55115",0,0,0,0,0.0925357285943453,60.39
"55117",0,0,0,0,0.129378771155373,77.98
"55119",0,0,0,0,0.0633205686456494,34.04
"55121",0,0,0,0,0.0744405462986715,45.4
"55123",0,0,0,0,0.10013484245871,65.07
"55125",0,0,0,0,0.10145438765284,65.89
"55127",0,0,0,0,0.175735726087239,88.64
"55129",0,0,0,0,0.0853484661320941,55.11
"55131",0.000168887797088989,1.50302624471282,1,1,0.212526893820426,93.45
"55133",3.34622248661511e-05,0.297798911746159,1,0,0.31728745371087,98.95
"55135",0,0,0,0,0.0939362972720549,61.37
"55137",0,0,0,0,0.0704494801304072,41.62
"55139",0,0,0,0,0.157438258175583,85.17
"55141",0,0,0,0,0.111885808364368,71.11
"56001",0,0,0,0,0.0877028717009071,57.05
"56003",0,0,0,0,0.0645826574943765,35.38
"56005",0,0,0,0,0.0884675942419494,57.46
"56007",0,0,0,0,0.0618157277336891,32.13
"56009",0,0,0,0,0.072300679659712,43.4
"56011",0,0,0,0,0.0573703998890118,26.82
"56013",0,0,0,0,0.118636320880277,74.04
"56015",0,0,0,0,0.081379648578574,51.96
"56017",0,0,0,0,0.0623570671391027,32.71
"56019",0,0,0,0,0.0933004759165956,60.83
"56021",1.74061374040487e-05,0.154906877751372,1,0,0.13242446198017,78.91
"56023",0,0,0,0,0.090480040747742,58.99
"56025",0,0,0,0,0.185210629854633,90.1
"56027",0,0,0,0,0.0466629418374941,14.79
"56029",5.98945855294681e-05,0.5330351601398,1,0,0.133414996198523,79.13
"56031",0,0,0,0,0.0631351423366591,33.76
"56033",5.52608311229001e-05,0.491796807785925,1,0,0.172361789753414,88.26
"56035",0,0,0,0,0.0778526522560532,48.84
"56037",0,0,0,0,0.0910105698632249,59.5
"56039",0,0,0,0,0.167185827115108,87.05
"56041",0,0,0,0,0.0873943614226042,56.6
"56043",0,0,0,0,0.0772448466599968,48.23
"56045",0,0,0,0,0.0575278890445139,26.95
