"county_geoid","industry_employment_share","location_quotient","industry_present","industry_comparative_advantage","industry_feasibility","industry_feasibility_percentile_score"
"01001",6.69433659124381e-05,0.511903659249417,1,0,0.26512169620437,77.41
"01003",8.0103333299957e-05,0.612535519769926,1,0,0.402331537574162,98.79
"01005",0,0,0,0,0.164355081111246,28.32
"01007",0,0,0,0,0.162683956507907,27.2
"01009",8.67528411555478e-05,0.663383088563181,1,0,0.277471448777021,81.01
"01011",0,0,0,0,0.148660599227423,20.68
"01013",0.00013156163662676,1.00602774133243,1,1,0.178935366100235,36.75
"01015",8.06565442703607e-05,0.61676582274658,1,0,0.227397340718942,63
"01017",0,0,0,0,0.197267227964945,47.6
"01019",0.00060459492140266,4.62322663958149,1,1,0.206728420799761,52.91
"01021",8.94214432620942e-05,0.683789400149136,1,0,0.259436872842489,75.85
"01023",0,0,0,0,0.135524430391806,14.38
"01025",0,0,0,0,0.185840864590547,40.57
"01027",0,0,0,0,0.114734651379119,7.06
"01029",0,0,0,0,0.149484234854622,21
"01031",0.000304336799391326,2.32720776927247,1,1,0.25405540682012,73.97
"01033",3.64298724954463e-05,0.278572563273872,1,0,0.253165788741058,73.66
"01035",0,0,0,0,0.141948462912853,17.37
"01037",0,0,0,0,0.140104019511492,16.26
"01039",7.25215751686127e-05,0.55455920384856,1,0,0.229732220704292,63.86
"01041",0,0,0,0,0.152063146384788,21.83
"01043",8.32870627429206e-05,0.636880915758006,1,0,0.278188870455736,81.26
"01045",4.26021386273591e-05,0.325770752007319,1,0,0.128860452274767,11.61
"01047",7.52841978468719e-05,0.575684473527651,1,0,0.22073688493056,59.56
"01049",3.6831055946374e-05,0.281640339651129,1,0,0.238132761972345,67.71
"01051",0.000277744712931,2.1238629541354,1,1,0.267242834942033,77.86
"01053",6.87332462712214e-05,0.525590546557687,1,0,0.204730316745177,51.8
"01055",2.62274443978179e-05,0.200556464064934,1,0,0.272262733835355,79.48
"01057",0.000216637781629116,1.65658944147916,1,1,0.169241632679816,31.28
"01059",8.18933748259766e-05,0.626223639494537,1,0,0.167043263649862,30.38
"01061",0,0,0,0,0.20539390824637,52.12
"01063",0,0,0,0,0.120367764566992,8.91
"01065",0.000303951367781155,2.32426044433671,1,1,0.204237003098926,51.54
"01067",0.000209292591042277,1.60042211424608,1,1,0.206848521301209,53.01
"01069",1.76531855173266e-05,0.134990676679573,1,0,0.308460131014408,88.64
"01071",0,0,0,0,0.217205079692697,57.94
"01073",0.000202431101128794,1.54795355747813,1,1,0.319696277309788,90.74
"01075",0,0,0,0,0.165582890221556,29.14
"01077",5.56297285269248e-05,0.425390346120816,1,0,0.297934331422808,86.22
"01079",0.000134354426978369,1.02738369768478,1,1,0.20258818663301,50.59
"01081",7.69358995730058e-05,0.588314734137827,1,0,0.246031592716312,71.36
"01083",7.57460990758976e-05,0.579216547634282,1,0,0.211556131984392,55.07
"01085",0,0,0,0,0.129817361581386,11.96
"01087",0,0,0,0,0.0952507730411348,2.93
"01089",6.73510057089882e-05,0.515020806119245,1,0,0.196579061818353,47.18
"01091",0.000123167877817465,0.941842204935065,1,0,0.190955770224144,43.75
"01093",8.65650969529086e-05,0.661947443028721,1,0,0.166909432874158,30.26
"01095",4.35075811960234e-05,0.332694505508834,1,0,0.244361694376928,70.54
"01097",0.000184633502497542,1.41185858016392,1,1,0.356219277203697,95.61
"01099",0.000145348837209302,1.11145593922497,1,1,0.188609687161376,42.13
"01101",4.04932072644814e-05,0.309644140101144,1,0,0.232430496841839,65.1
"01103",3.44091941366733e-05,0.263120805927596,1,0,0.272613873150356,79.61
"01105",0,0,0,0,0.120110897397885,8.78
"01107",0,0,0,0,0.174358780922826,34.14
"01109",5.67214974475326e-05,0.433738903112183,1,0,0.147699082784775,20.27
"01111",0,0,0,0,0.205864939065366,52.4
"01113",0.000121499301379017,0.929082906490224,1,0,0.219091217659747,58.86
"01115",3.86473429951691e-05,0.295529154081847,1,0,0.303843307922082,87.5
"01117",0.00013117533096545,1.00307373268769,1,1,0.360859398849787,96.15
"01119",0,0,0,0,0.145180442101485,19.03
"01121",2.86188541010818e-05,0.218843136107486,1,0,0.186267789788652,40.82
"01123",0.000133663035487536,1.02209675357452,1,1,0.202228239735842,50.4
"01125",7.04653354590376e-05,0.538835515365339,1,0,0.22990890603678,63.92
"01127",9.26569376882094e-05,0.708530633483233,1,0,0.256316258449811,74.64
"01129",0,0,0,0,0.101515444518597,4.01
"01131",0,0,0,0,0.178139885772393,36.33
"01133",0.000110277900308778,0.84327490757254,1,0,0.169788321155848,31.82
"02013",0,0,0,0,0.0566187750350192,0.38
"02016",0,0,0,0,0.0645480070229163,0.73
"02020",4.63534333408658e-05,0.354456215676397,1,0,0.334553534147652,92.43
"02050",0.000285918513223731,2.1863665080394,1,1,0.0939246172808836,2.67
"02060",0,0,0,0,0.0782884322044358,1.37
"02063",0,0,0,0,0.172069654913803,33.09
"02066",0,0,0,0,0.160228870610469,26.06
"02068",0,0,0,0,0.0824333421532529,1.65
"02070",0,0,0,0,0.0809608778349141,1.59
"02090",1.89724519996964e-05,0.145078865862256,1,0,0.245633308275743,71.21
"02100",0,0,0,0,0.178320836160616,36.4
"02105",0,0,0,0,0.111084998605557,6.3
"02110",5.13294322964788e-05,0.392506768394815,1,0,0.21203636601216,55.3
"02122",7.66547851749645e-05,0.586165103818772,1,0,0.323124218213044,91.03
"02130",0.000121995852141027,0.932879939229937,1,0,0.18420714621256,39.71
"02150",0,0,0,0,0.16488476693083,28.83
"02158",0,0,0,0,0.0503469770391366,0.22
"02164",0,0,0,0,0.0680568229797474,0.83
"02170",8.4328882642305e-05,0.644847521731648,1,0,0.348372650721635,94.65
"02180",0,0,0,0,0.107141859280827,5.09
"02185",8.4331253162422e-05,0.64486564866485,1,0,0.0754541270898923,1.05
"02188",0,0,0,0,0.0566055964734377,0.35
"02195",0,0,0,0,0.156992482811331,24.44
"02198",0,0,0,0,0.114129026131197,6.94
"02220",0.00017940437746681,1.3718724187061,1,1,0.199318334922608,48.78
"02230",0,0,0,0,0.124044564626566,10.02
"02240",0.00028216704288939,2.15767970142996,1,1,0.146446444504949,19.47
"02275",0,0,0,0,0.10544601898245,4.58
"02282",0,0,0,0,0.105275673056423,4.55
"02290",0,0,0,0,0.0975959224856978,3.63
"04001",0.00010739984964021,0.821266981190827,1,0,0.110520221082362,6.17
"04003",0.00030188328727678,2.30844621146416,1,1,0.261072518152008,76.33
"04005",0.000162289361932325,1.24099702932587,1,1,0.291598535783343,84.79
"04007",0.000221055540204476,1.69037123224488,1,1,0.206387162937733,52.78
"04009",0.00016417665407979,1.25542880674237,1,1,0.201484625891594,50.17
"04011",0,0,0,0,0.0569208737868154,0.45
"04012",0.000142979696883043,1.09333955703,1,1,0.154811166844932,23.26
"04013",0.00019762534643487,1.51120483145063,1,1,0.421479187294624,99.52
"04015",0.000263631288381614,2.01594018131246,1,1,0.369989312323169,97.2
"04017",0.000304998932503736,2.33227097992125,1,1,0.269566187779141,78.49
"04019",0.000142125576829978,1.08680825740616,1,1,0.31761301373441,90.45
"04021",0.000359152400335209,2.74637263086357,1,1,0.297108850995877,85.97
"04023",0.000180061220815077,1.37689517949723,1,1,0.21678910591758,57.75
"04025",0.000225495199325888,1.72432049247544,1,1,0.395489289896614,98.47
"04027",7.11279710746251e-05,0.543902568563888,1,0,0.244808861159962,70.82
"05001",9.24299842869027e-05,0.706795162387262,1,0,0.143591005803308,18.07
"05003",0,0,0,0,0.179652962556207,37.19
"05005",0.00021998570092944,1.68219036723704,1,1,0.270514183442637,78.87
"05007",9.84591148525575e-05,0.752898819659114,1,0,0.292386889342059,85.01
"05009",0.000121654501216545,0.930269691224792,1,0,0.263626746941605,76.96
"05011",0,0,0,0,0.142066821565833,17.53
"05013",0,0,0,0,0.051377679367353,0.25
"05015",0.000154332896056795,1.18015539190799,1,1,0.225173418519747,61.95
"05017",0,0,0,0,0.152151471179762,21.86
"05019",0.000101770812131081,0.778222762249928,1,0,0.162960480137858,27.49
"05021",0,0,0,0,0.166944295729318,30.35
"05023",0.000253678335870117,1.93983177622217,1,1,0.249249418848201,72.51
"05025",0,0,0,0,0.131372882879975,12.66
"05027",0.000107169649555246,0.819506683299517,1,0,0.177828964974136,36.08
"05029",0.000126598303582732,0.968074042520292,1,0,0.205428086507069,52.15
"05031",4.84942534309684e-05,0.370826674839619,1,0,0.29794262221621,86.26
"05033",0.000180293879022807,1.37867427420315,1,1,0.259467013961633,75.88
"05035",0.00010495382031906,0.802562642933227,1,0,0.221170581735567,59.88
"05037",0.000170212765957447,1.30158584882856,1,1,0.184675949945637,39.9
"05039",0,0,0,0,0.136259927630883,14.64
"05041",0,0,0,0,0.132223634862913,13.08
"05043",0,0,0,0,0.201923286608868,50.27
"05045",0.000150514571691972,1.15095736477098,1,1,0.33825196922418,93.19
"05047",0.000174550532379124,1.33475595424468,1,1,0.171787429738285,32.9
"05049",0.000424808836023789,3.24843537037714,1,1,0.182236171148556,38.63
"05051",6.96427327808343e-05,0.532545223335037,1,0,0.370102830837443,97.23
"05053",0.000182915675873422,1.39872267456883,1,1,0.177988618679655,36.24
"05055",0,0,0,0,0.224382341624984,61.5
"05057",0,0,0,0,0.175578275508645,34.68
"05059",0.00042840312734283,3.27592025784204,1,1,0.20094185795038,49.7
"05061",0.000143348623853211,1.09616067400628,1,1,0.155167393969237,23.42
"05063",5.01378791677112e-05,0.383395179837944,1,0,0.196344316673655,46.93
"05065",0.00027972027972028,2.13896975157141,1,1,0.185207204750442,40.25
"05067",0,0,0,0,0.152759278419112,22.27
"05069",3.44400055104009e-05,0.263356414859753,1,0,0.204532432630229,51.61
"05071",0.000107376785139053,0.821090611174465,1,0,0.149346619887553,20.9
"05073",0,0,0,0,0.143464760640441,18.01
"05075",0,0,0,0,0.18711546613261,41.2
"05077",0,0,0,0,0.133925560553808,13.68
"05079",0,0,0,0,0.116825004539966,7.92
"05081",0,0,0,0,0.140121568573637,16.32
"05083",0.000163052339801076,1.24683138135787,1,1,0.199077577523721,48.55
"05085",0.000101030511214387,0.772561816717295,1,0,0.28868778482153,84.03
"05087",0.000217013888888889,1.65946546481506,1,1,0.202941570347374,50.72
"05089",0.000253678335870117,1.93983177622217,1,1,0.193011806423158,44.93
"05091",0.000140656867571559,1.0755773066837,1,1,0.23835226484281,67.8
"05093",4.41618088676912e-05,0.337697264700044,1,0,0.148213079854021,20.49
"05095",0,0,0,0,0.156494573188958,24.12
"05097",0.000591016548463357,4.5193953084325,1,1,0.212638918227657,55.62
"05099",0,0,0,0,0.127442928668744,11.2
"05101",0.00217233888486604,16.6114776144847,1,1,0.180229793683198,37.51
"05103",0,0,0,0,0.178546863393054,36.53
"05105",0.000679809653297077,5.19837991969258,1,1,0.206246620254412,52.75
"05107",0,0,0,0,0.167422093618152,30.58
"05109",0,0,0,0,0.191959811828746,44.32
"05111",0.00015460729746444,1.18225368921889,1,1,0.162034761166907,26.89
"05113",0,0,0,0,0.193438405288145,45.08
"05115",6.64606386867378e-05,0.508212332560249,1,0,0.273752197501443,80.02
"05117",0.000427533133817871,3.26926757668567,1,1,0.152727559631409,22.24
"05119",9.30091562347138e-05,0.711223984203705,1,0,0.307861889122182,88.51
"05121",0.000132117849121416,1.01028099641535,1,1,0.162120818484103,26.95
"05123",0.000247770069375619,1.89465234436764,1,1,0.189531882141517,42.95
"05125",0.000271092502786229,2.07299472143167,1,1,0.338705706484408,93.29
"05127",0.000278629144608526,2.13062604120028,1,1,0.122974118043118,9.77
"05129",0,0,0,0,0.211743065535897,55.17
"05131",0.000202246282039182,1.54654027974728,1,1,0.301056927474836,87.05
"05133",0,0,0,0,0.17476314415924,34.33
"05135",0,0,0,0,0.232049610271282,64.91
"05137",0,0,0,0,0.22563633320242,62.23
"05139",5.38531961871937e-05,0.411805528669707,1,0,0.244533054978188,70.66
"05141",0.000216262975778547,1.6537233697811,1,1,0.226475285283436,62.62
"05143",0.000167830534941588,1.28336936452762,1,1,0.335153289894675,92.52
"05145",3.23436186040494e-05,0.247325728115266,1,0,0.27711023061716,80.72
"05147",0,0,0,0,0.0937089278432786,2.64
"05149",0.000133868808567604,1.0236702626329,1,1,0.16500545840253,28.89
"06001",8.16711737055119e-05,0.624524508219842,1,0,0.327552716625367,91.63
"06003",0,0,0,0,0.151244266896573,21.6
"06005",0.00014111338460453,1.07906820882915,1,1,0.237786091763131,67.52
"06007",2.24240385693463e-05,0.171472516243251,1,0,0.331259039524991,91.95
"06009",0.000242738085605632,1.85617368602665,1,1,0.315816585944141,90.2
"06011",0,0,0,0,0.121574547389994,9.26
"06013",0.000185829683653641,1.42100555839822,1,1,0.395565975532347,98.54
"06015",0,0,0,0,0.173984094968652,33.88
"06017",0.000173005392001384,1.32294054875023,1,1,0.351325112799754,95
"06019",8.20308309723178e-05,0.627274741472146,1,0,0.297079606266246,85.94
"06021",0,0,0,0,0.191668833834967,44.16
"06023",6.71975271310016e-05,0.513847183541161,1,0,0.302890491725701,87.21
"06025",6.69299243691855e-05,0.511800874229823,1,0,0.17617536449317,35.13
"06027",0,0,0,0,0.195827126287353,46.64
"06029",0.000100414531785061,0.767851534830567,1,0,0.244529964578384,70.6
"06031",0.000111100530108244,0.849565406994168,1,0,0.136453170536935,14.7
"06033",0.000150859901438198,1.15359803809732,1,1,0.240796749320422,68.79
"06035",0,0,0,0,0.148767431334576,20.74
"06037",0.000297884109186613,2.27786522901066,1,1,0.365207986690405,96.6
"06039",4.75692132052136e-05,0.363753061643411,1,0,0.216778880039504,57.72
"06041",0.000202789481985534,1.55069403025642,1,1,0.343517373179908,94.15
"06043",0,0,0,0,0.156227364837157,23.99
"06045",0.000106823340899987,0.816858524435069,1,0,0.287298223257195,83.71
"06047",7.32508737782801e-05,0.560136016754301,1,0,0.214428959976942,56.51
"06049",0,0,0,0,0.162926599257215,27.43
"06051",0.000108554059921841,0.830093015834541,1,0,0.166077986382662,29.43
"06053",4.41142736143707e-05,0.337333771323419,1,0,0.194287412956037,45.63
"06055",4.4937761200737e-05,0.343630830084384,1,0,0.226892675369427,62.81
"06057",0.000189744319529434,1.45094006202131,1,1,0.40573954049354,99.01
"06059",0.000276089366676876,2.11120482448714,1,1,0.409016574349266,99.2
"06061",0.000316795354929005,2.4224760618325,1,1,0.360402831157467,96.09
"06063",0.000128600823045268,0.983386942112627,1,0,0.21721178452087,57.97
"06065",0.000144326364481178,1.10363727752675,1,1,0.404115706330482,98.92
"06067",0.000172272974584159,1.31733988689427,1,1,0.303469485007009,87.37
"06069",0.00019084880003817,1.45938582219911,1,1,0.256779768722726,74.86
"06071",0.000259551495016611,1.98474274861602,1,1,0.354647646086805,95.29
"06073",0.000212283904634351,1.62329614146109,1,1,0.368169673800592,96.98
"06075",0.000145028204169179,1.10900411708728,1,1,0.235114250298627,66.02
"06077",8.751340048945e-05,0.669198946502115,1,0,0.297315510015815,86.03
"06079",0.000113726828158763,0.869648227211167,1,0,0.364750620298638,96.56
"06081",8.9991065172815e-05,0.688145194580925,1,0,0.217045024120961,57.91
"06083",5.67074825523228e-05,0.433631733775175,1,0,0.270091146825456,78.65
"06085",6.10052196065895e-05,0.466495741949616,1,0,0.17219382238604,33.18
"06087",0.000189358076121947,1.44798652942015,1,1,0.353492274719352,95.23
"06089",0.000100368855544125,0.767502256981185,1,0,0.364459224830534,96.53
"06091",0,0,0,0,0.175582745597675,34.71
"06093",0.000121550990640574,0.929478164807073,1,0,0.246303530820966,71.43
"06095",4.74501476885847e-05,0.362842589443186,1,0,0.361278016490585,96.21
"06097",0.000139438190852855,1.06625830900195,1,1,0.417467680074469,99.4
"06099",0.000126260348839307,0.965489764489719,1,0,0.346593264443483,94.53
"06101",0.000189912911364931,1.45222925291176,1,1,0.295543266947623,85.62
"06103",4.51936548108646e-05,0.345587601657151,1,0,0.209925183767311,54.47
"06105",0,0,0,0,0.209501353346926,54.22
"06107",8.22732087579831e-05,0.629128160010514,1,0,0.237771463879999,67.45
"06109",4.80907954217563e-05,0.36774150533172,1,0,0.278593513835612,81.32
"06111",0.000113975759428256,0.871551759040176,1,0,0.380502451980403,97.87
"06113",4.83173483439229e-05,0.369473914037049,1,0,0.236730851451004,66.78
"06115",0.000175272548813405,1.34027708168889,1,1,0.179335508993417,37.03
"08001",7.15368987323662e-05,0.547029563472386,1,0,0.34251279144998,93.89
"08003",0.00010575296108291,0.808673526001247,1,0,0.215785308917009,57.33
"08005",8.70042078398701e-05,0.665305243563368,1,0,0.355065296015802,95.39
"08007",0.00033311125916056,2.54724079342698,1,1,0.282630069118821,82.37
"08009",0,0,0,0,0.139286029176166,15.78
"08011",0,0,0,0,0.096318316182731,3.21
"08013",4.56214785921212e-05,0.348859091761573,1,0,0.300856411146598,86.92
"08014",0.000108956199607758,0.833168104365634,1,0,0.226929148041526,62.87
"08015",9.3222709051925e-05,0.712856983487256,1,0,0.300981528120361,87.02
"08017",0,0,0,0,0.144611264382809,18.55
"08019",0.000261506276150628,1.99969060195287,1,1,0.180801824871256,37.8
"08021",0,0,0,0,0.17083719223791,32.48
"08023",0,0,0,0,0.135234296761232,14.22
"08025",0,0,0,0,0.0762804829470475,1.11
"08027",0,0,0,0,0.224920111299316,61.72
"08029",9.09008271975275e-05,0.695101978171784,1,0,0.316659735384354,90.23
"08031",0.000196940322239567,1.50596657688319,1,1,0.340042888057117,93.41
"08033",0,0,0,0,0.215106192295427,56.92
"08035",0.000124915979133083,0.955209615551585,1,0,0.333717447290896,92.3
"08037",0.000125985839191675,0.963390639487463,1,0,0.269101322776039,78.4
"08039",0.000309645455952934,2.36780209378164,1,1,0.311303132826832,89.37
"08041",7.82780841565158e-05,0.598578173842751,1,0,0.303215465501354,87.34
"08043",6.1050061050061e-05,0.466838636255665,1,0,0.254804475998995,74.23
"08045",0.000221525997658154,1.69396873423445,1,1,0.349265807835314,94.75
"08047",0,0,0,0,0.0562361625788411,0.32
"08049",0.000108790252393386,0.831899136408593,1,0,0.238076567376797,67.64
"08051",0.000177951775068956,1.3607646341966,1,1,0.284136348916121,82.63
"08053",0,0,0,0,0.140932956408283,16.86
"08055",0.000461254612546125,3.52712954883201,1,1,0.162949170143273,27.46
"08057",0,0,0,0,0.150522764866658,21.38
"08059",0.000167794220024634,1.28309167100832,1,1,0.397403883342455,98.63
"08061",0,0,0,0,0.134507414468051,13.87
"08063",0,0,0,0,0.181901301528821,38.4
"08065",0,0,0,0,0.161392072943973,26.6
"08067",0.000160797555877151,1.22958946162852,1,1,0.390412742402662,98.25
"08069",7.01638325490019e-05,0.536529977828976,1,0,0.375957466428488,97.61
"08071",0,0,0,0,0.187432453584913,41.39
"08073",0,0,0,0,0.13807306038193,15.18
"08075",0.000112283853581855,0.858614064885222,1,0,0.206749958654271,52.94
"08077",6.63596427196836e-05,0.507440034896399,1,0,0.421478987922491,99.49
"08079",0,0,0,0,0.115629937230811,7.54
"08081",0.00018698578908003,1.42984608486683,1,1,0.230455722612909,64.27
"08083",9.04322662325918e-05,0.6915189782843,1,0,0.332150576423992,92.05
"08085",0.000101926409132606,0.779412584024849,1,0,0.373862916466984,97.36
"08087",0.000134165157308647,1.02593638718291,1,1,0.189792687209155,43.11
"08089",0.000138985406532314,1.06279595022485,1,1,0.20816026530043,53.8
"08091",0.000370507595405706,2.83320372799844,1,1,0.231894340385149,64.75
"08093",0.00048721071863581,3.72561113854704,1,1,0.297538643743844,86.1
"08095",0,0,0,0,0.123360307297472,9.83
"08097",0.000145921494236101,1.11583494263356,1,1,0.200880552082492,49.6
"08099",0.000176304654442877,1.34816940441957,1,1,0.170516118902433,32.17
"08101",9.88574898671073e-05,0.75594512043772,1,0,0.299180817254388,86.54
"08103",0,0,0,0,0.124836136755957,10.34
"08105",0,0,0,0,0.200275307480621,49.28
"08107",5.30729221950961e-05,0.405838916350058,1,0,0.313435566363947,89.82
"08109",0,0,0,0,0.147138792803971,19.85
"08111",0,0,0,0,0.167193053598941,30.48
"08113",0,0,0,0,0.215729199132049,57.27
"08115",0.00102564102564103,7.84288908909517,1,1,0.140199015431182,16.42
"08117",0.000122384041121038,0.935848349267873,1,0,0.243795644947614,70.35
"08119",0.000199401794616152,1.52478900535749,1,1,0.243417415512328,70.06
"08121",0.000652315720808871,4.98813885314272,1,1,0.164573120850968,28.54
"08123",0.000150724554465394,1.15256306458349,1,1,0.37683292039643,97.71
"08125",0,0,0,0,0.155634047337999,23.67
"09110",5.43504940635235e-05,0.415608274455796,1,0,0.260504109752525,76.14
"09120",7.59982368409053e-05,0.581144598947256,1,0,0.338430994908922,93.22
"09130",8.37931983863824e-05,0.640751242330822,1,0,0.305992632985091,87.94
"09140",5.25505404823089e-05,0.401844359060385,1,0,0.326508662082209,91.41
"09150",6.04485280783413e-05,0.462238823784549,1,0,0.30493119247318,87.69
"09160",4.48209403433284e-05,0.342737522382134,1,0,0.33544161702575,92.59
"09170",9.22482814781356e-05,0.705405714285333,1,0,0.277693729506744,81.1
"09180",4.89753653912082e-05,0.374505649889627,1,0,0.229577013939693,63.76
"09190",9.71951826533107e-05,0.743233761605656,1,0,0.341420184531485,93.7
"10001",2.43122667541908e-05,0.185911451366174,1,0,0.252958908707079,73.56
"10003",9.39675842146583e-05,0.718552907441631,1,0,0.254952570830087,74.32
"10005",6.66045024643666e-05,0.509312432520833,1,0,0.343472897519083,94.11
"11001",0.000155322763167302,1.18772472441962,1,1,0.144860722587525,18.77
"12001",0.000437189386584715,3.34310717316563,1,1,0.225982814109694,62.33
"12003",0,0,0,0,0.165323218726326,29.08
"12005",3.21954046425774e-05,0.246192363095517,1,0,0.350380588647543,94.88
"12007",0,0,0,0,0.195909537445415,46.68
"12009",0.000138730057554227,1.06084334335355,1,1,0.348249453896596,94.62
"12011",0.000497461825654381,3.80399947654946,1,1,0.437171699253848,99.75
"12013",0,0,0,0,0.164260297049886,28.16
"12015",8.0188603595657e-05,0.613187566104902,1,0,0.363430410991449,96.37
"12017",0.00025182573659028,1.92566528881083,1,1,0.344289689515367,94.24
"12019",0.000123230487222539,0.942320967589493,1,0,0.357647014720054,95.9
"12021",7.18881420509687e-05,0.549715456803694,1,0,0.375246523038004,97.45
"12023",0,0,0,0,0.280439925656936,81.86
"12027",0,0,0,0,0.205269204972427,52.05
"12029",0,0,0,0,0.170405686641121,32.1
"12031",8.73896705409421e-05,0.668252806245547,1,0,0.350770950218105,94.91
"12033",6.40921061831403e-05,0.490100598273858,1,0,0.311057294139211,89.34
"12035",0.000122159784998778,0.934133503770803,1,0,0.326869113301953,91.47
"12037",0,0,0,0,0.212208378958594,55.42
"12039",4.35900788980428e-05,0.333325350327701,1,0,0.155891560839541,23.86
"12041",0,0,0,0,0.175117334762088,34.46
"12043",0,0,0,0,0.16277226897607,27.33
"12045",0,0,0,0,0.215122646647373,56.95
"12047",0,0,0,0,0.133105762150901,13.24
"12049",0,0,0,0,0.178297872575079,36.37
"12051",6.47039792947266e-05,0.49477947990086,1,0,0.229980188725366,63.98
"12053",0.000174825174825175,1.33685609473213,1,1,0.337185393599012,92.94
"12055",0.000151469251741896,1.15825762827443,1,1,0.332122585103152,92.01
"12057",0.0001247746329737,0.954128767356654,1,0,0.376876416613866,97.74
"12059",0,0,0,0,0.199200398598924,48.71
"12061",0.000167173252279635,1.27834324438519,1,1,0.37850057308204,97.8
"12063",6.01359071501594e-05,0.459848268799554,1,0,0.200370582696395,49.38
"12065",0,0,0,0,0.200128848613291,49.22
"12067",0,0,0,0,0.122070768410227,9.51
"12069",6.73970510045905e-05,0.515372906062066,1,0,0.387236225677994,98.06
"12071",0.000173326798713796,1.32539828701822,1,1,0.40006291036428,98.7
"12073",6.68985817500669e-05,0.511561202961452,1,0,0.24238001198412,69.52
"12075",0,0,0,0,0.277603393076271,81.04
"12077",0,0,0,0,0.0878886227784075,2.2
"12079",0,0,0,0,0.177783032037044,36.02
"12081",0.000322792903522167,2.46833821754457,1,1,0.398513273658627,98.66
"12083",0.000104347566838343,0.797926733594319,1,0,0.408189978807276,99.17
"12085",0.000139674558279209,1.06806576742339,1,1,0.363841690946832,96.44
"12086",0.000168135853769846,1.2857040816918,1,1,0.422768284916562,99.59
"12087",7.35781031565006e-05,0.562638279881377,1,0,0.261163952680702,76.39
"12089",0.000192579278469637,1.47261847384795,1,1,0.34974304317739,94.85
"12091",8.321613727334e-05,0.636338561681281,1,0,0.239472237307853,68.31
"12093",0,0,0,0,0.255181669059007,74.39
"12095",0.000444044173244653,3.39552447138135,1,1,0.317261688853342,90.39
"12097",9.5586829605447e-05,0.730934980399415,1,0,0.340503518234738,93.57
"12099",0.000438816367720303,3.35554839994719,1,1,0.402434065109794,98.85
"12101",0.000228089867407759,1.74416144411484,1,1,0.414728618953862,99.33
"12103",0.00012619580704254,0.96499622518991,1,0,0.410240950019896,99.24
"12105",7.54243476651022e-05,0.576756173520882,1,0,0.352780659359394,95.13
"12107",5.06431682366049e-05,0.387259032810077,1,0,0.259016280723579,75.72
"12109",0.000220132431670893,1.68331239034495,1,1,0.359166529421947,96.05
"12111",0.000180880028940805,1.38315645527968,1,1,0.389792016799248,98.22
"12113",0.000137166147394823,1.04888440877617,1,1,0.36590842465826,96.79
"12115",0.000113847671815111,0.870572296520184,1,0,0.393695600283525,98.44
"12117",0.0001009790762939,0.772168503300026,1,0,0.401934700202614,98.76
"12119",4.47807979938202e-05,0.34243056118704,1,0,0.26421017693896,77.19
"12121",7.33729547288869e-05,0.561069547425915,1,0,0.220660495213733,59.53
"12123",0,0,0,0,0.172503075523065,33.34
"12125",0,0,0,0,0.110793906541058,6.24
"12127",0.000174777277064498,1.33648982932814,1,1,0.407741203116535,99.14
"12129",0.000130992926381975,1.0016789182431,1,1,0.230704828075962,64.43
"12131",2.56943909144634e-05,0.196480301700141,1,0,0.339537731476805,93.35
"12133",0,0,0,0,0.193765264100933,45.31
"13001",0,0,0,0,0.1687980802567,31.15
"13003",0,0,0,0,0.134095201116742,13.78
"13005",0.000442869796279894,3.38654422580504,1,1,0.1572448964263,24.66
"13007",0,0,0,0,0.114516302781812,7
"13009",5.38938291565616e-05,0.412116241545017,1,0,0.201360394786892,50.08
"13011",0,0,0,0,0.170446359555291,32.13
"13013",0.000838691641039978,6.41332138261207,1,1,0.310040048972166,89.06
"13015",0.000136676038737894,1.04513663763423,1,1,0.283416114392469,82.53
"13017",0,0,0,0,0.129886738316886,12.03
"13019",0,0,0,0,0.155244020936602,23.48
"13021",0.00015828330450316,1.21036344182692,1,1,0.277893904840629,81.2
"13023",0,0,0,0,0.148059534708514,20.39
"13025",0.000300480769230769,2.29772141282085,1,1,0.162247786052597,26.98
"13027",0,0,0,0,0.154030200099166,22.84
"13029",7.6681236101526e-05,0.586367369210014,1,0,0.242213378700142,69.42
"13031",0.000216389996599586,1.65469467473723,1,1,0.282343105615992,82.28
"13033",0,0,0,0,0.169366994519499,31.37
"13035",0.000106292517006803,0.812799411337988,1,0,0.169381623928579,31.4
"13037",0,0,0,0,0.096987610840472,3.5
"13039",9.90442232456792e-05,0.757373036385657,1,0,0.175903021063761,34.9
"13043",0.00235849056603774,18.0349454289335,1,1,0.1770718313078,35.57
"13045",0.000151987233072422,1.16221853664683,1,1,0.23158248456868,64.59
"13047",0.00026683744262995,2.04045705568038,1,1,0.274121736823268,80.18
"13049",0.000419287211740042,3.20621252069928,1,1,0.147816657169549,20.3
"13051",0.0001318697548805,1.00838386519058,1,1,0.289229636202203,84.19
"13053",0,0,0,0,0.0281349246772678,0.06
"13055",0,0,0,0,0.152321430550647,21.92
"13057",0.00011549744750641,0.883187829094707,1,0,0.366868863191523,96.88
"13059",5.95684858882257e-05,0.455509302326018,1,0,0.197504193868256,47.88
"13061",0.00100200400801603,7.6621411441561,1,1,0.120155960426335,8.81
"13063",0.000116806376253951,0.893196967512384,1,0,0.199124425270914,48.62
"13065",0.000346740638002774,2.65146215737441,1,1,0.145739518040319,19.28
"13067",0.000149493590462309,1.14315010828834,1,1,0.365635605671546,96.72
"13069",4.83418737310258e-05,0.369661455180692,1,0,0.194771259460093,46.04
"13071",0.000107043459644616,0.818541732163112,1,0,0.203910931813894,51.26
"13073",6.56943896991197e-05,0.502352966881342,1,0,0.31083365570284,89.28
"13075",0,0,0,0,0.165246895854075,29.05
"13077",0.000355328145542408,2.7171292548299,1,1,0.291315049952993,84.73
"13079",0.000491883915395967,3.76134621833143,1,1,0.149582719057661,21.09
"13081",0.000103637682661416,0.792498379300217,1,0,0.185373818239403,40.38
"13083",0.000383877159309021,2.93543833469013,1,1,0.144636032343586,18.61
"13085",7.70594128072744e-05,0.589259217220297,1,0,0.222087214207095,60.39
"13087",9.62278675904542e-05,0.735836880472266,1,0,0.203697926218099,51.13
"13089",0.000335180110017942,2.5630609170479,1,1,0.289681004449254,84.38
"13091",0.000175070028011204,1.33872844220374,1,1,0.183372112760396,39.29
"13093",0.000318775900541919,2.43762093142104,1,1,0.132611935608638,13.17
"13095",5.86900383441584e-05,0.448791974833777,1,0,0.238021443664337,67.61
"13097",0.00019046959412661,1.45648610404048,1,1,0.276618053427196,80.59
"13099",0,0,0,0,0.138473433661606,15.37
"13101",0,0,0,0,0.112304599962471,6.59
"13103",6.18582209575653e-05,0.473018487063454,1,0,0.229373989538826,63.7
"13105",0.000143657520471197,1.09852274987326,1,1,0.176216525972839,35.19
"13107",0.000123915737298637,0.947560949425996,1,0,0.1760712358068,35
"13109",0,0,0,0,0.143148836135936,17.85
"13111",0.000111869336614834,0.855444329552275,1,0,0.269126689738137,78.43
"13113",0.000215943854597805,1.65128310855522,1,1,0.351433493010815,95.04
"13115",0.000120045617334587,0.917966850827449,1,0,0.196486276246665,47.09
"13117",0.000118824822505421,0.908631656342904,1,0,0.354998716530945,95.35
"13119",0,0,0,0,0.182394438939023,38.75
"13121",0.000324836682036434,2.48396661754939,1,1,0.279333627495106,81.64
"13123",0.000311623558741041,2.38292828353624,1,1,0.268588093331823,78.27
"13125",0,0,0,0,0.115475528645305,7.48
"13127",0.000299183656024277,2.28780262568169,1,1,0.283184868393947,82.47
"13129",3.50201365785327e-05,0.267792570893637,1,0,0.148182096635291,20.43
"13131",0,0,0,0,0.185896629723391,40.6
"13133",0.000240413511239332,1.83839809156576,1,1,0.195302206651005,46.45
"13135",0.000183293061016472,1.40160846964412,1,1,0.461091260989818,100
"13137",0.000174499767333644,1.33436776323891,1,1,0.228008696824816,63.35
"13139",0.000149758624334896,1.1451767737742,1,1,0.258551904544883,75.53
"13141",0,0,0,0,0.164853315665746,28.79
"13143",0.000221459417561732,1.69345960843047,1,1,0.194637302682851,45.98
"13145",0.00012482836100362,0.954539615761801,1,0,0.194929321932005,46.23
"13147",0.00021117094287826,1.614785526738,1,1,0.182686138222347,38.88
"13149",0.000387897595034911,2.96618187039092,1,1,0.16157123598439,26.69
"13151",0.000323848662170009,2.47641141057495,1,1,0.247669823478361,72.03
"13153",9.17491316600039e-05,0.701588807039446,1,0,0.186041983576065,40.66
"13155",0.000351741118536757,2.68969991623911,1,1,0.136626496925899,14.79
"13157",7.97941311416545e-05,0.610171107492094,1,0,0.16913240838623,31.21
"13159",0.000310366232153942,2.37331373738913,1,1,0.20577002362781,52.34
"13161",0.000206825232678387,1.58155467670482,1,1,0.158479080833388,25.33
"13163",0,0,0,0,0.161174983613846,26.44
"13165",0,0,0,0,0.129302325537207,11.8
"13167",0,0,0,0,0.156455869048325,24.09
"13169",0.000190548780487805,1.45709162764249,1,1,0.214990122866135,56.86
"13171",0.000182315405651778,1.39413251811628,1,1,0.181851812732091,38.37
"13173",0,0,0,0,0.150889019355398,21.51
"13175",0.000228969180748271,1.75088539219393,1,1,0.239980177118149,68.6
"13177",0.000111619600401831,0.853534642467663,1,0,0.242525045170411,69.62
"13179",2.58758991874968e-05,0.197868262222941,1,0,0.0870276032666635,2.1
"13181",0,0,0,0,0.19026981128551,43.33
"13183",0,0,0,0,0.170868280862714,32.55
"13185",9.72400045378669e-05,0.743576506348261,1,0,0.257043222948688,74.96
"13187",9.43663300934227e-05,0.721602044150966,1,0,0.221454756188125,59.94
"13189",0.000116904372223521,0.89394632474489,1,0,0.190530517959834,43.46
"13191",0,0,0,0,0.189535793665826,42.98
"13193",0.000272405339144647,2.0830337406341,1,1,0.154702036716542,23.19
"13195",0.000377572210685294,2.887225547241,1,1,0.240926147618095,68.85
"13197",0,0,0,0,0.117899635343837,8.34
"13199",0.000172681747539285,1.3204656988202,1,1,0.192364176207069,44.48
"13201",0,0,0,0,0.121455995781144,9.2
"13205",0.00012385434728759,0.947091511254371,1,0,0.156968340002354,24.34
"13207",0.000432245515452777,3.30530229603103,1,1,0.205653388382945,52.21
"13209",0,0,0,0,0.155323038077978,23.58
"13211",9.87459267305224e-05,0.75509201756372,1,0,0.217424298217403,58.07
"13213",0.000106100795755968,0.811333354044328,1,0,0.159539527263946,25.9
"13215",6.91392167514445e-05,0.528694928471278,1,0,0.250104510933526,72.8
"13217",0.000299805126667666,2.29255489787672,1,1,0.273290883542576,79.89
"13219",0.000106089539571398,0.811247280062358,1,0,0.280463909746828,81.9
"13221",0,0,0,0,0.171539671167712,32.74
"13223",0.000270797227036395,2.07073680184895,1,1,0.351183158125763,94.97
"13225",0.000236146095717884,1.80576594659976,1,1,0.171735356124055,32.8
"13227",0.00046257748172819,3.53724528719946,1,1,0.278976971435,81.45
"13229",0.000170706725844998,1.30536306962577,1,1,0.204691462896438,51.73
"13231",0.000464144813181713,3.5492303837864,1,1,0.233741704109045,65.57
"13233",7.84252215512509e-05,0.599703306553822,1,0,0.20653476738799,52.85
"13235",0,0,0,0,0.134080494438163,13.74
"13237",0.000133725595078898,1.02257513531262,1,1,0.241972067823524,69.3
"13239",0,0,0,0,0.094789141675639,2.83
"13241",0.000146907595122668,1.12337547552046,1,1,0.23292642245446,65.29
"13243",0,0,0,0,0.142436935722455,17.59
"13245",5.55432126194179e-05,0.424728774820473,1,0,0.210556305373082,54.69
"13247",9.96214385335724e-05,0.761786895982047,1,0,0.294646978167648,85.33
"13249",0,0,0,0,0.132225005844139,13.11
"13251",0,0,0,0,0.164404158010756,28.44
"13253",0,0,0,0,0.125810578995528,10.69
"13255",0.000113468739362306,0.86767466945056,1,0,0.217960012540209,58.35
"13257",0,0,0,0,0.191517996652767,44.03
"13259",0,0,0,0,0.0643902120240029,0.67
"13261",8.29462508294625e-05,0.634274789471449,1,0,0.197326898031089,47.69
"13263",0,0,0,0,0.131029510647471,12.41
"13265",0,0,0,0,0.0654736957496107,0.76
"13267",0.000280504908835905,2.14496966672308,1,1,0.14416883916119,18.36
"13269",0,0,0,0,0.15281264362729,22.3
"13271",0,0,0,0,0.153117682451486,22.4
"13273",0.000382409177820268,2.92421294908902,1,1,0.169253789106407,31.34
"13275",4.19938688951413e-05,0.321119424762432,1,0,0.238453063581826,67.87
"13277",0.000162740550876765,1.2444471885541,1,1,0.209892212859799,54.34
"13279",0.000214392910741085,1.63942332491984,1,1,0.188873395196391,42.41
"13281",0.000432338953739732,3.30601680149926,1,1,0.180658716575628,37.73
"13283",0,0,0,0,0.152404170364231,22.02
"13285",0.000109526625922762,0.837530049929661,1,0,0.150672899813854,21.44
"13287",0.000412541254125413,3.15462741826229,1,1,0.18095171174995,37.86
"13289",0,0,0,0,0.124917587351187,10.37
"13291",0.000213037920749893,1.62906196460754,1,1,0.250639809004042,72.99
"13293",0.000119175306876415,0.91131174614084,1,0,0.188977548341385,42.57
"13295",0.00011001705264316,0.84128025324471,1,0,0.17148441219658,32.71
"13297",0.000255338163480259,1.9525241739792,1,1,0.314119741236679,89.95
"13299",6.10612444281614e-05,0.466924153499896,1,0,0.210640836721227,54.72
"13301",0,0,0,0,0.149319242390867,20.87
"13303",0.000135263086703639,1.03433205219367,1,1,0.178888926582848,36.72
"13305",9.92161920825479e-05,0.758688050587141,1,0,0.213071893353898,55.84
"13307",0,0,0,0,0.116427166377217,7.73
"13309",0,0,0,0,0.116341459811455,7.64
"13311",0.00018042399639152,1.37966925789225,1,1,0.269748338735653,78.56
"13313",4.80638287645994e-05,0.367535296243065,1,0,0.197317030384037,47.66
"13315",0,0,0,0,0.137932944309531,15.11
"13317",0,0,0,0,0.17230966759636,33.28
"13319",0,0,0,0,0.115232145017332,7.29
"13321",0.000253807106598985,1.94081646240299,1,1,0.219228907090154,58.92
"15001",0.000216157180400232,1.65291437189829,1,1,0.315665643587974,90.14
"15003",0.000128002340614228,0.978810456567426,1,0,0.280205118922772,81.83
"15007",7.80477652323222e-05,0.59681696720962,1,0,0.24381510546317,70.41
"15009",9.37064411464983e-05,0.716555994224665,1,0,0.312374569097871,89.69
"16001",0.000192684814261162,1.47342548671812,1,1,0.45717963171232,99.97
"16003",0,0,0,0,0.188215579742713,41.84
"16005",9.37932328182522e-05,0.717219674243702,1,0,0.344747898740613,94.3
"16007",0.000847098686997035,6.47760852339499,1,1,0.214008334031175,56.32
"16009",0.000252652854977261,1.93199011163916,1,1,0.20574910241321,52.31
"16011",0.000210515236040208,1.60977145663234,1,1,0.267624426292065,78.08
"16013",0.000350017500875044,2.67651972764011,1,1,0.314414340309604,90.01
"16015",0,0,0,0,0.202345562050954,50.43
"16017",0.000102764361319494,0.785820250936984,1,0,0.37245858612621,97.33
"16019",0.000321369618884847,2.45745462058068,1,1,0.417723521418049,99.43
"16021",0.000198886237072395,1.52084663123862,1,1,0.239156429188811,68.06
"16023",0,0,0,0,0.0315993959312985,0.13
"16025",0,0,0,0,0.166608115456991,30
"16027",0.000184803330350543,1.41315722265385,1,1,0.405299569713516,98.98
"16029",0,0,0,0,0.161006236189136,26.41
"16031",6.93721817551162e-05,0.53047636918958,1,0,0.212718273846219,55.74
"16033",0,0,0,0,0.0961485142635595,3.05
"16035",0.000320821302534488,2.45326174586711,1,1,0.197919677140077,48.14
"16037",0.000531914893617021,4.06745577758925,1,1,0.192763356226049,44.8
"16039",8.15128790348875e-05,0.623314057863367,1,0,0.16350544475269,27.78
"16041",0,0,0,0,0.249014155109231,72.45
"16043",0.000211059518784297,1.61393348709747,1,1,0.242071130195726,69.36
"16045",0.000178986933953821,1.3686803046121,1,1,0.295108773866832,85.49
"16047",0.000123670541676973,0.945685983411797,1,0,0.146565061653238,19.6
"16049",0.000176740897843761,1.35150527781332,1,1,0.280539553941011,81.93
"16051",0.000608801530700991,4.65539381049526,1,1,0.258637176662986,75.56
"16053",7.11997152011392e-05,0.544451182760256,1,0,0.170247432213797,32.01
"16055",0.000194832079101824,1.48984522770859,1,1,0.44176379275623,99.94
"16057",0.000113064616428289,0.864584415384453,1,0,0.258217633657413,75.37
"16059",0.000309405940594059,2.36597056369672,1,1,0.254782499283064,74.2
"16061",0,0,0,0,0.142674330238862,17.72
"16063",0,0,0,0,0.134720925320809,13.97
"16065",7.16024631247315e-05,0.547530922373463,1,0,0.20903604305985,54.06
"16067",0.000183334861123843,1.40192810740999,1,1,0.195197326743755,46.39
"16069",4.12898963623601e-05,0.315736275728469,1,0,0.24480415136211,70.79
"16071",0,0,0,0,0.146774965423836,19.69
"16073",0,0,0,0,0.155710838808905,23.74
"16075",0.000118133490844654,0.903345169742208,1,0,0.238309954013535,67.77
"16077",0,0,0,0,0.0957454848989448,2.99
"16079",0.000185804533630621,1.42081324077811,1,1,0.194508667622878,45.82
"16081",0.000167224080267559,1.2787319167003,1,1,0.28846538860852,83.93
"16083",8.38750262109457e-05,0.641376964719462,1,0,0.355311936333725,95.45
"16085",0.000156813548690607,1.19912448829666,1,1,0.252305910843049,73.37
"16087",0,0,0,0,0.200037558159138,49.09
"17001",5.82733603333236e-05,0.445605714394557,1,0,0.25288770544188,73.53
"17003",0,0,0,0,0.0873395372874996,2.13
"17005",0,0,0,0,0.156771023458589,24.24
"17007",7.52785305630834e-05,0.575641136846416,1,0,0.216112336483747,57.52
"17009",0,0,0,0,0.0724259042670743,0.92
"17011",0,0,0,0,0.192670364952942,44.73
"17013",0,0,0,0,0.139402980973222,15.81
"17015",0.000221238938053097,1.69177364200615,1,1,0.183631226176137,39.45
"17017",0,0,0,0,0.122400291902935,9.61
"17019",0.000154063655477416,1.1780965585057,1,1,0.197297924991412,47.63
"17021",0.0018896447467876,14.4497673126753,1,1,0.206210036520094,52.69
"17023",0.000203376042302217,1.55517934957653,1,1,0.160921256264759,26.34
"17025",0.000190294957183635,1.45515068732023,1,1,0.154453369247305,23.1
"17027",7.37354372511429e-05,0.563841384889234,1,0,0.219651765996095,59.12
"17029",3.77073906485671e-05,0.288341510628499,1,0,0.167095250967822,30.45
"17031",0.000161040092979464,1.23144409843212,1,1,0.360832793529734,96.12
"17033",0,0,0,0,0.17228775137785,33.25
"17035",0.000303398058252427,2.32002938770261,1,1,0.131698491215119,12.82
"17037",0.000148536911422488,1.13583455887525,1,1,0.246345745491297,71.46
"17039",0,0,0,0,0.146925095959598,19.79
"17041",0,0,0,0,0.198734264251924,48.46
"17043",0.000122719218428236,0.938411388752273,1,0,0.369935486824475,97.17
"17045",0,0,0,0,0.10877866007438,5.6
"17047",0.000445831475702185,3.40919164595087,1,1,0.142654298358907,17.69
"17049",3.94851141119798e-05,0.301935436384261,1,0,0.244263738020551,70.51
"17051",0,0,0,0,0.235803968715368,66.37
"17053",0.000313136057617035,2.39449408544474,1,1,0.142018076966875,17.5
"17055",9.96810207336523e-05,0.762242510154285,1,0,0.208844834235083,53.9
"17057",0.000102933607822954,0.787114447953452,1,0,0.21360345060113,56.16
"17059",0,0,0,0,0.117094898780298,7.99
"17061",0,0,0,0,0.139979203942612,16.23
"17063",4.17676050455267e-05,0.319389226541968,1,0,0.201245747567003,49.92
"17065",0.000405186385737439,3.09838608665632,1,1,0.163874697411689,28
"17067",0.000195733020160501,1.49673455898763,1,1,0.193742573258533,45.28
"17069",0,0,0,0,0.0779899861604005,1.34
"17071",0,0,0,0,0.139745542279701,16.16
"17073",6.04485280783413e-05,0.462238823784549,1,0,0.214488781648598,56.54
"17075",0,0,0,0,0.17937153687398,37.07
"17077",3.57640999964236e-05,0.273481522902178,1,0,0.191851940093528,44.19
"17079",0,0,0,0,0.16950713752958,31.59
"17081",0,0,0,0,0.172770298198763,33.47
"17083",0,0,0,0,0.18881058623074,42.35
"17085",0,0,0,0,0.24312617220141,69.93
"17087",0,0,0,0,0.129896859010156,12.06
"17089",0.000145964719468688,1.11616547807097,1,1,0.37556216105231,97.55
"17091",2.19765729732106e-05,0.168050828777614,1,0,0.246680814711457,71.71
"17093",0.00034128722163761,2.60976088115848,1,1,0.298295206922671,86.38
"17095",4.96277915632754e-05,0.379494633343315,1,0,0.193435846841988,45.05
"17097",8.608676469797e-05,0.658289723876082,1,0,0.257989548095925,75.28
"17099",7.07230250595252e-05,0.540806020547476,1,0,0.276277490886759,80.5
"17101",0.000218627022299956,1.67180080058325,1,1,0.127938259704197,11.39
"17103",0,0,0,0,0.19106580022072,43.81
"17105",6.4040986231188e-05,0.489709693363291,1,0,0.174469052350776,34.2
"17107",0,0,0,0,0.157376077699811,24.69
"17109",0,0,0,0,0.153311686148095,22.46
"17111",0.000185475419869982,1.41829656812378,1,1,0.375536261411573,97.52
"17113",4.11421048300831e-05,0.314606140947412,1,0,0.180113395413003,37.38
"17115",8.23197711510362e-05,0.629484214102841,1,0,0.232053382694239,64.94
"17117",8.53898044573478e-05,0.65296019655604,1,0,0.194849226664848,46.13
"17119",9.50332184295329e-05,0.726701617124517,1,0,0.283346002766144,82.5
"17121",7.15307582260372e-05,0.546982608145049,1,0,0.188219153582539,41.87
"17123",0.000319795330988168,2.44541632934691,1,1,0.135247834648974,14.25
"17125",0,0,0,0,0.156759385601487,24.21
"17127",0,0,0,0,0.147320489393719,19.98
"17129",0,0,0,0,0.185518985168703,40.44
"17131",0.000288517022504328,2.20623683262198,1,1,0.167881097327296,30.77
"17133",0.000610438498321294,4.66791140209652,1,1,0.256970176487797,74.93
"17135",0,0,0,0,0.181110214548545,37.99
"17137",0,0,0,0,0.187272285360096,41.3
"17139",0,0,0,0,0.158513530337218,25.36
"17141",0.000120489186095548,0.921358739908162,1,0,0.212992288734611,55.77
"17143",6.35433592650757e-05,0.485904431087903,1,0,0.215270771228616,57.11
"17145",0.00020271639975674,1.55013518383697,1,1,0.160245783764503,26.09
"17147",0.000228571428571429,1.74784385414121,1,1,0.186065408226898,40.73
"17149",0.000216403375892664,1.65479698374114,1,1,0.204673813786191,51.7
"17151",0,0,0,0,0.10926933992255,5.79
"17153",0,0,0,0,0.0878796206213147,2.16
"17155",0,0,0,0,0.129096381185963,11.71
"17157",8.5755938598748e-05,0.655759957282205,1,0,0.166121226310006,29.46
"17159",0,0,0,0,0.179856723279925,37.32
"17161",0.000147702553911432,1.12945437979088,1,1,0.235124335472678,66.12
"17163",0.000257018019818945,1.96536972775538,1,1,0.317373446088461,90.42
"17165",0.000110302228105008,0.84346093777496,1,0,0.151093167282646,21.57
"17167",0.000239215934595549,1.82924044229271,1,1,0.167398932289903,30.54
"17169",0,0,0,0,0.127281167848006,11.14
"17171",0,0,0,0,0.152702558324581,22.21
"17173",0.000173822353554667,1.32918770413137,1,1,0.186111779021795,40.76
"17175",0,0,0,0,0.117825181696472,8.24
"17177",5.18968291037418e-05,0.396845547867964,1,0,0.205983239884023,52.53
"17179",3.91611677860234e-05,0.299458278156597,1,0,0.250422172719274,72.89
"17181",0.000143947027493882,1.10073655705597,1,1,0.148544431463891,20.62
"17183",0,0,0,0,0.201037771151872,49.76
"17185",0,0,0,0,0.136490344748101,14.76
"17187",0,0,0,0,0.115280673127376,7.35
"17189",0.000142571998859424,1.09022196490844,1,1,0.157029192259689,24.47
"17191",0,0,0,0,0.199734877162852,48.97
"17193",0,0,0,0,0.158551095275705,25.39
"17195",4.3624307464119e-05,0.33358708990393,1,0,0.241330038234822,69.01
"17197",0.000131264875246553,1.00375846140632,1,1,0.356918149300698,95.8
"17199",9.58864704190239e-05,0.733226278825179,1,0,0.218393903710245,58.61
"17201",7.27103510455749e-05,0.556002738407628,1,0,0.261701288870478,76.49
"17203",7.75193798449612e-05,0.592776500919984,1,0,0.190282055532513,43.37
"18001",6.553509404286e-05,0.501134862171033,1,0,0.228260163487412,63.44
"18003",7.3182668514529e-05,0.559614463593382,1,0,0.33620837298118,92.71
"18005",1.86150409530901e-05,0.142345809044449,1,0,0.177496314892866,35.73
"18007",0,0,0,0,0.178760680496798,36.65
"18009",0,0,0,0,0.163648466917205,27.84
"18011",0.000202236738325884,1.54646730071952,1,1,0.212193963070075,55.36
"18013",0,0,0,0,0.233485543507322,65.45
"18015",0.000151952590791673,1.16195363347026,1,1,0.20214479813131,50.33
"18017",6.3023886052814e-05,0.481932114569092,1,0,0.174086263917399,33.92
"18019",4.68259790531787e-05,0.358069686197315,1,0,0.281341617856369,82.09
"18021",0,0,0,0,0.182133256480763,38.56
"18023",0,0,0,0,0.182491859969515,38.82
"18025",0,0,0,0,0.154151962049334,23
"18027",0.000131795716639209,1.00781770831865,1,1,0.234779444888128,65.89
"18029",0.000122714443489999,0.938374875674045,1,0,0.234500569710628,65.8
"18031",6.70690811535882e-05,0.512864980675237,1,0,0.190636240313051,43.53
"18033",4.13838768415825e-05,0.316454927241673,1,0,0.191166877850759,43.88
"18035",5.97669090546867e-05,0.457026607941097,1,0,0.279439039632425,81.67
"18037",3.33789512333523e-05,0.255242727122661,1,0,0.205969177473336,52.5
"18039",6.58091972009155e-05,0.503230878821943,1,0,0.243667406541459,70.22
"18041",0,0,0,0,0.182982214316691,39.1
"18043",2.76671093404161e-05,0.211565318223434,1,0,0.244741198294267,70.76
"18045",0,0,0,0,0.175045982109591,34.43
"18047",0.000199560965875075,1.52600615882414,1,1,0.229681355844339,63.79
"18049",0,0,0,0,0.228509144105918,63.47
"18051",4.35540069686411e-05,0.333049514889712,1,0,0.136067296281745,14.57
"18053",9.29512006196747e-05,0.710780808229384,1,0,0.187652382430085,41.55
"18055",0.000134318334452653,1.02710770475054,1,1,0.244530959448747,70.63
"18057",0.000145498439933394,1.11259992385814,1,1,0.336989714095667,92.81
"18059",9.17796065714198e-05,0.701821843105925,1,0,0.264958289319037,77.31
"18061",8.53387950162144e-05,0.652570136701467,1,0,0.227499429359791,63.03
"18063",8.99594058181246e-05,0.687903101293642,1,0,0.202477630559296,50.52
"18065",0.000130352603793261,0.996782488674678,1,0,0.221272559374458,59.91
"18067",5.11967234097018e-05,0.391491967841689,1,0,0.244827512898635,70.89
"18069",6.48298217179903e-05,0.495741773865011,1,0,0.213490876305333,56.06
"18071",4.06603236561763e-05,0.310922048543051,1,0,0.207468671953521,53.48
"18073",0.000149309443822322,1.14174197265663,1,1,0.21259245094933,55.55
"18075",0.000124254473161034,0.950151200530292,1,0,0.166548565445542,29.97
"18077",6.88041832943443e-05,0.526132988982234,1,0,0.189333289226732,42.79
"18079",0,0,0,0,0.167543147947257,30.64
"18081",0.000150139903091517,1.14809234259941,1,1,0.291847385816911,84.92
"18083",0,0,0,0,0.189685317793191,43.05
"18085",7.55705577107159e-05,0.577874214963055,1,0,0.248776868791303,72.41
"18087",5.82241630276565e-05,0.445229511608023,1,0,0.273764085753254,80.05
"18089",0.000122454362201164,0.936386081689129,1,0,0.347555577114534,94.56
"18091",0.000134565353906881,1.02899661727834,1,1,0.295457464998392,85.59
"18093",0.000132248892415526,1.01128306048638,1,1,0.240085193136839,68.69
"18095",0.000156187246195725,1.19433526781817,1,1,0.285538341159053,83.07
"18097",7.9108129092747e-05,0.604925375457231,1,0,0.309693560705004,88.99
"18099",4.66243938828795e-05,0.356528201317969,1,0,0.246962533671617,71.78
"18101",0,0,0,0,0.0848627326617166,1.81
"18103",9.69461948618517e-05,0.741329797563528,1,0,0.220861794390003,59.69
"18105",5.16575620213604e-05,0.39501591630792,1,0,0.207527197474859,53.52
"18107",5.75904169546187e-05,0.440383371450575,1,0,0.20130963567185,49.98
"18109",0.000166177366642663,1.2707278893039,1,1,0.295766741733937,85.65
"18111",0.000248077400148846,1.89700244650652,1,1,0.17271389566264,33.44
"18113",0.000216122757726389,1.65265114801552,1,1,0.236352357494867,66.72
"18115",0,0,0,0,0.155317495437579,23.54
"18117",0,0,0,0,0.163184117895428,27.59
"18119",0,0,0,0,0.171055189778805,32.58
"18121",0.000235682300259251,1.80221938766622,1,1,0.212701910440388,55.68
"18123",0,0,0,0,0.165378636870653,29.11
"18125",0,0,0,0,0.157421108552023,24.72
"18127",0.000142618765777201,1.09057958296387,1,1,0.336548559671255,92.78
"18129",0,0,0,0,0.179030747488944,36.88
"18131",0,0,0,0,0.151714748826155,21.73
"18133",0.000145942790426153,1.11599779069874,1,1,0.208936751222032,53.99
"18135",0.000613948919449902,4.69475494957502,1,1,0.215873030027411,57.4
"18137",7.87711697518708e-05,0.602348709087656,1,0,0.216881565755798,57.81
"18139",0.000177904287493329,1.36040150540256,1,1,0.224346343425411,61.47
"18141",3.53536781966796e-05,0.270343102563417,1,0,0.286308875369151,83.36
"18143",0,0,0,0,0.145305839879774,19.06
"18145",4.86050354816759e-05,0.371673804892961,1,0,0.200580909909728,49.48
"18147",0,0,0,0,0.169069790831513,31.18
"18149",0,0,0,0,0.178574012285908,36.56
"18151",0.000222617987533393,1.70231898082542,1,1,0.235630127723759,66.27
"18153",0,0,0,0,0.16344365452814,27.71
"18155",0,0,0,0,0.161193596577188,26.5
"18157",4.76394645324187e-05,0.364290260676852,1,0,0.201505845614766,50.21
"18159",0,0,0,0,0.182496161760758,38.85
"18161",0,0,0,0,0.194102125757015,45.43
"18163",7.84416263563865e-05,0.599828751094349,1,0,0.326939775354945,91.5
"18165",0,0,0,0,0.144667739554342,18.64
"18167",1.96475234296717e-05,0.150241013455956,1,0,0.272204607921652,79.45
"18169",7.14030703320243e-05,0.546006202204055,1,0,0.217911130163873,58.32
"18171",0,0,0,0,0.188250982095197,41.93
"18173",0.000291304558916347,2.22755261306048,1,1,0.295865511314442,85.68
"18175",0,0,0,0,0.224489506720491,61.53
"18177",3.0717247734603e-05,0.234889167927132,1,0,0.226132341619002,62.39
"18179",0.00031773770752244,2.42968205953381,1,1,0.208047324000285,53.74
"18181",0.000101543460601137,0.776484246737184,1,0,0.198616471242723,48.36
"18183",0.000130821559392988,1.00036850626214,1,1,0.213341359080295,55.87
"19001",0,0,0,0,0.138959595312442,15.59
"19003",0,0,0,0,0.143072461038118,17.82
"19005",0,0,0,0,0.206011890999778,52.56
"19007",0,0,0,0,0.207306010411752,53.42
"19009",0,0,0,0,0.1372046319998,15.02
"19011",0,0,0,0,0.264430231567776,77.22
"19013",3.82819079702932e-05,0.292734739371709,1,0,0.25344624267382,73.78
"19015",9.13408841797589e-05,0.698467013323693,1,0,0.221658858886087,60.13
"19017",8.94054537326777e-05,0.68366713114598,1,0,0.196040140116921,46.8
"19019",0.000124937531234383,0.955374420523212,1,0,0.239535734308233,68.37
"19021",0.000161786118751011,1.23714882088138,1,1,0.16820224130989,30.93
"19023",0.000210128178188695,1.60681169612687,1,1,0.190639017853616,43.56
"19025",0.000290444379901249,2.2209749816636,1,1,0.166891546546576,30.19
"19027",0.00015552099533437,1.18924056949732,1,1,0.223942219003885,61.25
"19029",0,0,0,0,0.202899403384239,50.68
"19031",0.000313922461152095,2.40050756925688,1,1,0.221014566783362,59.82
"19033",7.7663870767319e-05,0.593881396541456,1,0,0.277759868393844,81.13
"19035",0,0,0,0,0.178823292849804,36.68
"19037",0.000166638893517747,1.2742571007945,1,1,0.169417216164898,31.43
"19039",0,0,0,0,0.118234097351514,8.4
"19041",0.000102564102564103,0.784288908909517,1,0,0.270470405381601,78.81
"19043",0,0,0,0,0.217577939571208,58.19
"19045",4.63886440599341e-05,0.354725465596687,1,0,0.233713651002968,65.54
"19047",0,0,0,0,0.176155472540364,35.06
"19049",1.60947659821026e-05,0.123073727899758,1,0,0.181583999460076,38.24
"19051",0,0,0,0,0.200146229167233,49.25
"19053",0,0,0,0,0.188891289736474,42.44
"19055",0,0,0,0,0.221848787887024,60.23
"19057",4.57644959040776e-05,0.34995271895418,1,0,0.253737046176157,73.94
"19059",8.88809883565905e-05,0.679656640464651,1,0,0.232231990335084,65
"19061",1.56604807767598e-05,0.119752828468684,1,0,0.304507893578833,87.59
"19063",0,0,0,0,0.182352527144734,38.69
"19065",0.000120787534726416,0.923640157249401,1,0,0.191323411245033,43.94
"19067",0,0,0,0,0.185527655841293,40.5
"19069",0,0,0,0,0.170839629211702,32.52
"19071",0,0,0,0,0.131799864228126,12.89
"19073",0.000259000259000259,1.98052754775131,1,1,0.168002210279247,30.89
"19075",0,0,0,0,0.144063568286849,18.2
"19077",0.000242836328314716,1.85692493003103,1,1,0.213593887145068,56.12
"19079",0.00014172335600907,1.08373254845065,1,1,0.189666551229158,43.02
"19081",0.000142571998859424,1.09022196490844,1,1,0.140249424509241,16.45
"19083",0,0,0,0,0.192366599728094,44.51
"19085",0.000396432111000991,3.03144375098822,1,1,0.180941685783949,37.83
"19087",0,0,0,0,0.196424759584476,46.99
"19089",0,0,0,0,0.171816548164346,32.93
"19091",0,0,0,0,0.167094005520685,30.42
"19093",0,0,0,0,0.136409487569097,14.67
"19095",0,0,0,0,0.154006806601199,22.78
"19097",0,0,0,0,0.227538802492023,63.06
"19099",0.000163505559189012,1.25029706701566,1,1,0.273189199423586,79.76
"19101",0,0,0,0,0.205134739364957,52.02
"19103",2.03829965043161e-05,0.155865041364597,1,0,0.170088490086553,31.91
"19105",0,0,0,0,0.227270003858823,62.97
"19107",0,0,0,0,0.162720206111378,27.24
"19109",0.000129065565307176,0.986940741077412,1,0,0.197354865642657,47.73
"19111",6.46746863277713e-05,0.494555481947212,1,0,0.194121478276626,45.47
"19113",9.53218947059686e-05,0.728909071742787,1,0,0.330832103727289,91.92
"19115",0,0,0,0,0.12613539139772,10.75
"19117",0,0,0,0,0.164349063638733,28.29
"19119",0,0,0,0,0.153619121882698,22.62
"19121",0.000184162062615101,1.40825356572151,1,1,0.247732076715885,72.06
"19123",0,0,0,0,0.196712062709853,47.28
"19125",9.14160343724289e-05,0.699041673084175,1,0,0.1730310150309,33.57
"19127",5.550621669627e-05,0.424445873771525,1,0,0.194162103136891,45.53
"19129",0.000246244767298695,1.88298863872637,1,1,0.231900022251619,64.78
"19131",0,0,0,0,0.174632339827405,34.23
"19133",0,0,0,0,0.160717661669385,26.28
"19135",0,0,0,0,0.144798624694994,18.71
"19137",0,0,0,0,0.163661876566673,27.9
"19139",4.29608626541221e-05,0.328513848943927,1,0,0.186847771539812,41.01
"19141",0.000130753138075314,0.999845300976437,1,0,0.191380670389862,43.97
"19143",0,0,0,0,0.130773948220193,12.31
"19145",0,0,0,0,0.166193236450039,29.65
"19147",0,0,0,0,0.14819527572632,20.46
"19149",0,0,0,0,0.190814489230089,43.68
"19151",0,0,0,0,0.12019286739062,8.85
"19153",0.000173358797814523,1.32564297828123,1,1,0.345980926830405,94.43
"19155",0.000174011397746552,1.33063329044552,1,1,0.250399226386317,72.86
"19157",8.25559316436886e-05,0.631290090140163,1,0,0.126207746661503,10.79
"19159",0,0,0,0,0.153062633049105,22.37
"19161",0,0,0,0,0.185631449312935,40.53
"19163",9.076240419524e-05,0.694043482823821,1,0,0.342851947466896,93.99
"19165",0,0,0,0,0.179973891092053,37.35
"19167",3.66851315161965e-05,0.280524482257889,1,0,0.194530597570671,45.85
"19169",3.37621121577366e-05,0.258172688540052,1,0,0.188084114916426,41.78
"19171",0,0,0,0,0.162281223824202,27.01
"19173",0,0,0,0,0.115092473662957,7.19
"19175",0,0,0,0,0.17067892623975,32.29
"19177",0,0,0,0,0.166453048431113,29.84
"19179",0.000119667324836953,0.915074117377824,1,0,0.218477925576364,58.67
"19181",0.000126326427488631,0.96599505581958,1,0,0.260980311155955,76.3
"19183",9.78186442335909e-05,0.74800125813047,1,0,0.24640035875664,71.49
"19185",0,0,0,0,0.146002151424209,19.38
"19187",5.17410875976613e-05,0.395654621093175,1,0,0.224683925112796,61.66
"19189",0,0,0,0,0.166335427625557,29.69
"19191",7.87339579560664e-05,0.602064157300039,1,0,0.204884505585367,51.89
"19193",0.000124462145727392,0.95173923461247,1,0,0.296938238108772,85.91
"19195",0.00109090909090909,8.3419820311285,1,1,0.162303095276614,27.04
"19197",0.000256049161438996,1.95796104515882,1,1,0.115421939695413,7.38
"20001",0.00016121231662099,1.23276106107815,1,1,0.151527021106358,21.67
"20003",0.000341180484476288,2.6089446816335,1,1,0.188959504617021,42.54
"20005",0,0,0,0,0.164367463917512,28.35
"20007",0,0,0,0,0.129242122248514,11.77
"20009",7.52049334436339e-05,0.575078353152425,1,0,0.226324785624238,62.55
"20011",0.000156641604010025,1.19780965881388,1,1,0.180133388976037,37.42
"20013",0.000194779898714453,1.48944621384258,1,1,0.14547780637727,19.22
"20015",0.000302872966424368,2.31601410665778,1,1,0.26289147466427,76.84
"20017",0,0,0,0,0.10426463449299,4.36
"20019",0,0,0,0,0.109715014950279,5.92
"20021",0,0,0,0,0.140609137282266,16.58
"20023",0,0,0,0,0.10464701637975,4.39
"20025",0,0,0,0,0.0943974010051878,2.77
"20027",0.00028169014084507,2.154032918836,1,1,0.192982792582749,44.86
"20029",0.000260010400416017,1.98825191416219,1,1,0.197196089683214,47.53
"20031",0,0,0,0,0.127248955549801,11.1
"20033",0,0,0,0,0.109985454495622,5.98
"20035",6.84556407447974e-05,0.52346774793728,1,0,0.164792995042423,28.7
"20037",4.88949735967143e-05,0.373890908559935,1,0,0.187094343885605,41.17
"20039",0,0,0,0,0.115130758547346,7.22
"20041",0.00013444474321054,1.02807432937185,1,1,0.185973368287442,40.63
"20043",0,0,0,0,0.110271361115289,6.01
"20045",8.4863708883533e-05,0.64893724005124,1,0,0.257201781039039,74.99
"20047",0.00079428117553614,6.07372268615392,1,1,0.119736778358541,8.69
"20049",0,0,0,0,0.113179691642262,6.78
"20051",5.60381059120202e-05,0.428513133195169,1,0,0.232471324568328,65.13
"20053",0.000404040404040404,3.08962297449204,1,1,0.1318084086523,12.92
"20055",4.32937916702745e-05,0.331059696158446,1,0,0.223267531600393,60.9
"20057",0,0,0,0,0.178691667480319,36.59
"20059",8.44880027036161e-05,0.646064283699543,1,0,0.177851524624814,36.14
"20061",3.40959459920216e-05,0.260725454733124,1,0,0.0735923896038171,0.99
"20063",0,0,0,0,0.0952290095857004,2.9
"20065",0,0,0,0,0.127834136533541,11.36
"20067",0,0,0,0,0.159058343584917,25.64
"20069",0.00023906287353574,1.82807001239966,1,1,0.126894883685506,11.07
"20071",0,0,0,0,0.0984071491483153,3.79
"20073",0.000520833333333333,3.98271711555614,1,1,0.156051656842541,23.93
"20075",0,0,0,0,0.0866324084446624,2
"20077",0,0,0,0,0.144621939022195,18.58
"20079",0.000123373018320893,0.94341087679573,1,0,0.194684102678394,46.01
"20081",0,0,0,0,0.0962139952743319,3.12
"20083",0,0,0,0,0.0756570213936513,1.08
"20085",0,0,0,0,0.146052140634918,19.41
"20087",0.000415973377703827,3.18087223871372,1,1,0.207030486187976,53.32
"20089",0,0,0,0,0.101728516068635,4.07
"20091",0.00016517402784154,1.26305554124131,1,1,0.362229639799864,96.31
"20093",0,0,0,0,0.0773435526383405,1.27
"20095",0.000312304809494066,2.38813768328163,1,1,0.141744226559545,17.18
"20097",0,0,0,0,0.0868561351185834,2.07
"20099",0.000105064089094348,0.803405848063437,1,0,0.135807839767793,14.44
"20101",0,0,0,0,0.0770612855003747,1.24
"20103",0.000139913952918955,1.06989637439124,1,1,0.21752982252447,58.13
"20105",0,0,0,0,0.125149509253063,10.47
"20107",0,0,0,0,0.181973625727207,38.43
"20109",0.000651041666666667,4.97839639444518,1,1,0.123799307144161,9.9
"20111",5.82445104548896e-05,0.445385104657685,1,0,0.193498452687093,45.12
"20113",5.3487376979033e-05,0.409008176180348,1,0,0.166876552041872,30.13
"20115",0,0,0,0,0.159184509395544,25.74
"20117",0.000197044334975369,1.50676194322518,1,1,0.174241702549972,34.08
"20119",0,0,0,0,0.118641246869438,8.5
"20121",0.000184195984527537,1.40851296037351,1,1,0.242510199487634,69.58
"20123",0,0,0,0,0.161791334157631,26.76
"20125",6.07939692382516e-05,0.464880349070934,1,0,0.181427105294895,38.15
"20127",0,0,0,0,0.159629208663274,25.93
"20129",0,0,0,0,0.0897276429557609,2.32
"20131",0,0,0,0,0.162825693868676,27.36
"20133",0,0,0,0,0.197398829485468,47.76
"20135",0,0,0,0,0.11200615111178,6.49
"20137",0,0,0,0,0.133162762840368,13.27
"20139",0.000272851296043656,2.08644389136911,1,1,0.187465906286212,41.43
"20141",0,0,0,0,0.130216031161016,12.15
"20143",0,0,0,0,0.127435426691801,11.17
"20145",0,0,0,0,0.10499330585074,4.49
"20147",0,0,0,0,0.136065496487989,14.54
"20149",0.000256344527044348,1.96021965185024,1,1,0.213710442702845,56.19
"20151",0,0,0,0,0.140265213892223,16.48
"20153",0,0,0,0,0.117160735832549,8.05
"20155",3.31840053094408e-05,0.253752011344543,1,0,0.257602631652824,75.15
"20157",0,0,0,0,0.131915539788936,12.98
"20159",0,0,0,0,0.117573082632543,8.18
"20161",5.56513996327008e-05,0.425556061097879,1,0,0.223518150702317,60.93
"20163",0.000467289719626168,3.57327890741486,1,1,0.141359403439271,17.02
"20165",0,0,0,0,0.0918853469091912,2.45
"20167",0,0,0,0,0.149011768916129,20.81
"20169",6.03810041360988e-05,0.461722480564429,1,0,0.222095817147998,60.42
"20171",0,0,0,0,0.138392947867218,15.27
"20173",0.000121771779390126,0.931166495940063,1,0,0.321361495723931,90.87
"20175",0,0,0,0,0.15716896993861,24.59
"20177",0.000230648583817695,1.76372747990308,1,1,0.239520072096709,68.34
"20179",0,0,0,0,0.124286237366363,10.12
"20181",0.000343878954607978,2.62957938853775,1,1,0.188927425665338,42.48
"20183",0,0,0,0,0.117891915830124,8.3
"20185",0,0,0,0,0.112714347268803,6.68
"20187",0,0,0,0,0.0851848424011098,1.88
"20189",0,0,0,0,0.112417794115211,6.62
"20191",0.000132749236691889,1.01510910153562,1,1,0.180980107126944,37.89
"20193",0.000193236714975845,1.47764577040923,1,1,0.177822650137783,36.05
"20195",0,0,0,0,0.140346970247062,16.54
"20197",0,0,0,0,0.1266747277739,10.98
"20199",0,0,0,0,0.115244503348374,7.32
"20201",0,0,0,0,0.14496798192795,18.84
"20203",0,0,0,0,0.117079236293577,7.95
"20205",0.000283205890682526,2.16562358025143,1,1,0.141199030033039,16.96
"20207",0.00103842159916926,7.94061979425523,1,1,0.139196006951008,15.72
"20209",2.93596656912733e-05,0.22450798666683,1,0,0.241884310169975,69.17
"21001",0.000164419598816179,1.25728656064909,1,1,0.21495930133797,56.73
"21003",0.000167757087736957,1.2828077272048,1,1,0.17313826280133,33.63
"21005",0,0,0,0,0.230551477213315,64.3
"21007",0,0,0,0,0.164271103585133,28.19
"21009",5.65674850096165e-05,0.432561198204989,1,0,0.272791634650053,79.67
"21011",0,0,0,0,0.192531477628673,44.61
"21013",0,0,0,0,0.177918123860451,36.21
"21015",1.8033777264817e-05,0.137900992071771,1,0,0.221718081060095,60.17
"21017",0.000114613180515759,0.876426001360205,1,0,0.143479871907857,18.04
"21019",3.60373346787272e-05,0.275570898478064,1,0,0.239815002028328,68.57
"21021",0,0,0,0,0.20685556600086,53.04
"21023",0,0,0,0,0.166417564637984,29.78
"21025",0,0,0,0,0.131471004891475,12.76
"21027",0,0,0,0,0.237532885864376,67.42
"21029",0.000123414890006479,0.943731061907104,1,0,0.201086193141313,49.83
"21031",0,0,0,0,0.190068814363282,43.3
"21033",0,0,0,0,0.167612269345911,30.67
"21035",5.5398592875741e-05,0.423622894125965,1,0,0.194265741335106,45.59
"21037",0.000138488810104144,1.05899856828437,1,1,0.272709919435277,79.64
"21039",0,0,0,0,0.135156157646665,14.13
"21041",0,0,0,0,0.139465819238568,15.84
"21043",0,0,0,0,0.194387609037856,45.72
"21045",0.000416840350145894,3.1875018182025,1,1,0.18216502389676,38.59
"21047",3.07644977695739e-05,0.235250480291272,1,0,0.0957618022243556,3.02
"21049",6.60240327479202e-05,0.504873686905308,1,0,0.20649021950215,52.82
"21051",0,0,0,0,0.166158703313862,29.56
"21053",0,0,0,0,0.15633517784893,24.02
"21055",0,0,0,0,0.16751854377181,30.61
"21057",0,0,0,0,0.134759023383451,14.03
"21059",7.51794910348457e-05,0.574883799711896,1,0,0.272025439141722,79.41
"21061",0,0,0,0,0.1707454435697,32.39
"21063",0,0,0,0,0.106128511167355,4.74
"21065",0,0,0,0,0.174229551603124,34.01
"21067",0.000144604921825703,1.10576735452586,1,1,0.317785040159227,90.49
"21069",0.000495417389150359,3.78836604501748,1,1,0.227756494485953,63.16
"21071",0,0,0,0,0.200280828278676,49.32
"21073",5.36164280735617e-05,0.409995006266033,1,0,0.145911330144116,19.31
"21075",0,0,0,0,0.122395336471904,9.58
"21077",0,0,0,0,0.0897273004374899,2.29
"21079",0.000279876854184159,2.14016704782194,1,1,0.251644522327304,73.21
"21081",0.000156470035988108,1.19649770957093,1,1,0.209897366160914,54.37
"21083",7.06763728885434e-05,0.540449279939769,1,0,0.230055426633369,64.05
"21085",0.00011454753722795,0.875924039160113,1,0,0.221584288047998,60.07
"21087",0,0,0,0,0.194867066718437,46.17
"21089",0.000121713729308666,0.930722597598319,1,0,0.224990295561517,61.76
"21091",0,0,0,0,0.114837048313658,7.1
"21093",1.6790355619732e-05,0.128392774469723,1,0,0.210017284566443,54.5
"21095",0,0,0,0,0.144134931946619,18.23
"21097",0.000163800163800164,1.2525498545238,1,1,0.180164250495231,37.45
"21099",0.000159438775510204,1.21919911700698,1,1,0.167666873191349,30.73
"21101",0,0,0,0,0.21164462375215,55.14
"21103",0.000280977802753582,2.14858579990666,1,1,0.22059380414805,59.47
"21105",0,0,0,0,0.108611980082035,5.54
"21107",0.000102239034863511,0.781803175735384,1,0,0.193350156930913,45.02
"21109",0,0,0,0,0.198193203685335,48.2
"21111",0.000224291314837153,1.71511460826724,1,1,0.313961110238952,89.85
"21113",9.01063254640476e-05,0.689026568919426,1,0,0.277612729150865,81.07
"21115",0,0,0,0,0.184171717570351,39.68
"21117",9.8054837167686e-05,0.749807382241562,1,0,0.222774373423982,60.8
"21119",0,0,0,0,0.145358172891884,19.19
"21121",0.000111098766803688,0.849551923327163,1,0,0.190658885354254,43.62
"21123",0.00029603315571344,2.26371132678147,1,1,0.212597841204067,55.58
"21125",0.000172705606023972,1.3206481402832,1,1,0.249412173515293,72.57
"21127",0,0,0,0,0.125671225770123,10.66
"21129",0,0,0,0,0.138629502230473,15.46
"21131",0,0,0,0,0.106790800039915,4.93
"21133",0,0,0,0,0.135388961913905,14.35
"21135",0,0,0,0,0.185182251662574,40.22
"21137",0,0,0,0,0.228243329365907,63.41
"21139",0,0,0,0,0.117444471702406,8.15
"21141",0.00018807598269701,1.43818259579985,1,1,0.216639999140208,57.68
"21143",0,0,0,0,0.157102294528114,24.53
"21145",0.000113388969521045,0.86706468408334,1,0,0.264607464661388,77.28
"21147",0,0,0,0,0.153653653788557,22.69
"21149",0.00173550850399167,13.2711156922384,1,1,0.147543603897236,20.2
"21151",0.00016952436307275,1.2963217580421,1,1,0.240579077668025,68.76
"21153",0,0,0,0,0.165073931488116,28.92
"21155",9.88630746416214e-05,0.755987826185644,1,0,0.12165724528323,9.29
"21157",7.4482347683599e-05,0.569552872178444,1,0,0.23219068118816,64.97
"21159",0,0,0,0,0.126396409043151,10.88
"21161",0,0,0,0,0.203846682611888,51.19
"21163",0.000158353127474268,1.21089736529973,1,1,0.223735184024194,61.06
"21165",0,0,0,0,0.158358858007181,25.23
"21167",0.000132766861391397,1.015243874385,1,1,0.176232795044156,35.22
"21169",0,0,0,0,0.181436850921715,38.18
"21171",0,0,0,0,0.160574205189258,26.19
"21173",0.000347433336228611,2.65675909384793,1,1,0.206964896121764,53.2
"21175",0,0,0,0,0.152039008066033,21.79
"21177",0,0,0,0,0.193056187549496,44.96
"21179",4.82485766669883e-05,0.368948029618247,1,0,0.203855000947595,51.22
"21181",0,0,0,0,0.169743627283263,31.72
"21183",0.000118483412322275,0.906020955197606,1,0,0.158216957750682,25.07
"21185",0.000237563548249157,1.81660494651679,1,1,0.303674903475993,87.4
"21187",0,0,0,0,0.181269906364291,38.08
"21189",0,0,0,0,0.127512062222391,11.23
"21191",0,0,0,0,0.18357792642647,39.42
"21193",8.05866709646224e-05,0.616231514374066,1,0,0.186650462697802,40.95
"21195",9.03546419697312e-05,0.690925399762168,1,0,0.197478365433602,47.85
"21197",0,0,0,0,0.182856336672821,38.98
"21199",6.72246311048368e-05,0.514054442665308,1,0,0.288914405129607,84.09
"21201",0,0,0,0,0.105251979833512,4.52
"21203",0,0,0,0,0.147264527715463,19.95
"21205",0.000150105073551486,1.14782600748541,1,1,0.158100263269058,25.04
"21207",0.00013910140492419,1.06368296868379,1,1,0.184267822679482,39.74
"21209",5.70092925146799e-05,0.435939619284407,1,0,0.13343194829675,13.49
"21211",0.000157811678064177,1.2067570008208,1,1,0.262456355669424,76.71
"21213",9.95421063109695e-05,0.761180257004558,1,0,0.157829271099605,24.85
"21215",0,0,0,0,0.214781552462798,56.67
"21217",0.000149454491107458,1.14285112268238,1,1,0.224629298223552,61.6
"21219",0,0,0,0,0.199582293994928,48.9
"21221",0,0,0,0,0.197255512143587,47.57
"21223",0,0,0,0,0.144260438166325,18.42
"21225",0,0,0,0,0.146522008547933,19.54
"21227",0.000152437087943497,1.16565849446035,1,1,0.30524047237844,87.75
"21229",0.000227221086116792,1.7375180326898,1,1,0.176065756454864,34.97
"21231",0,0,0,0,0.176600127249088,35.38
"21233",0,0,0,0,0.16183032834871,26.79
"21235",0,0,0,0,0.190987212637028,43.78
"21237",0,0,0,0,0.166414833037688,29.75
"21239",0.000162588407446549,1.2432837756065,1,1,0.196601707176768,47.22
"22001",0.000115827879770661,0.885714584104684,1,0,0.31233950338811,89.63
"22003",0.000121285627653123,0.92744898264012,1,0,0.127555066057792,11.26
"22005",0.000228322531921246,1.74594058703973,1,1,0.292895964462233,85.05
"22007",0.000197316495659037,1.50884310613019,1,1,0.183023811081785,39.17
"22009",0.000259067357512953,1.98104063778958,1,1,0.234584745307031,65.83
"22011",0.000571156592099,4.36752985922958,1,1,0.241482135594905,69.07
"22013",0,0,0,0,0.12255815522299,9.7
"22015",5.37971846140052e-05,0.411377218427389,1,0,0.304756729791249,87.66
"22017",6.51290776908486e-05,0.498030129484278,1,0,0.313987709945709,89.88
"22019",0.000112343485099169,0.859070056177316,1,0,0.298708701566981,86.45
"22021",0.000379939209726444,2.90532555542089,1,1,0.16979784025467,31.85
"22023",0,0,0,0,0.107814027337692,5.31
"22025",0,0,0,0,0.198537776267418,48.33
"22027",0.000285714285714286,2.18480481767651,1,1,0.177916398298027,36.18
"22029",0,0,0,0,0.191519991774069,44.07
"22031",0,0,0,0,0.181593485904688,38.28
"22033",0.000371516213559355,2.84091644630295,1,1,0.299200476673358,86.61
"22035",0,0,0,0,0.133276858693614,13.33
"22037",0.000168321831341525,1.28712621812284,1,1,0.188477789682321,42.06
"22039",0.000110107905747633,0.841974990295947,1,0,0.174705431722038,34.27
"22041",0.000352609308885755,2.69633880883914,1,1,0.207926022674878,53.71
"22043",0,0,0,0,0.14176517411982,17.21
"22045",0.000215819574835438,1.65033276397276,1,1,0.261544746255326,76.46
"22047",5.58129151085561e-05,0.426791140362102,1,0,0.12563792264979,10.63
"22049",0,0,0,0,0.159360779641663,25.84
"22051",9.00661749369537e-05,0.688719545191832,1,0,0.406686369406289,99.11
"22053",0,0,0,0,0.234828604609227,65.92
"22055",0.000228529640294346,1.74752430683939,1,1,0.362284231606563,96.34
"22057",0.000465465077189625,3.55932620086422,1,1,0.215125386933896,56.98
"22059",0.000192678227360308,1.4733751178936,1,1,0.145687976087109,19.25
"22061",4.6279155868197e-05,0.353888229445936,1,0,0.255243153080842,74.45
"22063",0.00023650601776423,1.80851820457272,1,1,0.337881137615964,93.13
"22065",0,0,0,0,0.122485919424088,9.64
"22067",0.000134607618791224,1.0293198091086,1,1,0.224276791618303,61.41
"22069",0.000183049606443346,1.39974681710924,1,1,0.203065753576589,50.78
"22071",0.000194683774692015,1.48871117104697,1,1,0.234969379540591,65.96
"22073",8.94694461841281e-05,0.684156469702764,1,0,0.315073137621582,90.07
"22075",7.16435019343745e-05,0.547844738635033,1,0,0.164754331206847,28.67
"22077",0.000149588631264024,1.14387686789346,1,1,0.204078931244575,51.45
"22079",3.13868269487296e-05,0.240009317552072,1,0,0.257334164954201,75.06
"22081",0,0,0,0,0.147350530999462,20.01
"22083",0.000138255219134522,1.05721234091909,1,1,0.184564623857925,39.8
"22085",0,0,0,0,0.176167024754963,35.09
"22087",7.52558699578567e-05,0.575467855348268,1,0,0.245766270190373,71.3
"22089",3.51580353689836e-05,0.268847057689688,1,0,0.196527335393173,47.12
"22091",0,0,0,0,0.160618626737317,26.22
"22093",0,0,0,0,0.16392538564896,28.06
"22095",6.61725780836421e-05,0.506009585883258,1,0,0.218985130370296,58.8
"22097",0.000109849871841816,0.840001852274016,1,0,0.280662854314328,81.99
"22099",6.79071030829825e-05,0.519273180895545,1,0,0.245187696705125,71.05
"22101",9.12991874372318e-05,0.698148165969852,1,0,0.194160470474253,45.5
"22103",0.000212960415982679,1.62846929984673,1,1,0.415844421894202,99.36
"22105",0.000202555887010643,1.54890777226357,1,1,0.320842396560493,90.8
"22107",0.000632911392405063,4.83975750751126,1,1,0.121332840693892,9.13
"22109",7.47370191139926e-05,0.571500297966614,1,0,0.244889690531881,70.92
"22111",0.000307125307125307,2.34853097723212,1,1,0.198421637792901,48.27
"22113",0.000192320020514136,1.47063597574225,1,1,0.26600060947126,77.57
"22115",4.54876273653566e-05,0.347835555943768,1,0,0.120649556814167,9
"22117",7.5086349301697e-05,0.574171561936311,1,0,0.200655662190162,49.51
"22119",0,0,0,0,0.215843211217114,57.37
"22121",6.7371825102742e-05,0.515180008210455,1,0,0.203287943731939,50.84
"22123",0,0,0,0,0.176581418665833,35.35
"22125",0.000179083094555874,1.36941562712532,1,1,0.120592613043895,8.94
"22127",0.00020271639975674,1.55013518383697,1,1,0.140650520673668,16.64
"23001",5.46796682766791e-05,0.418125409379447,1,0,0.341836136534593,93.83
"23003",6.74422525712359e-05,0.515718554164073,1,0,0.23399463128428,65.7
"23005",0.000106115970914996,0.811449395706267,1,0,0.353228411846864,95.2
"23007",0.000161655350792111,1.23614886224827,1,1,0.270803738661285,79.1
"23009",6.57462195923734e-05,0.502749300583024,1,0,0.271260619819567,79.22
"23011",9.89553146072181e-05,0.756693168309907,1,0,0.289937146664243,84.41
"23013",9.49171847563001e-05,0.725814328875496,1,0,0.325082947675093,91.22
"23015",0.000136295488619327,1.04222664057078,1,1,0.301538589158529,87.11
"23017",9.81546917942678e-05,0.750570952283843,1,0,0.255454345820772,74.48
"23019",6.20593784132658e-05,0.474556701287595,1,0,0.340222307878226,93.51
"23021",0.000158002844051193,1.20821881211373,1,1,0.237087741143176,67.17
"23023",0.000305467874961817,2.33585689701694,1,1,0.237038615787147,67.1
"23025",0.000161013310433663,1.23123929720928,1,1,0.286828886985964,83.58
"23027",6.992029086841e-05,0.534667659199258,1,0,0.296170815214348,85.78
"23029",7.50356419299167e-05,0.573783811950761,1,0,0.225243840503337,62.01
"23031",8.59097303508339e-05,0.656935974645272,1,0,0.366220372220966,96.82
"24001",3.39696990284666e-05,0.259760067323452,1,0,0.233659887363306,65.51
"24003",0.000204721494635175,1.56546777716303,1,1,0.268202233814276,78.14
"24005",0.000148213666734399,1.13336276594385,1,1,0.336120942990953,92.68
"24009",0.000114333625519265,0.874288295499195,1,0,0.324282079711216,91.12
"24011",9.05633037493208e-05,0.692520998176761,1,0,0.226081340109509,62.36
"24013",0.000223074863924333,1.70581263091545,1,1,0.334380749596723,92.4
"24015",2.41832120142197e-05,0.184924593404459,1,0,0.230185814043829,64.11
"24017",0.000295060684147373,2.25627501481238,1,1,0.30953400613071,88.93
"24019",0,0,0,0,0.21965235277495,59.15
"24021",7.29660707770886e-05,0.55795818036248,1,0,0.345358059913716,94.4
"24023",0,0,0,0,0.288281086091285,83.87
"24025",0.000122594090964815,0.937454561955105,1,0,0.307954598395124,88.58
"24027",3.1210986267166e-05,0.238664696063289,1,0,0.308945137552136,88.77
"24029",0.000111781801922647,0.854774967792062,1,0,0.236011237624477,66.5
"24031",8.21901431602857e-05,0.6284929725974,1,0,0.260315904871755,76.11
"24033",5.46330092641974e-05,0.417768616456044,1,0,0.297300843505901,86
"24035",5.18860582161573e-05,0.396763184863166,1,0,0.31778559376956,90.52
"24037",1.79323948713351e-05,0.137125739475796,1,0,0.147376786930703,20.08
"24039",0,0,0,0,0.144161365205477,18.33
"24041",4.85979491665452e-05,0.371619617138931,1,0,0.30556986739566,87.81
"24043",9.98003992015968e-05,0.763155375435907,1,0,0.34494171615684,94.37
"24045",3.93840337127329e-05,0.301162493082895,1,0,0.285576904784164,83.11
"24047",0.000173280194073817,1.32504190987139,1,1,0.271461516793071,79.32
"24510",2.31704962347944e-05,0.17718054130607,1,0,0.193728808834493,45.24
"25001",0.000241202797952456,1.84443362251253,1,1,0.35633104695855,95.64
"25003",0.000153444836581249,1.17336456373604,1,1,0.306708259016775,88.23
"25005",0.000138042556548147,1.05558614906771,1,1,0.368249317480444,97.01
"25007",0.000253656886784476,1.93966775899242,1,1,0.285717692384746,83.23
"25009",0.000120110938830775,0.918466352345938,1,0,0.358010297491359,96.02
"25011",6.8530701754386e-05,0.524041725731071,1,0,0.300209873229321,86.76
"25013",0.000268329114603365,2.05186359807907,1,1,0.280743026045655,82.02
"25015",0.00011403230915426,0.871984184438519,1,0,0.250571596313809,72.96
"25017",7.06211319422243e-05,0.540026862539991,1,0,0.246594715362771,71.68
"25019",0.000195637288467182,1.49600251626094,1,1,0.261820340321612,76.55
"25021",0.000144979314558512,1.10863026718806,1,1,0.393120254375783,98.38
"25023",8.17925287069056e-05,0.625452487690771,1,0,0.40235422339403,98.82
"25025",5.4505106609393e-05,0.416790568278608,1,0,0.195312744596063,46.48
"25027",0.000201188521188924,1.53845177624171,1,1,0.344058940855698,94.21
"26001",0,0,0,0,0.213438908329799,55.93
"26003",0,0,0,0,0.17074400871141,32.36
"26005",2.13360643495701e-05,0.163152976634189,1,0,0.308329560584537,88.61
"26007",0.000150353330326267,1.14972438157687,1,1,0.265028922769014,77.35
"26009",0,0,0,0,0.245156007965696,71.01
"26011",0,0,0,0,0.187749634360359,41.62
"26013",0,0,0,0,0.11928937105223,8.53
"26015",0.000322393448965117,2.46528366170217,1,1,0.27661769742475,80.56
"26017",0,0,0,0,0.285709060355129,83.2
"26019",0,0,0,0,0.222715519937361,60.77
"26021",2.95137607909688e-05,0.225686323673513,1,0,0.288884177781832,84.06
"26023",0,0,0,0,0.216005754928025,57.43
"26025",0,0,0,0,0.21692035388124,57.87
"26027",0,0,0,0,0.244899045798758,70.95
"26029",0,0,0,0,0.239156097284116,68.02
"26031",0,0,0,0,0.273285807151037,79.86
"26033",0,0,0,0,0.200094227388227,49.19
"26035",0,0,0,0,0.25427451700722,74.1
"26037",9.15625143066429e-05,0.700161778315047,1,0,0.306888995618642,88.32
"26039",0,0,0,0,0.16855868705792,31.02
"26041",6.62251655629139e-05,0.506411712706476,1,0,0.271621864562103,79.35
"26043",0,0,0,0,0.215242283953502,57.08
"26045",0,0,0,0,0.225119583976336,61.88
"26047",0,0,0,0,0.26838112072702,78.21
"26049",6.69039526855247e-05,0.511602273521275,1,0,0.311485332988822,89.44
"26051",0,0,0,0,0.222487582728027,60.67
"26053",0,0,0,0,0.197705877532349,48.08
"26055",0.000104589746718497,0.799778638785482,1,0,0.378705611954014,97.84
"26057",0,0,0,0,0.211358596303889,55.01
"26059",0,0,0,0,0.221839921672612,60.2
"26061",0,0,0,0,0.218254994866924,58.51
"26063",0,0,0,0,0.220373160695836,59.34
"26065",1.76528738878689e-05,0.134988293706182,1,0,0.2028620082606,50.65
"26067",4.7152018106375e-05,0.360562847126923,1,0,0.188825219976075,42.38
"26069",0.000116171003717472,0.888338390086872,1,0,0.207802849924711,53.58
"26071",0,0,0,0,0.195448341459478,46.55
"26073",3.37609723160027e-05,0.258163972379061,1,0,0.204972595138844,51.99
"26075",4.88376636061731e-05,0.373452669557911,1,0,0.256503585802985,74.74
"26077",2.27759303967567e-05,0.174163368602646,1,0,0.297718579218572,86.13
"26079",0,0,0,0,0.19647455271471,47.06
"26081",2.19445986662073e-05,0.167806327107675,1,0,0.316964554908601,90.3
"26083",0,0,0,0,0.107184848803934,5.12
"26085",0,0,0,0,0.177516772886739,35.79
"26087",0,0,0,0,0.321745811077976,90.96
"26089",0,0,0,0,0.242864222062289,69.71
"26091",0,0,0,0,0.289120038225237,84.16
"26093",8.21242814125376e-05,0.627989339874168,1,0,0.357659503676533,95.93
"26095",0,0,0,0,0.168719123214551,31.12
"26097",0,0,0,0,0.172063630863592,33.06
"26099",3.4796946434116e-05,0.266085876733908,1,0,0.344863930887495,94.34
"26101",0,0,0,0,0.203621529468396,51.07
"26103",0,0,0,0,0.262826656473361,76.81
"26105",0,0,0,0,0.236167908688756,66.62
"26107",0,0,0,0,0.218786157549758,58.73
"26109",0,0,0,0,0.166938770206377,30.32
"26111",2.34246896228625e-05,0.179124311592124,1,0,0.196858240086356,47.38
"26113",0,0,0,0,0.199557866730021,48.87
"26115",2.18273890077269e-05,0.166910046314834,1,0,0.279650494432955,81.74
"26117",0,0,0,0,0.236758528080411,66.82
"26119",0,0,0,0,0.138993271497939,15.62
"26121",0,0,0,0,0.271384645739385,79.26
"26123",0,0,0,0,0.242934494415115,69.74
"26125",0.000121933096833931,0.932400060889461,1,0,0.37849135235811,97.77
"26127",0,0,0,0,0.203246029315414,50.81
"26129",0,0,0,0,0.244596038494313,70.7
"26131",0,0,0,0,0.157618349984196,24.79
"26133",0.00111819300011182,8.55061708807759,1,1,0.185034933862881,40.06
"26135",0,0,0,0,0.208754234334722,53.87
"26137",0,0,0,0,0.226202843167472,62.46
"26139",1.36020185395513e-05,0.104012144723679,1,0,0.308944943961492,88.74
"26141",0,0,0,0,0.200693251173457,49.54
"26143",0,0,0,0,0.227756419230725,63.12
"26145",1.16059097292341e-05,0.088748266214823,1,0,0.27870396433743,81.36
"26147",2.08420175072947e-05,0.159375090910125,1,0,0.340156889032737,93.45
"26149",0,0,0,0,0.226187171438595,62.42
"26151",0,0,0,0,0.271732882200952,79.38
"26153",0,0,0,0,0.17651178812152,35.28
"26155",0,0,0,0,0.270263494982274,78.75
"26157",0,0,0,0,0.251383192341343,73.11
"26159",0,0,0,0,0.236937958877821,67.01
"26161",4.92517833249879e-05,0.376619367206576,1,0,0.177499889314962,35.76
"26163",5.61586719597255e-05,0.429435079681731,1,0,0.293514037253533,85.08
"26165",0.000279661609452562,2.13852111077894,1,1,0.230330325435787,64.21
"27001",0.000195160031225605,1.4923530175386,1,1,0.226992438404703,62.9
"27003",0.000140515222482436,1.07449417262779,1,1,0.36390230019153,96.47
"27005",5.76169624337405e-05,0.44058635986793,1,0,0.266291845033856,77.63
"27007",4.37885886937864e-05,0.334843318381039,1,0,0.259485452513164,75.91
"27009",5.09528176908183e-05,0.389626865477825,1,0,0.242361485012104,69.49
"27011",0,0,0,0,0.182954918784261,39.04
"27013",2.19245357479555e-05,0.16765290964609,1,0,0.28466448375717,82.85
"27015",6.60196738628111e-05,0.504840355309156,1,0,0.204225395958589,51.51
"27017",0.000134916351861846,1.03168063435885,1,1,0.188735677926188,42.25
"27019",4.31862840361901e-05,0.33023760496935,1,0,0.277177321886959,80.85
"27021",8.18062827225131e-05,0.625557662129237,1,0,0.216430593291985,57.65
"27023",0,0,0,0,0.172150783114762,33.12
"27025",5.40774388924941e-05,0.413520271569749,1,0,0.267115426703925,77.79
"27027",8.39877377902826e-05,0.642238849524864,1,0,0.256644042032582,74.8
"27029",0,0,0,0,0.16923104439274,31.24
"27031",0,0,0,0,0.190938602312123,43.72
"27033",0.000179115171054988,1.36966091023962,1,1,0.158430671703348,25.29
"27035",2.89779477817381e-05,0.221589059719719,1,0,0.330368836754474,91.85
"27037",9.03656001940482e-05,0.691009195296651,1,0,0.374303479168555,97.39
"27039",0,0,0,0,0.192388032319913,44.54
"27041",4.59939288013982e-05,0.351707150302078,1,0,0.303032444509456,87.24
"27043",0,0,0,0,0.174228635922046,33.98
"27045",0.000262639527248851,2.0083563655595,1,1,0.270978215860832,79.13
"27047",0,0,0,0,0.219199714436493,58.89
"27049",4.21762969211303e-05,0.322514418467642,1,0,0.250805747862743,73.02
"27051",0,0,0,0,0.183896544586584,39.52
"27053",9.39483284193694e-05,0.718405661901526,1,0,0.295440201207678,85.56
"27055",0.00016655562958028,1.27362039671349,1,1,0.232887409790462,65.26
"27057",0,0,0,0,0.263650153747544,77
"27059",7.38225306363502e-05,0.564507372055794,1,0,0.245950173378666,71.33
"27061",5.37345513164965e-05,0.410898273071886,1,0,0.263945681907796,77.12
"27063",0,0,0,0,0.12479182438134,10.24
"27065",0,0,0,0,0.194412498716403,45.75
"27067",3.78830927756942e-05,0.28968507261688,1,0,0.228161561202005,63.38
"27069",0,0,0,0,0.147958851856606,20.36
"27071",0,0,0,0,0.169778667123487,31.78
"27073",0,0,0,0,0.192557001438646,44.64
"27075",0,0,0,0,0.171395227229378,32.68
"27077",0,0,0,0,0.162733870620244,27.27
"27079",0.000100542931831892,0.768833386473737,1,0,0.234150411617343,65.73
"27081",0,0,0,0,0.180228358318577,37.48
"27083",6.59326168655634e-05,0.504174646394659,1,0,0.186504126008334,40.92
"27085",5.66347624171717e-05,0.433075656219504,1,0,0.240041789453795,68.63
"27087",0,0,0,0,0.126825422087757,11.04
"27089",0,0,0,0,0.134607781541671,13.94
"27091",0.0001057753331923,0.80884460142456,1,0,0.204754220891337,51.83
"27093",0.000107319167203263,0.820650017371516,1,0,0.206985752973492,53.29
"27095",9.44554642486068e-05,0.722283636711797,1,0,0.218387888345687,58.57
"27097",0,0,0,0,0.2705573131755,78.94
"27099",5.37952552584862e-05,0.411362464999074,1,0,0.196568307217525,47.15
"27101",0,0,0,0,0.185288426293159,40.28
"27103",6.15043975644259e-05,0.470312864374672,1,0,0.175274802811896,34.49
"27105",0,0,0,0,0.14752385466614,20.17
"27107",0,0,0,0,0.141595582132567,17.12
"27109",8.12802543168846e-05,0.621535219247256,1,0,0.175931639609235,34.93
"27111",3.73538530499421e-05,0.285638073358029,1,0,0.294685395823817,85.36
"27113",0,0,0,0,0.127625272907729,11.33
"27115",0.000111049416990561,0.849174554344008,1,0,0.235732058208663,66.34
"27117",0,0,0,0,0.17530752639231,34.52
"27119",0,0,0,0,0.188937852545282,42.51
"27121",0,0,0,0,0.195583244066541,46.58
"27123",4.74468037600196e-05,0.36281701903385,1,0,0.261788840032208,76.52
"27125",0,0,0,0,0.139974369139092,16.19
"27127",0,0,0,0,0.200500807623357,49.41
"27129",0,0,0,0,0.147159165632662,19.89
"27131",6.2582139057513e-05,0.478554156196745,1,0,0.207845958121116,53.64
"27133",0,0,0,0,0.181449963964078,38.21
"27135",0,0,0,0,0.131261945181008,12.57
"27137",3.79917557889938e-05,0.290515998779241,1,0,0.275215065930274,80.34
"27139",0.000143775250528374,1.09942301005964,1,1,0.273211802434719,79.8
"27141",6.0549181072326e-05,0.463008498796148,1,0,0.327115705701799,91.54
"27143",0.000193124758594052,1.47678966046114,1,1,0.180248828578873,37.54
"27145",6.21884101532944e-05,0.475543383372962,1,0,0.318448143505326,90.65
"27147",4.76712589979501e-05,0.364533387131992,1,0,0.200329849572618,49.35
"27149",0,0,0,0,0.118314588795354,8.43
"27151",0,0,0,0,0.16036027360635,26.12
"27153",0,0,0,0,0.204890702728411,51.92
"27155",0,0,0,0,0.174883542661761,34.36
"27157",0.000128716694555284,0.98427299032923,1,0,0.210337397149973,54.57
"27159",0.000157579577686732,1.20498217174091,1,1,0.212013754587813,55.27
"27161",0,0,0,0,0.2097440213399,54.28
"27163",0.00014720765479805,1.12566997690574,1,1,0.310218165912206,89.15
"27165",0,0,0,0,0.187933777087604,41.65
"27167",0,0,0,0,0.154092480441947,22.94
"27169",0,0,0,0,0.220388239773774,59.37
"27171",7.1459196798628e-05,0.546435391015277,1,0,0.331904497426266,91.98
"27173",0.000229305205228159,1.75345490985274,1,1,0.173199358535855,33.66
"28001",8.55139387720198e-05,0.653909428926611,1,0,0.242192194345754,69.39
"28003",6.75766995539938e-05,0.516746645618853,1,0,0.226267922728764,62.52
"28005",0,0,0,0,0.149584232313139,21.13
"28007",0,0,0,0,0.211796821446518,55.2
"28009",0,0,0,0,0.158674555608488,25.42
"28011",8.08407437348424e-05,0.618174362317526,1,0,0.203996212243367,51.29
"28013",0,0,0,0,0.155306404019858,23.51
"28015",0,0,0,0,0.17970523913429,37.23
"28017",0.000188893086513034,1.44443083903812,1,1,0.184600864964877,39.83
"28019",0,0,0,0,0.12869565663755,11.55
"28021",0,0,0,0,0.0976069265747836,3.66
"28023",0,0,0,0,0.147172026208068,19.92
"28025",0,0,0,0,0.188423379434167,42.03
"28027",0.00012970168612192,0.991805040449778,1,0,0.189449106113616,42.92
"28029",0.000130208333333333,0.995679278889035,1,0,0.166773614963727,30.07
"28031",0,0,0,0,0.165901792344947,29.3
"28033",3.63402904800552e-05,0.27788754600806,1,0,0.24359458789802,70.16
"28035",2.27608967793331e-05,0.174048409283437,1,0,0.244467631911961,70.57
"28037",0,0,0,0,0.145951967389308,19.34
"28039",0,0,0,0,0.209474151032974,54.18
"28041",0,0,0,0,0.147596783342536,20.24
"28043",0,0,0,0,0.192624745487997,44.67
"28045",5.88720122453785e-05,0.450183495930048,1,0,0.192938691630111,44.83
"28047",2.86675330632215e-05,0.219215375215994,1,0,0.255192673032813,74.42
"28049",5.67169016366877e-05,0.433703759788321,1,0,0.23850118048139,67.9
"28051",0.000260078023407022,1.98876901479006,1,1,0.191908242603897,44.26
"28053",0,0,0,0,0.141076837183263,16.89
"28055",0,0,0,0,0.107503740692321,5.22
"28057",0.00014682131845544,1.12271573364672,1,1,0.188408621735903,42
"28059",6.97641970140924e-05,0.533474038082028,1,0,0.202753954471138,50.62
"28061",0,0,0,0,0.144825748550824,18.74
"28063",0,0,0,0,0.134004542387603,13.71
"28065",0,0,0,0,0.149505899516917,21.06
"28067",3.16435668628568e-05,0.241972560656534,1,0,0.195356753725855,46.52
"28069",0,0,0,0,0.129374690768234,11.84
"28071",0.000102831288133269,0.786332028025069,1,0,0.236828671079325,66.91
"28073",4.27642832706124e-05,0.327010642399409,1,0,0.281465902616598,82.18
"28075",2.82581666101503e-05,0.216085024919967,1,0,0.270142014031037,78.71
"28077",0,0,0,0,0.160377599400985,26.15
"28079",0.000161733786187935,1.23674864335562,1,1,0.150838724577472,21.48
"28081",7.02321171471714e-05,0.537052137645664,1,0,0.245343015303849,71.08
"28083",0,0,0,0,0.193989780397197,45.37
"28085",6.89797889218459e-05,0.527475813055652,1,0,0.222154486731906,60.48
"28087",3.33756091048662e-05,0.255217170478199,1,0,0.252065912012048,73.31
"28089",0.000131854608318561,1.00826804220534,1,1,0.278787845933831,81.39
"28091",0.000104220948410631,0.796958505666263,1,0,0.206861157965943,53.07
"28093",7.63533633656563e-05,0.583860186444819,1,0,0.180486715359794,37.61
"28095",0,0,0,0,0.206899509142742,53.13
"28097",0,0,0,0,0.165944321493619,29.34
"28099",7.47551767959931e-05,0.571639146435508,1,0,0.156693962156186,24.18
"28101",0,0,0,0,0.154574950107464,23.16
"28103",0,0,0,0,0.182469017452403,38.78
"28105",4.17850576633796e-05,0.319522683514449,1,0,0.157984825227563,24.98
"28107",8.26993053258353e-05,0.63238644243035,1,0,0.211507294795584,55.04
"28109",7.08165144111607e-05,0.541520916497967,1,0,0.273884819452496,80.08
"28111",0,0,0,0,0.160665561469227,26.25
"28113",6.08494584398199e-05,0.465304664833138,1,0,0.213474610554565,55.97
"28115",0.000151308821304282,1.15703084609892,1,1,0.15470674346139,23.23
"28117",0.000121862052156958,0.931856795255641,1,0,0.189079516261223,42.67
"28119",0,0,0,0,0.139702597774647,16.13
"28121",0.000159846547314578,1.22231727331646,1,1,0.337128412533634,92.9
"28123",0.000402657539762432,3.07904846461357,1,1,0.112996933393228,6.75
"28125",0,0,0,0,0.131011479214568,12.34
"28127",0.000112599932440041,0.861031062027676,1,0,0.182956531782749,39.07
"28129",0.000310462589257994,2.37405056251717,1,1,0.139276722661763,15.75
"28131",0,0,0,0,0.179567831917006,37.16
"28133",0.000103434009102193,0.790940924893234,1,0,0.128505136050853,11.52
"28135",0,0,0,0,0.120806399776608,9.04
"28137",0.0001232741617357,0.942654938593169,1,0,0.193269811375257,44.99
"28139",0.000121536217792902,0.929365199546401,1,0,0.155877139653078,23.83
"28141",0.000147732309055991,1.12968191193201,1,1,0.183136276469095,39.2
"28143",0,0,0,0,0.0881683561378765,2.23
"28145",7.33299112708074e-05,0.560740401984879,1,0,0.154900378211884,23.29
"28147",0,0,0,0,0.188230238808111,41.9
"28149",4.82253086419753e-05,0.368770103292235,1,0,0.187213981758376,41.27
"28151",5.91121357214636e-05,0.452019676175905,1,0,0.237044268344523,67.13
"28153",0.000175284837861525,1.34037105378927,1,1,0.199052078152467,48.52
"28155",0,0,0,0,0.177538334791217,35.83
"28157",0,0,0,0,0.141093965237126,16.93
"28159",0,0,0,0,0.176802943964911,35.51
"28161",0,0,0,0,0.141841359140584,17.28
"28163",0,0,0,0,0.158855695734533,25.52
"29001",9.22594335270781e-05,0.705490991961232,1,0,0.203661948121846,51.1
"29003",0.000273448181569593,2.09100816567345,1,1,0.23924901948753,68.09
"29005",0,0,0,0,0.133329335023036,13.36
"29007",0.000106689427077777,0.815834509961356,1,0,0.224199446406639,61.37
"29009",0,0,0,0,0.209676615622414,54.25
"29011",0,0,0,0,0.177749530950645,35.98
"29013",0.000219298245614035,1.67693352233943,1,1,0.231648872465072,64.62
"29015",0.000212947189097104,1.62836815627508,1,1,0.228753568275512,63.57
"29017",0,0,0,0,0.204561136664683,51.64
"29019",5.45831665514355e-05,0.417387478359655,1,0,0.252790128558281,73.5
"29021",8.12512695510867e-05,0.621313578051415,1,0,0.246567231218825,71.62
"29023",0.000248138957816377,1.89747316671657,1,1,0.254513382974989,74.13
"29025",0.000420344682639765,3.21429880700622,1,1,0.182939399876884,39.01
"29027",5.93330960009493e-05,0.45370931896688,1,0,0.212648015401,55.65
"29029",0.000100260677762182,0.766675041294144,1,0,0.296267106698202,85.81
"29031",8.71991628880363e-05,0.666796029112992,1,0,0.312189111321608,89.6
"29033",0,0,0,0,0.149157580723849,20.84
"29035",0.000547945205479452,4.19003663663988,1,1,0.166458550928116,29.88
"29037",0.00039089766857462,2.98912288332121,1,1,0.298906556637353,86.51
"29039",0.000233208955223881,1.78330617114454,1,1,0.214973172132333,56.82
"29041",0.000414593698175788,3.17032208203474,1,1,0.181210374871653,38.05
"29043",0.000195940120699114,1.4983182188784,1,1,0.371104412913038,97.26
"29045",0,0,0,0,0.154059771557593,22.88
"29047",9.71534052268532e-05,0.742914297276575,1,0,0.291853519747133,84.95
"29049",0,0,0,0,0.220131167820529,59.27
"29051",8.58118660648394e-05,0.656187624372955,1,0,0.192025179303508,44.35
"29053",0,0,0,0,0.214173289033665,56.41
"29055",0.00012868356710848,0.984019670810422,1,0,0.215078577492018,56.89
"29057",0,0,0,0,0.139014996010795,15.65
"29059",0,0,0,0,0.220965027716402,59.75
"29061",0,0,0,0,0.197155405254091,47.47
"29063",0,0,0,0,0.15566111082996,23.7
"29065",0,0,0,0,0.191571913564842,44.1
"29067",0,0,0,0,0.195943732063879,46.71
"29069",9.50660709192889e-05,0.726952834097138,1,0,0.180632451267407,37.7
"29071",0.000113094026373527,0.864809307849606,1,0,0.327382507753776,91.6
"29073",0.000170010200612037,1.30003686872965,1,1,0.214962407439659,56.76
"29075",0,0,0,0,0.140717532595541,16.67
"29077",6.64377120896194e-05,0.508037017070819,1,0,0.321363942144549,90.9
"29079",0,0,0,0,0.178445474116874,36.46
"29081",0,0,0,0,0.157886256240228,24.91
"29083",0,0,0,0,0.207294883057549,53.39
"29085",0,0,0,0,0.19078927816799,43.65
"29087",0,0,0,0,0.139193254827735,15.69
"29089",0,0,0,0,0.160758422614081,26.31
"29091",0,0,0,0,0.285680988467862,83.17
"29093",0.0012370113805047,9.4591994827657,1,1,0.16481686799585,28.73
"29095",8.59902735446146e-05,0.657551873697583,1,0,0.325496599898604,91.35
"29097",1.53685375299686e-05,0.117520391926412,1,0,0.31061775579944,89.21
"29099",0.000136937060303658,1.04713262174462,1,1,0.366964361013889,96.91
"29101",0,0,0,0,0.162630458368937,27.17
"29103",0,0,0,0,0.15918976083941,25.77
"29105",6.45786244752987e-05,0.493820914553942,1,0,0.225056068545618,61.82
"29107",0.000190730497806599,1.45848118669994,1,1,0.245560060104706,71.17
"29109",8.87232721142756e-05,0.678450613243527,1,0,0.253292600591217,73.72
"29111",0.000338868180277872,2.59126291489929,1,1,0.169975522967661,31.88
"29113",0.000128320287437444,0.981241737696367,1,0,0.276459848360047,80.53
"29115",0,0,0,0,0.156984178311475,24.4
"29117",0,0,0,0,0.220976809091927,59.78
"29119",0.000144237703735757,1.10295930504367,1,1,0.189371634485735,42.83
"29121",0,0,0,0,0.198831271192159,48.49
"29123",0,0,0,0,0.169450562776678,31.47
"29125",0,0,0,0,0.192992001366452,44.89
"29127",6.87001923605386e-05,0.525337789356127,1,0,0.22456207060542,61.57
"29129",0,0,0,0,0.112991294432472,6.71
"29131",0,0,0,0,0.232621323506315,65.22
"29133",0,0,0,0,0.140106867749619,16.29
"29135",0,0,0,0,0.186483108334074,40.88
"29137",0,0,0,0,0.170345089146474,32.04
"29139",0,0,0,0,0.177629839698391,35.89
"29141",0.000167140230653518,1.2780907340578,1,1,0.286752524849958,83.52
"29143",0,0,0,0,0.123867963688376,9.96
"29145",0.000370309414088216,2.83168827175815,1,1,0.235120611507064,66.08
"29147",0.000101822624987272,0.778618965672313,1,0,0.180993550800763,37.93
"29149",0,0,0,0,0.166493280537048,29.91
"29151",0,0,0,0,0.164741089332872,28.64
"29153",0.000494071146245059,3.77807157206907,1,1,0.223794860297212,61.12
"29155",0.000176991150442478,1.35341891360492,1,1,0.150057337424488,21.19
"29157",0,0,0,0,0.19437787734803,45.69
"29159",0,0,0,0,0.240984656016087,68.88
"29161",4.69748214956783e-05,0.359207857096382,1,0,0.221880874512611,60.26
"29163",0.00518949520364837,39.6831194278404,1,1,0.187595744781069,41.46
"29165",0.000204146020080545,1.56106722863511,1,1,0.303163834351008,87.31
"29167",8.65650969529086e-05,0.661947443028721,1,0,0.257548888090852,75.12
"29169",8.6333419666753e-05,0.660175849250435,1,0,0.118233822706144,8.37
"29171",0,0,0,0,0.143790407092388,18.14
"29173",0,0,0,0,0.165740477289826,29.21
"29175",9.31445603576751e-05,0.712259394734332,1,0,0.193534810560844,45.15
"29177",0,0,0,0,0.184361783372189,39.77
"29179",0,0,0,0,0.13378489668252,13.62
"29181",0,0,0,0,0.170355765017863,32.07
"29183",7.17871125566704e-05,0.548942902763148,1,0,0.335592598971821,92.62
"29185",0,0,0,0,0.189267550347105,42.76
"29186",0,0,0,0,0.192127984883935,44.38
"29187",3.92033871726517e-05,0.299781122074165,1,0,0.25313531547847,73.62
"29189",6.84006473320837e-05,0.52304722338165,1,0,0.312339900399239,89.66
"29195",0,0,0,0,0.163436224526831,27.68
"29197",0,0,0,0,0.147113536667224,19.82
"29199",0,0,0,0,0.192645389204125,44.7
"29201",0.00011015642211941,0.842345986105727,1,0,0.235828577102631,66.4
"29203",0,0,0,0,0.161483966882992,26.63
"29205",0,0,0,0,0.138033602744056,15.14
"29207",0.000171791788352517,1.31366034390445,1,1,0.201464434365676,50.14
"29209",0.00011101243339254,0.84889174754305,1,0,0.261917340343317,76.58
"29211",0,0,0,0,0.102384946345628,4.1
"29213",3.15089643003435e-05,0.240943279511857,1,0,0.239412873700648,68.18
"29215",0.000141222991102952,1.07990634964945,1,1,0.219475206424795,59.05
"29217",0.00013196093956189,1.00908113774977,1,1,0.225760733859176,62.3
"29219",0.000100130169219986,0.765677066373064,1,0,0.256316974227796,74.67
"29221",0.000173943294485998,1.33011251728436,1,1,0.231830768493351,64.65
"29223",0,0,0,0,0.168395636725025,30.96
"29225",9.38350380031904e-05,0.717539350836801,1,0,0.258110122372531,75.31
"29227",0,0,0,0,0.144143005537045,18.26
"29229",0.00017164435290079,1.31253293200614,1,1,0.243220040415718,69.97
"29510",0.000219800272054676,1.68077242659083,1,1,0.218090290325802,58.48
"30001",0,0,0,0,0.206199895927982,52.66
"30003",0,0,0,0,0.121312850356368,9.1
"30005",0,0,0,0,0.154087039264849,22.91
"30007",0,0,0,0,0.220500604137882,59.43
"30009",0.000249625561657514,1.90884095403589,1,1,0.289644093788331,84.35
"30011",0,0,0,0,0.105769362478509,4.71
"30013",0.000271677609237039,2.07746892330572,1,1,0.329625894012788,91.79
"30015",0,0,0,0,0.148634317000031,20.65
"30017",0.000311720698254364,2.38367109160467,1,1,0.229706704755918,63.82
"30019",0,0,0,0,0.111312875148842,6.36
"30021",0.000248818113958696,1.9026665493575,1,1,0.236289563577642,66.69
"30023",0,0,0,0,0.182038150757516,38.47
"30025",0,0,0,0,0.169590593419816,31.69
"30027",0,0,0,0,0.26133033148652,76.42
"30029",0.000415994142802469,3.18103102562016,1,1,0.440064823846811,99.84
"30031",0.00032435187544888,2.48025939036094,1,1,0.432227316726975,99.65
"30033",0,0,0,0,0.109101662835623,5.7
"30035",0,0,0,0,0.138119013878862,15.21
"30037",0,0,0,0,0.117101801753667,8.02
"30039",0.00076103500761035,5.81949532866651,1,1,0.182989972309534,39.13
"30041",0,0,0,0,0.211318886598516,54.98
"30043",0.000565770862800566,4.32634617361685,1,1,0.270285366573526,78.78
"30045",0,0,0,0,0.126790291858853,11.01
"30047",0.000409768890345845,3.13342766016546,1,1,0.286755299048073,83.55
"30049",0.00024585950246977,1.88004258913627,1,1,0.324415256219913,91.15
"30051",0,0,0,0,0.108961326672505,5.63
"30053",0.000261267145656434,1.99786201485769,1,1,0.321252126433735,90.84
"30055",0,0,0,0,0.135327791993023,14.29
"30057",0.000726920281075842,5.55862626256442,1,1,0.246572447876448,71.65
"30059",0,0,0,0,0.130062223643342,12.12
"30061",0,0,0,0,0.166930447910147,30.29
"30063",0.000306384792657422,2.34286839871264,1,1,0.441210241715205,99.87
"30065",0,0,0,0,0.162427138101025,27.11
"30067",0.000328839197632358,2.51457312129819,1,1,0.317200559883657,90.36
"30069",0,0,0,0,0.0850722808965509,1.85
"30071",0,0,0,0,0.190283046573919,43.4
"30073",0,0,0,0,0.194803403850801,46.07
"30075",0,0,0,0,0.130221662021207,12.19
"30077",0,0,0,0,0.165977700719946,29.37
"30079",0,0,0,0,0.102445233304286,4.14
"30081",0.00022436616558223,1.71568697820682,1,1,0.389717537604245,98.19
"30083",0.000333222259246918,2.54808959075901,1,1,0.248452340125666,72.29
"30085",0,0,0,0,0.141587642407788,17.09
"30087",0,0,0,0,0.109217259655217,5.76
"30089",0.000718218817333014,5.49208776289283,1,1,0.266842044784574,77.73
"30091",0,0,0,0,0.176091716872311,35.03
"30093",0.000218567291404841,1.67134404936731,1,1,0.301347857742849,87.08
"30095",0,0,0,0,0.186049831466463,40.69
"30097",0,0,0,0,0.200038577463174,49.13
"30099",0,0,0,0,0.200862127742615,49.57
"30101",0,0,0,0,0.140123818170366,16.35
"30103",0.0125260960334029,95.7847623616007,1,1,0.106724364654189,4.9
"30105",0,0,0,0,0.194907325629468,46.2
"30107",0,0,0,0,0.0922267624283436,2.51
"30109",0.010230179028133,78.2283054922536,1,1,0.150167009130074,21.29
"30111",0.000143060054567192,1.09395403752413,1,1,0.439644875677893,99.81
"31001",0.00011100627185436,0.848844631388998,1,0,0.243010726784088,69.77
"31003",0,0,0,0,0.129797492705462,11.93
"31005",0,0,0,0,0.0627713050706633,0.57
"31007",0,0,0,0,0.101542325043765,4.04
"31009",0,0,0,0,0.0748257830926066,1.02
"31011",0.0002999400119976,2.29358634129208,1,1,0.1408102874595,16.74
"31013",0.000183284457478006,1.40154267996111,1,1,0.150922130391423,21.54
"31015",0,0,0,0,0.106850833551813,4.96
"31017",0,0,0,0,0.124669376085868,10.21
"31019",9.42063118228921e-05,0.720378413741667,1,0,0.282976594824634,82.41
"31021",0.000437445319335083,3.34506424403665,1,1,0.154114567284763,22.97
"31023",0,0,0,0,0.123970639302152,9.99
"31025",0.000130497194310322,0.99788814587861,1,0,0.253412247541138,73.75
"31027",0.000267236771779797,2.04351065255687,1,1,0.166181043514476,29.59
"31029",0,0,0,0,0.141951820545086,17.4
"31031",0.000330250990752972,2.52536884473837,1,1,0.166445432245374,29.81
"31033",0.000216122757726389,1.65265114801552,1,1,0.173638095561749,33.79
"31035",0.000364033491081179,2.78369743788416,1,1,0.13040816137002,12.25
"31037",0,0,0,0,0.11123494032694,6.33
"31039",0,0,0,0,0.167973072486444,30.86
"31041",0.000165672630881378,1.26686826737372,1,1,0.163485788746067,27.74
"31043",6.7462726843419e-05,0.515875117173837,1,0,0.135335647948011,14.32
"31045",0,0,0,0,0.162901188159999,27.39
"31047",0.000145878920495988,1.11550938903979,1,1,0.16614067835191,29.53
"31049",0,0,0,0,0.0914585967451802,2.42
"31051",0,0,0,0,0.119725877428704,8.65
"31053",4.80630587330578e-05,0.367529407952888,1,0,0.247378766329325,71.84
"31055",8.14850251552158e-05,0.623101064346625,1,0,0.30506177669508,87.72
"31057",0,0,0,0,0.0962924245495472,3.15
"31059",0,0,0,0,0.143205400287154,17.88
"31061",0,0,0,0,0.122531488833798,9.67
"31063",0.000894454382826476,6.83972885676904,1,1,0.0910612862022348,2.39
"31065",0,0,0,0,0.107490924258767,5.19
"31067",0,0,0,0,0.221998580369762,60.29
"31069",0,0,0,0,0.0963167992628628,3.18
"31071",0,0,0,0,0.143427986588871,17.98
"31073",0,0,0,0,0.0992826030625845,3.85
"31075",0,0,0,0,0.0889518117627854,2.26
"31077",0,0,0,0,0.123036166992318,9.8
"31079",5.06508635972243e-05,0.38731787782342,1,0,0.259782991283361,76.01
"31081",0,0,0,0,0.189262596989324,42.73
"31083",0,0,0,0,0.115458836484148,7.45
"31085",0,0,0,0,0.134963473316389,14.06
"31087",0,0,0,0,0.109292349547435,5.82
"31089",0.000172622130157086,1.32000981561674,1,1,0.197553605580692,47.98
"31091",0,0,0,0,0.11062072693531,6.2
"31093",0,0,0,0,0.17305252629588,33.6
"31095",0,0,0,0,0.150076177702015,21.22
"31097",0,0,0,0,0.110483581611525,6.14
"31099",0.000375234521575985,2.86934966674213,1,1,0.152585760336966,22.11
"31101",0.000243427458617332,1.86144519519664,1,1,0.211242757001538,54.95
"31103",0,0,0,0,0.125066588307269,10.4
"31105",0,0,0,0,0.0964474146506112,3.25
"31107",0,0,0,0,0.163577509238394,27.81
"31109",0.000111092034701112,0.849500444171664,1,0,0.307746946663324,88.48
"31111",5.53036168565424e-05,0.422896629900884,1,0,0.258654169242073,75.63
"31113",0,0,0,0,0.0973985462672559,3.6
"31115",0,0,0,0,0.0992017625230112,3.82
"31117",0,0,0,0,0.0602047987746705,0.48
"31119",0.000122428991185113,0.936192074175782,1,0,0.284151190328226,82.66
"31121",0.00032020493115594,2.44854846681645,1,1,0.197674138214527,48.01
"31123",0,0,0,0,0.110283995065341,6.05
"31125",0.000888888888888889,6.79717054388248,1,1,0.113771446965462,6.9
"31127",0,0,0,0,0.109335732095619,5.85
"31129",0,0,0,0,0.134756421578614,14
"31131",0.000136425648021828,1.04322194568456,1,1,0.197677367222243,48.04
"31133",0,0,0,0,0.132752617779189,13.2
"31135",0,0,0,0,0.111469595289011,6.4
"31137",0.000168947457340767,1.29191026556307,1,1,0.153680957017215,22.72
"31139",0,0,0,0,0.187059398910072,41.11
"31141",4.37464456012949e-05,0.334521057870764,1,0,0.222323913936057,60.58
"31143",0,0,0,0,0.139701947843116,16.1
"31145",0,0,0,0,0.191645645457025,44.13
"31147",0,0,0,0,0.175311963120993,34.58
"31149",0,0,0,0,0.101124345901202,3.95
"31151",0.000131061598951507,1.00220404480574,1,1,0.14845497026877,20.55
"31153",3.11795212904165e-05,0.238424089148522,1,0,0.262687071250796,76.74
"31155",0.000130907186804556,1.00102328339675,1,1,0.25176855896195,73.27
"31157",5.43744222717634e-05,0.41579124908204,1,0,0.268387721375636,78.24
"31159",0.000132240148108966,1.01121619437553,1,1,0.206823623162829,52.97
"31161",0,0,0,0,0.133358165305447,13.39
"31163",0,0,0,0,0.125321405221493,10.56
"31165",0,0,0,0,0.129904156595123,12.09
"31167",0,0,0,0,0.112302927012864,6.55
"31169",0,0,0,0,0.120622281232933,8.97
"31171",0,0,0,0,0.139479618929019,15.88
"31173",0,0,0,0,0.0833701648892548,1.69
"31175",0,0,0,0,0.157845185999393,24.88
"31177",0.000101884870096791,0.779094942625348,1,0,0.218775762723747,58.7
"31179",0,0,0,0,0.119914506935993,8.72
"31181",0,0,0,0,0.114597306999338,7.03
"31183",0,0,0,0,0.0616076065315093,0.54
"31185",0.000111445447453472,0.852202926765607,1,0,0.194605776540047,45.91
"32001",8.9461442118447e-05,0.684095264078349,1,0,0.199175274401742,48.68
"32003",0.000201146374695786,1.53812948972731,1,1,0.332928588334277,92.2
"32005",0.000127572716448376,0.975525199251717,1,0,0.266214660939597,77.6
"32007",4.14851690520639e-05,0.317229490224758,1,0,0.251238989991048,73.08
"32009",0,0,0,0,0.0961710819483068,3.09
"32011",0,0,0,0,0.0157849366294704,0.03
"32013",0,0,0,0,0.167197172486124,30.51
"32015",0,0,0,0,0.0764929491177518,1.15
"32017",0,0,0,0,0.132103393284718,13.01
"32019",0.00012831205491756,0.9811787851245,1,0,0.252151803593079,73.34
"32021",0,0,0,0,0.108359562951613,5.47
"32023",0.000129735339906591,0.992062384777866,1,0,0.253103099066379,73.59
"32027",0,0,0,0,0.0706888993880374,0.86
"32029",0,0,0,0,0.0779336607703612,1.3
"32031",0.000158317313129029,1.21062349956066,1,1,0.400142046193131,98.73
"32033",0,0,0,0,0.13038986871665,12.22
"32510",8.72676498821887e-05,0.667319736614695,1,0,0.241539403244837,69.11
"33001",0,0,0,0,0.337292193471517,93
"33003",4.23764725824222e-05,0.324045125089744,1,0,0.356447854097207,95.67
"33005",2.80796338415747e-05,0.214719817534827,1,0,0.311952524878859,89.5
"33007",7.34430082256169e-05,0.561605233685942,1,0,0.247331909474052,71.81
"33009",3.14371492793034e-05,0.240394123198032,1,0,0.223590900354245,60.99
"33011",0.00010320565746491,0.789194761742826,1,0,0.355872564635474,95.55
"33013",1.15590900684298e-05,0.0883902448431176,1,0,0.340222213338529,93.48
"33015",2.2853486299335e-05,0.174756424386219,1,0,0.396469383456478,98.57
"33017",3.68358044018786e-05,0.281676650220749,1,0,0.306670533561383,88.2
"33019",6.13459296975646e-05,0.469101089618293,1,0,0.277177788146859,80.88
"34001",5.86794196605396e-05,0.44871077570483,1,0,0.237434601221455,67.36
"34003",9.17777347215566e-05,0.701807529412828,1,0,0.367306039662895,96.95
"34005",0.000386853773524748,2.95819995846623,1,1,0.309521559753214,88.9
"34007",0.000206031913028231,1.57548830662715,1,1,0.355144641550733,95.42
"34009",8.40813066235049e-05,0.642954353256493,1,0,0.284749393958575,82.88
"34011",9.26111719943816e-05,0.708180671603975,1,0,0.254572403222274,74.16
"34013",0.000547583223858553,4.18726862947751,1,1,0.273963437851916,80.11
"34015",9.53540569483768e-05,0.729155010520349,1,0,0.319846136767645,90.77
"34017",4.54221010966193e-05,0.347334488567092,1,0,0.249623470055647,72.7
"34019",5.68181818181818e-05,0.434478230787943,1,0,0.342833684232409,93.95
"34021",7.27171993490079e-05,0.556055106129795,1,0,0.185021505195116,40.03
"34023",0.000112996759338223,0.864065524643938,1,0,0.277154393232558,80.78
"34025",0.000149917219622209,1.14638952289144,1,1,0.395528351473153,98.5
"34027",0.000138009292625703,1.05533178594468,1,1,0.286922821300393,83.61
"34029",0.000171084816453735,1.30825425926798,1,1,0.406476172028181,99.08
"34031",6.14288346950058e-05,0.46973504895066,1,0,0.424729892196913,99.62
"34033",8.45415733186795e-05,0.64647392838211,1,0,0.219301899175693,58.99
"34035",4.32783858123834e-05,0.330941890384553,1,0,0.244619963550953,70.73
"34037",6.72600497724368e-05,0.514325282729937,1,0,0.356897270844852,95.77
"34039",8.14894723362644e-05,0.623135071125655,1,0,0.361264139924927,96.18
"34041",8.02868918267944e-05,0.613939158208087,1,0,0.325777503173585,91.38
"35001",0.000211906564710321,1.62041069216736,1,1,0.332550148566659,92.17
"35003",0.00106837606837607,8.16967613447414,1,1,0.158265745667261,25.14
"35005",0.000160959317532494,1.2308264233822,1,1,0.271422321213621,79.29
"35006",0.000121639703199124,0.930156533495656,1,0,0.146463978303512,19.5
"35007",0.0002050020500205,1.56761313281423,1,1,0.184706012162698,39.93
"35009",0.000112346927311538,0.859096378144904,1,0,0.197989357650576,48.17
"35011",0,0,0,0,0.129552620867674,11.9
"35013",0.000107239755922316,0.820042773849349,1,0,0.276688653307475,80.66
"35015",5.7373992369259e-05,0.438728412281924,1,0,0.235873489072358,66.47
"35017",0.000365998719004483,2.7987251759055,1,1,0.210907933145501,54.85
"35019",0,0,0,0,0.0951126141047832,2.86
"35021",0,0,0,0,0.0818914367781296,1.62
"35023",0.00063653723742839,4.86748368037415,1,1,0.144037878080174,18.17
"35025",0.000134051851256066,1.02506995654948,1,1,0.179396596114393,37.1
"35027",0.000124161907126893,0.949443365019592,1,0,0.284758791015961,82.91
"35028",0,0,0,0,0.0369508678214213,0.16
"35029",0.0002210433244916,1.69027782092568,1,1,0.188988207776806,42.6
"35031",4.45732114998886e-05,0.340843185284947,1,0,0.216207421530343,57.56
"35033",0,0,0,0,0.154370081095669,23.07
"35035",0.00015683199372672,1.19926553410983,1,1,0.198652604813746,48.39
"35037",0,0,0,0,0.17278186549281,33.5
"35039",0.000276880479926165,2.11725432262145,1,1,0.198701224894589,48.43
"35041",0.000135851107186524,1.03882853713732,1,1,0.159475983756044,25.87
"35043",0.000428296095367264,3.27510180392653,1,1,0.293801303336979,85.17
"35045",0.00017552071144395,1.34217473587663,1,1,0.286331979048423,83.39
"35047",0,0,0,0,0.185523955977154,40.47
"35049",0.00025763410533167,1.97008082084244,1,1,0.333360459672214,92.24
"35051",0,0,0,0,0.158251306398035,25.1
"35053",0,0,0,0,0.130470776786864,12.28
"35055",0.000228241022519781,1.74531729957421,1,1,0.297905447720536,86.19
"35057",0,0,0,0,0.195008638301882,46.26
"35059",0,0,0,0,0.147372413917389,20.04
"35061",0.000241196333815726,1.84438419244279,1,1,0.258804049662739,75.66
"36001",8.20745154525794e-06,0.0627608788692413,1,0,0.228770667005931,63.6
"36003",0,0,0,0,0.204603648193033,51.67
"36005",5.46009063750458e-05,0.417523131541965,1,0,0.196663173191973,47.25
"36007",2.24092146690719e-05,0.171359160592674,1,0,0.27074779789943,79.06
"36009",0,0,0,0,0.233962692122776,65.67
"36011",3.67295967090281e-05,0.2808644994442,1,0,0.241369118855499,69.04
"36013",1.97796546472299e-05,0.151251396678359,1,0,0.270662502503449,79.03
"36015",5.6471651231082e-05,0.431828374851355,1,0,0.277864353715729,81.16
"36017",5.37230041903943e-05,0.410809974313301,1,0,0.188053809008356,41.74
"36019",2.87075845438365e-05,0.219521641553304,1,0,0.223801676581687,61.15
"36021",4.04138376980278e-05,0.309037215562067,1,0,0.287593438577109,83.81
"36023",0,0,0,0,0.210349079000872,54.6
"36025",0,0,0,0,0.235660275122227,66.31
"36027",0.000101884870096791,0.779094942625348,1,0,0.29602482012362,85.75
"36029",0.000109513032050814,0.837426100080433,1,0,0.313264388123952,89.76
"36031",0,0,0,0,0.237271340458153,67.29
"36033",5.27788040323006e-05,0.403589848623412,1,0,0.163737215750494,27.94
"36035",0,0,0,0,0.220814306595286,59.59
"36037",3.9848575413429e-05,0.304714758392819,1,0,0.240051092608772,68.66
"36039",0,0,0,0,0.259694524766634,75.98
"36041",0,0,0,0,0.161883123204772,26.85
"36043",0,0,0,0,0.253644056851714,73.81
"36045",0,0,0,0,0.184644018742709,39.87
"36047",6.13583394132417e-05,0.469195984441384,1,0,0.248534886024403,72.35
"36049",0,0,0,0,0.191215048363365,43.91
"36051",0,0,0,0,0.241005031151824,68.92
"36053",0,0,0,0,0.238591709579333,67.96
"36055",2.95593440781549e-05,0.226034890722587,1,0,0.27702911126493,80.69
"36057",0,0,0,0,0.191877425310093,44.23
"36059",0.000427669345579793,3.27030916308353,1,1,0.365259331927005,96.63
"36061",8.32369204011792e-05,0.636497486453684,1,0,0.208845157170618,53.93
"36063",1.35572999281463e-05,0.103670189691948,1,0,0.306788578655308,88.29
"36065",9.23488941219929e-06,0.0706175080746898,1,0,0.258967531047633,75.69
"36067",7.17696119908135e-05,0.548809079141061,1,0,0.298209629517257,86.32
"36069",1.71839021204935e-05,0.131402152487676,1,0,0.28516575279977,83.01
"36071",4.58100942542689e-05,0.350301401187296,1,0,0.348098932208118,94.59
"36073",7.76759359950287e-05,0.593973657128149,1,0,0.181122253311267,38.02
"36075",0,0,0,0,0.267389775770442,77.95
"36077",3.96510705789056e-05,0.303204475093885,1,0,0.222152128295129,60.45
"36079",0.00019239402295902,1.47120185888561,1,1,0.343156898918286,94.08
"36081",4.71694314472847e-05,0.360696003755814,1,0,0.280084585125351,81.8
"36083",3.22331098504384e-05,0.246480687914769,1,0,0.269851394156994,78.62
"36085",9.01963058170175e-05,0.689714632199753,1,0,0.261103033462431,76.36
"36087",0.000137053352912384,1.04802189002593,1,1,0.286747112820315,83.49
"36089",0.0003690036900369,2.8217036390656,1,1,0.216800550354738,57.78
"36091",0.000109595592264544,0.838057422914901,1,0,0.357931834726176,95.99
"36093",1.5965259595121e-05,0.122083416276068,1,0,0.231296334951604,64.56
"36095",0.000110302228105008,0.84346093777496,1,0,0.194606299069305,45.94
"36097",0,0,0,0,0.176862575674992,35.54
"36099",0,0,0,0,0.199724729574778,48.93
"36101",2.66035276277634e-05,0.203432303649147,1,0,0.205302192221737,52.08
"36103",9.15363843666625e-05,0.699961967449406,1,0,0.413105927452844,99.3
"36105",8.83626402756914e-05,0.675692927619315,1,0,0.207814822062786,53.61
"36107",0,0,0,0,0.201343575728311,50.05
"36109",0,0,0,0,0.194356266638644,45.66
"36111",7.38497895280998e-05,0.564715815808861,1,0,0.375087910728863,97.42
"36113",0.000101706120165781,0.777728074638846,1,0,0.259615334149781,75.95
"36115",6.00348201957135e-05,0.459075275371783,1,0,0.232377045407225,65.07
"36117",3.18694626808592e-05,0.24369994460666,1,0,0.236116389353935,66.56
"36119",5.63860313005125e-05,0.431173654922564,1,0,0.341443766211654,93.73
"36121",0,0,0,0,0.199522935864572,48.84
"36123",0,0,0,0,0.249613963920201,72.67
"37001",7.97734434206853e-05,0.610012912278552,1,0,0.279303563806028,81.61
"37003",9.76276481499561e-05,0.74654074605758,1,0,0.237440456904087,67.39
"37005",0,0,0,0,0.177097669280965,35.6
"37007",0.00012868356710848,0.984019670810422,1,0,0.164965676573326,28.86
"37009",0.000111234705228031,0.850591419562602,1,0,0.248236264039151,72.13
"37011",0.000116441546343735,0.890407180003236,1,0,0.213029478349574,55.81
"37013",5.44336182026019e-05,0.41624390952413,1,0,0.259862323438656,76.04
"37015",0,0,0,0,0.140745986609614,16.7
"37017",6.47291086801735e-05,0.494971639709223,1,0,0.140885570890328,16.8
"37019",0.000144526572242639,1.10516822961297,1,1,0.357503358618481,95.83
"37021",0.00017603682429569,1.34612135633394,1,1,0.382761727080207,97.93
"37023",0.000181922925320639,1.39113129290218,1,1,0.202572875270308,50.56
"37025",0.000102154437077974,0.781156271962467,1,0,0.316990725431442,90.33
"37027",6.98031551026106e-05,0.533771943450216,1,0,0.241902391439763,69.2
"37029",0,0,0,0,0.22151468121332,60.01
"37031",0.000136915967824748,1.04697133142123,1,1,0.33236783913179,92.14
"37033",0.00025974025974026,1.98618619788774,1,1,0.204037758581472,51.32
"37035",8.21566110397946e-05,0.628236558613015,1,0,0.265370725844196,77.44
"37037",8.7989441267048e-05,0.672839143147188,1,0,0.300905545092008,86.99
"37039",0.000105385182843292,0.805861193157107,1,0,0.271088385569482,79.19
"37041",0.000340715502555366,2.60538905004013,1,1,0.185167037893132,40.15
"37043",0.000353107344632768,2.70014719698721,1,1,0.233618021108517,65.48
"37045",7.29199581925573e-05,0.557605565873541,1,0,0.239423966933866,68.25
"37047",6.00384245917387e-05,0.459102837528085,1,0,0.210929780349409,54.88
"37049",7.92707094728498e-05,0.60616859784921,1,0,0.23932138802784,68.15
"37051",7.4650741175216e-05,0.57084054636957,1,0,0.14195787169372,17.44
"37053",0.000112943302462164,0.86365674970271,1,0,0.285116205538462,82.98
"37055",8.58700785711219e-05,0.656632764747567,1,0,0.269813207421486,78.59
"37057",9.3063078154373e-05,0.71163631524818,1,0,0.31796691840576,90.61
"37059",0.000190912562046583,1.45987339860019,1,1,0.226233241443022,62.49
"37061",4.29737859905458e-05,0.328612671330803,1,0,0.180994739996575,37.96
"37063",7.82411391909866e-05,0.598295662457381,1,0,0.146533325994069,19.57
"37065",5.70808836120783e-05,0.436487063295153,1,0,0.179809345596751,37.29
"37067",0.000125779131844481,0.96180998625947,1,0,0.266347984438258,77.66
"37069",0.000117889773062187,0.901481504493698,1,0,0.305876351078173,87.91
"37071",3.32266389039639e-05,0.254078022634024,1,0,0.283166763516725,82.44
"37073",0,0,0,0,0.170223847362314,31.98
"37075",0,0,0,0,0.189944957067248,43.21
"37077",4.38788942518649e-05,0.335533868445274,1,0,0.16764053317281,30.7
"37079",0.000185082361650935,1.41529092390668,1,1,0.175834210552127,34.84
"37081",8.8127079248276e-05,0.673891635582876,1,0,0.339341192423954,93.32
"37083",0.000117536436295252,0.898779602946379,1,0,0.247624062366527,71.97
"37085",5.97567898652484e-05,0.456949228352672,1,0,0.279295961034099,81.55
"37087",9.54244000190849e-05,0.729692911099555,1,0,0.326847158099078,91.44
"37089",7.89063578797862e-05,0.603382467943723,1,0,0.325493809019168,91.31
"37091",0.000102207686017989,0.781563456854844,1,0,0.187339109407461,41.33
"37093",0,0,0,0,0.224674028668289,61.63
"37095",0.000859106529209622,6.56943029370085,1,1,0.176747479169577,35.48
"37097",0.00011033873993159,0.843740137026127,1,0,0.36545363097581,96.66
"37099",0.000115968920329352,0.886793095427089,1,0,0.207864345339564,53.67
"37101",4.20179836970223e-05,0.321303826236076,1,0,0.341446772866792,93.76
"37103",0,0,0,0,0.186927391799519,41.08
"37105",6.44849266483959e-05,0.493104424431262,1,0,0.218848306962234,58.77
"37107",3.14702920443102e-05,0.240647559852335,1,0,0.180697064025673,37.77
"37109",9.33300149328024e-05,0.713677531906526,1,0,0.31404827531056,89.91
"37111",0.000231160425335183,1.7676414382496,1,1,0.210895539440226,54.82
"37113",6.96427327808343e-05,0.532545223335037,1,0,0.295006061808889,85.46
"37115",0.000181159420289855,1.38529290975866,1,1,0.239675003274305,68.44
"37117",0.00013696753869333,1.04736568440868,1,1,0.229941232690299,63.95
"37119",0.000160015584126454,1.22360986685979,1,1,0.332274359232533,92.08
"37121",0.000170386777986028,1.30291648694288,1,1,0.186325928651764,40.85
"37123",9.87849451743554e-05,0.755390384457946,1,0,0.171106131602605,32.61
"37125",2.19375219375219e-05,0.167752212659437,1,0,0.305655840208543,87.85
"37127",6.74794187772729e-05,0.516002757335089,1,0,0.251168316636283,73.05
"37129",0.000110555263812498,0.845395855489654,1,0,0.369270308736711,97.1
"37131",0,0,0,0,0.155849511491,23.8
"37133",9.0449534184899e-05,0.691651023153172,1,0,0.140915016114855,16.83
"37135",2.16284024180554e-05,0.165388432305648,1,0,0.15022453472303,21.35
"37137",0.000225326723749437,1.72303219059662,1,1,0.166868811574746,30.1
"37139",5.23944252331552e-05,0.400650574340762,1,0,0.214261646947106,56.44
"37141",0.000111203780928552,0.8503549471079,1,0,0.31780132763166,90.55
"37143",0,0,0,0,0.215611183771954,57.24
"37145",0.000366535324841932,2.80282850247147,1,1,0.253177283792922,73.69
"37147",0.000317453367195026,2.42750776112363,1,1,0.24202996804869,69.33
"37149",0.000151194436044754,1.15615616296761,1,1,0.264161971981089,77.16
"37151",7.96273440299399e-05,0.608895716993892,1,0,0.291795974567097,84.86
"37153",6.31074088097943e-05,0.482570797795519,1,0,0.205578296569962,52.18
"37155",2.26157360291291e-05,0.172938391611095,1,0,0.237177773905591,67.2
"37157",3.51951571463767e-05,0.269130921123,1,0,0.233318493719437,65.38
"37159",5.17285972928701e-05,0.395559110019887,1,0,0.288355845474202,83.9
"37161",0.000142065634323057,1.0863498880335,1,1,0.277414074792781,80.97
"37163",0,0,0,0,0.216085316452491,57.46
"37165",0,0,0,0,0.183360827515815,39.26
"37167",7.69260356167545e-05,0.58823930627084,1,0,0.279552028246123,81.71
"37169",0.000105764145954521,0.80875905466608,1,0,0.237019992182229,67.07
"37171",9.19258464838364e-05,0.70294011293407,1,0,0.260902535153267,76.23
"37173",0,0,0,0,0.097802413590122,3.69
"37175",8.53898044573478e-05,0.65296019655604,1,0,0.254838122664585,74.29
"37177",0,0,0,0,0.117590945216682,8.21
"37179",0.000183646297231532,1.40430960228966,1,1,0.375432061601948,97.49
"37181",6.35768326021998e-05,0.486160395566647,1,0,0.215571841638846,57.21
"37183",9.00645000381042e-05,0.688706737547067,1,0,0.361668373568235,96.28
"37185",0.000270855904658722,2.07118549888077,1,1,0.187999412401381,41.68
"37187",0,0,0,0,0.186890974395308,41.04
"37189",3.42747463668769e-05,0.262092708454476,1,0,0.245764030720735,71.27
"37191",7.6489148102113e-05,0.58489850745714,1,0,0.243314838623115,70
"37193",4.51385754265595e-05,0.345166419692507,1,0,0.255969818888862,74.58
"37195",2.53787782656143e-05,0.194066869575103,1,0,0.248477324296723,72.32
"37197",8.50918992511913e-05,0.650682170002365,1,0,0.210498317933805,54.66
"37199",0.000177399325882562,1.35654015644275,1,1,0.235445260748966,66.21
"38001",0,0,0,0,0.0967163794490452,3.37
"38003",0,0,0,0,0.175629274009194,34.74
"38005",0,0,0,0,0.067671992296563,0.8
"38007",0,0,0,0,0.0858867997912675,1.94
"38009",0,0,0,0,0.1645040785562,28.48
"38011",0,0,0,0,0.14332390648059,17.91
"38013",0,0,0,0,0.116394202757854,7.67
"38015",0.000122742685303098,0.93859083564666,1,0,0.313401874702279,89.79
"38017",5.66227368599861e-05,0.432983698986045,1,0,0.334802550592781,92.46
"38019",0,0,0,0,0.114921406640899,7.13
"38021",0,0,0,0,0.131126824753857,12.44
"38023",0,0,0,0,0.1317840186319,12.85
"38025",0,0,0,0,0.11417195913762,6.97
"38027",0,0,0,0,0.125101649438483,10.44
"38029",0.000736377025036819,5.63094025174359,1,1,0.153458700002263,22.53
"38031",0,0,0,0,0.131551485249656,12.79
"38033",0,0,0,0,0.0954446265853781,2.96
"38035",2.09995800083998e-05,0.160579942500374,1,0,0.258467445164978,75.47
"38037",0,0,0,0,0.0964924583861,3.28
"38039",0,0,0,0,0.119455876977343,8.62
"38041",0,0,0,0,0.106997040728054,5.06
"38043",0,0,0,0,0.121975396108436,9.45
"38045",0,0,0,0,0.145044407517471,18.87
"38047",0,0,0,0,0.110408185944118,6.08
"38049",0,0,0,0,0.153551742194558,22.56
"38051",0,0,0,0,0.12634582985761,10.85
"38053",0,0,0,0,0.13792587321217,15.08
"38055",0,0,0,0,0.145331555099636,19.12
"38057",0,0,0,0,0.12515827479727,10.5
"38059",0.000207253886010363,1.58483251023167,1,1,0.295975776920276,85.71
"38061",0.000167757087736957,1.2828077272048,1,1,0.161831762080219,26.82
"38063",0,0,0,0,0.107939431155238,5.35
"38065",0,0,0,0,0.109209267914553,5.73
"38067",0.000206015657189946,1.57536400120886,1,1,0.131282125153579,12.63
"38069",0,0,0,0,0.153872219966194,22.75
"38071",0.000158654608916389,1.21320273867488,1,1,0.213965069624291,56.28
"38073",0,0,0,0,0.123482463026152,9.86
"38075",0,0,0,0,0.133569630515917,13.59
"38077",0,0,0,0,0.175688041034733,34.78
"38079",0,0,0,0,0.117405347417669,8.11
"38081",0,0,0,0,0.079552051154228,1.46
"38083",0,0,0,0,0.086340884336579,1.97
"38085",0,0,0,0,0.0535669819041627,0.29
"38087",0,0,0,0,0.0923573933674053,2.55
"38089",0.000184791647417537,1.41306788540475,1,1,0.268805658834208,78.33
"38091",0,0,0,0,0.107303414798178,5.15
"38093",0,0,0,0,0.204917781582535,51.96
"38095",0.00087260034904014,6.67261506271186,1,1,0.0942831841060296,2.74
"38097",0,0,0,0,0.119346164290572,8.56
"38099",0.000270453008789723,2.06810462795613,1,1,0.147436684438281,20.11
"38101",2.44218135638753e-05,0.186749135757633,1,0,0.279255011378548,81.51
"38103",0,0,0,0,0.155000746784918,23.32
"38105",3.43654421114128e-05,0.262786242203093,1,0,0.198434703398782,48.3
"39001",0.000127959053103007,0.97847944489671,1,0,0.223620440243184,61.02
"39003",7.39617617691653e-05,0.565572047029902,1,0,0.284446281725608,82.82
"39005",9.13909705721075e-05,0.698850014793254,1,0,0.238949852549351,67.99
"39007",5.99286848650106e-05,0.458263677935324,1,0,0.28943425794728,84.31
"39009",3.79161295214984e-05,0.289937698561757,1,0,0.170811431537767,32.45
"39011",4.14490591063583e-05,0.316953364083055,1,0,0.209018565480881,54.02
"39013",4.45097253749944e-05,0.340357718514612,1,0,0.288560200643549,83.96
"39015",0,0,0,0,0.257204097907946,75.02
"39017",8.34009807955342e-05,0.637752026243602,1,0,0.311875738007662,89.47
"39019",0.000138542532557495,1.05940937404652,1,1,0.259133389034758,75.76
"39021",8.04764204088202e-05,0.615388448564928,1,0,0.206944946265922,53.17
"39023",5.77923328838374e-05,0.441927385582804,1,0,0.247421448284774,71.91
"39025",4.29313527669257e-05,0.328288192240922,1,0,0.34600109413896,94.46
"39027",4.79478327579593e-05,0.36664829602358,1,0,0.170160157667521,31.94
"39029",0.00012293318581351,0.940047558161877,1,0,0.289350607232753,84.22
"39031",8.75426770550643e-05,0.669422819037713,1,0,0.248382478496399,72.22
"39033",6.99300699300699e-05,0.534742437892852,1,0,0.258401642521857,75.41
"39035",0.000176825922680265,1.35215544716678,1,1,0.309653277556643,88.96
"39037",9.47642738687515e-05,0.724645047322226,1,0,0.25416195413881,74.01
"39039",5.9028392656868e-05,0.451379308297491,1,0,0.230702251287505,64.4
"39041",8.19597486567708e-05,0.626731188023041,1,0,0.267493339528568,78.01
"39043",7.52520945166307e-05,0.57543898524064,1,0,0.235866705478333,66.43
"39045",0.000204918032786885,1.56697066841553,1,1,0.319649731969053,90.71
"39047",8.02310654685494e-05,0.613512264270522,1,0,0.196824527149315,47.31
"39049",9.56197970294894e-05,0.731187076253475,1,0,0.270604093676417,78.97
"39051",0.000100315995385464,0.767098045028619,1,0,0.21348320957724,56.03
"39053",0,0,0,0,0.171907236471991,32.99
"39055",6.9357747260369e-05,0.530365991251754,1,0,0.302609758767159,87.18
"39057",3.23192277859174e-05,0.247139215995899,1,0,0.168645754274512,31.05
"39059",0,0,0,0,0.215446488846875,57.17
"39061",8.36245365065583e-05,0.639461515824228,1,0,0.305418622171305,87.78
"39063",4.19542279373204e-05,0.320816297617746,1,0,0.207202536705229,53.36
"39065",0.000110558319513543,0.84541922187593,1,0,0.164285692828486,28.22
"39067",0.000229042601923958,1.75144683047819,1,1,0.18907354260876,42.63
"39069",0,0,0,0,0.181849875906923,38.34
"39071",0.00015527950310559,1.18739392265028,1,1,0.265891030784537,77.54
"39073",0,0,0,0,0.219232771823275,58.96
"39075",4.0094623311014e-05,0.306596241604899,1,0,0.300255737206629,86.8
"39077",8.2767753683165e-05,0.632909854483346,1,0,0.222980055017854,60.87
"39079",0,0,0,0,0.214963284356691,56.79
"39081",0.000214712071112638,1.64186388583068,1,1,0.248367627097031,72.19
"39083",8.1672655994773e-05,0.624535843014357,1,0,0.263753591333103,77.03
"39085",0.000119978219338643,0.917451470695609,1,0,0.335275185964466,92.55
"39087",6.4737489480158e-05,0.495035726151861,1,0,0.212505278290523,55.52
"39089",6.15263455811779e-05,0.470480696839256,1,0,0.249263354782314,72.54
"39091",9.26655237918732e-05,0.708596289845507,1,0,0.196471449084278,47.03
"39093",0.000125783903254209,0.961846472355834,1,0,0.3062941449647,88.07
"39095",8.40889661261615e-05,0.643012924070561,1,0,0.337694229608689,93.06
"39097",3.9177277179236e-05,0.29958146373625,1,0,0.141817004836598,17.24
"39099",8.6535965308693e-05,0.66172467868052,1,0,0.356756043793538,95.7
"39101",7.94565174208414e-05,0.607589437198982,1,0,0.199144204939778,48.65
"39103",0.000141962777359776,1.08556335967232,1,1,0.366834420724604,96.85
"39105",0,0,0,0,0.189445431670176,42.89
"39107",0.000176133861734919,1.34686338386046,1,1,0.218031767428245,58.42
"39109",6.54950332933086e-05,0.500828524955864,1,0,0.256453285464422,74.71
"39111",0,0,0,0,0.205732011095287,52.27
"39113",9.80046969658472e-05,0.749423969300683,1,0,0.306110923286794,87.97
"39115",0.00029120559114735,2.22679582465573,1,1,0.163128271392709,27.52
"39117",0.000138561729250381,1.05955616764137,1,1,0.277140985068006,80.75
"39119",0.000181150043993582,1.38522121093822,1,1,0.286589889353878,83.42
"39121",0.000282326369282891,2.15889804118232,1,1,0.195651561093766,46.61
"39123",6.22897720194344e-05,0.476318479000112,1,0,0.217558187201836,58.16
"39125",0.000166833500166834,1.27574522220017,1,1,0.158082371287953,25.01
"39127",0.000133475707421249,1.02066429015854,1,1,0.220856006355735,59.66
"39129",0.000109577032653956,0.837915500971706,1,0,0.188684626752973,42.19
"39131",0,0,0,0,0.16382547923456,27.97
"39133",4.55850845603319e-05,0.348580793265615,1,0,0.269152743397946,78.46
"39135",0.000154786781208885,1.18362616854234,1,1,0.212383681762986,55.46
"39137",0.000144446049400549,1.10455248618631,1,1,0.247654907366476,72
"39139",0.000130655517395849,0.999098813518638,1,0,0.289426044372842,84.25
"39141",6.19924369226954e-05,0.474044811968743,1,0,0.225488908894493,62.17
"39143",7.35997644807537e-05,0.562803920060925,1,0,0.222556802177372,60.71
"39145",7.16101543198826e-05,0.547589735534233,1,0,0.20697610516196,53.26
"39147",4.68208633767207e-05,0.358030567556316,1,0,0.215138922502605,57.02
"39149",3.50901817671416e-05,0.268328193622984,1,0,0.156431965258405,24.05
"39151",6.32802163032848e-05,0.483892225050599,1,0,0.369898569412628,97.14
"39153",0.000122403729466774,0.935998902442034,1,0,0.355768984225417,95.51
"39155",5.45092802049549e-05,0.416822482999525,1,0,0.339659883495724,93.38
"39157",2.40853585105614e-05,0.184176325582692,1,0,0.361359047781026,96.25
"39159",5.30264867301217e-05,0.405483832853503,1,0,0.185348329651327,40.34
"39161",7.92769938163945e-05,0.606216653073394,1,0,0.18052676997608,37.64
"39163",0,0,0,0,0.165687274021264,29.18
"39165",5.35575609886726e-05,0.409544860448694,1,0,0.277169615078991,80.81
"39167",7.2849129452903e-05,0.557063951472848,1,0,0.24404107121249,70.44
"39169",5.38135897251919e-05,0.411502665308233,1,0,0.300557325640718,86.83
"39171",5.6249296883789e-05,0.430128071879165,1,0,0.18679375820023,40.98
"39173",4.82526508800077e-05,0.368979184379063,1,0,0.224180058097586,61.34
"39175",8.94934669769107e-05,0.684340152306049,1,0,0.168472287348777,30.99
"40001",0.00017921146953405,1.37039728707308,1,1,0.165978887905762,29.4
"40003",0,0,0,0,0.11367410704904,6.84
"40005",0.000246913580246914,1.88810292885624,1,1,0.214556321686345,56.63
"40007",0,0,0,0,0.145135089151456,18.93
"40009",0,0,0,0,0.181763608942267,38.31
"40011",0.000283045570336824,2.16439763992861,1,1,0.151810526036477,21.76
"40013",8.13603449678627e-05,0.622147657787632,1,0,0.18912231898688,42.7
"40015",0.000120235661897319,0.919420086794252,1,0,0.157222803705494,24.63
"40017",0.000314630309386471,2.40592035507115,1,1,0.349255458546279,94.72
"40019",3.84172109104879e-05,0.29376937617625,1,0,0.254215633979483,74.04
"40021",9.15373701313561e-05,0.699969505411487,1,0,0.143388906062528,17.94
"40023",0.000161524794055888,1.23515051879628,1,1,0.155174022597195,23.45
"40025",0,0,0,0,0.0969646033844514,3.47
"40027",0.000192761352266782,1.47401075883006,1,1,0.319045686206187,90.68
"40029",0,0,0,0,0.148257158697039,20.52
"40031",3.50225895702728e-05,0.267811328472237,1,0,0.179027730518856,36.84
"40033",0,0,0,0,0.101465348349411,3.98
"40035",0,0,0,0,0.190014739339999,43.27
"40037",0.000161264312207708,1.23315866180742,1,1,0.263838601792153,77.09
"40039",6.76132521974307e-05,0.517026156989032,1,0,0.215380660056979,57.14
"40041",8.61697544161999e-05,0.658924331052804,1,0,0.270103838159091,78.68
"40043",0.000415973377703827,3.18087223871372,1,1,0.13692009081049,14.95
"40045",0.000474608448030375,3.62924388318357,1,1,0.10481874382985,4.45
"40047",0.000217060994139353,1.65982567003859,1,1,0.26509053234898,77.38
"40049",9.02445627650934e-05,0.690083644244002,1,0,0.222411684033052,60.64
"40051",0.000235432607416127,1.80031003222314,1,1,0.306757009138092,88.26
"40053",0,0,0,0,0.133849648421421,13.65
"40055",0,0,0,0,0.111973362084341,6.46
"40057",0.00108225108225108,8.27577582453224,1,1,0.146618439561196,19.63
"40059",0.000539374325782093,4.12449668924908,1,1,0.121126575521462,9.07
"40061",0,0,0,0,0.188745500027966,42.28
"40063",0,0,0,0,0.155438895373561,23.64
"40065",8.2162517459535e-05,0.628281723923079,1,0,0.154220690243626,23.04
"40067",0.000757575757575758,5.79304307717257,1,1,0.141739341293077,17.15
"40069",0.000249875062468766,1.91074884104642,1,1,0.124620256105387,10.18
"40071",5.22220481487284e-05,0.399332438344968,1,0,0.229185710767583,63.63
"40073",0.000120235661897319,0.919420086794252,1,0,0.177600600542752,35.86
"40075",0,0,0,0,0.142358341542314,17.56
"40077",0,0,0,0,0.136662743818297,14.83
"40079",0.000285632676378178,2.18418076602907,1,1,0.235188496716851,66.15
"40081",0.00032527377209151,2.4873089651527,1,1,0.220349880478155,59.31
"40083",0.000250145918452431,1.91282002714945,1,1,0.291821984018808,84.89
"40085",0,0,0,0,0.0971481733033051,3.53
"40087",0.000264288074000661,2.02096250065881,1,1,0.263160267579202,76.9
"40089",7.16075904045829e-05,0.547570129743487,1,0,0.206886358570897,53.1
"40091",0.000184195984527537,1.40851296037351,1,1,0.212495880113689,55.49
"40093",0.000693481276005548,5.30292431474881,1,1,0.162736326709234,27.3
"40095",0,0,0,0,0.150080914122423,21.25
"40097",6.17856039542787e-05,0.472463198138263,1,0,0.207412222270669,53.45
"40099",0.000183284457478006,1.40154267996111,1,1,0.164565352945491,28.51
"40101",0.000100536193029491,0.768781856085904,1,0,0.237968615419026,67.55
"40103",0,0,0,0,0.116775770921277,7.83
"40105",0.000470366886171214,3.59680943643828,1,1,0.171785733253758,32.87
"40107",0,0,0,0,0.139561325467342,15.94
"40109",0.000210242587601078,1.60768656395064,1,1,0.336520490600715,92.75
"40111",8.47098686997035e-05,0.647760852339499,1,0,0.177712463292606,35.95
"40113",0.00020599443815017,1.5752017430977,1,1,0.211030432593615,54.92
"40115",0.00013419216317767,1.02614289611752,1,1,0.197783532894301,48.11
"40117",0.000234852043212776,1.79587056408356,1,1,0.203829051414675,51.16
"40119",9.24278485107563e-05,0.706778830498213,1,0,0.217229780237932,58
"40121",0.000178826895565093,1.36745652036262,1,1,0.232346382586029,65.03
"40123",4.38577255383536e-05,0.335371995169852,1,0,0.176505464210323,35.25
"40125",0.000229981984744528,1.75863011887028,1,1,0.262212280727923,76.65
"40127",0.000318369945877109,2.43451667044501,1,1,0.204168318462519,51.48
"40129",0,0,0,0,0.131835603258314,12.95
"40131",0.00014012667451376,1.07152301746928,1,1,0.277280417135368,80.91
"40133",0.000121580547112462,0.929704177734686,1,0,0.162363394221494,27.08
"40135",0.000175024065809049,1.33837697766129,1,1,0.249163709853794,72.48
"40137",0.000117116589564912,0.895569111889417,1,0,0.227954219609893,63.32
"40139",8.02825947334618e-05,0.613906299122334,1,0,0.139531807244073,15.91
"40141",0.000493827160493827,3.77620585771249,1,1,0.13519859217273,14.16
"40143",9.63941363446862e-05,0.737108307185729,1,0,0.38640166360617,98
"40145",0.000327997900813435,2.50813987859741,1,1,0.287453277216701,83.74
"40147",0.000137387799963363,1.05057934537477,1,1,0.248434865553384,72.26
"40149",0,0,0,0,0.183995495485884,39.61
"40151",0.000245639891918448,1.87836326746937,1,1,0.15581190639719,23.77
"40153",0.000940733772342427,7.19361887287657,1,1,0.239675689250497,68.47
"41001",0,0,0,0,0.24614028140953,71.4
"41003",8.93954631802436e-05,0.683590735221168,1,0,0.230293701840147,64.14
"41005",0.000191738105930258,1.46618618149009,1,1,0.437937892769284,99.78
"41007",9.19836269144092e-05,0.70338194930486,1,0,0.276068883946105,80.46
"41009",7.17720519629656e-05,0.548827737161257,1,0,0.316677307335157,90.26
"41011",7.63446196129328e-05,0.583793324569057,1,0,0.284042218806868,82.6
"41013",0.000112485939257593,0.860159377037997,1,0,0.281046854774401,82.06
"41015",0.000126167045167802,0.964776288401185,1,0,0.280075612343965,81.77
"41017",0.000214114821400311,1.63729682665971,1,1,0.43699573477359,99.71
"41019",0.000162881608339538,1.24552582913893,1,1,0.306657318605409,88.16
"41021",0,0,0,0,0.106410536128893,4.8
"41023",0,0,0,0,0.177107663848135,35.63
"41025",0.00032051282051282,2.45090284034224,1,1,0.183924201639559,39.55
"41027",6.44496004124774e-05,0.492834291174774,1,0,0.234497631067513,65.77
"41029",0.000414389931288367,3.16876391396412,1,1,0.4213976063743,99.46
"41031",0.000504095778197858,3.85472809671974,1,1,0.21750213746443,58.1
"41033",0.00030680835634396,2.34610731265294,1,1,0.328595270288635,91.73
"41035",0.000109958582267346,0.840833140989018,1,0,0.310914576365819,89.31
"41037",0,0,0,0,0.156174319102153,23.96
"41039",0.000113736529329807,0.869722410289492,1,0,0.396635838398542,98.6
"41041",0.000282832092014707,2.16276521029541,1,1,0.258520546880405,75.5
"41043",5.49561266921907e-05,0.420239436252787,1,0,0.30013626718775,86.73
"41045",6.75812664729337e-05,0.51678156801161,1,0,0.211586133183157,55.11
"41047",6.93226114360979e-05,0.530097314038262,1,0,0.303807379414295,87.46
"41049",0,0,0,0,0.106686016454489,4.87
"41051",0.000288392471702608,2.20528441545123,1,1,0.368885665307384,97.04
"41053",0.000196255446088629,1.50072945438391,1,1,0.296633443450487,85.87
"41055",0,0,0,0,0.106375550703498,4.77
"41057",0.00017415534656914,1.33173404072933,1,1,0.233355002543906,65.42
"41059",0.00021381227282446,1.63498329310836,1,1,0.243435834966234,70.09
"41061",0.000331290376014577,2.53331683348279,1,1,0.25367450401856,73.88
"41063",0,0,0,0,0.248690622797469,72.38
"41065",0,0,0,0,0.230691436511698,64.37
"41067",0.000136173236038543,1.04129179747463,1,1,0.338468094243733,93.25
"41069",0,0,0,0,0.138417641686439,15.3
"41071",0.000218588790766809,1.67150845105093,1,1,0.30425095957349,87.53
"42001",0.000130323724130741,0.996561651184355,1,0,0.286980793169411,83.65
"42003",0.000114294473660502,0.873988908405434,1,0,0.291643263795875,84.82
"42005",0.000168057811887289,1.28510730970833,1,1,0.313145251435242,89.72
"42007",0.000161125731779365,1.23209896265124,1,1,0.323746056754865,91.06
"42009",5.24906829037846e-05,0.401386639119615,1,0,0.251640422594571,73.18
"42011",5.18777138529059e-05,0.396699377045553,1,0,0.329290077084633,91.76
"42013",7.92029019943291e-05,0.605650086479098,1,0,0.315091722211033,90.1
"42015",8.16993464052288e-05,0.624739939695081,1,0,0.23777229028628,67.48
"42017",0.000198668594729094,1.51918236009802,1,1,0.441356451879615,99.9
"42019",3.07967109112747e-05,0.235496808286403,1,0,0.346291063675524,94.5
"42021",0.000210986650299217,1.61337627513706,1,1,0.304398973584074,87.56
"42023",0,0,0,0,0.109358073626455,5.89
"42025",0.000106997646051787,0.818191404008965,1,0,0.230931881029705,64.46
"42027",0.000148175588071865,1.13307158538511,1,1,0.215203600640956,57.05
"42029",0.000124176003519503,0.949551157552288,1,0,0.369209586616621,97.07
"42031",7.0997515086972e-05,0.54290499551777,1,0,0.25686305291912,74.9
"42033",0.000280872577474019,2.1477811614646,1,1,0.268926955702807,78.36
"42035",6.97982829622391e-05,0.533734687085069,1,0,0.239413655581971,68.22
"42037",7.44989942635774e-05,0.569680165526916,1,0,0.246479083378785,71.56
"42039",9.26612305411416e-05,0.70856346014342,1,0,0.282356200457234,82.31
"42041",5.28324814095706e-05,0.404000309697021,1,0,0.243023953522299,69.84
"42043",0.000136646690221953,1.04491221490766,1,1,0.209206539181809,54.12
"42045",6.84617057435344e-05,0.52351412587189,1,0,0.340373786183594,93.54
"42047",7.03482237073514e-05,0.537939983247822,1,0,0.193720465591518,45.21
"42049",6.92419544695682e-05,0.529480544986576,1,0,0.293708361428355,85.14
"42051",2.39057158566613e-05,0.182802631107738,1,0,0.302422437445795,87.15
"42053",0,0,0,0,0.120196232839549,8.88
"42055",5.90161999468854e-05,0.451286072877204,1,0,0.288666408797528,84
"42057",0,0,0,0,0.169763707328775,31.75
"42059",7.81127948758007e-05,0.597314236983892,1,0,0.174738346640899,34.3
"42061",6.79071030829825e-05,0.519273180895545,1,0,0.226522140599137,62.65
"42063",0.000257350575821913,1.96791272260639,1,1,0.294772010870345,85.4
"42065",0,0,0,0,0.257636086771041,75.18
"42067",0.000126422250316056,0.966727795432085,1,0,0.236869826303173,66.94
"42069",3.68643208670488e-05,0.281894710407454,1,0,0.272854084802199,79.7
"42071",3.86320055630088e-05,0.295411871546986,1,0,0.434045397359923,99.68
"42073",3.2932652725177e-05,0.25182996416492,1,0,0.293905591642897,85.21
"42075",5.01060578223907e-05,0.38315184783798,1,0,0.290249967933411,84.54
"42077",0.000109898161037439,0.840371110909348,1,0,0.259382084860124,75.79
"42079",0.000101892656086813,0.779154480665134,1,0,0.277986751879416,81.23
"42081",0.000128240359073005,0.980630540131438,1,0,0.307648384029079,88.45
"42083",6.59978880675818e-05,0.504673763322848,1,0,0.219909735857823,59.21
"42085",2.07615330315991e-05,0.158759640864257,1,0,0.279001791629645,81.48
"42087",0.000790680512360972,6.04618907427214,1,1,0.281348162459443,82.12
"42089",3.1564162050408e-05,0.241365366597787,1,0,0.272275299102864,79.51
"42091",0.000136799890560088,1.04608370983655,1,1,0.353151033081731,95.16
"42093",5.53250345781466e-05,0.42306040729559,1,0,0.0842828996918147,1.75
"42095",5.92031259250488e-05,0.452715461598946,1,0,0.298337762804369,86.41
"42097",0.000197856553998351,1.51297283334565,1,1,0.273704833781022,79.92
"42099",0.000101378751013788,0.775224742687327,1,0,0.270609712023916,79
"42101",0.000442892807569261,3.38672018892059,1,1,0.219509487894382,59.08
"42103",0.000205380981721093,1.57051075413181,1,1,0.250177604296032,72.83
"42105",0.000180147721131328,1.37755663157409,1,1,0.201458134067011,50.11
"42107",5.43576734915746e-05,0.415663174227276,1,0,0.274195426220253,80.21
"42109",0.000109463083575064,0.837044153233845,1,0,0.259419286756847,75.82
"42111",0.00018836648583484,1.44040402009264,1,1,0.309500853648769,88.86
"42113",0,0,0,0,0.175545330965803,34.65
"42115",9.47597839476926e-05,0.724610713718165,1,0,0.292300672670535,84.98
"42117",7.1301247771836e-05,0.545227583733889,1,0,0.249553998498862,72.64
"42119",0.000149224035017907,1.14108886717088,1,1,0.216319649892149,57.62
"42121",0.00022375118867819,1.71098436244734,1,1,0.282160137941557,82.21
"42123",6.77690431011114e-05,0.518217461498224,1,0,0.214494321695914,56.57
"42125",0.000146382266833961,1.11935838630436,1,1,0.357780766540207,95.96
"42127",0,0,0,0,0.306158230909948,88.01
"42129",0.00018866078790335,1.4426544941126,1,1,0.376425201213129,97.68
"42131",0.000192363181687025,1.47096602132688,1,1,0.223752233393843,61.09
"42133",0.000143573596320555,1.09788099726302,1,1,0.351011932079741,94.94
"44001",0.000162451941300699,1.24224024398134,1,1,0.304568151116629,87.62
"44003",2.40081627753436e-05,0.183586023932964,1,0,0.333476944101121,92.27
"44005",1.98902060625348e-05,0.152096763105016,1,0,0.240822658168897,68.82
"44007",5.26157779242766e-05,0.402343217831649,1,0,0.303753496296391,87.43
"44009",0.000504316354682726,3.85641480470356,1,1,0.299193836938547,86.57
"45001",0,0,0,0,0.193773356417879,45.34
"45003",1.34473670055403e-05,0.10282955276569,1,0,0.224286811821574,61.44
"45005",0,0,0,0,0.116436980456065,7.76
"45007",6.02903583658901e-05,0.46102932896034,1,0,0.298269503952111,86.35
"45009",0,0,0,0,0.165892559423869,29.27
"45011",0,0,0,0,0.166133217210778,29.49
"45013",0.000342412795192966,2.61836793600086,1,1,0.32301741705139,91
"45015",0.000128937426666839,0.985960888361823,1,0,0.324240310495656,91.09
"45017",0,0,0,0,0.141974119679474,17.47
"45019",0.000114242555986786,0.87359190346263,1,0,0.337013513865619,92.84
"45021",4.9297510475721e-05,0.376969034353847,1,0,0.222891254989787,60.83
"45023",0,0,0,0,0.179241062453801,37
"45025",0.000185185185185185,1.41607719664218,1,1,0.174959092897805,34.39
"45027",0.000120743781695243,0.923305585832865,1,0,0.22164953962875,60.1
"45029",8.11424862057773e-05,0.620481731732213,1,0,0.260886986671336,76.2
"45031",4.40412225843389e-05,0.336775163475196,1,0,0.196035505270855,46.77
"45033",0,0,0,0,0.172197575724061,33.22
"45035",0.00035180663052026,2.69020087437922,1,1,0.342949430892389,94.05
"45037",0,0,0,0,0.189769780355509,43.08
"45039",0.000143348623853211,1.09616067400628,1,1,0.177491298700882,35.7
"45041",7.81881206182074e-05,0.597890239141061,1,0,0.235007607274415,65.99
"45043",3.38822253845633e-05,0.259091172388283,1,0,0.249794024558209,72.73
"45045",7.25897920604915e-05,0.555080845927643,1,0,0.353796383145137,95.26
"45047",3.23060024552562e-05,0.247038084314395,1,0,0.221486440141359,59.97
"45049",0,0,0,0,0.205905625204157,52.43
"45051",7.91881388350816e-05,0.605537195304029,1,0,0.371858117067781,97.3
"45053",7.83330722230926e-05,0.598998657517452,1,0,0.253732922317386,73.91
"45055",9.24941035009018e-05,0.707285470274041,1,0,0.286985676262039,83.68
"45057",6.09106136744328e-05,0.465772307712367,1,0,0.273737197530423,79.99
"45059",4.34896059841698e-05,0.332557052355736,1,0,0.201019450600328,49.73
"45061",0,0,0,0,0.175310706005338,34.55
"45063",0.0001085724755203,0.830233836543355,1,0,0.363527888015074,96.4
"45065",0,0,0,0,0.185307951723021,40.31
"45067",0.000122354092744402,0.935619339516431,1,0,0.183886138208246,39.48
"45069",0,0,0,0,0.140179815760351,16.39
"45071",6.19271736437949e-05,0.473545755627185,1,0,0.183387181577448,39.33
"45073",6.8958383615488e-05,0.527312130598062,1,0,0.279296008428378,81.58
"45075",9.37236402261864e-05,0.716687512437232,1,0,0.246403931709942,71.52
"45077",6.23558022073954e-05,0.476823399754804,1,0,0.22662429530673,62.71
"45079",7.65658677018372e-05,0.585485168185947,1,0,0.248307540830547,72.16
"45081",0,0,0,0,0.145056090664341,18.9
"45083",2.2963430736552e-05,0.175597149362599,1,0,0.284224302865829,82.72
"45085",4.28936024191992e-05,0.327999522245385,1,0,0.227902524215875,63.19
"45087",0.000119889701474643,0.916774590800598,1,0,0.158966498170738,25.61
"45089",0,0,0,0,0.184837164042828,39.99
"45091",0.00013507809202195,1.03291743174238,1,1,0.342866708571288,94.02
"46003",0.000901713255184851,6.89523612431721,1,1,0.108980070860759,5.66
"46005",0,0,0,0,0.210828898792933,54.79
"46007",0,0,0,0,0.106960900038911,5
"46009",0.000462962962962963,3.54019299160546,1,1,0.162475295477315,27.14
"46011",4.43262411347518e-05,0.338954648132438,1,0,0.200890067865396,49.67
"46013",4.32862955588261e-05,0.331002374767024,1,0,0.290648314575377,84.66
"46015",0,0,0,0,0.182759794731608,38.91
"46017",0,0,0,0,0.076698715276016,1.18
"46019",0.000282565696524442,2.16072813276852,1,1,0.26563802502876,77.51
"46021",0,0,0,0,0.112201086999025,6.52
"46023",0,0,0,0,0.173790707712802,33.82
"46025",0,0,0,0,0.104783544997272,4.42
"46027",0.000130378096479791,0.996977426579894,1,0,0.138927875157086,15.56
"46029",5.17785947289391e-05,0.39594143125707,1,0,0.268692740835896,78.3
"46031",0,0,0,0,0.0789934701742615,1.43
"46033",0.000311138767890479,2.37922117668568,1,1,0.227942576195227,63.28
"46035",0.000143513203214696,1.09741918224279,1,1,0.252624523699283,73.4
"46037",0,0,0,0,0.163208188920932,27.62
"46039",0,0,0,0,0.149420958735131,20.94
"46041",0,0,0,0,0.11338818875267,6.81
"46043",0,0,0,0,0.129824361899081,11.99
"46045",0,0,0,0,0.134520735604395,13.9
"46047",0,0,0,0,0.182086892032147,38.53
"46049",0,0,0,0,0.121802277025324,9.39
"46051",0,0,0,0,0.16133329352733,26.54
"46053",0,0,0,0,0.179021978931031,36.81
"46055",0,0,0,0,0.138196943369292,15.24
"46057",0,0,0,0,0.136093163641315,14.6
"46059",0,0,0,0,0.124047166918209,10.05
"46061",0,0,0,0,0.134488790748643,13.84
"46063",0,0,0,0,0.0965351318129109,3.31
"46065",8.24946378485398e-05,0.630821387713891,1,0,0.211840427978397,55.23
"46067",0,0,0,0,0.145151914604245,18.96
"46069",0,0,0,0,0.0866819771596436,2.04
"46071",0,0,0,0,0.100494003218187,3.88
"46073",0,0,0,0,0.0769352038115972,1.21
"46075",0,0,0,0,0.0930220427546123,2.58
"46077",0,0,0,0,0.137517755967622,15.05
"46079",0,0,0,0,0.183995330921013,39.58
"46081",0.000128410914927769,0.981934749517533,1,0,0.284168743550521,82.69
"46083",0.000173180165098424,1.32427700661568,1,1,0.293561686923212,85.11
"46085",0,0,0,0,0.106986627387684,5.03
"46087",0,0,0,0,0.163998674838822,28.13
"46089",0,0,0,0,0.102799854476897,4.2
"46091",0,0,0,0,0.122002000748338,9.48
"46093",0.000187213329589067,1.43158604546809,1,1,0.285629074003992,83.14
"46095",0,0,0,0,0.0634973949224099,0.6
"46097",0,0,0,0,0.13126272434263,12.6
"46099",5.27913422198759e-05,0.40368572584758,1,0,0.32519045368166,91.25
"46101",0,0,0,0,0.116800176918894,7.89
"46102",0,0,0,0,0.0569180528529427,0.41
"46103",0.00011080792830727,0.847327934608672,1,0,0.381707060205458,97.9
"46105",0,0,0,0,0.144935540530542,18.8
"46107",0,0,0,0,0.118491858355276,8.46
"46109",0.000234686693264492,1.79460616331091,1,1,0.152311231986674,21.89
"46111",0,0,0,0,0.0967583409623912,3.4
"46115",0,0,0,0,0.116094404518759,7.6
"46117",0,0,0,0,0.152447194813321,22.05
"46119",0,0,0,0,0.0971665097873863,3.56
"46121",0,0,0,0,0.0640950697073337,0.64
"46123",0,0,0,0,0.164692200203884,28.57
"46125",0.000294290759270159,2.25038754027893,1,1,0.180532070637858,37.67
"46127",9.24385283786282e-05,0.706860497491938,1,0,0.175775308937674,34.81
"46129",0,0,0,0,0.185177446254559,40.18
"46135",6.84790796411696e-05,0.523646980885283,1,0,0.230068620925622,64.08
"46137",0,0,0,0,0.0727135268259379,0.95
"47001",4.02204078349354e-05,0.307558092823384,1,0,0.169474513758447,31.53
"47003",4.87329434697856e-05,0.372651893853206,1,0,0.217879119006848,58.29
"47005",0,0,0,0,0.219012412281283,58.83
"47007",0.00029585798816568,2.26237185262361,1,1,0.20660405516445,52.88
"47009",0.000109928075630516,0.840599862324108,1,0,0.289432309667371,84.28
"47011",2.09222529081932e-05,0.159988636326634,1,0,0.27051553615478,78.91
"47013",0,0,0,0,0.23322383340494,65.35
"47015",0,0,0,0,0.236973975736438,67.04
"47017",0,0,0,0,0.208117917390241,53.77
"47019",0.000139450564774787,1.06635293011683,1,1,0.243727905328222,70.25
"47021",8.41892574507493e-05,0.643779833462518,1,0,0.230390586643232,64.24
"47023",0,0,0,0,0.178447874282876,36.49
"47025",9.80969197567196e-05,0.750129180092975,1,0,0.182385283878028,38.72
"47027",0,0,0,0,0.171542940932462,32.77
"47029",0,0,0,0,0.204072605123338,51.42
"47031",3.38352224665877e-05,0.258731749682551,1,0,0.218039579839876,58.45
"47033",0,0,0,0,0.145331524818116,19.09
"47035",4.3271311120727e-05,0.330887791513102,1,0,0.27373063985026,79.96
"47037",7.73446299462294e-05,0.591440220447751,1,0,0.310830278360491,89.25
"47039",0,0,0,0,0.20404628490052,51.35
"47041",0,0,0,0,0.173253201938265,33.73
"47043",9.25968794851614e-05,0.708071379403472,1,0,0.285726188170975,83.26
"47045",0,0,0,0,0.171119596120611,32.64
"47047",9.04159132007233e-05,0.691393929644466,1,0,0.283811644445643,82.56
"47049",0.000141843971631206,1.0846548740238,1,1,0.175527179431572,34.62
"47051",6.88183882733466e-05,0.526241611855192,1,0,0.217620322872626,58.26
"47053",0,0,0,0,0.232958730617869,65.32
"47055",0,0,0,0,0.209842632793691,54.31
"47057",0,0,0,0,0.193691291441066,45.18
"47059",0,0,0,0,0.225559393850435,62.2
"47061",0,0,0,0,0.189985665587628,43.24
"47063",2.69905533063428e-05,0.206391818134083,1,0,0.201257261002346,49.95
"47065",4.45219756424319e-05,0.340451394066215,1,0,0.337038648385239,92.87
"47067",0,0,0,0,0.156584824942247,24.15
"47069",0,0,0,0,0.18342451533615,39.36
"47071",0,0,0,0,0.236154226515957,66.59
"47073",0,0,0,0,0.190612334865228,43.49
"47075",0.000106382978723404,0.81349115551785,1,0,0.131259050544111,12.54
"47077",0,0,0,0,0.196943543944668,47.41
"47079",6.96912676841592e-05,0.53291636085217,1,0,0.246516645500905,71.59
"47081",0,0,0,0,0.236720292370346,66.75
"47083",0,0,0,0,0.192235608204203,44.45
"47085",0,0,0,0,0.201224110878714,49.89
"47087",0,0,0,0,0.205920737808806,52.47
"47089",5.94035879767138e-05,0.454248358195782,1,0,0.201602359950442,50.24
"47091",0,0,0,0,0.173817972997916,33.85
"47093",4.75734159751531e-05,0.363785199455451,1,0,0.365475351359102,96.69
"47095",0,0,0,0,0.111927273631497,6.43
"47097",0,0,0,0,0.138484719773697,15.4
"47099",6.98909700866648e-05,0.534443448551006,1,0,0.241909324748977,69.23
"47101",0,0,0,0,0.191101218003556,43.84
"47103",0,0,0,0,0.21610163511189,57.49
"47105",9.35191246609932e-05,0.715123619364798,1,0,0.239731240320903,68.53
"47107",0,0,0,0,0.214519343953427,56.6
"47109",0,0,0,0,0.243798228661652,70.38
"47111",0,0,0,0,0.204882844053474,51.86
"47113",4.4624263699649e-05,0.34123357210691,1,0,0.254822953993471,74.26
"47115",0.000104865771812081,0.801889352125397,1,0,0.205679957928589,52.24
"47117",0.000705218617771509,5.39267761767827,1,1,0.226385650968578,62.58
"47119",4.14439056736707e-05,0.316913956727083,1,0,0.28599841085238,83.33
"47121",0,0,0,0,0.144306022768546,18.49
"47123",0,0,0,0,0.197521685273782,47.95
"47125",0.000121786197564276,0.931276749077268,1,0,0.300894251672848,86.96
"47127",0,0,0,0,0.0909030991316171,2.35
"47129",0,0,0,0,0.150548483093061,21.41
"47131",7.36431254142426e-05,0.563135493178274,1,0,0.199288193566411,48.74
"47133",0.000137306055197034,1.04995425811723,1,1,0.239717331385365,68.5
"47135",0,0,0,0,0.16153986284733,26.66
"47137",0,0,0,0,0.210130610244263,54.53
"47139",0,0,0,0,0.204242555804043,51.57
"47141",2.23533619456366e-05,0.170932065045328,1,0,0.274805811642761,80.27
"47143",0,0,0,0,0.145163102292722,18.99
"47145",0,0,0,0,0.168670399993113,31.08
"47147",3.69795133496043e-05,0.282775566225419,1,0,0.253657144972594,73.85
"47149",0.0001065025738122,0.814405677259453,1,0,0.299893675634023,86.67
"47151",0,0,0,0,0.187600370122179,41.49
"47153",0,0,0,0,0.18206392785855,38.5
"47155",0.00011831519167061,0.904734602681944,1,0,0.217299045738515,58.03
"47157",3.10795765133469e-05,0.237659829741971,1,0,0.294532843220511,85.27
"47159",0,0,0,0,0.192401213526865,44.58
"47161",0,0,0,0,0.17069817908583,32.33
"47163",6.45152965768184e-05,0.493336657712016,1,0,0.267162721826609,77.82
"47165",2.71120268951307e-05,0.207320704421098,1,0,0.355651173182473,95.48
"47167",6.77048070412999e-05,0.517726260112917,1,0,0.25864510059484,75.6
"47169",0,0,0,0,0.159330737327636,25.8
"47171",0,0,0,0,0.157093853184626,24.5
"47173",0,0,0,0,0.238091598972418,67.67
"47175",0,0,0,0,0.176540973950708,35.32
"47177",0,0,0,0,0.227743650043147,63.09
"47179",1.39429176949568e-05,0.106618938133431,1,0,0.254990467899493,74.36
"47181",0,0,0,0,0.180446288119076,37.58
"47183",7.86410821012897e-05,0.601353952647671,1,0,0.181271671515699,38.12
"47185",0.000116686114352392,0.892277346775705,1,0,0.213420139965731,55.9
"47187",0.000175553578952296,1.34242606769366,1,1,0.337269684253538,92.97
"47189",0.000335922173550832,2.56873534098378,1,1,0.291476611685848,84.76
"48001",0.000390184687418712,2.98367084699602,1,1,0.236821333965853,66.88
"48003",0,0,0,0,0.1424764911944,17.63
"48005",0.000176144942123805,1.34694811356504,1,1,0.278567241014582,81.29
"48007",0.000129718510831496,0.99193369592266,1,0,0.282242532789798,82.25
"48009",0,0,0,0,0.166503059949947,29.94
"48011",0,0,0,0,0.13686384674815,14.92
"48013",5.84453535943892e-05,0.446920915363401,1,0,0.222377623982847,60.61
"48015",6.47584509778526e-05,0.495196014885882,1,0,0.282398457890537,82.34
"48017",0,0,0,0,0.117841456232327,8.27
"48019",0.00019485580670304,1.49002666832966,1,1,0.262954163495359,76.87
"48021",0.000393898159421328,3.0120670873217,1,1,0.341172693376162,93.67
"48023",0,0,0,0,0.138560289522535,15.43
"48025",0,0,0,0,0.167883008107632,30.8
"48027",2.24122281116577e-05,0.171382203836252,1,0,0.20405671931793,51.38
"48029",0.000178729013304141,1.3667080326391,1,1,0.325482439169677,91.28
"48031",0,0,0,0,0.22932053856496,63.67
"48033",0,0,0,0,0.0843298220578548,1.78
"48035",0,0,0,0,0.188027313915719,41.71
"48037",2.14550837821022e-05,0.164063096437765,1,0,0.290189087462931,84.51
"48039",0.000231906056964561,1.77334314676587,1,1,0.334031977595562,92.33
"48041",7.01705143498702e-06,0.0536581072336523,1,0,0.222211548503246,60.55
"48043",0,0,0,0,0.17800247639846,36.27
"48045",0,0,0,0,0.12951120503806,11.87
"48047",0,0,0,0,0.125253341146653,10.53
"48049",0,0,0,0,0.229906209344597,63.89
"48051",0,0,0,0,0.213943009313753,56.25
"48053",4.90099980396001e-05,0.374770479409321,1,0,0.335769885783699,92.65
"48055",7.99168864381044e-05,0.61110979476287,1,0,0.245399705793758,71.14
"48057",0,0,0,0,0.131225817733258,12.47
"48059",0.000271076172404446,2.0728698459929,1,1,0.226783143026486,62.74
"48061",7.9217780996786e-05,0.605763863485973,1,0,0.243329948950121,70.03
"48063",0,0,0,0,0.166342328910373,29.72
"48065",0,0,0,0,0.0603621577992675,0.51
"48067",0,0,0,0,0.188166684891403,41.81
"48069",0,0,0,0,0.0982323054548247,3.75
"48071",4.0270618556701e-05,0.307942045017227,1,0,0.178749151535233,36.62
"48073",0,0,0,0,0.220615405498674,59.5
"48075",0,0,0,0,0.141516331038272,17.05
"48077",0,0,0,0,0.169529873737433,31.66
"48079",0,0,0,0,0.146837451893911,19.76
"48081",0,0,0,0,0.125500847646666,10.59
"48083",0,0,0,0,0.1827674759645,38.94
"48085",8.60452468118613e-05,0.657972244204516,1,0,0.28665695669914,83.46
"48087",0,0,0,0,0.14947137528787,20.97
"48089",0.000111135807957324,0.849835170245364,1,0,0.213888347447337,56.22
"48091",0.000126518218623482,0.967461647503516,1,0,0.388352571661674,98.12
"48093",0.000167897918065816,1.28388463093818,1,1,0.169242513069196,31.31
"48095",0,0,0,0,0.115747230820314,7.57
"48097",5.30194581411378e-05,0.405430086520746,1,0,0.237418367474513,67.32
"48099",5.76136429106412e-05,0.440560976082721,1,0,0.210762590630034,54.76
"48101",0,0,0,0,0.140622397419968,16.61
"48103",0,0,0,0,0.116400061549739,7.7
"48105",0,0,0,0,0.132207956876327,13.04
"48107",0,0,0,0,0.127585445984949,11.29
"48109",0,0,0,0,0.096953178795831,3.44
"48111",0,0,0,0,0.13122970189307,12.5
"48113",8.67462239219164e-05,0.66333248778947,1,0,0.365718079811922,96.75
"48115",0,0,0,0,0.147839206824384,20.33
"48117",0,0,0,0,0.128266294575603,11.45
"48119",0,0,0,0,0.158879031022708,25.55
"48121",0.000101947191354878,0.779571501872545,1,0,0.406318842350706,99.05
"48123",0,0,0,0,0.171998500130262,33.03
"48125",0,0,0,0,0.146795425601391,19.73
"48127",0,0,0,0,0.14193424234653,17.31
"48129",0,0,0,0,0.158332748420024,25.2
"48131",0,0,0,0,0.110456073878783,6.11
"48133",0,0,0,0,0.2008870236451,49.63
"48135",1.1341468947058e-05,0.0867261359827132,1,0,0.26736208042462,77.92
"48137",0,0,0,0,0.164737049489042,28.6
"48139",2.69258730714343e-05,0.205897220223156,1,0,0.329956257189054,91.82
"48141",8.19037407672147e-05,0.626302905948786,1,0,0.278893659474509,81.42
"48143",0.000135196034249662,1.03381931435797,1,1,0.244815048519764,70.86
"48145",0,0,0,0,0.159728422013475,25.96
"48147",9.57395883197702e-05,0.7321030983119,1,0,0.220398710109282,59.4
"48149",8.84720870565337e-05,0.676529847108537,1,0,0.280638478830015,81.96
"48151",0,0,0,0,0.121690310461281,9.35
"48153",0,0,0,0,0.128958320671243,11.68
"48155",0,0,0,0,0.108008286005628,5.41
"48157",4.69040009112777e-05,0.358666305057421,1,0,0.330390330073487,91.89
"48159",0,0,0,0,0.131376462604878,12.69
"48161",0.000340773555972057,2.60583297388577,1,1,0.187377701314269,41.36
"48163",0,0,0,0,0.124836063258872,10.31
"48165",0.000114929318469141,0.878843450392804,1,0,0.222057874809721,60.36
"48167",9.06156988212989e-05,0.692921653696641,1,0,0.275469050149258,80.37
"48169",0,0,0,0,0.123806773244394,9.93
"48171",6.76681553660847e-05,0.517445991464866,1,0,0.300609639156517,86.89
"48173",0,0,0,0,0.102704955883675,4.17
"48175",0,0,0,0,0.16092534275276,26.38
"48177",0,0,0,0,0.141938018818414,17.34
"48179",0,0,0,0,0.183168035429826,39.23
"48181",0.000405576679340938,3.10137059036463,1,1,0.311966442533433,89.56
"48183",1.21326830215234e-05,0.092776405108682,1,0,0.307924066801634,88.55
"48185",0.000102490519626935,0.783726233664835,1,0,0.223812728814063,61.18
"48187",7.14298469615529e-05,0.546210958186238,1,0,0.300060985161901,86.7
"48189",7.74953502789833e-05,0.59259275122968,1,0,0.186168716426166,40.79
"48191",0,0,0,0,0.152476120662274,22.08
"48193",0,0,0,0,0.163648895948294,27.87
"48195",0,0,0,0,0.128092725078085,11.42
"48197",0,0,0,0,0.111081126021073,6.27
"48199",6.8161679503783e-05,0.521219880162756,1,0,0.255611622930065,74.51
"48201",0.000116058957950639,0.887481596627751,1,0,0.393173776761964,98.41
"48203",3.92634182731949e-05,0.300240168906034,1,0,0.271075242220029,79.16
"48205",0,0,0,0,0.104007338606323,4.33
"48207",0,0,0,0,0.157932506136728,24.94
"48209",3.64614192607447e-05,0.278813795610694,1,0,0.352651675019658,95.1
"48211",0,0,0,0,0.136476950403662,14.73
"48213",8.30771786990114e-05,0.635275970912004,1,0,0.31420322241584,89.98
"48215",4.38045731974418e-05,0.33496554895312,1,0,0.287518956636601,83.77
"48217",0,0,0,0,0.226912692995156,62.84
"48219",0,0,0,0,0.152606663291591,22.14
"48221",0.000134396559448078,1.02770587696458,1,1,0.34405149355492,94.18
"48223",6.11882763262559e-05,0.467895543160239,1,0,0.243768984573068,70.31
"48225",0,0,0,0,0.242629057254935,69.65
"48227",0,0,0,0,0.221580283125004,60.04
"48229",0,0,0,0,0.0921295580013719,2.48
"48231",5.18161562775273e-05,0.396228657540173,1,0,0.264476251198486,77.25
"48233",0,0,0,0,0.148469074310827,20.59
"48235",0,0,0,0,0.0945407448192218,2.8
"48237",0,0,0,0,0.165786091163703,29.24
"48239",0,0,0,0,0.137010466833601,14.99
"48241",9.31272117712796e-05,0.712126733271353,1,0,0.220874087209191,59.72
"48243",0,0,0,0,0.11505398336073,7.16
"48245",0.00029092178567792,2.22462561620661,1,1,0.311962396531657,89.53
"48247",0,0,0,0,0.115535138002514,7.51
"48249",0,0,0,0,0.15909709822982,25.71
"48251",0.00015479004840707,1.18365115220851,1,1,0.349607935106406,94.81
"48253",0,0,0,0,0.184028184223957,39.64
"48255",0,0,0,0,0.13508839825999,14.09
"48257",3.79852617184532e-05,0.290466339811129,1,0,0.311446354411548,89.41
"48259",0.000249086682165394,1.90472024124903,1,1,0.335028633110491,92.49
"48261",0,0,0,0,0.0293062287504788,0.1
"48263",0,0,0,0,0.121559292872401,9.23
"48265",0.000129774624735043,0.992362788666495,1,0,0.309729054334361,89.02
"48267",0,0,0,0,0.194461720051044,45.78
"48269",0,0,0,0,0.0714887460227443,0.89
"48271",0,0,0,0,0.0839838765281431,1.72
"48273",0,0,0,0,0.196378208170897,46.96
"48275",0,0,0,0,0.120025028656829,8.75
"48277",4.00176077474089e-05,0.306007317694497,1,0,0.242486005112361,69.55
"48279",0,0,0,0,0.129144672734527,11.74
"48281",0.00109255501794912,8.35456813377158,1,1,0.240399007630721,68.72
"48283",0,0,0,0,0.105682995887241,4.68
"48285",0,0,0,0,0.212199277084675,55.39
"48287",0.00010436234606554,0.798039747638049,1,0,0.169496376019487,31.56
"48289",0,0,0,0,0.153628289250152,22.65
"48291",3.92233771327711e-05,0.299933981638274,1,0,0.263796693802104,77.06
"48293",0,0,0,0,0.145334505526225,19.15
"48295",0,0,0,0,0.106480468908314,4.84
"48297",0,0,0,0,0.146739074183505,19.66
"48299",0.000144592249855408,1.10567045428973,1,1,0.244101132698961,70.47
"48301",0,0,0,0,0.0435494447566399,0.19
"48303",0.000133252223284378,1.01895534789235,1,1,0.35484908742096,95.32
"48305",0,0,0,0,0.121358126699116,9.16
"48307",0,0,0,0,0.171775097017073,32.83
"48309",6.58713313327966e-05,0.503706007149309,1,0,0.30701301839054,88.39
"48311",0,0,0,0,0.109946331283506,5.95
"48313",0,0,0,0,0.133422554864862,13.46
"48315",0,0,0,0,0.146346893629651,19.44
"48317",0,0,0,0,0.124808812322547,10.28
"48319",0,0,0,0,0.194832968512274,46.1
"48321",7.44158356898348e-05,0.569044267143012,1,0,0.210405891739461,54.63
"48323",0,0,0,0,0.188769105301522,42.32
"48325",7.43549706297866e-05,0.568578843175537,1,0,0.248115217346415,72.1
"48327",0,0,0,0,0.1441485563771,18.29
"48329",0.000145499100202933,1.11260497281838,1,1,0.206970042376746,53.23
"48331",0,0,0,0,0.206027261070593,52.59
"48333",0.00120336943441637,9.20194568215137,1,1,0.176656839273541,35.41
"48335",0,0,0,0,0.116588472896713,7.8
"48337",0.000162892979312592,1.24561278088741,1,1,0.257548120182362,75.09
"48339",6.76414551931727e-05,0.517241820132428,1,0,0.376016285072593,97.65
"48341",6.71231037723184e-05,0.513278081747066,1,0,0.115450903684901,7.41
"48343",0,0,0,0,0.12894711324281,11.64
"48345",0,0,0,0,0.166192941622243,29.62
"48347",3.84039325626944e-05,0.293667839082445,1,0,0.237971625267442,67.58
"48349",0,0,0,0,0.256576501112364,74.77
"48351",0,0,0,0,0.169450981048491,31.5
"48353",0,0,0,0,0.161776920447419,26.73
"48355",0.000141629171251457,1.083012334858,1,1,0.317887072068962,90.58
"48357",0.000191021967526266,1.46071000226701,1,1,0.139696751140939,16.07
"48359",0,0,0,0,0.0942684872270191,2.7
"48361",3.61715980612023e-05,0.276597585975106,1,0,0.243739815636093,70.28
"48363",0.000101564086938858,0.776641972564269,1,0,0.231030418579124,64.49
"48365",0,0,0,0,0.203580702429328,50.97
"48367",0.000176083894193144,1.34648129121948,1,1,0.411550005372121,99.27
"48369",0,0,0,0,0.0801191101186996,1.5
"48371",0,0,0,0,0.18509964139272,40.12
"48373",6.46579593948015e-05,0.494427574154131,1,0,0.243042208461702,69.87
"48375",2.353771919501e-05,0.179988628030312,1,0,0.310064880661816,89.12
"48377",0,0,0,0,0.152643058301333,22.18
"48379",0,0,0,0,0.20297632115827,50.75
"48381",0.00015729630128983,1.20281600901251,1,1,0.364016800337578,96.5
"48383",0,0,0,0,0.107534965297706,5.25
"48385",0,0,0,0,0.139696194950046,16.04
"48387",0,0,0,0,0.163169135224317,27.55
"48389",0,0,0,0,0.151711258598539,21.7
"48391",0,0,0,0,0.13846742501917,15.34
"48393",0,0,0,0,0.13102020160425,12.38
"48395",0,0,0,0,0.154007671799266,22.81
"48397",0.000102840453320718,0.786402112534996,1,0,0.33793270630714,93.16
"48399",0,0,0,0,0.156980671228541,24.37
"48401",6.553509404286e-05,0.501134862171033,1,0,0.22217551330956,60.52
"48403",0,0,0,0,0.179007060423037,36.78
"48405",0,0,0,0,0.138662176205776,15.49
"48407",0.000271370420624152,2.07511990824092,1,1,0.275507442585098,80.4
"48409",4.04236397445226e-05,0.309112170016484,1,0,0.216291920367408,57.59
"48411",0.000505561172901921,3.86593370165207,1,1,0.17186785012804,32.96
"48413",0,0,0,0,0.148868319068491,20.78
"48415",0.000139256370978972,1.06486796572452,1,1,0.157684284576336,24.82
"48417",0,0,0,0,0.124249467646779,10.09
"48419",0,0,0,0,0.188539865677221,42.09
"48421",0,0,0,0,0.0784043423833682,1.4
"48423",6.18520036183422e-05,0.472970944209047,1,0,0.357528737062973,95.86
"48425",0,0,0,0,0.166888945155795,30.16
"48427",5.17384105960265e-05,0.395634150551935,1,0,0.205850480940235,52.37
"48429",0,0,0,0,0.152395055931802,21.99
"48431",0,0,0,0,0.0803178950865374,1.56
"48433",0,0,0,0,0.158363252629409,25.26
"48435",0,0,0,0,0.121685933539114,9.32
"48437",0,0,0,0,0.14290134924997,17.75
"48439",0.000115026230404618,0.879584518215123,1,0,0.3917341429801,98.31
"48441",4.85448675938736e-05,0.371213712073972,1,0,0.290041914185195,84.44
"48443",0,0,0,0,0.108622701092456,5.57
"48445",0,0,0,0,0.161375376051495,26.57
"48447",0,0,0,0,0.117273887743683,8.08
"48449",5.3134962805526e-05,0.406313329536014,1,0,0.164844184074039,28.76
"48451",1.66883615366643e-05,0.127612844395511,1,0,0.297892062160708,86.16
"48453",0.000101399921289566,0.77538662790912,1,0,0.321460643163303,90.93
"48455",0,0,0,0,0.21357907664428,56.09
"48457",0,0,0,0,0.179724201776472,37.26
"48459",0.000103305785123967,0.789960419614441,1,0,0.223555701825885,60.96
"48461",0,0,0,0,0.0645172562989851,0.7
"48463",0,0,0,0,0.235628702561443,66.24
"48465",4.40121473526693e-05,0.336552830503402,1,0,0.187691253120343,41.58
"48467",0.00018624286069034,1.42416504752939,1,1,0.309251205427706,88.83
"48469",0.000213649851632047,1.63374128799549,1,1,0.349308640738871,94.78
"48471",3.2885001150975e-05,0.251465581303818,1,0,0.166898308516596,30.23
"48473",3.23886639676113e-05,0.2476701817609,1,0,0.18865919863356,42.16
"48475",0,0,0,0,0.144288023461666,18.45
"48477",0,0,0,0,0.241032441203921,68.95
"48479",7.34508002056622e-05,0.56166481753034,1,0,0.235114491911764,66.05
"48481",4.84425713316863e-05,0.370431471291372,1,0,0.231275224794979,64.52
"48483",0,0,0,0,0.147463992337462,20.14
"48485",7.7816167086874e-05,0.595045978605829,1,0,0.245703815427295,71.24
"48487",0,0,0,0,0.133537619061918,13.55
"48489",0,0,0,0,0.142484702126707,17.66
"48491",4.92060788432786e-05,0.376269873405179,1,0,0.352198060959758,95.07
"48493",8.30978893136114e-05,0.635434341188947,1,0,0.274448241292303,80.24
"48495",0,0,0,0,0.0979849301507139,3.72
"48497",3.86832230861475e-05,0.295803522566546,1,0,0.285201190892312,83.04
"48499",7.62718328121425e-05,0.583236737233452,1,0,0.306255019626464,88.04
"48501",0,0,0,0,0.135542249967864,14.41
"48503",0.00012388503468781,0.947326172183819,1,0,0.196836882645459,47.34
"48505",0,0,0,0,0.165177679056134,28.95
"48507",0,0,0,0,0.133235861110626,13.3
"49001",0,0,0,0,0.155400428771186,23.61
"49003",3.78601446257525e-05,0.289509592316957,1,0,0.219308132831447,59.02
"49005",4.30484007519121e-05,0.329183236746163,1,0,0.299886563306167,86.64
"49007",0.000106632544252506,0.815399537413925,1,0,0.19747747797547,47.82
"49009",0,0,0,0,0.107767934625411,5.28
"49011",0.000128708805520995,0.984212664328806,1,0,0.355892863278813,95.58
"49013",0.000102082482645978,0.78060604959859,1,0,0.206119202711997,52.62
"49015",0,0,0,0,0.133522586769258,13.52
"49017",0,0,0,0,0.131403442507372,12.73
"49019",0.000133850890108419,1.02353324345707,1,1,0.190654439358846,43.59
"49021",0.000289038225305297,2.21022237498888,1,1,0.307166665541438,88.42
"49023",0.000192678227360308,1.4733751178936,1,1,0.179122484265792,36.91
"49025",0,0,0,0,0.174230008282962,34.04
"49027",0,0,0,0,0.162081693011651,26.92
"49029",0.000261506276150628,1.99969060195287,1,1,0.225223423471017,61.98
"49031",0,0,0,0,0.0857653533205603,1.91
"49033",0,0,0,0,0.136817136773278,14.86
"49035",9.10381996285641e-05,0.69615243999379,1,0,0.42257551548237,99.55
"49037",0,0,0,0,0.152997058512079,22.34
"49039",9.37207122774133e-05,0.716665122949184,1,0,0.239453604117001,68.28
"49041",9.14829384319824e-05,0.699553276174896,1,0,0.251663823224295,73.24
"49043",0.000169952413324269,1.29959497992315,1,1,0.267412768992983,77.98
"49045",8.71345793578181e-05,0.666302170685121,1,0,0.252629483151299,73.43
"49047",6.13120784794605e-05,0.468842235552899,1,0,0.243600183915294,70.19
"49049",0.000110048913846181,0.841523890029209,1,0,0.375695168493123,97.58
"49051",7.1844241684029e-05,0.549379758737538,1,0,0.328489793443818,91.7
"49053",0.000187748375455029,1.4356774432178,1,1,0.388990027657057,98.15
"49055",0,0,0,0,0.15003454477274,21.16
"49057",4.56499410354928e-05,0.349076738853477,1,0,0.310437076547799,89.18
"50001",0.000104733975701718,0.800881531406346,1,0,0.272399242250655,79.57
"50003",0.000207007193499974,1.58294609778353,1,1,0.284360469750533,82.79
"50005",0.000233954612805116,1.78900807810991,1,1,0.306604421522482,88.13
"50007",5.9791243145361e-05,0.457212686275984,1,0,0.314930412585627,90.04
"50009",0,0,0,0,0.163933041358631,28.09
"50011",9.86874568242376e-05,0.75464490889843,1,0,0.237247856884162,67.26
"50013",0,0,0,0,0.231880637755453,64.72
"50015",6.87852524418765e-05,0.525988228220373,1,0,0.263357606663144,76.93
"50017",9.48047023132347e-05,0.7249541962332,1,0,0.247470532509263,71.94
"50019",7.78876859568502e-05,0.595592870306705,1,0,0.267708628611776,78.11
"50021",0.000207569362762056,1.58724490317604,1,1,0.342777453258451,93.92
"50023",0.000103605470368835,0.792252057798155,1,0,0.255733370715051,74.55
"50025",8.29428109318625e-05,0.634248485204478,1,0,0.284805665908535,82.95
"50027",7.28438228438228e-05,0.557023372805055,1,0,0.315766670560475,90.17
"51001",0.000128551227664224,0.983007695316595,1,0,0.174203296593465,33.95
"51003",4.01740877134248e-05,0.307203891337173,1,0,0.202418943612481,50.49
"51005",0,0,0,0,0.197175792067775,47.5
"51007",0,0,0,0,0.228517870263326,63.51
"51009",0,0,0,0,0.204711377328902,51.77
"51011",0,0,0,0,0.200068983922043,49.16
"51013",6.44575893853225e-05,0.492895381387034,1,0,0.126576960710699,10.91
"51015",2.99985000749963e-05,0.229393036204223,1,0,0.231836130008622,64.68
"51017",0,0,0,0,0.134442941529291,13.81
"51019",0.000316641787669064,2.42130176111976,1,1,0.342058073343717,93.86
"51021",0.00274348422496571,20.978921431736,1,1,0.112552855852625,6.65
"51023",7.57862826828344e-05,0.579523824317377,1,0,0.225325870543109,62.07
"51025",0,0,0,0,0.153396404737824,22.49
"51027",0.00015382248884787,1.17625240145636,1,1,0.143056319907591,17.79
"51029",0,0,0,0,0.167944061386122,30.83
"51031",9.56846234810066e-05,0.731682792256032,1,0,0.257890664109949,75.25
"51033",0.00012721027859051,0.972753703328812,1,0,0.191454878758577,44
"51035",0,0,0,0,0.22109910660682,59.85
"51036",0,0,0,0,0.156040737344659,23.89
"51037",0,0,0,0,0.15146569628558,21.64
"51041",0.000172642352868638,1.32016445498843,1,1,0.340808777991429,93.6
"51043",0.000207770621234157,1.5887838898541,1,1,0.22201202014248,60.32
"51045",0,0,0,0,0.158940304584055,25.58
"51047",0.000106050161726497,0.810946164893981,1,0,0.26695879906002,77.76
"51049",0,0,0,0,0.175852039908947,34.87
"51051",0.000269832703723691,2.0633612687177,1,1,0.124552361991056,10.15
"51053",0,0,0,0,0.135958647827551,14.48
"51057",0,0,0,0,0.225008001857395,61.79
"51059",0.000138330954040924,1.05779147187839,1,1,0.196231942972835,46.87
"51061",0.000106810980168761,0.81676400418711,1,0,0.337709322965741,93.1
"51063",0,0,0,0,0.21991165835915,59.24
"51065",0.000165562913907285,1.26602928176619,1,1,0.219691390680846,59.18
"51067",0.000219792296280015,1.68071143730266,1,1,0.285763237771918,83.3
"51069",4.61371657939053e-05,0.352802457351625,1,0,0.24223893845197,69.46
"51071",0.000155738981467061,1.19090746953244,1,1,0.155077213006637,23.39
"51073",0.000603708495040966,4.61644829953209,1,1,0.307011028387787,88.36
"51075",0.00014846340377097,1.13527245932614,1,1,0.136832513237211,14.89
"51077",0,0,0,0,0.14443604164948,18.52
"51079",0,0,0,0,0.214042632316224,56.35
"51081",0,0,0,0,0.0966012942234646,3.34
"51083",7.5052536775743e-05,0.573913003742704,1,0,0.217580718666306,58.22
"51085",0.000183970074201263,1.40678546548129,1,1,0.327255381410767,91.57
"51087",0.000101348416551644,0.774992780610714,1,0,0.324838048863569,91.19
"51089",0.000112069931637342,0.856978242952795,1,0,0.199121063347796,48.58
"51091",0,0,0,0,0.144786298335883,18.68
"51093",8.5535882302626e-05,0.654077227086459,1,0,0.242652733726532,69.68
"51095",6.06391364986963e-05,0.463696371467333,1,0,0.247388513244041,71.87
"51097",0,0,0,0,0.188399072660357,41.97
"51099",6.426735218509e-05,0.491440672356542,1,0,0.093545565606138,2.61
"51101",0,0,0,0,0.209918429859649,54.44
"51103",0.000183418928833456,1.4025709577894,1,1,0.225470987178448,62.14
"51105",0.000208376745155241,1.59341880847422,1,1,0.166765084734506,30.03
"51107",0.000123127998394776,0.941537254293201,1,0,0.276661511647963,80.62
"51109",0.000170546601858958,1.30413863082933,1,1,0.224718266161291,61.69
"51111",0,0,0,0,0.172419217307309,33.31
"51113",0,0,0,0,0.209899054616062,54.41
"51115",0,0,0,0,0.159743275478884,25.99
"51117",7.73395204949729e-05,0.591401149409729,1,0,0.227913474317148,63.25
"51119",0,0,0,0,0.195989457325913,46.74
"51121",0,0,0,0,0.177227385030253,35.67
"51125",0.000206568890725057,1.57959447673369,1,1,0.203529067055095,50.94
"51127",0.000138045278851463,1.05560696602261,1,1,0.225139789653216,61.92
"51131",0.000173943294485998,1.33011251728436,1,1,0.153604994738181,22.59
"51133",0,0,0,0,0.201100952293204,49.86
"51135",0,0,0,0,0.133372619717622,13.43
"51137",8.62663906142167e-05,0.659663290361266,1,0,0.231968125798727,64.84
"51139",0.000155062800434176,1.1857368370085,1,1,0.214149610748781,56.38
"51141",0,0,0,0,0.185045363934495,40.09
"51143",6.62076271186441e-05,0.506277599435103,1,0,0.226827316439687,62.77
"51145",0.000312956394742333,2.39312023634502,1,1,0.266521177183825,77.7
"51147",0.000103359173126615,0.790368667893312,1,0,0.187140169368395,41.23
"51149",4.35123139848577e-05,0.332730696278296,1,0,0.103496686014085,4.23
"51153",0.00024358981794561,1.86268672724579,1,1,0.337398540829075,93.03
"51155",6.18161587438957e-05,0.472696845018717,1,0,0.148721698795891,20.71
"51157",0,0,0,0,0.17842362564089,36.43
"51159",0.000314663310258024,2.40617270669219,1,1,0.195113884347149,46.33
"51161",7.26885055243264e-05,0.555835689707389,1,0,0.268268431876569,78.17
"51163",0.000142918393597256,1.09287078203055,1,1,0.232539062916261,65.19
"51165",0.000101934201472949,0.779472170624377,1,0,0.238416207370397,67.83
"51167",0.000144571345959231,1.10551060602397,1,1,0.164387986537852,28.38
"51169",0.000181620050853614,1.3888152673207,1,1,0.12277880881052,9.74
"51171",6.51720542231491e-05,0.498358763156139,1,0,0.22998638991766,64.02
"51173",7.94218092288142e-05,0.607324030010944,1,0,0.121931401160774,9.42
"51175",0.000229410415232852,1.75425943149066,1,1,0.174306334332009,34.11
"51177",0.000184191743605093,1.40848053081625,1,1,0.383372121830251,97.96
"51179",0.000114429568600526,0.875021954670762,1,0,0.2705094372925,78.84
"51181",0,0,0,0,0.108192139901408,5.44
"51183",0,0,0,0,0.157525769298416,24.75
"51185",0,0,0,0,0.190501727689641,43.43
"51187",6.6715591433718e-05,0.510161909524838,1,0,0.24495521223011,70.98
"51191",0.000216384645345566,1.65465375467776,1,1,0.245377750534334,71.11
"51193",0.000241954996370675,1.85018554606044,1,1,0.19511599648355,46.36
"51195",8.38433805651044e-05,0.641134976261238,1,0,0.156909589275205,24.31
"51197",0,0,0,0,0.199917245484505,49.06
"51199",7.44158356898348e-05,0.569044267143012,1,0,0.246920093393177,71.75
"51510",0.000406120343336333,3.10552788937181,1,1,0.232011690761568,64.87
"51520",8.98472596585804e-05,0.687045540149846,1,0,0.152343055225462,21.95
"51530",0,0,0,0,0.108550904659025,5.5
"51540",7.57097791798107e-05,0.578938816040464,1,0,0.223987710518922,61.31
"51550",0.000103887109341183,0.794405699440858,1,0,0.3416509804499,93.8
"51570",9.69649956365752e-05,0.7414735636447,1,0,0.199773602415876,49.03
"51580",0,0,0,0,0.141203634979727,16.99
"51590",0,0,0,0,0.218449872754167,58.64
"51595",0,0,0,0,0.139612241775322,15.97
"51600",0.000194992590281569,1.49107262730438,1,1,0.208279757592053,53.83
"51610",0,0,0,0,0.172802529640994,33.53
"51620",0,0,0,0,0.150201005815464,21.32
"51630",0.000184890729578819,1.41382554854635,1,1,0.236240102283277,66.66
"51640",0,0,0,0,0.173542317703893,33.76
"51650",3.19014882044247e-05,0.243944837920271,1,0,0.215770360475245,57.3
"51660",0.000550134638214089,4.20677882779303,1,1,0.238509029854389,67.93
"51670",0.000125125125125125,0.956808916650124,1,0,0.170612343240337,32.26
"51678",0,0,0,0,0.103958565109683,4.3
"51680",4.81085328501098e-05,0.36787714019794,1,0,0.196311474655483,46.9
"51683",0.000143910775319302,1.10045934331611,1,1,0.225724302368605,62.27
"51685",0,0,0,0,0.178012730573416,36.3
"51690",0,0,0,0,0.149489367442706,21.03
"51700",7.71320586546455e-05,0.589814726710919,1,0,0.135212719727841,14.19
"51710",0.000201371696615771,1.5398524851844,1,1,0.194543668461418,45.88
"51720",0.0155781905332534,119.123570047072,1,1,0.154562237638018,23.13
"51730",7.62137032238396e-05,0.582792230917445,1,0,0.202414246606426,50.46
"51735",0,0,0,0,0.153250912924323,22.43
"51740",1.88846713122958e-05,0.144407623021695,1,0,0.12882075882566,11.58
"51750",0,0,0,0,0.115207561542721,7.25
"51760",2.73127031382296e-05,0.208855238900603,1,0,0.199767499670183,49
"51770",2.8328611898017e-05,0.216623707135065,1,0,0.236921362926391,66.97
"51775",0,0,0,0,0.195084703377034,46.29
"51790",0,0,0,0,0.222641761688854,60.74
"51800",7.36449332285939e-05,0.563149317203539,1,0,0.208902904383775,53.96
"51810",0.000119906841607674,0.916905658258872,1,0,0.294909376207157,85.43
"51820",9.67398664989842e-05,0.739752042359271,1,0,0.203409740086771,50.91
"51830",0,0,0,0,0.125926995988042,10.72
"51840",3.67498438131638e-05,0.281019325341509,1,0,0.183505862300294,39.39
"53001",0,0,0,0,0.132555365883045,13.14
"53003",0.000129634430904848,0.991290752121829,1,0,0.233754636037363,65.61
"53005",0.000174547325291907,1.33473143023608,1,1,0.267610675471966,78.05
"53007",0.000120690348795108,0.922896994231137,1,0,0.260219078828523,76.07
"53009",0.000104336938754217,0.797845462581413,1,0,0.308574723469629,88.67
"53011",0.00012440429481904,0.951296859311004,1,0,0.390738209778223,98.28
"53013",0,0,0,0,0.126578993187431,10.94
"53015",6.54750212793819e-05,0.50067549675033,1,0,0.289066776065829,84.12
"53017",7.01311452416018e-05,0.53628002397558,1,0,0.230623916940481,64.33
"53019",0,0,0,0,0.165228456051226,29.02
"53021",0.000192076830732293,1.46877634801782,1,1,0.277385157799593,80.94
"53023",0,0,0,0,0.100949390427712,3.91
"53025",4.1988579106483e-05,0.321078974717324,1,0,0.196175096882485,46.83
"53027",7.4794315632012e-05,0.571938433946731,1,0,0.243504277442766,70.12
"53029",0.000132122213047069,1.01031436655561,1,1,0.300605694781568,86.86
"53031",8.88020602077968e-05,0.67905309136558,1,0,0.310057267690407,89.09
"53033",0.000139378484462112,1.06580174516645,1,1,0.308729715010613,88.71
"53035",6.35606686582343e-05,0.486036792847377,1,0,0.294632492121764,85.3
"53037",0.000154710948378114,1.18304628877332,1,1,0.296530143604872,85.84
"53039",0.000117799505242078,0.900791243004805,1,0,0.220841225293317,59.62
"53041",6.48466377018352e-05,0.495870362613825,1,0,0.306415893544211,88.1
"53043",0,0,0,0,0.163921043791251,28.03
"53045",0.000174499767333644,1.33436776323891,1,1,0.250471987747848,72.92
"53047",0.000105290866017373,0.80513996966231,1,0,0.212703601799272,55.71
"53049",0.000131078778345786,1.00233541248759,1,1,0.23925089810346,68.12
"53051",0.000260145681581686,1.98928638446092,1,1,0.193994875333324,45.4
"53053",0.000114517952516471,0.875697810289526,1,0,0.348786386684102,94.69
"53055",0.000379075056861259,2.89871753672016,1,1,0.341063488285245,93.64
"53057",3.30830052601978e-05,0.252979682464942,1,0,0.356800660708108,95.74
"53059",0.000364166059723234,2.78471116601158,1,1,0.198323608481476,48.23
"53061",0.000133323852526043,1.01950308358532,1,1,0.387299990253414,98.09
"53063",0.000103868194842407,0.794261063732686,1,0,0.403494053833123,98.89
"53065",0.000147677767112161,1.12926483967626,1,1,0.287695149818322,83.84
"53067",0.000140931415726537,1.07767672614458,1,1,0.290993415640836,84.7
"53069",0,0,0,0,0.172634854549777,33.38
"53071",8.9147747533579e-05,0.681696499037305,1,0,0.213479012589167,56
"53073",0.000111669458403127,0.853915897472673,1,0,0.404566510649257,98.95
"53075",4.52570601013758e-05,0.346072450301765,1,0,0.155016201621337,23.35
"53077",3.90438931446732e-05,0.298561500451652,1,0,0.22529391524758,62.04
"54001",0.00112561909049977,8.60740304127396,1,1,0.138867886269515,15.53
"54003",0.000339850918730317,2.59877773586825,1,1,0.249522728001298,72.61
"54005",0,0,0,0,0.159067815030847,25.68
"54007",0,0,0,0,0.165202330395555,28.99
"54009",0,0,0,0,0.160034130357898,26.03
"54011",0.000124608373682711,0.952857413006881,1,0,0.243023020587402,69.81
"54013",0,0,0,0,0.105462753533842,4.61
"54015",0,0,0,0,0.10795098599413,5.38
"54017",0,0,0,0,0.103724022230682,4.26
"54019",8.62515094014145e-05,0.659549496452285,1,0,0.237210034881847,67.23
"54021",0,0,0,0,0.105529835234216,4.65
"54023",0,0,0,0,0.209188436602341,54.09
"54025",6.76498444053579e-05,0.517305970901623,1,0,0.2500477420778,72.76
"54027",0.00018807598269701,1.43818259579985,1,1,0.241148045334368,68.98
"54029",0.000298240381747689,2.28058958003811,1,1,0.18981942979221,43.14
"54031",0.000142470437384243,1.08944534290751,1,1,0.170584638706843,32.23
"54033",7.47495888772612e-05,0.571596416644326,1,0,0.21689877190534,57.84
"54035",0.000114521300961979,0.875723415239096,1,0,0.189923857798919,43.18
"54037",9.25583117363939e-05,0.707776458891872,1,0,0.233946204067919,65.64
"54039",0.000199487033342833,1.52544081028996,1,1,0.272375434735806,79.54
"54041",0,0,0,0,0.191951748315869,44.29
"54043",0,0,0,0,0.156842210112818,24.28
"54045",8.82301041115229e-05,0.674679447844344,1,0,0.1732509966696,33.69
"54047",0,0,0,0,0.113764673335366,6.87
"54049",5.09761941173472e-05,0.389805620730376,1,0,0.256678494343612,74.83
"54051",0,0,0,0,0.158738292782332,25.49
"54053",0.000140864910550782,1.07716817324522,1,1,0.163259785140668,27.65
"54055",0.000136798905608755,1.04607617809409,1,1,0.260909169041546,76.26
"54057",0.000101337657073368,0.77491050485081,1,0,0.179171984424277,36.97
"54059",0.00018152114721365,1.38805896929893,1,1,0.15873377599883,25.45
"54061",6.0618000515253e-05,0.463534748472747,1,0,0.187076857527787,41.14
"54063",0.000382116927779901,2.92197816655246,1,1,0.194164594707744,45.56
"54065",0,0,0,0,0.223875178217022,61.22
"54067",0.000125707102451288,0.961259190681055,1,0,0.189395977690959,42.86
"54069",0.000136855070480361,1.04650566058133,1,1,0.235350778878455,66.18
"54071",0.000607533414337789,4.64569675690631,1,1,0.207661077243043,53.55
"54073",0,0,0,0,0.126308087706364,10.82
"54075",0,0,0,0,0.143781503227356,18.1
"54077",0.000237051084508712,1.81268623014526,1,1,0.229499388093889,63.73
"54079",0.000126161739349846,0.964735715782975,1,0,0.284350803330466,82.76
"54081",8.51208716377256e-05,0.650903716536244,1,0,0.236808916362998,66.85
"54083",8.65201591970929e-05,0.661603812239816,1,0,0.228724865306746,63.54
"54085",0,0,0,0,0.144255058057603,18.39
"54087",0,0,0,0,0.176215523970592,35.16
"54089",0,0,0,0,0.157142174468061,24.56
"54091",0,0,0,0,0.161177606517,26.47
"54093",0,0,0,0,0.13604982613855,14.51
"54095",0,0,0,0,0.119450911657455,8.59
"54097",0,0,0,0,0.201312928558891,50.02
"54099",0.000101750101750102,0.778064393759441,1,0,0.169511455138541,31.63
"54101",0,0,0,0,0.116776052769348,7.86
"54103",0.000189035916824197,1.4455230362699,1,1,0.164303221594366,28.25
"54105",0,0,0,0,0.128283121261754,11.49
"54107",7.72399588053553e-05,0.590639819402764,1,0,0.273280281749226,79.83
"54109",0,0,0,0,0.140883347168706,16.77
"55001",0,0,0,0,0.185455077856816,40.41
"55003",0,0,0,0,0.202148081143817,50.37
"55005",8.14464896562958e-05,0.622806390443703,1,0,0.243063043740498,69.9
"55007",0.000191094974202178,1.46126827094741,1,1,0.223943238521331,61.28
"55009",4.66706336705287e-05,0.356881788505853,1,0,0.309164692157531,88.8
"55011",0.000223863890754421,1.71184617458424,1,1,0.199497357011766,48.81
"55013",0,0,0,0,0.20058047987489,49.44
"55015",5.35589952332494e-05,0.409555827854308,1,0,0.209351961823569,54.15
"55017",3.32027359054386e-05,0.253895240781851,1,0,0.303092513538602,87.27
"55019",0.000145953440852368,1.11607923255751,1,1,0.227249462527184,62.93
"55021",8.11523635625888e-05,0.620557262070829,1,0,0.262796141411117,76.77
"55023",0,0,0,0,0.172180293733476,33.15
"55025",7.53910912860464e-05,0.576501868080753,1,0,0.269719187656514,78.52
"55027",0.000125059403216528,0.956306353251268,1,0,0.192153638621755,44.42
"55029",6.13308800981294e-05,0.468986008087568,1,0,0.274020065407573,80.15
"55031",5.49450549450549e-05,0.420154772630098,1,0,0.252753751989216,73.46
"55033",4.89188924762743e-05,0.374073811851472,1,0,0.197134467439843,47.44
"55035",6.18936357869002e-05,0.473289297777572,1,0,0.290314688073263,84.57
"55037",0,0,0,0,0.140275428383478,16.51
"55039",3.96110197857044e-05,0.302898214013103,1,0,0.294328775445572,85.24
"55041",0,0,0,0,0.158287339320881,25.17
"55043",4.8780487804878e-05,0.373015456676478,1,0,0.260672037829108,76.17
"55045",5.7365764111978e-05,0.438665492305403,1,0,0.201083894865401,49.79
"55047",0,0,0,0,0.218012175056827,58.38
"55049",8.23248538733844e-05,0.629523080749797,1,0,0.188690994595814,42.22
"55051",0,0,0,0,0.179483251714087,37.13
"55053",0.000107365256602963,0.821002454570302,1,0,0.139661522033795,16
"55055",2.57314154851658e-05,0.196763421811692,1,0,0.25811901787601,75.34
"55057",9.53107129241327e-05,0.728823566704898,1,0,0.182239673880763,38.66
"55059",1.22559533293297e-05,0.0937190305769832,1,0,0.241851508996758,69.14
"55061",0,0,0,0,0.176702324048173,35.44
"55063",3.93066310286545e-05,0.300570608933131,1,0,0.276035187263265,80.43
"55065",0.000158077774264938,1.20879178973566,1,1,0.203588079196172,51
"55067",0.000114272654553765,0.873822061692126,1,0,0.214900631071518,56.7
"55069",8.80902043692741e-05,0.673609660136345,1,0,0.212161042727882,55.33
"55071",2.65773667145059e-05,0.203232255936528,1,0,0.251560381550854,73.15
"55073",1.28700128700129e-05,0.0984146314268699,1,0,0.297963509049679,86.29
"55075",5.10673067102441e-05,0.390502342042069,1,0,0.20340014067174,50.87
"55077",0.000198294665873488,1.51632299461983,1,1,0.174393865966484,34.17
"55078",0,0,0,0,0.0802297647244963,1.53
"55079",5.79039913221218e-05,0.442781217211447,1,0,0.281379376628314,82.15
"55081",4.10812587297675e-05,0.314140861961539,1,0,0.187651629659268,41.52
"55083",0.000183032854397364,1.39961871728156,1,1,0.231955362013474,64.81
"55085",0.000320752699668556,2.45273715231513,1,1,0.295371216279212,85.52
"55087",5.06162528787994e-05,0.387053215998167,1,0,0.33437961390223,92.36
"55089",4.20928568421939e-05,0.321876367465075,1,0,0.290571517751988,84.6
"55091",0,0,0,0,0.177848395491946,36.11
"55093",0.000467471756914686,3.57467091322218,1,1,0.25618020480852,74.61
"55095",0.000215633423180593,1.64890929635963,1,1,0.25840739637405,75.44
"55097",2.63414377156705e-05,0.20142815009003,1,0,0.254216989806749,74.07
"55099",0,0,0,0,0.170521401309496,32.2
"55101",3.56083086053412e-05,0.272290214665915,1,0,0.305840779833202,87.88
"55103",0,0,0,0,0.16440092363782,28.41
"55105",2.61756121821299e-05,0.200160112604023,1,0,0.29886702366972,86.48
"55107",0,0,0,0,0.177644098885573,35.92
"55109",0.00100842757329108,7.71126097141461,1,1,0.33229338684297,92.11
"55111",4.98280930788779e-05,0.381026302350281,1,0,0.239560960070264,68.41
"55113",0.000116918040453642,0.89405084319745,1,0,0.236048923107021,66.53
"55115",0.000138274336283186,1.05735852625384,1,1,0.262326859169307,76.68
"55117",2.99638935083225e-05,0.229128406126651,1,0,0.225064476097558,61.85
"55119",0,0,0,0,0.203591049225367,51.03
"55121",6.92664681027914e-05,0.529667996250453,1,0,0.202041869152636,50.3
"55123",0.000190168298944566,1.45418215496202,1,1,0.265563440138982,77.47
"55125",0.000102595670462706,0.784530302848855,1,0,0.267286355953956,77.89
"55127",9.82318271119843e-05,0.751160791932003,1,0,0.290137463768109,84.47
"55129",0,0,0,0,0.234760538763418,65.86
"55131",4.60603082969969e-05,0.352214742148305,1,0,0.29745400493892,86.06
"55133",3.34622248661511e-05,0.255879505342096,1,0,0.392909142674664,98.35
"55135",4.7395611166406e-05,0.362425558645803,1,0,0.225377697423154,62.11
"55137",0,0,0,0,0.197451440159278,47.79
"55139",9.85784980580036e-06,0.0753811721167543,1,0,0.206215175992525,52.72
"55141",9.96934426638088e-05,0.762337498379263,1,0,0.230311479793589,64.17
"56001",0,0,0,0,0.218290857025943,58.54
"56003",0,0,0,0,0.195243142053686,46.42
"56005",3.68554896251797e-05,0.281827179518217,1,0,0.238203818846478,67.74
"56007",0.000133904659882164,1.0239444110696,1,1,0.192704920813072,44.77
"56009",0,0,0,0,0.179147350648298,36.94
"56011",0,0,0,0,0.184818181057416,39.96
"56013",0.000113914677906248,0.871084679827737,1,0,0.273067656240542,79.73
"56015",0,0,0,0,0.214279696956356,56.47
"56017",0,0,0,0,0.170784936136534,32.42
"56019",0.000242836328314716,1.85692493003103,1,1,0.275098891328762,80.31
"56021",0.000121842961828341,0.931710815008869,1,0,0.290600423726129,84.63
"56023",0.000118008024545669,0.902385751931531,1,0,0.257763322165854,75.21
"56025",9.00982070456798e-05,0.68896448886096,1,0,0.3865702544967,98.03
"56027",0,0,0,0,0.122138787448074,9.55
"56029",0.000179683756588404,1.37400877968396,1,1,0.327842729276609,91.66
"56031",0.000242072137496974,1.85108130280024,1,1,0.197512566929989,47.92
"56033",0.0002210433244916,1.69027782092568,1,1,0.344487086556046,94.27
"56035",0.000215656674574078,1.6490870955074,1,1,0.227910250055509,63.22
"56037",4.47507383871834e-05,0.342200700880148,1,0,0.232499307789397,65.16
"56039",3.71595258444502e-05,0.284152088806354,1,0,0.262121014841117,76.61
"56041",0.000109733347964446,0.839110815523734,1,0,0.24193415620858,69.27
"56043",0.000236127508854782,1.80562381626158,1,1,0.22658340999318,62.68
"56045",0,0,0,0,0.17265450061273,33.41
