"county_geoid","industry_employment_share","location_quotient","industry_present","industry_comparative_advantage","industry_feasibility","industry_feasibility_percentile_score"
"01001",0,0,0,0,0.173908318609028,72.83
"01003",0.0024131129156612,3.14574435488035,1,1,0.301943978487556,95.1
"01005",0.000113921166552745,0.148508121712361,1,0,0.0895290016077527,24.91
"01007",0,0,0,0,0.0917676576647912,26.92
"01009",0,0,0,0,0.173888850697148,72.8
"01011",0,0,0,0,0.0876872881383501,23.48
"01013",0,0,0,0,0.0997675455698693,33.22
"01015",0,0,0,0,0.192273526355035,78.17
"01017",0,0,0,0,0.130429243449135,52.91
"01019",0,0,0,0,0.116857451785643,44.96
"01021",0,0,0,0,0.157460322459458,66.97
"01023",0,0,0,0,0.0741690052692893,14.09
"01025",0,0,0,0,0.113105320079608,42.6
"01027",0.00967874794069193,12.6172573604575,1,1,0.0700240536665937,11.45
"01029",0,0,0,0,0.0812009565716438,18.77
"01031",0,0,0,0,0.162135984878109,68.76
"01033",0.00411657559198543,5.36638561166464,1,1,0.196449442066872,79.48
"01035",0,0,0,0,0.0816306676926168,19.03
"01037",0,0,0,0,0.0770793847396159,16.23
"01039",0,0,0,0,0.144816310740423,60.99
"01041",0.0544398741834019,70.9680536627142,1,1,0.0931211296113255,28.06
"01043",0.000749583564686285,0.977160352430864,1,0,0.19597175085525,79.32
"01045",0,0,0,0,0.0990871955658549,32.64
"01047",0,0,0,0,0.149344331658207,63.12
"01049",0,0,0,0,0.151207663268035,63.92
"01051",0,0,0,0,0.16691098749904,70.66
"01053",0,0,0,0,0.133038158785881,54.69
"01055",0.00275388166177088,3.58997195502165,1,1,0.212636830316196,82.85
"01057",0,0,0,0,0.096578904193152,31.05
"01059",0,0,0,0,0.0966623140157789,31.08
"01061",0,0,0,0,0.112938802328116,42.48
"01063",0,0,0,0,0.0663565864876352,9.39
"01065",0,0,0,0,0.104712454819209,36.68
"01067",0,0,0,0,0.112497566350538,42.22
"01069",0.0025244055289777,3.29082588331116,1,1,0.266193606726327,91.38
"01071",0,0,0,0,0.144993547749792,61.09
"01073",0.00140737813165733,1.83466417344587,1,1,0.319992541113607,96.88
"01075",0,0,0,0,0.0953335349346594,30.23
"01077",0,0,0,0,0.209816829529234,82.31
"01079",0,0,0,0,0.115291040969864,43.81
"01081",0,0,0,0,0.192971783141217,78.3
"01083",0,0,0,0,0.157558763927914,67.04
"01085",0,0,0,0,0.0710811758169995,12.25
"01087",0,0,0,0,0.0617357666342098,7.16
"01089",0.000114892892091803,0.149774867296102,1,0,0.190551684241882,77.54
"01091",0,0,0,0,0.116234852638003,44.48
"01093",0,0,0,0,0.10015213675727,33.5
"01095",2.17537905980117e-05,0.0283583347993452,1,0,0.170975963297388,71.97
"01097",0.00452601585852084,5.90013370059796,1,1,0.312575544450002,96.21
"01099",0,0,0,0,0.111321225828519,41.27
"01101",0,0,0,0,0.231043586617185,86.54
"01103",0,0,0,0,0.217767941345868,83.71
"01105",0,0,0,0,0.0659347023300737,9.26
"01107",0,0,0,0,0.0886773684873233,24.47
"01109",0,0,0,0,0.0958678845316402,30.61
"01111",0.00302521008403361,3.94367685093106,1,1,0.122748023130253,48.43
"01113",0,0,0,0,0.141752379632176,59.37
"01115",0,0,0,0,0.215387991983984,83.36
"01117",4.03616402970617e-05,0.0526156075391952,1,0,0.302791761267133,95.16
"01119",0,0,0,0,0.0825743939895188,19.54
"01121",0.00208917634937897,2.7234592566124,1,1,0.148792415685946,62.77
"01123",0,0,0,0,0.11835269613716,45.78
"01125",0,0,0,0,0.187025410826787,76.55
"01127",0,0,0,0,0.167261995084591,70.86
"01129",0.000681198910081744,0.888013823154701,1,0,0.064943758777066,8.72
"01131",0,0,0,0,0.101377998162466,34.46
"01133",0,0,0,0,0.105829953330577,37.83
"02013",0,0,0,0,0.0310290989398476,0.29
"02016",0,0,0,0,0.0463460204076784,2.07
"02020",0.00172087121277964,2.24333509963182,1,1,0.280123755908423,93.06
"02050",0,0,0,0,0.0601877141456548,6.46
"02060",0,0,0,0,0.0485194906635183,2.7
"02063",0,0,0,0,0.111551350712163,41.52
"02066",0,0,0,0,0.0985380001947558,32.26
"02068",0,0,0,0,0.0547731812101615,4.2
"02070",0,0,0,0,0.0486904216331937,2.8
"02090",0,0,0,0,0.179118074539033,74.48
"02100",0,0,0,0,0.0995094104433513,33.06
"02105",0,0,0,0,0.0677062509284891,10.21
"02110",0,0,0,0,0.153152273958627,64.84
"02122",0,0,0,0,0.203705885542594,81.13
"02130",0,0,0,0,0.119805526955648,46.64
"02150",0,0,0,0,0.107823841400384,39.04
"02158",0,0,0,0,0.0324548588058526,0.51
"02164",0,0,0,0,0.0387701730228232,1.05
"02170",0.000871398453970485,1.13595876497889,1,1,0.225579433841078,85.33
"02180",0,0,0,0,0.0632066640911157,7.76
"02185",0,0,0,0,0.0579001992477354,5.41
"02188",0,0,0,0,0.0372782611510532,0.8
"02195",0,0,0,0,0.086585087965594,22.53
"02198",0,0,0,0,0.0673999295089976,10.09
"02220",0,0,0,0,0.129333111224825,52.21
"02230",0,0,0,0,0.078825195700569,17.47
"02240",0,0,0,0,0.0871611892714227,23.1
"02275",0,0,0,0,0.0612707931100721,6.94
"02282",0,0,0,0,0.0647371775270629,8.56
"02290",0,0,0,0,0.065955797279879,9.29
"04001",0,0,0,0,0.0692621666555576,11.07
"04003",0,0,0,0,0.171671580806053,72.22
"04005",0,0,0,0,0.201256879946057,80.56
"04007",0.00248687482730036,3.24190069950813,1,1,0.123389159065993,49.06
"04009",0,0,0,0,0.120490539127376,47.15
"04011",0,0,0,0,0.0314300599467746,0.35
"04012",0,0,0,0,0.0842841141311313,20.62
"04013",0.000854670571932477,1.11415222615153,1,1,0.403523405640045,99.75
"04015",0.000232615842689659,0.303239011008413,1,0,0.249151299123763,89.25
"04017",0.00170799402202092,2.22654833848482,1,1,0.172498300104722,72.48
"04019",0.00223181569865825,2.90940452459673,1,1,0.269051317104583,91.7
"04021",0,0,0,0,0.196497729558531,79.54
"04023",0,0,0,0,0.149020409822459,62.9
"04025",1.18681683855731e-05,0.0154713952502534,1,0,0.268652940029427,91.66
"04027",0,0,0,0,0.170690770022359,71.87
"05001",0,0,0,0,0.0917967312769118,26.95
"05003",0,0,0,0,0.107089251833806,38.72
"05005",0,0,0,0,0.177993597186917,74.13
"05007",0,0,0,0,0.23778896826065,87.69
"05009",0,0,0,0,0.179776059706572,74.77
"05011",0,0,0,0,0.0799081061676991,18.01
"05013",0,0,0,0,0.032564721155691,0.54
"05015",0,0,0,0,0.124885778063946,49.86
"05017",0,0,0,0,0.0833912506940339,20.01
"05019",0,0,0,0,0.100446849030968,33.76
"05021",0,0,0,0,0.103313995123957,35.7
"05023",0,0,0,0,0.141716634963151,59.34
"05025",0,0,0,0,0.060506745924748,6.59
"05027",0,0,0,0,0.110170096036142,40.5
"05029",0,0,0,0,0.121228830910145,47.47
"05031",0.00488175484538416,6.36387657084384,1,1,0.241292757456246,88.42
"05033",0,0,0,0,0.171352404665,72.13
"05035",0,0,0,0,0.155181581794945,66.05
"05037",0,0,0,0,0.0954022542096132,30.35
"05039",0,0,0,0,0.0779881170017022,16.89
"05041",0,0,0,0,0.0742502988086659,14.16
"05043",0,0,0,0,0.115906163847518,44.23
"05045",0,0,0,0,0.247908990246623,89.09
"05047",0,0,0,0,0.0875413344306218,23.32
"05049",0,0,0,0,0.0941416076491265,28.95
"05051",0,0,0,0,0.259589742090927,90.8
"05053",0,0,0,0,0.102201994707451,34.87
"05055",0,0,0,0,0.143841395937767,60.52
"05057",0,0,0,0,0.103749892203269,36.05
"05059",0,0,0,0,0.120238282014971,46.96
"05061",0,0,0,0,0.0846581574627344,20.9
"05063",0,0,0,0,0.135873438053318,56.28
"05065",0,0,0,0,0.0986805768951008,32.36
"05067",0,0,0,0,0.0881965667505234,23.96
"05069",0,0,0,0,0.152621125677562,64.46
"05071",0,0,0,0,0.0914719195536388,26.73
"05073",0,0,0,0,0.0728762666299661,13.24
"05075",0,0,0,0,0.0993093090331185,32.83
"05077",0,0,0,0,0.067809447715345,10.28
"05079",0,0,0,0,0.0578504980240924,5.38
"05081",0,0,0,0,0.0706514332887273,11.87
"05083",0,0,0,0,0.104055935634863,36.4
"05085",0.00136391190139422,1.77800140910081,1,1,0.18552426110271,76.2
"05087",0,0,0,0,0.101967621627704,34.68
"05089",0,0,0,0,0.0992549707215908,32.8
"05091",0.00738448554750686,9.62644705682999,1,1,0.162819170723853,69.07
"05093",0,0,0,0,0.103699295184442,35.98
"05095",0,0,0,0,0.0863200123369504,22.21
"05097",0,0,0,0,0.10784081772188,39.07
"05099",0,0,0,0,0.0656311028096148,9.07
"05101",0,0,0,0,0.0871774416008846,23.13
"05103",0,0,0,0,0.108442725472385,39.42
"05105",0,0,0,0,0.101812244314139,34.62
"05107",0,0,0,0,0.0990176886188301,32.58
"05109",0,0,0,0,0.0974785328717738,31.53
"05111",0,0,0,0,0.0806617797826129,18.33
"05113",0,0,0,0,0.116730413690829,44.83
"05115",0,0,0,0,0.194057319842911,78.59
"05117",0,0,0,0,0.0688617682552885,10.72
"05119",0.0020530910042922,2.67641824586487,1,1,0.313426669547021,96.28
"05121",0,0,0,0,0.0907330014614464,26.09
"05123",0,0,0,0,0.104359740283678,36.59
"05125",0.00364468809301485,4.7512310424809,1,1,0.230456385195938,86.35
"05127",0,0,0,0,0.0611748863645809,6.87
"05129",0,0,0,0,0.108070238845467,39.17
"05131",0.00269661709385576,3.51532161848558,1,1,0.278713432125753,92.84
"05133",0,0,0,0,0.0897631842601318,25.33
"05135",0,0,0,0,0.130627575633268,53.07
"05137",0,0,0,0,0.119327769610813,46.33
"05139",0,0,0,0,0.164359237922353,69.65
"05141",0,0,0,0,0.116863920402858,44.99
"05143",0.00294068285136782,3.83348678760399,1,1,0.276914220842685,92.49
"05145",0.00258748948832395,3.37306240349596,1,1,0.191710672050975,78.05
"05147",0,0,0,0,0.0482279726080918,2.55
"05149",0,0,0,0,0.0899128309582196,25.45
"06001",0.000247282164830578,0.322358091504905,1,0,0.336331401846165,98.25
"06003",0,0,0,0,0.111796119919799,41.68
"06005",0,0,0,0,0.14581540303661,61.44
"06007",0,0,0,0,0.248676550414558,89.18
"06009",0,0,0,0,0.187912338736665,76.77
"06011",0,0,0,0,0.0735659044847959,13.68
"06013",0.00314763365398513,4.1032687422097,1,1,0.3224821408409,97.14
"06015",0,0,0,0,0.104675610384417,36.65
"06017",0,0,0,0,0.239129011138069,87.94
"06019",0.000210335464031584,0.274194213753647,1,0,0.24543723500777,88.8
"06021",0,0,0,0,0.114487514775434,43.33
"06023",0.00188153075966804,2.45277157456915,1,1,0.209361844852733,82.15
"06025",0,0,0,0,0.130116411531388,52.69
"06027",0,0,0,0,0.122704004074789,48.36
"06029",0.000427405442982569,0.557167570063397,1,0,0.189936904695225,77.28
"06031",0,0,0,0,0.0914138758237345,26.66
"06033",0,0,0,0,0.134393349711017,55.46
"06035",0,0,0,0,0.0912811487775525,26.57
"06037",0.000573498288165664,0.747614830131708,1,0,0.386721261901765,99.4
"06039",0,0,0,0,0.149098083380683,63.03
"06041",1.50214431100396e-05,0.0195820177161563,1,0,0.279396072625705,92.9
"06043",0,0,0,0,0.0980265185866239,31.91
"06045",0,0,0,0,0.187741381072562,76.74
"06047",0,0,0,0,0.149398516898358,63.16
"06049",0,0,0,0,0.0888878200872495,24.63
"06051",0,0,0,0,0.106005741321226,37.89
"06053",8.82285472287413e-06,0.0115015112878818,1,0,0.140844847649247,58.83
"06055",0,0,0,0,0.173244046855823,72.64
"06057",0,0,0,0,0.2706475048101,91.85
"06059",0.000584532956011199,0.761999670500258,1,0,0.411386842436761,99.84
"06061",0,0,0,0,0.267913321262229,91.63
"06063",0,0,0,0,0.119902586687337,46.77
"06065",0.000340568687408823,0.443966802760144,1,0,0.315004706688698,96.44
"06067",0.00162481920632973,2.11812129173094,1,1,0.274652085348388,92.33
"06069",0,0,0,0,0.15658681543466,66.72
"06071",0.000635382059800664,0.828286780464445,1,0,0.343997315903533,98.5
"06073",0.000131230050137599,0.171072056650073,1,0,0.334799537930277,98.15
"06075",0,0,0,0,0.223534754056751,84.86
"06077",0.000906388790783589,1.18157231824067,1,1,0.267139640250437,91.57
"06079",0.000163482315478221,0.213116248187445,1,0,0.263377067099469,91.15
"06081",0.000141414530985852,0.184348589599631,1,0,0.219433071719942,84
"06083",4.05053446802306e-06,0.00528029411899296,1,0,0.217735002670721,83.65
"06085",8.1340292808786e-07,0.00106035554849883,1,0,0.181145798734374,75.09
"06087",0.000255221754773058,0.332708175033748,1,0,0.26634173842676,91.41
"06089",0.00011291496248714,0.147196429773416,1,0,0.266779358097554,91.5
"06091",0,0,0,0,0.122865794505231,48.52
"06093",0,0,0,0,0.139323571684846,58
"06095",0.00304274072053049,3.96652986391674,1,1,0.306404147325348,95.45
"06097",0,0,0,0,0.311640106308373,96.15
"06099",0.00102361068523295,1.33438328300707,1,1,0.277470098926391,92.65
"06101",0.000569738734094794,0.742713859307445,1,0,0.199761504892868,80.21
"06103",0.00225968274054323,2.94573212001424,1,1,0.13620975129152,56.51
"06105",0,0,0,0,0.116903981358436,45.05
"06107",0.000478213025905777,0.623400553248107,1,0,0.17813325828648,74.16
"06109",0,0,0,0,0.17486909038218,73.15
"06111",0.000419638023349489,0.54704192848891,1,0,0.336638596189273,98.28
"06113",0,0,0,0,0.202142354404704,80.78
"06115",0,0,0,0,0.109949309210957,40.38
"08001",0,0,0,0,0.309546512285982,95.86
"08003",0,0,0,0,0.128403464640579,51.67
"08005",2.63649114666273e-06,0.00343694117564067,1,0,0.31421408172082,96.34
"08007",0,0,0,0,0.164485338577217,69.74
"08009",0,0,0,0,0.0754987326116828,15.05
"08011",0,0,0,0,0.0554481112748022,4.36
"08013",0.00130477428773467,1.70090936209245,1,1,0.293878954891941,94.27
"08014",2.17912399215515e-05,0.0284071538982589,1,0,0.210782640803424,82.47
"08015",0,0,0,0,0.179030061847591,74.45
"08017",0,0,0,0,0.0863588844131767,22.27
"08019",0,0,0,0,0.119709339651374,46.58
"08021",0,0,0,0,0.0896325982874746,25.17
"08023",0,0,0,0,0.0673705203511999,10.05
"08025",0,0,0,0,0.035818459692034,0.7
"08027",0,0,0,0,0.120013589951116,46.83
"08029",0,0,0,0,0.190089462832851,77.35
"08031",1.61426493638989e-06,0.00210436270013431,1,0,0.356149131524025,98.92
"08033",0,0,0,0,0.135350238681555,56
"08035",0.00172503018802829,2.24875675761791,1,1,0.27929527691294,92.87
"08037",0,0,0,0,0.184343811258933,75.88
"08039",0,0,0,0,0.19782522200965,79.73
"08041",0.00116407086439206,1.5174877754689,1,1,0.270153041888368,91.76
"08043",0,0,0,0,0.154623896052478,65.67
"08045",0,0,0,0,0.223070670935094,84.76
"08047",0,0,0,0,0.0430731915628995,1.5
"08049",0,0,0,0,0.13849985403692,57.68
"08051",0,0,0,0,0.169140929820912,71.3
"08053",0,0,0,0,0.0783152499944079,17.21
"08055",0,0,0,0,0.0777380175630957,16.74
"08057",0,0,0,0,0.0863367315834711,22.24
"08059",0.000771139394155763,1.00526062425333,1,1,0.330809773041721,97.84
"08061",0,0,0,0,0.0776333833249542,16.61
"08063",0,0,0,0,0.0938004405670397,28.6
"08065",0,0,0,0,0.0911825513278559,26.54
"08067",0,0,0,0,0.252516556277031,89.69
"08069",0.000390912781344439,0.509595579711155,1,0,0.287859023509909,93.7
"08071",0,0,0,0,0.108440031039572,39.39
"08073",0,0,0,0,0.0774875444200342,16.51
"08075",0,0,0,0,0.121433871581177,47.57
"08077",0.00399485049172495,5.20770424847335,1,1,0.315571671099411,96.47
"08079",0,0,0,0,0.0591025589276248,5.85
"08081",0,0,0,0,0.124901812928744,49.89
"08083",0,0,0,0,0.190898211235086,77.76
"08085",0,0,0,0,0.239545013068781,88.1
"08087",0,0,0,0,0.105863130417936,37.86
"08089",0,0,0,0,0.119388481323258,46.36
"08091",0,0,0,0,0.145356631162737,61.18
"08093",0,0,0,0,0.1764552449306,73.53
"08095",0,0,0,0,0.057292581743007,5.15
"08097",0,0,0,0,0.138212351381913,57.56
"08099",0,0,0,0,0.0858488682722089,21.89
"08101",0,0,0,0,0.233452065244248,86.86
"08103",0,0,0,0,0.0647643618390563,8.59
"08105",0,0,0,0,0.0976533831595308,31.59
"08107",0,0,0,0,0.21685010539948,83.58
"08109",0,0,0,0,0.0760031227225622,15.62
"08111",0,0,0,0,0.107471554303288,38.82
"08113",0,0,0,0,0.140382331858012,58.54
"08115",0,0,0,0,0.0753295444187176,14.89
"08117",0,0,0,0,0.156031136398848,66.47
"08119",0,0,0,0,0.144838553939657,61.02
"08121",0,0,0,0,0.0884056634365719,24.24
"08123",0,0,0,0,0.266345321122614,91.44
"08125",0,0,0,0,0.0829310292960019,19.69
"09110",0.00189876080873535,2.4752327404914,1,1,0.297577336338581,94.69
"09120",7.59982368409053e-06,0.00990716277599596,1,0,0.292029964376538,94.11
"09130",0,0,0,0,0.25719073531328,90.39
"09140",0,0,0,0,0.299728024913863,94.88
"09150",0.000181345584235024,0.236402882014949,1,0,0.224739521935887,85.11
"09160",0,0,0,0,0.242310234203143,88.58
"09170",0,0,0,0,0.281617690198513,93.35
"09180",0.00111943692322762,1.45930277818061,1,1,0.203180265316234,81.04
"09190",0.000995514295055121,1.29775670817056,1,1,0.327654549731544,97.52
"10001",0,0,0,0,0.200530441770239,80.4
"10003",0.00116095434691013,1.51342506990216,1,1,0.262912188870045,91.12
"10005",0.00305429218443738,3.98158840184916,1,1,0.243105492346252,88.64
"11001",0.000282292958454859,0.367998312353537,1,0,0.135662194532675,56.22
"12001",0.00117012453468262,1.5253793660444,1,1,0.201796426583522,80.72
"12003",0,0,0,0,0.0998831527474383,33.41
"12005",0.00195318788164969,2.54618410636482,1,1,0.278408773824422,92.81
"12007",0,0,0,0,0.120319526067839,47.06
"12009",0.00128606512813783,1.67652002133499,1,1,0.294271884099257,94.37
"12011",0.00164192921596354,2.14042597373243,1,1,0.426692793791917,99.9
"12013",0,0,0,0,0.083518423613402,20.11
"12015",0,0,0,0,0.256983677499625,90.33
"12017",0,0,0,0,0.215813503505215,83.46
"12019",0,0,0,0,0.264483201919473,91.22
"12021",0.00112453593636872,1.46594987359832,1,1,0.294807193445859,94.43
"12023",0.00333046439396774,4.34160767963208,1,1,0.197200177665966,79.64
"12027",0.0217853799676623,28.3995148372157,1,1,0.133796516566458,54.95
"12029",0,0,0,0,0.0936351298992609,28.48
"12031",0.00121868867827096,1.58868779208246,1,1,0.359176608584513,99.01
"12033",0,0,0,0,0.26642627399331,91.47
"12035",0,0,0,0,0.221766809520949,84.47
"12037",0,0,0,0,0.12780835190428,51.32
"12039",0,0,0,0,0.101301502733102,34.33
"12041",0,0,0,0,0.0938265256492846,28.64
"12043",0,0,0,0,0.0962059455194509,30.8
"12045",0,0,0,0,0.132696060179083,54.47
"12047",0,0,0,0,0.0751358544249798,14.73
"12049",0,0,0,0,0.100667207795759,33.88
"12051",0,0,0,0,0.134241713344233,55.36
"12053",0.00286713286713287,3.73760671245001,1,1,0.250529720380374,89.47
"12055",0.00127234171463193,1.65863012058244,1,1,0.218359776768581,83.81
"12057",0.000106459090518845,0.138780527364419,1,0,0.381688156953187,99.3
"12059",0,0,0,0,0.105327865335851,37.35
"12061",1.51975683890578e-05,0.019811615385883,1,0,0.270157092004168,91.79
"12063",0,0,0,0,0.131037079272835,53.29
"12065",0,0,0,0,0.113350407643556,42.73
"12067",0,0,0,0,0.065307704417442,8.97
"12069",0.00256108793817444,3.33864522939527,1,1,0.288244396622302,93.73
"12071",0.00287782253726526,3.75154181231884,1,1,0.310997786175856,96.09
"12073",0.00156654178931407,2.04215060075985,1,1,0.239238165214647,87.97
"12075",0,0,0,0,0.166509946273628,70.51
"12077",0,0,0,0,0.0442897374262429,1.75
"12079",0,0,0,0,0.0970975992483964,31.37
"12081",0.00423355308080996,5.51887796820944,1,1,0.32466782344763,97.3
"12083",0.0009465814991764,1.23396770542436,1,1,0.309594627240817,95.9
"12085",0.00375957352701539,4.90099618737721,1,1,0.29025145081513,93.99
"12086",0.00043168213249639,0.562742680870839,1,0,0.402097107959519,99.71
"12087",0,0,0,0,0.188726528056198,77.06
"12089",0,0,0,0,0.228843825074412,85.87
"12091",0.000274613253002022,0.35798701536092,1,0,0.193219607246866,78.4
"12093",0,0,0,0,0.150767980909556,63.79
"12095",0.000848596348435009,1.10623384232729,1,1,0.328741937823093,97.65
"12097",0.00244849340450876,3.19186651200892,1,1,0.260182283601345,90.96
"12099",0.000572935316904847,0.746880938379615,1,0,0.352241623146919,98.79
"12101",3.60141895906987e-05,0.0469482521374218,1,0,0.308184598799089,95.7
"12103",0.000938326887848565,1.22320695866537,1,1,0.39932209660957,99.62
"12105",7.19959682257794e-05,0.0938542532139793,1,0,0.300313473035987,95.04
"12107",0,0,0,0,0.160309140822857,67.99
"12109",0.000316990701606086,0.413230439261761,1,0,0.272146414445245,92.08
"12111",0.00181832029093125,2.37037013619981,1,1,0.295227202154971,94.46
"12113",0,0,0,0,0.249366180739071,89.31
"12115",9.48730598459262e-06,0.0123676928047427,1,0,0.314798191668534,96.4
"12117",0.000151468614440849,0.197455135947624,1,0,0.350008938512816,98.76
"12119",2.23903989969101e-05,0.0291882202407214,1,0,0.175265500840145,73.24
"12121",0,0,0,0,0.13104180612933,53.32
"12123",0,0,0,0,0.104752207645231,36.75
"12125",0,0,0,0,0.0583392712602582,5.7
"12127",5.66845222911884e-05,0.0738941865709322,1,0,0.316622000453304,96.53
"12129",0,0,0,0,0.143182834977448,60.13
"12131",0,0,0,0,0.230257910628682,86.22
"12133",0,0,0,0,0.10632260985182,38.28
"13001",0,0,0,0,0.102761407373903,35.28
"13003",0,0,0,0,0.0772699825271269,16.35
"13005",0,0,0,0,0.0904782709549374,25.9
"13007",0,0,0,0,0.0856814541005138,21.83
"13009",0.000323362974939369,0.421537362131318,1,0,0.1419402708518,59.4
"13011",0,0,0,0,0.103260773171061,35.63
"13013",0.000384400335476656,0.501105927323949,1,0,0.21459898384842,83.3
"13015",5.85754451733833e-05,0.0763592017567421,1,0,0.215759498949985,83.42
"13017",0,0,0,0,0.0888035134342341,24.59
"13019",0,0,0,0,0.0961648511956697,30.77
"13021",0.00200115320693281,2.60871191028983,1,1,0.254401004187993,90.01
"13023",0.00269614451334592,3.51470556050445,1,1,0.0945195647068802,29.46
"13025",0,0,0,0,0.0791457507641366,17.66
"13027",0,0,0,0,0.0864752698291867,22.46
"13029",0,0,0,0,0.156956259687649,66.85
"13031",0.00234937710593836,3.06265807974663,1,1,0.208380968881575,81.86
"13033",0,0,0,0,0.0958998979473258,30.64
"13035",0.00510204081632653,6.65104230811786,1,1,0.106309401961786,38.24
"13037",0.0392030848329049,51.1053096631473,1,1,0.0577062077818967,5.31
"13039",0,0,0,0,0.115879644799573,44.19
"13043",0,0,0,0,0.0992182761456998,32.77
"13045",0,0,0,0,0.177630960100604,73.97
"13047",0,0,0,0,0.185301947145804,76.07
"13049",0,0,0,0,0.0817750654153895,19.31
"13051",4.21983215617599e-05,0.0550099131196101,1,0,0.254186860194363,89.88
"13053",0,0,0,0,0.0287097008742272,0.19
"13055",0.00367068694284216,4.78512325471301,1,1,0.0901672627327088,25.61
"13057",3.4649234251923e-05,0.0451688904988716,1,0,0.281946637563552,93.41
"13059",1.19136971776451e-05,0.015530746779026,1,0,0.183854854852422,75.82
"13061",0,0,0,0,0.067448289168551,10.15
"13063",0,0,0,0,0.194443738114361,78.78
"13065",0,0,0,0,0.0860308441531933,21.95
"13067",0.00164209365773442,2.1406403407308,1,1,0.352880417490753,98.82
"13069",0,0,0,0,0.132841005640627,54.53
"13071",0,0,0,0,0.123331733613146,49.03
"13073",0.000394166338194718,0.513836930386717,1,0,0.218819068105796,83.9
"13075",0,0,0,0,0.102863671125408,35.41
"13077",0,0,0,0,0.223547000761645,84.89
"13079",0,0,0,0,0.0760467719432876,15.65
"13081",0,0,0,0,0.116386427602576,44.61
"13083",0,0,0,0,0.0847275281358857,20.97
"13085",0,0,0,0,0.148430694383738,62.58
"13087",0,0,0,0,0.125059198930689,50.08
"13089",0.00259130841358409,3.37804077085739,1,1,0.29408125602444,94.3
"13091",0.00210084033613445,2.73866447981324,1,1,0.104808666734121,36.84
"13093",0.00478163850812879,6.23336448385927,1,1,0.0782645798056918,17.15
"13095",0,0,0,0,0.199541736581293,80.11
"13097",0,0,0,0,0.226271860556113,85.46
"13099",0,0,0,0,0.0759250208673585,15.49
"13101",0,0,0,0,0.0605341607977176,6.62
"13103",0,0,0,0,0.145658067077879,61.28
"13105",0,0,0,0,0.108590523788213,39.68
"13107",0.00161090458488228,2.09998213148504,1,1,0.114187033814825,43.14
"13109",0,0,0,0,0.0810900684808881,18.64
"13111",0,0,0,0,0.16160821357944,68.47
"13113",0,0,0,0,0.273150180666926,92.24
"13115",0,0,0,0,0.165199436591628,70
"13117",0,0,0,0,0.289893611052257,93.89
"13119",0,0,0,0,0.125209726864435,50.24
"13121",3.40397720696862e-05,0.0443743929820577,1,0,0.312041011982352,96.18
"13123",0,0,0,0,0.155320481649695,66.08
"13125",0,0,0,0,0.0670114980165235,9.77
"13127",0.00232935846476044,3.03656169317925,1,1,0.221921907458002,84.51
"13129",0,0,0,0,0.122471556780465,48.2
"13131",0,0,0,0,0.108342039160404,39.33
"13133",0,0,0,0,0.117562475701442,45.47
"13135",0.000109528780363501,0.142782188222223,1,0,0.428498108272731,99.94
"13137",0.0131456491391345,17.1367246440431,1,1,0.143660244486749,60.39
"13139",0,0,0,0,0.228183404110632,85.65
"13141",0.00809061488673139,10.5469602944264,1,1,0.108515591057021,39.48
"13143",0,0,0,0,0.11583557507307,44.1
"13145",0,0,0,0,0.112865558341306,42.44
"13147",0.00063351282863478,0.825850042693127,1,0,0.102247841860311,34.9
"13149",0,0,0,0,0.0864117817489246,22.34
"13151",0,0,0,0,0.191775884768543,78.08
"13153",0,0,0,0,0.13593487723344,56.35
"13155",0,0,0,0,0.0671896881763526,10.02
"13157",0,0,0,0,0.137841792589328,57.33
"13159",0,0,0,0,0.115398980424777,43.94
"13161",0,0,0,0,0.0966678851991574,31.12
"13163",0,0,0,0,0.0909326878010642,26.19
"13165",0,0,0,0,0.0734203260203651,13.62
"13167",0.0247349823321555,32.2446291404159,1,1,0.0924791573202223,27.49
"13169",0,0,0,0,0.116376154745803,44.58
"13171",0,0,0,0,0.0947959527473581,29.72
"13173",0.0033112582781457,4.3165705046063,1,1,0.0832903635283297,19.95
"13175",0,0,0,0,0.164815810450363,69.87
"13177",0.000223239200803661,0.291015580397612,1,0,0.141593465926056,59.24
"13179",0,0,0,0,0.0690837164954005,11.01
"13181",0,0,0,0,0.10850811217556,39.45
"13183",0,0,0,0,0.101001330185037,34.04
"13185",0.00565612693061926,7.37335134506417,1,1,0.218038344920976,83.74
"13187",0,0,0,0,0.144304744583707,60.71
"13189",0,0,0,0,0.114602725080711,43.4
"13191",0,0,0,0,0.102326075285002,34.97
"13193",0,0,0,0,0.0808232254321845,18.45
"13195",0,0,0,0,0.123710314855866,49.28
"13197",0,0,0,0,0.0582056382020963,5.5
"13199",0,0,0,0,0.105284842834597,37.32
"13201",0,0,0,0,0.060676237872536,6.68
"13205",0.00012385434728759,0.1614570587554,1,0,0.0910947078298176,26.41
"13207",0,0,0,0,0.116026267442948,44.42
"13209",0.00107991360691145,1.40778001338132,1,1,0.0934647936666704,28.25
"13211",0,0,0,0,0.129842180009129,52.5
"13213",0,0,0,0,0.0962960587380306,30.86
"13215",0.000158032495431873,0.206011839382267,1,0,0.214486583998726,83.2
"13217",0,0,0,0,0.197370519259925,79.67
"13219",0,0,0,0,0.194944034405433,78.97
"13221",0,0,0,0,0.0904763411509302,25.87
"13223",0,0,0,0,0.240606037360382,88.16
"13225",0,0,0,0,0.113131578860686,42.63
"13227",0,0,0,0,0.173450379904493,72.67
"13229",0,0,0,0,0.110246957585461,40.63
"13231",0.0074263170109074,9.68097873207594,1,1,0.133447248491451,54.79
"13233",0,0,0,0,0.128332701097107,51.57
"13235",0.000290023201856148,0.378075490832686,1,0,0.0768474981846817,16.07
"13237",0.000267451190157796,0.348650519494812,1,0,0.132971988160989,54.63
"13239",0,0,0,0,0.0525346787887327,3.63
"13241",0,0,0,0,0.122217924422891,48.11
"13243",0,0,0,0,0.0751390559765916,14.79
"13245",0,0,0,0,0.202222830840496,80.81
"13247",2.49053596333931e-05,0.0324667337216353,1,0,0.233894186864121,86.96
"13249",0,0,0,0,0.084320453883493,20.68
"13251",0,0,0,0,0.0891791548507839,24.85
"13253",0,0,0,0,0.0640365699926783,8.11
"13255",3.78229131207686e-05,0.0493061118949696,1,0,0.167308761435631,70.92
"13257",0,0,0,0,0.123463245128063,49.16
"13259",0,0,0,0,0.0327405961466631,0.57
"13261",0,0,0,0,0.131721947847114,53.8
"13263",0,0,0,0,0.0689497321710086,10.85
"13265",0,0,0,0,0.0311043582579157,0.32
"13267",0.000140252454417952,0.18283370159763,1,0,0.0742505657218595,14.19
"13269",0,0,0,0,0.0896064216525715,25.04
"13271",0.0112546894539391,14.6716614816839,1,1,0.0876912772171532,23.51
"13273",0,0,0,0,0.0889883862092071,24.72
"13275",0,0,0,0,0.181590143447312,75.21
"13277",0,0,0,0,0.147153019586421,61.88
"13279",0,0,0,0,0.122925885289067,48.62
"13281",0,0,0,0,0.102329302107241,35
"13283",0,0,0,0,0.0918821164819723,27.08
"13285",0,0,0,0,0.131535143384267,53.64
"13287",0,0,0,0,0.0977510769770292,31.69
"13289",0,0,0,0,0.070285599828105,11.58
"13291",0,0,0,0,0.150153530663428,63.51
"13293",0,0,0,0,0.111327142414424,41.3
"13295",0,0,0,0,0.113605116296551,42.86
"13297",0.00293638888002298,3.82788914812746,1,1,0.219687391404022,84.16
"13299",0,0,0,0,0.140088818082161,58.38
"13301",0,0,0,0,0.10426238227704,36.56
"13303",0.00392262951440552,5.11355667243905,1,1,0.106282089266491,38.18
"13305",0,0,0,0,0.123716034789202,49.35
"13307",0,0,0,0,0.0851682424368622,21.35
"13309",0,0,0,0,0.0899890415527285,25.52
"13311",0,0,0,0,0.153233985425886,64.97
"13313",0,0,0,0,0.171195310637035,72.06
"13315",0.0289757412398922,37.7729006555373,1,1,0.0781752566619119,17.12
"13317",0,0,0,0,0.0898442439958896,25.39
"13319",0,0,0,0,0.0639448897304711,8.08
"13321",0,0,0,0,0.116668899897292,44.8
"15001",0,0,0,0,0.225975197465072,85.4
"15003",0.00038766423157452,0.505360756287042,1,0,0.254299357122728,89.98
"15007",2.60159217441074e-05,0.0339144672561294,1,0,0.183765032828353,75.76
"15009",0,0,0,0,0.234068649907146,87.02
"16001",0.00169376167374732,2.20799498818454,1,1,0.397562900563549,99.59
"16003",0,0,0,0,0.105747942482439,37.7
"16005",0,0,0,0,0.248281973673514,89.12
"16007",0,0,0,0,0.115409825094656,43.97
"16009",0,0,0,0,0.10686846826298,38.53
"16011",0,0,0,0,0.167089307046955,70.73
"16013",0,0,0,0,0.209132159255226,82.12
"16015",0,0,0,0,0.121581243964063,47.66
"16017",0,0,0,0,0.244210671191946,88.67
"16019",0.000306761908935536,0.399896141230453,1,0,0.32855183852271,97.58
"16021",0,0,0,0,0.131555301066825,53.67
"16023",0,0,0,0,0.0205255033920162,0.1
"16025",0,0,0,0,0.0998391936606169,33.38
"16027",0,0,0,0,0.282025173089116,93.45
"16029",0,0,0,0,0.0890812913956915,24.79
"16031",0,0,0,0,0.136829074975728,56.79
"16033",0,0,0,0,0.0619416150426228,7.25
"16035",0,0,0,0,0.110620006721077,40.88
"16037",0,0,0,0,0.0984734976964867,32.17
"16039",0,0,0,0,0.0968859594367764,31.24
"16041",0,0,0,0,0.138544793215425,57.75
"16043",0,0,0,0,0.124418896251692,49.67
"16045",0.00966529443350635,12.5997193107427,1,1,0.184626826297251,75.98
"16047",0,0,0,0,0.0825389392855876,19.47
"16049",0,0,0,0,0.14767255003694,62.2
"16051",0,0,0,0,0.154415220105678,65.57
"16053",0,0,0,0,0.106208194453505,38.05
"16055",0,0,0,0,0.328551654089111,97.55
"16057",0,0,0,0,0.167912483452008,71.14
"16059",0,0,0,0,0.14130908324204,59.15
"16061",0,0,0,0,0.0774335738126174,16.45
"16063",0,0,0,0,0.07870413483489,17.34
"16065",0,0,0,0,0.146831770926564,61.76
"16067",0,0,0,0,0.114288149927852,43.24
"16069",0,0,0,0,0.17551658321297,73.34
"16071",0,0,0,0,0.0857538012255801,21.86
"16073",0,0,0,0,0.089731869407381,25.29
"16075",0,0,0,0,0.143068022728405,60.04
"16077",0,0,0,0,0.0522803215476522,3.47
"16079",0,0,0,0,0.119096407701122,46.23
"16081",0,0,0,0,0.175409295763842,73.27
"16083",0.00211784441182638,2.76083106587337,1,1,0.258511212376037,90.58
"16085",0,0,0,0,0.153167672370241,64.87
"16087",0,0,0,0,0.125361597553193,50.33
"17001",0,0,0,0,0.208003850983126,81.83
"17003",0,0,0,0,0.0500699141411024,3.02
"17005",0,0,0,0,0.100792856341679,33.92
"17007",0,0,0,0,0.148799550076131,62.81
"17009",0,0,0,0,0.0486347024471675,2.74
"17011",8.65351332641052e-05,0.112807571165724,1,0,0.129548610581109,52.34
"17013",0,0,0,0,0.0879153744114617,23.74
"17015",0,0,0,0,0.0989966879330903,32.52
"17017",0,0,0,0,0.0759994340122788,15.59
"17019",0.00209345320089901,2.72903457861184,1,1,0.174765052787729,73.11
"17021",0,0,0,0,0.121838569096059,47.85
"17023",0,0,0,0,0.0891320321084364,24.82
"17025",0,0,0,0,0.0862493894428911,22.11
"17027",0,0,0,0,0.12964144972939,52.4
"17029",0,0,0,0,0.123298446726987,48.97
"17031",0.000858527337791837,1.11917992268054,1,1,0.416865669895463,99.87
"17033",0,0,0,0,0.103415793751991,35.73
"17035",0,0,0,0,0.0699270043827799,11.39
"17037",0,0,0,0,0.190241768355786,77.41
"17039",0,0,0,0,0.0830081463282773,19.73
"17041",0,0,0,0,0.130925099747341,53.23
"17043",0.000793185192280063,1.03399962131735,1,1,0.429571598708413,99.97
"17045",0,0,0,0,0.0574365016239715,5.22
"17047",0,0,0,0,0.0763347516103462,15.84
"17049",0,0,0,0,0.172416416602628,72.38
"17051",0.0118067978533095,15.3913923609683,1,1,0.142847453217724,59.91
"17053",0,0,0,0,0.0774927888811482,16.54
"17055",0,0,0,0,0.138001911804234,57.43
"17057",0,0,0,0,0.120287222910908,47.03
"17059",0,0,0,0,0.0690380809742152,10.91
"17061",0,0,0,0,0.0651701150875217,8.81
"17063",0,0,0,0,0.138842074405483,57.91
"17065",0,0,0,0,0.0810155439554248,18.58
"17067",0,0,0,0,0.102745742691219,35.25
"17069",0,0,0,0,0.0457421997196926,1.88
"17071",0,0,0,0,0.077518714724766,16.58
"17073",0,0,0,0,0.12905069196271,52.08
"17075",0,0,0,0,0.103496649438256,35.83
"17077",0,0,0,0,0.137701594189478,57.24
"17079",0,0,0,0,0.084904688413773,21.16
"17081",0,0,0,0,0.125122653464368,50.14
"17083",0,0,0,0,0.0985027469804483,32.2
"17085",0,0,0,0,0.159576572301407,67.74
"17087",0,0,0,0,0.0664500558955469,9.45
"17089",0,0,0,0,0.370427571867566,99.2
"17091",0,0,0,0,0.199328127370975,80.08
"17093",0,0,0,0,0.212232836133606,82.79
"17095",0,0,0,0,0.13724652652747,56.95
"17097",0.000626819255457094,0.817124271967262,1,0,0.271544157257642,91.95
"17099",0,0,0,0,0.20619329561866,81.61
"17101",0,0,0,0,0.0688164979403571,10.69
"17103",0,0,0,0,0.134497758032563,55.58
"17105",0,0,0,0,0.11511774061957,43.65
"17107",0,0,0,0,0.0914849097821644,26.76
"17109",0,0,0,0,0.0895523273075608,24.94
"17111",1.85475419869982e-05,0.024178655347555,1,0,0.299235216205677,94.81
"17113",0,0,0,0,0.154644022893235,65.7
"17115",0.0012553765100533,1.63651420707244,1,1,0.190929397522723,77.82
"17117",0,0,0,0,0.118438829643095,45.91
"17119",0,0,0,0,0.245170577378638,88.74
"17121",0,0,0,0,0.131646589669781,53.77
"17123",0,0,0,0,0.0692529899390067,11.04
"17125",0,0,0,0,0.0832341906297641,19.92
"17127",0,0,0,0,0.0869446740598012,22.78
"17129",0,0,0,0,0.0965217155948154,30.99
"17131",0,0,0,0,0.0867511286311772,22.69
"17133",0,0,0,0,0.151246676088122,63.98
"17135",0,0,0,0,0.113049892922639,42.57
"17137",0,0,0,0,0.121556026642162,47.63
"17139",0,0,0,0,0.0918225791278969,26.98
"17141",0,0,0,0,0.13770264610219,57.27
"17143",0,0,0,0,0.195415782348624,79.1
"17145",0,0,0,0,0.0937738473570684,28.54
"17147",0,0,0,0,0.100416726607956,33.73
"17149",0,0,0,0,0.108520077481218,39.52
"17151",0,0,0,0,0.0667994642765219,9.7
"17153",0,0,0,0,0.0462967931735223,2.04
"17155",0,0,0,0,0.0829164190145305,19.66
"17157",0,0,0,0,0.105354570056415,37.38
"17159",0,0,0,0,0.113566271037588,42.83
"17161",0,0,0,0,0.200091972645121,80.27
"17163",0.00158018486259055,2.05993576964448,1,1,0.260645389842878,91.03
"17165",0,0,0,0,0.0907590860120547,26.12
"17167",0.00156897510043551,2.04532267558249,1,1,0.158237293177222,67.36
"17169",0,0,0,0,0.0710391879458511,12.15
"17171",0,0,0,0,0.0987750397343324,32.45
"17173",0,0,0,0,0.0931053562116668,28.03
"17175",0,0,0,0,0.0604766077819835,6.52
"17177",0,0,0,0,0.133667419941699,54.88
"17179",0,0,0,0,0.190917236949692,77.79
"17181",0,0,0,0,0.0832106644994952,19.89
"17183",0,0,0,0,0.15345526079316,65.07
"17185",0,0,0,0,0.0843088308728957,20.65
"17187",0,0,0,0,0.0721718948111686,12.95
"17189",0,0,0,0,0.091123437133566,26.47
"17191",0,0,0,0,0.106651194084302,38.43
"17193",0,0,0,0,0.0786400935767967,17.31
"17195",0,0,0,0,0.169651879159652,71.59
"17197",0.000673596070344156,0.87810272863842,1,0,0.336121695355829,98.22
"17199",0,0,0,0,0.156501314582123,66.66
"17201",0,0,0,0,0.25816419280669,90.55
"17203",0,0,0,0,0.109417786603013,40.03
"18001",0,0,0,0,0.152478347247262,64.4
"18003",0.000375061176136961,0.488931359121398,1,0,0.326716763681936,97.45
"18005",0.0013216679076694,1.72293195755339,1,1,0.170601296205809,71.84
"18007",0,0,0,0,0.120001797438887,46.8
"18009",0,0,0,0,0.0962652716909255,30.83
"18011",0,0,0,0,0.172227579147301,72.32
"18013",0,0,0,0,0.137237172319833,56.92
"18015",0,0,0,0,0.10607391144605,37.93
"18017",0,0,0,0,0.123535169095839,49.22
"18019",0.00343390513056644,4.47645346787023,1,1,0.25971818590041,90.84
"18021",0,0,0,0,0.113444691567146,42.79
"18023",0,0,0,0,0.11082497791999,41.01
"18025",0,0,0,0,0.080894479479202,18.52
"18027",0,0,0,0,0.13843815003971,57.65
"18029",0.0136213032273899,17.7567893551862,1,1,0.173734178702379,72.7
"18031",0,0,0,0,0.12851306318601,51.73
"18033",0.00542128786624731,7.06721413272779,1,1,0.156639403897108,66.75
"18035",0,0,0,0,0.224370736626733,84.98
"18037",0,0,0,0,0.144200554840059,60.64
"18039",0.0015867328658443,2.06847177479266,1,1,0.252757745891499,89.76
"18041",0,0,0,0,0.114315974328341,43.27
"18043",2.76671093404161e-05,0.0360669624942204,1,0,0.191216496488469,77.95
"18045",0,0,0,0,0.108699974309884,39.77
"18047",0,0,0,0,0.122431344168752,48.17
"18049",0,0,0,0,0.138817570324218,57.87
"18051",0,0,0,0,0.0978701877499197,31.72
"18053",0.00216886134779241,2.82733696258333,1,1,0.142271123005691,59.56
"18055",0.00926796507723304,12.0817590564118,1,1,0.140996639930136,58.86
"18057",0,0,0,0,0.279760616840013,93
"18059",0,0,0,0,0.198230723568115,79.83
"18061",0,0,0,0,0.145170644781335,61.12
"18063",0.00159677945327171,2.08156854928692,1,1,0.183843204611505,75.79
"18065",0,0,0,0,0.149070210111653,62.97
"18067",0,0,0,0,0.185317598427644,76.11
"18069",0,0,0,0,0.153823492848526,65.26
"18071",0,0,0,0,0.143060254298595,60.01
"18073",0,0,0,0,0.11987439222236,46.71
"18075",0,0,0,0,0.101450965861443,34.49
"18077",0,0,0,0,0.128792103913528,51.96
"18079",0,0,0,0,0.109286486136616,39.93
"18081",0.00342591960690644,4.46604350495006,1,1,0.250650982632157,89.53
"18083",0,0,0,0,0.122817013559833,48.46
"18085",0.000680135019396443,0.886626930690708,1,0,0.197685244135877,79.7
"18087",0,0,0,0,0.185611060903677,76.23
"18089",0,0,0,0,0.293157104507968,94.18
"18091",0,0,0,0,0.233938532092569,86.99
"18093",0,0,0,0,0.152677891812801,64.52
"18095",0.00397161854611986,5.17741898446196,1,1,0.228830667562812,85.81
"18097",0.000757387087795374,0.987333058651645,1,0,0.331664678244577,97.96
"18099",0,0,0,0,0.172491070458481,72.45
"18101",0,0,0,0,0.0503468303420728,3.12
"18103",0,0,0,0,0.123163437838335,48.84
"18105",0.00229876150995054,2.99667537155497,1,1,0.179774982997608,74.74
"18107",0,0,0,0,0.132491214339733,54.37
"18109",0,0,0,0,0.186557573110579,76.42
"18111",0,0,0,0,0.0884687617029519,24.34
"18113",0,0,0,0,0.176623803191476,73.62
"18115",0,0,0,0,0.0952579308868514,30.16
"18117",0,0,0,0,0.0896140718441964,25.07
"18119",0,0,0,0,0.0915250237923402,26.82
"18121",0,0,0,0,0.1153327294655,43.84
"18123",0,0,0,0,0.093467466857651,28.29
"18125",0,0,0,0,0.088075683449388,23.89
"18127",0,0,0,0,0.257895676867918,90.49
"18129",0,0,0,0,0.117396180220098,45.28
"18131",0,0,0,0,0.0808499296653699,18.49
"18133",0,0,0,0,0.116432210081717,44.67
"18135",0,0,0,0,0.114624501735118,43.46
"18137",0,0,0,0,0.139962001068043,58.32
"18139",0,0,0,0,0.115272809191842,43.78
"18141",0,0,0,0,0.290239661216643,93.95
"18143",0,0,0,0,0.0842645018658566,20.55
"18145",0,0,0,0,0.143227837135823,60.17
"18147",0,0,0,0,0.10493640295583,37
"18149",0,0,0,0,0.10491799796099,36.97
"18151",0,0,0,0,0.172652831737812,72.54
"18153",0,0,0,0,0.0869526303974345,22.81
"18155",0,0,0,0,0.0919177686118925,27.11
"18157",0.00178171597351246,2.32265259089263,1,1,0.181549562086222,75.18
"18159",0,0,0,0,0.10203948158243,34.78
"18161",0,0,0,0,0.141481297989931,59.21
"18163",0.00137708632936767,1.7951756499568,1,1,0.310813070174166,96.02
"18165",0,0,0,0,0.0751374448247529,14.76
"18167",0.00420457001394974,5.4810955178438,1,1,0.239535676620729,88.07
"18169",0,0,0,0,0.150112818911678,63.44
"18171",0,0,0,0,0.126517146566958,50.81
"18173",4.85507598193912e-05,0.0632909788994077,1,0,0.184622422818548,75.95
"18175",0,0,0,0,0.127567815556553,51.26
"18177",0.00168944862540316,2.20237247984981,1,1,0.186786690161326,76.49
"18179",0,0,0,0,0.138020866334165,57.46
"18181",0,0,0,0,0.123802677206116,49.38
"18183",0,0,0,0,0.134407222003078,55.52
"19001",0,0,0,0,0.0758937187290478,15.43
"19003",0,0,0,0,0.073348084268839,13.55
"19005",0,0,0,0,0.110193037596271,40.57
"19007",0,0,0,0,0.121902055902504,47.88
"19009",0,0,0,0,0.0777310782097821,16.67
"19011",0,0,0,0,0.153179371097886,64.91
"19013",0,0,0,0,0.220349699440977,84.28
"19015",0,0,0,0,0.132204014662332,54.18
"19017",0,0,0,0,0.110263972714718,40.66
"19019",0,0,0,0,0.135905069973079,56.32
"19021",0,0,0,0,0.0942975540728724,29.21
"19023",0,0,0,0,0.105022593251456,37.1
"19025",0,0,0,0,0.0810515906969149,18.61
"19027",0,0,0,0,0.137577960555187,57.14
"19029",0,0,0,0,0.114677796522923,43.49
"19031",0,0,0,0,0.122087037860288,48.04
"19033",0,0,0,0,0.200156806714416,80.31
"19035",0,0,0,0,0.0977478817096128,31.66
"19037",0,0,0,0,0.0922216192354919,27.36
"19039",0,0,0,0,0.0627656612498285,7.6
"19041",0,0,0,0,0.177050789226503,73.72
"19043",0,0,0,0,0.117048939349887,45.15
"19045",0,0,0,0,0.159840551210237,67.83
"19047",0.000265851389073508,0.346565011934362,1,0,0.0947435808437282,29.59
"19049",0,0,0,0,0.144435898778604,60.83
"19051",0,0,0,0,0.105014654956647,37.07
"19053",0,0,0,0,0.0969157186972442,31.28
"19055",0,0,0,0,0.122928212427345,48.65
"19057",0,0,0,0,0.181531741248111,75.15
"19059",0,0,0,0,0.140304575448035,58.48
"19061",0,0,0,0,0.258542691476104,90.61
"19063",0,0,0,0,0.0971927895150146,31.43
"19065",0,0,0,0,0.110024367107593,40.41
"19067",0,0,0,0,0.103439705958936,35.76
"19069",0,0,0,0,0.0864491454173919,22.37
"19071",0,0,0,0,0.0671487587194319,9.93
"19073",0,0,0,0,0.0838099553330741,20.27
"19075",0,0,0,0,0.0785826458037784,17.28
"19077",0,0,0,0,0.113657768650374,42.89
"19079",0,0,0,0,0.0994723590297411,32.99
"19081",0,0,0,0,0.075814162278,15.3
"19083",0,0,0,0,0.105561244565493,37.54
"19085",0,0,0,0,0.0926178171573424,27.68
"19087",0,0,0,0,0.116661216713357,44.77
"19089",0,0,0,0,0.0926141148052005,27.65
"19091",0,0,0,0,0.101247882705266,34.3
"19093",0,0,0,0,0.0732396302547411,13.49
"19095",0,0,0,0,0.0889067587824899,24.66
"19097",0,0,0,0,0.123181493150272,48.87
"19099",0,0,0,0,0.174059446902343,72.96
"19101",0,0,0,0,0.146456623149216,61.69
"19103",0,0,0,0,0.144333041273974,60.74
"19105",0,0,0,0,0.135098076347783,55.84
"19107",0,0,0,0,0.0815398917565962,18.96
"19109",0,0,0,0,0.118412207444322,45.88
"19111",0,0,0,0,0.124678595405269,49.79
"19113",0.000263968323801144,0.344110239962455,1,0,0.296693866648821,94.56
"19115",0,0,0,0,0.0656467138656945,9.1
"19117",0,0,0,0,0.0880437254482556,23.83
"19119",0,0,0,0,0.0906965561824349,26.03
"19121",0,0,0,0,0.141386665358148,59.18
"19123",0,0,0,0,0.118265139838392,45.72
"19125",0,0,0,0,0.113214548620357,42.67
"19127",0,0,0,0,0.13403838624989,55.17
"19129",0,0,0,0,0.122745783213629,48.39
"19131",0,0,0,0,0.0882860522591039,24.09
"19133",0,0,0,0,0.0841298848487664,20.43
"19135",0,0,0,0,0.093302831619271,28.13
"19137",0,0,0,0,0.0921667603248838,27.27
"19139",0,0,0,0,0.129113338711588,52.12
"19141",0,0,0,0,0.110497266667827,40.76
"19143",0,0,0,0,0.070321946573185,11.61
"19145",0,0,0,0,0.0934707942040379,28.32
"19147",0,0,0,0,0.0752968132549996,14.86
"19149",0,0,0,0,0.111188680050606,41.17
"19151",0,0,0,0,0.0633243926946394,7.89
"19153",0.00054319089981884,0.708105988591624,1,0,0.338408929810147,98.31
"19155",0,0,0,0,0.191373781382407,77.98
"19157",0,0,0,0,0.0807716587503491,18.39
"19159",0,0,0,0,0.0870713229363819,22.94
"19161",0,0,0,0,0.0991002545868903,32.68
"19163",0.00128075837031061,1.66960210905274,1,1,0.307067273955831,95.55
"19165",0,0,0,0,0.110723761696884,40.95
"19167",0,0,0,0,0.12416288468774,49.54
"19169",0,0,0,0,0.135831717231809,56.25
"19171",0,0,0,0,0.0851019435327602,21.29
"19173",0,0,0,0,0.0566521935530763,4.8
"19175",0,0,0,0,0.0934823108571066,28.35
"19177",0,0,0,0,0.0886404667262406,24.44
"19179",0,0,0,0,0.153085703150686,64.81
"19181",0,0,0,0,0.152862146792447,64.68
"19183",0.000586911865401546,0.765100826992723,1,0,0.13524166328218,55.9
"19185",0,0,0,0,0.0716675550578857,12.54
"19187",0,0,0,0,0.150172998881336,63.54
"19189",0,0,0,0,0.0996650500492117,33.15
"19191",0,0,0,0,0.128024190507491,51.45
"19193",0,0,0,0,0.230345453992586,86.32
"19195",0,0,0,0,0.0825735537869834,19.5
"19197",0,0,0,0,0.0552681273915778,4.26
"20001",0,0,0,0,0.0875529631268613,23.39
"20003",0,0,0,0,0.107631017537938,38.85
"20005",0.0397022332506203,51.7560016830214,1,1,0.119777656859226,46.61
"20007",0,0,0,0,0.0693516150355431,11.17
"20009",0,0,0,0,0.148167996769568,62.39
"20011",0,0,0,0,0.112298379479541,42.09
"20013",0,0,0,0,0.0721671314749958,12.89
"20015",0,0,0,0,0.157085979528035,66.91
"20017",0,0,0,0,0.0521666043235814,3.44
"20019",0,0,0,0,0.0589264400355922,5.82
"20021",0,0,0,0,0.0910661587181575,26.34
"20023",0,0,0,0,0.0512840599059227,3.31
"20025",0,0,0,0,0.0564358422519275,4.68
"20027",0,0,0,0,0.0982046987309893,32.01
"20029",0,0,0,0,0.111263058710013,41.23
"20031",0,0,0,0,0.0693615748675467,11.2
"20033",0,0,0,0,0.054409527590843,4.1
"20035",0,0,0,0,0.109735294015267,40.22
"20037",0,0,0,0,0.130897745024132,53.2
"20039",0,0,0,0,0.0494516390649145,2.96
"20041",0,0,0,0,0.104259917240728,36.53
"20043",0,0,0,0,0.0693934076588057,11.23
"20045",0,0,0,0,0.200848360391111,80.46
"20047",0,0,0,0,0.0568781954092733,4.84
"20049",0,0,0,0,0.0605532501306407,6.65
"20051",0.0066685346035304,8.69313033312082,1,1,0.169856639371995,71.68
"20053",0,0,0,0,0.0638544647095743,8.02
"20055",0,0,0,0,0.152796617605197,64.65
"20057",0,0,0,0,0.124543796507464,49.7
"20059",0,0,0,0,0.111521368552832,41.49
"20061",0,0,0,0,0.0592820011587695,5.92
"20063",0,0,0,0,0.042548373455706,1.37
"20065",0,0,0,0,0.064834093894114,8.65
"20067",0,0,0,0,0.083723239359441,20.2
"20069",0,0,0,0,0.0594283478809343,5.95
"20071",0,0,0,0,0.0480148954958748,2.51
"20073",0,0,0,0,0.0776632119322708,16.64
"20075",0,0,0,0,0.0374345011136958,0.83
"20077",0,0,0,0,0.0876962038324269,23.54
"20079",0.00641539695268645,8.36313900491484,1,1,0.145820964272225,61.47
"20081",0,0,0,0,0.0468535428229387,2.32
"20083",0,0,0,0,0.0442436571512712,1.72
"20085",0,0,0,0,0.0717170186516307,12.6
"20087",0,0,0,0,0.107067552218166,38.66
"20089",0,0,0,0,0.0475585120836994,2.42
"20091",0.000847731407598491,1.10510630174014,1,1,0.36024671671406,99.05
"20093",0,0,0,0,0.0369076847924008,0.76
"20095",0,0,0,0,0.0727247344193071,13.17
"20097",0,0,0,0,0.0434140265093676,1.59
"20099",0,0,0,0,0.0889970561988042,24.75
"20101",0,0,0,0,0.0386156961831442,1.02
"20103",0,0,0,0,0.142472744984636,59.69
"20105",0,0,0,0,0.0645113022809178,8.43
"20107",0,0,0,0,0.0936052814926831,28.44
"20109",0,0,0,0,0.057466176846784,5.25
"20111",0,0,0,0,0.125033160980159,50.02
"20113",0.000695335900727428,0.906442864841908,1,0,0.113347312107739,42.7
"20115",0,0,0,0,0.0885752464810056,24.37
"20117",0,0,0,0,0.0896265001970802,25.14
"20119",0,0,0,0,0.0555680746563211,4.39
"20121",0,0,0,0,0.148221503117959,62.42
"20123",0,0,0,0,0.0793618622902132,17.69
"20125",0,0,0,0,0.12069071157633,47.28
"20127",0,0,0,0,0.083116522160121,19.85
"20129",0,0,0,0,0.0457790143541904,1.91
"20131",0,0,0,0,0.0885902445626067,24.4
"20133",0,0,0,0,0.121255453863191,47.5
"20135",0,0,0,0,0.0620712533392465,7.32
"20137",0.0207253886010363,27.0177055417845,1,1,0.0772345490004434,16.29
"20139",0,0,0,0,0.0921699560094947,27.3
"20141",0,0,0,0,0.0622443437142009,7.41
"20143",0,0,0,0,0.065176170109029,8.88
"20145",0,0,0,0,0.0563515357505508,4.65
"20147",0,0,0,0,0.0706997645512225,11.96
"20149",0,0,0,0,0.125872182704108,50.62
"20151",0,0,0,0,0.0789149803234293,17.56
"20153",0,0,0,0,0.0542380383824426,4.04
"20155",0,0,0,0,0.194019651983681,78.56
"20157",0,0,0,0,0.0693182849535062,11.14
"20159",0,0,0,0,0.0616699706513198,7.1
"20161",0,0,0,0,0.167565307930647,70.98
"20163",0,0,0,0,0.0700260205880234,11.49
"20165",0,0,0,0,0.0430810144640462,1.53
"20167",0,0,0,0,0.0747580190949431,14.48
"20169",0,0,0,0,0.17212599042445,72.29
"20171",0,0,0,0,0.0646577361842159,8.5
"20173",0.000145449625382651,0.189608755975501,1,0,0.299769177124408,94.91
"20175",0,0,0,0,0.103816364898066,36.14
"20177",0,0,0,0,0.208857051720634,81.99
"20179",0,0,0,0,0.0632071533633669,7.8
"20181",0,0,0,0,0.0947688802285478,29.62
"20183",0,0,0,0,0.057135195816149,5.03
"20185",0,0,0,0,0.0564821087276121,4.74
"20187",0,0,0,0,0.041888944898511,1.24
"20189",0,0,0,0,0.0569317160983269,4.87
"20191",0,0,0,0,0.0977341199969425,31.63
"20193",0,0,0,0,0.0949164152041523,29.81
"20195",0,0,0,0,0.067130964319116,9.86
"20197",0,0,0,0,0.068309993829063,10.37
"20199",0,0,0,0,0.0683974207841891,10.44
"20201",0,0,0,0,0.06997822473148,11.42
"20203",0,0,0,0,0.0644061440628125,8.34
"20205",0,0,0,0,0.0770604210853738,16.13
"20207",0,0,0,0,0.0705238861575101,11.8
"20209",0.00205517659838913,2.67913703528182,1,1,0.240994116649159,88.29
"21001",0.0198947714567576,25.9349094671692,1,1,0.128344324364996,51.61
"21003",0.000167757087736957,0.218688859652928,1,0,0.101849289559269,34.65
"21005",0,0,0,0,0.150245663090719,63.6
"21007",0,0,0,0,0.0920437429374434,27.14
"21009",0.00203642946034619,2.65469818565899,1,1,0.186737770239909,76.46
"21011",0,0,0,0,0.105735781215315,37.67
"21013",0,0,0,0,0.116307441693866,44.54
"21015",0.000117219552221311,0.152807911427863,1,0,0.236356683905874,87.43
"21017",0,0,0,0,0.0948891680655808,29.78
"21019",7.20746693574543e-05,0.0939568483470468,1,0,0.191400464832866,78.01
"21021",0.00285453993319162,3.7211905097104,1,1,0.160945280207502,68.22
"21023",0,0,0,0,0.0867695825890963,22.72
"21025",0.0113263785394933,14.7651156813299,1,1,0.0871266712381595,23
"21027",0,0,0,0,0.130929584476456,53.26
"21029",0,0,0,0,0.152542595128133,64.43
"21031",0,0,0,0,0.113855732438422,42.95
"21033",0,0,0,0,0.0971083671910906,31.4
"21035",0,0,0,0,0.134133778572324,55.27
"21037",2.76977620208287e-05,0.0361069214599795,1,0,0.228398555116381,85.75
"21039",0,0,0,0,0.0704207770260146,11.64
"21041",0,0,0,0,0.0934391791681815,28.22
"21043",0.000144383482529599,0.18821892757596,1,0,0.111940901790437,41.81
"21045",0,0,0,0,0.10493765472282,37.03
"21047",0.0028303337948008,3.68963528380192,1,1,0.104019313448636,36.33
"21049",0,0,0,0,0.151919978362771,64.17
"21051",0,0,0,0,0.108543185110993,39.58
"21053",0,0,0,0,0.0929679098673583,27.81
"21055",0,0,0,0,0.0951645527731956,30
"21057",0,0,0,0,0.0812659636917293,18.8
"21059",0.00150358982069691,1.96008614425606,1,1,0.227346832295625,85.56
"21061",0,0,0,0,0.0951455081001358,29.97
"21063",0,0,0,0,0.0522944648621075,3.5
"21065",0,0,0,0,0.0958080268665122,30.58
"21067",0.00296220991376288,3.86154955854477,1,1,0.322320002998427,97.1
"21069",0,0,0,0,0.120934768777776,47.31
"21071",7.96622321357444e-05,0.103848027753613,1,0,0.136649791524477,56.7
"21073",0,0,0,0,0.14377314318623,60.45
"21075",0,0,0,0,0.0716155016245189,12.5
"21077",0,0,0,0,0.0537089339152054,3.95
"21079",0,0,0,0,0.143389202130871,60.29
"21081",0,0,0,0,0.126794596696068,50.87
"21083",0,0,0,0,0.152750389396322,64.59
"21085",0,0,0,0,0.125714121009442,50.43
"21087",0,0,0,0,0.0979473020827805,31.85
"21089",0,0,0,0,0.147257132921679,61.98
"21091",0,0,0,0,0.0653770861861215,9
"21093",0.00512105846401827,6.67583379527999,1,1,0.181609012564525,75.25
"21095",0,0,0,0,0.0883959936565776,24.21
"21097",0,0,0,0,0.107218583220975,38.75
"21099",0,0,0,0,0.0918448807187463,27.04
"21101",0,0,0,0,0.152054439563647,64.24
"21103",0,0,0,0,0.109825634620119,40.28
"21105",0,0,0,0,0.0532336387806046,3.75
"21107",0,0,0,0,0.133870795839691,55.07
"21109",0,0,0,0,0.112041880006749,41.84
"21111",0.00345672496984318,4.50620150830308,1,1,0.358327171282987,98.98
"21113",0,0,0,0,0.209420304152751,82.18
"21115",0.000164149704530532,0.213986259420732,1,0,0.119070278434255,46.2
"21117",0.00485371443980046,6.32732297776455,1,1,0.23660574175175,87.46
"21119",0,0,0,0,0.0862907104467644,22.18
"21121",0,0,0,0,0.131739922687936,53.9
"21123",0.0014801657785672,1.92955046239062,1,1,0.116561177982795,44.73
"21125",0.0012434803633726,1.62100633919656,1,1,0.196206245677371,79.38
"21127",0,0,0,0,0.0730033545922035,13.33
"21129",0,0,0,0,0.0757522450263279,15.24
"21131",0,0,0,0,0.0606925061024272,6.71
"21133",0,0,0,0,0.0780477174511851,16.93
"21135",0,0,0,0,0.0975025923925432,31.56
"21137",0,0,0,0,0.128178664591682,51.51
"21139",0,0,0,0,0.0711502059262988,12.28
"21141",0,0,0,0,0.131192670742023,53.42
"21143",0,0,0,0,0.0952532719112245,30.13
"21145",0,0,0,0,0.22480153979768,85.17
"21147",0,0,0,0,0.0855192757233361,21.6
"21149",0,0,0,0,0.0772611207838601,16.32
"21151",2.421776615325e-05,0.0315703839095007,1,0,0.179746592086817,74.71
"21153",0,0,0,0,0.0958064226213102,30.54
"21155",0,0,0,0,0.0826673518865749,19.6
"21157",0,0,0,0,0.158538379843797,67.42
"21159",0,0,0,0,0.0708785859756933,12.06
"21161",0,0,0,0,0.134348291897942,55.42
"21163",0,0,0,0,0.123401764838292,49.09
"21165",0,0,0,0,0.0979229573701752,31.82
"21167",0,0,0,0,0.101169053564961,34.27
"21169",0,0,0,0,0.09667990171246,31.15
"21171",0,0,0,0,0.0853169973451683,21.48
"21173",8.68583340571528e-05,0.113228897106845,1,0,0.141090458875601,58.96
"21175",0,0,0,0,0.0785491668481722,17.24
"21177",0,0,0,0,0.112780818526595,42.35
"21179",0,0,0,0,0.141086358967482,58.92
"21181",0,0,0,0,0.095548715125867,30.48
"21183",0,0,0,0,0.0944906971480131,29.4
"21185",0.00071269064474747,0.929066583639783,1,0,0.219717226716672,84.19
"21187",0,0,0,0,0.092125262620338,27.24
"21189",0,0,0,0,0.0811982341034307,18.74
"21191",0,0,0,0,0.108077445471897,39.2
"21193",0.00572165363848819,7.45877224270837,1,1,0.139531275948027,58.1
"21195",0,0,0,0,0.142124575402375,59.53
"21197",0.00997652582159624,13.0054418841835,1,1,0.119808659143788,46.68
"21199",0,0,0,0,0.208929769626509,82.06
"21201",0,0,0,0,0.0560008420836192,4.52
"21203",0,0,0,0,0.0848610185805945,21.09
"21205",0.000675472830981687,0.880549281861296,1,0,0.103732711818322,36.02
"21207",0,0,0,0,0.0955295048405766,30.45
"21209",0.000285046462573399,0.371587792141583,1,0,0.111410777662069,41.39
"21211",0,0,0,0,0.19017241612199,77.38
"21213",0,0,0,0,0.115917683449278,44.29
"21215",0,0,0,0,0.127307281444781,51.16
"21217",0.0023165446121656,3.01985749993455,1,1,0.150248593999687,63.63
"21219",0,0,0,0,0.108374492061323,39.36
"21221",0,0,0,0,0.111450158771281,41.43
"21223",0,0,0,0,0.0795603885696315,17.88
"21225",0,0,0,0,0.079553693775494,17.85
"21227",0.00331550666277105,4.32210871703964,1,1,0.271535514402871,91.92
"21229",0,0,0,0,0.0948578535804944,29.75
"21231",0,0,0,0,0.0998050476293805,33.25
"21233",0,0,0,0,0.0921014083793673,27.17
"21235",0,0,0,0,0.136867492500346,56.82
"21237",0,0,0,0,0.0937797476217339,28.57
"21239",8.12942037232745e-05,0.105975472920177,1,0,0.131738890014761,53.87
"22001",0.00955580008107952,12.4569820029265,1,1,0.209727930799306,82.28
"22003",0.0120072771376592,15.6527380165821,1,1,0.084271703722205,20.59
"22005",0.00061471450901874,0.801344472551918,1,0,0.229586814527447,86.13
"22007",0,0,0,0,0.100549582606831,33.82
"22009",0,0,0,0,0.131564396843777,53.71
"22011",0.0160875773441218,20.9718348799711,1,1,0.153732243904624,65.16
"22013",0,0,0,0,0.0685465371301779,10.47
"22015",0.00401685645117906,5.2363913116759,1,1,0.247035918278403,88.96
"22017",0.00960653895940016,12.5231254224964,1,1,0.294101728382818,94.34
"22019",0.000398308719897053,0.519236956954602,1,0,0.24440583208297,88.71
"22021",0,0,0,0,0.0945975678939805,29.53
"22023",0,0,0,0,0.0708596538826577,12.03
"22025",0,0,0,0,0.125012708678466,49.98
"22027",0,0,0,0,0.0954222748865086,30.42
"22029",0.000163398692810458,0.213007237318807,1,0,0.118345028205556,45.75
"22031",0.00223941368078176,2.91930928670646,1,1,0.114780181505155,43.53
"22033",0.00154853218218103,2.01867319959695,1,1,0.28204359876204,93.48
"22035",0,0,0,0,0.0698747959473954,11.36
"22037",0,0,0,0,0.103795184124642,36.11
"22039",0.000110107905747633,0.143537138558809,1,0,0.109604684051547,40.15
"22041",0,0,0,0,0.107862895164834,39.1
"22043",0,0,0,0,0.0760653360785909,15.69
"22045",7.19398582784792e-05,0.093781108045833,1,0,0.183469466224868,75.66
"22047",0,0,0,0,0.0979065903355428,31.78
"22049",0,0,0,0,0.090244100803044,25.64
"22051",0.00291529987295929,3.80039742799696,1,1,0.392368214707964,99.46
"22053",0.000323694432455762,0.421969451572432,1,0,0.147684844899196,62.23
"22055",0.00304923834335599,3.9750001929224,1,1,0.320735285515997,96.95
"22057",0,0,0,0,0.154228310704131,65.51
"22059",0,0,0,0,0.0729476090942304,13.3
"22061",0,0,0,0,0.180001685904187,74.83
"22063",5.25568928364955e-05,0.0685133910963947,1,0,0.221922116593825,84.54
"22065",0,0,0,0,0.0731543713827824,13.46
"22067",0,0,0,0,0.1269139645454,50.97
"22069",0,0,0,0,0.118983156001764,46.17
"22071",0.000117715770744009,0.153454784024017,1,0,0.236991072662361,87.59
"22073",2.55626989097509e-05,0.0333236440238526,1,0,0.259067861766242,90.71
"22075",0,0,0,0,0.128612325686492,51.8
"22077",0,0,0,0,0.112321845360974,42.13
"22079",0.00674816779397687,8.79694050200363,1,1,0.216931817170875,83.61
"22081",0,0,0,0,0.0830653687349913,19.76
"22083",0,0,0,0,0.102087678705717,34.81
"22085",0,0,0,0,0.106289257407101,38.21
"22087",0,0,0,0,0.169487571430113,71.43
"22089",0,0,0,0,0.172763966914764,72.61
"22091",0,0,0,0,0.0945329634539512,29.49
"22093",0,0,0,0,0.10634289698794,38.31
"22095",0,0,0,0,0.159069501869329,67.64
"22097",0.0040644452581472,5.29842828470935,1,1,0.190621002474971,77.57
"22099",0,0,0,0,0.162684881021251,69.01
"22101",0,0,0,0,0.154088827664801,65.38
"22103",0.00418822151432602,5.45978354356016,1,1,0.345638373923946,98.6
"22105",0.000570839317939086,0.744148585131001,1,0,0.229050608669573,85.94
"22107",0,0,0,0,0.0612286516209592,6.9
"22109",0.000579211898133443,0.755063116610753,1,0,0.203100066553227,80.97
"22111",0.00107493857493857,1.4012945403467,1,1,0.11600592341836,44.38
"22113",0.000128213347009424,0.167139469503314,1,0,0.161390686803319,68.41
"22115",0,0,0,0,0.0787259163529099,17.37
"22117",0,0,0,0,0.115563855200255,44
"22119",0,0,0,0,0.142570276404057,59.75
"22121",0,0,0,0,0.153742655983598,65.19
"22123",0,0,0,0,0.0896384897816087,25.23
"22125",0,0,0,0,0.0640431694722338,8.15
"22127",0.00324346239610785,4.22819150177531,1,1,0.085891119743878,21.92
"23001",0,0,0,0,0.259763486985109,90.87
"23003",0,0,0,0,0.155769555879482,66.34
"23005",0.00187317757354298,2.44188232528138,1,1,0.319018205442681,96.82
"23007",0,0,0,0,0.155027096131032,65.96
"23009",0,0,0,0,0.176839675607505,73.66
"23011",0,0,0,0,0.204409931694884,81.32
"23013",0,0,0,0,0.216786357787258,83.55
"23015",0,0,0,0,0.190753147384447,77.66
"23017",0,0,0,0,0.152402012274247,64.33
"23019",0.00736024227981333,9.59484342900311,1,1,0.27204734525372,92.05
"23021",0,0,0,0,0.128619347251086,51.83
"23023",0,0,0,0,0.147815641836934,62.27
"23025",0,0,0,0,0.169364160870195,71.4
"23027",0,0,0,0,0.186366304394634,76.39
"23029",0,0,0,0,0.138751066354061,57.84
"23031",0.000461764800635732,0.601958576183861,1,0,0.260358053091029,91
"24001",0,0,0,0,0.178939144964119,74.39
"24003",0.000185090666382487,0.241284987177739,1,0,0.228596598096454,85.78
"24005",0.0023355605225727,3.04464672236498,1,1,0.317535132603843,96.66
"24009",0.00434467776973208,5.66374058967893,1,1,0.236836430839925,87.53
"24011",0,0,0,0,0.141596600722074,59.27
"24013",0,0,0,0,0.22470989619957,85.05
"24015",0,0,0,0,0.166550192314081,70.54
"24017",0.0018687176662667,2.43606837101235,1,1,0.226392289587679,85.49
"24019",7.12301445971935e-05,0.0928559222445403,1,0,0.148023490779606,62.3
"24021",0.000121610117961814,0.158531471773209,1,0,0.277668955134557,92.71
"24023",7.35402265038976e-05,0.0958673549338948,1,0,0.192246716029708,78.14
"24025",0.00207466923171226,2.70454771575185,1,1,0.256526706870799,90.23
"24027",0.00144090719933417,1.87837280998926,1,1,0.310119011680974,95.93
"24029",0,0,0,0,0.148925089017658,62.87
"24031",0.00102364087390538,1.33442263709003,1,1,0.24082333221669,88.23
"24033",0.00031739176810629,0.41375327127296,1,0,0.256850798551032,90.3
"24035",0,0,0,0,0.223456793546951,84.82
"24037",0,0,0,0,0.105046939448463,37.16
"24039",0,0,0,0,0.0954053369387438,30.38
"24041",0.0126354667833017,16.4716487350773,1,1,0.240466402922127,88.13
"24043",0.00293698317650413,3.82866387557124,1,1,0.285342422533046,93.67
"24045",0,0,0,0,0.227433946430176,85.59
"24047",0,0,0,0,0.179743163151348,74.67
"24510",0.000960288343953144,1.25183600711046,1,1,0.208916370398318,82.02
"25001",0,0,0,0,0.245981413336681,88.9
"25003",0.00491023477059997,6.40100312360215,1,1,0.236937149277358,87.56
"25005",0.00122660671675639,1.59900978103939,1,1,0.329988451182748,97.68
"25007",0,0,0,0,0.18025142599206,74.9
"25009",0.0015259548819637,1.98924133412304,1,1,0.331414887201746,97.9
"25011",0,0,0,0,0.210132226519562,82.37
"25013",0.00241048987952023,3.14232495370788,1,1,0.27738814995612,92.62
"25015",6.3351282863478e-05,0.0825850042693127,1,0,0.199747015668724,80.18
"25017",0.00285729282479756,3.72477919102439,1,1,0.267023032468779,91.54
"25019",0,0,0,0,0.164503125901751,69.77
"25021",0.00208407764677861,2.71681256601694,1,1,0.385159792819274,99.33
"25023",0.000554371583457915,0.72268117577539,1,0,0.339091785850994,98.35
"25025",0.000561921694330171,0.732523532716491,1,0,0.195843720181216,79.19
"25027",0.00201942978143382,2.63253733125955,1,1,0.325299272713568,97.33
"26001",0,0,0,0,0.125102635026743,50.11
"26003",0,0,0,0,0.101071147794037,34.14
"26005",0,0,0,0,0.22473217824873,85.08
"26007",0,0,0,0,0.174183109086526,72.99
"26009",0,0,0,0,0.137397811051179,57.05
"26011",0,0,0,0,0.105047598020571,37.19
"26013",0,0,0,0,0.068972327471073,10.88
"26015",0,0,0,0,0.166478221456057,70.47
"26017",0.00104055496264674,1.35647191577516,1,1,0.22163879961502,84.41
"26019",0,0,0,0,0.131269042490732,53.52
"26021",0,0,0,0,0.225962043981508,85.36
"26023",0,0,0,0,0.151273344839758,64.02
"26025",0.00137787337007662,1.79620163960328,1,1,0.189835922593263,77.25
"26027",0,0,0,0,0.154118422778237,65.45
"26029",0,0,0,0,0.158794850333301,67.52
"26031",0,0,0,0,0.170307532076017,71.78
"26033",0,0,0,0,0.132539424225475,54.41
"26035",0,0,0,0,0.144510645020155,60.87
"26037",0,0,0,0,0.203453818020781,81.1
"26039",0,0,0,0,0.0952801951561094,30.19
"26041",0,0,0,0,0.190697184175398,77.63
"26043",0,0,0,0,0.161540161859111,68.44
"26045",0,0,0,0,0.184470247519936,75.91
"26047",0,0,0,0,0.177899829834209,74.07
"26049",8.02847432226296e-05,0.104659535878537,1,0,0.259856490693155,90.9
"26051",0,0,0,0,0.127958426340614,51.35
"26053",0,0,0,0,0.122601428694654,48.3
"26055",0,0,0,0,0.29339344801635,94.24
"26057",0,0,0,0,0.135625551550331,56.16
"26059",0,0,0,0,0.135642185935174,56.19
"26061",0,0,0,0,0.143978332070567,60.58
"26063",0,0,0,0,0.131870616178451,53.93
"26065",0.000135338699806995,0.17642810999503,1,0,0.194375536174057,78.75
"26067",0,0,0,0,0.121917345062524,47.92
"26069",0,0,0,0,0.120638525681014,47.25
"26071",0,0,0,0,0.107751687440481,38.94
"26073",0,0,0,0,0.153429674847579,65.03
"26075",0,0,0,0,0.208954341117865,82.09
"26077",7.5919767989189e-06,0.00989693354280433,1,0,0.275708802221318,92.43
"26079",0,0,0,0,0.112944213902186,42.51
"26081",0.00447011474830643,5.82726077337302,1,1,0.339092115733356,98.38
"26083",0,0,0,0,0.0643694242848018,8.27
"26085",0,0,0,0,0.0970724236889597,31.31
"26087",0,0,0,0,0.219449586985548,84.03
"26089",0,0,0,0,0.156088094840597,66.5
"26091",0,0,0,0,0.198425653144389,79.86
"26093",0.00290172460990966,3.78270065681513,1,1,0.3028240417681,95.2
"26095",0,0,0,0,0.111891029442921,41.74
"26097",0,0,0,0,0.104811022386427,36.88
"26099",0.0015578325249735,2.03079716638192,1,1,0.310921553381597,96.05
"26101",0,0,0,0,0.118973162465714,46.13
"26103",3.46836847946726e-05,0.0452138003742752,1,0,0.180315342569994,74.93
"26105",0,0,0,0,0.147556769268858,62.11
"26107",0,0,0,0,0.129528923686685,52.31
"26109",0,0,0,0,0.110225780753056,40.6
"26111",0,0,0,0,0.158746424305131,67.48
"26113",0,0,0,0,0.111599634250294,41.58
"26115",0,0,0,0,0.208815502039814,81.96
"26117",0,0,0,0,0.143924781529358,60.55
"26119",0,0,0,0,0.0734606001780853,13.65
"26121",0,0,0,0,0.218466137714638,83.87
"26123",0,0,0,0,0.149717141737475,63.22
"26125",0.000137174733938172,0.178821571969409,1,0,0.386351462097476,99.36
"26127",0,0,0,0,0.115989573758062,44.35
"26129",0,0,0,0,0.154847740134748,65.8
"26131",0,0,0,0,0.0864493803096978,22.4
"26133",0,0,0,0,0.110352576387633,40.69
"26135",0,0,0,0,0.121837544787458,47.82
"26137",0,0,0,0,0.142461109964817,59.66
"26139",0,0,0,0,0.273016442385063,92.2
"26141",0,0,0,0,0.103511290040775,35.86
"26143",0,0,0,0,0.134713438874305,55.68
"26145",0,0,0,0,0.238452376331463,87.85
"26147",0,0,0,0,0.260736471873554,91.06
"26149",0,0,0,0,0.163926351920692,69.36
"26151",0,0,0,0,0.169561324172458,71.52
"26153",0,0,0,0,0.105546861634918,37.51
"26155",0,0,0,0,0.177305464460223,73.75
"26157",0.000353606789250354,0.460963328285396,1,0,0.152635916903622,64.49
"26159",0,0,0,0,0.157242188069975,66.94
"26161",0,0,0,0,0.190834187387168,77.73
"26163",0.000937225836483419,1.22177162337962,1,1,0.316457384437576,96.5
"26165",0,0,0,0,0.16195673397966,68.69
"27001",0,0,0,0,0.127239847710401,51.1
"27003",0,0,0,0,0.298225323035973,94.72
"27005",0,0,0,0,0.164964339135849,69.93
"27007",0,0,0,0,0.177624877636891,73.94
"27009",0,0,0,0,0.160058790154229,67.9
"27011",0,0,0,0,0.100637099366792,33.85
"27013",0,0,0,0,0.221765206402192,84.44
"27015",0,0,0,0,0.123689717001523,49.25
"27017",0,0,0,0,0.112232877496727,42.06
"27019",0,0,0,0,0.22426832612105,84.92
"27021",0,0,0,0,0.126071012663466,50.75
"27023",0,0,0,0,0.100159600708213,33.57
"27025",0,0,0,0,0.176419229324134,73.5
"27027",0,0,0,0,0.167562342930306,70.95
"27029",0,0,0,0,0.0847552532704014,21
"27031",0,0,0,0,0.113990850041879,43.05
"27033",0,0,0,0,0.0759959900167101,15.56
"27035",0,0,0,0,0.23440331008866,87.05
"27037",0.000123658189739224,0.161201346933366,1,0,0.33206138590576,98.03
"27039",0,0,0,0,0.109355100598382,39.96
"27041",0,0,0,0,0.19908512359044,79.99
"27043",0,0,0,0,0.0903117139540009,25.68
"27045",0,0,0,0,0.146097294045688,61.6
"27047",0,0,0,0,0.140357296500914,58.51
"27049",0,0,0,0,0.163131284409439,69.14
"27051",0,0,0,0,0.0877485209341759,23.61
"27053",0.000418769676677827,0.545909948040449,1,0,0.336090439769587,98.19
"27055",0,0,0,0,0.125916920191205,50.68
"27057",0,0,0,0,0.147672121660041,62.17
"27059",0,0,0,0,0.158296189774188,67.39
"27061",5.37345513164965e-05,0.0700485917458947,1,0,0.166926419082748,70.7
"27063",0,0,0,0,0.0671500996148326,9.96
"27065",0,0,0,0,0.0998288116451895,33.34
"27067",0,0,0,0,0.152696144910409,64.56
"27069",0,0,0,0,0.0872079151725085,23.16
"27071",0,0,0,0,0.101101775194751,34.2
"27073",0,0,0,0,0.106100380404101,37.99
"27075",0,0,0,0,0.103201856329994,35.6
"27077",0,0,0,0,0.0865828929912608,22.49
"27079",0,0,0,0,0.138583365139516,57.78
"27081",0,0,0,0,0.0901362035775304,25.58
"27083",0,0,0,0,0.117450848903447,45.34
"27085",0,0,0,0,0.157683761603275,67.17
"27087",0,0,0,0,0.0598333579331912,6.24
"27089",0,0,0,0,0.0715298612445117,12.44
"27091",0,0,0,0,0.118684489237513,46.01
"27093",0,0,0,0,0.123030391137012,48.71
"27095",0,0,0,0,0.128814120074455,52.02
"27097",0,0,0,0,0.162790793548023,69.04
"27099",0,0,0,0,0.119446178191418,46.45
"27101",0,0,0,0,0.0933784249113287,28.19
"27103",0,0,0,0,0.121099461982312,47.44
"27105",0,0,0,0,0.0882278222675947,24.02
"27107",0,0,0,0,0.0727622396435191,13.2
"27109",0,0,0,0,0.143376114956605,60.26
"27111",0,0,0,0,0.181823623468962,75.28
"27113",0,0,0,0,0.0855316228254512,21.64
"27115",0,0,0,0,0.137960052707169,57.4
"27117",0,0,0,0,0.0928932636222215,27.74
"27119",0,0,0,0,0.115354167320987,43.88
"27121",0,0,0,0,0.106937525755532,38.56
"27123",0,0,0,0,0.277576714167316,92.68
"27125",0,0,0,0,0.0743815068766599,14.29
"27127",0,0,0,0,0.116910474264813,45.12
"27129",0,0,0,0,0.0809858223205151,18.55
"27131",0,0,0,0,0.149038211530563,62.93
"27133",0,0,0,0,0.092803117436328,27.71
"27135",0,0,0,0,0.0690502170968739,10.94
"27137",0,0,0,0,0.214578587695301,83.26
"27139",8.62651503170244e-05,0.112455620237037,1,0,0.19994349146235,80.24
"27141",0,0,0,0,0.213563783425734,82.95
"27143",0,0,0,0,0.0998203300601881,33.31
"27145",0,0,0,0,0.258658569810725,90.65
"27147",0,0,0,0,0.148035044480126,62.33
"27149",0,0,0,0,0.0686003292926853,10.56
"27151",0,0,0,0,0.0875869662876644,23.42
"27153",0,0,0,0,0.110026650984139,40.44
"27155",0,0,0,0,0.114047128792021,43.08
"27157",0,0,0,0,0.116387516041455,44.64
"27159",0,0,0,0,0.114498538979726,43.37
"27161",0,0,0,0,0.11989489637876,46.74
"27163",0,0,0,0,0.237792879128928,87.72
"27165",0,0,0,0,0.116479952018995,44.7
"27167",0,0,0,0,0.0878997976975477,23.7
"27169",0,0,0,0,0.163438746797577,69.3
"27171",0.00398385022152351,5.19336424902129,1,1,0.231170487936554,86.57
"27173",0,0,0,0,0.0944309930547585,29.37
"28001",0,0,0,0,0.163325744728146,69.2
"28003",0,0,0,0,0.160482192071524,68.15
"28005",0,0,0,0,0.0754569361211208,14.99
"28007",0,0,0,0,0.118641705432655,45.98
"28009",0,0,0,0,0.0878746429217906,23.64
"28011",0,0,0,0,0.129987476499509,52.62
"28013",0,0,0,0,0.0872754954183427,23.19
"28015",0,0,0,0,0.105061554676501,37.23
"28017",0,0,0,0,0.104782368445476,36.81
"28019",0,0,0,0,0.0656786483810021,9.13
"28021",0,0,0,0,0.0571935066294328,5.09
"28023",0,0,0,0,0.0787482929877564,17.4
"28025",0,0,0,0,0.11046922900861,40.73
"28027",0,0,0,0,0.119217913246843,46.29
"28029",0,0,0,0,0.0986803709523514,32.33
"28031",0,0,0,0,0.0937128576593414,28.51
"28033",0.00330696643368503,4.31097563774509,1,1,0.209659610570547,82.25
"28035",0,0,0,0,0.1875646866335,76.71
"28037",0,0,0,0,0.0718094548427926,12.69
"28039",0,0,0,0,0.117696575674539,45.56
"28041",0,0,0,0,0.0765334956843141,15.91
"28043",0,0,0,0,0.131414798644338,53.58
"28045",0,0,0,0,0.134404512400162,55.49
"28047",0.00295275590551181,3.84922527280837,1,1,0.219249874352041,83.96
"28049",0,0,0,0,0.220947774911461,84.38
"28051",0,0,0,0,0.103979880630732,36.24
"28053",0,0,0,0,0.074798609471118,14.51
"28055",0,0,0,0,0.0586861888734573,5.76
"28057",0,0,0,0,0.109892772415492,40.34
"28059",0,0,0,0,0.136062604831305,56.38
"28061",0,0,0,0,0.0744052425033779,14.32
"28063",0,0,0,0,0.0704296267852247,11.68
"28065",0,0,0,0,0.0737342387398737,13.78
"28067",3.16435668628568e-05,0.0412506895889849,1,0,0.142308470658091,59.59
"28069",0,0,0,0,0.0751332793797812,14.7
"28071",0,0,0,0,0.165216815018298,70.03
"28073",0,0,0,0,0.187408943525242,76.65
"28075",0.0121792698089748,15.8769484011689,1,1,0.214192507221083,83.11
"28077",0,0,0,0,0.0863658979569526,22.3
"28079",0,0,0,0,0.0762277308265628,15.78
"28081",0.00201917336798118,2.63220306958206,1,1,0.224369278458455,84.95
"28083",0,0,0,0,0.126880240814584,50.94
"28085",0,0,0,0,0.14273194110667,59.85
"28087",0,0,0,0,0.194167315836423,78.68
"28089",0,0,0,0,0.222075643319666,84.6
"28091",0,0,0,0,0.115952429135843,44.32
"28093",0,0,0,0,0.116875739406292,45.02
"28095",0,0,0,0,0.129863595336096,52.53
"28097",0,0,0,0,0.085542293477074,21.7
"28099",0,0,0,0,0.0860593816582294,21.99
"28101",0,0,0,0,0.0838708315235076,20.3
"28103",0,0,0,0,0.08959427982471,25.01
"28105",0,0,0,0,0.107774950818584,38.98
"28107",0,0,0,0,0.133831685123228,54.98
"28109",0,0,0,0,0.165251701167626,70.06
"28111",0,0,0,0,0.0845863886464424,20.74
"28113",0,0,0,0,0.140678436060155,58.77
"28115",0,0,0,0,0.102913352942091,35.44
"28117",0,0,0,0,0.123299011633032,49
"28119",0,0,0,0,0.0733136708667095,13.52
"28121",0.00331681585677749,4.32381538796601,1,1,0.279690819480594,92.97
"28123",0,0,0,0,0.0644828407835288,8.4
"28125",0,0,0,0,0.0689201809090679,10.75
"28127",0,0,0,0,0.100361925579776,33.66
"28129",0,0,0,0,0.0743185083651923,14.25
"28131",0,0,0,0,0.100334476593586,33.63
"28133",0,0,0,0,0.0778274424135998,16.83
"28135",0,0,0,0,0.0610283348699376,6.81
"28137",0,0,0,0,0.111576380260383,41.55
"28139",0,0,0,0,0.0910613399323967,26.31
"28141",0,0,0,0,0.110582233868909,40.85
"28143",0,0,0,0,0.0528270814162912,3.66
"28145",0,0,0,0,0.106092715619292,37.96
"28147",0,0,0,0,0.106227686605367,38.08
"28149",0,0,0,0,0.128020050992584,51.42
"28151",0,0,0,0,0.167268669370829,70.89
"28153",0,0,0,0,0.107703919818424,38.91
"28155",0,0,0,0,0.0987475502227329,32.42
"28157",0,0,0,0,0.0731303711027129,13.43
"28159",0.017000504965494,22.1619312458342,1,1,0.113740538068913,42.92
"28161",0,0,0,0,0.0771068366728725,16.26
"28163",0,0,0,0,0.0886800357842715,24.5
"29001",0,0,0,0,0.130592843996627,53.04
"29003",0,0,0,0,0.130423592022701,52.88
"29005",0,0,0,0,0.0643472507748765,8.24
"29007",0,0,0,0,0.139512330155297,58.07
"29009",0,0,0,0,0.12456396341395,49.73
"29011",0,0,0,0,0.0959698379516277,30.67
"29013",0,0,0,0,0.125058374489985,50.05
"29015",0,0,0,0,0.121832766508517,47.79
"29017",0,0,0,0,0.102669704415555,35.16
"29019",0.00138277355263637,1.80258953862166,1,1,0.218097921750009,83.77
"29021",0,0,0,0,0.209845458271236,82.34
"29023",0,0,0,0,0.1713917621,72.16
"29025",0,0,0,0,0.0939914535022093,28.83
"29027",0,0,0,0,0.143167572573919,60.1
"29029",0,0,0,0,0.194373596750923,78.71
"29031",0,0,0,0,0.239241587384561,88.01
"29033",0,0,0,0,0.0704809666228724,11.71
"29035",0,0,0,0,0.0814975596262908,18.93
"29037",0,0,0,0,0.185113040647899,76.04
"29039",0,0,0,0,0.107027245165095,38.63
"29041",0,0,0,0,0.0942222101332323,29.08
"29043",0,0,0,0,0.241212846540013,88.36
"29045",0,0,0,0,0.0766107520516335,15.94
"29047",0.00190258751902588,2.48022125645187,1,1,0.281793808247426,93.38
"29049",0,0,0,0,0.115906425480067,44.26
"29051",0,0,0,0,0.155856758225291,66.37
"29053",0,0,0,0,0.118918067286146,46.1
"29055",0,0,0,0,0.126382060084327,50.78
"29057",0,0,0,0,0.0694333894483609,11.29
"29059",0,0,0,0,0.114867489779313,43.56
"29061",0,0,0,0,0.102180666885941,34.84
"29063",0,0,0,0,0.0871477125546955,23.07
"29065",0,0,0,0,0.0965142266991277,30.96
"29067",0,0,0,0,0.106629905530012,38.4
"29069",0,0,0,0,0.104749094123437,36.72
"29071",0,0,0,0,0.247042865786349,88.99
"29073",0,0,0,0,0.117130751155042,45.18
"29075",0,0,0,0,0.0746427062814964,14.41
"29077",0.00204934788830287,2.67153870379427,1,1,0.305633263980032,95.42
"29079",0,0,0,0,0.0916646332240284,26.89
"29081",0,0,0,0,0.0815564311590457,18.99
"29083",0.0683751363140676,89.1341211918452,1,1,0.131372669224232,53.55
"29085",0,0,0,0,0.0943424752383404,29.24
"29087",0,0,0,0,0.0624897812278792,7.48
"29089",0,0,0,0,0.0851126522938048,21.32
"29091",0,0,0,0,0.188734110724962,77.09
"29093",0,0,0,0,0.0993951710358835,32.87
"29095",0.000816907598673839,1.06492425211812,1,1,0.323925696622203,97.23
"29097",1.53685375299686e-05,0.0200344914918409,1,0,0.279564027896932,92.94
"29099",0,0,0,0,0.257604869365213,90.45
"29101",0,0,0,0,0.106236133290212,38.12
"29103",0,0,0,0,0.0850268357690533,21.25
"29105",0,0,0,0,0.14383204984574,60.48
"29107",0,0,0,0,0.140497627975006,58.61
"29109",0,0,0,0,0.14738108555948,62.04
"29111",0,0,0,0,0.0816350840367865,19.09
"29113",0,0,0,0,0.166577700517621,70.57
"29115",0,0,0,0,0.0883161589195387,24.12
"29117",0,0,0,0,0.138147513632997,57.49
"29119",0,0,0,0,0.0992174060284805,32.74
"29121",0,0,0,0,0.112049843715889,41.87
"29123",0,0,0,0,0.0980851764789046,31.94
"29125",0,0,0,0,0.105752752370853,37.73
"29127",0,0,0,0,0.150531991843575,63.76
"29129",0,0,0,0,0.0654173326903152,9.04
"29131",0,0,0,0,0.135576529844864,56.12
"29133",0,0,0,0,0.0756576451093608,15.18
"29135",0,0,0,0,0.113881574971564,42.98
"29137",0,0,0,0,0.0904514694541521,25.84
"29139",0,0,0,0,0.0959986527368559,30.7
"29141",0,0,0,0,0.15477272796416,65.77
"29143",0,0,0,0,0.0799667775569252,18.07
"29145",0,0,0,0,0.145608004073044,61.22
"29147",0,0,0,0,0.10201734095923,34.74
"29149",0,0,0,0,0.0835663860876365,20.14
"29151",0,0,0,0,0.086463350138275,22.43
"29153",0,0,0,0,0.112862270821664,42.41
"29155",0,0,0,0,0.0826485416410375,19.57
"29157",0,0,0,0,0.117965214136957,45.63
"29159",0,0,0,0,0.164091064070901,69.52
"29161",0,0,0,0,0.160274947163693,67.93
"29163",0,0,0,0,0.102855710866817,35.38
"29165",0,0,0,0,0.259893988735143,90.93
"29167",0,0,0,0,0.15543844537574,66.15
"29169",0.00828800828800829,10.8042831796206,1,1,0.0847785974448888,21.03
"29171",0,0,0,0,0.0636608110652298,7.95
"29173",0,0,0,0,0.0953558932327034,30.26
"29175",0,0,0,0,0.122946827535125,48.68
"29177",0,0,0,0,0.102293254694265,34.93
"29179",0,0,0,0,0.0763298687374763,15.81
"29181",0,0,0,0,0.0940723681207454,28.86
"29183",0.000894577864167739,1.16617554360713,1,1,0.298958428310597,94.78
"29185",0,0,0,0,0.0960928806679231,30.73
"29186",0,0,0,0,0.108563052515748,39.61
"29187",0,0,0,0,0.171155020761211,72.03
"29189",2.32853267513476e-05,0.0303548519027861,1,0,0.345156388785557,98.57
"29195",0,0,0,0,0.0941137146206833,28.89
"29197",0,0,0,0,0.0788582605154453,17.5
"29199",0,0,0,0,0.0978796916204666,31.75
"29201",0,0,0,0,0.166092292990732,70.38
"29203",0,0,0,0,0.0839067543881817,20.36
"29205",0,0,0,0,0.0714677755521434,12.41
"29207",0,0,0,0,0.112165494642406,41.93
"29209",0,0,0,0,0.15360190120973,65.1
"29211",0,0,0,0,0.0517806298800005,3.37
"29213",0,0,0,0,0.170071942033958,71.71
"29215",0,0,0,0,0.117244735811665,45.24
"29217",0.019134336236474,24.9436028499221,1,1,0.13484185164258,55.77
"29219",0,0,0,0,0.155555845966792,66.18
"29221",0,0,0,0,0.124997800678887,49.95
"29223",0,0,0,0,0.0803075016748395,18.23
"29225",0,0,0,0,0.150147049960112,63.47
"29227",0,0,0,0,0.0757807139210156,15.27
"29229",0,0,0,0,0.131511014677099,53.61
"29510",0,0,0,0,0.238700000393996,87.88
"30001",0,0,0,0,0.120168170521877,46.9
"30003",0,0,0,0,0.0667158941232287,9.64
"30005",0,0,0,0,0.0777346365933459,16.7
"30007",0,0,0,0,0.115600695613867,44.03
"30009",0,0,0,0,0.157617639176802,67.13
"30011",0,0,0,0,0.0582814850635882,5.57
"30013",0,0,0,0,0.228927378543783,85.91
"30015",0,0,0,0,0.0739489055182794,13.94
"30017",0,0,0,0,0.132419453144976,54.28
"30019",0,0,0,0,0.0574103891329318,5.19
"30021",0,0,0,0,0.131137173739094,53.39
"30023",0,0,0,0,0.115158763593939,43.72
"30025",0,0,0,0,0.089583519452217,24.98
"30027",0,0,0,0,0.142915919863835,59.94
"30029",0,0,0,0,0.304805866555562,95.32
"30031",1.15839955517457e-05,0.0151009463242951,1,0,0.322291891057104,97.07
"30033",0,0,0,0,0.0571662339646388,5.06
"30035",0,0,0,0,0.076196160966392,15.75
"30037",0,0,0,0,0.0683801623184478,10.4
"30039",0,0,0,0,0.100474475412611,33.79
"30041",0,0,0,0,0.128363336727401,51.64
"30043",0,0,0,0,0.148744674884853,62.71
"30045",0,0,0,0,0.0648846640183358,8.69
"30047",0,0,0,0,0.157602942580155,67.07
"30049",0.00831452135625042,10.8388457291855,1,1,0.240639880762477,88.2
"30051",0,0,0,0,0.0613884688715768,6.97
"30053",0,0,0,0,0.186938671491765,76.52
"30055",0,0,0,0,0.0706784735360138,11.9
"30057",0,0,0,0,0.135408302182585,56.06
"30059",0,0,0,0,0.0717107936392005,12.57
"30061",0,0,0,0,0.0879397413188192,23.8
"30063",2.66421558832541e-05,0.0347308287679628,1,0,0.328736373726585,97.61
"30065",0,0,0,0,0.091441583209303,26.69
"30067",0,0,0,0,0.183936905505073,75.85
"30069",0,0,0,0,0.0423751643456356,1.3
"30071",0,0,0,0,0.0929350763410645,27.78
"30073",0,0,0,0,0.101525319674018,34.52
"30075",0,0,0,0,0.0666485732838443,9.55
"30077",0,0,0,0,0.0875520220097042,23.35
"30079",0,0,0,0,0.0596475990010324,6.11
"30081",0,0,0,0,0.248543467279055,89.15
"30083",0,0,0,0,0.138517302633552,57.72
"30085",0,0,0,0,0.0755612457155038,15.14
"30087",0,0,0,0,0.0595054102361609,6.05
"30089",0,0,0,0,0.1457034237429,61.37
"30091",0,0,0,0,0.0922052053321464,27.33
"30093",5.46418228512103e-05,0.0712313148129119,1,0,0.211702284348705,82.66
"30095",0,0,0,0,0.0956064841745566,30.51
"30097",0,0,0,0,0.105431886549696,37.45
"30099",0,0,0,0,0.0994127353835569,32.9
"30101",0,0,0,0,0.0778490667662005,16.86
"30103",0,0,0,0,0.053075793741211,3.72
"30105",0,0,0,0,0.103997407786934,36.27
"30107",0,0,0,0,0.0504150567488252,3.15
"30109",0,0,0,0,0.0816829005349868,19.15
"30111",1.0218575326228e-05,0.0133209786573926,1,0,0.330679975275688,97.8
"31001",0,0,0,0,0.16384113587462,69.33
"31003",0,0,0,0,0.0598998002473037,6.36
"31005",0,0,0,0,0.029827310665979,0.25
"31007",0,0,0,0,0.0553110456839269,4.3
"31009",0,0,0,0,0.0420920905623904,1.27
"31011",0,0,0,0,0.0658169673941291,9.16
"31013",0,0,0,0,0.0774655229320758,16.48
"31015",0,0,0,0,0.0483303883166086,2.67
"31017",0,0,0,0,0.0647648605158998,8.62
"31019",0.00116187784581567,1.51462894703943,1,1,0.208429844484807,81.9
"31021",0,0,0,0,0.0736108651191903,13.71
"31023",0,0,0,0,0.0570541207394779,5
"31025",0,0,0,0,0.13862293311652,57.81
"31027",0,0,0,0,0.0754295343144717,14.95
"31029",0,0,0,0,0.0706215197807652,11.84
"31031",0,0,0,0,0.0773998237526543,16.42
"31033",0,0,0,0,0.101075920814806,34.17
"31035",0,0,0,0,0.0591245835603219,5.89
"31037",0,0,0,0,0.0533747608793994,3.85
"31039",0,0,0,0,0.0856511556361857,21.79
"31041",0,0,0,0,0.080701886734634,18.36
"31043",0,0,0,0,0.0842259440024345,20.52
"31045",0,0,0,0,0.0866970483399103,22.62
"31047",0,0,0,0,0.0896157099178158,25.1
"31049",0,0,0,0,0.0427456631167168,1.43
"31051",0,0,0,0,0.0658380740808129,9.2
"31053",0,0,0,0,0.160383254666678,68.02
"31055",0.000386396732187636,0.503708438645697,1,0,0.300245763361758,95
"31057",0,0,0,0,0.0463937262535909,2.1
"31059",0,0,0,0,0.072045782084177,12.79
"31061",0,0,0,0,0.0515218891980844,3.34
"31063",0,0,0,0,0.0378184856601615,0.89
"31065",0,0,0,0,0.0511123369867884,3.28
"31067",0,0,0,0,0.131946889825037,54.06
"31069",0,0,0,0,0.0508008458748051,3.21
"31071",0,0,0,0,0.0756941665532119,15.21
"31073",0,0,0,0,0.0452980222089212,1.81
"31075",0,0,0,0,0.046113989567905,2
"31077",0,0,0,0,0.0582988133949359,5.6
"31079",0,0,0,0,0.199663044567917,80.15
"31081",0,0,0,0,0.109003286823883,39.83
"31083",0,0,0,0,0.058319985435238,5.63
"31085",0,0,0,0,0.0717457612653137,12.63
"31087",0,0,0,0,0.0565039376683094,4.77
"31089",0,0,0,0,0.100127954604359,33.47
"31091",0,0,0,0,0.0532918924706519,3.79
"31093",0,0,0,0,0.0853665505534219,21.54
"31095",0,0,0,0,0.0713513857028395,12.34
"31097",0,0,0,0,0.0547068775846041,4.17
"31099",0,0,0,0,0.0746873020658209,14.44
"31101",0,0,0,0,0.109147479498844,39.9
"31103",0,0,0,0,0.0628333804854295,7.64
"31105",0,0,0,0,0.0489320467139011,2.83
"31107",0,0,0,0,0.0814573303930195,18.9
"31109",5.04963794095963e-06,0.00658272969485594,1,0,0.26905845127004,91.73
"31111",0,0,0,0,0.167850802303052,71.08
"31113",0,0,0,0,0.0441931047418994,1.69
"31115",0,0,0,0,0.053510095434374,3.91
"31117",0,0,0,0,0.0314307682315213,0.38
"31119",0,0,0,0,0.204307966706444,81.26
"31121",0,0,0,0,0.098339682148016,32.1
"31123",0,0,0,0,0.0542470947279766,4.07
"31125",0,0,0,0,0.0468378091259761,2.29
"31127",0,0,0,0,0.0561198086344551,4.55
"31129",0,0,0,0,0.0658952245365719,9.23
"31131",0,0,0,0,0.0994351220908495,32.96
"31133",0,0,0,0,0.0755031277124372,15.08
"31135",0,0,0,0,0.0491807682746059,2.86
"31137",0,0,0,0,0.0766900600642028,15.97
"31139",0,0,0,0,0.0930580946642732,27.94
"31141",0,0,0,0,0.150098733027315,63.41
"31143",0,0,0,0,0.0615810598244108,7.03
"31145",0,0,0,0,0.103103514781797,35.51
"31147",0,0,0,0,0.0870960328571286,22.97
"31149",0,0,0,0,0.0434611367446372,1.62
"31151",0,0,0,0,0.0793871909199656,17.72
"31153",0,0,0,0,0.211686015824636,82.63
"31155",0,0,0,0,0.131052877411885,53.36
"31157",0,0,0,0,0.173741322627673,72.73
"31159",0,0,0,0,0.108164211919171,39.26
"31161",0,0,0,0,0.0620973457910705,7.38
"31163",0,0,0,0,0.0529207788105164,3.69
"31165",0,0,0,0,0.070706412523637,11.99
"31167",0,0,0,0,0.0562893035957881,4.58
"31169",0,0,0,0,0.0597939432547413,6.17
"31171",0,0,0,0,0.0741035888072153,14
"31173",0,0,0,0,0.0500928390074449,3.05
"31175",0,0,0,0,0.0761833885812439,15.72
"31177",0,0,0,0,0.125885644516085,50.65
"31179",0,0,0,0,0.0598230661559925,6.2
"31181",0,0,0,0,0.0557886096177713,4.45
"31183",0,0,0,0,0.0272167211311398,0.16
"31185",0,0,0,0,0.117586219223177,45.5
"32001",0,0,0,0,0.124602257890893,49.76
"32003",0.000838908094465362,1.09360419286668,1,1,0.306855304138907,95.51
"32005",0,0,0,0,0.203940610981067,81.16
"32007",4.14851690520639e-05,0.0540802444468409,1,0,0.169201156350097,71.33
"32009",0,0,0,0,0.0569653506453527,4.9
"32011",0,0,0,0,0.00890277360253921,0.03
"32013",0,0,0,0,0.0898239599905085,25.36
"32015",0,0,0,0,0.0378295978898495,0.92
"32017",0,0,0,0,0.0749290009054373,14.54
"32019",0,0,0,0,0.16577118762118,70.25
"32021",0,0,0,0,0.058066473314573,5.47
"32023",0.000194603009859886,0.253685318965575,1,0,0.154992188784907,65.92
"32027",0,0,0,0,0.0413168077956374,1.15
"32029",0,0,0,0,0.0705020545757051,11.74
"32031",0.00108183497304836,1.41028471452466,1,1,0.355821459457246,98.89
"32033",0,0,0,0,0.0702701887901941,11.55
"32510",0.000203624516391774,0.265445793604378,1,0,0.203364556144879,81.07
"33001",0,0,0,0,0.225442099992652,85.3
"33003",0,0,0,0,0.233460600158751,86.89
"33005",0,0,0,0,0.228839182204879,85.84
"33007",0,0,0,0,0.154687259754335,65.73
"33009",0,0,0,0,0.169800682806827,71.65
"33011",3.14104174893205e-05,0.0409467550648747,1,0,0.322799588972594,97.2
"33013",9.24727205474385e-05,0.120547835434724,1,0,0.278061143463295,92.78
"33015",0.0013712091779601,1.78751417015486,1,1,0.357017039731009,98.95
"33017",0,0,0,0,0.231746741811043,86.67
"33019",0,0,0,0,0.176616656048435,73.59
"34001",0,0,0,0,0.204725525760756,81.39
"34003",0,0,0,0,0.380744441649283,99.27
"34005",0.00167494930515111,2.18347110373247,1,1,0.307829929338343,95.64
"34007",4.38365772400491e-06,0.0057145550253862,1,0,0.330056183646162,97.71
"34009",0.000357345553149896,0.465837196953077,1,0,0.18857961328859,76.96
"34011",0,0,0,0,0.207765810835877,81.77
"34013",0,0,0,0,0.289474382710984,93.86
"34015",0,0,0,0,0.293142433582317,94.15
"34017",0,0,0,0,0.265704534589315,91.35
"34019",0,0,0,0,0.256644343484522,90.26
"34021",0.000540184909449773,0.704187366643623,1,0,0.201143558026151,80.5
"34023",0.000187617260787992,0.244578666489888,1,0,0.325325501239235,97.36
"34025",2.93316299260843e-05,0.0382368386744708,1,0,0.318279346862369,96.79
"34027",0.000944596936193704,1.2313806206016,1,1,0.309434361382448,95.83
"34029",0.00220098304410752,2.86921094377859,1,1,0.314240324242538,96.37
"34031",0,0,0,0,0.40134420104844,99.68
"34033",0,0,0,0,0.153216260737056,64.94
"34035",0.00421723826194003,5.497609900301,1,1,0.26341647527802,91.19
"34037",0,0,0,0,0.25206022189925,89.63
"34039",0.00110204810207138,1.43663463628172,1,1,0.378973748278979,99.24
"34041",0.000107049189102393,0.139549782410866,1,0,0.237109550033886,87.62
"35001",0.000100784829557348,0.131383536418864,1,0,0.295263052829976,94.5
"35003",0,0,0,0,0.0807910551411928,18.42
"35005",0,0,0,0,0.179222384825149,74.51
"35006",0,0,0,0,0.0852641208969101,21.44
"35007",0,0,0,0,0.0942838258626143,29.14
"35009",3.74489757705127e-05,0.0488186455600907,1,0,0.128478911897166,51.7
"35011",0,0,0,0,0.0689231317048614,10.79
"35013",0.00531909189374685,6.9339910243111,1,1,0.233182113458278,86.83
"35015",0,0,0,0,0.158623290859406,67.45
"35017",0,0,0,0,0.115121174115477,43.68
"35019",0,0,0,0,0.0496830728020396,2.99
"35021",0,0,0,0,0.0471334266939304,2.39
"35023",0,0,0,0,0.0881079777655796,23.93
"35025",0,0,0,0,0.117551837940735,45.43
"35027",0,0,0,0,0.172673721503337,72.57
"35028",0,0,0,0,0.0353455385210134,0.64
"35029",0,0,0,0,0.103592873548581,35.95
"35031",0,0,0,0,0.14082359997673,58.8
"35033",0,0,0,0,0.0834627681094018,20.04
"35035",0,0,0,0,0.117604335813624,45.53
"35037",0,0,0,0,0.0874562954079728,23.23
"35039",0,0,0,0,0.119127713540037,46.26
"35041",0,0,0,0,0.083794864962011,20.24
"35043",0,0,0,0,0.200211913502759,80.37
"35045",0,0,0,0,0.195318040332201,79.06
"35047",0,0,0,0,0.106769692256822,38.5
"35049",0,0,0,0,0.238436262048527,87.81
"35051",0,0,0,0,0.0849415948899453,21.19
"35053",0,0,0,0,0.0744191058012958,14.35
"35055",0,0,0,0,0.183504878388488,75.69
"35057",0,0,0,0,0.116788301431777,44.89
"35059",0,0,0,0,0.0773189213394268,16.39
"35061",0,0,0,0,0.152763717218821,64.62
"36001",0,0,0,0,0.242552837004586,88.61
"36003",0,0,0,0,0.132183367375813,54.15
"36005",0.000322405351928842,0.420289000664302,1,0,0.171626833460562,72.19
"36007",0.00273392418962677,3.56395530866933,1,1,0.256087347412939,90.17
"36009",0,0,0,0,0.161135635209562,68.34
"36011",0,0,0,0,0.170785944820026,71.91
"36013",0,0,0,0,0.204329481555121,81.29
"36015",0,0,0,0,0.229095089265326,85.97
"36017",0,0,0,0,0.124108398161871,49.51
"36019",0,0,0,0,0.177778221902426,74.01
"36021",0,0,0,0,0.195261020077111,79.03
"36023",0,0,0,0,0.150393588575757,63.73
"36025",0,0,0,0,0.159257430627521,67.71
"36027",3.13491907990125e-05,0.0408669396885803,1,0,0.22207499590306,84.57
"36029",0.000300146828583713,0.391272694089304,1,0,0.326116249559731,97.39
"36031",0,0,0,0,0.146880937519864,61.82
"36033",0.000580566844355307,0.756829430321534,1,0,0.105392579231211,37.42
"36035",0,0,0,0,0.157961245850768,67.23
"36037",0,0,0,0,0.182844697308642,75.44
"36039",0,0,0,0,0.175039735309401,73.18
"36041",0,0,0,0,0.104827876040306,36.94
"36043",0,0,0,0,0.158971980123228,67.58
"36045",0,0,0,0,0.139626976650963,58.13
"36047",0.000108335818026505,0.141227037399053,1,0,0.226729373178307,85.52
"36049",0,0,0,0,0.102379473286679,35.03
"36051",0,0,0,0,0.154850661723923,65.83
"36053",0,0,0,0,0.151711714370315,64.14
"36055",1.47796720390775e-05,0.0192668439102741,1,0,0.280180306355677,93.1
"36057",0,0,0,0,0.134552403358636,55.65
"36059",1.72215843857635e-05,0.0224501313270569,1,0,0.321636865066078,97.01
"36061",0.000240588906912997,0.313632731753466,1,0,0.229131530287132,86
"36063",0,0,0,0,0.257137433403421,90.36
"36065",0.00051715380708316,0.674163922740007,1,0,0.235619736565576,87.31
"36067",0.000445727063942947,0.581051713790908,1,0,0.307140042743933,95.58
"36069",0,0,0,0,0.222974409573476,84.73
"36071",1.71787853453508e-05,0.0223943383142647,1,0,0.304521577558837,95.29
"36073",0,0,0,0,0.117941570863771,45.59
"36075",0.0035143407776896,4.58130972272125,1,1,0.197962701797632,79.76
"36077",0,0,0,0,0.156261359904539,66.53
"36079",0,0,0,0,0.254258532360168,89.95
"36081",0.000522315167733348,0.68089229463817,1,0,0.242184713769701,88.55
"36083",0,0,0,0,0.207927312290798,81.8
"36085",0,0,0,0,0.198993029432084,79.92
"36087",6.52635013868494e-06,0.00850777805443695,1,0,0.246278161483946,88.93
"36089",0,0,0,0,0.147242395087221,61.95
"36091",0.00491187518058365,6.40314156909816,1,1,0.276922051984798,92.52
"36093",4.7895778785363e-05,0.0624371428120139,1,0,0.203113051307992,81.01
"36095",0,0,0,0,0.109480292778778,40.06
"36097",0,0,0,0,0.0972446190590379,31.47
"36099",0,0,0,0,0.130855120763042,53.17
"36101",0,0,0,0,0.144982167598323,61.06
"36103",0.00173380680976855,2.2601979993912,1,1,0.394689867488186,99.52
"36105",0,0,0,0,0.148094663493256,62.36
"36107",0,0,0,0,0.133414287651291,54.76
"36109",0,0,0,0,0.156308014612729,66.56
"36111",0,0,0,0,0.275586056984287,92.4
"36113",0,0,0,0,0.185826066155615,76.26
"36115",0,0,0,0,0.147427336171403,62.07
"36117",0,0,0,0,0.167868573123261,71.11
"36119",0.00308661312082065,4.02372211325249,1,1,0.304885447255521,95.35
"36121",0,0,0,0,0.130846242693683,53.13
"36123",0.000238578074674937,0.311011402216653,1,0,0.145624830277686,61.25
"37001",0,0,0,0,0.234798237557928,87.11
"37003",0,0,0,0,0.151287271619407,64.05
"37005",0,0,0,0,0.110952681899049,41.04
"37007",0,0,0,0,0.0985048299507154,32.23
"37009",0,0,0,0,0.145864069616856,61.5
"37011",0,0,0,0,0.119442972602802,46.42
"37013",0,0,0,0,0.164233799405582,69.62
"37015",0,0,0,0,0.0882722393078009,24.05
"37017",0,0,0,0,0.0816312233527796,19.06
"37019",0.00111491927158608,1.45341354810917,1,1,0.247836609705918,89.06
"37021",0.000117357882863793,0.152988239847173,1,0,0.310146092154806,95.96
"37023",0,0,0,0,0.150193868401876,63.57
"37025",0,0,0,0,0.267216279268515,91.6
"37027",0,0,0,0,0.17746879798526,73.81
"37029",0,0,0,0,0.134464863431429,55.55
"37031",0,0,0,0,0.219846839570878,84.22
"37033",0,0,0,0,0.123420377797503,49.13
"37035",0,0,0,0,0.257282052278822,90.42
"37037",0,0,0,0,0.190817446139228,77.7
"37039",0.000632311097059753,0.824283460253621,1,0,0.164022221676525,69.42
"37041",0,0,0,0,0.114464114722316,43.3
"37043",0,0,0,0,0.130210991930776,52.78
"37045",0,0,0,0,0.186194445174551,76.33
"37047",0,0,0,0,0.136168457620303,56.44
"37049",0,0,0,0,0.168659661912166,71.17
"37051",0,0,0,0,0.127958774663607,51.38
"37053",0,0,0,0,0.181036634213019,75.02
"37055",0,0,0,0,0.179631966210225,74.61
"37057",0,0,0,0,0.241842718781919,88.48
"37059",0,0,0,0,0.148754493816737,62.74
"37061",0,0,0,0,0.10316607919564,35.54
"37063",0.000191690791017917,0.249888937982802,1,0,0.165793814269265,70.28
"37065",0,0,0,0,0.128742941906699,51.92
"37067",0,0,0,0,0.265104332628737,91.28
"37069",0,0,0,0,0.193830550416032,78.52
"37071",0,0,0,0,0.229339230989195,86.03
"37073",0,0,0,0,0.100819935993751,33.95
"37075",0,0,0,0,0.120185219445087,46.93
"37077",0,0,0,0,0.114248705365265,43.18
"37079",0,0,0,0,0.0923184206246302,27.39
"37081",0.000191991136933744,0.250280470207877,1,0,0.34418555718964,98.54
"37083",0,0,0,0,0.155564877460363,66.21
"37085",0,0,0,0,0.174744756910315,73.08
"37087",0,0,0,0,0.202969689201654,80.94
"37089",0,0,0,0,0.245675804627761,88.86
"37091",0,0,0,0,0.114270129248682,43.21
"37093",0,0,0,0,0.135213727922005,55.87
"37095",0,0,0,0,0.105811167772975,37.8
"37097",0,0,0,0,0.295383766698725,94.53
"37099",0,0,0,0,0.123247514213882,48.93
"37101",0,0,0,0,0.232335466216146,86.73
"37103",0,0,0,0,0.119486843951532,46.52
"37105",0,0,0,0,0.163405918497737,69.27
"37107",0,0,0,0,0.136278005468438,56.54
"37109",0.000995520159283225,1.29776435280349,1,1,0.236657831019077,87.5
"37111",0,0,0,0,0.129690029705044,52.43
"37113",0,0,0,0,0.181115060295693,75.06
"37115",0,0,0,0,0.150829534390402,63.86
"37117",0,0,0,0,0.139040469169698,57.94
"37119",2.78287972393833e-05,0.0362777395333417,1,0,0.340704980723608,98.41
"37121",0,0,0,0,0.105033313352094,37.13
"37123",0,0,0,0,0.106654143836952,38.47
"37125",0,0,0,0,0.204271938386113,81.23
"37127",0,0,0,0,0.185475077743513,76.17
"37129",0,0,0,0,0.291492200952184,94.08
"37131",0,0,0,0,0.0934834460728115,28.38
"37133",0.00517572334502477,6.74709516880312,1,1,0.123243041188048,48.9
"37135",0,0,0,0,0.137398839646862,57.08
"37137",0,0,0,0,0.0893696898094766,24.88
"37139",0,0,0,0,0.149907032178783,63.28
"37141",0,0,0,0,0.202632888968894,80.88
"37143",0,0,0,0,0.135062894393372,55.81
"37145",0,0,0,0,0.150078370332619,63.38
"37147",0,0,0,0,0.194845253846721,78.94
"37149",0,0,0,0,0.15594142408806,66.4
"37151",0,0,0,0,0.214301082695418,83.14
"37153",0,0,0,0,0.140508203434403,58.64
"37155",0,0,0,0,0.157610589807089,67.1
"37157",0,0,0,0,0.162528992214978,68.95
"37159",0,0,0,0,0.228305879194769,85.71
"37161",0,0,0,0,0.183651204155863,75.72
"37163",0,0,0,0,0.125201839713769,50.21
"37165",0,0,0,0,0.118718859533162,46.04
"37167",0,0,0,0,0.188742649556063,77.12
"37169",0,0,0,0,0.133481913883322,54.82
"37171",0,0,0,0,0.174522218472866,73.02
"37173",0,0,0,0,0.0611333673780716,6.84
"37175",0,0,0,0,0.159186303760526,67.67
"37177",0,0,0,0,0.0702115064451164,11.52
"37179",0,0,0,0,0.274491261584207,92.3
"37181",0,0,0,0,0.151235349577427,63.95
"37183",0.00118053775434561,1.53895408389469,1,1,0.333875141232702,98.12
"37185",0,0,0,0,0.0968178454513882,31.21
"37187",0,0,0,0,0.126011885503181,50.72
"37189",0,0,0,0,0.164455518080779,69.71
"37191",0,0,0,0,0.173944885320095,72.89
"37193",0,0,0,0,0.163282964652117,69.17
"37195",0,0,0,0,0.192138061980014,78.11
"37197",0,0,0,0,0.131942272702481,54.02
"37199",0,0,0,0,0.12431975986813,49.6
"38001",0,0,0,0,0.0494159942457662,2.93
"38003",0,0,0,0,0.100322798023244,33.6
"38005",0,0,0,0,0.0324012699947463,0.48
"38007",0,0,0,0,0.0482772857971299,2.58
"38009",0,0,0,0,0.0896369637444716,25.2
"38011",0,0,0,0,0.0754028062369667,14.92
"38013",0,0,0,0,0.0579860428401223,5.44
"38015",0,0,0,0,0.258663684764509,90.68
"38017",0.00316379542205172,4.12433729243394,1,1,0.29886851154479,94.75
"38019",0,0,0,0,0.0538165189017725,3.98
"38021",0,0,0,0,0.0604839961256013,6.55
"38023",0,0,0,0,0.0632001118233717,7.73
"38025",0,0,0,0,0.0598913061282386,6.33
"38027",0,0,0,0,0.0608403175259315,6.75
"38029",0,0,0,0,0.0749369802716293,14.57
"38031",0,0,0,0,0.0652372286019458,8.91
"38033",0,0,0,0,0.0417869234334068,1.21
"38035",0,0,0,0,0.202520853842181,80.85
"38037",0,0,0,0,0.0467849153443053,2.26
"38039",0,0,0,0,0.0626664865225791,7.54
"38041",0,0,0,0,0.0524658000325544,3.53
"38043",0,0,0,0,0.0557220585275488,4.42
"38045",0,0,0,0,0.0781176473656374,17.05
"38047",0,0,0,0,0.0482849169505517,2.61
"38049",0,0,0,0,0.0828062529563536,19.63
"38051",0,0,0,0,0.0598396265768275,6.27
"38053",0,0,0,0,0.0790139437820804,17.59
"38055",0,0,0,0,0.0742929309735633,14.22
"38057",0,0,0,0,0.0634669654124121,7.92
"38059",0,0,0,0,0.183029855445254,75.56
"38061",0,0,0,0,0.0862000908466785,22.05
"38063",0,0,0,0,0.0533191567133717,3.82
"38065",0,0,0,0,0.0598617632014547,6.3
"38067",0,0,0,0,0.070900745592792,12.12
"38069",0,0,0,0,0.0758832413715326,15.37
"38071",0,0,0,0,0.118402981809866,45.82
"38073",0,0,0,0,0.0617649913718709,7.19
"38075",0,0,0,0,0.0687971720292015,10.66
"38077",0,0,0,0,0.105125541485188,37.26
"38079",0,0,0,0,0.0620739613929263,7.35
"38081",0,0,0,0,0.0425364436838074,1.34
"38083",0,0,0,0,0.0375119128824758,0.86
"38085",0,0,0,0,0.0315851931347646,0.41
"38087",0,0,0,0,0.0478040917306285,2.48
"38089",0,0,0,0,0.170346180734801,71.81
"38091",0,0,0,0,0.0586835383939653,5.73
"38093",0,0,0,0,0.121490930133736,47.6
"38095",0,0,0,0,0.0430115892517076,1.46
"38097",0,0,0,0,0.063922646342482,8.05
"38099",0,0,0,0,0.0758836112623095,15.4
"38101",0,0,0,0,0.198580864880913,79.89
"38103",0,0,0,0,0.0723766031986873,13.08
"38105",0,0,0,0,0.134344427654958,55.39
"39001",0,0,0,0,0.132891396958096,54.57
"39003",0,0,0,0,0.257925039324407,90.52
"39005",0,0,0,0,0.16495768271883,69.9
"39007",0.0089893027297516,11.7184936241072,1,1,0.209598874996003,82.21
"39009",0,0,0,0,0.128667689164455,51.86
"39011",0,0,0,0,0.151653864790197,64.11
"39013",0.00511861841812436,6.67265294097906,1,1,0.21068298852379,82.44
"39015",0.00425974025974026,5.55301568706859,1,1,0.156386114548367,66.59
"39017",0.00182926151211538,2.38463315909945,1,1,0.324429958271425,97.26
"39019",0,0,0,0,0.158915906537689,67.55
"39021",0,0,0,0,0.128801554433734,51.99
"39023",0.00206125987285687,2.68706721798975,1,1,0.210337340994674,82.41
"39025",0,0,0,0,0.271851396099511,91.98
"39027",0,0,0,0,0.13027418461209,52.82
"39029",0,0,0,0,0.215539414729858,83.39
"39031",0,0,0,0,0.160306287187922,67.96
"39033",0,0,0,0,0.167651846603244,71.01
"39035",0.000405659469678255,0.528819425921671,1,0,0.366376786403128,99.17
"39037",0,0,0,0,0.175498376416998,73.31
"39039",0,0,0,0,0.152952140671551,64.72
"39041",0,0,0,0,0.235937143970073,87.37
"39043",0,0,0,0,0.196446683942646,79.45
"39045",0,0,0,0,0.22214548954702,84.63
"39047",0,0,0,0,0.134777053323386,55.74
"39049",0.00106814309852454,1.39243592812452,1,1,0.31761828267103,96.69
"39051",0,0,0,0,0.140420371208995,58.57
"39053",0,0,0,0,0.112382111667812,42.19
"39055",0,0,0,0,0.230499618890781,86.41
"39057",0,0,0,0,0.157540106447996,67.01
"39059",0.00176233635448137,2.2973892363388,1,1,0.161856112506282,68.6
"39061",0.000213509454910362,0.278331841887232,1,0,0.331854899323132,98
"39063",0,0,0,0,0.172532863868669,72.51
"39065",0,0,0,0,0.10911039423032,39.87
"39067",0,0,0,0,0.102556353622945,35.09
"39069",0,0,0,0,0.111077696440904,41.11
"39071",0,0,0,0,0.151028299281676,63.89
"39073",0,0,0,0,0.137711559483761,57.3
"39075",0,0,0,0,0.214350174420563,83.17
"39077",0,0,0,0,0.153825351413806,65.29
"39079",0,0,0,0,0.12468325806964,49.83
"39081",0,0,0,0,0.169037363448038,71.24
"39083",0,0,0,0,0.176932926281199,73.69
"39085",0.00136590588170148,1.7806007703883,1,1,0.319590644393547,96.85
"39087",0.0104227358063054,13.5871231355582,1,1,0.145980473797366,61.57
"39089",0.00111977948957744,1.45974934914466,1,1,0.211721837678939,82.69
"39091",0,0,0,0,0.137641513858333,57.21
"39093",0.000772672548561571,1.00725925091764,1,1,0.270624140871731,91.82
"39095",0.000724099430530835,0.943939125757948,1,0,0.307663663731505,95.61
"39097",0,0,0,0,0.101356974806329,34.43
"39099",0,0,0,0,0.306676128642821,95.48
"39101",0,0,0,0,0.153942944980598,65.35
"39103",0,0,0,0,0.289391521164808,93.83
"39105",0,0,0,0,0.103765677415238,36.08
"39107",0,0,0,0,0.144382465844667,60.8
"39109",0,0,0,0,0.205747564959191,81.51
"39111",0,0,0,0,0.118080121220344,45.69
"39113",0.00104175363071104,1.35803450460893,1,1,0.330493050413379,97.77
"39115",0,0,0,0,0.0854325732400407,21.57
"39117",0,0,0,0,0.168925537621495,71.21
"39119",0,0,0,0,0.194587330122865,78.87
"39121",0,0,0,0,0.107795785478191,39.01
"39123",0,0,0,0,0.13732445221722,56.98
"39125",0,0,0,0,0.0938472848407303,28.7
"39127",0,0,0,0,0.122831834265019,48.49
"39129",0,0,0,0,0.117434845712462,45.31
"39131",0,0,0,0,0.104157207228055,36.43
"39133",0,0,0,0,0.225192170762405,85.27
"39135",0,0,0,0,0.111367392740019,41.33
"39137",0,0,0,0,0.144189602906639,60.61
"39139",0,0,0,0,0.234832437184937,87.15
"39141",0,0,0,0,0.163382652329848,69.23
"39143",0.000515198351365276,0.671614782272592,1,0,0.15784047455234,67.2
"39145",0,0,0,0,0.146217926207164,61.63
"39147",4.68208633767207e-05,0.0610358784713504,1,0,0.15703361979177,66.88
"39149",0,0,0,0,0.133024351612758,54.66
"39151",0.000184087901973192,0.239977779189526,1,0,0.331436559481109,97.93
"39153",8.04367365067374e-05,0.104857674976115,1,0,0.349464332027746,98.73
"39155",0.00592788422228884,7.72761531697322,1,1,0.283220479898922,93.57
"39157",0,0,0,0,0.272044604806286,92.01
"39159",0.000742370814221704,0.96775777996529,1,0,0.141285381946988,59.12
"39161",0.00848263833835421,11.0580037486799,1,1,0.132814056291914,54.5
"39163",0,0,0,0,0.0930708459250267,27.97
"39165",8.92626016477876e-06,0.0116363110658053,1,0,0.272620391878815,92.14
"39167",0,0,0,0,0.182001458364937,75.34
"39169",0,0,0,0,0.229520644337267,86.06
"39171",0,0,0,0,0.146735966330863,61.72
"39173",0,0,0,0,0.212059330487596,82.76
"39175",0,0,0,0,0.107666285711415,38.88
"40001",0,0,0,0,0.0935993207581962,28.41
"40003",0,0,0,0,0.055176414655316,4.23
"40005",0,0,0,0,0.12226471620684,48.14
"40007",0,0,0,0,0.0752862386134723,14.83
"40009",0,0,0,0,0.10445473638818,36.62
"40011",0,0,0,0,0.0758660011981331,15.34
"40013",0,0,0,0,0.133926697286693,55.14
"40015",0,0,0,0,0.0906261840282487,25.99
"40017",0,0,0,0,0.235705208953347,87.34
"40019",0,0,0,0,0.189083088261657,77.16
"40021",0,0,0,0,0.0852583218922944,21.41
"40023",0,0,0,0,0.0830949002323082,19.82
"40025",0,0,0,0,0.0468799601091211,2.35
"40027",0.0011841054496388,1.54360494679284,1,1,0.247681236235581,89.02
"40029",0,0,0,0,0.077762606116715,16.8
"40031",0,0,0,0,0.134102035118927,55.2
"40033",0,0,0,0,0.0506819424603334,3.18
"40035",0,0,0,0,0.113943023947654,43.02
"40037",0,0,0,0,0.184842034384885,76.01
"40039",0,0,0,0,0.132639293083305,54.44
"40041",0,0,0,0,0.16548479254395,70.12
"40043",0,0,0,0,0.0636990421541127,7.99
"40045",0,0,0,0,0.0465519798020356,2.2
"40047",0,0,0,0,0.188546167726066,76.93
"40049",0,0,0,0,0.13223221695705,54.22
"40051",0,0,0,0,0.187088362021066,76.58
"40053",0,0,0,0,0.0715707677780458,12.47
"40055",0,0,0,0,0.0553878432903115,4.33
"40057",0,0,0,0,0.083722013476054,20.17
"40059",0,0,0,0,0.0599729162416536,6.4
"40061",0,0,0,0,0.103292218807387,35.67
"40063",0,0,0,0,0.0852139978436975,21.38
"40065",0,0,0,0,0.098257883870638,32.04
"40067",0,0,0,0,0.072939922570587,13.27
"40069",0,0,0,0,0.0686014805179904,10.59
"40071",0,0,0,0,0.155155222643397,66.02
"40073",0,0,0,0,0.112640455285823,42.25
"40075",0,0,0,0,0.0781520148477089,17.09
"40077",0,0,0,0,0.0685811798455357,10.53
"40079",0,0,0,0,0.140521553518241,58.67
"40081",0,0,0,0,0.125217493058565,50.27
"40083",0,0,0,0,0.174032055491724,72.92
"40085",0,0,0,0,0.0524811036286024,3.6
"40087",0,0,0,0,0.14566198420719,61.31
"40089",0.00286430361618332,3.73391848876792,1,1,0.128306969971721,51.54
"40091",0,0,0,0,0.110499663882349,40.79
"40093",0,0,0,0,0.0877025199700733,23.58
"40095",0,0,0,0,0.0874593800966437,23.26
"40097",0,0,0,0,0.136438829710455,56.6
"40099",0,0,0,0,0.0887564316907298,24.56
"40101",0,0,0,0,0.169502442480741,71.46
"40103",0,0,0,0,0.0618063684842049,7.22
"40105",0,0,0,0,0.0904159192956271,25.74
"40107",0,0,0,0,0.07216413277255,12.85
"40109",0.000589398023360288,0.768341793179301,1,0,0.310320182706189,95.99
"40111",0,0,0,0,0.111179078267554,41.14
"40113",0,0,0,0,0.120577206109565,47.22
"40115",0.028113258185722,36.6485640440064,1,1,0.127523111186895,51.22
"40117",0,0,0,0,0.106177012751023,38.02
"40119",0,0,0,0,0.156569226029907,66.69
"40121",0,0,0,0,0.147578153578094,62.14
"40123",0.0107451427568966,14.0074142202456,1,1,0.143472817776105,60.36
"40125",0,0,0,0,0.177955850410854,74.1
"40127",0,0,0,0,0.105783366669902,37.77
"40129",0,0,0,0,0.074128547782657,14.03
"40131",0,0,0,0,0.19459558654516,78.91
"40133",0,0,0,0,0.103932958247036,36.21
"40135",0,0,0,0,0.136794204364263,56.73
"40137",0,0,0,0,0.139839619507659,58.26
"40139",0,0,0,0,0.0767997412987739,16.04
"40141",0,0,0,0,0.0733825055815785,13.59
"40143",0.00221465528251916,2.88703413245861,1,1,0.391498711672286,99.43
"40145",0,0,0,0,0.172301335929898,72.35
"40147",0,0,0,0,0.169784673081514,71.62
"40149",0,0,0,0,0.0998068549819169,33.28
"40151",0,0,0,0,0.0870153728871181,22.84
"40153",0,0,0,0,0.141177485766775,59.02
"41001",0,0,0,0,0.141264380667395,59.05
"41003",0,0,0,0,0.169572181121845,71.56
"41005",0,0,0,0,0.34713695297757,98.66
"41007",0,0,0,0,0.179882716227639,74.8
"41009",0,0,0,0,0.206918454951854,81.64
"41011",0,0,0,0,0.195712869921973,79.16
"41013",0,0,0,0,0.170843151114327,71.94
"41015",0,0,0,0,0.162232511946044,68.79
"41017",0,0,0,0,0.32253042562808,97.17
"41019",0,0,0,0,0.194108387872183,78.62
"41021",0,0,0,0,0.0601759124537417,6.43
"41023",0,0,0,0,0.0924216743415811,27.43
"41025",0,0,0,0,0.0942031431446151,29.02
"41027",0,0,0,0,0.146856393528774,61.79
"41029",0,0,0,0,0.317325880247884,96.63
"41031",0,0,0,0,0.121791972646341,47.76
"41033",0.000836750062756255,1.09079097346758,1,1,0.230247657698711,86.19
"41035",0,0,0,0,0.197997232560311,79.8
"41037",0,0,0,0,0.0737187415832684,13.74
"41039",0,0,0,0,0.320464352093844,96.91
"41041",0,0,0,0,0.166116022871315,70.41
"41043",0,0,0,0,0.195913994099531,79.22
"41045",0,0,0,0,0.127148595265263,51.07
"41047",0,0,0,0,0.239084964982858,87.91
"41049",0,0,0,0,0.0595302391174953,6.08
"41051",0.000152256894998271,0.198482741865888,1,0,0.365221354182007,99.14
"41053",0,0,0,0,0.179640536879086,74.64
"41055",0,0,0,0,0.0689482799456506,10.82
"41057",0,0,0,0,0.127688836901563,51.29
"41059",0,0,0,0,0.158032589135462,67.26
"41061",0,0,0,0,0.149106572207691,63.06
"41063",0,0,0,0,0.142928996037719,59.97
"41065",0,0,0,0,0.145673022364124,61.34
"41067",0.000677905892452746,0.88372103123862,1,0,0.299964549165849,94.94
"41069",0,0,0,0,0.0817228778470217,19.19
"41071",2.18588790766809e-05,0.0284953285912193,1,0,0.199185566548007,80.02
"42001",0,0,0,0,0.201915176312117,80.75
"42003",0.00175072240830558,2.28224924625244,1,1,0.317824863795477,96.72
"42005",0,0,0,0,0.205317385655227,81.45
"42007",0,0,0,0,0.249631688664857,89.34
"42009",0,0,0,0,0.155112652461776,65.99
"42011",0.0019298509553281,2.51576198904078,1,1,0.316997904969766,96.6
"42013",0,0,0,0,0.265264073457006,91.31
"42015",0,0,0,0,0.15409729206716,65.42
"42017",0.000990086111436797,1.29068050470582,1,1,0.407581468189925,99.81
"42019",0,0,0,0,0.288288576589475,93.76
"42021",1.91806045726561e-05,0.0250039184515709,1,0,0.23615154805453,87.4
"42023",0,0,0,0,0.0694103676971763,11.26
"42025",5.34988230258934e-05,0.0697412953344266,1,0,0.148708360158248,62.68
"42027",0.00427239612273878,5.56951392439737,1,1,0.175980782548449,73.43
"42029",0.000248352007039005,0.323752742399992,1,0,0.341304587519884,98.47
"42031",0.0188143414980476,24.5264563353668,1,1,0.159748497512331,67.8
"42033",0.00639765315357488,8.34000811222968,1,1,0.196049090118077,79.35
"42035",0,0,0,0,0.155976889287983,66.43
"42037",0,0,0,0,0.175957715186909,73.4
"42039",0,0,0,0,0.211665995127361,82.6
"42041",0,0,0,0,0.214061010941877,83.07
"42043",0.00153239502606048,1.99763673361121,1,1,0.228208113862265,85.68
"42045",0,0,0,0,0.29932090629025,94.85
"42047",0,0,0,0,0.135390584874011,56.03
"42049",0.000230806514898561,0.300880363533594,1,0,0.273506543424537,92.27
"42051",0,0,0,0,0.219203741324342,83.93
"42053",0,0,0,0,0.0982849191575846,32.07
"42055",0.000575407949482133,0.75010427282087,1,0,0.204800381430707,81.42
"42057",0,0,0,0,0.0964114145208328,30.93
"42059",0,0,0,0,0.10857644121081,39.64
"42061",0,0,0,0,0.132918395938224,54.6
"42063",0,0,0,0,0.195959787919707,79.29
"42065",0,0,0,0,0.169506960536435,71.49
"42067",0,0,0,0,0.13410453805838,55.23
"42069",0,0,0,0,0.259273712903157,90.77
"42071",0.000758592109237264,0.988903929775716,1,0,0.36393162121259,99.11
"42073",0,0,0,0,0.219901451640381,84.25
"42075",0.00275583318023149,3.59251596286359,1,1,0.23802805202489,87.75
"42077",0.00105319070994212,1.37294393018698,1,1,0.29076414660426,94.05
"42079",1.27365820108516e-05,0.0166034629797374,1,0,0.280765686981055,93.16
"42081",9.16002564807182e-05,0.11941048753239,1,0,0.253192217918768,89.79
"42083",0,0,0,0,0.150309261191777,63.7
"42085",0,0,0,0,0.220437477162617,84.35
"42087",5.27120341573981e-05,0.0687156339882505,1,0,0.177871268924376,74.04
"42089",0,0,0,0,0.196477518214442,79.51
"42091",0.00448919640864287,5.85213570769356,1,1,0.362314813625162,99.08
"42093",0,0,0,0,0.0667573521653597,9.67
"42095",0,0,0,0,0.272306084457168,92.11
"42097",0,0,0,0,0.196682153318728,79.57
"42099",0,0,0,0,0.149787691230623,63.25
"42101",0.0021563188927185,2.81098656431186,1,1,0.231366403927344,86.64
"42103",0,0,0,0,0.14532823286964,61.15
"42105",0,0,0,0,0.112200200318852,42
"42107",0,0,0,0,0.211272767549974,82.53
"42109",0,0,0,0,0.164003363025749,69.39
"42111",0,0,0,0,0.207279377433905,81.74
"42113",0,0,0,0,0.104205016842676,36.46
"42115",0,0,0,0,0.17245461301019,72.41
"42117",0,0,0,0,0.152134336524792,64.27
"42119",0,0,0,0,0.135336923083636,55.97
"42121",0,0,0,0,0.195553149250005,79.13
"42123",0,0,0,0,0.14423505599154,60.67
"42125",0.000878293601003764,1.14494730824814,1,1,0.294521131334055,94.4
"42127",0,0,0,0,0.189105470165881,77.19
"42129",0,0,0,0,0.317942237001317,96.75
"42131",0,0,0,0,0.133857090419544,55.04
"42133",0,0,0,0,0.313845707022019,96.31
"44001",0,0,0,0,0.230474723064935,86.38
"44003",0,0,0,0,0.280239712633762,93.13
"44005",0,0,0,0,0.192638821453555,78.24
"44007",0.00647793077620653,8.44465836567525,1,1,0.311309227141862,96.12
"44009",0,0,0,0,0.23025949393544,86.26
"45001",0,0,0,0,0.122680654710253,48.33
"45003",1.34473670055403e-05,0.0175300453497808,1,0,0.165579196130773,70.16
"45005",0,0,0,0,0.0720322233496852,12.76
"45007",8.44065017122462e-05,0.110032677937801,1,0,0.24098266343441,88.26
"45009",0,0,0,0,0.100974858748045,34.01
"45011",0,0,0,0,0.0981175245573911,31.98
"45013",0,0,0,0,0.233773876367518,86.92
"45015",0,0,0,0,0.250567468065332,89.5
"45017",0,0,0,0,0.0903608387567585,25.71
"45019",0.000425236180617481,0.554339710332946,1,0,0.304965044475193,95.39
"45021",0,0,0,0,0.16605665358353,70.35
"45023",0,0,0,0,0.138278212441188,57.59
"45025",0,0,0,0,0.115863466339958,44.16
"45027",0,0,0,0,0.136304047463824,56.57
"45029",0,0,0,0,0.156435294467654,66.62
"45031",0,0,0,0,0.142652423107573,59.78
"45033",0,0,0,0,0.102636719761384,35.13
"45035",0,0,0,0,0.239506905157834,88.04
"45037",0,0,0,0,0.110717809516735,40.92
"45039",0,0,0,0,0.115195300813238,43.75
"45041",0,0,0,0,0.205865541171567,81.55
"45043",0,0,0,0,0.178166552341052,74.23
"45045",0.00190850661625709,2.48793741700956,1,1,0.34921522460416,98.7
"45047",0,0,0,0,0.171195310942257,72.1
"45049",0,0,0,0,0.121089266898528,47.41
"45051",0.000743150225990765,0.968773824492979,1,0,0.282496036981737,93.51
"45053",0,0,0,0,0.161940165995611,68.66
"45055",0,0,0,0,0.186063119066252,76.3
"45057",0,0,0,0,0.212726128748005,82.88
"45059",0,0,0,0,0.141982612211596,59.47
"45061",0,0,0,0,0.117508990397455,45.4
"45063",0.00362360637049,4.7237488185065,1,1,0.321302336718669,96.98
"45065",0,0,0,0,0.120443143705931,47.12
"45067",0,0,0,0,0.120505944120559,47.18
"45069",0,0,0,0,0.0875173741302186,23.29
"45071",0,0,0,0,0.117494462921985,45.37
"45073",0,0,0,0,0.190413971886807,77.47
"45075",0,0,0,0,0.178226362285573,74.26
"45077",0,0,0,0,0.169344452596604,71.36
"45079",3.44546404658267e-05,0.0449152172040439,1,0,0.254249577001692,89.91
"45081",0,0,0,0,0.078865658774302,17.53
"45083",0.000729088925885527,0.950443453319191,1,0,0.284091849744002,93.6
"45085",0,0,0,0,0.182838862423346,75.41
"45087",0,0,0,0,0.0979868689259642,31.88
"45089",0,0,0,0,0.103541481064266,35.92
"45091",0,0,0,0,0.303703935251394,95.23
"46003",0,0,0,0,0.0477548524149943,2.45
"46005",0,0,0,0,0.123138594375768,48.74
"46007",0,0,0,0,0.0521021468773587,3.4
"46009",0,0,0,0,0.0816445330804614,19.12
"46011",0,0,0,0,0.136200160409273,56.47
"46013",0,0,0,0,0.190080017552538,77.31
"46015",0,0,0,0,0.0884293084954137,24.28
"46017",0,0,0,0,0.0460944897471036,1.97
"46019",0,0,0,0,0.142549046063667,59.72
"46021",0,0,0,0,0.0570032160879207,4.93
"46023",0,0,0,0,0.0942522653655745,29.11
"46025",0,0,0,0,0.0502405083238478,3.09
"46027",0,0,0,0,0.0813055656449713,18.84
"46029",0,0,0,0,0.190292918368539,77.44
"46031",0,0,0,0,0.0403115628161387,1.08
"46033",0,0,0,0,0.129498016707096,52.24
"46035",0,0,0,0,0.160462199190141,68.12
"46037",0,0,0,0,0.0878798587638493,23.67
"46039",0,0,0,0,0.0742320864790793,14.13
"46041",0,0,0,0,0.0564624472392251,4.71
"46043",0,0,0,0,0.0587964346467988,5.79
"46045",0,0,0,0,0.0643988332503822,8.3
"46047",0,0,0,0,0.0941280778294522,28.92
"46049",0,0,0,0,0.0563422426162588,4.61
"46051",0,0,0,0,0.0856213505187407,21.73
"46053",0,0,0,0,0.0867849936752052,22.75
"46055",0,0,0,0,0.0651746754829218,8.85
"46057",0,0,0,0,0.0629646259266542,7.67
"46059",0,0,0,0,0.0597891677351799,6.14
"46061",0,0,0,0,0.0671548345715697,9.99
"46063",0,0,0,0,0.0464963774529552,2.16
"46065",0,0,0,0,0.138294823245698,57.62
"46067",0,0,0,0,0.0712235640157293,12.31
"46069",0,0,0,0,0.0448669360103732,1.78
"46071",0,0,0,0,0.0482896898463668,2.64
"46073",0,0,0,0,0.03523409031105,0.6
"46075",0,0,0,0,0.0493160010585549,2.9
"46077",0,0,0,0,0.071950448358464,12.73
"46079",0,0,0,0,0.106507670877458,38.37
"46081",0,0,0,0,0.178767724530241,74.36
"46083",0.0155862148588582,20.3182565921375,1,1,0.213151549307843,82.91
"46085",0,0,0,0,0.0534257976467088,3.88
"46087",0,0,0,0,0.0870562523188882,22.88
"46089",0,0,0,0,0.0467214843435609,2.23
"46091",0,0,0,0,0.0559073883468288,4.49
"46093",0.00327623326780867,4.2709117507899,1,1,0.181373799872133,75.12
"46095",0,0,0,0,0.0289346439926678,0.22
"46097",0,0,0,0,0.0664397492577365,9.42
"46099",0,0,0,0,0.282860034366374,93.54
"46101",0,0,0,0,0.0633164725486408,7.86
"46102",0,0,0,0,0.0353632439034027,0.67
"46103",0,0,0,0,0.288755542392235,93.8
"46105",0,0,0,0,0.070690657402584,11.93
"46107",0,0,0,0,0.0582478779966784,5.54
"46109",0,0,0,0,0.0710732302691621,12.22
"46111",0,0,0,0,0.0426606210156838,1.4
"46115",0,0,0,0,0.0542203408205497,4.01
"46117",0,0,0,0,0.0822599605085564,19.44
"46119",0,0,0,0,0.046401569056259,2.13
"46121",0,0,0,0,0.0322811309626983,0.45
"46123",0,0,0,0,0.0817625662803324,19.25
"46125",0,0,0,0,0.0848749106126179,21.13
"46127",0,0,0,0,0.142420994095195,59.62
"46129",0,0,0,0,0.0939292673687106,28.76
"46135",0,0,0,0,0.154962593542415,65.86
"46137",0,0,0,0,0.0359858056522694,0.73
"47001",0.0031774122189599,4.14208820733206,1,1,0.155764633109206,66.31
"47003",0,0,0,0,0.148367089018496,62.52
"47005",0,0,0,0,0.133692976384605,54.92
"47007",0,0,0,0,0.119593987580288,46.55
"47009",0.00719243694839662,9.37609167868219,1,1,0.241015880068015,88.32
"47011",0,0,0,0,0.213800946365844,82.98
"47013",0,0,0,0,0.154483775774173,65.64
"47015",0,0,0,0,0.143355137915867,60.23
"47017",0,0,0,0,0.122867461999698,48.55
"47019",0,0,0,0,0.15447729789703,65.61
"47021",0.00707189762586294,9.21895610042537,1,1,0.155389275137394,66.12
"47023",0,0,0,0,0.109540138013819,40.09
"47025",0,0,0,0,0.109723239635469,40.18
"47027",0,0,0,0,0.093833042575051,28.67
"47029",0,0,0,0,0.123836771101734,49.41
"47031",0,0,0,0,0.177384450168912,73.78
"47033",0,0,0,0,0.0845871830319151,20.78
"47035",0.00501947209000433,6.54340536206697,1,1,0.186197059439887,76.36
"47037",0.000831454771921966,1.08388800960654,1,1,0.332645259353094,98.06
"47039",0,0,0,0,0.136957719425223,56.89
"47041",0,0,0,0,0.102837138426488,35.35
"47043",0,0,0,0,0.188225672623675,76.87
"47045",0,0,0,0,0.12498839641909,49.92
"47047",0,0,0,0,0.18809396296642,76.84
"47049",0,0,0,0,0.0945014067459907,29.43
"47051",0,0,0,0,0.140251665177277,58.45
"47053",0,0,0,0,0.164187706609348,69.58
"47055",8.82145377558222e-05,0.114996850069787,1,0,0.138203249460553,57.52
"47057",0,0,0,0,0.107084253037977,38.69
"47059",0.000422535211267606,0.550818715094831,1,0,0.161046433508937,68.31
"47061",0,0,0,0,0.108685731509606,39.74
"47063",0,0,0,0,0.174666335883495,73.05
"47065",0.00133565926927296,1.74117115659619,1,1,0.341239177931908,98.44
"47067",0,0,0,0,0.0847898477922186,21.06
"47069",0,0,0,0,0.101527537835259,34.55
"47071",0,0,0,0,0.141168923217197,58.99
"47073",0,0,0,0,0.121949727328549,47.95
"47075",0,0,0,0,0.0780996302692622,17.02
"47077",0,0,0,0,0.127374555344512,51.19
"47079",0,0,0,0,0.164090440299402,69.49
"47081",0,0,0,0,0.136094899219185,56.41
"47083",0,0,0,0,0.129592713938904,52.37
"47085",0,0,0,0,0.116299312825906,44.51
"47087",0,0,0,0,0.115827912791112,44.07
"47089",0,0,0,0,0.130430072631139,52.94
"47091",0,0,0,0,0.0990070403607533,32.55
"47093",0.000190293663900612,0.248067637075668,1,0,0.327419535333045,97.49
"47095",0,0,0,0,0.0594328946362337,5.98
"47097",0,0,0,0,0.0817730561330353,19.28
"47099",0,0,0,0,0.153920523858617,65.32
"47101",0,0,0,0,0.117240500352924,45.21
"47103",0,0,0,0,0.131997788980926,54.09
"47105",0,0,0,0,0.164364126897697,69.68
"47107",0,0,0,0,0.147116993401718,61.85
"47109",0,0,0,0,0.155737971548444,66.24
"47111",0,0,0,0,0.112852758093222,42.38
"47113",0,0,0,0,0.226007981606303,85.43
"47115",0,0,0,0,0.129256574055374,52.18
"47117",0,0,0,0,0.141061217410051,58.89
"47119",0.00242446848190974,3.16054751978447,1,1,0.231282600488642,86.61
"47121",0,0,0,0,0.0796272607595622,17.94
"47123",0,0,0,0,0.130130837286582,52.72
"47125",0.000230040595399188,0.299881907586586,1,0,0.230788002183122,86.48
"47127",0,0,0,0,0.0619930563136559,7.29
"47129",0,0,0,0,0.088357755726511,24.18
"47131",0,0,0,0,0.132426606853426,54.31
"47133",0,0,0,0,0.139699002378336,58.22
"47135",0.0404089581304771,52.6772912699423,1,1,0.0944152571483904,29.34
"47137",0,0,0,0,0.121741685570062,47.69
"47139",0,0,0,0,0.116197615325097,44.45
"47141",0,0,0,0,0.218386813588695,83.84
"47143",0,0,0,0,0.0910023779296285,26.25
"47145",0,0,0,0,0.115034299184269,43.59
"47147",0,0,0,0,0.178305623537608,74.29
"47149",0.00255606177149281,3.33209309693483,1,1,0.280943656003635,93.25
"47151",0,0,0,0,0.114611046447513,43.43
"47153",0,0,0,0,0.119416842205406,46.39
"47155",0,0,0,0,0.16268005273942,68.98
"47157",0.00321582206393983,4.19215944611797,1,1,0.326507294619907,97.42
"47159",0,0,0,0,0.106250954029247,38.15
"47161",0,0,0,0,0.0913735323876306,26.63
"47163",0.00246448432923446,3.21271235012065,1,1,0.235280447952989,87.24
"47165",8.1336080685392e-05,0.106030063907746,1,0,0.280914126458013,93.22
"47167",0,0,0,0,0.161142032925527,68.37
"47169",0,0,0,0,0.0870597616802554,22.91
"47171",0,0,0,0,0.0939411717883705,28.79
"47173",0,0,0,0,0.131915193363014,53.96
"47175",0,0,0,0,0.11106127394891,41.08
"47177",0,0,0,0,0.15676423354964,66.78
"47179",0.00136640593410577,1.78125264084896,1,1,0.23226952408547,86.7
"47181",0,0,0,0,0.0963168851521215,30.89
"47183",0.00558351682919157,7.27869650517208,1,1,0.137554296117575,57.11
"47185",0,0,0,0,0.136920546399365,56.86
"47187",0.0017204250737325,2.24275351085497,1,1,0.297178140115684,94.65
"47189",1.34368869420333e-05,0.0175163834940085,1,0,0.225131812420323,85.24
"48001",0,0,0,0,0.166641951636268,70.6
"48003",0,0,0,0,0.0925316668427361,27.52
"48005",0.00035228988424761,0.459246605271148,1,0,0.201198109726352,80.53
"48007",0,0,0,0,0.178155849789872,74.2
"48009",0,0,0,0,0.0910930541401512,26.38
"48011",0,0,0,0,0.0751047425659967,14.64
"48013",0,0,0,0,0.135251183955507,55.93
"48015",0,0,0,0,0.199031172091158,79.96
"48017",0,0,0,0,0.0632196107345156,7.83
"48019",0,0,0,0,0.144741376245292,60.93
"48021",0.00361670128195946,4.71474731545876,1,1,0.222898925034378,84.66
"48023",0,0,0,0,0.0811865448075268,18.71
"48025",0,0,0,0,0.109815713823375,40.25
"48027",0.00186581799029551,2.43228834096976,1,1,0.180241867859725,74.86
"48029",0.00130881767034178,1.70618033301487,1,1,0.300888152858477,95.07
"48031",0,0,0,0,0.142031860299464,59.5
"48033",0,0,0,0,0.064613431826571,8.46
"48035",0,0,0,0,0.105637531985109,37.58
"48037",0,0,0,0,0.224832615151703,85.21
"48039",0,0,0,0,0.241263919402002,88.39
"48041",7.01705143498702e-06,0.00914745837057821,1,0,0.179450306878694,74.58
"48043",0,0,0,0,0.110042325808125,40.47
"48045",0,0,0,0,0.0782679442217361,17.18
"48047",0,0,0,0,0.0666694464507465,9.61
"48049",0,0,0,0,0.162293361029533,68.82
"48051",0,0,0,0,0.125552429978884,50.4
"48053",0,0,0,0,0.214843060308355,83.33
"48055",7.99168864381044e-05,0.104179996195245,1,0,0.14835928563221,62.49
"48057",6.58544616397761e-05,0.0858481588667172,1,0,0.0910981405286649,26.44
"48059",0,0,0,0,0.133050386792361,54.72
"48061",0,0,0,0,0.204501057444727,81.36
"48063",0,0,0,0,0.0967329070510044,31.18
"48065",0,0,0,0,0.0382280698887706,0.99
"48067",0,0,0,0,0.111241729884468,41.2
"48069",0,0,0,0,0.0508879391858847,3.25
"48071",0,0,0,0,0.139642112062916,58.16
"48073",0,0,0,0,0.140596127373064,58.73
"48075",0,0,0,0,0.0861693208914407,22.02
"48077",0,0,0,0,0.0942954186507682,29.18
"48079",0,0,0,0,0.0970808253096085,31.34
"48081",0,0,0,0,0.0721715041493588,12.92
"48083",0,0,0,0,0.105643139988646,37.61
"48085",0.000652645079591853,0.850790927163872,1,0,0.270906565225331,91.89
"48087",0,0,0,0,0.0800509044216147,18.14
"48089",0,0,0,0,0.128135922833385,51.48
"48091",0.000943135811556864,1.22947589225329,1,1,0.304309969375974,95.26
"48093",0.00755540631296172,9.84926010033572,1,1,0.104756321880324,36.78
"48095",0,0,0,0,0.076990777816786,16.1
"48097",0,0,0,0,0.154127860608142,65.48
"48099",0,0,0,0,0.143693464294752,60.42
"48101",0,0,0,0,0.109363016607757,39.99
"48103",0,0,0,0,0.0644745323277195,8.37
"48105",0,0,0,0,0.0777452596143419,16.77
"48107",0,0,0,0,0.075107052938502,14.67
"48109",0,0,0,0,0.060323241187971,6.49
"48111",0,0,0,0,0.0744796441054541,14.38
"48113",0.000461649444549969,0.601808197495307,1,0,0.404141635856564,99.78
"48115",0,0,0,0,0.0849973613326329,21.22
"48117",0,0,0,0,0.0714206007443015,12.38
"48119",0,0,0,0,0.0913553328738098,26.6
"48121",0.00165595302714275,2.15870747418133,1,1,0.354596725920496,98.85
"48123",0,0,0,0,0.101683018923805,34.58
"48125",0,0,0,0,0.0910138458580945,26.28
"48127",0,0,0,0,0.0909864324470291,26.22
"48129",0,0,0,0,0.0813573533306444,18.87
"48131",0,0,0,0,0.0690639914708344,10.98
"48133",0,0,0,0,0.122033359811901,47.98
"48135",0,0,0,0,0.211422390907608,82.56
"48137",0,0,0,0,0.0949418578446659,29.84
"48139",0,0,0,0,0.250381884260217,89.44
"48141",0.00153383369073147,1.99951218305164,1,1,0.259245246115548,90.74
"48143",0,0,0,0,0.153683374206075,65.13
"48145",0,0,0,0,0.0926033189703417,27.62
"48147",0,0,0,0,0.128829858785541,52.05
"48149",0,0,0,0,0.167190212334839,70.82
"48151",0,0,0,0,0.0660715263504921,9.35
"48153",0,0,0,0,0.0666648746857765,9.58
"48155",0,0,0,0,0.0687634629546106,10.63
"48157",0.00125635716726637,1.63779259602476,1,1,0.281325577683084,93.32
"48159",0,0,0,0,0.0676005477321344,10.18
"48161",0,0,0,0,0.103847210681389,36.18
"48163",0,0,0,0,0.0710699429361611,12.19
"48165",0,0,0,0,0.130196612944922,52.75
"48167",0,0,0,0,0.204014847260537,81.2
"48169",0,0,0,0,0.0708988780230167,12.09
"48171",0,0,0,0,0.188625655315362,77
"48173",0,0,0,0,0.0677390198153149,10.24
"48175",0,0,0,0,0.0879287878227087,23.77
"48177",0,0,0,0,0.0795778607194647,17.91
"48179",0,0,0,0,0.111652109055517,41.62
"48181",0,0,0,0,0.234607222640712,87.08
"48183",0.0018684331853146,2.43569752042209,1,1,0.272762643452654,92.17
"48185",0,0,0,0,0.136805407187215,56.76
"48187",0.000142859693923106,0.18623251020784,1,0,0.215933635474001,83.49
"48189",0,0,0,0,0.115376739704795,43.91
"48191",0,0,0,0,0.0938749250255281,28.73
"48193",0,0,0,0,0.0780617202633955,16.99
"48195",0,0,0,0,0.0721438563261559,12.82
"48197",0,0,0,0,0.0616993778934349,7.13
"48199",0,0,0,0,0.152244192343073,64.3
"48201",0.00100632939715194,1.31185532168661,1,1,0.40040387901253,99.65
"48203",3.92634182731949e-05,0.051183960594884,1,0,0.181890127958945,75.31
"48205",0,0,0,0,0.0570060375098076,4.96
"48207",0,0,0,0,0.0911761020246201,26.5
"48209",0.00518663688984094,6.76132211267068,1,1,0.281010385891853,93.29
"48211",0,0,0,0,0.0801059571671993,18.17
"48213",0,0,0,0,0.193672441561876,78.46
"48215",0.000785562012674123,1.02406201166138,1,1,0.23257243226971,86.76
"48217",0,0,0,0,0.142809989118054,59.88
"48219",0,0,0,0,0.0846085061576829,20.87
"48221",0,0,0,0,0.22038392264377,84.31
"48223",0,0,0,0,0.167182494276162,70.79
"48225",0,0,0,0,0.175221294498495,73.21
"48227",0,0,0,0,0.143088212611998,60.07
"48229",0,0,0,0,0.0608598148368839,6.78
"48231",0.00458572983056117,5.97797709086546,1,1,0.19093304628155,77.86
"48233",0,0,0,0,0.0862425442668633,22.08
"48235",0,0,0,0,0.0546525170752128,4.14
"48237",0,0,0,0,0.0952258120547803,30.1
"48239",0,0,0,0,0.0739548076405925,13.97
"48241",9.31272117712796e-05,0.121401033003455,1,0,0.129806815719107,52.47
"48243",0,0,0,0,0.0685801526603519,10.5
"48245",0,0,0,0,0.253759461753808,89.82
"48247",0,0,0,0,0.0626021897052233,7.51
"48249",0,0,0,0,0.0952173269114454,30.07
"48251",0,0,0,0,0.255997427204899,90.14
"48253",0,0,0,0,0.0986833377333851,32.39
"48255",0,0,0,0,0.0799659879390269,18.04
"48257",0.000683734710932158,0.89131950402795,1,0,0.227802247145945,85.62
"48259",0,0,0,0,0.219631951039627,84.12
"48261",0,0,0,0,0.0151163246322682,0.06
"48263",0,0,0,0,0.073058945926639,13.36
"48265",0.00168707012155557,2.19927185202461,1,1,0.206108632995924,81.58
"48267",0,0,0,0,0.104821114528535,36.91
"48269",0,0,0,0,0.0433889024881293,1.56
"48271",0,0,0,0,0.0417354139494921,1.18
"48273",0,0,0,0,0.115844171563926,44.13
"48275",0,0,0,0,0.0572076360076147,5.12
"48277",0,0,0,0,0.161872116805925,68.63
"48279",0,0,0,0,0.0665141242794225,9.48
"48281",0,0,0,0,0.132479163286747,54.34
"48283",0,0,0,0,0.0631479064095834,7.7
"48285",0,0,0,0,0.118799917516539,46.07
"48287",0,0,0,0,0.102694922485401,35.19
"48289",0,0,0,0,0.0853552856002819,21.51
"48291",0,0,0,0,0.160415593641011,68.06
"48293",0,0,0,0,0.0867447116100784,22.65
"48295",0,0,0,0,0.0594888903972848,6.01
"48297",0,0,0,0,0.0795138678895211,17.82
"48299",0,0,0,0,0.131250086115932,53.48
"48301",0,0,0,0,0.0243947233445823,0.13
"48303",0,0,0,0,0.284233009836298,93.64
"48305",0,0,0,0,0.0694479460434659,11.33
"48307",0,0,0,0,0.0906135964485372,25.96
"48309",0.000907560565029642,1.18309984817753,1,1,0.264751648079395,91.25
"48311",0,0,0,0,0.067123441499834,9.83
"48313",0.00297840655249442,3.8826635663175,1,1,0.0819081692551334,19.38
"48315",0,0,0,0,0.0817395491995579,19.22
"48317",0,0,0,0,0.0770691640426344,16.19
"48319",0,0,0,0,0.115104067120625,43.62
"48321",0.000446495014139009,0.582052816962837,1,0,0.130505957002107,53.01
"48323",0,0,0,0,0.127263696006088,51.13
"48325",0,0,0,0,0.139665588541434,58.19
"48327",0,0,0,0,0.0794636389169115,17.75
"48329",0.00105678293831604,1.37762677451447,1,1,0.175530155264708,73.37
"48331",0,0,0,0,0.122519691552837,48.23
"48333",0,0,0,0,0.0907294773487211,26.06
"48335",0,0,0,0,0.0665647039718351,9.51
"48337",0,0,0,0,0.137921704915317,57.37
"48339",0.000973285383057319,1.26877900307504,1,1,0.308241450724806,95.74
"48341",0,0,0,0,0.0651646822728816,8.78
"48343",0,0,0,0,0.0759104464730656,15.46
"48345",0,0,0,0,0.0988887971944164,32.48
"48347",0,0,0,0,0.162475365696024,68.92
"48349",0.000157571301013709,0.205410624359121,1,0,0.173777584900871,72.76
"48351",0,0,0,0,0.0846027706986326,20.84
"48353",0,0,0,0,0.0991939772357761,32.71
"48355",0.000866116854960834,1.12907364983922,1,1,0.277171499734577,92.55
"48357",0,0,0,0,0.0722220288931659,13.01
"48359",0,0,0,0,0.0486834792417537,2.77
"48361",0,0,0,0,0.17114036003524,72
"48363",0,0,0,0,0.148885466375547,62.84
"48365",0,0,0,0,0.116800165563821,44.93
"48367",5.86946313977148e-05,0.0765145734303745,1,0,0.280826969632026,93.19
"48369",0,0,0,0,0.0455896672160248,1.85
"48371",0,0,0,0,0.108749065713585,39.8
"48373",0,0,0,0,0.139430799837664,58.03
"48375",2.353771919501e-05,0.0306838717757115,1,0,0.255819574787859,90.1
"48377",0,0,0,0,0.0846744751379256,20.94
"48379",0,0,0,0,0.111390250781752,41.36
"48381",0.00240438631971597,3.13436832694818,1,1,0.250087119053452,89.41
"48383",0,0,0,0,0.0650954635658068,8.75
"48385",0,0,0,0,0.0731091937103244,13.39
"48387",0,0,0,0,0.0904454046910155,25.8
"48389",0,0,0,0,0.0924447822114335,27.46
"48391",0,0,0,0,0.0738547052077701,13.9
"48393",0,0,0,0,0.0800167549010534,18.1
"48395",0,0,0,0,0.0899513588831827,25.49
"48397",0.000308521359962155,0.402189769141005,1,0,0.252039046183192,89.6
"48399",0,0,0,0,0.0802090635798435,18.2
"48401",0,0,0,0,0.141264859487944,59.08
"48403",0,0,0,0,0.0946591292791495,29.56
"48405",0,0,0,0,0.0641572448147463,8.18
"48407",0,0,0,0,0.149078004024562,63
"48409",0.0012531328320802,1.63358933883597,1,1,0.14575732888881,61.41
"48411",0,0,0,0,0.085534890494956,21.67
"48413",0,0,0,0,0.0803183490958462,18.26
"48415",0,0,0,0,0.0925937334991878,27.59
"48417",0,0,0,0,0.0780540196267733,16.96
"48419",0,0,0,0,0.103471648616599,35.79
"48421",0,0,0,0,0.0405368558584076,1.11
"48423",0.000193287511307319,0.251970429405815,1,0,0.275894452024991,92.46
"48425",0,0,0,0,0.0914906255304078,26.79
"48427",0,0,0,0,0.121774050047591,47.73
"48429",0,0,0,0,0.088716814363013,24.53
"48431",0,0,0,0,0.0458390743505273,1.94
"48433",0,0,0,0,0.102462450864375,35.06
"48435",0,0,0,0,0.0652995945950794,8.94
"48437",0.00197472353870458,2.57425808134104,1,1,0.0833385252276095,19.98
"48439",0.00081580141871583,1.06348223117671,1,1,0.393110294296629,99.49
"48441",0.00177188766717639,2.30984036856599,1,1,0.245186966703665,88.77
"48443",0,0,0,0,0.0616311993750707,7.06
"48445",0,0,0,0,0.0933601824795754,28.16
"48447",0,0,0,0,0.0705086978423281,11.77
"48449",0,0,0,0,0.120147916116711,46.87
"48451",0.00280364473815961,3.65484331500459,1,1,0.230281067173304,86.29
"48453",0.000748953874079369,0.97633948505281,1,0,0.330215514436228,97.74
"48455",0,0,0,0,0.109853912419394,40.31
"48457",0,0,0,0,0.0995320110277682,33.12
"48459",0,0,0,0,0.122035230716605,48.01
"48461",0,0,0,0,0.0380820817652997,0.95
"48463",0,0,0,0,0.14002304943131,58.35
"48465",0,0,0,0,0.130023686805426,52.66
"48467",0,0,0,0,0.192669530497118,78.27
"48469",0,0,0,0,0.252014864885165,89.56
"48471",0,0,0,0,0.104015206652305,36.3
"48473",0,0,0,0,0.151938902557895,64.21
"48475",0,0,0,0,0.0866691695691102,22.59
"48477",0,0,0,0,0.164758620886445,69.84
"48479",0,0,0,0,0.201435968126808,80.62
"48481",0.00184081771060408,2.39969786905304,1,1,0.150789674087895,63.82
"48483",0,0,0,0,0.0839104055003784,20.39
"48485",0,0,0,0,0.200551836183834,80.43
"48487",0,0,0,0,0.0754858653910833,15.02
"48489",0,0,0,0,0.0803376919262865,18.29
"48491",0.00148753761426219,1.93916041904541,1,1,0.297043919160735,94.62
"48493",0,0,0,0,0.161671139267322,68.5
"48495",0,0,0,0,0.0614985275776326,7
"48497",0,0,0,0,0.193769416386112,78.49
"48499",0,0,0,0,0.176073872500334,73.46
"48501",0,0,0,0,0.0767091961709803,16
"48503",0,0,0,0,0.120966403323587,47.34
"48505",0,0,0,0,0.0974015611144791,31.5
"48507",0,0,0,0,0.0738189577520627,13.81
"49001",0,0,0,0,0.0838859767711701,20.33
"49003",0,0,0,0,0.14717078263648,61.92
"49005",0,0,0,0,0.232866583711359,86.8
"49007",0,0,0,0,0.125391714762699,50.37
"49009",0,0,0,0,0.0725930374524322,13.14
"49011",0.000876445675690584,1.14253834487786,1,1,0.308519066124839,95.77
"49013",0,0,0,0,0.125132860755106,50.17
"49015",0,0,0,0,0.067013518885155,9.8
"49017",0,0,0,0,0.0718049925215047,12.66
"49019",0,0,0,0,0.120279964150071,46.99
"49021",0,0,0,0,0.207118845241673,81.67
"49023",0,0,0,0,0.106391467921579,38.34
"49025",0,0,0,0,0.10037265602961,33.69
"49027",0,0,0,0,0.0883238729172629,24.15
"49029",0,0,0,0,0.133845238788234,55.01
"49031",0,0,0,0,0.04371037340201,1.65
"49033",0,0,0,0,0.0905226689431367,25.93
"49035",0.000624749644951021,0.814426318827968,1,0,0.43531655268261,100
"49037",0,0,0,0,0.0866219168345705,22.56
"49039",0,0,0,0,0.143425734749694,60.32
"49041",0,0,0,0,0.150287295253281,63.67
"49043",0,0,0,0,0.193026347364303,78.36
"49045",0,0,0,0,0.179243110178875,74.55
"49047",0,0,0,0,0.165722253543995,70.22
"49049",0.000107152889797597,0.139684967082258,1,0,0.332895202943602,98.09
"49051",0,0,0,0,0.229762377985059,86.16
"49053",1.04304653030572e-05,0.0135971993407018,1,0,0.293222832222499,94.21
"49055",0,0,0,0,0.0787814298716202,17.44
"49057",0,0,0,0,0.2550099450769,90.07
"50001",0,0,0,0,0.177596071061728,73.91
"50003",0,0,0,0,0.196213770390029,79.41
"50005",0,0,0,0,0.195075370666095,79
"50007",0,0,0,0,0.279808601058731,93.03
"50009",0,0,0,0,0.0943890281499339,29.3
"50011",0,0,0,0,0.153428388853742,65
"50013",0,0,0,0,0.149234162844255,63.09
"50015",0,0,0,0,0.173943016407984,72.86
"50017",0,0,0,0,0.160444425581032,68.09
"50019",0,0,0,0,0.158151622210759,67.32
"50021",0,0,0,0,0.235238640967976,87.21
"50023",0,0,0,0,0.193353959759007,78.43
"50025",0.0190768465143284,24.8686590013647,1,1,0.21126895457929,82.5
"50027",0,0,0,0,0.217761767131931,83.68
"51001",0,0,0,0,0.108528541065405,39.55
"51003",0,0,0,0,0.162067053060561,68.72
"51005",0,0,0,0,0.123711011961176,49.32
"51007",0,0,0,0,0.126719560120666,50.84
"51009",0.00139634801288937,1.82028526327436,1,1,0.139213500947253,57.97
"51011",0,0,0,0,0.112692173111608,42.28
"51013",0,0,0,0,0.123497832720207,49.19
"51015",0,0,0,0,0.170093647127945,71.75
"51017",0,0,0,0,0.079089345502274,17.63
"51019",0,0,0,0,0.223296270628041,84.79
"51021",0,0,0,0,0.0722940907580505,13.04
"51023",0,0,0,0,0.152984786565266,64.78
"51025",0,0,0,0,0.0896387961381758,25.26
"51027",0,0,0,0,0.0818172430855229,19.34
"51029",0,0,0,0,0.090417876914541,25.77
"51031",0,0,0,0,0.169093337135318,71.27
"51033",0,0,0,0,0.112212269026822,42.03
"51035",0,0,0,0,0.131735034412789,53.83
"51036",0,0,0,0,0.0947814222324848,29.69
"51037",0,0,0,0,0.0994266946028209,32.93
"51041",6.16579831673706e-06,0.00803776115171626,1,0,0.277733190959713,92.75
"51043",0,0,0,0,0.125850187650169,50.56
"51045",0,0,0,0,0.094999192087187,29.88
"51047",0,0,0,0,0.164035654876768,69.46
"51049",0,0,0,0,0.101047069463293,34.11
"51051",0,0,0,0,0.0659840204927177,9.32
"51053",0,0,0,0,0.0856357761985797,21.76
"51057",0,0,0,0,0.127143157842248,51.03
"51059",4.14992862122771e-06,0.00540986476374913,1,0,0.182950306480271,75.5
"51061",0,0,0,0,0.21956375239448,84.09
"51063",0,0,0,0,0.125796043409337,50.52
"51065",0,0,0,0,0.124052149364583,49.48
"51067",0,0,0,0,0.178767050944504,74.32
"51069",0,0,0,0,0.194465546005163,78.81
"51071",0,0,0,0,0.0811043405871545,18.68
"51073",0,0,0,0,0.19454755968515,78.84
"51075",0.0178650962537734,23.2890161603992,1,1,0.105255990272568,37.29
"51077",0,0,0,0,0.0842227052323023,20.49
"51079",0,0,0,0,0.125778982211012,50.49
"51081",0,0,0,0,0.0624498704412984,7.45
"51083",0,0,0,0,0.14194950937289,59.43
"51085",0,0,0,0,0.252723732808019,89.72
"51087",7.72178411822052e-05,0.100661509214297,1,0,0.321674959601904,97.04
"51089",0,0,0,0,0.151413530160916,64.08
"51091",0,0,0,0,0.0820587045640349,19.41
"51093",0,0,0,0,0.143303507544102,60.2
"51095",0,0,0,0,0.188625727158325,77.03
"51097",0,0,0,0,0.120411757177864,47.09
"51099",0,0,0,0,0.0627160477327451,7.57
"51101",0,0,0,0,0.117984845326513,45.66
"51103",0,0,0,0,0.136566425723897,56.67
"51105",0,0,0,0,0.0871449058463258,23.04
"51107",0.00257200707757976,3.35287946639327,1,1,0.254182777208649,89.85
"51109",0,0,0,0,0.129509819073716,52.27
"51111",0.00141542816702052,1.84515823409922,1,1,0.109578802773057,40.12
"51113",0,0,0,0,0.125858704761805,50.59
"51115",0,0,0,0,0.0841925850299776,20.46
"51117",0,0,0,0,0.141628181976032,59.31
"51119",0,0,0,0,0.11180210859387,41.71
"51121",0,0,0,0,0.14433757336493,60.77
"51125",0,0,0,0,0.110187866213548,40.53
"51127",0,0,0,0,0.129872960210837,52.56
"51131",0,0,0,0,0.0830676610673415,19.79
"51133",0,0,0,0,0.112967005394352,42.54
"51135",0,0,0,0,0.0721797420994221,12.98
"51137",0,0,0,0,0.132087350964104,54.12
"51139",0,0,0,0,0.116786562824063,44.86
"51141",0,0,0,0,0.101333146273343,34.39
"51143",0.0137049788135593,17.865869208485,1,1,0.160025402025151,67.87
"51145",0,0,0,0,0.158128396721278,67.29
"51147",0,0,0,0,0.122146559799085,48.08
"51149",0,0,0,0,0.0749963871144788,14.6
"51153",0,0,0,0,0.254477214397685,90.04
"51155",0,0,0,0,0.108060427623221,39.13
"51157",0,0,0,0,0.0995009748409679,33.03
"51159",0,0,0,0,0.111785385758605,41.65
"51161",0,0,0,0,0.224760095979977,85.14
"51163",0,0,0,0,0.139864842156931,58.29
"51165",0,0,0,0,0.161021468603385,68.28
"51167",0,0,0,0,0.0953894092520813,30.29
"51169",0,0,0,0,0.0770617829966943,16.16
"51171",0,0,0,0,0.134500008235358,55.62
"51173",0,0,0,0,0.084594596917826,20.81
"51175",0,0,0,0,0.0943482356383286,29.27
"51177",0,0,0,0,0.275208827049081,92.36
"51179",0,0,0,0,0.201621539592661,80.69
"51181",0,0,0,0,0.0738227296462591,13.84
"51183",0,0,0,0,0.105650970319627,37.64
"51185",0,0,0,0,0.13419415988642,55.33
"51187",0,0,0,0,0.162440294382803,68.88
"51191",0,0,0,0,0.160716397143765,68.18
"51193",0,0,0,0,0.107262196394236,38.78
"51195",0,0,0,0,0.0941817351541962,28.99
"51197",0,0,0,0,0.131234853417646,53.45
"51199",0,0,0,0,0.165331769507967,70.09
"51510",0,0,0,0,0.20863092212157,81.93
"51520",0.0129380053908356,16.8660393624725,1,1,0.133542085552739,54.85
"51530",0,0,0,0,0.0797440716270891,17.98
"51540",0,0,0,0,0.182995644942927,75.53
"51550",0,0,0,0,0.290141888688474,93.92
"51570",0,0,0,0,0.149403107015215,63.19
"51580",0,0,0,0,0.0918376372240548,27.01
"51590",0,0,0,0,0.167737849182833,71.05
"51595",0,0,0,0,0.0889246822867459,24.69
"51600",0,0,0,0,0.156812310264856,66.82
"51610",0,0,0,0,0.125329206493393,50.3
"51620",0,0,0,0,0.101997743541287,34.71
"51630",0.0137558702806641,17.9322115434489,1,1,0.187985293452807,76.81
"51640",0,0,0,0,0.11861832017105,45.94
"51650",0.00494473067168583,6.44597212832759,1,1,0.190467534567065,77.51
"51660",0,0,0,0,0.188354084243168,76.9
"51670",0,0,0,0,0.112198837729914,41.97
"51678",0,0,0,0,0.075966060557254,15.53
"51680",0,0,0,0,0.183108050472832,75.6
"51683",0,0,0,0,0.167129396229992,70.76
"51685",0,0,0,0,0.118411167757202,45.85
"51690",0,0,0,0,0.1070085910763,38.59
"51700",0,0,0,0,0.123151086670539,48.78
"51710",5.92269695928738e-06,0.00772085317865875,1,0,0.189750562261235,77.22
"51720",0,0,0,0,0.104213705806665,36.49
"51730",0.0153951680512156,20.069207153647,1,1,0.159027898709693,67.61
"51735",0,0,0,0,0.0921074426015949,27.2
"51740",0,0,0,0,0.11236907047875,42.16
"51750",0,0,0,0,0.0882144545096478,23.99
"51760",0.000163876218829378,0.2136297422868,1,0,0.213830224483448,83.01
"51770",0,0,0,0,0.222966959309149,84.7
"51775",0.0184918563844147,24.1060633570027,1,1,0.171995227531343,72.26
"51790",0,0,0,0,0.144742189258164,60.96
"51800",0,0,0,0,0.165805130586549,70.31
"51810",9.22360320059031e-05,0.120239287236018,1,0,0.250082242758313,89.37
"51820",0,0,0,0,0.154973250447417,65.89
"51830",0,0,0,0,0.0947721424697881,29.65
"51840",0,0,0,0,0.137592762953926,57.17
"53001",0,0,0,0,0.072514804324814,13.11
"53003",0,0,0,0,0.148665569406964,62.65
"53005",0.000284787741265744,0.37125052193439,1,0,0.192519158711496,78.21
"53007",0,0,0,0,0.176530447302021,73.56
"53009",0,0,0,0,0.191125158037551,77.92
"53011",0.00106700606710176,1.39095368908121,1,1,0.316795351251147,96.56
"53013",0,0,0,0,0.0668214424928475,9.74
"53015",0,0,0,0,0.201281960245138,80.59
"53017",0,0,0,0,0.145874338672261,61.53
"53019",0,0,0,0,0.0899005760704848,25.42
"53021",7.20288115246098e-05,0.093897067879311,1,0,0.183285278451552,75.63
"53023",0,0,0,0,0.0576836374621516,5.28
"53025",0,0,0,0,0.131595236252671,53.74
"53027",0.00142109199700823,1.85254162718257,1,1,0.165672582420661,70.19
"53029",0,0,0,0,0.19592539303745,79.26
"53031",0,0,0,0,0.201518983526388,80.66
"53033",0.000621265531638291,0.809884413758316,1,0,0.308530520488343,95.8
"53035",0,0,0,0,0.207254807208577,81.71
"53037",0,0,0,0,0.159709242901688,67.77
"53039",0,0,0,0,0.129961123511328,52.59
"53041",0.00285325205888075,3.71951163123069,1,1,0.21952918930349,84.06
"53043",0,0,0,0,0.0794987901852652,17.79
"53045",0.00290832945556073,3.79131076195644,1,1,0.150059070405888,63.35
"53047",0,0,0,0,0.1210605448921,47.38
"53049",0,0,0,0,0.133896346417835,55.11
"53051",0,0,0,0,0.0990781775200518,32.61
"53053",0.000631067014931192,0.822661669450741,1,0,0.290758963398468,94.02
"53055",0,0,0,0,0.214517006565082,83.23
"53057",0.00233235187084395,3.04046391019859,1,1,0.256159288518623,90.2
"53059",0,0,0,0,0.112713881436823,42.32
"53061",0.000545146419217596,0.710655212073697,1,0,0.30017606611687,94.97
"53063",0,0,0,0,0.34599288264056,98.63
"53065",0,0,0,0,0.164974577021847,69.97
"53067",0.00302297886733421,3.94076822726447,1,1,0.224449085931893,85.01
"53069",0,0,0,0,0.099528698938768,33.09
"53071",0,0,0,0,0.137389608163355,57.02
"53073",0,0,0,0,0.296921308479853,94.59
"53075",0,0,0,0,0.104022281718634,36.37
"53077",0,0,0,0,0.164559280917616,69.81
"54001",0,0,0,0,0.0755380854227855,15.11
"54003",0,0,0,0,0.19299162734691,78.33
"54005",0,0,0,0,0.0929742807724342,27.84
"54007",0,0,0,0,0.0950478767121989,29.91
"54009",0,0,0,0,0.114068598697724,43.11
"54011",0.00560737681572202,7.30980048602957,1,1,0.229574214817346,86.1
"54013",0,0,0,0,0.0583311518303941,5.66
"54015",0,0,0,0,0.057823423936976,5.35
"54017",0,0,0,0,0.0524667147154082,3.56
"54019",0,0,0,0,0.153784995163484,65.22
"54021",0,0,0,0,0.0643371502387852,8.21
"54023",0,0,0,0,0.11213565123643,41.9
"54025",0.00236774455418753,3.08660196412451,1,1,0.160979219815261,68.25
"54027",0,0,0,0,0.136498322289397,56.63
"54029",0.00397653842330252,5.1838325574753,1,1,0.144719559279783,60.9
"54031",0,0,0,0,0.0942214079000764,29.05
"54033",0.00707629441371406,9.22468777194082,1,1,0.187454770593579,76.68
"54035",0.000114521300961979,0.149290459504249,1,0,0.128704087933229,51.89
"54037",0,0,0,0,0.162316202303366,68.85
"54039",0.000702954307969982,0.916374253224485,1,0,0.238160547198273,87.78
"54041",0,0,0,0,0.116908689579663,45.08
"54043",0,0,0,0,0.0925933354689784,27.55
"54045",0,0,0,0,0.113425807827319,42.76
"54047",0,0,0,0,0.0681272777024725,10.34
"54049",0,0,0,0,0.180435605748584,74.99
"54051",0,0,0,0,0.102739795753791,35.22
"54053",0,0,0,0,0.0930033192510251,27.9
"54055",0.00501595987232102,6.5388268200192,1,1,0.190639693104971,77.6
"54057",0,0,0,0,0.108141435478824,39.23
"54059",0,0,0,0,0.0915346649846765,26.85
"54061",0.00513737554366769,6.69710481035027,1,1,0.166179977604976,70.44
"54063",0,0,0,0,0.103537393549551,35.89
"54065",0,0,0,0,0.124362229486355,49.63
"54067",0.0526712759270899,68.6625013842704,1,1,0.13192750180386,53.99
"54069",0.000889557958122348,1.15963157253896,1,1,0.202952863027125,80.91
"54071",0,0,0,0,0.102762242581651,35.32
"54073",0,0,0,0,0.0741458190074449,14.06
"54075",0,0,0,0,0.0764365144208321,15.88
"54077",0,0,0,0,0.128566104759648,51.77
"54079",0,0,0,0,0.212502079104713,82.82
"54081",0.000737714220860288,0.961687424871429,1,0,0.182463881323496,75.37
"54083",0,0,0,0,0.147304576663346,62.01
"54085",0,0,0,0,0.0844835788396919,20.71
"54087",0,0,0,0,0.100897123579867,33.98
"54089",0,0,0,0,0.0875891216168446,23.45
"54091",0,0,0,0,0.101317921287741,34.36
"54093",0,0,0,0,0.0835119046647945,20.08
"54095",0,0,0,0,0.067439533559843,10.12
"54097",0.000471309060916696,0.614400514853824,1,0,0.121371566376352,47.53
"54099",0,0,0,0,0.110537614451173,40.82
"54101",0,0,0,0,0.0671417296297745,9.9
"54103",0.00170132325141777,2.21785229329299,1,1,0.10110369390898,34.23
"54105",0,0,0,0,0.0646669833155797,8.53
"54107",0,0,0,0,0.216368396831071,83.52
"54109",0,0,0,0,0.0862905570561372,22.14
"55001",0,0,0,0,0.0996749072609403,33.18
"55003",0,0,0,0,0.122882160705842,48.58
"55005",0,0,0,0,0.162927069636853,69.11
"55007",0,0,0,0,0.124202924544819,49.57
"55009",0.00320860606484885,4.18275263872907,1,1,0.30226472667622,95.13
"55011",0,0,0,0,0.096575020694552,31.02
"55013",0,0,0,0,0.101006998463298,34.08
"55015",0,0,0,0,0.13042350955482,52.85
"55017",0,0,0,0,0.211851234958916,82.72
"55019",0,0,0,0,0.132365393959323,54.25
"55021",0,0,0,0,0.180384284146834,74.96
"55023",0,0,0,0,0.0984463982650062,32.13
"55025",0.000311616510648992,0.406224620861963,1,0,0.27721277335751,92.59
"55027",0,0,0,0,0.149910080151996,63.32
"55029",0,0,0,0,0.182878653907714,75.47
"55031",0,0,0,0,0.177556421103531,73.85
"55033",0,0,0,0,0.134154859542736,55.3
"55035",0,0,0,0,0.242112382164212,88.51
"55037",0,0,0,0,0.0884475755386251,24.31
"55039",0,0,0,0,0.230739176231826,86.45
"55041",0,0,0,0,0.0900004790113935,25.55
"55043",0.00117073170731707,1.5261708788969,1,1,0.154318784237012,65.54
"55045",0,0,0,0,0.12916944368602,52.15
"55047",0,0,0,0,0.123873681293761,49.44
"55049",0,0,0,0,0.108262105222829,39.29
"55051",0,0,0,0,0.0985450636312597,32.29
"55053",0,0,0,0,0.0738388959941174,13.87
"55055",0,0,0,0,0.200169889888267,80.34
"55057",0,0,0,0,0.111900729310927,41.78
"55059",0.000821148873065091,1.07045319561977,1,1,0.230900037181595,86.51
"55061",0,0,0,0,0.0929850131640414,27.87
"55063",0,0,0,0,0.2355676723326,87.27
"55065",0,0,0,0,0.100159343270155,33.53
"55067",0,0,0,0,0.130470058799452,52.97
"55069",0,0,0,0,0.135414581710856,56.09
"55071",2.65773667145059e-05,0.0346463693294823,1,0,0.194138294827769,78.65
"55073",3.86100386100386e-05,0.0503322120614325,1,0,0.252395091956093,89.66
"55075",0,0,0,0,0.1308043608737,53.1
"55077",0,0,0,0,0.0880505528782304,23.86
"55078",0,0,0,0,0.0692883411734851,11.1
"55079",0.00275429985388893,3.59051711206179,1,1,0.330859960436851,97.87
"55081",0,0,0,0,0.122549275706165,48.27
"55083",0,0,0,0,0.126844725468321,50.91
"55085",0,0,0,0,0.187232080248648,76.61
"55087",0,0,0,0,0.307882053006552,95.67
"55089",0,0,0,0,0.24155778968043,88.45
"55091",0,0,0,0,0.0951321247185495,29.94
"55093",0,0,0,0,0.164109012737479,69.55
"55095",0.000215633423180593,0.281100656041208,1,0,0.1616745496709,68.53
"55097",0,0,0,0,0.190977602048372,77.89
"55099",0,0,0,0,0.0909178091713961,26.15
"55101",0,0,0,0,0.262231700940872,91.09
"55103",0,0,0,0,0.0932246136141085,28.09
"55105",0,0,0,0,0.245516799302226,88.83
"55107",0,0,0,0,0.0999889014963545,33.44
"55109",0,0,0,0,0.248741255268333,89.21
"55111",0,0,0,0,0.178979219376735,74.42
"55113",0,0,0,0,0.140105614386571,58.42
"55115",0,0,0,0,0.152471433579068,64.37
"55117",0.000629241763674772,0.820282264078179,1,0,0.185380070207542,76.14
"55119",0,0,0,0,0.108627341578338,39.71
"55121",0,0,0,0,0.119446822791477,46.48
"55123",0,0,0,0,0.148546850312279,62.62
"55125",0,0,0,0,0.161775587260371,68.57
"55127",0,0,0,0,0.237155489288142,87.66
"55129",0,0,0,0,0.134749751940412,55.71
"55131",0,0,0,0,0.249273540322728,89.28
"55133",0.0048111243307555,6.27180232880014,1,1,0.396393119232649,99.55
"55135",0,0,0,0,0.142718433268922,59.82
"55137",0,0,0,0,0.110728656045348,40.98
"55139",0,0,0,0,0.205602725047727,81.48
"55141",0,0,0,0,0.16671043975717,70.63
"56001",0,0,0,0,0.140566698605767,58.7
"56003",0,0,0,0,0.103172071367003,35.57
"56005",0,0,0,0,0.1529606339415,64.75
"56007",0,0,0,0,0.105448709993265,37.48
"56009",0,0,0,0,0.111471629161091,41.46
"56011",0,0,0,0,0.0951703343949286,30.03
"56013",0,0,0,0,0.17755996518769,73.88
"56015",0,0,0,0,0.12691880550248,51
"56017",0,0,0,0,0.0930790430479639,28
"56019",0,0,0,0,0.146335915687089,61.66
"56021",0,0,0,0,0.213966549203046,83.04
"56023",0,0,0,0,0.148385117990047,62.55
"56025",0.00464005766285251,6.04879908623675,1,1,0.313273662718004,96.25
"56027",0,0,0,0,0.0678359812847326,10.31
"56029",0,0,0,0,0.199280525250971,80.05
"56031",0,0,0,0,0.1030042077896,35.48
"56033",0,0,0,0,0.2352047530113,87.18
"56035",0,0,0,0,0.125714951356947,50.46
"56037",0,0,0,0,0.155754459824997,66.27
"56039",0,0,0,0,0.196803898959941,79.61
"56041",0,0,0,0,0.148333937001518,62.46
"56043",0,0,0,0,0.123162569375841,48.81
"56045",0,0,0,0,0.0953929831166299,30.32
