"county_geoid","industry_employment_share","location_quotient","industry_present","industry_comparative_advantage","industry_feasibility","industry_feasibility_percentile_score"
"01001",0,0,0,0,0.148771906656374,69.84
"01003",1.00129166624946e-05,0.149392034450905,1,0,0.263334979339459,93.76
"01005",0,0,0,0,0.0789760251120839,25.2
"01007",0,0,0,0,0.078480022196853,24.66
"01009",0,0,0,0,0.149290782288441,69.97
"01011",0,0,0,0,0.0787855497421328,25.04
"01013",0,0,0,0,0.0865233594840903,31.85
"01015",2.01641360675902e-05,0.300847536399217,1,0,0.161214069745329,74.67
"01017",0,0,0,0,0.109316124875974,48.62
"01019",0,0,0,0,0.104078866613323,45.08
"01021",0,0,0,0,0.136011533214579,64.33
"01023",0,0,0,0,0.0621293187112536,11.8
"01025",0,0,0,0,0.0926561595792769,36.94
"01027",0.000617792421746293,9.2174208438919,1,1,0.0663687419626301,15.37
"01029",0,0,0,0,0.0720228032588908,19.28
"01031",0,0,0,0,0.143051820806914,67.55
"01033",0,0,0,0,0.157119186968011,73.02
"01035",0,0,0,0,0.070473946064694,18.45
"01037",0,0,0,0,0.0676103740668492,16.45
"01039",0,0,0,0,0.124062999498283,57.94
"01041",0,0,0,0,0.074073210985266,20.87
"01043",0,0,0,0,0.16681885096546,76.17
"01045",0,0,0,0,0.0836883788162602,29.37
"01047",0,0,0,0,0.125370494937115,58.73
"01049",0,0,0,0,0.123665745754639,57.72
"01051",0,0,0,0,0.144493131346077,68.31
"01053",0,0,0,0,0.111156269339748,49.63
"01055",0,0,0,0,0.164740936696927,75.63
"01057",0,0,0,0,0.082296471348188,28.22
"01059",0,0,0,0,0.0853957246777833,30.7
"01061",0,0,0,0,0.100269319509023,42.63
"01063",0,0,0,0,0.0576539850622245,8.85
"01065",0,0,0,0,0.0901713722093808,34.81
"01067",0,0,0,0,0.097767234598558,40.76
"01069",7.06127420693064e-05,1.0535373010148,1,1,0.222721423589653,88.23
"01071",0,0,0,0,0.127240155658643,59.69
"01073",1.92791524884566e-05,0.287643641690133,1,0,0.273884521505237,94.91
"01075",0,0,0,0,0.0828329237657018,28.67
"01077",0,0,0,0,0.178868732056193,79.19
"01079",0,0,0,0,0.0977221020403912,40.69
"01081",0,0,0,0,0.169170179615507,76.84
"01083",0,0,0,0,0.137967704188959,65.42
"01085",0,0,0,0,0.06132860891601,11.17
"01087",0,0,0,0,0.055263583152875,7.54
"01089",3.9618238652346e-06,0.0591101421607247,1,0,0.171321475064324,77.35
"01091",0,0,0,0,0.0951026603160827,38.69
"01093",0,0,0,0,0.081410182197635,27.3
"01095",0,0,0,0,0.147024288530824,69.23
"01097",0.000134732555876585,2.01020055470617,1,1,0.281252945348075,95.67
"01099",0,0,0,0,0.091689736946535,36.14
"01101",6.74886787741356e-06,0.100692648948502,1,0,0.199950056253316,84.54
"01103",0,0,0,0,0.182858935144571,80.27
"01105",0,0,0,0,0.0581080087230815,9.13
"01107",0,0,0,0,0.0751115521045921,21.86
"01109",0,0,0,0,0.0794371401482374,25.77
"01111",0,0,0,0,0.0984404067280537,41.2
"01113",0.000242998602758034,3.62552259829812,1,1,0.129923464033798,60.93
"01115",0,0,0,0,0.188903785939578,81.93
"01117",7.06328705198579e-05,1.05383761612573,1,1,0.284949908149849,95.9
"01119",0,0,0,0,0.0713299974224159,18.96
"01121",0,0,0,0,0.122752770065927,57.05
"01123",0,0,0,0,0.106271797185048,46.83
"01125",6.16571685266579e-05,0.919920753878011,1,0,0.160296081148136,74.16
"01127",0,0,0,0,0.138928873547164,65.83
"01129",0,0,0,0,0.0546426609422893,7.19
"01131",0,0,0,0,0.0926906010360336,37
"01133",0,0,0,0,0.0895976975822037,34.27
"02013",0,0,0,0,0.0311786652983829,0.54
"02016",0,0,0,0,0.0474040831344549,3.88
"02020",0.000254943883374762,3.80374537129934,1,1,0.270901297755509,94.59
"02050",0,0,0,0,0.0611952535720205,11.04
"02060",0,0,0,0,0.0485312220229599,4.39
"02063",0.000246184145741014,3.67305068258157,1,1,0.130883136683892,61.37
"02066",0,0,0,0,0.106324473396243,46.87
"02068",0,0,0,0,0.056357590069683,8.27
"02070",0,0,0,0,0.0461260025556763,3.4
"02090",3.79449039993929e-05,0.566135382585048,1,0,0.168531444319359,76.61
"02100",0,0,0,0,0.0998656598008912,42.38
"02105",0,0,0,0,0.0724130758727397,19.69
"02110",5.13294322964788e-05,0.765831632925077,1,0,0.158789015578987,73.72
"02122",3.83273925874823e-05,0.571842086261406,1,0,0.199940730892481,84.51
"02130",0.00195193363425644,29.122716843033,1,1,0.133981598364396,63.19
"02150",0,0,0,0,0.106739928870658,47.12
"02158",0,0,0,0,0.0324056626555844,0.7
"02164",0,0,0,0,0.0392009370044367,1.69
"02170",0.000309205903021785,4.61333100770513,1,1,0.221187202658013,88.01
"02180",0,0,0,0,0.061827917430695,11.52
"02185",0,0,0,0,0.0486446919973879,4.49
"02188",0,0,0,0,0.0378274261205541,1.37
"02195",0,0,0,0,0.0879426174922598,33.03
"02198",0,0,0,0,0.069969916911107,18.1
"02220",0,0,0,0,0.13338667194517,62.87
"02230",0,0,0,0,0.0776331662741668,24.05
"02240",0,0,0,0,0.0877642180106075,32.83
"02275",0,0,0,0,0.0623794937709412,11.93
"02282",0,0,0,0,0.0629566415292865,12.41
"02290",0,0,0,0,0.0651217406689927,14.22
"04001",0,0,0,0,0.065747234922463,14.7
"04003",0,0,0,0,0.16050441290204,74.32
"04005",0,0,0,0,0.194115091321191,83.14
"04007",0,0,0,0,0.104446857181668,45.37
"04009",0,0,0,0,0.107940910563429,47.6
"04011",0,0,0,0,0.0262713834055933,0.25
"04012",0,0,0,0,0.0772213400983581,23.54
"04013",8.18846056941295e-05,1.22171273837492,1,1,0.380188858693758,99.65
"04015",3.10154456919546e-05,0.462748336723725,1,0,0.222459217108327,88.13
"04017",3.04998932503736e-05,0.455056329418561,1,0,0.151356444603586,70.73
"04019",1.99864092417156e-05,0.298195864265227,1,0,0.242087021923292,91.35
"04021",1.08834060707639e-05,0.162379677118143,1,0,0.187165174840527,81.48
"04023",0,0,0,0,0.129156977241334,60.61
"04025",2.37363367711461e-05,0.35414452753169,1,0,0.249485009901809,92.11
"04027",1.18546618457708e-05,0.176870747112161,1,0,0.151041787577739,70.63
"05001",0,0,0,0,0.078659523368013,24.82
"05003",0,0,0,0,0.0884402925408738,33.47
"05005",0,0,0,0,0.154997876138866,72.03
"05007",0,0,0,0,0.219439816000608,87.66
"05009",0,0,0,0,0.153140658595369,71.11
"05011",0,0,0,0,0.06949088458425,17.75
"05013",0,0,0,0,0.0318363986804168,0.6
"05015",0,0,0,0,0.116206299288262,53.07
"05017",0,0,0,0,0.0699939730398519,18.14
"05019",0,0,0,0,0.0864950087160345,31.75
"05021",0,0,0,0,0.0915782283753173,36.02
"05023",0,0,0,0,0.124797001947731,58.48
"05025",0,0,0,0,0.0520666001710066,5.85
"05027",0,0,0,0,0.0930943866665701,37.23
"05029",0,0,0,0,0.105108702904554,45.94
"05031",0,0,0,0,0.196331954798733,83.77
"05033",0,0,0,0,0.143297777520775,67.71
"05035",0,0,0,0,0.135375455423136,64.02
"05037",0,0,0,0,0.0792903137564686,25.52
"05039",0,0,0,0,0.0639657609191202,13.39
"05041",0,0,0,0,0.0644306236886273,13.65
"05043",0,0,0,0,0.0993253361000423,41.93
"05045",0,0,0,0,0.207098720810639,85.65
"05047",0,0,0,0,0.0763704641379836,22.78
"05049",0,0,0,0,0.0817360202706605,27.65
"05051",0.000255356686863059,3.80990437122153,1,1,0.243149681809956,91.5
"05053",0,0,0,0,0.0883745012582023,33.34
"05055",0,0,0,0,0.125405691918208,58.83
"05057",0,0,0,0,0.088011792402316,33.06
"05059",0,0,0,0,0.102159761567337,43.78
"05061",0,0,0,0,0.0721724304274665,19.47
"05063",0,0,0,0,0.1142638264001,51.83
"05065",0,0,0,0,0.0909084391907184,35.38
"05067",0,0,0,0,0.0737772650767506,20.71
"05069",0,0,0,0,0.126991774650009,59.56
"05071",0,0,0,0,0.0790583824131413,25.33
"05073",0,0,0,0,0.0607832667134718,10.72
"05075",0,0,0,0,0.0869386149646361,32.2
"05077",0,0,0,0,0.0575382127855365,8.72
"05079",0,0,0,0,0.048438645827113,4.33
"05081",0,0,0,0,0.0604692662508925,10.56
"05083",0,0,0,0,0.0897498647299043,34.55
"05085",0,0,0,0,0.150539622324336,70.35
"05087",0,0,0,0,0.0937288131968329,37.73
"05089",0,0,0,0,0.0913111156944425,35.83
"05091",0,0,0,0,0.127490748860559,59.75
"05093",0,0,0,0,0.0925110951696075,36.65
"05095",0,0,0,0,0.072350657341101,19.6
"05097",0,0,0,0,0.0988391700307575,41.58
"05099",0,0,0,0,0.0581534786470494,9.26
"05101",0,0,0,0,0.077491674066331,23.89
"05103",0,0,0,0,0.0918921416152112,36.21
"05105",0,0,0,0,0.0923783748236644,36.49
"05107",0,0,0,0,0.0867080763932836,32.07
"05109",0,0,0,0,0.0881306492697066,33.22
"05111",0,0,0,0,0.068521467740833,17.09
"05113",0,0,0,0,0.101130620812871,43.3
"05115",0,0,0,0,0.165042110795668,75.76
"05117",0,0,0,0,0.0589500611355336,9.83
"05119",6.54508877207245e-05,0.976522785797435,1,0,0.257579448795663,93.22
"05121",0,0,0,0,0.0756137767668666,22.3
"05123",0,0,0,0,0.0873552519834117,32.52
"05125",0,0,0,0,0.187479429701719,81.58
"05127",0,0,0,0,0.0518981086909018,5.79
"05129",0,0,0,0,0.0957892659194932,39.23
"05131",0,0,0,0,0.217397580985449,87.31
"05133",0,0,0,0,0.0745510626544316,21.6
"05135",0,0,0,0,0.114697090686342,52.21
"05137",0,0,0,0,0.108889969057879,48.39
"05139",0,0,0,0,0.136746449423785,64.81
"05141",0,0,0,0,0.104442737824599,45.34
"05143",1.45939595601381e-05,0.217740882389416,1,0,0.235185494873602,90.42
"05145",0,0,0,0,0.153277977360229,71.14
"05147",0,0,0,0,0.0421428752659913,2.29
"05149",0,0,0,0,0.0800259769249461,26.28
"06001",1.134321857021e-05,0.16924004828407,1,0,0.335312813904472,98.85
"06003",0,0,0,0,0.106442325277657,46.93
"06005",0.000282226769209059,4.21080416923625,1,1,0.155930628368425,72.51
"06007",1.12120192846732e-05,0.167282563882121,1,0,0.22699440326485,88.86
"06009",0,0,0,0,0.176169828772864,78.75
"06011",0,0,0,0,0.0673860783737471,16.29
"06013",1.60593553774751e-05,0.239604488150546,1,0,0.300574132230271,97.17
"06015",0,0,0,0,0.0990615218578615,41.78
"06017",0,0,0,0,0.23540504734507,90.49
"06019",4.20670928063168e-06,0.0627638158750538,1,0,0.218862560635222,87.59
"06021",0,0,0,0,0.105162154140625,46.01
"06023",1.67993817827504e-05,0.250645631701212,1,0,0.187728169038898,81.64
"06025",0,0,0,0,0.117251612420908,53.74
"06027",0,0,0,0,0.115494240570608,52.72
"06029",2.57473158423234e-06,0.0384148198270974,1,0,0.169519485510739,77.06
"06031",0,0,0,0,0.0799751572923935,26.19
"06033",0,0,0,0,0.123521316215582,57.56
"06035",0,0,0,0,0.0791523789655993,25.42
"06037",4.0923376022442e-05,0.610573982253524,1,0,0.387512714288038,99.71
"06039",0,0,0,0,0.135991529931865,64.3
"06041",7.51072155501979e-06,0.112059453915312,1,0,0.28863921862073,96.34
"06043",0,0,0,0,0.0990563112036652,41.74
"06045",0,0,0,0,0.178816652066005,79.16
"06047",0,0,0,0,0.130897840744859,61.44
"06049",0,0,0,0,0.0798151455814177,26.03
"06051",0.000108554059921841,1.61961917853304,1,1,0.113105080277615,50.97
"06053",8.82285472287413e-06,0.131636391387538,1,0,0.139233340254407,66.05
"06055",0,0,0,0,0.167868318929683,76.49
"06057",0,0,0,0,0.262197775530287,93.67
"06059",1.07847408858155e-05,0.160907599280511,1,0,0.410049662751981,99.9
"06061",7.56526220725981e-05,1.12873196731023,1,1,0.268106773224672,94.24
"06063",0,0,0,0,0.116206254511409,53.04
"06065",3.32262134057388e-05,0.495732840399632,1,0,0.289331338434029,96.4
"06067",3.09843479467912e-05,0.462284360484495,1,0,0.250678435306872,92.24
"06069",0,0,0,0,0.151100817077458,70.66
"06071",0.000102782392026578,1.53350628674417,1,1,0.346281344951294,99.14
"06073",6.17553177118111e-05,0.921385133033852,1,0,0.338332139081988,99.01
"06075",6.36088614777102e-05,0.949039879744035,1,0,0.247764854797906,91.95
"06077",3.12547858890893e-06,0.046631927615936,1,0,0.232846311176813,89.98
"06079",1.42158535198453e-05,0.212099566027612,1,0,0.25486410892641,92.81
"06081",4.28528881775309e-06,0.0639362172154894,1,0,0.224778439353495,88.48
"06083",6.8859085956392e-05,1.02737287128207,1,1,0.238798142259861,90.9
"06085",3.33495200516023e-05,0.49757256715536,1,0,0.184556343174208,80.75
"06087",8.23295983138898e-06,0.122835199794558,1,0,0.264066251545898,93.83
"06089",0,0,0,0,0.241862066013102,91.31
"06091",0,0,0,0,0.120203634649752,55.68
"06093",0,0,0,0,0.135624365962173,64.08
"06095",5.93126846107309e-06,0.0884941213575864,1,0,0.275218277049938,95.04
"06097",4.22539972281378e-06,0.0630426759990804,1,0,0.307717176703815,97.68
"06099",4.50929817283238e-06,0.0672784215321078,1,0,0.24223013807312,91.38
"06101",0,0,0,0,0.173170325789373,77.76
"06103",0,0,0,0,0.114497517545834,52.02
"06105",0,0,0,0,0.113410393218113,51.16
"06107",5.14207554737394e-06,0.0767194168508199,1,0,0.162304129952225,75.02
"06109",0,0,0,0,0.15977823744847,74.01
"06111",3.885537253236e-05,0.579719511069106,1,0,0.331732662170819,98.66
"06113",0,0,0,0,0.185387416351479,80.91
"06115",0,0,0,0,0.101729084159148,43.62
"08001",1.43073797464732e-05,0.213465131093461,1,0,0.27382884099908,94.88
"08003",0,0,0,0,0.114559149652651,52.12
"08005",2.63649114666273e-05,0.393362682910432,1,0,0.290656390357046,96.56
"08007",0,0,0,0,0.155939827162188,72.57
"08009",0,0,0,0,0.0659975477951901,15.05
"08011",0,0,0,0,0.0502845657359082,5.22
"08013",9.12429571842423e-06,0.136133870504768,1,0,0.296604632535644,96.95
"08014",0,0,0,0,0.203743874772757,85.01
"08015",0,0,0,0,0.175146847918875,78.4
"08017",0,0,0,0,0.0725224620417817,19.82
"08019",0,0,0,0,0.123583898867309,57.62
"08021",0,0,0,0,0.084250645540527,29.78
"08023",0,0,0,0,0.0637305562780522,13.17
"08025",0,0,0,0,0.0295427928884868,0.45
"08027",0,0,0,0,0.114441571166745,51.99
"08029",0,0,0,0,0.176109985421929,78.71
"08031",1.61426493638989e-06,0.024084722875339,1,0,0.345320670782917,99.11
"08033",0,0,0,0,0.120856896830803,56.25
"08035",0,0,0,0,0.252775377057738,92.55
"08037",5.03943356766699e-05,0.751880055063187,1,0,0.179090065826555,79.22
"08039",0,0,0,0,0.183068124194855,80.34
"08041",0,0,0,0,0.243626758301872,91.57
"08043",0,0,0,0,0.143457563422675,67.83
"08045",0,0,0,0,0.208455427857805,86
"08047",0.000791765637371338,11.8130893686828,1,1,0.0553540880403746,7.57
"08049",0,0,0,0,0.133355680055091,62.77
"08051",0,0,0,0,0.166581911026729,76.14
"08053",0,0,0,0,0.0724487516330528,19.76
"08055",0,0,0,0,0.0733365531804895,20.43
"08057",0,0,0,0,0.0808607927584733,26.76
"08059",1.42803591510326e-05,0.213061985650329,1,0,0.30586352117195,97.55
"08061",0,0,0,0,0.0689745672400216,17.37
"08063",0,0,0,0,0.0806927206837831,26.63
"08065",0,0,0,0,0.0897219874309532,34.49
"08067",0,0,0,0,0.241422466075917,91.25
"08069",0,0,0,0,0.272822451791998,94.75
"08071",0,0,0,0,0.0967127014081032,40.03
"08073",0,0,0,0,0.0674705561376279,16.39
"08075",0,0,0,0,0.101570432808398,43.56
"08077",0,0,0,0,0.27195369637749,94.65
"08079",0,0,0,0,0.0598417231429707,10.24
"08081",0,0,0,0,0.10975534238543,49.03
"08083",0,0,0,0,0.171990456458956,77.44
"08085",0,0,0,0,0.215408993992074,87.18
"08087",0,0,0,0,0.0925291469266948,36.72
"08089",0,0,0,0,0.101057106486067,43.27
"08091",0,0,0,0,0.144318854255108,68.18
"08093",0,0,0,0,0.173285389004072,77.89
"08095",0,0,0,0,0.0510204558912455,5.54
"08097",0,0,0,0,0.147875098812088,69.39
"08099",0,0,0,0,0.0727949494882298,20.01
"08101",0,0,0,0,0.198097548551943,84.09
"08103",0,0,0,0,0.0594431399298066,10.05
"08105",0,0,0,0,0.0879388028770014,32.99
"08107",0,0,0,0,0.212912784778814,86.76
"08109",0,0,0,0,0.0687011042003798,17.21
"08111",0,0,0,0,0.0998330793040375,42.35
"08113",0,0,0,0,0.140763481778771,66.66
"08115",0,0,0,0,0.0652345218104077,14.32
"08117",0,0,0,0,0.152665929105895,70.95
"08119",0,0,0,0,0.139704163484524,66.24
"08121",0,0,0,0,0.0775977892108984,23.99
"08123",0,0,0,0,0.238355299077527,90.8
"08125",0,0,0,0,0.0716706714008871,19.06
"09110",1.75324174398463e-06,0.0261582473765303,1,0,0.27291759496172,94.78
"09120",7.59982368409053e-06,0.113388851610755,1,0,0.279073833200774,95.48
"09130",0.000311231879720849,4.64355844203073,1,1,0.265938937238985,93.99
"09140",0,0,0,0,0.286350319804826,96.09
"09150",0,0,0,0,0.214736638527513,87.05
"09160",0,0,0,0,0.238140591120972,90.74
"09170",0.000244935092200567,3.65441488885281,1,1,0.280720990241748,95.61
"09180",0.000251873307726214,3.7579325918132,1,1,0.195364245234759,83.61
"09190",2.65077770872665e-05,0.395494228237313,1,0,0.324221247900047,98.38
"10001",1.21561333770954e-05,0.181368681821066,1,0,0.175434999746518,78.49
"10003",2.72809115461911e-05,0.407029341692863,1,0,0.22937834197019,89.34
"10005",1.90298578469619e-05,0.283924182622816,1,0,0.219641954203307,87.72
"11001",9.49194663800181e-05,1.41619197177782,1,1,0.159675330622593,73.94
"12001",0.000154302136441664,2.30217736351341,1,1,0.182406718014691,80.15
"12003",0,0,0,0,0.0865765434995422,31.98
"12005",0,0,0,0,0.242811715993263,91.47
"12007",0,0,0,0,0.105089873743859,45.91
"12009",1.12483830449373e-05,0.167825108707895,1,0,0.265153150541229,93.89
"12011",5.69690434287226e-05,0.849974246806372,1,0,0.396037228602369,99.84
"12013",0,0,0,0,0.0729259443632478,20.14
"12015",4.81131621573942e-05,0.717845101565908,1,0,0.233186339575625,90.14
"12017",0,0,0,0,0.195468480080398,83.65
"12019",3.08076218056347e-05,0.459647618498324,1,0,0.233042955714505,90.1
"12021",4.62138056041942e-05,0.689506831190299,1,0,0.272941709813411,94.81
"12023",0.000112262844740486,1.67495399535752,1,1,0.174730687872143,78.36
"12027",8.5099140498681e-05,1.26967337866108,1,1,0.124669376738597,58.35
"12029",0,0,0,0,0.0815521696304867,27.52
"12031",1.5889031007444e-05,0.23706326015343,1,0,0.323961123824144,98.35
"12033",5.82655510755821e-06,0.0869318052569881,1,0,0.234152229238207,90.26
"12035",3.05399462496946e-05,0.455653917439725,1,0,0.211556946111296,86.51
"12037",0,0,0,0,0.12290713031569,57.14
"12039",0,0,0,0,0.0883620163565102,33.31
"12041",0,0,0,0,0.0826327480404043,28.54
"12043",0,0,0,0,0.0885035427553202,33.53
"12045",0,0,0,0,0.123375427015913,57.4
"12047",0,0,0,0,0.0676322971081489,16.51
"12049",0,0,0,0,0.0938429753184528,37.77
"12051",0,0,0,0,0.123458780587017,57.43
"12053",1.74825174825175e-05,0.26083796980151,1,0,0.215495371051327,87.21
"12055",0,0,0,0,0.18726650803406,81.55
"12057",7.66963340297055e-05,1.14430407860493,1,1,0.371732924388962,99.52
"12059",0,0,0,0,0.0950450507020246,38.5
"12061",0,0,0,0,0.252035143129352,92.49
"12063",0,0,0,0,0.11097062688165,49.54
"12065",0,0,0,0,0.103615158009908,44.83
"12067",0,0,0,0,0.0559062759523287,7.83
"12069",2.99542448909291e-05,0.446915293069227,1,0,0.26078171904872,93.54
"12071",1.19535723250894e-05,0.178346484725084,1,0,0.279348397779434,95.51
"12073",5.57488181250557e-06,0.0831768568406384,1,0,0.210993088232553,86.45
"12075",0.000372995151063036,5.56506224268794,1,1,0.169504380372616,77.03
"12077",0,0,0,0,0.0416211437762337,2.23
"12079",0,0,0,0,0.0870118056959783,32.23
"12081",0.00780910524290166,116.511318210418,1,1,0.303377457751299,97.3
"12083",5.96271810504819e-05,0.889633479031139,1,0,0.267005105118809,94.11
"12085",0.000523779593547035,7.81475585200417,1,1,0.275352343002505,95.07
"12086",5.40436672831648e-05,0.806327834012785,1,0,0.392628418726435,99.81
"12087",3.67890515782503e-05,0.548890143206768,1,0,0.190575811147689,82.25
"12089",0,0,0,0,0.211787803623061,86.61
"12091",4.160806863667e-05,0.62078954941151,1,0,0.181079689406148,79.8
"12093",0,0,0,0,0.130869369373841,61.31
"12095",0.000292818717280639,4.36883531286283,1,1,0.316063132359974,98.15
"12097",5.14698313260099e-05,0.767926376880667,1,0,0.235137772799804,90.39
"12099",8.33360460952505e-05,1.24336813027685,1,1,0.352846260812487,99.24
"12101",0.000138054393431012,2.05976214471021,1,1,0.288015712476501,96.18
"12103",2.23895786688378e-05,0.334050988396316,1,0,0.375362786065639,99.55
"12105",9.25662448617163e-05,1.38108206704351,1,1,0.284870488133391,95.83
"12107",0,0,0,0,0.141523045492284,66.85
"12109",4.40264863341786e-05,0.656872176697941,1,0,0.266021075141065,94.02
"12111",1.90400030464005e-05,0.284075548307274,1,0,0.253624197345168,92.71
"12113",1.95951639135461e-05,0.292358510623447,1,0,0.231171903241434,89.56
"12115",0.000166027854730371,2.47712428153876,1,1,0.310973283191781,97.84
"12117",3.78671536102123e-05,0.564975352075403,1,0,0.321770842388387,98.22
"12119",2.23903989969101e-05,0.334063227635268,1,0,0.157664097627324,73.27
"12121",0,0,0,0,0.110456853895447,49.35
"12123",0,0,0,0,0.095072859709903,38.59
"12125",0,0,0,0,0.049925267434619,4.96
"12127",9.44742038186473e-06,0.140954868469672,1,0,0.29517056626147,96.85
"12129",0.000392978779145926,5.86321661225296,1,1,0.145676574731791,68.76
"12131",0,0,0,0,0.22346244036976,88.42
"12133",0,0,0,0,0.0960421783079769,39.52
"13001",0,0,0,0,0.0878636951044871,32.9
"13003",0,0,0,0,0.0702619049702615,18.26
"13005",0,0,0,0,0.0783823441720469,24.63
"13007",0,0,0,0,0.0797903048962175,25.96
"13009",0,0,0,0,0.11938791146355,55.14
"13011",0,0,0,0,0.0890359759211686,34.01
"13013",0,0,0,0,0.191495862263069,82.41
"13015",0,0,0,0,0.195786744125201,83.71
"13017",0,0,0,0,0.0786454636056152,24.79
"13019",0,0,0,0,0.0829253454693908,28.76
"13021",0,0,0,0,0.205245043584181,85.3
"13023",0,0,0,0,0.0740009304081176,20.84
"13025",0,0,0,0,0.0694603666834538,17.72
"13027",0,0,0,0,0.0753345199415142,22.05
"13029",0,0,0,0,0.140563392619404,66.62
"13031",0.000154564283285418,2.30608857656285,1,1,0.182019079664645,80.08
"13033",0,0,0,0,0.0829984293049391,28.83
"13035",0,0,0,0,0.0810462331737049,26.98
"13037",0,0,0,0,0.0453905926657678,3.15
"13039",0,0,0,0,0.103747499666657,44.93
"13043",0,0,0,0,0.0886749096364672,33.73
"13045",0,0,0,0,0.157893071590467,73.4
"13047",0,0,0,0,0.156225500246298,72.7
"13049",0,0,0,0,0.0726434436430793,19.92
"13051",8.43966431235198e-05,1.25919216568296,1,1,0.248209377401296,91.98
"13053",0,0,0,0,0.0253678134309723,0.19
"13055",0,0,0,0,0.0710859599929209,18.84
"13057",4.6198979002564e-05,0.689285619304075,1,0,0.260359677802403,93.48
"13059",4.76547887105806e-05,0.711006200967218,1,0,0.161474086699381,74.74
"13061",0,0,0,0,0.0591220646400161,9.86
"13063",0,0,0,0,0.167399150142913,76.3
"13065",0,0,0,0,0.078933491816727,25.17
"13067",3.03658855626565e-05,0.45305694384741,1,0,0.315727190486606,98.12
"13069",0,0,0,0,0.112503016271983,50.56
"13071",0,0,0,0,0.105231990643677,46.1
"13073",0,0,0,0,0.19884774463231,84.25
"13075",0,0,0,0,0.0894696486497847,34.23
"13077",0,0,0,0,0.204458456735175,85.14
"13079",0,0,0,0,0.0636755761386494,13.11
"13081",0,0,0,0,0.0956267952593697,39.04
"13083",0,0,0,0,0.0793811059393123,25.64
"13085",0,0,0,0,0.138134886658093,65.57
"13087",0,0,0,0,0.105926586234459,46.64
"13089",2.53497562198444e-05,0.378216635788271,1,0,0.270894603764597,94.56
"13091",0,0,0,0,0.0832657498708358,28.99
"13093",0,0,0,0,0.0602758515312589,10.44
"13095",0,0,0,0,0.167193778575796,76.23
"13097",0,0,0,0,0.197395950991744,84
"13099",0,0,0,0,0.0648760453214704,14.03
"13101",0,0,0,0,0.0539078393594219,6.78
"13103",0,0,0,0,0.1289705862924,60.52
"13105",0,0,0,0,0.0962668990612719,39.71
"13107",0,0,0,0,0.0915966622142618,36.05
"13109",0,0,0,0,0.0674599810279083,16.35
"13111",0,0,0,0,0.144631544050007,68.34
"13113",5.39859636494511e-05,0.805466899728974,1,0,0.246561675656637,91.79
"13115",0,0,0,0,0.150827160762689,70.54
"13117",0,0,0,0,0.273339141470176,94.85
"13119",0,0,0,0,0.107093947220286,47.28
"13121",8.46131477160772e-05,1.26242239945403,1,1,0.325998132626712,98.47
"13123",0,0,0,0,0.137291578138166,65.1
"13125",0,0,0,0,0.059292056660716,9.99
"13127",0,0,0,0,0.199205668698863,84.35
"13129",0,0,0,0,0.106681032712314,47.09
"13131",0,0,0,0,0.0930200937832082,37.16
"13133",0,0,0,0,0.109669842649017,48.97
"13135",0.000339762747250045,5.06923704183384,1,1,0.412033997236591,99.94
"13137",0,0,0,0,0.120427955538405,55.93
"13139",1.76186616864583e-05,0.262869232049162,1,0,0.209524874125429,86.29
"13141",0,0,0,0,0.0903783824257083,35
"13143",0,0,0,0,0.104640372981869,45.56
"13145",0,0,0,0,0.10431728906178,45.21
"13147",0,0,0,0,0.0910537061932676,35.63
"13149",0,0,0,0,0.0774788624420016,23.86
"13151",1.11671952472417e-05,0.166613792297386,1,0,0.169033390634721,76.77
"13153",1.3107018808572e-05,0.195555827677388,1,0,0.116391830366018,53.23
"13155",0,0,0,0,0.058154453212221,9.29
"13157",0,0,0,0,0.124089965673552,58
"13159",0,0,0,0,0.10718640256791,47.31
"13161",0,0,0,0,0.0808667873951572,26.82
"13163",0,0,0,0,0.0783138228655921,24.53
"13165",0,0,0,0,0.0621602457242624,11.84
"13167",0,0,0,0,0.0737935422459337,20.74
"13169",0,0,0,0,0.0991476217300729,41.81
"13171",0,0,0,0,0.0826364550374996,28.57
"13173",0,0,0,0,0.0659527934305471,15.02
"13175",0,0,0,0,0.136202871990641,64.56
"13177",0,0,0,0,0.119874902632604,55.39
"13179",0,0,0,0,0.0564845904611756,8.37
"13181",0,0,0,0,0.0940995857002695,38.02
"13183",0,0,0,0,0.0901057472159851,34.78
"13185",4.86200022689334e-05,0.725407121500398,1,0,0.173839075989996,78.11
"13187",0,0,0,0,0.134960491492247,63.86
"13189",0,0,0,0,0.100674823778481,42.95
"13191",0,0,0,0,0.0938916574046192,37.86
"13193",0,0,0,0,0.0705425184777397,18.49
"13195",0,0,0,0,0.113492277054046,51.26
"13197",0,0,0,0,0.0536055163137987,6.59
"13199",0,0,0,0,0.0896905104613445,34.39
"13201",0,0,0,0,0.0513458871335937,5.6
"13205",0,0,0,0,0.0765960326334665,22.94
"13207",0,0,0,0,0.0986371670025509,41.3
"13209",0,0,0,0,0.0733437531190311,20.46
"13211",0,0,0,0,0.117577808003538,53.99
"13213",0,0,0,0,0.086135242345088,31.43
"13215",9.87703096449207e-06,0.14736462909424,1,0,0.186693081792868,81.39
"13217",2.99805126667666e-05,0.447307206495169,1,0,0.179814774360746,79.41
"13219",0,0,0,0,0.175665595073326,78.56
"13221",0,0,0,0,0.0829244581237617,28.73
"13223",0,0,0,0,0.214453776212028,86.99
"13225",0,0,0,0,0.0929426392251644,37.13
"13227",0,0,0,0,0.153751437728052,71.49
"13229",0,0,0,0,0.0959889868972371,39.48
"13231",0,0,0,0,0.11040354530766,49.28
"13233",0,0,0,0,0.109435221695355,48.74
"13235",0,0,0,0,0.0649736101384342,14.16
"13237",0,0,0,0,0.116360595956145,53.17
"13239",0,0,0,0,0.0474536611214323,3.91
"13241",0,0,0,0,0.114421610535245,51.96
"13243",0,0,0,0,0.0644651692415554,13.71
"13245",0,0,0,0,0.173457833983499,78.05
"13247",0,0,0,0,0.202005577771527,84.7
"13249",0,0,0,0,0.0770078136308893,23.35
"13251",0,0,0,0,0.0763796559899982,22.81
"13253",0,0,0,0,0.055961206135306,7.86
"13255",0,0,0,0,0.145224868195721,68.63
"13257",0,0,0,0,0.107410972849901,47.38
"13259",0,0,0,0,0.0287183529739845,0.38
"13261",0,0,0,0,0.11400854071075,51.48
"13263",0,0,0,0,0.0593533149956461,10.02
"13265",0,0,0,0,0.0278273889392253,0.35
"13267",0,0,0,0,0.0680811210993259,16.8
"13269",0,0,0,0,0.0767257252857384,23.13
"13271",0,0,0,0,0.0702833601742407,18.29
"13273",0,0,0,0,0.075719491653906,22.46
"13275",0,0,0,0,0.163986206514253,75.41
"13277",0,0,0,0,0.123734975444144,57.75
"13279",0,0,0,0,0.1030347369947,44.45
"13281",0,0,0,0,0.0919298858261624,36.27
"13283",0,0,0,0,0.0767186108047767,23.07
"13285",0,0,0,0,0.113361067703788,51.13
"13287",0,0,0,0,0.0857520700019695,31.02
"13289",0,0,0,0,0.0603743379603022,10.53
"13291",0,0,0,0,0.130397815303627,61.12
"13293",0,0,0,0,0.0978131343538225,40.85
"13295",0,0,0,0,0.100870713191292,43.08
"13297",0,0,0,0,0.185749679301062,81.13
"13299",0,0,0,0,0.115338685640533,52.62
"13301",0,0,0,0,0.0948818385758516,38.34
"13303",0,0,0,0,0.0854068480891798,30.73
"13305",0,0,0,0,0.106654796839827,47.06
"13307",0,0,0,0,0.0796599126777632,25.9
"13309",0,0,0,0,0.0823470145084442,28.29
"13311",0,0,0,0,0.146084148484442,69.04
"13313",0,0,0,0,0.153907281370125,71.56
"13315",0,0,0,0,0.0640609628060112,13.52
"13317",0,0,0,0,0.0762617915736349,22.75
"13319",0,0,0,0,0.05573580588983,7.73
"13321",0,0,0,0,0.100664130393053,42.89
"15001",0,0,0,0,0.220552327448956,87.85
"15003",0.000261490495826209,3.90142038307156,1,1,0.262243439274337,93.7
"15007",0,0,0,0,0.185960943472743,81.29
"15009",0,0,0,0,0.234018091822578,90.23
"16001",9.94502267154387e-05,1.48379060731358,1,1,0.378367565371086,99.62
"16003",0.000758725341426404,11.3201304041323,1,1,0.11516674112458,52.43
"16005",9.37932328182522e-05,1.39938864376358,1,1,0.232120861303354,89.85
"16007",0,0,0,0,0.104631617985149,45.53
"16009",0,0,0,0,0.0940951155634974,37.99
"16011",5.26288090100521e-05,0.785218244968494,1,0,0.14868547241369,69.81
"16013",0.000233345000583362,3.48149151152639,1,1,0.225130322921084,88.61
"16015",0,0,0,0,0.115626717906766,52.82
"16017",0,0,0,0,0.232354680886276,89.95
"16019",1.46077099493112e-05,0.217946037259102,1,0,0.291027488579292,96.63
"16021",0,0,0,0,0.11723239257286,53.71
"16023",0,0,0,0,0.0191710860947988,0.1
"16025",0,0,0,0,0.0916863981950082,36.11
"16027",4.8632455355406e-05,0.725592920702173,1,0,0.258296665715946,93.29
"16029",0,0,0,0,0.0788911072603836,25.14
"16031",0,0,0,0,0.121950490039323,56.73
"16033",0,0,0,0,0.0568757332343482,8.53
"16035",0,0,0,0,0.103446487979264,44.73
"16037",0,0,0,0,0.0965154456038544,39.87
"16039",0,0,0,0,0.086274289567977,31.5
"16041",0,0,0,0,0.125974177364578,59.05
"16043",0,0,0,0,0.11550380155854,52.75
"16045",0,0,0,0,0.163969330204785,75.37
"16047",0,0,0,0,0.0769604736245128,23.32
"16049",0,0,0,0,0.142945747140997,67.52
"16051",0,0,0,0,0.144734568226917,68.41
"16053",0,0,0,0,0.0954434930759435,38.98
"16055",2.4354009887728e-05,0.363360168350658,1,0,0.311481032551015,97.93
"16057",5.65323082141444e-05,0.84345818715848,1,0,0.158291751474912,73.53
"16059",0,0,0,0,0.130884882627417,61.41
"16061",0,0,0,0,0.0699354044335144,18.04
"16063",0,0,0,0,0.0752748654976362,21.95
"16065",3.58012315623657e-05,0.534151935867333,1,0,0.132757663314288,62.42
"16067",0,0,0,0,0.0987160004488502,41.46
"16069",0,0,0,0,0.150668408480055,70.41
"16071",0,0,0,0,0.0754706486287369,22.18
"16073",0,0,0,0,0.0853259618376207,30.61
"16075",0,0,0,0,0.130935930154259,61.47
"16077",0,0,0,0,0.049971570347042,5.03
"16079",0,0,0,0,0.113792664162117,51.42
"16081",0.000167224080267559,2.49497188505792,1,1,0.1838898408984,80.59
"16083",2.09687565527364e-05,0.312852419220934,1,0,0.226332408485265,88.74
"16085",0.000156813548690607,2.33964746317177,1,1,0.16160057956118,74.83
"16087",0,0,0,0,0.112509285197757,50.59
"17001",0,0,0,0,0.183784830923329,80.53
"17003",0,0,0,0,0.0452137615877592,3.12
"17005",0,0,0,0,0.0853748168187266,30.67
"17007",0,0,0,0,0.13415837095461,63.28
"17009",0,0,0,0,0.0434768971082044,2.64
"17011",0,0,0,0,0.114068582535271,51.54
"17013",0,0,0,0,0.0788063028575845,25.07
"17015",0,0,0,0,0.0936956219865727,37.7
"17017",0,0,0,0,0.066596316360644,15.53
"17019",0.000371565286739651,5.54372876439589,1,1,0.172959346947517,77.66
"17021",0,0,0,0,0.108832668398017,48.36
"17023",0,0,0,0,0.078844453669156,25.1
"17025",0,0,0,0,0.0755520350232715,22.21
"17027",0,0,0,0,0.114203179197892,51.73
"17029",0,0,0,0,0.106621019917762,46.99
"17031",8.79363665611548e-05,1.31200459822049,1,1,0.428711929632155,100
"17033",0,0,0,0,0.0931965643587247,37.38
"17035",0,0,0,0,0.0639162446090171,13.33
"17037",0,0,0,0,0.166382872127671,76.07
"17039",0,0,0,0,0.071691588359829,19.12
"17041",0,0,0,0,0.117169134994741,53.61
"17043",9.87740050763852e-05,1.47370142652809,1,1,0.417243838401592,99.97
"17045",0,0,0,0,0.0525688955169309,6.08
"17047",0,0,0,0,0.0684879542864745,17.05
"17049",0,0,0,0,0.150977616952212,70.57
"17051",0,0,0,0,0.120920387214994,56.32
"17053",0,0,0,0,0.0744888004313342,21.51
"17055",0,0,0,0,0.120602806383355,56.09
"17057",0,0,0,0,0.105524983940382,46.48
"17059",0,0,0,0,0.0633370614362314,12.95
"17061",0,0,0,0,0.0563177715981896,8.18
"17063",0,0,0,0,0.117561736694995,53.93
"17065",0,0,0,0,0.0740748047990437,20.9
"17067",0,0,0,0,0.0949373954999138,38.43
"17069",0,0,0,0,0.0434870661682596,2.67
"17071",0,0,0,0,0.0688055814725693,17.28
"17073",0,0,0,0,0.11364700261485,51.35
"17075",0,0,0,0,0.0924372144458422,36.62
"17077",0,0,0,0,0.119006847172234,54.82
"17079",0,0,0,0,0.0742370925558963,21.03
"17081",0,0,0,0,0.10506843919779,45.85
"17083",0,0,0,0,0.0917907110864311,36.18
"17085",0,0,0,0,0.155910865801815,72.48
"17087",0,0,0,0,0.0608320699819153,10.75
"17089",0.000184602439328047,2.7542558182988,1,1,0.368524152814629,99.4
"17091",2.19765729732106e-05,0.327888971554543,1,0,0.174067044862361,78.21
"17093",0,0,0,0,0.196575801982441,83.87
"17095",0,0,0,0,0.116514993077446,53.32
"17097",3.49727481585503e-05,0.521791019924789,1,0,0.26360149727382,93.8
"17099",0.000212169075178576,3.16554814714673,1,1,0.199582660865861,84.41
"17101",0,0,0,0,0.0588667229062295,9.7
"17103",0.000149153553583414,2.22536085802765,1,1,0.132366741509976,62.27
"17105",0,0,0,0,0.104672967769584,45.59
"17107",0,0,0,0,0.0793809039824311,25.61
"17109",0.00017016931847188,2.5389146384151,1,1,0.090196421582608,34.87
"17111",0.000120559022915488,1.79873240853189,1,1,0.293801902431925,96.75
"17113",0,0,0,0,0.140130195230707,66.47
"17115",0,0,0,0,0.157680979329232,73.34
"17117",0,0,0,0,0.102479017562029,43.94
"17119",7.77544514423451e-05,1.16009111831478,1,1,0.22816204274808,89.15
"17121",0,0,0,0,0.11311970458504,51
"17123",0,0,0,0,0.0625704965533729,11.99
"17125",0,0,0,0,0.0748554096572145,21.73
"17127",0,0,0,0,0.0772563244562077,23.67
"17129",0,0,0,0,0.0897374803857232,34.52
"17131",0,0,0,0,0.0777738830008658,24.15
"17133",0,0,0,0,0.139221084549325,66.02
"17135",0,0,0,0,0.0983635559276791,41.14
"17137",0,0,0,0,0.109097203979956,48.58
"17139",0.00188420692017814,28.1122388830267,1,1,0.097233796880816,40.28
"17141",0,0,0,0,0.126948633226596,59.5
"17143",8.1698604769383e-05,1.21893761724945,1,1,0.188488282310315,81.8
"17145",0,0,0,0,0.080491411991011,26.44
"17147",0,0,0,0,0.0925157020910135,36.68
"17149",0,0,0,0,0.0972474235228,40.31
"17151",0,0,0,0,0.0615106487220038,11.33
"17153",0,0,0,0,0.0402709100608835,1.81
"17155",0,0,0,0,0.0794723504011299,25.8
"17157",0,0,0,0,0.0949786910696571,38.47
"17159",0,0,0,0,0.0938813586220388,37.8
"17161",0,0,0,0,0.178045515632281,79
"17163",0,0,0,0,0.222352771790473,88.1
"17165",0,0,0,0,0.077236606809711,23.61
"17167",0,0,0,0,0.140300186372636,66.56
"17169",0,0,0,0,0.0632729219088885,12.89
"17171",0,0,0,0,0.0838163076994918,29.46
"17173",0,0,0,0,0.0845216114809627,29.91
"17175",0,0,0,0,0.0549646688393212,7.35
"17177",0,0,0,0,0.120521020344662,56.06
"17179",0,0,0,0,0.173069864993895,77.7
"17181",0,0,0,0,0.0742429939661845,21.13
"17183",0,0,0,0,0.133363045339724,62.81
"17185",0,0,0,0,0.0734357875920151,20.52
"17187",0,0,0,0,0.0644374353742909,13.68
"17189",0,0,0,0,0.0771454173531944,23.45
"17191",0,0,0,0,0.0897555136990029,34.58
"17193",0,0,0,0,0.0676863658884393,16.58
"17195",0,0,0,0,0.148783724823298,69.87
"17197",6.90867764455544e-06,0.103076999786842,1,0,0.3004924465645,97.14
"17199",0.000383545881676096,5.72247842464142,1,1,0.145218758117659,68.6
"17201",7.27103510455748e-06,0.108483348403618,1,0,0.238243885259684,90.77
"17203",0,0,0,0,0.10010680746416,42.54
"18001",0,0,0,0,0.134266766124193,63.35
"18003",4.57391678215807e-06,0.0682425267809522,1,0,0.286422866575138,96.12
"18005",0,0,0,0,0.143169451753123,67.61
"18007",0,0,0,0,0.10692909970374,47.22
"18009",0,0,0,0,0.0845137759611326,29.88
"18011",0,0,0,0,0.154734786283495,71.94
"18013",0,0,0,0,0.130102523287242,61.06
"18015",0,0,0,0,0.0949098836799627,38.4
"18017",0,0,0,0,0.110481793289855,49.38
"18019",0,0,0,0,0.220568460007388,87.91
"18021",0,0,0,0,0.0976927616073091,40.63
"18023",0,0,0,0,0.095837776695689,39.33
"18025",0,0,0,0,0.074242544233758,21.09
"18027",0,0,0,0,0.121445074878572,56.51
"18029",0,0,0,0,0.148471596893718,69.74
"18031",0,0,0,0,0.109531883414492,48.87
"18033",0,0,0,0,0.133108518412962,62.65
"18035",0,0,0,0,0.193377481591464,82.88
"18037",0,0,0,0,0.128078446766935,60.1
"18039",2.19363990669718e-05,0.327289579610403,1,0,0.23091474645768,89.5
"18041",0,0,0,0,0.096737130295019,40.09
"18043",0,0,0,0,0.169305159943568,76.93
"18045",0,0,0,0,0.0970603901039184,40.18
"18047",0,0,0,0,0.112288815703624,50.49
"18049",0,0,0,0,0.120197306673824,55.65
"18051",0,0,0,0,0.083006180109986,28.86
"18053",0,0,0,0,0.116150051778154,52.97
"18055",0,0,0,0,0.114874006150829,52.31
"18057",5.38883110864422e-06,0.0804009930141691,1,0,0.260448401900722,93.51
"18059",0,0,0,0,0.176754296879063,78.81
"18061",0.000256016385048643,3.81974702320695,1,1,0.139891330379805,66.31
"18063",0,0,0,0,0.155178403294563,72.13
"18065",0,0,0,0,0.131078057904798,61.53
"18067",0,0,0,0,0.155208068633083,72.19
"18069",0,0,0,0,0.136372716570549,64.65
"18071",8.13206473123526e-05,1.2132985177398,1,1,0.130486522296824,61.18
"18073",0,0,0,0,0.105444010799516,46.42
"18075",0,0,0,0,0.0894139134841895,34.2
"18077",0,0,0,0,0.110326475031096,49.25
"18079",0,0,0,0,0.0939760029978216,37.89
"18081",1.36490820992288e-05,0.203643375044651,1,0,0.21174861038655,86.57
"18083",0,0,0,0,0.0997782988826976,42.32
"18085",0,0,0,0,0.179195558999218,79.29
"18087",0,0,0,0,0.173238035525074,77.82
"18089",4.70978316158324e-06,0.0702696439057589,1,0,0.258381617184915,93.32
"18091",0,0,0,0,0.207975495974483,85.91
"18093",0,0,0,0,0.130003668131302,60.96
"18095",0,0,0,0,0.190557980941419,82.21
"18097",1.9044549596402e-05,0.284143382523553,1,0,0.299104724919153,97.07
"18099",0,0,0,0,0.154713079619452,71.91
"18101",0,0,0,0,0.0441591920813234,2.86
"18103",0.000290838584585555,4.33929186795337,1,1,0.116462507607845,53.29
"18105",1.29143905053401e-05,0.192681826516425,1,0,0.159602880297265,73.88
"18107",0,0,0,0,0.112966410884018,50.87
"18109",0,0,0,0,0.164260600358854,75.5
"18111",0,0,0,0,0.0785663307322558,24.75
"18113",0,0,0,0,0.160394283418521,74.2
"18115",0,0,0,0,0.0861924892757991,31.47
"18117",0,0,0,0,0.0814149639434063,27.33
"18119",0,0,0,0,0.0836328131998191,29.3
"18121",0,0,0,0,0.102285434823117,43.88
"18123",0,0,0,0,0.0813617812120213,27.2
"18125",0,0,0,0,0.0718347648579617,19.22
"18127",7.13093828886005e-05,1.06393113457837,1,1,0.243570538756199,91.54
"18129",0,0,0,0,0.103216929346979,44.61
"18131",0,0,0,0,0.0690345645573108,17.44
"18133",0,0,0,0,0.102697003105685,44.23
"18135",0.0115422396856582,172.209429767775,1,1,0.114054935829874,51.51
"18137",0,0,0,0,0.123852478893609,57.81
"18139",0,0,0,0,0.0980576156211636,40.95
"18141",7.07073563933592e-06,0.105494894028384,1,0,0.256674825952266,93.1
"18143",0,0,0,0,0.0722863224844737,19.54
"18145",0.00024302517740838,3.62591909027082,1,1,0.137076434688223,64.91
"18147",0,0,0,0,0.0961248454130118,39.61
"18149",0,0,0,0,0.0919367479103441,36.3
"18151",0,0,0,0,0.150622588673675,70.38
"18153",0,0,0,0,0.0744479707530868,21.38
"18155",0,0,0,0,0.0808301371409729,26.73
"18157",0,0,0,0,0.153992779652566,71.59
"18159",0,0,0,0,0.0897121866538107,34.46
"18161",0,0,0,0,0.134244773021436,63.32
"18163",0,0,0,0,0.25778794084724,93.25
"18165",0,0,0,0,0.0652406037006216,14.38
"18167",0,0,0,0,0.198867767142705,84.28
"18169",0,0,0,0,0.134765826662422,63.76
"18171",0,0,0,0,0.119371773491029,55.07
"18173",0,0,0,0,0.162736479179251,75.21
"18175",0,0,0,0,0.112138323318132,50.33
"18177",0.000245737981876824,3.66639394812382,1,1,0.167565278163981,76.33
"18179",0,0,0,0,0.124588356116416,58.29
"18181",0,0,0,0,0.108189010203228,47.82
"18183",0,0,0,0,0.117762966053709,54.09
"19001",0,0,0,0,0.0656705264564364,14.64
"19003",0,0,0,0,0.0626067083605719,12.03
"19005",0,0,0,0,0.103916087099546,44.99
"19007",0,0,0,0,0.107611696122676,47.44
"19009",0,0,0,0,0.0671677765023366,16.1
"19011",0,0,0,0,0.137205416873186,65.07
"19013",0,0,0,0,0.192656838835928,82.66
"19015",0,0,0,0,0.12547622125727,58.86
"19017",0,0,0,0,0.103299730263542,44.64
"19019",0,0,0,0,0.122684412480163,56.98
"19021",0,0,0,0,0.082409430928321,28.38
"19023",0,0,0,0,0.0907890384007883,35.32
"19025",0,0,0,0,0.0710793808208654,18.8
"19027",0,0,0,0,0.122349417579007,56.86
"19029",0,0,0,0,0.101053875371761,43.24
"19031",0,0,0,0,0.109740476775738,49
"19033",0,0,0,0,0.174362219912632,78.27
"19035",0,0,0,0,0.0859658885078814,31.18
"19037",0,0,0,0,0.0833926105239018,29.08
"19039",0,0,0,0,0.0552275740561126,7.51
"19041",0,0,0,0,0.15070250084746,70.44
"19043",0,0,0,0,0.105307338627723,46.17
"19045",0,0,0,0,0.144714944423185,68.37
"19047",0,0,0,0,0.0841146344277392,29.65
"19049",0,0,0,0,0.125667286549432,58.96
"19051",0,0,0,0,0.0926066815948828,36.84
"19053",0,0,0,0,0.0865594120821063,31.94
"19055",0,0,0,0,0.111866681832142,50.11
"19057",0,0,0,0,0.158433067257362,73.62
"19059",0,0,0,0,0.129226029992319,60.67
"19061",0,0,0,0,0.231938442657082,89.79
"19063",0,0,0,0,0.0863598886113609,31.59
"19065",0,0,0,0,0.0940327268969178,37.96
"19067",0,0,0,0,0.0914787518664984,35.95
"19069",0,0,0,0,0.0753109599564462,22.02
"19071",0,0,0,0,0.057760063890065,9
"19073",0,0,0,0,0.0746849271953491,21.67
"19075",0,0,0,0,0.0704033819998498,18.42
"19077",0,0,0,0,0.102264221147826,43.84
"19079",0,0,0,0,0.0896783546641367,34.36
"19081",0,0,0,0,0.0686456531067146,17.18
"19083",0,0,0,0,0.0887372310335273,33.79
"19085",0,0,0,0,0.081843658644739,27.74
"19087",0,0,0,0,0.099712043672745,42.28
"19089",0,0,0,0,0.0816168732794809,27.59
"19091",0,0,0,0,0.0905920468247502,35.13
"19093",0,0,0,0,0.0631559857645668,12.73
"19095",0,0,0,0,0.0794937947785825,25.87
"19097",0,0,0,0,0.114365167916868,51.89
"19099",0,0,0,0,0.157567656588945,73.21
"19101",0,0,0,0,0.135845199735225,64.24
"19103",0,0,0,0,0.133091300548002,62.58
"19105",0,0,0,0,0.117932936362351,54.31
"19107",0,0,0,0,0.0690580472576134,17.47
"19109",0,0,0,0,0.103923467331757,45.02
"19111",0,0,0,0,0.115022567512702,52.4
"19113",0,0,0,0,0.266755718718797,94.08
"19115",0,0,0,0,0.0574693340953657,8.65
"19117",0,0,0,0,0.077504778700229,23.93
"19119",0,0,0,0,0.0874346901694828,32.61
"19121",0,0,0,0,0.128956828946604,60.48
"19123",0,0,0,0,0.103052208397097,44.48
"19125",0,0,0,0,0.105441434830304,46.39
"19127",0,0,0,0,0.117396361261951,53.83
"19129",0,0,0,0,0.109971579377305,49.06
"19131",0,0,0,0,0.0808661240509103,26.79
"19133",0,0,0,0,0.0721634670613577,19.44
"19135",0,0,0,0,0.0836047500071205,29.24
"19137",0,0,0,0,0.0789885693078442,25.26
"19139",0,0,0,0,0.114119445325327,51.57
"19141",0,0,0,0,0.096468366025783,39.83
"19143",0,0,0,0,0.0599718969353434,10.28
"19145",0,0,0,0,0.0815658141472537,27.55
"19147",0,0,0,0,0.0698906698395365,18.01
"19149",0,0,0,0,0.0940233892926772,37.93
"19151",0,0,0,0,0.0558761186077605,7.8
"19153",2.88931329690872e-05,0.431083575486094,1,0,0.306255403572784,97.58
"19155",0,0,0,0,0.160756619096032,74.42
"19157",0,0,0,0,0.0708406040539578,18.64
"19159",0,0,0,0,0.074362698981548,21.32
"19161",0,0,0,0,0.0874413180948344,32.64
"19163",1.00847115772489e-05,0.150463209687841,1,0,0.256556166434183,93.06
"19165",0,0,0,0,0.0977192403069658,40.66
"19167",0,0,0,0,0.11820545062164,54.57
"19169",0,0,0,0,0.1243730893122,58.13
"19171",0,0,0,0,0.0782185505047829,24.5
"19173",0,0,0,0,0.0491550405448088,4.74
"19175",0,0,0,0,0.0822797656497948,28.16
"19177",0,0,0,0,0.0776909412741536,24.09
"19179",0,0,0,0,0.127635236066362,59.82
"19181",0,0,0,0,0.138050084721775,65.48
"19183",0,0,0,0,0.119860393748427,55.36
"19185",0,0,0,0,0.060758171538903,10.69
"19187",0,0,0,0,0.125371660629655,58.77
"19189",0,0,0,0,0.0884017158499752,33.41
"19191",0,0,0,0,0.116354532770928,53.13
"19193",0,0,0,0,0.196432287957744,83.84
"19195",0,0,0,0,0.0745471579838057,21.57
"19197",0,0,0,0,0.0495895897999833,4.87
"20001",0,0,0,0,0.0783435016778499,24.56
"20003",0,0,0,0,0.0966235857699106,39.96
"20005",0,0,0,0,0.0956803836190318,39.13
"20007",0,0,0,0,0.0580577544156023,9.07
"20009",0,0,0,0,0.123050443849386,57.17
"20011",0,0,0,0,0.0973545120972929,40.41
"20013",0,0,0,0,0.0639317628351761,13.36
"20015",0,0,0,0,0.136787092492651,64.84
"20017",0,0,0,0,0.0501052023536454,5.12
"20019",0,0,0,0,0.0490510339710886,4.68
"20021",0,0,0,0,0.081476386638757,27.39
"20023",0,0,0,0,0.043441406218038,2.61
"20025",0,0,0,0,0.0467522056785966,3.66
"20027",0,0,0,0,0.0841076042825544,29.62
"20029",0,0,0,0,0.0926734529703952,36.97
"20031",0,0,0,0,0.0596237501128528,10.12
"20033",0,0,0,0,0.0466945451786136,3.63
"20035",0,0,0,0,0.100328472387251,42.67
"20037",0,0,0,0,0.111943493675889,50.17
"20039",0,0,0,0,0.0447143556562856,2.96
"20041",0,0,0,0,0.0928969313697553,37.07
"20043",0,0,0,0,0.0587532459873691,9.61
"20045",1.69727417767066e-05,0.253232151000481,1,0,0.188120513032226,81.71
"20047",0,0,0,0,0.0494551898827588,4.8
"20049",0,0,0,0,0.052762419183377,6.2
"20051",0,0,0,0,0.131916118230654,62.04
"20053",0,0,0,0,0.0567136077958449,8.43
"20055",0,0,0,0,0.126686974207836,59.4
"20057",0.000299207101181868,4.46414956544548,1,1,0.118063482985505,54.44
"20059",0,0,0,0,0.0957997053311833,39.26
"20061",0,0,0,0,0.0502683153767645,5.19
"20063",0,0,0,0,0.0362153013080667,1.18
"20065",0,0,0,0,0.0537975687158518,6.68
"20067",0,0,0,0,0.0706421402115173,18.58
"20069",0,0,0,0,0.0504131868375039,5.25
"20071",0,0,0,0,0.0414978268736771,2.2
"20073",0,0,0,0,0.0674200834051585,16.32
"20075",0,0,0,0,0.0319960059491252,0.64
"20077",0,0,0,0,0.0745082434651763,21.54
"20079",0,0,0,0,0.120736711869976,56.19
"20081",0,0,0,0,0.0390178807918204,1.62
"20083",0,0,0,0,0.0359525739555799,1.08
"20085",0,0,0,0,0.0659144220317796,14.92
"20087",0,0,0,0,0.101441681531986,43.46
"20089",0,0,0,0,0.0425663822081307,2.39
"20091",1.45741789271947e-05,0.217445756693503,1,0,0.327564833161803,98.5
"20093",0,0,0,0,0.0307690862529618,0.51
"20095",0,0,0,0,0.0630929620231547,12.63
"20097",0,0,0,0,0.0381578867921652,1.43
"20099",0,0,0,0,0.0767159153750188,23.04
"20101",0,0,0,0,0.0330052490455016,0.76
"20103",0,0,0,0,0.127665200917713,59.88
"20105",0,0,0,0,0.0551128127469,7.48
"20107",0,0,0,0,0.085559418150432,30.89
"20109",0,0,0,0,0.0482380428819376,4.1
"20111",0,0,0,0,0.105330303206226,46.26
"20113",0,0,0,0,0.10219482315904,43.81
"20115",0,0,0,0,0.0794302206972925,25.71
"20117",0,0,0,0,0.0772554886044208,23.64
"20119",0,0,0,0,0.0484141741149887,4.23
"20121",0,0,0,0,0.135757708134538,64.14
"20123",0,0,0,0,0.0666727718514702,15.59
"20125",0,0,0,0,0.103107346699964,44.51
"20127",0,0,0,0,0.0715569836747965,19.03
"20129",0,0,0,0,0.0381802627467288,1.46
"20131",0,0,0,0,0.0787286127904777,24.94
"20133",0,0,0,0,0.104935915779407,45.75
"20135",0,0,0,0,0.0497299094275539,4.93
"20137",0,0,0,0,0.0616556637752393,11.45
"20139",0,0,0,0,0.0834618552669862,29.11
"20141",0,0,0,0,0.0505163867519214,5.28
"20143",0,0,0,0,0.0555698118232721,7.67
"20145",0,0,0,0,0.0495353869986682,4.84
"20147",0,0,0,0,0.061536198640292,11.39
"20149",0,0,0,0,0.11478889886907,52.24
"20151",0,0,0,0,0.0637441499586992,13.2
"20153",0,0,0,0,0.0473385116562134,3.85
"20155",0,0,0,0,0.169624057838223,77.12
"20157",0,0,0,0,0.0610514273403488,10.91
"20159",0,0,0,0,0.054072139750766,6.94
"20161",0,0,0,0,0.156078041774963,72.61
"20163",0,0,0,0,0.0586607698243064,9.48
"20165",0,0,0,0,0.0364358205712859,1.3
"20167",0,0,0,0,0.0663631597493263,15.34
"20169",0,0,0,0,0.144098350595018,68.06
"20171",0,0,0,0,0.0567495362996761,8.46
"20173",1.69127471375175e-05,0.252337035071056,1,0,0.260996373025037,93.57
"20175",0,0,0,0,0.0859092094838245,31.12
"20177",9.22594335270781e-06,0.137650446283295,1,0,0.189622496271943,82.09
"20179",0,0,0,0,0.0545058826174559,7.13
"20181",0,0,0,0,0.0812587562009634,27.11
"20183",0,0,0,0,0.0506021865581831,5.38
"20185",0,0,0,0,0.0476989380641051,3.98
"20187",0,0,0,0,0.0355558102799542,1.02
"20189",0,0,0,0,0.0482983185643792,4.17
"20191",0,0,0,0,0.085481014318807,30.77
"20193",0,0,0,0,0.0801191470911554,26.31
"20195",0,0,0,0,0.0583599005976881,9.35
"20197",0,0,0,0,0.0612924668235216,11.14
"20199",0,0,0,0,0.0586757640483441,9.51
"20201",0,0,0,0,0.0632641799770608,12.85
"20203",0,0,0,0,0.0561604724351638,8.05
"20205",0,0,0,0,0.0690067990233873,17.4
"20207",0,0,0,0,0.0577047384367019,8.94
"20209",0,0,0,0,0.205349228712441,85.33
"21001",0,0,0,0,0.10457568488897,45.47
"21003",0,0,0,0,0.0890525542525127,34.04
"21005",0,0,0,0,0.133363208704537,62.84
"21007",0,0,0,0,0.0818874262670128,27.81
"21009",0,0,0,0,0.153706625541987,71.46
"21011",0,0,0,0,0.0936431728816174,37.64
"21013",0,0,0,0,0.10090258153571,43.11
"21015",0,0,0,0,0.21526323009031,87.15
"21017",0,0,0,0,0.0873614436941591,32.55
"21019",0,0,0,0,0.160817273171372,74.48
"21021",0,0,0,0,0.131832608027679,62.01
"21023",0,0,0,0,0.0805633126832452,26.5
"21025",0,0,0,0,0.0692410929593338,17.59
"21027",0,0,0,0,0.11186226807055,50.08
"21029",0,0,0,0,0.131382379520977,61.72
"21031",0,0,0,0,0.099704483557449,42.25
"21033",0,0,0,0,0.0822777934977323,28.09
"21035",0,0,0,0,0.118193095155403,54.53
"21037",0,0,0,0,0.207432469356784,85.71
"21039",0,0,0,0,0.060205938672726,10.37
"21041",0,0,0,0,0.0802145935865911,26.34
"21043",0,0,0,0,0.0959526441162897,39.45
"21045",0,0,0,0,0.0936260102008698,37.61
"21047",0,0,0,0,0.0864670998133099,31.69
"21049",0,0,0,0,0.128552705860279,60.29
"21051",0,0,0,0,0.0953158377509237,38.88
"21053",0,0,0,0,0.0792667302667763,25.49
"21055",0,0,0,0,0.0884280674232225,33.44
"21057",0,0,0,0,0.0697906036210264,17.91
"21059",0,0,0,0,0.189988628943941,82.12
"21061",0,0,0,0,0.0822987851623371,28.25
"21063",0,0,0,0,0.0448054242920915,2.99
"21065",0,0,0,0,0.0826012081564399,28.51
"21067",7.88754119049288e-05,1.17681577204846,1,1,0.293938620461741,96.79
"21069",0,0,0,0,0.104060084007126,45.05
"21071",0,0,0,0,0.107744570284421,47.53
"21073",0,0,0,0,0.130959384161752,61.5
"21075",0,0,0,0,0.0626155525575019,12.06
"21077",0,0,0,0,0.0518831085534382,5.76
"21079",0,0,0,0,0.127851556375059,60.01
"21081",0,0,0,0,0.115870205515442,52.88
"21083",0,0,0,0,0.128813908873013,60.36
"21085",0,0,0,0,0.11163537307349,49.92
"21087",0,0,0,0,0.0865029193876978,31.82
"21089",0,0,0,0,0.129483813117437,60.74
"21091",0,0,0,0,0.0556068962731561,7.7
"21093",0,0,0,0,0.144060728395741,68.02
"21095",0,0,0,0,0.0743018918376878,21.19
"21097",0,0,0,0,0.0930775369838819,37.19
"21099",0,0,0,0,0.0850983389708933,30.38
"21101",0,0,0,0,0.133515640200647,63
"21103",0,0,0,0,0.0994250641879317,42
"21105",0,0,0,0,0.0457550674716991,3.21
"21107",0,0,0,0,0.111782449390199,49.98
"21109",0,0,0,0,0.0951051239078135,38.72
"21111",1.13088057901086e-05,0.168726611949408,1,0,0.314008500033991,98.06
"21113",0,0,0,0,0.191458258162864,82.37
"21115",0,0,0,0,0.0969127211875812,40.15
"21117",0,0,0,0,0.214884320045855,87.08
"21119",0,0,0,0,0.0724479134524002,19.73
"21121",0,0,0,0,0.109581982602164,48.9
"21123",0,0,0,0,0.0963283755809797,39.74
"21125",0,0,0,0,0.158063045389157,73.43
"21127",0,0,0,0,0.0620759379735841,11.68
"21129",0,0,0,0,0.064879027129534,14.06
"21131",0,0,0,0,0.0517379780115883,5.7
"21133",0,0,0,0,0.065734323350333,14.67
"21135",0,0,0,0,0.0859580691965741,31.15
"21137",0,0,0,0,0.111946838732573,50.21
"21139",0,0,0,0,0.0693447461165862,17.66
"21141",0,0,0,0,0.119408499153458,55.17
"21143",0,0,0,0,0.0846478469037463,30
"21145",0,0,0,0,0.186461866853294,81.32
"21147",0,0,0,0,0.070715561406691,18.61
"21149",0,0,0,0,0.0666570038027063,15.56
"21151",0,0,0,0,0.15494804816678,72
"21153",0,0,0,0,0.0779531807159305,24.37
"21155",0,0,0,0,0.0699576376724429,18.07
"21157",0,0,0,0,0.144100819500547,68.09
"21159",0,0,0,0,0.0585395438695855,9.45
"21161",0,0,0,0,0.113574691414712,51.32
"21163",0,0,0,0,0.112651581158521,50.68
"21165",0,0,0,0,0.0879343493493594,32.96
"21167",0,0,0,0,0.087027162677795,32.26
"21169",0,0,0,0,0.0855426166628503,30.86
"21171",0,0,0,0,0.073298386800658,20.39
"21173",0,0,0,0,0.121190432647091,56.41
"21175",0,0,0,0,0.0665220173464085,15.43
"21177",0,0,0,0,0.0951911573140135,38.78
"21179",0,0,0,0,0.121031272355674,56.38
"21181",0,0,0,0,0.0839753170436203,29.53
"21183",0,0,0,0,0.0798659715015832,26.06
"21185",0,0,0,0,0.213434377336749,86.89
"21187",0.000488758553274682,7.29224431703145,1,1,0.0922144378770989,36.43
"21189",0,0,0,0,0.0709071038266995,18.68
"21191",0,0,0,0,0.0995121144303494,42.06
"21193",0,0,0,0,0.107657869899268,47.47
"21195",0,0,0,0,0.118127084587326,54.47
"21197",0,0,0,0,0.102627992218957,44.13
"21199",0,0,0,0,0.177097850631797,78.87
"21201",0,0,0,0,0.0476510715733374,3.95
"21203",0,0,0,0,0.0731293587790537,20.2
"21205",0,0,0,0,0.0876966755959212,32.8
"21207",0,0,0,0,0.0848933750364158,30.23
"21209",0,0,0,0,0.0948975203222626,38.37
"21211",0,0,0,0,0.168496842995287,76.58
"21213",0,0,0,0,0.102068666286844,43.72
"21215",0,0,0,0,0.11335221637992,51.1
"21217",0,0,0,0,0.117207104279251,53.67
"21219",0,0,0,0,0.0944017382151269,38.21
"21221",0,0,0,0,0.100016588959663,42.48
"21223",0,0,0,0,0.0705697750767758,18.55
"21225",0,0,0,0,0.0686407532867172,17.15
"21227",0.000127030906619581,1.89529247248464,1,1,0.238587673198777,90.84
"21229",0,0,0,0,0.0822796932933233,28.13
"21231",0,0,0,0,0.0888140600510388,33.85
"21233",0,0,0,0,0.0772121594160173,23.51
"21235",0,0,0,0,0.112077960264623,50.24
"21237",0,0,0,0,0.0836531150828307,29.34
"21239",0,0,0,0,0.12346998071312,57.49
"22001",0,0,0,0,0.17312404002137,77.73
"22003",0,0,0,0,0.0682627144393929,16.89
"22005",1.75632716862497e-05,0.262042817019624,1,0,0.206048761960513,85.46
"22007",0,0,0,0,0.0941658642921389,38.15
"22009",0,0,0,0,0.114590360000479,52.15
"22011",0,0,0,0,0.124452105427047,58.19
"22013",0,0,0,0,0.057383655048009,8.62
"22015",5.37971846140052e-05,0.802650329381136,1,0,0.198787528084387,84.22
"22017",1.62822694227121e-05,0.242930350518938,1,0,0.246451964192594,91.73
"22019",0.000142982617398942,2.13329091056487,1,1,0.226476584174971,88.8
"22021",0,0,0,0,0.0785237844789696,24.69
"22023",0,0,0,0,0.0670028154104221,15.91
"22025",0,0,0,0,0.109400597757242,48.71
"22027",0,0,0,0,0.0831695768901645,28.92
"22029",0,0,0,0,0.0984659921628631,41.23
"22031",0,0,0,0,0.092541525780047,36.75
"22033",6.90428361481988e-05,1.03011441162541,1,1,0.256213124587176,93
"22035",0,0,0,0,0.0630775007429943,12.6
"22037",0,0,0,0,0.0911208657512697,35.7
"22039",0,0,0,0,0.0909208993393254,35.41
"22041",0,0,0,0,0.0896545360712485,34.3
"22043",0,0,0,0,0.0645660383625053,13.81
"22045",0,0,0,0,0.160056615744948,74.07
"22047",0,0,0,0,0.0898653477067685,34.68
"22049",0,0,0,0,0.0746315998758126,21.64
"22051",6.63645499535448e-05,0.990154564065724,1,0,0.347216992886251,99.2
"22053",0,0,0,0,0.123863011892256,57.84
"22055",6.52941829412418e-06,0.0974184761163435,1,0,0.272157196120245,94.72
"22057",0,0,0,0,0.136179463811836,64.52
"22059",0,0,0,0,0.0608939602904282,10.82
"22061",0,0,0,0,0.150481236951792,70.31
"22063",0,0,0,0,0.187703352998548,81.61
"22065",0,0,0,0,0.0627371058942386,12.12
"22067",0,0,0,0,0.105050636349777,45.78
"22069",0,0,0,0,0.101324584715285,43.4
"22071",0.000321454604724024,4.79608080263091,1,1,0.258429950545182,93.35
"22073",0,0,0,0,0.214642163987881,87.02
"22075",0,0,0,0,0.120106672394596,55.58
"22077",0,0,0,0,0.0952510633595396,38.82
"22079",0,0,0,0,0.174663927386432,78.33
"22081",0,0,0,0,0.0685265793643718,17.12
"22083",0,0,0,0,0.0847833651242239,30.1
"22085",0,0,0,0,0.0913194198071727,35.86
"22087",0,0,0,0,0.155138844144666,72.06
"22089",0,0,0,0,0.15380806486704,71.52
"22091",0,0,0,0,0.0883976323218706,33.38
"22093",0,0,0,0,0.0951020825420092,38.66
"22095",0,0,0,0,0.143754135128815,67.99
"22097",0,0,0,0,0.157474824902852,73.11
"22099",6.79071030829825e-05,1.01316935166687,1,1,0.156987876191561,72.99
"22101",0,0,0,0,0.140935626325081,66.69
"22103",0.000204087065316734,3.044965110614,1,1,0.320615821471609,98.19
"22105",1.84141715464221e-05,0.274738184963841,1,0,0.200074220460088,84.57
"22107",0,0,0,0,0.0544429016727088,7.1
"22109",0,0,0,0,0.175322197750005,78.46
"22111",0,0,0,0,0.0953047644397972,38.85
"22113",0,0,0,0,0.145609780297918,68.69
"22115",0,0,0,0,0.066200935046801,15.21
"22117",0,0,0,0,0.0977869654410725,40.79
"22119",0,0,0,0,0.11341106157826,51.19
"22121",0,0,0,0,0.13570086389075,64.11
"22123",0,0,0,0,0.0747627428032971,21.7
"22125",0,0,0,0,0.0588335250553914,9.67
"22127",0,0,0,0,0.0655359526966598,14.48
"23001",0,0,0,0,0.231689062675484,89.76
"23003",0,0,0,0,0.139435202157311,66.18
"23005",5.07511165245635e-05,0.757203201007225,1,0,0.304419204265826,97.36
"23007",0.0007274490785645,10.8534906930017,1,1,0.160960379123864,74.58
"23009",0,0,0,0,0.182163643811029,80.11
"23011",1.41364735153169e-05,0.210915221767997,1,0,0.184023551475253,80.66
"23013",0,0,0,0,0.212781818001836,86.73
"23015",0,0,0,0,0.194012609720888,83.04
"23017",0,0,0,0,0.144745448695448,68.44
"23019",2.48237513653063e-05,0.370368679193882,1,0,0.232142307878488,89.88
"23021",0,0,0,0,0.124594172906402,58.32
"23023",5.09113124936361e-05,0.75959331395206,1,0,0.142071139437225,67.04
"23025",0,0,0,0,0.155777540123818,72.41
"23027",6.992029086841e-05,1.04320597627229,1,1,0.194551320793745,83.36
"23029",0,0,0,0,0.138004433317928,65.45
"23031",2.14774325877085e-05,0.320441831007965,1,0,0.250800732068817,92.3
"24001",0,0,0,0,0.160592987677216,74.36
"24003",0.000100958545299538,1.50629461783059,1,1,0.233767083817385,90.17
"24005",2.86865161421417e-05,0.428000866504324,1,0,0.284707753846987,95.8
"24009",3.81112085064217e-05,0.568616634500033,1,0,0.218547037085689,87.53
"24011",0,0,0,0,0.129454806233595,60.71
"24013",1.48716575949555e-05,0.22188411815006,1,0,0.207917934716446,85.87
"24015",2.41832120142197e-05,0.360811875713921,1,0,0.158921616162694,73.78
"24017",0.000216377835041407,3.2283425575685,1,1,0.206671286955514,85.59
"24019",0,0,0,0,0.138254085510943,65.64
"24021",0.000218898212331266,3.26594641502656,1,1,0.268643273156234,94.3
"24023",0,0,0,0,0.175918360829466,78.62
"24025",9.43031468960119e-05,1.40699652706466,1,1,0.246956888232377,91.89
"24027",3.1210986267166e-05,0.465665788784218,1,0,0.289606918338993,96.44
"24029",0,0,0,0,0.143251960562869,67.64
"24031",0.000209211273498909,3.12141794759331,1,1,0.246151363500537,91.7
"24033",0.000101461302919224,1.51379572726475,1,1,0.250705036545403,92.27
"24035",0,0,0,0,0.210526171006608,86.35
"24037",1.79323948713351e-05,0.267550109793712,1,0,0.0980195481914558,40.92
"24039",0,0,0,0,0.0920563141402911,36.37
"24041",0.000340185644165816,5.07554663500629,1,1,0.227441678451874,88.96
"24043",0.000171086398631309,2.55259741191554,1,1,0.261352429258967,93.6
"24045",1.96920168563664e-05,0.293803549931991,1,0,0.194519325636013,83.33
"24047",0,0,0,0,0.168716813572047,76.65
"24510",2.8319495398082e-05,0.422524942007105,1,0,0.197082247999713,83.9
"25001",0.000187602176185244,2.79901168784404,1,1,0.251757562623276,92.46
"25003",0.000153444836581249,2.28938650800159,1,1,0.242383510876529,91.41
"25005",0,0,0,0,0.305223126128147,97.45
"25007",0,0,0,0,0.1856593285193,81.1
"25009",8.73534100587452e-05,1.30330692691982,1,1,0.333328820954364,98.73
"25011",0,0,0,0,0.207642891762594,85.78
"25013",2.23607595502804e-05,0.33362100911081,1,0,0.251163573946331,92.36
"25015",0.000164713335445043,2.45751174335638,1,1,0.207996735849983,85.97
"25017",0.000154603018576221,2.30666650446269,1,1,0.275875854160604,95.13
"25019",0,0,0,0,0.167941129523237,76.52
"25021",5.177832662804e-05,0.772529105769988,1,0,0.356009146501324,99.27
"25023",4.54402937260586e-06,0.0677966086665834,1,0,0.322447003307016,98.25
"25025",4.28254409073803e-05,0.638952660754156,1,0,0.208954969619018,86.16
"25027",3.26931346932001e-05,0.487779342325796,1,0,0.298131306446637,97.04
"26001",0,0,0,0,0.116381479405413,53.2
"26003",0,0,0,0,0.0927220331827565,37.03
"26005",0.000149352450446991,2.22832838568189,1,1,0.231629549451294,89.72
"26007",0,0,0,0,0.156258887265894,72.73
"26009",0,0,0,0,0.131120747118619,61.57
"26011",0.00370612600828428,55.2951475550443,1,1,0.107914688633664,47.57
"26013",0,0,0,0,0.0616944567955325,11.49
"26015",0,0,0,0,0.152345538080287,70.86
"26017",0.000266808964781217,3.98077157754705,1,1,0.209005217242105,86.19
"26019",0,0,0,0,0.128008602364271,60.07
"26021",0.000103298162768391,1.54120155107392,1,1,0.228850426531202,89.25
"26023",0,0,0,0,0.134385652450761,63.41
"26025",0,0,0,0,0.170183061158918,77.22
"26027",0.000178619273019559,2.66498738459344,1,1,0.1551868655087,72.16
"26029",0,0,0,0,0.159710622425464,73.97
"26031",0,0,0,0,0.161823952987279,74.93
"26033",0,0,0,0,0.12487751283405,58.51
"26035",0,0,0,0,0.131523675144164,61.82
"26037",0,0,0,0,0.185626856304149,81.07
"26039",0,0,0,0,0.0855028405168675,30.8
"26041",0,0,0,0,0.17200082926849,77.47
"26043",0,0,0,0,0.143655774218967,67.96
"26045",0.000463878020249284,6.92102845933738,1,1,0.17934797680033,79.32
"26047",0,0,0,0,0.169882439971648,77.19
"26049",6.69039526855247e-06,0.0998202416078783,1,0,0.231526851263524,89.69
"26051",0,0,0,0,0.116704120124771,53.42
"26053",0,0,0,0,0.114140665252096,51.64
"26055",0,0,0,0,0.269896516734178,94.43
"26057",0,0,0,0,0.120449902330222,55.97
"26059",0,0,0,0,0.122681866675029,56.95
"26061",0,0,0,0,0.135898575992886,64.27
"26063",0,0,0,0,0.122705039649405,57.02
"26065",5.88429129595631e-06,0.0877932252544741,1,0,0.180341169428393,79.64
"26067",0,0,0,0,0.113031279690207,50.91
"26069",0,0,0,0,0.111713909491744,49.95
"26071",0,0,0,0,0.101542748509791,43.49
"26073",0,0,0,0,0.132026414372124,62.11
"26075",0,0,0,0,0.191643099755875,82.44
"26077",7.5919767989189e-06,0.113271776618582,1,0,0.253065901004202,92.59
"26079",0,0,0,0,0.0983800321179139,41.17
"26081",4.16947374657939e-05,0.62208264243752,1,0,0.312267370333114,97.96
"26083",0,0,0,0,0.0612475113630847,11.1
"26085",0,0,0,0,0.0898289613315786,34.62
"26087",0,0,0,0,0.200740305274957,84.6
"26089",0,0,0,0,0.151490522724026,70.79
"26091",0.000169566249533693,2.52991689094285,1,1,0.193961670961098,83.01
"26093",2.73747604708459e-05,0.408429561255033,1,0,0.268726091853987,94.34
"26095",0,0,0,0,0.103125187385801,44.54
"26097",0,0,0,0,0.101628388261535,43.59
"26099",5.35337637447938e-06,0.079872010795867,1,0,0.278095617136427,95.39
"26101",0,0,0,0,0.112570451703139,50.65
"26103",0,0,0,0,0.166119831857938,75.98
"26105",0,0,0,0,0.135096757456421,63.89
"26107",0,0,0,0,0.120388939936876,55.84
"26109",0,0,0,0,0.102562034524566,44.03
"26111",2.34246896228625e-05,0.349494773310994,1,0,0.143493213045042,67.87
"26113",0,0,0,0,0.102409333252293,43.91
"26115",2.18273890077269e-05,0.325663156953035,1,0,0.191728122659114,82.5
"26117",0,0,0,0,0.132051970235716,62.17
"26119",0,0,0,0,0.0683234169923957,16.96
"26121",1.44749221972932e-05,0.215964853045471,1,0,0.202513803925684,84.82
"26123",0,0,0,0,0.139783613747604,66.27
"26125",5.9696411991612e-05,0.89066639995628,1,0,0.370182722763478,99.49
"26127",0,0,0,0,0.110007095555383,49.09
"26129",0,0,0,0,0.134505884056333,63.57
"26131",0,0,0,0,0.077291754451714,23.7
"26133",0,0,0,0,0.0996844749314709,42.22
"26135",0,0,0,0,0.108283444702109,47.95
"26137",0,0,0,0,0.124678999918199,58.38
"26139",2.04030278093269e-05,0.304411784910866,1,0,0.256901404879931,93.13
"26141",0,0,0,0,0.0958873960558603,39.39
"26143",0,0,0,0,0.119375527575288,55.11
"26145",1.16059097292341e-05,0.173159382480257,1,0,0.212641971274221,86.67
"26147",0,0,0,0,0.239670275051841,90.96
"26149",0,0,0,0,0.149693496303573,70.06
"26151",0,0,0,0,0.160479915840008,74.26
"26153",0,0,0,0,0.0966117972393858,39.93
"26155",0,0,0,0,0.159371678015628,73.85
"26157",0,0,0,0,0.137437818160119,65.16
"26159",0,0,0,0,0.151276012987943,70.7
"26161",2.46258916624939e-05,0.36741662590758,1,0,0.194069826003561,83.07
"26163",0.000133532842215347,1.99230090861382,1,1,0.300127488756539,97.1
"26165",0,0,0,0,0.145298812905766,68.66
"27001",0,0,0,0,0.121325003556517,56.44
"27003",4.68384074941452e-05,0.698825848835895,1,0,0.277426500791978,95.26
"27005",0,0,0,0,0.156144661604405,72.64
"27007",0,0,0,0,0.160157651681083,74.1
"27009",0,0,0,0,0.141100588423149,66.72
"27011",0,0,0,0,0.091303620021335,35.79
"27013",6.57736072438666e-05,0.981337739096689,1,0,0.194386052818837,83.26
"27015",0,0,0,0,0.110200866683257,49.19
"27017",0,0,0,0,0.102998777520685,44.38
"27019",0,0,0,0,0.212767593364696,86.7
"27021",0,0,0,0,0.117910652291899,54.25
"27023",0,0,0,0,0.0892526404022999,34.17
"27025",0,0,0,0,0.16500435641304,75.72
"27027",0,0,0,0,0.151020373665194,70.6
"27029",0,0,0,0,0.0794042430463744,25.68
"27031",0,0,0,0,0.114231405989589,51.8
"27033",0,0,0,0,0.0679853899539764,16.74
"27035",0,0,0,0,0.213601407527623,86.92
"27037",7.13412633110907e-05,1.06440678831,1,1,0.329066080339625,98.6
"27039",0,0,0,0,0.0977532992368121,40.73
"27041",0,0,0,0,0.187176703272024,81.51
"27043",0,0,0,0,0.0803497835771153,26.38
"27045",0.000919238345370978,13.7149734876592,1,1,0.148410642379343,69.68
"27047",0,0,0,0,0.12406311930882,57.97
"27049",0,0,0,0,0.153330184384303,71.21
"27051",0,0,0,0,0.0814382562365554,27.36
"27053",3.89785617910149e-05,0.581557486415679,1,0,0.338126359307412,98.98
"27055",0,0,0,0,0.116530401877382,53.36
"27057",0,0,0,0,0.139169109468482,65.96
"27059",0,0,0,0,0.142636086558134,67.39
"27061",0.000537345513164965,8.01715844849347,1,1,0.16778019178801,76.42
"27063",0,0,0,0,0.0596851148042917,10.21
"27065",0,0,0,0,0.0902656281009649,34.9
"27067",0,0,0,0,0.13582079034575,64.17
"27069",0,0,0,0,0.0794826661553671,25.84
"27071",0,0,0,0,0.0931685489781599,37.35
"27073",0,0,0,0,0.091467372239966,35.92
"27075",0,0,0,0,0.101423288819722,43.43
"27077",0,0,0,0,0.0807968978025211,26.69
"27079",0,0,0,0,0.134322529258626,63.38
"27081",0,0,0,0,0.0803562632416401,26.41
"27083",0,0,0,0,0.101893211459197,43.65
"27085",0,0,0,0,0.142733765476998,67.48
"27087",0,0,0,0,0.0541609976204341,7.03
"27089",0,0,0,0,0.0656172276630094,14.57
"27091",0,0,0,0,0.10255342149948,44
"27093",0,0,0,0,0.114813879339397,52.27
"27095",0,0,0,0,0.120419316309723,55.9
"27097",0,0,0,0,0.154098601985134,71.78
"27099",0,0,0,0,0.11042561944869,49.32
"27101",0,0,0,0,0.0860854516463904,31.4
"27103",0.000799557168337536,11.9293384798821,1,1,0.125074412533128,58.57
"27105",0,0,0,0,0.0785444439558791,24.72
"27107",0,0,0,0,0.0656497979052518,14.6
"27109",6.32179755797991e-05,0.943207888777224,1,0,0.130810497497645,61.28
"27111",7.47077060998842e-05,1.11463388537196,1,1,0.180216723151041,79.57
"27113",0,0,0,0,0.0761053804256914,22.65
"27115",0,0,0,0,0.128536600907256,60.26
"27117",0,0,0,0,0.0833814853142545,29.05
"27119",0,0,0,0,0.105799434766084,46.61
"27121",0,0,0,0,0.100617451457858,42.83
"27123",0.000145131399736531,2.16535059665084,1,1,0.274877986154636,95
"27125",0,0,0,0,0.0647249447703685,13.9
"27127",0.000142328494164532,2.12353143647116,1,1,0.120286778453962,55.81
"27129",0,0,0,0,0.07318910601822,20.24
"27131",0,0,0,0,0.137927373337626,65.38
"27133",0,0,0,0,0.0833334311835312,29.02
"27135",0,0,0,0,0.0638211434769999,13.27
"27137",1.89958778944969e-05,0.283417204047003,1,0,0.209797642332357,86.32
"27139",4.31325751585122e-05,0.643535082856801,1,0,0.193550596016775,82.91
"27141",0,0,0,0,0.19865262419255,84.16
"27143",0,0,0,0,0.0925685149686108,36.81
"27145",1.03647350255491e-05,0.154641140459224,1,0,0.231473609938992,89.66
"27147",0,0,0,0,0.134721002034277,63.73
"27149",0,0,0,0,0.0606477140433511,10.63
"27151",0,0,0,0,0.0787543355375554,24.98
"27153",0,0,0,0,0.100991352256397,43.18
"27155",0,0,0,0,0.100638460161487,42.86
"27157",0,0,0,0,0.108184965588828,47.79
"27159",0,0,0,0,0.101287767902982,43.37
"27161",0,0,0,0,0.111926015584799,50.14
"27163",0.000119606219523415,1.78451664683414,1,1,0.234448175126476,90.33
"27165",0,0,0,0,0.103313987806635,44.67
"27167",0,0,0,0,0.0776246882073742,24.02
"27169",0,0,0,0,0.153463749482372,71.27
"27171",0.000303701586394169,4.53120697861562,1,1,0.225104568156076,88.58
"27173",0,0,0,0,0.0871557914415582,32.45
"28001",0,0,0,0,0.139275625526586,66.12
"28003",0,0,0,0,0.132529766759331,62.3
"28005",0,0,0,0,0.0659321447071274,14.99
"28007",0,0,0,0,0.099323372001807,41.9
"28009",0,0,0,0,0.077431100895382,23.83
"28011",0,0,0,0,0.107274570186404,47.34
"28013",0,0,0,0,0.0750833844851723,21.83
"28015",0,0,0,0,0.0919835865836418,36.33
"28017",0,0,0,0,0.0891491979490976,34.14
"28019",0,0,0,0,0.0576208210351125,8.78
"28021",0,0,0,0,0.0484247171256315,4.26
"28023",0,0,0,0,0.067863224962479,16.67
"28025",0,0,0,0,0.0933338119468997,37.48
"28027",0,0,0,0,0.10264316140521,44.16
"28029",0,0,0,0,0.0863700575848603,31.63
"28031",0,0,0,0,0.0778171845888308,24.21
"28033",1.21134301600184e-05,0.180731552731534,1,0,0.169449424172723,77
"28035",0,0,0,0,0.154872688217386,71.97
"28037",0,0,0,0,0.0611744774716581,10.98
"28039",0,0,0,0,0.0973393431240826,40.38
"28041",0,0,0,0,0.0630994104689808,12.66
"28043",0,0,0,0,0.109381293951356,48.68
"28045",0,0,0,0,0.119967690829727,55.46
"28047",0,0,0,0,0.185843500129149,81.26
"28049",8.10241451952682e-06,0.120887472635281,1,0,0.19220519954897,82.56
"28051",0,0,0,0,0.0898795256098283,34.71
"28053",0,0,0,0,0.0626851708015398,12.09
"28055",0,0,0,0,0.0510107728681793,5.47
"28057",0,0,0,0,0.0986689968892802,41.39
"28059",0,0,0,0,0.120491216993001,56.03
"28061",0,0,0,0,0.0602641268374616,10.4
"28063",0,0,0,0,0.0609085636073584,10.85
"28065",0,0,0,0,0.0606490306718712,10.66
"28067",0,0,0,0,0.115239676926665,52.5
"28069",0,0,0,0,0.0649431240156797,14.13
"28071",3.42770960444231e-05,0.511411937774949,1,0,0.145865842961809,68.88
"28073",0.000256585699623674,3.82824115788052,1,1,0.174292541259226,78.24
"28075",0,0,0,0,0.169098381467731,76.81
"28077",0,0,0,0,0.0729079618354433,20.11
"28079",0,0,0,0,0.0619878756873199,11.55
"28081",0,0,0,0,0.179377326882182,79.35
"28083",0,0,0,0,0.104887213053367,45.72
"28085",0,0,0,0,0.117762992643176,54.12
"28087",0,0,0,0,0.16487427638648,75.69
"28089",0,0,0,0,0.192911641820314,82.79
"28091",0,0,0,0,0.0944795472278367,38.24
"28093",0,0,0,0,0.102727092905409,44.26
"28095",0,0,0,0,0.111591136671868,49.89
"28097",0,0,0,0,0.0692936120954284,17.63
"28099",0,0,0,0,0.0712137759039754,18.93
"28101",0,0,0,0,0.0709579368225796,18.74
"28103",0,0,0,0,0.0774192528667804,23.8
"28105",0,0,0,0,0.0921532871700295,36.4
"28107",0,0,0,0,0.112651742232897,50.72
"28109",0,0,0,0,0.141898288467149,66.97
"28111",0,0,0,0,0.0725380961573653,19.85
"28113",0,0,0,0,0.11150083184172,49.79
"28115",0,0,0,0,0.0896749726634124,34.33
"28117",0,0,0,0,0.102492821581415,43.97
"28119",0,0,0,0,0.0614283217515887,11.26
"28121",1.33205456095482e-05,0.198741633000937,1,0,0.224366495615111,88.45
"28123",0,0,0,0,0.0540287787961185,6.87
"28125",0,0,0,0,0.0581271706551619,9.2
"28127",0,0,0,0,0.0825163602145751,28.44
"28129",0,0,0,0,0.0662134850057392,15.24
"28131",0,0,0,0,0.0878928790396667,32.93
"28133",0,0,0,0,0.0633292260477315,12.92
"28135",0,0,0,0,0.0487373761414948,4.58
"28137",0,0,0,0,0.0941068637936129,38.05
"28139",0,0,0,0,0.077719668645992,24.12
"28141",0,0,0,0,0.0995322613665575,42.09
"28143",0,0,0,0,0.0465968676942705,3.56
"28145",0,0,0,0,0.0905288758658981,35.09
"28147",0,0,0,0,0.0916561834111678,36.08
"28149",0,0,0,0,0.112246083224631,50.43
"28151",0,0,0,0,0.140077193752118,66.4
"28153",0,0,0,0,0.0913012672067584,35.76
"28155",0,0,0,0,0.0859926425146504,31.21
"28157",0,0,0,0,0.0612056422501461,11.07
"28159",0,0,0,0,0.0865023534436326,31.78
"28161",0,0,0,0,0.0660039278860496,15.08
"28163",0,0,0,0,0.0737420325224026,20.68
"29001",0,0,0,0,0.109094187713476,48.55
"29003",0,0,0,0,0.117926171690504,54.28
"29005",0,0,0,0,0.0568619672551122,8.5
"29007",0,0,0,0,0.120278751479823,55.77
"29009",0,0,0,0,0.110927093167934,49.48
"29011",0,0,0,0,0.0827913844847727,28.64
"29013",0,0,0,0,0.108004773027157,47.69
"29015",0.000212947189097104,3.17715755380033,1,1,0.120961116913046,56.35
"29017",0,0,0,0,0.0868910928239768,32.13
"29019",0,0,0,0,0.181750830854575,80.02
"29021",0,0,0,0,0.180159116646452,79.51
"29023",0,0,0,0,0.14268923055924,67.42
"29025",0,0,0,0,0.0829983347713247,28.79
"29027",0,0,0,0,0.127147040535281,59.66
"29029",0,0,0,0,0.179654105562464,79.38
"29031",0,0,0,0,0.205671405942917,85.43
"29033",0,0,0,0,0.0629817916747757,12.44
"29035",0,0,0,0,0.0732627754851334,20.33
"29037",0,0,0,0,0.160490443154189,74.29
"29039",0,0,0,0,0.0957776342153679,39.2
"29041",0,0,0,0,0.0822746870520973,28.06
"29043",0.000627008386237166,9.35492240623645,1,1,0.230785643727487,89.47
"29045",0,0,0,0,0.0657794119569627,14.79
"29047",8.09611710223777e-06,0.120793515598354,1,0,0.241826854109692,91.28
"29049",0,0,0,0,0.0977881329049026,40.82
"29051",0,0,0,0,0.135481106429068,64.05
"29053",0,0,0,0,0.105943262043878,46.68
"29055",0,0,0,0,0.112251971711345,50.46
"29057",0,0,0,0,0.0608334595817958,10.79
"29059",0,0,0,0,0.101563361503377,43.53
"29061",0,0,0,0,0.0907120467835922,35.22
"29063",0,0,0,0,0.0767239444790602,23.1
"29065",0,0,0,0,0.0840501626752322,29.59
"29067",0,0,0,0,0.0961366119034083,39.64
"29069",0,0,0,0,0.0865850355998558,32.01
"29071",2.26188052747054e-05,0.337471033739258,1,0,0.222527423664712,88.16
"29073",0,0,0,0,0.108689358793348,48.2
"29075",0,0,0,0,0.0662516100892694,15.27
"29077",7.15483053272824e-05,1.06749584108635,1,1,0.267183931020068,94.15
"29079",0,0,0,0,0.0789821517429755,25.23
"29081",0,0,0,0,0.0725948522149174,19.89
"29083",0,0,0,0,0.106770289326163,47.15
"29085",0,0,0,0,0.0827031708019751,28.6
"29087",0,0,0,0,0.0550818833882009,7.45
"29089",0,0,0,0,0.0753665850302083,22.08
"29091",0,0,0,0,0.164001288193617,75.44
"29093",0,0,0,0,0.0835274981651509,29.18
"29095",6.21040864488883e-05,0.926588738830354,1,0,0.291238918753347,96.66
"29097",0,0,0,0,0.238701628800377,90.87
"29099",0.000102702795227743,1.53231870792828,1,1,0.241034983574545,91.15
"29101",0,0,0,0,0.0882253938902506,33.25
"29103",0,0,0,0,0.0738658098601628,20.78
"29105",0.000904100742654181,13.4891214864094,1,1,0.13450807765624,63.63
"29107",0,0,0,0,0.125390796845054,58.8
"29109",0,0,0,0,0.131187106388383,61.69
"29111",0,0,0,0,0.0770495919167065,23.39
"29113",0,0,0,0,0.145882372026094,68.92
"29115",0,0,0,0,0.0773500517170185,23.74
"29117",0,0,0,0,0.116696550674721,53.39
"29119",0,0,0,0,0.0888246361811782,33.92
"29121",0,0,0,0,0.0960539937412226,39.58
"29123",0,0,0,0,0.0852079952379781,30.48
"29125",0,0,0,0,0.0909631259117171,35.44
"29127",0,0,0,0,0.125139648566342,58.61
"29129",0,0,0,0,0.058867247911064,9.77
"29131",0,0,0,0,0.119092293159599,54.88
"29133",0,0,0,0,0.0680433589899314,16.77
"29135",0,0,0,0,0.104752965710333,45.66
"29137",0,0,0,0,0.0815009696069143,27.43
"29139",0,0,0,0,0.0844202714176506,29.81
"29141",0,0,0,0,0.141507815868341,66.82
"29143",0,0,0,0,0.0683777575230945,16.99
"29145",0,0,0,0,0.123928307931916,57.87
"29147",0,0,0,0,0.0870992812729648,32.29
"29149",0,0,0,0,0.0717462641426005,19.15
"29151",0,0,0,0,0.0767919606243351,23.19
"29153",0,0,0,0,0.101009092090393,43.21
"29155",0,0,0,0,0.0700482384739047,18.2
"29157",0,0,0,0,0.10067059246157,42.92
"29159",0,0,0,0,0.139167716140319,65.92
"29161",0,0,0,0,0.137732932892819,65.32
"29163",0,0,0,0,0.0915185015975784,35.98
"29165",0,0,0,0,0.237712746929881,90.68
"29167",0,0,0,0,0.132532180475585,62.33
"29169",0,0,0,0,0.062841050365137,12.28
"29171",0,0,0,0,0.0561317963581127,8.02
"29173",0,0,0,0,0.081537422847685,27.49
"29175",0,0,0,0,0.102139599425692,43.75
"29177",0,0,0,0,0.0888818913716179,33.95
"29179",0,0,0,0,0.0695017898849563,17.79
"29181",0,0,0,0,0.0824510485258417,28.41
"29183",0.000160140481857188,2.389285079362,1,1,0.271450725252979,94.62
"29185",0,0,0,0,0.0871315984559942,32.39
"29186",0,0,0,0,0.0989283737558582,41.65
"29187",0,0,0,0,0.148175913574034,69.58
"29189",2.18299938293884e-05,0.325702020714765,1,0,0.325499539776847,98.41
"29195",0,0,0,0,0.0832311285836811,28.95
"29197",0,0,0,0,0.0673402161171242,16.23
"29199",0,0,0,0,0.0847934227637673,30.13
"29201",0,0,0,0,0.141830508552536,66.94
"29203",0,0,0,0,0.0743443526181331,21.29
"29205",0,0,0,0,0.0603224966065394,10.5
"29207",0,0,0,0,0.0980740944274948,40.98
"29209",0,0,0,0,0.150246243693057,70.19
"29211",0,0,0,0,0.0455740878739513,3.18
"29213",0.000850742036109273,12.6930132199468,1,1,0.177390623317614,78.97
"29215",0,0,0,0,0.102949297787052,44.35
"29217",0,0,0,0,0.10873931560957,48.23
"29219",0,0,0,0,0.136717428731166,64.78
"29221",0,0,0,0,0.111461149473882,49.73
"29223",0,0,0,0,0.072383369801896,19.66
"29225",0,0,0,0,0.132210667089205,62.2
"29227",0,0,0,0,0.0645537011053626,13.78
"29229",0,0,0,0,0.115273929735945,52.56
"29510",7.87963239441293e-05,1.17563578506138,1,1,0.247107956508171,91.92
"30001",0,0,0,0,0.117943160427173,54.34
"30003",0,0,0,0,0.06404707948676,13.46
"30005",0,0,0,0,0.0732380643261316,20.3
"30007",0,0,0,0,0.105368963120692,46.33
"30009",0,0,0,0,0.153574127063937,71.33
"30011",0,0,0,0,0.0525381422598127,6.01
"30013",0,0,0,0,0.202002816971277,84.66
"30015",0,0,0,0,0.0687579976766145,17.24
"30017",0,0,0,0,0.113810458289147,51.45
"30019",0,0,0,0,0.056219539002996,8.08
"30021",0,0,0,0,0.11093631097454,49.51
"30023",0,0,0,0,0.10420583935957,45.18
"30025",0,0,0,0,0.0799792210690548,26.22
"30027",0,0,0,0,0.125751409980349,59.02
"30029",0,0,0,0,0.290423497628254,96.53
"30031",0.000266431897690151,3.97514576223694,1,1,0.328447957591854,98.54
"30033",0,0,0,0,0.0532117531691652,6.43
"30035",0,0,0,0,0.0698262311887478,17.98
"30037",0,0,0,0,0.0615971277299497,11.42
"30039",0,0,0,0,0.0972121587534328,40.25
"30041",0,0,0,0,0.109483475581255,48.81
"30043",0,0,0,0,0.13783776969417,65.35
"30045",0,0,0,0,0.0581899876491579,9.32
"30047",0,0,0,0,0.153279583489283,71.17
"30049",0,0,0,0,0.217775981670301,87.4
"30051",0,0,0,0,0.0537247327260066,6.62
"30053",0,0,0,0,0.172093137791847,77.54
"30055",0,0,0,0,0.0620491520296476,11.61
"30057",0,0,0,0,0.134399736172925,63.47
"30059",0,0,0,0,0.0702559945298733,18.23
"30061",0,0,0,0,0.0835920150504201,29.21
"30063",2.66421558832541e-05,0.397499150718575,1,0,0.301766317647788,97.2
"30065",0,0,0,0,0.0814037596551672,27.27
"30067",0,0,0,0,0.179131734529967,79.26
"30069",0,0,0,0,0.0431031430823744,2.55
"30071",0,0,0,0,0.0825439173385853,28.48
"30073",0,0,0,0,0.0891017698536651,34.08
"30075",0,0,0,0,0.0615150600208312,11.36
"30077",0,0,0,0,0.0823736877618561,28.32
"30079",0,0,0,0,0.0523083211493196,5.95
"30081",5.60915413955576e-05,0.836881976253441,1,0,0.235387444444487,90.45
"30083",0,0,0,0,0.120809744583975,56.22
"30085",0,0,0,0,0.0649275252349557,14.09
"30087",0,0,0,0,0.0539290389832242,6.81
"30089",0,0,0,0,0.13704766517432,64.87
"30091",0,0,0,0,0.0809394504849865,26.89
"30093",0,0,0,0,0.183538760046047,80.46
"30095",0,0,0,0,0.0885542450317942,33.69
"30097",0,0,0,0,0.0958853687105655,39.36
"30099",0,0,0,0,0.089701449184216,34.43
"30101",0,0,0,0,0.0678013365200635,16.61
"30103",0,0,0,0,0.0466864005482163,3.6
"30105",0,0,0,0,0.0931174264146236,37.26
"30107",0,0,0,0,0.044152758956287,2.83
"30109",0,0,0,0,0.075924797452115,22.62
"30111",0,0,0,0,0.288246740413412,96.25
"31001",0,0,0,0,0.139410436474236,66.15
"31003",0,0,0,0,0.052873787841505,6.27
"31005",0,0,0,0,0.0256298738963796,0.22
"31007",0,0,0,0,0.0486892145395004,4.52
"31009",0,0,0,0,0.0362532383259211,1.21
"31011",0,0,0,0,0.0574847579004828,8.69
"31013",0,0,0,0,0.0658696440817733,14.86
"31015",0,0,0,0,0.0417592686441569,2.26
"31017",0,0,0,0,0.0560633306768398,7.92
"31019",0,0,0,0,0.171615812957039,77.38
"31021",0,0,0,0,0.0669031329263511,15.78
"31023",0,0,0,0,0.0528325935898524,6.24
"31025",0,0,0,0,0.127346894843564,59.72
"31027",0,0,0,0,0.066932068954139,15.81
"31029",0,0,0,0,0.0614735752584509,11.29
"31031",0,0,0,0,0.071013956545401,18.77
"31033",0,0,0,0,0.0849423893711828,30.29
"31035",0,0,0,0,0.0526918874687212,6.17
"31037",0,0,0,0,0.0448290962536626,3.05
"31039",0,0,0,0,0.074377391191088,21.35
"31041",0,0,0,0,0.0727873016115229,19.98
"31043",0,0,0,0,0.0700393875851651,18.17
"31045",0,0,0,0,0.0751717883763959,21.89
"31047",0,0,0,0,0.077962817086338,24.4
"31049",0,0,0,0,0.0363165944061954,1.27
"31051",0,0,0,0,0.0580597994801142,9.1
"31053",4.80630587330578e-05,0.717097561888222,1,0,0.133805810317192,63.16
"31055",7.88564759566605e-06,0.117653324899035,1,0,0.277303721716478,95.23
"31057",0,0,0,0,0.0388981511333997,1.59
"31059",0,0,0,0,0.0623038999020516,11.87
"31061",0,0,0,0,0.0459007343266427,3.28
"31063",0,0,0,0,0.0337071054101391,0.86
"31065",0,0,0,0,0.044035446765841,2.8
"31067",0,0,0,0,0.11352200210538,51.29
"31069",0,0,0,0,0.0458495883430055,3.25
"31071",0,0,0,0,0.0692378422326391,17.56
"31073",0,0,0,0,0.0406927273472293,1.97
"31075",0,0,0,0,0.0404988035381686,1.91
"31077",0,0,0,0,0.050898678332266,5.41
"31079",0,0,0,0,0.16425361850205,75.47
"31081",0,0,0,0,0.0996172867910353,42.16
"31083",0,0,0,0,0.0480957938087544,4.07
"31085",0,0,0,0,0.0640599399378394,13.49
"31087",0,0,0,0,0.0486962134149553,4.55
"31089",0,0,0,0,0.0871215623511694,32.33
"31091",0,0,0,0,0.0463331051145185,3.44
"31093",0,0,0,0,0.0742671851630706,21.16
"31095",0,0,0,0,0.0609344930142396,10.88
"31097",0,0,0,0,0.0469866319006456,3.75
"31099",0,0,0,0,0.0670705033841416,15.97
"31101",0,0,0,0,0.0960422378400188,39.55
"31103",0,0,0,0,0.0595333998042849,10.09
"31105",0,0,0,0,0.0408157953454521,2.04
"31107",0,0,0,0,0.0720578247795053,19.34
"31109",1.00992758819193e-05,0.150680508121296,1,0,0.242595851325164,91.44
"31111",0,0,0,0,0.138505826989434,65.77
"31113",0,0,0,0,0.0411167593482339,2.07
"31115",0,0,0,0,0.0463948455483716,3.5
"31117",0,0,0,0,0.0276466463606747,0.32
"31119",0,0,0,0,0.176914949113603,78.84
"31121",0.00544348382965098,81.2164078882446,1,1,0.0973704104102184,40.44
"31123",0,0,0,0,0.0463412937077703,3.47
"31125",0,0,0,0,0.0407298722210404,2
"31127",0,0,0,0,0.0489732767411867,4.65
"31129",0,0,0,0,0.0578307986102701,9.04
"31131",0,0,0,0,0.089108456865198,34.11
"31133",0,0,0,0,0.0672391806235356,16.16
"31135",0,0,0,0,0.0414091382376782,2.16
"31137",0,0,0,0,0.0657687996974969,14.76
"31139",0,0,0,0,0.0799241916305758,26.09
"31141",0,0,0,0,0.135252350773763,63.98
"31143",0,0,0,0,0.0555425501320364,7.64
"31145",0,0,0,0,0.0880281595141746,33.09
"31147",0,0,0,0,0.0741934442568677,21
"31149",0,0,0,0,0.0380309812302272,1.4
"31151",0,0,0,0,0.0698084843545767,17.94
"31153",2.07863475269443e-05,0.31013088898316,1,0,0.188898330734383,81.9
"31155",0,0,0,0,0.120725336650516,56.16
"31157",5.43744222717634e-05,0.811262675909214,1,0,0.147347262215272,69.33
"31159",0,0,0,0,0.0953980148115779,38.91
"31161",0,0,0,0,0.0541527482618144,7
"31163",0,0,0,0,0.0469166924403891,3.69
"31165",0,0,0,0,0.0619891611352979,11.58
"31167",0,0,0,0,0.0497116284422226,4.9
"31169",0,0,0,0,0.0501050106820891,5.09
"31171",0,0,0,0,0.064823824336642,14
"31173",0,0,0,0,0.0426992680611899,2.48
"31175",0,0,0,0,0.0682504249678609,16.83
"31177",0,0,0,0,0.114148604188584,51.67
"31179",0,0,0,0,0.0520762834745734,5.89
"31181",0,0,0,0,0.0473126854902591,3.82
"31183",0,0,0,0,0.0249630633946772,0.16
"31185",0,0,0,0,0.102783909705672,44.29
"32001",0,0,0,0,0.110767302327402,49.44
"32003",0.00156606820298862,23.3656308965079,1,1,0.295594718954416,96.88
"32005",4.25242388161252e-05,0.634458746072731,1,0,0.201530501309411,84.63
"32007",0.000373366521468575,5.57060306383809,1,1,0.154376581543692,71.84
"32009",0,0,0,0,0.0526099211045506,6.14
"32011",0,0,0,0,0.00823784898573619,0.03
"32013",0,0,0,0,0.0787591876370395,25.01
"32015",0,0,0,0,0.0359331330316898,1.05
"32017",0,0,0,0,0.0673537841438774,16.26
"32019",6.41560274587798e-05,0.957203558904623,1,0,0.152666882031987,70.98
"32021",0,0,0,0,0.0509861810410131,5.44
"32023",6.48676699532953e-05,0.967821216440474,1,0,0.144352166995119,68.22
"32027",0.000457247370827618,6.82209962169472,1,1,0.0500208354385223,5.06
"32029",0,0,0,0,0.0665276505988725,15.46
"32031",0.000101775415582947,1.51848226680784,1,1,0.335018435018438,98.82
"32033",0,0,0,0,0.0652361915641104,14.35
"32510",0.000290892166273962,4.34009130309403,1,1,0.19510175952021,83.52
"33001",0,0,0,0,0.213016185873704,86.8
"33003",0,0,0,0,0.228107897141395,89.09
"33005",0,0,0,0,0.218344513227638,87.5
"33007",0,0,0,0,0.14631538198604,69.07
"33009",0,0,0,0,0.172070965346129,77.51
"33011",5.83336324801666e-05,0.870333822488076,1,0,0.309344303739236,97.74
"33013",0.000150268170889588,2.24199087229983,1,1,0.276396457777721,95.2
"33015",4.57069725986699e-05,0.681944917277069,1,0,0.336133548229464,98.89
"33017",7.36716088037573e-05,1.09917538430031,1,1,0.227297290212545,88.93
"33019",0,0,0,0,0.167777600651536,76.39
"34001",0.000146698549151349,2.18873235915419,1,1,0.202618753450876,84.86
"34003",3.87505991046572e-05,0.578156298665716,1,0,0.369952384445572,99.46
"34005",7.2269386262865e-05,1.07825431951991,1,1,0.288567928952964,96.31
"34007",4.8220234964054e-05,0.719442620546686,1,0,0.305507997522662,97.49
"34009",0,0,0,0,0.180158664731133,79.48
"34011",0,0,0,0,0.185831849904397,81.23
"34013",3.51658951101823e-05,0.524672759284547,1,0,0.279664073558722,95.58
"34015",8.80191294908093e-05,1.31323941549251,1,1,0.277920704612837,95.35
"34017",6.16442800596976e-05,0.919728458829021,1,0,0.262028282442847,93.64
"34019",0.000113636363636364,1.69544680370981,1,1,0.257476704242021,93.19
"34021",1.38508951140967e-05,0.206654411477494,1,0,0.199625634872969,84.44
"34023",2.77161862527716e-05,0.41352361066093,1,0,0.311443197951204,97.9
"34025",3.91088399014457e-05,0.583501226947803,1,0,0.30450343662338,97.39
"34027",2.14681121862205e-05,0.320302771252739,1,0,0.291842604057425,96.72
"34029",2.77434837492544e-05,0.413930887448747,1,0,0.284901156565996,95.86
"34031",0.000194524643200852,2.90229442410755,1,1,0.390885795969185,99.78
"34033",0,0,0,0,0.133159073086614,62.68
"34035",1.92348381388371e-05,0.286982474612829,1,0,0.245462299433261,91.66
"34037",2.24200165908123e-05,0.33450512011852,1,0,0.233041284342383,90.07
"34039",3.88045106363164e-05,0.578960655045221,1,0,0.344238226175491,99.08
"34041",0.000133811486377991,1.99645826053717,1,1,0.231469348508032,89.63
"35001",2.84264903879699e-05,0.424121299966947,1,0,0.269944199100203,94.46
"35003",0,0,0,0,0.0739074177319566,20.81
"35005",0,0,0,0,0.152391691184545,70.89
"35006",0,0,0,0,0.0720274774666791,19.31
"35007",0,0,0,0,0.0863499583265936,31.56
"35009",0,0,0,0,0.108678275104805,48.17
"35011",0,0,0,0,0.0587487618033108,9.58
"35013",0.00013941168269901,2.08001280812022,1,1,0.210768579343781,86.41
"35015",0,0,0,0,0.139241790150595,66.08
"35017",0,0,0,0,0.104561601717565,45.43
"35019",0,0,0,0,0.0437344276705897,2.74
"35021",0,0,0,0,0.0460615202002383,3.37
"35023",0,0,0,0,0.0767539157823907,23.16
"35025",0,0,0,0,0.09788352131212,40.88
"35027",0,0,0,0,0.161062494055338,74.64
"35028",0,0,0,0,0.0353263764439749,0.99
"35029",0,0,0,0,0.0908179539970356,35.35
"35031",4.45732114998886e-05,0.665029278923394,1,0,0.121470514362417,56.54
"35033",0,0,0,0,0.0756450055254952,22.34
"35035",0,0,0,0,0.104387922786006,45.28
"35037",0,0,0,0,0.0756544714169052,22.37
"35039",0,0,0,0,0.11213049080384,50.3
"35041",0,0,0,0,0.0742420443748854,21.06
"35043",7.13826825612107e-05,1.0650247607,1,1,0.197234465063168,83.93
"35045",3.90046025431001e-05,0.581946012662702,1,0,0.162498271825228,75.09
"35047",0,0,0,0,0.0989671274805158,41.71
"35049",0.000135596897542984,2.02309647348353,1,1,0.246737790496643,91.82
"35051",0,0,0,0,0.0796813616961414,25.93
"35053",0,0,0,0,0.0634951844759638,13.04
"35055",0,0,0,0,0.182536492714481,80.21
"35057",0,0,0,0,0.105190941851183,46.04
"35059",0,0,0,0,0.0667955462090595,15.69
"35061",0,0,0,0,0.135835954858821,64.21
"36001",2.87260804084028e-05,0.428591162661531,1,0,0.227488794389765,88.99
"36003",0,0,0,0,0.121537133750379,56.57
"36005",3.38005610893141e-05,0.504302068709787,1,0,0.155935199902238,72.54
"36007",0,0,0,0,0.220567091566678,87.88
"36009",0,0,0,0,0.141396513372413,66.78
"36011",0,0,0,0,0.159140124195873,73.81
"36013",0,0,0,0,0.189543753703068,82.02
"36015",0,0,0,0,0.196269303605669,83.74
"36017",0,0,0,0,0.118627382599826,54.69
"36019",0.000344491014526038,5.13978246746731,1,1,0.173592357599649,78.08
"36021",0,0,0,0,0.194447748982466,83.3
"36023",0,0,0,0,0.139198273515642,65.99
"36025",0.000123510158710554,1.8427631535412,1,1,0.164488787693494,75.56
"36027",0.000148908656295309,2.22170700717333,1,1,0.222671812686458,88.2
"36029",2.83922675687296e-05,0.423610697835392,1,0,0.310023839304118,97.77
"36031",0,0,0,0,0.144458083714339,68.28
"36033",0.000158336412096902,2.36236848144503,1,1,0.11450511751827,52.05
"36035",0,0,0,0,0.140137670724495,66.5
"36037",3.9848575413429e-05,0.594538030390371,1,0,0.166485784970991,76.11
"36039",0,0,0,0,0.169257761464681,76.9
"36041",0,0,0,0,0.0987639896110693,41.49
"36043",5.89205750648126e-05,0.87909096586415,1,0,0.150303378683067,70.22
"36045",0,0,0,0,0.129063925210834,60.55
"36047",4.02664102399399e-05,0.600772097535932,1,0,0.227154860371926,88.9
"36049",0,0,0,0,0.0998668809740165,42.41
"36051",0,0,0,0,0.142124437396976,67.1
"36053",0,0,0,0,0.142505931693143,67.32
"36055",9.8531146927183e-06,0.147007799948728,1,0,0.260222977289939,93.41
"36057",0,0,0,0,0.121704033140031,56.63
"36059",1.43513203214696e-05,0.214120721478851,1,0,0.305706114815304,97.52
"36061",2.92659491821497e-05,0.436645967986005,1,0,0.248868009609266,92.05
"36063",4.06718997844389e-05,0.606821973914929,1,0,0.236432799745174,90.52
"36065",0,0,0,0,0.222771104191472,88.29
"36067",2.2664087997099e-05,0.338146648872379,1,0,0.277792541894489,95.32
"36069",0,0,0,0,0.211577158013451,86.54
"36071",5.72626178178362e-06,0.0854354356691501,1,0,0.282306094649725,95.7
"36073",0,0,0,0,0.110214635880015,49.22
"36075",0,0,0,0,0.170936305304285,77.28
"36077",0,0,0,0,0.142182189630992,67.17
"36079",3.206567049317e-05,0.478417619208823,1,0,0.239836320801539,91
"36081",1.38056872528638e-05,0.20597991326779,1,0,0.229147231855767,89.31
"36083",0,0,0,0,0.193084039570518,82.82
"36085",6.4425932726441e-06,0.0961230527110198,1,0,0.183905052486719,80.62
"36087",2.61054005547398e-05,0.389490797784862,1,0,0.236653127578883,90.55
"36089",0,0,0,0,0.130754527244501,61.25
"36091",0,0,0,0,0.251393955715387,92.4
"36093",0,0,0,0,0.182977680245724,80.31
"36095",0,0,0,0,0.0958879243005926,39.42
"36097",0,0,0,0,0.0950818924032861,38.63
"36099",0,0,0,0,0.121744704922585,56.67
"36101",0,0,0,0,0.127508819415952,59.78
"36103",1.34612329950974e-05,0.200840679208673,1,0,0.368578339080138,99.43
"36105",0,0,0,0,0.143421470527664,67.77
"36107",0,0,0,0,0.123122695176346,57.21
"36109",0,0,0,0,0.153359162118765,71.24
"36111",0,0,0,0,0.270257897058279,94.53
"36113",0,0,0,0,0.173408059738051,77.95
"36115",0.000120069640391427,1.79143085461324,1,1,0.153539882113744,71.3
"36117",0,0,0,0,0.16147694976222,74.77
"36119",8.35348611859444e-06,0.124633443788526,1,0,0.286239612137213,96.05
"36121",7.07463742483198e-05,1.05553108402167,1,1,0.134770650537103,63.79
"36123",0,0,0,0,0.137200837328489,65.03
"37001",0,0,0,0,0.205566382577857,85.4
"37003",0.000585765888899736,8.7395871557042,1,1,0.147855864096575,69.36
"37005",0,0,0,0,0.0994077607901766,41.97
"37007",0,0,0,0,0.086915831861328,32.17
"37009",0.000111234705228031,1.65961422387612,1,1,0.146008252132888,68.98
"37011",0,0,0,0,0.11524109982576,52.53
"37013",0,0,0,0,0.147101382496628,69.27
"37015",0,0,0,0,0.0766567002673296,23
"37017",0,0,0,0,0.0709512027414338,18.71
"37019",0,0,0,0,0.225487891732605,88.67
"37021",0.000136917530007759,2.04280021988677,1,1,0.306485157538997,97.65
"37023",0,0,0,0,0.133590113609403,63.03
"37025",0.000173662543032557,2.59103331087626,1,1,0.250067867546357,92.2
"37027",0,0,0,0,0.16130917324741,74.71
"37029",0,0,0,0,0.117858507332714,54.18
"37031",0,0,0,0,0.204550760189788,85.17
"37033",0,0,0,0,0.11116331008082,49.67
"37035",0,0,0,0,0.233888382768479,90.2
"37037",0,0,0,0,0.17815984914295,79.06
"37039",0,0,0,0,0.147877779044731,69.42
"37041",0,0,0,0,0.0989124330916209,41.62
"37043",0,0,0,0,0.116744639402527,53.45
"37045",2.43066527308524e-05,0.362653602796392,1,0,0.163300375739254,75.28
"37047",0,0,0,0,0.118885687009938,54.79
"37049",0,0,0,0,0.15358164856085,71.36
"37051",1.59965873946891e-05,0.238667994123595,1,0,0.105329308492786,46.23
"37053",0,0,0,0,0.17319477542527,77.79
"37055",0,0,0,0,0.173457000064365,78.01
"37057",1.86126156308746e-05,0.277698957184402,1,0,0.221894619961574,88.04
"37059",0,0,0,0,0.13446538654754,63.54
"37061",0,0,0,0,0.0885253074141118,33.6
"37063",3.91205695954933e-06,0.058367623318388,1,0,0.166120087509093,76.01
"37065",0,0,0,0,0.112913719615395,50.81
"37067",8.38527545629874e-05,1.25107738541351,1,1,0.255544441099577,92.87
"37069",0,0,0,0,0.173377069732461,77.92
"37071",3.32266389039639e-05,0.495739188804163,1,0,0.205138773587119,85.27
"37073",0,0,0,0,0.0906731890385295,35.19
"37075",0,0,0,0,0.109506342966857,48.84
"37077",0,0,0,0,0.095679995769977,39.1
"37079",0,0,0,0,0.084035393697659,29.56
"37081",2.51791654995074e-05,0.375671433862738,1,0,0.314211928414064,98.09
"37083",0,0,0,0,0.130672502919066,61.22
"37085",5.97567898652484e-05,0.891567233717551,1,0,0.154583839090475,71.87
"37087",0,0,0,0,0.185468681737428,80.97
"37089",0,0,0,0,0.229443126256733,89.37
"37091",0,0,0,0,0.0982425315706882,41.11
"37093",0,0,0,0,0.119780857322971,55.3
"37095",0,0,0,0,0.100161492924592,42.57
"37097",1.1033873993159e-05,0.164624648269297,1,0,0.268042216578818,94.21
"37099",0,0,0,0,0.116253448069089,53.1
"37101",0.000196083923919438,2.92555878619918,1,1,0.217493932776682,87.34
"37103",0,0,0,0,0.106264649219254,46.8
"37105",0,0,0,0,0.140508344950406,66.59
"37107",0,0,0,0,0.11733124599799,53.77
"37109",9.33300149328024e-05,1.39247746447048,1,1,0.218214513724227,87.46
"37111",0,0,0,0,0.115396887674071,52.66
"37113",0,0,0,0,0.1690008332408,76.71
"37115",0,0,0,0,0.148521156163807,69.77
"37117",0,0,0,0,0.119685164344063,55.23
"37119",5.10194616055361e-05,0.761206891333695,1,0,0.323028724712675,98.31
"37121",0,0,0,0,0.095414035149622,38.94
"37123",0,0,0,0,0.0989446864133028,41.68
"37125",0,0,0,0,0.19051834952206,82.18
"37127",0,0,0,0,0.160595393402544,74.39
"37129",6.90970398828114e-06,0.103092312765307,1,0,0.260258124040344,93.45
"37131",0,0,0,0,0.0779680502942203,24.44
"37133",1.00499482427665e-05,0.149944543105699,1,0,0.099674326649795,42.19
"37135",0,0,0,0,0.137541467800839,65.22
"37137",0,0,0,0,0.082082784976348,28
"37139",0,0,0,0,0.126606099523085,59.34
"37141",5.56018904642758e-05,0.82957641771734,1,0,0.185489191792787,81.01
"37143",0,0,0,0,0.117341498698497,53.8
"37145",0,0,0,0,0.130481960819924,61.15
"37147",1.09466678343112e-05,0.163323538320413,1,0,0.16533232909482,75.82
"37149",0,0,0,0,0.150798770888953,70.51
"37151",1.9906836007485e-05,0.297008637031619,1,0,0.192700817671288,82.72
"37153",0,0,0,0,0.128238565298431,60.13
"37155",0,0,0,0,0.133698509521172,63.09
"37157",0,0,0,0,0.145099069470061,68.57
"37159",1.724286576429e-05,0.257262382492393,1,0,0.202896435561972,84.89
"37161",0,0,0,0,0.162623366891394,75.15
"37163",0,0,0,0,0.105642149949414,46.55
"37165",0,0,0,0,0.0975017574141095,40.53
"37167",0,0,0,0,0.161753438962407,74.86
"37169",0,0,0,0,0.120228374995497,55.71
"37171",3.06419488279455e-05,0.457175788958062,1,0,0.152793769937832,71.01
"37173",0,0,0,0,0.0592576785182672,9.96
"37175",0,0,0,0,0.154245537921283,71.81
"37177",0,0,0,0,0.060321274498589,10.47
"37179",1.14778935769708e-05,0.171249390209889,1,0,0.244000850684056,91.6
"37181",0,0,0,0,0.127637161329185,59.85
"37183",4.84962692512869e-05,0.723561033306715,1,0,0.30313646181872,97.26
"37185",0,0,0,0,0.0864243811655351,31.66
"37187",0,0,0,0,0.110138618991521,49.16
"37189",0,0,0,0,0.156320499125068,72.8
"37191",0,0,0,0,0.151720944637642,70.82
"37193",0,0,0,0,0.138778089348207,65.8
"37195",0,0,0,0,0.160939419087265,74.55
"37197",0,0,0,0,0.116442291392271,53.26
"37199",0,0,0,0,0.115323592125647,52.59
"38001",0,0,0,0,0.043988037150994,2.77
"38003",0,0,0,0,0.0878303248121782,32.87
"38005",0,0,0,0,0.0317318897060877,0.57
"38007",0.00457142857142857,68.2054028463833,1,1,0.052587400141055,6.11
"38009",0,0,0,0,0.0799534922524082,26.15
"38011",0,0,0,0,0.0652070960790894,14.25
"38013",0,0,0,0,0.0483689216272331,4.2
"38015",0,0,0,0,0.228669630988719,89.21
"38017",0,0,0,0,0.256207623639986,92.97
"38019",0,0,0,0,0.047016745657812,3.79
"38021",0,0,0,0,0.0522330205338815,5.92
"38023",0,0,0,0,0.0540852391368735,6.97
"38025",0,0,0,0,0.0529916025170092,6.36
"38027",0,0,0,0,0.0533752384032122,6.49
"38029",0,0,0,0,0.0664381237503434,15.4
"38031",0,0,0,0,0.0549389408094672,7.32
"38033",0,0,0,0,0.035953928395764,1.11
"38035",0,0,0,0,0.180472814897123,79.67
"38037",0,0,0,0,0.0404428295937948,1.88
"38039",0,0,0,0,0.0538626449199445,6.75
"38041",0,0,0,0,0.0479515834586053,4.01
"38043",0,0,0,0,0.0486442917682061,4.45
"38045",0,0,0,0,0.0667446685856419,15.62
"38047",0,0,0,0,0.0426296098297071,2.45
"38049",0,0,0,0,0.0756914954445871,22.43
"38051",0,0,0,0,0.0523385141321286,5.98
"38053",0,0,0,0,0.0658314430032737,14.83
"38055",0,0,0,0,0.0647408091875525,13.94
"38057",0,0,0,0,0.0545873335366706,7.16
"38059",0,0,0,0,0.159650928726676,73.91
"38061",0,0,0,0,0.0728463319224486,20.08
"38063",0,0,0,0,0.0469322224497743,3.72
"38065",0,0,0,0,0.0511539659813295,5.57
"38067",0,0,0,0,0.0627824721490849,12.22
"38069",0,0,0,0,0.0655538732712486,14.51
"38071",0,0,0,0,0.103687141441653,44.89
"38073",0,0,0,0,0.0576260024629462,8.81
"38075",0,0,0,0,0.0591812929181264,9.93
"38077",0,0,0,0,0.0923805118802189,36.53
"38079",0,0,0,0,0.057666607639515,8.88
"38081",0,0,0,0,0.0392352261644774,1.72
"38083",0,0,0,0,0.0335451785065509,0.83
"38085",0,0,0,0,0.0293758349496267,0.41
"38087",0,0,0,0,0.0425844506182554,2.42
"38089",0,0,0,0,0.143119346623101,67.58
"38091",0,0,0,0,0.0518272926399761,5.73
"38093",0,0,0,0,0.10613638798231,46.74
"38095",0,0,0,0,0.0363113051651617,1.24
"38097",0,0,0,0,0.0563786145993496,8.3
"38099",0,0,0,0,0.0645196613003959,13.74
"38101",0,0,0,0,0.165791149416635,75.88
"38103",0,0,0,0,0.0636925928052456,13.14
"38105",0,0,0,0,0.111825543038484,50.02
"39001",0,0,0,0,0.117834130084474,54.15
"39003",0,0,0,0,0.219767479700398,87.78
"39005",0,0,0,0,0.154025240153699,71.62
"39007",0,0,0,0,0.18320838475962,80.4
"39009",0,0,0,0,0.119822357314385,55.33
"39011",0,0,0,0,0.134914792463668,63.82
"39013",0,0,0,0,0.16816881085655,76.55
"39015",0,0,0,0,0.133414102580369,62.93
"39017",5.56006538636894e-06,0.0829557967720838,1,0,0.287093401775221,96.15
"39019",0,0,0,0,0.140295062880742,66.53
"39021",0,0,0,0,0.115180341481608,52.47
"39023",0,0,0,0,0.175621983804844,78.52
"39025",1.43104509223086e-05,0.213510952827693,1,0,0.24126703360137,91.22
"39027",0,0,0,0,0.116102790285703,52.94
"39029",0,0,0,0,0.195469396562464,83.68
"39031",0,0,0,0,0.145042033718652,68.53
"39033",0,0,0,0,0.142440778457413,67.26
"39035",2.73040027668056e-05,0.407373861131287,1,0,0.3469699344604,99.17
"39037",0,0,0,0,0.153068047009875,71.08
"39039",0,0,0,0,0.13176134742987,61.92
"39041",2.73199162189236e-05,0.407611288752746,1,0,0.216080670545929,87.24
"39043",5.01680630110871e-05,0.74850408230805,1,0,0.180246537710136,79.61
"39045",1.8628912071535e-05,0.277942098968822,1,0,0.194251980106171,83.23
"39047",0,0,0,0,0.117576835909648,53.96
"39049",3.03184722288625e-05,0.452349540137349,1,0,0.289749790734435,96.47
"39051",0,0,0,0,0.126140253924129,59.12
"39053",0,0,0,0,0.0986102357068567,41.27
"39055",0.000208073241781107,3.10443859189479,1,1,0.231317411560338,89.6
"39057",0,0,0,0,0.146722912532614,69.11
"39059",0,0,0,0,0.133221003589119,62.71
"39061",1.77924545758635e-05,0.265462210119038,1,0,0.313909815285992,98.03
"39063",2.09771139686602e-05,0.312977111297148,1,0,0.147914422900987,69.46
"39065",0,0,0,0,0.0980848299027446,41.01
"39067",0,0,0,0,0.0898445879893697,34.65
"39069",0,0,0,0,0.095803677068865,39.29
"39071",0,0,0,0,0.1328140747063,62.49
"39073",0,0,0,0,0.130059835200293,60.99
"39075",0,0,0,0,0.209326859324855,86.26
"39077",0,0,0,0,0.13805217980516,65.51
"39079",0,0,0,0,0.106558156806086,46.96
"39081",0.000214712071112638,3.20348947323536,1,1,0.156398193257413,72.83
"39083",0,0,0,0,0.155490171333914,72.26
"39085",1.84581875905605e-05,0.275394901343689,1,0,0.285585300948662,95.99
"39087",0,0,0,0,0.116764112954396,53.48
"39089",1.23052691162356e-05,0.183593776888814,1,0,0.182498919530463,80.18
"39091",0,0,0,0,0.124435300450524,58.16
"39093",8.9845645181578e-06,0.13404909051631,1,0,0.239494774115775,90.93
"39095",4.67160922923119e-06,0.0697000914357553,1,0,0.269507940500648,94.4
"39097",0,0,0,0,0.0865374272815323,31.88
"39099",9.61510725652145e-06,0.143456745215488,1,0,0.268789871220343,94.37
"39101",0,0,0,0,0.131400048753028,61.76
"39103",1.41962777359776e-05,0.211807496665952,1,0,0.268118974788322,94.27
"39105",0,0,0,0,0.0901821200448617,34.84
"39107",0,0,0,0,0.126998091596276,59.59
"39109",6.54950332933086e-05,0.977181434732869,1,0,0.184307891689689,80.69
"39111",0,0,0,0,0.103653373030568,44.86
"39113",2.1778821547966e-05,0.324938533762176,1,0,0.290096012406341,96.5
"39115",0,0,0,0,0.0791995707416646,25.45
"39117",0,0,0,0,0.157246984299609,73.08
"39119",0,0,0,0,0.163206306257085,75.25
"39121",0,0,0,0,0.0926539814597006,36.91
"39123",0,0,0,0,0.139064222474376,65.86
"39125",0,0,0,0,0.0860806442575042,31.37
"39127",0,0,0,0,0.108241514179784,47.92
"39129",0,0,0,0,0.10196310435949,43.68
"39131",0,0,0,0,0.0871974841732783,32.48
"39133",1.51950281867773e-05,0.226708785349658,1,0,0.2079960133376,85.94
"39135",0,0,0,0,0.102659259540098,44.19
"39137",0,0,0,0,0.127674848411678,59.91
"39139",0,0,0,0,0.207719084109063,85.81
"39141",0,0,0,0,0.136468179911809,64.68
"39143",0,0,0,0,0.139116916324172,65.89
"39145",0,0,0,0,0.126607683050693,59.37
"39147",0,0,0,0,0.141193112872908,66.75
"39149",0,0,0,0,0.118045846443972,54.41
"39151",5.75274693666226e-06,0.0858305923755759,1,0,0.29466451051937,96.82
"39153",1.74862470666821e-05,0.260893614943158,1,0,0.313504483262249,98
"39155",1.36273200512387e-05,0.203318686771229,1,0,0.24081447539975,91.12
"39157",0,0,0,0,0.240171369591547,91.06
"39159",0,0,0,0,0.128875558848966,60.45
"39161",0,0,0,0,0.107412245884023,47.41
"39163",0,0,0,0,0.0810459050423333,26.95
"39165",0.000178525203295575,2.66358387072032,1,1,0.267567174333649,94.18
"39167",0,0,0,0,0.156700729007556,72.92
"39169",0,0,0,0,0.21327626127205,86.86
"39171",0,0,0,0,0.128811893695475,60.32
"39173",2.41263254400039e-05,0.359963131902152,1,0,0.186520164878374,81.36
"39175",0,0,0,0,0.0950639440343916,38.56
"40001",0,0,0,0,0.0845786107536794,29.94
"40003",0,0,0,0,0.049102264626911,4.71
"40005",0,0,0,0,0.103501177852116,44.8
"40007",0,0,0,0,0.0614174086064861,11.23
"40009",0,0,0,0,0.0847028176061741,30.07
"40011",0,0,0,0,0.0668166522477871,15.72
"40013",0,0,0,0,0.111831155231807,50.05
"40015",0,0,0,0,0.0766297215916323,22.97
"40017",2.09753539590981e-05,0.312950852074386,1,0,0.209044620935712,86.22
"40019",0,0,0,0,0.155741439730066,72.38
"40021",0,0,0,0,0.0732210261690878,20.27
"40023",0.00145372314650299,21.6894503075137,1,1,0.082844047518667,28.7
"40025",0,0,0,0,0.0401943122713684,1.78
"40027",5.50746720762233e-05,0.821710355285591,1,0,0.207719339058246,85.84
"40029",0,0,0,0,0.0640171284027763,13.43
"40031",0,0,0,0,0.111489853476758,49.76
"40033",0,0,0,0,0.0423868057606971,2.32
"40035",0,0,0,0,0.100504560240111,42.73
"40037",0,0,0,0,0.162538533742368,75.12
"40039",0,0,0,0,0.111547566752807,49.83
"40041",0,0,0,0,0.148176107066213,69.62
"40043",0,0,0,0,0.0533391464283323,6.46
"40045",0,0,0,0,0.0387901607555253,1.56
"40047",0,0,0,0,0.158289924609077,73.5
"40049",0,0,0,0,0.108760432686541,48.33
"40051",0,0,0,0,0.155534822541747,72.29
"40053",0,0,0,0,0.0588218223316129,9.64
"40055",0,0,0,0,0.0459495891755188,3.31
"40057",0,0,0,0,0.0670268925149783,15.94
"40059",0,0,0,0,0.0505824263705473,5.31
"40061",0,0,0,0,0.0910183557643023,35.51
"40063",0,0,0,0,0.0754407795329917,22.14
"40065",0,0,0,0,0.0805224814985464,26.47
"40067",0,0,0,0,0.0627509877569681,12.19
"40069",0,0,0,0,0.06118707330924,11.01
"40071",0,0,0,0,0.125249088526011,58.67
"40073",0,0,0,0,0.0957544663762038,39.17
"40075",0,0,0,0,0.0659215575937458,14.95
"40077",0,0,0,0,0.058125695475029,9.16
"40079",0,0,0,0,0.120243458837417,55.74
"40081",0,0,0,0,0.105308239832506,46.2
"40083",0,0,0,0,0.156157850979715,72.67
"40085",0,0,0,0,0.0486373330433229,4.42
"40087",0,0,0,0,0.126549043388217,59.24
"40089",0,0,0,0,0.104763624865002,45.69
"40091",0,0,0,0,0.0947981668566284,38.31
"40093",0,0,0,0,0.0743089850650556,21.22
"40095",0,0,0,0,0.0741223763982655,20.97
"40097",0,0,0,0,0.123463475760938,57.46
"40099",0,0,0,0,0.0806381856805808,26.57
"40101",0,0,0,0,0.14357869962064,67.9
"40103",0,0,0,0,0.0534956166743371,6.52
"40105",0,0,0,0,0.0779518985921982,24.34
"40107",0.00934278350515464,139.393693397791,1,1,0.0714665509698221,18.99
"40109",5.92991913746631e-05,0.884739895412991,1,0,0.270252518487201,94.5
"40111",0,0,0,0,0.09672396523857,40.06
"40113",0,0,0,0,0.108663191729957,48.14
"40115",0,0,0,0,0.104491485998002,45.4
"40117",0,0,0,0,0.0913721480351533,35.89
"40119",0,0,0,0,0.137415582600545,65.13
"40121",0,0,0,0,0.126924585728771,59.47
"40123",0,0,0,0,0.114295756188594,51.86
"40125",0,0,0,0,0.149109047628796,69.93
"40127",0,0,0,0,0.0929391182154044,37.1
"40129",0,0,0,0,0.0636639594826822,13.08
"40131",2.80253349027521e-05,0.418136087457159,1,0,0.173445858824613,77.98
"40133",0,0,0,0,0.0856709233194846,30.96
"40135",0,0,0,0,0.117583196130947,54.02
"40137",0,0,0,0,0.11978080393106,55.27
"40139",0,0,0,0,0.0634907561748914,13.01
"40141",0,0,0,0,0.062454246839191,11.96
"40143",7.22956022585146e-06,0.107864546038898,1,0,0.332935832276153,98.7
"40145",6.5599580162687e-05,0.978741266901493,1,0,0.157603965064367,73.24
"40147",0,0,0,0,0.143269111742768,67.67
"40149",0,0,0,0,0.0848541308270924,30.19
"40151",0,0,0,0,0.0734593014070956,20.55
"40153",0,0,0,0,0.119639853611966,55.2
"41001",0,0,0,0,0.129910109162697,60.87
"41003",8.93954631802436e-05,1.3337742203729,1,1,0.174502418130668,78.3
"41005",5.04573962974363e-06,0.0752820915228867,1,0,0.33383666850332,98.79
"41007",0,0,0,0,0.172888125011036,77.63
"41009",0,0,0,0,0.193120107465412,82.85
"41011",0,0,0,0,0.180198204556049,79.54
"41013",0,0,0,0,0.160214950015147,74.13
"41015",0,0,0,0,0.15300950505006,71.05
"41017",9.30934006088308e-06,0.138894719487673,1,0,0.306425742559054,97.61
"41019",0,0,0,0,0.174019335755852,78.14
"41021",0,0,0,0,0.0546593754050703,7.25
"41023",0,0,0,0,0.087145990332902,32.42
"41025",0,0,0,0,0.0849014021439596,30.26
"41027",0,0,0,0,0.14412195714047,68.12
"41029",8.67327763161699e-05,1.29404711376273,1,1,0.304291432920472,97.33
"41031",0,0,0,0,0.112733149113358,50.75
"41033",0,0,0,0,0.204299708074251,85.08
"41035",0,0,0,0,0.176092952286536,78.68
"41037",0,0,0,0,0.0697189103914836,17.88
"41039",5.68682646649037e-06,0.0848470634515986,1,0,0.303130146956752,97.23
"41041",0,0,0,0,0.158423133569495,73.59
"41043",5.49561266921907e-05,0.819941666232008,1,0,0.181704707225589,79.99
"41045",0,0,0,0,0.113096079492694,50.94
"41047",1.06650171440151e-05,0.15912132920931,1,0,0.220683617104193,87.94
"41049",0,0,0,0,0.0566911583046248,8.4
"41051",9.31453945871778e-05,1.38972294149146,1,1,0.378084997040555,99.59
"41053",0,0,0,0,0.164604120471644,75.6
"41055",0,0,0,0,0.0605801727505263,10.59
"41057",0,0,0,0,0.123792454670966,57.78
"41059",0,0,0,0,0.142070244192458,67.01
"41061",0,0,0,0,0.131463087051168,61.79
"41063",0,0,0,0,0.140082841277392,66.43
"41065",0,0,0,0,0.126600733913675,59.31
"41067",3.84837406195882e-05,0.57417478824885,1,0,0.28499480963028,95.93
"41069",0,0,0,0,0.0757884434383977,22.49
"41071",0,0,0,0,0.191447259773402,82.34
"42001",0.000208517958609185,3.11107373667234,1,1,0.203492536955828,84.98
"42003",5.10963529305775e-05,0.762354104664911,1,0,0.289159446975015,96.37
"42005",0,0,0,0,0.181306294642962,79.86
"42007",1.79028590865961e-05,0.267109437897602,1,0,0.226649602875686,88.83
"42009",0,0,0,0,0.136639545149744,64.75
"42011",2.07510855411624e-05,0.309604782557599,1,0,0.280840154257949,95.64
"42013",0,0,0,0,0.228453801564065,89.18
"42015",0,0,0,0,0.13375261932367,63.12
"42017",0.000201925456937768,3.01271406086448,1,1,0.389120751372083,99.75
"42019",1.02655703037582e-05,0.153161609565934,1,0,0.25579281865807,92.9
"42021",0,0,0,0,0.206301075277042,85.49
"42023",0,0,0,0,0.0630744830817616,12.57
"42025",0,0,0,0,0.138064911363281,65.54
"42027",3.70438970179663e-05,0.552692419805385,1,0,0.1554347161638,72.22
"42029",1.06436574445288e-05,0.158802643948155,1,0,0.330913843563413,98.63
"42031",0,0,0,0,0.134572068765991,63.67
"42033",0,0,0,0,0.159927007004468,74.04
"42035",0,0,0,0,0.140033160586413,66.37
"42037",0,0,0,0,0.15855442940721,73.69
"42039",0,0,0,0,0.194104678665971,83.11
"42041",8.58527822905522e-05,1.28091766285218,1,1,0.203076605073461,84.92
"42043",1.4640716809495e-05,0.218438497364374,1,0,0.20654834791068,85.56
"42045",6.443454658215e-05,0.961359045250536,1,0,0.279416253617835,95.55
"42047",0.00049243756595146,7.34713493552758,1,1,0.133003957216252,62.55
"42049",1.53871009932374e-05,0.229574498536631,1,0,0.249575768255596,92.14
"42051",0,0,0,0,0.187971132726863,81.67
"42053",0,0,0,0,0.0963470282697304,39.77
"42055",0,0,0,0,0.183516312000263,80.43
"42057",0,0,0,0,0.0887355344651697,33.76
"42059",0,0,0,0,0.0903155296582535,34.93
"42061",0,0,0,0,0.124093237920413,58.03
"42063",0,0,0,0,0.169366669677225,76.96
"42065",0,0,0,0,0.150034029531047,70.16
"42067",0,0,0,0,0.119283250904464,55.04
"42069",3.68643208670488e-05,0.550013155867744,1,0,0.227977772651289,89.06
"42071",0.000312568045009799,4.66349393711245,1,1,0.364673654080893,99.36
"42073",0,0,0,0,0.198693712470042,84.19
"42075",0,0,0,0,0.203107909949054,84.95
"42077",1.83163601729064e-05,0.273278845934617,1,0,0.25240968434753,92.52
"42079",6.36829100542578e-06,0.0950144679461392,1,0,0.248864861522303,92.01
"42081",0,0,0,0,0.225318274120001,88.64
"42083",0,0,0,0,0.126955000336494,59.53
"42085",0,0,0,0,0.19520907566848,83.55
"42087",0,0,0,0,0.156568454668206,72.86
"42089",3.1564162050408e-05,0.470935147409256,1,0,0.182606743429877,80.24
"42091",2.3399981280015e-05,0.349126126519023,1,0,0.33339681010681,98.76
"42093",0,0,0,0,0.0620556389111211,11.64
"42095",2.96015629625244e-05,0.441653302724716,1,0,0.253132131120204,92.65
"42097",0,0,0,0,0.175827259159185,78.59
"42099",0,0,0,0,0.136560437741086,64.72
"42101",4.32995761590059e-05,0.646026726406831,1,0,0.226409362910325,88.77
"42103",6.84603272403642e-05,1.02142341840531,1,1,0.145681635659946,68.79
"42105",0,0,0,0,0.10068572662923,42.98
"42107",3.6238448994383e-05,0.540675190166565,1,0,0.191444236576552,82.31
"42109",0,0,0,0,0.14215681257034,67.13
"42111",0.00018836648583484,2.81041513574562,1,1,0.204198697624488,85.05
"42113",0,0,0,0,0.0951464557571672,38.75
"42115",0,0,0,0,0.163657002666306,75.34
"42117",0,0,0,0,0.134391780724083,63.44
"42119",0,0,0,0,0.119202679328347,54.98
"42121",0,0,0,0,0.173258782968914,77.86
"42123",0,0,0,0,0.129145641865885,60.58
"42125",4.18235048097031e-05,0.624003842436067,1,0,0.257405251490596,93.16
"42127",0.000222222222222222,3.31554041614363,1,1,0.192341922097496,82.6
"42129",6.28869293011166e-05,0.938268700852587,1,0,0.291794766483989,96.69
"42131",0,0,0,0,0.120464074190464,56
"42133",1.98032546649042e-05,0.295463210457036,1,0,0.285005009184822,95.96
"44001",0,0,0,0,0.230626729432996,89.41
"44003",0,0,0,0,0.255145525705252,92.84
"44005",0,0,0,0,0.197478591230667,84.06
"44007",6.80910067255344e-05,1.01591318148488,1,1,0.309171018948535,97.71
"44009",0,0,0,0,0.232897771016839,90.01
"45001",0,0,0,0,0.113130586415799,51.03
"45003",2.68947340110806e-05,0.401267599178268,1,0,0.153701512652096,71.43
"45005",0,0,0,0,0.0620848064236364,11.71
"45007",2.4116143346356e-05,0.359811215758606,1,0,0.213158974724801,86.83
"45009",0,0,0,0,0.0882679928001902,33.28
"45011",0,0,0,0,0.0841809052988116,29.72
"45013",3.31367221154483e-05,0.494397636445303,1,0,0.223387893126426,88.39
"45015",2.57874853333677e-05,0.384747524340713,1,0,0.232937456525032,90.04
"45017",0,0,0,0,0.0809878651373586,26.92
"45019",3.80808519955953e-05,0.568163717426611,1,0,0.297136781013764,96.98
"45021",0,0,0,0,0.148095919058052,69.55
"45023",0,0,0,0,0.125194978411895,58.64
"45025",0,0,0,0,0.103004982464493,44.42
"45027",0,0,0,0,0.120067845170946,55.55
"45029",0,0,0,0,0.143620009710258,67.93
"45031",0,0,0,0,0.123486243611926,57.52
"45033",0,0,0,0,0.0885362050745907,33.66
"45035",0,0,0,0,0.218003875429659,87.43
"45037",0,0,0,0,0.100424648815701,42.7
"45039",0,0,0,0,0.10574099543099,46.58
"45041",1.30313534363679e-05,0.194426905478985,1,0,0.1725464342914,77.57
"45043",0,0,0,0,0.166978144018683,76.2
"45045",3.32703213610586e-05,0.496390928088045,1,0,0.311340320825082,97.87
"45047",0,0,0,0,0.149951910331232,70.12
"45049",0,0,0,0,0.106092823929783,46.71
"45051",0.000237564416505245,3.54444490962323,1,1,0.278711308098121,95.42
"45053",0,0,0,0,0.148463664089264,69.71
"45055",0.000184988207001804,2.76001144570991,1,1,0.185356559324045,80.88
"45057",3.04553068372164e-05,0.454391103171809,1,0,0.197404479051217,84.03
"45059",0,0,0,0,0.127973085428282,60.04
"45061",0,0,0,0,0.105196624408984,46.07
"45063",6.78577972001873e-06,0.101243371125465,1,0,0.277775477909451,95.29
"45065",0,0,0,0,0.109627626855004,48.93
"45067",0.000122354092744402,1.82551472808594,1,1,0.114615918156422,52.18
"45069",0,0,0,0,0.0778526014011376,24.28
"45071",0,0,0,0,0.10508206382605,45.88
"45073",0.00034479191807744,5.14427192795447,1,1,0.19366494512054,82.95
"45075",0,0,0,0,0.154030286155631,71.65
"45077",0,0,0,0,0.157553233086643,73.18
"45079",2.29697603105512e-05,0.34270725896444,1,0,0.234654171262445,90.36
"45081",0,0,0,0,0.0720057739844413,19.25
"45083",5.74085768413801e-06,0.0856532055378974,1,0,0.256074779795917,92.94
"45085",0,0,0,0,0.155689703244383,72.35
"45087",0,0,0,0,0.0865512095145649,31.91
"45089",0,0,0,0,0.0850191878296791,30.32
"45091",5.90966652596032e-05,0.881718219573866,1,0,0.285724774526782,96.02
"46003",0,0,0,0,0.042917784318226,2.51
"46005",0,0,0,0,0.108564983904968,48.04
"46007",0,0,0,0,0.0450490241650178,3.09
"46009",0,0,0,0,0.0716811084250849,19.09
"46011",0,0,0,0,0.123650922073467,57.65
"46013",0,0,0,0,0.16476785464231,75.66
"46015",0,0,0,0,0.0790422581463799,25.29
"46017",0,0,0,0,0.0397689747561218,1.75
"46019",0,0,0,0,0.127819515522065,59.94
"46021",0,0,0,0,0.0499299761461576,5
"46023",0,0,0,0,0.0858084064305558,31.08
"46025",0,0,0,0,0.0448256390203199,3.02
"46027",0,0,0,0,0.0723757595070623,19.63
"46029",0.000258892973644695,3.86266552908568,1,1,0.178808131715106,79.13
"46031",0,0,0,0,0.0359882606833584,1.15
"46033",0,0,0,0,0.126039404738241,59.08
"46035",0,0,0,0,0.142405169641472,67.23
"46037",0,0,0,0,0.0777776250197295,24.18
"46039",0,0,0,0,0.0682586594699082,16.86
"46041",0,0,0,0,0.0505960633944716,5.35
"46043",0,0,0,0,0.0531039232458961,6.4
"46045",0,0,0,0,0.0581439440429385,9.23
"46047",0,0,0,0,0.0850860151049335,30.35
"46049",0,0,0,0,0.0515340573917178,5.63
"46051",0,0,0,0,0.0743202916372253,21.25
"46053",0,0,0,0,0.0791186534097765,25.39
"46055",0,0,0,0,0.0583843576921614,9.39
"46057",0,0,0,0,0.0559985596315363,7.89
"46059",0,0,0,0,0.0529448002471447,6.3
"46061",0,0,0,0,0.0629477471407028,12.38
"46063",0,0,0,0,0.0386902855206821,1.53
"46065",0,0,0,0,0.124914110286693,58.54
"46067",0,0,0,0,0.0647414936956282,13.97
"46069",0,0,0,0,0.0376269050614111,1.34
"46071",0,0,0,0,0.0442445868241783,2.9
"46073",0,0,0,0,0.0324344035676254,0.73
"46075",0,0,0,0,0.0442816937053758,2.93
"46077",0,0,0,0,0.0646950357908298,13.87
"46079",0,0,0,0,0.0975945715769224,40.57
"46081",0,0,0,0,0.169193403874982,76.87
"46083",0,0,0,0,0.184613307203378,80.78
"46085",0,0,0,0,0.048845451268586,4.61
"46087",0,0,0,0,0.0780750389580786,24.47
"46089",0,0,0,0,0.041160975870269,2.1
"46091",0,0,0,0,0.0510108317424781,5.5
"46093",0,0,0,0,0.156752529803782,72.96
"46095",0,0,0,0,0.0266556390315578,0.29
"46097",0,0,0,0,0.0588985303231865,9.8
"46099",0,0,0,0,0.251633411980934,92.43
"46101",0,0,0,0,0.0564051517280849,8.34
"46102",0,0,0,0,0.0330629208957803,0.8
"46103",0,0,0,0,0.253108412518441,92.62
"46105",0,0,0,0,0.0631876124098788,12.79
"46107",0,0,0,0,0.0520018232041693,5.82
"46109",0,0,0,0,0.0631478924742188,12.69
"46111",0.00330760749724366,49.3492785203297,1,1,0.0484265097341397,4.3
"46115",0,0,0,0,0.0484808166229518,4.36
"46117",0,0,0,0,0.0722030108703486,19.5
"46119",0,0,0,0,0.0424203387263018,2.35
"46121",0,0,0,0,0.0299436448061296,0.48
"46123",0,0,0,0,0.0731157321356823,20.17
"46125",0,0,0,0,0.0761290332911542,22.69
"46127",0,0,0,0,0.125260031526347,58.7
"46129",0,0,0,0,0.0817469077786894,27.68
"46135",0.000342395398205848,5.10851601473887,1,1,0.15030714874782,70.25
"46137",0,0,0,0,0.0345626929571894,0.92
"47001",0,0,0,0,0.133659225423009,63.06
"47003",0,0,0,0,0.129208521174689,60.64
"47005",0,0,0,0,0.120048725043063,55.49
"47007",0,0,0,0,0.106329403259265,46.9
"47009",0,0,0,0,0.204635518203444,85.21
"47011",0,0,0,0,0.1852174541187,80.85
"47013",0,0,0,0,0.137196234840097,65
"47015",0,0,0,0,0.126735900466935,59.43
"47017",0,0,0,0,0.108321303073029,47.98
"47019",0,0,0,0,0.133095854239698,62.62
"47021",0,0,0,0,0.137460821692218,65.19
"47023",0,0,0,0,0.0965264645563272,39.9
"47025",0,0,0,0,0.0987686615127843,41.52
"47027",0,0,0,0,0.0851515577284674,30.42
"47029",0,0,0,0,0.11214469383553,50.37
"47031",0,0,0,0,0.154069758375758,71.75
"47033",0,0,0,0,0.0772218380844451,23.58
"47035",0,0,0,0,0.160802421897978,74.45
"47037",0.000174025417379016,2.59644737140377,1,1,0.322881102248154,98.28
"47039",0,0,0,0,0.12217432334379,56.76
"47041",0,0,0,0,0.0943555176928729,38.18
"47043",0,0,0,0,0.165199899342035,75.79
"47045",0,0,0,0,0.107725464959684,47.5
"47047",0,0,0,0,0.168919046883029,76.68
"47049",0,0,0,0,0.0846948792319232,30.03
"47051",0,0,0,0,0.121805568114176,56.7
"47053",0,0,0,0,0.139555249929823,66.21
"47055",0,0,0,0,0.118604181518767,54.66
"47057",0,0,0,0,0.0986908457655992,41.43
"47059",0,0,0,0,0.142629721439783,67.36
"47061",0,0,0,0,0.0972990672411246,40.34
"47063",0,0,0,0,0.149034255409218,69.9
"47065",0,0,0,0,0.290990152721295,96.6
"47067",0,0,0,0,0.0721136131369185,19.41
"47069",0,0,0,0,0.0905025086561089,35.06
"47071",0,0,0,0,0.125493446666187,58.89
"47073",0,0,0,0,0.106650947925731,47.03
"47075",0,0,0,0,0.0670897368909713,16
"47077",0,0,0,0,0.108226044302474,47.88
"47079",0,0,0,0,0.141551409706773,66.88
"47081",0,0,0,0,0.12225645892196,56.82
"47083",0,0,0,0,0.117625768701555,54.06
"47085",0,0,0,0,0.103832036044415,44.96
"47087",0,0,0,0,0.103346675213488,44.7
"47089",0,0,0,0,0.120067534809233,55.52
"47091",0,0,0,0,0.090772183247646,35.25
"47093",4.41753148340707e-05,0.659092687777039,1,0,0.288307726172036,96.28
"47095",0,0,0,0,0.0537444851350838,6.65
"47097",0,0,0,0,0.0691009964990219,17.5
"47099",0,0,0,0,0.132610925049918,62.36
"47101",0,0,0,0,0.105522709567815,46.45
"47103",0,0,0,0,0.115586332374181,52.78
"47105",0,0,0,0,0.144966684199631,68.5
"47107",0,0,0,0,0.131796628380546,61.95
"47109",0,0,0,0,0.131557628919392,61.85
"47111",0,0,0,0,0.101203036185435,43.33
"47113",0,0,0,0,0.185433951382531,80.94
"47115",0,0,0,0,0.114221411927662,51.77
"47117",0,0,0,0,0.128424105862525,60.2
"47119",0,0,0,0,0.198565433937703,84.12
"47121",0,0,0,0,0.0703697514809677,18.39
"47123",0,0,0,0,0.112434390554373,50.52
"47125",0,0,0,0,0.196382483840642,83.81
"47127",0,0,0,0,0.0538277026371596,6.71
"47129",0,0,0,0,0.0756750670657567,22.4
"47131",0,0,0,0,0.113748753416746,51.38
"47133",0,0,0,0,0.124216733042292,58.07
"47135",0,0,0,0,0.0778543820374146,24.31
"47137",0,0,0,0,0.10511857686067,45.98
"47139",0,0,0,0,0.106256220457172,46.77
"47141",0,0,0,0,0.181279237906176,79.83
"47143",0,0,0,0,0.082081416146774,27.97
"47145",0,0,0,0,0.104102318678644,45.12
"47147",0,0,0,0,0.158791775749239,73.75
"47149",5.91680965623336e-06,0.0882783969744178,1,0,0.240133618662274,91.03
"47151",0,0,0,0,0.0981781829845621,41.08
"47153",0,0,0,0,0.10347412367272,44.77
"47155",0,0,0,0,0.160850563605841,74.51
"47157",1.82821038313805e-06,0.0272767743652844,1,0,0.28345413696499,95.74
"47159",0,0,0,0,0.0941529315357388,38.12
"47161",0,0,0,0,0.0855173994620796,30.83
"47163",0,0,0,0,0.192878786893647,82.76
"47165",0,0,0,0,0.250849488470762,92.33
"47167",0,0,0,0,0.138187855212388,65.61
"47169",0,0,0,0,0.0771947794472866,23.48
"47171",0,0,0,0,0.0846436456420123,29.97
"47173",0,0,0,0,0.118525291794353,54.63
"47175",0,0,0,0,0.10094772461765,43.14
"47177",0,0,0,0,0.134506817179791,63.6
"47179",0,0,0,0,0.1924984128013,82.63
"47181",0,0,0,0,0.0844771596295888,29.84
"47183",0,0,0,0,0.110602044566474,49.41
"47185",0,0,0,0,0.117871117368952,54.22
"47187",1.75553578952296e-05,0.26192474379675,1,0,0.278729880032164,95.45
"47189",0,0,0,0,0.199332829407364,84.38
"48001",0,0,0,0,0.148187037206708,69.65
"48003",0,0,0,0,0.0752924868014307,21.99
"48005",0,0,0,0,0.165882691522932,75.91
"48007",0,0,0,0,0.163463770748948,75.31
"48009",0,0,0,0,0.0764439196667741,22.88
"48011",0,0,0,0,0.065317773480575,14.41
"48013",0,0,0,0,0.113157868258979,51.07
"48015",0,0,0,0,0.180505422141672,79.7
"48017",0,0,0,0,0.0575959511934113,8.75
"48019",0,0,0,0,0.136066930805457,64.4
"48021",0,0,0,0,0.191149948130406,82.28
"48023",0,0,0,0,0.0703653397510551,18.36
"48025",0,0,0,0,0.0941360661565193,38.08
"48027",5.60305702791443e-06,0.0835972291350357,1,0,0.147966355417757,69.52
"48029",1.3963204164386e-05,0.208330054856491,1,0,0.262420003756672,93.73
"48031",0,0,0,0,0.136289827590234,64.62
"48033",0,0,0,0,0.0591501802222479,9.9
"48035",0,0,0,0,0.0975984987283106,40.6
"48037",0,0,0,0,0.185772416647206,81.16
"48039",8.43294752598402e-05,1.25819002573283,1,1,0.224946173953109,88.51
"48041",0,0,0,0,0.158539660798814,73.66
"48043",0,0,0,0,0.102598126156188,44.07
"48045",0,0,0,0,0.0643255111313052,13.62
"48047",0,0,0,0,0.059983221664929,10.31
"48049",0,0,0,0,0.137623052991203,65.29
"48051",0,0,0,0,0.111247730600341,49.7
"48053",4.90099980396001e-05,0.731225831829365,1,0,0.199699130289713,84.47
"48055",0,0,0,0,0.133261960222402,62.74
"48057",0,0,0,0,0.0813298979592994,27.17
"48059",0,0,0,0,0.118435724038441,54.6
"48061",5.65841292834186e-06,0.0844231353981619,1,0,0.18184296380292,80.05
"48063",0,0,0,0,0.085245040294144,30.54
"48065",0,0,0,0,0.0352437829430474,0.95
"48067",0,0,0,0,0.0931505879228894,37.32
"48069",0,0,0,0,0.0437015560461399,2.7
"48071",0,0,0,0,0.123193230035598,57.27
"48073",0,0,0,0,0.128517750005653,60.23
"48075",0,0,0,0,0.0753717548584272,22.11
"48077",0,0,0,0,0.0834789803682658,29.14
"48079",0,0,0,0,0.0812266359085015,27.08
"48081",0,0,0,0,0.0632572370095783,12.82
"48083",0,0,0,0,0.0903575161580061,34.97
"48085",2.1105437897249e-05,0.314891695569323,1,0,0.25635438497974,93.03
"48087",0,0,0,0,0.06911465330858,17.53
"48089",0,0,0,0,0.11438179397224,51.92
"48091",0.00133419212366581,19.9060555901152,1,1,0.276366698458607,95.16
"48093",0,0,0,0,0.0875418677307929,32.71
"48095",0,0,0,0,0.0725203572272985,19.79
"48097",0,0,0,0,0.133409224831977,62.9
"48099",0,0,0,0,0.124779365036116,58.45
"48101",0,0,0,0,0.105351891427445,46.29
"48103",0,0,0,0,0.053506842402467,6.55
"48105",0,0,0,0,0.065504943720211,14.44
"48107",0,0,0,0,0.0678161842639897,16.64
"48109",0,0,0,0,0.0550701588974233,7.41
"48111",0,0,0,0,0.0661079785024179,15.11
"48113",3.98833213434099e-06,0.0595056437298537,1,0,0.382015527455488,99.68
"48115",0,0,0,0,0.0762504627343325,22.72
"48117",0,0,0,0,0.0596507084019659,10.15
"48119",0,0,0,0,0.079993567917887,26.25
"48121",8.26598848823337e-06,0.123327985104521,1,0,0.305083753741082,97.42
"48123",0,0,0,0,0.0860355651032033,31.31
"48125",0,0,0,0,0.0852017942077056,30.45
"48127",0,0,0,0,0.0759065429165515,22.56
"48129",0,0,0,0,0.0721097405281608,19.38
"48131",0,0,0,0,0.0627373574044071,12.15
"48133",0,0,0,0,0.10677941464151,47.18
"48135",0,0,0,0,0.175959231171428,78.65
"48137",0,0,0,0,0.0871315330607981,32.36
"48139",0,0,0,0,0.22571593929202,88.71
"48141",4.96386307680089e-06,0.074060498931014,1,0,0.218943528080601,87.62
"48143",0,0,0,0,0.136245247923195,64.59
"48145",0,0,0,0,0.0807778851714808,26.66
"48147",0.00019147917663954,2.85685627049236,1,1,0.127018768515712,59.62
"48149",0,0,0,0,0.147960524915522,69.49
"48151",0,0,0,0,0.0620916056117453,11.74
"48153",0,0,0,0,0.0562707619355892,8.15
"48155",0,0,0,0,0.0667811862211892,15.65
"48157",6.70057155875396e-06,0.0999720711644009,1,0,0.246905188516371,91.85
"48159",0,0,0,0,0.062352887640114,11.9
"48161",0,0,0,0,0.0880308083388408,33.12
"48163",0,0,0,0,0.058682132632784,9.55
"48165",0,0,0,0,0.112221019086775,50.4
"48167",0.000467019370848233,6.96789719626179,1,1,0.207065858703178,85.62
"48169",0,0,0,0,0.0630665630406142,12.54
"48171",0,0,0,0,0.180748535528477,79.76
"48173",0,0,0,0,0.0596565250690887,10.18
"48175",0,0,0,0,0.0805978762103967,26.54
"48177",0,0,0,0,0.065749548771132,14.73
"48179",0,0,0,0,0.0936461903163872,37.67
"48181",0,0,0,0,0.204368017838221,85.11
"48183",0,0,0,0,0.227933449076271,89.02
"48185",0,0,0,0,0.12257530779102,56.89
"48187",0,0,0,0,0.189000081287857,81.96
"48189",0,0,0,0,0.100804213980317,43.05
"48191",0,0,0,0,0.086058578574271,31.34
"48193",0,0,0,0,0.0671891376419918,16.13
"48195",0,0,0,0,0.0620979974893086,11.77
"48197",0,0,0,0,0.0554700135011503,7.6
"48199",0,0,0,0,0.132991938381507,62.52
"48201",1.38252050223332e-05,0.206271117058579,1,0,0.360538110025897,99.3
"48203",0,0,0,0,0.155798778028694,72.45
"48205",0,0,0,0,0.048283163187537,4.14
"48207",0,0,0,0,0.079115068023688,25.36
"48209",9.11535481518618e-06,0.136000472837577,1,0,0.24935032191571,92.08
"48211",0,0,0,0,0.0661127736525609,15.18
"48213",0,0,0,0,0.170836014381253,77.25
"48215",8.76091463948836e-06,0.130712249563236,1,0,0.186904406591861,81.45
"48217",0,0,0,0,0.121420835918875,56.47
"48219",0,0,0,0,0.0705463671139143,18.52
"48221",0,0,0,0,0.189555370259111,82.06
"48223",0,0,0,0,0.141594460578456,66.91
"48225",0,0,0,0,0.167842440788832,76.46
"48227",0,0,0,0,0.123197821945437,57.3
"48229",0,0,0,0,0.0549835641511692,7.38
"48231",0,0,0,0,0.161506005970993,74.8
"48233",0,0,0,0,0.0735266077462882,20.62
"48235",0,0,0,0,0.0460552853175579,3.34
"48237",0,0,0,0,0.0820475269772943,27.94
"48239",0,0,0,0,0.0676198883760281,16.48
"48241",0,0,0,0,0.109346362465902,48.65
"48243",0,0,0,0,0.0631611028754415,12.76
"48245",0,0,0,0,0.218844166664184,87.56
"48247",0,0,0,0,0.0563467965371745,8.24
"48249",0,0,0,0,0.0771196234570728,23.42
"48251",0,0,0,0,0.223259425778094,88.32
"48253",0,0,0,0,0.0864860463786778,31.72
"48255",0,0,0,0,0.0658937689500709,14.89
"48257",1.89926308592266e-05,0.283368758501982,1,0,0.208547279030397,86.1
"48259",0,0,0,0,0.202372309410546,84.79
"48261",0,0,0,0,0.0159107816041187,0.06
"48263",0,0,0,0,0.0655924143850778,14.54
"48265",0.000475840290695159,7.09950471943201,1,1,0.190178983858907,82.15
"48267",0,0,0,0,0.0946902047637507,38.28
"48269",0,0,0,0,0.038417772703772,1.5
"48271",0,0,0,0,0.039067109979711,1.65
"48273",0,0,0,0,0.0964206836238948,39.8
"48275",0,0,0,0,0.0480541551231266,4.04
"48277",0,0,0,0,0.13713291136589,64.97
"48279",0,0,0,0,0.0576746508461385,8.91
"48281",0,0,0,0,0.116079909941579,52.91
"48283",0,0,0,0,0.0572353930572537,8.56
"48285",0,0,0,0,0.100553111364605,42.79
"48287",0,0,0,0,0.0888829375585239,33.98
"48289",0,0,0,0,0.0717528485812862,19.19
"48291",0,0,0,0,0.138359965783805,65.73
"48293",0,0,0,0,0.0755524278845092,22.24
"48295",0,0,0,0,0.0529472792184734,6.33
"48297",0,0,0,0,0.0711921817849575,18.9
"48299",0,0,0,0,0.120413945818484,55.87
"48301",0,0,0,0,0.0194968553827524,0.13
"48303",5.79357492540772e-06,0.0864397431861554,1,0,0.240466253297993,91.09
"48305",0,0,0,0,0.0646226923973736,13.84
"48307",0,0,0,0,0.0769330612399532,23.26
"48309",0,0,0,0,0.222730163971049,88.26
"48311",0,0,0,0,0.0628115113929834,12.25
"48313",0,0,0,0,0.06431772160946,13.59
"48315",0,0,0,0,0.073356863214635,20.49
"48317",0,0,0,0,0.0668816403636825,15.75
"48319",0,0,0,0,0.100535657570623,42.76
"48321",0,0,0,0,0.112940069761101,50.84
"48323",0,0,0,0,0.112514874105875,50.62
"48325",0,0,0,0,0.119260132115944,55.01
"48327",0,0,0,0,0.073605892694487,20.65
"48329",0,0,0,0,0.146980729748579,69.2
"48331",0,0,0,0,0.105265616816321,46.13
"48333",0,0,0,0,0.0819827907167279,27.84
"48335",0,0,0,0,0.0540462389441403,6.9
"48337",0,0,0,0,0.123375224193015,57.37
"48339",3.75785862184293e-06,0.0560669946249332,1,0,0.265335954836384,93.92
"48341",0,0,0,0,0.0562628260573347,8.11
"48343",0,0,0,0,0.0628576271698809,12.34
"48345",0,0,0,0,0.0884826202393867,33.5
"48347",0,0,0,0,0.138325765046464,65.67
"48349",0.000105047534009139,1.56730205080586,1,1,0.162317487569598,75.06
"48351",0,0,0,0,0.0744620688063176,21.44
"48353",0,0,0,0,0.0820461241059805,27.9
"48355",0.000179760101973003,2.68200847485717,1,1,0.246474981978717,91.76
"48357",0,0,0,0,0.0628425532870406,12.31
"48359",0,0,0,0,0.0405774713758438,1.94
"48361",7.23431961224047e-05,1.07935555759577,1,1,0.161994211763095,74.96
"48363",0,0,0,0,0.132323212847661,62.23
"48365",0,0,0,0,0.0968186300910113,40.12
"48367",0,0,0,0,0.249587791092896,92.17
"48369",0,0,0,0,0.0402995248570599,1.85
"48371",0,0,0,0,0.0909926368686633,35.48
"48373",0,0,0,0,0.117149264870104,53.58
"48375",0,0,0,0,0.214183211727824,86.96
"48377",0,0,0,0,0.0817853313473318,27.71
"48379",0,0,0,0,0.0986609845545074,41.33
"48381",0,0,0,0,0.207603818942992,85.75
"48383",0,0,0,0,0.0577368640439738,8.97
"48385",0,0,0,0,0.0672518329951271,16.19
"48387",0,0,0,0,0.0773575858874785,23.77
"48389",0,0,0,0,0.079790494181459,25.99
"48391",0,0,0,0,0.0610530299531662,10.94
"48393",0,0,0,0,0.0695071876242925,17.82
"48395",0,0,0,0,0.0787107296899252,24.91
"48397",0,0,0,0,0.225100961479306,88.55
"48399",0,0,0,0,0.0689738858636241,17.34
"48401",0,0,0,0,0.119064607140513,54.85
"48403",0,0,0,0,0.0815218792243502,27.46
"48405",0,0,0,0,0.0525397147175161,6.05
"48407",0,0,0,0,0.132023224489902,62.07
"48409",4.04236397445226e-05,0.603117951032677,1,0,0.123652825470987,57.68
"48411",0,0,0,0,0.0778366238196786,24.24
"48413",0,0,0,0,0.0676334387397513,16.54
"48415",0,0,0,0,0.0769463006857229,23.29
"48417",0,0,0,0,0.0661089357437896,15.14
"48419",0,0,0,0,0.0876107023829759,32.74
"48421",0,0,0,0,0.0341774628699956,0.89
"48423",7.73150045229278e-06,0.115353460021543,1,0,0.230695291098762,89.44
"48425",0,0,0,0,0.0822861899244249,28.19
"48427",0,0,0,0,0.104326775580699,45.24
"48429",0,0,0,0,0.0759176797858714,22.59
"48431",0,0,0,0,0.0433416974540474,2.58
"48433",0,0,0,0,0.0910902143853406,35.67
"48435",0,0,0,0,0.0546485665322398,7.22
"48437",0,0,0,0,0.068273596120913,16.93
"48439",2.12356117670064e-05,0.316833880837703,1,0,0.340029196044407,99.05
"48441",0,0,0,0,0.194243516867118,83.2
"48443",0,0,0,0,0.0544256642985277,7.06
"48445",0,0,0,0,0.0765598273378169,22.91
"48447",0,0,0,0,0.063051693873821,12.5
"48449",0,0,0,0,0.099582098968443,42.13
"48451",0,0,0,0,0.185795537447937,81.2
"48453",6.9273213554258e-05,1.03355162682881,1,1,0.337791452633954,98.95
"48455",0,0,0,0,0.0988333480424723,41.55
"48457",0,0,0,0,0.0842391907853241,29.75
"48459",0,0,0,0,0.108627880058075,48.11
"48461",0,0,0,0,0.0323027981860533,0.67
"48463",0,0,0,0,0.126272515079768,59.15
"48465",0,0,0,0,0.108960214837033,48.46
"48467",0.000124161907126893,1.85248719551109,1,1,0.180721778976285,79.73
"48469",0,0,0,0,0.206462158390863,85.52
"48471",0,0,0,0,0.0885297687667526,33.63
"48473",0,0,0,0,0.135160405748091,63.92
"48475",0,0,0,0,0.0744624181928593,21.48
"48477",0,0,0,0,0.144161219643337,68.15
"48479",8.16120002285136e-06,0.121764548339982,1,0,0.165422322331587,75.85
"48481",0,0,0,0,0.122617754276453,56.92
"48483",0,0,0,0,0.0711313330804855,18.87
"48485",0,0,0,0,0.167269012693697,76.26
"48487",0,0,0,0,0.066968120535486,15.84
"48489",0.000191828122002686,2.86206251153776,1,1,0.0836076695953351,29.27
"48491",3.78508298794451e-06,0.0564731803124448,1,0,0.264775624386759,93.86
"48493",0,0,0,0,0.142253516378518,67.2
"48495",0,0,0,0,0.0539611926913382,6.84
"48497",0,0,0,0,0.167722259400247,76.36
"48499",0,0,0,0,0.156274341826365,72.76
"48501",0,0,0,0,0.0652216876455746,14.29
"48503",0,0,0,0,0.104432904755018,45.31
"48505",0,0,0,0,0.0852951804872527,30.58
"48507",0,0,0,0,0.063426003369138,12.98
"49001",0,0,0,0,0.0744534613211128,21.41
"49003",0,0,0,0,0.131143227650442,61.6
"49005",2.8698933834608e-05,0.428186137629937,1,0,0.219655373977903,87.75
"49007",0,0,0,0,0.102616264399169,44.1
"49009",0,0,0,0,0.0689037289871466,17.31
"49011",1.8386972217285e-05,0.274332372826133,1,0,0.272115357635987,94.69
"49013",0,0,0,0,0.108745029121142,48.27
"49015",0,0,0,0,0.0613318218332541,11.2
"49017",0,0,0,0,0.0684784386902926,17.02
"49019",0,0,0,0,0.116199793923137,53.01
"49021",0,0,0,0,0.194683716725527,83.42
"49023",0,0,0,0,0.0966956394207755,39.99
"49025",0,0,0,0,0.0961607144165171,39.68
"49027",0,0,0,0,0.0820857929822794,28.03
"49029",0,0,0,0,0.128849715399448,60.39
"49031",0,0,0,0,0.0413099151449321,2.13
"49033",0,0,0,0,0.0867340953263386,32.1
"49035",4.4381122318925e-05,0.662163321429946,1,0,0.408774400589446,99.87
"49037",0.00176021904948171,26.2623482992015,1,1,0.0911995636376741,35.73
"49039",0,0,0,0,0.129915503889804,60.9
"49041",0,0,0,0,0.130206626906326,61.09
"49043",0.000254928619986404,3.8035176425849,1,1,0.211839249466465,86.64
"49045",0,0,0,0,0.161798011647811,74.9
"49047",0,0,0,0,0.142702631519357,67.45
"49049",3.18562645344207e-05,0.475293296570557,1,0,0.328581956447068,98.57
"49051",0,0,0,0,0.223350259978892,88.36
"49053",2.08609306061143e-05,0.311243663443229,1,0,0.274767364756596,94.97
"49055",0,0,0,0,0.0741164420666619,20.94
"49057",7.60832350591547e-06,0.113515668373313,1,0,0.234180448625582,90.3
"50001",0,0,0,0,0.178056838842125,79.03
"50003",0,0,0,0,0.19167081062765,82.47
"50005",0,0,0,0,0.183856865625993,80.56
"50007",0,0,0,0,0.275572767172765,95.1
"50009",0,0,0,0,0.0881057049546079,33.18
"50011",0,0,0,0,0.142498081005364,67.29
"50013",0,0,0,0,0.143441082436091,67.8
"50015",0,0,0,0,0.17095757466418,77.31
"50017",0,0,0,0,0.156627553897006,72.89
"50019",0.00233663057870551,34.8623690458284,1,1,0.166048994091463,75.95
"50021",0,0,0,0,0.220689460173808,87.97
"50023",2.59013675922089e-05,0.386446639884126,1,0,0.194170398721113,83.17
"50025",0,0,0,0,0.208819269539046,86.13
"50027",0,0,0,0,0.219780006835927,87.81
"51001",0,0,0,0,0.107004803175602,47.25
"51003",0,0,0,0,0.158381739869833,73.56
"51005",0,0,0,0,0.111583666734892,49.86
"51007",0,0,0,0,0.112854918215198,50.78
"51009",0,0,0,0,0.120662041928019,56.12
"51011",0,0,0,0,0.100031665319768,42.51
"51013",4.95827610656327e-06,0.0739771417156942,1,0,0.13441206791619,63.51
"51015",0,0,0,0,0.154045888650299,71.71
"51017",0,0,0,0,0.0735098518619954,20.59
"51019",0,0,0,0,0.20742834165394,85.68
"51021",0,0,0,0,0.063029645812972,12.47
"51023",0,0,0,0,0.138340859337259,65.7
"51025",0,0,0,0,0.0793665492335979,25.58
"51027",0,0,0,0,0.0697150846960076,17.85
"51029",0,0,0,0,0.0816371279936643,27.62
"51031",0,0,0,0,0.149599202136858,70.03
"51033",0,0,0,0,0.105068156748174,45.82
"51035",0,0,0,0,0.123279768471541,57.33
"51036",0,0,0,0,0.0880468517815849,33.15
"51037",0,0,0,0,0.090650683045665,35.16
"51041",6.16579831673706e-06,0.0919932908261945,1,0,0.245139809108375,91.63
"51043",0,0,0,0,0.120903972145417,56.28
"51045",0,0,0,0,0.0876867190928346,32.77
"51047",5.30250808632483e-05,0.791130594021229,1,0,0.149871286105214,70.09
"51049",0,0,0,0,0.0888225431502815,33.88
"51051",0,0,0,0,0.0563425344182264,8.21
"51053",0,0,0,0,0.0811591816885727,27.01
"51057",0,0,0,0,0.11104854162951,49.57
"51059",6.22489293184157e-05,0.928749784575941,1,0,0.181377384413672,79.92
"51061",0.000213621960337523,3.187225094737,1,1,0.219476760227093,87.69
"51063",0,0,0,0,0.117551437692653,53.9
"51065",0,0,0,0,0.115454441672083,52.69
"51067",0,0,0,0,0.164428920294873,75.53
"51069",0,0,0,0,0.169552124225114,77.09
"51071",0,0,0,0,0.0727986796022017,20.04
"51073",0,0,0,0,0.176712259359456,78.78
"51075",0,0,0,0,0.0856641095383451,30.93
"51077",0,0,0,0,0.0783810138067486,24.59
"51079",0,0,0,0,0.115754310523106,52.85
"51081",0,0,0,0,0.057381836226504,8.59
"51083",0,0,0,0,0.124472241546038,58.22
"51085",0.000107315876617404,1.60114556798498,1,1,0.241161985594829,91.19
"51087",9.65223014777564e-06,0.144010616223916,1,0,0.296151123873589,96.91
"51089",0,0,0,0,0.134053496612885,63.22
"51091",0,0,0,0,0.0755846410959872,22.27
"51093",0,0,0,0,0.125708142720138,58.99
"51095",3.03195682493481e-05,0.452365892688326,1,0,0.177179351681545,78.91
"51097",0,0,0,0,0.108584770472371,48.08
"51099",0,0,0,0,0.058399132796575,9.42
"51101",0,0,0,0,0.108351282339391,48.01
"51103",0,0,0,0,0.131179002179016,61.66
"51105",0,0,0,0,0.0759017440416715,22.53
"51107",4.56029623684355e-05,0.680393091727912,1,0,0.237078943595348,90.61
"51109",0,0,0,0,0.119918963994804,55.42
"51111",0,0,0,0,0.0922903967197604,36.46
"51113",0,0,0,0,0.118181222767745,54.5
"51115",0,0,0,0,0.0808939671919187,26.85
"51117",0,0,0,0,0.123149214776145,57.24
"51119",0,0,0,0,0.107988021770621,47.63
"51121",0,0,0,0,0.136115987840675,64.49
"51125",0,0,0,0,0.104625656273753,45.5
"51127",0,0,0,0,0.116907501698163,53.52
"51131",0,0,0,0,0.0812016061077662,27.04
"51133",0,0,0,0,0.108921742561506,48.43
"51135",0,0,0,0,0.0637669875040975,13.24
"51137",0,0,0,0,0.12647373107588,59.21
"51139",0,0,0,0,0.108753317527065,48.3
"51141",0,0,0,0,0.0919017492750765,36.24
"51143",0,0,0,0,0.132036937927038,62.14
"51145",0,0,0,0,0.145792965974537,68.85
"51147",0,0,0,0,0.104672991855602,45.63
"51149",0,0,0,0,0.0675964172216796,16.42
"51153",1.15995151402671e-05,0.173063975648516,1,0,0.231147232436241,89.53
"51155",0,0,0,0,0.0931199044771965,37.29
"51157",0,0,0,0,0.0994660382903015,42.03
"51159",0,0,0,0,0.0974697501251907,40.5
"51161",0,0,0,0,0.19522257342927,83.58
"51163",0,0,0,0,0.130082254671965,61.02
"51165",2.54835503682373e-05,0.380212835367252,1,0,0.147112452952006,69.3
"51167",0,0,0,0,0.0824093949111974,28.35
"51169",0,0,0,0,0.0671403021038885,16.07
"51171",0,0,0,0,0.121631004168284,56.6
"51173",0,0,0,0,0.074938018064462,21.76
"51175",0,0,0,0,0.0852403955909118,30.51
"51177",0.000391407455160822,5.83977256544535,1,1,0.254863199752028,92.78
"51179",0.00017164435290079,2.56092205160425,1,1,0.195016203186756,83.49
"51181",0,0,0,0,0.0669776482508352,15.88
"51183",0,0,0,0,0.0910461932996134,35.57
"51185",0,0,0,0,0.112088873277781,50.27
"51187",0,0,0,0,0.146061946264795,69.01
"51191",0,0,0,0,0.143304310008592,67.74
"51193",0,0,0,0,0.0991703939682255,41.84
"51195",0,0,0,0,0.0794314045938067,25.74
"51197",0,0,0,0,0.117525085815392,53.87
"51199",3.72079178449174e-05,0.55513959936919,1,0,0.154033658827907,71.68
"51510",2.19524509911532e-05,0.327529073225613,1,0,0.208457457958412,86.03
"51520",0,0,0,0,0.107991727711797,47.66
"51530",0,0,0,0,0.0665557429090669,15.49
"51540",0.000100946372239748,1.50611299660783,1,1,0.192657554015859,82.69
"51550",8.65725911176522e-06,0.129165716151384,1,0,0.253246672013064,92.68
"51570",0,0,0,0,0.126330364076837,59.18
"51580",0,0,0,0,0.077589018594226,23.96
"51590",0,0,0,0,0.142103802295621,67.07
"51595",0,0,0,0,0.0769221416307653,23.23
"51600",0,0,0,0,0.145626912227005,68.72
"51610",0,0,0,0,0.117181215566766,53.64
"51620",0,0,0,0,0.0874996134914826,32.68
"51630",7.39562918315276e-05,1.10342283567994,1,1,0.174063783853238,78.17
"51640",0,0,0,0,0.10026002450526,42.6
"51650",1.59507441022124e-05,0.237984015323024,1,0,0.160449212663033,74.23
"51660",0,0,0,0,0.162055316244194,74.99
"51670",0,0,0,0,0.105394236145023,46.36
"51678",0,0,0,0,0.0703453603213675,18.33
"51680",0,0,0,0,0.162666187012081,75.18
"51683",0.000107933081489477,1.61035422262778,1,1,0.160979192975958,74.61
"51685",0,0,0,0,0.108216196733044,47.85
"51690",0,0,0,0,0.0903963009710198,35.03
"51700",0,0,0,0,0.108037997253611,47.73
"51710",9.47631513485981e-05,1.41385976215836,1,1,0.189442014898204,81.99
"51720",0,0,0,0,0.0853363065223667,30.64
"51730",0,0,0,0,0.128369871134248,60.17
"51735",0,0,0,0,0.0837171358490795,29.4
"51740",1.88846713122958e-05,0.281758009416772,1,0,0.0986667930097179,41.36
"51750",0,0,0,0,0.0749984826058405,21.79
"51760",1.09250812552918e-05,0.16300146803208,1,0,0.205017308211048,85.24
"51770",0,0,0,0,0.194619532605353,83.39
"51775",0,0,0,0,0.144409438297582,68.25
"51790",0,0,0,0,0.129545860726326,60.77
"51800",0.000220934799685782,3.29633215960863,1,1,0.157204407462296,73.05
"51810",5.53416192035419e-05,0.825693188238782,1,0,0.237911148049127,90.71
"51820",0,0,0,0,0.134071509546292,63.25
"51830",0,0,0,0,0.0859993736959227,31.28
"51840",0,0,0,0,0.114539085232787,52.08
"53001",0,0,0,0,0.063907985065414,13.3
"53003",0,0,0,0,0.132763077876046,62.46
"53005",0,0,0,0,0.166319500073327,76.04
"53007",2.0115058132518e-05,0.30011529695149,1,0,0.169723442771176,77.16
"53009",0,0,0,0,0.181368765288214,79.89
"53011",1.43543417098892e-05,0.214165800388233,1,0,0.288030910115547,96.21
"53013",0,0,0,0,0.0663630957207296,15.3
"53015",0,0,0,0,0.178238159383723,79.1
"53017",0,0,0,0,0.130878449202487,61.34
"53019",0,0,0,0,0.0857959021873067,31.05
"53021",0,0,0,0,0.157479151964595,73.15
"53023",0,0,0,0,0.0494104046749725,4.77
"53025",0,0,0,0,0.119196771630711,54.95
"53027",0,0,0,0,0.145743949172198,68.82
"53029",0,0,0,0,0.188698344330003,81.83
"53031",0,0,0,0,0.199175665716049,84.31
"53033",0.000111252781319533,1.65988391792986,1,1,0.33647432996958,98.92
"53035",9.0800955226049e-06,0.135474406594386,1,0,0.19189670996356,82.53
"53037",0,0,0,0,0.145981460326427,68.95
"53039",0,0,0,0,0.128870589062791,60.42
"53041",0,0,0,0,0.185586094242842,81.04
"53043",0,0,0,0,0.07273131691991,19.95
"53045",0,0,0,0,0.136081083199371,64.43
"53047",0,0,0,0,0.114945745554687,52.34
"53049",0,0,0,0,0.131144330165142,61.63
"53051",0,0,0,0,0.0924213879065165,36.59
"53053",2.43655218120151e-06,0.0363531925476744,1,0,0.265885675592094,93.95
"53055",0,0,0,0,0.216761765604954,87.27
"53057",0,0,0,0,0.232241724925981,89.91
"53059",0,0,0,0,0.105559035107632,46.52
"53061",7.70315592372691e-05,1.14930561586378,1,1,0.297375127904726,97.01
"53063",1.43266475644699e-05,0.213752605625306,1,0,0.310172428676571,97.8
"53065",0,0,0,0,0.150346733290068,70.28
"53067",7.04657078632683e-06,0.105134356067776,1,0,0.202041421047715,84.73
"53069",0,0,0,0,0.0924179654090111,36.56
"53071",0,0,0,0,0.129735147231456,60.83
"53073",9.30578820026056e-06,0.138841725969164,1,0,0.28426069383462,95.77
"53075",0,0,0,0,0.0956277736963482,39.07
"53077",0,0,0,0,0.146858286771653,69.17
"54001",0,0,0,0,0.0642687849085775,13.55
"54003",6.79701837460634e-05,1.01411051086252,1,1,0.18819350171999,81.74
"54005",0,0,0,0,0.0786687138626335,24.85
"54007",0,0,0,0,0.079934206278204,26.12
"54009",0,0,0,0,0.0999846010252923,42.44
"54011",0,0,0,0,0.188893560347149,81.86
"54013",0,0,0,0,0.0501732839430975,5.15
"54015",0,0,0,0,0.0516790338648597,5.66
"54017",0,0,0,0,0.0465317317020019,3.53
"54019",0,0,0,0,0.133492171031568,62.97
"54021",0,0,0,0,0.0548524102523436,7.29
"54023",0,0,0,0,0.0992159822599113,41.87
"54025",0,0,0,0,0.137084597553034,64.94
"54027",0,0,0,0,0.123982512048661,57.91
"54029",0,0,0,0,0.124717441439842,58.42
"54031",0,0,0,0,0.085677171767602,30.99
"54033",0,0,0,0,0.144820244242366,68.47
"54035",0,0,0,0,0.111078609328992,49.6
"54037",0,0,0,0,0.153612098444121,71.4
"54039",0,0,0,0,0.205502006906847,85.36
"54041",0,0,0,0,0.0971689821890559,40.22
"54043",0,0,0,0,0.0812791066491419,27.14
"54045",0,0,0,0,0.0950588160746118,38.53
"54047",0,0,0,0,0.0588671064159093,9.74
"54049",0,0,0,0,0.152437466137841,70.92
"54051",0,0,0,0,0.0885180177537075,33.57
"54053",0,0,0,0,0.0820103864694381,27.87
"54055",0,0,0,0,0.14941597406078,70
"54057",0,0,0,0,0.0938907177969475,37.83
"54059",0,0,0,0,0.0787080184651417,24.88
"54061",3.03090002576265e-05,0.452208218971808,1,0,0.134633619244951,63.7
"54063",0,0,0,0,0.093606789333772,37.58
"54065",0,0,0,0,0.119113156174965,54.92
"54067",0,0,0,0,0.109013067994235,48.49
"54069",0,0,0,0,0.169006689851683,76.74
"54071",0,0,0,0,0.0932775046421929,37.45
"54073",0,0,0,0,0.0649953058337414,14.19
"54075",0,0,0,0,0.0693938994872488,17.69
"54077",0,0,0,0,0.118668433755804,54.72
"54079",0,0,0,0,0.177201744663968,78.94
"54081",0,0,0,0,0.155546302167028,72.32
"54083",0,0,0,0,0.127819741462069,59.97
"54085",0,0,0,0,0.0723237656790459,19.57
"54087",0,0,0,0,0.0859936966133146,31.24
"54089",0,0,0,0,0.0806477011044739,26.6
"54091",0,0,0,0,0.0848365435876242,30.16
"54093",0,0,0,0,0.075231635307899,21.92
"54095",0,0,0,0,0.0560837719908609,7.99
"54097",0,0,0,0,0.100711740205661,43.02
"54099",0,0,0,0,0.0932225200048925,37.42
"54101",0,0,0,0,0.0560760675831715,7.95
"54103",0,0,0,0,0.0793421595055689,25.55
"54105",0,0,0,0,0.0557675527633809,7.76
"54107",0,0,0,0,0.183174787001952,80.37
"54109",0,0,0,0,0.073281148428086,20.36
"55001",0,0,0,0,0.0925482072198568,36.78
"55003",0,0,0,0,0.114990183138374,52.37
"55005",0,0,0,0,0.150776582640207,70.47
"55007",0,0,0,0,0.12277712528846,57.08
"55009",5.83382920881608e-06,0.0870403343521903,1,0,0.259931019467322,93.38
"55011",0,0,0,0,0.0910188947202017,35.54
"55013",0,0,0,0,0.09546564530077,39.01
"55015",0,0,0,0,0.120174543450708,55.62
"55017",0,0,0,0,0.193692029006934,82.98
"55019",0,0,0,0,0.122178584093762,56.79
"55021",0.000121728545343883,1.81618160348708,1,1,0.184438161227078,80.72
"55023",0,0,0,0,0.0910529427800437,35.6
"55025",6.03128730288371e-05,0.899863956633819,1,0,0.2661490984831,94.05
"55027",0,0,0,0,0.136063485698396,64.37
"55029",0,0,0,0,0.181410673844183,79.96
"55031",0,0,0,0,0.158275960589174,73.46
"55033",0,0,0,0,0.125623116152876,58.92
"55035",0,0,0,0,0.210587538302811,86.38
"55037",0,0,0,0,0.0763878444237912,22.84
"55039",0,0,0,0,0.202105720759112,84.76
"55041",0,0,0,0,0.0818599161570226,27.78
"55043",0,0,0,0,0.13158441239795,61.88
"55045",0,0,0,0,0.118878989282052,54.76
"55047",0,0,0,0,0.118026716813645,54.37
"55049",0,0,0,0,0.104134423294268,45.15
"55051",0,0,0,0,0.09078469427184,35.28
"55053",0,0,0,0,0.0679786990808599,16.7
"55055",0,0,0,0,0.18828120891043,81.77
"55057",0,0,0,0,0.10314676902925,44.58
"55059",2.45119066586594e-05,0.365715977415865,1,0,0.211316495920231,86.48
"55061",0,0,0,0,0.0865956561428439,32.04
"55063",0,0,0,0,0.208523895610682,86.06
"55065",0,0,0,0,0.0900181864835603,34.74
"55067",0,0,0,0,0.113456821094382,51.22
"55069",0,0,0,0,0.122809317616672,57.11
"55071",0,0,0,0,0.18012150126162,79.45
"55073",0,0,0,0,0.221913092483037,88.07
"55075",0,0,0,0,0.117105329016599,53.55
"55077",0,0,0,0,0.0830198841087514,28.89
"55078",0,0,0,0,0.0671192429655721,16.04
"55079",8.68559869831827e-05,1.29588540852055,1,1,0.325689462870359,98.44
"55081",0,0,0,0,0.109055557840961,48.52
"55083",0,0,0,0,0.114126158850453,51.61
"55085",0,0,0,0,0.172763195053749,77.6
"55087",0,0,0,0,0.27446383781038,94.94
"55089",0,0,0,0,0.236723692749512,90.58
"55091",0,0,0,0,0.0839599632747149,29.49
"55093",0,0,0,0,0.155156571820576,72.1
"55095",0,0,0,0,0.157665380772165,73.31
"55097",5.2682875431341e-05,0.786024912290723,1,0,0.175157188582412,78.43
"55099",0,0,0,0,0.0841634737166937,29.69
"55101",0,0,0,0,0.237624272315116,90.65
"55103",0,0,0,0,0.0863032754132952,31.53
"55105",0,0,0,0,0.217749157093229,87.37
"55107",0,0,0,0,0.0926447721435574,36.88
"55109",0,0,0,0,0.231957431105432,89.82
"55111",0.000174398325776073,2.60201113928259,1,1,0.185089365533253,80.81
"55113",0,0,0,0,0.132628807627993,62.39
"55115",0,0,0,0,0.139973591032507,66.34
"55117",0,0,0,0,0.171645739867326,77.41
"55119",0,0,0,0,0.0981003571961847,41.04
"55121",0,0,0,0,0.109443274391594,48.78
"55123",0,0,0,0,0.137565965095897,65.26
"55125",0,0,0,0,0.151424716841664,70.76
"55127",5.89390962671906e-05,0.879367300941828,1,0,0.22812613265114,89.12
"55129",0,0,0,0,0.124218314303364,58.1
"55131",0,0,0,0,0.22897517048434,89.28
"55133",4.08982748364069e-05,0.610199474267958,1,0,0.362921985782705,99.33
"55135",0,0,0,0,0.131813093248225,61.98
"55137",0,0,0,0,0.102836992849921,44.32
"55139",0,0,0,0,0.194940792723491,83.46
"55141",0,0,0,0,0.146778379800583,69.14
"56001",0,0,0,0,0.12352961601187,57.59
"56003",0,0,0,0,0.0935600041118078,37.51
"56005",0,0,0,0,0.126551489155713,59.27
"56007",0,0,0,0,0.0887828807052323,33.82
"56009",0,0,0,0,0.0974228419174743,40.47
"56011",0,0,0,0,0.0873639231701041,32.58
"56013",0,0,0,0,0.157786511895528,73.37
"56015",0,0,0,0,0.110042941119793,49.13
"56017",0,0,0,0,0.083745156559158,29.43
"56019",0,0,0,0,0.135202459627623,63.95
"56021",0,0,0,0,0.186707206219795,81.42
"56023",0,0,0,0,0.136111853863753,64.46
"56025",0,0,0,0,0.254084260934527,92.75
"56027",0,0,0,0,0.0600679052340482,10.34
"56029",0,0,0,0,0.183612750900937,80.5
"56031",0,0,0,0,0.0935840862360052,37.54
"56033",0,0,0,0,0.215250661511223,87.11
"56035",0,0,0,0,0.114156575142184,51.7
"56037",0,0,0,0,0.129546254755002,60.8
"56039",0,0,0,0,0.19733174329974,83.96
"56041",0,0,0,0,0.124475133415943,58.26
"56043",0,0,0,0,0.108127957958811,47.76
"56045",0,0,0,0,0.0813694445832599,27.24
