"county_geoid","industry_employment_share","location_quotient","industry_present","industry_comparative_advantage","industry_feasibility","industry_feasibility_percentile_score"
"01001",0,0,0,0,0.257509545674701,75.37
"01003",1.00129166624946e-05,0.0513411533185592,1,0,0.383924442110358,98.54
"01005",0,0,0,0,0.158940700125006,28.35
"01007",0,0,0,0,0.1579068992069,27.84
"01009",0,0,0,0,0.272264728960237,80.18
"01011",0,0,0,0,0.144560114894762,21.16
"01013",0,0,0,0,0.172211315271031,35.92
"01015",0.000564595809892525,2.89496068086583,1,1,0.252432952601535,73.69
"01017",0,0,0,0,0.200788473714181,50.4
"01019",0.000151148730350665,0.775013954515996,1,0,0.191696605957576,46.13
"01021",0,0,0,0,0.253078619525266,74.1
"01023",0,0,0,0,0.130789209009861,14.73
"01025",0.000529212531752752,2.71353319383882,1,1,0.19662002109123,48.52
"01027",0,0,0,0,0.1103175928317,7.32
"01029",0,0,0,0,0.142948751826773,20.59
"01031",0.00045650519908699,2.34072690376365,1,1,0.252646536088407,73.81
"01033",3.64298724954463e-05,0.186793891551105,1,0,0.266376628627468,78.33
"01035",0,0,0,0,0.13965579574305,19.03
"01037",0,0,0,0,0.129714574459566,14.35
"01039",0,0,0,0,0.229921514589831,64.75
"01041",0,0,0,0,0.143745158568072,20.87
"01043",0.000166574125485841,0.854107549652054,1,0,0.287518542222988,83.55
"01045",0.000170408554509436,0.873768555033925,1,0,0.133759313765555,16.26
"01047",0.00037642098923436,1.93009573254454,1,1,0.230869429324392,64.97
"01049",0.000110493167839122,0.566552869847648,1,0,0.244469362536936,70.92
"01051",0.000119033448399,0.610343092855354,1,0,0.253247928197043,74.13
"01053",0,0,0,0,0.212663665899367,56.67
"01055",0.000813050776332354,4.16891161391661,1,1,0.295364392286091,85.33
"01057",0,0,0,0,0.162163063717589,30.32
"01059",0.000491360248955859,2.51944590438678,1,1,0.171901563877688,35.76
"01061",0,0,0,0,0.191703745813006,46.17
"01063",0,0,0,0,0.112599311105078,8.11
"01065",0,0,0,0,0.186287590957775,43.49
"01067",0,0,0,0,0.188386592479032,44.48
"01069",0,0,0,0,0.323986940148902,91.47
"01071",0.000114226968987378,0.58569790657123,1,0,0.231052023895949,65.13
"01073",0.000243399300166765,1.2480280430476,1,1,0.333290588372454,93.06
"01075",0,0,0,0,0.160521061782383,29.27
"01077",0.00139074321317312,7.13102514891776,1,1,0.305866485250608,87.94
"01079",0.000537417707913476,2.75560517161243,1,1,0.197181958742336,48.87
"01081",0,0,0,0,0.250694964472029,72.89
"01083",0.000100994798767863,0.51785005535301,1,0,0.213810720564353,57.33
"01085",0,0,0,0,0.123654136318623,11.64
"01087",0,0,0,0,0.0967322170193439,4.23
"01089",5.54655341132844e-05,0.284399100361277,1,0,0.203704452117666,51.83
"01091",0,0,0,0,0.195000721744881,47.6
"01093",0.000173130193905817,0.887723740145053,1,0,0.169550238264256,34.58
"01095",0,0,0,0,0.253658103984579,74.29
"01097",0.000404197667629755,2.07252043777753,1,1,0.363370451104773,96.82
"01099",0,0,0,0,0.177279640478018,38.56
"01101",0.000249708111464302,1.28037642454347,1,1,0.249804606129192,72.64
"01103",1.72045970683367e-05,0.0882164393895435,1,0,0.285482600930428,83.07
"01105",0,0,0,0,0.114213390757776,8.69
"01107",0.000436490615451768,2.23810227982446,1,1,0.173707753741764,36.78
"01109",5.67214974475326e-05,0.290839042715702,1,0,0.157569914203124,27.68
"01111",0.000672268907563025,3.44705366257333,1,1,0.209755136685602,55.11
"01113",0.000364497904137051,1.86896020524069,1,1,0.223796568265894,62.14
"01115",0,0,0,0,0.298251825772324,85.91
"01117",9.08136906683888e-05,0.465646501732528,1,0,0.347419542781868,94.94
"01119",0,0,0,0,0.140305536017316,19.41
"01121",0.000715471352527045,3.66857386746453,1,1,0.208165368426164,54.18
"01123",0.000267326070975072,1.37071237668324,1,1,0.204254253278373,51.96
"01125",0.000132122503985696,0.677457124892474,1,0,0.244523520897156,70.98
"01127",0.000185313875376419,0.950195473352389,1,0,0.260880087714472,76.65
"01129",0,0,0,0,0.100707006903125,4.93
"01131",0,0,0,0,0.174131723353728,36.94
"01133",0,0,0,0,0.171497115593063,35.51
"02013",0,0,0,0,0.0539297577157815,0.41
"02016",0,0,0,0,0.0627782117210614,0.8
"02020",6.37359708436904e-05,0.326805701204935,1,0,0.318455397827318,90.3
"02050",0,0,0,0,0.0817802179034657,1.88
"02060",0,0,0,0,0.0705886096758895,1.02
"02063",0,0,0,0,0.15713853477904,27.59
"02066",0,0,0,0,0.144878766798395,21.32
"02068",0,0,0,0,0.0732294919004925,1.24
"02070",0,0,0,0,0.0729359438290261,1.18
"02090",0,0,0,0,0.23811043408086,68.28
"02100",0,0,0,0,0.161125447518053,29.81
"02105",0,0,0,0,0.0983916774200825,4.42
"02110",0,0,0,0,0.194956210360696,47.57
"02122",0,0,0,0,0.300556962093742,86.54
"02130",0,0,0,0,0.172406379946217,36.08
"02150",0,0,0,0,0.155937876511465,26.98
"02158",0,0,0,0,0.0474590329462206,0.22
"02164",0,0,0,0,0.0616202953741865,0.76
"02170",0.00016865776528461,0.8647913967243,1,0,0.320555353661135,90.77
"02180",0,0,0,0,0.100947412997817,5
"02185",0,0,0,0,0.0710804867889452,1.05
"02188",0,0,0,0,0.0531394990703791,0.38
"02195",0,0,0,0,0.14376923421185,20.9
"02198",0,0,0,0,0.102711986112612,5.38
"02220",0,0,0,0,0.176877515772719,38.4
"02230",0,0,0,0,0.114149458859735,8.65
"02240",0,0,0,0,0.128065237134566,13.52
"02275",0,0,0,0,0.0939131213669561,3.69
"02282",0,0,0,0,0.100192332522842,4.77
"02290",0,0,0,0,0.0891777392002119,2.9
"04001",0,0,0,0,0.103272822721247,5.57
"04003",6.96653739869494e-05,0.357208670302429,1,0,0.240581756536257,69.07
"04005",1.35241134943604e-05,0.0693447881187664,1,0,0.27176909177045,79.99
"04007",5.52638850511191e-05,0.283365146343069,1,0,0.187791416882846,44.32
"04009",0,0,0,0,0.193092828781989,46.68
"04011",0,0,0,0,0.0548984450488552,0.51
"04012",0,0,0,0,0.139958607209493,19.12
"04013",5.51146384479718e-05,0.282599885531185,1,0,0.392253213171222,99.05
"04015",1.55077228459773e-05,0.0795157298411672,1,0,0.349681196549877,95.29
"04017",0.000213499252752615,1.09471577947189,1,1,0.258300611442048,75.69
"04019",4.88556670353049e-05,0.250507057662372,1,0,0.29785746905387,85.68
"04021",0,0,0,0,0.272537655068228,80.24
"04023",0,0,0,0,0.20215106955377,51.1
"04025",0.000106813515470157,0.547685480574187,1,0,0.365087302037025,97.04
"04027",1.18546618457708e-05,0.0607846876068737,1,0,0.241511714709798,69.65
"05001",0,0,0,0,0.149546044442178,23.67
"05003",0,0,0,0,0.18380910975146,42.13
"05005",0.000989935654182478,5.07588746716168,1,1,0.259642576738182,76.23
"05007",3.07684733914242e-05,0.157765111107352,1,0,0.283916135975824,82.79
"05009",0,0,0,0,0.266641459323634,78.36
"05011",0,0,0,0,0.138469212764883,18.42
"05013",0,0,0,0,0.047702355001927,0.25
"05015",7.71664480283973e-05,0.395670369864791,1,0,0.205752448599654,53.07
"05017",0.000562113546936481,2.88223289661486,1,1,0.150290812803121,24.12
"05019",0,0,0,0,0.165401142671539,32.2
"05021",0.00148038490007402,7.59066221032987,1,1,0.175114727441832,37.42
"05023",0.00139523084728564,7.1540354583785,1,1,0.231494488614606,65.51
"05025",0,0,0,0,0.120267258988193,10.53
"05027",0,0,0,0,0.180281024526067,40.31
"05029",0.000379794910748196,1.9473954892054,1,1,0.207091361612906,53.71
"05031",1.61647511436561e-05,0.0828846373935604,1,0,0.310771303638022,88.74
"05033",0.000315514288289913,1.61779709102789,1,1,0.262234826886966,77.31
"05035",0.000314861460957179,1.614449723891,1,1,0.229358970710444,64.43
"05037",0,0,0,0,0.172121266582868,35.86
"05039",0,0,0,0,0.137136639444865,17.82
"05041",0,0,0,0,0.12580176631031,12.38
"05043",0,0,0,0,0.198660786712168,49.48
"05045",1.88143214614965e-05,0.0964702888577417,1,0,0.327474118815522,92.14
"05047",0,0,0,0,0.155385488520995,26.79
"05049",0,0,0,0,0.162351020097133,30.54
"05051",0.000278570931123337,1.42837031076755,1,1,0.368782150517827,97.33
"05053",0,0,0,0,0.163693624228712,31.34
"05055",5.56235398820781e-05,0.285209273727769,1,0,0.22774281856662,63.86
"05057",0,0,0,0,0.178164690043862,39.13
"05059",0,0,0,0,0.192968199425092,46.58
"05061",0,0,0,0,0.150241073524144,24.05
"05063",0,0,0,0,0.203711959263265,51.86
"05065",0,0,0,0,0.165382267272543,32.17
"05067",0.000478316326530612,2.4525632922885,1,1,0.163685277168542,31.31
"05069",0.000275520044083207,1.41272691089071,1,1,0.219962261320955,60.58
"05071",0.000322130355417159,1.65172092443181,1,1,0.157041012630108,27.52
"05073",0,0,0,0,0.132068974145212,15.53
"05075",0,0,0,0,0.184003062346421,42.38
"05077",0,0,0,0,0.127087448446327,13.17
"05079",0,0,0,0,0.117432841656428,9.7
"05081",0,0,0,0,0.137556047155456,18.04
"05083",0,0,0,0,0.188705529803378,44.7
"05085",0,0,0,0,0.277263283865975,81.48
"05087",0,0,0,0,0.185081015924628,43.08
"05089",0,0,0,0,0.175657235335528,37.83
"05091",0.000140656867571559,0.721217008661344,1,0,0.233352771797382,66.27
"05093",0.000132485426603074,0.679318007826951,1,0,0.153513753611781,25.71
"05095",0,0,0,0,0.153958834658232,25.99
"05097",0,0,0,0,0.185159956042185,43.14
"05099",0,0,0,0,0.12215961619034,11.33
"05101",0,0,0,0,0.151380766616328,24.53
"05103",0,0,0,0,0.180265397648449,40.28
"05105",0,0,0,0,0.176413107245709,38.15
"05107",0.000171438367906738,0.879048915322789,1,0,0.167700283023664,33.47
"05109",0,0,0,0,0.178738434962282,39.39
"05111",0,0,0,0,0.150578335442386,24.28
"05113",0,0,0,0,0.19221979292024,46.39
"05115",0.000232612235403582,1.19271745128584,1,1,0.291869894829604,84.54
"05117",0,0,0,0,0.138537159913819,18.45
"05119",0.000158460043955438,0.812502658896085,1,0,0.317623432471356,90.2
"05121",0,0,0,0,0.156435461506085,27.17
"05123",0.00012388503468781,0.635219564305975,1,0,0.182598031912881,41.49
"05125",9.03641675954095e-05,0.46334157562678,1,0,0.326909056110975,91.92
"05127",0,0,0,0,0.111740714168122,7.76
"05129",0,0,0,0,0.196283541388102,48.3
"05131",9.43815982849515e-05,0.483940920645904,1,0,0.313643481215498,89.34
"05133",0,0,0,0,0.169073482832825,34.36
"05135",0,0,0,0,0.218674383187282,59.88
"05137",0,0,0,0,0.21408924468124,57.52
"05139",0.00113091711993107,5.79876885048384,1,1,0.256927494389825,75.15
"05141",0,0,0,0,0.200055513790286,50.14
"05143",8.75637573608284e-05,0.448982493647497,1,0,0.33163103250738,92.84
"05145",0,0,0,0,0.279672596214793,82.02
"05147",0,0,0,0,0.0911821038086259,3.18
"05149",0,0,0,0,0.153426309490714,25.64
"06001",0.000309669866966733,1.58782986556045,1,1,0.330014180632464,92.62
"06003",0,0,0,0,0.144448413967228,21.13
"06005",0,0,0,0,0.215318128946053,58.1
"06007",2.24240385693463e-05,0.114979085616724,1,0,0.326067820184063,91.7
"06009",8.09126952018772e-05,0.414879223487161,1,0,0.283257368251371,82.6
"06011",9.68523002421307e-05,0.496609425963954,1,0,0.118225613262922,9.99
"06013",0.000332658075676271,1.70570172923992,1,1,0.360530201327581,96.6
"06015",0,0,0,0,0.16836284660999,33.98
"06017",0,0,0,0,0.311732618680453,88.9
"06019",0.000178785144426846,0.916719455529016,1,0,0.299623576807611,86.26
"06021",0,0,0,0,0.184638725588417,42.79
"06023",0.000335987635655008,1.72277402247012,1,1,0.293429834050437,84.89
"06025",1.33859848738371e-05,0.0686365346774356,1,0,0.177722622366708,38.75
"06027",0,0,0,0,0.185988073649362,43.4
"06029",0.000213702721491285,1.0957590638674,1,1,0.247791477699786,72.1
"06031",0,0,0,0,0.134622700509275,16.67
"06033",0.000150859901438198,0.773532986484637,1,0,0.216621815720913,58.8
"06035",0,0,0,0,0.142381391488616,20.17
"06037",0.000269142575328991,1.3800264888128,1,1,0.348953759000352,95.1
"06039",0,0,0,0,0.21198626360263,56.35
"06041",0.000150214431100396,0.770223342282783,1,0,0.303962071575051,87.34
"06043",0,0,0,0,0.141339653180691,19.85
"06045",5.34116704499933e-05,0.273867930195104,1,0,0.273442173836031,80.46
"06047",2.09288210795086e-05,0.10731236941625,1,0,0.218747054300327,59.94
"06049",0,0,0,0,0.150263973949631,24.09
"06051",0,0,0,0,0.145818580185678,21.7
"06053",0.000172045667096046,0.882162837253778,1,0,0.178090244849794,39.07
"06055",0.000808879701613266,4.1475244603155,1,1,0.216960720303374,58.96
"06057",0,0,0,0,0.361729222562543,96.66
"06059",0.000206527787963366,1.05896964728441,1,1,0.385634287897014,98.63
"06061",9.45657775907477e-06,0.0484885298622444,1,0,0.326339599099317,91.85
"06063",0,0,0,0,0.196734449347923,48.58
"06065",0.000233621813009101,1.19789405270769,1,1,0.386474400588863,98.73
"06067",0.000324715966482372,1.66497862531916,1,1,0.287256529710835,83.46
"06069",9.54244000190849e-05,0.489287878532166,1,0,0.231034772321222,65.1
"06071",0.000289659468438538,1.48522670072541,1,1,0.363416418059844,96.85
"06073",0.000278450316468434,1.42775186005049,1,1,0.335119756886579,93.35
"06075",3.94374941161803e-05,0.202215448322142,1,0,0.2024268456104,51.19
"06077",0.000296920465946348,1.52245740970459,1,1,0.313451637474639,89.31
"06079",7.10792675992267e-05,0.364458398945029,1,0,0.338351296069453,93.83
"06081",0.000694216788476001,3.55959125346244,1,1,0.207243081539009,53.8
"06083",6.07580170203458e-05,0.311536265837255,1,0,0.245771071972314,71.49
"06085",0.000296078665823981,1.51814108603959,1,1,0.169168975237489,34.43
"06087",8.23295983138898e-05,0.422144383316551,1,0,0.323899189649373,91.41
"06089",6.27305347150779e-05,0.321650335174129,1,0,0.362964821382208,96.79
"06091",0,0,0,0,0.167988942803729,33.76
"06093",0.00273489728941291,14.023164855871,1,1,0.238552691500363,68.44
"06095",0.000100831563838242,0.51701306950452,1,0,0.354611009865724,95.96
"06097",0.0001225365919616,0.628305434579222,1,0,0.384646913677486,98.57
"06099",0.000270557890369943,1.38728350582001,1,1,0.35480490830017,95.99
"06101",0,0,0,0,0.280905556508916,82.25
"06103",0,0,0,0,0.209191613653198,54.85
"06105",0.000847457627118644,4.3453324771846,1,1,0.198988671139632,49.6
"06107",1.02841510947479e-05,0.0527319057876922,1,0,0.238575877818007,68.47
"06109",0.000240453977108781,1.23292592167881,1,1,0.269054303859477,79.26
"06111",0.000132108266610024,0.677384122858018,1,0,0.367293704141736,97.2
"06113",2.41586741719614e-05,0.123873416352471,1,0,0.24177140797109,69.77
"06115",0.000420654117152172,2.15690075636884,1,1,0.170888809292553,35.16
"08001",0.000225341231006953,1.15543543206106,1,1,0.348756424245886,95.07
"08003",0,0,0,0,0.212726855192761,56.7
"08005",6.8548769813231e-05,0.351483290973771,1,0,0.327268299514775,92.01
"08007",0,0,0,0,0.244731004185006,71.05
"08009",0.013557133634603,69.514098634367,1,1,0.137225664369151,17.88
"08011",0,0,0,0,0.0927761342851828,3.47
"08013",0.000218983097242182,1.12283414999309,1,1,0.28515277231665,83.01
"08014",0.000479407278274134,2.45815713897826,1,1,0.22131333393355,60.96
"08015",0.00018644541810385,0.955997450000527,1,0,0.267539204302662,78.56
"08017",0,0,0,0,0.135964647347821,17.31
"08019",0,0,0,0,0.153658538018977,25.84
"08021",0,0,0,0,0.158672913120546,28.16
"08023",0,0,0,0,0.116451003172914,9.42
"08025",0,0,0,0,0.0725878575481982,1.11
"08027",0,0,0,0,0.197348448974495,49
"08029",0,0,0,0,0.289253197122595,83.96
"08031",0.00014851237414787,0.761496058325265,1,0,0.306860338223298,88.16
"08033",0,0,0,0,0.205556904941606,52.85
"08035",0.000142761119009238,0.732006541753867,1,0,0.298539237646119,86.03
"08037",0,0,0,0,0.236694702567845,67.77
"08039",0,0,0,0,0.267961335053466,78.78
"08041",0.000156556168313032,0.80274055115555,1,0,0.287539688238103,83.58
"08043",0,0,0,0,0.24098083837785,69.36
"08045",0,0,0,0,0.305022344324441,87.66
"08047",0,0,0,0,0.0491436766436908,0.29
"08049",0,0,0,0,0.208074646278665,54.15
"08051",0,0,0,0,0.241152331835766,69.39
"08053",0,0,0,0,0.125609419072665,12.28
"08055",0,0,0,0,0.142435713671778,20.24
"08057",0,0,0,0,0.140436666220784,19.44
"08059",0.00044626122346977,2.28820099742857,1,1,0.36943248205956,97.42
"08061",0,0,0,0,0.132699429094556,15.75
"08063",0,0,0,0,0.168500978406056,34.11
"08065",0,0,0,0,0.142475600633257,20.33
"08067",6.43190223508603e-05,0.329795293331907,1,0,0.350161230277705,95.32
"08069",0.000105245748823503,0.539646769129088,1,0,0.35270120261127,95.61
"08071",0.000178826895565093,0.916933534169855,1,0,0.178447529503414,39.23
"08073",0,0,0,0,0.135493883835763,17.12
"08075",0,0,0,0,0.205590842966861,52.88
"08077",0.000464517499037785,2.38180991025156,1,1,0.409798200480729,99.68
"08079",0,0,0,0,0.101020271651213,5.03
"08081",0,0,0,0,0.212472020280694,56.54
"08083",0,0,0,0,0.309891973396398,88.61
"08085",0,0,0,0,0.354232541084218,95.8
"08087",0,0,0,0,0.181785018995632,40.85
"08089",0,0,0,0,0.201892405394949,50.97
"08091",0.00259355316783994,13.2984239575935,1,1,0.199109786622598,49.76
"08093",0.000243605359317905,1.24908460976317,1,1,0.257112453970486,75.28
"08095",0,0,0,0,0.114089176251194,8.62
"08097",0,0,0,0,0.165556429415654,32.23
"08099",0,0,0,0,0.162018698296618,30.29
"08101",0.000282449971048878,1.44826005820668,1,1,0.315440650376418,89.69
"08103",0.00149342891278375,7.65754528536115,1,1,0.117315894360352,9.67
"08105",0.000186706497386109,0.957336132016025,1,0,0.186821446475377,43.72
"08107",0.000106145844390192,0.544262002237324,1,0,0.279735228969292,82.06
"08109",0,0,0,0,0.131793663846362,15.3
"08111",0,0,0,0,0.149846517625603,23.89
"08113",0,0,0,0,0.183439012159887,41.81
"08115",0,0,0,0,0.126954270536125,13.14
"08117",0,0,0,0,0.212217802715167,56.41
"08119",0,0,0,0,0.210421923845019,55.52
"08121",0,0,0,0,0.149720638690716,23.8
"08123",0.000165079273938289,0.846442709817839,1,0,0.359587335295631,96.5
"08125",0.000193610842207164,0.992738107081864,1,0,0.150111189385812,23.99
"09110",0.000157791756958616,0.809076022450269,1,0,0.284681211468891,82.88
"09120",0.000387591007888617,1.98736991744288,1,1,0.34917064193987,95.13
"09130",0.000311231879720849,1.59583907396573,1,1,0.31142610137106,88.83
"09140",0.000520250350774858,2.66757967967663,1,1,0.353240676798704,95.74
"09150",0.000181345584235024,0.929848090989149,1,0,0.316929316466096,90.04
"09160",0.000291336112231635,1.49382367890305,1,1,0.33360238947168,93.1
"09170",0.000534403837528509,2.74015157435076,1,1,0.307118928338861,88.2
"09180",0.000104947211552589,0.538116021564325,1,0,0.24189188959955,69.87
"09190",0.000135484194001585,0.694694164641512,1,0,0.329248494569055,92.43
"10001",7.29368002625725e-05,0.373982883416201,1,0,0.256798253682254,75.12
"10003",0.000127310920548892,0.652785767758415,1,0,0.263615738430445,77.76
"10005",0.00010466421815829,0.536664975107577,1,0,0.329522563258931,92.49
"11001",4.56106526761126e-05,0.233868271447337,1,0,0.124457318794023,11.93
"12001",0.000263599483087843,1.3516043259002,1,1,0.220199063368985,60.61
"12003",0,0,0,0,0.16337448496334,30.96
"12005",0.000214636030950516,1.10054460095466,1,1,0.337788722994112,93.7
"12007",0,0,0,0,0.190865803323738,45.91
"12009",5.62419152246864e-05,0.288379988549774,1,0,0.328773225377994,92.33
"12011",7.62978260206106e-05,0.391216517188209,1,0,0.398380646332868,99.24
"12013",0,0,0,0,0.156531743573905,27.24
"12015",0.000160377207191314,0.822332898670125,1,0,0.340268242096238,94.02
"12017",5.03651473180559e-05,0.258246906224016,1,0,0.319270515361,90.55
"12019",3.08076218056347e-05,0.157965844300677,1,0,0.341510018066786,94.18
"12021",8.72927439190334e-05,0.447592874305243,1,0,0.343983584978987,94.46
"12023",0.000112262844740486,0.575626874573719,1,0,0.278013556111694,81.74
"12027",0,0,0,0,0.196818561710477,48.62
"12029",0,0,0,0,0.16254291490294,30.61
"12031",8.73896705409421e-05,0.448089864814981,1,0,0.343931900919754,94.43
"12033",0.000122357657258722,0.627387948263887,1,0,0.307369864626138,88.26
"12035",0.00079403860249206,4.07142683850548,1,1,0.306386363464668,88.1
"12037",0,0,0,0,0.189099844709792,44.96
"12039",0,0,0,0,0.153039103209561,25.36
"12041",0,0,0,0,0.16383833946634,31.53
"12043",0,0,0,0,0.147461235315728,22.72
"12045",0.000585251658213032,3.00087338455589,1,1,0.200929259138536,50.49
"12047",0,0,0,0,0.126932664137835,13.11
"12049",0,0,0,0,0.169488109862967,34.49
"12051",0,0,0,0,0.216042883876194,58.64
"12053",0.00013986013986014,0.717131793437458,1,0,0.315361806908881,89.66
"12055",0.000151469251741896,0.776657425488917,1,0,0.318100333151591,90.26
"12057",2.63285922788541e-05,0.134999654787271,1,0,0.359140763072162,96.44
"12059",0,0,0,0,0.184129860462051,42.48
"12061",0,0,0,0,0.347457258618918,94.97
"12063",0.000120271814300319,0.616692804507526,1,0,0.204947006932615,52.31
"12065",0,0,0,0,0.182727999973737,41.58
"12067",0,0,0,0,0.118186394352435,9.96
"12069",8.98627346727873e-05,0.460770482165497,1,0,0.367112685291574,97.14
"12071",0.000134477688657255,0.689533316215327,1,0,0.370360214229393,97.52
"12073",0,0,0,0,0.235993689309433,67.55
"12075",0,0,0,0,0.259462707309524,76.14
"12077",0,0,0,0,0.0811651129229971,1.85
"12079",0,0,0,0,0.16961859677345,34.65
"12081",4.34528908587533e-05,0.222804364293796,1,0,0.369833517100732,97.45
"12083",7.45339763131023e-05,0.382172391353897,1,0,0.397122260105851,99.2
"12085",0.000279349116558419,1.43236045061187,1,1,0.341422848259951,94.15
"12086",0.000145450857626295,0.745798155863916,1,0,0.383809029969111,98.5
"12087",3.67890515782503e-05,0.188635579540793,1,0,0.232785212146448,66.15
"12089",0,0,0,0,0.319046475539943,90.42
"12091",1.6643227454668e-05,0.0853380210050484,1,0,0.225582913564801,62.87
"12093",0,0,0,0,0.248880170987233,72.26
"12095",4.23816564485135e-05,0.217311618079075,1,0,0.287591498692576,83.61
"12097",0.000183820826164321,0.94253987497938,1,0,0.313331789091725,89.25
"12099",0.000123701943422637,0.634280765249381,1,0,0.357345010212158,96.21
"12101",0.000180070947953494,0.923312403240886,1,0,0.383800911553433,98.47
"12103",0.000392835334825972,2.01426016355388,1,1,0.398479551144517,99.3
"12105",0.00018170411028411,0.93168643055346,1,0,0.353091550787978,95.7
"12107",0.000151929504709815,0.779017369048591,1,0,0.253304910358501,74.16
"12109",3.52211890673429e-05,0.180596376552474,1,0,0.316122198834731,89.82
"12111",0.000209440033510405,1.07390216396977,1,1,0.37051379759993,97.61
"12113",5.87854917406384e-05,0.301422157608479,1,0,0.332794054280178,92.97
"12115",6.1667488899852e-05,0.316199575917478,1,0,0.361923302470228,96.72
"12117",6.31119226836873e-05,0.323605899055288,1,0,0.372138187777696,97.74
"12119",0,0,0,0,0.251493636031808,73.21
"12121",0,0,0,0,0.221942715998446,61.25
"12123",0,0,0,0,0.170969951810413,35.28
"12125",0,0,0,0,0.108896840656603,6.84
"12127",0.000108645334391444,0.557078118030355,1,0,0.383054503172014,98.41
"12129",0,0,0,0,0.206782428735908,53.52
"12131",0,0,0,0,0.302687181171145,86.99
"12133",0,0,0,0,0.182660033546869,41.55
"13001",0,0,0,0,0.166074265699059,32.52
"13003",0,0,0,0,0.127959020056631,13.46
"13005",0,0,0,0,0.145919793420142,21.83
"13007",0,0,0,0,0.110677352189085,7.48
"13009",0,0,0,0,0.205867675331307,53.13
"13011",0,0,0,0,0.163526833284733,31.18
"13013",0,0,0,0,0.289941763726536,84.12
"13015",0.000136676038737894,0.700805339377242,1,0,0.280281865552076,82.18
"13017",0,0,0,0,0.131634675609485,15.24
"13019",0,0,0,0,0.14914023513338,23.35
"13021",0.000576603466404369,2.95652984744846,1,1,0.292084416384382,84.6
"13023",0,0,0,0,0.141181960654036,19.73
"13025",0,0,0,0,0.14241154883736,20.2
"13027",0,0,0,0,0.147764652177103,22.78
"13029",0,0,0,0,0.225566659598069,62.81
"13031",0.000247302853256669,1.26804348154882,1,1,0.279481109381374,81.96
"13033",0.000107112253641817,0.54921725825598,1,0,0.161880133341213,30.16
"13035",0,0,0,0,0.171803086730249,35.7
"13037",0,0,0,0,0.08965570031902,3.02
"13039",0,0,0,0,0.167665873837154,33.41
"13043",0.000294811320754717,1.51164278392625,1,1,0.168966609241488,34.3
"13045",0.000189984041340527,0.974141713480855,1,0,0.232430349130821,65.96
"13047",0.000960614793467819,4.92554497894124,1,1,0.269676458256446,79.45
"13049",0,0,0,0,0.132266961029956,15.59
"13051",4.21983215617599e-05,0.216371569854693,1,0,0.286298233159631,83.23
"13053",0,0,0,0,0.0261580524381929,0.1
"13055",0,0,0,0,0.150202400859495,24.02
"13057",9.23979580051281e-05,0.473769820339362,1,0,0.349175114955359,95.16
"13059",0.000166791760487032,0.855223471449892,1,0,0.201049662914788,50.59
"13061",0,0,0,0,0.10660420364997,6.43
"13063",0.000109935412944895,0.563692985909339,1,0,0.208732199142303,54.66
"13065",0,0,0,0,0.134396749953552,16.51
"13067",0.000291979668871697,1.49712351063443,1,1,0.35340132414761,95.77
"13069",0,0,0,0,0.198713500565201,49.51
"13071",0,0,0,0,0.200422783791683,50.27
"13073",0.000131388779398239,0.673694957703039,1,0,0.291290642056808,84.38
"13075",0,0,0,0,0.157612358117981,27.71
"13077",8.88320363856021e-05,0.455485584610545,1,0,0.281672733070188,82.41
"13079",0,0,0,0,0.131477495447934,15.14
"13081",0,0,0,0,0.191784642073172,46.2
"13083",0,0,0,0,0.130013711912994,14.38
"13085",0,0,0,0,0.20882412540317,54.72
"13087",0,0,0,0,0.202824475954422,51.48
"13089",0.000340813389177907,1.74751803661186,1,1,0.285846696867484,83.14
"13091",0,0,0,0,0.174182775664501,36.97
"13093",0,0,0,0,0.121569655196825,11.07
"13095",0.000176070115032475,0.902798163152446,1,0,0.245483303976175,71.33
"13097",0.000121207923535116,0.62149269742251,1,0,0.273222272883158,80.4
"13099",0,0,0,0,0.131985457849135,15.49
"13101",0,0,0,0,0.105095740083239,6.01
"13103",0,0,0,0,0.219165791431685,60.1
"13105",0.000143657520471197,0.736602833368457,1,0,0.169542890269718,34.55
"13107",0,0,0,0,0.175618476840679,37.77
"13109",0,0,0,0,0.144184313150216,20.97
"13111",0,0,0,0,0.25231146243717,73.62
"13113",0.000557854957710995,2.86039701305403,1,1,0.346185837558455,94.72
"13115",0.000240091234669174,1.23106596260447,1,1,0.218811926224694,59.97
"13117",6.93144797948291e-05,0.35540946302612,1,0,0.339041189921464,93.95
"13119",0.000416840350145894,2.13734569532215,1,1,0.19227979235873,46.45
"13121",0.00011379009520438,0.583457839602752,1,0,0.254155413297347,74.39
"13123",0,0,0,0,0.239851464906021,68.88
"13125",0,0,0,0,0.112976066603438,8.24
"13127",0,0,0,0,0.270228934384511,79.67
"13129",0,0,0,0,0.155366954199277,26.73
"13131",0,0,0,0,0.182009644594705,41.04
"13133",0.000120206755619666,0.616359216621929,1,0,0.179283630605109,39.52
"13135",0.000138587436378308,0.710606016104811,1,0,0.442834948239599,99.9
"13137",0.000232666356444858,1.1929949565095,1,1,0.224667195076044,62.58
"13139",4.40466542161457e-05,0.225848881350551,1,0,0.263003051920996,77.47
"13141",0,0,0,0,0.156135936345792,27.01
"13143",0,0,0,0,0.181913384727105,40.98
"13145",0,0,0,0,0.171504254980635,35.54
"13147",0,0,0,0,0.172394757648495,36.02
"13149",0,0,0,0,0.142279509268917,20.14
"13151",0,0,0,0,0.237272664184951,67.96
"13153",0.0003276754702143,1.68015345798474,1,1,0.189538174617051,45.28
"13155",0,0,0,0,0.121482195149624,10.94
"13157",1.99485327854136e-05,0.102285948713875,1,0,0.171266446790712,35.41
"13159",0,0,0,0,0.184787198423961,42.89
"13161",0,0,0,0,0.1517756461692,24.82
"13163",0,0,0,0,0.159245733246205,28.51
"13165",0,0,0,0,0.126391301012286,12.85
"13167",0,0,0,0,0.146882436895022,22.4
"13169",0.000571646341463415,2.93111222736919,1,1,0.197931831973509,49.25
"13171",0,0,0,0,0.163829880691081,31.5
"13173",0,0,0,0,0.141316272401802,19.82
"13175",0,0,0,0,0.242875829001424,70.28
"13177",0.000223239200803661,1.1446572883308,1,1,0.229921249588635,64.72
"13179",0,0,0,0,0.0876463570096332,2.58
"13181",0,0,0,0,0.177880327166565,38.91
"13183",0,0,0,0,0.15199519060013,24.91
"13185",0.000259306678767645,1.32959300470391,1,1,0.275436827088865,80.97
"13187",0,0,0,0,0.207213206143767,53.77
"13189",0.000350713116670563,1.79827881333101,1,1,0.196593573121921,48.46
"13191",0,0,0,0,0.171539026740129,35.57
"13193",0,0,0,0,0.143532373457912,20.74
"13195",0,0,0,0,0.212940115911806,56.86
"13197",0,0,0,0,0.105075607366849,5.98
"13199",0.00069072699015714,3.54169733937339,1,1,0.183234985990097,41.74
"13201",0,0,0,0,0.115379857660811,9.23
"13205",0,0,0,0,0.155379432382761,26.76
"13207",0,0,0,0,0.186897157533077,43.84
"13209",0,0,0,0,0.145822478139385,21.73
"13211",0,0,0,0,0.207277406502766,53.83
"13213",0,0,0,0,0.157913879653103,27.87
"13215",0.00033581905279273,1.72190961513799,1,1,0.261236288845921,76.87
"13217",0.000359766152001199,1.8446981824894,1,1,0.267638519565457,78.65
"13219",0,0,0,0,0.257711831751512,75.47
"13221",0,0,0,0,0.152173734832853,25.07
"13223",5.4159445407279e-05,0.277702140547976,1,0,0.328759328449773,92.3
"13225",0.000157430730478589,0.807224861945502,1,0,0.159907513993307,28.86
"13227",0,0,0,0,0.25917094416035,76.01
"13229",0,0,0,0,0.189486394496908,45.21
"13231",0,0,0,0,0.205477224433597,52.72
"13233",0.000548976550858756,2.81487305007802,1,1,0.21180101734684,56.22
"13235",0,0,0,0,0.130260963065131,14.51
"13237",0,0,0,0,0.218538400975994,59.78
"13239",0,0,0,0,0.0854368193836641,2.13
"13241",0,0,0,0,0.208553203762238,54.44
"13243",0,0,0,0,0.136460505977379,17.47
"13245",0.000238042339797505,1.22056026987919,1,1,0.228245096548269,64.05
"13247",0.000249053596333931,1.27702040323716,1,1,0.30343134642129,87.21
"13249",0,0,0,0,0.134784026219751,16.77
"13251",0,0,0,0,0.155365946656351,26.69
"13253",0,0,0,0,0.121564979850725,11.04
"13255",0.000151291652483074,0.775746786652722,1,0,0.224337228825131,62.39
"13257",0.00060618306728632,3.10819902389038,1,1,0.20287355547056,51.51
"13259",0,0,0,0,0.061206017580088,0.73
"13261",0,0,0,0,0.202458624197631,51.26
"13263",0,0,0,0,0.120087900631339,10.47
"13265",0,0,0,0,0.0579243914419566,0.6
"13267",0,0,0,0,0.134235978781709,16.39
"13269",0,0,0,0,0.151145267153009,24.44
"13271",0,0,0,0,0.146979314354091,22.43
"13273",0,0,0,0,0.154020774635511,26.09
"13275",8.39877377902826e-05,0.430646480752348,1,0,0.239927589434982,68.92
"13277",8.13702754383824e-05,0.417225462637034,1,0,0.20772964685777,54.06
"13279",0.000142928607160723,0.732865335964815,1,0,0.188523441058697,44.54
"13281",0,0,0,0,0.159252223028722,28.54
"13283",0,0,0,0,0.146393555979846,22.08
"13285",2.19053251845524e-05,0.112319386718316,1,0,0.160705555274814,29.49
"13287",0,0,0,0,0.165250617702921,32.07
"13289",0,0,0,0,0.117811590176504,9.83
"13291",0,0,0,0,0.231321542517109,65.38
"13293",0,0,0,0,0.185645761908978,43.33
"13295",0.000330051157929479,1.69233477850635,1,1,0.17674125153341,38.31
"13297",6.38345408700648e-05,0.327311118258455,1,0,0.291399319758915,84.47
"13299",0.000122122488856323,0.626182124085953,1,0,0.217502485971503,59.21
"13301",0,0,0,0,0.148585730174263,23.07
"13303",0,0,0,0,0.165822432268457,32.39
"13305",0,0,0,0,0.210514139504027,55.58
"13307",0,0,0,0,0.114393393909208,8.78
"13309",0,0,0,0,0.118865204318099,10.21
"13311",0,0,0,0,0.246016989191644,71.62
"13313",0.000368489353861929,1.88942633306295,1,1,0.217725719887112,59.34
"13315",0,0,0,0,0.124179342498588,11.8
"13317",0,0,0,0,0.165188072179989,32.01
"13319",0,0,0,0,0.110008522699695,7.16
"13321",0,0,0,0,0.197064088762469,48.81
"15001",7.96368559369276e-05,0.408337367450651,1,0,0.283787068422315,82.69
"15003",6.40011703071142e-05,0.328165509417725,1,0,0.261406006478036,76.93
"15007",0.00010406368697643,0.533585756082817,1,0,0.220359948336448,60.64
"15009",0.000140559661719747,0.720718586402422,1,0,0.284774525763448,82.91
"16001",5.28329329425768e-05,0.270900458068748,1,0,0.424993006571273,99.84
"16003",0,0,0,0,0.163305849743666,30.93
"16005",2.3448308204563e-05,0.12023102030806,1,0,0.341634765072783,94.21
"16007",0,0,0,0,0.187308820233106,44
"16009",0,0,0,0,0.182325293853343,41.23
"16011",0,0,0,0,0.249626764206077,72.54
"16013",0,0,0,0,0.264363667126786,77.89
"16015",0,0,0,0,0.17976899918172,39.9
"16017",0,0,0,0,0.34711566030533,94.85
"16019",0,0,0,0,0.405949664238484,99.49
"16021",0.000198886237072395,1.01978765375454,1,1,0.215559198602115,58.35
"16023",0,0,0,0,0.0283585773039225,0.13
"16025",0,0,0,0,0.156900866938695,27.39
"16027",1.94529821421624e-05,0.0997450165949078,1,0,0.390767502352043,98.98
"16029",0,0,0,0,0.153432270301912,25.68
"16031",0,0,0,0,0.20683823258213,53.58
"16033",0,0,0,0,0.0872397802046436,2.42
"16035",0,0,0,0,0.1835452665898,41.97
"16037",0,0,0,0,0.166552592335506,32.9
"16039",0,0,0,0,0.157716693950037,27.81
"16041",0,0,0,0,0.229602627277643,64.49
"16043",0,0,0,0,0.212649193732668,56.63
"16045",0,0,0,0,0.271732257691629,79.96
"16047",0,0,0,0,0.136512276248352,17.56
"16049",0,0,0,0,0.249784918657183,72.61
"16051",0,0,0,0,0.229834166195607,64.65
"16053",0.000142399430402278,0.730151986198338,1,0,0.167740468271876,33.57
"16055",4.8708019775456e-05,0.249749997470974,1,0,0.413189968325739,99.71
"16057",0,0,0,0,0.243877256026048,70.7
"16059",0,0,0,0,0.224420139188019,62.42
"16061",0.000566251415628539,2.90344978656729,1,1,0.144302680687955,21.06
"16063",0,0,0,0,0.121513910877385,10.98
"16065",0,0,0,0,0.198783253471978,49.54
"16067",0,0,0,0,0.182605339437808,41.52
"16069",0,0,0,0,0.25221803157725,73.56
"16071",0,0,0,0,0.133407966455907,16.07
"16073",0,0,0,0,0.143620135494658,20.81
"16075",0,0,0,0,0.223180879383354,61.72
"16077",0,0,0,0,0.0927770290571171,3.5
"16079",0.000185804533630621,0.952711319784063,1,0,0.172762524265673,36.3
"16081",0,0,0,0,0.243700351742761,70.54
"16083",0.000104843782763682,0.53758569124322,1,0,0.349279483447787,95.23
"16085",0.000627254194762427,3.21624106826271,1,1,0.219843849295545,60.52
"16087",0,0,0,0,0.189194177282266,45.08
"17001",0.000495323562833251,2.53976776586705,1,1,0.27479056992542,80.78
"17003",0,0,0,0,0.0870797261357054,2.39
"17005",0,0,0,0,0.151398246862344,24.59
"17007",0.00022583559168925,1.15797026266437,1,1,0.224483451627002,62.52
"17009",0.000415973377703827,2.13290030078113,1,1,0.0765168318836618,1.62
"17011",8.65351332641052e-05,0.443708231488216,1,0,0.198655893252688,49.44
"17013",0,0,0,0,0.134606227627411,16.64
"17015",0,0,0,0,0.170489382264772,34.97
"17017",0.00051948051948052,2.66363237562485,1,1,0.129124278364459,14.09
"17019",2.71877039077793e-05,0.139404743069251,1,0,0.18916062463511,45.05
"17021",0.00018896447467876,0.968913893249779,1,0,0.202648197482803,51.38
"17023",0.000203376042302217,1.04280909560257,1,1,0.158862117303762,28.32
"17025",0,0,0,0,0.141219833157268,19.76
"17027",0,0,0,0,0.224444847558035,62.46
"17029",0.000565610859728507,2.90016534110737,1,1,0.182853005487102,41.65
"17031",0.000190352215166516,0.976029521947169,1,0,0.358201997836032,96.28
"17033",0,0,0,0,0.1707678604498,35.09
"17035",0,0,0,0,0.122808793480087,11.39
"17037",7.42684557112442e-05,0.38081093650625,1,0,0.251038778705417,73.08
"17039",0,0,0,0,0.144823743760328,21.29
"17041",0,0,0,0,0.195137706080244,47.69
"17043",0.000133195249269671,0.682957618100676,1,0,0.382407031216456,98.35
"17045",0.00036607687614399,1.87705637208462,1,1,0.113843029710038,8.53
"17047",0.000891662951404369,4.57199493809882,1,1,0.133493706046404,16.1
"17049",7.89702282239596e-05,0.404919238970057,1,0,0.250201971285682,72.7
"17051",0,0,0,0,0.229039944380543,64.3
"17053",0,0,0,0,0.133263753209166,15.94
"17055",0,0,0,0,0.214427092448928,57.65
"17057",0.000205867215645908,1.0555825677978,1,1,0.225584986129541,62.9
"17059",0,0,0,0,0.115409801728236,9.26
"17061",0,0,0,0,0.131618989593949,15.18
"17063",0.000334140840364214,1.71330459379428,1,1,0.211709464032031,56.19
"17065",0,0,0,0,0.153151187850226,25.49
"17067",0,0,0,0,0.180894608450189,40.47
"17069",0,0,0,0,0.0778620576638163,1.65
"17071",0,0,0,0,0.134902638634837,16.89
"17073",0,0,0,0,0.212809760331538,56.76
"17075",0,0,0,0,0.18197381020909,41.01
"17077",0.000143056399985694,0.733520592693799,1,0,0.201092221457477,50.62
"17079",0.00157418339236521,8.07161325946923,1,1,0.168773870096915,34.2
"17081",9.40910801656003e-05,0.482451291219216,1,0,0.187812696540203,44.35
"17083",0,0,0,0,0.177717240855546,38.69
"17085",0.000587958607714017,3.01475324734115,1,1,0.240922434134051,69.3
"17087",0,0,0,0,0.121799821494955,11.23
"17089",0.000154550879437435,0.792458447840374,1,0,0.389321890907475,98.92
"17091",6.59297189196317e-05,0.33805412762309,1,0,0.269737916520993,79.48
"17093",0.000113762407212537,0.583315869637135,1,0,0.287856031015364,83.68
"17095",0.000248138957816377,1.27233060126001,1,1,0.211041842851265,55.71
"17097",3.49727481585503e-05,0.179322497699901,1,0,0.268061960700449,78.84
"17099",0.000471486833730168,2.41754512038371,1,1,0.300816964946012,86.61
"17101",0,0,0,0,0.123904780778248,11.71
"17103",0.000298307107166828,1.52956740191747,1,1,0.206418975604642,53.36
"17105",0.00032020493115594,1.64184832631375,1,1,0.189053034891983,44.89
"17107",0,0,0,0,0.15906135374566,28.41
"17109",0,0,0,0,0.157016347567546,27.46
"17111",0.000231844274837477,1.18877973937871,1,1,0.380964329009312,98.31
"17113",0.000195424997942895,1.00204017668969,1,1,0.194011915103941,47.18
"17115",0.000535078512481735,2.743610964994,1,1,0.257061661773425,75.25
"17117",0.00128084706686022,6.56753350236252,1,1,0.208633107617706,54.6
"17119",6.04756844551573e-05,0.310088607776696,1,0,0.308242956480095,88.39
"17121",0.000643776824034335,3.30096072301148,1,1,0.205154723655299,52.47
"17123",0.00159897665494084,8.19874052298981,1,1,0.131813847415131,15.34
"17125",0.00150330727600722,7.70819651695404,1,1,0.16089145531377,29.72
"17127",0,0,0,0,0.14698355001364,22.46
"17129",0,0,0,0,0.166634531115035,33.03
"17131",0.00115406809001731,5.91747527187285,1,1,0.165664417436506,32.33
"17133",0.000101739749720216,0.521669785642266,1,0,0.239485143959047,68.82
"17135",0,0,0,0,0.190203513211032,45.63
"17137",0.000197810892786496,1.01427383418393,1,1,0.206805960235256,53.55
"17139",0,0,0,0,0.148887011791548,23.19
"17141",0.000180733779143322,0.926711065078227,1,0,0.217718038137254,59.31
"17143",2.7232868256461e-05,0.139636322920394,1,0,0.227987229238225,63.89
"17145",0.000405432799513481,2.07885356702932,1,1,0.16217500203485,30.38
"17147",0,0,0,0,0.169236605256638,34.46
"17149",0.00108201687946332,5.5480332428888,1,1,0.195884620706351,48.04
"17151",0,0,0,0,0.103740239528385,5.73
"17153",0,0,0,0,0.0855954500242214,2.16
"17155",0,0,0,0,0.12843122402383,13.68
"17157",0,0,0,0,0.174910246889279,37.26
"17159",0,0,0,0,0.182467499173517,41.39
"17161",0.000214840078416629,1.1015908527707,1,1,0.259543392692812,76.2
"17163",0.000209422090222844,1.07381015990055,1,1,0.336810983439039,93.57
"17165",0,0,0,0,0.151625711814712,24.75
"17167",4.22145766933322e-05,0.216454917917041,1,0,0.167010086221529,33.18
"17169",0,0,0,0,0.121717067415258,11.2
"17171",0,0,0,0,0.149270791574277,23.39
"17173",0,0,0,0,0.172330032438683,35.95
"17175",0,0,0,0,0.114925037737197,9
"17177",0.000311380974622451,1.59660355692911,1,1,0.218394426226766,59.69
"17179",5.87417516790351e-05,0.301197880778396,1,0,0.265626693278085,78.14
"17181",0,0,0,0,0.143405290001767,20.68
"17183",0.00324755550848953,16.6518159385492,1,1,0.226524005352668,63.41
"17185",0.00178890876565295,9.17261596257214,1,1,0.139982784828436,19.15
"17187",0.000137722076848919,0.706168891761166,1,0,0.11787431991768,9.9
"17189",0.000142571998859424,0.731036829637558,1,0,0.147787287493493,22.81
"17191",0,0,0,0,0.199610817417439,49.95
"17193",0.0012591815320042,6.4564436387129,1,1,0.159724806507154,28.79
"17195",0.000218121537320595,1.11841650810929,1,1,0.262704982013938,77.41
"17197",0.000369614253983716,1.89519424980164,1,1,0.375683210050431,98.03
"17199",0.00025569725445073,1.3110857092282,1,1,0.229704880416733,64.56
"17201",0.000196317947823052,1.00661877034509,1,1,0.299716307619098,86.29
"17203",0,0,0,0,0.183616623084043,42.06
"18001",0.00019660528212858,1.00809207479084,1,1,0.245426649122245,71.24
"18003",0.000526000429948178,2.69706316649492,1,1,0.37424518355595,97.9
"18005",0.000148920327624721,0.763587836645991,1,0,0.200804723278523,50.43
"18007",0,0,0,0,0.177167351991842,38.53
"18009",0.000612369871402327,3.13992181449959,1,1,0.169932950658853,34.78
"18011",0.000303355107488826,1.55545098481541,1,1,0.219895144670734,60.55
"18013",0,0,0,0,0.21119084582186,55.84
"18015",0,0,0,0,0.187382621207724,44.1
"18017",0.000189071658158442,0.969463475719007,1,0,0.186823227237385,43.75
"18019",0.000218521235581501,1.12046595787363,1,1,0.303710460645744,87.31
"18021",0.000330542089026003,1.69485202393494,1,1,0.191828313380181,46.23
"18023",0.00023441162681669,1.20194381694276,1,1,0.193289170875293,46.77
"18025",0,0,0,0,0.142674297640316,20.46
"18027",6.58978583196046e-05,0.337890762641043,1,0,0.226773084134133,63.51
"18029",0.000736286660939993,3.77530420155442,1,1,0.243757556858636,70.6
"18031",0.000201207243460765,1.03168859619272,1,1,0.20645234483911,53.39
"18033",0.000248303261049495,1.27317306482648,1,1,0.215845800670454,58.54
"18035",0.000856659029783843,4.39251259871196,1,1,0.306060416736489,87.97
"18037",3.33789512333523e-05,0.171150316201403,1,0,0.214066569431201,57.49
"18039",1.46242660446479e-05,0.0749858118745798,1,0,0.27387562293824,80.53
"18041",0.000588235294117647,3.01617195475166,1,1,0.195777692158813,48.01
"18043",0.00035967242142541,1.8442175796816,1,1,0.25992979158177,76.39
"18045",0,0,0,0,0.1764575484974,38.18
"18047",0,0,0,0,0.219693861045501,60.42
"18049",0,0,0,0,0.231750108132039,65.61
"18051",4.35540069686411e-05,0.223322836370986,1,0,0.149630774797635,23.74
"18053",0.000309837335398916,1.58868855866083,1,1,0.212952013432231,56.89
"18055",0.000134318334452653,0.688716228754577,1,0,0.233953535193089,66.62
"18057",0.000296385710975432,1.51971545769649,1,1,0.321647884499911,91
"18059",9.17796065714198e-05,0.470599228110059,1,0,0.267506616677938,78.52
"18061",0,0,0,0,0.230086730581017,64.81
"18063",0.000179918811636249,0.922532325442153,1,0,0.212376610449912,56.51
"18065",0.000260705207586522,1.3367639504863,1,1,0.239103518319774,68.72
"18067",0.000511967234097018,2.62510806249985,1,1,0.271780848284412,80.02
"18069",0.000583468395461913,2.9917297184895,1,1,0.235180996873909,67.17
"18071",0.000203301618280882,1.04242748700452,1,1,0.225212990353035,62.68
"18073",0,0,0,0,0.206363182676762,53.32
"18075",0.000124254473161034,0.637113857241281,1,0,0.170697686266056,35.06
"18077",0.000275216733177377,1.41117168654956,1,1,0.210857744127785,55.65
"18079",0.000445881172667484,2.28625228985746,1,1,0.182495528705625,41.43
"18081",0.000655155940762984,3.35930705668103,1,1,0.304113485716581,87.46
"18083",0,0,0,0,0.20351323551203,51.7
"18085",0,0,0,0,0.266012498914498,78.24
"18087",0,0,0,0,0.272866570755116,80.34
"18089",0.000621691377328988,3.18771776457807,1,1,0.371684048403849,97.71
"18091",0.000224275589844801,1.14997136518297,1,1,0.319927089003899,90.74
"18093",6.6124446207763e-05,0.339052590298078,1,0,0.245635538182602,71.4
"18095",0.0012494979695658,6.40679124664997,1,1,0.3042447646719,87.5
"18097",0.000377961061220902,1.93799243983252,1,1,0.329373668707479,92.46
"18099",0,0,0,0,0.259833803782367,76.3
"18101",0,0,0,0,0.0837770605221957,2.1
"18103",0.000678623364032962,3.47963608934026,1,1,0.232513321032911,66.02
"18105",0.000116229514548061,0.595965943560245,1,0,0.209779910520001,55.14
"18107",0.000230361667818475,1.18117768327064,1,1,0.22417349912631,62.27
"18109",0.000166177366642663,0.852073171729546,1,0,0.289546190021651,84.03
"18111",0,0,0,0,0.160750504607434,29.59
"18113",0,0,0,0,0.246344003307317,71.68
"18115",0.00735785953177258,37.7273682634489,1,1,0.152646101547295,25.23
"18117",0.000369731328567907,1.89579454883331,1,1,0.171029216259455,35.32
"18119",0.000164527805199079,0.84361505809112,1,0,0.168284484773832,33.95
"18121",0.000471364600518501,2.41691837052926,1,1,0.205692658402037,52.97
"18123",0,0,0,0,0.166417480221102,32.77
"18125",0.00198675496688742,10.187070840552,1,1,0.166475760779352,32.87
"18127",0.000285237531554402,1.46255325329887,1,1,0.345322893657752,94.62
"18129",0.000502462064114159,2.57637037638319,1,1,0.191834790610718,46.29
"18131",0,0,0,0,0.15124854849421,24.5
"18133",0,0,0,0,0.1993657532521,49.86
"18135",0.000491159135559921,2.51841469699304,1,1,0.212845894150076,56.82
"18137",0,0,0,0,0.223308834587868,61.79
"18139",0.000889521437466643,4.56101434182337,1,1,0.224047716172368,62.2
"18141",0.00031111236813078,1.59522627920514,1,1,0.319069126113569,90.45
"18143",0,0,0,0,0.153875833710631,25.9
"18145",0.000583260425780111,2.99066335554262,1,1,0.214673097829306,57.87
"18147",0.000129651238169325,0.664785728390747,1,0,0.167529432350288,33.38
"18149",0,0,0,0,0.176678779527836,38.28
"18151",0.000111308993766696,0.570736011028253,1,0,0.241564256778256,69.68
"18153",0,0,0,0,0.166592616216784,32.96
"18155",0,0,0,0,0.156337148319714,27.14
"18157",3.81115716259349e-05,0.195416790932412,1,0,0.219681071432372,60.39
"18159",0,0,0,0,0.17797898729555,38.98
"18161",0.00140318054256314,7.1947974598847,1,1,0.204901774731837,52.24
"18163",0.000514228439447422,2.63670237557495,1,1,0.359584559260871,96.47
"18165",0,0,0,0,0.146588646428744,22.14
"18167",0.000137532664007702,0.705197678871933,1,0,0.298530436209072,86
"18169",0.000928239914316316,4.75954303463133,1,1,0.233933065950338,66.59
"18171",0,0,0,0,0.190711787404101,45.85
"18173",0.000776812157110259,3.98309837205638,1,1,0.289099625131978,83.93
"18175",0.000291502696399942,1.49467783794719,1,1,0.226466582615713,63.38
"18177",0.000552910459222854,2.83504413501462,1,1,0.254937684290849,74.71
"18179",0.00150925411073159,7.73868886634989,1,1,0.218598238139129,59.82
"18181",0.000203086921202275,1.04132662938217,1,1,0.20886091977433,54.76
"18183",0,0,0,0,0.21688522388721,58.89
"19001",0,0,0,0,0.133506977764493,16.13
"19003",0,0,0,0,0.140655842337418,19.54
"19005",0,0,0,0,0.198285390441282,49.35
"19007",0,0,0,0,0.20874419874813,54.69
"19009",0.00121802679658952,6.24542304881587,1,1,0.136071984514687,17.34
"19011",0.00118187787261983,6.06006971867373,1,1,0.264232718278915,77.86
"19013",0.000293494627772248,1.50489145076679,1,1,0.284003818023232,82.85
"19015",0,0,0,0,0.213579036572554,57.24
"19017",0,0,0,0,0.193841426118031,47.09
"19019",0.000624687656171914,3.20308116134297,1,1,0.244481062470342,70.95
"19021",0.000404465296877528,2.07389270469092,1,1,0.166662109705794,33.06
"19023",0,0,0,0,0.178724582859007,39.36
"19025",0,0,0,0,0.155913910772102,26.92
"19027",0,0,0,0,0.220412162222126,60.71
"19029",0.00044490582826635,2.28125121892829,1,1,0.208606552185517,54.5
"19031",0,0,0,0,0.215433552780694,58.19
"19033",0.000232991612301957,1.19466270341981,1,1,0.294287747518706,85.01
"19035",0,0,0,0,0.181316208894362,40.69
"19037",0.000666555574070988,3.41775858895373,1,1,0.165656002578167,32.29
"19039",0,0,0,0,0.116657989513137,9.51
"19041",0,0,0,0,0.272477654727029,80.21
"19043",0.00013410218586563,0.687607928533972,1,0,0.215855574828612,58.57
"19045",0.000417497796539407,2.14071674665772,1,1,0.254344872061581,74.42
"19047",0.000265851389073508,1.36315095655399,1,1,0.180246728731701,40.25
"19049",0,0,0,0,0.177345015307772,38.59
"19051",0,0,0,0,0.196506556817227,48.36
"19053",0,0,0,0,0.182365931938102,41.3
"19055",0.000253356979984799,1.29908596987024,1,1,0.221881667330742,61.22
"19057",0.000366115967232621,1.87725681134148,1,1,0.270330157795343,79.7
"19059",0,0,0,0,0.224306032023254,62.36
"19061",0.000140944326990839,0.722690954626896,1,0,0.319706980192322,90.65
"19063",0,0,0,0,0.182350678254578,41.27
"19065",0,0,0,0,0.190414194444408,45.69
"19067",0.000298329355608592,1.52968148063181,1,1,0.188135248158271,44.45
"19069",0,0,0,0,0.169953361489363,34.81
"19071",0,0,0,0,0.128953328799232,14
"19073",0,0,0,0,0.157947767856922,27.9
"19075",0,0,0,0,0.140088066577124,19.19
"19077",0,0,0,0,0.199498124094899,49.92
"19079",0,0,0,0,0.179161808925681,39.48
"19081",0,0,0,0,0.134600903678281,16.61
"19083",0.000730727073438071,3.74679745931884,1,1,0.195021397007565,47.66
"19085",0,0,0,0,0.172754721937419,36.24
"19087",0.00032171581769437,1.64959538544059,1,1,0.206609201838071,53.48
"19089",0,0,0,0,0.170931756350217,35.25
"19091",0,0,0,0,0.157985531472848,27.94
"19093",0.000707046900777752,3.62537755579389,1,1,0.142263718504664,20.11
"19095",0.000660626651566629,3.3873580843285,1,1,0.157716628226298,27.78
"19097",0,0,0,0,0.228215777926463,63.98
"19099",0.000163505559189012,0.838373499522209,1,0,0.272205414750436,80.11
"19101",0.000357525920629246,1.83321141332779,1,1,0.206359462333408,53.29
"19103",3.05744947564741e-05,0.156770487145805,1,0,0.173861124256824,36.91
"19105",0,0,0,0,0.22306368112776,61.63
"19107",0.000350140056022409,1.79534044925694,1,1,0.16377264974052,31.43
"19109",0,0,0,0,0.194753810799363,47.44
"19111",0,0,0,0,0.201353751067585,50.75
"19113",0.000278633230678985,1.42868975126087,1,1,0.35231596919952,95.58
"19115",0.000451161741484322,2.31332836592729,1,1,0.131005174280847,14.89
"19117",0,0,0,0,0.158507402982184,28
"19119",0,0,0,0,0.14838745673984,22.91
"19121",0.000368324125230203,1.88857912452222,1,1,0.234523060394527,66.85
"19123",0.000323974082073434,1.66117461870772,1,1,0.209131807494765,54.79
"19125",0.000137124051558643,0.703102521676272,1,0,0.180093905142654,40.09
"19127",0.00033303730017762,1.70764619995931,1,1,0.215823241653784,58.51
"19129",0.00098497906919478,5.05047261568858,1,1,0.218204363322985,59.66
"19131",0,0,0,0,0.172092996671498,35.83
"19133",0,0,0,0,0.157001477924919,27.43
"19135",0,0,0,0,0.144921402191289,21.35
"19137",0,0,0,0,0.159874096310345,28.83
"19139",0.000429608626541221,2.20281493451812,1,1,0.206934776533499,53.64
"19141",0.000392259414225941,2.01130713509852,1,1,0.19900000956588,49.63
"19143",0,0,0,0,0.128116355892403,13.55
"19145",0,0,0,0,0.168221740929272,33.92
"19147",0,0,0,0,0.145827794244694,21.79
"19149",0.000147091270133118,0.754209358399328,1,0,0.197599669958107,49.09
"19151",0,0,0,0,0.120006741667486,10.4
"19153",0.000130019098360893,0.666671928698978,1,0,0.344698810475704,94.56
"19155",0.0004567799190847,2.34213552844291,1,1,0.264659987466895,77.92
"19157",0,0,0,0,0.129673497683987,14.29
"19159",0,0,0,0,0.149540031379445,23.64
"19161",0,0,0,0,0.179945286275385,39.99
"19163",0.00036304961678096,1.86153412294072,1,1,0.371524256413213,97.68
"19165",0.000472887767969735,2.42472839994223,1,1,0.187558002660888,44.23
"19167",7.3370263032393e-05,0.376205460440796,1,0,0.19598944011517,48.08
"19169",3.37621121577366e-05,0.173114970899687,1,0,0.189515461765169,45.24
"19171",0,0,0,0,0.161671446639958,30.13
"19173",0,0,0,0,0.112758448455291,8.21
"19175",0,0,0,0,0.167387320294844,33.31
"19177",0,0,0,0,0.161345698084033,29.91
"19179",5.98336624184766e-05,0.306796644712369,1,0,0.23629434591467,67.74
"19181",0.00126326427488631,6.47737787149801,1,1,0.260587270066491,76.55
"19183",0,0,0,0,0.242257937214441,70.06
"19185",0,0,0,0,0.139369995906014,18.8
"19187",0.000465669788378952,2.38771826500235,1,1,0.23908368966255,68.69
"19189",0,0,0,0,0.166279750988924,32.64
"19191",0.000236201873868199,1.21112329495579,1,1,0.212741888746789,56.73
"19193",0.000337825824117208,1.73219931969842,1,1,0.319455758688293,90.58
"19195",0,0,0,0,0.150846734914146,24.34
"19197",0,0,0,0,0.10915659777111,6.94
"20001",0,0,0,0,0.145294142507515,21.48
"20003",0,0,0,0,0.172685089460979,36.18
"20005",0,0,0,0,0.166044255167971,32.48
"20007",0,0,0,0,0.119669560058872,10.28
"20009",0,0,0,0,0.22592767990834,63.12
"20011",0.000156641604010025,0.803178622036001,1,0,0.175032982514341,37.35
"20013",0,0,0,0,0.135856825473021,17.28
"20015",0,0,0,0,0.246919471510635,71.81
"20017",0,0,0,0,0.0915729261456395,3.21
"20019",0,0,0,0,0.10250475630296,5.25
"20021",0,0,0,0,0.147271878804861,22.62
"20023",0,0,0,0,0.0960266665335601,4.01
"20025",0,0,0,0,0.0916500648301374,3.28
"20027",0,0,0,0,0.179646920675136,39.8
"20029",0,0,0,0,0.187318546745808,44.03
"20031",0,0,0,0,0.125823124327464,12.47
"20033",0,0,0,0,0.105453441801661,6.17
"20035",6.84556407447974e-05,0.351005772390322,1,0,0.173848703225311,36.88
"20037",0.000146684920790143,0.752125805262736,1,0,0.191684036480587,46.1
"20039",0,0,0,0,0.104782311283816,5.95
"20041",0,0,0,0,0.177922436683653,38.94
"20043",0,0,0,0,0.111264364257467,7.6
"20045",0,0,0,0,0.250642159505631,72.83
"20047",0,0,0,0,0.106505079456201,6.33
"20049",0,0,0,0,0.102810255598802,5.44
"20051",0.00011207621182404,0.574669915727411,1,0,0.237997424091711,68.18
"20053",0,0,0,0,0.121245875055899,10.85
"20055",0,0,0,0,0.228096596823562,63.92
"20057",4.9867850196978e-05,0.2556970190534,1,0,0.186257992596383,43.46
"20059",0,0,0,0,0.18237436658127,41.33
"20061",6.81918919840431e-05,0.349653402644334,1,0,0.0752269549468076,1.59
"20063",0,0,0,0,0.0906852002331955,3.09
"20065",0,0,0,0,0.118845948813319,10.18
"20067",0,0,0,0,0.15256466549429,25.2
"20069",0,0,0,0,0.11241757647359,8.05
"20071",0,0,0,0,0.0910352943852786,3.15
"20073",0,0,0,0,0.138839888348419,18.61
"20075",0,0,0,0,0.0819549577772039,1.97
"20077",0,0,0,0,0.140756467942573,19.57
"20079",0,0,0,0,0.199707334808982,50.02
"20081",0,0,0,0,0.0919832871737534,3.34
"20083",0,0,0,0,0.0740790127300914,1.4
"20085",0.000200722601364914,1.02920359756681,1,1,0.147085625116703,22.53
"20087",0.000207986688851913,1.06645015039056,1,1,0.189541962301143,45.31
"20089",0,0,0,0,0.098850972733359,4.52
"20091",6.3154775351177e-05,0.323825625778865,1,0,0.346564966732054,94.78
"20093",0,0,0,0,0.0721835962144485,1.08
"20095",0,0,0,0,0.128417274551093,13.65
"20097",0,0,0,0,0.0835212772598151,2.07
"20099",0.000210128178188695,1.07743062052486,1,1,0.146781674309354,22.27
"20101",0,0,0,0,0.0736318299221248,1.34
"20103",0.000664591276365036,3.40768666754622,1,1,0.214278761186882,57.62
"20105",0,0,0,0,0.118522576369742,10.02
"20107",0,0,0,0,0.166155725730223,32.58
"20109",0,0,0,0,0.115309335786007,9.13
"20111",0,0,0,0,0.200432667319161,50.3
"20113",0,0,0,0,0.171146368027764,35.38
"20115",0.000221778664892437,1.13716840165842,1,1,0.162168029390912,30.35
"20117",0,0,0,0,0.163436975507533,31.05
"20119",0,0,0,0,0.111537172329694,7.67
"20121",0,0,0,0,0.22831093096571,64.08
"20123",0,0,0,0,0.155917088772161,26.95
"20125",0,0,0,0,0.189694778662725,45.47
"20127",0,0,0,0,0.153156848147469,25.52
"20129",0.000946073793755913,4.85098611454856,1,1,0.0893796908637298,2.96
"20131",0,0,0,0,0.162354992597923,30.58
"20133",0,0,0,0,0.205683576780962,52.94
"20135",0,0,0,0,0.109561117001813,7.06
"20137",0,0,0,0,0.132312846981764,15.65
"20139",0,0,0,0,0.170819834352116,35.13
"20141",0,0,0,0,0.12679158120024,13.04
"20143",0,0,0,0,0.119738740270895,10.34
"20145",0,0,0,0,0.102499321081074,5.22
"20147",0,0,0,0,0.133384252165638,16.04
"20149",0,0,0,0,0.199168591444205,49.79
"20151",0,0,0,0,0.13739338194305,17.98
"20153",0,0,0,0,0.113330540228131,8.34
"20155",0.000199104031856645,1.02090439483879,1,1,0.27670455255312,81.42
"20157",0,0,0,0,0.12942090473611,14.19
"20159",0,0,0,0,0.113511106140517,8.37
"20161",2.78256998163504e-05,0.142676062192605,1,0,0.217967244660848,59.37
"20163",0,0,0,0,0.126228309263104,12.79
"20165",0,0,0,0,0.0865088407296072,2.29
"20167",0,0,0,0,0.14167284820182,19.95
"20169",0.000271714518612445,1.3932141082541,1,1,0.242269865308268,70.09
"20171",0,0,0,0,0.129681826759551,14.32
"20173",0.000108241581680112,0.555007879102578,1,0,0.335223906443639,93.38
"20175",0,0,0,0,0.162337497694285,30.51
"20177",0.000230648583817695,1.18264884285401,1,1,0.248924027705213,72.29
"20179",0,0,0,0,0.120131788633292,10.5
"20181",0,0,0,0,0.179530718903993,39.71
"20183",0,0,0,0,0.115375618746954,9.2
"20185",0,0,0,0,0.109197622807146,6.97
"20187",0,0,0,0,0.0823578977143183,2
"20189",0,0,0,0,0.107717940385936,6.68
"20191",0,0,0,0,0.166916150904036,33.12
"20193",0,0,0,0,0.166165055420429,32.61
"20195",0,0,0,0,0.130291179097999,14.57
"20197",0,0,0,0,0.117017053669184,9.55
"20199",0,0,0,0,0.113842411422404,8.5
"20201",0,0,0,0,0.138378962702841,18.36
"20203",0,0,0,0,0.113784615638555,8.46
"20205",0,0,0,0,0.128815615831709,13.9
"20207",0,0,0,0,0.12674587961663,12.98
"20209",0.00026423699122146,1.35487314396122,1,1,0.263228875686615,77.6
"21001",0,0,0,0,0.205976644790616,53.17
"21003",0,0,0,0,0.161931116863088,30.26
"21005",0.000167112299465241,0.856867032599904,1,0,0.225325481104743,62.77
"21007",0,0,0,0,0.160747393835145,29.56
"21009",0,0,0,0,0.276200839016075,81.2
"21011",0.000782778864970646,4.01369262080456,1,1,0.18403411448428,42.41
"21013",0,0,0,0,0.182129778544395,41.11
"21015",6.31182204268595e-05,0.323638190685056,1,0,0.237197706617268,67.93
"21017",0.000916905444126075,4.70142562574471,1,1,0.147055805110614,22.49
"21019",0.000396410681465999,2.03259272600296,1,1,0.254507595042485,74.45
"21021",6.07348921955664e-05,0.311417693475726,1,0,0.219294633963623,60.2
"21023",0,0,0,0,0.153389168263736,25.58
"21025",0,0,0,0,0.131821947003477,15.4
"21027",0.000423011844331641,2.16898998438148,1,1,0.235442907481669,67.29
"21029",0.000462805837524297,2.37303337898144,1,1,0.209133050804559,54.82
"21031",0,0,0,0,0.187589653819637,44.26
"21033",0,0,0,0,0.167718517540302,33.5
"21035",5.5398592875741e-05,0.284055859679676,1,0,0.195140746411274,47.73
"21037",0.000304675382229116,1.56222068341059,1,1,0.270827899362853,79.83
"21039",0,0,0,0,0.121608769762528,11.1
"21041",0,0,0,0,0.13709955796601,17.79
"21043",0.000288766965059197,1.48065039649952,1,1,0.196239533643701,48.23
"21045",0,0,0,0,0.175704968143762,37.96
"21047",9.22934933087217e-05,0.473234178410506,1,0,0.106491097571886,6.3
"21049",0.000396144196487521,2.0312263263216,1,1,0.220379740203929,60.67
"21051",0,0,0,0,0.163606190027015,31.24
"21053",0,0,0,0,0.153031420081332,25.33
"21055",0,0,0,0,0.163026919764626,30.77
"21057",0,0,0,0,0.12788158266446,13.43
"21059",0.000601435928278766,3.08385810507256,1,1,0.292211585000977,84.7
"21061",0,0,0,0,0.161280779956618,29.88
"21063",0,0,0,0,0.0965423816000335,4.17
"21065",0,0,0,0,0.168020905248892,33.79
"21067",0.000210334431746477,1.078488184059,1,1,0.315027687047829,89.63
"21069",0.000495417389150359,2.54024885958773,1,1,0.219815495966847,60.48
"21071",0.000398311160678722,2.04233741857637,1,1,0.21129263702927,55.9
"21073",0.000160849284220685,0.824753470014127,1,0,0.150908226196658,24.37
"21075",0,0,0,0,0.121611034744257,11.14
"21077",0,0,0,0,0.0874163706749589,2.45
"21079",0.000559753708368318,2.8701328424729,1,1,0.231169012350382,65.29
"21081",0,0,0,0,0.195424005114247,47.85
"21083",0,0,0,0,0.230185748492674,64.84
"21085",0.00011454753722795,0.587341617763783,1,0,0.222051062670131,61.31
"21087",0,0,0,0,0.1838727112209,42.19
"21089",0.000486854917234664,2.49634485057343,1,1,0.226957859280081,63.57
"21091",0,0,0,0,0.112988625111713,8.27
"21093",0.000184693911817052,0.947016614961149,1,0,0.218838834049971,60.01
"21095",0.00123864574731627,6.35114656037716,1,1,0.151754479163718,24.79
"21097",0.000819000819000819,4.19942041202115,1,1,0.18213586909141,41.14
"21099",0,0,0,0,0.154489442134342,26.38
"21101",0,0,0,0,0.221558023432239,60.99
"21103",0.000280977802753582,1.44071152657427,1,1,0.203199899536974,51.57
"21105",0,0,0,0,0.100061171454665,4.71
"21107",0,0,0,0,0.20243296514874,51.22
"21109",0,0,0,0,0.185391613643763,43.27
"21111",0.000403347406513872,2.06816073043323,1,1,0.33178994820491,92.9
"21113",0.000450531627320238,2.31009746038828,1,1,0.279968194531967,82.09
"21115",0.000984898227183191,5.05005809889477,1,1,0.18902684540467,44.86
"21117",0.000563815313714195,2.89095869270325,1,1,0.236289722218263,67.64
"21119",0.000361271676300578,1.85241774677667,1,1,0.148740085808371,23.13
"21121",0.000555493834018442,2.84829036944663,1,1,0.20246804071384,51.29
"21123",0,0,0,0,0.193778148724827,47.06
"21125",3.45411212047943e-05,0.177109333808084,1,0,0.252871407056511,74.04
"21127",0,0,0,0,0.127218633401401,13.2
"21129",0,0,0,0,0.136808395861603,17.66
"21131",0,0,0,0,0.106073622465257,6.24
"21133",0,0,0,0,0.134172525305604,16.35
"21135",0,0,0,0,0.175503822959177,37.67
"21137",0,0,0,0,0.212569661433339,56.6
"21139",0,0,0,0,0.112601447070948,8.15
"21141",0,0,0,0,0.203844441689308,51.89
"21143",0,0,0,0,0.14895697906851,23.26
"21145",0.000544267053701016,2.79072513955615,1,1,0.289075195002704,83.9
"21147",0,0,0,0,0.154053900450585,26.15
"21149",0,0,0,0,0.138324044252291,18.33
"21151",0.00036326649229875,1.86264615049325,1,1,0.243608034503602,70.47
"21153",0,0,0,0,0.158624550952615,28.09
"21155",0,0,0,0,0.130668538395114,14.64
"21157",0.000148964695367198,0.763815331904935,1,0,0.228182577801972,63.95
"21159",0.000895656068069861,4.59246961314629,1,1,0.126760080763396,13.01
"21161",0.000225657226672684,1.15705569741122,1,1,0.217085792227493,58.99
"21163",0,0,0,0,0.201956602262037,51
"21165",0,0,0,0,0.148722899209724,23.1
"21167",0,0,0,0,0.166585585824672,32.93
"21169",0,0,0,0,0.175255016256264,37.48
"21171",0,0,0,0,0.155701988246398,26.89
"21173",8.68583340571528e-05,0.44536544107338,1,0,0.210970285417879,55.68
"21175",0,0,0,0,0.146449221444756,22.11
"21177",0.00144389438943894,7.40355739718333,1,1,0.20185191013466,50.91
"21179",0,0,0,0,0.211343955482172,56
"21181",0.00074019245003701,3.79533110516494,1,1,0.163270553695804,30.86
"21183",0,0,0,0,0.160515390222996,29.24
"21185",0.000570152515797976,2.92345264773763,1,1,0.286607253033002,83.3
"21187",0,0,0,0,0.171761927102537,35.63
"21189",0,0,0,0,0.12139122280528,10.88
"21191",0.000367782272894446,1.88580078083039,1,1,0.184066019020061,42.44
"21193",0.000161173341929245,0.826415073427001,1,0,0.194510959119486,47.34
"21195",0.000361418567878925,1.85317093221697,1,1,0.20981095768329,55.23
"21197",0,0,0,0,0.172755197236676,36.27
"21199",0.00084030788881046,4.30867224889737,1,1,0.305401767745383,87.75
"21201",0,0,0,0,0.0982589757132427,4.33
"21203",0,0,0,0,0.145111995349634,21.38
"21205",7.5052536775743e-05,0.384831306145139,1,0,0.159591521972827,28.73
"21207",0,0,0,0,0.173377604141896,36.59
"21209",0,0,0,0,0.143627571750662,20.84
"21211",0.000210415570752236,1.07890422368813,1,1,0.261970783331254,77.16
"21213",0,0,0,0,0.163520583771103,31.12
"21215",0,0,0,0,0.189134627697053,44.99
"21217",7.47272455537289e-05,0.383163377901497,1,0,0.225639825147952,62.93
"21219",0,0,0,0,0.190425526169645,45.75
"21221",0,0,0,0,0.187498130053931,44.19
"21223",0,0,0,0,0.13428359475342,16.42
"21225",0,0,0,0,0.147214318482409,22.59
"21227",0.000127030906619581,0.651349998485516,1,0,0.312071268925267,88.96
"21229",0,0,0,0,0.161418545357832,30.03
"21231",0.000455511691466748,2.33563270106794,1,1,0.175604926577693,37.73
"21233",0,0,0,0,0.160087143586982,29.02
"21235",6.14741501198746e-05,0.315208232807391,1,0,0.19909633858281,49.73
"21237",0,0,0,0,0.159610863725199,28.76
"21239",8.12942037232745e-05,0.416835405501815,1,0,0.179951508482676,40.03
"22001",0,0,0,0,0.300640697587096,86.57
"22003",0,0,0,0,0.125070389151325,12.03
"22005",7.02530867449989e-05,0.360222162957502,1,0,0.285150954324256,82.98
"22007",0,0,0,0,0.163393297458434,30.99
"22009",8.63557858376511e-05,0.442788628935909,1,0,0.218860296388741,60.04
"22011",0,0,0,0,0.229240481401984,64.37
"22013",0,0,0,0,0.120550363472505,10.66
"22015",0.000161391553842016,0.827533953334537,1,0,0.303668703833475,87.27
"22017",0.000203528367783902,1.04359014334052,1,1,0.329732377989958,92.55
"22019",0.000112343485099169,0.576040357393796,1,0,0.304364151563482,87.53
"22021",0.00227963525835866,11.6888122866516,1,1,0.160076490428735,28.95
"22023",0,0,0,0,0.101974225318479,5.15
"22025",0,0,0,0,0.189676806801077,45.4
"22027",0,0,0,0,0.16359328202495,31.21
"22029",0,0,0,0,0.18859101192675,44.61
"22031",0,0,0,0,0.170448120226592,34.93
"22033",0.000138085672296398,0.70803322462682,1,0,0.288206778070334,83.74
"22035",0,0,0,0,0.126218038119962,12.76
"22037",0,0,0,0,0.169976799396669,34.84
"22039",0.000110107905747633,0.564577441431164,1,0,0.173335607363252,36.53
"22041",0.000881523272214386,4.52000381089371,1,1,0.199023366554209,49.7
"22043",0,0,0,0,0.12941729778119,14.16
"22045",0.000107909787417719,0.553306606569314,1,0,0.251703437393423,73.37
"22047",0,0,0,0,0.127376214866654,13.27
"22049",0.000220264317180617,1.12940359539159,1,1,0.160016635120659,28.92
"22051",0.000421888924704678,2.1632322226148,1,1,0.406800116834866,99.52
"22053",0,0,0,0,0.227095472215697,63.6
"22055",0.000182823712235477,0.937427180963998,1,0,0.358783780090408,96.37
"22057",0,0,0,0,0.204522404710861,52.15
"22059",0.000192678227360308,0.987956131614225,1,0,0.133684826545096,16.23
"22061",0.000185116623472788,0.949184065730809,1,0,0.25060508268193,72.8
"22063",0.000183949124927734,0.943197725903842,1,0,0.31706430211266,90.07
"22065",0,0,0,0,0.120502944650438,10.63
"22067",0,0,0,0,0.214431613084828,57.72
"22069",0,0,0,0,0.190490330123076,45.78
"22071",0.000226376482200017,1.16074367460595,1,1,0.221849468845028,61.18
"22073",0.000255626989097509,1.31072542416898,1,1,0.329589639999007,92.52
"22075",0,0,0,0,0.156753098672571,27.3
"22077",0,0,0,0,0.19093884579232,45.94
"22079",0.000580656298551498,2.97731071316959,1,1,0.277885243219513,81.67
"22081",0,0,0,0,0.140491792492609,19.47
"22083",0,0,0,0,0.174821510481026,37.16
"22085",0,0,0,0,0.170900567209839,35.19
"22087",0,0,0,0,0.232503526409229,65.99
"22089",0,0,0,0,0.196894516280705,48.74
"22091",0,0,0,0,0.149410031777416,23.61
"22093",0,0,0,0,0.165141364296405,31.98
"22095",6.61725780836421e-05,0.339299386122143,1,0,0.217495718969825,59.18
"22097",0.000219699743683632,1.12650874911999,1,1,0.288804406606713,83.84
"22099",0,0,0,0,0.23834147919061,68.41
"22101",0,0,0,0,0.196834106124476,48.65
"22103",4.43667533297248e-05,0.227490187098052,1,0,0.385756857335396,98.66
"22105",3.68283430928443e-05,0.188837046480235,1,0,0.316443216491948,89.95
"22107",0,0,0,0,0.108905957617528,6.87
"22109",3.73685095569963e-05,0.191606745878359,1,0,0.250796080314157,72.99
"22111",0.000460687960687961,2.3621739817619,1,1,0.184918854800092,42.95
"22113",0,0,0,0,0.247696107775344,72.06
"22115",0,0,0,0,0.117184565347242,9.61
"22117",0.000225259047905091,1.15501403883717,1,1,0.205542319208486,52.82
"22119",0,0,0,0,0.223112651228311,61.66
"22121",0.000269487300410968,1.38179406402421,1,1,0.212236171755787,56.44
"22123",0,0,0,0,0.167010538584514,33.22
"22125",0,0,0,0,0.10543768182559,6.14
"22127",0,0,0,0,0.129303325076617,14.13
"23001",0.000328078009660075,1.68221747590269,1,1,0.35992636637962,96.53
"23003",0.000134884505142472,0.691619264620176,1,0,0.243351959946058,70.41
"23005",5.07511165245635e-05,0.260225960367328,1,0,0.346505300787317,94.75
"23007",0,0,0,0,0.252738837379811,73.85
"23009",0,0,0,0,0.253703074780189,74.32
"23011",4.24094205459506e-05,0.217453978275541,1,0,0.296830995781015,85.56
"23013",0,0,0,0,0.310097188814696,88.67
"23015",0,0,0,0,0.27450813474106,80.69
"23017",0,0,0,0,0.245579089059039,71.36
"23019",4.96475027306126e-05,0.254567189111202,1,0,0.351364291889735,95.48
"23021",0,0,0,0,0.218451822583277,59.75
"23023",5.09113124936361e-05,0.261047363968935,1,0,0.218094886318343,59.56
"23025",0,0,0,0,0.27851449820442,81.83
"23027",6.992029086841e-05,0.358515754655141,1,0,0.27895300976318,81.86
"23029",7.50356419299167e-05,0.384744677952865,1,0,0.213055808721207,56.95
"23031",0.000386593786578752,1.98225667283214,1,1,0.361804856652855,96.69
"24001",0.000713363679597799,3.65776679070026,1,1,0.250682824465209,72.86
"24003",0.000140220201804914,0.718978008295123,1,0,0.246643983139451,71.78
"24005",0.000504404575499325,2.58633058859812,1,1,0.331335951222283,92.78
"24009",0.000419223293570639,2.14956421943885,1,1,0.312100191742367,89.02
"24011",0.000271689911247962,1.39308793418162,1,1,0.226884050078772,63.54
"24013",0.000282561494304155,1.44883189284196,1,1,0.324713511501997,91.57
"24015",2.41832120142197e-05,0.123999233950275,1,0,0.233861876859004,66.5
"24017",0.000609792080571237,3.12670421180268,1,1,0.294375226482103,85.05
"24019",7.12301445971935e-05,0.365232019593834,1,0,0.213797406505237,57.3
"24021",0.000210790871133812,1.08082857351351,1,1,0.33306350470009,93.03
"24023",0.000367701132519488,1.8853847341807,1,1,0.288012894365163,83.71
"24025",0.00063183108420328,3.23970903373426,1,1,0.309197579995374,88.58
"24027",5.20183104452767e-05,0.266723487467636,1,0,0.295032373520031,85.21
"24029",0,0,0,0,0.224091002722009,62.23
"24031",9.7133805553065e-05,0.498052842284675,1,0,0.232750610579713,66.12
"24033",0.000353813774282421,1.81417741143231,1,1,0.297380510156059,85.65
"24035",0,0,0,0,0.298412683269751,85.94
"24037",0.000251053528198691,1.28727503852039,1,1,0.152213274041282,25.1
"24039",0,0,0,0,0.138737589048535,18.55
"24041",9.71958983330903e-05,0.498371222537574,1,0,0.292036396542131,84.57
"24043",0.00041345879669233,2.12000680594892,1,1,0.365151104788591,97.07
"24045",0.000196920168563664,1.00970665256938,1,1,0.302798705528067,87.05
"24047",0,0,0,0,0.248828455150037,72.22
"24510",0.000157044474480273,0.805244337279391,1,0,0.194753937012185,47.47
"25001",7.14674956896167e-05,0.366449035498107,1,0,0.327083209187753,91.95
"25003",0.000153444836581249,0.786787221586286,1,0,0.29820519153602,85.84
"25005",6.70492417519572e-05,0.34379447235135,1,0,0.374609963227559,97.93
"25007",0,0,0,0,0.249590401776389,72.51
"25009",0.00017470682011749,0.895807878941771,1,0,0.356379206885196,96.09
"25011",0.000137061403508772,0.702781294281501,1,0,0.300424393791297,86.51
"25013",0.000147581013031851,0.756720511352863,1,0,0.29861815194921,86.1
"25015",0.00011403230915426,0.584699789771308,1,0,0.2499407724948,72.67
"25017",0.000184187546822288,0.944420232337818,1,0,0.244067353295147,70.82
"25019",9.78186442335909e-05,0.501564347361619,1,0,0.224478456309482,62.49
"25021",0.000279602963791416,1.43366205035029,1,1,0.391083830908276,99.01
"25023",0.000349890261690652,1.79405963073851,1,1,0.400067507340473,99.33
"25025",0.000145346950958381,0.74526537522187,1,0,0.179339015590375,39.61
"25027",0.000128257682257939,0.657640281153337,1,0,0.358456664558672,96.31
"26001",0,0,0,0,0.202206673330778,51.13
"26003",0,0,0,0,0.160554051101776,29.34
"26005",8.53442573982803e-05,0.43760202462846,1,0,0.312217206851267,89.06
"26007",7.51766651631334e-05,0.385467773498559,1,0,0.262177896835771,77.28
"26009",0,0,0,0,0.225680020663464,63.03
"26011",0,0,0,0,0.18553759083989,43.3
"26013",0,0,0,0,0.121993760290771,11.26
"26015",0,0,0,0,0.262426208919242,77.35
"26017",5.33617929562433e-05,0.273612183728806,1,0,0.302853474512985,87.08
"26019",0,0,0,0,0.205211907540856,52.53
"26021",0.000118055043163875,0.605326327523391,1,0,0.29987900106975,86.38
"26023",0.000119132713843221,0.610852075658545,1,0,0.223288316112205,61.76
"26025",0.000268853340502756,1.37854343946171,1,1,0.238594683988932,68.5
"26027",0.000357238546039118,1.83173790232306,1,1,0.243216177206123,70.35
"26029",0,0,0,0,0.225731443495911,63.06
"26031",0,0,0,0,0.255169182595459,74.8
"26033",7.08114997875655e-05,0.363085421546369,1,0,0.195517853403946,47.95
"26035",0,0,0,0,0.248493305350356,72.19
"26037",0.000366250057226571,1.87794435675606,1,1,0.302761649587589,87.02
"26039",0,0,0,0,0.165050148857503,31.82
"26041",0.00172185430463576,8.82879472847838,1,1,0.285896907454787,83.17
"26043",0,0,0,0,0.222264125702929,61.41
"26045",0.000141180267032391,0.723900735378662,1,0,0.23461535984936,66.88
"26047",5.12242598094458e-05,0.262651998928277,1,0,0.253968912102787,74.36
"26049",0.000388042925576043,1.98968712191582,1,1,0.337592146348479,93.64
"26051",0,0,0,0,0.21519359332774,58.03
"26053",0,0,0,0,0.193200534270874,46.71
"26055",0.000122021371171579,0.625663643933704,1,0,0.369200351321918,97.39
"26057",0,0,0,0,0.216748411634869,58.83
"26059",0,0,0,0,0.224521780608622,62.55
"26061",0.000704870656234581,3.61421887860564,1,1,0.221583301899919,61.02
"26063",0,0,0,0,0.219245291646597,60.13
"26065",0,0,0,0,0.208682102280741,54.63
"26067",0.00047152018106375,2.41771610858064,1,1,0.196849025461231,48.68
"26069",0,0,0,0,0.202803636770444,51.45
"26071",0,0,0,0,0.181162941050312,40.6
"26073",6.75219446320054e-05,0.346218252739894,1,0,0.206846320558006,53.61
"26075",0.000162792212020577,0.834715817392366,1,0,0.273835675096384,80.5
"26077",7.5919767989189e-06,0.0389278027534417,1,0,0.313887046568704,89.41
"26079",0,0,0,0,0.187368679069487,44.07
"26081",0.000116306372930899,0.59636003432821,1,0,0.34038843860398,94.05
"26083",0,0,0,0,0.0949388655384318,3.88
"26085",0,0,0,0,0.165080159709252,31.88
"26087",0.000275785990071704,1.41409054690508,1,1,0.323636263928823,91.35
"26089",0,0,0,0,0.21535364884474,58.13
"26091",0.000305219249160647,1.5650093569268,1,1,0.304577482177858,87.56
"26093",0,0,0,0,0.352803669321383,95.64
"26095",0,0,0,0,0.168417169006956,34.04
"26097",0,0,0,0,0.160278038953024,29.14
"26099",0.000484480561890384,2.48417036177338,1,1,0.3677021611575,97.23
"26101",0.000120062432464882,0.615619200753731,1,0,0.198097157477293,49.32
"26103",3.46836847946726e-05,0.177840327520735,1,0,0.263197509441436,77.57
"26105",0,0,0,0,0.234668373428111,66.94
"26107",0,0,0,0,0.222526028998881,61.53
"26109",0,0,0,0,0.167286307753714,33.25
"26111",0.000304520965097212,1.56142891075221,1,1,0.210324294719304,55.39
"26113",0,0,0,0,0.190848949609116,45.88
"26115",4.36547780154538e-05,0.223839539139906,1,0,0.295004171612753,85.17
"26117",0,0,0,0,0.237336972494912,67.99
"26119",0,0,0,0,0.128248898485331,13.62
"26121",7.2374610986466e-05,0.371100262218848,1,0,0.292920746403718,84.79
"26123",0,0,0,0,0.241491586136592,69.62
"26125",0.000254027285070689,1.30252295405226,1,1,0.386457493275113,98.7
"26127",0.00158227848101266,8.11312076436365,1,1,0.201120393796245,50.65
"26129",0,0,0,0,0.245423780851989,71.21
"26131",0,0,0,0,0.15321941618199,25.55
"26133",0,0,0,0,0.179318451481062,39.58
"26135",0,0,0,0,0.198441053669793,49.38
"26137",0.000171408981830648,0.878898238443234,1,0,0.227727607421377,63.82
"26139",0.000136020185395513,0.697442456399114,1,0,0.326319100024431,91.79
"26141",0,0,0,0,0.188927133021454,44.8
"26143",0.00807911965454799,41.425624005922,1,1,0.230668861924396,64.91
"26145",0.00013927091675081,0.714110556467787,1,0,0.291353158403122,84.44
"26147",0.000125052105043768,0.641203708596644,1,0,0.354341603882271,95.86
"26149",0,0,0,0,0.237665360366593,68.12
"26151",0,0,0,0,0.267559151871606,78.62
"26153",0,0,0,0,0.172947211405251,36.37
"26155",0,0,0,0,0.273279084713213,80.43
"26157",0,0,0,0,0.249579937371226,72.48
"26159",0,0,0,0,0.241924141706229,69.9
"26161",9.43992513728935e-05,0.484031436718805,1,0,0.180307369203074,40.34
"26163",0.000136028783191335,0.697486541531189,1,0,0.31568539064119,89.72
"26165",0,0,0,0,0.229776359493564,64.62
"27001",0,0,0,0,0.209741374302683,55.01
"27003",2.67648042823687e-05,0.137236328486526,1,0,0.367811728334027,97.26
"27005",0.000115233924867481,0.590861065116136,1,0,0.260102871432017,76.42
"27007",8.75771773875728e-05,0.449051304731605,1,0,0.263015159319834,77.51
"27009",0.000101905635381637,0.52252036309771,1,0,0.243823928422489,70.63
"27011",0.0014367816091954,7.36708667108883,1,1,0.183477889635459,41.9
"27013",6.57736072438666e-05,0.337253666204062,1,0,0.29842319891393,85.97
"27015",0.00165049184657028,8.46288427259165,1,1,0.215524549705473,58.26
"27017",0.000134916351861846,0.691782558429281,1,0,0.183463177680204,41.87
"27019",0,0,0,0,0.276496721440726,81.36
"27021",0.000163612565445026,0.83892217327844,1,0,0.208290533190869,54.31
"27023",0,0,0,0,0.172962034099466,36.4
"27025",0,0,0,0,0.271526494191094,79.92
"27027",8.39877377902826e-05,0.430646480752348,1,0,0.258777189394301,75.88
"27029",0,0,0,0,0.15919688629318,28.48
"27031",0,0,0,0,0.166895466531463,33.09
"27033",0.000179115171054988,0.918411664531225,1,0,0.147143519963311,22.56
"27035",5.79558955634762e-05,0.297168409578825,1,0,0.335391486259951,93.41
"27037",8.08534317525695e-05,0.414575350605797,1,0,0.376596661276508,98.06
"27039",0.000287397614599799,1.47362906253135,1,1,0.194853142359109,47.53
"27041",0.000275963572808389,1.41500110102415,1,1,0.311690157767702,88.86
"27043",0.000381533765738268,1.95631145481794,1,1,0.177999192921761,39.01
"27045",0.000656598818122127,3.36670539926318,1,1,0.262145177620733,77.25
"27047",0.000299043062200957,1.53334100570509,1,1,0.240568702443687,69.04
"27049",0.000168705187684521,0.865034554715787,1,0,0.25780296529568,75.5
"27051",0,0,0,0,0.173621418633859,36.72
"27053",8.89510769077008e-05,0.456095963973741,1,0,0.299748486525711,86.32
"27055",0.000499666888740839,2.56203813611484,1,1,0.226342000889231,63.32
"27057",0.000130855796911803,0.670962094095502,1,0,0.24709045340614,71.84
"27059",0.0001476450612727,0.757048918216127,1,0,0.243303931082452,70.38
"27061",0.000107469102632993,0.551046998718735,1,0,0.268490704746845,78.97
"27063",0.000174428745857317,0.894382055307488,1,0,0.124255116033995,11.87
"27065",0,0,0,0,0.197518057582883,49.03
"27067",7.57661855513884e-05,0.388490534763634,1,0,0.238959790197049,68.6
"27069",0,0,0,0,0.146762712407079,22.21
"27071",0.000203376042302217,1.04280909560257,1,1,0.179764478887523,39.87
"27073",0,0,0,0,0.186775351436307,43.65
"27075",0,0,0,0,0.165299373819097,32.13
"27077",0,0,0,0,0.154398351426479,26.34
"27079",0.000100542931831892,0.515533111107765,1,0,0.232068791340331,65.67
"27081",0,0,0,0,0.169572198430416,34.62
"27083",0,0,0,0,0.193016110451049,46.61
"27085",0,0,0,0,0.248042943021369,72.13
"27087",0,0,0,0,0.120816175304338,10.69
"27089",0,0,0,0,0.131899234053011,15.43
"27091",0.0001057753331923,0.542362208914515,1,0,0.204350839638725,52.05
"27093",0,0,0,0,0.208208386046161,54.22
"27095",9.44554642486068e-05,0.484319667807484,1,0,0.219477390300405,60.29
"27097",0,0,0,0,0.261658544178333,77
"27099",0.000376566786809403,1.9308433084913,1,1,0.206172478496455,53.23
"27101",0,0,0,0,0.179293180842922,39.55
"27103",0,0,0,0,0.179727459462468,39.83
"27105",9.08677873693776e-05,0.465923882151552,1,0,0.154110270873607,26.19
"27107",0,0,0,0,0.137665545404226,18.1
"27109",8.12802543168846e-05,0.416763880027639,1,0,0.187393141575456,44.16
"27111",0.000224123118299653,1.14918956850573,1,1,0.303967206243192,87.37
"27113",0,0,0,0,0.136497840524563,17.53
"27115",0,0,0,0,0.231526884865564,65.54
"27117",0,0,0,0,0.17380657970231,36.84
"27119",0.000135372952484094,0.69412377461457,1,0,0.196694640072591,48.55
"27121",0,0,0,0,0.19334818291504,46.9
"27123",0.000206533145778909,1.05899711944247,1,1,0.286145330148915,83.2
"27125",0,0,0,0,0.139129334371703,18.74
"27127",0.000426985482493595,2.18936478355159,1,1,0.205592928333302,52.91
"27129",0,0,0,0,0.146876230427449,22.37
"27131",0.000782276738218912,4.01111796973984,1,1,0.223481565432791,61.95
"27133",0.000233863423760524,1.19913290998078,1,1,0.185002338066454,43.02
"27135",0,0,0,0,0.131094058352627,14.99
"27137",0.000341925802100944,1.75322192533482,1,1,0.287253304033248,83.42
"27139",1.43775250528374e-05,0.0737206493332829,1,0,0.269524382953571,79.38
"27141",6.0549181072326e-05,0.310465461117001,1,0,0.325167601075316,91.66
"27143",0.000193124758594052,0.990245717087259,1,0,0.167824523616916,33.63
"27145",8.29178802043926e-05,0.42516079419391,1,0,0.333824876605608,93.13
"27147",0.000238356294989751,1.22217007271722,1,1,0.223993103759957,62.17
"27149",0.000138331719463273,0.709294829586088,1,0,0.123648987062414,11.61
"27151",0,0,0,0,0.158846577618647,28.29
"27153",0,0,0,0,0.201276985503368,50.72
"27155",0.000590318772136954,3.02685497230096,1,1,0.183310671965522,41.78
"27157",0.000772300167331703,3.95996317910503,1,1,0.215424780635138,58.16
"27159",0.000315159155373464,1.61597614972513,1,1,0.211640219063407,56.16
"27161",0,0,0,0,0.204827164170617,52.21
"27163",6.44033489741467e-05,0.330227677445439,1,0,0.301538067140807,86.73
"27165",0.0001960399921584,1.00519355480844,1,1,0.193639959100954,46.96
"27167",0,0,0,0,0.146262995631703,21.99
"27169",0.00043859649122807,2.2489001417008,1,1,0.242030717183357,69.97
"27171",5.3594397598971e-05,0.274804862248705,1,0,0.328861773827989,92.36
"27173",0,0,0,0,0.167358864878679,33.28
"28001",0.00145373695912434,7.45402509768455,1,1,0.244529455146858,71.01
"28003",0.000202730098661981,1.03949702454612,1,1,0.243617244260656,70.51
"28005",0,0,0,0,0.139214244699875,18.77
"28007",0,0,0,0,0.209717247794429,54.95
"28009",0,0,0,0,0.143509353857203,20.71
"28011",0,0,0,0,0.205447858466159,52.69
"28013",0,0,0,0,0.147460595076163,22.69
"28015",0,0,0,0,0.163705527898615,31.37
"28017",0,0,0,0,0.175689927533213,37.89
"28019",0,0,0,0,0.122992735311207,11.45
"28021",0,0,0,0,0.0962315807917646,4.04
"28023",0,0,0,0,0.141256108434894,19.79
"28025",0,0,0,0,0.186288624216977,43.56
"28027",0,0,0,0,0.184782563668624,42.86
"28029",0,0,0,0,0.163297298123429,30.89
"28031",0,0,0,0,0.160768736369892,29.62
"28033",0,0,0,0,0.247574853336886,72.03
"28035",0.000113804483896666,0.583531617511987,1,0,0.255097500797723,74.74
"28037",0,0,0,0,0.136294631596636,17.44
"28039",0.000945179584120983,4.84640106151023,1,1,0.210151046479149,55.33
"28041",0.000426803243704652,2.18843035556032,1,1,0.145323341518184,21.51
"28043",0,0,0,0,0.195434202584609,47.88
"28045",0,0,0,0,0.187656675390448,44.29
"28047",5.73350661264429e-05,0.293985111406496,1,0,0.25694544398318,75.18
"28049",0.000315994166261546,1.62025766164346,1,1,0.254608699899162,74.58
"28051",0.000260078023407022,1.33354806842076,1,1,0.184437023863597,42.7
"28053",0,0,0,0,0.133367578308025,15.97
"28055",0,0,0,0,0.107828203097737,6.71
"28057",0,0,0,0,0.179978321504995,40.06
"28059",0.000174410492535231,0.894288461538619,1,0,0.202481996379242,51.32
"28061",0,0,0,0,0.137588963188849,18.07
"28063",0,0,0,0,0.121689735822423,11.17
"28065",0,0,0,0,0.140106405035116,19.22
"28067",0.000601227770394279,3.08279077711786,1,1,0.21008280367379,55.3
"28069",0,0,0,0,0.125929954502583,12.57
"28071",0,0,0,0,0.23198831909866,65.64
"28073",4.27642832706124e-05,0.219273534171991,1,0,0.271790471970411,80.05
"28075",0.000254323499491353,1.3040417912202,1,1,0.28669715479283,83.33
"28077",0,0,0,0,0.153134618165493,25.45
"28079",0,0,0,0,0.14016435988678,19.28
"28081",0,0,0,0,0.263779967098243,77.79
"28083",0.000280721454137132,1.43939710101139,1,1,0.205722890186262,53.01
"28085",0.00193143408981169,9.90341346804023,1,1,0.231388862278609,65.45
"28087",0,0,0,0,0.263544611342889,77.73
"28089",0.000102553584247769,0.525842715934553,1,0,0.267766375881014,78.68
"28091",0,0,0,0,0.200408423901542,50.24
"28093",0,0,0,0,0.178007152879669,39.04
"28095",9.53197979220284e-05,0.488751532082531,1,0,0.208040946634352,54.12
"28097",0,0,0,0,0.15883720945286,28.25
"28099",0,0,0,0,0.155337679090149,26.66
"28101",0,0,0,0,0.151807379603025,24.85
"28103",0.000366568914956012,1.87957929731592,1,1,0.180547464161542,40.41
"28105",0.000125355172990139,0.64275768716503,1,0,0.156538030563896,27.27
"28107",0,0,0,0,0.21327671705265,57.14
"28109",0,0,0,0,0.268574753972329,79.03
"28111",0,0,0,0,0.150050071652361,23.93
"28113",0,0,0,0,0.225826590272466,63.09
"28115",0,0,0,0,0.146767319437631,22.24
"28117",0.000121862052156958,0.624846736909314,1,0,0.189409249827487,45.18
"28119",0.0021945866861741,11.2527263856865,1,1,0.138602447370462,18.49
"28121",0.000159846547314578,0.819611944225996,1,0,0.33236156392572,92.94
"28123",0,0,0,0,0.108045553105157,6.78
"28125",0,0,0,0,0.128770285990043,13.87
"28127",0,0,0,0,0.181140018772919,40.57
"28129",0,0,0,0,0.125423984268229,12.22
"28131",0,0,0,0,0.175347215549498,37.58
"28133",0,0,0,0,0.130217226217821,14.48
"28135",0.000294290759270159,1.50897360891049,1,1,0.120489046662519,10.59
"28137",0,0,0,0,0.188595276727566,44.64
"28139",0,0,0,0,0.158275547519699,27.97
"28141",0,0,0,0,0.176952364762914,38.43
"28143",0,0,0,0,0.0858738245663919,2.23
"28145",7.33299112708074e-05,0.375998557093043,1,0,0.16008187492911,28.99
"28147",0,0,0,0,0.179634896191529,39.77
"28149",0.000144675925925926,0.741824699519362,1,0,0.192564781052498,46.52
"28151",0.000295560678607318,1.5154851105627,1,1,0.250548234756725,72.73
"28153",0,0,0,0,0.183937885641709,42.32
"28155",0,0,0,0,0.165066704227332,31.85
"28157",0,0,0,0,0.135855928169696,17.24
"28159",0.000168321831341525,0.86306889801007,1,0,0.175574507344873,37.7
"28161",0,0,0,0,0.132814886608158,15.84
"28163",0,0,0,0,0.159930139641601,28.89
"29001",0.000369037734108313,1.89223814856641,1,1,0.214597780867142,57.84
"29003",0,0,0,0,0.21963962754771,60.36
"29005",0,0,0,0,0.127586838112161,13.33
"29007",0.000213378854155553,1.09409843658974,1,1,0.2374582515973,68.02
"29009",0,0,0,0,0.205524839616148,52.75
"29011",0.000226039783001808,1.15901725205195,1,1,0.178519656952919,39.29
"29013",0.000219298245614035,1.1244500708504,1,1,0.226549998232099,63.44
"29015",0,0,0,0,0.208490590039614,54.41
"29017",0,0,0,0,0.195200680983545,47.76
"29019",0.000136457916378589,0.699686918654411,1,0,0.252993272727152,74.07
"29021",0.000467194799918749,2.39553774996527,1,1,0.268027316739114,78.81
"29023",0,0,0,0,0.261024931336703,76.74
"29025",0,0,0,0,0.171104378569431,35.35
"29027",0.000118666192001899,0.608459988498615,1,0,0.214001651601976,57.46
"29029",0,0,0,0,0.281397956506418,82.34
"29031",0.000108998953610045,0.558891297859024,1,0,0.323096336419384,91.25
"29033",0,0,0,0,0.145960580768137,21.86
"29035",0,0,0,0,0.152024608454284,24.94
"29037",0.000139606310205221,0.715830283830494,1,0,0.287260081839252,83.49
"29039",0,0,0,0,0.196597951134253,48.49
"29041",0,0,0,0,0.165091661677427,31.91
"29043",0,0,0,0,0.34714568037023,94.88
"29045",0,0,0,0,0.152475450294054,25.17
"29047",0,0,0,0,0.307208050844705,88.23
"29049",0,0,0,0,0.211339276957077,55.97
"29051",0.000394734583898261,2.02399854859166,1,1,0.208310657305683,54.34
"29053",0.000176616036736136,0.905597372496967,1,0,0.206155809995374,53.2
"29055",0.000386050701325441,1.97947200736501,1,1,0.216864071383818,58.86
"29057",0,0,0,0,0.128896978095249,13.94
"29059",0,0,0,0,0.209867745328171,55.27
"29061",0,0,0,0,0.186288291270924,43.53
"29063",0,0,0,0,0.15270286391995,25.26
"29065",0,0,0,0,0.18653604116932,43.62
"29067",0,0,0,0,0.185144184589777,43.11
"29069",0.000570396425515733,2.92470329294296,1,1,0.188751684632736,44.73
"29071",0.000113094026373527,0.579888752016221,1,0,0.342066698544668,94.24
"29073",0,0,0,0,0.20535068007805,52.59
"29075",0.000378501135503407,1.94076166656996,1,1,0.149353404602731,23.54
"29077",0.000102211864753261,0.524090551849813,1,0,0.335822372901066,93.51
"29079",0,0,0,0,0.177072935503224,38.47
"29081",0.000658327847267939,3.37557098293471,1,1,0.157687925607193,27.74
"29083",0.00054525627044711,2.79579734082761,1,1,0.211204140189972,55.87
"29085",0,0,0,0,0.177558884968675,38.66
"29087",0,0,0,0,0.132724698229221,15.78
"29089",0,0,0,0,0.154671771461265,26.44
"29091",5.7319729450877e-05,0.29390647272027,1,0,0.292464015527262,84.73
"29093",0.00024740227610094,1.26855327141955,1,1,0.163676234899151,31.28
"29095",0.00010032198580205,0.514400212035936,1,0,0.33477226477586,93.32
"29097",0.000368844900719248,1.89124939684435,1,1,0.338884913791576,93.89
"29099",0.000479279711062803,2.45750303908148,1,1,0.36389357117165,96.91
"29101",0.000132257637878587,0.678150022890865,1,0,0.165889618527427,32.42
"29103",0,0,0,0,0.149279878264134,23.48
"29105",0.000258314497901195,1.32450560492808,1,1,0.236290574816726,67.67
"29107",0.000572191493419798,2.93390748984045,1,1,0.234821588832469,67.07
"29109",0,0,0,0,0.249463767680283,72.45
"29111",0.000338868180277872,1.73754399291014,1,1,0.161464858694962,30.07
"29113",0,0,0,0,0.265352825903094,78.11
"29115",0,0,0,0,0.15622786853991,27.11
"29117",0,0,0,0,0.228543792213971,64.17
"29119",0,0,0,0,0.175242810842069,37.45
"29121",0,0,0,0,0.195394275353442,47.82
"29123",0,0,0,0,0.170544010188625,35
"29125",0,0,0,0,0.183122726320502,41.71
"29127",0.000343500961802693,1.76129854461316,1,1,0.237705549513133,68.15
"29129",0,0,0,0,0.11167271165579,7.73
"29131",0,0,0,0,0.216287850447444,58.67
"29133",0,0,0,0,0.134309332132819,16.45
"29135",0,0,0,0,0.183494595597438,41.93
"29137",0,0,0,0,0.162220713681947,30.42
"29139",0,0,0,0,0.17605372116553,37.99
"29141",0.000334280461307037,1.71402049910675,1,1,0.268312316371173,78.87
"29143",0.000720980533525595,3.69682215074104,1,1,0.135636835121445,17.18
"29145",4.11454904542462e-05,0.21097318643342,1,0,0.229234165208918,64.33
"29147",0,0,0,0,0.185285583364997,43.21
"29149",0,0,0,0,0.156823403217588,27.36
"29151",0,0,0,0,0.162726430198297,30.7
"29153",0,0,0,0,0.198855916403891,49.57
"29155",0.00123893805309735,6.35264535602563,1,1,0.149335477723441,23.51
"29157",0,0,0,0,0.193318348712396,46.87
"29159",0,0,0,0,0.250591418161589,72.76
"29161",4.69748214956783e-05,0.240863036597042,1,0,0.235603961588406,67.36
"29163",0,0,0,0,0.183571761175341,42.03
"29165",0.000426850769259321,2.18867404247703,1,1,0.297957958975693,85.75
"29167",0.000173130193905817,0.887723740145053,1,0,0.258378330516059,75.79
"29169",0,0,0,0,0.116453672474516,9.45
"29171",0,0,0,0,0.132098527842833,15.56
"29173",0,0,0,0,0.161031590741345,29.78
"29175",0,0,0,0,0.207659638782228,54.02
"29177",0,0,0,0,0.176205228848003,38.12
"29179",0,0,0,0,0.130692690607593,14.67
"29181",0,0,0,0,0.168943007145006,34.27
"29183",4.9698770231541e-05,0.254830062828636,1,0,0.341134811186413,94.08
"29185",0,0,0,0,0.174229527520401,37
"29186",0,0,0,0,0.189576896600328,45.34
"29187",0.000117610161517955,0.603045200299258,1,0,0.261671048668349,77.03
"29189",0.000158631288493556,0.813380713950652,1,0,0.322079181299231,91.09
"29195",0.00029296875,1.50219501652671,1,1,0.174322343377278,37.07
"29197",0,0,0,0,0.142118681571665,20.04
"29199",0,0,0,0,0.18186639197917,40.95
"29201",0,0,0,0,0.242675266473265,70.16
"29203",0,0,0,0,0.153970119137196,26.03
"29205",0,0,0,0,0.130991894677624,14.83
"29207",0,0,0,0,0.194175793410649,47.25
"29209",0,0,0,0,0.234771407567138,67.04
"29211",0,0,0,0,0.101272312872147,5.09
"29213",0,0,0,0,0.226219421929326,63.22
"29215",0.000282445982205903,1.44823960544495,1,1,0.212118344694638,56.38
"29217",0.000263921879123779,1.35325740909945,1,1,0.222179603748826,61.34
"29219",0,0,0,0,0.252196610998938,73.53
"29221",0,0,0,0,0.21751811386463,59.24
"29223",0,0,0,0,0.163731572665683,31.4
"29225",0,0,0,0,0.252765225863724,73.88
"29227",0,0,0,0,0.138196698610035,18.26
"29229",0.000514933058702369,2.64031530539538,1,1,0.233654438814302,66.37
"29510",0.000141003948110547,0.722996661460495,1,0,0.217974415590018,59.4
"30001",0,0,0,0,0.187832060257239,44.38
"30003",0,0,0,0,0.113022930609604,8.3
"30005",0,0,0,0,0.142568347839197,20.36
"30007",0.000966183574879227,4.95409886287713,1,1,0.204322032837937,52.02
"30009",0,0,0,0,0.253577211311159,74.26
"30011",0.00171821305841924,8.81012426645675,1,1,0.103523193969733,5.7
"30013",0.000203758206927779,1.04476864178629,1,1,0.320716331943165,90.8
"30015",0,0,0,0,0.135510736693751,17.15
"30017",0,0,0,0,0.219413478224631,60.26
"30019",0,0,0,0,0.103201396702169,5.54
"30021",0,0,0,0,0.226331808334189,63.28
"30023",0,0,0,0,0.177440506460734,38.63
"30025",0,0,0,0,0.160655172800598,29.4
"30027",0.000360880548538434,1.85041224217893,1,1,0.259248471145157,76.07
"30029",0.00013311812569679,0.682562167572801,1,0,0.400310247561258,99.36
"30031",9.26719644139657e-05,0.475174786097151,1,0,0.386696070273459,98.76
"30033",0,0,0,0,0.098314822986722,4.39
"30035",0,0,0,0,0.131930894744494,15.46
"30037",0,0,0,0,0.115311710262853,9.16
"30039",0,0,0,0,0.15497483304837,26.54
"30041",0,0,0,0,0.207607470974827,53.99
"30043",0,0,0,0,0.232223394631775,65.8
"30045",0,0,0,0,0.114277946701438,8.72
"30047",0,0,0,0,0.261726986755353,77.06
"30049",0.000692876779687535,3.55272036868672,1,1,0.305673722827006,87.88
"30051",0.00249687890137328,12.8027273984465,1,1,0.107977691947504,6.75
"30053",0.000130633572828217,0.66982264181291,1,0,0.295419505535412,85.36
"30055",0,0,0,0,0.12580209941727,12.41
"30057",0.000242306760358614,1.24242605356865,1,1,0.215544178619655,58.29
"30059",0,0,0,0,0.117286380315616,9.64
"30061",0.000674308833445718,3.45751336687649,1,1,0.154028398517992,26.12
"30063",0,0,0,0,0.409713796493493,99.65
"30065",0,0,0,0,0.149400688644134,23.58
"30067",0,0,0,0,0.27773753959948,81.64
"30069",0,0,0,0,0.0745370640437855,1.43
"30071",0,0,0,0,0.175435373286136,37.64
"30073",0,0,0,0,0.178468980725435,39.26
"30075",0,0,0,0,0.12119501806922,10.79
"30077",0,0,0,0,0.153051612819485,25.39
"30079",0,0,0,0,0.0945313850983426,3.82
"30081",5.60915413955576e-05,0.287608947895324,1,0,0.354602920425181,95.93
"30083",0,0,0,0,0.228716895168881,64.21
"30085",0,0,0,0,0.137319526651313,17.94
"30087",0,0,0,0,0.10412976795334,5.79
"30089",0,0,0,0,0.240607579980775,69.11
"30091",0,0,0,0,0.16695749291553,33.15
"30093",0.000491776405660893,2.52157974469704,1,1,0.305800289616508,87.91
"30095",0,0,0,0,0.169168142672304,34.39
"30097",0,0,0,0,0.176080926483999,38.02
"30099",0,0,0,0,0.18135605069682,40.73
"30101",0,0,0,0,0.131273908501065,15.05
"30103",0,0,0,0,0.0885512926376584,2.77
"30105",0,0,0,0,0.184362042198243,42.67
"30107",0,0,0,0,0.0881630229436652,2.7
"30109",0,0,0,0,0.128926270644431,13.97
"30111",0.000122622903914736,0.62874799845632,1,0,0.427941195571818,99.87
"31001",0.00016650940778154,0.85377571012008,1,0,0.252005214827913,73.4
"31003",0,0,0,0,0.126870885080951,13.08
"31005",0,0,0,0,0.0604938977125702,0.67
"31007",0,0,0,0,0.0963965525758966,4.07
"31009",0,0,0,0,0.0676878156123626,0.92
"31011",0.0002999400119976,1.53794010890157,1,1,0.135142802380786,16.93
"31013",0,0,0,0,0.141137906129425,19.69
"31015",0,0,0,0,0.102756218923164,5.41
"31017",0,0,0,0,0.12123767000211,10.82
"31019",0.000125608415763856,0.644056187543141,1,0,0.289802949335416,84.06
"31021",0.000874890638670166,4.48599503331394,1,1,0.141954434309737,19.98
"31023",0,0,0,0,0.115302348512902,9.1
"31025",0,0,0,0,0.236737521478799,67.8
"31027",0,0,0,0,0.150106359671855,23.96
"31029",0,0,0,0,0.130499957344808,14.6
"31031",0,0,0,0,0.153863707748957,25.87
"31033",0,0,0,0,0.165726920508968,32.36
"31035",0,0,0,0,0.118577709391274,10.05
"31037",0.000498919008814236,2.55820338753259,1,1,0.114615387199185,8.91
"31039",0,0,0,0,0.162676104669125,30.64
"31041",0,0,0,0,0.153957482634465,25.96
"31043",0,0,0,0,0.140201956687734,19.34
"31045",0,0,0,0,0.160712905065627,29.53
"31047",0,0,0,0,0.160132707406441,29.05
"31049",0,0,0,0,0.0876159632249934,2.55
"31051",0,0,0,0,0.112021946682568,7.86
"31053",4.80630587330578e-05,0.246442964677392,1,0,0.254536793195346,74.51
"31055",0.00022605523107576,1.15909646193254,1,1,0.312934891396939,89.15
"31057",0.00254777070063694,13.0636747084785,1,1,0.0983954150121075,4.45
"31059",0,0,0,0,0.139716461101841,19.06
"31061",0,0,0,0,0.112325635133932,7.99
"31063",0,0,0,0,0.0795818512051433,1.72
"31065",0,0,0,0,0.103935748893118,5.76
"31067",0.00020106564793405,1.03096256621651,1,1,0.234471240724065,66.82
"31069",0,0,0,0,0.092369298462697,3.4
"31071",0,0,0,0,0.130992837560555,14.86
"31073",0,0,0,0,0.0939977383374223,3.72
"31075",0.00390625,20.0292668870228,1,1,0.0916375747577226,3.25
"31077",0,0,0,0,0.113552169051666,8.4
"31079",0.000303905181583346,1.55827148551218,1,1,0.27759418007508,81.61
"31081",0,0,0,0,0.180150915292628,40.18
"31083",0,0,0,0,0.107134675880094,6.52
"31085",0.00442477876106195,22.688019128663,1,1,0.132855275647584,15.88
"31087",0,0,0,0,0.10239668435286,5.19
"31089",0,0,0,0,0.187293344601733,43.97
"31091",0,0,0,0,0.110247267822658,7.25
"31093",0,0,0,0,0.161208837422741,29.84
"31095",0.000470256289677874,2.41123551520236,1,1,0.154301271507493,26.28
"31097",0,0,0,0,0.104396631289376,5.89
"31099",0,0,0,0,0.135471473984129,17.05
"31101",0,0,0,0,0.197713532670312,49.19
"31103",0,0,0,0,0.110498950921253,7.38
"31105",0,0,0,0,0.0944360181983556,3.79
"31107",0,0,0,0,0.155569393091981,26.82
"31109",2.52481897047982e-05,0.129459898882965,1,0,0.314344746725429,89.5
"31111",5.53036168565424e-05,0.283568870870359,1,0,0.260912787269872,76.71
"31113",0,0,0,0,0.0886669135933009,2.86
"31115",0,0,0,0,0.0874619798769369,2.48
"31117",0,0,0,0,0.0530394592998837,0.35
"31119",0,0,0,0,0.29684269946764,85.59
"31121",0,0,0,0,0.179388808072937,39.64
"31123",0.00143129770992366,7.33896801967246,1,1,0.113660492532435,8.43
"31125",0,0,0,0,0.0993144924728277,4.61
"31127",0,0,0,0,0.107123172685326,6.49
"31129",0,0,0,0,0.132593681424448,15.72
"31131",0,0,0,0,0.184683622215294,42.83
"31133",0,0,0,0,0.125778587181174,12.34
"31135",0.000695410292072323,3.56571093399014,1,1,0.110503467555176,7.41
"31137",0.000506842372022301,2.59883037155491,1,1,0.151212415092315,24.47
"31139",0,0,0,0,0.177816919183077,38.88
"31141",0,0,0,0,0.230402353186085,64.87
"31143",0,0,0,0,0.13359635944787,16.16
"31145",0.000334504097675196,1.71516719286765,1,1,0.193872904374543,47.12
"31147",0,0,0,0,0.173175029520595,36.46
"31149",0,0,0,0,0.093535685932009,3.63
"31151",0,0,0,0,0.1394290619818,18.84
"31153",6.23590425808329e-05,0.319745512107704,1,0,0.263230844032901,77.63
"31155",0,0,0,0,0.231359142740769,65.42
"31157",0,0,0,0,0.272790697763504,80.31
"31159",0,0,0,0,0.193082176457117,46.64
"31161",0,0,0,0,0.127739274415106,13.36
"31163",0,0,0,0,0.121136354340913,10.75
"31165",0.00491400491400491,25.1965224721269,1,1,0.12588594755916,12.5
"31167",0,0,0,0,0.106568753953569,6.36
"31169",0,0,0,0,0.117973611221318,9.93
"31171",0,0,0,0,0.134853478385329,16.86
"31173",0,0,0,0,0.0818274954845763,1.91
"31175",0,0,0,0,0.145757930042806,21.67
"31177",0,0,0,0,0.208279107769206,54.28
"31179",0.000599280862964443,3.07280802421764,1,1,0.125646503126058,12.31
"31181",0,0,0,0,0.110464274953501,7.35
"31183",0,0,0,0,0.0548188634460098,0.48
"31185",0.000222890894906943,1.1428713525193,1,1,0.202063084652041,51.03
"32001",0,0,0,0,0.194577063485558,47.41
"32003",8.54073892557504e-05,0.43792573274298,1,0,0.301873605215345,86.83
"32005",8.50484776322504e-05,0.43608541614882,1,0,0.244170888590584,70.86
"32007",0,0,0,0,0.252593631482164,73.75
"32009",0,0,0,0,0.0893623637632134,2.93
"32011",0,0,0,0,0.0142430815505554,0.03
"32013",0,0,0,0,0.164583052000132,31.69
"32015",0,0,0,0,0.0689080484549619,0.95
"32017",0,0,0,0,0.121473892386228,10.91
"32019",0,0,0,0,0.248463882760838,72.16
"32021",0,0,0,0,0.102505771922275,5.28
"32023",0,0,0,0,0.233629504865386,66.34
"32027",0,0,0,0,0.067421026936166,0.89
"32029",0,0,0,0,0.0809065169742487,1.78
"32031",0.000211089750838705,1.08236107690587,1,1,0.38920917063709,98.89
"32033",0,0,0,0,0.127573975691038,13.3
"32510",0.000174535299764377,0.894928409647932,1,0,0.250796380651337,73.02
"33001",0.000301851354977193,1.5477405053562,1,1,0.331745720913288,92.87
"33003",0,0,0,0,0.33282642661332,93
"33005",2.80796338415747e-05,0.143978106957511,1,0,0.317323042407914,90.14
"33007",0,0,0,0,0.246575410860829,71.75
"33009",9.431144783791e-05,0.483581224767239,1,0,0.218968141095654,60.07
"33011",7.17952399755896e-05,0.368129541808366,1,0,0.367194498436887,97.17
"33013",5.77954503421491e-05,0.296345727938195,1,0,0.34297269048483,94.37
"33015",5.71337157483374e-06,0.0292952688888511,1,0,0.388846463937548,98.85
"33017",0.000202596924210332,1.03881417356766,1,1,0.314468186886934,89.56
"33019",0,0,0,0,0.273154507799913,80.37
"34001",0.000168703331524051,0.865025037267227,1,0,0.241423744779595,69.55
"34003",0.00052007383008882,2.66667457121411,1,1,0.371356656726101,97.65
"34005",0.000153041053262538,0.784716825719407,1,0,0.311947422692811,88.93
"34007",0.000157811678064177,0.809178167766096,1,0,0.3608112112699,96.63
"34009",0.000126121959935257,0.646689381339562,1,0,0.267548541788627,78.59
"34011",0.000308703906647939,1.58287691144144,1,1,0.275547904335647,81.04
"34013",0.000135639881139275,0.695492449244819,1,0,0.271922551450027,80.08
"34015",0.000110023911863512,0.564146763435148,1,0,0.334103594446741,93.19
"34017",0.000113555252741548,0.582253686677451,1,0,0.241612447026597,69.71
"34019",0.000265151515151515,1.35956235839185,1,1,0.338951278899978,93.92
"34021",0.000245853388275217,1.26061136098385,1,1,0.196222072448078,48.2
"34023",0.000236653590312127,1.21343946755424,1,1,0.303193299523614,87.11
"34025",0.000293316299260843,1.50397707269357,1,1,0.379405022188523,98.19
"34027",0.000156410531642464,0.801993800245255,1,0,0.277479683073677,81.55
"34029",0.000166460902495526,0.853526999638418,1,0,0.383061923872711,98.44
"34031",0.000383930216843786,1.96859923946412,1,1,0.444227055245906,99.94
"34033",0.000338166293274718,1.7339450726898,1,1,0.230954779367292,65
"34035",3.84696762776741e-05,0.197252969785063,1,0,0.247462663782061,72
"34037",0.000919220680223303,4.71329698105937,1,1,0.354821825106637,96.02
"34039",0.000558784953162956,2.86516555759446,1,1,0.375356859297383,97.96
"34041",0.000535245945511963,2.74446947657112,1,1,0.337700341917578,93.67
"35001",6.71898863715652e-05,0.344515626558672,1,0,0.320816477524232,90.9
"35003",0,0,0,0,0.137157421556749,17.85
"35005",4.02398293831234e-05,0.206329416243927,1,0,0.261509247890751,76.96
"35006",0,0,0,0,0.140259321397612,19.38
"35007",0,0,0,0,0.162331706924054,30.48
"35009",0,0,0,0,0.197184433737074,48.9
"35011",0,0,0,0,0.121995155114009,11.29
"35013",0.000568370706388272,2.91431643366819,1,1,0.276398936029795,81.29
"35015",0,0,0,0,0.2294331044755,64.46
"35017",0,0,0,0,0.191103239579806,46.04
"35019",0,0,0,0,0.087541725955726,2.51
"35021",0,0,0,0,0.0730288438888597,1.21
"35023",0,0,0,0,0.13337741238821,16
"35025",0,0,0,0,0.172389071969077,35.98
"35027",0,0,0,0,0.26311042141151,77.54
"35028",0,0,0,0,0.0351196249025087,0.16
"35029",0,0,0,0,0.176482556561118,38.24
"35031",0,0,0,0,0.216499522264753,58.7
"35033",0,0,0,0,0.139627704111599,18.96
"35035",0,0,0,0,0.180611621370374,40.44
"35037",0,0,0,0,0.166415524777532,32.74
"35039",0,0,0,0,0.180228673600984,40.22
"35041",0,0,0,0,0.146307045451645,22.05
"35043",9.51769100816142e-05,0.488018875777746,1,0,0.260669511238579,76.58
"35045",0.0002340276152586,1.19997480062669,1,1,0.283967281118268,82.82
"35047",0,0,0,0,0.17858533612502,39.33
"35049",0,0,0,0,0.297981825931763,85.78
"35051",0,0,0,0,0.146201825997239,21.92
"35053",0,0,0,0,0.125438446734815,12.25
"35055",0,0,0,0,0.266087630182395,78.27
"35057",0,0,0,0,0.183103622702821,41.68
"35059",0,0,0,0,0.139514261741952,18.93
"35061",0,0,0,0,0.241444388087158,69.58
"36001",0.000311883158719802,1.59917850203305,1,1,0.244041401944564,70.79
"36003",0.000254825762884628,1.30661714291338,1,1,0.214458552837882,57.78
"36005",0.000254804229750214,1.30650673193198,1,1,0.204571545503525,52.18
"36007",0.000380956649374223,1.95335229509178,1,1,0.301548290131004,86.76
"36009",0.000506431682366049,2.5967245634953,1,1,0.252441439025602,73.72
"36011",0.000697862337471535,3.57828377795044,1,1,0.259026411349421,75.95
"36013",0.000573609984769666,2.94118079334725,1,1,0.301009463323287,86.64
"36015",0.000141179128077705,0.723894895397254,1,0,0.302425075234149,86.96
"36017",0.000590953046094338,3.03010720714817,1,1,0.201404250711659,50.78
"36019",0.000229660676350692,1.17758335490103,1,1,0.244033704011161,70.76
"36021",0,0,0,0,0.281467675194411,82.37
"36023",0.000479054665460159,2.45634911948158,1,1,0.229336503373277,64.4
"36025",0.000926326190329155,4.74973042957867,1,1,0.241275657834211,69.49
"36027",0.000242956228692347,1.24575619746395,1,1,0.301029635019888,86.67
"36029",0.000458332319323777,2.35009544875112,1,1,0.351094300590481,95.42
"36031",6.11845325501713e-05,0.313723220942109,1,0,0.23581005723155,67.42
"36033",5.27788040323006e-05,0.270622912496851,1,0,0.166627971490684,32.99
"36035",0.000286090290095554,1.46692576617206,1,1,0.234216012871767,66.66
"36037",0.000119545726240287,0.612969793553835,1,0,0.257685196618943,75.41
"36039",6.21929224454257e-05,0.318893732388695,1,0,0.258354256969977,75.76
"36041",0,0,0,0,0.155056243161141,26.63
"36043",0.00100164977610181,5.13595153737468,1,1,0.265920545475779,78.21
"36045",0.000202142712755205,1.03648520781844,1,1,0.20237692716504,51.16
"36047",0.00021667163605301,1.11098215049052,1,1,0.240124788970096,69.01
"36049",0.0017632241813602,9.04091845378962,1,1,0.191832039303186,46.26
"36051",0.000365230094959825,1.87271450806349,1,1,0.254582484004484,74.55
"36053",0.00077905215321359,3.99458393487994,1,1,0.252147805032789,73.46
"36055",0.000300519998127908,1.54091398333221,1,1,0.306069803715211,88.01
"36057",0.000828419667657522,4.24771548620063,1,1,0.207317212000534,53.87
"36059",0.00052812858783008,2.70797527969667,1,1,0.347904831186132,95
"36061",1.02620860768577e-05,0.0526187675778517,1,0,0.18445149765464,42.73
"36063",0.000637193096622877,3.26720271125199,1,1,0.337281780949217,93.6
"36065",0.000554093364731957,2.84110947393147,1,1,0.290578173888877,84.28
"36067",0.000479723195938595,2.45977700437751,1,1,0.329081926847635,92.4
"36069",0.000326494140289377,1.67409619786368,1,1,0.303619068159771,87.24
"36071",0.000154609068108158,0.792756809802795,1,0,0.35994856265466,96.56
"36073",0,0,0,0,0.184220462935251,42.54
"36075",0.000453463326153497,2.3251297236494,1,1,0.289917256648574,84.09
"36077",0.00118953211736717,6.09931679985467,1,1,0.234622088893879,66.91
"36079",0.00070544475084974,3.61716254433759,1,1,0.324857044559691,91.6
"36081",0.000630459717880781,3.23267736344352,1,1,0.274452587408194,80.62
"36083",0.000225631768953069,1.15692516314933,1,1,0.285539384286944,83.11
"36085",0.000670029700354987,3.43557214480433,1,1,0.264672793441136,77.95
"36087",0.000163158753467124,0.836595255845624,1,0,0.268993509078572,79.22
"36089",0.000421718502899315,2.16235838611611,1,1,0.23240261591277,65.92
"36091",8.96691209437177e-05,0.45977772925605,1,0,0.351383058034243,95.51
"36093",0.000351235711092662,1.80095841221841,1,1,0.256066040170999,74.93
"36095",0.000661813368630046,3.39344296696084,1,1,0.197265605908052,48.97
"36097",0,0,0,0,0.173789917260188,36.81
"36099",0,0,0,0,0.208232332095313,54.25
"36101",0.000319242331533161,1.63691260413775,1,1,0.223538584503748,62.04
"36103",0.000636716320668108,3.26475804620408,1,1,0.416600669194768,99.78
"36105",5.8908426850461e-05,0.30205250644033,1,0,0.204277562032375,51.99
"36107",0.000210688952875904,1.08030598842851,1,1,0.21474655807742,57.91
"36109",0.000535350395468518,2.7450050429215,1,1,0.203490421705114,51.67
"36111",0.000339709031829259,1.74185545278473,1,1,0.376923762368664,98.09
"36113",0.000127132650207226,0.651871687950091,1,0,0.25894857315326,75.91
"36115",0.000600348201957135,3.07828079670879,1,1,0.242224938750259,70.03
"36117",0.000318694626808592,1.63410425236721,1,1,0.2515958104226,73.27
"36119",0.000584744028301611,2.99827051608211,1,1,0.331180874192807,92.71
"36121",0,0,0,0,0.205383341196591,52.66
"36123",0,0,0,0,0.239300893435417,68.76
"37001",0.000172842460744818,0.886248390570935,1,0,0.295180112084566,85.27
"37003",0,0,0,0,0.232324647336157,65.86
"37005",0,0,0,0,0.172710410751112,36.21
"37007",0,0,0,0,0.163823526018512,31.47
"37009",0,0,0,0,0.232940915806325,66.21
"37011",0,0,0,0,0.195287108559804,47.79
"37013",0,0,0,0,0.256166952685384,74.99
"37015",0,0,0,0,0.13616406011456,17.37
"37017",0,0,0,0,0.139433968013462,18.87
"37019",0.000350993104017839,1.79971444630473,1,1,0.33138697883107,92.81
"37021",0.000162997059533046,0.835766171439953,1,0,0.364201375832645,96.95
"37023",0.000394166338194718,2.02108487310912,1,1,0.212556174509448,56.57
"37025",0.000286032423818329,1.46662905727982,1,1,0.319233225809836,90.52
"37027",0.000698031551026106,3.57915141915247,1,1,0.252607428542649,73.78
"37029",0,0,0,0,0.202792039216411,51.42
"37031",0.000308060927605682,1.57958004133837,1,1,0.310054027688842,88.64
"37033",0,0,0,0,0.189835648341946,45.53
"37035",5.13478818998716e-05,0.263285870247899,1,0,0.285274209361596,83.04
"37037",8.7989441267048e-05,0.451165184608696,1,0,0.278016382806371,81.77
"37039",0.000105385182843292,0.540361715995134,1,0,0.259185107632492,76.04
"37041",0,0,0,0,0.172645911262112,36.14
"37043",0,0,0,0,0.206236922405541,53.26
"37045",0.000218759874577672,1.12168957749448,1,1,0.25581428872917,74.86
"37047",0.000240153698366955,1.23138624473531,1,1,0.221285615753597,60.93
"37049",9.90883868410622e-05,0.508074942833713,1,0,0.234388649431595,66.78
"37051",0.00018129465713981,0.929586962699404,1,0,0.143998221942558,20.94
"37053",0,0,0,0,0.256663600480631,75.06
"37055",0,0,0,0,0.240888664761496,69.23
"37057",0.000428090159510116,2.19502900647328,1,1,0.329841399449242,92.59
"37059",0.000190912562046583,0.978902696272972,1,0,0.213079688478232,56.98
"37061",0.000257842715943275,1.32208654656068,1,1,0.184285378590035,42.6
"37063",5.868085439324e-05,0.300885630412986,1,0,0.145617284586433,21.64
"37065",0.00034248530167247,1.75609075509258,1,1,0.188440897272428,44.51
"37067",0.000377337395533443,1.93479459880791,1,1,0.283735170035996,82.66
"37069",0,0,0,0,0.287271029223572,83.52
"37071",0.000332266389039639,1.70369335901754,1,1,0.303258394416482,87.15
"37073",0,0,0,0,0.161364438625341,29.94
"37075",0,0,0,0,0.178314913831391,39.2
"37077",0.000131636682755595,0.674966080264743,1,0,0.168836029644808,34.23
"37079",0,0,0,0,0.159484240809499,28.6
"37081",0.000129043223184976,0.661668136226181,1,0,0.351830899535803,95.55
"37083",0.000235072872590503,1.20533434957166,1,1,0.255155680012675,74.77
"37085",5.97567898652484e-05,0.306402481285836,1,0,0.272252469008073,80.15
"37087",0.000286273200057255,1.4678636355965,1,1,0.315989156204146,89.79
"37089",0,0,0,0,0.316257770629303,89.91
"37091",0.000102207686017989,0.524069125416785,1,0,0.193645106075892,46.99
"37093",0,0,0,0,0.21115181180029,55.81
"37095",0,0,0,0,0.158588799783806,28.06
"37097",0.000231711353856339,1.18809818806835,1,1,0.378836584692446,98.15
"37099",0.000115968920329352,0.594629748704375,1,0,0.197647045282955,49.13
"37101",7.00299728283705e-05,0.359078148062819,1,0,0.328688935975221,92.27
"37103",0,0,0,0,0.183892617792234,42.28
"37105",0.000225697243269386,1.1572608822036,1,1,0.23145219240516,65.48
"37107",0.000188821752265861,0.968182085173306,1,0,0.188567765666578,44.58
"37109",9.33300149328024e-05,0.478548935080683,1,0,0.306308370930017,88.07
"37111",0.000462320850670365,2.37054661261111,1,1,0.213302322062845,57.17
"37113",0,0,0,0,0.269916086557149,79.54
"37115",0.000181159420289855,0.928893536789462,1,0,0.221828028725311,61.15
"37117",0.000273935077386659,1.40460000632183,1,1,0.232102958392359,65.73
"37119",0.000205237379640452,1.05235308851503,1,1,0.320736413366861,90.84
"37121",0,0,0,0,0.176798456842511,38.34
"37123",0,0,0,0,0.168619933916435,34.14
"37125",0.000438750438750439,2.2496895064399,1,1,0.296711960178585,85.52
"37127",0.000134958837554546,0.692000403492442,1,0,0.259281196991213,76.11
"37129",0.000352394903402338,1.80690216188724,1,1,0.362962234789749,96.75
"37131",0,0,0,0,0.154987653619557,26.57
"37133",0.000110549430670432,0.566841357083265,1,0,0.136877421149538,17.69
"37135",3.24426036270831e-05,0.166349201038525,1,0,0.138847116518288,18.64
"37137",0,0,0,0,0.149277744653752,23.45
"37139",0.000419155401865242,2.14921610524063,1,1,0.224205348891978,62.3
"37141",0.000278009452321379,1.42549133252094,1,1,0.300115648706964,86.45
"37143",0,0,0,0,0.202947067922376,51.54
"37145",0,0,0,0,0.242270624115771,70.12
"37147",9.85200105088011e-05,0.505160597553425,1,0,0.24205273063466,70
"37149",0,0,0,0,0.236161819206803,67.58
"37151",0.000298602540112275,1.53108223207723,1,1,0.301795255638383,86.8
"37153",0,0,0,0,0.210209417590444,55.36
"37155",0,0,0,0,0.241924192702445,69.93
"37157",0.000351951571463767,1.80462898077564,1,1,0.245475168571934,71.3
"37159",0.00025864298646435,1.32618992751388,1,1,0.305436829913672,87.78
"37161",0.000378841691528153,1.94250786497242,1,1,0.275499192413304,81.01
"37163",0.000136792667913,0.701403354577242,1,0,0.213269670402749,57.11
"37165",7.48334954725735e-05,0.3837081735447,1,0,0.192228041802294,46.42
"37167",0.000307704142467018,1.57775062827888,1,1,0.287102501203692,83.36
"37169",0,0,0,0,0.223595319389302,62.07
"37171",0.000306419488279455,1.57116357379434,1,1,0.274898691193321,80.88
"37173",0,0,0,0,0.0918036043174679,3.31
"37175",0.000170779608914696,0.875671133648335,1,0,0.234290141011421,66.72
"37177",0,0,0,0,0.110727880202162,7.51
"37179",0.000114778935769708,0.588528112010219,1,0,0.354467608932237,95.9
"37181",0.000572191493419798,2.93390748984045,1,1,0.231171786303725,65.32
"37183",0.000138560769289391,0.710469280811111,1,0,0.341302849979674,94.11
"37185",0,0,0,0,0.170267620368715,34.9
"37187",0,0,0,0,0.189741077333096,45.5
"37189",3.42747463668769e-05,0.175743498871601,1,0,0.231094850483871,65.16
"37191",0.000248589731331867,1.27464193900013,1,1,0.256377831504106,75.02
"37193",9.02771508531191e-05,0.462895397948707,1,0,0.255497259718039,74.83
"37195",0.000304545339187372,1.56155388871238,1,1,0.261341328280847,76.9
"37197",0,0,0,0,0.2065960557025,53.45
"37199",0,0,0,0,0.213965797634342,57.43
"38001",0,0,0,0,0.0965237349270794,4.14
"38003",0.000182481751824818,0.935673781583545,1,0,0.172438024568428,36.11
"38005",0,0,0,0,0.0634174167772301,0.83
"38007",0,0,0,0,0.0802029446306073,1.75
"38009",0.000609942055504727,3.1274732071228,1,1,0.16067786913432,29.43
"38011",0,0,0,0,0.138775832954437,18.58
"38013",0,0,0,0,0.105370629522758,6.08
"38015",0,0,0,0,0.31692001234208,90.01
"38017",8.49341052899792e-05,0.435498972841852,1,0,0.336626826924276,93.54
"38019",0,0,0,0,0.111030820411876,7.57
"38021",0,0,0,0,0.127794336331465,13.39
"38023",0,0,0,0,0.126065974820031,12.66
"38025",0,0,0,0,0.106207536252697,6.27
"38027",0,0,0,0,0.123940767663147,11.74
"38029",0,0,0,0,0.137682706906427,18.14
"38031",0.000978473581213307,5.0171157760057,1,1,0.134537483544886,16.58
"38033",0,0,0,0,0.0932427649735491,3.56
"38035",0.000356992860142797,1.83047814977579,1,1,0.267140546089494,78.43
"38037",0,0,0,0,0.093888995197243,3.66
"38039",0,0,0,0,0.116099116265834,9.32
"38041",0,0,0,0,0.101887777227139,5.12
"38043",0,0,0,0,0.114385297793321,8.75
"38045",0,0,0,0,0.143549054125107,20.78
"38047",0,0,0,0,0.107320664861975,6.59
"38049",0,0,0,0,0.143141786196703,20.62
"38051",0,0,0,0,0.123513679991138,11.49
"38053",0,0,0,0,0.131443326622439,15.11
"38055",0,0,0,0,0.142129262240286,20.08
"38057",0,0,0,0,0.124185652821232,11.84
"38059",0,0,0,0,0.276565391101915,81.39
"38061",0,0,0,0,0.148450336212195,22.97
"38063",0,0,0,0,0.0990871877774068,4.55
"38065",0,0,0,0,0.105981841611564,6.2
"38067",0,0,0,0,0.125389260948979,12.15
"38069",0,0,0,0,0.146813225245274,22.3
"38071",0.000158654608916389,0.8135002892397,1,0,0.204495651740644,52.12
"38073",0,0,0,0,0.116150542046574,9.35
"38075",0,0,0,0,0.130027400323608,14.41
"38077",0,0,0,0,0.178135525677781,39.1
"38079",0,0,0,0,0.110056526013263,7.19
"38081",0,0,0,0,0.0819114659847937,1.94
"38083",0,0,0,0,0.0780287744353261,1.69
"38085",0,0,0,0,0.051698826668874,0.32
"38087",0,0,0,0,0.0886091064758304,2.8
"38089",0,0,0,0,0.263477173264409,77.7
"38091",0,0,0,0,0.102529846513849,5.31
"38093",0.000536727495782855,2.75206611421138,1,1,0.215703342607604,58.45
"38095",0,0,0,0,0.0865154405130185,2.32
"38097",0,0,0,0,0.118697479089077,10.15
"38099",0,0,0,0,0.139047471319987,18.68
"38101",9.7687254255501e-05,0.500890646257633,1,0,0.282037283858453,82.47
"38103",0.000529661016949153,2.71583279824038,1,1,0.155036934704494,26.6
"38105",0,0,0,0,0.197692846932319,49.16
"39001",0,0,0,0,0.217290979002427,59.05
"39003",0.000480751451499575,2.46504937687259,1,1,0.319604285179111,90.61
"39005",0.000182781941144215,0.937213000014226,1,0,0.247389484869231,71.97
"39007",0.000119857369730021,0.614567743154985,1,0,0.304025169017544,87.4
"39009",0,0,0,0,0.182249307809099,41.2
"39011",0.000746083063914449,3.82553518259972,1,1,0.228433783684811,64.11
"39013",0.000489606979124939,2.51045602678845,1,1,0.301304647083543,86.7
"39015",0,0,0,0,0.249635724610126,72.57
"39017",0.000200162353909282,1.02633093303903,1,1,0.34922901411925,95.2
"39019",0,0,0,0,0.251377044545949,73.18
"39021",0.000321905681635281,1.65056891134004,1,1,0.221821888668553,61.12
"39023",0.000520130995954537,2.66696768875171,1,1,0.279055868319475,81.93
"39025",8.58627055338514e-05,0.440260363463515,1,0,0.352851903528173,95.67
"39027",0,0,0,0,0.179585409217353,39.74
"39029",0.00076833241133444,3.93961854068922,1,1,0.31410437533216,89.47
"39031",0.000175085354110129,0.897748809083048,1,0,0.252827336359659,74.01
"39033",0.00174825174825175,8.96414741796823,1,1,0.274458471566056,80.66
"39035",0.000263938693412454,1.35334362423555,1,1,0.334668559427984,93.29
"39037",0.00033167495854063,1.70066080367424,1,1,0.274369526132278,80.59
"39039",0.00029514196328434,1.51333815095857,1,1,0.24944903789465,72.41
"39041",0.000173026136053183,0.887190184304515,1,0,0.266882091284581,78.4
"39043",0.000401344504088697,2.05789086362427,1,1,0.262111659220964,77.22
"39045",0.000428464977645306,2.19695088358402,1,1,0.327646541093907,92.17
"39047",0,0,0,0,0.20033224528109,50.21
"39049",0.000139931410287058,0.717497232004342,1,0,0.282493235651863,82.53
"39051",0.000501579976927321,2.57184748110439,1,1,0.229619993194626,64.52
"39053",7.9923273657289e-05,0.409805972112998,1,0,0.17985936679022,39.93
"39055",0.000254311739954686,1.30398149428622,1,1,0.313017242576083,89.18
"39057",6.46384555718349e-05,0.331433184720191,1,0,0.177749883747261,38.78
"39059",0.000314702920443102,1.61363680862218,1,1,0.235833718929602,67.45
"39061",0.000537332128191077,2.75516636224282,1,1,0.331198599281797,92.75
"39063",0,0,0,0,0.231275270430057,65.35
"39065",0,0,0,0,0.173563917527766,36.68
"39067",0,0,0,0,0.180126070872033,40.12
"39069",0.00118043844856661,6.0526890828912,1,1,0.196567712647712,48.43
"39071",0.00015527950310559,0.796194460105253,1,0,0.260124713792391,76.46
"39073",0.000347141865308956,1.77996724939059,1,1,0.220673005738451,60.8
"39075",0,0,0,0,0.296973655059857,85.62
"39077",0.00016553550736633,0.848782043217651,1,0,0.236294192081496,67.71
"39079",0,0,0,0,0.220594220622294,60.77
"39081",0.000386481728002748,1.98168209334395,1,1,0.257903788436518,75.53
"39083",0.000245017967984319,1.25632774985572,1,1,0.277274799613487,81.51
"39085",2.76872813858407e-05,0.141966322752794,1,0,0.358615549156771,96.34
"39087",0.000712112384281738,3.65135078357326,1,1,0.225243618704575,62.74
"39089",0.000209189574976005,1.07261793975738,1,1,0.270007906340658,79.57
"39091",0,0,0,0,0.207360208244568,53.9
"39093",0.000727749725970782,3.73153113303718,1,1,0.338631335265865,93.86
"39095",0.000303654599900028,1.55698662985466,1,1,0.370466929437168,97.58
"39097",3.9177277179236e-05,0.200881187975625,1,0,0.14744614098425,22.65
"39099",0.00086535965308693,4.43712497790453,1,1,0.387493984846833,98.79
"39101",0.000516467363235469,2.64818244011012,1,1,0.227227213039463,63.63
"39103",0,0,0,0,0.365987175785108,97.1
"39105",0,0,0,0,0.187235022754961,43.91
"39107",0.000132100396301189,0.677343767909885,1,0,0.227482840846579,63.76
"39109",0.000130990066586617,0.671650560822333,1,0,0.27580879459588,81.1
"39111",0.000292397660818713,1.49926676113387,1,1,0.205355639947671,52.62
"39113",0.000366610162724095,1.87979079493011,1,1,0.34607725294753,94.69
"39115",0,0,0,0,0.150357973104604,24.15
"39117",0,0,0,0,0.261941703112005,77.12
"39119",0.000388178665700533,1.99038312836208,1,1,0.30518064820474,87.72
"39121",0,0,0,0,0.186126799837371,43.43
"39123",0,0,0,0,0.213254462095649,57.08
"39125",0,0,0,0,0.154197312180222,26.22
"39127",0,0,0,0,0.207851527798138,54.09
"39129",0.000328731097961867,1.68556618115642,1,1,0.199394385665815,49.89
"39131",0.000259942812581232,1.33285477594953,1,1,0.17716159890041,38.5
"39133",0,0,0,0,0.28718701563233,83.39
"39135",0,0,0,0,0.211142122508895,55.77
"39137",0,0,0,0,0.238231905647482,68.34
"39139",0.000671942660892937,3.44538083527702,1,1,0.323394583421769,91.31
"39141",0,0,0,0,0.242855443591994,70.25
"39143",0.000257599175682638,1.3208377957439,1,1,0.245195285118656,71.11
"39145",0.000358050771599413,1.83590258264808,1,1,0.2284778115649,64.14
"39147",0.000515029497143927,2.64080979276412,1,1,0.235879466128073,67.52
"39149",0.000140360727068566,0.719698550505696,1,0,0.176123321398765,38.08
"39151",0.000207098889719841,1.06189796715643,1,1,0.406983454024356,99.55
"39153",0.000237812960106876,1.21938412727642,1,1,0.390458311058199,98.95
"39155",0.000436074241639639,2.23596732629924,1,1,0.370429853470596,97.55
"39157",0.000144512151063369,0.740984945168886,1,0,0.382668097818563,98.38
"39159",0,0,0,0,0.18959333369114,45.37
"39161",0,0,0,0,0.196147757572136,48.14
"39163",0,0,0,0,0.160779819941577,29.65
"39165",0.000232082764284248,1.19000259218616,1,1,0.302070210193352,86.89
"39167",0.000182122823632258,0.933833380031658,1,0,0.257001169543463,75.21
"39169",0.00109420965774557,5.61055161992803,1,1,0.319908904397828,90.68
"39171",0,0,0,0,0.211325975602259,55.93
"39173",0.000205073766240033,1.05151416206043,1,1,0.258600430153036,75.82
"39175",0.000178986933953821,0.917754129779457,1,0,0.177719751344645,38.72
"40001",0,0,0,0,0.151914387738992,24.88
"40003",0,0,0,0,0.103380064633917,5.63
"40005",0,0,0,0,0.200588083122314,50.33
"40007",0,0,0,0,0.134664658345244,16.7
"40009",0.000181702552920869,0.931678445185396,1,0,0.179102324103393,39.45
"40011",0,0,0,0,0.141460024948678,19.89
"40013",8.13603449678627e-05,0.41717454422568,1,0,0.19429760065311,47.31
"40015",0,0,0,0,0.151395062985305,24.56
"40017",0.00010487676979549,0.537754831995577,1,0,0.32788386611828,92.2
"40019",0,0,0,0,0.25679291160164,75.09
"40021",0,0,0,0,0.142586729580324,20.43
"40023",0,0,0,0,0.14555261771277,21.6
"40025",0,0,0,0,0.0898324433292082,3.05
"40027",0.000339627144470044,1.74143557597899,1,1,0.30546852131424,87.81
"40029",0,0,0,0,0.140867461796524,19.63
"40031",1.75112947851364e-05,0.0897890295779398,1,0,0.183563906271089,42
"40033",0,0,0,0,0.0987742311524845,4.49
"40035",0,0,0,0,0.184140072587001,42.51
"40037",0,0,0,0,0.258191082581726,75.6
"40039",0,0,0,0,0.21344683984618,57.21
"40041",0,0,0,0,0.260287820778808,76.49
"40043",0,0,0,0,0.123546472701491,11.52
"40045",0,0,0,0,0.092986321025429,3.53
"40047",0.000434121988278706,2.22595716217835,1,1,0.264809364476337,78.05
"40049",0,0,0,0,0.216583819712513,58.73
"40051",0,0,0,0,0.293607323275021,84.95
"40053",0,0,0,0,0.125810121182959,12.44
"40055",0,0,0,0,0.107086663615764,6.46
"40057",0,0,0,0,0.135267828618095,16.96
"40059",0,0,0,0,0.110570018339044,7.45
"40061",0,0,0,0,0.1750834521,37.38
"40063",0,0,0,0,0.149273584477027,23.42
"40065",0,0,0,0,0.158695747133067,28.19
"40067",0,0,0,0,0.122214817949953,11.36
"40069",0,0,0,0,0.116448512556555,9.39
"40071",0.000417776385189827,2.14214520782404,1,1,0.243748742020997,70.57
"40073",0,0,0,0,0.173021117850777,36.43
"40075",0,0,0,0,0.137256044255052,17.91
"40077",0,0,0,0,0.129573705869669,14.22
"40079",0,0,0,0,0.221690663278356,61.06
"40081",0,0,0,0,0.202646997224081,51.35
"40083",8.33819728174769e-05,0.427540425504697,1,0,0.259877061787928,76.36
"40085",0,0,0,0,0.0940169810974327,3.75
"40087",6.60720185001652e-05,0.338783767629853,1,0,0.238706490468736,68.53
"40089",0,0,0,0,0.199635907848795,49.98
"40091",0,0,0,0,0.203527982885694,51.73
"40093",0,0,0,0,0.147566031247125,22.75
"40095",0,0,0,0,0.144208215613752,21.03
"40097",6.17856039542787e-05,0.316805209952291,1,0,0.209744498724486,55.04
"40099",0,0,0,0,0.151545976542756,24.69
"40101",6.70241286863271e-05,0.343665705300123,1,0,0.251573296240715,73.24
"40103",0,0,0,0,0.114503306735396,8.81
"40105",0,0,0,0,0.158534467503457,28.03
"40107",0,0,0,0,0.134850131903938,16.83
"40109",3.95327942497754e-05,0.202704099025539,1,0,0.33069167224724,92.68
"40111",0.000338839474798814,1.73739680578664,1,1,0.183451539891142,41.84
"40113",0,0,0,0,0.187129203825185,43.88
"40115",0,0,0,0,0.192057372641703,46.36
"40117",0,0,0,0,0.185011777686264,43.05
"40119",0.000207962659149202,1.06632693827438,1,1,0.223357122603485,61.85
"40121",0,0,0,0,0.225675160370296,63
"40123",0,0,0,0,0.177793606180349,38.85
"40125",0,0,0,0,0.262775958867835,77.44
"40127",0,0,0,0,0.181409363177229,40.76
"40129",0,0,0,0,0.120030415174292,10.44
"40131",0,0,0,0,0.270194068776924,79.64
"40133",0,0,0,0,0.163071842384635,30.8
"40135",0,0,0,0,0.232080548837379,65.7
"40137",0.000234233179129824,1.20102882779829,1,1,0.232844691012063,66.18
"40139",0,0,0,0,0.133624006426957,16.19
"40141",0,0,0,0,0.123832926024728,11.68
"40143",0.000134951790882561,0.691964271735934,1,0,0.393786690820966,99.17
"40145",0,0,0,0,0.259852941041678,76.33
"40147",4.57959333211211e-05,0.234818296532232,1,0,0.242888582352249,70.31
"40149",0,0,0,0,0.170608134096751,35.03
"40151",0,0,0,0,0.148576572902364,23
"40153",0,0,0,0,0.229948232819119,64.78
"41001",0,0,0,0,0.230680083753129,64.94
"41003",0.000111744328975305,0.572968188968357,1,0,0.223119589659789,61.69
"41005",9.58690529651289e-05,0.49156783309944,1,0,0.407901524118785,99.59
"41007",0,0,0,0,0.261891496340853,77.09
"41009",0,0,0,0,0.308797457324465,88.51
"41011",7.63446196129328e-05,0.39145645097361,1,0,0.27648028815921,81.32
"41013",0.00101237345331834,5.19093710997755,1,1,0.268322492483837,78.91
"41015",0,0,0,0,0.255938561547109,74.9
"41017",1.86186801217662e-05,0.0954671393901978,1,0,0.398456611560065,99.27
"41019",0.000255956813104989,1.3124165942353,1,1,0.300361966060425,86.48
"41021",0,0,0,0,0.100227376000795,4.8
"41023",0,0,0,0,0.164928214050928,31.78
"41025",0,0,0,0,0.160819899308225,29.69
"41027",0.000193348801237432,0.991394494021235,1,0,0.214427385954708,57.68
"41029",0.000163828577486099,0.840029773360732,1,0,0.405008696848716,99.46
"41031",0,0,0,0,0.197556754478571,49.06
"41033",0.000251025018826876,1.28712885693528,1,1,0.324639464063771,91.54
"41035",0.000513140050580948,2.63112167001758,1,1,0.314632516883994,89.6
"41037",0,0,0,0,0.148405535294066,22.94
"41039",5.11814381984134e-05,0.262432431446447,1,0,0.392323248913121,99.08
"41041",0.00037710945601961,1.9336258407006,1,1,0.239970141040663,68.98
"41043",7.32748355895877e-05,0.375716156960401,1,0,0.299293428684748,86.22
"41045",0,0,0,0,0.213929700813251,57.4
"41047",0.000127980205728181,0.656217522377168,1,0,0.303267838110668,87.18
"41049",0,0,0,0,0.102570740297906,5.35
"41051",0.000275853668585104,1.41443756796297,1,1,0.357467404130518,96.25
"41053",0.000353259802959532,1.81133692772699,1,1,0.275675915411715,81.07
"41055",0,0,0,0,0.10037662840964,4.84
"41057",0.00017415534656914,0.892980202556222,1,0,0.212307806414615,56.47
"41059",0.00010690613641223,0.548160393743621,1,0,0.24093927707285,69.33
"41061",0,0,0,0,0.243974340848863,70.73
"41063",0,0,0,0,0.223337902705266,61.82
"41065",0.000234356690883525,1.2016621333672,1,1,0.233535571765437,66.31
"41067",6.21660425393348e-05,0.318755905876569,1,0,0.322531551207678,91.22
"41069",0,0,0,0,0.131428825938316,15.08
"41071",0.000131153274460086,0.672487407940609,1,0,0.282611949602144,82.56
"42001",0.000182453213783037,0.9355274529934,1,0,0.295090082624203,85.24
"42003",0.00042490651384375,2.17870488775959,1,1,0.313648514183834,89.37
"42005",0.000672231247549157,3.44686056114133,1,1,0.318902038747744,90.39
"42007",0.00055498863168448,2.84569994835764,1,1,0.342295455874264,94.3
"42009",0.000262453414518923,1.34572786811134,1,1,0.267202287651079,78.49
"42011",0.000482462738832025,2.47382398953231,1,1,0.364279850869138,96.98
"42013",0.000839550761139888,4.30479008257892,1,1,0.347172562750912,94.91
"42015",0.000857843137254902,4.39858410067951,1,1,0.25280644380555,73.94
"42017",0.000514584228970441,2.63852668362286,1,1,0.453645033892919,100
"42019",0.00034902939032778,1.78964551943422,1,1,0.373738682361012,97.8
"42021",0.00059459874175234,3.04880048364686,1,1,0.3274071720608,92.11
"42023",0,0,0,0,0.114056549459689,8.59
"42025",0.000802482345388401,4.11472206538452,1,1,0.240719944551074,69.14
"42027",9.87837253812434e-05,0.506512793537354,1,0,0.213250273131194,57.05
"42029",0.000351240695669451,1.80098397059762,1,1,0.372831979159047,97.77
"42031",0.000283990060347888,1.4561568542642,1,1,0.26865359462843,79.13
"42033",0.000374496769965359,1.92022931301482,1,1,0.289961395582645,84.16
"42035",0.000139596565924478,0.71578032010579,1,0,0.243460723316936,70.44
"42037",0.000260746479922521,1.33697557407229,1,1,0.262491139811029,77.38
"42039",0.00055596738324685,2.85071848947989,1,1,0.310360696147455,88.71
"42041",0.000184913684933497,0.948143499928539,1,0,0.257138701735438,75.31
"42043",0.000278173619380405,1.4263330978558,1,1,0.223369279972598,61.88
"42045",0.000672535579951191,3.44842102319643,1,1,0.344178781667576,94.5
"42047",0.000281392894829406,1.44283990800642,1,1,0.217455451809764,59.15
"42049",0.000523161433770071,2.68250623538643,1,1,0.333978423909185,93.16
"42051",0.000454208601276565,2.32895111612151,1,1,0.32335404550314,91.28
"42053",0.000424628450106157,2.17727911807976,1,1,0.131063334044105,14.92
"42055",0.000354097199681312,1.81563067298929,1,1,0.313139938888185,89.21
"42057",0,0,0,0,0.168373866146973,34.01
"42059",0.000390563974379003,2.0026137802991,1,1,0.192905180844739,46.55
"42061",0.000135814206165965,0.696386299480895,1,0,0.233750175936382,66.4
"42063",0.000225181753844174,1.1546177141332,1,1,0.312079534780012,88.99
"42065",6.10537883875694e-05,0.313052831252081,1,0,0.26866274793537,79.16
"42067",0,0,0,0,0.233907325098644,66.56
"42069",0.000414723609754299,2.12649212521429,1,1,0.306186619434613,88.04
"42071",0.000115896016689026,0.594255935848283,1,0,0.448929478465043,99.97
"42073",0.000592787749053186,3.0395146324848,1,1,0.323805878859201,91.38
"42075",0.000300636346934344,1.54151056094401,1,1,0.321348505365401,90.93
"42077",0.000219796322074877,1.12700395407968,1,1,0.289387978239258,84
"42079",0.000394834042336399,2.02450852096967,1,1,0.316189555952862,89.85
"42081",0.000677841897957314,3.47562912803663,1,1,0.339296925306424,93.99
"42083",0.00105596620908131,5.41445863049401,1,1,0.24074550147228,69.17
"42085",0.00066436905701117,3.40654723951523,1,1,0.312528182203386,89.12
"42087",0.000316272204944389,1.62168330285525,1,1,0.294641606902552,85.08
"42089",0.00031564162050408,1.61844998597851,1,1,0.279010405759967,81.9
"42091",0.000394199684640252,2.02125585675259,1,1,0.356597337522389,96.12
"42093",0.000276625172890733,1.41839345036731,1,1,0.0964083664015277,4.1
"42095",0.000473625007400391,2.42850858946318,1,1,0.327356850287314,92.08
"42097",0.000692497938994229,3.55077786594013,1,1,0.290500172591128,84.22
"42099",0.000709651257096513,3.6387313728249,1,1,0.267176209551148,78.46
"42101",0.000189281004352226,0.9705368967205,1,0,0.216604390918268,58.77
"42103",0.000342301636201821,1.75514901180182,1,1,0.235461471093386,67.32
"42105",0,0,0,0,0.19054992582395,45.82
"42107",0.000416742163435405,2.13684224371788,1,1,0.302090930650885,86.92
"42109",0,0,0,0,0.264848651159051,78.08
"42111",0.000301386377335744,1.54535633606927,1,1,0.321898978546624,91.06
"42113",0,0,0,0,0.164101107749238,31.63
"42115",0,0,0,0,0.287719455688418,83.65
"42117",0.000213903743315508,1.09678980172788,1,1,0.261181515212897,76.84
"42119",9.94826900119379e-05,0.510096729315343,1,0,0.217426775374555,59.12
"42121",0.000279688985847737,1.4341031277837,1,1,0.295299047905385,85.3
"42123",0.00108430468961778,5.55976397189247,1,1,0.231615612566944,65.57
"42125",0.000627352572145546,3.21674549753942,1,1,0.369182489161001,97.36
"42127",5.55555555555556e-05,0.284860684615435,1,0,0.296495563800994,85.46
"42129",0.000649831602778205,3.33200655453861,1,1,0.404401977890639,99.43
"42131",0.000192363181687025,0.986340737343047,1,0,0.218142053956356,59.62
"42133",0.000504982993955057,2.58929642478941,1,1,0.379794908992428,98.22
"44001",0.000216602588400931,1.11062810918456,1,1,0.28642984391955,83.26
"44003",3.60122441630154e-05,0.184652505482666,1,0,0.338100767791103,93.8
"44005",9.9451030312674e-05,0.509934394450417,1,0,0.226263439165219,63.25
"44007",0.000362120353949433,1.85676933490594,1,1,0.323963525163831,91.44
"44009",0.00022249250941885,1.14082863398747,1,1,0.293013436173205,84.82
"45001",0.0005821568912822,2.98500499087634,1,1,0.190420724633487,45.72
"45003",0.000147921037060943,0.758463981951699,1,0,0.222451945551546,61.47
"45005",0,0,0,0,0.112671023604244,8.18
"45007",0.000578787440312545,2.96772815689644,1,1,0.322348782510795,91.15
"45009",0,0,0,0,0.166335003923906,32.68
"45011",0,0,0,0,0.164059861371366,31.59
"45013",0,0,0,0,0.290942363219307,84.35
"45015",9.0256198666787e-05,0.462787965774138,1,0,0.315708767594645,89.76
"45017",0,0,0,0,0.133079829684772,15.91
"45019",6.98148953252581e-05,0.357975339816743,1,0,0.311013090494798,88.77
"45021",0.000295785062854326,1.51663563906665,1,1,0.235326543568803,67.26
"45023",0,0,0,0,0.184454016335322,42.76
"45025",0,0,0,0,0.174860974848405,37.23
"45027",0,0,0,0,0.215867599124557,58.61
"45029",0,0,0,0,0.2461437835837,71.65
"45031",0.000308288558090373,1.58074721490112,1,1,0.211354111353936,56.03
"45033",0.000186167737131155,0.954573642944769,1,0,0.175364989376745,37.61
"45035",0.000103472538388312,0.530554646235444,1,0,0.330463392758253,92.65
"45037",0,0,0,0,0.182205837408621,41.17
"45039",0,0,0,0,0.168034538504078,33.82
"45041",0.000260627068727358,1.33636329408581,1,1,0.258210312937628,75.63
"45043",0,0,0,0,0.237172076316089,67.9
"45045",0.000263137996219282,1.34923805552445,1,1,0.363838985770656,96.88
"45047",9.69180073657686e-05,0.496946338735979,1,0,0.233134765569641,66.24
"45049",0,0,0,0,0.199805302810791,50.08
"45051",0.000188833254145194,0.968241060971289,1,0,0.348734194404017,95.04
"45053",0,0,0,0,0.236166327008389,67.61
"45055",0.000184988207001804,0.94852561126168,1,0,0.271060593997595,79.89
"45057",0.000365463682046597,1.87391222405768,1,1,0.272718090533533,80.27
"45059",0.000391406453857528,2.00693358735759,1,1,0.213771217986586,57.27
"45061",0.000686813186813187,3.52162934277323,1,1,0.182380773204015,41.36
"45063",0.000386789444041068,1.98325990496812,1,1,0.374072917795077,97.87
"45065",0.0027966440271674,14.3397707796823,1,1,0.183888943220745,42.25
"45067",0.000122354092744402,0.627369671244075,1,0,0.182767311913249,41.62
"45069",0,0,0,0,0.14055367279369,19.5
"45071",0.00012385434728759,0.635062214896932,1,0,0.183876133927831,42.22
"45073",0.00034479191807744,1.76791791300135,1,1,0.276271676705836,81.23
"45075",0.000156206067043644,0.800945409584465,1,0,0.257703511704028,75.44
"45077",0.000270208476232047,1.38549188751038,1,1,0.236925256087271,67.87
"45079",0.00012250538832294,0.628145438161541,1,0,0.249011548947475,72.32
"45081",0,0,0,0,0.136999927785298,17.72
"45083",9.75945806303462e-05,0.5004154629561,1,0,0.307822888787273,88.32
"45085",4.28936024191992e-05,0.219936617113596,1,0,0.235842274009069,67.48
"45087",0,0,0,0,0.163519616349364,31.08
"45089",0,0,0,0,0.184309899392776,42.63
"45091",5.90966652596032e-05,0.303017697438116,1,0,0.335691636077795,93.48
"46003",0,0,0,0,0.0948047681265069,3.85
"46005",9.8941327792619e-05,0.507320898691781,1,0,0.215239370212188,58.07
"46007",0,0,0,0,0.101135574414378,5.06
"46009",0,0,0,0,0.152032846792846,24.98
"46011",0,0,0,0,0.196985658140542,48.78
"46013",0.00021643147779413,1.10975074086179,1,1,0.299867173946959,86.35
"46015",0,0,0,0,0.173185994476495,36.49
"46017",0,0,0,0,0.0738402748423703,1.37
"46019",0,0,0,0,0.245449958585056,71.27
"46021",0,0,0,0,0.107175145867667,6.55
"46023",0,0,0,0,0.168988600798449,34.33
"46025",0,0,0,0,0.100835404845684,4.96
"46027",0.000130378096479791,0.668512688797631,1,0,0.133918757314977,16.29
"46029",0,0,0,0,0.27482783394949,80.81
"46031",0,0,0,0,0.0751438935325923,1.56
"46033",0.000311138767890479,1.59536164377033,1,1,0.207051425419397,53.67
"46035",0,0,0,0,0.247093014088507,71.87
"46037",0,0,0,0,0.159506203787657,28.64
"46039",0,0,0,0,0.143225399316134,20.65
"46041",0,0,0,0,0.110247052099285,7.22
"46043",0,0,0,0,0.125098256144936,12.06
"46045",0,0,0,0,0.124057393583515,11.77
"46047",0,0,0,0,0.167743245995185,33.6
"46049",0,0,0,0,0.115250465040702,9.07
"46051",0,0,0,0,0.159142140906787,28.44
"46053",0,0,0,0,0.171273435104986,35.44
"46055",0,0,0,0,0.13091881067655,14.76
"46057",0,0,0,0,0.128681752833509,13.81
"46059",0,0,0,0,0.117767029016033,9.77
"46061",0,0,0,0,0.117804400489353,9.8
"46063",0,0,0,0,0.0886573794163779,2.83
"46065",0,0,0,0,0.209729937504365,54.98
"46067",0,0,0,0,0.141984264803305,20.01
"46069",0,0,0,0,0.083172872612646,2.04
"46071",0,0,0,0,0.0879067901645553,2.64
"46073",0,0,0,0,0.0747042813822372,1.46
"46075",0,0,0,0,0.0865198710362652,2.35
"46077",0,0,0,0,0.130031304410155,14.44
"46079",0,0,0,0,0.182517073449425,41.46
"46081",6.42054574638844e-05,0.329212990245767,1,0,0.269371676614317,79.35
"46083",0.000202043525948161,1.03597662822677,1,1,0.282015352489135,82.44
"46085",0,0,0,0,0.0971652032676678,4.26
"46087",0,0,0,0,0.153515911481486,25.74
"46089",0,0,0,0,0.098170434834767,4.3
"46091",0,0,0,0,0.115211833503763,9.04
"46093",0,0,0,0,0.259532631824879,76.17
"46095",0,0,0,0,0.0569709140719635,0.57
"46097",0,0,0,0,0.125974719874839,12.6
"46099",0.000197967533324535,1.01507700734021,1,1,0.337817613898838,93.73
"46101",0,0,0,0,0.112385931335171,8.02
"46102",0,0,0,0,0.0557394490233162,0.54
"46103",1.38509910384088e-05,0.0710208502164609,1,0,0.378144398709529,98.12
"46105",0,0,0,0,0.142585059321553,20.39
"46107",0,0,0,0,0.111821233780027,7.83
"46109",0,0,0,0,0.138735586890539,18.52
"46111",0,0,0,0,0.088301516122985,2.74
"46115",0,0,0,0,0.112115493568097,7.92
"46117",0,0,0,0,0.146281555356363,22.02
"46119",0,0,0,0,0.0895912884850495,2.99
"46121",0,0,0,0,0.0599546034945623,0.64
"46123",0,0,0,0,0.160694998900409,29.46
"46125",0,0,0,0,0.160945764361778,29.75
"46127",0,0,0,0,0.172402741658328,36.05
"46129",0,0,0,0,0.18042838156543,40.38
"46135",0,0,0,0,0.237583829085434,68.09
"46137",0,0,0,0,0.065289534219347,0.86
"47001",0.000341873466596951,1.75295357543987,1,1,0.186890206278649,43.81
"47003",0.000194931773879142,0.999511174089245,1,0,0.217525808892799,59.27
"47005",0,0,0,0,0.217416155537373,59.08
"47007",0,0,0,0,0.188687260351359,44.67
"47009",0.000376896259304626,1.93253267618122,1,1,0.293542046630213,84.92
"47011",0.000104611264540966,0.536393455841266,1,0,0.279627433827218,81.99
"47013",0.0007286638127334,3.73621810589513,1,1,0.239573156462023,68.85
"47015",0,0,0,0,0.22378202485268,62.11
"47017",0,0,0,0,0.205743709682293,53.04
"47019",0.000209175847162181,1.07254755049738,1,1,0.246522246042039,71.71
"47021",0,0,0,0,0.214271336736188,57.59
"47023",0,0,0,0,0.176814066211583,38.37
"47025",0.000686678438297037,3.52093842079113,1,1,0.186841088528428,43.78
"47027",0,0,0,0,0.15953241758022,28.7
"47029",0.000100979501161264,0.517771616992611,1,0,0.203353100471218,51.61
"47031",0.000236846557266114,1.21442890412941,1,1,0.23519354024409,67.2
"47033",0,0,0,0,0.138383988408145,18.39
"47035",0,0,0,0,0.267776890805989,78.71
"47037",0.000125685023662623,0.644448993955953,1,0,0.297871372006148,85.71
"47039",0,0,0,0,0.201872221230652,50.94
"47041",0.00043484562980142,2.22966762853073,1,1,0.171583732722568,35.6
"47043",4.62984397425807e-05,0.237394894350564,1,0,0.28382556717052,82.72
"47045",0,0,0,0,0.181413647355013,40.79
"47047",0,0,0,0,0.27052168982684,79.73
"47049",0.000141843971631206,0.727303875613876,1,0,0.163526223330889,31.15
"47051",0.000275273553093387,1.4114630302327,1,1,0.225221942723351,62.71
"47053",0,0,0,0,0.24272125990587,70.19
"47055",0,0,0,0,0.214207025311305,57.56
"47057",0,0,0,0,0.174557443712094,37.1
"47059",0.000316901408450704,1.62490953900354,1,1,0.245967302879491,71.52
"47061",0.000337952010814464,1.73284634101988,1,1,0.189088856027956,44.93
"47063",0,0,0,0,0.22239794540104,61.44
"47065",0.000113328665271645,0.581091861165015,1,0,0.354266097882825,95.83
"47067",0,0,0,0,0.146869330501228,22.34
"47069",0.000514601826836485,2.6386169165459,1,1,0.184242464895268,42.57
"47071",0,0,0,0,0.232311813811187,65.83
"47073",0.000214438884917798,1.09953373618538,1,1,0.196893562175714,48.71
"47075",0,0,0,0,0.130755324284068,14.7
"47077",0,0,0,0,0.205209224525636,52.5
"47079",0,0,0,0,0.249151596334393,72.38
"47081",0,0,0,0,0.222232558573206,61.37
"47083",0,0,0,0,0.194511453607082,47.38
"47085",0.00043560331058516,2.2335526309327,1,1,0.204907016194506,52.27
"47087",0.0019723865877712,10.1133970869385,1,1,0.194818029216308,47.5
"47089",0.000415825115836997,2.13214008919715,1,1,0.205253154593342,52.56
"47091",0.000786782061369001,4.0342189796049,1,1,0.174303664715101,37.03
"47093",0.000125729742220047,0.644678288015847,1,0,0.370275625807724,97.49
"47095",0,0,0,0,0.105133616269884,6.05
"47097",0,0,0,0,0.142468440371568,20.3
"47099",0.000559127760693318,2.86692330057469,1,1,0.252299731757705,73.59
"47101",0,0,0,0,0.184879466314574,42.92
"47103",0.00041243916522313,2.11477865341822,1,1,0.220473336446352,60.74
"47105",0,0,0,0,0.238293947600353,68.37
"47107",0.000252716704574172,1.2958029626176,1,1,0.232585077287926,66.05
"47109",0.000741949844190533,3.80434213019575,1,1,0.250720205871607,72.96
"47111",0.000549148819330038,2.81575635534203,1,1,0.204968883912438,52.34
"47113",0.000148747545665497,0.762701898476502,1,0,0.27619944066582,81.16
"47115",0,0,0,0,0.210334838800241,55.42
"47117",0,0,0,0,0.218618650287856,59.85
"47119",0.000600936632268225,3.08129796861157,1,1,0.292918859780485,84.76
"47121",0,0,0,0,0.132533594725417,15.69
"47123",0.000229305205228159,1.17576067944917,1,1,0.209750764768966,55.07
"47125",9.4722598105548e-05,0.485689394608184,1,0,0.296701838473341,85.49
"47127",0,0,0,0,0.0861297949194498,2.26
"47129",0,0,0,0,0.148578832183647,23.04
"47131",0.000368215627071213,1.88802280104493,1,1,0.211907301807159,56.32
"47133",0,0,0,0,0.226395626433738,63.35
"47135",0,0,0,0,0.148834230993854,23.16
"47137",0,0,0,0,0.195002388386789,47.63
"47139",0.00201961915753029,10.3555817257775,1,1,0.196556621286794,48.39
"47141",0.000111766809728183,0.573083458856159,1,0,0.283905157742491,82.76
"47143",7.34484024972457e-05,0.376606119946958,1,0,0.148993452817272,23.29
"47145",0.000280125122554741,1.43633941540067,1,1,0.175647207187976,37.8
"47147",0.000110938540048813,0.568836512433751,1,0,0.254814293328659,74.64
"47149",8.87521448435004e-05,0.45507594134174,1,0,0.305637705503164,87.85
"47151",0.000735186002058521,3.76966058158935,1,1,0.19323657800783,46.74
"47153",0,0,0,0,0.174822393973435,37.19
"47155",0.000169021702386586,0.866657481420767,1,0,0.204994951878098,52.37
"47157",0.000208415983677738,1.06865135631431,1,1,0.313413591472122,89.28
"47159",0,0,0,0,0.183985501300771,42.35
"47161",0,0,0,0,0.157461790113955,27.65
"47163",3.8709177946091e-05,0.198481012751235,1,0,0.278479819742335,81.8
"47165",1.35560134475653e-05,0.0695083548839311,1,0,0.349387117658376,95.26
"47167",0,0,0,0,0.253470396891512,74.2
"47169",0.000399680255795364,2.04935744327651,1,1,0.150370016670553,24.18
"47171",0,0,0,0,0.151534944837824,24.66
"47173",0,0,0,0,0.223511044873037,61.98
"47175",0,0,0,0,0.17019888638161,34.87
"47177",0.000428816466552316,2.19875314025636,1,1,0.239928117196113,68.95
"47179",0.000446173366238619,2.28775051015031,1,1,0.269539353991162,79.41
"47181",0,0,0,0,0.173375932397986,36.56
"47183",0.000393205410506449,2.01615772376448,1,1,0.190379036137977,45.66
"47185",0.000116686114352392,0.598307155551672,1,0,0.211471760841358,56.12
"47187",7.6073217545995e-05,0.390064838958919,1,0,0.298558366261709,86.06
"47189",6.71844347101664e-05,0.344487673206702,1,0,0.282263219902597,82.5
"48001",8.67077083152692e-05,0.444593108738215,1,0,0.223001697884511,61.6
"48003",0,0,0,0,0.136657072044775,17.63
"48005",0,0,0,0,0.277544941539723,81.58
"48007",0.00207549617330393,10.6420906951933,1,1,0.260425644283689,76.52
"48009",0,0,0,0,0.153390988678526,25.61
"48011",0,0,0,0,0.126200557736027,12.73
"48013",0,0,0,0,0.214898909741843,57.94
"48015",0,0,0,0,0.270180850103575,79.61
"48017",0,0,0,0,0.108976771424477,6.9
"48019",0,0,0,0,0.231004963317272,65.03
"48021",0,0,0,0,0.312507239237439,89.09
"48023",0.000541418516513265,2.77611928699395,1,1,0.139631955947967,18.99
"48025",0,0,0,0,0.167845298567455,33.66
"48027",7.28397413628876e-05,0.373485214653181,1,0,0.209219819208371,54.88
"48029",9.02953869296962e-05,0.462988903291359,1,0,0.311251592282536,88.8
"48031",0,0,0,0,0.207516557479961,53.93
"48033",0,0,0,0,0.081012513676211,1.81
"48035",0,0,0,0,0.168733561760444,34.17
"48037",0.000407646591859941,2.09020477029069,1,1,0.305131826162689,87.69
"48039",0.000344345357311014,1.76562817609972,1,1,0.326084347566949,91.73
"48041",2.10511543049611e-05,0.107939632090615,1,0,0.219363147474007,60.23
"48043",0,0,0,0,0.163416303191247,31.02
"48045",0.00186567164179104,9.56621702066759,1,1,0.129113663135848,14.06
"48047",0,0,0,0,0.117872795089894,9.86
"48049",0.000450070323488045,2.30773212853011,1,1,0.241798599141289,69.81
"48051",0,0,0,0,0.20113978870853,50.68
"48053",4.90099980396001e-05,0.251298388702109,1,0,0.308364811281138,88.45
"48055",0,0,0,0,0.228216172576266,64.02
"48057",6.58544616397761e-05,0.337668246498375,1,0,0.126021218494101,12.63
"48059",0,0,0,0,0.204011216667859,51.92
"48061",0.000299895885202119,1.53771384909649,1,1,0.252785447724338,73.91
"48063",0.00041059330732909,2.10531403123705,1,1,0.167923589126276,33.69
"48065",0,0,0,0,0.0547672983943707,0.45
"48067",0,0,0,0,0.186358363486267,43.59
"48069",0.000273224043715847,1.40095418663329,1,1,0.0982629979940024,4.36
"48071",0,0,0,0,0.179492045685553,39.68
"48073",0.00011102475852115,0.569278596988767,1,0,0.218067605318636,59.53
"48075",0,0,0,0,0.139124973284522,18.71
"48077",0,0,0,0,0.153062776431114,25.42
"48079",0,0,0,0,0.144782310171022,21.25
"48081",0,0,0,0,0.109868366200112,7.13
"48083",0,0,0,0,0.167487073400021,33.34
"48085",4.38343710173633e-05,0.224760400878475,1,0,0.267798248123855,78.75
"48087",0,0,0,0,0.138157701111197,18.23
"48089",0,0,0,0,0.205530582783494,52.78
"48091",0.000322046374677954,1.65129031383625,1,1,0.379898515249527,98.25
"48093",0,0,0,0,0.152143191123986,25.04
"48095",0,0,0,0,0.11076570531003,7.54
"48097",0,0,0,0,0.23469176832641,66.97
"48099",0,0,0,0,0.201846982062702,50.87
"48101",0,0,0,0,0.131217304598965,15.02
"48103",0,0,0,0,0.112178892650533,7.95
"48105",0,0,0,0,0.121564531952706,11.01
"48107",0.000659195781147001,3.38002130723654,1,1,0.126470368179185,12.89
"48109",0,0,0,0,0.0921112222874611,3.37
"48111",0,0,0,0,0.129033786478572,14.03
"48113",4.83585271288844e-05,0.247957976608706,1,0,0.351359600864975,95.45
"48115",0,0,0,0,0.140917363223499,19.66
"48117",0.000287108814240597,1.47214824090664,1,1,0.135440953664779,17.02
"48119",0,0,0,0,0.150373297627428,24.21
"48121",9.0925873370567e-05,0.466221717676729,1,0,0.392672659831535,99.11
"48123",0,0,0,0,0.165104232191386,31.94
"48125",0,0,0,0,0.134721767814516,16.74
"48127",0,0,0,0,0.13648482302923,17.5
"48129",0,0,0,0,0.145374064501943,21.57
"48131",0,0,0,0,0.103081356761828,5.5
"48133",0.00116279069767442,5.96220037567189,1,1,0.202087768187765,51.07
"48135",1.1341468947058e-05,0.0581532949584656,1,0,0.274651373556969,80.72
"48137",0,0,0,0,0.152432099201059,25.14
"48139",0,0,0,0,0.326158193123714,91.76
"48141",0.000124096576920022,0.636304245477651,1,0,0.28886304366596,83.87
"48143",0,0,0,0,0.232733003607782,66.08
"48145",0,0,0,0,0.152988040869671,25.29
"48147",0,0,0,0,0.212968741635673,56.92
"48149",0,0,0,0,0.269143291107745,79.29
"48151",0,0,0,0,0.112070139772173,7.89
"48153",0.00152284263959391,7.80836394377334,1,1,0.131069095578734,14.95
"48155",0,0,0,0,0.107323895654337,6.62
"48157",2.01017146762619e-05,0.103071387683234,1,0,0.317584338867859,90.17
"48159",0,0,0,0,0.122832219593625,11.42
"48161",0,0,0,0,0.176468284789352,38.21
"48163",0,0,0,0,0.119362589554909,10.24
"48165",0,0,0,0,0.211427282847297,56.06
"48167",0.000167290520900859,0.857780861642848,1,0,0.260890902232105,76.68
"48169",0,0,0,0,0.117505163723447,9.74
"48171",6.76681553660847e-05,0.346967947156437,1,0,0.275862870797859,81.13
"48173",0,0,0,0,0.0994509761063037,4.65
"48175",0,0,0,0,0.150747595037732,24.31
"48177",0,0,0,0,0.137693450082869,18.17
"48179",0.000230547550432277,1.1821307949459,1,1,0.188050790816272,44.42
"48181",0.000304182509505703,1.55969348230504,1,1,0.314404550816181,89.53
"48183",0.000169857562301327,0.87094334671677,1,0,0.319911547321938,90.71
"48185",0,0,0,0,0.211815176558014,56.25
"48187",7.14298469615529e-05,0.366255991933987,1,0,0.296063907839592,85.4
"48189",0.0004649721016739,2.38414088177828,1,1,0.193486274496872,46.93
"48191",0,0,0,0,0.148306737976609,22.88
"48193",0,0,0,0,0.157407488512754,27.62
"48195",0.0017531556802244,8.98929229151092,1,1,0.125375499169152,12.12
"48197",0,0,0,0,0.108165627795284,6.81
"48199",0,0,0,0,0.239017497132279,68.63
"48201",0.00016954067211598,0.869318494724145,1,0,0.380031052343661,98.28
"48203",0.00109937571164946,5.63704052166081,1,1,0.274828279162952,80.85
"48205",0,0,0,0,0.100126674558994,4.74
"48207",0.000533617929562433,2.73612183728806,1,1,0.160536649838465,29.3
"48209",3.64614192607447e-05,0.186955647347991,1,0,0.334591756677229,93.25
"48211",0,0,0,0,0.126645159022391,12.92
"48213",0.000207692946747528,1.06494399000536,1,1,0.308423074225037,88.48
"48215",0.000283269573343457,1.45246256268011,1,1,0.292132243982624,84.63
"48217",0,0,0,0,0.221969778934183,61.28
"48219",0,0,0,0,0.146213342999301,21.95
"48221",0,0,0,0,0.322466664470097,91.19
"48223",0.000611882763262559,3.13742417125242,1,1,0.25214656363183,73.43
"48225",0.000578368999421631,2.96558260444062,1,1,0.23803162318204,68.25
"48227",0,0,0,0,0.2225034159317,61.5
"48229",0,0,0,0,0.088051437572081,2.67
"48231",0.000181356546971346,0.929904302335478,1,0,0.264677030769081,77.98
"48233",0.000595947556615018,3.05571652150049,1,1,0.148948002521845,23.23
"48235",0,0,0,0,0.0858366038020341,2.2
"48237",0,0,0,0,0.156474081151148,27.2
"48239",0,0,0,0,0.125908524829751,12.54
"48241",0.000186254423542559,0.955018126853758,1,0,0.222608165392586,61.57
"48243",0,0,0,0,0.104638783518713,5.92
"48245",0.000560024437429997,2.87152100365829,1,1,0.325023665544497,91.63
"48247",0,0,0,0,0.107530416685448,6.65
"48249",0,0,0,0,0.154878242267717,26.47
"48251",1.40718225824609e-05,0.0721531622632814,1,0,0.337852174766983,93.76
"48253",0,0,0,0,0.174922683824541,37.29
"48255",0,0,0,0,0.128163046432957,13.59
"48257",0.000265896832029173,1.3633839649603,1,1,0.307599926189547,88.29
"48259",0,0,0,0,0.299910140318957,86.41
"48261",0,0,0,0,0.0247775699704566,0.06
"48263",0,0,0,0,0.116621587167263,9.48
"48265",0.000129774624735043,0.665418392059241,1,0,0.29316836000815,84.86
"48267",0,0,0,0,0.179923742021563,39.96
"48269",0,0,0,0,0.0699593454436677,0.99
"48271",0,0,0,0,0.0734177535048711,1.27
"48273",0.00092632178993872,4.7497078666105,1,1,0.198545607274344,49.41
"48275",0,0,0,0,0.114764055917942,8.97
"48277",0.000200088038737044,1.02594988256389,1,1,0.251374545369287,73.15
"48279",0.000190331176246669,0.97592164504717,1,0,0.126088294562712,12.69
"48281",0,0,0,0,0.218062583078852,59.5
"48283",0,0,0,0,0.0966698215597668,4.2
"48285",0.00068662455369404,3.52066212790293,1,1,0.21108325423915,55.74
"48287",0,0,0,0,0.161570925910787,30.1
"48289",0,0,0,0,0.144195315664961,21
"48291",0,0,0,0,0.254682842097444,74.61
"48293",9.85804416403785e-05,0.505470457716663,1,0,0.146710465568293,22.18
"48295",0,0,0,0,0.100525995387988,4.9
"48297",0,0,0,0,0.135478062419223,17.09
"48299",0,0,0,0,0.209394322981731,54.92
"48301",0,0,0,0,0.0380815920314055,0.19
"48303",0.000278091596419571,1.42591252575381,1,1,0.356611368468569,96.15
"48305",0,0,0,0,0.111302051845975,7.64
"48307",0,0,0,0,0.16223027798524,30.45
"48309",0.000131742662665593,0.675509491439661,1,0,0.317959348384135,90.23
"48311",0,0,0,0,0.103322194214452,5.6
"48313",0,0,0,0,0.128626138490764,13.78
"48315",0,0,0,0,0.13434428463271,16.48
"48317",0.00105671010919338,5.41827297260778,1,1,0.125415516608536,12.19
"48319",0,0,0,0,0.174695230790682,37.13
"48321",0.000669742521208513,3.43409963593544,1,1,0.211858414287884,56.28
"48323",0,0,0,0,0.185286975969761,43.24
"48325",0.00022306491188936,1.14376362326072,1,1,0.239058344273665,68.66
"48327",0,0,0,0,0.129596191894166,14.25
"48329",0.000275682505647662,1.41355993131525,1,1,0.201679413719739,50.81
"48331",0,0,0,0,0.198038904577579,49.28
"48333",0,0,0,0,0.159423404406825,28.57
"48335",0,0,0,0,0.110266418486162,7.29
"48337",0.00114025085518814,5.84662750636012,1,1,0.238921181244558,68.57
"48339",0.000469732327730366,2.40854890433893,1,1,0.36486772706935,97.01
"48341",0,0,0,0,0.113926779634187,8.56
"48343",0,0,0,0,0.128751146606497,13.84
"48345",0.0125786163522013,64.4967587808532,1,1,0.17343199157207,36.62
"48347",0.000422443258189639,2.16607456330336,1,1,0.245410056348114,71.17
"48349",0.000210095068018278,1.07726084838024,1,1,0.269904868386559,79.51
"48351",0,0,0,0,0.158994218630317,28.38
"48353",0,0,0,0,0.157035068323324,27.49
"48355",0.000424887513754371,2.17860746494716,1,1,0.317258478003492,90.1
"48357",0,0,0,0,0.124481985993736,11.96
"48359",0,0,0,0,0.0926309730472282,3.44
"48361",0.00112131953989727,5.74955733254043,1,1,0.252412709180607,73.66
"48363",0.00152346130408288,7.81153614119109,1,1,0.22729500593956,63.7
"48365",0,0,0,0,0.197160890810416,48.84
"48367",0.000254343402723431,1.30414384488988,1,1,0.393781781902781,99.14
"48369",0,0,0,0,0.0748804248433256,1.5
"48371",0,0,0,0,0.18182914653241,40.92
"48373",0,0,0,0,0.232128918500078,65.77
"48375",4.707543839002e-05,0.241378948950351,1,0,0.316209910812784,89.88
"48377",0.00182415176942722,9.35332419386689,1,1,0.142826440407495,20.55
"48379",0,0,0,0,0.183808973052363,42.09
"48381",0.0012808413105029,6.56750398668456,1,1,0.350505686557166,95.39
"48383",0,0,0,0,0.0994760922045653,4.68
"48385",0,0,0,0,0.118602206520315,10.09
"48387",0.000288683602771363,1.48022295700861,1,1,0.164658631533639,31.75
"48389",0,0,0,0,0.145283153731288,21.41
"48391",0,0,0,0,0.126334166238777,12.82
"48393",0.0316091954022989,162.075906763954,1,1,0.135757605571596,17.21
"48395",0,0,0,0,0.145290857703456,21.44
"48397",0,0,0,0,0.32220215183027,91.12
"48399",0,0,0,0,0.14965616253146,23.77
"48401",0.00045874565830002,2.35221484117864,1,1,0.22485189120563,62.65
"48403",0,0,0,0,0.16646535507269,32.83
"48405",0,0,0,0,0.130271328679505,14.54
"48407",0.000542740841248304,2.78289949692148,1,1,0.245698479878741,71.43
"48409",0.000202118198722613,1.03635951230452,1,1,0.215815429903983,58.48
"48411",0,0,0,0,0.15109079057874,24.4
"48413",0,0,0,0,0.14011199411793,19.25
"48415",0.000278512741957945,1.42807194626872,1,1,0.154525185152941,26.41
"48417",0,0,0,0,0.117091680954242,9.58
"48419",0,0,0,0,0.18205401614957,41.08
"48421",0,0,0,0,0.0735727169295258,1.3
"48423",0.000123704007236684,0.634291347440064,1,0,0.355895902081327,96.05
"48425",0,0,0,0,0.15207362762152,25.01
"48427",5.17384105960265e-05,0.265288303139374,1,0,0.196150672069139,48.17
"48429",0,0,0,0,0.144566543896028,21.19
"48431",0,0,0,0,0.0728868560705119,1.15
"48433",0,0,0,0,0.158703046813185,28.22
"48435",0,0,0,0,0.112556184260321,8.08
"48437",0.00157977883096367,8.10030382792706,1,1,0.139501485588529,18.9
"48439",0.000266329964244539,1.36560484706946,1,1,0.40178269324058,99.4
"48441",9.70897351877473e-05,0.497826871824833,1,0,0.298215068538724,85.87
"48443",0,0,0,0,0.106576793257572,6.4
"48445",0.000507872016251904,2.6041098644377,1,1,0.160400292637093,29.21
"48447",0,0,0,0,0.111577454000188,7.7
"48449",0,0,0,0,0.173504348170403,36.65
"48451",0,0,0,0,0.301954863357887,86.86
"48453",5.01979808364188e-05,0.257389761372745,1,0,0.291466970069738,84.51
"48455",0,0,0,0,0.195454785510453,47.92
"48457",0,0,0,0,0.169729759849572,34.68
"48459",0,0,0,0,0.20860648421872,54.47
"48461",0,0,0,0,0.060854616054758,0.7
"48463",0,0,0,0,0.22352039182981,62.01
"48465",0,0,0,0,0.189980340551853,45.56
"48467",0.000124161907126893,0.636639225611849,1,0,0.290017363397716,84.19
"48469",0,0,0,0,0.346618986460285,94.81
"48471",0,0,0,0,0.166445741205225,32.8
"48473",0,0,0,0,0.190984348183532,46.01
"48475",0,0,0,0,0.134814362985035,16.8
"48477",0,0,0,0,0.240900661434064,69.27
"48479",0.000138740400388473,0.71139033789264,1,0,0.237999716568877,68.22
"48481",0.000339097999321804,1.7387223882936,1,1,0.237463242158955,68.06
"48483",0,0,0,0,0.137445422619915,18.01
"48485",0.000140069100756373,0.718203238828718,1,0,0.258125957147909,75.56
"48487",0,0,0,0,0.131814549466383,15.37
"48489",0,0,0,0,0.134487040994833,16.54
"48491",3.40657468915006e-05,0.174671855666082,1,0,0.328351700238108,92.24
"48493",0,0,0,0,0.254912228019559,74.67
"48495",0,0,0,0,0.0954534049005374,3.95
"48497",0,0,0,0,0.274133256650839,80.56
"48499",0.000152543665624285,0.782166474422672,1,0,0.290863914728748,84.31
"48501",0,0,0,0,0.125156881836107,12.09
"48503",0,0,0,0,0.187392634718643,44.13
"48505",0,0,0,0,0.154969132710694,26.5
"48507",0,0,0,0,0.124342101378763,11.9
"49001",0,0,0,0,0.14268771838535,20.49
"49003",3.78601446257525e-05,0.194127600919162,1,0,0.214468414652642,57.81
"49005",0,0,0,0,0.296102014811298,85.43
"49007",0,0,0,0,0.19930922426838,49.83
"49009",0,0,0,0,0.10285076220989,5.47
"49011",6.12899073909499e-06,0.0314263529629247,1,0,0.342320663925445,94.34
"49013",0,0,0,0,0.193298222104927,46.83
"49015",0,0,0,0,0.127321416053333,13.24
"49017",0,0,0,0,0.11867867621257,10.12
"49019",0,0,0,0,0.16527343997122,32.1
"49021",3.61297781631621e-05,0.185255160166119,1,0,0.288442357180667,83.77
"49023",0,0,0,0,0.160172623136834,29.08
"49025",0,0,0,0,0.153925675010443,25.93
"49027",0,0,0,0,0.157081915314095,27.55
"49029",0,0,0,0,0.197207288499996,48.93
"49031",0,0,0,0,0.0749733709234376,1.53
"49033",0,0,0,0,0.12477532175138,11.99
"49035",0.0001775244892757,0.910255455919464,1,0,0.409681029823033,99.62
"49037",0,0,0,0,0.139829614218927,19.09
"49039",0,0,0,0,0.221118187295553,60.87
"49041",9.14829384319824e-05,0.469078064502592,1,0,0.241823848938229,69.84
"49043",0,0,0,0,0.225937728653385,63.16
"49045",4.35672896789091e-05,0.223390943365914,1,0,0.245981409566357,71.56
"49047",0,0,0,0,0.235128129400939,67.1
"49049",0.000107152889797597,0.549425619832783,1,0,0.350342939349584,95.35
"49051",0,0,0,0,0.290555326897397,84.25
"49053",0,0,0,0,0.358936669272038,96.4
"49055",0,0,0,0,0.136219508189108,17.4
"49057",0.00016738311713014,0.858255648097632,1,0,0.308831149707863,88.55
"50001",0.000209467951403435,1.07404531275195,1,1,0.268446236064935,78.94
"50003",0.000258758991874968,1.32678474436625,1,1,0.28137059130823,82.31
"50005",0.000233954612805116,1.19960048110688,1,1,0.298912601387723,86.16
"50007",7.68744554726071e-05,0.394173180276581,1,0,0.313986747364352,89.44
"50009",0,0,0,0,0.149622887787001,23.7
"50011",9.86874568242376e-05,0.506019177250353,1,0,0.235270689102367,67.23
"50013",0,0,0,0,0.207520473161371,53.96
"50015",0.000137570504883753,0.705391707673384,1,0,0.242842838968376,70.22
"50017",0.000189609404626469,0.97222076660558,1,0,0.231136589220433,65.22
"50019",0.0001557753719137,0.798737023612093,1,0,0.258312331885662,75.72
"50021",0.000242164256555732,1.24169536641337,1,1,0.344351807337629,94.53
"50023",0.000155408205553253,0.796854380917607,1,0,0.244821125804473,71.08
"50025",8.29428109318625e-05,0.425288626307621,1,0,0.275255884677959,80.94
"50027",0.00050990675990676,2.6145429969074,1,1,0.304824754422353,87.62
"51001",0.000192826841496336,0.98871814945581,1,0,0.164472227753521,31.66
"51003",0.000227653163709407,1.16728984924437,1,1,0.193904576876988,47.15
"51005",0.00103252452245741,5.29426156228996,1,1,0.20174265441194,50.84
"51007",0.000311526479750779,1.59734963335758,1,1,0.218103980315266,59.59
"51009",0.000214822771213749,1.1015021102208,1,1,0.21321835079693,57.02
"51011",0,0,0,0,0.189686212435681,45.43
"51013",6.94158654918858e-05,0.355929317409447,1,0,0.109440167690154,7.03
"51015",0.00023998800059997,1.23053663070714,1,1,0.241674240299606,69.74
"51017",0,0,0,0,0.119672880606748,10.31
"51019",0.000452345410955806,2.31939762205538,1,1,0.326683680604187,91.89
"51021",0,0,0,0,0.105405792872273,6.11
"51023",0.000378931413414172,1.9429679132542,1,1,0.220877397802982,60.83
"51025",0,0,0,0,0.145826882888895,21.76
"51027",0.000461467466543609,2.36617089205253,1,1,0.140758815941945,19.6
"51029",0,0,0,0,0.156143934397737,27.04
"51031",0,0,0,0,0.252182221105359,73.5
"51033",0,0,0,0,0.180901060825851,40.5
"51035",0,0,0,0,0.211428228678331,56.09
"51036",0,0,0,0,0.14246799011476,20.27
"51037",0,0,0,0,0.149124339818215,23.32
"51041",0.000154144957918426,0.790377088367887,1,0,0.327177633666281,91.98
"51043",0.000623311863702472,3.19602679601776,1,1,0.203568836103567,51.77
"51045",0,0,0,0,0.144622810329042,21.22
"51047",0.000106050161726497,0.543771390113774,1,0,0.257385324366873,75.34
"51049",0,0,0,0,0.162998506609818,30.73
"51051",0,0,0,0,0.114576178499528,8.85
"51053",8.80049282759835e-05,0.45124459412812,1,0,0.132286863989692,15.62
"51057",0,0,0,0,0.21803641808195,59.47
"51059",0.000132797715879287,0.680919268693314,1,0,0.169535826489308,34.52
"51061",0.000249225620393776,1.2779024552834,1,1,0.318685788862009,90.36
"51063",0,0,0,0,0.201037962792044,50.56
"51065",0,0,0,0,0.189226565577078,45.12
"51067",0.000329688444420023,1.69047496777114,1,1,0.276300237792214,81.26
"51069",0.000392165909248195,2.01082768904296,1,1,0.25863960303195,75.85
"51071",0.000778694907335306,3.99275215938158,1,1,0.15157678549754,24.72
"51073",0.000517464424320828,2.65329486317093,1,1,0.294902782136507,85.14
"51075",0.000841292621368833,4.31372145753071,1,1,0.134156486097043,16.32
"51077",0.00464547677261614,23.8196464886256,1,1,0.144342434104287,21.09
"51079",0,0,0,0,0.196438941744856,48.33
"51081",0,0,0,0,0.0950152590399153,3.91
"51083",0,0,0,0,0.225663910059097,62.97
"51085",0.000199300913718035,1.02191390507162,1,1,0.326324596353848,91.82
"51087",0.000386089205911026,1.979669439332,1,1,0.320762495545254,90.87
"51089",0.000504314692368038,2.58586971353247,1,1,0.218428351217943,59.72
"51091",0,0,0,0,0.130949811851962,14.79
"51093",0,0,0,0,0.227233483014344,63.67
"51095",0.000151597841246741,0.777316767187834,1,0,0.233821923455421,66.47
"51097",0,0,0,0,0.174946943884536,37.32
"51099",0,0,0,0,0.0908488809707895,3.12
"51101",0,0,0,0,0.19782229036085,49.22
"51103",0,0,0,0,0.205839982517643,53.1
"51105",0.000625130235465722,3.20535048327432,1,1,0.158639124616641,28.13
"51107",3.64823698947484e-05,0.187063071563008,1,0,0.258242519529058,75.66
"51109",0,0,0,0,0.199906714060964,50.11
"51111",0,0,0,0,0.166140015170819,32.55
"51113",0,0,0,0,0.188864845497719,44.77
"51115",0.00295566502463054,15.1551497233827,1,1,0.150438450641508,24.24
"51117",0.00054137664346481,2.77590458325946,1,1,0.229846063855859,64.68
"51119",0,0,0,0,0.181578089296601,40.82
"51121",0,0,0,0,0.180131100956616,40.15
"51125",0,0,0,0,0.175663919046498,37.86
"51127",0,0,0,0,0.200893747468312,50.46
"51131",0,0,0,0,0.136608413573809,17.59
"51133",0,0,0,0,0.181178454219011,40.63
"51135",0,0,0,0,0.131748576321492,15.27
"51137",0.000172532781228433,0.884660511228059,1,0,0.21694894588149,58.92
"51139",0,0,0,0,0.196091837293011,48.11
"51141",0.000634249471458774,3.25210929582103,1,1,0.181016437437864,40.53
"51143",0,0,0,0,0.227374933881846,63.73
"51145",0,0,0,0,0.234218781128117,66.69
"51147",0.00041343669250646,2.11989346690556,1,1,0.200233514692389,50.17
"51149",0.000261073883909146,1.33865433550026,1,1,0.109317569974993,7
"51153",4.63980605610685e-05,0.237905699332579,1,0,0.316882861054845,89.98
"51155",0.000679977746182852,3.48658067341634,1,1,0.16461540153664,31.72
"51157",0,0,0,0,0.153601678487424,25.8
"51159",0,0,0,0,0.183829025868852,42.16
"51161",0.000290754022097306,1.49083901620794,1,1,0.279999594304938,82.12
"51163",0.000428755180791768,2.19843889798964,1,1,0.225571588109307,62.84
"51165",0.00028031905405061,1.43733379765694,1,1,0.24135720688765,69.52
"51167",0.00245771288130692,12.6019039312307,1,1,0.164013112004837,31.56
"51169",0.0012713403559753,6.51878791528238,1,1,0.123580560773814,11.55
"51171",0.000325860271115746,1.67084603854205,1,1,0.231164431702431,65.26
"51173",0.000238265427686443,1.22170415131709,1,1,0.135309659062087,16.99
"51175",0.000458820830465703,2.35260028588109,1,1,0.161389970470359,29.97
"51177",0.00020721571155573,1.06249697022311,1,1,0.36839692158249,97.3
"51179",1.90715947667544e-05,0.0977894557553844,1,0,0.252817729833199,73.97
"51181",0,0,0,0,0.104350417093397,5.85
"51183",0,0,0,0,0.156779214618404,27.33
"51185",0.000661769571835087,3.39321839923091,1,1,0.206511649386277,53.42
"51187",0.000600440322903463,3.07875314615388,1,1,0.243838030136152,70.66
"51191",0.00151469251741896,7.76657425488917,1,1,0.251699139999982,73.34
"51193",0,0,0,0,0.170922235767284,35.22
"51195",0.00075459042508594,3.86915661169619,1,1,0.167951703843449,33.73
"51197",0.000157878118092832,0.809518838502973,1,0,0.207103873442158,53.74
"51199",0,0,0,0,0.233805808640928,66.43
"51510",8.78098039646126e-05,0.45024409571952,1,0,0.204486617492161,52.08
"51520",0,0,0,0,0.156184569133228,27.08
"51530",0,0,0,0,0.10982904138764,7.1
"51540",0.000252365930599369,1.29400437175466,1,1,0.215460303730707,58.22
"51550",0.000311661328023548,1.59804106684098,1,1,0.345648458195574,94.65
"51570",0,0,0,0,0.196248092533397,48.27
"51580",0,0,0,0,0.141630023360111,19.92
"51590",3.71830147988399e-05,0.190655622929941,1,0,0.234308184153805,66.75
"51595",0,0,0,0,0.14269552082309,20.52
"51600",0,0,0,0,0.192533366271575,46.48
"51610",0,0,0,0,0.161914367477621,30.23
"51620",0,0,0,0,0.154007211387885,26.06
"51630",7.39562918315276e-05,0.379210318609461,1,0,0.221260571924642,60.9
"51640",0,0,0,0,0.178166174486205,39.17
"51650",0.000303064137942035,1.55395904069798,1,1,0.224238716162269,62.33
"51660",0.000405362364999855,2.07849241460143,1,1,0.245991277642212,71.59
"51670",0,0,0,0,0.172069679475403,35.79
"51678",0,0,0,0,0.100472787294217,4.87
"51680",0.000400904440417582,2.05563444052896,1,1,0.215613636866668,58.42
"51683",0,0,0,0,0.210341047363795,55.46
"51685",0,0,0,0,0.160620507682963,29.37
"51690",0.000803293503363792,4.11888127167613,1,1,0.163145168395193,30.83
"51700",5.99916011758354e-05,0.307606474478243,1,0,0.138314156494104,18.29
"51710",5.33042726335864e-05,0.273317248715962,1,0,0.186796964177967,43.68
"51720",0,0,0,0,0.146136216239049,21.89
"51730",0.000609709625790717,3.12628142554856,1,1,0.218024845540195,59.43
"51735",0,0,0,0,0.137073063166062,17.75
"51740",0,0,0,0,0.131629951560143,15.21
"51750",0,0,0,0,0.114689669062559,8.94
"51760",0.00014748859694644,0.75624664858439,1,0,0.20102670518835,50.52
"51770",0.000580736543909348,2.97772217062593,1,1,0.259033422803362,75.98
"51775",0.000404931161702511,2.07628142300461,1,1,0.210395706704904,55.49
"51790",0.00117214972259123,6.01018870408435,1,1,0.225974426768045,63.19
"51800",0.000490966221523959,2.51742553175463,1,1,0.218723784491272,59.91
"51810",0.000322826112020661,1.655288411075,1,1,0.283291020379233,82.63
"51820",0,0,0,0,0.209786800153087,55.17
"51830",0,0,0,0,0.119961213553299,10.37
"51840",0,0,0,0,0.189136767425146,45.02
"53001",0.000193461017604953,0.991969882584219,1,0,0.127985253715487,13.49
"53003",0.00155561317085818,7.97639459125408,1,1,0.229711934408385,64.59
"53005",0.000404214858570733,2.07260858419542,1,1,0.260830123585915,76.61
"53007",0,0,0,0,0.245717043973253,71.46
"53009",0.000173894897923695,0.891644754126148,1,0,0.288705031621051,83.81
"53011",2.39239028498153e-05,0.122669628200488,1,0,0.375493449450585,98
"53013",0,0,0,0,0.115449865453738,9.29
"53015",0.000414675134769419,2.12624357010146,1,1,0.304108293443856,87.43
"53017",0.000350655726208009,1.79798454417485,1,1,0.223430539098744,61.92
"53019",0.000993541977148535,5.09437886048468,1,1,0.155620909781105,26.85
"53021",0,0,0,0,0.2663669454592,78.3
"53023",0,0,0,0,0.0934713207752052,3.6
"53025",0.000104971447766208,0.538240292563595,1,0,0.191866300543997,46.33
"53027",0.000635751682872102,3.25981187331051,1,1,0.240790810702585,69.2
"53029",3.30305532617671e-05,0.169363908276724,1,0,0.268635279113475,79.1
"53031",0,0,0,0,0.280224229011407,82.15
"53033",3.56258906472662e-05,0.182671480796668,1,0,0.277127902440272,81.45
"53035",0.000172521814929493,0.88460428161443,1,0,0.280532456031301,82.21
"53037",0.000206281264504151,1.05770560013982,1,1,0.27102172330365,79.86
"53039",0.00058899752621039,3.02008029395561,1,1,0.20369494604732,51.8
"53041",6.48466377018352e-05,0.332500636993569,1,0,0.304680359306328,87.59
"53043",0.000626174076393237,3.21070276961667,1,1,0.154312096944388,26.31
"53045",0.000407166123778502,2.08774117389162,1,1,0.235808795193978,67.39
"53047",0.000210581732034746,1.07975621438859,1,1,0.209809756871018,55.2
"53049",0.000262157556691572,1.34421085937287,1,1,0.219717165754274,60.45
"53051",0,0,0,0,0.16773779815512,33.53
"53053",0.000163248996140501,0.837057974460583,1,0,0.345298916550069,94.59
"53055",0,0,0,0,0.291331138428001,84.41
"53057",0.000132332021040791,0.678531421984031,1,0,0.343789946480948,94.4
"53059",0,0,0,0,0.172821791032394,36.33
"53061",0.000234057429990164,1.20012767543389,1,1,0.37388304010973,97.84
"53063",0.000308022922636103,1.57938517114861,1,1,0.417408657468906,99.81
"53065",0.000147677767112161,0.757216617156882,1,0,0.263326922976832,77.66
"53067",7.75122786495952e-05,0.397443613720069,1,0,0.275031759309379,80.91
"53069",0,0,0,0,0.160248956353539,29.11
"53071",0.000208011410911684,1.06657691256225,1,1,0.214939886796883,58
"53073",0.000120975246603387,0.620299648241316,1,0,0.38561349072249,98.6
"53075",0.000135771180304127,0.696165684704629,1,0,0.154282521672029,26.25
"53077",0.000257689694754843,1.32130193159173,1,1,0.239380492645167,68.79
"54001",0,0,0,0,0.128466170914401,13.71
"54003",0.000634388381629925,3.25282155665721,1,1,0.247272300245679,71.91
"54005",0.00134382799001728,6.8904677023507,1,1,0.165903153842327,32.45
"54007",0,0,0,0,0.165636765603406,32.26
"54009",0.000388752105740573,1.99332343776513,1,1,0.175312191251695,37.54
"54011",0.000462831102250071,2.37316292366889,1,1,0.264721932357036,78.01
"54013",0,0,0,0,0.0991739868958519,4.58
"54015",0,0,0,0,0.103509489290474,5.66
"54017",0,0,0,0,0.0959642115693322,3.98
"54019",0.00224253924443678,11.4986027600503,1,1,0.245267726258282,71.14
"54021",0,0,0,0,0.104313452303954,5.82
"54023",0,0,0,0,0.203443843115683,51.64
"54025",0.000744148288458937,3.8156146363047,1,1,0.251628087740828,73.31
"54027",0,0,0,0,0.21929348232765,60.17
"54029",0.00149120190873844,7.64612633921537,1,1,0.190972685348079,45.98
"54031",0.000142470437384243,0.730516073953245,1,0,0.159521856063775,28.67
"54033",0.000548163651766582,2.81070491622346,1,1,0.228917083345175,64.27
"54035",0.000801649106733853,4.11044964058003,1,1,0.193295207500941,46.8
"54037",0.000694187338022954,3.55944024649053,1,1,0.232332503673848,65.89
"54039",0.000750451220670656,3.84793287283318,1,1,0.281249149581719,82.28
"54041",0.000160333493666827,0.822108757908903,1,0,0.1893920707734,45.15
"54043",0,0,0,0,0.151422467461856,24.63
"54045",0.00123522145756132,6.33358854094667,1,1,0.185187954506575,43.18
"54047",0.000469924812030075,2.409535866108,1,1,0.120463191810483,10.56
"54049",0.000662690523525514,3.3979405719535,1,1,0.268761729069049,79.19
"54051",0.000614304519526108,3.14984170790213,1,1,0.166409437054996,32.71
"54053",0.000281729821101564,1.44456749488036,1,1,0.160397796866284,29.18
"54055",0.000820793433652531,4.20861202988604,1,1,0.270780437068424,79.8
"54057",0.000506688285366842,2.59804029341195,1,1,0.185844234953623,43.37
"54059",0,0,0,0,0.149726501615396,23.83
"54061",0.000242472002061012,1.24327332912915,1,1,0.199009941283529,49.67
"54063",0,0,0,0,0.175703269272271,37.93
"54065",0,0,0,0,0.205079272418723,52.43
"54067",0.000125707102451288,0.64456220277534,1,0,0.193694369766016,47.03
"54069",0.00099219926098262,5.08749409365188,1,1,0.244337612721341,70.89
"54071",0,0,0,0,0.187264381840935,43.94
"54073",0,0,0,0,0.126710588951382,12.95
"54075",0,0,0,0,0.138141887911638,18.2
"54077",0,0,0,0,0.215608702734963,58.38
"54079",0.000630808696749232,3.23446674991242,1,1,0.292148806108046,84.66
"54081",0.000539098853705595,2.7642252337555,1,1,0.251065491194004,73.11
"54083",0.000346080636788372,1.77452580829826,1,1,0.241194199044862,69.42
"54085",0,0,0,0,0.140186955716718,19.31
"54087",0,0,0,0,0.171843301296983,35.73
"54089",0,0,0,0,0.149816986614181,23.86
"54091",0.000495172072295123,2.53899099929578,1,1,0.165189218106714,32.04
"54093",0,0,0,0,0.128537569245993,13.74
"54095",0.0046339202965709,23.7603907464218,1,1,0.123633847652442,11.58
"54097",0.000353481795687522,1.81247519373554,1,1,0.208625739062079,54.53
"54099",0,0,0,0,0.171437099417722,35.48
"54101",0,0,0,0,0.114589554709769,8.88
"54103",0.00056710775047259,2.90784063690614,1,1,0.167665958922254,33.44
"54105",0,0,0,0,0.121115048706025,10.72
"54107",0.000695159629248198,3.56442566228376,1,1,0.298203080101164,85.81
"54109",0.00125971026663867,6.45915472149212,1,1,0.147954659825152,22.84
"55001",0.000171320884015762,0.878446517573724,1,0,0.176108162345762,38.05
"55003",0.000552547242789258,2.83318174553974,1,1,0.210495802619507,55.55
"55005",0,0,0,0,0.2507067105706,72.92
"55007",0,0,0,0,0.19426350151843,47.28
"55009",0.000145845730220402,0.747822862058792,1,0,0.335462091792651,93.45
"55011",0,0,0,0,0.181312177458818,40.66
"55013",0,0,0,0,0.194027937805489,47.22
"55015",0.000535589952332494,2.74623336890248,1,1,0.219556566793112,60.32
"55017",0.000332027359054386,1.70246773460317,1,1,0.321762427525938,91.03
"55019",0,0,0,0,0.221813432788325,61.09
"55021",0.00101440454453236,5.20135151458493,1,1,0.277911893790695,81.71
"55023",0.000131665569453588,0.675114196586942,1,0,0.169769100039996,34.74
"55025",6.53389457812402e-05,0.335024942891307,1,0,0.269368810583408,79.32
"55027",0.000500237612866111,2.56496451968576,1,1,0.214924912587047,57.97
"55029",0.000490647040785035,2.51578893496612,1,1,0.268524008682758,79
"55031",0.00021978021978022,1.12692138968743,1,1,0.265818052862452,78.17
"55033",0,0,0,0,0.205051411560789,52.4
"55035",6.18936357869002e-05,0.317359142344706,1,0,0.306506164373908,88.13
"55037",0,0,0,0,0.132809573419499,15.81
"55039",0.000693192846249827,3.55434099755846,1,1,0.318510799221042,90.33
"55041",0,0,0,0,0.15358696829528,25.77
"55043",9.75609756097561e-05,0.500243153471008,1,0,0.264165171098411,77.82
"55045",0.000344194584671868,1.76485509054996,1,1,0.213846587369158,57.37
"55047",0,0,0,0,0.214435615886077,57.75
"55049",0,0,0,0,0.184957868990136,42.98
"55051",0,0,0,0,0.171784376401809,35.67
"55053",0.00032209576980889,1.65154358699093,1,1,0.145323931290697,21.54
"55055",0.000385971232277488,1.97906453043171,1,1,0.274753904990588,80.75
"55057",0,0,0,0,0.188985055698832,44.83
"55059",6.12797666466486e-05,0.314211533040691,1,0,0.26102846849281,76.77
"55061",0,0,0,0,0.173655697656919,36.75
"55063",0.000196533155143273,1.00772224422739,1,1,0.299217066967401,86.19
"55065",0.000316155548529877,1.6210851479854,1,1,0.191303644001705,46.07
"55067",0,0,0,0,0.215544715511764,58.32
"55069",0.000880902043692741,4.5168184664181,1,1,0.224766391213315,62.62
"55071",0.00013288683357253,0.681376218981267,1,0,0.270582935585972,79.76
"55073",0.00027027027027027,1.38580873596698,1,1,0.327325503020208,92.05
"55075",0.000306403840261465,1.57108333870222,1,1,0.21721238631015,59.02
"55077",0,0,0,0,0.162700279331826,30.67
"55078",0.000817661488143908,4.19255300333428,1,1,0.0878480679290791,2.61
"55079",0.000154410643525658,0.79173938927932,1,0,0.308273435799351,88.42
"55081",0.000451893846027442,2.31708222635182,1,1,0.199756944665092,50.05
"55083",0.000457582135993411,2.34624888948377,1,1,0.227585422340886,63.79
"55085",5.34587832780926e-05,0.274109500859501,1,0,0.293629247610338,84.98
"55087",0.000168720842929331,0.865114826863366,1,0,0.357323683512067,96.18
"55089",2.10464284210969e-05,0.107915400157382,1,0,0.294726346559978,85.11
"55091",0,0,0,0,0.169741776733842,34.71
"55093",0,0,0,0,0.238189947797596,68.31
"55095",0,0,0,0,0.256102937807047,74.96
"55097",0.000237072939441035,1.2155896769934,1,1,0.268612799504966,79.06
"55099",0.000354798651765123,1.81922736316403,1,1,0.172147604830131,35.89
"55101",0.000367952522255193,1.88667373312063,1,1,0.334569088067172,93.22
"55103",0,0,0,0,0.168431430071125,34.08
"55105",3.92634182731949e-05,0.2013228757736,1,0,0.324338942278056,91.5
"55107",0,0,0,0,0.177760079412401,38.82
"55109",0.000216091622848088,1.108008137235,1,1,0.342149575054633,94.27
"55111",0.000249140465394389,1.27746582367777,1,1,0.253495167994398,74.23
"55113",0.000116918040453642,0.599496354855352,1,0,0.226625387996904,63.47
"55115",0.000207411504424779,1.06350089665608,1,1,0.259673552086055,76.26
"55117",0.00011985557403329,0.61455853573378,1,0,0.24907232021253,72.35
"55119",0.000110766504209127,0.567954399986467,1,0,0.200712992899674,50.37
"55121",0.000207799404308374,1.06548985033134,1,1,0.208626161387838,54.57
"55123",0.000855757345250547,4.38788921818964,1,1,0.262052652873243,77.19
"55125",0,0,0,0,0.2509234273496,73.05
"55127",0.000196463654223969,1.00736587879722,1,1,0.3080908692583,88.36
"55129",0,0,0,0,0.231107296327884,65.19
"55131",0.000122827488791992,0.629797005843865,1,0,0.321507677474438,90.96
"55133",0.000223081499107674,1.14384867409529,1,1,0.414382948976108,99.75
"55135",0,0,0,0,0.233879902902354,66.53
"55137",0,0,0,0,0.189998666141194,45.59
"55139",9.85784980580036e-05,0.505460492012956,1,0,0.231009858806226,65.07
"55141",0.000199386885327618,1.02235472383976,1,1,0.254527224089103,74.48
"56001",0,0,0,0,0.210526940547582,55.62
"56003",0,0,0,0,0.181795543770754,40.88
"56005",0,0,0,0,0.236781675019742,67.83
"56007",0,0,0,0,0.175284490252246,37.51
"56009",0.000135189941868325,0.693185389087174,1,0,0.168117160672654,33.85
"56011",0,0,0,0,0.168169881924843,33.88
"56013",5.69573389531241e-05,0.292048318225086,1,0,0.261112951552686,76.81
"56015",0.000194250194250194,0.996016379774248,1,0,0.208458149850839,54.37
"56017",0.00401248328131966,20.5739772214447,1,1,0.161904242757273,30.19
"56019",0,0,0,0,0.247376679202075,71.94
"56021",5.2218412212146e-05,0.267749507741092,1,0,0.284901989876504,82.95
"56023",0.000236016049091338,1.210170479839,1,1,0.241240393204526,69.46
"56025",0,0,0,0,0.387873605558559,98.82
"56027",0,0,0,0,0.111804984142841,7.8
"56029",0,0,0,0,0.298854760337638,86.13
"56031",0,0,0,0,0.178949938072942,39.42
"56033",0,0,0,0,0.319148173982424,90.49
"56035",0,0,0,0,0.195588712652843,47.98
"56037",0,0,0,0,0.234757745416497,67.01
"56039",0,0,0,0,0.228880863940023,64.24
"56041",0,0,0,0,0.235155960335428,67.13
"56043",0,0,0,0,0.212844524832133,56.79
"56045",0,0,0,0,0.161402911737103,30
