{
"type": "FeatureCollection",
"name": "geometry__csa.geojson",
"crs": { "type": "name", "properties": { "name": "urn:ogc:def:crs:EPSG::5070" } },
"features": [
{ "type": "Feature", "properties": { "csa_geoid": "101", "csa_name": "Abilene-Sweetwater, TX CSA" }, "geometry": { "type": "Polygon", "coordinates": [ [ [ -341077.923711348266806, 1007355.06491637264844 ], [ -328779.15198433859041, 1006737.250408626161516 ], [ -292943.313626829709392, 1005456.548044734750874 ], [ -292213.688689225469716, 1024484.710556983598508 ], [ -290943.142329549475107, 1053934.05789623898454 ], [ -337422.116426290594973, 1055562.084837453439832 ], [ -335544.850802715634927, 1104868.438021559501067 ], [ -373421.259202073095366, 1106757.515942250611261 ], [ -384942.884713686245959, 1107222.241075074067339 ], [ -387285.481591866293456, 1058507.043892792193219 ], [ -417466.366399272403214, 1060037.074632949894294 ], [ -435250.485217629466206, 1061012.420617794618011 ], [ -437582.089895970886573, 1020177.951685008010827 ], [ -438098.041414772218559, 1012053.864179220749065 ], [ -406188.21076328237541, 1010097.897211927571334 ], [ -389929.538638950965833, 1009508.807863500202075 ], [ -362783.980052459228318, 1008238.783469752408564 ], [ -341077.923711348266806, 1007355.06491637264844 ] ] ] } },
{ "type": "Feature", "properties": { "csa_geoid": "104", "csa_name": "Albany-Schenectady, NY CSA" }, "geometry": { "type": "Polygon", "coordinates": [ [ [ 1832692.149700612993911, 2334472.1814268771559 ], [ 1830832.656414788449183, 2338232.78715722868219 ], [ 1832774.098036558367312, 2414597.028660676442087 ], [ 1831865.527459790464491, 2414384.57031570840627 ], [ 1829238.551562043139711, 2420174.065487586893141 ], [ 1829374.795640818076208, 2423828.970479879062623 ], [ 1824717.031451165676117, 2445981.217285231221467 ], [ 1819850.87371076317504, 2470467.620813889894634 ], [ 1813553.680398519150913, 2499559.484435836784542 ], [ 1813685.182589681586251, 2500642.267261376138777 ], [ 1811594.221494048833847, 2503581.252378091681749 ], [ 1809162.249813478440046, 2504633.619165153242648 ], [ 1806630.800821611192077, 2509196.357990843709558 ], [ 1802199.441090322332457, 2508199.270482426974922 ], [ 1801165.503493243595585, 2506516.3670640042983 ], [ 1800611.071347356308252, 2501268.088361506816 ], [ 1797808.005760409636423, 2502418.209120378829539 ], [ 1797581.04315836681053, 2506879.38010430848226 ], [ 1796540.449238596484065, 2507902.239925269968808 ], [ 1797170.384103457909077, 2512074.49240314681083 ], [ 1797015.234292265493423, 2514754.287144111935049 ], [ 1798621.948585655307397, 2518843.604987749829888 ], [ 1798192.51038710353896, 2520914.481148252263665 ], [ 1798955.181132653495297, 2524275.910336590372026 ], [ 1795754.923652516445145, 2527693.472827238962054 ], [ 1786645.338865105528384, 2524367.459531905595213 ], [ 1777710.472595147555694, 2520849.140240761451423 ], [ 1732655.491729263216257, 2503528.656480610836297 ], [ 1745996.249063847120851, 2465708.538518557325006 ], [ 1750555.754857460502535, 2453295.666791760362685 ], [ 1744089.454574475763366, 2451117.763538557570428 ], [ 1745029.043916320428252, 2448268.220401051919907 ], [ 1737210.137126728892326, 2445678.318307745270431 ], [ 1736214.473896834999323, 2448536.841606822796166 ], [ 1720154.0598619596567, 2443278.229980768170208 ], [ 1704592.518079480156302, 2446692.394719903357327 ], [ 1708622.816374332644045, 2435115.675181095954031 ], [ 1707299.599770500091836, 2433139.966102563776076 ], [ 1708436.602895505959168, 2431610.04111906234175 ], [ 1706489.536899677943438, 2430503.546908040065318 ], [ 1707438.09641281189397, 2428575.881708248052746 ], [ 1705169.308505553752184, 2427417.655404892284423 ], [ 1704897.424711695639417, 2423211.011815590783954 ], [ 1707051.743633526610211, 2419031.363337761722505 ], [ 1708565.217104284558445, 2418015.507942782249302 ], [ 1709662.184874845901504, 2414550.26436060667038 ], [ 1711171.276664578355849, 2399416.927949789445847 ], [ 1721120.317239744821563, 2397824.627846372779459 ], [ 1720707.89734139223583, 2393452.638601859565824 ], [ 1721558.887408192502335, 2388886.911713508889079 ], [ 1726730.89556488650851, 2378272.033496706746519 ], [ 1727571.840936610475183, 2376052.106901682913303 ], [ 1725824.712413247674704, 2368551.659378246869892 ], [ 1723845.231773144332692, 2362707.183439758140594 ], [ 1733553.409903780557215, 2354212.347001824062318 ], [ 1749274.35649107513018, 2349866.941144715994596 ], [ 1753938.820162456482649, 2353109.102937534451485 ], [ 1757025.754421982215717, 2351737.526997865643352 ], [ 1762368.013329907087609, 2353857.419262021314353 ], [ 1764327.923446015687659, 2356127.925153632182628 ], [ 1763011.168799844104797, 2359156.741615952458233 ], [ 1787825.612681907601655, 2369227.990452110301703 ], [ 1799022.21266385121271, 2374072.710178368259221 ], [ 1800109.744048643158749, 2372864.714889767579734 ], [ 1800538.997166543034837, 2370492.775811895728111 ], [ 1800334.851125263841823, 2365383.609824186190963 ], [ 1803381.146811458049342, 2356888.522391762118787 ], [ 1803697.518691384932026, 2352842.225563947577029 ], [ 1802939.445997949689627, 2350802.259353562723845 ], [ 1800670.023566764080897, 2348932.246788010932505 ], [ 1799967.541407941142097, 2347416.819003685843199 ], [ 1800379.229096255963668, 2343039.643254352267832 ], [ 1798095.892588050337508, 2339911.702744114678353 ], [ 1797607.049040820915252, 2335012.402236067689955 ], [ 1797341.582541480427608, 2329373.420702821109444 ], [ 1799066.664968863595277, 2329877.252886212430894 ], [ 1812684.010778703959659, 2326659.761466321069747 ], [ 1816730.547430950915441, 2325556.145596728194505 ], [ 1832158.08349428884685, 2326093.643492132425308 ], [ 1830723.615945662371814, 2334030.88823407702148 ], [ 1832692.149700612993911, 2334472.1814268771559 ] ] ] } },
{ "type": "Feature", "properties": { "csa_geoid": "105", "csa_name": "Albuquerque-Santa Fe-Los Alamos, NM CSA" }, "geometry": { "type": "Polygon", "coordinates": [ [ [ -1030153.992985452176072, 1550697.80467617791146 ], [ -1030481.845990168745629, 1545890.993535740301013 ], [ -1031283.563739567180164, 1541083.997403149027377 ], [ -1032115.912637406378053, 1533076.336327842902392 ], [ -1034145.399256119620986, 1516893.980448415037245 ], [ -1036111.213326687575318, 1502228.716596272774041 ], [ -1007944.886217212770134, 1498617.937684458913282 ], [ -1013433.90715542039834, 1452468.618349662749097 ], [ -1015419.570716266403906, 1434170.758690651273355 ], [ -1015789.935329991974868, 1434268.583871266804636 ], [ -1017217.841151326429099, 1421606.189507573377341 ], [ -1010909.167437504394911, 1420833.949455031892285 ], [ -1008312.624626819044352, 1410828.548785487888381 ], [ -1000007.942181450431235, 1380302.143654871033505 ], [ -1012264.438278329791501, 1381787.837423132965341 ], [ -1016988.247091054450721, 1343061.463940985035151 ], [ -1017145.104373378213495, 1339696.065910309785977 ], [ -1007812.96565696480684, 1338572.77759507810697 ], [ -990255.352554636774585, 1336745.46573302289471 ], [ -988282.336205792380497, 1336406.068700619973242 ], [ -978558.28538304194808, 1329868.639216098468751 ], [ -955613.601697222562507, 1318933.53821457689628 ], [ -951481.536208190023899, 1316231.682307366514578 ], [ -947879.39517455722671, 1316130.69457054277882 ], [ -949992.831264444394037, 1296131.875963375903666 ], [ -902190.065779260010459, 1291024.199762807926163 ], [ -865999.930562101537362, 1287296.420715435408056 ], [ -849754.787280315416865, 1285712.969277775846422 ], [ -845918.300224561360665, 1324314.315887227887288 ], [ -843894.932437242008746, 1324094.849821614101529 ], [ -837306.544020565808751, 1391988.735502887051553 ], [ -813246.358553599216975, 1389654.583328204229474 ], [ -777964.816038055345416, 1386354.322386437095702 ], [ -732507.55787325615529, 1382269.633096679812297 ], [ -733183.15803999255877, 1374074.822388617089018 ], [ -708001.984421103028581, 1385644.629803763702512 ], [ -708191.087574772886001, 1383219.64438647357747 ], [ -688384.311223914730363, 1381423.279316732194275 ], [ -686744.092111689853482, 1401672.889440251514316 ], [ -694508.786696517257951, 1402351.864550322061405 ], [ -713675.371800577966496, 1446508.120931388344616 ], [ -717865.301247748080641, 1444585.951433933805674 ], [ -725515.888704753830098, 1445264.614393895957619 ], [ -748987.97295399941504, 1447030.385718908160925 ], [ -748240.071672016987577, 1447400.372012632433325 ], [ -749265.727153845014982, 1452034.225226159906015 ], [ -748068.256942819920368, 1453668.59105760930106 ], [ -750017.699111071880907, 1456002.262231308035553 ], [ -746952.495942217996344, 1459110.09881489048712 ], [ -745330.301575451390818, 1461607.081613494781777 ], [ -745861.242899813689291, 1464853.261865768115968 ], [ -743392.108976777642965, 1466871.089605469256639 ], [ -745703.59430383448489, 1469599.529391526244581 ], [ -744096.315112839103676, 1471410.753915447043255 ], [ -746252.562621635384858, 1473106.810528215486556 ], [ -745986.968237210647203, 1476553.004912873031572 ], [ -747185.349669005488977, 1477218.613049967214465 ], [ -747047.806545659783296, 1480236.863417816814035 ], [ -748266.391175640863366, 1482917.514063573908061 ], [ -748993.016803235397674, 1486681.265262018190697 ], [ -749819.594674195745029, 1488076.311131129506975 ], [ -748324.321455448516645, 1489251.787225738167763 ], [ -750935.356034534634091, 1491956.234770328970626 ], [ -750512.198359278845601, 1496544.741644165711477 ], [ -777467.76804493193049, 1499002.39045409229584 ], [ -788607.653569020796567, 1499947.334106849040836 ], [ -788147.526067642844282, 1504803.25720528815873 ], [ -814755.630989423021674, 1507296.584046152886003 ], [ -830320.712886471534148, 1508905.41801503743045 ], [ -834503.698229745030403, 1508303.63340708729811 ], [ -835819.92003265558742, 1505843.793877759249881 ], [ -835392.098302788450383, 1504258.632558850804344 ], [ -836037.328515543602407, 1501560.013324684463441 ], [ -838478.505254265037365, 1499338.489428594475612 ], [ -837990.953859585453756, 1497876.407351311994717 ], [ -838738.415217508561909, 1495090.125341080361977 ], [ -843141.638065789360553, 1489526.369809491792694 ], [ -845976.608526457217522, 1485191.424713535932824 ], [ -847689.053230189485475, 1483499.373434524750337 ], [ -849865.121756009757519, 1482844.91245605237782 ], [ -867129.483759880415164, 1494407.518318266840652 ], [ -869056.20363637059927, 1497948.140048379078507 ], [ -876362.722467769868672, 1510033.771203845273703 ], [ -893416.712545418296941, 1519321.523073895834386 ], [ -891328.539646477904171, 1522095.56655147485435 ], [ -888269.634951293468475, 1522629.388054797425866 ], [ -884079.650642645428888, 1524706.489978956291452 ], [ -883085.051894251490012, 1526963.157767189666629 ], [ -882880.444305014563724, 1531962.926524332724512 ], [ -880897.246033729519695, 1536631.904098141705617 ], [ -880762.523566381656565, 1540466.019449075683951 ], [ -881416.343801782233641, 1545332.179315260378644 ], [ -881065.464779483038001, 1549398.805311696371064 ], [ -881823.531433522701263, 1555882.90770518919453 ], [ -881142.37906781793572, 1561518.786868052091449 ], [ -881674.576560891233385, 1565016.732553868088871 ], [ -880953.971555722411722, 1570988.015508887823671 ], [ -880839.818035684293136, 1575936.116774313617498 ], [ -879656.371147173224017, 1578754.070625751512125 ], [ -878849.96616497519426, 1584162.060349743580446 ], [ -879667.006934424629435, 1588101.410034684697166 ], [ -879626.512210868764669, 1590352.0563209510874 ], [ -880668.394890625495464, 1594518.163310932461172 ], [ -880588.234066475648433, 1596637.349265883676708 ], [ -897711.583050771383569, 1598326.906603077659383 ], [ -934156.691604173975065, 1602204.710392801091075 ], [ -956296.133015545550734, 1604657.277704638894647 ], [ -956854.02771674154792, 1605591.311913395998999 ], [ -1004452.173814717563801, 1611186.07239761040546 ], [ -1005703.976847423240542, 1607963.152592361206189 ], [ -1008216.820147051359527, 1606357.210399327101186 ], [ -1008417.022083731018938, 1600834.184907230781391 ], [ -1013484.456120452028699, 1598202.196360639063641 ], [ -1015067.419221615651622, 1598417.613168499898165 ], [ -1015918.106347286025994, 1596882.18455615430139 ], [ -1018217.913922603591345, 1596727.898746128426865 ], [ -1020616.915390204754658, 1594541.706647289684042 ], [ -1022208.635107706766576, 1594643.993145304499194 ], [ -1022627.818981127231382, 1592549.007658637827262 ], [ -1024390.324580388842151, 1591521.449364041211084 ], [ -1026257.680587622453459, 1577198.850329684093595 ], [ -1026612.075853265239857, 1577241.954389909282327 ], [ -1030153.992985452176072, 1550697.80467617791146 ] ] ] } },
{ "type": "Feature", "properties": { "csa_geoid": "106", "csa_name": "Allentown-Bethlehem-East Stroudsburg, PA-NJ CSA" }, "geometry": { "type": "Polygon", "coordinates": [ [ [ 1732528.755415900377557, 2143707.720119504258037 ], [ 1733234.836200497113168, 2144158.876030145678669 ], [ 1735309.045120445545763, 2148611.891958266496658 ], [ 1738040.914942575385794, 2150427.671336211264133 ], [ 1740054.67503188806586, 2153639.226010167505592 ], [ 1744207.325769408373162, 2158135.458774795290083 ], [ 1745411.885574302636087, 2158316.276621043682098 ], [ 1747621.300073995487764, 2160642.759335679933429 ], [ 1751271.222272410988808, 2169591.959232212044299 ], [ 1755125.655517924344167, 2173174.333340068813413 ], [ 1756294.531356650637463, 2178024.318002929911017 ], [ 1757588.500823799520731, 2180571.306751529686153 ], [ 1756893.409005106193945, 2182944.604280765168369 ], [ 1759073.514529154403135, 2186328.784214762505144 ], [ 1738470.480650577694178, 2202733.44552371557802 ], [ 1732728.665588474832475, 2200799.65762231964618 ], [ 1728363.429956071777269, 2205829.158477443736047 ], [ 1721689.974741612793878, 2205392.54445933457464 ], [ 1721385.010892844991758, 2216997.004006129689515 ], [ 1703070.182655669515952, 2211453.427285238169134 ], [ 1691104.854010470909998, 2208105.594510806258768 ], [ 1690767.93172270921059, 2206476.737656962126493 ], [ 1688724.598659525392577, 2206726.520257762167603 ], [ 1686933.465306912083179, 2203273.481093248352408 ], [ 1686870.158019206486642, 2200866.159115604124963 ], [ 1683639.81568550481461, 2195462.587654983624816 ], [ 1681688.990362903103232, 2193443.790684609208256 ], [ 1680525.16645367955789, 2194456.792576438281685 ], [ 1678603.651748049538583, 2193722.189762306865305 ], [ 1675953.854356947820634, 2189946.623616294935346 ], [ 1674564.391051760641858, 2189746.317168986424804 ], [ 1673371.976193025708199, 2186356.680052766110748 ], [ 1674143.492689042817801, 2183463.482560916338116 ], [ 1675602.764662148896605, 2181663.236917084082961 ], [ 1676830.074200227158144, 2181902.664182712789625 ], [ 1678242.634509036084637, 2179542.190311236307025 ], [ 1673197.615401644725353, 2175621.881417942233384 ], [ 1671746.078019952168688, 2175211.867781730834395 ], [ 1669779.564048663247377, 2172930.145170731469989 ], [ 1658809.372002536198124, 2164496.343349857255816 ], [ 1670207.914643518161029, 2155830.304329378996044 ], [ 1682608.959793525282294, 2149240.650684390217066 ], [ 1679140.453686479711905, 2145269.996537596918643 ], [ 1675662.139805609593168, 2142904.284598178695887 ], [ 1673032.670801304513589, 2140514.885061698034406 ], [ 1677968.393415694823489, 2137765.753024311736226 ], [ 1702341.913590633310378, 2124785.909856012091041 ], [ 1712628.888308369088918, 2119464.768633266445249 ], [ 1717049.672517214901745, 2128389.819724676664919 ], [ 1721771.772077503614128, 2134717.168725253548473 ], [ 1727209.199715704889968, 2141420.609464276582003 ], [ 1731589.710561509942636, 2145442.356537481769919 ], [ 1732528.755415900377557, 2143707.720119504258037 ] ] ] } },
{ "type": "Feature", "properties": { "csa_geoid": "107", "csa_name": "Altoona-Huntingdon, PA CSA" }, "geometry": { "type": "Polygon", "coordinates": [ [ [ 1455996.488621910102665, 2057074.176079747965559 ], [ 1464072.055071087554097, 2054743.333918523509055 ], [ 1466174.310662567382678, 2054500.685715419240296 ], [ 1471846.646749606356025, 2050668.142088533146307 ], [ 1471782.385460342047736, 2057255.695266556693241 ], [ 1485084.060678516514599, 2052891.869288416113704 ], [ 1486531.348008403088897, 2059523.944159219507128 ], [ 1489807.050823177676648, 2051776.916377001209185 ], [ 1504805.044795319903642, 2044218.948657454922795 ], [ 1518115.057989357272163, 2043195.784179634414613 ], [ 1524068.329187603434548, 2039740.469525126507506 ], [ 1524417.086058340733871, 2040223.119022177997977 ], [ 1527476.590662296395749, 2052410.787678893655539 ], [ 1529005.149495062883943, 2056966.08087813295424 ], [ 1531675.409146867692471, 2062734.893543286016211 ], [ 1533139.065284294309095, 2064555.44441212550737 ], [ 1526618.533880627015606, 2076407.500389311695471 ], [ 1526034.940495066111907, 2075174.327879174379632 ], [ 1519695.824078067438677, 2073979.140714133623987 ], [ 1518086.063303774455562, 2073325.467147196410224 ], [ 1514875.926612422103062, 2076417.068285099230707 ], [ 1512826.523663279833272, 2076035.673073398414999 ], [ 1517448.308896482922137, 2086688.562669807579368 ], [ 1518678.121903392719105, 2088789.035168332746252 ], [ 1515557.251848564716056, 2093830.21918444079347 ], [ 1516643.84708365960978, 2097418.123318369966 ], [ 1519653.684435371309519, 2103283.438392139039934 ], [ 1521235.277453088434413, 2104317.334520173724741 ], [ 1525595.428331499220803, 2110238.652293398976326 ], [ 1524152.588039140217006, 2110320.814420198556036 ], [ 1523831.0872972602956, 2113116.105487829074264 ], [ 1525604.686192176071927, 2114770.984669957775623 ], [ 1524930.848044966347516, 2116157.816073645371944 ], [ 1522854.541392007609829, 2114019.130034040659666 ], [ 1521911.812282987637445, 2115296.905942859593779 ], [ 1517979.949743078555912, 2113630.095206750556827 ], [ 1512832.876469250302762, 2115377.717630566563457 ], [ 1507707.843023191904649, 2111269.745655392296612 ], [ 1504118.440940794767812, 2107767.416450552642345 ], [ 1487600.213443134911358, 2110475.564078842289746 ], [ 1470666.21594234299846, 2106192.009649807121605 ], [ 1470162.085077622206882, 2104947.189535118173808 ], [ 1466841.077333212364465, 2095313.653563271975145 ], [ 1464288.329054284375161, 2094885.64906319999136 ], [ 1464163.690030657220632, 2092510.328717223135754 ], [ 1465139.515205613104627, 2089624.696960439207032 ], [ 1463043.026095562847331, 2083543.810128019889817 ], [ 1460189.229437064845115, 2080903.792427917011082 ], [ 1458865.391917464556172, 2078093.106866842368618 ], [ 1459447.245669991942123, 2074699.607735309982672 ], [ 1458709.806108887540177, 2070689.367733266437426 ], [ 1459248.012641043169424, 2070016.818803002825007 ], [ 1459869.678372757509351, 2062713.52992998692207 ], [ 1456822.01217651902698, 2060320.999877823516726 ], [ 1455996.488621910102665, 2057074.176079747965559 ] ] ] } },
{ "type": "Feature", "properties": { "csa_geoid": "108", "csa_name": "Amarillo-Borger, TX CSA" }, "geometry": { "type": "Polygon", "coordinates": [ [ [ -502911.696126312715933, 1439385.776458817068487 ], [ -504558.588080086221453, 1411143.090581446886063 ], [ -552947.068654241855256, 1414129.334689803421497 ], [ -552897.91022320301272, 1414965.291122039081529 ], [ -593329.474343124078587, 1417366.402310741133988 ], [ -631641.098203658009879, 1419880.345319648971781 ], [ -635355.485017910716124, 1370846.470450435532257 ], [ -609053.023022782988846, 1369142.397327766055241 ], [ -597779.648666932247579, 1368599.56677092704922 ], [ -556540.547913393704221, 1365369.321355877909809 ], [ -559826.709716894896701, 1316720.329957769950852 ], [ -544383.057834715815261, 1315816.975334710907191 ], [ -510917.74237262562383, 1313706.472060312284157 ], [ -493299.087750617007259, 1312654.034911159425974 ], [ -488847.331385751022026, 1312507.53544648247771 ], [ -471991.795191483804956, 1311492.393580380827188 ], [ -462087.806728328985628, 1311016.356817034771666 ], [ -460103.98995569505496, 1342148.576025713933632 ], [ -459085.710581057297532, 1359469.783137625548989 ], [ -453808.051088749081828, 1457073.395133098587394 ], [ -479426.763886767439544, 1458480.065869855927303 ], [ -501736.436025582137518, 1459791.227881324943155 ], [ -502911.696126312715933, 1439385.776458817068487 ] ] ] } },
{ "type": "Feature", "properties": { "csa_geoid": "118", "csa_name": "Appleton-Oshkosh-Neenah, WI CSA" }, "geometry": { "type": "Polygon", "coordinates": [ [ [ 585176.643311532679945, 2422908.509326448198408 ], [ 574850.719585905200802, 2422120.689815167337656 ], [ 576692.710335899959318, 2398044.783835297450423 ], [ 577569.740215363679454, 2383518.394869059789926 ], [ 565910.969131153309718, 2382558.905157676897943 ], [ 568885.872308306396008, 2343933.421767995227128 ], [ 607408.566973215667531, 2346674.135030176024884 ], [ 606926.697776965913363, 2351695.621441013645381 ], [ 626267.230429891264066, 2353211.760452342685312 ], [ 626642.045911099412479, 2348075.393621653318405 ], [ 636250.620873223640956, 2348896.039858453441411 ], [ 633383.311633197241463, 2381164.586981325410306 ], [ 632877.919418142875656, 2387700.423228639643639 ], [ 621015.502739805495366, 2386818.195877331309021 ], [ 620720.550364554394037, 2392032.367006277199835 ], [ 618031.766161024104804, 2425126.996288646943867 ], [ 613728.117861347855069, 2424544.348506479524076 ], [ 602505.888850358664058, 2424041.971387258265167 ], [ 585176.643311532679945, 2422908.509326448198408 ] ] ] } },
{ "type": "Feature", "properties": { "csa_geoid": "120", "csa_name": "Asheville-Waynesville-Brevard, NC CSA" }, "geometry": { "type": "Polygon", "coordinates": [ [ [ 1139715.420138164889067, 1481240.80154039291665 ], [ 1143369.587106554070488, 1481313.878614206798375 ], [ 1146434.812756311614066, 1479346.31557699944824 ], [ 1145140.579942651093006, 1476799.101640135282651 ], [ 1147659.571613596286625, 1475073.600412622559816 ], [ 1148052.789628987433389, 1472923.374120165361091 ], [ 1147417.396296434337273, 1471235.276632791152224 ], [ 1149363.826566551811993, 1469287.398759797681123 ], [ 1150710.015393995679915, 1466672.919755198759958 ], [ 1149592.71715110912919, 1464707.774526136694476 ], [ 1149597.698633760446683, 1462878.8140971402172 ], [ 1151088.423763420898467, 1460269.2449234216474 ], [ 1152913.015555769903585, 1460142.501632912550122 ], [ 1153695.535215472104028, 1456961.655611672904342 ], [ 1157923.456311638001353, 1456765.957022986374795 ], [ 1159280.555864846101031, 1454377.739743198500946 ], [ 1162765.097849754849449, 1452634.872549089370295 ], [ 1163137.199156864313409, 1450347.07043486344628 ], [ 1165392.943753250641748, 1448878.08955446514301 ], [ 1167612.390004359651357, 1448548.102346639381722 ], [ 1171106.597268110373989, 1444555.493947872426361 ], [ 1171395.495714023709297, 1442546.223416845314205 ], [ 1174927.190337481210008, 1441623.599341026740149 ], [ 1176145.21483167540282, 1438176.649798553436995 ], [ 1175644.846528337104246, 1433397.564550909912214 ], [ 1173377.966912033502012, 1431547.868354052770883 ], [ 1172877.550330000231043, 1429115.13911492889747 ], [ 1171363.630317932460457, 1428120.821342050563544 ], [ 1170866.339119336334988, 1425309.959025197196752 ], [ 1172502.165367037290707, 1423839.807909740600735 ], [ 1172496.952130037127063, 1421912.459377950290218 ], [ 1167868.708536551101133, 1415198.461648689117283 ], [ 1167295.931779836071655, 1412465.271838635439053 ], [ 1171855.274435838451609, 1410114.700435359962285 ], [ 1191159.231290807714686, 1419342.449423325248063 ], [ 1192021.139710666844621, 1417038.800274680368602 ], [ 1193722.850876990007237, 1417715.225847981637344 ], [ 1199473.766458661062643, 1423060.247864253120497 ], [ 1205860.143900380469859, 1427452.736907734069973 ], [ 1209321.754417473915964, 1428648.505543987965211 ], [ 1211584.898797573987395, 1430870.319820972857997 ], [ 1215715.491315967636183, 1431735.962142462609336 ], [ 1218621.474641178036109, 1433693.215171188116074 ], [ 1220649.141527576837689, 1432596.027516894042492 ], [ 1221901.937166370917112, 1436478.738780030515045 ], [ 1224252.6303515965119, 1438714.753486298490316 ], [ 1226505.574313003569841, 1435201.699732250766829 ], [ 1227909.95650966418907, 1436622.779402307700366 ], [ 1227078.830159042729065, 1447105.6422088900581 ], [ 1228159.505720016080886, 1449576.341927376110107 ], [ 1229368.796942012850195, 1449954.918902967823669 ], [ 1229977.371248676208779, 1452799.793308898806572 ], [ 1232921.4732518538367, 1460077.977013129973784 ], [ 1232020.484619431663305, 1460756.470703582512215 ], [ 1230400.031014813110232, 1465388.626112747937441 ], [ 1231318.46840538806282, 1468284.968510909937322 ], [ 1233392.024593913694844, 1468589.264741361141205 ], [ 1234517.012855887413025, 1472195.772478744387627 ], [ 1234505.151744719827548, 1474655.203277982771397 ], [ 1238957.056371811078861, 1476187.352687518112361 ], [ 1234017.007464200491086, 1478330.294099031947553 ], [ 1231126.552585515892133, 1478678.191988502861932 ], [ 1227084.718882581684738, 1481639.905395368346944 ], [ 1229018.574204692849889, 1484880.457313614198938 ], [ 1226474.616091613890603, 1488536.285791950300336 ], [ 1226793.460997506044805, 1490185.899626403581351 ], [ 1225250.965740607120097, 1491841.54914249968715 ], [ 1226651.242885922314599, 1494373.538683448918164 ], [ 1224829.942230997374281, 1496992.853938641026616 ], [ 1222839.494376889895648, 1497119.490227139089257 ], [ 1220635.11261265957728, 1498586.719219077145681 ], [ 1218411.736637998372316, 1505311.180081156315282 ], [ 1215274.105691503966227, 1506247.704765344737098 ], [ 1212511.886150548001751, 1505382.877297729020938 ], [ 1211568.593923217616975, 1509704.050504088634625 ], [ 1209325.968197728972882, 1511642.021004897542298 ], [ 1208209.884854796109721, 1513476.303287633694708 ], [ 1205674.923142461571842, 1514514.169797018403187 ], [ 1203899.258815585635602, 1514376.893444649176672 ], [ 1203958.001399975270033, 1518005.175643621245399 ], [ 1201899.702880806289613, 1521714.656006915960461 ], [ 1198198.521076458506286, 1519671.06395381456241 ], [ 1192732.927575519541278, 1519248.565671941265464 ], [ 1193008.163412340218201, 1521539.477450927486643 ], [ 1191846.510199541691691, 1522843.57860982674174 ], [ 1192461.082395355915651, 1526968.624372475082055 ], [ 1189298.019569864729419, 1529879.375919990241528 ], [ 1185070.51573514402844, 1527065.052213214803487 ], [ 1179815.042364488355815, 1521790.826816061278805 ], [ 1177612.217396896798164, 1520814.725388639373705 ], [ 1176981.385794480796903, 1519349.608290943084285 ], [ 1177341.889776123687625, 1515356.164589187595993 ], [ 1174273.437823149608448, 1512389.997478956822306 ], [ 1171626.555197363952175, 1514210.833206767914817 ], [ 1169657.866867241682485, 1514344.974160885438323 ], [ 1167622.978639119770378, 1513202.058476702310145 ], [ 1166628.192124092485756, 1510692.907261956715956 ], [ 1168809.537778480211273, 1506042.508303102571517 ], [ 1166838.797132660867646, 1504432.217796110315248 ], [ 1167615.011257220758125, 1501476.023826907388866 ], [ 1165302.615934893256053, 1499267.511849301401526 ], [ 1164186.12594985589385, 1495193.183384638745338 ], [ 1161949.24596754158847, 1493072.746348832035437 ], [ 1157824.603505461011082, 1494026.476333847036585 ], [ 1154018.882092135492712, 1493738.542766481637955 ], [ 1150691.104058385128155, 1490658.033762230770662 ], [ 1147246.102405634010211, 1490037.334008655045182 ], [ 1145421.735410793218762, 1485834.73641993268393 ], [ 1144369.993181909900159, 1485195.446551316417754 ], [ 1140583.469872320070863, 1484826.155837576603517 ], [ 1139436.526309393113479, 1483481.702742024557665 ], [ 1139715.420138164889067, 1481240.80154039291665 ] ] ] } },
{ "type": "Feature", "properties": { "csa_geoid": "122", "csa_name": "Atlanta--Athens-Clarke County--Sandy Springs, GA-AL CSA" }, "geometry": { "type": "Polygon", "coordinates": [ [ [ 960741.009446485433728, 1300309.462090976769105 ], [ 973792.115154433762655, 1253370.794549777638167 ], [ 976942.91435530257877, 1241813.340267210965976 ], [ 985136.459968876792118, 1212699.092868054984137 ], [ 996476.803367847227491, 1171869.360884213354439 ], [ 970479.743016028427519, 1169017.021122265839949 ], [ 963231.982197667239234, 1168067.528670508181676 ], [ 967854.080139183206484, 1126050.399828175315633 ], [ 996361.236853225156665, 1129478.521198674337938 ], [ 996199.013147552032024, 1131076.83170242421329 ], [ 1010048.418137139175087, 1132813.164617279078811 ], [ 1009171.560078076203354, 1134301.665818837005645 ], [ 1010895.921425335574895, 1135922.612669027410448 ], [ 1007881.944102329784073, 1137906.870548642007634 ], [ 1006177.284691256354563, 1139677.687828932888806 ], [ 1005946.942809081636369, 1141626.78386722272262 ], [ 1006987.178105878410861, 1143798.071484930114821 ], [ 1004025.058314812951721, 1145013.438729911111295 ], [ 1003933.24214159604162, 1146037.053277785656974 ], [ 1042430.68503271357622, 1150206.846709350589663 ], [ 1048955.965088514378294, 1148391.641635973937809 ], [ 1060946.948384729214013, 1149893.010732445167378 ], [ 1067118.546071590855718, 1154959.028589098248631 ], [ 1069274.256073692580685, 1154463.858217231696472 ], [ 1068246.145416642306373, 1152702.82619620510377 ], [ 1070388.770095315063372, 1151918.981977467890829 ], [ 1071627.078669713111594, 1149470.765708247199655 ], [ 1073710.22294789343141, 1150690.170082944445312 ], [ 1075479.001012213760987, 1150464.372834807261825 ], [ 1078332.617373668588698, 1145466.774036936229095 ], [ 1080485.74263145076111, 1144522.235810950165614 ], [ 1082244.452100976603106, 1145367.318387879757211 ], [ 1083401.676171980332583, 1143367.598710864316672 ], [ 1085668.155041926074773, 1142844.677305175224319 ], [ 1086834.135484813014045, 1143646.883482549572363 ], [ 1088554.909681382821873, 1142306.504788422724232 ], [ 1094031.667344153625891, 1141304.288412718800828 ], [ 1097081.40173802850768, 1136890.806824623607099 ], [ 1100469.541870046639815, 1149815.075066392309964 ], [ 1102782.390816441504285, 1150074.829422354931012 ], [ 1101048.592098746448755, 1164616.771239234367386 ], [ 1100340.478083325782791, 1170982.837959170341492 ], [ 1086700.59912009886466, 1169441.298782345838845 ], [ 1086234.577222106512636, 1173929.886247295653448 ], [ 1088015.412118720822036, 1175038.605963893933222 ], [ 1085998.163867915980518, 1191624.923332392470911 ], [ 1088329.102204926777631, 1190831.516521119512618 ], [ 1097561.189392199041322, 1191899.916969273937866 ], [ 1097244.076275661122054, 1194583.306808967841789 ], [ 1104807.612172044347972, 1195514.852481055306271 ], [ 1119925.24319078354165, 1197413.343703602906317 ], [ 1122845.745960008352995, 1197201.457238796399906 ], [ 1125123.675295052817091, 1195071.12970215943642 ], [ 1126479.308419994311407, 1192186.664963568327948 ], [ 1126533.720328660216182, 1190320.405778585234657 ], [ 1150786.995493433903903, 1197999.344989429693669 ], [ 1148288.983148468192667, 1222654.705815644236282 ], [ 1148068.265819281572476, 1227206.447159924311563 ], [ 1160723.880158474901691, 1232144.727344273356721 ], [ 1170574.087359080091119, 1235723.09652314404957 ], [ 1169868.76819897419773, 1238197.368224503705278 ], [ 1170127.543058104114607, 1240643.076949793612584 ], [ 1164830.866748715285212, 1246306.597879482200369 ], [ 1162714.865595110459253, 1247859.465884809847921 ], [ 1159734.77632694458589, 1253706.030550754861906 ], [ 1155852.30714121949859, 1257965.519666844746098 ], [ 1165776.043643735116348, 1263349.685762244742364 ], [ 1166387.754250509897247, 1266530.819470432354137 ], [ 1182067.546142430510372, 1261558.010320942150429 ], [ 1188159.799763948190957, 1264279.011745721101761 ], [ 1192312.735209849895909, 1261952.28941159369424 ], [ 1197013.500066928565502, 1267502.022379510803148 ], [ 1192805.655162470415235, 1272264.613598445663229 ], [ 1193442.465198679361492, 1274710.944226515246555 ], [ 1194682.409172035520896, 1275940.560070758219808 ], [ 1195882.88261238578707, 1280425.58473510039039 ], [ 1197579.2229457735084, 1281501.943622409133241 ], [ 1198157.250599113525823, 1283892.975378162460402 ], [ 1199880.669369148556143, 1286302.876309932908043 ], [ 1200900.747467948822305, 1289296.400928766233847 ], [ 1203146.267401507589966, 1291738.095961623592302 ], [ 1207751.697382264072075, 1293377.008620985085145 ], [ 1208769.592777812853456, 1295476.223751487443224 ], [ 1204478.546820600284263, 1296859.409974210895598 ], [ 1200932.779757539974526, 1296226.49673839751631 ], [ 1199103.128855326445773, 1297889.26108091394417 ], [ 1193320.992115201195702, 1298759.505095329834148 ], [ 1193012.144355248194188, 1300170.65810872707516 ], [ 1188722.095120060490444, 1302198.047090675681829 ], [ 1188089.750509433913976, 1303689.648582048015669 ], [ 1183855.005585355684161, 1306718.801090562483296 ], [ 1183763.415442797588184, 1308538.901527154957876 ], [ 1179063.575685986084864, 1312404.942399594932795 ], [ 1176346.382014601957053, 1313978.770425953436643 ], [ 1176567.381738256430253, 1317614.750878134043887 ], [ 1177831.916774932062253, 1320170.34063060558401 ], [ 1173821.726796641945839, 1323968.596044525271282 ], [ 1173678.170486331218854, 1325068.291226191446185 ], [ 1169024.650097290752456, 1320652.704980940092355 ], [ 1166861.544276536209509, 1321330.783150844974443 ], [ 1161940.529105268185958, 1320423.145573399960995 ], [ 1158499.972479480318725, 1320898.179288041777909 ], [ 1157327.399356714216992, 1322010.692085772985592 ], [ 1153516.555567002855241, 1318311.28988555050455 ], [ 1151363.204704764066264, 1314608.462583037558943 ], [ 1148822.268499091034755, 1313306.802336090011522 ], [ 1140903.757705023977906, 1319380.799699554219842 ], [ 1140132.025626334594563, 1318790.838485520100221 ], [ 1133591.876078371191397, 1317515.094099322101101 ], [ 1130439.802102021407336, 1319349.847252756590024 ], [ 1124672.108892549527809, 1323977.841205664444715 ], [ 1124048.061703201616183, 1327126.82404842087999 ], [ 1122387.990821360843256, 1329040.452640546485782 ], [ 1122940.37836548849009, 1332697.884616021299735 ], [ 1123902.483837061794475, 1334606.781509480439126 ], [ 1125582.433940180577338, 1335250.429178739897907 ], [ 1126783.243421261897311, 1338319.287329541519284 ], [ 1128513.743351195007563, 1339436.841714803362265 ], [ 1131010.57643811008893, 1343465.804659730289131 ], [ 1132270.58807400916703, 1344295.783570504980162 ], [ 1139450.93921244260855, 1344052.079521681182086 ], [ 1145128.977090660016984, 1366715.101594359846786 ], [ 1147367.937605803599581, 1368355.365652750013396 ], [ 1145668.601144223706797, 1371398.635820479132235 ], [ 1142197.441750054713339, 1373329.272060647374019 ], [ 1140646.434630145784467, 1372439.756999470293522 ], [ 1138610.383920931490138, 1373892.007189368829131 ], [ 1134152.742596122901887, 1370741.312098528491333 ], [ 1130990.120444305706769, 1371196.40244065830484 ], [ 1127470.582290146499872, 1372736.619243122171611 ], [ 1125818.115457042586058, 1376089.873749501537532 ], [ 1122936.936007481999695, 1380171.120461894897744 ], [ 1117393.588149094488472, 1379979.318163913907483 ], [ 1114786.650724092964083, 1376876.474225269630551 ], [ 1118403.106940349796787, 1374067.162279099225998 ], [ 1121006.865574270486832, 1369985.709978879895061 ], [ 1119886.364614370977506, 1367346.011572729796171 ], [ 1120230.76739512430504, 1363941.443735476816073 ], [ 1118890.41154743405059, 1361477.934640861814842 ], [ 1121277.677114712074399, 1357588.821872981963679 ], [ 1120678.415837032953277, 1356363.241900346241891 ], [ 1121864.326142346486449, 1352846.112609246047214 ], [ 1124297.495230972766876, 1349380.985883131623268 ], [ 1123152.89213977730833, 1347297.610305561916903 ], [ 1120640.246757312910631, 1345229.766581026371568 ], [ 1120455.808636359404773, 1344085.155214806552976 ], [ 1104438.440629370510578, 1342223.152332501485944 ], [ 1104020.048813472501934, 1345202.629115514457226 ], [ 1101894.704583575716242, 1346981.113660818897188 ], [ 1100968.484249106608331, 1354189.853549102321267 ], [ 1099662.377427865285426, 1356403.356137130409479 ], [ 1099632.597983400803059, 1359991.438623402500525 ], [ 1100166.27998090069741, 1366108.73780475417152 ], [ 1092467.937200365122408, 1367228.180345699889585 ], [ 1088891.602881089551374, 1363957.23527533817105 ], [ 1088350.938032985897735, 1359705.526649689069018 ], [ 1085807.37970135291107, 1358488.031602955190465 ], [ 1085091.339941498590633, 1355154.335196672938764 ], [ 1081910.086231037043035, 1356010.057943559484556 ], [ 1079303.599013826111332, 1355679.377924403641373 ], [ 1076782.757695129839703, 1356624.235457601025701 ], [ 1074019.927193495212123, 1354454.297043653903529 ], [ 1071897.540186937898397, 1349054.609108534641564 ], [ 1070946.448391816811636, 1350652.601013939362019 ], [ 1068784.753412075107917, 1348023.894060079706833 ], [ 1065999.407121807569638, 1347734.227334123104811 ], [ 1066342.874342419905588, 1344488.662032444030046 ], [ 1063394.814095531590283, 1344173.683939481619745 ], [ 1061470.888158475980163, 1345364.454250337556005 ], [ 1059713.339780309703201, 1345393.50987299811095 ], [ 1058268.654335417086259, 1342860.460699986899272 ], [ 1055922.29606408206746, 1342591.531659596366808 ], [ 1056132.101058459840715, 1340992.896488426718861 ], [ 1047390.141302956966683, 1340088.175740067847073 ], [ 1047195.715849004220217, 1341587.758092312840745 ], [ 1044224.602795205195434, 1339760.07924085482955 ], [ 1030574.044733993592672, 1337939.759085073368624 ], [ 1030075.820696212234907, 1341736.187647147802636 ], [ 1027594.422925593215041, 1341455.56559305312112 ], [ 1025390.29228432639502, 1342029.175529757980257 ], [ 1024215.646899429615587, 1345070.272806372493505 ], [ 1021396.560000383993611, 1345277.811155260307714 ], [ 1018436.97064834437333, 1343178.790675760479644 ], [ 1010831.45312532922253, 1342311.012999025406316 ], [ 1010727.41556387161836, 1343105.292249137535691 ], [ 993869.530493769212626, 1341162.770250026602298 ], [ 993331.19532760954462, 1337858.187377674039453 ], [ 989055.900339866406284, 1337398.600435614818707 ], [ 987995.299193213577382, 1333156.699338881997392 ], [ 986372.28603600198403, 1328929.286877829581499 ], [ 985539.353330070036463, 1324031.697830817196518 ], [ 984415.058356006629765, 1319850.688825471093878 ], [ 981351.563525758800097, 1318743.541967489756644 ], [ 980862.642733936198056, 1317106.325305084465072 ], [ 975953.797484262962826, 1313623.801638071425259 ], [ 971245.684494203189388, 1310864.694778449600562 ], [ 969060.468190695624799, 1307084.511008423287421 ], [ 967529.549293871968985, 1301035.569404930109158 ], [ 960741.009446485433728, 1300309.462090976769105 ] ] ] } },
{ "type": "Feature", "properties": { "csa_geoid": "132", "csa_name": "Baton Rouge-Hammond, LA CSA" }, "geometry": { "type": "Polygon", "coordinates": [ [ [ 537894.851205735350959, 896508.397215339005925 ], [ 501099.108165104524232, 894264.833422302268445 ], [ 469364.16875287971925, 892527.843860495951958 ], [ 435571.41070703609148, 890843.069109001429752 ], [ 415280.318391555454582, 889936.103933172766119 ], [ 414416.38839265081333, 892317.924036881187931 ], [ 412439.926829979929607, 894857.915203567361459 ], [ 409405.132919139985461, 894095.530777093488723 ], [ 406547.120101931621321, 894044.517313639749773 ], [ 402211.263768458506092, 889703.692634214879945 ], [ 401534.60239855281543, 887802.386254479642957 ], [ 399521.728723459993489, 886832.179359245114028 ], [ 400223.707056561193895, 875429.603387371404096 ], [ 399059.828044619353022, 872364.978426859597676 ], [ 400754.67529112304328, 870312.588007945334539 ], [ 400000.290489173377864, 868284.968326918431558 ], [ 403801.413051891780924, 865596.100228882511146 ], [ 405116.941974244953599, 862844.864996149670333 ], [ 405053.249891445622779, 860711.908008298720233 ], [ 407529.570577942417003, 856641.383598013897426 ], [ 407814.139262470416725, 852711.640198972658254 ], [ 406560.545425674819853, 851633.638523461995646 ], [ 407210.243278014124371, 848743.414473603363149 ], [ 406363.497489359171595, 845497.559709895751439 ], [ 406030.099606841744389, 840906.149748499272391 ], [ 408550.859690311190207, 836321.747017914429307 ], [ 408314.231751737708692, 834968.391680684988387 ], [ 411676.537532596674282, 833953.082797733834013 ], [ 417819.906387413619086, 828108.85371419286821 ], [ 419115.117553977586795, 824970.708577323006466 ], [ 419208.337040575221181, 820974.31793211272452 ], [ 417444.537481662700884, 819462.992666030768305 ], [ 419669.713449119764846, 818357.961960689164698 ], [ 419595.264997726015281, 815674.489302456611767 ], [ 420320.672222785942722, 813466.329061828553677 ], [ 423472.767227105796337, 809955.953311545774341 ], [ 423759.723968886653893, 807753.483166043646634 ], [ 426264.54589394282084, 806184.660366392461583 ], [ 431504.124406490242109, 806247.362033369136043 ], [ 434729.537987252813764, 805170.452514566830359 ], [ 433453.661612426338252, 802511.390474032610655 ], [ 435270.527402266860008, 800474.195631746435538 ], [ 435835.420190346427262, 796301.194586500292644 ], [ 436589.481915929878596, 794368.937822498846799 ], [ 435639.220214589615352, 792424.725677940179594 ], [ 436492.293814925360493, 791190.060551802860573 ], [ 443710.404088566603605, 791511.375785498996265 ], [ 444791.336468520574272, 790720.028614070382901 ], [ 446094.144395474286284, 786321.75828016595915 ], [ 447563.644638197903987, 786992.729531532386318 ], [ 455462.815778667514678, 787295.86145486345049 ], [ 456835.260009721503593, 785193.903927875915542 ], [ 460171.907013784220908, 784468.14011253521312 ], [ 458979.598368984938134, 781006.869839251739904 ], [ 456722.697124493424781, 780790.803338329773396 ], [ 458122.307481230702251, 775410.670506786089391 ], [ 459960.855816552240867, 773455.577387552941218 ], [ 459814.053198012697976, 771832.13778461329639 ], [ 462365.404679556144401, 769587.065061255241744 ], [ 463189.418214925506618, 765739.460345072904602 ], [ 464794.363970875507221, 764146.679164649453014 ], [ 468155.129598792933393, 763219.081652512890287 ], [ 469927.207065373891965, 763327.537582454504445 ], [ 471991.777412728290074, 762273.875262834946625 ], [ 473910.265336812299211, 759534.948191629257053 ], [ 473336.493031097284984, 756394.475157179054804 ], [ 474481.046475632174406, 754516.271482596173882 ], [ 472957.496803405345418, 751987.743992677074857 ], [ 473783.946941633126698, 748245.31645073229447 ], [ 474007.901037944131531, 743483.142446333891712 ], [ 473576.095523521304131, 742249.194519437965937 ], [ 475881.072746563702822, 740293.970398228731938 ], [ 484933.425965390633792, 753877.547368379426189 ], [ 487957.563478659838438, 759331.153299933532253 ], [ 489950.970015578961466, 763635.699716717936099 ], [ 491101.892706172657199, 768904.166256594005972 ], [ 493447.112742128549144, 769070.977234433172271 ], [ 493252.66940320469439, 772147.672220797510818 ], [ 493018.194867162383161, 775501.639645154122263 ], [ 490567.594054473738652, 775306.084587546996772 ], [ 490307.786205571319442, 780117.878555643022992 ], [ 486990.761688112572301, 779877.59610128053464 ], [ 486640.394510783196893, 786316.730260229087435 ], [ 485007.972419297380839, 786201.202034115209244 ], [ 484788.118928461510222, 789640.222729889675975 ], [ 487384.651998821995221, 791859.795163708738983 ], [ 489145.774969461723231, 795035.903723616967909 ], [ 515093.586086634371895, 802373.249001115909778 ], [ 515730.612205056648236, 808496.341860778746195 ], [ 519061.723311689507682, 808061.233600383857265 ], [ 521073.689790566160809, 806128.702886132989079 ], [ 523355.499304423225112, 806088.069146953057498 ], [ 524820.224777896655723, 807044.05593213730026 ], [ 527460.861759170657024, 810162.012985334265977 ], [ 529390.055622122366913, 815485.28366835496854 ], [ 535632.83282415359281, 816166.518403322203085 ], [ 537762.81029009539634, 816988.51243286090903 ], [ 540097.752305582282133, 816825.498243723064661 ], [ 542254.470028329407796, 818448.530735136591829 ], [ 547003.072990408167243, 818493.122851395746693 ], [ 560862.655115735484287, 812622.902963974163868 ], [ 558111.177691787946969, 818443.510153394890949 ], [ 557329.650528223370202, 820910.53049856016878 ], [ 552043.854228683398105, 826240.291473415796645 ], [ 550463.349875032901764, 850045.187661006115377 ], [ 550512.917090500355698, 852238.024129144148901 ], [ 549550.722756606061012, 855218.920458365930244 ], [ 550122.938159278011881, 857882.841312221251428 ], [ 549077.356956770294346, 860080.664795719087124 ], [ 549157.094647369813174, 863237.383910444681533 ], [ 548534.920240009087138, 866306.577143942471594 ], [ 546257.692354770260863, 871984.095051711541601 ], [ 545771.641788939130493, 874036.904578301007859 ], [ 544316.944193695904687, 875298.61945157055743 ], [ 544515.976095074205659, 877053.921610843273811 ], [ 541796.181088584824465, 882349.742304023704492 ], [ 541500.315514389309101, 884559.627956708660349 ], [ 538568.471603709156625, 885996.043442905880511 ], [ 537894.851205735350959, 896508.397215339005925 ] ] ] } },
{ "type": "Feature", "properties": { "csa_geoid": "142", "csa_name": "Birmingham-Cullman-Talladega, AL CSA" }, "geometry": { "type": "Polygon", "coordinates": [ [ [ 810853.034947518026456, 1286386.017962356097996 ], [ 813867.622574540437199, 1252211.811680522048846 ], [ 810294.028484944952652, 1251971.6391734352801 ], [ 808539.120991462375969, 1253141.26318978657946 ], [ 806670.98766092362348, 1252731.660059171263129 ], [ 805944.217875071451999, 1250643.828682446153834 ], [ 804288.182135762530379, 1251489.427902781637385 ], [ 778390.75107650749851, 1249433.234496865421534 ], [ 765905.270072518265806, 1248948.153708766913041 ], [ 767191.317731849267147, 1234454.90507851075381 ], [ 776789.333660606178455, 1234815.68187041208148 ], [ 778834.248712511267513, 1215304.592706756899133 ], [ 788444.533509228029288, 1215839.471758961910382 ], [ 789333.566469140583649, 1206159.986726196017116 ], [ 794163.902831262210384, 1206553.685128605226055 ], [ 794319.257826320244931, 1204926.700355879031122 ], [ 799136.007854830590077, 1205403.395303580909967 ], [ 799909.226536670816131, 1197261.143905786797404 ], [ 804636.531673817895353, 1197556.762304534204304 ], [ 804674.627714777132496, 1195789.752620743820444 ], [ 803251.065045067691244, 1194384.860867612063885 ], [ 798957.701401934376918, 1194563.94893789710477 ], [ 798904.899378845468163, 1190674.174249346600845 ], [ 801000.67216375481803, 1189236.362207480706275 ], [ 803774.18582873174455, 1189363.042501318734139 ], [ 809052.916963699273765, 1184754.015360232908279 ], [ 809358.439893513801508, 1181498.100384312914684 ], [ 812605.854601612198167, 1180933.7715508218389 ], [ 814380.759803740889765, 1179399.301711955107749 ], [ 814640.929494460346177, 1176971.359731526114047 ], [ 816415.226948341354728, 1175507.878588007064536 ], [ 819632.533136548707262, 1175744.177755309501663 ], [ 819825.992012319038622, 1174061.240819737315178 ], [ 823444.400443454505876, 1174381.878751192241907 ], [ 825601.833499824744649, 1172932.2876719343476 ], [ 825907.558719052933156, 1169705.666962625691667 ], [ 824903.324700336321257, 1169602.513429103652015 ], [ 822637.14326270215679, 1166544.150130407884717 ], [ 820848.851033283048309, 1167989.533913240302354 ], [ 818099.587171552120708, 1167355.745420075487345 ], [ 814129.698701807647012, 1162957.54933101660572 ], [ 814794.815339544788003, 1155631.61310511501506 ], [ 807141.857781374594197, 1155193.599367230897769 ], [ 804804.839914836804383, 1150593.190670575713739 ], [ 805055.22965262120124, 1140780.822789480444044 ], [ 795521.327993818209507, 1139598.901061536977068 ], [ 796885.824977738899179, 1125282.695374371251091 ], [ 806302.849423340056092, 1126209.201679134741426 ], [ 806773.392445279285312, 1121366.964101748075336 ], [ 814726.622511873254552, 1122179.440749285975471 ], [ 815588.443339381832629, 1122585.279600580455735 ], [ 834517.458659994648769, 1124570.146489718928933 ], [ 835778.590764464694075, 1112642.518894848180935 ], [ 836485.650328940013424, 1105284.828394000185654 ], [ 846041.590245069586672, 1106317.648459418909624 ], [ 855188.139076505322009, 1106724.603203944163397 ], [ 864748.932943573221564, 1107837.621264101006091 ], [ 864193.589138885727152, 1112710.51052841451019 ], [ 892103.51086606294848, 1115680.651682975003496 ], [ 891597.825236710137688, 1120473.824388411361724 ], [ 898658.251584270852618, 1121549.289046234916896 ], [ 929183.287485120352358, 1124852.093074359931052 ], [ 925073.593411910347641, 1162039.155914987903088 ], [ 924891.949879538384266, 1163634.198790011694655 ], [ 909669.533686331822537, 1162013.501597078982741 ], [ 908759.739946348359808, 1172163.929372556740418 ], [ 913588.896532960352488, 1172535.113598347408697 ], [ 912627.412042153649963, 1183862.757856291951612 ], [ 925341.665224640630186, 1184959.804613932501525 ], [ 924657.667738802381791, 1194732.26781300152652 ], [ 927899.943694745423272, 1195062.536525972187519 ], [ 929337.389945465605706, 1196838.845563358161598 ], [ 928734.325418479158543, 1203329.765887477202341 ], [ 930337.582130206050351, 1203515.611429778160527 ], [ 929856.611917520756833, 1208399.925507840467617 ], [ 934814.894494285574183, 1208937.682755477493629 ], [ 939254.698306238627993, 1214259.274093627696857 ], [ 938941.622132988180965, 1219136.607288161292672 ], [ 920564.390858247643337, 1217277.307272541802377 ], [ 920335.674286053166725, 1218871.671091239899397 ], [ 917949.227505701594055, 1218651.065795644884929 ], [ 917035.329566510394216, 1223622.926375465234742 ], [ 914426.525928975199349, 1226527.8115813001059 ], [ 905684.374430867377669, 1226119.96007121168077 ], [ 905356.819440752035007, 1228677.906312156002969 ], [ 906012.631818586611189, 1230225.990118516376242 ], [ 910798.463475632015616, 1233828.560133707942441 ], [ 912341.265945315826684, 1235891.246115853311494 ], [ 913998.060978335444815, 1236480.943582916399464 ], [ 911736.228075064369477, 1240083.17792428471148 ], [ 912550.242164057446644, 1243464.185581118101254 ], [ 911041.50720716221258, 1244876.978579762158915 ], [ 911711.235906455200166, 1246821.950446798000485 ], [ 910143.087006088811904, 1247556.564050280023366 ], [ 907973.227525080437772, 1246838.954340781783685 ], [ 906696.671580648166128, 1248928.230377611937001 ], [ 906104.771259293192998, 1251427.556337606161833 ], [ 903396.530472688609734, 1250627.602166718803346 ], [ 902559.504612400196493, 1252919.370440270286053 ], [ 900873.161988419247791, 1253601.885857285931706 ], [ 900315.557463787612505, 1257698.854604926891625 ], [ 896026.94879792293068, 1259779.941232429584488 ], [ 893078.170392238302156, 1257665.315250594401732 ], [ 891527.004437560215592, 1257578.270370872691274 ], [ 890349.768481564824469, 1259304.011707698227838 ], [ 888983.569094292353839, 1258612.327459199121222 ], [ 886229.386297026765533, 1253435.731621548999101 ], [ 882168.444489226327278, 1252979.507294254843146 ], [ 883856.406458525802009, 1255115.159730279585347 ], [ 885059.539629238308407, 1258479.37200777977705 ], [ 884404.913292998448014, 1265194.703928189352155 ], [ 884996.91300207504537, 1268146.44199964706786 ], [ 886438.268864608369768, 1271311.461280176881701 ], [ 875633.50810101616662, 1282113.152516760863364 ], [ 870679.049258322571404, 1288171.103755011921749 ], [ 870101.920448374468833, 1291009.208845192333683 ], [ 868306.698511550202966, 1292357.816827997565269 ], [ 835422.523776048677973, 1289723.133681647712365 ], [ 822667.562564841820858, 1288882.06839657551609 ], [ 812278.25861990742851, 1287982.020330771105364 ], [ 810853.034947518026456, 1286386.017962356097996 ] ] ] } },
{ "type": "Feature", "properties": { "csa_geoid": "144", "csa_name": "Bloomington-Bedford, IN CSA" }, "geometry": { "type": "Polygon", "coordinates": [ [ [ 771139.63452963414602, 1864747.373045833548531 ], [ 771402.756770401960239, 1859820.172539525665343 ], [ 772328.54985328821931, 1850078.652517798822373 ], [ 762871.016964902752079, 1849245.177102827932686 ], [ 764630.353295385604724, 1829763.009418190922588 ], [ 777357.521528100245632, 1830947.066401035990566 ], [ 796317.544345199363306, 1832553.579856222495437 ], [ 798281.147485222085379, 1813224.664587147999555 ], [ 801566.094377298373729, 1779102.06642298377119 ], [ 820668.18827909999527, 1781239.331334325484931 ], [ 833650.011859859689139, 1782494.940363830188289 ], [ 833090.468649786664173, 1787234.43762786872685 ], [ 834539.59126824256964, 1787881.201037497026846 ], [ 835648.117743280366994, 1791228.454641501419246 ], [ 832610.368372081080452, 1816519.673491589492187 ], [ 829446.381031926255673, 1816177.762744579231367 ], [ 828729.664009340340272, 1822632.366175481583923 ], [ 824304.602571713505313, 1822132.193586684763432 ], [ 823918.211248267325573, 1826742.112948382506147 ], [ 821809.126610049745068, 1844694.894106672843918 ], [ 821166.668352136970498, 1844649.32471602037549 ], [ 820038.503983097616583, 1854523.825857589486986 ], [ 812941.289573987829499, 1853642.62850062828511 ], [ 798830.421644549700432, 1852511.021224541589618 ], [ 797286.802621796261519, 1866937.888596944045275 ], [ 786248.271877929801121, 1865851.392048361711204 ], [ 771139.63452963414602, 1864747.373045833548531 ] ] ] } },
{ "type": "Feature", "properties": { "csa_geoid": "145", "csa_name": "Bloomington-Pontiac, IL CSA" }, "geometry": { "type": "Polygon", "coordinates": [ [ [ 589890.347568889497779, 2012847.726184089900926 ], [ 591513.667771163978614, 1993383.508790270891041 ], [ 586715.299307133536786, 1992910.505559589713812 ], [ 587619.174053461640142, 1983177.070709453197196 ], [ 582559.880172197939828, 1982681.788860891712829 ], [ 582938.522990331752226, 1978609.197446405189112 ], [ 578172.503081273054704, 1977992.552246150327846 ], [ 578312.151544412132353, 1976575.351444190833718 ], [ 575550.495939084910788, 1976281.117801612708718 ], [ 575708.719542724778876, 1974635.468372602481395 ], [ 564373.767718004062772, 1973551.904866132419556 ], [ 566981.236610807944089, 1943531.323640418704599 ], [ 567425.364535895758308, 1938573.462706406367943 ], [ 576991.426346061518416, 1939384.227814748417586 ], [ 584936.220394135685638, 1940084.060294540831819 ], [ 625231.990154019207694, 1942954.194161789957434 ], [ 634846.756075016804971, 1943761.543792474316433 ], [ 633132.662364686490037, 1966584.689619980053976 ], [ 631947.916366415447555, 1981221.713620604015887 ], [ 650715.481346523622051, 1982833.269744058372453 ], [ 646248.277178400545381, 2024756.514188027940691 ], [ 644807.679376262007281, 2038081.405070294393227 ], [ 626628.174771931488067, 2036021.88101604487747 ], [ 588450.194185661850497, 2032744.696395254461095 ], [ 589890.347568889497779, 2012847.726184089900926 ] ] ] } },
{ "type": "Feature", "properties": { "csa_geoid": "146", "csa_name": "Bloomsburg-Berwick-Sunbury, PA CSA" }, "geometry": { "type": "Polygon", "coordinates": [ [ [ 1613739.24851957289502, 2196446.298780580982566 ], [ 1604619.715509566711262, 2181080.171283970586956 ], [ 1597669.840363869210705, 2179226.137002497911453 ], [ 1593093.389486686326563, 2180308.200944293290377 ], [ 1588048.302126536611468, 2179712.765995727851987 ], [ 1585224.933830471709371, 2177997.439499859232455 ], [ 1580845.181921335635707, 2176111.066442935261875 ], [ 1580279.937333123525605, 2173935.813646167516708 ], [ 1574830.777525858022273, 2173939.12104888446629 ], [ 1574741.678125086706132, 2166961.408676612190902 ], [ 1567424.59108102042228, 2165177.591219097841531 ], [ 1564056.945293691707775, 2162648.28558079758659 ], [ 1561587.219722817884758, 2162129.386886780150235 ], [ 1562123.98810648615472, 2159438.952103872783482 ], [ 1558365.139635743107647, 2152788.223416670691222 ], [ 1554029.692880596034229, 2142442.928289346862584 ], [ 1548438.908059385605156, 2134162.10303458571434 ], [ 1549072.095046246191487, 2134007.835336188320071 ], [ 1552437.585724448785186, 2118369.281906516291201 ], [ 1569708.636685624951497, 2119012.422773961909115 ], [ 1572750.472864880925044, 2121281.498879201710224 ], [ 1574381.380768166156486, 2119852.274286925792694 ], [ 1579159.053765256423503, 2120899.976476685144007 ], [ 1581274.541121253510937, 2119642.105821779929101 ], [ 1582672.062710544094443, 2117245.691865134052932 ], [ 1587087.38453541090712, 2119445.062268230132759 ], [ 1587344.485004856716841, 2116987.990808457601815 ], [ 1589719.128709608223289, 2115267.608222700189799 ], [ 1594335.371480668429285, 2118345.226437042001635 ], [ 1607010.383582047419623, 2124430.646552540361881 ], [ 1607467.314222370740026, 2125071.701539610046893 ], [ 1616545.999657234642655, 2131811.55817764531821 ], [ 1636078.774976346176118, 2146920.71931466460228 ], [ 1636039.673313222359866, 2156271.187282891012728 ], [ 1640787.560257651843131, 2164843.310999472625554 ], [ 1636551.583078606054187, 2175452.800426753237844 ], [ 1636697.518391565652564, 2175869.256364221218973 ], [ 1634695.111430808901787, 2185154.307673076633364 ], [ 1630903.697186545701697, 2183591.645730919204652 ], [ 1625736.645758097060025, 2191233.775520165450871 ], [ 1624116.008648674702272, 2202573.520766105037183 ], [ 1616214.957506474107504, 2200713.331554395146668 ], [ 1613739.24851957289502, 2196446.298780580982566 ] ] ] } },
{ "type": "Feature", "properties": { "csa_geoid": "147", "csa_name": "Boise City-Mountain Home-Ontario, ID-OR CSA" }, "geometry": { "type": "Polygon", "coordinates": [ [ [ -1652920.024792810901999, 2533815.58241749368608 ], [ -1652304.907382655655965, 2535804.086735378485173 ], [ -1654116.581042357021943, 2538525.534266542177647 ], [ -1657576.281619684072211, 2539953.293929488863796 ], [ -1656792.63405193365179, 2544985.400075996760279 ], [ -1660998.442359931301326, 2546591.959198044147342 ], [ -1663348.148756826296449, 2545091.701058552134782 ], [ -1665240.303133226698264, 2548644.44249060517177 ], [ -1665849.426115327980369, 2551262.074211068451405 ], [ -1667213.734999418491498, 2551301.167843362782151 ], [ -1669019.049705206882209, 2549627.886298870667815 ], [ -1671501.514968361938372, 2550134.942242495249957 ], [ -1674394.865723016904667, 2554158.778091445099562 ], [ -1674312.395423444453627, 2555631.165541416034102 ], [ -1695044.93559105694294, 2560245.421743654180318 ], [ -1692852.333689323160797, 2569681.38789309002459 ], [ -1694594.91143264551647, 2570070.673317403066903 ], [ -1695803.539300525560975, 2571971.257123061921448 ], [ -1695439.604175394168124, 2573533.156254942994565 ], [ -1698560.014087218092754, 2574248.084278052207083 ], [ -1699837.490787689574063, 2576195.954440250992775 ], [ -1699474.331311973044649, 2577763.648503958713263 ], [ -1728946.061788253020495, 2584556.466667645610869 ], [ -1729329.983550936216488, 2582981.056215984746814 ], [ -1732371.501118507236242, 2583734.250179260503501 ], [ -1734307.30275902361609, 2582539.86578484158963 ], [ -1734964.047444643685594, 2579805.322716533206403 ], [ -1736520.074336660094559, 2580181.884763937443495 ], [ -1740062.303626786917448, 2577311.199626046232879 ], [ -1741199.563478872645646, 2574269.421372151467949 ], [ -1745048.853849932318553, 2571831.385873205028474 ], [ -1746620.853938796091825, 2572207.407848387490958 ], [ -1747400.834169342415407, 2569090.649390683043748 ], [ -1750533.481452784501016, 2569837.867559135425836 ], [ -1750903.042153986170888, 2568263.62270294316113 ], [ -1753915.278141995891929, 2568972.667373192962259 ], [ -1754780.076909880852327, 2564185.214819819200784 ], [ -1759149.392017691396177, 2545434.530804863199592 ], [ -1765923.738962166244164, 2517161.058000375051051 ], [ -1766205.835562698310241, 2517230.684209387283772 ], [ -1770575.714035870041698, 2499122.101750774309039 ], [ -1777359.101841700961813, 2470524.569272343069315 ], [ -1777049.594187245005742, 2470451.393444320186973 ], [ -1788350.015765164745972, 2423275.818386417347938 ], [ -1787403.310712903970852, 2423059.271331262774765 ], [ -1803774.394661275902763, 2353557.017737108748406 ], [ -1802228.588662316324189, 2353180.146638646256179 ], [ -1809612.857427444774657, 2322882.313652344048023 ], [ -1783644.416931333020329, 2316904.830892277881503 ], [ -1763820.332597173284739, 2312260.13062844844535 ], [ -1729429.004883127752692, 2304639.029195599723607 ], [ -1711114.595019316766411, 2300348.626834934111685 ], [ -1662927.061735083116218, 2289389.401381171774119 ], [ -1660032.081045595230535, 2288874.517179136164486 ], [ -1638574.606674357084557, 2284264.252884980756789 ], [ -1637084.024724927265197, 2283817.012624294962734 ], [ -1603157.512556355213746, 2276753.236370786558837 ], [ -1578052.956202912842855, 2271386.859951396938413 ], [ -1555831.516368931392208, 2266830.747508702799678 ], [ -1542804.310819444013759, 2330720.934689734131098 ], [ -1535426.053570575080812, 2367166.525282477028668 ], [ -1539268.27252813288942, 2368267.641231662128121 ], [ -1532898.08299518073909, 2399275.42894040280953 ], [ -1529094.00532724102959, 2418130.62694963440299 ], [ -1528855.385012133512646, 2418096.29282958060503 ], [ -1523605.881608023075387, 2443676.493722558487207 ], [ -1522431.074408733285964, 2443154.801996953319758 ], [ -1519230.936938469065353, 2444795.110707232728601 ], [ -1518142.91929519479163, 2450917.005849055480212 ], [ -1515707.446943497285247, 2452606.308726449031383 ], [ -1515558.743194317212328, 2455965.854842945933342 ], [ -1517261.977579966885969, 2458462.77755459304899 ], [ -1513770.544676400022581, 2466562.124011170119047 ], [ -1512417.63337968965061, 2466948.087358103133738 ], [ -1511631.823585445061326, 2469348.264672266319394 ], [ -1509009.596959416056052, 2471135.935901638120413 ], [ -1509914.43768694344908, 2472936.149539244826883 ], [ -1509933.482745775254443, 2476192.611099360045046 ], [ -1507417.886386287165806, 2478403.118539926130325 ], [ -1508688.121830439893529, 2479959.173127157147974 ], [ -1506135.622951016994193, 2483125.193164228927344 ], [ -1507361.667016149498522, 2484142.01543795177713 ], [ -1506974.240566279506311, 2486497.202303781639785 ], [ -1510398.989452857058495, 2488245.035779240075499 ], [ -1510910.301223035668954, 2491894.753073066473007 ], [ -1508388.045555719174445, 2494526.223338599782437 ], [ -1507723.947414594236761, 2496678.471634557005018 ], [ -1509293.806257916614413, 2499452.819927315693349 ], [ -1506507.548207457410172, 2501319.241130516398698 ], [ -1506744.166166396345943, 2502974.484662608709186 ], [ -1509800.425768774701282, 2504584.771271035540849 ], [ -1510830.251871768850833, 2506157.622605631593615 ], [ -1512933.968422634992748, 2506544.027957843616605 ], [ -1514229.552886886755005, 2508676.153259828221053 ], [ -1516898.173967324197292, 2510430.929959533270448 ], [ -1516271.59766979678534, 2511539.122335982043296 ], [ -1516727.305779667804018, 2514107.793438484426588 ], [ -1515193.607761952560395, 2519208.598401554394513 ], [ -1517470.101182306418195, 2519645.12428261898458 ], [ -1518147.395055261440575, 2522191.192504040896893 ], [ -1520269.080511551350355, 2522781.345263575203717 ], [ -1523529.8389598489739, 2525654.688181961886585 ], [ -1523735.219149858225137, 2527376.332615358754992 ], [ -1526284.263829664327204, 2529295.416476591490209 ], [ -1527766.962508816504851, 2529326.713929815683514 ], [ -1529126.184381800703704, 2524438.482572861947119 ], [ -1531994.021965283900499, 2523392.545423262286931 ], [ -1533855.388094708556309, 2520381.908722897991538 ], [ -1534868.526382953161374, 2521432.909008905291557 ], [ -1538590.484952496597543, 2519466.13502087444067 ], [ -1542395.411855980753899, 2520295.05347132217139 ], [ -1543673.389939075568691, 2519658.454393759835511 ], [ -1583924.574691593647003, 2528179.473157726228237 ], [ -1589056.36029266868718, 2529378.94778169086203 ], [ -1589968.463015642249957, 2526509.820135916117579 ], [ -1591966.342118065105751, 2522399.315258585847914 ], [ -1591863.645562509540468, 2519883.48008323693648 ], [ -1599683.183387080207467, 2521972.51905822660774 ], [ -1595538.051084687933326, 2540803.53418772155419 ], [ -1590821.931185723980889, 2539803.261885862797499 ], [ -1586743.599688993068412, 2558792.872706489637494 ], [ -1589397.064653608482331, 2558891.235365174710751 ], [ -1591584.161118189804256, 2560944.933098055422306 ], [ -1594038.890824522823095, 2556478.293579739052802 ], [ -1595622.561923803761601, 2556997.799656684044749 ], [ -1599251.115922532742843, 2555724.399647472891957 ], [ -1601557.376974605955184, 2553088.42805167613551 ], [ -1602498.04191324277781, 2549534.057620651554316 ], [ -1604106.149547351291403, 2547391.020303868688643 ], [ -1604160.206875266507268, 2545443.612669935915619 ], [ -1606045.345423517283052, 2542821.616945319343358 ], [ -1605870.311026581795886, 2541482.030768375843763 ], [ -1607338.820759647525847, 2535611.757398268207908 ], [ -1609515.661188791273162, 2530473.913839320186526 ], [ -1610225.833275890443474, 2526114.048435303848237 ], [ -1610958.631795583991334, 2524390.53778912872076 ], [ -1643147.28586033009924, 2531543.015551757998765 ], [ -1652920.024792810901999, 2533815.58241749368608 ] ] ] } },
{ "type": "Feature", "properties": { "csa_geoid": "148", "csa_name": "Boston-Worcester-Providence, MA-RI-NH CSA" }, "geometry": { "type": "MultiPolygon", "coordinates": [ [ [ [ 2008428.797532862750813, 2275359.129783039912581 ], [ 2009559.15451479004696, 2274848.688085447996855 ], [ 2013630.480664764996618, 2276700.444144256878644 ], [ 2013520.306295324349776, 2277971.322432847693563 ], [ 2011089.190674538956955, 2280028.582379306200892 ], [ 2011377.284529482480139, 2282969.450756840407848 ], [ 2010374.49673107964918, 2284009.163840460591018 ], [ 2008675.706822894047946, 2279044.739375912118703 ], [ 2008428.797532862750813, 2275359.129783039912581 ] ] ], [ [ [ 2015157.514137787977234, 2333955.425877797417343 ], [ 2015647.969448021613061, 2332832.480219825636595 ], [ 2017940.416249471949413, 2332309.426684375852346 ], [ 2018207.986575987190008, 2327952.770916859153658 ], [ 2019826.969349242048338, 2328062.761696700006723 ], [ 2020307.397847856860608, 2330784.010331389028579 ], [ 2019273.642689487664029, 2332907.107235820498317 ], [ 2015157.514137787977234, 2333955.425877797417343 ] ] ], [ [ [ 2016772.875209322897717, 2312412.886089629027992 ], [ 2018126.916351780295372, 2315076.136653393041342 ], [ 2018374.718145040795207, 2317447.12480945372954 ], [ 2017143.856075172079727, 2324244.168425833806396 ], [ 2015162.192106428788975, 2323768.362031378783286 ], [ 2015848.053039451129735, 2319069.002737844828516 ], [ 2015791.876856732880697, 2316553.12501093512401 ], [ 2016931.933617753908038, 2313872.805407566949725 ], [ 2016772.875209322897717, 2312412.886089629027992 ] ] ], [ [ [ 1983693.29920120513998, 2288148.891563523095101 ], [ 1985153.442147807218134, 2287559.127952990587801 ], [ 1990454.003880672855303, 2290801.383903610985726 ], [ 1992298.614382061641663, 2290984.421399641316384 ], [ 1995000.394303878769279, 2292347.644810218364 ], [ 1996915.196847325656563, 2294205.82025474216789 ], [ 2002091.046910671982914, 2297895.211602853611112 ], [ 2008527.512837289599702, 2301149.910399065818638 ], [ 2012460.042682536877692, 2301648.060982768889517 ], [ 2013884.586561049567536, 2306404.248772352933884 ], [ 2012987.913809633115306, 2308866.00487571535632 ], [ 2014559.377917127683759, 2310938.651186306495219 ], [ 2014854.262068919138983, 2313951.719634945038706 ], [ 2013868.581623642938212, 2316698.441635353956372 ], [ 2013093.376682707108557, 2320850.311387188266963 ], [ 2010343.489174865651876, 2323312.748218329623342 ], [ 2010107.653470811899751, 2325290.196670480072498 ], [ 2012684.941968246363103, 2326884.720521030947566 ], [ 2010182.199887894326821, 2334770.974104024004191 ], [ 2007085.487367712892592, 2334315.620945034082979 ], [ 2006193.734777356032282, 2336412.097889968659729 ], [ 2011026.452109080040827, 2337417.160902316216379 ], [ 2012523.305451687658206, 2340199.582028039265424 ], [ 2010546.274234394775704, 2342294.031806758604944 ], [ 2009732.904925936367363, 2345363.218836720101535 ], [ 2008153.137373702367768, 2347878.98484011227265 ], [ 2009698.67665474768728, 2348555.25330013083294 ], [ 2011726.136873943498358, 2344660.115128626581281 ], [ 2013937.884396586101502, 2342906.193584957625717 ], [ 2016609.907395609188825, 2343246.367121822200716 ], [ 2018426.215717629529536, 2341531.500785519834608 ], [ 2018571.844174571102485, 2336554.585164566989988 ], [ 2022656.238076240057126, 2337785.621958736330271 ], [ 2023669.76226442749612, 2340009.165724160149693 ], [ 2022577.828473601024598, 2342067.133564707823098 ], [ 2023502.686348543968052, 2343790.819513821508735 ], [ 2026852.316533778328449, 2340584.035587421152741 ], [ 2026497.535252855159342, 2337946.353629708755761 ], [ 2022236.71526405448094, 2333434.493766870815307 ], [ 2022599.513695634435862, 2331562.806852370500565 ], [ 2021361.346016979077831, 2324276.941032491158694 ], [ 2022002.47790651768446, 2321633.401515841949731 ], [ 2020767.627565121510997, 2320868.369138598442078 ], [ 2022876.038666555192322, 2316647.12523638131097 ], [ 2019669.315597056876868, 2314297.284607354551554 ], [ 2020475.869346564402804, 2312880.555972907692194 ], [ 2024510.385449633700773, 2314411.120402615517378 ], [ 2024200.111725065624341, 2317836.451067814137787 ], [ 2027796.267898369114846, 2318925.123033265117556 ], [ 2028503.01069455081597, 2324021.669280557893217 ], [ 2027592.711091204313561, 2324654.008365393616259 ], [ 2026511.584660581080243, 2328873.146562336944044 ], [ 2025546.91955049498938, 2330091.664664258714765 ], [ 2024863.748552126344293, 2333582.995263996999711 ], [ 2026712.991381136002019, 2334801.993738724384457 ], [ 2028404.108188239159063, 2331643.482276509981602 ], [ 2028917.932925556786358, 2326319.430339678190649 ], [ 2031081.77750799851492, 2323096.751143647357821 ], [ 2031071.616834986489266, 2321338.315492970868945 ], [ 2032800.938228467945009, 2320070.572913943789899 ], [ 2033301.29924624832347, 2316973.261821270454675 ], [ 2036914.697947517503053, 2321073.476937915198505 ], [ 2036788.537349436432123, 2322255.951943375170231 ], [ 2040441.468743153614923, 2325013.794498274102807 ], [ 2044355.502679074415937, 2324702.444812925066799 ], [ 2046956.595874627586454, 2327068.740281768143177 ], [ 2048589.630940355593339, 2327159.520096561871469 ], [ 2048352.000431936467066, 2329258.78953969758004 ], [ 2050861.737554339691997, 2330195.241866958793253 ], [ 2051377.778695896500722, 2332530.650737458840013 ], [ 2050295.188901492394507, 2335569.408754719886929 ], [ 2050628.206618669908494, 2337581.696302093565464 ], [ 2049823.055108739994466, 2339590.730468496214598 ], [ 2054012.479845098918304, 2342409.814891894347966 ], [ 2055587.714369243942201, 2342142.667148776352406 ], [ 2059078.60783330234699, 2343441.992131261620671 ], [ 2058197.947907212888822, 2347089.571204051375389 ], [ 2060998.235732204047963, 2346964.898481050971895 ], [ 2062329.116590021643788, 2350765.369979789014906 ], [ 2064482.609601440373808, 2353825.049237507395446 ], [ 2062721.27035048394464, 2355797.391828380059451 ], [ 2063122.723817289574072, 2357398.772008073050529 ], [ 2068059.18421143037267, 2356479.160784045699984 ], [ 2071139.844515732955188, 2356949.246409957762808 ], [ 2071963.15085838502273, 2355728.280110462103039 ], [ 2070157.880482518812642, 2354453.312724497169256 ], [ 2071331.254610799951479, 2353174.095089212059975 ], [ 2072456.589175663189963, 2349877.416345269419253 ], [ 2071184.255546166328713, 2349204.444281644653529 ], [ 2072674.211200260790065, 2347115.783498808275908 ], [ 2072253.648007712094113, 2344749.467487962916493 ], [ 2073737.775485140038654, 2342585.998784265946597 ], [ 2073736.389533556764945, 2338740.734886818099767 ], [ 2073139.711727966787294, 2336602.437647071201354 ], [ 2074587.481909879017621, 2334895.461165653541684 ], [ 2075733.783082880312577, 2337932.455041928216815 ], [ 2082275.306859524687752, 2341251.178811345715076 ], [ 2083867.408471907256171, 2341143.946221163496375 ], [ 2086534.068768346915022, 2342494.662971524056047 ], [ 2088498.132022105623037, 2345330.747180458158255 ], [ 2089419.198996574385092, 2349474.373099592514336 ], [ 2092311.93401862308383, 2350394.654045997187495 ], [ 2094478.744341385550797, 2352096.921375013887882 ], [ 2094783.497688514413312, 2353943.812233833130449 ], [ 2096402.459265829063952, 2355003.516372659709305 ], [ 2098436.567654147744179, 2354302.245791297871619 ], [ 2101568.458082565106452, 2356039.175385537091643 ], [ 2102780.057264038361609, 2353818.64009450469166 ], [ 2103985.040304757654667, 2356193.596706561744213 ], [ 2107439.405415558256209, 2359411.692251622211188 ], [ 2111689.914543096441776, 2360887.980168430134654 ], [ 2115428.554093258455396, 2363371.833201065193862 ], [ 2122689.436413255985826, 2365913.858514603693038 ], [ 2125405.791801444254816, 2364151.354249387979507 ], [ 2124950.82135988259688, 2359125.415521666407585 ], [ 2126682.461119377519935, 2360615.729315973818302 ], [ 2127324.943808005191386, 2368547.115405822172761 ], [ 2125831.922780103050172, 2375406.119576026685536 ], [ 2121357.91777701722458, 2386232.331926065031439 ], [ 2117497.94898878224194, 2392872.959400255698711 ], [ 2114965.12044052220881, 2396565.192263021599501 ], [ 2109149.764475307427347, 2402850.460347544401884 ], [ 2106485.105848801787943, 2404732.521220985334367 ], [ 2101116.456615144852549, 2406399.148469845298678 ], [ 2094869.630748600000516, 2406363.812616353854537 ], [ 2092106.355170472059399, 2405161.114821686875075 ], [ 2090987.186055160826072, 2403123.959882175549865 ], [ 2093636.333099239505827, 2401784.011905170977116 ], [ 2094877.966113301692531, 2400376.3599295434542 ], [ 2096023.574797745561227, 2402982.769527851603925 ], [ 2098150.879283597227186, 2404964.263234275393188 ], [ 2101036.830304707866162, 2404522.242713234387338 ], [ 2103777.213305666577071, 2403100.24346561357379 ], [ 2106642.884730267804116, 2398403.519679710268974 ], [ 2107928.386548534501344, 2393868.186739025171846 ], [ 2109764.864722093101591, 2392074.756915905047208 ], [ 2110885.344584089703858, 2393149.810562714003026 ], [ 2114120.03739789314568, 2391260.72467087674886 ], [ 2115741.254692437127233, 2389502.268513839691877 ], [ 2115352.752962390426546, 2388194.916522998828441 ], [ 2117821.536245574243367, 2380973.577304417733103 ], [ 2116801.119900015182793, 2378228.945857938379049 ], [ 2114094.044080506078899, 2375783.570222652517259 ], [ 2109932.003556979820132, 2372992.97519576177001 ], [ 2108340.152603874914348, 2372691.646575233433396 ], [ 2102925.22162792365998, 2369197.856955270748585 ], [ 2101422.957060035783798, 2366985.460349845699966 ], [ 2101262.8539445893839, 2364642.516438764054328 ], [ 2095667.471467931056395, 2363314.401459531858563 ], [ 2094144.273586644325405, 2361928.382520958315581 ], [ 2089201.355192450108007, 2363318.043032077606767 ], [ 2088328.670051646884531, 2365006.382754811551422 ], [ 2082042.863074807683006, 2365576.501276019960642 ], [ 2077521.607898245099932, 2367743.632083752192557 ], [ 2074907.799431916326284, 2369903.471472661010921 ], [ 2074366.174065992468968, 2371554.20871696760878 ], [ 2074864.190776560921222, 2374877.761404165066779 ], [ 2073432.590858624316752, 2378062.456654756329954 ], [ 2071810.115564561681822, 2379657.755158826708794 ], [ 2071400.757303392747417, 2381763.635609759017825 ], [ 2067554.437707484001294, 2383461.304268413688987 ], [ 2065876.508009905926883, 2381922.368359511718154 ], [ 2062555.560559428064153, 2382012.381237929686904 ], [ 2058931.202647977508605, 2384482.461266728583723 ], [ 2057297.824560526292771, 2384959.615810271818191 ], [ 2056777.173837795155123, 2387860.443335175979882 ], [ 2059052.739159114891663, 2388362.486041576135904 ], [ 2058175.523129549110308, 2390998.161421059630811 ], [ 2059901.34476902638562, 2392487.603732055984437 ], [ 2058765.001925266114995, 2395706.291933666914701 ], [ 2058971.305136223556474, 2397189.153202407527715 ], [ 2054086.063078531995416, 2401001.904182994738221 ], [ 2049916.935745473951101, 2405873.219222957734019 ], [ 2049793.514157077064738, 2408108.960115868598223 ], [ 2048211.960587417706847, 2408432.529242476914078 ], [ 2045162.333962657023221, 2410395.098748306278139 ], [ 2044506.16046409169212, 2411990.700304562691599 ], [ 2038603.084513052366674, 2412366.740038761869073 ], [ 2036994.988268713233992, 2412028.80236296588555 ], [ 2034921.92107989359647, 2413482.892681976314634 ], [ 2034491.518857078393921, 2411332.302859087008983 ], [ 2035034.429249376058578, 2408865.534870673902333 ], [ 2031578.865402023075148, 2410979.158397428691387 ], [ 2029087.521153958048671, 2407233.145407299045473 ], [ 2027475.649770155083388, 2408846.313946691341698 ], [ 2025572.332387906964868, 2408776.749580082949251 ], [ 2021198.775723651051521, 2411456.106215410400182 ], [ 2019860.22777375089936, 2413793.012860882095993 ], [ 2022303.681527413893491, 2417196.505047501530498 ], [ 2022166.96504378109239, 2420086.17968857428059 ], [ 2024347.045242903055623, 2420616.880783162545413 ], [ 2023990.229672765592113, 2422039.31125690182671 ], [ 2021920.34756124811247, 2424035.461955972015858 ], [ 2022790.917161456309259, 2428363.768867776729167 ], [ 2025599.438004437601194, 2431929.464234999846667 ], [ 2027953.950631555169821, 2431894.291549719404429 ], [ 2028582.870937037980184, 2434137.583851594943553 ], [ 2030689.044917680788785, 2436456.365979595575482 ], [ 2030138.389733515679836, 2439038.717752383090556 ], [ 2028655.314990118378773, 2438766.833833892364055 ], [ 2028109.168430353980511, 2441691.590592186897993 ], [ 2031445.859535531140864, 2443646.420073077082634 ], [ 2032795.71633137203753, 2445206.543902487959713 ], [ 2034280.718091326300055, 2445014.313339303713292 ], [ 2036767.136490299599245, 2447480.480410446878523 ], [ 2039178.14148546429351, 2447877.866858215536922 ], [ 2040888.956741105066612, 2450765.538260221481323 ], [ 2044243.153257690370083, 2452467.296152029186487 ], [ 2044024.039176713675261, 2454325.401530258357525 ], [ 2045582.314083316363394, 2456849.553116599563509 ], [ 2045397.378551135305315, 2459693.437028220389038 ], [ 2043353.647672408027574, 2459337.897845854517072 ], [ 2042852.026948822895065, 2462121.211127981543541 ], [ 2041537.01155358273536, 2462161.639159138780087 ], [ 2039769.076209030114114, 2460208.255897721275687 ], [ 2038234.977403216296807, 2457262.387135765980929 ], [ 2034827.308582798810676, 2457581.539992992766201 ], [ 2033289.488123703515157, 2458870.79820942087099 ], [ 2030522.936344594461843, 2459271.399119554553181 ], [ 2030242.319929452845827, 2461488.281661887653172 ], [ 2027567.328724983148277, 2464936.705640167463571 ], [ 2025581.634482325986028, 2468413.30749091738835 ], [ 2022585.615590843139216, 2475567.821634721942246 ], [ 2021491.41080025350675, 2481785.8743642331101 ], [ 2021832.329156927997246, 2485699.18504573777318 ], [ 2022765.671529620885849, 2487958.306456635240465 ], [ 2024391.190797442104667, 2496549.249316453468055 ], [ 2025369.952090068953112, 2500547.221291325520724 ], [ 2024704.654907220043242, 2502160.825255123432726 ], [ 2022281.229320471175015, 2501325.998449724633247 ], [ 2013788.463980546453968, 2505183.085809226613492 ], [ 2012662.846520996419713, 2507169.081400113645941 ], [ 2012657.166994845494628, 2510372.808763440232724 ], [ 2011245.055010929936543, 2517317.231780695728958 ], [ 2005257.281152416486293, 2519694.266913854517043 ], [ 2003745.827401188435033, 2520765.860127541702241 ], [ 2001158.122147695627064, 2524114.177161684259772 ], [ 1999048.669275551103055, 2525520.631462067831308 ], [ 1996515.850780071923509, 2525578.429450649768114 ], [ 1994243.402986299712211, 2528706.615653767250478 ], [ 1992942.826085458509624, 2532765.485887622460723 ], [ 1994240.53690982889384, 2535896.797271689400077 ], [ 1993473.07285246043466, 2538958.415905464906245 ], [ 1992193.853900202317163, 2540880.444239004980773 ], [ 1992453.109946287702769, 2544718.728918288834393 ], [ 1991176.252113812370226, 2546944.413738240487874 ], [ 1988038.570689870975912, 2539381.159113575238734 ], [ 1985614.634021386038512, 2544151.635497744195163 ], [ 1983386.614114741096273, 2543254.068619043100625 ], [ 1980565.534198639215901, 2540124.554507979657501 ], [ 1977389.004996759118512, 2546908.608246792573482 ], [ 1975656.000851093558595, 2542536.347980510443449 ], [ 1972215.508880542358384, 2543947.11804219847545 ], [ 1967320.597982604289427, 2544046.203886638395488 ], [ 1947640.596704125171527, 2554807.033146197441965 ], [ 1940653.561430455883965, 2558879.615110446233302 ], [ 1943234.192931012017652, 2552291.96239679120481 ], [ 1933765.05773504357785, 2548248.991466135252267 ], [ 1933896.147113298997283, 2545601.788818696513772 ], [ 1935339.706287855515257, 2541348.952861646190286 ], [ 1933206.715595354791731, 2537771.813747152220458 ], [ 1931089.693953408394009, 2537863.661174262408167 ], [ 1930013.274185485905036, 2536192.868979151826352 ], [ 1931539.59590076841414, 2535369.044425644446164 ], [ 1929742.262072270736098, 2533528.769836456049234 ], [ 1928300.993982603307813, 2533350.872273343615234 ], [ 1924408.527347617549822, 2530078.472784862853587 ], [ 1920218.002466557081789, 2536260.363012396264821 ], [ 1917904.486797774909064, 2531442.187141485512257 ], [ 1916140.501120513537899, 2526622.425996899604797 ], [ 1913320.499067340511829, 2517609.517974189016968 ], [ 1912460.28064733510837, 2514153.567375664133579 ], [ 1909035.152984969085082, 2513758.117669632192701 ], [ 1909197.341353901661932, 2511742.041163329500705 ], [ 1910418.563527980353683, 2510629.004489460960031 ], [ 1911012.892743793549016, 2506776.712829773779958 ], [ 1909489.988682260038331, 2500209.796106687281281 ], [ 1913298.500626894878224, 2493410.134479937609285 ], [ 1914884.363963908748701, 2493782.294982465915382 ], [ 1916069.449483852367848, 2490392.564164646435529 ], [ 1919582.807447059545666, 2487280.05328928027302 ], [ 1917558.858724007150158, 2486134.242531424388289 ], [ 1919228.690478840842843, 2483987.427374314051121 ], [ 1918951.950491183670238, 2480304.0685781002976 ], [ 1919949.739502270007506, 2475189.898744075093418 ], [ 1920459.602039222372696, 2468017.969279394019395 ], [ 1922188.00880604237318, 2459912.047261003870517 ], [ 1926619.548529146937653, 2460937.740558489691466 ], [ 1933407.936623538378626, 2444874.503551378380507 ], [ 1935831.788405186496675, 2445386.591117149684578 ], [ 1939166.844836519099772, 2437456.82600922929123 ], [ 1910989.255358898779377, 2431294.491458653938025 ], [ 1913157.95871345512569, 2426439.675191025715321 ], [ 1916843.228613209212199, 2425995.429321093019098 ], [ 1918263.784017648315057, 2421000.682677421253175 ], [ 1916259.425612392835319, 2419957.178907467983663 ], [ 1915491.156893358333036, 2415811.417392229195684 ], [ 1917284.156224234495312, 2411198.654800427611917 ], [ 1919754.54868227080442, 2409523.238125663250685 ], [ 1917017.451831786893308, 2404912.461130073759705 ], [ 1918711.648683093953878, 2400921.346353305503726 ], [ 1917515.771914179669693, 2398213.245485559571534 ], [ 1917431.69437224091962, 2395748.966045421082526 ], [ 1919134.559412786969915, 2389677.383748294319957 ], [ 1921097.156920584850013, 2391239.734725960530341 ], [ 1923240.574463260360062, 2386011.041827300097793 ], [ 1928046.681918308371678, 2388324.98245439119637 ], [ 1929207.992073701228946, 2381376.349116607103497 ], [ 1926929.354964151280001, 2375476.954349474515766 ], [ 1927356.395653692772612, 2373427.23076609428972 ], [ 1933013.241662848042324, 2372269.993105846457183 ], [ 1933324.967520138714463, 2371474.680044966749847 ], [ 1938216.415359266335145, 2373660.270855360664427 ], [ 1941816.287201567552984, 2359394.80052299099043 ], [ 1947648.87888518278487, 2360558.668660884257406 ], [ 1968680.729314212454483, 2365565.506141083780676 ], [ 1980132.702704473631456, 2326050.577125509735197 ], [ 1986024.257582238409668, 2299911.381127848289907 ], [ 1984130.850630439585075, 2299727.878082049079239 ], [ 1982654.41126170498319, 2297776.769795411266387 ], [ 1984048.854734917636961, 2295979.454266453627497 ], [ 1984258.765479824040085, 2293529.260777775198221 ], [ 1985571.725170056102797, 2291200.437997548375279 ], [ 1983693.29920120513998, 2288148.891563523095101 ] ] ] ] } },
{ "type": "Feature", "properties": { "csa_geoid": "150", "csa_name": "Bowling Green-Glasgow-Franklin, KY CSA" }, "geometry": { "type": "Polygon", "coordinates": [ [ [ 816848.924708069185726, 1551147.779060374479741 ], [ 832093.262142165564001, 1553051.036887409165502 ], [ 834575.042699446436018, 1551157.291233714902773 ], [ 839332.493280970142223, 1553768.753750577801839 ], [ 854770.658255586982705, 1554917.344421078683808 ], [ 866816.273210973944515, 1555095.253951146034524 ], [ 886736.914090679609217, 1555959.803544067777693 ], [ 888417.261938979849219, 1559869.705554511398077 ], [ 885308.397858057171106, 1565649.901648997794837 ], [ 885274.484415624174289, 1566417.467051016865298 ], [ 899037.084597921930254, 1579032.054718889761716 ], [ 903902.407853975426406, 1581863.304285479942337 ], [ 915925.62009796325583, 1582118.27343912422657 ], [ 917600.176526129362173, 1580645.968973251292482 ], [ 919243.497965378803201, 1583103.873180082067847 ], [ 917293.682222540606745, 1585056.19322353368625 ], [ 918353.60758285864722, 1586468.260047107702121 ], [ 920315.11257845396176, 1584644.051880288170651 ], [ 922259.781994065153413, 1586136.151561829028651 ], [ 924793.031372187193483, 1587016.295019912999123 ], [ 927377.580989935202524, 1590269.691110210027546 ], [ 929477.65704636357259, 1597296.417894086334854 ], [ 923390.878231078619137, 1602662.647583331912756 ], [ 920981.310153786791489, 1609121.420602678088471 ], [ 920099.46027390123345, 1613771.310686102835461 ], [ 914408.795177592430264, 1613915.566129367100075 ], [ 910683.461727017187513, 1614493.977840092033148 ], [ 907963.723339123651385, 1616223.609070030739531 ], [ 905247.757112505845726, 1620367.20104660349898 ], [ 900351.825717169209383, 1618413.467935288324952 ], [ 895360.824350725742988, 1617116.773296697530895 ], [ 890706.690438485587947, 1615269.438446107786149 ], [ 886414.432217443478294, 1614501.35938213323243 ], [ 878813.991626166854985, 1614673.996535264188424 ], [ 873074.115705886273645, 1615209.997261574026197 ], [ 873150.526697168825194, 1620635.084847348509356 ], [ 862273.717108347686008, 1633059.921655273297802 ], [ 848136.43093101924751, 1630597.960945758037269 ], [ 835236.912847163737752, 1628655.47065650857985 ], [ 833198.833172962768003, 1633113.649215902900323 ], [ 821930.794688522233628, 1635663.370226425118744 ], [ 810053.601310489699244, 1624245.798707539215684 ], [ 808441.909515010425821, 1626546.543207817710936 ], [ 806086.060396260116249, 1627276.416322979843244 ], [ 804762.632336647133343, 1626379.147995793260634 ], [ 804858.31858211720828, 1623873.986386525677517 ], [ 803805.027791203814559, 1620297.586627637268975 ], [ 802427.24523464043159, 1617470.542506064055488 ], [ 800854.2459811931476, 1616881.344512598589063 ], [ 799645.502953252173029, 1613533.451947171241045 ], [ 798265.985043862718157, 1612269.087685506092384 ], [ 799026.840252275462262, 1609699.139037712244317 ], [ 796964.628002126584761, 1606788.16846816544421 ], [ 797434.322398487478495, 1604873.216332892887294 ], [ 799544.465021792566404, 1603750.108675862895325 ], [ 800294.273734835791402, 1599387.544377120910212 ], [ 796667.641838975599967, 1596483.680301806190982 ], [ 805222.422962915385142, 1595902.462831747019663 ], [ 820828.470807715551928, 1591035.944234693422914 ], [ 827634.590788289788179, 1578567.828989198897034 ], [ 823816.579658568021841, 1577424.592331968946382 ], [ 821105.747367947478779, 1573559.972913823090494 ], [ 820292.243248850107193, 1569588.124667332042009 ], [ 817711.635648513096385, 1563257.323692703619599 ], [ 817051.404590487480164, 1559971.460968949599192 ], [ 816848.924708069185726, 1551147.779060374479741 ] ] ] } },
{ "type": "Feature", "properties": { "csa_geoid": "152", "csa_name": "Brookings-Crescent City, OR-CA CSA" }, "geometry": { "type": "Polygon", "coordinates": [ [ [ -2222738.087298178579658, 2525024.50119783449918 ], [ -2224097.150972885545343, 2524974.089016189333051 ], [ -2227447.929957994259894, 2528233.119841910433024 ], [ -2229421.907918927725405, 2527439.901541581843048 ], [ -2232967.023580607958138, 2528678.84153941553086 ], [ -2234875.142807950731367, 2527602.648766388650984 ], [ -2239342.139429686591029, 2528914.893548522610217 ], [ -2240486.198315964546055, 2525197.521893019322306 ], [ -2243253.131310357246548, 2524790.726055861450732 ], [ -2245250.493105491157621, 2523703.642743660137057 ], [ -2245722.330778484698385, 2522160.350220622029155 ], [ -2247720.433020199649036, 2521076.802740778308362 ], [ -2255020.416437979787588, 2523272.704574188683182 ], [ -2259296.496495658997446, 2522900.605384642258286 ], [ -2257044.355184784159064, 2530257.243940160609782 ], [ -2258703.730855135247111, 2530762.605574038811028 ], [ -2257082.937400319147855, 2536126.238534266129136 ], [ -2256545.35826079081744, 2539202.909028310794383 ], [ -2254354.811298811342567, 2539778.533586140722036 ], [ -2253662.549380482174456, 2543493.243821697775275 ], [ -2254124.062652421183884, 2546136.193684734869748 ], [ -2257562.500701353885233, 2549582.908355376217514 ], [ -2257010.121002048719674, 2552892.838543699122965 ], [ -2258545.621195365209132, 2553359.241914201527834 ], [ -2259325.936227993108332, 2556074.793141508009285 ], [ -2276504.916822819504887, 2561289.259693790227175 ], [ -2283951.056962346658111, 2552835.668004860170186 ], [ -2286650.007844027597457, 2550389.890345443971455 ], [ -2285511.791736483108252, 2547683.339810390025377 ], [ -2285413.712800514884293, 2544800.869378897827119 ], [ -2286023.781515898182988, 2539846.614969093818218 ], [ -2283367.795716756489128, 2537486.625472202431411 ], [ -2282895.826206259895116, 2531734.630643588490784 ], [ -2283443.777429254725575, 2530857.840130581520498 ], [ -2281102.99209939269349, 2528046.457130654715002 ], [ -2281184.624513316433877, 2524476.150005232542753 ], [ -2282255.874609178397804, 2520681.501338720321655 ], [ -2282036.902791686821729, 2518606.067044930066913 ], [ -2284005.61744289053604, 2514945.786684886552393 ], [ -2287128.956678277812898, 2511012.514535830821842 ], [ -2288276.182003311812878, 2507248.131952966563404 ], [ -2290150.549592454452068, 2505012.92064468562603 ], [ -2290254.749030287377536, 2501791.636417476460338 ], [ -2292843.901784981135279, 2493873.907161724288017 ], [ -2293660.247959450818598, 2492849.757765176706016 ], [ -2292543.744678841903806, 2490565.075270246248692 ], [ -2294350.770369054283947, 2484470.180342162027955 ], [ -2292792.492742006666958, 2480276.406692440621555 ], [ -2293198.412996644619852, 2477703.403924553189427 ], [ -2292730.759693173225969, 2475804.341439284384251 ], [ -2293920.944497446529567, 2473560.885691317263991 ], [ -2293512.440642022527754, 2470687.147246097680181 ], [ -2294488.661309618968517, 2469004.083736187778413 ], [ -2292151.875396171119064, 2460530.601049304008484 ], [ -2290060.913612763397396, 2459165.796718262601644 ], [ -2287242.531313694082201, 2453899.504439662676305 ], [ -2286942.626665129326284, 2450944.679018163122237 ], [ -2288416.705958512146026, 2447588.697307261638343 ], [ -2288210.573926901910454, 2446363.409624076448381 ], [ -2290333.951764605008066, 2440839.087450394406915 ], [ -2292579.784331698901951, 2436640.314824746455997 ], [ -2295386.519528131000698, 2432552.305263842921704 ], [ -2297604.995757921598852, 2430191.40774010354653 ], [ -2294402.9780342457816, 2425340.865868541877717 ], [ -2291726.792657892685384, 2423941.844785280991346 ], [ -2291056.756451712921262, 2420129.00262005161494 ], [ -2292127.355499539989978, 2414374.641985859721899 ], [ -2291468.580443923827261, 2412190.369318291544914 ], [ -2291778.385754094924778, 2409525.432970044203103 ], [ -2291179.318647463805974, 2407673.55682823387906 ], [ -2292278.361591384280473, 2404111.740073199849576 ], [ -2291461.581385449506342, 2401355.7894626269117 ], [ -2292607.910557426512241, 2397430.730300613213331 ], [ -2292861.686012994963676, 2392069.169779711868614 ], [ -2278560.248241721186787, 2387862.353560535237193 ], [ -2269474.90552170202136, 2384930.185764798894525 ], [ -2272139.895457398612052, 2375981.552326433826238 ], [ -2263443.056453223805875, 2373524.300758474506438 ], [ -2260846.859268057160079, 2375700.255337791051716 ], [ -2261181.517494882456958, 2377372.773088220506907 ], [ -2258692.725842157844454, 2378007.999370889272541 ], [ -2256939.970201944932342, 2380864.320989069528878 ], [ -2258205.47643838590011, 2383546.486953033600003 ], [ -2257710.850000070407987, 2390186.466088016983122 ], [ -2259980.108392856549472, 2391312.067057767882943 ], [ -2260404.46049155946821, 2393050.339333241805434 ], [ -2258453.643137573730201, 2395941.04980825074017 ], [ -2261171.227472462691367, 2397751.528443534392864 ], [ -2259896.887374801561236, 2399677.951643357984722 ], [ -2256725.423671483527869, 2401296.864927235990763 ], [ -2256448.296001052949578, 2405000.86379096377641 ], [ -2253954.49456490483135, 2406853.166078654583544 ], [ -2252439.631067632231861, 2410405.880227972287685 ], [ -2253334.705758144613355, 2412140.699362677056342 ], [ -2252179.440115243196487, 2419342.410853994544595 ], [ -2252436.082759870681912, 2422451.48653065925464 ], [ -2247268.869705614168197, 2424445.716372076421976 ], [ -2245626.573777903337032, 2427491.43869545776397 ], [ -2243674.768136874772608, 2425873.166263754479587 ], [ -2241196.540970106143504, 2427982.102741142269224 ], [ -2239138.922569184098393, 2427116.717663982417434 ], [ -2237405.660280186217278, 2429741.299047528300434 ], [ -2234934.845461916178465, 2431936.556337305810302 ], [ -2234424.66776396241039, 2434963.660229633096606 ], [ -2232268.505461771506816, 2436463.427998746279627 ], [ -2240664.644493900705129, 2438854.68239087658003 ], [ -2243430.47962197009474, 2439136.607885125093162 ], [ -2248959.017255577724427, 2441023.962864653207362 ], [ -2255600.492487248498946, 2442804.371795173268765 ], [ -2257068.572836834006011, 2445596.470452168490738 ], [ -2256989.137146861758083, 2448809.495861668139696 ], [ -2253459.431155060883611, 2452833.88642810145393 ], [ -2253571.106486150994897, 2455361.353641665540636 ], [ -2254767.530807770323008, 2458900.18589038727805 ], [ -2250403.071074329316616, 2461197.185323844663799 ], [ -2249441.73469417123124, 2465293.879509906750172 ], [ -2246853.106391536071897, 2466559.211832231841981 ], [ -2247603.981082912068814, 2473210.594190157018602 ], [ -2249567.487165498081595, 2479254.423953021410853 ], [ -2249524.757796889636666, 2481699.908646668773144 ], [ -2250389.252150887157768, 2483064.936882727779448 ], [ -2252784.884340678341687, 2482992.216316973790526 ], [ -2253601.276920018251985, 2484324.795072717126459 ], [ -2260726.494042449165136, 2486889.177929451223463 ], [ -2260994.399083850439638, 2490090.241422155406326 ], [ -2259977.494473225902766, 2491695.778188948053867 ], [ -2257914.850970816332847, 2492282.272596508730203 ], [ -2257307.792912492994219, 2494611.483739189337939 ], [ -2255932.800752748269588, 2495576.405923126265407 ], [ -2253941.473280513193458, 2501274.159243170171976 ], [ -2252057.124547885265201, 2500163.85250034974888 ], [ -2249224.693605538923293, 2499980.902695318683982 ], [ -2248592.135663838125765, 2499022.390276337042451 ], [ -2245470.645024771336466, 2498776.208278110716492 ], [ -2241077.828579959925264, 2503194.634655789472163 ], [ -2241219.03538681473583, 2504434.439915088005364 ], [ -2239591.060115310363472, 2506671.106421947944909 ], [ -2237701.910733541473746, 2507468.91971192182973 ], [ -2236219.553920638747513, 2509902.812148151919246 ], [ -2236574.163499002810568, 2511477.1527244374156 ], [ -2227956.886362081859261, 2519185.526494379155338 ], [ -2224511.785423506982625, 2523793.443148514255881 ], [ -2222738.087298178579658, 2525024.50119783449918 ] ] ] } },
{ "type": "Feature", "properties": { "csa_geoid": "154", "csa_name": "Brownsville-Harlingen-Raymondville, TX CSA" }, "geometry": { "type": "MultiPolygon", "coordinates": [ [ [ [ -133161.241319658438442, 390063.274562889710069 ], [ -129110.370598938243347, 388728.703438807919156 ], [ -127534.234208039517398, 384389.801177980494685 ], [ -126179.270934272906743, 383202.195173154876102 ], [ -125037.744556054938585, 377773.389950868207961 ], [ -124840.370718523525284, 373407.138229312258773 ], [ -122685.109588902094401, 369122.713502035709098 ], [ -123292.348866930246004, 368393.180975058407057 ], [ -122002.230050184924039, 365473.788867396186106 ], [ -120576.32409689866472, 359028.08744489622768 ], [ -118865.91064253244258, 348324.546087725379039 ], [ -119219.306812291455572, 344620.892485762364231 ], [ -117767.820980572156259, 338649.252640952938236 ], [ -117172.963885839300929, 338457.12732797046192 ], [ -118809.088299769078731, 352555.137495851318818 ], [ -120112.372393917205045, 360339.971104232303333 ], [ -122494.679723843524698, 371059.663306842092425 ], [ -127670.75874984980328, 390115.461145988781936 ], [ -133161.241319658438442, 390063.274562889710069 ] ] ], [ [ [ -196358.036476976267295, 396983.39164472091943 ], [ -197642.626664270879701, 390364.043774083897006 ], [ -199235.013152762723621, 388771.79158007359365 ], [ -200134.231662118749227, 383811.627910479728598 ], [ -201428.458945934951771, 379162.487993620801717 ], [ -191822.813184120168444, 377438.931832604343072 ], [ -187195.398434046190232, 377200.990887191728689 ], [ -187921.993849169608438, 337236.362050765193999 ], [ -187927.675808616098948, 335523.205820173898246 ], [ -185510.001960565306945, 335280.988896390539594 ], [ -181752.456973274413031, 335973.896964119572658 ], [ -181521.220242243405664, 333865.176978604751639 ], [ -179534.823663636023412, 332640.004883884510491 ], [ -171935.102834973513382, 332700.039212786243297 ], [ -168372.111623658594908, 331282.64869486662792 ], [ -166155.504451192711713, 332219.368896109343041 ], [ -166234.451171818276634, 329923.841045153618325 ], [ -162520.548358739586547, 326539.106995544687379 ], [ -161936.3087868312723, 324419.804057727509644 ], [ -159864.912645283853635, 324765.740779629035387 ], [ -159798.421884761046385, 322351.545397433219478 ], [ -156281.07555450295331, 321636.426932005502749 ], [ -154758.848302618978778, 319794.11360007559415 ], [ -153743.021053496515378, 316447.780522086832207 ], [ -151488.382070221181493, 315816.748733571439516 ], [ -147507.217743223300204, 316162.26624196569901 ], [ -146178.173281235038303, 314252.70450702146627 ], [ -146030.706761517707491, 312168.478383286623284 ], [ -144507.761462306923931, 311504.002293355064467 ], [ -138949.119708012469346, 311188.331030636094511 ], [ -137505.130038608942414, 314671.550544399418868 ], [ -138153.708528040006058, 318017.892190266691614 ], [ -136318.77964625772438, 321141.656328458571807 ], [ -133967.962208203505725, 320328.978230781736784 ], [ -131872.695291814132361, 321582.263243270339444 ], [ -129123.130289500841172, 321513.739385542343371 ], [ -129052.391340023081284, 323347.074557860032655 ], [ -126056.362771076601348, 322877.720542508119252 ], [ -123851.976734015537659, 324041.266831858665682 ], [ -120072.314958546383423, 323490.364419041376095 ], [ -118601.589661521735252, 324576.171434059448075 ], [ -115961.122021581599256, 323646.788666623819154 ], [ -116454.104278199680266, 332711.708124275086448 ], [ -116244.966186368314084, 335035.770197395642754 ], [ -117609.201363451080397, 335467.834559234266635 ], [ -120731.53437618620228, 333604.952354358916637 ], [ -121934.708439355075825, 337247.453072833130136 ], [ -125863.000809061486507, 337381.992100818955805 ], [ -129158.559225974182482, 338711.327215325145517 ], [ -130700.94343151076464, 340967.645740480511449 ], [ -129664.462003007676685, 342604.553599179140292 ], [ -131003.008480171643896, 344832.934451189939864 ], [ -131387.423176341864746, 347392.583938342460897 ], [ -130523.559507729296456, 349742.423894935229328 ], [ -132684.383686391753145, 353256.375757008092478 ], [ -131886.429942113783909, 353795.824650996015407 ], [ -130821.161850323740509, 357259.705248681362718 ], [ -129020.34770750698226, 359413.373628724133596 ], [ -130588.527626781797153, 361144.175725615466945 ], [ -138705.074067575798836, 381539.377629737078678 ], [ -141975.325501485553104, 381657.603493369708303 ], [ -141312.734420940891141, 383659.569861138937995 ], [ -142673.910057706525549, 387644.143021122610662 ], [ -142939.26502596939099, 389846.34056241781218 ], [ -144541.498338828969281, 394752.112396545358934 ], [ -150522.527957106067333, 394963.135683878615964 ], [ -163066.516711452801246, 394976.376927583361976 ], [ -186787.075657074485207, 395275.744813968311064 ], [ -196358.036476976267295, 396983.39164472091943 ] ] ] ] } },
{ "type": "Feature", "properties": { "csa_geoid": "160", "csa_name": "Buffalo-Cheektowaga-Olean, NY CSA" }, "geometry": { "type": "Polygon", "coordinates": [ [ [ 1406211.017860494321212, 2394259.516688368748873 ], [ 1404287.075209570582956, 2394301.622867894824594 ], [ 1399752.134099551709369, 2392864.849190168548375 ], [ 1393098.160493348957971, 2390278.971855631098151 ], [ 1389234.675441616447642, 2387955.216465665027499 ], [ 1385964.657168014440686, 2386853.480725163128227 ], [ 1382621.854274845914915, 2384933.790966827888042 ], [ 1377863.352931255009025, 2383034.021774618886411 ], [ 1376787.171085347421467, 2382129.370985218323767 ], [ 1366620.459863391937688, 2376377.695063528139144 ], [ 1360370.462320331251249, 2373507.173150694929063 ], [ 1361680.339219381101429, 2372801.615800652652979 ], [ 1363348.72762639936991, 2366918.114448132459074 ], [ 1363512.943814918166026, 2363997.296487644314766 ], [ 1364959.457455177092925, 2360853.596612302120775 ], [ 1363300.19826115691103, 2357865.057593209203333 ], [ 1364444.352866430068389, 2356595.916861052624881 ], [ 1363704.986120920162648, 2353159.928425810299814 ], [ 1369312.902452052570879, 2352798.321906781755388 ], [ 1370119.145179483573884, 2351843.022318019531667 ], [ 1369007.85158391459845, 2347135.624682686291635 ], [ 1370558.471312201116234, 2343885.292563014663756 ], [ 1375081.073652536841109, 2341581.638700386043638 ], [ 1377466.251550283282995, 2341798.67865962581709 ], [ 1380247.524258871562779, 2338613.647751172073185 ], [ 1380694.676680015632883, 2335965.820009066257626 ], [ 1384360.2152095339261, 2331271.390101411379874 ], [ 1385755.43179921596311, 2330011.49478174559772 ], [ 1384967.850513161392882, 2328039.054886392317712 ], [ 1386996.932681098813191, 2325170.674817830324173 ], [ 1386477.090518334880471, 2322527.840865765232593 ], [ 1382966.942049718461931, 2317972.641570992767811 ], [ 1380990.269213923951611, 2317011.759926713537425 ], [ 1377754.656880095833912, 2313404.423086951486766 ], [ 1373577.17108017206192, 2311058.590735393576324 ], [ 1372801.451104693813249, 2307890.021479257382452 ], [ 1373136.989839949412271, 2305688.443578183185309 ], [ 1369938.853285832097754, 2301547.251744766253978 ], [ 1368860.885002976516262, 2298722.279310026206076 ], [ 1368749.047160846879706, 2296386.981406613253057 ], [ 1372151.044730155495927, 2296394.565703978762031 ], [ 1373535.350830378709361, 2294585.745201708748937 ], [ 1375494.97412914247252, 2293971.279643413610756 ], [ 1377265.192713741911575, 2283935.093821641989052 ], [ 1384572.394632767885923, 2244372.07345713628456 ], [ 1386134.140476912492886, 2234689.986367008183151 ], [ 1401265.775347580201924, 2237238.051746611017734 ], [ 1423721.821844687918201, 2241626.664575149305165 ], [ 1447063.561753417365253, 2245933.736293118912727 ], [ 1441559.956245967186987, 2274682.858575894497335 ], [ 1436206.173602416878566, 2303266.026195930782706 ], [ 1423750.39676712686196, 2300704.355057041626424 ], [ 1422034.370730627095327, 2311078.564915353897959 ], [ 1420211.718507429584861, 2319906.871860247571021 ], [ 1418491.717366417171434, 2329424.892567445524037 ], [ 1416521.420454483712092, 2329058.412907150574028 ], [ 1414875.587703687138855, 2338645.032750369980931 ], [ 1416625.423068210482597, 2338953.689810778480023 ], [ 1413737.516050384379923, 2355014.19270210666582 ], [ 1411002.349652350414544, 2368464.296037961728871 ], [ 1409790.608571679564193, 2377320.541487591341138 ], [ 1407539.727632946334779, 2386732.215783707331866 ], [ 1406211.017860494321212, 2394259.516688368748873 ] ] ] } },
{ "type": "Feature", "properties": { "csa_geoid": "161", "csa_name": "Burlington-Fort Madison, IA-IL CSA" }, "geometry": { "type": "Polygon", "coordinates": [ [ [ 420812.610640824481379, 2018317.259359793039039 ], [ 402309.862943072570488, 2017395.270619979593903 ], [ 385729.443094489339273, 2016686.028536033583805 ], [ 387039.455261308990885, 1987434.77106665330939 ], [ 358060.829546443594154, 1986177.799000459956005 ], [ 359129.239511120074894, 1963859.911866540787742 ], [ 359314.492924625636078, 1962128.48693604557775 ], [ 361734.300811843946576, 1960542.571798123186454 ], [ 362484.668913621047977, 1957170.965701402397826 ], [ 367277.646113924100064, 1956321.189959946088493 ], [ 368166.549221133347601, 1952021.989503662334755 ], [ 370089.549806394614279, 1951012.385241091484204 ], [ 371413.978494436305482, 1948384.65425507328473 ], [ 372852.920251925999764, 1947327.329109015176073 ], [ 375823.416683513380121, 1947243.933001446304843 ], [ 375503.613750927790534, 1945188.114040264859796 ], [ 376774.971562297665514, 1944181.96948254108429 ], [ 376412.734217604622245, 1941862.213223923929036 ], [ 378688.399731458397582, 1940978.51421585958451 ], [ 380295.368209009524435, 1938795.83266342501156 ], [ 383551.003718566615134, 1939452.995543047087267 ], [ 388004.047208912612405, 1939519.299019640078768 ], [ 389026.630452652112581, 1940348.507158932508901 ], [ 388473.712145769677591, 1947557.139781947713345 ], [ 389433.066676557587925, 1950718.756763919955119 ], [ 388930.407060518104117, 1953875.206300948513672 ], [ 385650.112911986885592, 1957098.839546793606132 ], [ 385955.243834083143156, 1958993.11332818842493 ], [ 387696.008193673100322, 1960758.842565746745095 ], [ 390103.675811898952816, 1964828.809220441617072 ], [ 393549.460724238771945, 1966852.733871888834983 ], [ 398397.062465941824485, 1968457.393081652000546 ], [ 417315.928218732879031, 1969041.611097143497318 ], [ 427992.071548544743564, 1970025.547347038984299 ], [ 436789.639813133573625, 1970175.520659308414906 ], [ 435672.003300826414488, 1992930.021442822413519 ], [ 434503.495649650809355, 2018613.157385671511292 ], [ 420859.965210837544873, 2018043.792778372066095 ], [ 420812.610640824481379, 2018317.259359793039039 ] ] ] } },
{ "type": "Feature", "properties": { "csa_geoid": "162", "csa_name": "Burlington-South Burlington-Barre, VT CSA" }, "geometry": { "type": "Polygon", "coordinates": [ [ [ 1773630.121212997706607, 2615220.12305663106963 ], [ 1775037.740448644151911, 2612233.689543526154011 ], [ 1777792.494784781010821, 2609303.543835262302309 ], [ 1779017.814981235191226, 2608912.201744892634451 ], [ 1781727.625586777692661, 2605183.113786629866809 ], [ 1783166.833469994599, 2604008.822052140254527 ], [ 1784316.876504654996097, 2601573.445465130265802 ], [ 1785887.803554876009002, 2596415.940426774322987 ], [ 1785472.182708758860826, 2591747.54835084406659 ], [ 1784466.414795624092221, 2589642.215427620336413 ], [ 1786218.71854209783487, 2585659.162484902422875 ], [ 1786828.186348313698545, 2583075.508655315265059 ], [ 1788871.189104023156688, 2578316.389838076662272 ], [ 1792308.446516902418807, 2578684.16507900878787 ], [ 1797825.812833218369633, 2580780.788134223315865 ], [ 1807125.228451305534691, 2585036.344077561981976 ], [ 1811262.557694259565324, 2586230.605450009927154 ], [ 1810474.175527919083834, 2588146.69860020512715 ], [ 1814143.238031756831333, 2588052.988645774312317 ], [ 1819549.248069493100047, 2574046.586586534976959 ], [ 1820914.283277362352237, 2574546.585481970570982 ], [ 1824691.504206648329273, 2565037.032506365329027 ], [ 1826183.839421887183562, 2565610.77152694715187 ], [ 1844410.734987760894001, 2563160.304517674725503 ], [ 1846085.425288498867303, 2572374.423310834448785 ], [ 1846541.955449670786038, 2572319.326824089512229 ], [ 1847865.418509445153177, 2580977.286800505127758 ], [ 1849869.171986799687147, 2581786.470797276590019 ], [ 1859794.647831352893263, 2580369.603033247869462 ], [ 1859145.974024593597278, 2590782.842136811465025 ], [ 1863494.461803747573867, 2589943.088801890145987 ], [ 1865648.754562908085063, 2598350.445818951353431 ], [ 1864904.812290733680129, 2601214.863065410871059 ], [ 1867360.1837363159284, 2606625.06455586059019 ], [ 1869490.070676505099982, 2615325.849611990619451 ], [ 1868597.745265071513131, 2616659.196920789312571 ], [ 1850170.198691281024367, 2621209.006948064081371 ], [ 1847858.945588363101706, 2611286.168634899891913 ], [ 1838366.099717502482235, 2615260.69402787508443 ], [ 1836172.033299177885056, 2605394.936818241141737 ], [ 1826399.472346923546866, 2608062.838693966157734 ], [ 1820352.377105922903866, 2608449.689786551054567 ], [ 1821756.968882103916258, 2614194.037588933017105 ], [ 1819396.618470156798139, 2614771.295502674765885 ], [ 1820182.375459767645225, 2618443.240902212448418 ], [ 1818761.012036104453728, 2618546.11519660660997 ], [ 1810224.550974825164303, 2625665.346240180078894 ], [ 1812624.470265146112069, 2635431.836502314079553 ], [ 1817593.394603750435635, 2634321.125814298167825 ], [ 1817222.940175137948245, 2640329.603992592077702 ], [ 1818287.118925799615681, 2642868.187162369024009 ], [ 1818470.799971016822383, 2645948.986419020220637 ], [ 1819454.782029811060056, 2647795.544772112742066 ], [ 1828400.910406433511525, 2649621.137978511396796 ], [ 1831575.298268244834617, 2648178.167761352378875 ], [ 1833636.309599239146337, 2654802.973570790141821 ], [ 1830516.680282821180299, 2664565.454164316877723 ], [ 1830886.362497384892777, 2664674.343314397614449 ], [ 1827324.904618625063449, 2673205.11360583640635 ], [ 1824441.308529089204967, 2673049.924993557855487 ], [ 1817899.060003299964592, 2671662.948585019912571 ], [ 1804815.848573565250263, 2668535.810516437049955 ], [ 1795531.100931857945397, 2665940.52496395772323 ], [ 1786479.4939183909446, 2663868.769575007259846 ], [ 1766936.601937642320991, 2658558.082780610769987 ], [ 1766673.049154653679579, 2655804.301127051468939 ], [ 1768454.062962021678686, 2653778.735196825116873 ], [ 1769571.503873121924698, 2649265.852964845020324 ], [ 1768728.28021985059604, 2646813.709689398761839 ], [ 1768362.452248218934983, 2639912.918718628119677 ], [ 1770052.870826134458184, 2638195.944354721345007 ], [ 1772946.954956378554925, 2636395.954811934847385 ], [ 1773539.321416762191802, 2634724.789133512880653 ], [ 1772285.719500694191083, 2629038.175213854759932 ], [ 1773415.610628874972463, 2624244.778563478961587 ], [ 1773630.121212997706607, 2615220.12305663106963 ] ] ] } },
{ "type": "Feature", "properties": { "csa_geoid": "163", "csa_name": "Cape Coral-Fort Myers-Naples, FL CSA" }, "geometry": { "type": "MultiPolygon", "coordinates": [ [ [ [ 1377458.986160139087588, 492934.225176025414839 ], [ 1379760.434366002911702, 490456.014132853306364 ], [ 1382889.149147151038051, 482166.581383618817199 ], [ 1384577.219345080200583, 480017.708406721591018 ], [ 1387178.226779272314161, 479043.52966708864551 ], [ 1389677.009979169117287, 477279.505599484022241 ], [ 1392698.416492118034512, 476466.364333992707543 ], [ 1396171.662027793936431, 477034.315563845972065 ], [ 1398810.608992850175127, 480450.209793024871033 ], [ 1395509.972478931304067, 481901.022514413867611 ], [ 1393177.777235426474363, 479895.495737380173523 ], [ 1388415.816633278504014, 481849.061687578679994 ], [ 1386759.767850515432656, 481443.135323829657864 ], [ 1384696.594733434962109, 482266.544754028785974 ], [ 1382202.512280937982723, 485878.140692125016358 ], [ 1378308.27805080008693, 494135.891222742793616 ], [ 1377458.986160139087588, 492934.225176025414839 ] ] ], [ [ [ 1372344.989938346901909, 501565.629314153571613 ], [ 1374006.753738608211279, 500035.135821001022123 ], [ 1375164.207292971899733, 501882.063956452650018 ], [ 1372587.649443049216643, 504528.505274108378217 ], [ 1372344.989938346901909, 501565.629314153571613 ] ] ], [ [ [ 1369619.254807553254068, 513612.973644096520729 ], [ 1371816.704124812502414, 507095.505379179841839 ], [ 1372240.702224627370015, 511039.701303910405841 ], [ 1374020.445077930111438, 512195.97256898478372 ], [ 1376958.829330736305565, 512598.073781482176855 ], [ 1374661.708256504498422, 513510.453394531214144 ], [ 1369619.254807553254068, 513612.973644096520729 ] ] ], [ [ [ 1390948.582923114765435, 514614.277458586730063 ], [ 1390730.822241478366777, 511495.573667021584697 ], [ 1389553.598039621952921, 506845.679379264183808 ], [ 1389072.117013539420441, 500496.613184986228589 ], [ 1387227.088509046239778, 504192.709237835835665 ], [ 1385552.276772216893733, 505936.726922057103366 ], [ 1380691.948215478332713, 505901.312969776161481 ], [ 1380306.306416257517412, 503184.975011779693887 ], [ 1384779.673640941968188, 499638.067962705448736 ], [ 1384421.135535053908825, 498536.989739009179175 ], [ 1386365.269111353671178, 496123.652354415447917 ], [ 1388193.37271658424288, 490254.898244899057318 ], [ 1391073.90138400089927, 485762.675738768652081 ], [ 1390800.316801230888814, 483569.341581731103361 ], [ 1395692.903890947112814, 484552.916717760264874 ], [ 1394217.803264637012035, 486533.672804458998144 ], [ 1393795.145023235585541, 488906.021132208639756 ], [ 1394696.282939661061391, 490481.013379111071117 ], [ 1396984.967575527261943, 488289.698780736245681 ], [ 1400104.30188428494148, 489726.312160785833839 ], [ 1400571.509355262853205, 485652.208928679174278 ], [ 1400193.833087070612237, 484455.532161389302928 ], [ 1404655.308394217165187, 483964.996170762868132 ], [ 1406369.370999716920778, 481561.562677076028194 ], [ 1411051.718877213075757, 479681.645264560065698 ], [ 1412454.814669702900574, 477858.672603847982828 ], [ 1416239.11400269321166, 474817.268876403803006 ], [ 1419500.008157538017258, 469645.401737378095277 ], [ 1421177.782591085182503, 466208.62413503130665 ], [ 1423362.937192747369409, 460116.635693358781282 ], [ 1425005.761116077192128, 453301.754585062735714 ], [ 1425923.661747265374288, 451115.949966321524698 ], [ 1427624.874007385922596, 444614.615456007537432 ], [ 1432946.351803947938606, 435940.760852042294573 ], [ 1434508.68997344118543, 434575.065803986915853 ], [ 1435319.879908162401989, 432308.559810993319843 ], [ 1434437.5099776617717, 430751.850392730906606 ], [ 1437216.191036639967933, 428307.647796445176937 ], [ 1437825.072819480905309, 425946.67889026296325 ], [ 1439002.109754058299586, 425960.772703069902491 ], [ 1442753.166859744582325, 420399.92189533385681 ], [ 1444522.453590509714559, 422183.350121459225193 ], [ 1443798.130060783820227, 423198.991673723910935 ], [ 1446604.260686465771869, 426837.610586069116835 ], [ 1448820.336324462201446, 425535.137668954383116 ], [ 1450562.826721609570086, 425958.488381318864413 ], [ 1454224.897621884243563, 423577.744097523391247 ], [ 1458225.481288905255497, 423193.327319496776909 ], [ 1459626.588239199016243, 421674.764535738737322 ], [ 1462774.660838627954945, 421035.398806378245354 ], [ 1466009.900089828064665, 419359.42912810103735 ], [ 1465533.239626508206129, 418429.531452779541723 ], [ 1480057.188336707651615, 420666.358845145849045 ], [ 1525211.376139878993854, 428017.427130521973595 ], [ 1521904.70094337197952, 448958.452425856492482 ], [ 1518212.122000574832782, 467756.156358592619654 ], [ 1515283.428229205543175, 484704.903368271072395 ], [ 1515112.726824347628281, 486530.446075350453611 ], [ 1512749.09938971628435, 499384.676223662274424 ], [ 1509173.907264520647004, 519746.412130711658392 ], [ 1503876.951042147353292, 553007.748738847672939 ], [ 1501881.986160688102245, 574553.995319021632895 ], [ 1497681.816674968926236, 576247.419220515526831 ], [ 1496715.240928946295753, 577631.682803364470601 ], [ 1494153.351119640748948, 579005.245070853154175 ], [ 1491988.750269204610959, 579198.734700607485138 ], [ 1471609.164419432170689, 575837.135012183454819 ], [ 1473197.908768165623769, 566289.465186167741194 ], [ 1463415.469639005605131, 564684.428622904699296 ], [ 1464968.087513124104589, 555047.456832110066898 ], [ 1435811.549025092506781, 550672.392712696455419 ], [ 1439892.799789152573794, 521886.26140555285383 ], [ 1420588.126986934803426, 518951.540856119361706 ], [ 1390948.582923114765435, 514614.277458586730063 ] ] ] ] } },
{ "type": "Feature", "properties": { "csa_geoid": "164", "csa_name": "Cape Girardeau-Sikeston, MO-IL CSA" }, "geometry": { "type": "Polygon", "coordinates": [ [ [ 600904.612778645125218, 1579992.972786118509248 ], [ 598320.358760898583569, 1582135.629003182053566 ], [ 595474.231506602023728, 1582041.516309865284711 ], [ 593444.29825195716694, 1582965.267403550911695 ], [ 591499.369615856208839, 1585924.855505442479625 ], [ 592664.461305105010979, 1587890.885187409585342 ], [ 591629.474390961229801, 1591950.563360994914547 ], [ 591844.746297140722163, 1596406.215866966871545 ], [ 592649.811978607438505, 1600916.614889910910279 ], [ 596423.657542250934057, 1604521.216938759898767 ], [ 595830.50435183395166, 1608075.837662221165374 ], [ 594338.462214932776988, 1609166.099920195760205 ], [ 592042.688403527252376, 1609367.656443505082279 ], [ 571215.361529667163268, 1607827.670739315217361 ], [ 575558.643740875646472, 1609238.069993562065065 ], [ 576155.579688456375152, 1610595.593568275216967 ], [ 576338.698464408749714, 1615211.067881097085774 ], [ 575088.320445141289383, 1618462.509561005514115 ], [ 571541.642902683466673, 1622669.144910897361115 ], [ 569508.103983958833851, 1625622.5457312555518 ], [ 567059.098048022133298, 1630122.315938343992457 ], [ 566363.803228424862027, 1633517.993325895164162 ], [ 563347.172190911020152, 1634504.356018129270524 ], [ 561474.821893434855156, 1633884.16469116229564 ], [ 559024.600743156624958, 1635923.430339732440189 ], [ 557113.352583403349854, 1635391.118329003918916 ], [ 556001.617490819306113, 1636350.685347601305693 ], [ 553616.467928491882049, 1636271.982565866550431 ], [ 553167.60463790805079, 1634720.066482595400885 ], [ 549584.413103718310595, 1636120.487478056456894 ], [ 543827.416078558424488, 1634759.792255945969373 ], [ 540373.881700812955387, 1635566.434667526045814 ], [ 524365.739329590345733, 1634328.00670441868715 ], [ 511577.574725422658958, 1633465.237785462290049 ], [ 512684.043829762900714, 1627221.395465960493311 ], [ 512758.491072979872115, 1618678.75462223845534 ], [ 513639.130988714692649, 1601553.716045872308314 ], [ 507313.991524950775784, 1601488.87900931108743 ], [ 508380.802415195736103, 1575906.917980959173292 ], [ 518306.277915975195356, 1576444.169793351786211 ], [ 518537.724469312292058, 1571443.984591430984437 ], [ 528704.862433085800149, 1571958.068509127711877 ], [ 528589.7951834006235, 1573592.703924155561253 ], [ 531815.080776855698787, 1573757.625781029695645 ], [ 531263.191292490228079, 1581904.467341746902093 ], [ 548342.221085820463486, 1582875.969925470417365 ], [ 546724.497819481184706, 1578475.485992151545361 ], [ 550047.019841008586809, 1572188.796117681311443 ], [ 553340.430369750596583, 1567570.813758057774976 ], [ 554049.970708247506991, 1563719.882536368211731 ], [ 556709.999940664158203, 1561192.679183948785067 ], [ 556174.922516153310426, 1555102.36961505189538 ], [ 556787.60800853476394, 1553502.537176585523412 ], [ 564319.458755509695038, 1554247.183858569711447 ], [ 567723.780754815088585, 1555339.50865803216584 ], [ 571850.077657010755502, 1555651.734836806310341 ], [ 572025.415483951452188, 1553224.384500612737611 ], [ 573697.045111340004951, 1551643.726820209994912 ], [ 575341.050481234793551, 1551757.821955595631152 ], [ 577314.107828003354371, 1548578.993983279913664 ], [ 579007.213438278762624, 1547124.652414925163612 ], [ 579150.315731005975977, 1544701.468895549653098 ], [ 580776.264658243278973, 1544036.006429995177314 ], [ 580896.39275753882248, 1542450.169995823642239 ], [ 583429.463839955395088, 1540769.374437424587086 ], [ 584456.023010861477815, 1537799.505882249912247 ], [ 586010.292673505027778, 1537910.60320817376487 ], [ 587077.287435937207192, 1534736.972665522480384 ], [ 588736.473770651500672, 1534041.543328587431461 ], [ 588873.21481000748463, 1532370.260581583017483 ], [ 593867.211624979856424, 1526198.166046548401937 ], [ 597306.990634873625822, 1523209.654369803611189 ], [ 600013.520279270480387, 1523899.610643135616556 ], [ 601941.307622273801826, 1527654.028305857209489 ], [ 602159.964053171104752, 1530742.631891317199916 ], [ 605267.267234087921679, 1535168.575653546722606 ], [ 604163.750429357634857, 1537619.220076294848695 ], [ 601300.853107767412439, 1540464.984628854086623 ], [ 601261.216863433364779, 1543086.764612537575886 ], [ 603826.852787311072461, 1545542.450149812502787 ], [ 607485.875879142200574, 1544919.620692143216729 ], [ 608111.646510117221624, 1547646.544396202778444 ], [ 607448.401586827705614, 1548682.522710061632097 ], [ 604559.189822317566723, 1548908.118356313789263 ], [ 602515.205227120779455, 1550798.868394284509122 ], [ 602606.029119418817572, 1554460.256981489015743 ], [ 605668.926950750523247, 1555528.549750911304727 ], [ 607142.197625922621228, 1560129.487564491573721 ], [ 608161.585112472297624, 1566563.879413072485477 ], [ 608097.5086498351302, 1568870.10767474770546 ], [ 606311.393207079265267, 1570687.941609970061108 ], [ 605043.616713058436289, 1570632.134706661570817 ], [ 601904.006905687274411, 1572779.96334494301118 ], [ 600661.077330705709755, 1574666.678430546773598 ], [ 600246.776252523297444, 1577487.743878486100584 ], [ 600904.612778645125218, 1579992.972786118509248 ] ] ] } },
{ "type": "Feature", "properties": { "csa_geoid": "166", "csa_name": "Carbondale-Marion-Herrin, IL CSA" }, "geometry": { "type": "Polygon", "coordinates": [ [ [ 550761.66025143803563, 1660764.37874549604021 ], [ 552616.198863643337972, 1657311.917649056995288 ], [ 552153.642254169564694, 1654269.309469657484442 ], [ 553865.899091551196761, 1652812.721539499936625 ], [ 556642.829170497716404, 1653473.290476649068296 ], [ 559875.887924916460179, 1649595.846511193783954 ], [ 565005.775048697483726, 1648279.510704746237025 ], [ 566300.089847853058018, 1646916.974003836512566 ], [ 566141.016417774488218, 1641928.696551773929968 ], [ 569895.0744605519576, 1637428.711614876287058 ], [ 570069.116805980913341, 1635982.086057492066175 ], [ 568222.966985977720469, 1634072.288902625907212 ], [ 571322.121124047203921, 1633656.080898067681119 ], [ 572248.185943328309804, 1635483.744342275895178 ], [ 572084.036464914330281, 1637716.621166954981163 ], [ 592470.41548533400055, 1638978.106597930891439 ], [ 598618.311524271033704, 1639611.360893880017102 ], [ 608035.154135716380551, 1639880.658787863794714 ], [ 625875.301330153015442, 1641313.358503239229321 ], [ 627406.443400558200665, 1641785.307640785817057 ], [ 637040.688469075597823, 1642362.967614843510091 ], [ 634926.464156278641894, 1671896.241460212739184 ], [ 614100.347329632146284, 1670162.759108747588471 ], [ 596317.878230828791857, 1668854.355511015281081 ], [ 595635.781736869248562, 1678716.036970753688365 ], [ 584242.128293759771623, 1677950.017377789132297 ], [ 557024.358321615727618, 1676597.423384465277195 ], [ 552429.313918891130015, 1665430.145269474480301 ], [ 552234.693350051762536, 1663141.339019394479692 ], [ 550761.66025143803563, 1660764.37874549604021 ] ] ] } },
{ "type": "Feature", "properties": { "csa_geoid": "168", "csa_name": "Cedar Rapids-Iowa City, IA CSA" }, "geometry": { "type": "Polygon", "coordinates": [ [ [ 419288.794287805329077, 2125922.028135728091002 ], [ 417747.283282733755186, 2155148.665063766296953 ], [ 366920.705456746276468, 2152693.973478761967272 ], [ 350942.47995027480647, 2151992.873277592938393 ], [ 341383.850733600906096, 2151849.36613721260801 ], [ 330427.323161776526831, 2151176.815766199026257 ], [ 303111.858672852278687, 2150091.81879931781441 ], [ 304033.511116394773126, 2125725.869760687462986 ], [ 304626.215932018531021, 2114447.260068179108202 ], [ 305056.96398276288528, 2101503.491076673381031 ], [ 324304.326272548933048, 2102300.272206261754036 ], [ 343504.546647493320052, 2102992.563547554425895 ], [ 343837.885827874473762, 2096506.30760015710257 ], [ 344132.266543269099202, 2083403.647351247025654 ], [ 344646.915829474455677, 2073760.731398146366701 ], [ 345144.15936866676202, 2073786.820542534347624 ], [ 345401.691843118809629, 2063828.492534417193383 ], [ 335737.253745200112462, 2063330.708036508411169 ], [ 336489.841347847599536, 2043962.136861493578181 ], [ 337232.008144358929712, 2031046.491796481888741 ], [ 337433.818871230061632, 2024505.239436412928626 ], [ 347789.572821389359888, 2024727.963901857612655 ], [ 366104.191715978493448, 2025779.683965598465875 ], [ 375684.530997197784018, 2026099.394789552781731 ], [ 374437.463911828584969, 2055340.447065911255777 ], [ 384007.976017864886671, 2055726.33000787650235 ], [ 383224.058102743583731, 2075319.555315374396741 ], [ 381367.596870508801658, 2114329.552006842568517 ], [ 419803.683527927089017, 2116169.561976332683116 ], [ 419288.794287805329077, 2125922.028135728091002 ] ] ] } },
{ "type": "Feature", "properties": { "csa_geoid": "169", "csa_name": "Champaign-Urbana-Danville, IL CSA" }, "geometry": { "type": "Polygon", "coordinates": [ [ [ 625231.990154019207694, 1942954.194161789957434 ], [ 616925.685576504212804, 1926663.096431747311726 ], [ 617285.747213050839491, 1921778.276883938349783 ], [ 612467.644848830299452, 1921437.62728363298811 ], [ 615060.544242809060961, 1887173.757870158413425 ], [ 639037.31459840410389, 1889006.895578890340403 ], [ 638272.698379362584092, 1898756.221850213594735 ], [ 657354.358531689504161, 1900298.317567259538919 ], [ 666945.967778428923339, 1901213.992634192109108 ], [ 676516.273538364446722, 1901925.893514144001529 ], [ 709796.11762221949175, 1905041.7379747685045 ], [ 709733.252569344593212, 1903577.063806775957346 ], [ 714788.865529416128993, 1904045.567994210403413 ], [ 716703.012796979863197, 1905815.547235891688615 ], [ 714205.350661608623341, 1935417.086131277494133 ], [ 711210.789974637213163, 1973740.31458237930201 ], [ 700658.802314050495625, 1972463.277661676285788 ], [ 691386.176449917256832, 1971651.036775854416192 ], [ 672188.637384735047817, 1969714.515889740083367 ], [ 671339.417957542580552, 1969985.478262460790575 ], [ 661711.615565332002006, 1969090.100079816766083 ], [ 660866.498937544412911, 1978833.625899406382814 ], [ 658511.40883337019477, 1999793.298112048069015 ], [ 655813.242885676329024, 2025905.834491109242663 ], [ 646248.277178400545381, 2024756.514188027940691 ], [ 650715.481346523622051, 1982833.269744058372453 ], [ 631947.916366415447555, 1981221.713620604015887 ], [ 633132.662364686490037, 1966584.689619980053976 ], [ 634846.756075016804971, 1943761.543792474316433 ], [ 625231.990154019207694, 1942954.194161789957434 ] ] ] } },
{ "type": "Feature", "properties": { "csa_geoid": "170", "csa_name": "Charleston-Huntington-Ashland, WV-OH-KY CSA" }, "geometry": { "type": "Polygon", "coordinates": [ [ [ 1113508.229468214092776, 1820248.544791869586334 ], [ 1113292.25363632151857, 1817255.863714883103967 ], [ 1114741.182145248400047, 1815572.894367298809811 ], [ 1112614.086751479422674, 1812380.826839073095471 ], [ 1112797.094048896571621, 1810423.569894817657769 ], [ 1111553.616181342164055, 1809607.12761332700029 ], [ 1110998.495926493313164, 1806882.53608545451425 ], [ 1112067.040650185896084, 1805281.784817120293155 ], [ 1110492.756297383224592, 1802675.68381599127315 ], [ 1110007.060809752438217, 1800385.696876864880323 ], [ 1108607.26779116760008, 1798079.022277869516984 ], [ 1106581.814192293677479, 1797204.373719217255712 ], [ 1105681.538214179221541, 1794757.906883964315057 ], [ 1103862.627113362308592, 1792926.708140537142754 ], [ 1103125.488459060899913, 1788090.62796483328566 ], [ 1102157.69144778046757, 1787294.915372264804319 ], [ 1100523.984627325553447, 1783498.202358475886285 ], [ 1101627.077467373805121, 1778381.419269887497649 ], [ 1101243.391347494442016, 1776755.151219059713185 ], [ 1102262.285633333493024, 1775044.359878484625369 ], [ 1098059.778434396488592, 1772750.807034391909838 ], [ 1094245.288611416704953, 1772852.820831552846357 ], [ 1093056.751433915924281, 1771544.927199721103534 ], [ 1094094.452805317938328, 1768000.719470978714526 ], [ 1096576.040626059984788, 1764459.461467354791239 ], [ 1098272.960710335755721, 1759760.701161427423358 ], [ 1100601.287429767893627, 1759272.875383289530873 ], [ 1101704.178141890792176, 1758135.925886295503005 ], [ 1104231.299838453531265, 1758750.326409387402236 ], [ 1105496.440237343776971, 1764477.939842612948269 ], [ 1109541.585247772512957, 1767542.060145682422444 ], [ 1111937.856320999795571, 1765332.016996250720695 ], [ 1115838.952244574902579, 1764273.632332774112001 ], [ 1117559.204813580727205, 1762086.005633786087856 ], [ 1120191.166181456064805, 1760965.325236697914079 ], [ 1123163.498938920907676, 1762020.111106428317726 ], [ 1125294.855662825517356, 1761156.951780149713159 ], [ 1126691.175448345951736, 1759430.034030339680612 ], [ 1129565.25844058743678, 1759577.879899274324998 ], [ 1131020.907852553529665, 1760381.26322632888332 ], [ 1132762.90501303342171, 1758540.781384298345074 ], [ 1133220.707599167246372, 1755923.454606403363869 ], [ 1135080.287861887831241, 1753785.006445792503655 ], [ 1132855.593622082611546, 1752033.361484494293109 ], [ 1131039.781663781963289, 1749348.238555629272014 ], [ 1131247.031449672300369, 1747858.30741111189127 ], [ 1126512.130428802454844, 1743860.210440386086702 ], [ 1126652.584941164357588, 1742664.308080598711967 ], [ 1125191.383321704342961, 1738792.189452818362042 ], [ 1126761.047225140500814, 1736577.676682578865439 ], [ 1128453.814535642042756, 1735836.989666690584272 ], [ 1130270.898298312211409, 1739779.250980613054708 ], [ 1132453.498845007503405, 1740649.705672532087192 ], [ 1138330.424631702015176, 1739047.315166140906513 ], [ 1142241.505092442035675, 1738488.498377004871145 ], [ 1151232.338493558112532, 1733913.720061218598858 ], [ 1156751.788996690418571, 1731974.496157950721681 ], [ 1162523.795263256877661, 1731313.145726854447275 ], [ 1163791.534797337371856, 1732784.69035550695844 ], [ 1162801.382051482796669, 1736164.338599593611434 ], [ 1164172.124176143901423, 1737179.418788664508611 ], [ 1164063.528022727230564, 1739999.731981533113867 ], [ 1165372.531917726853862, 1739980.662891149986535 ], [ 1167888.682223166804761, 1741530.732479184633121 ], [ 1171364.545900074765086, 1740069.254376749973744 ], [ 1172605.135975311975926, 1737310.641500187804922 ], [ 1175860.965464750071988, 1736548.027082966640592 ], [ 1178771.440957937622443, 1734470.830239230301231 ], [ 1179151.48455286049284, 1731950.672767294105142 ], [ 1180780.988172854296863, 1732068.384639293886721 ], [ 1187877.694418276427314, 1742238.565756406635046 ], [ 1192392.453399007907137, 1749384.603308972902596 ], [ 1195312.639364857692271, 1752492.816177796805277 ], [ 1196037.922576344106346, 1755057.088938984554261 ], [ 1194612.209989716066048, 1757069.572508308803663 ], [ 1192600.675383306108415, 1757303.723421077243984 ], [ 1191310.457381756743416, 1759599.970659909071401 ], [ 1188498.518947407137603, 1761700.120055170496926 ], [ 1189106.793459076900035, 1763703.316239912761375 ], [ 1186415.814837430836633, 1764826.643163852859288 ], [ 1187225.572212157072499, 1767715.934309971751645 ], [ 1186112.598663652315736, 1771659.334086301270872 ], [ 1187012.352828220231459, 1772350.76734770857729 ], [ 1186988.913501482689753, 1776381.919941971078515 ], [ 1187979.41971146594733, 1779035.240212091943249 ], [ 1190444.597800394985825, 1781438.909356531919912 ], [ 1191245.264762790873647, 1785754.94566359790042 ], [ 1193156.356640918413177, 1787417.707329097436741 ], [ 1197721.590555305592716, 1789776.128881506156176 ], [ 1198970.212847069138661, 1791871.50565914157778 ], [ 1201569.046836190391332, 1793296.447183826938272 ], [ 1203143.796566283097491, 1793275.376230793073773 ], [ 1204098.551619333215058, 1789206.824895196827129 ], [ 1204374.909742632880807, 1783929.591489777434617 ], [ 1207452.892559483181685, 1782301.758122304920107 ], [ 1209616.609485251363367, 1782297.646730387350544 ], [ 1215245.357669222168624, 1789539.761228194460273 ], [ 1217945.396023022243753, 1788714.010564661351964 ], [ 1223696.819156231824309, 1789803.424977780552581 ], [ 1225085.608647279907018, 1787400.798972574295476 ], [ 1226128.659632823895663, 1782510.37912832479924 ], [ 1225357.582774763694033, 1778967.232091711834073 ], [ 1223569.101322810398415, 1777230.536253429250792 ], [ 1223173.632879375712946, 1773609.493976607685909 ], [ 1221416.729663712903857, 1773604.356462149647996 ], [ 1220459.895125122973695, 1770563.081421772483736 ], [ 1219268.923081821296364, 1769293.077623598510399 ], [ 1216669.602774349972606, 1769862.113334601279348 ], [ 1215382.218440005090088, 1766063.926274967147037 ], [ 1216204.589620115235448, 1765118.358163898345083 ], [ 1214950.116904158843681, 1762757.789370229002088 ], [ 1215043.439307024003938, 1758040.014517225557938 ], [ 1218502.289193253032863, 1756986.041421989910305 ], [ 1215236.546705172397196, 1751679.361661376897246 ], [ 1218048.530090251937509, 1749875.569707355694845 ], [ 1219145.327562809223309, 1750662.246353203197941 ], [ 1222243.260601602494717, 1750184.158505636034533 ], [ 1222497.534611586248502, 1748034.502106594387442 ], [ 1230103.259754040744156, 1748882.695163718191907 ], [ 1232613.169267571298406, 1747943.661765638040379 ], [ 1235800.356940118595958, 1744037.89055981230922 ], [ 1234933.269009266514331, 1741084.64151945989579 ], [ 1238159.001534438459203, 1736709.180560267996043 ], [ 1241026.051546085393056, 1734955.213747775647789 ], [ 1245321.799199980683625, 1738146.508401314727962 ], [ 1246904.581542061641812, 1737423.661443239077926 ], [ 1248281.666087316349149, 1735332.050704658729956 ], [ 1254855.083445167401806, 1732277.139535692054778 ], [ 1257924.749302547890693, 1736432.884336985182017 ], [ 1257670.874118955107406, 1738775.14243723731488 ], [ 1255226.676150561543182, 1739182.450274703558534 ], [ 1253801.477523403940722, 1740483.504083725390956 ], [ 1252772.941923906328157, 1743285.30089888558723 ], [ 1253506.720361311919987, 1746436.532251339405775 ], [ 1251418.976420272840187, 1749915.250237685628235 ], [ 1253455.376371984602883, 1755102.792307776398957 ], [ 1255885.664254595292732, 1757448.970953025156632 ], [ 1257776.449514418840408, 1757002.676901374012232 ], [ 1259784.40442087687552, 1758253.257340856594965 ], [ 1262377.335113769164309, 1756169.859884288161993 ], [ 1264159.553353807888925, 1757057.784952720860019 ], [ 1267115.850764918839559, 1757016.719249631278217 ], [ 1267983.112851514713839, 1779753.367444320581853 ], [ 1269137.249898159643635, 1781320.472131361952052 ], [ 1274849.836303056916222, 1791641.62828643922694 ], [ 1292764.5317402058281, 1806793.028621813980862 ], [ 1299575.356309281894937, 1812705.352715020766482 ], [ 1306456.824738387018442, 1821046.352106400765479 ], [ 1305504.037162807770073, 1822686.214959859149531 ], [ 1300774.214072226313874, 1823024.776581008685753 ], [ 1298923.238307811086997, 1826555.426393586909398 ], [ 1297485.288983344100416, 1826934.72242349316366 ], [ 1296800.405995103996247, 1829105.450822248356417 ], [ 1292389.999576386064291, 1832269.381556333042681 ], [ 1290140.338664284907281, 1835214.739170335931703 ], [ 1284846.3045527220238, 1839075.347124987980351 ], [ 1281395.37412740685977, 1832189.226702328305691 ], [ 1278174.241905597504228, 1826442.163711768109351 ], [ 1273455.267972850007936, 1821366.275366324931383 ], [ 1271125.854822394903749, 1821477.819868991617113 ], [ 1266718.317172687500715, 1819652.529629503143951 ], [ 1263999.440689506242052, 1820699.499372493941337 ], [ 1259975.887884743511677, 1820810.821361924055964 ], [ 1249928.001120455097407, 1820230.77751963888295 ], [ 1249452.78578317607753, 1819753.574434411944821 ], [ 1245770.558705535251647, 1823312.306530674686655 ], [ 1244012.794963570311666, 1826448.07325695711188 ], [ 1239839.521223856601864, 1821762.887649252777919 ], [ 1235561.713678692700341, 1818536.325882768491283 ], [ 1223586.304192839888856, 1831430.610806486802176 ], [ 1206293.062559617683291, 1825801.722992589697242 ], [ 1197826.311578608583659, 1818952.03844932327047 ], [ 1200818.295155413914472, 1804275.102959953946993 ], [ 1184912.099584348499775, 1815208.520683855516836 ], [ 1182496.753680367488414, 1815626.396772195119411 ], [ 1180157.983947480795905, 1814742.193704209523275 ], [ 1179223.67670373362489, 1813371.783172244904563 ], [ 1172830.968543892726302, 1812717.156858786474913 ], [ 1171988.642124148551375, 1822888.5882849607151 ], [ 1161823.110234282910824, 1822128.394842724082991 ], [ 1161359.101537470007315, 1828765.082304574782029 ], [ 1159656.031446927692741, 1828690.930729841114953 ], [ 1159446.218595537589863, 1831978.488975353306159 ], [ 1150894.557439188938588, 1831528.266159528400749 ], [ 1150467.453360222745687, 1838871.728816963499412 ], [ 1134545.516066285548732, 1837800.233498184708878 ], [ 1133757.647659368580207, 1847932.383513727923855 ], [ 1115119.467816095799208, 1846459.619340207194909 ], [ 1094516.202149158110842, 1844195.064050043933094 ], [ 1093770.990063530858606, 1847687.985144589561969 ], [ 1091607.289840674493462, 1848976.007934780791402 ], [ 1088688.504448976833373, 1849701.176905839936808 ], [ 1090873.997013421030715, 1834923.352627557236701 ], [ 1094854.690008009085432, 1805602.636743261246011 ], [ 1096634.35414507589303, 1806977.689641407225281 ], [ 1100396.349577702349052, 1806147.975099624367431 ], [ 1104633.47911936393939, 1806960.314917016075924 ], [ 1106039.788286021677777, 1808610.063868924509734 ], [ 1106691.67214116640389, 1811807.61345501919277 ], [ 1108108.195331520168111, 1814050.26249266276136 ], [ 1112065.122901044320315, 1816686.252357212360948 ], [ 1113508.229468214092776, 1820248.544791869586334 ] ] ] } },
{ "type": "Feature", "properties": { "csa_geoid": "172", "csa_name": "Charlotte-Concord, NC-SC CSA" }, "geometry": { "type": "Polygon", "coordinates": [ [ [ 1415801.115760862827301, 1501318.245682086329907 ], [ 1412382.34736612951383, 1506569.022682113107294 ], [ 1412039.599532458931208, 1509447.764926011906937 ], [ 1409535.843162172939628, 1510966.335137646179646 ], [ 1406177.306767482077703, 1513944.626656903885305 ], [ 1404006.766121770022437, 1514233.574808076955378 ], [ 1401769.128636383684352, 1517304.09693167405203 ], [ 1399461.73886921396479, 1518409.049923181300983 ], [ 1399269.81227198196575, 1522138.601753352908418 ], [ 1397839.994807166513056, 1522967.826798584777862 ], [ 1395403.086585809011012, 1521968.603467460488901 ], [ 1392630.682912637246773, 1522506.773971185088158 ], [ 1391273.151242499239743, 1522019.737785517238081 ], [ 1387369.199835444567725, 1522887.318972558248788 ], [ 1384641.55605437560007, 1526846.177777179982513 ], [ 1378606.377319428604096, 1527837.471326876431704 ], [ 1375835.777769967447966, 1530026.18184038833715 ], [ 1372026.003082985989749, 1530926.418832424562424 ], [ 1369769.664323438191786, 1532457.009262721054256 ], [ 1366285.052042806288227, 1531981.967653322499245 ], [ 1365627.322284754365683, 1532931.568848880240694 ], [ 1362942.052014399087057, 1532168.095125807449222 ], [ 1360673.3037081847433, 1554295.857965438626707 ], [ 1343989.648947235895321, 1552107.849105969071388 ], [ 1335641.315766622778028, 1551123.335862375097349 ], [ 1329531.301328906556591, 1548141.161335770506412 ], [ 1328901.243777827359736, 1546963.171266719698906 ], [ 1325380.52586717531085, 1546020.831991886021569 ], [ 1324653.14273398462683, 1546736.560712376609445 ], [ 1321767.95531724113971, 1546385.418506942689419 ], [ 1319378.624608214013278, 1544789.675354825565591 ], [ 1316840.50172872771509, 1545637.030285757267848 ], [ 1314751.21358643239364, 1544565.9636519853957 ], [ 1310409.722925598034635, 1543305.550874352222309 ], [ 1308334.771751289255917, 1540969.918091739527881 ], [ 1305615.379198846174404, 1539339.115180149907246 ], [ 1303822.505932047963142, 1542031.993974018841982 ], [ 1299299.474586376221851, 1544426.392560103675351 ], [ 1296968.789757271995768, 1546644.149301549885422 ], [ 1294387.37478238902986, 1546281.855534191941842 ], [ 1288804.366798925213516, 1548508.920176362618804 ], [ 1287315.376291582360864, 1547934.376221495913342 ], [ 1284389.34244853630662, 1549759.603826185921207 ], [ 1274220.479514128994197, 1548311.869660118361935 ], [ 1272897.160979205509648, 1548588.803267777431756 ], [ 1261115.937752960016951, 1545549.806099161505699 ], [ 1265330.295357065973803, 1544120.930050116730854 ], [ 1266780.284778796834871, 1542002.408784545492381 ], [ 1268453.470296724699438, 1541681.515063219703734 ], [ 1263903.795203254558146, 1529032.594916542991996 ], [ 1260383.856015382567421, 1529978.135037580505013 ], [ 1258108.520033502485603, 1529787.599574943771586 ], [ 1256829.359359957976267, 1531478.632722338894382 ], [ 1255080.440365617163479, 1532007.043081510346383 ], [ 1250461.295047110179439, 1524737.234660366782919 ], [ 1251452.364041386405006, 1523171.406916746636853 ], [ 1249264.32188971969299, 1521066.122074149781838 ], [ 1249875.742379081668332, 1518227.147374326596037 ], [ 1248543.245381553890184, 1516782.798718718579039 ], [ 1246123.260096553945914, 1517655.196103199617937 ], [ 1245767.51970011391677, 1515628.970207860460505 ], [ 1244389.801661342382431, 1513812.368501618504524 ], [ 1239886.882492312463, 1511958.674518082756549 ], [ 1237566.353578057605773, 1509637.898895490914583 ], [ 1234816.450821867911145, 1505149.39023602148518 ], [ 1235823.777569216908887, 1504221.046952553559095 ], [ 1233392.426543400390074, 1498827.21213357988745 ], [ 1229418.196791441645473, 1495682.663652620511129 ], [ 1228348.589041479630396, 1494043.330218807561323 ], [ 1226651.242885922314599, 1494373.538683448918164 ], [ 1225250.965740607120097, 1491841.54914249968715 ], [ 1226793.460997506044805, 1490185.899626403581351 ], [ 1226474.616091613890603, 1488536.285791950300336 ], [ 1229018.574204692849889, 1484880.457313614198938 ], [ 1227084.718882581684738, 1481639.905395368346944 ], [ 1231126.552585515892133, 1478678.191988502861932 ], [ 1234017.007464200491086, 1478330.294099031947553 ], [ 1238957.056371811078861, 1476187.352687518112361 ], [ 1240762.950070192106068, 1475342.46006254828535 ], [ 1246552.588736203266308, 1477936.670384926488623 ], [ 1250367.994074350222945, 1478421.463796130381525 ], [ 1253353.889994377503172, 1481026.090527315391228 ], [ 1256900.207053316757083, 1478632.657101158285514 ], [ 1262208.890364728635177, 1481224.72894272650592 ], [ 1267739.094411802012473, 1482091.923730227164924 ], [ 1268483.442029108293355, 1485787.113315539900213 ], [ 1271011.716200825991109, 1486852.245937341358513 ], [ 1271210.197324447100982, 1488384.522711123107001 ], [ 1273159.113263235427439, 1488644.876153593650088 ], [ 1274480.350399123970419, 1491181.541338431416079 ], [ 1277417.361934319138527, 1490801.412600558949634 ], [ 1279263.220915599260479, 1488239.766511211404577 ], [ 1280496.517902583116665, 1488293.960983173688874 ], [ 1281417.079201783286408, 1481128.324757975991815 ], [ 1283268.328801272902638, 1463497.202879004878923 ], [ 1280468.23492175526917, 1447831.608027955750003 ], [ 1280409.176811411278322, 1443040.175101798959076 ], [ 1316515.988834083545953, 1446811.67252958775498 ], [ 1313789.222915210062638, 1443217.896941523533314 ], [ 1314764.009477902203798, 1433199.861781547078863 ], [ 1309152.675192386610433, 1432447.48988794721663 ], [ 1307935.245049987919629, 1430149.808574703522027 ], [ 1309864.383011681493372, 1425185.191551005002111 ], [ 1309001.262163851410151, 1421002.94330165348947 ], [ 1310881.211173915304244, 1419967.404374742181972 ], [ 1311542.128811353584751, 1417762.730190341128036 ], [ 1311164.976045502349734, 1415566.949000559514388 ], [ 1312328.984649994410574, 1412654.094834493240342 ], [ 1314213.153658849885687, 1410388.865183760179207 ], [ 1313714.686941699357703, 1408578.712684862082824 ], [ 1311868.896205115830526, 1406846.030890718800947 ], [ 1314509.381761217489839, 1404911.100026133703068 ], [ 1315677.665433404035866, 1400945.529228738509119 ], [ 1313333.37243738071993, 1398716.23297848040238 ], [ 1313957.353099073516205, 1396488.988426768919453 ], [ 1316265.948272323235869, 1396510.950960725313053 ], [ 1317040.857801588485017, 1391454.966261917259544 ], [ 1318510.219392418861389, 1389252.988872806308791 ], [ 1321192.885530098807067, 1387388.521930621936917 ], [ 1321642.520951183512807, 1380490.310408916324377 ], [ 1337757.013506202027202, 1382061.815717220306396 ], [ 1354587.931260912446305, 1383523.019701493671164 ], [ 1359631.294847026700154, 1383734.366796988062561 ], [ 1371165.220417227828875, 1385024.004740139702335 ], [ 1371556.789864115649834, 1380212.969818341545761 ], [ 1370314.111334065208212, 1379057.611099266912788 ], [ 1372531.211730477632955, 1375574.0669595093932 ], [ 1383291.430223565781489, 1386612.529611834790558 ], [ 1383901.700371613493189, 1384895.039500088430941 ], [ 1383960.177350051701069, 1381199.124801682773978 ], [ 1385086.241198639152572, 1380265.69122660998255 ], [ 1386904.418739346554503, 1381233.281806469894946 ], [ 1386985.389318555593491, 1383268.83739926549606 ], [ 1388610.213168599642813, 1384689.326198110822588 ], [ 1390179.249198656063527, 1382428.39108734508045 ], [ 1392026.764742487808689, 1381085.852296462515369 ], [ 1395670.580286767566577, 1384096.51700155925937 ], [ 1397237.171111457049847, 1384601.260930830379948 ], [ 1399230.982069842284545, 1383486.29767930181697 ], [ 1401610.692860640585423, 1384312.45560024259612 ], [ 1403453.637501371093094, 1386859.817160692997277 ], [ 1401294.141374020837247, 1389267.676575288409367 ], [ 1400245.136194794205949, 1391647.472179892938584 ], [ 1412025.471669832244515, 1399799.7493273220025 ], [ 1409134.408804093487561, 1402417.439517092891037 ], [ 1409100.275725623359904, 1404446.189791448647156 ], [ 1406188.804228096734732, 1405888.330391529947519 ], [ 1404492.488989287056029, 1408131.978782891761512 ], [ 1403155.458305823616683, 1408674.93663094076328 ], [ 1402400.405327190645039, 1410713.376305501675233 ], [ 1399727.646232119761407, 1414112.013983112061396 ], [ 1395172.904752820031717, 1418193.218626910587773 ], [ 1394594.547773946309462, 1419908.333637577714399 ], [ 1424016.099990461487323, 1424266.529223066754639 ], [ 1451561.899082020623609, 1428200.620018160901964 ], [ 1452550.711173204472288, 1429773.479108807630837 ], [ 1453057.809881787514314, 1434346.345329330069944 ], [ 1454652.371008401503786, 1435566.631936445133761 ], [ 1456701.091937680961564, 1439502.074495926499367 ], [ 1456538.102845769375563, 1440948.144793633371592 ], [ 1453774.125664117513224, 1444902.121704947436228 ], [ 1454046.206917177187279, 1447922.682242335285991 ], [ 1450359.26364953815937, 1450367.939575084485114 ], [ 1451412.123072662623599, 1455458.287140438333154 ], [ 1448426.737279204186052, 1457073.259973307838663 ], [ 1447585.905536021804437, 1459895.27929288870655 ], [ 1446051.927350558107719, 1462317.670899670105428 ], [ 1444019.012628425844014, 1462329.757061190903187 ], [ 1441600.599806297104806, 1460087.44210768234916 ], [ 1440466.771368446061388, 1457978.704759539104998 ], [ 1437711.518072163686156, 1458016.14983518072404 ], [ 1433644.006087370915338, 1459617.44621864752844 ], [ 1432046.258279281202704, 1463075.579660132294521 ], [ 1433303.095793704967946, 1465666.459762353915721 ], [ 1433239.553284208057448, 1467554.863167530158535 ], [ 1431137.419970280490816, 1471460.549145010299981 ], [ 1428938.74284595483914, 1473094.731740707997233 ], [ 1427924.15783056220971, 1475100.669032939709723 ], [ 1427741.9076916242484, 1479047.632244496839121 ], [ 1428132.654609380755574, 1482659.37912289169617 ], [ 1429860.765558920800686, 1488755.625072162831202 ], [ 1428672.243719698861241, 1490092.423495607683435 ], [ 1425583.920704078860581, 1491374.571650963276625 ], [ 1425650.637168352492154, 1492920.80486841709353 ], [ 1423639.260994035750628, 1495692.107005649711937 ], [ 1423201.54136524675414, 1497490.450683522503823 ], [ 1420123.171674216398969, 1498742.644783582771197 ], [ 1418185.13067033351399, 1498433.764547938480973 ], [ 1415801.115760862827301, 1501318.245682086329907 ] ] ] } },
{ "type": "Feature", "properties": { "csa_geoid": "174", "csa_name": "Chattanooga-Cleveland-Dalton, TN-GA-AL CSA" }, "geometry": { "type": "Polygon", "coordinates": [ [ [ 895413.482168135116808, 1321080.224221903597936 ], [ 900374.513875545701012, 1319226.852179548004642 ], [ 900328.923708362621255, 1317496.532436964800581 ], [ 903027.427172210416757, 1314349.560903977137059 ], [ 904250.87531285523437, 1315458.453965263208374 ], [ 909262.971599510055967, 1316504.695186542812735 ], [ 912791.040973991970532, 1319095.88305090344511 ], [ 914644.646947397384793, 1322171.375715461559594 ], [ 927316.151846469845623, 1334689.133153344504535 ], [ 934226.116029796423391, 1348900.974270242033526 ], [ 937060.794425815576687, 1350415.543143640039489 ], [ 938865.460115890600719, 1355565.786456994712353 ], [ 939114.07600078440737, 1359295.485753572778776 ], [ 942726.068600162980147, 1362898.656742384191602 ], [ 946037.09398788085673, 1350851.186449605273083 ], [ 953125.516593186766841, 1326214.576089474372566 ], [ 960741.009446485433728, 1300309.462090976769105 ], [ 967529.549293871968985, 1301035.569404930109158 ], [ 969060.468190695624799, 1307084.511008423287421 ], [ 971245.684494203189388, 1310864.694778449600562 ], [ 975953.797484262962826, 1313623.801638071425259 ], [ 980862.642733936198056, 1317106.325305084465072 ], [ 981351.563525758800097, 1318743.541967489756644 ], [ 984415.058356006629765, 1319850.688825471093878 ], [ 985539.353330070036463, 1324031.697830817196518 ], [ 986372.28603600198403, 1328929.286877829581499 ], [ 987995.299193213577382, 1333156.699338881997392 ], [ 989055.900339866406284, 1337398.600435614818707 ], [ 993331.19532760954462, 1337858.187377674039453 ], [ 993869.530493769212626, 1341162.770250026602298 ], [ 1010727.41556387161836, 1343105.292249137535691 ], [ 1010831.45312532922253, 1342311.012999025406316 ], [ 1018436.97064834437333, 1343178.790675760479644 ], [ 1021396.560000383993611, 1345277.811155260307714 ], [ 1024215.646899429615587, 1345070.272806372493505 ], [ 1025390.29228432639502, 1342029.175529757980257 ], [ 1027594.422925593215041, 1341455.56559305312112 ], [ 1030075.820696212234907, 1341736.187647147802636 ], [ 1027902.493892047787085, 1357890.162148549687117 ], [ 1029149.388147269608453, 1360818.190827849553898 ], [ 1028671.617700969567522, 1363480.474774795817211 ], [ 1031343.11565731477458, 1365292.339137645438313 ], [ 1033374.790643428568728, 1369329.349151526810601 ], [ 1029287.000105026178062, 1372503.112636442761868 ], [ 1027648.025058018392883, 1387089.776373965898529 ], [ 1054571.925879785092548, 1390380.891424432164058 ], [ 1054273.907050834968686, 1405372.033227155916393 ], [ 1054225.395329195074737, 1414948.93236983125098 ], [ 1048068.281462110811844, 1417231.706502643646672 ], [ 1034952.82332002162002, 1421466.41241087182425 ], [ 1038265.410528186359443, 1425653.343422366073355 ], [ 1041948.009075269219466, 1427405.706100213807076 ], [ 1041140.906999900355004, 1434952.617393737193197 ], [ 1039564.970007810858078, 1435153.817589118378237 ], [ 1038369.375537517014891, 1437364.316856793593615 ], [ 1038248.10922441596631, 1439927.079706919379532 ], [ 1030716.606622517574579, 1453155.1119598695077 ], [ 1028472.278992785257287, 1454580.30449705501087 ], [ 1028173.009623733232729, 1456985.08953968482092 ], [ 1028056.8178598692175, 1458193.64375242148526 ], [ 1027671.912886363570578, 1458774.055415286915377 ], [ 1025502.382671062019654, 1460444.07404674962163 ], [ 1023890.108550754375756, 1459337.048518885625526 ], [ 1022175.328479968360625, 1460391.074159066891298 ], [ 1019018.300316113629378, 1460036.206089063547552 ], [ 1018054.767194160842337, 1461904.653850706061348 ], [ 1017838.394322096020915, 1467463.304522869642824 ], [ 1015707.086793590802699, 1468635.109878890914842 ], [ 1012998.013100647600368, 1467528.105407903669402 ], [ 1011225.647884526173584, 1468153.203893395140767 ], [ 1010727.2739084957866, 1469997.992065801052377 ], [ 1008316.205077121965587, 1470959.789305362617597 ], [ 1009752.234590685227886, 1467988.959300321293995 ], [ 1009208.7609958689427, 1463937.361751936376095 ], [ 1005234.124928717152216, 1464635.396355714881793 ], [ 1004199.855670119635761, 1461564.688557303976268 ], [ 1004898.662461464409716, 1458343.67860093107447 ], [ 1004414.62535464076791, 1456353.087898629484698 ], [ 1005357.568637401214801, 1454862.626327601959929 ], [ 1005192.747989755822346, 1452764.05831961450167 ], [ 1002900.000442617805675, 1451102.096999167231843 ], [ 1004673.357729930430651, 1448277.661632945528254 ], [ 1002885.70235752640292, 1446921.150297681801021 ], [ 999168.357637953595258, 1447465.227922890800983 ], [ 997221.131552858394571, 1445872.112095217686146 ], [ 997629.79991687880829, 1444011.939237779006362 ], [ 999584.856158910435624, 1442381.134463693713769 ], [ 999023.573268359992653, 1440358.15858364966698 ], [ 996574.427254492416978, 1439142.034146482823417 ], [ 996191.534506492433138, 1435997.885576198576018 ], [ 994639.659558310057037, 1433776.174130923813209 ], [ 992625.186560602043755, 1433799.637843802804127 ], [ 990209.882011594017968, 1436560.887720371596515 ], [ 988798.959551460575312, 1435843.858273503370583 ], [ 989573.032093876856379, 1433398.485159226227552 ], [ 986689.595094136428088, 1429663.593031502561644 ], [ 981843.896277160383761, 1432186.928176518762484 ], [ 978875.621388795203529, 1431043.358404350699857 ], [ 977780.090016782633029, 1433856.148640199098736 ], [ 975238.188014124054462, 1433650.266482565551996 ], [ 974406.147088429774158, 1432358.042751958593726 ], [ 972534.249348068377003, 1433272.472717904485762 ], [ 970722.313376176636666, 1427193.46934210928157 ], [ 968670.235246473224834, 1421415.024568946799263 ], [ 959960.432265232782811, 1427515.99755465448834 ], [ 951066.710549304028973, 1434972.325999124208465 ], [ 949174.743887373944744, 1438653.283625055104494 ], [ 947508.359593217610382, 1440192.406972788507119 ], [ 948299.707863235031255, 1443126.734247698215768 ], [ 945761.426939447410405, 1441796.838910453952849 ], [ 945335.336297046625987, 1440478.84269333886914 ], [ 942119.519847157993354, 1440207.822857226245105 ], [ 936780.35558912914712, 1437968.068467801436782 ], [ 932347.731198866153136, 1437330.876757110003382 ], [ 938846.424193250364624, 1433432.395882943179458 ], [ 939107.958949275431223, 1430164.770154275698587 ], [ 939969.338332806597464, 1426891.56742680631578 ], [ 942315.641814128379337, 1424461.818951662397012 ], [ 944378.730129504809156, 1423730.161837882362306 ], [ 943502.248283871565945, 1418947.546717061894014 ], [ 940491.635389648843557, 1416809.928576972568408 ], [ 939179.078714612405747, 1414102.007504190085456 ], [ 932836.010177469230257, 1411715.260719673708081 ], [ 930787.805048792040907, 1411699.577660436509177 ], [ 927627.817410156247206, 1409428.832737926160917 ], [ 926157.040151001419872, 1409361.469026217702776 ], [ 928182.386514609213918, 1403953.759950719540939 ], [ 924297.053533315192908, 1400834.324332745047286 ], [ 921260.537955245235935, 1400893.086147860623896 ], [ 916587.849806401180103, 1403033.528461799956858 ], [ 914564.972327677183785, 1402690.689166300464422 ], [ 912334.889163362444378, 1400489.698838525917381 ], [ 912897.779132264782675, 1400258.768522788304836 ], [ 914978.958520075422712, 1382310.342786622932181 ], [ 914221.767353125382215, 1382297.732430027797818 ], [ 915069.497308264952153, 1374309.027874204795808 ], [ 875578.953293802216649, 1370476.553168805781752 ], [ 876342.869732192019001, 1368412.781324686249718 ], [ 880622.841587937553413, 1365858.809748687781394 ], [ 877101.578163277939893, 1365205.121109954314306 ], [ 875322.846706851269118, 1363109.720687204739079 ], [ 875911.700067956349812, 1360505.087264930829406 ], [ 874201.944277476519346, 1359489.993240748066455 ], [ 873878.002713706344366, 1355299.854678998934105 ], [ 876019.909209850127809, 1352553.811310485703871 ], [ 874648.029797198716551, 1350809.760429894784465 ], [ 875718.814182544359937, 1343738.488874136004597 ], [ 874261.283496056916192, 1341547.463332504499704 ], [ 875338.979841338237748, 1330141.999615426873788 ], [ 878601.790962758124806, 1327886.4592351897154 ], [ 878614.723590377136134, 1326781.223892196314409 ], [ 894777.784269474563189, 1328371.549181513488293 ], [ 895413.482168135116808, 1321080.224221903597936 ] ] ] } },
{ "type": "Feature", "properties": { "csa_geoid": "176", "csa_name": "Chicago-Naperville, IL-IN-WI CSA" }, "geometry": { "type": "Polygon", "coordinates": [ [ [ 666835.23836919432506, 2214359.229513941798359 ], [ 654839.662740389467217, 2213519.96334378188476 ], [ 635766.796416128869168, 2211940.833369405008852 ], [ 636312.199693192960694, 2205452.770339640323073 ], [ 626750.379904785077088, 2204599.303492000792176 ], [ 627897.082823539618403, 2191677.86058644624427 ], [ 600701.027713272487745, 2189549.241622682195157 ], [ 595112.992964312317781, 2188954.175797941628844 ], [ 596681.104743000352755, 2170493.527516949456185 ], [ 598178.193406781414524, 2151054.149816502816975 ], [ 579023.008316215244122, 2149468.20517507661134 ], [ 579549.651024300721474, 2139719.434874958824366 ], [ 581059.312904767575674, 2120392.149323983583599 ], [ 582406.564422275056131, 2101904.308458314277232 ], [ 583461.149556180695072, 2091012.81550058699213 ], [ 574126.784688188461587, 2090142.666840196354315 ], [ 564613.44779196602758, 2089670.820497982436791 ], [ 565010.718002580688335, 2084833.50667324475944 ], [ 545671.98351347562857, 2083423.773205952951685 ], [ 507574.392549452779349, 2080763.634763762354851 ], [ 508460.293646197707858, 2073459.898718857904896 ], [ 510023.795775135571603, 2050204.859805529238656 ], [ 510492.372204832208809, 2041747.186805527191609 ], [ 528663.682677056174725, 2042875.105397504754364 ], [ 529316.864136679912917, 2033345.739439982920885 ], [ 555013.414848749525845, 2035041.524019117699936 ], [ 554853.745972061762586, 2032307.650170011911541 ], [ 552935.289350467501208, 2029948.094056570436805 ], [ 578777.948679208871908, 2031904.782719420967624 ], [ 580216.29734083393123, 2011909.228695735568181 ], [ 589890.347568889497779, 2012847.726184089900926 ], [ 588450.194185661850497, 2032744.696395254461095 ], [ 626628.174771931488067, 2036021.88101604487747 ], [ 644807.679376262007281, 2038081.405070294393227 ], [ 646248.277178400545381, 2024756.514188027940691 ], [ 655813.242885676329024, 2025905.834491109242663 ], [ 706035.747735523618758, 2031646.36157833202742 ], [ 708787.269855222082697, 2001147.52137032430619 ], [ 744459.363943290547468, 2004379.021866385126486 ], [ 743283.88894729106687, 2015637.064485997660086 ], [ 752718.96185549243819, 2016564.284203564515337 ], [ 751848.270605405210517, 2024834.55633841897361 ], [ 756559.671483974787407, 2025311.238688746001571 ], [ 753205.347656812984496, 2061205.914875956019387 ], [ 753856.700657916720957, 2062463.898383382475004 ], [ 757808.743946599890478, 2065039.562084656907246 ], [ 762313.86267472570762, 2066481.40806039236486 ], [ 764763.690391905722208, 2068064.971805104753003 ], [ 767965.278504822053947, 2072453.624899450689554 ], [ 768884.312687588040717, 2076890.575761428102851 ], [ 770387.903582334634848, 2081794.473143387120217 ], [ 772646.350283636595123, 2083268.251998195890337 ], [ 774800.71482667454984, 2085602.352372079156339 ], [ 784522.26057080924511, 2086596.5605535923969 ], [ 783536.463270213105716, 2096260.350450800731778 ], [ 785295.880637993454002, 2096420.692185431485996 ], [ 785281.227198310778476, 2101092.654915613122284 ], [ 786141.172653368441388, 2102243.245449363719672 ], [ 785166.77481871843338, 2111006.054619349073619 ], [ 781936.485208580968902, 2110807.703429648187011 ], [ 780924.454527347581461, 2122966.189508245326579 ], [ 756220.608643429470249, 2120622.361487366259098 ], [ 749649.632712234510109, 2116245.321330557111651 ], [ 748682.281133600044996, 2114554.650992424227297 ], [ 740437.400028475443833, 2109490.881299955770373 ], [ 734821.470923332148232, 2106388.24891188275069 ], [ 730066.772095715510659, 2104799.024037042632699 ], [ 729802.096428685705177, 2104077.83219039067626 ], [ 725093.693106831866316, 2102399.587105978745967 ], [ 719521.278767485404387, 2101490.871180407702923 ], [ 712830.001860156771727, 2101911.708794599398971 ], [ 709176.843159794341773, 2103114.334162884857506 ], [ 708225.701348292757757, 2104805.89788751071319 ], [ 709104.82585388678126, 2107217.493882542010397 ], [ 707610.893840702832676, 2108183.654034706763923 ], [ 703526.930945293162949, 2106147.999273084569722 ], [ 699985.338008973398246, 2108783.161041839979589 ], [ 698294.494586693122983, 2113861.656548047903925 ], [ 694547.169136424432509, 2117040.961910503916442 ], [ 693532.81469209282659, 2119761.430850588716567 ], [ 690889.304306724574417, 2124117.603878343477845 ], [ 690097.138351369998418, 2126709.444957472383976 ], [ 690015.672731578699313, 2129477.421225282363594 ], [ 689221.765002477914095, 2130348.17250829609111 ], [ 687256.691454201005399, 2137383.048257926478982 ], [ 685820.326856621424668, 2139813.737847879063338 ], [ 684198.670547128538601, 2144181.341611342504621 ], [ 683709.717585431993939, 2147416.278430280275643 ], [ 682647.366943288827315, 2149276.177409037016332 ], [ 680115.020723573165014, 2151254.917801174335182 ], [ 677804.885633571306244, 2153914.285150864627212 ], [ 671572.012594696483575, 2163447.386957426555455 ], [ 668812.284793726634234, 2169873.258930352982134 ], [ 668002.845154968206771, 2173350.223491056356579 ], [ 668213.860378822078928, 2179425.211874098051339 ], [ 669717.39130967669189, 2183481.736689464654773 ], [ 669217.325203457614407, 2188010.434155266731977 ], [ 669357.351662100874819, 2192567.645324348006397 ], [ 667768.929681877605617, 2197910.966893184930086 ], [ 667028.457631272729486, 2204453.926031494978815 ], [ 666326.629244615556672, 2207441.741499630734324 ], [ 666232.217273080837913, 2210668.214626985602081 ], [ 666835.23836919432506, 2214359.229513941798359 ] ] ] } },
{ "type": "Feature", "properties": { "csa_geoid": "178", "csa_name": "Cincinnati-Wilmington, OH-KY-IN CSA" }, "geometry": { "type": "Polygon", "coordinates": [ [ [ 909684.608740238007158, 1885078.312815697165206 ], [ 910639.216039723600261, 1877043.173750935122371 ], [ 913056.970470702042803, 1856452.638075001072139 ], [ 919228.224787196028046, 1861685.70453215809539 ], [ 932176.068482099566609, 1863351.532151974970475 ], [ 930992.22639572119806, 1817311.193384553538635 ], [ 948875.582460339181125, 1819134.295232334872708 ], [ 953982.044458163203672, 1819812.139353454113007 ], [ 960172.469619226409122, 1819345.085213583894074 ], [ 961470.34614047803916, 1818499.967734428821132 ], [ 961544.618127155583352, 1816488.981402823934332 ], [ 958431.446365043637343, 1812317.875848384806886 ], [ 960494.031622348004021, 1808287.885565058328211 ], [ 958361.589355979231186, 1807148.845466138096526 ], [ 954003.956125354976393, 1807749.722353067016229 ], [ 950323.919570727623068, 1805370.820601054467261 ], [ 945271.424055807641707, 1804896.226843652082607 ], [ 942827.283086300827563, 1802670.278223226079717 ], [ 949057.603018239606172, 1794171.329710120335221 ], [ 951693.200102166621946, 1792509.329880180768669 ], [ 954077.914500517654233, 1793605.00539464619942 ], [ 956680.261311714421026, 1796216.889551287982613 ], [ 958925.981259869644418, 1797273.5589498213958 ], [ 959950.175802687183022, 1799049.334792080102488 ], [ 963657.640207140007988, 1800501.310839926358312 ], [ 965983.91296633402817, 1789279.53718657954596 ], [ 975411.0538948206231, 1783238.280450385762379 ], [ 980416.887149550602771, 1775938.079630883643404 ], [ 984535.253853588947095, 1775069.065652494784445 ], [ 986255.074965739040636, 1777521.214669693494216 ], [ 989133.596551288384944, 1779606.77806526562199 ], [ 992225.589649837580509, 1780011.23465210897848 ], [ 992533.674330155248754, 1783907.189730454236269 ], [ 994720.748211550759152, 1782853.067387463292107 ], [ 996738.682216596789658, 1783989.224819462979212 ], [ 997707.440309980185702, 1787016.101621781010181 ], [ 998801.205069098621607, 1786692.512790073407814 ], [ 1015206.703674644348212, 1791143.048793995985761 ], [ 1015127.577888934407383, 1787611.8050359536428 ], [ 1018783.44003480381798, 1788967.42629185388796 ], [ 1020706.643062465824187, 1788189.422238362487406 ], [ 1023145.146545027964748, 1790901.209962714230642 ], [ 1024829.571475142030977, 1793863.243359015090391 ], [ 1028197.296746479580179, 1795096.228636835701764 ], [ 1030761.647518977406435, 1793339.992530880030245 ], [ 1033074.649285361752845, 1793558.694437508238479 ], [ 1034974.236727141775191, 1801760.006057045888156 ], [ 1038365.208927367581055, 1815095.958808295894414 ], [ 1042359.873197112814523, 1814324.553992691682652 ], [ 1044432.66831486125011, 1810649.182970215566456 ], [ 1046210.329591901157983, 1809483.842100264970213 ], [ 1049677.09949070122093, 1808356.492943093180656 ], [ 1051195.553903200896457, 1804315.645578664029017 ], [ 1057176.021321179578081, 1803013.174522448796779 ], [ 1056732.44781372975558, 1807986.428174382075667 ], [ 1054418.533102672314271, 1845681.56248067971319 ], [ 1037460.713041952578351, 1843586.35158803849481 ], [ 1036598.143258705385961, 1852835.921765204751864 ], [ 1034790.811295817256905, 1868784.704545654822141 ], [ 1037466.465968379983678, 1868945.829538911115378 ], [ 1037662.840834670350887, 1866438.623957788106054 ], [ 1039982.197964153834619, 1866893.3052849592641 ], [ 1041427.239069170784205, 1871397.339795496314764 ], [ 1056175.901796959573403, 1886412.247818962903693 ], [ 1054988.410787865752354, 1904998.431276319082826 ], [ 1046976.047336914343759, 1904594.0219579807017 ], [ 1030894.3692847735947, 1903804.276348253712058 ], [ 994442.593547551543452, 1902352.099195664515719 ], [ 978075.223284305189736, 1900507.406350730685517 ], [ 978400.716232605045661, 1898036.962542155990377 ], [ 954411.55662635480985, 1894904.022524832515046 ], [ 950013.604884030413814, 1894507.795893128030002 ], [ 950579.874173264950514, 1889410.658229366410524 ], [ 931849.927468751557171, 1887699.087515404447913 ], [ 924315.541293895221315, 1886902.874052999308333 ], [ 909684.608740238007158, 1885078.312815697165206 ] ] ] } },
{ "type": "Feature", "properties": { "csa_geoid": "184", "csa_name": "Cleveland-Akron-Canton, OH CSA" }, "geometry": { "type": "MultiPolygon", "coordinates": [ [ [ [ 1268319.686955139040947, 2211889.425450510811061 ], [ 1259893.537948062410578, 2206706.59251067135483 ], [ 1258049.722528039710596, 2206058.482491369824857 ], [ 1253722.415582540212199, 2203238.049497274216264 ], [ 1248942.165186775382608, 2200916.486418696120381 ], [ 1246680.053712244844064, 2200710.570032244548202 ], [ 1244961.3875687494874, 2198591.209754750132561 ], [ 1239281.548103102482855, 2194867.170463659334928 ], [ 1231193.282372496090829, 2191793.898551634978503 ], [ 1221732.354639562778175, 2185566.264494879171252 ], [ 1214752.494664596859366, 2179618.808343722019345 ], [ 1211711.65543707809411, 2177995.396944253239781 ], [ 1209753.225598106626421, 2177861.623601828701794 ], [ 1202321.67213612771593, 2170776.632781257387251 ], [ 1198515.345655435696244, 2166320.295290423091501 ], [ 1195609.446038335794583, 2161308.123684873338789 ], [ 1192373.369112569605932, 2158666.108601084444672 ], [ 1187547.017223829170689, 2151899.645011389628053 ], [ 1185571.373386547202244, 2149721.996712354943156 ], [ 1180966.008411034476012, 2146089.610522275790572 ], [ 1179585.706670803716406, 2143953.401773679070175 ], [ 1176908.223302446072921, 2141962.994343828875571 ], [ 1173712.119091962696984, 2142448.259034562855959 ], [ 1171238.953222434502095, 2142032.400936607271433 ], [ 1167239.872021083487198, 2140004.475575115066022 ], [ 1160456.417904539266601, 2140084.171546826139092 ], [ 1155933.901041103992611, 2141918.290758734103292 ], [ 1154507.494222932495177, 2141819.488509047776461 ], [ 1146166.692214907845482, 2137534.587576998863369 ], [ 1141665.210700904019177, 2134950.338948813267052 ], [ 1135963.099067830480635, 2129908.173392788041383 ], [ 1133026.996742190560326, 2128817.152508506551385 ], [ 1127147.027761283796281, 2127802.337315699085593 ], [ 1122059.55008252360858, 2123661.181973780039698 ], [ 1118207.44434925634414, 2121352.96922101592645 ], [ 1115634.398079685634002, 2121175.076975092291832 ], [ 1107767.700788194313645, 2124183.048271944280714 ], [ 1100275.516392366494983, 2129661.777406509034336 ], [ 1096640.365424515679479, 2126056.929686289746314 ], [ 1093778.405283016385511, 2125175.340737769845873 ], [ 1089600.143817844102159, 2127308.495741621125489 ], [ 1087849.225262441905215, 2124807.233723408542573 ], [ 1082941.858939654892311, 2122075.350568945053965 ], [ 1081144.088751002214849, 2120324.646127470768988 ], [ 1078421.633824793389067, 2120746.268680213019252 ], [ 1076386.817413752898574, 2123643.420490860939026 ], [ 1074454.939217306906357, 2121526.791724227834493 ], [ 1072580.519943713443354, 2122414.689358971081674 ], [ 1071103.91048431629315, 2124170.405223761685193 ], [ 1073475.221996471751481, 2125020.321479754056782 ], [ 1076331.199759853072464, 2125176.552640892099589 ], [ 1077269.097275506006554, 2127713.729324989020824 ], [ 1083540.867705393815413, 2128608.920856594108045 ], [ 1086511.616296737222001, 2130525.122743234969676 ], [ 1088581.091120127821341, 2129621.265469594858587 ], [ 1089575.800035657128319, 2131458.033541228156537 ], [ 1092985.499245911138132, 2131516.518419646658003 ], [ 1096036.48865795484744, 2132976.238842113409191 ], [ 1096936.530271222582087, 2134899.339837329462171 ], [ 1096074.326491731917486, 2136398.870711295865476 ], [ 1093538.888562853680924, 2136497.887812348548323 ], [ 1090731.224953267257661, 2135474.256094393320382 ], [ 1086052.082760666962713, 2140054.206004475709051 ], [ 1084543.333338995929807, 2139428.844144231639802 ], [ 1084754.353419466875494, 2135368.028141415677965 ], [ 1082576.400917694205418, 2132204.884519293904305 ], [ 1079581.509031692985445, 2130937.582275562919676 ], [ 1075881.377923922613263, 2131515.017944395542145 ], [ 1069644.081252389354631, 2134984.247976880986243 ], [ 1066068.068230073899031, 2138825.963500773534179 ], [ 1063559.407225014874712, 2139876.183771366253495 ], [ 1057982.77076690364629, 2140290.906089550815523 ], [ 1037847.237413640366867, 2137111.084720370359719 ], [ 1039497.584538953611627, 2125576.590266543906182 ], [ 1040712.267202661256306, 2115917.960088628344238 ], [ 1042921.269389166613109, 2096559.638255361933261 ], [ 1050875.885934118181467, 2097723.023933446966112 ], [ 1059695.629471659194678, 2098726.676340822596103 ], [ 1066635.979310994502157, 2100024.29569415608421 ], [ 1090662.861316141206771, 2103215.663934912066907 ], [ 1095535.185745296999812, 2074648.810719007160515 ], [ 1119988.135750211309642, 2077742.100069550331682 ], [ 1128367.26540092821233, 2078882.005658206995577 ], [ 1126877.945707577513531, 2086861.927768300054595 ], [ 1135955.82447326509282, 2088215.76004611630924 ], [ 1148806.035490901907906, 2089835.7709716190584 ], [ 1149812.00158620509319, 2081896.828570635989308 ], [ 1153451.569762385683134, 2082399.865910832770169 ], [ 1155050.600137358298525, 2072346.104426186997443 ], [ 1155528.016358319669962, 2070759.349942634114996 ], [ 1156672.354734463384375, 2061644.647102466784418 ], [ 1158980.022071723127738, 2046600.524673911975697 ], [ 1175121.462648107903078, 2048863.263300149235874 ], [ 1198561.722368251532316, 2052455.639905294403434 ], [ 1199106.231479760492221, 2048771.963440828491002 ], [ 1198095.094809879316017, 2047796.120217004790902 ], [ 1200601.186166555387899, 2027400.652591094374657 ], [ 1181891.914208685979247, 2025057.362355803605169 ], [ 1157602.010057768085971, 2022400.756619959603995 ], [ 1160157.810599846066907, 1998171.102537931641564 ], [ 1161257.282441586488858, 1998281.404814960900694 ], [ 1162064.116247448604554, 1990276.014518489595503 ], [ 1169996.520364219555631, 1990954.13303616642952 ], [ 1201615.923424740787596, 1994576.975095521192998 ], [ 1205436.018854145659134, 1994943.626712969504297 ], [ 1204508.873178026173264, 2002904.352639876306057 ], [ 1232129.422348133055493, 2006199.696890668477863 ], [ 1230864.210567751899362, 2016234.058026638347656 ], [ 1235815.187532942742109, 2016905.788951993919909 ], [ 1234012.957464838633314, 2031369.913339920341969 ], [ 1238803.470746943494305, 2032116.642249261029065 ], [ 1248206.122492862166837, 2033083.769238952314481 ], [ 1261422.03604921605438, 2034704.700212009483948 ], [ 1260796.471718672895804, 2039556.277819697046652 ], [ 1262085.485790802631527, 2039720.181996629107744 ], [ 1260836.206117761787027, 2049541.249115861952305 ], [ 1265607.289756176061928, 2050203.628672322025523 ], [ 1264956.085117262322456, 2055089.814480206929147 ], [ 1264286.232423588866368, 2059879.041206166381016 ], [ 1259525.303764608222991, 2059217.00745398318395 ], [ 1258126.698828372871503, 2068460.850550733972341 ], [ 1244038.374586689751595, 2066318.866736837895587 ], [ 1239564.890493738697842, 2095114.102752660866827 ], [ 1246543.952347099548206, 2096193.484530061949044 ], [ 1240753.246725216507912, 2131789.517568860203028 ], [ 1237388.470872888807207, 2152968.199993070214987 ], [ 1268903.158063938841224, 2157701.173810894601047 ], [ 1277005.714272456010804, 2159133.544357931241393 ], [ 1268319.686955139040947, 2211889.425450510811061 ] ] ], [ [ [ 1093969.708367636194453, 2142760.520530823152512 ], [ 1098172.819897937355563, 2141827.468081345316023 ], [ 1098153.900323428912088, 2144552.752244293689728 ], [ 1094699.771462966920808, 2144632.554295789916068 ], [ 1093969.708367636194453, 2142760.520530823152512 ] ] ] ] } },
{ "type": "Feature", "properties": { "csa_geoid": "190", "csa_name": "Columbia-Jefferson City-Moberly, MO CSA" }, "geometry": { "type": "Polygon", "coordinates": [ [ [ 365570.062010339810513, 1821155.807170266285539 ], [ 349414.157115652400535, 1820353.742088430328295 ], [ 332902.400118045276031, 1819951.933027242310345 ], [ 315013.815277266723569, 1820006.938707813620567 ], [ 314652.330175826791674, 1848897.091448423918337 ], [ 281004.136947291030083, 1848201.663026197580621 ], [ 281208.923263116215821, 1815828.271616298705339 ], [ 274039.675371031335089, 1818046.853125986410305 ], [ 269006.372851741150953, 1802795.301851506344974 ], [ 267377.531926099909469, 1800266.194305689074099 ], [ 264920.416413925704546, 1797847.440170305781066 ], [ 264789.508715567470063, 1795414.816687502898276 ], [ 261912.863347572652856, 1793235.018309577135369 ], [ 261896.222582732356386, 1790726.963246951578185 ], [ 264821.154586321325041, 1789926.293647322570905 ], [ 265000.227809488831554, 1788660.343046494293958 ], [ 262740.803288991039153, 1786382.558006004896015 ], [ 253320.776549701287877, 1775773.247526491060853 ], [ 253283.607795429037651, 1744427.01835329271853 ], [ 262736.80402112059528, 1743934.526248388458043 ], [ 272275.613388613972347, 1744015.931855587521568 ], [ 272425.110189548926428, 1734243.584460087586194 ], [ 291769.496206161333248, 1716289.794455022085458 ], [ 310951.246591959090438, 1716382.71869988925755 ], [ 310881.503619248687755, 1706959.527956731617451 ], [ 320053.588388277625199, 1706781.223881258163601 ], [ 321242.081720083078835, 1707076.258015279890969 ], [ 324652.92634349752916, 1705401.88225864758715 ], [ 326801.553473526029848, 1706947.504224319942296 ], [ 329415.408014420478139, 1707029.715196195058525 ], [ 329505.905173196690157, 1702176.225641423137859 ], [ 346391.726643340254668, 1702428.461445113178343 ], [ 356497.488877137890086, 1703039.25826772255823 ], [ 358285.496672644861974, 1703533.400516702095047 ], [ 365890.241596133448184, 1703692.472948553506285 ], [ 367467.209122648579068, 1703389.828162327408791 ], [ 377213.107230343914125, 1703807.438009301899001 ], [ 376777.739399007696193, 1713750.190857072360814 ], [ 375455.596433223923668, 1750323.295725035248324 ], [ 374872.50180532730883, 1750252.115765621419996 ], [ 374357.579889953776728, 1776700.257603312842548 ], [ 374094.70441143179778, 1800085.08490068023093 ], [ 392988.88649824965978, 1800380.665004926500842 ], [ 389543.672200680535752, 1819982.637537057045847 ], [ 373637.24191792862257, 1819850.989372075535357 ], [ 365601.270241333695594, 1819517.357859062030911 ], [ 365570.062010339810513, 1821155.807170266285539 ] ] ] } },
{ "type": "Feature", "properties": { "csa_geoid": "192", "csa_name": "Columbia-Sumter-Orangeburg, SC CSA" }, "geometry": { "type": "Polygon", "coordinates": [ [ [ 1278951.909967444837093, 1305010.44852891121991 ], [ 1285619.618856697110459, 1307727.043638486880809 ], [ 1289041.58585838903673, 1308068.648611306212842 ], [ 1292621.085965448990464, 1299177.319033643929288 ], [ 1296091.065120712388307, 1296818.253914661007002 ], [ 1297185.962713364511728, 1297071.64713562396355 ], [ 1301898.618812490953133, 1295374.814646614249796 ], [ 1313770.39318547770381, 1293615.162478 ], [ 1320002.535600612871349, 1301665.13358213682659 ], [ 1322115.622252604691312, 1300118.626419860636815 ], [ 1326216.960690803593025, 1295360.145660291658714 ], [ 1331435.519849163945764, 1294370.066376149887219 ], [ 1334058.183691853657365, 1292334.643111091805622 ], [ 1335729.697085730032995, 1288727.112393385265023 ], [ 1337013.73178190831095, 1287706.025985283777118 ], [ 1341153.462929997825995, 1288120.204323866870254 ], [ 1346572.543600088683888, 1286677.655808367300779 ], [ 1349093.746444479096681, 1285328.387880040332675 ], [ 1353403.2717982144095, 1284303.306696791434661 ], [ 1356809.841365987434983, 1282669.753925151890144 ], [ 1358763.057244908297434, 1282307.513941591605544 ], [ 1347078.272875500610098, 1265116.200891144806519 ], [ 1344598.145443047396839, 1261733.750614351127297 ], [ 1347431.935465995687991, 1261086.681112772086635 ], [ 1351631.479863792890683, 1261572.812244482105598 ], [ 1357018.318411643384025, 1258280.110970958601683 ], [ 1360787.192278139060363, 1258249.869467373937368 ], [ 1362739.752470956416801, 1255656.433011732297018 ], [ 1364833.178574821446091, 1255714.530546658905223 ], [ 1368529.529388912953436, 1253999.843321498017758 ], [ 1373815.592948923818767, 1253080.430062900995836 ], [ 1375988.133383595151827, 1251222.142487740609795 ], [ 1380922.253601409494877, 1250014.339731998508796 ], [ 1385099.357367638498545, 1247812.017586859408766 ], [ 1386535.007683464093134, 1247709.571419993648306 ], [ 1392770.275548393372446, 1243420.054919961839914 ], [ 1397143.068530790042132, 1241526.437379496870562 ], [ 1397813.273327121511102, 1238668.062043217243627 ], [ 1400550.616775630973279, 1237215.334977424470708 ], [ 1402109.308952304301783, 1235477.063306296477094 ], [ 1403271.547053513117135, 1236013.322657860815525 ], [ 1426778.878710149787366, 1257225.774521463550627 ], [ 1427810.936531121842563, 1255887.341104299295694 ], [ 1428254.721691448707134, 1253286.743484873790294 ], [ 1429429.058417516760528, 1251499.373623441439122 ], [ 1435083.469550607493147, 1249912.342412146972492 ], [ 1437960.419433603528887, 1251169.509660561801866 ], [ 1440803.029530769912526, 1250949.75895790848881 ], [ 1442244.746175644919276, 1253372.803874311270192 ], [ 1445001.683230596594512, 1252277.54153801035136 ], [ 1446945.085845823399723, 1253409.358201897935942 ], [ 1449961.263348659267649, 1257166.965477190446109 ], [ 1449964.69093990791589, 1261487.583501763409004 ], [ 1450461.188654984347522, 1263159.92868181806989 ], [ 1449848.523684773826972, 1267467.400980193633586 ], [ 1451294.706470400793478, 1267724.887637063395232 ], [ 1450354.586276921909302, 1273503.651815113378689 ], [ 1447817.638473330996931, 1273820.564537308178842 ], [ 1445339.918783549685031, 1273028.411475815111771 ], [ 1441357.687275318196043, 1270579.636156382039189 ], [ 1438549.68091635662131, 1270027.299560195766389 ], [ 1434688.222235988359898, 1271134.527874041115865 ], [ 1430172.296763570979238, 1274022.320788937155157 ], [ 1427894.695041293976828, 1278772.157406691228971 ], [ 1426161.685557429213077, 1280502.525679448619485 ], [ 1421291.68136737938039, 1283509.397865178762004 ], [ 1422067.357567241648212, 1285552.148434081813321 ], [ 1420465.865970900980756, 1285939.014295549364761 ], [ 1419957.813307819422334, 1288024.631479350384325 ], [ 1418041.304899515351281, 1289010.768608659505844 ], [ 1418324.218506099656224, 1290855.843161888886243 ], [ 1421089.212633880786598, 1294752.912515426287428 ], [ 1422079.476260774070397, 1299438.506633087294176 ], [ 1424296.587212024722248, 1299720.14802412991412 ], [ 1424327.156202997080982, 1302443.286155345849693 ], [ 1425980.280760509194806, 1302804.49534798390232 ], [ 1426143.707594552310184, 1299840.320374837843701 ], [ 1429928.758232911815867, 1300881.19322159816511 ], [ 1428508.698062913957983, 1306565.261452752863988 ], [ 1439590.915663229767233, 1310496.36512405029498 ], [ 1440697.762523327488452, 1312701.204347792314366 ], [ 1445494.987701276084408, 1317458.585561892483383 ], [ 1450368.785344070754945, 1321652.868128277827054 ], [ 1451610.132683379109949, 1321951.653943667421117 ], [ 1456826.589685175102204, 1327059.57422401336953 ], [ 1470031.215760212624446, 1338508.762675977079198 ], [ 1467866.986180296400562, 1340307.837139823008329 ], [ 1463117.279309011530131, 1341278.701575812883675 ], [ 1459208.118096835678443, 1343294.345807361183688 ], [ 1457601.656422296306118, 1338717.740202227607369 ], [ 1453671.676622074097395, 1337981.204124527983367 ], [ 1446082.664981931215152, 1330964.502974631497636 ], [ 1444761.584735840093344, 1330141.489645592635497 ], [ 1443065.739757183007896, 1335853.792179074604064 ], [ 1438357.894768036901951, 1333555.64830573508516 ], [ 1435205.953562224283814, 1337956.787108292803168 ], [ 1432787.427932726684958, 1338044.511953012086451 ], [ 1431598.758490951033309, 1340541.358947781147435 ], [ 1429614.501814180286601, 1342152.231492867227644 ], [ 1422023.197261917637661, 1341006.56694587576203 ], [ 1414605.698262769496068, 1343321.92312087258324 ], [ 1413718.616125621367246, 1349528.105210305657238 ], [ 1414913.607724756933749, 1350848.964925402775407 ], [ 1417084.256196651840582, 1356688.976204978069291 ], [ 1416157.980664280708879, 1362160.007215636316687 ], [ 1416809.185149288037792, 1364130.831123902462423 ], [ 1420055.479516577906907, 1366041.304389857221395 ], [ 1422700.051042137667537, 1366269.722786389524117 ], [ 1421070.207119897706434, 1370103.633318079635501 ], [ 1424373.072948769899085, 1371183.920017064316198 ], [ 1427377.911856220802292, 1373940.862605523085222 ], [ 1427080.179614255437627, 1377284.148367313900962 ], [ 1425472.054203154053539, 1377830.74025013577193 ], [ 1423341.573143725516275, 1380321.140336175449193 ], [ 1422010.000779063440859, 1383806.370451630325988 ], [ 1421423.298797766445205, 1388095.677541204029694 ], [ 1418788.895385891664773, 1390227.858937237178907 ], [ 1416504.524410486919805, 1392834.013384231366217 ], [ 1414681.937644772930071, 1397681.058119712863117 ], [ 1412025.471669832244515, 1399799.7493273220025 ], [ 1400245.136194794205949, 1391647.472179892938584 ], [ 1401294.141374020837247, 1389267.676575288409367 ], [ 1403453.637501371093094, 1386859.817160692997277 ], [ 1401610.692860640585423, 1384312.45560024259612 ], [ 1399230.982069842284545, 1383486.29767930181697 ], [ 1397237.171111457049847, 1384601.260930830379948 ], [ 1395670.580286767566577, 1384096.51700155925937 ], [ 1392026.764742487808689, 1381085.852296462515369 ], [ 1390179.249198656063527, 1382428.39108734508045 ], [ 1388610.213168599642813, 1384689.326198110822588 ], [ 1386985.389318555593491, 1383268.83739926549606 ], [ 1386904.418739346554503, 1381233.281806469894946 ], [ 1385086.241198639152572, 1380265.69122660998255 ], [ 1383960.177350051701069, 1381199.124801682773978 ], [ 1383901.700371613493189, 1384895.039500088430941 ], [ 1383291.430223565781489, 1386612.529611834790558 ], [ 1372531.211730477632955, 1375574.0669595093932 ], [ 1370314.111334065208212, 1379057.611099266912788 ], [ 1371556.789864115649834, 1380212.969818341545761 ], [ 1371165.220417227828875, 1385024.004740139702335 ], [ 1359631.294847026700154, 1383734.366796988062561 ], [ 1354587.931260912446305, 1383523.019701493671164 ], [ 1337757.013506202027202, 1382061.815717220306396 ], [ 1321642.520951183512807, 1380490.310408916324377 ], [ 1321933.10665642679669, 1375721.734024950303137 ], [ 1322988.445306318812072, 1372716.174584298860282 ], [ 1319851.47231658315286, 1370590.40450356900692 ], [ 1317465.250101623358205, 1370565.564440956804901 ], [ 1313203.663299833890051, 1364822.531534332316369 ], [ 1312120.722327354829758, 1365468.548499798635021 ], [ 1311543.97975125326775, 1368160.364729943685234 ], [ 1308003.571046881144866, 1369883.85989764938131 ], [ 1304879.240709593752399, 1372624.548422243911773 ], [ 1302825.142178678885102, 1372566.281899721594527 ], [ 1300985.777253495762125, 1369779.165017372695729 ], [ 1298437.527909558499232, 1363813.714572766330093 ], [ 1296716.902300286339596, 1362834.794531038962305 ], [ 1294968.398313601035625, 1359169.764637030195445 ], [ 1294381.201370429014787, 1356702.833513669669628 ], [ 1293114.872014389606193, 1354859.221327071078122 ], [ 1292705.536257286323234, 1352665.2857653175015 ], [ 1290256.074355166871101, 1350314.296553365886211 ], [ 1288180.922355455113575, 1349465.074307630071416 ], [ 1286426.142346050823107, 1346119.96730326092802 ], [ 1284518.868157351389527, 1345429.495341706322506 ], [ 1283601.548453998286277, 1343996.001690806355327 ], [ 1283505.515489738900214, 1339775.34914343431592 ], [ 1282097.676032909192145, 1334640.96157405921258 ], [ 1280716.422903860919178, 1332561.91184196411632 ], [ 1282489.402768861502409, 1332002.07873002672568 ], [ 1285868.003142511704937, 1327053.88569943793118 ], [ 1288672.790318422485143, 1325476.256560566602275 ], [ 1287324.343668830115348, 1323916.116814462235197 ], [ 1286551.102301429957151, 1321207.568456098902971 ], [ 1285212.506893797777593, 1320555.787575367139652 ], [ 1283321.411953892325982, 1314393.28663596091792 ], [ 1280115.368874074425548, 1309335.89660561690107 ], [ 1278951.909967444837093, 1305010.44852891121991 ] ] ] } },
{ "type": "Feature", "properties": { "csa_geoid": "194", "csa_name": "Columbus-Auburn-Opelika, GA-AL CSA" }, "geometry": { "type": "Polygon", "coordinates": [ [ [ 929183.287485120352358, 1124852.093074359931052 ], [ 940983.710665283026174, 1126054.346491735894233 ], [ 940047.434456611634232, 1122940.298751906957477 ], [ 940167.106055075651966, 1120906.897588211111724 ], [ 939079.207844223361462, 1119655.330621594097465 ], [ 938939.464247305179015, 1117232.840985406888649 ], [ 941519.835687988554128, 1114117.041591910179704 ], [ 941414.514895386761054, 1109116.681704885093495 ], [ 942902.648642544052564, 1103095.722657954553142 ], [ 942757.164521, 1099590.856405849801376 ], [ 943267.394115683971904, 1097208.464388351887465 ], [ 945108.877455720794387, 1095866.778725731186569 ], [ 944315.338518256787211, 1092811.692880530608818 ], [ 943268.585293179843575, 1091868.946502120932564 ], [ 939724.647826293949038, 1092158.577156210551038 ], [ 937824.887745118001476, 1090565.675386789487675 ], [ 936773.79758303402923, 1091400.569927335483953 ], [ 932987.336135371588171, 1088659.598748782882467 ], [ 931815.529708938789554, 1087252.49289200711064 ], [ 932938.838969514239579, 1085921.290724432328716 ], [ 932819.985714005189948, 1083831.194838977651671 ], [ 934026.317969412426464, 1082369.104594818083569 ], [ 935708.056075158412568, 1078565.309263672912493 ], [ 938719.311352620599791, 1077528.481078601209447 ], [ 939408.196511360816658, 1075159.255471264012158 ], [ 943000.029686896363273, 1072421.679684472037479 ], [ 944913.019898081198335, 1072693.397799122612923 ], [ 945101.910495328367688, 1075343.916329126339406 ], [ 946657.305133525980636, 1074734.059552838094532 ], [ 947328.007001597201452, 1069767.853663644287735 ], [ 949584.965721489163116, 1068381.860718948766589 ], [ 956667.467793582589366, 1069286.921453994931653 ], [ 973733.587508874246851, 1071132.453187441918999 ], [ 988747.894109064945951, 1072955.671331368386745 ], [ 990406.637541557545774, 1063260.995697013102472 ], [ 1006214.484442223561928, 1065231.877965586958453 ], [ 1006499.686140096397139, 1063918.089083414990455 ], [ 1010317.842685247422196, 1059763.088999330764636 ], [ 1012836.535296801594086, 1058537.440781170967966 ], [ 1014088.184939043247141, 1056422.144598635379225 ], [ 1026117.279532920802012, 1057956.375315540004522 ], [ 1026876.530186658841558, 1052173.191473854705691 ], [ 1025901.215426500421017, 1049945.420617326395586 ], [ 1028544.479204622795805, 1048434.34959800564684 ], [ 1036809.385403976775706, 1049297.120079768355936 ], [ 1035140.205544780357741, 1047365.827564905164763 ], [ 1037084.774714017170481, 1045681.60904833720997 ], [ 1038912.073270352790132, 1045847.570982763194479 ], [ 1040863.465998542029411, 1044149.654679900035262 ], [ 1065360.039430233184248, 1046565.065541611984372 ], [ 1064083.887052086414769, 1058547.695889236172661 ], [ 1064983.965547716943547, 1058700.604446615558118 ], [ 1062756.564914963906631, 1080477.225871839094907 ], [ 1064486.817005691118538, 1081561.115341250086203 ], [ 1066610.582885032286867, 1079319.828106392174959 ], [ 1066964.032131295651197, 1077334.377285459078848 ], [ 1070283.120851552346721, 1077673.004565950483084 ], [ 1070468.600515386089683, 1075780.289283791556954 ], [ 1074262.672118260990828, 1073547.697623967658728 ], [ 1074513.426573588512838, 1071714.548069820040837 ], [ 1083457.9063897265587, 1072748.31730772391893 ], [ 1082294.383520192233846, 1083620.33301433105953 ], [ 1084070.157926879357547, 1083804.666255997493863 ], [ 1083400.1548554408364, 1089629.54124299949035 ], [ 1085088.885507804108784, 1091272.251132388366386 ], [ 1083009.137176980031654, 1106530.230482540326193 ], [ 1081381.76852952549234, 1107297.271766226505861 ], [ 1080875.140276042511687, 1111876.564261679071933 ], [ 1078372.405646726489067, 1112466.160856445552781 ], [ 1077156.259153308346868, 1115158.0021690542344 ], [ 1076445.39248599903658, 1119964.672187792602926 ], [ 1079736.907248941948637, 1120349.53778937109746 ], [ 1079122.908346414333209, 1125732.920777748106048 ], [ 1081896.927984895184636, 1129126.54644951201044 ], [ 1082273.072059605969116, 1133858.281727916095406 ], [ 1084624.32647159602493, 1134111.855421426473185 ], [ 1084143.604065814986825, 1138728.645187366986647 ], [ 1085586.373777658911422, 1138964.259260329650715 ], [ 1088554.909681382821873, 1142306.504788422724232 ], [ 1086834.135484813014045, 1143646.883482549572363 ], [ 1085668.155041926074773, 1142844.677305175224319 ], [ 1083401.676171980332583, 1143367.598710864316672 ], [ 1082244.452100976603106, 1145367.318387879757211 ], [ 1080485.74263145076111, 1144522.235810950165614 ], [ 1078332.617373668588698, 1145466.774036936229095 ], [ 1075479.001012213760987, 1150464.372834807261825 ], [ 1073710.22294789343141, 1150690.170082944445312 ], [ 1071627.078669713111594, 1149470.765708247199655 ], [ 1070388.770095315063372, 1151918.981977467890829 ], [ 1068246.145416642306373, 1152702.82619620510377 ], [ 1069274.256073692580685, 1154463.858217231696472 ], [ 1067118.546071590855718, 1154959.028589098248631 ], [ 1060946.948384729214013, 1149893.010732445167378 ], [ 1048955.965088514378294, 1148391.641635973937809 ], [ 1042430.68503271357622, 1150206.846709350589663 ], [ 1003933.24214159604162, 1146037.053277785656974 ], [ 1004025.058314812951721, 1145013.438729911111295 ], [ 1006987.178105878410861, 1143798.071484930114821 ], [ 1005946.942809081636369, 1141626.78386722272262 ], [ 1006177.284691256354563, 1139677.687828932888806 ], [ 1007881.944102329784073, 1137906.870548642007634 ], [ 1010895.921425335574895, 1135922.612669027410448 ], [ 1009171.560078076203354, 1134301.665818837005645 ], [ 1010048.418137139175087, 1132813.164617279078811 ], [ 996199.013147552032024, 1131076.83170242421329 ], [ 996361.236853225156665, 1129478.521198674337938 ], [ 967854.080139183206484, 1126050.399828175315633 ], [ 963231.982197667239234, 1168067.528670508181676 ], [ 940393.022180793806911, 1165262.812867135275155 ], [ 928075.435244894237258, 1164042.98142864392139 ], [ 928263.432473663822748, 1162404.054690343793482 ], [ 925073.593411910347641, 1162039.155914987903088 ], [ 929183.287485120352358, 1124852.093074359931052 ] ] ] } },
{ "type": "Feature", "properties": { "csa_geoid": "198", "csa_name": "Columbus-Marion-Zanesville, OH CSA" }, "geometry": { "type": "Polygon", "coordinates": [ [ [ 1232129.422348133055493, 2006199.696890668477863 ], [ 1204508.873178026173264, 2002904.352639876306057 ], [ 1205436.018854145659134, 1994943.626712969504297 ], [ 1201615.923424740787596, 1994576.975095521192998 ], [ 1169996.520364219555631, 1990954.13303616642952 ], [ 1162064.116247448604554, 1990276.014518489595503 ], [ 1161257.282441586488858, 1998281.404814960900694 ], [ 1160157.810599846066907, 1998171.102537931641564 ], [ 1157602.010057768085971, 2022400.756619959603995 ], [ 1156184.512615187093616, 2035406.877364853629842 ], [ 1152797.988364708377048, 2034355.220309373224154 ], [ 1140228.200065199052915, 2030570.261841216823086 ], [ 1119569.123905756510794, 2027503.211126242764294 ], [ 1118100.105341501301154, 2037182.793413495644927 ], [ 1116493.311335271690041, 2036950.446275935973972 ], [ 1115964.03579690377228, 2040176.93973241164349 ], [ 1117530.211754432646558, 2040365.509200413245708 ], [ 1116765.120051371399313, 2045153.361876116367057 ], [ 1097551.572756167966872, 2042795.597088932059705 ], [ 1097657.166173595003784, 2041973.060314605711028 ], [ 1089427.840481400722638, 2040636.30714466702193 ], [ 1076683.45459116762504, 2038844.660067808814347 ], [ 1060643.903004294494167, 2036569.779349884949625 ], [ 1060862.747644609538838, 2034917.420365168014541 ], [ 1051298.310188663192093, 2033655.371423875680193 ], [ 1052786.552803640486673, 2022451.281742501538247 ], [ 1054190.194745087297633, 2014615.091849375981838 ], [ 1054086.411816466599703, 2013455.755457278341055 ], [ 1045643.848598527372815, 2012205.898779423907399 ], [ 1045604.151784408837557, 2012827.28312433231622 ], [ 1015269.198924768366851, 2011394.537047737976536 ], [ 1015169.141305634635501, 2012149.740184942493215 ], [ 1012842.183393760235049, 2011478.597658790415153 ], [ 1005735.597913229605183, 2010548.338686820818111 ], [ 1006479.088015311979689, 2004752.038869715994224 ], [ 1005761.172131586354226, 2004673.420391930034384 ], [ 1008050.65546225279104, 1985746.243419774109498 ], [ 1007682.120958224753849, 1981242.498178108828142 ], [ 1027182.028623818187043, 1982192.274445611052215 ], [ 1027270.412145581445657, 1980559.850713345687836 ], [ 1051882.413517365930602, 1981548.033250475302339 ], [ 1052786.314924476901069, 1968784.224088980816305 ], [ 1053228.58177142823115, 1957467.436945561086759 ], [ 1053529.137891232501715, 1957417.302466510329396 ], [ 1050565.608243288239464, 1929765.07507613231428 ], [ 1045684.45548979321029, 1929602.095705715706572 ], [ 1046976.047336914343759, 1904594.0219579807017 ], [ 1054988.410787865752354, 1904998.431276319082826 ], [ 1056175.901796959573403, 1886412.247818962903693 ], [ 1073901.866665652487427, 1888630.052531618857756 ], [ 1075399.20504611544311, 1877610.579633567249402 ], [ 1074584.019781679846346, 1876178.257347428007051 ], [ 1075840.272611941676587, 1874419.47240325761959 ], [ 1079274.966291812015697, 1873024.274725265568122 ], [ 1078952.714333108626306, 1868952.029582107905298 ], [ 1087109.451327670365572, 1869607.411585404071957 ], [ 1102727.183564504608512, 1870605.483055179007351 ], [ 1129166.843493472086266, 1872458.796617446700111 ], [ 1127579.70091633242555, 1894915.756728971144184 ], [ 1137227.452071181498468, 1895528.78522116295062 ], [ 1137111.116777184884995, 1897142.263748937053606 ], [ 1147085.164209484355524, 1897825.026690228842199 ], [ 1146930.380284761078656, 1900780.240740393521264 ], [ 1166105.476996335433796, 1902232.515069177607074 ], [ 1166797.435094077605754, 1892231.224569174693897 ], [ 1170064.206601648824289, 1892470.495737543096766 ], [ 1170797.693992232903838, 1882479.762936505489051 ], [ 1189552.882729780394584, 1883930.638821512693539 ], [ 1214585.356383837992325, 1886339.07181628793478 ], [ 1215642.048959610285237, 1887527.02732044714503 ], [ 1216551.560487649636343, 1890638.886663790326566 ], [ 1215969.335907745175064, 1896641.563679529586807 ], [ 1207757.923038573004305, 1895744.251980599714443 ], [ 1207414.366225403500721, 1899033.386333594331518 ], [ 1205633.584314207546413, 1900523.026178353233263 ], [ 1204015.644281117711216, 1900348.449004786321893 ], [ 1202563.293569550849497, 1915095.500742434058338 ], [ 1184613.3034503525123, 1913536.870952494908124 ], [ 1183821.049990266794339, 1923703.016298796050251 ], [ 1184498.422497539781034, 1923734.337363774422556 ], [ 1182929.508310003904626, 1943266.806764712091535 ], [ 1178174.332408580230549, 1942902.207967275287956 ], [ 1177767.456049231113866, 1947745.385993821546435 ], [ 1209862.708402557298541, 1950803.519815315958112 ], [ 1208676.312916946597397, 1960491.253944066818804 ], [ 1218280.0574363572523, 1961553.52105641271919 ], [ 1217432.237292853649706, 1968064.149192864308134 ], [ 1227074.925897923996672, 1969189.54797923238948 ], [ 1226694.383550049504265, 1972413.089875241974369 ], [ 1233086.062287327134982, 1973176.417278237175196 ], [ 1232652.539356156485155, 1976417.427907600300387 ], [ 1235802.265428668586537, 1977239.544421351514757 ], [ 1245320.249124148627743, 1978709.292936662910506 ], [ 1242240.773494557244703, 2002788.801854366436601 ], [ 1232728.652849677950144, 2001521.992692418862134 ], [ 1232129.422348133055493, 2006199.696890668477863 ] ] ] } },
{ "type": "Feature", "properties": { "csa_geoid": "204", "csa_name": "Corpus Christi-Kingsville-Alice, TX CSA" }, "geometry": { "type": "MultiPolygon", "coordinates": [ [ [ [ -198786.615139794681454, 415647.415829447912984 ], [ -197840.270471275987802, 462810.664463645895012 ], [ -194707.223351499356795, 463963.844745723356027 ], [ -192598.735628572641872, 465821.440336151223164 ], [ -183367.952428079792298, 466337.716751088097226 ], [ -180785.801042375300312, 467594.21289409021847 ], [ -180748.301540710206609, 469337.858541250927374 ], [ -178571.544079352170229, 470267.706484783091582 ], [ -174977.010870275262278, 470495.932878614868969 ], [ -171762.228072904312285, 468914.052584635035601 ], [ -165358.761181617417606, 470960.543052997905761 ], [ -164683.867689902195707, 472733.914960308233276 ], [ -166748.571760684280889, 473549.220485543890391 ], [ -168326.192839073453797, 475951.461860538925976 ], [ -169889.993613429629477, 481704.554664146096911 ], [ -167025.699389273737324, 480617.965602079057135 ], [ -165100.179134433274157, 478536.224968302820344 ], [ -165926.85489663403132, 477235.803551728778984 ], [ -164300.79263564228313, 474879.786903008876834 ], [ -162491.915244408010039, 474848.523766457219608 ], [ -162718.545294863841264, 471989.022720910899807 ], [ -159978.448946240998339, 470654.943019521364477 ], [ -157602.314258578611771, 473054.710395380388945 ], [ -152567.356806304742349, 476381.797840421495494 ], [ -148943.37180692126276, 479873.517460500705056 ], [ -147367.324670456437161, 476346.259879486053251 ], [ -151010.739260082424153, 472498.735174052184448 ], [ -152526.27757773079793, 469606.192826230428182 ], [ -150151.676257103186799, 469175.491025088587776 ], [ -147579.453638433973538, 471659.200170355848968 ], [ -144362.335407646052772, 473348.488860173441935 ], [ -140731.466877256490989, 474162.035783510713372 ], [ -139325.193239776592236, 476503.645559516968206 ], [ -136109.308487654430792, 483891.246331354253925 ], [ -135873.844952987186844, 487515.411773307947442 ], [ -134178.411346055130707, 491736.720083648862783 ], [ -133497.48201360704843, 495166.294999037811067 ], [ -131174.38349122487125, 501314.908746888395399 ], [ -128406.213803255101084, 503883.415932534611784 ], [ -128845.884883136139251, 505353.300925784686115 ], [ -125604.940515542519279, 512957.113517688238062 ], [ -124425.952617328017368, 514757.66197513253428 ], [ -126825.637942148401635, 516208.060843085695524 ], [ -130384.99306234967662, 517149.083739037625492 ], [ -133064.355862724594772, 518438.750879334867932 ], [ -136147.018102487985743, 521283.629908192786388 ], [ -137881.819405035756063, 525006.54079892556183 ], [ -137036.465627192199463, 531298.931750775198452 ], [ -141985.032208741031354, 530525.487482434487902 ], [ -144703.33030550807598, 529580.856350642396137 ], [ -146471.408983583067311, 530037.537177408696152 ], [ -147138.027905326831387, 531764.845056185498834 ], [ -149814.59973135436303, 532724.510121700237505 ], [ -149929.898829908692278, 534962.468668030691333 ], [ -147928.632459552085493, 536045.586433284101076 ], [ -144636.019355117459781, 533953.109525737934746 ], [ -143554.970923468237743, 534804.485320804524235 ], [ -136216.728327509510564, 535137.805166089674458 ], [ -132232.659293694392545, 536043.461722890730016 ], [ -131002.912601026095217, 534289.536876707454212 ], [ -127394.383732716538361, 535534.771950090769678 ], [ -123511.355402697285172, 535103.582133622723632 ], [ -122086.785923767558415, 532236.898348971270025 ], [ -120702.928260987624526, 530899.106609716080129 ], [ -120839.063729920118931, 529357.459909447235987 ], [ -117768.293916293958318, 529188.565062960493378 ], [ -114909.483060040598502, 534160.050148811656982 ], [ -111969.313046719122212, 537867.31071548582986 ], [ -107353.130535170799703, 545350.382164589245804 ], [ -105507.691071561523131, 544713.289587304228917 ], [ -104834.587737210720661, 548120.917035131598823 ], [ -102994.104704520737869, 551625.4234851046931 ], [ -101159.910672002079082, 552057.27158593700733 ], [ -102256.319699817206129, 556899.396857243147679 ], [ -101039.750879351078765, 561020.390549028641544 ], [ -103378.722681819243007, 561404.815223380690441 ], [ -103946.766131171127199, 558782.624860238982365 ], [ -108441.60053257351683, 557212.148221226176247 ], [ -112388.461081746441778, 551605.861344616161659 ], [ -114622.618324801558629, 554007.804925898439251 ], [ -120422.944697279395768, 556957.298094924306497 ], [ -122333.094621579759405, 555555.806058128480799 ], [ -124343.98929492571915, 557153.056853774003685 ], [ -124665.323605691606645, 558607.110582502325997 ], [ -126605.284228715507197, 558903.422660732874647 ], [ -128541.46112865091709, 560329.81638353317976 ], [ -130024.293169281081646, 562775.43270709249191 ], [ -132389.055027377500664, 563276.087861045612954 ], [ -133644.472121729893843, 562515.29515515640378 ], [ -135978.870280905015534, 564122.511125580989756 ], [ -139782.019492806372, 562493.742825714522041 ], [ -142152.913838294596644, 565403.075869990163483 ], [ -146033.570091358618811, 567724.328393668867648 ], [ -149888.745107194961747, 565876.599906280403957 ], [ -151821.555254600651097, 567380.308624648954719 ], [ -154500.79269363093772, 563558.745567902573384 ], [ -179046.961679707135772, 569207.172281689941883 ], [ -187691.483907018089667, 562457.59806311596185 ], [ -188046.033379083994078, 560626.11434946639929 ], [ -187512.203929822106147, 557328.975313328905031 ], [ -185753.784692173096118, 556085.79219386621844 ], [ -220500.827651666884776, 556956.620667628012598 ], [ -222263.127519731002394, 469214.159500091336668 ], [ -252532.623955894552637, 470272.464103893144056 ], [ -248270.076719575910829, 466832.29274045251077 ], [ -248535.402131333568832, 456594.726251842803322 ], [ -245981.306516578973969, 456521.885240665113088 ], [ -246156.884589162247721, 446907.741180341457948 ], [ -241300.245604450028623, 446846.143811051268131 ], [ -242535.07113416082575, 416950.41445309802657 ], [ -198786.615139794681454, 415647.415829447912984 ] ] ], [ [ [ -81843.268464630222297, 560565.095992599497549 ], [ -83217.164874156951555, 560303.296662401640788 ], [ -86126.296187465748517, 563100.187799674808048 ], [ -87467.495761210811906, 561213.79385555756744 ], [ -91257.850575049524195, 558169.85286581038963 ], [ -92101.472767778366688, 554599.228783296537586 ], [ -95509.168347929240554, 550381.741501575452276 ], [ -97189.049496587162139, 546737.409280520631 ], [ -97189.795483840935049, 544396.321572613553144 ], [ -99698.124893363637966, 540099.66012136102654 ], [ -102073.612717421361594, 538883.869075854541734 ], [ -103262.219493766402593, 536519.884227581555024 ], [ -103105.34450739879685, 534755.442937204265036 ], [ -104349.639360445318744, 531684.080723090446554 ], [ -103454.200002242287155, 530815.821225803461857 ], [ -101345.557646102519357, 535233.846405714866705 ], [ -94996.776901784876827, 543571.117639096220955 ], [ -91568.06068642847822, 547483.673214214504696 ], [ -84145.740170131088234, 555058.929311668965966 ], [ -81843.268464630222297, 560565.095992599497549 ] ] ], [ [ [ -78586.426821555418428, 578774.814633748028427 ], [ -79640.923621132649714, 580368.378831348381937 ], [ -77833.353763771534432, 583529.464566858951002 ], [ -110502.649241834646091, 578751.523359558079392 ], [ -108504.708582026956719, 573608.693456209031865 ], [ -105942.757992533399374, 572837.996856480604038 ], [ -104750.092774803502834, 571516.743168628192507 ], [ -102161.887987099005841, 570753.463545110658742 ], [ -99341.772287228523055, 570876.02174579561688 ], [ -100300.630691998114344, 568768.509831333649345 ], [ -100221.964308533395524, 565129.520374565618113 ], [ -99451.428073457194841, 563851.509635759401135 ], [ -96926.306993623555172, 562262.097574998391792 ], [ -95219.365479042899096, 567491.500298699131235 ], [ -93158.037328286722186, 570129.70377220318187 ], [ -95355.185272371556493, 572743.879697919939645 ], [ -93572.753402818925679, 575467.817930483841337 ], [ -89786.162028332517366, 577547.545573082286865 ], [ -92578.507845520158298, 573097.757385916193016 ], [ -90954.772726395443897, 570420.495022195624188 ], [ -93104.790766672522295, 564886.027972799376585 ], [ -94695.303980561846402, 562039.108993650763296 ], [ -91820.529236670539831, 562094.884574358351529 ], [ -87589.43457071595185, 564713.612578432075679 ], [ -85000.333488043164834, 567398.328760875971057 ], [ -83283.910698791514733, 568193.065467426320538 ], [ -79684.838001611162326, 572667.39444389322307 ], [ -78586.426821555418428, 578774.814633748028427 ] ] ], [ [ [ -125804.085707608159282, 502004.311199260118883 ], [ -129488.416398870642297, 494481.772577409516089 ], [ -129851.515767536722706, 491596.570615117438138 ], [ -132201.134734968625708, 486489.397447726340033 ], [ -132828.925809993059374, 482997.221626883139834 ], [ -135437.605126830167137, 478217.704408723860979 ], [ -135931.772106159245595, 475082.908729577204213 ], [ -134937.624056425294839, 472659.482425115944352 ], [ -136443.393147059658077, 471586.883874330553226 ], [ -136368.13328354418627, 469306.253829190565739 ], [ -134148.107424125773832, 469260.138676193368156 ], [ -131152.224633102043299, 479341.054481239349116 ], [ -126638.055838297193986, 490925.091257497493643 ], [ -118895.521421603043564, 507021.247273021377623 ], [ -114330.728851387015311, 515196.034432968823239 ], [ -109708.642146134341601, 522450.98967631731648 ], [ -104425.069757575896801, 529238.486141242203303 ], [ -104514.286027122914675, 531098.545606492552906 ], [ -111536.609232880393392, 529648.015347581123933 ], [ -110772.496534689882537, 527655.13107004086487 ], [ -111365.488749275114969, 524250.756937567144632 ], [ -113385.586652317884727, 523520.649136414984241 ], [ -117301.737868967757095, 515106.464292611985002 ], [ -118577.153855173819466, 513868.412761657440569 ], [ -118640.514739583217306, 510710.64064421877265 ], [ -121015.860473933338653, 508278.562951724976301 ], [ -122936.261287866596831, 508291.733367661887314 ], [ -125804.085707608159282, 502004.311199260118883 ] ] ], [ [ [ -111743.242980458278907, 530904.982581860851496 ], [ -105319.907253403085633, 531410.76958727708552 ], [ -103750.96271571489342, 535127.850614696857519 ], [ -104121.35260336882493, 537752.730710663949139 ], [ -105346.426323361039977, 538197.852576017961837 ], [ -108866.726489191802102, 535696.003201384446584 ], [ -111743.242980458278907, 530904.982581860851496 ] ] ] ] } },
{ "type": "Feature", "properties": { "csa_geoid": "206", "csa_name": "Dallas-Fort Worth, TX-OK CSA" }, "geometry": { "type": "Polygon", "coordinates": [ [ [ 51572.104035807024047, 1031522.718657948425971 ], [ 37107.335268925744458, 1031459.665156591567211 ], [ -7105.905021721046978, 1031629.391872482839972 ], [ -7058.774254377686702, 1048285.59982514299918 ], [ -7147.000183046942766, 1085274.149866488296539 ], [ 6101.676996363478793, 1085131.444563963683322 ], [ 3918.141970484063222, 1086115.078220742288977 ], [ 1246.442570572509567, 1089129.132769715040922 ], [ 2033.688618380607977, 1090599.140485367039219 ], [ 5081.229375452540808, 1101049.713032400468364 ], [ 30865.700078023746755, 1101066.163466939935461 ], [ 31090.488449419335666, 1098933.205382697517052 ], [ 64206.314014381285233, 1099350.50404335767962 ], [ 64026.254506367149588, 1137242.038176058093086 ], [ 63479.537916563269391, 1144621.173411286436021 ], [ 61344.928308482820285, 1143855.059875344857574 ], [ 59491.851418436584936, 1144426.098788547562435 ], [ 54085.952322758261289, 1144891.857700071763247 ], [ 47532.653447512086132, 1142495.177176305791363 ], [ 43810.909783735405654, 1142363.277111620176584 ], [ 42538.300849233768531, 1143640.02020470588468 ], [ 40949.816546325680974, 1142741.966509561054409 ], [ 38719.145629438469769, 1143452.630949221784249 ], [ 36046.860206138080684, 1142433.514397518476471 ], [ 32905.477913829185127, 1138211.91758512542583 ], [ 30185.282032087510743, 1137070.322774681495503 ], [ 28422.895525230993371, 1137637.117889980319887 ], [ 25308.920730428821116, 1137363.541614748770371 ], [ 21128.017473670286563, 1134224.493563097435981 ], [ 19933.66858100389436, 1131844.636116575216874 ], [ 12800.933628857948861, 1127785.019702711841092 ], [ 13185.517656875736066, 1158667.720153968315572 ], [ 13373.538078451896581, 1195289.439001859631389 ], [ 13670.661243007059966, 1196694.169476734241471 ], [ 15781.980289325596459, 1196670.355055706109852 ], [ 16382.186477126124373, 1198970.880869363900274 ], [ 18294.053874869641731, 1199486.326890198979527 ], [ 21080.330531398132734, 1197711.181395941413939 ], [ 22813.257371806750598, 1199484.452722307527438 ], [ 21909.211060289188026, 1200832.463483416941017 ], [ 14979.086702814780438, 1200838.982407307485119 ], [ 12749.612901619044351, 1202402.722241836832836 ], [ 11144.115619701042306, 1205569.812990501988679 ], [ 7446.17964888912411, 1206604.559742760611698 ], [ 5689.803247788951921, 1209191.571682353038341 ], [ 5657.917855162818341, 1229015.250660742865875 ], [ 4026.080933580577948, 1231643.683166195638478 ], [ 770.69246994263051, 1232502.482189607573673 ], [ -41535.776737642619992, 1232662.337184156291187 ], [ -41552.914335360263067, 1227828.223490525968373 ], [ -53454.796216715025366, 1227917.122401146683842 ], [ -51331.41077173530357, 1223335.265666773077101 ], [ -50174.133809565573756, 1222234.963889478705823 ], [ -52649.421751156100072, 1219829.809261009097099 ], [ -52629.86165022503701, 1216999.4811830308754 ], [ -54401.215390305616893, 1217015.838605704717338 ], [ -56330.765278819060768, 1214825.170026305830106 ], [ -54453.572546456991404, 1211907.079433729639277 ], [ -52932.098451684614702, 1211159.338160785613582 ], [ -54729.650857809916488, 1209076.279598125489429 ], [ -53327.6906490005058, 1206759.710119227413088 ], [ -54442.11731406479521, 1203481.3290886702016 ], [ -57688.241370879375609, 1203374.908762556500733 ], [ -60572.588146956753917, 1205874.017495644511655 ], [ -61820.087238231215451, 1205392.415684921434149 ], [ -63454.982482904080825, 1198440.375323290005326 ], [ -65465.149760728367255, 1196407.499345928896219 ], [ -69989.438817641857895, 1195635.065633192425594 ], [ -71612.854333233350189, 1199395.172621255042031 ], [ -72951.83776018206845, 1200629.504344847984612 ], [ -76425.184921532505541, 1201323.991444777231663 ], [ -77313.382527387380833, 1198880.061121526174247 ], [ -79595.55395693796163, 1198929.064481405541301 ], [ -81102.463488276000135, 1200604.551615610951558 ], [ -82240.643143037552363, 1203788.236474522156641 ], [ -82542.167834879233851, 1207960.962484260788187 ], [ -84594.691823754052166, 1210869.631306706694886 ], [ -89247.99617306079017, 1208258.007165885064751 ], [ -91315.351809009283897, 1207859.211300869937986 ], [ -90336.171919264641474, 1203257.590566902887076 ], [ -93842.293267614237266, 1198314.084401401691139 ], [ -96118.743689821756561, 1197576.878962249029428 ], [ -98108.728742677005357, 1199935.013456587912515 ], [ -99546.809934962599073, 1197715.410884711658582 ], [ -97244.682641089006211, 1197276.91636169468984 ], [ -96331.574130413646344, 1195109.318149975966662 ], [ -99135.421330860641319, 1194615.522127917967737 ], [ -100640.892506476360722, 1193043.384992389706895 ], [ -99804.863332950393669, 1189344.341052575502545 ], [ -99922.266399962260039, 1186934.664516558405012 ], [ -100951.168669768798281, 1185144.996728262165561 ], [ -103628.991410949674901, 1183962.090331856394187 ], [ -105765.532103837438626, 1184549.201651139417663 ], [ -107841.798951619959553, 1186315.049056708114222 ], [ -109492.562491091506672, 1191277.139970225514844 ], [ -110832.187741781963268, 1193655.705136510310695 ], [ -110604.02849469697685, 1195766.599398262333125 ], [ -108555.816299283353146, 1196808.033556933980435 ], [ -107179.479449722799473, 1198571.775405048159882 ], [ -108309.577534280615509, 1203607.569473830284551 ], [ -111150.528668416140135, 1206304.596281207166612 ], [ -114409.80625641484221, 1204589.954169132979587 ], [ -114724.954972594205174, 1201773.143299317685887 ], [ -116688.294733065398759, 1199912.850384453311563 ], [ -119882.864930834795814, 1203109.065197441261262 ], [ -120725.32925158533908, 1200947.566880046622828 ], [ -123009.739782303076936, 1200428.984223803505301 ], [ -124834.576526101722266, 1196873.94558498589322 ], [ -126177.334192240159609, 1195712.775592465652153 ], [ -131098.652425150299678, 1195779.007855507778004 ], [ -133524.158301299670711, 1196836.888951718108729 ], [ -134401.863724693190306, 1198329.446225362364203 ], [ -133305.899216658086516, 1201571.06596869463101 ], [ -133223.686188431893243, 1203857.194735696306452 ], [ -136218.56183922602213, 1206626.298753046197817 ], [ -137339.113506757392315, 1152783.858405223116279 ], [ -177150.693405490310397, 1153518.648755626985803 ], [ -177660.338519544835435, 1131543.555542095797136 ], [ -178446.008467092731735, 1105241.49879622971639 ], [ -208548.509520266146865, 1106347.403323143953457 ], [ -225304.638934639806394, 1107053.688395284116268 ], [ -225524.217465992231155, 1100850.935717967571691 ], [ -239303.786997719667852, 1101442.453487707767636 ], [ -240691.244214005651884, 1052468.347851602826267 ], [ -233180.179762231098721, 1052029.468365060398355 ], [ -193274.447503116563894, 1050914.807346031302586 ], [ -187952.764603281277232, 1035537.166358195012435 ], [ -187337.00086638960056, 1034136.941703280201182 ], [ -182425.939089629478985, 1019666.964597126585431 ], [ -166983.637424627493601, 1028620.702318990370259 ], [ -151335.262571855942952, 1028577.69222569395788 ], [ -151494.064118396432605, 1015745.579011205583811 ], [ -150062.709479094221024, 1015800.512112645781599 ], [ -149158.813791042630328, 1014032.88766679901164 ], [ -147101.119709418504499, 1012497.435093851410784 ], [ -147043.708334287774051, 1009700.8324329740135 ], [ -142868.4575472495344, 1007942.011461094836704 ], [ -141722.649302174977493, 1008077.436751147848554 ], [ -141913.069511774141574, 1010897.762041882378981 ], [ -140250.292488194711041, 1011229.590518668410368 ], [ -138485.245625415118411, 1013102.603135174023919 ], [ -108818.260448503162479, 1020354.406725218403153 ], [ -101888.48997567211336, 1021925.414093937841244 ], [ -88402.70966400008183, 998022.79995706002228 ], [ -84202.711533091176534, 1000421.538342450978234 ], [ -78861.757506571244448, 990829.010844780597836 ], [ -67782.641780351303169, 971416.479666295577772 ], [ -46830.563813925386057, 969200.061119870399125 ], [ -31618.704346035035996, 978019.188481387216598 ], [ -5150.840900235737536, 993178.699991261237301 ], [ -4963.759938435946424, 992439.767728180857375 ], [ 19382.258246921002865, 995906.603414008161053 ], [ 35302.530773702528677, 998363.413120294222608 ], [ 53687.206646258775436, 1001355.757159676402807 ], [ 51438.457260653980484, 1003929.237183794379234 ], [ 50705.456825354405737, 1007031.20496567117516 ], [ 48825.99224260901974, 1008846.12796531105414 ], [ 50413.065925919217989, 1014408.175938979373313 ], [ 48177.281818720257434, 1017025.18666438118089 ], [ 49915.463897902307508, 1019406.410461024614051 ], [ 49684.108159756848181, 1021132.22247752675321 ], [ 50865.749289868523192, 1022363.633272472419776 ], [ 51686.131260983245738, 1025395.80998458317481 ], [ 50807.52951540324284, 1028622.024737125379033 ], [ 51572.104035807024047, 1031522.718657948425971 ] ] ] } },
{ "type": "Feature", "properties": { "csa_geoid": "209", "csa_name": "Davenport-Moline, IA-IL CSA" }, "geometry": { "type": "Polygon", "coordinates": [ [ [ 419803.683527927089017, 2116169.561976332683116 ], [ 420862.478143341024406, 2096635.581992395222187 ], [ 421786.501085063442588, 2077157.194509777706116 ], [ 383224.058102743583731, 2075319.555315374396741 ], [ 384007.976017864886671, 2055726.33000787650235 ], [ 384415.750307233713102, 2045983.304670145967975 ], [ 409096.622741774597671, 2046948.668383294716477 ], [ 408819.213313767977525, 2043373.714686657534912 ], [ 407699.839223079849035, 2041643.645675001200289 ], [ 406167.815562704054173, 2036463.09189792489633 ], [ 410376.645559003052767, 2031985.457917934283614 ], [ 412596.011931979679503, 2028359.014795296825469 ], [ 415418.151708546618465, 2028511.947376225609332 ], [ 416969.897429731325246, 2027420.192415894707665 ], [ 420899.668543407984544, 2021004.018058279296383 ], [ 420812.610640824481379, 2018317.259359793039039 ], [ 420859.965210837544873, 2018043.792778372066095 ], [ 434503.495649650809355, 2018613.157385671511292 ], [ 444289.062928570900112, 2019027.322678836993873 ], [ 454338.155880566220731, 2019200.366605869261548 ], [ 463312.789744945184793, 2019715.036958072101697 ], [ 462887.305737656948622, 2029500.145800332073122 ], [ 481903.049822973262053, 2030709.96295999805443 ], [ 500558.96704028674867, 2031565.662370041711256 ], [ 510231.433814709598664, 2032195.786843240726739 ], [ 509648.092593984678388, 2041687.089772915700451 ], [ 510492.372204832208809, 2041747.186805527191609 ], [ 510023.795775135571603, 2050204.859805529238656 ], [ 508460.293646197707858, 2073459.898718857904896 ], [ 507574.392549452779349, 2080763.634763762354851 ], [ 496386.316344118386041, 2080013.635959611972794 ], [ 480877.869903850310948, 2079146.442292850697413 ], [ 482499.649422660644632, 2080675.318313382798806 ], [ 482421.818553471006453, 2085972.946410900913179 ], [ 480008.962170586572029, 2087928.179971081204712 ], [ 476609.199139314470813, 2089066.228959264000878 ], [ 475834.177972654521, 2091731.144869260489941 ], [ 475608.158209076267667, 2096333.964456539601088 ], [ 474626.420326078718062, 2096961.586827918887138 ], [ 474838.227228387841024, 2101019.754391899332404 ], [ 479181.896746970945969, 2103548.666649723891169 ], [ 479306.284541346482001, 2106908.723252206575125 ], [ 480155.522310596774332, 2111822.11902512749657 ], [ 481301.661398558702786, 2115274.871787211392075 ], [ 481291.735880444000941, 2117774.130964524112642 ], [ 480194.72833923966391, 2119501.797621236648411 ], [ 480222.571084149705712, 2121337.025523724034429 ], [ 481752.002787260455079, 2125321.030290856026113 ], [ 480379.641049724188633, 2129391.402180166449398 ], [ 429647.712427686958108, 2126392.569827609695494 ], [ 419288.794287805329077, 2125922.028135728091002 ], [ 419803.683527927089017, 2116169.561976332683116 ] ] ] } },
{ "type": "Feature", "properties": { "csa_geoid": "212", "csa_name": "Dayton-Springfield-Kettering, OH CSA" }, "geometry": { "type": "Polygon", "coordinates": [ [ [ 1046976.047336914343759, 1904594.0219579807017 ], [ 1045684.45548979321029, 1929602.095705715706572 ], [ 1050565.608243288239464, 1929765.07507613231428 ], [ 1053529.137891232501715, 1957417.302466510329396 ], [ 1053228.58177142823115, 1957467.436945561086759 ], [ 1052786.314924476901069, 1968784.224088980816305 ], [ 1051882.413517365930602, 1981548.033250475302339 ], [ 1027270.412145581445657, 1980559.850713345687836 ], [ 1027182.028623818187043, 1982192.274445611052215 ], [ 1007682.120958224753849, 1981242.498178108828142 ], [ 1008050.65546225279104, 1985746.243419774109498 ], [ 1005761.172131586354226, 2004673.420391930034384 ], [ 977702.004514535772614, 2000932.426495091989636 ], [ 979135.904757204581983, 1989558.970713104819879 ], [ 971184.669768747175112, 1988526.436433783499524 ], [ 971459.663021856802516, 1985852.919100742088631 ], [ 957695.074031403986737, 1983900.050345391500741 ], [ 940608.173032616032287, 1981971.161013741279021 ], [ 941164.04691543104127, 1977454.784098230069503 ], [ 944595.400355424848385, 1943218.592003658413887 ], [ 945631.414835233357735, 1933393.738462016684934 ], [ 963817.892673847847618, 1935546.102849224349484 ], [ 973120.01890270318836, 1936870.527450487716123 ], [ 978075.223284305189736, 1900507.406350730685517 ], [ 994442.593547551543452, 1902352.099195664515719 ], [ 1030894.3692847735947, 1903804.276348253712058 ], [ 1046976.047336914343759, 1904594.0219579807017 ] ] ] } },
{ "type": "Feature", "properties": { "csa_geoid": "216", "csa_name": "Denver-Aurora-Greeley, CO CSA" }, "geometry": { "type": "Polygon", "coordinates": [ [ [ -802479.864234373206273, 1780430.56366930459626 ], [ -799279.558273474336602, 1813373.501193393254653 ], [ -797856.285657464293763, 1828620.047386722872034 ], [ -743466.869619622942992, 1823454.085508964490145 ], [ -714105.491535463370383, 1820738.156619529705495 ], [ -688798.117566983797587, 1818468.199823464732617 ], [ -690582.500115725211799, 1799034.084968143841252 ], [ -691596.374055169988424, 1789541.685472533805296 ], [ -675106.774591097957455, 1787961.142803903669119 ], [ -662844.626280417083763, 1786920.289928986690938 ], [ -661812.007090457133017, 1801508.914112776750699 ], [ -660593.605942390509881, 1816141.25876458408311 ], [ -660090.658552446286194, 1816093.461939006112516 ], [ -657847.876993222627789, 1843656.26116704242304 ], [ -656032.755407368065789, 1865023.348884567152709 ], [ -655415.091193217318505, 1864969.075457672821358 ], [ -651350.000399644253775, 1913552.229249898111448 ], [ -688849.139780007652007, 1916630.47880570194684 ], [ -685509.716192399500869, 1955632.040614010300487 ], [ -685253.500335202785209, 1955708.175110172480345 ], [ -683606.037201760686003, 1975047.840002920012921 ], [ -664370.628532923641615, 1973363.878770512295887 ], [ -645807.135516887996346, 1971623.155820665648207 ], [ -636243.584875231608748, 1970981.099865098018199 ], [ -634524.510769065236673, 1990941.399393530096859 ], [ -634017.169509964762256, 1990904.90615486796014 ], [ -632764.706137204309925, 2005625.842658926500008 ], [ -631301.528992348350585, 2024352.996804436435923 ], [ -658961.245437749079429, 2026573.323542159982026 ], [ -722944.659457025351003, 2032121.424205330433324 ], [ -745189.367828547139652, 2033866.33942956966348 ], [ -746357.104967689374462, 2021245.452031474094838 ], [ -751422.887699064565822, 1968769.439202501671389 ], [ -752202.460233163903467, 1961518.23240525694564 ], [ -761520.219600835931487, 1962423.899483813671395 ], [ -762315.968108244473115, 1952654.154084827052429 ], [ -775543.57872067776043, 1953860.988122157054022 ], [ -781954.143688349518925, 1954666.649752343539149 ], [ -789186.722522126510739, 1955211.443624675506726 ], [ -790547.544251199113205, 1954962.684045041911304 ], [ -804832.15019700222183, 1956799.749031290411949 ], [ -812526.243085491703823, 1957462.019825605209917 ], [ -815286.769304059562273, 1950621.294191736960784 ], [ -814897.366797963506542, 1946196.692652919096872 ], [ -812342.350960337789729, 1944554.48028114112094 ], [ -811888.527815579902381, 1941428.031075976090506 ], [ -812629.632684695650823, 1940892.778412756044418 ], [ -813129.112068368354812, 1936631.949686131905764 ], [ -814631.199372145812958, 1934926.403719899244606 ], [ -813822.581420025904663, 1932630.102710468927398 ], [ -815995.582021902082488, 1930337.615088440012187 ], [ -818385.535175233497284, 1930428.83998041274026 ], [ -818078.816123427590355, 1927894.020728464704007 ], [ -819512.941854925942607, 1922224.13284177519381 ], [ -818461.223091543652117, 1920586.312996509252116 ], [ -820630.0495056087384, 1916735.959271702449769 ], [ -820945.690564486896619, 1910845.697121762437746 ], [ -822390.100668325554579, 1910914.078559751156718 ], [ -824681.82330168876797, 1907514.701561785535887 ], [ -827325.33735873340629, 1906537.621767256874591 ], [ -830064.235856292769313, 1907769.892184590455145 ], [ -832243.557019092258997, 1906004.255761790787801 ], [ -834898.309145424049348, 1907395.442156695993617 ], [ -837574.835098222596571, 1907797.841127611231059 ], [ -838119.005373321822844, 1906447.246064234292135 ], [ -837938.193764765514061, 1901122.164382701506838 ], [ -839809.371648860280402, 1900390.075734757585451 ], [ -841438.385536644374952, 1898437.528225412359461 ], [ -842282.729828847106546, 1894362.557904026471078 ], [ -841093.860172430519015, 1893033.409469043137506 ], [ -837148.060424513998441, 1893176.176009262911975 ], [ -836053.857065248419531, 1890463.918410629965365 ], [ -833518.118227601284161, 1889006.234313059132546 ], [ -831415.268674403545447, 1889076.805556344101205 ], [ -830314.96348868124187, 1885629.934463687008247 ], [ -833322.619638242991641, 1883334.702954310923815 ], [ -836007.559537094086409, 1882436.641902574105188 ], [ -834651.993804939556867, 1878392.876993612851948 ], [ -837056.370564476354048, 1877254.625098955119029 ], [ -838320.449539487948641, 1875035.533774131210521 ], [ -841353.089513524668291, 1872897.62880122102797 ], [ -843452.237221701885574, 1870303.005729044089094 ], [ -845838.008762443671003, 1870566.815856222994626 ], [ -846509.580432296264917, 1868655.392191200051457 ], [ -848462.7442465639906, 1868536.77278327033855 ], [ -847457.325755469501019, 1865792.27730441885069 ], [ -849663.81355557939969, 1865342.81337584881112 ], [ -853506.751615433953702, 1862686.993989845272154 ], [ -853629.396903046523221, 1860908.060159276006743 ], [ -856979.619006448425353, 1860466.187676010886207 ], [ -860237.41426067543216, 1863017.006682873703539 ], [ -863471.40041808586102, 1863538.29011187911965 ], [ -864731.012886029086076, 1862411.280604304745793 ], [ -864321.903742001974024, 1859121.579666902311146 ], [ -865709.432727834559046, 1857113.464712667977437 ], [ -868424.011326055275276, 1856157.914726797956973 ], [ -869014.51554320694413, 1852895.800060041248798 ], [ -869159.322023716056719, 1848375.058598150499165 ], [ -868284.376043738098815, 1846408.228239570511505 ], [ -869688.971771699376404, 1845016.496382916811854 ], [ -869417.07923006976489, 1843204.517155368346721 ], [ -869627.054674407118, 1836867.506558606866747 ], [ -873118.655972726992331, 1833505.591340448707342 ], [ -870432.816523191984743, 1833145.686167825711891 ], [ -869851.034771398990415, 1831224.652558657107875 ], [ -871965.636942824232392, 1829330.415911570424214 ], [ -871544.869869133923203, 1825967.317732817260548 ], [ -872661.712242360343225, 1823697.313045457703993 ], [ -871010.322638152516447, 1820960.323922495124862 ], [ -868868.091950779082254, 1821097.39506383636035 ], [ -865947.181731614051387, 1819436.782847836380824 ], [ -866674.049783996772021, 1816063.822658383054659 ], [ -866169.187114914297126, 1814323.27571324701421 ], [ -862866.947138943243772, 1813016.996246691094711 ], [ -862095.444096393883228, 1814051.891719001112506 ], [ -859511.812331958208233, 1813895.50157457520254 ], [ -856964.337788431672379, 1810471.322296862490475 ], [ -854903.274847405147739, 1809549.404841605108231 ], [ -855919.047481663408689, 1808070.326308367075399 ], [ -852761.026296060183086, 1806730.447232046863064 ], [ -851663.700177553342655, 1805335.394967301515862 ], [ -853278.430706893792376, 1803089.325406598392874 ], [ -852920.806683976901695, 1801222.542347014416009 ], [ -850716.507735818624496, 1797654.682576734339818 ], [ -851494.723413616302423, 1796101.681183031061664 ], [ -853924.366257121902891, 1794049.318570873700082 ], [ -855161.179312953725457, 1787950.832185804611072 ], [ -857451.82601676392369, 1785580.044051281409338 ], [ -834498.25177307438571, 1783326.441954456968233 ], [ -816998.488425269606523, 1781824.557126936502755 ], [ -802479.864234373206273, 1780430.56366930459626 ] ] ] } },
{ "type": "Feature", "properties": { "csa_geoid": "218", "csa_name": "Des Moines-West Des Moines-Ames, IA CSA" }, "geometry": { "type": "Polygon", "coordinates": [ [ [ 103592.395270881417673, 2089832.33587786112912 ], [ 103894.773978435143363, 2067088.304818402510136 ], [ 107490.014202282793121, 2067136.526402846444398 ], [ 107649.622651664802106, 2056165.776718747569248 ], [ 145676.799554634315427, 2056725.11030376306735 ], [ 146390.879743962694192, 2017939.013393193716183 ], [ 174929.399200144456699, 2018459.926988171646371 ], [ 184455.101987878093496, 2019289.117998996982351 ], [ 210918.014909820165485, 2019791.834020294714719 ], [ 251018.329498830949888, 2020977.743038687156513 ], [ 289196.683274622540921, 2022361.765951156849042 ], [ 298788.372971711389255, 2022766.825234147487208 ], [ 297173.029603583738208, 2061644.801257054088637 ], [ 268653.623663334816229, 2060534.851897166110575 ], [ 268253.61510209843982, 2070892.641884417971596 ], [ 267452.503687870572321, 2070859.064185466850176 ], [ 266521.620794509770349, 2100051.194745745975524 ], [ 228139.757515290373703, 2098876.557753703091294 ], [ 227023.15816863879445, 2137582.744251993484795 ], [ 188759.290322607499547, 2136612.518996256403625 ], [ 150520.121185413212515, 2135845.08052295492962 ], [ 151291.714895265351515, 2097074.347378681180999 ], [ 103454.64623646887776, 2096201.395294512854889 ], [ 103592.395270881417673, 2089832.33587786112912 ] ] ] } },
{ "type": "Feature", "properties": { "csa_geoid": "220", "csa_name": "Detroit-Warren-Ann Arbor, MI CSA" }, "geometry": { "type": "Polygon", "coordinates": [ [ [ 967178.389944635797292, 2218824.081240755040199 ], [ 967955.986824059975334, 2218916.70707218721509 ], [ 970416.660108561976813, 2199556.996170019730926 ], [ 971273.862241848022677, 2190559.295416137203574 ], [ 972805.763241421547718, 2179741.376428401097655 ], [ 968871.339942647959106, 2179498.047807868104428 ], [ 953913.795492621371523, 2177604.889084328897297 ], [ 959162.718117845826782, 2136901.452541733626276 ], [ 988657.893272177549079, 2141739.099112775642425 ], [ 1007880.950735827558674, 2144962.894677893724293 ], [ 1032936.675214335555211, 2149297.147853570990264 ], [ 1030568.791635116445832, 2151757.072647761087865 ], [ 1033778.084978865575977, 2152359.669067538809031 ], [ 1032995.544698620797135, 2155798.016220699064434 ], [ 1033044.844027968356386, 2158377.480710743460804 ], [ 1035245.440209471969865, 2160607.611437350977212 ], [ 1036776.509481292450801, 2165249.23244512733072 ], [ 1039979.703163601574488, 2166777.775970586109906 ], [ 1041058.471246090368368, 2173026.668416445609182 ], [ 1042409.217750743613578, 2174404.135527136269957 ], [ 1045608.300995565252379, 2174321.344207806978375 ], [ 1046116.929328240803443, 2178262.923996289260685 ], [ 1049093.360296765109524, 2181176.928603305481374 ], [ 1048897.618996961973608, 2183279.615734643768519 ], [ 1050171.499062751419842, 2186768.376938549801707 ], [ 1049393.417920454638079, 2190402.738733400590718 ], [ 1051619.235844228649512, 2192106.526515069883317 ], [ 1054007.067083150381222, 2192466.233058725018054 ], [ 1054517.991792571963742, 2196497.708305922802538 ], [ 1052539.739834540057927, 2201799.434420336037874 ], [ 1052228.628775908378884, 2208956.997717089485377 ], [ 1053661.651827241526917, 2214651.644654992502183 ], [ 1056133.34493300318718, 2218344.094974940642715 ], [ 1058984.564276861026883, 2220095.565667985938489 ], [ 1064206.175031332764775, 2222069.868144813459367 ], [ 1066719.702030478743836, 2224934.484702212270349 ], [ 1067242.124885337427258, 2226791.232221517246217 ], [ 1069085.393224132945761, 2229288.229028266388923 ], [ 1069845.753091387683526, 2235806.43042272515595 ], [ 1068219.64360989164561, 2238037.646096105221659 ], [ 1068302.481889406219125, 2243349.556133760605007 ], [ 1070089.781811227090657, 2247876.774968483485281 ], [ 1071891.575982651440427, 2249176.524098546709865 ], [ 1075076.581999881891534, 2249613.500531361438334 ], [ 1073660.483523263828829, 2253264.114323148969561 ], [ 1071231.694699961692095, 2254110.233331744093448 ], [ 1071413.775440181605518, 2257021.158789755776525 ], [ 1072895.727756046690047, 2258842.00430768635124 ], [ 1075372.912201503291726, 2260170.581504278350621 ], [ 1077796.485190172912553, 2262648.23566719237715 ], [ 1079739.920734588988125, 2263686.944323729723692 ], [ 1085258.35545170516707, 2262886.46637967415154 ], [ 1086342.451264224713668, 2261893.476456983014941 ], [ 1086132.531126915710047, 2259235.24452176457271 ], [ 1084227.088573520304635, 2259921.408356229774654 ], [ 1083566.021503252908587, 2257745.79863152327016 ], [ 1082173.049776237923652, 2256522.651109590660781 ], [ 1082154.179294133093208, 2254644.260653233621269 ], [ 1084739.293276784010231, 2253251.46114933071658 ], [ 1084827.669919650070369, 2250754.857299350667745 ], [ 1086057.886317210504785, 2249881.33591672917828 ], [ 1089639.758450071094558, 2249126.743817990180105 ], [ 1095226.003101276466623, 2256412.278283610008657 ], [ 1095972.118182241683826, 2260091.346769097726792 ], [ 1095459.791720765177161, 2263095.101520533207804 ], [ 1096797.19074198952876, 2269318.977860983926803 ], [ 1096591.021303694229573, 2271037.317408381029963 ], [ 1097405.770528999622911, 2274307.755555562209338 ], [ 1095465.37463723262772, 2279363.34897189727053 ], [ 1095820.588178823236376, 2285110.505345448851585 ], [ 1095235.005890716100112, 2288226.77619408397004 ], [ 1095761.127149736974388, 2292732.82003957638517 ], [ 1097529.89182753697969, 2295841.085452628321946 ], [ 1098348.924449294339865, 2298767.725270885042846 ], [ 1097163.644686714047566, 2300458.979551254305989 ], [ 1096658.183802017243579, 2303078.765383886173368 ], [ 1090533.788702817168087, 2311819.5091667403467 ], [ 1088089.776183191919699, 2318966.750597269739956 ], [ 1076966.850599202560261, 2316827.937378658447415 ], [ 1048837.10043472610414, 2311785.128043961245567 ], [ 1046510.593082315172069, 2326210.846652368549258 ], [ 1037040.536947151646018, 2324774.356906585395336 ], [ 1036276.723375075613149, 2329557.422225650399923 ], [ 1017630.893457489553839, 2326498.29652102291584 ], [ 1019137.67675217485521, 2316891.641669108532369 ], [ 1010441.608421101351269, 2315461.843964674510062 ], [ 1010581.527781884768046, 2314392.220588165335357 ], [ 991782.676070968620479, 2311728.437810332980007 ], [ 972842.197010471252725, 2309168.628046163823456 ], [ 974321.318241810426116, 2299495.501771057490259 ], [ 976834.53308298275806, 2279970.7352159707807 ], [ 978217.738871356821619, 2270212.700893070548773 ], [ 979831.868179959943518, 2260559.579795130062848 ], [ 960870.134071341599338, 2257689.569372165482491 ], [ 962512.634296798962168, 2249156.313399495556951 ], [ 965403.939862111234106, 2232310.508620232809335 ], [ 967178.389944635797292, 2218824.081240755040199 ] ] ] } },
{ "type": "Feature", "properties": { "csa_geoid": "221", "csa_name": "Dixon-Sterling, IL CSA" }, "geometry": { "type": "Polygon", "coordinates": [ [ [ 581059.312904767575674, 2120392.149323983583599 ], [ 552975.747466003987938, 2117923.230587689206004 ], [ 546630.602150054532103, 2117487.722920318134129 ], [ 546531.880525051732548, 2119117.974301510956138 ], [ 543385.948280999204144, 2118922.793942175805569 ], [ 537898.822432656190358, 2119528.891616547480226 ], [ 536703.854966784827411, 2118423.637928231619298 ], [ 524435.909783684415743, 2117491.08579244883731 ], [ 524257.634274853393435, 2120666.500846109818667 ], [ 519616.468250982230529, 2120389.459515484981239 ], [ 497929.072120862605516, 2119077.975253620650619 ], [ 481291.735880444000941, 2117774.130964524112642 ], [ 481301.661398558702786, 2115274.871787211392075 ], [ 480155.522310596774332, 2111822.11902512749657 ], [ 479306.284541346482001, 2106908.723252206575125 ], [ 479181.896746970945969, 2103548.666649723891169 ], [ 474838.227228387841024, 2101019.754391899332404 ], [ 474626.420326078718062, 2096961.586827918887138 ], [ 475608.158209076267667, 2096333.964456539601088 ], [ 475834.177972654521, 2091731.144869260489941 ], [ 476609.199139314470813, 2089066.228959264000878 ], [ 480008.962170586572029, 2087928.179971081204712 ], [ 482421.818553471006453, 2085972.946410900913179 ], [ 482499.649422660644632, 2080675.318313382798806 ], [ 480877.869903850310948, 2079146.442292850697413 ], [ 496386.316344118386041, 2080013.635959611972794 ], [ 507574.392549452779349, 2080763.634763762354851 ], [ 545671.98351347562857, 2083423.773205952951685 ], [ 565010.718002580688335, 2084833.50667324475944 ], [ 564613.44779196602758, 2089670.820497982436791 ], [ 574126.784688188461587, 2090142.666840196354315 ], [ 583461.149556180695072, 2091012.81550058699213 ], [ 582406.564422275056131, 2101904.308458314277232 ], [ 581059.312904767575674, 2120392.149323983583599 ] ] ] } },
{ "type": "Feature", "properties": { "csa_geoid": "222", "csa_name": "Dothan-Enterprise-Ozark, AL CSA" }, "geometry": { "type": "Polygon", "coordinates": [ [ [ 929908.231138685951009, 949653.653791786404327 ], [ 930645.503213271964341, 942443.117692301631905 ], [ 932331.561741654179059, 928969.262598115368746 ], [ 932718.172369547653943, 928001.876036817790009 ], [ 939392.125686335377395, 928569.382241897168569 ], [ 960538.332200041622855, 930863.09666325035505 ], [ 997913.103110474417917, 935318.616775773232803 ], [ 1021958.066122594173066, 938461.913572778808884 ], [ 1044769.375856865546666, 941061.608924488420598 ], [ 1044890.774724214570597, 942549.206538587575778 ], [ 1043250.011970672756433, 946803.825884475954808 ], [ 1041356.596289842622355, 948939.565356472041458 ], [ 1040260.828790253959596, 952575.834858379210345 ], [ 1038298.910678563057445, 953762.482217452605255 ], [ 1035765.099724729428999, 957513.098861258011311 ], [ 1033430.122292688814923, 958202.706546291592531 ], [ 1032319.019035342033021, 962240.877505174838006 ], [ 1032989.014694176032208, 964889.128661213442683 ], [ 1030940.734420668450184, 968986.654921195586212 ], [ 1030997.818024340434931, 970940.940268204198219 ], [ 1032764.021626116358675, 972633.3197032607859 ], [ 1032869.334217441966757, 976374.071909229969606 ], [ 1031652.10843483521603, 980295.916513073956594 ], [ 1032314.195730478037149, 982608.795258040772751 ], [ 1032451.051756908767857, 987130.751735538593493 ], [ 1033284.410749904811382, 987879.656195760820992 ], [ 1032261.070333904819563, 991996.537889236351475 ], [ 1034133.707870452431962, 998098.790802524774335 ], [ 1034182.037657671840861, 1000354.577001223573461 ], [ 1032235.430212994804606, 1003474.937409321777523 ], [ 1031669.944753531599417, 1008765.081145497621037 ], [ 1029994.918458760832436, 1009798.027581820031628 ], [ 1027861.590118548017927, 1012959.156410963041708 ], [ 1024311.022473013959825, 1016473.446039800764993 ], [ 1024450.352957303053699, 1020715.302173688774928 ], [ 1022498.154686562367715, 1024481.65084531379398 ], [ 1021166.885668966453522, 1024912.374569609179161 ], [ 1018881.222152424743399, 1022453.877662910614163 ], [ 1016143.882768552633934, 1020704.727171911625192 ], [ 1015725.053567073424347, 1016325.159905201988295 ], [ 1004607.547345996601507, 1015460.537968513206579 ], [ 996916.882249181158841, 1014678.571707707596943 ], [ 997958.541323644341901, 1005025.019919270416722 ], [ 990105.63024924963247, 1004240.060706647811458 ], [ 984202.248941157828085, 1003335.30410796997603 ], [ 962970.735844556358643, 1001013.554913573199883 ], [ 943148.395434981561266, 999048.573006336577237 ], [ 929451.328043263172731, 997436.79996038635727 ], [ 930556.948602115153335, 988589.772477087564766 ], [ 929456.551300530787557, 987639.015261574764736 ], [ 925863.13754697679542, 987237.779180489596911 ], [ 926972.001594791188836, 977294.623479524045251 ], [ 926912.423713209223934, 975650.170223673572764 ], [ 929908.231138685951009, 949653.653791786404327 ] ] ] } },
{ "type": "Feature", "properties": { "csa_geoid": "228", "csa_name": "Duluth-Grand Rapids, MN-WI CSA" }, "geometry": { "type": "Polygon", "coordinates": [ [ [ 119356.024245825756225, 2754576.37803938658908 ], [ 119900.053676953393733, 2735092.625324160326272 ], [ 120132.127904635257437, 2733532.817345046903938 ], [ 120187.706096352485474, 2717883.954383867792785 ], [ 122012.402492324777995, 2716019.28583068260923 ], [ 124947.832403883992811, 2715724.831483713816851 ], [ 126973.280723432995728, 2714793.471596498973668 ], [ 142736.912557390198344, 2722260.577120072674006 ], [ 145652.770685635186965, 2720963.343337866477668 ], [ 147117.505126081261551, 2717642.843261952977628 ], [ 149737.871184526826255, 2714433.033964809030294 ], [ 148740.064832425443456, 2713733.05648071365431 ], [ 148677.207270150975091, 2711117.076112616807222 ], [ 150011.772443753405241, 2708110.67587714176625 ], [ 154014.934598988067592, 2706691.14275845233351 ], [ 156930.220845287112752, 2703212.20464918250218 ], [ 159590.70641430694377, 2702846.752331939525902 ], [ 160949.433283414662583, 2704576.731795283500105 ], [ 163036.42394976716605, 2704857.717741067986935 ], [ 166582.123086435749428, 2703186.334071771707386 ], [ 167773.191190924233524, 2703774.184838227462023 ], [ 168587.510931755852653, 2700130.756761169526726 ], [ 167089.820314120792318, 2697422.294965810142457 ], [ 166814.433467106893659, 2695345.937609835062176 ], [ 167811.321567315550055, 2693714.423804426100105 ], [ 169525.258236443187343, 2693054.428817272186279 ], [ 169892.666984888346633, 2673045.295691106468439 ], [ 205038.992727890232345, 2673710.544986324384809 ], [ 214493.789854730013758, 2673648.495947964955121 ], [ 224759.012879808840808, 2674093.415747329592705 ], [ 225299.409328879701206, 2645331.295425415504724 ], [ 225338.506268763158005, 2635347.718802414834499 ], [ 225789.287951905833324, 2626147.19116778858006 ], [ 226363.369181693065912, 2624584.699509680271149 ], [ 226988.743757505639223, 2606886.054422724526376 ], [ 246798.632759996835375, 2607418.407881731633097 ], [ 285698.713567535451148, 2608714.444470633752644 ], [ 286757.405371565371752, 2579910.440486853010952 ], [ 315478.599036528437864, 2581112.782516712322831 ], [ 343353.690737393801101, 2582395.454400919377804 ], [ 344161.973791415395681, 2582344.311992295086384 ], [ 342344.160518540011253, 2620588.573132767807692 ], [ 342090.765539466287009, 2622270.590407594107091 ], [ 341047.232114463928156, 2648626.094130193814635 ], [ 338045.201390623988118, 2648338.078860696870834 ], [ 333944.895373978593852, 2645976.105514625553042 ], [ 326090.003947484947275, 2642781.511564488522708 ], [ 323057.135260856884997, 2641043.850995738524944 ], [ 320786.447818910120986, 2640444.725468954537064 ], [ 317904.825224665168207, 2640560.836805529426783 ], [ 311404.184502594871446, 2638902.850333575624973 ], [ 307899.935515135992318, 2640173.119080736301839 ], [ 304798.219926658202894, 2642055.546902425587177 ], [ 300773.265153430693317, 2647215.174122546799481 ], [ 299303.735540828260127, 2650420.315137430559844 ], [ 302896.686704005871434, 2653977.034518004395068 ], [ 306402.314874516800046, 2656315.934999118559062 ], [ 307381.089059466961771, 2657541.613166382070631 ], [ 312617.898445116064977, 2661510.006193825509399 ], [ 314964.582252629916184, 2663995.549310314934701 ], [ 318012.665301530505531, 2666373.280781612731516 ], [ 321531.18815617240034, 2668120.008368154987693 ], [ 320837.372828322986607, 2687165.072989938315004 ], [ 319615.169514135748614, 2715972.450602819211781 ], [ 319576.680475214903709, 2720856.048192345071584 ], [ 318593.616576184635051, 2741166.015942298341542 ], [ 317824.918365327233914, 2748323.608352762181312 ], [ 316807.740188212890644, 2765024.902654737234116 ], [ 316562.71151023224229, 2774623.487433225382119 ], [ 315611.350645138241816, 2792408.705638262908906 ], [ 315069.386364058591425, 2807489.902362324763089 ], [ 313713.240483382251114, 2808410.644403504673392 ], [ 310093.622850205400027, 2807731.848231436684728 ], [ 307767.963245058374014, 2811013.170548826921731 ], [ 302971.834320580062922, 2810288.0117241689004 ], [ 303136.34442596352892, 2812355.912412967532873 ], [ 299167.807377652614377, 2813703.333731494378299 ], [ 298540.701025260437746, 2817201.806202955543995 ], [ 299391.031518313859124, 2819879.402259029448032 ], [ 295856.517039722006302, 2821206.887514987960458 ], [ 295096.524512330594007, 2823872.796105935238302 ], [ 293006.07577958330512, 2823196.834198188502342 ], [ 288504.436553697159979, 2823261.284125474281609 ], [ 287083.520843607664574, 2823992.639610353391618 ], [ 283823.636852130352054, 2821912.767625688575208 ], [ 279634.329243614629377, 2822775.755694855935872 ], [ 277688.106641766382381, 2821383.286643806379288 ], [ 276989.499855813803151, 2815361.627681859768927 ], [ 278731.873566230293363, 2810541.416638568975031 ], [ 273363.903022997546941, 2808796.163461131509393 ], [ 272207.698979993292596, 2807642.640665717888623 ], [ 268365.09563256445108, 2815786.675794532056898 ], [ 267148.92215022869641, 2816799.06945694796741 ], [ 264117.847806280129589, 2821840.83674947777763 ], [ 263527.83249103219714, 2824014.520069614984095 ], [ 264929.488739413849544, 2827303.316484936047345 ], [ 260937.013858373393305, 2832304.933366378303617 ], [ 255860.767716349830152, 2831343.707996333017945 ], [ 249872.591077378427144, 2830676.742531759198755 ], [ 247457.043587852705969, 2831383.036467324476689 ], [ 245549.662822096812306, 2833423.271476178895682 ], [ 246453.520960903319065, 2836965.693603682331741 ], [ 251072.18248382434831, 2837627.263607373926789 ], [ 251880.438161574245896, 2839155.882614335045218 ], [ 251034.619615407107631, 2842410.181629883591086 ], [ 249310.138203600596171, 2842722.578719954006374 ], [ 244104.584093442594167, 2841773.561060986947268 ], [ 228831.766600335628027, 2848704.140915236435831 ], [ 227320.018805426807376, 2848808.992759628221393 ], [ 227220.896424378996016, 2851243.77706860518083 ], [ 224649.251384119706927, 2850425.593937046360224 ], [ 216928.796527506550774, 2850610.271508847828954 ], [ 217344.90796741770464, 2829534.942497017793357 ], [ 217282.996304232714465, 2826553.004660109523684 ], [ 217738.321936656051548, 2808222.845807838719338 ], [ 217509.319533719593892, 2808216.508370209485292 ], [ 218208.467115263600135, 2788971.760806414764374 ], [ 218766.593915886158356, 2789001.855070680845529 ], [ 219153.96207190619316, 2780737.981006789952517 ], [ 219683.55063223966863, 2779169.5305244945921 ], [ 219979.043178707041079, 2769613.855596342589706 ], [ 190954.777170050947461, 2769133.080956228543073 ], [ 182896.61050371552119, 2769264.246308593079448 ], [ 171448.38249497677316, 2768895.545916632283479 ], [ 167607.626979274762562, 2768978.294413451105356 ], [ 167713.060582203936065, 2763181.955099255777895 ], [ 152976.52607609028928, 2762966.434829371981323 ], [ 119274.277894343584194, 2762147.150697742588818 ], [ 119356.024245825756225, 2754576.37803938658908 ] ] ] } },
{ "type": "Feature", "properties": { "csa_geoid": "232", "csa_name": "Eau Claire-Menomonie, WI CSA" }, "geometry": { "type": "Polygon", "coordinates": [ [ [ 305671.074816971842665, 2416802.026597957592458 ], [ 318409.81219296756899, 2417272.116342469584197 ], [ 343996.165138716984075, 2418376.828726058360189 ], [ 344448.338344759074971, 2408700.052936958149076 ], [ 368764.125720136973541, 2409779.139897793997079 ], [ 373233.008898927771952, 2410090.414575811941177 ], [ 402040.347809332422912, 2411519.29468927718699 ], [ 401069.280889098939952, 2430892.608033429831266 ], [ 398895.06959405017551, 2469653.185949782840908 ], [ 398647.581712427723687, 2469728.411062250845134 ], [ 397680.193109753949102, 2488829.940526850055903 ], [ 363701.624058647430502, 2487046.681688943412155 ], [ 349466.176957094925456, 2486409.362120877951384 ], [ 349812.534693440771662, 2476904.120877084322274 ], [ 301627.047310149704572, 2475134.008313882630318 ], [ 301974.916432246682234, 2465357.481133504770696 ], [ 303621.951394522562623, 2465399.807507207151502 ], [ 304537.452212507196236, 2444551.291868836153299 ], [ 304795.475986081175506, 2436096.38926355401054 ], [ 305671.074816971842665, 2416802.026597957592458 ] ] ] } },
{ "type": "Feature", "properties": { "csa_geoid": "233", "csa_name": "Edwards-Rifle, CO CSA" }, "geometry": { "type": "Polygon", "coordinates": [ [ [ -1108678.457189154578373, 1906937.564167364733294 ], [ -1110637.766797182848677, 1892387.80579457199201 ], [ -1095781.261229283176363, 1890302.955686922417954 ], [ -1056403.05331208370626, 1885000.536728679202497 ], [ -1011906.66665284242481, 1879305.914563046302646 ], [ -973508.905227301176637, 1874570.045387763530016 ], [ -973713.503575301961973, 1872567.733520116889849 ], [ -977070.185649472405203, 1870027.345793618820608 ], [ -976469.260445951251313, 1868239.306074637686834 ], [ -972981.256545766838826, 1866132.673370887991041 ], [ -971712.835639094351791, 1866330.558927026111633 ], [ -971622.991727844346315, 1861294.13694207300432 ], [ -970931.105663114809431, 1859037.681504174368456 ], [ -971070.168117225170135, 1855283.011853652773425 ], [ -969518.195626416243613, 1852286.945449962513521 ], [ -966673.178924572770484, 1851073.500637650489807 ], [ -964868.556537196855061, 1849541.279472931986675 ], [ -964210.306814623647369, 1845519.765168027253821 ], [ -945819.517931561800651, 1843357.09574340400286 ], [ -943577.958116660011001, 1840400.909015210811049 ], [ -942223.099937311606482, 1839615.816088153515011 ], [ -939747.777666563983075, 1836292.638418022310361 ], [ -941305.48527912364807, 1834194.712340445257723 ], [ -940294.420680560171604, 1832782.307626530295238 ], [ -938273.521366943372414, 1832290.146286352770403 ], [ -933840.140149291954003, 1827668.317177649121732 ], [ -931392.75267468218226, 1827632.979735380969942 ], [ -929804.775400500977412, 1829161.345447327941656 ], [ -928830.629311124212109, 1826518.876321490388364 ], [ -927273.609616775996983, 1825292.832532801898196 ], [ -925102.480721057625487, 1825110.460563428001478 ], [ -920192.478970376425423, 1829908.582481272285804 ], [ -919030.790049670962617, 1832045.334555013105273 ], [ -911789.705026757554151, 1831059.115095077548176 ], [ -910643.121044590952806, 1828088.179244466358796 ], [ -908661.326017940649763, 1825182.607124012894928 ], [ -907090.189343194826506, 1825993.55044431029819 ], [ -906820.222543730051257, 1830546.340218315133825 ], [ -905038.535722644999623, 1831293.138101663207635 ], [ -905356.992685997625813, 1835223.356717762071639 ], [ -904664.110985777224414, 1836772.26080673490651 ], [ -902554.435230544768274, 1838573.295586330350488 ], [ -902539.74132653477136, 1842149.33432637504302 ], [ -901489.410211882553995, 1843105.556718153180555 ], [ -898944.050400223815814, 1842355.878460303647444 ], [ -897760.820580623811111, 1843278.922318526310846 ], [ -896096.713599768467247, 1846662.773867277195677 ], [ -895402.156106602400541, 1849900.147094653686509 ], [ -895862.816317017539404, 1851643.693924978841096 ], [ -894496.372812916175462, 1852904.262959379935637 ], [ -894298.605865054298192, 1854846.667834117310122 ], [ -895911.097093852469698, 1856388.974699191516265 ], [ -895632.711607381002977, 1857858.513730872888118 ], [ -888889.310500421910547, 1859964.355699622770771 ], [ -889065.557787587633356, 1863458.701570632401854 ], [ -885949.947137832292356, 1866136.158191470429301 ], [ -884311.794982345192693, 1865413.795548581052572 ], [ -883668.515317283803597, 1863594.274166054092348 ], [ -877958.836758573539555, 1863052.028290765592828 ], [ -876031.929311827174388, 1861826.911884915083647 ], [ -872463.53988557192497, 1862941.509271564893425 ], [ -869797.703726033098064, 1864584.322632544441149 ], [ -868933.091078149038367, 1866107.99189627636224 ], [ -870943.409245881834067, 1868298.813043056288734 ], [ -870262.102763114031404, 1870332.809677256504074 ], [ -872293.263538051629439, 1874124.919506856007501 ], [ -871275.245239231851883, 1879393.114368254086003 ], [ -871981.048363714129664, 1880274.954674628097564 ], [ -871006.790613059303723, 1882934.542706138920039 ], [ -868188.622303532320075, 1881116.163969447137788 ], [ -867488.653879551333375, 1884493.759479219093919 ], [ -867865.83962488907855, 1886062.207103924825788 ], [ -866254.648654271964915, 1889407.218886852962896 ], [ -864105.034198696957901, 1890056.94620088301599 ], [ -864303.841990360058844, 1894353.637241743970662 ], [ -867091.922759868321009, 1894928.957703125663102 ], [ -870260.487377750803716, 1898113.419710427522659 ], [ -870412.226022374932654, 1900164.08645153651014 ], [ -872727.303535328363068, 1901115.96802589436993 ], [ -873154.928958701901138, 1903022.712840538006276 ], [ -875287.087431122898124, 1904682.504347627516836 ], [ -875951.253280441043898, 1906591.610484482953325 ], [ -878416.743572338251397, 1907243.573811604874209 ], [ -879943.715944725321606, 1909016.895307938102633 ], [ -882719.0852078308817, 1920460.41760599729605 ], [ -882129.580791649641469, 1922221.252704117912799 ], [ -882144.309885302791372, 1927042.084400077583268 ], [ -897631.005304620135576, 1928800.282124464400113 ], [ -898391.11442142969463, 1928145.932155566290021 ], [ -906278.650559406843968, 1929254.425301032839343 ], [ -916097.247262655408122, 1930213.282879073172808 ], [ -932679.481115516391583, 1932097.833088298328221 ], [ -931427.586342438356951, 1941430.64275170234032 ], [ -931871.960694905254059, 1941498.492527838330716 ], [ -930723.789389826590195, 1951342.834482401609421 ], [ -954203.6508067821851, 1954029.974655463127419 ], [ -955551.103581090574153, 1944373.847148024011403 ], [ -956691.657848097616807, 1934489.756722440011799 ], [ -966152.536971757188439, 1935938.787719649262726 ], [ -967362.799642166006379, 1926000.482758325990289 ], [ -976858.402363577624783, 1927120.800675343023613 ], [ -989437.486941964249127, 1928895.014550753636286 ], [ -997334.106273513985798, 1929304.228420685045421 ], [ -1010069.233172693173401, 1930896.484674045583233 ], [ -1011905.65044710598886, 1916385.008537878049538 ], [ -1035444.464325046050362, 1919468.911606727633625 ], [ -1035464.231916455551982, 1919326.608961106510833 ], [ -1063847.942186091095209, 1923022.84143330110237 ], [ -1064481.700391970109195, 1918192.210500519955531 ], [ -1093224.985065582906827, 1922083.737476296722889 ], [ -1093069.08933682879433, 1923210.444478043587878 ], [ -1106153.616952219279483, 1925005.991369843715802 ], [ -1108678.457189154578373, 1906937.564167364733294 ] ] ] } },
{ "type": "Feature", "properties": { "csa_geoid": "236", "csa_name": "Elmira-Corning, NY CSA" }, "geometry": { "type": "Polygon", "coordinates": [ [ [ 1484258.885544552234933, 2306778.353718559257686 ], [ 1485042.842494987649843, 2299288.960546734277159 ], [ 1489555.379338632104918, 2270592.051046547479928 ], [ 1492179.550953994505107, 2254496.337819317821413 ], [ 1511901.342065935023129, 2258504.106273718178272 ], [ 1542624.684168068692088, 2264546.863276450429112 ], [ 1559013.231853402685374, 2268135.228238970041275 ], [ 1588307.67024950729683, 2273969.618414713535458 ], [ 1587804.820360777433962, 2274933.839502037968487 ], [ 1588440.252070289105177, 2279889.614519717171788 ], [ 1587074.946215740405023, 2282792.967686190735549 ], [ 1585235.34528038231656, 2289191.83596197841689 ], [ 1584363.614847823046148, 2290944.685031281784177 ], [ 1586482.883566549513489, 2291326.453219626564533 ], [ 1584387.794735017698258, 2301704.795266303699464 ], [ 1583461.315629412885755, 2305130.735709446948022 ], [ 1576941.538477414753288, 2303904.86908442620188 ], [ 1577697.375249134609476, 2300157.05501742195338 ], [ 1575642.008574283448979, 2298525.298287699464709 ], [ 1572635.987421702593565, 2297857.688265510834754 ], [ 1572386.572987103834748, 2299022.869625789113343 ], [ 1568627.417456436902285, 2298217.060359042603523 ], [ 1567500.019103236496449, 2303198.933949147816747 ], [ 1558752.110897307982668, 2301410.104687288869172 ], [ 1549111.144922973122448, 2298725.552674778737128 ], [ 1549288.721336156595498, 2297740.935339711606503 ], [ 1540541.035401672357693, 2295625.790257214568555 ], [ 1538612.051308089634404, 2294880.829900704324245 ], [ 1535610.423633503960446, 2307614.094262988772243 ], [ 1532830.400738609023392, 2320291.785611730068922 ], [ 1531432.065333139384165, 2319085.859986363910139 ], [ 1529590.575769790448248, 2319036.036246621981263 ], [ 1528397.988498478429392, 2324930.787200645077974 ], [ 1528355.304537785006687, 2327544.508766108192503 ], [ 1510548.195287025067955, 2323928.760880120098591 ], [ 1500573.202829810557887, 2322059.090926350094378 ], [ 1486974.178463683696464, 2319744.562125800643116 ], [ 1487834.250945007195696, 2314748.304925427306443 ], [ 1483082.626393365906551, 2313821.249055095948279 ], [ 1484258.885544552234933, 2306778.353718559257686 ] ] ] } },
{ "type": "Feature", "properties": { "csa_geoid": "238", "csa_name": "El Paso-Las Cruces, TX-NM CSA" }, "geometry": { "type": "Polygon", "coordinates": [ [ [ -973942.951317979837768, 1045140.69381678244099 ], [ -962260.052926558768377, 1151198.815300485584885 ], [ -958942.275494338013232, 1150873.008225224912167 ], [ -957780.333985557430424, 1161343.514780406607315 ], [ -997875.203190405154601, 1146415.335078386822715 ], [ -1011198.158902912051417, 1141508.273841656511649 ], [ -1011738.454665459576063, 1136684.328868369571865 ], [ -1049811.408717775251716, 1141241.930371584603563 ], [ -1052137.785530272405595, 1121890.398618357954547 ], [ -1053472.964725140249357, 1109468.429076475091279 ], [ -1058971.641108736395836, 1063983.507999266730621 ], [ -1058900.298348013078794, 1063667.486100877635181 ], [ -1062734.651333626359701, 1030932.602193231810816 ], [ -1034996.231790753547102, 1027635.576267491560429 ], [ -991062.768158976803534, 1022680.864910395001061 ], [ -987547.574766786769032, 1018312.954043571837246 ], [ -983745.118360200198367, 1019675.793659348855726 ], [ -980789.78179238003213, 1017970.052709774812683 ], [ -977571.210658573545516, 1015387.015763598377816 ], [ -977105.778246665955521, 1013397.871203923597932 ], [ -975045.009979765629396, 1011144.75997135322541 ], [ -974050.074092057999223, 1007384.430578075582162 ], [ -971963.940706434426829, 1003303.256299179978669 ], [ -970237.934805796598084, 995607.99884986539837 ], [ -967137.910657749162056, 992594.703665991779417 ], [ -966708.983973332797177, 989826.836033026804216 ], [ -965423.721104879048653, 986004.806792395771481 ], [ -964092.865962786599994, 983896.308877595234662 ], [ -962014.9054516433971, 982899.802594464854337 ], [ -960247.43548617803026, 980704.092755849240348 ], [ -957917.223172804806381, 978907.138292083167471 ], [ -955997.058361389208585, 978501.58358378324192 ], [ -952755.177869894425385, 975243.713472423376516 ], [ -946260.034312261966988, 973984.08137305942364 ], [ -943287.503827074426226, 970702.614764641970396 ], [ -941763.390867055393755, 970409.320973656023853 ], [ -941489.805005324771628, 967596.665903383982368 ], [ -940361.172183981398121, 964485.214342773193493 ], [ -938121.81294318754226, 964211.767029057256877 ], [ -937210.4336262679426, 961917.765994830755517 ], [ -934661.774060322786681, 961169.909529823577031 ], [ -931988.907676475588232, 956193.044811862055212 ], [ -928596.180674609611742, 950855.868079779203981 ], [ -927716.873816694947891, 950400.352961107972078 ], [ -927003.677091734833084, 946738.549781245994382 ], [ -924036.802572245011106, 946151.034859332605265 ], [ -921322.827915771165863, 942740.963516336167231 ], [ -915817.82902959198691, 939889.139299056376331 ], [ -915413.718191593769006, 938000.034622351638973 ], [ -912122.009357742033899, 936061.853106672759168 ], [ -910432.468300196807832, 932681.889518655952998 ], [ -910436.445548126590438, 929386.874657196225598 ], [ -908469.781221640761942, 924951.104146920377389 ], [ -906256.910914347041398, 924210.405676791444421 ], [ -904749.125701795215718, 922021.254897958249785 ], [ -903408.868695107055828, 921872.532872352632694 ], [ -902519.585417229216546, 919249.69083568197675 ], [ -899270.121222125482745, 916862.965491118025966 ], [ -898553.269188094651327, 915053.678498974768445 ], [ -895963.016863274388015, 913711.129790511215106 ], [ -894337.790830400772393, 910964.816485855844803 ], [ -894768.0505150743993, 907950.545403163996525 ], [ -889539.120754734263755, 906473.380885403021239 ], [ -887859.434786332887597, 904853.174232223653235 ], [ -887745.367324554827064, 903002.755789038958028 ], [ -885224.088643776834942, 904466.824746418162249 ], [ -882310.082350830663927, 900651.573354813735932 ], [ -878363.601013337727636, 901522.913859509630129 ], [ -876429.071052458602935, 899799.674568205024116 ], [ -873630.404975908459164, 895206.740337113849819 ], [ -869683.563819220173173, 894431.407670099870302 ], [ -867962.424547454807907, 890525.549247154965997 ], [ -865360.524993725703098, 888686.731085445499048 ], [ -863612.466577083920129, 886092.89305276516825 ], [ -859645.644052318879403, 886378.833849096205086 ], [ -857878.721993462648243, 883579.408564829616807 ], [ -857598.333838295773603, 879811.368805450154468 ], [ -851295.157430939027108, 883040.586590163758956 ], [ -849427.37983413785696, 902106.657595521654002 ], [ -848591.743112211115658, 902021.363305754843168 ], [ -845355.990786347771063, 938034.749369274824858 ], [ -840588.447386220563203, 993440.910613965243101 ], [ -839843.924896942568012, 1004910.088829263229854 ], [ -837469.589366404688917, 1031152.764835600391962 ], [ -885292.097699171630666, 1035801.676558710052632 ], [ -913544.848934271605685, 1038770.062495433609001 ], [ -950399.410434638382867, 1042743.012470769579522 ], [ -973942.951317979837768, 1045140.69381678244099 ] ] ] } },
{ "type": "Feature", "properties": { "csa_geoid": "240", "csa_name": "Erie-Meadville, PA CSA" }, "geometry": { "type": "Polygon", "coordinates": [ [ [ 1268319.686955139040947, 2211889.425450510811061 ], [ 1277005.714272456010804, 2159133.544357931241393 ], [ 1277192.642678705509752, 2158004.01640009181574 ], [ 1293079.225723623530939, 2160081.574463597033173 ], [ 1309548.32340164645575, 2162401.892347846180201 ], [ 1309420.31269529950805, 2163047.943529570009559 ], [ 1319629.904870170867071, 2165204.424636349547654 ], [ 1320691.432154125533998, 2167977.760795367415994 ], [ 1322586.553315141238272, 2168384.169387705158442 ], [ 1325873.562690666876733, 2173092.204025380313396 ], [ 1326786.778305693296716, 2175972.146745217498392 ], [ 1330023.883511507650837, 2177993.648401973769069 ], [ 1331399.831661218078807, 2179921.46269607776776 ], [ 1331068.416245934320614, 2182148.810020787641406 ], [ 1336103.520392114063725, 2182520.619569789152592 ], [ 1348767.392999163130298, 2184619.78935344144702 ], [ 1341621.067215656163171, 2226773.043724464252591 ], [ 1329417.220551035366952, 2224666.064673932734877 ], [ 1324220.593200334813446, 2254503.612407584208995 ], [ 1318191.143413393525407, 2249565.447404163423926 ], [ 1315949.611129793804139, 2248783.678589853458107 ], [ 1311728.630854479037225, 2245197.329579293262213 ], [ 1307844.79644972551614, 2241362.05755944782868 ], [ 1302391.504258638946339, 2236590.016881464514881 ], [ 1299799.306587509112433, 2239284.20792878465727 ], [ 1297449.755192277487367, 2238024.29933228995651 ], [ 1296276.055601787520573, 2236066.36303711310029 ], [ 1295421.527709915535524, 2231999.27207532338798 ], [ 1291061.125267235096544, 2227649.205297493375838 ], [ 1289139.457027815515175, 2226578.013264853972942 ], [ 1287230.858006331138313, 2224461.699149940162897 ], [ 1282579.085516021819785, 2220873.531350647564977 ], [ 1277160.612802756950259, 2217423.889782012905926 ], [ 1274498.448005148908123, 2216132.556556240655482 ], [ 1268319.686955139040947, 2211889.425450510811061 ] ] ] } },
{ "type": "Feature", "properties": { "csa_geoid": "241", "csa_name": "Evansville-Henderson, IN-KY CSA" }, "geometry": { "type": "Polygon", "coordinates": [ [ [ 702717.209744232124649, 1681073.393079631496221 ], [ 712870.813676259014755, 1667560.970855345018208 ], [ 714602.432249570963904, 1668212.195863322354853 ], [ 716989.523787240497768, 1667730.883534878725186 ], [ 718848.911652582231909, 1663512.935690353391692 ], [ 719739.447752458741888, 1658010.324192823143676 ], [ 719472.793279322097078, 1657218.759088052902371 ], [ 721554.701612237142399, 1653692.550003034295514 ], [ 715807.873801016947255, 1646226.083992118248716 ], [ 706921.73586542729754, 1636070.788444384001195 ], [ 704961.120773753733374, 1632787.030159147689119 ], [ 705828.524656882858835, 1628407.986997646978125 ], [ 706824.988824191153981, 1626580.409685241058469 ], [ 708903.506307281786576, 1625729.949230857659131 ], [ 711945.827711882186122, 1626657.360955123091117 ], [ 714252.166908736573532, 1623498.721728903008625 ], [ 716807.752864870824851, 1624514.368438496952876 ], [ 717964.767160186660476, 1623337.630380109418184 ], [ 717461.207293540704995, 1620970.234211291652173 ], [ 735575.813444326631725, 1635078.408435289515182 ], [ 743606.855889502214268, 1638618.36800231016241 ], [ 753539.730194058967754, 1648847.5972636975348 ], [ 751442.946244064252824, 1650824.997109696967527 ], [ 745518.376028768136166, 1650796.602851721690968 ], [ 743857.762529680156149, 1651452.107135729398578 ], [ 742116.217732737422921, 1654281.14240240957588 ], [ 742380.55459267902188, 1656725.595447073690593 ], [ 744076.989602686604485, 1658668.439573717536405 ], [ 749181.653331512003206, 1660233.143247950822115 ], [ 750210.274224511929788, 1662964.028215880971402 ], [ 750327.907015197793953, 1665887.057938188780099 ], [ 752216.313704816624522, 1667613.948544205632061 ], [ 756513.716554150683805, 1668535.782902691280469 ], [ 759016.628281080280431, 1670854.312027525389567 ], [ 756933.579829697264358, 1676755.592059906106442 ], [ 755500.958451497950591, 1677077.76461348705925 ], [ 756473.61688018986024, 1685998.443448906298727 ], [ 759656.59532630641479, 1684204.091503477888182 ], [ 759226.394764386932366, 1689342.909786398289725 ], [ 762408.939774340833537, 1694870.296941401436925 ], [ 765607.831137024331838, 1697964.493331417907029 ], [ 766879.878678202629089, 1700553.900119884405285 ], [ 768184.807233147090301, 1701250.632596902083606 ], [ 768237.99034464196302, 1705243.428124332102016 ], [ 770440.207376064616255, 1703750.369453532388434 ], [ 772560.781097268802114, 1705685.099256324116141 ], [ 772892.928644463652745, 1707836.601312669692561 ], [ 774140.270333192078397, 1710008.209649655036628 ], [ 774336.284527681185864, 1712466.74940615775995 ], [ 778899.409715265501291, 1712922.609649570425972 ], [ 777994.090146140195429, 1722438.128099635243416 ], [ 773185.735779605689459, 1722010.838983950437978 ], [ 772889.607202877523378, 1725222.482269083149731 ], [ 759111.620497756288387, 1723749.692795812152326 ], [ 753446.160497687291354, 1723309.798541406868026 ], [ 751701.005581054254435, 1724771.21304904599674 ], [ 752142.469447426614352, 1719822.771971611538902 ], [ 739213.709248630912043, 1718595.911412938497961 ], [ 739527.688908925512806, 1714585.960688495077193 ], [ 720385.898763186763972, 1713224.473682968877256 ], [ 720081.249139504740015, 1716863.731707261642441 ], [ 710439.312123772106133, 1716130.066388204693794 ], [ 710225.900698091718368, 1719108.263538135681301 ], [ 694266.312435693456791, 1717942.730970753356814 ], [ 694443.411199905094691, 1715567.782871695933864 ], [ 695826.558188339462504, 1713736.462640875251964 ], [ 698526.078399840509519, 1712066.285232137190178 ], [ 701187.599936621263623, 1711359.516992884222418 ], [ 698553.559567309683189, 1706636.985782163217664 ], [ 696438.691053105168976, 1706921.925512795802206 ], [ 696129.459148830501363, 1704568.30453514168039 ], [ 694152.771509558428079, 1704225.196870781248435 ], [ 692664.296543252421543, 1702836.434677717043087 ], [ 693830.97761220287066, 1701439.646438593277708 ], [ 697517.253769318573177, 1703452.248696093680337 ], [ 697234.516038142610341, 1699830.872996059712023 ], [ 694427.956675319001079, 1697843.343922921922058 ], [ 691714.887332511250861, 1697637.397961290320382 ], [ 691769.830409216112457, 1695426.192345841089264 ], [ 693335.31765110779088, 1694658.034587451955304 ], [ 692721.977419232716784, 1692716.771297528641298 ], [ 694154.913245181320235, 1689442.441348301013932 ], [ 693602.285717133083381, 1687403.79779321490787 ], [ 692245.213485628599301, 1687001.984959706198424 ], [ 693048.919649034738541, 1684067.628589655505493 ], [ 694860.637683883891441, 1680255.262950527714565 ], [ 691247.337546683731489, 1679544.975212299497798 ], [ 688433.195721853408031, 1680937.660158732440323 ], [ 687788.436225309735164, 1679531.533870050916448 ], [ 689350.351236711605452, 1678023.09042237023823 ], [ 691293.204929516999982, 1674768.051618003286421 ], [ 693625.4573014046764, 1674197.196830951143056 ], [ 693815.899156623287126, 1672241.07453643810004 ], [ 691658.09031952987425, 1671842.516134175704792 ], [ 689189.047318608616479, 1672416.489556404994801 ], [ 688931.983452439308167, 1670976.020427002105862 ], [ 691717.257215700112283, 1669457.119403196731582 ], [ 693551.379604938789271, 1670585.846831332892179 ], [ 699079.057873768615536, 1668593.136390846921131 ], [ 700640.968078649952076, 1667062.896669588284567 ], [ 701971.273291441146284, 1667404.495402740081772 ], [ 702613.557902769185603, 1669704.703838333021849 ], [ 704939.676517240586691, 1671298.19566285982728 ], [ 705104.189599401783198, 1672452.632451808778569 ], [ 703837.467955313739367, 1675927.906831332715228 ], [ 701810.550034214626066, 1677815.900404348503798 ], [ 701407.874096613028087, 1680353.622794910334051 ], [ 702717.209744232124649, 1681073.393079631496221 ] ] ] } },
{ "type": "Feature", "properties": { "csa_geoid": "242", "csa_name": "Fairmont-Clarksburg, WV CSA" }, "geometry": { "type": "Polygon", "coordinates": [ [ [ 1284364.134588144021109, 1907348.70189571287483 ], [ 1292487.772492685588077, 1895631.588079364039004 ], [ 1295585.121310546062887, 1890914.986824750900269 ], [ 1305312.815037227701396, 1890335.731934902723879 ], [ 1306491.130424531642348, 1894054.749677712097764 ], [ 1308209.626606163103133, 1896561.771296439925209 ], [ 1309933.853913117665797, 1896442.595215893583372 ], [ 1313062.010068783769384, 1900226.262869689613581 ], [ 1317002.06837966805324, 1900021.739502796903253 ], [ 1318176.86195477610454, 1898970.155154963023961 ], [ 1324146.15632113115862, 1899691.412884437711909 ], [ 1325639.933743466623127, 1899119.665865189628676 ], [ 1339038.178749809041619, 1897409.500615617027506 ], [ 1343441.517731939908117, 1897798.510408770758659 ], [ 1344884.802490490954369, 1899583.777313455939293 ], [ 1344196.391759536694735, 1905941.113819033140317 ], [ 1347773.560727445175871, 1914602.805161199066788 ], [ 1349227.068855164805427, 1914389.010407872498035 ], [ 1359766.417866604868323, 1917281.966646346962079 ], [ 1364587.062854148913175, 1920479.605330266291276 ], [ 1366073.792275786399841, 1923960.09386936831288 ], [ 1367159.950723010580987, 1923168.971678735688329 ], [ 1369542.614907738287002, 1924834.250311147188768 ], [ 1367026.98355567548424, 1939842.96400729753077 ], [ 1360351.562798272818327, 1941817.395730077521876 ], [ 1355631.424368221312761, 1945398.13204568810761 ], [ 1353531.517557292478159, 1945699.414544511120766 ], [ 1352901.590639638016, 1947368.224022344918922 ], [ 1347701.639243947807699, 1951002.906045347917825 ], [ 1344877.923867276869714, 1952439.104095060843974 ], [ 1342009.795616084011272, 1955471.194708764320239 ], [ 1325693.638201302150264, 1952903.961293419124559 ], [ 1323612.719252914423123, 1955024.908221487654373 ], [ 1319758.474895709659904, 1955271.621525498107076 ], [ 1318007.65700851730071, 1954728.854130741907284 ], [ 1318302.291630394291133, 1952686.463257293915376 ], [ 1316390.356260440777987, 1950126.352509932825342 ], [ 1313951.214543279260397, 1945401.5575753711164 ], [ 1316283.59942546277307, 1940301.016252224799246 ], [ 1317595.374275390058756, 1939263.202337669674307 ], [ 1317562.575931012630463, 1937301.450476231519133 ], [ 1315929.343808319885284, 1936332.711208086693659 ], [ 1316153.603555041598156, 1934207.549060945631936 ], [ 1314628.896437889197841, 1933668.662537132855505 ], [ 1314464.738387297140434, 1930883.736087036319077 ], [ 1313045.664725456153974, 1930201.127933310344815 ], [ 1309014.665106147294864, 1931832.818808979121968 ], [ 1306268.221336194314063, 1931392.378634267486632 ], [ 1303481.414461458101869, 1930073.58789928490296 ], [ 1302801.276430286932737, 1928826.058242148486897 ], [ 1300218.275470353895798, 1927704.276503945933655 ], [ 1298140.586335058324039, 1927641.683250064961612 ], [ 1297200.084404274588451, 1923663.379832400009036 ], [ 1290025.885306352283806, 1916563.995312487939373 ], [ 1284155.084462786559016, 1907643.824922691565007 ], [ 1284364.134588144021109, 1907348.70189571287483 ] ] ] } },
{ "type": "Feature", "properties": { "csa_geoid": "244", "csa_name": "Fargo-Wahpeton, ND-MN CSA" }, "geometry": { "type": "Polygon", "coordinates": [ [ [ -98792.39457421208499, 2598527.835617791861296 ], [ -98913.060763900677557, 2588857.883283212315291 ], [ -97279.400126263906714, 2588831.613767554983497 ], [ -97710.067168478039093, 2557149.837328117806464 ], [ -95311.139224304555682, 2556624.240678573492914 ], [ -95373.441276605284656, 2550277.078997028060257 ], [ -85661.258066865702858, 2550252.292479920201004 ], [ -62518.827013216126943, 2549957.751437794417143 ], [ -43768.502980781369843, 2549801.397315663285553 ], [ -44711.635614631137287, 2559420.5492301620543 ], [ -20638.719968716526637, 2559287.655205441638827 ], [ -20442.430194020824274, 2588198.065586097538471 ], [ -21628.348311604953778, 2588204.125624042004347 ], [ -21606.40930401831065, 2626840.861050569918007 ], [ -13247.214525031064113, 2626806.508918323088437 ], [ -13566.416884295525961, 2646101.506803593598306 ], [ -13307.731225994570195, 2665199.152183732949197 ], [ -14795.36068385381077, 2665201.587300568819046 ], [ -14840.053895901573924, 2684427.861872784793377 ], [ -52605.150863118491543, 2684624.451682300772518 ], [ -62882.414758994680597, 2685100.13609657343477 ], [ -62746.977096844173502, 2687208.952493504155427 ], [ -64487.07214783308882, 2694275.165130901616067 ], [ -71796.426289757684572, 2694460.670459542889148 ], [ -99252.250681800083839, 2694776.29706866433844 ], [ -120157.505794600874651, 2695127.832143243867904 ], [ -129862.688168347493047, 2695401.608568863943219 ], [ -130400.032007821602747, 2666488.47807988896966 ], [ -128515.199733460161951, 2666446.357156784739345 ], [ -129236.315353580357623, 2627858.32977828104049 ], [ -98347.362865196046187, 2627312.658793184440583 ], [ -98792.39457421208499, 2598527.835617791861296 ] ] ] } },
{ "type": "Feature", "properties": { "csa_geoid": "246", "csa_name": "Fayetteville-Lumberton-Pinehurst, NC CSA" }, "geometry": { "type": "Polygon", "coordinates": [ [ [ 1452415.233025930356234, 1508384.056196379708126 ], [ 1453429.170377464964986, 1504498.210920781362802 ], [ 1455138.381531194783747, 1501187.779193688416854 ], [ 1461571.429686617106199, 1486089.123784460593015 ], [ 1461872.673446944914758, 1483257.103785438463092 ], [ 1463579.658300592098385, 1480785.78086760500446 ], [ 1465971.178641908336431, 1480459.073582824319601 ], [ 1468170.078862775117159, 1475045.093269280390814 ], [ 1472413.822812400758266, 1472338.933966757496819 ], [ 1470344.771342617925256, 1471305.516914365580305 ], [ 1467215.527171407127753, 1472767.500693200388923 ], [ 1460500.470997900702059, 1471335.421536728041247 ], [ 1451233.925331978593022, 1470973.048022531205788 ], [ 1447438.088132597506046, 1467808.946002584882081 ], [ 1443326.373961060773581, 1467385.277584686409682 ], [ 1439948.60203149379231, 1466167.446064230287448 ], [ 1436843.171771046007052, 1463219.8780980524607 ], [ 1432046.258279281202704, 1463075.579660132294521 ], [ 1433644.006087370915338, 1459617.44621864752844 ], [ 1437711.518072163686156, 1458016.14983518072404 ], [ 1440466.771368446061388, 1457978.704759539104998 ], [ 1441600.599806297104806, 1460087.44210768234916 ], [ 1444019.012628425844014, 1462329.757061190903187 ], [ 1446051.927350558107719, 1462317.670899670105428 ], [ 1447585.905536021804437, 1459895.27929288870655 ], [ 1448426.737279204186052, 1457073.259973307838663 ], [ 1451412.123072662623599, 1455458.287140438333154 ], [ 1450359.26364953815937, 1450367.939575084485114 ], [ 1454046.206917177187279, 1447922.682242335285991 ], [ 1453774.125664117513224, 1444902.121704947436228 ], [ 1456538.102845769375563, 1440948.144793633371592 ], [ 1456701.091937680961564, 1439502.074495926499367 ], [ 1454652.371008401503786, 1435566.631936445133761 ], [ 1453057.809881787514314, 1434346.345329330069944 ], [ 1452550.711173204472288, 1429773.479108807630837 ], [ 1451561.899082020623609, 1428200.620018160901964 ], [ 1474143.204899512929842, 1431882.288039759499952 ], [ 1507531.196006402838975, 1408278.591410314198583 ], [ 1519137.356848180294037, 1399483.062640223884955 ], [ 1538137.116215454414487, 1385794.818973408313468 ], [ 1538138.311252406332642, 1385793.954960924340412 ], [ 1539605.647438322193921, 1387828.539414434926584 ], [ 1540819.33078578975983, 1387887.788354771910235 ], [ 1541258.122251573484391, 1392305.517100714845583 ], [ 1543150.88219264568761, 1394035.556060204980895 ], [ 1542032.169991646427661, 1395702.177757350495085 ], [ 1543136.527431654976681, 1397292.586550405249 ], [ 1545449.964916139142588, 1398248.825791725423187 ], [ 1544582.84036758961156, 1401550.2002909691073 ], [ 1545892.321958983549848, 1404175.881650415249169 ], [ 1550645.302716912468895, 1406557.598580869613215 ], [ 1552585.717547808308154, 1409216.541066372068599 ], [ 1552832.591576443053782, 1411038.488644669530913 ], [ 1554233.980752643663436, 1411987.144072544295341 ], [ 1552915.408179706195369, 1414021.191360533237457 ], [ 1551980.441336722578853, 1417041.881643841974437 ], [ 1552012.272079158108681, 1419311.122023443691432 ], [ 1552997.776384570170194, 1420225.990905262297019 ], [ 1553467.617000327212736, 1423749.3066376009956 ], [ 1552947.867877986514941, 1425104.498191085644066 ], [ 1554245.628998717293143, 1430650.479188531404361 ], [ 1554138.921749729895964, 1433051.025545286480337 ], [ 1552299.90519954287447, 1435007.631712124450132 ], [ 1548871.733585587702692, 1437340.028867674758658 ], [ 1547359.647616147762164, 1440962.54907258041203 ], [ 1545791.626630342099816, 1442721.85813162336126 ], [ 1542624.564000443788245, 1447518.258605297654867 ], [ 1548971.880458637373522, 1450429.291497079422697 ], [ 1575164.052786973537877, 1455305.883573224069551 ], [ 1576831.928142368793488, 1455023.256432513706386 ], [ 1578531.397468954790384, 1456507.531371960882097 ], [ 1576626.614166960585862, 1457621.444961151108146 ], [ 1576098.270938031841069, 1459102.213557756505907 ], [ 1573126.025977763114497, 1460562.43885242450051 ], [ 1569922.772752123186365, 1464144.996598133118823 ], [ 1566487.389603591524065, 1465357.371145007899031 ], [ 1562184.641961469082162, 1468958.427253726869822 ], [ 1562038.061718998244032, 1470768.521347885485739 ], [ 1560063.071024181088433, 1474321.34404468536377 ], [ 1559011.759145103627816, 1478155.102135819382966 ], [ 1559327.760358959203586, 1483558.889283299213275 ], [ 1560064.185039049945772, 1485548.710339853772894 ], [ 1558869.80710951029323, 1491742.611760907107964 ], [ 1559893.916801856830716, 1492627.919362789252773 ], [ 1559689.020768269430846, 1497339.795999308582395 ], [ 1550438.013635410927236, 1497226.938297033309937 ], [ 1549603.335588395595551, 1497891.183476159116253 ], [ 1545856.188998770900071, 1496367.620182967046276 ], [ 1543633.368490181630477, 1496690.408198048593476 ], [ 1537482.20918879751116, 1493182.207307432079688 ], [ 1536629.266447316389531, 1491368.85320436861366 ], [ 1531399.862309514312074, 1489148.393260209355503 ], [ 1525393.712914901785553, 1487153.059057692764327 ], [ 1518260.752753000240773, 1483681.238758804509416 ], [ 1512866.423017787281424, 1485206.561663254629821 ], [ 1511138.405580944847316, 1487958.322350062197074 ], [ 1508411.116266135592014, 1488528.366886406438425 ], [ 1505459.454438087064773, 1490036.614570372505113 ], [ 1508194.912349387770519, 1494962.200361510971561 ], [ 1504447.478474324336275, 1496245.606088215485215 ], [ 1499300.598331542452797, 1498629.274335582507774 ], [ 1498536.942376697203144, 1501135.069207868073136 ], [ 1496585.786400673445314, 1503402.744920156896114 ], [ 1494968.006814518710598, 1504128.749020986026153 ], [ 1492995.273467108607292, 1506777.556023238925263 ], [ 1489889.676051783608273, 1509607.980595929315314 ], [ 1490949.469280550722033, 1513560.627518092980608 ], [ 1489301.105349159566686, 1515570.517914793686941 ], [ 1471141.203268831595778, 1512039.422930653905496 ], [ 1452415.233025930356234, 1508384.056196379708126 ] ] ] } },
{ "type": "Feature", "properties": { "csa_geoid": "248", "csa_name": "Findlay-Tiffin, OH CSA" }, "geometry": { "type": "Polygon", "coordinates": [ [ [ 1042921.269389166613109, 2096559.638255361933261 ], [ 1044110.214089661953039, 2086866.830237038433552 ], [ 1037616.422624911181629, 2085888.760111273033544 ], [ 1018822.884120485628955, 2083738.841577258426696 ], [ 1006116.557954052346759, 2082019.721983234398067 ], [ 1009699.608683785190806, 2054551.628240671707317 ], [ 1011161.025374309159815, 2043391.210014851531014 ], [ 1030135.90390823839698, 2045798.773812119150534 ], [ 1041398.183340349583887, 2047125.826613205950707 ], [ 1040217.944556868984364, 2056795.210861426312476 ], [ 1043366.762992377625778, 2057194.876536844065413 ], [ 1042723.656137655838393, 2062013.787290568463504 ], [ 1044303.707915822975338, 2062238.965789143927395 ], [ 1043653.826300356769934, 2067027.323437357554212 ], [ 1072170.515986890299246, 2071066.224827625555918 ], [ 1093624.464138120179996, 2074047.555305197136477 ], [ 1095535.185745296999812, 2074648.810719007160515 ], [ 1090662.861316141206771, 2103215.663934912066907 ], [ 1066635.979310994502157, 2100024.29569415608421 ], [ 1059695.629471659194678, 2098726.676340822596103 ], [ 1050875.885934118181467, 2097723.023933446966112 ], [ 1042921.269389166613109, 2096559.638255361933261 ] ] ] } },
{ "type": "Feature", "properties": { "csa_geoid": "250", "csa_name": "Florence-Muscle Shoals-Russellville, AL CSA" }, "geometry": { "type": "Polygon", "coordinates": [ [ [ 713866.801591092720628, 1280275.583048218395561 ], [ 727164.251419515931047, 1280772.772314602509141 ], [ 745803.016253251000308, 1281843.788457538699731 ], [ 754256.996092364308424, 1282484.849986197426915 ], [ 772613.878348927479237, 1283478.473182594636455 ], [ 771215.806483760592528, 1298131.145389216020703 ], [ 770006.360459831892513, 1312712.537107916083187 ], [ 771862.2154369589407, 1314994.454915749141946 ], [ 771158.734632203355432, 1315923.479001256637275 ], [ 771815.460274855024181, 1318436.450717288767919 ], [ 773185.096556993201375, 1319812.609420196618885 ], [ 773363.33923305675853, 1322096.49474093108438 ], [ 776447.761006380314939, 1322477.964752396801487 ], [ 776765.313872484955937, 1325462.033324310090393 ], [ 775844.676104940823279, 1327746.865012985654175 ], [ 777250.506427095620893, 1330253.129092436050996 ], [ 777374.991025414317846, 1334130.35206303675659 ], [ 776564.955906081246212, 1336495.120320486370474 ], [ 777011.377214858192019, 1339501.558211616007611 ], [ 782045.892234055674635, 1340516.732240603305399 ], [ 784484.289443749701604, 1339784.440097815124318 ], [ 789137.782362063648179, 1335079.379726028302684 ], [ 792424.077156683779322, 1336259.539386970922351 ], [ 790677.236644180258736, 1337776.512020767200738 ], [ 795965.737570657161996, 1343069.371945436578244 ], [ 794453.597387808258645, 1363455.725138124777004 ], [ 793252.240824996843003, 1363378.396205327939242 ], [ 774778.024591966765001, 1362077.234166431240737 ], [ 758761.516255326918326, 1360738.959067109040916 ], [ 723223.633407573914155, 1357924.036913465708494 ], [ 704900.9243034850806, 1356632.203398812562227 ], [ 705429.544721541809849, 1354785.618082942441106 ], [ 707741.842413076432422, 1351757.248186356853694 ], [ 710051.499681357177906, 1347443.423004174372181 ], [ 711806.959795807604678, 1345927.406353224301711 ], [ 715454.518613212974742, 1344502.973200150998309 ], [ 715156.986363742151298, 1325630.277758030453697 ], [ 714661.315322043607011, 1314182.736557002179325 ], [ 714134.406406974070705, 1296247.009066839003935 ], [ 713866.801591092720628, 1280275.583048218395561 ] ] ] } },
{ "type": "Feature", "properties": { "csa_geoid": "258", "csa_name": "Fort Wayne-Huntington-Auburn, IN CSA" }, "geometry": { "type": "Polygon", "coordinates": [ [ [ 855179.639326632255688, 2104171.784825190436095 ], [ 857398.564960220479406, 2085030.590100839501247 ], [ 858605.463637886336073, 2075543.104290147079155 ], [ 859541.780608415720053, 2065815.583756304811686 ], [ 856741.576193255023099, 2065497.263420881703496 ], [ 858536.581085716374218, 2050864.519490328850225 ], [ 859161.658226415980607, 2045885.823599491966888 ], [ 862421.444639525725506, 2046286.390911277616397 ], [ 867112.268816606025212, 2007462.440277252113447 ], [ 882922.173660832690075, 2009262.886425745673478 ], [ 884148.965032121283002, 1999630.994571019196883 ], [ 906137.358033300610259, 2002150.416532973526046 ], [ 914299.527611023979262, 2003172.734562997706234 ], [ 937836.378852219553664, 2006397.396901343716308 ], [ 934847.117439475143328, 2031818.986690920311958 ], [ 932279.954593512578867, 2052787.214826612966135 ], [ 926328.458594551193528, 2102526.76892894692719 ], [ 923021.859470972442068, 2128927.31092539196834 ], [ 921922.539737154031172, 2138446.125390786677599 ], [ 908248.615456857602112, 2136744.37347298162058 ], [ 889877.07268402306363, 2134666.555651608388871 ], [ 893041.869387840968557, 2108762.345204254612327 ], [ 863094.932976275100373, 2105193.482306769583374 ], [ 855179.639326632255688, 2104171.784825190436095 ] ] ] } },
{ "type": "Feature", "properties": { "csa_geoid": "260", "csa_name": "Fresno-Hanford-Corcoran, CA CSA" }, "geometry": { "type": "Polygon", "coordinates": [ [ [ -2092740.047567378729582, 1837523.703933074371889 ], [ -2097537.304102152120322, 1836986.946643019095063 ], [ -2108213.103122893720865, 1839259.197840222390369 ], [ -2112684.573739106301218, 1839129.949426598846912 ], [ -2121031.711839728988707, 1837549.649219749262556 ], [ -2122729.578851420432329, 1838559.897253008792177 ], [ -2129248.938880822155625, 1837293.513048984808847 ], [ -2131349.099222482182086, 1837558.72388299042359 ], [ -2144176.123334152624011, 1829949.469379933085293 ], [ -2145164.582849617581815, 1824547.553315483499318 ], [ -2150734.503123155329376, 1826046.055394432507455 ], [ -2179302.136857319157571, 1809034.538072134368122 ], [ -2176662.061602620407939, 1804286.492403958458453 ], [ -2159605.059736307710409, 1774549.941404325887561 ], [ -2159043.142381998244673, 1774400.332971344003454 ], [ -2163572.024657871108502, 1757089.007461562985554 ], [ -2166780.387107848189771, 1756597.2534388191998 ], [ -2169701.086489924695343, 1757079.808637761510909 ], [ -2171959.438807941973209, 1755368.354967552470043 ], [ -2172383.308245606720448, 1752337.783955360297114 ], [ -2173116.000062841922045, 1750685.534476638305932 ], [ -2169776.617247605696321, 1744219.106045119697228 ], [ -2170907.702880875673145, 1743859.965323017910123 ], [ -2173183.248453984968364, 1741008.633038819767535 ], [ -2174540.095979191362858, 1740540.696742334868759 ], [ -2174396.007103685289621, 1734409.416182684479281 ], [ -2169989.154557608067989, 1731369.332593671511859 ], [ -2170550.898221519310027, 1729142.595753653440624 ], [ -2167089.447206386830658, 1724212.219857584452257 ], [ -2162516.578232383355498, 1719939.086987233487889 ], [ -2162096.642562480643392, 1717994.647086844779551 ], [ -2160631.386395318433642, 1716924.037937110755593 ], [ -2159748.071182696614414, 1714433.934473551576957 ], [ -2157360.16102994279936, 1714440.014560368610546 ], [ -2153595.801926301792264, 1712296.179970298195258 ], [ -2153723.986376005224884, 1710435.807074276497588 ], [ -2152377.672640832606703, 1708677.16877544648014 ], [ -2152047.044938825536519, 1705456.94096793490462 ], [ -2147932.986467984970659, 1704039.194580598035827 ], [ -2145918.521651388145983, 1700248.679946762509644 ], [ -2148107.929319851100445, 1697192.97861022176221 ], [ -2147544.378537656739354, 1694460.973602519137785 ], [ -2145601.778246534522623, 1693440.162627409910783 ], [ -2145876.325967013370246, 1690009.821015135617927 ], [ -2104230.278003452345729, 1679237.099916425067931 ], [ -2087211.713737845886499, 1675024.733998423442245 ], [ -2083197.561844744021073, 1690743.388062852900475 ], [ -2082279.953781076008454, 1693818.32975698588416 ], [ -2077507.850062811281532, 1712765.890907227993011 ], [ -2076881.414151742355898, 1712609.944104809546843 ], [ -2073278.865838302765042, 1726940.770640447968617 ], [ -2068575.740687873680145, 1725658.065758850891143 ], [ -2064987.151828680420294, 1739992.790502336807549 ], [ -2069617.290076948469505, 1741220.908740932587534 ], [ -2067210.757474329555407, 1750558.233356754761189 ], [ -2071039.746430976316333, 1751676.090007517486811 ], [ -2059476.683962966315448, 1758737.675603922456503 ], [ -2045654.46237583598122, 1755091.192316439002752 ], [ -2043250.485309778014198, 1764522.793521847575903 ], [ -2037042.063435490941629, 1762979.876712002558634 ], [ -2024753.996160780778155, 1759558.603739753831178 ], [ -2015853.430804225616157, 1757316.001848934683949 ], [ -2013385.270912335021421, 1766457.56430830899626 ], [ -1993555.381781542906538, 1761366.565342235844582 ], [ -1976720.500713147921488, 1757211.878711449913681 ], [ -1976611.98642840096727, 1757832.042616380378604 ], [ -1959849.239625399000943, 1753798.391559824114665 ], [ -1960456.124715643236414, 1754584.600189356831834 ], [ -1960559.777023767121136, 1758284.825544761028141 ], [ -1959565.661204459611326, 1760152.836056161904708 ], [ -1960425.899715484818444, 1762589.348858426092193 ], [ -1960012.943766776006669, 1764171.779491640860215 ], [ -1957304.782044138060883, 1764766.807573869125918 ], [ -1957373.064588558394462, 1767641.61667975015007 ], [ -1956136.218898164806888, 1769379.341334777651355 ], [ -1957853.968889134470373, 1780484.835053391056135 ], [ -1957654.463875464862213, 1782490.665962160099298 ], [ -1958646.265322407940403, 1784298.333488 ], [ -1957860.324683992890641, 1785536.759521512780339 ], [ -1958958.457766775973141, 1788181.078474651090801 ], [ -1958177.054694337071851, 1789699.333523188484833 ], [ -1960581.246824261033908, 1791076.51257109711878 ], [ -1962895.721867647953331, 1794916.844470486510545 ], [ -1964441.549558547092602, 1795651.196701056323946 ], [ -1965395.46160165197216, 1797636.56645828508772 ], [ -1967955.799595865653828, 1798453.914314015768468 ], [ -1969427.464384848019108, 1801445.032481212867424 ], [ -1971096.122391765005887, 1802409.24611386610195 ], [ -1974626.287904091179371, 1803130.805185258854181 ], [ -1975432.749121888773516, 1806401.410806581610814 ], [ -1974389.981729705585167, 1808632.357642241055146 ], [ -1975257.121736107161269, 1810593.559356819605455 ], [ -1974517.048210285604, 1814751.122833319706842 ], [ -1972375.273624413646758, 1816327.986288244370371 ], [ -1974932.833233061246574, 1824700.865978952730075 ], [ -1977324.802759100450203, 1823787.929283977020532 ], [ -1980559.360853239195421, 1827824.370889278827235 ], [ -1978434.768538341159001, 1830234.558269413886592 ], [ -1979492.004353942815214, 1833406.935308667132631 ], [ -1977881.232220857637003, 1836202.595348025206476 ], [ -1975793.68661610269919, 1837295.598313337890431 ], [ -1977474.965358339250088, 1843797.708091716049239 ], [ -1979164.88981495751068, 1844146.030419388785958 ], [ -1982458.446696620900184, 1843567.064532643649727 ], [ -1982646.168268263107166, 1846583.143854651134461 ], [ -1984188.421004181494936, 1847977.246410458814353 ], [ -1986136.369655600050464, 1853072.135837217094377 ], [ -1987236.255722132511437, 1853181.134665012359619 ], [ -1988737.76969003607519, 1855501.384814254473895 ], [ -1989912.705411251634359, 1854902.234555673552677 ], [ -1992808.896821985486895, 1857117.249938502442092 ], [ -1994664.001391102094203, 1861315.804732715245336 ], [ -1993784.990985649637878, 1864215.467392817605287 ], [ -1995496.72036909032613, 1867790.672664299141616 ], [ -1995096.407956199953333, 1870776.855407545110211 ], [ -1996952.844016076298431, 1873438.790512562030926 ], [ -1998777.566962026292458, 1877392.271471722982824 ], [ -2002316.15785666112788, 1878766.425963208079338 ], [ -2004988.171377705642954, 1879249.937724904855713 ], [ -2007110.286353384843096, 1877175.958475241903216 ], [ -2008981.948553562397137, 1879308.919050331925973 ], [ -2012373.640657519223168, 1882060.401918199146166 ], [ -2012174.314093583263457, 1884656.066018522018567 ], [ -2013222.182262168033049, 1886080.187591162044555 ], [ -2042444.39512901683338, 1868284.788553025107831 ], [ -2044305.154375350801274, 1861167.580592746846378 ], [ -2046931.067956605693325, 1861831.685587530722842 ], [ -2047874.490982168819755, 1858237.203302114503458 ], [ -2050908.938058105297387, 1858988.003894698107615 ], [ -2052111.834205555496737, 1854261.591596668353304 ], [ -2061529.219313341658562, 1856577.743417294928804 ], [ -2092740.047567378729582, 1837523.703933074371889 ] ] ] } },
{ "type": "Feature", "properties": { "csa_geoid": "264", "csa_name": "Gainesville-Lake City, FL CSA" }, "geometry": { "type": "Polygon", "coordinates": [ [ [ 1291418.812801014864817, 926411.349302691174671 ], [ 1269442.457340332213789, 924795.094584064441733 ], [ 1268177.629238665103912, 921984.468306602211669 ], [ 1266524.171770271612331, 920092.583148774807341 ], [ 1268094.908590350300074, 917211.932774506392889 ], [ 1268457.094282965641469, 914303.954770136857405 ], [ 1270844.449150110827759, 911069.807664587977342 ], [ 1274767.614735826849937, 907927.33647978596855 ], [ 1276586.553286652080715, 904339.111042344011366 ], [ 1275654.412173828110099, 902532.78961854998488 ], [ 1275558.539590754080564, 900148.241555160027929 ], [ 1273478.729697247501463, 897946.274078950285912 ], [ 1274162.480973669094965, 896861.59925331058912 ], [ 1271043.679813157301396, 894020.669749764725566 ], [ 1269150.980732559924945, 894535.10816703364253 ], [ 1266913.131788804894313, 893761.701744449674152 ], [ 1263909.707348899915814, 893594.489361227024347 ], [ 1264264.773753589484841, 889044.909925503190607 ], [ 1268952.695351043948904, 856153.966651215218008 ], [ 1272156.912073632003739, 856603.033219765056856 ], [ 1272321.859601470408961, 854180.315709629678167 ], [ 1270800.562904260586947, 853253.878334789536893 ], [ 1268904.785295378649607, 849964.203612938639708 ], [ 1266497.525085786590353, 847588.313089310890064 ], [ 1263486.199661866296083, 846971.930658862460405 ], [ 1262572.683485798770562, 844055.77090643288102 ], [ 1262986.485716445138678, 841963.308605238329619 ], [ 1261947.480819132877514, 837507.730398259824142 ], [ 1259328.757756151258945, 836661.060022139223292 ], [ 1258141.106162890093401, 834851.847966937115416 ], [ 1259800.942225892096758, 833423.758680698811077 ], [ 1258525.667243013158441, 832323.192401124048047 ], [ 1257625.327112953178585, 829927.365044828038663 ], [ 1258823.790623222477734, 827671.714454358792864 ], [ 1258784.025393640622497, 824969.894114884315059 ], [ 1257692.282459939597175, 822339.403806378482841 ], [ 1258659.034124665893614, 815826.244763974216767 ], [ 1257406.891387731069699, 814268.162315299501643 ], [ 1257657.396409867797047, 812340.344884824473411 ], [ 1259331.820661616511643, 810323.532366663450375 ], [ 1260806.47828941908665, 810117.903779214480892 ], [ 1260580.781937760999426, 806828.144560773042031 ], [ 1258243.757575749885291, 804773.640268090064637 ], [ 1258106.559693906921893, 802127.977753071696497 ], [ 1258574.08657835633494, 797028.002535910345614 ], [ 1256217.55675031687133, 793894.87032019009348 ], [ 1256257.386500799562782, 791305.53152368683368 ], [ 1254873.678156498586759, 787255.599927581497468 ], [ 1252318.176322131417692, 785314.811434759409167 ], [ 1252397.347895887913182, 781967.511106200516224 ], [ 1247889.543498629704118, 778354.516941486275755 ], [ 1245857.100508691510186, 778841.524978089728393 ], [ 1244401.100092828506604, 776211.879856275045313 ], [ 1247880.788749533705413, 774069.882622314034961 ], [ 1250709.97223537764512, 773728.841830817749724 ], [ 1252886.853851985186338, 772124.423042867099866 ], [ 1252724.182897159131244, 766980.286111822235398 ], [ 1254952.818378001218662, 763861.725323406979442 ], [ 1255291.182545293588191, 761028.148534097592346 ], [ 1256769.811455081915483, 758634.421816642978229 ], [ 1260062.972092430805787, 760154.14289298269432 ], [ 1261504.986702623777092, 762348.63511003984604 ], [ 1261694.91024637920782, 764253.795014285831712 ], [ 1266928.163629620335996, 764271.035580096533522 ], [ 1269086.578583687311038, 764787.487220545415767 ], [ 1273701.040060641942546, 764269.917381933890283 ], [ 1275414.136200464796275, 764827.975646298611537 ], [ 1277837.354205007664859, 764343.080169537803158 ], [ 1279680.17830076161772, 765448.099222147022374 ], [ 1280807.381429539993405, 763829.964303964399733 ], [ 1281552.423125900095329, 760579.189818321494386 ], [ 1280465.313305699266493, 758796.033042514580302 ], [ 1280890.295773671241477, 755610.128658204339445 ], [ 1284044.897169246338308, 755633.109464207198471 ], [ 1286175.918424360454082, 754282.339999949908815 ], [ 1288440.726383050438017, 749069.9356399505632 ], [ 1291533.55967017589137, 752386.815575020271353 ], [ 1293631.256119360914454, 753032.050721826613881 ], [ 1301464.912809431087226, 751378.802678855834529 ], [ 1302980.034842219902202, 753916.201760084251873 ], [ 1304617.491693900898099, 753928.135661441949196 ], [ 1308350.197613276308402, 756337.481802303809673 ], [ 1305764.863725576084107, 774966.471044715377502 ], [ 1318427.156982199056074, 776887.15011647506617 ], [ 1316666.376799299614504, 787776.71475029620342 ], [ 1313845.709364884067327, 806388.885363824781962 ], [ 1332551.748362069949508, 808995.120545543381013 ], [ 1333607.55309352139011, 802922.447089455439709 ], [ 1335317.077067517442629, 802325.562715816893615 ], [ 1339917.498183115152642, 803282.554007627302781 ], [ 1343917.474740636069328, 805534.735114548821002 ], [ 1348228.159577227663249, 806566.680361365084536 ], [ 1347727.429752422962338, 809784.871512772282586 ], [ 1344881.126358708366752, 828877.022870840039104 ], [ 1344367.210879128426313, 836436.102793031721376 ], [ 1343749.94638357590884, 836879.036372444126755 ], [ 1343049.607484929263592, 840092.836132348282263 ], [ 1341035.603986071655527, 841296.16906940669287 ], [ 1340545.040258289081976, 842882.738479108316824 ], [ 1337583.832806782331318, 843240.087950254557654 ], [ 1335798.000475792447105, 845466.703778455266729 ], [ 1334436.371433139313012, 848704.092020435607992 ], [ 1330590.362719962839037, 848254.854515128885396 ], [ 1328781.062416149070486, 849235.615382501622662 ], [ 1324694.062299795914441, 848325.657942352001555 ], [ 1323565.666376176290214, 848956.508652431075461 ], [ 1321051.667491730069742, 847559.859654481057078 ], [ 1317735.03713212092407, 848195.827502509928308 ], [ 1314468.522445740643889, 850585.640971334185451 ], [ 1309407.077111391816288, 850211.680177529458888 ], [ 1307987.810172788100317, 850917.59040448628366 ], [ 1306538.270221428479999, 854133.919515871326439 ], [ 1304269.907790689030662, 854780.92566811805591 ], [ 1295354.270319161005318, 855295.966703109559603 ], [ 1294270.715010384330526, 856609.964561210712418 ], [ 1290576.077846638159826, 857946.762785197002813 ], [ 1289687.462818766478449, 859599.92737639695406 ], [ 1289798.209065490402281, 861840.522474633064121 ], [ 1292909.757996982894838, 863922.235141927958466 ], [ 1292553.506440913071856, 867205.191647771862336 ], [ 1293788.164027910213917, 869730.167355039622635 ], [ 1295491.437112914165482, 871409.969113997067325 ], [ 1299330.480683963047341, 873839.454848903347738 ], [ 1298617.259259020211175, 877198.266589242499322 ], [ 1296794.576547542354092, 890482.721407652832568 ], [ 1291418.812801014864817, 926411.349302691174671 ] ] ] } },
{ "type": "Feature", "properties": { "csa_geoid": "266", "csa_name": "Grand Rapids-Wyoming, MI CSA" }, "geometry": { "type": "Polygon", "coordinates": [ [ [ 872438.480909095611423, 2363677.092517483048141 ], [ 865387.645848463755101, 2362861.917809069156647 ], [ 834702.319860635907389, 2359623.411344679538161 ], [ 841070.056088797631674, 2301801.653971263673156 ], [ 821174.920815056189895, 2299482.846011482179165 ], [ 802832.514130782452412, 2297597.602163599338382 ], [ 800757.856527607189491, 2316904.143269495572895 ], [ 785677.468530329875648, 2315528.325801310129464 ], [ 772048.212931072223, 2314504.186178389936686 ], [ 766890.044016301864758, 2313964.93270783033222 ], [ 770747.296049833181314, 2303427.414331041742116 ], [ 773919.690009815036319, 2297159.529624698683619 ], [ 780760.544074106612243, 2285945.157833614386618 ], [ 785208.431011937791482, 2278082.605499803088605 ], [ 787911.916636868845671, 2272453.852487486321479 ], [ 791286.10826710157562, 2262119.427156513556838 ], [ 792895.988023501704447, 2254504.98253413522616 ], [ 794107.137115598656237, 2247511.446801538579166 ], [ 794941.805608537280932, 2238709.838418217841536 ], [ 796096.78476652293466, 2231303.196082045324147 ], [ 795796.060165807721205, 2225766.774216650985181 ], [ 795101.790230601211078, 2223125.132924239616841 ], [ 795856.79091273015365, 2218383.608439566101879 ], [ 795264.957180630066432, 2212168.386538819409907 ], [ 795352.806269498891197, 2206570.628749494906515 ], [ 794903.380336135509424, 2202418.092436959501356 ], [ 793954.292446314706467, 2198466.677652636542916 ], [ 815279.720791117637418, 2200644.346018829848617 ], [ 835335.403218494844623, 2202989.829224662855268 ], [ 854783.045337759074755, 2205206.494486955460161 ], [ 873205.864434877410531, 2207080.924420361872762 ], [ 891649.758049612981267, 2209366.630123686045408 ], [ 890061.417402662336826, 2221290.653508245944977 ], [ 887965.691186262643896, 2238441.248460773844272 ], [ 886956.040520648355596, 2248133.993596157059073 ], [ 906125.072771617444232, 2250337.501963373739272 ], [ 902649.337079279590398, 2279421.244291628710926 ], [ 901579.651368706603535, 2288991.26782171940431 ], [ 899437.930824271054007, 2308231.472843342926353 ], [ 898614.130041785654612, 2308137.773843983653933 ], [ 896309.125902574975044, 2327418.077250011730939 ], [ 877186.041490203468129, 2325191.215915509033948 ], [ 872438.480909095611423, 2363677.092517483048141 ] ] ] } },
{ "type": "Feature", "properties": { "csa_geoid": "267", "csa_name": "Green Bay-Shawano, WI CSA" }, "geometry": { "type": "Polygon", "coordinates": [ [ [ 632877.919418142875656, 2387700.423228639643639 ], [ 645194.329042337602004, 2388681.862610308919102 ], [ 644410.895832166774198, 2398361.022261704783887 ], [ 671712.070607887580991, 2400738.561769573017955 ], [ 673241.811047403491102, 2406266.121486591175199 ], [ 673027.343813194311224, 2408334.523379608057439 ], [ 673890.735879535786808, 2413013.15587135637179 ], [ 674572.65529207221698, 2421560.631553206127137 ], [ 675400.042034196085297, 2426172.708982693962753 ], [ 677283.20515565329697, 2432286.180495870765299 ], [ 679591.519190827966668, 2434968.803591863252223 ], [ 681496.851943767629564, 2440531.602987973485142 ], [ 670133.062384733231738, 2439484.790595021564513 ], [ 653029.086947792558931, 2438178.334180624224246 ], [ 651026.776797736994922, 2434091.340665909927338 ], [ 647686.44663850532379, 2433166.444492734503001 ], [ 645339.930909810238518, 2430992.30013139359653 ], [ 644079.660766171989962, 2430997.06255070399493 ], [ 641898.487987423082814, 2427744.211249920539558 ], [ 639154.614249426638708, 2421216.98556139646098 ], [ 635913.723457252723165, 2420304.446589265484363 ], [ 633328.388102317694575, 2421021.62501978687942 ], [ 630724.365778609993868, 2423063.021103927399963 ], [ 630165.366118965437636, 2424935.533700531348586 ], [ 631903.332025781273842, 2426140.66939341230318 ], [ 631874.191481749061495, 2432878.711699453182518 ], [ 632893.847873082617298, 2437632.350174770224839 ], [ 633174.697937846533023, 2441472.584797533228993 ], [ 634075.605783212115057, 2443554.766471361741424 ], [ 636563.819453479954973, 2446669.383141029626131 ], [ 637603.502729700645432, 2450614.078393840231001 ], [ 639009.168048740830272, 2454002.429599604103714 ], [ 641168.528604596620426, 2455662.61270338203758 ], [ 643449.647763496497646, 2461748.876440347637981 ], [ 642195.010172779089771, 2464226.694976576603949 ], [ 642454.815945730428211, 2465839.673965464811772 ], [ 644314.482339375535958, 2468373.767459203954786 ], [ 648160.96824110171292, 2470114.007590756751597 ], [ 648116.785606413264759, 2472782.241265316028148 ], [ 638441.80706911010202, 2471939.761664392892271 ], [ 633626.780342579237185, 2471819.11796991340816 ], [ 633482.035864694626071, 2474862.422029174864292 ], [ 619477.76796528196428, 2474038.68940048944205 ], [ 618857.796503303921781, 2483657.325428324285895 ], [ 613329.675358086708002, 2483383.737116097938269 ], [ 612769.402918105013669, 2492950.883246816229075 ], [ 603135.037591373664327, 2492565.631446545477957 ], [ 601834.025788922677748, 2511757.4540403499268 ], [ 592267.061949895462021, 2511261.983025873545557 ], [ 572745.616167447064072, 2509915.682798876892775 ], [ 574070.219976285123266, 2490646.300609139259905 ], [ 577350.610231695114635, 2490880.232388758566231 ], [ 577869.636787760886364, 2481161.611586984712631 ], [ 551137.21066235715989, 2479178.875698762014508 ], [ 551905.194858787348494, 2469327.128512289840728 ], [ 532894.561557334498502, 2467981.664973852224648 ], [ 535658.849430516245775, 2429356.02212934428826 ], [ 557599.096893398556858, 2430759.173600669018924 ], [ 584489.369331000489183, 2432664.717748441267759 ], [ 585176.643311532679945, 2422908.509326448198408 ], [ 602505.888850358664058, 2424041.971387258265167 ], [ 613728.117861347855069, 2424544.348506479524076 ], [ 618031.766161024104804, 2425126.996288646943867 ], [ 620720.550364554394037, 2392032.367006277199835 ], [ 621015.502739805495366, 2386818.195877331309021 ], [ 632877.919418142875656, 2387700.423228639643639 ] ] ] } },
{ "type": "Feature", "properties": { "csa_geoid": "268", "csa_name": "Greensboro--Winston-Salem--High Point, NC CSA" }, "geometry": { "type": "Polygon", "coordinates": [ [ [ 1415801.115760862827301, 1501318.245682086329907 ], [ 1426033.731684241443872, 1503215.097616069251671 ], [ 1440623.710728257894516, 1506174.952791190007702 ], [ 1452415.233025930356234, 1508384.056196379708126 ], [ 1471141.203268831595778, 1512039.422930653905496 ], [ 1469744.997761608101428, 1521368.702114292886108 ], [ 1468208.142230430617929, 1533569.328211488435045 ], [ 1465993.250453871442005, 1548447.612617678940296 ], [ 1492873.359897764166817, 1553301.549620629055426 ], [ 1491470.875666251406074, 1554499.61304394598119 ], [ 1491089.291251929011196, 1556854.977955215144902 ], [ 1489148.552610424347222, 1560584.479238425381482 ], [ 1483219.623550643911585, 1596990.32544659008272 ], [ 1459078.157449281075969, 1593436.977439610054716 ], [ 1455048.028433182975277, 1625832.644315372919664 ], [ 1422354.604216877603903, 1620406.105670923832804 ], [ 1401815.261403042823076, 1616894.24140516971238 ], [ 1386651.863961012102664, 1614501.881486528553069 ], [ 1350474.980017680441961, 1610631.348348712781444 ], [ 1338905.706019185716286, 1608398.133357223356143 ], [ 1333253.241226580459625, 1607788.969449904514477 ], [ 1332103.68957879091613, 1600724.466934508411214 ], [ 1328860.229126406833529, 1594803.8961064403411 ], [ 1331788.531675376696512, 1591369.125293276505545 ], [ 1330337.302488075103611, 1589203.0026596034877 ], [ 1334096.436708539025858, 1585824.081446742638946 ], [ 1336447.489541345508769, 1585537.882187775103375 ], [ 1337920.603275179397315, 1583487.70143696735613 ], [ 1340314.505701868794858, 1582227.13100896961987 ], [ 1343989.648947235895321, 1552107.849105969071388 ], [ 1360673.3037081847433, 1554295.857965438626707 ], [ 1362942.052014399087057, 1532168.095125807449222 ], [ 1365627.322284754365683, 1532931.568848880240694 ], [ 1366285.052042806288227, 1531981.967653322499245 ], [ 1369769.664323438191786, 1532457.009262721054256 ], [ 1372026.003082985989749, 1530926.418832424562424 ], [ 1375835.777769967447966, 1530026.18184038833715 ], [ 1378606.377319428604096, 1527837.471326876431704 ], [ 1384641.55605437560007, 1526846.177777179982513 ], [ 1387369.199835444567725, 1522887.318972558248788 ], [ 1391273.151242499239743, 1522019.737785517238081 ], [ 1392630.682912637246773, 1522506.773971185088158 ], [ 1395403.086585809011012, 1521968.603467460488901 ], [ 1397839.994807166513056, 1522967.826798584777862 ], [ 1399269.81227198196575, 1522138.601753352908418 ], [ 1399461.73886921396479, 1518409.049923181300983 ], [ 1401769.128636383684352, 1517304.09693167405203 ], [ 1404006.766121770022437, 1514233.574808076955378 ], [ 1406177.306767482077703, 1513944.626656903885305 ], [ 1409535.843162172939628, 1510966.335137646179646 ], [ 1412039.599532458931208, 1509447.764926011906937 ], [ 1412382.34736612951383, 1506569.022682113107294 ], [ 1415801.115760862827301, 1501318.245682086329907 ] ] ] } },
{ "type": "Feature", "properties": { "csa_geoid": "273", "csa_name": "Greenville-Spartanburg-Anderson, SC CSA" }, "geometry": { "type": "Polygon", "coordinates": [ [ [ 1278951.909967444837093, 1305010.44852891121991 ], [ 1280115.368874074425548, 1309335.89660561690107 ], [ 1283321.411953892325982, 1314393.28663596091792 ], [ 1285212.506893797777593, 1320555.787575367139652 ], [ 1286551.102301429957151, 1321207.568456098902971 ], [ 1287324.343668830115348, 1323916.116814462235197 ], [ 1288672.790318422485143, 1325476.256560566602275 ], [ 1285868.003142511704937, 1327053.88569943793118 ], [ 1282489.402768861502409, 1332002.07873002672568 ], [ 1280716.422903860919178, 1332561.91184196411632 ], [ 1282097.676032909192145, 1334640.96157405921258 ], [ 1283505.515489738900214, 1339775.34914343431592 ], [ 1283601.548453998286277, 1343996.001690806355327 ], [ 1284518.868157351389527, 1345429.495341706322506 ], [ 1286426.142346050823107, 1346119.96730326092802 ], [ 1288180.922355455113575, 1349465.074307630071416 ], [ 1290256.074355166871101, 1350314.296553365886211 ], [ 1292705.536257286323234, 1352665.2857653175015 ], [ 1293114.872014389606193, 1354859.221327071078122 ], [ 1294381.201370429014787, 1356702.833513669669628 ], [ 1294968.398313601035625, 1359169.764637030195445 ], [ 1296716.902300286339596, 1362834.794531038962305 ], [ 1298437.527909558499232, 1363813.714572766330093 ], [ 1300985.777253495762125, 1369779.165017372695729 ], [ 1302825.142178678885102, 1372566.281899721594527 ], [ 1304879.240709593752399, 1372624.548422243911773 ], [ 1308003.571046881144866, 1369883.85989764938131 ], [ 1311543.97975125326775, 1368160.364729943685234 ], [ 1312120.722327354829758, 1365468.548499798635021 ], [ 1313203.663299833890051, 1364822.531534332316369 ], [ 1317465.250101623358205, 1370565.564440956804901 ], [ 1319851.47231658315286, 1370590.40450356900692 ], [ 1322988.445306318812072, 1372716.174584298860282 ], [ 1321933.10665642679669, 1375721.734024950303137 ], [ 1321642.520951183512807, 1380490.310408916324377 ], [ 1321192.885530098807067, 1387388.521930621936917 ], [ 1318510.219392418861389, 1389252.988872806308791 ], [ 1317040.857801588485017, 1391454.966261917259544 ], [ 1316265.948272323235869, 1396510.950960725313053 ], [ 1313957.353099073516205, 1396488.988426768919453 ], [ 1313333.37243738071993, 1398716.23297848040238 ], [ 1315677.665433404035866, 1400945.529228738509119 ], [ 1314509.381761217489839, 1404911.100026133703068 ], [ 1311868.896205115830526, 1406846.030890718800947 ], [ 1313714.686941699357703, 1408578.712684862082824 ], [ 1314213.153658849885687, 1410388.865183760179207 ], [ 1312328.984649994410574, 1412654.094834493240342 ], [ 1311164.976045502349734, 1415566.949000559514388 ], [ 1311542.128811353584751, 1417762.730190341128036 ], [ 1310881.211173915304244, 1419967.404374742181972 ], [ 1309001.262163851410151, 1421002.94330165348947 ], [ 1309864.383011681493372, 1425185.191551005002111 ], [ 1307935.245049987919629, 1430149.808574703522027 ], [ 1309152.675192386610433, 1432447.48988794721663 ], [ 1314764.009477902203798, 1433199.861781547078863 ], [ 1313789.222915210062638, 1443217.896941523533314 ], [ 1316515.988834083545953, 1446811.67252958775498 ], [ 1280409.176811411278322, 1443040.175101798959076 ], [ 1243679.761388311395422, 1439095.173639406450093 ], [ 1234818.947642285609618, 1438512.155355043709278 ], [ 1230737.238019218901172, 1436191.502182833151892 ], [ 1227909.95650966418907, 1436622.779402307700366 ], [ 1226505.574313003569841, 1435201.699732250766829 ], [ 1224252.6303515965119, 1438714.753486298490316 ], [ 1221901.937166370917112, 1436478.738780030515045 ], [ 1220649.141527576837689, 1432596.027516894042492 ], [ 1218621.474641178036109, 1433693.215171188116074 ], [ 1215715.491315967636183, 1431735.962142462609336 ], [ 1211584.898797573987395, 1430870.319820972857997 ], [ 1209321.754417473915964, 1428648.505543987965211 ], [ 1205860.143900380469859, 1427452.736907734069973 ], [ 1199473.766458661062643, 1423060.247864253120497 ], [ 1193722.850876990007237, 1417715.225847981637344 ], [ 1192021.139710666844621, 1417038.800274680368602 ], [ 1191159.231290807714686, 1419342.449423325248063 ], [ 1171855.274435838451609, 1410114.700435359962285 ], [ 1163299.969660165952519, 1405975.41725294594653 ], [ 1164315.539416396990418, 1405052.719143543159589 ], [ 1162738.058571266476065, 1402178.261624098289758 ], [ 1164007.50673047429882, 1398676.794013211503625 ], [ 1160276.560083110583946, 1396045.298127504298463 ], [ 1159115.736125733703375, 1396081.614669273374602 ], [ 1156365.68623959668912, 1391294.25914159649983 ], [ 1153087.19460242590867, 1390592.903415519511327 ], [ 1152455.523115911521018, 1386755.485379066085443 ], [ 1151092.102232252713293, 1385506.648196707945317 ], [ 1147144.727805785136297, 1379644.011542677180842 ], [ 1147915.607644706731662, 1377195.760678217513487 ], [ 1147495.462092684349045, 1375555.8396374322474 ], [ 1145657.303196977125481, 1373706.229554017540067 ], [ 1145668.601144223706797, 1371398.635820479132235 ], [ 1147367.937605803599581, 1368355.365652750013396 ], [ 1150656.498103679157794, 1366807.615711439633742 ], [ 1151916.417535344604403, 1365254.324048120295629 ], [ 1155661.086184747284278, 1363817.710888857487589 ], [ 1158134.949569671181962, 1361227.809826393611729 ], [ 1161511.886587078915909, 1360805.880049408879131 ], [ 1163750.784614449832588, 1361561.15042307251133 ], [ 1164123.897264757659286, 1359760.84568444499746 ], [ 1166652.774346821708605, 1358118.419479596894234 ], [ 1167058.913809705525637, 1356930.71934894262813 ], [ 1170020.759526607580483, 1355604.202754384605214 ], [ 1170907.095055505400524, 1354090.646632859949023 ], [ 1172555.291243201121688, 1354134.488872717367485 ], [ 1174382.577980015892535, 1351129.803313102340326 ], [ 1181176.330240668030456, 1348711.974427801091224 ], [ 1181664.275972941890359, 1349526.977366743609309 ], [ 1185960.545522919623181, 1350847.139823179924861 ], [ 1189771.686538275098428, 1351515.915634544100612 ], [ 1193446.858256242936477, 1349040.882573811803013 ], [ 1197324.444481850601733, 1340615.922255479497835 ], [ 1197655.617047260515392, 1339013.100540124345571 ], [ 1201678.880744053982198, 1336671.119946881663054 ], [ 1203505.50367132644169, 1332110.432045881170779 ], [ 1206378.075930083170533, 1329976.926147000631317 ], [ 1207739.421052841003984, 1327450.610740516334772 ], [ 1208509.51715459744446, 1322854.524318729294464 ], [ 1211621.790950420778245, 1316613.52732725860551 ], [ 1215773.960675844457, 1314854.392632769653574 ], [ 1217661.632134492741898, 1312206.660789659712464 ], [ 1219620.010146008105949, 1310517.05560847860761 ], [ 1219294.403344693826512, 1309286.282451236853376 ], [ 1221187.662207452813163, 1308133.208668612875044 ], [ 1225208.876236391253769, 1303534.946118559222668 ], [ 1229807.382662165910006, 1310313.996873064897954 ], [ 1232607.007580962497741, 1310734.154681635089219 ], [ 1233914.343351172516122, 1311950.626834041438997 ], [ 1237042.420466110343114, 1310042.508493730798364 ], [ 1243992.854644639417529, 1310707.555726209189743 ], [ 1248386.438545560231432, 1312104.737861485918984 ], [ 1251778.216085962485522, 1302169.633172024972737 ], [ 1256683.929886165307835, 1308088.995598568813875 ], [ 1258220.440447961911559, 1306282.62182323471643 ], [ 1261252.969967171084136, 1304318.688555217115209 ], [ 1264298.622772699221969, 1304138.32694992236793 ], [ 1265590.990208493778482, 1305848.775891810422763 ], [ 1272518.473253051750362, 1305994.668999285902828 ], [ 1275253.799168053548783, 1306919.910456616897136 ], [ 1275580.013006915105507, 1303558.065105091547593 ], [ 1278951.909967444837093, 1305010.44852891121991 ] ] ] } },
{ "type": "Feature", "properties": { "csa_geoid": "274", "csa_name": "Greenville-Washington, NC CSA" }, "geometry": { "type": "Polygon", "coordinates": [ [ [ 1632213.546820134622976, 1557440.160040333634242 ], [ 1634355.194176280172542, 1555401.853597813751549 ], [ 1636292.592202215688303, 1554467.315347149502486 ], [ 1642011.183311413042247, 1549684.209011951927096 ], [ 1643594.640212780097499, 1549610.447499836562201 ], [ 1647141.340541520388797, 1546809.990267410408705 ], [ 1650353.603780701057985, 1546853.838377870619297 ], [ 1652325.730285171186551, 1546091.502436003182083 ], [ 1652962.709366953698918, 1543397.948055494809523 ], [ 1655841.459647618001327, 1539037.328690407099202 ], [ 1657726.819674733094871, 1534779.819615110289305 ], [ 1660059.001797559903935, 1532929.495801725424826 ], [ 1660549.094641461037099, 1530976.488973444793373 ], [ 1661959.979827147675678, 1530857.395411395700648 ], [ 1662941.602972180815414, 1528964.658879368100315 ], [ 1664475.306892623892054, 1529680.55950811970979 ], [ 1666295.118652488803491, 1528462.428112958790734 ], [ 1670130.155913979047909, 1527957.173773699440062 ], [ 1673973.962581317638978, 1534509.099314920604229 ], [ 1676405.257638704497367, 1533854.772327439393848 ], [ 1677688.175578305497766, 1532109.669800296425819 ], [ 1679312.918943195603788, 1533594.468588672112674 ], [ 1678755.803683270467445, 1535717.93988329381682 ], [ 1679455.686624151421711, 1537967.840830255299807 ], [ 1681872.574888211442158, 1538469.067174931056798 ], [ 1682404.251714086160064, 1540672.392051498638466 ], [ 1705342.921359971631318, 1531896.644816163694486 ], [ 1717275.009225235786289, 1524633.358297993894666 ], [ 1735646.373710689367726, 1530607.255579454824328 ], [ 1736449.380550338421017, 1535801.205842851893976 ], [ 1735387.957427881890908, 1537961.428220378700644 ], [ 1735264.379626472247764, 1541976.412661156849936 ], [ 1734647.263525375397876, 1542674.769616401288658 ], [ 1731625.351628925884143, 1541740.109765926608816 ], [ 1728742.233179073082283, 1542253.160632902989164 ], [ 1724813.416612887056544, 1544345.633308814838529 ], [ 1717330.457501125056297, 1544603.153692012187093 ], [ 1712692.045501244487241, 1547416.599366264184937 ], [ 1709840.333805396687239, 1546945.076123670907691 ], [ 1706826.467152951285243, 1547591.808017135132104 ], [ 1705028.942141745705158, 1548718.873693212866783 ], [ 1701729.344559946795925, 1546356.337447738740593 ], [ 1699090.176763432566077, 1550221.302773323142901 ], [ 1697403.384819460101426, 1550255.283724272623658 ], [ 1694385.068351609632373, 1551589.365545256761834 ], [ 1693409.344878919888288, 1553071.538266163785011 ], [ 1692677.596031438326463, 1556259.526254514465109 ], [ 1696120.597339141648263, 1554327.232708499301225 ], [ 1699481.746594035299495, 1551538.129616172751412 ], [ 1701392.805480938637629, 1551882.41098193731159 ], [ 1706466.533587570302188, 1550216.859533078968525 ], [ 1708720.954061238327995, 1550720.536083954852074 ], [ 1713347.364364422857761, 1550318.175342896487564 ], [ 1719266.809048496419564, 1549116.881125168642029 ], [ 1724382.824005872244015, 1550367.333298279903829 ], [ 1727306.519891406642273, 1549526.407216811785474 ], [ 1728422.287263084901497, 1550270.089551893994212 ], [ 1730484.59075368847698, 1548747.458766879281029 ], [ 1737048.40861531579867, 1548298.466803842224181 ], [ 1734590.500009051756933, 1553404.413348383968696 ], [ 1732907.669326232047752, 1555202.926855179714039 ], [ 1733158.910263392841443, 1558278.378351119812578 ], [ 1731513.250609022565186, 1558565.237556702690199 ], [ 1728883.115703304065391, 1560940.964604025240988 ], [ 1731684.140420587267727, 1564593.826836701715365 ], [ 1733189.294384555425495, 1565016.130179604515433 ], [ 1737399.885520824464038, 1564553.574910366442055 ], [ 1741812.274456013226882, 1566674.885116807883605 ], [ 1742586.87234993558377, 1569023.177097781095654 ], [ 1740351.249826477142051, 1570172.829297832911834 ], [ 1736000.752131866989657, 1570414.864681438077241 ], [ 1736125.755839897086844, 1571887.983164848992601 ], [ 1733369.111866243416443, 1571968.720153355970979 ], [ 1730818.472992650233209, 1573652.152985019842163 ], [ 1728639.270561045501381, 1576205.982618938200176 ], [ 1728484.894318086793646, 1578816.78928669472225 ], [ 1724566.356596371391788, 1582026.071551517350599 ], [ 1706360.455172186717391, 1578342.811801079893485 ], [ 1705808.473211104050279, 1579859.878507050918415 ], [ 1694992.273953679949045, 1570673.559869770891964 ], [ 1690253.499299219576642, 1572010.25775605509989 ], [ 1677556.791136428713799, 1576363.279481719713658 ], [ 1676251.130582247162238, 1576092.131509367609397 ], [ 1672525.660072236321867, 1577707.378564351703972 ], [ 1668557.789111397927627, 1577500.790200150106102 ], [ 1668497.707746108761057, 1579901.346032871399075 ], [ 1659418.162673114333302, 1581844.995863283518702 ], [ 1655622.17312900046818, 1582670.386339453049004 ], [ 1654057.972499053226784, 1581600.270904295379296 ], [ 1653120.92073249979876, 1579013.914300355361775 ], [ 1649101.735801481641829, 1577731.186610164586455 ], [ 1646097.598405127646402, 1572601.117329568602145 ], [ 1643853.004673568764701, 1570418.229362233541906 ], [ 1632213.546820134622976, 1557440.160040333634242 ] ] ] } },
{ "type": "Feature", "properties": { "csa_geoid": "276", "csa_name": "Harrisburg-York-Lebanon, PA CSA" }, "geometry": { "type": "Polygon", "coordinates": [ [ [ 1587344.485004856716841, 2116987.990808457601815 ], [ 1581779.364029390504584, 2113127.213520226534456 ], [ 1580246.324007273651659, 2112812.882170659955591 ], [ 1569136.409016410587355, 2108052.139972289092839 ], [ 1570900.251357178902254, 2105820.725484714843333 ], [ 1568515.404031605226919, 2104517.182923051994294 ], [ 1561752.881364363711327, 2099300.516326164361089 ], [ 1552808.197313469368964, 2090913.448130346368998 ], [ 1548071.195552852470428, 2086713.402597237611189 ], [ 1543683.317675639642403, 2082104.898269345983863 ], [ 1544835.828822623938322, 2079681.199479845585302 ], [ 1542263.702654224587604, 2078188.678092167712748 ], [ 1537648.079944944474846, 2072449.917475855909288 ], [ 1535162.983781104208902, 2067946.482906424906105 ], [ 1536849.877020453102887, 2066057.929815262323245 ], [ 1539350.83106877352111, 2060529.345807439181954 ], [ 1540993.482593657681718, 2062556.245697352802381 ], [ 1542509.91000461182557, 2059818.564486701274291 ], [ 1541002.063936731545255, 2057532.950278344331309 ], [ 1543369.035478488309309, 2053902.368898619199172 ], [ 1547852.7252561529167, 2050962.802895151078701 ], [ 1550145.653964531840757, 2048023.519166996702552 ], [ 1551898.026182537898421, 2043703.836623342009261 ], [ 1553269.629052199423313, 2042769.240961099974811 ], [ 1555919.710842888569459, 2039516.634522414766252 ], [ 1560058.466415385250002, 2036597.636928510852158 ], [ 1559264.154861348215491, 2033202.140298907179385 ], [ 1562605.805176373803988, 2019744.440594860352576 ], [ 1565124.367312133777887, 2008767.557750575942919 ], [ 1604132.972964179702103, 2016551.234293637098745 ], [ 1666583.204409805592149, 2029641.563163053244352 ], [ 1666310.244773946236819, 2030615.632492425153032 ], [ 1662310.926321968436241, 2034961.274232927709818 ], [ 1658229.170087382895872, 2038043.700565898325294 ], [ 1656079.681334102293476, 2038969.132071820087731 ], [ 1654465.800524818012491, 2041496.079999351641163 ], [ 1651890.079659444047138, 2043080.169261089526117 ], [ 1649686.965770312817767, 2047897.518235847121105 ], [ 1644316.701586306095123, 2049360.694592435145751 ], [ 1641978.536848068702966, 2050362.667422398691997 ], [ 1639516.39868407137692, 2053143.337666888022795 ], [ 1638799.108871063217521, 2055321.693736623274162 ], [ 1635759.38334141834639, 2058089.836523529607803 ], [ 1634555.65047413832508, 2060720.115063155069947 ], [ 1631646.735393940703943, 2059466.54182304488495 ], [ 1623579.798674211604521, 2059806.950660859700292 ], [ 1619929.746734956046566, 2063546.357176748104393 ], [ 1617510.718306112103164, 2065059.194356238935143 ], [ 1618895.177043158328161, 2069236.424757531145588 ], [ 1622908.539952216902748, 2071300.711488686967641 ], [ 1625446.441651842556894, 2074695.164931072853506 ], [ 1627394.58679681038484, 2075208.656053861603141 ], [ 1638479.604963747551665, 2082923.223734055645764 ], [ 1648632.132804819382727, 2086976.592629772378132 ], [ 1660130.851401038933545, 2096379.927970324410126 ], [ 1654618.878375980304554, 2100330.656279322691262 ], [ 1652314.762603007024154, 2100488.729577279184014 ], [ 1632186.403664116514847, 2111104.417733515612781 ], [ 1607010.383582047419623, 2124430.646552540361881 ], [ 1594335.371480668429285, 2118345.226437042001635 ], [ 1589719.128709608223289, 2115267.608222700189799 ], [ 1587344.485004856716841, 2116987.990808457601815 ] ] ] } },
{ "type": "Feature", "properties": { "csa_geoid": "277", "csa_name": "Harrisonburg-Staunton-Stuarts Draft, VA CSA" }, "geometry": { "type": "Polygon", "coordinates": [ [ [ 1422146.574601140106097, 1803693.77861032797955 ], [ 1424206.832788618747145, 1804071.037383605493233 ], [ 1426266.772625968558714, 1806180.578204973135144 ], [ 1428362.189537385012954, 1805727.915626779198647 ], [ 1429826.770748561946675, 1804219.284917978104204 ], [ 1426722.20039411704056, 1797735.106228597229347 ], [ 1427808.704860874917358, 1796864.079582221806049 ], [ 1441885.699553220300004, 1789574.189257554942742 ], [ 1456751.493115192977712, 1782430.115073771448806 ], [ 1460453.773271883139387, 1780204.436268936609849 ], [ 1464766.739291511941701, 1783495.877638784702867 ], [ 1468124.652882784372196, 1784007.957884213421494 ], [ 1469184.301254241960123, 1782010.536460774485022 ], [ 1471445.974738201592118, 1782576.579244615044445 ], [ 1472673.743409293703735, 1781579.516060752561316 ], [ 1475903.12685080524534, 1786591.437268522568047 ], [ 1476962.817035153042525, 1789036.749509951798245 ], [ 1480338.282987884245813, 1790689.922369468025863 ], [ 1480150.045704527525231, 1795796.071304735494778 ], [ 1481043.395668755052611, 1799847.713508046232164 ], [ 1482360.517793680308387, 1800179.847646979615092 ], [ 1484874.575669990386814, 1804033.980605659307912 ], [ 1487138.233361196704209, 1805618.571994746802375 ], [ 1488024.220292774727568, 1807474.675222171936184 ], [ 1486392.492617508396506, 1811965.636149734957144 ], [ 1487177.112043969566002, 1813773.49320116196759 ], [ 1487126.000231306767091, 1817462.671643942361698 ], [ 1488274.830093296943232, 1822341.757815414108336 ], [ 1489532.135424630949274, 1824569.763772623147815 ], [ 1492923.802380985580385, 1827809.534072166774422 ], [ 1494837.098595514893532, 1828807.592759224819019 ], [ 1493941.685676073888317, 1830478.564690707949921 ], [ 1494680.97800290142186, 1832528.354295519180596 ], [ 1498538.178654038114473, 1834772.048909902339801 ], [ 1499467.694807382067665, 1836989.129820202710107 ], [ 1501918.610094750765711, 1838258.442983241053298 ], [ 1501852.552699586842209, 1840129.714937134413049 ], [ 1503358.61686377110891, 1842416.462644863175228 ], [ 1505823.359625143231824, 1847456.521413604961708 ], [ 1506144.808121950365603, 1849260.087251653661951 ], [ 1501534.862859933404252, 1849320.986711698817089 ], [ 1499414.004344132496044, 1850931.03576444927603 ], [ 1493611.921046528732404, 1851975.124357260297984 ], [ 1491890.603865718469024, 1855287.036888835486025 ], [ 1491065.192983382381499, 1854449.296733331633732 ], [ 1486868.377525633201003, 1855768.738527589244768 ], [ 1487703.93558705970645, 1858655.329564548330382 ], [ 1487998.968447954161093, 1863034.355214613489807 ], [ 1489148.637487188912928, 1866984.224419666919857 ], [ 1472579.631798615911976, 1877097.667601086897776 ], [ 1454362.365414985921234, 1888585.019042592030019 ], [ 1453844.142403432633728, 1885576.556225728010759 ], [ 1452841.380033288849518, 1884643.641043988056481 ], [ 1452703.299825359368697, 1881680.264514710055664 ], [ 1451068.892604136373848, 1881385.390159218106419 ], [ 1451033.216690494911745, 1879158.0584861850366 ], [ 1449752.765070979250595, 1876068.761766660492867 ], [ 1448937.585545685142279, 1870774.69469889998436 ], [ 1449963.386381837772205, 1869159.928805159172043 ], [ 1449769.562046367675066, 1866050.296594865620136 ], [ 1446661.451103367842734, 1864774.635007726727054 ], [ 1445429.473915748065338, 1859772.026875610463321 ], [ 1445296.660204293671995, 1856547.816356045892462 ], [ 1442849.522020302247256, 1849438.005170496879146 ], [ 1443069.87528693350032, 1845878.47760371491313 ], [ 1441017.117289271904156, 1842885.443320876918733 ], [ 1438541.914564185775816, 1837245.636207726085559 ], [ 1435625.815366578986868, 1835131.878661024849862 ], [ 1436839.36450233659707, 1832168.055365281645209 ], [ 1435521.936181045603007, 1831835.568910760805011 ], [ 1433123.664757430087775, 1827071.873656343203038 ], [ 1430405.160286556696519, 1819166.672982219140977 ], [ 1431511.778133453568444, 1817374.553467776859179 ], [ 1430991.743528854800388, 1815296.47687067091465 ], [ 1429212.863331377506256, 1813434.997839184943587 ], [ 1429044.835437377914786, 1811897.430277788313106 ], [ 1426694.79294819617644, 1812165.500779023161158 ], [ 1425411.892424363642931, 1811285.413960616337135 ], [ 1422369.133141309954226, 1805571.123053111601621 ], [ 1422146.574601140106097, 1803693.77861032797955 ] ] ] } },
{ "type": "Feature", "properties": { "csa_geoid": "279", "csa_name": "Hattiesburg-Laurel, MS CSA" }, "geometry": { "type": "Polygon", "coordinates": [ [ [ 625685.509051371598616, 1038675.592178592225537 ], [ 628479.188603941816837, 1001080.043315667542629 ], [ 628943.694218023330905, 999901.801411677151918 ], [ 629558.344564091414213, 991881.431127578951418 ], [ 621636.283815570292063, 990743.321277252049185 ], [ 624632.711510110762902, 950456.117238693754189 ], [ 600537.229051604284905, 948787.290593557991087 ], [ 603755.542472403380089, 900910.437475370243192 ], [ 613467.230342575465329, 901499.953802307369187 ], [ 613344.73339856788516, 903056.837660658406094 ], [ 618158.094040989410132, 903392.68283806880936 ], [ 618263.453040432767011, 901776.335579115548171 ], [ 620682.232339761103503, 901931.397413935977966 ], [ 620815.275773602537811, 899882.613628447405063 ], [ 625634.194035245804116, 900165.192273614229634 ], [ 625471.784663393162191, 903237.519517862354405 ], [ 632674.1444899616763, 903768.062988416641019 ], [ 633530.239753139670938, 902787.203925458015874 ], [ 634229.689863620325923, 892678.922297713346779 ], [ 656000.517170202801935, 894233.761359154945239 ], [ 682361.640789248165675, 896231.866495186695829 ], [ 681640.280893692863174, 905952.712734109605663 ], [ 681004.772644317359664, 906150.635818781214766 ], [ 677292.752145791426301, 954238.528714390005916 ], [ 667684.33352638327051, 953491.238997263368219 ], [ 667131.309366543777287, 961600.07139394863043 ], [ 664464.412450425210409, 996919.06629969982896 ], [ 667538.914341222727671, 997381.084971090196632 ], [ 665094.948772022966295, 1026379.131099251448177 ], [ 663920.715598137583584, 1041528.997326571145095 ], [ 625685.509051371598616, 1038675.592178592225537 ] ] ] } },
{ "type": "Feature", "properties": { "csa_geoid": "284", "csa_name": "Hot Springs-Malvern, AR CSA" }, "geometry": { "type": "Polygon", "coordinates": [ [ [ 246192.592094511928735, 1304946.172004007035866 ], [ 236512.058553045702865, 1304583.272536887088791 ], [ 236828.594752368167974, 1294834.513434234075248 ], [ 236074.563651355798356, 1294815.206418832065538 ], [ 236589.737914362834999, 1256149.118922886904329 ], [ 241372.780760484602069, 1256194.907016565557569 ], [ 241455.575974139355822, 1249666.638718660920858 ], [ 255949.619870685128262, 1249745.653634825255722 ], [ 255934.69439639308257, 1246475.034068811917678 ], [ 265946.470315622515045, 1246507.279544509714469 ], [ 266484.021996360097546, 1245401.069968560477719 ], [ 271006.205988929548766, 1245650.971287968102843 ], [ 270723.409974861715455, 1244433.445657175034285 ], [ 271961.097553155908827, 1241834.082776070106775 ], [ 270467.957419207144994, 1239374.763864316977561 ], [ 272219.126957658212632, 1237124.602400572504848 ], [ 289603.14829627412837, 1236975.251449086470529 ], [ 291152.767356396012474, 1236828.165211681043729 ], [ 303925.473022731544916, 1237014.076486425241455 ], [ 304038.838568563805893, 1247058.029774022754282 ], [ 303777.445233150909189, 1266637.484889784827828 ], [ 302178.37206486024661, 1266603.036358910612762 ], [ 302052.97179574216716, 1273133.497427812311798 ], [ 297153.632379432325251, 1273056.785335440887138 ], [ 297091.898582712863572, 1276334.049081777688116 ], [ 292089.773642572807148, 1276200.893288883147761 ], [ 292023.240983671857975, 1282734.565902637084946 ], [ 290434.268683296861127, 1282710.473722904454917 ], [ 290412.58475052920403, 1285860.576865066774189 ], [ 284144.477962444361765, 1285737.729691264219582 ], [ 284121.039861009456217, 1290663.478052461287007 ], [ 274607.157506551011465, 1290585.530898799421266 ], [ 274521.808056009816937, 1295913.502032455056906 ], [ 275367.056257168529555, 1295927.328589512733743 ], [ 275094.706628633080982, 1305710.16159104090184 ], [ 247808.10682618181454, 1304848.86764863319695 ], [ 246192.592094511928735, 1304946.172004007035866 ] ] ] } },
{ "type": "Feature", "properties": { "csa_geoid": "288", "csa_name": "Houston-Pasadena, TX CSA" }, "geometry": { "type": "MultiPolygon", "coordinates": [ [ [ [ -37173.622215422263253, 591209.890116691589355 ], [ -32389.17681810133945, 594996.875701840268448 ], [ -31432.200066253080877, 594860.170009435969405 ], [ -26545.74507958909453, 599039.569095076178201 ], [ -20160.380009283417166, 602997.091848563053645 ], [ -8170.928506332625147, 609278.520341692259535 ], [ 1120.201100871232484, 613545.431387550546788 ], [ 10751.088749131282384, 617725.613514040131122 ], [ 16261.673754463738078, 620436.075060924049467 ], [ 22327.783165889490192, 623889.034844545996748 ], [ 35914.212542169378139, 632179.622104990994558 ], [ 52457.120858704816783, 641950.503824855200946 ], [ 55037.901791811105795, 643152.512281265226193 ], [ 57046.910417828774371, 643152.795117632485926 ], [ 60214.084258079805295, 644336.879862310364842 ], [ 64399.027115820521431, 648626.14162306371145 ], [ 68835.685973216444836, 651832.427474112715572 ], [ 72998.936988971778192, 656492.613576637930237 ], [ 78982.18541511966032, 661620.259681699099019 ], [ 85395.613841797137866, 666746.60998390277382 ], [ 81109.986265824598377, 672302.163365859421901 ], [ 82747.791191162570613, 678757.436307227239013 ], [ 82044.452117165055824, 680494.400072503020056 ], [ 86050.397947594014113, 681027.270604797988199 ], [ 87874.083298548750463, 678590.386246745823883 ], [ 89482.931131614575861, 679929.234264202881604 ], [ 93943.433787749963813, 682429.80041154276114 ], [ 94617.771731951637776, 684303.248568203765899 ], [ 96264.013707901918679, 685748.641504042898305 ], [ 100045.404931531375041, 690440.001208097673953 ], [ 101650.816197145162732, 691567.913014243473299 ], [ 103342.495445325999754, 693985.601292291306891 ], [ 106198.331955963294604, 693347.538766707060859 ], [ 107574.042645126362913, 695182.852464574738406 ], [ 106072.575944890486426, 696789.25305681116879 ], [ 107661.505592697125394, 698581.739852841594256 ], [ 110092.865255091499421, 699875.489990837755613 ], [ 108081.470035588834435, 702029.538599268416874 ], [ 107519.288395536961616, 707196.868849032442085 ], [ 103717.092559761804296, 709187.9403345718747 ], [ 101672.945642668273649, 710881.976587373414077 ], [ 103928.383294892046251, 712271.732766471686773 ], [ 105504.956068014740595, 714110.326992861111648 ], [ 99228.37845961523999, 715702.486530759837478 ], [ 97458.721352530323202, 716634.394407844287343 ], [ 95448.146542281872826, 718847.904369588475674 ], [ 95131.81596854228701, 720496.03675942576956 ], [ 96475.957236556714633, 723248.451769827865064 ], [ 98521.075590466280119, 725682.617533352342434 ], [ 95339.594005398277659, 729098.264815420494415 ], [ 96671.195814774284372, 732692.202381796669215 ], [ 98484.847650351657649, 734056.487521395203657 ], [ 95419.248197612832882, 737279.953284253249876 ], [ 98811.051761928087217, 737629.204797423444688 ], [ 102278.224358546896838, 736417.139154217205942 ], [ 104479.461880381742958, 731931.485562045010738 ], [ 105663.418441091460409, 731777.343183259246871 ], [ 109096.739294321640045, 733553.587931610643864 ], [ 111104.358910315364483, 739136.413370979018509 ], [ 114523.548705945722759, 743293.873374826507643 ], [ 122596.271244142903015, 746854.922114920336753 ], [ 126051.031683210880146, 743519.034934427239932 ], [ 126008.597780457886984, 740205.346917984308675 ], [ 126787.701553478880669, 736220.892668120912276 ], [ 126127.636016704200301, 734883.638958292664029 ], [ 125719.824666103246273, 730228.519084394793026 ], [ 124437.735192448206362, 726963.994854256045073 ], [ 121151.772538378005265, 720645.955827624886297 ], [ 118350.404604945884785, 718023.730551288579591 ], [ 119950.82397950917948, 717379.82437122380361 ], [ 125782.26327661544201, 719078.417376860510558 ], [ 135519.463457423611544, 721518.96386785292998 ], [ 139407.606401859869948, 723227.375106098945253 ], [ 140947.871757848071866, 722968.427775748074055 ], [ 143061.442148603033274, 720840.547014626557939 ], [ 143285.381927291513421, 719559.604471550905146 ], [ 148183.017076974996598, 721385.101297598099336 ], [ 145200.934809173719259, 716213.450471177347936 ], [ 142496.924540229956619, 716885.617119469097815 ], [ 139384.019053777417867, 718396.280922344187275 ], [ 138167.621514413971454, 718020.083909469540231 ], [ 136252.696377232670784, 715730.775443159975111 ], [ 135139.64135050814366, 713003.319915134925395 ], [ 131873.360977887699846, 711805.273922818363644 ], [ 128356.73206976360234, 711874.681495399447158 ], [ 125808.041449634576566, 707739.91634869761765 ], [ 121779.044528968835948, 704587.479341215104796 ], [ 120844.892668711239821, 705390.463691619341262 ], [ 118988.639858306079987, 703519.031725183129311 ], [ 119693.439493403886445, 702552.882055499590933 ], [ 118619.817262467375258, 699331.534400420030579 ], [ 123007.584474325223709, 700110.064744968432933 ], [ 125376.74676018563332, 704027.333936404203996 ], [ 127984.142365910724038, 706456.338507848209701 ], [ 132760.32098044117447, 709534.253909622901119 ], [ 139237.003394750121515, 712907.236096594599076 ], [ 146386.146128483815119, 716323.888674937305041 ], [ 159469.301346560299862, 722237.030031629605219 ], [ 159514.596875040529994, 723599.292723891558126 ], [ 158470.673114369506948, 758257.114575808052905 ], [ 150343.378549551212927, 758074.672258359612897 ], [ 149671.939327768195653, 783142.370493452530354 ], [ 135100.142757899797289, 782814.048244476900436 ], [ 121413.597121455473825, 824597.004940182552673 ], [ 117141.487539244917571, 824422.825618513277732 ], [ 109145.646148908926989, 824885.953191640321165 ], [ 108485.338127392606111, 826732.340158348553814 ], [ 111716.68578947482456, 828967.659091128734872 ], [ 110785.671343666166649, 830692.926770376856439 ], [ 107690.295128149999073, 830646.31777108355891 ], [ 104296.516474805117468, 832323.139261801494285 ], [ 101445.236446042763419, 832063.77821966051124 ], [ 98987.138652798021212, 833938.548772083013318 ], [ 92965.31384375988273, 834086.013662021723576 ], [ 92300.43553349263675, 834875.067287371726707 ], [ 94856.803871348995017, 837174.8039500429295 ], [ 93263.466901458799839, 842011.640158123453148 ], [ 90367.140802876325324, 845360.269797536428086 ], [ 86475.144137103692628, 843156.311014483915642 ], [ 84613.448398272172199, 843174.568372695357539 ], [ 84164.210982817676268, 844984.931718886597082 ], [ 81491.303269830401405, 849412.740832732408307 ], [ 81684.585621027741581, 852376.209469262976199 ], [ 82954.987021825407282, 854097.867440802161582 ], [ 82941.98926194064552, 856574.624465083237737 ], [ 78827.726398807266378, 859414.905852104537189 ], [ 75598.017366959844367, 862144.003947804565541 ], [ 73362.572798541310476, 863100.641143152257428 ], [ 72184.748770509817405, 865949.247628121054731 ], [ 73341.529892398626544, 868198.996576799079776 ], [ 71264.117862523664371, 870374.156242853961885 ], [ 65503.116905692877481, 869347.091413508402184 ], [ 65427.193366119427083, 866592.2719509487506 ], [ 64463.290227685560239, 865339.251136480015703 ], [ 62428.130353420900065, 866819.496607937267981 ], [ 61799.642432368753362, 864771.253105980809778 ], [ 58628.653175145700516, 864384.191868012654595 ], [ 57319.804413136298535, 865597.891549003776163 ], [ 58994.59048825994978, 868100.340613291831687 ], [ 57384.133762404606387, 868632.24778135609813 ], [ 55851.585879223122902, 871526.802470977767371 ], [ 55745.932095940450381, 873253.314956507529132 ], [ 53900.218283270020038, 873666.239527512458153 ], [ 53777.893291865082574, 887087.678294952609576 ], [ 36414.867148268196615, 872802.131697199190967 ], [ 35310.685490631381981, 869424.936361691099592 ], [ 32720.672780605415028, 868990.482913577812724 ], [ 27351.394312911830639, 870530.293668556725606 ], [ 25141.693525187329215, 869366.992462945636362 ], [ 23019.133806794285192, 869295.640059988829307 ], [ 20545.933831804199144, 867069.367356305825524 ], [ 16530.480209704262961, 865527.213893018779345 ], [ 13060.436978075322259, 865367.568604520056397 ], [ 16236.900784203633521, 839381.157776243868284 ], [ 17485.291783740198298, 824932.060851058689877 ], [ 18779.974357942217466, 806894.263564283028245 ], [ 18805.383263320007245, 796652.799372773501091 ], [ 7391.768366058438005, 795718.314417916000821 ], [ 4442.691092029476749, 795678.986727343755774 ], [ -8548.617820108984233, 794766.363472276367247 ], [ -8127.0387561997386, 797268.05148275080137 ], [ -9536.360308168943448, 798024.002236692118458 ], [ -8104.615800386242881, 801310.579846664797515 ], [ -9659.77565946130926, 801883.407925191451795 ], [ -14341.483265326207402, 805485.497607163153589 ], [ -15200.653733852728692, 811393.043587651685812 ], [ -17137.446583686622034, 813212.407167908269912 ], [ -22556.680427499442885, 810447.800863131298684 ], [ -27419.884330454038718, 809902.376753232092597 ], [ -30051.37064512838333, 812070.409655179944821 ], [ -32670.472283370170771, 810279.071811598376371 ], [ -34442.749588228201901, 810808.92118396027945 ], [ -36220.963659234694205, 808947.204827256733552 ], [ -40167.603363616908609, 808630.77794219693169 ], [ -40575.628460241547145, 807583.977504078648053 ], [ -43827.670474977123376, 807293.840720637352206 ], [ -47621.638647149025928, 805506.449074420030229 ], [ -50870.040468553168466, 805065.115809646318667 ], [ -53989.573569260297518, 805330.799261803971604 ], [ -55069.342337905007298, 804031.514840206131339 ], [ -60811.308446749426366, 802828.671081294538453 ], [ -63188.08198621700285, 801538.693456555833109 ], [ -65842.916297435513115, 798030.460258452454582 ], [ -70334.430031381169101, 796702.427722024964169 ], [ -71310.179902611125726, 794962.115469290991314 ], [ -71540.277363279892597, 791403.387572049512528 ], [ -76431.243867385754129, 787513.349381459644064 ], [ -73794.431029605329968, 785071.62042058003135 ], [ -70756.913628175330814, 786007.626910765422508 ], [ -68790.899230903378339, 785725.087476036278531 ], [ -66096.075417100350023, 787855.190125131048262 ], [ -65746.284528481119196, 786374.858707279199734 ], [ -62270.922738229659444, 785699.560737483436242 ], [ -62849.092580273594649, 784017.96955372672528 ], [ -60996.152839658039738, 781358.219370398321189 ], [ -61077.998009090864798, 777979.921417063917033 ], [ -60080.603726811699744, 776975.726688429829665 ], [ -59915.558263711005566, 774485.191804762696847 ], [ -51690.419728917906468, 759237.315797280054539 ], [ -46829.34335106202343, 754774.409906185348518 ], [ -41979.342154894096893, 752599.866711468901485 ], [ -39860.655873587274982, 750006.824255723971874 ], [ -36637.852478359811357, 750065.276265821303241 ], [ -31971.35130534304335, 748867.683626596699469 ], [ -32197.6855411620636, 747104.345013901242055 ], [ -30733.542675053922721, 746264.20618737814948 ], [ -30144.641945223203948, 742394.197338397731073 ], [ -28731.164259051969566, 741653.337321874452755 ], [ -28050.016412474553363, 739174.032815430196933 ], [ -26123.954682051517011, 737970.394000733620487 ], [ -26810.724039964243275, 736012.800040555302985 ], [ -25136.617809437335382, 732727.881257812492549 ], [ -23139.522824246472737, 731448.771983603364788 ], [ -21743.048520781838306, 732226.890391899039969 ], [ -19303.605021063249296, 731286.123770842794329 ], [ -17035.172248035341909, 728730.806223737075925 ], [ -29828.547095144476771, 715578.681976410909556 ], [ -33842.303769683181599, 703652.238659627735615 ], [ -36487.970120304627926, 702163.943659134092741 ], [ -58757.354785220864869, 688157.461987583665177 ], [ -62276.791015141185198, 686184.322697053663433 ], [ -59672.055058308018488, 683705.567923638038337 ], [ -30173.210834252469795, 654516.873868825496174 ], [ -31681.441825540940044, 622685.279438746511005 ], [ -31616.248190069676639, 619073.088699547108263 ], [ -37173.622215422263253, 591209.890116691589355 ] ] ], [ [ [ 114363.980731766394456, 694300.002227011020295 ], [ 116771.796364966561669, 693870.852238679653965 ], [ 118416.980217431439087, 696114.135206829290837 ], [ 115541.363036677765194, 698255.918663875199854 ], [ 114474.684063380293082, 697481.455382747109979 ], [ 114363.980731766394456, 694300.002227011020295 ] ] ], [ [ [ 85530.507265564170666, 668731.263590412214398 ], [ 87018.989139116965816, 668790.645332734682597 ], [ 88854.134466468021856, 670905.976316136890091 ], [ 94568.420110983963241, 675281.093182488228194 ], [ 107810.309985527244862, 684522.795777723775245 ], [ 117167.906360360444523, 690771.035549675230868 ], [ 123668.161166905440041, 696063.525641691870987 ], [ 119831.913607839000179, 696672.257272412884049 ], [ 119069.214955543182441, 694853.2215264266124 ], [ 116812.006685790765914, 693435.018498691613786 ], [ 114604.505383186216932, 693533.676188443321735 ], [ 112977.918151297082659, 692422.799744172836654 ], [ 109421.727144255739404, 691289.071391206700355 ], [ 107806.453608157942654, 689122.565949940239079 ], [ 104939.34523632809578, 687194.301498784567229 ], [ 102609.462420553958509, 683629.888378926436417 ], [ 100958.959187698405003, 683358.925042514456436 ], [ 98345.082789651001804, 680159.231637417222373 ], [ 95493.801607359244372, 678474.508032617974095 ], [ 93493.357435227473616, 676086.226798718678765 ], [ 87965.046068332027062, 672111.819631509133615 ], [ 85530.507265564170666, 668731.263590412214398 ] ] ], [ [ [ 99124.245288063306361, 733987.394343954860233 ], [ 100756.046644087240566, 729567.376524002174847 ], [ 102454.340091813559411, 731497.518395746941678 ], [ 101286.318504818365909, 734152.793042441247962 ], [ 99124.245288063306361, 733987.394343954860233 ] ] ] ] } },
{ "type": "Feature", "properties": { "csa_geoid": "290", "csa_name": "Huntsville-Decatur-Albertville, AL-TN CSA" }, "geometry": { "type": "Polygon", "coordinates": [ [ [ 826064.87916611530818, 1396199.184379570186138 ], [ 828275.543621058342978, 1365844.029242003103718 ], [ 794453.597387808258645, 1363455.725138124777004 ], [ 795965.737570657161996, 1343069.371945436578244 ], [ 790677.236644180258736, 1337776.512020767200738 ], [ 792424.077156683779322, 1336259.539386970922351 ], [ 789137.782362063648179, 1335079.379726028302684 ], [ 784484.289443749701604, 1339784.440097815124318 ], [ 782045.892234055674635, 1340516.732240603305399 ], [ 777011.377214858192019, 1339501.558211616007611 ], [ 776564.955906081246212, 1336495.120320486370474 ], [ 777374.991025414317846, 1334130.35206303675659 ], [ 777250.506427095620893, 1330253.129092436050996 ], [ 775844.676104940823279, 1327746.865012985654175 ], [ 776765.313872484955937, 1325462.033324310090393 ], [ 776447.761006380314939, 1322477.964752396801487 ], [ 773363.33923305675853, 1322096.49474093108438 ], [ 773185.096556993201375, 1319812.609420196618885 ], [ 771815.460274855024181, 1318436.450717288767919 ], [ 771158.734632203355432, 1315923.479001256637275 ], [ 771862.2154369589407, 1314994.454915749141946 ], [ 770006.360459831892513, 1312712.537107916083187 ], [ 771215.806483760592528, 1298131.145389216020703 ], [ 772613.878348927479237, 1283478.473182594636455 ], [ 793337.008822527248412, 1284772.000706907827407 ], [ 810853.034947518026456, 1286386.017962356097996 ], [ 812278.25861990742851, 1287982.020330771105364 ], [ 822667.562564841820858, 1288882.06839657551609 ], [ 835422.523776048677973, 1289723.133681647712365 ], [ 868306.698511550202966, 1292357.816827997565269 ], [ 870101.920448374468833, 1291009.208845192333683 ], [ 870679.049258322571404, 1288171.103755011921749 ], [ 875633.50810101616662, 1282113.152516760863364 ], [ 886438.268864608369768, 1271311.461280176881701 ], [ 894928.029328326578252, 1280945.245417824480683 ], [ 897838.959860645933077, 1282419.820157002191991 ], [ 903453.182928541442379, 1282865.940765048842877 ], [ 903241.243139573605731, 1284476.201474621193483 ], [ 912125.098437680397183, 1285260.69494940713048 ], [ 927121.556544040795416, 1286920.438253610860556 ], [ 926573.137463954975829, 1291874.766984305810183 ], [ 929851.37451296322979, 1291640.381535544991493 ], [ 929560.449378810822964, 1293806.562542679486796 ], [ 932727.658339361194521, 1294167.548887149896473 ], [ 940689.683025325182825, 1304512.090578898554668 ], [ 941474.635887147975154, 1306683.065579320304096 ], [ 943960.26914677163586, 1307512.719216240569949 ], [ 945730.129985490813851, 1312044.663092365255579 ], [ 948198.236778904451057, 1316222.374743596883491 ], [ 947901.626833476009779, 1321167.34908367251046 ], [ 950642.942044165567495, 1323230.141609594924375 ], [ 953125.516593186766841, 1326214.576089474372566 ], [ 946037.09398788085673, 1350851.186449605273083 ], [ 942726.068600162980147, 1362898.656742384191602 ], [ 939114.07600078440737, 1359295.485753572778776 ], [ 938865.460115890600719, 1355565.786456994712353 ], [ 937060.794425815576687, 1350415.543143640039489 ], [ 934226.116029796423391, 1348900.974270242033526 ], [ 927316.151846469845623, 1334689.133153344504535 ], [ 914644.646947397384793, 1322171.375715461559594 ], [ 912791.040973991970532, 1319095.88305090344511 ], [ 909262.971599510055967, 1316504.695186542812735 ], [ 904250.87531285523437, 1315458.453965263208374 ], [ 903027.427172210416757, 1314349.560903977137059 ], [ 900328.923708362621255, 1317496.532436964800581 ], [ 900374.513875545701012, 1319226.852179548004642 ], [ 895413.482168135116808, 1321080.224221903597936 ], [ 894777.784269474563189, 1328371.549181513488293 ], [ 878614.723590377136134, 1326781.223892196314409 ], [ 878601.790962758124806, 1327886.4592351897154 ], [ 875338.979841338237748, 1330141.999615426873788 ], [ 874261.283496056916192, 1341547.463332504499704 ], [ 875718.814182544359937, 1343738.488874136004597 ], [ 874648.029797198716551, 1350809.760429894784465 ], [ 876019.909209850127809, 1352553.811310485703871 ], [ 873878.002713706344366, 1355299.854678998934105 ], [ 874201.944277476519346, 1359489.993240748066455 ], [ 875911.700067956349812, 1360505.087264930829406 ], [ 875322.846706851269118, 1363109.720687204739079 ], [ 877101.578163277939893, 1365205.121109954314306 ], [ 880622.841587937553413, 1365858.809748687781394 ], [ 876342.869732192019001, 1368412.781324686249718 ], [ 875578.953293802216649, 1370476.553168805781752 ], [ 874904.122903645969927, 1370413.051996467635036 ], [ 873411.73185611073859, 1385539.014310403494164 ], [ 868640.970146041247062, 1386068.751007137587294 ], [ 868127.0967361809453, 1390860.108855175087228 ], [ 865532.529935536556877, 1396929.331222218926996 ], [ 863282.089145258301869, 1397822.678969118511304 ], [ 861065.418663578457199, 1400934.894019627943635 ], [ 858687.887270839535631, 1402692.519198399037123 ], [ 852584.494366911938414, 1404185.603609667625278 ], [ 851194.758695460157469, 1406740.327245655003935 ], [ 850536.499971235403791, 1409789.268485725158826 ], [ 846926.768274695845321, 1410294.37135951872915 ], [ 845488.42246432963293, 1409491.941053358605132 ], [ 845626.562629425898194, 1405238.786479081958532 ], [ 842568.232098696636967, 1404254.7215505852364 ], [ 837417.99363799369894, 1400859.460013465257362 ], [ 833490.897220394690521, 1395707.061078862985596 ], [ 826064.87916611530818, 1396199.184379570186138 ] ] ] } },
{ "type": "Feature", "properties": { "csa_geoid": "292", "csa_name": "Idaho Falls-Rexburg-Blackfoot, ID CSA" }, "geometry": { "type": "Polygon", "coordinates": [ [ [ -1423017.346296055708081, 2419907.630383259151131 ], [ -1421382.492535153403878, 2419329.477234684396535 ], [ -1416990.821768648689613, 2421144.354301355779171 ], [ -1415012.45050986809656, 2420136.73885640501976 ], [ -1414544.50830195704475, 2416477.889639378990978 ], [ -1414835.659843222470954, 2414170.642470315098763 ], [ -1413129.690504859434441, 2409467.609803181607276 ], [ -1411524.97871689288877, 2409591.418273732997477 ], [ -1414272.681640012189746, 2395349.75571067025885 ], [ -1392607.736758764833212, 2391271.02590195229277 ], [ -1394284.6787726925686, 2382215.700395354069769 ], [ -1366110.582403719425201, 2377076.127948801033199 ], [ -1374531.143517101649195, 2330729.00510681560263 ], [ -1359239.220250386511907, 2327998.982355538755655 ], [ -1358103.691513493889943, 2329992.957314699888229 ], [ -1356126.397507989779115, 2330200.95720480941236 ], [ -1355256.695221694884822, 2333030.616945307236165 ], [ -1350613.523450458887964, 2338944.335098082199693 ], [ -1350779.399245978100225, 2340746.704726066906005 ], [ -1347190.666254946729168, 2340908.971895710099488 ], [ -1343346.185840840917081, 2343180.774955440312624 ], [ -1286705.621471761260182, 2333262.623716516420245 ], [ -1258122.526375507935882, 2328367.243811348918825 ], [ -1229785.712277507176623, 2323786.221970295533538 ], [ -1214497.675438653910533, 2321201.676387635525316 ], [ -1206103.652018954977393, 2374324.892472250387073 ], [ -1207456.365610807435587, 2377377.117827945854515 ], [ -1208979.188267030753195, 2377087.577481242828071 ], [ -1211966.401421099202707, 2378743.631883553229272 ], [ -1212987.016112504061311, 2380526.647539702709764 ], [ -1217627.790458904113621, 2380546.696939413901418 ], [ -1218595.975841226987541, 2382552.406961254309863 ], [ -1218604.753243236104026, 2388238.879132404923439 ], [ -1219737.96756861009635, 2390171.50809015147388 ], [ -1232103.357106869108975, 2392196.489622349385172 ], [ -1227489.528951189015061, 2420931.202295118011534 ], [ -1226609.342779288068414, 2425315.259887787047774 ], [ -1222663.888571640476584, 2427520.587004580534995 ], [ -1220973.191305347019807, 2424680.742434617131948 ], [ -1219070.078236022498459, 2423684.901107598561794 ], [ -1216256.995834871893749, 2425428.147051981650293 ], [ -1213403.66465986170806, 2426078.352946710772812 ], [ -1210895.475094404071569, 2424058.21302427444607 ], [ -1208832.252565815579146, 2424328.063676301855594 ], [ -1203285.795027136104181, 2426699.684019161388278 ], [ -1197765.037552256835625, 2427497.721654939465225 ], [ -1197280.110032993601635, 2431554.774117819033563 ], [ -1191465.054085747106001, 2468280.28281989088282 ], [ -1189292.121341378893703, 2481523.81957572279498 ], [ -1193120.90641275793314, 2483683.249137988779694 ], [ -1195232.773613260360435, 2485415.22845150064677 ], [ -1196176.23640519590117, 2489497.741569450125098 ], [ -1198185.621241476153955, 2492067.742505840491503 ], [ -1197953.548908994765952, 2493649.158687468618155 ], [ -1201448.354925624327734, 2495109.062817620113492 ], [ -1201755.307133363094181, 2499409.42589671490714 ], [ -1200071.853354390943423, 2499952.313955983147025 ], [ -1202995.853236569557339, 2505228.224744625855237 ], [ -1204580.121663952013478, 2509705.566905774176121 ], [ -1207248.850882378406823, 2513649.828357694670558 ], [ -1211204.843799468828365, 2516460.999320965260267 ], [ -1212125.163739134091884, 2513419.444937184453011 ], [ -1213653.586971290642396, 2512164.49534510448575 ], [ -1214837.004881772911176, 2513481.511152804363519 ], [ -1217652.691008406924084, 2513127.045417399145663 ], [ -1219738.917839924106374, 2512014.038092913106084 ], [ -1218969.872919074026868, 2508088.6862060893327 ], [ -1221175.470011695055291, 2505903.669043921865523 ], [ -1222055.528659895062447, 2504072.955540454015136 ], [ -1224221.355050591053441, 2501989.320953064598143 ], [ -1223611.290652988245711, 2497021.141699654981494 ], [ -1221686.40779420430772, 2496012.165104775689542 ], [ -1221808.98090414959006, 2494468.166772932279855 ], [ -1224679.892092864029109, 2494367.724112785886973 ], [ -1225134.571874298620969, 2495667.326279108878225 ], [ -1229786.161783366231248, 2498105.682781032286584 ], [ -1232419.372680573957041, 2497144.521862806752324 ], [ -1235146.303481442853808, 2480767.132017138414085 ], [ -1248789.461097792722285, 2483082.671405789908022 ], [ -1250342.109435590449721, 2473785.156759234610945 ], [ -1255106.84756954642944, 2474583.015911802183837 ], [ -1256704.306748876580968, 2465182.178748635109514 ], [ -1257936.688984039938077, 2460451.90840211417526 ], [ -1262328.423659522086382, 2461196.452650642488152 ], [ -1263124.56765639106743, 2456418.167879476677626 ], [ -1272569.575875879265368, 2457988.28496022336185 ], [ -1274243.992059326497838, 2448468.706942284014076 ], [ -1326176.275365792447701, 2457625.968691378831863 ], [ -1327901.743681959807873, 2448132.965310779865831 ], [ -1351429.774544692598283, 2452395.274735052604228 ], [ -1346298.70899634831585, 2481125.833135938737541 ], [ -1379328.887371602701023, 2487085.825681751593947 ], [ -1382844.766490897396579, 2468005.863995998166502 ], [ -1386102.328867961186916, 2468631.920129894278944 ], [ -1387252.96946754748933, 2461056.288730265107006 ], [ -1386726.551105229649693, 2460125.295899210032076 ], [ -1388096.816258298233151, 2452560.171375880483538 ], [ -1389763.644647397100925, 2449417.61129852803424 ], [ -1389582.237276991363615, 2448223.192333730403334 ], [ -1386442.930923791136593, 2446085.64414594322443 ], [ -1385326.78776096040383, 2443544.038548133336008 ], [ -1384893.25011784164235, 2440069.739255701191723 ], [ -1387498.222170859575272, 2441347.597739692311734 ], [ -1390032.438649853225797, 2440909.495886441785842 ], [ -1391145.633310737786815, 2437323.654523169621825 ], [ -1394800.590780798112974, 2434143.234784896485507 ], [ -1397198.521700954763219, 2433779.887122305110097 ], [ -1398586.656614576233551, 2432312.233372489921749 ], [ -1400521.867096906760707, 2432250.604284669272602 ], [ -1402420.900650916155428, 2430980.12123674666509 ], [ -1404615.611121365567669, 2430766.816111226566136 ], [ -1408501.357804612489417, 2428913.665802970994264 ], [ -1411817.6755348269362, 2428080.77451744582504 ], [ -1414451.108846282586455, 2425987.956537550315261 ], [ -1418994.467530663823709, 2425049.754229921381921 ], [ -1421692.359101133886725, 2420903.958395380526781 ], [ -1423017.346296055708081, 2419907.630383259151131 ] ] ] } },
{ "type": "Feature", "properties": { "csa_geoid": "294", "csa_name": "Indianapolis-Carmel-Muncie, IN CSA" }, "geometry": { "type": "Polygon", "coordinates": [ [ [ 869124.828301880974323, 1791427.080520303687081 ], [ 871055.800651495577767, 1791055.038950573885813 ], [ 873046.734505915548652, 1792601.748822025954723 ], [ 873751.091681538964622, 1795098.354286029702052 ], [ 876208.152466333704069, 1800423.648614735109732 ], [ 871966.285030653234571, 1836197.232024481287226 ], [ 891801.526471887715161, 1838794.710265241097659 ], [ 902742.400222324416973, 1847768.427650311263278 ], [ 913056.970470702042803, 1856452.638075001072139 ], [ 910639.216039723600261, 1877043.173750935122371 ], [ 882531.725233420496807, 1873854.7987872348167 ], [ 880129.524995993589982, 1893090.344995806924999 ], [ 878110.944333123741671, 1910959.304621314397082 ], [ 906090.969632859225385, 1914231.144289430463687 ], [ 912865.778838153579272, 1915098.080977181671187 ], [ 911819.01974166801665, 1924579.450081339105964 ], [ 913482.428549492033198, 1924794.262970827985555 ], [ 911777.171423165942542, 1939342.097841919632629 ], [ 910768.160389792756177, 1939211.112618420040235 ], [ 909996.476397114223801, 1945653.001841174438596 ], [ 905478.496382604003884, 1980854.466278530424461 ], [ 896134.680156117654406, 1979704.003633537096903 ], [ 867683.061227439087816, 1976675.921003205701709 ], [ 851739.597714964183979, 1974841.05059333355166 ], [ 848271.758892227546312, 2005261.004113277886063 ], [ 842048.635560544556938, 2004518.188038874883205 ], [ 839779.798863068688661, 2023703.927860854426399 ], [ 837354.756521330331452, 2043234.028743711998686 ], [ 818965.198261193931103, 2040954.225307256914675 ], [ 820535.964745420147665, 2026471.181022230302915 ], [ 821852.961963375215419, 2012816.739113108953461 ], [ 824265.06667203863617, 1992700.471302362391725 ], [ 806791.227304323459975, 1990760.049038247903809 ], [ 808145.535335719352588, 1976315.877937834709883 ], [ 813712.89985257643275, 1976867.950610862346366 ], [ 814200.754761743359268, 1972037.515786291100085 ], [ 816586.996542147477157, 1972278.336679087951779 ], [ 816760.228082487825304, 1970651.421085477108136 ], [ 819923.356886448338628, 1970968.467774780001491 ], [ 822190.661786033771932, 1949478.973942033248022 ], [ 806324.327565337531269, 1947434.755422624060884 ], [ 784131.691503831534646, 1945410.348253668285906 ], [ 783754.644254704704508, 1949393.345177487935871 ], [ 750415.071800150326453, 1946238.407958244439214 ], [ 754145.739156910451129, 1907477.501579898409545 ], [ 761078.238356711925007, 1908069.258238832931966 ], [ 764810.770495805074461, 1864170.234251828864217 ], [ 771139.63452963414602, 1864747.373045833548531 ], [ 786248.271877929801121, 1865851.392048361711204 ], [ 797286.802621796261519, 1866937.888596944045275 ], [ 798830.421644549700432, 1852511.021224541589618 ], [ 812941.289573987829499, 1853642.62850062828511 ], [ 820038.503983097616583, 1854523.825857589486986 ], [ 821166.668352136970498, 1844649.32471602037549 ], [ 821809.126610049745068, 1844694.894106672843918 ], [ 823918.211248267325573, 1826742.112948382506147 ], [ 824304.602571713505313, 1822132.193586684763432 ], [ 828729.664009340340272, 1822632.366175481583923 ], [ 829446.381031926255673, 1816177.762744579231367 ], [ 832610.368372081080452, 1816519.673491589492187 ], [ 835648.117743280366994, 1791228.454641501419246 ], [ 838374.464976572897285, 1791712.829024065751582 ], [ 839856.676149212871678, 1793391.602958300849423 ], [ 843111.669316592859104, 1794153.108883107081056 ], [ 847680.194218021002598, 1792318.61106556141749 ], [ 853911.949037825223058, 1794622.678924554493278 ], [ 855776.861847685766406, 1792992.97587477369234 ], [ 859440.992972337757237, 1793380.460486477706581 ], [ 861351.085498009924777, 1792623.741300622699782 ], [ 862562.636445819516666, 1794081.214446862461045 ], [ 869124.828301880974323, 1791427.080520303687081 ] ] ] } },
{ "type": "Feature", "properties": { "csa_geoid": "296", "csa_name": "Ithaca-Cortland, NY CSA" }, "geometry": { "type": "Polygon", "coordinates": [ [ [ 1625069.414686345495284, 2364433.025832791812718 ], [ 1622997.212359501048923, 2371659.754771806299686 ], [ 1608605.988588698441163, 2367332.418381399940699 ], [ 1593331.493699778802693, 2363099.093547556549311 ], [ 1597457.619693795219064, 2347102.445223188493401 ], [ 1582184.802232994232327, 2343332.781214437447488 ], [ 1581947.391613596817479, 2344288.145089572295547 ], [ 1569660.392917293123901, 2341129.378190920688212 ], [ 1565457.583341563353315, 2340415.699893579818308 ], [ 1567870.227928068721667, 2337290.133601588197052 ], [ 1570600.521010876633227, 2334994.474800325464457 ], [ 1573557.135798635194078, 2333695.35059206886217 ], [ 1564781.7810818052385, 2331526.499103311914951 ], [ 1569529.547278397949412, 2312907.906108199618757 ], [ 1569185.451581655070186, 2312621.127499769907445 ], [ 1571123.059976817108691, 2302869.863652942236513 ], [ 1576941.538477414753288, 2303904.86908442620188 ], [ 1583461.315629412885755, 2305130.735709446948022 ], [ 1588640.455064803129062, 2306137.112954020500183 ], [ 1588994.089154946152121, 2304226.560601950157434 ], [ 1593688.880606238497421, 2305116.784906304441392 ], [ 1592493.123976136790588, 2311194.788133345078677 ], [ 1597659.542651162715629, 2312267.519359488040209 ], [ 1597905.876962821232155, 2311193.685636758804321 ], [ 1602912.194341219030321, 2312221.53715648362413 ], [ 1603179.850919995224103, 2310967.984920083545148 ], [ 1606229.879927483154461, 2311600.435790560673922 ], [ 1605481.57959021651186, 2314667.361190216150135 ], [ 1605964.210198678076267, 2317752.222725573461503 ], [ 1605172.206299133598804, 2319060.414836643263698 ], [ 1600241.573281586635858, 2320433.308473845478147 ], [ 1600254.109437950421125, 2322879.959633206017315 ], [ 1621749.987327084178105, 2328154.830515441019088 ], [ 1621941.442225580336526, 2327772.919440330471843 ], [ 1634367.668356639100239, 2331200.599442448932678 ], [ 1625069.414686345495284, 2364433.025832791812718 ] ] ] } },
{ "type": "Feature", "properties": { "csa_geoid": "298", "csa_name": "Jackson-Vicksburg-Brookhaven, MS CSA" }, "geometry": { "type": "Polygon", "coordinates": [ [ [ 625685.509051371598616, 1038675.592178592225537 ], [ 622931.458719225251116, 1077932.446961015230045 ], [ 594104.178769116289914, 1075943.043944016098976 ], [ 584961.937367535661906, 1075433.075773904565722 ], [ 582710.649744598777033, 1109698.573464233893901 ], [ 572461.877949728397653, 1109064.960836804704741 ], [ 572585.171555844484828, 1108434.825916128000244 ], [ 560859.055408800835721, 1107667.137425448512658 ], [ 561553.521740368683822, 1109067.33063836931251 ], [ 566748.068140995223075, 1113717.862806876190007 ], [ 567491.352985243196599, 1117089.196243148297071 ], [ 567338.382924409699626, 1119377.74957769503817 ], [ 569969.800189622095786, 1124093.50540727050975 ], [ 571725.919532517320476, 1126507.29097698093392 ], [ 572673.852937413495965, 1129067.127487807767466 ], [ 572196.621074142633006, 1131223.316684986464679 ], [ 572535.750352215603925, 1134629.327762427041307 ], [ 574999.051949031883851, 1136665.505280886078253 ], [ 574780.775057069142349, 1139868.241745729930699 ], [ 576355.598168922471814, 1141594.044916532700881 ], [ 576123.970390207599849, 1143796.39475646102801 ], [ 577623.268061008537188, 1144153.614897292573005 ], [ 578491.578794613014907, 1146265.284273833502084 ], [ 565264.226418628240936, 1149711.001647524069995 ], [ 524926.210960018448532, 1160721.068866909714416 ], [ 527074.057636728161015, 1159505.98006524075754 ], [ 528644.933861229335889, 1157108.795423463918269 ], [ 527668.881630991352722, 1154757.042146405903623 ], [ 525278.874832977773622, 1154427.845966534456238 ], [ 524092.783774501178414, 1152732.377109881257638 ], [ 525309.071094229235314, 1134351.001669537043199 ], [ 520532.16464712418383, 1132233.58695827354677 ], [ 520770.118574075459037, 1130528.15456981328316 ], [ 517573.822318670223467, 1130117.491087609203532 ], [ 516195.233696329349186, 1129232.921519047114998 ], [ 516605.856978959054686, 1125245.365293062990531 ], [ 518013.674551105417777, 1123984.983550470555201 ], [ 520228.774784961307887, 1124228.728876601904631 ], [ 521410.648752443143167, 1122834.330574215389788 ], [ 521297.958776129467878, 1121107.467654193984345 ], [ 523034.046473391877953, 1119908.91190821910277 ], [ 515134.358083514322061, 1119347.728177103912458 ], [ 515639.874748237140011, 1109794.914311987580732 ], [ 496450.623852500866633, 1108606.720488165039569 ], [ 487420.825190874456894, 1098398.296771700726822 ], [ 487564.98826059512794, 1095985.817838777089491 ], [ 490069.364172418427188, 1095674.65334828523919 ], [ 490903.681248208915349, 1096715.598058049799874 ], [ 492619.778858395991847, 1092218.948316682362929 ], [ 494359.497261189215351, 1090985.98748539830558 ], [ 494124.452022781886626, 1089678.508991789305583 ], [ 491878.472469462489244, 1088848.887457263655961 ], [ 490709.828045777394436, 1089814.545121183618903 ], [ 489668.138068203406874, 1086629.273883351357654 ], [ 492492.903669971739873, 1084338.018413068726659 ], [ 494402.364794552151579, 1084356.28662788355723 ], [ 497197.452404502080753, 1082569.619185177376494 ], [ 497204.104300905077253, 1080935.715770555892959 ], [ 495516.04855621320894, 1079639.592568083433434 ], [ 493947.888522561173886, 1082401.769436228089035 ], [ 491814.328431011817884, 1079050.802472424460575 ], [ 494509.18253837962402, 1075269.779383134329692 ], [ 492838.361422832589597, 1073662.194203755585477 ], [ 491562.868296719505452, 1070876.684445013757795 ], [ 492177.180892279371619, 1068969.116777889663354 ], [ 488248.525224891491234, 1069294.370093675097451 ], [ 479623.669301157293376, 1068870.404573245206848 ], [ 480345.863123036629986, 1054122.715322585543618 ], [ 474220.096932312822901, 1054665.478767994558439 ], [ 471944.250936572381761, 1053852.971533014439046 ], [ 471006.529649972333573, 1050095.696542800171301 ], [ 469973.54211582330754, 1068401.530345615698025 ], [ 462565.823105579591356, 1068085.943136708578095 ], [ 459235.278919113741722, 1065698.451658087782562 ], [ 462109.708124322409276, 1062994.385343671543524 ], [ 467492.912714182515629, 1060788.66521112062037 ], [ 468004.050950302917045, 1058486.000136526301503 ], [ 466776.53363598685246, 1057794.992424589116126 ], [ 463563.71030736877583, 1058553.329680287046358 ], [ 462312.563239585258998, 1059571.063117708312348 ], [ 459888.517766774923075, 1063166.663666525157169 ], [ 458032.936389735434204, 1064819.466775092761964 ], [ 456171.302790927351452, 1059253.083931492175907 ], [ 456334.011838899808936, 1057363.35447853198275 ], [ 458406.748089472821448, 1054745.897391971899197 ], [ 462483.876128811971284, 1052690.953542713774368 ], [ 464688.773621299071237, 1052259.00453953165561 ], [ 467925.738557810953353, 1054361.621338264318183 ], [ 470585.246290511917323, 1052606.04566569509916 ], [ 469966.525898137071636, 1050131.696358128916472 ], [ 468181.322306512214709, 1049128.652669676346704 ], [ 467416.359894832829013, 1045100.557396256830543 ], [ 469179.814265843655448, 1043364.359036340843886 ], [ 476200.948760099185165, 1042363.972855944768526 ], [ 478916.514566594152711, 1044530.497714781784452 ], [ 476059.998068056476768, 1038351.668516743229702 ], [ 473215.549604124156758, 1035956.442794349626638 ], [ 470484.838934275670908, 1037258.73035938362591 ], [ 470003.767287379479967, 1034313.529796427581459 ], [ 471379.797202633577399, 1032402.319924480980262 ], [ 470413.095566635893192, 1031355.595202293945476 ], [ 470280.981278019607998, 1027670.244338777381927 ], [ 465367.568532856297679, 1030861.234456313424744 ], [ 464227.586592009174637, 1030757.04018911998719 ], [ 462962.629956172662787, 1028179.941747559583746 ], [ 460829.055505890632048, 1028939.786814151215367 ], [ 457799.133380235813092, 1026575.596446630777791 ], [ 456232.021023541514296, 1027250.045532385003753 ], [ 453461.008478622010443, 1025262.103177379351109 ], [ 452725.481931378482841, 1020547.667072268202901 ], [ 453951.399597725830972, 1018123.361456852057017 ], [ 458826.752503532741684, 1017518.503695470397361 ], [ 461556.739625604706816, 1018658.909737477195449 ], [ 464281.212883196945768, 1017711.850612013367936 ], [ 464414.252459176408593, 1021414.319263482349925 ], [ 468773.352933893620502, 1022167.197678886819631 ], [ 468119.886517978273332, 1018684.481366413645446 ], [ 466445.72659556765575, 1016720.093979154597037 ], [ 470336.982349868281744, 1014988.349634141544811 ], [ 473016.802730448194779, 1015353.00571238680277 ], [ 473559.461264425422996, 1013664.845718646771275 ], [ 477377.188228373939637, 1013619.153541797189973 ], [ 477092.873494393541478, 1016504.989664341206662 ], [ 477872.378968283184804, 1019284.231443035998382 ], [ 480337.343602246546652, 1017480.004422306432389 ], [ 483672.245974196062889, 1019182.691420559654944 ], [ 483698.716239157540258, 1022628.985214309650473 ], [ 486490.520583940495271, 1020495.761872542789206 ], [ 490198.180912717594765, 1022421.125927909975871 ], [ 488644.264730777882505, 1024648.795853174757212 ], [ 490159.013783961709123, 1026707.550462591229007 ], [ 491962.497418689599726, 1027213.911187035613693 ], [ 494088.305852294783108, 1030575.642107961582951 ], [ 494803.143377381784376, 1022750.219343394390307 ], [ 496952.65182013460435, 1003112.508275654749013 ], [ 496992.146981482859701, 998873.232650942634791 ], [ 497552.661354515177663, 988301.565259107621387 ], [ 496117.289224785985425, 986592.287146045593545 ], [ 496078.791081078408752, 981699.532024629763328 ], [ 497058.79970955918543, 962235.259558463236317 ], [ 506878.798938522464596, 962816.796448588022031 ], [ 508518.802217356686015, 933687.712324263993651 ], [ 545367.217386932345107, 935954.478009253158234 ], [ 542769.88775678363163, 976755.524516826029867 ], [ 548425.977411048719659, 978655.332042660797015 ], [ 551112.649407289689407, 980570.109849296393804 ], [ 553721.357094709877856, 981326.55331816803664 ], [ 576836.23398021934554, 984396.950683627976105 ], [ 598072.164282541023567, 987326.243855887441896 ], [ 597910.237037447979674, 987661.670192621648312 ], [ 596208.330118287005462, 1013218.036247651441954 ], [ 595240.48196432669647, 1016901.203828104771674 ], [ 588866.519758163369261, 1016459.123328310786746 ], [ 587488.735029796604067, 1035899.327459100983106 ], [ 590230.094045337871648, 1036283.151502225198783 ], [ 625685.509051371598616, 1038675.592178592225537 ] ] ] } },
{ "type": "Feature", "properties": { "csa_geoid": "300", "csa_name": "Jacksonville-Kingsland-Palatka, FL-GA CSA" }, "geometry": { "type": "Polygon", "coordinates": [ [ [ 1425141.166251933434978, 843941.674366633640602 ], [ 1419401.632225553505123, 854962.325146431918256 ], [ 1418258.095438334159553, 858084.484483473584987 ], [ 1416756.536806722870097, 863929.439731514430605 ], [ 1414982.669766350649297, 868545.360751264845021 ], [ 1413686.27807804569602, 869600.659433687920682 ], [ 1410850.490267369197682, 875251.742057929979637 ], [ 1403119.640304654370993, 895741.134879627497867 ], [ 1399108.341553785838187, 905707.349344661575742 ], [ 1396395.12164711765945, 913633.30966138781514 ], [ 1395442.812838406302035, 918925.349966648383997 ], [ 1395558.365488233510405, 920748.803430571220815 ], [ 1393292.493778357282281, 923470.643485006177798 ], [ 1393509.217452335171402, 924824.516511527821422 ], [ 1392204.776751286815852, 930048.572774243657477 ], [ 1390313.658440744504333, 930241.241290036239661 ], [ 1387642.447103971615434, 932769.374827658990398 ], [ 1389329.684675964061171, 934456.108431178960018 ], [ 1387860.866925677284598, 939222.469218551763333 ], [ 1387479.24987805983983, 942637.508303612004966 ], [ 1387314.515633689705282, 953751.784297696780413 ], [ 1385431.216376788215712, 954502.45811140537262 ], [ 1383435.449730357388034, 957823.069134096847847 ], [ 1382906.477739309659228, 960883.016805269988254 ], [ 1383459.532980626448989, 965521.114027983159758 ], [ 1384749.729313815711066, 968638.934907710761763 ], [ 1385913.089178448310122, 976401.636442147777416 ], [ 1385054.593593858880922, 982364.438234015950002 ], [ 1382862.405719508882612, 981879.170333612360992 ], [ 1378865.097951728152111, 982870.623802599613555 ], [ 1376389.766683696769178, 984069.333533378550783 ], [ 1378937.163219934795052, 986058.342821296770126 ], [ 1380316.372005169512704, 988242.8328653894132 ], [ 1378675.311242151539773, 990300.154696965590119 ], [ 1375953.586310407845303, 989587.994836359750479 ], [ 1374990.709564278833568, 991711.288530819001608 ], [ 1371683.079611616907641, 992149.694165769149549 ], [ 1370094.867343303514645, 994222.033689574804157 ], [ 1367573.907204309012741, 994754.455706073553301 ], [ 1367756.757745057810098, 998152.319456516765058 ], [ 1361214.422744893236086, 995810.81053786596749 ], [ 1357604.440078712301329, 996963.541591711225919 ], [ 1355678.497968058800325, 996370.736299932585098 ], [ 1351905.123987803701311, 998745.036461232230067 ], [ 1347822.951565984636545, 998791.65134088601917 ], [ 1344354.067926671821624, 997903.737561203655787 ], [ 1342957.9714108875487, 996033.799095817841589 ], [ 1341568.419858688721433, 991456.377751293242909 ], [ 1334947.049217852763832, 990397.276073690038174 ], [ 1333891.88171737245284, 989219.18091393285431 ], [ 1333984.960930763976648, 986130.653669033548795 ], [ 1334707.108773850603029, 984232.73213024798315 ], [ 1336373.179472306743264, 984161.123986141406931 ], [ 1336937.632723094895482, 979197.985188566613942 ], [ 1336411.81985326576978, 977377.234102155198343 ], [ 1338308.756103491643444, 975794.411713146022521 ], [ 1338566.959599246969447, 973906.583003940642811 ], [ 1337556.618267141515389, 970424.34918655839283 ], [ 1339816.66032830462791, 970077.523264114395715 ], [ 1339957.549801457906142, 960932.385557667003013 ], [ 1338039.703442666912451, 959435.400291584432125 ], [ 1336747.1778636041563, 960509.043089639395475 ], [ 1334550.266298803500831, 958975.23094715399202 ], [ 1335038.287890143925324, 957125.214976558228955 ], [ 1334294.259305346990004, 954523.576407583197579 ], [ 1331132.371826021699235, 955465.5895409778459 ], [ 1329525.729476400185376, 954250.212077822769061 ], [ 1330976.530834326986223, 952207.37138916074764 ], [ 1328710.30207728035748, 950954.087979775620624 ], [ 1328374.803500099806115, 947988.396371771581471 ], [ 1329521.705056959530339, 945697.994933856767602 ], [ 1328690.573752086609602, 942168.80488231300842 ], [ 1329114.819981132866815, 939904.076550419209525 ], [ 1331650.794867493677884, 936491.497926525189541 ], [ 1332053.41641189949587, 934790.216104723978788 ], [ 1333658.879019764019176, 933637.476817520218901 ], [ 1334780.248051046859473, 930402.754368761437945 ], [ 1334158.296233539702371, 925855.24470764643047 ], [ 1334722.768273994559422, 924723.816453536157496 ], [ 1335055.364052138058469, 920513.610274644801393 ], [ 1333873.160489587811753, 915783.565136633231305 ], [ 1334110.542834674939513, 911588.23635477561038 ], [ 1334800.658666203496978, 910393.117503606947139 ], [ 1334015.285951195051894, 907804.481503032031469 ], [ 1329615.652151526417583, 906876.121737767243758 ], [ 1328530.359402077272534, 907562.447249709977768 ], [ 1322490.028842716710642, 905620.986601867247373 ], [ 1318571.22950198315084, 909806.772077541216277 ], [ 1317614.94205664889887, 912277.985546367592178 ], [ 1317483.428741443203762, 919058.956289487192407 ], [ 1314221.544955174904317, 922194.84065262041986 ], [ 1312943.825547086307779, 924302.358821551199071 ], [ 1313208.195875518023968, 926454.345927689224482 ], [ 1310726.003624093253165, 927772.987576237414032 ], [ 1291418.812801014864817, 926411.349302691174671 ], [ 1296794.576547542354092, 890482.721407652832568 ], [ 1298617.259259020211175, 877198.266589242499322 ], [ 1307970.25541210710071, 879060.070965136867017 ], [ 1321617.169751277193427, 881228.95548754488118 ], [ 1337447.232802489539608, 883604.469883935758844 ], [ 1340873.52662654989399, 861156.701992758898996 ], [ 1344191.194809302687645, 840183.905416522291489 ], [ 1343749.94638357590884, 836879.036372444126755 ], [ 1344367.210879128426313, 836436.102793031721376 ], [ 1344881.126358708366752, 828877.022870840039104 ], [ 1347727.429752422962338, 809784.871512772282586 ], [ 1350186.356028757290915, 812782.538399687269703 ], [ 1352174.593515666900203, 813858.94223990989849 ], [ 1355998.59351899009198, 814662.256661519990303 ], [ 1358893.326878656633198, 816508.982310853432864 ], [ 1365694.882823672611266, 817351.791131255566142 ], [ 1367333.624545351834968, 818282.660109104355797 ], [ 1367922.781560824485496, 814507.349598411354236 ], [ 1374292.291428586002439, 815568.147902598022483 ], [ 1375378.883909963071346, 809208.696988290990703 ], [ 1378541.350132592953742, 809763.65124580450356 ], [ 1379556.00545909255743, 803316.707883310969919 ], [ 1386544.673160740407184, 804449.363822221639566 ], [ 1387976.183526733657345, 802013.7013992293505 ], [ 1386434.336096827406436, 800727.545855400850996 ], [ 1386142.478201099438593, 799090.038908360875212 ], [ 1401156.516793297836557, 805579.033938744221814 ], [ 1407322.531567848287523, 808388.899199948413298 ], [ 1404586.299865195062011, 809950.309095392585732 ], [ 1402226.874595840461552, 816090.505525125190616 ], [ 1398659.212241831002757, 820292.55719326378312 ], [ 1396234.9728086409159, 834043.244715807610191 ], [ 1415279.950021960306913, 837344.027440271689557 ], [ 1417040.711379319196567, 840363.960892569972202 ], [ 1418867.743786206934601, 840687.054599317256361 ], [ 1420460.730308392783627, 842707.696982520166785 ], [ 1422052.631040264386684, 842158.705817308044061 ], [ 1425141.166251933434978, 843941.674366633640602 ] ] ] } },
{ "type": "Feature", "properties": { "csa_geoid": "304", "csa_name": "Johnson City-Kingsport-Bristol, TN-VA CSA" }, "geometry": { "type": "Polygon", "coordinates": [ [ [ 1127054.340199921280146, 1558478.262275266461074 ], [ 1129218.780341789824888, 1553125.847222924930975 ], [ 1128793.165705611929297, 1550167.690619176020846 ], [ 1130864.425502536818385, 1547057.023275978630409 ], [ 1132834.998185811098665, 1546498.054298790404573 ], [ 1135446.06255163368769, 1549699.780653825262561 ], [ 1137088.65318961860612, 1550498.998125493060797 ], [ 1136575.727851514006034, 1553153.408757238881662 ], [ 1137983.523383761988953, 1554022.792673364514485 ], [ 1139562.162237064214423, 1551524.487282660324126 ], [ 1142738.74144688481465, 1548133.975816389080137 ], [ 1143826.079752984689549, 1548059.274073886685073 ], [ 1146204.525604285765439, 1543003.057767909485847 ], [ 1144540.231351047987118, 1541189.021113144932315 ], [ 1142591.853828371036798, 1537321.482386735966429 ], [ 1140363.505876370705664, 1536114.27393954154104 ], [ 1140139.97624531458132, 1533653.985762222902849 ], [ 1144406.609868484083563, 1530142.973421790637076 ], [ 1147404.265271687414497, 1529517.612588772550225 ], [ 1151578.045337648363784, 1527039.505685635609552 ], [ 1151989.124447250040248, 1526059.308092729654163 ], [ 1161575.958780168090016, 1518583.992195971542969 ], [ 1167622.978639119770378, 1513202.058476702310145 ], [ 1169657.866867241682485, 1514344.974160885438323 ], [ 1171626.555197363952175, 1514210.833206767914817 ], [ 1174273.437823149608448, 1512389.997478956822306 ], [ 1177341.889776123687625, 1515356.164589187595993 ], [ 1176981.385794480796903, 1519349.608290943084285 ], [ 1177612.217396896798164, 1520814.725388639373705 ], [ 1179815.042364488355815, 1521790.826816061278805 ], [ 1185070.51573514402844, 1527065.052213214803487 ], [ 1189298.019569864729419, 1529879.375919990241528 ], [ 1192461.082395355915651, 1526968.624372475082055 ], [ 1191846.510199541691691, 1522843.57860982674174 ], [ 1193008.163412340218201, 1521539.477450927486643 ], [ 1192732.927575519541278, 1519248.565671941265464 ], [ 1198198.521076458506286, 1519671.06395381456241 ], [ 1201899.702880806289613, 1521714.656006915960461 ], [ 1205383.32609661668539, 1525622.807906907051802 ], [ 1208703.900108146248385, 1534653.199401017278433 ], [ 1212984.12382479570806, 1538914.210924373939633 ], [ 1214619.868848958285525, 1539071.649114842992276 ], [ 1218460.692797716008499, 1541982.605307837249711 ], [ 1219375.049829857191071, 1541334.615509683033451 ], [ 1222239.619081487180665, 1541984.138253409648314 ], [ 1223930.466546122450382, 1544397.679272018838674 ], [ 1225578.915108710760251, 1545437.112761450232938 ], [ 1228292.061614773701876, 1544152.978397575439885 ], [ 1230723.162806441774592, 1545336.019845901289955 ], [ 1232951.417908211005852, 1540784.748231635894626 ], [ 1237442.535608268575743, 1541457.773617039434612 ], [ 1239369.552647695643827, 1544040.550773039693013 ], [ 1241327.411312693497166, 1543605.72262147651054 ], [ 1245996.107150816824287, 1556493.895289074163884 ], [ 1247775.510211963905022, 1560916.128131127217785 ], [ 1243259.41605977085419, 1562870.464108746731654 ], [ 1241095.787353978026658, 1567268.999991863267496 ], [ 1239292.1597162890248, 1567374.930674704024568 ], [ 1236559.850963907083496, 1570344.393925567390397 ], [ 1235006.810795716010034, 1570635.516470123082399 ], [ 1236967.958860168233514, 1573416.746281345142052 ], [ 1238962.197092863498256, 1577720.883157609030604 ], [ 1242701.385121610015631, 1583831.091446149395779 ], [ 1239201.344093481777236, 1586509.999880269169807 ], [ 1240624.129202364012599, 1590153.616627203067765 ], [ 1243307.182561814086512, 1593033.098491995595396 ], [ 1243205.125534037360922, 1594558.255825798492879 ], [ 1247513.505700095556676, 1597506.494794886093587 ], [ 1247424.094969009514898, 1598836.208317234413698 ], [ 1249606.145071455044672, 1599525.756712020607665 ], [ 1251317.856606045970693, 1601017.532221080036834 ], [ 1268810.249665291979909, 1603369.796134324045852 ], [ 1270182.962700035888702, 1604184.147698950953782 ], [ 1259521.009089204017073, 1622094.940681053791195 ], [ 1245173.34998134477064, 1635762.086912463419139 ], [ 1241625.378032389096916, 1630755.67579467757605 ], [ 1236737.002093705581501, 1627200.867751503130421 ], [ 1232520.70440880744718, 1627953.819382905494422 ], [ 1225294.151671278756112, 1624385.0641127852723 ], [ 1223062.338489838643, 1621864.029532351763919 ], [ 1222563.078934410354123, 1619815.181149859214202 ], [ 1223218.536684731254354, 1617533.822107390034944 ], [ 1221328.367826962610707, 1616162.405351897701621 ], [ 1215939.278144569369033, 1613537.540117503842339 ], [ 1207294.71001791395247, 1607276.594125177711248 ], [ 1205495.465712810400873, 1604987.169192280853167 ], [ 1202232.708761881105602, 1612539.160837588598952 ], [ 1195966.010054076556116, 1623548.540033891098574 ], [ 1177767.374989995034412, 1620459.212639393983409 ], [ 1175415.287847247440368, 1618578.133367217378691 ], [ 1174894.323031284846365, 1616020.140235094586387 ], [ 1170927.807042466942221, 1612948.666896424954757 ], [ 1167114.84634673409164, 1613509.549171262886375 ], [ 1165496.812340595060959, 1610677.240140123525634 ], [ 1165210.861980785382912, 1608776.270673233550042 ], [ 1162734.778141227783635, 1606126.073295573703945 ], [ 1161290.67189640388824, 1603031.835884370608255 ], [ 1162066.940977449296042, 1601599.894202654482797 ], [ 1159748.503821381833404, 1599414.815759950783104 ], [ 1157490.398245189106092, 1598260.092622915282845 ], [ 1152065.877012007636949, 1593680.855394165031612 ], [ 1150029.789074822561815, 1584110.614952227566391 ], [ 1163611.092369803693146, 1585997.05008921935223 ], [ 1159223.06376724713482, 1583057.464914073934779 ], [ 1153846.156683414010331, 1578900.958291565766558 ], [ 1152759.111591142835096, 1580124.809656451689079 ], [ 1150892.143057177076116, 1578661.105024340562522 ], [ 1150074.23488983232528, 1580516.706495141610503 ], [ 1148234.589663483900949, 1580466.573595940601081 ], [ 1140700.449349822243676, 1574685.055619556223974 ], [ 1135886.668633691268042, 1568331.492176295956597 ], [ 1136469.952281543752179, 1567336.805190441664308 ], [ 1133336.661765010096133, 1565396.792562273563817 ], [ 1134244.978666685987264, 1562795.645530112553388 ], [ 1131912.458446162287146, 1560885.955078232567757 ], [ 1127054.340199921280146, 1558478.262275266461074 ] ] ] } },
{ "type": "Feature", "properties": { "csa_geoid": "306", "csa_name": "Johnstown-Somerset, PA CSA" }, "geometry": { "type": "Polygon", "coordinates": [ [ [ 1432822.014957640320063, 2098156.775081258267164 ], [ 1432302.925458486191928, 2097644.418485625647008 ], [ 1430766.348930290201679, 2086605.347117426106706 ], [ 1427758.490326514700428, 2069859.349769421620294 ], [ 1425223.638491859659553, 2059404.466269973898306 ], [ 1423313.975501955254003, 2052693.714107875712216 ], [ 1419854.48279515048489, 2044328.075303276069462 ], [ 1418926.126925856573507, 2040736.93938366160728 ], [ 1416774.454593679402024, 2034836.280957761919126 ], [ 1414339.554135608719662, 2030665.485811023041606 ], [ 1414403.516568348510191, 2026923.503201792016625 ], [ 1410310.248110006563365, 2024436.192270544823259 ], [ 1410112.155444579198956, 2022752.098499099025503 ], [ 1407863.964913975913078, 2021237.656474377494305 ], [ 1407365.346293178852648, 2018560.352679253090173 ], [ 1405696.33350089401938, 2015376.533202963182703 ], [ 1399643.81272131879814, 1998395.884140596026555 ], [ 1398984.339707047911361, 1992958.857871825573966 ], [ 1402338.031890543643385, 1991563.783519813092425 ], [ 1403963.517895109485835, 1990056.827848624438047 ], [ 1404072.450530766043812, 1987903.98008289351128 ], [ 1402623.97891241684556, 1984976.082907545613125 ], [ 1402430.874003635486588, 1982700.31845818599686 ], [ 1403658.787560435011983, 1978724.241329835960642 ], [ 1452464.481180373113602, 1987667.05192172434181 ], [ 1454454.158469059504569, 1996285.113403172930703 ], [ 1454703.997731663752347, 1999532.233053653268144 ], [ 1449491.962821684312075, 2025149.075124095659703 ], [ 1451174.753588703926653, 2026918.963198506040499 ], [ 1453527.20751639851369, 2043486.840365035925061 ], [ 1455301.626861842116341, 2049274.954779867548496 ], [ 1454972.390031878370792, 2054496.39779652399011 ], [ 1455996.488621910102665, 2057074.176079747965559 ], [ 1456822.01217651902698, 2060320.999877823516726 ], [ 1459869.678372757509351, 2062713.52992998692207 ], [ 1459248.012641043169424, 2070016.818803002825007 ], [ 1458709.806108887540177, 2070689.367733266437426 ], [ 1459447.245669991942123, 2074699.607735309982672 ], [ 1458865.391917464556172, 2078093.106866842368618 ], [ 1460189.229437064845115, 2080903.792427917011082 ], [ 1463043.026095562847331, 2083543.810128019889817 ], [ 1465139.515205613104627, 2089624.696960439207032 ], [ 1464163.690030657220632, 2092510.328717223135754 ], [ 1464288.329054284375161, 2094885.64906319999136 ], [ 1466841.077333212364465, 2095313.653563271975145 ], [ 1470162.085077622206882, 2104947.189535118173808 ], [ 1465660.027450382476673, 2104307.220088179223239 ], [ 1451971.618679664330557, 2101801.488521930761635 ], [ 1446547.845424077706411, 2100505.727905625943094 ], [ 1432822.014957640320063, 2098156.775081258267164 ] ] ] } },
{ "type": "Feature", "properties": { "csa_geoid": "308", "csa_name": "Jonesboro-Paragould, AR CSA" }, "geometry": { "type": "Polygon", "coordinates": [ [ [ 513871.98543059208896, 1391316.947955484502017 ], [ 510839.259260616265237, 1441247.841824056813493 ], [ 509927.000681568111759, 1453662.742771052755415 ], [ 502011.017817003012169, 1453107.803409694461152 ], [ 505297.58881257934263, 1459144.615443297894672 ], [ 506503.285812313784845, 1463635.064543480286375 ], [ 508277.303514155501034, 1464986.503266078419983 ], [ 508774.593613894190639, 1466826.288601689506322 ], [ 512614.500287272501737, 1468793.399620122741908 ], [ 514046.468043382861651, 1470845.254720520460978 ], [ 513611.737488134240266, 1472143.382515297969803 ], [ 514767.318814362806734, 1475087.29807924805209 ], [ 516901.133545746677555, 1476955.927127978298813 ], [ 505718.002730991574936, 1476315.100746708456427 ], [ 505448.825464792666025, 1482869.94643587176688 ], [ 495910.374772229173686, 1482327.08106715651229 ], [ 468523.009459669061471, 1481740.730887687532231 ], [ 462103.565029794059228, 1481272.933361287927255 ], [ 462542.382298776938114, 1468131.711198550648987 ], [ 468091.618349766125903, 1468375.43978518829681 ], [ 466106.634784154477529, 1465274.45127635775134 ], [ 466222.042844352894463, 1463732.07621974661015 ], [ 463590.112783037300687, 1461046.021869527641684 ], [ 461996.07407005270943, 1460261.741435754811391 ], [ 461722.982398797583301, 1457489.526554439915344 ], [ 460621.966037193778902, 1455726.110330145107582 ], [ 460826.073383864189964, 1453815.951324274297804 ], [ 459421.993062490248121, 1451464.00936468411237 ], [ 460232.819641789596062, 1448848.19980446016416 ], [ 458348.164228929905221, 1442639.309371508890763 ], [ 458552.969442557892762, 1437770.575664726085961 ], [ 444258.010587848024443, 1437476.660812815884128 ], [ 445039.155593159375712, 1413368.226955311838537 ], [ 446242.65356161625823, 1388020.715382928960025 ], [ 455955.603369917429518, 1388408.077446518698707 ], [ 465585.852823765133508, 1389367.194741439539939 ], [ 475256.805184508673847, 1389910.943813626188785 ], [ 475238.410643641895149, 1390349.936644595582038 ], [ 484707.506328810297418, 1390769.670419590780511 ], [ 484739.225077595037874, 1389983.8781107312534 ], [ 494492.823689366923645, 1390532.283523015445098 ], [ 513871.98543059208896, 1391316.947955484502017 ] ] ] } },
{ "type": "Feature", "properties": { "csa_geoid": "309", "csa_name": "Joplin-Miami, MO-OK-KS CSA" }, "geometry": { "type": "Polygon", "coordinates": [ [ [ 170979.044015634251991, 1557894.755538856377825 ], [ 171031.034762535680784, 1585013.78498428245075 ], [ 168261.820176010893192, 1585044.123929141554981 ], [ 168283.310086197976489, 1591594.874057641252875 ], [ 135461.423425539687742, 1592009.204483434557915 ], [ 121280.748265793998144, 1592445.955250078812242 ], [ 121314.099085690817446, 1589560.460338484728709 ], [ 81161.906503444406553, 1589243.382282448001206 ], [ 81679.214628947724123, 1551099.305924775544554 ], [ 85167.474813084030757, 1550545.753829288762063 ], [ 85723.497108177951304, 1547441.256394728086889 ], [ 88300.926234338665381, 1544845.751000520307571 ], [ 88600.106294336306746, 1514320.039771989919245 ], [ 107806.931481644744053, 1514542.180961642647162 ], [ 108097.819092426201678, 1514226.599118887446821 ], [ 122372.935328618143103, 1514439.817296811612323 ], [ 122186.80710778683715, 1525489.133991002803668 ], [ 151995.017811790457927, 1524667.081243244465441 ], [ 170809.443433765205555, 1524236.609297793358564 ], [ 170979.044015634251991, 1557894.755538856377825 ] ] ] } },
{ "type": "Feature", "properties": { "csa_geoid": "310", "csa_name": "Kalamazoo-Battle Creek-Portage, MI CSA" }, "geometry": { "type": "Polygon", "coordinates": [ [ [ 839702.743050470831804, 2163937.687750500161201 ], [ 842011.405358538264409, 2144754.340741646941751 ], [ 843182.490788996918127, 2133875.017187321092933 ], [ 841333.67529838741757, 2131252.965635596308857 ], [ 841104.487953771254979, 2129175.633330987300724 ], [ 851902.775437993463129, 2130353.236244206316769 ], [ 882049.066220565699041, 2133802.415450677275658 ], [ 878011.441346554318443, 2168426.59760410618037 ], [ 897833.151436221436597, 2170842.907211063429713 ], [ 916135.407056682743132, 2172937.832675789948553 ], [ 925706.061698453966528, 2173837.518481029197574 ], [ 924372.235487028374337, 2183678.585578768048435 ], [ 922763.898669016431086, 2193372.28856789553538 ], [ 920326.018677103798836, 2212743.239841878879815 ], [ 891649.758049612981267, 2209366.630123686045408 ], [ 873205.864434877410531, 2207080.924420361872762 ], [ 854783.045337759074755, 2205206.494486955460161 ], [ 835335.403218494844623, 2202989.829224662855268 ], [ 837339.545393216889352, 2183409.647036224603653 ], [ 839702.743050470831804, 2163937.687750500161201 ] ] ] } },
{ "type": "Feature", "properties": { "csa_geoid": "312", "csa_name": "Kansas City-Overland Park-Kansas City, MO-KS CSA" }, "geometry": { "type": "Polygon", "coordinates": [ [ [ 117947.950308161758585, 1892237.118670279160142 ], [ 117757.332893332160893, 1901972.937599540688097 ], [ 102633.526417109955219, 1901865.041537395212799 ], [ 80828.948386508636759, 1901960.855079777305946 ], [ 81376.068036081152968, 1900337.242646194761619 ], [ 80852.222775862479466, 1896174.004054662305862 ], [ 79581.55032549794123, 1894778.19347494491376 ], [ 83674.47697098806384, 1892652.515999272000045 ], [ 84274.849637135761441, 1887108.76538978680037 ], [ 85636.296869571247953, 1881017.073333666427061 ], [ 84246.519332274066983, 1879287.273850392783061 ], [ 85299.975318120676093, 1875977.120339129585773 ], [ 83153.8075438975211, 1875907.474562302930281 ], [ 81577.841322325140936, 1872324.535199466859922 ], [ 77871.546920943335863, 1871859.346503145992756 ], [ 72843.495072569756303, 1874050.113106020027772 ], [ 72551.760039602406323, 1876314.38790947990492 ], [ 69532.669011263846187, 1876079.777026102412492 ], [ 67298.078607451534481, 1876981.104128791252151 ], [ 67651.216780988703249, 1879888.408129005227238 ], [ 64244.724087148271792, 1881065.631473724497482 ], [ 61809.904470225512341, 1883785.902026532450691 ], [ 59036.02708200980851, 1885441.461279526818544 ], [ 58533.804966508047073, 1887190.364238146459684 ], [ 55859.288893555043614, 1887171.453939419938251 ], [ 56142.649911234089814, 1848287.203441663179547 ], [ 37063.079866417218, 1848165.065220753895119 ], [ 37091.798937929153908, 1838413.885300648398697 ], [ 36578.096344545563625, 1838412.89130165358074 ], [ 36652.229895604308695, 1821959.059227552497759 ], [ 46060.267447938182158, 1822216.518115707905963 ], [ 69875.25212986797851, 1822196.169842958450317 ], [ 69972.59237126300286, 1820574.819512110436335 ], [ 70221.312946309320978, 1789659.039534139912575 ], [ 69549.994886317275814, 1789655.517125943442807 ], [ 69704.949320067564258, 1780152.057804727228358 ], [ 60201.635511014334043, 1779873.547056646784768 ], [ 57617.234902486357896, 1778664.52792832441628 ], [ 55027.92674798151711, 1779048.344421460060403 ], [ 49766.897619802723057, 1782594.577181634958833 ], [ 46575.682275473285699, 1782693.842100124107674 ], [ 43398.693021594328457, 1781072.953763127094135 ], [ 42747.222542246214289, 1779916.736833253642544 ], [ 42887.432002175679372, 1773441.956643216777593 ], [ 42975.072745819124975, 1740866.606540107168257 ], [ 42324.818940570527047, 1736794.660175696015358 ], [ 42539.765419298462803, 1706679.136513704434037 ], [ 80824.305256210936932, 1706929.019247029209509 ], [ 81032.063157135737129, 1692213.75790349394083 ], [ 80134.414854095302871, 1692212.37386342510581 ], [ 80165.287999547537765, 1667439.892368956934661 ], [ 91075.889051541802473, 1667481.455093274591491 ], [ 120492.873574186582118, 1667856.936083760345355 ], [ 120448.883424965883023, 1670434.330057930201292 ], [ 152916.987653824035078, 1669936.455773498630151 ], [ 152647.327874323236756, 1667343.022976214298978 ], [ 159501.762831552798161, 1670105.617594193900004 ], [ 162395.346873689617496, 1670921.632715846179053 ], [ 163528.933231371309375, 1669168.701639157254249 ], [ 166463.8416174420272, 1668140.573844809550792 ], [ 168797.290762857912341, 1668654.512650947785005 ], [ 169118.653754068946, 1688544.332312582293525 ], [ 166922.0466743450379, 1688557.504022474400699 ], [ 167232.463734203920467, 1716738.475864932406694 ], [ 167061.354273724748055, 1728121.33273557969369 ], [ 178597.733362643950386, 1728033.279172424226999 ], [ 205444.685007375694113, 1728062.847757102688774 ], [ 214836.509095169545617, 1727981.373350935755298 ], [ 214736.583505179267377, 1737929.62996940407902 ], [ 215367.838433128694305, 1766448.17913152766414 ], [ 214895.706273654854158, 1766451.656986181158572 ], [ 215561.674572044430533, 1810587.789086192380637 ], [ 214021.980967343231896, 1807418.486688683973625 ], [ 214841.063348297204357, 1803402.142333269584924 ], [ 213819.205537449801341, 1802156.484983044443652 ], [ 210077.03579110201099, 1801807.414947278331965 ], [ 208427.537705875613028, 1802242.32809222349897 ], [ 206508.784723455028143, 1804481.691779438406229 ], [ 200881.034260741871549, 1805213.156167540466413 ], [ 198271.571387692645658, 1803245.527210477506742 ], [ 196751.337006808491424, 1800797.08105138503015 ], [ 191763.013059915771009, 1800374.721505640307441 ], [ 190862.37992642854806, 1835950.786069707944989 ], [ 190191.328925134148449, 1865092.420719697605819 ], [ 180721.881668233691016, 1865112.709689137525856 ], [ 161828.613694297557231, 1864605.400045835180208 ], [ 152263.614826663368149, 1864766.79525335249491 ], [ 151945.986056929366896, 1892283.773453205591068 ], [ 141238.024030333734117, 1892616.941711918450892 ], [ 117947.950308161758585, 1892237.118670279160142 ] ] ] } },
{ "type": "Feature", "properties": { "csa_geoid": "313", "csa_name": "Keene-Brattleboro, NH-VT CSA" }, "geometry": { "type": "Polygon", "coordinates": [ [ [ 1918951.950491183670238, 2480304.0685781002976 ], [ 1907864.741491462104023, 2477809.199789861682802 ], [ 1908187.543455147184432, 2483668.122377587947994 ], [ 1891631.443297911668196, 2476646.384433546103537 ], [ 1892678.637086302507669, 2473966.310208927839994 ], [ 1887907.485502926399931, 2473161.828594130929559 ], [ 1887208.536382344784215, 2475771.187702353578061 ], [ 1885597.964922298910096, 2475538.943414628971368 ], [ 1885590.506831311155111, 2480307.174581715837121 ], [ 1884997.255226988811046, 2483671.241062362678349 ], [ 1875951.705412823939696, 2481690.943287113215774 ], [ 1865630.094060002360493, 2477565.525305565912277 ], [ 1851787.933880316326395, 2478746.71199537627399 ], [ 1853074.671434088842943, 2472391.052546851336956 ], [ 1852239.943231531884521, 2472227.729494900908321 ], [ 1854217.927089761709794, 2462214.315180855803192 ], [ 1844053.21883161040023, 2460245.977416888345033 ], [ 1844762.900655202800408, 2455408.003654115367681 ], [ 1848132.387388027505949, 2439605.307524145115167 ], [ 1854862.173512258334085, 2440910.796074581798166 ], [ 1859421.86864415789023, 2420365.704770745709538 ], [ 1869049.477421889314428, 2422459.756803630851209 ], [ 1910989.255358898779377, 2431294.491458653938025 ], [ 1939166.844836519099772, 2437456.82600922929123 ], [ 1935831.788405186496675, 2445386.591117149684578 ], [ 1933407.936623538378626, 2444874.503551378380507 ], [ 1926619.548529146937653, 2460937.740558489691466 ], [ 1922188.00880604237318, 2459912.047261003870517 ], [ 1920459.602039222372696, 2468017.969279394019395 ], [ 1919949.739502270007506, 2475189.898744075093418 ], [ 1918951.950491183670238, 2480304.0685781002976 ] ] ] } },
{ "type": "Feature", "properties": { "csa_geoid": "314", "csa_name": "Kennewick-Richland-Walla Walla, WA CSA" }, "geometry": { "type": "Polygon", "coordinates": [ [ [ -1815259.672567208996043, 2855752.020017906557769 ], [ -1816741.958931027213112, 2850298.615528419148177 ], [ -1826623.680231778416783, 2811322.697271589189768 ], [ -1826098.302112596109509, 2811184.681405254174024 ], [ -1830835.035406834445894, 2792501.005414439830929 ], [ -1831353.38948860601522, 2790905.825614970177412 ], [ -1836672.005502255633473, 2770513.512535099405795 ], [ -1831409.970462826779112, 2770493.8003343148157 ], [ -1829224.255341929616407, 2769711.250904920976609 ], [ -1821151.024341048905626, 2768946.76012614229694 ], [ -1816316.334792591165751, 2773305.511775495950133 ], [ -1814215.765949200373143, 2774369.468993763905019 ], [ -1811874.932829221710563, 2774449.113883791957051 ], [ -1808798.35201745131053, 2771741.065066679846495 ], [ -1806088.903140401700512, 2770793.743314710911363 ], [ -1802959.095097094308585, 2771269.524867805186659 ], [ -1796376.732848784886301, 2770101.265715592075139 ], [ -1792908.934292851714417, 2770557.010786372702569 ], [ -1787803.972140188794583, 2770051.886156382970512 ], [ -1783485.174931071698666, 2767595.460872341878712 ], [ -1778120.77308964706026, 2766832.288951925933361 ], [ -1775377.18912789830938, 2767282.384343727026135 ], [ -1768024.257042902288958, 2769639.792417488060892 ], [ -1765862.564606610685587, 2771459.646714157890528 ], [ -1762387.276114351116121, 2770685.320294559001923 ], [ -1728907.032492980360985, 2762530.563315480947495 ], [ -1700938.490624939789996, 2755802.251070919912308 ], [ -1691168.441800931934267, 2753550.10594368679449 ], [ -1690396.41418433515355, 2755527.353330126032233 ], [ -1685489.816799927502871, 2775800.231024940963835 ], [ -1694898.947265450842679, 2778063.505762556102127 ], [ -1692625.022203146945685, 2787487.548913876060396 ], [ -1702082.188349436968565, 2789691.070300796069205 ], [ -1695336.423473977250978, 2818246.998242935165763 ], [ -1694224.85925498441793, 2818057.936883869580925 ], [ -1692568.711782383034006, 2820911.074325907044113 ], [ -1690723.020404004957527, 2822934.152701323386282 ], [ -1691962.187247198075056, 2828455.726435261312872 ], [ -1690391.904241324635223, 2830667.547751717735082 ], [ -1691385.649630954489112, 2836988.624582641292363 ], [ -1688317.669321016175672, 2836969.63259406061843 ], [ -1699464.946383097907528, 2839380.924355607945472 ], [ -1725395.552781603531912, 2845553.796844860073179 ], [ -1739715.425790179986507, 2849087.445720049086958 ], [ -1761774.20910188369453, 2854789.073174512479454 ], [ -1774726.266037020366639, 2857968.040568077936769 ], [ -1776311.37133155320771, 2851569.302536958362907 ], [ -1782539.442204003222287, 2853256.911022807005793 ], [ -1782107.077753371559083, 2853947.386037321295589 ], [ -1783977.583366434788331, 2857780.358664103783667 ], [ -1785945.914407308911905, 2859644.650384894572198 ], [ -1792358.833116800291464, 2854670.929572847206146 ], [ -1796309.832565035670996, 2852788.690047852229327 ], [ -1798934.914080345071852, 2852959.952996669802815 ], [ -1802564.523751134285703, 2854853.737923762295395 ], [ -1805896.036161597585306, 2854199.258802725467831 ], [ -1811478.24342486797832, 2854530.688169025816023 ], [ -1815259.672567208996043, 2855752.020017906557769 ] ] ] } },
{ "type": "Feature", "properties": { "csa_geoid": "315", "csa_name": "Knoxville-Morristown-Sevierville, TN CSA" }, "geometry": { "type": "Polygon", "coordinates": [ [ [ 1127054.340199921280146, 1558478.262275266461074 ], [ 1125072.435376654844731, 1557477.016265826765448 ], [ 1122931.834115523844957, 1559421.912378844805062 ], [ 1120382.945904303574935, 1560419.08139714342542 ], [ 1116805.26531614549458, 1559421.044054186437279 ], [ 1113587.364550668047741, 1559218.175489289686084 ], [ 1111097.357796636410058, 1553463.514070114586502 ], [ 1109481.265070366906002, 1554424.37608000729233 ], [ 1107479.380088419187814, 1553357.086191746406257 ], [ 1105063.558811248512939, 1550800.980918591609225 ], [ 1103565.380395955406129, 1551687.870401998516172 ], [ 1099822.29589686030522, 1551783.084665857022628 ], [ 1098325.170614282367751, 1549112.657816796097904 ], [ 1095002.811466959305108, 1547288.34169202693738 ], [ 1092601.051471654325724, 1549403.496344093000516 ], [ 1090379.375643889885396, 1550006.341766136232764 ], [ 1089824.178172640968114, 1548070.382395231164992 ], [ 1087905.253104897914454, 1547692.538220596965402 ], [ 1086635.96626556571573, 1550303.461950278840959 ], [ 1084202.435714005958289, 1553327.131392200710252 ], [ 1080194.503771703224629, 1555429.539082753704861 ], [ 1077998.227501457091421, 1554838.750452728942037 ], [ 1075322.223387221805751, 1556191.549614829244092 ], [ 1072672.266482090810314, 1554157.683967353543267 ], [ 1070037.90485452930443, 1554918.322444043820724 ], [ 1062670.856825558468699, 1568782.05418225703761 ], [ 1061997.857160733314231, 1571983.827905604615808 ], [ 1040890.455116646015085, 1569620.702905231621116 ], [ 1037890.170085131190717, 1569225.205304273404181 ], [ 1038012.494348181644455, 1566440.729689746163785 ], [ 1039331.87853337964043, 1566322.842952409060672 ], [ 1039119.903530442388728, 1560573.42413478740491 ], [ 1036903.005727836978622, 1559169.110220266738907 ], [ 1033393.895446760230698, 1559344.628117851680145 ], [ 1032283.102738064830191, 1557976.041195178870112 ], [ 1032781.522372147184797, 1555485.118785784812644 ], [ 1032064.429648632416502, 1552913.561285671312362 ], [ 1032972.315586192416959, 1548716.678462782874703 ], [ 1034672.439658840186894, 1547510.872852835105732 ], [ 1034256.280534990830347, 1545760.254844818031415 ], [ 1036072.331749084056355, 1534315.600658889627084 ], [ 1032326.9357148691779, 1531077.352284378604963 ], [ 1033411.594795106211677, 1527655.980764351086691 ], [ 1031777.259953298373148, 1524667.93495893990621 ], [ 1030117.170735286781564, 1520413.507650889921933 ], [ 1027904.2611446242081, 1519634.969054762972519 ], [ 1025123.708635753602721, 1522477.25834122672677 ], [ 1024703.090068252407946, 1523791.190657064551488 ], [ 1017099.333502154215239, 1526252.082975734723732 ], [ 1015981.313292835257016, 1525259.422528246184811 ], [ 1014837.135884122806601, 1529678.950661554466933 ], [ 1013045.420409988379106, 1530556.974156849551946 ], [ 1011427.55254260241054, 1529696.380061700707301 ], [ 1002287.31257814518176, 1539779.882999363355339 ], [ 999422.441598488017917, 1539074.988678691675887 ], [ 999163.662672766949981, 1535848.626591250067577 ], [ 996285.716211859602481, 1535165.99097470450215 ], [ 994648.011652552173473, 1531922.013812473509461 ], [ 990737.48606842639856, 1529111.142622787505388 ], [ 988585.759950384846888, 1529520.542949787108228 ], [ 986716.032567394780926, 1521538.564372257795185 ], [ 985442.011596672586165, 1519606.528031650697812 ], [ 987165.170286618056707, 1515764.7102080010809 ], [ 986686.689409204176627, 1513889.031818500487134 ], [ 990204.394983290811069, 1512118.163595523219556 ], [ 994309.907385544385761, 1506634.949254848295823 ], [ 996681.68341615202371, 1507427.49968043458648 ], [ 998218.566626467974856, 1504318.715195104014128 ], [ 1005385.611961002810858, 1497901.609645068179816 ], [ 1010092.989209755207412, 1488713.429044398479164 ], [ 1007988.40885002957657, 1487064.829286962747574 ], [ 1006469.833012957009487, 1482729.036463425960392 ], [ 1001932.602903508814052, 1478099.903239575214684 ], [ 1004000.428188245161436, 1475684.212724046083167 ], [ 1005719.031843621633016, 1475285.607900493545458 ], [ 1005571.307131857611239, 1470801.457341095199808 ], [ 1008316.205077121965587, 1470959.789305362617597 ], [ 1010727.2739084957866, 1469997.992065801052377 ], [ 1011225.647884526173584, 1468153.203893395140767 ], [ 1012998.013100647600368, 1467528.105407903669402 ], [ 1015707.086793590802699, 1468635.109878890914842 ], [ 1017838.394322096020915, 1467463.304522869642824 ], [ 1018054.767194160842337, 1461904.653850706061348 ], [ 1019018.300316113629378, 1460036.206089063547552 ], [ 1022175.328479968360625, 1460391.074159066891298 ], [ 1023890.108550754375756, 1459337.048518885625526 ], [ 1025502.382671062019654, 1460444.07404674962163 ], [ 1027671.912886363570578, 1458774.055415286915377 ], [ 1028487.171378486556932, 1461111.334493295988068 ], [ 1030693.810399931040592, 1462997.115539511898533 ], [ 1033221.984037925256416, 1464138.430735275847837 ], [ 1037746.566983269760385, 1464676.029617451364174 ], [ 1038841.025648488779552, 1461943.780938688199967 ], [ 1041935.445644898805767, 1463111.449999689823017 ], [ 1042104.861373601597734, 1465159.622404570458457 ], [ 1044879.525403846753761, 1465484.005202698288485 ], [ 1047378.439974476001225, 1464965.786857770290226 ], [ 1047758.650818322552368, 1463374.778744167182595 ], [ 1051991.041270207380876, 1462436.736686540301889 ], [ 1054919.884253736818209, 1461124.50830014445819 ], [ 1057447.398003745125607, 1461769.087138182483613 ], [ 1058674.929281581426039, 1459739.529123737942427 ], [ 1061840.135366216301918, 1458431.934947482310236 ], [ 1066639.183320334646851, 1458098.086154222022742 ], [ 1068420.931617993628606, 1454457.520043351687491 ], [ 1071848.713708461960778, 1454996.897631484083831 ], [ 1076121.427072586724535, 1456421.53697970113717 ], [ 1076514.824665097752586, 1454295.924826374510303 ], [ 1075074.624486365821213, 1452464.890428155427799 ], [ 1077001.584445355925709, 1450827.24982870859094 ], [ 1078419.217354830820113, 1451148.732465209672228 ], [ 1082297.403081800090149, 1448350.822294321144 ], [ 1084485.773408898152411, 1449140.120757638011128 ], [ 1086506.32963664457202, 1454043.142511024372652 ], [ 1091491.826741393888369, 1455434.000937153818086 ], [ 1095743.473871743772179, 1460304.6155602671206 ], [ 1100048.928228544071317, 1460835.260753387818113 ], [ 1101401.63259399170056, 1461762.81053728540428 ], [ 1108312.523594498634338, 1462591.933319154893979 ], [ 1110645.689477299107239, 1464065.009067601058632 ], [ 1112640.845034758560359, 1462571.990102259675041 ], [ 1114009.90029091341421, 1463125.639178404351696 ], [ 1120089.640925905434415, 1463587.773985287407413 ], [ 1121153.767203893279657, 1464318.432962839491665 ], [ 1122090.21896588220261, 1466938.169273218605667 ], [ 1124049.088528285967186, 1469626.065220260759816 ], [ 1125278.611934140790254, 1469579.247149778297171 ], [ 1130668.940025135409087, 1473549.402681504841894 ], [ 1131723.504543169401586, 1476077.140358603093773 ], [ 1133116.054343674099073, 1476897.717108502285555 ], [ 1135250.035630126483738, 1475979.718105074716732 ], [ 1136593.987276003696024, 1476492.539175604004413 ], [ 1137054.339485058095306, 1478447.59344168449752 ], [ 1139715.420138164889067, 1481240.80154039291665 ], [ 1139436.526309393113479, 1483481.702742024557665 ], [ 1140583.469872320070863, 1484826.155837576603517 ], [ 1144369.993181909900159, 1485195.446551316417754 ], [ 1145421.735410793218762, 1485834.73641993268393 ], [ 1147246.102405634010211, 1490037.334008655045182 ], [ 1150691.104058385128155, 1490658.033762230770662 ], [ 1154018.882092135492712, 1493738.542766481637955 ], [ 1157824.603505461011082, 1494026.476333847036585 ], [ 1161949.24596754158847, 1493072.746348832035437 ], [ 1164186.12594985589385, 1495193.183384638745338 ], [ 1165302.615934893256053, 1499267.511849301401526 ], [ 1167615.011257220758125, 1501476.023826907388866 ], [ 1166838.797132660867646, 1504432.217796110315248 ], [ 1168809.537778480211273, 1506042.508303102571517 ], [ 1166628.192124092485756, 1510692.907261956715956 ], [ 1167622.978639119770378, 1513202.058476702310145 ], [ 1161575.958780168090016, 1518583.992195971542969 ], [ 1151989.124447250040248, 1526059.308092729654163 ], [ 1151578.045337648363784, 1527039.505685635609552 ], [ 1147404.265271687414497, 1529517.612588772550225 ], [ 1144406.609868484083563, 1530142.973421790637076 ], [ 1140139.97624531458132, 1533653.985762222902849 ], [ 1140363.505876370705664, 1536114.27393954154104 ], [ 1142591.853828371036798, 1537321.482386735966429 ], [ 1144540.231351047987118, 1541189.021113144932315 ], [ 1146204.525604285765439, 1543003.057767909485847 ], [ 1143826.079752984689549, 1548059.274073886685073 ], [ 1142738.74144688481465, 1548133.975816389080137 ], [ 1139562.162237064214423, 1551524.487282660324126 ], [ 1137983.523383761988953, 1554022.792673364514485 ], [ 1136575.727851514006034, 1553153.408757238881662 ], [ 1137088.65318961860612, 1550498.998125493060797 ], [ 1135446.06255163368769, 1549699.780653825262561 ], [ 1132834.998185811098665, 1546498.054298790404573 ], [ 1130864.425502536818385, 1547057.023275978630409 ], [ 1128793.165705611929297, 1550167.690619176020846 ], [ 1129218.780341789824888, 1553125.847222924930975 ], [ 1127054.340199921280146, 1558478.262275266461074 ] ] ] } },
{ "type": "Feature", "properties": { "csa_geoid": "317", "csa_name": "La Crosse-Onalaska-Sparta, WI-MN CSA" }, "geometry": { "type": "Polygon", "coordinates": [ [ [ 365540.932979561097454, 2341371.337432656437159 ], [ 367181.937833786883857, 2339173.641828267835081 ], [ 370636.23908228619257, 2336098.371833947021514 ], [ 371316.428607080306392, 2334160.371602368075401 ], [ 374416.805511226470117, 2331103.112879551015794 ], [ 375301.569487997097895, 2328789.231586980167776 ], [ 377561.495300528535154, 2326632.184323602356017 ], [ 341856.883786419813987, 2324928.463449544738978 ], [ 343608.687837887380738, 2286333.678006782662123 ], [ 384820.643568577303085, 2288281.246060735546052 ], [ 385104.019176436413545, 2286535.047040585894138 ], [ 383878.91319722897606, 2283703.874454067554325 ], [ 384240.880465798720252, 2282103.531143237370998 ], [ 386234.758521064941306, 2279679.17514942586422 ], [ 417483.94545026140986, 2281420.831713387276977 ], [ 429450.579571928305086, 2281988.788188397418708 ], [ 428389.554106585448608, 2296447.41444573039189 ], [ 457338.659428717684932, 2298254.232104410883039 ], [ 456650.751948612567503, 2307939.28025499265641 ], [ 455368.934633353434037, 2330173.767723315395415 ], [ 453210.865260152379051, 2365189.897941492497921 ], [ 443365.4406951367273, 2365268.735414972063154 ], [ 406061.696469935821369, 2362858.29481453821063 ], [ 401217.641229988017585, 2360071.544450779911131 ], [ 400807.467006479215343, 2357921.187007828149945 ], [ 401121.020240421174094, 2352834.944896639790386 ], [ 386870.579232320655137, 2352106.501842343248427 ], [ 386814.348260000464506, 2353071.596263698302209 ], [ 383081.264362423215061, 2353743.220566897653043 ], [ 383041.904622448957525, 2352634.421198585536331 ], [ 380758.743528282386251, 2350305.797985473647714 ], [ 377648.887879478395917, 2351783.164904421195388 ], [ 376376.647049645252991, 2350391.240452394355088 ], [ 374495.395348742371425, 2350801.6485545495525 ], [ 372068.73614022572292, 2347155.85252401093021 ], [ 371857.244279208534863, 2345434.517148765269667 ], [ 373732.308013030793518, 2341785.808191745076329 ], [ 365540.932979561097454, 2341371.337432656437159 ] ] ] } },
{ "type": "Feature", "properties": { "csa_geoid": "318", "csa_name": "Lafayette-New Iberia-Opelousas, LA CSA" }, "geometry": { "type": "MultiPolygon", "coordinates": [ [ [ [ 384489.767783218994737, 730007.992996435728855 ], [ 385998.971353586181067, 728812.811120175174437 ], [ 392072.259050278225914, 726496.855183031409979 ], [ 399533.996724737226032, 722985.558781347237527 ], [ 401055.105433713411912, 723017.194614505278878 ], [ 402725.051511160389055, 720429.237091756775044 ], [ 405162.467120618093759, 719938.940380962216295 ], [ 406840.473853466100991, 721561.077017035335302 ], [ 408545.458813876321074, 721107.233043981716037 ], [ 410247.781935362785589, 721987.757095390697941 ], [ 409600.25362208194565, 723577.067058401415125 ], [ 410354.037942809576634, 725813.821249362546951 ], [ 415252.7737387745874, 729441.140717248781584 ], [ 412941.071397299412638, 730094.129009688040242 ], [ 412513.910297329770401, 731394.102512963116169 ], [ 409717.98736680712318, 731292.101408863207325 ], [ 408149.180883437395096, 733401.45829343679361 ], [ 404288.654048412106931, 734205.627305091940798 ], [ 400065.78819554526126, 737002.043702945346013 ], [ 397647.862437544681598, 736725.104694713372737 ], [ 396477.451552607351914, 737694.913055081269704 ], [ 394299.411059460078832, 736661.102398419985548 ], [ 393050.570714520988986, 734544.678824982373044 ], [ 390630.520644798176363, 734189.413972367648967 ], [ 388896.427520330063999, 734802.934325740206987 ], [ 386752.449130154098384, 733474.291425824863836 ], [ 384489.767783218994737, 730007.992996435728855 ] ] ], [ [ [ 473783.946941633126698, 748245.31645073229447 ], [ 472957.496803405345418, 751987.743992677074857 ], [ 474481.046475632174406, 754516.271482596173882 ], [ 473336.493031097284984, 756394.475157179054804 ], [ 473910.265336812299211, 759534.948191629257053 ], [ 471991.777412728290074, 762273.875262834946625 ], [ 469927.207065373891965, 763327.537582454504445 ], [ 468155.129598792933393, 763219.081652512890287 ], [ 464794.363970875507221, 764146.679164649453014 ], [ 463189.418214925506618, 765739.460345072904602 ], [ 462365.404679556144401, 769587.065061255241744 ], [ 459814.053198012697976, 771832.13778461329639 ], [ 459960.855816552240867, 773455.577387552941218 ], [ 458122.307481230702251, 775410.670506786089391 ], [ 456722.697124493424781, 780790.803338329773396 ], [ 458979.598368984938134, 781006.869839251739904 ], [ 460171.907013784220908, 784468.14011253521312 ], [ 456835.260009721503593, 785193.903927875915542 ], [ 455462.815778667514678, 787295.86145486345049 ], [ 447563.644638197903987, 786992.729531532386318 ], [ 446094.144395474286284, 786321.75828016595915 ], [ 444791.336468520574272, 790720.028614070382901 ], [ 443710.404088566603605, 791511.375785498996265 ], [ 436492.293814925360493, 791190.060551802860573 ], [ 435639.220214589615352, 792424.725677940179594 ], [ 436589.481915929878596, 794368.937822498846799 ], [ 435835.420190346427262, 796301.194586500292644 ], [ 435270.527402266860008, 800474.195631746435538 ], [ 433453.661612426338252, 802511.390474032610655 ], [ 434729.537987252813764, 805170.452514566830359 ], [ 431504.124406490242109, 806247.362033369136043 ], [ 426264.54589394282084, 806184.660366392461583 ], [ 423759.723968886653893, 807753.483166043646634 ], [ 423472.767227105796337, 809955.953311545774341 ], [ 420320.672222785942722, 813466.329061828553677 ], [ 419595.264997726015281, 815674.489302456611767 ], [ 419669.713449119764846, 818357.961960689164698 ], [ 417444.537481662700884, 819462.992666030768305 ], [ 419208.337040575221181, 820974.31793211272452 ], [ 419115.117553977586795, 824970.708577323006466 ], [ 417819.906387413619086, 828108.85371419286821 ], [ 411676.537532596674282, 833953.082797733834013 ], [ 408314.231751737708692, 834968.391680684988387 ], [ 408550.859690311190207, 836321.747017914429307 ], [ 406030.099606841744389, 840906.149748499272391 ], [ 406363.497489359171595, 845497.559709895751439 ], [ 407210.243278014124371, 848743.414473603363149 ], [ 406560.545425674819853, 851633.638523461995646 ], [ 407814.139262470416725, 852711.640198972658254 ], [ 407529.570577942417003, 856641.383598013897426 ], [ 405053.249891445622779, 860711.908008298720233 ], [ 405116.941974244953599, 862844.864996149670333 ], [ 403801.413051891780924, 865596.100228882511146 ], [ 400000.290489173377864, 868284.968326918431558 ], [ 400754.67529112304328, 870312.588007945334539 ], [ 399059.828044619353022, 872364.978426859597676 ], [ 371864.600242203974631, 871414.203341989777982 ], [ 361188.585745196964126, 870831.432183169876225 ], [ 361548.937669540406205, 864676.456443224451505 ], [ 362013.052392752200831, 863759.713880668510683 ], [ 365388.959564658813179, 862022.198793589486741 ], [ 365788.633605543756858, 851577.47671457589604 ], [ 363200.9335883159074, 849503.191356137045659 ], [ 362979.319583302130923, 846030.888502409099601 ], [ 362309.784047308552545, 845099.912155274883844 ], [ 362537.258231672691181, 839687.290291949757375 ], [ 357670.471657849964686, 839510.155256445403211 ], [ 357764.745835433888715, 836230.384624321945012 ], [ 343197.031472630740609, 835676.445694523863494 ], [ 339924.198935798427556, 835040.755206418805756 ], [ 339014.889374176214915, 833948.852279486949556 ], [ 338651.762481247424148, 830671.311914871679619 ], [ 335944.50952948210761, 828923.584235983667895 ], [ 322653.76973868184723, 828518.57032260124106 ], [ 323917.936515650013462, 825549.833411298808642 ], [ 326165.602585365471896, 822828.548786951694638 ], [ 325407.452444840222597, 818111.799999803188257 ], [ 323618.33073479362065, 817582.973120687995106 ], [ 323586.083604645042215, 813645.472064473899081 ], [ 324481.124832909204997, 811841.176381566328928 ], [ 323564.527999271813314, 810415.146195223089308 ], [ 324512.250904698681552, 801977.436941641615704 ], [ 325362.036914592783432, 799038.703593572718091 ], [ 327751.087269075505901, 797323.76667093753349 ], [ 326255.718209637678228, 792893.077995469793677 ], [ 324950.603859003633261, 791573.814288789406419 ], [ 324667.968547965399921, 788209.766106671304442 ], [ 325453.913132116722409, 786724.841216128552333 ], [ 323653.958704742603004, 783069.282319570193067 ], [ 320240.579767982882913, 782818.746303708059713 ], [ 319184.401113836152945, 781509.467656436492689 ], [ 314271.576576605206355, 778926.825119553250261 ], [ 325936.005331087450031, 779424.2986778866034 ], [ 326544.643677864165511, 766222.302726515568793 ], [ 327717.942191165173426, 729272.32614066475071 ], [ 331660.73905834602192, 728946.355416492559016 ], [ 335972.039590982778464, 727921.856944369501434 ], [ 342173.631128873908892, 727221.514363964553922 ], [ 347144.916985687275883, 725871.015647696098313 ], [ 356275.985159463074524, 724304.422713502659462 ], [ 362821.916838341217954, 725523.742199481581338 ], [ 368050.370955628808588, 728878.689036780735478 ], [ 373275.946610402723309, 731077.436585860908963 ], [ 377397.440173750102986, 731451.010833909735084 ], [ 379862.786365704552736, 731112.652086138259619 ], [ 381550.151084930519573, 733964.82070962805301 ], [ 379038.206979086971842, 735352.899952879059128 ], [ 376997.417821986251511, 734040.79771833261475 ], [ 373813.288663346262183, 739550.359163091285154 ], [ 373855.570940650184639, 740491.738526058616117 ], [ 376782.781304521369748, 743724.441104102530517 ], [ 370473.763005031854846, 743586.011735632317141 ], [ 367365.966735340305604, 746291.379487061989494 ], [ 366930.620249135768972, 749347.630608127801679 ], [ 370102.333568389294669, 747963.170914752525277 ], [ 373772.42690242966637, 751003.989508607191965 ], [ 375441.385791910055559, 748152.203486625687219 ], [ 378463.087896522483788, 750452.255811195587739 ], [ 382992.840293700923212, 753140.882821032893844 ], [ 388505.976171816524584, 755779.877285714494064 ], [ 387646.44017429597443, 757557.078098294790834 ], [ 389924.00699208205333, 758351.433594626607373 ], [ 392303.841473808337469, 757431.472416358185001 ], [ 394439.416825769294519, 757811.964892579242587 ], [ 395190.917260214686394, 759129.273888200172223 ], [ 397573.294075753947254, 759733.020011512911879 ], [ 399497.065964009671006, 758820.769307630835101 ], [ 402540.109973623882979, 759263.522754451143555 ], [ 403439.350141974689905, 756099.094810555689037 ], [ 403230.568596575409174, 754089.778016944997944 ], [ 400469.826531688508112, 753642.233964736224152 ], [ 398216.318111895350739, 751001.741337084211409 ], [ 400103.93436045589624, 749904.0887439759681 ], [ 401934.440188292937819, 750481.627735770307481 ], [ 413988.275071417738218, 761645.557288084528409 ], [ 421867.079317985684611, 773036.528165686526336 ], [ 436491.503983591217548, 774926.677171712508425 ], [ 436534.905631628877018, 774002.292465090635233 ], [ 442390.838836873881519, 769510.069813888636418 ], [ 443757.633418736630119, 766081.024834572104737 ], [ 446619.147081445786171, 761874.576944630825892 ], [ 445652.723044425190892, 756194.861170664429665 ], [ 449041.10281720769126, 754457.974318755907007 ], [ 454240.091282893088646, 754537.790516252978705 ], [ 461008.399061860574875, 753093.713780189631507 ], [ 462366.974890386976767, 753416.263352125301026 ], [ 465804.683483969827648, 751073.44191078748554 ], [ 470348.97995803784579, 750808.266836083028466 ], [ 473783.946941633126698, 748245.31645073229447 ] ] ] ] } },
{ "type": "Feature", "properties": { "csa_geoid": "320", "csa_name": "Lafayette-West Lafayette-Frankfort, IN CSA" }, "geometry": { "type": "Polygon", "coordinates": [ [ [ 806791.227304323459975, 1990760.049038247903809 ], [ 805381.204076855094172, 2005376.180048577254638 ], [ 792737.138352732174098, 2004096.564639224903658 ], [ 792259.243524059653282, 2008891.658002548851073 ], [ 787538.859496605233289, 2008456.904158207122236 ], [ 786663.618200794560835, 2018391.476802757242694 ], [ 785615.200771405012347, 2027978.427021507173777 ], [ 776022.072827388648875, 2027177.274550942704082 ], [ 756559.671483974787407, 2025311.238688746001571 ], [ 751848.270605405210517, 2024834.55633841897361 ], [ 752718.96185549243819, 2016564.284203564515337 ], [ 743283.88894729106687, 2015637.064485997660086 ], [ 744459.363943290547468, 2004379.021866385126486 ], [ 708787.269855222082697, 2001147.52137032430619 ], [ 711210.789974637213163, 1973740.31458237930201 ], [ 714205.350661608623341, 1935417.086131277494133 ], [ 717651.119048102293164, 1935758.880384224001318 ], [ 717865.46169142506551, 1933414.0466258819215 ], [ 724909.783395266509615, 1934061.113280383637175 ], [ 724704.259297987562604, 1935691.819807084044442 ], [ 722817.985600857646205, 1936474.650008243042976 ], [ 721825.371936118928716, 1938077.747082412941381 ], [ 723142.442823375109583, 1941185.128768574912101 ], [ 728125.349004806019366, 1943693.510971175972372 ], [ 732876.754058664781041, 1949192.564101637108251 ], [ 733900.700363426585682, 1951856.821468505309895 ], [ 736375.385107904090546, 1954472.032776119187474 ], [ 736644.712539289146662, 1955581.797628370113671 ], [ 742651.876661596703343, 1959017.026330665685236 ], [ 745829.100296447169967, 1959961.928024108055979 ], [ 748858.155319081386551, 1963173.74528100900352 ], [ 750415.071800150326453, 1946238.407958244439214 ], [ 783754.644254704704508, 1949393.345177487935871 ], [ 784131.691503831534646, 1945410.348253668285906 ], [ 806324.327565337531269, 1947434.755422624060884 ], [ 822190.661786033771932, 1949478.973942033248022 ], [ 819923.356886448338628, 1970968.467774780001491 ], [ 816760.228082487825304, 1970651.421085477108136 ], [ 816586.996542147477157, 1972278.336679087951779 ], [ 814200.754761743359268, 1972037.515786291100085 ], [ 813712.89985257643275, 1976867.950610862346366 ], [ 808145.535335719352588, 1976315.877937834709883 ], [ 806791.227304323459975, 1990760.049038247903809 ] ] ] } },
{ "type": "Feature", "properties": { "csa_geoid": "324", "csa_name": "Lake Charles-DeRidder, LA CSA" }, "geometry": { "type": "Polygon", "coordinates": [ [ [ 322653.76973868184723, 828518.57032260124106 ], [ 322790.047777218336705, 829282.618881613598205 ], [ 309033.121661816665437, 828827.931619075010531 ], [ 309055.642009903676808, 823204.497529856860638 ], [ 281279.01672863389831, 822406.388017841498367 ], [ 281346.657833060191479, 820831.438959223800339 ], [ 275045.735625420347787, 820555.087215002509765 ], [ 274501.048766504856758, 839933.825308063183911 ], [ 289003.359582834527828, 840372.502209411701187 ], [ 288398.990821656421758, 866430.263428453821689 ], [ 288054.248362235201057, 871495.22706909221597 ], [ 283208.455036013911013, 871516.273605867754668 ], [ 273255.540523854608182, 870996.196258882177062 ], [ 273226.42341420071898, 871591.406844649929553 ], [ 245831.649785251589492, 870771.213977459818125 ], [ 240447.997045058320509, 867998.518794191535562 ], [ 234766.922809178708121, 870290.06287633930333 ], [ 233160.954763898305828, 869840.861686794436537 ], [ 231984.125418944691774, 865981.04172988247592 ], [ 233430.214320667728316, 864915.544944038847461 ], [ 231462.663941273756791, 861335.73756022460293 ], [ 229906.311573259852594, 857104.344459890737198 ], [ 228400.062558961013565, 855305.085900596692227 ], [ 228211.337411668675486, 851989.107964221388102 ], [ 227394.868769922089996, 849320.966015361598693 ], [ 225754.724693677155301, 846925.455870110541582 ], [ 224161.094624009972904, 846566.489054702338763 ], [ 221552.4851901854272, 843231.977241879794747 ], [ 222103.435089723032434, 838058.339560166699812 ], [ 218779.135322585032554, 837234.050605730270036 ], [ 217451.85263621568447, 835719.998390665510669 ], [ 217864.429144006804563, 834079.884713761392049 ], [ 216997.112980112084188, 830966.483881368651055 ], [ 219589.990342406090349, 828805.315762392478064 ], [ 218757.831500793254236, 825512.892506039468572 ], [ 220481.362961154634831, 822884.524454150930978 ], [ 220552.875412270514062, 820604.330189242376946 ], [ 218614.141913675353862, 819382.839718428440392 ], [ 216185.258000212692423, 815955.674757429631427 ], [ 214686.98473913964699, 810106.662774063064717 ], [ 216623.627341629588045, 805696.40408094949089 ], [ 220439.671740454854444, 804223.518438109080307 ], [ 220385.9393548296066, 798636.567715374170803 ], [ 219267.518296054331586, 795174.374068105244078 ], [ 221608.147447581228334, 788887.104006670997478 ], [ 221121.564294378389604, 784558.215526047744788 ], [ 219118.639908187731635, 782445.862812525592744 ], [ 219893.695714172354201, 779687.980577319627628 ], [ 217766.835256280814065, 774626.472815616754815 ], [ 214772.678556219005259, 771440.617033255752176 ], [ 213306.379083441570401, 770813.161482822964899 ], [ 211386.437769741372904, 766769.412177504971623 ], [ 210630.510881074587815, 762998.148935630451888 ], [ 209363.966889022092801, 760042.9924804312177 ], [ 207050.273992846428882, 756632.514639666303992 ], [ 202716.722580900386674, 753525.118468100321479 ], [ 200635.108989111438859, 751464.535757436533459 ], [ 200102.024105817283271, 749042.18351538258139 ], [ 200749.513100626791129, 747721.42387149145361 ], [ 203095.113233192794723, 746278.499173991032876 ], [ 204099.746506160125136, 743045.529261549003422 ], [ 205933.825916351750493, 742337.440081086824648 ], [ 209145.082127248169854, 737433.432303094537929 ], [ 211390.32950456198887, 739448.389184575527906 ], [ 218532.356043664098252, 742665.66543632443063 ], [ 224074.980469271395123, 743978.254751859349199 ], [ 240610.884490479686065, 746720.14863637345843 ], [ 244349.374955449922709, 747027.908130698255263 ], [ 252187.23274028263404, 746950.688671070034616 ], [ 256459.485655685799429, 746622.648510894388892 ], [ 262505.838651193189435, 748197.474200697848573 ], [ 265666.334554279688746, 748573.669690691982396 ], [ 272811.556483659311198, 747964.313172432477586 ], [ 283718.856164435681421, 745535.577225745772012 ], [ 293377.100725306198001, 742587.02699546306394 ], [ 296407.015401252254378, 741344.274232937954366 ], [ 311849.087802249589004, 734362.752588568953797 ], [ 315457.326550901168957, 732869.957948913681321 ], [ 324238.547943120414857, 730034.643212253344245 ], [ 325734.936246196564753, 730385.489274328923784 ], [ 327717.942191165173426, 729272.32614066475071 ], [ 326544.643677864165511, 766222.302726515568793 ], [ 325936.005331087450031, 779424.2986778866034 ], [ 314271.576576605206355, 778926.825119553250261 ], [ 319184.401113836152945, 781509.467656436492689 ], [ 320240.579767982882913, 782818.746303708059713 ], [ 323653.958704742603004, 783069.282319570193067 ], [ 325453.913132116722409, 786724.841216128552333 ], [ 324667.968547965399921, 788209.766106671304442 ], [ 324950.603859003633261, 791573.814288789406419 ], [ 326255.718209637678228, 792893.077995469793677 ], [ 327751.087269075505901, 797323.76667093753349 ], [ 325362.036914592783432, 799038.703593572718091 ], [ 324512.250904698681552, 801977.436941641615704 ], [ 323564.527999271813314, 810415.146195223089308 ], [ 324481.124832909204997, 811841.176381566328928 ], [ 323586.083604645042215, 813645.472064473899081 ], [ 323618.33073479362065, 817582.973120687995106 ], [ 325407.452444840222597, 818111.799999803188257 ], [ 326165.602585365471896, 822828.548786951694638 ], [ 323917.936515650013462, 825549.833411298808642 ], [ 322653.76973868184723, 828518.57032260124106 ] ] ] } },
{ "type": "Feature", "properties": { "csa_geoid": "330", "csa_name": "Lansing-East Lansing-Owosso, MI CSA" }, "geometry": { "type": "Polygon", "coordinates": [ [ [ 901579.651368706603535, 2288991.26782171940431 ], [ 902649.337079279590398, 2279421.244291628710926 ], [ 906125.072771617444232, 2250337.501963373739272 ], [ 886956.040520648355596, 2248133.993596157059073 ], [ 887965.691186262643896, 2238441.248460773844272 ], [ 890061.417402662336826, 2221290.653508245944977 ], [ 891649.758049612981267, 2209366.630123686045408 ], [ 920326.018677103798836, 2212743.239841878879815 ], [ 949030.399754120851867, 2216291.672999188303947 ], [ 948993.836971870390698, 2216574.084548776037991 ], [ 967178.389944635797292, 2218824.081240755040199 ], [ 965403.939862111234106, 2232310.508620232809335 ], [ 962512.634296798962168, 2249156.313399495556951 ], [ 960870.134071341599338, 2257689.569372165482491 ], [ 979831.868179959943518, 2260559.579795130062848 ], [ 978217.738871356821619, 2270212.700893070548773 ], [ 976834.53308298275806, 2279970.7352159707807 ], [ 974321.318241810426116, 2299495.501771057490259 ], [ 964596.644920118851587, 2298139.111277933698148 ], [ 955159.233077522017993, 2296605.614864142145962 ], [ 939141.461938845575787, 2294597.971492456272244 ], [ 939295.308789937989786, 2293434.19634770648554 ], [ 911838.586815082817338, 2290119.47192819789052 ], [ 901579.651368706603535, 2288991.26782171940431 ] ] ] } },
{ "type": "Feature", "properties": { "csa_geoid": "332", "csa_name": "Las Vegas-Henderson, NV CSA" }, "geometry": { "type": "Polygon", "coordinates": [ [ [ -1857677.099998180288821, 1997819.096898701507598 ], [ -1887215.545101475901902, 1996301.422076890710741 ], [ -1889310.092012593988329, 1987482.825077591231093 ], [ -1860235.043409467674792, 1932381.048612321028486 ], [ -1854336.999579735100269, 1921368.516966702416539 ], [ -1840555.149476852500811, 1894980.194399571279064 ], [ -1830480.851178691023961, 1876081.266306666890159 ], [ -1830985.37853327090852, 1873921.692570993676782 ], [ -1829131.888874223688617, 1873527.265423972858116 ], [ -1825795.394642126513645, 1866976.51421961770393 ], [ -1838241.957150321220979, 1812337.571627948898822 ], [ -1839915.409087421605363, 1804633.901739252032712 ], [ -1851329.770189235685393, 1754554.448538103839383 ], [ -1840159.038141811499372, 1737846.131500111194327 ], [ -1820436.412406250368804, 1708169.69971272116527 ], [ -1805258.21339247841388, 1685511.996297597419471 ], [ -1797573.133338195970282, 1673912.192813593894243 ], [ -1778140.630777905229479, 1644872.480718637816608 ], [ -1754409.277939721243456, 1609309.48180703422986 ], [ -1747237.552660349290818, 1598686.795455822488293 ], [ -1730361.024859327822924, 1573324.067434376105666 ], [ -1707731.604687934042886, 1539513.327286441111937 ], [ -1686772.473423115676269, 1508320.475437602028251 ], [ -1675823.607426340924576, 1491829.202465442707762 ], [ -1675548.028779319953173, 1494798.545702594099566 ], [ -1674324.658175813965499, 1496421.156637414358556 ], [ -1672202.281991438940167, 1497622.104597446508706 ], [ -1671682.732723293825984, 1499331.560451302910224 ], [ -1674820.16639290144667, 1503039.404246336314827 ], [ -1673204.892062542727217, 1504454.381469941232353 ], [ -1668161.163789256010205, 1504791.352443360490724 ], [ -1666658.939961918164045, 1508316.210264615016058 ], [ -1666056.719253719085827, 1512563.176038258476183 ], [ -1666554.671904887538403, 1513694.083280644379556 ], [ -1666042.267844870919362, 1519609.003488462418318 ], [ -1666207.755404878640547, 1523586.883378993021324 ], [ -1665407.008930107112974, 1526541.170439470326528 ], [ -1666339.481618418591097, 1536471.481898586731404 ], [ -1668172.136966947931796, 1539252.07321740896441 ], [ -1668979.206961106974632, 1547165.555686800507829 ], [ -1668533.06667601224035, 1548688.323743134737015 ], [ -1666345.715010930551216, 1550470.812548380810767 ], [ -1666162.421147934393957, 1554185.2017321663443 ], [ -1664300.927721173036844, 1559022.562284254236147 ], [ -1666571.952896521892399, 1563982.340594052104279 ], [ -1665176.207057762891054, 1568075.36823942582123 ], [ -1666673.538405877072364, 1571020.647033592918888 ], [ -1665477.888989045517519, 1573285.738643353106454 ], [ -1664381.999929240904748, 1579517.50927886296995 ], [ -1665191.245138987665996, 1581505.606799209490418 ], [ -1663139.005018593044952, 1584076.284182947361842 ], [ -1663763.132664506090805, 1586112.19452365511097 ], [ -1659421.242378996452317, 1588063.369180526584387 ], [ -1662058.813130930298939, 1591794.612090500770137 ], [ -1662476.350471328012645, 1595313.466891271062195 ], [ -1663975.278444807976484, 1600613.61974709504284 ], [ -1663142.179599897703156, 1604750.061872686492279 ], [ -1661291.873636744217947, 1605959.76838407991454 ], [ -1662607.254580280510709, 1608322.893723379587755 ], [ -1661841.239803032949567, 1609064.614710890920833 ], [ -1662825.572714140173048, 1612837.140148838516325 ], [ -1660763.677592772757635, 1614670.683310945052654 ], [ -1655978.702722520800307, 1614262.040660345926881 ], [ -1650690.240826830500737, 1616986.65038613951765 ], [ -1649187.667974191484973, 1615471.27045922446996 ], [ -1645302.846072213491425, 1616932.488857662305236 ], [ -1639823.503818970406428, 1615691.552159507758915 ], [ -1639514.329712907550856, 1612993.583667494589463 ], [ -1636608.236930418759584, 1613822.484754673903808 ], [ -1634713.363964709686115, 1611932.19341085688211 ], [ -1631799.359792178031057, 1613588.917040815809742 ], [ -1627909.167520770104602, 1612541.267154043074697 ], [ -1627246.742381273536012, 1610719.386864043306559 ], [ -1625082.616302859503776, 1607752.386421219212934 ], [ -1623663.84866331727244, 1604849.498491686070338 ], [ -1624495.011739744106308, 1603143.828811567276716 ], [ -1622941.026117130648345, 1601060.208519744453952 ], [ -1621294.660152065102011, 1600170.456948120612651 ], [ -1620894.871236033039168, 1597803.047909213695675 ], [ -1618713.142076535848901, 1595939.318655458977446 ], [ -1613140.060347007820383, 1596446.082241655793041 ], [ -1611298.784519225126132, 1595677.048670645104721 ], [ -1609407.088510706555098, 1597677.006615555146709 ], [ -1608624.035454799886793, 1600022.696936114924029 ], [ -1606293.324098760029301, 1603003.6226616804488 ], [ -1606339.025321804452688, 1605180.09601598395966 ], [ -1604457.902113584801555, 1605498.53655894822441 ], [ -1600734.320115400943905, 1611266.870772457448766 ], [ -1598278.288745056837797, 1612580.897105966694653 ], [ -1596721.072860303567722, 1621398.159751096973196 ], [ -1594280.006184797966853, 1633032.940310086589307 ], [ -1591961.798467027489096, 1645895.795635313959792 ], [ -1588276.807170296786353, 1667179.172089049592614 ], [ -1585119.648014941485599, 1684174.075026934035122 ], [ -1646802.075270196888596, 1696354.286098024109378 ], [ -1646608.568275337805972, 1697414.42299591191113 ], [ -1663375.625823527574539, 1700776.047705403761938 ], [ -1731269.923595432424918, 1714759.018718679901212 ], [ -1731519.878046080702916, 1713531.104369546286762 ], [ -1745014.375274604884908, 1716408.041376450564712 ], [ -1744344.243705955101177, 1718514.353289926890284 ], [ -1741002.890810230979696, 1734876.253819436300546 ], [ -1732544.216156354639679, 1774836.143078358843923 ], [ -1716606.360793127911165, 1848821.08525634277612 ], [ -1662141.602010599104688, 1837455.449487368110567 ], [ -1640599.168779420433566, 1833072.223891530418769 ], [ -1626650.990454963408411, 1901902.299997886409983 ], [ -1635700.607367220101878, 1911438.051725843222812 ], [ -1669811.017957202391699, 1947708.517192495986819 ], [ -1691827.701639435952529, 1970898.684751065680757 ], [ -1699813.375542578054592, 1972529.519181997515261 ], [ -1749896.157350940164179, 1983421.260097595164552 ], [ -1762425.121139497496188, 1986198.424147415906191 ], [ -1784378.695668047294021, 1991312.03853644290939 ], [ -1810904.580401801038533, 1997329.703792539192364 ], [ -1836352.364446012070403, 1998039.640351788839325 ], [ -1849691.264945121249184, 1998228.24651214433834 ], [ -1857677.099998180288821, 1997819.096898701507598 ] ] ] } },
{ "type": "Feature", "properties": { "csa_geoid": "334", "csa_name": "Lawton-Duncan, OK CSA" }, "geometry": { "type": "Polygon", "coordinates": [ [ [ -189805.909921482962091, 1312667.592271773377433 ], [ -223204.8569759305974, 1313483.654128150083125 ], [ -256249.459012549894396, 1314402.61797537538223 ], [ -257415.314713520638179, 1275524.728414338314906 ], [ -242466.601593313680496, 1275103.036148431710899 ], [ -243013.608499222667888, 1255651.624353160150349 ], [ -238235.465276644157711, 1255551.387992980424315 ], [ -238807.343778545298846, 1235820.961846430087462 ], [ -235827.129339278879343, 1234823.568774793297052 ], [ -234388.424536478531081, 1231945.048160576727241 ], [ -232211.430529759643832, 1230072.575703202048317 ], [ -229375.646030629548477, 1226077.738811031682417 ], [ -227771.976402679516468, 1224952.331634531961754 ], [ -223813.707684490043903, 1227035.891463222447783 ], [ -220854.260984376567649, 1227620.493254200089723 ], [ -219599.275253446248826, 1229434.557493637315929 ], [ -219215.886326621402986, 1232416.035641371272504 ], [ -217942.023242468101671, 1234383.680815861094743 ], [ -216307.25616134761367, 1235226.971548709552735 ], [ -212794.732884557073703, 1234460.015305242501199 ], [ -210530.403565742512001, 1232566.048880864167586 ], [ -206541.133869997080183, 1231900.389927225420251 ], [ -204202.42036626956542, 1232352.993231565924361 ], [ -201413.195709151594201, 1230360.416617556242272 ], [ -198586.476008394150995, 1230003.393406251212582 ], [ -195757.951828157587443, 1233028.930302983615547 ], [ -195408.222637837054208, 1249571.973084619501606 ], [ -182599.115100892959163, 1249209.735765414079651 ], [ -142734.848996942804661, 1248474.299291829112917 ], [ -142058.870088247407693, 1292304.132093909662217 ], [ -151647.06061321683228, 1292484.505541746737435 ], [ -181507.334518638090231, 1293112.14565536309965 ], [ -189867.921650176227558, 1293220.428731830557808 ], [ -189470.084173433046089, 1311063.457825367106125 ], [ -189805.909921482962091, 1312667.592271773377433 ] ] ] } },
{ "type": "Feature", "properties": { "csa_geoid": "336", "csa_name": "Lexington-Fayette--Richmond--Frankfort, KY CSA" }, "geometry": { "type": "Polygon", "coordinates": [ [ [ 1038595.357948799966834, 1651490.577089017955586 ], [ 1038827.438972993637435, 1655820.143212294206023 ], [ 1034930.942932117613964, 1658445.647959742927924 ], [ 1035373.123090674751438, 1662110.9459622441791 ], [ 1032217.571551022818312, 1666174.360316632781178 ], [ 1030567.54405307082925, 1669281.424774197628722 ], [ 1030411.529026259551756, 1673404.685518437996507 ], [ 1032331.052028734819032, 1677562.657359858509153 ], [ 1034814.399731154786423, 1678697.134686392731965 ], [ 1039283.014978496008553, 1679415.640894800424576 ], [ 1043256.119128874386661, 1679617.340018813032657 ], [ 1049928.303445327794179, 1682480.29435743088834 ], [ 1052249.156926520401612, 1681844.24599004117772 ], [ 1055654.840857168193907, 1678854.096404355019331 ], [ 1058828.415380484191701, 1686757.742899146396667 ], [ 1058549.066686627222225, 1688088.979270332492888 ], [ 1060664.799908462911844, 1690050.921014864230528 ], [ 1062777.868778742384166, 1690297.917915072059259 ], [ 1061008.044571297010407, 1693113.925898639252409 ], [ 1064403.98763810750097, 1696358.457186497049406 ], [ 1066715.704552287003025, 1699713.442306078504771 ], [ 1069074.243426141096279, 1700197.40322346938774 ], [ 1068845.656656514154747, 1701583.489027302246541 ], [ 1064661.363886781502515, 1702414.063933476340026 ], [ 1063689.010288497898728, 1704060.173674385529011 ], [ 1061409.799003804335371, 1703762.569663572357967 ], [ 1060008.068005649605766, 1702340.569197608623654 ], [ 1059001.791900500888005, 1704412.599787164479494 ], [ 1055163.614550218218938, 1702432.500759327085689 ], [ 1051931.912099197506905, 1703673.151446518488228 ], [ 1047003.856575858197175, 1706818.478721503401175 ], [ 1046434.938630140386522, 1711774.73130933730863 ], [ 1042416.384006101987325, 1713461.854726846562698 ], [ 1043272.319941938389093, 1717604.603098998079076 ], [ 1042875.816256692050956, 1719584.73911820189096 ], [ 1045403.934951891424134, 1721712.838245854014531 ], [ 1052826.979377243900672, 1719418.345273589715362 ], [ 1058568.199998220428824, 1719955.6240590934176 ], [ 1061101.129807642428204, 1720826.356721215648577 ], [ 1062032.49388350523077, 1722045.209696310106665 ], [ 1064196.361339444294572, 1719761.570265568094328 ], [ 1071748.198118657572195, 1715902.174440293107182 ], [ 1072429.096445941831917, 1714076.426783925388008 ], [ 1075892.746822204208001, 1713254.968104052357376 ], [ 1076423.770347775891423, 1714620.612363682826981 ], [ 1078995.212854918092489, 1713013.670198332052678 ], [ 1082312.239313611993566, 1713819.867063714889809 ], [ 1084317.529152947012335, 1715430.184064623201266 ], [ 1084844.431900117313489, 1717558.799215100472793 ], [ 1086824.009259939659387, 1719211.407565888483077 ], [ 1086084.829875185387209, 1722120.11592366034165 ], [ 1089782.547655664384365, 1728471.646565834991634 ], [ 1089327.837956979637966, 1738757.65071463258937 ], [ 1087038.953120264457539, 1736531.541997079504654 ], [ 1085490.09800221491605, 1738066.211761168204248 ], [ 1086488.603707406902686, 1739259.60333503736183 ], [ 1083458.786791268503293, 1740256.095702400198206 ], [ 1086124.632250078720972, 1743503.516658476321027 ], [ 1081137.710664068115875, 1743881.101410010596737 ], [ 1080715.408132980111986, 1746877.313744208309799 ], [ 1079399.821968900505453, 1747157.911165859084576 ], [ 1076139.599779299227521, 1749691.052832887973636 ], [ 1074661.294808214064687, 1749425.3555518980138 ], [ 1073778.07563309604302, 1747297.708556454163045 ], [ 1072386.388134608510882, 1747740.422874984098598 ], [ 1071203.418583537219092, 1752376.05601135129109 ], [ 1069012.123607175191864, 1751565.905562023166567 ], [ 1067534.346081363037229, 1754772.882324146106839 ], [ 1066407.479294332442805, 1754221.354672534158453 ], [ 1064247.474879786605015, 1758114.244099220028147 ], [ 1059799.706426090095192, 1761027.495230374392122 ], [ 1058979.29294037190266, 1763116.92385600390844 ], [ 1056766.34283899422735, 1763827.087437859503552 ], [ 1054500.525816621026024, 1763413.904553262051195 ], [ 1053117.282511278288439, 1762073.943352304166183 ], [ 1051970.805602964013815, 1764030.137668742099777 ], [ 1049716.888438536785543, 1763268.812372530112043 ], [ 1040192.265765304793604, 1750240.226198447169736 ], [ 1039845.212924984050915, 1753351.84936097310856 ], [ 1037891.349539188784547, 1752464.081635193899274 ], [ 1035559.328123904415406, 1752577.053026205627248 ], [ 1033053.40658599359449, 1754683.415204448159784 ], [ 1032458.985085971420631, 1756571.16839237138629 ], [ 1029151.039349559578113, 1756400.779663058463484 ], [ 1027141.379390261601657, 1758420.759628996718675 ], [ 1021716.069932650774717, 1766300.664267860818654 ], [ 1019094.629390196409076, 1767874.820424739504233 ], [ 1012372.159704589983448, 1760341.80402402789332 ], [ 1010078.117172321653925, 1760060.191416186047718 ], [ 1009391.05335270834621, 1758109.522879074094817 ], [ 1004514.220580865629017, 1755463.381210561841726 ], [ 1000923.642769630416296, 1756086.188720789039508 ], [ 996709.754138572374359, 1761944.606352105503902 ], [ 996343.900775926769711, 1765424.58344055339694 ], [ 994641.135834203567356, 1768067.389006051700562 ], [ 992585.067921560024843, 1769747.304673309437931 ], [ 989600.909165340010077, 1771187.408404215006158 ], [ 989510.032283792039379, 1773052.133571244776249 ], [ 987789.200882628443651, 1774525.047286697430536 ], [ 986255.074965739040636, 1777521.214669693494216 ], [ 984535.253853588947095, 1775069.065652494784445 ], [ 981402.141057816217653, 1769966.932318854844198 ], [ 979375.775328162824735, 1768072.526112783234566 ], [ 975132.64529103320092, 1762314.792103973217309 ], [ 971953.970332624041475, 1759612.744512369390577 ], [ 968058.16819621657487, 1757911.313543862197548 ], [ 966580.292371419142, 1758955.445828259689733 ], [ 961176.530483197653666, 1759158.184018106199801 ], [ 959316.23636714159511, 1758764.494241322856396 ], [ 957864.960935346782207, 1760810.22926780488342 ], [ 950515.91773978236597, 1755522.709068666910753 ], [ 954060.037531599169597, 1755561.557195133529603 ], [ 951194.675168867572211, 1748762.655286198481917 ], [ 951642.986667937948368, 1743305.099536586320028 ], [ 951739.204458683612756, 1737632.315586883109063 ], [ 952248.866059315972961, 1735985.412831126013771 ], [ 951077.579689888400026, 1732152.820659317541867 ], [ 949694.353898766450584, 1731023.535723832203075 ], [ 949140.635740440804511, 1726009.114309673663229 ], [ 946875.755620550829917, 1721828.420549600850791 ], [ 945327.184663224034011, 1721215.532480126712471 ], [ 943473.477632702793926, 1719133.476881860988215 ], [ 943388.341442552977242, 1716369.529810620471835 ], [ 940449.584189493209124, 1715089.351617823122069 ], [ 940516.50157029076945, 1713324.585204222239554 ], [ 942762.962359463563189, 1705216.967430662829429 ], [ 944451.24723931401968, 1705534.335076646646485 ], [ 944923.308191915974021, 1707550.254612515680492 ], [ 946647.292119068559259, 1706970.340480799088255 ], [ 946781.634442021953873, 1705254.45353358448483 ], [ 948460.406364277354442, 1704742.190830325940624 ], [ 954747.755371371400543, 1706299.38368201139383 ], [ 956988.568255509948358, 1707762.500383584294468 ], [ 957798.549261720152572, 1711225.540019741281867 ], [ 961037.144586333655752, 1713711.049210651312023 ], [ 965488.954552122973837, 1712620.047485134331509 ], [ 972648.671140670427121, 1716872.496205392759293 ], [ 970870.744891263195314, 1714501.47607155633159 ], [ 973076.318141494994052, 1713048.710178287699819 ], [ 971082.859201186802238, 1711809.966700405115262 ], [ 973862.020479222759604, 1707620.669373136945069 ], [ 976347.781557889771648, 1708159.749872080050409 ], [ 977136.928935496835038, 1706590.609880612930283 ], [ 976063.473633541958407, 1704548.891663172515109 ], [ 976954.140696007641964, 1703584.884441936388612 ], [ 980615.325565973180346, 1705641.20400510285981 ], [ 982944.661772174644284, 1705613.409454578068107 ], [ 983019.287324105971493, 1704034.368097854778171 ], [ 980767.82760199077893, 1702358.28755309083499 ], [ 981563.420734898420051, 1700471.336046787211671 ], [ 983233.877584263449535, 1702079.474264010088518 ], [ 984971.835932559566572, 1702103.717562569538131 ], [ 985330.967790820403025, 1698135.5533426576294 ], [ 991308.354709968785755, 1696144.691907458472997 ], [ 993837.053659250377677, 1694632.018763722619042 ], [ 993867.409937447635457, 1692910.378273096866906 ], [ 995422.480678969644941, 1692351.173034019069746 ], [ 998240.189881721977144, 1697470.82679653656669 ], [ 1001740.192119350773282, 1695233.861338747665286 ], [ 1001155.266828762833029, 1693690.357819945085794 ], [ 1003019.178759614005685, 1691287.165766359074041 ], [ 1006037.69273749680724, 1689406.122400225140154 ], [ 1007411.342302419943735, 1686347.338886406738311 ], [ 1009786.34188006981276, 1684274.589218146167696 ], [ 1010356.12315476522781, 1682220.739180391421542 ], [ 1012152.280818186001852, 1679858.985579875763506 ], [ 1014141.561722744372673, 1679588.86220993520692 ], [ 1014989.010756771778688, 1676870.602325539570302 ], [ 1017303.938381693442352, 1673609.189561816630885 ], [ 1016486.365626756451093, 1670873.902516192290932 ], [ 1017209.290121599216945, 1668982.016053546685725 ], [ 1015898.244022231199779, 1665938.434547994285822 ], [ 1009433.590062254457735, 1666639.900430580833927 ], [ 1006670.815703614847735, 1648568.152665660018101 ], [ 1012282.421292591607198, 1643635.583988984115422 ], [ 1026577.502770082210191, 1632396.977743454510346 ], [ 1027740.685223590000533, 1631163.450195051496848 ], [ 1027821.566986701567657, 1633563.053569978801534 ], [ 1029150.383514399989508, 1634436.921747842570767 ], [ 1029569.154433672432788, 1641252.654819615883753 ], [ 1032704.712156140827574, 1642021.088814846007153 ], [ 1032318.787457056809217, 1646244.377275875769556 ], [ 1033599.822707658750005, 1646381.893140214495361 ], [ 1035318.988506607944146, 1648767.214775432599708 ], [ 1037908.798687961767428, 1649449.803121505305171 ], [ 1038595.357948799966834, 1651490.577089017955586 ] ] ] } },
{ "type": "Feature", "properties": { "csa_geoid": "338", "csa_name": "Lima-Van Wert-Celina, OH CSA" }, "geometry": { "type": "Polygon", "coordinates": [ [ [ 1009699.608683785190806, 2054551.628240671707317 ], [ 1000194.478484938037582, 2053272.507270916830748 ], [ 1000408.176717380410992, 2051631.601424540393054 ], [ 990933.591715786373243, 2050396.207039087079465 ], [ 991538.989758465206251, 2045536.016608526930213 ], [ 972404.199105788371526, 2042939.089108038460836 ], [ 971758.05572802759707, 2047880.127085307147354 ], [ 966999.087026443216018, 2047257.446342256385833 ], [ 965722.664123152033426, 2056921.677179845049977 ], [ 932279.954593512578867, 2052787.214826612966135 ], [ 934847.117439475143328, 2031818.986690920311958 ], [ 937836.378852219553664, 2006397.396901343716308 ], [ 940608.173032616032287, 1981971.161013741279021 ], [ 957695.074031403986737, 1983900.050345391500741 ], [ 971459.663021856802516, 1985852.919100742088631 ], [ 971184.669768747175112, 1988526.436433783499524 ], [ 979135.904757204581983, 1989558.970713104819879 ], [ 977702.004514535772614, 2000932.426495091989636 ], [ 1005761.172131586354226, 2004673.420391930034384 ], [ 1006479.088015311979689, 2004752.038869715994224 ], [ 1005735.597913229605183, 2010548.338686820818111 ], [ 1012842.183393760235049, 2011478.597658790415153 ], [ 1015169.141305634635501, 2012149.740184942493215 ], [ 1011161.025374309159815, 2043391.210014851531014 ], [ 1009699.608683785190806, 2054551.628240671707317 ] ] ] } },
{ "type": "Feature", "properties": { "csa_geoid": "339", "csa_name": "Lincoln-Beatrice, NE CSA" }, "geometry": { "type": "Polygon", "coordinates": [ [ [ -75758.925754597119521, 2004513.94103727559559 ], [ -114081.559127168235136, 2005068.845964999170974 ], [ -114666.803197587723844, 1966066.383692411938682 ], [ -76549.436917322847876, 1965532.904165535932407 ], [ -76582.180936269040103, 1950885.768201561179012 ], [ -76918.839069633453619, 1927165.481980198062956 ], [ -77140.100672537140781, 1926531.503117046086118 ], [ -77545.942627628799528, 1887520.187181739602238 ], [ -39239.929034985099861, 1887181.795064011123031 ], [ -39084.717988025666273, 1914617.796439923113212 ], [ -38816.210188653240039, 1974892.730579739669338 ], [ -38682.270335343942861, 2004133.356071024434641 ], [ -75758.925754597119521, 2004513.94103727559559 ] ] ] } },
{ "type": "Feature", "properties": { "csa_geoid": "340", "csa_name": "Little Rock-North Little Rock, AR CSA" }, "geometry": { "type": "Polygon", "coordinates": [ [ [ 303925.473022731544916, 1237014.076486425241455 ], [ 320845.454060145304538, 1237018.964117073221132 ], [ 324805.510586517339107, 1235070.775834998581558 ], [ 326664.173663575144019, 1235195.894952814327553 ], [ 331093.863024742924608, 1232063.416304704966024 ], [ 332249.263542066037189, 1229572.472799455048516 ], [ 335563.204438800690696, 1228092.153764062793925 ], [ 323220.57507392502157, 1227358.829993398860097 ], [ 323204.705569162091706, 1217918.94934012228623 ], [ 325003.312161791778635, 1217953.773140478180721 ], [ 326261.631470867956523, 1215819.655343231279403 ], [ 328315.658276561880484, 1214499.943427575519308 ], [ 330334.966469892300665, 1211556.340187080902979 ], [ 330874.091242922295351, 1208583.585118227638304 ], [ 332407.08068740949966, 1206502.178108029766008 ], [ 334923.243498083669692, 1204988.552369030192494 ], [ 336393.412467490939889, 1202752.949268410447985 ], [ 336715.568378935859073, 1199140.339119405951351 ], [ 337656.167561552603729, 1196670.311088434886187 ], [ 336461.966456657799426, 1193055.689264066051692 ], [ 337609.172106450947467, 1188838.850394134642556 ], [ 341805.096808006230276, 1188764.696501854341477 ], [ 370274.930152545275632, 1189789.672459040768445 ], [ 368932.850992000545375, 1220247.437420603819191 ], [ 371079.126101489993744, 1220329.454439812805504 ], [ 370468.013529929739889, 1233307.338982812594622 ], [ 389548.266551070730202, 1234206.546007613651454 ], [ 389726.764798278454691, 1230965.503999359207228 ], [ 391375.00992875819793, 1231054.504770947154611 ], [ 390760.453677295008674, 1243352.785256193485111 ], [ 393146.171149497909937, 1243366.45239661517553 ], [ 398087.826528938894626, 1239565.698627294506878 ], [ 401331.832569500082172, 1238550.08627599151805 ], [ 402194.920782450062688, 1237062.511425612494349 ], [ 401839.051351145608351, 1235041.052405642112717 ], [ 403805.550862709176727, 1233991.21048042178154 ], [ 406094.98913359438302, 1236156.677636501844972 ], [ 409336.381162986217532, 1235369.117200066335499 ], [ 410818.017150768544525, 1233408.221024806378409 ], [ 413819.765888608060777, 1231364.254246642580256 ], [ 415170.548457687720656, 1231764.421689728973433 ], [ 416279.000411175948102, 1234501.468813007697463 ], [ 417829.694637324893847, 1234389.42883357219398 ], [ 416155.046444028615952, 1239898.258333410602063 ], [ 412070.634713089384604, 1239340.813242750009522 ], [ 410526.184183136909269, 1240545.296023288974538 ], [ 410213.136619076423813, 1243787.942387114511803 ], [ 407610.497407767979894, 1249646.934243754483759 ], [ 404277.519181584182661, 1249327.657760402187705 ], [ 401434.428173882712144, 1250010.621828692499548 ], [ 391900.466270033211913, 1249960.172646530205384 ], [ 391230.186300515837502, 1277783.382676384178922 ], [ 393167.444086711504497, 1278965.080278350738809 ], [ 393653.790986658423208, 1280928.264850150095299 ], [ 397330.938283003284596, 1285197.614239117596298 ], [ 397065.288587560993619, 1287418.374736868077889 ], [ 394400.142808936478104, 1288793.786395261297002 ], [ 394784.268582520191558, 1291075.814598150085658 ], [ 396265.109573582536541, 1292915.897760804044083 ], [ 396385.938065080088563, 1294757.008879600092769 ], [ 393628.60224053094862, 1297457.291208981303498 ], [ 390680.242860312631819, 1298954.606136705493554 ], [ 390067.690752868598793, 1326645.320230759913102 ], [ 380101.06736099376576, 1326414.073140624910593 ], [ 379634.79134433058789, 1339721.479877590900287 ], [ 382874.434143359772861, 1340926.609405985102057 ], [ 384835.301814745354932, 1340687.540504734497517 ], [ 388034.023057865386363, 1342561.288693344919011 ], [ 392794.642682935518678, 1341551.030614412389696 ], [ 394356.645751216914505, 1338874.732482551131397 ], [ 396809.586658723303117, 1338325.953627307666466 ], [ 399343.289831050904468, 1338912.680182867916301 ], [ 399103.524603962316178, 1346322.613412563689053 ], [ 411219.159156250825617, 1346596.25809092191048 ], [ 412852.089318056241609, 1352006.380058006150648 ], [ 412350.485828774166293, 1353742.701110757421702 ], [ 410075.847003401315305, 1353945.964847316965461 ], [ 413062.572682270605583, 1356876.494255776284263 ], [ 414101.020797765348107, 1358794.585289837094024 ], [ 416883.014691698073875, 1360931.398739480180666 ], [ 415576.207887032243889, 1365109.399735984392464 ], [ 413715.538807244913187, 1366424.791813449701294 ], [ 413436.51377564878203, 1370667.745270624058321 ], [ 411067.50904860853916, 1370442.480195597512648 ], [ 412199.08865172060905, 1373730.42704786779359 ], [ 411874.944716788188089, 1378689.299993733176962 ], [ 416843.684106900996994, 1382652.628084974829108 ], [ 418613.511356668779626, 1383207.895969276316464 ], [ 418580.000285793794319, 1386189.535754647571594 ], [ 406822.379373826202936, 1385735.954683782299981 ], [ 397239.896435350528918, 1385529.528335164766759 ], [ 396994.176675800583325, 1395381.754151521949098 ], [ 383218.063988377805799, 1395166.38658784609288 ], [ 377984.429548180196434, 1394938.351154904346913 ], [ 378155.544349665171467, 1386153.807887256611139 ], [ 375221.872457953577396, 1385924.061199817573652 ], [ 373391.418068408151157, 1383801.268790105823427 ], [ 373576.083416950597893, 1375059.543660094728693 ], [ 359457.764619542751461, 1374605.517368627013639 ], [ 350214.671387258800678, 1374547.195858078310266 ], [ 339753.420801425527316, 1374177.967684169765562 ], [ 316888.712383429345209, 1373895.669100603554398 ], [ 316965.898293796053622, 1363490.880929912207648 ], [ 315037.805316460435279, 1361448.834445002488792 ], [ 315193.786327040405013, 1359389.955499232979491 ], [ 313143.255998854176141, 1358097.720347569091246 ], [ 313415.4843602522742, 1353725.657749176025391 ], [ 315616.971598391945008, 1352230.825654429849237 ], [ 315639.218868044379633, 1348235.687638074625283 ], [ 314307.360814797633793, 1345375.900118147255853 ], [ 312333.546286875789519, 1346588.852786528645083 ], [ 309647.1512972448254, 1344933.649232987547293 ], [ 307135.021369241876528, 1341554.900007433490828 ], [ 303199.576820240123197, 1344506.094139376888052 ], [ 300301.288920487393625, 1340700.435644467594102 ], [ 296655.802663715556264, 1339962.995155256940052 ], [ 266602.624486746790353, 1339533.551610346883535 ], [ 265027.523815442575142, 1337894.942410872783512 ], [ 265059.421035458683036, 1336268.358808538643643 ], [ 263495.04942591348663, 1334636.815263763302937 ], [ 261838.857420701155206, 1334623.697667290456593 ], [ 258664.365985243697651, 1331209.939547281712294 ], [ 258677.231568747694837, 1329590.166945214848965 ], [ 257094.745370018790709, 1327956.050955794285983 ], [ 255177.102392259403132, 1327933.083306864369661 ], [ 244244.332654568046564, 1316330.347939624916762 ], [ 245867.730573402892333, 1314743.348605227423832 ], [ 246192.592094511928735, 1304946.172004007035866 ], [ 247808.10682618181454, 1304848.86764863319695 ], [ 275094.706628633080982, 1305710.16159104090184 ], [ 275367.056257168529555, 1295927.328589512733743 ], [ 274521.808056009816937, 1295913.502032455056906 ], [ 274607.157506551011465, 1290585.530898799421266 ], [ 284121.039861009456217, 1290663.478052461287007 ], [ 284144.477962444361765, 1285737.729691264219582 ], [ 290412.58475052920403, 1285860.576865066774189 ], [ 290434.268683296861127, 1282710.473722904454917 ], [ 292023.240983671857975, 1282734.565902637084946 ], [ 292089.773642572807148, 1276200.893288883147761 ], [ 297091.898582712863572, 1276334.049081777688116 ], [ 297153.632379432325251, 1273056.785335440887138 ], [ 302052.97179574216716, 1273133.497427812311798 ], [ 302178.37206486024661, 1266603.036358910612762 ], [ 303777.445233150909189, 1266637.484889784827828 ], [ 304038.838568563805893, 1247058.029774022754282 ], [ 303925.473022731544916, 1237014.076486425241455 ] ] ] } },
{ "type": "Feature", "properties": { "csa_geoid": "348", "csa_name": "Los Angeles-Long Beach, CA CSA" }, "geometry": { "type": "MultiPolygon", "coordinates": [ [ [ [ -1747237.552660349290818, 1598686.795455822488293 ], [ -1754938.712699876399711, 1600244.880876538343728 ], [ -1755308.804043992888182, 1598551.913710658904165 ], [ -1803139.173855836736038, 1608753.061727746622637 ], [ -1876195.639938725624233, 1625129.635251194005832 ], [ -1898107.990861421916634, 1630102.276492827106267 ], [ -1921264.088662605499849, 1635672.87301011919044 ], [ -1923476.107515131123364, 1626137.262362112291157 ], [ -1925032.339330207556486, 1626501.15996625716798 ], [ -1925772.08005011244677, 1623329.811539546819404 ], [ -1922656.967340443981811, 1622598.491414113203064 ], [ -1923391.028704278403893, 1619427.170538483420387 ], [ -1924969.754540393594652, 1619704.957205624552444 ], [ -1927179.705463089980185, 1610266.713036574190482 ], [ -1926783.186129366513342, 1610174.402045410359278 ], [ -1929226.749044115887955, 1599468.977289949776605 ], [ -1929947.817667605588213, 1597941.377066168468446 ], [ -1932233.946011820808053, 1587099.502847671275958 ], [ -1938638.972765137674287, 1559309.918446000898257 ], [ -1938852.383808685932308, 1559354.069721464766189 ], [ -1945702.460598988458514, 1529325.9559983802028 ], [ -1958244.109364223200828, 1532359.310229849070311 ], [ -1997682.086871684761718, 1541291.045578108169138 ], [ -2026570.774052418302745, 1548024.157279906095937 ], [ -2053656.107156430371106, 1554537.383322997018695 ], [ -2054049.152926105307415, 1552974.628242260310799 ], [ -2056043.727946920087561, 1553455.258500983705744 ], [ -2056756.351484602317214, 1551954.51786300051026 ], [ -2065329.095256719505414, 1554196.945829116040841 ], [ -2064733.925360375083983, 1556573.930576004087925 ], [ -2087967.01428818050772, 1562638.537383669987321 ], [ -2086798.933675865642726, 1567336.534723196644336 ], [ -2089857.263037210097536, 1568064.186452084453776 ], [ -2089373.749286483973265, 1569695.723303927108645 ], [ -2098604.134484595153481, 1572182.308540333528072 ], [ -2098035.859092949423939, 1575133.997598571237177 ], [ -2103298.782048737164587, 1576498.369519974337891 ], [ -2115330.169358433224261, 1528171.987327100243419 ], [ -2115554.428150720428675, 1526606.284869163297117 ], [ -2117426.858660303521901, 1524347.830787650775164 ], [ -2117803.589134909212589, 1521991.767773046158254 ], [ -2119975.395646145567298, 1521030.894575877580792 ], [ -2118163.996743131428957, 1517364.869772573001683 ], [ -2117089.699397038202733, 1517014.058445602888241 ], [ -2114504.892801121808589, 1512087.16097469907254 ], [ -2112690.202884678263217, 1511779.945025488734245 ], [ -2110563.552729323972017, 1507914.295712114078924 ], [ -2107915.003309024963528, 1505197.842779331374913 ], [ -2105991.898871738929302, 1504041.682246300624683 ], [ -2105783.961250893305987, 1499448.504153495887294 ], [ -2104777.807892363984138, 1493241.95078342105262 ], [ -2103743.189645125996321, 1489562.46774296509102 ], [ -2101465.979204083792865, 1488177.284011926036328 ], [ -2097218.799600456375629, 1482725.514797237701714 ], [ -2093416.284563805907965, 1481600.996430965838954 ], [ -2091586.584573131985962, 1479549.667564744828269 ], [ -2089538.376583385979757, 1478780.860501962713897 ], [ -2081591.219282923033461, 1472273.823977856896818 ], [ -2074582.269872113596648, 1469550.61873709759675 ], [ -2072136.977054073242471, 1466660.605599100934342 ], [ -2071193.283493932336569, 1464754.002035131910816 ], [ -2068762.46289167762734, 1466534.408499994082376 ], [ -2063946.620841165306047, 1466759.139883666997775 ], [ -2061528.783164030872285, 1465755.103193231159821 ], [ -2057386.444043861702085, 1465835.79616684303619 ], [ -2052704.265577988699079, 1464388.30320256925188 ], [ -2049164.315897568827495, 1464141.693715747911483 ], [ -2046774.001973811071366, 1463252.139718144433573 ], [ -2043738.141787602333352, 1460009.476392834912986 ], [ -2040631.633934975601733, 1452581.93150112289004 ], [ -2039051.711732090916485, 1443515.570687422761694 ], [ -2038376.405580647988245, 1437914.640889003174379 ], [ -2039549.771297404309735, 1434517.016878514550626 ], [ -2042757.448203218402341, 1432740.440539558185264 ], [ -2042669.946724648820236, 1428011.154678944498301 ], [ -2038610.78122560097836, 1426706.740777264581993 ], [ -2036992.883389267139137, 1424917.898212602827698 ], [ -2032636.036248803138733, 1421585.694456450641155 ], [ -2030399.5583032136783, 1422901.839654236100614 ], [ -2029599.46432683407329, 1422074.839822204783559 ], [ -2026620.493784099118784, 1424115.440470991889015 ], [ -2025048.026387548306957, 1424298.68705714517273 ], [ -2023670.117894682101905, 1422535.340976015664637 ], [ -2021499.538782924413681, 1425709.675252313027158 ], [ -2018936.906403227942064, 1424518.447586717549711 ], [ -2014148.992754518287256, 1420080.381498354487121 ], [ -2008209.944444488501176, 1409850.847633337136358 ], [ -2003707.464736335212365, 1404855.005905577214435 ], [ -2002907.647429992910475, 1403194.428833313984796 ], [ -1998366.192010009661317, 1400493.512352572754025 ], [ -1995865.333572678035125, 1397723.876409035176039 ], [ -1994056.090517341624945, 1394698.77881135744974 ], [ -1991668.494124396005645, 1393067.061118457699195 ], [ -1987955.685743523528799, 1385502.94745142175816 ], [ -1987483.454339363146573, 1382697.069910733262077 ], [ -1984415.961090320022777, 1382195.237364241154864 ], [ -1981527.432497012894601, 1378943.46323405043222 ], [ -1980123.995109136914834, 1376642.377021301304922 ], [ -1978629.063264399999753, 1372375.627566798357293 ], [ -1975389.27104542311281, 1379207.281456632772461 ], [ -1971742.816958517068997, 1378562.264582231640816 ], [ -1968746.4636103392113, 1379704.307422131532803 ], [ -1967922.405314851552248, 1383340.738311926601455 ], [ -1954840.769326128764078, 1380339.461515005910769 ], [ -1955799.737965068081394, 1378900.314705202588812 ], [ -1945199.142771184910089, 1371715.534180107526481 ], [ -1945582.595281289657578, 1369863.248242345638573 ], [ -1936128.65158331207931, 1367774.582529787672684 ], [ -1926665.844157361192629, 1365359.717114407103509 ], [ -1926751.547212790464982, 1365025.076729072490707 ], [ -1911098.100527375703678, 1361477.463544888189062 ], [ -1880544.503935469314456, 1354754.964059861376882 ], [ -1851542.144980340730399, 1348674.524047007085755 ], [ -1843939.359446343267336, 1346699.229116653790697 ], [ -1785614.154909253353253, 1334495.688749731518328 ], [ -1765120.403072729939595, 1330441.601806117687374 ], [ -1749009.215844196500257, 1327098.358688005711883 ], [ -1727928.035876001231372, 1323065.593454761896282 ], [ -1727851.847447905689478, 1323461.936893407488242 ], [ -1709401.751657222863287, 1319760.464700019685552 ], [ -1708520.361545782070607, 1322204.933233223389834 ], [ -1704748.839444325305521, 1326339.255220194114372 ], [ -1701604.704548879526556, 1327685.921690127812326 ], [ -1701090.97796305292286, 1329301.181257564807311 ], [ -1697545.530184944858775, 1330924.434998269658536 ], [ -1698146.3186967629008, 1335503.972618347266689 ], [ -1696039.518760634353384, 1337349.634835049510002 ], [ -1695689.245791134890169, 1339947.394384339917451 ], [ -1696242.48151846206747, 1341621.462008215021342 ], [ -1694596.092080969829112, 1345559.051540500018746 ], [ -1691876.796652289805934, 1346277.62835257104598 ], [ -1691402.829919821582735, 1348718.158206766005605 ], [ -1692502.144889250397682, 1350649.730055306106806 ], [ -1691298.497150105424225, 1354251.698273110901937 ], [ -1692171.693225173046812, 1359780.294318116502836 ], [ -1691217.701301806839183, 1360778.444474056363106 ], [ -1691525.955193223897368, 1364262.794788031838834 ], [ -1690020.734066158998758, 1364329.877665129490197 ], [ -1688695.05517339729704, 1366146.218412422807887 ], [ -1690070.824390427675098, 1368326.129259215435013 ], [ -1688601.251121264882386, 1370024.101956928847358 ], [ -1690368.725473685655743, 1372000.368691105162725 ], [ -1688582.334843618096784, 1375092.628423553425819 ], [ -1686458.086828929837793, 1375375.891957963816822 ], [ -1679601.327938566217199, 1380953.770151164615527 ], [ -1678937.568419550079852, 1384842.230564345605671 ], [ -1677838.471284113591537, 1387984.896733832079917 ], [ -1675760.166918311966583, 1389884.223786601098254 ], [ -1671087.517449332401156, 1390214.448338601039723 ], [ -1669087.409612464951351, 1391632.197134286165237 ], [ -1666929.105759034398943, 1391472.576551977777854 ], [ -1662857.775359046179801, 1394524.414266269421205 ], [ -1659809.92126540071331, 1394307.150627982802689 ], [ -1657337.127713853260502, 1395317.991475819610059 ], [ -1656674.721354862907901, 1396879.923264988930896 ], [ -1650331.404234350426123, 1401101.612501104362309 ], [ -1649961.568423669785261, 1402094.931617968482897 ], [ -1646884.033631613710895, 1401924.810549010289833 ], [ -1646659.538496763911098, 1406492.938222655560821 ], [ -1648045.929507829714566, 1408427.110078666359186 ], [ -1649144.10453896317631, 1412220.430993064073846 ], [ -1650910.213499760488048, 1413936.896354892291129 ], [ -1653198.935101544717327, 1414898.388477586442605 ], [ -1655865.736617348855361, 1419450.423175800591707 ], [ -1657793.279944166075438, 1420282.646523028844967 ], [ -1658606.49927368410863, 1422886.652224638964981 ], [ -1661801.320644989144057, 1426316.969627799233422 ], [ -1664680.873230533674359, 1426367.076968099689111 ], [ -1665606.25493753189221, 1427798.626012169057503 ], [ -1663778.036972602363676, 1433066.944425346096978 ], [ -1663538.412717499770224, 1435576.650135924806818 ], [ -1664859.087121149990708, 1440383.966774638043717 ], [ -1667054.460583417676389, 1443910.354736077366397 ], [ -1665674.411763769108802, 1445195.753777587786317 ], [ -1666734.884894503513351, 1446658.024105366086587 ], [ -1666892.767415662761778, 1451642.331715157488361 ], [ -1667854.95144556183368, 1457423.37096173549071 ], [ -1671188.947655840078369, 1460677.708673764718696 ], [ -1673748.653432581806555, 1464618.280867730500177 ], [ -1674785.40307853766717, 1467950.391204303363338 ], [ -1675295.396970517700538, 1472769.987112697213888 ], [ -1678527.608511220198125, 1476910.102312519913539 ], [ -1678647.012831292813644, 1479141.161390599561855 ], [ -1677653.420718662440777, 1481402.695150038227439 ], [ -1676740.454130014870316, 1485504.07121643377468 ], [ -1676889.776090559083968, 1487142.963503986597061 ], [ -1675823.607426340924576, 1491829.202465442707762 ], [ -1686772.473423115676269, 1508320.475437602028251 ], [ -1707731.604687934042886, 1539513.327286441111937 ], [ -1730361.024859327822924, 1573324.067434376105666 ], [ -1747237.552660349290818, 1598686.795455822488293 ] ] ], [ [ [ -2159721.340847896412015, 1403656.344974976731464 ], [ -2159420.797002783045173, 1399994.621399065712467 ], [ -2158043.334042401984334, 1397976.286509458208457 ], [ -2151714.779752837494016, 1394325.041346068494022 ], [ -2148746.915816460736096, 1394194.857290380401537 ], [ -2148070.883348220493644, 1395328.43923039897345 ], [ -2149699.093153200577945, 1398644.160304877441376 ], [ -2152020.501036704983562, 1400281.353977303486317 ], [ -2155032.131911807693541, 1403301.710241523804143 ], [ -2158414.93821789836511, 1402522.073720122221857 ], [ -2159721.340847896412015, 1403656.344974976731464 ] ] ], [ [ [ -2067179.7704509771429, 1403753.454484003130347 ], [ -2064407.795935039175674, 1398018.280291073257104 ], [ -2059885.905174374114722, 1396383.740134404040873 ], [ -2058083.278353151166812, 1394818.288864283356816 ], [ -2058197.345792276319116, 1391304.157529928954318 ], [ -2059771.542687644716352, 1387306.168700001202524 ], [ -2058435.708639453630894, 1384132.685998016968369 ], [ -2056446.494327768916264, 1382792.294835546053946 ], [ -2050444.618976736906916, 1381523.683705413714051 ], [ -2046535.596619388088584, 1378177.077180247288197 ], [ -2044429.559250571997836, 1378964.560526086483151 ], [ -2044256.580239107599482, 1381731.067434556083754 ], [ -2046929.828919735038653, 1386866.659245372982696 ], [ -2048758.094906874699518, 1391432.958229846088216 ], [ -2052036.058008242864162, 1394215.804515531985089 ], [ -2053989.877285365248099, 1394875.21157119050622 ], [ -2056751.715438017621636, 1397769.2838501452934 ], [ -2058503.161220582900569, 1397622.148246802389622 ], [ -2059109.772123301634565, 1399142.65551948430948 ], [ -2061667.143436296377331, 1401921.135219373274595 ], [ -2065390.059463005047292, 1402787.651573547162116 ], [ -2067179.7704509771429, 1403753.454484003130347 ] ] ], [ [ [ -2079623.82041416480206, 1353622.92455968610011 ], [ -2078195.216708127176389, 1352884.205758397700265 ], [ -2078015.928618013625965, 1348467.281766686355695 ], [ -2076568.55358448647894, 1344984.605338213499635 ], [ -2076647.854550284799188, 1340972.781278599752113 ], [ -2074360.236378682311624, 1336662.933111985912547 ], [ -2074495.846562022110447, 1333689.136919470969588 ], [ -2072246.03980653709732, 1331698.031312344362959 ], [ -2069110.728428914910182, 1326478.608944855630398 ], [ -2062857.01271108398214, 1329289.132106095785275 ], [ -2071029.927597210509703, 1340967.525280669564381 ], [ -2074866.063847924815491, 1349449.452176186488941 ], [ -2075608.226446920307353, 1353702.714256387669593 ], [ -2076392.124800137709826, 1354982.141400166088715 ], [ -2079194.502251731231809, 1355486.95859439834021 ], [ -2079623.82041416480206, 1353622.92455968610011 ] ] ] ] } },
{ "type": "Feature", "properties": { "csa_geoid": "350", "csa_name": "Louisville/Jefferson County--Elizabethtown, KY-IN CSA" }, "geometry": { "type": "Polygon", "coordinates": [ [ [ 961176.530483197653666, 1759158.184018106199801 ], [ 961204.037834613583982, 1760503.548325760290027 ], [ 958880.47556649078615, 1760982.649429836077616 ], [ 958417.373890862800181, 1762536.490671595791355 ], [ 959559.322299424791709, 1765675.099506575148553 ], [ 955544.098736597574316, 1766896.456345098558813 ], [ 956583.503722112742253, 1769073.05636518378742 ], [ 954775.788535293191671, 1770284.285527965286747 ], [ 954435.027854410232976, 1766839.029034148901701 ], [ 952160.04811007657554, 1767164.868778495350853 ], [ 952881.328211637563072, 1769498.451352117815986 ], [ 952232.857474933029152, 1771302.112141201039776 ], [ 949317.02073065598961, 1772478.778345446800813 ], [ 949233.315710655995645, 1776003.298373824683949 ], [ 945483.114527702215128, 1774705.461513241752982 ], [ 946492.585778439999558, 1777827.153861884493381 ], [ 946608.138465983560309, 1780518.498483653413132 ], [ 943575.295697186375037, 1781604.044774567708373 ], [ 942243.459854041808285, 1780421.205314778955653 ], [ 940667.808687512646429, 1781736.769496923545375 ], [ 940541.307191763189621, 1783845.649059198331088 ], [ 932656.3375591855729, 1781654.006160525372252 ], [ 926595.940170421614312, 1774268.692770824767649 ], [ 924234.175313208368607, 1770634.378689175937325 ], [ 916755.353988746646792, 1771061.422735915752128 ], [ 915442.924692120635882, 1772187.108224209398031 ], [ 912497.519409547210671, 1771751.286736575886607 ], [ 910691.616703172796406, 1772316.21836042124778 ], [ 911919.369277636753395, 1774939.247753853676841 ], [ 911703.123006731155328, 1776813.807545474497601 ], [ 910323.841796615975909, 1779230.505149708362296 ], [ 906023.604224856942892, 1778731.648039786377922 ], [ 904233.954439990804531, 1780851.317394391167909 ], [ 878795.115825344226323, 1777851.749028210993856 ], [ 876756.946837494382635, 1774315.212846409296617 ], [ 876949.679253552341834, 1772760.833724285941571 ], [ 874657.250800585490651, 1772497.881692295894027 ], [ 874419.497655452811159, 1774162.987982185557485 ], [ 871248.804291566135362, 1773727.357844264013693 ], [ 869124.828301880974323, 1791427.080520303687081 ], [ 862562.636445819516666, 1794081.214446862461045 ], [ 861351.085498009924777, 1792623.741300622699782 ], [ 859440.992972337757237, 1793380.460486477706581 ], [ 855776.861847685766406, 1792992.97587477369234 ], [ 853911.949037825223058, 1794622.678924554493278 ], [ 847680.194218021002598, 1792318.61106556141749 ], [ 843111.669316592859104, 1794153.108883107081056 ], [ 839856.676149212871678, 1793391.602958300849423 ], [ 838374.464976572897285, 1791712.829024065751582 ], [ 835648.117743280366994, 1791228.454641501419246 ], [ 834539.59126824256964, 1787881.201037497026846 ], [ 833090.468649786664173, 1787234.43762786872685 ], [ 833650.011859859689139, 1782494.940363830188289 ], [ 833916.127330481191166, 1780663.205328343668953 ], [ 836678.715256347320974, 1752921.336480542551726 ], [ 841294.639264931669459, 1753373.607036002445966 ], [ 841771.013658883282915, 1751557.464197587687522 ], [ 840403.779359289095737, 1743999.803425390971825 ], [ 841895.929850923013873, 1739146.672085335943848 ], [ 841232.697483624564484, 1737284.948554524453357 ], [ 841648.363158757099882, 1731375.001587647246197 ], [ 840359.746238604420796, 1728603.105387926101685 ], [ 839379.749051569029689, 1728369.896612659562379 ], [ 838724.73917510965839, 1725556.441446117591113 ], [ 835003.121700738440268, 1727504.889615775551647 ], [ 833676.876465629786253, 1726755.394840880762786 ], [ 833612.265855002682656, 1724273.298081010114402 ], [ 834706.369458728120662, 1723275.025446520885453 ], [ 838066.562141865491867, 1722857.585003898944706 ], [ 838745.602410497609526, 1722050.28705663443543 ], [ 837292.395199502003379, 1719731.045301933772862 ], [ 834256.219586429418996, 1719747.757824353408068 ], [ 831967.311397793819197, 1716718.390518740750849 ], [ 829632.957587238750421, 1718676.754836554406211 ], [ 827861.458181018126197, 1718716.712664793711156 ], [ 826597.805453177308664, 1717149.038175027118996 ], [ 827431.157246855669655, 1715156.683747251052409 ], [ 829677.591404833015986, 1714342.028939213370904 ], [ 830006.943157143541612, 1712168.17593752569519 ], [ 828516.827980699250475, 1710138.646306177834049 ], [ 825234.39307452540379, 1709265.737785081379116 ], [ 835170.33185644086916, 1701782.097265979507938 ], [ 848608.119712752522901, 1692648.98192464816384 ], [ 851892.564733904204331, 1689472.393074969295412 ], [ 857453.468226721626706, 1684753.541452461620793 ], [ 849048.066638438845985, 1660746.489592995494604 ], [ 851629.980158360674977, 1661622.679936476750299 ], [ 852966.460890745860524, 1659077.059905008878559 ], [ 854601.642746974132024, 1659354.041046578902751 ], [ 856292.967140084947459, 1658339.980345452902839 ], [ 860945.521840046625584, 1658148.064530616626143 ], [ 863361.625909719266929, 1659261.146545624826103 ], [ 869453.001372515805997, 1651749.298740314785391 ], [ 869836.720196871319786, 1649984.601551508763805 ], [ 868730.795642973971553, 1647450.958894355688244 ], [ 870535.940273998072371, 1646800.670720526715741 ], [ 896669.505356749054044, 1647471.656528065679595 ], [ 898218.008812357089482, 1646983.521061726845801 ], [ 904880.220548801589757, 1647333.15085546975024 ], [ 903998.394738766015507, 1648900.790429846849293 ], [ 905659.360735962633044, 1650503.344041838077828 ], [ 906276.812982514384203, 1653087.237315544625744 ], [ 908473.819977468228899, 1652051.433658636407927 ], [ 909878.875714009976946, 1653323.630780925508589 ], [ 915705.093537602806464, 1652156.151307056425139 ], [ 917603.114099964383058, 1655533.106617511250079 ], [ 919001.946074700448662, 1653994.967085745185614 ], [ 920937.822979658958502, 1654225.414457448991016 ], [ 919993.487836075946689, 1656914.562528532464057 ], [ 918191.69259375683032, 1659240.2744853743352 ], [ 916758.023092710762285, 1662970.124719882151112 ], [ 915102.45077501074411, 1663378.986371989129111 ], [ 919625.841526897624135, 1678721.686734180198982 ], [ 923296.678011866752058, 1684173.923640824854374 ], [ 925585.954125189804472, 1685414.289078341796994 ], [ 925201.056018621427938, 1688204.9376391984988 ], [ 927198.360760578769259, 1687623.576282067690045 ], [ 926646.957140692393295, 1690275.825806307140738 ], [ 929724.289829061599448, 1691336.71666147839278 ], [ 931023.770385342417285, 1696516.977331933798268 ], [ 931702.417077495600097, 1696457.95046143210493 ], [ 935206.650444761384279, 1699420.382048509083688 ], [ 938649.370000886381604, 1700856.596089980565012 ], [ 940354.464221450965852, 1704350.876215835101902 ], [ 942762.962359463563189, 1705216.967430662829429 ], [ 940516.50157029076945, 1713324.585204222239554 ], [ 940449.584189493209124, 1715089.351617823122069 ], [ 943388.341442552977242, 1716369.529810620471835 ], [ 943473.477632702793926, 1719133.476881860988215 ], [ 945327.184663224034011, 1721215.532480126712471 ], [ 946875.755620550829917, 1721828.420549600850791 ], [ 949140.635740440804511, 1726009.114309673663229 ], [ 949694.353898766450584, 1731023.535723832203075 ], [ 951077.579689888400026, 1732152.820659317541867 ], [ 952248.866059315972961, 1735985.412831126013771 ], [ 951739.204458683612756, 1737632.315586883109063 ], [ 951642.986667937948368, 1743305.099536586320028 ], [ 951194.675168867572211, 1748762.655286198481917 ], [ 954060.037531599169597, 1755561.557195133529603 ], [ 950515.91773978236597, 1755522.709068666910753 ], [ 957864.960935346782207, 1760810.22926780488342 ], [ 959316.23636714159511, 1758764.494241322856396 ], [ 961176.530483197653666, 1759158.184018106199801 ] ] ] } },
{ "type": "Feature", "properties": { "csa_geoid": "352", "csa_name": "Lubbock-Plainview, TX CSA" }, "geometry": { "type": "Polygon", "coordinates": [ [ [ -564195.170878955395892, 1116839.629783869488165 ], [ -531029.938643683912233, 1115030.643228661036119 ], [ -516073.713389007025398, 1114038.428659293567762 ], [ -480430.484383262111805, 1112311.415706408908591 ], [ -467892.457710068614688, 1112377.843510881997645 ], [ -465378.205869977013208, 1159977.402841114904732 ], [ -463012.221755490987562, 1208668.109851071145386 ], [ -460204.41896480997093, 1262111.15765114990063 ], [ -502050.327011935354676, 1264407.612020048312843 ], [ -555829.795687981648371, 1267795.25287273991853 ], [ -558896.766025679651648, 1213286.100108003243804 ], [ -597997.843673800700344, 1215915.400946049252525 ], [ -647057.75706551305484, 1219387.501723104389384 ], [ -648884.309799907379784, 1200009.306403157301247 ], [ -651526.035305353463627, 1170855.156827482860535 ], [ -623218.660004554665647, 1168774.788998456206173 ], [ -600012.137139745173045, 1167165.231240189401433 ], [ -561102.701827230746858, 1164728.336007358040661 ], [ -563830.053302875021473, 1121333.063411003444344 ], [ -564195.170878955395892, 1116839.629783869488165 ] ] ] } },
{ "type": "Feature", "properties": { "csa_geoid": "356", "csa_name": "Macon-Bibb County--Warner Robins, GA CSA" }, "geometry": { "type": "Polygon", "coordinates": [ [ [ 1097081.40173802850768, 1136890.806824623607099 ], [ 1099880.934458582894877, 1135851.123117665294558 ], [ 1102410.584093060111627, 1137021.404765279497951 ], [ 1104185.001383155118674, 1136019.687350089196116 ], [ 1106347.695157536305487, 1136182.039741600397974 ], [ 1110435.956425790209323, 1132941.424978628987446 ], [ 1110638.030257108621299, 1127800.679011876462027 ], [ 1113473.679356088628992, 1124517.586089430842549 ], [ 1116122.085109682288021, 1123619.496630848851055 ], [ 1117804.918306009145454, 1121160.516228068852797 ], [ 1116721.789866924053058, 1118721.097028521820903 ], [ 1125476.320418420247734, 1119620.23164827353321 ], [ 1130046.430749052902684, 1118465.060883466852829 ], [ 1133155.368389783194289, 1116559.490357940318063 ], [ 1134498.613083291100338, 1113448.834450771799311 ], [ 1135277.261819327715784, 1107128.596031372435391 ], [ 1133464.27272370015271, 1106918.403364952420816 ], [ 1134716.212349426699802, 1104307.260206440696493 ], [ 1135521.635835853405297, 1096906.193159541115165 ], [ 1157188.73889880743809, 1099447.526725871488452 ], [ 1159856.15840673726052, 1105165.266904965043068 ], [ 1164062.127364768879488, 1113128.884826281107962 ], [ 1165295.133298842003569, 1112155.78094298648648 ], [ 1167574.537864171434194, 1113819.785330694634467 ], [ 1167589.511658093892038, 1115445.176713286200538 ], [ 1165725.996121336240321, 1118973.661551442695782 ], [ 1188907.23866826039739, 1136926.340536741307005 ], [ 1187031.246987832477316, 1139436.813624606234953 ], [ 1167581.930811491562054, 1169408.537216427968815 ], [ 1171713.129270210629329, 1173103.572380767203867 ], [ 1166096.515058641089126, 1186808.18353051901795 ], [ 1163681.32882673596032, 1193051.927119848318398 ], [ 1161318.132078378228471, 1200903.822099822340533 ], [ 1150786.995493433903903, 1197999.344989429693669 ], [ 1126533.720328660216182, 1190320.405778585234657 ], [ 1126479.308419994311407, 1192186.664963568327948 ], [ 1125123.675295052817091, 1195071.12970215943642 ], [ 1122845.745960008352995, 1197201.457238796399906 ], [ 1119925.24319078354165, 1197413.343703602906317 ], [ 1104807.612172044347972, 1195514.852481055306271 ], [ 1105355.594629927305505, 1191613.583534807898104 ], [ 1108135.128827456152067, 1167274.773573249112815 ], [ 1107436.568410599138588, 1165344.375895920442417 ], [ 1101048.592098746448755, 1164616.771239234367386 ], [ 1102782.390816441504285, 1150074.829422354931012 ], [ 1100469.541870046639815, 1149815.075066392309964 ], [ 1097081.40173802850768, 1136890.806824623607099 ] ] ] } },
{ "type": "Feature", "properties": { "csa_geoid": "357", "csa_name": "Madison-Janesville-Beloit, WI CSA" }, "geometry": { "type": "Polygon", "coordinates": [ [ [ 457338.659428717684932, 2298254.232104410883039 ], [ 466894.972768077277578, 2298945.36395008303225 ], [ 468310.149466213595588, 2276670.492089957930148 ], [ 469494.591328961134423, 2255650.54609934380278 ], [ 467360.083123327989597, 2256272.687733646947891 ], [ 463784.901742495305371, 2258800.883097101002932 ], [ 461153.014604939788114, 2259659.041705846786499 ], [ 456283.1296917424188, 2259672.169339534360915 ], [ 451735.517516513064038, 2258347.488156395964324 ], [ 450111.732009169762023, 2258340.967320295516402 ], [ 450645.24543810239993, 2249128.852818051353097 ], [ 452888.519366689841263, 2215077.452159869018942 ], [ 467263.70092276413925, 2216143.097093534190208 ], [ 497665.598055077192839, 2217883.842796734999865 ], [ 500640.73356785409851, 2218134.324482849333435 ], [ 501682.764109380310401, 2203573.768731787800789 ], [ 502939.992947510909289, 2183758.228436162229627 ], [ 516797.776428033714183, 2184605.272529669106007 ], [ 528641.118618268752471, 2185060.594398374203593 ], [ 550816.33725701959338, 2186169.776323241647333 ], [ 571859.022961953887716, 2187474.767579746432602 ], [ 589492.60533908160869, 2188348.882594604976475 ], [ 588004.369491614750586, 2207911.302976169623435 ], [ 587077.179195660050027, 2217615.959332505241036 ], [ 586477.06822706782259, 2227425.638279841281474 ], [ 567268.264015464344993, 2226539.986692590173334 ], [ 565593.055543448310345, 2251799.417672536335886 ], [ 564778.857876493246295, 2265570.358839571941644 ], [ 563352.823265267652459, 2284922.12002422567457 ], [ 563684.594419064116664, 2284967.736246494110674 ], [ 561962.824198132380843, 2305522.786843909882009 ], [ 561365.990493961260654, 2314047.668837666045874 ], [ 551734.946211475064047, 2313195.995268832892179 ], [ 551658.572518871864304, 2314527.032680658623576 ], [ 535571.016905471216887, 2313276.448061676230282 ], [ 514958.513019005127717, 2311837.230479862075299 ], [ 504233.828324762813281, 2311181.834138363134116 ], [ 498945.090247657673899, 2310598.427619494032115 ], [ 468638.383283154573292, 2308790.248626611195505 ], [ 456650.751948612567503, 2307939.28025499265641 ], [ 457338.659428717684932, 2298254.232104410883039 ] ] ] } },
{ "type": "Feature", "properties": { "csa_geoid": "359", "csa_name": "Mankato-New Ulm, MN CSA" }, "geometry": { "type": "Polygon", "coordinates": [ [ [ 163918.110350795119302, 2387002.750586372800171 ], [ 113274.372923508402891, 2385986.231308804824948 ], [ 96035.079143255483359, 2385792.731587039772421 ], [ 93329.054031334875617, 2389011.069197491277009 ], [ 89973.261088135710452, 2390388.340869543142617 ], [ 90225.680275380218518, 2366338.187340681441128 ], [ 71030.038880055260961, 2366066.216683817096055 ], [ 71017.473922197808861, 2356399.088859596755356 ], [ 71637.44012678861327, 2356393.111736204475164 ], [ 71791.082275420616497, 2346705.787451302632689 ], [ 87654.194837709277635, 2346850.726370410993695 ], [ 100661.59759014537849, 2347130.452966779004782 ], [ 130139.601409335300559, 2347556.841019789688289 ], [ 130628.571297213245998, 2318492.873693756759167 ], [ 149881.360040534578729, 2318839.329112202860415 ], [ 178772.184860757464776, 2319461.416330478619784 ], [ 177844.337118528812425, 2358242.968091770075262 ], [ 177725.560358745889971, 2363095.746660938020796 ], [ 157734.849084300833056, 2362661.384984835982323 ], [ 158432.36024640040705, 2364110.455348172225058 ], [ 158297.932789636543021, 2366830.595303641632199 ], [ 159831.311610530887265, 2368948.710698158014566 ], [ 162296.837858836603118, 2370320.323431350756437 ], [ 163380.921331104851561, 2373876.066025910899043 ], [ 164361.00106332192081, 2374554.641909630969167 ], [ 161976.760588295379421, 2376844.193158815149218 ], [ 161900.360960299702128, 2378890.595858186017722 ], [ 163673.518864186538849, 2382227.278495584148914 ], [ 164416.407188019249588, 2385476.82082331366837 ], [ 163918.110350795119302, 2387002.750586372800171 ] ] ] } },
{ "type": "Feature", "properties": { "csa_geoid": "360", "csa_name": "Mansfield-Ashland-Bucyrus, OH CSA" }, "geometry": { "type": "Polygon", "coordinates": [ [ [ 1158980.022071723127738, 2046600.524673911975697 ], [ 1156672.354734463384375, 2061644.647102466784418 ], [ 1155528.016358319669962, 2070759.349942634114996 ], [ 1155050.600137358298525, 2072346.104426186997443 ], [ 1153451.569762385683134, 2082399.865910832770169 ], [ 1149812.00158620509319, 2081896.828570635989308 ], [ 1148806.035490901907906, 2089835.7709716190584 ], [ 1135955.82447326509282, 2088215.76004611630924 ], [ 1126877.945707577513531, 2086861.927768300054595 ], [ 1128367.26540092821233, 2078882.005658206995577 ], [ 1119988.135750211309642, 2077742.100069550331682 ], [ 1095535.185745296999812, 2074648.810719007160515 ], [ 1093624.464138120179996, 2074047.555305197136477 ], [ 1072170.515986890299246, 2071066.224827625555918 ], [ 1076683.45459116762504, 2038844.660067808814347 ], [ 1089427.840481400722638, 2040636.30714466702193 ], [ 1097657.166173595003784, 2041973.060314605711028 ], [ 1097551.572756167966872, 2042795.597088932059705 ], [ 1116765.120051371399313, 2045153.361876116367057 ], [ 1117530.211754432646558, 2040365.509200413245708 ], [ 1115964.03579690377228, 2040176.93973241164349 ], [ 1116493.311335271690041, 2036950.446275935973972 ], [ 1118100.105341501301154, 2037182.793413495644927 ], [ 1119569.123905756510794, 2027503.211126242764294 ], [ 1140228.200065199052915, 2030570.261841216823086 ], [ 1152797.988364708377048, 2034355.220309373224154 ], [ 1151122.530603253049776, 2045335.895106725627556 ], [ 1158980.022071723127738, 2046600.524673911975697 ] ] ] } },
{ "type": "Feature", "properties": { "csa_geoid": "361", "csa_name": "Marinette-Iron Mountain, WI-MI CSA" }, "geometry": { "type": "Polygon", "coordinates": [ [ [ 592267.061949895462021, 2511261.983025873545557 ], [ 601834.025788922677748, 2511757.4540403499268 ], [ 603135.037591373664327, 2492565.631446545477957 ], [ 612769.402918105013669, 2492950.883246816229075 ], [ 613329.675358086708002, 2483383.737116097938269 ], [ 618857.796503303921781, 2483657.325428324285895 ], [ 619477.76796528196428, 2474038.68940048944205 ], [ 633482.035864694626071, 2474862.422029174864292 ], [ 633626.780342579237185, 2471819.11796991340816 ], [ 638441.80706911010202, 2471939.761664392892271 ], [ 648116.785606413264759, 2472782.241265316028148 ], [ 648160.96824110171292, 2470114.007590756751597 ], [ 655077.395169556490146, 2471668.194162430707365 ], [ 658448.090921695460565, 2473263.422320301178843 ], [ 658119.962525685201399, 2479760.705114537384361 ], [ 658969.77679343172349, 2483076.389235800597817 ], [ 660714.273901437176391, 2484673.51524530723691 ], [ 658671.940681134117767, 2487514.427642576862127 ], [ 659118.453634492820129, 2491611.59137645130977 ], [ 661635.527183772181161, 2495586.865622533485293 ], [ 663387.179256395553239, 2496868.619806587696075 ], [ 668235.191812782315537, 2505835.180766772013158 ], [ 669954.325127984629944, 2508317.028569383081049 ], [ 672049.681614109082147, 2514193.980386485811323 ], [ 673087.45230711158365, 2515090.485729984473437 ], [ 673167.098195426631719, 2517315.641457096207887 ], [ 675283.292625810136087, 2520017.391090915072709 ], [ 675422.71314123517368, 2521416.115564333740622 ], [ 677680.265288017806597, 2524482.700218726880848 ], [ 676980.249060847447254, 2526349.403722682502121 ], [ 678552.682582233450375, 2529065.86726652411744 ], [ 681282.59984662628267, 2537114.267249308060855 ], [ 681244.348387745325454, 2538281.533298054244369 ], [ 676366.179256595904008, 2537904.922938107978553 ], [ 674488.637376173515804, 2560420.267862016800791 ], [ 673012.809033642639406, 2576348.773089405149221 ], [ 669738.380651007173583, 2576083.677378846332431 ], [ 668855.233677226933651, 2585628.932958569843322 ], [ 649587.006495557609014, 2583976.617004039231688 ], [ 647129.903631397290155, 2612791.952520332764834 ], [ 608513.890109106665477, 2609474.931809710804373 ], [ 611544.493075680569746, 2573547.728791276924312 ], [ 608978.11686539161019, 2575099.641759698279202 ], [ 605006.276663943077438, 2576502.288180761039257 ], [ 602310.146960346610285, 2575648.62504397239536 ], [ 601198.979973129578866, 2577265.109674061182886 ], [ 597692.833272329182364, 2575685.079382736701518 ], [ 595435.401038428884931, 2576487.341285620816052 ], [ 590538.426984766148962, 2579621.455284954980016 ], [ 587842.311046944931149, 2577586.812723711598665 ], [ 584401.350175613421015, 2579992.377730734180659 ], [ 581441.189576270291582, 2579285.272702592425048 ], [ 580295.559862543363124, 2581869.031881001777947 ], [ 575998.485898349201307, 2581145.592184129636735 ], [ 572302.648832666920498, 2577738.716769238933921 ], [ 568670.068512997590005, 2577453.366266661323607 ], [ 567870.927310468279757, 2576634.446926364675164 ], [ 569970.282055149204098, 2548066.974991010501981 ], [ 589429.336579202325083, 2549542.645788392983377 ], [ 591696.851373540936038, 2520863.645985308568925 ], [ 592267.061949895462021, 2511261.983025873545557 ] ] ] } },
{ "type": "Feature", "properties": { "csa_geoid": "365", "csa_name": "McAllen-Edinburg, TX CSA" }, "geometry": { "type": "Polygon", "coordinates": [ [ [ -198786.615139794681454, 415647.415829447912984 ], [ -242535.07113416082575, 416950.41445309802657 ], [ -264584.270628177735489, 417603.699031942640431 ], [ -295733.494772213511169, 418693.451306444301736 ], [ -301811.554596336791292, 406701.047778189007659 ], [ -318056.913461273128632, 395855.472360548505094 ], [ -317914.275983327825088, 391934.08776796318125 ], [ -314043.810919850540813, 390608.779349882621318 ], [ -311849.63456461991882, 387801.293074526707642 ], [ -310588.23694279580377, 385190.536696269351523 ], [ -312700.829682686366141, 379682.713786340027582 ], [ -309907.673245009442326, 376317.655912567803171 ], [ -307903.389516971423291, 376347.534462909505237 ], [ -305342.10365135257598, 378073.947836087027099 ], [ -302849.873401773220394, 375649.853113015065901 ], [ -300300.345218076196034, 375600.823367937118746 ], [ -299158.65853906882694, 376484.176291601499543 ], [ -296960.864666160428897, 375379.203095284174196 ], [ -297319.485619129263796, 373833.72615205560578 ], [ -292014.076327039569151, 373054.640423408302013 ], [ -291428.831021394289564, 370987.761631036293693 ], [ -288168.382295402756426, 372200.822026384703349 ], [ -285861.423580913047772, 371436.81805025646463 ], [ -284402.196305561461486, 372507.828777724818792 ], [ -282386.483758324990049, 372485.659674010123126 ], [ -279765.366871465463191, 367693.933805424429011 ], [ -277406.404726621462032, 368113.246004612941761 ], [ -273681.782014712574892, 363198.577914777502883 ], [ -273751.077741739631165, 361459.756638239428867 ], [ -270283.956364665878937, 360589.089401283708867 ], [ -268924.755139636166859, 357465.128644260636065 ], [ -265569.669173804868478, 357981.016379987122491 ], [ -260616.458836622681702, 359597.970391222101171 ], [ -259921.354649588203756, 357070.77451665897388 ], [ -258433.188225784950191, 356142.110724086582195 ], [ -256636.533576118439669, 356943.892672413785476 ], [ -251973.488443596637808, 354083.804794576310087 ], [ -248137.557783362164628, 355747.713533288741019 ], [ -245892.675767821958289, 354990.830370457610115 ], [ -246180.160701995919226, 352768.342581336386502 ], [ -243760.370702250103932, 351112.732517259719316 ], [ -240391.223919782554731, 347945.663020012958441 ], [ -238479.289938326604897, 348178.72367101238342 ], [ -235817.8100482748996, 347254.513161659240723 ], [ -234077.614035641687224, 343533.416830699366983 ], [ -231228.901077598013217, 343770.014791959431022 ], [ -229136.284325459477259, 343012.270695430168416 ], [ -228912.830870412639342, 340695.710511549841613 ], [ -226981.523469697131077, 338329.289985520008486 ], [ -224137.983246944844723, 338748.468144733691588 ], [ -221333.535987224633573, 336155.500545765971765 ], [ -219663.194826491991989, 338492.029419018188491 ], [ -216546.506697699398501, 335623.826637152989861 ], [ -215728.14454965168261, 336933.944821862329263 ], [ -212537.472404588974314, 337503.502650590089615 ], [ -211097.573113282385748, 336552.598317653813865 ], [ -205911.255144713359186, 334474.56891970167635 ], [ -204155.325668977078749, 336470.431347441393882 ], [ -202022.283318897039862, 336996.513746747572441 ], [ -198630.42224826986785, 335467.998357175325509 ], [ -196864.964408176165307, 336541.989309927914292 ], [ -194646.023190399515443, 335846.291966459597461 ], [ -191171.351153406634694, 336244.840976351813879 ], [ -188649.699809017591178, 335863.785079279972706 ], [ -187921.993849169608438, 337236.362050765193999 ], [ -187195.398434046190232, 377200.990887191728689 ], [ -191822.813184120168444, 377438.931832604343072 ], [ -201428.458945934951771, 379162.487993620801717 ], [ -200134.231662118749227, 383811.627910479728598 ], [ -199235.013152762723621, 388771.79158007359365 ], [ -197642.626664270879701, 390364.043774083897006 ], [ -196358.036476976267295, 396983.39164472091943 ], [ -199146.951155225484399, 397485.719540788966697 ], [ -198786.615139794681454, 415647.415829447912984 ] ] ] } },
{ "type": "Feature", "properties": { "csa_geoid": "366", "csa_name": "Medford-Grants Pass, OR CSA" }, "geometry": { "type": "Polygon", "coordinates": [ [ [ -2232268.505461771506816, 2436463.427998746279627 ], [ -2218833.681689384393394, 2432300.932932589668781 ], [ -2205764.171808368526399, 2429204.45216659270227 ], [ -2202656.635246817022562, 2428637.678226748015732 ], [ -2194804.199142813682556, 2425674.419362749438733 ], [ -2168626.974858668632805, 2418197.971086384728551 ], [ -2142011.748054615221918, 2411177.647655094973743 ], [ -2135031.347638959996402, 2409031.334998894948512 ], [ -2131213.941639937926084, 2421791.920832336414605 ], [ -2120634.386380332522094, 2459162.24327065423131 ], [ -2120388.440390638075769, 2459092.424720886163414 ], [ -2113180.749374336097389, 2484114.368956324178725 ], [ -2106999.163175376597792, 2505994.343013775069267 ], [ -2104305.812677636276931, 2515167.604367129504681 ], [ -2113528.583914547227323, 2517807.02365897456184 ], [ -2115478.604855467565358, 2516830.728256673552096 ], [ -2115925.025606248527765, 2515272.198295593261719 ], [ -2119887.567256476730108, 2513028.347828167490661 ], [ -2127714.91096573555842, 2515190.349589735269547 ], [ -2128163.671300618443638, 2513634.353535109199584 ], [ -2132175.89798030955717, 2511416.055092615075409 ], [ -2135067.349489330779761, 2512398.613498329650611 ], [ -2135548.098252184689045, 2510694.292520155664533 ], [ -2138632.05887538427487, 2511575.697634551674128 ], [ -2139081.514274044893682, 2510021.848804357461631 ], [ -2145037.514672352466732, 2506727.831791329663247 ], [ -2147907.254692588467151, 2508174.789706242736429 ], [ -2148575.801947715226561, 2505812.686495393980294 ], [ -2150558.46354345837608, 2504745.297508562915027 ], [ -2151006.554415271151811, 2503188.157683615107089 ], [ -2155500.46292801713571, 2504903.879982455167919 ], [ -2155663.959401294123381, 2504117.843969430308789 ], [ -2163334.102494532708079, 2506368.81804977869615 ], [ -2165273.624129286967218, 2505324.696709947660565 ], [ -2168617.071627017576247, 2505276.074159817304462 ], [ -2176653.45527529809624, 2507637.021760443691164 ], [ -2179627.479020129423589, 2508931.228668545838445 ], [ -2180181.609017825685441, 2506984.179570913314819 ], [ -2182405.072644276544452, 2507642.804137562867254 ], [ -2187350.00223131896928, 2505002.865706974174827 ], [ -2188886.288218771107495, 2505433.660162877291441 ], [ -2188200.751273383386433, 2507792.881824629381299 ], [ -2189908.162136739585549, 2509185.135515690781176 ], [ -2197114.757560244295746, 2511335.052195697557181 ], [ -2200047.604727415367961, 2511360.910487701650709 ], [ -2200787.394981764722615, 2510299.010336593259126 ], [ -2204192.188523027580231, 2510034.32229631068185 ], [ -2207817.623628445900977, 2511830.126418236177415 ], [ -2211552.554036387242377, 2513018.948605802375823 ], [ -2212836.818788760341704, 2514304.998374096583575 ], [ -2213645.946003177203238, 2517152.786998364608735 ], [ -2224165.859752215910703, 2520272.28926741797477 ], [ -2222738.087298178579658, 2525024.50119783449918 ], [ -2224511.785423506982625, 2523793.443148514255881 ], [ -2227956.886362081859261, 2519185.526494379155338 ], [ -2236574.163499002810568, 2511477.1527244374156 ], [ -2236219.553920638747513, 2509902.812148151919246 ], [ -2237701.910733541473746, 2507468.91971192182973 ], [ -2239591.060115310363472, 2506671.106421947944909 ], [ -2241219.03538681473583, 2504434.439915088005364 ], [ -2241077.828579959925264, 2503194.634655789472163 ], [ -2245470.645024771336466, 2498776.208278110716492 ], [ -2248592.135663838125765, 2499022.390276337042451 ], [ -2249224.693605538923293, 2499980.902695318683982 ], [ -2252057.124547885265201, 2500163.85250034974888 ], [ -2253941.473280513193458, 2501274.159243170171976 ], [ -2255932.800752748269588, 2495576.405923126265407 ], [ -2257307.792912492994219, 2494611.483739189337939 ], [ -2257914.850970816332847, 2492282.272596508730203 ], [ -2259977.494473225902766, 2491695.778188948053867 ], [ -2260994.399083850439638, 2490090.241422155406326 ], [ -2260726.494042449165136, 2486889.177929451223463 ], [ -2253601.276920018251985, 2484324.795072717126459 ], [ -2252784.884340678341687, 2482992.216316973790526 ], [ -2250389.252150887157768, 2483064.936882727779448 ], [ -2249524.757796889636666, 2481699.908646668773144 ], [ -2249567.487165498081595, 2479254.423953021410853 ], [ -2247603.981082912068814, 2473210.594190157018602 ], [ -2246853.106391536071897, 2466559.211832231841981 ], [ -2249441.73469417123124, 2465293.879509906750172 ], [ -2250403.071074329316616, 2461197.185323844663799 ], [ -2254767.530807770323008, 2458900.18589038727805 ], [ -2253571.106486150994897, 2455361.353641665540636 ], [ -2253459.431155060883611, 2452833.88642810145393 ], [ -2256989.137146861758083, 2448809.495861668139696 ], [ -2257068.572836834006011, 2445596.470452168490738 ], [ -2255600.492487248498946, 2442804.371795173268765 ], [ -2248959.017255577724427, 2441023.962864653207362 ], [ -2243430.47962197009474, 2439136.607885125093162 ], [ -2240664.644493900705129, 2438854.68239087658003 ], [ -2232268.505461771506816, 2436463.427998746279627 ] ] ] } },
{ "type": "Feature", "properties": { "csa_geoid": "368", "csa_name": "Memphis-Clarksdale-Forrest City, TN-MS-AR CSA" }, "geometry": { "type": "Polygon", "coordinates": [ [ [ 494492.823689366923645, 1390532.283523015445098 ], [ 495821.280218714906368, 1361136.780131767503917 ], [ 496367.059998996788636, 1357193.193282123887911 ], [ 473382.367554661934264, 1356376.82814624835737 ], [ 457304.007773433695547, 1355633.747553594177589 ], [ 447664.824061617895495, 1355061.039836952695623 ], [ 448263.04574053286342, 1338605.794779487885535 ], [ 438826.230193416064139, 1338277.754346354864538 ], [ 439098.474764987477101, 1328139.594560156110674 ], [ 442287.431165032903664, 1328299.073007178492844 ], [ 442526.898940902086906, 1323306.973086456302553 ], [ 444101.144519386522006, 1323386.837602117098868 ], [ 443918.645699671353213, 1328363.284923258936033 ], [ 448696.820163113297895, 1328649.778795002494007 ], [ 458086.654038338107057, 1328562.680592367658392 ], [ 471804.328643372282386, 1329186.323438641848043 ], [ 487350.067408573813736, 1330119.297159309266135 ], [ 506462.688887675059959, 1330966.309827449498698 ], [ 507024.001939612906426, 1322349.118158671073616 ], [ 504246.67037230002461, 1322008.598895443836227 ], [ 503158.061098117206711, 1323588.995268792845309 ], [ 504823.585213163343724, 1326677.339579595485702 ], [ 504066.777973245771136, 1328439.641556252958253 ], [ 501681.23270958266221, 1329309.50902525568381 ], [ 500473.307399232347962, 1328578.408544082893059 ], [ 499864.000796899141278, 1326048.407004090491682 ], [ 502767.824162946140859, 1321421.981334851821885 ], [ 501553.468293413810898, 1320434.421539314324036 ], [ 501035.614059071347583, 1318273.371678362600505 ], [ 503438.096543070569169, 1314165.338244753191248 ], [ 503931.214467567217071, 1312339.00211041001603 ], [ 501620.543714549334254, 1310497.864558121422306 ], [ 498599.28460837493185, 1310291.513853495940566 ], [ 497113.273502655676566, 1311077.007409700192511 ], [ 499644.473404035379644, 1314141.344517935998738 ], [ 499693.344554243725725, 1315832.49291997984983 ], [ 496935.551745585573371, 1318972.16517419507727 ], [ 494638.888304239779245, 1316754.630318332463503 ], [ 495574.363858480297495, 1313664.910531251691282 ], [ 495125.430240469228011, 1311802.976216885494068 ], [ 493495.389518459211104, 1311584.997017728397623 ], [ 492899.413122513447888, 1308749.869129033992067 ], [ 496588.679795452218968, 1307108.530338905751705 ], [ 501817.061376148019917, 1308424.098590203560889 ], [ 502984.724530392966699, 1306116.566560629988089 ], [ 502531.168539785896428, 1304516.220652189105749 ], [ 498395.772929553175345, 1299896.069568464066833 ], [ 495626.573310268577188, 1299818.127248089527711 ], [ 494853.093936929537449, 1301407.086044303840026 ], [ 496030.653948031307664, 1304903.178364657564089 ], [ 495437.312221458181739, 1306164.28216531756334 ], [ 493190.058360888331663, 1306599.201556325191632 ], [ 493398.16028681397438, 1303577.086735618766397 ], [ 492457.496586275461596, 1302271.306999354623258 ], [ 491753.170044026162941, 1298201.617819390725344 ], [ 493504.538556310639251, 1295269.050802691839635 ], [ 496746.966038682381622, 1291616.974678786005825 ], [ 496675.754673746938352, 1289627.835967019433156 ], [ 493307.953152164875064, 1286686.124646355397999 ], [ 492477.423537124181166, 1282350.255579207092524 ], [ 494175.032118170696776, 1277256.153630905086175 ], [ 493536.548852396022994, 1274777.837162781506777 ], [ 491172.381548341596499, 1272528.020814502611756 ], [ 488685.315618516295217, 1272228.124069426208735 ], [ 486535.167629368777853, 1268406.678511754609644 ], [ 487593.697167502134107, 1264704.85860333009623 ], [ 485772.321870170067996, 1263572.357858469942585 ], [ 484342.136866763117723, 1264560.444037098204717 ], [ 485362.692539397859946, 1270054.459652615711093 ], [ 481606.273142154619563, 1268689.407838201615959 ], [ 478908.342160349653568, 1269362.055036925245076 ], [ 477297.749202392587904, 1266992.613404851639643 ], [ 480462.075101516500581, 1263168.360652515431866 ], [ 480454.798470777051989, 1260616.357045184355229 ], [ 478059.116843186202459, 1258270.773593171965331 ], [ 473327.716871191863902, 1259258.017345206113532 ], [ 471826.537645449396223, 1258440.040315280202776 ], [ 471414.932790016464423, 1254382.214589366223663 ], [ 471642.856074816372711, 1251945.705585788236931 ], [ 470127.879592674900778, 1251321.64395998721011 ], [ 467820.920657202950679, 1251763.547349987085909 ], [ 465370.880241949867923, 1254766.986296316608787 ], [ 463299.707207166706212, 1254673.915716874180362 ], [ 462953.983603349828627, 1251667.866457049967721 ], [ 464923.303524079092313, 1249295.990241431165487 ], [ 467456.861629595106933, 1247941.838793768780306 ], [ 470458.70878959458787, 1248598.701764368219301 ], [ 473937.649607342900708, 1248361.422091061016545 ], [ 474889.889572507934645, 1246039.9141703506466 ], [ 472428.077792821859475, 1243225.112189170904458 ], [ 470194.907873743213713, 1243250.689849640242755 ], [ 465507.369637917261571, 1245944.572786748874933 ], [ 461241.668075163033791, 1242356.14394193678163 ], [ 461518.68642549944343, 1240648.275842146016657 ], [ 477518.158855678688269, 1241582.039351131301373 ], [ 488691.072662040067371, 1241996.837396406102926 ], [ 489432.794285100826528, 1227342.540043084649369 ], [ 508612.365963586256839, 1228230.275759436422959 ], [ 506847.546028145006858, 1259109.644853294827044 ], [ 511556.861267658823635, 1259287.913771792314947 ], [ 510444.058647667465266, 1277397.87903641955927 ], [ 519328.327696253429167, 1278009.41267144237645 ], [ 518534.026976450928487, 1287492.058231462026015 ], [ 528142.446259461925365, 1288238.333565529668704 ], [ 527838.142594674718566, 1293075.141896548913792 ], [ 551595.495804518926889, 1294474.758675144985318 ], [ 579804.478824737132527, 1296478.572180785704404 ], [ 593433.046110515133478, 1297288.619325509062037 ], [ 595505.463929079240188, 1295020.37200761702843 ], [ 598443.342210433795117, 1293723.87298287381418 ], [ 600025.385962939122692, 1294604.893302806885913 ], [ 603411.245726173976436, 1294012.87499566655606 ], [ 606738.109824148588814, 1294910.105717092053965 ], [ 610435.713380559231155, 1294188.571223635226488 ], [ 611056.930749936844222, 1293403.930007343180478 ], [ 614810.629769037361257, 1292740.643585187382996 ], [ 614070.133835420943797, 1303619.003233618102968 ], [ 628324.694998139864765, 1304718.119913053000346 ], [ 626598.825426425668411, 1328935.150106710847467 ], [ 631370.447280095773749, 1329278.871021260740235 ], [ 631044.058040286065079, 1334134.43539797863923 ], [ 632623.269164771423675, 1334246.154746616724879 ], [ 631542.791822689701803, 1349448.034488127101213 ], [ 615190.346361457486637, 1348208.22824439778924 ], [ 613256.539518466684967, 1393243.711184047395363 ], [ 587140.695969298365526, 1392070.932944756234065 ], [ 586424.694865860859863, 1408125.423286971636117 ], [ 585441.474210517946631, 1408106.173434801166877 ], [ 584929.892255371436477, 1411141.595996879506856 ], [ 583272.082809953019023, 1411730.221545500913635 ], [ 580416.954275079420768, 1414000.804756008088589 ], [ 576026.142298962571658, 1415287.082985596498474 ], [ 572865.453930033370852, 1418049.464050335809588 ], [ 569730.335435660555959, 1418268.41875064256601 ], [ 567645.925080344430171, 1417197.202220034087077 ], [ 565093.683586052968167, 1417492.662868911167607 ], [ 563076.909007426467724, 1416821.585359937278554 ], [ 560562.062321491772309, 1417581.202482793712988 ], [ 554433.268446503556333, 1413859.128367311088368 ], [ 553921.122720003593713, 1412217.960202831309289 ], [ 549907.539043074590154, 1410066.849383833352476 ], [ 547400.98030143068172, 1404759.73473046370782 ], [ 547282.52973472152371, 1401895.80532350577414 ], [ 545505.415251288563013, 1401571.617239208891988 ], [ 542744.459353093523532, 1402682.216535922605544 ], [ 542639.922992946696468, 1404679.551728803431615 ], [ 539741.612341018393636, 1406552.690776812843978 ], [ 538043.842532566864975, 1406447.804679381428286 ], [ 535305.16537468356546, 1404816.321390100056306 ], [ 534600.978788234409876, 1401248.256875732913613 ], [ 535303.61881698446814, 1398907.502187876962125 ], [ 537637.301277591846883, 1396670.568467788165435 ], [ 538931.172144676093012, 1394523.516118468949571 ], [ 539462.109166134730913, 1392008.547482093563303 ], [ 535514.380772088305093, 1389652.474170367699116 ], [ 533023.302468018140644, 1391991.470537137938663 ], [ 533362.674496064195409, 1395628.542468997649848 ], [ 532281.956194482045248, 1396755.490012854803354 ], [ 529703.355907490011305, 1396601.855876309564337 ], [ 527077.74595076055266, 1391923.276554413605481 ], [ 513871.98543059208896, 1391316.947955484502017 ], [ 494492.823689366923645, 1390532.283523015445098 ] ] ] } },
{ "type": "Feature", "properties": { "csa_geoid": "370", "csa_name": "Miami-Port St. Lucie-Fort Lauderdale, FL CSA" }, "geometry": { "type": "MultiPolygon", "coordinates": [ [ [ [ 1518903.376689617987722, 304961.521363733976614 ], [ 1520806.814529334194958, 303460.119092912762426 ], [ 1523342.292735382216051, 304233.290599267929792 ], [ 1524499.239690165501088, 306959.711081797198858 ], [ 1527611.867704681353644, 308827.223167320131324 ], [ 1528853.494105234974995, 307868.692760601930786 ], [ 1531757.344379789195955, 310134.318357212061528 ], [ 1531360.862576269777492, 311266.717709172517061 ], [ 1528349.653652253095061, 309631.356251623714343 ], [ 1525788.438591878628358, 309671.47047075413866 ], [ 1523480.643475542077795, 306970.952652461419348 ], [ 1520463.929446997120976, 306080.92360795289278 ], [ 1518903.376689617987722, 304961.521363733976614 ] ] ], [ [ [ 1451737.243076022248715, 276982.017640422680415 ], [ 1454413.817345990799367, 277523.437318116019014 ], [ 1459392.421109740622342, 279391.741592486738227 ], [ 1464447.76816408499144, 280362.025345843168907 ], [ 1466249.109216290060431, 282247.373937306227162 ], [ 1472208.616240550065413, 284581.799488354241475 ], [ 1476403.128193326294422, 287810.954040708311368 ], [ 1481047.528032994596288, 290303.414172045071609 ], [ 1481057.859756735386327, 293494.454333956295159 ], [ 1483615.132973793894053, 293147.324898448365275 ], [ 1487063.995194121031091, 294300.118041344627272 ], [ 1491351.007167458767071, 293749.397131848032586 ], [ 1492884.711521137971431, 291628.258930004842114 ], [ 1497525.881277176551521, 293971.250969220709521 ], [ 1502235.107078298227862, 296869.896226679033134 ], [ 1500869.635974088683724, 297680.367806494585238 ], [ 1499138.079494890989736, 301619.329683332354762 ], [ 1496812.402054705424234, 301747.169045273563825 ], [ 1493740.410992355085909, 305175.558586185041349 ], [ 1492566.749091868288815, 309053.779182250495069 ], [ 1488933.046424325089902, 309997.886778721527662 ], [ 1487687.446347128599882, 308176.612844026647508 ], [ 1484702.731619019061327, 306484.934167503088247 ], [ 1483800.441131853498518, 308002.022174040204845 ], [ 1485290.285401206230745, 310655.950556708325166 ], [ 1484737.690573284868151, 311635.087442222808022 ], [ 1479558.484536183765158, 308536.521052866533864 ], [ 1478370.823753505712375, 304325.770334998553153 ], [ 1473679.895065706688911, 304072.449160036398098 ], [ 1471724.811209906358272, 301153.730588299862575 ], [ 1463445.947601157007739, 295779.966535858227871 ], [ 1460865.654402114218101, 292978.972936231584754 ], [ 1455881.497770608169958, 289606.640194951498415 ], [ 1455109.504931482020766, 287122.565006663906388 ], [ 1459108.083143103402108, 286063.302932263992261 ], [ 1459931.49823782662861, 284980.513834517507348 ], [ 1457233.130739673506469, 281652.289239653793629 ], [ 1455757.533675835235044, 282068.431923182331957 ], [ 1453125.807671517366543, 280537.11386735085398 ], [ 1451737.243076022248715, 276982.017640422680415 ] ] ], [ [ [ 1594731.134405655087903, 389297.320099190284964 ], [ 1596472.465496836230159, 389723.439397876907606 ], [ 1598055.190750228706747, 395590.573488821217325 ], [ 1595594.527707011904567, 394415.250881924468558 ], [ 1594608.323908800957724, 392208.409704614896327 ], [ 1594731.134405655087903, 389297.320099190284964 ] ] ], [ [ [ 1494153.351119640748948, 579005.245070853154175 ], [ 1496715.240928946295753, 577631.682803364470601 ], [ 1497681.816674968926236, 576247.419220515526831 ], [ 1501881.986160688102245, 574553.995319021632895 ], [ 1503876.951042147353292, 553007.748738847672939 ], [ 1509173.907264520647004, 519746.412130711658392 ], [ 1512749.09938971628435, 499384.676223662274424 ], [ 1515112.726824347628281, 486530.446075350453611 ], [ 1515283.428229205543175, 484704.903368271072395 ], [ 1518212.122000574832782, 467756.156358592619654 ], [ 1521904.70094337197952, 448958.452425856492482 ], [ 1525211.376139878993854, 428017.427130521973595 ], [ 1480057.188336707651615, 420666.358845145849045 ], [ 1465533.239626508206129, 418429.531452779541723 ], [ 1470306.074578190455213, 418071.712247530987952 ], [ 1471358.834205166203901, 417194.260956201993395 ], [ 1474873.572965219384059, 416758.171080132655334 ], [ 1475268.583068481180817, 413896.456061292556114 ], [ 1477567.933601235272363, 413432.068548639363144 ], [ 1478279.660992444725707, 412092.126623898628168 ], [ 1485477.608599608298391, 408636.845049641095102 ], [ 1486081.80047940579243, 405046.876545109902509 ], [ 1488010.470729019027203, 403592.50911128037842 ], [ 1488603.441514293197542, 401003.767684213584289 ], [ 1491721.743576609995216, 400623.991412066097837 ], [ 1493175.29312971397303, 396676.717044983408414 ], [ 1495953.133641415508464, 394859.992610044660978 ], [ 1496815.394129752647132, 393391.676052643801086 ], [ 1496630.12529237032868, 390292.357783252664376 ], [ 1499148.828074514633045, 387829.292831044294871 ], [ 1501449.624576292233542, 386944.07376845338149 ], [ 1501853.153841990744695, 384942.700187891721725 ], [ 1504652.750652891118079, 380215.888008984678891 ], [ 1504605.352178272092715, 378317.961351250472944 ], [ 1507503.99607756594196, 377872.20755535265198 ], [ 1508358.217708297539502, 373529.602426676428877 ], [ 1506438.661018598591909, 373489.316678309347481 ], [ 1505529.210863049607724, 371532.551603221916594 ], [ 1504933.753285708837211, 365362.138085747137666 ], [ 1505249.43215820658952, 360124.111519012250938 ], [ 1507158.672837737714872, 358852.824960850004572 ], [ 1508916.175461201928556, 356347.438762035802938 ], [ 1509486.517943542450666, 353576.213790725450963 ], [ 1512612.857214627787471, 352770.552419071143959 ], [ 1515936.582371121272445, 350051.014980214764364 ], [ 1519098.397747634910047, 351890.872125952271745 ], [ 1524340.613430661149323, 352274.763563623360824 ], [ 1526934.944916743086651, 353767.457971522933803 ], [ 1534008.208211444551125, 355531.343758040573448 ], [ 1533672.235381519887596, 357957.496723576274235 ], [ 1536644.719448884017766, 359977.896163733676076 ], [ 1540225.542754522059113, 360181.628878724761307 ], [ 1541119.129751014057547, 358999.726615167048294 ], [ 1543777.2847386803478, 359701.561090836068615 ], [ 1548415.485523487208411, 359931.663198368099984 ], [ 1551607.130021070828661, 360572.791047031874768 ], [ 1552920.707333679078147, 359928.446079034823924 ], [ 1555476.976542881224304, 362849.274296687333845 ], [ 1557187.762892778497189, 363382.219308954372536 ], [ 1558085.355286681093276, 365313.94579696690198 ], [ 1559465.362433439819142, 365304.324885844078381 ], [ 1564827.847837938228622, 368399.696719477593433 ], [ 1568893.69828309235163, 369218.658807269879617 ], [ 1570927.241316208150238, 370724.376498432538938 ], [ 1573556.914700678782538, 369230.767403418256436 ], [ 1576535.900500885210931, 370442.699052107927855 ], [ 1579272.834788266103715, 367922.718489816237707 ], [ 1577822.886128309648484, 364923.071744872198906 ], [ 1578367.092982193222269, 361947.788174127694219 ], [ 1581630.310154306702316, 359752.548943680303637 ], [ 1577230.736556054325774, 352923.117697766749188 ], [ 1573798.063615371007472, 348523.658405418391339 ], [ 1572163.444472247967497, 347779.827340725401882 ], [ 1571644.224062096094713, 343318.701785993762314 ], [ 1570502.141675442224368, 341742.818237058992963 ], [ 1567397.403389337006956, 340967.31101909163408 ], [ 1567867.841205968754366, 339698.018384214199614 ], [ 1570638.175168512389064, 340964.887026150187012 ], [ 1573653.306264186045155, 346280.669576935237274 ], [ 1575112.081057510338724, 347135.088079165667295 ], [ 1577347.485861484194174, 350412.250784698408097 ], [ 1576781.979538108455017, 351295.473982260271441 ], [ 1579467.240327922394499, 355207.30928639305057 ], [ 1581202.669520492432639, 356169.216553559992462 ], [ 1582637.229026090353727, 359536.879745088866912 ], [ 1584999.844575627706945, 360381.661108757485636 ], [ 1588379.08846125099808, 365906.937410930870101 ], [ 1587722.520624088821933, 368450.791240310587455 ], [ 1589096.299766002921388, 370713.107051079976372 ], [ 1589620.648442077683285, 373103.959342998277862 ], [ 1591095.072556904284284, 375871.858771821891423 ], [ 1593143.497297672089189, 381228.644855010265019 ], [ 1593649.633734521223232, 384224.402754638111219 ], [ 1595577.97855302807875, 387899.88098044518847 ], [ 1593967.740423636510968, 388915.803810701763723 ], [ 1593022.848083500051871, 386166.499330527614802 ], [ 1590914.135687796864659, 382691.930588455405086 ], [ 1587574.345725260907784, 379466.238345503574237 ], [ 1589023.883943738648668, 378203.757500003033783 ], [ 1589202.644213689258322, 375727.287806325999554 ], [ 1587941.478810716886073, 371865.288459680508822 ], [ 1586052.258111043134704, 371409.378261184145231 ], [ 1583306.406534706242383, 369377.58628664421849 ], [ 1581062.029885938391089, 371214.184807615005411 ], [ 1581334.271768976934254, 373872.741068016679492 ], [ 1582668.303393042180687, 374415.887071345001459 ], [ 1582148.758055058307946, 378589.592470957606565 ], [ 1583809.227117225062102, 381685.591434791625943 ], [ 1584077.429419176885858, 384065.277863367227837 ], [ 1586743.798815028509125, 385432.946876724308822 ], [ 1589233.308232563780621, 390462.674491687503178 ], [ 1588733.629671529401094, 392029.890672387788072 ], [ 1587043.434102207422256, 392734.565308224293403 ], [ 1586491.110078330384567, 397209.103553465742152 ], [ 1584551.701346001354977, 400213.79687289026333 ], [ 1583995.203363856300712, 403717.014511303976178 ], [ 1584322.20336058549583, 406881.923555813264102 ], [ 1585896.247322114882991, 408025.706575781689025 ], [ 1586430.348624507430941, 412073.35713584558107 ], [ 1585220.769978244090453, 415477.495978164311964 ], [ 1587190.364732851041481, 417566.047247085371055 ], [ 1588277.875912968302146, 419874.322944399900734 ], [ 1588387.539552555419505, 422092.796770774468314 ], [ 1589896.634397624060512, 426730.484594796376768 ], [ 1589224.7313447073102, 428282.568374053458683 ], [ 1590100.070788169978186, 429968.837090113200247 ], [ 1592699.566707669757307, 432448.067379785177764 ], [ 1595651.170775439357385, 432993.066993049345911 ], [ 1598528.902862038929015, 430937.143734435783699 ], [ 1596960.688430560054258, 429155.174609137000516 ], [ 1596890.45480390638113, 426588.930431399203371 ], [ 1599601.372767148073763, 425375.045887222455349 ], [ 1598815.212168041383848, 428238.488766861672048 ], [ 1599106.044450626242906, 433073.54296380589949 ], [ 1599993.383979440433905, 436361.836252846638672 ], [ 1600209.894980276469141, 441231.564477257838007 ], [ 1599838.539248152403161, 444781.26882175100036 ], [ 1598595.360373920295388, 450391.247723428590689 ], [ 1597416.089706952217966, 460058.710930591798387 ], [ 1596372.347656884929165, 471408.063635361904744 ], [ 1595745.798575505614281, 488144.312869516725186 ], [ 1596123.958427291596308, 490152.946479941834696 ], [ 1595519.218342628795654, 496729.608029685041402 ], [ 1595659.35552966594696, 498737.190517265000381 ], [ 1594773.477437691763043, 509348.130432004865725 ], [ 1594485.300606742734089, 517837.435832220187876 ], [ 1594647.468976026866585, 521868.82152125320863 ], [ 1594181.341005765134469, 528163.498615076998249 ], [ 1593302.333303145132959, 532862.902540957555175 ], [ 1592413.228279864182696, 540385.518912143073976 ], [ 1591040.520643064985052, 545903.633956357138231 ], [ 1591090.67612122790888, 549260.596472540404648 ], [ 1588463.223428662400693, 555836.731315629323944 ], [ 1580840.985004317713901, 572340.389307581819594 ], [ 1577604.073336283443496, 577803.982822951860726 ], [ 1575395.468051727162674, 580722.939295266172849 ], [ 1571932.366606070892885, 586984.071036103414372 ], [ 1571005.092290472006425, 590144.325806497829035 ], [ 1566862.774990154895931, 595787.03189976059366 ], [ 1561220.138816217891872, 605095.210307456203736 ], [ 1557516.426385716767982, 610404.322224544244818 ], [ 1553347.879654661752284, 617774.372343414346687 ], [ 1550215.983216564636678, 623824.910824556951411 ], [ 1547057.632255890872329, 631217.773290952667594 ], [ 1545416.61075594695285, 633196.941279856138863 ], [ 1542155.526610806584358, 640305.521523476811126 ], [ 1539201.94879127969034, 646136.449170796317048 ], [ 1530938.628387380391359, 658029.786772297578864 ], [ 1526747.828740568831563, 656764.826824769726954 ], [ 1525574.900862749898806, 652931.482192513649352 ], [ 1502854.369953942019492, 649329.433578748605214 ], [ 1490435.968152400106192, 647272.553043741267174 ], [ 1489197.233721861150116, 647072.494062365614809 ], [ 1490895.87479333858937, 637418.448212099261582 ], [ 1491506.96883573080413, 637533.846166253904812 ], [ 1493171.334174179006368, 627569.015817667357624 ], [ 1478516.210696778493002, 625194.945464010233991 ], [ 1466819.341458831913769, 623483.036427369341254 ], [ 1467705.409725032979622, 618939.543279330944642 ], [ 1466422.63924282649532, 617586.042216134956107 ], [ 1466492.780561078572646, 615832.758291167556308 ], [ 1463720.830271757906303, 613371.950897330534644 ], [ 1462074.80481286207214, 610637.884716047323309 ], [ 1463580.023941770894453, 608138.72345384163782 ], [ 1463282.560602587414905, 605784.286791968974285 ], [ 1465497.358695565490052, 605471.913382411934435 ], [ 1467356.780467412434518, 603055.735867955605499 ], [ 1468850.884174681268632, 602687.858954402036034 ], [ 1470717.613694992847741, 600737.271891664364375 ], [ 1470770.923591563710943, 598344.110817211214453 ], [ 1472611.932789827231318, 597646.068619119236246 ], [ 1474075.694139364175498, 595776.601692204945721 ], [ 1478543.401559382909909, 596207.975347677012905 ], [ 1482645.19244299409911, 592982.123972143512219 ], [ 1481505.611450022784993, 591677.69247852137778 ], [ 1483353.161422582576051, 590374.638535344856791 ], [ 1483757.175845926394686, 588491.525525151751935 ], [ 1487071.622783346334472, 587649.189359555603005 ], [ 1487226.965280764503404, 585123.760978706763126 ], [ 1488273.660682851215824, 583018.468390078749508 ], [ 1490950.059348930604756, 579815.874713048920967 ], [ 1493427.092594946501777, 580150.980599573347718 ], [ 1494153.351119640748948, 579005.245070853154175 ] ] ] ] } },
{ "type": "Feature", "properties": { "csa_geoid": "371", "csa_name": "Middlesborough-Corbin, KY CSA" }, "geometry": { "type": "Polygon", "coordinates": [ [ [ 1061997.857160733314231, 1571983.827905604615808 ], [ 1079541.309635578189045, 1573586.828275806969032 ], [ 1088202.373170767212287, 1574563.570180845679715 ], [ 1091329.161066661123186, 1578824.245101229753345 ], [ 1094152.497394140576944, 1581148.387402184307575 ], [ 1097306.262214765883982, 1582443.816161618102342 ], [ 1100953.472726893145591, 1585545.735031668329611 ], [ 1104214.676374953705817, 1586553.168027061503381 ], [ 1107179.082273388514295, 1586357.642913095653057 ], [ 1106836.481788594508544, 1589986.115988076897338 ], [ 1104834.480642592301592, 1591132.37752569350414 ], [ 1102673.831936693750322, 1593487.955147163709626 ], [ 1103260.134423701092601, 1599220.630750901997089 ], [ 1100635.282411202089861, 1601593.482661458430812 ], [ 1102650.949908010428771, 1606581.152883390430361 ], [ 1101374.989652882795781, 1608036.725161039503291 ], [ 1100516.150555446511135, 1614264.973478959174827 ], [ 1098941.35153816244565, 1616191.40902956831269 ], [ 1096840.965225694002584, 1622692.68114315951243 ], [ 1097830.374073440209031, 1623397.891725401161239 ], [ 1094134.687920244410634, 1627998.340857987757772 ], [ 1093703.394079585094005, 1631529.920931060099974 ], [ 1094237.504014957230538, 1634172.31475228862837 ], [ 1092611.467556530376896, 1635761.810662181116641 ], [ 1091896.50587046938017, 1641144.089812830090523 ], [ 1095385.382812918862328, 1645753.133299898356199 ], [ 1092913.552505713189021, 1648483.65567686362192 ], [ 1094678.610384673811495, 1649238.807409890927374 ], [ 1093671.200746119488031, 1651467.86232086410746 ], [ 1091288.022423321148381, 1652398.478200211888179 ], [ 1089521.062314621405676, 1652229.212504005292431 ], [ 1084886.808641497977078, 1655341.7039467880968 ], [ 1081717.632849541958421, 1659773.861208686837927 ], [ 1078984.472386879380792, 1660667.405746957752854 ], [ 1078341.684589877491817, 1658529.308432182297111 ], [ 1074885.384635737398639, 1658278.508778553921729 ], [ 1068911.956696572946385, 1658623.036849772790447 ], [ 1068579.8719260932412, 1656501.232376720989123 ], [ 1065966.556156583828852, 1656269.83966583549045 ], [ 1062706.266507191117853, 1653061.499548153020442 ], [ 1060814.518532662885264, 1650462.510044979397207 ], [ 1060076.293951983097941, 1648230.433314998401329 ], [ 1057115.50025905831717, 1646935.86122020939365 ], [ 1056487.634493699064478, 1645936.744298068573698 ], [ 1051053.929827407933772, 1645560.874072292586789 ], [ 1046439.740892985253595, 1646960.696724614826962 ], [ 1041427.884093523956835, 1650526.468483892502263 ], [ 1041098.391943368944339, 1652572.496408820152283 ], [ 1039216.537633607978933, 1653156.754479802912101 ], [ 1038595.357948799966834, 1651490.577089017955586 ], [ 1037908.798687961767428, 1649449.803121505305171 ], [ 1035318.988506607944146, 1648767.214775432599708 ], [ 1033599.822707658750005, 1646381.893140214495361 ], [ 1032318.787457056809217, 1646244.377275875769556 ], [ 1032704.712156140827574, 1642021.088814846007153 ], [ 1029569.154433672432788, 1641252.654819615883753 ], [ 1029150.383514399989508, 1634436.921747842570767 ], [ 1027821.566986701567657, 1633563.053569978801534 ], [ 1027740.685223590000533, 1631163.450195051496848 ], [ 1028166.457384070847183, 1626545.600804065354168 ], [ 1028975.552189525566064, 1624263.756538866786286 ], [ 1027540.11744116677437, 1623890.245532932225615 ], [ 1025815.660865376354195, 1621487.971931880805641 ], [ 1026828.742142611648887, 1618489.86500781821087 ], [ 1025759.193518638378009, 1616538.726082513574511 ], [ 1027391.390781387570314, 1613912.447931484086439 ], [ 1024865.092752696014941, 1612569.044005476403981 ], [ 1025348.91399432439357, 1610540.890965907368809 ], [ 1023650.883268093224615, 1607383.706852301955223 ], [ 1025690.547487430390902, 1606947.113627719227225 ], [ 1028474.699999150238, 1607593.303040298866108 ], [ 1029719.843621001578867, 1604392.254020262509584 ], [ 1028375.541183903580531, 1602456.439776314189658 ], [ 1029156.74684955237899, 1600533.597182190744206 ], [ 1027916.042286385549232, 1594327.172342772595584 ], [ 1027504.405875405995175, 1589242.142525486415252 ], [ 1030207.099719502031803, 1587090.68516727630049 ], [ 1030954.368579958216287, 1582335.87963959784247 ], [ 1032654.017417329596356, 1578152.23991836537607 ], [ 1036414.478301789378747, 1573779.808912470238283 ], [ 1039506.543360136798583, 1571838.832789778942242 ], [ 1040890.455116646015085, 1569620.702905231621116 ], [ 1061997.857160733314231, 1571983.827905604615808 ] ] ] } },
{ "type": "Feature", "properties": { "csa_geoid": "372", "csa_name": "Midland-Odessa-Andrews, TX CSA" }, "geometry": { "type": "Polygon", "coordinates": [ [ [ -638174.03440428536851, 1024180.032472132821567 ], [ -639877.607824833132327, 999480.166918078786694 ], [ -641616.075827511260286, 975957.300833769026212 ], [ -597357.888929904671386, 972838.871792127960362 ], [ -545195.211011997773312, 969517.021112088812515 ], [ -542274.495438375743106, 1017952.049970141146332 ], [ -534668.176321078673936, 1017560.191476495354436 ], [ -531161.136229556286708, 1066229.998155521694571 ], [ -550292.598978738184087, 1067296.86599972168915 ], [ -579876.203090599155985, 1069062.953252564184368 ], [ -604323.441324662533589, 1070661.017093215370551 ], [ -653063.929662365466356, 1074146.755978029686958 ], [ -659446.43187550001312, 1074512.329755412880331 ], [ -663016.204000694444403, 1026135.574431491550058 ], [ -638394.936666858498938, 1024347.583932935842313 ], [ -638174.03440428536851, 1024180.032472132821567 ] ] ] } },
{ "type": "Feature", "properties": { "csa_geoid": "376", "csa_name": "Milwaukee-Racine-Waukesha, WI CSA" }, "geometry": { "type": "Polygon", "coordinates": [ [ [ 666835.23836919432506, 2214359.229513941798359 ], [ 668204.505527818459086, 2218171.853617560584098 ], [ 668461.234013921930455, 2225949.623049563728273 ], [ 669621.099633855861612, 2227416.479542770888656 ], [ 666466.413662232109345, 2229843.951982855796814 ], [ 663721.145514789270237, 2232806.152872139587998 ], [ 661813.00662348093465, 2236964.576351237483323 ], [ 661240.160906984121539, 2239501.428444408345968 ], [ 661726.366543704876676, 2241589.582530536223203 ], [ 660356.034000279032625, 2247757.433595757000148 ], [ 657827.986259108409286, 2249980.420929639134556 ], [ 655896.477625819505192, 2253552.476268961559981 ], [ 656032.596516947261989, 2255446.023809308186173 ], [ 658283.059189479448833, 2258787.625665384810418 ], [ 657021.356387584703043, 2261861.996574114542454 ], [ 654654.986442734138109, 2265493.183727453928441 ], [ 655935.550380015280098, 2269794.833616895135492 ], [ 654458.380530367256142, 2272638.619690854568034 ], [ 654257.955626191804186, 2274548.616883701179177 ], [ 652703.596350168227218, 2278462.267912182491273 ], [ 653976.452484208159149, 2284986.436837187036872 ], [ 654101.231375267263502, 2289977.83075876487419 ], [ 654794.7797854837263, 2293969.432546095922589 ], [ 659331.329253568546847, 2302896.113756793551147 ], [ 660042.118895861785859, 2306192.218480868730694 ], [ 659535.336837638169527, 2311837.104030142538249 ], [ 634900.728078144486062, 2309670.684943490196019 ], [ 610744.063476085779257, 2307826.967457517981529 ], [ 609915.624891405226663, 2317545.967489074449986 ], [ 590384.640467011951841, 2316240.279364635702223 ], [ 561365.990493961260654, 2314047.668837666045874 ], [ 561962.824198132380843, 2305522.786843909882009 ], [ 563684.594419064116664, 2284967.736246494110674 ], [ 563352.823265267652459, 2284922.12002422567457 ], [ 564778.857876493246295, 2265570.358839571941644 ], [ 565593.055543448310345, 2251799.417672536335886 ], [ 567268.264015464344993, 2226539.986692590173334 ], [ 586477.06822706782259, 2227425.638279841281474 ], [ 587077.179195660050027, 2217615.959332505241036 ], [ 588004.369491614750586, 2207911.302976169623435 ], [ 589492.60533908160869, 2188348.882594604976475 ], [ 595112.992964312317781, 2188954.175797941628844 ], [ 600701.027713272487745, 2189549.241622682195157 ], [ 627897.082823539618403, 2191677.86058644624427 ], [ 626750.379904785077088, 2204599.303492000792176 ], [ 636312.199693192960694, 2205452.770339640323073 ], [ 635766.796416128869168, 2211940.833369405008852 ], [ 654839.662740389467217, 2213519.96334378188476 ], [ 666835.23836919432506, 2214359.229513941798359 ] ] ] } },
{ "type": "Feature", "properties": { "csa_geoid": "378", "csa_name": "Minneapolis-St. Paul, MN-WI CSA" }, "geometry": { "type": "Polygon", "coordinates": [ [ [ 301627.047310149704572, 2475134.008313882630318 ], [ 279993.526221430685837, 2474263.868124102242291 ], [ 269970.762111112708226, 2474016.478736067656428 ], [ 254440.046994937467389, 2473375.434025852475315 ], [ 254899.70731454223278, 2474403.838237470015883 ], [ 254112.477559864084469, 2477819.304011260159314 ], [ 254736.202269584173337, 2479183.242424441501498 ], [ 254076.281186389067443, 2482420.769786954857409 ], [ 255731.605389493284747, 2483533.777298026718199 ], [ 258582.161205407988746, 2487628.120590435341001 ], [ 258117.193868209898937, 2489535.07995578693226 ], [ 262139.880334194807801, 2494664.767851024400443 ], [ 262269.572699675569311, 2499466.614383064676076 ], [ 261742.537053732085042, 2500881.943964722100645 ], [ 259552.126516407588497, 2501896.939430895261467 ], [ 257722.87540526810335, 2505025.317748266737908 ], [ 255730.652759406890254, 2507338.021527715958655 ], [ 255675.107649305806262, 2510299.576275346335024 ], [ 252131.750886383990292, 2513050.016779391095042 ], [ 248011.463465581968194, 2512243.409530167467892 ], [ 244258.760428180394229, 2512857.907033983618021 ], [ 243241.479072595800972, 2513703.022107937373221 ], [ 243210.093392141512595, 2517563.422615872696042 ], [ 242684.231288804614451, 2520746.632468934170902 ], [ 243857.299011480965419, 2529517.3386774295941 ], [ 244951.984001877921401, 2530939.047244521789253 ], [ 228214.974353997356957, 2530510.954068951774389 ], [ 203342.221758269588463, 2529754.229185766540468 ], [ 193622.500447640632046, 2529893.617690419778228 ], [ 192864.852280950552085, 2545878.537980156950653 ], [ 192562.57464244129369, 2557346.026767893694341 ], [ 199202.516685797629179, 2557493.932481152936816 ], [ 198550.755579670891166, 2586885.014850331004709 ], [ 190568.716686055209721, 2586755.382052678614855 ], [ 169179.290052343363641, 2585785.165030591189861 ], [ 169889.73601528123254, 2556939.536760307382792 ], [ 173105.009663386066677, 2556952.714067459106445 ], [ 173334.931991173798451, 2548871.825397166889161 ], [ 173907.375305754831061, 2539160.562438713852316 ], [ 160354.70061025681207, 2539058.317999296821654 ], [ 128086.867652644141344, 2538223.027259710244834 ], [ 129569.769422768295044, 2536096.725285499356687 ], [ 134511.186365165776806, 2533125.293613343499601 ], [ 120614.323565346683608, 2532895.823795192874968 ], [ 112444.674095068505267, 2532611.04722588788718 ], [ 89883.076845836592838, 2532366.552809279412031 ], [ 66961.062462353467708, 2532006.240369151346385 ], [ 67140.761170926329214, 2511077.716935075353831 ], [ 67794.539149092059233, 2511085.218949012458324 ], [ 67938.562609708707896, 2491909.876713084056973 ], [ 96810.031639172200812, 2492270.361199309583753 ], [ 96924.151412086837809, 2482625.088442345149815 ], [ 106561.254078607395058, 2482701.276476754806936 ], [ 126655.366945386078442, 2483130.945096822455525 ], [ 126751.131446910992963, 2478257.247022732160985 ], [ 136338.526354231114965, 2478553.754911299794912 ], [ 136773.025707670836709, 2473593.327571399975568 ], [ 137356.502174007386202, 2444695.879414065741003 ], [ 117996.914288498082897, 2444401.127441106829792 ], [ 118110.185780687155784, 2434664.643562930170447 ], [ 118477.996672001885599, 2434674.790787127334625 ], [ 118931.519728890882106, 2405461.497659881133586 ], [ 138177.030638615164207, 2405833.796791837085038 ], [ 138048.837083274731413, 2415582.054185890592635 ], [ 166941.553692257381044, 2416078.172389405779541 ], [ 167034.072087528504198, 2411220.028674166183919 ], [ 176578.205274996900698, 2411450.513152192346752 ], [ 176675.702780116465874, 2407761.594839176628739 ], [ 174899.009546973218676, 2406406.099343245849013 ], [ 172937.167080115934368, 2406850.460496886167675 ], [ 169442.537350190919824, 2403786.793518804945052 ], [ 167157.871863951149862, 2402677.562626416329294 ], [ 166417.297590419388143, 2398061.287074502557516 ], [ 165514.857058302324731, 2396107.393645991571248 ], [ 167686.244904106890317, 2394024.326804734300822 ], [ 167313.106402425735723, 2391582.990410887170583 ], [ 165293.918067900813185, 2387626.527320583350956 ], [ 163918.110350795119302, 2387002.750586372800171 ], [ 164416.407188019249588, 2385476.82082331366837 ], [ 163673.518864186538849, 2382227.278495584148914 ], [ 161900.360960299702128, 2378890.595858186017722 ], [ 161976.760588295379421, 2376844.193158815149218 ], [ 164361.00106332192081, 2374554.641909630969167 ], [ 163380.921331104851561, 2373876.066025910899043 ], [ 162296.837858836603118, 2370320.323431350756437 ], [ 159831.311610530887265, 2368948.710698158014566 ], [ 158297.932789636543021, 2366830.595303641632199 ], [ 158432.36024640040705, 2364110.455348172225058 ], [ 157734.849084300833056, 2362661.384984835982323 ], [ 177725.560358745889971, 2363095.746660938020796 ], [ 177844.337118528812425, 2358242.968091770075262 ], [ 206632.266513533279067, 2359034.32834016205743 ], [ 207685.759308578330092, 2320213.960895866621286 ], [ 236275.346021796402056, 2321084.140629319939762 ], [ 236583.536955132731237, 2321163.916337910108268 ], [ 235354.767527549207443, 2359910.698740907944739 ], [ 253594.861329508014023, 2360507.003577371593565 ], [ 274789.482625423173886, 2361038.959820166695863 ], [ 274098.348666455887724, 2380375.565353348385543 ], [ 283639.044325639551971, 2380702.390374414157122 ], [ 283302.832881968875881, 2390393.814528103452176 ], [ 298241.315183689934202, 2390851.063114007469267 ], [ 295398.367050122702494, 2392901.605656151659787 ], [ 293266.213691761833616, 2395789.439821984618902 ], [ 291979.87769343337277, 2400273.223052516579628 ], [ 306310.730034063803032, 2400688.027747522108257 ], [ 305671.074816971842665, 2416802.026597957592458 ], [ 304795.475986081175506, 2436096.38926355401054 ], [ 304537.452212507196236, 2444551.291868836153299 ], [ 303621.951394522562623, 2465399.807507207151502 ], [ 301974.916432246682234, 2465357.481133504770696 ], [ 301627.047310149704572, 2475134.008313882630318 ] ] ] } },
{ "type": "Feature", "properties": { "csa_geoid": "380", "csa_name": "Mobile-Daphne-Fairhope, AL CSA" }, "geometry": { "type": "MultiPolygon", "coordinates": [ [ [ [ 760434.623163337470032, 857328.39211533498019 ], [ 763013.256792022730224, 855929.951490580569953 ], [ 762826.022570930072106, 858757.54009359178599 ], [ 760434.623163337470032, 857328.39211533498019 ] ] ], [ [ [ 736756.6456590781454, 824495.602697134483606 ], [ 738829.653885498293675, 824615.472213012748398 ], [ 748706.000490371254273, 827623.595711326110177 ], [ 754630.202025603386573, 828320.557627323898487 ], [ 757405.950475382618606, 827846.556815594434738 ], [ 760659.019875371595845, 828762.872987226466648 ], [ 756276.446063011302613, 831740.74179768410977 ], [ 754256.985785955446772, 828887.912173132412136 ], [ 746349.595531822065823, 827181.512597760884091 ], [ 736756.6456590781454, 824495.602697134483606 ] ] ], [ [ [ 718913.11069435684476, 920961.223049027030356 ], [ 722268.208493779529817, 894450.446685592178255 ], [ 726510.496886796550825, 858947.526634759036824 ], [ 728928.111235458170995, 839568.738544141757302 ], [ 731727.496719930320978, 841864.027931659831665 ], [ 732198.212480550166219, 843976.406994481571019 ], [ 734064.167926136171445, 843918.607199512771331 ], [ 737883.305878699989989, 842092.041488175978884 ], [ 741658.009805576642975, 842042.313560746260919 ], [ 746021.813882417976856, 840752.278614439070225 ], [ 748873.926833227160387, 840440.808911051601171 ], [ 748194.675650740973651, 837569.408987742732279 ], [ 748846.754835062660277, 835533.937634141067974 ], [ 754463.020624796510674, 837739.662407027324662 ], [ 756374.174038680852391, 842683.133724870858714 ], [ 756219.129058318212628, 848248.936426866217516 ], [ 755758.526341603719629, 851045.978346309857443 ], [ 756503.683471537427977, 853149.597982143750414 ], [ 755764.100249401526526, 857401.73554436955601 ], [ 757314.821513873524964, 859645.130504028522409 ], [ 756876.880531644797884, 864528.564997661393136 ], [ 758470.39998023759108, 866384.441156137618236 ], [ 759285.275153929600492, 869151.005527830217034 ], [ 758245.854033737094142, 872531.401788218179718 ], [ 760442.360837011598051, 873196.437835174729116 ], [ 763125.657287740730681, 877234.773728487198241 ], [ 765200.95825865061488, 876899.721274005714804 ], [ 768192.699769141967408, 875073.393439027713612 ], [ 771203.278696945286356, 874217.592994734295644 ], [ 772739.770403108326718, 870657.138285010703839 ], [ 772790.864074857207015, 867326.827847173321061 ], [ 774007.727508887066506, 865210.643445225898176 ], [ 774164.283674543607049, 862055.029699091799557 ], [ 771659.605480563361198, 855769.307040333747864 ], [ 773394.268194273579866, 854527.83823580108583 ], [ 775280.160255392780527, 847858.766358309891075 ], [ 779475.302433981676586, 845327.310403105570003 ], [ 782185.858872874639928, 844767.056435780716129 ], [ 783116.434440139099024, 842336.313852864317596 ], [ 785289.202856106334366, 840171.050471903407015 ], [ 788982.338602840551175, 838149.963785246014595 ], [ 791660.441898099961691, 835715.0974557667505 ], [ 789910.287124597234651, 832741.58642963739112 ], [ 788098.853518437361345, 831669.341038683662191 ], [ 785227.208359639393166, 831426.375677615171298 ], [ 781306.748529445030726, 829528.336277932859957 ], [ 778145.803087082342245, 829140.249314604327083 ], [ 773834.418434067745693, 831249.997748357360251 ], [ 771127.605723400949501, 828139.57518230995629 ], [ 765703.765676716691814, 827099.121804049471393 ], [ 765413.391112803365104, 826323.175911848898977 ], [ 775077.243047632626258, 827890.644471984589472 ], [ 783501.92255213635508, 828256.781932439655066 ], [ 787110.618431062321179, 828811.128947560791858 ], [ 793228.42780260310974, 830603.307266445481218 ], [ 800364.347068417700939, 832333.397782352054492 ], [ 807706.458296083612368, 835062.787259400472976 ], [ 809858.203133321134374, 835482.130175523343496 ], [ 819739.754354595323093, 839589.597426726482809 ], [ 818970.400914573925547, 840423.25008737645112 ], [ 814848.592866837396286, 839941.393389346892945 ], [ 814498.931280079996213, 841776.236684282659553 ], [ 818214.527840992785059, 843142.651297687552869 ], [ 819415.659876680816524, 844696.231214103521779 ], [ 819167.012002320727333, 847008.478092390228994 ], [ 820244.811636970611289, 848622.248817495419644 ], [ 820857.228627649485134, 851543.668475534999743 ], [ 823313.192056744592264, 852178.74286793381907 ], [ 826194.55852817860432, 854703.791533631505445 ], [ 826067.91400793066714, 856518.690333636244759 ], [ 821771.485139024676755, 857291.948645942728035 ], [ 819544.363013779162429, 859678.155560991959646 ], [ 819811.228794188820757, 861408.770985276554711 ], [ 818402.847702644066885, 862586.509333860245533 ], [ 818028.794686747365631, 864736.197205875185318 ], [ 818871.185869570588693, 867274.488176038255915 ], [ 820345.217273506801575, 868824.292880820925348 ], [ 821752.943452792009339, 873835.677932551363483 ], [ 822040.400727989384905, 876681.224006813950837 ], [ 820322.46396188554354, 881466.888240272761323 ], [ 815844.96258074324578, 883811.666685424861498 ], [ 810782.81539116462227, 885787.328705672523938 ], [ 807683.863034583628178, 887953.719941375078633 ], [ 805412.034799305256456, 892523.405488089076243 ], [ 802319.544563319184817, 895166.528160799527541 ], [ 800469.114698693738319, 895920.189848960493691 ], [ 797650.820671149645932, 898721.444287980673835 ], [ 796752.041290028952062, 900642.662599268369377 ], [ 797784.178151245811023, 902912.718591563403606 ], [ 800129.557314791949466, 911945.136675173183903 ], [ 798881.385354473022744, 915517.778474762453698 ], [ 797317.087775783729739, 915368.550192545400932 ], [ 794851.827325441641733, 942743.509669170016423 ], [ 792503.811460723634809, 942522.169131121598184 ], [ 788957.484512129682116, 944182.487277173553593 ], [ 787412.125618834514171, 946384.012136539211497 ], [ 785179.65709688316565, 948223.252000366221182 ], [ 782147.515120749827474, 948021.441635208553635 ], [ 779654.971621726290323, 946913.974481335026212 ], [ 777056.071621426031925, 944018.70783323305659 ], [ 774468.712682334007695, 944408.664734184043482 ], [ 773905.253875411581248, 941227.569835074013099 ], [ 771601.282653522561304, 938668.572709130356088 ], [ 773044.711610840284266, 937169.612913924036548 ], [ 770861.343585776747204, 935856.400746200000867 ], [ 767822.076336674042977, 935335.794006918440573 ], [ 767233.388690827181563, 933967.362305051996373 ], [ 764667.247473493102007, 934017.258024506038055 ], [ 764628.365099866641685, 930841.038884311448783 ], [ 762996.887508529820479, 930598.722743015619926 ], [ 760248.622637919033878, 931805.722536124754697 ], [ 757316.711587867815979, 928316.659456513589248 ], [ 728228.156824674806558, 925866.683743845555 ], [ 728478.65546713443473, 922598.773937284597196 ], [ 718804.59258508880157, 921814.931868170155212 ], [ 718913.11069435684476, 920961.223049027030356 ] ] ] ] } },
{ "type": "Feature", "properties": { "csa_geoid": "384", "csa_name": "Monroe-Ruston, LA CSA" }, "geometry": { "type": "Polygon", "coordinates": [ [ [ 364933.066956736787688, 1111753.723504547961056 ], [ 350650.038304953719489, 1111276.6972250493709 ], [ 304054.640895933262073, 1110135.198009474435821 ], [ 304972.876382766349707, 1081707.113483249908313 ], [ 295423.957331749552395, 1081381.883894056081772 ], [ 295562.189179632987361, 1076001.92474028444849 ], [ 294408.07208594691474, 1075663.452679976355284 ], [ 291950.815625820774585, 1072160.589489977108315 ], [ 292852.250451297906693, 1068124.188753469148651 ], [ 292387.183721675362904, 1064293.779736070195213 ], [ 291092.263507383584511, 1063534.850271370494738 ], [ 291749.009135523752775, 1047177.673980440362357 ], [ 315843.667857144784648, 1047895.973407370387577 ], [ 315604.56158541754121, 1052723.320482843089849 ], [ 334930.649644519842695, 1053342.388373932102695 ], [ 335293.105829653388355, 1043583.538881742395461 ], [ 345357.696399342268705, 1034255.206092166248709 ], [ 345527.056124436901882, 1029395.755350319552235 ], [ 358905.920854888099711, 1029870.376696021412499 ], [ 360548.889237636642065, 1027926.116884914343245 ], [ 364887.09023746335879, 1028091.410318420385011 ], [ 364788.180490676371846, 1030112.906822817632928 ], [ 375381.832991070463322, 1030543.334436384378932 ], [ 375086.045871026581153, 1025962.087076463620178 ], [ 377108.566234697354957, 1023853.212612974457443 ], [ 374514.319825998158194, 1022120.906096976366825 ], [ 376810.242781133740209, 1021287.807842763024382 ], [ 377363.956692402774934, 1018257.145576798822731 ], [ 379846.309287746145856, 1019279.915856820414774 ], [ 381589.05257797712693, 1018361.447592976386659 ], [ 386164.395791598653886, 1018899.808157816180028 ], [ 391099.231273735291325, 1020533.870224300422706 ], [ 391945.462597484467551, 1024214.64745224325452 ], [ 395853.725362196797505, 1027192.793241987354122 ], [ 396471.098112725361716, 1029270.27060775004793 ], [ 395907.442064184229821, 1031494.971400296199135 ], [ 396900.13792560598813, 1034591.729317724006251 ], [ 396862.057741228025407, 1038010.07008776103612 ], [ 399938.883566398406401, 1037956.66840610280633 ], [ 402362.123326068918686, 1039320.138341823243536 ], [ 402491.330629900796339, 1042084.21263646997977 ], [ 404159.890523913491052, 1043770.636724494746886 ], [ 406196.605377896106802, 1044102.803790804347955 ], [ 408267.523145083687268, 1046385.094677209970541 ], [ 423090.073324937548023, 1047056.005019283620641 ], [ 422083.482999307685532, 1047932.79522925557103 ], [ 421996.822966158564668, 1050268.456686497898772 ], [ 423002.207486267201602, 1051035.186992568895221 ], [ 421757.113086936471518, 1056113.178707372397184 ], [ 423119.375303644279484, 1061448.224944772431627 ], [ 425637.809318322397303, 1062512.96853487030603 ], [ 426520.408290946797933, 1064514.428332657786086 ], [ 425063.28715752781136, 1066842.669860010035336 ], [ 410989.100781161047053, 1066196.342237684177235 ], [ 410487.712684093916323, 1075667.656642448389903 ], [ 408082.068484754592646, 1076985.4026319317054 ], [ 406407.039579734380823, 1079340.866247322177514 ], [ 410037.889705109933857, 1084775.907725174445659 ], [ 410031.119322742859367, 1087411.586805524071679 ], [ 409102.87006122735329, 1088535.674221221590415 ], [ 411834.6210030282964, 1093402.270936073502526 ], [ 412297.328570468991529, 1096733.625615753000602 ], [ 415175.22444798599463, 1099376.267428104765713 ], [ 417323.841184479941148, 1099649.25132867670618 ], [ 420376.401311808498576, 1105459.655597490491346 ], [ 419977.016986379865557, 1106077.087845036061481 ], [ 421992.491558938636445, 1109572.04121231008321 ], [ 423106.823986856499687, 1110275.78259287821129 ], [ 423678.975383926474024, 1114150.750392565969378 ], [ 405969.58037048362894, 1113377.714351013535634 ], [ 364933.066956736787688, 1111753.723504547961056 ] ] ] } },
{ "type": "Feature", "properties": { "csa_geoid": "388", "csa_name": "Montgomery-Selma, AL CSA" }, "geometry": { "type": "Polygon", "coordinates": [ [ [ 929183.287485120352358, 1124852.093074359931052 ], [ 898658.251584270852618, 1121549.289046234916896 ], [ 891597.825236710137688, 1120473.824388411361724 ], [ 892103.51086606294848, 1115680.651682975003496 ], [ 864193.589138885727152, 1112710.51052841451019 ], [ 864748.932943573221564, 1107837.621264101006091 ], [ 855188.139076505322009, 1106724.603203944163397 ], [ 846041.590245069586672, 1106317.648459418909624 ], [ 836485.650328940013424, 1105284.828394000185654 ], [ 835778.590764464694075, 1112642.518894848180935 ], [ 834546.277529529528692, 1107703.841924898093566 ], [ 835138.995210755267181, 1105239.171175520401448 ], [ 834126.202750487718731, 1100300.708856024313718 ], [ 834965.934561444330029, 1097769.764466780005023 ], [ 831537.222299455315806, 1094416.288482719101012 ], [ 832021.784083814243786, 1091029.487555667292327 ], [ 831117.267270743381232, 1090342.874639221699908 ], [ 830329.690127339563332, 1086744.863265080843121 ], [ 829146.847832754137926, 1084925.616719720885158 ], [ 819419.361781853018329, 1083939.190162169514224 ], [ 818253.322097061551176, 1083538.173244879813865 ], [ 800641.267527702846564, 1081769.094796352786943 ], [ 802529.902129154652357, 1062364.026979398913682 ], [ 797745.014399471576326, 1061877.730642146896571 ], [ 798253.071078173816204, 1057144.850817180937156 ], [ 800806.362910224823281, 1057819.292562998598441 ], [ 803078.896169452462345, 1055252.26933877565898 ], [ 805805.66674292308744, 1054739.618521390017122 ], [ 807806.397889502812177, 1053197.111660924507305 ], [ 809095.759879140532576, 1050430.017395536182448 ], [ 812102.320130310719833, 1050920.862732151057571 ], [ 813127.817504400387406, 1049342.728841664502397 ], [ 816161.996377601404674, 1047679.588928227196448 ], [ 817613.182319286162965, 1045687.932912969961762 ], [ 819001.766988529125229, 1045838.119528412004001 ], [ 822161.245658012805507, 1041058.615012200782076 ], [ 825095.93742688826751, 1040131.950534817180596 ], [ 826455.502575377002358, 1037938.491004106355831 ], [ 828001.218439885531552, 1037315.36411372537259 ], [ 827973.81731094722636, 1035534.657237702980638 ], [ 845693.174772560480051, 1037170.010017668944784 ], [ 858026.475799389649183, 1038477.596887253574096 ], [ 858854.64473760209512, 1028910.238964110030793 ], [ 868932.987944581196643, 1029872.106256629573181 ], [ 881680.927763171144761, 1031338.904073097626679 ], [ 901211.416046726168133, 1033279.520449150819331 ], [ 900116.02614628279116, 1042906.747523544006981 ], [ 909704.080252098618075, 1043987.708010029629804 ], [ 910817.797961361240596, 1034402.447488770005293 ], [ 939484.833135909633711, 1037663.552012071595527 ], [ 935835.986308383988217, 1068989.717622873838991 ], [ 936755.115422673639841, 1071530.307705280603841 ], [ 943000.029686896363273, 1072421.679684472037479 ], [ 939408.196511360816658, 1075159.255471264012158 ], [ 938719.311352620599791, 1077528.481078601209447 ], [ 935708.056075158412568, 1078565.309263672912493 ], [ 934026.317969412426464, 1082369.104594818083569 ], [ 932819.985714005189948, 1083831.194838977651671 ], [ 932938.838969514239579, 1085921.290724432328716 ], [ 931815.529708938789554, 1087252.49289200711064 ], [ 932987.336135371588171, 1088659.598748782882467 ], [ 936773.79758303402923, 1091400.569927335483953 ], [ 937824.887745118001476, 1090565.675386789487675 ], [ 939724.647826293949038, 1092158.577156210551038 ], [ 943268.585293179843575, 1091868.946502120932564 ], [ 944315.338518256787211, 1092811.692880530608818 ], [ 945108.877455720794387, 1095866.778725731186569 ], [ 943267.394115683971904, 1097208.464388351887465 ], [ 942757.164521, 1099590.856405849801376 ], [ 942902.648642544052564, 1103095.722657954553142 ], [ 941414.514895386761054, 1109116.681704885093495 ], [ 941519.835687988554128, 1114117.041591910179704 ], [ 938939.464247305179015, 1117232.840985406888649 ], [ 939079.207844223361462, 1119655.330621594097465 ], [ 940167.106055075651966, 1120906.897588211111724 ], [ 940047.434456611634232, 1122940.298751906957477 ], [ 940983.710665283026174, 1126054.346491735894233 ], [ 929183.287485120352358, 1124852.093074359931052 ] ] ] } },
{ "type": "Feature", "properties": { "csa_geoid": "393", "csa_name": "Moses Lake-Othello, WA CSA" }, "geometry": { "type": "Polygon", "coordinates": [ [ [ -1656483.297557500889525, 2888764.824317223858088 ], [ -1692296.357635060790926, 2897317.897279679775238 ], [ -1731833.841021373402327, 2907050.64733066316694 ], [ -1721473.355523119913414, 2948155.876543823163956 ], [ -1713348.108359394595027, 2980029.936819313559681 ], [ -1713494.862749767489731, 2982180.30872381106019 ], [ -1722392.005742870038375, 2984351.162658469285816 ], [ -1724375.841762884287164, 2983143.404757177922875 ], [ -1725183.537977501982823, 2979990.998432698659599 ], [ -1727145.00815512961708, 2978812.917290199082345 ], [ -1730305.696902587078512, 2979578.098150175996125 ], [ -1732284.195107132894918, 2978393.253181873820722 ], [ -1734619.538828043499961, 2969080.757796355523169 ], [ -1736194.218685032101348, 2969469.654419012833387 ], [ -1736979.872768960194662, 2966403.370296590961516 ], [ -1738577.229500903515145, 2966768.621592723298818 ], [ -1739351.552405480993912, 2963643.19679621886462 ], [ -1741306.142376416828483, 2962507.282432538922876 ], [ -1742873.224979151040316, 2962909.413407697807997 ], [ -1744439.540784650947899, 2956709.510491345543414 ], [ -1746006.857499841600657, 2957082.37498541129753 ], [ -1747183.694386085495353, 2952433.074999024625868 ], [ -1749146.169769192114472, 2951284.45833412790671 ], [ -1753796.270318455062807, 2952480.023554141167551 ], [ -1765466.506483586505055, 2945754.105484467931092 ], [ -1767863.868649258976802, 2936497.229036633390933 ], [ -1793128.789076203713194, 2942509.865759910084307 ], [ -1793935.151562799699605, 2939387.035982881207019 ], [ -1795514.679345596116036, 2939754.290576756000519 ], [ -1797500.827181536471471, 2938607.990123894996941 ], [ -1798310.737884742906317, 2935509.878593933302909 ], [ -1804251.181567748775706, 2932012.065309221856296 ], [ -1805851.902626365656033, 2932375.480587191879749 ], [ -1809524.563396742101759, 2917837.653846330475062 ], [ -1810671.890010992065072, 2915494.604633436538279 ], [ -1811013.862017778912559, 2911570.794362044893205 ], [ -1813475.141152357915416, 2909818.603888515848666 ], [ -1815485.726339386310428, 2906704.698900630231947 ], [ -1815285.66836452879943, 2904458.955026501324028 ], [ -1814086.289651166414842, 2902446.472211101092398 ], [ -1814607.663742789998651, 2897357.067248454783112 ], [ -1813384.940929049160331, 2891286.296692276839167 ], [ -1815654.444027401972562, 2882214.253548839595169 ], [ -1814031.178097760071978, 2877027.526364643592387 ], [ -1814538.066874668700621, 2875025.962733183056116 ], [ -1816352.720592682482675, 2872778.089660899713635 ], [ -1818896.767300734296441, 2871177.202098895329982 ], [ -1819976.790059484308586, 2867826.122390660457313 ], [ -1819331.469074457883835, 2862249.210999031085521 ], [ -1817730.447926243999973, 2859491.034398604184389 ], [ -1817100.198225416475907, 2857061.821506708860397 ], [ -1815259.672567208996043, 2855752.020017906557769 ], [ -1811478.24342486797832, 2854530.688169025816023 ], [ -1805896.036161597585306, 2854199.258802725467831 ], [ -1802564.523751134285703, 2854853.737923762295395 ], [ -1798934.914080345071852, 2852959.952996669802815 ], [ -1796309.832565035670996, 2852788.690047852229327 ], [ -1792358.833116800291464, 2854670.929572847206146 ], [ -1785945.914407308911905, 2859644.650384894572198 ], [ -1783977.583366434788331, 2857780.358664103783667 ], [ -1782107.077753371559083, 2853947.386037321295589 ], [ -1782539.442204003222287, 2853256.911022807005793 ], [ -1776311.37133155320771, 2851569.302536958362907 ], [ -1774726.266037020366639, 2857968.040568077936769 ], [ -1761774.20910188369453, 2854789.073174512479454 ], [ -1739715.425790179986507, 2849087.445720049086958 ], [ -1725395.552781603531912, 2845553.796844860073179 ], [ -1699464.946383097907528, 2839380.924355607945472 ], [ -1688317.669321016175672, 2836969.63259406061843 ], [ -1686477.327836605487391, 2837969.999398448038846 ], [ -1684598.391920133028179, 2836962.433787554968148 ], [ -1683749.63407326489687, 2838219.43593179853633 ], [ -1681461.000833956059068, 2837908.098046946339309 ], [ -1678721.558891064953059, 2839261.637036504223943 ], [ -1675457.59176596510224, 2837264.983001337386668 ], [ -1674126.021466261940077, 2838861.275129588320851 ], [ -1672232.266959673957899, 2839070.055643831845373 ], [ -1672243.745642761699855, 2841504.463499661535025 ], [ -1670312.42875328916125, 2842230.998405381571501 ], [ -1670148.074050356633961, 2845130.254767500329763 ], [ -1667194.232151501113549, 2846577.702775584999472 ], [ -1665702.882491316180676, 2851641.611941217910498 ], [ -1665125.184723437996581, 2851503.396400172263384 ], [ -1656483.297557500889525, 2888764.824317223858088 ] ] ] } },
{ "type": "Feature", "properties": { "csa_geoid": "394", "csa_name": "Mount Pleasant-Alma, MI CSA" }, "geometry": { "type": "Polygon", "coordinates": [ [ [ 872438.480909095611423, 2363677.092517483048141 ], [ 877186.041490203468129, 2325191.215915509033948 ], [ 896309.125902574975044, 2327418.077250011730939 ], [ 898614.130041785654612, 2308137.773843983653933 ], [ 899437.930824271054007, 2308231.472843342926353 ], [ 901579.651368706603535, 2288991.26782171940431 ], [ 911838.586815082817338, 2290119.47192819789052 ], [ 939295.308789937989786, 2293434.19634770648554 ], [ 939141.461938845575787, 2294597.971492456272244 ], [ 934380.456357092596591, 2331991.038051685784012 ], [ 915379.221491387230344, 2329673.838250561151654 ], [ 913199.470366250840016, 2347393.352357634343207 ], [ 910836.467664160416462, 2368393.793198194820434 ], [ 881968.519696813542396, 2364792.528540194965899 ], [ 872438.480909095611423, 2363677.092517483048141 ] ] ] } },
{ "type": "Feature", "properties": { "csa_geoid": "396", "csa_name": "Myrtle Beach-Conway, SC CSA" }, "geometry": { "type": "Polygon", "coordinates": [ [ [ 1538137.116215454414487, 1385794.818973408313468 ], [ 1535302.660017389804125, 1382310.523656258825213 ], [ 1533790.764604539610445, 1378283.472130091395229 ], [ 1534008.283297680085525, 1375792.173746626358479 ], [ 1531777.254915318451822, 1373089.241722822887823 ], [ 1531445.304578482871875, 1371239.645722991088405 ], [ 1529728.119072255911306, 1370327.844857896445319 ], [ 1528736.994288987712935, 1367220.041165509494022 ], [ 1529312.069318808848038, 1365321.026035856688395 ], [ 1526149.301911834394559, 1359920.048918123356998 ], [ 1527015.950672368984669, 1356295.075503238011152 ], [ 1523859.470264208037406, 1353007.111987579846755 ], [ 1522577.657767097232863, 1352683.528821177547798 ], [ 1522493.383561237948015, 1349593.53254829463549 ], [ 1520585.540223845280707, 1348105.320109696825966 ], [ 1520486.736670525511727, 1345306.817087878240272 ], [ 1523459.503361754352227, 1342848.594129013130441 ], [ 1523900.091718017822132, 1339980.356689460109919 ], [ 1528810.156900468515232, 1337928.740633875597268 ], [ 1529817.119109539547935, 1335961.164324592333287 ], [ 1529744.861791184172034, 1332427.154189686989412 ], [ 1530895.429103813832626, 1331921.056899191113189 ], [ 1530629.508028058800846, 1329444.122598967282102 ], [ 1532328.865824973443523, 1326292.28877751971595 ], [ 1534587.415736191207543, 1323702.436338466592133 ], [ 1538616.060879302909598, 1320237.073673193575814 ], [ 1537992.092430803924799, 1318070.37096717604436 ], [ 1534228.818599704420194, 1316523.386605911888182 ], [ 1531366.09964947309345, 1317546.280157581437379 ], [ 1529476.060995706357062, 1319494.343438492156565 ], [ 1528971.128112146165222, 1321808.60729913553223 ], [ 1526175.736885966733098, 1324683.728709544287995 ], [ 1524836.825333828339353, 1324125.917040505213663 ], [ 1522028.650253360159695, 1317696.773929343558848 ], [ 1520672.35235891235061, 1316028.656630173092708 ], [ 1519543.255717722931877, 1313077.238567735534161 ], [ 1519422.938821853836998, 1308692.384086167672649 ], [ 1518379.388195046456531, 1302441.965286046732217 ], [ 1519431.376341230235994, 1299967.484879274386913 ], [ 1515813.73407508735545, 1295278.517327922629192 ], [ 1515239.823275748640299, 1293361.644303630106151 ], [ 1511607.192288444377482, 1290019.8421324652154 ], [ 1507901.043045808328316, 1283323.412731854012236 ], [ 1507787.566937961615622, 1280810.64989917492494 ], [ 1505703.450523524312302, 1276839.683663527714089 ], [ 1505236.045148705597967, 1274766.714385880157351 ], [ 1502011.150185545207933, 1270196.390057937707752 ], [ 1502007.13903586869128, 1268251.289424478076398 ], [ 1503929.294261012459174, 1266173.105882663046941 ], [ 1507064.152470260625705, 1266106.635591462487355 ], [ 1510556.513210977660492, 1265169.27122419863008 ], [ 1513722.086549400817603, 1264954.828056433936581 ], [ 1516609.119319151388481, 1262862.818850478623062 ], [ 1520648.635442365892231, 1262031.343267562100664 ], [ 1521492.754779510200024, 1263300.179899352835491 ], [ 1525371.638190368423238, 1260293.844885343685746 ], [ 1528629.962253469275311, 1259238.970885389018804 ], [ 1529865.812760575907305, 1257730.060144220013171 ], [ 1535427.819618690060452, 1255256.09303331701085 ], [ 1536863.141997061436996, 1255793.262294554151595 ], [ 1538722.900177917908877, 1254982.619962817756459 ], [ 1540882.044208603678271, 1255461.608252096455544 ], [ 1545375.557097465964034, 1253930.404972227755934 ], [ 1546981.255800012499094, 1256913.279788985382766 ], [ 1549256.259518825914711, 1259587.017887918744236 ], [ 1550157.717329962411895, 1264428.748855285812169 ], [ 1548891.059752658009529, 1269088.112001662375405 ], [ 1548983.087854324607179, 1277842.341239717788994 ], [ 1549437.493147665634751, 1283262.815359231550246 ], [ 1551159.022376313107088, 1290480.517868476454169 ], [ 1553075.704477883409709, 1295877.580885790288448 ], [ 1557030.323729864088818, 1302072.677802274236456 ], [ 1558444.470681355101988, 1306253.433003060752526 ], [ 1563232.992474616738036, 1315458.503588168183342 ], [ 1568478.250429504085332, 1323566.931059559807181 ], [ 1573845.186594383092597, 1330456.559050910407677 ], [ 1578535.343715763418004, 1335243.964776998385787 ], [ 1584108.406061550835148, 1339654.636312360409647 ], [ 1590507.854752046288922, 1343564.683549074223265 ], [ 1593740.032866328954697, 1344815.96921705477871 ], [ 1594251.601220121840015, 1345742.298097320599481 ], [ 1538138.311252406332642, 1385793.954960924340412 ], [ 1538137.116215454414487, 1385794.818973408313468 ] ] ] } },
{ "type": "Feature", "properties": { "csa_geoid": "400", "csa_name": "Nashville-Davidson--Murfreesboro, TN CSA" }, "geometry": { "type": "Polygon", "coordinates": [ [ [ 816848.924708069185726, 1551147.779060374479741 ], [ 785908.348453430575319, 1547458.056937023298815 ], [ 785337.154850735445507, 1539513.581763836788014 ], [ 784501.971558958641253, 1537480.534077811986208 ], [ 786884.265602145926096, 1535937.56577788782306 ], [ 786584.411443262710236, 1527216.684975446900353 ], [ 784854.376092606107704, 1525143.670990946469828 ], [ 785085.026399765396491, 1521979.359978812979534 ], [ 783172.268959454377182, 1523035.303457093890756 ], [ 782674.491661778534763, 1520625.905406052945182 ], [ 780325.240435233688913, 1520729.295865193707868 ], [ 779629.833740282105282, 1519143.647197475889698 ], [ 776724.301052114344202, 1516846.734753934899345 ], [ 775780.013081423123367, 1514104.254878899781033 ], [ 774215.666854380629957, 1513789.207248785998672 ], [ 774066.392657336662523, 1510304.185779843013734 ], [ 770521.873277606908232, 1509303.840448404895142 ], [ 753824.634290856076404, 1509904.74499474116601 ], [ 753735.868763366481289, 1500510.231200612615794 ], [ 753349.239089681999758, 1498354.104823932051659 ], [ 750662.705664066364989, 1491984.368651171214879 ], [ 752394.800803340855055, 1487602.50489689479582 ], [ 753473.513395093963481, 1482823.896101932739839 ], [ 753388.694443144253455, 1478948.391310019884259 ], [ 753877.074183590477332, 1477517.403977884212509 ], [ 753552.518347267527133, 1474044.293660509167239 ], [ 754530.369644089485519, 1473112.335548505885527 ], [ 755963.773898666375317, 1469721.90972124109976 ], [ 753348.322530929115601, 1466408.876965381437913 ], [ 751039.745560574228875, 1466779.828132541617379 ], [ 748911.615481242537498, 1466209.341467953752726 ], [ 746197.507751316064969, 1462811.046360515756533 ], [ 742854.04453074443154, 1461864.278069054009393 ], [ 740872.918418387300335, 1460545.084800738841295 ], [ 740305.627377249649726, 1440306.947785551426932 ], [ 741899.819131700205617, 1438629.53486659238115 ], [ 740102.604756022919901, 1437601.272606374695897 ], [ 739944.873370162560605, 1433273.28073671925813 ], [ 743317.109768436523154, 1431477.503941972507164 ], [ 747835.098148681572638, 1428327.007630744716153 ], [ 749138.894325348897837, 1427998.909071907633916 ], [ 751587.376439308281988, 1430147.51523475209251 ], [ 752639.270760416402481, 1432002.641516075702384 ], [ 755738.835277956677601, 1433299.538233924424276 ], [ 757651.005963773117401, 1431042.33280337206088 ], [ 761392.000747275189497, 1431170.561049653682858 ], [ 765835.377749105216935, 1430079.498743939213455 ], [ 769392.656353414058685, 1431496.319579525617883 ], [ 774524.115509325521998, 1435857.041940058814362 ], [ 776860.174735126201995, 1435709.195425660349429 ], [ 776976.85690437478479, 1433288.353363186586648 ], [ 775348.273409384069964, 1431253.91419609519653 ], [ 775739.461134839104488, 1427548.84763623168692 ], [ 777108.152804653858766, 1426339.403887757100165 ], [ 779260.898052110220306, 1425957.163106133230031 ], [ 779195.929704201873392, 1423872.363204997265711 ], [ 781699.31749844213482, 1423980.788590809563175 ], [ 782652.744454069295898, 1421013.842266432009637 ], [ 782805.307006815564819, 1418330.450069942744449 ], [ 783714.587934025214054, 1416902.099599617533386 ], [ 783366.545424056355841, 1414088.299609553534538 ], [ 782340.351020699832588, 1412422.310024873586372 ], [ 779418.958894588868134, 1413473.927015725988895 ], [ 768410.373641022481024, 1412634.090785555541515 ], [ 768754.738162060966715, 1408481.902201976859942 ], [ 763363.463038354529999, 1407329.332653709920123 ], [ 762884.001869111787528, 1405433.198429712792858 ], [ 757629.169197139912285, 1404994.395087120356038 ], [ 758638.799640816752799, 1390554.301584907574579 ], [ 759777.885159469442442, 1378326.017769728088751 ], [ 758810.593450208427384, 1376370.304712555604056 ], [ 759783.497420732514001, 1366983.870890189893544 ], [ 760934.319720527622849, 1364439.426302695414051 ], [ 758483.627698136493564, 1364333.807563318638131 ], [ 758761.516255326918326, 1360738.959067109040916 ], [ 774778.024591966765001, 1362077.234166431240737 ], [ 793252.240824996843003, 1363378.396205327939242 ], [ 792691.281999749480747, 1368627.500318847829476 ], [ 792879.054991166456603, 1377276.031426074914634 ], [ 793390.047056006500497, 1380586.08403439889662 ], [ 791681.107352065388113, 1382785.317551198881119 ], [ 791869.496327820117585, 1385648.483626380329952 ], [ 791344.117678899783641, 1390916.82187798153609 ], [ 790090.38985949230846, 1407220.740529023110867 ], [ 790340.913512516650371, 1411871.779604827286676 ], [ 793961.855287289945409, 1412626.302759392186999 ], [ 797786.275000365800224, 1415090.182802409632131 ], [ 800343.154730915557593, 1413766.872051188722253 ], [ 803569.545221599983051, 1412901.363345886114985 ], [ 806165.210532027413137, 1413241.918046433012933 ], [ 807461.488574770046398, 1411534.332598851528019 ], [ 812878.4051791500533, 1412449.208610232453793 ], [ 815837.958714804961346, 1410820.703342258464545 ], [ 816876.575246081803925, 1405265.122371047502384 ], [ 818630.734804681153037, 1403780.13586735073477 ], [ 818866.495135127450339, 1401419.253959850873798 ], [ 822407.773625254747458, 1400478.255822191014886 ], [ 823092.867798697436228, 1401740.699956241296604 ], [ 825726.736196717130952, 1399505.772774943616241 ], [ 826064.87916611530818, 1396199.184379570186138 ], [ 833490.897220394690521, 1395707.061078862985596 ], [ 837417.99363799369894, 1400859.460013465257362 ], [ 842568.232098696636967, 1404254.7215505852364 ], [ 845626.562629425898194, 1405238.786479081958532 ], [ 845488.42246432963293, 1409491.941053358605132 ], [ 846926.768274695845321, 1410294.37135951872915 ], [ 850536.499971235403791, 1409789.268485725158826 ], [ 851194.758695460157469, 1406740.327245655003935 ], [ 852584.494366911938414, 1404185.603609667625278 ], [ 858687.887270839535631, 1402692.519198399037123 ], [ 861065.418663578457199, 1400934.894019627943635 ], [ 863282.089145258301869, 1397822.678969118511304 ], [ 865532.529935536556877, 1396929.331222218926996 ], [ 868127.0967361809453, 1390860.108855175087228 ], [ 868640.970146041247062, 1386068.751007137587294 ], [ 873411.73185611073859, 1385539.014310403494164 ], [ 874904.122903645969927, 1370413.051996467635036 ], [ 875578.953293802216649, 1370476.553168805781752 ], [ 915069.497308264952153, 1374309.027874204795808 ], [ 914221.767353125382215, 1382297.732430027797818 ], [ 914978.958520075422712, 1382310.342786622932181 ], [ 912897.779132264782675, 1400258.768522788304836 ], [ 912334.889163362444378, 1400489.698838525917381 ], [ 907851.687154807616025, 1407384.422346504870802 ], [ 908143.806228177971207, 1412057.799347007181495 ], [ 910058.229021405568346, 1414329.86439309688285 ], [ 910720.768273063818924, 1417961.192302465904504 ], [ 909227.866397159988992, 1419213.57596652279608 ], [ 908198.070789857185446, 1424841.66389443888329 ], [ 907981.593092046445236, 1429944.03460073005408 ], [ 908605.545197756029665, 1432020.647259004181251 ], [ 907668.902378989616409, 1435487.105889634694904 ], [ 905670.516429090755992, 1435530.344180168583989 ], [ 902745.194658147986047, 1437664.022017598850653 ], [ 899944.741017201100476, 1443678.681628627236933 ], [ 897226.22046816861257, 1447456.346902085701004 ], [ 896083.719225355307572, 1452086.812250842340291 ], [ 896214.078778273891658, 1456282.701100546633825 ], [ 901502.761600284837186, 1466747.017994099762291 ], [ 903924.642576101585291, 1467909.937169617507607 ], [ 903763.048276728019118, 1469276.716899557504803 ], [ 901428.105130256619304, 1472368.586167003959417 ], [ 897876.848956867237575, 1475370.123956593684852 ], [ 893045.180845218128525, 1480086.921986468601972 ], [ 890883.251592050888576, 1481222.722129766829312 ], [ 889406.497394912294112, 1485289.74536948511377 ], [ 885425.157489837845787, 1493368.825491116615012 ], [ 885720.05502945149783, 1495250.45209313929081 ], [ 888265.660409200121649, 1494726.653413251042366 ], [ 889595.36801971832756, 1495602.038503951393068 ], [ 891955.802735796198249, 1495528.498125276295468 ], [ 893310.7324206053745, 1497021.739404333289713 ], [ 896500.86246915452648, 1498427.198465371271595 ], [ 899882.921183681464754, 1498383.08688005246222 ], [ 902616.850876582786441, 1497412.539428583113477 ], [ 904315.951421884004958, 1500500.225093722110614 ], [ 907497.854619625606574, 1502484.415955863893032 ], [ 907085.512628405005671, 1510570.889865168370306 ], [ 908751.340353771811351, 1512422.622465572087094 ], [ 908414.58648466039449, 1514285.46082483115606 ], [ 906117.993971508811228, 1516027.016053816769272 ], [ 904381.424297182355076, 1515345.522110448218882 ], [ 901941.719643639400601, 1519239.027969139162451 ], [ 902462.303281786968, 1555952.312569945119321 ], [ 899214.230992922908626, 1556561.137094437144697 ], [ 886736.914090679609217, 1555959.803544067777693 ], [ 866816.273210973944515, 1555095.253951146034524 ], [ 854770.658255586982705, 1554917.344421078683808 ], [ 839332.493280970142223, 1553768.753750577801839 ], [ 834575.042699446436018, 1551157.291233714902773 ], [ 832093.262142165564001, 1553051.036887409165502 ], [ 816848.924708069185726, 1551147.779060374479741 ] ] ] } },
{ "type": "Feature", "properties": { "csa_geoid": "404", "csa_name": "New Bern-Morehead City, NC CSA" }, "geometry": { "type": "MultiPolygon", "coordinates": [ [ [ [ 1771316.747612172039226, 1493451.627416019095108 ], [ 1777660.700419189408422, 1501937.900832076091319 ], [ 1781594.713977646781132, 1508276.99384094029665 ], [ 1789539.807507110061124, 1519467.391904656309634 ], [ 1792359.108353133080527, 1522124.723496212624013 ], [ 1790568.541940041584894, 1523390.111223975894973 ], [ 1788660.406319913221523, 1522814.781369385542348 ], [ 1788092.612986935535446, 1519862.952472657896578 ], [ 1786411.471977807115763, 1516932.212344843661413 ], [ 1784738.033686158014461, 1515161.016259331954643 ], [ 1780614.538640194572508, 1508417.197490491904318 ], [ 1778628.926425477256998, 1504192.348138271830976 ], [ 1771316.747612172039226, 1493451.627416019095108 ] ] ], [ [ [ 1756519.833013033960015, 1464570.317502845544368 ], [ 1758874.164635297376662, 1461868.175274063134566 ], [ 1759298.006365024019033, 1464718.267047670204192 ], [ 1761280.000185822835192, 1471447.894690975546837 ], [ 1764609.457300192909315, 1479349.118559754220769 ], [ 1765759.206735336687416, 1483133.175542272161692 ], [ 1763587.352047765394673, 1481920.759831160772592 ], [ 1763991.022557155229151, 1479184.223201361019164 ], [ 1761620.201824347022921, 1476127.301274342928082 ], [ 1760521.687599134631455, 1470807.672939473064616 ], [ 1758731.363280083984137, 1464001.724528829567134 ], [ 1756519.833013033960015, 1464570.317502845544368 ] ] ], [ [ [ 1707459.336593839572743, 1457527.298575500492007 ], [ 1708000.068207843229175, 1457510.686097183031961 ], [ 1714565.73607516544871, 1461148.362151810899377 ], [ 1724655.455297925509512, 1465449.227901868289337 ], [ 1731645.566699422430247, 1467974.598758853040636 ], [ 1737972.465136416489258, 1469673.423659150023013 ], [ 1742478.467259092722088, 1470152.212404477177188 ], [ 1741787.209178177174181, 1472009.221607497194782 ], [ 1739028.067359822103754, 1470245.497523507103324 ], [ 1730327.784969638101757, 1468764.916526100831106 ], [ 1729030.369186001364142, 1467562.737280656350777 ], [ 1724350.698922292329371, 1466036.74137343512848 ], [ 1723578.680657001910731, 1465281.585787902353331 ], [ 1715468.386121699586511, 1462144.051297937519848 ], [ 1714285.508201130200177, 1462368.357646024087444 ], [ 1708163.321973155019805, 1458847.032604506472126 ], [ 1707459.336593839572743, 1457527.298575500492007 ] ] ], [ [ [ 1735264.379626472247764, 1541976.412661156849936 ], [ 1735387.957427881890908, 1537961.428220378700644 ], [ 1736449.380550338421017, 1535801.205842851893976 ], [ 1735646.373710689367726, 1530607.255579454824328 ], [ 1717275.009225235786289, 1524633.358297993894666 ], [ 1705342.921359971631318, 1531896.644816163694486 ], [ 1682404.251714086160064, 1540672.392051498638466 ], [ 1681872.574888211442158, 1538469.067174931056798 ], [ 1679455.686624151421711, 1537967.840830255299807 ], [ 1678755.803683270467445, 1535717.93988329381682 ], [ 1679312.918943195603788, 1533594.468588672112674 ], [ 1677688.175578305497766, 1532109.669800296425819 ], [ 1676405.257638704497367, 1533854.772327439393848 ], [ 1673973.962581317638978, 1534509.099314920604229 ], [ 1670130.155913979047909, 1527957.173773699440062 ], [ 1666295.118652488803491, 1528462.428112958790734 ], [ 1662945.170314149931073, 1526686.002917270176113 ], [ 1662693.777174561284482, 1523635.136479396373034 ], [ 1663531.662649843841791, 1520778.873103893361986 ], [ 1664865.290151495486498, 1519375.794108632020652 ], [ 1664564.49761586706154, 1517924.650941227562726 ], [ 1661993.401797438506037, 1516158.891997798345983 ], [ 1661383.858716712100431, 1514878.383145682513714 ], [ 1656344.710723827593029, 1515483.604104206897318 ], [ 1659609.215390655910596, 1508121.201874736696482 ], [ 1653479.20372207975015, 1495347.270086324308068 ], [ 1643315.398094264324754, 1486153.239715323084965 ], [ 1649043.906983732711524, 1483367.187507594004273 ], [ 1652001.847796441288665, 1485149.162745589623228 ], [ 1664424.664774331264198, 1485897.178584789158776 ], [ 1677832.527102210791782, 1481596.468927958514541 ], [ 1677650.059049597941339, 1483259.743479660479352 ], [ 1680296.52170845749788, 1485565.378467358183116 ], [ 1682478.42972094588913, 1485781.656513615511358 ], [ 1686291.334276944631711, 1485207.532339184777811 ], [ 1688308.446482406230643, 1482887.18512620893307 ], [ 1690873.775535877794027, 1481764.628175921505317 ], [ 1692870.908574476838112, 1478229.415708130225539 ], [ 1694936.448559034382924, 1476259.668701559538022 ], [ 1695209.362327300710604, 1473736.951750794192776 ], [ 1697532.270406018244103, 1471753.525479918112978 ], [ 1702727.50826520472765, 1468975.521678859367967 ], [ 1703511.894022795371711, 1466526.12912563350983 ], [ 1705289.867588003631681, 1464692.694819988450035 ], [ 1705339.85595954884775, 1461360.265255005797371 ], [ 1707396.350711058592424, 1460624.157914972864091 ], [ 1711115.754830279154703, 1462630.005677439970896 ], [ 1712187.953848264412954, 1462664.539168966002762 ], [ 1717795.316647590370849, 1466588.229260520311072 ], [ 1724106.11249265843071, 1470003.048189165536314 ], [ 1728474.715295522706583, 1471340.45184259605594 ], [ 1738229.349518079543486, 1472404.514632399892434 ], [ 1748847.327079202048481, 1472655.900023410096765 ], [ 1747823.611759385094047, 1474176.113171626580879 ], [ 1747882.689750122372061, 1478047.973252802854404 ], [ 1747137.543943839846179, 1481863.566765449708328 ], [ 1748234.117925386410207, 1482313.429859293624759 ], [ 1751971.79966128570959, 1477355.438772088848054 ], [ 1752337.473778230370954, 1475378.37584230909124 ], [ 1754252.763582735089585, 1476244.221152576850727 ], [ 1757971.086274990811944, 1476391.835698368493468 ], [ 1758972.243875867919996, 1477939.248111200984567 ], [ 1757070.143533224007115, 1480087.308460006956011 ], [ 1760376.676976691232994, 1482496.399204694898799 ], [ 1761421.74450239399448, 1487127.799074030015618 ], [ 1762717.67753625405021, 1489784.203635728685185 ], [ 1764351.319512542104349, 1490504.676885874243453 ], [ 1763871.298345679184422, 1493748.238149428740144 ], [ 1766442.424288250505924, 1493773.559201762080193 ], [ 1767313.411404531216249, 1495774.511749836849049 ], [ 1769209.350200045388192, 1496226.013363177189603 ], [ 1771352.280461167683825, 1500444.768667647615075 ], [ 1769257.317575394175947, 1500403.368103245506063 ], [ 1768357.055499714566395, 1502910.058742099441588 ], [ 1770932.903736568056047, 1502693.561621146975085 ], [ 1773609.532493204111233, 1504927.372950168326497 ], [ 1773312.429302441189066, 1507069.958439607406035 ], [ 1770139.634879006072879, 1509920.506956743309274 ], [ 1771585.565307024400681, 1510781.235558828804642 ], [ 1774344.490406171884388, 1508957.594547398155555 ], [ 1774918.609547680709511, 1511982.362929675495252 ], [ 1770782.208000574028119, 1512136.179013470886275 ], [ 1763922.797624744009227, 1513778.463047930505127 ], [ 1766931.025352224940434, 1509914.275692746741697 ], [ 1769180.405183504102752, 1507893.198306110687554 ], [ 1764014.255848720436916, 1506208.452068606158718 ], [ 1760689.125327547546476, 1503286.320273487595841 ], [ 1759296.178070337511599, 1508794.116256446111947 ], [ 1757669.234274416929111, 1509956.229197853710502 ], [ 1758241.90683643030934, 1511633.179451225558296 ], [ 1757091.740531189367175, 1514789.181530310772359 ], [ 1754216.733321756590158, 1516300.423932386096567 ], [ 1753055.747508766595274, 1511965.422085085883737 ], [ 1752761.954356588423252, 1508199.038644351065159 ], [ 1747028.343243846204132, 1505883.127370156813413 ], [ 1746304.806386281270534, 1503208.687228292925283 ], [ 1741365.192985530942678, 1503610.405180716887116 ], [ 1739167.12475658301264, 1502444.444680694490671 ], [ 1738013.479248107410967, 1499514.328370540868491 ], [ 1735357.106041369959712, 1498432.939780658110976 ], [ 1734263.022541544400156, 1495203.574324391083792 ], [ 1731497.322697230847552, 1493255.331841694423929 ], [ 1726499.697155066300184, 1494901.441657876595855 ], [ 1723316.552295292494819, 1493916.795758603373542 ], [ 1721249.490250580012798, 1494785.035238419193774 ], [ 1714689.503733270335943, 1496362.19619282358326 ], [ 1709965.247100454056635, 1499515.406900760019198 ], [ 1708370.44964592019096, 1503146.579703356605023 ], [ 1705577.874839682830498, 1505357.948498390382156 ], [ 1702844.084638596978039, 1508357.393191987415776 ], [ 1702853.789213883923367, 1509723.942101908614859 ], [ 1700896.768160002073273, 1511160.048197978874668 ], [ 1702746.332944934489205, 1512199.688760034507141 ], [ 1706883.397534128045663, 1506599.556003807811067 ], [ 1709566.397091910010204, 1504833.764886966906488 ], [ 1711297.794086382491514, 1505274.145597138209268 ], [ 1713641.934844967210665, 1503995.60418268549256 ], [ 1714410.561449906555936, 1502711.684139957185835 ], [ 1716607.441570499446243, 1502688.169711113907397 ], [ 1724964.878878901014104, 1498213.506707998691127 ], [ 1726746.332210672786459, 1498311.299642883008346 ], [ 1729209.024739380460232, 1499740.169818310299888 ], [ 1730070.146352962357923, 1501706.303769236430526 ], [ 1733865.549031388247386, 1503865.354094682727009 ], [ 1734346.906926043098792, 1505615.332880953559652 ], [ 1736570.011364964302629, 1507334.71700996439904 ], [ 1739826.29103898210451, 1511587.006037894170731 ], [ 1742423.511145245516673, 1513569.150229514110833 ], [ 1742682.323439460014924, 1516134.162879074923694 ], [ 1744329.134363575140014, 1516764.353158973390236 ], [ 1745682.608591539785266, 1522399.472632607677951 ], [ 1741686.441698311362416, 1524857.208008809015155 ], [ 1741543.422825052635744, 1522584.816128868609667 ], [ 1738952.783929716330022, 1523025.55706638423726 ], [ 1739265.94958779681474, 1527019.755746609997004 ], [ 1741539.951153797795996, 1527890.359198552556336 ], [ 1746151.044122499646619, 1527004.955935926176608 ], [ 1746467.353570425650105, 1529068.767861715285107 ], [ 1742449.260153191629797, 1531851.695605981629342 ], [ 1748453.298020981252193, 1531597.652025151997805 ], [ 1746935.513541766209528, 1533560.597142295446247 ], [ 1748489.267038537189364, 1534926.82992763700895 ], [ 1748136.819271203130484, 1538203.463533434085548 ], [ 1745850.185210574418306, 1540788.735576546983793 ], [ 1746971.05874397023581, 1541908.09074717364274 ], [ 1741355.944320783484727, 1542181.28989728842862 ], [ 1735264.379626472247764, 1541976.412661156849936 ] ] ] ] } },
{ "type": "Feature", "properties": { "csa_geoid": "405", "csa_name": "New Haven-Hartford-Waterbury, CT CSA" }, "geometry": { "type": "Polygon", "coordinates": [ [ [ 1833457.48725817608647, 2334652.655508589930832 ], [ 1834574.13560306886211, 2329220.840365769341588 ], [ 1841026.387526459991932, 2292410.141808319836855 ], [ 1851524.336479868041351, 2296859.294482552912086 ], [ 1852509.277904207119718, 2294295.166197337210178 ], [ 1854347.01959758810699, 2293306.093349337112159 ], [ 1858358.611846745247021, 2283115.350304154213518 ], [ 1861270.663587826304138, 2276252.126840643119067 ], [ 1864854.883226528065279, 2272921.761020075529814 ], [ 1866372.634173763915896, 2273785.852947164792567 ], [ 1867633.50169301009737, 2272121.751094769220799 ], [ 1868975.121861574007198, 2273067.028294066898525 ], [ 1871439.785225418396294, 2272421.809866175521165 ], [ 1876266.222777442308143, 2268362.514449323527515 ], [ 1877764.077891382388771, 2267934.307694782968611 ], [ 1877212.483147013699636, 2263291.89131537405774 ], [ 1875971.598560316488147, 2258582.692714411299676 ], [ 1879309.055989946471527, 2255855.120457177050412 ], [ 1882012.21382935042493, 2255198.232115159276873 ], [ 1884581.725204859161749, 2257145.668827058747411 ], [ 1886694.64744663448073, 2256052.657955359201878 ], [ 1885494.327943733194843, 2252852.564339484088123 ], [ 1886226.510084208799526, 2250115.919480534736067 ], [ 1885725.776646383106709, 2247548.986716769170016 ], [ 1887271.091489229584113, 2246297.754397456534207 ], [ 1888321.96345941000618, 2248705.833954700734466 ], [ 1890867.413694886025041, 2252027.945983747020364 ], [ 1893860.604791521094739, 2252068.752384011633694 ], [ 1894346.782133331056684, 2254266.176258443854749 ], [ 1896423.214793388033286, 2256441.687337898183614 ], [ 1896831.795253212098032, 2258245.872321014758199 ], [ 1899048.83828956191428, 2260032.052879824768752 ], [ 1898667.822376307100058, 2262042.337240203749388 ], [ 1900033.494214629521593, 2264143.30607453128323 ], [ 1902285.337712907698005, 2258832.589403992518783 ], [ 1903571.697470609564334, 2258894.745466205757111 ], [ 1910594.223247880116105, 2263118.776634646579623 ], [ 1913397.862673555966467, 2263941.20183059386909 ], [ 1914842.592789453221485, 2263345.764452656265348 ], [ 1919015.69778819475323, 2264468.453115097712725 ], [ 1924105.121706239646301, 2267356.999563368037343 ], [ 1927928.107913553947583, 2267867.897339471615851 ], [ 1930650.799176108790562, 2266314.574745571240783 ], [ 1931130.345364408800378, 2268050.104838927276433 ], [ 1933145.751763230888173, 2267856.785059266258031 ], [ 1934738.982596990885213, 2269906.428350496571511 ], [ 1937240.572770841652527, 2271463.037757262121886 ], [ 1939447.231714260065928, 2271472.283759843092412 ], [ 1941549.556773248827085, 2272472.099960935302079 ], [ 1942971.879163624485955, 2270941.793577001430094 ], [ 1946324.431047514779493, 2272607.2808149731718 ], [ 1948079.681980060879141, 2274085.942444927990437 ], [ 1952469.734770772978663, 2275798.802217634394765 ], [ 1954047.516269389074296, 2278270.093137428164482 ], [ 1957005.150579089997336, 2277453.7103604641743 ], [ 1956337.912778865545988, 2280284.414602573029697 ], [ 1958123.892352043185383, 2281816.097223412711173 ], [ 1962258.640534928068519, 2280206.485427124425769 ], [ 1964069.879705913132057, 2280636.708872350864112 ], [ 1965048.563074194826186, 2282629.438104270491749 ], [ 1968556.214961393037811, 2284105.432955590542406 ], [ 1971973.977271305164322, 2283588.168172957375646 ], [ 1973856.671459015691653, 2286727.847500304691494 ], [ 1975461.048066253075376, 2286165.180170454084873 ], [ 1976355.223061847267672, 2288276.878755081444979 ], [ 1978597.625039205653593, 2287715.721452008001506 ], [ 1981882.307687153108418, 2289503.506847071927041 ], [ 1983693.29920120513998, 2288148.891563523095101 ], [ 1985571.725170056102797, 2291200.437997548375279 ], [ 1984258.765479824040085, 2293529.260777775198221 ], [ 1984048.854734917636961, 2295979.454266453627497 ], [ 1982654.41126170498319, 2297776.769795411266387 ], [ 1984130.850630439585075, 2299727.878082049079239 ], [ 1986024.257582238409668, 2299911.381127848289907 ], [ 1980132.702704473631456, 2326050.577125509735197 ], [ 1968680.729314212454483, 2365565.506141083780676 ], [ 1947648.87888518278487, 2360558.668660884257406 ], [ 1941816.287201567552984, 2359394.80052299099043 ], [ 1910432.527922640088946, 2351880.353743290528655 ], [ 1906949.848830637289211, 2350523.958909661974758 ], [ 1896983.377409375505522, 2348789.517535176128149 ], [ 1892710.007252214709297, 2346961.24369755294174 ], [ 1892249.620757716940716, 2343710.447018971666694 ], [ 1888404.271509590093046, 2342129.712184083648026 ], [ 1887608.608069475041702, 2346415.686305508483201 ], [ 1868383.5636190706864, 2342043.620850138366222 ], [ 1837787.573213741648942, 2335808.573389342054725 ], [ 1833457.48725817608647, 2334652.655508589930832 ] ] ] } },
{ "type": "Feature", "properties": { "csa_geoid": "406", "csa_name": "New Orleans-Metairie-Slidell, LA-MS CSA" }, "geometry": { "type": "MultiPolygon", "coordinates": [ [ [ [ 578991.436435364303179, 715572.924922162899747 ], [ 584198.920144697884098, 714833.693862274289131 ], [ 584668.363648683414795, 716186.020926937926561 ], [ 582554.332468883367255, 717972.572504770709202 ], [ 580895.350997510598972, 716039.390356303192675 ], [ 578991.436435364303179, 715572.924922162899747 ] ] ], [ [ [ 579308.918014564318582, 698874.461217706673779 ], [ 581350.812153841019608, 700798.937797744874842 ], [ 587445.055403919424862, 705212.34260256390553 ], [ 587690.909171460545622, 706766.31559194100555 ], [ 584550.033636329811998, 706008.568869449314661 ], [ 583110.254984651459381, 704421.363719573593698 ], [ 579308.918014564318582, 698874.461217706673779 ] ] ], [ [ [ 574853.229461503098719, 696444.715065963333473 ], [ 575310.947945551131852, 695597.535630347556435 ], [ 578933.078495008870959, 697660.942273675580509 ], [ 577335.99222661415115, 699337.274179913219996 ], [ 574853.229461503098719, 696444.715065963333473 ] ] ], [ [ [ 685021.842005865531974, 800947.070676163770258 ], [ 688531.931804964551702, 796773.618155871634372 ], [ 690096.998359447345138, 792530.224854806438088 ], [ 690160.345571993733756, 789279.032190353376791 ], [ 691240.712034014170058, 786672.246548338676803 ], [ 691306.784404695848934, 782017.769595530815423 ], [ 690611.43126719945576, 776082.451004415750504 ], [ 691619.30631900310982, 775947.413334910525009 ], [ 692477.198478551814333, 783248.942734538693912 ], [ 692207.657894423347898, 788251.239083610940725 ], [ 690060.815307818818837, 795274.322159717557952 ], [ 687663.349086911417544, 799054.645923077478074 ], [ 685021.842005865531974, 800947.070676163770258 ] ] ], [ [ [ 640961.505368094774894, 797717.254003501380794 ], [ 644101.61479824304115, 796473.159995442489162 ], [ 647297.430209024110809, 796401.611130546312779 ], [ 649236.940066353650764, 799148.756869425182231 ], [ 650689.889903237344697, 798405.341425913851708 ], [ 650926.78987229638733, 796258.924545560497791 ], [ 653372.954147206386551, 795750.894972371403128 ], [ 656125.166912825428881, 796550.811794017092325 ], [ 657055.384046184713952, 797796.241028127493337 ], [ 656587.572625316330232, 799697.371111219516024 ], [ 652278.866237806971185, 800578.769191027269699 ], [ 651268.667983826482669, 803562.358050661510788 ], [ 651235.432275182567537, 805877.522463398170657 ], [ 653676.611275244271383, 808786.921353827230632 ], [ 644223.174145189346746, 802245.97581240918953 ], [ 642918.660786738852039, 799213.342596853733994 ], [ 640961.505368094774894, 797717.254003501380794 ] ] ], [ [ [ 493252.66940320469439, 772147.672220797510818 ], [ 502905.165245900221635, 772921.294950795476325 ], [ 502786.754186470294371, 774482.54675865790341 ], [ 509531.618510498024989, 772078.139030876802281 ], [ 512120.144854518293869, 773126.506088810972869 ], [ 513088.777209280640818, 771819.847397030913271 ], [ 515458.686011107580271, 771581.582495735026896 ], [ 517449.241180840821471, 772313.570561020285822 ], [ 519708.071032684820239, 772028.119988347403705 ], [ 527096.176297169062309, 772445.76097338157706 ], [ 529162.002476600580849, 769638.522709750919603 ], [ 530784.245167883695103, 769769.393231210066006 ], [ 532726.032851572963409, 767917.141741231200285 ], [ 533345.286024644738063, 764123.871041410602629 ], [ 538008.781606777920388, 760337.79836481064558 ], [ 540441.503072043531574, 760231.992289574118331 ], [ 543708.187456269748509, 758768.735859729815274 ], [ 544933.295145361917093, 756376.620755659649149 ], [ 545018.557179235271178, 753310.514149402850308 ], [ 546631.258072647731751, 751616.967182163149118 ], [ 561230.832578526460566, 752187.471520832856186 ], [ 563674.118354240781628, 751561.514067572541535 ], [ 565301.188677668105811, 748762.48318273096811 ], [ 565131.134353464469314, 744215.567066246527247 ], [ 566128.563377688755281, 741086.636564946733415 ], [ 564886.744734015432186, 738720.089907345827669 ], [ 562964.441379855968989, 738167.633931638323702 ], [ 567203.411268789903261, 731508.584385022870265 ], [ 568260.031895143561997, 728922.539188942173496 ], [ 572465.24887130712159, 727435.093947427114472 ], [ 573859.196392418933101, 728020.981755706830882 ], [ 577014.888841232401319, 727033.425749895628542 ], [ 578219.66620387264993, 725010.12557736877352 ], [ 579914.156215141061693, 724241.358868850395083 ], [ 578931.410606401390396, 720272.791093725245446 ], [ 579303.649625714519061, 718267.633817856549285 ], [ 581393.612762552802451, 718865.100516644190066 ], [ 584278.241668942733668, 724427.949758105794899 ], [ 582551.969916239613667, 726870.016281643533148 ], [ 584695.631453203619458, 728407.950298651820049 ], [ 587050.29993569618091, 728075.228964834241197 ], [ 588198.881092193187214, 726010.959943525143899 ], [ 589587.338178803562187, 727065.222826639190316 ], [ 592354.917019348125905, 726880.912524260696955 ], [ 594861.464112169574946, 728146.011417834903114 ], [ 594878.568380557000637, 729847.97839653166011 ], [ 597422.554732681135647, 730519.547150427126326 ], [ 599506.100968205952086, 729034.807595233665779 ], [ 597688.828782620490529, 728020.039652333245613 ], [ 597112.30410459137056, 724587.5952505558962 ], [ 598851.42827110667713, 724024.466904278029688 ], [ 600066.942690678057261, 722381.050740496139042 ], [ 602291.599398824386299, 723722.061950887669809 ], [ 604663.430556272389367, 721491.726683101383969 ], [ 614190.640349090332165, 722214.298930631601252 ], [ 617269.920853649266064, 723202.247041932772845 ], [ 620105.261801928747445, 722311.788620879407972 ], [ 621629.632981156464666, 718918.004486326826736 ], [ 619006.873834173427895, 717660.01527134294156 ], [ 616503.830078900209628, 720827.816160601912998 ], [ 612578.464184106211178, 718633.613032923080027 ], [ 608969.213375443592668, 718288.664185714093037 ], [ 605754.075004228856415, 717216.057190556894056 ], [ 604933.319933405495249, 715620.644055711454712 ], [ 602917.943071587593295, 714591.249398801475763 ], [ 601676.734445844776928, 717293.846399455796927 ], [ 599354.850424153497443, 717332.249232331872918 ], [ 597938.565156880998984, 713219.990546620101668 ], [ 609341.659718961571343, 712323.932129907188937 ], [ 614726.162697859923355, 711016.173096636077389 ], [ 617830.336140329949558, 711390.59869005321525 ], [ 621372.586370376055129, 707533.618841753457673 ], [ 628235.300964600872248, 706062.418225763132796 ], [ 633612.772261601756327, 704080.952370549552143 ], [ 637356.379228413570672, 700629.616869758348912 ], [ 639536.927577187656425, 696651.410113341873512 ], [ 642390.683442713576369, 694543.097893052268773 ], [ 647112.215595791814849, 695530.093229747144505 ], [ 648782.853991373791359, 697761.954694193787873 ], [ 649664.088506476953626, 703699.639809105894528 ], [ 651969.275240944931284, 703562.788652901770547 ], [ 653967.158103543100879, 700893.139953717589378 ], [ 654040.500389412394725, 696911.345849596778862 ], [ 652408.831114785629325, 696358.018757265526801 ], [ 651951.934337076498196, 691323.236522239516489 ], [ 650669.424782734015025, 687773.906634678598493 ], [ 648402.846185411675833, 687637.68405799230095 ], [ 647795.699028855888173, 684452.642303530592471 ], [ 646188.253084923373535, 681139.90018543205224 ], [ 643560.508337036822923, 677763.373884078464471 ], [ 643328.203877393854782, 673294.986824611667544 ], [ 645775.205146415275522, 676219.309505812241696 ], [ 649728.022161404136568, 681750.839616358163767 ], [ 651412.099853449268267, 683414.938198105664924 ], [ 654254.168934775749221, 687566.123337441356853 ], [ 656534.983342483174056, 688286.566649270826019 ], [ 657081.654727783054113, 691080.012223609606735 ], [ 658092.277504363795742, 691296.381789597449824 ], [ 660167.721196182770655, 689235.420364043908194 ], [ 660891.935340171447024, 687178.922455695690587 ], [ 660773.530126175144687, 684609.963882158743218 ], [ 668393.98895030003041, 681728.76698925124947 ], [ 666623.666829906054772, 684946.288254275452346 ], [ 667502.425590629223734, 687143.042304438655265 ], [ 667363.242463193018921, 690463.638742603594437 ], [ 670295.752938131103292, 691021.886131667764857 ], [ 671201.56762607395649, 695814.806834922288544 ], [ 673684.756335299578495, 695188.650950078153983 ], [ 675013.438926303642802, 693210.365243363659829 ], [ 677284.081110140657984, 698345.476096278172918 ], [ 674781.018338501104154, 697977.716193906613626 ], [ 671670.434714508592151, 698304.062988079153001 ], [ 670069.292674318654463, 700538.798711987910792 ], [ 673050.275275558116846, 701977.276091309613548 ], [ 675868.969321840209886, 702130.676033203373663 ], [ 676148.74960236728657, 703701.844581629731692 ], [ 679006.257609097985551, 703012.925476298318245 ], [ 680111.204883840517141, 704196.142093581845984 ], [ 677952.758006825228222, 707244.668539013015106 ], [ 673744.708863390842453, 704539.907220416003838 ], [ 668739.45871997915674, 705120.434825592907146 ], [ 669300.559370871516876, 706336.125256783911027 ], [ 667762.227148718666285, 708367.086381483240984 ], [ 669000.922331429668702, 710783.404250372201204 ], [ 667484.406155983801, 712087.509427718818188 ], [ 666254.250605104491115, 714825.69010698935017 ], [ 663760.346945465425961, 715973.523147755535319 ], [ 661826.115223505999893, 719682.26740890822839 ], [ 660003.225266751716845, 720300.057879633153789 ], [ 656929.567943491856568, 715625.665716196759604 ], [ 655022.234406870324165, 717543.304732393473387 ], [ 653534.473862272920087, 720449.221661243354902 ], [ 649325.108021624735557, 722550.720537454239093 ], [ 648255.853812661021948, 720655.948981712805107 ], [ 646526.171241357340477, 720568.889433213160373 ], [ 644223.16045954672154, 723053.411707793129608 ], [ 641896.494863240746781, 723903.18439259158913 ], [ 636639.021528462646529, 723492.085706296260469 ], [ 633427.706283066072501, 724770.894770717248321 ], [ 629487.186867811833508, 722367.704783254768699 ], [ 626909.354639159864746, 722686.296703411731869 ], [ 626255.318562781438231, 724577.670368630439043 ], [ 627039.260342388297431, 726720.092569438158534 ], [ 626425.418973251595162, 728781.751942295697518 ], [ 622999.906900795642287, 732251.021929468144663 ], [ 623100.262329083168879, 734349.391484559047967 ], [ 619303.056709131225944, 733621.703820922528394 ], [ 616199.782775818253867, 734941.515035030664876 ], [ 612372.63595478667412, 738477.0446923392592 ], [ 611475.572079018224031, 741258.981443148455583 ], [ 613479.740850194473751, 741520.026555037475191 ], [ 615510.902176485396922, 742896.210780881461687 ], [ 614599.712147105834447, 744098.446455363417044 ], [ 612587.150479293544777, 744108.55638111254666 ], [ 611950.907305428409018, 748331.959406803944148 ], [ 615886.189194785663858, 750544.869377189315856 ], [ 617116.766719202627428, 749732.145917612477206 ], [ 619640.158475964330137, 750726.85738504328765 ], [ 622269.239229336264543, 752651.151458955020644 ], [ 625884.171955354395323, 752047.658563970820978 ], [ 626443.400013311766088, 757700.016121031716466 ], [ 625671.721257720841095, 760364.134279034449719 ], [ 629555.861822989187203, 759895.787506004795432 ], [ 631408.439815037650988, 757695.246471214923076 ], [ 631259.522478349274024, 754810.428844606969506 ], [ 631965.241455231443979, 752478.207347863586619 ], [ 634995.969058265909553, 753201.71784843923524 ], [ 633982.70682055701036, 754784.466218185261823 ], [ 635606.246431617764756, 757831.702461307286285 ], [ 634643.211233949754387, 762559.267410878208466 ], [ 637238.299372308654711, 765950.120907313539647 ], [ 637741.764306023367681, 768265.209693520329893 ], [ 643785.838898457703181, 767546.721255998243578 ], [ 646640.602478884742595, 765396.789542405051179 ], [ 647889.329870865331031, 766399.965646940632723 ], [ 647520.660082207876258, 769953.563007933669724 ], [ 645147.446142816217616, 768064.365222230553627 ], [ 643394.587376258801669, 768106.207944686058909 ], [ 641059.628149488708004, 770676.169209419167601 ], [ 638966.826368276961148, 771905.733178611379117 ], [ 638425.018962676869705, 773867.291194748599082 ], [ 642472.080646008951589, 775214.202029949519783 ], [ 643959.492852805531584, 772383.920445622061379 ], [ 644920.101263012969866, 775734.768678379012272 ], [ 646943.663874790654518, 777051.309817516827025 ], [ 648680.659296291531064, 775569.448855432099663 ], [ 649698.451245703035966, 777649.956606973777525 ], [ 651789.683916543493979, 779814.778183068847284 ], [ 647091.66055967239663, 778857.583058902644552 ], [ 644939.666113946586847, 778883.48444366408512 ], [ 644479.559761380427517, 781204.689280753955245 ], [ 647741.576211228850298, 784213.568721904070117 ], [ 651286.39133964094799, 784894.824472589185461 ], [ 652647.651901512872428, 788998.679510104935616 ], [ 650578.224340431625023, 789591.035005279467441 ], [ 650430.292432211223058, 791669.187698581372388 ], [ 647689.669553142273799, 791189.383399212150835 ], [ 644148.831877084681764, 783289.427796190488152 ], [ 642649.98668025014922, 781589.260780252865516 ], [ 639327.762565541430376, 779715.679117769235745 ], [ 637939.136746829957701, 785117.703266094555147 ], [ 636168.235425701597705, 786460.405547404894605 ], [ 633632.329371528001502, 787246.196347971213982 ], [ 632469.851293942192569, 790258.591000058455393 ], [ 630074.446418269071728, 790870.314602672937326 ], [ 631162.215086680953391, 793738.584373495308682 ], [ 633221.641010293504223, 793171.376997343497351 ], [ 637103.142167236306705, 795455.823708916432224 ], [ 636127.702215974335559, 797283.443990064202808 ], [ 632429.744191976613365, 794993.645184941706248 ], [ 629746.656194521812722, 797598.55109701922629 ], [ 627313.555849131662399, 799169.019378324388526 ], [ 625853.107218885328621, 797522.431639742688276 ], [ 626530.505489244242199, 794999.135999335674569 ], [ 618370.012417220743373, 789210.279946560272947 ], [ 619517.200083598145284, 786063.69863302714657 ], [ 617738.161258044769056, 781026.544457943644375 ], [ 617626.74825406097807, 776826.94696246040985 ], [ 614050.491381058236584, 774766.926410804968327 ], [ 611104.838792307884432, 774525.893983376678079 ], [ 607181.970924500841647, 775548.800301644601859 ], [ 603116.96175223402679, 779011.53544814279303 ], [ 602734.847676755627617, 781527.758167310734279 ], [ 605734.230895668035373, 783536.988727912539616 ], [ 604250.487528300029226, 784604.672895989031531 ], [ 602611.546312079532072, 783157.004656125092879 ], [ 598588.000616755452938, 781504.08582523080986 ], [ 595779.14059246936813, 781335.723892480134964 ], [ 593014.935520677710883, 783744.964801021153107 ], [ 591330.34604115143884, 788828.623377365642227 ], [ 595056.761008474510163, 793810.020326641504653 ], [ 599900.35190262994729, 794126.818536578095518 ], [ 603400.726588724064641, 791724.083053663256578 ], [ 604903.566981320502236, 792531.371237363549881 ], [ 603207.47400823875796, 795122.626844843267463 ], [ 604257.972734507638961, 796931.020549009670503 ], [ 607662.720773520995863, 797920.796894479775801 ], [ 607850.824878768646158, 801195.860731746302918 ], [ 610027.090656715678051, 802879.144498459179886 ], [ 612890.807520475005731, 807410.438512039720081 ], [ 616500.221644802717492, 806904.101248093764298 ], [ 617864.173754173913039, 808077.205656091216952 ], [ 616839.345078538637608, 810882.445652257534675 ], [ 614649.008842066512443, 814061.486655988264829 ], [ 613048.54661258473061, 815222.148529751575552 ], [ 612986.545962312957272, 817432.465739319217391 ], [ 611416.845026924391277, 818387.415455294423737 ], [ 611284.013721061288379, 820908.947387253632769 ], [ 609665.430906799738295, 822094.986340683186427 ], [ 611523.982349354424514, 824775.062664146185853 ], [ 611001.908881267416291, 827526.105281666503288 ], [ 608244.029069367330521, 829258.931642049341463 ], [ 605342.955899946857244, 834559.526753353420645 ], [ 605777.809848148957826, 835494.495530968066305 ], [ 604366.22587244422175, 840439.713407673290931 ], [ 608463.974668089300394, 840670.159044124535285 ], [ 608127.992803640780039, 845529.342934172251262 ], [ 613036.828272230690345, 845831.482022228301503 ], [ 612914.369133411324583, 847446.77936537086498 ], [ 617824.152184389415197, 847756.42621518461965 ], [ 616858.868035826133564, 862336.448388000717387 ], [ 636209.199236928601749, 863601.535342298448086 ], [ 634229.689863620325923, 892678.922297713346779 ], [ 633530.239753139670938, 902787.203925458015874 ], [ 632674.1444899616763, 903768.062988416641019 ], [ 625471.784663393162191, 903237.519517862354405 ], [ 625634.194035245804116, 900165.192273614229634 ], [ 620815.275773602537811, 899882.613628447405063 ], [ 620682.232339761103503, 901931.397413935977966 ], [ 618263.453040432767011, 901776.335579115548171 ], [ 618158.094040989410132, 903392.68283806880936 ], [ 613344.73339856788516, 903056.837660658406094 ], [ 613467.230342575465329, 901499.953802307369187 ], [ 603755.542472403380089, 900910.437475370243192 ], [ 578198.326606677728705, 899119.934241791605018 ], [ 537894.851205735350959, 896508.397215339005925 ], [ 538568.471603709156625, 885996.043442905880511 ], [ 541500.315514389309101, 884559.627956708660349 ], [ 541796.181088584824465, 882349.742304023704492 ], [ 544515.976095074205659, 877053.921610843273811 ], [ 544316.944193695904687, 875298.61945157055743 ], [ 545771.641788939130493, 874036.904578301007859 ], [ 546257.692354770260863, 871984.095051711541601 ], [ 548534.920240009087138, 866306.577143942471594 ], [ 549157.094647369813174, 863237.383910444681533 ], [ 549077.356956770294346, 860080.664795719087124 ], [ 550122.938159278011881, 857882.841312221251428 ], [ 549550.722756606061012, 855218.920458365930244 ], [ 550512.917090500355698, 852238.024129144148901 ], [ 550463.349875032901764, 850045.187661006115377 ], [ 552043.854228683398105, 826240.291473415796645 ], [ 557329.650528223370202, 820910.53049856016878 ], [ 558111.177691787946969, 818443.510153394890949 ], [ 560862.655115735484287, 812622.902963974163868 ], [ 547003.072990408167243, 818493.122851395746693 ], [ 542254.470028329407796, 818448.530735136591829 ], [ 540097.752305582282133, 816825.498243723064661 ], [ 537762.81029009539634, 816988.51243286090903 ], [ 535632.83282415359281, 816166.518403322203085 ], [ 529390.055622122366913, 815485.28366835496854 ], [ 527460.861759170657024, 810162.012985334265977 ], [ 524820.224777896655723, 807044.05593213730026 ], [ 523355.499304423225112, 806088.069146953057498 ], [ 521073.689790566160809, 806128.702886132989079 ], [ 519061.723311689507682, 808061.233600383857265 ], [ 515730.612205056648236, 808496.341860778746195 ], [ 515093.586086634371895, 802373.249001115909778 ], [ 489145.774969461723231, 795035.903723616967909 ], [ 487384.651998821995221, 791859.795163708738983 ], [ 484788.118928461510222, 789640.222729889675975 ], [ 485007.972419297380839, 786201.202034115209244 ], [ 486640.394510783196893, 786316.730260229087435 ], [ 486990.761688112572301, 779877.59610128053464 ], [ 490307.786205571319442, 780117.878555643022992 ], [ 490567.594054473738652, 775306.084587546996772 ], [ 493018.194867162383161, 775501.639645154122263 ], [ 493252.66940320469439, 772147.672220797510818 ] ] ], [ [ [ 617164.368142344639637, 738292.17162298259791 ], [ 620090.229301245999523, 735651.254077161895111 ], [ 620864.818031847476959, 737518.918900879565626 ], [ 623114.187727446202189, 740106.616660844651051 ], [ 620418.343261768226512, 740027.533881877781823 ], [ 617164.368142344639637, 738292.17162298259791 ] ] ] ] } },
{ "type": "Feature", "properties": { "csa_geoid": "408", "csa_name": "New York-Newark, NY-NJ-CT-PA CSA" }, "geometry": { "type": "MultiPolygon", "coordinates": [ [ [ [ 1971477.536196545697749, 2276847.24232140276581 ], [ 1974162.862293655052781, 2277890.623084628488868 ], [ 1976784.076420528115705, 2281338.193711191881448 ], [ 1974180.041024967562407, 2280980.734052932355553 ], [ 1972104.134388527134433, 2279940.894864774309099 ], [ 1971477.536196545697749, 2276847.24232140276581 ] ] ], [ [ [ 1967341.107423939276487, 2257813.281347395386547 ], [ 1970690.117628693580627, 2257761.201609237585217 ], [ 1972507.12880766321905, 2259410.193610539194196 ], [ 1969107.719342112075537, 2260129.499620840884745 ], [ 1967341.107423939276487, 2257813.281347395386547 ] ] ], [ [ [ 1811153.412155561614782, 2151971.756339749321342 ], [ 1812177.793705015908927, 2150872.959593518171459 ], [ 1816066.449204139178619, 2153394.759684392251074 ], [ 1816671.922134257620201, 2154608.058705969713628 ], [ 1821792.870199959492311, 2159088.021563944406807 ], [ 1824037.128736633108929, 2163102.991914527956396 ], [ 1825258.277782945893705, 2166309.838101105764508 ], [ 1823206.203379771672189, 2168170.128069828264415 ], [ 1822001.873633420094848, 2170663.820535866543651 ], [ 1816129.75966408289969, 2168022.820308905094862 ], [ 1814318.051517898915336, 2168456.01630036951974 ], [ 1812504.223417792469263, 2166516.020048011559993 ], [ 1813681.858302924782038, 2163381.612695903517306 ], [ 1813441.220859660301358, 2158196.300846611149609 ], [ 1810884.149633718421683, 2156010.892747877631336 ], [ 1811800.966428741114214, 2153359.304735093377531 ], [ 1811153.412155561614782, 2151971.756339749321342 ] ] ], [ [ [ 1703070.182655669515952, 2211453.427285238169134 ], [ 1721385.010892844991758, 2216997.004006129689515 ], [ 1721689.974741612793878, 2205392.54445933457464 ], [ 1728363.429956071777269, 2205829.158477443736047 ], [ 1732728.665588474832475, 2200799.65762231964618 ], [ 1738470.480650577694178, 2202733.44552371557802 ], [ 1759073.514529154403135, 2186328.784214762505144 ], [ 1756893.409005106193945, 2182944.604280765168369 ], [ 1757588.500823799520731, 2180571.306751529686153 ], [ 1756294.531356650637463, 2178024.318002929911017 ], [ 1755125.655517924344167, 2173174.333340068813413 ], [ 1751271.222272410988808, 2169591.959232212044299 ], [ 1747621.300073995487764, 2160642.759335679933429 ], [ 1745411.885574302636087, 2158316.276621043682098 ], [ 1744207.325769408373162, 2158135.458774795290083 ], [ 1740054.67503188806586, 2153639.226010167505592 ], [ 1738040.914942575385794, 2150427.671336211264133 ], [ 1735309.045120445545763, 2148611.891958266496658 ], [ 1733234.836200497113168, 2144158.876030145678669 ], [ 1732528.755415900377557, 2143707.720119504258037 ], [ 1732601.858471572166309, 2141958.47015083162114 ], [ 1734411.457736243493855, 2141069.193119904957712 ], [ 1737309.322501107351854, 2142947.122909027151763 ], [ 1740486.826018995139748, 2142747.796440040227026 ], [ 1743710.953302495647222, 2140532.088409135583788 ], [ 1745665.033496211050078, 2134015.103976809419692 ], [ 1745681.243939305422828, 2130979.991142373532057 ], [ 1747551.306008475134149, 2127139.906676010228693 ], [ 1750706.735980531200767, 2126170.043337615206838 ], [ 1752864.520115376450121, 2127466.578244841191918 ], [ 1755898.494276525918394, 2126394.142562619410455 ], [ 1758855.605692547513172, 2121010.551165414042771 ], [ 1762402.061341806082055, 2118863.721575399395078 ], [ 1766233.629862741101533, 2117236.933712932746857 ], [ 1769468.308084546821192, 2112834.548999512568116 ], [ 1776147.60032345354557, 2110303.158040383365005 ], [ 1778183.10858957353048, 2107482.369753228034824 ], [ 1780280.655773785430938, 2106557.73641749098897 ], [ 1782465.075740486849099, 2104543.763474693987519 ], [ 1783167.99626490753144, 2108163.094462535344064 ], [ 1790163.133323530899361, 2105158.758255043998361 ], [ 1793201.040031431708485, 2105342.178310774732381 ], [ 1800045.085593885509297, 2096222.179936145199463 ], [ 1803595.904383054468781, 2090835.747850969899446 ], [ 1813624.545373591128737, 2076370.902816609712318 ], [ 1818727.277328946394846, 2069255.915837393607944 ], [ 1823143.944042444461957, 2049909.46413415693678 ], [ 1822884.785481810336933, 2047093.618895538384095 ], [ 1821671.480648187687621, 2046608.142335321987048 ], [ 1822173.250920409103855, 2044348.124695624690503 ], [ 1823679.738099196925759, 2043329.813040256034583 ], [ 1826408.306821060366929, 2039430.73385208635591 ], [ 1830727.863068729639053, 2041328.746296304045245 ], [ 1833713.496845906833187, 2042365.530666146427393 ], [ 1836585.912422226509079, 2048377.52082691481337 ], [ 1838892.981193157611415, 2056916.336486702784896 ], [ 1841338.180814821505919, 2064912.221726043149829 ], [ 1842217.858120802324265, 2070360.659676196053624 ], [ 1843174.615424619987607, 2073058.759285426931456 ], [ 1841631.864904025569558, 2084889.676188389072195 ], [ 1840364.008334970101714, 2097959.629138018004596 ], [ 1839450.401337910909206, 2114292.59948493167758 ], [ 1839555.0672697131522, 2127554.498843984212726 ], [ 1839268.557456832844764, 2134589.377438066061586 ], [ 1838317.107770885108039, 2140683.724477135110646 ], [ 1836619.287545082392171, 2146242.029145140666515 ], [ 1830424.823269634973258, 2146263.396819072775543 ], [ 1826633.247426954330876, 2147616.259527741931379 ], [ 1822330.143456707941368, 2148567.709151828661561 ], [ 1820681.914533358998597, 2147166.004226406104863 ], [ 1818841.129499920876697, 2147952.763042103499174 ], [ 1817901.388014449039474, 2145869.367581635247916 ], [ 1811731.117474219994619, 2147157.824479426722974 ], [ 1810245.004944009706378, 2149537.564663861412555 ], [ 1811283.458125957287848, 2153792.292542172130197 ], [ 1810193.725862588966265, 2156446.971688894089311 ], [ 1813060.516320024849847, 2159005.305532278958708 ], [ 1812967.260746106039733, 2162183.718135611154139 ], [ 1812168.630400325637311, 2165863.7344541689381 ], [ 1813390.791943094925955, 2168517.872237205971032 ], [ 1816464.564987857593223, 2172325.487391019705683 ], [ 1816825.462225564057007, 2168927.731643845327199 ], [ 1821172.69254817510955, 2171110.07013863697648 ], [ 1820881.513389740372077, 2172538.254272314719856 ], [ 1821925.776405615499243, 2176142.966513282153755 ], [ 1822843.83819879242219, 2175769.002517409157008 ], [ 1825300.68441023840569, 2179313.363324054982513 ], [ 1827467.75240546441637, 2173597.873143328353763 ], [ 1825835.023456307128072, 2171076.342791111208498 ], [ 1825608.226246647071093, 2169004.181278468109667 ], [ 1826995.023120260797441, 2166893.659645048435777 ], [ 1830150.783378395950422, 2166050.532775449100882 ], [ 1831190.401314666727558, 2163903.601722095161676 ], [ 1834706.649857518495992, 2165305.912184139713645 ], [ 1838289.913002657005563, 2167520.712915293406695 ], [ 1840113.361334945075214, 2165737.577013670001179 ], [ 1837846.799009571084753, 2164814.043311693239957 ], [ 1835784.124949315097183, 2163075.190258759073913 ], [ 1836206.395169377094135, 2161993.067078590393066 ], [ 1843791.937441254965961, 2167668.213367990218103 ], [ 1848309.813466379186139, 2170278.655132290907204 ], [ 1854191.02724888571538, 2170865.557210846804082 ], [ 1859457.276111677056178, 2172028.644559547770768 ], [ 1861780.657086531631649, 2173148.093866826966405 ], [ 1865217.423700627638027, 2172885.692794347181916 ], [ 1869460.785702017135918, 2175514.100267212837934 ], [ 1876956.007557863136753, 2179506.266529379878193 ], [ 1881812.707543479977176, 2182917.069957338273525 ], [ 1883798.079240424092859, 2183699.366764246486127 ], [ 1885744.153752996819094, 2182749.968954790383577 ], [ 1889302.306309718405828, 2183756.076752287335694 ], [ 1893458.118353237630799, 2185799.749126482289284 ], [ 1902732.076019442407414, 2191286.094763914588839 ], [ 1908106.898797295521945, 2195022.287820857949555 ], [ 1914470.224657284794375, 2200475.482672582846135 ], [ 1925768.506319239269942, 2208858.683057342655957 ], [ 1933568.623446349287406, 2213921.755999165121466 ], [ 1947752.516325282398611, 2223749.814996702130884 ], [ 1953105.082904250361025, 2227868.339273462072015 ], [ 1964366.650295421946794, 2237763.031063851900399 ], [ 1972963.987802377669141, 2245120.094602300319821 ], [ 1979065.59203359647654, 2249906.74044983740896 ], [ 1984013.220622576307505, 2254285.005696078296751 ], [ 1990090.756589937023818, 2258786.359562892001122 ], [ 1991029.513302972307429, 2261228.146361157298088 ], [ 1987703.358541663503274, 2261099.027072413824499 ], [ 1986748.888615601928905, 2261847.300724877044559 ], [ 1982703.19534898805432, 2259094.053416316397488 ], [ 1983535.417086325585842, 2256654.005722291767597 ], [ 1980710.448779535014182, 2255793.425426878966391 ], [ 1979409.665353500749916, 2252725.318973933812231 ], [ 1976863.37684709392488, 2251962.223449776880443 ], [ 1974944.009515740443021, 2249806.121159771922976 ], [ 1973962.638194746803492, 2247603.750734678003937 ], [ 1972037.102931013097987, 2248085.700457576196641 ], [ 1969665.628462475957349, 2250264.485883442219347 ], [ 1969235.770522757899016, 2251977.864462172612548 ], [ 1966792.331788124982268, 2252912.262550222687423 ], [ 1965129.771688193548471, 2250104.60328906821087 ], [ 1960696.021263652015477, 2250380.123315473552793 ], [ 1958125.233777958899736, 2248776.608598156832159 ], [ 1956549.449382446939126, 2253439.659257629420608 ], [ 1953343.832246749894693, 2253577.201737974304706 ], [ 1950990.956962682306767, 2255471.486461344175041 ], [ 1951384.453397770877928, 2258104.595619129948318 ], [ 1952612.821278868475929, 2259298.463809436652809 ], [ 1955524.596624909900129, 2258010.497692503966391 ], [ 1957135.848228965653107, 2259780.752260473091155 ], [ 1957582.607753480086103, 2262126.071255086455494 ], [ 1954511.236118589295074, 2261969.424090636894107 ], [ 1952065.297339191660285, 2260107.823134072124958 ], [ 1951606.688926814356819, 2258918.305566642899066 ], [ 1948950.42840039357543, 2258385.700345930177718 ], [ 1946690.665906130336225, 2252770.485147977713495 ], [ 1943073.667800595285371, 2250677.101017312146723 ], [ 1941412.987810943974182, 2246341.501802496612072 ], [ 1938455.804028518497944, 2244198.233694000169635 ], [ 1934170.98544440488331, 2238207.9939294452779 ], [ 1930531.325875373091549, 2235489.119011023081839 ], [ 1924772.495469331508502, 2233572.398846305906773 ], [ 1919764.503540861187503, 2230874.673815609887242 ], [ 1914853.089519283501431, 2230205.609614863060415 ], [ 1908520.466320741223171, 2227750.764886921271682 ], [ 1905072.167289704782888, 2227321.515902746934444 ], [ 1897018.967461090302095, 2225180.910293904598802 ], [ 1894974.09685853170231, 2225598.097808075137436 ], [ 1893056.218073818832636, 2224710.765664896462113 ], [ 1891539.999429468996823, 2225272.194313342217356 ], [ 1889420.552715404424816, 2223451.696511677931994 ], [ 1890513.420031344052404, 2219419.829270084854215 ], [ 1884521.62668261048384, 2215329.320286027155817 ], [ 1878618.109328264370561, 2216025.773494935128838 ], [ 1872672.952095903921872, 2215409.827119378838688 ], [ 1869866.661273797275499, 2217448.319899161346257 ], [ 1869632.350250038318336, 2214629.869474162347615 ], [ 1873907.421969135990366, 2214856.761894773226231 ], [ 1873695.778716437984258, 2212461.902538688853383 ], [ 1870779.01878739730455, 2212327.725067020859569 ], [ 1869546.150768833933398, 2211465.390371561050415 ], [ 1866751.024193671531975, 2214314.85607325611636 ], [ 1862593.508560627931729, 2214663.121896808966994 ], [ 1862202.835488425102085, 2212180.811726856976748 ], [ 1864989.63395778555423, 2209072.824311280623078 ], [ 1863180.757466503884643, 2208863.686478525865823 ], [ 1862816.750651402398944, 2206560.951091010123491 ], [ 1859828.619921006495133, 2205985.660503637976944 ], [ 1858491.3217314472422, 2209331.578589877579361 ], [ 1856834.984164089895785, 2209750.751449775416404 ], [ 1854274.934532123152167, 2207638.22118227602914 ], [ 1851353.746693040011451, 2206225.846571897622198 ], [ 1850650.717367057688534, 2203936.102348497603089 ], [ 1851792.825491833500564, 2201410.439649920444936 ], [ 1851290.787500003585592, 2199069.72087887628004 ], [ 1849382.52676144009456, 2201218.64606875134632 ], [ 1846012.674397461116314, 2201881.181308988947421 ], [ 1844780.452397237531841, 2201058.561377599369735 ], [ 1845718.963739870348945, 2198186.775577791035175 ], [ 1847909.471808842848986, 2197983.187351529486477 ], [ 1848201.772530186455697, 2196352.95311255287379 ], [ 1843440.159353240858763, 2197110.830487702041864 ], [ 1843361.051229641539976, 2194441.51041485182941 ], [ 1844642.04199481359683, 2193442.018167557194829 ], [ 1843285.08084117481485, 2191585.528036349918693 ], [ 1838795.157962343655527, 2195681.025183942168951 ], [ 1838097.737433050293475, 2198095.043003463651985 ], [ 1839736.235508468700573, 2198946.292586960829794 ], [ 1840140.292021416826174, 2202260.076483950950205 ], [ 1841432.059057292062789, 2205693.586229865904897 ], [ 1846452.997120963642374, 2211156.827506217639893 ], [ 1847812.556122123962268, 2213725.679155073594302 ], [ 1847601.079676010878757, 2215810.469644517172128 ], [ 1851815.635231144726276, 2220083.546124076005071 ], [ 1853162.287247557891533, 2218668.437259988859296 ], [ 1855182.661499445559457, 2221853.780589862726629 ], [ 1858723.546390782110393, 2225284.759094990324229 ], [ 1860176.248518058797345, 2225577.815523034427315 ], [ 1860934.00826325500384, 2227357.722431924659759 ], [ 1863941.720240004360676, 2227593.072776613757014 ], [ 1865637.848253829637542, 2231488.809655318036675 ], [ 1869322.303659612080082, 2234723.921526245307177 ], [ 1872438.721498714061454, 2236452.790826569311321 ], [ 1873900.14004300092347, 2238317.353346399497241 ], [ 1876129.768118579639122, 2237742.739489933010191 ], [ 1879902.138428749283776, 2243263.11895456071943 ], [ 1882339.401056663133204, 2243972.411061659455299 ], [ 1886058.580695471027866, 2243469.016152255702764 ], [ 1888137.584474693983793, 2244511.575770632829517 ], [ 1887271.091489229584113, 2246297.754397456534207 ], [ 1885725.776646383106709, 2247548.986716769170016 ], [ 1886226.510084208799526, 2250115.919480534736067 ], [ 1885494.327943733194843, 2252852.564339484088123 ], [ 1886694.64744663448073, 2256052.657955359201878 ], [ 1884581.725204859161749, 2257145.668827058747411 ], [ 1882012.21382935042493, 2255198.232115159276873 ], [ 1879309.055989946471527, 2255855.120457177050412 ], [ 1875971.598560316488147, 2258582.692714411299676 ], [ 1877212.483147013699636, 2263291.89131537405774 ], [ 1877764.077891382388771, 2267934.307694782968611 ], [ 1876266.222777442308143, 2268362.514449323527515 ], [ 1871439.785225418396294, 2272421.809866175521165 ], [ 1868975.121861574007198, 2273067.028294066898525 ], [ 1867633.50169301009737, 2272121.751094769220799 ], [ 1866372.634173763915896, 2273785.852947164792567 ], [ 1864854.883226528065279, 2272921.761020075529814 ], [ 1861270.663587826304138, 2276252.126840643119067 ], [ 1858358.611846745247021, 2283115.350304154213518 ], [ 1854347.01959758810699, 2293306.093349337112159 ], [ 1852509.277904207119718, 2294295.166197337210178 ], [ 1851524.336479868041351, 2296859.294482552912086 ], [ 1841026.387526459991932, 2292410.141808319836855 ], [ 1834574.13560306886211, 2329220.840365769341588 ], [ 1833457.48725817608647, 2334652.655508589930832 ], [ 1832692.149700612993911, 2334472.1814268771559 ], [ 1830723.615945662371814, 2334030.88823407702148 ], [ 1832158.08349428884685, 2326093.643492132425308 ], [ 1816730.547430950915441, 2325556.145596728194505 ], [ 1812684.010778703959659, 2326659.761466321069747 ], [ 1799066.664968863595277, 2329877.252886212430894 ], [ 1797341.582541480427608, 2329373.420702821109444 ], [ 1797607.049040820915252, 2335012.402236067689955 ], [ 1796910.85009964951314, 2335062.100654097273946 ], [ 1788997.478673292789608, 2338690.159116221126169 ], [ 1789256.120116849662736, 2337185.322838226333261 ], [ 1785976.284840798471123, 2337219.727882151026279 ], [ 1785274.983877003192902, 2328576.092287473380566 ], [ 1766203.926727072102949, 2326160.624853234738111 ], [ 1753290.524575577117503, 2329471.222144277300686 ], [ 1749719.970781470881775, 2325858.951031382661313 ], [ 1747520.744194061029702, 2325531.621034563053399 ], [ 1746336.915291819255799, 2322391.783283699769527 ], [ 1729387.524946466321126, 2305404.215252765454352 ], [ 1705557.975032208720222, 2282218.206300124991685 ], [ 1708196.978737298166379, 2281879.405405135825276 ], [ 1708790.06775210914202, 2279627.237213104963303 ], [ 1711279.600664928788319, 2278904.751150755677372 ], [ 1710675.350014044903219, 2274479.041583949234337 ], [ 1713052.369047188898548, 2274702.80267763370648 ], [ 1715329.733699491713196, 2273036.45449124276638 ], [ 1716546.603476095711812, 2269015.279162587132305 ], [ 1715174.027412612223998, 2267912.935690483544022 ], [ 1716955.048781343502924, 2266044.98735893657431 ], [ 1718700.666536569595337, 2259970.269682545214891 ], [ 1717705.862524475203827, 2256270.153461060952395 ], [ 1712783.082578917266801, 2240680.214913567062467 ], [ 1711746.446349127218127, 2238563.083473870996386 ], [ 1712159.652606725692749, 2236815.442939361091703 ], [ 1710017.572583477711305, 2234192.604003518819809 ], [ 1707613.512041904497892, 2232312.353315324988216 ], [ 1708236.149639884242788, 2231310.948231648653746 ], [ 1707433.130557490512729, 2227687.071826123166829 ], [ 1700704.627576960483566, 2225205.551213673315942 ], [ 1704741.21229778858833, 2222396.759681573137641 ], [ 1705015.86925809038803, 2220069.276416055858135 ], [ 1704149.220247984863818, 2213439.313800655771047 ], [ 1703070.182655669515952, 2211453.427285238169134 ] ] ] ] } },
{ "type": "Feature", "properties": { "csa_geoid": "412", "csa_name": "North Port-Bradenton, FL CSA" }, "geometry": { "type": "Polygon", "coordinates": [ [ [ 1377383.162938594585285, 610175.632160106324591 ], [ 1328369.911311247386038, 602998.172719945316203 ], [ 1326795.493489106185734, 597621.125885878922418 ], [ 1323651.790538976434618, 595584.561288590775803 ], [ 1323839.756465076236054, 594045.793729116674513 ], [ 1322170.633634073892608, 591656.771021161228418 ], [ 1321665.490713388426229, 588644.680008805938996 ], [ 1318485.835727033903822, 587538.863747792318463 ], [ 1317289.865224289009348, 584786.516628785408102 ], [ 1315714.271924797678366, 583584.567536171642132 ], [ 1318278.622408908326179, 578021.946331944549456 ], [ 1321467.796060208231211, 576043.42174021480605 ], [ 1325909.692904920317233, 571060.815228903666139 ], [ 1329732.760064284084365, 567835.547025292529725 ], [ 1332275.091584530891851, 564882.159753437153995 ], [ 1333238.969309942098334, 561821.049288727925159 ], [ 1335236.617682939628139, 561122.567218236858025 ], [ 1338021.028414625674486, 557885.375319765764289 ], [ 1340946.571777187287807, 552981.872512762085535 ], [ 1343821.150117066456005, 549016.018682273686863 ], [ 1348172.449865381000564, 540671.535364668467082 ], [ 1352626.488532371120527, 535067.378717700019479 ], [ 1353816.541568206390366, 533061.468777987291105 ], [ 1360988.698814268922433, 524056.445985054771882 ], [ 1362911.952532582916319, 522421.344662795308977 ], [ 1368165.748924440471455, 516345.884255214652512 ], [ 1369619.254807553254068, 513612.973644096520729 ], [ 1374661.708256504498422, 513510.453394531214144 ], [ 1376958.829330736305565, 512598.073781482176855 ], [ 1379830.745922766625881, 512927.595477404014673 ], [ 1382213.481221444904804, 515377.58469688531477 ], [ 1380348.88422293541953, 522347.59921181894606 ], [ 1376521.079197505256161, 529286.501875417190604 ], [ 1376901.605067544151098, 531605.823487972491421 ], [ 1379125.116018038243055, 530058.557709569693543 ], [ 1380413.507808211259544, 530142.987954832729883 ], [ 1382543.911765218712389, 533483.250683839083649 ], [ 1381947.896884420886636, 534734.148911265539937 ], [ 1387366.591583541361615, 534559.895447627757676 ], [ 1388823.669895860599354, 533148.136856657569297 ], [ 1387640.232235458912328, 531636.907475026324391 ], [ 1385751.153296931646764, 531350.363110061502084 ], [ 1384947.129891023039818, 529762.144530434161425 ], [ 1386398.13211682275869, 527085.528047163854353 ], [ 1389139.047295829281211, 526581.099808320403099 ], [ 1390295.339772474486381, 525036.835050633992068 ], [ 1390468.467900368850678, 521503.936397101380862 ], [ 1391481.982443243032321, 517079.570449108316097 ], [ 1390948.582923114765435, 514614.277458586730063 ], [ 1420588.126986934803426, 518951.540856119361706 ], [ 1439892.799789152573794, 521886.26140555285383 ], [ 1435811.549025092506781, 550672.392712696455419 ], [ 1430542.908085097093135, 584079.108095783507451 ], [ 1401557.07266112905927, 579645.600641828612424 ], [ 1401603.917311448371038, 579256.619268686394207 ], [ 1382213.047868552617729, 576543.561747672152705 ], [ 1377383.162938594585285, 610175.632160106324591 ] ] ] } },
{ "type": "Feature", "properties": { "csa_geoid": "416", "csa_name": "Oklahoma City-Shawnee, OK CSA" }, "geometry": { "type": "Polygon", "coordinates": [ [ [ -55401.812927251841757, 1432375.271973531926051 ], [ -73339.18229835711827, 1432591.682959582889453 ], [ -81318.357433031866094, 1432580.87757189408876 ], [ -101974.400170554596116, 1432853.633765431586653 ], [ -107603.481850278752972, 1433237.074034976772964 ], [ -109148.41156114655314, 1435471.688340657157823 ], [ -111101.874656907704775, 1436349.147581225493923 ], [ -114096.336014394313679, 1436531.861979596316814 ], [ -115646.691182580616442, 1440147.56515179015696 ], [ -118230.494944804362603, 1440778.96913063316606 ], [ -120973.739335758684319, 1437912.16028514970094 ], [ -120694.351952173383324, 1457997.662873143097386 ], [ -149365.566313791379798, 1458494.917938368860632 ], [ -149782.33952335518552, 1435194.555080827092752 ], [ -150089.041341525007738, 1409376.026632462861016 ], [ -160449.06216872506775, 1409535.05372691527009 ], [ -207385.366426251479425, 1410440.528286564163864 ], [ -207865.954338775452925, 1391054.526576089207083 ], [ -207300.601055499515496, 1389329.23912130179815 ], [ -207717.200122797046788, 1371536.753043902339414 ], [ -188777.593727415835019, 1371155.53851870377548 ], [ -189113.546305238909554, 1351680.969628811115399 ], [ -188785.262784397491487, 1351674.857184140477329 ], [ -189045.267974751826841, 1338859.249901475617662 ], [ -189216.417763171630213, 1338606.603790763765574 ], [ -189805.909921482962091, 1312667.592271773377433 ], [ -189470.084173433046089, 1311063.457825367106125 ], [ -189867.921650176227558, 1293220.428731830557808 ], [ -181507.334518638090231, 1293112.14565536309965 ], [ -151647.06061321683228, 1292484.505541746737435 ], [ -151268.253774612705456, 1311924.563358396291733 ], [ -117909.086768187204143, 1311409.137980870204046 ], [ -84417.851370433723787, 1310950.873541164211929 ], [ -84271.705539530958049, 1323226.321918436093256 ], [ -82468.806750832576654, 1322570.544391257688403 ], [ -80219.614360249935999, 1318923.353505288483575 ], [ -77286.209544570680009, 1319183.83516322216019 ], [ -74409.958261674895766, 1321093.282841049833223 ], [ -72316.465932003906346, 1319271.89520990033634 ], [ -72494.125565633410588, 1317088.476408953778446 ], [ -70252.822012517252006, 1316082.572670620167628 ], [ -70088.99513622149243, 1343278.660747506190091 ], [ -70079.116338406718569, 1359523.198069835547358 ], [ -69932.566595877622603, 1372455.785991613287479 ], [ -67012.273430957793607, 1372563.601169590372592 ], [ -65244.095836750406306, 1374611.517389706568792 ], [ -62003.630503684682481, 1372195.865903354482725 ], [ -58754.311555688145745, 1370830.666671373648569 ], [ -56210.98046887433884, 1372270.917214574292302 ], [ -56203.573995915590785, 1378767.289484818000346 ], [ -55727.993306331482017, 1398499.907772700302303 ], [ -55512.272987813332293, 1414775.291954998159781 ], [ -55401.812927251841757, 1432375.271973531926051 ] ] ] } },
{ "type": "Feature", "properties": { "csa_geoid": "420", "csa_name": "Omaha-Fremont, NE-IA CSA" }, "geometry": { "type": "Polygon", "coordinates": [ [ [ -38816.210188653240039, 1974892.730579739669338 ], [ -27757.987827375869529, 1974794.711868125712499 ], [ 13875.971093607600778, 1974790.422176908934489 ], [ 13074.657456426575663, 1977028.783577887108549 ], [ 13617.426098417228786, 1980564.545122700044885 ], [ 12725.750124575311929, 1983808.572544575901702 ], [ 15706.159897423460279, 1986043.644628092879429 ], [ 15587.425545009815323, 1987997.984867159277201 ], [ 51392.024421102236374, 1988132.961795217590407 ], [ 51255.932093146162515, 2017072.798538781004027 ], [ 70279.837075692194048, 2017132.14351660432294 ], [ 70029.358910384631599, 2055860.244515733560547 ], [ 41589.651014306342404, 2055755.238336783600971 ], [ 41549.621519071006333, 2066528.195672247093171 ], [ 36556.633724615865503, 2066508.990831895032898 ], [ 36492.192866855046304, 2095721.246610482688993 ], [ 1393.097736723343587, 2095641.06777334632352 ], [ -11457.664024306537613, 2095963.706099044764414 ], [ -9579.352616918464264, 2094682.166244752472267 ], [ -8873.899789645822239, 2090856.716177274705842 ], [ -5746.944468161746045, 2088932.037804485531524 ], [ -6990.318994228983684, 2083316.698124632006511 ], [ -8638.362294745957115, 2082299.766160076018423 ], [ -8474.193462312246993, 2080487.434896484948695 ], [ -6581.595615495310994, 2079360.60373801807873 ], [ -6275.20979519969751, 2077536.288586579496041 ], [ -8684.880655660281263, 2077343.43063747882843 ], [ -10058.21145747117771, 2075450.907666509505361 ], [ -36756.322127359766455, 2075602.446612001629546 ], [ -36678.972724572966399, 2082108.160280755022541 ], [ -74800.014277826689067, 2082489.512821255484596 ], [ -75159.374813677699422, 2043469.805976264411584 ], [ -75561.884975750304875, 2029350.599888280034065 ], [ -75758.925754597119521, 2004513.94103727559559 ], [ -38682.270335343942861, 2004133.356071024434641 ], [ -38816.210188653240039, 1974892.730579739669338 ] ] ] } },
{ "type": "Feature", "properties": { "csa_geoid": "422", "csa_name": "Orlando-Lakeland-Deltona, FL CSA" }, "geometry": { "type": "Polygon", "coordinates": [ [ [ 1490435.968152400106192, 647272.553043741267174 ], [ 1487528.160906305536628, 664700.847366785281338 ], [ 1485803.872389072086662, 675850.15242819825653 ], [ 1486430.206931313034147, 675952.760730804991908 ], [ 1483638.574121961835772, 694250.192295791464858 ], [ 1481836.422739994246513, 704587.360595485544764 ], [ 1478447.184692359063774, 709091.701544801937416 ], [ 1478566.724072284298018, 711185.969149093492888 ], [ 1476910.693438859423622, 713260.314990418963134 ], [ 1476662.249776605516672, 717171.722181619144976 ], [ 1478443.055854931706563, 719158.775465167476796 ], [ 1476755.655957985902205, 722032.421012051869184 ], [ 1471312.691363631282002, 724084.860442950273864 ], [ 1471539.642276527592912, 727121.908063154434785 ], [ 1467299.788118699099869, 732169.010788343963213 ], [ 1463919.320456651505083, 751331.809946148074232 ], [ 1486587.968138711759821, 755093.836184394313022 ], [ 1479883.544044200330973, 763428.42270869424101 ], [ 1468717.849960518768057, 776915.602563439519145 ], [ 1464636.507096063811332, 782914.994850375805981 ], [ 1460590.530567320296541, 786746.372237248811871 ], [ 1457846.08576910989359, 790468.813631911063567 ], [ 1447328.955308712553233, 806730.369969838415273 ], [ 1437038.036411301698536, 823794.488752114819363 ], [ 1431842.653404542477801, 832045.512471449561417 ], [ 1425141.166251933434978, 843941.674366633640602 ], [ 1422052.631040264386684, 842158.705817308044061 ], [ 1420460.730308392783627, 842707.696982520166785 ], [ 1418867.743786206934601, 840687.054599317256361 ], [ 1417040.711379319196567, 840363.960892569972202 ], [ 1415279.950021960306913, 837344.027440271689557 ], [ 1396234.9728086409159, 834043.244715807610191 ], [ 1398659.212241831002757, 820292.55719326378312 ], [ 1402226.874595840461552, 816090.505525125190616 ], [ 1404586.299865195062011, 809950.309095392585732 ], [ 1407322.531567848287523, 808388.899199948413298 ], [ 1401156.516793297836557, 805579.033938744221814 ], [ 1386142.478201099438593, 799090.038908360875212 ], [ 1387774.995325231691822, 796767.000243224552833 ], [ 1388973.894656387157738, 796775.794330105185509 ], [ 1390682.658068101387471, 794438.855769083718769 ], [ 1394810.481383551377803, 769411.602133311214857 ], [ 1392834.513901934493333, 769110.920317955082282 ], [ 1394337.54268080717884, 759550.365727950353175 ], [ 1376618.977221390698105, 756949.519304091576487 ], [ 1375418.716844100039452, 756629.979124159435742 ], [ 1344689.137596240965649, 752098.300036605447531 ], [ 1331334.948291468899697, 750194.377096934011206 ], [ 1335413.371809200849384, 745213.996199300745502 ], [ 1335986.498244614107534, 743805.622363930218853 ], [ 1339313.812316779978573, 742008.127750142943114 ], [ 1340659.540968949440867, 739941.659994871006347 ], [ 1345989.060082188108936, 736828.868712076102383 ], [ 1347632.930230569094419, 733536.155902498052455 ], [ 1346456.119785234797746, 732595.594161463319324 ], [ 1346334.304265535902232, 729854.560285580810159 ], [ 1344743.421357935993001, 729419.473134398926049 ], [ 1341218.480748497415334, 724501.161259459331632 ], [ 1341530.787893079919741, 722767.953018314903602 ], [ 1340776.989977653604001, 719022.727219329564832 ], [ 1339705.050239401636645, 717397.487934168893844 ], [ 1345864.97428269777447, 711257.916071021812968 ], [ 1347509.916623729513958, 709130.399931973428465 ], [ 1348581.076593581121415, 709693.409363162470981 ], [ 1351109.119880753103644, 708956.680671507725492 ], [ 1354421.235304828733206, 709412.359039290691726 ], [ 1355432.311720257159323, 707426.151471428340301 ], [ 1357545.116118808509782, 707448.681471001473255 ], [ 1359575.385380091145635, 705446.557238149573095 ], [ 1361785.851671542506665, 706687.559455955401063 ], [ 1363240.645639522699639, 705777.094367346959189 ], [ 1367379.014316485961899, 677063.711743167601526 ], [ 1362440.700486161280423, 676368.485731180058792 ], [ 1363884.625544944778085, 666800.5771804129472 ], [ 1368718.717485183384269, 667507.227243948960677 ], [ 1369749.426707695238292, 660300.959889146499336 ], [ 1374053.34114808193408, 632915.392419409239665 ], [ 1377383.162938594585285, 610175.632160106324591 ], [ 1408072.252746805083007, 614751.658627486322075 ], [ 1445276.006165217608213, 620475.986038501607254 ], [ 1466819.341458831913769, 623483.036427369341254 ], [ 1478516.210696778493002, 625194.945464010233991 ], [ 1493171.334174179006368, 627569.015817667357624 ], [ 1491506.96883573080413, 637533.846166253904812 ], [ 1490895.87479333858937, 637418.448212099261582 ], [ 1489197.233721861150116, 647072.494062365614809 ], [ 1490435.968152400106192, 647272.553043741267174 ] ] ] } },
{ "type": "Feature", "properties": { "csa_geoid": "424", "csa_name": "Paducah-Mayfield, KY-IL CSA" }, "geometry": { "type": "Polygon", "coordinates": [ [ [ 600904.612778645125218, 1579992.972786118509248 ], [ 600246.776252523297444, 1577487.743878486100584 ], [ 600661.077330705709755, 1574666.678430546773598 ], [ 601904.006905687274411, 1572779.96334494301118 ], [ 605043.616713058436289, 1570632.134706661570817 ], [ 606311.393207079265267, 1570687.941609970061108 ], [ 608097.5086498351302, 1568870.10767474770546 ], [ 608161.585112472297624, 1566563.879413072485477 ], [ 607142.197625922621228, 1560129.487564491573721 ], [ 605668.926950750523247, 1555528.549750911304727 ], [ 602606.029119418817572, 1554460.256981489015743 ], [ 602515.205227120779455, 1550798.868394284509122 ], [ 604559.189822317566723, 1548908.118356313789263 ], [ 607448.401586827705614, 1548682.522710061632097 ], [ 609054.64423177880235, 1550150.17475892836228 ], [ 612871.742596251075156, 1549275.147919481154531 ], [ 612507.587058448349126, 1547647.171865994809195 ], [ 618269.202903846860863, 1547935.526700005633757 ], [ 634906.661097327712923, 1549353.750663469545543 ], [ 634490.873016486992128, 1547388.706533812219277 ], [ 635400.360852074227296, 1539254.353143312036991 ], [ 636881.538190471474081, 1519135.267173122847453 ], [ 663475.618855585693382, 1521036.076051234500483 ], [ 665891.520204437430948, 1521186.185930958017707 ], [ 663179.045745515730232, 1560602.740352955646813 ], [ 661804.247358876280487, 1577060.143961418187246 ], [ 661816.140498128836043, 1579472.873719336697832 ], [ 664698.248273987090215, 1581091.486625060904771 ], [ 666529.153478189953603, 1582940.453079731902108 ], [ 672056.550021292292513, 1584942.690974118886515 ], [ 676472.988471185439266, 1583907.71833583782427 ], [ 680200.045221444801427, 1580337.06371931778267 ], [ 683498.716827798518352, 1576649.275273859500885 ], [ 686070.640781559050083, 1578891.120653812075034 ], [ 684275.430775487679057, 1581849.679229999892414 ], [ 684933.436999149969779, 1585121.669447026913986 ], [ 683397.662839888129383, 1587845.784901630366221 ], [ 684470.373281065374613, 1589426.026885690866038 ], [ 684725.613695578766055, 1593447.075177650200203 ], [ 686575.442953055491671, 1596310.50581054459326 ], [ 685660.268327347002923, 1598335.671755825402215 ], [ 683416.725973409018479, 1599252.158793909708038 ], [ 685192.820229457807727, 1603498.540355684468523 ], [ 682709.709658982697874, 1609328.244479568907991 ], [ 678072.051176117616706, 1613915.756949189351872 ], [ 675609.604185126256198, 1615745.407137625617906 ], [ 674376.797495172824711, 1618644.340705145150423 ], [ 674713.878993587451987, 1620458.280306097120047 ], [ 672464.559779016650282, 1622059.440212487243116 ], [ 668217.143426274647936, 1622720.341384270694107 ], [ 664730.1739992571529, 1624968.5549627461005 ], [ 660755.184057594742626, 1622770.059722885256633 ], [ 659146.864322223700583, 1620213.246927052503452 ], [ 658659.960063679143786, 1614859.699096349067986 ], [ 656613.294063061592169, 1608453.003120200242847 ], [ 657385.462599781923927, 1606050.721530383685604 ], [ 659706.681748373084702, 1603833.719176595797762 ], [ 661048.407115246052854, 1601622.320631018606946 ], [ 663298.350700880982913, 1599932.01802842062898 ], [ 665801.729390293243341, 1594387.482629971113056 ], [ 663321.508146477164701, 1585407.253070075297728 ], [ 660779.976517086033709, 1584532.628829856170341 ], [ 659957.455727958818898, 1594713.349570543505251 ], [ 649371.800255265436135, 1603809.471756314625964 ], [ 639101.162634411943145, 1613050.680750962113962 ], [ 637545.283291062572971, 1612732.992099820170552 ], [ 622105.900375996367075, 1611611.649173986632377 ], [ 622915.897672895225696, 1609621.161101285368204 ], [ 620306.916896329144947, 1607780.730465558823198 ], [ 620964.071313802269287, 1599620.26004906790331 ], [ 616888.434116330812685, 1599307.978530098916963 ], [ 612196.368918500957079, 1596875.937694364925846 ], [ 608435.99681546445936, 1592553.536798849003389 ], [ 607121.962036686018109, 1590358.296380160842091 ], [ 606384.341661939048208, 1587572.679749252507463 ], [ 604687.752075103460811, 1584830.668012667447329 ], [ 603205.740358024137095, 1583623.079759725136682 ], [ 600904.612778645125218, 1579992.972786118509248 ] ] ] } },
{ "type": "Feature", "properties": { "csa_geoid": "425", "csa_name": "Parkersburg-Marietta-Vienna, WV-OH CSA" }, "geometry": { "type": "Polygon", "coordinates": [ [ [ 1214585.356383837992325, 1886339.07181628793478 ], [ 1216070.538332804571837, 1882923.622496938332915 ], [ 1216735.862989225890487, 1877012.563720973674208 ], [ 1236471.82765831798315, 1869863.981591107556596 ], [ 1237172.92842443450354, 1866732.453107479494065 ], [ 1235669.936829040758312, 1865387.547189694363624 ], [ 1236605.762643959373236, 1863645.849858777597547 ], [ 1239110.606855020392686, 1861761.772185072302818 ], [ 1239591.277538968482986, 1860474.037729491712525 ], [ 1243311.048719567712396, 1862034.739856186788529 ], [ 1244700.323675519786775, 1863852.82983245048672 ], [ 1247864.534220459405333, 1861969.122777693672106 ], [ 1254317.513009586371481, 1860133.069675436010584 ], [ 1259566.225015384610742, 1863123.383787457132712 ], [ 1259680.41793827037327, 1865576.943260560045019 ], [ 1267062.132088183425367, 1877035.20741905993782 ], [ 1265841.620806925697252, 1878386.04865209502168 ], [ 1263308.89308450743556, 1878432.955180575139821 ], [ 1259902.499893779167905, 1876785.798513141926378 ], [ 1257785.007402219576761, 1884198.268804880790412 ], [ 1255955.237211606698111, 1885964.83382427925244 ], [ 1251767.298707344802096, 1887736.868357563624159 ], [ 1251948.496289918199182, 1890602.185071342391893 ], [ 1253376.223373764194548, 1892030.474991217022762 ], [ 1252631.380953518208116, 1894562.643499663099647 ], [ 1254478.044963337015361, 1901477.954975940752774 ], [ 1255833.395585409831256, 1902914.573582318378612 ], [ 1253921.852614732924849, 1905446.610339485108852 ], [ 1249092.042203356977552, 1905339.020184384426102 ], [ 1248528.523190387757495, 1907398.318882323103026 ], [ 1245357.956877306103706, 1906922.370616125641391 ], [ 1244343.177844007965177, 1909210.083934739930555 ], [ 1246279.636267448309809, 1909931.389549894956872 ], [ 1252069.472328704083338, 1915386.991519395960495 ], [ 1256041.346594964852557, 1916025.370964450994506 ], [ 1258437.300915108760819, 1921468.863161279121414 ], [ 1259580.398476762231439, 1922606.560990417608991 ], [ 1262527.064661810640246, 1923740.086139417253435 ], [ 1264620.713914425810799, 1928847.266443005530164 ], [ 1268921.430419342359528, 1935527.770928687183186 ], [ 1268518.94887049915269, 1939102.925446885637939 ], [ 1250738.978169104782864, 1937085.157310407143086 ], [ 1249218.450881165219471, 1936594.738896795082837 ], [ 1247429.472176982089877, 1938019.840797481592745 ], [ 1241269.216614799806848, 1937250.467440079897642 ], [ 1237894.595572658581659, 1937638.233606778783724 ], [ 1236058.471582361496985, 1938978.672632832778618 ], [ 1235823.405098727438599, 1940601.083991887047887 ], [ 1232529.744763954309747, 1940167.415949723683298 ], [ 1230558.06995193217881, 1941542.822502423310652 ], [ 1231601.081787245580927, 1934598.923496853094548 ], [ 1213352.681026845937595, 1932621.385663933586329 ], [ 1211310.468135079136118, 1931603.369156016502529 ], [ 1211162.027544948505238, 1927429.33250923641026 ], [ 1212993.338433712022379, 1925823.133889662101865 ], [ 1213545.735874217236415, 1920215.060680941911414 ], [ 1209093.868287726305425, 1919768.195812289603055 ], [ 1207033.919697049306706, 1920568.059042991604656 ], [ 1203663.091137274634093, 1920230.719710549106821 ], [ 1204191.802502553444356, 1915221.72984477551654 ], [ 1202563.293569550849497, 1915095.500742434058338 ], [ 1204015.644281117711216, 1900348.449004786321893 ], [ 1205633.584314207546413, 1900523.026178353233263 ], [ 1207414.366225403500721, 1899033.386333594331518 ], [ 1207757.923038573004305, 1895744.251980599714443 ], [ 1215969.335907745175064, 1896641.563679529586807 ], [ 1216551.560487649636343, 1890638.886663790326566 ], [ 1215642.048959610285237, 1887527.02732044714503 ], [ 1214585.356383837992325, 1886339.07181628793478 ] ] ] } },
{ "type": "Feature", "properties": { "csa_geoid": "427", "csa_name": "Peoria-Canton, IL CSA" }, "geometry": { "type": "Polygon", "coordinates": [ [ [ 500558.96704028674867, 2031565.662370041711256 ], [ 503528.805570556956809, 1982716.829372649313882 ], [ 465187.937928164727055, 1980661.382979152025655 ], [ 467062.217438927094918, 1943093.323963492410257 ], [ 467992.553700601914898, 1921795.986840699100867 ], [ 477637.946386746072676, 1922246.590767648071051 ], [ 489281.23847901111003, 1922508.431534457951784 ], [ 492545.471469636249822, 1926731.843871007906273 ], [ 495061.299430669692811, 1927708.185913341585547 ], [ 496525.528865664906334, 1931607.488789674360305 ], [ 499523.877349894901272, 1935745.358528621029109 ], [ 499401.337097156792879, 1937425.222315076505765 ], [ 500786.749223154329229, 1940104.26479071797803 ], [ 500504.965045294025913, 1941573.524700002046302 ], [ 501953.389887120109051, 1945068.828391385264695 ], [ 505987.29247869719984, 1946988.102203969610855 ], [ 508743.430830912780948, 1950786.912085385527462 ], [ 510639.457430641283281, 1952143.119891511276364 ], [ 518724.792480643314775, 1952491.835615347139537 ], [ 528063.483597340178676, 1953247.778083968907595 ], [ 529108.211347970645875, 1940244.708102779230103 ], [ 538511.563667899579741, 1940975.359886879101396 ], [ 566981.236610807944089, 1943531.323640418704599 ], [ 564373.767718004062772, 1973551.904866132419556 ], [ 575708.719542724778876, 1974635.468372602481395 ], [ 575550.495939084910788, 1976281.117801612708718 ], [ 578312.151544412132353, 1976575.351444190833718 ], [ 578172.503081273054704, 1977992.552246150327846 ], [ 582938.522990331752226, 1978609.197446405189112 ], [ 582559.880172197939828, 1982681.788860891712829 ], [ 587619.174053461640142, 1983177.070709453197196 ], [ 586715.299307133536786, 1992910.505559589713812 ], [ 591513.667771163978614, 1993383.508790270891041 ], [ 589890.347568889497779, 2012847.726184089900926 ], [ 580216.29734083393123, 2011909.228695735568181 ], [ 578777.948679208871908, 2031904.782719420967624 ], [ 552935.289350467501208, 2029948.094056570436805 ], [ 554853.745972061762586, 2032307.650170011911541 ], [ 555013.414848749525845, 2035041.524019117699936 ], [ 529316.864136679912917, 2033345.739439982920885 ], [ 528663.682677056174725, 2042875.105397504754364 ], [ 510492.372204832208809, 2041747.186805527191609 ], [ 509648.092593984678388, 2041687.089772915700451 ], [ 510231.433814709598664, 2032195.786843240726739 ], [ 500558.96704028674867, 2031565.662370041711256 ] ] ] } },
{ "type": "Feature", "properties": { "csa_geoid": "428", "csa_name": "Philadelphia-Reading-Camden, PA-NJ-DE-MD CSA" }, "geometry": { "type": "Polygon", "coordinates": [ [ [ 1721166.82094203797169, 1975070.763221017085016 ], [ 1730705.499292359687388, 1941185.699471888830885 ], [ 1744650.252040965249762, 1944884.0935748887714 ], [ 1747073.231271578697488, 1947719.367097984300926 ], [ 1747539.610331400297582, 1950119.034876766847447 ], [ 1750380.67990371468477, 1954820.538973843213171 ], [ 1754239.210032071685418, 1956007.394792762817815 ], [ 1755545.854123453376815, 1957746.486578028881922 ], [ 1754909.504018239676952, 1959994.347454542992637 ], [ 1758000.546583682997152, 1961802.351098734419793 ], [ 1758924.398111339891329, 1960903.436986009124666 ], [ 1761432.273523120209575, 1962092.245617619948462 ], [ 1761898.684902575565502, 1963823.358762820949778 ], [ 1760835.781230985186994, 1965947.69943504431285 ], [ 1758179.421867264900357, 1969007.296905243303627 ], [ 1752625.591123653110117, 1972135.025441681034863 ], [ 1751551.744798532687128, 1974277.305117710493505 ], [ 1751336.614491222891957, 1976579.993589943274856 ], [ 1748897.036495584296063, 1982264.02504619769752 ], [ 1749022.505039766198024, 1988171.410341267939657 ], [ 1747680.827330470317975, 1990309.742443139897659 ], [ 1746591.136702418094501, 1994476.201151416869834 ], [ 1743802.000874012010172, 1996899.072359343990684 ], [ 1742898.764089418342337, 1999315.816654147580266 ], [ 1737504.751856874907389, 2001940.863367876037955 ], [ 1735461.142138629918918, 2003738.786968332016841 ], [ 1732127.630943787517026, 2008785.564731232821941 ], [ 1728815.407273770775646, 2010630.855955567909405 ], [ 1726824.727049192413688, 2012710.255924071185291 ], [ 1726083.645613830303773, 2014656.201268089702353 ], [ 1726901.478178018471226, 2019183.745285121491179 ], [ 1726598.525832633953542, 2024295.417085560970008 ], [ 1721696.934884523507208, 2027259.922541118692607 ], [ 1721000.479713841108605, 2029235.067314463667572 ], [ 1722472.35010994807817, 2033577.192643186775967 ], [ 1724404.751901511801407, 2034652.837883349508047 ], [ 1727298.66154629830271, 2042555.857962896116078 ], [ 1729073.935741521185264, 2050560.796910203294829 ], [ 1732326.566882910905406, 2053586.235569714102894 ], [ 1734064.569361943053082, 2052796.206748138414696 ], [ 1731627.478357396088541, 2050883.933330988045782 ], [ 1730321.789908369304612, 2048464.373966259183362 ], [ 1729953.185195534490049, 2042417.714159190421924 ], [ 1728015.124335731612518, 2040059.604805005015805 ], [ 1728073.592513253679499, 2036820.391112335026264 ], [ 1724519.162384552648291, 2030617.959300230955705 ], [ 1725643.662834238493815, 2029077.222878576489165 ], [ 1730524.073208192596212, 2026867.487092563649639 ], [ 1730783.081659126095474, 2025885.744509764015675 ], [ 1729528.058399463072419, 2022465.08679127250798 ], [ 1730185.29210188286379, 2021986.646248515695333 ], [ 1731061.965933320578188, 2017916.86059000948444 ], [ 1729862.485636734869331, 2017475.302131976000965 ], [ 1731246.061308584874496, 2013646.983579536899924 ], [ 1733616.337570769246668, 2014001.956015732837841 ], [ 1734651.473138771485537, 2013046.229227030416951 ], [ 1737697.093204347649589, 2012579.013743311166763 ], [ 1740479.229610996088013, 2008985.996397580951452 ], [ 1745188.48059883271344, 2006633.932557299267501 ], [ 1745873.628416721709073, 2005184.994478720007464 ], [ 1750910.055562617490068, 2004748.135031583486125 ], [ 1753296.937139157438651, 2001288.081824083114043 ], [ 1758842.736704852432013, 2001339.700311682885513 ], [ 1760319.307043944951147, 1998654.50710183288902 ], [ 1763584.338425561552867, 1998062.127648247638717 ], [ 1767021.944825386395678, 1995982.094220145605505 ], [ 1768243.363968448946252, 1992288.024452100973576 ], [ 1770726.817505446495488, 1990935.382165116490796 ], [ 1771859.175499777542427, 1991608.479045040439814 ], [ 1772095.778283820021898, 1994165.117705876007676 ], [ 1777876.700080445501953, 1995809.863393628504127 ], [ 1779771.544926562579349, 1996002.036786031676456 ], [ 1780268.852005941094831, 1993865.146223561605439 ], [ 1785569.934045689413324, 1994871.82812611758709 ], [ 1791316.604635600931942, 1994018.110810192767531 ], [ 1792733.452198464889079, 1992673.723039143253118 ], [ 1793411.036144440760836, 1987582.370548267150298 ], [ 1793117.370953581063077, 1984557.819887711899355 ], [ 1791507.491125372936949, 1978191.222972073592246 ], [ 1790916.701279172906652, 1974160.75456231366843 ], [ 1791022.351967232767493, 1967188.893271786393598 ], [ 1794533.35884967725724, 1966617.8958478088025 ], [ 1798347.899368922226131, 1969074.754071866860613 ], [ 1800029.513392385095358, 1969225.035560427699238 ], [ 1800828.303182809846476, 1971029.26012798701413 ], [ 1804998.978354981634766, 1977309.362205775920302 ], [ 1803426.570949324872345, 1979856.857418191153556 ], [ 1805547.980109468800947, 1981064.502975372364745 ], [ 1807327.174056062474847, 1986342.551112944027409 ], [ 1809261.710989179089665, 1990000.769258741289377 ], [ 1808280.640355783514678, 1991121.488177167251706 ], [ 1810221.86646471102722, 1999056.006367986090481 ], [ 1813056.429040579125285, 2006668.434248462319374 ], [ 1817357.168299825629219, 2012885.502987223910168 ], [ 1817118.14268654724583, 2014471.208085851278156 ], [ 1823707.520319953560829, 2021148.033167160116136 ], [ 1826463.158165535191074, 2022978.817304100841284 ], [ 1829995.585331505164504, 2029158.140920209232718 ], [ 1831902.355720404768363, 2033407.580677567981184 ], [ 1831484.113904678728431, 2035133.245160178747028 ], [ 1832658.148272992810234, 2038017.64447644399479 ], [ 1830727.863068729639053, 2041328.746296304045245 ], [ 1826408.306821060366929, 2039430.73385208635591 ], [ 1823679.738099196925759, 2043329.813040256034583 ], [ 1822173.250920409103855, 2044348.124695624690503 ], [ 1821671.480648187687621, 2046608.142335321987048 ], [ 1822884.785481810336933, 2047093.618895538384095 ], [ 1823143.944042444461957, 2049909.46413415693678 ], [ 1818727.277328946394846, 2069255.915837393607944 ], [ 1813624.545373591128737, 2076370.902816609712318 ], [ 1803595.904383054468781, 2090835.747850969899446 ], [ 1800045.085593885509297, 2096222.179936145199463 ], [ 1793201.040031431708485, 2105342.178310774732381 ], [ 1790163.133323530899361, 2105158.758255043998361 ], [ 1783167.99626490753144, 2108163.094462535344064 ], [ 1782465.075740486849099, 2104543.763474693987519 ], [ 1780280.655773785430938, 2106557.73641749098897 ], [ 1778183.10858957353048, 2107482.369753228034824 ], [ 1776147.60032345354557, 2110303.158040383365005 ], [ 1769468.308084546821192, 2112834.548999512568116 ], [ 1766233.629862741101533, 2117236.933712932746857 ], [ 1762402.061341806082055, 2118863.721575399395078 ], [ 1758855.605692547513172, 2121010.551165414042771 ], [ 1755898.494276525918394, 2126394.142562619410455 ], [ 1752864.520115376450121, 2127466.578244841191918 ], [ 1750706.735980531200767, 2126170.043337615206838 ], [ 1747551.306008475134149, 2127139.906676010228693 ], [ 1745681.243939305422828, 2130979.991142373532057 ], [ 1745665.033496211050078, 2134015.103976809419692 ], [ 1743710.953302495647222, 2140532.088409135583788 ], [ 1740486.826018995139748, 2142747.796440040227026 ], [ 1737309.322501107351854, 2142947.122909027151763 ], [ 1734411.457736243493855, 2141069.193119904957712 ], [ 1732601.858471572166309, 2141958.47015083162114 ], [ 1732528.755415900377557, 2143707.720119504258037 ], [ 1731589.710561509942636, 2145442.356537481769919 ], [ 1727209.199715704889968, 2141420.609464276582003 ], [ 1721771.772077503614128, 2134717.168725253548473 ], [ 1717049.672517214901745, 2128389.819724676664919 ], [ 1712628.888308369088918, 2119464.768633266445249 ], [ 1702341.913590633310378, 2124785.909856012091041 ], [ 1677968.393415694823489, 2137765.753024311736226 ], [ 1673032.670801304513589, 2140514.885061698034406 ], [ 1665572.78469551471062, 2134614.531153727322817 ], [ 1665463.094678655499592, 2127490.16317974915728 ], [ 1662830.135591860394925, 2127642.946161303669214 ], [ 1661056.861764675239101, 2126775.846122468356043 ], [ 1660205.81975746108219, 2125037.168943104334176 ], [ 1658136.43726798449643, 2124153.028869814239442 ], [ 1654487.054842675803229, 2121435.67185698915273 ], [ 1653367.723859334364533, 2120021.315377960447222 ], [ 1649585.788023897912353, 2118506.234691435936838 ], [ 1646846.317398103186861, 2116596.574581530876458 ], [ 1640121.917192840017378, 2115006.858655586373061 ], [ 1633969.429022253490984, 2111438.320352339651436 ], [ 1632186.403664116514847, 2111104.417733515612781 ], [ 1652314.762603007024154, 2100488.729577279184014 ], [ 1654618.878375980304554, 2100330.656279322691262 ], [ 1660130.851401038933545, 2096379.927970324410126 ], [ 1687059.136355917435139, 2081753.252393072936684 ], [ 1682139.364686199231073, 2077391.903100909665227 ], [ 1683427.836082313209772, 2074146.6944774328731 ], [ 1684414.04332885495387, 2069652.054787709610537 ], [ 1681854.818018980091438, 2061057.474305225303397 ], [ 1681548.254879978485405, 2059274.415628641145304 ], [ 1682302.06828195322305, 2054582.013772453647107 ], [ 1683602.634296010946855, 2052831.964329638052732 ], [ 1681764.628171250689775, 2048008.812991918763146 ], [ 1682054.145814969670027, 2045466.937524210428819 ], [ 1680068.281699447194114, 2036928.350061511620879 ], [ 1677599.101883102208376, 2034102.139220811193809 ], [ 1677984.278993203770369, 2032395.33483017119579 ], [ 1675239.325489142909646, 2031501.505494491197169 ], [ 1667127.329957006964833, 2029756.381646901136264 ], [ 1669646.579595980001613, 2026291.185966564109549 ], [ 1674734.185610778396949, 2023154.162892590044066 ], [ 1676625.214319980004802, 2020093.811887314310297 ], [ 1677753.697402850026265, 2019611.524626664817333 ], [ 1684326.858584818197414, 2013050.320554615696892 ], [ 1687385.144605030305684, 2014758.452936128014699 ], [ 1690079.038560571148992, 2014569.872380561893806 ], [ 1690303.157779659610242, 2016253.92216913192533 ], [ 1692846.57806473877281, 2016434.611351738451049 ], [ 1693983.27890960033983, 2014246.061758121009916 ], [ 1692634.747861529234797, 2013154.65765591757372 ], [ 1692540.016044631134719, 2005896.958735849242657 ], [ 1695345.125911446753889, 2006140.512982903281227 ], [ 1694659.2436546261888, 2002836.87622445076704 ], [ 1693118.769974481314421, 2000128.592812858289108 ], [ 1691200.379446422914043, 1998414.66155743249692 ], [ 1691801.03456248762086, 1996516.300607415148988 ], [ 1694796.641266904072836, 1997070.062571454327554 ], [ 1696238.569188809022307, 1995404.882552198367193 ], [ 1697624.242263976018876, 1996530.25443155108951 ], [ 1702541.215310879750177, 1996412.200169255025685 ], [ 1706930.512611320242286, 1997362.529328373493627 ], [ 1709184.194325652904809, 1999779.784731375053525 ], [ 1714028.571244454942644, 2000381.141770775662735 ], [ 1718038.86099423491396, 1986173.548792658839375 ], [ 1721166.82094203797169, 1975070.763221017085016 ] ] ] } },
{ "type": "Feature", "properties": { "csa_geoid": "429", "csa_name": "Phoenix-Mesa, AZ CSA" }, "geometry": { "type": "Polygon", "coordinates": [ [ [ -1345145.658619406633079, 1151549.896237287903205 ], [ -1344934.24328096001409, 1151517.499175592092797 ], [ -1341697.069464691681787, 1172264.461055209627375 ], [ -1337621.752092741429806, 1199319.41234152042307 ], [ -1333414.368285460397601, 1226569.775718776509166 ], [ -1329754.255520714214072, 1225728.549450763966888 ], [ -1331398.053962572244927, 1231305.666264097206295 ], [ -1332458.370910927653313, 1237801.71768450550735 ], [ -1331519.038103117840365, 1240036.269625450018793 ], [ -1329566.677517069969326, 1247118.707767568295822 ], [ -1327403.982310113497078, 1247312.38019273430109 ], [ -1326629.889679026789963, 1248915.055365331936628 ], [ -1324942.390784025890753, 1248982.640649058390409 ], [ -1322110.419362316373736, 1247849.600205877097324 ], [ -1319638.331280103651807, 1250716.125367973698303 ], [ -1316962.296633372083306, 1251048.322195350890979 ], [ -1315135.126936552114785, 1250340.556080665206537 ], [ -1313089.912344760959968, 1251433.648627349641174 ], [ -1310917.455540707800537, 1250466.845073990290985 ], [ -1309147.790919137420133, 1251071.029920404776931 ], [ -1307993.683339637005702, 1249977.252355843083933 ], [ -1305723.192125776316971, 1251105.854919337434694 ], [ -1303518.443166622426361, 1251069.257246780907735 ], [ -1303337.162176676094532, 1252596.170238960068673 ], [ -1287892.999099608045071, 1250349.739525719545782 ], [ -1279134.868353983387351, 1309375.966725467238575 ], [ -1301971.90009907190688, 1312796.005247592926025 ], [ -1347120.773482164833695, 1319739.584206802304834 ], [ -1342572.09734571329318, 1348812.871126435929909 ], [ -1343326.351167700951919, 1352226.228740679100156 ], [ -1346043.901178479660302, 1353406.228641982888803 ], [ -1348686.180422588484362, 1353402.079373242100701 ], [ -1351295.799892741953954, 1350622.811092833057046 ], [ -1353795.268470606068149, 1351990.709264627657831 ], [ -1355091.139923159964383, 1355210.381710268789902 ], [ -1358910.637864374555647, 1356724.576688799308613 ], [ -1361217.988187695387751, 1358654.340517670614645 ], [ -1361609.196403469191864, 1360136.202242912491783 ], [ -1363415.048631344921887, 1361248.664943432435393 ], [ -1364401.301017378456891, 1363199.117885112995282 ], [ -1366704.586422624997795, 1361411.283884928794578 ], [ -1368112.365075387060642, 1362340.101275593508035 ], [ -1366725.460216510342434, 1365078.229668816085905 ], [ -1369870.272844456369057, 1366521.096636007539928 ], [ -1370646.578736724564806, 1368162.565886497497559 ], [ -1373635.846238841069862, 1367287.905423574848101 ], [ -1375565.764689404284582, 1367810.439168249024078 ], [ -1377108.743221062701195, 1370198.466950234025717 ], [ -1381110.837883485946804, 1371528.366039858432487 ], [ -1384624.271735487505794, 1376898.995813668239862 ], [ -1390188.593383585568517, 1375047.327283503022045 ], [ -1394120.681863497942686, 1375308.682382782688364 ], [ -1395435.147330173524097, 1377225.062186496099457 ], [ -1398240.113468538736925, 1375715.534800166497007 ], [ -1399759.462072054157034, 1370822.984548977110535 ], [ -1401022.107670921133831, 1373041.45824184641242 ], [ -1400253.008794632041827, 1378967.007351208245382 ], [ -1403655.210643276339397, 1376929.547204552451149 ], [ -1404497.457181361038238, 1375831.131751228356734 ], [ -1408062.64627847680822, 1377318.342111413599923 ], [ -1409737.876207222230732, 1376387.105588644975796 ], [ -1411767.608533589635044, 1377689.96767216315493 ], [ -1405217.907658696873114, 1380408.488553934497759 ], [ -1407515.067345905583352, 1380908.240348868304864 ], [ -1408017.328672307310626, 1384573.522054334869608 ], [ -1411120.650788282742724, 1382359.067093037301674 ], [ -1411892.488586129620671, 1379896.849891669116914 ], [ -1414232.621424602111802, 1378151.920947160338983 ], [ -1416441.994471963495016, 1378370.059647692367435 ], [ -1417692.69020272931084, 1376972.54918510094285 ], [ -1422321.298168036853895, 1375604.985356909222901 ], [ -1423451.5610259717796, 1372032.08386032609269 ], [ -1423704.032476850319654, 1368852.254459549440071 ], [ -1424690.365889512468129, 1367012.408755750861019 ], [ -1424728.586144647793844, 1364585.335019334452227 ], [ -1426414.59758747019805, 1364559.632115613901988 ], [ -1426585.538538260851055, 1362184.367782390210778 ], [ -1428139.522471074247733, 1361173.811713550472632 ], [ -1429604.25852355081588, 1357104.445813949685544 ], [ -1428429.932754235807806, 1356074.237604934955016 ], [ -1431931.739365936489776, 1351532.694306990364566 ], [ -1431358.774702160386369, 1350456.343842363683507 ], [ -1410806.065140810096636, 1347043.603541834512725 ], [ -1410972.997561478056014, 1343441.534315537195653 ], [ -1411920.246824548812583, 1340896.126062754308805 ], [ -1410371.101809471379966, 1338073.487127035623416 ], [ -1411607.126391250174493, 1334843.903165871510282 ], [ -1413588.203824083786458, 1334689.515980718191713 ], [ -1415021.829433718463406, 1330637.797855374170467 ], [ -1435435.011859646299854, 1334022.545319150900468 ], [ -1474160.642365233041346, 1346037.537089212797582 ], [ -1474408.806914624292403, 1342626.815711312927306 ], [ -1477841.700701264897361, 1340108.21176745952107 ], [ -1478145.438494931673631, 1338757.285090694436803 ], [ -1480236.323087397497147, 1337894.414731027558446 ], [ -1483125.387799592223018, 1335374.105213353643194 ], [ -1483012.094263632083312, 1332619.476860866649076 ], [ -1487077.95978130097501, 1330713.152147257933393 ], [ -1487377.591532999649644, 1329524.934109366498888 ], [ -1527375.320926253916696, 1349862.972742958460003 ], [ -1580559.9814338022843, 1359522.656108954921365 ], [ -1588042.450178162427619, 1319840.243177022319287 ], [ -1593332.595251629827544, 1291156.719672896433622 ], [ -1596679.112554193707183, 1272152.62365516088903 ], [ -1598495.857967463089153, 1262544.516166737768799 ], [ -1610883.863644907251, 1195413.229466808028519 ], [ -1582771.53088540979661, 1190261.114259514957666 ], [ -1554930.743430335307494, 1185298.502712512388825 ], [ -1536063.862772533902898, 1182122.006588312564418 ], [ -1506871.886007708497345, 1177040.91823642863892 ], [ -1469000.98351079877466, 1170596.031099376501516 ], [ -1448416.998739524977282, 1167182.550506813218817 ], [ -1448514.479924021288753, 1166590.57599140307866 ], [ -1410538.251710789976642, 1160423.704492860008031 ], [ -1410360.849936232436448, 1161482.972549842204899 ], [ -1381533.323215195909142, 1156879.037221498554572 ], [ -1381487.344122880836949, 1157181.792839355999604 ], [ -1345145.658619406633079, 1151549.896237287903205 ] ] ] } },
{ "type": "Feature", "properties": { "csa_geoid": "430", "csa_name": "Pittsburgh-Weirton-Steubenville, PA-OH-WV CSA" }, "geometry": { "type": "Polygon", "coordinates": [ [ [ 1428883.56734508369118, 2118084.091463276185095 ], [ 1416469.479500316781923, 2116123.073732523713261 ], [ 1395054.812601183308288, 2112581.644501173868775 ], [ 1392764.482725666603073, 2127840.702737906482071 ], [ 1391167.821673231432214, 2127187.308633028995246 ], [ 1387388.97600680636242, 2122357.37392837041989 ], [ 1385877.010936866514385, 2122570.20964312274009 ], [ 1384743.504133240319788, 2121034.661493856925517 ], [ 1380917.044315852224827, 2120243.629928797017783 ], [ 1379524.220405122032389, 2118742.793516421690583 ], [ 1376392.996569578303024, 2119806.269704401027411 ], [ 1376325.293476334773004, 2118087.364995264448225 ], [ 1373607.086542068049312, 2116828.610145509708673 ], [ 1370951.660854363813996, 2117870.444993204902858 ], [ 1368558.624937681015581, 2115130.484424814581871 ], [ 1366701.676042215898633, 2115843.22010021423921 ], [ 1364218.639526641694829, 2115547.163484408520162 ], [ 1362189.069612253690138, 2113372.623374378774315 ], [ 1360109.84733873535879, 2114085.847036008257419 ], [ 1361323.702299948083237, 2116076.239634979050606 ], [ 1360727.874465291155502, 2117592.890155122615397 ], [ 1361066.34286899631843, 2120681.79466319270432 ], [ 1359448.007543941028416, 2120182.110738666262478 ], [ 1355331.802727004513144, 2121279.364462637342513 ], [ 1355813.506965910317376, 2123124.83145031798631 ], [ 1353817.562518762424588, 2125023.687448092270643 ], [ 1352979.642695114482194, 2127346.310663236770779 ], [ 1351881.538403188576922, 2133587.122359358239919 ], [ 1350424.389309802325442, 2134469.794525032863021 ], [ 1325598.479272834025323, 2130089.719086875673383 ], [ 1319629.904870170867071, 2165204.424636349547654 ], [ 1309420.31269529950805, 2163047.943529570009559 ], [ 1309548.32340164645575, 2162401.892347846180201 ], [ 1293079.225723623530939, 2160081.574463597033173 ], [ 1277192.642678705509752, 2158004.01640009181574 ], [ 1281596.544511496787891, 2131473.433192166034132 ], [ 1292651.174889578018337, 2064060.973374132998288 ], [ 1288316.799750280333683, 2060560.387444749707356 ], [ 1286293.430543494177982, 2061482.208945698104799 ], [ 1283512.19947749748826, 2059987.552716175559908 ], [ 1281334.325524686835706, 2055819.747998832026497 ], [ 1274744.100066858576611, 2054844.323782508494332 ], [ 1274516.744374054484069, 2056357.923677596030757 ], [ 1264956.085117262322456, 2055089.814480206929147 ], [ 1265607.289756176061928, 2050203.628672322025523 ], [ 1260836.206117761787027, 2049541.249115861952305 ], [ 1262085.485790802631527, 2039720.181996629107744 ], [ 1260796.471718672895804, 2039556.277819697046652 ], [ 1261422.03604921605438, 2034704.700212009483948 ], [ 1267800.076818857574835, 2035525.561391874914989 ], [ 1268069.591272751800716, 2030636.748318981612101 ], [ 1271030.618783754296601, 2006154.034334911964834 ], [ 1280830.751000276068226, 2007234.909251830773428 ], [ 1286072.182528092060238, 2008327.704006109619513 ], [ 1287033.586315798107535, 2011247.7947430415079 ], [ 1294718.534698959905654, 2011967.372085148002952 ], [ 1301346.505026722792536, 2011097.15673259482719 ], [ 1304904.741751546505839, 1989393.849472394911572 ], [ 1306605.182977470103651, 1988583.717281277291477 ], [ 1308780.944155904930085, 1988746.839045073604211 ], [ 1311039.359260210068896, 1991845.353983147302642 ], [ 1314926.657058028038591, 1992849.03279430209659 ], [ 1316825.787565240869299, 1995202.233673714101315 ], [ 1320679.197237159823999, 1996800.443335581105202 ], [ 1321362.536212016362697, 1998281.192723793676123 ], [ 1323235.902478020405397, 1998769.849078440340236 ], [ 1325297.412736427970231, 1997124.298503166297451 ], [ 1327361.296106630237773, 1998353.947104696882889 ], [ 1331664.86654076911509, 1998207.541870058514178 ], [ 1332797.976682490902022, 1999095.728027914883569 ], [ 1336984.800003990065306, 1997576.520848364103585 ], [ 1340545.896167834289372, 1998399.794510234380141 ], [ 1342365.772134089609608, 2000877.265938736964017 ], [ 1344741.073368893237785, 1997262.06055644643493 ], [ 1346493.698247735155746, 1997944.564607384381816 ], [ 1348933.944716137833893, 1995179.686883676797152 ], [ 1352354.266347065800801, 1995991.134247494395822 ], [ 1355277.353519295807928, 1993354.558039971161634 ], [ 1355187.447053924901411, 1991496.795774755068123 ], [ 1356901.384291151538491, 1988670.427875734400004 ], [ 1355914.590281706070527, 1986896.317076771985739 ], [ 1357715.173425488173962, 1981206.103210223140195 ], [ 1359088.067617270397022, 1979208.711858278373256 ], [ 1357169.635464309249073, 1977459.544546740828082 ], [ 1357988.370609850157052, 1974848.388239198829979 ], [ 1360541.918125891126692, 1973094.152876945678145 ], [ 1359835.53331939689815, 1971050.320956311188638 ], [ 1390618.419378171907738, 1976358.680596546037123 ], [ 1403658.787560435011983, 1978724.241329835960642 ], [ 1402430.874003635486588, 1982700.31845818599686 ], [ 1402623.97891241684556, 1984976.082907545613125 ], [ 1404072.450530766043812, 1987903.98008289351128 ], [ 1403963.517895109485835, 1990056.827848624438047 ], [ 1402338.031890543643385, 1991563.783519813092425 ], [ 1398984.339707047911361, 1992958.857871825573966 ], [ 1399643.81272131879814, 1998395.884140596026555 ], [ 1405696.33350089401938, 2015376.533202963182703 ], [ 1407365.346293178852648, 2018560.352679253090173 ], [ 1407863.964913975913078, 2021237.656474377494305 ], [ 1410112.155444579198956, 2022752.098499099025503 ], [ 1410310.248110006563365, 2024436.192270544823259 ], [ 1414403.516568348510191, 2026923.503201792016625 ], [ 1414339.554135608719662, 2030665.485811023041606 ], [ 1416774.454593679402024, 2034836.280957761919126 ], [ 1418926.126925856573507, 2040736.93938366160728 ], [ 1419854.48279515048489, 2044328.075303276069462 ], [ 1423313.975501955254003, 2052693.714107875712216 ], [ 1425223.638491859659553, 2059404.466269973898306 ], [ 1427758.490326514700428, 2069859.349769421620294 ], [ 1430766.348930290201679, 2086605.347117426106706 ], [ 1432302.925458486191928, 2097644.418485625647008 ], [ 1432822.014957640320063, 2098156.775081258267164 ], [ 1432343.99410899518989, 2098652.721687062177807 ], [ 1428883.56734508369118, 2118084.091463276185095 ] ] ] } },
{ "type": "Feature", "properties": { "csa_geoid": "438", "csa_name": "Portland-Lewiston-South Portland, ME CSA" }, "geometry": { "type": "MultiPolygon", "coordinates": [ [ [ [ 2049572.420069155050442, 2584278.557056325487792 ], [ 2051302.921793200075626, 2584501.033313372638077 ], [ 2052030.770212549716234, 2587646.875527905765921 ], [ 2049929.454966972116381, 2586724.725875163916498 ], [ 2049572.420069155050442, 2584278.557056325487792 ] ] ], [ [ [ 2025369.952090068953112, 2500547.221291325520724 ], [ 2027461.382522661937401, 2502332.254204293712974 ], [ 2029010.475534945027903, 2508541.299150867387652 ], [ 2028941.569567736703902, 2513540.948190111666918 ], [ 2030152.937622850993648, 2516824.366157537791878 ], [ 2030591.976632733130828, 2520735.756488082464784 ], [ 2028370.078938450897112, 2523303.630683577619493 ], [ 2028984.788932377239689, 2530571.523710697423667 ], [ 2030355.078025676077232, 2533975.989015520084649 ], [ 2031505.679359839996323, 2535133.299094780348241 ], [ 2035061.394554486498237, 2535957.973743490409106 ], [ 2038886.971586106112227, 2539136.778646647930145 ], [ 2037166.679798986995593, 2541927.582086326088756 ], [ 2040138.433762341970578, 2545318.040492263156921 ], [ 2040787.385134927928448, 2548697.629034279845655 ], [ 2042460.222241376293823, 2549672.594317465554923 ], [ 2042168.654042904730886, 2551183.800819316878915 ], [ 2039518.156092903576791, 2550200.149004249833524 ], [ 2038253.676911520306021, 2551540.850289619527757 ], [ 2037318.064223188441247, 2554335.651371123734862 ], [ 2038168.703958587953821, 2558409.585710996761918 ], [ 2039338.685313512105495, 2560041.142747891135514 ], [ 2041637.442316677886993, 2560072.566850984003395 ], [ 2042341.087915371637791, 2562043.067338401917368 ], [ 2044050.792289377190173, 2563910.302983022294939 ], [ 2046555.258367646019906, 2563358.624534313101321 ], [ 2047815.001284945057705, 2565120.185666043777019 ], [ 2049832.295180885586888, 2565810.417271382175386 ], [ 2048722.646144096041098, 2567950.549372604116797 ], [ 2047282.699039215222001, 2568801.554589012637734 ], [ 2047267.194768487242982, 2571854.381465388461947 ], [ 2045099.2410820920486, 2574348.935624160338193 ], [ 2043608.82038147514686, 2574966.116335352417082 ], [ 2042024.603584975702688, 2577542.166158550418913 ], [ 2044790.951248289085925, 2584851.562108390033245 ], [ 2044372.990744337905198, 2588413.263643901795149 ], [ 2046904.976548495702446, 2589370.932312430813909 ], [ 2047639.177793762413785, 2591827.227032373193651 ], [ 2050244.22160662850365, 2594979.599054163321853 ], [ 2053551.254744490375742, 2598109.690258959308267 ], [ 2054753.580248340498656, 2601197.456613301299512 ], [ 2060104.074834257597104, 2601420.642894004937261 ], [ 2058218.525846722070128, 2596418.44332660920918 ], [ 2057499.719818493584171, 2591380.310235764831305 ], [ 2056223.987688903696835, 2588780.509651854168624 ], [ 2060121.646486406447366, 2589356.193494148086756 ], [ 2061545.320909739937633, 2590906.601771363988519 ], [ 2062213.836595907108858, 2593284.883002412971109 ], [ 2063753.404512458946556, 2595031.656088375020772 ], [ 2066439.344459878047928, 2594386.917162414174527 ], [ 2068426.353769683511928, 2595731.668155600782484 ], [ 2071431.683463059132919, 2592380.882302097510546 ], [ 2071271.064644251484424, 2590219.996817971579731 ], [ 2073345.807275363709778, 2590093.997868156991899 ], [ 2078681.341396233532578, 2594629.135622025001794 ], [ 2078916.78794279997237, 2597643.930768250953406 ], [ 2080030.411435049958527, 2599434.000948257744312 ], [ 2080072.349741022801027, 2603900.530483001843095 ], [ 2079259.632893906906247, 2607640.744667017832398 ], [ 2077762.483139085583389, 2607031.34176906850189 ], [ 2076539.739977710414678, 2609416.38288068305701 ], [ 2074941.580073579214513, 2610923.435879145283252 ], [ 2076695.0933710236568, 2615329.742767747025937 ], [ 2075503.896176863694564, 2615484.218567626550794 ], [ 2074414.745154008036479, 2619787.67782984720543 ], [ 2074837.109986553899944, 2623999.575459099374712 ], [ 2065529.736628371989354, 2623613.537981951609254 ], [ 2066816.73321157717146, 2625884.479356735944748 ], [ 2065801.1891930536367, 2630778.617332953959703 ], [ 2066328.087634874042124, 2632338.155891976319253 ], [ 2066338.655846655135974, 2636974.283208606764674 ], [ 2065505.64247818198055, 2638346.923638818785548 ], [ 2058047.999759060097858, 2637934.634488926734775 ], [ 2056715.015232305275276, 2635880.001781594008207 ], [ 2056584.462551940698177, 2630548.585235556587577 ], [ 2047805.19888237840496, 2630032.364361529238522 ], [ 2045939.693345885258168, 2630210.658078567590564 ], [ 2045801.09352968307212, 2633329.683156390208751 ], [ 2047012.722407108405605, 2636302.879215992521495 ], [ 2041557.349184422055259, 2636068.095623144879937 ], [ 2039954.845421446487308, 2637285.70058312267065 ], [ 2037281.311417399672791, 2647220.923835070803761 ], [ 2034765.113420285051689, 2648956.274388863705099 ], [ 2033942.682529637590051, 2650771.777801715768874 ], [ 2031019.941804181085899, 2653540.015112175606191 ], [ 2032725.790986072039232, 2655827.167229822371155 ], [ 2027417.460149524966255, 2666301.78458962123841 ], [ 2022199.265120479511097, 2663778.45245902845636 ], [ 2017720.091322662075981, 2658215.272602302953601 ], [ 2018151.053707081126049, 2655391.031266912817955 ], [ 2020739.639273617649451, 2650066.062190242111683 ], [ 2020740.20124055724591, 2632195.429566546343267 ], [ 2019988.675419309642166, 2632259.615820299368352 ], [ 2012823.988164314767346, 2612893.0578170446679 ], [ 2014062.920105627505109, 2609958.731114857830107 ], [ 2011558.543648979626596, 2610354.300156929995865 ], [ 2009912.362816428299993, 2605761.406471279915422 ], [ 2005261.793219107668847, 2607438.556485630106181 ], [ 2002946.429643420502543, 2610461.156987411901355 ], [ 2002312.17808443098329, 2614736.535800261888653 ], [ 2003137.080667665693909, 2617415.772591552231461 ], [ 2001462.923775715986267, 2620107.357266975101084 ], [ 1998863.170290728798136, 2621853.999781592283398 ], [ 1994438.057114766445011, 2616390.231174191925675 ], [ 1994016.43670959607698, 2616850.726341691333801 ], [ 1986417.797332532936707, 2607607.614986812695861 ], [ 1983056.95313208992593, 2608796.654050909914076 ], [ 1984102.955566284013912, 2604964.205786355771124 ], [ 1985197.641197818797082, 2604091.938029891811311 ], [ 1989752.853660919936374, 2604243.948374051600695 ], [ 1997992.27878552232869, 2597433.724808179307729 ], [ 1995982.685596021125093, 2595046.958254316821694 ], [ 1997865.658405050868168, 2593528.587536433711648 ], [ 1996320.901885140687227, 2590626.800514688715339 ], [ 1997124.177361694397405, 2588718.436390035320073 ], [ 1994432.293553393566981, 2584243.797026543412358 ], [ 1996926.724629863165319, 2581161.988274175673723 ], [ 1996025.460994469700381, 2579092.407576041761786 ], [ 1989640.58041061880067, 2577717.722080422565341 ], [ 1986648.139937303261831, 2574532.689448797143996 ], [ 1984439.900056495564058, 2573338.443665340542793 ], [ 1981798.499018108705059, 2573438.647772102616727 ], [ 1987682.629962757695466, 2555717.426305753644556 ], [ 1989507.229307228466496, 2549872.649562813341618 ], [ 1991765.089691102970392, 2548258.884391698986292 ], [ 1991176.252113812370226, 2546944.413738240487874 ], [ 1992453.109946287702769, 2544718.728918288834393 ], [ 1992193.853900202317163, 2540880.444239004980773 ], [ 1993473.07285246043466, 2538958.415905464906245 ], [ 1994240.53690982889384, 2535896.797271689400077 ], [ 1992942.826085458509624, 2532765.485887622460723 ], [ 1994243.402986299712211, 2528706.615653767250478 ], [ 1996515.850780071923509, 2525578.429450649768114 ], [ 1999048.669275551103055, 2525520.631462067831308 ], [ 2001158.122147695627064, 2524114.177161684259772 ], [ 2003745.827401188435033, 2520765.860127541702241 ], [ 2005257.281152416486293, 2519694.266913854517043 ], [ 2011245.055010929936543, 2517317.231780695728958 ], [ 2012657.166994845494628, 2510372.808763440232724 ], [ 2012662.846520996419713, 2507169.081400113645941 ], [ 2013788.463980546453968, 2505183.085809226613492 ], [ 2022281.229320471175015, 2501325.998449724633247 ], [ 2024704.654907220043242, 2502160.825255123432726 ], [ 2025369.952090068953112, 2500547.221291325520724 ] ] ] ] } },
{ "type": "Feature", "properties": { "csa_geoid": "440", "csa_name": "Portland-Vancouver-Salem, OR-WA CSA" }, "geometry": { "type": "Polygon", "coordinates": [ [ [ -2070564.866120317485183, 2898190.965342703275383 ], [ -2073554.644804630428553, 2887269.833510178141296 ], [ -2075304.618465654086322, 2881759.689571627881378 ], [ -2076875.868079197593033, 2875465.80929790250957 ], [ -2082728.098113799933344, 2873936.646386563777924 ], [ -2088885.143187027657405, 2875928.645711824297905 ], [ -2092525.096101460745558, 2864647.273631043266505 ], [ -2091948.408003438031301, 2864458.421336851082742 ], [ -2100287.626404044218361, 2836847.43107124324888 ], [ -2102478.83306324435398, 2829285.346220873296261 ], [ -2111716.009950212668628, 2832035.247607898898423 ], [ -2112680.784103416372091, 2828901.683943398296833 ], [ -2111128.448340399656445, 2828442.738380647264421 ], [ -2110036.478905797936022, 2826478.528257200028747 ], [ -2110500.840269350446761, 2824942.032619311008602 ], [ -2109421.181252935901284, 2822940.688375728204846 ], [ -2106214.813299134373665, 2821940.529723313637078 ], [ -2106682.866260525304824, 2820483.909775054082274 ], [ -2103671.614281774964184, 2819617.207281907554716 ], [ -2104124.003027474973351, 2818042.440788974054158 ], [ -2103074.297681693453342, 2816055.176374852657318 ], [ -2103508.809843020047992, 2814526.677023090887815 ], [ -2106585.003852140624076, 2815447.944211196620017 ], [ -2107497.37018807278946, 2812371.478096768725663 ], [ -2110554.952228195499629, 2813296.905436566099524 ], [ -2111017.892194238957018, 2811762.496215804480016 ], [ -2112952.615011508576572, 2810686.066806782502681 ], [ -2114516.295006461441517, 2811116.440901077818125 ], [ -2115340.742427930701524, 2807901.473127971403301 ], [ -2116834.892979494296014, 2808378.766978343948722 ], [ -2118956.593930785544217, 2802257.406494402792305 ], [ -2121777.200010944157839, 2792067.387353166937828 ], [ -2125731.262606302276254, 2779097.08239105110988 ], [ -2149871.813432876486331, 2786316.661490037571639 ], [ -2154309.291117357555777, 2771430.823789623100311 ], [ -2149812.135403769556433, 2770092.723258039914072 ], [ -2155996.497645396273583, 2749781.90561997005716 ], [ -2160671.891938484739512, 2734105.511884644627571 ], [ -2159689.829253159463406, 2731730.658210136927664 ], [ -2151974.5172103731893, 2729420.004941421095282 ], [ -2154222.520559320691973, 2721956.707088381517678 ], [ -2153776.629168950486928, 2721821.117047626990825 ], [ -2159255.587143819313496, 2703266.717112532351166 ], [ -2160787.587050652131438, 2698568.009045687969774 ], [ -2170089.350294281728566, 2701385.178793310187757 ], [ -2172080.68372349627316, 2693499.926500922068954 ], [ -2174032.772182487417012, 2692378.082949568983167 ], [ -2180291.395454772748053, 2694126.725605245213956 ], [ -2181220.166241695173085, 2690994.082029948942363 ], [ -2178089.676298098172992, 2690151.972472197376192 ], [ -2179122.618795881047845, 2686666.278767908923328 ], [ -2165460.841514005791396, 2681773.052891352213919 ], [ -2165277.401029186788946, 2682324.984429593663663 ], [ -2148380.77254103589803, 2677193.817582994233817 ], [ -2148294.938035624101758, 2677482.706815365236253 ], [ -2133714.935559884645045, 2673179.21182463504374 ], [ -2134595.534067444968969, 2669626.766684060916305 ], [ -2133214.231820877641439, 2666398.746684663463384 ], [ -2135201.943325384985656, 2663897.455499220639467 ], [ -2115321.96734630363062, 2658161.43996673123911 ], [ -2113369.481739493086934, 2664372.080246161203831 ], [ -2110434.425721660722047, 2663501.578163419850171 ], [ -2109547.309759933967143, 2666532.763637945987284 ], [ -2107349.32925243023783, 2665446.483055477961898 ], [ -2102842.368263253476471, 2664182.284970636013895 ], [ -2101595.753476082812995, 2664601.345875439699739 ], [ -2095090.966225341660902, 2660213.130082977935672 ], [ -2093481.137825918849558, 2659457.26099294051528 ], [ -2093461.848134582396597, 2657465.877072794362903 ], [ -2090073.339954298688099, 2655930.330588653218001 ], [ -2088537.154319029068574, 2653740.259328986052424 ], [ -2085921.228351934347302, 2653629.062097946181893 ], [ -2083860.754150167107582, 2651509.276561637409031 ], [ -2080942.841249066404998, 2650833.091037168633193 ], [ -2074916.155396350892261, 2648419.990762277971953 ], [ -2073820.439384306082502, 2647217.326427760068327 ], [ -2070099.342853876296431, 2648685.9284738288261 ], [ -2069426.789238597499207, 2651003.755299922078848 ], [ -2064599.882956396788359, 2649749.541796503122896 ], [ -2046476.991692468291149, 2644630.33671692898497 ], [ -2030222.443844322115183, 2641024.181052788626403 ], [ -2030375.233056672848761, 2645817.542507499922067 ], [ -2028735.88630072074011, 2651754.25682980613783 ], [ -2028613.820494660409167, 2654882.208010316360742 ], [ -2026430.161962721031159, 2661133.102493910584599 ], [ -2026369.352105989586562, 2663828.705859669018537 ], [ -2025487.991250623716041, 2666211.3738266620785 ], [ -2021979.99281846312806, 2667861.510098172817379 ], [ -2021833.069059879286215, 2670223.985224241390824 ], [ -2020237.213941994355991, 2672176.034486325923353 ], [ -2018363.389345991890877, 2676132.98487379681319 ], [ -2019037.563113651005551, 2678671.539355990011245 ], [ -2017486.452157382387668, 2681102.841033001895994 ], [ -2015623.525573044084013, 2688064.102552285883576 ], [ -2013645.216704031918198, 2692413.648745448328555 ], [ -2011767.601961222710088, 2693475.247089982964098 ], [ -2014134.769033775199205, 2696778.128050443250686 ], [ -2013263.717378512956202, 2699855.780036450829357 ], [ -2009399.388302071020007, 2699785.13175767660141 ], [ -2006844.102211705641821, 2702209.845831259153783 ], [ -2006341.441032341681421, 2705304.537094795610756 ], [ -2003280.536855984013528, 2707299.365454287268221 ], [ -2005254.276794960489497, 2709535.76689960481599 ], [ -2005621.060159961227328, 2712709.972043712623417 ], [ -2007109.164645832497627, 2712421.374252195004374 ], [ -2007422.751640725648031, 2717279.373616446275264 ], [ -2006957.216546282405034, 2720577.246605385094881 ], [ -2003302.837632403010502, 2723454.314411486499012 ], [ -2000989.838108599884436, 2722093.253891184460372 ], [ -1996152.712858771905303, 2724649.139458655845374 ], [ -1994020.423479760298505, 2723941.377881445456296 ], [ -1992909.28425066312775, 2725983.205825134180486 ], [ -1992967.654417121084407, 2729810.260054304264486 ], [ -1995146.454999855952337, 2730092.16540040075779 ], [ -1997103.379171811509877, 2739277.634014109615237 ], [ -1996676.900790103711188, 2740694.47554744547233 ], [ -1994033.278063926380128, 2740634.862365369684994 ], [ -1991150.654188082786277, 2742416.35507349204272 ], [ -1991262.862851542886347, 2744993.039181704632938 ], [ -1988711.446381906047463, 2749111.629717115312815 ], [ -1989525.349925782764331, 2753270.633696284145117 ], [ -1987886.302055046893656, 2757511.615028132684529 ], [ -1989251.149071147898212, 2760391.975307613611221 ], [ -1992909.798713341588154, 2762462.432655505370349 ], [ -1994248.179383766371757, 2766598.921585693955421 ], [ -1993666.340447970898822, 2768657.395805936772376 ], [ -1995845.231529331533238, 2771749.831373075023293 ], [ -1996949.447337008314207, 2776623.048983219545335 ], [ -1999207.506426251260564, 2777839.763111256062984 ], [ -1999271.51700567570515, 2780439.861968358512968 ], [ -1997787.755907668499276, 2781523.339111607056111 ], [ -1998152.390193885192275, 2785005.328626238740981 ], [ -1996520.213881310308352, 2791895.464954383671284 ], [ -1994360.497774455929175, 2793777.967334662564099 ], [ -1991082.17250101082027, 2795464.489091592375189 ], [ -1986486.749398863175884, 2795738.254859946202487 ], [ -1981144.571167583577335, 2792786.030435665510595 ], [ -1979038.151069969637319, 2792290.34254054306075 ], [ -1975805.034580883570015, 2792578.652146804146469 ], [ -1973024.366407078690827, 2791760.386107886210084 ], [ -1965013.465340701164678, 2792071.942701055668294 ], [ -1963983.367786420509219, 2792410.85053946217522 ], [ -1964078.250132937915623, 2796928.057250496000051 ], [ -1962199.448207952314988, 2797684.898556099273264 ], [ -1969075.621334068709984, 2799641.544007762335241 ], [ -1966721.049571963958442, 2809117.168338185641915 ], [ -1961567.552797890733927, 2827694.974560014903545 ], [ -1954850.746099516283721, 2825833.003008011262864 ], [ -1944719.450604152400047, 2862646.734286356717348 ], [ -1979450.674797484884039, 2872343.375021205749363 ], [ -1988750.212536168051884, 2874711.406760457437485 ], [ -2005945.649363842094317, 2879483.051708988379687 ], [ -2007230.845179763156921, 2880047.39285744773224 ], [ -2032025.130576380994171, 2887127.962899265345186 ], [ -2062814.369666059501469, 2896193.375635793432593 ], [ -2070564.866120317485183, 2898190.965342703275383 ] ] ] } },
{ "type": "Feature", "properties": { "csa_geoid": "444", "csa_name": "Pueblo-Cañon City, CO CSA" }, "geometry": { "type": "Polygon", "coordinates": [ [ [ -857451.82601676392369, 1785580.044051281409338 ], [ -853880.513393158442341, 1783667.11056210892275 ], [ -853046.740721755777486, 1780637.175922663183883 ], [ -853558.484060360118747, 1778014.265986714977771 ], [ -851214.142830207129009, 1776786.513370988192037 ], [ -850693.230356106651016, 1775152.492337267380208 ], [ -852231.80678582447581, 1771478.872343119699508 ], [ -851765.094752567936666, 1770080.367727063130587 ], [ -853457.633715848089196, 1768819.43834293470718 ], [ -854413.962263062596321, 1764082.129605121677741 ], [ -856958.514827538048849, 1764105.25591527344659 ], [ -864023.674075121758506, 1758299.839533804450184 ], [ -862982.788089428446256, 1755366.000092879636213 ], [ -861611.332824177923612, 1754880.261809617048129 ], [ -859103.096842759405263, 1751601.324291151715443 ], [ -858986.804472961346619, 1750249.291898138588294 ], [ -855275.789881651755422, 1746638.703529699938372 ], [ -853136.503101728158072, 1741417.300339095760137 ], [ -849385.548983937711455, 1737409.72038104897365 ], [ -847581.271677904878743, 1736259.384053989313543 ], [ -829912.468767776503228, 1734434.69602554757148 ], [ -810737.14618683885783, 1731895.185689767589793 ], [ -789764.799955358612351, 1729639.547109479783103 ], [ -783174.484804417472333, 1729055.287314385408536 ], [ -784481.78829119191505, 1714520.240860120858997 ], [ -784837.134515277808532, 1712983.60021662642248 ], [ -786885.187331946915947, 1690846.975570531794801 ], [ -785797.321077309316024, 1688390.468398737255484 ], [ -784111.22989656298887, 1686731.107534864684567 ], [ -752049.53336492611561, 1685911.046341414330527 ], [ -702846.462715516681783, 1662917.530919789103791 ], [ -701925.994126045960002, 1672737.498265482950956 ], [ -697614.546778152463958, 1721656.053969997446984 ], [ -697287.28533678886015, 1721743.320431158877909 ], [ -694746.004319281550124, 1750834.406635157298297 ], [ -713786.026781271095388, 1752332.568902837112546 ], [ -751904.61227671476081, 1755572.571538436692208 ], [ -771127.971453301608562, 1757364.83069497323595 ], [ -769810.745668854913674, 1771940.022853083210066 ], [ -779021.176633876748383, 1773070.204131507547572 ], [ -782637.960709044593386, 1772892.880718052620068 ], [ -795390.3780984232435, 1774093.981185683514923 ], [ -794601.172284860047512, 1779625.729383749887347 ], [ -802479.864234373206273, 1780430.56366930459626 ], [ -816998.488425269606523, 1781824.557126936502755 ], [ -834498.25177307438571, 1783326.441954456968233 ], [ -857451.82601676392369, 1785580.044051281409338 ] ] ] } },
{ "type": "Feature", "properties": { "csa_geoid": "446", "csa_name": "Pullman-Moscow, WA-ID CSA" }, "geometry": { "type": "Polygon", "coordinates": [ [ [ -1692568.711782383034006, 2820911.074325907044113 ], [ -1690163.489816239103675, 2816696.73385422071442 ], [ -1686118.289735078345984, 2815717.964602446183562 ], [ -1683752.547658291412517, 2817178.394279196392745 ], [ -1681967.711390301119536, 2816772.683978941291571 ], [ -1679160.675991666503251, 2817303.166968896985054 ], [ -1672870.661323403939605, 2816607.477287316229194 ], [ -1669732.065330238081515, 2815039.256691493093967 ], [ -1667508.798277916153893, 2815362.459404948633164 ], [ -1665622.907986603444442, 2818218.407631022855639 ], [ -1660591.546141605824232, 2817550.518184034153819 ], [ -1657981.27190999686718, 2819186.516791103407741 ], [ -1656314.814669463085011, 2822229.023372650612146 ], [ -1654381.016456858953461, 2823944.065528629813343 ], [ -1650188.547556566307321, 2823880.119047788903117 ], [ -1647325.406190715963021, 2822898.632138533052057 ], [ -1646198.389774903887883, 2820294.316109845414758 ], [ -1644232.39409341244027, 2819082.783314256928861 ], [ -1640435.440981595311314, 2819087.487852436956018 ], [ -1638089.727303866297007, 2818167.574038941878825 ], [ -1635600.191584723768756, 2819687.164858421776444 ], [ -1633606.902007305296138, 2819712.005410525016487 ], [ -1632205.841311842901632, 2814824.474067957140505 ], [ -1628932.089861948974431, 2812764.387539046350867 ], [ -1629569.453862846363336, 2809131.980072391685098 ], [ -1626989.522591554792598, 2804824.14182313811034 ], [ -1625063.355040366994217, 2804247.458637389820069 ], [ -1621618.062679235823452, 2799313.610015464480966 ], [ -1621025.563925839262083, 2794215.260451161768287 ], [ -1622059.706046724459156, 2792245.574133315589279 ], [ -1622044.180826500756666, 2790285.82373413303867 ], [ -1620431.653493989957497, 2788202.919670740142465 ], [ -1621439.070234019774944, 2786540.53149755159393 ], [ -1620634.102276630466804, 2784986.81312828976661 ], [ -1616751.257757421117276, 2785287.333876795135438 ], [ -1612154.170876982389018, 2782747.575165488757193 ], [ -1609729.017482002731413, 2783607.598423996008933 ], [ -1608461.079430790618062, 2782886.992042938247323 ], [ -1605630.852070819586515, 2795406.674349586013705 ], [ -1581530.582182333804667, 2790157.08388394722715 ], [ -1579761.970392022049055, 2793298.815384767018259 ], [ -1575336.09173946804367, 2796641.808051634579897 ], [ -1571358.81699649291113, 2797937.60636563366279 ], [ -1569195.520186875713989, 2797147.5960603361018 ], [ -1550253.831650756997988, 2792946.950610076542944 ], [ -1540984.632116904482245, 2835570.207408065441996 ], [ -1550592.911719431634992, 2837684.857051741331816 ], [ -1550242.650129389716312, 2839250.585351073648781 ], [ -1573560.624923641094938, 2844479.988883533515036 ], [ -1578466.239580394234508, 2845011.151121718343347 ], [ -1579082.681609957013279, 2846816.53793680248782 ], [ -1581910.473638513125479, 2850931.346532529219985 ], [ -1583981.27229673997499, 2851810.427019512746483 ], [ -1586430.474202089710161, 2850923.683327652513981 ], [ -1587689.665794413536787, 2853498.143318976275623 ], [ -1586334.659331186441705, 2856154.419099914841354 ], [ -1588441.755794695112854, 2858356.823163717985153 ], [ -1591406.782467484939843, 2858658.726815583650023 ], [ -1588215.877174467081204, 2872903.821461420040578 ], [ -1620362.114604680566117, 2880245.101802743505687 ], [ -1646318.909675751114264, 2886341.471196910832077 ], [ -1656483.297557500889525, 2888764.824317223858088 ], [ -1665125.184723437996581, 2851503.396400172263384 ], [ -1665702.882491316180676, 2851641.611941217910498 ], [ -1667194.232151501113549, 2846577.702775584999472 ], [ -1670148.074050356633961, 2845130.254767500329763 ], [ -1670312.42875328916125, 2842230.998405381571501 ], [ -1672243.745642761699855, 2841504.463499661535025 ], [ -1672232.266959673957899, 2839070.055643831845373 ], [ -1674126.021466261940077, 2838861.275129588320851 ], [ -1675457.59176596510224, 2837264.983001337386668 ], [ -1678721.558891064953059, 2839261.637036504223943 ], [ -1681461.000833956059068, 2837908.098046946339309 ], [ -1683749.63407326489687, 2838219.43593179853633 ], [ -1684598.391920133028179, 2836962.433787554968148 ], [ -1686477.327836605487391, 2837969.999398448038846 ], [ -1688317.669321016175672, 2836969.63259406061843 ], [ -1691385.649630954489112, 2836988.624582641292363 ], [ -1690391.904241324635223, 2830667.547751717735082 ], [ -1691962.187247198075056, 2828455.726435261312872 ], [ -1690723.020404004957527, 2822934.152701323386282 ], [ -1692568.711782383034006, 2820911.074325907044113 ] ] ] } },
{ "type": "Feature", "properties": { "csa_geoid": "448", "csa_name": "Quincy-Hannibal, IL-MO CSA" }, "geometry": { "type": "Polygon", "coordinates": [ [ [ 365570.062010339810513, 1821155.807170266285539 ], [ 365601.270241333695594, 1819517.357859062030911 ], [ 373637.24191792862257, 1819850.989372075535357 ], [ 389543.672200680535752, 1819982.637537057045847 ], [ 386942.365240915387403, 1834669.238903481513262 ], [ 394605.852226338291075, 1840872.20849365205504 ], [ 407972.742347526014782, 1852267.963280837517232 ], [ 406779.467657549190335, 1854089.375853105681017 ], [ 404606.679353853687644, 1855656.890569219598547 ], [ 401441.809572293888777, 1859503.606183790368959 ], [ 394665.417776086076628, 1864725.266090437537059 ], [ 393106.670743405586109, 1866583.902426070068032 ], [ 393377.887983096647076, 1869536.461306530283764 ], [ 401811.305511312908493, 1869807.558552992297336 ], [ 431474.351138401485514, 1871315.309191768290475 ], [ 430514.968247376731597, 1887535.778384678764269 ], [ 430544.733367850072682, 1890673.122740137623623 ], [ 430019.120650096563622, 1900506.867514900863171 ], [ 429199.190504344005603, 1920103.665260977111757 ], [ 409531.281659853062592, 1919348.597020275657997 ], [ 388320.025617247214541, 1918733.706961759133264 ], [ 379174.701897842460312, 1918346.298762182006612 ], [ 378858.649100633570924, 1922411.573539200006053 ], [ 379326.789247936743777, 1923842.22016430250369 ], [ 341321.780230953649152, 1923067.816748555283993 ], [ 341829.954028052452486, 1918221.612601826433092 ], [ 342032.791137165972032, 1908066.562446419149637 ], [ 342628.713640727743041, 1888607.892383693018928 ], [ 352141.682354330958333, 1888885.335355102783069 ], [ 353019.452839188626967, 1856427.488244816893712 ], [ 364193.30970724625513, 1856826.399839642457664 ], [ 364770.669658233295195, 1850284.539596353890374 ], [ 365570.062010339810513, 1821155.807170266285539 ] ] ] } },
{ "type": "Feature", "properties": { "csa_geoid": "450", "csa_name": "Raleigh-Durham-Cary, NC CSA" }, "geometry": { "type": "Polygon", "coordinates": [ [ [ 1593663.567629335680977, 1612753.942775877891108 ], [ 1588157.522660689661279, 1613277.742714789230376 ], [ 1586470.942750122398138, 1612062.583364876918495 ], [ 1584471.594416345935315, 1611856.233081047656015 ], [ 1581705.979284474393353, 1615447.609835063107312 ], [ 1579624.05562367849052, 1614839.157188844401389 ], [ 1577976.373496669577435, 1615788.963575387606397 ], [ 1576744.560418241890147, 1614661.373015225399286 ], [ 1573430.820502097485587, 1615048.372374786995351 ], [ 1566049.289623542921618, 1614753.254399333614856 ], [ 1567826.872208980377764, 1619640.76230428298004 ], [ 1558809.276401690207422, 1645033.354745482793078 ], [ 1547243.631173482863232, 1642713.322785318363458 ], [ 1545717.223453717771918, 1639635.905220475280657 ], [ 1544489.913639649515972, 1638499.427873436594382 ], [ 1544309.585334243951365, 1632176.799859686056152 ], [ 1550135.038063956191763, 1602288.719622516306117 ], [ 1551320.756875781109557, 1601625.83751724450849 ], [ 1549030.268280830001459, 1590431.852701581083238 ], [ 1550093.673143223160878, 1583926.552039771806449 ], [ 1544651.586193365976214, 1585259.276028502499685 ], [ 1537009.971856287680566, 1587503.052759578917176 ], [ 1533859.231530105229467, 1587086.390375782968476 ], [ 1528426.373055031523108, 1585600.026830567279831 ], [ 1525942.764684570487589, 1587755.958719941787422 ], [ 1523302.445730638457462, 1603354.111992280464619 ], [ 1518096.770237834891304, 1635497.767189462902024 ], [ 1517664.268891934305429, 1637158.055497024906799 ], [ 1487808.777593597769737, 1631751.902926868293434 ], [ 1492363.899154021404684, 1598444.688190800370649 ], [ 1483219.623550643911585, 1596990.32544659008272 ], [ 1489148.552610424347222, 1560584.479238425381482 ], [ 1491089.291251929011196, 1556854.977955215144902 ], [ 1491470.875666251406074, 1554499.61304394598119 ], [ 1492873.359897764166817, 1553301.549620629055426 ], [ 1465993.250453871442005, 1548447.612617678940296 ], [ 1468208.142230430617929, 1533569.328211488435045 ], [ 1469744.997761608101428, 1521368.702114292886108 ], [ 1471141.203268831595778, 1512039.422930653905496 ], [ 1489301.105349159566686, 1515570.517914793686941 ], [ 1490949.469280550722033, 1513560.627518092980608 ], [ 1489889.676051783608273, 1509607.980595929315314 ], [ 1492995.273467108607292, 1506777.556023238925263 ], [ 1494968.006814518710598, 1504128.749020986026153 ], [ 1496585.786400673445314, 1503402.744920156896114 ], [ 1498536.942376697203144, 1501135.069207868073136 ], [ 1499300.598331542452797, 1498629.274335582507774 ], [ 1504447.478474324336275, 1496245.606088215485215 ], [ 1508194.912349387770519, 1494962.200361510971561 ], [ 1505459.454438087064773, 1490036.614570372505113 ], [ 1508411.116266135592014, 1488528.366886406438425 ], [ 1511138.405580944847316, 1487958.322350062197074 ], [ 1512866.423017787281424, 1485206.561663254629821 ], [ 1518260.752753000240773, 1483681.238758804509416 ], [ 1525393.712914901785553, 1487153.059057692764327 ], [ 1531399.862309514312074, 1489148.393260209355503 ], [ 1536629.266447316389531, 1491368.85320436861366 ], [ 1537482.20918879751116, 1493182.207307432079688 ], [ 1543633.368490181630477, 1496690.408198048593476 ], [ 1545856.188998770900071, 1496367.620182967046276 ], [ 1549603.335588395595551, 1497891.183476159116253 ], [ 1550438.013635410927236, 1497226.938297033309937 ], [ 1559689.020768269430846, 1497339.795999308582395 ], [ 1562007.439707163488492, 1500909.707786766812205 ], [ 1561756.12452234630473, 1503692.188765633618459 ], [ 1565231.197997964685783, 1506413.773168501909822 ], [ 1570433.00271677877754, 1501340.616801925236359 ], [ 1577717.678054942050949, 1501714.179908120073378 ], [ 1578794.254180982708931, 1502859.484188674716279 ], [ 1586364.323833118891343, 1507087.93727808794938 ], [ 1587289.539112908998504, 1510391.147488127695397 ], [ 1589991.037232526578009, 1512097.124674516730011 ], [ 1592040.792910277377814, 1512213.500060395570472 ], [ 1593896.682538487715647, 1514452.945726448204368 ], [ 1598208.778740073554218, 1516149.596048509236425 ], [ 1597473.063937263097614, 1518258.613340142881498 ], [ 1598608.772753035416827, 1520257.747710038209334 ], [ 1597082.860134957591072, 1523947.367224347777665 ], [ 1601536.539104900555685, 1543877.316748268902302 ], [ 1595797.793691528961062, 1544817.151099130744115 ], [ 1591229.058854741510004, 1553347.154494548449293 ], [ 1590466.88399604242295, 1556098.632737947162241 ], [ 1588169.395243884297088, 1557698.805366154294461 ], [ 1586265.482332470826805, 1557251.335014920914546 ], [ 1583259.272220197599381, 1559327.408630700083449 ], [ 1581380.067998599493876, 1561372.483921549282968 ], [ 1581320.305135754169896, 1563276.857130296295509 ], [ 1579824.745655152481049, 1566289.15596969681792 ], [ 1583799.825336573412642, 1580789.803344302810729 ], [ 1586642.127920056926087, 1590225.166493440512568 ], [ 1593663.567629335680977, 1612753.942775877891108 ] ] ] } },
{ "type": "Feature", "properties": { "csa_geoid": "452", "csa_name": "Rapid City-Spearfish, SD CSA" }, "geometry": { "type": "Polygon", "coordinates": [ [ [ -598777.542141808662564, 2425498.923564674798399 ], [ -618734.303855354781263, 2427194.078001197427511 ], [ -620509.722783027449623, 2425446.948997370433062 ], [ -622286.210068157757632, 2425446.652136329561472 ], [ -624827.775843771290965, 2426871.201531450729817 ], [ -627849.593287100316957, 2425146.600129163824022 ], [ -630970.303790709236637, 2425478.785998301114887 ], [ -633456.708115555811673, 2424931.528757963329554 ], [ -635859.060228630783968, 2425963.700141036417335 ], [ -637626.200487050227821, 2425001.577015413437039 ], [ -641718.12879505706951, 2375681.43447587126866 ], [ -644440.22016942081973, 2344459.857124512083828 ], [ -647864.215509102330543, 2303531.154742747545242 ], [ -638338.63137891551014, 2302838.95836054906249 ], [ -628692.703046642243862, 2301931.963632467202842 ], [ -581113.656766387517564, 2298076.528287524357438 ], [ -563270.95258686831221, 2296707.94860806548968 ], [ -562219.852275980636477, 2311063.761035578325391 ], [ -559986.605740964412689, 2312343.539366730488837 ], [ -556627.823345378506929, 2312095.437598057091236 ], [ -555239.410459515755065, 2316750.55973153328523 ], [ -553763.069039279362187, 2318172.539302611723542 ], [ -549376.575622533098795, 2316787.800413428340107 ], [ -546713.738098729168996, 2316846.685585801955312 ], [ -546205.471702228998765, 2319044.035076889675111 ], [ -510061.633626361493953, 2316522.948490921873599 ], [ -495410.614131037436891, 2315590.431956720538437 ], [ -490635.056867876206525, 2317699.099978812038898 ], [ -489072.511680614377838, 2315864.266013744752854 ], [ -485562.213503475009929, 2315121.232355010695755 ], [ -482737.511630488676019, 2317108.818387467879802 ], [ -480739.944975956925191, 2348934.85836096573621 ], [ -479797.609055381675716, 2348879.398366058710963 ], [ -477329.659526152419858, 2387735.750495074782521 ], [ -476832.099981619976461, 2387709.521451774053276 ], [ -475609.959954116959125, 2406369.323889648076147 ], [ -471891.683521376457065, 2464713.614886978175491 ], [ -471976.027175302268006, 2464882.504113817587495 ], [ -521701.241819973627571, 2468236.879806780256331 ], [ -547144.758806869504042, 2470164.315746035892516 ], [ -549976.251146048540249, 2431425.433876744937152 ], [ -550370.435436713276431, 2431453.912862967234105 ], [ -551112.110480917268433, 2421868.594247264787555 ], [ -598777.542141808662564, 2425498.923564674798399 ] ] ] } },
{ "type": "Feature", "properties": { "csa_geoid": "454", "csa_name": "Redding-Red Bluff, CA CSA" }, "geometry": { "type": "Polygon", "coordinates": [ [ [ -2250564.895147171337157, 2241656.634526378940791 ], [ -2249918.132839801255614, 2239376.356849463656545 ], [ -2247447.819209250621498, 2238071.339139373041689 ], [ -2245451.781417374964803, 2236013.386111583560705 ], [ -2244878.357322320342064, 2233794.736227203160524 ], [ -2245836.233745354693383, 2231989.860547765158117 ], [ -2245920.267778247129172, 2228699.720426736399531 ], [ -2247493.840468116104603, 2227487.329080966766924 ], [ -2248603.065247842110693, 2224681.785768004599959 ], [ -2247977.201387977227569, 2222731.346951719373465 ], [ -2247899.714891694486141, 2219204.13748434279114 ], [ -2249588.247762904502451, 2217077.272506102453917 ], [ -2248492.503121164627373, 2214676.848314797505736 ], [ -2250324.984094958752394, 2208039.061475654598325 ], [ -2249157.803224963136017, 2204548.470867635216564 ], [ -2249972.464622545521706, 2201727.618608412798494 ], [ -2249151.372335575055331, 2200407.83651668485254 ], [ -2250355.646352303680032, 2198503.355246089864522 ], [ -2253025.046163314953446, 2198268.204029542393982 ], [ -2254286.908213127404451, 2194121.460094914305955 ], [ -2255808.180027837399393, 2191777.112077786587179 ], [ -2255087.824885300826281, 2190192.674952591769397 ], [ -2255832.391120431944728, 2186696.078923530410975 ], [ -2251820.921211919281632, 2185231.98276053275913 ], [ -2209849.677980017382652, 2173138.291536313481629 ], [ -2199488.975548307877034, 2170226.205022488255054 ], [ -2193535.974158389493823, 2168332.636774375569075 ], [ -2182766.211285965517163, 2165313.972221463453025 ], [ -2183846.323791101109236, 2167233.917922711465508 ], [ -2182233.628549806308001, 2171199.190489752683789 ], [ -2180023.176211201120168, 2174567.413916336838156 ], [ -2166953.308146468363702, 2170839.398281989619136 ], [ -2160348.599330989643931, 2169129.76648304797709 ], [ -2158023.584232157561928, 2168968.423228743951768 ], [ -2155313.733021586667746, 2170341.883628203999251 ], [ -2154004.513795468490571, 2173667.849636137019843 ], [ -2151395.644084096886218, 2176327.279664305970073 ], [ -2149016.063963876571506, 2177613.043711058795452 ], [ -2144510.628844594117254, 2176151.783262755256146 ], [ -2143219.677504812832922, 2177456.604001057799906 ], [ -2142413.957066415809095, 2180603.681763941887766 ], [ -2139295.849958888720721, 2183144.817542342469096 ], [ -2138158.29930538777262, 2183136.540380960796028 ], [ -2137105.280802296940237, 2187000.487956629134715 ], [ -2136129.376569574698806, 2187552.197044881526381 ], [ -2129950.342508085072041, 2185849.016769986599684 ], [ -2126889.502165006939322, 2187546.580957482103258 ], [ -2123571.132608790881932, 2187481.539639664348215 ], [ -2122330.643802450969815, 2192722.968119349796325 ], [ -2121331.998411541804671, 2194469.656770753674209 ], [ -2118850.197785641998053, 2193361.807395624928176 ], [ -2114124.906553000677377, 2196038.506769915111363 ], [ -2113972.330685533583164, 2198318.647159279789776 ], [ -2111942.497467675246298, 2199956.777058521751314 ], [ -2113212.025983654428273, 2204198.685867020860314 ], [ -2111587.472503557801247, 2203694.173877982888371 ], [ -2110240.102360242512077, 2205090.893919617403299 ], [ -2112363.284159601666033, 2208905.408695651218295 ], [ -2115932.539807933848351, 2211025.458524447865784 ], [ -2119269.51243415242061, 2211925.294765974860638 ], [ -2119643.257031582761556, 2213933.328782696742564 ], [ -2117960.490561268292367, 2219615.534634493757039 ], [ -2119072.387077665422112, 2221373.05770144239068 ], [ -2118649.010712943505496, 2222835.255186788272113 ], [ -2104882.683567255735397, 2219037.668815359007567 ], [ -2102949.161543689668179, 2224573.64625369431451 ], [ -2090665.560640357900411, 2268622.640197886154056 ], [ -2091123.512654009042308, 2270501.378271367866546 ], [ -2083418.147905527148396, 2298910.735324311070144 ], [ -2114445.237153980880976, 2307392.730451670940965 ], [ -2147147.510564639698714, 2316492.348668507300317 ], [ -2148822.4208545233123, 2317149.354711307678372 ], [ -2162436.177086273673922, 2321040.147234835661948 ], [ -2167168.522846610751003, 2322160.303374996874481 ], [ -2176959.324342751409858, 2324929.846809259615839 ], [ -2173913.71526708221063, 2322151.045885926112533 ], [ -2174955.930939684156328, 2316853.484990476164967 ], [ -2176308.046044818125665, 2314721.274861405603588 ], [ -2179531.86088366759941, 2314406.153112239670008 ], [ -2181069.811041729990393, 2315107.424098148941994 ], [ -2183668.667558946181089, 2314032.724350634030998 ], [ -2182843.425992811564356, 2312682.031219296623021 ], [ -2184501.18589073093608, 2307491.069349848665297 ], [ -2186978.040982346050441, 2306946.467612957581878 ], [ -2188732.061708565335721, 2305279.124734329991043 ], [ -2191368.960557262878865, 2304971.646985901519656 ], [ -2194199.886676940135658, 2299423.627521883230656 ], [ -2193877.972171596251428, 2296826.3820072975941 ], [ -2196630.160242619458586, 2295019.445148926228285 ], [ -2198704.162504930980504, 2291864.393104158341885 ], [ -2201412.817925100214779, 2290413.308747308794409 ], [ -2201113.659850968513638, 2288429.735914670862257 ], [ -2201990.765819652471691, 2286097.425291213206947 ], [ -2208448.34779616445303, 2282333.335073650814593 ], [ -2207816.528206774499267, 2280554.098042836412787 ], [ -2210014.339662971906364, 2277668.058212507981807 ], [ -2212603.5937688825652, 2277736.585540442727506 ], [ -2211829.064942573662847, 2272831.288484536577016 ], [ -2211008.422834008932114, 2270500.130037024151534 ], [ -2212035.24006915371865, 2263541.508514245040715 ], [ -2213734.133801817893982, 2264735.344787780195475 ], [ -2219887.745432960335165, 2262502.739685118664056 ], [ -2222050.818199359811842, 2259668.304919275455177 ], [ -2225904.639327696058899, 2260079.464176550041884 ], [ -2226436.263656002935022, 2258553.597779509611428 ], [ -2230600.204297887161374, 2257173.219656590837985 ], [ -2232325.946156058460474, 2254945.518995420075953 ], [ -2234336.78544120490551, 2255759.423270133323967 ], [ -2235772.411599206738174, 2254045.218467211350799 ], [ -2237383.523539858404547, 2253620.241383178625256 ], [ -2240922.083424065727741, 2254304.401452748570591 ], [ -2241472.585037807933986, 2251917.949771109037101 ], [ -2243625.292131049092859, 2251021.659727419726551 ], [ -2244102.712157434783876, 2249805.368607049342245 ], [ -2248107.757418266497552, 2248226.021233301609755 ], [ -2249324.541907464619726, 2246726.725946891587228 ], [ -2250564.895147171337157, 2241656.634526378940791 ] ] ] } },
{ "type": "Feature", "properties": { "csa_geoid": "456", "csa_name": "Reno-Carson City-Gardnerville Ranchos, NV-CA CSA" }, "geometry": { "type": "Polygon", "coordinates": [ [ [ -2051788.301546192029491, 2002857.575667749159038 ], [ -2058984.943846194306388, 1975116.898776107933372 ], [ -2057157.878532476024702, 1975625.116879991954193 ], [ -2054878.455591789213941, 1972349.656217695213854 ], [ -2045795.297109345206991, 1961195.062706720083952 ], [ -2041108.24692542757839, 1963027.595812863204628 ], [ -2039050.114175568334758, 1963091.172373834298924 ], [ -2037571.246800300432369, 1964318.507591160014272 ], [ -2034818.944120911182836, 1964224.335039403289557 ], [ -2033108.197097083088011, 1964955.385444638086483 ], [ -2029659.791981526883319, 1964271.67178047914058 ], [ -2028815.382354186382145, 1962625.064289677655324 ], [ -2029138.569202379556373, 1959563.971581188496202 ], [ -2030054.403104403289035, 1958214.448450334370136 ], [ -2026010.329733824823052, 1952752.203583153663203 ], [ -2024223.953864025650546, 1955966.328072160016745 ], [ -2022249.690746624954045, 1956374.478492385707796 ], [ -2022726.693710963707417, 1959665.96830618637614 ], [ -2020659.351697687990963, 1960468.889179014833644 ], [ -2019643.660492064896971, 1959239.525782645912841 ], [ -2017222.877544387010857, 1960220.296262388350442 ], [ -2017166.067880801623687, 1962891.843474709661677 ], [ -2015745.802440128754824, 1964093.322418041527271 ], [ -2015072.264973181532696, 1966556.354553653625771 ], [ -2013662.57514005433768, 1967402.945193722378463 ], [ -2013181.696366504300386, 1969432.824162221048027 ], [ -2014261.410419061081484, 1974186.474741717567667 ], [ -2015203.16621434292756, 1976044.840041186893359 ], [ -2015088.170577775686979, 1980135.964030073257163 ], [ -2016692.367890276014805, 1982378.929425735957921 ], [ -2015375.04169625765644, 1986797.176732320804149 ], [ -2010543.115076078334823, 1992744.298998967977241 ], [ -2002154.213446478359401, 1980603.347252358915284 ], [ -1997363.071201900020242, 1973253.041959024034441 ], [ -1983043.23207153310068, 1951994.87109810160473 ], [ -1962065.454687711084262, 1946994.661028385628015 ], [ -1952822.620974556775764, 1985038.919926805188879 ], [ -1952375.270183474756777, 1984929.193336164345965 ], [ -1950042.42444703169167, 1994428.139654579106718 ], [ -1959421.270331340376288, 1996742.380538979079574 ], [ -1956973.232241815887392, 2006781.154086960712448 ], [ -1955236.890742504037917, 2008848.976297560380772 ], [ -1945446.535465460037813, 2019068.057246522977948 ], [ -1920689.982338502071798, 2012876.948917292058468 ], [ -1889254.516933357110247, 2005246.130382965086028 ], [ -1857677.099998180288821, 1997819.096898701507598 ], [ -1849691.264945121249184, 1998228.24651214433834 ], [ -1850808.620798799907789, 2000195.297982335090637 ], [ -1850117.359864211175591, 2002394.381934873992577 ], [ -1850726.917378531070426, 2004487.424698479706421 ], [ -1848171.387185386847705, 2007359.766240718774498 ], [ -1844593.334203233709559, 2008318.266616832930595 ], [ -1842102.9670562769752, 2010774.711827784078196 ], [ -1841416.561041594017297, 2012802.744553425116464 ], [ -1841370.593352543888614, 2017915.798105633584782 ], [ -1842235.978335970779881, 2021619.372064634459093 ], [ -1841875.753641745541245, 2026896.759218180784956 ], [ -1840195.824519032379612, 2029430.18234542850405 ], [ -1838768.459340535569936, 2028687.132616689661518 ], [ -1835664.612943242304027, 2028623.033338513923809 ], [ -1833016.824603906366974, 2032211.642415977315977 ], [ -1830454.128089237492532, 2032092.68975622090511 ], [ -1829086.587174488697201, 2034676.989879444474354 ], [ -1830292.212543347617611, 2036807.025931797223166 ], [ -1827307.57228431920521, 2037070.458589613670483 ], [ -1826379.692594043212011, 2038306.569398226914927 ], [ -1823608.199600160354748, 2039298.917138058925048 ], [ -1823503.560955840861425, 2040999.970370963215828 ], [ -1817458.110633803997189, 2041439.504359276033938 ], [ -1815814.89022083953023, 2040698.458323555300012 ], [ -1814101.850399451563135, 2042006.340433313511312 ], [ -1812388.132191189564764, 2045984.114664707100019 ], [ -1812412.066152758896351, 2047758.393796918448061 ], [ -1810092.030378947965801, 2051143.622676857514307 ], [ -1811675.47045657527633, 2052871.971292189555243 ], [ -1809158.174475534353405, 2055858.147994312923402 ], [ -1810236.594695823499933, 2058880.553386094514281 ], [ -1810067.066258292878047, 2060453.679159564897418 ], [ -1808493.536500047659501, 2062590.783268417231739 ], [ -1809845.454085041303188, 2064340.555555271683261 ], [ -1809163.501205973559991, 2067154.432809740072116 ], [ -1808092.241391648771241, 2068324.353299720911309 ], [ -1807262.013588577508926, 2072767.75634142709896 ], [ -1805660.885895784012973, 2073824.738252841169015 ], [ -1803582.149940931005403, 2078819.692183969542384 ], [ -1803611.229946095263585, 2084896.936108069028705 ], [ -1805201.086830181069672, 2086636.554025501012802 ], [ -1807322.616483581019565, 2092813.397705990355462 ], [ -1814240.796345109120011, 2094521.253802569117397 ], [ -1860458.166913395281881, 2105380.34510908043012 ], [ -1901138.28048147005029, 2114751.946690522134304 ], [ -1945886.338811558904126, 2125876.94383207289502 ], [ -1955276.327127224300057, 2128134.935125579591841 ], [ -1946661.994107393547893, 2162126.469932800158858 ], [ -1941069.900222203694284, 2184539.454140608198941 ], [ -1938980.639911413891241, 2184074.872207419481128 ], [ -1932748.926165761658922, 2208575.144406893756241 ], [ -1926678.163625170476735, 2232032.345956424251199 ], [ -1928313.150987486820668, 2232443.645214393734932 ], [ -1920940.644894443685189, 2262306.589791530743241 ], [ -1918910.763926221290603, 2261731.798294614534825 ], [ -1913927.809271334903315, 2281273.374671092256904 ], [ -1915487.306236403528601, 2281643.519442095421255 ], [ -1910462.15324280038476, 2300737.459344894159585 ], [ -1910945.941055187955499, 2300820.451181757263839 ], [ -1903698.655024778330699, 2329726.09178757853806 ], [ -1899744.700989130418748, 2344570.558518769685179 ], [ -1909318.472168974112719, 2347121.814757943153381 ], [ -1943672.677583592711017, 2356054.807327581103891 ], [ -1953549.877241854323074, 2358336.264894748106599 ], [ -1963989.931343633215874, 2317562.057534145191312 ], [ -1967409.388734632870182, 2304705.02761397510767 ], [ -1976277.365848537068814, 2270470.841342105530202 ], [ -1984933.779573724372312, 2236755.570872272830456 ], [ -1995098.355448256712407, 2196210.704422913026065 ], [ -2001764.404004802461714, 2170460.753178012091666 ], [ -2010447.34165561851114, 2137299.044296959880739 ], [ -2017303.922269775997847, 2111978.804209283087403 ], [ -2022479.027083379216492, 2092069.004067102447152 ], [ -2025281.737065336434171, 2081936.375421964097768 ], [ -2028377.754303725901991, 2070748.996485578361899 ], [ -2031594.457253289176151, 2058119.049054781673476 ], [ -2037521.771388754947111, 2033530.85714446566999 ], [ -2031335.064192790770903, 2024269.889418457634747 ], [ -2030349.427218334749341, 2022236.534355557290837 ], [ -2031248.121949633583426, 2016315.053519133944064 ], [ -2033734.601344578433782, 2015783.537078748922795 ], [ -2034444.229519531596452, 2013614.572756983106956 ], [ -2038116.639915033709258, 2010944.125090014887974 ], [ -2039201.430200530448928, 2008738.687441 ], [ -2040778.129401513608173, 2008490.143101967172697 ], [ -2051788.301546192029491, 2002857.575667749159038 ] ] ] } },
{ "type": "Feature", "properties": { "csa_geoid": "458", "csa_name": "Richmond-Connersville, IN CSA" }, "geometry": { "type": "Polygon", "coordinates": [ [ [ 911777.171423165942542, 1939342.097841919632629 ], [ 913482.428549492033198, 1924794.262970827985555 ], [ 911819.01974166801665, 1924579.450081339105964 ], [ 912865.778838153579272, 1915098.080977181671187 ], [ 906090.969632859225385, 1914231.144289430463687 ], [ 909684.608740238007158, 1885078.312815697165206 ], [ 924315.541293895221315, 1886902.874052999308333 ], [ 931849.927468751557171, 1887699.087515404447913 ], [ 929372.233743734192103, 1910318.845326366368681 ], [ 934879.432389287394471, 1910681.408669588388875 ], [ 947969.746773611404933, 1912197.943481339141726 ], [ 945631.414835233357735, 1933393.738462016684934 ], [ 944595.400355424848385, 1943218.592003658413887 ], [ 937695.100175758008845, 1942549.598561282735318 ], [ 918060.744933084002696, 1940026.046530204825103 ], [ 911777.171423165942542, 1939342.097841919632629 ] ] ] } },
{ "type": "Feature", "properties": { "csa_geoid": "462", "csa_name": "Rochester-Austin-Winona, MN CSA" }, "geometry": { "type": "Polygon", "coordinates": [ [ [ 236275.346021796402056, 2321084.140629319939762 ], [ 237509.922921657678671, 2282190.282949806191027 ], [ 277495.375193785002921, 2283592.705123530700803 ], [ 325580.431155203492381, 2285539.947263749781996 ], [ 343608.687837887380738, 2286333.678006782662123 ], [ 341856.883786419813987, 2324928.463449544738978 ], [ 377561.495300528535154, 2326632.184323602356017 ], [ 375301.569487997097895, 2328789.231586980167776 ], [ 374416.805511226470117, 2331103.112879551015794 ], [ 371316.428607080306392, 2334160.371602368075401 ], [ 370636.23908228619257, 2336098.371833947021514 ], [ 367181.937833786883857, 2339173.641828267835081 ], [ 365540.932979561097454, 2341371.337432656437159 ], [ 364223.646614723314997, 2343225.96534468093887 ], [ 360968.866401433479041, 2343812.136116432957351 ], [ 358816.514198514283635, 2344919.614999121520668 ], [ 352749.036275377147831, 2345572.802832761313766 ], [ 350672.322220034897327, 2347706.360445953905582 ], [ 347611.685608687577769, 2349287.174273272044957 ], [ 344500.192556677211542, 2353008.979796770960093 ], [ 342397.847863309085369, 2353639.796395135577768 ], [ 342066.885066495859064, 2355474.59664038522169 ], [ 338716.218817413086072, 2356920.552121378481388 ], [ 333348.422334956063423, 2359968.60886877309531 ], [ 332334.388733835075982, 2361499.058304158970714 ], [ 328564.612217809830327, 2363814.306889351923019 ], [ 326980.736488849855959, 2367603.192328877281398 ], [ 326584.596286019776016, 2371809.781192099675536 ], [ 324561.469353721593507, 2373227.304872928652912 ], [ 324978.700342645868659, 2376022.464013219811022 ], [ 323914.698508405126631, 2378448.194806599523872 ], [ 321096.19627831352409, 2381211.781496645882726 ], [ 314715.413055159791838, 2384213.856910120695829 ], [ 313434.147720700479113, 2385570.627895769663155 ], [ 308809.793377584894188, 2386782.018884082324803 ], [ 307706.999693091260269, 2387647.689832164905965 ], [ 300440.695467255020048, 2389182.100500944536179 ], [ 298241.315183689934202, 2390851.063114007469267 ], [ 283302.832881968875881, 2390393.814528103452176 ], [ 283639.044325639551971, 2380702.390374414157122 ], [ 274098.348666455887724, 2380375.565353348385543 ], [ 274789.482625423173886, 2361038.959820166695863 ], [ 253594.861329508014023, 2360507.003577371593565 ], [ 235354.767527549207443, 2359910.698740907944739 ], [ 236583.536955132731237, 2321163.916337910108268 ], [ 236275.346021796402056, 2321084.140629319939762 ] ] ] } },
{ "type": "Feature", "properties": { "csa_geoid": "464", "csa_name": "Rochester-Batavia-Seneca Falls, NY CSA" }, "geometry": { "type": "Polygon", "coordinates": [ [ [ 1544782.718978755641729, 2418292.652051742654294 ], [ 1542169.374647072516382, 2415207.00706656370312 ], [ 1539902.54040486831218, 2413391.39478375390172 ], [ 1536215.87914881715551, 2412184.634152181446552 ], [ 1533668.652942739892751, 2410243.118168766610324 ], [ 1532112.865821480983868, 2410271.325431911740452 ], [ 1528345.923202140023932, 2406606.579017482697964 ], [ 1525290.734978511696681, 2406439.718750472180545 ], [ 1521095.16669996548444, 2405136.364502438344061 ], [ 1520464.230177092365921, 2405757.967744348570704 ], [ 1515572.569342283066362, 2406162.895286411512643 ], [ 1512204.743327642790973, 2405475.72895283671096 ], [ 1510518.134005187544972, 2404257.70812062593177 ], [ 1507216.884789895266294, 2403892.414138736203313 ], [ 1503395.741402807179838, 2402359.360652861651033 ], [ 1497231.783239981625229, 2401506.236592690460384 ], [ 1494023.198513170471415, 2400262.330743623897433 ], [ 1485224.361290296306834, 2395679.540889633819461 ], [ 1483224.814831512980163, 2393650.250098609831184 ], [ 1479328.098875827621669, 2393711.486223847139627 ], [ 1474675.244180424604565, 2395990.01161070773378 ], [ 1472483.075960370944813, 2396491.988120749592781 ], [ 1467538.871809373842552, 2399094.823227159678936 ], [ 1466756.64168488024734, 2400388.776667807251215 ], [ 1462729.417041005101055, 2401607.091178257483989 ], [ 1459814.467736858874559, 2400892.933664790354669 ], [ 1449522.176342265913263, 2400848.964595613535494 ], [ 1445921.471955978078768, 2401418.347679809201509 ], [ 1443246.007950369501486, 2400571.621916547417641 ], [ 1434730.169944853754714, 2400137.528035792056471 ], [ 1428950.836517192889005, 2398478.715139676816761 ], [ 1416360.813568519661203, 2396318.806299822404981 ], [ 1413656.071971081895754, 2396251.699353807605803 ], [ 1406211.017860494321212, 2394259.516688368748873 ], [ 1407539.727632946334779, 2386732.215783707331866 ], [ 1409790.608571679564193, 2377320.541487591341138 ], [ 1411002.349652350414544, 2368464.296037961728871 ], [ 1413737.516050384379923, 2355014.19270210666582 ], [ 1416625.423068210482597, 2338953.689810778480023 ], [ 1429178.757516766898334, 2341593.16411836957559 ], [ 1447718.884443787159398, 2345145.314220828935504 ], [ 1447852.74329890916124, 2344448.435437817592174 ], [ 1454086.237589781172574, 2345778.476637240499258 ], [ 1457387.414415186503902, 2346151.561807508114725 ], [ 1461424.006128510693088, 2324752.444834429305047 ], [ 1460224.147325404221192, 2322948.432486687321216 ], [ 1460043.282022213796154, 2320270.938083658460528 ], [ 1458647.533961386187002, 2317622.60557405417785 ], [ 1456929.79487968236208, 2316498.351171838119626 ], [ 1455847.456012939102948, 2312959.929536534938961 ], [ 1457032.275194845627993, 2312328.625589988194406 ], [ 1456269.074440553085878, 2310190.927532630506903 ], [ 1457599.138122810749337, 2307032.019444464705884 ], [ 1473826.73320318129845, 2310055.234283232595772 ], [ 1474780.989111320581287, 2305321.440408611670136 ], [ 1484258.885544552234933, 2306778.353718559257686 ], [ 1483082.626393365906551, 2313821.249055095948279 ], [ 1487834.250945007195696, 2314748.304925427306443 ], [ 1486974.178463683696464, 2319744.562125800643116 ], [ 1500573.202829810557887, 2322059.090926350094378 ], [ 1510548.195287025067955, 2323928.760880120098591 ], [ 1508507.744480076245964, 2333950.258199625648558 ], [ 1509452.311435785610229, 2341521.795006442815065 ], [ 1510791.982624182943255, 2345047.23165794974193 ], [ 1525924.307180467061698, 2348129.435312826186419 ], [ 1539884.107233235845342, 2351261.671242502052337 ], [ 1540682.884522859938443, 2348329.502274298574775 ], [ 1542507.531941362889484, 2345389.010184090584517 ], [ 1546450.620853557484224, 2340260.645777220837772 ], [ 1548991.316841195104644, 2327692.077669745311141 ], [ 1564781.7810818052385, 2331526.499103311914951 ], [ 1573557.135798635194078, 2333695.35059206886217 ], [ 1570600.521010876633227, 2334994.474800325464457 ], [ 1567870.227928068721667, 2337290.133601588197052 ], [ 1565457.583341563353315, 2340415.699893579818308 ], [ 1562902.553294913377613, 2345232.441226925235242 ], [ 1559479.994464074028656, 2347966.253152485471219 ], [ 1557764.031306294491515, 2350748.769750653300434 ], [ 1555853.366903088288382, 2357375.164295863360167 ], [ 1556679.125030813040212, 2361654.915174467954785 ], [ 1555547.683469244977459, 2366456.690596840344369 ], [ 1553525.793965676333755, 2369751.247307911980897 ], [ 1552049.611651845276356, 2377224.245503820478916 ], [ 1552597.268853000830859, 2378233.043538209050894 ], [ 1552075.652722833212465, 2384395.204903079662472 ], [ 1551476.72193603287451, 2387638.270944347139448 ], [ 1552303.795184959191829, 2389833.721976441331208 ], [ 1548874.828335742233321, 2403356.647363730706275 ], [ 1544782.718978755641729, 2418292.652051742654294 ] ] ] } },
{ "type": "Feature", "properties": { "csa_geoid": "466", "csa_name": "Rockford-Freeport-Rochelle, IL CSA" }, "geometry": { "type": "Polygon", "coordinates": [ [ [ 502939.992947510909289, 2183758.228436162229627 ], [ 495694.447076677228324, 2183318.535689148120582 ], [ 498448.40343158878386, 2148884.201643794775009 ], [ 517364.967626005003694, 2150369.290049652103335 ], [ 518960.18392766348552, 2131025.872454073745757 ], [ 519616.468250982230529, 2120389.459515484981239 ], [ 524257.634274853393435, 2120666.500846109818667 ], [ 524435.909783684415743, 2117491.08579244883731 ], [ 536703.854966784827411, 2118423.637928231619298 ], [ 537898.822432656190358, 2119528.891616547480226 ], [ 543385.948280999204144, 2118922.793942175805569 ], [ 546531.880525051732548, 2119117.974301510956138 ], [ 546630.602150054532103, 2117487.722920318134129 ], [ 552975.747466003987938, 2117923.230587689206004 ], [ 581059.312904767575674, 2120392.149323983583599 ], [ 579549.651024300721474, 2139719.434874958824366 ], [ 579023.008316215244122, 2149468.20517507661134 ], [ 598178.193406781414524, 2151054.149816502816975 ], [ 596681.104743000352755, 2170493.527516949456185 ], [ 595112.992964312317781, 2188954.175797941628844 ], [ 589492.60533908160869, 2188348.882594604976475 ], [ 571859.022961953887716, 2187474.767579746432602 ], [ 550816.33725701959338, 2186169.776323241647333 ], [ 528641.118618268752471, 2185060.594398374203593 ], [ 516797.776428033714183, 2184605.272529669106007 ], [ 502939.992947510909289, 2183758.228436162229627 ] ] ] } },
{ "type": "Feature", "properties": { "csa_geoid": "468", "csa_name": "Rocky Mount-Wilson-Roanoke Rapids, NC CSA" }, "geometry": { "type": "Polygon", "coordinates": [ [ [ 1593663.567629335680977, 1612753.942775877891108 ], [ 1586642.127920056926087, 1590225.166493440512568 ], [ 1583799.825336573412642, 1580789.803344302810729 ], [ 1579824.745655152481049, 1566289.15596969681792 ], [ 1581320.305135754169896, 1563276.857130296295509 ], [ 1581380.067998599493876, 1561372.483921549282968 ], [ 1583259.272220197599381, 1559327.408630700083449 ], [ 1586265.482332470826805, 1557251.335014920914546 ], [ 1588169.395243884297088, 1557698.805366154294461 ], [ 1590466.88399604242295, 1556098.632737947162241 ], [ 1591229.058854741510004, 1553347.154494548449293 ], [ 1595797.793691528961062, 1544817.151099130744115 ], [ 1601536.539104900555685, 1543877.316748268902302 ], [ 1601871.050770847359672, 1545370.7618254176341 ], [ 1607381.947311813244596, 1545035.903702470939606 ], [ 1622719.061643561115488, 1548087.387371284421533 ], [ 1624381.673560531577095, 1548068.984770118724555 ], [ 1628336.917175163514912, 1552540.995388706447557 ], [ 1632213.546820134622976, 1557440.160040333634242 ], [ 1643853.004673568764701, 1570418.229362233541906 ], [ 1646097.598405127646402, 1572601.117329568602145 ], [ 1649101.735801481641829, 1577731.186610164586455 ], [ 1653120.92073249979876, 1579013.914300355361775 ], [ 1654057.972499053226784, 1581600.270904295379296 ], [ 1655622.17312900046818, 1582670.386339453049004 ], [ 1659418.162673114333302, 1581844.995863283518702 ], [ 1658452.379593098303303, 1587174.387488523963839 ], [ 1658237.362491682637483, 1591432.139858472859487 ], [ 1650344.45639355131425, 1600531.116636862978339 ], [ 1656774.989595371996984, 1612139.230331343365833 ], [ 1660603.747462482890114, 1614152.691615181975067 ], [ 1661812.815514018759131, 1615953.520724775502458 ], [ 1661156.312582375714555, 1618308.607125221984461 ], [ 1655937.412261504912749, 1622505.969817406730726 ], [ 1655489.731436269823462, 1625420.124530147062615 ], [ 1658268.759084949968383, 1627056.825182718457654 ], [ 1661344.829830308444798, 1627695.152255332795903 ], [ 1662460.674766894429922, 1631282.616376464487985 ], [ 1663538.424067741492763, 1639507.116067595547065 ], [ 1664986.205117485485971, 1653608.980486405547708 ], [ 1664086.382753490237519, 1655434.036445944802836 ], [ 1665751.233936249511316, 1658314.924898855155334 ], [ 1667704.648673041956499, 1658033.012638877378777 ], [ 1669357.387724600499496, 1659298.597505658166483 ], [ 1666526.068827129201964, 1663105.116605935385451 ], [ 1661580.222931954078376, 1662888.188253545202315 ], [ 1659235.571876860689372, 1664963.33856497448869 ], [ 1656208.943896777229384, 1664043.870778823504224 ], [ 1608803.249555540503934, 1654792.615772157907486 ], [ 1595753.89023581915535, 1652168.236415729159489 ], [ 1596632.26568238902837, 1647728.114150419831276 ], [ 1596427.863687899895012, 1644229.548456789692864 ], [ 1598129.772328966297209, 1634120.594446714501828 ], [ 1597247.882565654581413, 1624378.462100966600701 ], [ 1593663.567629335680977, 1612753.942775877891108 ] ] ] } },
{ "type": "Feature", "properties": { "csa_geoid": "472", "csa_name": "Sacramento-Roseville, CA CSA" }, "geometry": { "type": "Polygon", "coordinates": [ [ [ -2051788.301546192029491, 2002857.575667749159038 ], [ -2040778.129401513608173, 2008490.143101967172697 ], [ -2039201.430200530448928, 2008738.687441 ], [ -2038116.639915033709258, 2010944.125090014887974 ], [ -2034444.229519531596452, 2013614.572756983106956 ], [ -2033734.601344578433782, 2015783.537078748922795 ], [ -2031248.121949633583426, 2016315.053519133944064 ], [ -2030349.427218334749341, 2022236.534355557290837 ], [ -2031335.064192790770903, 2024269.889418457634747 ], [ -2037521.771388754947111, 2033530.85714446566999 ], [ -2031594.457253289176151, 2058119.049054781673476 ], [ -2028377.754303725901991, 2070748.996485578361899 ], [ -2025281.737065336434171, 2081936.375421964097768 ], [ -2037008.558861838886514, 2084984.532156334724277 ], [ -2066638.510115044889972, 2092849.664238653611392 ], [ -2068493.678829897893593, 2095487.692297248868272 ], [ -2068003.434660534374416, 2097555.915311161894351 ], [ -2068884.159737311536446, 2101271.223247986286879 ], [ -2070357.708929544081911, 2102766.04552877927199 ], [ -2076431.559321973705664, 2104421.740575359668583 ], [ -2078690.945449500344694, 2104429.604235730599612 ], [ -2081232.598391314037144, 2103157.524201502557844 ], [ -2082752.355343042407185, 2101369.797380153089762 ], [ -2087127.42304897448048, 2099019.252639746759087 ], [ -2088791.186866512754932, 2099264.124223666731268 ], [ -2091160.266646868083626, 2098378.564774486701936 ], [ -2094135.447173917898908, 2099492.144615206401795 ], [ -2099293.159000720828772, 2098983.7079709735699 ], [ -2102631.003165333531797, 2099066.270803581923246 ], [ -2105864.5239238422364, 2100148.04481774289161 ], [ -2107677.435325318481773, 2100106.447615152224898 ], [ -2110799.39677127590403, 2098296.715921106748283 ], [ -2108228.265716988127679, 2111866.262317007407546 ], [ -2109368.583142296411097, 2112565.534728566650301 ], [ -2109380.187882987782359, 2115143.400371678173542 ], [ -2106102.928792100399733, 2116471.423852634150535 ], [ -2102533.362790458835661, 2124842.099246189929545 ], [ -2109286.066288588102907, 2121766.30426214588806 ], [ -2109870.851653423625976, 2120531.182567030657083 ], [ -2112164.621373363304883, 2121152.725436321925372 ], [ -2112653.157896685879678, 2119185.435142346192151 ], [ -2116529.610646470449865, 2118853.168520894832909 ], [ -2117375.823313009925187, 2115733.538901263847947 ], [ -2124816.700441320426762, 2117773.214172521606088 ], [ -2125194.654071123339236, 2116305.573323556687683 ], [ -2128230.899880431592464, 2117099.720958483871073 ], [ -2130336.403699547052383, 2118460.406343788374215 ], [ -2132419.50765691138804, 2113953.930508400779217 ], [ -2134670.965390932746232, 2113306.021701620426029 ], [ -2135940.087428838480264, 2111231.237548667937517 ], [ -2136220.533859375864267, 2108779.699780726805329 ], [ -2138033.719801215920597, 2107726.257463349029422 ], [ -2140489.228609017562121, 2103226.789249091874808 ], [ -2144075.775403139647096, 2101322.63240037439391 ], [ -2147270.605596509762108, 2101238.730357353575528 ], [ -2149820.196004680357873, 2102153.008396749384701 ], [ -2151426.494431361090392, 2100989.009223960805684 ], [ -2154846.137410525232553, 2101781.68511327682063 ], [ -2157925.261937693227082, 2101089.633355223108083 ], [ -2160397.784743689466268, 2102100.577914625871927 ], [ -2161455.844272445887327, 2103723.428136213216931 ], [ -2163424.544269358739257, 2102684.691610435489565 ], [ -2177337.462727120611817, 2106306.773496175650507 ], [ -2186276.798204395454377, 2108825.574481526855379 ], [ -2189815.7328294608742, 2105638.154402315616608 ], [ -2191575.777717037592083, 2102922.963334092404693 ], [ -2191199.586754100397229, 2097969.257997191976756 ], [ -2193186.131635881960392, 2096327.242201709654182 ], [ -2192134.226577165070921, 2091657.93831799319014 ], [ -2192022.246354947797954, 2084149.369558196049184 ], [ -2190351.23151021450758, 2082385.966765667079017 ], [ -2188427.703223141375929, 2082309.700910309096798 ], [ -2188440.772608018945903, 2079319.941056614508852 ], [ -2187654.300599220208824, 2077552.074549752986059 ], [ -2188420.490469197742641, 2075306.93975089606829 ], [ -2186332.267173888161778, 2073099.812139310408384 ], [ -2188560.829550995491445, 2072743.146164855919778 ], [ -2191301.778242756146938, 2069579.035550630418584 ], [ -2190939.214128034655005, 2067605.211316439090297 ], [ -2191801.773435717448592, 2066223.165012084878981 ], [ -2210422.022494026925415, 2071598.182041890453547 ], [ -2233360.73074249131605, 2077864.177292897598818 ], [ -2238769.250829487573355, 2079561.377234815619886 ], [ -2241015.356766336597502, 2077358.368416758487001 ], [ -2239940.262742578517646, 2072751.24060936528258 ], [ -2238649.757612480781972, 2070197.148075511911884 ], [ -2236849.674323021434247, 2068653.608226167969406 ], [ -2234592.135397132951766, 2069160.928881346480921 ], [ -2231774.29204601701349, 2067628.980885491939262 ], [ -2230909.211705271620303, 2061547.586816296447068 ], [ -2231136.130188569426537, 2057640.568673205561936 ], [ -2230519.165555161889642, 2055889.963101611239836 ], [ -2230553.987550216261297, 2050523.138377852039412 ], [ -2229133.424491728655994, 2048660.593578469241038 ], [ -2229434.239762044046074, 2047135.174536331556737 ], [ -2227362.4500218834728, 2044883.861319346819073 ], [ -2227385.199967523571104, 2042521.239907528506592 ], [ -2226383.874091118108481, 2039344.683349898317829 ], [ -2226281.734377636574209, 2034441.271333345910534 ], [ -2226607.141817428637296, 2030162.049528522882611 ], [ -2225911.918363600503653, 2027873.013107740785927 ], [ -2222510.671830868348479, 2027443.980596839915961 ], [ -2221022.648912716191262, 2024250.971899635158479 ], [ -2219536.879170925822109, 2023320.009147576987743 ], [ -2212288.519457881338894, 2026431.541058975970373 ], [ -2209799.240724484901875, 2025291.899495794437826 ], [ -2207841.678682370111346, 2025704.143684457521886 ], [ -2204582.67811689293012, 2024653.634365274803713 ], [ -2201950.942837598733604, 2022688.373152059037238 ], [ -2197943.197059832513332, 2021553.851443194318563 ], [ -2195382.346470754593611, 2022220.71837228233926 ], [ -2193282.616137291304767, 2021638.122914070496336 ], [ -2192047.0750856497325, 2020056.669831669190899 ], [ -2198351.633445636369288, 1996992.108944647246972 ], [ -2189987.695353812538087, 1994604.01031960407272 ], [ -2191489.152219768147916, 1993041.203396027907729 ], [ -2193518.143340850714594, 1984802.057301602326334 ], [ -2195339.970995067153126, 1982431.440147071145475 ], [ -2199724.502606295980513, 1982035.943314668722451 ], [ -2202284.210442348383367, 1980167.053990714019164 ], [ -2203624.251828969921917, 1977447.018372692866251 ], [ -2205465.484652036335319, 1975483.723379770293832 ], [ -2206906.329227091744542, 1972706.069021621486172 ], [ -2209273.457387758884579, 1973675.611535675125197 ], [ -2214521.939448998775333, 1972065.619512482779101 ], [ -2216999.230885842815042, 1973381.023545642383397 ], [ -2218768.926577831152827, 1973145.050065611954778 ], [ -2218408.251821997109801, 1969687.09712985670194 ], [ -2217508.150694788899273, 1968399.47103806771338 ], [ -2215158.395077790599316, 1967306.802954792976379 ], [ -2210643.551940848119557, 1967006.912478380836546 ], [ -2206898.14136747084558, 1968130.130199244013056 ], [ -2204886.085848685819656, 1969436.267808049218729 ], [ -2204297.533468668814749, 1971689.461578662740067 ], [ -2202216.254942414350808, 1972694.733578752027825 ], [ -2200508.961264419835061, 1971119.115722404792905 ], [ -2199246.7907819673419, 1972192.267013513017446 ], [ -2195519.276859939564019, 1970648.652066214475781 ], [ -2193880.597436452750117, 1971515.43858612049371 ], [ -2194969.148952762596309, 1973553.776976851979271 ], [ -2192180.21477622538805, 1975535.353400859050453 ], [ -2190037.497464960906655, 1975839.662780608516186 ], [ -2188366.74041130207479, 1978084.13649005163461 ], [ -2188181.64894819771871, 1980240.152706006309018 ], [ -2185561.86787978745997, 1981647.063275962369516 ], [ -2182301.959393988829106, 1985568.694135376717895 ], [ -2181352.546115547884256, 1986043.225961901713163 ], [ -2178008.547604346182197, 1984517.897002067184076 ], [ -2177188.573646124918014, 1981649.785325049655512 ], [ -2171676.095805668737739, 1979715.479602438863367 ], [ -2167341.272111483383924, 1979620.379223043099046 ], [ -2164640.84607259882614, 1980586.114440163131803 ], [ -2161035.537515260279179, 1978691.583647973602638 ], [ -2158328.535962238442153, 1979273.668136687250808 ], [ -2156582.826288353186101, 1978737.085036867298186 ], [ -2152141.729215046390891, 1980116.115880897501484 ], [ -2148238.197241563349962, 1980095.239366811700165 ], [ -2146228.326956198085099, 1981074.285358559107408 ], [ -2145025.557120261248201, 1979782.743911538505927 ], [ -2143052.479921621270478, 1980308.14653079607524 ], [ -2137016.788636037148535, 2002823.409653191687539 ], [ -2135259.977790199220181, 2003433.237799651920795 ], [ -2132361.350563186686486, 2002472.725190928438678 ], [ -2129062.225892525631934, 2002964.376620070775971 ], [ -2126943.121651912108064, 2001539.106178828515112 ], [ -2124065.28314608708024, 2002749.045082878088579 ], [ -2122491.602949555031955, 2002142.072033947100863 ], [ -2120658.862652803305537, 2003718.272452807985246 ], [ -2117601.301596065517515, 2003575.978669863194227 ], [ -2115398.187462163157761, 2001978.133461103076115 ], [ -2113348.0137635092251, 2001898.443353332346305 ], [ -2110436.381752007175237, 2000196.595901268068701 ], [ -2107510.690051420591772, 1996039.22054787306115 ], [ -2103860.351653456222266, 1993376.750489081488922 ], [ -2099788.355078157968819, 1992321.729218205902725 ], [ -2097378.38567124074325, 1992664.973625150742009 ], [ -2093783.172387189697474, 1991669.805895608849823 ], [ -2091378.840227293549106, 1992186.498864921508357 ], [ -2085082.662571504479274, 1991660.821505037602037 ], [ -2079701.747170243179426, 1992210.563542844727635 ], [ -2076666.96162777277641, 1991072.208681454882026 ], [ -2074855.328814839711413, 1991873.669271041639149 ], [ -2072700.651615381706506, 1991697.063905804418027 ], [ -2071158.612426699139178, 1993516.479186591925099 ], [ -2068487.329614628804848, 1993941.350087811937556 ], [ -2065568.87093652994372, 1997936.272585423197597 ], [ -2060895.930402619531378, 1997167.960954610956833 ], [ -2059287.271142519079149, 1997321.644808830926195 ], [ -2056130.502429381012917, 2001320.857705742353573 ], [ -2054912.914509365567937, 2004008.328180127078667 ], [ -2051788.301546192029491, 2002857.575667749159038 ] ] ] } },
{ "type": "Feature", "properties": { "csa_geoid": "474", "csa_name": "Saginaw-Midland-Bay City, MI CSA" }, "geometry": { "type": "Polygon", "coordinates": [ [ [ 910836.467664160416462, 2368393.793198194820434 ], [ 913199.470366250840016, 2347393.352357634343207 ], [ 915379.221491387230344, 2329673.838250561151654 ], [ 934380.456357092596591, 2331991.038051685784012 ], [ 939141.461938845575787, 2294597.971492456272244 ], [ 955159.233077522017993, 2296605.614864142145962 ], [ 964596.644920118851587, 2298139.111277933698148 ], [ 974321.318241810426116, 2299495.501771057490259 ], [ 972842.197010471252725, 2309168.628046163823456 ], [ 991782.676070968620479, 2311728.437810332980007 ], [ 990303.33438518201001, 2323317.161838176194578 ], [ 989712.181481887586415, 2326017.732359865680337 ], [ 986178.106742881354876, 2352337.521238082554191 ], [ 982935.678248216747306, 2355146.013868343550712 ], [ 979974.19728371000383, 2356007.574196755420417 ], [ 976329.778750699246302, 2356311.424579522106797 ], [ 973734.777997943223454, 2357960.286514373961836 ], [ 972870.837190524209291, 2357146.053610334172845 ], [ 967902.487590066622943, 2359988.599022964015603 ], [ 965269.392370546818711, 2363903.689012719783932 ], [ 963262.706884965184145, 2368753.961322734132409 ], [ 965239.409479584428482, 2370847.008592432364821 ], [ 965269.658338605426252, 2375336.470037969760597 ], [ 964456.808646757155657, 2379923.339454748667777 ], [ 964911.94954296736978, 2385800.710633907932788 ], [ 954126.663882927619852, 2384503.820126172155142 ], [ 952880.79414410435129, 2393994.590229540131986 ], [ 943289.78865170199424, 2392779.692829039413482 ], [ 945583.766246831393801, 2373845.553151756059378 ], [ 929711.467565335799009, 2372160.512215510010719 ], [ 929900.955918894382194, 2370512.053143660537899 ], [ 910836.467664160416462, 2368393.793198194820434 ] ] ] } },
{ "type": "Feature", "properties": { "csa_geoid": "476", "csa_name": "St. Louis-St. Charles-Farmington, MO-IL CSA" }, "geometry": { "type": "Polygon", "coordinates": [ [ [ 497715.015878505539149, 1848538.931244184961542 ], [ 499982.69088114151964, 1819667.792127241147682 ], [ 495348.174118345836177, 1818961.745560576906428 ], [ 495649.436205166217405, 1815308.961535974405706 ], [ 486075.621871591371018, 1814688.349865139694884 ], [ 486471.109039044647943, 1809003.89142504404299 ], [ 471569.920363608107436, 1808205.254300514701754 ], [ 469804.83454337407602, 1809246.71394400158897 ], [ 465682.95994821190834, 1809435.083977998001501 ], [ 463562.688837837718893, 1808854.497291357023641 ], [ 464131.235677061602473, 1806900.843957299133763 ], [ 463632.386051466339268, 1804304.258631103904918 ], [ 462305.845730849425308, 1803122.675291743129492 ], [ 460932.013466684962623, 1803921.939196335151792 ], [ 460986.220776968519203, 1806729.816601062426344 ], [ 462565.769698110991158, 1810338.863385871518403 ], [ 461703.690786963503342, 1815308.429252308094874 ], [ 460590.925374198297504, 1817095.407160873292014 ], [ 461010.477822496497538, 1820810.361592465545982 ], [ 460134.024240223458037, 1822871.094931767554954 ], [ 458857.141436200821772, 1828814.956893288996071 ], [ 459390.378906737780198, 1832249.482467450900003 ], [ 446673.070677723735571, 1831951.897228111512959 ], [ 431844.091217370820232, 1831190.410109131131321 ], [ 433285.174992098705843, 1829494.155261244857684 ], [ 440440.411538755695801, 1825025.873323879903182 ], [ 442545.294240368180908, 1822902.227396490983665 ], [ 444607.87077542959014, 1821780.643375172046944 ], [ 448451.631939100800082, 1817046.080053530400619 ], [ 450641.599049703218043, 1815566.882187139708549 ], [ 451249.32052078016568, 1812562.607397234765813 ], [ 427476.999235925613903, 1811314.33972020749934 ], [ 411845.264196110598277, 1810818.457920568296686 ], [ 412130.662345589429606, 1800936.81604766799137 ], [ 405730.993147768371273, 1800704.060419656103477 ], [ 406308.590002795797773, 1780958.805262225680053 ], [ 406981.838001336087473, 1767547.489264070289209 ], [ 394013.778407513280399, 1767075.761759804794565 ], [ 394504.870576337794773, 1751891.751360068097711 ], [ 398816.341709371365141, 1750927.759444657946005 ], [ 399911.420306752901524, 1729664.127523991512135 ], [ 401149.5354693767149, 1709761.047558651538566 ], [ 401655.880271777801681, 1695482.624598054913804 ], [ 432741.987996864016168, 1697066.475634236587211 ], [ 436076.66368808306288, 1697401.950477536069229 ], [ 452542.135262951196637, 1698133.81486683152616 ], [ 461733.656572147912811, 1687257.600791196106002 ], [ 462154.41540603863541, 1685514.209966102614999 ], [ 465490.760460372024681, 1684535.190696003613994 ], [ 466953.075323751429096, 1652794.6759503709618 ], [ 467542.313323493173812, 1635960.307701865211129 ], [ 487318.944458782381844, 1637119.256446100771427 ], [ 504932.373818660911638, 1637965.131876680767164 ], [ 511270.907274576777127, 1638416.695389983942732 ], [ 514226.725563275802415, 1641927.904855381231755 ], [ 510224.489486021804623, 1644872.424704954726622 ], [ 506418.781553055508994, 1641254.8667024129536 ], [ 492675.586735420569312, 1654333.693813513265923 ], [ 482469.624006211350206, 1663323.44919221336022 ], [ 493632.80218383151805, 1675525.926292107906193 ], [ 485143.769575212500058, 1681824.737078715581447 ], [ 492313.740548136236612, 1688093.433685921598226 ], [ 495492.690577172499616, 1687728.14380146516487 ], [ 496392.514163357147481, 1689352.182287595001981 ], [ 498825.262811248598155, 1691181.986798965837806 ], [ 503122.149414639628958, 1687881.191181333968416 ], [ 517462.452151781122666, 1694277.053722320590168 ], [ 516819.437782415770926, 1704068.603947139112279 ], [ 535938.195104945451021, 1704915.421132747083902 ], [ 545670.166001570178196, 1705500.705905173905194 ], [ 544127.472874217201024, 1727457.67485916079022 ], [ 546284.175284845288843, 1728868.860411176923662 ], [ 547378.108746374957263, 1730997.901494621997699 ], [ 550472.619505616952665, 1731808.932489624479786 ], [ 551364.565654060919769, 1734239.930051467148587 ], [ 554420.386983701842837, 1735382.487015342572704 ], [ 555380.795648393686861, 1734970.405149318510666 ], [ 558782.926741272676736, 1735781.756895168684423 ], [ 559598.507231460418552, 1735100.53128567780368 ], [ 563213.444476229255088, 1734992.623010651674122 ], [ 567494.488713956670836, 1738099.699667911976576 ], [ 568765.348018432618119, 1737274.726304200710729 ], [ 574479.503236357704736, 1740197.46762549970299 ], [ 577311.967605506419204, 1740580.724836096167564 ], [ 580501.953341416665353, 1739976.642457557143643 ], [ 582164.083931338042021, 1740495.123312578769401 ], [ 591773.697388193802908, 1740569.617670085513964 ], [ 591964.710938790347427, 1737300.715672862017527 ], [ 601551.626021454809234, 1738008.702280697412789 ], [ 611069.725430516293272, 1739051.15282881190069 ], [ 630343.905793516896665, 1740281.042540655937046 ], [ 628450.96024722547736, 1766401.715907898033038 ], [ 627646.568901259102859, 1779575.335986713180318 ], [ 618016.329033140209503, 1778632.642835590988398 ], [ 598903.571408731047995, 1777027.099505938822404 ], [ 589670.618955537327565, 1776504.616607626434416 ], [ 590359.305916431825608, 1766678.861648383550346 ], [ 580368.460710109211504, 1766601.431163117522374 ], [ 578052.497620595735498, 1795332.209194794297218 ], [ 578425.187801061430946, 1798618.982050543650985 ], [ 559345.283257567905821, 1797237.430713053792715 ], [ 549671.943658224190585, 1796640.619573907693848 ], [ 549911.753756877151318, 1793413.299731115112081 ], [ 540287.273761521442793, 1792714.881132827140391 ], [ 539069.977364416932687, 1809346.838899516500533 ], [ 537257.445616153650917, 1831720.970863476861268 ], [ 537633.57258524838835, 1831747.957768106367439 ], [ 536129.505778212216683, 1851333.827751365490258 ], [ 497715.015878505539149, 1848538.931244184961542 ] ] ] } },
{ "type": "Feature", "properties": { "csa_geoid": "480", "csa_name": "Salisbury-Ocean Pines, MD CSA" }, "geometry": { "type": "MultiPolygon", "coordinates": [ [ [ [ 1729367.083819164894521, 1889280.241843104828149 ], [ 1731018.297718507936224, 1887947.229553503915668 ], [ 1730789.786420331569389, 1886124.358128762803972 ], [ 1729057.767645985586569, 1883411.552504938328639 ], [ 1727681.592564556980506, 1875564.898872011108324 ], [ 1730305.857389401411638, 1872151.943193295504898 ], [ 1730970.661283716792241, 1874115.7533801603131 ], [ 1736893.283471996430308, 1873289.613114466425031 ], [ 1736275.129807962570339, 1872000.249837811104953 ], [ 1733636.50113790249452, 1869691.805052157957107 ], [ 1731534.193850167095661, 1869578.631348171504214 ], [ 1727322.03418885031715, 1866755.109262545593083 ], [ 1727030.6695016103331, 1860969.991949905175716 ], [ 1728549.74041857291013, 1859843.551697852090001 ], [ 1731560.290856301086023, 1862535.78930100472644 ], [ 1733463.589235860854387, 1863598.178533626487479 ], [ 1735445.607821148820221, 1863165.809268468758091 ], [ 1737165.797998418333009, 1864684.165440898388624 ], [ 1739814.502791105536744, 1864097.778875176794827 ], [ 1737590.881815007422119, 1861983.067006995202973 ], [ 1735504.327902877237648, 1856265.321360205532983 ], [ 1736390.053124753758311, 1854046.262573171639815 ], [ 1738352.80561479809694, 1855964.327215111115947 ], [ 1742307.272801315179095, 1855628.244138614507392 ], [ 1742095.619213201571256, 1854552.552460245089605 ], [ 1739475.182850586483255, 1851068.775855330983177 ], [ 1738017.645182767417282, 1852052.066496227169409 ], [ 1736645.916133489692584, 1846861.767152392072603 ], [ 1736703.356346653075889, 1844685.972183122299612 ], [ 1738582.823100551264361, 1845143.612066184869036 ], [ 1739670.163318645209074, 1842842.573307354934514 ], [ 1737266.383760267402977, 1842135.144977645948529 ], [ 1737897.650986258406192, 1838047.819400337524712 ], [ 1740583.995914345839992, 1838792.916581537108868 ], [ 1742637.278524591820315, 1840662.490927869686857 ], [ 1745846.371416749432683, 1846151.343995579984039 ], [ 1748305.761504469905049, 1847047.503645420772955 ], [ 1750091.377579111838713, 1845995.210817840881646 ], [ 1751552.650011719204485, 1848029.823509619105607 ], [ 1756848.939552650786936, 1847030.48106523999013 ], [ 1758883.219118227250874, 1851456.061693612020463 ], [ 1790538.425386915681884, 1862183.591105001512915 ], [ 1792990.384388649836183, 1870649.220803620759398 ], [ 1793492.470393308904022, 1874246.098664025543258 ], [ 1793791.948005655314773, 1880959.089736346388236 ], [ 1795424.102674966910854, 1895941.029553992440924 ], [ 1796585.461479720892385, 1897664.528273171978071 ], [ 1796928.431229796493426, 1901302.803758829599246 ], [ 1796979.888838428771123, 1908154.635269766906276 ], [ 1796563.903719044290483, 1912246.341665793675929 ], [ 1768249.667041538981721, 1906052.217730568023399 ], [ 1753329.019550394732505, 1903174.746104689314961 ], [ 1741926.00680312118493, 1901208.341046042041853 ], [ 1738867.567544288700446, 1912089.481222061207518 ], [ 1736825.01324749365449, 1909041.171175031689927 ], [ 1735756.951095051364973, 1908782.188255663495511 ], [ 1734801.555574756115675, 1904986.524153419304639 ], [ 1730445.243997832061723, 1901126.959249031497166 ], [ 1731456.452696365537122, 1899313.7304665108677 ], [ 1730121.301262990105897, 1897280.95693973521702 ], [ 1731838.99504738044925, 1896252.048449632013217 ], [ 1729993.649926907382905, 1894247.167650032090023 ], [ 1730020.588790632085875, 1891785.5975495823659 ], [ 1731310.558010496431962, 1890278.848982600495219 ], [ 1729367.083819164894521, 1889280.241843104828149 ] ] ], [ [ [ 1722852.649694660445675, 1842859.017761354334652 ], [ 1723939.269535557832569, 1839272.255154933547601 ], [ 1728420.959809492109343, 1840217.501510641071945 ], [ 1727740.864943155087531, 1843678.341130284359679 ], [ 1728392.164197294041514, 1846102.752639625221491 ], [ 1725329.915061052888632, 1849094.819061868824065 ], [ 1722578.730433302465826, 1847963.476916488958523 ], [ 1722852.649694660445675, 1842859.017761354334652 ] ] ] ] } },
{ "type": "Feature", "properties": { "csa_geoid": "482", "csa_name": "Salt Lake City-Provo-Orem, UT-ID CSA" }, "geometry": { "type": "Polygon", "coordinates": [ [ [ -1520019.285587486345321, 2021219.679937339620665 ], [ -1527755.012979495804757, 1981243.655895383562893 ], [ -1508323.181352355284616, 1977686.730553620494902 ], [ -1508142.596097162459046, 1978628.192386690061539 ], [ -1433429.64039659849368, 1964806.530672260094434 ], [ -1408796.729682062054053, 1960396.446828349493444 ], [ -1394756.681905040051788, 1958075.346226527122781 ], [ -1373746.153041182551533, 1954459.591396864037961 ], [ -1372699.733619443140924, 1951099.471608571708202 ], [ -1374545.930969977052882, 1949774.793979623587802 ], [ -1373390.399557279422879, 1947103.059176822891459 ], [ -1375635.864781067939475, 1934213.506605855189264 ], [ -1376072.904549409635365, 1929319.342648432822898 ], [ -1366233.08981393976137, 1927667.403434461914003 ], [ -1366521.011546885129064, 1926037.037123509915546 ], [ -1361793.621546584414318, 1925190.102644332451746 ], [ -1361358.291309410473332, 1927651.442848230944946 ], [ -1356501.022460763109848, 1926816.301513681886718 ], [ -1356007.381461972603574, 1930070.052580063929781 ], [ -1352873.081652294611558, 1929622.204002123558894 ], [ -1352655.966221062233672, 1931259.651673681102693 ], [ -1337875.796509564621374, 1928905.605224265251309 ], [ -1336504.562766669550911, 1937462.800883552758023 ], [ -1333591.563628084026277, 1937000.941981101641431 ], [ -1332185.952487367438152, 1946754.128500188002363 ], [ -1330503.695288114249706, 1956560.038999339099973 ], [ -1329634.14861962501891, 1962956.725922016426921 ], [ -1327274.601801421027631, 1962639.473187122028321 ], [ -1327005.61282730428502, 1964313.397237430792302 ], [ -1322796.566022499697283, 1965294.699630938936025 ], [ -1322521.369233462493867, 1966899.638202768983319 ], [ -1317673.282770552439615, 1966146.756494483212009 ], [ -1316875.314003160223365, 1971023.005495590390638 ], [ -1320036.141865321667865, 1971499.110454635228962 ], [ -1321406.315773893613368, 1973373.382025846745819 ], [ -1321129.61619082139805, 1974980.748246419709176 ], [ -1311637.176861791405827, 1973314.275389602873474 ], [ -1288101.525956990895793, 1969583.341327507980168 ], [ -1273972.192270430969074, 1967434.416984306881204 ], [ -1255446.262220375938341, 1964396.430026869522408 ], [ -1253927.275318605359644, 1973960.487183180870488 ], [ -1256774.841026388341561, 1974403.853294915286824 ], [ -1253590.52502249670215, 1994630.993671761127189 ], [ -1253964.938909696647897, 1994688.23035796592012 ], [ -1247890.788162395823747, 2033301.348017505602911 ], [ -1248416.184283096110448, 2033384.517243290320039 ], [ -1243946.122883568052202, 2061130.336658363696188 ], [ -1243610.052137120161206, 2063818.777844360098243 ], [ -1240930.816814532037824, 2065885.297928581712767 ], [ -1238685.336021237075329, 2065184.764698445564136 ], [ -1236950.829920748015866, 2063234.815763575490564 ], [ -1235550.052273308858275, 2063138.801351273199543 ], [ -1233268.867206181632355, 2064979.216467360733077 ], [ -1230278.80522279557772, 2066391.958723492687568 ], [ -1222620.298728832509369, 2064372.074423234444112 ], [ -1219551.674511871300638, 2067211.004393389215693 ], [ -1217602.533168418100104, 2065487.513602561084554 ], [ -1214500.835113167762756, 2065111.666406270349398 ], [ -1212990.418400183087215, 2066672.497130342293531 ], [ -1211253.105468751629815, 2065018.931004765909165 ], [ -1209004.509014571551234, 2065482.291008791187778 ], [ -1207921.64366579381749, 2066635.001345158787444 ], [ -1203417.696173111908138, 2065742.803858086466789 ], [ -1198856.89155556820333, 2066028.350016565527767 ], [ -1196670.621297182980925, 2067158.240114457672462 ], [ -1195227.500134599162266, 2069584.765018424019217 ], [ -1194049.591581477085128, 2068956.135597909102216 ], [ -1188295.549673842033371, 2069821.599414757918566 ], [ -1183690.634966366924345, 2067651.954525471897796 ], [ -1180074.915459619835019, 2067019.368221753044054 ], [ -1178507.282070961780846, 2065640.151585897896439 ], [ -1175644.782049918314442, 2064870.604191937949508 ], [ -1171385.626618078909814, 2064732.346196800703183 ], [ -1170475.156806048471481, 2065545.372830067295581 ], [ -1167115.928388895699754, 2064254.357831942848861 ], [ -1164096.42692350782454, 2084599.749221393605694 ], [ -1183699.231882239924744, 2087315.847302138106897 ], [ -1205396.864238874986768, 2090544.687429500045255 ], [ -1208594.530810887692496, 2091218.372238460928202 ], [ -1225977.184089563786983, 2093975.340601880801842 ], [ -1250354.798462698236108, 2097954.796708926558495 ], [ -1245862.657679344993085, 2125998.459324510768056 ], [ -1248414.894521144218743, 2125459.506481138058007 ], [ -1251155.08513806713745, 2121866.197025041095912 ], [ -1253767.872603177558631, 2122188.534895414486527 ], [ -1254769.593870307086036, 2120106.365864951629192 ], [ -1257918.865608328022063, 2118709.642213747836649 ], [ -1260561.565376804210246, 2118225.758395330514759 ], [ -1263097.778944965219125, 2116436.860665162093937 ], [ -1265719.871985132340342, 2116993.150903583038598 ], [ -1263012.373368826694787, 2119542.143045610748231 ], [ -1261645.42593901604414, 2121689.274618978612125 ], [ -1261818.322736084461212, 2124780.015772457700223 ], [ -1264916.69749972037971, 2128302.712428943719715 ], [ -1264341.850759193301201, 2131892.401030306704342 ], [ -1262726.732210466172546, 2133819.155713260639459 ], [ -1265126.248463617637753, 2136037.069652175996453 ], [ -1264873.412149171810597, 2137994.610681081656367 ], [ -1267066.832156511023641, 2140938.744810222182423 ], [ -1272359.974872940918431, 2144077.812583917751908 ], [ -1273268.174345323350281, 2142962.185899136587977 ], [ -1275678.973059665411711, 2143375.191405129153281 ], [ -1278834.512071734759957, 2146390.443967088591307 ], [ -1278375.820455485489219, 2148071.970476759597659 ], [ -1281844.736666410462931, 2150480.808062209747732 ], [ -1283883.047976948088035, 2150052.577550209127367 ], [ -1284389.286208292236552, 2151786.477151081897318 ], [ -1286902.513467187527567, 2151594.633013875223696 ], [ -1289668.255532439565286, 2152494.255674042738974 ], [ -1292714.369825321715325, 2151335.805490151047707 ], [ -1293476.150275147520006, 2153833.414190178271383 ], [ -1296111.40813982160762, 2152962.196860030759126 ], [ -1299219.047930680215359, 2149836.58976349234581 ], [ -1299303.148820043541491, 2148865.459604547824711 ], [ -1302754.451291079400107, 2148732.940957623999566 ], [ -1304850.192640691529959, 2151621.332161474041641 ], [ -1308579.799632993759587, 2152228.014292921405286 ], [ -1310574.920782718341798, 2153297.744058231823146 ], [ -1311260.840390344848856, 2156402.432940724305809 ], [ -1310843.839139894815162, 2158168.369541394989938 ], [ -1313350.668173738988116, 2160771.290634562261403 ], [ -1312872.761694149812683, 2161758.223354346118867 ], [ -1309943.57110083848238, 2161956.066073066554964 ], [ -1309451.216245404211804, 2163440.317962911911309 ], [ -1311651.980272941524163, 2164679.180587759707123 ], [ -1311776.165356184821576, 2168591.22904045926407 ], [ -1313801.630867167841643, 2171379.823504645377398 ], [ -1317302.410717962076887, 2169810.166868320200592 ], [ -1318208.256379851372913, 2176593.866012074053288 ], [ -1317611.270218899706379, 2180464.880810064729303 ], [ -1317859.198764921631664, 2184481.751863934565336 ], [ -1319901.024266200838611, 2189074.105750856921077 ], [ -1318963.840933297527954, 2190109.292600291781127 ], [ -1318391.203541487688199, 2193195.897126910742372 ], [ -1317120.861136610386893, 2196196.108764605596662 ], [ -1314601.868418297497556, 2198924.138468663208187 ], [ -1316090.22090758010745, 2200926.409203883260489 ], [ -1316899.38852372369729, 2207074.743365101981908 ], [ -1318805.708855509757996, 2211974.879216659348458 ], [ -1321294.277270974358544, 2215222.244959886651486 ], [ -1321974.490097614005208, 2219439.935089034028351 ], [ -1322842.184295183513314, 2220299.293038692325354 ], [ -1322578.640443965559825, 2223280.201712111011147 ], [ -1318968.210120577597991, 2222720.265955182723701 ], [ -1315705.545786706963554, 2241698.876337328460068 ], [ -1312555.307447168510407, 2241130.296804324258119 ], [ -1311319.841702295234427, 2248704.1750128865242 ], [ -1312931.621201245114207, 2252573.328483184333891 ], [ -1317263.698175188386813, 2257687.762976249679923 ], [ -1318857.950388195225969, 2262768.135885400231928 ], [ -1324395.71608040551655, 2263709.501670788507909 ], [ -1326709.705447422573343, 2260234.049246041104198 ], [ -1330399.216833714395761, 2262340.5565189816989 ], [ -1330075.317855549510568, 2264294.201221917755902 ], [ -1326049.205369645031169, 2269278.316520838066936 ], [ -1325489.504024155205116, 2275603.158373078797013 ], [ -1329287.423563194461167, 2275557.567462765611708 ], [ -1329164.409188932506368, 2277723.718026333488524 ], [ -1330731.642608905211091, 2278002.610368237830698 ], [ -1331849.699490032624453, 2280650.870392414741218 ], [ -1331572.550279619405046, 2282240.04830051632598 ], [ -1340717.239650052506477, 2283828.123987917322665 ], [ -1342373.356974682770669, 2274247.229994093533605 ], [ -1354944.897908012382686, 2276481.912316178902984 ], [ -1356649.811161652905867, 2266871.222215993795544 ], [ -1384560.732378962915391, 2271701.413963985163718 ], [ -1391118.815701209008694, 2235467.348210884723812 ], [ -1461512.373562230495736, 2247393.155644807964563 ], [ -1475434.672044550301507, 2250700.316006472799927 ], [ -1477588.921495587099344, 2238690.825901439413428 ], [ -1485936.932925908826292, 2195498.873343714978546 ], [ -1501390.185997282620519, 2116380.213150436524302 ], [ -1509530.617132147075608, 2075359.698009699117392 ], [ -1520019.285587486345321, 2021219.679937339620665 ] ] ] } },
{ "type": "Feature", "properties": { "csa_geoid": "484", "csa_name": "San Antonio-New Braunfels-Kerrville, TX CSA" }, "geometry": { "type": "Polygon", "coordinates": [ [ [ -193258.780418353591813, 743943.67575026047416 ], [ -196051.559530318627367, 754664.282956057344563 ], [ -221325.530374399590073, 776266.760735690942965 ], [ -232820.688569066027412, 765403.01496737706475 ], [ -248977.912184064625762, 788187.282133203931153 ], [ -248663.328705599094974, 800100.1286336700432 ], [ -248247.919685995642794, 828262.384702111594379 ], [ -263441.267563723085914, 828566.267554197693244 ], [ -275412.299729638500139, 828970.371515438426286 ], [ -287386.077005495899357, 829214.270297431387007 ], [ -316455.025083523418289, 830373.999160426668823 ], [ -317059.374505634710658, 806703.479377012234181 ], [ -360466.042298019689042, 808765.085853613214567 ], [ -361750.305802449467592, 784754.699139849748462 ], [ -355232.809366959088948, 784478.751080613466911 ], [ -356073.944731373281684, 766147.037154428311624 ], [ -347550.590225071413442, 765719.523763600969687 ], [ -348763.990961113071535, 734632.328473723493516 ], [ -330252.755678335262928, 733985.754937235382386 ], [ -331438.986117600055877, 702428.219915213179775 ], [ -332586.172001938160975, 674618.956512292148545 ], [ -316432.804181048530154, 674017.974476043018512 ], [ -273280.317269998602569, 672578.010939253843389 ], [ -273543.047546120011248, 662727.011962447082624 ], [ -274330.84511108789593, 623544.769311379524879 ], [ -256703.140312087838538, 623157.544899883097969 ], [ -228715.133302838949021, 622419.083194566541351 ], [ -228810.353547240170883, 618480.708213323145173 ], [ -205192.773039254912874, 637216.325760518317111 ], [ -211902.277082954387879, 645669.963165466906503 ], [ -214010.583600784302689, 647973.717277836170979 ], [ -207478.173748607834568, 652987.237855171784759 ], [ -202470.517897284124047, 657123.684506225748919 ], [ -168152.199274062149925, 684617.390444672084413 ], [ -180546.557476799032884, 699382.885997672216035 ], [ -170078.894534010411007, 714224.447020258405246 ], [ -169349.643361320748227, 715513.969104585121386 ], [ -158069.706787562055979, 731893.194081155583262 ], [ -160958.176238862244645, 733841.935666399425827 ], [ -167909.819393203535583, 736651.910415404941887 ], [ -168872.022660592454486, 738898.92440154729411 ], [ -171233.52295344430604, 741272.730908686877228 ], [ -171001.76326083301683, 742313.877353579970077 ], [ -175031.859250436304137, 746025.090376943699084 ], [ -175811.352000039478298, 747696.159736377536319 ], [ -177991.566702017036732, 748824.72045623336453 ], [ -177471.193200150155462, 752062.353622239432298 ], [ -179931.481273310288088, 755192.768073157756589 ], [ -181041.333258049911819, 755428.640303198830225 ], [ -187765.836003815347794, 749855.520732995821163 ], [ -193258.780418353591813, 743943.67575026047416 ] ] ] } },
{ "type": "Feature", "properties": { "csa_geoid": "488", "csa_name": "San Jose-San Francisco-Oakland, CA CSA" }, "geometry": { "type": "MultiPolygon", "coordinates": [ [ [ [ -2319198.224103508517146, 1994239.626376162515953 ], [ -2315692.710008926689625, 1993511.017546441638842 ], [ -2315219.915931706316769, 1994740.629686095518991 ], [ -2312520.688286742195487, 1996241.84524179645814 ], [ -2310993.323524572420865, 1996168.925241163931787 ], [ -2306392.636250744573772, 1994055.636549720074981 ], [ -2304527.401792668737471, 1992515.11793888011016 ], [ -2302212.191598600707948, 1989511.285871177911758 ], [ -2300835.095190272666514, 1986769.148548652417958 ], [ -2300481.181548681575805, 1983381.536646684398875 ], [ -2297359.746891159564257, 1979832.491607580333948 ], [ -2297216.11192733142525, 1977317.777794803958386 ], [ -2295488.783569468650967, 1975558.369536664802581 ], [ -2293069.268204815685749, 1976351.657316334079951 ], [ -2290295.887772851157933, 1974491.470888582291082 ], [ -2289310.113602073863149, 1972288.348715972853824 ], [ -2287584.304376620799303, 1971101.141547163017094 ], [ -2286513.489430758170784, 1968684.447544499998912 ], [ -2284971.502188455779105, 1967633.707899009110406 ], [ -2284406.349899522028863, 1965652.548127868911251 ], [ -2281141.279247276019305, 1962952.46525069209747 ], [ -2278811.223533515818417, 1962865.789993193699047 ], [ -2277776.409761651419103, 1966468.626899542286992 ], [ -2278922.178320671897382, 1967583.983781598042697 ], [ -2278873.3904415871948, 1970816.166172000113875 ], [ -2277549.190684827975929, 1970615.573923520511016 ], [ -2276900.991852509323508, 1968014.878794196294621 ], [ -2274978.306092474609613, 1967201.434071923140436 ], [ -2275046.367526730988175, 1969715.20057516428642 ], [ -2276518.266856369562447, 1973378.913865077542141 ], [ -2275524.918856724631041, 1978092.463421273510903 ], [ -2273467.124456803780049, 1979487.562791260890663 ], [ -2271322.697462764102966, 1979179.879065897548571 ], [ -2272035.202358276583254, 1981596.013120959047228 ], [ -2274468.677611761726439, 1984161.54458780749701 ], [ -2274211.78844633186236, 1985575.985887723509222 ], [ -2271677.925000065937638, 1989467.133407442364842 ], [ -2270999.358229463919997, 1993161.687868119683117 ], [ -2272267.094780046027154, 1995037.923111354466528 ], [ -2272524.972596667706966, 1997635.328832679893821 ], [ -2275497.303809037897736, 2002813.113617320079356 ], [ -2277147.429251104127616, 2004679.362976881908253 ], [ -2278302.000297983642668, 2004087.211441286373883 ], [ -2282106.812190858181566, 2005214.115863474318758 ], [ -2288859.298719754908234, 2010182.760758030461147 ], [ -2298898.907974091824144, 2025922.460220669629052 ], [ -2302823.010348053183407, 2026395.558125948067755 ], [ -2304252.906504272017628, 2027484.998563719214872 ], [ -2306971.759865787345916, 2027019.64995848108083 ], [ -2307979.445745865814388, 2026089.988709035562351 ], [ -2306450.824906118679792, 2020258.43262851331383 ], [ -2307546.877386970911175, 2018250.001815521623939 ], [ -2308268.154631663579494, 2013494.529373126802966 ], [ -2307677.177697081118822, 2010628.568705487530679 ], [ -2310218.140425297431648, 2005405.806516596116126 ], [ -2317882.730801205150783, 1994854.771183867938817 ], [ -2319198.224103508517146, 1994239.626376162515953 ] ] ], [ [ [ -2239940.262742578517646, 2072751.24060936528258 ], [ -2240676.904734318144619, 2072004.051313388859853 ], [ -2239444.452513749245554, 2068234.606023872969672 ], [ -2240543.744458980858326, 2065725.893043366493657 ], [ -2241920.148212181404233, 2066435.937848317204043 ], [ -2244586.609213228803128, 2062911.818833681987599 ], [ -2250491.260723572224379, 2057362.837090024026111 ], [ -2265056.605782527010888, 2057418.096559140831232 ], [ -2265331.460146550089121, 2055370.828909788979217 ], [ -2266624.205809106584638, 2054155.907922528451309 ], [ -2266701.000938374083489, 2052267.391631876816973 ], [ -2268922.689015632960945, 2050171.905566337285563 ], [ -2267988.875402966979891, 2045378.061129591194913 ], [ -2265116.320165259297937, 2043278.977650922723114 ], [ -2264684.668042544741184, 2040832.35763446893543 ], [ -2263039.061692689545453, 2039557.712410240899771 ], [ -2263492.953227923251688, 2036887.482869963627309 ], [ -2263222.572660596109927, 2033429.395943016046658 ], [ -2259662.603356376290321, 2030280.393918324727565 ], [ -2261959.507557866163552, 2027786.629835370928049 ], [ -2260810.568689060397446, 2026038.741433748044074 ], [ -2260353.003507856279612, 2020747.52881050715223 ], [ -2258392.989821044262499, 2017941.119823575252667 ], [ -2257102.945368520449847, 2012431.444120361236855 ], [ -2258613.004323638044298, 2010250.429066858720034 ], [ -2257313.499514752067626, 2005971.323218303034082 ], [ -2256431.837090811226517, 2005423.001059444388375 ], [ -2257278.438228185754269, 2002085.672755519626662 ], [ -2256582.253148023504764, 2000170.977018133271486 ], [ -2258955.117468691896647, 1997970.721614727983251 ], [ -2259626.486535273026675, 1996046.111211962765083 ], [ -2262288.924970214720815, 1997118.385801533935592 ], [ -2261940.829769207164645, 1995042.387854323955253 ], [ -2259557.708988831844181, 1993165.084495371207595 ], [ -2255571.27331928955391, 1988544.922915178351104 ], [ -2254545.539755725301802, 1985881.535715763224289 ], [ -2253837.711023509968072, 1982020.499940454494208 ], [ -2256443.106940202414989, 1979404.429873740300536 ], [ -2258254.771934683900326, 1978546.195146585116163 ], [ -2261197.001556369010359, 1978288.18820834485814 ], [ -2264039.116691512521356, 1979848.26195039274171 ], [ -2264843.88728308537975, 1976606.914495252771303 ], [ -2269072.575481422711164, 1976077.77076672646217 ], [ -2269804.749625688884407, 1972682.111622424097732 ], [ -2267161.106452336069196, 1968695.803034317912534 ], [ -2264256.203890631906688, 1968531.598016926785931 ], [ -2262592.592062148731202, 1966039.787123417714611 ], [ -2264481.083731086459011, 1964397.05143232550472 ], [ -2263059.847988862544298, 1961804.599621792789549 ], [ -2263488.869271464180201, 1958777.350722836097702 ], [ -2265157.924301336053759, 1959120.227532977005467 ], [ -2267388.978030395694077, 1956002.447604979155585 ], [ -2266757.437365209218115, 1954021.84334162902087 ], [ -2261414.616721133701503, 1949254.876608405960724 ], [ -2263160.532665872946382, 1948770.589563394896686 ], [ -2262925.290819064714015, 1946557.930083530955017 ], [ -2260565.982281605713069, 1942895.307448234409094 ], [ -2258944.287257786374539, 1942001.764989745104685 ], [ -2257275.383963937871158, 1939394.336536733899266 ], [ -2257122.115588416811079, 1935245.26414230838418 ], [ -2258248.515778986271471, 1929331.557026182301342 ], [ -2257111.90237763337791, 1922075.412477219942957 ], [ -2257764.169558553025126, 1918929.503446125658229 ], [ -2255466.786488670855761, 1918435.053416815120727 ], [ -2253374.982723289169371, 1917108.743837385205552 ], [ -2253861.827713451813906, 1914695.078431426314637 ], [ -2252952.840371428057551, 1913127.18541537434794 ], [ -2255080.634673720225692, 1911948.988822174491361 ], [ -2257478.943096201401204, 1913261.897400790825486 ], [ -2259443.124081294052303, 1915597.407916449941695 ], [ -2259311.504509473685175, 1919342.403789069270715 ], [ -2262204.247038547415286, 1920178.620878840796649 ], [ -2264603.654573407024145, 1923930.908400252927095 ], [ -2264489.905449037440121, 1925479.224585965042934 ], [ -2267451.647548598237336, 1927782.362766033504158 ], [ -2268442.376888741739094, 1930527.43940981850028 ], [ -2272015.399002662394196, 1931724.569216300733387 ], [ -2272292.032251182477921, 1933639.246192148886621 ], [ -2276064.245045260991901, 1934858.875220965594053 ], [ -2276558.158757601398975, 1936191.5024627991952 ], [ -2275378.139898866880685, 1938817.281713178846985 ], [ -2276442.748148503247648, 1939921.707838206319138 ], [ -2275107.589624428655952, 1942709.183657171204686 ], [ -2275710.41299552610144, 1944845.069667206844315 ], [ -2275380.908762664999813, 1948081.407661357661709 ], [ -2272644.745048395823687, 1948321.70577773754485 ], [ -2271808.637191436719149, 1949505.899871449917555 ], [ -2273044.786949790548533, 1953950.429720867192373 ], [ -2272342.33753973338753, 1956675.293875643983483 ], [ -2273558.356954598799348, 1959363.579246839508414 ], [ -2278239.460359219927341, 1960205.4195232889615 ], [ -2283224.950106119737029, 1958854.846273798728362 ], [ -2284315.866109844297171, 1952510.586481364909559 ], [ -2284652.257084590382874, 1948258.707437801640481 ], [ -2285733.238343055360019, 1943625.532384083140641 ], [ -2287716.383795159403235, 1939017.529465990373865 ], [ -2289322.630221473518759, 1938428.369153199018911 ], [ -2290213.52268266864121, 1934207.130491273012012 ], [ -2291419.727690877392888, 1930950.497769844019786 ], [ -2290386.736927524209023, 1927274.123853649711236 ], [ -2288332.08461366314441, 1927641.984178599203005 ], [ -2287493.97335960296914, 1926492.126011975575238 ], [ -2287309.789008469786495, 1922804.125150610692799 ], [ -2287904.066774556413293, 1919990.176154725253582 ], [ -2287519.644980092532933, 1914822.405444344040006 ], [ -2286651.514326793141663, 1910692.04221522109583 ], [ -2287374.206752224359661, 1908309.256322471890599 ], [ -2290436.78843807708472, 1900889.810231261886656 ], [ -2291541.071046345401555, 1899186.197975894901901 ], [ -2291481.88107038801536, 1895783.362435582326725 ], [ -2292031.348579222802073, 1893181.402825128985569 ], [ -2291601.333801778033376, 1891395.144274815684184 ], [ -2289524.146490422077477, 1889789.882559001911432 ], [ -2289699.14790013153106, 1887202.47979475511238 ], [ -2288180.28143161162734, 1885110.480142606422305 ], [ -2288174.267853877972811, 1882441.988836532691494 ], [ -2286096.280479507520795, 1882240.203236726112664 ], [ -2284744.18786380905658, 1880151.356638890691102 ], [ -2281892.830108889378607, 1870482.61268211202696 ], [ -2279308.141885317396373, 1866579.601716624107212 ], [ -2274189.503931656945497, 1860455.731689230306074 ], [ -2270821.662535449489951, 1858368.737479163566604 ], [ -2267394.341039699036628, 1857793.430659990990534 ], [ -2266817.170707118697464, 1858835.637075281701982 ], [ -2262761.703105470631272, 1856766.778617242816836 ], [ -2260446.559498875401914, 1858131.037252434296533 ], [ -2258409.707057715859264, 1858340.395187520887703 ], [ -2256682.890428653452545, 1856787.006899069296196 ], [ -2254054.440166701097041, 1851702.145023243501782 ], [ -2252090.509484139736742, 1841744.295863352483138 ], [ -2249056.692841046955436, 1844891.527436898089945 ], [ -2247858.133433693554252, 1844418.271783782402053 ], [ -2244701.073259504511952, 1846528.324652295559645 ], [ -2241596.242159812711179, 1846346.63868080964312 ], [ -2239457.108669771347195, 1844356.303905337583274 ], [ -2237554.65688113309443, 1845085.478879386791959 ], [ -2236545.981241691857576, 1843414.461441801628098 ], [ -2237103.072510052938014, 1840265.303201075643301 ], [ -2236180.819686117582023, 1836813.967337650479749 ], [ -2234367.794152675196528, 1835284.169817163143307 ], [ -2228866.163950534071773, 1824652.316903571132571 ], [ -2226881.621733955573291, 1824725.835475559113547 ], [ -2225237.415466676466167, 1819691.653701085131615 ], [ -2228415.7575603290461, 1819201.494947948027402 ], [ -2227787.048725952859968, 1816438.845662931911647 ], [ -2226170.185558502096683, 1813947.8345574173145 ], [ -2223713.655079842079431, 1813263.884364211000502 ], [ -2223585.084726740606129, 1811323.776463774498552 ], [ -2219989.744860143400729, 1810307.969937667716295 ], [ -2217274.122864022385329, 1804182.311489084502682 ], [ -2219787.976662072353065, 1798448.482391003286466 ], [ -2218627.9458520389162, 1797571.819209431996569 ], [ -2217749.495166707318276, 1794686.210177869768813 ], [ -2219874.650465057697147, 1792433.483840045053512 ], [ -2216270.813037740532309, 1791370.652105846442282 ], [ -2213955.263629237189889, 1791305.499413654208183 ], [ -2211414.902186056599021, 1783515.530493171652779 ], [ -2201879.582856071647257, 1766803.228676455793902 ], [ -2203380.594951063860208, 1761069.953327928902581 ], [ -2199297.653076101560146, 1759837.742227297043428 ], [ -2198074.845228869933635, 1761861.821576481685042 ], [ -2195807.357566440012306, 1759453.83861656091176 ], [ -2191860.843178378418088, 1762601.189750718418509 ], [ -2190041.683317521121353, 1759968.529856223613024 ], [ -2187693.477486822288483, 1759349.558261941885576 ], [ -2186022.480827230960131, 1757054.820628261892125 ], [ -2185830.512896149884909, 1755310.159482226008549 ], [ -2181646.978945335838944, 1748930.72710088500753 ], [ -2181157.118531691841781, 1747112.073588003404438 ], [ -2177304.891065947245806, 1745678.723858223529533 ], [ -2175918.508806329220533, 1748685.116761554498225 ], [ -2175988.662090391851962, 1752468.162943029077724 ], [ -2177512.022393998224288, 1757938.238999368622899 ], [ -2177002.055464336182922, 1758540.610100070014596 ], [ -2172383.308245606720448, 1752337.783955360297114 ], [ -2171959.438807941973209, 1755368.354967552470043 ], [ -2169701.086489924695343, 1757079.808637761510909 ], [ -2166780.387107848189771, 1756597.2534388191998 ], [ -2163572.024657871108502, 1757089.007461562985554 ], [ -2159043.142381998244673, 1774400.332971344003454 ], [ -2159605.059736307710409, 1774549.941404325887561 ], [ -2176662.061602620407939, 1804286.492403958458453 ], [ -2179302.136857319157571, 1809034.538072134368122 ], [ -2150734.503123155329376, 1826046.055394432507455 ], [ -2145164.582849617581815, 1824547.553315483499318 ], [ -2144176.123334152624011, 1829949.469379933085293 ], [ -2131349.099222482182086, 1837558.72388299042359 ], [ -2129248.938880822155625, 1837293.513048984808847 ], [ -2122729.578851420432329, 1838559.897253008792177 ], [ -2121031.711839728988707, 1837549.649219749262556 ], [ -2112684.573739106301218, 1839129.949426598846912 ], [ -2108213.103122893720865, 1839259.197840222390369 ], [ -2097537.304102152120322, 1836986.946643019095063 ], [ -2092740.047567378729582, 1837523.703933074371889 ], [ -2093186.416329660918564, 1839355.355586871970445 ], [ -2095131.678156019188464, 1842716.078332029981539 ], [ -2098973.178241235204041, 1845631.354449323611334 ], [ -2101486.456456899642944, 1849908.5555292700883 ], [ -2100808.699781510978937, 1852153.794360559200868 ], [ -2101958.259556429926306, 1854990.691339489538223 ], [ -2102382.121000494807959, 1857882.030893907183781 ], [ -2104795.344399434980005, 1865838.891952134435996 ], [ -2105422.508003443945199, 1869693.905333888484165 ], [ -2104336.778605157043785, 1870702.724240535637364 ], [ -2105107.863589076790959, 1876141.022243463201448 ], [ -2105914.160267872270197, 1877322.922008293680847 ], [ -2105883.024653127416968, 1880107.366546192904934 ], [ -2108480.558743388392031, 1893806.584052636753768 ], [ -2118194.127637358848006, 1909835.436160836368799 ], [ -2125359.668496665079147, 1921392.56687393039465 ], [ -2130604.406452898867428, 1931986.664731330703944 ], [ -2130973.218723044265062, 1933332.091202810406685 ], [ -2135668.945597589481622, 1942764.919351730728522 ], [ -2138287.864336607046425, 1947533.171863035997376 ], [ -2141833.985972836613655, 1955380.762051651254296 ], [ -2143052.479921621270478, 1980308.14653079607524 ], [ -2145025.557120261248201, 1979782.743911538505927 ], [ -2146228.326956198085099, 1981074.285358559107408 ], [ -2148238.197241563349962, 1980095.239366811700165 ], [ -2152141.729215046390891, 1980116.115880897501484 ], [ -2156582.826288353186101, 1978737.085036867298186 ], [ -2158328.535962238442153, 1979273.668136687250808 ], [ -2161035.537515260279179, 1978691.583647973602638 ], [ -2164640.84607259882614, 1980586.114440163131803 ], [ -2167341.272111483383924, 1979620.379223043099046 ], [ -2171676.095805668737739, 1979715.479602438863367 ], [ -2177188.573646124918014, 1981649.785325049655512 ], [ -2178008.547604346182197, 1984517.897002067184076 ], [ -2181352.546115547884256, 1986043.225961901713163 ], [ -2182301.959393988829106, 1985568.694135376717895 ], [ -2185561.86787978745997, 1981647.063275962369516 ], [ -2188181.64894819771871, 1980240.152706006309018 ], [ -2188366.74041130207479, 1978084.13649005163461 ], [ -2190037.497464960906655, 1975839.662780608516186 ], [ -2192180.21477622538805, 1975535.353400859050453 ], [ -2194969.148952762596309, 1973553.776976851979271 ], [ -2193880.597436452750117, 1971515.43858612049371 ], [ -2195519.276859939564019, 1970648.652066214475781 ], [ -2199246.7907819673419, 1972192.267013513017446 ], [ -2200508.961264419835061, 1971119.115722404792905 ], [ -2202216.254942414350808, 1972694.733578752027825 ], [ -2204297.533468668814749, 1971689.461578662740067 ], [ -2204886.085848685819656, 1969436.267808049218729 ], [ -2206898.14136747084558, 1968130.130199244013056 ], [ -2210643.551940848119557, 1967006.912478380836546 ], [ -2215158.395077790599316, 1967306.802954792976379 ], [ -2217508.150694788899273, 1968399.47103806771338 ], [ -2218408.251821997109801, 1969687.09712985670194 ], [ -2218768.926577831152827, 1973145.050065611954778 ], [ -2216999.230885842815042, 1973381.023545642383397 ], [ -2214521.939448998775333, 1972065.619512482779101 ], [ -2209273.457387758884579, 1973675.611535675125197 ], [ -2206906.329227091744542, 1972706.069021621486172 ], [ -2205465.484652036335319, 1975483.723379770293832 ], [ -2203624.251828969921917, 1977447.018372692866251 ], [ -2202284.210442348383367, 1980167.053990714019164 ], [ -2199724.502606295980513, 1982035.943314668722451 ], [ -2195339.970995067153126, 1982431.440147071145475 ], [ -2193518.143340850714594, 1984802.057301602326334 ], [ -2191489.152219768147916, 1993041.203396027907729 ], [ -2189987.695353812538087, 1994604.01031960407272 ], [ -2198351.633445636369288, 1996992.108944647246972 ], [ -2192047.0750856497325, 2020056.669831669190899 ], [ -2193282.616137291304767, 2021638.122914070496336 ], [ -2195382.346470754593611, 2022220.71837228233926 ], [ -2197943.197059832513332, 2021553.851443194318563 ], [ -2201950.942837598733604, 2022688.373152059037238 ], [ -2204582.67811689293012, 2024653.634365274803713 ], [ -2207841.678682370111346, 2025704.143684457521886 ], [ -2209799.240724484901875, 2025291.899495794437826 ], [ -2212288.519457881338894, 2026431.541058975970373 ], [ -2219536.879170925822109, 2023320.009147576987743 ], [ -2221022.648912716191262, 2024250.971899635158479 ], [ -2222510.671830868348479, 2027443.980596839915961 ], [ -2225911.918363600503653, 2027873.013107740785927 ], [ -2226607.141817428637296, 2030162.049528522882611 ], [ -2226281.734377636574209, 2034441.271333345910534 ], [ -2226383.874091118108481, 2039344.683349898317829 ], [ -2227385.199967523571104, 2042521.239907528506592 ], [ -2227362.4500218834728, 2044883.861319346819073 ], [ -2229434.239762044046074, 2047135.174536331556737 ], [ -2229133.424491728655994, 2048660.593578469241038 ], [ -2230553.987550216261297, 2050523.138377852039412 ], [ -2230519.165555161889642, 2055889.963101611239836 ], [ -2231136.130188569426537, 2057640.568673205561936 ], [ -2230909.211705271620303, 2061547.586816296447068 ], [ -2231774.29204601701349, 2067628.980885491939262 ], [ -2234592.135397132951766, 2069160.928881346480921 ], [ -2236849.674323021434247, 2068653.608226167969406 ], [ -2238649.757612480781972, 2070197.148075511911884 ], [ -2239940.262742578517646, 2072751.24060936528258 ] ] ] ] } },
{ "type": "Feature", "properties": { "csa_geoid": "496", "csa_name": "Savannah-Hinesville-Statesboro, GA CSA" }, "geometry": { "type": "Polygon", "coordinates": [ [ [ 1327923.199022602755576, 1092663.375717496499419 ], [ 1323898.169303395785391, 1086837.558538044802845 ], [ 1323018.859844908351079, 1084288.48393086832948 ], [ 1324160.08623186359182, 1081222.946878830436617 ], [ 1323565.0689467783086, 1078534.548382081091404 ], [ 1321838.671274767490104, 1077307.004671285161749 ], [ 1321506.981588211841881, 1073293.826404806226492 ], [ 1319633.128764617489651, 1071198.343264908762649 ], [ 1319032.285802887985483, 1068109.921794706489891 ], [ 1315330.933623587712646, 1065915.898020234424621 ], [ 1313790.027857716428116, 1067545.974813171196729 ], [ 1310122.448764501838014, 1068824.409514271887019 ], [ 1306630.039815665921196, 1067657.04262503888458 ], [ 1306978.803059023106471, 1065288.574958537938073 ], [ 1303132.84840807504952, 1061783.63018839689903 ], [ 1308044.761969014303759, 1028503.146479006391019 ], [ 1309805.494206371949986, 1029805.958742698421702 ], [ 1311862.786820695968345, 1030049.25576062197797 ], [ 1315594.390637435484678, 1027841.872128206421621 ], [ 1316318.562519717495888, 1022513.956713345367461 ], [ 1318218.023783788550645, 1019029.576605187146924 ], [ 1319280.24509978084825, 1018345.057264224393293 ], [ 1329727.308149423915893, 1017606.764890191028826 ], [ 1336898.806961778085679, 1019677.972017724649049 ], [ 1340887.782195745036006, 1021289.419508359627798 ], [ 1348602.176984436111525, 1018342.48968390643131 ], [ 1350464.590349437436089, 1023202.526308096013963 ], [ 1349720.826093571027741, 1023877.017516444786452 ], [ 1350496.289497138001025, 1026884.366669897222891 ], [ 1353031.324556973297149, 1027196.706565622007474 ], [ 1356826.654065728420392, 1035475.277510129963048 ], [ 1355537.403759749606252, 1037131.351084730355069 ], [ 1353104.232597539201379, 1037915.428043348365463 ], [ 1350880.697981795063242, 1042493.344759042956866 ], [ 1354501.620004629250616, 1044466.599381707026623 ], [ 1359334.288895868696272, 1048045.480228340951726 ], [ 1364182.177321585826576, 1062651.637145090615377 ], [ 1366710.305461785523221, 1062431.092488031135872 ], [ 1366748.71481047058478, 1060910.782333439216018 ], [ 1368227.407649610890076, 1058794.953598426887766 ], [ 1370551.007883331505582, 1057044.185836211312562 ], [ 1371893.072616071905941, 1058485.24365361710079 ], [ 1374052.647197593702003, 1057832.252122938865796 ], [ 1377657.608529566088691, 1059675.167790947249159 ], [ 1379220.670368066988885, 1059093.011908409185708 ], [ 1381405.506898210151121, 1060789.141253631096333 ], [ 1382686.251039293361828, 1060012.135219156509265 ], [ 1386480.118741765385494, 1060539.749443477252498 ], [ 1390520.006590198725462, 1058949.503056421643123 ], [ 1394074.133042827947065, 1055864.840942625887692 ], [ 1394185.722805832745507, 1053873.880662396317348 ], [ 1395407.900886104442179, 1051983.120847884565592 ], [ 1397331.704641909105703, 1053259.258578137028962 ], [ 1399216.870118690188974, 1060432.114525364944711 ], [ 1398573.123769450699911, 1061403.44927918841131 ], [ 1397682.876520359423012, 1066057.74944686004892 ], [ 1392643.324245003284886, 1067295.513837131205946 ], [ 1390723.224586357362568, 1069016.11707122460939 ], [ 1391490.545381526229903, 1070691.912049226928502 ], [ 1397466.511361787095666, 1070442.952573611168191 ], [ 1402234.935817101504654, 1076685.654002301394939 ], [ 1404764.073576563503593, 1081483.585390525404364 ], [ 1400724.234234079485759, 1082948.17102847690694 ], [ 1401824.791976929176599, 1086368.246251645265147 ], [ 1400868.998301648069173, 1088391.650707200402394 ], [ 1403089.981601757928729, 1088642.701929373433813 ], [ 1407959.798016631510109, 1087323.844441179651767 ], [ 1409581.252632425399497, 1089872.022129516350105 ], [ 1412891.428156004287302, 1093799.44479405018501 ], [ 1409190.022327888291329, 1094082.814819320803508 ], [ 1407505.638961208751425, 1095602.54959023068659 ], [ 1410322.012611760990694, 1098934.969504706095904 ], [ 1411723.147750886855647, 1099688.699343936285004 ], [ 1413169.263147296616808, 1097303.268403314985335 ], [ 1416518.988635780056939, 1099865.256184492493048 ], [ 1419187.232124423608184, 1103776.78610208700411 ], [ 1419353.728319007903337, 1106520.435093220556155 ], [ 1417954.038430821616203, 1108232.025815450819209 ], [ 1416010.31583559489809, 1106562.551774696912616 ], [ 1414390.911471768748015, 1107879.356130668893456 ], [ 1411005.858527579111978, 1108602.212058912962675 ], [ 1407837.75607219687663, 1111278.416169536300004 ], [ 1404923.611222800100222, 1111875.105993719538674 ], [ 1402594.582520491676405, 1114079.037045062985271 ], [ 1399783.056238054065034, 1111529.730840671109036 ], [ 1394848.236143227899447, 1112575.110629366710782 ], [ 1394381.469944773707539, 1113737.490428358782083 ], [ 1392077.537261105375364, 1113804.003479527542368 ], [ 1391317.795726980315521, 1115860.74197069555521 ], [ 1391527.992416009074077, 1117927.186166418483481 ], [ 1389948.443940744036809, 1119605.312995328102261 ], [ 1390612.376891972497106, 1121537.87951316870749 ], [ 1389850.45996642508544, 1123226.13801242550835 ], [ 1386013.8263497101143, 1127426.036618471611291 ], [ 1386793.711718622827902, 1128186.88933954318054 ], [ 1388181.89086193870753, 1132252.985108186723664 ], [ 1388117.570687779923901, 1134696.188772792229429 ], [ 1385562.810256938217208, 1139363.882229436887428 ], [ 1383702.445992364082485, 1139081.655996920773759 ], [ 1381329.796704534906894, 1141973.211369190830737 ], [ 1381371.7936456638854, 1143593.402239468647167 ], [ 1378376.714733254164457, 1146505.095766502898186 ], [ 1377873.943826254922897, 1147937.461615518433973 ], [ 1378115.533190853893757, 1151472.431942189810798 ], [ 1374489.75367738166824, 1154346.794880966888741 ], [ 1373234.44205954647623, 1156604.559268554905429 ], [ 1370353.516656222054735, 1157304.21173631423153 ], [ 1369084.392453236039728, 1160045.451881483662874 ], [ 1367437.032748491503298, 1160529.077219654573128 ], [ 1365296.051498589105904, 1159801.998644145904109 ], [ 1361685.477802994893864, 1160830.961137844715267 ], [ 1358459.24372597434558, 1162785.439785755705088 ], [ 1346145.314236504491419, 1151146.276068380102515 ], [ 1344934.559284895891324, 1149096.418943759752437 ], [ 1342435.978145985398442, 1150939.219802563078701 ], [ 1340919.876531881513074, 1150053.090090404963121 ], [ 1336443.889191107591614, 1152309.638767625903711 ], [ 1332844.638253896730021, 1153395.66231219493784 ], [ 1331602.052639882080257, 1153120.622489492874593 ], [ 1326873.607190226903185, 1156864.199495395645499 ], [ 1322892.924736816901714, 1158623.746019096113741 ], [ 1319648.442611367907375, 1161488.150711894501001 ], [ 1316041.899261627579108, 1162426.196505059953779 ], [ 1301768.042071519652382, 1155483.851825308287516 ], [ 1300273.88391463807784, 1149431.642016425961629 ], [ 1300228.384282098617405, 1147576.78504854394123 ], [ 1306119.930109691107646, 1145572.768657933687791 ], [ 1305823.571883036289364, 1143788.901111969957128 ], [ 1306541.288360390579328, 1140757.362931039649993 ], [ 1307937.383107224246487, 1138996.354085178114474 ], [ 1312566.94076328817755, 1135504.149565898114815 ], [ 1311782.221362582873553, 1128822.385165301617235 ], [ 1311360.384243549080566, 1122768.865073927910998 ], [ 1310237.781485897488892, 1118698.056627786019817 ], [ 1304926.268418760504574, 1118979.969075828790665 ], [ 1312359.076812855666503, 1097843.163050982169807 ], [ 1321319.71211863309145, 1095679.394345913315192 ], [ 1333200.878931025275961, 1097178.797148951562122 ], [ 1327923.199022602755576, 1092663.375717496499419 ] ] ] } },
{ "type": "Feature", "properties": { "csa_geoid": "500", "csa_name": "Seattle-Tacoma, WA CSA" }, "geometry": { "type": "MultiPolygon", "coordinates": [ [ [ [ -1990195.737292432691902, 2985501.985297373495996 ], [ -1989889.955176610965282, 2984009.020026273094118 ], [ -1988103.144206004450098, 2983144.670463565271348 ], [ -1985939.593756950693205, 2988251.492116868961602 ], [ -1984598.293389653088525, 2987294.366339505650103 ], [ -1986299.649705931544304, 2985023.334192186128348 ], [ -1984845.559672649251297, 2983717.211983109824359 ], [ -1982987.064230640418828, 2985745.757196648977697 ], [ -1977597.259384473552927, 2986864.845967985223979 ], [ -1978842.180685926927254, 2988433.022436724975705 ], [ -1981113.001134628430009, 2989408.754555069841444 ], [ -1980706.115593007998541, 2995191.681207890156657 ], [ -1979604.451383991166949, 2996367.152537692338228 ], [ -1980927.5992857075762, 2999092.308680008165538 ], [ -1979866.920655187917873, 3000697.974526694510132 ], [ -1981401.72865109029226, 3002010.922350286506116 ], [ -1982696.971599400509149, 2999170.056686256546527 ], [ -1984019.086189953610301, 2998719.087424410972744 ], [ -1986014.43558669439517, 2996185.576283982489258 ], [ -1987129.572127343155444, 2992499.097598789725453 ], [ -1988743.672692944295704, 2990460.474302592687309 ], [ -1988366.213624933036044, 2988631.732306825462729 ], [ -1990195.737292432691902, 2985501.985297373495996 ] ] ], [ [ [ -1980902.942893567495048, 3083758.186006047297269 ], [ -1979128.061215763911605, 3080442.652024208568037 ], [ -1977628.254716684110463, 3079276.39558861264959 ], [ -1976412.596427097683772, 3076755.559753856156021 ], [ -1976328.914200770435855, 3074368.203638106118888 ], [ -1973812.750802914379165, 3074788.725516350474209 ], [ -1971653.770119938999414, 3073234.591000323649496 ], [ -1971992.939929926302284, 3068138.392559176310897 ], [ -1974280.915226502809674, 3064457.254439545795321 ], [ -1973402.340643627569079, 3062315.327651684638113 ], [ -1974458.7575723528862, 3059113.528512600343674 ], [ -1973850.941575784003362, 3057174.821149767376482 ], [ -1971471.366195842856541, 3054496.998833211138844 ], [ -1972635.856157860718668, 3051872.926713855005801 ], [ -1970607.224274660926312, 3051954.692642486654222 ], [ -1968734.863058122806251, 3053034.98161251982674 ], [ -1967029.336276934016496, 3052858.983840139117092 ], [ -1965511.008695128839463, 3049367.518529513850808 ], [ -1966424.511334881884977, 3045851.23282544221729 ], [ -1965731.455264790914953, 3044211.421946714632213 ], [ -1963175.246821829117835, 3042110.085877084638923 ], [ -1959926.379483052296564, 3044823.142092830501497 ], [ -1958864.219345872057602, 3046334.434042165521532 ], [ -1958176.33333784644492, 3049721.094317836221308 ], [ -1958927.583340978017077, 3051175.416469135321677 ], [ -1958258.059802089584991, 3055474.821015690919012 ], [ -1960152.778852113522589, 3056276.328447401989251 ], [ -1962874.856184641597793, 3059069.805918110068887 ], [ -1964749.38697081268765, 3064183.090179384220392 ], [ -1967158.530108150327578, 3065136.238755766768008 ], [ -1966767.358215174404904, 3062588.928169049322605 ], [ -1967743.161428849678487, 3058791.972248502075672 ], [ -1968870.674955979920924, 3057127.959208825603127 ], [ -1970507.592937132809311, 3056867.610070466063917 ], [ -1969542.916450750315562, 3060509.296923704445362 ], [ -1970341.242542224004865, 3066692.13542628288269 ], [ -1968838.045205489965156, 3068065.831445898395032 ], [ -1968905.771468724822626, 3075477.523733512032777 ], [ -1969550.776702294358984, 3078418.035209474619478 ], [ -1970753.438494199886918, 3080608.155641769059002 ], [ -1975416.491091199684888, 3081925.851605121046305 ], [ -1977707.652239345246926, 3081618.284487430006266 ], [ -1977649.995368394767866, 3083744.661775869783014 ], [ -1972266.355915056075901, 3083570.988335413392633 ], [ -1971204.035077643580735, 3085623.501362129114568 ], [ -1969084.108036594465375, 3085738.720142040867358 ], [ -1967857.611120996298268, 3087993.448033486027271 ], [ -1964696.680393514456227, 3087170.233582397457212 ], [ -1963896.081253011245281, 3085468.679437034763396 ], [ -1961914.401274160481989, 3084944.303487134631723 ], [ -1960116.788561164867133, 3085702.838671255856752 ], [ -1959319.665951837552711, 3087362.875588970258832 ], [ -1961567.346542123239487, 3091684.59609191538766 ], [ -1964426.297142402967438, 3094272.129703851416707 ], [ -1962751.157997775124386, 3095401.08261844329536 ], [ -1962379.767750192899257, 3097993.113478680606931 ], [ -1963654.477490671910346, 3100238.190169413108379 ], [ -1965039.202075576409698, 3099367.430464579258114 ], [ -1967908.83130302769132, 3100310.6259626140818 ], [ -1969988.982584962388501, 3095544.139441914856434 ], [ -1975042.774183987639844, 3091223.420762623660266 ], [ -1976481.051084846956655, 3088790.513570616953075 ], [ -1978552.07598052569665, 3087168.675315634347498 ], [ -1980902.942893567495048, 3083758.186006047297269 ] ] ], [ [ [ -1963009.903874779120088, 3114529.701482048723847 ], [ -1962379.455864272778854, 3112962.895193648058921 ], [ -1959141.213434176286682, 3113295.990150296594948 ], [ -1958409.256160494405776, 3115085.189574304968119 ], [ -1961484.518335644854233, 3119297.749865002464503 ], [ -1961657.326157031115144, 3116766.051447906997055 ], [ -1963009.903874779120088, 3114529.701482048723847 ] ] ], [ [ [ -1967662.387407910311595, 3120871.161272373981774 ], [ -1967100.407340991543606, 3118750.195385017432272 ], [ -1967809.113678681198508, 3116217.568879027385265 ], [ -1963137.846625265665352, 3117827.766118459869176 ], [ -1966076.673769538290799, 3122893.184588819742203 ], [ -1967662.387407910311595, 3120871.161272373981774 ] ] ], [ [ [ -1985128.843650348950177, 3020374.421974810305983 ], [ -1984733.363309755688533, 3018198.604238347616047 ], [ -1985982.906926355091855, 3013585.829259377438575 ], [ -1983317.970477156806737, 3012324.861715481150895 ], [ -1982805.839218109613284, 3009805.723922265227884 ], [ -1979645.680413397960365, 3010163.93601428065449 ], [ -1980346.389463435159996, 3011679.656746821943671 ], [ -1979886.598431677557528, 3013839.532541100867093 ], [ -1978602.808261522324756, 3015237.214763979427516 ], [ -1979669.02398093091324, 3016745.352745847776532 ], [ -1977811.027088304050267, 3022040.77985029341653 ], [ -1980571.38182325148955, 3025858.884248263202608 ], [ -1981699.059170343913138, 3024956.297419203910977 ], [ -1982611.798463138751686, 3021980.065364330075681 ], [ -1985128.843650348950177, 3020374.421974810305983 ] ] ], [ [ [ -2002788.070358531083912, 2980843.159375042188913 ], [ -1999542.621948633110151, 2973458.083157467655838 ], [ -1997941.990914473310113, 2975256.66210719384253 ], [ -2001216.319666879950091, 2980578.636723291594535 ], [ -2002788.070358531083912, 2980843.159375042188913 ] ] ], [ [ [ -2009042.237900759093463, 2974689.529894652310759 ], [ -2005853.208630552748218, 2972236.212780570145696 ], [ -2002969.196504507912323, 2972527.104351801332086 ], [ -2002979.252828153548762, 2974232.800589752849191 ], [ -2004782.764183405088261, 2976540.967066479381174 ], [ -2006596.151131436927244, 2977040.420472526922822 ], [ -2009042.237900759093463, 2974689.529894652310759 ] ] ], [ [ [ -2011843.497291654348373, 2969404.128081665374339 ], [ -2010308.297046297695488, 2966221.37945539643988 ], [ -2008557.504417068092152, 2967566.463502699509263 ], [ -2007196.306961403926834, 2966967.695261204149574 ], [ -2006079.0257685452234, 2970410.838945351541042 ], [ -2007239.78859639307484, 2972394.561313861981034 ], [ -2009682.503274812363088, 2971656.18322029709816 ], [ -2011843.497291654348373, 2969404.128081665374339 ] ] ], [ [ [ -1944719.450604152400047, 2862646.734286356717348 ], [ -1935365.746314540039748, 2860080.415484612807631 ], [ -1933967.513043078361079, 2862268.520497464574873 ], [ -1934944.479032418690622, 2864754.5585055523552 ], [ -1934684.310692977160215, 2868119.507112188730389 ], [ -1935704.006772285560146, 2870515.269624217879027 ], [ -1934623.025524489115924, 2872537.986780313309282 ], [ -1936090.989639039151371, 2874650.056334490887821 ], [ -1935140.202471498399973, 2876759.745319802779704 ], [ -1932512.222455613547936, 2877286.437493246048689 ], [ -1932125.650124932872131, 2880082.976286950986832 ], [ -1930363.464004847919568, 2881017.207842123229057 ], [ -1929942.743958045030013, 2883099.794705356005579 ], [ -1927836.592162160435691, 2884746.735910403542221 ], [ -1927359.567283047130331, 2886363.142393064219505 ], [ -1929015.901080520823598, 2888272.34886155417189 ], [ -1928182.235380706842989, 2891162.857232156209648 ], [ -1926768.334633277030662, 2892178.154514035210013 ], [ -1925165.95770990406163, 2891556.542325945571065 ], [ -1923425.785077461507171, 2895637.416621616110206 ], [ -1926264.787808796390891, 2896654.776527166832238 ], [ -1927578.184000202454627, 2898579.355929697398096 ], [ -1928208.28878118051216, 2903198.029930723365396 ], [ -1926921.254771381616592, 2904267.148103873711079 ], [ -1928471.693627404980361, 2907839.576246223412454 ], [ -1928922.051685803569853, 2912839.963055165018886 ], [ -1930529.877838800894096, 2914420.887829286511987 ], [ -1927561.039361420087516, 2917686.774418588727713 ], [ -1925822.130626577185467, 2917774.857091538142413 ], [ -1923292.949192507192492, 2919500.233446576166898 ], [ -1922815.717320469906554, 2922861.468299712985754 ], [ -1921682.567836806876585, 2924322.774675757158548 ], [ -1918238.114159458316863, 2925503.663253610022366 ], [ -1916732.945276857586578, 2929074.817482473794371 ], [ -1914153.706155563704669, 2931069.367935101035982 ], [ -1913772.524721653899178, 2932831.734604691155255 ], [ -1914869.121473459992558, 2938272.635170660447329 ], [ -1913402.71378165949136, 2939552.608878672122955 ], [ -1910985.896638918900862, 2939923.114043621346354 ], [ -1909060.30306024919264, 2938358.292869105003774 ], [ -1906557.688576991204172, 2938390.863872185349464 ], [ -1905862.1393247700762, 2939337.216038946062326 ], [ -1906626.931459134444594, 2942311.582044014707208 ], [ -1905354.687555247917771, 2943653.637670587748289 ], [ -1905474.523530261591077, 2946485.565032374579459 ], [ -1908604.497735918499529, 2948765.656268556602299 ], [ -1907706.353956658393145, 2950416.700662459712476 ], [ -1906081.427838884759694, 2950670.853920854162425 ], [ -1905194.506033342098817, 2954332.548369588330388 ], [ -1911541.362285422394052, 2957549.179381507914513 ], [ -1911975.092926230514422, 2959281.802522927522659 ], [ -1910193.84974923520349, 2961754.933786179870367 ], [ -1912081.286455258727074, 2964603.063832762651145 ], [ -1911846.274948509642854, 2965934.574501591734588 ], [ -1909715.353204657556489, 2966301.278089816216379 ], [ -1907124.013760404428467, 2971008.865893410053104 ], [ -1903946.223363791592419, 2971548.906496821902692 ], [ -1902926.966228808742017, 2973552.095507045276463 ], [ -1899329.47493558563292, 2975084.678783083334565 ], [ -1896446.102173545630649, 2975402.391294584609568 ], [ -1894257.404450645670295, 2978356.598955606110394 ], [ -1892450.354581431252882, 2978595.943852868396789 ], [ -1889789.453118377598003, 2980301.630601078737527 ], [ -1887720.215028303209692, 2982612.383784635458142 ], [ -1885306.001965979114175, 2981433.980263616889715 ], [ -1883859.221489998744801, 2983887.484682377427816 ], [ -1882153.110207035206258, 2984035.131634030956775 ], [ -1880013.305974410846829, 2982990.032122963108122 ], [ -1878776.693166641285643, 2985707.941319223027676 ], [ -1879438.07420649798587, 2989044.904022461734712 ], [ -1878199.91435781493783, 2992207.134633698500693 ], [ -1874464.8422022650484, 2994280.045192894991487 ], [ -1872748.138485247036442, 2997938.209530273452401 ], [ -1874461.149346616351977, 3003556.635410738177598 ], [ -1871965.789772672113031, 3004761.926705903373659 ], [ -1869626.09985886560753, 3007089.235132343601435 ], [ -1872198.110202252864838, 3008054.005378301255405 ], [ -1873788.42926164669916, 3010092.822972944937646 ], [ -1875558.710429092869163, 3016942.605081655550748 ], [ -1874454.413709647487849, 3018303.458823923487216 ], [ -1872799.903545839712024, 3022564.366818182170391 ], [ -1868172.364792635198683, 3026177.979814819525927 ], [ -1868319.225007800851017, 3028813.613009612075984 ], [ -1869491.522481570485979, 3031400.731128128711134 ], [ -1866259.106215475127101, 3032612.221460314467549 ], [ -1859928.646048064809293, 3033057.458585426677018 ], [ -1858515.997047167504206, 3032443.337462417781353 ], [ -1852706.953345291083679, 3035723.417254477273673 ], [ -1852987.742488436866552, 3038436.566948536317796 ], [ -1851320.323744958499447, 3039665.868293592706323 ], [ -1848115.433934648288414, 3039735.614462894853204 ], [ -1848380.37149557005614, 3042559.604991395026445 ], [ -1850894.406177237164229, 3045975.343093835283071 ], [ -1850067.658303288044408, 3047628.9066361207515 ], [ -1852345.169209801591933, 3053994.498474246822298 ], [ -1851193.239575502695516, 3056106.908744195010513 ], [ -1854011.7236410563346, 3057979.47895293822512 ], [ -1855311.832317071966827, 3059562.692194938194007 ], [ -1854786.942764373496175, 3061595.111530032008886 ], [ -1852469.868658623658121, 3061980.232459030579776 ], [ -1852215.826141656376421, 3063747.296542939729989 ], [ -1853090.724548026919365, 3065769.016920681111515 ], [ -1852391.35640088794753, 3068503.795699879061431 ], [ -1849842.633503076853231, 3070872.032080546021461 ], [ -1850853.205706448992714, 3074351.463272637221962 ], [ -1847926.237484040902928, 3077562.515464601106942 ], [ -1841661.514806963503361, 3076370.514533238485456 ], [ -1840765.387337244348601, 3079542.129272220656276 ], [ -1837625.570995643502101, 3078023.63652969058603 ], [ -1833541.316497456515208, 3079666.117693834006786 ], [ -1831335.504822041140869, 3078944.329495269805193 ], [ -1829683.72259170236066, 3074012.777883818838745 ], [ -1823564.85698279296048, 3074231.93507935013622 ], [ -1822984.407702269498259, 3076179.888407756108791 ], [ -1820572.283190896734595, 3079398.684568656608462 ], [ -1822449.358233829960227, 3082224.826496872119606 ], [ -1823422.892603946849704, 3080908.363826636224985 ], [ -1825557.073843392310664, 3081529.026022260077298 ], [ -1826686.796168720349669, 3084005.588543567340821 ], [ -1826361.917715579969808, 3086566.307781486772001 ], [ -1822837.505142211681232, 3089256.476742625236511 ], [ -1834095.156065102433786, 3092266.784774250350893 ], [ -1834554.155277306912467, 3090556.132588817737997 ], [ -1890560.768648514291272, 3106080.548247830010951 ], [ -1931388.764175632735714, 3117820.182425638195127 ], [ -1947883.63143255119212, 3122485.938714201562107 ], [ -1945700.463430352509022, 3119255.243338848929852 ], [ -1944719.070540050044656, 3116331.824176632799208 ], [ -1945818.495582261588424, 3114596.133920548018068 ], [ -1949121.714168613543734, 3112754.665942247956991 ], [ -1951445.36325779161416, 3114278.671831050887704 ], [ -1951276.115596668794751, 3108916.501351542770863 ], [ -1952134.766199390403926, 3106194.723952775355428 ], [ -1951897.43916958803311, 3103418.686727583874017 ], [ -1954591.074000723892823, 3102920.0665143141523 ], [ -1956778.390157277230173, 3104537.088022512383759 ], [ -1957308.805793336359784, 3108523.107715925201774 ], [ -1960535.603287528501824, 3108612.916043628472835 ], [ -1959626.590298613067716, 3111608.226930115837604 ], [ -1960704.620056219166145, 3111973.278083270415664 ], [ -1967895.068754947511479, 3110675.795023708604276 ], [ -1965584.125020446721464, 3109351.725632045883685 ], [ -1965601.178464745171368, 3105669.834343119058758 ], [ -1967643.789735771715641, 3104248.315326512791216 ], [ -1967106.90795338130556, 3100795.707752471789718 ], [ -1963935.742732036858797, 3100569.741886905394495 ], [ -1961504.815313173690811, 3101244.262493554968387 ], [ -1960198.230802583508193, 3103090.738504575565457 ], [ -1958208.274306467268616, 3102555.666527649387717 ], [ -1959526.813874884042889, 3100685.596873452886939 ], [ -1959235.932377559132874, 3094779.595013480167836 ], [ -1956577.688188289990649, 3093919.806225876323879 ], [ -1953875.879204179625958, 3089001.12570770829916 ], [ -1951779.595344091998413, 3087083.159307902678847 ], [ -1950384.165032130898908, 3082701.200066257733852 ], [ -1953150.02395047317259, 3079085.263069049920887 ], [ -1953874.631511994404718, 3079137.485757878981531 ], [ -1957681.297128246398643, 3082260.995356478728354 ], [ -1958670.933171964483336, 3080896.674526560120285 ], [ -1962906.208493358455598, 3081489.897797180339694 ], [ -1965361.372294917702675, 3074619.950069495476782 ], [ -1964727.0392877724953, 3070381.645625371020287 ], [ -1965056.307182264747098, 3068821.58265416463837 ], [ -1963623.912680266425014, 3066923.2099350518547 ], [ -1961949.973708727164194, 3067522.37235133908689 ], [ -1960895.535746442386881, 3064546.374947668984532 ], [ -1959616.956408486701548, 3063713.440153195988387 ], [ -1958168.247936897678301, 3060495.168887919746339 ], [ -1957621.697455980814993, 3057943.035744954366237 ], [ -1956179.117251888848841, 3057439.340910332277417 ], [ -1956892.078914668876678, 3061153.026757030747831 ], [ -1958989.583915110910311, 3065756.475740666966885 ], [ -1960121.679468826390803, 3067055.793181698769331 ], [ -1961445.009154507657513, 3071555.014382131863385 ], [ -1960996.716054206015542, 3073867.628960395231843 ], [ -1957721.315965717658401, 3075368.189852736424655 ], [ -1957971.459213165566325, 3077675.242156217806041 ], [ -1956080.560695747146383, 3077980.50932265073061 ], [ -1953493.118108984315768, 3076597.144095916766673 ], [ -1952244.623437359929085, 3074408.651146441232413 ], [ -1953100.128685580799356, 3071940.615856498945504 ], [ -1952437.358749489998445, 3070760.100417569745332 ], [ -1953887.416016201023012, 3069170.558757876046002 ], [ -1954614.449097227538005, 3065953.630905531812459 ], [ -1953963.84442746010609, 3061493.754354287870228 ], [ -1952888.448008849518374, 3059280.811825390439481 ], [ -1950434.075909936334938, 3056529.471175502520055 ], [ -1950474.828951149713248, 3054840.642922759521753 ], [ -1947305.962856020079926, 3050738.867654775734991 ], [ -1948529.700911490479484, 3049764.359081729780883 ], [ -1949590.079622039571404, 3045728.508675906341523 ], [ -1951306.554285337217152, 3044906.928865815512836 ], [ -1955823.758243171265349, 3044997.641037122346461 ], [ -1957988.81323084118776, 3041484.79570595221594 ], [ -1961297.543612749082968, 3034809.910963570233434 ], [ -1966544.938567023957148, 3031725.397764490451664 ], [ -1967504.828824388794601, 3028029.712712140753865 ], [ -1966887.954317945288494, 3026281.601066108327359 ], [ -1967258.2040721103549, 3023024.308869764674455 ], [ -1968914.280795308295637, 3020663.694388553965837 ], [ -1970413.758429663255811, 3020307.967497133184224 ], [ -1971516.874162822030485, 3018154.907946276012808 ], [ -1973508.926721322815865, 3016736.526999847963452 ], [ -1972983.896534493658692, 3014387.4248604811728 ], [ -1970189.117967284750193, 3011916.230219616089016 ], [ -1968837.623438867041841, 3009687.186509945895523 ], [ -1969232.973703482886776, 3007744.431661687325686 ], [ -1970854.733965702354908, 3007354.254289917647839 ], [ -1972315.734041952062398, 3009139.047088689170778 ], [ -1975388.420938288792968, 3007752.993846774101257 ], [ -1974512.235290196957067, 3004528.267676519695669 ], [ -1975536.269445004872978, 3001066.183451981283724 ], [ -1973894.235176381655037, 2996461.09448791667819 ], [ -1975054.830929063493386, 2994241.316420615185052 ], [ -1974904.877422836842015, 2989223.965482817962766 ], [ -1974238.2013007348869, 2985794.272640592418611 ], [ -1975247.635101255495101, 2981577.023433867376298 ], [ -1976346.973690958460793, 2981073.759767109993845 ], [ -1983808.468241033609957, 2980698.739865188486874 ], [ -1984517.399559868499637, 2979502.417372544761747 ], [ -1983232.85162054002285, 2976958.917265130672604 ], [ -1984674.060717353597283, 2975265.403047465253621 ], [ -1986315.080395743250847, 2974788.12049545859918 ], [ -1991457.324359074933454, 2982537.780237132683396 ], [ -1992659.833183235256001, 2978254.411406127270311 ], [ -1995923.442516003269702, 2975405.645977938082069 ], [ -1996826.735062262043357, 2973176.968263853807002 ], [ -1998147.21929619810544, 2972241.361756728496403 ], [ -2000111.268795697251335, 2968824.802543469704688 ], [ -2001828.927182039245963, 2968597.767785973381251 ], [ -2003586.166826910804957, 2965918.206066083628684 ], [ -2006370.187333109555766, 2965026.15791667252779 ], [ -2009247.17370299086906, 2962387.167979755904526 ], [ -2012242.984675041632727, 2963651.459632083773613 ], [ -2015767.278748820768669, 2967729.825664437375963 ], [ -2015497.252380836755037, 2970585.172269132453948 ], [ -2017761.581864348845556, 2972209.245293436106294 ], [ -2018843.429916282417253, 2971406.359448668546975 ], [ -2020059.747185110813007, 2973974.250947065651417 ], [ -2017101.383410392329097, 2977630.799199067987502 ], [ -2017947.020461274310946, 2982675.201120321638882 ], [ -2017056.521156654460356, 2985740.515146248042583 ], [ -2013317.254279328742996, 2988570.288024780806154 ], [ -2011586.430593986064196, 2991813.431527588050812 ], [ -2008769.340457624057308, 2992691.34149076603353 ], [ -2010489.86140279029496, 2988325.119867676869035 ], [ -2010516.778169450350106, 2986080.277498185634613 ], [ -2013334.177103285677731, 2984070.74495953368023 ], [ -2015591.351617115549743, 2981074.409849450923502 ], [ -2014380.883024537703022, 2978277.510177748743445 ], [ -2014676.609833162510768, 2977030.000027109403163 ], [ -2013463.795627574436367, 2971672.923862339463085 ], [ -2011875.911573861492798, 2971824.569167334120721 ], [ -2010877.870163218351081, 2974624.021889338735491 ], [ -2008022.442087549017742, 2976289.320864329580218 ], [ -2007468.319475105265155, 2978859.772684816736728 ], [ -2009054.656015238026157, 2983012.682165330275893 ], [ -2005333.523994305171072, 2988452.108667925000191 ], [ -2000976.573030859930441, 2990857.167411585804075 ], [ -1996354.643808348104358, 2991506.588639951776713 ], [ -1997706.132370446110144, 2989618.513619604054838 ], [ -2000786.468808099161834, 2988061.020033262204379 ], [ -2004445.498491599224508, 2982517.598763674031943 ], [ -2002473.907625399995595, 2982207.170187499839813 ], [ -1999778.914101563161239, 2980392.022000600583851 ], [ -1997209.674084423109889, 2976969.204291047528386 ], [ -1993447.34972936520353, 2979511.565023553557694 ], [ -1994355.346636566100642, 2983576.168957375921309 ], [ -1990026.08927553682588, 2988948.36894385702908 ], [ -1990463.805802569026127, 2991220.130534197669476 ], [ -1987885.146026012953371, 2994584.735595148056746 ], [ -1986734.507477643666789, 2998726.523872785270214 ], [ -1982765.86236689100042, 3002394.489690219517797 ], [ -1984271.209837711649016, 3004238.768331356346607 ], [ -1986023.719935487490147, 3004692.809039704501629 ], [ -1984318.041887149913236, 3008818.530099281109869 ], [ -1985980.307816779008135, 3011561.909050642512739 ], [ -1989759.130571765592322, 3008521.746723324526101 ], [ -1993067.690243834396824, 3008322.221625971607864 ], [ -1994572.985837688902393, 3009872.924402140080929 ], [ -1990791.000676349969581, 3010434.823888585437089 ], [ -1988648.473140828078613, 3011359.51746237045154 ], [ -1985947.992513447301462, 3017614.893984715919942 ], [ -1987456.286239785607904, 3019688.825274523813277 ], [ -1986699.738823021296412, 3021058.415199280250818 ], [ -1985614.950761559186503, 3026315.376651505939662 ], [ -1983336.294727931031957, 3024586.498348610009998 ], [ -1978640.591695473063737, 3028334.724552737548947 ], [ -1975202.231107042403892, 3026943.905834189616144 ], [ -1973282.481010059593245, 3028961.667146484367549 ], [ -1974744.332082427572459, 3032217.470799314323813 ], [ -1972586.287356900749728, 3034449.696749520022422 ], [ -1973804.672403676435351, 3036661.759717009961605 ], [ -1972752.265004229266196, 3042103.505525984335691 ], [ -1972747.99506505089812, 3045608.068587624002248 ], [ -1974262.766193850897253, 3046815.387523381970823 ], [ -1977642.795526701025665, 3047916.520863535348326 ], [ -1977372.429609804414213, 3042544.237922775559127 ], [ -1977916.424238337669522, 3040806.560995173174888 ], [ -1980438.081423309165984, 3041433.108632692601532 ], [ -1982157.777053990866989, 3039570.794011841528118 ], [ -1984709.244019533274695, 3038679.379414609633386 ], [ -1987722.299792877631262, 3036853.007799531333148 ], [ -1988717.316240358399227, 3034898.757281489204615 ], [ -1990899.748427188722417, 3034201.987914958503097 ], [ -1992045.188511848449707, 3032386.199542118702084 ], [ -1994854.022329946514219, 3029648.001915474422276 ], [ -1995689.095567062497139, 3025848.731211489532143 ], [ -1996691.130535789998248, 3024419.371765169780701 ], [ -2001263.71058874996379, 3023743.210299820173532 ], [ -2002792.48090404109098, 3024744.620032181963325 ], [ -2005366.814518228871748, 3023594.174682704266161 ], [ -2010101.686457555508241, 3022898.669693938922137 ], [ -2011221.358251941157505, 3020598.236887409817427 ], [ -2014688.128717681625858, 3020151.720799143891782 ], [ -2015573.733402243582532, 3018786.841453030705452 ], [ -2021811.561610013712198, 3013731.456020311452448 ], [ -2022506.415648110443726, 3011947.457090637646616 ], [ -2028607.409828831907362, 3006703.791178577113897 ], [ -2031988.257241863990203, 3002909.429024240933359 ], [ -2031534.604713951935992, 3000573.31687943963334 ], [ -2029986.805328442016616, 3000397.097983364481479 ], [ -2025934.810681636910886, 2997654.719970031175762 ], [ -2024581.19058946124278, 2999260.965050399769098 ], [ -2021438.590736691141501, 3000360.660255263093859 ], [ -2018573.189233540091664, 3000323.801300175487995 ], [ -2014080.86392641114071, 3001422.817352426238358 ], [ -2014760.284816694445908, 2999732.44053796492517 ], [ -2016839.251941748894751, 2998207.725737014785409 ], [ -2017960.939698012778535, 2998552.76684776507318 ], [ -2022573.985122725600377, 2998211.566349483560771 ], [ -2026687.802359721623361, 2996688.173529009800404 ], [ -2029657.70436329767108, 2997408.793016047682613 ], [ -2032003.933556362288073, 2998906.544858850073069 ], [ -2032759.776450324803591, 2997480.925772210117429 ], [ -2035005.534737394889817, 2998070.920577455312014 ], [ -2036011.550708567257971, 2999817.366275289095938 ], [ -2033157.491294899955392, 3004650.47881459724158 ], [ -2028373.602300233906135, 3010128.672852138988674 ], [ -2024016.940138033591211, 3013158.231358890421689 ], [ -2022495.602477170294151, 3015983.516453242395073 ], [ -2019713.970450873952359, 3018309.005804494023323 ], [ -2015244.210281663574278, 3022781.111965374555439 ], [ -2043233.961928223492578, 3031095.555454623885453 ], [ -2044005.3459854319226, 3030999.637323847971857 ], [ -2053360.11291067278944, 3033778.556530282832682 ], [ -2064209.33881217520684, 2997108.062949882820249 ], [ -2063182.698069202015176, 2996764.703228098805994 ], [ -2068585.287613602355123, 2978114.205132275354117 ], [ -2059795.016672538360581, 2975481.3973957169801 ], [ -2047505.243154569296166, 2972153.756535972468555 ], [ -2050345.72384237870574, 2962830.154836988542229 ], [ -2047100.570731496904045, 2961748.721623848658055 ], [ -2049956.656882023205981, 2952645.122283681761473 ], [ -2053582.934150513494387, 2940291.067080104257911 ], [ -2067606.28595646796748, 2944441.611688614357263 ], [ -2069087.14298532763496, 2944720.781579065136611 ], [ -2070855.847926189890131, 2938614.116019774228334 ], [ -2075464.073346874909475, 2920097.329503334127367 ], [ -2077777.959284644806758, 2911779.416509881149977 ], [ -2080998.605961765628308, 2901088.052206092979759 ], [ -2073674.386588433058932, 2898857.904324886854738 ], [ -2070564.866120317485183, 2898190.965342703275383 ], [ -2062814.369666059501469, 2896193.375635793432593 ], [ -2032025.130576380994171, 2887127.962899265345186 ], [ -2007230.845179763156921, 2880047.39285744773224 ], [ -2005945.649363842094317, 2879483.051708988379687 ], [ -1988750.212536168051884, 2874711.406760457437485 ], [ -1979450.674797484884039, 2872343.375021205749363 ], [ -1944719.450604152400047, 2862646.734286356717348 ] ] ] ] } },
{ "type": "Feature", "properties": { "csa_geoid": "508", "csa_name": "Shreveport-Bossier City-Minden, LA CSA" }, "geometry": { "type": "Polygon", "coordinates": [ [ [ 202888.597762354969746, 1107788.907347690314054 ], [ 181691.061148221400799, 1107309.760823833523318 ], [ 182902.995931170124095, 1047899.406117924954742 ], [ 183815.178627373999916, 1007036.934148520580493 ], [ 184056.089638255682075, 993595.13656901603099 ], [ 186472.510557058092672, 992539.517384047969244 ], [ 190707.075603418692481, 985087.535276207257994 ], [ 192653.23585995825124, 983891.843123356346041 ], [ 194941.627825696166838, 984074.465927790966816 ], [ 197976.585952611436369, 982211.10996243939735 ], [ 197590.546454818890197, 980601.093674371251836 ], [ 199462.447015286597889, 978621.906667658360675 ], [ 199828.865340716234641, 976664.689464900991879 ], [ 227496.228310547448928, 977497.195624571759254 ], [ 241073.666668130492326, 977785.818066773237661 ], [ 240922.613008146727225, 985398.194554663612507 ], [ 242444.812926047481596, 987426.817862447234802 ], [ 244841.764935491839424, 985986.955038213753141 ], [ 247827.085727152967593, 988084.027852931641974 ], [ 247150.04704311612295, 990960.552942150388844 ], [ 243897.672973993292544, 993770.261241416796111 ], [ 240585.464409660518868, 993834.274090065970086 ], [ 238246.86873886315152, 997803.317650267039426 ], [ 236753.794597035477636, 998488.234497991972603 ], [ 236489.101919353881385, 1001529.601238563656807 ], [ 234748.567287883488461, 1001884.505531327216886 ], [ 233508.439222356682876, 1004380.476235194364563 ], [ 230886.207774130278267, 1006566.484960876405239 ], [ 232586.811659682629397, 1008818.04493563901633 ], [ 232363.748207233846188, 1014532.558057629037648 ], [ 231201.848673031956423, 1016266.592948000179604 ], [ 229179.440858702320838, 1016135.088467728812248 ], [ 225720.167074953526026, 1017560.323348509613425 ], [ 223632.5285072120314, 1021058.515233591198921 ], [ 237248.111436435749056, 1021372.278573734220117 ], [ 241077.79013205767842, 1021262.352453992585652 ], [ 242954.646045603964012, 1023013.155741934780963 ], [ 242914.04411012242781, 1026831.318965920945629 ], [ 241087.123784120718483, 1028844.142769225989468 ], [ 243082.158748988877051, 1036199.367674590786919 ], [ 241029.628708033909788, 1037095.303840312641114 ], [ 241254.128049258317333, 1039591.051762026385404 ], [ 244336.413457379851025, 1039324.790335625642911 ], [ 245780.420716746972175, 1040898.136514285230078 ], [ 258481.038514186773682, 1041255.192795674433 ], [ 258307.896189942199271, 1046179.247636330430396 ], [ 266680.871192556398455, 1046462.601711733615957 ], [ 266742.215898138703778, 1048170.259787116199732 ], [ 264977.954303375736345, 1051828.511244257446378 ], [ 264112.275842462433502, 1056185.627204784192145 ], [ 264448.25012105127098, 1056999.73034869809635 ], [ 263059.098406997101847, 1061040.962375161703676 ], [ 263341.968794923799578, 1063349.698727644048631 ], [ 263256.448217559547629, 1069637.002041106112301 ], [ 262367.089509229292162, 1070688.272614813409746 ], [ 262167.710362305340823, 1075512.093800289090723 ], [ 257412.979973260953557, 1075344.228192635579035 ], [ 256349.780781465611653, 1109026.571130714844912 ], [ 232936.977113624569029, 1108427.408109170617536 ], [ 202888.597762354969746, 1107788.907347690314054 ] ] ] } },
{ "type": "Feature", "properties": { "csa_geoid": "512", "csa_name": "Sioux City-Le Mars, IA-NE-SD CSA" }, "geometry": { "type": "Polygon", "coordinates": [ [ [ -43631.368712405448605, 2212636.061972117051482 ], [ -43925.383754469497944, 2214392.364740849472582 ], [ -41345.695031176321208, 2216685.755304497666657 ], [ -40593.631403869432688, 2218272.658749839290977 ], [ -42200.168291617461364, 2220320.356397742871195 ], [ -39863.692990171621204, 2223889.89340119343251 ], [ -41421.507221320956887, 2225573.079912492539734 ], [ -41346.48045093343535, 2228389.450477316044271 ], [ -39734.207692920841509, 2228478.367874910589308 ], [ -37335.456761910332716, 2229945.745285236742347 ], [ -36785.440100482213893, 2232104.050880519207567 ], [ -65252.670925027821795, 2232325.232839445117861 ], [ -65656.209162986502633, 2189924.37905314611271 ], [ -65356.91503511677729, 2186354.596363527234644 ], [ -62260.557347633577592, 2185183.218368826434016 ], [ -59319.976714943892148, 2185707.469465370755643 ], [ -56043.003321791220515, 2184145.552193013951182 ], [ -57665.160940841837146, 2181049.156307233031839 ], [ -57981.596957693480363, 2179130.185128322802484 ], [ -55946.92431179752748, 2175741.251153295859694 ], [ -52073.796755650146224, 2172809.666426604613662 ], [ -51560.648663595537073, 2169716.295183297712356 ], [ -58968.787955553023494, 2169806.286002857610583 ], [ -59019.976177919852489, 2160058.910849809646606 ], [ -59386.634508189505141, 2159321.89190198527649 ], [ -59541.342297246403177, 2142233.133988230023533 ], [ -29204.147994395014393, 2141891.189896080177277 ], [ -27156.139123145592748, 2139975.671362948603928 ], [ -26543.838135529364081, 2136669.773133114445955 ], [ -27581.317202207519585, 2135447.130794309545308 ], [ -12682.228275446448606, 2134844.669110205024481 ], [ -2291.879390602623971, 2134611.691853292286396 ], [ 26998.280119885224849, 2134604.768833563663065 ], [ 27023.544948959726753, 2164038.861769197508693 ], [ 21095.122118800467433, 2164045.087842137552798 ], [ 21086.013564675944508, 2173705.90251719718799 ], [ 11429.07848801444743, 2173611.323004264850169 ], [ 11332.595919707506255, 2191512.721215579658747 ], [ 11498.054957832127911, 2202880.642483106348664 ], [ 11418.131068409640648, 2212555.310009343549609 ], [ 238.796091408051637, 2212664.736890927888453 ], [ -15828.434571704901828, 2212590.022473553661257 ], [ -43631.368712405448605, 2212636.061972117051482 ] ] ] } },
{ "type": "Feature", "properties": { "csa_geoid": "515", "csa_name": "South Bend-Elkhart-Mishawaka, IN-MI CSA" }, "geometry": { "type": "Polygon", "coordinates": [ [ [ 756220.608643429470249, 2120622.361487366259098 ], [ 780924.454527347581461, 2122966.189508245326579 ], [ 781936.485208580968902, 2110807.703429648187011 ], [ 785166.77481871843338, 2111006.054619349073619 ], [ 786141.172653368441388, 2102243.245449363719672 ], [ 785281.227198310778476, 2101092.654915613122284 ], [ 785295.880637993454002, 2096420.692185431485996 ], [ 783536.463270213105716, 2096260.350450800731778 ], [ 784522.26057080924511, 2086596.5605535923969 ], [ 789316.389345843228512, 2087086.854410819010809 ], [ 792211.673677901271731, 2057954.018796909600496 ], [ 824447.632814108394086, 2061425.790710349567235 ], [ 825607.983101564575918, 2051641.934024166082963 ], [ 830361.518949243589304, 2052281.202405729563907 ], [ 830860.103975299163722, 2047352.854686520295218 ], [ 849319.361302204662934, 2049513.230664195492864 ], [ 858536.581085716374218, 2050864.519490328850225 ], [ 856741.576193255023099, 2065497.263420881703496 ], [ 859541.780608415720053, 2065815.583756304811686 ], [ 858605.463637886336073, 2075543.104290147079155 ], [ 857398.564960220479406, 2085030.590100839501247 ], [ 855179.639326632255688, 2104171.784825190436095 ], [ 851902.775437993463129, 2130353.236244206316769 ], [ 841104.487953771254979, 2129175.633330987300724 ], [ 841333.67529838741757, 2131252.965635596308857 ], [ 843182.490788996918127, 2133875.017187321092933 ], [ 842011.405358538264409, 2144754.340741646941751 ], [ 839702.743050470831804, 2163937.687750500161201 ], [ 825603.766631015110761, 2162455.337373332586139 ], [ 802082.711463583167642, 2160204.177072978578508 ], [ 800057.523195727961138, 2179322.232454553712159 ], [ 788585.540606726426631, 2178120.014845693483949 ], [ 785860.02503524266649, 2172586.586247985716909 ], [ 780115.976913302205503, 2163223.442333157174289 ], [ 778205.288786384626292, 2156498.563892295584083 ], [ 775814.398279649438336, 2150193.493865724187344 ], [ 774139.043389723869041, 2142841.168175277300179 ], [ 771451.32333319238387, 2136918.866059130989015 ], [ 766878.46250190178398, 2130649.198152629192919 ], [ 759865.981985202757642, 2123730.560592308174819 ], [ 756220.608643429470249, 2120622.361487366259098 ] ] ] } },
{ "type": "Feature", "properties": { "csa_geoid": "517", "csa_name": "Spencer-Spirit Lake, IA CSA" }, "geometry": { "type": "Polygon", "coordinates": [ [ [ 49568.064030686247861, 2222432.731878981925547 ], [ 49676.734876409282151, 2212796.151518756058067 ], [ 88185.948389028722886, 2213118.165767629630864 ], [ 87890.109536082716659, 2242053.194854333531111 ], [ 87376.398479733994463, 2279131.596063404344022 ], [ 49284.115315006099991, 2278719.83670810982585 ], [ 49544.242536899990228, 2238730.523568495176733 ], [ 49568.064030686247861, 2222432.731878981925547 ] ] ] } },
{ "type": "Feature", "properties": { "csa_geoid": "518", "csa_name": "Spokane-Spokane Valley-Coeur d'Alene, WA-ID CSA" }, "geometry": { "type": "Polygon", "coordinates": [ [ [ -1588215.877174467081204, 2872903.821461420040578 ], [ -1585628.131008339114487, 2884417.914106716401875 ], [ -1568621.779200406512246, 2880643.280529909301549 ], [ -1568278.279504653997719, 2882191.62446811189875 ], [ -1562546.280312710441649, 2881513.722335770726204 ], [ -1562905.611311544198543, 2879956.238958533853292 ], [ -1555017.685987263917923, 2878210.027029290329665 ], [ -1554333.554244601400569, 2881329.279903131071478 ], [ -1551173.928806077921763, 2880626.724572239909321 ], [ -1550836.118416629498824, 2882183.940796587150544 ], [ -1543393.940908318152651, 2880354.72008668910712 ], [ -1531779.245667420793325, 2877939.59102031821385 ], [ -1520622.619107438484207, 2929341.9930649837479 ], [ -1533557.119781850837171, 2932136.112879985477775 ], [ -1531109.301480802940205, 2943031.786944803316146 ], [ -1540565.376941956346855, 2945123.417936057783663 ], [ -1540927.579099577385932, 2943592.223587420769036 ], [ -1570965.738633102038875, 2950311.303011485841125 ], [ -1569275.592973147286102, 2957618.275174964684993 ], [ -1598218.0350978882052, 2964393.670188884716481 ], [ -1596107.630611113272607, 2973803.681998571380973 ], [ -1600844.996198075590655, 2974894.803024569060653 ], [ -1598125.881022079847753, 2985962.035833737347275 ], [ -1589934.639055388513952, 3021761.921536970883608 ], [ -1587790.022553812013939, 3030809.851244053337723 ], [ -1597179.831198644824326, 3032940.077307671308517 ], [ -1595039.454696704866365, 3042240.724355177022517 ], [ -1590276.477944866055623, 3041176.19926628516987 ], [ -1587962.322676008334383, 3051214.721271331887692 ], [ -1583225.937405578559265, 3050148.706685487180948 ], [ -1581133.124632388586178, 3059393.998691343702376 ], [ -1576175.137788870604709, 3058255.738393693696707 ], [ -1574249.419974801130593, 3066514.588534412439913 ], [ -1606442.950284225167707, 3073999.879726821091026 ], [ -1629611.488412420498207, 3079455.00762618612498 ], [ -1631310.645236356416717, 3079244.945931919384748 ], [ -1631271.859051768900827, 3075635.709582469891757 ], [ -1632973.807856939965859, 3073106.567090016789734 ], [ -1632061.624446118017659, 3070373.069547557737678 ], [ -1633700.887620784109458, 3067752.312610135413706 ], [ -1633076.953177217161283, 3065243.901005089748651 ], [ -1633537.42426269268617, 3062354.632978785317391 ], [ -1632445.970546227414161, 3061746.435717477928847 ], [ -1632047.707145219901577, 3056379.178763801697642 ], [ -1630622.314606647007167, 3054454.962812252808362 ], [ -1631180.651426960714161, 3052381.423958880826831 ], [ -1631123.792742647929117, 3048012.372443887870759 ], [ -1631661.504181821830571, 3046263.882097196765244 ], [ -1631739.346644742647186, 3040770.220342734828591 ], [ -1634677.340517211938277, 3035962.604493621736765 ], [ -1634975.113822638988495, 3033737.524693188723177 ], [ -1638494.130042667966336, 3027314.307157462462783 ], [ -1640592.456457163672894, 3027412.805754284840077 ], [ -1642221.476665659109131, 3023817.47465777862817 ], [ -1643766.5744198334869, 3022906.433029391337186 ], [ -1645093.021005210233852, 3016364.196585102006793 ], [ -1644569.488169306889176, 3011033.228908562567085 ], [ -1645360.207760020857677, 3006217.536997279617935 ], [ -1644423.502336962614208, 3003323.238676186650991 ], [ -1644067.95764441578649, 3000118.018267078790814 ], [ -1645899.459763345774263, 2997106.483479208312929 ], [ -1649494.011813820106909, 2995084.015529440715909 ], [ -1650605.626444328343496, 2989242.955266167409718 ], [ -1652306.763888832414523, 2987347.825044169090688 ], [ -1654942.63576087821275, 2987657.26372872851789 ], [ -1656194.643009613500908, 2985158.097056830767542 ], [ -1655308.075899174436927, 2982396.86038713529706 ], [ -1656049.385711570736021, 2979966.92842571111396 ], [ -1657995.894963262602687, 2979806.917041472624987 ], [ -1659773.603998540202156, 2978053.64665128197521 ], [ -1662717.026073745219037, 2978879.705344976857305 ], [ -1665647.378848290303722, 2980463.385395489167422 ], [ -1668860.718425152590498, 2979222.29134042840451 ], [ -1669416.408466268097982, 2978357.837364267092198 ], [ -1668124.455967204645276, 2975439.463377400301397 ], [ -1668148.031892974395305, 2973821.940755458548665 ], [ -1666899.125168828060851, 2971958.993623823393136 ], [ -1668528.785885828314349, 2967533.245276163797826 ], [ -1667859.118261836469173, 2963343.37220426555723 ], [ -1666204.471643384778872, 2964646.645086577627808 ], [ -1660489.533807697705925, 2967149.020914332475513 ], [ -1657219.989032787038013, 2966298.454975865781307 ], [ -1657118.75132740358822, 2964702.55348955001682 ], [ -1654107.906519463052973, 2959035.221916992682964 ], [ -1653245.306940085021779, 2955108.271304053720087 ], [ -1653529.407081333687529, 2952992.506351327523589 ], [ -1652396.526677897199988, 2951702.704829762224108 ], [ -1651447.671706984983757, 2948806.159008566755801 ], [ -1646549.463915537577122, 2948274.96615241188556 ], [ -1644024.688897385494784, 2950978.918848164379597 ], [ -1640383.595430470304564, 2948822.955976039171219 ], [ -1635720.271455077687278, 2950507.331021533347666 ], [ -1632253.147936227265745, 2948061.423668257892132 ], [ -1631902.083137837704271, 2947124.586895459331572 ], [ -1637094.14392455900088, 2924398.431004144717008 ], [ -1637268.905973768327385, 2924438.257872335612774 ], [ -1646318.909675751114264, 2886341.471196910832077 ], [ -1620362.114604680566117, 2880245.101802743505687 ], [ -1588215.877174467081204, 2872903.821461420040578 ] ] ] } },
{ "type": "Feature", "properties": { "csa_geoid": "521", "csa_name": "Springfield-Amherst Town-Northampton, MA CSA" }, "geometry": { "type": "Polygon", "coordinates": [ [ [ 1859421.86864415789023, 2420365.704770745709538 ], [ 1852027.219538142438978, 2418766.041242402978241 ], [ 1853001.059743362711743, 2414580.957043778151274 ], [ 1858792.288755175191909, 2416290.141073066741228 ], [ 1858817.762430800823495, 2414588.485392300412059 ], [ 1856019.638990445295349, 2411926.001787226181477 ], [ 1857958.35316687845625, 2410985.182783065829426 ], [ 1859450.265491718426347, 2411906.692876784596592 ], [ 1860402.321806641295552, 2409307.768127609044313 ], [ 1860851.87117956392467, 2397974.90770039241761 ], [ 1861723.271324116969481, 2398005.461618664674461 ], [ 1862601.324593798490241, 2379759.341310043353587 ], [ 1858052.409936731914058, 2379724.035693503916264 ], [ 1859889.486934904009104, 2373248.79054054338485 ], [ 1862927.955398626392707, 2371734.466955547686666 ], [ 1865305.044795681489632, 2372700.345998146571219 ], [ 1866626.939601878402755, 2365971.858330978546292 ], [ 1867071.816946254344657, 2353676.508993484079838 ], [ 1864064.976010244805366, 2353460.57139018503949 ], [ 1865610.928256537299603, 2350521.854519824963063 ], [ 1865350.426820580847561, 2347557.826783349737525 ], [ 1867800.345622381661087, 2343943.376674618106335 ], [ 1868383.5636190706864, 2342043.620850138366222 ], [ 1887608.608069475041702, 2346415.686305508483201 ], [ 1888404.271509590093046, 2342129.712184083648026 ], [ 1892249.620757716940716, 2343710.447018971666694 ], [ 1892710.007252214709297, 2346961.24369755294174 ], [ 1896983.377409375505522, 2348789.517535176128149 ], [ 1906949.848830637289211, 2350523.958909661974758 ], [ 1910432.527922640088946, 2351880.353743290528655 ], [ 1941816.287201567552984, 2359394.80052299099043 ], [ 1938216.415359266335145, 2373660.270855360664427 ], [ 1933324.967520138714463, 2371474.680044966749847 ], [ 1933013.241662848042324, 2372269.993105846457183 ], [ 1927356.395653692772612, 2373427.23076609428972 ], [ 1926929.354964151280001, 2375476.954349474515766 ], [ 1929207.992073701228946, 2381376.349116607103497 ], [ 1928046.681918308371678, 2388324.98245439119637 ], [ 1923240.574463260360062, 2386011.041827300097793 ], [ 1921097.156920584850013, 2391239.734725960530341 ], [ 1919134.559412786969915, 2389677.383748294319957 ], [ 1917431.69437224091962, 2395748.966045421082526 ], [ 1917515.771914179669693, 2398213.245485559571534 ], [ 1918711.648683093953878, 2400921.346353305503726 ], [ 1917017.451831786893308, 2404912.461130073759705 ], [ 1919754.54868227080442, 2409523.238125663250685 ], [ 1917284.156224234495312, 2411198.654800427611917 ], [ 1915491.156893358333036, 2415811.417392229195684 ], [ 1916259.425612392835319, 2419957.178907467983663 ], [ 1918263.784017648315057, 2421000.682677421253175 ], [ 1916843.228613209212199, 2425995.429321093019098 ], [ 1913157.95871345512569, 2426439.675191025715321 ], [ 1910989.255358898779377, 2431294.491458653938025 ], [ 1869049.477421889314428, 2422459.756803630851209 ], [ 1859421.86864415789023, 2420365.704770745709538 ] ] ] } },
{ "type": "Feature", "properties": { "csa_geoid": "522", "csa_name": "Springfield-Jacksonville-Lincoln, IL CSA" }, "geometry": { "type": "Polygon", "coordinates": [ [ [ 536129.505778212216683, 1851333.827751365490258 ], [ 550410.02430950908456, 1852437.670374682405964 ], [ 551978.226755725918338, 1832804.836138000711799 ], [ 585286.071168095455505, 1835147.24872704106383 ], [ 595055.386240213643759, 1835526.090763716725633 ], [ 593717.781722483923659, 1855334.967343945521861 ], [ 592492.299870838061906, 1870028.575052250409499 ], [ 582868.572651235153899, 1869382.317463946295902 ], [ 581446.759802864748053, 1885698.915478145005181 ], [ 578126.114395470707677, 1887051.038969995221123 ], [ 574957.016185045358725, 1886624.65986821311526 ], [ 574099.887676903512329, 1898170.746392880100757 ], [ 580381.142571603413671, 1898696.056577497161925 ], [ 578402.179814335773699, 1923122.318200323963538 ], [ 576991.426346061518416, 1939384.227814748417586 ], [ 567425.364535895758308, 1938573.462706406367943 ], [ 566981.236610807944089, 1943531.323640418704599 ], [ 538511.563667899579741, 1940975.359886879101396 ], [ 539443.697793831001036, 1929617.023677485296503 ], [ 540110.568105426616967, 1918878.101413702359423 ], [ 536740.103730073780753, 1922331.180079505546018 ], [ 534154.567823962890543, 1922777.645580290351063 ], [ 531323.860530276200734, 1920339.559193331515417 ], [ 529364.834642440313473, 1920436.978474358329549 ], [ 527643.97564919560682, 1918549.586660271277651 ], [ 524345.211151181603782, 1918692.721560573903844 ], [ 522279.942204627848696, 1917668.449029275914654 ], [ 517342.811505130783189, 1918981.564714265987277 ], [ 514920.262814375397284, 1917949.533308699028566 ], [ 513096.77290008647833, 1918910.312467319890857 ], [ 508579.930191863852087, 1918310.498367459978908 ], [ 507042.676858041086234, 1915204.715562557103112 ], [ 508770.730506912106648, 1888812.700715702027082 ], [ 488050.082960209925659, 1887569.746054378338158 ], [ 459051.695978921372443, 1886233.169169808737934 ], [ 459422.364176738250535, 1883106.669070190051571 ], [ 460606.561835502332542, 1881454.10127413389273 ], [ 458258.730282125296071, 1877020.137324687093496 ], [ 457660.479014812211972, 1874020.776361780008301 ], [ 454714.94448636774905, 1866689.037416146369651 ], [ 455954.804638414818328, 1863213.831286322092637 ], [ 458372.22428979689721, 1859363.393376660300419 ], [ 458710.294249129306991, 1857427.409251713659614 ], [ 461506.81434653425822, 1850792.646970005938783 ], [ 462004.932504204218276, 1848534.582731183618307 ], [ 461371.296099082159344, 1846540.957461649551988 ], [ 488211.186413361807354, 1847922.548409888986498 ], [ 497715.015878505539149, 1848538.931244184961542 ], [ 536129.505778212216683, 1851333.827751365490258 ] ] ] } },
{ "type": "Feature", "properties": { "csa_geoid": "523", "csa_name": "Starkville-Columbus, MS CSA" }, "geometry": { "type": "Polygon", "coordinates": [ [ [ 666320.714633441879414, 1134282.522042152006179 ], [ 667458.184401798876934, 1120284.352769473101944 ], [ 682702.817893951083533, 1121554.492746176896617 ], [ 710516.830211226595566, 1124000.48781068646349 ], [ 712258.745518345502205, 1215542.49370930576697 ], [ 705934.539657572284341, 1215028.550750161288306 ], [ 703924.864966714987531, 1210502.963355388725176 ], [ 701628.516350977355614, 1208049.46724008070305 ], [ 699011.693517634645104, 1208356.311801164178178 ], [ 698444.412832824396901, 1206396.268076244043186 ], [ 690240.396823275019415, 1204436.175467933993787 ], [ 688793.759271278162487, 1202888.996480542467907 ], [ 690040.652934950892814, 1201544.698901714757085 ], [ 689828.729566186084412, 1199755.95887082000263 ], [ 692709.429019387345761, 1198269.127658909186721 ], [ 691165.99070327274967, 1195303.717316986992955 ], [ 691753.499994491343386, 1191193.108402044512331 ], [ 688722.312154544051737, 1191909.34181774687022 ], [ 688173.647872838657349, 1190345.887127704918385 ], [ 681271.998089448781684, 1186373.87754358490929 ], [ 675585.978284032200463, 1185867.343315366422758 ], [ 675053.212543943081982, 1192431.786469148471951 ], [ 671076.990050420048647, 1191464.978007242083549 ], [ 669423.671691304421984, 1192004.67614311305806 ], [ 646314.180283672991209, 1190159.70822395873256 ], [ 643165.46254392247647, 1189688.066990225110203 ], [ 642571.568807073286735, 1197849.4429311954882 ], [ 641126.353729250025935, 1197747.34559133136645 ], [ 640254.1757653754903, 1209334.914703282993287 ], [ 625828.705212667700835, 1208194.948981003370136 ], [ 625947.07850500557106, 1206361.613842433784157 ], [ 597014.787748610367998, 1204295.640977633185685 ], [ 599071.622954335529357, 1175101.710868414957076 ], [ 610618.598564154584892, 1175955.670367038575932 ], [ 612458.072594673139974, 1177352.822247549658641 ], [ 614187.897116607869975, 1177260.107910158578306 ], [ 615978.142770556500182, 1180381.239044579910114 ], [ 621173.359035478206351, 1183228.181661298498511 ], [ 622614.576524952310137, 1183062.051286376314238 ], [ 628469.201931343413889, 1185341.394902280997485 ], [ 636978.096327470848337, 1185997.134847172303125 ], [ 639001.572156063630246, 1158466.836935345316306 ], [ 664393.281928996439092, 1160400.932272106641904 ], [ 666320.714633441879414, 1134282.522042152006179 ] ] ] } },
{ "type": "Feature", "properties": { "csa_geoid": "524", "csa_name": "State College-DuBois, PA CSA" }, "geometry": { "type": "Polygon", "coordinates": [ [ [ 1428883.56734508369118, 2118084.091463276185095 ], [ 1432343.99410899518989, 2098652.721687062177807 ], [ 1432822.014957640320063, 2098156.775081258267164 ], [ 1446547.845424077706411, 2100505.727905625943094 ], [ 1451971.618679664330557, 2101801.488521930761635 ], [ 1465660.027450382476673, 2104307.220088179223239 ], [ 1470162.085077622206882, 2104947.189535118173808 ], [ 1470666.21594234299846, 2106192.009649807121605 ], [ 1487600.213443134911358, 2110475.564078842289746 ], [ 1504118.440940794767812, 2107767.416450552642345 ], [ 1507707.843023191904649, 2111269.745655392296612 ], [ 1512832.876469250302762, 2115377.717630566563457 ], [ 1517979.949743078555912, 2113630.095206750556827 ], [ 1521911.812282987637445, 2115296.905942859593779 ], [ 1522854.541392007609829, 2114019.130034040659666 ], [ 1524930.848044966347516, 2116157.816073645371944 ], [ 1526969.339864050736651, 2118286.319341929629445 ], [ 1531484.239729777909815, 2121033.598130793310702 ], [ 1542817.434400877682492, 2130417.603111307602376 ], [ 1548438.908059385605156, 2134162.10303458571434 ], [ 1554029.692880596034229, 2142442.928289346862584 ], [ 1558365.139635743107647, 2152788.223416670691222 ], [ 1562123.98810648615472, 2159438.952103872783482 ], [ 1547364.704599919030443, 2149958.954614832531661 ], [ 1543139.218078864505515, 2148105.69050844758749 ], [ 1539426.11973623232916, 2146932.229850468691438 ], [ 1534080.226798589108512, 2144562.974633532110602 ], [ 1526396.207006810465828, 2152675.524487180635333 ], [ 1527670.823076588800177, 2154125.917484282981604 ], [ 1522049.950533112511039, 2156834.052095745690167 ], [ 1514622.96769531769678, 2157972.899707699194551 ], [ 1511510.40428122645244, 2156497.052014607004821 ], [ 1508087.728746663313359, 2160434.292184576392174 ], [ 1506454.747816497692838, 2163599.252388576976955 ], [ 1497661.597857313230634, 2161873.029230036307126 ], [ 1496007.441266904817894, 2170190.401770536787808 ], [ 1494491.555996404960752, 2166906.934106543660164 ], [ 1491755.486754546873271, 2165362.608069750480354 ], [ 1490922.120579169597477, 2163685.313721882179379 ], [ 1491585.446958273183554, 2160259.610994229093194 ], [ 1488378.637022715294734, 2157383.638942994177341 ], [ 1486667.003075269050896, 2157103.448191022966057 ], [ 1484359.592052502790466, 2159048.755810756701976 ], [ 1480823.633977316552773, 2163205.545547758694738 ], [ 1468819.168458664091304, 2162469.21965652378276 ], [ 1444708.647172043099999, 2159743.141254899092019 ], [ 1434837.494725312106311, 2158772.3085967740044 ], [ 1435471.018080103676766, 2154754.713641193229705 ], [ 1430690.196137108374387, 2152097.566972000990063 ], [ 1426078.577764552319422, 2151353.028642367571592 ], [ 1424378.992221905151382, 2143016.628436105791479 ], [ 1427629.263565155910328, 2125463.884185869712383 ], [ 1428883.56734508369118, 2118084.091463276185095 ] ] ] } },
{ "type": "Feature", "properties": { "csa_geoid": "532", "csa_name": "Syracuse-Auburn, NY CSA" }, "geometry": { "type": "Polygon", "coordinates": [ [ [ 1625069.414686345495284, 2364433.025832791812718 ], [ 1645861.21059798495844, 2370428.930097670294344 ], [ 1661240.215236802352592, 2374763.036924911197275 ], [ 1661469.730706476606429, 2373977.069173224270344 ], [ 1671825.888897109078243, 2376948.199299199040979 ], [ 1672629.826684194151312, 2379398.609234406612813 ], [ 1674352.501639802474529, 2382068.865494008176029 ], [ 1673523.572000115644187, 2386450.343821839895099 ], [ 1674119.287588594481349, 2387772.466104342136532 ], [ 1672354.246397108305246, 2391658.926873326767236 ], [ 1657736.212790509220213, 2387481.649041521828622 ], [ 1655507.229834473691881, 2394973.076152598485351 ], [ 1647718.613298967247829, 2393115.445440200157464 ], [ 1644404.970281676854938, 2404487.167194508947432 ], [ 1640963.974665470886976, 2403489.611408925615251 ], [ 1640138.044776238733903, 2406282.133358723949641 ], [ 1636500.306189865106717, 2407489.003849391825497 ], [ 1636142.74488817085512, 2409482.021132241468877 ], [ 1632355.182265357812867, 2412075.456850416492671 ], [ 1629957.335125736426562, 2412793.743270836770535 ], [ 1629528.539345193887129, 2414239.210175529588014 ], [ 1626749.742153478786349, 2415177.07891226792708 ], [ 1624174.406672672834247, 2415216.64144972525537 ], [ 1622194.630468527087942, 2413556.161083481740206 ], [ 1618764.720986589090899, 2412977.48910332378 ], [ 1616907.634523304644972, 2410991.67463337443769 ], [ 1615378.552209337707609, 2411683.41895795147866 ], [ 1613223.005784393288195, 2429913.269348316825926 ], [ 1611207.158975477796048, 2430142.145513853989542 ], [ 1613166.664260409306735, 2448670.282916434109211 ], [ 1618058.872832331573591, 2448223.823293818160892 ], [ 1613436.289556623902172, 2465413.714872120879591 ], [ 1611541.285656211897731, 2471747.699102449696511 ], [ 1591394.213537444593385, 2469503.273773434571922 ], [ 1592541.469202890060842, 2465312.673396499361843 ], [ 1578307.217968095792457, 2463663.760279606562108 ], [ 1578943.064527539536357, 2461855.747397252824157 ], [ 1580436.597860759589821, 2452113.262085443828255 ], [ 1579855.821414415258914, 2447951.162873047869653 ], [ 1578944.113838168559596, 2446582.50091301696375 ], [ 1574935.686697151977569, 2443972.912759475875646 ], [ 1570671.805764862103388, 2443037.543587486725301 ], [ 1568548.365987638244405, 2444004.699462910182774 ], [ 1565317.854020323604345, 2443024.781063310336322 ], [ 1561292.618403952103108, 2439033.0122658777982 ], [ 1560393.065517148701474, 2436545.705183509737253 ], [ 1555058.201145105995238, 2432352.030476414598525 ], [ 1552720.118865188211203, 2429139.629709007684141 ], [ 1550453.918175705242902, 2427415.83832840481773 ], [ 1548443.246211850782856, 2421662.308478933293372 ], [ 1546967.495927055599168, 2419070.838815158233047 ], [ 1544782.718978755641729, 2418292.652051742654294 ], [ 1548874.828335742233321, 2403356.647363730706275 ], [ 1552303.795184959191829, 2389833.721976441331208 ], [ 1551476.72193603287451, 2387638.270944347139448 ], [ 1552075.652722833212465, 2384395.204903079662472 ], [ 1552597.268853000830859, 2378233.043538209050894 ], [ 1552049.611651845276356, 2377224.245503820478916 ], [ 1553525.793965676333755, 2369751.247307911980897 ], [ 1555547.683469244977459, 2366456.690596840344369 ], [ 1556679.125030813040212, 2361654.915174467954785 ], [ 1555853.366903088288382, 2357375.164295863360167 ], [ 1557764.031306294491515, 2350748.769750653300434 ], [ 1559479.994464074028656, 2347966.253152485471219 ], [ 1562902.553294913377613, 2345232.441226925235242 ], [ 1565457.583341563353315, 2340415.699893579818308 ], [ 1569660.392917293123901, 2341129.378190920688212 ], [ 1581947.391613596817479, 2344288.145089572295547 ], [ 1582184.802232994232327, 2343332.781214437447488 ], [ 1597457.619693795219064, 2347102.445223188493401 ], [ 1593331.493699778802693, 2363099.093547556549311 ], [ 1608605.988588698441163, 2367332.418381399940699 ], [ 1622997.212359501048923, 2371659.754771806299686 ], [ 1625069.414686345495284, 2364433.025832791812718 ] ] ] } },
{ "type": "Feature", "properties": { "csa_geoid": "533", "csa_name": "Tallahassee-Bainbridge, FL-GA CSA" }, "geometry": { "type": "Polygon", "coordinates": [ [ [ 1080770.032391843153164, 870268.614652300369926 ], [ 1082262.328286403557286, 869204.792073783348314 ], [ 1079990.003701360430568, 865400.199558755732141 ], [ 1080641.558450662065297, 862042.726363687543198 ], [ 1082716.026638397714123, 861740.380730203003623 ], [ 1084330.753831155132502, 858616.742141598486342 ], [ 1085424.311763766920194, 858251.852758251945488 ], [ 1087179.892434901092201, 854535.269257176667452 ], [ 1087203.620021547889337, 850939.630135090905242 ], [ 1087849.754105732776225, 848199.018020554911345 ], [ 1090065.790751175954938, 846550.801274813129567 ], [ 1089589.438973748823628, 845581.411132160108536 ], [ 1092383.558772082906216, 842008.004709333879873 ], [ 1094402.174091112799942, 841665.796084044151939 ], [ 1096592.900398782454431, 838567.107267620856874 ], [ 1103236.145984955597669, 836641.495416629360989 ], [ 1104492.806834338931367, 834989.27181478694547 ], [ 1106683.501435993006453, 835036.616140586207621 ], [ 1108762.789006813662127, 836937.264801738434471 ], [ 1110631.239296353422105, 833743.787163338274695 ], [ 1111828.809146313928068, 835777.500520340166986 ], [ 1116011.564987477380782, 835645.376482951571234 ], [ 1120631.237396134063601, 834725.860189945320599 ], [ 1119070.818037985824049, 836622.198645722353831 ], [ 1118389.948917481116951, 838877.774306521401741 ], [ 1119645.268540281802416, 839506.843765443074517 ], [ 1121048.784297206904739, 842382.949914328986779 ], [ 1126695.157750332029536, 846549.798186196596362 ], [ 1126199.375434641493484, 849202.034311586408876 ], [ 1128469.577165162423626, 850466.168437611544505 ], [ 1129683.934568291064352, 848874.566721054725349 ], [ 1132907.36738602607511, 849169.926319381804205 ], [ 1133666.97603691322729, 850743.026591340894811 ], [ 1135644.547215067315847, 850223.848004888510332 ], [ 1135382.885568135883659, 848201.422348830616102 ], [ 1137479.226853418396786, 848410.869582159793936 ], [ 1140326.530918592819944, 850768.899601973360404 ], [ 1141452.927079512737691, 850337.36368740350008 ], [ 1146089.41183677688241, 852700.338237050338648 ], [ 1149760.517105252481997, 853376.452758515602909 ], [ 1152923.80313899111934, 852987.495215294533409 ], [ 1155060.105504351202399, 859370.324283109395765 ], [ 1155564.03961643204093, 863402.878581880126148 ], [ 1157792.635416768956929, 864202.957739254343323 ], [ 1158355.166578442556784, 867912.073146435432136 ], [ 1158167.795608532847837, 870282.583458187640645 ], [ 1161057.57421613484621, 873208.1760128402384 ], [ 1164990.264582113595679, 875145.156292769825086 ], [ 1166453.452598532196134, 877490.808811570052058 ], [ 1166237.983620768878609, 878971.991701986989938 ], [ 1168816.218252829508856, 879981.144291336648166 ], [ 1168485.710005128988996, 881765.872456134180538 ], [ 1166689.12276944401674, 884801.839495268650353 ], [ 1166915.595016959588975, 886275.300449862028472 ], [ 1171230.077928408747539, 887715.725095530971885 ], [ 1171502.842225955566391, 890229.668244552216493 ], [ 1173911.679579419083893, 893539.068915673648007 ], [ 1172551.58910808688961, 899595.476828719023615 ], [ 1171412.262017543893307, 901474.441540645784698 ], [ 1172233.717207007110119, 903245.828128681983799 ], [ 1174291.341564671136439, 903521.148052219185047 ], [ 1174081.642131455242634, 905182.588713424745947 ], [ 1177236.996015169890597, 905585.401972037623636 ], [ 1177019.50381261180155, 907219.887093947618268 ], [ 1180221.860170179512352, 907616.971119214780629 ], [ 1182953.232351367594674, 911251.925844695186242 ], [ 1182118.859090496785939, 917454.288987756590359 ], [ 1181236.729235053062439, 918798.08845897775609 ], [ 1155560.60971169709228, 917099.191517214407213 ], [ 1107766.304162636166438, 913804.805439628777094 ], [ 1104600.629177331691608, 943083.03634993720334 ], [ 1102879.1813620692119, 956769.591870540403761 ], [ 1090472.790665233973414, 955199.158886540448293 ], [ 1077558.24862217833288, 953762.909589364426211 ], [ 1077605.321618269430473, 952480.970970878610387 ], [ 1069554.748167403507978, 951650.34897722362075 ], [ 1069733.914028943283483, 949532.014623491559178 ], [ 1067835.21227389597334, 948312.009574609575793 ], [ 1069601.466130793560296, 931059.212329703615978 ], [ 1068561.874485393287614, 930940.396684481180273 ], [ 1068865.419717996614054, 925386.080206736805849 ], [ 1067624.846141000511125, 923919.025042907567695 ], [ 1065634.374390211887658, 919138.670505826827139 ], [ 1063465.182589744217694, 918457.041007241234183 ], [ 1060820.712116780225188, 914617.77964215236716 ], [ 1060652.723348860861734, 913047.310534275602549 ], [ 1062372.737585383234546, 909287.360891291755252 ], [ 1061102.24190207850188, 906181.686405012384057 ], [ 1059833.631171895191073, 904689.838274241774343 ], [ 1058629.539602297358215, 900017.190846543060616 ], [ 1061166.30585631239228, 898759.350673385313712 ], [ 1062172.963467523222789, 890767.368964172666892 ], [ 1068525.753690952435136, 891516.105767098604701 ], [ 1068735.065675863297656, 889907.288613755605184 ], [ 1071947.698701261077076, 890310.31400652998127 ], [ 1072785.101490373257548, 883820.6709349633893 ], [ 1079155.136737623484805, 884646.36192200705409 ], [ 1079721.120847719488665, 879881.052493382012472 ], [ 1082919.424271170981228, 880271.073609742685221 ], [ 1083674.140098138013855, 874876.461553548229858 ], [ 1083347.671890702564269, 872789.285178051446564 ], [ 1080770.032391843153164, 870268.614652300369926 ] ] ] } },
{ "type": "Feature", "properties": { "csa_geoid": "536", "csa_name": "Tucson-Nogales, AZ CSA" }, "geometry": { "type": "Polygon", "coordinates": [ [ [ -1610883.863644907251, 1195413.229466808028519 ], [ -1620307.070850831689313, 1144283.222918727668002 ], [ -1602407.736101126298308, 1133526.054330287501216 ], [ -1579961.860980774508789, 1120717.999217878095806 ], [ -1484465.546103385044262, 1065620.883119590580463 ], [ -1423481.026384025579318, 1030564.698358029592782 ], [ -1397293.406097714789212, 1026571.628776790807024 ], [ -1365849.220993588212878, 1021602.861656363238581 ], [ -1363647.229404998710379, 1036693.304006723221391 ], [ -1361201.398684424813837, 1052540.149665762903169 ], [ -1360406.105799660552293, 1052424.197357498342171 ], [ -1356966.129755009198561, 1074898.937453820602968 ], [ -1355360.592118624597788, 1084458.140445556957275 ], [ -1352481.222524152603, 1103692.944970605662093 ], [ -1351209.219267447246239, 1110029.073112495709211 ], [ -1349184.174787977244705, 1122816.313081264030188 ], [ -1349488.961928714299574, 1122861.661638450110331 ], [ -1345145.658619406633079, 1151549.896237287903205 ], [ -1381487.344122880836949, 1157181.792839355999604 ], [ -1381533.323215195909142, 1156879.037221498554572 ], [ -1410360.849936232436448, 1161482.972549842204899 ], [ -1410538.251710789976642, 1160423.704492860008031 ], [ -1448514.479924021288753, 1166590.57599140307866 ], [ -1448416.998739524977282, 1167182.550506813218817 ], [ -1469000.98351079877466, 1170596.031099376501516 ], [ -1506871.886007708497345, 1177040.91823642863892 ], [ -1536063.862772533902898, 1182122.006588312564418 ], [ -1554930.743430335307494, 1185298.502712512388825 ], [ -1582771.53088540979661, 1190261.114259514957666 ], [ -1610883.863644907251, 1195413.229466808028519 ] ] ] } },
{ "type": "Feature", "properties": { "csa_geoid": "538", "csa_name": "Tulsa-Bartlesville-Muskogee, OK CSA" }, "geometry": { "type": "Polygon", "coordinates": [ [ [ -55727.993306331482017, 1398499.907772700302303 ], [ -17285.314149009762332, 1398344.571016683708876 ], [ -17317.387576192410052, 1388591.888694710331038 ], [ -7890.420729968222986, 1388581.894327704096213 ], [ -7884.121698821072641, 1368979.236594947520643 ], [ 11222.716810561347302, 1368962.032522468594834 ], [ 11215.177891249695676, 1378692.454849891830236 ], [ 15976.146274088416249, 1378717.151228780858219 ], [ 15963.958572021587315, 1388558.467178195947781 ], [ 58880.746325518943195, 1388753.015491347992793 ], [ 59083.370737233133696, 1359795.56497109378688 ], [ 62052.768094435909006, 1360897.930575875099748 ], [ 64232.300501072029874, 1360029.817169211572036 ], [ 66553.720002658752492, 1357159.675636203959584 ], [ 69335.484223948820727, 1356838.472264631884173 ], [ 71296.662992362835212, 1358857.129989227280021 ], [ 72199.924722812997061, 1361077.599303760332987 ], [ 74670.730904388794443, 1361318.25702078291215 ], [ 73668.193638389944681, 1364813.255461273016408 ], [ 74338.964127340470441, 1366352.111074944958091 ], [ 76547.607009135637782, 1365847.415144541068003 ], [ 77366.871080704891938, 1366939.805294789839536 ], [ 75868.270333938271506, 1368711.436344440327957 ], [ 77527.519372448368813, 1369675.807530699996278 ], [ 78972.803434605128132, 1368830.289749966235831 ], [ 82528.368162790909992, 1373248.451852238737047 ], [ 83792.853077378458693, 1377447.056861797114834 ], [ 82021.084570767154219, 1379209.820815379498526 ], [ 81297.011672821696266, 1381542.465273923939094 ], [ 79054.752065123029752, 1383760.280642895493656 ], [ 78005.73280087907915, 1386029.712985741440207 ], [ 78425.211390701966593, 1388917.855715963058174 ], [ 78170.116635700993356, 1418129.773444759659469 ], [ 65764.63665348716313, 1418082.090220907237381 ], [ 66867.411227254575351, 1420407.371319118188694 ], [ 68794.916516121098539, 1422353.044712510425597 ], [ 68682.778088257473428, 1424765.982115831691772 ], [ 66423.029575494903838, 1425256.961909936508164 ], [ 64129.789178930470371, 1428704.825883417157456 ], [ 65342.063962981788791, 1431083.431312210857868 ], [ 64470.238745672999357, 1434962.313477204646915 ], [ 66819.020804474683246, 1437639.310792074771598 ], [ 68049.038716842143913, 1437636.088725527981296 ], [ 69199.484980894892942, 1440050.295999135356396 ], [ 69170.35738198942272, 1443481.053545513190329 ], [ 70712.503768161986955, 1443565.102364793885499 ], [ 70691.209987717695185, 1447405.559573506005108 ], [ 49982.726326441799756, 1447313.789761778898537 ], [ 49901.288396343523345, 1461979.750702947145328 ], [ 50264.277952657823334, 1466808.878854647977278 ], [ 50082.570194346772041, 1496025.435924079502001 ], [ 59616.320108037820319, 1496096.407556141493842 ], [ 59529.386390466512239, 1505885.767065905034542 ], [ 16881.418782102173282, 1505682.243611396988854 ], [ 16779.386469834600575, 1544266.356366367312148 ], [ 18822.763769769302598, 1544271.815023105824366 ], [ 18799.340753722750378, 1550699.945627296809107 ], [ -71.411148247814424, 1550628.432654714910313 ], [ -46335.790138464748452, 1550739.978642071597278 ], [ -66106.352240596024785, 1550903.574591785902157 ], [ -66361.484015924215782, 1544433.748819105094299 ], [ -66522.405776582236285, 1526604.364272986771539 ], [ -69729.901172845085966, 1526620.735158750088885 ], [ -69746.39304518395511, 1525006.476459778379649 ], [ -72744.077127691314672, 1525027.632144386181608 ], [ -73786.346998296678066, 1522334.198861775919795 ], [ -76631.050396965161781, 1523424.589256417006254 ], [ -78596.686762598852511, 1523313.892746104160324 ], [ -81493.822676108306041, 1519454.707642115885392 ], [ -82504.194679035223089, 1515990.820722917793319 ], [ -88144.370022205286659, 1516284.535737484460697 ], [ -91225.977504392896662, 1517816.691528209950775 ], [ -94206.483840199522092, 1515901.969562435755506 ], [ -94060.800721038278425, 1512149.993814091896638 ], [ -93273.821455103767221, 1511379.501544915139675 ], [ -92587.453642380962265, 1506754.64080865541473 ], [ -93592.451552350801649, 1505616.40080125676468 ], [ -89031.587869866634719, 1504461.541016910690814 ], [ -84088.721037710856763, 1505240.008286575553939 ], [ -80899.40645935748762, 1506211.678526316070929 ], [ -78756.700053844368085, 1503574.45045505836606 ], [ -79735.771561048022704, 1501078.015331860398874 ], [ -82009.447883374246885, 1501025.222141717094928 ], [ -85028.553997889990569, 1499010.509132808074355 ], [ -88376.589715509704547, 1498448.057958284625784 ], [ -89608.498127652826952, 1495991.528997425688431 ], [ -91590.228623990580672, 1496015.284343189094216 ], [ -91800.35309359979874, 1476570.364268280798569 ], [ -82268.479486233598436, 1476471.094550187233835 ], [ -82375.019798045919742, 1466741.768397468375042 ], [ -72927.243286031109164, 1466655.521805210504681 ], [ -73015.082169869085192, 1456845.711553201079369 ], [ -55401.588977762003196, 1456829.037220166297629 ], [ -55572.250351355789462, 1445747.550532230641693 ], [ -55401.812927251841757, 1432375.271973531926051 ], [ -55512.272987813332293, 1414775.291954998159781 ], [ -55727.993306331482017, 1398499.907772700302303 ] ] ] } },
{ "type": "Feature", "properties": { "csa_geoid": "539", "csa_name": "Tupelo-Corinth, MS CSA" }, "geometry": { "type": "Polygon", "coordinates": [ [ [ 714134.406406974070705, 1296247.009066839003935 ], [ 698423.916629639337771, 1295001.809420199133456 ], [ 697223.442785757826641, 1308013.514290842227638 ], [ 695788.392181799630634, 1325885.850531361531466 ], [ 694192.654850422753952, 1325773.99842324340716 ], [ 692506.862348287831992, 1327291.222330671269447 ], [ 691613.966348906280473, 1338300.540276591433212 ], [ 690527.524791677249596, 1354066.222674743970856 ], [ 649060.848071689950302, 1350779.346240286715329 ], [ 650174.917156339157373, 1335545.54196228669025 ], [ 656550.003633987274952, 1336046.639110623160377 ], [ 657407.823900972609408, 1324689.618356285849586 ], [ 660538.082486332044937, 1324909.27724119159393 ], [ 661975.335092808352783, 1307036.686951289884746 ], [ 660374.293933736858889, 1306915.144986987113953 ], [ 661132.098085907637142, 1295552.388685181504115 ], [ 656335.640407426282763, 1295217.151465783594176 ], [ 657163.530326391919516, 1283927.154227733844891 ], [ 653945.877988685737364, 1283705.700137633597478 ], [ 656690.308038281043991, 1248156.395991379627958 ], [ 666335.810675759683363, 1248843.590500597842038 ], [ 666233.782729976228438, 1250496.947185373632237 ], [ 686780.331453045713715, 1252072.628083811607212 ], [ 713270.813883433584124, 1253923.779921182431281 ], [ 713866.801591092720628, 1280275.583048218395561 ], [ 714134.406406974070705, 1296247.009066839003935 ] ] ] } },
{ "type": "Feature", "properties": { "csa_geoid": "540", "csa_name": "Tyler-Jacksonville, TX CSA" }, "geometry": { "type": "Polygon", "coordinates": [ [ [ 51572.104035807024047, 1031522.718657948425971 ], [ 50807.52951540324284, 1028622.024737125379033 ], [ 51686.131260983245738, 1025395.80998458317481 ], [ 50865.749289868523192, 1022363.633272472419776 ], [ 49684.108159756848181, 1021132.22247752675321 ], [ 49915.463897902307508, 1019406.410461024614051 ], [ 48177.281818720257434, 1017025.18666438118089 ], [ 50413.065925919217989, 1014408.175938979373313 ], [ 48825.99224260901974, 1008846.12796531105414 ], [ 50705.456825354405737, 1007031.20496567117516 ], [ 51438.457260653980484, 1003929.237183794379234 ], [ 53687.206646258775436, 1001355.757159676402807 ], [ 52813.150738872092916, 999543.51108855905477 ], [ 53321.705709434849268, 995383.844528694753535 ], [ 54119.535969151234895, 994020.56425016594585 ], [ 51802.317087016308506, 991107.760953829041682 ], [ 51435.253453687211731, 987424.812561035621911 ], [ 54214.268353719584411, 984083.800618134206161 ], [ 53228.57353624451207, 977213.409986584447324 ], [ 52498.112467501763604, 974344.448067756835371 ], [ 54201.922259462175134, 974242.764876637607813 ], [ 56198.4797003880376, 972110.208700108341873 ], [ 57129.169763767240511, 968261.186293799779378 ], [ 57311.87343849370518, 965199.537451758398674 ], [ 60110.081573235722317, 964408.637773916008882 ], [ 59807.884675801047706, 961543.780238103237934 ], [ 62485.63675502424303, 962538.615666896454059 ], [ 64034.905549923838407, 959081.091064065578394 ], [ 66665.136999935057247, 957034.416373514803126 ], [ 68391.200268790518749, 953862.983232106780633 ], [ 67866.079020619436051, 950313.870606658048928 ], [ 69381.392020336876158, 950243.947134985588491 ], [ 69079.300281257354072, 947421.412415298749693 ], [ 70297.200134197511943, 944851.049005977809429 ], [ 73119.959252614571596, 945012.52688736282289 ], [ 74830.734753300072043, 944222.548317551380023 ], [ 77857.008577888263972, 945878.342824483988807 ], [ 80440.520261210360331, 944133.411392936948687 ], [ 81013.555030924311723, 940875.637355059152469 ], [ 82728.531397776459926, 940624.848501560743898 ], [ 85147.608155501453439, 938601.358039378770627 ], [ 85747.459274836612167, 936833.229172111023217 ], [ 84254.173005376695073, 935251.501581244403496 ], [ 85185.754637502090191, 933054.31227536778897 ], [ 88951.631234495725948, 932965.420523573644459 ], [ 89788.842139478438185, 931320.39931129955221 ], [ 93631.556510462178267, 929657.737417566822842 ], [ 94425.617878343153279, 928380.872197036747821 ], [ 107283.828565496354713, 939734.130070700193755 ], [ 105880.733819129483891, 939889.387186765787192 ], [ 104395.200176106343861, 941795.709671112010255 ], [ 104792.43219264165964, 945323.583115400047973 ], [ 102573.617535386045347, 944434.319217214826494 ], [ 101723.350725851079915, 945490.611453474033624 ], [ 101576.059864695096621, 948457.453172974055633 ], [ 98997.940345441398676, 952380.321294310619123 ], [ 99321.194675330843893, 954131.818591138580814 ], [ 97682.311586373805767, 958215.976487821550108 ], [ 98294.779041071757092, 961587.600896291434765 ], [ 97002.188255490036681, 963339.533798333373852 ], [ 97689.356235223880503, 965019.500439826748334 ], [ 100889.861275633433252, 965063.193014777149074 ], [ 100095.417188999956124, 966967.645452287397347 ], [ 96951.89906203962164, 968066.045869074179791 ], [ 98609.076603444540524, 969695.170606852392666 ], [ 100277.743975126883015, 973569.835541379638016 ], [ 100107.371639299060917, 975135.56262491364032 ], [ 95656.195341241895221, 975152.514052872429602 ], [ 95313.435543274434167, 998571.045509891584516 ], [ 95300.427543023019098, 1005122.10045420518145 ], [ 94630.927099096559687, 1052172.750203647185117 ], [ 92622.998199212233885, 1049872.790205304743722 ], [ 91092.75795529615425, 1052108.301241166889668 ], [ 87251.25494779041037, 1052146.88742067408748 ], [ 85508.193434959292063, 1053835.062458150554448 ], [ 80749.04933340685966, 1053236.529420260107145 ], [ 78764.285663551650941, 1055513.507083280710503 ], [ 75735.499252921232255, 1053034.189155309228227 ], [ 74081.409234017395647, 1054509.786498095374554 ], [ 71129.009094368491787, 1054569.500956726493314 ], [ 69622.662562069002888, 1056200.495290873106569 ], [ 67754.452572592184879, 1056012.602654780494049 ], [ 62331.060307238592941, 1059360.313731704838574 ], [ 59564.309518932837818, 1059610.325041717849672 ], [ 57690.408885516735609, 1058686.477413142332807 ], [ 54156.850409970276814, 1059847.915970443282276 ], [ 49550.365772656754416, 1059434.738694589352235 ], [ 45635.860980413453944, 1061051.745899550383911 ], [ 44378.867611098867201, 1063648.351289957296103 ], [ 38760.061804686745745, 1067883.103768547531217 ], [ 37832.893071433863952, 1068178.602470720885321 ], [ 37924.57022825085005, 1045349.678729968029074 ], [ 41823.903601391779375, 1042077.684894441161305 ], [ 43108.069112557495828, 1040146.772410675650463 ], [ 46627.400059415689611, 1037516.734890910796821 ], [ 46594.47064605585183, 1036676.539587654755451 ], [ 49575.563452727888944, 1033023.727086970000528 ], [ 51572.104035807024047, 1031522.718657948425971 ] ] ] } },
{ "type": "Feature", "properties": { "csa_geoid": "542", "csa_name": "Union City-Martin, TN CSA" }, "geometry": { "type": "Polygon", "coordinates": [ [ [ 636881.538190471474081, 1519135.267173122847453 ], [ 623814.971968482481316, 1518085.817823512712494 ], [ 610255.717408261611126, 1517249.733179335715249 ], [ 594051.122846550424583, 1516487.790361840976402 ], [ 590030.383065264672041, 1515762.721411986509338 ], [ 590756.511386986239813, 1512889.515363700455055 ], [ 589156.629377118078992, 1510454.835070954635739 ], [ 588516.152236305642873, 1507917.432620684383437 ], [ 589519.612805724609643, 1505179.055612141266465 ], [ 587951.25670803617686, 1501456.784248360898346 ], [ 585993.313739447854459, 1498413.796621348708868 ], [ 586347.467545846593566, 1494223.248321225633845 ], [ 584587.509473259095103, 1488045.162969978293404 ], [ 582711.216174595989287, 1484423.99132011923939 ], [ 580529.909695733804256, 1482495.259778018807992 ], [ 614926.245994142489508, 1483862.808448569150642 ], [ 626592.816908799344674, 1484534.204703496769071 ], [ 627425.346538091194816, 1485681.365117571083829 ], [ 633724.991532072541304, 1481238.402886804193258 ], [ 635812.579758912790567, 1478042.539542347658426 ], [ 638464.109406067174859, 1476356.724685673601925 ], [ 643853.166517539531924, 1475572.038066901965067 ], [ 646424.738648463157006, 1473652.339351440779865 ], [ 651156.47176135587506, 1470955.24535111291334 ], [ 655091.083092768443748, 1471269.751496952027082 ], [ 654486.043463771464303, 1477181.089912677183747 ], [ 665464.042155323782936, 1477822.460645105689764 ], [ 664983.677696778438985, 1490584.362982525955886 ], [ 663475.618855585693382, 1521036.076051234500483 ], [ 636881.538190471474081, 1519135.267173122847453 ] ] ] } },
{ "type": "Feature", "properties": { "csa_geoid": "544", "csa_name": "Victoria-Port Lavaca, TX CSA" }, "geometry": { "type": "MultiPolygon", "coordinates": [ [ [ [ -31681.441825540940044, 622685.279438746511005 ], [ -39606.480397192433884, 622584.214858144172467 ], [ -39100.183520840881101, 628757.61580763454549 ], [ -41937.223633251676802, 625815.179243997321464 ], [ -46547.678932415386953, 626194.109235953306779 ], [ -56250.402275603220914, 626109.761162446462549 ], [ -57288.638908000713855, 628243.697112774010748 ], [ -63254.721295394607296, 626875.742811347707175 ], [ -65413.165457728435285, 629723.094687910168432 ], [ -65552.61326026005554, 632331.958447493729182 ], [ -67131.123231417412171, 632626.370882169343531 ], [ -68398.700020953387138, 634283.527749479864724 ], [ -67981.300503260485129, 635720.520357940695249 ], [ -70353.986903468263336, 638562.329865913372487 ], [ -69530.058387987228343, 642344.626828119740821 ], [ -71316.975899563811254, 644556.418666400015354 ], [ -71664.172127765530604, 646522.682623783126473 ], [ -77300.674601384220296, 649809.407121957163326 ], [ -78839.005579063508776, 653992.428655547671951 ], [ -79145.890021741128294, 656734.68155566311907 ], [ -81149.233735626316047, 661245.036490381928161 ], [ -91487.693486182033666, 665985.79158291965723 ], [ -95124.781971662043361, 670540.806388749973848 ], [ -100707.160071103280643, 666202.028194318059832 ], [ -127593.757038573661703, 644358.367591698770411 ], [ -128000.519546653245925, 645756.832156566437334 ], [ -130872.90282632499293, 647902.875809372751974 ], [ -133942.374036708934, 648346.382258409750648 ], [ -134984.60842117498396, 650177.797242327360436 ], [ -138361.475986591569381, 651268.569962487439625 ], [ -174171.414198376762215, 623423.803627390647307 ], [ -171933.093308024050202, 621945.021354144322686 ], [ -171483.745063243171899, 620188.532517815008759 ], [ -169656.911614200682379, 618919.130364606855437 ], [ -169492.43132384979981, 617203.793659615679644 ], [ -167922.196312426967779, 614279.606253070873208 ], [ -166395.881887871248182, 609289.396353758522309 ], [ -161534.234731187985744, 606924.579413975006901 ], [ -159553.107452223892324, 607701.890471510007046 ], [ -154710.186420868849382, 606987.878182479878888 ], [ -152477.304253179871012, 604774.355851694475859 ], [ -152561.760470803856151, 599513.683773182332516 ], [ -149432.237041314248927, 598534.012749488349073 ], [ -149062.59065971619566, 596880.196702283341438 ], [ -146709.406179415498627, 597602.938096171244979 ], [ -145391.293161808367586, 597034.230442346422933 ], [ -143350.887837493559346, 594084.948190381983295 ], [ -140162.259052551060449, 594498.878763775574043 ], [ -137328.627164234843804, 593501.220291240955703 ], [ -135114.124687637377065, 591935.980166065157391 ], [ -113911.530206667317543, 609736.790444545680657 ], [ -110588.668231709598331, 608887.116801864118315 ], [ -108378.488366080418928, 609901.720979709760286 ], [ -107395.012782541205524, 608079.286511067533866 ], [ -102869.381247440236621, 609140.114230122650042 ], [ -101145.459518341434887, 608359.056714736390859 ], [ -100088.148443787926226, 605975.790041068568826 ], [ -96378.001852528817835, 603669.148731960682198 ], [ -95090.585461216600379, 604271.516834411770105 ], [ -91784.331575865639024, 603330.44128852034919 ], [ -90796.635591264959658, 602364.858569060917944 ], [ -88475.65933465748094, 604696.598916410235688 ], [ -86646.325584110905766, 604221.737995268078521 ], [ -84874.613020365228294, 602517.515717700240202 ], [ -84618.930990178894717, 601025.581340608769096 ], [ -79464.872670213575475, 595903.580576995038427 ], [ -77496.125425058038672, 597692.428591404808685 ], [ -81226.850152187806088, 599818.661044273758307 ], [ -78517.287404679751489, 601539.555443656165153 ], [ -76943.42306888983876, 598604.073013950604945 ], [ -74517.377002532608458, 597013.326676433789544 ], [ -73526.966523970244452, 593851.154908694210462 ], [ -69375.175960934881005, 592921.174682577024214 ], [ -68731.683606352133211, 590289.905308679910377 ], [ -69330.162226575033856, 586754.434122591512278 ], [ -67303.721350804175017, 582943.39194646733813 ], [ -61479.860727425795631, 583095.240930994972587 ], [ -57517.760308460616216, 586896.737293481826782 ], [ -54059.610813677049009, 588922.158765704371035 ], [ -50267.035528337641153, 590449.714788879384287 ], [ -44491.229873410971777, 594326.26173032016959 ], [ -41258.733741258060036, 594114.96959143190179 ], [ -41323.21763301359897, 592728.669125221087597 ], [ -43968.044894721868332, 591411.799836993566714 ], [ -44499.804410597811511, 590073.692801264114678 ], [ -42627.947352555696853, 588238.803558907471597 ], [ -43316.063277093759098, 585953.109874036279507 ], [ -46008.710625241183152, 584856.190855844295584 ], [ -51646.891064232884673, 583787.272054974921048 ], [ -53843.391622699782602, 581857.177791416295804 ], [ -57259.058642613439588, 581449.557076507830061 ], [ -59381.102634623566701, 580468.272483670385554 ], [ -60858.90750687335094, 577653.470113282673992 ], [ -63822.18758799090574, 576020.410095863277093 ], [ -65242.548911846344708, 573150.617053806781769 ], [ -69182.107858207746176, 572021.940557878580876 ], [ -68701.385651022646925, 570548.880378481117077 ], [ -70538.773629732007976, 569563.636412665364332 ], [ -77454.763508098534658, 569240.122588868951425 ], [ -80730.014029232945177, 566873.268638932029717 ], [ -80820.169291437385255, 566359.823692980920896 ], [ -79933.07689984026365, 561926.357745171291754 ], [ -81843.268464630222297, 560565.095992599497549 ], [ -84145.740170131088234, 555058.929311668965966 ], [ -74125.626437759347027, 563839.520660655223764 ], [ -68290.095554822430131, 568421.127127725980245 ], [ -62223.215958136599511, 572780.998147753882222 ], [ -55162.769612230309576, 577290.595721054007299 ], [ -43551.091021382962936, 583156.408794804941863 ], [ -40587.569463322295633, 585921.847762260353193 ], [ -37173.622215422263253, 591209.890116691589355 ], [ -31616.248190069676639, 619073.088699547108263 ], [ -31681.441825540940044, 622685.279438746511005 ] ] ], [ [ [ -79684.838001611162326, 572667.39444389322307 ], [ -77301.331266657114611, 573635.847906164126471 ], [ -77194.921677896301844, 575196.872078510234132 ], [ -78586.426821555418428, 578774.814633748028427 ], [ -79684.838001611162326, 572667.39444389322307 ] ] ] ] } },
{ "type": "Feature", "properties": { "csa_geoid": "545", "csa_name": "Virginia Beach-Chesapeake, VA-NC CSA" }, "geometry": { "type": "MultiPolygon", "coordinates": [ [ [ [ 1799021.502818718086928, 1623921.474637742387131 ], [ 1801645.515067302854732, 1622405.863456097897142 ], [ 1802365.584373950026929, 1620982.124955058097839 ], [ 1804993.985542650101706, 1619350.897503485204652 ], [ 1806536.359641935909167, 1617407.854834545403719 ], [ 1806825.695915447082371, 1613001.879067974165082 ], [ 1811697.42210982250981, 1613158.74908472597599 ], [ 1810511.819494953611866, 1617561.280797478742898 ], [ 1808925.222888791235164, 1620289.004779502283782 ], [ 1805272.669387871632352, 1623667.351401434512809 ], [ 1802097.609764731489122, 1624967.915262544061989 ], [ 1799021.502818718086928, 1623921.474637742387131 ] ] ], [ [ [ 1815826.261432689148933, 1543303.248903173487633 ], [ 1817043.199613560689613, 1543633.956926380749792 ], [ 1822761.601827393518761, 1547611.453780583105981 ], [ 1826658.965759743005037, 1549623.935235181590542 ], [ 1830507.95667189755477, 1550649.041094318497926 ], [ 1833058.275289303157479, 1550328.10295798513107 ], [ 1833418.936583409551531, 1553952.107757010031492 ], [ 1832925.421984296292067, 1561597.614407576387748 ], [ 1832894.648783440003172, 1570245.516781867016107 ], [ 1831489.28340600640513, 1579409.756546917604282 ], [ 1831231.165999785531312, 1587843.412918125512078 ], [ 1830390.524963148869574, 1591692.143896906403825 ], [ 1827568.169728003907949, 1598977.691182051086798 ], [ 1825746.457708631642163, 1602804.603022295515984 ], [ 1823005.628438713029027, 1607445.519220654852688 ], [ 1821305.748871805611998, 1608190.769692100584507 ], [ 1825482.592075518099591, 1599826.041684330441058 ], [ 1828860.952564846491441, 1594678.594567168038338 ], [ 1830240.372714954428375, 1589517.902287637116387 ], [ 1830540.167729139560834, 1585033.004179461393505 ], [ 1830048.621609884314239, 1582287.085459999507293 ], [ 1830837.285493056057021, 1580486.532845372334123 ], [ 1832350.123132737586275, 1568791.561023215763271 ], [ 1831489.413917704019696, 1564916.854790453100577 ], [ 1832705.434692699695006, 1558762.474070256110281 ], [ 1832678.28722402243875, 1555177.929019008763134 ], [ 1831363.785009054932743, 1555268.164907980477437 ], [ 1827913.809087331173941, 1553380.803105298895389 ], [ 1824862.026744079543278, 1550870.148503600386903 ], [ 1823305.48370137764141, 1548441.317147914785892 ], [ 1821167.604821166722104, 1546864.701886177062988 ], [ 1819288.611814227188006, 1547835.21720637450926 ], [ 1818484.697387709980831, 1545419.964247081428766 ], [ 1815826.261432689148933, 1543303.248903173487633 ] ] ], [ [ [ 1780230.295748160919175, 1589559.455506542231888 ], [ 1790025.223415961256251, 1591666.269533497514203 ], [ 1793985.564452501013875, 1585838.61873365403153 ], [ 1796267.971210450632498, 1583358.250662877690047 ], [ 1798033.373404852347448, 1584684.896689868764952 ], [ 1799884.074208910344169, 1583979.576403766870499 ], [ 1802955.569898149231449, 1584237.325705306604505 ], [ 1801956.590458558872342, 1585829.474905546987429 ], [ 1804553.244875004515052, 1587815.570371376350522 ], [ 1805542.157763737952337, 1590570.829711756901816 ], [ 1803417.677962081041187, 1592193.887474332703277 ], [ 1800274.019816602347419, 1595608.986076140310615 ], [ 1800913.484866964630783, 1598211.18085804162547 ], [ 1803736.809949544491246, 1597561.729432841995731 ], [ 1804349.070852900855243, 1599971.518539333250374 ], [ 1803722.000292347976938, 1602664.986823447514325 ], [ 1802396.864547803997993, 1603549.235919878352433 ], [ 1801405.56042954325676, 1609034.086368264630437 ], [ 1801786.602734991116449, 1609889.546970427501947 ], [ 1800646.918745131231844, 1613241.511614092392847 ], [ 1798825.577600695192814, 1614414.397143685957417 ], [ 1798249.055685095256194, 1618085.004632930504158 ], [ 1797112.050184075254947, 1618386.556726871524006 ], [ 1794542.980758494930342, 1621342.122792919399217 ], [ 1794197.767642499413341, 1622855.117895873263478 ], [ 1791879.588534972397611, 1623809.543653483502567 ], [ 1791239.506680930498987, 1625182.209316014777869 ], [ 1785403.925158716505393, 1626130.076050996314734 ], [ 1782074.881100814091042, 1624846.035558738512918 ], [ 1779172.161958168493584, 1622648.634562561754137 ], [ 1781981.351927990093827, 1620512.072924558073282 ], [ 1780052.196747425245121, 1618315.052467202302068 ], [ 1779207.181415230501443, 1615963.641642754897475 ], [ 1777442.609453358920291, 1614166.315109838731587 ], [ 1777897.606787098571658, 1611149.463298760354519 ], [ 1779504.393133318284526, 1608823.880809191148728 ], [ 1778525.979081731755286, 1605643.14581429422833 ], [ 1780444.263155135093257, 1601476.714165638899431 ], [ 1780490.862885229056701, 1597997.660789569374174 ], [ 1779945.783345187315717, 1595959.41960017150268 ], [ 1780802.041209134738892, 1592563.110715878196061 ], [ 1780230.295748160919175, 1589559.455506542231888 ] ] ], [ [ [ 1693372.684817544184625, 1738230.200068860314786 ], [ 1698033.384711080230772, 1735690.415541888447478 ], [ 1699390.611836944241077, 1734501.629554430488497 ], [ 1701339.491374957142398, 1735513.616085120709613 ], [ 1703009.835861414438114, 1734652.295535534387454 ], [ 1703389.911479387897998, 1732947.746766956755891 ], [ 1709529.23515070672147, 1730174.128158003790304 ], [ 1711384.469536820892245, 1728289.978543298086151 ], [ 1711267.425697115715593, 1727173.353054981911555 ], [ 1714313.475505483103916, 1724175.33241763850674 ], [ 1715623.074741483898833, 1724057.810319117037579 ], [ 1717735.639756782911718, 1728390.611100608482957 ], [ 1720491.865534370066598, 1731059.242265563923866 ], [ 1724116.827804782195017, 1731088.502322582760826 ], [ 1724800.042467181570828, 1740246.470376690616831 ], [ 1721566.487197767710313, 1742604.983139867661521 ], [ 1720199.15734127885662, 1744994.63287902274169 ], [ 1717367.936844065086916, 1745928.001967302290723 ], [ 1716271.723438389832154, 1747743.243986923713237 ], [ 1713753.433286630082875, 1745728.269533769227564 ], [ 1712236.574090788606554, 1747556.523806850193068 ], [ 1712086.797344538616017, 1749649.689059462398291 ], [ 1710804.468717261683196, 1750931.142634413205087 ], [ 1711663.655290326569229, 1753353.748515416868031 ], [ 1704587.823692945297807, 1750716.883950845105574 ], [ 1700847.816973925102502, 1752623.766964852577075 ], [ 1702750.641886048484594, 1754777.098642249824479 ], [ 1704435.136268740287051, 1754564.978355486644432 ], [ 1708162.896241233684123, 1757083.613958393689245 ], [ 1712793.096181544009596, 1758453.45884971623309 ], [ 1709039.993256381945685, 1761607.922038190299645 ], [ 1705208.120057072956115, 1762040.656382809160277 ], [ 1706762.465663676150143, 1764139.756367556285113 ], [ 1706049.689687551232055, 1765599.414969194447622 ], [ 1703520.925511950161308, 1767724.052612546598539 ], [ 1704503.515249932417646, 1769648.308202225714922 ], [ 1704948.551841298583895, 1772919.126252786023542 ], [ 1706767.601538174087182, 1772467.451972848502919 ], [ 1708169.385651454329491, 1770734.99662717897445 ], [ 1711610.242010260932148, 1769989.845932435244322 ], [ 1716018.097126869484782, 1766087.007864972576499 ], [ 1719308.925272624241188, 1764954.026029456872493 ], [ 1718462.017390738707036, 1768920.562754548853263 ], [ 1720099.197885277913883, 1772609.421608698088676 ], [ 1717676.602792415302247, 1780552.729952430352569 ], [ 1715262.447326961206272, 1781556.729133160086349 ], [ 1715541.474100488703698, 1783970.16002672794275 ], [ 1714263.419487089151517, 1786154.55831828317605 ], [ 1712854.919822111492977, 1785748.447743363911286 ], [ 1711677.773627697257325, 1783007.533217594958842 ], [ 1709619.25279997009784, 1784786.591415499104187 ], [ 1708191.889756786171347, 1784545.718488422688097 ], [ 1706959.173092063516378, 1786972.654990084003657 ], [ 1703080.406095925252885, 1786982.189020624151453 ], [ 1702789.523493694839999, 1784333.770159981912002 ], [ 1698947.128929606871679, 1784445.417316364357248 ], [ 1696458.630349066341296, 1785677.17184612271376 ], [ 1694841.526859582634643, 1785456.643198889680207 ], [ 1690523.518014007015154, 1787653.969601073069498 ], [ 1687939.91411198512651, 1786966.377675867406651 ], [ 1685463.573001470649615, 1789329.840357586741447 ], [ 1683910.765933592570946, 1788539.229069386376068 ], [ 1680127.067265414632857, 1789954.04177880124189 ], [ 1680861.051458693807945, 1780599.531713660573587 ], [ 1683078.145665892167017, 1778286.368268682621419 ], [ 1683314.776632816763595, 1775729.119774333899841 ], [ 1682326.808705084491521, 1773512.172570555005223 ], [ 1679713.751329636201262, 1772452.8527767569758 ], [ 1679022.193112827604637, 1770060.456213104305789 ], [ 1676821.704369630198926, 1771773.260421358980238 ], [ 1674517.642806239426136, 1772613.342089887941256 ], [ 1673590.315107594477013, 1769586.755077812820673 ], [ 1672056.090166116831824, 1769103.252074867952615 ], [ 1668984.380563588114455, 1770222.50353645440191 ], [ 1665994.309663188876584, 1769166.0146023852285 ], [ 1663381.672464044066146, 1766500.219736825441942 ], [ 1664527.062357824295759, 1762131.843818074092269 ], [ 1663720.61290984088555, 1760791.251644636504352 ], [ 1666701.128938465612009, 1759769.066162279108539 ], [ 1667341.582463914295658, 1753776.129352073650807 ], [ 1668377.16012701112777, 1752354.514747407753021 ], [ 1668021.091542286332697, 1749546.846142070367932 ], [ 1669513.466258086496964, 1748591.639491783687845 ], [ 1669760.65214333566837, 1746524.861332963686436 ], [ 1673803.435702471062541, 1747520.756890332791954 ], [ 1676547.853467101231217, 1746664.973991800099611 ], [ 1678160.765726818935946, 1744489.082244437653571 ], [ 1680519.826382352970541, 1742950.852765433257446 ], [ 1681766.699018945684657, 1743315.946958060609177 ], [ 1682317.414087056647986, 1745673.323680542176589 ], [ 1685374.300150596303865, 1747612.369572156807408 ], [ 1689149.781272843712941, 1748074.771090703550726 ], [ 1691193.063437448116019, 1746874.791776234982535 ], [ 1694448.4812760904897, 1742207.014537941664457 ], [ 1693372.684817544184625, 1738230.200068860314786 ] ] ], [ [ [ 1723348.129260001005605, 1722122.064406098797917 ], [ 1724323.665468303486705, 1719095.371548656374216 ], [ 1725576.635696197394282, 1717579.437816714867949 ], [ 1723963.764251831686124, 1714027.672196153085679 ], [ 1722688.798075002850965, 1716030.691315321018919 ], [ 1721422.656257996102795, 1720665.985498933121562 ], [ 1718704.956391685642302, 1720152.368024495895952 ], [ 1719102.249633530387655, 1717522.518757484154776 ], [ 1717427.516037594294176, 1716931.356849202886224 ], [ 1713846.795310669112951, 1716844.420972615713254 ], [ 1713655.814831031020731, 1714613.528499678708613 ], [ 1710536.48703224863857, 1713622.807447426719591 ], [ 1710764.693571537500247, 1717466.351576114306226 ], [ 1708725.532403807388619, 1718770.592554193688557 ], [ 1709745.274018392898142, 1720035.943309563910589 ], [ 1709254.802084459224716, 1721989.783647157950327 ], [ 1706668.235909986076877, 1722769.561379096005112 ], [ 1705316.338294279295951, 1724293.954685745295137 ], [ 1701575.133436397183686, 1725801.674224497750401 ], [ 1698973.72615580377169, 1728116.795319669647142 ], [ 1696605.861171166179702, 1728412.000214780215174 ], [ 1693667.290994482114911, 1727875.983847432071343 ], [ 1691066.597703329753131, 1730045.902225146302953 ], [ 1691060.898226122837514, 1735760.590729196555912 ], [ 1689064.864580865483731, 1739034.885821797885001 ], [ 1689017.879426195053384, 1742665.331869470188394 ], [ 1686524.065197779098526, 1744827.969544073101133 ], [ 1685163.108637844212353, 1738914.725359355099499 ], [ 1682319.529558132169768, 1738617.626421228284016 ], [ 1680691.935026323888451, 1740292.432656984077767 ], [ 1678671.869761143578216, 1741037.056558164069429 ], [ 1674981.554620534181595, 1743378.155213692225516 ], [ 1670831.902913126628846, 1742954.088405100628734 ], [ 1667866.833573451498523, 1741297.679674162063748 ], [ 1663397.722235555527732, 1743613.654033798491582 ], [ 1660757.073429447133094, 1745418.087311003357172 ], [ 1657671.682788823032752, 1743006.859145578462631 ], [ 1658171.910099497996271, 1740767.398466278100386 ], [ 1657366.05112433177419, 1739302.934624645626172 ], [ 1653512.549001754727215, 1736585.649747950490564 ], [ 1650168.984511000104249, 1730660.31193024944514 ], [ 1647920.190096416510642, 1727443.755298093892634 ], [ 1648850.746477450942621, 1726197.51409622002393 ], [ 1652260.741287292446941, 1726569.249795512063429 ], [ 1653452.355782026890665, 1725104.255815816344693 ], [ 1655167.058060487033799, 1725534.395880918717012 ], [ 1655993.014686951646581, 1723618.54369075759314 ], [ 1658236.317592141916975, 1723653.431238677352667 ], [ 1659367.093388272216544, 1724689.941433005500585 ], [ 1663964.10523733869195, 1723337.71131398784928 ], [ 1665285.580797087633982, 1724161.698421227512881 ], [ 1666838.442445861641318, 1718283.696697732899338 ], [ 1669166.611673871288076, 1712360.38220486487262 ], [ 1676984.715239510638639, 1719871.860354381380603 ], [ 1677012.401620270917192, 1715506.75979687878862 ], [ 1679946.023226451361552, 1711782.730871339095756 ], [ 1681769.407140977447852, 1711479.924277634825557 ], [ 1682308.474068965762854, 1707905.2589357632678 ], [ 1679718.223682974698022, 1702074.377509092912078 ], [ 1679532.951996668474749, 1698920.523164892103523 ], [ 1680240.87320886971429, 1696906.687826838809997 ], [ 1678882.076340151485056, 1695669.776349738705903 ], [ 1678661.647474441677332, 1691720.456998062552884 ], [ 1677036.267349983099848, 1689867.620126973371953 ], [ 1677539.035457631573081, 1688646.001933729276061 ], [ 1678589.855537639232352, 1681898.035563981626183 ], [ 1680933.946091376477852, 1680180.765644521685317 ], [ 1681456.235654079820961, 1678418.689210126176476 ], [ 1680087.516956308390945, 1677155.854798853397369 ], [ 1681142.638697318965569, 1673033.433773879660293 ], [ 1679715.865112857660279, 1670502.610355170909315 ], [ 1681177.13469502562657, 1670084.307594567071646 ], [ 1681228.365333788329735, 1667901.626714868471026 ], [ 1682791.450628671096638, 1666898.55365129141137 ], [ 1681801.586264064069837, 1662775.379190004430711 ], [ 1680258.652338080108166, 1660642.728820860385895 ], [ 1681530.724480306496844, 1654391.980599953792989 ], [ 1683360.16258534276858, 1652994.93600137415342 ], [ 1693618.088188802590594, 1650994.813387240981683 ], [ 1697013.307095977943391, 1651555.716233544284478 ], [ 1699414.135073001030833, 1650593.235477063804865 ], [ 1702021.852422544034198, 1648136.991491444408894 ], [ 1706029.843645780347288, 1645768.559428262757137 ], [ 1710228.633631443837658, 1649415.840976992854849 ], [ 1716126.77713795681484, 1652219.288062480511144 ], [ 1716859.351719621103257, 1654763.090225657913834 ], [ 1725317.362988360691816, 1659141.491307361284271 ], [ 1726190.280988495564088, 1657660.031654723687097 ], [ 1733972.599473627982661, 1649251.24194174259901 ], [ 1734919.705090359086171, 1647481.810413351980969 ], [ 1740319.892282060347497, 1646526.840026454767212 ], [ 1742006.357629027916119, 1644741.720915063982829 ], [ 1746057.839160552015528, 1641648.385930235497653 ], [ 1747582.579417433589697, 1641706.292856772895902 ], [ 1752362.727648678701371, 1637288.3353039145004 ], [ 1754329.394456518115476, 1636321.502458522096276 ], [ 1756194.581898735603318, 1636518.491875090636313 ], [ 1764095.180489507503808, 1640081.358685358893126 ], [ 1764964.547689608763903, 1641308.661636642878875 ], [ 1761978.629110675072297, 1646416.139190958580002 ], [ 1758419.397965203039348, 1647270.94677821919322 ], [ 1755004.104897806886584, 1651741.953930979594588 ], [ 1752314.472380506107584, 1651710.555944264866412 ], [ 1748851.085575463948771, 1654326.57729335851036 ], [ 1751508.300146435620263, 1655981.305422915378585 ], [ 1752478.053440125891939, 1655031.117532891919836 ], [ 1755031.389177623903379, 1655177.214460231596604 ], [ 1758050.747424619039521, 1653939.915972431423143 ], [ 1758716.076792194042355, 1652565.250587163493037 ], [ 1761120.222964246291667, 1650676.373701040400192 ], [ 1763431.671994682634249, 1650777.382368548307568 ], [ 1765001.516055618645623, 1648385.753200297709554 ], [ 1767785.182314878562465, 1646156.388314500916749 ], [ 1775441.565058047184721, 1645450.325992482481524 ], [ 1775012.089577129110694, 1646693.241305056028068 ], [ 1772462.448774513090029, 1648588.634728191420436 ], [ 1772956.086454916745424, 1650587.521735379239544 ], [ 1771178.622661551926285, 1654285.477393453242257 ], [ 1772184.99097238550894, 1655377.093254254432395 ], [ 1775311.331007242202759, 1653671.343537519220263 ], [ 1776880.885203035315499, 1650667.985169595107436 ], [ 1780208.356129543390125, 1648562.250522285699844 ], [ 1781845.236340226372704, 1646104.073345714248717 ], [ 1782264.70811516023241, 1642513.848116879351437 ], [ 1784317.967130693374202, 1640358.919337866827846 ], [ 1789549.412730580894276, 1637750.599004295887426 ], [ 1788364.83450377965346, 1642704.051074904156849 ], [ 1783400.834658317500725, 1648454.164685232099146 ], [ 1783073.476058293366805, 1651435.361899831565097 ], [ 1780117.414536518743262, 1653717.356697780778632 ], [ 1778727.424960310338065, 1659797.675556900445372 ], [ 1777113.048916560830548, 1659421.711557191098109 ], [ 1775256.844713065540418, 1663018.39383746124804 ], [ 1771670.053720101015642, 1667768.221321444958448 ], [ 1771788.979045309126377, 1670223.994357321644202 ], [ 1770228.842252266360447, 1674063.974850225262344 ], [ 1769348.800894827581942, 1674104.305784816620871 ], [ 1768046.818184813950211, 1670776.388334356946871 ], [ 1765832.096038550604135, 1674465.194535233778879 ], [ 1762084.65145415510051, 1674842.914257824188098 ], [ 1757986.319830804830417, 1681196.422957944916561 ], [ 1759250.58207627478987, 1682144.197056843433529 ], [ 1758357.200869618915021, 1684513.187705328455195 ], [ 1760830.400508905760944, 1684844.260023528710008 ], [ 1763310.637195024406537, 1682420.603828926105052 ], [ 1762986.712893031071872, 1680496.883713002316654 ], [ 1767747.388255123980343, 1680995.843030790798366 ], [ 1771033.303269010735676, 1680729.553540909197181 ], [ 1772992.519611990777776, 1676505.493104881374165 ], [ 1775112.673709012567997, 1676521.645898177754134 ], [ 1777410.214307914953679, 1674978.319060795940459 ], [ 1778007.024520548293367, 1670350.139171259710565 ], [ 1779939.040997623931617, 1669308.139573227614164 ], [ 1781464.091999277006835, 1664690.245122475782409 ], [ 1778934.970412012189627, 1664331.990504137938842 ], [ 1781226.537648156052455, 1661325.339261329965666 ], [ 1783060.312719495035708, 1661501.095084897940978 ], [ 1784434.814459109911695, 1659042.390308318892494 ], [ 1784263.656314787222072, 1656875.31216624751687 ], [ 1787226.205338349100202, 1653835.338509889086708 ], [ 1788361.20220908569172, 1654146.439267963636667 ], [ 1792409.351111508905888, 1646602.4573989151977 ], [ 1792394.795799253508449, 1644113.837585234083235 ], [ 1794575.549091003602371, 1639188.791872139554471 ], [ 1795622.366354500409216, 1635463.948871326632798 ], [ 1797352.553541670786217, 1636702.724695759592578 ], [ 1798295.101452312897891, 1634308.330425766995177 ], [ 1796919.168537331512198, 1633591.690244049998 ], [ 1797338.240599691634998, 1631556.644933450501412 ], [ 1801471.727122801588848, 1631582.771805641241372 ], [ 1803382.499433675548062, 1629194.397483259206638 ], [ 1805516.045272974297404, 1628860.195815441431478 ], [ 1808966.380565111292526, 1625258.299402369186282 ], [ 1809749.434839681489393, 1623002.306187392910942 ], [ 1809122.851159029640257, 1621383.12210045196116 ], [ 1811361.744519436499104, 1619818.564163961913437 ], [ 1813228.704196413978934, 1616846.522261385805905 ], [ 1817145.993739028694108, 1612097.551410432206467 ], [ 1817980.079123640898615, 1613314.190769122214988 ], [ 1814458.939154990715906, 1619220.910184134030715 ], [ 1802961.005087142344564, 1634723.643600333249196 ], [ 1795532.169245296856388, 1643796.609914004802704 ], [ 1788067.790847568307072, 1655446.717829034198076 ], [ 1784547.555373633978888, 1661665.927757204510272 ], [ 1781018.283510495908558, 1668607.839511269703507 ], [ 1774255.373656305484474, 1683565.203077337704599 ], [ 1770873.980450187111273, 1692351.291707119904459 ], [ 1768314.31714090751484, 1697175.219356320565566 ], [ 1764206.047952816355973, 1703317.036854085512459 ], [ 1760178.336615042993799, 1710371.051155150867999 ], [ 1752372.703644012100995, 1727136.157476509688422 ], [ 1751233.578289662022144, 1727694.854350177571177 ], [ 1748276.878576236777008, 1727159.260938757099211 ], [ 1747148.936940386891365, 1725437.556268566288054 ], [ 1744571.247385326307267, 1723842.125966465100646 ], [ 1739979.591914820019156, 1724612.606087761232629 ], [ 1732508.906931172823533, 1724921.286493829218671 ], [ 1727943.682068820344284, 1726814.75428526639007 ], [ 1725398.618661156389862, 1726795.389903857139871 ], [ 1724011.202400974230841, 1724940.801622487837449 ], [ 1723348.129260001005605, 1722122.064406098797917 ] ] ] ] } },
{ "type": "Feature", "properties": { "csa_geoid": "548", "csa_name": "Washington-Baltimore-Arlington, DC-MD-VA-WV-PA CSA" }, "geometry": { "type": "MultiPolygon", "coordinates": [ [ [ [ 1676210.378721660934389, 1921229.397565634921193 ], [ 1678731.885299052344635, 1920567.397054992849007 ], [ 1677336.309967093169689, 1923417.480927078984678 ], [ 1676210.378721660934389, 1921229.397565634921193 ] ] ], [ [ [ 1665540.654327047523111, 1974561.03472039103508 ], [ 1666745.769560703309253, 1974322.212829241529107 ], [ 1668433.835484794806689, 1976068.278049451531842 ], [ 1667440.751940651098266, 1977101.905495431972668 ], [ 1665540.654327047523111, 1974561.03472039103508 ] ] ], [ [ [ 1715586.440734161064029, 1861318.650422 ], [ 1717746.700800003483891, 1862613.524114899104461 ], [ 1719015.927248842315748, 1860448.981215189909562 ], [ 1720338.213643982307985, 1864688.264446628978476 ], [ 1717886.047599335899577, 1866654.318856796715409 ], [ 1715815.84933638619259, 1863016.193728398066014 ], [ 1715586.440734161064029, 1861318.650422 ] ] ], [ [ [ 1524068.329187603434548, 2039740.469525126507506 ], [ 1523205.045073796296492, 2038785.571702335495502 ], [ 1520675.682323516346514, 2032111.93784401123412 ], [ 1520366.863797255791724, 2026175.427863982506096 ], [ 1519569.548035889631137, 2022774.173582432791591 ], [ 1518891.088012910448015, 2017088.181859797565266 ], [ 1517549.362921739695594, 2011674.860287066781893 ], [ 1511702.16219389019534, 1998660.570037655066699 ], [ 1491357.081663135439157, 1994834.047903353581205 ], [ 1493960.686559362104163, 1992659.950327078811824 ], [ 1494300.78777441708371, 1990595.949380252510309 ], [ 1492100.644360923673958, 1987907.905734315980226 ], [ 1493052.713006762089208, 1986183.871753539890051 ], [ 1490078.576656321063638, 1983158.600656000431627 ], [ 1486898.953406316228211, 1982765.348218403989449 ], [ 1487320.519486415898427, 1980468.497459443518892 ], [ 1489525.931906153913587, 1979404.871144681237638 ], [ 1488882.651955712819472, 1977957.355609304504469 ], [ 1485683.617046147584915, 1978791.1141348159872 ], [ 1485092.936513130087405, 1976761.384722425602376 ], [ 1488705.229670287808403, 1974618.890621335245669 ], [ 1486173.024759229505435, 1972816.419222207274288 ], [ 1485082.048423815984279, 1970200.747324397554621 ], [ 1480500.268356303917244, 1970259.200564678758383 ], [ 1476879.256337379105389, 1968977.11771791591309 ], [ 1471686.695126324193552, 1970302.544765148079023 ], [ 1468897.838230325840414, 1969280.87046829611063 ], [ 1466787.196981585584581, 1965213.591605972498655 ], [ 1465793.57640561205335, 1964431.833359931129962 ], [ 1464286.739910071250051, 1960242.749651287915185 ], [ 1461263.162412089062855, 1957744.63781790388748 ], [ 1460457.102666080929339, 1955514.732787389075384 ], [ 1459253.121848467504606, 1949454.92910315352492 ], [ 1456806.934625429101288, 1943820.969303586753085 ], [ 1453820.055012099212036, 1942621.599176011513919 ], [ 1451553.076421055244282, 1938516.625307807698846 ], [ 1451475.488357908092439, 1936901.305129435146227 ], [ 1449097.467345317825675, 1934394.359783913241699 ], [ 1447817.859546415042132, 1931540.10841603926383 ], [ 1455353.769767234101892, 1928516.628077403176576 ], [ 1460432.327525148168206, 1927770.318380209617317 ], [ 1470368.927480272948742, 1925661.323386440053582 ], [ 1473936.524574063019827, 1925942.986699586035684 ], [ 1477270.164387275697663, 1924168.574729067273438 ], [ 1480222.657635382842273, 1923897.463482394814491 ], [ 1481564.332407509209588, 1926637.129599422914907 ], [ 1485201.692851906875148, 1926294.818614459596574 ], [ 1490557.036395815433934, 1922408.898647343972698 ], [ 1488175.130616947310045, 1918310.974022056907415 ], [ 1496357.650648514507338, 1916554.739980179583654 ], [ 1496276.920211627380922, 1919759.699616444995627 ], [ 1498826.533762987935916, 1924180.546068642754108 ], [ 1500374.079186040908098, 1925576.925317748915404 ], [ 1501627.625629417598248, 1924869.633012056816369 ], [ 1504837.524286448722705, 1926526.959016819950193 ], [ 1505391.106777425156906, 1923504.740985186770558 ], [ 1504712.913983695674688, 1921760.67564301402308 ], [ 1507335.503856078488752, 1920146.776018277276307 ], [ 1508575.024374015396461, 1916587.4765589479357 ], [ 1507556.279060116503388, 1914689.339393083937466 ], [ 1508895.129674418829381, 1913833.522365801036358 ], [ 1507992.564471716759726, 1910068.285037616733462 ], [ 1510299.647621280979365, 1910597.83754664240405 ], [ 1511063.83633443294093, 1909710.977478659013286 ], [ 1508952.738532716874033, 1903310.045622330857441 ], [ 1509485.917059895116836, 1902325.360851103207096 ], [ 1505600.597574058454484, 1894907.369116476969793 ], [ 1510637.458659804426134, 1893613.914002411067486 ], [ 1512501.088443540036678, 1892410.636551050934941 ], [ 1515298.066584128886461, 1891892.634593937313184 ], [ 1516208.932275846833363, 1889662.502923308406025 ], [ 1514947.899507844587788, 1887013.023733139038086 ], [ 1513779.883361869491637, 1886758.406743062427267 ], [ 1513415.469355063512921, 1882672.443502818932757 ], [ 1515299.34548188210465, 1880730.719090529484674 ], [ 1514714.787316372618079, 1879432.584262237651274 ], [ 1515839.867761872243136, 1877303.037150460295379 ], [ 1514427.770158417988569, 1874271.350452754413709 ], [ 1536028.972590254386887, 1857061.624604610027745 ], [ 1536833.731475232401863, 1855544.841182730393484 ], [ 1539622.324100730475038, 1853605.769143901532516 ], [ 1540273.820026814937592, 1852148.37168354797177 ], [ 1538802.066352769499645, 1850878.688262079143897 ], [ 1539242.169440478552133, 1847714.839138051960617 ], [ 1541825.16879235371016, 1846039.888578309910372 ], [ 1540784.35339596751146, 1843306.603882679715753 ], [ 1541826.593032776378095, 1842548.048291532788426 ], [ 1539876.515280293067917, 1839840.6261124110315 ], [ 1537313.153199708787724, 1839209.318016677629203 ], [ 1534776.912508645094931, 1834572.02387825679034 ], [ 1532672.049669618019834, 1833781.690641903551295 ], [ 1532630.174916147952899, 1832396.631331165554002 ], [ 1530079.73799890303053, 1832360.61745543195866 ], [ 1527959.831675940426067, 1835347.785860200878233 ], [ 1526010.867638776777312, 1835958.048928754869848 ], [ 1520979.293150544865057, 1824960.356925677275285 ], [ 1523213.721356925787404, 1824654.695759595138952 ], [ 1535693.043778508901596, 1821687.446642013499513 ], [ 1538961.463259010342881, 1822142.956039932789281 ], [ 1540992.866137523204088, 1824047.534134008688852 ], [ 1543550.248364154016599, 1824340.107405929593369 ], [ 1544424.547353375703096, 1825792.486269600456581 ], [ 1546808.418773613404483, 1824993.152818837901577 ], [ 1550155.308066543890163, 1824864.800853258464485 ], [ 1551468.574698531068861, 1825951.133602508110926 ], [ 1553249.566384127829224, 1825769.304213882423937 ], [ 1555475.989952063420787, 1824132.796426932793111 ], [ 1560924.140225457493216, 1825047.32705805124715 ], [ 1562520.072331631090492, 1824338.966255385195836 ], [ 1568154.414285837672651, 1824480.053248579148203 ], [ 1571169.363205530447885, 1822483.524988658493385 ], [ 1572920.284302729647607, 1822537.643778502941132 ], [ 1573980.729822576511651, 1820768.224771490087733 ], [ 1576831.099976899567991, 1820088.887099522398785 ], [ 1580527.781390948686749, 1817001.114730458008125 ], [ 1587226.552338102366775, 1815795.338525855215266 ], [ 1588163.494001120096073, 1817217.419159965589643 ], [ 1600994.787242815131322, 1840963.143198204459623 ], [ 1604694.01540639041923, 1848254.713980960426852 ], [ 1606341.863510013092309, 1848988.044661303516477 ], [ 1606093.558772227494046, 1854996.692859079688787 ], [ 1606817.016033182153478, 1856956.511572975665331 ], [ 1606687.259092481574044, 1859926.689264423213899 ], [ 1609526.306590993190184, 1860899.187654685694724 ], [ 1608303.694511965615675, 1863055.164648127509281 ], [ 1606201.712626765016466, 1864211.090979521162808 ], [ 1606450.514891308732331, 1865871.324577155290172 ], [ 1604124.217449269257486, 1870657.16669370001182 ], [ 1603920.249071078374982, 1873306.063015236053616 ], [ 1604475.503670746460557, 1876788.403340660734102 ], [ 1606002.820982537698001, 1880478.322555423714221 ], [ 1606065.915656901896, 1882875.954202562104911 ], [ 1607413.867388580692932, 1884754.166382857598364 ], [ 1606293.700522342929617, 1886716.0563394355122 ], [ 1607115.266457123914734, 1891497.849050452001393 ], [ 1606661.305468868464231, 1893064.504612817196175 ], [ 1608350.626910384045914, 1894631.391477261902764 ], [ 1610830.252263905713335, 1891893.818511126097292 ], [ 1613454.721346024191007, 1893309.368162044789642 ], [ 1614117.078925120411441, 1894747.876225501066074 ], [ 1618253.675654066959396, 1895184.556734888348728 ], [ 1618001.345100828912109, 1893997.911964653292671 ], [ 1615605.869839821243659, 1891471.929391118697822 ], [ 1613800.035028853686526, 1891254.341484480770305 ], [ 1610585.234361016890034, 1884704.946765093132854 ], [ 1609253.070584232220426, 1884055.75408163596876 ], [ 1607930.427191213238984, 1879273.380647829268128 ], [ 1607701.678352858871222, 1875733.098645591642708 ], [ 1610312.051812837133184, 1870388.106007609283552 ], [ 1609971.165301921777427, 1868383.162154326448217 ], [ 1611914.389762349659577, 1865260.081713573541492 ], [ 1616055.530591273447499, 1863469.578221160685644 ], [ 1618227.551757746376097, 1864896.245582544011995 ], [ 1621339.773938250960782, 1868180.967655133223161 ], [ 1622059.749318736372516, 1870480.673220338765532 ], [ 1624863.184797414112836, 1870691.012389635667205 ], [ 1625804.011204373091459, 1872843.410221016500145 ], [ 1628316.041232903953642, 1875627.337223696988076 ], [ 1630351.205338285770267, 1876148.199357478413731 ], [ 1633858.470216470304877, 1871072.325740949483588 ], [ 1634969.219862230820581, 1867640.541958506917581 ], [ 1636840.52954483544454, 1865569.511766428360716 ], [ 1640383.307804927229881, 1864175.715286636957899 ], [ 1641560.587287226459011, 1860711.063996537588537 ], [ 1643097.499023430515081, 1860767.689770410070196 ], [ 1647195.269709513755515, 1859370.015572710428387 ], [ 1648944.135322575923055, 1858264.571675528306514 ], [ 1649585.433124121511355, 1860437.961711720330641 ], [ 1647219.259908041683957, 1864754.296820556046441 ], [ 1645310.997064776718616, 1866177.801123098935932 ], [ 1645880.688532546162605, 1869354.244916323106736 ], [ 1648590.965014089131728, 1868628.779785048915073 ], [ 1648219.105271748499945, 1867006.429013835266232 ], [ 1649730.167640869040042, 1863779.607198703568429 ], [ 1652297.14188015088439, 1861300.608479608781636 ], [ 1652554.560276328353211, 1858715.667866447940469 ], [ 1655125.875833575613797, 1858015.372673339210451 ], [ 1655380.194854387780651, 1856413.954213107703254 ], [ 1657760.625693070003763, 1856175.977303881663829 ], [ 1658939.366055367980152, 1859150.911820656852797 ], [ 1660266.09756880463101, 1857953.417012670077384 ], [ 1661864.977273707278073, 1859144.084499765885994 ], [ 1666609.714434619061649, 1858342.137768557528034 ], [ 1671669.574671503389254, 1858139.402710007503629 ], [ 1675484.498593694297597, 1855839.351953805657104 ], [ 1677332.773182796081528, 1852305.962745305616409 ], [ 1680906.866342459106818, 1851433.757495082914829 ], [ 1683224.44647976430133, 1849282.04650245513767 ], [ 1684371.51120168203488, 1852207.840823913924396 ], [ 1683333.717750737210736, 1853596.567799404030666 ], [ 1685777.862703944090754, 1854962.45893388800323 ], [ 1686456.161533175501972, 1852272.79673209390603 ], [ 1688535.616850977763534, 1849264.284603883046657 ], [ 1691062.985738389892504, 1849432.966417548945174 ], [ 1695572.064169119810686, 1844684.582532878499478 ], [ 1698285.521243153372779, 1844851.369588378351182 ], [ 1696273.958254105178639, 1850148.364817024907097 ], [ 1695128.758515873691067, 1851835.688338437583297 ], [ 1696383.893336454872042, 1854607.7705885800533 ], [ 1689027.587796662235633, 1862159.440752791706473 ], [ 1686879.38773918710649, 1866465.945351789938286 ], [ 1686881.145507002947852, 1868636.231715071946383 ], [ 1688018.256980520905927, 1871300.482610374456272 ], [ 1686051.173437247052789, 1871943.658847122453153 ], [ 1683850.724042110843584, 1871042.182392013492063 ], [ 1683533.795785945607349, 1869790.594528281595558 ], [ 1680994.017512849764898, 1869260.459377376828343 ], [ 1679105.511759632499889, 1871055.688678293954581 ], [ 1679438.897263274760917, 1872886.450736298458651 ], [ 1683731.814447925891727, 1873094.274745945585892 ], [ 1685582.012894392479211, 1877872.976124521112069 ], [ 1685440.141657385509461, 1880719.258658055216074 ], [ 1683507.196967981988564, 1881233.213366300798953 ], [ 1681952.340257166186348, 1883230.350111695704982 ], [ 1673848.751342590898275, 1889344.86092113610357 ], [ 1670849.467670878395438, 1894003.124469259520993 ], [ 1669398.386095365509391, 1900712.521257996093482 ], [ 1669243.605770834488794, 1903601.527445291168988 ], [ 1666032.294649886433035, 1910102.63118163193576 ], [ 1665508.017625976819545, 1915251.085848391288891 ], [ 1663888.891864726319909, 1915306.028837691061199 ], [ 1662400.891189261805266, 1916941.188009790377691 ], [ 1661686.592943949624896, 1919388.540110044879839 ], [ 1663248.790808842051774, 1920552.257824773900211 ], [ 1664022.817805232480168, 1923039.51883505564183 ], [ 1665823.076173813082278, 1925679.145807119552046 ], [ 1665955.951611835509539, 1928444.562202837551013 ], [ 1663538.812875389121473, 1929481.059378476114944 ], [ 1664835.142203053925186, 1933488.98666705749929 ], [ 1663953.36555443610996, 1936112.632170348893851 ], [ 1666008.042418145108968, 1936790.132476795697585 ], [ 1666945.008875869913027, 1940374.606747781625018 ], [ 1664827.42362717515789, 1941696.085359965218231 ], [ 1663842.045029086759314, 1944353.802192542469129 ], [ 1666092.482653709128499, 1944375.744130219565704 ], [ 1666021.458266846835613, 1946341.836907529970631 ], [ 1668613.636211679549888, 1947630.886778434971347 ], [ 1669990.587642809376121, 1949206.204384099692106 ], [ 1668630.917144688311964, 1951272.253222051309422 ], [ 1665341.025604586582631, 1952826.361583163496107 ], [ 1666212.22679774207063, 1955779.58948419149965 ], [ 1664487.231583051150665, 1959340.043168695177883 ], [ 1664184.722762094577774, 1961668.619036535033956 ], [ 1660277.683532936032861, 1963439.33667137590237 ], [ 1658785.271527491509914, 1963433.741044546943158 ], [ 1655196.829742597416043, 1965037.669641715940088 ], [ 1653911.057315934915096, 1968443.333336127921939 ], [ 1650889.209033589111641, 1969489.653967384016141 ], [ 1650422.556224694941193, 1971289.395556952338666 ], [ 1651126.215625132899731, 1973299.880386922042817 ], [ 1653173.19351594010368, 1971639.104785987641662 ], [ 1656459.931453703669831, 1970910.542618180857971 ], [ 1657170.024593966314569, 1968191.887644743546844 ], [ 1659776.856799672357738, 1969196.608966747997329 ], [ 1662119.23346560751088, 1969257.191104876808822 ], [ 1663294.177229753928259, 1971522.399420238332823 ], [ 1662816.861873083282262, 1974628.842676728032529 ], [ 1664077.787985033821315, 1977069.597633936908096 ], [ 1663813.75576722342521, 1979240.873071610694751 ], [ 1665640.074245267547667, 1982551.580324598355219 ], [ 1667364.044520598836243, 1982796.673978358507156 ], [ 1667950.612761952914298, 1984437.368668251205236 ], [ 1664356.092992668971419, 1991699.607212046394125 ], [ 1668306.364769578911364, 1991887.413364 ], [ 1669309.231054754927754, 1990814.798002207186073 ], [ 1669260.519946744898334, 1988156.995500516844913 ], [ 1670637.290860838955268, 1987850.077806570101529 ], [ 1670725.306021431693807, 1985608.287644047988579 ], [ 1671768.406031279126182, 1984448.703513881657273 ], [ 1674012.258654368110001, 1987290.286919036414474 ], [ 1671507.58561634644866, 1990614.618156943935901 ], [ 1672489.194345081690699, 1995449.824865022907034 ], [ 1672569.290874359896407, 1998116.270620055496693 ], [ 1674690.15081012272276, 1997491.496940922457725 ], [ 1673603.106767459539697, 1995179.848690745886415 ], [ 1673373.235896857688203, 1991839.789991544792429 ], [ 1674050.682097274111584, 1989986.469958340516314 ], [ 1675630.433878465089947, 1989253.127458421047777 ], [ 1678341.246201233705506, 1991639.745589916827157 ], [ 1680634.667683735489845, 1996531.668871293542907 ], [ 1681693.006109992507845, 1996641.409130315529183 ], [ 1684512.200253383256495, 2000437.560035025235265 ], [ 1686402.271491804625839, 2001239.245197704294696 ], [ 1687858.925737668992952, 2003059.802752016112208 ], [ 1686275.503558721160516, 2005604.66873953351751 ], [ 1684054.452271593501791, 2005254.779542528791353 ], [ 1681688.322367036947981, 2006215.157553475117311 ], [ 1682824.882306942949072, 2011958.968270248966292 ], [ 1684326.858584818197414, 2013050.320554615696892 ], [ 1677753.697402850026265, 2019611.524626664817333 ], [ 1676625.214319980004802, 2020093.811887314310297 ], [ 1674734.185610778396949, 2023154.162892590044066 ], [ 1669646.579595980001613, 2026291.185966564109549 ], [ 1667127.329957006964833, 2029756.381646901136264 ], [ 1666583.204409805592149, 2029641.563163053244352 ], [ 1604132.972964179702103, 2016551.234293637098745 ], [ 1565124.367312133777887, 2008767.557750575942919 ], [ 1562605.805176373803988, 2019744.440594860352576 ], [ 1559264.154861348215491, 2033202.140298907179385 ], [ 1560058.466415385250002, 2036597.636928510852158 ], [ 1555919.710842888569459, 2039516.634522414766252 ], [ 1553269.629052199423313, 2042769.240961099974811 ], [ 1551898.026182537898421, 2043703.836623342009261 ], [ 1550145.653964531840757, 2048023.519166996702552 ], [ 1547852.7252561529167, 2050962.802895151078701 ], [ 1543369.035478488309309, 2053902.368898619199172 ], [ 1541002.063936731545255, 2057532.950278344331309 ], [ 1542509.91000461182557, 2059818.564486701274291 ], [ 1540993.482593657681718, 2062556.245697352802381 ], [ 1539350.83106877352111, 2060529.345807439181954 ], [ 1536849.877020453102887, 2066057.929815262323245 ], [ 1535162.983781104208902, 2067946.482906424906105 ], [ 1533139.065284294309095, 2064555.44441212550737 ], [ 1531675.409146867692471, 2062734.893543286016211 ], [ 1529005.149495062883943, 2056966.08087813295424 ], [ 1527476.590662296395749, 2052410.787678893655539 ], [ 1524417.086058340733871, 2040223.119022177997977 ], [ 1524068.329187603434548, 2039740.469525126507506 ] ] ], [ [ [ 1718038.86099423491396, 1986173.548792658839375 ], [ 1714735.543294838164002, 1984918.175072363112122 ], [ 1710366.163871840108186, 1985868.277962390333414 ], [ 1708465.988195563899353, 1985804.419529676903039 ], [ 1707123.746694315690547, 1984179.192966749891639 ], [ 1702772.409901656908914, 1982018.429284950718284 ], [ 1700106.150350180920213, 1982348.688947102753446 ], [ 1696929.473768116207793, 1980885.958620157558471 ], [ 1693741.28033612575382, 1976862.244399397168308 ], [ 1693137.079071539221331, 1974671.766878341557458 ], [ 1695260.39390678377822, 1973795.410550552420318 ], [ 1695945.370769287226722, 1972254.430627468507737 ], [ 1693107.590634990017861, 1969545.009054042864591 ], [ 1692540.658442419953644, 1967040.497799494303763 ], [ 1691081.604211288969964, 1964466.843038007151335 ], [ 1689697.632650094106793, 1963855.397360710892826 ], [ 1688536.419721504906192, 1959159.365820439299569 ], [ 1687322.492096602218226, 1958136.861082568299025 ], [ 1687701.045212739612907, 1955107.470977094955742 ], [ 1689646.326078299432993, 1951839.235723161604255 ], [ 1687038.651153191691265, 1948255.847588681615889 ], [ 1683982.403880852507427, 1947656.561652632430196 ], [ 1680512.492691881256178, 1947957.234449078096077 ], [ 1677948.483848859556019, 1951620.928789770929143 ], [ 1675984.476546615362167, 1951645.91523575829342 ], [ 1676256.78679683059454, 1948574.429636384826154 ], [ 1674681.093574956757948, 1943838.971841898513958 ], [ 1674432.684435995295644, 1941718.75663878954947 ], [ 1676336.670860737096518, 1931902.798391164047644 ], [ 1678736.686556446831673, 1934049.058212753618136 ], [ 1676867.330275529995561, 1939097.817100195214152 ], [ 1679779.921229396946728, 1940874.583639508113265 ], [ 1681818.612921677064151, 1943585.921147276414558 ], [ 1687190.611358735011891, 1944957.044593470403925 ], [ 1688712.506689585046843, 1939762.538092852802947 ], [ 1689509.150469299172983, 1935022.114556215936318 ], [ 1691311.554016903974116, 1932728.96588927670382 ], [ 1691158.36543628689833, 1929642.420679308474064 ], [ 1693452.92845701938495, 1927145.755339074879885 ], [ 1695168.465891308384016, 1926351.942307567922398 ], [ 1694803.437818055041134, 1924766.987167398910969 ], [ 1690175.542201621923596, 1927567.273179120849818 ], [ 1690150.166550021618605, 1929715.853867614874616 ], [ 1687305.044404872693121, 1930473.016610975144431 ], [ 1684611.643090388504788, 1933359.626731836004183 ], [ 1682362.835478295106441, 1930687.247425497509539 ], [ 1682054.779880473623052, 1927018.248212859267369 ], [ 1680539.787348597543314, 1923958.67320459918119 ], [ 1680423.467119485372677, 1921197.613948859972879 ], [ 1682197.594179528998211, 1916314.40837455005385 ], [ 1683002.075109219644219, 1921374.947857106104493 ], [ 1684921.094572571571916, 1919295.987664912361652 ], [ 1687080.257055110763758, 1919776.040165693033487 ], [ 1688080.352562141837552, 1921371.780420043505728 ], [ 1688595.803304361412302, 1924155.812055189628154 ], [ 1692197.848684083670378, 1922548.725994433043525 ], [ 1691613.877186950296164, 1921204.000304346438497 ], [ 1689496.000335802556947, 1921723.268561806064099 ], [ 1690006.319129634415731, 1919071.002017817692831 ], [ 1692907.836215615505353, 1916137.723186746006832 ], [ 1696036.548783290199935, 1916125.367667635902762 ], [ 1702699.76507336832583, 1911274.568793516838923 ], [ 1704689.162531503709033, 1912218.593146885279566 ], [ 1705642.912041515111923, 1911133.983699747128412 ], [ 1708172.503497522091493, 1910427.374583212891594 ], [ 1710532.972270675702021, 1908354.424259091494605 ], [ 1710009.495025348383933, 1906038.601406647125259 ], [ 1705792.784607607638463, 1907866.586241846904159 ], [ 1703512.693834368372336, 1907052.023470579180866 ], [ 1700699.845080301165581, 1909094.520035520428792 ], [ 1699984.482219957513735, 1907772.337662261910737 ], [ 1697218.709494410315529, 1910834.770469289505854 ], [ 1695378.658438418293372, 1908508.683909279992804 ], [ 1692278.347257322631776, 1908536.586567285703495 ], [ 1688963.291989329503849, 1907244.268006382742897 ], [ 1690619.440685301786289, 1904676.062941199634224 ], [ 1688997.106719967210665, 1902399.35556570161134 ], [ 1693655.73440781631507, 1898187.19470583437942 ], [ 1692736.759474135702476, 1894975.198749508941546 ], [ 1689750.283564373385161, 1894785.791745880851522 ], [ 1687327.697311714990065, 1892075.59333284245804 ], [ 1693146.482000310905278, 1885704.265627346700057 ], [ 1694321.75335419154726, 1882127.425266675883904 ], [ 1697146.984158251434565, 1880640.490415667183697 ], [ 1699857.261002486106008, 1882828.46897869836539 ], [ 1702947.981805857503787, 1881336.396016099955887 ], [ 1705376.726998773403466, 1878508.234434644458815 ], [ 1705495.156956534599885, 1876856.311229129089043 ], [ 1708213.789716690313071, 1876738.029655042104423 ], [ 1707446.13635421008803, 1873704.250715004047379 ], [ 1709409.817408244591206, 1873978.196690814336762 ], [ 1710055.576854936080053, 1876092.541963275289163 ], [ 1713964.031407654751092, 1873107.232510019093752 ], [ 1714182.179835537914187, 1871784.927058812929317 ], [ 1716532.866056693019345, 1869186.144462690455839 ], [ 1717414.431374314939603, 1870897.818312457064167 ], [ 1717939.246907953638583, 1875562.770820575999096 ], [ 1715438.251343307783827, 1877630.082255020504817 ], [ 1715499.282193201361224, 1879264.142707498976961 ], [ 1717557.475180215435103, 1881386.671310378005728 ], [ 1717424.5409424318932, 1884868.278113275067881 ], [ 1720457.914189139613882, 1885778.877077772980556 ], [ 1721991.770206736633554, 1883531.024401277536526 ], [ 1722199.876076332759112, 1881182.087082643061876 ], [ 1718769.206933082314208, 1879275.745198822813109 ], [ 1722124.825011943234131, 1874986.769239804474637 ], [ 1724453.414851263398305, 1874959.23695030878298 ], [ 1725534.493359814397991, 1875984.023697684984654 ], [ 1724932.998862042557448, 1878496.335651220055297 ], [ 1726211.412851216970012, 1884414.00682674231939 ], [ 1729266.943490363424644, 1886501.997408570954576 ], [ 1729367.083819164894521, 1889280.241843104828149 ], [ 1731310.558010496431962, 1890278.848982600495219 ], [ 1730020.588790632085875, 1891785.5975495823659 ], [ 1729993.649926907382905, 1894247.167650032090023 ], [ 1731838.99504738044925, 1896252.048449632013217 ], [ 1730121.301262990105897, 1897280.95693973521702 ], [ 1731456.452696365537122, 1899313.7304665108677 ], [ 1730445.243997832061723, 1901126.959249031497166 ], [ 1734801.555574756115675, 1904986.524153419304639 ], [ 1735756.951095051364973, 1908782.188255663495511 ], [ 1736825.01324749365449, 1909041.171175031689927 ], [ 1738867.567544288700446, 1912089.481222061207518 ], [ 1736605.528291268507019, 1920162.656283535994589 ], [ 1732248.799904870102182, 1923309.768553028116003 ], [ 1727963.432198724476621, 1922987.428059888305143 ], [ 1727341.466272428864613, 1925105.824434553971514 ], [ 1723977.45490593649447, 1925298.616938750492409 ], [ 1721470.284212095895782, 1923642.536077745025977 ], [ 1719104.874610291095451, 1923724.18455319153145 ], [ 1718728.288262417772785, 1922296.303677766816691 ], [ 1715643.360713010886684, 1920082.735692151123658 ], [ 1713169.174068386433646, 1920761.807527073891833 ], [ 1712562.341513657942414, 1922011.933273610891774 ], [ 1708483.805927023757249, 1924807.505456445040181 ], [ 1709891.688185300910845, 1925913.090971227968112 ], [ 1709194.241872617509216, 1927910.82889477093704 ], [ 1711583.478165159933269, 1931313.066071132896468 ], [ 1712840.314216798171401, 1931439.206538370810449 ], [ 1713849.348484635585919, 1933686.524202395696193 ], [ 1716373.546822352800518, 1936414.662847934290767 ], [ 1713244.053308269241825, 1938457.839795449981466 ], [ 1713028.090712652076036, 1940875.670045296894386 ], [ 1710256.455265277065337, 1943037.039333068300039 ], [ 1708774.4200429036282, 1949823.199056893587112 ], [ 1709547.228711805539206, 1951416.652535827131942 ], [ 1709513.703420681646094, 1955054.538818546338007 ], [ 1712131.737078255973756, 1958787.272674703039229 ], [ 1712658.751934939296916, 1962247.22747044893913 ], [ 1714384.803005229216069, 1965354.67624166351743 ], [ 1714688.0209335682448, 1969658.018148322822526 ], [ 1717782.366705138003454, 1973133.223294436698779 ], [ 1721166.82094203797169, 1975070.763221017085016 ], [ 1718038.86099423491396, 1986173.548792658839375 ] ] ] ] } },
{ "type": "Feature", "properties": { "csa_geoid": "554", "csa_name": "Wausau-Stevens Point-Wisconsin Rapids, WI CSA" }, "geometry": { "type": "Polygon", "coordinates": [ [ [ 535658.849430516245775, 2429356.02212934428826 ], [ 532894.561557334498502, 2467981.664973852224648 ], [ 532155.206457519205287, 2477891.903695005457848 ], [ 522600.473149063414894, 2477227.815183458384126 ], [ 467874.40254947822541, 2473763.064623459707946 ], [ 455783.862441054487135, 2473057.590956265572459 ], [ 456393.787258017924614, 2463401.394667338579893 ], [ 447159.992139039211906, 2462863.700031250249594 ], [ 448031.994387077691499, 2448259.338292338419706 ], [ 448654.986254159302916, 2435368.079785500187427 ], [ 450189.427155220881104, 2411358.399239739403129 ], [ 451142.407380296557676, 2395143.28816755162552 ], [ 452149.463212879374623, 2375568.754669715184718 ], [ 492631.027891824021935, 2378124.590126742608845 ], [ 518597.674216496059671, 2379312.86735323863104 ], [ 539050.365784723428078, 2380678.816419442184269 ], [ 536755.390455146203749, 2414661.31118735531345 ], [ 535658.849430516245775, 2429356.02212934428826 ] ] ] } },
{ "type": "Feature", "properties": { "csa_geoid": "555", "csa_name": "Weatherford-Elk City, OK CSA" }, "geometry": { "type": "Polygon", "coordinates": [ [ [ -360008.630665485048667, 1381627.307253135135397 ], [ -361855.544097073725425, 1337766.785963274072856 ], [ -342197.333825370180421, 1336981.589090475812554 ], [ -341790.641766415035818, 1346688.714002299355343 ], [ -310877.966453286877368, 1345504.178799304179847 ], [ -310029.434865505376365, 1344506.059172104345635 ], [ -308063.380775062309112, 1345410.427117742365226 ], [ -287830.776013062393758, 1344672.100239786552265 ], [ -248434.749240750534227, 1343412.644795254338533 ], [ -241692.497407066723099, 1342472.310272912727669 ], [ -239657.708217362116557, 1344017.167082705069333 ], [ -238114.825313979876228, 1343678.707252009538934 ], [ -236643.963473894866183, 1341480.722971046110615 ], [ -236316.600611706293421, 1352898.139839774696156 ], [ -236819.463276288704947, 1352914.138260652311146 ], [ -235714.898754104826367, 1391777.883317052386701 ], [ -236520.003579898475436, 1391799.478708749404177 ], [ -235691.338714216748485, 1420995.262676577549428 ], [ -243859.807531068508979, 1421192.542344480985776 ], [ -302276.589649079600349, 1423076.681986105628312 ], [ -303423.066885863430798, 1393940.632407951634377 ], [ -302262.523860159562901, 1393897.101291002240032 ], [ -302433.671595658059232, 1389094.860130399698392 ], [ -321445.719387520977762, 1389797.305597627302632 ], [ -321821.652913951431401, 1380042.836605954915285 ], [ -360008.630665485048667, 1381627.307253135135397 ] ] ] } },
{ "type": "Feature", "properties": { "csa_geoid": "556", "csa_name": "Wichita-Arkansas City-Winfield, KS CSA" }, "geometry": { "type": "Polygon", "coordinates": [ [ [ -46335.790138464748452, 1550739.978642071597278 ], [ -46085.510162699734792, 1584806.180230038240552 ], [ -45925.948589971980255, 1630802.559003771049902 ], [ -45761.709785216138698, 1649868.398998893797398 ], [ -45418.780519696367264, 1672630.322593146003783 ], [ -80982.379904924309812, 1672835.754949943395332 ], [ -100160.169777879695175, 1673262.480237460928038 ], [ -100057.585893698080326, 1683005.461602380732074 ], [ -119031.498608811758459, 1683149.802812588633969 ], [ -147671.590010998072103, 1683628.792245593620464 ], [ -148394.024873100686818, 1644557.24665972404182 ], [ -148277.347750146320323, 1634455.082338225562125 ], [ -157804.743877345550572, 1634496.244901604717597 ], [ -158036.237279042834416, 1624740.782359240110964 ], [ -158478.513674081885256, 1595550.125920865684748 ], [ -158260.069141565298196, 1595546.534990583080798 ], [ -158432.821647184900939, 1575286.4090939713642 ], [ -158886.146481549105374, 1552118.651185138849542 ], [ -128912.614490715059219, 1551600.635364707792178 ], [ -90812.135991426141118, 1551128.333109985105693 ], [ -66106.352240596024785, 1550903.574591785902157 ], [ -46335.790138464748452, 1550739.978642071597278 ] ] ] } },
{ "type": "Feature", "properties": { "csa_geoid": "558", "csa_name": "Williamsport-Lock Haven, PA CSA" }, "geometry": { "type": "Polygon", "coordinates": [ [ [ 1613739.24851957289502, 2196446.298780580982566 ], [ 1605130.897999881068245, 2196656.269541556946933 ], [ 1601292.929799355566502, 2197140.585714246146381 ], [ 1586240.301380851073191, 2205607.273079870268703 ], [ 1576879.769765095086768, 2224763.148273565806448 ], [ 1571781.640308706555516, 2224507.814573416020721 ], [ 1568153.63826676341705, 2220818.817273226100951 ], [ 1566193.84803280280903, 2219730.47995945205912 ], [ 1565838.983398812822998, 2218112.908715268131346 ], [ 1547083.504805660573766, 2213672.657349691726267 ], [ 1538558.427764620864764, 2211809.915215638931841 ], [ 1514172.262935288483277, 2206746.4276342689991 ], [ 1515637.424933993490413, 2199769.098887866362929 ], [ 1483898.036324257962406, 2193185.009747718926519 ], [ 1486195.353495097253472, 2181388.578801098279655 ], [ 1480823.633977316552773, 2163205.545547758694738 ], [ 1484359.592052502790466, 2159048.755810756701976 ], [ 1486667.003075269050896, 2157103.448191022966057 ], [ 1488378.637022715294734, 2157383.638942994177341 ], [ 1491585.446958273183554, 2160259.610994229093194 ], [ 1490922.120579169597477, 2163685.313721882179379 ], [ 1491755.486754546873271, 2165362.608069750480354 ], [ 1494491.555996404960752, 2166906.934106543660164 ], [ 1496007.441266904817894, 2170190.401770536787808 ], [ 1497661.597857313230634, 2161873.029230036307126 ], [ 1506454.747816497692838, 2163599.252388576976955 ], [ 1508087.728746663313359, 2160434.292184576392174 ], [ 1511510.40428122645244, 2156497.052014607004821 ], [ 1514622.96769531769678, 2157972.899707699194551 ], [ 1522049.950533112511039, 2156834.052095745690167 ], [ 1527670.823076588800177, 2154125.917484282981604 ], [ 1526396.207006810465828, 2152675.524487180635333 ], [ 1534080.226798589108512, 2144562.974633532110602 ], [ 1539426.11973623232916, 2146932.229850468691438 ], [ 1543139.218078864505515, 2148105.69050844758749 ], [ 1547364.704599919030443, 2149958.954614832531661 ], [ 1562123.98810648615472, 2159438.952103872783482 ], [ 1561587.219722817884758, 2162129.386886780150235 ], [ 1564056.945293691707775, 2162648.28558079758659 ], [ 1567424.59108102042228, 2165177.591219097841531 ], [ 1574741.678125086706132, 2166961.408676612190902 ], [ 1574830.777525858022273, 2173939.12104888446629 ], [ 1580279.937333123525605, 2173935.813646167516708 ], [ 1580845.181921335635707, 2176111.066442935261875 ], [ 1585224.933830471709371, 2177997.439499859232455 ], [ 1588048.302126536611468, 2179712.765995727851987 ], [ 1593093.389486686326563, 2180308.200944293290377 ], [ 1597669.840363869210705, 2179226.137002497911453 ], [ 1604619.715509566711262, 2181080.171283970586956 ], [ 1613739.24851957289502, 2196446.298780580982566 ] ] ] } },
{ "type": "Feature", "properties": { "csa_geoid": "566", "csa_name": "Youngstown-Warren-Salem, OH CSA" }, "geometry": { "type": "Polygon", "coordinates": [ [ [ 1277005.714272456010804, 2159133.544357931241393 ], [ 1268903.158063938841224, 2157701.173810894601047 ], [ 1237388.470872888807207, 2152968.199993070214987 ], [ 1240753.246725216507912, 2131789.517568860203028 ], [ 1246543.952347099548206, 2096193.484530061949044 ], [ 1239564.890493738697842, 2095114.102752660866827 ], [ 1244038.374586689751595, 2066318.866736837895587 ], [ 1258126.698828372871503, 2068460.850550733972341 ], [ 1259525.303764608222991, 2059217.00745398318395 ], [ 1264286.232423588866368, 2059879.041206166381016 ], [ 1264956.085117262322456, 2055089.814480206929147 ], [ 1274516.744374054484069, 2056357.923677596030757 ], [ 1274744.100066858576611, 2054844.323782508494332 ], [ 1281334.325524686835706, 2055819.747998832026497 ], [ 1283512.19947749748826, 2059987.552716175559908 ], [ 1286293.430543494177982, 2061482.208945698104799 ], [ 1288316.799750280333683, 2060560.387444749707356 ], [ 1292651.174889578018337, 2064060.973374132998288 ], [ 1281596.544511496787891, 2131473.433192166034132 ], [ 1277192.642678705509752, 2158004.01640009181574 ], [ 1277005.714272456010804, 2159133.544357931241393 ] ] ] } }
]
}
